x0,x1,x2,x3,x4,x5,x6,x7,x8,x9,x10,x11,x12,x13,x14
-0.3531,-0.2055,1.2823,0.2343,0.8438,-0.4806,-0.5392,2.2752,0.5532,-0.852,0.1668,-0.8481,-0.8323,-1.5563,-2.225
-0.2439,0.2878,2.2797,-0.0489,1.0049,-0.6347,-0.1366,2.2635,-0.4224,-0.4909,0.4398,-0.2259,-0.6123,-2.2969,-1.4546
-0.1968,0.7601,2.6793,-0.2022,1.1638,-0.5697,-0.3085,2.5037,-0.9921,0.0302,1.1869,0.0942,-0.8428,-2.5635,-0.4458
-0.2371,0.6936,2.6264,-0.5133,1.3545,-0.4713,0.3473,2.383,-2.0442,0.4181,1.2839,0.7403,-0.9091,-2.5355,0.1574
-0.4451,0.2146,2.1668,-0.3202,1.2493,-0.3957,0.8084,2.3882,-2.132,0.9276,1.0513,0.8653,-0.7247,-1.8261,0.6622
-0.4547,0.5245,2.3095,-0.287,0.8578,-0.343,1.4933,1.8493,-2.3084,1.1729,1.1059,0.8278,-0.457,-1.8819,1.3957
-0.4698,0.8218,1.7665,-0.3272,1.017,-0.2299,1.0495,1.0437,-2.3936,1.2842,1.1459,0.9416,0.3013,-1.1734,1.8156
-0.543,-0.0264,0.9397,-0.2828,1.0403,-0.0016,0.867,0.3124,-2.2033,1.364,0.713,1.2893,0.2994,-0.8979,2.3299
-0.4803,0.4645,0.1408,-0.3078,0.9563,-0.1185,0.6816,0.0193,-1.5934,2.0463,-0.3375,0.8327,0.298,0.0261,2.1421
-0.3623,0.967,0.0096,-0.5776,0.4941,-0.0601,0.7007,0.1413,-0.8095,2.1988,-0.5244,0.5393,0.2414,0.192,1.8601
0.1572,-0.3245,0.3088,-0.1595,0.3057,-0.3184,0.3023,0.4943,-0.3703,1.3044,-0.4905,0.388,0.4197,0.5859,1.4427
-0.191,0.4106,0.4928,-0.1629,0.2559,-0.4649,0.1434,0.605,-0.5343,1.8011,-0.0675,0.1315,0.1853,0.5915,1.6169
-0.2969,0.8039,0.7477,-0.2239,0.0984,-0.3176,-0.0728,0.6091,-0.5031,1.0662,-0.0774,-0.1093,0.1858,0.5017,1.2281
-0.4143,0.409,0.4867,-0.2053,0.5345,0.0358,-0.4737,-0.1337,-1.1808,0.4604,-0.033,0.2837,0.1149,0.584,0.6981
-0.1269,0.2894,0.6419,-0.2746,0.3638,-0.1317,-0.2483,-0.2379,-1.0312,0.664,0.0816,0.1314,0.0233,0.8074,0.1875
-0.0671,0.3971,0.4695,-0.3642,0.4881,-0.1963,-0.0711,-0.629,-1.1154,0.4799,0.0565,0.1947,0.2422,0.8622,0.0845
-0.0358,0.5259,0.0808,-0.1239,0.3868,-0.2802,-0.0086,-0.8627,-1.2702,0.6633,0.1951,-0.1041,0.2753,0.9762,-0.289
-0.2047,0.3879,-0.6821,-0.1287,1.5764,-0.1533,0.2672,-1.1525,-0.8831,0.8027,-0.0499,0.1801,0.3399,1.0687,-0.0121
-0.1669,-0.1152,-1.1641,-0.1448,1.0072,-0.1087,0.0936,-0.9561,-0.4668,1.8508,-0.2869,0.0108,0.1669,0.9976,0.6865
-0.0547,0.0554,-1.6224,-0.0153,0.0478,-0.0736,0.1983,-0.7169,-0.381,1.5915,-1.0358,-0.2479,0.6837,0.8372,0.5584
-0.2083,0.4897,-1.2423,-0.1741,-0.5396,-0.0299,-0.2658,-0.3602,0.5145,0.6378,-0.9838,-0.7379,0.3174,0.8817,0.2114
-0.1246,0.0147,-0.6576,-0.2052,-0.7882,0.1711,-0.5127,-0.2406,0.3293,-0.5061,-1.0296,-1.4569,0.2423,0.4921,-0.9899
-0.0582,-0.0594,-0.4446,-0.3745,-0.4,-0.3612,-0.4267,0.104,0.3936,-1.2006,-1.2725,-1.2723,-0.1921,0.4624,-1.5587
0.2146,0.4141,0.0685,-0.5246,0.1465,-0.4482,-0.2983,0.5145,0.6855,-0.72,-0.7401,-1.9116,-0.3393,0.3134,-1.6833
0.0749,0.3085,0.8688,-0.448,0.5628,-0.5106,-0.4642,0.7385,0.0091,-0.591,-0.3779,-1.8837,-0.5297,-0.5286,-1.2205
0.378,0.3336,1.4023,-0.1991,0.5291,-0.6632,-0.1019,1.278,0.0413,-0.257,0.5968,-1.2382,-0.5782,-0.7568,-0.8314
0.095,0.5767,1.5554,-0.1687,0.4802,-0.5283,-0.118,1.2172,-0.5117,-0.0346,0.8802,-0.1364,-0.8914,-1.0868,-0.3527
0.1097,1.0609,1.1479,-0.7107,0.3571,-0.0346,0.0038,0.8064,-1.3095,0.2017,0.793,0.1218,-0.3616,-1.1962,0.0244
0.1579,0.8632,1.0438,-0.7825,0.5867,0.0087,-0.2717,0.5505,-1.0779,0.1287,0.7396,-0.1077,-0.4709,-0.9271,-0.2832
-0.0229,1.1451,0.6884,-0.783,0.0249,0.0197,-0.2444,0.5253,-0.8976,-0.0959,0.5703,0.1488,-0.1341,-0.667,-0.3667
-0.0541,1.3009,0.987,-0.6869,-0.1366,0.1249,-0.5721,0.1293,-0.7698,-0.7595,0.5926,-0.3221,-0.1936,-0.6126,-0.5868
0.0509,0.8252,0.6763,-0.6308,0.0384,0.0043,-0.6864,-0.2044,-0.9262,-0.8778,0.561,-0.1207,-0.1842,-0.4437,-0.7032
-0.0055,1.3051,0.3359,-0.8332,0.2033,-0.1427,-0.3068,-0.5102,-0.9686,-0.2716,0.1306,0.0018,-0.4066,-0.2035,-1.0151
0.0617,1.5334,0.0003,-0.8133,0.3744,-0.1957,-0.5158,0.0796,-0.4748,-0.0752,0.1412,-0.6428,-0.2187,0.0115,-0.6439
0.0167,0.8513,0.5367,-0.4082,0.3227,0.0227,-0.3884,-0.2012,0.3635,-0.5178,0.3806,-0.7011,-0.1408,-0.2743,-0.7748
-0.2739,0.3859,0.3266,-0.1698,0.5481,0.2019,-0.224,0.1599,-0.2194,-0.3211,0.5465,-0.7673,-1.0645,-0.6489,-0.5679
-0.1274,0.443,-0.0375,-0.133,0.8968,0.1155,0.4762,0.5784,-0.1925,0.0487,0.5745,-1.1536,-0.5719,-0.8055,-0.596
-0.1601,0.6253,0.4194,-0.3561,0.6344,-0.1365,0.0705,0.8037,-0.1275,0.3863,0.757,-0.2066,0.0312,-0.9979,0.1482
-0.1219,0.8168,0.9395,-0.3058,0.7016,-0.1752,0.576,0.7449,-0.3094,0.7061,1.0517,-0.3703,-0.0517,-1.2172,0.1865
-0.1263,0.9518,1.1003,-0.4291,0.7017,-0.0285,0.23,0.518,-0.6939,0.7716,1.1532,-0.346,0.0608,-0.9347,0.897
-0.0744,0.9591,0.8987,-0.5554,0.7312,0.127,0.7254,0.1027,-1.1876,0.8,1.2519,-0.1285,-0.1906,-0.6125,0.7399
-0.3067,1.1101,0.952,-0.578,0.6383,0.1985,0.4137,-0.6697,-1.2346,1.0525,0.9369,0.2032,0.2558,-0.4203,1.0054
-0.6788,0.9107,-0.1883,-0.4148,0.5226,0.132,0.1934,-0.7419,-1.7025,1.0952,0.5695,0.1373,0.3823,0.1516,0.821
-0.2255,-0.0987,-0.3356,-0.203,0.0949,0.1015,0.2248,-0.9608,-0.7728,0.7468,0.485,-0.0351,0.3241,0.7315,0.5032
-0.1449,0.4256,0.0069,-0.2495,-0.1015,0.4225,0.0884,-1.7162,-0.6964,0.8866,0.6107,-0.4033,0.5055,0.8197,-0.0614
-0.2233,0.3805,-0.8059,-0.5809,-0.0011,0.3076,0.0995,-1.9721,-0.9264,0.6204,0.2883,-0.458,0.4266,1.4882,0.0858
-0.1116,-0.0171,-1.1958,0.5699,0.3944,0.1424,-0.159,-2.1835,-0.7048,0.6787,0.4226,-1.311,0.8571,2.0591,0.2261
-0.2391,0.2224,-1.2526,0.0149,0.1019,0.0544,0.0472,-2.0487,-0.3946,1.1953,0.369,-1.1775,0.7185,1.7432,0.3029
-0.2687,0.0987,-1.8492,-0.1803,-0.2286,0.1169,0.0636,-2.7013,-0.5555,1.0712,0.2319,-0.9459,0.9778,1.8221,0.0676
0.0388,-0.4316,-2.0209,-0.0747,-0.2845,-0.0166,0.2355,-2.6663,0.2772,0.6951,-0.6094,-1.1985,0.6735,2.0687,-0.8177
0.0898,-0.7156,-1.9286,-0.4073,-0.3377,0.1069,-0.1958,-2.4717,0.5589,0.3737,-0.5115,-1.6035,0.677,2.1069,-0.6335
-0.1853,-0.2668,-2.0679,-0.1354,-0.616,-0.0225,-0.6706,-2.2232,0.4568,0.4904,-0.1671,-2.0713,0.4348,1.9402,-0.6122
-0.1605,0.216,-2.5963,-0.3605,-0.4452,0.1833,-0.2769,-2.2747,0.4894,-0.3248,-0.6135,-2.3463,0.2243,1.6812,-1.3923
0.0069,-0.0363,-2.0473,-0.2762,-0.5625,0.1745,0.0077,-1.6798,1.4555,-0.5271,-0.6304,-2.1387,0.1462,1.4808,-1.4683
-0.0266,-0.0093,-1.6012,-0.7449,-0.5957,0.0511,-0.315,-1.3762,1.3414,-0.8252,-0.8609,-2.1777,0.1927,0.6699,-2.2064
0.1192,-0.4901,-1.0442,-0.6449,-0.0352,-0.0743,-0.4178,-0.3554,1.3483,-0.9962,-0.8198,-1.9264,-0.1567,0.2218,-2.4475
0.2502,0.1144,-0.6625,-0.4905,0.0302,-0.2377,-0.299,-0.0461,0.7772,-0.6496,-0.3385,-2.1722,-0.2464,-0.6748,-2.5229
0.1476,0.2299,0.0472,-0.4152,0.4791,-0.1873,-0.5014,0.4375,0.3395,-0.6181,-0.2588,-2.109,-0.29,-1.3846,-1.8052
-0.0281,0.2568,0.4937,-0.6633,0.4229,-0.3467,-0.3652,1.2512,0.3879,-0.3339,-0.1411,-1.9607,0.044,-1.574,-1.7924
-0.0633,0.1836,1.5852,-0.8318,0.6679,-0.3675,-0.1072,1.5334,-0.1787,-0.3006,0.3848,-1.974,-0.7641,-1.9353,-1.4217
-0.0474,0.2555,1.885,-0.7324,0.3386,-0.7657,-0.3112,2.8226,-0.1314,-0.2535,0.5204,-1.0489,-0.732,-2.1006,-1.0821
-0.2771,0.0052,2.7473,-0.5536,0.7087,-0.339,-0.1055,2.3039,-0.9913,-0.2004,1.3764,-0.6743,-0.9128,-2.8338,0.0022
-0.2732,0.9618,2.201,-0.6968,0.682,-0.1756,-0.2826,1.9635,-1.9469,0.6127,1.9836,-0.1444,-0.9736,-2.5171,0.5015
-0.2797,1.5681,1.7873,-1.0635,0.6803,-0.1854,-0.3376,1.1959,-2.2152,0.7229,1.6909,0.0869,-0.8402,-2.0739,0.7505
-0.7524,1.1181,0.4174,-1.0451,0.9009,0.225,-0.6756,0.9247,-1.8386,0.6749,1.2817,-0.1247,-0.6979,-1.5759,1.1115
-0.4831,0.8531,0.7298,-0.8611,1.592,0.4441,-0.5942,0.4885,-1.6152,0.9808,1.3467,0.0399,-0.5698,-1.0722,1.0359
-0.301,1.2395,0.5709,-1.011,1.1554,0.1393,-0.1477,0.1934,-1.2789,1.3991,1.0212,0.4355,-0.4711,-1.0665,1.0201
-0.3265,1.2452,0.2773,-0.9522,0.8132,0.1659,-0.1728,0.0424,-1.7085,1.3066,0.3125,0.18,-0.283,-0.9952,0.554
-0.0111,1.0367,0.2571,-1.0709,0.5602,-0.0042,-0.0537,-0.0723,-1.461,0.7014,0.3713,-0.6528,0.0377,-0.6861,0.3196
0.0456,0.7636,0.6857,-1.0113,0.388,0.0009,0.0964,-0.2309,-1.3547,0.7988,0.5157,-0.5431,-0.0942,-0.0929,0.1181
0.0745,1.4126,0.4576,-1.1807,0.4522,-0.2972,-0.0451,-0.3972,-1.3495,0.9893,0.4496,-0.7613,0.2699,0.3968,0.153
-0.1843,0.1859,0.5314,-0.7906,0.5848,-0.2494,-0.4678,-0.6232,-1.2089,0.9645,0.7172,-0.5394,0.554,1.0344,0.3384
-0.4717,0.4049,-0.2564,-0.7473,0.8348,0.0433,0.0434,-1.432,-1.4744,1.5797,0.6977,0.0123,0.5549,1.1956,0.4593
-0.2915,0.633,-0.9357,-0.9843,0.4355,0.0719,0.3413,-1.9849,-1.2689,1.8187,0.2963,0.0446,0.278,0.9812,0.5713
-0.1134,0.3768,-1.4967,-0.7746,-0.1678,-0.0713,0.4043,-1.4547,-0.4985,1.3774,0.0256,-0.3772,0.6577,1.8289,0.7713
-0.1152,0.1307,-1.2516,-0.7345,-0.0761,-0.2215,-0.0367,-1.5849,-0.2027,0.946,-0.0236,-1.1241,1.1657,1.7368,0.7127
-0.0959,0.1999,-1.4874,-0.7218,0.113,-0.1546,-0.1594,-2.1426,-0.2831,1.0389,-0.0231,-0.8242,1.2046,1.7512,0.4932
-0.1866,-0.0275,-1.8868,-0.5849,-0.0975,-0.2433,-0.0954,-2.2753,-0.1589,1.0423,0.3064,-0.9879,1.3807,1.5165,0.5188
-0.159,-0.1207,-1.9627,-0.6245,-0.1723,-0.1671,-0.407,-2.4314,-0.0897,0.9252,-0.1744,-0.9352,1.5463,1.4391,0.3604
-0.1086,0.4308,-2.3667,-0.7421,-0.3045,-0.2172,-0.4979,-2.4518,0.5962,1.062,-0.2516,-1.1114,1.4512,1.9936,0.0227
0.2131,0.5308,-2.2075,-0.7462,-0.4952,-0.4556,-0.2635,-2.0899,0.15,0.7587,-0.5634,-1.1776,1.2092,1.9558,-0.4561
0.0224,0.1859,-2.1167,-0.7233,-0.4869,-0.4706,0.2964,-1.4016,0.762,0.1492,-0.5081,-1.4507,0.7554,1.6297,-1.0588
0.2428,-0.1203,-1.6009,-0.5368,-0.1397,-0.5542,-0.0018,-1.301,0.5753,-0.189,-0.1709,-1.7554,1.1123,1.1372,-1.0867
0.1122,-0.1711,-1.2819,-0.4087,-0.2001,-0.3914,-0.0366,-1.3539,0.1094,0.2899,-0.0188,-1.6392,0.9377,0.957,-1.1261
-0.1513,0.3007,-1.5409,-0.5748,-0.1792,-0.4453,0.0472,-1.0857,0.0079,0.3552,-0.1524,-1.4699,1.6767,0.9143,-0.9656
0.5566,-0.0712,-1.2655,-0.4022,-0.5894,-0.5422,-0.1079,-1.0324,0.0382,-0.1362,0.4624,-1.3938,1.7318,0.83,-1.0563
0.1205,0.0666,-1.3257,-0.4415,-0.149,-0.2811,-0.6767,-0.8553,-0.1749,-0.0006,0.5843,-1.4883,1.2816,0.7877,-1.2421
0.1283,-0.3112,-1.194,-0.4501,0.1814,-0.3475,-0.2995,-0.9915,-0.2316,0.1246,0.5577,-1.3232,1.1872,0.5704,-1.1254
0.1766,-0.2453,-0.9481,-0.0927,0.0236,-0.3728,-0.2019,-1.1148,-0.5134,0.6793,0.952,-1.6871,1.03,0.5458,-0.539
0.1984,0.3181,-1.2109,-0.493,-0.5259,-0.4843,-0.4026,-1.1844,-0.6506,0.8907,1.2215,-1.3616,0.9758,0.4058,-0.0694
0.16,0.3626,-1.1838,-0.5414,-0.4748,-0.4604,-1.0846,-1.1656,-0.3376,0.0242,1.1771,-0.5636,0.9143,1.1233,-0.3735
0.1811,0.445,-1.2087,-0.8531,-0.4428,-0.5132,-0.7265,-1.9002,-0.8011,-0.0942,1.2003,-0.7641,0.8969,1.028,-0.6498
0.0242,0.6338,-1.5916,-0.7484,0.4161,-0.2579,-0.5455,-1.8639,-0.4816,0.1831,0.6493,-0.6395,0.8299,1.2322,-0.8371
0.1808,0.0088,-1.6205,-0.4302,0.491,-0.3604,-0.0705,-1.7699,-0.0631,0.0599,0.4068,-0.8219,0.2,1.2078,-0.6527
0.3275,-0.262,-1.5278,-0.6206,0.6201,-0.4449,-0.1946,-0.8458,0.2906,0.993,0.3369,-0.7513,0.6205,1.2838,-0.5686
0.1681,0.058,-1.3288,-0.6458,0.3513,-0.6316,-0.4101,-0.9916,-0.2141,1.0745,-0.0408,-1.037,0.9702,0.8989,-0.4976
0.1106,-0.0278,-0.9998,-0.3827,0.0859,-0.4479,-1.1095,-1.1057,-0.2923,0.6467,0.1897,-1.4329,0.9812,1.0014,-0.477
0.0639,-0.452,-1.0591,-0.4012,0.1737,-0.5851,-1.1025,-1.1904,-0.3093,0.0532,0.4044,-1.5236,0.7146,0.8746,-1.105
-0.1184,0.0029,-0.9905,-0.3717,0.5089,-0.6486,-1.1986,-0.8829,-0.313,0.5347,0.6327,-1.3501,0.9753,0.9917,-1.2092
-0.0417,0.0448,-0.9659,-0.3704,0.569,-0.6486,-1.1272,-1.0484,-0.3772,0.5786,0.6539,-1.2928,0.9047,1.3009,-0.9808
-0.1793,0.1363,-0.7169,-0.5684,0.2362,-0.4638,-1.0168,-1.6815,-0.7674,0.3714,0.7802,-1.768,0.8202,1.0301,-1.112
-0.1616,0.0329,-1.3693,-0.4059,0.4834,-0.2511,-0.794,-1.6253,-0.6886,0.8656,0.8224,-1.5906,0.618,1.23,-0.8879
0.07,0.1727,-1.512,-0.3476,0.5523,-0.3485,-0.6934,-1.1832,-0.2708,1.0323,0.8094,-1.4216,0.7763,1.4247,-0.757
-0.2466,-0.4845,-1.3369,-0.2085,0.5265,-0.4407,-0.7555,-1.3176,-0.1517,0.8685,0.8193,-1.4741,0.4801,1.1087,0.0192
-0.0223,-0.073,-1.363,-0.3232,0.5889,-0.651,-0.5616,-0.8808,-0.155,1.1913,0.6306,-1.4746,0.1372,1.0652,0.0659
-0.1614,0.2754,-1.6674,-0.501,0.5024,-0.4601,-1.0579,-0.6694,-0.2287,0.7792,0.6618,-1.489,0.2632,0.8473,-0.4849
-0.12,0.2224,-1.1513,-0.3763,0.0681,-0.3741,-0.869,-0.6598,-0.0531,0.0003,0.852,-1.8411,0.2053,0.2299,-0.2923
-0.0894,0.3213,-1.2849,-0.6718,0.2135,-0.1548,-0.9233,-0.3291,0.1089,-0.3312,0.5176,-2.0669,0.1576,0.0879,-0.4435
0.1699,0.7711,-0.5571,-0.859,0.3237,-0.4044,-0.8832,-0.5316,-0.0102,-0.3588,0.4233,-1.4223,0.4121,-0.239,-0.8891
0.0722,-0.0647,-0.0634,-0.8137,0.5058,-0.6127,-0.6447,0.1429,-0.4938,-0.3676,0.7324,-1.6536,0.567,-0.4003,-0.9929
0.025,0.0824,-0.1332,-0.3737,0.635,-0.3159,-0.7177,0.0613,-0.8557,0.3612,1.1849,-0.9178,0.2856,-0.4882,-0.5241
0.0385,0.4352,-0.3664,-0.804,0.6765,-0.5502,-0.7267,-0.0327,-1.4902,0.4234,1.2946,-0.2527,0.1065,-0.4685,-0.1051
-0.072,0.1145,-0.1781,-0.5507,0.1329,-0.4602,-1.3278,-0.001,-1.3462,0.2651,1.3857,-0.6046,0.2481,-0.645,-0.1674
0.0275,0.6054,-0.0809,-0.8741,0.1892,-0.4624,-1.2508,-0.1706,-1.029,-0.385,1.1466,-1.0214,0.2027,-0.445,-0.7788
-0.0889,0.3374,-0.2474,-0.9419,0.2055,-0.4239,-0.6943,0.1265,-0.9695,-0.2255,0.7592,-1.0961,0.287,-0.1537,-0.801
0.0056,-0.1237,-0.329,-0.8928,0.289,-0.4418,-0.5666,0.3588,-0.6786,-0.6699,0.9453,-1.2,0.0323,-0.7043,-1.0727
0.3329,0.0153,-0.3719,-0.3139,1.0134,-0.6398,-0.5081,0.8505,-0.6698,0.0146,1.3568,-1.0346,0.0375,-0.6053,-0.759
0.2062,0.2805,0.2185,-0.1492,0.8606,-0.7191,-0.3347,0.9745,-0.7317,0.6651,1.6862,-1.0131,0.1925,-1.08,-0.3195
0.1496,0.4541,0.7067,-0.4118,0.6062,-0.3777,-0.2874,0.751,-1.5119,0.723,1.7075,-1.2283,0.3323,-1.3267,0.0311
0.0546,0.708,0.5631,-0.8156,0.7716,-0.3776,-0.5283,1.1651,-0.8771,0.4876,1.6024,-1.1363,0.1169,-1.1869,0.596
0.0313,0.6369,0.5912,-0.612,1.034,-0.3057,-0.5654,1.076,-1.2453,0.5928,1.5643,-0.6238,0.153,-1.1952,0.5602
-0.0177,0.7507,0.5599,-0.569,0.9509,-0.2953,-0.2253,0.6693,-1.4428,0.6445,1.4325,-0.1913,0.0428,-0.807,0.6181
-0.0301,0.6733,0.5043,-0.8012,1.1792,-0.3644,-0.3722,0.5127,-1.5806,0.9514,1.4194,-0.1099,0.237,-0.2759,0.809
0.3975,0.6837,0.0974,-0.7265,0.9498,-0.4547,-0.2974,0.2636,-1.8167,1.2007,1.2408,-0.3249,0.4324,-0.0932,1.1082
0.2028,0.785,-0.3545,-0.7112,0.469,-0.4939,-0.3796,-0.7897,-2.0917,1.2399,1.2744,-0.3047,0.6107,0.0904,1.3575
0.0358,0.0942,-0.8882,-0.4605,0.1136,-0.3443,0.1304,-0.76,-1.6291,0.8501,1.0909,-0.465,0.5512,0.9307,1.0305
-0.07,0.2395,-1.218,-0.4188,0.1834,-0.2577,0.0653,-1.1183,-1.1391,0.7584,0.8563,-0.5344,0.7325,1.537,0.9291
-0.2056,-0.7316,-1.8641,0.0743,0.2759,-0.2187,-0.4911,-1.3579,-1.0429,0.728,0.7471,-1.1528,1.2412,1.5534,0.4153
-0.0779,-0.3641,-1.8859,0.6741,0.325,-0.2445,-0.3364,-1.6406,-0.6174,1.1817,0.9626,-1.0824,1.3975,1.6425,0.556
-0.0364,-0.1544,-1.572,0.0964,-0.0141,-0.4258,-0.3997,-2.0835,-0.6116,1.2011,0.823,-1.2427,0.9942,1.0622,0.397
0.0078,0.1618,-1.7883,-0.2167,0.1021,-0.341,-0.9955,-1.6092,-0.2701,0.7976,0.6728,-1.5519,0.9714,1.3259,0.2517
-0.0271,0.3653,-1.8811,-0.4006,-0.1623,-0.3859,-0.3481,-1.711,-0.3016,0.4233,0.3781,-1.3539,0.7463,0.9752,-0.2135
0.072,0.4723,-2.0712,-0.7151,-0.3088,-0.4744,-0.7484,-1.0818,0.4126,-0.109,0.0839,-1.8841,0.9408,1.3161,-0.8641
0.0962,0.2825,-2.1053,-0.7306,-0.2214,-0.6105,-1.3339,-0.8966,0.521,-0.7418,-0.1058,-2.105,0.7651,1.2263,-1.3666
0.311,1.6166,-1.6698,-0.9889,-0.2113,-0.6834,-1.2922,-0.6491,0.6389,-0.8075,-0.2707,-2.0948,0.2941,0.8612,-1.9813
0.2038,0.7716,-1.2423,-1.0195,0.0354,-0.6752,-1.3015,-0.4643,0.2554,-1.3091,-0.0876,-1.6909,-0.2345,0.522,-2.6529
0.1765,0.1394,-0.5483,-0.8284,0.8625,-0.6604,-0.9145,0.002,0.1532,-0.9529,0.3046,-1.3751,-0.4998,0.4266,-2.6161
0.2492,0.1315,-0.4896,-1.0647,0.6155,-0.8837,-0.7487,0.1903,-0.5368,-0.2118,0.7254,-2.1259,-0.2112,-0.1091,-1.756
-0.0336,0.0435,-0.5562,-0.8982,0.5416,-0.5543,-0.5183,0.5147,-0.8473,0.0776,0.8005,-1.463,-0.0231,-0.2444,-0.9836
-0.0987,-0.6451,-0.2658,-0.4545,0.4036,-0.5074,-0.3306,0.4194,-0.6505,0.1378,1.2712,-1.4902,-0.1414,-0.2591,-0.4809
-0.0285,0.2005,-0.0264,-0.5552,0.5273,-0.66,-0.4574,0.7593,-0.4358,0.9366,1.4256,-1.3004,-0.0869,-0.4667,0.0483
-0.0759,0.5685,-0.1822,-0.6628,0.7096,-0.5805,-0.4386,0.4857,-0.7023,0.6561,1.577,-1.0842,-0.062,-0.5939,0.4031
-0.1117,0.4718,0.1211,-0.8316,0.4305,-0.4566,-0.4728,0.4541,-1.0018,0.5976,1.8072,-0.8516,-0.397,-0.3994,0.6817
-0.2122,0.8667,0.1401,-1.297,0.3821,-0.1483,-0.6748,0.4995,-1.2161,0.4485,1.3267,-0.6109,-0.5733,-0.2801,0.544
0.1748,0.6166,0.3872,-1.0733,0.8776,-0.3183,-0.8806,0.4387,-1.3562,0.233,1.5502,-0.3402,-0.2477,0.0797,0.1481
0.1556,0.7166,0.3538,-1.3138,0.7694,-0.3744,-0.7507,0.6185,-1.4774,0.8004,1.3318,-0.2255,-0.5928,0.3178,0.1889
0.0382,0.2815,0.1354,-1.064,0.8097,-0.4772,-0.5144,0.2277,-1.3771,0.5728,1.2968,-0.3138,-0.3466,0.4574,0.3697
-0.0106,0.336,0.3355,-1.0104,0.904,-0.56,-0.82,-0.4568,-1.5357,0.8606,1.5325,-0.3057,-0.0533,0.177,0.6495
0.1519,1.0784,0.0355,-1.1804,0.838,-0.4846,-0.6214,-0.5365,-1.3116,0.9477,1.3228,-0.5797,0.3058,0.8249,0.6784
0.0488,0.7744,-0.284,-0.9199,0.1342,-0.5784,-0.587,-0.8039,-1.3869,0.3816,1.1775,-0.7648,0.259,0.8437,0.6564
-0.023,0.651,-0.7545,-1.0281,0.3671,-0.4191,-0.7261,-0.6497,-1.1932,0.4192,0.974,-0.9303,0.1184,1.5494,0.673
-0.1632,0.3334,-0.701,-0.8681,0.259,-0.374,-0.7755,-1.0862,-1.1921,0.4307,0.7984,-1.2538,0.4234,1.6132,1.5832
-0.1311,0.0386,-1.3162,-0.7831,0.4625,-0.0966,-1.0339,-1.4179,-1.1021,0.9967,0.8428,-1.6035,0.7035,1.951,1.2626
-0.118,0.4008,-1.5919,-1.0646,0.3028,-0.2793,-1.3165,-1.7922,-0.9251,0.9411,0.351,-1.9718,0.5234,2.062,0.8499
-0.1967,0.1252,-1.9186,-0.8352,0.0516,-0.1021,-1.5198,-1.862,-0.3971,0.3836,0.3479,-1.5796,0.3735,2.167,-0.1478
-0.402,-0.439,-2.329,-0.6898,0.0425,-0.1996,-1.3278,-2.0439,-0.3131,0.1024,0.5373,-1.892,0.0884,2.0553,-0.551
-0.3053,-0.8087,-2.5208,-0.5137,-0.0323,-0.2096,-1.3074,-1.9352,0.0633,0.2234,0.2307,-1.5956,0.2088,2.2267,-0.9107
-0.1702,-0.3968,-2.5174,-0.1331,0.0094,-0.3917,-1.104,-1.7275,0.649,0.1864,-0.0022,-1.8507,0.0261,1.8923,-0.9167
-0.0609,-0.4552,-2.0284,-0.4077,-0.0089,-0.4421,-1.0956,-1.2314,0.4835,-0.0182,0.2073,-2.0697,0.0816,1.2832,-1.2672
-0.029,0.0106,-2.0006,-0.6433,0.0307,-0.4673,-1.1852,-1.1215,0.0092,0.0321,0.2552,-1.8892,0.3406,0.8797,-1.1779
-0.0068,0.0077,-1.8695,-0.7068,-0.0562,-0.415,-0.8353,-0.5806,0.438,-0.3502,0.1202,-2.3623,-0.1964,0.9393,-1.367
-0.3588,-0.5766,-0.9811,-0.6325,0.3374,-0.265,-1.0927,-0.4009,0.4813,-0.5253,0.4402,-2.7914,-0.0595,0.4933,-1.5167
0.0056,-0.2418,-0.4573,-0.7419,0.6799,-0.29,-1.0716,0.006,0.0349,0.1972,0.6645,-2.5959,-0.1041,0.2562,-1.2563
0.0312,-0.0707,-0.7092,-0.7532,0.8561,-0.2083,-0.5808,-0.1944,-0.3395,0.1538,0.8719,-2.2071,0.03,-0.1549,-1.1155
0.2483,-0.0781,-0.2048,-0.8078,0.6422,-0.5064,-1.4373,0.0886,-0.2195,0.011,1.203,-1.8948,0.2427,-0.2371,-0.8037
0.1748,0.2106,0.3648,-0.8393,0.6855,-0.6182,-1.1447,0.1638,-0.7284,0.3069,0.9259,-1.3764,0.015,-0.3717,-0.8154
0.1036,0.2219,0.1185,-0.4842,0.9718,-0.5485,-1.0925,0.7572,-0.753,0.3075,1.1625,-1.7789,-0.1737,-0.4114,-0.7868
0.0303,0.363,0.2482,-0.8165,1.4205,-0.5629,-1.3693,0.3776,-1.1481,0.3178,1.3805,-1.9205,-0.4535,-0.832,-0.7125
-0.0865,0.3095,0.248,-0.7357,1.5213,-0.3135,-1.8312,0.6887,-0.9179,0.4102,1.7873,-1.8346,-0.1383,-1.1365,-0.7219
0.0203,0.8458,0.1269,-0.8863,1.4538,-0.5911,-1.5935,0.5761,-0.5327,0.1111,1.739,-1.2965,-0.6652,-1.0132,-0.6778
-0.0458,0.8959,0.4557,-1.1134,1.5367,-0.4106,-1.1007,0.7851,-0.9384,0.4606,1.7928,-1.2955,-0.7343,-1.528,-0.2611
0.1626,0.5758,0.378,-1.0305,1.5215,-0.4324,-0.7544,1.3967,-1.1295,0.7055,1.754,-1.076,-0.4002,-1.306,0.1386
0.0673,0.6297,0.636,-1.2513,1.4415,-0.4846,-0.7702,1.1053,-1.6617,0.834,1.6071,-0.5272,-0.4535,-1.4817,0.2838
-0.1536,0.3121,0.51,-1.0282,1.5817,-0.2822,-0.4296,1.1672,-1.8689,0.7999,1.5894,-0.9131,-0.4927,-1.0908,0.5806
-0.1216,0.6905,0.0993,-1.0321,1.7425,-0.4819,-0.3634,1.0085,-1.5935,1.105,1.6994,-0.4631,-0.619,-1.279,0.7129
-0.0588,0.7383,-0.146,-1.1622,1.6927,-0.3411,-0.1857,0.9676,-1.4427,1.093,1.5162,-0.3757,-0.3781,-1.2828,0.6525
-0.0361,0.5631,0.3564,-0.943,1.2172,-0.2088,-0.2461,0.8803,-1.0182,1.3042,1.7599,-0.2256,-0.0973,-1.2271,1.1514
-0.3555,0.6115,0.1498,-1.2943,1.1077,-0.0898,-0.4713,0.7296,-1.9307,1.2635,1.574,-0.6521,-0.0156,-0.8816,1.3899
-0.1076,0.6775,0.3579,-0.9024,2.079,-0.1013,-0.4696,0.03,-2.3291,1.8081,1.6294,-0.956,0.0303,-0.331,1.2226
-0.4566,0.3081,-0.171,-0.8661,2.0008,-0.2347,0.0686,-0.1478,-1.9273,2.4623,1.5311,-1.1367,-0.2349,-0.0394,1.712
0.2052,0.169,-0.4139,-1.1372,1.6153,-0.3595,0.2308,-0.2819,-1.6688,2.8527,1.1471,-0.9504,0.1756,0.2149,2.3324
-0.0855,0.2473,-1.0756,-1.1846,0.9973,-0.1993,-0.1029,-0.2361,-0.8875,2.6838,0.9229,-1.071,0.0675,0.7023,2.2379
-0.1717,-0.2278,-0.9438,-0.9147,0.6806,0.0028,-0.7089,-0.2419,-0.3304,1.9077,0.8138,-0.907,0.077,0.6153,1.9413
-0.1746,0.2406,-0.9255,-1.0067,0.6015,-0.1919,-0.4108,-0.6801,-0.7754,2.0507,0.6683,-1.5147,-0.0264,0.7909,0.9184
-0.3002,0.1591,-1.0978,-0.7775,0.3346,-0.162,-0.2973,-0.8739,-0.4873,1.383,1.0362,-1.8592,0.1288,0.7171,0.625
-0.4105,0.0383,-1.0175,-0.8498,0.4813,0.0803,-0.6114,-0.9426,-0.3311,0.9726,0.8306,-1.4319,0.3713,0.9798,0.6649
-0.1534,-0.251,-1.0873,-0.8934,0.5804,-0.0802,-0.6398,-1.2527,-1.1276,1.1439,0.7233,-1.577,0.4073,1.1157,0.6323
-0.1602,-0.0936,-1.6087,-0.9024,0.3412,-0.4713,-0.7411,-1.1624,-0.8753,1.2182,0.3456,-1.528,0.6689,1.4917,0.6546
-0.0755,-0.4093,-1.3628,-0.7696,-0.0338,-0.3362,-0.8771,-1.1761,-0.62,0.8162,0.6029,-1.9257,0.3006,1.3653,0.2801
-0.2077,-0.1235,-1.572,-0.9095,0.037,-0.6819,-0.775,-1.6431,-0.8291,0.6089,0.4297,-2.0037,0.383,1.7138,0.0147
-0.2388,-0.1682,-1.7435,-0.8116,0.2276,-0.4977,-0.6607,-2.0488,-0.6619,0.4433,0.5115,-2.0483,0.4912,1.7587,-0.1759
-0.1496,-0.1515,-1.9901,-0.7739,0.2106,-0.4767,-0.7667,-2.06,-0.624,0.5808,0.604,-2.4729,0.8231,1.7164,0.0313
-0.3361,-0.1094,-2.0399,-1.0011,-0.1913,-0.2752,-0.5503,-2.2287,-0.4388,0.7778,-0.1967,-2.1327,0.7991,1.5539,-0.399
-0.2152,-0.1751,-2.2775,-0.8874,0.1719,-0.3098,-0.8397,-1.8385,0.0076,0.4362,0.0587,-2.5609,0.9124,1.5855,-0.5465
-0.2263,-0.343,-2.3098,-0.9157,-0.0561,-0.2388,-0.8154,-1.3786,0.1541,0.0907,-0.1237,-2.8595,0.761,1.5537,-1.1152
-0.1575,-0.3163,-2.2424,-0.8377,-0.1277,-0.303,-0.8581,-1.5159,0.0187,-0.0476,-0.2232,-2.5502,0.3789,0.845,-1.6714
-0.1083,-0.5418,-1.6552,-0.3514,0.169,-0.3664,-0.9293,-0.6946,0.3261,-0.0548,0.151,-2.4561,0.3074,1.0058,-1.6698
-0.0734,-0.9442,-1.1891,-0.0798,0.3519,-0.3599,-1.0746,-0.6183,-0.0995,0.1757,0.784,-3.0248,0.7026,0.1785,-1.4073
0.1286,-0.4696,-1.0689,-0.2989,0.2553,-0.3386,-1.0432,-0.7005,-0.534,0.4769,1.0534,-2.793,0.5464,-0.4302,-1.0718
0.044,-0.7711,-1.4049,-0.1347,0.421,-0.3191,-0.831,-0.2574,-0.5543,0.4305,1.251,-2.2105,0.2023,-0.3769,-0.8112
-0.1049,-0.1838,-0.6026,-0.3057,0.2875,-0.5339,-0.5018,-0.0698,-0.7199,0.6395,1.2835,-2.3967,-0.0229,-0.8073,-0.3469
-0.4398,0.5907,-0.2785,-0.872,0.0807,-0.3884,-0.1304,0.1979,-0.7871,0.5772,1.0622,-1.9215,0.0232,-0.8161,-0.54
-0.226,0.2257,-0.1148,-0.7752,0.0609,-0.4874,-0.2395,0.0452,-1.281,-0.1531,0.9205,-1.7708,0.0371,-0.8141,-0.6782
-0.2498,0.2086,-1.0197,-1.0323,0.5195,-0.3651,-0.255,-0.1847,-1.5907,0.1484,0.7747,-1.4694,-0.0219,-0.6144,-0.4828
-0.1799,-0.0045,-0.3516,-1.2423,0.3262,-0.2192,-0.0798,0.3092,-1.1699,0.366,0.6199,-1.3485,-0.0754,-0.3945,-0.4325
-0.1835,0.102,-0.6968,-1.2436,0.9725,-0.3217,-0.0204,0.2371,-1.0972,0.585,0.5475,-1.6316,0.3438,-0.512,-0.2028
-0.2284,-0.1065,-0.6719,-0.9659,0.8758,-0.2699,-0.0094,0.29,-0.9543,1.0109,0.7639,-1.6497,0.0242,-0.6983,0.1344
-0.4567,0.0509,-0.2112,-0.9083,0.415,-0.1166,-0.0623,0.29,-0.8861,1.2881,0.8633,-1.6407,0.0487,-0.9661,0.6566
-0.3362,0.084,-0.0278,-0.8578,0.2733,-0.1532,-0.4762,0.7478,-1.1624,0.9913,0.9382,-1.5367,-0.2169,-0.5472,0.419
-0.1095,0.1864,1.0928,-0.743,0.3414,-0.2897,-0.2695,0.3134,-1.3612,0.814,1.3498,-1.516,-0.059,-0.5619,0.7923
-0.1323,0.6005,0.5145,-0.9014,0.4518,-0.2802,-0.2666,-0.091,-2.0078,1.4872,1.4445,-0.9322,0.2164,-0.5056,1.3571
-0.2897,0.6025,-0.0797,-1.1617,0.408,-0.323,-0.1811,-0.4291,-2.2007,1.8346,1.1564,-0.345,0.3732,-0.1079,1.1834
-0.2027,0.3156,-0.773,-0.6991,0.2924,-0.233,-0.375,-0.6285,-2.0856,1.6989,0.9726,-0.1131,0.7204,0.4876,1.1607
-0.3459,-0.4721,-1.351,-0.59,0.1718,-0.049,-0.1548,-1.2193,-1.5273,1.6424,0.8336,-0.8046,0.5538,0.8567,0.9341
-0.4006,-0.336,-1.9502,-0.7558,0.0342,-0.3077,-0.1605,-1.3762,-1.2893,2.06,0.2659,-1.2504,0.7166,1.1003,0.9315
-0.1401,-0.2076,-2.0344,-0.5099,-0.0572,-0.4098,-0.0188,-1.8428,-1.1678,1.5567,0.3149,-1.2284,0.176,1.6386,0.7735
-0.2493,-0.3764,-2.0856,-0.467,-0.3576,-0.559,0.2172,-2.1315,-1.0867,1.4973,0.3825,-1.2741,0.5432,1.8121,0.9993
-0.2643,-0.4222,-2.5985,-0.5526,-0.4187,-0.4788,0.2553,-1.9388,-0.667,1.4079,-0.1349,-1.5875,1.0219,1.7991,0.9482
-0.7012,-0.3202,-2.2414,-0.68,-0.5777,-0.3501,0.2148,-1.8724,-0.4093,1.117,-0.3455,-1.6464,1.5228,1.744,0.8353
-0.3511,-0.522,-2.7186,-0.6669,-0.5129,-0.3808,0.2249,-1.9239,-0.4166,0.3075,-0.1205,-2.0775,1.3656,1.5158,0.4655
-0.3026,-0.4363,-3.005,-0.5873,-0.5197,-0.6227,-0.248,-2.1732,-0.2214,0.7408,-0.2834,-1.9623,1.625,1.6884,0.0794
-0.4663,-0.5116,-2.7868,-0.6128,-0.5421,-0.4643,0.2924,-2.4483,0.0237,0.6755,-0.4735,-2.1346,1.0953,1.6505,-0.1817
-0.4002,-0.6986,-2.7353,-0.708,-0.6867,-0.1926,0.0099,-1.7669,0.1112,0.7588,-0.6381,-2.5861,1.4875,1.8042,-0.2846
-0.264,-0.8059,-2.5522,-0.4206,-0.6607,-0.3297,-0.661,-2.3272,-0.1123,0.4346,-0.6098,-2.5629,1.6996,1.5043,-0.3499
-0.2361,-0.4884,-2.6577,-0.6423,-0.0059,-0.3311,-0.8073,-1.9069,0.0794,0.5175,-0.3639,-1.6262,1.1429,1.9219,-0.5159
-0.0429,-0.3177,-2.349,-0.76,-0.0648,-0.4044,-1.4339,-1.892,0.4396,0.6413,-0.5863,-1.6211,1.2539,1.4026,-1.4585
0.2034,-0.7192,-2.0049,-0.6057,-0.3876,-0.3896,-1.1734,-1.7324,-0.1532,0.6053,-0.3955,-2.4109,0.9051,1.1738,-1.3705
-0.0486,-0.5014,-2.2442,-0.6755,0.1511,-0.441,-1.4921,-1.4177,-0.1035,0.8465,-0.1305,-2.1794,0.592,1.1165,-1.4258
-0.0051,-0.739,-2.0205,-0.3993,-0.1179,-0.3257,-1.1909,-1.2081,-0.2386,0.6515,-0.0024,-1.6821,0.1389,0.6809,-1.3594
-0.0963,-0.4656,-1.5826,-0.4862,-0.2361,-0.3541,-1.2427,-0.9342,-0.5906,0.0801,-0.4118,-1.8193,0.5242,1.115,-1.5493
0.1071,0.2676,-1.1297,-0.6872,-0.0043,-0.592,-1.3291,-1.077,-0.7617,-0.208,0.1396,-2.3469,0.5973,0.8633,-1.4751
0.0552,0.0128,-1.3747,-0.9409,0.1981,-0.7131,-1.6034,-0.7844,-0.9295,-0.4442,0.6936,-1.9421,0.4344,0.5646,-1.0772
-0.1355,0.1888,-0.7307,-0.99,0.4516,-0.6216,-1.4318,-0.9912,-0.6333,0.0871,0.952,-1.8294,0.4366,0.0083,-0.8449
-0.1612,0.327,-1.1525,-1.0192,0.5532,-0.7378,-1.4496,-0.8177,-1.299,0.3097,0.9152,-1.5934,0.2429,0.0463,-0.3194
-0.1031,0.0319,-1.6467,-1.4274,0.4981,-0.6682,-1.347,-0.7187,-1.331,0.323,0.4462,-1.0932,0.1975,0.0099,-0.4945
-0.4247,-1.217,-1.8982,-0.9572,0.1202,-0.1939,-1.4135,-0.8396,-0.5727,0.1902,0.3328,-1.0853,0.3215,0.1669,-0.5713
-0.0207,-0.8265,-2.1654,-0.9745,0.2831,-0.2865,-1.2996,-0.6647,-0.6573,0.9144,0.012,-1.4533,0.4814,0.7411,-0.3954
0.0988,-0.3748,-2.2826,-0.9184,0.2366,-0.5715,-1.5765,-0.6751,-0.3986,0.8177,-0.2223,-1.713,0.3944,0.0681,-0.6108
-0.0417,-0.377,-1.7843,-0.8219,0.0208,-0.6761,-1.4333,0.1299,0.1278,0.5234,-0.0904,-1.5588,0.1489,0.1351,-0.7707
-0.175,-0.5626,-1.0479,-0.6901,0.1147,-0.7544,-1.062,0.3501,-0.4503,-0.0185,-0.2072,-1.6362,-0.028,-0.1812,-1.0512
-0.3343,-0.27,-1.0269,-0.5457,0.2631,-0.2492,-1.3873,0.6604,-0.6861,-0.2946,0.2969,-1.6847,0.4279,0.0448,-1.0024
-0.0983,-0.4606,-0.623,-0.3054,0.2793,-0.2491,-1.0435,0.2549,-0.9553,-0.5722,0.8354,-1.5539,0.8009,-0.5418,-1.0206
-0.1821,-0.3714,-0.2423,-0.3523,0.5444,-0.3357,-1.0893,0.0534,-1.1527,-0.2779,1.1454,-1.4717,1.0658,-0.6102,-0.4578
-0.2354,-0.1854,-0.6468,-0.5687,0.6825,-0.2476,-1.4801,-0.1277,-1.6001,0.2142,1.2285,-1.1569,0.6932,-0.567,-0.3327
-0.3002,-0.1884,-0.9467,-0.9397,0.7076,-0.3002,-1.4103,-0.2872,-1.9227,1.084,0.7947,-0.8475,0.3708,0.0087,0.0206
0.0289,0.0569,-1.1167,-0.7878,0.8015,-0.387,-1.0308,-0.3727,-1.4214,0.7221,0.7969,-0.4042,0.7167,0.5372,0.1161
0.0074,0.1331,-1.2163,-0.9369,0.8736,-0.2444,-0.885,-0.83,-1.5746,0.7295,0.7849,-0.8028,0.3066,0.5641,0.3684
-0.2081,-0.2789,-1.7194,-0.8343,0.9762,-0.1716,-0.7958,-1.0398,-1.3636,0.8597,0.6343,-0.7528,0.4876,0.8098,0.275
-0.1933,-0.1638,-1.9009,-0.7991,0.4779,-0.231,-0.6608,-1.2535,-1.1763,0.9476,0.2973,-0.9963,0.6563,0.3964,0.341
0.0249,-0.3412,-1.8307,-0.6338,0.2902,-0.4617,-0.9759,-0.9214,-0.8341,0.3687,0.3034,-1.0445,0.7835,0.7953,-0.2476
-0.0516,-0.5415,-1.9069,-0.5849,0.1879,-0.2604,-0.7358,-0.9683,-0.3939,0.1179,0.1101,-1.1917,1.0156,1.0581,-0.3716
-0.0923,-0.2408,-1.9696,-0.7207,0.2691,-0.4755,-0.5754,-0.9814,-0.4894,0.3356,-0.0069,-1.2768,0.9398,0.7646,-0.7332
-0.0449,-0.2917,-1.8222,-0.9739,0.0556,-0.5795,-0.7269,-1.1796,-0.5035,-0.1099,0.0295,-1.3698,1.1244,0.6969,-0.4578
-0.2128,-0.44,-1.9884,-0.8444,0.3635,-0.3782,-0.9521,-1.3954,-0.4269,-0.0743,-0.0335,-1.2794,1.4602,0.8246,-0.4525
-0.169,-0.4281,-2.3257,-0.4863,0.1265,-0.4378,-1.1063,-1.6481,-0.5332,0.0441,0.0228,-1.8393,1.2363,0.7899,-0.6709
0.1398,-0.376,-2.3235,-0.7717,-0.1338,-0.6446,-0.9778,-1.3552,-0.2983,-0.1247,-0.1655,-1.2496,0.8405,0.6142,-0.8562
0.0617,-0.1783,-2.1923,-0.8435,-0.4821,-0.6367,-1.3472,-0.9164,-0.3983,-0.3986,-0.534,-1.6068,0.8073,-0.0268,-1.2636
-0.1392,-0.1519,-1.485,-0.9999,-0.1905,-0.5408,-1.2668,-0.6239,-0.1804,-0.981,-0.106,-1.7755,0.5502,-0.1459,-1.1582
-0.4169,-0.1019,-1.2139,-0.5307,0.1315,-0.5756,-1.4191,-0.5566,-0.3742,-1.0993,0.5824,-1.5382,0.468,-0.0384,-1.3429
-0.1805,-0.2562,-0.8493,-0.5373,0.5783,-0.5856,-1.4245,-0.3803,-1.0221,-0.7741,0.6783,-1.3948,0.2918,-0.2926,-1.0508
-0.3435,-0.5415,-1.3313,-0.7532,0.8419,-0.7305,-1.3426,-0.3026,-1.3152,-0.0866,0.5588,-1.321,0.588,-0.544,-0.6202
-0.2232,-0.6798,-1.394,-0.8987,0.6869,-0.9697,-1.3125,-0.1726,-1.0809,0.3766,0.4802,-1.152,-0.353,-0.5567,-0.1982
-0.2618,-0.6466,-1.1916,-0.874,0.7832,-0.5635,-1.3129,0.3367,-0.4024,0.6716,0.6386,-1.3367,-0.0437,-0.5961,-0.0899
-0.5832,-0.4,-0.8862,-0.9031,0.8133,-0.4911,-1.4274,0.173,-0.5554,0.5741,0.2552,-1.1709,0.215,-0.6962,-0.2494
-0.5123,-0.2499,-0.948,-0.9984,0.6454,-0.4264,-1.2139,0.2599,-0.8336,0.2979,0.411,-1.4391,0.128,-1.1901,-0.4706
-0.5268,-1.0365,-1.0114,-0.8014,0.8036,-0.4327,-0.9348,0.4589,-1.1898,0.2241,0.6206,-1.484,0.2579,-1.0977,-0.5101
-0.5623,-0.394,-0.5637,-0.8524,1.0304,-0.7142,-0.4529,0.894,-1.0104,0.7996,0.4182,-0.6622,0.4618,-0.9577,-0.1302
-0.43,0.0209,-0.2009,-0.9086,0.8303,-0.8093,-0.1545,0.6522,-1.1714,0.8249,0.8232,-0.7922,0.406,-0.8727,0.5003
-0.6274,-0.2311,-0.0175,-1.0489,1.0601,-0.653,-0.3396,0.4048,-1.3468,0.4594,0.9472,-1.1818,1.042,-1.2587,0.5525
-0.5759,-0.3859,0.0127,-0.9304,1.0402,-0.6087,-0.3801,0.1705,-1.5309,0.4227,1.2881,-0.5599,0.8322,-1.3506,0.8585
-0.4661,-0.0705,-0.1968,-1.2651,1.2801,-0.6094,-0.9286,-0.2366,-1.6503,0.9672,1.0693,-0.3921,0.9945,-1.196,1.4068
-0.654,-0.204,-0.4351,-1.1332,1.1314,-0.5202,-0.7454,-0.378,-1.3687,1.3321,0.8813,-0.352,0.921,-0.8826,1.1867
-0.591,-0.4956,-0.78,-1.1214,1.2031,-0.6537,-1.3614,-0.4571,-1.6564,1.4104,0.9953,-0.482,0.8357,-0.6074,1.3505
-0.3666,-0.2221,-0.9238,-1.1699,1.0731,-0.5714,-1.1085,-0.5707,-1.3209,1.4789,0.7762,-0.3988,0.8144,-0.8108,1.6552
-0.4248,-0.1941,-0.9733,-1.1455,0.8015,-0.5225,-1.1805,-0.6949,-1.0293,1.4203,0.7018,-0.011,0.8759,-0.1808,1.5678
-0.3726,-0.3676,-1.4294,-1.2011,0.6752,-0.5188,-1.2895,-0.813,-0.4053,0.9212,0.06,-0.3722,1.1214,-0.2145,1.1389
-0.2293,-0.6522,-1.1102,-1.3322,0.5131,-0.7483,-0.9447,-0.6812,-0.3351,0.4929,0.0892,-0.6072,0.8268,-0.2207,0.6043
-0.4149,-0.609,-0.9823,-1.0209,0.5951,-0.5625,-1.0593,-0.5313,-0.2419,0.6669,0.4024,-0.7507,0.9308,-0.1729,0.183
-0.3579,-0.5706,-0.8166,-0.8747,0.7245,-0.6288,-1.224,-0.6749,-0.6182,0.1511,0.4713,-1.0741,0.7385,-0.5281,0.0356
-0.2343,-0.6073,-0.9728,-1.0184,0.666,-0.5866,-1.3545,-0.53,-0.8824,0.1712,0.5035,-1.2381,0.7976,-0.857,0.1996
-0.5534,-0.5689,-1.5232,-1.2475,0.8352,-0.4412,-1.19,-0.0233,-0.496,0.1913,0.4277,-1.4217,0.4833,-0.6608,0.1421
-0.525,-1.1025,-1.1485,-0.695,0.4293,-0.6182,-1.0918,-0.1372,-0.3623,-0.1673,0.351,-1.6473,0.6277,-0.5109,0.1765
-0.4912,-1.0388,-1.143,-0.7925,0.5129,-0.5735,-1.3539,-0.2745,-0.474,-0.189,0.4885,-1.3003,0.4622,-0.7665,0.2165
-0.354,-0.5677,-0.8947,-1.082,0.7868,-0.7688,-1.4459,-0.3043,-0.5636,0.1532,0.5031,-0.9656,0.5173,-0.724,0.1738
-0.3008,-0.4385,-0.8685,-1.2053,0.8216,-0.7847,-1.3375,-0.2142,-0.9107,0.2809,0.2689,-0.7429,0.6649,-0.4765,0.1331
-0.3279,-1.1056,-1.0696,-0.8638,0.8608,-1.0751,-1.196,-0.2448,-0.6544,0.2255,0.49,-0.1922,0.382,-0.9942,0.1681
-0.2655,-0.777,-0.9079,-1.1168,0.8904,-0.9557,-1.112,0.079,-0.8473,0.4187,0.339,0.0881,0.6583,-1.1463,0.4772
-0.3705,-0.8925,-0.4154,-0.9502,0.9057,-0.7375,-1.3407,0.953,-0.4402,0.1346,0.71,-0.2545,0.3373,-1.1347,0.4966
-0.1649,0.0273,0.0336,-1.1337,0.7546,-0.7532,-1.1694,0.5649,-1.3214,0.252,0.9846,-0.2317,0.3625,-1.2201,0.6806
-0.1784,-0.1961,-0.1426,-1.0808,1.0142,-0.6899,-1.2919,0.4256,-1.7724,0.1954,0.7589,-0.0854,0.2072,-1.1362,0.6818
-0.4963,-0.1338,-0.2668,-1.1031,1.1051,-0.4933,-1.4313,0.1279,-1.6694,0.4857,0.8183,-0.6112,0.2588,-1.069,0.7833
-0.4907,-0.2,-0.8608,-1.4047,1.5064,-0.4701,-1.3761,-0.1123,-1.4544,0.6812,0.59,-0.1154,0.7372,-0.9518,0.3233
-0.4373,-0.6392,-0.9222,-1.1283,1.383,-0.508,-1.1038,0.018,-1.1976,0.4311,0.5688,-0.4183,0.7971,-0.9082,0.9865
-0.2816,-0.3362,-0.7865,-0.945,0.968,-0.4603,-1.1882,-0.1102,-1.1139,0.8607,0.5909,-0.7182,0.6793,-0.9314,1.4346
-0.3531,0.1723,-0.7649,-1.1184,0.8852,-0.4078,-1.1504,-0.191,-1.3819,0.4875,0.6463,-0.4751,0.6102,-0.79,1.1885
-0.3795,-0.1164,-0.3451,-1.1537,0.6337,-0.481,-1.0843,0.1414,-1.6207,0.2433,0.7109,-0.3171,0.2199,-0.7903,1.28
-0.2148,-0.6529,-0.4885,-0.8583,0.9193,-0.6877,-1.235,0.0139,-1.4043,0.0045,1.149,-0.3621,0.6019,-0.8324,1.11
-0.4992,-0.3048,-0.555,-1.3301,1.303,-0.203,-1.0321,-0.5648,-1.4756,0.6553,0.8095,-0.1163,0.6172,-0.7689,1.0298
-0.6267,-0.1924,-0.8024,-1.4041,1.4093,-0.1818,-0.8292,-0.8016,-1.2877,1.0873,0.5149,0.0142,0.6456,-0.447,1.0361
-0.7069,-0.8155,-1.0231,-1.4196,1.1733,-0.2754,-0.6339,-0.9047,-1.2997,1.0879,0.3103,0.161,0.7957,-0.2757,1.0425
-0.4733,-0.7055,-0.9481,-0.8494,0.7154,-0.3782,-0.6319,-0.9632,-1.076,1.0691,0.215,-0.2512,1.0383,-0.0646,1.4358
-0.6154,-0.5608,-0.771,-1.2486,0.5356,-0.4415,-1.0244,-0.7255,-0.9519,0.915,0.1079,-0.6106,1.2029,0.0295,1.3087
-0.7295,-1.0898,-0.9432,-1.1067,0.8615,-0.3931,-1.0516,-1.0049,-0.998,0.6924,0.2275,-0.8089,1.3953,0.0457,1.2026
-0.7046,-0.8067,-1.0456,-1.2471,0.6176,-0.3181,-0.9298,-1.4503,-1.3844,1.0288,0.1006,-0.8467,1.4885,0.2256,1.3901
-0.7744,-0.9672,-1.7672,-1.0197,0.438,-0.4932,-0.6652,-2.0027,-1.2275,0.9353,0.0004,-0.4192,1.5006,0.4563,1.0465
-0.5869,-0.7132,-2.0662,-0.9379,0.1543,-0.5112,-0.8835,-1.8737,-0.9942,0.6964,-0.0854,-0.6048,1.0415,1.0815,0.8121
-0.7371,-1.096,-2.3934,-1.1024,0.3818,-0.4395,-1.0495,-2.099,-1.1413,0.395,-0.4741,-0.797,1.4249,1.4996,0.9352
-0.6786,-1.2822,-2.0226,-0.8759,0.279,-0.4175,-0.4906,-2.5106,-0.843,0.5113,-0.5043,-0.7542,1.6137,1.4456,0.542
-0.5844,-0.9533,-2.7376,-0.8027,0.0025,-0.4728,-1.0445,-2.4528,-0.3759,0.4282,-0.2676,-0.8026,1.5951,1.8228,0.7381
-0.5652,-0.7873,-2.4908,-0.8943,-0.0763,-0.3085,-1.2154,-2.6561,-0.4841,0.2849,-0.6739,-0.6727,0.9503,1.8284,0.4247
-0.4285,-1.0982,-2.3395,-0.9103,-0.2617,-0.3624,-1.8562,-2.7867,-0.2955,-0.3363,-0.7029,-1.1767,1.1617,1.5592,0.1111
-0.1984,-0.873,-2.3618,-1.1716,-0.1841,-0.4854,-1.5941,-2.7739,-0.2801,-0.0649,-0.739,-1.2164,1.3632,1.4886,-0.358
-0.5239,-0.468,-2.433,-1.1019,-0.0921,-0.5517,-1.7138,-2.7266,-0.9757,0.0661,-1.0768,-1.347,1.3119,1.4874,-0.3993
-0.4261,-1.1693,-2.4317,-1.0355,0.1293,-0.4181,-1.4609,-2.2568,-0.1283,-0.3312,-1.0451,-1.6066,0.4632,1.3335,-0.4247
-0.4338,-1.1657,-2.0716,-0.7254,0.2107,-0.5594,-0.9926,-1.8133,0.3709,-0.3671,-0.7798,-2.1873,1.0556,0.9171,-0.2633
-0.4301,-0.9645,-1.6666,-0.8934,0.4068,-0.5728,-1.4544,-1.8788,-0.1405,-0.1779,-0.7317,-1.5823,1.0857,-0.1913,-0.0996
-0.3481,-1.2196,-1.456,-0.7749,0.4107,-0.8093,-1.3289,-0.865,0.1313,-0.109,-0.4863,-1.4845,0.9152,-0.2397,-0.0059
-0.4736,-0.7851,-1.0824,-0.8825,0.5654,-0.7206,-1.4011,-0.6228,-0.2708,-0.2026,-0.2985,-1.1839,0.5823,-0.8486,-0.0101
-0.4668,-0.6199,-0.5909,-1.0222,0.6784,-0.7852,-1.2423,-0.0507,-0.1532,-0.5427,-0.0261,-1.0489,0.5439,-0.8709,0.3574
-0.5699,-0.7338,-0.3208,-0.7072,0.7702,-0.6597,-1.3635,-0.0024,-0.8317,-0.5354,0.0668,-0.9229,0.6772,-1.3144,0.576
-0.5231,-0.4722,0.0006,-1.2894,0.9325,-0.6698,-1.1116,0.1045,-0.9172,-0.138,0.0368,-0.8675,0.5581,-1.3543,0.4788
-0.3602,-0.4025,0.2161,-1.0917,1.0357,-0.7059,-0.5977,0.4946,-0.9497,-0.401,0.8465,-0.8292,0.386,-1.1467,1.0067
-0.4894,-0.1949,0.3172,-1.3136,1.1923,-0.7743,-0.5505,0.266,-1.3517,0.159,1.0454,-0.2741,0.8207,-1.3877,1.2727
-0.667,-0.0443,0.2168,-1.4903,1.3405,-0.3845,-0.8079,-0.6603,-1.5969,0.2202,0.5096,0.1622,0.9721,-0.8028,1.2528
-0.4888,-0.3008,-0.2265,-0.8612,1.4083,-0.6955,-1.0252,-0.2002,-1.7107,0.4723,0.688,0.0717,0.9343,-0.3356,1.2635
-0.523,0.1027,-0.3822,-1.0495,1.1621,-0.6372,-0.8989,-0.7589,-2.0454,0.8063,0.7298,0.1694,1.096,0.1218,1.6191
-0.5588,0.4031,-0.4564,-0.8286,1.4107,-0.5986,-0.9512,-1.4032,-1.8566,0.7904,0.3706,0.2926,-0.0218,0.4974,1.7789
-0.2677,0.3492,-0.7686,-1.0734,1.1736,-0.5621,-0.6259,-1.0981,-1.7672,0.7799,0.1688,0.0202,0.7819,0.8179,1.8913
-0.4968,-0.1957,-1.4138,-1.1823,1.2689,-0.5952,-0.7235,-1.3142,-1.7018,0.8399,-0.1199,-0.011,1.3273,1.154,1.6432
-0.4236,-0.3894,-1.8532,-1.2435,1.1654,-0.596,-0.959,-1.7434,-0.9954,0.8002,-0.4606,-0.6459,1.7252,1.3722,1.4969
-0.3648,-0.24,-1.6353,-1.4188,1.55,-0.7111,-1.0156,-1.8415,-0.1459,0.9412,-0.8149,-0.6201,2.0835,1.2782,1.2784
-0.4451,-0.7399,-1.3052,-1.1042,1.0802,-0.6492,-1.329,-1.9306,-0.5183,0.9164,-0.7822,-0.578,2.0353,0.7756,1.0519
-0.606,-1.0239,-1.5832,-1.0634,0.8001,-0.5593,-1.0376,-1.5551,-0.6629,0.7089,-0.7092,-1.0107,1.9725,1.001,0.5672
-0.4219,-1.1821,-1.4242,-0.8405,0.1912,-0.7105,-1.2418,-1.5071,-0.6091,0.1688,-0.0309,-0.969,1.8697,1.4231,1.034
-0.508,-0.7736,-1.6461,-0.9024,0.568,-0.6902,-0.674,-1.6694,-0.6397,0.0179,-0.2598,-0.7749,1.3026,1.4004,0.6943
-0.4722,-0.3239,-1.9564,-1.186,1.2321,-0.681,-0.9538,-1.4477,-0.4402,0.1589,-0.5784,-0.9369,1.8162,0.7657,0.7681
-0.3356,-0.7764,-1.8075,-1.1953,0.7418,-0.8557,-1.062,-1.1598,-0.1599,-0.2615,-0.7114,-1.0665,1.5174,0.3761,0.4732
-0.4919,-1.0836,-1.3405,-0.9631,0.8651,-0.4117,-0.9668,-0.8739,0.1387,0.0833,-0.6567,-1.09,1.2565,0.2292,0.6127
-0.6501,-0.8308,-1.1379,-1.507,0.728,-0.3877,-0.892,-0.4866,-0.1264,-0.1165,-0.6788,-1.3005,1.0683,0.2923,0.7169
-0.5465,-0.8879,-0.8177,-1.0556,0.9001,-0.526,-0.8328,-0.613,-0.3051,-0.3607,-0.5006,-1.1216,1.4232,0.2647,0.6484
-0.4806,-0.0251,-0.671,-1.1206,1.4298,-0.3244,-0.7526,-0.4945,-0.8757,0.1239,-0.0813,-1.2743,1.2992,0.6512,0.8975
-0.5619,-0.8072,-0.6783,-0.7872,1.6158,-0.5274,-0.428,-0.7279,-0.71,0.4446,0.1286,-1.1415,1.4323,0.5819,1.2946
-0.5261,-0.4644,-0.8527,-0.9212,1.0039,-0.5206,-0.7357,-0.9007,-0.7831,0.6439,0.3718,-1.3783,1.5084,0.3834,1.5764
-0.4959,0.0574,-0.4337,-0.9504,1.0394,-0.7421,-1.1012,-1.0245,-0.4536,0.3456,0.2979,-0.9178,1.559,0.4685,1.7112
-0.497,-0.032,-0.7966,-1.0404,1.0417,-0.4084,-1.3522,-1.4049,-0.9453,0.1293,0.1181,-0.6669,1.1901,0.4016,1.1427
-0.5524,-0.1126,-0.6476,-1.0936,0.9628,-0.4007,-1.4556,-1.297,-0.6751,-0.2613,0.388,-1.3307,1.2793,0.2936,0.9027
-0.2624,-0.0083,-0.9556,-1.0656,0.8386,-0.8058,-1.5199,-1.1611,-1.1052,-0.1632,0.1763,-0.7239,1.8244,0.8195,1.1282
-0.2405,-0.4281,-1.3539,-1.2358,0.5509,-0.9807,-1.5431,-1.4867,-0.7738,-0.3627,-0.1282,-0.6686,1.9629,0.7951,0.5427
-0.4136,-0.1623,-1.6714,-1.2132,0.4994,-1.0742,-1.1213,-1.2385,0.1971,-0.6944,-0.4374,-0.7945,1.7721,1.1535,0.2943
-0.5886,-0.6199,-1.3791,-0.9908,0.4588,-0.7994,-1.5064,-1.2492,0.1563,-1.1911,-0.4353,-0.9518,1.3714,0.8379,0.0811
-0.2822,-0.808,-0.9386,-0.8176,0.295,-0.9388,-1.5436,-0.7041,0.2856,-1.2595,0.0208,-1.0491,1.1379,0.5878,-0.0854
-0.3545,-0.1992,-0.8495,-1.2403,0.6235,-0.9621,-1.6842,-0.4198,-0.1964,-1.4104,0.2657,-0.8246,1.3284,0.5185,-0.1305
-0.4857,-0.2384,-0.5914,-1.197,0.9298,-0.9335,-1.6215,-0.7115,-0.1491,-1.3622,0.4185,-0.7397,0.893,0.4424,0.5047
-0.4765,-0.0492,-0.389,-1.5422,1.4631,-0.6302,-1.2996,-0.7535,-0.6555,-0.6348,0.1601,-0.8737,1.2515,0.3007,0.8185
-0.4834,-0.1715,-0.7719,-1.4409,1.5464,-0.7685,-1.1522,-0.5882,-0.9572,-0.0788,0.1813,-0.6301,1.1038,0.162,0.9371
-0.4693,-0.1759,-1.4051,-1.1823,1.2957,-0.8205,-1.4186,-0.6731,-1.3107,0.0798,-0.0932,-0.8371,1.17,0.37,0.9963
-0.4599,-0.2075,-1.0751,-1.0536,0.9765,-0.9898,-1.4239,-0.6814,-0.9691,-0.1485,-0.0738,-0.5054,1.0111,0.4891,0.9775
-0.561,-0.5031,-1.1088,-1.0691,0.9645,-0.8619,-1.0814,-0.2881,-0.7431,-0.4074,0.1024,-0.3994,0.7183,0.8134,0.6421
-0.3053,-0.2242,-0.7617,-1.1123,0.9796,-1.1952,-1.0678,-0.2036,-0.4548,-0.5933,0.2647,-0.3834,1.0632,0.7154,0.7917
-0.6365,-0.0824,-0.3109,-1.0946,0.8906,-1.0778,-1.4642,0.1303,-0.8428,-0.5746,0.4991,0.033,1.1895,0.6037,0.7985
-0.3937,-0.3535,-0.1777,-1.0642,1.588,-1.1472,-1.3144,-0.2059,-1.4201,-0.3465,0.7956,0.3645,1.0711,0.629,1.0602
-0.4445,0.3698,-0.4892,-1.2799,1.3901,-1.1693,-1.3426,-0.6611,-1.6037,0.4607,0.6086,0.4689,0.9652,0.4385,1.4631
-0.7291,0.1434,-0.7607,-1.3162,0.9031,-0.8715,-1.4423,-0.8298,-1.2525,-0.0498,0.4378,0.2053,1.1112,0.8408,1.5818
-0.5433,0.6817,-1.2467,-1.4102,1.2623,-0.8453,-0.5681,-0.9875,-1.0621,-0.3932,0.3897,0.1308,0.712,1.1059,1.2582
-0.6911,0.009,-1.8127,-1.1013,1.0269,-0.6938,-1.3306,-1.1007,-1.1559,-0.3837,0.2136,-0.7727,1.5568,0.8399,1.478
-0.5999,-0.3147,-1.7016,-1.3115,0.9477,-0.8289,-1.9852,-0.9885,-0.9473,-0.5351,0.0937,-0.5747,1.4104,1.0551,1.2556
-0.4535,-0.1124,-1.3711,-1.3433,0.9547,-1.0328,-1.707,-0.9804,-0.5315,-0.3974,-0.0821,-0.5792,1.5146,0.9633,0.5092
-0.5046,-0.1176,-1.8198,-1.3408,0.9323,-0.8692,-1.5435,-1.0789,-0.6689,-0.6316,-0.092,-0.8535,1.2316,0.6479,-0.1309
-0.4847,0.0722,-1.2027,-1.3169,1.1626,-0.8852,-1.618,-0.784,-0.2794,-0.8899,-0.175,-1.0627,1.1361,0.4809,-0.378
-0.2126,-0.6513,-1.5951,-1.1913,1.1457,-1.001,-1.076,-0.5112,-0.4736,-0.9751,-0.2302,-1.2288,1.5756,0.1209,0.3245
-0.5848,-0.2598,-1.3848,-1.0558,0.988,-1.0449,-1.3662,-0.1589,-0.2793,-0.5468,0.0109,-1.1618,1.6143,-0.1991,0.5805
-0.5239,-0.4959,-1.3591,-1.1285,0.9614,-1.1543,-1.4788,0.0569,-0.4607,-0.5708,0.0205,-0.9943,0.87,-0.2122,0.5505
-0.6369,-0.4158,-0.6661,-1.2051,0.6906,-1.0483,-1.6064,0.6811,-0.3105,-0.6912,-0.1765,-0.9465,0.4662,-0.1849,0.6364
-0.6283,-0.2128,0.0443,-1.475,0.7581,-1.0245,-1.4649,0.9731,-0.2407,-1.3704,0.1629,-1.0844,0.5546,-0.5309,0.1231
-0.7781,-0.6102,0.7068,-1.294,1.0278,-0.977,-1.4153,0.5291,-0.8809,-1.7697,0.5413,-0.7789,1.1083,-0.9681,-0.3774
-0.9904,-0.2328,0.4476,-1.4349,1.1377,-0.8086,-0.9496,0.2822,-1.5642,-1.0668,1.0257,-0.5117,0.7666,-0.9112,0.1499
-0.8503,-0.1077,0.0612,-1.4702,1.2135,-0.8195,-1.1863,0.261,-1.5744,-0.8861,0.9635,-0.3043,0.7303,-0.6938,0.5895
-0.7774,0.0587,0.3335,-1.4439,1.6837,-0.9571,-0.8901,0.0927,-1.3039,-0.4375,1.1072,-0.2566,0.8948,-0.2296,1.1065
-0.9291,-0.5529,-0.0091,-0.849,1.6279,-0.6704,-0.9569,-0.4985,-2.1993,0.2692,0.9145,0.0793,1.313,-0.4864,1.3905
-1.1048,-0.363,-0.3537,-1.1232,1.2046,-0.665,-1.1482,-0.8125,-2.0418,0.489,0.8666,0.0179,1.5878,-0.1908,1.8058
-0.7251,-0.7832,-0.841,-1.1511,1.1019,-0.6976,-1.1501,-1.1447,-1.9692,0.2829,0.5722,-0.2454,1.4839,0.3504,1.7698
-0.5601,-0.7464,-0.9208,-1.1614,1.0658,-0.9306,-1.3641,-1.0953,-1.3263,0.6597,0.3562,-0.0553,1.4441,0.8602,1.9319
-0.6065,-0.4445,-1.0103,-1.3062,0.9315,-0.8091,-1.1231,-1.5198,-1.4161,0.7562,-0.0097,-0.3646,1.3212,1.0567,2.0065
-0.5464,-0.5359,-1.0897,-1.3539,-0.1837,-0.9201,-1.0371,-1.6756,-1.3608,0.1867,0.0179,-0.5943,1.747,1.0604,1.602
-0.4622,0.1229,-1.4241,-1.59,0.1678,-0.9449,-1.1938,-0.9718,-0.7231,-0.634,-0.0754,-0.7654,1.8608,1.571,1.0341
-0.7065,-0.5243,-1.185,-1.5306,0.253,-1.0866,-1.5497,-1.7621,-1.1198,-1.1476,-0.136,-0.5284,1.4138,1.2287,0.6357
-0.6089,-0.3437,-1.3599,-1.4712,0.395,-1.0202,-1.3843,-1.8016,-1.027,-1.0743,-0.0456,-0.8497,1.5846,1.4245,0.7387
-0.9683,-0.3684,-1.8491,-1.2902,0.4788,-0.8554,-1.112,-1.6924,-0.6335,-0.9644,-0.0842,-0.823,1.6735,1.6677,0.4581
-0.7517,-0.4617,-1.563,-1.1074,0.7222,-1.076,-1.2686,-1.9955,-0.5894,-1.0715,0.0059,-0.9286,1.7786,1.433,0.5816
-0.7243,-0.6169,-1.9274,-1.0923,0.4064,-0.9945,-0.7796,-1.9039,-0.9332,-0.5662,0.0393,-0.5941,1.2962,1.0845,0.6451
-0.7332,-0.5886,-2.3546,-1.3791,-0.1121,-0.9394,-1.2402,-1.4608,-0.5173,-0.8327,-0.299,-0.8592,1.12,1.0245,0.7193
-0.7384,-0.8792,-1.6172,-1.1028,-0.2632,-1.0196,-1.2385,-1.0519,-0.0032,-1.643,-0.3062,-0.9476,1.0113,1.2308,0.3985
-0.7663,-0.8789,-1.3027,-1.124,0.1988,-0.9782,-1.0781,-0.7491,-0.0993,-1.7352,-0.4556,-1.3594,1.119,0.7092,-0.2191
-0.7521,-0.7824,-0.8153,-1.2891,0.2398,-0.9593,-1.3975,-0.8662,-0.7067,-1.6486,0.0328,-1.575,1.4329,0.2621,-0.1902
-0.9477,-0.6753,-1.3554,-1.3197,0.6312,-0.6995,-1.4812,-0.8107,-0.7073,-1.4336,0.0017,-1.3121,0.9683,0.2923,0.2601
-0.8371,-0.6335,-1.2294,-1.4426,0.8375,-0.8788,-1.4534,-0.4621,-0.6865,-1.4681,-0.2438,-1.2394,0.9158,0.2718,-0.095
-0.8329,-0.6884,-1.2852,-1.4199,0.3408,-0.8089,-1.1434,-0.4394,-0.5998,-1.2644,-0.236,-1.2645,1.0515,-0.0308,0.017
-0.6988,-1.0508,-1.213,-1.1347,0.4311,-1.0239,-0.6203,-0.3233,-0.6193,-1.4948,0.0216,-1.2342,1.2184,-0.1146,0.1841
-0.5897,-1.5884,-0.8571,-0.9437,0.6828,-1.1761,-0.3101,-0.0388,-0.8262,-0.9941,0.2776,-0.9745,1.4441,-0.1542,0.4513
-0.5778,-1.3962,-0.6144,-1.107,0.6501,-1.3137,-0.3063,-0.0488,-0.7512,-0.2243,0.7143,-0.6027,1.7595,-0.2734,1.1679
-0.7741,-0.4675,-0.2811,-1.2698,0.5502,-1.1994,-0.5336,-0.5281,-1.5932,-0.2763,0.7384,-0.3442,2.4113,-0.2815,1.8439
-0.9057,-0.6139,-0.7103,-1.4999,0.5687,-0.6799,-0.5831,-0.966,-2.2957,-0.2391,0.3794,-0.0715,1.8916,1.0014,1.8766
-0.8402,-0.3593,-1.3394,-1.703,0.7791,-0.5753,-0.7149,-1.9433,-2.3648,0.0412,0.0021,-0.3401,1.9422,1.2251,1.9418
-0.8415,-0.9772,-2.1392,-1.7083,0.7906,-0.6593,-0.8022,-1.9384,-1.5076,-0.2297,-0.5715,-0.7137,3.4586,1.4639,1.6303
-0.8716,-1.0747,-2.5119,-1.0852,0.4364,-0.6685,-0.9057,-2.5304,-1.0851,0.0729,-0.5956,-1.5524,2.9328,2.0028,1.5745
-0.775,-1.2475,-2.9292,-0.9473,0.0261,-0.9377,-1.1731,-2.6547,-0.5428,-0.1018,-0.8812,-2.2526,2.742,2.138,1.3982
-0.5594,-1.3161,-3.3497,-1.0999,-0.2314,-1.1081,-1.144,-2.6877,-0.0117,-0.4788,-1.3329,-1.8679,1.8315,2.2124,1.3495
-0.7464,-1.2847,-3.0775,-1.2062,-0.2307,-1.1208,-1.0123,-1.7178,0.9271,-0.7897,-1.425,-2.0628,1.7807,2.6102,0.8874
-0.8978,-1.5491,-2.6113,-0.939,-0.2564,-1.1773,-0.7297,-1.703,0.4651,-1.1095,-1.213,-2.4885,1.8434,2.0371,0.4964
-0.7119,-1.4375,-2.306,-0.6244,-0.3948,-1.1596,-0.975,-1.7124,0.2555,-1.2082,-0.3678,-2.2487,1.9107,1.6603,0.2672
-0.9068,-0.7285,-1.6646,-0.7324,-0.2949,-1.207,-1.0613,-1.5091,-0.2172,-1.0865,-0.1404,-1.822,2.2964,1.8266,0.2326
-0.8347,-1.018,-1.6324,-1.1079,-0.0273,-1.1945,-1.1747,-1.7587,-0.7693,-1.2688,0.025,-1.4357,2.2141,1.5426,0.4483
-0.9223,-0.7384,-2.2609,-1.2027,0.1923,-0.9811,-1.0532,-1.7816,-0.8636,-0.7771,-0.2668,-1.1323,2.1143,1.3639,0.3798
-0.7998,-1.0013,-2.3571,-1.043,-0.0064,-0.9762,-0.8396,-1.5975,-0.4312,-0.9739,-0.3673,-1.2296,1.8493,1.5352,0.4992
-0.6826,-0.7106,-2.1597,-0.8,-0.1532,-0.9202,-1.0306,-1.5373,-0.2016,-1.0507,-0.2438,-1.2448,2.053,1.4953,0.1623
-0.6411,0.0959,-1.7975,-1.1777,-0.0645,-0.7824,-1.7479,-1.5554,-0.0993,-1.5177,-0.4072,-1.102,1.9243,1.2032,-0.2313
-0.6802,-0.2684,-1.5051,-0.9273,-0.2776,-0.9221,-1.9368,-1.6354,-0.4982,-2.2602,0.1486,-1.1747,1.2554,0.81,-1.0116
-0.8088,-0.6933,-1.4952,-1.1637,0.4948,-1.028,-1.8872,-1.2246,-0.4471,-1.9326,0.1272,-0.8328,1.3714,-0.0048,-0.6545
-0.6145,-0.5656,-1.3015,-1.2044,0.4155,-1.0555,-1.5991,-0.724,-0.2658,-1.5092,0.2523,-0.6929,1.4347,0.1431,-0.7422
-0.6965,-0.3172,-0.4735,-1.2168,0.5467,-1.5175,-1.4965,-0.356,-0.7706,-1.4965,0.3165,-0.3345,0.9503,-0.4009,-0.4971
-0.7166,-0.5559,-0.9104,-0.9822,0.6008,-1.3476,-1.2294,-0.0114,-0.9894,-1.2641,0.1907,-0.2209,0.3989,-0.282,-0.1385
-0.7051,-0.429,-0.4593,-1.1469,0.7809,-1.5801,-0.9027,0.5091,-0.7347,-1.1311,0.443,-0.088,0.7573,-0.2369,0.4941
-0.8023,-0.7896,-0.5098,-1.1293,0.7973,-1.4591,-0.842,0.5236,-0.9496,-1.025,0.5803,0.0158,1.1268,-0.2945,0.7012
-0.7932,-0.5259,-0.4192,-0.7316,0.7476,-1.1548,-1.0706,0.7107,-0.9845,-0.8956,0.9104,0.7417,0.4804,-0.4924,1.1203
-0.6821,-0.1912,-0.3172,-1.1784,0.7179,-1.2496,-1.1991,0.585,-1.3516,-0.7113,0.8171,0.3863,0.6034,-0.1856,1.1892
-0.583,-0.4577,0.0293,-1.4257,0.9349,-1.2802,-0.7199,0.5339,-1.4218,-0.7518,0.7812,0.4983,0.8367,-0.3516,1.4419
-0.6499,-0.2866,-0.5323,-1.5184,1.184,-1.1225,-0.5168,0.2339,-1.8424,-0.1607,0.9663,0.5846,0.999,-0.2369,1.8844
-0.5834,-0.088,-0.3809,-1.4137,0.6812,-1.0052,-0.5041,0.0405,-1.7747,-0.2822,0.9256,0.3268,1.2413,0.0255,2.1794
-0.8064,-0.2619,-0.5156,-1.4642,0.6157,-0.9573,-0.6148,-0.3986,-1.9691,-0.1489,0.7789,0.3315,1.1982,0.7804,2.3844
-0.4707,-0.4996,-0.5428,-1.3376,1.037,-1.0268,-0.5724,-0.8567,-1.9556,-0.3446,0.987,0.0281,1.4038,1.3285,2.4399
-0.515,-0.5381,-1.1174,-1.3999,0.8416,-1.0609,-0.6852,-1.2311,-1.6684,0.1532,0.418,-0.1497,1.8721,1.3273,2.2748
-0.6819,-0.2642,-1.3593,-1.4689,0.5552,-0.8591,-0.4621,-1.6242,-1.4498,0.4771,0.1735,0.1411,2.043,1.7728,2.5181
-0.5771,-0.1191,-1.5217,-1.3061,0.16,-1.1637,-0.5514,-1.706,-1.3403,-0.2105,-0.0277,0.1731,1.975,1.7213,2.2917
-0.6446,-0.1356,-1.6829,-1.3756,0.0608,-1.1065,-1.1853,-1.9109,-1.1239,-0.997,-0.2914,-0.2518,2.0239,2.0234,1.7058
-0.6831,-0.5359,-2.2438,-1.2303,0.2251,-1.0706,-1.4021,-2.0034,-0.8972,-0.9391,-0.4872,-0.5302,2.1193,2.1685,1.2824
-0.7416,-1.0877,-2.6045,-1.2243,0.1907,-1.0536,-1.1481,-2.2899,-0.68,-1.0943,-0.5226,-0.6048,1.7292,1.9431,1.3176
-0.4887,-1.0132,-2.3088,-1.2572,0.2137,-1.2415,-1.2029,-2.0818,-0.2769,-0.9789,-0.7612,-1.035,1.9616,2.0954,1.1034
-0.6272,-1.3068,-2.0621,-0.7891,0.2372,-1.6379,-1.4189,-1.8797,-0.0366,-1.3013,-1.1292,-1.2904,1.794,1.7284,0.0441
-0.6286,-1.2124,-2.3602,-0.9961,-0.1365,-1.4138,-1.9744,-1.0709,0.0632,-1.5318,-0.9341,-1.8779,1.9583,1.552,-0.2357
-0.7572,-1.3453,-1.8073,-1.0322,-0.0752,-1.2799,-2.0057,-0.8772,0.0081,-2.0923,-0.6474,-1.979,1.2006,1.2348,-0.4277
-0.7001,-1.3472,-1.3004,-0.916,-0.0794,-1.3118,-1.6358,-0.5687,0.288,-2.0183,-0.0138,-1.9754,0.896,0.8642,-0.6306
-0.8162,-1.3016,-1.1631,-1.3088,0.1877,-1.276,-1.4883,-0.2042,-0.211,-2.0801,0.101,-1.7084,0.8779,0.7751,-0.1897
-0.2767,-1.4129,-0.6193,-1.1451,0.2036,-1.5407,-1.8424,0.2476,0.0579,-2.103,0.5796,-1.1331,0.6277,0.5684,0.3992
-0.3928,-0.845,-0.3854,-1.1818,0.4507,-1.6628,-1.5241,0.3918,-0.4436,-1.5929,0.6156,-0.3089,0.3349,-0.1225,0.8377
-0.5043,-0.4354,-0.306,-1.367,0.3444,-1.5905,-1.6927,1.0921,-0.8402,-1.3115,0.7209,0.1026,0.4204,-0.3625,1.6592
-0.4432,-0.6804,0.0185,-1.3282,0.1388,-1.4811,-1.7555,1.0727,-0.8854,-1.8139,0.5442,-0.0366,0.2341,-0.6172,1.1036
-0.6465,-0.4757,0.5692,-1.214,0.5058,-1.2662,-1.7934,1.1309,-0.987,-2.1194,1.175,-0.1746,-0.4233,-0.4474,0.4914
-0.9989,-0.7032,0.5843,-1.3758,0.6742,-1.1412,-1.7531,1.4703,-1.1629,-2.2597,1.4462,0.4188,0.2081,-0.9513,0.4135
-0.8448,-0.6205,0.7277,-1.2489,0.8762,-0.9842,-1.512,1.0038,-1.614,-2.1536,1.3593,0.7779,0.4577,-1.2499,0.3769
-0.9567,-0.5919,0.8077,-1.4279,1.3127,-1.0107,-1.1639,0.8554,-1.7556,-1.3943,1.3609,0.8712,0.7114,-0.7524,0.8531
-0.8331,-0.7353,0.7807,-1.6388,1.5674,-1.3346,-0.8131,0.7306,-1.9413,-0.8961,1.1968,0.5594,0.8137,-0.7301,1.4945
-0.7185,-0.5383,0.596,-1.5214,1.3356,-1.2711,-0.5284,0.9243,-1.8015,-0.353,1.222,0.623,0.4112,-0.6392,2.1979
-0.9437,-0.4142,0.4629,-1.5922,0.9675,-1.2337,-0.4384,0.8687,-1.7456,-0.0941,1.2523,0.6087,0.8455,-0.121,3.0125
-0.809,-0.4408,0.2463,-1.6544,0.7087,-1.2052,-0.6637,0.7184,-1.897,-0.1563,0.8798,0.2195,0.9146,0.1419,4.073
-0.8357,-0.7234,0.0403,-1.4841,0.8031,-0.9,-0.5201,0.0122,-1.6685,-0.0214,0.8387,-0.3558,1.2153,0.6942,3.7057
-1.004,-0.2856,-0.4631,-1.5745,0.765,-1.3918,-0.2513,-0.4355,-1.513,0.3549,0.6772,-0.0081,1.4899,0.9961,3.4958
-1.1929,-0.6585,-1.0731,-1.319,0.6674,-1.3279,-0.2261,-0.442,-1.1985,0.2497,0.6244,-0.0184,1.7851,1.3832,3.3204
-1.0444,-0.4125,-1.178,-1.4444,0.2011,-1.192,-0.3631,-0.8877,-1.1843,0.3003,0.1898,-0.0993,1.9001,1.3273,3.0241
-1.1738,-0.959,-1.3769,-1.3577,-0.4256,-1.2324,-1.0818,-1.3372,-0.999,-0.4764,-0.0443,-0.6066,2.2296,1.3652,2.6768
-1.2834,-1.066,-1.8718,-1.3622,-0.5855,-0.9994,-1.1132,-1.4333,-0.2919,-0.555,0.1996,-0.9236,1.6708,1.8815,2.2386
-1.1145,-0.9139,-1.7633,-1.537,-0.1454,-0.913,-1.3734,-1.6773,-0.0914,-1.42,0.0629,-0.5715,1.582,2.0041,1.52
-0.9858,-0.9977,-1.5382,-1.3365,0.0508,-0.9945,-1.2136,-1.6194,-0.1589,-1.2562,-0.159,-0.7085,1.1904,2.1954,1.1928
-1.045,-1.0405,-1.7357,-1.2781,-0.0636,-1.2501,-1.3149,-1.3027,-0.3572,-1.1046,-0.2734,-0.7628,1.3883,2.9349,1.1244
-1.0126,-0.7726,-1.613,-1.1524,-0.1724,-1.331,-1.2149,-1.6645,-0.6315,-1.2311,0.1549,-1.117,1.4164,2.7262,0.8409
-1.1652,-0.1375,-1.4144,-1.3297,-0.147,-1.2518,-1.4057,-1.6643,-0.1388,-1.4739,-0.0791,-1.2022,1.5833,2.6437,0.5879
-1.0836,-1.2904,-1.6354,-1.0801,-0.3423,-1.1152,-1.5563,-1.8853,-0.2922,-1.8457,0.5759,-1.2095,1.9012,2.4251,0.4076
-1.1013,-1.4742,-2.1596,-1.0665,-0.1248,-1.0705,-1.301,-2.5756,-0.0857,-1.4229,0.1622,-1.0857,1.7752,2.3456,0.7693
-1.0993,-1.378,-2.4926,-1.1956,-0.3867,-1.0788,-1.9091,-2.5122,-0.0445,-1.0712,-0.3277,-0.6881,1.5866,2.6332,0.2029
-1.3597,-1.5809,-2.4108,-0.8945,-0.5596,-0.8696,-1.671,-2.0356,0.3877,-1.3761,-0.3797,-0.9456,1.2513,2.5597,0.2683
-1.0902,-1.4015,-2.1475,-0.9629,-0.7645,-0.9313,-1.6699,-1.7694,0.6706,-2.0711,-0.414,-1.2857,1.1776,2.2527,0.1028
-0.9445,-1.2485,-1.8108,-1.3103,-0.3693,-1.1754,-1.9631,-2.0189,0.2537,-2.046,-0.4194,-0.6854,1.3883,2.2462,0.1221
-1.0731,-1.1884,-1.5508,-1.7041,-0.2922,-1.254,-2.182,-1.9116,0.197,-1.7582,-0.488,-0.9662,1.1583,2.1477,-0.2826
-1.0524,-1.1519,-2.0376,-1.5687,0.0066,-1.308,-1.9814,-1.9307,0.1145,-1.7119,-0.6021,-1.0964,0.7319,1.7054,-0.0821
-1.0289,-1.5806,-1.7509,-1.5358,0.0933,-1.3377,-1.6556,-1.158,0.4903,-1.4279,-0.6745,-1.0932,0.143,1.7829,-0.1131
-1.1011,-1.3949,-1.3245,-1.2827,-0.9164,-1.3208,-1.4747,-0.4342,1.1867,-1.8168,-0.748,-1.1836,0.2876,1.4954,-0.3381
-1.1996,-1.4418,-0.9788,-1.4961,-0.6663,-1.1867,-1.3121,-0.0133,0.7053,-2.528,-0.5742,-1.4946,0.3954,0.9398,-0.5591
-1.0818,-1.4417,-0.4306,-1.5898,-0.1905,-1.2169,-1.5998,0.3534,0.7721,-2.7307,0.2525,-1.2324,0.3534,0.149,-0.4651
-1.0973,-0.5989,-0.2163,-1.7863,-0.3851,-1.2035,-1.7489,0.4425,0.3226,-2.672,0.1786,-0.8626,0.2179,-0.2772,-0.5222
-1.1213,-0.934,0.2365,-1.5215,0.2157,-1.1599,-1.441,0.4977,-0.1981,-2.709,0.5628,-0.6314,0.4042,-0.4267,0.15
-1.2693,-0.6205,0.3326,-1.6627,0.6328,-1.2723,-1.2634,0.5039,-0.7227,-1.8554,0.6156,-0.505,0.075,-0.6476,0.3901
-1.3242,-0.4041,-0.014,-1.3306,0.5388,-1.1154,-1.183,0.8051,-0.5064,-1.5982,0.9885,0.0178,0.1156,-0.6324,0.6451
-1.3144,-0.388,0.4357,-1.6191,0.362,-0.8807,-1.0292,0.582,-0.8992,-1.6501,1.132,0.046,0.4657,-1.0161,1.17
-1.0343,-0.6008,0.1635,-1.5765,0.7643,-1.1361,-0.9708,0.8124,-1.3046,-1.4068,1.1023,0.0755,0.5525,-0.3903,1.0342
-1.1772,-0.3825,0.3637,-2.0547,0.4329,-1.2123,-0.9586,0.6689,-1.0518,-1.0462,0.8415,0.0299,0.7449,-0.335,1.5437
-0.9815,-0.5189,0.3,-1.8752,0.9391,-1.1697,-0.9759,0.6203,-0.9713,-0.8975,0.8793,0.0521,-0.0577,0.1011,1.5188
-1.0623,-0.4822,-0.1736,-1.8751,1.4214,-1.1227,-1.9556,0.6267,-0.8719,-0.6299,0.848,-0.0412,0.2752,-0.1406,2.0296
-1.1129,-0.2118,0.0246,-1.8449,1.3361,-1.0214,-1.4035,0.5367,-0.7709,-0.2165,0.9404,0.1388,-0.1125,-0.1459,2.2861
-1.2607,-0.791,-0.0605,-1.8536,0.8484,-0.804,-1.5566,0.7001,-0.8478,-0.3715,1.1582,0.1965,0.1008,-0.3482,2.4115
-1.085,-0.3551,-0.9642,-1.8741,0.2678,-0.927,-1.1571,0.4572,-0.4222,-0.7804,0.902,-0.0357,0.6045,-0.0211,2.1635
-0.9965,-0.6272,-0.1324,-1.8498,-0.2819,-0.8953,-1.2882,0.1559,-0.3847,-1.5192,0.7748,-0.534,0.5688,-0.1398,1.8548
-1.212,-0.8219,0.052,-2.1055,0.1076,-0.8815,-1.2919,-0.2052,-0.5382,-1.7634,0.5116,-0.8334,0.6289,0.2313,1.629
-1.2577,-1.0024,-0.215,-1.867,0.4301,-1.2294,-1.0921,0.1021,-0.2175,-1.2188,0.8452,-0.9726,0.6868,0.4291,1.5824
-1.1203,-0.7555,-0.3327,-1.8072,0.8527,-1.5962,-0.9206,0.3668,-0.1517,-0.9626,0.9415,-0.6952,1.3158,0.4601,0.8528
-1.2458,-0.785,-0.1655,-1.9192,0.4054,-1.3,-0.9906,-0.3554,-0.6018,-1.5551,1.0994,-0.3893,1.078,0.3595,1.4573
-1.1379,-1.1673,-0.1647,-1.5771,0.5778,-0.9562,-0.9614,-0.53,-0.5004,-1.3819,1.1137,-0.236,1.0193,0.5568,2.0349
-1.1694,-0.5232,-0.6003,-1.6973,0.4105,-0.8908,-0.8171,-0.776,-0.6966,-0.9052,0.8156,-0.4156,1.3708,0.7808,2.3018
-1.3909,-0.8688,-0.8529,-1.7441,0.0407,-0.6769,-0.9097,-1.038,-0.4112,-1.0226,1.1774,-0.2158,1.5146,1.1022,2.4914
-1.2209,-0.9561,-1.2723,-1.5075,-0.2719,-0.8225,-1.2695,-1.4327,-0.1679,-1.1936,0.9629,-0.1193,1.7437,1.5056,2.522
-1.4289,-1.0606,-1.7951,-1.3349,0.2045,-0.8221,-1.3798,-1.7005,-0.2388,-1.2509,0.5256,-0.1658,1.565,1.5062,2.7972
-1.4977,-1.1858,-2.1782,-1.6833,0.2391,-0.7425,-1.178,-1.748,0.0214,-0.9992,0.2164,-0.4329,1.0417,1.5188,2.5087
-1.4251,-1.2783,-1.7183,-1.987,-0.12,-0.5514,-1.0602,-1.2678,0.6799,-1.6228,0.0623,-0.4232,1.3454,1.8536,2.0675
-1.1793,-1.6423,-2.1628,-1.4861,0.5664,-0.7259,-0.8185,-1.5703,0.4161,-1.4999,-0.3099,-0.5346,1.5321,1.8516,1.8208
-1.2482,-1.1944,-2.1201,-1.7349,0.3141,-0.6221,-0.6487,-1.479,0.5686,-1.1613,-0.4909,-0.8742,1.6639,1.5269,1.6951
-1.4027,-1.5096,-1.6736,-1.4015,-0.0336,-0.6154,-1.1023,-1.4744,0.71,-1.4215,-0.1673,-1.2136,1.2893,1.2513,1.7163
-1.1313,-1.4673,-1.4144,-1.3333,-0.2667,-0.8441,-0.9139,-1.0071,0.8433,-1.9672,-0.0872,-1.2203,1.2897,1.2128,1.3527
-1.2006,-1.235,-1.3629,-1.7983,-0.1773,-0.8218,-0.9124,-0.9692,0.7487,-2.1788,-0.0913,-1.3849,1.6801,1.1803,0.7497
-1.5034,-1.3049,-1.1293,-1.7349,-0.0133,-0.6117,-1.1387,-1.1193,0.7193,-2.5461,0.1015,-0.9622,1.5141,1.2157,0.9082
-1.2839,-1.0932,-1.0483,-1.7483,0.2474,-0.6038,-1.1811,-1.393,0.3424,-1.8451,0.1432,-0.5276,1.4385,0.9848,0.8929
-1.1631,-1.0347,-1.0367,-1.8044,0.2231,-0.6688,-1.0271,-1.1822,0.4552,-1.8192,0.1814,-0.5594,1.7629,1.1409,1.1104
-1.3894,-0.9047,-1.3563,-1.8756,0.033,-0.8663,-1.337,-1.2544,-0.0123,-1.8052,0.0742,-0.8196,1.3747,1.0018,1.1488
-1.275,-1.1132,-0.8793,-1.3551,0.1862,-0.7514,-1.1547,-0.7292,0.1611,-1.8297,0.2806,-0.8286,1.3819,0.8544,1.247
-1.2329,-1.0393,-0.9784,-1.5525,0.341,-0.7837,-1.3271,-0.8112,-0.108,-1.5115,0.5733,-0.7848,0.8081,0.7478,1.5654
-1.0846,-0.697,-0.9257,-2.0676,0.5092,-0.8554,-1.0264,-0.7915,0.1027,-1.3897,0.3238,-1.0857,1.1116,0.701,1.8694
-1.2937,-0.9525,-1.0961,-2.2459,0.1855,-0.788,-0.6696,-0.6882,0.3605,-1.4493,0.3788,-0.7161,1.4847,0.6018,1.5003
-0.9827,-1.1829,-0.623,-1.7837,-0.1194,-1.1331,-1.1693,-0.5168,0.184,-1.5975,0.2838,-0.5352,1.5028,0.5545,1.2573
-1.0582,-0.9209,-0.6052,-1.934,0.0809,-1.1605,-1.3065,-0.3048,-0.1238,-1.8431,0.8135,-0.5731,1.1734,0.6115,1.5089
-1.2772,-1.1637,-0.6767,-1.7875,0.0731,-1.0549,-1.2666,-0.7946,-0.2856,-1.9928,0.6525,-0.4114,1.1735,0.5802,1.4778
-0.9991,-1.5041,-0.6795,-1.6163,0.3081,-1.1039,-1.123,-0.2294,0.0949,-1.4783,1.1761,-0.1207,0.9785,0.9055,1.5717
-1.0896,-1.3291,-0.3681,-1.4625,0.1515,-1.2667,-0.872,-0.4212,-0.388,-1.2317,1.3444,0.0793,0.9604,0.7826,1.8882
-1.0543,-1.0661,-0.6347,-1.4927,0.0524,-1.4687,-1.0186,-0.4978,-0.6325,-1.2238,1.0817,-0.3511,0.8142,1.3564,1.9987
-1.1932,-0.6406,-1.8068,-1.6586,-0.0491,-1.3634,-0.8296,-0.2514,-0.0355,-1.534,0.9038,-0.3829,0.7681,1.2401,1.881
-1.0857,-1.0665,-2.1462,-1.6318,0.052,-1.1872,-1.2123,-0.3899,0.5764,-2.1629,0.5745,0.0804,1.3498,0.8557,1.679
-1.1976,-0.9298,-2.0533,-1.5866,-0.159,-1.1697,-0.9749,-0.1479,0.6103,-2.1381,0.3343,-0.3513,1.14,0.3257,1.1752
-1.2263,-1.2258,-1.0601,-1.6972,-0.1698,-1.0973,-1.1821,0.1827,0.8066,-2.4756,0.5308,-0.7928,0.784,0.0393,0.9678
-1.1767,-1.1355,-0.2609,-1.9601,0.3395,-1.1176,-1.298,0.203,0.3423,-2.1907,0.9056,-0.9709,0.617,-0.1086,0.249
-0.9838,-1.0138,0.7037,-1.882,0.677,-1.1036,-1.875,0.5328,-0.0441,-2.0747,1.2725,-0.4239,0.5157,0.1947,0.9109
-0.8586,-0.1011,0.4901,-2.1901,0.8344,-1.3429,-1.577,0.4537,-0.7424,-1.7309,1.3475,-0.3109,0.5821,-0.1543,1.4551
-0.8975,-0.4317,0.4403,-1.8844,0.7928,-1.372,-1.4995,0.4997,-0.7233,-1.7795,1.5649,-0.0378,0.2124,0.1602,1.6892
-1.0174,-0.2953,0.5421,-2.1597,1.0155,-1.3793,-1.429,0.8162,-0.7293,-1.5765,1.559,0.3561,0.0726,-0.0532,2.1391
-1.1295,0.2879,0.5757,-2.5094,0.9654,-1.3696,-1.133,0.9342,-0.7403,-1.3808,1.5842,0.1603,0.6051,-0.1394,2.286
-1.1481,0.0358,0.4945,-2.7401,0.8995,-1.3804,-1.2106,0.6152,-1.2017,-1.2533,1.6054,0.1371,0.6759,-0.2962,2.5002
-1.1577,-0.7688,0.3643,-2.3378,0.8271,-1.344,-1.0518,0.3813,-0.6386,-1.5972,1.5041,0.5069,0.6658,0.2153,2.3012
-1.1952,-0.9009,0.2638,-2.0607,0.6618,-1.7914,-1.4157,0.7482,-0.5743,-1.2894,1.5934,0.4958,0.7044,0.0415,2.2958
-1.0498,-1.2352,0.6159,-1.8269,0.4458,-1.3311,-1.0061,0.3054,-0.893,-1.3747,2.0305,0.3822,0.608,-0.3582,2.6644
-1.3674,-0.9064,-0.2248,-2.1365,0.5435,-1.1164,-1.118,0.329,-1.0506,-0.7144,1.8165,0.1262,0.6871,0.0516,2.8493
-1.6633,-0.9696,-1.0199,-2.2277,0.268,-1.0017,-1.0553,-0.1261,-0.6577,-1.0346,1.3815,-0.1634,1.4148,0.5385,2.5008
-1.2891,-1.3422,-1.1954,-1.9777,0.2585,-0.8089,-0.8734,-0.5895,-0.2997,-1.6314,1.3043,-0.1518,1.1879,0.8756,2.6237
-1.1934,-1.6256,-1.0337,-1.9599,0.0371,-0.7908,-1.255,-0.9901,-0.963,-1.058,0.9565,0.0245,1.3745,0.6969,2.6025
-1.2736,-1.0443,-0.7774,-1.9817,-0.0352,-0.8049,-1.3303,-0.7901,-0.6817,-0.7644,1.0175,-0.0631,1.2287,1.3657,2.3413
-1.2845,-1.3631,-0.967,-1.9031,-0.2825,-0.9716,-1.3369,-0.862,-0.4875,-1.0652,0.6094,0.0278,1.0903,1.2534,2.1497
-1.2052,-0.6641,-0.8197,-2.0549,-0.3777,-1.149,-1.4128,-0.7415,0.1079,-1.5443,0.3657,-0.5712,1.1084,1.2831,1.6982
-1.1435,-1.0774,-0.4736,-2.0661,-0.4878,-1.1394,-1.4004,-0.2948,0.315,-1.9062,0.2405,-0.9899,1.0169,1.4533,1.3524
-1.0891,-1.041,0.0153,-1.7125,-0.2512,-1.1254,-1.5507,-0.1083,0.1829,-1.7998,1.1794,-1.0252,1.2787,1.1314,1.2314
-1.0523,-0.6911,0.1931,-2.0547,-0.0391,-1.2659,-1.6237,-0.6313,-0.2287,-1.8288,1.5071,-0.74,1.0074,0.8521,1.6401
-1.1316,-0.6219,0.2197,-1.9661,0.2031,-1.2616,-1.3827,-0.6159,-0.2077,-1.3529,1.4321,-0.7014,1.0814,1.07,1.9202
-1.145,-0.2748,-0.2576,-2.1244,0.2868,-1.2384,-1.2856,-0.6595,-0.3724,-1.1719,1.3833,-0.0887,1.4237,1.0932,1.9446
-1.1629,-0.2161,-0.4691,-2.1491,-0.048,-1.0261,-1.3049,-0.2987,-0.2522,-1.2159,0.967,0.2208,1.5283,1.2788,2.059
-1.2406,-0.6642,-0.8275,-2.1295,-0.3066,-1.1204,-1.4051,-1.1304,-0.3983,-1.4843,1.012,-0.0314,1.5806,1.1366,2.0995
-1.2622,-0.9112,-0.9282,-1.8977,-0.1784,-1.105,-1.788,-0.832,0.4143,-1.319,1.1296,-0.0647,1.2917,1.4201,2.1302
-1.5,-0.7342,-0.7484,-1.9389,-0.0982,-0.9621,-1.9192,-1.1029,0.2,-1.6703,1.0498,0.0185,1.0297,1.1402,1.9033
-1.2582,-0.6448,-0.9919,-1.7741,-0.1586,-1.0251,-1.6743,-1.7135,-0.332,-1.7167,1.1301,-0.9825,1.0784,1.0749,1.6536
-1.3262,-0.8943,-1.3827,-1.7163,0.6187,-1.1048,-1.3614,-1.0677,0.148,-1.3573,0.9817,-0.7472,1.2787,1.4097,1.7166
-1.1279,-0.7319,-1.2095,-1.6598,0.1023,-1.1551,-1.0715,-0.7179,0.4213,-1.0224,0.8748,-0.4358,0.9938,1.1354,1.5436
-1.1436,-0.4284,0.0087,-1.9417,-0.3113,-1.227,-1.1601,-0.9858,0.0705,-1.1824,1.3409,-0.1882,1.3262,0.749,2.0758
-1.1059,-0.2992,-0.1409,-1.745,0.1971,-1.3709,-1.2626,-0.8662,-0.2435,-1.1749,1.2726,-0.3752,0.7504,0.9166,1.7686
-1.0467,-0.641,-0.9799,-1.506,0.4339,-1.3662,-1.6673,-0.4785,-0.3214,-1.2695,1.3828,-0.2239,0.8322,1.1256,1.6435
-1.0142,-0.3102,-0.644,-1.7212,0.2264,-1.132,-1.3438,-0.3881,-0.1175,-1.3942,1.1491,-0.4463,0.8976,0.6951,1.6297
-1.1729,-0.4028,-0.6142,-1.7705,0.2956,-1.3049,-1.234,-0.3914,-0.1214,-1.207,1.1977,-0.4578,0.3175,0.5983,1.8786
-1.1443,-0.5895,-0.4358,-1.8459,0.0526,-1.2827,-1.4402,-0.1431,-0.1732,-1.597,0.8478,0.0228,0.3689,0.5952,1.9535
-1.3531,-0.9293,-0.5574,-1.0842,0.0245,-1.1044,-1.2774,0.198,-0.3149,-1.4955,0.7739,-0.616,0.4321,0.5259,1.7281
-1.2798,-0.8675,0.1606,-1.3294,0.3099,-1.0826,-1.2699,0.4332,-0.2605,-1.8213,1.2521,-0.483,0.3085,0.1286,1.8081
-1.4127,-0.6185,-0.2006,-1.8778,0.713,-0.9724,-1.24,0.5817,-0.6191,-0.8955,1.6913,-0.1526,0.5584,0.3519,1.7447
-1.307,-0.8452,0.253,-1.982,0.4543,-0.9694,-1.0761,0.4817,-0.6967,-0.9157,1.6317,-0.3418,0.471,-0.0504,2.1159
-1.1757,-0.7735,0.3511,-1.6755,0.5918,-0.9301,-1.1785,0.618,-0.6428,-0.6885,1.8905,-0.248,0.1537,-0.0249,2.208
-1.1194,-0.7389,0.2762,-1.8082,0.5188,-0.8652,-1.1046,0.4582,-0.8837,-0.8818,1.9074,-0.4191,0.3301,0.0375,2.7131
-1.0952,-0.4714,0.1496,-1.8885,0.4849,-0.8344,-0.8172,0.5093,-0.4151,-0.7198,1.8634,-0.268,0.3731,0.3937,2.9827
-1.0341,-0.7391,0.0922,-1.9474,0.7454,-1.0185,-0.6894,0.1907,-0.7517,-0.557,1.8352,-0.3513,0.1644,0.4774,3.4376
-1.381,-0.6381,-0.0827,-1.8506,0.6631,-0.3824,-0.8695,-0.4194,-0.549,-0.2912,1.6563,-0.3388,0.7728,0.4689,3.9255
-1.1219,-0.5861,-0.4864,-2.0815,0.263,-0.637,-0.5491,-0.6853,-0.7435,-0.0302,1.3949,-0.3589,0.8092,0.9935,3.9278
-1.039,-0.9658,-1.2183,-2.0003,0.1396,-0.7437,-0.7592,-0.625,-0.5305,-0.4771,1.2127,-0.4331,0.8676,1.5106,3.7818
-1.1684,-0.9678,-1.3581,-2.0854,0.0589,-0.7189,-1.2808,-1.0069,-0.1459,-0.3286,0.7912,-0.2865,0.9625,1.7103,3.3168
-1.2585,-1.0635,-1.4073,-2.2521,-0.002,-0.7686,-1.4135,-1.2152,-0.1136,-0.496,0.4573,-0.57,0.446,1.6001,2.669
-1.3506,-1.6075,-1.6359,-2.0725,-0.0471,-0.7442,-1.3487,-0.3242,0.5818,-0.7326,0.4665,-0.8787,0.3928,1.6771,2.3956
-1.3744,-1.4408,-1.3995,-1.7155,-0.3834,-0.7109,-1.3391,-0.4136,0.8718,-1.1732,0.8126,-0.98,0.5707,0.958,1.9849
-1.1438,-1.3586,-0.9816,-1.5519,-0.5731,-0.7254,-1.6331,0.0916,0.6083,-1.7054,0.6845,-1.3911,0.7584,0.913,1.7914
-1.1118,-1.307,-1.3092,-1.5842,-0.355,-1.0583,-1.4205,0.3352,0.5132,-2.1029,0.915,-1.4642,0.6636,0.4304,1.2339
-1.2591,-1.1115,-0.8878,-1.5414,-0.3773,-1.1824,-1.6126,0.7242,0.8731,-2.0422,1.0783,-1.122,0.5274,0.4491,1.597
-1.0699,-0.7496,-0.0447,-1.8333,0.1135,-1.3366,-1.2435,0.8971,0.7929,-2.2636,1.3138,-0.8928,0.096,0.0671,1.5442
-0.8933,-1.1776,0.2803,-1.9274,0.2862,-1.2048,-2.5074,0.8165,-0.0851,-2.0765,1.5355,-0.7494,0.1255,-0.2362,1.542
-0.9129,-0.9279,0.5843,-1.7371,0.4618,-1.101,-3.1717,1.3011,-0.2978,-1.6632,1.7802,-1.0399,-0.0692,-0.4041,1.5796
-1.122,-0.5557,0.368,-1.9374,0.6537,-0.9919,-2.4695,1.0548,-0.738,-1.7002,1.9704,-0.8978,-0.767,-0.311,1.5544
-1.19,-0.302,0.3837,-2.0423,0.698,-0.8602,-1.8812,1.2765,-0.4977,-1.8188,1.9712,-0.5607,-0.5313,-0.4823,1.8053
-1.0815,-0.1789,0.3209,-2.1738,0.7684,-0.9809,-1.7013,1.5937,-0.5667,-1.9867,1.8428,-0.3686,-0.5506,-0.7919,1.673
-0.9875,0.0926,0.4824,-2.4061,1.0688,-0.7439,-1.793,1.5899,-0.8499,-1.7638,1.908,-0.3576,-0.5801,-1.1154,1.9865
-0.8539,-0.3242,1.643,-2.3809,0.8765,-0.8338,-1.425,1.3588,-0.9254,-1.4661,2.0382,-0.3924,-0.243,-1.2525,2.0807
-0.8026,-0.3348,1.5026,-2.1196,1.0705,-0.8161,-1.4998,1.3331,-1.4997,-0.9592,2.4544,-0.104,-0.5078,-0.9136,2.7156
-0.6996,-0.1979,0.9122,-2.3668,1.1857,-0.764,-1.1867,2.1929,-1.1598,-0.8694,2.4542,0.1609,-0.1895,-0.3108,3.0334
-0.492,-0.0899,1.3597,-2.1015,0.9186,-0.8439,-0.9341,1.5296,-1.3693,-0.5606,2.4388,0.2668,-0.1219,-0.4934,3.5438
-1.0424,-0.2475,1.4484,-2.0009,0.673,-0.697,-0.8848,1.0144,-2.1043,-0.4893,2.4278,0.2275,0.8193,0.2976,3.8353
-0.8057,-0.6524,0.9644,-1.7454,0.7175,-0.6097,-1.0461,0.0011,-2.2242,-0.4885,2.3225,0.7587,0.9161,1.0285,3.9283
-0.8553,-0.3441,-0.216,-2.1516,0.6038,-0.6906,-1.0742,-0.7586,-2.5649,0.2148,2.2703,0.648,0.8878,1.8214,4.5078
-0.8606,-0.2938,-0.7169,-1.9637,0.424,-0.6343,-1.0692,-1.4338,-1.5154,0.2226,1.8565,0.6073,0.7353,2.2371,4.5691
-1.0124,-0.2972,-1.317,-2.1661,-0.1214,-0.4988,-1.2836,-1.8841,-1.1911,0.0405,1.3584,0.5,1.1618,2.7742,3.9697
-0.9934,-0.7397,-2.2165,-2.0657,-0.4605,-0.3898,-1.2144,-1.8637,-0.4833,-1.1465,0.6644,-0.056,1.235,3.1154,3.0718
-0.8878,-0.7734,-2.1526,-2.1094,-0.4235,-0.4331,-1.56,-1.7904,0.1941,-1.1096,0.0403,-0.5012,1.5785,3.424,2.2
-0.782,-1.3424,-2.1572,-1.5688,-0.5239,-0.3385,-1.4971,-2.2424,0.176,-1.4324,-0.1386,-1.0609,1.4003,2.8518,1.6254
-0.8552,-1.2502,-2.5811,-1.8132,-0.6766,-0.2771,-1.5686,-1.9951,0.3219,-1.677,0.0273,-1.5688,1.273,2.4569,1.157
-0.6064,-1.4627,-2.3628,-1.8468,-0.8411,-0.2626,-1.7621,-1.6196,0.985,-1.9382,0.1093,-1.7154,0.8859,2.9445,1.0424
-0.5861,-1.2242,-1.8664,-1.8453,-0.4822,-0.2448,-1.8145,-1.6871,0.7922,-2.0559,0.1416,-1.9587,0.5382,2.6023,0.8097
-0.745,-1.3558,-2.0162,-1.7238,-0.2766,-0.4795,-1.9954,-1.0906,0.4853,-1.854,0.2863,-1.5287,0.9506,2.2266,0.5814
-0.8839,-1.0294,-1.8613,-1.6361,-0.435,-0.3753,-1.9215,-0.7702,1.0346,-1.9724,0.3979,-1.5941,0.8114,1.4253,0.6849
-0.7937,-1.3475,-1.5217,-1.8346,-0.6556,-0.2554,-1.9436,-0.6223,0.6292,-2.7625,0.5608,-1.5239,0.521,0.8334,0.6275
-0.7863,-1.2898,-1.5546,-1.5158,-0.4455,-0.2714,-2.4116,-0.3127,0.2449,-2.4057,0.7426,-1.2262,0.3648,0.8551,0.6402
-0.3715,-1.1661,-1.0729,-1.5087,-0.6666,-0.6283,-2.0593,-0.0565,-0.0525,-2.4459,0.9263,-1.5038,0.4431,0.365,0.2807
-0.6381,-0.7623,-0.7501,-1.6699,-0.5144,-0.4283,-2.2449,0.1516,0.2692,-2.5399,1.4085,-1.4181,0.1333,0.4927,0.8762
-0.6651,-0.9355,-0.2684,-1.8435,-0.3661,-0.3936,-2.747,0.1404,0.3536,-2.7975,1.3824,-1.2561,0.3139,0.2368,1.092
-0.7724,-0.5424,-0.5051,-2.0218,0.3046,-0.4021,-2.2441,0.0067,-0.0804,-2.0373,1.5253,-1.1217,-0.034,0.2003,1.2269
-0.6657,-0.4348,-0.3085,-1.9569,0.3694,-0.4496,-2.1712,0.0322,-0.2133,-1.7239,1.7917,-0.558,0.1425,0.2206,1.422
-0.5654,-0.5146,-0.3798,-1.9804,0.5223,-0.5226,-1.7754,-0.0373,-0.2229,-1.6383,1.7352,-0.5664,-0.0163,-0.1549,1.7233
-0.6299,-0.5196,-0.3318,-2.0336,0.6454,-0.7055,-1.7288,0.482,-0.2505,-1.2638,1.5095,-0.4421,0.019,-0.3654,1.6884
-0.5316,-0.7185,-0.1669,-1.9148,0.3387,-0.722,-1.3486,1.0751,-0.1913,-1.339,1.6177,-0.563,-0.1706,-0.6609,2.2467
-0.7683,-0.1851,0.0085,-2.076,0.3715,-0.3097,-1.0835,1.277,-0.1405,-1.0573,1.6191,-0.2197,-0.1038,-0.5701,2.6097
-0.5754,-0.2585,0.4021,-2.3829,0.2493,-0.4309,-1.0973,1.1407,-0.667,-1.2108,1.5107,-0.2069,1.0413,-0.3817,2.6843
-0.646,-0.3524,0.5227,-2.261,0.1946,-0.4592,-0.4968,0.7376,-0.9312,-1.2047,1.68,-0.3341,0.8327,-0.0354,2.6431
-0.6992,-0.88,0.6934,-1.9604,0.2889,-0.6998,-0.6804,0.5886,-1.2393,-0.9503,2.0325,-0.2893,0.6423,0.1728,3.0647
-0.8146,-0.2849,0.2436,-2.1963,0.2268,-0.6548,-0.8625,0.071,-1.3686,-0.5901,1.9343,-0.3365,0.7946,0.1939,3.541
-0.9182,-0.4797,-0.3352,-2.0682,0.0263,-0.3753,-1.3477,-0.0683,-1.0033,-0.4493,1.8245,-0.1779,0.9316,0.9262,3.736
-0.7659,-0.5577,-0.8017,-1.5422,-0.3119,-0.4501,-0.7638,-0.5646,-1.1595,-0.5226,2.1025,-0.3384,0.934,1.237,4.1502
-0.4237,-0.2099,-1.1276,-2.0155,-0.4401,-0.5636,-1.1034,-0.5792,-0.7374,-0.6969,1.8265,-0.553,1.2422,1.5968,4.3203
-0.5859,-0.2707,-1.3482,-2.306,-0.4795,-0.4338,-1.157,-1.1332,-0.7559,-0.7885,1.3321,-0.3958,1.4169,1.7923,3.4045
-0.6396,-0.3335,-2.2591,-2.3755,-0.326,-0.6296,-1.0889,-1.2649,-0.4209,-0.9883,0.8681,-0.841,1.552,1.5063,3.6252
-0.6064,-0.799,-2.0638,-2.0779,-0.3693,-0.7878,-1.7775,-1.1762,0.0795,-0.9697,0.7296,-0.8966,1.4989,1.9818,3.1679
-0.6764,-0.6475,-1.8535,-2.1715,-0.6737,-0.7356,-1.8039,-1.0346,0.4112,-1.0904,1.095,-1.2158,1.2017,1.9959,2.6667
-0.7666,-0.66,-1.6692,-2.1673,-0.7657,-0.7845,-1.9586,-1.12,0.1398,-1.6983,0.8942,-1.6359,1.1289,1.6479,2.3798
-0.4963,-0.895,-1.5673,-2.27,-0.5207,-0.9497,-1.4003,-0.5526,0.5119,-1.4847,0.717,-2.5813,0.5736,1.5062,1.9613
-0.5532,-0.6277,-0.6431,-2.0812,-0.7361,-0.9514,-1.3408,-0.195,0.6339,-1.6478,0.9272,-1.9142,0.9022,1.1215,1.9848
-0.6995,-1.1657,-0.6395,-1.5664,-0.4411,-0.8034,-1.3524,-0.1528,0.2323,-1.9065,1.6113,-1.6995,0.8745,0.926,2.2096
-0.6105,-0.7194,-0.5453,-1.9384,0.4418,-0.6463,-1.7112,-0.1281,-0.3465,-1.1071,1.8146,-1.2691,0.888,0.8391,2.672
-0.6787,-0.3204,-0.7369,-2.1439,0.3042,-0.5702,-1.4586,-0.5948,-0.7426,-0.9263,1.6401,-0.9879,1.3501,0.5878,2.7409
-0.5526,-0.3424,-1.5674,-2.1611,0.3323,-0.5601,-1.4154,-0.8741,-0.331,-0.7588,1.0424,-0.8184,1.5526,0.8409,2.5674
-0.3928,-0.636,-1.521,-2.2474,-0.1644,-0.7201,-1.18,-1.0216,-0.131,-0.9592,0.8247,-1.2446,1.2892,0.5624,2.3378
-0.5258,-0.6231,-1.7387,-2.6064,-0.0599,-0.6915,-1.2339,-0.5385,0.0083,-0.7081,0.698,-1.0175,1.4463,0.9187,3.0497
-0.6281,-0.6573,-1.3754,-2.5452,-0.5072,-0.7682,-1.2565,-0.5878,0.3103,-1.1029,0.3647,-1.1939,1.2657,0.9515,2.7987
-0.4855,-0.9638,-1.5463,-2.3025,-0.5296,-0.5797,-1.2402,-0.2409,0.4764,-1.6795,0.4687,-1.2314,1.191,0.8779,2.1026
-0.5321,-0.967,-1.5788,-2.3702,-0.3953,-0.5945,-1.318,-0.3242,0.5725,-1.5646,0.6448,-1.1838,0.7743,1.1159,2.2366
-0.844,-0.998,-1.2722,-2.2204,-0.275,-0.4979,-0.9747,-0.2718,0.5361,-1.6114,0.4925,-0.8648,1.1319,1.0212,1.9782
-0.671,-0.9118,-0.9046,-1.7141,0.0408,-0.3752,-1.3424,-0.1345,0.0935,-1.5645,1.2035,-1.2687,1.3798,0.7375,2.3551
-0.5067,-0.7102,-0.818,-1.8512,0.2594,-0.3436,-1.2238,-0.3095,-0.1357,-1.099,1.0297,-1.1559,1.1665,0.54,3.6722
-0.5211,-0.4678,-0.9026,-1.6488,0.5073,-0.5245,-1.4467,-0.3454,-0.4009,-0.2867,1.2957,-1.4712,1.141,0.5496,3.9064
-0.7409,-0.6211,-0.8933,-1.9522,0.7563,-0.4538,-1.356,-0.4642,-0.1232,-0.1682,1.2084,-0.9168,1.08,0.3912,3.5245
-0.6843,-0.4824,-0.7749,-1.7459,0.5776,-0.4498,-1.3558,-0.2631,-0.242,-0.227,1.1809,-1.0893,1.0159,0.2761,3.3623
-0.9557,-0.4984,-1.2024,-2.1462,0.4669,-0.2824,-1.1919,-0.4358,-0.3973,-0.3561,0.9261,-0.9337,1.0122,0.2718,3.08
-0.794,-0.7734,-1.2602,-2.0782,0.0383,-0.3493,-1.2694,0.1289,-0.0835,-0.881,0.8941,-0.9182,1.0697,0.2516,2.6467
-0.5919,-1.0375,-0.9818,-2.1679,-0.1216,-0.4196,-1.3437,0.0659,-0.0474,-1.3456,0.8379,-0.8036,0.8789,0.3684,2.3954
-0.583,-0.8971,-0.7953,-2.2065,0.1231,-0.439,-1.5166,0.0897,-0.2222,-0.9754,1.0147,-0.8122,0.7282,0.4207,2.3667
-0.4429,-0.4847,-1.692,-2.129,0.0866,-0.4716,-0.788,-0.0683,-0.189,-0.9909,0.9446,-0.5718,0.8138,0.248,2.4049
-0.5047,-0.783,-1.3089,-2.3709,0.0636,-0.8516,-1.0977,0.3564,0.4406,-1.1852,0.5835,-0.308,1.0062,0.2919,2.3934
-0.4998,-0.5022,-0.7486,-2.3732,0.1223,-0.8254,-1.2224,0.5494,0.2253,-1.4094,0.9455,0.2369,1.1903,-0.1271,2.1467
-0.7434,-0.4985,-0.4832,-2.4541,0.2133,-0.6971,-1.9295,0.3816,-0.7033,-1.459,1.1572,-0.325,1.0984,-0.7669,2.3462
-0.6126,-0.8188,-0.8775,-2.2111,0.3586,-0.827,-1.6621,0.9588,-0.3113,-1.7533,1.3168,-0.9685,0.8808,-0.3353,2.194
-0.5053,-0.9521,-0.566,-2.2492,0.1514,-0.5784,-1.5299,0.9059,-0.1518,-1.6055,1.3634,-0.6899,0.7463,-0.6548,2.4326
-0.3643,0.0537,-0.8768,-2.5227,0.6797,-0.6556,-1.5496,0.9152,-0.1038,-1.4577,1.1657,-0.4184,0.509,-0.556,2.4274
-0.432,-0.022,-0.1382,-2.4545,0.5959,-0.7744,-2.0008,1.1718,-0.255,-1.5759,1.242,-0.6584,0.3671,-0.7768,2.1261
-0.4882,-0.1744,0.3736,-2.5112,0.7945,-0.6321,-1.9451,1.6963,-0.506,-1.5633,1.4381,-0.0641,0.3967,-1.0788,1.8972
-0.4761,-0.3173,1.0497,-2.4104,1.1452,-0.565,-1.4436,1.577,-0.7917,-1.2365,1.8749,-0.0794,0.1071,-1.1773,1.6451
-0.4166,-0.3826,0.8246,-2.5286,1.3297,-0.5489,-1.3128,1.3214,-1.6594,-0.6352,2.0776,0.1113,0.2138,-1.2183,2.312
-0.333,-0.2209,0.5627,-2.2042,1.5834,-0.4696,-1.3087,1.1015,-1.9715,-0.1935,2.4297,-0.0393,0.4845,-1.0792,3.066
-0.5634,-0.1911,0.4992,-2.2321,1.5977,-0.4024,-0.8604,0.6983,-1.6406,0.4139,2.6336,0.0625,0.6369,-0.5801,3.5901
-0.6395,0.2699,0.5811,-2.6111,1.1972,-0.3559,-0.9249,0.5619,-1.5273,0.826,2.4952,0.469,0.7833,-0.3989,4.3088
-0.62,-0.1646,-0.1608,-2.2502,1.1166,-0.3751,-0.905,0.2004,-1.686,0.7047,2.1675,0.9967,1.261,-0.3827,4.7012
-0.4969,-0.2216,-0.0607,-2.1237,0.5851,-0.3872,-0.8256,-0.3641,-1.4876,0.4995,1.9908,0.8055,1.2696,0.138,4.5452
-0.6878,0.0279,-1.0901,-2.4012,0.5519,-0.4997,-0.9235,-0.4226,-1.2934,0.5569,1.6445,0.2967,1.19,0.6787,4.5226
-0.7601,-0.4715,-1.5136,-1.9328,0.3206,-0.3231,-0.9883,-0.6071,-0.5949,-0.0077,1.1292,0.5296,1.14,1.2493,3.92
-0.5632,-0.6724,-1.5659,-2.1925,-0.0725,-0.4259,-1.1647,-0.8268,-0.3656,-0.4068,0.9589,0.3856,1.2734,1.2856,3.3684
-0.6955,-0.4001,-1.5175,-2.393,0.1696,-0.3728,-0.9295,-0.8491,-0.2488,-0.1849,0.9246,-0.0475,0.753,1.249,3.3157
-0.7542,-0.7628,-1.5043,-2.2447,-0.012,-0.319,0.6195,-0.9955,-0.0569,-0.5658,0.85,-0.2879,1.3914,1.4151,3.0063
-1.2565,-0.6142,-1.5968,-2.1619,0.3675,0.171,-0.1904,-1.2313,-0.3864,-0.3457,0.5531,-0.1129,2.1732,1.2,3.2229
-0.8878,-1.2438,-1.9266,-2.1112,-0.0183,0.1114,-0.5869,-1.2359,-0.3857,-0.5919,0.3482,0.0217,2.4233,1.2029,2.8927
-0.7378,-1.0072,-1.7407,-1.6003,0.0442,0.0934,-0.8803,-1.3977,0.0128,-0.3233,0.7243,-0.1242,2.1422,1.1901,2.7366
-0.4909,-0.7617,-1.9842,-2.2627,-0.0429,-0.0369,-1.8842,-1.4549,-0.1073,-0.4691,0.4966,-0.2974,1.9796,1.6079,2.7357
-0.2739,-0.7612,-1.9902,-2.5199,-0.3021,0.0521,-2.1351,-1.9168,-0.0018,-0.4851,0.1187,-0.5041,1.8542,1.7878,2.5954
-0.3259,-0.7666,-1.2461,-2.2029,-0.0721,-0.1292,-1.934,-1.9366,0.1491,-0.5165,0.279,-0.6176,1.6118,1.821,2.0857
-0.4829,-0.7148,-1.7977,-2.319,0.2419,-0.2572,-2.0434,-1.5001,-0.0143,-0.3217,0.1448,-1.1408,1.6497,2.1636,1.9726
-0.4326,-0.9873,-1.8371,-2.2927,-0.5872,-0.4071,-1.8006,-1.5085,0.3391,-0.8818,0.1944,-0.894,1.7058,1.7173,1.4477
-0.3041,-0.9166,-1.636,-2.2402,-0.3196,-0.5027,-1.5558,-1.3894,0.5449,-1.1671,0.3449,-0.8784,1.4502,1.4336,1.3234
-0.3312,-1.1415,-1.3192,-2.3384,-0.0303,-0.5067,-1.1894,-1.2092,0.3886,-0.7883,0.2216,-0.6712,1.4606,0.8588,1.2729
-0.487,-1.5268,-1.5336,-2.0333,-0.0601,-0.2467,-1.3391,-0.9028,0.1687,-0.7918,0.372,-0.4863,1.4684,0.752,1.6666
-0.5824,-0.9792,-1.6646,-2.2826,0.2099,-0.219,-1.4847,-0.736,0.0837,-0.5392,0.3257,-0.1421,1.6565,0.9146,1.4572
-0.5421,-0.5988,-1.1123,-2.2636,0.2043,-0.2842,-1.0484,-0.3706,0.4932,-0.7732,0.4199,-0.0674,1.1783,1.0025,1.4452
-0.4774,-0.5515,-0.8558,-2.2191,0.3746,-0.2113,-1.1943,-0.3054,0.0086,-0.7991,0.6859,-0.7714,1.1947,1.064,1.3848
-0.399,-0.2471,-1.075,-2.0866,0.1615,-0.4028,-1.2706,-0.0017,-0.4125,-0.6596,0.9602,-0.8136,1.0471,0.723,1.9697
-0.366,-0.2904,-0.8549,-2.1894,0.0267,-0.3221,-1.1511,-0.0803,-0.4347,-0.4849,1.019,-0.0209,1.1939,0.5744,2.3003
-0.6487,-0.1054,-0.9825,-2.4124,-0.0509,-0.1078,-2.2608,-0.0962,-0.4176,-0.5891,1.0552,-0.0163,-0.2389,0.6855,2.4596
-0.4119,-0.4061,-1.1538,-2.4644,-0.4217,-0.3016,-1.8892,0.1257,-0.0266,-1.2983,0.7866,-0.4169,-0.8551,0.6734,1.6913
-0.2984,-0.4979,-0.9567,-2.87,-0.1005,-0.5146,-1.6651,0.4023,-0.0163,-1.7473,0.0453,-0.4247,-0.4515,0.3415,1.0419
-0.298,-0.4202,-0.7577,-2.4638,0.1213,-0.4062,-1.599,1.1641,0.3958,-1.7098,0.6321,-0.6677,0.2412,0.5824,0.9113
-0.4351,-0.4862,-0.1617,-2.492,0.3739,-0.2127,-1.5414,1.208,0.2686,-1.7813,0.8193,-0.5479,0.0988,-0.0703,1.1514
-0.3692,-0.4409,0.38,-2.2929,0.7058,-0.2935,-1.467,1.581,-0.0984,-1.3809,1.4211,-0.7665,0.4151,-0.5157,1.3463
-0.382,0.3527,0.8306,-2.2821,1.1411,-0.3154,-1.2747,1.2579,-0.8414,-0.9427,2.0216,0.1323,0.39,-0.8538,2.0711
-0.5414,0.1889,0.6238,-2.5818,1.2663,-0.398,-1.2985,0.73,-1.392,-0.725,2.0056,0.4781,0.8983,-1.2021,2.5393
-0.5093,0.2032,0.6964,-2.6824,1.2195,-0.5539,-1.1778,0.8656,-1.3233,0.008,2.173,0.5787,0.8148,-0.9091,2.7928
-0.5459,0.4091,0.0604,-2.7524,1.8246,-0.4408,-1.1361,0.5809,-1.376,0.516,1.9232,0.9021,-0.0257,-0.5934,3.7034
-0.3135,0.201,-0.447,-2.6538,1.309,-0.5546,-1.1275,0.4884,-1.1008,0.6853,1.3179,1.0696,0.6059,-0.6582,3.7513
-0.3922,0.0373,-0.4762,-2.7379,1.49,-0.518,-1.4688,0.6076,-0.7094,0.858,1.318,0.3958,0.3668,0.0441,3.7293
-0.4295,1.0974,0.0213,-2.9519,1.0252,-0.3226,-1.1807,0.1563,-0.7706,1.2032,1.0397,0.2885,0.5577,0.496,4.0655
-0.5638,0.1649,0.1626,-2.9231,0.8747,-0.2444,-1.0456,0.1172,-0.7099,0.1227,1.2973,0.5396,1.0691,0.5234,3.7074
-0.5221,0.1851,-0.5073,-2.9181,0.8982,-0.3378,-1.3743,-0.4264,-0.7825,0.2179,0.9116,0.0958,1.3483,0.5244,3.3963
-0.5702,0.0822,-0.9165,-2.6127,0.9627,-0.2104,-1.5012,-0.8349,-1.0043,0.2993,1.1702,-0.4027,1.4918,0.4919,3.0958
-0.416,-0.1707,-1.1715,-2.7394,0.7042,-0.4469,-1.1267,-1.2054,-0.4649,0.5912,0.9597,-0.2311,1.6271,1.0439,3.8876
-0.4162,-0.3876,-1.4376,-2.9092,0.191,-0.5903,-0.7926,-1.093,0.0694,0.4419,0.807,0.0069,1.6965,1.365,3.3141
-0.6835,-0.6092,-1.5101,-2.8039,0.0531,-0.7227,-0.9972,-1.1719,0.3013,-0.03,0.9363,0.0902,1.8125,1.6649,3.0469
-0.6278,-1.4125,-2.1498,-2.5973,-0.0773,-0.6317,-1.4948,-1.315,0.1592,0.2315,0.7724,-0.2235,1.5071,1.7478,2.8384
-0.5673,-1.3746,-2.0071,-2.5261,-0.2747,-0.4866,-1.8064,-1.6707,0.3386,-0.046,0.3611,-0.5782,1.4787,1.5091,2.5204
-0.4205,-1.0262,-1.7936,-2.4826,-0.3127,-0.5354,-1.3951,-1.3081,0.5876,-0.3674,0.6168,-0.6473,1.1425,1.6671,2.3648
-0.4284,-1.2349,-1.4537,-2.2512,-0.1127,-0.5514,-1.9748,-1.6797,0.1748,-0.389,0.706,-0.6272,1.6184,2.017,2.2388
-0.3577,-0.7415,-1.7499,-2.5276,-0.4572,-0.647,-2.5503,-1.9597,0.2475,-0.5123,0.7826,-0.3815,1.6145,2.0938,2.2722
-0.5,-0.6076,-2.1418,-2.8885,-0.1501,-0.5968,-2.1253,-1.9211,0.2292,-0.719,0.2387,-0.4362,1.6951,2.2349,2.0006
-0.3321,-1.052,-2.0788,-2.6004,0.0286,-0.3112,-2.2427,-2.4567,0.5348,-0.9198,0.0477,-0.7644,1.5814,2.0878,1.7641
-0.3711,-0.8264,-2.5816,-2.3491,-0.3002,-0.3708,-2.0535,-2.2636,0.9075,-0.9364,0.0903,-0.9646,1.402,2.109,1.6818
-0.4235,-1.1225,-2.5445,-2.5046,-0.6508,-0.2421,-2.57,-2.1555,0.7539,-1.4585,0.1382,-1.2775,1.3649,1.9587,1.382
-0.3695,-1.1334,-2.7116,-2.5083,-0.4833,-0.3642,-2.5033,-1.8071,1.2226,-1.64,-0.0192,-0.9718,1.1315,2.4187,0.8918
-0.2473,-1.151,-2.8636,-2.4349,-0.3064,-0.517,-2.3817,-1.941,1.0711,-1.6381,-0.0177,-0.9441,0.8375,2.0539,0.6393
-0.2768,-1.0643,-2.1817,-2.273,-0.0885,-0.514,-2.3697,-1.2992,1.2817,-1.3434,0.0109,-1.1683,0.7482,2.0409,0.3407
-0.4359,-0.9763,-1.5283,-2.3052,-0.0074,-0.3894,-2.118,-1.3959,0.4864,-1.5863,0.0879,-1.2351,0.302,1.4681,0.4898
-0.3787,-0.9371,-1.6254,-2.3056,0.1188,-0.2684,-1.8013,-0.6491,1.0041,-1.7456,0.0337,-1.5291,0.4624,1.0061,0.6603
-0.1764,-0.9791,-1.7195,-2.8463,0.3871,-0.2265,-1.3854,-1.3396,0.2457,-1.2283,-0.2538,-1.2302,0.8082,0.1467,0.71
-0.1608,-1.166,-1.8161,-2.7786,0.1882,-0.2875,-1.9214,-0.5058,0.7824,-0.7698,-0.312,-1.1056,0.9299,0.4898,1.1544
-0.2603,-1.3645,-1.4095,-2.5064,0.1001,-0.2042,-2.0086,0.1583,1.1602,-0.9995,-0.0174,-0.9455,0.6899,0.4564,1.0844
-0.1852,-1.143,-0.38,-2.519,0.3104,-0.2119,-1.8989,0.387,0.98,-1.0306,0.437,-1.3954,0.0426,-0.1563,1.2913
-0.2539,-0.9683,0.1373,-2.3078,0.7222,-0.08,-1.8104,0.9145,0.1922,-0.7867,1.3831,-0.6373,-0.3881,-0.4576,2.2401
-0.401,-0.3555,0.269,-2.227,0.7158,-0.095,-1.7003,0.783,-0.7803,-0.4141,1.6655,-0.0988,-0.051,-0.3242,3.0114
-0.3284,-0.1902,0.7562,-2.2234,0.6047,-0.085,-2.2146,0.4281,-1.0298,-0.3496,1.9928,0.0336,0.3813,-0.3959,3.1809
-0.2112,0.1391,0.0882,-2.5297,0.702,-0.1529,-2.0449,0.0242,-1.1314,-0.2284,1.5583,0.3865,0.6547,-0.0532,2.9772
-0.2344,0.1797,-0.6524,-2.5283,0.6626,0.0846,-2.0461,-0.4762,-1.101,0.0045,1.3777,0.4934,0.7132,0.5201,3.0904
-0.3645,-0.0935,-1.0589,-2.6945,0.6798,0.0571,-1.8498,-0.6073,-0.4816,0.0596,0.8823,1.1326,0.9019,0.7213,3.2478
-0.4793,-0.2318,-1.3805,-2.622,0.54,0.0528,-2.1786,-0.8615,-0.4074,0.0646,0.7064,0.6644,0.9258,0.9332,2.9884
-0.2971,-0.6894,-1.5035,-2.3216,0.2633,-0.0137,-2.3457,-0.8961,-0.0209,-0.6008,0.5962,0.3409,1.1172,0.8335,2.6911
-0.1175,-0.4356,-1.1144,-2.3478,0.4753,-0.2019,-2.0981,-0.69,-0.1545,-0.1989,0.6406,0.3428,0.7526,1.137,2.6344
-0.1217,-0.5357,-1.5847,-2.5821,0.5255,-0.3933,-1.8887,-0.8182,-0.2441,-0.2502,0.5043,0.0039,0.6349,1.5157,2.3788
-0.3233,-0.6802,-1.4733,-2.4679,0.4886,-0.3252,-2.1049,-1.0561,-0.2384,0.0564,0.2641,0.0514,0.8333,1.3673,2.7561
-0.1582,-0.7899,-2.1384,-2.4927,0.0602,-0.2764,-2.0215,-0.9512,-0.1626,-0.2204,0.1083,-0.1575,0.7991,1.4389,2.7053
-0.36,-0.9995,-2.637,-2.3557,0.0887,-0.3372,-2.2831,-0.9924,0.2404,-0.5738,0.0045,-0.3139,0.5608,1.4893,2.3251
-0.1318,-1.1286,-2.3459,-2.4754,-0.5249,-0.3077,-2.2456,-0.5874,1.0569,-1.2467,-0.3795,-0.4231,0.5032,1.1967,1.7272
-0.3882,-1.0682,-1.8724,-2.2326,0.0334,-0.4716,-2.1095,-0.1471,1.2984,-1.6039,-0.0961,-0.6774,0.3985,1.2586,1.1323
-0.2468,-0.8437,-0.925,-2.4208,0.2305,-0.3354,-1.8683,-0.2531,0.6899,-1.5403,0.2295,-0.8671,0.7288,0.5096,0.7511
-0.3054,-0.6156,-0.9484,-2.4835,0.7595,-0.6278,-2.0383,0.0152,0.4161,-1.1609,1.1405,-0.7858,0.8777,0.1943,1.4791
-0.2796,-0.2661,-0.7356,-2.3128,0.8536,-0.6703,-1.907,0.2317,0.5311,-1.3856,0.7979,-0.3248,0.7902,-0.2423,1.5811
-0.5676,-0.2675,-0.4812,-2.4221,0.9821,-0.3066,-2.1394,0.2145,0.1876,-0.7972,0.872,-0.261,0.9189,-0.6634,1.7684
-0.6958,-0.5098,-0.561,-2.5769,0.981,-0.3296,-1.9056,0.0127,-0.3291,-0.7255,0.9381,0.0061,0.5835,-0.8852,2.3377
-0.5233,-0.4651,-0.8711,-3.0921,0.9218,-0.4395,-1.4402,0.0239,-0.2722,-0.1647,0.4603,0.1176,0.6833,-0.8658,2.1497
-0.4921,-0.7536,-1.2713,-2.9839,0.7556,-0.2755,-1.2079,0.33,0.1104,-0.1764,0.1583,-0.5384,1.3083,-0.1781,2.5828
-0.4179,-0.7437,-1.046,-2.5954,0.6703,-0.252,-1.0666,0.6515,0.4482,-0.2171,-0.0181,-0.9642,1.2996,-0.1518,2.8238
-0.5074,-0.8102,-0.768,-2.272,0.3139,-0.2656,-1.5354,0.4308,-0.1825,-0.1997,0.6611,-1.0934,1.2136,-0.0616,2.8877
-0.4016,-1.4875,-0.1968,-2.1413,0.2251,-0.2153,-2.5797,0.0701,-0.1193,-0.805,1.0918,-0.7741,1.2871,-0.1153,3.292
-0.3609,-0.7058,-0.5394,-2.0004,0.3827,-0.3169,-2.2297,-0.4303,-0.3866,-0.4333,1.3472,-0.5589,0.7725,-0.0438,3.0145
-0.4836,-0.2287,-2.6544,-2.242,0.7,-0.36,-2.0376,-0.9605,-1.0497,0.0358,0.7412,0.2586,0.8518,0.6061,2.7968
-0.8541,-0.451,-2.6701,-2.364,0.4163,-0.0412,-1.9566,-1.0341,0.0866,-0.3653,0.2924,0.1211,1.3335,1.0159,2.5141
-0.5435,-0.6895,-2.1812,-1.9759,0.4742,-0.171,-2.3305,-1.4005,0.3987,-0.6154,-0.2052,-0.3249,1.3627,0.7638,2.4759
-0.6624,-0.8385,-2.6071,-1.878,0.2082,-0.2938,-2.1733,-1.0319,0.4205,-0.4721,0.0046,-0.5265,1.292,0.5568,2.4177
-0.7286,-1.0431,-2.1788,-1.7404,-0.197,-0.4104,-2.4313,-0.8111,0.7488,-0.9147,-0.0382,-1.4301,1.1961,0.8193,2.0531
-0.6187,-1.1668,-1.75,-1.7298,0.0278,-0.477,-2.5248,-0.7912,0.727,-1.0491,0.213,-1.4389,0.5969,0.8599,1.987
-0.4496,-0.9853,-1.4767,-1.8182,0.0125,-0.4401,-2.7198,-0.4209,0.8421,-0.8254,0.284,-0.8198,0.9501,0.7377,1.8813
-0.4366,-0.5646,-0.9055,-2.0281,0.1985,-0.6069,-2.7395,-0.491,0.4204,-0.9542,0.6454,-0.2024,1.0534,0.1612,2.2897
-0.6212,-0.7095,-1.0058,-2.0326,0.3265,-0.4502,-2.3925,-0.6562,-0.2833,-0.6004,0.2529,0.0484,0.7737,-0.1627,2.0736
-0.6112,-0.6392,-0.8623,-2.2679,0.6284,-0.2553,-1.2641,-0.4462,-0.1412,-0.4462,0.3423,-0.0947,0.7113,0.0403,2.4613
-0.5127,0.0338,-0.8385,-2.3604,0.5469,-0.3793,-1.5877,-0.2025,-0.0166,-0.4598,0.0862,-0.4311,1.0662,-0.4277,2.732
-0.6395,-0.5849,-0.6361,-2.3622,0.3189,-0.331,-1.6833,-0.0953,-0.101,-0.6908,0.3429,-0.4129,1.5876,-0.6111,2.6831
-0.6016,-0.5323,-0.8976,-2.2748,0.4647,-0.5134,-1.7425,0.2132,-0.1559,-0.4106,0.6857,-0.6419,1.5378,-1.1203,2.6652
-0.8813,-0.7132,-0.8621,-2.0394,0.2955,-0.3617,-1.4234,0.2668,-0.0828,0.3835,0.9393,-0.494,1.5639,-0.8661,3.7547
-0.9634,-0.5727,-0.6622,-1.7897,0.0459,-0.2952,-1.5573,-0.0654,-0.463,-0.0595,0.9701,-0.4222,1.6005,-0.6652,3.8002
-0.9447,-0.2849,-0.7802,-2.1339,0.2185,-0.1004,-1.5363,-0.5152,-0.6565,-0.1337,0.771,-0.0595,1.7597,-0.2881,3.5877
-0.8093,-0.8813,-1.3325,-2.2739,0.1054,0.0656,-1.8537,-1.1974,-0.8885,-0.1533,0.7012,-0.0837,1.7598,-0.4185,3.6378
-0.933,-0.9576,-1.9195,-2.3574,0.2584,-0.0915,-2.1705,-0.4739,0.0279,0.0529,0.4545,-0.0572,1.0195,0.2577,3.3633
-0.7435,-1.0442,-1.5984,-2.5605,0.0074,-0.0971,-2.1134,-1.4976,-0.1622,0.0041,0.3048,-0.0811,1.198,0.0059,3.219
-0.9445,-1.2937,-2.3518,-2.1391,0.3324,-0.2358,-2.1324,-1.1303,0.2586,0.3262,0.1227,-0.3244,1.1513,0.4175,3.129
-0.8576,-1.0981,-2.0866,-2.1464,-0.0014,-0.228,-1.9832,-1.2185,0.3514,0.1996,0.2402,-0.5473,1.5294,-0.0271,2.8432
-0.7999,-1.436,-1.9768,-1.7841,-0.1067,-0.2116,-2.3133,-1.1985,0.2133,-0.1655,-0.0292,-0.4253,0.838,0.1396,2.9813
-0.9126,-1.188,-1.9063,-1.7965,0.0624,-0.1042,-2.485,-0.7068,0.5137,0.0367,0.4615,-0.7176,0.8952,0.2032,3.0115
-0.832,-1.2712,-1.5654,-1.6994,-0.0378,-0.2149,-2.4931,-0.8941,0.5311,-0.2217,0.5716,-0.5442,1.1826,0.3315,2.796
-0.7412,-1.4105,-1.8452,-2.0858,0.2063,-0.3402,-2.5376,-0.8191,0.2931,-0.1021,0.7483,-0.6389,0.8604,0.2462,2.829
-0.6493,-0.4617,-1.3666,-2.115,-0.0737,-0.3478,-2.498,-0.998,0.2516,-0.2121,0.7956,-0.1875,2.432,-0.4602,2.6019
-0.677,-0.6388,-1.4339,-2.2408,0.081,-0.4706,-2.581,-1.2193,0.0179,-0.8238,0.5942,-0.1016,1.5004,-0.2558,2.2393
-0.5347,-0.8207,-2.1253,-1.7768,0.2489,-0.4613,-2.9022,-0.8765,0.1304,-1.1603,0.8448,-0.6429,1.0173,0.0442,2.3386
-0.5939,-0.7357,-1.8757,-1.9591,-0.1435,-0.4719,-2.221,-1.1849,0.4874,-0.7188,0.6244,-0.304,0.8724,-0.0436,2.5197
-0.8036,-1.169,-1.9407,-2.0358,0.1543,-0.3797,-2.5925,-0.9457,0.6205,-1.0111,0.5963,-0.3262,1.1801,-0.004,2.6359
-0.5127,-0.7293,-1.5858,-2.1362,0.0676,0.0419,-2.5736,-1.0084,0.8989,-0.8604,0.6672,-0.4004,0.7961,-0.0377,2.5909
-0.6034,-0.8736,-1.3232,-2.0485,-0.0828,-0.0737,-2.4598,-0.8111,0.6431,-0.923,0.928,-0.2713,0.7086,-0.2168,2.5523
-0.608,-1.1697,-1.1248,-2.0647,0.0077,-0.2424,-2.6487,-0.5619,0.4656,-1.2911,0.9648,-0.2884,0.8538,-0.2077,2.424
-0.5294,-0.7195,-1.2985,-2.5656,0.3626,-0.3075,-2.7349,-0.3823,0.7978,-0.8649,0.5071,-0.0453,0.7505,-0.3981,2.2645
-0.5497,-0.9639,-1.2771,-2.5752,0.207,-0.2003,-2.5178,-0.1044,0.5051,-1.2066,0.1735,-0.0535,0.4113,-0.6098,2.046
-0.4408,-1.008,-0.6947,-2.2997,0.3282,-0.3065,-2.6297,0.2556,0.2904,-1.0166,0.4567,-0.0107,1.048,-0.5851,2.0705
-0.6511,-0.5817,-0.835,-2.3777,0.4339,-0.1332,-2.6832,0.2634,0.0924,-0.9528,0.4718,0.1262,0.8112,-0.8773,2.241
-0.5776,-1.1473,-0.7217,-2.4282,0.6595,0.0424,-2.3322,0.3524,0.145,-0.8925,0.4799,-0.3299,0.5811,-0.8756,2.0367
-0.4666,-0.9468,-0.4646,-2.1063,0.6243,-0.1919,-1.9205,0.1946,0.1312,-0.7259,0.6879,-0.1597,0.5,-1.1895,2.1576
-0.756,-0.6596,-0.9497,-1.9082,0.767,-0.0672,-2.0831,0.3217,0.0543,-0.5216,1.0201,0.083,0.8821,-1.0939,2.7163
-0.6603,-1.5178,-0.9396,-1.8168,0.6803,-0.2543,-2.6619,0.0277,-0.2544,-0.3278,1.0547,0.0839,0.9074,-1.2566,2.9827
-0.6817,-0.5372,-1.3187,-2.1462,0.5387,-0.224,-2.5445,-0.4717,-0.541,0.0254,0.7667,0.8282,0.9121,-0.9307,3.0201
-0.6149,-1.284,-1.7484,-1.968,0.4655,-0.2626,-2.4661,-0.3794,-0.1031,-0.2057,0.5794,0.6698,0.9534,-0.5564,3.1274
-0.6033,-1.2483,-1.3958,-1.7941,0.2681,-0.3121,-2.5121,-0.4534,0.4032,-0.0605,0.787,0.0002,0.9091,-0.6494,3.1657
-0.614,-0.9706,-1.8276,-1.9802,0.5729,-0.2954,-2.4252,-0.6431,0.1871,0.4985,0.7285,-0.1758,1.1738,-0.3335,3.2682
-0.5969,-1.243,-2.0745,-1.9516,0.0454,-0.3677,-2.4089,-0.7861,0.2866,0.0053,0.198,-0.3673,1.1117,-0.2039,3.1795
-0.6474,-1.2092,-1.7998,-1.7584,0.051,-0.4561,-2.4989,-0.5519,0.7316,-0.2012,0.3106,-0.7141,0.9674,0.0862,2.9001
-0.7845,-1.1517,-1.531,-1.8332,-0.1133,-0.4343,-2.4169,-0.5242,0.5923,-0.5068,0.5373,-0.1237,0.4461,0.003,2.6552
-0.6026,-0.9316,-1.6992,-1.8885,-0.1262,-0.3252,-2.7121,-0.3617,0.726,-0.8183,0.379,-0.2621,0.8871,-0.2946,2.4615
-0.6666,-0.82,-1.4634,-2.2019,-0.0659,-0.1671,-2.5365,-0.1526,0.6284,-0.936,0.3473,-0.1322,0.3134,-0.3229,2.3241
-0.6352,-0.8472,-1.2779,-2.1339,0.3644,-0.3721,-2.0468,0.0318,0.6113,-1.1086,0.0953,-0.3394,0.5502,-0.3371,2.0323
-0.5772,-1.1639,-1.2982,-2.5633,0.5888,-0.2633,-1.4967,0.2922,1.1964,-0.9412,-0.1383,-0.3178,0.754,-0.6968,1.8519
-0.5666,-0.8327,-1.1592,-2.3391,0.6867,-0.4389,-1.5937,1.0059,0.7366,-0.4526,0.0623,-0.9488,0.7309,-1.0705,2.6813
-0.7854,-1.1509,-0.7566,-2.1862,0.3657,-0.3174,-1.8136,0.936,0.4934,-0.719,0.4262,-0.7134,0.6705,-0.9341,2.6838
-0.6189,-1.2884,-0.3778,-2.1111,0.9,-0.4522,-1.5781,0.7623,0.0535,-0.1149,0.4763,-0.6688,0.761,-0.8486,3.3226
-0.5036,-1.2169,-0.3765,-1.9333,0.8433,-0.5408,-1.6158,0.5791,-0.0846,0.1912,1.1244,-0.3588,0.4052,-1.1828,3.4999
-0.6849,-1.5312,-0.3975,-1.8864,0.7211,-0.549,-1.877,0.3305,-0.4651,0.5319,1.3343,-0.0248,0.5544,-0.9196,4.1939
-0.6177,-0.7508,-0.6862,-1.9099,0.6281,-0.5702,-1.7217,0.2691,-0.5153,0.883,1.2128,0.4841,0.8208,-0.8358,4.5103
-0.7055,-0.9365,-0.9755,-1.976,0.7441,-0.4812,-1.7956,-0.1082,-0.5632,0.5063,1.0642,0.4787,1.4093,-0.6849,4.5597
-0.7286,-0.7282,-1.3391,-2.005,0.4079,-0.6644,-1.5163,-0.2926,-0.2687,0.2169,0.8255,-0.1256,0.5833,-0.1292,4.3879
-0.7781,-0.6411,-1.2324,-1.8874,0.2029,-0.2537,-1.8588,-0.6097,-0.2663,-0.095,0.6829,0.1591,0.8822,-0.1036,4.5463
-1.0583,-0.996,-1.6471,-1.9701,0.3478,-0.1315,-2.0285,-0.8844,-0.7577,-0.0982,0.831,0.1179,1.1905,0.4699,3.8734
-0.6606,-0.9538,-2.1554,-2.067,0.334,-0.2206,-1.7437,-1.6418,-0.4761,0.0745,0.2067,0.2081,1.0042,0.88,3.5022
-0.5988,-1.352,-2.5221,-2.1834,0.2781,-0.3383,-2.065,-1.9019,-0.3695,-0.028,0.5028,-0.2389,1.3295,1.3849,3.3881
-0.7375,-1.0932,-2.7702,-1.9256,0.223,-0.257,-2.2677,-2.3027,0.007,0.2168,-0.0399,-0.3501,1.317,1.6904,3.1101
-0.51,-1.0863,-3.3831,-2.1063,0.3195,-0.1738,-2.2169,-2.5428,0.4437,-0.0337,-0.5964,-0.6248,1.418,1.8614,2.752
-0.7174,-1.5888,-3.3886,-1.7742,-0.039,-0.1194,-2.151,-2.5635,0.8506,-0.3889,-0.4325,-1.2675,1.1924,1.7294,2.9401
-0.5115,-1.1737,-3.6523,-1.9633,0.001,-0.2509,-2.8987,-2.0559,1.271,-0.3816,-0.7593,-1.4361,1.3556,1.8418,2.5904
-0.506,-1.6233,-3.2039,-1.8239,0.0621,-0.3307,-2.6213,-2.5715,1.3558,-0.5721,-0.783,-1.4844,1.1012,1.3915,1.8391
-0.4281,-1.4806,-3.2856,-1.4915,-0.1252,-0.5252,-2.3336,-1.8461,1.9218,-0.7257,-0.5997,-1.2446,0.9324,1.1622,1.9243
-0.9312,-1.5879,-2.9261,-1.7704,-0.3828,-0.209,-2.5889,-1.4251,1.6928,-1.0574,-0.5905,-1.0677,0.9137,0.8006,1.7613
-0.5989,-1.7964,-2.6844,-1.5061,-0.1557,-0.3326,-2.6934,-1.034,1.4529,-1.317,-0.2959,-1.4378,0.1656,0.2905,2.1662
-0.3201,-2.4001,-1.8751,-1.2444,0.1158,-0.5524,-2.5256,0.6567,1.9765,-1.2549,0.3235,-1.2409,0.2273,-0.0155,1.9853
-0.3636,-1.5574,-0.7061,-1.5323,0.2344,-0.3906,-2.2337,0.1748,0.7926,-0.9212,0.5864,-1.4121,0.0511,-1.4032,1.9218
-0.6201,-1.3742,-1.1509,-1.5527,0.3835,-0.3168,-2.9353,0.6062,0.3837,-1.1995,0.8538,-0.9082,0.117,-1.6342,2.488
-0.946,-1.1923,-0.2686,-1.5711,0.4713,-0.2344,-2.7411,0.5035,0.3492,-0.8094,1.2467,-0.5976,-0.2742,-1.6007,2.7068
-0.4331,-0.9341,-0.4775,-1.8578,0.9562,-0.4557,-2.7891,0.4334,-0.0678,-0.7848,1.4837,0.0914,0.0232,-1.5855,2.6036
-0.7293,-1.0552,-0.3205,-1.9717,1.1351,-0.3954,-2.6716,0.4951,-0.5822,-0.1825,1.5316,0.6686,0.0842,-1.589,3.1272
-0.8364,-0.8532,-0.8758,-2.173,1.4584,-0.1593,-1.9937,0.3284,-0.6891,0.01,1.1473,0.7135,0.2323,-1.5461,3.3569
-0.3674,-1.0223,-0.7572,-2.3865,1.4318,-0.2696,-1.7288,0.0598,-0.6608,0.4463,0.7758,0.4705,0.1169,-1.0881,3.7177
-0.4939,-0.8591,-1.0095,-1.9834,1.8449,-0.3029,-1.7941,0.0861,-0.5639,1.2492,0.6191,0.3406,0.4622,-0.6879,4.3066
-0.3968,-0.9519,-1.1856,-2.0059,1.2958,-0.4259,-2.0604,0.0259,-0.3389,1.4097,0.5332,0.0342,0.816,-0.5449,4.602
-0.6538,-1.0358,-1.1113,-1.9014,0.7936,-0.3495,-2.1111,-0.2024,-0.5422,0.8948,0.8137,0.0088,0.3816,-0.5682,4.3869
-0.7288,-1.0962,-1.4432,-1.8792,0.7273,-0.3695,-2.1881,-0.6504,-0.6793,0.4301,0.7712,0.0335,0.5701,-0.3879,4.2659
-0.6485,-0.9842,-2.2,-2.0032,0.6973,-0.4958,-2.3872,-0.3958,-0.0585,0.2074,0.4026,-0.1552,0.8982,0.0756,4.0108
-0.3563,-0.9622,-1.5486,-1.6906,0.2755,-0.6914,-2.4707,-0.6498,-0.0907,0.4207,0.6249,0.0911,0.8631,0.3115,3.9218
-0.354,-0.8619,-1.2805,-1.9273,0.3804,-0.7749,-2.4456,-0.6773,-0.1882,-0.2645,0.7679,-0.2661,1.2275,0.6185,3.4111
-0.7853,-0.9036,-1.8494,-1.8712,1.0882,-0.6827,-2.881,-0.9858,0.0251,-0.0977,0.6249,0.0601,1.4842,0.7069,3.48
-1.0026,-1.3264,-2.0742,-1.7998,0.8992,-0.2885,-2.7847,-1.7348,-0.4578,0.3938,0.5438,-0.1541,1.6114,0.3146,3.3045
-0.606,-1.0063,-2.8695,-1.9133,0.5105,-0.2596,-2.5438,-1.6922,-0.1742,0.2538,0.7963,0.0832,1.3167,0.95,3.2035
-0.4149,-1.2836,-3.6156,-1.9187,0.3657,-0.3722,-3.1256,-2.2956,-0.3061,0.1086,0.3409,0.0775,1.3326,1.161,3.1915
-0.4591,-1.1553,-3.8098,-1.4822,-0.1236,-0.7847,-2.855,-2.251,0.428,-0.1652,0.0426,-0.1031,0.7412,1.641,2.948
-0.4346,-1.1639,-3.4031,-1.6631,-0.3681,-0.6667,-2.7083,-1.9053,0.613,-0.3923,-0.0324,-0.4785,0.509,1.7256,2.3126
-0.3454,-1.3498,-3.1291,-1.6864,-0.1726,-0.6287,-3.1941,-1.6598,0.8146,-1.8398,-0.309,-0.2521,0.7578,0.8177,1.7793
-0.3549,-1.9827,-3.0774,-1.6452,-0.0149,-0.6281,-2.6898,-0.7351,0.8583,-1.4633,-0.1567,-0.6718,0.3914,0.9377,1.5433
-0.4612,-1.7182,-2.8024,-1.4424,0.5698,-0.3362,-3.3146,-0.8149,0.605,-1.0535,-0.0824,-0.8839,0.7646,0.5899,1.299
-0.3851,-1.182,-2.2642,-1.4455,0.5493,-0.5251,-2.9013,-0.6435,0.7088,-0.9264,0.4807,-1.2652,0.5017,0.3736,1.2559
-0.2506,-0.4787,-2.0023,-2.1475,0.7456,-0.482,-2.6206,-0.5834,0.2528,-0.9915,0.2658,-0.9907,0.3816,0.0753,1.3203
-0.4045,-1.0127,-1.833,-2.0421,1.1247,-0.59,-2.373,-0.3533,0.3089,-1.0152,0.0547,-1.1046,0.3009,-0.1882,1.2916
-0.3905,-1.0737,-2.0345,-2.2496,1.1659,-0.5459,-1.9683,-0.133,1.8215,-0.6043,0.0414,-0.9081,0.1435,-0.5865,1.5366
-0.1743,-0.2688,-1.1082,-2.3085,0.6637,-0.7075,-1.8187,0.1946,0.9893,-0.4289,-0.1721,-0.9997,0.6328,-1.2533,1.814
-0.1068,-0.5207,-0.7169,-2.1994,0.8008,-0.7703,-1.9809,0.8505,0.3242,-0.77,0.1939,-1.0253,0.4275,-1.371,2.1012
-0.3666,-0.5736,-0.747,-2.2629,0.8833,-0.7021,-1.8814,1.2285,-0.1742,-0.5797,0.3241,-0.5943,0.0334,-1.2929,2.2054
-0.2719,-0.2949,-0.7674,-2.4347,0.9016,-0.5667,-2.3377,1.6319,0.1966,-0.7224,0.3651,0.2883,0.0822,-1.4073,2.4244
-0.1916,-0.8679,-0.1795,-2.2827,1.0193,-0.6106,-2.0901,1.5585,-0.283,-0.9509,0.6443,0.0266,-0.2964,-1.9025,2.5557
-0.2059,-0.6745,-0.0674,-2.1946,1.2126,-0.6763,-2.0921,1.6947,-0.8521,-0.1257,0.8078,0.4977,-0.2965,-1.9745,2.7974
-0.197,-0.218,-0.2353,-1.7932,0.9703,-0.7368,-2.0588,2.0681,-0.8269,-0.4261,1.0078,1.0569,0.0215,-1.7928,3.0435
-0.2536,0.0019,0.9029,-2.2213,0.9228,-0.7342,-1.9675,1.836,-1.1045,-0.5188,1.5288,0.4192,-0.1341,-1.751,3.2537
-0.1873,-0.3128,0.4448,-2.1305,1.2079,-0.7507,-1.6299,1.2897,-1.6777,-0.3955,1.7218,0.512,0.0668,-1.8023,3.9137
-0.3015,0.0426,0.1504,-2.3893,1.1435,-0.6353,-1.6106,1.0258,-2.0236,0.1194,1.3422,1.1489,0.0489,-1.2196,4.1599
-0.3391,0.078,-0.6209,-2.3574,1.3193,-0.6201,-1.6692,0.4259,-2.2415,0.4692,1.2081,1.0539,0.275,-1.1594,3.658
-0.4847,-0.4772,-0.718,-2.1167,1.0099,-0.5367,-1.7871,0.3718,-1.7988,0.2553,1.3287,1.3834,1.2266,-0.3002,3.9651
-0.3275,-0.385,-1.4641,-2.0679,1.0178,-0.5184,-1.5291,-0.6361,-2.4795,0.5168,1.2925,1.3135,0.8137,0.036,4.0399
-0.5807,-0.2978,-2.4593,-1.9547,0.9377,-0.177,-1.3813,-0.9168,-1.9647,0.8309,1.0336,0.2708,0.8764,0.6139,4.4183
-0.4852,-0.5219,-2.7566,-2.2105,0.254,-0.0474,-1.6359,-1.4976,-1.6279,0.4682,0.5786,0.1836,1.3994,1.2047,4.1326
-0.5028,-0.8157,-2.8338,-2.1404,0.1172,-0.1307,-1.7944,-2.1081,-0.7953,0.2582,0.2347,0.1788,1.3923,1.8842,3.7465
-0.4007,-1.1068,-3.4522,-2.1401,0.3466,-0.1973,-1.8469,-2.3994,-0.4682,0.3145,-0.2991,-0.2568,1.3493,2.2352,3.5809
-0.7496,-0.5819,-3.8845,-2.5014,0.6365,-0.1659,-1.843,-2.4151,0.1337,0.653,-0.7422,-0.533,1.6265,2.5875,3.1127
-0.6351,-2.0021,-4.4383,-1.9077,0.4653,-0.2412,-1.8176,-2.797,0.3434,-0.0117,-1.0372,-0.7397,0.571,2.3123,3.2184
-0.5843,-1.5644,-4.5098,-1.8364,0.133,-0.0345,-1.828,-2.7662,0.5757,0.212,-1.0794,-0.9767,1.2636,2.1408,2.6418
-0.416,-1.8261,-4.3259,-1.3423,0.2135,-0.1404,-1.8206,-2.2336,1.2902,0.1444,-0.914,-1.325,1.1157,2.3184,2.7946
-0.3896,-1.8626,-3.3992,-1.5736,0.2708,-0.2262,-1.6646,-2.1239,0.7443,0.2482,-0.482,-1.6132,1.2803,1.8731,2.9658
-0.3745,-1.315,-3.5716,-1.8481,0.1726,-0.316,-1.577,-2.1172,0.6503,0.1356,-0.6131,-1.3784,2.0492,1.3626,2.7901
-0.5417,-1.2617,-3.3688,-1.9952,0.2397,-0.2697,-2.0059,-2.4095,0.4327,-0.1942,-0.5821,-1.2514,1.652,1.2145,2.2614
-0.4523,-1.6103,-4.2185,-2.0444,-0.9166,-0.4104,-2.0655,-1.9565,0.6945,-1.0077,-0.7616,-1.1761,1.3911,1.2084,1.7661
-0.3303,-1.6084,-3.6836,-1.9813,-0.181,-0.4071,-2.5878,-1.587,1.233,-1.5983,-0.7579,-1.2553,1.2068,1.5631,1.1525
-0.399,-1.7551,-3.2724,-2.1278,-0.1512,-0.3073,-2.7196,-1.2693,1.1232,-1.907,-0.7978,-1.2081,0.8829,0.8369,0.6363
-0.2555,-1.6393,-2.6911,-2.1016,0.2537,-0.5801,-2.7149,-0.7296,1.0952,-1.7651,-0.5759,-1.3246,-0.1759,0.6746,0.4844
-0.2366,-1.1916,-2.1363,-1.9283,0.228,-0.6908,-2.4725,0.5373,1.1563,-1.871,-0.0452,-1.1853,-0.1108,0.1871,0.3733
-0.5558,-0.884,-1.4193,-2.2795,0.6702,-0.6848,-2.3306,0.5136,0.1615,-1.7275,0.0946,-0.9509,0.2584,-0.4243,0.5636
-0.1589,-0.9625,-1.2525,-2.1743,1.2084,-0.7082,-2.1638,0.7697,-0.0909,-1.3797,0.3645,-0.6262,-0.1271,-0.5298,1.1468
-0.0597,-0.9705,-0.7566,-2.1775,1.4371,-0.657,-2.3059,1.0417,-0.475,-1.2142,0.4421,-0.3713,-0.489,-0.8315,1.4209
-0.0673,-0.8864,-0.5073,-2.3593,1.8394,-0.8282,-1.8391,1.0796,-1.0109,-0.0204,0.8478,-0.0379,0.0115,-1.0961,2.0274
-0.2781,-0.348,-0.7236,-2.2984,1.5568,-0.7999,-1.647,0.8729,-1.4061,0.3972,1.1475,0.4525,0.3742,-0.9842,2.7907
-0.398,-0.4126,-0.5716,-2.3321,1.3128,-0.8356,-1.5258,0.8099,-1.5732,0.2316,1.0105,0.8434,0.5947,-1.0937,3.3485
-0.3405,-0.2966,-0.8537,-2.3148,1.5952,-0.7468,-1.511,0.4724,-1.545,0.4058,0.9916,0.7953,0.4847,-0.6753,4.0437
-0.6103,-0.4107,-0.9903,-2.302,1.4845,-0.666,-1.6626,0.0139,-1.7955,0.3178,1.1688,0.6838,0.7848,-0.2752,4.0466
-0.5615,-0.5747,-1.5422,-2.4855,1.5499,-0.6683,-1.8193,-0.3503,-1.6909,0.4005,1.2074,0.8438,0.8237,-0.0964,4.2505
-0.4095,-0.7637,-1.6433,-2.5696,1.1058,-0.8125,-1.8354,-0.8739,-1.3944,0.625,0.7084,0.6044,1.0841,0.3331,3.8355
-0.5002,-0.5722,-1.8496,-2.7638,1.0187,-0.8413,-1.326,-0.7188,-0.9474,0.4879,0.4706,0.2372,0.9325,0.999,3.6246
-0.479,-0.4967,-1.9226,-2.8575,0.9811,-0.5392,-1.0907,-1.0004,-0.7654,0.15,0.0059,0.2701,1.461,1.2384,3.3528
-0.714,-0.6074,-2.3564,-2.7111,0.4318,-0.5103,-1.1678,-1.5423,-0.6821,-0.3951,-0.1098,0.0843,1.8501,1.2781,2.9655
-0.5822,-1.3109,-3.0562,-2.4924,0.7232,-0.4915,-1.6775,-1.7363,-0.9173,-0.3591,-0.1077,-0.1471,1.9578,1.5983,2.4065
-0.52,-1.7877,-3.3764,-2.383,0.6041,-0.4276,-2.1211,-2.5453,-0.7135,-0.0993,-0.3511,-0.4119,1.795,1.7928,2.5061
-0.7019,-2.1091,-4.2028,-2.2865,0.5512,-0.2443,-2.0758,-2.6507,-0.0389,0.0502,-1.1958,-0.3083,2.0239,2.0504,2.0785
-0.8739,-1.7175,-4.3168,-2.1906,0.1625,-0.2319,-2.0193,-2.0421,0.8089,-0.2573,-1.1949,-0.5518,1.6213,2.2401,1.8224
-0.6199,-1.5862,-3.7158,-2.2793,-0.0383,-0.2742,-2.5858,-2.2778,0.6318,-0.9356,-1.0748,-0.9722,1.811,1.7242,1.2518
-0.6768,-1.6332,-3.6804,-2.132,0.2647,-0.3136,-2.5664,-2.1149,0.4911,-1.1216,-0.6996,-1.0905,1.5878,1.7738,0.5966
-0.4828,-1.7179,-2.4916,-2.1424,0.4724,-0.3577,-2.7253,-2.0996,0.4561,-1.0826,-0.3438,-1.1971,1.3066,1.6445,0.7887
-0.4081,-1.3654,-3.1324,-2.1785,0.4818,-0.4788,-2.6026,-1.9466,0.1017,-0.8063,-0.9433,-1.1166,1.3568,1.3355,0.4007
-0.1527,-1.6184,-2.9007,-1.5791,0.2635,-0.5027,-2.5537,-1.8273,0.2824,-0.9608,-0.1687,-1.2236,1.3303,0.6277,0.3471
-0.5546,-1.4422,-2.8039,-1.8111,0.7786,-0.4833,-2.8292,-1.7434,-0.0035,-1.0214,0.258,-1.077,1.2343,0.564,0.5624
-0.3016,-0.9863,-2.8609,-1.9752,1.3807,-0.6411,-2.7391,-1.4456,0.1519,-0.7609,0.5581,-0.8875,0.776,0.3649,1.131
-0.3808,-0.9327,-2.5434,-2.3227,0.9587,-0.6014,-2.5474,-1.4849,-0.167,-0.4012,0.1304,-0.5039,1.0509,-0.1917,1.9978
-0.4566,-0.9214,-2.4695,-2.3362,0.7274,-0.6055,-2.2052,-1.1149,-0.0505,-0.2459,0.1105,-0.7817,0.9935,0.0223,1.4989
-0.2833,-1.0153,-2.6434,-2.3037,0.7336,-0.737,-2.5639,-0.6312,-0.2729,-0.4563,-0.193,-0.6521,0.9191,0.3656,1.6093
-0.2037,-1.3189,-1.7744,-2.2709,0.5743,-0.7997,-2.38,-0.4744,-0.0099,-0.7879,0.3174,-0.6551,0.3994,0.0006,1.3378
-0.4311,-0.9163,-1.9141,-2.372,1.272,-0.7079,-2.3307,-0.6369,-0.1725,-0.6013,0.5303,-0.2589,0.1781,0.066,1.5424
-0.5463,-1.0217,-1.9408,-2.4575,1.3506,-0.7026,-2.0005,-0.4978,-0.4138,-0.1792,0.4076,-0.1347,0.5095,-0.1751,1.6449
-0.385,-1.4481,-1.9881,-1.9286,1.2824,-0.8062,-1.6071,-0.3247,-0.4009,0.2925,0.6044,0.0909,0.7738,-0.4626,2.2831
-0.3097,-0.6716,-2.1917,-1.9029,1.4492,-0.9561,-1.3996,-0.7894,-0.8879,0.7352,0.7366,0.2716,0.8865,-0.3469,3.0017
-0.4364,-0.927,-2.4083,-2.1295,1.6912,-1.1079,-1.7268,-0.6295,-0.4956,1.0947,0.5641,0.3042,0.9069,-0.1923,3.588
-0.3794,-0.9283,-2.3646,-2.1973,1.2322,-1.0882,-1.4653,-0.7849,-0.5716,1.2798,0.2734,0.405,0.8439,-0.2234,3.7131
-0.6369,-1.1844,-3.0163,-2.4139,0.8771,-1.1059,-1.3715,-0.3819,-0.3304,1.0351,0.2451,0.0842,0.6882,-0.2178,3.5065
-0.483,-1.1143,-2.8904,-2.1837,0.5711,-1.0307,-1.4427,-0.5717,-0.1326,0.1501,0.088,0.2128,0.9144,-0.0572,2.971
-0.4941,-1.1872,-2.6407,-2.517,0.743,-0.9255,-1.5307,-0.4062,0.0538,0.0418,-0.0303,0.0065,0.3229,0.1065,2.6082
-0.2113,-1.3238,-2.2131,-2.4632,0.771,-1.0884,-1.6942,-0.3614,-0.2777,-0.1549,0.1526,-0.431,0.6539,-0.2426,2.2784
-0.2807,-1.2742,-2.6743,-2.4319,0.6395,-1.2363,-1.8498,-0.2966,-0.5418,-0.1405,0.2203,-0.4327,0.5641,-0.0356,2.1905
-0.311,-1.5022,-2.574,-2.5366,0.5403,-1.3678,-1.3906,-0.4472,-0.3686,-0.2378,-0.0305,-0.3119,0.4461,0.1187,1.887
-0.4523,-1.3503,-2.5484,-2.5429,0.5355,-1.2563,-1.6494,0.0239,0.0752,-0.0138,-0.0162,-0.1856,0.3468,0.3792,2.0351
-0.407,-1.2686,-1.9233,-2.4145,0.8554,-1.2367,-2.189,0.0746,-0.3745,-0.2894,0.0842,0.0287,0.5755,0.1806,2.0943
-0.3322,-1.2923,-1.8804,-2.373,0.8,-1.323,-2.2955,0.0775,-0.7526,-0.2617,0.5065,-0.181,0.1872,-0.1777,2.134
-0.2631,-0.9252,-1.6436,-2.4439,1.0406,-1.377,-1.9848,0.1748,-0.6776,-0.2098,0.576,-0.1093,0.0729,-0.0852,2.0636
-0.1847,-0.8882,-1.5185,-2.6983,0.7422,-1.4223,-1.359,0.2926,-0.6722,-0.2055,0.7099,-0.2294,0.0837,-0.4399,2.3059
-0.0987,-1.1025,-1.3555,-2.4807,0.8109,-1.2568,-1.5602,0.5578,-0.6989,-0.4774,0.8076,0.011,0.1912,-0.7509,2.3992
-0.1558,-0.8647,-1.158,-2.4954,0.7363,-1.2822,-1.5789,0.6855,-0.6614,-0.4174,1.0421,-0.0265,0.2249,-0.7949,2.7527
-0.211,-0.7843,-1.0543,-2.2726,1.1492,-1.4253,-1.7507,0.0174,-1.3829,-0.1134,1.0083,0.2955,0.688,-0.9419,2.8189
-0.3542,-0.2549,-0.1178,-2.9064,1.2796,-1.3149,-1.9895,0.0291,-1.2811,0.4537,1.4112,0.5372,0.5606,-0.4606,2.7376
-0.3687,-0.5386,-0.9392,-2.9133,1.4401,-1.4052,-1.6085,-0.0158,-1.3477,0.5105,1.5921,0.5211,0.6897,-0.4942,3.2276
-0.55,-0.5182,-1.3374,-2.7002,0.9999,-1.3084,-1.1701,-0.2439,-1.4479,0.899,1.2823,1.1373,0.403,-0.7553,3.403
-0.4855,-0.762,-1.1698,-2.7268,1.2632,-0.9565,-1.2831,-0.0312,-1.5515,0.5903,1.2516,0.5969,0.5704,-0.1179,3.6179
-0.3119,-0.8399,-1.3923,-2.616,0.9146,-1.0426,-0.9823,-0.2756,-1.3274,0.6596,1.0818,0.8994,0.8683,0.4169,3.5192
-0.4392,-0.8879,-1.3369,-2.3959,0.8401,-1.1793,-1.1031,-0.6798,-1.4761,0.8246,1.2375,0.8558,0.9995,0.5872,4.0278
-0.4546,-0.5178,-2.2306,-2.6633,0.7917,-1.1321,-1.2378,-0.8836,-1.4622,0.5399,0.9106,0.8604,1.2039,0.8972,4.051
-0.6022,-0.3351,-2.7466,-2.7481,0.7521,-1.0557,-1.5804,-1.0869,-1.0967,0.5545,0.5166,0.7304,1.1731,1.3508,3.6228
-0.5244,-1.0833,-2.999,-2.5411,0.6158,-1.1488,-1.4969,-1.5598,-0.9115,0.4549,0.1446,0.6841,1.2913,1.3592,3.1999
-0.373,-1.1456,-3.4412,-2.4576,0.3321,-1.1555,-1.492,-1.5891,-0.2561,0.3229,-0.0236,0.2181,1.4747,1.5251,2.6659
-0.249,-1.4919,-3.1778,-2.3347,0.0334,-1.1372,-1.0883,-1.4604,-0.0136,-0.3054,-0.1866,-0.059,1.1948,1.5783,1.9877
-0.4036,-1.2687,-3.1384,-2.3716,0.2339,-1.0803,-0.7994,-1.4186,-0.0232,0.5151,-0.0819,-0.1945,1.3159,1.55,2.5522
-0.4801,-1.3082,-2.8952,-2.5209,0.4012,-1.1001,-0.9891,-1.6044,-0.1229,0.0696,-0.1163,-0.4409,1.7583,1.5249,2.4397
-0.4534,-1.3613,-2.6208,-2.229,0.4723,-1.0784,-1.3222,-1.7499,-0.2394,0.0347,0.0721,-0.7157,1.8163,1.5159,2.0544
-0.393,-1.3823,-3.1146,-2.3261,0.4324,-0.7395,-1.4392,-2.0521,-0.372,0.5708,0.032,-0.1714,1.8327,1.638,2.443
-0.3543,-1.5092,-3.557,-2.6206,0.3337,-0.9447,-1.422,-2.3314,-0.2001,0.4929,-0.2517,-0.4273,1.6528,1.7881,2.18
-0.3636,-1.9027,-3.6357,-2.3355,-0.2143,-1.0389,-1.7764,-1.9665,0.4523,0.0863,-0.4549,-0.3444,1.4751,1.6166,2.4061
-0.3647,-1.5311,-3.0937,-2.1994,-0.0512,-1.0201,-2.0121,-1.6402,0.5773,-0.0739,-0.489,-0.6013,1.0134,1.7494,1.8645
-0.4816,-2.1241,-3.2319,-2.1489,-0.0582,-0.9262,-2.1318,-1.5985,0.1269,-0.4782,-0.179,-0.6147,1.0414,1.4541,1.4076
-0.2968,-1.5409,-3.3134,-2.1577,-0.0979,-0.9453,-2.09,-1.4059,0.3285,-0.4746,-0.2721,-0.6811,0.9937,1.4719,1.4603
-0.2436,-1.621,-3.5589,-2.2826,0.1649,-1.1292,-2.2515,-1.1537,-0.5223,-0.5869,-0.5249,-0.7036,1.0938,0.8846,0.8167
0.0452,-1.5486,-3.2345,-1.8455,-0.183,-1.1912,-2.053,-0.7081,0.2703,-0.7286,-0.1407,-0.7711,0.9734,0.9093,0.4885
-0.1721,-1.3685,-2.8763,-2.3116,0.0553,-1.0487,-2.0653,-0.8256,0.2279,-0.9859,-0.3999,-0.6721,0.9129,0.6114,0.701
-0.1196,-1.4221,-2.5993,-2.3833,0.0365,-1.1912,-2.2067,-0.563,-0.0756,-1.1149,-0.1815,-0.9019,0.9577,0.2981,0.5103
-0.2186,-1.4802,-1.6891,-2.2085,0.2674,-1.4426,-1.9059,-0.0512,0.2986,-1.31,0.4855,-0.7975,0.6997,0.0202,0.5876
-0.1537,-1.121,-1.4959,-2.0534,0.5986,-1.3039,-1.5141,0.0684,-0.0712,-1.0069,0.4107,-0.5598,0.6875,-0.1187,0.7815
0.2735,-1.0453,-1.1547,-2.1416,1.2174,-1.5926,-1.3879,0.5613,-1.2217,-0.0814,0.8221,-0.2266,0.2567,-0.4127,0.9509
-0.023,-0.801,-0.9719,-1.7119,1.0947,-1.7543,-1.4372,0.6235,-1.5951,0.1239,1.3787,0.1977,0.3315,-0.4756,2.3375
-0.2099,-0.2689,-1.1933,-2.1218,1.1315,-1.6669,-1.9393,0.2178,-1.6299,0.5093,1.1579,0.6558,0.3994,-0.4249,2.8065
-0.1619,-0.4726,-1.4944,-2.5966,0.8144,-1.5814,-1.852,0.0144,-1.6017,0.5584,0.8377,0.0438,0.3869,-0.2614,3.178
-0.1785,-0.8368,-1.5967,-2.0373,0.842,-1.443,-1.9792,-0.0371,-1.2878,0.3099,0.7594,0.2033,0.6288,0.093,3.1506
-0.1177,-1.2021,-1.9082,-2.5438,0.7399,-1.398,-1.5238,0.0703,-0.9935,0.4694,0.2601,0.4717,0.3218,0.1167,2.8899
-0.19,-1.5749,-1.7613,-2.3722,0.5022,-1.1977,-1.6773,-0.149,-0.7399,0.4665,0.307,0.6459,0.6087,0.1182,2.9295
-0.1481,-1.2795,-2.0174,-2.1717,0.4835,-1.1265,-1.5703,-0.3104,-1.1658,0.62,0.3328,0.7541,1.0838,0.3644,2.7433
-0.206,-0.8569,-2.2346,-2.4844,0.5482,-1.0695,-1.0504,-0.4819,-0.8698,0.6231,0.2324,0.6947,0.7474,0.4145,2.4412
-0.449,-1.1451,-2.0123,-2.5005,0.3064,-0.9925,-1.002,-0.5825,-0.4993,0.1521,0.0263,0.758,0.7881,0.39,2.4945
-0.3615,-1.5612,-2.0764,-2.6185,0.683,-1.0456,-1.1198,-0.6054,-0.7882,0.1905,0.0771,0.5102,1.4176,-0.1545,2.5337
-0.4105,-1.413,-2.5708,-2.605,0.5024,-0.9973,-1.0943,-0.5236,-0.1749,0.4855,0.0607,0.8846,1.1713,-0.1333,2.5328
-0.1618,-1.4356,-3.0423,-2.1657,0.3348,-0.8241,-1.2956,-0.4501,-0.5671,0.4124,-0.3002,0.5462,1.3524,0.1042,2.237
-0.1561,-1.87,-2.5158,-2.0963,-0.0379,-0.7991,-0.9304,-0.414,-0.1062,0.1336,-0.2854,-0.2377,1.2858,0.2524,2.5608
-0.1812,-1.5723,-2.4618,-2.2682,0.0219,-0.8856,-1.0921,-0.32,0.1382,0.079,0.2541,-0.2297,1.5291,0.4994,2.642
-0.1554,-1.4882,-2.395,-2.2829,-0.169,-0.8,-1.5305,-0.6213,-0.0224,-0.1848,0.1377,0.5282,1.5864,0.2263,2.507
-0.0039,-0.7513,-1.268,-2.4234,0.1647,-0.9476,-1.6117,-0.6981,-0.2104,-0.1239,0.4159,0.3857,0.9794,0.0701,2.2391
-0.2132,-1.0422,-1.602,-2.4125,0.3531,-0.9081,-1.5518,-0.507,-0.7714,0.0542,0.1877,0.2504,1.0652,-0.0399,2.2045
0.1221,-1.2434,-1.5979,-2.4086,0.2703,-1.0399,-1.6029,-0.3495,-0.7114,0.0507,0.4868,0.1852,1.0068,0.2213,2.7069
-0.2093,-1.3783,-1.6882,-2.4299,-0.1615,-1.1707,-1.5764,-0.3432,-0.889,-0.195,0.5071,0.4524,0.9381,0.2522,2.8075
-0.2962,-1.0295,-1.1411,-2.2309,-0.2124,-0.9788,-1.2986,-0.5972,-1.023,-0.4126,0.6787,0.7099,1.1926,0.4861,2.6877
-0.1749,-0.6364,-2.2171,-2.58,0.1551,-1.1919,-1.9594,-0.9226,-1.3933,0.0289,0.6501,0.4189,1.2793,0.8246,2.5502
0.0976,-0.8292,-2.1034,-2.4106,0.0756,-1.0799,-2.1616,-1.4145,-1.3252,-0.1262,0.5654,0.5795,1.096,1.1057,2.6361
-0.0531,-0.5772,-2.5594,-2.5466,0.0311,-1.0407,-2.1501,-1.4973,-1.0725,0.1544,0.1835,0.5477,1.1723,1.5561,2.4945
-0.1523,-1.0164,-2.8265,-2.5251,-0.0428,-1.1499,-1.9104,-1.3147,-0.264,-0.1652,-0.1801,0.4997,1.7057,1.5517,2.2106
-0.2112,-0.9269,-3.0713,-2.4044,-0.3497,-1.0421,-1.6242,-1.3727,-0.1612,-0.3122,-0.4076,-0.113,1.3419,1.4739,2.2327
-0.0532,-1.6352,-2.7788,-2.2402,-0.4766,-1.0819,-2.3214,-0.7212,0.4928,-0.9793,-0.4257,-0.6001,1.3831,1.2806,1.5827
0.1215,-1.7226,-2.8859,-2.086,-0.1996,-0.8875,-1.964,-1.4065,-0.107,-0.9415,-0.0356,-0.7067,1.1138,0.6663,1.4888
0.148,-1.511,-2.6355,-2.2334,-0.2098,-0.897,-2.2598,-1.022,0.0938,-0.602,-0.382,-0.5085,1.3001,0.5289,2.0489
-0.0636,-1.3008,-2.2161,-1.9601,-0.1288,-1.2474,-2.2337,-0.2815,0.4609,-0.5832,0.1236,-0.157,0.7312,0.3177,2.2923
-0.0901,-1.2889,-2.1432,-2.1935,-0.4254,-1.3097,-2.1767,-0.1503,0.0284,-0.615,0.0751,-0.1494,0.7447,-0.5879,2.3742
-0.1087,-1.1002,-2.2355,-2.0922,-0.6817,-1.2028,-1.9548,0.327,-0.7007,-0.9928,-0.376,-0.0386,0.3107,-0.4199,1.8704
-0.2144,-1.2396,-1.7931,-2.3024,-0.647,-1.24,-1.7255,1.4942,-0.1172,-1.5475,-0.0367,0.354,0.3145,-0.3916,1.6236
-0.3029,-1.3533,-1.3189,-1.9364,-0.1755,-1.2273,-1.459,1.3195,-0.2676,-1.4786,0.5464,0.127,0.1807,-0.8544,1.7066
0.0334,-1.0186,-0.7861,-2.4872,-0.0094,-1.2765,-1.5573,1.3377,-0.4991,-1.3121,0.6379,0.3109,0.2604,-1.0357,1.4226
-0.0421,-0.5887,-0.4045,-2.5992,0.427,-1.164,-1.8099,1.3786,-0.8338,-1.1792,0.7534,0.3831,0.3486,-1.2423,1.8731
-0.056,-1.0433,-0.1884,-2.5481,0.3655,-1.3134,-1.6198,1.7137,-0.9015,-1.1798,1.1574,0.7244,0.1037,-1.8581,1.9415
-0.0842,-0.3915,0.0912,-3.0274,0.7177,-1.15,-1.2123,1.4453,-1.2243,-0.6781,1.1535,1.2311,-0.0473,-1.6822,2.3257
-0.137,-0.2008,-0.2014,-3.1885,0.7435,-1.0479,-1.3755,1.1776,-1.2401,-0.6889,0.7185,1.9352,0.0747,-1.8452,2.5174
-0.129,-0.5194,-0.5482,-2.4292,0.9711,-1.0349,-1.569,1.044,-1.0696,-0.5418,1.1442,1.221,0.0331,-1.4938,2.7376
-0.1081,-0.6889,-0.876,-2.5326,0.9025,-0.9875,-1.4931,1.1269,-1.0323,-0.4339,0.7905,1.3176,0.6174,-1.2176,2.6285
-0.1469,-1.1608,-0.5557,-2.3168,1.0705,-0.9143,-1.4472,0.7899,-1.1404,-0.0077,0.9782,1.3118,0.1608,-1.7532,3.2168
-0.1011,-0.356,-0.7345,-2.8499,0.7048,-0.898,-1.772,0.644,-1.0852,0.4961,0.346,1.4094,-0.0391,-1.7168,3.1127
-0.2613,-0.4979,-1.0089,-2.7278,0.2958,-0.8807,-0.7887,1.0793,-1.0062,0.0711,0.1394,0.9123,-0.077,-1.5049,3.0133
-0.2645,-0.8802,-0.7177,-2.5608,0.0957,-0.8294,-1.0674,1.3641,-0.8558,-0.6206,0.1151,0.3566,0.1935,-1.4209,2.8946
-0.203,-1.0885,-0.632,-2.1685,-0.8289,-0.7887,-1.5332,1.4433,-1.0872,-1.0074,0.4147,0.2672,0.7586,-1.6451,2.9362
-0.0425,-0.7985,-0.7024,-2.5246,-0.7116,-0.8244,-1.0174,1.4987,-1.216,-1.6752,0.6212,0.4264,0.4777,-1.3136,2.1306
0.0193,0.3133,-0.7574,-2.5558,-0.2244,-0.9648,-1.6203,1.3256,-1.1462,-1.5566,0.5507,0.4957,0.6247,-1.1762,2.176
-0.0884,-0.4782,-0.5566,-2.6985,0.193,-0.8093,-1.9744,0.9742,-1.3486,-1.4531,0.6182,0.629,0.6226,-1.5974,1.9149
-0.1161,-0.8926,-0.6701,-2.5049,0.5196,-0.9098,-2.1747,0.8807,-1.5419,-1.367,1.2894,0.6511,0.3278,-1.3049,2.2632
0.0302,-1.2181,-0.2519,-2.4136,0.4118,-0.978,-1.9156,1.0095,-1.4405,-0.7859,1.0565,0.9686,0.1299,-1.4673,2.3462
0.3258,-0.991,-0.1426,-2.5376,0.4739,-1.2312,-1.9573,1.3785,-1.7162,-0.1068,1.3845,1.2481,1.0178,-1.1143,2.6604
