x0,x1,x2,x3,x4,x5,x6,x7,x8,x9,x10,x11,x12,x13,x14
0.4638,0.694,2.9296,0.6301,1.848,-0.4179,0.555,3.5547,-0.2422,-0.5085,1.8673,0.3484,-1.3102,-3.5019,-0.7197
0.2609,1.0123,3.0399,0.4018,2.1313,-0.2305,0.4589,3.3394,-0.9077,0.2538,2.035,0.6558,-1.2204,-3.7695,1.0105
0.0619,1.4009,2.8037,0.0304,1.8119,-0.1623,0.5482,2.9078,-1.4463,1.0329,1.947,1.5739,-0.6767,-3.7071,1.9489
0.1717,1.75,2.7494,-0.357,1.6332,-0.1941,0.7122,2.8401,-1.8363,1.1898,1.5085,2.141,-0.8379,-2.9231,2.1674
0.8143,1.5239,2.6406,-0.2154,1.4681,-0.3558,0.7507,2.9154,-2.0752,1.0018,1.5188,2.4319,-1.0178,-3.8197,2.4564
0.9395,1.7161,2.4551,-0.5758,1.4515,-0.6228,0.6698,3.4066,-1.6255,1.304,1.325,2.0675,-0.7971,-3.3032,2.7366
0.5195,1.6523,2.7551,-0.993,1.1599,-0.4998,0.5184,3.2296,-1.6848,1.1294,1.2574,2.0203,-0.7111,-2.3292,2.7477
0.6515,1.3136,2.7352,-0.4187,1.0446,-0.3257,0.6593,2.5719,-1.8414,0.9103,1.3223,1.4627,-0.5803,-1.6483,2.74
0.6663,1.2275,2.5706,-0.1411,1.0094,-0.2878,0.5907,1.7546,-2.2343,1.0242,1.3503,2.0571,-0.1413,-1.3797,2.7621
0.4986,1.12,1.7317,-0.4591,1.4507,-0.1661,0.793,0.8538,-2.2569,1.3082,1.0533,2.3637,0.0387,-0.9175,2.8146
0.4007,0.7935,0.5734,-0.4751,1.0086,-0.2387,0.5836,0.3515,-1.8635,1.8883,0.4855,2.0983,0.0603,-0.2604,3.0865
0.4105,1.0763,-0.3208,-0.4571,0.5995,-0.0735,0.3725,0.1165,-1.2723,1.5622,0.0948,2.0626,0.2285,0.5531,2.7409
0.5024,0.286,-0.4317,0.7326,-0.0806,-0.0067,0.3394,-0.412,-0.4756,0.9568,0.2716,1.3858,0.5513,0.7706,2.0709
0.9112,0.4102,-0.8098,0.6664,0.2456,-0.3115,0.2757,-0.681,-0.3889,0.728,0.0748,1.3472,1.1245,1.0049,1.8661
0.8261,0.4867,-1.0826,0.2271,-0.2837,-0.3763,0.426,-0.9226,-0.1419,0.6818,-0.3082,1.623,1.3146,1.2009,1.5282
1.0568,0.2956,-1.2459,0.2254,-0.2533,-0.5096,0.2889,-1.0163,0.3173,0.3365,-1.2396,1.3783,1.0238,1.5159,1.0768
0.682,0.0038,-1.493,0.1238,-0.3479,-0.4147,0.1396,-0.8247,0.6892,0.1341,-1.0525,0.7559,0.8949,1.6986,0.7868
0.6797,-0.1284,-1.3506,-0.2054,-0.6136,-0.21,-0.1435,-1.2146,0.6684,-0.1432,-1.2338,0.1602,0.8467,1.682,0.3068
0.9162,-0.2243,-1.2167,0.0892,-0.7565,0.0219,-0.2021,-1.1378,1.2134,-0.7903,-1.4854,-0.0963,0.8403,1.955,-0.3161
0.4159,0.0431,-1.5329,-0.0096,-0.3274,0.0432,-0.3119,-1.3055,1.0882,-0.7831,-1.9723,-0.2112,0.7871,1.1377,-0.8613
0.1763,-0.2084,-1.7718,0.0659,-0.2142,-0.079,-0.1035,-0.6163,1.4915,-1.0859,-1.7037,-0.8677,0.5729,1.3397,-0.8352
0.8226,-0.1765,-0.8591,-0.1424,-0.4084,-0.2462,0.2045,-0.4412,1.5361,-1.2465,-1.566,-0.7198,0.7165,0.7122,-1.4336
0.9824,0.1906,-0.5441,-0.0555,-0.1884,-0.4574,-0.0794,-0.205,1.2882,-1.2421,-1.5234,-0.745,1.0376,-0.017,-1.4491
0.7455,0.0319,-0.2826,0.1392,-0.1005,-0.3526,-0.212,0.1253,1.0187,-1.4816,-0.95,-0.3582,0.8277,-0.206,-1.5304
0.6484,-0.1836,-0.2538,-0.2464,-0.2541,-0.2878,-0.3264,0.2746,0.7208,-1.6642,-0.9234,-0.0441,0.6253,-0.0818,-1.7791
0.5584,0.0717,-0.099,-0.2268,0.3598,-0.1066,-0.2865,0.2278,0.5916,-1.4702,-0.7236,-0.2249,0.38,-0.1379,-1.6894
0.7531,-0.0578,-0.1118,0.1423,0.3805,-0.229,-0.3418,0.2939,0.5487,-1.3575,-0.4069,-0.1961,0.478,-0.7049,-1.2607
0.7402,0.284,0.141,0.0486,0.6412,-0.2514,-0.0766,0.589,0.5269,-0.8832,-0.3419,0.0297,0.0441,-0.8064,-1.0882
0.9669,0.1051,0.5258,0.1101,0.2113,-0.0114,0.0201,0.8165,0.4503,-0.6732,-0.105,0.5322,-0.127,-0.9789,-0.5848
1.3598,0.3746,0.9709,0.1046,0.2221,-0.3237,0.0945,1.1087,0.1086,-0.5627,-0.3374,0.4476,-0.0343,-1.165,-0.3521
1.1836,0.7832,1.1977,0.2089,0.5785,-0.5696,-0.1364,1.2303,-0.2217,-0.0963,0.2065,0.2198,-0.1082,-0.3715,0.4121
0.7938,0.7688,1.3297,0.1869,0.864,-0.4833,-0.3421,0.7614,-0.8399,-0.1019,0.4879,0.5639,0.0921,-0.8557,0.4207
0.4028,0.9119,0.9152,-0.1846,1.0942,-0.2089,-0.6998,0.3898,-0.6378,0.0316,0.1812,1.3844,-0.0229,-0.869,0.7476
0.6944,0.7315,0.5379,0.2861,0.6788,0.1289,-0.5436,0.2018,-0.7793,-0.1157,0.6175,1.3241,-0.5548,-0.8452,0.796
0.8539,0.4085,-0.0505,0.7543,0.9761,0.0343,-0.1613,0.176,-0.6039,-0.0098,0.6231,1.2118,-0.1672,-0.7505,0.7745
1.4374,0.7671,0.7104,0.3595,0.7849,-0.1603,-0.3544,-0.0322,-0.4596,0.4635,0.4761,0.829,-0.1008,-0.8791,0.957
1.1061,1.0328,0.3916,0.4569,0.8902,-0.2517,0.1385,0.1935,-0.6778,0.7907,0.9717,0.5367,-0.3294,-0.3817,1.5917
0.7437,0.8312,0.1356,-0.0266,0.8367,0.0225,0.0469,-0.1629,-0.7026,0.4311,0.1439,1.0114,0.008,-0.4623,1.4716
0.7186,0.7374,0.0612,-0.1071,0.4166,0.1551,-0.0929,0.0247,-0.0547,0.1007,-0.0423,1.323,0.3636,-0.5305,1.1532
0.8698,0.5501,0.3654,-0.1292,-0.289,0.2526,-0.0872,-0.1187,-0.0158,-0.5802,-0.3578,1.3925,0.4409,-0.3253,0.7227
0.8321,0.5957,0.1277,-0.0012,0.1091,0.3698,-0.3346,-0.1314,-0.2059,-0.7483,-0.1645,1.0276,1.1428,0.2077,0.3757
0.8323,0.4282,-0.2205,-0.0774,0.0041,0.4459,-0.4193,-0.9191,-0.1942,-1.0245,0.1674,1.0442,0.7796,0.344,0.4932
1.039,-0.0683,-0.7979,0.0052,0.3338,0.128,-0.6444,-1.2665,-0.0814,-0.5773,-0.3941,0.9685,0.7044,0.8315,0.1675
1.3303,0.2835,-0.7265,0.0636,0.1855,0.0045,-0.4539,-1.0994,0.0276,-0.0947,-0.3911,0.3647,0.3882,1.0482,0.5423
1.2493,0.3788,-0.4848,0.4862,-0.1779,-0.0974,-0.4419,-1.0793,-0.1317,-0.1786,-0.5729,0.8161,0.4587,1.0404,0.6346
1.0917,0.3354,-0.8938,0.6681,0.3549,-0.113,-0.2949,-0.7899,0.0542,-0.2359,-0.2551,-0.1811,0.4781,1.2876,0.6262
0.7349,0.6805,-0.8304,0.4274,0.6856,-0.194,-0.429,-1.1016,0.2433,-0.0357,-0.1923,-0.1962,0.6275,0.7465,0.7702
0.9203,0.4501,-0.9579,0.4909,-0.6181,-0.0569,-0.1617,-0.9909,0.3832,-0.7573,-0.2284,0.2006,0.3441,0.3866,0.3017
1.1028,0.1176,-0.5615,0.5289,-0.2896,0.055,-0.4105,-0.87,0.7411,-1.2941,-0.3787,0.2089,0.1793,0.7402,-0.0992
1.2051,0.549,-0.5547,0.4128,-0.3311,0.2517,-0.7795,-0.8205,0.543,-1.1722,-0.536,-0.327,0.2441,0.8416,-0.5476
1.2316,0.3573,-0.4889,0.9106,0.1957,-0.0081,-1.3697,-0.6144,0.6396,-1.0885,-0.0891,-0.3363,-0.0192,0.9122,-0.7765
1.3344,0.3924,-0.1717,0.9713,0.2145,-0.1947,-1.2205,-0.4532,0.2562,-0.8919,0.034,-0.3266,-0.3309,0.2914,-0.8131
1.125,0.6901,-0.3207,0.2488,0.1654,0.1141,-1.2724,-0.3578,0.5189,-0.9762,-0.1636,-0.1378,-0.2051,0.1847,-0.4978
1.2271,0.4589,-0.13,0.4248,0.5834,-0.1304,-0.9408,0.0621,0.2838,-0.816,-0.3501,-0.0962,-0.294,0.3271,-0.8957
1.1115,0.2589,-0.2206,0.2152,0.5974,-0.2512,-0.8968,0.1458,0.0873,-0.6014,-0.4966,-0.2705,-0.2547,-0.029,-0.7756
1.3465,0.348,-0.298,0.4143,0.3594,-0.2645,-0.771,0.4346,0.8139,-0.9617,-0.467,-0.6917,-0.3124,0.0304,-0.8507
1.2597,-0.0658,0.2063,0.0343,0.2936,-0.4597,-0.606,0.6086,0.7014,-1.1544,-0.5487,-0.4566,-0.5222,-0.3132,-0.9495
0.8711,0.1967,0.0832,0.4439,0.3662,-0.3272,-0.3309,0.9004,0.6365,-1.0268,-1.0135,-0.0609,-0.393,-0.6195,-0.9979
0.4923,0.3504,0.299,0.4281,0.3985,-0.1252,-0.1806,1.3307,0.8038,-1.0465,-0.6251,-0.2994,-0.0736,-1.1305,-0.8157
0.8692,0.3155,0.993,0.8082,0.8919,-0.2392,-0.2834,1.5571,0.458,-1.3009,-0.4838,-0.2858,-0.4784,-1.5784,-0.6755
1.0585,0.211,1.1128,0.4991,1.256,-0.1272,-0.5991,1.7696,-0.0259,-0.8305,0.2968,-0.3673,-0.5289,-2.2648,-0.7335
1.1453,0.2255,1.6477,0.368,0.8932,-0.0677,-0.7636,2.0625,-0.3422,-0.3036,0.7734,0.0745,-0.8928,-2.9234,-0.152
0.6665,0.7618,1.6703,0.5692,1.2127,0.2251,-0.6445,2.3252,-0.2899,-0.3101,0.8716,0.4102,-1.0462,-2.5828,0.2528
0.7602,0.8361,1.763,0.3017,1.0329,0.475,-0.1787,2.2251,-0.7793,-0.4629,1.4074,0.7373,-1.2757,-3.007,0.3885
1.2156,0.6983,1.9845,0.3714,1.0496,0.2228,0.2822,2.416,-0.5802,-0.7024,1.3242,1.2772,-0.9724,-2.3866,0.9764
1.577,0.6548,2.1331,0.3894,0.828,0.0512,0.1273,1.8452,-1.0581,-0.2509,1.6778,1.2165,-0.6752,-2.3035,1.5466
1.3603,0.8964,2.0683,0.3332,1.3242,-0.0472,-0.1033,1.6825,-1.446,0.589,1.5418,1.4982,-0.4118,-1.6144,1.9353
1.025,1.2371,1.6558,0.2879,1.8829,0.2156,0.0259,1.1778,-1.3017,1.2229,1.0241,1.6482,-0.1011,-1.165,2.1332
0.5068,0.9352,1.1013,-0.0082,1.3165,0.3805,0.4337,0.7384,-1.344,1.5231,0.9483,1.5599,0.0226,-1.0482,2.3212
0.6151,1.2509,0.2041,-0.1308,0.7568,0.2803,0.2814,0.2977,-0.9998,0.7064,0.5807,1.7413,0.4092,-0.5668,2.2607
0.6639,0.8097,-0.4679,0.0179,0.7279,0.203,0.3326,0.0807,-0.6558,0.2354,0.1102,0.9598,0.5247,-0.3923,1.7744
0.5363,0.5308,-0.2578,0.0652,0.6602,0.4586,0.1903,-0.0041,0.2402,0.0698,-0.2724,0.1284,0.4646,0.2761,1.2868
0.9282,0.6133,-0.2106,-0.0122,0.1844,0.2334,0.1936,0.0392,0.4299,-0.1622,0.5015,0.1632,0.6338,0.0055,1.0517
0.4132,0.5681,-0.3347,-0.0227,-0.039,0.635,0.0801,-0.6823,-0.3013,-0.3476,0.2235,0.4721,0.8754,0.3573,1.072
0.8806,0.2554,-0.8253,-0.0266,0.154,0.3498,-0.0927,-0.9356,0.5454,-0.6343,0.0957,0.4274,0.6903,0.8944,0.7072
0.9132,0.4345,-1.0377,0.1081,-0.0539,0.2385,0.3169,-1.048,0.918,-0.5243,-0.5473,0.5487,0.5734,1.1282,0.2979
1.0201,0.1795,-0.9456,0.4737,0.0189,0.1403,0.305,-0.9729,1.0753,-0.6135,-0.2751,0.1396,0.5141,1.0337,0.5869
0.9549,0.0718,-1.178,0.1731,-0.2935,0.1217,0.4296,-0.823,1.0984,-0.6572,-0.3949,0.0649,0.5913,0.4293,0.3649
0.7525,0.0475,-1.3044,0.6789,-0.0253,0.1078,0.0279,-0.5348,1.799,-0.7922,0.1128,0.0968,0.5158,0.6237,0.382
1.0457,0.485,-0.756,0.374,-0.043,0.0718,-0.1085,-0.6633,1.5259,-0.8748,0.2486,0.384,0.6353,-0.3121,0.1403
0.9929,0.6459,-0.5222,-0.1216,-0.0387,0.1301,0.5934,-0.581,1.1875,-0.5761,-0.1004,0.3843,0.3477,0.551,0.2996
1.1712,0.2571,-0.3449,-0.048,-0.0003,0.0781,0.5649,-0.7339,0.4704,-0.7316,0.0673,0.588,0.3727,0.616,0.3122
1.1538,0.35,-0.1766,0.0912,-0.2222,0.0405,-0.2834,-0.8479,0.8374,-0.9503,0.0077,1.1958,0.771,0.7291,0.2906
0.8346,0.5412,-0.507,-0.0115,0.1856,0.1854,-0.8698,-1.1541,0.5352,-0.2898,-0.3237,1.0869,0.4635,0.5519,0.3253
0.6323,0.2055,-0.7859,0.432,-0.0564,0.3393,-0.7618,-1.012,0.8339,-0.639,-0.3199,0.6578,0.0875,0.4812,-0.1855
0.91,-0.0201,-0.8101,0.127,0.3552,0.2716,-0.6109,-0.7505,1.3327,-0.8849,-1.5882,0.322,0.292,0.4622,-0.5919
1.1904,-0.0958,-0.7325,0.0139,0.1871,0.0184,-0.1756,-0.106,1.2446,-0.5469,-0.9686,-0.3886,0.3375,0.1419,-0.6495
0.9437,0.0818,-0.4327,0.1928,-1.1376,0.0269,-0.3081,0.1667,1.3472,-0.9649,-1.0281,-0.6311,0.2507,-0.2599,-0.9396
0.8661,-0.1418,-0.311,0.5058,-0.3701,0.0272,-0.6568,0.5145,1.9078,-2.0246,-0.5515,-0.7143,0.3202,0.04,-1.1076
1.1679,0.0848,0.0776,0.2959,0.1106,0.02,-0.4641,0.3504,1.5759,-1.8385,0.0404,-0.6732,-0.1406,-0.7066,-1.0003
1.0557,0.1159,0.2149,-0.1815,0.2271,0.0973,-0.2204,0.3952,1.2009,-1.1878,-0.0413,-0.2236,0.1321,-0.912,-0.9582
0.9416,0.5216,0.2499,-0.0479,0.4957,0.1226,-0.8206,0.6741,0.9404,-0.8709,-0.0167,0.3252,-0.2325,-0.9675,-0.636
1.0537,0.3801,0.6348,0.0093,0.5796,0.0385,-0.4484,0.7712,0.783,-1.0431,-0.2542,0.5914,-0.3587,-1.3963,-0.6866
0.8866,0.5584,0.4851,-0.2717,0.7029,0.0743,-0.0136,1.2558,0.6929,-0.899,-0.1647,0.0186,0.1932,-1.5293,-0.3377
0.5609,0.6071,0.618,-0.0836,0.7427,0.231,0.278,1.1309,0.6861,-0.6514,-0.3125,0.8615,0.1696,-1.6869,-0.2825
1.111,0.198,0.8628,0.2206,0.9522,0.2218,-0.0919,1.269,0.4198,-0.6868,-0.2146,0.8768,-0.0671,-1.6941,0.0164
0.8027,0.561,1.1316,0.3439,0.5155,0.1504,0.0649,1.4235,0.9728,-0.4553,0.7499,0.5062,0.041,-1.8799,0.3705
0.9196,0.441,1.4734,0.1409,0.6458,0.2252,0.5861,1.3001,0.1056,-0.4308,0.5937,1.0878,0.2073,-1.8178,0.6434
1.0237,0.5132,1.3731,-0.205,0.8612,0.0922,1.2021,1.22,-0.0548,0.0621,0.9551,1.5778,0.4822,-1.5873,1.1749
0.7728,0.8792,1.2467,0.0281,0.6994,-0.0897,1.1138,0.8672,-0.2275,0.6266,0.8605,1.5012,0.783,-0.9464,1.7606
0.6259,0.7313,0.6814,0.3903,1.1924,-0.0102,0.7609,0.1272,-0.5851,0.5069,0.8675,1.606,0.8305,-0.8665,2.1972
0.7105,0.3324,-0.2302,-0.3384,0.7431,0.1168,0.5031,-0.2535,-0.4105,1.3264,-0.1993,1.8046,1.0567,-0.4404,2.3386
0.8429,0.511,-0.7261,-0.1438,-0.1326,-0.0499,0.9466,-0.4977,0.5264,1.0011,-0.6069,1.2671,1.2154,0.0352,1.924
0.6563,0.1952,-0.7342,-0.2266,-0.0376,0.1333,0.4944,-0.7479,0.7991,0.4922,-0.8878,0.4115,1.2691,0.209,1.5341
0.5065,-0.0914,-0.8803,-0.1157,0.0083,0.3662,-0.0485,-0.9078,1.0621,0.1973,-1.2023,0.372,1.3765,0.502,0.773
0.6865,-0.3436,-0.5895,-0.3477,-0.0012,0.2995,-0.3004,-0.9906,1.0726,-0.0071,-1.1778,-0.7094,1.1165,0.2325,0.4798
0.7574,-0.2363,-0.6831,0.3502,-0.1213,0.3277,-0.7668,-0.9524,0.8488,0.0993,-1.502,-0.0543,0.7534,0.5218,0.024
0.8473,-0.3066,-0.5364,-0.5134,-0.4912,0.1171,-0.641,-0.366,1.1562,-0.3746,-1.2832,0.032,0.6131,0.3987,-0.8347
0.9825,-0.1463,-0.2112,-0.335,-0.4169,0.2294,-0.4643,-0.3463,1.094,-0.8347,-1.5183,-0.521,0.3788,0.549,-1.1329
0.6416,-0.2216,-0.3591,-0.3457,-0.1686,0.2413,-0.7458,0.0205,1.2448,-1.0851,-1.2387,-0.512,0.8566,0.5015,-1.3575
0.7117,-0.2256,-0.0369,-0.1208,-0.2376,0.3227,-0.461,-0.2807,1.1567,-1.2839,-0.9039,-0.5444,0.9785,-0.0799,-1.5592
0.4094,0.1362,-0.2522,-0.3695,0.0172,0.5923,-0.5408,-0.4131,1.0453,-1.3118,-0.8117,-0.6846,0.8322,-1.0969,-1.501
0.5831,0.1507,-0.3126,-0.1236,0.1169,0.5304,0.4018,0.0304,1.087,-1.3411,-0.3849,-1.2442,0.4385,-1.1991,-1.1229
0.9289,-0.1148,0.1866,0.0709,1.1156,0.4372,0.4102,0.2191,1.5946,-0.6463,-0.8519,-0.6078,1.0142,-1.3337,-0.6592
0.8736,-0.101,0.2562,0.1233,0.6033,0.4924,0.4953,0.4034,0.9606,0.2362,-0.5909,-0.327,0.1268,-2.3949,-0.8534
0.7451,-0.2208,0.3032,-0.0283,0.8435,0.3965,0.139,1.3692,1.0989,0.1318,-0.8273,-0.4988,-0.0184,-2.0798,-0.3627
0.946,-0.0632,0.6573,-0.1569,0.7163,0.1554,-0.1521,1.9762,1.15,0.0649,-0.3006,-0.3391,-0.3722,-2.0062,0.1877
1.004,0.1597,1.2177,-0.1896,0.5032,0.2023,0.0074,2.3617,0.8591,0.1941,-0.3496,0.5084,-0.9635,-2.3332,0.5324
1.001,0.2027,2.0163,-0.5299,0.6269,0.2656,1.2832,2.4923,0.0611,-0.0896,-0.1432,0.5159,-0.5807,-2.697,0.4978
0.8208,0.443,2.0681,-0.5121,1.0048,0.269,0.6897,2.6163,-0.2055,-0.0664,0.0816,0.2349,0.0001,-2.8028,1.3192
0.7732,0.6497,1.999,-0.4516,1.3373,-0.0169,0.512,2.3467,-0.0745,0.2172,0.2536,0.4596,0.1373,-2.9283,1.5615
0.7812,0.4066,2.3705,-0.507,1.6462,-0.0105,0.0917,2.2268,-0.7562,0.5554,0.5247,1.0319,0.2317,-3.0655,1.8468
0.513,0.4451,2.3536,-0.2744,1.0217,0.2454,0.2968,2.0076,-1.0916,0.9567,0.7691,1.0253,-0.2591,-2.7217,2.2078
0.9268,0.6728,1.9543,-0.8027,0.6248,0.2755,0.4909,1.7033,-1.376,0.6643,0.7097,1.062,-0.0454,-1.9971,2.5611
0.5117,0.8695,1.3198,-1.0177,0.6531,0.4705,0.1249,0.9809,-1.5559,0.55,0.2525,1.473,0.4295,-1.1022,2.5933
0.667,0.6151,0.7726,-0.6092,0.4302,0.0626,0.1344,0.4115,-1.4077,0.3434,0.0215,1.118,0.5398,-0.1712,1.9005
0.3426,0.5082,0.0587,-0.0806,0.8154,0.2159,0.1557,-0.4932,-0.8785,0.3972,0.2245,1.0408,0.7301,0.1404,1.8064
0.6046,0.2134,-0.543,-0.1951,0.6139,0.1348,-0.1172,-0.9565,-0.7524,0.341,-0.0831,0.8671,0.6448,0.2141,1.7253
0.7126,0.0256,-0.9513,-0.5455,0.2752,0.2767,-0.4676,-1.6095,-0.7903,0.5035,-0.5575,0.6211,0.7134,-0.009,1.4421
0.7332,-0.1244,-1.8531,-0.3516,-0.0888,0.2396,-0.2169,-1.3251,0.3035,0.2433,-0.9445,0.7225,0.7187,0.513,0.8844
0.4416,-0.1649,-1.8198,-0.2873,-0.4894,0.577,-0.1986,-1.3561,1.0719,-0.3174,-1.4958,0.1211,0.7594,1.2205,0.6057
0.3164,-0.5107,-2.1173,-0.107,-1.0727,0.7262,-0.4927,-1.4067,1.5023,-1.3657,-1.8305,-0.3138,0.7558,1.091,-0.2557
0.554,-0.6208,-1.9358,0.0173,-0.8473,0.5372,-0.696,-1.1071,1.5854,-2.0627,-1.9051,-0.7927,0.5957,0.7943,-1.2262
0.6375,-0.7729,-1.2848,0.3892,-0.4288,0.2823,-0.4804,-0.7172,1.3096,-2.0854,-1.3441,-0.9713,0.6706,0.2133,-1.6618
-0.173,-0.5907,-2.0179,0.5888,-0.0305,0.5869,-0.6241,-0.6646,1.2589,-1.7251,-0.886,-0.8885,0.6679,-0.0407,-1.5823
0.8437,-0.6254,-1.4224,0.2111,-0.0731,0.4641,-0.8824,-0.6973,1.3058,-2.04,-0.956,-0.7648,0.7322,-2.0734,-1.6514
0.6594,-0.4959,-1.197,0.448,0.0642,0.405,-0.9322,0.0379,1.7139,-1.6914,-0.8789,-0.9276,-0.0154,-1.695,-1.5606
1.0734,-0.2632,-0.4578,0.163,0.158,0.0896,-0.8275,0.6276,1.2947,-1.7476,-0.4258,-0.749,-0.263,-1.5075,-1.292
0.9096,-0.0439,-0.2323,0.1984,0.6858,0.0141,-0.6081,0.7486,1.2884,-1.3509,-0.2083,-0.672,-0.3286,-1.982,-1.0709
1.3013,0.0894,0.2271,0.1745,0.6111,-0.0306,-0.3107,1.1909,1.3095,-1.2331,0.6326,-0.4046,-0.3389,-2.234,-0.5118
1.2201,0.3822,0.873,-0.3225,0.5099,0.0634,-0.2053,1.2904,0.7125,-0.8896,0.6906,-0.0158,-0.2533,-2.3565,-0.0623
1.5997,0.7169,1.3938,-0.2605,0.9464,-0.0511,-0.2348,1.2952,0.4118,-0.8268,0.083,0.8479,-0.1939,-2.5518,0.2135
1.306,0.6734,1.0544,-0.3813,1.3936,-0.0892,-0.2427,1.679,0.0441,-0.3393,0.7387,0.8027,-0.0749,-2.869,0.7296
0.9827,0.6693,1.2591,-0.6212,1.2011,0.3426,-0.2022,1.1884,-0.3518,-0.1391,0.7873,1.4394,-0.2726,-3.0508,0.7495
1.179,0.4774,1.0091,-0.4679,0.9885,0.141,-0.164,1.2936,-0.283,-0.263,0.8102,0.9115,-0.5383,-2.6525,1.2961
1.2945,0.5644,1.0611,-0.3425,0.8649,0.1176,-0.23,1.2448,-0.5592,-0.1038,0.3978,1.3201,-0.4312,-1.9413,1.0026
1.3159,0.723,0.8833,-0.4185,1.0463,0.2636,-0.4587,0.9519,-0.3748,-0.1027,0.3896,0.8412,-0.1731,-1.1318,1.265
0.566,0.5475,0.293,-0.0403,1.0913,0.3086,-0.5071,0.3825,-1.3075,0.289,0.1387,0.4363,0.0393,-1.1936,1.4379
0.9633,0.3503,0.1764,0.0244,0.8013,0.5697,-0.5678,0.182,-0.4649,0.1624,0.4353,1.795,-0.1361,-0.9087,1.4691
0.8592,0.8425,-0.229,-0.4092,1.0027,0.6076,-0.6209,-0.2591,-0.3984,0.2991,0.1702,1.5474,0.0273,-0.5045,1.4793
0.7113,0.6329,-0.5443,-0.4263,0.4133,0.7068,-0.5242,-0.5907,-0.129,-0.1101,0.2793,1.0123,0.3793,-0.2686,1.5332
1.2368,0.4041,-0.8047,-0.2119,0.2251,0.2204,-0.5337,-0.9327,0.344,-0.4522,-0.7943,0.8242,0.4422,-0.0984,0.7783
0.746,0.3841,-1.3132,0.2014,0.4096,0.356,-0.7902,-0.7588,0.4156,-0.2192,-0.4702,0.6022,0.499,0.1431,0.5894
0.6514,-0.3261,-1.5182,-0.1023,0.4853,0.5762,-0.4795,-0.9564,0.5294,-0.3793,-1.1618,0.2073,0.6344,-0.0201,-0.1404
0.9715,-0.3947,-1.5365,-0.0148,-0.4735,0.3439,-0.4419,-0.8744,0.9909,-0.7081,-1.2736,-0.225,0.4894,0.0423,-0.5421
1.1644,-0.0931,-1.3311,0.0684,-0.3818,0.2025,-0.6828,-0.4823,1.0313,-1.0384,-0.8422,-0.3632,0.3274,0.1132,-0.6145
0.9429,-0.0777,-1.334,-1.0311,-0.1623,0.4415,-0.9686,-0.5138,1.264,-1.4082,-1.5939,-0.9564,0.2551,0.1204,-1.0283
0.933,-0.0754,-1.0131,-0.485,0.5328,0.3041,-0.9006,-0.168,1.3838,-1.2896,-1.226,-1.388,-0.0698,0.2323,-1.2562
0.601,0.0091,-0.8644,-0.3948,0.4243,0.2553,-0.7899,0.0129,1.4575,-1.002,-0.8335,-1.4556,0.0055,-1.1676,-1.3105
0.6394,-0.1085,-0.3986,-0.0118,0.526,0.3342,-0.6587,0.3685,1.2614,-1.2246,-0.8862,-1.0165,0.0376,-1.347,-1.3149
0.8941,-0.3763,-0.1448,0.1559,0.1534,0.297,-0.4024,0.6606,0.9821,-1.2032,-0.4811,-0.9404,-0.32,-1.6764,-0.9324
0.6948,0.0562,-0.3105,-0.2958,0.3144,0.3437,-0.4444,1.0114,1.015,-0.9093,-0.6763,-0.3233,-0.2079,-1.7195,-0.8308
0.6425,0.3979,-0.0673,-0.2438,0.5114,0.3236,-0.4466,1.3627,1.2261,-1.2262,-0.0705,-0.0986,0.8556,-1.3807,-0.5181
0.9613,0.0368,0.599,-0.0547,0.693,0.0452,-0.4736,0.7824,0.7228,-1.0869,-0.4003,-0.4418,0.1142,-1.9954,-0.3051
0.8495,0.3411,0.4282,0.0179,0.7703,0.3161,-0.2953,1.0391,0.6134,-0.5858,-0.0988,-0.4067,-0.212,-1.9702,-0.1212
1.2728,0.3291,0.4944,-0.2877,0.7847,0.0324,-0.132,1.3864,0.8106,-0.3196,0.2322,-0.5881,-0.066,-1.7293,0.4934
1.2273,0.5635,0.6832,-0.3871,0.7705,0.0151,-0.2913,1.1153,0.577,-0.1664,0.0967,-0.089,0.2118,-1.5175,0.6096
0.9983,0.6215,0.8552,-0.2009,0.6996,-0.0553,-0.3674,0.9652,0.2699,-0.072,0.4478,0.3673,-0.1732,-1.8727,0.9359
0.9546,0.809,0.6294,0.3432,0.7396,-0.031,-0.3588,1.0495,0.0984,-0.0722,0.8955,0.2815,-0.3068,-1.5055,1.2795
1.1678,0.6737,0.7743,0.6753,0.9442,-0.0509,-0.2429,0.877,0.0677,-0.2079,1.7861,0.2161,-0.3913,-1.4677,1.649
0.8886,1.3103,0.6756,-0.0664,0.819,-0.2298,0.0087,0.3869,-0.3112,0.4415,1.1626,0.8363,-0.3854,-1.1633,1.9078
0.883,0.7351,0.2166,-0.2287,0.6239,-0.0401,-0.2004,0.1942,-0.1431,0.0744,0.8166,1.1207,0.0909,-0.8576,1.5386
0.4692,0.8454,-0.294,-0.6498,0.3124,0.265,-0.6134,-0.3463,-0.7044,0.1293,0.262,0.9188,-0.2556,-0.523,1.2147
0.7443,1.0133,-0.7953,-0.6249,-0.0169,-0.0908,-0.2611,-0.2888,0.0964,-0.466,-0.1863,1.0435,-0.1764,-0.0502,0.8535
0.722,0.541,-1.3126,-0.482,-0.0237,-0.0897,-0.1633,-0.3405,0.3672,-1.0374,-0.7983,0.7165,0.3127,0.1641,0.0987
0.8618,0.1877,-1.0035,-0.3874,-0.1192,0.2161,-0.2675,-0.3826,0.7095,-1.3275,-0.7852,0.3245,0.1571,0.2324,0.0916
0.8787,0.2245,-0.7515,-0.494,-0.3915,0.3957,-0.1654,-0.4458,0.793,-1.0765,0.2272,0.6442,-0.0947,0.7917,0.2648
1.1873,0.6034,-0.5163,-0.3236,0.0708,0.2234,-0.4455,-0.9958,0.4864,-0.7789,-0.4226,0.3822,0.6898,0.9008,0.0711
0.9502,1.2267,-0.9346,-0.5643,0.1837,0.2577,-0.5839,-1.3641,0.4227,-0.5283,-0.6691,0.1321,0.4688,1.1177,0.1573
0.8943,0.9728,-1.5625,-0.4044,-0.1319,0.3842,-0.5392,-1.602,0.7408,-1.083,-1.1069,-0.212,0.5263,1.3124,-0.3613
0.8568,0.2676,-2.2689,-0.2812,0.0287,0.3217,-0.6293,-1.4522,0.9638,-1.4038,-1.4287,-0.4032,0.5673,1.1445,-0.5415
1.1619,-0.2035,-1.9367,-0.6769,0.1711,0.3293,-0.865,-0.9883,2.0831,-1.3645,-1.8781,-0.5256,0.8961,1.0058,-1.0319
1.0424,-0.3781,-1.1154,-0.3727,0.5579,0.2444,-0.826,-0.7199,2.0952,-1.1935,-1.7761,-1.0781,0.5743,0.3956,-1.0826
0.8461,-0.1277,-1.0637,-0.277,0.4684,0.3269,-0.3897,-0.564,1.7481,-0.7509,-0.9726,-1.2439,0.4523,-0.2797,-0.8265
0.9527,-0.1877,-0.5746,0.1144,0.6982,0.3094,-0.2516,-0.1857,1.7013,-0.8613,-0.6844,-1.0018,0.2633,-0.6663,-0.348
0.9671,0.243,-0.4779,0.1534,0.5959,0.2491,-0.2904,0.2425,1.274,-0.7017,-0.1244,-0.9851,0.2833,-1.0061,0.0364
0.9262,0.4371,-0.2977,0.3093,0.3093,0.3367,-0.1564,0.1927,0.5612,-0.8767,-0.1791,-0.4517,0.1179,-0.7452,0.2388
1.263,0.3578,-0.0424,0.2858,0.4815,0.1703,-0.2529,0.2731,0.4316,-1.0754,0.4809,-0.0761,0.2521,-0.7185,0.4865
1.1134,0.5283,-0.3439,-0.0132,0.8183,0.0412,-0.3308,0.0991,0.1723,-0.5832,0.2908,0.2189,0.0753,-0.626,0.9223
0.8125,0.7724,-0.4171,-0.1461,0.9023,0.0551,0.0697,-0.0078,0.054,-0.3426,0.0694,0.3919,0.1217,-0.5876,1.0064
1.0262,0.9458,-0.355,0.0341,1.1055,0.036,-0.0302,-0.2414,0.1636,-0.1904,0.2911,0.5945,0.119,-0.4223,1.2587
0.9047,0.4629,-0.8692,1.1125,1.0923,0.0535,0.1816,-0.5293,-0.0635,0.1014,1.2833,0.8101,0.1545,0.2178,1.7601
1.1514,0.7661,-0.974,0.1995,1.0186,0.0028,0.5695,-0.9267,0.1421,0.5113,0.5665,1.0773,0.456,-0.1846,2.1766
0.9725,0.3923,-1.061,0.2563,0.9041,0.203,0.6931,-1.0403,0.0827,0.8107,0.3409,0.621,0.8081,0.2208,2.4409
1.258,0.2475,-1.2353,0.0296,0.3312,-0.0173,0.6251,-1.125,0.3296,0.5176,-0.0886,0.9754,1.1372,0.2917,2.2729
1.27,0.2081,-0.961,0.0146,0.0691,-0.1113,0.3017,-1.1523,0.5296,0.3907,0.0972,0.9625,1.0967,0.7706,2.2016
0.8982,0.2068,-1.5946,-0.7825,-0.5186,-0.2486,-0.0746,-1.4539,0.3862,-0.2123,-0.7155,0.937,0.7296,1.3105,1.5436
0.6869,-0.3756,-2.0787,-0.2485,-0.0405,-0.1065,-0.5274,-1.4217,1.2789,-1.0389,-1.1776,0.0781,0.5059,1.9301,0.4919
0.8805,-0.3695,-1.8794,0.1132,-0.0862,-0.1299,-0.8623,-1.384,1.3068,-1.2359,-0.861,-0.2848,0.1611,1.8748,-0.0857
0.6813,-0.4068,-2.0921,0.2072,-0.0846,-0.0975,-0.8627,-1.3817,1.2049,-1.3369,-0.8661,-0.7609,0.8778,1.7452,-0.5407
0.7876,-0.3218,-2.2708,0.4126,0.0609,0.0295,-0.9378,-1.7036,1.2683,-1.365,-0.2981,-0.3736,0.5515,1.4391,-0.6295
0.804,0.0901,-2.4669,0.307,0.1765,0.6939,-1.0174,-1.8068,1.4487,-1.4371,-0.9752,-0.8151,0.5725,1.1771,-0.9475
1.2713,-0.4492,-2.176,-0.0597,0.1422,0.5717,-1.0375,-1.4965,1.6967,-1.7682,-1.408,-0.9207,0.924,1.0454,-1.6785
1.4514,-0.5175,-1.3956,0.772,0.2377,0.5482,-0.7611,-1.3593,1.6128,-1.5209,-0.6349,-1.2264,0.2984,0.897,-1.3509
1.2517,-0.2184,-1.5195,0.5861,0.4602,0.2071,-0.5867,-1.2888,0.802,-1.2081,-1.3199,-1.2083,0.4961,0.6295,-1.1865
1.2952,-0.3079,-1.6016,0.4123,0.6599,-0.0133,-0.3706,-0.3981,1.2302,-1.0482,-0.5074,-1.2336,0.1445,0.6614,-1.0387
1.0544,-0.1338,-1.2812,0.124,0.6201,0.4563,-0.4305,-0.5556,1.3142,-1.1382,-0.7918,-0.6268,0.3974,0.4485,-0.9923
1.0172,-0.2521,-1.1167,0.6609,0.6718,0.5304,-0.588,-0.5685,1.3361,-1.4189,-0.5569,-1.0867,0.6944,0.2755,-0.8454
0.9592,-0.1881,-1.3181,0.2811,0.7751,0.4137,-0.6495,-0.6289,0.945,-1.396,-0.6727,-0.7088,0.5181,-0.0476,-0.8698
0.7497,-0.0846,-0.9992,0.0632,1.1044,0.3829,-0.4584,-0.6044,0.8768,-1.2081,-0.16,-0.4195,0.5613,-0.1913,-0.5237
1.0569,-0.1614,-1.151,0.0479,0.8757,0.3188,-0.406,-0.7473,0.7483,-1.1647,-0.6512,-0.0602,0.386,-0.1687,-0.324
1.1838,-0.2215,-1.1087,0.5138,1.1487,0.2039,-0.3143,-0.4792,0.9224,-0.9514,-0.1284,-0.3312,0.42,0.2156,0.0228
1.0611,0.0187,-1.102,0.7624,1.2709,0.3607,-0.7871,-0.8032,0.7338,-0.6586,-0.0217,-0.1401,0.7001,0.0134,0.4701
0.9176,0.1452,-1.4802,0.7496,1.775,0.3442,-0.3759,-0.9499,0.4007,-0.1704,-0.6249,-0.045,0.627,-0.1266,0.4848
0.9801,-0.2548,-1.587,0.6397,1.677,0.2385,-0.6444,-0.6966,0.7735,0.0297,-1.0143,-0.0129,0.5726,-0.5894,0.6956
1.0656,-0.2769,-1.3116,0.1938,1.4703,0.0593,-0.5781,0.158,0.9892,0.1208,-1.0456,-0.8648,-0.0759,-0.9095,0.9023
0.9336,-0.4042,-0.7761,0.2579,1.0295,0.1175,-1.0639,1.021,1.2867,-0.3196,-0.6189,-0.714,-0.1963,-1.0676,0.8325
1.1171,-0.1247,-0.2766,-0.5535,1.0021,0.0683,-0.9762,1.2626,0.8265,-0.6095,-0.9947,-0.6605,-1.3055,-1.3932,0.245
0.8983,-0.0733,0.3022,-0.2671,0.4464,0.2164,-0.7143,1.8134,1.4463,-1.5644,-0.5105,-1.0566,-1.0786,-1.5949,-0.1816
0.6499,0.2123,0.9242,0.7039,0.634,0.5722,-0.5199,1.7918,0.703,-2.0765,-0.2133,-0.8865,-0.9274,-2.0515,-0.2845
0.7433,0.2579,1.0848,0.5013,0.8737,0.6424,-0.2971,1.8684,0.0623,-2.1503,0.3444,-0.5283,-1.1087,-2.421,-0.6575
0.7151,0.2762,1.3319,0.0728,1.7235,0.4026,-0.1801,2.0254,-0.3789,-1.9451,0.3321,-0.1202,-0.0113,-2.9165,-0.5297
0.7537,0.4511,1.6617,0.0505,2.428,0.4355,0.0009,1.648,-0.7281,-0.6939,1.3423,0.4146,-0.417,-2.1058,0.591
0.8959,0.6405,1.3804,0.0636,1.9519,0.4547,-0.0167,0.88,-1.1617,0.1521,1.162,0.3232,0.1162,-2.4569,1.6501
0.7189,0.6424,0.4781,0.2268,2.5295,0.4772,0.1024,0.5103,-1.217,0.8228,1.1325,0.6603,-0.0095,-1.7473,2.4536
0.4314,0.8156,0.1303,1.4935,1.6496,0.4921,0.2912,0.1137,-1.1738,1.122,1.6491,1.2319,0.2958,-1.5437,3.2542
0.2436,0.9369,0.0399,0.4876,1.4114,0.7978,0.3798,-0.5561,-1.298,0.5772,0.7245,1.3036,0.6184,-1.2143,3.2955
0.4146,0.2725,-0.5325,0.2166,1.3527,0.5936,0.1804,-0.8309,-0.9126,0.1707,0.3368,0.8257,0.6916,-0.4252,2.9672
0.5219,0.2808,-0.9855,0.1628,1.6599,0.618,0.0426,-1.1758,-0.7109,0.4955,0.0521,0.3825,0.6558,-0.0214,2.8999
0.9237,0.162,-0.8782,-0.2202,1.6782,0.4029,-0.2223,-1.508,-0.2936,0.5679,-0.7035,0.5098,1.1247,0.6387,2.5022
0.7686,0.0524,-1.2956,0.1271,1.2365,0.4308,0.0481,-1.8836,-0.0431,0.4395,-0.7456,0.2069,1.5992,0.8941,1.7604
1.0403,-0.0592,-1.7112,0.3745,1.2979,0.4585,1.2261,-2.2733,0.1295,0.4222,-0.7742,0.3132,1.2345,1.1677,1.4783
1.1367,-0.2105,-2.2063,0.5854,0.9574,0.1512,1.0491,-2.3428,0.0954,0.2787,-0.7608,-0.7575,1.5853,0.9904,1.7408
1.1177,-0.4717,-2.2027,0.6414,0.4974,0.2204,1.0043,-2.3187,0.7925,-0.0475,-0.5005,-1.0169,1.59,1.1453,1.8387
0.8574,-0.345,-1.9763,0.1111,0.2685,0.3785,0.2652,-2.5571,0.8883,-0.4793,-0.9063,-0.8486,1.5744,1.0177,1.8108
0.8986,-0.0428,-2.1695,0.0389,1.4392,0.4032,-0.1519,-2.6994,1.1249,-0.4258,-1.5282,-0.6757,1.4511,1.5708,1.3484
0.7037,-0.5945,-2.3309,0.205,0.8263,0.2013,0.2425,-2.388,1.2165,-0.5016,-2.13,-1.1653,0.8213,1.232,1.1278
1.0416,-0.6537,-2.1126,0.5085,0.5706,0.4464,0.0051,-1.6341,1.4931,-0.5564,-2.4747,-1.9856,0.8676,1.2976,0.5347
0.8831,-0.8338,-1.6755,0.6808,0.5843,0.4671,-0.0464,-1.3948,1.5974,-0.9969,-2.3913,-2.3992,0.9829,0.6433,0.1116
1.0487,-0.8772,-1.184,0.9496,0.3697,0.4452,-0.2327,-0.9384,1.6357,-1.3257,-1.6851,-2.2336,0.6268,0.2684,-0.0505
1.0117,-0.665,-0.7234,1.1255,0.8031,0.365,-0.3817,-0.652,1.4352,-1.4391,-0.4024,-2.1424,0.3833,-0.2206,0.1665
1.0878,-0.0983,-0.2344,0.4463,0.8421,0.3461,-0.2947,-0.6656,0.6695,-1.2286,-0.6985,-1.3493,0.2012,-0.5539,0.1879
0.6123,0.0378,-0.1099,0.3483,0.8528,0.5709,-0.5594,-0.615,0.6911,-1.3942,-1.1161,-1.0362,0.3572,-0.5017,-0.273
0.8196,-0.3121,-0.2519,0.3484,0.9293,0.3984,-0.4637,-0.344,0.2006,-1.7069,-0.508,-0.7116,-0.6102,-0.5501,-0.0545
0.6942,-0.1862,-0.1727,0.0939,1.0669,0.4447,0.2307,-0.0642,0.3808,-1.8074,-1.0394,-0.5204,-0.7502,-0.6967,-0.4077
0.6532,-0.4213,0.2775,0.2553,1.4352,0.4152,0.0806,0.6029,0.5484,-1.5883,-0.8488,-0.5178,-0.5318,-0.4758,-0.2973
0.771,-0.122,0.5724,0.6963,1.4013,0.4274,0.3873,0.4128,0.0232,-1.1805,-0.3735,-0.4248,-0.2624,-0.8483,-0.0871
0.6476,-0.155,0.5096,0.3755,1.5736,0.3026,2.506,0.3685,-0.408,-0.7461,-0.1644,-0.3947,-0.1336,-1.0763,0.3972
0.5604,0.2616,0.5985,0.4776,1.3985,0.2752,1.8619,0.4097,-0.4811,-0.5704,0.0564,0.1031,0.7708,-0.6602,1.6558
0.5753,-0.0672,0.8304,0.8577,1.4598,0.4357,1.1262,-0.0358,-0.7285,-0.5267,0.3759,0.2811,1.3339,-0.6416,2.3064
0.6714,-0.0108,0.5309,0.6537,1.0774,0.523,1.0196,-1.0051,-0.6832,-0.0693,0.3541,0.4286,1.1764,-0.4642,2.3392
0.6093,0.1185,-0.2071,0.407,1.2762,0.7712,0.3222,-1.6538,-1.216,0.0144,-0.0095,0.092,1.292,0.6216,2.4539
1.0216,0.3563,-0.8311,0.5979,1.5855,0.6178,0.0237,-2.4033,-0.6844,0.2301,-0.7741,-0.1026,1.471,1.0727,2.2934
1.0184,0.1176,-1.5873,0.3956,1.1747,0.3887,-0.1301,-2.4159,-0.2331,0.4472,-1.2779,-0.5564,1.0369,1.6053,1.9559
0.8627,-0.1877,-1.972,0.617,0.8031,0.4569,0.1314,-2.2664,0.4143,-0.0873,-1.2097,-0.821,0.8602,1.8502,1.3282
0.8246,-0.5997,-1.8586,0.6894,0.8498,0.5861,-0.3004,-2.592,0.4407,-0.3688,-1.0086,-0.8981,1.1729,1.7081,0.989
1.0646,-0.744,-2.017,0.4964,0.6777,0.5438,-0.798,-2.7738,0.816,-0.6991,-1.3308,-1.0266,1.0004,1.7119,0.6286
1.1177,-0.4279,-2.2883,0.4123,1.12,0.7116,-0.7056,-2.8179,0.6369,-0.4183,-1.7954,-1.3714,0.7663,1.7229,0.2072
0.9656,-0.7659,-2.3226,0.3907,0.5539,0.6008,-0.738,-2.3159,1.1892,-0.6113,-1.651,-1.1011,-0.0765,2.037,0.0584
0.9326,-0.6184,-2.2794,-0.1429,0.3455,0.4845,-0.6429,-1.8636,1.1823,-1.5251,-1.9939,-1.1855,0.2849,1.8054,-0.4767
0.7861,-0.7214,-1.7879,-0.0186,0.092,0.6016,-0.6368,-1.7989,1.3321,-2.0336,-2.5269,-1.8052,0.011,1.4004,-1.0027
0.7635,-1.1186,-1.1978,0.194,0.7183,0.7533,-0.7766,-1.3716,1.4019,-2.3219,-2.4167,-2.445,0.282,1.2443,-1.7427
1.0575,-1.1799,-0.9566,0.2994,0.8948,0.4914,-0.4899,-0.9888,0.9439,-1.9272,-2.3698,-2.2577,-0.1527,0.4729,-2.0307
0.8963,-1.2582,-0.456,0.576,1.2226,0.248,-0.4455,-0.074,0.9375,-1.629,-1.4301,-2.0567,-0.0626,0.0797,-1.5913
0.8602,-0.961,-0.2169,0.1492,1.4122,0.5363,-0.7477,0.1711,0.9327,-1.3246,-1.0382,-1.7262,-0.2736,-0.5298,-1.0026
0.9499,-0.528,0.3851,0.1183,1.6363,0.6838,-0.4895,0.1989,0.7791,-1.0762,-0.7689,-1.2252,-0.2255,-0.1759,-0.5608
1.0043,-0.5253,0.7742,0.3546,1.3241,0.7291,0.0679,-0.0243,0.1886,-0.7636,-0.6812,-0.4713,-0.1524,-0.7016,-0.107
1.5122,-0.4975,0.8819,0.2009,1.1716,0.2669,-0.1119,0.4792,0.2142,-0.9501,-0.7514,-0.468,-0.123,-1.031,0.104
1.1552,-0.0656,0.8498,0.4387,0.2148,0.5398,-0.6599,0.5268,-0.2938,-1.3044,-1.0116,-0.4297,-0.2713,-1.4206,0.0761
1.2517,-0.2732,1.2749,0.6942,0.9517,0.4561,-0.6239,1.1425,-0.1952,-2.0577,-0.4543,-0.6477,-0.4719,-1.07,-0.1438
1.2533,0.0927,1.2785,1.0889,1.5649,0.2353,-1.3443,1.1801,-0.5483,-1.7635,0.3517,-0.119,-0.3924,-1.0299,-0.3649
1.2731,0.4384,1.4194,0.523,1.5748,0.2176,-0.9621,0.7426,-1.2876,-1.4534,0.6222,-0.112,-0.6317,-1.6325,0.0794
1.0592,0.4083,1.4933,0.2457,1.6049,0.4797,-0.7108,0.646,-1.1514,-1.2696,0.2805,-0.0713,-0.6465,-1.501,-0.0205
1.1128,0.943,1.3906,1.3196,1.9094,0.6004,-0.7145,0.8215,-0.9482,-0.9231,0.7334,0.2001,-0.7549,-1.2977,0.3446
0.7938,0.3019,1.1181,0.6216,1.7396,0.9323,-0.4603,0.2914,-1.4519,-0.6639,0.4926,0.1629,-0.4937,-1.647,0.6405
0.995,0.0804,1.0617,0.3514,1.7732,0.8771,-0.2914,0.4898,-1.1985,-0.6395,0.364,0.6652,-0.3309,-1.3561,0.8703
0.908,0.4133,0.98,0.3473,1.6384,0.9152,-0.2553,0.3952,-1.1207,-0.2654,0.0252,1.0887,0.6714,-1.6184,0.7418
0.7719,0.4955,0.629,0.0287,1.8598,0.8122,-0.4572,0.0881,-1.3231,-0.1641,-0.27,0.7542,0.4944,-0.9722,0.5863
0.7087,-0.0433,0.1914,0.4441,1.5111,0.3153,-0.3666,0.1116,-0.8693,-0.3794,-0.0242,0.1086,0.0048,-0.9801,0.636
0.7023,-0.0918,0.371,0.5672,1.557,0.1934,-0.1146,0.4002,-0.6869,-0.2926,0.1098,0.1069,-0.1003,-0.1358,0.4267
0.6123,-0.0335,0.6731,0.7418,1.4741,0.1215,0.19,-0.018,-0.9275,-0.502,0.0045,0.6118,0.2658,-0.6078,0.8834
0.539,-0.0767,0.515,0.8426,1.4611,0.3038,-0.0152,-0.1202,-0.7638,-0.3546,0.5172,0.6348,0.5027,0.059,1.0058
0.7601,0.1554,0.3763,0.507,1.5575,0.7416,-0.1383,-0.9135,-1.0206,-0.2665,-0.0289,0.5636,0.583,-0.4733,1.0259
0.7794,0.0015,-0.014,-0.1977,1.5608,0.6262,-0.0662,-0.8498,-0.874,0.0664,-0.6677,0.3483,0.2061,0.6193,0.8053
0.4265,-0.2431,0.0914,-0.258,1.3093,0.6649,0.0907,-0.9553,-0.1652,-0.0054,-0.5339,-0.0827,0.653,0.2482,0.874
0.4479,-1.0295,-0.2887,0.2466,1.1968,0.649,0.0123,-0.9842,0.1216,-0.349,-0.898,-0.296,0.8749,0.3508,0.6066
0.4224,-0.5155,-0.14,0.6617,1.7174,0.7069,-0.2006,-0.9012,0.2462,0.3197,-0.989,-0.2495,0.8375,0.3341,1.0622
0.6063,-0.1686,-0.1847,0.7111,1.5807,0.5442,-0.1683,-0.799,-0.0182,0.5125,-0.366,-0.4251,0.8174,0.2409,1.1028
0.8841,-0.7006,0.0275,0.6619,1.0308,0.4363,-0.3371,-0.968,-0.208,0.2006,-0.3105,-0.0079,0.7403,0.2835,1.11
0.6379,-0.266,-0.2633,0.0131,1.0916,0.8246,-0.4627,-1.0162,-0.2313,0.29,-0.7463,-0.0713,0.7856,0.7818,0.8834
0.7529,-0.4001,0.059,-0.1115,1.4045,0.5702,-0.6639,-1.0667,0.0493,0.023,-0.7603,-0.3756,1.0764,1.1322,0.5923
0.4007,0.1114,-0.275,-0.2531,1.3025,0.5679,-0.654,-1.4636,-0.2983,0.3922,-1.0856,0.6254,0.7871,1.3137,0.6558
0.302,-0.4338,-0.7504,0.5705,1.2848,0.8489,-0.2201,-1.6802,0.8008,-0.0364,-0.6171,0.2583,0.8965,1.203,0.3942
0.4917,-0.7712,-0.6135,0.6,0.4706,0.7679,-0.3017,-1.8047,0.1492,-0.1883,-0.6889,0.0948,1.2808,1.0669,0.3616
0.2438,-0.5812,-1.2494,0.3029,0.6281,1.0482,-0.4446,-2.0716,0.2551,-0.2179,-1.0514,0.091,1.0995,1.5148,0.2175
0.6215,-0.7638,-1.2175,0.813,0.3809,0.9202,-0.5972,-2.1978,0.5823,-0.2481,-1.1176,-0.3472,1.526,2.1785,0.1489
0.5521,-0.9181,-1.7151,1.4812,0.2077,0.9928,-0.7557,-2.5243,0.5439,-0.1439,-1.4354,-0.5427,1.4806,2.4378,0.5821
0.669,-0.6164,-1.839,-0.0494,-0.1713,0.8808,-1.0041,-2.6728,0.8698,-0.2803,-1.8582,-0.7374,1.2375,1.8304,-0.1098
0.2971,-0.7417,-2.0102,0.6052,0.536,0.3087,-0.9438,-2.192,1.5457,-0.5439,-1.7738,-0.8749,1.0064,2.3113,-0.6379
0.1598,-0.9423,-1.7175,0.7167,-0.1327,0.8089,-0.9593,-2.1963,1.2341,-0.9151,-2.0351,-1.0077,1.174,1.4756,-1.0427
0.3807,-1.202,-1.4079,0.6333,0.2699,0.8987,-0.788,-1.7713,0.6975,-1.039,-1.9735,-1.2501,0.9998,1.6006,-1.3913
0.399,-0.9887,-1.3048,0.5074,0.5156,0.6789,-0.7708,-1.3114,1.2151,-0.9475,-1.7802,-2.4363,0.8087,1.2568,-1.4594
0.3013,-0.9765,-0.7221,0.7589,0.4069,0.7201,-1.1063,-1.1615,1.1119,-1.0147,-1.4352,-2.026,0.7421,1.4164,-1.6733
0.5472,-0.9248,-0.5095,0.4211,0.6133,0.5996,-1.2096,-1.278,0.786,-1.3198,-1.3642,-1.6596,0.2976,0.6415,-1.8907
0.5604,-0.8693,-0.3984,0.5597,1.063,0.7076,-1.255,-0.6384,1.1734,-1.2398,-1.1352,-1.7718,0.053,0.2659,-1.8023
0.6826,-0.7268,0.0303,0.5037,1.0251,0.6487,-1.4283,-0.3723,0.6004,-1.0989,-0.9777,-1.5574,-0.0226,-0.2462,-1.8518
0.4388,-0.537,0.2285,0.4384,0.8768,0.5417,-1.1724,0.0987,0.4145,-1.0112,-0.6971,-1.3883,-0.1785,-0.9497,-1.6117
0.5773,-0.6514,0.5597,0.7357,1.8014,0.3232,-1.0425,0.7032,0.2847,-0.7953,-0.5325,-0.9782,-0.3122,-1.0864,-1.2642
0.2921,-0.4097,0.9414,-0.107,1.6643,0.6377,-0.6893,0.7581,0.1237,-0.3349,-0.3088,-0.8873,-0.5381,-1.696,-0.9103
0.1959,-0.3908,0.9794,0.2075,1.357,0.818,-0.2034,1.0252,0.1001,-0.0572,-0.3476,-0.7872,-0.3667,-1.8497,-0.5251
0.6227,-0.6853,1.3124,0.3307,1.2693,0.7356,-0.3659,1.3082,0.1846,-0.5198,0.3436,-0.5995,-0.8196,-1.9246,0.0551
0.259,-0.7271,1.4786,0.6129,1.7354,0.7499,-0.2996,1.431,-0.3438,0.0656,0.4128,-0.128,-0.7648,-1.8683,0.2881
0.2405,-0.2385,1.5141,0.2874,1.7498,0.7541,-0.2028,1.1339,-0.6671,0.3587,0.8058,0.0776,-0.5001,-1.4766,0.9488
0.2086,0.1122,1.5645,0.0133,1.8551,0.9952,-0.0983,0.7256,-0.9408,0.4725,0.8796,-0.2842,-0.4619,-1.6102,1.1928
-0.0728,0.1636,1.0215,0.1573,1.8452,1.1276,-0.3047,0.4703,-0.9919,0.4509,0.6469,0.5533,0.3328,-0.9244,1.6739
0.1304,-0.0796,0.8997,-0.1851,1.779,1.1033,-0.0782,-0.1371,-1.0333,0.3986,-0.0708,0.7727,0.8072,-0.9726,1.3532
0.1317,-0.2482,0.1017,0.0498,2.036,0.9896,0.0264,-0.1331,-0.9677,0.5402,-0.5557,0.6403,0.3708,-0.3561,1.3597
0.0236,-0.6411,-0.0726,-0.0331,1.5433,1.5333,0.0028,-0.2421,-0.4555,0.6793,-0.5663,1.1528,0.6874,-0.3588,1.3153
0.3515,-0.7965,0.3725,0.1646,1.4593,1.373,-0.0936,-0.5422,-0.2574,0.5985,-0.8786,0.7955,0.7714,-0.3916,1.097
0.3714,-0.9521,-0.1066,0.2732,1.2627,1.1186,-0.1967,-0.4093,-0.351,0.5236,-1.2729,0.2306,0.8086,0.1962,0.5751
0.4154,-0.9803,-0.2834,0.1112,1.013,0.8842,-0.2127,-0.311,-0.3865,0.3262,-1.3678,-0.459,0.5362,0.132,0.1804
0.4727,-0.998,-0.2511,0.5211,1.4825,0.6948,-0.2834,0.0957,0.0109,0.1438,-1.2725,-0.2198,0.5789,1.1559,-0.056
0.3974,-0.9382,-0.0403,0.4248,1.2986,1.0687,-0.4189,-0.2005,0.1049,0.0685,-0.8168,-0.3916,0.4159,0.2406,0.0183
0.4253,-0.7856,-0.0127,0.4322,1.2289,1.1325,-0.7411,-0.4119,-0.0091,-0.1425,-0.766,0.0242,0.2946,0.7153,-0.2177
0.4591,-0.9498,-0.3,0.3343,1.1613,1.0705,-0.7585,-0.4913,-0.0612,-0.3392,-0.8977,-0.3942,0.0907,0.8673,-0.7069
0.4469,-1.028,-0.1044,0.2763,1.1937,1.0462,-0.3352,-0.5053,0.0022,-0.0803,-0.9594,-0.8342,0.2879,0.495,-0.683
0.6877,-0.7081,-0.0295,0.3461,0.9285,1.1502,-0.7479,-0.5256,-0.0181,-0.3745,0.1893,-0.5578,0.3709,0.3017,-0.3375
0.3111,-0.2293,-0.4907,0.0159,1.1646,1.4062,-0.7681,-1.0568,-0.3635,-0.3435,-0.2357,0.1556,0.2188,0.1749,-0.4216
0.3917,-0.6654,-0.862,0.0843,1.612,1.5045,-0.5868,-1.3075,-0.1914,-0.3822,-0.6753,0.0682,0.5051,0.409,-0.3656
0.6005,-0.9887,-0.8016,0.1071,1.0546,1.3421,-0.647,-0.9622,0.2209,-0.138,-1.1689,-0.4484,0.7116,0.5453,-0.622
0.5037,-1.2229,-0.754,0.249,0.83,1.2135,-0.7331,-0.5357,0.2149,-0.3275,-1.2967,-0.6315,0.6603,0.1407,-0.7894
0.4761,-1.3022,-0.4573,0.3285,0.5337,1.0643,-0.7894,0.041,0.2276,-0.8147,-1.0948,-1.3242,0.3198,0.2497,-1.3024
0.2367,-1.1842,-0.0042,0.3765,0.8474,1.0497,-1.339,0.3659,0.2236,-0.7623,-0.7819,-1.2531,0.092,0.2,-1.1051
0.3296,-1.0508,0.3484,0.3833,1.1734,1.0529,-1.0715,0.4728,-0.2484,-0.9062,-0.6361,-0.7293,-0.0795,-0.0635,-1.1018
0.5733,-0.5919,0.654,0.3969,1.5731,0.9062,-1.0287,0.4461,-0.2223,-0.604,-0.5661,-0.525,-0.0211,-0.6419,-1.2608
0.1758,-0.7149,0.4725,0.1511,2.0417,0.8205,-0.8528,0.7246,-0.374,-0.2165,-0.5095,-0.3333,-0.2545,-0.7277,-1.269
0.6621,-0.6708,0.8984,0.2185,1.555,0.8062,-0.696,1.1589,-0.4224,-0.1746,0.016,-0.5257,-0.3093,-1.2005,-0.4364
0.3313,-0.6003,0.9961,-0.1146,1.1347,1.1869,-0.692,1.1023,-0.5248,-0.2658,0.3605,-0.2187,-0.0054,-1.3898,0.0364
0.1161,-0.6313,0.7281,0.0355,0.985,1.3715,-0.3262,1.0925,-0.6869,-0.5577,-0.0072,0.0984,-0.3053,-0.7724,0.0383
0.2666,-1.0766,0.9933,0.7479,1.0966,1.4754,0.015,0.8066,-0.9405,-0.6915,0.2227,0.1731,0.3833,-0.3847,-0.2023
0.0872,-0.8106,0.8461,0.6654,1.7252,1.536,-0.2099,0.1407,-0.9748,-0.2437,0.2657,0.378,0.6462,-0.247,-0.2762
0.6117,-0.8497,0.5647,-0.0805,1.8402,1.2798,-0.7653,-0.3676,-1.5156,0.2642,-0.4102,0.3424,0.9694,-0.3421,-0.5489
0.462,-0.9111,-0.2104,-0.0223,0.9733,1.4118,-0.8086,-0.4885,-1.1768,0.2031,-0.5287,-0.6828,0.5271,0.2629,-0.2018
0.1348,-0.9185,-0.408,0.8308,1.0264,1.6196,-0.5746,-0.5369,-0.4929,-0.499,-0.7567,-0.4387,0.6245,0.4027,-0.3356
0.872,-0.7636,-0.0584,0.545,0.7396,1.5832,-0.46,-0.4914,-0.1954,-0.8812,-0.7455,-0.7206,0.4573,-0.6309,-0.7163
0.4148,-0.5103,-0.3037,-0.0063,0.3881,1.2706,-0.7317,0.1325,-0.0447,-1.1525,-1.0498,-0.4705,-0.0006,-0.6255,-1.2423
1.3524,-1.0603,0.6642,0.0574,0.4031,0.6213,-0.9901,0.705,0.4761,-2.1814,-0.9522,-0.8344,-0.2669,-0.8045,-2.0295
1.0162,-0.6635,1.228,0.2206,1.4646,0.572,-0.9735,1.2622,0.2016,-1.6597,-0.7285,-0.8686,-0.4164,-0.6709,-2.1022
0.7033,-0.4561,1.6743,0.341,1.7225,0.7413,-1.1035,1.3789,-0.4306,-1.2754,-0.2852,-0.8182,-0.4958,-1.5201,-1.8356
0.7486,-0.4482,1.8866,0.015,1.5319,0.8035,-0.7409,1.7124,-0.6713,-1.1462,-0.1293,-0.7431,-1.0773,-2.2396,-1.6332
0.5772,-0.2983,2.0591,-0.3733,2.2434,1.055,-0.4239,2.0792,-0.4783,-0.9655,-0.026,-0.0075,-0.6446,-1.8148,-1.4445
0.9461,-0.4081,2.5346,0.1973,2.4629,0.7102,-0.2975,2.1025,-0.864,-0.6642,0.4553,0.6919,-0.6761,-2.2853,-1.0861
0.3895,-0.1168,2.5299,-0.3662,2.5192,1.1753,-0.0092,1.997,-1.6713,-0.0529,0.4251,0.9056,-0.1202,-2.7828,-0.4304
0.4232,-0.2278,2.3394,0.0269,2.41,1.1543,0.5633,1.7833,-1.5921,-0.004,0.3677,0.7258,-0.0838,-2.3918,-0.1823
0.4903,-0.6255,2.0996,-0.1566,2.3179,1.1739,0.4055,1.5958,-1.3402,0.172,0.1194,1.0961,0.2326,-2.0258,0.2184
0.9131,-0.7459,2.1896,-0.1438,2.2935,0.9481,0.3273,1.5217,-1.4544,0.6394,-0.1954,1.2392,0.5533,-1.9994,0.3522
0.5112,-0.5298,1.9962,-0.2109,2.0948,0.7057,0.1446,1.3538,-1.3467,0.8289,-0.2415,0.7827,0.2608,-1.5055,0.7342
0.5985,-0.7238,2.0546,0.4235,1.894,0.7824,0.5227,1.1408,-1.4844,0.609,0.2631,0.7057,0.3242,-1.063,0.7083
0.3867,-0.4753,2.5274,0.108,1.4482,0.6832,0.4255,0.632,-1.5229,0.4668,0.1552,0.5334,0.6897,-1.3577,1.031
0.2473,-0.4614,1.9784,0.1364,1.4593,0.68,0.1238,0.3588,-2.0878,0.298,0.1791,0.4191,0.8113,-0.8667,1.0332
0.2096,-0.4828,1.2347,0.2114,1.7986,0.9076,-0.2034,-0.3321,-1.8181,0.2151,-0.1848,0.5706,0.7459,-0.1589,0.7802
0.8807,-0.6919,0.9458,0.4349,2.0087,0.6192,-0.2976,-0.7698,-1.3289,0.4986,-0.36,0.4492,0.7106,0.004,0.7234
0.3811,-0.554,0.2472,0.0928,1.8409,0.8825,-0.1473,-0.9907,-1.1241,1.1628,-0.3295,0.2324,0.5528,0.2515,0.8434
0.5079,-0.8261,0.2905,0.5447,0.898,0.8656,-0.1851,-1.2536,-1.1952,0.6952,-0.4489,0.2521,0.9134,0.7284,0.7729
0.4665,-0.8336,-0.0632,0.284,0.9144,0.5885,-0.2756,-1.4734,-0.7572,0.2979,-0.9317,0.1203,0.6615,0.9938,0.4162
0.2879,-0.9767,-0.5396,0.3295,1.1082,0.7693,-0.4666,-1.4002,-0.3062,-0.0025,-0.9496,0.1092,0.912,1.2952,-0.0148
0.2829,-0.9947,-0.6881,0.4328,0.8232,0.8157,-0.2758,-1.747,-0.3427,-0.3763,-1.2491,-0.1492,0.889,1.5274,-0.4895
0.4713,-0.9107,-0.4854,0.5542,0.9675,0.7443,-0.5392,-1.991,-0.1804,-0.5611,-1.0285,-0.8297,0.9865,1.6389,-1.0694
0.562,-1.1512,-0.6677,0.2934,1.5921,0.3365,-1.1052,-1.9691,-0.0445,-0.4738,-1.6448,-1.0274,1.731,1.6608,-1.5296
0.138,-1.1139,-0.8147,-0.0207,1.1711,0.4586,-0.7586,-1.8385,0.1459,-0.3014,-1.9472,-0.8808,1.1571,1.4787,-1.9787
0.0414,-1.1194,-0.5419,-0.125,0.8918,0.8618,-0.5912,-1.5878,0.4263,-1.1061,-2.3099,-1.2091,0.5859,1.2186,-2.404
0.2229,-1.2215,0.0602,0.313,0.7781,0.7174,-0.7881,-0.951,0.9026,-1.76,-1.6912,-1.7373,0.5472,1.1238,-2.6473
0.7041,-1.4303,1.0881,0.485,1.2179,0.6559,-0.7493,-0.663,0.6727,-1.7556,-1.2788,-1.3875,0.4975,0.296,-2.3385
0.8197,-0.8562,1.09,0.6929,1.2733,0.3998,-0.753,0.1817,-0.1248,-1.0453,-0.7495,-1.0022,0.0242,-0.3888,-2.0425
0.2115,-0.7138,1.2701,0.4681,1.3225,0.584,-0.8497,0.2793,-0.5088,-1.1469,-0.5299,-0.581,-0.1426,-0.6329,-1.8306
0.4044,-0.8272,1.1996,0.4488,1.5028,0.7987,-0.5785,0.4913,-0.4951,-1.536,-0.1679,-0.526,-0.392,-0.6832,-1.8479
0.0628,-0.8341,1.229,0.2405,1.6214,1.0687,-0.6806,0.4884,-0.7077,-1.2317,-0.5867,-0.3715,-0.5723,-1.163,-1.6821
-0.0058,-0.5419,0.966,0.2815,1.6507,1.4781,-0.4063,0.8113,-0.6096,-1.1183,-1.2043,-0.366,-0.809,-0.6226,-1.7805
-0.0305,-0.7728,0.8995,0.4969,1.7901,1.5965,-0.2127,1.0402,-0.1125,-1.6723,-1.1323,-0.334,-0.3403,-1.4959,-2.2272
0.5479,-1.1124,1.6206,0.5808,1.9143,1.5527,-0.4498,1.2757,-0.2347,-1.6101,-0.8197,-0.4943,-0.0784,-2.0843,-2.1257
0.464,-0.8411,1.9951,0.6868,1.9863,1.4236,-0.0885,1.4987,-0.8857,-0.9985,-0.18,-0.5368,-0.2525,-2.2215,-1.5931
0.4367,-0.5768,2.1792,0.5642,2.2661,1.1392,-0.0738,1.5824,-0.5962,-0.754,-0.252,-0.461,-0.1413,-2.4323,-1.281
0.3415,-0.4721,2.3939,0.4125,2.0974,1.3139,-0.1276,1.5567,-0.9614,-0.6279,0.181,-0.267,-0.3719,-2.5519,-0.6749
-0.1273,-0.3619,2.0181,0.405,2.249,1.6065,-0.1226,1.3687,-1.2994,-0.4671,-0.0806,0.1977,-0.3415,-2.7765,-0.4202
0.0344,-0.2854,1.9629,0.374,2.2698,2.0603,-0.4135,1.3972,-1.2633,-0.6901,0.0033,0.5021,-0.5701,-2.3158,-0.2961
0.497,-0.4704,2.2623,0.0886,2.2486,1.7484,-0.1092,1.5545,-1.9273,-0.7422,-0.4667,0.2731,-0.5801,-4.6528,-0.6243
0.296,-0.7089,1.6634,0.2593,2.1959,1.582,-0.085,2.946,-1.1039,-0.7965,-0.5863,0.8324,-0.9596,-3.771,-0.7867
0.3027,-0.7816,2.6668,0.4643,2.1801,1.6941,-0.2493,3.183,-0.413,-1.2437,0.0697,0.3808,-1.2675,-3.6097,-0.7715
0.4154,-0.3108,3.3736,0.2784,2.2774,1.4324,-0.3193,3.0501,-1.017,-1.2533,0.1301,0.9119,-1.1965,-3.8542,-0.7605
0.6465,-0.2539,3.9977,0.0558,2.8997,1.3915,-0.0561,3.1787,-1.4828,-0.9852,0.4652,0.6501,-1.6619,-3.3908,-0.3845
0.7381,0.0979,4.0018,0.234,3.2061,1.2941,0.3467,2.9852,-2.1896,-0.2004,1.2792,0.8617,-1.5158,-3.2358,0.4481
0.7769,0.3384,3.9424,-0.068,2.4723,1.0102,0.6031,2.5738,-2.3817,0.024,1.4347,1.1806,-1.0524,-2.9545,1.0275
0.5698,0.2248,3.3783,0.4119,2.8559,1.0846,0.7138,2.0152,-2.6326,0.0746,1.4866,1.7526,-0.3773,-2.3786,1.5787
0.4763,0.4475,2.6667,0.1084,2.9567,1.2483,0.4484,1.0728,-2.852,0.6247,1.1564,1.6162,-0.0154,-1.8328,1.855
0.2026,-0.3066,2.0466,0.1322,2.6051,1.4762,0.1342,0.2099,-2.6578,0.6204,1.1277,1.7006,0.3934,-1.3108,1.6336
0.9469,-0.3577,1.532,-0.0195,2.0286,1.2932,-0.2917,-0.596,-2.3725,0.3998,0.159,1.63,0.4494,-0.4077,1.4708
0.4045,-0.6037,0.6331,-0.2723,2.4242,1.3225,-0.3316,-1.0266,-1.844,0.776,-1.0266,1.1433,0.3219,0.2292,0.7466
0.2321,-0.9683,-0.1019,0.1381,2.1516,1.3728,-0.4631,-1.1683,-2.5179,1.0519,-0.8581,0.1806,0.2908,0.9906,0.4513
0.1121,-1.0857,-0.5183,0.1366,1.5729,1.3935,-0.0112,-1.4562,-1.319,0.6516,-1.2087,-0.0535,0.218,1.3413,0.3065
0.506,-1.4693,-0.6756,0.1632,1.5676,1.5913,-0.1367,-1.7761,-0.3029,0.0741,-1.7618,-0.35,0.4498,1.577,-0.3101
0.5302,-1.557,-0.9561,0.4632,0.7964,1.601,-0.1016,-2.0398,-0.0313,-0.2353,-1.5645,-0.8765,0.466,1.1357,-0.6782
-0.2179,-2.0373,-1.1999,1.0578,1.0741,1.9802,-0.3239,-1.9485,0.3773,-0.6768,-0.8489,-1.0771,0.4779,1.3902,-0.7515
0.1961,-1.9703,-0.992,0.8985,0.6403,1.718,-0.4754,-2.2189,0.2237,-0.9333,-1.3898,-0.8594,0.6502,1.1676,-1.2111
0.6967,-1.7215,-1.1253,0.4389,0.3719,1.5891,-0.3673,-1.9091,0.4239,-1.2849,-1.8102,-1.3323,0.5032,1.1383,-1.7716
0.4539,-2.1783,-0.9545,0.5772,0.8704,1.5723,-0.3576,-1.6352,1.3598,-1.5514,-2.4948,-1.6755,0.2513,1.0759,-2.4888
0.5974,-1.9299,-0.498,0.5273,0.8396,1.4018,-0.6572,-0.9964,1.1448,-1.7121,-2.308,-1.9602,0.652,0.2816,-2.5478
0.5083,-1.7145,-0.2132,0.5846,0.9324,1.3173,-0.7256,-0.4665,0.987,-2.0014,-1.5957,-1.9667,-0.1827,-0.6155,-2.6764
0.1736,-1.7374,0.0485,0.9135,1.1026,1.2852,-0.761,0.0053,0.8409,-2.2318,-1.2039,-1.8552,-0.472,-0.9846,-2.8643
0.2784,-1.6096,0.3755,0.8982,0.9345,1.6801,-0.9514,0.3738,0.3815,-2.7373,-0.6852,-1.8091,-0.7436,-1.4304,-3.0218
0.573,-1.7133,0.8765,0.539,1.6101,1.2864,-0.3844,0.9094,0.5989,-2.4849,-0.6222,-1.4073,-1.1067,-1.7132,-3.2925
0.1969,-1.064,1.6362,0.2842,2.0761,1.0467,-0.1317,1.1473,0.2945,-1.6883,-0.2966,-1.1944,-0.9706,-2.3269,-2.7144
0.305,-0.9726,2.2488,0.3593,2.4652,0.831,0.1743,1.4656,0.3943,-1.5023,0.3535,-0.998,-1.0927,-2.6437,-1.9793
0.6318,-0.9047,2.3675,0.1909,2.3774,0.7544,-0.0716,1.58,0.3064,-1.2841,0.5893,-0.3624,-0.7542,-3.261,-1.3762
0.4738,-0.4997,2.7668,-0.4797,3.1377,0.868,-0.2496,1.5801,-0.7172,-0.2,0.1495,0.1946,-1.1969,-2.7476,-0.564
0.3045,-0.5144,2.9012,-0.3087,2.6338,1.0586,0.1383,1.7713,-0.6844,0.1381,-0.0803,0.9568,-1.3735,-2.3015,-0.3627
-0.0211,-0.6354,2.9653,-0.5695,2.8914,1.3887,0.4729,1.782,-1.0903,-0.0627,0.1303,0.905,-1.3527,-2.4557,-0.2244
-0.2407,-1.0352,2.792,-0.3193,2.4555,1.8509,0.7316,1.4171,-1.7933,0.0549,0.5681,0.5424,-0.8858,-3.0039,0.1144
0.0853,-0.8555,2.1532,-0.4799,2.1618,1.5168,0.6119,1.2821,-1.889,0.039,0.2078,0.5465,-0.3965,-2.7218,0.3285
0.0191,-1.3811,2.1175,-0.0337,2.0143,1.3904,-0.2211,1.1464,-1.9764,-0.5058,-0.2191,0.2001,-0.8012,-2.0441,-0.3046
-0.025,-1.1157,1.7789,-0.0761,2.1323,1.3936,-0.0263,1.2177,-1.2049,-0.3961,-0.3331,0.1346,-0.7845,-1.5428,-0.5462
0.6378,-0.7338,2.5112,-0.5365,1.885,0.9699,0.1392,1.2476,-0.7981,-0.6304,-0.2045,-0.3415,-0.803,-1.6718,-0.5659
0.1501,-0.807,2.6131,-0.1674,2.2487,0.8555,0.1773,1.4104,-1.0233,-0.4545,0.5103,-0.0872,-0.7357,-1.7051,-0.4191
0.3023,-0.8296,2.8688,-0.1755,2.3839,0.5688,0.1567,1.2766,-1.0435,-0.2588,0.2527,-0.3632,-0.3574,-1.5976,-0.3985
0.4666,-0.7923,2.9613,-0.1259,2.5339,0.5149,0.388,0.8679,-1.4138,0.1586,2.1891,0.0117,-0.1697,-1.5451,0.3817
0.1109,0.1049,2.7405,-0.3195,2.5028,0.7575,-0.5081,-0.1701,-2.0562,0.5066,1.4808,0.8952,0.5159,-1.3533,1.12
-0.3729,-0.2462,1.5044,-0.1975,2.5771,1.1374,-0.0888,-0.8013,-1.9872,0.7057,0.6828,1.4388,0.6551,-0.7214,0.8556
-0.1712,-0.8921,0.7373,-0.2737,2.6796,1.1486,0.1389,-1.1286,-1.5401,0.9283,0.2856,1.5512,0.4019,-0.0871,0.872
-0.2424,-1.2614,0.0623,-0.2212,2.0687,1.3364,0.1709,-1.4648,-1.0877,1.11,-0.2673,1.1405,0.1967,0.1434,0.8395
-0.3291,-1.4285,-0.3687,0.3818,1.7095,1.5184,0.0554,-1.4923,-0.4949,1.118,-0.646,1.0,0.691,0.459,0.5148
-0.174,-2.0919,-0.5692,0.3257,1.3755,1.5223,0.0163,-1.6886,-0.067,0.6091,-1.0188,-0.084,0.9435,0.4195,0.2871
-0.0127,-2.0489,-0.2373,0.0846,1.1387,1.3484,-0.0417,-1.5851,0.4704,0.5071,-1.2883,-0.4058,1.0169,-0.9094,-0.0389
-0.1674,-2.0893,-0.2581,0.2356,1.165,1.4001,-0.9016,-1.0814,0.9267,0.2056,-1.7113,-1.0377,1.1738,-0.367,-0.5956
0.1521,-1.8787,0.1567,0.5868,0.9841,1.3715,-0.7794,-0.3683,0.4732,-0.3453,-1.3529,-1.2058,0.8288,-1.3144,-0.9265
0.0063,-1.8432,1.1895,0.3138,1.3814,1.3927,-0.6002,0.2588,1.1084,-0.7401,-1.3721,-1.1716,-0.0537,-0.8646,-1.2821
0.029,-2.0272,1.0531,0.1769,1.3406,1.3332,-1.206,0.6281,0.7996,-1.2224,-1.5684,-2.3929,-0.0852,-1.2543,-1.9103
0.0648,-2.0014,1.9904,0.0644,1.7907,1.4171,-0.9328,1.0349,1.0576,-1.3744,-1.1269,-2.0879,-0.539,-1.6954,-2.4879
0.0247,-1.6026,2.7546,-0.019,2.0805,1.4556,-0.8706,1.4639,0.2504,-1.1724,-0.7188,-1.6121,-0.7418,-2.089,-2.406
0.1376,-1.4229,2.8895,0.2354,1.7661,1.5438,-0.5004,1.8109,-0.2416,-1.3041,-0.0994,-1.0469,-1.1832,-2.5992,-2.0869
0.0484,-1.0249,3.1548,0.3946,2.2242,1.3951,-0.5471,2.089,-0.6458,-1.0869,0.5269,-0.4714,-1.64,-2.9036,-1.6423
-0.4569,-0.8866,3.2102,-0.2113,2.7998,1.8201,-0.4347,1.8053,-1.1176,-0.6749,0.1013,0.6583,-1.4434,-2.9726,-1.0694
-0.6856,-0.6986,2.6599,0.0488,2.9325,2.0371,-0.1188,1.7612,-1.0766,-0.2135,0.2221,0.6403,-1.4611,-2.9426,-0.6391
-0.3899,-1.1398,2.7066,-0.6281,2.8715,2.2036,-0.1509,1.6983,-1.3162,-0.2935,-0.1241,0.8146,-0.8748,-3.0118,-0.4136
-0.2703,-1.0711,2.9035,-0.5657,2.8144,2.2325,-0.1268,1.4169,-1.1995,0.0074,-0.081,0.5202,-0.8009,-2.9189,-0.3932
-0.2535,-0.9461,2.5457,-0.5566,2.4714,2.187,-0.0013,1.321,-1.3517,0.4352,-0.7006,0.4527,-0.4712,-2.4152,-0.2497
-0.0434,-1.0711,2.3745,0.0451,2.6583,1.9056,0.1109,1.1794,-1.2122,0.2404,0.0992,0.4828,-0.3057,-1.6121,0.0545
0.0465,-1.137,2.2083,-0.1809,2.1077,1.8272,-0.0825,0.2776,-1.4175,0.5518,-0.5168,1.2006,0.302,-1.4818,0.1034
-0.3293,-1.3966,1.5607,0.159,2.0993,1.9508,-0.1535,-0.0761,-1.3778,0.7405,-0.5359,1.1761,0.5204,-0.962,0.2098
-0.2487,-1.5128,1.0918,0.1514,2.1004,2.1041,0.4999,-0.5135,-1.1664,0.8037,-1.2248,0.4667,0.8691,-0.8063,0.2438
-0.1015,-1.7309,0.772,0.3273,2.0013,2.2865,0.2239,-0.7737,-0.6446,0.9339,-1.2376,0.2222,1.0142,-0.2934,0.0648
0.0813,-1.4798,0.3868,0.5616,2.0377,2.1845,0.1807,-0.7878,-0.4597,0.6534,-1.5088,-0.454,0.4209,-0.1727,0.0109
0.0375,-1.8395,0.1441,0.6601,1.9335,2.1856,0.1795,-0.9823,-0.2748,0.6448,-1.1196,0.0743,0.596,-0.5806,-0.0864
0.0387,-1.932,0.0874,0.5216,1.8095,2.0658,-0.0229,-0.567,-0.2782,0.7862,-1.2343,0.1647,0.9406,0.0514,-0.0432
0.2253,-1.8093,0.3246,0.4975,1.8638,1.9872,-0.0859,-1.1997,-0.1019,0.6875,-1.0021,0.103,0.7708,-0.5285,-0.0164
0.0149,-1.7634,0.0956,0.6869,2.3668,1.8757,-0.463,-1.2422,-0.1648,1.1534,-1.2839,-0.2259,0.9734,-0.5488,-0.0391
0.1645,-1.7841,-0.1902,0.6447,1.67,1.6799,-0.451,-1.1784,0.0379,1.0896,-1.1799,-0.0136,0.4466,-0.3853,-0.0313
0.0813,-1.7285,0.2733,0.6728,1.7202,1.7681,-0.4732,-0.9229,0.0642,0.7104,-1.1554,-0.8171,0.1081,-0.3419,0.0435
0.081,-1.8946,0.3778,0.5798,1.9021,1.7527,-0.6785,-0.832,0.5561,0.5271,-0.925,-0.5937,0.1556,-0.2283,-0.1255
0.0888,-1.5751,0.7124,0.7757,1.9744,1.6422,-0.4904,-0.9139,0.2967,0.436,-1.159,-0.2294,0.2185,-0.087,-0.3048
0.1419,-1.3136,0.917,0.5289,1.9071,1.4665,-0.4811,-0.8303,0.0488,0.5348,-0.9231,-0.5222,0.1004,-0.6283,-0.5165
0.1799,-1.1793,0.8863,0.4025,1.6467,1.3666,-1.1902,-0.5261,0.0209,0.0671,-1.6271,-0.527,-0.2767,-0.6987,-0.7387
0.2334,-1.5081,1.2932,0.1789,1.1413,1.3109,-1.4507,-0.1824,0.7164,-0.9012,-1.0717,-0.4357,-0.0845,-0.8067,-1.1734
0.1754,-1.5258,1.6728,0.3128,1.3365,1.1036,-1.2064,-0.218,0.0459,-1.2728,-0.4985,-0.508,-0.1781,-0.9341,-1.4791
0.287,-0.9316,1.7917,-0.4864,1.6375,1.1714,-0.454,-0.2886,-0.59,-1.0752,-0.724,-0.2315,-0.4817,-0.9807,-1.836
0.0384,-0.8965,1.3124,-0.3645,1.6307,1.5168,-0.6742,-0.4423,-0.3961,-1.2429,-1.01,0.3168,-0.0847,-0.9702,-1.7094
0.3519,-1.3046,1.3475,-0.1381,2.3848,1.2299,-0.3535,-0.4723,-0.4113,-0.8419,-1.1198,-0.1499,-0.5414,-1.4125,-1.6907
0.0,-0.9018,1.2494,-0.0569,1.3797,1.4584,-0.2494,0.0153,-0.0913,-0.4311,-1.369,-0.087,-0.3294,-1.2716,-1.4121
-0.1436,-1.5382,1.0547,0.5024,1.592,1.516,-0.0823,0.2669,0.0535,-1.2463,-1.1417,-0.1332,-0.2812,-1.2625,-1.8211
0.2578,-1.5277,1.4989,0.3113,2.0261,1.4346,-0.0405,0.3018,-0.1522,-0.9966,-0.094,-0.4382,-0.3276,-1.0266,-1.3667
0.2774,-1.3657,1.825,0.312,2.1904,1.1888,0.2005,-0.367,-0.3226,-0.434,-0.252,-0.0666,0.0496,-1.3718,-0.9155
0.5117,-1.1004,1.891,0.1087,2.0298,1.0725,-0.0391,-0.6551,-0.7121,0.2174,-0.6468,-0.2289,0.4417,-1.3412,-0.3625
-0.017,-1.2321,1.3984,0.304,2.0476,1.2249,0.1536,-0.5989,-0.5807,0.3085,-0.9206,0.0075,0.7404,-0.6625,-0.2769
-0.0554,-1.4234,1.1676,0.1378,2.0014,1.1385,0.4576,-0.8885,-0.3092,0.2085,-0.983,-1.29,0.5207,-0.5214,-0.1258
0.2186,-1.4483,0.7475,0.5071,2.0367,1.0966,0.1341,-1.124,-0.0063,0.1834,-0.951,-1.0561,1.0406,-0.8111,-0.1417
0.2451,-1.7939,0.5869,0.4311,2.0092,0.901,0.0588,-1.0079,0.2708,0.4558,-1.0811,-0.7451,0.6472,-0.8864,-0.134
0.2425,-1.5153,0.6533,0.5703,1.9111,1.078,-0.1338,-0.8208,0.1858,0.5042,-0.4136,-0.7557,0.1811,-0.9004,0.4457
-0.1852,-1.3654,0.4157,-0.0258,1.3308,1.5499,-0.0971,-1.2161,0.0983,0.4354,-1.1746,-0.4765,0.3304,-0.5947,0.354
0.194,-1.6797,0.2838,-0.1623,1.4751,1.4015,-0.1435,-1.2156,0.1569,-0.0577,-1.688,-0.1217,0.2823,-0.4138,-0.1969
0.4899,-2.294,0.3929,0.288,1.7056,1.151,-0.2843,-0.9158,0.549,-0.1692,-1.6973,-0.9283,0.5935,-0.4073,-0.4172
0.6279,-1.687,0.587,0.6521,1.6944,0.2961,-0.2111,-0.4481,0.6191,0.2225,-0.8145,-0.8333,-0.2287,-0.3999,-0.3032
0.288,-1.5446,0.7693,0.2554,1.7203,0.5086,0.0298,-0.4182,0.5223,0.0114,-0.3503,-0.2871,0.1913,-0.5791,-0.3852
0.0151,-0.9333,0.8365,0.3679,2.0467,1.0413,0.5197,-0.9506,0.1654,0.0328,-0.3328,-0.3238,0.4003,-0.8608,0.1274
0.0437,-1.0297,0.6264,0.0803,1.9794,1.1423,0.775,-1.1345,0.1601,0.1914,-0.6649,-0.278,0.3337,-0.7371,0.3666
-0.2465,-1.155,0.206,0.0633,2.3367,1.416,0.5225,-1.1145,0.2746,0.2874,-1.3184,-0.1516,0.7447,-0.5879,0.4564
0.1248,-1.6808,0.3767,-0.3409,1.8457,1.2307,0.025,-0.9087,0.2381,0.2941,-1.7702,-0.35,1.0183,-0.7553,0.1912
0.2464,-1.8308,0.4857,-0.0002,1.3398,1.5059,-0.4145,-1.0713,0.7035,-0.0443,-2.0522,-0.5468,0.6791,-0.4475,-0.5322
0.2169,-1.7169,0.5821,0.2669,1.3172,1.4131,-0.553,-0.8633,0.6418,-0.2965,-1.847,-0.4089,0.1687,-0.1914,-0.856
0.3597,-2.0096,0.7299,0.4234,1.9095,1.3151,-1.0741,-0.7973,0.3249,-0.6472,-1.3698,-0.7995,0.1293,-0.336,-1.0072
0.4085,-1.5738,0.7037,0.4464,1.8621,1.208,-0.8789,-0.9431,0.3632,-0.0664,-1.7349,-1.1531,-0.2298,-1.0745,-1.1941
0.1866,-2.0872,0.7556,0.5303,1.5598,1.3902,-0.775,-0.1935,0.5279,-0.451,-1.1001,-0.9608,-0.451,-0.7267,-1.1884
-0.001,-1.9349,0.8767,0.7195,1.7605,1.481,-0.8446,-0.2091,0.6058,-0.657,-0.9281,-0.578,-0.4818,-1.0768,-1.0481
-0.0613,-1.5103,1.3138,0.5655,1.5868,1.7309,-0.6972,-0.3598,0.3745,-0.7312,-0.759,-1.1914,-0.6421,-1.2086,-0.9564
-0.079,-1.4213,1.406,0.2157,1.7841,1.6643,-0.6292,-0.2741,0.3362,-0.848,-0.6761,-0.7853,-0.5561,-1.2176,-0.9047
0.1221,-1.341,1.1865,-0.2057,1.828,1.723,-0.8262,-0.4013,0.4519,-0.7055,-0.5149,-0.0438,-0.6627,-1.3396,-0.5936
0.3755,-0.9685,1.2261,-0.3131,2.0199,1.5986,-0.9777,-0.508,0.2483,-0.6632,-0.8878,0.4498,-0.5572,-1.3524,-0.3946
0.0937,-1.4302,1.3345,0.1367,1.9411,1.4874,-0.4455,-0.3549,0.1636,-0.4538,-0.69,0.1626,-0.3841,-1.0426,-0.3344
0.0242,-1.3866,0.964,-0.2076,1.4125,1.6751,-0.5724,-0.6817,0.0468,-0.564,-1.1745,-0.079,-0.2167,-1.2717,-0.3361
-0.0329,-0.9535,0.7218,-0.3129,1.5213,1.8318,-1.0686,-0.8296,0.3515,-0.8275,-1.2922,0.3514,0.5183,-0.8488,-0.5092
0.0766,-1.4406,0.9103,-0.1161,1.485,1.8763,-0.7828,-1.2004,0.1624,-1.1059,-1.7281,0.3352,0.3472,-1.144,-1.025
0.2619,-1.6647,0.5731,0.0399,1.7236,1.4957,-0.4526,-0.9176,0.2195,-0.8094,-1.6224,0.0854,0.1047,-1.0237,-1.2511
0.0246,-1.8014,0.7066,0.9355,1.3773,1.0123,-0.3879,-0.5807,0.8118,-0.8227,-1.1327,-0.6435,0.1041,-1.1661,-0.8103
-0.1647,-1.5997,0.937,0.9262,1.6227,1.363,-0.4852,-0.6375,0.6509,-0.7887,-0.9567,-0.4463,0.0658,-1.1227,-0.7703
-0.0907,-1.4137,1.0701,0.9896,1.3226,1.5576,-0.3477,-0.8069,0.2695,-0.7354,-0.8036,-0.2022,0.2503,-0.9787,-0.8234
-0.0906,-1.0613,1.2162,0.4657,1.4532,1.409,-0.399,-0.8657,0.4385,-0.7627,-0.8361,0.0826,0.406,-0.8025,-0.574
-0.0038,-1.1415,1.1715,0.2635,1.7464,1.5852,-0.0699,-1.1813,0.4986,-0.8028,-1.1097,0.4965,0.5345,-0.8637,-0.4951
-0.5342,-1.1861,0.8652,-0.0667,1.7874,1.8417,0.0606,-1.4552,0.1974,-0.3517,-0.7513,0.777,0.3912,-1.1706,0.0335
-0.3853,-1.5128,0.6281,0.2923,1.8487,1.8935,-0.2265,-1.2815,-0.054,-0.2935,-1.1908,0.8811,0.6585,-0.7969,0.1108
-0.1181,-1.1214,0.413,0.0028,1.0409,2.1756,-0.2525,-1.3866,-0.0701,-0.3877,-1.3586,0.5243,0.7793,-0.9717,-0.0743
-0.0566,-1.3679,0.1222,0.0229,1.9469,2.0347,-0.3363,-1.4177,0.0938,-0.4716,-1.4993,0.2995,0.5428,-0.4945,-0.2231
-0.3281,-1.0422,0.0574,-0.5711,1.6659,1.9483,0.2357,-1.3141,0.7446,-0.3156,-2.1042,0.2848,1.0808,-0.0848,-0.3875
-0.0234,-1.5638,0.2675,0.1927,1.6838,1.7966,0.0014,-1.6145,0.8055,-0.6234,-1.9804,-0.2543,0.7119,-0.1503,-0.5306
0.1413,-1.8128,-0.1461,-0.0085,1.7257,1.4901,-0.2206,-1.4517,0.8126,-0.343,-1.5854,-0.1781,0.4853,-0.0011,-0.4501
-0.006,-1.6134,-0.0633,0.3026,1.1258,1.5778,-0.1587,-1.4311,0.7685,-0.362,-1.8264,-0.1852,0.2831,-0.2675,-0.5026
-0.1271,-1.9737,0.0236,0.5256,1.4132,1.6778,-0.216,-1.3138,0.8203,-0.7493,-1.7911,-0.3317,0.4267,-0.3333,-0.6528
-0.0706,-1.7422,0.9753,-0.0747,1.7224,1.7359,-0.0543,-1.1446,0.3475,-0.5978,-2.4381,-0.9202,0.3217,-0.411,-0.8189
-0.0625,-1.3579,0.6438,0.095,1.6111,1.8742,-0.1238,-0.8451,0.2011,-0.641,-2.0634,-1.0924,0.3742,-0.422,-0.7557
-0.0955,-1.3627,0.607,0.1798,0.9981,1.9985,-0.1984,-0.9136,0.2459,-1.1941,-2.0664,-1.2913,0.4191,-0.3141,-1.1809
-0.0418,-1.75,0.6866,0.4,1.3434,1.6489,-0.044,-0.7801,0.4266,-1.7721,-1.1974,-1.1456,0.1562,-0.2067,-1.1827
0.142,-1.6339,0.9073,0.0908,1.6299,1.7027,-0.4222,-1.0781,0.1494,-1.584,-1.1429,-0.6906,0.393,-0.6449,-1.1112
-0.2965,-1.527,0.4447,-0.3789,1.9231,1.6209,-0.4269,-1.072,0.307,-1.0646,-1.5536,-0.2891,0.2108,-0.8,-1.1552
-0.7133,-1.8096,0.1596,-0.4586,1.85,1.7669,0.3473,-0.8099,0.6451,-1.2654,-1.3266,-0.5239,0.0635,-0.9287,-1.1367
-0.3381,-2.0099,0.5639,0.0275,1.5451,1.845,0.316,-0.8436,0.6118,-1.3295,-1.1323,-0.1526,0.4006,-0.8773,-0.9611
-0.551,-1.5782,0.2919,-0.1091,1.7176,1.867,0.3908,-1.0652,0.0221,-0.9851,-1.1874,-0.0261,0.5246,-0.9151,-0.7141
-0.2857,-1.6411,0.5085,-0.4646,1.7488,1.7541,0.2242,-1.0385,0.4635,-1.0494,-1.3347,0.3506,0.4527,-0.7536,-0.4061
-0.1013,-1.9004,0.7484,-0.5932,1.7569,1.7748,0.1611,-1.0633,0.1924,-0.8143,-1.5058,0.2757,0.553,-0.848,-0.0028
-0.2018,-1.71,0.4975,0.2437,2.0027,1.7757,0.0473,-0.97,-0.0572,-0.4211,-0.9805,-0.1323,0.7793,-0.1608,0.2129
-0.1545,-1.3078,0.6446,0.3285,1.7687,1.8115,0.0379,-1.69,-0.3975,-0.2245,-1.4479,0.2587,1.1398,-0.3621,-0.0339
0.2252,-1.5941,0.5,0.5003,1.6609,1.69,-0.0942,-1.677,-0.2068,-0.4254,-1.3679,-0.2189,0.9029,-0.0566,0.0885
-0.2079,-1.5181,0.5571,0.3224,1.337,1.6746,-0.0969,-2.1954,-0.5723,-0.1732,-1.1595,-0.0071,0.7061,0.2613,0.1889
-0.1132,-1.9994,0.0477,0.3241,1.6305,1.7136,0.1207,-2.2157,0.2965,-0.5652,-1.057,-0.1418,1.0485,0.9674,0.1441
-0.6047,-1.4362,-0.1691,0.1403,1.3505,2.0317,0.0413,-2.7635,0.1206,-0.3194,-1.3918,-0.2176,1.4849,0.4036,0.1426
-0.4943,-1.7095,-0.5227,-0.3338,1.8151,2.2146,0.0832,-3.0401,0.0918,-0.3142,-1.854,-0.0774,1.1874,0.6917,-0.0567
-0.6559,-2.0881,-0.7503,0.4539,1.4703,2.328,0.0943,-3.0465,0.9673,-0.3864,-2.1037,-0.6593,1.5506,0.0267,-0.2681
-0.669,-2.11,-0.8878,0.2201,1.3075,2.2829,-0.3332,-2.5757,1.351,-0.6079,-2.4232,-0.7613,1.2105,0.2056,-0.6156
-0.2958,-2.2792,-0.3314,-0.0638,0.8875,2.1137,-1.0411,-2.5183,1.2426,-1.0762,-2.6679,-1.4429,1.616,-0.6005,-1.08
-0.6148,-2.1084,-0.3238,-0.3068,1.3949,1.9115,-1.3932,-1.5617,1.6915,-1.1756,-2.6297,-0.7622,0.7809,-0.2233,-1.653
-0.4458,-2.1317,0.3011,-0.3501,1.6108,2.0684,-0.4931,-1.289,1.5482,-1.4992,-2.343,-0.6539,0.0568,-0.8947,-2.1175
-0.5472,-1.9784,0.502,-0.383,1.7054,2.1682,-0.5109,-0.8849,1.6308,-1.2724,-1.8357,-0.5907,0.0263,-1.3604,-1.8353
-0.6174,-1.5268,1.0242,-0.4445,1.8671,1.8261,-0.3311,-0.3448,1.2911,-1.1692,-2.2669,-0.321,0.3677,-1.4702,-1.6791
-0.6956,-1.8145,1.4109,-0.3565,1.9787,2.1142,-0.1957,-0.2549,0.8763,-1.2886,-2.1435,-0.5514,0.3053,-2.3788,-1.5576
-0.6116,-1.8204,1.6986,-0.0801,2.178,2.0285,-0.0676,0.2528,0.6856,-0.9089,-1.5898,-0.5636,-0.0383,-2.5114,-1.2295
-0.6908,-1.3062,2.2248,-0.2954,2.0947,1.9998,0.4623,0.4623,0.0779,-0.5722,-1.3724,-1.1769,0.6664,-1.9858,-0.9451
-0.6237,-1.4966,2.5113,-0.5125,2.2903,1.8706,0.3392,-0.0131,-0.2129,-0.4162,-0.9874,-0.5814,0.5185,-2.0701,-0.2085
-0.3661,-1.0355,2.2436,-0.1774,2.5433,1.6401,0.6965,-0.2187,-0.3428,0.0636,-0.8436,-0.1598,0.455,-2.5671,0.3836
-0.478,-1.2967,1.8438,-0.5126,2.6017,1.501,1.0725,-0.1353,-0.1909,0.5916,-0.7743,0.3961,0.4952,-2.4109,0.9798
-0.5903,-1.8038,2.0451,-0.0343,1.9296,1.6853,1.0789,-0.0246,0.4306,0.419,-0.985,0.7243,0.5252,-2.3731,1.1897
-0.8793,-1.6761,1.806,-0.1022,1.3872,1.695,1.0565,0.0905,0.0276,0.2386,-1.4777,0.3955,0.3405,-2.3015,1.1537
-0.664,-1.5924,1.8241,0.0497,1.9225,1.6691,0.4521,0.081,-0.1072,-0.265,-0.8889,-0.017,0.6636,-1.5468,1.095
-0.6609,-1.4819,1.8116,0.0171,1.7484,1.6669,0.508,-0.5032,-0.0461,0.1698,-1.0624,0.3299,0.0943,-1.393,1.0555
-0.6594,-1.3889,1.7218,0.3536,1.7831,1.977,0.3092,-0.7065,-0.1057,0.0911,0.0914,0.2779,0.1844,-1.556,1.3367
-0.5707,-1.2928,1.7078,-0.1665,1.5623,1.838,0.3128,-1.3559,-0.5899,0.1924,-0.557,0.6185,0.1955,-1.6826,1.3022
-0.5733,-1.3311,1.3283,-0.0156,1.4227,1.9908,0.1284,-1.4843,-0.0623,-0.0035,-1.2088,0.4815,0.3786,-0.7166,1.1027
-1.2546,-1.5913,0.6994,0.2413,1.3388,2.4734,-0.0249,-1.9241,-0.1292,-0.1623,-1.2556,0.554,0.5215,-0.5417,0.795
-0.9687,-1.766,0.2888,0.9614,1.6591,2.0864,-0.4926,-1.9489,-0.4361,-0.2378,-0.5815,0.1144,0.6253,-0.2574,0.719
-0.9425,-1.6497,-0.1378,0.3112,1.2853,2.0124,-0.2874,-2.3943,-0.3245,-0.0086,-0.8884,0.3229,0.7562,-0.2471,0.5484
-0.8928,-1.7812,-0.1865,0.3622,1.1419,2.1345,0.0601,-2.6562,0.1978,-0.185,-1.2452,0.3531,0.3844,0.3011,0.1969
-0.9046,-2.1283,-0.3094,0.2038,1.1999,1.887,0.0137,-2.5349,0.3342,-0.2989,-1.7769,0.0559,1.0583,0.7371,0.022
-1.1076,-2.3191,-0.5898,0.4325,1.1728,1.8767,-0.2991,-2.6931,0.5278,-0.1401,-1.4385,-0.3893,0.8474,0.6983,0.006
-0.7772,-2.0479,-0.7266,0.2782,1.604,1.7696,-0.4556,-2.7526,0.8412,-0.0084,-2.3367,-0.4832,0.8249,1.1861,-0.2479
-1.0915,-1.9868,-0.6962,0.4558,1.2849,1.6551,-0.0109,-2.4467,1.0284,0.0635,-1.4515,-0.9255,0.5227,0.6567,-0.2104
-0.9276,-1.9334,-0.8125,0.0731,0.7661,1.731,-0.0315,-2.6675,0.992,-0.4216,-1.8431,-0.6396,0.7986,-0.0267,-0.1344
-0.9638,-2.0999,-0.3908,0.1217,0.5567,1.4319,-0.1571,-2.2708,1.4835,-1.0316,-1.7126,-0.7937,0.5196,0.1932,-0.4695
-0.442,-1.8438,-0.0272,0.3372,0.9287,1.2084,-0.201,-1.9043,1.7684,-1.3272,-1.5368,-0.5798,0.6574,0.0512,-0.5022
-0.9001,-1.5659,0.5385,-0.2034,0.9849,1.3069,-0.8483,-1.7527,1.533,-1.1699,-1.9772,-0.3277,0.9645,-0.3926,-0.7429
-0.9687,-1.9751,0.7002,0.2701,1.0583,1.6187,-1.0881,-1.8036,0.9814,-1.4394,-1.5151,-0.6453,0.4612,-0.506,-1.0125
-1.0957,-1.7107,0.6915,-0.033,1.3553,1.6047,-0.6581,-1.6247,0.6659,-1.0317,-1.0579,-0.4011,0.1826,-0.8101,-0.9099
-1.1719,-1.4749,0.6517,0.0521,1.5191,1.8286,-0.3796,-1.5147,0.3968,-1.1996,-1.4774,0.1091,0.0765,-1.1075,-0.9019
-0.9229,-1.8278,0.4588,0.2228,1.7662,1.7427,-0.4798,-1.0781,0.6788,-1.3759,-1.2633,0.0985,-0.0476,-1.332,-0.803
-1.0859,-1.5628,0.6013,0.1896,1.3751,1.7237,-0.2616,-0.6827,0.8389,-1.1514,-1.1585,0.2409,0.231,-1.5731,-0.8281
-1.3052,-1.5466,0.9953,0.4192,1.2579,2.1064,-1.0048,-0.7349,0.5727,-1.6673,-1.0675,-0.0391,0.2392,-1.8081,-0.906
-1.0627,-1.6808,1.6145,0.4484,1.6269,1.7375,-0.3354,-0.4435,0.4939,-1.7282,-0.6358,0.1678,-0.252,-1.9466,-0.7726
-0.9179,-1.7264,1.661,0.3686,1.9377,1.8257,-0.176,-0.3348,0.2596,-1.3684,0.215,-0.3273,-0.3323,-2.2157,-0.0336
-1.1864,-1.3017,1.8151,0.1495,2.0617,2.03,-0.0025,-0.3541,0.2173,-0.8595,0.1638,0.3175,-0.2941,-2.3341,0.4742
-1.1833,-1.5332,1.8034,0.1487,2.1302,1.9481,0.8943,-0.2785,0.6041,-0.763,0.1313,0.4489,0.0131,-2.6669,0.6274
-0.8704,-1.5289,1.8873,-0.0571,1.8782,1.9865,0.5409,-0.304,-0.2362,-0.2978,0.1536,1.108,0.1941,-2.5965,1.1133
-0.871,-1.254,2.1624,-0.3534,2.0241,2.1096,0.401,-0.4141,-0.6585,-0.038,0.0395,1.1032,0.4865,-2.215,1.4117
-0.6365,-0.8537,1.9263,-0.2187,1.6858,2.0756,0.3016,-0.6963,-0.7806,-0.0077,0.0543,1.3694,0.3606,-1.6509,1.5606
-0.9174,-1.0944,1.3345,-0.6831,1.7974,2.0289,0.1418,-0.9611,-1.0331,-0.025,0.0319,1.3156,0.2445,-1.1548,1.764
-0.9998,-1.5284,0.8352,-0.6834,1.5937,1.7726,0.4877,-1.2862,-0.6365,-0.0525,-0.7126,1.5477,0.2951,-0.7622,1.3741
-0.9464,-1.7805,0.4851,-0.2411,1.4496,1.8427,0.6961,-1.3303,-0.0227,-0.1796,-0.4945,1.4266,0.7582,-0.2392,1.4276
-0.9093,-1.7942,0.5176,-0.1752,1.1691,1.9428,0.6457,-1.8767,0.1921,-0.6388,-0.8966,1.1744,1.0484,-0.0921,1.1062
-0.9723,-1.8019,0.3829,0.1595,1.2127,1.9034,0.0503,-2.1205,-0.0935,-0.6059,-1.3149,0.7678,1.0326,0.1739,0.5743
-0.6248,-1.9648,0.0058,-0.343,1.2128,1.622,-0.3077,-2.1533,0.1104,-0.5981,-1.8807,0.0078,1.135,0.2361,-0.0815
-0.7877,-2.2296,-0.3218,0.0229,1.3231,1.6965,-0.2386,-1.83,0.5131,-0.4917,-1.5535,0.1517,0.807,0.4571,-0.2586
-0.5964,-2.386,-0.177,-0.1318,1.0799,1.4983,-0.3122,-1.8884,0.831,-0.8575,-1.5172,-0.23,1.1301,0.3202,-0.1004
-0.7635,-2.2709,0.1068,-0.2896,1.3754,1.5684,-0.4712,-2.2334,0.3186,-0.8213,-1.837,-0.0323,1.003,0.1037,-0.3751
-1.0562,-2.1859,-0.4651,0.1153,1.5486,1.8465,-0.1627,-2.0014,0.6589,-0.503,-1.8447,-0.1638,1.0976,0.4412,-0.5718
-0.7195,-2.5188,0.0221,0.0767,1.2686,1.7276,0.0125,-1.9918,0.9144,-0.9374,-1.6728,-1.1415,0.5507,0.9954,-0.6369
-0.5497,-2.3429,0.2636,-0.0838,1.5673,1.6199,0.0075,-2.2185,1.1284,-0.6394,-1.7001,0.7738,1.0482,0.252,-0.3512
-0.4603,-1.9509,0.0649,-0.0058,1.6126,1.4473,-0.127,-2.1778,0.5443,-0.0772,-1.7752,-0.2529,1.113,-0.0128,0.0089
-0.6684,-1.9254,0.1449,-0.1594,1.4333,1.8111,0.4695,-1.9565,0.9061,-0.0518,-1.9182,-0.6219,0.6346,-0.0131,-0.0248
-0.732,-2.1711,0.0156,-0.1468,1.5052,1.7811,-0.0512,-1.7063,1.138,-0.2229,-1.8122,-0.7024,0.575,-0.2848,-0.1938
-0.7985,-1.2516,0.3435,-0.3748,1.3004,2.0221,-0.0113,-1.4343,1.7206,-0.3141,-2.1871,-0.768,-0.189,-0.6324,-0.3718
-0.5922,-2.0803,0.8222,0.342,0.9567,1.8709,-0.1369,-0.7993,1.5056,-1.3537,-1.6144,-1.2035,0.3459,-0.9321,-0.7996
-0.6654,-2.0454,1.2647,0.1839,1.3837,1.6433,-0.475,-0.7802,1.0878,-1.4621,-0.6167,-1.3039,0.0793,-1.5175,-0.5882
-0.8052,-1.7178,1.2387,0.1823,1.8532,1.8293,-0.3089,-0.9301,0.4148,-0.8185,-0.3189,0.0454,0.0352,-1.429,-0.3108
-0.6093,-1.224,1.1906,0.0798,1.5944,1.8416,0.0615,-1.1437,0.078,-0.6243,-0.8478,0.5172,0.2755,-1.5662,-0.0707
-0.6476,-1.451,1.0514,0.1105,1.5066,1.7804,0.018,-1.0482,0.092,-0.6889,-0.9774,1.2487,0.1673,-1.3639,0.4524
-0.8501,-1.6142,0.6667,-0.0461,0.9167,1.8668,-0.101,-0.8882,-0.0859,-0.9416,-0.887,1.1155,0.2034,-1.029,0.113
-0.8769,-2.1862,0.9851,0.2992,1.6309,1.7148,-0.1465,-0.863,0.2965,-1.3071,-0.8286,0.7273,0.4463,-1.076,-0.0639
-0.9654,-1.9076,0.8774,-0.0166,1.8577,1.9765,0.3142,-1.2021,0.3689,-0.4653,-1.068,0.5695,0.4366,-1.3037,-0.1836
-0.902,-1.599,0.6037,-0.1077,1.8098,2.0972,0.2782,-1.067,0.3498,-0.3846,-1.4162,0.7099,0.6947,-1.2481,-0.2329
-0.6712,-1.9814,0.4829,0.0731,1.5996,1.9687,0.3487,-0.9889,0.3253,-0.3876,-1.4451,0.3685,0.7861,-1.0241,-0.1977
-0.752,-2.0784,0.9614,-0.0795,1.9002,1.6123,0.2567,-0.7133,0.3701,-0.3648,-1.7192,0.5262,0.5693,-1.3296,-0.2525
-0.926,-1.962,0.9952,-0.0955,1.7363,1.7388,0.4145,-0.4556,0.3313,-0.1427,-1.2837,0.7031,0.7465,-1.2384,-0.0759
-0.9276,-1.9054,1.1394,-0.217,1.7784,1.736,0.2065,-0.6467,0.2479,-0.2258,-1.3882,-0.0347,0.8264,-1.5222,0.175
-0.7822,-1.4587,1.2979,-0.516,1.4862,1.4892,0.0892,-0.3993,0.6381,-0.3612,-1.4756,0.1497,-0.1647,-2.1963,0.295
-0.3984,-1.7633,1.8081,-0.5438,1.6012,1.6541,0.0637,0.1886,0.2558,-0.4603,-1.2728,-0.4719,-0.2117,-2.1296,0.0921
-0.8013,-1.6035,1.932,-0.2004,2.5788,1.7433,0.1026,0.312,0.0447,0.0426,-0.7361,0.0586,-0.5499,-2.1801,0.2109
-0.662,-1.4443,2.4288,-0.3364,2.0547,1.5161,0.5574,0.5038,-0.0314,0.1336,-0.5495,0.2476,-0.3114,-2.1443,0.4322
-0.7083,-1.4805,2.5826,-0.3456,2.2093,1.6618,0.1932,0.2804,-0.4537,0.1552,-0.3892,0.8286,0.0031,-1.7502,0.7202
-0.6097,-1.2538,2.4864,-0.4327,1.9813,1.844,0.1477,-0.1132,-0.5908,0.1822,-0.372,1.1136,0.0725,-1.8976,0.6951
-0.4541,-1.3421,2.2527,-0.0513,2.1402,1.7064,0.5174,-0.3148,-0.8819,0.1312,-0.4979,1.3893,0.1425,-1.8362,0.8614
-0.5131,-1.4019,1.9147,-0.4922,1.9024,1.7596,0.2984,-0.2725,-1.0293,0.459,-0.8128,1.3545,0.1425,-1.446,1.0164
-0.607,-1.3261,1.8587,-0.3334,1.5323,2.0699,0.3544,-0.7292,-1.1122,0.2997,-1.0827,1.0852,0.1671,-1.3479,1.087
-0.8143,-1.1159,1.3129,-0.4022,1.5467,2.1984,0.2718,-0.8112,-0.7885,0.2262,-1.3674,0.514,-0.0828,-0.4621,1.0705
-0.5067,-1.3431,1.3566,0.1486,1.5383,2.0153,0.5493,-0.8238,-0.4769,-0.1759,-1.1802,0.6463,0.1449,0.1094,0.6849
-0.3318,-1.6978,1.5751,-0.1206,1.2726,1.8007,0.5051,-1.2995,-0.4661,-0.1935,-0.9664,0.4704,0.2548,-0.4321,0.6701
-0.1643,-1.5255,1.1943,0.3673,1.1976,1.7733,0.6986,-1.3135,-0.0467,0.0584,-0.9391,0.2364,0.3269,-0.0874,0.6215
-0.7621,-1.1668,0.7679,-0.0212,1.1316,1.9789,1.1507,-1.6663,-0.2819,0.06,-0.8652,0.2768,0.5756,0.0558,0.8717
-0.5714,-1.4699,0.369,0.2057,1.169,1.9289,0.9272,-2.0558,-0.1286,-0.3147,-1.3262,0.4747,1.1241,-0.2602,0.7493
-0.4078,-1.6603,0.0893,0.0884,0.9018,1.8008,0.9239,-2.0081,0.3116,-0.4668,-1.2228,0.2838,1.0244,0.0979,0.6442
-0.14,-1.5953,0.7541,0.1067,0.9048,1.7929,0.871,-2.0285,-0.0024,-0.3726,-1.3425,0.2847,0.9226,0.322,0.5589
-0.3228,-1.629,0.5099,0.5597,0.9793,1.7474,0.5086,-2.1732,0.0748,-0.2854,-1.2566,-0.0675,0.9534,0.5808,0.5322
-0.468,-1.2345,0.0031,0.5716,1.0439,1.8319,0.1757,-2.2571,0.0013,-0.2617,-1.2822,-0.2029,1.0941,0.3941,0.4092
-0.4606,-1.6397,-0.0736,0.511,0.6007,1.9385,0.3864,-2.1966,0.3098,-0.7318,-1.5415,0.1003,0.4358,-0.608,0.0195
-0.2308,-1.5277,-0.2829,0.3811,0.777,2.0323,-0.0525,-1.496,0.8877,-1.0176,-1.8948,0.2734,0.262,-0.1672,-0.3171
-0.4446,-1.7452,0.0685,-0.1943,0.6285,1.9001,0.2629,-1.1782,1.4835,-1.5341,-1.6626,0.0102,0.0705,-0.0892,-0.7696
-0.4376,-1.9931,0.7154,-0.0448,0.6101,2.0066,0.0485,-1.3854,0.7107,-1.8482,-2.1029,0.7485,0.2328,-0.5541,-0.9838
-0.5311,-2.1155,0.8002,0.1579,1.2119,2.1259,-0.0848,-0.9048,0.3801,-1.439,-1.7689,-0.5074,0.2398,-0.0119,-1.1147
-0.3804,-1.8684,1.0141,-0.6504,1.7861,2.0184,-0.3039,-0.9585,0.5176,-0.9354,-2.0847,0.0641,0.059,-0.4161,-1.0716
-0.248,-1.8139,0.6371,-0.0434,1.821,2.0212,-0.5977,-0.6239,0.0052,-0.4829,-1.7928,-0.2026,-0.597,-0.8322,-0.7837
-0.3231,-1.8104,0.6412,-0.1575,1.4729,1.9375,0.042,-0.0054,0.8786,-0.408,-1.7377,0.276,-0.5707,-0.6441,-0.9035
-0.4085,-1.8174,1.3539,0.0043,0.7006,1.9484,-0.0718,0.1471,0.7723,-1.1872,-0.7945,0.3226,-0.5583,-1.5213,-0.7373
-0.7747,-1.7945,1.8332,0.1376,-0.6923,2.3207,-0.0318,0.0342,0.1233,-2.4361,-0.7267,0.6655,-0.5021,-1.8718,-1.114
-0.4618,-1.8443,1.7461,0.3174,0.4808,2.3245,-0.2685,-0.01,0.1354,-3.0374,-0.9503,0.9266,-0.3442,-1.2754,-1.5452
-0.303,-1.5931,1.8532,0.2721,1.3812,1.9625,0.053,-0.0701,-0.2337,-2.1976,0.4201,1.2993,-0.5725,-1.3103,-1.0949
-0.4592,-1.2574,1.8189,-0.3609,1.6748,2.1281,0.6034,-0.5695,-0.7845,-1.1705,-0.6896,1.522,-0.0847,-1.5906,-0.6881
-0.2214,-1.1894,1.6146,-0.0698,1.7416,1.9673,0.3623,-0.4756,-0.7126,-0.6553,-0.6092,1.457,0.155,-1.64,0.075
-0.2786,-1.4637,1.3186,-0.6187,1.571,1.8327,0.6727,-0.3697,-0.5422,-0.3907,-1.1545,1.6085,0.1833,-1.2379,0.0353
0.1145,-1.3047,1.3052,-0.1189,1.5627,1.554,0.6738,-0.0869,-0.3433,-0.2644,-1.5591,1.4253,0.0856,-1.1894,0.2247
-0.2115,-1.2643,1.4058,-0.3621,1.6017,1.8889,0.9095,-0.0689,-0.4627,-0.0984,-1.5151,0.5282,0.4322,-0.9396,0.3452
-0.169,-1.5666,1.281,-0.411,1.4206,1.7919,0.9908,-0.0905,-0.432,-0.2828,-1.2748,0.4413,0.1773,-1.0453,0.5749
-0.0778,-1.6624,1.4042,0.2249,1.4952,1.8357,1.2068,-0.1737,-0.2717,-0.1344,-1.2538,0.7911,0.2526,-1.0513,0.7565
-0.0598,-1.6318,1.633,0.0345,1.7093,1.8859,0.9984,-0.2782,-0.6297,0.1232,-1.2745,0.946,-0.0868,-1.1918,1.1382
-0.2381,-1.3559,1.7123,-0.219,1.8805,1.8067,0.7984,-0.1765,-0.6539,0.3541,-0.6846,0.6136,0.0111,-1.0747,1.3101
-0.0558,-1.148,1.6308,-0.2686,1.706,1.8379,1.0487,-0.48,-0.7077,0.4402,-0.7597,1.184,-0.1006,-0.4974,1.6124
-0.5172,-1.164,1.6364,-0.331,1.549,1.8327,0.715,-0.7238,-0.8426,0.31,-0.7724,0.4827,0.3663,0.0643,1.6795
-0.4263,-1.2828,1.0547,-0.8699,1.6539,2.0675,0.7696,-1.4713,-0.7463,0.1804,-0.8228,0.845,0.0658,0.3057,1.3582
-0.2522,-1.5452,0.6342,-0.3154,1.4851,2.1419,0.4218,-1.9491,-0.594,0.221,-0.9217,1.1428,0.4061,0.7488,1.1315
-0.4674,-0.9437,0.256,-0.5071,1.2014,2.2923,0.6531,-2.47,-0.3578,0.3241,-1.3916,0.6079,0.5257,0.4114,1.1104
-0.8717,-1.7928,-0.452,-0.4473,1.3656,2.5607,0.831,-2.5747,0.3443,0.0159,-1.9815,-0.1051,1.4277,0.3416,0.6194
-0.6091,-2.2057,-0.6717,-0.053,1.1304,2.6218,0.7201,-2.5174,0.8187,-0.1055,-2.4653,-0.066,1.4589,0.3011,0.0533
-0.2145,-2.2422,-0.6831,0.2522,0.9591,2.3984,0.4549,-1.8422,1.1641,0.0192,-2.5123,-0.8581,1.5183,0.555,-0.0717
-0.2648,-2.3013,-0.3065,0.494,0.9028,2.354,0.6047,-1.923,1.0252,-0.0668,-2.6535,-1.1733,1.0542,0.7961,-0.2568
-0.4275,-2.3756,-0.284,0.3486,0.7044,2.1527,0.5561,-1.6566,1.2384,-0.4627,-2.1081,-1.3823,1.545,0.5311,-0.4343
-0.4941,-2.2859,-0.1071,0.6333,0.353,2.9148,0.417,-2.1311,1.0536,-0.8002,-1.7016,-0.8101,1.1997,0.5022,-0.6062
-0.4182,-2.0388,-0.3249,0.4943,0.5254,2.5777,0.6766,-2.3132,1.0365,-0.7986,-1.8917,-0.2208,1.2891,0.4264,-0.8647
-0.2448,-2.188,-0.2365,0.4947,0.4557,2.4714,0.675,-2.4424,0.9765,-1.0531,-1.804,0.4387,1.0895,0.2225,-0.8607
-0.019,-2.0576,-0.2968,0.5576,0.7387,2.3066,0.881,-2.1356,0.6679,-0.7206,-1.6801,0.4908,1.0047,0.3391,-0.6681
-0.1375,-1.7438,-0.0486,0.1419,0.9408,2.1474,0.6106,-1.7997,0.1929,-0.2211,-1.3747,0.6776,0.4492,0.5151,-0.2032
0.1899,-1.8919,0.1634,-0.0508,0.8554,1.8139,0.4592,-1.761,0.4051,-0.4263,-1.5731,0.4128,0.5402,0.5669,-0.3153
0.0275,-1.5587,0.2051,-0.0064,0.6196,1.8526,0.6229,-1.679,0.3164,-0.5139,-1.8912,0.7822,0.6006,0.5783,-0.3714
-0.1445,-1.8209,0.3544,0.0141,0.7218,1.9601,0.3477,-1.5461,0.3887,-0.8048,-2.2874,0.1005,0.7991,0.454,-0.7733
-0.5043,-2.2001,0.2976,-0.1532,0.8408,2.0113,0.669,-1.4148,0.5097,-0.7602,-2.0975,0.3272,0.4038,0.3622,-1.0689
-0.3455,-2.1529,0.8513,0.054,1.139,1.8257,0.7969,-1.1587,0.4323,-0.5488,-2.05,0.098,0.7023,0.35,-1.0481
-0.0852,-2.2263,0.8344,0.6011,1.3383,1.8226,1.0014,-1.2441,0.3457,-0.4011,-1.4292,0.0141,0.6328,-0.1172,-0.6027
0.0405,-1.7626,0.9277,0.2518,1.3142,1.7985,0.9048,-1.0278,0.1752,-0.0606,-1.6013,0.0947,0.8904,-0.6679,-0.1937
-0.2323,-1.87,0.7922,0.0722,0.6584,1.9285,1.2235,-1.0104,0.1944,-0.2097,-1.6892,0.1958,0.6405,-0.4169,-0.1248
0.2571,-2.0876,0.8792,0.1867,0.8555,1.9192,0.9136,-0.8552,-0.0406,-0.6047,-1.443,-0.0326,1.1292,-0.3956,-0.0855
0.4948,-2.0812,1.224,0.2907,0.9285,1.5984,0.8674,-0.9766,-0.4302,-0.1713,-1.4865,0.2578,1.4175,0.0879,-0.4205
-0.0802,-1.769,1.0061,0.2328,1.1052,1.7661,1.3035,-1.4056,-0.4504,0.1305,-1.388,-0.5297,0.6507,0.3293,-0.0663
0.0125,-1.9295,0.4628,0.0281,1.428,1.7972,1.4715,-1.6825,0.0855,0.1048,-1.7748,-0.1159,0.9259,0.1938,-0.1623
-0.4831,-1.8366,0.0856,0.0593,1.1001,2.1943,1.4866,-1.724,0.065,0.3166,-1.8457,-0.0482,0.9435,0.2434,0.089
-0.2299,-2.1662,-0.1067,0.0102,1.282,2.5444,1.2942,-1.7739,0.2692,-0.0426,-1.6893,-0.1479,1.1562,0.5857,0.1833
-0.1025,-2.1497,-0.2798,-0.0326,0.6101,1.8076,1.6082,-1.9017,0.0072,0.117,-1.9179,-0.4517,1.2375,0.3935,-0.1215
-0.1719,-2.178,-0.2254,-0.2071,1.3522,1.9001,1.481,-1.8272,0.6983,0.0714,-1.534,-0.4602,1.1792,0.7189,0.027
-0.1601,-2.1176,-0.114,-0.8437,1.3456,1.8551,1.4469,-2.0891,0.6998,0.2159,-1.975,-0.3069,1.0829,0.4524,-0.3133
-0.0269,-2.344,-0.1357,-0.822,1.0132,1.7144,1.4545,-1.9241,0.8578,0.3149,-2.1926,-0.2846,0.9548,0.1992,-0.2055
-0.1557,-2.4748,-0.115,-0.52,1.5338,1.8007,1.2549,-1.6598,1.0457,0.2569,-2.3379,-0.7389,0.9182,-0.0461,-0.1033
-0.1787,-2.5269,0.0608,-0.6897,1.3091,2.2512,1.3637,-1.2332,1.0313,0.3793,-2.4546,-0.5619,1.0341,-0.6492,-0.23
-0.0717,-2.5427,0.1471,-0.0787,1.1001,2.3093,1.5656,-1.098,0.8291,0.3599,-2.1517,-0.6065,0.8517,-0.8301,-0.166
-0.0129,-1.8449,0.4164,-0.0219,0.5103,2.0108,1.2753,-0.7142,0.577,-0.2101,-1.8188,-0.4024,1.1523,-1.0955,-0.1801
0.4134,-2.3227,0.9317,-0.297,0.9,1.7964,0.948,-0.6725,1.0636,-1.0959,-1.13,-0.7234,3.1382,-1.6377,-0.3214
0.1166,-1.8319,1.1464,-0.1674,1.0034,1.7161,1.1974,-1.3573,0.4631,-0.5235,-1.1705,-0.5123,2.0784,-1.7382,-0.3321
0.3276,-2.0127,1.0365,-0.2173,1.3465,1.4987,0.7399,-1.0968,-0.1718,-0.0853,-1.1292,-0.4364,0.8971,-1.6548,-0.0034
-0.088,-1.7566,0.4816,-0.1716,1.5339,1.8084,0.796,-0.7601,-0.0055,0.1848,-0.3155,-0.3568,0.6061,-1.6716,0.7436
-0.2304,-1.8101,0.3895,-0.7355,1.4591,1.9206,1.0221,-0.9257,0.169,-0.0385,-1.0777,0.8196,0.5385,-1.579,0.5999
0.0139,-1.9828,0.4078,-0.2294,1.3738,2.0157,1.0896,-0.6244,0.1353,-0.3167,-1.1739,0.4343,0.5352,-1.4711,0.1957
0.2362,-2.3427,0.9022,-0.4704,0.526,1.925,1.3296,-0.5996,-0.0926,-0.3564,-0.8235,-0.1982,0.6233,-1.8834,0.1123
0.3865,-1.8259,1.1467,-0.4838,0.9358,1.851,1.1952,-0.4266,-0.031,-0.4887,-1.0589,-0.0886,0.5648,-1.5706,0.0198
0.2964,-1.988,1.5969,-0.5242,1.2524,1.7525,1.071,-0.4151,-0.2329,-0.6605,-0.5133,-0.2614,0.6184,-1.6568,0.0662
-0.0073,-1.8368,1.4603,-0.9566,1.2504,1.9852,1.1162,-0.6346,-0.3504,-0.3981,-0.3147,0.4264,0.1909,-1.675,0.2961
0.0818,-1.4721,1.064,-0.5203,1.3404,1.8261,1.4952,-0.5259,-0.5279,-0.2559,-0.2485,0.6568,0.6798,-1.4924,0.709
-0.1455,-1.6233,0.8818,-0.4935,1.8993,2.132,0.7743,-0.9574,-0.6204,0.0298,-0.2171,0.7405,1.4235,-1.2633,0.8099
-0.1659,-2.0308,0.6228,-0.5072,1.6986,2.1721,0.9422,-1.6748,-0.9965,0.3923,-0.1833,0.2102,1.2357,-0.9401,0.8093
0.235,-2.222,0.185,-0.6071,1.5429,2.1094,0.9099,-1.9453,-0.5552,0.6725,-1.1762,0.3305,1.3167,-0.6823,0.6545
0.0599,-2.6079,-0.1314,-0.4121,1.2668,2.1565,1.0167,-1.8767,-0.239,1.0129,-1.0228,0.1037,1.3536,-0.3052,0.7142
0.148,-2.4077,-0.1678,-0.9088,0.7013,2.0977,1.1064,-1.9664,0.0814,0.8015,-2.3133,0.266,1.2814,0.1177,0.1605
0.1415,-2.7767,-0.4818,-0.4325,0.9188,2.1868,1.1826,-1.5673,0.1403,0.2932,-1.8761,-0.399,1.3665,0.437,-0.2897
0.1517,-2.8107,-0.0831,-0.6637,0.7053,2.0104,1.311,-1.7069,0.548,0.0729,-1.7224,-0.9684,1.2196,0.1134,-0.5198
-0.162,-2.8753,-0.2309,-0.3458,0.4663,2.1206,0.9334,-1.7213,0.7157,-0.1173,-1.7557,-0.8489,0.9,-0.0738,-0.5537
0.0729,-2.9061,-0.2292,-0.4247,0.6522,2.1575,1.1932,-1.4956,0.9466,-0.2123,-1.5267,-0.7486,0.7138,-0.6075,-0.7435
-0.0661,-2.7521,-0.0669,-0.52,0.6387,2.2256,1.3273,-1.2118,0.7832,-0.4898,-1.4558,-1.245,0.9785,-0.5419,-0.8167
0.1747,-2.7519,0.0991,-0.581,0.4837,2.2782,1.1792,-1.2057,0.8558,-0.9138,-1.4817,-0.8872,0.8789,0.0654,-1.0013
0.1393,-2.6223,0.4819,-0.5497,0.2951,2.2231,1.1772,-1.6259,0.533,-1.0512,-1.7391,-0.6324,0.7699,-0.0714,-0.9905
0.0896,-2.8691,0.3441,-0.6795,0.1396,2.1795,0.643,-1.5118,0.1817,-1.5499,-1.4239,-0.819,0.9998,-0.1959,-1.3304
0.0512,-2.7532,0.2426,-0.5655,0.4642,2.2983,0.9967,-1.66,0.4791,-1.4915,-1.2503,-0.8156,0.8964,-0.5487,-1.6948
0.205,-2.6825,0.237,-0.3113,0.8202,2.0291,1.0787,-1.5753,0.3055,-1.3188,-1.2975,-0.4724,0.8604,-0.4526,-1.4655
0.188,-2.5184,0.3335,-0.4646,1.0225,2.0248,0.9883,-1.5436,0.5517,-0.934,-0.9381,-0.1971,1.1346,-0.4267,-1.2104
-0.0551,-2.6923,0.497,-0.3725,1.1202,2.103,0.9973,-1.6836,0.3857,-0.7135,-0.6796,-0.1459,0.8885,-0.5123,-0.7807
0.3258,-2.4877,0.6791,-0.2588,1.3174,1.941,0.8461,-1.9079,0.0453,-0.2057,-0.5256,0.4284,0.83,-0.9074,-0.3814
0.4862,-2.3427,0.358,-0.1809,0.8768,1.9957,0.8661,-1.7925,-0.103,0.0968,-0.5534,0.9155,0.6803,-0.704,-0.1486
0.1264,-2.5729,0.3456,-0.5191,0.9506,2.1604,1.3732,-1.7255,-0.0581,0.0869,-0.8792,0.4132,0.7959,-0.8453,-0.3501
0.1058,-2.3504,0.2255,-0.6043,1.6816,2.3769,1.2407,-1.5725,-0.0966,0.2992,-0.8661,-0.1733,0.9792,-0.3346,-0.0955
-0.0231,-2.6616,0.1594,-0.7286,1.2394,2.3233,1.2619,-1.765,0.3333,0.6448,-1.1136,-0.0789,1.0793,-0.5505,-0.0686
0.0619,-2.6574,0.0753,-0.669,0.7737,2.3737,1.014,-1.926,0.4887,0.1756,-1.158,-0.3595,1.2433,-0.5631,0.0835
0.4239,-2.5914,0.261,-0.4571,0.5785,2.2738,0.8553,-1.8326,1.2259,-0.1088,-0.987,-0.6712,1.379,-0.1648,0.0334
0.3804,-1.8175,0.4993,-0.8219,0.6777,2.3814,0.9873,-2.2184,0.45,-0.0419,-1.1716,-0.2839,1.2826,-0.23,-0.1901
0.2932,-2.3727,0.5228,-0.7487,0.8878,2.3536,0.9337,-2.2604,0.4607,-0.2099,-1.6129,-0.4175,1.2096,-0.3451,-0.4822
0.2423,-2.2923,0.1048,-0.4264,0.8818,2.2797,0.8254,-1.8654,0.3613,-0.0206,-1.1697,-0.7676,0.9709,-0.1456,-0.4336
0.2336,-2.4762,-0.1141,-0.471,0.6166,2.2945,0.4762,-1.9292,0.6349,0.1031,-1.3155,-0.4851,1.0552,-0.7876,-0.5503
0.0355,-2.4244,0.0882,0.0294,1.497,2.3364,0.703,-1.5886,0.6711,0.0483,-1.1762,-0.6279,0.8351,-0.565,-0.4574
0.2333,-2.5248,0.376,-0.3059,1.2579,2.4754,0.6315,-1.4342,0.6011,0.1001,-0.7629,-1.1201,0.7855,-1.0385,-0.2044
0.3121,-2.2155,0.4495,-0.6464,1.6777,2.4339,0.6392,-1.47,0.4905,0.3991,-0.901,-0.7905,0.5804,-1.0111,-0.1591
0.1965,-2.4485,0.33,-0.5534,1.424,2.4926,1.4165,-1.4067,0.6404,0.4883,-1.0039,-0.6527,0.665,-1.1029,-0.1644
0.2421,-2.5998,0.8871,-0.5004,1.5044,2.3546,1.3164,-1.093,0.7728,0.4462,-0.2605,-0.5199,1.3583,-1.1025,0.6679
0.2413,-2.1677,0.9526,-0.6905,1.3577,2.1106,1.5618,-1.3416,-0.0899,0.827,-0.4194,-0.2176,1.2655,-1.2586,0.8871
0.4458,-2.009,0.8819,-0.7633,1.1141,1.9405,1.1783,-1.4072,-0.4551,1.0163,-0.7944,0.001,1.1245,-1.1498,1.1627
0.2363,-1.9335,0.7722,-1.1102,1.1592,2.0871,0.8818,-1.4296,-0.2335,0.7718,-0.8429,0.0442,0.7717,-0.8867,1.1663
0.2401,-2.05,0.2434,-0.8484,0.9632,2.5748,1.5555,-1.5484,-0.3599,0.368,-0.8932,-0.0146,0.8535,-0.9501,0.6746
0.4094,-2.2404,-0.4217,-0.9553,0.7686,2.5001,1.5308,-1.4468,0.4391,0.0836,-1.5377,0.0623,1.0211,-0.5857,0.3741
0.533,-2.2937,-0.0313,-0.6266,0.7463,2.3421,1.3389,-1.4237,0.31,0.3022,-1.3502,-0.833,1.3194,-0.6489,0.3459
0.3148,-2.1842,0.1482,-0.6399,1.2337,2.3975,0.9323,-1.3242,0.532,0.4388,-0.9144,-0.7689,1.3372,-0.5641,0.2421
0.4245,-2.0937,-0.0989,-0.8508,1.0877,2.5234,1.0171,-1.5816,0.3418,0.3445,-0.7233,-0.4497,1.5279,-0.6807,0.3516
0.3846,-2.125,0.3039,-0.6279,1.0277,2.3623,1.0401,-1.5966,0.1556,0.6257,-1.1053,0.3434,1.7382,-0.8044,0.4926
0.5587,-2.2054,0.309,-0.4276,1.1304,2.272,0.9348,-1.5789,-0.0435,0.593,-0.631,-0.2994,1.1586,-0.5564,0.7332
0.243,-1.8633,0.2064,-0.3434,0.9483,2.3612,0.772,-1.7589,-0.3126,0.7084,-0.5552,-0.0021,1.4851,-0.6696,0.9561
0.1603,-2.0763,-0.0296,-0.37,0.7023,2.5654,0.7313,-2.0029,-0.2277,0.4356,-1.317,0.0905,1.4825,-0.362,0.6047
0.0123,-2.0549,-0.281,-0.559,0.6865,2.447,0.8882,-1.9111,0.2914,0.1182,-1.2462,-0.5915,1.6797,-0.0702,0.272
0.2236,-2.289,-0.2591,-0.1887,0.8645,2.4702,0.8303,-2.0807,0.2625,-0.0935,-1.0535,-0.471,1.8065,0.7096,0.3741
0.1378,-2.3953,-0.6957,-0.0566,0.9249,2.5086,0.9136,-2.5665,0.0705,0.3854,-0.8501,-0.4063,1.9414,0.2998,0.8853
0.8329,-2.3616,-0.9464,-0.3129,0.786,2.2375,1.1463,-2.6496,0.3534,0.676,-1.2745,-0.3663,2.0546,0.3361,0.9071
-0.1022,-2.3716,-1.1633,-0.8006,0.7996,2.4995,0.7241,-2.6408,0.6071,1.1158,-1.8159,-0.3314,1.7769,0.4793,0.76
0.2171,-2.2337,-1.0121,-0.7442,0.5304,2.6872,-0.6432,-2.5632,0.9816,0.3164,-1.7713,0.1695,1.879,0.4336,0.3625
0.3932,-2.3867,-0.8903,-0.3091,0.3439,2.5955,-0.3008,-2.5844,0.7318,-0.1359,-1.4074,-0.3636,1.3671,0.3724,-0.0418
0.2624,-2.3992,-1.0249,-0.1799,0.3767,2.5174,-0.3579,-2.487,0.7586,-0.2817,-1.0789,-0.6606,1.1095,-0.1382,-0.5349
0.3076,-2.8436,-0.7173,0.3906,0.3519,2.5051,0.3195,-2.2325,0.8606,-0.353,-0.7091,-0.5058,0.681,0.6519,-0.6087
0.5008,-2.4801,-0.6218,-0.2513,0.754,2.1999,0.6345,-2.1234,0.3498,-0.0746,-1.2176,-0.8472,1.058,0.2764,-0.4061
0.4131,-2.6798,-0.4898,-0.2707,-0.0614,2.1884,0.4419,-2.1439,1.0177,-0.3866,-0.8042,-0.6398,1.2722,-0.2354,0.055
0.223,-2.3556,-0.514,-0.5471,-0.4503,2.3032,0.0114,-2.116,0.452,-0.7705,-0.787,-0.6444,1.1742,-0.3433,-0.0769
0.4332,-2.2291,-0.5983,-0.8804,-0.075,2.3556,-0.4937,-2.1221,0.923,-1.4152,-1.4345,-1.0152,1.0369,-0.0309,-0.7417
0.3938,-2.2221,-0.311,-1.9143,0.5274,2.2119,-0.1148,-2.0661,0.846,-1.3201,-2.5291,-0.6985,1.1555,-0.3298,-1.4799
0.5468,-2.7218,-0.0716,-1.1877,0.5561,2.1471,-0.3542,-1.3197,1.0963,-1.2805,-2.0295,-0.9748,0.9902,-0.6595,-1.7122
0.5593,-2.6454,0.2415,-1.0093,0.62,2.1326,-0.1417,-1.051,0.5549,-0.5548,-1.5282,-2.0492,0.7154,-1.0587,-1.4462
0.1364,-2.1983,0.5179,-1.0303,0.7389,2.2885,-0.0624,-1.0427,0.6146,-0.6505,-1.0634,-1.4039,0.6625,-1.4611,-1.1574
0.5172,-2.4402,1.1403,-0.3103,0.8145,2.1307,-0.039,-0.952,0.0851,-0.9699,-0.7612,-1.2522,0.3322,-1.2282,-1.0716
0.2779,-1.9761,1.0354,-0.9387,0.7337,2.215,0.0907,-0.6376,0.1984,-0.7222,-0.9816,-0.7387,0.5303,-1.2002,-0.9932
0.4838,-2.1548,1.6742,-0.749,0.5831,2.1842,0.4968,-0.6198,0.2779,-1.01,-0.4576,-0.431,0.5972,-1.354,-0.9721
0.0825,-1.4562,1.614,-1.1063,0.1576,2.2029,0.6911,-0.8711,-0.231,-1.0877,-0.3852,-0.4767,0.534,-1.6628,-0.6173
0.1353,-1.843,1.3544,-0.9427,0.3192,2.5727,0.5036,-0.782,-0.2152,-1.7011,-0.4195,0.5885,0.7764,-1.4685,-0.8329
0.283,-2.1556,1.5666,-1.0422,0.8959,2.3159,0.4681,-0.8263,-0.4898,-1.3966,-0.758,0.5767,0.7539,-2.0827,-0.7343
0.534,-2.0566,1.391,-0.3116,1.1709,1.8092,0.3157,-0.23,-0.4458,-0.6405,-0.3873,0.1176,0.714,-1.7584,-0.5411
0.447,-1.6909,1.4744,-0.48,0.9447,1.7554,0.3342,0.1181,-0.2813,-0.3139,1.0482,-0.0748,0.5769,-1.8077,0.2684
0.7306,-1.6157,2.1798,-0.611,1.1081,1.6965,0.431,-0.3641,-0.6275,-0.4749,0.8987,0.252,0.3305,-2.0154,0.5793
0.5205,-1.3506,1.8789,0.216,1.1877,1.6558,0.6213,-0.6258,-1.2186,0.0118,0.9776,0.7776,0.5479,-1.8866,1.0691
0.2381,-1.2663,1.3453,-0.761,1.2624,1.7084,0.4645,-0.7037,-1.0406,0.0314,0.7315,1.0003,0.876,-1.4283,1.0692
0.0976,-1.2581,1.2198,-0.6062,1.0523,1.9582,0.604,-1.0981,-1.1293,-0.0477,-0.116,0.7007,0.962,-1.3828,0.8754
0.3253,-2.0783,0.787,-0.6332,0.6448,2.1432,0.7,-1.3262,-0.8962,-0.2921,-0.0476,0.3894,1.2655,-1.028,0.8857
0.5183,-2.022,0.6123,-0.8225,0.7444,1.9694,0.2148,-1.5435,-0.3725,-0.0598,-0.3924,0.6256,1.1405,-0.8555,0.643
0.0287,-1.6493,0.4393,-0.7059,0.7856,1.8183,0.0091,-1.3948,-0.3297,0.1763,-0.3141,0.6742,0.8656,-0.5422,0.5584
-0.1004,-1.9623,0.213,-0.8402,0.8463,2.2907,0.1876,-1.7596,-0.4802,-0.123,-0.7025,0.3249,0.6826,-0.6568,0.2468
-0.17,-2.455,-0.0235,-0.1998,0.3246,2.5593,0.2999,-1.8472,-0.5246,-0.2475,-0.4301,0.2734,0.684,-0.3305,-0.037
0.2019,-2.2009,-0.3151,-0.6113,0.383,2.3421,0.5092,-1.7437,0.1259,-0.3724,-0.5592,0.5748,1.0264,0.1972,-0.2749
0.6381,-1.9845,0.1771,-1.086,1.2221,1.7935,0.1757,-1.8322,0.1803,-0.4254,-1.0866,0.9942,1.2735,-0.1192,-0.5103
0.4106,-2.1077,0.6081,-0.5886,0.9714,2.1189,0.3097,-1.7619,0.3284,0.2093,-1.1773,0.1837,1.1785,-0.3205,-0.4358
0.4287,-1.9802,0.4,-0.649,0.973,2.087,0.2367,-1.4071,0.1085,0.3053,-0.914,-0.3658,1.0599,-0.3534,-0.3568
0.2008,-2.0374,0.2399,-0.5304,0.9042,2.3108,0.5267,-1.5435,0.245,0.0909,-0.829,-0.5247,1.1548,-0.287,-0.5003
0.1333,-2.3689,0.5661,-0.6594,1.4037,2.1497,0.4553,-1.5172,0.5441,-0.0242,-0.5092,-0.1324,1.0445,-0.602,-0.3803
0.494,-2.4006,0.6384,-0.5719,1.4359,1.9918,0.6526,-1.5594,-0.0724,0.4804,-0.2475,0.034,1.1108,-0.7607,0.0641
0.3591,-1.9958,0.6371,-0.6584,1.5533,1.9875,0.9378,-1.6744,-0.3408,1.1812,-0.6352,-0.0477,0.9217,-0.5847,0.5665
-0.0374,-2.137,0.3221,-0.7799,1.1463,1.1875,0.4102,-1.0974,0.1629,0.9159,-1.0973,-0.4061,1.1337,-0.7072,0.4489
0.666,-2.6047,0.8451,-0.6604,0.8546,1.2659,0.274,-0.5423,0.351,0.22,-0.9171,-0.3275,1.0665,-1.2117,0.2594
0.0503,-2.1,1.1813,-0.6756,0.65,1.7205,0.565,-0.4222,-0.1321,0.2406,-0.8814,-0.2165,0.8903,-1.4625,0.128
0.1915,-2.3627,1.2129,-0.6634,2.5727,2.1869,0.0665,-0.2695,-0.1343,0.4792,-0.2202,-0.488,0.9022,-1.6704,0.3464
0.3679,-1.8859,1.3628,-0.8376,1.6974,2.1478,0.6448,-0.548,-0.4093,1.1972,-0.44,-0.0722,0.8326,-2.4102,0.4456
0.1378,-1.9629,1.3648,-0.4217,1.2922,1.969,0.4629,0.0282,0.0605,1.0961,-0.4325,0.1031,0.6119,-2.727,0.6392
0.6952,-2.1887,1.7107,-0.4847,1.2376,1.9034,0.431,0.6118,0.0505,0.305,0.0127,0.4622,0.1226,-3.0472,0.335
0.7826,-2.0245,2.182,-0.4402,0.937,1.7305,0.6323,1.0427,-0.5081,0.1384,1.2424,0.3393,-0.0047,-2.9811,0.6161
0.3987,-1.5793,2.5665,-0.5596,1.0913,2.2225,0.4304,0.4143,-1.0724,-0.1676,0.6174,0.9926,0.2138,-2.7199,0.6561
0.3899,-1.4553,2.036,-0.9795,1.4007,2.3498,0.4532,0.0221,-1.5764,-0.0677,-0.0097,1.1794,0.7579,-2.4086,0.3149
0.3681,-1.7734,1.8249,-0.7089,1.1591,2.326,0.3772,-0.1906,-1.4087,-0.0309,0.3566,0.6047,0.45,-1.8772,0.7135
0.2381,-1.5167,1.1934,-0.8047,1.3072,2.3598,0.5485,-0.6135,-1.5095,0.0627,-0.0774,0.7453,0.4762,-1.3874,0.4404
0.4112,-1.6437,1.0456,-0.5289,1.4447,2.1984,0.4449,-0.7792,-1.1751,-0.0176,-0.3365,0.2304,0.6456,-1.2138,0.4701
0.4363,-1.9342,0.9264,-0.5421,0.9722,1.5892,1.0683,-0.7747,-0.712,0.179,-1.2991,0.133,0.9048,-0.9982,-0.0333
1.0404,-2.322,1.2313,-0.653,1.1344,1.714,0.9676,-0.6263,-0.3237,0.002,-1.2178,-0.2908,1.0102,-0.572,-0.4021
0.7943,-1.9878,1.4325,-0.2871,1.1735,1.6032,0.8637,-0.8387,-0.3581,0.2564,-0.6374,-0.7957,1.2224,-0.4762,0.0752
0.7787,-2.1081,1.5822,-0.6044,1.459,1.5715,0.9714,-0.9221,-0.6582,0.4076,-0.678,-0.2576,0.9247,-0.6751,0.4977
0.3332,-2.1575,0.9991,-0.5741,1.4983,1.7194,0.9309,-0.7982,-0.5333,0.6183,-0.5726,-0.2003,1.2583,-0.6747,0.7636
0.3838,-2.3686,0.7999,-0.5378,0.6841,1.7074,1.0653,-1.0474,-0.6715,0.2269,-0.4151,-0.0269,1.4388,-0.8603,0.7938
0.4625,-1.9249,0.7037,-0.3374,1.2077,1.8652,0.6312,-1.3961,-0.5895,0.152,-0.3078,-0.3016,1.6538,0.1661,0.723
0.5406,-2.0538,0.4676,-0.2964,1.1936,1.8481,0.6276,-2.0463,-0.6688,0.2583,-0.7606,0.054,1.4458,-0.1421,0.3643
0.4287,-2.2901,0.305,-0.2477,1.0098,1.7701,0.5542,-2.1026,-0.562,0.4258,-1.268,0.2043,1.5475,-0.0397,0.073
0.3381,-2.4929,-0.0068,-0.2057,1.0559,1.7113,0.7387,-1.9982,-0.2915,0.2069,-1.8935,0.0345,1.4795,0.1409,-0.2912
-0.038,-2.4138,-0.5733,0.1528,0.941,2.0602,0.5266,-1.7623,0.1049,0.0015,-1.1478,-0.4242,1.4497,0.0391,-0.2299
-0.0867,-2.326,-0.4726,-0.3746,0.6862,2.3135,0.3124,-1.9963,0.2699,-0.826,-1.7351,-0.3455,1.5851,-0.0813,-0.5492
0.2184,-2.8056,-0.3293,-0.5567,1.0743,2.2674,0.3097,-1.9505,0.2933,-1.0069,-1.2387,-0.5934,1.2917,-0.1317,-0.6649
0.3959,-3.0386,-0.3715,-0.1955,1.0659,2.0145,0.4366,-1.8395,-0.0895,-0.6364,-1.2549,-0.164,1.1182,-0.6575,-0.7998
0.2865,-2.8708,-0.1746,-0.4492,0.9023,1.9375,0.6644,-1.4521,0.2298,-0.2976,-1.1785,-0.3371,1.3657,-0.4627,-0.7638
0.33,-2.7548,0.2766,-0.2096,0.7788,1.8061,0.5214,-1.4483,-0.0758,-0.6391,-1.5422,-0.3003,1.4575,-0.7624,-1.0536
0.0306,-2.5803,0.2983,-0.3684,1.0359,2.0844,0.2051,-1.3367,-0.1627,-0.2533,-1.2872,-0.3369,1.0209,-0.8079,-0.7876
0.1725,-2.5568,0.3016,-0.4041,0.6733,2.1628,0.038,-1.0525,-0.1675,-0.5007,-1.1713,-0.0411,0.5522,-0.8337,-0.6641
0.4988,-2.3108,0.6163,-0.0628,0.8795,2.0461,-0.0498,-0.9052,-0.1624,-0.8535,-1.5336,-0.1577,0.2162,-1.0821,-0.6021
0.3665,-2.3212,1.0817,-0.1143,1.3159,2.0024,0.1193,-0.5527,-0.3599,-0.7134,-0.7324,-0.998,0.1274,-1.1627,-0.7148
0.8611,-1.9876,1.4512,-0.5029,1.3812,2.0923,0.3006,-0.8139,-0.6695,-0.3511,-0.9157,-0.6382,-0.4052,-1.6484,-0.1121
0.2392,-2.3807,1.3624,-0.148,1.6397,2.1228,0.6125,-0.2081,-0.5491,-0.081,-0.897,-0.377,-0.4315,-1.6807,0.0184
0.3192,-2.2488,1.3214,0.3741,1.6121,2.3042,0.6203,-0.5495,-0.9643,-0.0239,-0.6127,-0.124,-0.0092,-1.8863,0.1272
0.5491,-1.8438,1.2434,0.2155,1.8014,2.2777,0.8448,-0.4222,-0.9467,0.3073,-0.3753,0.2362,0.2828,-2.1628,0.4717
0.347,-1.9115,1.2963,0.0164,1.5877,2.2937,0.847,-0.5215,-0.8693,0.2832,-0.4352,0.7934,0.3927,-2.1139,0.7124
0.2499,-2.1243,1.1828,-0.152,1.3711,2.345,0.8476,-0.5903,-1.2766,0.2435,-0.437,0.9696,0.5862,-1.9767,1.015
0.4745,-2.0499,1.2142,-0.267,1.8885,2.0896,0.7633,-0.2545,-1.1208,0.5612,-0.3542,0.2558,0.6073,-1.5959,0.7431
0.3915,-1.8886,1.1401,-0.0791,1.638,2.1648,0.8857,-0.668,-1.1999,0.7443,-0.4652,0.6849,0.7917,-1.6427,0.9687
0.3374,-2.0254,1.0249,-0.381,1.3065,2.2422,0.5417,-0.7911,-1.3139,0.5914,-0.9334,0.9973,0.351,-1.7872,0.9632
0.4908,-2.0405,1.1401,-0.2298,1.8558,1.8642,0.3774,-0.4113,-0.8252,0.5049,-0.6118,0.0063,0.4941,-1.706,0.8856
0.4683,-2.0183,1.2462,-0.5943,1.7824,1.7352,0.5462,-0.3931,-1.169,0.6051,-0.8393,0.4374,0.1432,-1.6804,0.8506
0.1825,-1.9919,1.3244,-0.6159,1.8998,2.085,0.3651,-0.4148,-0.841,0.695,-0.7905,0.4892,-0.0509,-1.5315,0.809
0.336,-1.968,1.5524,-0.5839,1.7122,1.8881,0.7286,-0.2693,-0.7084,0.6259,-1.0689,0.291,-0.0558,-1.6363,0.6866
0.2546,-2.0669,1.4691,-0.4007,1.4763,1.8857,0.9981,-0.1393,-0.7733,0.489,-0.8844,0.4737,0.0542,-1.5527,0.5136
0.0687,-1.9597,1.4667,-0.2308,1.8947,2.1215,1.1562,-0.4262,-1.4229,0.4306,-0.6597,0.3767,0.5181,-1.6396,0.2195
-0.178,-1.9268,1.2555,-0.1239,1.5819,2.2944,1.0373,-0.6448,-1.4403,0.3797,-0.3357,0.7759,0.805,-1.3956,0.6359
0.1066,-2.2007,0.827,-0.291,1.3697,2.5934,0.9462,-1.3734,-1.4777,0.132,-0.3626,0.4755,0.7452,-0.9749,0.6541
-0.2122,-1.9666,0.2002,-0.4064,1.1912,2.6212,0.888,-1.9575,-1.3206,0.1273,-0.7369,0.9536,1.6411,-0.8206,0.7497
-0.2792,-2.4034,-0.0731,-0.3161,1.2139,2.6636,0.7167,-2.4354,-1.0083,-0.1831,-1.5224,1.1311,1.4059,-0.7311,0.3255
-0.2142,-2.4693,-0.2803,0.2331,0.9335,2.6274,0.467,-2.4264,-0.8326,-0.182,-1.3296,0.7709,1.5538,-0.0263,0.2659
-0.1535,-2.2393,-0.3811,-0.0262,1.0564,2.3443,1.0798,-2.6792,-0.6105,0.1101,-1.611,0.2438,1.3179,-0.2092,-0.0081
-0.1827,-2.4184,-0.7118,-0.0065,0.9468,2.3219,1.0249,-2.6313,-0.4143,-0.0849,-1.3197,0.1492,1.1196,-0.0481,0.0134
0.6881,-2.3557,-0.3235,0.2192,0.8317,2.0683,0.5531,-2.263,-0.2331,-0.2779,-0.9108,-0.1982,1.2255,0.0981,0.2043
0.7298,-2.0399,-0.0206,-0.3554,0.7395,1.8129,0.5109,-2.7211,-0.4108,0.0668,-1.3767,1.0633,1.302,0.1108,0.1777
0.3031,-1.9997,-0.2037,-0.5555,0.7169,2.0996,0.4226,-2.5842,-0.6579,0.0243,-1.6056,0.9175,1.181,0.4129,-0.179
0.1451,-2.4262,-0.399,-0.5118,0.9003,2.017,0.0294,-2.1608,-0.0816,-0.4362,-1.5629,0.6907,1.0797,0.4606,-0.484
0.5183,-2.3026,0.0053,-0.151,0.8814,1.9099,-0.2163,-2.2906,-0.2245,-0.3689,-0.707,0.163,1.0328,-0.0048,-0.4537
0.2296,-2.0384,0.4118,-0.4089,1.3453,1.9373,-0.02,-2.4932,-0.2008,-0.024,-0.6646,0.2879,0.081,0.252,-0.1886
0.4422,-2.015,0.2544,-0.2563,1.253,1.9386,0.1824,-2.403,-0.5933,0.0898,-1.0604,0.5584,0.572,0.2679,-0.302
0.2521,-2.0701,0.2603,-0.538,1.158,2.0365,0.3229,-2.3424,-0.7061,0.2126,-1.3721,0.3799,1.307,0.0856,-0.2163
0.3008,-2.2143,0.244,-0.4755,0.8675,1.9906,0.1113,-2.2859,-0.5215,0.1662,-1.4155,0.0337,1.2816,-0.1223,-0.0871
0.2805,-2.0449,-0.1058,-0.1172,0.4076,1.9862,0.1372,-2.2371,-0.5061,-0.3063,-1.0622,0.1506,1.0388,-0.2374,-0.1908
0.1088,-2.4253,-0.005,0.3105,0.7079,2.0813,0.1591,-2.1848,-0.2986,-0.7425,-1.1524,-0.123,0.9607,-0.0948,-0.3469
0.148,-2.5506,0.1713,0.1931,0.9,2.1343,0.8278,-2.0556,-0.682,-0.5093,-1.0986,-0.223,0.849,-0.3287,-0.7799
0.1761,-2.4061,0.2309,-0.2013,0.9654,2.1886,0.6874,-1.9399,-0.7448,-0.2547,-1.265,0.2731,0.9873,-0.7706,-0.6987
0.4543,-2.1237,0.9236,-0.2421,0.7252,2.0247,0.3438,-1.5017,-0.525,-0.3094,-1.1495,-0.289,0.7097,-0.6101,-0.5451
0.3167,-2.1319,0.8093,-0.7597,1.0828,2.3319,0.4816,-1.5165,-0.419,-0.3912,-1.6769,-0.1007,0.7954,-0.4545,-0.6571
0.1237,-2.3636,1.2758,-0.3481,1.1083,2.2331,0.5606,-1.5603,-0.6402,-0.6791,-0.7193,-0.6405,0.9953,-0.67,-0.448
0.1986,-2.0248,1.0692,0.0057,1.2334,2.3509,0.1336,-1.6506,-0.8419,-0.1671,-0.5257,0.0232,0.6923,-0.8585,-0.1536
0.3202,-1.951,1.0412,-0.3081,2.1836,2.0328,-0.2636,-1.6725,-0.8344,0.2889,-0.5464,0.2411,0.4599,-0.7982,0.0634
-0.0306,-1.8199,0.8449,-0.6473,1.7465,2.2672,0.2439,-1.7111,-0.9211,0.7958,-0.9221,0.7144,0.6186,-1.1176,0.0643
0.8487,-2.0502,1.2899,-0.5536,1.3947,1.8638,-0.1471,-1.2464,-0.7774,0.5092,-0.9105,0.8521,0.4735,-0.9184,0.1866
0.3559,-1.9169,1.7044,-0.33,1.1831,2.0153,-0.2184,-1.1419,-1.0384,0.6063,-0.6282,0.6906,0.5356,-0.8745,0.2979
0.2227,-1.9462,1.629,-0.1461,1.245,2.0307,-0.2051,-1.2077,-1.3285,0.3646,-0.6866,0.7393,1.0442,-0.904,0.2041
-0.0246,-2.0594,1.2612,-0.2233,1.2028,2.3148,0.0238,-1.4594,-1.5201,0.2104,-0.6785,0.7389,0.6979,-0.3181,-0.0568
0.0154,-2.4438,0.8525,0.107,1.514,2.3615,0.1263,-1.9153,-1.3002,0.2531,-0.506,0.5695,1.1437,-0.291,-0.0297
-0.0582,-2.6255,0.6116,0.2803,1.325,2.4421,0.3444,-2.3642,-1.2271,0.5677,-0.1991,0.2301,1.0389,0.5218,0.3805
0.0442,-2.2552,0.6812,0.2205,1.7671,2.7789,0.0484,-3.0332,-0.807,0.7573,-0.6482,0.2494,1.5873,1.068,0.4184
0.0481,-2.3871,-0.0132,0.1315,1.516,2.6446,0.0712,-3.6874,-0.9808,1.1035,-0.5344,0.1217,1.5741,0.5694,0.5207
-0.4936,-2.2565,-0.7577,-0.0062,1.024,2.8295,0.2582,-3.7775,0.3094,0.7122,-1.4025,0.7584,1.6253,1.0028,0.1949
0.0667,-2.796,-0.8056,0.3178,0.7709,2.6833,0.0968,-3.743,0.2315,0.2298,-1.8524,0.7026,1.8477,0.8815,-0.6952
0.099,-2.9908,-0.795,-0.1705,0.7908,2.6802,-0.0953,-3.3538,0.1694,0.072,-1.687,0.0788,1.5439,1.0034,-0.8406
0.1298,-3.0398,-0.5742,-0.1327,0.7466,2.7077,0.0852,-3.263,0.2175,-0.1376,-1.9636,0.0238,1.6472,0.867,-0.9691
-0.0129,-2.9851,-0.8122,0.1793,0.9697,2.5491,0.0132,-3.1108,0.1696,-0.0194,-1.6717,-0.4767,1.5286,0.6241,-1.0107
-0.1653,-3.0283,-0.5368,0.4778,0.6625,2.6512,-0.1131,-2.9153,0.4679,-0.5951,-2.0563,-0.6807,1.547,0.5896,-1.2583
0.1161,-3.0495,-0.3212,0.2511,0.4406,2.6243,0.0246,-2.7785,0.706,-0.9899,-2.1302,-0.8018,1.7234,0.0055,-1.5517
0.2932,-3.445,0.1177,0.3938,0.8953,2.3738,-0.1922,-2.4551,0.5183,-0.452,-1.5239,-0.5097,1.1749,0.0712,-1.4417
0.0143,-2.7868,0.5863,0.1308,1.0496,2.4147,-0.4595,-2.3014,0.1808,-0.1898,-1.2816,-0.4236,0.9008,-0.4134,-1.2549
0.1027,-2.7243,0.6595,-0.6368,0.749,2.5403,-0.4881,-2.0431,0.1997,-0.5174,-1.688,-0.628,0.5408,-1.2341,-1.5654
0.0665,-2.818,1.3536,-0.6232,1.1489,2.4008,-0.5194,-1.1875,0.8677,-0.644,-1.7757,-0.7311,0.3233,-0.8587,-1.6256
-0.0193,-2.4402,1.662,-0.7206,2.1229,2.499,-0.1303,-0.9416,0.1805,-0.0105,-1.6552,-0.8835,-0.033,-1.3853,-1.5944
0.0601,-2.4268,1.8662,-0.3972,2.1986,2.446,0.3725,-0.5777,0.0885,0.2453,-0.8059,-0.5859,-0.1712,-2.2708,-0.8912
0.1481,-2.2248,2.0304,-0.2909,1.8895,2.098,0.6439,0.0821,-0.0763,0.4681,-0.4158,-0.0806,-0.027,-2.7968,-0.279
-0.0328,-2.1925,2.3311,-0.2723,1.5441,2.1468,0.9347,0.2206,-0.7323,0.5893,-0.0458,0.2014,0.2946,-3.3237,0.2885
-0.0391,-2.2924,2.5973,-0.0903,1.0728,2.2828,0.4987,0.1421,-0.6784,-0.0298,-0.2569,0.8078,0.4525,-3.3343,0.4432
0.6599,-2.0156,3.2417,0.222,1.4721,2.3062,0.3254,0.4681,-1.0184,-0.3185,0.7022,0.5326,0.4259,-3.2912,0.5856
0.266,-1.4388,3.1743,-0.3479,2.5173,2.4196,0.233,0.0259,-1.5415,0.6266,1.0163,1.0331,0.1391,-2.9776,1.2379
-0.0629,-1.1412,2.8924,-0.594,2.1201,2.4594,0.3128,-0.3911,-1.8688,1.2237,1.0619,0.9712,0.2174,-2.9876,2.0013
-0.2842,-1.3969,2.3227,-0.5493,2.2614,2.6643,0.0924,-0.8739,-1.5953,1.086,0.6612,1.3124,0.6069,-2.9286,1.9703
-0.2,-1.5417,2.2099,-0.6988,1.9196,2.8954,0.4697,-1.067,-1.5187,0.9748,0.0017,1.6831,0.8886,-2.5224,1.7433
-0.2268,-1.6346,1.7701,-0.718,1.9007,3.0409,0.4257,-1.2409,-1.494,0.9517,-0.6833,1.4644,0.8045,-1.6637,1.3691
-0.2936,-2.1463,1.2671,-0.6762,1.5765,2.9542,0.3611,-1.4992,-1.4938,0.7706,-0.4858,0.903,1.041,-1.5222,1.1691
0.036,-2.1487,1.366,-1.0343,1.3005,2.9583,0.4059,-1.6991,-1.1886,0.5328,-0.824,0.5939,0.9096,-1.1032,0.8419
-0.1137,-2.7245,1.0179,-0.566,1.344,2.6824,0.305,-1.809,-0.8598,0.4433,-1.0071,0.5788,0.7954,-0.5161,0.6635
0.052,-2.6715,1.0525,-0.4671,1.3933,2.8528,0.2968,-1.7893,-0.7015,0.6336,-0.8743,0.3157,1.3146,-0.2988,0.6263
0.1174,-2.4565,1.0344,-0.4072,1.3557,2.7045,0.495,-2.2956,-0.3807,0.8028,-1.0594,0.429,0.9764,-0.2135,0.4356
0.3988,-2.5431,0.9317,-0.2637,1.155,2.4928,0.3521,-2.4662,-0.4485,0.6555,-1.0703,0.0398,1.302,-0.43,0.3387
0.5087,-2.248,0.8063,-0.1066,1.2457,2.3383,0.2191,-2.3925,-0.8049,0.8158,-0.9053,-0.1648,1.2269,-0.1799,0.4247
0.3865,-2.1477,0.6368,-0.2452,0.8445,2.3441,0.171,-2.4252,-0.448,0.7832,-0.7056,-0.0187,1.3218,-0.2499,0.3997
0.2462,-2.1961,0.4696,-0.2977,0.4074,2.2694,0.3997,-2.6154,-0.5614,0.1426,-0.9995,0.4323,1.294,0.0444,0.1406
0.1537,-2.4413,0.5949,-0.2985,0.7808,2.5535,0.1033,-2.963,-0.9498,-0.379,-0.9684,0.7992,1.5065,0.4539,-0.2763
0.3237,-2.5549,0.2793,-0.2919,0.819,2.4621,0.1188,-3.1453,-0.8584,-0.1775,-1.2065,0.4052,1.3805,0.3398,-0.6508
0.4503,-2.3473,-0.1672,-0.6399,0.9615,2.4849,0.1298,-3.0294,-0.0844,-0.1981,-1.4877,0.3175,1.2666,0.3448,-0.6848
0.4474,-2.4196,-0.2098,-0.4872,0.9241,2.5442,0.2918,-3.0526,0.1059,-0.2032,-1.6219,-0.2658,1.5863,0.1851,-1.2614
0.2599,-2.8759,-0.0538,-0.1837,0.7002,2.8611,-0.1866,-3.0244,-0.2258,-0.0808,-1.5318,-0.7625,1.7993,-0.1309,-1.1893
0.6319,-2.658,-0.0089,-0.3996,0.8206,2.6654,-0.8731,-2.942,0.0536,-0.2658,-1.459,-0.501,1.5348,-0.7883,-1.1488
0.5231,-2.3077,-0.1188,-0.5109,1.0192,2.497,-0.599,-2.4224,0.0936,-0.0489,-1.1131,-0.2975,1.3048,-0.5993,-0.9681
0.3551,-2.528,0.7274,-0.231,1.0014,2.6115,-0.4905,-2.3296,-0.3924,-0.2013,-0.7267,-0.1186,0.8926,-0.5643,-0.8864
0.6075,-2.3709,1.0062,-0.2296,1.0899,2.471,-0.5584,-2.1457,-0.8624,-0.319,-0.7134,-0.2922,0.9546,-0.8642,-0.8792
0.4513,-2.6017,0.85,-0.5505,1.3047,2.5578,-0.2214,-2.1524,-1.1578,-0.0952,-0.8396,-0.4387,0.7371,-1.2151,-0.4123
0.3527,-2.0695,0.6564,-0.7335,1.6166,2.4699,-0.3036,-1.6559,-0.4792,0.1117,-0.7892,-0.4074,0.7695,-0.7487,-0.5146
0.4629,-2.3074,1.2756,-1.1575,1.3857,2.3808,-0.4928,-1.6198,-0.2434,0.0858,-1.0946,0.045,0.3974,-0.5985,-0.5978
0.5753,-2.303,1.4343,-0.7301,1.0425,2.343,-0.3746,-1.4317,-0.7046,0.0531,-0.7914,0.0888,0.371,-0.9338,-0.6359
0.2527,-1.854,1.7402,-0.5721,1.1464,2.1186,-0.4067,-1.4012,-0.8854,-0.5839,-0.7405,0.1851,0.243,-1.12,-0.8668
0.3537,-2.0683,1.5098,-0.2887,1.4549,2.3618,-0.3877,-1.1679,-0.8163,-0.4788,-0.5151,1.3101,0.1085,-1.3445,-0.6488
0.4269,-2.1126,1.8636,-0.1235,1.5942,1.9456,-0.3921,-0.8733,-0.9444,-0.152,-0.2281,1.3082,0.0034,-1.4905,-0.4818
0.476,-2.0594,2.2377,0.107,1.1128,2.0446,0.1012,-0.7941,-1.0891,-0.2109,-0.0449,1.322,-0.1099,-1.8961,-0.5585
0.5004,-2.1267,2.1872,-0.1575,1.6294,2.1977,0.0494,-0.4661,-1.1728,-0.194,0.1331,0.91,0.3389,-1.653,-0.212
0.1679,-1.7142,2.1608,-0.5305,1.7022,2.521,0.0683,-0.8988,-1.5012,0.3268,0.3358,0.7986,0.7828,-1.6733,0.4304
0.8773,-1.7381,2.2059,-1.7993,2.2755,2.4424,-0.0545,-1.3956,-1.4873,0.7737,-0.2954,0.9272,0.6079,-1.776,0.5592
0.1965,-1.4316,1.886,-1.3548,1.858,2.5639,0.0377,-1.4786,-1.219,1.3462,-0.3571,0.4235,0.4675,-1.5932,0.8824
0.4444,-1.9289,1.5581,-0.7606,1.5889,2.2959,0.3336,-1.3154,-0.9655,0.846,-0.2914,0.6038,0.3551,-1.2592,0.8587
0.5278,-1.9983,1.4989,-0.5309,1.46,2.3816,0.1717,-1.3257,-0.8007,0.8369,-1.348,0.5849,0.7931,-0.9737,0.4603
0.5879,-2.0478,1.6402,-0.5871,1.3623,2.1711,0.3616,-1.0389,-0.8913,0.9811,-0.7995,0.3787,0.6132,-0.916,0.388
1.0423,-2.0917,1.8773,-0.5679,1.3704,1.8927,0.3745,-1.0204,-0.5944,0.6231,-0.3353,0.5468,1.0136,-1.1515,0.6811
0.6351,-1.962,2.2016,-0.5348,1.6603,2.1734,0.4224,-1.2544,-1.3065,1.1157,-0.359,0.5501,0.9867,-0.9448,0.8581
0.5857,-1.6882,2.064,-1.0236,1.863,1.7459,0.5138,-1.0735,-1.172,1.288,-0.3763,0.7432,1.0729,-0.8976,1.0679
0.4624,-1.6881,2.2792,-0.8425,1.4298,2.0137,0.5075,-1.644,-1.7599,1.2772,-0.0816,0.658,1.0035,-0.8296,1.2634
0.4504,-1.9002,1.7544,-0.8765,1.5245,2.1934,0.1449,-2.0534,-1.5355,1.0085,-0.1693,0.7478,0.8468,-0.7333,1.3127
0.2124,-2.001,1.0705,-0.962,1.4943,2.3915,-0.0826,-2.3314,-1.3527,1.2659,-0.3497,1.2527,0.6895,-0.4808,1.2574
0.4908,-1.7015,0.9054,-1.0818,1.1468,2.6216,0.0249,-2.4668,-1.0642,1.056,-0.6992,0.8216,1.2219,-0.2946,0.9659
0.4541,-2.0032,0.7867,-0.7935,0.7448,2.4921,-0.3757,-2.5382,-0.875,0.6552,-0.5102,0.5275,1.0805,-0.2607,0.6926
0.3771,-1.9556,0.3919,-0.7135,0.5329,2.4245,-0.0209,-2.8064,-0.968,0.1028,-0.8105,0.8903,1.142,-0.2809,0.1875
0.7322,-2.0815,0.9942,-0.5415,0.7166,2.4091,0.1347,-2.614,-0.3884,-0.1185,-0.5151,0.5928,1.1152,-0.0079,0.0233
0.7516,-1.8974,0.9787,-1.1948,1.0834,2.4937,0.0092,-2.8354,-1.2078,0.3085,-0.9695,0.4697,1.182,-0.3614,-0.3186
0.5909,-2.0074,0.5732,-1.0488,1.0455,2.7386,0.4839,-2.6852,-0.7029,0.4225,-0.9166,0.3758,1.4404,-0.1865,-0.3369
0.6801,-2.1189,0.5251,-1.1511,0.688,2.8856,0.3142,-2.6513,-0.3611,0.4544,-1.7853,0.6261,1.6887,-0.4722,-0.5675
0.6989,-2.2058,0.5638,-0.5411,0.7356,2.8346,0.1613,-2.2554,-0.0064,0.1744,-1.177,-0.3876,1.2201,-0.2086,-0.5817
0.6953,-2.1618,0.927,-0.631,1.0261,2.8963,0.258,-2.3452,-0.2299,0.2408,-1.0635,-0.113,0.5658,-0.7907,-0.5309
0.7552,-2.1473,1.339,-0.4892,1.4188,2.7538,0.4347,-1.8637,-0.4644,0.7744,-0.1129,-0.228,0.6539,-1.5205,-0.0784
0.7026,-1.5541,1.6247,-0.4506,0.9186,2.7459,1.0064,-1.8407,-0.7127,1.0261,0.0035,0.4863,0.9674,-1.0168,0.5508
0.6861,-1.5748,1.2392,-0.9964,0.8085,2.6345,0.7409,-2.051,-1.1212,0.6224,-0.4313,0.7168,1.1849,-1.2851,0.7116
0.6277,-1.7238,1.3595,-0.787,0.6684,2.6097,0.5889,-1.9518,-0.8986,0.2086,-0.577,0.5737,1.4792,-1.3574,0.4983
0.5662,-1.6938,1.6765,-1.1024,0.7409,2.6514,0.349,-2.0439,-0.7053,-0.0023,-0.7848,0.6258,1.4578,-1.0101,0.2921
0.6433,-1.7381,1.1908,-0.9664,0.6215,2.68,0.2962,-2.1838,-1.0377,-0.067,-0.4643,0.8233,1.45,-0.4876,0.1127
0.796,-1.8737,1.0775,-0.8027,0.8612,2.5637,0.0661,-2.5461,-1.0087,-0.1776,-0.9521,0.8922,1.1801,-0.5117,-0.2417
0.6578,-2.2876,0.8461,-0.2306,0.8496,2.7853,-0.0958,-2.4076,-0.942,0.2249,-0.794,0.5859,1.1149,-0.5098,0.1657
0.7906,-2.3528,0.7755,-0.1832,1.1871,2.5963,-0.0483,-2.4259,-0.8302,0.7471,-1.0825,0.1082,0.6289,-0.5854,-0.2616
0.6001,-1.9936,0.7474,-0.733,0.7207,2.4678,0.0322,-2.4183,-0.8034,0.9268,-1.1737,0.3467,0.8725,-0.4547,-0.1053
1.0849,-2.231,0.5727,-0.4233,0.4274,2.5608,0.0646,-2.1815,-0.5791,0.1977,-0.41,0.0501,0.7361,-0.5569,-0.2025
0.5305,-1.9747,0.9079,-0.7041,0.4263,2.6996,0.1196,-2.2928,0.5147,-0.2002,-0.7251,0.0768,1.1835,-0.5167,-0.4395
0.8425,-1.8275,1.2143,-0.8022,0.9277,2.6025,-0.2145,-2.4109,-0.3056,-0.1101,-0.9954,0.1685,1.2123,-0.5854,-0.5631
0.9112,-1.9001,1.2293,-1.1448,1.1311,2.5705,0.0196,-2.2309,-0.2004,0.0611,-1.0082,0.2834,1.3002,-0.8854,-0.9011
0.8405,-2.2333,1.161,-0.7515,1.0386,2.6379,0.055,-2.1403,-0.0971,0.089,-0.8029,0.8096,1.1192,-1.7011,-0.6109
1.133,-1.8454,1.61,-0.625,1.0811,2.4966,0.0633,-1.6198,-0.4223,0.2193,-1.0726,0.894,0.8719,-1.927,-0.7312
0.9858,-1.9598,1.6479,-0.6099,0.8577,2.4954,0.2116,-0.8601,-0.0094,0.0483,-0.7126,0.9554,0.8055,-2.0094,-0.7326
0.6904,-1.4081,2.3296,-0.4167,0.8763,2.4837,0.1515,-0.6288,-0.3642,-0.2196,-0.3411,0.7372,0.5079,-2.4116,-0.5977
0.7262,-1.8251,2.7248,-0.6272,0.8308,2.4382,0.132,-0.3592,-1.0586,-0.731,-0.0139,1.2534,0.3068,-2.7523,-0.4958
0.6774,-1.7392,2.5973,-0.6038,1.2769,2.7574,-0.0338,-0.3419,-1.0082,-0.7179,0.1843,1.1263,0.1425,-2.924,-0.4139
0.8742,-1.2326,3.1268,-0.9194,2.6265,2.704,0.1582,-0.3601,-1.0284,0.3677,-0.021,1.2922,0.389,-2.9757,-0.1618
0.7328,-1.6553,3.1569,-0.8041,2.332,2.699,0.821,-0.3539,-1.1909,1.082,0.1136,1.6468,0.3886,-2.9404,0.3674
0.966,-1.5636,2.9198,-0.8091,2.2227,2.6157,0.7511,-0.2556,-1.4172,1.6085,-0.0072,1.6416,0.3222,-3.0664,0.929
1.2281,-1.37,3.243,-0.9299,1.7283,2.4884,0.5778,-0.0244,-1.4269,1.4409,0.1721,1.6435,0.5307,-2.6679,1.4026
0.9437,-1.3866,3.1615,-0.8048,1.2416,2.5726,0.5289,-0.4246,-1.7237,1.0585,0.3209,1.7599,0.7975,-2.2647,1.4416
0.7977,-1.0489,3.106,-0.878,1.6523,2.647,0.5136,-0.8786,-1.7087,1.5048,0.3105,1.5435,0.8757,-1.9472,1.8558
0.4178,-1.1981,2.7324,-1.0399,1.2248,2.6907,0.354,-1.5641,-1.5975,1.1987,0.357,1.5948,0.8491,-1.7844,1.8318
0.9465,-1.4975,2.5012,-0.8231,1.5786,2.5028,0.1872,-1.6403,-1.1577,0.9922,0.2533,2.0167,1.0645,-1.4609,1.5035
0.7363,-1.5586,2.2767,-0.7245,1.4642,2.4898,0.3611,-1.9246,-1.4216,1.5133,0.4701,2.0094,1.3251,-0.9675,1.7251
1.0456,-1.7103,1.9051,-0.9502,1.313,2.4961,0.2843,-2.4098,-1.4871,1.5211,0.1083,2.321,1.7457,-1.1106,1.9433
0.8295,-1.6982,1.449,-0.8346,1.4783,2.6404,0.5837,-2.8201,-1.1576,1.9661,-0.6696,2.2752,1.6087,-0.3496,1.8646
0.6191,-1.6264,1.0246,-0.5176,0.9463,2.7342,0.3882,-2.9305,-0.9484,1.8992,-0.7722,1.6583,1.7555,-0.4546,1.707
0.6107,-2.0135,0.8042,-0.6818,0.9723,2.7517,0.0635,-2.8586,-0.5274,1.253,-0.8048,1.1555,1.9085,-0.0772,1.3945
0.9096,-2.2609,0.8036,-0.398,1.1786,2.5566,-0.2478,-2.9572,-0.7057,1.2782,-1.0887,1.1066,1.9785,-0.4777,1.0066
0.7258,-2.0808,0.684,0.1441,0.7248,2.6872,0.4623,-2.3931,-0.4493,1.1399,-0.7213,0.884,1.4877,-0.2482,0.6375
0.73,-2.024,1.0441,-0.0261,0.7771,2.6257,0.5134,-2.329,-0.3228,0.8315,-0.6514,0.7826,1.5671,-1.1598,0.5382
0.7563,-1.8391,1.2375,-0.108,0.579,2.7583,0.3866,-2.247,-0.2967,0.3167,-0.5361,1.3402,1.6985,-1.106,0.5395
0.5451,-1.7818,1.195,-0.318,0.4161,2.8533,0.252,-2.4627,-0.732,0.1211,-0.3688,1.1185,1.2972,-1.1736,0.3191
0.6465,-1.8372,0.6842,-0.2047,0.4652,3.0546,-0.1635,-2.5137,-0.5412,-0.1065,-0.8781,1.2275,1.3841,-0.8773,-0.3206
0.8082,-2.3776,0.7965,-0.1041,0.4208,2.9391,-0.3115,-2.2751,-0.379,-0.5628,-1.0764,0.9207,1.1908,-1.0714,-0.8729
0.7582,-2.1571,0.8513,-0.1847,0.6463,2.9454,-0.4049,-2.1455,-0.6231,-0.4851,-1.2898,0.7087,1.0824,-1.0982,-1.2444
0.9472,-2.697,1.4327,0.848,0.9549,2.8297,-0.4963,-2.0863,-0.3459,-0.3479,-0.5576,0.7693,1.1799,-1.5603,-0.9031
0.8177,-2.2865,1.7623,0.0764,0.7002,2.7022,-0.3386,-1.8295,-0.6532,0.22,-0.2189,0.4954,0.9866,-2.0603,-0.3881
0.8246,-2.0631,1.8195,-0.1511,1.088,2.8477,-0.2779,-1.4899,-0.6232,0.2524,0.4751,1.1286,0.92,-2.3218,0.0163
0.7282,-1.7409,1.961,0.0461,1.077,2.8769,-0.278,-1.6913,-0.9853,0.4191,0.1037,1.9879,1.0541,-2.2623,0.3557
0.8263,-1.6851,1.9422,-0.636,1.8592,2.7407,0.0378,-1.6964,-1.3363,0.8446,-0.3762,2.3588,0.8137,-2.5834,0.4503
0.6954,-1.7178,1.7654,-0.7738,1.7143,2.8597,0.359,-1.3633,-1.3213,1.3378,-1.0081,2.1815,0.9247,-2.4234,0.7751
0.9813,-1.8865,2.0152,-0.7569,1.0936,2.9715,1.4187,-0.8538,-1.0571,0.8461,-0.6603,2.202,1.2633,-2.2444,0.9329
1.0338,-1.8431,2.3083,-0.6784,1.0923,2.9526,1.1378,-0.8429,-0.9781,0.7622,-0.4119,1.8145,1.7206,-2.0221,1.0348
0.7728,-1.9519,2.1575,-0.5433,0.9074,3.0167,0.6889,-1.3062,-1.2067,0.8508,-0.292,2.2241,1.595,-2.1267,1.0167
0.8388,-1.9669,2.0997,-0.4548,0.8717,2.82,0.3715,-1.5098,-0.6783,0.411,-0.3075,2.2768,1.1908,-1.427,0.6843
1.444,-2.1157,2.5265,-0.1642,1.9195,2.6,0.4115,-1.5996,-0.9572,0.8596,-0.3708,1.7407,1.2533,-0.8023,0.842
0.933,-1.7186,2.2112,-0.2773,2.1372,2.9164,0.4709,-2.1971,-1.5548,2.148,-0.6053,2.3213,1.4423,-1.0747,1.3116
0.9154,-2.1038,1.4533,-0.4776,1.8566,2.7868,0.1394,-2.5573,-1.8396,2.2008,-0.478,2.2512,1.6881,-0.8396,1.5403
0.8295,-2.0977,1.0752,-0.6244,1.3732,2.8726,-0.1172,-2.8255,-0.9136,1.9352,-1.3329,1.5696,2.0586,-0.5106,1.1869
1.1608,-2.2942,1.1495,0.1869,0.8262,2.7135,-0.1406,-2.701,-0.8124,1.3871,-1.3043,1.1193,1.5875,-0.6071,0.7071
0.9881,-2.3263,0.9996,0.1289,0.9871,2.7112,0.1741,-2.5509,-0.5653,0.8374,-0.9678,0.8033,1.687,-0.5574,0.3565
1.1507,-2.2487,1.1962,0.2066,0.8003,2.7973,-0.1298,-2.7805,-0.5989,0.6189,-0.9795,1.2824,1.6409,-0.1936,0.2327
1.1065,-1.83,1.1849,-0.4131,0.459,2.8642,-0.2139,-2.8451,-0.4749,0.2356,-0.5315,0.6084,1.6756,-0.3878,0.3347
0.7985,-1.6018,0.9783,0.1718,0.4283,3.0609,-0.0987,-3.0929,-0.5978,-0.1487,-0.5707,0.8095,1.8812,-0.7935,0.2213
1.0466,-1.5982,0.8254,0.412,0.9427,3.1264,-0.5736,-2.5297,-0.4149,-0.4413,-0.7691,0.705,1.5933,-0.8053,-0.2362
0.9959,-1.8527,0.9505,0.2081,1.1557,2.9007,-0.7229,-2.4437,-0.462,-0.3646,-0.4622,0.535,1.2484,-1.2714,-0.3489
0.8137,-1.8144,1.1491,0.1833,1.3074,2.8963,-0.8754,-2.2353,-0.2067,-0.3198,-0.5491,1.2417,0.8765,-1.6035,-0.4102
0.6674,-1.8738,1.2674,0.6707,1.5249,3.4718,-0.9926,-2.0376,-0.4876,-0.1428,-0.5556,1.7502,0.6564,-1.8501,-0.4272
1.1224,-1.8944,1.4704,0.6855,1.1765,3.329,-1.3041,-1.5721,-0.9985,-0.1106,-0.137,0.9991,0.7866,-2.3625,-0.425
0.9089,-1.8616,1.6563,0.2795,0.8808,3.0212,-0.9655,-1.0809,-1.0964,-0.1739,-0.098,1.1443,0.2182,-2.4049,-0.4361
1.0719,-1.7879,2.0887,-0.1713,1.4574,3.0239,-0.6772,-1.0271,-0.9373,-0.2035,-0.5341,1.1334,-0.0887,-1.9978,-0.7107
1.2169,-1.9532,2.4759,-0.5871,1.6798,3.0174,-0.2651,-0.8039,-1.1005,0.3425,-0.7523,1.91,-0.0365,-2.3053,-0.5223
