x0,x1,x2,x3,x4,x5,x6,x7,x8,x9,x10,x11,x12,x13,x14
0.1305,-0.2876,1.1738,-0.2074,-0.0114,-0.0978,-0.2521,2.4204,1.224,-1.8658,0.2291,-1.1866,-0.8247,-3.043,-2.5266
0.1326,0.3661,2.0886,0.0578,0.4296,-0.0308,-0.2699,3.3009,0.6334,-1.4723,0.9313,-0.4518,-0.8069,-3.2417,-1.8989
0.2023,1.0019,2.7819,-0.2825,0.8421,0.0893,-0.0923,3.3756,-0.4084,-1.556,1.0718,-0.0163,-0.891,-4.3728,-1.2783
0.2348,0.7048,3.2324,-0.5999,1.2785,0.1444,0.092,3.3322,-1.1514,-0.9109,1.486,0.4923,-0.8264,-4.372,-0.5055
0.3224,0.9549,3.1891,-0.2172,1.3919,0.0533,0.4908,3.8336,-1.3253,0.0536,2.1297,0.6511,-0.785,-4.0886,0.5958
0.2502,1.3528,3.5002,-0.7425,1.2043,-0.0644,0.4558,3.4321,-1.8396,0.6347,2.1769,1.3589,-0.6318,-4.0115,1.6328
0.0322,2.2649,3.0406,-0.5928,1.3026,0.0879,0.6806,2.6558,-2.5452,0.7337,2.2758,1.47,-0.6277,-3.7084,2.1097
0.0448,1.403,2.4203,-0.7279,1.2974,0.0487,0.6707,2.311,-2.9389,2.1115,2.0509,1.9489,-0.5718,-2.6103,2.9685
-0.0272,1.1861,1.8559,-0.6821,0.7561,0.1626,0.5901,1.5496,-2.7507,1.9039,1.6663,1.7868,-0.0038,-1.5959,3.3106
-0.019,0.8488,1.1039,-0.6089,0.3496,0.0993,0.2986,0.6451,-2.1048,1.6718,1.8397,1.6195,0.6881,-0.6961,3.3552
-0.1041,1.0953,0.7629,-0.598,0.3322,0.1103,0.1587,-0.4868,-1.9304,1.5201,1.1838,1.773,0.8542,0.2054,3.0867
-0.0801,0.2426,-0.1318,-0.8083,0.178,0.2318,0.2627,-1.3734,-1.9318,1.4311,0.458,1.457,1.4446,0.7625,2.5388
-0.3934,0.4272,-1.2829,-0.5625,-0.0045,0.3365,-0.0896,-1.9995,-1.2794,1.5214,-0.0789,0.7906,1.842,1.602,2.067
-0.1146,0.0272,-2.0179,-0.3321,-0.2993,0.2953,0.014,-2.7328,-0.8847,1.2404,-0.6045,0.2378,1.6389,2.4588,1.4314
-0.0761,-0.1102,-2.6693,-0.3887,-0.6481,0.2442,0.143,-2.9245,-0.5341,1.2458,-1.0583,-0.053,1.8026,3.1668,1.0473
-0.2433,-0.3514,-2.8146,-0.1967,-1.037,0.2481,-0.2537,-3.2612,-0.1453,0.5464,-1.6097,-0.5173,1.9429,3.6172,0.3227
-0.198,-0.6863,-3.0898,-0.0491,-1.0534,0.2418,-0.3102,-3.4894,0.5181,0.1858,-1.8016,-1.057,1.8149,4.0179,-0.5031
-0.073,-0.8643,-3.1801,0.0035,-1.1318,0.1926,-0.5825,-3.5186,1.0677,-0.3825,-1.8091,-1.6082,1.9814,3.7403,-1.203
-0.1022,-0.8999,-3.1949,0.0936,-1.3905,0.1304,-0.5944,-3.5645,1.1721,-0.5945,-1.72,-1.889,1.97,3.1843,-1.5399
0.0667,-0.8982,-3.1637,0.1698,-1.3704,0.0907,-0.9418,-3.3959,1.2271,-0.4368,-1.3899,-1.8791,1.8923,3.0146,-1.6838
-0.0911,-0.7074,-3.1322,0.1036,-1.4037,0.1617,-1.1613,-2.7245,1.8164,-0.7354,-1.3473,-1.8607,1.3665,2.6165,-2.034
-0.1631,-0.9675,-2.3728,0.1783,-1.0874,-0.1504,-1.0566,-1.9863,2.0015,-1.2034,-1.0416,-1.9595,1.0866,1.879,-2.2857
-0.3302,-0.8846,-1.6615,0.229,-0.9458,-0.1756,-1.1217,-1.8386,1.1792,-0.6337,-0.9195,-2.0249,0.9019,1.3524,-2.191
-0.1897,-0.7227,-1.6007,0.2489,-0.6703,-0.3579,-1.1191,-1.2473,1.959,-1.0201,-0.6507,-1.7874,0.918,0.9208,-2.2635
-0.165,-0.6902,-1.4304,0.4362,-0.6546,-0.3686,-0.9139,-0.5456,1.0793,-0.7006,-0.4855,-1.4701,0.7573,0.3077,-2.2617
-0.0761,-0.3378,-1.1595,0.1764,-0.7257,-0.3459,-0.5054,-0.5002,0.5151,-0.5804,-0.6366,-1.3431,0.6249,-0.3238,-2.0761
-0.1673,-0.555,-1.1142,0.2319,-0.6842,-0.2105,-0.3665,-0.0675,1.2397,-0.8697,-0.3121,-1.4939,0.7044,-0.7413,-2.0073
-0.2288,-0.4383,-0.5757,-0.0609,-0.545,-0.1745,-0.321,0.4973,1.0476,-1.2413,0.0913,-1.141,0.2516,-1.1629,-1.7836
-0.1352,-0.0899,0.0021,-0.2118,-0.245,-0.2591,-0.7361,0.9993,0.3971,-1.1843,0.0374,-0.6748,0.5126,-1.257,-1.6837
-0.1828,0.1095,0.3862,-0.3741,0.0289,-0.3144,-0.7953,0.8888,0.177,-1.0527,-0.4426,-1.0098,0.0242,-1.323,-1.8666
-0.0461,0.1047,0.3128,-0.2187,0.1132,-0.3598,-0.6154,1.8568,0.5398,-1.1023,0.2359,-0.5242,-0.4527,-1.4703,-1.7606
0.1172,-0.3681,0.967,-0.0737,0.2037,-0.3767,-0.5207,2.101,0.0095,-1.2394,0.6207,-0.4963,-0.7418,-1.7721,-1.5629
0.3622,0.1681,1.4564,-0.1877,0.5014,-0.4583,-0.4161,2.6141,-0.4561,-0.4239,1.1857,-0.5844,-0.9935,-2.3557,-0.7458
0.2116,0.3495,1.7385,-0.4409,0.4029,-0.4227,-0.3509,2.839,-0.8461,-0.0138,1.2425,-0.4355,-1.4118,-2.2172,-0.3346
0.2516,0.5007,1.9309,-0.6283,0.6214,-0.5069,-0.2284,3.0169,-1.1699,-0.055,1.3452,-0.3251,-1.3133,-2.7843,-0.1401
0.0689,0.4064,1.9138,-0.4155,0.7414,-0.4586,-0.2545,3.0932,-1.2969,-0.208,1.6855,-0.1831,-1.0117,-2.562,0.1416
0.1006,0.7991,2.0888,-0.5326,0.8927,-0.291,-0.0734,3.0123,-1.7235,0.1193,1.8408,0.2239,-0.6715,-2.7701,0.3668
-0.0241,0.9775,1.9582,-0.5454,0.959,-0.3531,0.36,2.4495,-1.8293,0.3808,1.8932,0.4484,-0.5852,-2.4785,0.7975
0.0863,0.6716,1.5135,-0.9237,0.9622,-0.2965,0.2615,2.3782,-1.9099,0.6145,1.5578,0.5057,-0.2792,-2.2196,1.1827
-0.1085,1.0672,1.4104,-0.946,0.6102,-0.1973,0.191,2.0839,-1.9795,1.0942,1.353,0.7726,-0.0019,-1.6503,1.4402
-0.2605,0.4592,1.174,-0.6736,0.3355,-0.121,-0.0009,1.7937,-1.689,0.7922,1.3596,0.6435,0.1974,-1.8189,1.5082
-0.3267,0.4218,1.0229,-0.6496,0.3258,-0.1702,-0.0908,2.0828,-1.271,0.7742,1.3039,0.558,0.0751,-1.3241,1.4047
-0.3934,0.6292,1.1259,-0.5616,0.3622,0.0415,-0.3317,1.3239,-1.7564,0.6127,1.2732,0.5578,0.1856,-1.3236,1.1391
-0.3841,0.3227,0.6376,-0.4975,0.4813,0.0097,0.1374,0.5884,-1.7304,0.6698,1.0611,0.8632,0.3631,-1.0739,1.1564
-0.2869,0.014,0.1079,-0.1847,0.388,0.0895,-0.0258,0.8234,-1.2199,1.0782,1.1221,0.7559,0.5551,-0.784,1.1664
-0.5261,0.5794,-0.1907,-0.489,0.1791,0.0895,-0.2872,0.3701,-0.9376,0.9801,0.9526,0.6316,0.4541,-0.5855,1.0955
-0.4085,0.2463,-0.2244,-0.5984,0.0226,0.0055,-0.0668,0.3728,-0.5682,0.4265,0.7706,0.8503,0.4497,-0.4654,0.9267
-0.3685,0.3238,-0.2023,-0.2921,0.1246,0.0478,-0.381,0.3119,-0.5505,0.326,0.6018,0.8878,0.723,-0.1176,0.6538
-0.5956,0.0032,-0.2653,-0.3151,0.3528,0.0088,-0.4356,0.286,-1.0292,0.6069,0.5261,0.3142,0.946,-0.0583,0.4027
-0.5165,0.1014,-0.4146,-0.5068,0.1046,0.0686,-0.5841,-0.1691,-1.1012,0.7314,0.5799,-0.1034,0.683,-0.0951,0.4566
-0.7688,0.3624,-0.7508,-0.5799,-0.0216,-0.2058,-0.4758,-0.0488,-0.9348,0.7779,0.1871,-0.2593,0.5158,0.1426,0.4251
-0.6187,0.5425,-0.9625,-0.4829,-0.0186,-0.1777,-0.9132,0.0897,-0.2252,0.3094,0.3097,-0.3311,0.6044,0.4353,0.0335
-0.4983,0.328,-0.5934,-0.2544,-0.1313,-0.0343,-0.6961,0.2127,-0.4994,-0.4135,0.2704,-0.4135,0.1834,0.5443,-0.4217
-0.4744,0.216,-0.5498,-0.1341,0.0866,-0.1105,-0.4078,0.0737,-0.4038,-0.229,0.3466,-0.2755,0.2192,0.3729,-0.3095
-0.4729,0.6992,-0.477,-0.2152,0.174,-0.0676,-0.3472,0.029,-0.3772,-0.1721,0.1657,-0.6303,0.462,0.0042,-0.3685
-0.5225,-0.0041,-0.8055,-0.1796,0.0126,-0.0827,-0.8225,0.2188,-0.3788,0.0221,0.3835,-0.6999,0.3998,-0.1719,-0.3083
-0.2986,-0.019,-0.4589,-0.198,-0.0201,-0.237,-1.3288,0.3514,-0.0002,0.1263,0.4918,-0.6726,0.0103,-0.1912,-0.2862
-0.4843,0.3126,-0.3161,0.0073,-0.0693,-0.3324,-1.1496,0.593,1.1538,-0.2611,0.5707,-0.5388,-0.3568,-0.2645,-0.8668
-0.5618,0.3231,0.1735,-0.2544,-0.0022,-0.2908,-0.7745,0.915,-0.0025,-0.7713,0.5833,-0.4927,-0.3599,-1.4876,-1.1917
-0.5806,-0.2038,0.4192,-0.056,0.1862,-0.2532,-0.5815,1.0329,-0.4375,-0.7648,1.124,-0.0303,-0.5982,-1.1528,-1.1717
-0.5097,0.418,0.3605,-0.2876,0.1955,-0.1738,-0.3271,0.9673,-0.3399,-0.345,1.3103,0.2883,-0.4364,-0.999,-0.711
-0.4129,0.6297,0.3894,-0.267,0.3904,-0.3286,-0.3739,1.202,-0.7612,-0.2053,1.2572,0.4266,-0.3197,-1.3328,-0.4832
-0.574,0.6035,0.3027,-0.2909,0.3655,-0.1786,-0.5276,1.5031,-0.7827,-0.0611,1.1673,0.6321,-0.238,-0.6397,-0.0932
-0.5562,0.6698,0.7428,-0.2161,0.3987,-0.3177,-0.3518,0.9926,-1.2688,-0.3795,1.2184,0.4809,0.1146,-0.8209,-0.3758
-0.5774,0.6414,0.6541,-0.1966,0.6721,-0.4415,-0.0107,0.4325,-1.6077,0.1436,1.3753,0.5932,0.0641,-0.3583,-0.0545
-0.7723,0.8683,0.0442,-0.3226,0.722,-0.2338,-0.0247,0.3664,-1.4887,0.2975,1.4078,0.552,0.2909,-0.1886,0.408
-0.6976,0.8405,-0.5775,-0.9186,0.5937,-0.2025,-0.3028,-0.0612,-1.5855,0.9658,0.6428,0.8738,0.247,0.3046,0.5129
-0.3262,0.7342,-1.0306,-0.5348,0.3992,-0.3682,-0.5859,-0.0693,-0.9525,0.761,0.0045,0.4293,0.4967,0.5602,0.4811
-0.4701,0.1144,-1.2482,-0.9753,0.1829,-0.4344,-0.3883,-0.1453,-0.4906,0.2149,-0.0531,0.1773,-0.1992,0.5884,-0.1335
-0.4378,0.3123,-1.3871,-0.844,-0.1089,-0.4155,-0.3843,-0.0765,0.0324,0.2497,-0.2175,0.0595,-0.0012,0.5181,-0.3123
-0.3995,0.1886,-1.3184,-0.6597,-0.1345,-0.1659,-0.327,0.0688,-0.0166,-0.4604,-0.4123,-0.3769,0.0522,0.3309,-0.7531
-0.697,0.2641,-1.257,-0.4084,-0.093,-0.0072,-0.3674,0.4968,0.1209,-0.5896,-0.005,-0.7042,0.2709,0.3119,-0.9217
-0.5926,-0.2938,-1.1841,-0.2683,0.0596,-0.0275,-0.4983,0.2161,-0.1519,-0.5363,0.1337,-1.0297,0.1044,-0.0222,-1.1605
-0.513,0.4585,-1.0905,0.3215,0.857,-0.0634,0.0357,0.4731,-0.7892,0.1432,0.4231,-1.1245,-0.2347,0.0279,-0.6416
-0.5842,0.6256,-0.9587,-0.138,0.6126,0.1303,0.0941,0.5738,-0.528,0.3225,0.442,-0.8518,0.12,-0.7811,-0.0629
-0.4729,0.3924,-0.7743,0.2636,0.3668,0.0093,-0.0494,0.5778,-0.1484,0.3807,0.7257,-0.5706,0.0648,-0.5859,0.2715
-0.3421,0.9023,-0.8009,0.0261,0.3319,0.0785,0.2635,0.5949,-0.262,0.1927,0.9705,-0.4513,0.2158,-0.595,0.4021
-0.4443,1.2523,-0.4398,-0.102,0.524,0.0988,0.3846,0.7102,-0.2413,0.0991,0.7438,-0.6645,0.7242,-0.4892,0.5925
-0.4659,0.8668,-0.5748,-0.1756,0.323,0.0073,0.2801,0.2805,-0.9626,0.2101,0.8246,-0.301,0.6898,-0.8502,0.5754
-0.7503,1.0456,-0.9064,-0.2103,0.1329,0.0879,0.2955,0.408,-0.9077,0.3983,0.7217,-0.1147,0.5379,-0.5799,0.8498
-0.4786,0.9703,-0.7884,-0.3069,0.1123,-0.1497,-0.2465,0.4611,-0.6299,-0.0356,0.5896,-0.1009,0.8605,0.0033,0.5873
-0.5598,0.7499,-0.7051,-0.4167,0.1227,-0.2,-0.2143,-0.1151,-0.9157,0.1268,0.2875,-0.0669,0.3459,-0.0156,0.4073
-0.4225,0.8278,-0.9573,-0.6483,0.0369,-0.2707,0.0065,0.234,-0.2408,0.0262,0.2204,0.1666,0.093,0.0638,0.1323
-0.4612,0.6043,-0.4594,-0.4242,0.193,-0.096,0.2226,0.3681,-0.0617,0.5642,0.4335,-0.0103,0.0308,0.4392,0.1387
-0.2642,0.8676,-0.4347,-0.4312,0.1671,-0.2162,-0.1807,0.4598,-0.1857,0.0472,0.7152,-0.0423,-0.2427,0.2794,0.2285
-0.5115,0.591,-0.4698,-0.3076,0.3866,-0.2066,-0.1184,0.1041,-0.7876,0.1881,0.7275,0.3403,0.3987,0.2413,0.0342
-0.6337,0.8765,-0.8251,-0.4089,0.3911,-0.0406,-0.1222,-0.4167,-1.0256,0.4298,0.5833,0.0984,0.4042,0.1651,0.3028
-0.7312,0.9889,-1.3677,-0.5801,0.1168,-0.0449,0.2629,-0.5348,-1.296,0.5351,0.1842,0.2707,0.4086,0.5795,0.3198
-0.5778,0.6832,-1.6586,-0.4707,-0.1003,-0.313,0.5328,-0.5603,-0.361,-0.0529,0.0901,0.3579,0.6495,0.7743,0.0581
-0.6343,0.4743,-1.6349,-0.503,-0.1101,-0.1581,0.3639,0.0571,-0.077,-0.1574,-0.1365,0.3698,0.6386,0.975,-0.2227
-0.5137,0.2633,-1.308,-0.7539,-0.1904,-0.1193,0.0,-0.3219,-0.854,-0.189,-0.0488,0.0423,0.7106,0.6256,-0.5679
-0.5338,0.5763,-1.4835,-0.5559,-0.022,-0.2426,0.525,-0.1199,-0.5599,-0.2493,-0.0896,-0.3691,0.8846,0.6709,-0.5114
-0.572,0.1236,-1.461,-0.5051,-0.2755,-0.1007,0.2849,-0.2888,-0.3388,-0.4051,-0.0313,-0.5173,0.7653,0.6448,-0.4972
-0.4883,0.4826,-1.6589,-0.5571,-0.2052,-0.1323,0.156,-0.1987,-0.1956,-0.4108,0.005,-0.5379,0.5199,0.7339,-0.5495
-0.6792,0.3988,-1.7801,-0.5163,-0.0837,-0.0703,0.1924,-0.1289,-0.077,-0.5856,0.327,-0.6067,0.4887,0.6231,-0.4203
-0.6482,0.5409,-1.7871,-0.4951,-0.0533,0.069,-0.0063,-0.4391,-0.2581,-0.8328,0.1344,0.0285,0.3279,1.0726,-0.501
-0.5457,0.5354,-1.8502,-0.6088,-0.3277,0.073,-0.3117,0.0003,0.1486,-1.0019,-0.0945,-0.03,0.3917,0.8021,-0.9152
-0.5282,0.1508,-1.4413,-0.266,-0.1728,-0.1298,-0.5029,-0.087,0.4036,-0.9787,-0.0372,-0.4653,0.4786,0.5829,-1.619
-0.4183,0.3464,-1.2264,-0.237,-0.0431,-0.0589,-0.3686,0.0399,0.265,-0.8383,-0.0433,-0.5152,0.2393,0.4028,-1.4056
-0.6863,0.5537,-1.0417,-0.5433,0.1401,-0.0832,-0.6192,0.1529,-0.2579,-0.635,-0.0359,-0.4102,0.2082,0.41,-1.3562
-0.3865,0.5683,-1.0199,-0.3874,0.4367,-0.2512,-0.711,0.4101,-0.1475,-0.7872,0.1169,-0.0633,0.5217,0.3265,-1.441
-0.4426,0.4448,-0.78,0.5842,0.9769,-0.3288,-0.6276,0.3061,-0.3839,-0.3928,0.6353,-0.3749,-0.4375,0.1322,-0.944
-0.1342,0.7576,-0.6538,-0.1,0.7973,-0.5515,-0.3386,0.3701,-0.6863,0.1832,0.7496,-0.3616,-0.3105,-0.2075,-0.5868
-0.178,0.7996,-0.5553,-0.1255,0.5996,-0.5315,-0.1231,0.9599,-0.4372,0.5293,0.7296,-0.0229,-0.3249,-0.2039,-0.2823
-0.4255,0.6909,-0.3473,-0.2205,0.6359,-0.3012,-0.113,0.9261,-0.3846,0.3841,0.8211,0.3395,-0.0168,-0.0531,-0.0423
-0.4054,0.8681,-0.1409,-0.5495,0.6766,-0.4126,0.0126,0.829,-0.9021,0.2713,0.5835,0.4365,-0.0447,-0.527,0.0156
-0.641,0.9541,-0.4201,-1.0453,0.6416,-0.221,-0.04,1.2647,-0.7014,0.2096,0.1953,0.2086,0.3457,-0.3899,-0.1163
-0.5313,0.4829,-0.4477,-0.9052,0.5921,-0.1682,0.0447,1.2253,-0.6912,-0.1317,0.2204,-0.1951,-0.1333,-0.6531,-0.2451
-0.7506,-0.0425,-0.3986,-0.3926,0.5273,0.0016,0.0429,1.2622,-0.1036,-0.314,0.5398,-0.215,-0.1551,-0.9047,-0.3824
-0.4158,0.3415,-0.2187,-0.2755,0.5574,0.0283,-0.0243,1.2298,0.2922,-0.131,0.325,-0.04,-0.0562,-1.2058,-0.451
-0.4455,0.4689,0.1057,-0.466,0.5364,-0.151,-0.207,1.4493,-0.1145,-0.0787,0.4476,0.0433,-0.1939,-1.5024,-0.2631
-0.4925,0.2927,0.1373,-0.0116,0.7792,-0.1488,-0.1556,1.7816,-0.1965,0.0619,0.727,-0.493,-0.0942,-1.073,-0.1076
-0.3199,0.5384,0.4217,-0.0532,0.6109,-0.2378,-0.0528,1.7188,-0.7581,0.0115,1.0283,-0.1107,-0.2326,-1.3815,0.0423
-0.2989,0.4796,0.4461,-0.1992,1.0778,-0.1472,-0.1275,1.8267,-0.5655,-0.0997,1.6229,0.2912,-0.3104,-1.0817,0.388
-0.318,1.3109,0.5517,-0.5776,0.911,-0.0658,-0.2845,1.055,-1.4804,0.6177,1.591,0.3432,-0.1633,-1.2956,0.7999
-0.3405,1.3792,0.3985,-0.5655,1.0504,-0.1386,-0.2169,0.6814,-1.4652,0.464,1.4824,0.6094,0.0727,-1.0905,0.7727
-0.2384,1.1581,-0.0184,-0.9052,0.8535,-0.2355,-0.4445,0.6003,-1.3005,0.3856,1.0533,0.5474,0.0135,-0.5926,0.614
-0.5394,1.1686,-0.477,-0.8708,0.9526,-0.1635,-0.2444,0.5739,-0.8425,0.2578,0.7863,0.4834,0.1607,-0.2366,0.3003
-0.6255,0.6809,-0.881,-0.3997,0.4586,-0.1753,-0.0469,0.0705,-0.9442,-0.0864,0.7036,0.4225,0.3383,0.1395,0.066
-0.5316,0.5488,-1.225,-0.3246,0.4542,-0.0853,-0.2373,-0.0548,-0.7741,-0.0545,0.6124,0.2279,0.4783,0.4912,-0.0666
-0.4686,0.6401,-1.3932,-0.5844,0.386,-0.1282,-0.25,-0.0681,-0.7665,-0.1864,0.3396,-0.1665,0.2978,1.0211,-0.2743
-0.3615,0.3125,-1.7403,-0.5205,0.3185,-0.0217,-0.1358,-0.4359,-0.6813,-0.1583,0.0951,-0.4267,0.3755,1.0813,-0.3601
-0.4293,0.4376,-1.7435,-0.7748,0.6527,-0.0639,-0.8931,-0.2854,0.0827,0.071,-0.303,-0.6184,0.4419,1.1521,-0.6023
-0.353,0.1315,-1.8313,-0.5508,0.3438,-0.0867,-0.5354,-0.3444,-0.1294,-0.0078,0.0159,-0.8443,0.136,0.7073,-0.8167
-0.2581,-0.1393,-1.7774,-0.4806,0.3324,-0.1298,-0.3195,-0.3558,-0.1773,-0.2057,0.121,-0.7584,0.4193,0.6389,-1.2689
-0.4377,0.7999,-1.9142,-1.0133,0.4183,-0.1147,-0.5167,-0.1654,0.2925,-0.4613,-0.2483,-0.7433,0.6789,0.5267,-1.1446
-0.1966,0.0885,-1.577,-0.654,0.4026,-0.0647,-0.0799,0.0566,0.0925,-0.4711,-0.2509,-0.9954,0.5162,0.1178,-1.2723
-0.3512,0.1084,-1.5135,-0.4572,0.4106,0.0153,-0.2077,0.1137,0.1347,-0.4587,-0.0537,-0.9458,0.5054,-0.1912,-1.0451
-0.3435,0.1369,-1.4978,-0.3526,0.4422,0.0853,-0.4264,0.1276,-0.0758,-0.071,0.1648,-1.0736,0.5392,-0.1654,-0.8368
-0.4231,0.5304,-1.4219,-0.3889,0.5105,-0.0337,-0.3356,0.0864,-0.2939,-0.3032,0.3001,-0.8902,0.3437,-0.2627,-0.5813
-0.5414,0.6352,-1.7198,-0.551,0.558,0.212,-0.3158,0.3109,-0.1359,-0.0793,0.2289,-0.6713,0.0793,0.0877,-0.5844
-0.4432,0.1929,-1.5427,-0.3873,0.5245,0.0583,-0.5324,0.3372,0.0774,-0.8272,0.393,-0.2801,-0.1446,-0.34,-0.6051
-0.6586,0.6762,-1.658,-0.3238,0.5254,0.325,-0.419,0.5486,-0.1084,-0.361,0.5196,-0.2249,-0.0974,-0.4582,-0.4745
-0.5248,0.2617,-1.708,-0.0711,0.3565,0.3172,-0.9506,-0.07,-0.058,-0.6959,0.5797,-0.247,0.2964,-0.614,-0.7116
-0.5167,0.0272,-1.7866,0.6001,0.3221,0.3895,-0.8046,-0.1159,-0.4869,-0.7922,0.893,-0.2719,0.1954,-0.7291,-0.911
-0.5244,1.1549,-1.9523,-0.4278,0.3868,0.2285,-0.6226,0.0729,-0.085,-0.5092,0.4303,-0.3549,0.2978,-0.4101,-1.0318
-0.2965,0.5634,-1.8292,-0.4111,0.4183,0.1616,-0.3997,0.6386,0.3163,-0.8903,0.4776,-0.5572,0.1027,-0.66,-1.1387
-0.3871,0.9173,-1.1923,-0.5641,0.5131,-0.0685,0.0587,0.8212,0.2049,-0.9053,0.3747,-0.6482,0.0546,-1.2119,-1.3545
-0.4571,0.5366,-1.0565,-0.549,0.4489,-0.0833,0.0608,1.418,0.1428,-1.2243,0.518,-0.3714,0.1674,-1.3455,-1.6817
-0.5773,0.4438,-0.9733,-0.4893,0.492,-0.0251,-0.0745,1.3521,-0.1952,-0.9637,1.0183,-0.2217,0.5691,-1.0499,-1.1191
-0.5122,1.0067,-0.9315,-0.8257,0.6863,0.0384,-0.1824,1.0043,-0.4583,-0.6451,0.7363,-0.1588,0.666,-1.0897,-0.8063
-0.5597,0.6234,-0.9968,-0.6539,0.9137,-0.0252,-0.0132,0.7584,-1.1503,-0.5556,0.7735,-0.1373,1.059,-1.1142,-0.6068
-0.3673,0.5504,-1.2372,-0.7771,0.9263,0.0221,-0.2248,0.3898,-1.3802,0.0808,0.7521,-0.216,1.0504,-0.7376,-0.4162
-0.3225,0.5109,-1.2681,-0.8987,0.8972,-0.1093,-0.4869,0.4233,-1.1194,0.1447,0.9457,-0.0156,0.8765,-0.057,-0.2334
-0.3973,0.6744,-1.514,-0.6371,0.8058,-0.2052,-0.354,-0.0833,-1.1451,0.3767,0.9882,0.0146,0.5265,0.2849,-0.0048
-0.361,0.5067,-2.0314,-0.8535,0.7432,-0.2342,-0.3218,-0.2301,-0.8292,0.5662,0.5112,0.1012,0.4079,0.3628,0.0504
-0.3581,0.4951,-2.1187,-0.8455,0.3695,-0.3897,-0.5788,0.2084,-0.3758,0.41,0.2994,-0.2074,0.4572,0.5876,-0.0504
-0.529,0.2922,-1.947,-0.775,0.1368,-0.2481,-0.6697,0.0933,-0.1491,-0.1302,0.2237,-0.5004,0.4908,0.4732,-0.6254
-0.4837,0.357,-1.7382,-0.502,0.3034,-0.2065,-1.2357,0.0282,-0.2929,-0.8983,0.4069,-0.5459,0.2491,0.5895,-0.9141
-0.6538,0.5477,-1.8722,-0.3024,0.4725,-0.2195,-1.035,0.2288,-0.6239,-0.4796,0.4836,-1.2586,0.1399,0.6353,-0.8226
-0.4775,0.5422,-1.4129,-0.4732,0.4247,-0.2105,-1.0844,0.3009,-0.7214,-0.5236,0.5342,-1.2465,0.1747,0.4126,-0.8787
-0.535,0.547,-1.5634,-0.2328,0.3632,-0.2669,-1.3301,0.0614,-0.6292,-0.3824,0.7342,-0.8363,0.219,0.4911,-0.7846
-0.4466,0.5638,-1.7702,-0.3605,0.361,-0.3408,-1.0897,0.1668,-0.6793,-0.2088,0.9036,-0.7185,0.1447,0.418,-0.8353
-0.5254,0.5264,-1.9336,-0.3892,0.4292,-0.5161,-1.2108,0.0524,-0.1197,-0.2548,0.8511,-0.4305,0.4816,0.0989,-0.5164
-0.8163,0.694,-1.9879,-0.5406,-0.0186,-0.3483,-1.1305,0.063,-0.4624,-0.5388,0.5255,-0.5338,0.3905,0.0487,-0.7046
-0.6202,0.6779,-2.0464,-0.6446,0.0438,-0.1955,-1.152,0.4241,-0.121,-1.3693,0.7136,-0.6103,0.4648,0.2301,-0.9513
-0.5905,0.731,-1.8161,-0.4285,0.3171,-0.0096,-0.94,0.3329,-0.3064,-0.9968,0.8181,-0.7725,0.2212,-0.0835,-1.0651
-0.6261,0.8758,-1.6971,-0.5005,0.2234,-0.1123,-0.4037,0.6923,-0.3894,-0.8556,0.8649,-0.521,-0.2801,-0.3711,-0.9931
-0.5807,0.8244,-1.6862,-0.4953,0.2674,-0.1511,-0.5547,0.8469,0.1043,-1.076,0.6973,-0.2823,0.0541,-0.4673,-0.9712
-0.6612,0.4263,-1.6607,-0.4275,0.5157,-0.0923,-0.6773,0.9613,-0.4268,-0.8546,0.9034,-0.3512,0.1321,-0.644,-0.8751
-0.7656,0.6354,-1.5971,-0.3996,0.4202,0.1634,-0.6926,1.0583,-0.614,-0.8054,0.5375,-0.3316,-0.1809,-0.6329,-0.8125
-0.8615,0.72,-1.4216,-0.5634,0.8538,-0.0135,-0.6656,1.3537,-0.2839,-0.6144,0.8484,-0.5348,0.0666,-0.8767,-0.7947
-0.7431,0.9687,-1.1326,-0.9871,0.8948,0.0147,-0.6466,1.4126,-0.6258,-0.4077,1.0612,-0.6043,-0.0282,-0.5271,-0.797
-0.7178,1.735,-1.1629,-0.9224,0.9792,-0.0607,-0.7969,1.2508,-0.866,-0.1826,0.9568,-0.5909,-0.1316,-0.8835,-0.5452
-0.5887,1.102,-1.0056,-0.7802,0.7062,-0.0355,-0.8631,1.321,-0.8758,-0.6448,1.2228,-0.4772,0.1059,-1.0799,-0.5559
-0.7362,0.7449,-0.8806,-0.8795,0.6862,-0.2175,-0.7804,1.4691,-0.7599,-0.5973,1.0005,-0.3402,0.0063,-0.9033,-0.8195
-0.8426,0.7486,-1.0658,-1.2363,0.4708,0.1805,-0.6208,1.0898,-1.1213,-0.4078,0.7958,-0.2203,-0.0131,-1.2851,-0.8175
-0.8692,-0.2729,-1.5338,-0.8277,0.584,-0.0367,-0.5541,1.2042,-1.0747,-0.8693,0.9053,-0.2121,0.2766,-1.0471,-0.9356
-0.7272,0.4716,-1.1403,-0.7712,0.5871,-0.1192,-0.4801,1.4404,-0.0262,-0.3427,0.9839,-0.0323,0.1911,-1.0753,-0.8637
-0.5663,0.6354,-0.7251,-0.6079,0.6767,-0.0884,-0.7742,1.3139,-0.8323,-0.1954,1.3479,-0.3781,0.174,-1.2139,-0.8166
-0.73,0.8545,-0.601,-1.0896,1.0724,0.0106,-0.7706,0.8347,-1.2896,0.36,1.3003,-0.2514,0.0587,-1.1794,-0.3307
-0.6913,0.6257,-1.1685,-0.9728,1.1894,-0.0607,-0.7849,0.9612,-2.0741,0.4217,1.1453,-0.416,0.0419,-0.9046,-0.176
-0.9181,0.5874,-1.6011,-0.8146,1.0149,-0.0903,-0.8751,0.9672,-1.0152,1.2011,1.0082,-0.288,0.2427,-0.5243,0.0742
-0.8308,0.7093,-1.3136,-0.9122,0.7619,0.1103,-0.5292,0.8157,-0.9133,0.8006,1.2753,-0.2477,0.5462,-0.5578,0.1596
-1.2078,0.7264,-1.7198,-1.1359,0.5023,0.0993,-0.7153,0.5332,-1.1419,0.6112,1.0883,-0.2546,0.6195,-0.5758,0.1171
-0.9497,0.1091,-1.9441,-0.9258,0.3629,0.1172,-0.5998,0.935,-0.9934,0.4692,0.9253,-0.0071,0.604,-0.0787,-0.0175
-0.9106,0.539,-1.6475,-0.9958,0.287,-0.0142,-0.517,0.675,-0.6347,0.5642,0.8148,-0.2488,0.6729,0.238,0.0571
-0.9458,0.7948,-2.1412,-1.1053,0.4295,-0.167,-0.6824,0.4133,-0.5739,0.5771,1.0288,-0.2525,0.4887,0.5202,0.0267
-0.9652,0.5006,-2.3897,-1.074,0.2481,-0.0977,-0.4327,0.2307,-0.644,0.4319,0.9097,-0.1611,-0.2723,0.9212,-0.2063
-0.9258,0.4946,-2.4059,-0.6164,0.0463,0.1092,-0.6034,0.1743,-0.4477,0.0559,0.8656,-0.2437,0.1926,0.7451,-0.4037
-0.985,0.5638,-2.3272,-0.6761,0.0049,0.0977,-0.3683,0.09,-0.4411,-0.0634,0.7188,-0.6767,0.6342,0.612,-0.7172
-0.9224,0.1913,-2.4931,-1.0159,0.0099,0.018,-0.318,-0.1381,-0.2796,-0.379,0.5081,-0.5757,0.3969,0.8229,-0.9193
-0.9007,0.2204,-2.7486,-0.5552,0.0575,0.0851,-0.5849,-0.1592,-0.1663,-0.2396,0.5455,-0.9753,0.7603,0.6243,-0.8521
-0.8343,0.2592,-2.6105,-0.5954,0.0648,0.0444,-0.6254,0.0305,-0.2196,-0.025,0.6048,-0.8924,0.6906,0.6963,-1.0826
-0.8527,0.5544,-2.7979,-0.6087,0.0221,0.0886,-0.3981,-0.0008,-0.0877,-0.6177,0.6321,-1.198,0.1057,0.3352,-1.3293
-1.1247,0.3991,-2.6919,-0.592,0.3784,0.2738,-0.5457,0.4615,0.0942,-0.5941,0.4131,-1.2033,0.4385,0.4078,-1.4662
-0.9705,0.189,-2.6373,-0.5078,0.6843,0.2509,-0.7888,0.4155,0.1389,-0.3673,0.4035,-1.0166,0.236,0.5111,-1.2812
-0.9024,0.0691,-2.5155,-0.3402,0.5688,0.1702,-0.3999,0.6624,0.2464,0.0143,0.3549,-1.0389,0.0575,0.0718,-1.526
-0.964,0.0831,-2.2727,-0.9151,0.4666,0.2008,-0.4946,0.809,0.4382,-0.0673,0.3973,-1.0538,0.0672,-0.0366,-1.347
-0.8493,-0.1214,-1.9494,-0.4009,0.0362,-0.0038,-0.4729,1.2816,0.5349,-0.3482,0.0997,-1.2432,-0.0883,0.094,-1.546
-0.947,0.3683,-1.7233,-0.2881,0.2838,-0.041,-0.4869,1.7549,0.4434,-0.3457,0.6354,-1.4356,0.0518,-0.1842,-1.4926
-0.9833,0.4965,-1.2109,-0.3656,0.3633,0.1314,-0.0502,2.2498,0.4346,-0.5456,1.0212,-1.2858,-0.2999,-0.711,-1.3466
-0.9942,0.3858,-0.6096,-0.1061,0.5884,0.1094,0.0045,2.0444,-0.209,-0.4535,1.5652,-0.5377,-0.2738,-1.1637,-0.9564
-1.0807,0.5724,-0.6397,-0.1037,0.3402,0.2972,-0.0697,1.497,-0.7936,-0.2811,1.8847,-0.269,0.1527,-1.4208,-0.596
-0.9167,0.763,-0.9927,-0.383,0.3815,0.3648,-0.095,1.4863,-1.04,-0.2344,1.2954,-0.223,0.0358,-1.2429,-0.7487
-1.1341,0.7643,-1.3075,-0.5251,0.4573,0.4758,-0.1554,1.2408,-0.7849,0.0335,0.9412,-0.5613,-0.1103,-0.7434,-0.7239
-0.9521,1.1754,-1.3168,-1.1873,0.2509,0.5502,-0.4933,1.4139,-0.2494,-0.5199,0.8277,-0.5841,0.3826,-0.7069,-0.7959
-0.9783,-0.1985,-1.3502,-0.6178,0.6599,0.3598,-0.4698,1.3926,-0.2245,-0.4985,1.0969,-0.456,-0.0961,-0.4736,-0.9067
-0.9642,0.3395,-1.371,-0.7451,0.5968,0.3654,-0.5168,1.542,-0.0276,0.2614,1.0395,-0.5606,-0.0875,-0.6507,-0.8019
-0.9731,0.5829,-1.2961,-0.565,0.5923,0.3529,-0.3784,1.6993,-0.0612,0.3711,0.7712,-0.2199,0.0133,-0.7518,-0.7732
-1.0112,-0.0099,-1.162,-0.4133,0.6551,0.4765,-0.5039,1.7181,-0.3252,0.0983,1.1578,-0.3925,-0.0847,-0.867,-0.6585
-1.0811,0.4667,-1.2343,-0.4432,0.7582,0.3416,-0.0011,1.6376,-0.1656,0.3823,1.1487,0.2171,-0.0003,-0.6772,-0.5036
-1.0619,0.6347,-0.97,-0.3902,0.3816,0.2979,0.2858,1.5856,-0.51,0.2089,1.208,0.0324,0.0442,-0.4241,-0.304
-0.9925,0.4875,-1.1648,-0.1369,0.6771,0.0638,0.4619,1.1901,-0.4509,-0.0863,1.3324,0.0329,0.7059,-0.7182,-0.2788
-1.2086,0.7224,-1.631,-0.0594,0.825,0.0916,0.3466,1.2782,-0.4307,0.593,1.5872,-0.0248,0.7901,-0.6285,0.2571
-1.0806,0.6802,-1.7231,-0.1211,0.6339,0.0724,0.3719,1.1817,-1.0148,0.3733,1.4069,-0.0294,0.6791,-0.7247,0.2593
-0.8866,1.0359,-1.8805,-0.1834,0.6831,-0.0176,0.4081,1.3256,-0.4861,0.4438,1.223,-0.1666,0.72,-0.0925,0.4492
-0.8344,0.8456,-1.5736,-0.2366,0.1542,-0.1165,-0.1869,1.2282,-0.1692,0.0664,0.9948,-0.0688,0.8075,-0.0177,0.3204
-1.0574,0.9823,-1.6482,-0.4031,0.4477,-0.0953,-0.4797,1.2992,0.1339,-0.3821,1.0297,-0.2792,0.4542,-0.0023,-0.2688
-0.9979,0.3066,-1.5477,-0.1031,0.5308,0.0402,-0.4631,1.2327,-0.1984,-0.3622,1.4942,-0.5627,0.3082,-0.5404,-0.4958
-0.8932,0.6717,-1.875,0.3511,0.7821,-0.051,-0.5091,1.2672,-0.0053,0.0493,1.7227,-0.5951,0.5639,-0.7865,-0.2711
-0.6735,0.7821,-1.9966,-0.3095,0.6291,-0.3405,0.0554,1.4549,-0.36,0.0833,1.6502,-0.6513,0.0672,-0.6033,-0.1661
-0.678,0.6326,-1.9344,-0.4392,0.7137,-0.3144,0.0222,1.4415,-0.0678,0.4285,1.2077,-0.6892,0.292,-0.4395,0.2686
-0.77,0.8207,-1.6436,-0.4111,0.5647,-0.3531,-0.4244,1.9941,-0.0503,0.1766,1.2459,-0.6564,0.2759,-0.5241,0.0739
-0.9515,0.9388,-1.5294,-0.6264,0.9246,-0.2665,-0.6146,1.7196,-0.488,-0.1495,1.3651,-0.4888,-0.3014,-0.7513,-0.2609
-0.9462,0.4521,-1.2821,-0.5917,1.0233,-0.254,-0.7587,2.2868,-0.4362,-0.1508,1.5486,-0.7442,-0.6551,-0.6023,-0.5671
-1.0843,0.4205,-1.5864,-0.3404,0.8008,-0.0558,-0.4433,2.3611,0.3435,-0.2777,1.667,-0.6346,-0.5728,-1.0042,-0.7716
-0.9569,0.3438,-1.0836,-0.2926,0.6893,-0.1192,-0.1928,2.507,0.1786,-0.4167,2.0231,-0.3716,-0.4128,-1.4682,-0.7436
-0.73,0.871,-0.7635,-0.4549,0.9197,-0.3721,-0.113,2.8408,-0.2855,-0.316,1.939,-0.1513,-0.0042,-1.6588,-0.7298
-0.7016,1.1659,-0.2756,-0.7682,1.0529,-0.3955,-0.128,2.5222,-0.8422,-0.0776,2.155,-0.1239,-0.1101,-1.6477,-0.5725
-0.935,1.2259,-0.4219,-0.9255,1.0606,-0.3497,0.0225,2.5699,-0.9959,0.2046,2.0117,0.0661,0.0466,-1.7518,-0.33
-0.8998,1.5319,-0.7224,-0.6846,1.0051,-0.1685,0.1747,2.6159,-0.9575,0.6629,2.0421,0.2127,0.1127,-1.3765,0.1397
-1.0586,1.5344,-0.6619,-0.9895,1.0331,-0.1159,0.1927,2.1669,-0.7841,0.1925,2.1159,0.4731,0.1107,-1.1202,0.1251
-1.3789,1.096,-1.1172,-0.8534,1.0391,0.0176,0.2333,1.5126,-0.9723,0.2474,2.0585,0.7615,0.4041,-0.8882,0.2716
-1.2872,1.0321,-1.658,-0.7618,1.0263,0.0237,0.081,1.137,-0.9576,0.671,1.856,0.5317,0.6861,-0.7286,0.179
-1.2181,1.1769,-1.9458,-0.6705,0.8862,0.1164,-0.3303,0.8858,-0.7168,1.093,1.8128,0.2731,0.8124,-0.3272,0.4289
-1.2137,0.7831,-2.2134,-0.678,0.7274,-0.0827,-0.1206,0.785,-0.9621,1.0222,1.4463,0.2922,0.7753,0.0107,0.2744
-1.2235,0.3832,-2.7684,-0.672,0.5529,-0.1742,-0.2414,0.675,-0.6067,1.0517,1.0113,0.0413,0.7246,0.6362,0.3482
-1.2647,0.3948,-2.6271,-1.2334,0.2317,-0.1666,-0.2235,1.0416,0.4954,0.6357,0.2302,-0.166,0.5975,1.0517,-0.2609
-1.1669,0.1139,-2.2643,-0.6737,0.2504,-0.2206,-0.381,0.8867,0.6502,-0.4033,0.4478,-0.5809,1.1809,1.0836,-0.7948
-1.1559,0.1965,-2.1966,-0.5456,0.1871,-0.057,-0.2764,0.4351,0.2704,0.2577,0.6538,-0.6208,1.0953,0.8872,-1.0821
-1.0892,0.2397,-2.7154,-0.4152,0.219,-0.2643,-0.3663,0.167,0.1158,0.1457,0.7734,-0.7895,0.9446,1.0896,-0.973
-1.2357,0.4059,-2.7798,-0.3889,0.439,-0.0682,-0.3166,-0.1453,-0.1568,0.5174,0.7253,-1.0367,0.312,1.0919,-0.7897
-1.142,0.2541,-2.9909,-0.5096,0.1349,-0.265,-0.2185,0.237,0.0957,0.2194,0.7767,-1.1965,0.6463,1.1329,-0.9157
-0.9085,0.2513,-3.027,-0.6885,-0.016,-0.4387,-0.1768,0.3736,0.412,-0.0319,0.7389,-1.0672,0.8221,0.5485,-0.9342
-0.9427,0.2857,-2.9256,-0.3466,0.1525,-0.6364,0.0076,0.4046,0.4756,0.0802,0.9279,-0.9934,0.7833,0.8439,-1.0086
-0.8494,0.6213,-2.8413,-0.7139,-0.07,-0.6329,-0.1063,0.6728,0.5022,-0.3574,0.6552,-1.2409,0.7382,0.366,-1.1646
-0.8708,0.6233,-2.7781,-0.5657,-0.007,-0.5119,-0.1669,0.5549,0.6445,-0.5671,0.6861,-1.2153,0.8563,0.1658,-1.2565
-0.9709,0.3465,-2.9566,-0.6066,0.161,-0.3211,-0.3941,0.9987,0.8564,-0.6867,0.7769,-1.0683,0.5097,-0.0052,-1.5693
-0.8504,0.2559,-2.4742,-0.0247,0.1472,-0.2663,-0.068,1.421,0.5954,-0.8788,1.4299,-0.9558,1.0223,-0.3045,-1.6549
-0.8898,0.0917,-1.793,-0.2585,0.3497,-0.1968,-0.389,0.9648,-0.0446,-1.0167,1.4584,-0.9047,0.7295,-0.8356,-0.965
-0.9039,0.4533,-2.1235,-0.3206,0.6502,-0.3092,-0.3645,1.1176,-0.0863,-0.4999,1.2956,-0.4652,0.1112,-0.726,-1.0509
-1.2047,0.4977,-2.2444,-0.181,0.9714,-0.1753,-0.3059,1.415,-0.1586,0.2853,1.3788,-0.7292,-0.0748,-0.4654,-0.9034
-1.1672,0.337,-2.1616,-0.1718,0.68,-0.048,-0.1672,1.8184,-0.4252,0.0177,1.5706,-0.2821,-0.223,-0.4142,-0.8167
-1.0163,0.2515,-1.7221,-0.2529,0.3724,-0.134,-0.0738,1.7081,-0.4117,-0.3726,0.044,-0.1621,-0.1547,-0.5769,-1.1688
-0.7475,0.3929,-1.4828,-0.0337,0.5239,-0.3047,0.1457,2.4589,-0.331,-0.0333,1.1473,-0.8938,-0.1448,-0.2408,-1.0158
-0.8624,0.6334,-1.286,-0.4009,0.6495,-0.315,0.0109,2.4645,-0.4332,-0.3221,1.4098,-0.7356,0.0347,-0.4413,-0.8414
-0.7091,0.8422,-1.1554,-0.4582,0.9583,-0.4453,-0.4659,1.7987,-0.7089,-0.1993,1.6741,-0.6616,0.1545,-1.2249,-0.7207
-0.8699,0.6606,-1.4833,-0.6586,0.8146,-0.2211,-0.4383,2.026,-0.5232,0.0595,2.1275,-0.4762,-0.0556,-0.8839,-0.4865
-1.0223,0.4964,-1.3707,-0.9341,0.7649,-0.1291,-0.2744,1.9438,-0.7634,-0.1782,1.847,0.1862,-0.0439,-0.8329,-0.4659
-1.0645,0.464,-1.4549,-0.8489,0.7866,-0.1878,-0.1118,2.3454,-0.6675,0.3724,1.6355,-0.0582,-0.2591,-0.5359,-0.3586
-0.7252,0.7995,-1.1998,-0.6196,0.7786,-0.361,-0.0494,2.1176,-1.2616,0.2658,1.757,-0.0473,0.0429,-0.5815,-0.1871
-0.681,1.1893,-1.1766,-0.8477,0.5759,-0.6465,0.0997,2.0622,-1.0582,0.4337,2.2181,-0.1487,0.0369,-0.6301,0.1007
-0.8864,1.2661,-1.6161,-1.2987,0.626,-0.3515,-0.1301,1.6278,-1.1564,0.0708,1.8395,0.0609,0.3638,-0.5563,0.1858
-0.9937,1.264,-1.7802,-1.1044,0.5499,-0.3416,0.1019,1.4104,-1.0037,-0.1731,1.6676,0.148,0.422,-0.4612,0.0014
-1.108,0.5723,-2.0008,-0.7215,0.5898,-0.0215,0.1046,1.0247,-0.7745,0.2678,1.601,0.0677,0.9528,-0.3033,-0.0059
-1.0853,0.6446,-2.2441,-0.4716,0.5434,-0.2112,-0.0273,1.091,0.0083,0.2567,1.6421,-0.0354,0.9161,-0.1551,0.0008
-0.9943,0.5115,-2.0487,-0.6023,0.3554,-0.2943,-0.123,0.8929,-0.4874,0.0189,1.5018,-0.1863,1.0615,-0.3191,0.0585
-1.1357,0.58,-2.2472,-0.4788,0.2241,-0.2932,-0.0436,0.8812,-0.4124,0.1633,1.3692,-0.5988,0.5852,0.08,-0.0705
-1.1395,0.2106,-2.3083,-0.68,0.1766,-0.0921,-0.1943,0.7253,-0.6762,-0.1143,1.5439,-0.5303,0.8158,0.1612,-0.1934
-1.034,0.4594,-2.2843,-0.7068,-0.1285,-0.2161,-0.3551,0.4815,-0.9553,-0.2336,1.1892,-0.4668,1.0403,0.9851,-0.2492
-0.8858,-0.1147,-2.5489,-0.2606,-0.1706,-0.2145,-0.3114,0.2483,-0.6354,-0.4003,0.9785,-0.5464,0.8328,1.0389,-0.5533
-0.7608,0.2224,-2.7567,-0.4725,-0.0688,-0.3489,-0.5087,0.2354,-0.5902,-0.0252,0.8889,-0.6896,0.5302,1.0938,-0.6578
-0.9319,-0.0962,-2.7347,-0.3987,-0.1015,-0.2721,-0.4322,0.4958,-0.7373,-0.0846,0.9389,-0.8074,0.533,1.1134,-0.7395
-1.0011,0.6118,-2.9261,-0.7664,-0.1474,-0.1793,-0.1813,0.5408,-1.3599,-0.1677,0.7296,-0.86,0.7086,1.0635,-0.8205
-0.8551,0.2342,-2.7707,-0.6419,0.0048,-0.2467,-0.4717,0.5345,-0.5183,-0.8052,0.627,-1.2322,0.5822,1.296,-1.0323
-0.779,0.3053,-2.5149,-0.1908,0.2789,-0.2029,-0.5255,0.3337,-0.2126,-0.5034,1.0214,-1.2903,0.61,1.1302,-1.0202
-0.8512,0.3378,-2.497,-0.2702,0.0441,-0.1418,-0.5594,0.3489,-0.2721,-0.4212,1.1568,-1.1044,0.2524,0.909,-1.0071
-1.0774,0.4402,-2.6497,-0.3967,0.4033,0.0639,-0.5105,0.428,-0.6607,0.2152,1.0727,-1.118,0.1927,0.9835,-0.6422
-0.8321,0.2697,-2.6456,-0.4586,-0.078,0.0594,-0.6964,0.8181,-0.1599,-0.2258,0.8704,-0.9915,0.0339,0.9648,-0.9024
-0.4905,0.3546,-2.2368,-0.2933,0.2373,-0.1072,-0.624,0.95,-0.3585,-0.5694,1.0783,-0.9153,0.0686,0.6309,-1.0246
-0.6343,0.1777,-1.6896,-0.1831,0.4051,-0.1717,-0.6005,0.8745,-0.8138,0.0697,1.4178,-1.06,-0.1917,0.1531,-0.7238
-0.7962,0.2768,-1.9852,-0.4078,0.3898,-0.1802,-0.6543,1.3679,-0.5788,-0.0071,1.6308,-0.8839,-0.029,0.1253,-0.5447
-1.1799,0.6359,-1.9792,-0.7469,0.5326,0.0537,-0.5014,0.9859,-0.1737,-0.2394,1.7588,0.4012,0.0882,-0.1585,-0.486
-1.3421,0.7203,-2.0289,-0.6151,0.3421,0.0955,-0.4514,0.9379,-0.8891,-0.0255,1.3666,0.1512,0.2282,-0.2617,-0.5119
-1.0623,0.8234,-1.9878,-0.5212,0.3473,0.0293,-0.2781,1.2714,-0.5036,-0.1034,1.1831,-0.173,0.2936,0.2784,-0.6494
-1.042,0.5517,-1.6756,-0.5816,0.3134,0.0733,-0.4526,1.1796,-1.1602,-0.2652,1.3946,-0.4856,0.2904,0.4046,-0.7294
-1.0785,0.4935,-1.8147,-0.5416,0.6348,-0.2549,-0.1785,1.3349,-0.7492,-0.0707,1.3076,-0.5681,0.2682,0.3509,-0.7133
-1.1729,0.8745,-1.816,-0.2627,0.3917,-0.0957,0.037,1.1693,-0.5925,0.3049,2.3688,-0.6728,0.2239,0.2605,-0.1262
-1.1466,0.9781,-1.7094,-0.6131,0.0396,0.0692,-0.0574,0.786,-0.8193,-0.3373,1.8623,-0.6253,1.1168,-0.1762,-0.1109
-0.8733,1.0544,-2.2469,-0.6514,0.2547,-0.1503,-0.3652,1.0162,-0.7042,-0.3904,1.3653,-0.4607,1.0855,0.3481,-0.3459
-1.1206,0.694,-2.2969,-0.2995,0.397,0.0778,-0.3459,0.8208,-0.6906,-0.1845,1.2825,-0.4896,1.0128,0.1099,-0.5719
-1.168,0.561,-2.6496,-0.3896,0.3739,0.0605,-0.1451,0.9997,-0.2578,-0.0218,1.2273,-0.5465,0.3701,0.1186,-0.5126
-1.158,0.4094,-2.38,-0.5221,-0.5232,-0.1224,0.0263,1.2869,-0.3227,-0.3563,1.0598,-0.6821,0.4075,-0.0703,-0.6943
-1.1914,0.4014,-2.2329,-0.4313,-0.3711,-0.0993,-0.331,1.1741,-0.1856,-0.7113,1.0617,-0.7345,0.4188,-0.0522,-1.0451
-1.1189,0.7861,-1.8529,-0.325,-0.0894,-0.0316,-0.3902,1.5935,-0.2294,-0.6751,1.2382,-0.9252,0.3104,0.2526,-1.2024
-1.1022,0.5783,-1.5609,-0.3558,0.101,-0.1114,-0.446,1.3459,-0.8781,-0.9684,1.8696,-0.8561,0.1491,0.0101,-0.8781
-1.1474,0.4218,-1.5966,-0.4647,0.2745,-0.1133,-0.5704,1.127,-1.1281,-0.7,1.704,-0.9371,0.1802,-0.292,-0.6917
-1.1331,0.9634,-1.6018,-0.6066,0.3813,-0.0842,-0.767,1.0445,-0.7595,-0.0943,1.4616,-0.4875,0.2225,-0.0845,-0.7389
-1.073,0.7793,-1.4967,-0.1781,0.399,-0.3058,-0.6811,1.1865,-0.9572,-0.2096,1.2714,-0.3795,0.2787,-0.2936,-0.8333
-1.1216,0.8642,-1.4105,-0.4383,0.5388,-0.2728,-0.4587,1.6561,-0.534,-0.22,1.2925,-0.4626,0.1302,-0.1879,-0.8387
-1.2084,0.6653,-0.8263,-0.3339,0.5718,-0.2234,-0.3075,1.5039,-0.4417,-0.0958,1.2585,-0.209,0.3906,-0.4431,-0.8628
-1.0121,0.7489,-0.8862,-0.1872,0.5865,-0.1818,-0.4374,1.6101,-1.0766,0.1369,1.8393,-0.2898,0.1571,-0.8765,-0.5904
-0.9537,0.5772,-0.8511,-0.2451,0.4053,-0.4188,-0.2863,1.8651,-0.9865,0.2553,2.0745,-0.182,-0.0171,-0.9684,-0.297
-1.0121,0.9275,-0.7537,-0.291,0.3652,-0.3499,-0.3567,1.9265,-1.1391,0.3367,1.9389,0.1985,-0.2469,-1.0895,0.0851
-1.0897,0.4553,-0.7124,-0.1473,0.165,-0.2003,-0.1545,2.3256,-1.1519,0.0561,2.0784,0.2258,0.0241,-0.7176,0.2533
-1.1565,0.7557,-0.3894,-0.4145,0.1493,-0.1113,0.2873,2.0746,-1.2493,0.5018,2.1188,0.1146,-0.0223,-0.2084,0.4887
-1.2214,0.9276,-0.5205,-0.4343,0.5508,0.0435,0.0094,1.3604,-1.7678,0.5311,2.118,0.0552,0.1372,-0.4468,0.7456
-1.1946,1.0172,-1.243,-0.296,0.3524,-0.2256,-0.2929,1.3568,-0.9064,0.4475,1.9416,0.0283,0.066,0.2591,0.565
-1.1615,1.0164,-1.3446,-0.7264,-0.0413,-0.1681,-0.2092,1.2646,-1.0779,0.3867,1.5353,0.0057,0.3966,0.1813,0.3678
-1.2003,0.9559,-1.4055,-0.7846,0.2742,0.0295,-0.1576,1.2534,-1.0811,0.1108,1.3562,0.0047,0.4403,0.2081,0.1448
-1.2018,0.8295,-1.8744,-1.3137,0.326,0.1366,-0.3669,0.901,-0.9988,0.1157,1.0555,-0.1423,0.3299,0.1846,-0.0669
-1.0351,0.0943,-1.8074,-1.1976,0.0513,0.2601,-0.5299,1.0738,-0.444,0.3441,0.7129,-0.2423,0.1609,0.8153,-0.2159
-1.0359,0.3833,-1.5865,-0.7817,0.0013,0.2222,-0.7054,0.9865,-0.3922,0.1889,0.598,-0.3038,0.02,1.101,-0.4403
-1.1465,0.8883,-1.5572,-0.8705,-0.1221,0.237,-0.9577,0.7103,-0.9401,0.1217,0.5313,-0.7842,0.2761,0.9681,-0.764
-1.0766,-0.2589,-1.8578,-0.0585,-0.027,0.0575,-0.5776,1.0698,-1.0286,-0.5053,0.9566,-0.4178,0.3942,0.9127,-1.1034
-1.1713,0.2788,-1.6483,-0.4719,-0.0811,-0.4403,-0.7174,1.4026,-0.5136,-0.0676,1.1059,-0.469,0.3799,0.9552,-0.979
-1.244,0.5729,-1.5368,-0.8867,0.1546,-0.1958,-1.1987,1.0128,-0.7154,-0.1612,0.9617,-0.5035,0.0147,0.6153,-1.0629
-1.2089,0.4883,-1.2799,-0.6808,0.1993,-0.1038,-1.2047,1.1384,-0.5996,-0.1865,1.1042,-0.692,-0.5265,0.4515,-1.265
-1.1309,0.4225,-1.2706,-0.5096,0.2141,-0.1792,-0.9771,1.5804,-0.9178,-0.234,1.1648,-1.192,-0.4057,0.3696,-1.2976
-1.0967,1.0669,-1.3459,-0.6899,0.1619,-0.0201,-0.9443,1.5075,-0.9675,-0.2235,1.1976,-0.9485,0.0629,-0.1554,-1.3479
-1.3269,0.6347,-1.2071,-0.9333,0.1523,0.0107,-0.893,1.5627,-0.89,-0.2287,1.5949,-0.6009,-0.3937,-0.0049,-1.1423
-1.1851,0.8622,-1.1414,-1.0881,0.4997,-0.0835,-0.7145,1.7211,-0.8,-0.2449,1.2644,-0.1826,-0.6112,-0.1208,-1.1223
-1.1764,0.959,-1.3405,-1.2042,0.3249,-0.0484,-0.6318,2.0113,-0.1522,-0.3952,1.155,-0.5556,-0.5623,-0.1709,-1.1854
-1.3286,0.682,-0.8263,-0.9604,0.4555,-0.0569,-0.5328,2.2978,-0.8411,-0.6017,1.4024,-0.5585,-0.409,-0.7046,-1.1992
-1.2282,0.8253,-0.5108,-1.1236,0.6312,-0.0551,-0.6154,2.4659,-0.8667,-0.3701,1.4813,-0.3959,-0.3268,-0.9835,-1.0476
-1.2302,0.9889,0.1264,-1.549,0.6341,0.1542,0.0146,2.4979,-1.0094,-0.1882,1.6395,-0.3383,-0.3135,-0.6679,-0.77
-1.3259,1.2311,-0.1146,-1.4545,0.813,0.1752,-0.3602,2.1664,-1.3881,0.2249,1.8504,-0.7387,-0.1139,-0.7784,-0.3362
-1.3479,0.8888,-0.0667,-1.0147,0.7684,0.1236,-0.106,2.0062,-1.722,0.3608,2.0186,-0.3095,0.1543,-0.8862,0.1749
-1.1375,0.8867,-0.556,-1.0768,0.8969,0.2535,-0.0087,1.7544,-1.9865,0.6738,2.0573,-0.0811,0.464,-0.7485,0.3596
-1.1316,1.0166,-1.0037,-1.3271,0.7443,0.1479,-0.3134,1.776,-2.4937,1.1806,1.8301,0.0862,0.6059,-0.5955,0.6806
-1.2261,0.8535,-1.5548,-1.0136,0.7111,0.0932,-0.5536,1.5486,-1.5236,1.1413,1.5632,-0.0685,0.6062,0.0549,0.6642
-1.2891,0.6327,-1.7523,-0.5822,0.6273,0.1044,-0.318,1.2526,-1.2598,1.0666,1.2615,-0.4375,0.2694,0.1275,0.429
-1.0218,0.8352,-1.8611,-0.7302,0.2113,-0.0167,-0.6508,1.3696,-1.6355,1.0991,1.2502,-0.7293,0.0561,0.3704,0.4194
-1.0925,0.15,-1.8298,-0.6368,-0.1283,0.0621,-0.6521,1.2816,-1.0084,1.148,1.2094,-0.8608,0.3266,0.8036,0.1835
-1.0569,0.4741,-1.6948,-0.6058,-0.2785,0.0519,-1.0824,1.5016,-1.0265,0.5767,1.4467,-1.0004,0.2748,1.0486,-0.0417
-1.0892,0.3283,-1.5381,-0.6834,0.037,0.1039,-0.905,0.9838,-1.4107,0.3165,1.3898,-1.0726,0.2664,0.6933,-0.4208
-1.0388,0.3061,-1.6125,-0.8472,-0.1722,0.0443,-0.9723,1.1384,-0.9504,-0.0237,1.7918,-1.0399,-0.273,1.0368,-0.5601
-1.1872,0.8378,-1.7915,-0.9429,0.1505,0.2606,-0.9491,1.6417,-1.0757,0.5782,1.5556,-0.8079,-0.2152,0.9714,-0.0579
-1.0535,1.2538,-1.7051,-1.1682,0.1453,-0.0693,-1.1328,1.2686,-1.2851,0.1864,1.4356,-1.0584,0.0384,0.9303,-0.1791
-0.9994,1.0956,-1.7816,-0.9831,-0.2678,-0.0452,-0.9402,1.0659,-0.9144,-0.1443,1.1188,-1.001,0.0358,0.9218,-0.8063
-1.1749,0.8247,-2.0604,-1.0637,-0.0417,-0.0576,-0.9785,1.0725,-1.1126,-0.5866,1.2772,-1.2075,0.1784,0.8443,-1.0968
-1.0916,0.8485,-1.9955,-0.7856,0.241,-0.0687,-0.8766,0.882,-0.7844,-0.2314,1.0925,-0.4062,0.1007,0.5886,-1.2095
-0.966,1.5846,-1.8891,-1.0169,0.4076,0.0836,-0.9613,1.084,-0.7911,0.0448,1.0868,-0.8153,-0.1101,0.3167,-1.2077
-1.0998,0.7929,-1.9307,-1.5192,0.2073,0.1942,-0.6914,1.2548,-0.8129,-0.0998,0.7823,-0.834,-0.0515,0.1845,-1.2999
-1.2948,0.948,-1.8074,-1.123,0.5001,0.3549,-0.5909,1.8986,-0.3797,0.3157,0.972,-1.0116,-0.0062,0.4543,-1.1617
-1.3225,1.2917,-1.4129,-1.0749,0.4419,0.4615,-0.4428,1.6849,-0.7173,0.2956,0.7787,-0.9597,0.0854,-0.0813,-1.2407
-1.2937,0.848,-1.1454,-1.0405,0.0881,0.5447,-0.6676,2.1159,-0.449,-0.3748,0.6797,-0.8012,-0.0661,-0.2697,-1.5473
-1.385,0.4935,-1.251,-0.9468,0.3519,0.5756,-0.8162,2.3824,-0.5952,-0.5519,0.9495,-0.7856,-0.3223,-0.3386,-1.551
-1.275,0.7659,-0.4698,-0.8832,0.4279,0.6991,-0.9457,2.1545,-1.1969,-0.4559,1.4109,-1.173,-0.3142,-0.6101,-1.465
-1.2466,1.0423,-0.8382,-0.8666,0.6606,0.4775,-0.97,1.8223,-1.6903,0.0046,1.6854,-1.0301,-0.2546,-0.682,-1.1997
-1.3705,1.3061,-1.0387,-0.8895,0.5793,0.4143,-0.7914,1.7334,-1.5921,0.3523,1.5983,-0.8352,-0.3503,-0.2219,-0.9609
-1.3268,1.8738,-1.3523,-1.0736,0.6025,0.1719,-0.3658,2.0712,-1.7507,0.2304,1.3323,-0.6817,-0.6991,-0.1275,-0.9262
-1.2121,1.2705,-1.1357,-0.9193,0.5642,0.1526,0.4705,2.101,-1.7012,-0.1028,1.4414,-0.8137,-0.4556,-0.2169,-0.8678
-1.4862,1.1162,-1.3388,-0.7787,0.4088,0.4236,0.5372,2.1934,-1.2585,0.0783,1.2408,-0.8044,0.2113,-0.2359,-0.4781
-1.4745,1.7898,-1.1312,-1.1866,0.4148,0.3645,0.0746,2.079,-0.9672,0.3753,1.244,-0.966,0.3924,-0.2228,-0.5485
-1.3275,1.396,-1.2173,-1.2483,0.6134,0.2687,-0.1094,2.3504,-0.7973,-0.2017,1.3377,-0.8405,0.1823,-0.3248,-0.6628
-1.468,1.6314,-1.1975,-1.86,0.5932,0.4532,-0.1941,2.1676,-0.7598,-0.2337,0.8966,-0.5852,-0.0301,-0.3496,-0.4637
-1.3068,1.5579,-1.1139,-1.6534,0.4595,0.3003,-0.2141,2.1399,-0.6094,-0.1177,0.7901,-1.0238,-0.0229,-0.3988,-0.7796
-1.4946,1.2684,-1.4496,-1.4247,0.4262,0.3329,-0.2353,2.3985,-0.6098,0.2319,0.8829,-1.1271,0.2017,0.1852,-0.5442
-1.4669,1.0324,-1.1524,-1.1141,0.3746,0.4208,-0.4171,1.9159,-0.9556,-0.1743,0.8637,-0.8836,0.1945,0.0357,-0.8103
-1.4992,1.0215,-1.2723,-1.0053,0.4187,0.3226,-0.4638,1.9616,-0.666,-0.0135,1.0243,-1.0009,0.176,-0.1282,-0.7534
-1.543,0.8716,-1.158,-0.9899,0.3523,0.5689,-0.2238,1.6978,-0.6528,0.0146,1.1521,-0.7976,0.0526,-0.1822,-0.9483
-1.5017,1.1008,-1.2458,-0.975,0.4701,0.4139,-0.2177,1.2059,-0.8198,0.2174,1.4442,-0.9324,0.3662,0.5488,-0.7695
-1.3491,0.9645,-1.6528,-0.9312,0.3408,0.2904,-0.4699,0.9436,-0.6965,0.0744,0.7426,-1.1375,0.3931,0.4193,-0.9714
-1.1725,1.1437,-1.4586,-0.8622,0.0526,0.2442,-0.412,0.6601,-0.8846,0.4423,1.1752,-0.9459,0.4264,0.5173,-0.8679
-1.3323,0.933,-1.8457,-0.8875,0.1248,0.3015,-0.0183,0.8599,-0.8376,0.4029,1.2308,-1.0487,0.1419,0.8613,-0.8838
-1.1408,0.788,-1.8938,-1.0322,-0.003,0.2818,-0.3334,0.6676,-0.5711,0.0165,1.1206,-1.0428,0.5686,0.7503,-0.6646
-0.983,1.3728,-1.9306,-0.8542,-0.0018,-0.0502,-0.2706,0.5674,-1.8585,0.4379,0.9388,-1.2705,0.5962,0.8585,-0.637
-1.2526,1.0992,-2.3354,-0.8205,-0.0106,0.1177,-0.2225,0.7841,-1.0111,0.3572,0.7661,-1.1362,0.722,1.4719,-0.6773
-1.1282,0.8497,-2.2817,-0.8115,-0.2222,0.0679,-0.5321,0.6035,-0.7502,-0.1377,1.0613,-1.0791,0.54,1.2025,-0.9512
-1.283,0.619,-2.3564,-1.2424,-0.2672,0.0095,-0.5049,0.411,-0.9361,-0.0684,0.7264,-0.8191,0.5353,0.8963,-1.2077
-1.2003,0.6515,-2.3613,-1.1878,-0.1877,0.0142,-0.2704,0.6835,-0.6143,0.1071,0.5761,-1.087,0.6181,1.441,-1.4605
-1.2837,0.506,-2.3543,-1.1842,-0.1535,0.1186,-0.2788,0.6911,-0.3511,0.0527,0.4527,-1.2889,0.7297,1.0433,-1.2852
-1.1774,0.8561,-2.3208,-1.2488,-0.2265,0.2795,-0.3745,0.7754,-0.4386,-0.325,0.3058,-0.8688,0.6879,0.7636,-1.5225
-1.2065,0.3326,-2.2948,-1.1872,0.2229,0.7729,-0.3455,0.8596,-0.7376,-0.2093,0.0903,-1.3823,0.4528,0.7442,-1.7263
-1.0925,0.2999,-1.9964,-1.1245,-0.314,0.5064,-0.4044,1.2346,-0.6304,0.0022,-0.1734,-1.6887,0.3971,0.7448,-1.5804
-1.2715,0.095,-2.0469,-0.8629,-0.2784,0.5787,-0.9949,1.5258,-0.2486,-0.6165,0.4365,-1.8714,0.2182,0.3157,-1.6174
-1.2556,-0.0563,-1.8136,-0.5435,-0.1939,0.578,-0.8299,1.8117,-1.4381,-0.2524,0.8433,-1.6035,-0.2121,-0.0535,-1.7882
-1.2095,0.3557,-1.35,-0.8244,0.1538,0.503,-0.6886,2.1019,-0.9769,-0.3694,0.9376,-1.275,0.0177,-0.1443,-1.9799
-1.1093,0.5697,-1.1958,-0.6567,0.2385,0.4243,-0.5621,2.1144,-0.8397,-0.4521,1.2098,-1.5605,-0.4178,-0.3754,-1.9726
-1.254,0.7006,-1.111,-0.8339,0.4604,0.2868,-0.5915,2.0797,-1.1878,-0.328,1.5024,-1.2914,0.0764,-0.7459,-1.7027
-1.1853,0.9027,-1.1364,-1.0873,0.321,0.2799,-0.3495,1.7852,-1.2476,0.0298,1.4758,-0.9557,0.0073,-0.7132,-1.5047
-1.1987,0.9977,-0.9316,-1.0223,0.2717,0.2452,0.1099,1.829,-1.2783,0.0959,1.497,-0.6682,-0.0412,-0.3846,-1.2756
-1.2238,0.9263,-1.0996,-1.0842,0.5319,0.2343,0.1802,2.1535,-0.9988,-0.0445,2.0436,-0.568,-0.0915,0.0485,-0.8404
-1.3352,1.2109,-1.5502,-1.0641,0.4512,0.3901,0.3144,0.9208,-1.7634,0.328,1.7305,-0.2969,0.6626,0.0016,-0.4699
-1.4061,1.2693,-1.9328,-1.1856,0.3139,0.4453,0.265,0.8418,-1.4232,0.5172,1.1093,-0.4493,0.8776,0.4363,-0.3482
-1.4779,0.8157,-2.0744,-0.9387,-0.1898,0.4685,0.1656,0.7444,-1.1041,0.133,1.043,-0.5027,1.2796,0.6616,-0.5346
-1.2891,0.7199,-2.3463,-0.7772,-0.3542,0.5017,-0.1717,0.3675,-0.5855,-0.1698,0.6437,-0.9233,1.2362,0.951,-0.9016
-1.4708,0.4428,-2.2897,-0.7914,-0.3613,0.5168,-0.1795,0.2807,-0.487,-0.1131,0.6845,-1.1552,0.8531,0.8684,-1.0467
-1.3425,0.7843,-2.4797,-1.1205,-0.334,0.6111,-0.1563,0.5495,-0.3006,-0.1279,0.3422,-1.2736,0.712,1.0231,-1.1983
-1.4088,0.8189,-2.2703,-1.5387,-0.2893,0.5062,-0.2067,0.4459,-0.1916,-0.4375,0.0947,-1.3195,0.6597,0.8807,-1.4738
-1.4248,0.8022,-2.2793,-1.3958,-0.0208,0.5897,-0.2506,0.9476,-0.2856,-0.4954,-0.0141,-1.4876,0.8234,0.8221,-1.7778
-1.2282,0.0977,-2.1748,-1.0946,-0.0739,0.5786,-0.2166,0.9795,-0.0127,-1.0011,0.0167,-1.8382,0.5726,0.128,-2.1409
-1.3584,-0.0684,-2.0007,-1.1047,-0.0043,0.3826,-0.2523,1.633,0.2138,-0.5699,-0.2164,-2.2181,0.3203,-0.3188,-2.116
-1.1401,-0.1199,-1.3972,-0.918,0.0208,0.3051,-0.2843,2.2962,0.265,-0.66,0.5433,-2.5666,-0.0242,-0.7121,-2.0862
-1.174,0.4534,-0.7167,-1.0472,0.1114,0.1342,-0.4092,2.7826,0.1626,-0.4826,0.845,-2.2224,-0.3071,-1.5158,-1.8203
-1.3786,0.4575,-0.2502,-1.0161,0.1049,0.3109,-0.3639,3.3689,-0.1812,-0.8708,1.3147,-1.8728,-0.646,-1.9793,-1.5714
-1.2164,0.8,0.1524,-1.192,0.4217,0.2174,-0.2354,3.6402,-0.484,-0.7661,1.6455,-1.3482,-0.6531,-2.1285,-1.3978
-1.4204,1.4635,0.3937,-1.5046,0.7519,0.2368,-1.0079,3.7502,-1.1088,-0.5334,1.7301,-0.8442,-0.5499,-2.4562,-1.2348
-1.389,0.6758,0.5326,-1.2403,0.9845,0.289,-0.7948,3.8869,-1.0699,-1.046,2.0281,-0.5439,-1.0625,-2.5373,-1.1985
-1.3448,1.3645,0.7647,-1.4827,0.9672,0.2098,-0.2349,4.0938,-1.6993,-0.2564,2.0934,-0.3048,-1.3304,-2.9203,-0.936
-1.5293,1.6314,0.7904,-1.4511,0.8811,0.4501,-0.3848,4.2435,-1.6905,-0.2346,2.3798,-0.0629,-1.2041,-2.8019,-0.4647
-1.4805,1.9919,0.8284,-1.5706,0.8956,0.4521,0.024,4.5719,-1.8486,-0.0566,2.6476,0.0664,-1.365,-2.8671,-0.2497
-1.3054,1.6899,0.9878,-1.4348,0.9846,0.3414,0.2255,4.6006,-2.0143,-0.1106,2.4402,0.4036,-1.2689,-3.237,-0.0768
-1.1271,1.568,1.1885,-1.6493,1.7974,0.3474,0.3966,4.7179,-2.3,0.3062,2.8633,0.5234,-1.1471,-3.0961,0.3484
-1.1153,1.5486,1.3906,-1.5181,1.3593,0.4602,0.3416,4.2972,-2.5647,1.1464,2.8112,0.5506,-0.8536,-2.9047,0.8691
-1.2805,1.3857,1.0985,-1.9738,1.4321,0.4547,0.0344,3.8447,-2.8855,1.2892,2.905,0.4345,-0.8518,-2.6318,1.2496
-1.286,1.7339,0.708,-1.9605,1.285,0.4753,-0.0066,3.5055,-2.7375,1.3723,2.5844,1.0027,-0.5628,-2.0483,1.1841
-1.6025,1.4693,0.2467,-1.8975,0.9671,0.5613,0.1822,3.2298,-2.8262,1.3336,2.3715,0.7799,-0.1792,-1.7508,1.0883
-1.5214,1.4779,-0.377,-1.7077,0.7195,0.4951,0.2062,2.9457,-2.5045,0.8357,2.6447,0.6172,-0.1162,-1.0254,1.1608
-1.3618,1.5682,-0.4367,-1.839,0.5824,0.5911,0.1878,2.4302,-1.8492,0.7357,2.1611,0.3692,0.3768,-0.098,0.9076
-1.4603,1.6418,-0.7806,-1.7945,0.4797,0.6017,0.0527,1.5317,-2.1127,0.5466,1.7648,0.4216,0.5965,0.1732,0.5411
-1.4056,1.0202,-1.4686,-1.918,0.6795,0.5242,-0.1374,1.0389,-2.3258,0.46,1.0428,-0.1558,0.7533,0.2719,0.0879
-1.3702,1.1204,-2.1287,-1.548,0.3335,0.7191,-0.0342,0.8617,-1.2925,0.5103,0.6887,-0.3718,0.5114,0.6633,-0.259
-1.328,0.4775,-2.258,-1.4166,0.1048,0.7031,0.0691,1.0312,-1.2293,0.1496,0.8139,-1.1436,0.3375,0.6447,-0.6059
-1.3654,0.5187,-2.1568,-1.3758,-0.1404,0.6957,-0.1216,0.8789,-1.1695,0.1533,0.8433,-1.5613,0.8039,0.4167,-0.8697
-1.4554,0.8558,-2.1393,-1.2737,-0.0552,0.6431,-0.389,1.0382,-1.0397,0.351,0.88,-1.6569,0.8675,0.5884,-0.9219
-1.4324,0.1622,-2.082,-1.4532,-0.1636,0.7178,-0.3964,1.1676,0.0062,-0.2095,0.8747,-1.3387,0.641,0.6143,-1.2815
-1.2451,0.4098,-1.6375,-1.3471,0.0395,0.4757,-0.4122,1.1291,-0.5387,-0.2697,1.0381,-1.1806,0.6536,0.3721,-1.4869
-1.2833,0.5212,-1.7433,-1.6113,0.0874,0.5561,-0.1623,0.9628,-0.8777,0.2113,0.8875,-1.1075,0.8016,0.5262,-1.3563
-1.228,0.6883,-1.7503,-1.481,0.0996,0.4956,-0.1549,0.8498,-0.9182,0.2483,0.8274,-1.5597,0.7604,0.5072,-1.1324
-1.1819,0.5742,-1.9414,-1.7394,0.112,0.5065,-0.3059,0.9127,-0.5163,0.1854,1.4706,-1.5384,0.9815,0.9535,-1.1704
-1.1117,0.5336,-1.6785,-1.353,0.0188,0.3582,-0.5839,0.378,-1.004,0.1047,1.1487,-0.8849,1.1051,0.8295,-1.0998
-1.2158,0.7926,-1.7238,-1.3566,-0.0802,0.4069,-0.5928,0.4264,-1.3502,1.0894,0.793,-0.719,1.1971,0.8607,-0.9494
-1.1161,0.7066,-2.0806,-1.4953,-0.0198,0.4446,-0.7896,0.4539,-1.0456,0.7622,0.0873,-1.22,1.3466,1.3575,-1.0763
-1.266,0.6742,-2.2945,-1.3083,-0.1722,0.4808,-0.449,0.4625,-0.9185,0.1695,0.4333,-1.5854,1.1713,1.1826,-1.4232
-1.1234,0.5938,-2.3461,-1.2932,-0.217,0.6372,-0.7,0.3689,-0.5879,-0.4873,0.5846,-1.3241,1.124,0.8799,-1.5576
-1.0604,0.3967,-2.328,-1.1895,-0.0806,0.6414,-0.8307,0.343,-0.5425,-0.6914,0.5981,-1.595,0.8062,0.7674,-1.8536
-1.0869,0.4733,-2.2546,-1.2967,-0.2611,0.5396,-0.6989,0.348,-0.6955,-0.264,0.1488,-1.6535,1.1957,0.5796,-2.108
-0.8551,0.5599,-2.2987,-1.4597,-0.2852,0.4063,-0.623,1.0939,-0.4065,-0.9891,-0.1162,-1.9465,1.0504,0.3601,-2.6448
-0.9885,0.4965,-1.9225,-1.4071,-0.1142,0.528,-0.5848,1.3595,-0.1698,-0.7173,0.3127,-2.1472,0.9097,0.2196,-2.7067
-1.0432,0.5658,-1.5613,-1.1677,-0.0831,0.3091,-0.751,1.7576,-0.267,-0.6823,0.7862,-1.8988,0.7882,0.2927,-2.419
-1.1963,0.7415,-1.3991,-1.3512,-0.0107,0.4635,-0.343,1.6026,-0.8828,-0.3889,1.4424,-1.6452,0.4121,-0.2167,-1.9624
-1.2219,0.8416,-1.4268,-1.378,0.0736,0.6038,-0.5332,1.5666,-0.7041,-0.4785,1.1922,-1.124,0.6634,-0.1426,-1.6789
-1.0089,0.6315,-1.3619,-1.3451,0.0187,0.5966,-0.2875,1.4571,-1.0674,-0.5537,1.422,-1.0293,0.924,-0.5887,-1.7432
-1.1467,0.8467,-1.6102,-1.3692,0.0941,0.5743,-0.5468,1.3837,-1.1486,-0.7133,1.4776,-0.9865,1.0022,-0.5976,-1.7096
-1.0967,0.8991,-1.594,-1.4084,0.1389,0.4808,-0.5236,1.629,-1.0531,-0.3476,1.1347,-0.3616,1.0933,-0.5983,-1.4719
-0.9858,0.6917,-1.5038,-1.2852,0.2051,0.4961,-0.7623,1.5293,-1.2165,-0.3487,1.0649,-0.406,0.9054,-0.4342,-1.4459
-1.0048,1.1001,-1.4917,-2.008,-0.1433,0.4536,-0.811,1.5388,-1.2346,0.1366,0.696,-0.5799,0.6167,-0.4297,-1.4016
-0.9427,0.5648,-1.6759,-1.7962,-0.0108,0.4384,-0.6973,1.7597,-1.0268,-0.4071,0.5517,-0.9107,0.6285,0.1071,-1.6643
-0.8825,0.4438,-1.3645,-1.8399,0.2023,0.3817,-0.6847,1.9596,-0.845,-0.1363,0.4644,-1.0984,0.0462,-0.1438,-1.7173
-0.8673,0.5671,-1.0514,-1.6503,0.1889,0.3929,-0.6572,2.6327,-0.7478,-0.2556,0.6517,-1.342,0.3508,-0.1167,-1.7234
-0.9635,0.6228,-1.0005,-1.632,0.1685,0.5934,-0.7677,2.3681,-1.0083,0.1997,1.0587,-1.2688,0.4263,-0.2871,-1.4121
-0.9155,0.5034,-0.9745,-1.1786,0.3257,0.6298,-0.9224,2.1611,-1.2568,-0.2038,1.3957,-0.3963,0.0897,-0.5221,-1.2351
-0.7555,0.8306,-0.7844,-1.1696,0.4657,0.5752,-0.7513,2.0997,-1.5039,0.4266,1.8304,-0.4446,0.3086,-0.6965,-0.7255
-0.8518,1.3924,-0.8426,-1.545,0.1953,0.5962,-0.568,2.1782,-1.7307,0.3803,1.7332,-0.4274,0.0813,-0.8267,-0.5459
-0.9131,1.3356,-1.1934,-1.6609,0.2869,0.9249,-0.5815,2.2067,-1.4711,0.0626,1.519,-0.3427,0.1093,-0.5458,-0.5327
-0.9894,1.0192,-1.1993,-1.7395,0.2372,0.932,-0.8668,1.9097,-1.5664,-0.0933,0.8263,-0.1535,0.3554,-0.7557,-0.9137
-1.1117,0.5368,-1.4487,-1.7251,0.0412,0.8632,-0.4985,2.3533,-1.2233,-0.4541,0.7684,-0.6192,0.2079,-0.6269,-1.3429
-0.9571,0.0743,-1.5129,-1.2856,0.1241,0.9241,-0.371,2.1451,-1.068,-0.4856,1.0265,-0.8332,0.1718,-0.68,-1.389
-0.9862,0.3257,-1.2019,-1.5102,0.2098,0.9113,-0.5532,2.1547,-0.6237,0.099,1.2939,-1.0732,0.0077,-0.7173,-1.2152
-0.8472,0.6344,-0.9073,-1.5481,0.1822,0.964,-0.5206,2.1699,-1.4937,0.3819,1.3959,-1.1338,0.2291,-0.9737,-0.9514
-0.7402,0.9672,-0.9765,-1.2645,0.0632,0.7909,-0.5828,1.9025,-1.2993,0.2132,1.5879,-0.8852,0.3818,-0.5655,-0.9982
-0.8946,0.9377,-1.3237,-1.4048,0.2636,0.7995,-0.4976,1.9583,-1.5489,0.4208,1.9341,-0.8437,0.3059,-0.4168,-0.8867
-0.749,1.0852,-1.4639,-1.4092,0.02,0.8531,-0.7184,0.9627,-1.8022,0.2686,1.8643,-0.5306,0.6895,-0.3328,-0.9675
-0.8102,1.2221,-2.2023,-1.3571,-0.0203,0.6722,-0.5429,1.1291,-1.6866,0.3464,1.6248,-0.6592,0.3295,0.07,-0.8672
-0.8946,0.7465,-2.1536,-1.659,-0.4287,0.6982,-0.5508,1.3933,-1.1452,0.1717,1.0353,-0.2993,0.3056,0.2439,-1.0391
-1.1272,0.1997,-2.1864,-1.8528,-0.4185,0.6364,-0.5601,1.3838,-1.783,0.0672,1.0836,-1.0158,0.5689,0.2797,-1.2716
-0.9693,0.1904,-2.5026,-2.0163,-0.4644,0.7058,-0.2758,1.4496,-1.2542,0.1301,0.5621,-0.8283,0.8111,0.3432,-1.4396
-0.897,0.6004,-2.2421,-1.8025,-0.4027,0.4058,-0.2966,1.6098,-0.5707,0.2861,0.6934,-1.232,0.7522,0.3559,-1.4972
-0.9969,0.5191,-2.222,-2.2922,-0.4581,0.4837,-0.4708,1.6228,-0.7098,-0.0476,-0.2817,-1.3275,0.6568,-0.3256,-1.9164
-1.0184,-0.6143,-1.9391,-1.5598,-0.5183,0.6437,-0.6275,2.322,-0.3955,-0.5274,0.3116,-1.8008,0.5544,-0.4347,-2.2265
-0.9607,-0.0425,-1.4615,-1.6569,-0.6089,0.6048,-0.3515,2.3481,-0.691,-0.1015,0.5584,-1.7971,0.5205,-1.0553,-2.2485
-0.9134,0.3316,-1.1924,-1.641,-0.309,0.5895,-0.551,2.703,-0.712,-0.2781,1.2881,-1.7152,0.3656,-0.9359,-1.9163
-0.9567,0.4969,-0.8725,-1.8307,-0.1209,0.4861,-0.4091,2.7143,-0.8309,-0.1288,1.6131,-1.5739,0.4597,-1.2264,-1.6679
-0.9411,0.7805,-0.6227,-1.9522,-0.1694,0.5002,-0.3142,2.6987,-1.6153,0.2291,1.4313,-0.9648,0.3982,-1.3956,-1.3341
-0.8833,1.009,-0.7761,-1.8482,-0.0274,0.516,-0.5418,2.8179,-1.6089,0.1855,1.6689,-0.7403,0.5518,-1.2292,-1.1285
-0.8737,0.7137,-1.0892,-1.9402,-0.0627,0.5294,-0.9141,2.4646,-1.601,0.202,1.741,-0.8237,0.5664,-1.1345,-1.0425
-0.8685,1.0421,-1.2359,-2.0375,-0.0829,0.4966,-1.1012,2.1962,-1.7523,-0.7273,1.5335,-0.8222,0.283,-1.0768,-1.4429
-0.9429,0.663,-1.5308,-2.0923,-0.2869,0.6773,-0.8834,2.4921,-1.0818,-0.6502,1.4988,-0.9101,0.3216,-1.1217,-1.6726
-0.8047,0.4735,-1.3499,-1.9857,-0.298,0.4719,-0.9838,2.4703,-1.1868,-0.5106,1.4249,-0.7306,0.2673,-1.5232,-1.5511
-0.9332,0.6575,-1.2887,-1.9764,0.1967,0.5912,-1.0622,3.1273,-0.948,-0.3167,1.7381,-0.7114,0.1101,-1.2593,-1.8861
-0.8759,0.9294,-0.8407,-1.9787,0.2201,0.4698,-1.1667,2.8666,-1.4978,-0.2615,1.7714,-0.2577,-0.1229,-1.8555,-1.78
-1.0137,1.1364,-0.6929,-2.0687,0.4941,0.6005,-0.8968,3.281,-1.4072,0.1111,2.0693,-0.0476,-0.389,-1.8419,-1.4475
-0.9916,1.0267,-0.6606,-2.0374,0.5794,0.6359,-0.8236,3.3574,-1.4445,-0.2843,2.154,-0.1447,-0.3154,-2.2132,-1.3451
-0.9173,1.2484,-0.3516,-2.4169,0.6704,0.5672,-0.8952,3.348,-1.7707,-0.1709,1.9622,-0.9004,-0.2286,-2.1753,-1.2342
-0.9453,1.054,-0.304,-2.2078,0.3437,0.9131,-0.6531,3.2341,-1.684,-0.079,1.9683,-0.5123,0.0592,-2.152,-1.0877
-1.0233,1.5279,-0.3359,-2.4712,0.2314,0.6572,-0.5387,3.3433,-1.3847,0.0136,1.8035,-0.1955,0.4221,-2.1182,-1.1135
-1.0469,0.9709,-0.3148,-2.2997,0.5681,0.7681,-0.7236,3.2519,-1.7073,0.0636,1.745,-0.196,0.2492,-2.154,-0.9569
-1.0488,0.5873,-0.2261,-2.0693,0.4644,0.5914,-0.4387,3.2387,-1.9249,0.3624,2.0108,-0.1263,0.3967,-1.8854,-0.8353
-0.8684,1.3418,-0.2701,-1.9982,0.4875,0.7664,-1.5393,2.9017,-1.87,0.8111,2.0459,-0.2921,0.2012,-1.6839,-0.3438
-0.9178,1.5096,-0.4961,-2.2805,0.3721,0.5059,-1.0295,2.8831,-1.947,0.5977,1.782,-0.2906,-0.0737,-1.3868,-0.449
-0.9486,1.3105,-0.5705,-2.4001,0.8909,0.4662,-1.0877,3.0131,-1.9062,0.6483,1.914,-0.4712,-0.1014,-1.3017,-0.5448
-0.9475,1.5184,-0.7986,-2.1448,0.6403,0.3363,-0.7588,2.6845,-1.8099,0.922,1.5136,0.7148,-0.1698,-1.6839,-0.4449
-1.0001,1.0418,-0.8892,-2.0728,0.2715,0.4102,-0.3724,3.7399,-1.3472,0.7779,1.6631,0.0224,-0.3709,-1.5474,-0.3367
-1.159,1.2124,-0.6662,-2.0334,0.1543,0.609,-0.0822,3.515,-1.1561,0.5431,1.717,-0.2279,0.1249,-1.6371,-0.209
-1.1714,1.5167,-0.6199,-2.372,0.1395,0.4617,0.0122,3.4538,-1.2158,0.1421,1.3388,-0.2709,0.2378,-2.0459,-0.4004
-0.9955,0.6236,-0.2953,-2.1649,0.4051,0.6045,0.0541,3.3504,-1.3511,-0.4167,1.7983,-0.2005,0.3126,-1.9339,-0.5927
-0.9178,1.2112,-0.4541,-2.1358,0.7058,0.4707,-0.0464,3.0256,-2.2168,0.5104,2.0602,-0.3021,0.0978,-1.7888,-0.0178
-1.0697,1.2014,-0.9086,-2.0508,0.6966,0.6406,-0.0049,3.0768,-1.8882,0.9903,1.8639,-0.0835,-0.1079,-0.9966,0.3636
-1.124,1.2202,-1.1111,-2.196,0.4824,0.5964,0.0861,2.933,-1.4967,0.7082,1.6527,-0.2114,0.2148,-0.7855,0.4192
-1.1121,1.1659,-1.2263,-2.3542,0.2711,0.662,0.049,2.5936,-1.0092,0.6494,1.6073,-0.173,0.5794,-0.7763,0.3639
-0.8314,0.8627,-1.1089,-2.1127,0.0274,0.496,-0.0011,2.5862,-1.1832,0.5172,1.3029,-0.5211,0.5137,-0.8133,0.2832
-0.8643,1.351,-1.097,-2.5315,-0.0834,0.5695,-0.2158,2.4992,-1.0529,0.1365,1.0352,-0.5388,0.503,-1.0579,-0.0526
-0.7464,1.3085,-1.5155,-2.442,-0.0382,0.4545,-0.2154,2.563,-1.5007,-0.214,1.2082,-0.7376,0.8332,-0.9858,-0.5714
-0.8114,0.6988,-1.3044,-2.0669,0.0702,0.5196,-0.1712,2.6077,-1.0528,-0.2845,1.3657,-0.8833,0.5357,-0.999,-0.8646
-0.8875,0.8925,-1.1724,-2.0298,0.1578,0.4109,-0.2465,2.5119,-1.4079,0.001,1.4695,-0.7012,0.2584,-1.1982,-0.8544
-0.757,0.9407,-1.3372,-1.8827,0.3672,0.2575,-0.32,2.4155,-1.2224,0.1444,1.4367,-0.9553,-0.046,-1.0981,-0.692
-0.7061,1.5457,-1.2776,-2.2026,0.2126,0.3493,-0.2263,2.4602,-1.2761,0.0667,1.6093,-0.8148,0.4002,-1.2446,-0.5362
-0.5977,0.7692,-1.0503,-2.2079,0.315,0.4026,-0.2261,2.7004,-1.4581,-0.213,1.6157,-0.5616,0.0779,-1.4647,-0.6068
-0.6794,0.8268,-0.9434,-2.1643,0.1853,0.3633,-0.0285,3.1825,-1.4733,-0.9795,1.6654,-0.5262,0.0721,-1.8583,-0.9533
-0.7326,0.9745,-0.7735,-2.2397,0.2086,0.5857,-0.1648,3.2821,-1.8732,-0.127,1.836,-0.3951,0.1032,-1.8821,-0.8523
-0.4753,0.9647,-0.6158,-2.2497,0.4366,0.3705,-0.2661,3.1062,-2.0465,0.7789,1.6962,-0.43,0.174,-1.6016,-0.4747
-0.757,0.8776,-0.726,-2.0538,0.3492,0.5467,-0.472,3.0988,-2.0842,0.8889,1.9972,-0.5987,-0.0753,-1.424,-0.1257
-0.8268,0.8627,-0.79,-2.4392,0.2806,0.4826,-0.3683,3.0492,-1.9665,0.4738,1.9053,-0.0809,0.1694,-1.2684,0.0737
-0.8126,0.6354,-0.6921,-1.9534,0.1294,0.5871,-0.4368,2.9713,-2.4815,0.5549,2.1141,-0.2709,0.1342,-1.1734,0.06
-0.9353,0.9271,-0.8613,-2.3588,0.1405,0.4633,-0.2736,2.8852,-2.1074,0.62,2.0714,-0.2495,0.139,-0.7746,-0.045
-0.9642,0.8846,-0.8065,-2.1838,0.3278,0.524,-0.0581,2.58,-2.0857,0.5961,1.6397,-0.0675,0.4832,-0.5774,0.0664
-0.9247,0.8692,-0.772,-2.2584,0.4298,0.4041,0.0448,2.0518,-2.4079,0.5811,1.5875,-0.2647,0.7556,-0.5748,0.1451
-1.138,0.8634,-1.203,-2.1194,0.2589,0.6299,-0.256,1.8596,-2.552,1.1504,1.2294,-0.6291,0.7389,-0.3064,-0.066
-0.9499,0.5918,-1.5602,-2.0826,0.1458,0.6357,-0.6866,1.7799,-1.8088,0.8355,1.4588,-0.8072,0.6818,-0.0382,-0.2677
-0.8003,0.5948,-1.6665,-2.4635,-0.1318,0.5488,-0.4874,1.7083,-1.7221,1.0452,1.0519,-0.9239,0.6937,0.0384,-0.5292
-1.0413,0.353,-1.9477,-1.7783,-0.2288,0.7409,-0.7514,1.5263,-1.904,0.9369,0.8485,-1.1307,1.0312,0.205,-0.7737
-1.1603,0.2181,-2.0647,-1.3573,-0.1958,0.7878,-0.5981,1.5556,-1.4282,0.9459,1.2067,-1.0423,0.4681,0.6293,-0.6685
-1.0673,0.7833,-2.3174,-1.6831,-0.3509,0.8444,-0.4033,1.1315,-1.8563,0.676,1.3416,-1.2001,0.8429,0.4514,-0.6475
-0.8744,0.9021,-2.5856,-1.8945,-0.4466,0.7714,-0.2181,1.1512,-1.1433,0.2989,0.9912,-1.283,1.3363,0.7108,-0.6468
-1.0892,0.811,-3.0005,-1.8908,-0.2462,0.6905,-0.178,1.062,-1.1165,0.4239,0.9714,-1.6658,1.1176,0.6474,-0.7044
-1.2931,0.9377,-2.7511,-2.1635,-0.3912,0.8709,-0.0386,1.0773,-0.8772,0.4803,0.6705,-1.6474,1.216,1.217,-0.8526
-1.0948,0.5616,-2.5981,-1.6838,-0.5296,0.6948,-0.7731,0.5725,-1.1213,-0.0134,0.6894,-1.3308,1.0889,0.8444,-1.2515
-1.2556,0.6775,-2.8819,-1.7277,-0.3457,0.7524,-0.7952,0.6139,-1.2985,0.1487,0.6416,-1.5227,0.8144,0.2791,-1.603
-1.107,0.2216,-2.7665,-1.5272,-0.4479,0.6088,-0.4962,1.1395,-0.4125,-0.011,0.8343,-1.7354,0.4666,0.1819,-1.7076
-1.0755,0.2183,-2.4163,-1.5196,-0.4637,0.5895,-0.9687,1.524,-0.3167,-0.2365,0.803,-1.5917,0.6364,0.2717,-1.7086
-1.0453,0.616,-2.1423,-1.8116,-0.3415,0.2224,-1.0535,1.6406,-0.6594,-0.1067,0.9028,-1.7905,0.3651,0.004,-2.0904
-0.9356,0.664,-1.7651,-1.7928,-0.0922,0.3266,-0.9031,1.9457,-0.4378,-0.3668,0.9614,-1.704,0.2276,0.0079,-2.1923
-0.7536,0.9272,-1.3927,-1.8575,-0.0651,0.3394,-0.4774,1.9492,-0.8208,-0.3635,0.8536,-2.0406,0.2973,-0.5596,-2.2075
-0.8142,0.5017,-1.3873,-2.0082,-0.0345,0.3977,-0.5633,2.4638,-0.7968,-0.3909,0.6131,-1.9585,0.1683,-0.7378,-2.1217
-0.9128,0.4148,-1.0052,-1.7571,-0.3169,0.7353,-0.5454,2.8623,-0.8204,-0.0727,1.1146,-1.9565,0.3414,-1.1065,-1.9873
-0.9377,0.7482,-0.7029,-1.965,0.2575,0.7643,-0.5461,2.7027,-1.3623,-0.3171,1.3669,-1.8449,-0.0797,-1.2252,-1.7538
-0.9223,0.7888,-0.658,-1.9219,0.4539,0.6466,-0.208,2.7387,-1.6216,-0.1685,1.7729,-1.4522,-0.2039,-1.4677,-1.4356
-0.9163,1.1859,-0.6674,-2.1677,0.614,0.9682,-0.0415,2.8294,-1.8157,0.0834,1.5353,-1.2178,-0.0837,-1.863,-1.1242
-0.9016,1.4036,-0.6116,-2.2885,0.5356,0.6473,0.1034,2.8984,-1.7814,0.1247,1.4919,-0.9198,0.19,-1.335,-0.7977
-0.9187,0.331,-0.8237,-1.9802,0.5055,0.8998,0.1853,2.7312,-2.0343,0.2392,1.6083,-0.9257,0.1293,-1.1546,-0.7511
-1.0153,0.8107,-0.7809,-1.7666,0.6391,1.0343,-0.0833,2.4357,-1.9138,0.8467,1.7172,-0.8527,0.3125,-0.9817,-0.387
-0.9974,1.2107,-0.6876,-1.7707,0.5899,1.1002,-0.0412,2.2448,-2.0859,1.2804,1.967,-0.8629,0.5243,-0.6415,-0.091
-1.1121,1.3082,-0.8854,-1.9799,0.3804,1.1233,-0.0718,1.5499,-2.4739,0.9853,2.2427,-0.4767,0.1724,-0.7706,0.2343
-1.0247,1.2387,-1.4294,-2.0195,0.5044,1.1312,0.0372,1.5996,-2.4008,1.1714,1.8325,-0.3743,0.4849,-0.2365,0.1544
-1.0533,1.3843,-1.8274,-2.1068,0.6537,1.1293,0.1982,1.3373,-2.1195,0.9787,1.6328,-0.4555,0.2161,0.4779,-0.2765
-0.984,1.6676,-2.0906,-2.0155,0.3292,0.9291,-0.1482,0.8017,-2.0951,1.1902,1.3221,0.2593,0.6819,-0.0485,-0.2319
-0.92,0.988,-2.6338,-2.0686,0.0778,0.8003,0.0341,0.906,-1.869,1.0971,1.0301,-0.2634,0.4085,0.2704,-0.3296
-0.8671,0.8511,-2.5956,-2.0724,-0.2045,0.5485,0.0173,1.1266,-0.9662,0.3237,0.753,-0.8184,1.0906,0.168,-0.4943
-0.9699,0.6963,-2.4177,-2.1252,-0.321,0.7372,0.2813,1.2175,-1.1345,0.1416,0.6978,-1.3666,0.6772,0.3887,-0.8692
-1.1091,0.4827,-2.2281,-1.8338,-0.2049,0.8773,-0.0293,1.7856,-1.1985,-0.0232,1.0799,-1.7272,0.3349,0.51,-1.1008
-1.0455,0.4409,-1.9998,-2.0157,-0.5299,0.877,0.1185,1.7124,-1.3185,-0.8973,1.1809,-2.0834,0.4223,0.2994,-1.4491
-1.2044,0.647,-1.9225,-1.9782,-0.0623,0.9316,0.0641,1.5367,-1.2296,-0.748,1.6719,-1.8118,0.6064,0.1309,-1.3695
-1.0494,2.6931,-1.7435,-2.6268,0.0991,0.6511,0.0083,1.2921,-1.5442,0.0308,1.2431,-1.5306,0.6598,-0.1322,-1.3018
-1.226,1.6036,-1.8635,-2.3962,0.2963,0.7415,-0.197,1.457,-1.6168,-0.8211,0.9112,-1.5027,0.5577,0.058,-1.4994
-1.0515,1.1559,-1.9293,-2.3509,0.4689,0.8105,-0.4062,1.5916,-1.5814,-0.2173,1.3548,-1.8433,1.2851,-0.1976,-1.3678
-1.0977,0.7073,-1.9968,-2.1071,0.3864,0.7936,-0.0525,1.3306,-1.2721,0.1504,1.348,-1.6104,0.5891,-0.3028,-1.3299
-1.1172,0.98,-1.6612,-1.9392,0.2736,0.7916,0.0409,2.0116,-1.0864,0.7106,1.5132,-1.3616,0.5028,-0.4813,-0.8675
-1.385,0.762,-1.4596,-2.0775,-0.0163,0.7706,0.209,2.1135,-1.975,0.4869,1.6077,-1.4484,0.2785,-0.5988,-0.8134
-1.2733,0.9584,-1.5809,-2.1026,0.2376,0.7831,0.0652,2.2776,-1.7897,0.3378,1.3237,-1.1646,0.4913,-0.4597,-0.7838
-1.3587,0.8618,-1.4187,-1.9387,0.0427,0.7655,0.1016,2.2325,-1.5369,0.1418,1.1937,-1.5642,0.2021,-0.5582,-0.7019
-1.3897,1.2559,-1.3597,-1.9506,0.1176,1.0082,0.0842,2.2591,-1.7038,0.2218,1.4115,-1.6045,-0.1651,-0.6418,-0.6681
-1.3202,0.6551,-1.2426,-1.8826,0.4212,1.0406,0.0795,2.3718,-1.3134,-0.0516,1.7727,-1.341,0.1618,-0.3988,-0.8247
-1.2514,0.7601,-1.1249,-1.5911,0.4304,1.1571,0.2153,1.8773,-1.9767,0.4991,1.9815,-1.4377,0.2866,-0.0037,-0.5045
-1.1912,0.5884,-1.4745,-1.9196,0.3936,1.2102,0.3332,1.4495,-2.6098,0.7724,1.9571,-1.4834,0.7503,-0.3235,-0.3596
-1.2465,1.2922,-1.4477,-2.0188,0.2627,1.1745,0.2181,1.2293,-2.7197,1.4577,1.8748,-1.5687,0.899,0.0559,0.0415
-1.5364,1.0625,-2.0928,-2.1003,0.1487,1.2346,0.0145,0.97,-2.3087,1.1204,1.4405,-1.2418,0.9632,0.3175,0.2099
-1.6715,1.251,-2.5878,-2.2295,-0.0213,1.2522,0.1572,0.5322,-1.8737,0.7962,1.2084,-1.2577,1.0459,0.5162,-0.0635
-1.5784,0.2576,-2.9552,-2.3568,0.4478,1.2803,0.1801,0.6005,-1.5054,0.3657,0.4594,-1.1368,1.0873,0.9165,-0.4434
-1.5581,0.4258,-3.016,-2.1639,-0.0079,1.2175,0.2792,0.8002,-0.9365,0.8943,0.4864,-1.8445,1.3131,0.8163,-0.5869
-1.395,0.2456,-2.9703,-1.8911,-0.3054,1.067,0.0046,0.9454,-0.7888,0.8266,0.6757,-1.9544,1.4287,0.8076,-0.5436
-1.5368,0.3707,-2.6644,-1.8489,-0.4248,1.0169,-0.2859,0.9223,-0.8094,0.4794,0.8678,-2.4211,1.2448,0.7086,-0.6701
-1.3768,0.2642,-2.5365,-1.6555,-0.9287,1.0077,0.5063,0.9698,-1.1082,-0.0696,1.1857,-2.3,0.6713,0.4905,-0.7656
-1.369,0.5414,-2.8035,-1.635,-0.5665,0.876,0.0303,1.2619,-0.9008,-0.1046,0.9726,-2.0766,0.901,0.6237,-0.738
-1.357,0.4136,-2.4294,-1.9604,-0.7481,0.7822,-0.0128,1.1595,-0.4045,-0.4664,0.9742,-2.4157,0.9146,0.4821,-1.0459
-1.3203,0.6243,-2.1214,-1.9253,-0.5919,0.7372,-0.9983,1.2767,-0.7391,-0.8377,1.0536,-2.3986,1.145,0.2507,-1.2306
-1.5425,0.5675,-2.2306,-1.5392,-0.2789,0.6474,-0.9813,1.193,-1.1934,-0.7263,1.1168,-2.6941,0.6491,0.1595,-1.7187
-1.4066,0.4999,-2.1521,-1.5717,0.0705,0.6776,-0.6312,1.3445,-1.0578,-0.3285,1.1357,-2.6369,0.1219,0.0192,-1.9451
-1.4327,0.5858,-1.9949,-1.9145,-0.1874,0.6418,-0.2754,1.5307,-1.3252,-0.1747,1.2396,-2.4756,0.1695,0.0343,-1.789
-1.925,0.2825,-1.9101,-1.6825,-0.2528,0.859,-0.1709,1.6771,-1.1262,-0.3453,1.2124,-2.4577,0.5118,-0.3554,-1.684
-1.6426,0.1738,-1.8188,-1.533,-0.0539,0.8553,-0.1267,1.7817,-1.0769,-0.5993,1.4463,-2.4505,0.6517,-0.3495,-1.6446
-1.7353,0.7577,-1.6346,-1.5742,-0.0861,0.9077,-0.2264,2.0764,-1.3815,-0.0943,1.5564,-2.0836,0.5105,-0.8572,-1.4614
-1.6611,0.9259,-1.304,-1.802,-0.0576,0.8928,-0.335,2.3105,-1.2087,-0.0846,1.6894,-1.7534,0.179,-1.225,-1.4453
-1.3894,1.2789,-1.2297,-1.6804,0.0578,0.5787,-0.2718,2.7399,-0.9528,0.1781,1.4169,-1.895,0.3924,-1.2331,-1.3637
-1.5835,1.1687,-0.7172,-1.7097,0.0742,0.3576,-0.2513,3.0922,-1.5699,0.0033,1.783,-2.2445,0.1311,-1.7798,-1.1983
-1.5478,1.313,-0.506,-1.801,0.2022,0.4285,-0.2015,3.4963,-1.6599,-0.1034,1.9348,-1.901,-0.1362,-1.7475,-1.2017
-1.554,1.2226,-0.0295,-1.8399,0.9309,0.4749,0.1349,3.6846,-1.823,0.115,1.9045,-1.5559,-0.4964,-1.8699,-0.9379
-1.6319,1.1926,-0.3066,-1.8766,0.6148,0.5824,0.5929,3.6624,-2.3479,0.8605,2.3228,-1.1729,-0.1724,-1.9357,-0.2052
-1.5064,1.3841,-0.1497,-1.9005,0.4687,0.5804,0.5072,3.4659,-2.3564,0.6718,2.1202,-1.1197,-0.0485,-2.0696,0.2398
-1.4214,1.0727,0.0314,-1.729,0.6872,0.5171,0.4264,3.377,-2.4413,0.8067,2.114,-1.015,-0.5042,-1.502,0.4083
-1.5997,1.2838,-0.0052,-1.7868,0.0816,0.8076,0.4951,3.0348,-2.3298,1.0503,2.3088,-1.0522,-0.1189,-1.4496,0.7597
-1.5807,1.4847,-0.4124,-1.7307,0.2302,1.0077,0.2934,2.6123,-2.4522,1.0897,2.8742,-1.1628,0.1117,-1.6658,0.9562
-1.7224,1.5866,-0.8444,-2.2349,0.0279,0.9681,0.2233,2.1534,-3.3028,1.1024,2.1999,-0.1574,0.2105,-1.2579,0.8254
-2.0634,1.4854,-1.3986,-1.9855,-0.1356,1.1421,0.0918,2.0474,-2.9138,0.9571,1.9689,-0.575,-0.116,-0.2487,0.8117
-1.589,1.003,-1.9167,-1.8132,-0.2647,1.0253,0.1662,1.8612,-2.1704,-0.3908,1.6047,-0.7855,0.1023,0.0687,-0.1276
-1.3626,0.7878,-1.7304,-1.3703,-0.363,0.972,-0.0389,1.8049,-1.8072,0.0769,1.6466,-1.568,0.1532,0.1988,-0.3378
-1.4623,0.9975,-1.6545,-1.4348,-0.2388,0.9645,-0.2597,1.3766,-2.0593,0.1328,1.5464,-1.7981,0.1993,0.0241,-0.5364
-1.1068,1.1764,-1.9079,-1.4118,-0.4493,0.8181,-0.0945,1.6206,-1.4655,0.4404,1.4968,-1.9795,0.3474,0.0518,-0.6482
-1.2606,1.2755,-1.7729,-1.5486,-0.5178,0.7431,-0.2009,1.5536,-1.2741,-0.0912,1.5696,-2.0577,0.6644,-0.4777,-0.8737
-1.2731,0.9196,-1.6649,-1.5587,-0.4209,0.6633,0.0064,1.2289,-1.5433,-0.1464,1.5636,-1.8748,0.2501,-0.5245,-0.9886
-1.5197,0.789,-2.0939,-1.3156,-0.2488,0.828,-0.3898,1.6622,-1.661,0.1338,1.7286,-1.9057,0.2864,-0.1509,-0.7097
-1.3806,1.2862,-2.1148,-1.2743,-0.2232,0.5192,-0.2732,1.7327,-1.4827,0.1959,1.6099,-1.7251,0.1026,-0.2086,-0.8715
-1.3601,1.1771,-2.1098,-1.724,-0.226,0.7453,-0.098,1.6333,-1.505,0.0114,1.4669,-1.9407,0.1289,-0.3325,-0.6024
-1.2655,0.6297,-1.9317,-1.467,-0.2531,0.6766,-0.0557,1.6411,-1.282,-0.0557,1.1245,-1.8952,0.7681,-0.4245,-0.9056
-1.3947,0.6886,-1.7756,-1.3768,-0.3689,0.7403,0.3773,1.6387,-1.3137,-0.1441,0.9226,-1.9775,0.8837,-0.7209,-1.1892
-1.3446,0.7875,-1.609,-1.4704,-0.0857,0.8283,0.3763,1.8261,-1.9241,0.0088,1.2666,-2.0563,0.947,-0.7814,-0.7797
-1.3803,0.8974,-1.453,-1.5161,-0.0296,0.6888,0.3043,1.9866,-1.437,0.3401,1.3821,-2.3152,0.5002,-0.4861,-0.7086
-1.4671,0.8842,-1.4235,-1.5253,-0.0855,0.6116,0.4066,2.1188,-1.4566,0.1722,1.2895,-2.1966,0.5242,-0.8108,-0.6063
-1.4648,0.9599,-1.3025,-1.2203,-0.24,0.4787,0.1678,2.2941,-1.5392,-0.2844,1.9992,-2.1816,0.9178,-0.9316,-0.4873
-1.5917,0.6483,-1.7272,-1.3303,-0.2775,0.6917,0.2407,2.0849,-1.4732,-0.2785,2.4459,-1.9273,0.5676,-1.2381,-0.3797
-1.6757,0.9326,-1.8796,-1.284,-0.1503,0.6207,0.2295,2.1392,-1.7033,-0.0245,2.1094,-1.5237,0.3397,-1.2051,-0.3147
-1.5966,0.9091,-1.7929,-1.2929,-0.0635,0.6231,0.2945,2.12,-1.832,-0.0451,1.9469,-1.3779,0.4674,-1.424,-0.3173
-1.4093,1.1005,-1.6961,-1.2325,-0.1715,0.5951,0.0005,2.2607,-1.6248,0.261,2.2884,-1.4044,0.8205,-1.0943,-0.1333
-1.4423,1.3789,-1.6517,-1.6608,-0.4023,0.5974,-0.0147,1.8146,-1.7101,0.1543,2.0834,-1.2716,0.7229,-1.3624,-0.1368
-1.4872,1.2935,-1.9342,-1.7345,-0.2386,0.5714,-0.1134,2.341,-1.0091,-0.3409,1.6896,-1.4033,0.6311,-0.6993,-0.2203
-1.3561,1.3519,-2.0679,-2.7208,-0.1824,0.8172,-0.0872,1.7813,-1.1704,-0.4925,1.1744,-1.5026,0.3609,0.4136,-0.739
-1.4716,0.9257,-2.1283,-1.8615,-0.1596,0.7961,-0.2197,1.1451,-1.7472,-0.081,0.9247,-1.7894,0.5404,0.2113,-0.922
-1.4734,0.8057,-2.463,-1.4951,-0.2545,0.7859,-0.1974,1.109,-1.482,0.0549,1.0559,-2.2408,0.7888,0.1614,-0.9936
-1.4676,0.3917,-2.2442,-1.7184,-0.4382,0.6793,-0.3661,1.1525,-1.5653,0.2379,0.8289,-1.8079,0.9397,0.207,-1.0447
-1.4948,0.0988,-2.2855,-1.3204,-0.5924,0.7544,-0.4523,1.4344,-1.6431,-0.3371,1.4872,-2.1636,0.8563,-0.0055,-1.1942
-1.5196,0.2824,-2.4473,-0.9993,-0.5881,0.4915,-0.3094,1.3401,-1.4944,-0.3143,1.3471,-2.2803,0.9891,0.3697,-1.0784
-1.5446,0.8674,-2.4729,-1.0656,-0.3885,0.3862,-0.6249,1.3722,-1.2341,-0.1062,1.3871,-2.1459,0.9903,0.3273,-1.0476
-1.4765,0.7758,-2.5046,-1.2736,-0.4168,0.663,-0.5349,0.9574,-1.6167,-0.326,1.4325,-2.0736,0.9511,0.0128,-1.1012
-1.3871,0.7255,-2.5956,-1.4311,-0.3312,0.7017,-0.6075,1.4003,-1.1903,0.1013,0.9227,-2.0028,0.8277,0.1478,-0.9751
-1.4151,0.1537,-2.3564,-1.2316,-0.4111,0.6367,-0.7665,1.3663,-0.9472,-0.298,0.8255,-2.2023,0.8981,-0.3303,-1.3313
-1.2595,0.1049,-2.1166,-1.042,-0.3812,0.6694,-1.0559,1.7073,-0.8459,-0.0667,0.9078,-2.4584,0.76,-0.4354,-1.3327
-1.4338,0.5583,-1.998,-1.1399,-0.2843,0.8654,-0.7063,1.8024,-1.2165,-0.0798,1.1,-2.4465,0.4534,-1.0426,-1.4742
-1.3941,0.63,-2.0181,-1.4577,-0.1813,0.7927,-0.7269,2.2294,-1.1722,-0.2396,1.0554,-2.6226,0.3437,-1.2581,-1.5563
-1.3903,0.6939,-1.7814,-1.3398,-0.2052,0.7514,-0.4938,2.5628,-0.8107,-0.7471,1.0384,-2.6364,0.1003,-1.7504,-1.7899
-1.5173,1.3924,-1.4921,-1.734,-0.0671,0.7033,-0.3248,3.0315,-1.0648,-0.8695,1.3316,-2.3876,0.3106,-2.0035,-1.7031
-1.4001,1.0953,-0.8202,-1.8047,0.3139,0.6481,-0.331,3.2179,-1.5938,-0.7487,1.6083,-2.3658,0.0767,-2.1289,-1.3901
-1.4274,0.8855,-0.4566,-1.747,0.4434,0.6296,-0.2273,3.4203,-1.7843,-0.5582,1.8345,-2.0872,0.0156,-2.0165,-1.1416
-1.3684,1.2038,0.0521,-1.65,0.5334,0.7624,-0.3687,3.4168,-2.3284,0.0599,1.8653,-1.8326,0.009,-2.0992,-0.6898
-1.5151,1.3398,-0.315,-1.5304,0.4861,0.646,-0.2781,3.472,-2.5232,0.1412,2.4119,-1.5901,-0.2861,-2.4536,-0.2956
-1.3658,1.566,-0.1283,-2.0017,0.2682,0.769,0.3003,3.3631,-2.4169,-0.0439,2.2719,-1.2921,-0.2917,-2.4,-0.136
-1.3939,1.1665,-0.1507,-2.0198,0.4567,0.6572,-0.3143,3.5433,-2.0129,0.0989,1.9284,-1.3139,-0.0256,-2.1995,0.0925
-1.4171,1.3733,-0.2088,-1.9521,0.3467,0.7372,-0.2073,3.326,-2.2596,0.2252,2.1644,-1.1362,0.0438,-2.338,0.0791
-1.3177,0.9373,-0.2647,-2.0923,0.2627,0.4277,-0.1915,3.4758,-2.4951,-0.3501,2.0467,-1.0139,-0.2233,-2.3782,-0.197
-1.429,0.9905,-0.3455,-2.1175,0.2492,0.5254,-0.0424,3.6578,-2.1827,-0.0564,2.2014,-0.9638,-0.2662,-2.0536,-0.1886
-1.5432,1.0864,-0.3144,-2.3548,0.2185,0.7433,0.193,3.2314,-2.5331,-0.2777,1.6384,-0.6523,0.1068,-2.2173,-0.3536
-1.4974,0.9691,-0.4903,-2.3143,0.2743,0.7915,0.2934,3.4566,-2.507,-0.2014,1.7762,-0.8589,0.4145,-2.2726,-0.2793
-1.3949,1.2082,-0.6017,-2.0742,0.2668,0.8911,0.3445,3.0592,-2.4583,-0.0014,1.7787,-1.2433,0.6576,-2.1856,-0.1412
-1.3946,1.1968,-0.7537,-1.9983,0.2394,0.7042,0.4376,2.8336,-2.5608,0.1652,1.8238,-1.4527,0.4281,-2.0714,0.0396
-1.2445,0.7102,-0.724,-1.9629,-0.001,0.5442,0.3628,3.441,-2.2276,0.1715,1.437,-1.2348,0.3292,-1.9032,0.1758
-1.2297,0.675,-0.5378,-1.9609,0.1216,0.5849,0.3315,3.3982,-2.2457,0.2481,1.5495,-1.3,0.3867,-1.9491,0.1273
-1.3186,0.6863,-0.2517,-1.7809,0.0108,0.4952,0.0135,3.2534,-2.2553,0.482,1.7088,-1.2374,0.2885,-2.117,0.3398
-1.3644,0.8347,-0.4723,-1.3829,-0.0168,0.8857,-0.0669,3.1266,-2.33,0.5186,2.2243,-0.9017,0.2686,-1.9545,0.4783
-1.3182,1.1133,-0.5183,-1.3616,-0.0544,0.7767,0.1963,3.0761,-2.837,0.2838,2.0667,-0.4652,-0.2007,-1.7354,0.7196
-1.0343,1.1929,-0.5159,-1.6844,-0.432,0.4906,0.1177,3.1011,-2.6761,0.0055,1.8817,-0.4204,-0.3466,-1.2757,0.6828
-1.1631,1.1035,-0.601,-1.7716,-0.2957,0.6469,-0.0423,3.1604,-2.6216,-0.4182,1.804,-0.5299,0.0842,-1.3201,0.1938
-1.272,0.7293,-0.7061,-1.8325,-0.0103,0.5416,0.0164,2.953,-2.385,0.0279,1.6576,-1.0686,0.2104,-0.8965,0.3921
-1.47,1.0253,-0.9413,-1.8595,-0.0164,0.6417,0.3036,2.528,-2.6934,-0.0019,1.7782,-0.8484,0.2975,-1.4918,0.2307
-1.2254,0.5997,-1.289,-1.6416,-0.2135,0.5925,0.4988,2.5022,-2.6117,0.2811,1.9048,-0.9227,0.5206,-1.2046,0.3212
-1.4375,1.3422,-1.3762,-1.8982,-0.195,0.752,0.157,2.0609,-2.3448,0.2383,1.4155,-0.8925,0.7911,-1.1493,0.375
-1.3101,0.8813,-1.5129,-1.8007,-0.4529,0.6817,0.4933,2.3706,-1.3292,-0.0782,1.3135,-1.0367,0.6027,-1.0619,-0.0424
-1.3035,0.6853,-1.6352,-1.687,-0.5792,0.5973,0.0823,2.2451,-1.789,-0.4354,1.0035,-1.0348,0.5753,-1.3752,-0.2334
-1.2911,0.3744,-1.6373,-1.3668,-0.4196,0.6888,-0.0118,2.5149,-1.5394,-0.0198,0.9862,-1.2428,0.3975,-1.4323,-0.4011
-1.3658,0.3446,-1.4446,-1.3409,-0.1406,0.7706,0.2113,2.4287,-1.8163,-0.1848,1.4577,-1.308,0.3675,-1.5029,-0.1253
-1.267,0.7053,-1.4619,-1.5094,-0.3636,0.6366,0.1334,2.5158,-2.0948,0.1747,1.4648,-1.4123,-0.0098,-1.6446,-0.0088
-1.0774,0.9473,-1.3742,-1.5104,-0.3082,0.461,0.3649,2.5739,-2.017,0.0103,1.9116,-1.2521,0.1581,-1.4693,0.0753
-1.498,0.9814,-1.5567,-1.2405,-0.5275,0.7057,0.2706,2.3024,-2.5557,0.0374,2.0512,-1.1178,0.1636,-1.6982,0.2072
-1.2973,1.2798,-1.6477,-1.4153,-0.51,0.692,-0.0273,2.3455,-2.3319,-0.0358,1.8967,-1.1557,0.4885,-1.5778,0.3554
-1.2157,1.2998,-1.4583,-2.0295,-0.3063,0.6425,0.0004,1.6284,-2.397,-0.5588,1.432,-1.1679,0.6565,-1.2312,-0.1408
-1.1898,1.1505,-1.8972,-1.7963,-0.2835,0.5605,0.0082,1.5631,-2.425,0.1867,1.0559,-1.2711,0.4244,-0.6499,-0.3279
-1.2604,0.9413,-2.1449,-1.6392,-0.4699,0.5442,0.002,1.7554,-2.1151,0.3758,0.9773,-1.54,0.6571,-0.3828,-0.2345
-1.0305,0.5052,-2.0036,-1.4225,-0.8302,0.3919,-0.0595,1.8637,-1.9183,-0.1613,0.9569,-1.6188,0.3505,-0.5325,-0.3999
-0.998,0.6296,-1.8372,-0.2793,-0.646,0.4795,-0.2458,2.0183,-1.9783,-0.2192,1.7873,-1.7466,0.5514,-0.4541,-0.4208
-0.9107,0.7984,-1.5945,-1.072,-0.4231,0.3168,-0.0145,1.8983,-2.2013,-0.0545,1.3518,-1.7644,0.0543,-1.074,-0.4548
-1.0253,0.4576,-1.55,-1.525,-0.4905,0.2336,0.2803,2.551,-2.0328,0.0097,1.4486,-1.7301,0.1743,-0.9754,-0.3734
-0.9468,0.5294,-1.1951,-1.4495,-0.6003,0.114,-0.0187,2.7322,-1.8682,0.0184,1.4918,-1.6732,0.784,-1.1685,-0.1523
-1.2002,0.9851,-1.1205,-1.5271,-0.3,0.3881,0.1598,2.2347,-2.4166,0.2044,1.6917,-1.4503,0.5871,-1.1663,-0.0931
-1.1965,1.3664,-1.3202,-1.6711,-0.2203,0.4541,0.1388,1.6885,-2.6876,0.3934,1.9356,-1.165,0.6594,-1.114,0.2532
-1.2368,1.0023,-1.7629,-1.5158,-0.2151,0.2545,-0.3549,1.7633,-2.4047,0.3661,1.7956,-1.1056,0.4899,-0.829,0.3024
-1.2972,0.8249,-1.6543,-1.1474,-0.3493,0.2,-0.1798,1.5895,-2.4351,0.4791,1.7157,-1.2827,0.458,-1.0416,0.1261
-1.437,0.9159,-2.0341,-1.3962,-0.4328,0.3766,0.033,2.1635,-2.323,0.3233,1.6306,-1.3777,0.478,-0.3182,0.3016
-1.2281,0.9066,-1.7949,-1.6572,-0.4767,0.5837,-0.1076,1.6416,-2.6342,0.4985,1.3835,-1.2218,0.7029,-0.4673,0.1762
-1.1997,0.9387,-2.1687,-1.9566,-0.5575,0.4713,0.1759,1.528,-1.8476,0.3611,0.8651,-1.2353,0.7041,-0.2629,-0.1824
-1.1167,0.7688,-2.2573,-1.7197,-0.7415,0.6341,0.3882,1.7425,-1.8633,-0.0515,0.9619,-1.4178,0.8696,-0.6757,-0.3975
-1.2178,0.4187,-2.0482,-1.1738,-0.8064,0.5523,-0.0754,1.7041,-1.8716,-0.0821,0.9442,-1.6782,0.8588,-0.698,-0.3798
-1.277,0.6474,-2.2232,-1.3618,-0.6321,0.6039,0.0248,2.1236,-1.5987,0.2954,1.0559,-2.1184,0.4353,-0.8632,-0.445
-1.3412,0.3267,-2.3164,-1.541,-0.819,0.7138,-0.023,2.3898,-1.8944,-0.187,0.8678,-2.0399,0.656,-1.2253,-0.6997
-1.352,0.3781,-1.8862,-1.5921,-0.8543,0.3773,0.064,3.0541,-1.3145,-0.5198,0.7719,-1.8687,0.3751,-1.2025,-1.0118
-1.3676,0.4328,-1.097,-1.321,-0.7333,0.2736,0.1125,3.6133,-1.9141,-0.4635,1.2695,-1.7469,0.4209,-1.3529,-0.9828
-1.3428,0.0513,-0.4844,-1.3767,-0.5721,0.3495,-0.0195,3.2202,-2.7052,-0.3803,1.7191,-1.753,0.1814,-1.5939,-0.9061
-1.3825,0.456,-0.6096,-1.2245,-0.4302,0.6919,-0.1708,2.8139,-3.1725,-0.0798,1.9295,-1.5881,0.2114,-1.3848,-0.7629
-1.3652,0.4132,-0.86,-1.3331,-0.5485,0.5157,0.1411,2.7989,-3.2688,0.5004,1.8151,-1.3281,0.0229,-1.4106,-0.5358
-1.4152,0.985,-1.1324,-1.6144,-0.4994,0.5139,0.0394,2.9268,-2.6939,0.1263,1.645,-1.2184,0.4166,-1.1848,-0.7025
-1.3167,0.7882,-1.127,-1.6373,-0.6325,0.4345,0.0437,2.824,-2.5941,-0.0665,1.5603,-1.2292,0.4865,-1.7232,-0.6963
-1.3093,0.5756,-1.1124,-1.5561,-0.6735,0.2545,-0.3063,3.2431,-2.5277,-0.251,1.4898,-1.4575,0.3514,-1.5198,-0.759
-1.4442,0.8523,-1.273,-1.509,-0.7812,0.4098,-0.3258,3.0951,-2.6836,-0.1936,1.6487,-1.4223,0.0596,-1.2726,-0.8478
-1.4035,0.1728,-1.2175,-1.3675,-0.6381,0.5462,-0.2526,3.0765,-2.5937,0.0705,1.5764,-1.4544,-0.1902,-1.3114,-0.9137
-1.5256,0.58,-0.9572,-1.3796,-0.7612,0.8799,-0.551,3.0845,-2.7163,-0.1982,1.5748,-1.642,0.1171,-1.5758,-0.8918
-1.2532,0.6529,-1.0448,-1.4111,-0.9208,0.7425,-0.4058,3.2379,-2.8975,-0.2342,1.6784,-1.6962,-0.2522,-2.056,-1.07
-1.3396,0.5598,-0.9318,-1.2892,-0.5774,0.5034,-0.2776,3.9312,-2.476,-0.2011,1.7249,-1.8092,-0.3348,-1.5618,-0.6491
-1.3887,0.7789,-0.3386,-1.59,-0.5841,0.6035,-0.0762,3.7839,-2.4588,0.125,1.7248,-1.7618,-0.2933,-1.8015,-0.6182
-1.6344,0.775,-0.2768,-1.5327,-0.4168,0.3621,0.0533,3.3398,-3.2372,-0.061,2.1483,-1.7331,0.1838,-1.9422,-0.5379
-1.53,1.2855,-0.4989,-1.7598,-0.382,0.4242,0.0776,3.377,-3.3096,0.1784,2.0401,-1.4494,0.2334,-2.0968,-0.5544
-1.4613,0.8656,-0.6641,-1.8327,-0.232,0.468,0.2321,2.8544,-3.8208,0.177,2.028,-1.2349,0.5973,-1.8556,-0.3961
-1.3539,0.7561,-0.7219,-1.7159,-0.2967,0.2894,0.246,2.9575,-3.2708,0.3423,1.91,-1.278,0.4465,-1.437,-0.2993
-1.2573,0.9793,-0.7488,-1.9426,-0.5343,0.1973,0.5965,3.0184,-2.9755,0.2103,1.6376,-1.3486,0.7873,-1.2289,-0.4444
-1.258,1.0105,-0.8518,-1.91,-0.5939,0.2773,0.6332,2.4936,-3.3302,0.1558,1.8211,-1.4222,0.6345,-1.6548,-0.2297
-1.483,1.6088,-1.1647,-2.0006,-0.6159,0.3835,0.5697,3.0254,-2.8763,0.2487,1.6911,-1.2088,0.8719,-1.5871,-0.1018
-1.5811,0.7209,-1.1299,-1.6838,-0.604,0.3008,0.5313,2.716,-3.2063,-0.258,1.7313,-1.2089,0.5069,-1.7277,-0.3395
-1.5036,0.9824,-1.0871,-1.6755,-0.4979,0.271,0.273,2.573,-3.4853,0.1169,1.1143,-1.3543,0.7356,-1.6121,-0.464
-1.351,0.6596,-1.3086,-1.5873,-0.5678,0.3033,0.1435,3.0116,-3.0519,-0.0073,1.4603,-1.7331,0.6923,-1.451,-0.6684
-1.6732,0.3663,-1.2057,-1.5645,-0.6293,0.3133,0.5103,2.966,-2.788,-0.2582,1.7584,-1.635,0.4316,-1.408,-1.0185
-1.644,0.2527,-1.1744,-1.6146,-0.4991,0.2228,0.2976,2.8206,-2.7726,-0.1762,1.6808,-1.6399,0.5055,-1.6355,-0.8593
-1.7964,-0.2105,-1.2098,-1.3482,-0.3196,0.3289,0.2963,2.738,-2.9055,0.5298,2.2358,-1.7834,0.5447,-1.8401,-0.5454
-1.7152,0.2055,-1.1367,-1.6816,-0.5476,0.4579,0.2079,2.7149,-3.5029,0.7358,1.2429,-1.895,0.5537,-1.7673,-0.5632
-1.7244,0.1039,-1.4588,-1.7929,-0.8054,0.4905,0.4121,3.1508,-2.8912,0.2728,1.3865,-2.1238,0.3779,-1.1537,-0.9091
-1.848,0.202,-0.9328,-1.5868,-0.6768,0.5613,0.7805,2.6774,-3.0729,0.5083,1.869,-2.2586,0.3645,-1.6899,-0.6936
-1.9617,-0.0001,-1.297,-1.7329,-0.4439,0.4995,1.1275,3.1857,-2.8995,0.3139,1.5939,-2.1042,0.0008,-1.4357,-0.4898
-1.788,0.1314,-1.1311,-1.873,-0.4857,0.4447,0.5632,3.7522,-2.4554,0.1209,1.9313,-2.1775,-0.1469,-1.4439,-0.3614
-1.6972,0.2751,-0.6858,-2.0718,-0.4934,0.3099,0.6958,3.4586,-2.8749,0.2314,2.0279,-1.8295,0.1675,-2.023,-0.3854
-1.7819,0.3986,-0.5237,-1.7894,-0.3909,0.0968,0.9779,3.5346,-2.9007,0.3152,2.4761,-2.0055,0.2412,-2.1951,-0.1549
-1.8575,0.6636,-0.344,-1.769,-0.5767,0.3395,0.6897,3.5267,-2.928,0.1237,2.6328,-1.697,-0.0232,-2.414,-0.0644
-1.9612,0.8696,-0.3848,-1.8494,-0.6733,0.5404,0.702,3.4976,-3.6349,0.2179,2.5527,-1.8358,0.143,-2.3196,-0.2241
-1.826,0.6475,-0.421,-1.8553,-0.6428,0.5759,0.7991,3.3679,-3.2149,0.0635,2.6857,-1.663,0.2037,-1.8836,-0.2094
-1.8973,0.6093,-0.3682,-1.7699,-0.3982,0.4821,0.9173,3.2024,-3.2851,1.0534,2.8489,-1.1298,0.3751,-1.4965,0.305
-1.9421,1.1601,-0.5287,-1.6471,-0.6585,0.5512,0.9031,2.5936,-3.7913,1.0572,2.756,-1.0016,0.6586,-1.4911,0.7263
-1.9863,1.0597,-0.8927,-1.7979,-0.8436,0.6676,0.8066,2.1254,-3.9373,0.8124,2.6381,-0.4884,0.7973,-1.0676,1.1252
-2.0169,0.4367,-1.5571,-2.0549,-0.7833,0.7665,0.8471,1.6671,-3.6005,0.6642,2.3175,-0.7284,0.8797,-0.5482,0.6777
-2.0094,0.4864,-1.9355,-1.9264,-0.9523,0.7485,0.504,1.071,-3.4905,0.7093,1.9803,-0.8722,1.3199,-0.0519,0.4704
-2.0497,0.5562,-2.4485,-2.0935,-0.8389,0.6783,0.7097,0.8186,-2.6871,0.6755,1.7221,-1.1525,0.9961,-0.0223,0.0984
-1.8637,0.1201,-2.6175,-1.9834,-1.2052,0.4943,0.6449,0.984,-1.9373,0.2825,1.5563,-1.4862,0.8691,0.1388,-0.5331
-1.6244,0.0577,-2.5724,-1.7547,-1.1597,0.3468,0.4127,1.1037,-2.2593,0.3232,1.3014,-1.7923,1.2135,0.1651,-0.7635
-1.8434,-0.1199,-2.5744,-1.4843,-1.2985,0.2831,0.4132,1.2242,-2.3007,0.4044,1.392,-2.2881,1.0865,0.1308,-1.0522
-1.741,0.3241,-2.3547,-1.5454,-1.3864,0.1644,0.4146,1.4465,-2.167,0.1387,1.607,-2.3999,0.8792,-0.2287,-1.1196
-1.7026,0.2037,-2.1361,-1.6621,-1.31,0.3304,0.163,1.4103,-2.4797,-0.3631,1.8879,-2.3011,0.5776,0.0925,-1.3286
-1.8129,-0.0643,-2.379,-1.7398,-1.2616,0.4461,0.2365,1.7493,-2.2578,-0.4822,1.7885,-2.3553,0.5062,0.0868,-1.6707
-1.6914,0.0598,-2.2385,-1.9549,-0.9386,0.3277,0.3044,1.3659,-2.4402,-0.281,1.6832,-2.4684,0.4433,-0.2439,-1.5699
-1.8956,0.1522,-2.0981,-1.3463,-0.9442,0.5225,0.6059,1.5842,-2.3963,-0.0913,1.605,-2.3696,0.4932,-0.6051,-1.4341
-1.6952,0.6917,-2.1307,-1.912,-0.8814,0.4733,0.6827,1.9247,-2.7113,-0.0892,1.8591,-2.4973,0.4554,-0.7599,-1.2187
-1.6482,0.5211,-2.093,-1.9483,-1.0544,0.3138,0.7768,1.9043,-2.7577,-0.2768,1.5678,-2.392,0.7637,-0.9282,-1.216
-1.8103,1.5275,-1.9869,-2.0766,-1.0088,0.2487,0.8884,1.7952,-2.3594,-0.4101,1.7869,-2.4148,0.6477,-0.4339,-1.1163
-1.5303,0.9695,-1.8477,-1.8701,-1.1715,0.2577,0.7605,1.4617,-2.5276,-1.1485,2.1117,-2.3361,0.7499,-0.9642,-1.269
-1.6536,1.2725,-1.9248,-1.74,-0.9414,0.0377,0.5772,1.6155,-2.4424,-0.9674,1.9088,-2.1249,0.8531,-0.7107,-1.2693
-1.7515,0.6679,-2.1331,-1.7705,-1.0101,-0.0043,0.2608,1.6514,-2.2845,-1.051,1.8289,-2.2406,0.4456,-1.0934,-1.2891
-1.6556,0.1768,-2.0585,-1.5272,-1.0023,0.0586,0.3861,2.1643,-2.2783,-0.963,1.8028,-2.2415,0.0487,-1.2342,-1.5809
-1.6393,0.2345,-1.7062,-2.1091,-1.2362,0.3028,0.4174,3.3832,-2.3551,-0.8182,1.7472,-2.2342,-0.4212,-1.5574,-1.596
-1.6269,0.7674,-0.0569,-1.8185,-1.2039,0.4511,0.3878,3.5785,-2.2753,-1.0638,2.3339,-1.8775,-0.2559,-1.9302,-1.4606
-1.5759,1.1318,-0.0404,-2.1121,-0.5187,0.295,0.3839,3.252,-3.3423,-0.6941,2.8538,-1.8902,-0.0916,-1.9511,-0.9985
-1.5133,1.1168,-0.4179,-1.9144,-0.377,0.2997,0.4639,2.789,-3.7901,-0.2784,2.8043,-1.1479,-0.397,-2.2589,-0.7086
-1.657,1.1773,-0.4922,-1.8901,0.0688,0.3765,0.6533,2.8634,-4.0459,0.0941,2.4958,-1.2827,-0.2601,-1.7276,-0.5077
-1.6548,0.9278,-1.0026,-1.846,-0.3385,0.4978,1.2484,2.7872,-3.8192,0.2088,2.3978,-1.263,0.1145,-1.8289,-0.1921
-1.4586,0.7883,-0.9863,-1.866,-0.4661,0.5583,1.3295,2.6916,-3.3718,0.3082,2.4596,-1.3084,0.5809,-1.6514,-0.0269
-1.7456,0.6485,-1.14,-1.7143,-0.6469,0.6358,1.0366,2.632,-3.7329,0.6463,2.4529,-1.0983,0.607,-1.4246,0.3243
-1.7962,0.6076,-1.4757,-1.8209,-0.731,0.7071,1.205,1.9466,-3.7355,0.4732,2.2294,-1.325,0.521,-1.4667,0.1042
-1.8007,0.5458,-2.2017,-1.8437,-1.2259,0.7386,1.2574,1.9685,-3.8531,0.3689,1.6205,-1.3576,0.8555,-1.0903,-0.0606
-1.6238,0.3188,-2.2279,-1.7732,-0.8247,0.7446,0.9857,2.0143,-3.0011,0.0649,1.6585,-1.606,0.9355,-0.2948,-0.3426
-1.6733,0.1471,-2.1272,-1.4157,-1.095,0.6251,0.806,1.1892,-3.1128,0.2958,1.8067,-1.6865,1.1885,-0.3486,-0.1953
-1.6977,1.0821,-2.637,-1.6334,-1.0007,0.4458,0.8288,1.2747,-2.753,0.3142,1.6028,-2.2157,1.0853,-0.0446,-0.3552
-1.6492,0.5474,-2.718,-1.7087,-1.3928,0.6348,0.6842,1.0227,-2.5597,-0.4188,1.3241,-2.2539,1.3344,-0.1872,-0.7561
-1.572,0.1264,-2.9002,-1.6955,-1.484,0.4676,0.5077,1.0436,-2.52,-0.7177,0.8295,-2.3826,1.1175,-0.1928,-1.3339
-1.6144,0.2599,-2.7793,-1.6241,-1.5604,0.4157,0.588,1.6623,-2.0277,-0.6905,1.28,-2.9701,1.2629,0.1428,-1.5777
-1.5522,0.0903,-2.4169,-1.4859,-1.6778,0.4705,0.3581,1.6956,-2.1498,-1.2187,1.7158,-3.1241,1.0008,-0.3515,-1.5515
-1.6392,0.29,-2.7467,-1.2628,-1.4632,0.2987,0.4254,1.9167,-1.8536,-1.6644,1.6261,-2.7786,0.8998,-0.6626,-1.71
-1.5368,0.3076,-2.1669,-1.3258,-1.5043,0.1501,0.3156,2.0898,-2.2109,-0.9898,1.8616,-2.6772,0.4783,-1.1744,-1.4792
-1.4994,0.417,-1.9262,-1.4825,-1.3855,0.5784,0.456,2.2318,-2.3071,-0.7162,2.0399,-2.3543,0.6615,-1.381,-1.0172
-1.3539,0.364,-1.3781,-1.5705,-1.2136,0.5626,0.5234,2.2263,-3.3115,-0.6757,1.8072,-2.4543,0.7609,-1.59,-0.8987
-1.3495,0.1858,-1.2753,-1.5357,-1.3681,0.5183,0.9067,2.3117,-3.1645,-0.5161,1.9199,-2.3652,0.7349,-1.501,-0.7946
-1.4022,0.3787,-1.5088,-1.8378,-1.3212,0.5801,0.7789,2.1767,-3.2674,-0.1225,1.9532,-2.0805,0.6422,-1.2212,-0.565
-1.4384,0.5906,-1.5793,-1.7945,-1.4228,0.5554,0.6044,2.3064,-3.3413,-0.4714,2.4254,-1.9772,0.6358,-0.9581,-0.5292
-1.644,0.5968,-1.7431,-1.8267,-1.2249,0.5559,0.5254,1.7348,-3.4517,-0.5341,2.0215,-2.01,0.7607,-1.2354,-0.4213
-1.5158,0.345,-1.9701,-1.7493,-1.0867,0.4013,0.2869,1.6217,-3.1222,-0.6407,1.8918,-1.9238,0.07,-0.9196,-0.4689
-1.5835,0.1152,-1.8642,-1.6523,-1.2215,0.5221,0.389,2.0197,-2.9088,-0.8052,1.8457,-1.9358,0.0555,-0.9903,-0.676
-1.6145,0.1686,-1.8979,-1.6665,-1.4454,0.5083,0.6209,2.0134,-3.1747,-0.7076,1.999,-1.7633,0.4293,-0.7604,-0.6806
-1.505,0.4236,-1.8487,-2.0202,-1.4302,0.407,0.8203,2.0287,-2.6046,-0.8694,1.4922,-1.5882,0.6494,-0.6864,-1.0377
-1.5614,0.4304,-1.6754,-2.1712,-1.4434,0.3801,0.5366,2.0468,-2.7106,-0.5118,1.4366,-1.7824,0.927,-0.6988,-1.0459
-1.1763,0.3559,-1.5396,-1.8261,-1.2772,0.2759,0.7266,2.2434,-2.9845,-0.5402,1.7547,-2.0217,0.5127,-0.4025,-0.8801
-1.4211,-0.0899,-1.3127,-1.745,-1.1056,0.1099,1.2295,2.0945,-3.1386,-0.3718,2.1203,-1.9912,0.4795,-0.8546,-0.692
-1.6988,0.9881,-1.6045,-1.6662,-1.2978,0.4177,1.3548,1.8682,-3.3802,0.5904,2.0038,-1.9398,0.8085,-1.0132,0.166
-1.5584,0.7746,-1.7031,-2.0388,-1.4016,0.4755,1.2458,2.1956,-2.8102,0.209,1.5139,-2.0214,0.9376,-0.5096,0.0587
-1.4507,0.5612,-1.6279,-2.1609,-1.3529,0.6964,0.8547,1.9723,-3.0225,0.0113,1.512,-2.1319,0.9262,-0.5679,-0.0819
-1.5202,0.1826,-1.7771,-2.1071,-1.5389,0.7305,1.2087,1.4579,-3.0247,-0.2203,1.3991,-2.3472,1.0107,-0.5698,-0.3873
-1.3299,0.6663,-2.167,-1.7553,-1.4447,0.4833,1.0819,1.6105,-2.9162,-0.463,1.6552,-2.4522,1.1303,-0.536,-0.4629
-1.2643,0.9059,-2.5107,-2.0191,-1.6365,0.4758,0.9825,1.4959,-2.4943,-0.5682,1.2793,-2.5254,1.2954,-0.5227,-0.7491
-1.2396,0.8479,-2.368,-2.1539,-1.5996,0.586,0.9935,2.0218,-2.1293,-1.1671,0.9393,-2.6718,1.2756,-0.6012,-1.3027
-1.1895,-0.3149,-2.2566,-1.8463,-1.7185,0.3765,0.6346,1.8205,-2.471,-1.2537,0.9031,-2.7286,1.0353,-0.929,-1.6514
-1.3819,0.1106,-2.1819,-1.9176,-1.3826,0.298,0.7288,2.1609,-1.8927,-0.2,0.7849,-2.5423,0.5412,-0.7148,-1.5379
-1.3566,0.0149,-1.9565,-1.7982,-1.4116,0.2106,0.5158,2.5452,-2.5212,-1.0077,1.1296,-2.4827,0.676,-1.1211,-1.4471
-1.272,0.0723,-1.6492,-1.7516,-1.2945,0.8732,0.5375,2.3594,-2.9401,-0.7125,1.2834,-2.3493,0.54,-1.346,-1.7964
-1.1981,0.4899,-1.5199,-1.8654,-1.4046,0.6137,0.8266,2.6368,-2.8178,-0.7496,1.3757,-2.4972,0.5702,-1.9677,-1.4626
-1.2136,0.3579,-1.6698,-1.6993,-1.273,0.5834,0.8623,3.1845,-2.7928,-0.8736,1.94,-2.2823,0.5497,-1.7639,-1.0882
-1.1781,0.0565,-1.3854,-1.6307,-0.7412,0.1881,0.6185,2.8325,-3.0631,-0.5554,2.0545,-1.8688,0.4657,-1.2277,-0.7107
-1.1157,0.4433,-1.4015,-1.6026,-0.8552,0.1373,0.7283,2.6538,-3.2796,-0.0407,1.8739,-1.5611,0.5915,-1.3684,-0.2036
-1.2198,0.7674,-1.3347,-1.7426,-0.9858,0.2577,0.6793,2.518,-3.1818,0.302,1.8208,-1.6278,0.9263,-1.6708,-0.0331
-1.1347,0.8822,-1.4974,-1.9053,-0.9662,0.2458,0.9876,2.4292,-2.8518,0.1266,1.9501,-1.6223,0.9014,-1.7182,-0.2577
-1.2121,0.8292,-1.6442,-2.2504,-0.994,0.4753,0.9419,2.2708,-3.0103,0.1553,1.7822,-1.3491,0.7602,-2.1698,-0.1189
-1.25,0.6199,-1.5504,-2.218,-1.1217,0.4164,0.8074,2.3078,-2.8803,0.1289,1.7308,-1.4505,0.6922,-1.6421,-0.133
-1.1553,0.6459,-1.6272,-1.9262,-0.9927,0.3964,0.4806,2.5431,-3.1179,0.2474,1.595,-1.7196,0.9064,-1.4585,-0.15
-1.1071,0.7809,-1.5866,-1.7535,-1.164,0.5868,0.8307,2.4474,-3.2055,0.1455,1.4741,-2.0947,0.8313,-1.2983,-0.2683
-1.2364,-0.0461,-1.5838,-1.6777,-1.3468,0.5084,1.006,2.4141,-2.9796,0.3552,1.7747,-2.1832,0.8544,-1.0833,-0.0847
-1.4592,0.9043,-1.6018,-1.7556,-1.4652,0.5105,1.1636,2.2207,-3.2377,0.5915,1.8331,-1.8989,0.838,-0.756,0.3602
-1.2568,0.4367,-1.6726,-1.6786,-1.3436,0.5247,0.8797,1.6224,-2.9712,-0.1107,1.7443,-1.7113,1.3899,-0.8371,0.2237
-1.397,0.709,-1.8109,-1.7549,-1.2465,0.5664,1.1313,1.468,-2.9221,-0.0068,2.022,-1.9015,1.1784,-0.6778,0.2619
-1.4936,0.7711,-2.0556,-1.6066,-1.2741,0.3152,0.6344,1.2879,-3.0244,0.1195,1.7831,-1.9049,1.3464,-0.5817,0.2948
-1.5157,0.6383,-2.3721,-1.3078,-1.383,0.3977,0.5508,1.4659,-3.0135,0.3644,1.6557,-1.8673,1.2899,-0.1451,0.2444
-1.3664,0.2758,-2.3285,-1.689,-1.6291,0.3508,0.4998,1.4644,-2.4871,-0.0821,1.5076,-1.8554,0.9309,0.2914,0.0011
-1.3483,0.5038,-2.2013,-1.7321,-2.1581,0.3987,0.3965,1.2455,-2.817,-0.3846,1.4933,-1.9612,1.0421,-0.066,-0.2569
-1.4122,0.4858,-2.4855,-1.8073,-2.2548,0.2734,0.3545,1.7299,-2.7124,-0.7316,1.3631,-2.2343,0.8852,-0.0909,-0.5404
-1.4314,0.647,-2.3186,-1.8984,-2.0407,0.4981,0.3563,1.3298,-2.7576,-1.4458,1.3657,-2.2916,0.8474,-0.2528,-1.1646
-1.525,0.1687,-2.2873,-1.7165,-1.7949,0.4293,0.4625,1.3704,-2.7441,-1.5865,1.4733,-2.2491,0.8867,-0.3524,-1.2622
-1.4493,0.8891,-2.2086,-1.8356,-1.5001,0.5856,0.3655,1.5349,-2.6883,-1.4211,1.7443,-2.2025,0.9244,-0.5504,-1.3498
-1.5452,0.8542,-2.3529,-2.0557,-1.4195,0.5991,0.5724,1.5076,-2.5033,-1.9545,1.3104,-2.1101,0.8728,-0.9219,-1.813
-1.455,0.2158,-2.2642,-1.8623,-1.2359,0.4147,0.7838,1.8826,-2.4564,-1.3667,1.5016,-2.409,0.759,-1.0104,-1.5377
-1.4389,0.3083,-1.8703,-1.9255,-1.3265,0.2565,0.7196,2.3407,-2.143,-1.0346,1.5149,-2.4896,0.8287,-1.2955,-1.2234
-1.3494,0.3146,-1.6741,-1.8212,-1.3949,0.2359,0.6636,2.5944,-2.3044,-0.9414,1.6635,-2.5004,0.5526,-1.7268,-1.3601
-1.6252,0.1845,-1.4757,-1.6915,-1.4566,0.4604,0.4445,2.9386,-2.6413,-0.6532,1.8916,-2.2862,0.3147,-1.7129,-0.8883
-1.5419,0.3101,-0.9829,-1.9365,-1.3901,0.4786,0.568,2.549,-2.9823,-1.2286,2.3718,-2.0722,0.1402,-1.6451,-0.8189
-1.5172,0.5956,-1.0374,-1.8802,-1.3922,0.4464,0.6477,2.6503,-3.1285,-1.1917,2.4433,-1.7682,-0.2661,-1.6104,-0.6211
-1.4229,0.3909,-0.8107,-1.9135,-1.0833,0.5777,0.567,2.432,-3.2932,-0.8685,2.3213,-1.4722,-0.012,-1.9355,-0.2041
-1.4866,0.7313,-1.0361,-1.5718,-1.2041,0.5569,0.6987,2.6139,-3.2192,-0.3722,2.2245,-1.6668,0.2808,-1.5367,-0.1981
-1.3718,0.3658,-1.1163,-1.9231,-1.1338,0.279,1.0128,2.6717,-3.287,-0.5215,2.4011,-1.632,0.5432,-1.7079,0.0162
-1.5372,0.2102,-1.4979,-1.961,-0.9616,-0.0374,0.9168,2.8116,-3.0164,-0.093,2.2948,-1.6142,0.2561,-1.5053,0.4723
-1.4833,0.2791,-1.1185,-1.9649,-1.3621,0.0018,0.9308,3.0579,-2.9641,-0.2361,2.0533,-1.5712,0.121,-1.3456,0.4327
-1.6259,0.3116,-1.0421,-2.0265,-1.1233,0.2275,0.8915,2.7691,-3.4682,-0.2423,2.0617,-1.5622,0.3089,-1.1815,0.5176
-1.6216,0.6494,-0.9923,-2.1804,-1.2002,0.2726,0.8177,2.5103,-3.5116,0.0555,1.8446,-1.385,0.7781,-1.0558,0.5722
-1.5519,0.597,-0.9796,-1.9674,-1.3197,0.2992,0.6767,1.7966,-3.68,0.237,1.9603,-1.6589,0.7676,-1.0124,0.5578
-1.6522,0.2655,-1.5512,-1.7959,-1.3214,0.2077,0.5702,1.8226,-3.551,-0.0929,2.1586,-1.7804,0.4995,-0.8202,0.5692
-1.4855,0.3316,-1.1743,-1.7762,-1.5485,0.3738,0.8368,1.5627,-3.488,-0.2031,2.0242,-1.9183,0.4226,-0.5357,0.64
-1.5,0.7384,-1.6602,-1.5035,-1.5875,0.4441,0.6447,1.5411,-3.3207,-0.1442,2.069,-1.6443,0.5885,-0.4807,0.8947
-1.5459,0.7496,-1.9274,-1.8449,-1.5985,0.4714,0.5983,1.4438,-4.0357,-0.4443,1.742,-1.9019,0.4336,-0.3648,0.3833
-1.591,0.7498,-2.1986,-1.917,-1.588,0.4744,0.7228,1.5803,-3.039,-0.5367,1.4073,-1.9571,0.5805,-0.3639,0.1576
-1.5922,0.6525,-1.9349,-1.9198,-1.7169,0.6743,0.7624,1.257,-2.8889,-0.9713,1.2091,-1.8021,0.7014,-0.7323,-0.2577
-1.3169,0.3421,-2.0255,-2.0415,-1.3462,0.4388,0.7053,2.0412,-2.5146,-0.6421,0.9898,-2.1561,0.7771,-0.2324,-0.1424
-1.4859,0.5723,-1.6185,-1.8772,-1.4536,0.4981,0.8836,1.9501,-2.4725,-0.3948,1.6229,-2.0893,0.3597,-0.4506,-0.2309
-1.5904,0.2153,-1.6193,-1.6546,-1.504,0.4678,0.852,1.6228,-2.9724,-0.4024,1.6414,-2.1157,0.4438,-0.6642,-0.1912
-1.4688,0.3245,-1.7661,-1.8811,-1.4252,0.4439,0.6928,1.7025,-3.0599,-0.3656,1.5454,-2.1798,0.7344,-0.2923,-0.3718
-1.4792,-0.206,-1.9171,-1.8317,-1.6233,0.418,0.7838,1.5304,-2.9207,-0.0851,1.5436,-2.1726,0.6852,-0.243,-0.0635
-1.559,0.2106,-1.8787,-1.7965,-1.9184,0.2337,0.7776,1.8394,-1.9974,-0.2892,1.8798,-2.1825,0.903,-0.1407,-0.0824
-1.6801,-0.0732,-1.7179,-1.7516,-1.9314,0.3339,0.5266,1.386,-2.5691,-0.5158,1.7306,-2.1882,0.847,-0.542,-0.0954
-1.5886,0.0891,-1.8736,-1.6445,-1.9773,0.2514,0.6651,1.1475,-3.0196,-0.6077,1.6902,-1.8398,0.7277,-0.8441,-0.2046
-1.744,0.114,-2.1244,-1.6291,-1.8126,0.245,0.6002,1.3793,-2.7937,-0.1902,1.4058,-1.9346,0.4572,-0.0921,-0.2194
-1.4141,0.3423,-2.2685,-1.6343,-1.9773,0.2159,0.7189,1.5265,-2.244,-0.2623,1.407,-2.0075,0.5947,-0.5142,-0.2134
-1.3532,0.0205,-2.072,-1.8466,-2.0623,0.0878,0.6423,1.7938,-2.2211,-0.4313,1.6215,-1.9874,0.6408,-0.69,-0.0986
-1.5259,-0.2728,-1.9917,-1.82,-1.9398,-0.1369,0.3735,1.8328,-2.5738,-0.186,1.4768,-2.2266,0.5022,-0.7473,-0.1565
-1.5858,0.1677,-1.7741,-1.6811,-1.7008,0.0594,0.3889,2.3378,-2.1392,-0.1116,1.5133,-2.0856,0.2284,-0.5566,-0.14
-1.683,0.3895,-1.3166,-1.9571,-1.7082,0.0841,0.5052,2.3232,-2.2781,-0.5316,1.734,-2.1142,0.1818,-0.3201,-0.1706
-1.7259,0.3058,-1.0545,-1.5938,-1.6219,-0.0315,0.5694,2.0063,-2.721,-0.6439,1.6725,-1.9415,-0.2369,-0.6885,-0.348
-1.8657,-0.0865,-1.3994,-1.7394,-1.7188,0.0083,0.6028,2.5852,-2.9715,-0.5487,1.8288,-1.8931,-0.0018,-0.5336,-0.4249
-1.698,0.1958,-1.235,-1.6976,-1.8254,-0.1033,0.634,2.5307,-2.4962,-0.3588,1.5057,-1.7222,-0.3803,-0.5536,-0.4999
-1.5011,0.3288,-1.6854,-1.5843,-1.4354,-0.3317,0.6697,2.871,-2.4815,-0.5712,1.7398,-2.0408,-0.2831,-0.6584,-0.4431
-1.7044,-0.0876,-1.157,-1.6125,-1.6985,-0.2807,0.4415,2.6421,-2.4422,-0.271,1.835,-1.7895,0.2922,-1.0212,-0.0708
-1.7258,0.0163,-0.961,-1.6783,-2.3549,-0.0934,0.5281,2.7118,-2.7004,-0.6755,2.135,-1.7664,0.3195,-1.0344,-0.0319
-1.8123,0.0583,-0.8086,-1.2975,-2.2102,0.0974,0.3135,2.3593,-3.3696,-1.1465,2.1551,-1.64,0.1927,-0.6465,-0.3256
-1.73,0.3163,-1.1143,-1.6615,-1.7758,-0.1255,0.2668,2.4987,-3.4127,-1.0437,2.3854,-1.6505,-0.1399,-0.3672,-0.3091
-1.7966,0.7291,-1.1349,-1.9388,-1.7253,-0.174,0.5992,2.1299,-3.4612,-0.7447,2.4327,-1.3948,-0.0069,-0.3649,-0.1403
-1.7924,0.7166,-1.2702,-1.9598,-1.73,-0.228,0.5454,1.8943,-3.7916,-0.7125,2.1561,-0.8923,0.1432,-0.0621,0.0111
-1.7423,0.5396,-1.6529,-1.985,-1.6674,-0.1392,0.3353,1.6114,-3.6307,-0.8668,2.0793,-0.89,0.1671,0.083,-0.3554
-1.9001,0.3357,-1.9718,-1.9474,-1.8917,0.0504,0.4848,1.9918,-3.7418,-0.8802,1.755,-1.3285,-0.0619,0.2254,-0.7392
-1.7874,0.1198,-1.865,-1.9091,-1.7355,0.0877,0.3786,2.0697,-3.0526,-1.1904,1.4415,-1.2283,0.2886,0.0068,-1.0801
-1.9563,0.3624,-1.7882,-1.9423,-1.7371,0.1719,0.3056,1.8985,-2.9999,-0.997,1.6746,-1.4035,0.0582,-0.0873,-0.9476
-1.8546,0.38,-1.7245,-2.0903,-1.4526,0.1348,0.2139,2.0258,-2.6966,-0.9832,1.3855,-1.4114,0.6251,-0.1082,-0.9886
-1.9495,-0.147,-1.6992,-1.6501,-1.5838,0.2627,0.541,2.7619,-2.2429,-1.1603,1.5157,-2.3083,0.3588,-0.4069,-0.8892
-1.7292,0.1437,-1.4352,-1.5838,-1.5011,0.2372,0.3691,2.2353,-2.6328,-0.9046,1.8479,-2.4102,0.552,-0.5755,-0.6004
-1.978,-0.0013,-1.2975,-1.3935,-1.3062,1.0352,0.2856,1.8386,-2.2436,-1.0618,2.1523,-2.3082,0.5717,-0.8089,-0.4354
-1.9691,0.2656,-1.5951,-1.4817,-1.4887,0.7039,0.3353,1.2821,-2.7297,-0.6859,2.0343,-1.8484,0.5252,-0.7079,-0.1998
-2.038,-0.0695,-2.2198,-1.525,-1.4754,0.7351,0.3639,1.5083,-2.9012,-0.8319,1.9774,-1.5091,0.3984,-0.0479,-0.2297
-1.7836,0.3095,-2.3473,-1.7178,-1.8042,0.2889,0.3113,1.4835,-2.3285,-0.3363,1.6025,-1.5872,0.6591,0.2512,-0.3169
-1.4661,0.4682,-2.325,-1.806,-2.0087,-0.0055,0.3347,1.3399,-2.2701,-0.8338,1.2718,-1.5697,0.6854,0.2462,-0.3007
-1.7731,-0.2194,-2.1873,-1.7705,-2.0553,-0.1524,0.415,1.6697,-2.1688,-1.3885,1.2173,-1.7545,0.4202,0.1914,-0.6163
-2.0731,-0.2323,-1.9906,-1.8282,-1.8931,-0.0465,0.361,1.8842,-2.5933,-1.951,1.247,-1.7707,0.2967,0.1866,-0.9735
-1.7896,-0.2609,-1.5823,-1.6533,-1.4993,-0.1817,0.4152,2.0624,-2.6327,-1.1903,1.1974,-2.0405,0.4129,0.1766,-1.0629
-1.9033,-0.3766,-1.7759,-1.5632,-1.6282,-0.0642,0.3128,1.9273,-2.0977,-1.0521,1.4262,-1.8985,0.5887,0.0428,-0.9498
-2.0179,-0.4881,-1.5738,-1.612,-1.5346,0.2483,0.2902,1.571,-2.391,-0.9968,1.4472,-1.7298,0.3976,-0.0796,-0.8009
-1.9644,0.0618,-1.8208,-1.4904,-1.425,0.322,0.6238,1.5031,-2.0242,-0.8219,1.414,-1.7445,0.4127,-0.0882,-0.6709
-1.8585,0.2573,-1.9346,-1.9718,-0.6395,0.0927,0.6188,1.7668,-2.5062,-0.1382,0.9326,-1.8232,0.5863,-0.089,-0.3409
-1.8614,0.3961,-1.8622,-1.7624,-1.2718,0.1175,0.811,1.8344,-2.4483,0.1917,1.1264,-1.9286,0.3531,-0.2972,0.0442
-1.8379,-0.1527,-1.8858,-1.6234,-1.4922,0.1883,0.781,2.1784,-2.5455,-0.2405,1.1417,-2.1056,0.7044,0.0968,0.0557
-2.1884,0.0532,-2.0475,-1.5349,-1.9078,0.4035,0.9341,1.6858,-2.7107,-0.3931,1.3551,-1.9421,0.7186,0.0722,0.0687
-1.9679,-0.192,-2.3524,-1.1236,-1.846,0.5287,0.7479,1.5796,-2.6633,-1.0797,1.3059,-1.8168,0.7363,-0.0644,-0.2225
-1.876,-0.0502,-2.1723,-1.186,-1.9714,0.4409,1.1577,1.4599,-3.0943,-1.1073,1.2851,-1.8399,0.7054,0.2327,-0.4468
-1.8437,-0.1375,-2.5585,-0.8408,-1.7831,0.0506,0.7833,1.5696,-2.8739,-1.2181,1.4008,-1.6274,0.8304,0.2019,-0.2393
-1.9557,0.2829,-2.6427,-1.4321,-1.6752,0.1703,1.0964,1.5306,-2.8699,-0.6074,1.2651,-1.8285,1.0009,0.416,-0.0803
-2.1503,-0.0463,-2.6816,-1.3672,-1.771,0.2666,1.1081,1.2891,-3.9201,-0.8497,1.1769,-1.863,1.93,0.5265,-0.2369
-1.9286,0.285,-2.7778,-1.4741,-1.7133,0.2478,0.5834,0.9387,-3.6444,-0.5714,1.1164,-1.8557,1.8208,1.2464,-0.0543
-2.1254,0.2337,-3.0951,-1.5228,-1.784,0.1973,0.2408,0.5197,-2.9448,-0.915,0.7437,-2.0006,1.7604,1.6707,-0.5512
-2.095,-0.2169,-3.0839,-1.3818,-1.8944,0.1081,0.0656,0.2373,-2.6633,-1.3484,0.3356,-2.2885,1.3005,1.5119,-1.035
-1.7574,-0.3595,-3.0017,-1.2849,-1.8707,-0.1371,0.2871,0.6389,-2.226,-1.0746,0.7475,-2.5371,0.7811,1.6568,-1.0129
-1.8007,-0.1749,-2.9034,-1.4305,-2.2808,-0.1282,0.6127,0.7914,-2.059,-0.9179,0.5498,-2.495,1.0406,1.2885,-1.0583
-2.025,-0.2711,-2.8829,-1.3777,-2.2067,0.0187,0.5936,0.7706,-2.0528,-1.5419,0.63,-2.5789,0.6937,1.1098,-1.0163
-2.0163,-0.2782,-2.6865,-1.092,-2.0805,0.1078,0.4272,1.0117,-1.8509,-1.5299,0.7848,-2.5791,0.663,1.2883,-1.2983
-2.0743,0.0302,-2.4564,-1.0982,-1.8888,0.168,0.2044,0.9046,-2.2701,-1.2972,0.9028,-2.5077,0.6652,0.6335,-1.2463
-2.0721,0.1328,-2.4492,-1.3839,-1.6189,0.1893,0.2547,1.1034,-2.2407,-1.2254,1.053,-2.1662,0.6236,0.8458,-1.2515
-1.9748,0.3198,-2.228,-1.4256,-1.4435,-0.178,0.424,1.054,-2.6508,-1.2129,1.1524,-2.0537,0.8166,0.4593,-1.2452
-2.2783,0.2824,-2.419,-1.4349,-1.5231,0.0443,0.4363,1.2949,-2.6337,-0.8534,1.0192,-1.9699,0.6366,0.3113,-0.953
-2.1797,0.2891,-2.4693,-1.2014,-2.0154,-0.0189,0.5317,1.4294,-2.3873,-1.2206,1.1108,-1.6792,0.3344,-0.0903,-0.956
-2.236,-0.0937,-2.1508,-1.34,-1.7257,0.0104,0.53,1.9411,-2.0933,-1.5413,1.1634,-1.8072,0.4752,-0.2846,-1.0091
-2.3034,0.1541,-1.7727,-1.7365,-1.7448,0.1115,0.215,1.9517,-2.591,-1.4115,0.9058,-1.8256,0.8234,-0.6168,-1.1614
-2.1128,0.3859,-1.7732,-1.749,-1.6768,0.1672,0.1184,2.2698,-2.7206,-1.4938,0.8826,-1.7521,0.7167,-0.6486,-1.4082
-2.0761,0.3292,-1.4615,-1.5988,-1.3597,0.1523,0.4796,2.4791,-2.9848,-1.5427,1.1048,-1.7184,0.4162,-0.595,-1.7733
-2.0444,0.6114,-1.0567,-1.7211,-1.2742,0.0638,0.5663,2.8352,-3.0544,-1.3433,1.6187,-1.8467,0.42,-0.8674,-1.2626
-2.0386,0.5164,-0.7574,-1.7281,-1.2903,-0.0138,0.7045,2.7749,-3.2807,-1.3026,1.5838,-1.8188,0.2821,-1.1808,-0.9382
-2.2152,0.9398,-0.3448,-1.5802,-1.2004,-0.2024,0.6288,3.0887,-3.1583,-0.8084,2.05,-1.3451,-0.2267,-1.2831,-0.5642
-2.5026,1.5704,-0.5083,-1.7595,-1.0517,-0.0116,0.7434,3.4828,-2.8949,-1.0113,1.7721,-1.0445,-0.1077,-1.3091,-0.4829
-2.4231,0.9522,-0.3664,-1.6776,-1.0508,-0.1316,0.6459,3.3954,-2.7927,-1.4215,1.8495,-1.0182,-0.0906,-1.9495,-0.1956
-2.4587,0.9046,-0.3161,-1.7113,-0.8425,-0.0424,0.6068,3.4455,-3.9553,-0.713,2.0746,-1.1249,0.0807,-1.761,0.0677
-2.338,0.6073,-0.4277,-1.7988,-0.697,0.0862,0.5294,3.0943,-4.0382,-0.3293,1.9723,-1.0126,0.3005,-1.6214,0.4999
-2.4477,0.9722,-0.74,-1.633,-0.8841,0.1686,0.7068,3.0639,-3.6245,0.0773,1.6979,-1.03,0.1495,-1.2695,0.6778
-2.5045,0.9111,-0.8577,-1.6419,-1.4447,0.2946,1.0692,2.9351,-4.0592,-0.1963,1.4821,-1.262,0.4503,-0.9353,0.4179
-2.4261,0.7055,-1.0717,-1.5895,-1.2582,0.2736,1.2921,2.8705,-3.3961,-0.4186,1.9573,-1.2457,0.534,-0.6832,0.4294
-2.6991,0.7357,-1.1917,-1.5862,-1.1306,0.3664,0.9201,2.4675,-2.5465,-0.8713,1.8754,-1.4145,0.5403,-0.5988,0.5973
-2.6059,0.8112,-1.1919,-0.4797,-1.3837,0.2867,0.976,2.1326,-3.0356,-0.4402,2.8538,-1.2086,0.3342,-0.5099,0.8742
-2.6498,0.8834,-1.2303,-0.9787,-1.2502,0.1231,0.9107,1.7846,-3.2854,-0.6112,2.6568,-0.8491,0.4528,-0.2273,1.1087
-2.6928,1.2227,-1.7851,-1.5493,-0.9131,0.2703,0.8846,1.2985,-3.8263,-0.059,2.2897,-0.4389,0.9636,0.2189,1.4199
-2.6117,0.4152,-2.2897,-1.3857,-1.0326,0.2376,0.9432,0.8784,-3.5231,0.3283,1.5283,-0.3925,1.2868,0.7049,1.2798
-2.6473,0.5176,-2.7813,-1.2357,-1.4095,0.1564,1.2983,0.9111,-3.2465,0.7063,1.2951,-0.6367,1.711,1.4206,1.1432
-2.3824,0.2785,-2.8359,-1.3094,-1.6932,0.165,0.7536,0.6426,-2.9315,0.3457,0.8292,-1.242,1.7399,1.5329,0.9615
-2.518,0.4306,-3.0612,-1.3982,-1.9689,0.3702,0.6955,0.2344,-2.7659,0.1637,0.4746,-1.7762,1.397,1.8052,0.5566
-2.4815,0.1016,-3.5256,-1.2923,-2.1823,0.1679,0.5643,0.2367,-2.6314,-0.3738,0.3755,-1.9691,1.3586,1.8126,0.2467
-2.4471,0.1703,-3.2066,-1.2982,-2.1546,0.1516,0.3976,0.3142,-2.0595,-0.408,0.0884,-2.0603,1.5004,2.0404,-0.2019
-2.5722,-0.069,-3.1776,-1.0593,-0.9683,0.1192,0.3767,0.244,-1.9595,-0.2062,0.3709,-2.2644,2.0151,2.2474,-0.2976
-2.5953,0.336,-3.2155,-1.3183,-1.0486,0.211,0.4939,0.0766,-2.3145,0.2854,0.121,-2.3845,1.8627,1.6564,-0.2902
-2.5429,-0.3946,-3.0121,-0.993,-1.4651,0.1081,0.8282,-0.0364,-1.994,-0.0558,0.432,-2.3775,1.5689,1.6324,-0.1991
-2.5367,0.3202,-3.0448,-1.1642,-1.7865,0.1498,0.6988,-0.1583,-3.3543,0.1704,-0.1041,-2.4321,1.7988,1.481,-0.4139
-2.6895,-0.0028,-3.3429,-1.0598,-1.9189,0.1642,0.4682,0.1711,-2.4984,-0.3734,0.2093,-2.6422,1.4548,1.8949,-0.6023
-2.7038,-0.1122,-3.2017,-0.9617,-1.8311,0.0771,0.3276,0.0986,-1.9,-0.4535,0.4069,-2.4556,1.8561,1.7709,-0.4952
-2.6342,-0.1464,-3.2456,-1.0684,-1.7135,0.1578,0.2233,-0.0114,-2.2653,-0.9063,0.1942,-2.509,1.5929,1.3948,-0.8436
-2.6618,0.1641,-3.5491,-1.2162,-1.5329,-0.0292,0.3265,0.5315,-1.8394,-0.5674,-0.0756,-2.4813,1.6955,1.6792,-1.1052
-2.5506,-0.364,-3.2931,-1.2175,-1.9526,0.1326,0.3348,0.4594,-1.6235,-0.6498,-0.0061,-2.5965,1.5505,1.0113,-1.2062
-2.4943,0.0638,-3.0268,-1.1737,-1.8792,-0.067,0.3629,1.2079,-1.7573,-0.7452,-0.1091,-2.7731,1.3006,1.7811,-1.1593
-2.3394,0.523,-2.4397,-1.4731,-1.9191,-0.0665,0.335,0.7922,-2.0825,-1.2453,0.2789,-2.9199,1.3478,1.0655,-1.3517
-2.4748,0.4698,-2.2808,-1.3719,-1.6615,-0.0068,0.7321,0.9776,-2.0362,-1.5263,0.4328,-2.6535,1.5552,0.8315,-1.5505
-2.4411,0.5696,-2.1393,-1.3707,-1.3194,0.336,0.2697,0.7407,-2.3755,-1.0775,0.8058,-2.5244,1.5847,0.6628,-1.0379
-2.3109,0.8206,-2.3769,-1.5119,-0.9405,0.13,0.3641,0.3467,-2.3253,-0.3549,0.329,-2.2501,1.5748,0.9294,-0.6961
-2.3846,0.435,-2.7109,-1.1691,-1.3392,0.0604,0.6068,0.3124,-2.4711,-0.4782,0.5375,-2.2677,1.6535,0.2704,-0.5861
-2.4161,-0.0781,-2.768,-1.0633,-1.1857,0.0665,0.5787,0.5633,-2.2475,-0.2367,0.4037,-2.2673,1.6819,0.7509,-0.3095
-2.6332,0.4684,-3.0772,-1.054,-1.454,-0.0017,0.689,0.7666,-2.5749,0.0769,0.1614,-2.3006,1.5671,0.3868,-0.0226
-2.609,0.2228,-2.9451,-1.3196,-1.8348,0.0308,0.612,1.0157,-2.0912,-0.4721,0.0799,-2.2788,1.4736,0.0908,-0.0232
-2.6744,0.2561,-2.5397,-1.5758,-1.8295,0.1123,0.3597,1.4597,-2.037,-0.7762,-0.36,-2.1634,1.1946,0.1642,-0.4524
-2.4709,-0.1801,-2.2292,-1.4012,-1.7398,0.0887,0.2114,1.8027,-1.961,-1.6443,0.0083,-2.6362,1.2121,-0.2482,-0.8325
-2.4648,-0.0423,-1.8864,-1.3598,-1.6859,0.0711,0.0688,2.2,-1.5687,-1.4197,0.3936,-3.1385,0.8071,-0.2819,-1.0517
-2.6685,0.5485,-1.5991,-1.1371,-1.4932,-0.017,0.0948,1.9873,-1.895,-1.5129,0.7274,-2.8875,0.7317,-0.8526,-1.0637
-2.7041,0.4638,-1.5956,-1.0914,-1.4796,0.0719,0.2971,2.2385,-2.3859,-1.7587,0.9891,-2.372,0.9528,-1.3041,-0.9201
-2.6616,0.419,-1.1967,-1.3559,-1.4405,0.0163,0.1059,2.3864,-2.5993,-1.6728,1.032,-2.1235,0.8411,-1.2646,-0.8723
-2.509,0.442,-1.0924,-1.1697,-1.1894,-0.1106,0.347,2.6117,-2.7441,-1.136,1.1508,-2.1361,0.7819,-1.2725,-0.566
-2.6152,0.7607,-0.7321,-1.2808,-1.1245,-0.0731,0.1165,2.2599,-2.9967,-1.067,1.5719,-1.8175,0.6184,-1.4917,-0.1404
-2.6976,1.2173,-1.0334,-1.4194,-0.9419,0.087,0.1498,2.469,-3.1579,-0.531,1.4895,-1.3314,0.6114,-1.3062,0.1418
-2.6951,1.2695,-1.1321,-1.4335,-1.0316,0.0184,-0.1754,2.2082,-3.4038,-0.7373,1.3047,-1.2865,0.4187,-1.1756,-0.1122
-2.6626,0.955,-1.3148,-1.1721,-1.0893,-0.0738,-0.1533,1.8826,-3.4084,-0.8275,1.3679,-1.0033,0.4876,-1.0356,-0.0987
-2.4085,1.0402,-1.2235,-1.0474,-0.7466,-0.2267,0.1478,1.9417,-3.239,-0.1744,1.8851,-1.0398,0.6069,-0.6209,0.4113
-2.5565,1.4743,-1.3262,-1.1991,-0.9447,-0.3436,0.0552,1.6423,-3.6755,-0.1948,1.3883,-0.9333,0.6101,-0.6737,0.5355
-2.4508,1.2208,-1.7108,-1.1823,-1.4836,-0.2634,0.1198,1.5052,-3.6164,-0.4369,1.1573,-0.9884,1.2746,-0.4157,0.3144
-2.4752,1.1659,-1.9987,-1.0442,-1.2954,-0.1827,-0.4347,1.4578,-2.9178,-0.425,0.8716,-1.5103,1.1908,0.0685,0.0434
-2.5161,1.1027,-1.9891,-1.3523,-1.1191,-0.2533,-0.5198,0.2795,-3.2238,-0.48,0.5204,-1.6381,1.3275,-0.0288,-0.2746
-2.4405,0.7392,-2.663,-1.3229,-1.2512,-0.3071,-0.5321,0.7401,-3.0441,-0.2637,0.8172,-1.7864,1.0585,0.6581,-0.0982
-2.4865,1.3022,-2.8521,-1.2333,-1.3676,-0.2769,-0.159,0.5262,-3.0539,-0.1424,0.3421,-1.8322,1.0789,0.9807,-0.3062
-2.5155,0.7207,-3.1419,-1.1795,-1.2578,-0.3478,-0.1166,0.7172,-2.5418,-1.0005,0.0394,-1.9414,1.0889,0.7636,-0.7201
-2.8071,0.4628,-2.7735,-1.1317,-1.257,-0.2767,-0.0892,1.2367,-2.1481,-1.0051,-0.0173,-2.4568,1.3246,0.629,-1.1321
-2.6701,0.2529,-2.6002,-0.8404,-1.3753,-0.1783,-0.029,1.5374,-1.404,-1.6325,-0.0919,-2.3718,1.222,0.3602,-1.492
-2.6934,0.3399,-2.1587,-0.8958,-1.3734,-0.3059,0.0106,2.3877,-1.7145,-1.7083,0.0313,-2.5418,0.7812,-0.2967,-1.4685
-2.6749,0.4954,-1.4744,-0.9882,-1.1803,-0.3155,0.0797,2.3063,-2.0854,-1.959,0.2819,-2.6508,0.7721,-0.7182,-1.9294
-2.7563,0.2314,-1.2885,-1.0028,-0.6768,-0.2799,0.0526,2.4928,-2.2483,-1.7105,0.5259,-2.4821,0.7487,-0.8994,-1.6765
-2.6616,-0.1,-1.2178,-0.875,-0.2915,-0.2023,0.1176,2.4607,-2.8242,-0.8994,0.8576,-1.674,0.6667,-1.1497,-1.1524
-2.6521,0.585,-1.3496,-0.967,-0.7994,-0.2644,0.276,2.9575,-3.1417,-0.3952,0.7412,-1.5278,0.7627,-1.3403,-0.4377
-2.2528,0.4119,-1.0014,-1.1723,-1.1202,-0.6143,0.5151,3.1294,-3.4574,-0.8948,0.7887,-1.4352,0.6177,-1.5655,-0.2686
-2.6204,0.8264,-1.0406,-1.3656,-0.7747,-0.3992,0.1215,3.2197,-3.2716,-0.7739,1.175,-1.5969,0.6674,-1.0211,0.0597
-2.6517,0.9527,-0.8797,-1.3677,-0.9655,-0.1622,0.185,2.2884,-3.219,-0.953,1.185,-1.3719,1.0581,-1.3148,0.2021
-2.5494,1.317,-1.3545,-1.3899,-0.6315,-0.1785,-0.0039,1.8797,-3.6591,-0.7004,0.8264,-1.2046,1.162,-0.632,0.0879
-2.525,0.896,-1.911,-1.3774,-0.5698,-0.3012,0.0234,1.8231,-3.4353,-0.281,0.6137,-1.0876,1.1979,-0.2204,0.3769
-2.3975,0.8143,-1.9256,-1.0676,-0.8407,-0.044,0.2293,1.8,-3.2784,-0.177,0.553,-1.7821,1.1546,0.0437,0.5086
-2.5359,0.6002,-2.1116,-1.1442,-1.0134,-0.0023,0.3597,1.537,-3.1349,-0.0224,0.496,-1.8627,1.2618,0.1896,0.4122
-2.75,0.5904,-2.3063,-1.124,-1.0025,-0.0073,0.3073,1.5622,-2.9941,-0.4032,0.3766,-1.8226,1.3461,0.8293,0.3726
-2.3224,0.533,-2.2226,-1.063,-1.2176,-0.2591,0.2718,1.0213,-2.8933,-0.5201,0.1475,-2.0999,1.0604,1.0601,-0.0757
-2.2102,0.9817,-2.4273,-1.3886,-1.1752,-0.4179,0.5184,1.0235,-2.8287,-0.3254,0.0098,-2.2629,1.3532,0.6789,0.1261
-2.4431,0.8592,-2.6494,-1.0871,-1.39,-0.356,0.225,0.972,-2.4858,-0.4409,0.2251,-2.2768,1.8238,0.7564,0.1362
-2.5111,0.7935,-2.8468,-1.1564,-1.3564,-0.2836,0.2322,0.9467,-2.078,-0.783,-0.062,-2.0366,2.0886,1.0021,-0.1344
-2.6032,0.69,-2.8327,-1.1271,-1.3665,-0.2004,-0.0542,0.8322,-2.1362,-1.054,0.3155,-2.565,1.924,0.5325,-0.4132
-2.6667,0.4942,-2.9758,-1.0407,-1.0809,-0.2945,-0.5897,0.7641,-2.7587,-0.7861,0.1699,-2.5401,1.6213,0.5624,-0.4279
-2.6956,0.1845,-3.3519,-0.9816,-1.1214,-0.3784,-0.6829,0.9054,-2.3077,-0.6457,0.0045,-2.4812,1.1786,0.7217,-0.716
-2.6163,-0.0019,-3.2903,-0.5824,-1.5345,-0.2992,-0.6689,1.1156,-1.7569,-0.8619,0.0402,-2.1335,1.1656,0.6793,-1.0083
-2.6799,0.8614,-2.7389,-0.7543,-1.3559,-0.0788,-0.2857,1.4657,-1.3147,-1.2143,-0.5118,-2.0602,0.7211,0.1375,-1.3412
-2.6923,0.2957,-2.566,-0.6126,-1.3618,-0.0684,-0.5082,1.7765,-2.2702,-1.6434,-0.2757,-2.4973,0.7775,-0.3734,-1.5874
-2.7553,0.4324,-2.5901,-0.5002,-1.1026,0.1954,-0.5098,2.0512,-2.3664,-1.6081,0.3253,-2.4152,0.7547,-0.4596,-1.5602
-2.8173,0.5365,-2.6719,-0.61,-1.2418,0.2554,-0.3301,2.0739,-2.3377,-1.3468,0.435,-2.2871,0.3742,-0.7595,-1.5049
-2.6698,0.4133,-2.5743,-0.9147,-1.0502,0.3909,0.0092,2.2489,-3.6396,-1.1447,0.3246,-1.9051,0.0612,-0.9207,-1.4933
-2.595,1.0177,-2.3978,-0.9552,-0.9996,0.4879,-0.1102,2.8348,-2.3821,-0.9585,0.2509,-1.8173,0.3829,-0.7468,-1.1503
-2.6759,0.6113,-1.8934,-0.9332,-1.0171,0.425,0.0114,2.5901,-2.5897,-1.3896,0.4507,-2.3647,0.5041,-0.6602,-0.9543
-2.6695,0.4487,-1.6332,-0.8955,-0.7405,0.4135,0.0752,2.546,-2.5917,-0.7212,0.7083,-2.0587,0.6811,-0.9968,-0.9909
-2.7088,0.7727,-1.4573,-0.679,-0.652,0.4185,0.6068,2.2365,-2.524,-0.2089,0.8123,-1.8643,0.4392,-1.282,-0.4916
-2.6749,1.0499,-1.7572,-1.2739,-0.7092,0.4258,0.6548,2.3403,-2.9358,-0.2855,0.2585,-1.4529,0.8509,-1.4407,-0.3102
-2.7998,0.7199,-1.8574,-1.0555,-0.9364,0.5534,0.5532,2.4007,-2.6965,-0.494,0.6212,-1.7209,0.8523,-1.1809,-0.2858
-3.1686,0.7821,-2.2658,-1.1016,-0.7787,0.6378,0.5131,2.2877,-2.2346,-0.4926,0.6698,-1.9587,0.7542,-1.0539,-0.1024
-2.8412,0.1179,-2.3312,-1.3096,-0.7998,0.486,0.7028,2.0549,-2.6565,-0.5011,0.5519,-1.7867,0.7969,-1.4551,0.0559
-2.7158,0.5972,-1.9491,-1.2855,-0.8769,0.4177,0.553,2.4425,-2.4471,-0.0933,0.6579,-1.5711,0.8638,-1.5178,0.429
-2.7034,0.6736,-1.8018,-1.2249,-0.8973,0.3433,0.488,2.4049,-2.5706,0.0572,0.9683,-1.6897,0.9553,-1.5891,0.4149
-2.5739,0.7597,-1.7771,-1.2336,-0.8288,0.2258,0.542,2.1486,-2.8541,0.0425,0.813,-1.552,1.3823,-1.3503,0.4981
-2.6323,0.8721,-1.7617,-1.0672,-1.1138,0.3292,0.0607,2.1446,-2.9577,0.1919,0.7475,-1.7553,1.4131,-1.0028,0.5799
-2.5169,0.9581,-1.9309,-1.1085,-1.1706,0.3626,0.0666,2.0029,-2.7889,0.0071,0.4749,-1.6825,0.9831,-0.3028,0.3117
-2.4966,0.5127,-2.228,-1.0164,-1.5023,0.5226,0.0936,1.7736,-3.1464,-0.302,0.4756,-2.1146,1.0252,-0.3733,0.2103
-2.4601,0.4874,-2.4435,-1.0006,-0.9894,0.2506,-0.0596,1.8027,-2.8833,-0.3579,0.8814,-1.8709,0.8766,0.1502,0.0933
-2.5158,0.6395,-2.5672,-1.1263,-0.9632,0.7501,0.0848,1.1686,-2.8345,-0.0639,0.729,-1.4782,0.9003,0.1274,0.1679
-2.5274,0.3424,-2.985,-0.6318,-1.0324,0.5818,0.032,1.1556,-2.663,0.1207,0.9788,-1.6515,1.4668,-0.0814,0.4255
-2.3067,0.8275,-3.0178,-0.8557,-1.0461,0.5447,0.0065,0.9061,-2.5101,0.2124,0.7294,-1.4612,1.4646,0.1705,0.5294
-2.3091,0.8448,-2.9641,-1.1888,-1.3533,0.4006,-0.0837,0.6175,-2.5611,-0.196,0.6511,-1.5849,1.3678,-0.1023,0.1856
-2.4334,0.7488,-3.2227,-1.6847,-1.5096,0.4983,-0.2682,1.006,-2.3034,-0.2702,0.1121,-1.4723,1.7664,0.5284,-0.042
-2.4918,0.3553,-3.3485,-1.092,-1.1258,0.596,-0.2256,0.9842,-1.9742,-0.427,0.0815,-2.0361,1.4131,0.9033,-0.3506
-2.3773,0.8231,-3.1925,-1.1394,-1.4532,0.4605,-0.2767,0.8096,-2.0261,-0.1625,-0.1862,-2.0048,1.8928,0.4548,-0.576
-2.3478,0.604,-3.4032,-1.2519,-1.4506,0.2772,-0.2705,0.9096,-1.8039,-0.7248,0.1396,-2.5983,1.7802,0.5636,-0.8044
-2.2532,0.2769,-3.1914,-1.0493,-1.4053,0.3693,-0.412,0.9724,-1.6966,-1.0085,0.0439,-2.706,1.6474,0.1052,-1.2987
-2.2735,0.4978,-3.4587,-0.9684,-1.4565,0.2574,-0.5484,1.2994,-1.8157,-0.9592,0.3291,-2.7564,1.4205,0.325,-1.3704
-2.3585,0.4461,-3.0868,-0.9871,-1.5578,0.3203,-0.3691,1.0321,-1.7401,-1.1365,0.5248,-2.3961,1.3058,0.1544,-1.3058
-2.379,1.0503,-3.0237,-1.1074,-1.2697,0.4296,-0.1382,1.2875,-1.7923,-1.202,0.126,-2.2593,1.272,0.1473,-1.274
-2.4436,0.7326,-2.8444,-1.0216,-1.2174,0.4386,-0.1799,1.1905,-2.2036,-1.4265,0.2372,-2.1467,1.5703,-0.045,-1.3645
-2.0739,0.6869,-2.7022,-0.3822,-1.025,0.1852,-0.2259,1.2865,-2.1366,-1.0243,0.904,-2.4974,1.4513,-0.4157,-1.0892
-2.3601,0.8474,-2.793,-0.9402,-0.984,0.3843,-0.335,1.2609,-2.4704,-0.731,0.6445,-2.2091,1.4216,-0.6264,-0.7993
-2.3157,0.6956,-2.9872,-1.4726,-1.216,0.2464,-0.3899,1.7865,-2.3086,-0.5305,0.5543,-1.9601,1.1917,-0.4919,-0.6971
-2.3599,0.9188,-2.8801,-1.3976,-1.2842,0.2286,-0.1649,1.9916,-2.0424,-0.6077,0.3648,-1.5948,1.2884,-0.3725,-0.6938
-2.1816,0.7576,-2.3999,-1.248,-1.2539,0.3296,-0.1693,2.3246,-1.8467,-0.8306,0.3998,-1.9617,1.007,-0.7465,-0.5555
-2.2073,0.8469,-1.8735,-1.0904,-0.5475,0.241,-0.3397,2.218,-2.3975,-0.6551,0.4943,-2.4249,0.6003,-0.8305,-0.2249
-2.3838,1.0919,-1.8561,-0.9928,-0.6042,0.4611,-0.3593,2.2276,-2.7135,-0.1101,0.6716,-2.2865,0.7182,-1.5164,-0.137
-2.4735,1.0708,-2.006,-1.1997,-0.718,0.5867,0.3746,2.5182,-2.6457,-0.2596,0.8286,-2.1599,0.5297,-1.648,-0.0967
-2.3105,0.63,-1.8934,-1.2195,-0.7991,0.4535,0.1643,2.6373,-2.4938,-0.4238,0.4949,-1.8845,1.1366,-1.7165,-0.1261
-2.2108,1.0003,-1.615,-1.3718,-1.2217,0.33,-0.1064,3.0995,-2.4785,-0.2339,0.433,-2.0945,1.1038,-1.4753,-0.0725
-2.2683,0.6854,-1.3634,-1.1848,-0.8873,0.1518,-0.3458,3.3339,-2.5703,-0.623,0.5879,-2.0712,0.7429,-1.5773,-0.4091
-2.4625,0.8641,-1.2033,-1.1044,-0.8998,0.3084,-0.1763,3.5879,-2.3118,-0.7317,1.0176,-2.1552,0.6308,-1.6552,-0.5049
-2.5475,0.9713,-0.8223,-1.1866,-0.7474,0.3963,-0.4602,3.1627,-2.7457,-0.7623,1.3191,-1.8,0.7733,-2.0624,-0.3894
