x0,x1,x2,x3,x4,x5,x6,x7,x8,x9,x10,x11,x12,x13,x14
0.0941,0.0705,0.0376,-1.4434,1.0837,-0.256,0.3601,0.9369,-0.091,-0.0851,0.1388,0.5876,-1.1091,-1.4368,0.6493
-0.2009,0.086,-0.1729,-0.8779,0.8321,-0.464,0.3597,0.9441,-0.1832,0.0835,0.2471,0.5841,-1.2947,-1.8484,1.0894
-0.1052,0.0983,0.1233,-0.7688,0.7288,0.0361,0.6988,0.6664,-0.6384,0.2143,0.0338,0.2657,-0.9958,-1.6675,1.0767
0.0821,-0.1328,-0.0623,-0.7029,0.3707,0.449,-0.2939,0.6547,-0.1531,-0.0497,0.1162,-0.2709,-1.0062,-1.4775,0.2028
0.3309,0.1889,-0.0465,-0.7151,0.4146,0.3981,0.0181,0.6128,-0.2944,-0.3482,-0.0736,-0.0842,-1.0713,-1.0598,-0.4235
-0.036,0.2548,-0.1837,-0.2336,0.1771,-0.4528,-0.1245,0.5392,0.0367,-0.5906,-0.2404,-0.1723,-1.0955,-0.7407,-0.7266
-0.6863,0.021,-0.4208,0.328,0.2925,-0.9298,-0.599,0.5681,0.1946,-0.4009,0.0331,-0.1923,-1.3163,-0.4644,-0.7669
-0.8542,0.1724,-1.134,0.6935,0.5162,-1.8321,-0.1626,0.0696,0.1679,-0.103,-0.0704,0.3827,-1.0095,-0.5827,-0.453
-1.4063,0.4473,-1.3709,0.9222,0.402,-1.6656,-0.4723,-0.1601,0.1439,0.619,0.3078,0.2668,-0.7515,-1.2605,-0.0629
-1.5966,0.3989,-0.5538,0.913,0.5103,-1.3106,-0.3089,-0.5459,0.0251,0.8127,0.6616,-0.5123,-0.4405,-1.5208,0.061
-1.1895,0.3011,-0.0771,0.6718,0.4204,-0.666,0.0187,-0.8706,-0.1619,0.8466,0.619,-1.2386,0.2354,-0.4999,0.1951
-0.9815,0.0795,-0.1862,0.5598,0.0712,-0.2919,-0.0837,-0.7414,-0.1383,0.7222,0.6106,-1.1926,0.4063,0.4312,-0.1175
-0.7037,-0.94,-0.1235,0.5703,0.1289,-0.2731,-0.2487,-0.6412,-0.2743,0.5315,0.4852,-1.2083,0.843,1.4016,-0.2589
-0.7693,-0.396,-0.2586,0.5426,0.4687,0.3511,0.2187,-0.4121,-0.345,0.2454,0.3297,-0.5561,0.9539,1.8699,-0.143
-0.1152,-0.5442,-0.16,0.4594,0.3168,0.8407,0.1072,-0.4156,-0.5059,0.0752,0.2175,-0.3029,0.7766,1.8068,-0.5237
0.3417,-0.2199,-0.0756,0.3698,0.364,0.2892,-0.0989,-0.4018,-0.4549,-0.2041,0.1585,0.2892,0.2927,1.7683,-0.9987
0.1565,0.3464,-0.6243,0.3138,0.161,-0.3418,-0.1052,-0.2757,-0.4212,-0.2293,0.0958,0.3101,-0.1737,1.3401,-0.9266
-0.2032,0.6995,-0.5843,0.5463,-0.0659,-0.8308,0.6813,-0.0998,-0.2243,-0.0204,-0.008,0.3033,-0.4017,0.0896,-0.9482
-0.7644,0.5463,-0.7389,0.9639,-0.2198,-1.006,0.5348,-0.0139,-0.2131,0.3725,0.0979,-0.9688,-0.5689,-0.4506,-0.5084
-1.2177,0.4566,-0.2057,1.3632,-0.4476,-0.8757,0.4578,-0.2916,-0.3184,0.6537,-0.0579,-0.6417,-0.0909,0.0143,-0.4645
-1.3315,0.2435,-0.2135,1.7682,-0.1433,-0.4374,0.3859,-0.3021,-0.2546,0.8115,0.0872,-0.8707,-0.2261,0.1606,-0.2601
-0.9505,0.2441,-0.427,1.4678,-0.1606,0.2039,-1.0711,-0.3358,-0.0391,0.4448,0.4358,-0.7992,0.1745,0.9752,-0.2763
-0.7173,0.5967,-0.6054,1.3538,0.25,0.0748,-0.0202,-0.6623,0.0829,-0.2767,0.3297,-0.4371,0.107,1.1551,-0.3496
-0.7595,0.7291,-0.4494,0.9764,0.1357,-0.5461,-0.268,-0.5598,-0.194,-0.2111,0.1091,-0.254,0.0515,1.2727,-0.2988
-0.5356,0.5267,-0.7835,1.1113,0.0418,-0.6767,-0.7934,-0.5703,0.021,-0.0208,0.1372,-0.263,0.0614,1.0602,-0.1904
-0.7181,0.6029,-0.3716,1.1789,-0.0449,-0.7832,0.306,-0.8157,0.0819,0.0612,0.0473,-0.0404,-0.1243,0.5636,0.0175
-0.6214,0.5769,-0.4528,0.8737,0.1537,-0.5197,-0.0659,-0.7872,-0.1099,0.2251,0.3071,0.1309,0.2795,0.421,0.6404
-0.7991,0.7673,-0.1748,0.6656,0.2793,-0.361,1.1164,-0.8765,0.1442,0.2311,0.153,0.1337,0.1304,0.2586,0.1168
-0.6107,0.686,-0.3576,0.8137,-0.0216,-0.1233,0.5046,-0.5724,0.3891,0.1056,0.4586,0.2559,-0.1591,0.2711,0.0491
-0.1891,0.7981,-0.3584,0.5051,0.0798,-0.3238,0.6595,-0.0283,0.7848,-0.0459,0.541,-0.1747,-0.2046,0.3046,-0.0497
-0.7937,0.6216,-0.5738,0.5682,0.1775,-0.5862,0.2542,-0.0787,0.6775,0.0903,0.4912,-0.5683,-0.2407,0.5056,0.1968
-0.6158,1.0042,-0.5675,0.6574,0.3952,-1.1273,-0.2068,-0.1397,0.3875,0.1634,0.3759,-0.3755,-0.3928,0.3206,0.4688
-0.9901,0.921,-0.4346,0.478,0.6077,-1.0363,-0.0795,-0.4069,0.3113,0.2256,0.3849,-0.403,-0.2432,-0.0564,0.7866
-0.6981,0.8858,-0.4766,0.4726,0.7426,-0.5461,-0.0644,-0.2563,0.0437,0.3927,0.4045,-0.5513,-0.8104,-0.2323,1.7725
-0.2676,0.9347,-0.1521,-0.247,0.725,0.0687,0.6551,-0.5217,-0.5276,0.3625,0.0866,-0.888,0.0932,0.1817,2.2776
-0.0092,1.0618,0.6859,-0.6657,0.3626,0.5223,0.5267,-0.0445,-0.0994,0.407,0.0333,-0.6602,-0.0512,0.5265,1.743
0.2249,0.9676,0.6139,-0.8815,0.2164,0.7742,0.4905,0.284,-0.036,-0.0016,0.1769,-0.844,-0.4079,0.7034,1.3435
0.2939,0.8208,0.5258,-0.8442,0.1074,0.7437,0.5079,0.5159,-0.0298,-0.5118,-0.0788,-0.638,-0.3482,1.0796,0.8074
0.5228,0.9206,0.3864,-0.5844,0.0674,0.435,0.8808,0.6537,0.1018,-0.6426,-0.4228,0.165,-0.4047,0.9298,0.7237
0.3584,1.0811,0.0257,-0.581,-0.0972,-0.2592,0.9048,0.8924,0.1072,-0.4121,-0.3957,0.6529,-0.703,0.2366,0.7568
-0.1405,0.9241,-0.0024,-0.3042,-0.2115,-0.5753,0.4597,0.7442,-0.146,-0.1182,-0.0588,0.5496,-1.4238,-0.4938,0.3763
-0.4309,0.5375,-0.3192,0.1571,-0.2423,-1.1518,-0.1508,0.7514,-0.0189,0.2303,0.2202,0.7007,-0.9515,-0.9469,1.0854
-0.8854,0.8672,-0.0202,0.2504,0.2016,-0.5071,0.3795,0.3201,0.4493,0.2798,0.5759,0.1754,-0.5584,-0.9633,1.2889
-0.8502,0.8675,0.1601,0.2341,0.3046,-0.1781,0.4962,0.1061,0.2124,0.0496,0.5942,0.2626,0.1394,-0.4199,1.2794
-0.4218,1.1467,-0.0287,-0.1258,0.1922,-0.2603,0.5067,-0.0123,0.2869,0.0247,0.3529,0.1151,0.499,0.0523,1.9924
-0.5276,1.1383,0.3448,-0.3789,0.3091,-0.0538,0.7883,0.06,0.1383,-0.0458,0.2194,0.0595,0.0706,0.1285,1.3226
-0.2337,1.0562,0.1143,-0.3321,0.0441,-0.0009,0.4295,0.2007,0.1843,-0.1081,0.162,-0.1371,0.5841,0.4133,1.3431
0.0494,1.1933,0.1127,-0.4649,0.0773,-0.5536,0.5695,0.3876,-0.2127,0.3326,0.0113,-0.0482,0.1897,0.9908,1.3196
-0.3408,0.9922,0.1746,-0.2818,-0.2063,-0.5038,0.1249,0.4608,-0.176,0.5913,0.1306,-0.1198,0.1839,0.8298,1.6517
-0.3209,0.6987,0.2879,-0.0855,-0.1643,0.3237,0.8079,0.3183,-0.3717,0.5853,0.1784,-0.4752,0.1563,0.8486,1.989
0.0698,0.9578,0.4364,-0.1712,-0.2552,0.7961,0.9198,0.1876,-0.153,0.2231,0.3407,-0.301,0.1189,1.2264,1.7292
0.4227,0.4137,0.7385,-0.4745,-0.1751,0.9,0.9368,0.066,0.0303,-0.09,0.305,-0.0843,-0.1163,1.3681,1.3008
0.5247,0.5521,0.4156,-0.603,-0.0813,0.1966,1.1288,0.2232,0.1713,-0.3233,0.0302,0.3184,-0.1722,1.6396,1.2845
0.4586,0.6345,0.3973,-0.5442,-0.2467,0.0489,1.3188,0.4937,0.1787,-0.424,-0.1474,0.6287,-0.6029,0.9527,1.2621
0.1702,0.3892,0.0916,-0.4718,-0.2525,0.0212,1.0869,0.6728,0.1015,-0.1072,0.1229,1.0705,-0.1393,0.7733,1.1397
0.3695,0.7108,0.1718,-0.267,-0.1633,-0.3414,0.8895,0.9777,0.2655,-0.1599,0.3977,1.0089,-0.5334,-0.5443,1.0245
0.2132,0.4297,0.4699,-0.2699,-0.1704,-0.4459,0.5347,0.7043,0.218,0.0071,0.5621,0.576,-0.5244,-0.8982,1.3161
-0.2002,0.5971,0.369,-0.0027,0.1288,-0.3698,0.4945,0.7152,0.165,-0.1125,0.7726,0.6339,-0.8149,-0.8628,1.2269
-0.0289,0.7802,0.0481,-0.0543,0.325,-0.3271,0.8443,0.2493,0.1977,-0.2899,0.6597,0.06,-0.477,-0.5633,1.3883
-0.2397,0.9335,-0.2021,0.1563,-0.0902,-0.2611,0.8103,0.3573,0.1834,-0.1494,0.4392,0.0753,-0.5621,-0.4658,1.7079
0.233,0.9828,0.135,-0.0523,-0.1165,-0.5747,0.7193,0.3204,-0.0117,0.196,0.3952,0.0755,-0.6106,-0.7267,1.4446
0.0494,0.7955,-0.085,-0.0799,-0.2646,-0.0755,0.5885,0.4172,0.2745,-0.0884,0.6294,-0.2104,-0.8774,-0.8581,1.0856
-0.0996,1.1135,0.0087,0.0433,-0.2281,-0.652,0.8906,0.5824,0.4172,-0.0946,0.3506,-0.1668,-0.5669,-0.6451,1.0324
-0.31,0.8953,0.1365,0.1989,-0.4113,-0.526,1.0084,0.3969,0.2686,0.1102,0.2083,-0.4201,-0.5295,-0.5085,1.4408
0.9176,0.7162,0.372,-0.3041,-0.3101,-0.4808,0.7583,0.3324,-0.1289,0.1779,0.0733,-0.377,-0.6407,-0.3509,1.81
0.2597,0.5809,0.5104,-0.7521,-0.3982,-0.007,0.8246,0.3067,-0.0642,0.2713,0.0802,-0.3013,-1.0289,-0.0256,1.8115
0.381,0.6749,0.5268,-0.5331,-0.3515,0.2508,0.929,0.7345,-0.1101,0.2194,0.1641,-0.0004,-0.7069,0.0974,1.9664
-0.0025,0.8428,0.9162,-0.563,-0.3673,0.5128,0.9276,0.6037,-0.0741,0.2715,0.0931,0.0247,-0.4755,0.6088,1.2059
0.4521,0.9598,0.4949,-0.1878,-0.3047,0.4775,0.5323,0.7003,-0.3533,0.1696,0.1551,0.2336,-0.4687,0.4873,1.2811
0.4632,1.4352,0.0639,-0.2252,-0.4346,0.5654,0.884,0.4602,-0.1109,0.0188,0.3926,0.0252,-1.1583,0.3911,0.7149
0.7522,1.124,-0.237,-0.41,-0.7772,0.3865,0.9411,0.2429,0.1691,0.2395,0.2665,-0.2268,-1.5558,-0.4934,0.6575
0.2164,1.1214,0.3695,-0.315,-0.9024,-0.3056,0.6597,0.3553,0.2883,0.2285,0.3695,-0.4651,-1.5572,-0.9384,0.4628
-0.15,1.0397,0.6976,0.1908,-0.862,-0.6502,0.8395,0.5967,0.2675,0.2219,0.2462,-0.3872,-0.8711,-0.547,0.5795
-0.2739,0.8601,0.3412,0.5253,-0.8701,-0.7677,0.8469,0.7266,0.1516,0.3023,0.2523,-0.481,-0.8214,0.2393,1.0297
-0.8366,0.9852,0.3775,0.6552,-0.8208,-0.5379,0.9718,0.4361,0.1141,0.5617,0.1762,-0.7954,-0.9954,0.424,1.0809
-0.6025,0.8601,0.4369,0.6693,-0.7614,-0.5064,0.8764,0.3011,-0.0488,0.5183,0.5124,-0.9731,-0.2952,0.6657,1.0016
-0.7096,1.0671,0.361,1.1096,-0.7174,0.0233,0.4361,0.268,0.06,0.4665,0.4759,-1.2175,-0.3422,1.434,0.8581
-0.2989,0.7226,0.5413,0.8558,-0.7402,0.2945,0.5219,0.3239,-0.0416,0.3133,0.2813,-1.2054,-0.4081,1.8245,0.7024
-0.2793,0.5729,0.3718,0.8228,-0.7378,0.4056,0.3588,0.3879,0.1067,0.0327,0.1503,-1.124,0.067,2.0889,0.5355
0.2307,0.9235,-0.0051,0.8587,-0.5256,-0.1056,0.8933,0.311,-0.1739,0.0254,0.0805,-0.8803,-0.2907,2.4137,0.3226
0.0562,0.8026,-0.0033,1.0272,-0.8499,-0.6565,0.7081,0.1896,-0.2622,0.0486,-0.148,-0.8566,-0.4799,2.277,0.7637
-0.1342,0.8762,0.2272,0.8814,-0.8005,-0.4173,0.7752,0.1608,-0.0984,0.0177,-0.6335,-0.7112,-0.736,2.1184,0.8765
-0.1382,0.7568,0.3082,0.8975,-0.7848,-0.5169,1.0398,0.1349,-0.0928,-0.037,-0.3764,-0.9401,-0.7314,2.1203,1.3276
-0.4723,0.4755,0.5101,0.7275,-0.6129,-0.2801,0.7595,-0.0036,-0.1697,0.1036,-0.1524,-0.3993,-0.6406,1.7292,1.7562
0.1727,0.2707,0.8644,0.1697,-0.3503,0.0657,0.6838,-0.1336,-0.2062,-0.0858,0.0663,-0.5392,-0.227,2.5807,2.1179
-0.2418,-0.2513,0.7713,-0.1843,0.0802,0.4805,0.5754,0.6655,-0.1524,-0.295,-0.0904,-0.0723,-0.0396,2.5691,2.2589
0.1247,-0.1369,0.7652,-0.4417,0.2318,0.6306,0.5383,0.5228,-0.0732,-0.568,0.0514,0.1502,0.5571,2.6188,2.327
0.553,0.3919,0.3333,-0.9095,0.377,0.6386,0.7526,0.6858,-0.0956,-0.7543,0.1414,0.5568,-0.0229,1.8858,1.6772
0.7278,0.7979,0.4787,-0.8081,0.3377,-0.1944,0.7824,1.0682,0.0278,-0.9277,0.0421,1.1182,-0.7583,0.72,1.012
0.6047,1.1023,0.5429,-0.3776,-0.2421,-1.0615,1.3153,1.2199,0.267,-0.7889,0.1454,0.6921,-1.1896,-0.3593,0.7095
0.111,1.023,0.2969,-0.1866,-0.4676,-1.6872,0.8511,1.3154,0.5189,-0.2843,0.3019,0.1418,-1.5195,-0.7753,1.3012
-0.9694,0.9217,0.3951,0.2449,-0.427,-1.7548,0.5186,0.9643,0.1515,0.293,0.3552,-0.6168,-1.3318,-0.8284,1.7729
-0.9854,0.5851,0.7793,0.6174,-0.3538,-1.1361,0.6095,0.5779,-0.0083,0.4464,0.5689,-0.8104,-0.5431,-0.3216,2.5562
-1.0066,0.5185,0.4906,0.2369,-0.1024,0.2118,-0.2103,0.2781,-0.0415,0.3112,0.7949,-1.027,-0.148,0.3806,2.1167
-0.2436,0.3188,0.4308,0.2139,0.2861,0.4977,-0.0472,0.2254,-0.0589,-0.4818,0.7563,-0.4797,0.0937,1.3109,1.6376
0.3422,0.5503,0.5293,0.103,0.2234,0.4849,0.2949,0.3026,-0.3484,-0.578,0.3603,0.1443,-0.0664,1.3939,1.2713
0.4622,0.5803,0.4094,0.0695,-0.0161,0.1843,0.8627,0.4178,-0.1536,-0.5556,0.186,0.1538,-0.2354,1.1906,0.8685
0.2734,0.4272,0.0364,0.0097,-0.1439,0.0364,0.9417,0.7231,-0.1307,-0.5161,0.0081,0.4738,-0.5028,0.6746,0.2716
0.0097,0.6082,-0.0556,0.4759,-0.3853,-0.583,1.4023,0.8611,0.1373,-0.3957,-0.0036,0.3386,-0.6126,-0.1009,0.1337
-0.4472,0.6711,-0.1425,0.5749,-0.6498,-1.0417,0.8975,0.7413,0.0503,0.004,0.2868,0.4103,-0.5187,-0.4069,-0.0396
-0.6591,0.3039,0.0772,0.9621,-0.8349,-1.1808,0.753,0.6608,0.1398,0.0892,0.557,-0.1047,-0.3673,-0.4588,-0.0069
-0.7169,0.4268,0.1361,1.5705,-0.6126,-0.9939,0.643,0.5829,-0.186,0.5542,0.6082,-0.0995,-0.1563,0.0802,0.4142
-1.0295,0.2997,0.2565,1.703,-0.7007,-0.1265,0.3369,0.5278,-0.5618,0.3886,0.7999,-0.6831,-0.3061,0.4898,0.5501
-1.0519,0.1955,0.135,1.5687,-0.6723,1.0293,0.3515,0.0432,-0.6762,0.4679,0.6296,-0.5354,0.1154,0.9523,0.1671
-0.0878,0.3747,0.1618,1.5236,-0.9166,0.9064,-0.0799,0.0077,-0.1472,-0.1294,1.1121,-0.662,0.3703,1.7189,0.0168
-0.2291,0.7852,0.0021,1.3622,-0.6326,0.4279,0.1519,-0.1877,0.11,-0.7148,0.9448,-0.4952,-0.207,1.8315,-0.5876
-0.142,0.5669,-0.0732,1.1189,-0.82,-0.3755,0.4993,-0.3383,-0.0845,-0.4039,0.4092,-0.4096,-0.3219,1.6426,-0.5065
-0.212,0.4271,-0.4595,1.5396,-1.1181,-0.9916,0.9161,0.0281,0.0329,-0.0003,0.2802,-0.1805,-0.8212,1.033,-0.0496
-0.8231,0.52,-0.1892,1.5827,-1.0125,-1.2859,0.5165,0.1821,0.0157,0.4288,0.4842,-0.342,-0.4516,0.813,0.7461
-1.1978,0.1324,0.1825,1.5847,-0.772,-0.4702,0.7135,0.1043,0.1358,0.4543,0.7848,-0.6231,-0.0362,0.7527,1.1166
-0.8493,0.2708,0.6948,1.4464,-0.344,0.2875,0.5895,-0.1478,0.5696,0.0285,1.2406,-0.3502,-0.0095,0.9567,0.7173
-0.6994,0.3169,0.1585,1.2406,0.0698,0.0293,0.4054,-0.075,0.5814,-0.4083,1.3837,-0.2123,0.315,1.5889,0.442
0.004,0.5706,-0.2694,1.2115,0.3842,-0.3726,0.2705,0.0667,0.6672,-0.5918,1.074,0.362,0.3322,1.6382,0.6626
-0.2261,0.4928,-0.0788,0.8617,0.2537,-0.8043,0.6429,0.1525,0.2786,-0.3353,1.0409,0.2172,-0.2742,1.1567,0.527
-0.2353,0.1233,-0.5245,0.8568,0.0302,-0.7729,0.6544,0.4966,0.325,-0.4945,0.8978,0.3104,-0.1259,0.878,1.6198
-0.5165,0.9123,-0.2306,0.4836,0.2019,-0.3649,0.5565,0.3083,0.1759,-0.2559,0.8041,-0.0553,-0.2636,0.6684,1.3986
-0.4391,0.7737,-0.41,0.4367,0.0738,-0.2996,1.1927,0.2733,0.1712,-0.2079,0.6506,-0.3161,-0.6231,-0.2613,1.156
-0.2966,0.8244,-0.7162,0.2686,-0.2938,-0.3319,0.6901,0.5843,0.3323,-0.1549,0.7065,-0.4725,-0.502,-0.1197,1.2174
-0.1433,0.2939,-0.4586,0.2261,-0.4283,-0.2444,0.3235,0.6205,0.1471,-0.1041,0.5595,-0.6898,-0.5068,-0.0506,0.8164
-0.2087,0.3234,-0.4154,0.4494,-0.3129,-0.095,0.8226,0.8709,0.2854,-0.174,0.4695,-0.3698,-0.778,-0.158,0.7749
-0.2152,-0.2672,-0.2776,0.6318,-0.5374,-0.4987,0.6582,0.6496,0.492,-0.1225,0.6974,-0.3487,-0.12,0.3257,0.6207
-0.2728,0.0267,-0.2447,0.4384,-0.1254,-1.0911,0.9859,0.6754,0.4573,-0.0019,0.6265,-0.1711,0.2035,0.9862,0.8185
-0.2813,0.2373,-0.2588,0.606,-0.0447,-0.9211,0.436,1.0002,0.391,0.1659,0.7511,-0.1289,-0.154,0.8457,1.0895
-0.4856,0.2586,-0.1958,0.729,0.1557,-0.7102,0.1639,0.7977,0.5438,0.2984,1.0568,-0.1935,-0.1985,0.8802,1.3627
-0.5127,0.1966,-0.2869,0.6618,0.4824,-0.4058,0.9363,0.6995,0.2873,-0.0694,0.9706,-0.128,-0.0064,0.8525,1.4719
-0.4049,0.329,-0.3477,0.532,0.3657,-0.2191,0.7321,0.8061,0.157,-0.0523,0.8373,-0.2658,-0.1717,0.8871,1.6611
-0.3059,0.1859,-0.4555,0.4607,0.088,-0.215,0.7417,0.7889,0.1687,0.0828,0.5912,-0.636,-0.5389,0.914,2.0783
-0.2846,0.3819,-0.3205,0.2192,0.0689,0.2296,0.7904,0.5542,0.0995,-0.1037,0.4751,-0.5283,0.2427,1.2231,2.0917
0.3534,-0.0703,-0.0429,-0.2013,-0.0213,0.1701,0.9423,0.7847,0.1524,-0.414,0.2898,-0.6526,-0.0449,1.2028,1.6226
0.7807,0.1076,-0.2849,-0.2019,0.118,-0.1462,1.0839,0.9708,-0.0026,-0.2981,0.1428,0.1199,-0.2769,1.6322,1.2874
0.5948,0.1765,-0.1224,-0.1371,-0.1914,-0.3723,1.0103,1.3006,-0.0618,-0.3077,0.161,-0.0647,-1.1559,0.6825,1.4496
0.2634,0.1346,-0.232,-0.2027,-0.3104,-0.3996,1.216,1.3368,0.3985,-0.4919,0.1633,0.2165,-1.0906,0.2052,1.38
0.0631,0.6009,0.0187,-0.0114,-0.2645,-1.0741,1.2645,1.4473,0.5001,-0.5031,0.262,0.394,-1.2093,0.0204,1.4221
-0.4896,0.5756,-0.4282,0.3079,-0.3291,-0.3396,1.0746,1.1907,0.2538,-0.3381,0.3364,0.5818,-1.0134,-0.215,1.2669
-0.561,0.4884,-0.2535,0.456,-0.1122,-0.2004,1.3983,0.8792,0.2772,-0.1455,0.3778,0.2757,-0.8487,-0.5289,1.1255
-0.0429,0.4553,-0.6103,0.5584,-0.3301,-0.7076,0.8067,0.7079,0.3229,0.0128,0.5072,0.7684,-0.744,-0.5873,0.835
-0.4193,0.5698,-0.0057,0.7357,-0.498,-0.6602,0.7034,0.631,-0.1898,0.3473,0.9053,0.3674,-0.8872,-1.0494,0.728
-0.6735,0.6352,-0.4033,1.267,-0.7144,-0.586,0.9509,0.7775,-0.2916,0.4968,0.9632,-0.203,-0.9715,-0.729,0.6696
-0.804,0.4623,-0.6031,1.2484,-0.7134,-0.1788,0.5421,0.5185,-0.2193,0.6688,1.0297,-0.6194,-0.8404,-0.5494,0.5867
-0.4773,0.9305,-0.3722,1.3053,-0.7624,0.1898,-0.2906,0.301,-0.0981,0.5797,1.2638,-0.9817,-0.8464,-0.0967,0.4842
-0.2053,0.9266,-0.2753,1.3656,-0.7137,0.2683,0.2001,-0.1003,0.0787,0.0956,1.1931,-1.252,-0.9968,0.4261,-0.0296
-0.0776,0.9021,-0.4547,1.6122,-0.7104,-0.483,0.2947,-0.2579,-0.0013,0.0358,0.7598,-1.6841,-0.8173,0.6003,-0.0496
-0.4892,0.432,-0.7467,1.4671,-0.8416,-0.5269,0.4911,-0.2419,0.0496,-0.0343,0.4014,-1.1504,-0.6844,1.0452,-0.0318
-0.5229,0.272,-1.0893,1.5063,-0.8506,-0.2353,0.9034,-0.2338,0.0968,0.0749,0.2258,-1.7599,-0.5627,1.2434,0.2928
-1.1415,0.0796,-0.6498,1.4295,-0.7011,-0.5729,1.3255,-0.2696,-0.1158,0.2119,0.0894,-1.301,-0.2611,1.7284,0.2435
-1.0332,0.072,-0.1576,1.4903,-0.5834,-0.7905,0.8437,-0.1487,-0.1216,0.4495,0.1855,2.0546,0.1649,1.8508,0.7446
-1.1216,0.1586,-0.1791,1.2805,-0.628,-0.0576,0.8536,-0.525,0.2368,0.4285,1.3319,0.8191,0.5696,1.069,0.9635
-0.5762,0.0949,-0.4467,1.242,-0.2117,-0.256,0.8287,-0.4656,-0.0181,0.4511,1.5407,0.4441,0.5638,1.133,0.862
-0.2519,0.5588,-0.4226,0.8185,-0.2144,0.0594,0.8885,-0.4806,0.2173,-0.018,1.2853,0.033,0.2235,1.0623,0.6107
-0.2255,0.7355,-0.4643,0.7331,-0.2789,-0.6958,1.1467,-0.2944,0.1691,0.0488,0.7709,-0.1414,-0.1998,0.8833,0.172
-0.2776,0.7444,-0.664,0.978,-0.7871,-1.244,1.1759,-0.1631,0.4172,0.1288,0.6525,-0.3703,-0.4077,1.0948,0.392
-0.3761,0.32,-0.6675,1.3013,-0.784,-1.417,1.0721,-0.0562,0.728,0.172,0.8714,-0.897,-0.2837,1.077,0.9829
-1.0631,0.3474,-0.4675,1.1143,-0.4926,-1.4684,0.609,-0.3058,0.627,0.4106,0.8869,-0.746,-0.1637,1.2262,1.4544
-1.0965,0.5918,-0.3069,1.2814,0.0082,-1.1551,0.7852,-0.172,0.574,0.4137,0.7246,-0.4229,0.0912,1.5645,1.6968
-0.7755,0.375,-0.1075,1.0265,0.0185,-0.8015,0.7411,-0.2831,0.8614,0.5145,0.9368,-0.4409,0.4584,1.9902,2.1518
-0.4371,0.5762,0.1194,0.3978,0.336,-0.6105,1.2203,-0.3376,0.7948,0.2017,1.0926,-0.1529,0.1492,2.4535,2.0857
-0.4427,0.9573,-0.1015,0.1626,0.4606,-0.8266,1.1773,-0.1635,0.6028,0.0488,1.0438,-0.0112,-0.0384,2.1085,2.1633
-0.1813,0.5528,0.0679,-0.1295,0.1081,-1.0379,1.3052,0.0872,0.3976,0.2396,0.8586,0.0056,0.2782,2.1361,2.3535
-0.204,0.3219,-0.192,-0.2401,0.0114,-0.7012,1.0376,0.0783,0.6582,0.1722,0.8848,-0.4141,0.1125,2.1353,2.6367
-0.6575,0.534,-0.0657,-0.1519,0.2545,-0.4331,1.7164,0.2093,0.6628,-0.0548,0.694,0.0798,-0.9429,1.6399,2.2636
-0.0093,0.6071,-0.5801,-0.2582,0.0882,-0.6562,1.0436,0.367,0.6601,0.0959,0.6913,0.1348,-0.6046,1.0279,2.3647
0.4311,0.6571,-0.1923,-0.6206,0.1201,-0.736,1.2355,0.4004,0.5841,0.1336,0.7617,-0.0483,-1.0046,0.4673,2.1866
0.1668,0.6989,-0.3236,-0.4565,0.1381,-0.9827,1.4178,0.3985,0.5813,0.0687,0.7591,-0.133,-1.2153,0.1755,2.0513
-0.0693,0.6315,-0.4636,0.0454,0.0697,-0.7241,1.2281,0.4582,-0.1127,0.4455,0.4783,-0.2728,-1.0126,-0.1739,1.7913
-0.07,0.4328,-0.7363,0.0249,-0.2999,-0.6431,1.2771,0.4021,0.1514,0.4556,0.6417,-0.4839,-0.6069,-0.209,1.4483
0.4486,0.4266,-0.5172,0.0347,-0.4208,-0.3254,1.2072,0.3397,-0.0933,0.4485,0.7652,-0.4628,-0.6182,-0.0145,1.232
0.7746,0.1957,-0.7489,-0.0423,-0.8319,-0.7126,1.5442,0.3567,0.0834,0.5762,0.6859,-0.3516,-1.4374,-0.2962,1.1085
0.223,0.1971,-0.5359,-0.0147,-0.6582,-0.7133,1.6664,0.4243,0.1679,0.4949,0.7966,0.2076,-1.173,-0.565,1.2389
-0.2427,0.4213,-0.6251,0.2234,-0.5987,-0.8374,1.6617,0.3243,0.2539,0.5541,0.9709,0.3366,-0.9728,-0.5983,1.1541
0.1403,0.6237,-0.8529,0.0748,-0.7643,-0.7647,1.709,0.6508,0.1561,0.5786,1.0769,0.3463,-0.9553,-0.926,1.0348
0.5312,0.8633,-0.9095,0.3549,-1.0803,-1.2812,1.6415,0.6956,0.304,0.9907,0.9195,-0.132,-0.7975,-1.0079,0.9008
0.0862,0.6797,-0.7486,0.5797,-1.0929,-1.0659,1.3186,0.8012,0.3417,1.0497,1.1418,-0.3509,-1.2783,-0.8736,1.0635
-0.0129,0.6734,-0.4582,0.6841,-1.0107,-0.7407,2.3205,0.6579,0.3108,1.1589,1.0854,-0.8865,-1.1026,-0.8967,1.3061
-0.0727,0.4775,-0.5657,0.6508,-1.065,-0.5065,1.8278,0.4793,0.3749,1.4106,1.0522,-1.4445,-0.8443,-0.3017,1.3231
-1.0033,0.5624,-0.1479,0.9959,-1.1005,0.0515,1.2144,0.3741,0.5223,1.2088,1.1698,-1.6078,-0.942,0.057,0.728
-0.1763,0.4337,-0.4434,1.2338,-0.7556,-0.3704,1.4124,0.2805,0.3425,1.0382,0.9289,-1.4383,0.0356,1.4224,1.1447
-0.0523,0.107,-0.5216,0.6207,-0.8459,-0.0906,1.4338,0.06,0.398,0.7842,0.7766,-2.0695,-0.0872,1.9169,1.1408
0.3191,0.338,-0.4044,0.4077,-0.7566,-0.0173,1.502,0.1184,0.3972,0.5019,0.3716,-1.6524,-0.2328,2.199,1.5028
0.5645,0.1417,-0.2241,0.0565,-0.7347,-0.1527,1.659,-0.0311,0.235,0.2992,0.1288,-1.1801,-0.3522,2.4414,1.6035
0.4861,0.4453,-0.1461,-0.0731,-0.7287,-0.411,1.9,-0.021,0.6191,0.1578,-0.1057,-0.727,-0.4484,1.9547,1.7972
0.1706,0.5648,-0.3741,-0.3528,-0.6714,-0.3986,2.3483,0.1555,0.6896,0.0233,-0.0751,-0.9532,-0.5204,1.7351,1.8565
0.6157,0.3094,-0.6276,-0.4142,-0.7842,-0.5823,1.7794,0.3769,0.6934,0.1953,-0.1564,-0.9005,-1.1376,1.3778,1.3328
0.6775,0.0905,-0.582,-0.3774,-0.7774,-0.7444,1.6589,0.7733,0.4704,0.3629,-0.1201,-0.3715,-0.518,1.4271,1.5474
0.1803,0.3428,-0.7484,-0.4429,-0.6988,-0.901,1.626,0.6123,0.6227,0.3084,0.1251,-0.4254,-0.8176,0.7771,1.0007
-0.0315,0.4327,-0.7895,0.06,-0.6127,-1.163,1.3322,0.8587,0.6833,0.6369,0.3891,0.0235,-0.744,0.5673,1.3732
-0.0827,0.4791,-0.4926,0.336,-0.582,-0.6543,1.3415,0.7117,0.6263,0.6057,0.7267,-0.3001,-0.899,0.0819,1.5195
-0.343,0.2444,-0.1719,0.3357,-0.3961,-0.4116,1.1938,0.4561,0.6369,0.4012,0.8657,-0.4406,-0.8916,0.0574,1.1832
-0.1213,0.1592,-0.4822,0.1267,-0.2329,-0.6801,1.0109,0.3141,0.6683,0.359,0.8861,0.1041,-0.5607,0.3891,1.2417
-0.5361,0.1845,-0.6233,0.2166,-0.1295,-0.5858,1.0858,0.5796,0.3673,0.6498,0.9798,0.1575,-0.3788,0.4708,0.9353
-0.2233,0.126,-0.6619,0.6938,-0.2915,-0.3068,1.0219,0.5465,0.0772,0.7735,1.2414,-0.9158,-0.291,0.5833,1.0532
-0.2235,0.2844,-0.9645,0.8096,-0.3869,-0.0747,1.2785,0.1416,0.3331,0.6197,0.9105,-0.8114,-0.4402,1.7093,1.2793
-0.2355,0.3871,-0.8712,0.674,-0.2679,-0.1341,1.3433,0.0456,0.511,0.5641,0.9425,-0.7742,-0.766,1.3659,1.1667
-0.3737,0.1986,-0.7739,0.9074,-0.3426,-0.4529,1.0435,0.1286,0.8001,0.4335,0.901,-0.3721,-0.8168,1.4046,1.2023
-0.2928,0.4844,-0.9405,0.7421,-0.0967,-0.831,1.2358,0.0828,0.6959,0.4998,0.943,-0.0473,-0.6311,1.5108,1.5589
-0.4831,0.7574,-0.8314,0.5509,-0.0374,-1.2725,0.764,0.2592,-0.4436,1.1533,0.9515,-0.4233,-0.5648,1.0381,1.7251
-0.5797,0.5797,-0.4321,0.623,-0.7128,0.0711,0.4824,0.145,0.2087,0.9197,1.2181,-0.667,-0.7292,0.7839,1.5794
-0.2109,0.4492,-0.0339,0.5843,-0.5666,0.4572,0.7337,-0.2501,0.231,0.3649,1.2968,-1.1896,-0.3706,1.0542,1.216
0.1861,0.4064,-0.1613,0.3739,-0.4582,0.742,1.0618,-0.2222,0.4629,-0.2824,0.8296,-0.6942,-0.4029,1.762,0.7855
0.775,0.4099,-0.4409,0.0904,-0.5975,0.0146,1.2144,0.017,0.5727,-0.4404,0.4929,-0.354,-0.7848,1.502,0.573
0.5356,0.445,-0.2764,0.2228,-0.6045,-0.7294,1.6166,0.2505,0.2511,-0.0961,0.1593,-0.0542,-1.1745,1.0808,0.609
0.1139,0.545,-0.484,0.4522,-1.026,-1.1496,1.4341,0.1418,0.3789,0.1859,0.2216,0.0148,-1.2832,0.737,1.1224
-1.4101,0.17,-0.3975,0.8037,-1.0176,-1.2249,2.1308,0.1191,0.9023,0.4222,0.3133,-0.0162,-0.7651,0.6865,0.7632
-1.0922,0.5393,-0.3841,1.0842,-0.9664,-0.8112,0.9626,-0.1512,0.4944,0.7571,0.6466,-0.3304,-0.4361,1.2798,0.9095
-1.1002,0.31,-0.1338,1.3649,-0.7848,-0.3738,1.2491,-0.1638,0.5498,0.662,1.0345,-0.4547,-0.1829,1.6975,0.8086
-0.9248,-0.1357,-0.3175,1.2959,-0.5892,-0.0941,1.9959,-0.2615,0.1601,0.6497,0.8309,-0.2826,-0.2518,1.8409,0.1029
-0.8123,0.0231,-0.5245,1.6129,-1.1845,-0.0898,1.594,-0.2333,0.0054,0.8023,0.8686,-0.6673,0.0067,1.8636,-0.1209
-0.8286,0.2147,-0.8757,1.6596,-1.3342,-0.2021,1.1904,-0.4473,0.4728,0.9921,0.9035,-0.9502,-0.3331,1.7575,-0.1131
-0.9347,0.2645,-1.423,1.4767,-0.9825,0.2449,1.3696,-0.4288,0.309,0.5784,0.7865,-0.8716,0.0712,2.2482,0.2766
-0.3052,0.4726,-0.7063,1.2343,-0.9498,0.0438,1.1512,-0.469,0.4223,0.3608,0.996,-0.8037,0.392,2.6871,0.2299
-0.3295,0.6381,-0.7571,1.1448,-0.9713,-0.0606,1.9506,-0.178,0.4498,0.1145,0.7639,-0.3463,-0.2005,2.6019,0.2824
-0.0054,0.2061,-0.9528,0.805,-0.9692,-0.3461,1.8292,-0.119,0.2661,0.2678,0.3679,-0.5907,0.1063,2.4801,0.2746
-0.1457,0.6176,-0.8132,0.5515,-1.0323,-0.4309,1.3995,-0.1749,0.3573,0.1821,0.4732,-0.3691,-0.3553,2.1545,0.5057
-0.1028,0.5887,-1.142,0.8891,-0.9475,-0.6439,1.3796,-0.0496,0.7898,0.011,0.4174,-0.1832,-0.7664,1.8006,0.574
-0.3257,0.5222,-0.9112,0.7561,-0.684,-0.9897,1.4045,-0.2417,0.5365,0.06,0.3652,-0.2386,-0.6877,1.1785,0.5233
-0.6964,0.614,-0.854,0.9347,-0.7286,-0.5553,1.2651,-0.2447,0.4593,0.2574,0.4193,0.0137,-0.7394,0.8238,0.6055
-0.1021,0.5199,-0.865,0.7228,-0.8643,-0.7117,1.1577,-0.3199,1.0347,-0.2314,0.5641,-0.1447,-0.5336,0.5419,0.7713
-0.4231,0.9652,-1.0483,0.3527,-0.5591,-1.1001,1.5591,-0.3861,0.6949,-0.1471,0.4064,-0.4005,-0.655,0.3607,0.744
-0.386,0.7581,-1.2544,0.4134,-0.7051,-0.7576,1.3322,-0.0105,0.7172,-0.1127,0.37,-0.7237,-0.5309,0.2351,0.4857
-0.6352,0.4802,-0.836,0.9681,-0.7006,-0.7361,1.0524,0.0382,-0.333,0.6397,0.3006,-0.926,-0.5729,0.4761,0.5788
-0.0752,0.3642,-0.9837,0.7578,-1.0616,0.2913,0.9144,-0.2357,-0.0174,0.5135,0.58,-1.1086,-0.367,0.8555,0.4683
0.066,0.4579,-0.8087,0.5535,-1.18,0.4225,1.1917,-0.3423,0.5071,0.0023,0.575,-1.1099,-0.8741,1.1647,0.1501
-0.2028,0.2265,-0.8666,0.608,-1.1156,-0.6152,1.1092,-0.1983,0.2938,0.1344,0.4565,-0.879,-0.3397,1.7926,-0.0581
-0.126,0.153,-0.1592,0.778,-1.1128,-0.7309,1.469,-0.2055,0.1209,0.6485,0.3099,-0.6254,0.0385,1.9564,0.2123
0.14,0.0492,-0.7559,0.6099,-1.2363,-0.0375,1.9603,-0.1271,0.7981,-0.0792,0.6065,-0.4219,-0.3677,2.1695,0.6321
0.3484,0.493,-0.7535,0.497,-0.8474,-0.2466,2.044,-0.298,0.793,-0.1074,0.3941,-0.3172,-0.5073,1.741,0.3712
-0.1603,0.453,-0.7936,0.2484,-0.9863,-0.5608,1.687,0.0715,0.7155,-0.0954,0.4459,-0.5023,-0.8013,1.5044,0.218
-0.2905,0.1698,-0.6497,0.3424,-1.0333,-0.4818,1.799,0.061,0.7855,-0.1454,0.3351,-0.2355,-0.5641,1.4522,0.4124
-0.1456,0.3577,-0.6257,0.4628,-0.9178,-0.5067,1.4138,-0.0439,0.8193,-0.0432,0.4229,-0.0815,-0.5769,1.1232,0.2935
-0.3274,0.6116,-0.5612,0.4267,-0.6339,-0.6681,1.1967,-0.0894,0.8508,-0.697,0.5232,-0.2074,-0.5874,1.1435,0.776
-0.2693,0.467,-0.3878,0.0524,-0.371,-1.2732,1.414,-0.2684,0.6456,-0.3071,0.1506,-0.0571,-0.7022,0.7549,0.81
-0.3446,0.5169,-0.3369,0.0436,-0.4918,-1.1877,1.3777,0.063,-0.1186,0.389,0.1487,-0.0357,-0.7803,0.8393,0.8337
-0.1621,0.1869,-0.8156,-0.0119,-0.7726,-0.5792,1.5769,0.0157,-0.1069,0.4861,0.3003,-0.2263,-0.6746,1.0268,1.2139
0.01,0.0741,-0.6359,-0.2183,-0.8886,-0.261,1.5737,0.1174,-0.0632,0.5582,0.4402,-0.3929,-0.553,0.6932,1.0478
0.2654,-0.0167,-0.496,-0.245,-0.7125,0.0912,1.2918,0.0507,0.1501,0.0132,0.8323,-0.6471,-0.5629,0.8165,1.313
0.4815,-0.208,-0.5342,-0.5468,-0.5025,-0.3325,1.5781,0.0824,-0.194,0.2013,0.5071,0.1768,-0.52,1.3007,1.0902
0.5042,-0.2006,-0.6357,-0.6902,-0.3943,-0.065,1.772,0.3189,0.0041,0.1773,0.4698,0.4116,-0.6009,1.1544,1.1477
0.5428,-0.1069,-0.5644,-0.7279,-0.3404,0.2461,1.7856,0.4922,0.095,-0.1531,0.6695,-0.0471,-0.6934,0.7539,0.7164
0.7933,0.2393,-0.3517,-0.6119,-0.662,-0.4267,1.3583,0.7462,0.1149,0.044,0.6363,-0.0068,-1.1467,0.4368,0.572
0.6732,0.3385,-0.5928,-0.5909,-0.6623,-0.7711,2.0418,0.7117,-0.2192,0.1896,0.5897,0.1387,-1.1647,0.1347,0.8095
-0.4037,-0.1395,-0.8123,-0.3293,-0.8776,-0.2464,1.8177,0.8871,-0.5412,0.7616,0.5765,0.6914,-1.1818,0.3764,0.3892
0.0565,0.1738,-0.889,0.3844,-0.8878,0.277,1.7462,0.8913,-0.1538,0.5064,0.8758,-0.339,-1.3176,-0.1531,0.0613
-0.1151,0.257,-1.0314,0.4835,-1.1351,0.1512,2.0388,0.7244,-0.545,0.8083,0.4735,-0.3875,-0.9906,0.1912,-0.3984
-0.0831,0.2717,-1.1324,0.7876,-1.5991,0.5576,1.367,0.6165,0.1542,0.1932,0.6978,-0.7057,-1.173,0.0596,-0.8005
0.2883,0.1856,-1.228,0.9177,-1.5942,0.4961,1.2121,0.563,0.2806,-0.2466,0.4684,-0.5011,-1.0432,0.6287,-0.9892
0.2711,0.1737,-1.0486,1.2872,-1.4539,-0.1902,0.8912,0.4721,0.4492,-0.5438,0.2751,0.2267,-1.0375,0.5371,-1.1455
-0.0437,0.1629,-1.4752,1.1095,-1.2212,-1.129,1.5572,0.2434,0.4648,-0.1674,0.15,0.4158,-1.0405,0.4372,-0.9904
-0.699,0.2261,-1.8117,1.4679,-1.2491,-1.684,0.911,0.1376,-0.0999,0.6702,0.3661,0.5221,-1.1188,-0.2372,-0.775
-0.7416,0.0375,-1.8743,1.8951,-1.3899,-1.1307,1.1581,-0.1053,0.0525,1.0082,0.7195,-0.505,-0.3779,-0.3069,-0.5145
-0.7537,-0.1411,-1.4696,1.794,-1.3357,-0.4867,1.0217,-0.3931,0.0455,0.768,0.8711,-1.0194,0.1101,0.3785,-0.3386
-0.9389,-0.7178,-1.1866,1.6632,-1.2468,-0.0656,1.2925,-0.5143,-0.1227,0.8067,0.9877,-0.936,0.5261,1.3564,-0.6927
0.0978,0.1567,-1.5428,1.5363,-0.9922,0.2541,1.3205,-0.317,0.0723,0.4296,0.884,-0.5767,0.2556,1.7122,-0.7248
-0.3076,0.3114,-1.5942,1.5733,-1.1596,-0.1625,1.1796,-0.2719,0.2489,0.1121,0.5437,-0.5103,-0.1431,1.7223,-0.3334
-0.1927,0.1322,-1.1836,1.4611,-1.2438,0.0043,1.0806,-0.3926,0.6096,0.1666,0.4623,-0.8988,-0.159,1.5701,-0.9074
-0.0447,0.1881,-1.5872,1.5755,-0.9708,-0.5601,0.9598,-0.3504,0.642,0.0494,0.1851,-0.4682,-0.2741,2.1996,-0.3929
-0.3995,0.1609,-1.1143,1.5531,-0.8906,-0.7255,1.2593,-0.5471,0.5206,0.257,0.2886,-0.2507,-0.0992,2.1025,-0.4632
-0.3045,0.1739,-1.6812,1.419,-0.8325,-0.5137,1.1508,-0.574,0.5411,0.2677,0.4593,0.2429,-0.0136,2.2067,-0.1205
-0.2152,0.159,-1.77,1.16,-0.6859,-0.6494,1.0919,-0.744,0.6279,0.0736,0.6126,-0.126,-0.8205,1.2525,0.1926
-0.2188,0.1345,-1.1809,0.8725,-0.617,-0.3439,1.2654,-0.7217,0.6191,0.0164,0.5542,-0.2129,0.1962,1.1491,0.4648
-0.132,0.3076,-1.3819,0.3821,-0.5489,0.677,1.8578,-0.3309,-0.4881,0.114,0.1115,-0.0946,0.3545,1.8211,0.7498
0.2367,0.3947,-1.4696,0.1965,-1.0334,0.492,1.5036,-0.173,-0.223,0.2703,-0.2795,-0.2497,0.1428,1.6949,-0.178
0.3963,0.5762,-1.2706,0.396,-1.3007,0.6637,1.2559,-0.1669,0.3686,-0.4176,0.0671,-0.4549,-0.3351,1.872,0.4671
0.5515,0.6247,-1.1512,0.1159,-1.1799,-0.2603,1.1038,-0.0538,0.1097,-0.4068,-0.2425,-0.3713,-0.6572,1.4334,-0.075
0.2761,1.2051,-1.5947,0.0686,-1.2331,-1.2809,1.4686,-0.0278,-0.0275,0.0994,-0.2107,-0.1473,-1.3015,0.8897,-0.0862
-0.3778,0.6684,-1.6586,0.4424,-1.7368,-1.3607,1.1352,0.0733,-0.0699,0.6857,0.0253,-0.6968,-0.9363,0.4599,0.2772
-1.0112,0.2746,-1.1021,0.7363,-1.6877,-0.6606,1.6886,-0.0932,0.2304,0.8193,0.2151,-1.6028,-0.1005,0.5105,0.5249
-0.6993,0.2635,-0.7142,0.912,-1.6195,-0.245,1.6611,-0.1202,0.0697,0.833,0.2259,-1.5665,0.1947,1.6915,0.5896
-0.6121,0.384,-0.7653,0.5366,-1.4556,-0.0148,1.3016,-0.262,-0.0214,0.8421,0.2174,-1.5466,0.6427,3.0109,0.6501
-0.2257,0.7529,-1.0803,0.6053,-1.3834,0.2272,1.3306,-0.2706,0.4531,0.2866,0.2135,-1.1761,0.3429,3.4664,0.8365
-0.3126,0.4609,-0.9918,0.4058,-1.0233,-0.0336,1.7627,-0.492,0.3256,0.2063,0.135,-1.9894,0.1903,3.3199,0.8039
-0.1905,0.3364,-1.2867,0.1905,-1.1211,-0.3291,1.7615,-0.2324,0.1517,0.4117,-0.3139,-1.2753,0.2796,3.9908,1.409
0.0034,0.1868,-0.8798,-0.2176,-1.1826,-0.1531,1.7156,-0.1788,0.2169,0.3607,-0.4403,-0.8778,0.3232,3.8067,1.4703
0.1822,0.4709,-0.9794,-0.394,-0.8933,0.3201,1.0804,-0.0367,0.1669,0.123,-0.2367,-0.6544,-0.5671,3.4774,1.7257
0.3643,0.3291,-0.652,-0.8846,-0.7632,0.2049,1.4916,0.1813,0.6495,-0.2081,-0.1841,-0.4747,-0.4586,3.7393,1.9745
0.5497,0.0884,-0.9554,-1.4877,-0.8334,-0.2679,1.9716,0.2418,0.5742,-0.3151,-0.3399,-0.1328,-0.1331,2.8567,1.9468
0.5741,0.9503,-0.7393,-1.4186,-0.7095,-0.6676,2.0189,0.6254,0.1406,0.1714,-0.5573,-0.1394,-0.9508,1.9931,1.9208
0.5851,0.6704,-0.7018,-1.4134,-1.1162,-0.5272,1.4315,0.85,0.1448,0.453,-0.3317,-0.3927,-1.2506,1.2763,2.1048
0.2152,0.3117,-0.6065,-1.4487,-1.0637,-0.824,1.8774,0.7319,0.3584,0.3791,-0.227,-1.2896,-1.122,0.8206,2.1665
0.1601,0.4643,-0.4824,-1.6071,-0.8434,-0.3574,1.9919,0.7229,0.2464,0.4958,-0.5809,-1.3029,-0.7866,1.6552,2.4696
0.3317,0.6169,-0.3457,-1.613,-0.8253,0.2678,2.1172,1.0289,-0.2093,0.5437,-0.6356,-1.0374,-1.1424,1.7475,2.5268
0.9045,0.3449,-0.4882,-1.9304,-1.0979,0.5921,1.9358,1.0834,-0.0867,0.2591,-0.9154,-0.9031,-1.0126,1.7927,2.243
1.2019,0.4048,-0.4725,-1.8667,-1.0326,0.5122,2.5124,1.1308,-0.1386,0.0972,-0.8811,-1.059,-1.5764,1.5861,1.8856
0.8499,0.5192,-0.4074,-2.0799,-1.3035,0.3992,2.4617,1.2649,-0.0451,-0.0178,-1.4457,-0.9546,-1.5699,1.5583,1.8427
1.0973,0.8685,-0.8945,-1.912,-1.5913,0.2023,2.1693,1.2759,0.2022,-0.2423,-1.1391,-0.7975,-1.3521,1.5924,1.7371
0.852,0.7744,-0.683,-1.8084,-1.6957,-0.1018,2.353,1.238,0.1802,-0.3656,-1.1687,-0.6309,-1.2863,1.3398,1.1568
1.4634,0.5946,-0.5302,-1.8281,-1.9208,-0.7545,2.5661,1.28,-0.1162,-0.0532,-1.1724,-0.5387,-1.7554,0.7503,0.6422
0.4316,0.6359,-0.4506,-1.2792,-2.0023,-0.8072,2.4066,1.5167,-0.3057,0.5287,-1.2038,-0.2309,-1.8093,0.5984,1.1233
-0.1764,0.8949,-0.34,-0.7318,-2.0902,-0.3371,2.5689,1.3047,-0.1379,0.8402,-0.811,-0.6817,-1.9681,0.1054,1.1927
0.1039,1.0102,-0.307,-0.5858,-2.2946,-0.0474,2.0455,0.9917,-0.0309,0.7781,-0.3078,-1.0755,-1.9672,0.2099,0.7507
0.203,0.4211,-0.6615,-0.4767,-2.3596,-0.2185,2.0942,0.6483,0.035,0.7181,-0.1996,-1.4796,-1.2947,0.6185,0.5166
0.3333,0.5528,-0.566,-0.2649,-2.1611,-0.0516,2.4105,0.5148,0.2372,0.5653,-0.2184,-1.2928,-0.9739,1.0466,0.1583
-0.177,0.526,-0.8313,0.0512,-2.2162,-0.0772,2.1203,0.3869,0.1898,0.7137,-0.0833,-1.1678,-1.0293,1.5647,0.1738
-0.3115,0.3932,-1.0709,0.3055,-2.1424,0.339,1.6127,0.1536,0.3971,0.5993,-0.0746,-1.7609,-0.6274,2.1344,0.1516
-0.1588,0.2817,-1.1241,0.4815,-1.8751,0.2325,1.6642,-0.0286,0.4703,0.6059,-0.3272,-1.3325,-0.6144,2.5589,-0.0265
0.1367,0.2629,-1.2452,0.5431,-1.7288,-0.2275,2.0201,-0.0515,1.0218,0.147,-0.0301,-1.2305,-0.3413,2.5855,0.0806
0.2163,0.3215,-1.3808,0.3325,-1.4625,-0.7037,1.8698,-0.331,0.4707,0.2034,-0.2018,-0.652,0.2672,2.7444,0.1018
-0.4112,0.3085,-1.6013,0.2576,-1.4043,-0.8156,1.7511,-0.0877,0.354,0.227,0.0024,-0.4917,0.0593,2.6504,0.1519
-0.5177,0.318,-1.669,0.5281,-1.3638,-1.121,1.4928,-0.1827,0.4212,0.2047,0.0743,-0.3458,-0.0218,2.3058,0.4268
-0.3843,0.4697,-1.6529,0.6794,-1.0354,-0.882,0.7135,-0.1363,0.329,0.2628,0.3614,-0.3479,0.1876,2.2591,0.5873
-0.9034,0.5118,-1.3668,0.7748,-0.8156,-0.7395,0.872,-0.3152,0.5051,0.0832,0.6832,-0.6906,0.1215,2.1728,0.638
-0.7485,0.2252,-0.9314,0.6033,-0.5666,-0.8297,1.3115,-0.6127,-0.0695,0.3448,0.3973,-1.0224,0.0494,2.1351,0.9455
-1.0487,0.092,-1.2827,0.617,-0.6452,-0.0275,1.2402,-0.5849,0.0609,0.2366,0.2611,-1.1427,0.3953,3.3934,1.1002
-0.4699,0.1246,-1.3644,0.3791,-0.6013,0.205,1.5556,-0.7625,-0.0835,0.2542,0.1538,-1.0359,0.6838,3.5859,0.7027
-0.0082,0.1277,-1.5623,0.2162,-0.9388,-0.1032,1.4422,-0.6135,-0.0869,0.2556,0.1382,-1.2073,0.1469,3.2607,0.4611
-0.3827,0.0638,-1.5786,0.1946,-0.9726,-0.3375,1.4131,-0.2569,-0.1544,0.5465,0.0902,-1.0922,-0.5525,3.0184,0.3701
-0.2183,0.151,-1.6197,0.3923,-1.0863,-0.509,1.6411,-0.3888,-0.3985,0.5793,0.0429,-0.7727,0.093,3.4695,0.6659
-0.4007,-0.1994,-1.2605,0.31,-1.269,-0.2447,1.6628,-0.5023,-0.628,0.697,0.0222,-0.6906,0.1506,2.6554,0.9995
0.0281,-0.1302,-1.1503,-0.013,-1.5545,0.1737,1.4981,-0.471,-0.8711,0.8388,0.007,-0.9466,0.1536,2.6866,0.5172
0.1892,-0.0835,-1.1228,0.0491,-1.5821,0.2876,1.6287,-0.5165,-0.8194,0.6047,0.1704,-1.3221,0.0478,2.6091,0.4293
0.467,0.309,-1.3743,-0.2499,-1.7261,0.4126,1.8314,-0.475,-0.4245,0.183,0.0898,-1.3666,0.3365,2.8212,0.2697
0.6788,0.1607,-1.427,-0.3522,-1.7748,-0.1956,2.1263,-0.2998,-0.1208,-0.0231,-0.1548,-1.1373,-0.2943,2.7595,-0.4101
0.4554,0.1062,-1.602,-0.2114,-1.8721,-1.0559,2.1093,0.0355,0.1004,-0.0233,-0.3136,-0.814,-0.622,2.3846,-0.4515
-0.4189,0.0559,-1.9319,0.1856,-1.7762,-0.9862,1.7511,0.1661,0.048,0.5352,-0.3138,-0.8386,-0.6451,2.1108,0.1754
-0.2801,-0.3351,-1.8103,-0.0636,-1.5681,-0.6759,1.553,0.0805,-0.0404,0.5828,-0.0547,-0.9296,-0.4212,1.7805,0.6387
-0.3418,-0.2775,-0.9795,-0.2338,-1.0814,-0.1282,0.858,0.0305,-0.2352,0.6971,0.0386,-0.6693,-0.2584,1.523,0.8875
-0.3328,-0.1564,-0.9721,0.0449,-0.5901,-0.0147,1.1622,-0.3313,0.3769,0.4177,0.3707,-0.4063,-0.0082,2.0132,0.6045
0.1806,0.1007,-1.6043,-0.171,-0.3812,-0.1971,1.3986,-0.3865,0.0117,0.2751,0.4853,-0.2832,-0.3925,2.0014,0.5729
-0.0978,0.1139,-2.1714,-0.0309,-0.6213,-0.2305,1.293,-0.3625,-0.177,0.3756,0.3317,-0.5613,-0.4305,1.9302,0.9748
-0.5538,0.2865,-2.025,-0.1643,-0.6414,-0.1096,0.749,-0.4978,-0.6301,0.6944,0.3848,-0.9619,-0.5691,1.4106,0.9659
-0.14,0.3788,-1.8072,-0.0758,-0.7873,0.4406,1.1734,-0.7724,-0.4561,0.6593,0.2048,-1.2656,-0.1896,1.5443,0.9584
-0.1767,0.1122,-1.6434,-0.3367,-0.9828,0.7542,1.0039,-1.1283,-0.7563,0.5203,-0.0366,-1.4194,-0.1032,1.9907,0.8178
-0.4603,0.4783,-1.7326,-0.2375,-1.121,1.0452,1.4274,-0.8801,-0.6292,0.1129,0.0032,-1.2723,-0.2367,2.1439,0.1091
0.5781,0.4809,-1.65,-0.3765,-1.4884,0.078,1.8637,-0.7416,-0.7129,0.2087,-0.411,-0.862,0.2512,2.1261,-0.1246
-0.4921,0.078,-1.6991,0.0214,-2.0346,-0.2155,1.7375,-0.5822,-0.3109,0.4195,-0.33,-0.6758,-1.2178,1.5055,-0.2564
-0.6147,0.0659,-1.7098,0.286,-1.8928,-0.1616,1.0834,-0.5526,-0.1916,0.3639,-0.1259,-0.3778,-0.6547,1.3176,-0.0044
-0.5754,0.3711,-1.7894,0.2909,-1.5007,-0.4518,1.1981,-0.6864,-0.0263,0.3487,-0.0314,-0.8898,-0.8675,1.1609,0.1131
-0.6583,0.2004,-1.8822,0.3631,-1.3862,-0.3124,1.6022,-0.723,-0.4536,0.6309,-0.0626,-1.1993,-0.7483,1.5367,0.647
-0.0913,-0.3495,-1.6209,-0.3675,-1.3247,0.0165,1.5976,-0.7519,-0.282,0.7328,-0.0134,-0.8724,-0.229,2.2211,0.6602
0.2091,-0.0571,-1.2188,-0.6633,-1.1369,-0.0973,0.9158,-0.6329,-0.2832,0.6721,0.1823,-0.6825,-0.1527,1.9992,0.6162
0.132,-0.0464,-1.6302,-0.7729,-0.9894,0.1085,1.5238,-0.4259,-0.1233,0.3293,0.2756,-0.558,-0.5506,1.9855,0.583
0.3664,-0.097,-1.8463,-0.6492,-1.0991,-0.0011,1.7119,0.1259,0.2403,0.2567,0.1802,0.161,-0.5644,1.7073,0.3486
0.1226,0.0786,-1.9151,-0.7748,-0.9584,-0.5628,1.6764,0.1619,0.1746,0.4463,0.3004,-0.4486,-0.7026,1.2033,0.5403
0.0228,0.056,-1.702,-0.8133,-0.8097,-0.3726,1.3271,0.1992,0.0577,0.1673,0.5218,-0.4984,-0.6298,0.7331,0.849
0.3405,-0.1458,-1.3829,-0.7832,-0.851,-0.2481,1.4055,0.1707,-0.003,0.232,0.1425,-0.3929,-0.3505,1.1119,1.013
0.2315,-0.6112,-1.3547,-0.9113,-0.7313,-0.0899,1.2141,0.1497,-0.0934,0.1748,-0.0154,-0.2657,-0.53,1.2191,1.34
-0.1121,-0.5371,-1.429,-0.8939,-0.4443,-0.2725,1.3213,0.037,0.0805,0.0226,0.0042,-0.1503,-1.0253,0.9574,1.3191
-0.4715,-0.3149,-1.3357,-0.9497,-0.5155,0.5536,1.6976,0.0311,-0.0886,0.0554,-0.0633,0.0552,-0.8204,0.8223,1.0259
0.1796,-0.1109,-1.5995,-0.5948,-0.8381,0.3728,1.2621,0.1579,0.0798,-0.1004,0.0878,0.0272,-0.594,0.6658,0.6674
0.1954,0.302,-1.4339,-0.5603,-1.149,-0.3085,1.4716,-0.0534,0.4706,-0.2315,0.3209,-0.0712,-0.6385,0.5264,0.1934
0.3971,0.137,-1.2559,-0.5375,-1.0728,-0.6795,1.472,0.1229,0.5921,-0.3166,0.0198,-0.1107,-1.0274,0.7112,0.4915
-0.2991,-0.2438,-1.2917,-0.5537,-1.1853,-1.2163,1.1685,0.0509,0.4343,0.8398,0.0537,-0.1974,-1.05,0.5857,0.914
-0.7034,-0.0151,-1.0387,-0.4099,-0.7033,-1.183,1.2512,-0.1698,0.2495,1.0719,0.3617,-0.3863,-0.5565,0.6061,0.6286
-0.8018,0.2287,-1.6417,-0.1493,-0.5857,-0.8593,2.0321,-0.1709,0.4943,0.833,0.9191,-0.9288,-0.7999,1.0101,1.6339
-0.6246,-0.1202,-1.2595,-0.6223,-0.4221,-0.2501,1.8795,-0.1664,0.4348,0.6629,0.6194,-1.1864,-0.3377,1.2778,1.9435
-0.2213,-0.1929,-1.3227,-0.8954,-0.2524,-0.2421,1.7665,0.0943,0.4387,0.5098,0.1023,-1.2168,-0.2426,1.917,1.5648
0.2815,-0.4144,-1.288,-1.0,-0.2192,0.2093,1.0849,-0.0016,-0.0878,0.4137,-0.0416,-0.8118,-0.2942,2.6852,1.434
0.0064,-0.3613,-1.476,-0.8983,-0.1662,-0.245,1.4496,-0.0806,0.2675,0.0246,-0.0133,-0.0153,-0.4598,2.6492,1.4461
0.3415,-0.1899,-1.9258,-1.164,-0.4181,-0.907,1.8047,-0.014,0.1904,0.3371,-0.1408,0.1552,-0.3599,2.2391,1.1762
-0.1643,-0.4027,-2.1714,-0.8589,-0.4557,-0.4781,1.3385,0.2281,0.0362,0.5217,-0.317,0.1079,-0.5244,1.862,1.6655
0.1822,-0.2474,-1.5888,-1.0844,-0.2964,-0.0777,1.6126,0.0581,0.08,0.3595,0.1679,0.3115,-0.2433,1.3752,1.6988
0.3073,-0.2255,-1.2636,-1.2692,-0.4451,0.0185,1.7244,0.3063,0.1093,0.1493,0.3894,0.6355,-0.2685,1.3876,1.5151
0.4252,-0.0702,-0.9346,-1.4007,-0.4914,-0.9772,2.0412,0.505,0.097,0.3784,0.442,0.314,-0.6846,1.0407,1.1445
0.0077,-0.0327,-1.4038,-0.9606,-0.883,-0.8423,1.3414,0.4976,-0.4537,0.8988,0.3611,0.0762,-0.9356,0.9972,1.3651
-0.1497,0.1754,-1.5552,-0.8057,-1.0573,-0.2811,0.9099,0.3389,-0.477,0.8276,0.5467,-0.6556,-1.0125,0.8269,1.2315
0.0732,0.0801,-1.3731,-0.6518,-1.1309,-0.1698,1.8103,0.3025,-0.2352,0.6625,0.2222,-0.5572,-0.958,0.7032,1.216
0.1803,0.2576,-1.1774,-0.7967,-1.2196,0.0513,1.8465,0.0714,0.0004,0.2722,0.2998,-0.9671,-1.2764,0.7881,1.0168
0.1289,0.0885,-1.4916,-0.7669,-1.0461,-0.9743,1.5448,0.1066,0.0661,0.2993,0.3828,-0.8173,-1.0683,1.3217,0.8986
-0.1237,0.6888,-1.603,-0.5565,-0.9238,-0.8513,1.6074,-0.1015,0.3846,0.2465,0.1491,-1.1636,-1.1429,1.4682,0.7178
0.4339,0.4244,-1.8197,-0.528,-0.9771,-1.033,1.5357,0.0352,0.3369,0.0288,0.0384,-1.2729,-0.8242,1.3792,1.4442
0.136,0.2742,-0.99,-0.5036,-0.9193,-0.9351,1.8688,-0.1728,0.2098,0.1014,-0.1998,-1.5175,-1.1649,1.2579,1.6255
0.1745,0.1011,-1.5288,-1.0073,-0.9906,-1.0093,1.6299,-0.472,0.2521,0.031,-0.6243,-1.3324,-1.1297,1.811,2.4253
-0.2991,0.2152,-1.35,-1.3732,-0.7874,-0.7059,1.587,-0.5922,0.0987,0.3103,-1.0105,-0.5792,-1.1651,1.9145,2.9216
-0.1469,0.4449,-1.0309,-1.6444,-0.5672,-0.0102,1.5964,-0.5872,-0.0646,-0.1548,-0.7614,-0.658,-1.0118,1.7213,3.4207
0.2409,0.451,-0.9292,-2.4823,-0.0431,-0.277,1.4701,-0.2724,0.2249,-0.2971,-0.6903,0.3349,-0.7284,1.6898,2.9098
0.5081,0.301,-1.2659,-2.3326,-0.2502,-0.91,1.7099,-0.0134,0.1823,-0.2499,-0.6052,0.2734,-0.6313,1.3108,2.2477
0.3456,0.2216,-1.2313,-2.3327,-0.5139,-1.3795,2.0038,0.3229,0.2416,-0.1113,-0.6147,0.4536,-1.1149,0.6303,2.1627
-0.229,0.3735,-1.2573,-1.5788,-0.6434,-1.1328,2.0007,0.4877,0.2444,0.3922,-0.4022,0.556,-1.1942,0.0093,2.3092
-0.1023,0.4315,-1.509,-1.2488,-0.444,-0.5656,1.5067,0.2947,0.2942,0.1568,-0.0951,-0.0639,-1.1538,-0.456,2.0149
-0.0118,0.0647,-1.6469,-1.3168,-0.5663,-0.5618,1.969,0.1275,0.3458,0.0104,-0.2582,-0.3308,-1.0424,-0.4643,1.4027
1.1737,0.3332,-1.9309,-1.4863,-0.4271,-1.4202,1.9885,0.1029,0.1335,-0.0145,-0.5408,0.1319,-1.372,-0.3611,1.6915
0.3816,0.4762,-0.196,-1.5829,-0.6475,-1.4111,1.9952,-0.0902,-0.0359,0.0484,-0.3828,-0.3084,-1.8485,-0.7481,2.0632
0.0203,0.3747,-0.7427,-1.0112,-0.7478,-1.0018,1.8414,0.081,-0.172,0.4836,-0.487,-0.2576,-1.6362,0.1387,2.2802
-0.1248,0.2709,-1.4094,-1.1998,-0.7814,-0.5232,2.0887,0.0571,-0.063,0.3961,-0.352,-0.4202,-1.4513,0.6413,2.2765
0.0607,0.4601,-1.5004,-1.4814,-0.7936,-0.1564,1.8612,0.317,-0.3163,0.1464,-0.4877,-0.1551,-1.2363,0.7155,2.2246
0.2274,0.2359,-0.2482,-1.5685,-0.9827,-0.3151,2.0787,0.2188,-0.2057,0.2083,-0.7394,-0.2307,-1.1595,0.8515,1.6266
0.2674,0.3447,-0.9301,-1.2228,-1.1748,-0.3914,1.5006,0.4316,-0.4762,0.4041,-0.7211,0.246,-1.2068,1.1423,1.568
0.1171,0.3498,-1.1023,-1.0362,-1.1884,-0.2073,1.9059,0.0554,-0.7477,0.4972,-0.8272,0.0624,-1.416,0.7262,1.2398
0.3526,0.5393,-1.3234,-1.046,-1.5846,-0.2541,1.711,0.0528,-0.7665,0.6661,-0.4899,0.0534,-1.4481,0.8109,1.4128
0.5268,0.3584,-1.1427,-0.9159,-1.6984,-0.2204,2.0638,-0.1128,0.3002,0.0897,-0.1979,-0.3826,-1.2813,0.6947,1.3232
0.9036,0.4377,-1.4122,-1.2123,-1.4858,-0.9087,2.2569,-0.362,0.411,-0.2367,-0.4065,-0.4217,-1.6093,0.7772,1.4251
-0.1193,0.5043,-1.286,-1.105,-1.323,-1.4469,2.5983,-0.0862,0.2424,0.0348,-0.8168,-0.3054,-1.6757,0.8998,1.4837
-0.3203,0.329,-1.2989,-0.9505,-1.2781,-1.5169,2.1916,0.0729,-0.0804,0.6078,-1.0098,-0.3391,-1.8664,0.825,1.7399
-0.4356,0.5407,-1.2131,-0.648,-1.3614,-1.0115,1.8609,0.0563,-0.1728,1.1237,-0.8951,-0.7779,-1.7421,0.6812,1.586
0.1227,0.5421,-1.4676,-0.7799,-1.2726,-0.5276,1.8347,-0.3383,0.0525,0.8121,-0.7647,-1.0451,-1.1303,1.5713,1.812
0.0585,0.6146,-1.5758,-1.0482,-1.1095,-0.539,2.1442,-0.1078,-0.0711,0.598,-0.7769,-1.5662,-1.5351,2.0373,1.8751
-0.0493,0.7963,-1.5703,-0.969,-1.3926,-0.9927,1.7608,-0.2339,-0.1074,0.747,-0.9851,-1.1646,-1.516,2.2134,1.9571
-0.2216,0.7088,-1.414,-1.0338,-1.2742,-0.7145,1.9053,-0.2393,0.095,0.8038,-0.9243,-1.1774,-1.831,2.0385,2.2007
-0.306,0.3784,-1.4513,-1.1369,-1.2908,-0.1677,2.0554,-0.0728,-0.114,0.6827,-0.9112,-1.0372,-1.2331,2.2518,2.7199
0.7007,0.3202,-1.0684,-1.7772,-0.9778,-0.1089,2.1792,-0.3272,0.0187,0.024,-0.7893,-0.6047,-1.1084,2.2672,2.5722
0.7442,0.5155,-0.5426,-2.2041,-0.9754,-0.2835,2.2818,-0.0585,0.3238,-0.3464,-1.0203,-0.3698,-1.4203,1.9636,2.2388
1.1209,0.4918,-0.8333,-2.2799,-1.5072,-0.9799,2.1646,0.31,0.394,-0.2914,-1.1326,0.1725,-1.6261,2.2148,2.194
0.96,0.0181,-0.7992,-2.4671,-1.232,-1.4154,2.2458,0.6282,0.4323,-0.2313,-1.0909,0.4168,-2.0135,1.5861,2.6295
0.7129,-0.1215,-0.8671,-2.6578,-0.9016,-1.5662,1.752,0.6251,0.4529,-0.0612,-0.8341,1.013,-2.3784,0.7861,2.8228
0.5815,0.4006,-0.741,-2.6991,-0.4418,-1.8347,1.9723,0.6749,0.7177,0.0558,-0.5306,0.6526,-2.4052,0.0812,3.1884
-0.0456,0.1485,-0.6928,-2.6087,-0.2779,-1.892,2.38,0.6349,0.5164,0.4635,-0.6717,0.0823,-2.0683,-0.0204,3.5851
-0.3623,0.1185,-0.5851,-2.3936,-0.0815,-0.9985,1.6102,0.7392,0.4639,0.712,-0.4243,-0.2075,-1.5214,0.3698,3.5685
-0.0467,0.21,-0.403,-2.432,0.1735,-0.2174,1.9005,0.6586,0.3108,0.4574,-0.3355,-0.4658,-1.3869,0.7694,3.8006
1.3398,0.3705,-0.5693,-3.1807,0.2598,-0.4467,1.8935,0.5505,0.2152,0.0551,-0.5103,-0.7369,-1.5703,1.2525,3.1101
1.4936,0.4987,-1.4856,-3.1391,-0.1519,-1.1047,2.2647,0.6639,0.334,0.118,-0.8766,-0.1534,-1.9193,0.9172,3.1567
1.0273,0.5694,-1.5599,-3.4012,-0.3639,-1.4433,2.574,0.7069,0.1906,0.1283,-0.9866,-0.0153,-2.7192,-0.0164,2.9188
0.7612,0.5762,-1.1124,-3.0386,-0.6678,-1.396,1.9863,0.9133,0.0223,0.3878,-0.9789,-0.3657,-2.5413,-0.145,3.2833
0.4671,0.3529,-0.8857,-2.8983,-0.8464,-1.2437,2.4403,0.7472,-0.0009,0.7609,-0.9638,-0.6745,-2.3995,-0.0331,3.6755
0.0468,0.2172,-0.9251,-2.9001,-0.8791,-0.8192,2.4069,0.7747,0.2348,1.0757,-0.572,-0.9936,-1.9004,0.2608,3.4312
0.5215,0.3273,-0.6071,-2.2398,-1.0285,-0.2443,2.3766,0.7655,0.331,0.6457,-0.7498,-0.9432,-1.6556,0.9382,3.2734
0.6983,0.2019,-0.5747,-2.5662,-0.9278,-0.4672,1.9746,0.4928,0.5732,0.1648,-0.7596,-0.7669,-2.137,1.0405,2.8475
1.0026,0.1038,-0.5844,-2.7266,-0.5378,-0.7743,2.1702,0.6922,0.4231,-0.0232,-1.1022,-0.2593,-2.1373,1.579,2.7373
0.5487,0.2618,-0.6044,-2.6365,-0.411,-1.065,2.4306,0.9254,0.3727,0.1812,-1.3034,0.0708,-2.2453,1.3499,2.9895
0.782,0.4034,-0.9316,-2.5687,-0.7641,-1.2378,2.0375,0.8187,0.62,0.0356,-1.0046,0.4576,-2.4674,0.2358,3.0109
0.6795,1.4112,-0.5347,-2.7883,-0.6468,-1.6101,2.1124,0.6019,0.3385,0.0114,-1.0232,0.8107,-2.6749,-0.097,3.0147
0.583,0.6578,-1.2059,-2.7224,-1.0182,-1.5448,1.6898,0.7544,0.2978,0.4727,-0.762,0.644,-2.7953,-0.5154,3.6389
0.3273,0.3678,-0.6226,-2.6299,-0.8443,-1.1122,1.6991,0.4763,0.5611,0.3682,-0.5729,-0.3302,-2.573,-0.6537,3.6972
0.6492,0.27,-0.3307,-2.7979,-0.5477,-0.1482,2.2449,0.3547,0.5094,0.0285,-0.644,-0.1104,-2.168,-0.1003,3.6479
0.8724,0.4331,-0.9448,-3.022,-0.6219,-0.5577,2.3882,0.5414,0.3301,0.0832,-1.0809,0.1396,-1.7131,0.442,3.3517
1.172,0.7845,-1.4856,-3.1962,-0.7724,-0.8551,1.446,0.603,0.417,0.1137,-1.208,0.2136,-1.7974,0.4179,2.9205
1.4823,0.5558,-0.8228,-3.1113,-0.7122,-0.8163,2.0969,0.4412,-0.3192,0.2826,-1.3686,0.0619,-1.9469,0.1453,2.5705
1.0185,0.5284,-0.9729,-2.6288,-1.1779,-0.005,3.0543,0.8126,-0.2113,0.4123,-1.6238,0.0193,-2.313,0.2265,1.6304
1.5756,0.6449,-1.3062,-2.271,-1.6631,-0.3353,2.581,1.1313,0.3308,0.4904,-1.5151,0.4149,-2.3822,0.4024,1.5771
1.0489,0.4165,-1.3651,-2.0869,-1.8375,-0.8209,2.0883,1.0115,0.3161,0.8495,-1.0536,0.1709,-2.6324,-0.0246,1.2273
0.9937,0.4849,-1.151,-1.7689,-1.6828,-1.2492,1.9531,1.0345,0.169,1.1742,-1.0075,0.4955,-2.7114,0.3045,1.4083
0.7723,0.0908,-1.8413,-1.4996,-1.6488,-0.7728,1.9896,1.144,0.0434,1.0679,-0.5398,-0.0232,-2.449,-0.2842,1.792
0.459,0.5231,-1.5969,-1.185,-1.5698,-0.4386,2.0156,0.7968,0.0939,0.9746,-0.6962,-0.1501,-2.3135,-0.5091,0.9308
0.2756,0.6596,-1.983,-0.657,-1.7914,-0.9176,1.8585,0.6554,0.2296,1.2336,-0.6995,-0.0698,-2.2575,-0.4288,0.6873
0.002,0.5543,-1.7554,-0.2238,-2.0094,-0.8489,1.9377,0.5441,0.4098,1.0296,-0.5795,-0.5066,-2.1987,-0.4498,0.8565
0.0684,0.1452,-1.9148,-0.0789,-1.7422,-0.8444,1.8234,0.1125,0.5454,1.0883,-0.8833,-0.7702,-1.3556,0.6414,1.181
-0.6966,0.0413,-1.7242,0.071,-1.6162,-0.5164,1.3794,-0.1016,0.5597,1.0929,-0.8833,-0.5108,-1.1964,1.2849,1.3541
-0.1635,-0.0132,-1.8958,0.1642,-1.5707,0.1072,1.419,-0.5463,0.6596,0.7012,-1.0221,-0.0108,-0.8661,1.7819,1.2137
0.6112,-0.1013,-1.7168,-0.3653,-1.4259,-0.1314,1.6546,-0.6109,0.6069,0.2874,-0.8399,0.2479,-0.2781,2.0027,1.1887
0.7183,-0.0069,-1.5465,-0.6567,-1.3016,-0.7382,1.8171,-0.552,0.2299,0.2569,-1.1606,0.6222,-0.6152,2.2919,1.4277
0.548,0.3003,-1.21,-0.8009,-1.5369,-0.6909,1.6671,-0.4011,0.1519,0.4118,-1.3204,0.9352,-1.0096,2.0592,1.7308
0.3182,0.2378,-1.2954,-0.7839,-1.5776,-0.6147,1.4431,-0.3462,0.2836,0.6839,-1.3323,1.6946,-1.3267,1.63,1.5176
0.2227,-0.2314,-1.6187,-0.8794,-1.6354,-0.5705,1.7849,-0.0904,0.3231,0.7089,-0.939,1.2265,-1.0095,1.104,1.5843
0.3104,0.4663,-2.3926,-0.9357,-1.5154,-0.9365,1.6121,-0.2172,0.2899,0.8683,-0.9206,0.9859,-1.2519,0.962,1.3405
0.4732,0.3739,-2.0057,-0.8274,-1.54,-1.1686,1.5926,-0.1912,0.3378,1.1692,-0.8808,0.8314,-1.4099,0.6433,1.058
-0.0917,0.3504,-1.7801,-0.3714,-1.4623,-1.0117,1.5884,-0.0434,0.7904,1.0294,-0.5181,0.9387,-1.5081,0.298,0.9854
-0.0097,0.1494,-2.034,-0.3078,-1.3561,-1.3096,1.5809,-0.0621,0.3101,1.3906,-0.576,0.463,-1.1114,0.3972,0.8318
-0.3953,-0.0556,-2.978,-0.3047,-1.1242,-0.9815,1.5927,-0.0819,0.6347,1.3528,-0.4193,0.2728,-1.1495,0.2975,1.0204
0.2089,0.1382,-2.5415,-0.0514,-1.0092,-0.7581,1.721,-0.3307,0.7143,1.0545,-0.3673,0.0156,-0.7492,0.4514,0.8973
0.24,0.1673,-2.2977,-0.2508,-1.0709,-1.1472,2.1008,0.0003,0.9879,1.0277,-0.6279,0.7957,-1.2368,0.5193,0.9356
0.4115,0.1792,-2.3387,-0.3426,-1.356,-1.3377,1.2949,0.1326,1.161,0.8604,-0.4396,0.7326,-1.5921,0.3727,1.0664
-0.3889,-0.0962,-2.2597,-0.2044,-1.0294,-1.0718,1.6522,-0.107,0.9303,0.8865,-0.4436,0.6061,-1.6207,0.4034,1.002
0.1945,-0.1046,-2.4265,-0.269,-0.961,-0.4143,1.5044,-0.1861,0.7191,1.0974,-0.6024,0.7014,-1.2925,0.5426,1.8126
0.4294,0.201,-2.7983,-0.9117,-0.883,-0.3517,1.7413,-0.2709,0.2412,0.9725,-0.4879,1.0106,-1.325,0.4958,1.7196
0.3457,0.0638,-2.5498,-1.1219,-0.952,-0.3316,1.7104,-0.0926,0.0443,1.0448,-0.3273,0.5913,-1.1014,0.0603,1.284
0.1851,0.0669,-2.6555,-0.4262,-1.1055,-1.2228,1.6987,0.1821,0.2032,1.4885,-0.6956,1.0598,-1.2545,0.1829,0.66
-0.2847,0.1255,-2.7789,-0.1136,-1.4024,-1.0113,2.1654,0.1926,0.3978,1.129,-0.2323,0.6114,-1.4622,-0.1273,0.416
-0.0846,0.0937,-2.9869,0.1855,-1.4662,-0.8814,1.6172,0.027,0.1095,1.2579,-0.3704,0.3685,-1.5954,0.0206,0.4816
-0.2108,0.2685,-2.9529,0.1746,-1.5073,-0.8358,1.298,0.1454,0.2733,1.4663,-0.3828,0.303,-1.2768,0.0136,0.44
-0.1326,0.5259,-2.973,0.1666,-1.452,-1.0472,0.8796,-0.2618,0.387,1.4598,-0.2343,0.0647,-1.3418,-0.2299,0.5179
-0.5653,0.3503,-2.5,0.3903,-1.4463,-0.9122,0.7722,-0.2479,0.5293,1.1878,-0.1402,-0.2872,-1.1386,0.1036,0.3298
-0.147,0.1636,-2.3975,0.4341,-1.267,-1.2598,0.8194,-0.3583,0.3989,1.1622,-0.3765,-0.3079,-1.051,0.9535,0.3639
-0.7229,0.2278,-2.718,0.6747,-1.1397,-1.2737,0.8475,-0.327,0.2257,1.1943,-0.7362,-0.2818,-1.4351,1.2401,0.9749
-0.6565,-0.3167,-2.5083,0.4137,-1.0892,-0.5835,0.8112,-0.8237,0.1425,1.0689,-0.8271,-0.0336,-0.6614,1.7844,1.4395
-0.4411,-0.2053,-2.4727,0.3461,-1.0445,0.3755,1.0579,-0.8429,0.2942,0.6293,-0.7838,0.4245,-0.3353,2.3439,1.5058
-0.0671,-0.1338,-2.4399,-0.011,-0.9719,-0.0511,0.7874,-0.8086,0.152,0.4039,-0.8618,0.9204,-0.0403,2.4749,1.0608
0.3542,0.0953,-2.3937,-0.2065,-1.0565,-0.4384,1.1657,-0.604,0.1585,0.4482,-1.0591,1.3074,-0.0118,2.6175,1.4217
0.3686,0.3818,-2.4839,-0.6172,-1.2879,-0.7046,0.9924,-0.4657,0.3448,0.4579,-0.8431,1.0679,-0.5338,1.952,0.9214
0.0074,0.3138,-2.4585,-0.4206,-1.3546,-1.7664,1.3741,-0.4166,0.3519,0.7358,-1.0278,0.8674,-0.7668,1.5482,1.1645
0.589,0.2177,-2.6614,-0.0413,-1.2956,-1.8257,0.6767,-0.3022,0.2588,0.9238,-0.6431,0.7747,-1.1113,0.6624,1.7165
-0.1175,0.1839,-2.3677,-0.5059,-1.0959,-1.5233,0.8234,-0.5391,0.2203,1.1836,-0.4754,0.4812,-0.9491,0.4893,2.933
-0.0727,-0.182,-1.5802,-1.1319,-0.7939,-0.5109,0.9887,-0.5917,0.2802,0.8522,-0.5019,0.2779,-0.7088,0.5755,3.2652
0.5886,0.4484,-1.519,-1.6407,-0.4653,-0.3964,1.4083,-0.5493,0.3017,0.7988,-0.9577,0.6828,-0.5767,1.873,2.8942
0.857,0.3599,-2.0065,-2.1428,-0.7047,-0.4578,1.1945,0.0399,0.2201,0.6969,-0.9755,0.7716,-1.1535,1.7844,2.4445
1.1503,0.3355,-1.6977,-2.1292,-0.6983,-0.6412,2.012,0.5252,0.1302,0.5813,-1.2379,0.9474,-1.6388,1.3127,2.1312
1.0761,0.11,-1.9934,-2.2527,-1.0805,-1.2772,1.6601,0.7813,0.1703,0.8729,-1.241,1.4471,-1.8721,0.6525,2.047
0.8954,0.1791,-2.0562,-1.9319,-1.134,-1.1085,1.7342,0.7414,0.0788,1.1589,-0.9496,1.0165,-1.8442,-0.0092,2.6962
1.1281,0.6841,-2.02,-2.1602,-1.0473,-0.9871,1.8383,0.8092,-0.0114,1.2444,-0.8009,0.8626,-2.1419,-0.2378,2.2087
0.9709,0.4724,-2.0903,-1.9326,-1.551,-0.8289,1.4715,0.6576,0.0054,1.1123,-0.6393,0.6862,-2.0937,-0.2877,2.0985
1.0202,0.2437,-1.9508,-1.8886,-1.5599,-0.6984,1.8108,0.5871,-0.5206,1.2274,-0.5782,0.7259,-1.8029,-0.1589,2.2369
0.5589,0.2297,-1.9857,-1.8441,-1.8595,0.03,1.514,0.4014,-0.2463,1.2913,-0.6695,0.5194,-1.4651,0.0567,1.4855
0.9569,0.4705,-1.9137,-1.5199,-2.1769,-0.4078,2.1513,0.5182,-0.3878,1.1994,-0.8426,0.9098,-1.6163,0.4719,1.0283
0.787,0.266,-2.2118,-0.9922,-2.4425,-0.2705,1.9144,0.3403,-0.3235,1.2592,-1.0343,0.7967,-1.3268,0.7303,0.9848
1.0732,0.2081,-2.1132,-0.9477,-2.8528,-0.1609,1.7588,0.2742,-0.0395,1.2971,-0.9741,0.7926,-1.487,0.9313,0.8826
0.4989,0.2824,-1.6854,-0.7833,-2.5753,0.0308,1.7912,0.1386,0.032,1.0926,-0.77,0.5205,-1.7416,0.6092,0.823
0.7667,0.4699,-1.9586,-0.6081,-2.4124,-0.618,1.5667,-0.1588,0.0134,1.1845,-0.6807,0.2236,-1.4549,0.8816,0.7154
0.371,0.6546,-2.3576,-0.3382,-2.3572,-0.8122,1.3958,0.2729,0.0159,1.333,-0.854,0.1084,-1.6931,1.3306,0.631
0.3974,0.4058,-2.6726,-0.0642,-2.4176,-0.7215,1.4317,0.2394,0.3576,1.2147,-0.7757,0.0699,-1.7809,1.0039,0.7227
0.831,0.4942,-2.5963,0.0444,-2.3328,-0.8636,1.5226,0.2456,0.2304,1.2031,-0.9287,0.1627,-1.2056,1.2174,1.1663
0.2694,0.3089,-1.8602,-0.3778,-2.182,-0.7872,1.7431,-0.0481,0.6302,0.9011,-0.8854,-0.0308,-1.3004,1.4906,1.1694
-0.5326,0.4191,-2.2871,-0.1955,-1.8516,-0.9977,1.3153,0.1186,0.3995,0.966,-1.1369,-0.5949,-1.3884,1.7706,1.076
-0.1119,0.4939,-2.4357,0.1477,-1.6896,-1.037,1.155,-0.1776,-0.0623,1.2527,-1.3519,-0.1521,-0.8901,2.4634,1.5301
0.1122,0.3543,-2.5257,-0.1428,-1.8767,-0.4857,1.0779,-0.5236,0.2695,0.9824,-1.0732,-0.4471,-0.9535,2.681,2.0069
0.2319,0.5716,-2.1171,-0.2999,-1.5066,-0.6852,1.2335,-0.4356,0.0588,1.1784,-1.1428,0.1379,-1.0483,2.4697,2.0634
0.4344,0.3584,-2.094,-0.6556,-1.5876,-0.1304,1.3129,-0.496,0.2069,0.6885,-1.0452,-0.2144,-0.8204,2.6376,1.9004
0.9879,0.0452,-2.2087,-1.1693,-1.4605,-0.4255,2.0459,-0.2154,0.135,0.5118,-1.4672,0.424,-0.4186,2.9549,2.1659
1.225,0.2228,-2.0217,-1.6064,-1.387,-0.8827,2.2376,-0.0589,-0.4316,0.8739,-1.4666,0.9813,-0.5716,2.7919,1.7389
1.0316,0.2057,-2.3652,-1.4406,-1.8251,-0.942,1.6618,0.3124,-0.5611,1.2129,-1.2418,0.7738,-1.1541,1.9966,1.8045
0.8737,0.4193,-2.4171,-1.4787,-2.1592,-0.476,1.4576,0.2673,-0.4451,1.3629,-1.0883,0.5413,-1.1288,1.9815,1.745
0.7614,0.2974,-1.9465,-1.4246,-2.1296,-0.5548,0.6522,0.3417,-0.0769,1.3315,-0.601,0.2529,-1.7019,1.4758,1.2431
0.6408,0.3973,-1.7194,-0.9098,-2.0009,0.043,0.9177,0.0752,-0.0047,0.9532,-0.3293,0.0181,-1.6746,1.4324,1.2048
0.5228,0.4296,-1.8036,-0.9044,-1.8442,-0.6249,1.3508,-0.006,-0.178,1.0504,-0.6619,0.2796,-1.1991,1.8435,1.1413
0.6838,0.6838,-1.9383,-0.8161,-1.9714,-0.9357,1.3441,-0.0212,-0.1613,1.1063,-0.6492,0.0174,-1.4591,1.7119,1.2328
0.863,0.4432,-1.8043,-1.2027,-2.0234,-0.8136,0.9557,-0.1399,0.068,1.2836,-0.7294,0.032,-1.4206,1.8229,1.5442
0.8722,0.1302,-1.5764,-1.0987,-1.8815,-0.7219,1.0325,0.1302,0.2617,1.0533,-0.6409,0.582,-1.4176,2.0303,1.7788
0.6203,0.5656,-1.7326,-1.2967,-1.5393,-0.6301,0.8498,0.1562,-0.684,1.4289,-0.6965,0.0736,-1.5841,1.4294,1.8568
0.6589,0.381,-2.0905,-1.1948,-1.8917,-0.122,0.4239,0.247,-0.6414,0.7473,-0.4625,0.1018,-1.5336,1.5353,1.639
1.4414,0.1651,-2.3249,-1.1436,-1.8871,0.2175,1.2332,0.2498,-0.6316,0.6157,-0.8762,0.8967,-1.3834,1.7189,1.6166
1.2216,0.1002,-2.1833,-1.3796,-2.0154,0.3704,1.6062,0.2534,-0.5615,0.6714,-1.0558,1.2054,-1.6047,1.5408,1.4128
1.3928,0.0717,-2.0722,-1.3897,-2.2203,0.0156,2.0184,0.3309,-0.2761,0.3412,-0.9205,1.1633,-1.6439,0.95,0.6655
1.1291,0.0355,-2.2018,-1.3345,-2.4111,-0.6459,2.0593,0.7031,-0.113,0.6569,-0.8816,1.4685,-2.108,-0.0892,0.3243
0.8692,-0.0932,-2.5324,-1.0156,-2.4379,-1.6078,1.8025,0.8188,-0.0201,1.0231,-0.8194,1.0615,-2.2301,-0.5781,0.417
0.8193,-0.1424,-2.6591,-0.8288,-2.4098,-1.6085,0.6077,0.7483,0.0139,1.2693,-0.3068,0.9169,-1.2542,-0.1127,1.1232
0.4531,-0.1928,-2.0746,-0.7743,-1.8323,-0.928,1.3657,0.4117,-0.0502,1.3019,-0.2034,1.6907,-1.267,0.2549,0.884
0.3621,0.1993,-2.1648,-0.2931,-1.9432,-0.7557,0.7767,0.4372,0.5805,1.0309,0.341,1.4568,-1.2744,-0.2195,0.5658
0.1866,0.4577,-2.4291,-0.0696,-1.4177,-0.9966,0.7387,0.1095,0.2373,1.0073,0.4947,1.2595,-1.3339,0.0588,0.3286
0.4527,0.2451,-2.5623,-0.0473,-1.163,-1.2593,0.1628,-0.1897,0.2931,0.9489,0.5487,0.7191,-0.9704,-0.1148,0.3959
0.0044,0.1292,-2.7958,0.1097,-1.1276,-0.7094,0.3463,-0.2046,0.4002,0.5704,0.5609,0.6856,-0.807,0.4701,0.5889
0.421,-0.2109,-2.6521,-0.2251,-0.9593,-1.1495,0.6335,-0.0746,-0.1146,0.8294,0.1031,1.3125,-0.5012,1.3331,0.8011
0.3332,-0.1165,-2.8629,-0.035,-1.0536,-0.5992,0.9068,-0.3009,-0.1249,0.98,0.1793,1.0375,0.0114,1.606,0.9908
0.5358,-0.0079,-2.4775,-0.31,-1.3072,-0.4798,0.6019,-0.3698,-0.2294,1.1357,-0.0455,1.0048,0.0649,1.5214,0.8618
0.9255,0.1806,-2.3161,-0.4236,-1.4433,-0.4321,0.8541,-0.3628,-0.0673,1.018,-0.0729,1.0093,-0.3782,1.8693,0.403
0.9498,0.2932,-2.4927,-0.3794,-1.5802,-0.5149,0.7322,-0.348,0.2765,0.6007,0.3907,0.7184,-0.9788,1.7744,0.1635
0.9404,0.0807,-2.7263,-0.4957,-1.4975,-0.9308,0.8321,-0.04,0.3265,0.4136,0.0937,0.8591,-1.3323,1.7625,0.1702
0.8107,-0.1489,-2.5082,-0.2972,-1.3541,-1.5448,0.8147,0.0992,0.9071,0.2276,-0.0974,1.2898,-1.2533,1.4405,0.8508
0.2829,-0.1858,-2.691,-0.2668,-0.8411,-1.7377,0.6439,-0.1636,0.7289,0.2532,-0.1561,1.6182,-1.2291,1.1733,1.0347
0.1372,-0.1686,-2.8259,-0.319,-0.7878,-1.859,0.5058,-0.1531,-0.8904,1.0536,-0.4734,1.6003,-1.2339,0.829,1.3257
0.2164,-0.4621,-2.7924,0.0394,-1.1903,-0.7023,0.6732,-0.1877,-0.2075,0.839,-0.1889,1.3282,-0.8117,0.5323,1.6082
0.2817,-0.2111,-2.3462,-0.2027,-1.0781,-0.3336,0.3565,-0.4121,0.0057,0.6102,-0.0248,1.2068,-0.6926,1.0175,1.089
1.0978,-0.0736,-2.6938,-0.3022,-0.9076,-0.4441,1.0555,-0.4656,-0.1162,0.4118,-0.2662,1.4146,-0.8803,0.9931,0.8504
1.1039,0.5465,-2.9996,-0.4839,-1.2736,-0.8384,1.1912,-0.2025,-0.0726,0.8328,-0.4241,1.7512,-1.3874,0.8476,0.688
0.6516,0.4363,-3.1292,-0.2264,-1.7176,-0.9568,0.9788,-0.0763,0.0848,0.8322,-0.0483,1.304,-1.9928,0.174,0.4025
0.5213,-0.0383,-2.6245,-0.2432,-1.9242,-1.2996,1.0467,-0.1599,0.2074,0.7681,0.0861,0.531,-1.3587,-0.1083,0.2366
0.8138,-0.0435,-2.9009,-0.34,-1.5393,-1.1904,0.7569,0.0028,0.0778,0.4717,-0.2272,0.5105,-1.1882,0.6268,0.463
0.6768,0.2014,-2.9621,-0.3262,-1.424,-1.3285,0.8132,-0.2355,0.2813,0.4801,-0.4928,1.1206,-1.6834,0.7714,1.0018
0.5293,0.3902,-3.359,-0.7455,-1.1292,-1.5237,1.5613,-0.3495,0.3196,0.3113,-0.4973,1.4564,-1.4618,0.6654,1.3205
0.4197,0.5072,-2.95,-0.8812,-1.222,-1.4887,1.0952,-0.1517,0.4823,0.3804,-0.6193,1.4635,-1.6083,0.0057,1.1916
0.084,0.0831,-2.6362,-0.7325,-1.1109,-1.5509,1.0115,-0.0916,0.7589,0.511,-0.1873,1.2402,-1.6408,-0.0475,0.9283
0.516,0.1614,-2.2571,-0.8217,-0.6698,-1.7805,1.0834,0.5648,0.1018,0.6424,-0.1627,1.3002,-1.5885,-0.1719,0.9467
0.4493,0.5202,-3.0474,-0.6593,-0.8415,-1.684,1.0363,0.4411,-0.0459,0.6817,-0.2107,1.1245,-2.4481,-0.4744,1.5786
0.9875,0.5318,-2.9334,-0.9706,-1.0933,-1.439,0.5108,0.1742,-0.1112,0.9212,-0.1123,0.9962,-2.2341,-0.7894,1.8851
0.5609,0.3328,-2.8443,-1.2831,-1.0914,-1.1005,1.1797,0.0276,0.0804,0.6906,-0.0676,0.719,-1.9241,-1.2692,1.6342
0.8888,0.0617,-2.7524,-1.3646,-1.0922,-1.121,1.2787,0.0935,0.4701,0.3947,-0.2017,0.822,-1.9042,-0.9377,1.4424
0.4373,0.1866,-2.7374,-1.43,-1.1124,-1.3823,1.2777,0.1333,0.59,0.4559,-0.4041,1.2477,-1.3261,-0.4632,0.9052
0.448,0.386,-2.9695,-0.9781,-1.0786,-1.7833,1.3884,0.2977,0.6856,0.4325,-0.6025,1.4541,-1.3706,-0.1336,1.089
0.3542,0.324,-3.4003,-0.8904,-1.0684,-1.9588,1.2029,0.5349,-0.7164,1.1676,-0.5573,1.3147,-1.9609,-0.1953,0.8092
0.076,0.5472,-3.2301,-0.2682,-1.7247,-1.2597,0.898,0.5022,-0.106,1.0665,-0.0715,0.5995,-1.6409,-0.2067,1.5014
0.0377,0.5057,-2.84,-0.2571,-1.6943,-0.7044,2.4171,0.1786,0.0899,0.8843,-0.5111,0.2839,-1.6327,0.0782,0.976
0.7227,0.4388,-2.7969,-0.2993,-1.878,-0.7482,2.1452,0.1661,0.0264,0.6935,-0.4917,0.9955,-1.5921,0.4674,0.816
0.4411,0.431,-3.0207,-0.1964,-2.2423,-1.1358,1.3132,0.2381,0.0203,0.8399,-0.2884,0.4906,-1.8896,0.6159,0.7842
0.0441,0.3114,-2.4565,-0.3361,-2.3703,-1.1888,0.9211,-0.0602,0.0118,0.7782,-0.1289,0.3495,-1.8586,0.6862,0.8996
0.1175,0.1608,-2.7069,-0.3706,-2.1433,-1.2451,0.9422,-0.1017,-0.1564,0.6464,-0.1978,0.179,-1.797,1.0701,1.4021
0.1684,0.8031,-2.4447,-0.4883,-1.8834,-0.8895,1.4949,-0.0874,-0.4852,0.757,-0.5362,0.4435,-1.9955,1.0802,1.6811
0.0999,0.8506,-2.1415,-0.5589,-2.0771,-0.2235,1.3209,-0.1941,-0.0635,0.2517,-0.5486,0.5558,-1.9364,1.2278,1.5247
0.6824,0.73,-1.9727,-0.9365,-2.0672,-0.401,0.9617,-0.1445,0.2316,-0.0046,-0.5749,0.3805,-1.994,1.6283,1.2984
0.0856,0.5692,-2.0333,-0.918,-1.833,-0.8544,1.6843,-0.0324,0.4424,-0.0787,-0.7744,0.8988,-1.7707,1.9032,0.8286
0.9496,0.5254,-2.4245,-0.9228,-1.8289,-1.7979,1.4038,-0.0375,0.2038,0.3088,-0.8476,0.9161,-1.5158,1.7499,1.7641
0.1159,0.7366,-2.3965,-0.8644,-1.8279,-1.1243,1.9742,0.078,0.1393,0.4234,-0.7463,0.5588,-1.3306,1.6991,2.0218
0.2161,0.5951,-1.9811,-0.9654,-2.1792,-0.7622,1.5182,-0.0206,0.1879,0.1811,-0.4904,0.3941,-1.3455,1.5482,1.712
0.271,0.539,-2.0013,-1.1979,-2.0145,-0.9069,1.8934,-0.0246,0.1571,0.282,-0.7534,0.4793,-1.3329,1.9052,1.3512
0.2661,0.3841,-1.9454,-1.0387,-2.0361,-1.1425,1.5697,0.0064,0.1947,0.4205,-0.7396,0.6017,-1.1792,2.2629,1.3796
0.2921,0.4176,-2.1207,-0.9673,-1.9203,-1.1816,1.2148,0.1282,0.2812,0.1189,-0.3714,1.611,-1.335,2.5921,1.4275
0.2718,0.1685,-2.0225,-0.9209,-1.5483,-1.2664,1.9601,0.0344,0.7593,-0.2088,0.6204,2.4771,-1.1435,2.1772,1.324
0.2871,0.286,-2.0356,-1.4176,-1.2204,-2.2983,1.6735,0.0371,0.728,0.0757,0.6374,2.4197,-1.4506,0.7705,1.3844
-0.0487,0.0162,-2.3342,-1.2343,-1.1766,-2.3549,1.8219,0.3178,0.3507,0.3066,0.6403,2.0175,-1.519,0.19,1.844
0.141,0.1508,-1.9042,-1.4752,-1.3918,-2.2873,1.5541,0.388,0.4576,0.6547,0.671,1.8544,-1.5981,0.4092,2.1404
-0.0561,0.5106,-1.8943,-1.3851,-1.1198,-1.6346,1.6455,0.4991,0.262,0.7878,0.6809,1.1757,-1.8868,0.0115,2.2381
0.0778,0.2954,-1.9972,-1.2685,-1.3031,-0.6947,1.6335,0.6323,0.6208,0.5241,0.7229,0.4591,-1.5131,0.7067,2.0675
0.4251,0.5247,-1.9542,-1.3115,-1.3158,-0.6868,1.6035,0.1822,0.4072,0.1394,0.2769,0.4826,-1.4608,1.1112,1.8951
0.6772,0.6515,-1.9281,-1.6404,-1.531,-0.8765,1.8373,0.0738,0.505,-0.1819,0.0423,0.8428,-1.7139,1.5209,1.5441
0.7189,0.2697,-2.2679,-1.5175,-1.4667,-0.9313,1.4969,0.2364,0.6156,-0.2807,-0.1067,0.8479,-1.3107,2.0314,1.4684
0.7883,0.1485,-2.1787,-1.5715,-1.4182,-1.3452,1.3487,0.3644,0.1627,-0.0708,-0.3841,1.2266,-1.5848,1.7687,2.0046
0.7333,0.2567,-1.9655,-1.7733,-1.3022,-1.6829,1.691,0.3175,0.2975,0.02,-0.536,1.5258,-1.9487,1.0459,2.0511
0.1885,0.3606,-1.7149,-1.6136,-1.4452,-1.473,1.5108,0.2056,0.5427,0.0788,-0.3304,1.2481,-1.9041,0.5682,2.0948
-0.5427,0.6097,-1.5228,-1.407,-1.2512,-1.5862,1.3826,0.2624,0.5954,0.0739,-0.1835,1.0772,-1.4292,0.8256,1.9125
-0.1555,0.709,-1.6094,-1.1605,-1.182,-2.1757,1.7006,0.1409,0.3513,0.5292,-0.3596,0.5801,-1.5427,1.2009,2.5609
-0.3499,0.7698,-1.8147,-1.2248,-1.2675,-1.3981,1.5054,-0.0046,-0.3022,1.2007,-0.354,0.1466,-1.6142,1.4356,2.7464
-0.035,0.5544,-1.6692,-1.17,-1.6932,-0.5746,2.0202,-0.007,-0.3552,1.0243,-0.3038,0.2418,-1.7202,1.8712,2.6538
0.9469,0.5601,-1.5609,-1.777,-2.093,-0.2393,2.3384,-0.1943,-0.1538,0.617,-0.3502,0.0112,-1.5967,2.054,2.0806
1.5837,0.462,-1.7019,-1.919,-2.1421,-0.6045,1.8881,0.329,0.1404,0.172,-0.5325,0.4408,-1.9449,2.1741,1.6902
1.304,0.2497,-1.5526,-2.1465,-2.0501,-1.001,2.0266,0.3277,0.1136,0.0768,-0.6443,0.7237,-2.3412,1.8801,1.8752
1.2604,0.5655,-1.5219,-1.9155,-1.9974,-1.2205,1.9267,0.6553,0.1873,0.1402,-0.8042,1.4019,-1.9606,1.7281,2.0879
0.7017,0.6578,-1.6628,-1.9973,-1.966,-1.1023,2.3567,0.7908,-0.0255,0.2164,-0.8888,1.1071,-2.4151,1.4294,1.9342
0.8058,0.7076,-1.6595,-1.9609,-2.155,-0.9132,2.1562,0.773,0.0543,0.7752,-0.7363,0.8481,-2.9035,0.6528,1.7295
0.7525,1.0159,-1.2684,-1.7743,-2.2862,-0.9478,1.8907,0.8753,0.0055,0.8265,-0.4724,0.7257,-3.0697,0.4146,1.6191
0.9334,0.8049,-1.192,-1.6524,-2.1886,-0.912,1.9988,0.8307,0.1628,0.475,-0.0781,0.2233,-2.9389,0.8018,2.0576
0.9116,0.4982,-1.1198,-1.8108,-2.1367,-1.0441,1.9634,0.5679,0.3486,0.2683,-0.3893,0.3583,-2.6548,1.1999,2.4256
0.6966,0.3508,-1.2352,-2.0654,-1.9005,-0.6952,1.6509,0.6327,0.4588,0.0598,-0.5083,0.7783,-2.5048,1.5995,2.3879
0.9243,0.4129,-1.258,-2.0482,-1.4524,-0.709,1.885,0.4802,0.0334,-0.1193,-0.5542,0.8926,-2.1769,1.8739,2.339
1.2851,0.2819,-1.6476,-2.2496,-1.8339,-0.5706,2.1105,0.3107,0.2686,-0.4046,-0.7244,1.1859,-2.1809,1.1911,2.2739
1.2383,-0.0342,-1.701,-2.24,-1.6088,-0.8351,2.2241,0.5322,0.2144,-0.2163,-0.7791,1.5985,-1.9832,1.1505,2.0366
1.0099,0.2313,-1.6232,-2.0486,-1.6699,-0.8104,1.9512,0.5346,0.7349,-0.5149,-0.6429,1.6031,-1.8448,0.9275,1.8177
1.0022,0.5518,-1.621,-2.0112,-1.6662,-1.5035,2.0391,0.4675,0.7508,-0.2212,-0.6788,1.5812,-2.0622,0.4367,1.5556
1.0928,0.5812,-1.5374,-1.9655,-1.6314,-1.9381,1.7941,0.5136,0.0975,0.264,-0.5633,1.2103,-2.2683,0.4501,1.7705
1.1341,0.6412,-1.5623,-1.7137,-1.8413,-1.4868,1.669,0.5873,0.5285,0.0168,-0.2924,1.0811,-2.3054,0.3765,2.1144
1.0747,0.5595,-1.6503,-1.9039,-1.836,-1.2056,2.2049,0.5302,-0.0711,0.1783,-0.4449,0.5814,-2.0557,0.576,2.2994
0.9226,1.0481,-1.2826,-1.89,-2.0062,-0.9082,2.0177,0.2446,-0.0056,0.3952,-0.5613,0.5304,-2.4756,0.276,2.3259
0.8966,0.6305,-1.5251,-2.0388,-2.247,-0.7013,2.6699,0.1672,0.0032,0.2304,-0.6177,0.2487,-2.2292,0.6178,2.1782
1.2772,0.3104,-1.2479,-1.8336,-2.3596,-0.5565,2.1406,0.2203,0.1988,0.2917,-0.6715,0.6044,-2.0702,0.9329,1.8736
1.2872,0.2536,-1.3001,-1.8728,-2.1061,-0.7167,2.1953,0.2705,0.1016,0.2406,-0.7452,1.0912,-2.1913,1.1615,1.5544
1.3267,0.3923,-1.2059,-1.7442,-2.1928,-0.4479,2.1724,0.4933,0.4704,-0.1689,-0.5639,1.2962,-2.1661,1.6041,1.6252
1.3383,0.7446,-1.4165,-1.5598,-1.9729,-0.9085,2.2027,0.5794,0.291,-0.0693,-0.6308,0.8438,-2.5457,0.8249,1.3246
1.4573,0.7177,-1.7757,-1.6542,-2.2637,-1.4544,1.9205,0.4776,0.2964,-0.0281,-0.6682,0.332,-3.1644,0.4806,1.6398
0.6858,0.669,-2.0608,-1.568,-2.4898,-1.6033,1.4458,0.5261,0.3049,0.3043,-0.7363,0.4491,-3.0279,0.6284,2.0558
0.5288,0.872,-1.7281,-1.3996,-2.2002,-1.63,2.2759,0.4302,-0.0716,0.5342,-0.7941,0.0927,-2.5689,1.0046,2.3711
0.5523,0.7682,-1.8546,-1.158,-2.4509,-1.0937,2.566,0.3004,-0.0096,0.3144,-0.9233,0.3384,-2.7346,1.15,2.3011
0.3714,0.4699,-1.7738,-1.4037,-2.4653,-0.5063,2.3022,0.2044,0.057,0.4174,-0.85,0.5663,-2.5989,1.3937,2.297
0.9179,0.6683,-1.539,-1.5963,-2.2319,-0.0416,2.1826,0.046,-0.6237,0.4875,-0.7355,0.8242,-2.4107,1.4652,1.9529
1.0,0.5678,-1.7807,-1.3827,-2.5659,0.2654,1.9925,0.2417,-0.341,0.3581,-0.724,0.7387,-2.5005,1.433,1.5414
2.5407,0.7383,-2.0525,-1.7676,-2.766,-0.311,2.2192,0.2037,-0.2296,-0.2456,-0.9513,1.5619,-3.0791,1.1781,1.332
1.8665,0.947,-2.192,-2.0483,-2.9035,-0.9111,2.4077,0.4145,-0.2535,-0.0468,-1.14,1.4793,-3.6169,0.6576,1.5479
1.4228,1.1185,-2.4555,-1.8592,-3.071,-1.4975,2.1675,0.6976,-0.3317,0.4885,-0.9153,1.4141,-4.4564,-0.4941,1.6895
1.0414,0.1181,-1.9431,-1.5998,-2.5163,-0.8287,2.1325,0.4595,0.0463,0.5928,-0.478,1.0448,-3.558,-1.0752,1.9376
0.6914,0.4592,-1.8682,-1.439,-2.1553,-0.4293,1.7391,0.2896,0.1126,0.1859,-0.207,0.9924,-3.2287,-1.0588,1.8382
0.7978,0.8572,-2.0587,-1.3224,-1.992,-0.9101,1.9993,0.3842,0.0765,0.3378,-0.4163,1.1319,-3.123,-1.0961,1.6576
0.6382,1.1141,-1.9599,-1.34,-2.0771,-0.7836,1.6949,0.2987,-0.019,0.1285,-0.0309,0.7412,-2.6564,-0.3963,1.8099
0.7844,0.944,-1.8564,-1.2294,-2.0414,-0.6499,1.8256,0.1801,0.13,0.135,-0.1665,0.4521,-3.0289,-0.1809,1.5788
0.5911,0.6527,-2.0962,-0.933,-1.8668,-0.6952,1.7352,0.4151,0.5938,0.0473,-0.2643,0.9794,-3.0118,0.0708,1.7625
0.4897,0.8599,-1.9361,-1.1691,-1.5203,-0.8464,1.6082,0.2206,0.622,-0.2154,-0.0564,0.49,-2.9436,-0.0695,1.6653
0.2618,1.0632,-1.9923,-0.9194,-1.442,-1.0496,1.0611,0.0513,0.3787,0.3426,-0.3763,0.6204,-2.7164,0.2038,2.081
-0.4538,0.5977,-1.9646,-1.0802,-1.3931,-0.7272,1.0033,-0.0755,0.3633,0.2849,-0.0843,0.7056,-2.1684,0.4211,2.1599
-0.1391,0.6697,-1.8185,-0.7941,-1.3296,-0.5837,1.1323,-0.2617,0.3683,0.1363,-0.1016,0.7687,-1.9244,0.6835,2.1367
0.2526,0.5927,-1.7689,-0.9951,-1.1665,-0.7942,1.0783,-0.2646,0.3994,0.667,0.1357,0.8905,-1.9103,1.1378,0.2896
0.3092,0.9563,-2.6212,-0.2304,-1.3746,-1.0348,1.1764,-0.1946,-0.0675,0.8192,0.0064,0.5177,-2.4904,1.0333,0.9343
-0.0613,0.7845,-2.5676,0.03,-1.6815,-0.408,1.0933,-0.585,0.026,0.7658,-0.1234,-0.0764,-2.1547,0.9432,1.2464
0.0654,1.0532,-2.7637,-0.2224,-1.6725,0.1838,1.1438,-0.5753,0.2385,0.5304,-0.2089,0.0245,-2.0979,1.406,0.9679
0.3436,0.9899,-2.7834,-0.1712,-1.8987,-0.1063,1.1781,-0.6775,0.3929,0.4947,-0.2803,-0.3262,-1.9896,1.5431,0.6445
0.3526,0.9791,-2.5597,-0.1391,-1.878,-0.4525,1.4218,-0.7068,0.356,0.409,-0.4406,0.1119,-2.1484,1.7869,0.8242
0.7178,0.6011,-2.4016,-0.1611,-1.9282,-0.2786,0.7749,-0.5316,0.493,0.2144,-0.565,0.2389,-1.9818,2.1309,1.1069
0.6065,0.5886,-2.3205,-0.4744,-1.6057,-0.3387,1.665,-0.4203,1.2159,0.2011,-0.4734,0.7112,-2.2617,1.5112,1.0629
0.6321,0.6192,-2.3969,-0.6879,-1.2474,-1.0141,1.829,-0.149,0.9362,-0.0033,-0.3921,1.1065,-2.369,0.9529,1.2548
0.3511,0.9406,-2.3431,-0.7467,-1.2878,-0.9635,1.2637,-0.1503,0.6429,0.015,-0.2291,0.9299,-2.5821,0.3917,1.4901
0.5761,0.8826,-2.1455,-0.811,-1.2765,-0.6569,1.3815,-0.1575,0.4854,0.0383,-0.106,1.0255,-2.4785,0.6742,2.0437
0.2554,0.8471,-1.7118,-0.836,-1.3157,-0.6617,0.9406,-0.3437,0.8248,0.4348,-0.0935,1.4699,-2.0596,0.8985,2.1278
1.0411,0.2663,-2.5063,-1.1912,-1.188,0.0236,1.3165,-0.5054,1.0001,-0.4149,0.3078,0.9791,-1.9128,0.7758,2.3831
1.2969,0.6157,-2.0926,-2.0179,-0.9474,-0.5918,1.5408,-0.5261,0.6983,-0.4427,-0.1201,0.8372,-2.354,0.4665,2.395
1.1832,0.6731,-1.8684,-2.2863,-1.1298,-1.1714,1.4422,0.0194,0.4937,-0.2539,-0.5758,1.3035,-2.3673,0.1874,2.9622
0.8833,0.6573,-1.7933,-2.2561,-0.9419,-0.8531,1.265,-0.0192,0.6393,-0.1109,-0.3424,1.1761,-2.2084,0.0448,2.9414
1.022,0.7406,-1.9711,-2.1809,-0.838,-0.9262,1.5812,0.15,0.5269,0.128,-0.3472,1.1941,-2.3383,-0.0982,2.5075
1.4693,0.875,-2.3564,-2.0756,-1.0636,-1.2986,1.0334,0.2959,0.1645,0.3112,-0.2434,0.9133,-2.6176,-0.1215,3.0876
0.3665,0.4817,-2.0983,-2.0689,-1.3197,-0.2912,1.5924,0.5309,0.2062,0.2229,-0.3179,1.0966,-2.812,-0.4703,3.2821
0.9968,0.459,-1.806,-2.2505,-1.4771,0.0358,1.7555,0.4544,0.3055,0.111,-0.2942,1.3575,-2.6411,-0.4118,3.2084
0.8959,0.8031,-1.5696,-2.2784,-1.5106,-0.1834,1.6772,0.3679,0.4743,-0.0629,-0.1503,1.2217,-3.0239,-0.7908,2.9063
1.411,0.6207,-1.6763,-2.1608,-1.6147,-0.6177,2.1732,0.3205,0.1982,0.0476,-0.6391,0.6073,-2.9668,-0.8265,2.2644
1.0813,0.6565,-1.5773,-2.0957,-1.9375,-0.704,2.0156,0.4717,0.1671,0.0888,-0.8649,0.5303,-3.1773,-0.1017,2.1855
0.7836,0.4887,-1.6311,-1.655,-2.093,-0.6963,1.9248,0.74,0.1538,-0.0688,-1.0389,1.1276,-3.0241,0.1664,2.6454
0.8527,0.914,-1.539,-1.8786,-2.0559,-0.4703,1.8953,0.3883,0.1811,-0.1554,-0.7155,1.2749,-2.9313,0.4435,2.817
1.0487,1.0963,-1.4033,-2.0928,-2.0413,-0.394,2.2283,0.2023,0.7548,-0.3307,-0.7381,1.0605,-3.3861,0.1618,2.4811
1.1902,1.1909,-1.0618,-2.2311,-1.9754,-0.8239,2.2677,0.287,0.7465,-0.6419,-1.0071,0.8804,-3.1923,-0.2366,1.8
0.8266,1.7509,-1.2342,-1.7915,-2.3198,-1.7592,2.5184,0.6382,0.7558,-0.1384,-1.1449,0.8654,-3.3533,-0.341,1.8469
0.2033,1.2817,-1.4262,-1.3631,-2.6686,-1.952,2.555,0.6588,0.8213,0.4252,-0.9974,0.1352,-3.5678,0.1321,2.1371
0.0637,1.0065,-1.365,-1.2863,-2.5498,-1.6038,2.3996,0.4804,0.7923,0.5361,-1.0197,-0.2236,-2.8994,0.3974,2.9735
0.2929,0.7807,-0.7573,-1.476,-2.1633,-0.7572,2.0555,0.2864,0.7358,0.5582,-0.8566,0.0054,-2.5043,0.9362,3.0859
0.852,0.4416,-0.8012,-1.9136,-1.9373,-0.3269,2.1759,0.1602,0.6524,0.4722,-0.9946,-0.2939,-2.1689,1.8155,2.6268
1.1666,0.9392,-1.2762,-2.1645,-1.6941,-0.2237,1.9595,0.3511,0.7955,0.1678,-0.922,0.1317,-2.5704,2.2009,2.9913
1.0682,0.9273,-1.5251,-2.255,-1.3989,-0.3019,2.4297,0.3294,0.9598,-0.2665,-1.4383,0.4795,-2.87,2.0657,2.9013
1.2867,0.6898,-1.5317,-2.3498,-1.4103,-0.7947,2.1298,0.2562,0.9252,-0.0283,-1.1822,0.8485,-2.7737,1.5609,3.1437
1.2483,0.9302,-1.6678,-2.4848,-1.1366,-0.6375,2.4509,0.3943,0.7506,-0.0141,-0.3717,0.668,-2.9264,0.8089,3.0364
1.192,0.7693,-1.4046,-2.5079,-1.4037,-0.438,2.0323,0.4815,0.6692,0.3114,-0.3876,0.9668,-2.7635,0.4302,3.2363
1.7256,1.0415,-1.4913,-2.79,-1.1863,-0.3186,2.3319,0.2699,0.8154,-0.0643,-0.6302,0.762,-3.0133,0.2174,2.8975
1.8256,1.3459,-2.0093,-2.9931,-1.3915,-0.6947,2.1642,0.4824,1.3277,-0.5074,-0.58,0.8162,-3.5206,-0.3608,2.2395
1.3898,1.4131,-1.8654,-2.7089,-1.5337,-1.4069,2.3683,0.7898,0.9603,-0.2362,-0.8813,0.9218,-3.8657,-0.8415,2.4544
0.9193,0.8492,-1.8843,-2.5,-1.4864,-1.6164,2.5489,1.0009,0.7029,0.1905,-0.9514,0.8039,-3.5125,-1.3277,2.665
0.663,0.6405,-1.8443,-2.3593,-1.4939,-0.8616,2.7931,0.9024,0.3961,0.5338,-0.992,0.8203,-3.0289,-1.2829,2.9897
0.8911,0.8436,-1.8394,-2.5697,-1.6405,-0.3953,2.0781,0.9305,0.5852,0.5261,-0.7081,0.672,-3.1568,-1.0532,2.4387
1.2231,0.6531,-1.4606,-2.412,-1.5057,-0.1591,2.2303,0.7368,1.039,0.1175,-0.6478,0.4371,-2.38,-0.5686,2.4581
1.3205,0.5425,-1.8217,-2.5408,-1.388,-0.2364,2.6092,0.7961,0.791,-0.1921,-0.7186,0.0991,-2.632,0.236,2.1844
1.2403,0.7599,-2.1411,-2.4072,-1.4719,-0.5239,2.5467,0.9743,0.2199,0.3169,-1.3942,0.6621,-3.1379,0.2209,2.1091
1.4012,0.873,-2.1943,-2.3949,-1.7726,-0.6738,2.3335,1.096,0.4301,0.422,-0.9445,0.8007,-3.5345,-0.5607,2.3056
1.1118,0.7915,-1.7825,-2.105,-1.933,-0.8638,1.7038,1.0376,1.1064,0.0157,-0.4333,0.3696,-3.6842,-1.0736,2.1042
0.9301,0.8545,-1.6968,-2.1204,-1.4959,-1.2325,1.9764,0.7116,1.2766,-0.1405,-0.3363,-0.0585,-3.3736,-0.9251,1.7243
0.7317,0.9801,-1.8826,-1.8453,-1.4242,-1.5696,1.8494,0.8103,1.1594,0.1825,-0.5863,0.3459,-3.2186,-0.5878,2.3709
0.4554,0.815,-2.0049,-1.9407,-1.1471,-1.5663,2.1936,0.6679,1.4204,0.1736,-0.5373,0.0054,-2.988,-1.0564,2.5635
0.9379,0.7158,-1.8931,-2.3964,-1.0782,-1.1332,1.953,0.6202,1.1444,0.2585,-0.6332,0.8983,-2.5586,-0.3884,3.1407
0.71,0.6619,-1.7248,-2.3598,-0.6469,-0.6284,1.9926,0.4518,1.474,-0.0304,-0.3017,0.5542,-2.5838,-0.829,3.1278
1.1627,0.6838,-1.6344,-2.5067,-0.6812,-0.9426,1.8767,0.7166,1.5907,-0.3312,-0.5395,0.652,-3.0764,-0.8392,2.7779
1.0433,0.1002,-1.5685,-2.6152,-0.7415,-1.3539,1.7368,0.5586,1.3037,0.1947,-0.5619,0.6449,-2.8527,-0.7031,3.0294
1.1482,0.5516,-1.4559,-2.6069,-0.6657,-1.6872,1.9443,0.5466,1.0625,0.0375,-0.3023,1.235,-2.7394,-0.5808,3.077
0.7535,0.734,-1.726,-2.2306,-1.0102,-1.3416,1.7607,0.3178,0.7638,0.2773,-0.1487,0.7595,-2.7717,-0.6482,3.1683
1.0692,0.7623,-1.5204,-2.461,-1.0491,-1.0561,1.4924,0.2307,0.9081,0.1948,-0.0508,0.6346,-2.7802,-0.3256,2.8682
1.0069,0.9269,-1.379,-2.4266,-1.0321,-0.8698,1.6933,0.3931,1.1043,-0.0746,0.1159,0.5971,-3.5355,-0.5359,2.5902
1.3488,0.8738,-1.72,-2.3781,-1.0424,-1.0372,1.6628,0.6121,1.0992,-0.1384,-0.14,0.713,-3.2555,-0.7615,2.8817
1.142,1.0499,-1.7622,-2.6166,-0.9812,-1.1327,1.695,0.6848,1.0781,-0.1714,-0.0809,0.6379,-3.1643,-0.6965,2.8018
1.4375,1.0996,-2.0377,-2.7182,-1.0793,-1.286,1.8026,0.8103,0.9167,-0.2498,-0.3448,0.4958,-3.293,-1.1587,3.0622
1.5542,1.1098,-1.7145,-2.2454,-1.3531,-1.313,2.1543,0.8679,0.6558,-0.0774,-0.5818,0.9852,-2.8114,-1.1966,3.2588
0.9767,0.994,-1.3148,-2.4857,-1.4925,-0.7918,1.926,0.9155,0.5454,0.042,-0.6449,0.8138,-3.0782,-1.2357,3.2401
1.5941,1.1692,-1.2928,-2.5763,-1.4529,-0.5459,2.1018,0.7864,0.2369,0.0855,-0.607,0.8276,-2.7833,-1.2339,3.063
1.7408,1.0505,-1.5351,-2.3903,-1.874,-0.3247,2.1059,0.7264,0.1784,0.0818,-0.3997,0.5049,-2.8458,-1.0055,2.9793
1.8139,0.9926,-1.4127,-2.4777,-2.0536,-0.2048,2.1137,0.8335,0.5837,-0.2803,-0.3664,0.3418,-3.1553,-1.0869,2.3602
1.8258,1.1148,-1.4564,-2.3769,-2.0426,-0.8969,2.434,1.0399,0.2651,-0.104,-0.7013,1.096,-3.2719,-1.0164,1.9223
1.5953,1.3621,-1.3343,-2.076,-2.3685,-0.7698,1.9626,1.1436,0.6876,-0.1921,-0.401,1.2857,-3.2449,-0.9683,2.1941
1.3991,1.2807,-1.4319,-2.2672,-2.2656,-1.3287,1.9249,1.0073,0.6088,-0.2656,-0.1598,1.002,-3.3091,-1.4802,1.931
1.3996,1.0528,-1.3247,-2.0205,-2.133,-1.1795,1.7049,1.0089,0.6491,-0.2388,-0.186,0.0491,-2.9706,-1.3239,1.9366
1.6015,1.421,-1.1454,-1.7667,-2.036,-1.4403,1.4675,1.3198,0.269,0.1369,-0.2181,0.5403,-3.2748,-0.818,1.4281
0.9151,1.0429,-1.0864,-1.1892,-2.4559,-1.4221,1.6456,0.8813,0.3741,0.3625,0.0133,-0.0198,-3.1562,-1.0092,1.4969
0.596,1.2735,-1.0106,-0.766,-2.3873,-1.4768,0.8115,1.1356,0.5294,0.564,0.3001,0.3142,-2.946,-0.5228,1.5425
0.6969,1.1019,-1.2227,-0.5009,-2.2525,-1.1255,1.5453,0.724,0.1591,0.4084,0.3109,-0.2005,-2.4124,0.1592,1.9712
0.8036,0.5928,-1.2648,-0.6642,-2.3079,-0.8339,1.8455,0.3789,0.1314,0.4077,0.2396,-0.4291,-2.4303,0.6541,2.2811
1.183,0.77,-0.8013,-1.0331,-2.2087,-1.0801,1.6176,0.1294,0.4169,0.468,0.0345,0.068,-2.2873,1.0056,2.2207
1.1426,0.9102,-0.9872,-1.1968,-2.0415,-0.4143,1.7037,0.0873,0.463,0.051,0.1249,0.085,-2.3436,1.4082,2.1945
1.553,0.8232,-1.339,-1.4539,-1.9003,-0.5368,2.0117,0.2019,0.471,-0.2916,-0.1582,0.3099,-2.479,1.4821,1.8756
1.6743,0.7896,-1.3227,-1.5736,-1.9774,-0.651,2.4543,0.2889,0.8466,-0.4275,-0.4245,0.3056,-2.8249,1.0895,1.8182
1.5129,0.7127,-1.4758,-1.7835,-2.0067,-0.5012,1.9327,0.509,0.5034,-0.4657,-0.5606,0.5681,-3.1205,0.4348,1.877
1.5686,0.9598,-1.2801,-1.6148,-2.1108,-0.8465,2.3299,0.6473,0.4651,-0.3735,-0.5982,0.9377,-3.0044,-0.2535,1.7839
1.2378,0.8103,-1.1688,-1.3857,-2.3121,-0.9823,2.3591,0.5623,0.2352,-0.1088,-0.3304,1.0455,-3.2739,-0.916,1.6948
1.1053,0.6754,-1.2138,-1.2264,-2.377,-0.9782,1.9895,0.6729,0.2689,0.0366,-0.2734,1.0834,-3.0583,-0.5106,1.5375
1.1285,0.3261,-1.7704,-0.9831,-2.4388,-0.9823,1.8915,0.8348,0.5655,-0.0178,-0.1499,1.1108,-2.6998,-0.4691,1.7357
1.18,0.2753,-1.4852,-0.9643,-2.2101,-1.2165,2.3112,0.1158,0.3248,0.0143,-0.1446,1.0566,-2.0036,-0.4832,1.6837
1.1015,0.1484,-1.4967,-0.9671,-2.0172,-0.7628,2.2474,0.1466,0.5652,0.1637,-0.0517,1.0991,-1.8186,-0.1252,1.6478
1.3165,0.5201,-1.5528,-1.0207,-2.0332,-0.9752,2.0976,0.2948,0.5257,-0.094,0.0287,1.7085,-1.8459,0.1302,1.5419
1.1641,0.6058,-1.5187,-0.6617,-2.2195,-1.1286,1.4859,0.4649,0.8598,-0.1778,0.016,1.4336,-1.9913,-0.3238,1.066
0.7923,1.0797,-1.8508,-0.5256,-2.1291,-1.6513,1.5614,0.2734,0.6716,0.1257,0.1633,1.9671,-2.5272,-0.6234,1.079
0.8183,1.2079,-2.1741,-0.4594,-2.2031,-1.769,1.8111,0.2284,0.9244,0.02,0.5469,1.404,-2.286,-1.0221,1.1444
0.6872,1.1113,-1.293,-0.3444,-2.0353,-1.3832,2.148,0.1994,0.576,0.132,0.5388,1.0205,-2.2344,-0.8619,1.38
0.4604,0.7961,-1.7857,-0.3736,-2.3172,-1.4289,1.5967,-0.0211,0.6287,0.5788,0.4502,0.4969,-2.428,-0.3866,1.6341
0.1752,0.743,-1.5458,-0.355,-2.0515,-1.1004,1.245,-0.2101,0.3537,1.0531,0.6815,0.2951,-2.3375,-0.0438,1.7443
-0.0797,0.5253,-1.3032,-0.2939,-1.8993,-0.196,1.2611,-0.3911,0.3407,0.7845,0.7571,0.5255,-1.8697,0.1164,1.6752
0.5752,0.5016,-1.329,-0.4291,-1.9126,0.4043,1.9325,-0.4681,0.6264,0.2383,0.5034,0.7283,-1.5013,0.8625,0.9401
1.0071,0.6561,-1.9241,-0.2216,-2.0937,0.0066,1.7878,-0.1615,0.5331,-0.0719,0.1475,0.9376,-1.9462,0.8878,0.5022
0.642,0.5663,-2.1675,-0.0324,-2.2456,-0.3783,2.0801,-0.191,0.9711,-0.4475,-0.029,0.9732,-2.1306,0.5385,0.482
0.5862,0.889,-2.2106,-0.0205,-2.1606,-1.132,1.4292,-0.4138,0.6907,-0.157,-0.0144,0.5075,-2.1691,0.0781,0.9121
-0.0198,0.9534,-2.0862,0.0724,-2.2391,-1.2355,1.6295,-0.3135,0.7519,0.1641,-0.1722,0.6544,-2.338,0.077,0.9209
-0.1764,1.3462,-2.3646,0.0409,-2.0227,-1.3836,2.0417,-0.4209,0.7682,0.651,-0.3052,0.7745,-2.3086,-0.099,1.1274
-0.3867,1.1636,-2.6137,-0.0044,-2.2493,-0.405,2.3462,-0.5899,0.6161,0.4616,-0.0043,0.0023,-1.8692,0.12,1.4171
0.2752,0.7285,-2.3037,-0.3241,-2.3118,-0.2077,2.7117,-0.6737,0.6612,0.1441,-0.564,0.2932,-1.4393,0.7786,1.3403
0.6411,0.6115,-1.8548,-0.5083,-2.4542,-0.4349,2.2928,-0.6033,1.6006,-0.3007,-0.228,0.2403,-1.3952,1.1083,1.0625
0.2201,0.6797,-1.8859,-0.8292,-1.9503,-1.3304,2.0346,-0.6113,1.2219,-0.2292,-0.2232,0.7003,-1.3436,2.0216,1.2164
0.2594,0.6168,-1.7036,-0.5547,-1.5383,-1.8225,1.9226,-0.1921,0.9257,0.1786,-0.3437,0.3132,-1.0474,1.9779,1.8406
0.1736,0.4457,-1.6744,-0.8916,-1.4785,-1.6874,2.1032,-0.3833,0.9375,0.2031,0.0475,0.2806,-1.1859,1.9573,2.3562
0.1629,0.5499,-1.5694,-1.1992,-1.1626,-1.3385,2.0825,-0.2343,1.1901,0.1617,0.1064,0.5841,-1.4384,2.0988,2.7843
0.244,0.6032,-2.2253,-1.1275,-0.9255,-1.516,1.7667,-0.2847,1.3663,-0.3003,0.1271,1.033,-1.6975,1.6816,3.0584
-0.0016,0.6051,-1.81,-1.6552,-0.5223,-1.4819,2.3478,-0.3697,1.1889,-0.2727,-0.0197,0.9241,-1.6444,1.1656,3.2486
0.3936,0.5362,-1.989,-1.98,-0.4348,-1.1388,3.0084,-0.1908,1.3972,-0.3576,-0.0497,1.2364,-1.6788,0.9976,3.3367
0.4703,1.3184,-1.8702,-2.2762,-0.5568,-1.0542,2.4275,-0.2784,1.0979,-0.3314,-0.0295,1.381,-2.0683,0.3615,3.3981
0.7862,0.811,-1.6154,-2.4282,-0.9301,-1.4956,2.1649,0.0974,0.9764,-0.5235,0.3763,1.2217,-2.0532,0.0062,3.2234
0.8894,0.9265,-1.5633,-2.5856,-0.9898,-1.5999,2.2028,0.4688,1.1178,-0.4399,0.2108,0.9719,-1.8558,0.1982,3.1283
0.9012,1.0013,-0.8685,-2.6792,-1.0169,-1.4222,2.7964,0.4357,0.6947,-0.1346,-0.0991,0.9437,-2.174,0.2951,3.0638
0.6316,1.0326,-0.9331,-2.453,-1.0129,-1.2109,2.7409,0.5105,0.9669,-0.2218,-0.0439,0.595,-2.7438,0.2728,3.5651
0.5395,0.8622,-1.2636,-2.4878,-1.0095,-1.1258,2.6605,0.5474,0.6669,-0.0492,-0.1575,0.6896,-2.5705,0.4332,3.5332
1.0659,1.1968,-0.8779,-2.591,-0.9565,-1.2034,2.8324,0.612,0.6981,-0.1001,-0.1248,0.7729,-2.434,1.0639,3.886
1.4035,0.9895,-0.646,-3.0679,-1.057,-0.6462,2.512,0.6514,0.831,-0.3619,0.1528,0.4453,-2.6745,0.728,3.8246
1.4998,1.2975,-1.0019,-3.5548,-0.9709,-0.9527,2.6721,0.6882,0.7399,-0.5456,0.0132,0.648,-3.3047,0.8323,3.6467
1.5295,1.2161,-1.2589,-3.2658,-0.9346,-1.0302,2.6857,0.9271,0.7327,-0.4397,-0.4707,1.2319,-3.623,0.0389,4.0113
1.3111,0.9767,-0.9115,-3.3609,-0.9726,-1.3218,2.5072,0.8444,0.5592,-0.3038,-0.3071,0.8944,-3.4796,-0.934,3.7921
1.3127,0.8584,-0.9833,-3.4617,-0.9367,-0.653,2.8303,1.0146,0.6668,-0.6301,-0.307,0.7997,-3.0226,-1.1078,3.7055
1.6488,0.7688,-0.4313,-3.4085,-0.9834,-1.593,3.0289,1.1075,0.6436,-0.3993,-0.3261,1.0587,-3.1461,-1.2721,3.1065
1.1329,0.7733,-0.4682,-3.1286,-0.8842,-1.9744,3.226,1.3978,0.0187,0.2592,-0.4065,1.3141,-3.3423,-1.1635,3.556
0.5119,0.6646,-0.642,-2.8876,-1.3122,-0.8164,3.246,1.4614,0.1677,0.349,-0.0429,0.8635,-3.2264,-1.4125,3.7604
1.1417,0.996,-0.6679,-2.8617,-1.5612,-0.314,3.306,1.1066,0.608,0.0757,0.0777,0.7755,-3.4485,-1.2494,3.4808
1.6953,1.0009,-0.9061,-3.2033,-1.619,-0.4331,3.378,0.9974,0.0842,0.1739,-0.0627,0.2787,-3.1188,-1.1291,3.1764
1.7088,1.2177,-1.1707,-3.4422,-1.882,-0.6839,3.2906,1.1209,0.3571,0.2308,-0.0298,0.409,-3.2883,-0.9732,2.434
0.9129,0.9824,-1.0642,-2.5231,-2.0937,-0.7869,2.7454,1.3898,0.2282,0.5362,-0.0421,-0.2577,-3.8693,-1.2538,1.935
1.365,0.8153,-1.6867,-1.9855,-2.1106,-0.975,3.0401,1.1844,-0.0885,0.4642,-0.1992,-0.1974,-3.7257,-0.7511,1.9968
1.1769,0.6998,-1.8711,-1.7221,-2.3927,-0.7147,3.3422,0.7536,0.0807,0.2472,-0.2826,-0.3258,-3.3374,-0.7734,2.4253
1.1793,0.6075,-1.3333,-1.8154,-2.404,-0.4007,2.9823,0.6138,0.0525,0.3945,-0.3502,-0.1847,-3.1555,-0.6929,1.8512
1.4645,0.4845,-1.4101,-1.8246,-2.2329,-0.2225,3.084,0.7186,0.2565,0.1815,-0.3139,-0.0578,-3.4484,-0.7598,1.7036
1.8417,0.5281,-1.6937,-1.9955,-2.1004,-0.6111,3.2723,0.7878,-0.1351,0.1378,-0.4999,0.2444,-3.1289,-0.5099,1.5663
1.2087,0.482,-1.4952,-1.5166,-2.4242,-0.3063,2.7144,0.8571,0.1564,-0.0195,-0.3786,0.3765,-3.0875,-0.87,1.036
1.0343,0.7248,-1.5872,-1.4299,-2.3759,-0.8419,2.8122,0.6928,0.1654,0.3096,-0.266,0.6888,-2.8756,-0.2872,1.0774
1.1525,1.0316,-1.5656,-1.1501,-2.2597,-0.4806,2.6465,0.6337,0.4986,-0.0479,-0.0602,0.1602,-3.0715,-0.918,0.7919
1.3295,0.8056,-1.7252,-1.3238,-2.1412,-1.3629,2.4538,0.3919,0.4118,0.0411,-0.2306,-0.6693,-2.9491,-0.4503,0.9815
0.6608,0.6235,-1.8284,-1.0606,-2.0613,-1.8086,2.3282,0.456,0.461,0.1516,-0.2705,-0.4878,-2.9053,-0.2915,1.2489
0.1378,0.6057,-1.5301,-0.6387,-1.8544,-1.55,1.87,0.2777,0.179,0.3476,-0.1296,-0.2931,-2.4143,0.7089,1.7234
0.1527,0.8008,-1.5584,-0.4147,-1.6322,-0.9645,2.0078,0.0149,0.08,0.3,0.0677,0.0479,-2.2818,0.7507,1.8205
-0.0983,0.8373,-1.6311,-0.3152,-1.5979,-0.3617,1.3397,-0.2371,0.3598,0.3428,0.3307,-0.2527,-2.0015,0.8433,1.6157
0.5593,0.753,-1.3646,-0.6817,-1.3621,0.0393,1.7182,-0.4105,0.4237,-0.1602,0.4361,-0.2056,-2.1344,1.5106,1.506
1.0566,0.4418,-1.3628,-1.1263,-1.2966,-0.4963,1.9488,-0.3214,0.7691,-0.3767,0.2846,0.4804,-1.5735,1.6127,1.4153
1.1977,0.4824,-1.7125,-1.3234,-0.9811,-0.9871,2.2067,-0.0058,0.8823,-0.5286,0.1046,1.2357,-1.7193,1.6913,1.8775
1.0067,0.751,-1.6732,-1.4459,0.1758,-0.895,2.4049,0.317,0.8114,-0.7564,0.0883,1.3097,-2.3482,0.6475,2.5359
0.8193,1.0454,-1.969,-1.7724,-0.145,-1.1531,1.8163,0.2747,1.1425,-0.679,0.1607,1.6477,-2.7842,-0.0286,2.572
1.0085,0.9368,-2.1243,-2.1858,-0.3125,-1.3612,1.5804,0.1447,0.6807,-0.5167,0.2769,1.4738,-2.9701,-0.9374,2.2476
0.9151,0.6784,-2.0519,-2.2147,-0.3205,-0.9895,2.2637,1.0494,0.6861,-0.3884,0.264,1.462,-2.7282,-1.4979,2.2569
1.1139,1.0219,-1.9142,-2.1275,-0.5912,-1.0209,2.382,0.9282,0.6827,-0.1721,0.2995,1.1854,-2.6441,-2.0869,2.7027
0.9427,1.1491,-1.6585,-2.1778,-0.7557,-0.9862,2.333,0.9187,0.6171,-0.1046,0.4269,0.0675,-3.171,-2.3935,2.3843
1.1195,1.0509,-1.6457,-2.182,-1.0049,-1.0161,2.5483,0.8986,0.6549,-0.0915,0.1657,0.0189,-3.107,-1.6407,2.3265
1.2159,1.1051,-1.4127,-2.1788,-1.1634,-1.2584,2.4543,0.7867,0.5967,-0.2426,-0.0062,0.4361,-2.7914,-1.2268,2.2941
1.1651,0.9093,-1.4682,-2.2714,-1.3153,-1.174,2.7476,0.7295,0.4494,-0.2047,-0.0682,1.523,-2.7302,-1.1503,2.4442
0.5761,1.0582,-1.0326,-2.2471,-1.4629,-1.0323,2.4014,0.7983,0.4141,0.1886,-0.0648,1.4907,-2.9077,-1.2661,2.2361
0.7506,0.8739,-1.1526,-2.0654,-1.5221,-0.7437,2.9109,0.9122,0.4662,-0.0698,0.092,1.0259,-2.6119,-1.2785,2.1398
1.3428,0.8674,-0.9471,-2.1383,-1.1771,-0.9935,2.6514,1.0091,0.225,0.2189,-0.035,0.6995,-2.6134,-1.0178,2.0159
1.155,0.5992,-1.071,-2.1559,-1.4028,-0.7093,2.6168,0.8114,0.3036,0.2693,0.0258,0.3274,-2.6637,-0.7939,1.8441
1.0447,0.7326,-1.2859,-2.0003,-1.5404,-0.3838,3.1472,1.0439,0.2427,0.0847,0.2023,1.093,-2.7167,-0.5774,1.5154
0.9864,0.7957,-1.4201,-1.8352,-2.1183,-0.9585,2.8924,0.9543,0.3239,0.171,0.0912,0.9566,-2.7101,-0.4179,1.2674
0.7984,1.0157,-1.5121,-1.5009,-1.9618,-0.8907,3.0137,1.0043,0.4493,0.3015,-0.0771,0.9142,-2.8721,-0.3647,1.3046
0.5945,0.841,-1.5467,-1.2777,-1.8259,-1.0446,2.1837,0.8038,0.5352,0.1681,-0.0222,1.2543,-2.4979,-0.8423,1.3915
0.3502,0.8775,-1.7281,-1.2764,-1.3403,-1.2012,3.051,0.6138,1.019,0.1559,0.0976,0.8524,-2.3783,-1.0004,1.7375
0.3757,0.9654,-1.8226,-1.3205,-1.0581,-1.3554,2.5723,0.3966,1.0212,-0.4146,0.161,0.7837,-2.1989,-0.5722,1.6594
0.5276,1.2,-1.8504,-1.5333,-1.258,-1.6976,3.4527,0.1205,0.7811,-0.1842,-0.3055,1.0654,-2.2666,-0.6807,1.7844
-0.112,0.8968,-1.9312,-1.3173,-1.4106,-1.3053,2.6705,0.3941,0.5591,0.4318,-0.3643,1.2158,-2.2683,-0.98,2.005
-0.1364,0.7903,-1.6873,-1.0224,-1.4148,-0.9022,2.1817,0.1629,0.1766,0.6149,0.1727,0.805,-1.7072,-0.9362,1.8862
0.1088,0.4496,-1.8081,-0.9941,-1.5614,-0.5931,2.5906,0.1128,0.4405,0.4915,0.2395,0.432,-1.299,-0.214,1.4253
0.4254,0.3163,-1.8692,-1.092,-1.4788,-0.661,2.6322,0.123,0.5473,0.4343,0.2555,0.7656,-1.2095,0.2801,1.2231
0.4191,0.5638,-2.021,-1.106,-1.4699,-0.6186,2.4527,0.14,0.6242,0.417,0.0623,0.8155,-1.7086,0.6242,1.3724
0.5692,0.6957,-1.8747,-1.1823,-1.4088,-0.9794,2.0362,0.2385,0.2307,0.5535,0.1405,0.9077,-1.6705,0.6017,1.1386
0.4835,0.4477,-2.1271,-0.7897,-1.7303,-0.6149,2.3513,0.0547,0.1578,0.5707,0.2369,1.0525,-1.8582,0.8866,1.5736
0.4055,0.8556,-1.8841,-0.891,-1.7735,-0.3477,1.3788,-0.2482,0.2674,0.7313,0.6554,1.0173,-2.2038,-0.11,0.4714
0.6281,1.3027,-2.3807,-0.4112,-1.8497,-0.4448,1.9371,-0.0724,0.3411,0.4599,0.741,0.8462,-1.7744,0.003,0.4224
0.2581,1.0778,-2.2327,-0.2766,-2.0799,-0.6532,1.8793,-0.3662,0.283,0.5923,0.7431,0.2318,-2.0992,-0.1267,0.3182
0.0011,1.0336,-1.9906,0.2067,-2.2453,-0.4715,2.0169,-0.5708,0.2182,0.6649,0.5903,0.1372,-2.1637,0.3518,0.2663
-0.0221,1.1001,-1.9754,0.3996,-2.4068,-0.2692,1.5899,-0.4745,0.1003,0.7806,0.5733,0.0906,-2.0815,0.7418,0.3651
0.3059,1.2246,-2.0749,0.1741,-2.4527,-0.0578,1.8434,-0.5529,0.4827,0.3582,0.6713,-0.1425,-1.8013,1.3136,0.8255
0.2792,0.9556,-1.9958,-0.1153,-2.4278,-0.5281,1.7438,-0.5671,0.405,0.3334,0.418,-0.0436,-1.5942,1.6463,0.5595
-0.0804,0.8087,-2.142,0.1045,-2.5116,-0.136,1.7936,-0.5305,-0.0156,0.4928,0.0818,0.1212,-1.7395,1.6688,0.7495
-0.1101,0.7304,-2.3901,0.2192,-2.6116,-0.1918,1.9063,-0.6437,0.1306,0.5744,0.0378,0.3236,-2.0098,1.4125,0.8145
-0.3569,0.6447,-2.3147,0.0651,-2.6518,0.2784,2.1133,-0.5852,0.4597,0.4449,0.1785,0.6348,-1.682,1.5943,1.0312
0.132,0.6433,-2.0519,-0.3383,-2.4357,0.0737,2.4841,-0.4907,0.289,0.4325,0.3407,0.7539,-1.3624,1.6575,0.5894
0.0735,0.6125,-2.3321,-0.7142,-2.3798,0.0092,2.3566,-0.4998,0.5289,0.474,0.312,0.5276,-1.4058,1.5435,0.5133
0.2271,1.0135,-2.1403,-0.4989,-2.1092,-0.3857,1.9834,-0.3041,0.5905,0.391,0.5108,1.0523,-1.8074,1.1555,0.3064
0.3873,0.9341,-2.2478,-0.6472,-2.1871,-0.8399,2.0631,-0.2554,0.4855,-0.1713,0.538,0.477,-1.9573,0.4862,0.5936
0.1128,0.8434,-2.3127,-0.5725,-2.2582,-1.4689,1.812,-0.3142,0.9859,0.1684,0.1248,0.6443,-1.7096,0.7412,1.3045
-0.6394,0.3354,-1.9829,-0.5487,-1.8023,-1.4936,1.7405,-0.1596,0.7454,0.7573,0.176,0.895,-1.5238,0.6671,1.2631
-0.7194,0.3922,-1.9884,-0.1939,-1.5077,-1.2916,1.674,-0.1893,0.4516,1.0889,0.6393,0.7803,-1.2276,1.0285,1.9803
-1.0557,0.629,-1.9109,-0.1616,-1.3674,-0.2524,1.631,-0.4825,0.4305,1.0372,1.0027,0.247,-0.8807,1.5105,2.1475
-0.1713,0.5786,-1.9813,-0.5055,-1.3159,0.066,1.7852,-0.607,0.9008,0.6059,0.8589,0.3092,-0.6944,2.1833,1.9109
0.2471,0.6783,-2.2396,-1.0378,-1.2909,-0.2641,1.7887,-0.6574,1.2601,0.1214,0.999,0.8236,-1.1814,2.58,1.3907
0.2532,0.5381,-2.2828,-0.93,-1.0633,-0.7855,2.243,-0.3055,1.0189,0.2323,0.7303,1.0234,-1.4469,1.736,1.4369
0.1997,0.5895,-2.6352,-0.8027,-1.1317,-1.3457,2.1595,0.282,0.8158,0.5573,0.8454,1.284,-1.9207,0.7343,2.389
-0.2073,0.2574,-2.284,-0.9583,-1.0936,-0.5214,2.0974,-0.0097,0.1572,1.1094,0.7954,0.7662,-1.5023,0.2148,2.5603
-0.2658,0.5871,-2.0235,-1.0533,-1.6504,0.3495,2.0096,-0.1692,0.2508,0.7491,0.9077,0.7766,-1.5258,0.4338,1.9262
0.6387,0.8968,-1.9644,-1.0868,-1.9632,0.5263,2.2017,0.106,0.4527,0.1851,0.7504,1.1799,-1.6058,0.4157,1.2528
0.7836,0.8841,-2.1475,-1.1449,-2.137,-0.1112,2.7954,0.1954,0.8689,0.0801,0.4987,1.1988,-1.7082,0.3954,1.0053
0.9106,0.9035,-2.2744,-1.2447,-2.2192,-0.6808,2.3447,0.605,0.6938,0.1338,0.2262,1.3418,-1.9456,0.5334,0.4978
-0.1358,0.8648,-2.2593,-0.5975,-2.4402,-1.0606,1.7264,0.7189,0.7742,0.3385,0.3859,1.0583,-2.3964,0.0787,0.6858
0.2523,1.8732,-2.5776,-0.2342,-2.1966,-1.4442,1.8849,0.3975,1.0603,0.4519,0.5993,0.9774,-2.3464,-0.2966,0.9571
-0.2018,1.4064,-2.203,-0.4657,-2.1556,-1.8363,2.0085,0.1353,0.8379,1.3483,0.5543,0.2317,-2.37,-0.6793,1.2203
-0.6849,0.8888,-1.6392,-0.1123,-2.3586,-1.261,1.3654,-0.1402,1.0702,1.46,0.8568,-0.4993,-2.0547,0.2901,2.3577
-1.2243,0.9794,-0.7822,-0.3617,-1.7191,-0.5202,1.9305,-0.8046,1.1866,1.0784,0.9374,-0.5965,-1.7369,1.4684,2.8861
-0.3909,0.8146,-1.2813,-0.9942,-1.5743,-0.0236,1.8822,-0.8571,0.9539,0.541,0.6273,-0.0066,-1.099,2.6403,2.7313
0.3614,0.4072,-1.812,-1.7653,-1.4615,-0.0415,1.9269,-0.579,0.7232,0.3451,0.4073,0.4346,-1.0241,3.2171,2.9002
0.6491,0.4093,-2.004,-2.2439,-1.2791,-0.2401,2.2302,-0.3103,0.878,0.3458,0.2557,1.377,-1.1431,3.2575,3.277
0.6444,0.7724,-2.0006,-2.5874,-1.259,-0.9992,2.9229,0.1018,0.6974,0.4587,0.0071,1.6231,-1.9612,1.9117,3.0493
0.4438,0.5532,-2.0593,-2.5859,-1.7635,-0.8753,2.6188,0.3285,0.6885,0.7019,-0.0288,2.0969,-1.9085,1.0841,3.2417
0.5928,0.5369,-1.7998,-2.7899,-1.823,-0.389,2.5831,0.3622,0.9301,0.6117,0.5017,1.5031,-1.9409,-0.3199,2.9715
0.6894,0.4576,-1.4548,-2.7537,-1.8575,-0.733,2.3943,0.7334,0.9683,0.9074,0.3957,2.058,-2.1477,-0.7365,2.8461
0.9539,0.4911,-1.4455,-2.6633,-1.7948,-0.8671,2.1257,0.7926,0.6941,0.8671,0.5334,1.5167,-1.8245,-1.0383,2.7717
0.841,0.0367,-2.214,-2.5775,-1.8338,-0.8917,2.3074,0.8324,0.8124,1.0361,0.7444,1.536,-1.6367,-0.3591,2.8051
0.5543,0.3519,-1.6048,-2.5277,-1.7072,-0.7845,2.465,0.9377,0.7238,1.2349,0.7757,1.49,-2.081,-0.8179,2.5626
0.3941,0.4983,-2.0097,-2.2096,-1.8073,-0.459,2.5822,0.9546,0.6012,1.2636,0.7497,1.0938,-1.9894,-0.5019,2.2901
0.6171,0.5691,-2.102,-2.0012,-2.0203,-0.1737,2.4009,0.8663,0.8204,0.982,0.5635,0.9302,-1.9955,-0.6269,1.9079
0.9265,0.8055,-1.9593,-1.9253,-2.0765,-0.5162,2.5459,0.879,1.2445,0.7044,0.3924,0.9982,-2.2668,-0.5465,2.3193
0.3884,0.4349,-2.0105,-1.8948,-1.9611,-0.6683,2.6455,0.9997,1.0585,0.87,0.3719,0.8197,-1.875,-0.7247,2.2738
0.1704,0.8702,-1.734,-2.0226,-2.0457,-0.6397,2.0962,0.9302,1.0368,0.9488,0.199,1.0208,-1.8768,-0.4296,2.1682
0.5678,0.372,-1.7797,-1.8247,-1.9655,-0.5874,2.1581,1.0683,0.6555,0.6575,0.1172,0.5999,-1.9481,-0.578,2.046
0.7175,0.1217,-1.8252,-1.7236,-1.8607,-0.1073,2.4845,0.8811,0.905,0.6716,-0.198,0.7295,-2.0758,0.8227,2.1615
0.6161,0.7366,-2.2654,-1.8037,-1.7435,-0.3114,2.474,0.7656,0.7388,0.5371,-0.363,0.9973,-2.4625,0.7337,2.1513
0.5541,0.4634,-2.2637,-1.9459,-2.0693,-0.2765,2.428,0.7592,0.7641,0.7101,-0.5941,0.8823,-2.5971,0.0833,2.0643
0.8662,0.3625,-2.3956,-1.9566,-2.0765,-0.5197,2.6744,0.8659,0.7434,0.7816,-0.3394,1.1429,-2.357,-0.0967,2.3321
0.3024,0.3198,-2.1941,-1.681,-2.1671,-0.6384,2.3022,0.9355,0.6382,1.0611,-0.173,1.2332,-2.5737,-0.7031,2.1273
0.4468,0.6152,-2.0383,-1.5759,-2.1569,-0.5339,1.8487,-0.0859,0.6927,1.0932,0.0939,0.323,-2.4936,-0.7058,2.0454
0.5672,0.4905,-1.542,-1.5779,-2.2463,-0.4748,2.2426,0.053,0.7132,0.9609,0.0307,0.7447,-1.9338,0.005,2.1749
0.1687,0.1401,-1.8134,-1.6131,-2.1317,-0.1979,2.2675,0.2743,0.7244,0.8145,0.1443,0.5553,-1.5888,0.3161,2.0131
0.5641,0.3199,-2.0616,-1.5984,-2.1094,-0.8123,2.3463,0.1903,0.6341,0.7913,-0.1318,0.8663,-1.5644,0.859,2.7912
-0.1262,0.2659,-1.7501,-1.7139,-2.0778,-0.7967,2.7309,0.4192,1.0841,0.8285,0.0783,1.0581,-2.0731,1.1159,3.1034
-0.1086,0.3914,-1.6007,-1.7424,-1.9635,-0.6814,2.4559,0.6425,0.9623,0.8148,-0.0293,1.3715,-2.0314,0.7262,3.088
0.241,0.6435,-1.5414,-1.9125,-1.8453,-0.8367,2.6349,0.8084,0.9313,0.8547,0.147,1.1953,-1.9059,0.6514,2.9244
0.1096,0.3286,-1.5578,-2.0765,-1.8451,-0.6573,2.236,1.0124,0.9641,0.6615,0.2256,0.9004,-1.853,0.5828,2.592
0.0727,0.5569,-1.5502,-1.8766,-1.8326,-0.4309,1.8404,0.8926,0.6915,0.5567,0.3042,0.9241,-2.475,0.2999,2.6677
0.1878,0.5588,-1.1756,-1.8783,-2.0063,-0.2105,1.9619,0.6794,0.9254,0.4088,0.2548,0.8717,-2.1278,0.5295,2.722
0.2587,0.7164,-1.198,-1.7707,-1.8463,-0.192,2.1274,0.7156,1.2084,0.0736,0.1033,1.3401,-1.9828,0.946,2.7874
0.3258,0.5143,-1.6255,-2.0984,-1.7352,-0.5934,2.2476,0.781,0.9642,0.2569,-0.0583,0.8942,-1.9334,1.135,2.5228
0.3908,0.4723,-1.8548,-2.2472,-1.8692,-0.7887,2.2754,0.5048,0.885,0.5098,0.0487,1.0331,-2.1346,1.0816,3.0578
0.4481,0.4797,-1.9582,-2.2914,-1.8387,-0.7938,2.4787,0.3356,1.2375,0.3366,-0.1167,0.7667,-2.1997,0.6282,3.4101
0.1809,0.4835,-1.481,-2.2637,-1.5944,-0.6523,2.3497,0.6133,1.1344,0.2871,0.0643,0.7823,-2.4348,0.051,3.5324
0.2381,0.5906,-1.2153,-2.5572,-1.4672,-0.3292,2.4058,0.7045,0.8953,0.3636,0.0502,0.8716,-2.291,0.238,3.544
0.8045,0.9498,-1.2696,-2.7205,-1.6422,-0.1654,2.1498,0.8394,0.9292,0.0257,0.3572,0.9242,-2.4852,0.5754,3.3817
1.0696,0.5571,-1.4908,-3.022,-1.5666,-0.334,2.2238,0.8691,1.156,0.1424,0.4024,0.8939,-2.3528,0.5461,3.4889
1.0364,0.4672,-1.4874,-3.3477,-1.3071,-0.7548,2.5539,1.092,0.9754,0.1594,0.1885,1.2436,-2.55,0.0226,3.6497
1.1521,0.5498,-1.2849,-3.5388,-1.329,-0.4914,2.9329,1.2139,0.6897,-0.0088,0.0666,1.219,-2.7489,-0.1987,3.7897
0.925,0.8657,-1.7354,-3.7676,-1.6129,-0.647,2.8059,1.3635,0.7631,0.2158,-0.0521,1.0392,-3.1046,-0.9137,3.7499
1.0053,0.9957,-1.259,-3.4036,-1.7954,-0.583,2.819,1.7232,0.5342,0.4937,0.0266,1.1529,-3.2839,-1.3279,3.3505
0.6199,0.7484,-1.6648,-3.016,-2.2099,-1.0133,2.3713,1.8529,0.9632,0.6487,0.2381,0.7274,-3.3242,-1.5861,3.5302
0.4941,0.589,-1.4501,-2.9696,-1.866,-1.0712,2.7605,1.6575,1.3976,0.3702,0.3825,0.466,-2.9284,-1.542,3.3323
0.0906,0.5108,-1.4481,-2.8596,-1.6187,-1.2249,2.3987,1.7975,1.197,0.3167,0.2999,0.7967,-3.1902,-1.8541,3.1511
0.0612,0.5224,-1.416,-2.8939,-1.6292,-1.3408,3.1066,1.6554,1.278,0.548,0.3795,1.0029,-2.8529,-1.5544,2.9961
0.1236,0.795,-1.7327,-2.6747,-1.7312,-1.194,2.6076,1.5922,0.8997,0.5218,0.5243,1.0298,-2.7522,-1.1883,2.9505
-0.0594,0.6875,-1.2506,-2.8439,-1.8933,-0.968,2.3024,1.3457,0.9466,0.4605,0.7189,0.4408,-2.4764,-1.1397,2.9499
0.0189,0.8506,-1.5175,-2.4137,-1.9448,-0.8933,2.7817,1.2931,0.5288,0.5586,0.2257,0.8678,-2.2733,-0.7645,2.9269
0.358,0.8405,-1.6507,-2.0765,-2.2166,-0.7168,3.0296,1.2837,0.5056,0.6862,0.0969,0.7768,-2.641,-0.5935,2.9729
0.099,0.9562,-2.1006,-2.2162,-2.4131,-0.2568,2.3762,1.1251,0.2452,0.6745,0.1648,0.4659,-2.8672,-0.6775,2.5407
0.0858,0.8769,-1.4534,-1.9474,-2.8932,-0.2365,2.1996,1.2095,0.3626,0.8625,0.2066,0.06,-2.9722,-0.5636,2.6591
0.1288,0.613,-1.7562,-1.8532,-2.7331,-0.311,2.1301,1.1352,0.5809,0.5839,0.1788,-0.0971,-3.1224,-0.3587,2.4014
0.2193,0.6853,-1.7758,-1.821,-2.5964,-0.0076,2.6149,1.042,0.5489,0.5386,-0.1352,0.0491,-2.8777,-0.0522,2.3521
0.1255,0.979,-1.655,-1.8143,-2.689,-0.8269,2.3688,1.1953,0.4632,0.709,-0.2613,0.0358,-3.213,-0.0416,2.3432
0.1644,0.8016,-1.5256,-1.7307,-2.667,-0.6608,2.4376,1.0554,0.5006,0.7216,-0.216,-0.2043,-3.2627,0.7795,3.1284
-0.2548,0.407,-1.9085,-1.8083,-2.494,-0.3738,1.8794,1.0473,0.5029,0.7683,-0.1904,-0.1377,-3.0748,0.9171,3.1249
-0.3225,0.3808,-1.6642,-1.9917,-2.1477,-0.1879,2.135,1.0192,0.7905,0.3218,-0.0826,0.2805,-2.7197,0.569,3.0983
-0.0196,0.3424,-1.5373,-2.289,-1.8365,-0.2521,1.9598,0.9863,0.8326,0.1123,-0.2621,0.6812,-2.0596,0.9603,3.0977
0.0516,0.0171,-1.8159,-2.4059,-1.4239,-0.4063,1.9499,1.0853,1.1035,-0.1124,-0.074,1.2333,-2.326,0.9785,2.9716
0.2469,0.2029,-2.2261,-2.4904,-1.2129,-0.6883,2.1563,1.2056,0.8361,0.0098,-0.1555,1.1223,-2.3779,0.5714,2.8561
-0.3174,0.4106,-2.3108,-2.4516,-1.2082,-0.7966,2.1603,1.2059,0.6577,0.39,-0.203,1.3443,-2.7399,-0.3542,3.0169
-0.3463,0.4869,-2.216,-2.3701,-1.4458,-0.765,1.7732,1.2743,0.6535,0.4545,0.148,0.8229,-2.2944,-0.7973,3.1548
-0.0502,0.4973,-1.8245,-2.3908,-1.4514,-0.8178,2.0933,1.3,0.8265,0.7588,0.0807,0.8212,-2.4456,-0.684,2.9062
-0.1505,0.5811,-1.9213,-2.1007,-1.3306,-0.404,1.7486,1.329,0.4954,0.8126,0.571,0.6045,-2.7855,-0.6091,3.2635
-0.1117,0.408,-2.2079,-2.288,-1.7455,0.104,1.6577,1.1323,0.2746,0.8816,0.5579,0.7487,-2.2699,0.1729,2.9396
0.3091,0.4222,-2.2296,-2.1755,-2.0329,0.44,2.23,1.1728,0.6562,0.6545,0.5542,0.7412,-2.2583,0.1437,2.4412
0.3524,0.6621,-2.1608,-2.3004,-2.1617,-0.2528,1.9367,1.3757,0.9652,0.3767,0.5425,1.0356,-2.5188,0.3254,1.8738
0.5723,0.3938,-2.283,-1.9762,-1.9611,-1.2311,2.0861,1.5361,0.9297,0.3074,0.7214,1.1435,-2.6788,-0.2371,1.946
-0.2372,0.6428,-2.1648,-1.5405,-1.8014,-1.597,2.2477,1.5427,0.8974,0.5581,0.2565,0.771,-3.0198,-0.5041,2.0062
-1.005,0.2782,-2.3659,-0.9889,-1.9323,-1.1054,2.2668,1.4181,0.7845,0.8822,0.2292,0.3791,-2.8142,-0.8231,2.4148
-0.953,0.2716,-2.5321,-0.9424,-1.8802,-0.4662,1.8185,1.0634,0.7938,0.9222,0.4277,0.9632,-2.5048,-0.2305,2.5888
-0.6336,0.5875,-2.1923,-0.9266,-1.717,-0.5052,1.5402,0.8272,0.958,0.8498,0.8331,1.0725,-2.4095,-0.2464,2.6124
-1.3148,0.3466,-0.5224,-0.9649,-1.6024,-0.3674,1.916,0.6557,0.6328,0.9799,0.8577,0.8017,-2.6868,-0.3729,1.4015
-0.9586,0.1962,-2.2754,-0.5304,-2.0457,-0.2188,1.5169,0.5858,1.0086,0.8927,1.0299,0.624,-2.2317,0.6978,1.4897
-0.4298,0.0895,-2.5832,-0.7647,-1.8165,-0.0482,1.4285,0.4877,1.5107,0.1887,0.987,0.4419,-1.9989,1.0185,1.3882
-0.6524,0.3353,-2.7194,-0.9073,-1.4217,-1.0601,1.4371,0.6028,1.5318,0.0192,0.8734,1.0498,-1.851,1.2048,1.6505
-0.9598,0.2924,-2.7843,-0.8836,-1.3059,-0.8392,1.4809,0.6887,1.1015,0.1372,0.7598,1.2064,-2.1075,0.695,2.0326
-0.4674,0.3669,-2.755,-1.2851,-1.3798,-1.3295,1.6034,0.8274,1.1514,0.4853,0.9793,1.1217,-2.0044,0.2188,2.8317
-1.2107,0.7044,-2.35,-1.5917,-1.2242,-1.1293,0.5086,0.7711,1.0711,0.8303,1.1017,0.7538,-2.2027,-0.0103,2.9544
-0.9826,0.0209,-1.9168,-1.8487,-0.9629,-0.8866,1.309,0.7274,1.5082,0.6817,1.3629,0.2072,-2.1609,0.035,3.2579
-0.5419,0.2063,-2.1444,-2.2083,-0.354,-1.1643,1.3947,0.8524,1.2302,0.6035,1.395,0.5457,-1.8588,0.5835,2.9207
-0.6734,0.3702,-2.321,-2.1268,-0.438,-1.0383,1.405,1.2354,0.8545,0.5278,1.2446,0.7389,-2.7337,1.3098,3.4753
-0.6462,0.5991,-2.3346,-2.5018,-0.5708,-0.7326,1.4822,1.1907,0.9601,0.2961,1.3092,0.7073,-2.5782,0.4843,3.8818
-0.3268,0.5486,-2.3226,-2.9875,-0.6431,-0.6267,1.5492,1.165,0.8134,0.2811,1.0206,0.6874,-2.4692,-0.1641,4.0479
-0.09,0.2869,-2.293,-3.2216,-0.4116,-0.5314,1.301,1.3427,0.6271,0.2681,0.9588,0.8977,-2.2476,-0.3139,4.3959
-0.3042,0.7988,-1.7646,-3.3595,-0.3745,-0.3463,1.668,1.8364,0.5923,0.1591,0.9104,0.8175,-2.6172,-0.4931,4.1469
0.2544,0.6762,-1.7467,-3.0858,-0.8336,-0.2515,2.3591,1.8503,0.5672,0.0928,0.7811,0.9908,-2.6366,-0.2517,3.895
0.4973,0.8069,-1.7735,-3.2212,-1.1599,-0.5721,1.9415,1.8983,0.6699,0.2168,0.3051,0.7314,-3.218,-0.8085,3.6235
0.3622,0.6271,-1.6903,-3.1892,-1.3132,-0.3666,1.9784,2.1407,0.6461,0.6002,0.2496,0.6151,-3.4948,-1.1293,3.5914
-0.2327,1.3475,-1.7565,-3.0134,-1.4965,-0.4556,1.9708,2.2909,0.7421,0.8326,0.4203,0.6189,-4.1107,-1.7793,2.8137
-0.0966,1.0908,-2.0577,-2.4861,-1.8963,-0.8648,2.0642,2.986,0.8088,0.5313,0.5655,0.5755,-4.3645,-2.5071,2.9468
-0.4575,1.0626,-1.7446,-2.2601,-1.8531,-0.5896,2.0948,2.4691,0.7128,0.6431,0.497,0.0846,-4.0442,-2.7766,3.128
-1.1369,0.6891,-2.5719,-1.8237,-1.9609,-0.3614,1.736,2.311,0.8354,0.7727,0.3203,0.1227,-3.3396,-2.4693,2.3578
-0.8492,0.2328,-2.3186,-1.1974,-1.94,0.0705,1.6021,1.9812,0.9106,0.2348,0.3805,-0.1578,-2.8701,-1.6005,2.3179
-0.679,0.3518,-2.1573,-1.2977,-1.7673,-0.265,1.0248,1.7859,1.0014,0.2399,0.3495,0.2116,-2.9604,-1.1831,1.6114
-0.3255,0.0217,-2.1724,-0.8649,-1.6005,-0.6601,1.3697,1.503,0.8388,0.4598,0.2278,0.275,-2.6996,-0.706,1.897
-0.4994,0.6221,-2.2823,-0.9395,-1.5286,-0.7999,1.2672,1.3789,0.8044,0.1788,0.4593,0.6492,-2.9341,-0.8374,2.5187
-0.7767,0.794,-2.3597,-0.9688,-1.4782,-1.1321,1.1817,1.2966,0.7036,0.5831,0.4875,0.162,-2.7918,-1.1669,2.7608
-1.1386,0.7995,-1.8897,-0.9883,-1.3153,-0.67,1.5936,0.9957,0.9304,0.5457,0.5754,-0.5189,-2.8441,-1.035,2.8928
-1.1829,0.8879,-2.0151,-1.0287,-1.4635,-0.4745,1.3288,0.9837,0.9545,0.4768,0.5722,-0.5115,-2.5166,-0.1355,2.9736
-0.7369,0.6617,-1.9041,-1.2213,-1.606,-0.5062,1.5346,0.934,1.1253,0.3731,0.3695,-0.9584,-2.2498,0.0898,3.0303
-0.5474,0.587,-1.7873,-1.4342,-1.3708,-0.6183,1.7884,1.0932,1.1347,0.3364,-0.0396,-0.3485,-2.262,0.5272,2.8729
-0.9329,0.4878,-2.2968,-1.2548,-1.3682,-0.8455,1.6465,1.3151,0.9327,0.5346,0.0424,0.366,-2.6079,0.613,2.9006
-0.7882,0.6914,-2.2134,-1.4467,-1.4271,-0.8617,1.747,1.2008,0.8108,0.6096,0.2226,0.6108,-2.6387,0.1862,3.6322
-0.4028,0.888,-1.861,-1.972,-1.5031,-0.437,2.0662,1.1468,1.0111,0.5186,0.4474,0.2635,-2.5103,-0.0149,3.5094
-0.4734,0.7738,-2.0229,-2.2312,-1.5248,-0.2845,2.3574,1.5367,0.9433,0.5428,0.4391,-0.1462,-3.2538,-0.7965,3.1608
-0.4262,0.7409,-1.9839,-2.6281,-1.614,-0.6753,2.8775,1.7021,0.8717,0.6671,0.2401,-0.4133,-3.3018,-0.9139,3.1071
-0.5409,0.9056,-1.9853,-2.3566,-1.8646,-1.084,1.8856,2.0312,0.6886,1.0057,0.3636,-0.2412,-3.2986,-0.7984,3.2683
-0.5132,0.6337,-1.3579,-2.3254,-1.8253,-0.4183,1.942,1.8795,0.8802,1.0094,0.5555,-0.6142,-3.4051,-1.2228,3.3993
-0.5013,0.8992,-1.3506,-2.2526,-1.4421,-0.2113,2.0068,1.8724,0.8778,0.87,0.5188,-0.7227,-3.2227,-0.679,3.2943
-0.3094,0.4525,-1.4818,-2.321,-1.5323,0.3211,1.8864,1.8657,1.2326,0.343,0.6392,-0.6205,-3.0348,-0.0019,3.1953
-0.0946,0.587,-1.4148,-2.3487,-1.2503,0.0553,2.3238,2.0059,1.3058,-0.139,0.3868,0.0682,-2.7506,0.6342,2.68
0.1711,0.9966,-1.5026,-2.4505,-1.2191,-0.8145,1.9508,2.1772,0.886,0.1337,0.2513,0.3691,-3.251,0.632,2.7682
-0.2681,0.4699,-1.9005,-2.2324,-1.5455,-1.2278,2.4082,2.0769,0.5704,0.5354,0.1287,0.2409,-3.3536,-0.0334,3.103
-0.4863,0.4455,-1.8139,-1.9401,-1.653,-0.996,2.2621,1.8773,0.4402,0.9343,0.1277,0.4839,-3.0676,-0.5711,3.5193
-0.6698,0.7623,-1.649,-2.1236,-1.8132,-0.6782,3.0921,1.8636,0.4174,1.0694,0.3166,0.158,-3.2995,-0.8856,3.4551
-0.1124,0.773,-1.4891,-2.2031,-2.1647,-0.3274,2.4118,1.8702,0.6422,0.9885,0.6262,-0.2569,-3.3352,-0.5773,3.4243
-0.0807,0.5302,-1.2047,-2.5959,-2.0666,-0.3422,2.5486,1.964,0.5466,1.0909,0.6369,-0.6899,-2.9855,-0.2231,3.3719
-0.0641,0.4584,-1.0356,-2.3556,-2.1344,0.1196,2.8123,1.9686,0.4577,0.8836,0.6444,-0.5351,-2.7962,0.1415,3.4606
0.3042,0.493,-1.4293,-2.5775,-2.3307,1.0263,2.7591,2.0277,-0.1342,0.8132,0.2512,-1.0497,-2.858,0.591,3.2857
0.369,1.0075,-1.3471,-2.3555,-2.4361,1.2136,2.6099,2.0091,-0.1204,0.5887,0.135,-0.9802,-3.41,0.6878,2.696
0.6438,0.8366,-1.3749,-2.3921,-2.8481,0.7462,2.6026,2.3014,0.0763,0.5164,-0.0819,-0.6798,-3.7072,0.7213,2.3397
0.6229,1.1752,-1.3761,-2.2372,-3.3013,-0.2328,2.3402,2.2649,0.0789,0.4002,-0.0638,-0.7999,-4.1262,0.1001,2.1217
0.021,1.0334,-1.5703,-2.0284,-3.2527,0.1304,2.7439,1.9252,0.0929,0.5211,-0.1287,-0.7033,-4.1564,-0.4956,2.1954
0.1418,0.7778,-1.5501,-1.7312,-3.3948,-0.2438,2.405,1.9003,-0.025,0.7182,-0.0117,-0.8889,-3.5509,0.2215,2.031
-0.2016,0.766,-1.433,-1.3097,-3.4548,-0.2549,1.9028,1.8775,0.1917,0.87,0.0959,-0.5842,-3.7675,0.2513,2.4564
-0.7818,0.7249,-0.7905,-1.465,-3.1589,0.0046,2.1916,1.7986,0.2244,0.8369,0.2847,-0.7067,-3.3378,0.0262,2.0332
-0.2772,0.7286,-1.5968,-1.0744,-3.1128,0.1248,2.3855,1.5788,0.5094,0.5886,0.4112,-0.8524,-3.0517,0.5705,2.2002
-0.6356,0.707,-1.4157,-1.1591,-2.6894,-0.1616,2.8729,1.4073,-0.0539,0.6582,0.2519,-0.6833,-3.0188,0.5187,2.2657
-0.2341,0.7515,-1.9197,-1.1797,-2.8841,0.1826,2.344,1.4886,0.1209,0.7009,0.2247,-0.1883,-2.8036,0.5288,2.1065
-0.5105,0.7753,-2.2133,-0.968,-2.8975,0.1685,2.3855,1.35,0.1866,0.775,0.3106,-0.493,-2.3858,0.0613,1.8563
-0.6158,0.6235,-1.4944,-0.6374,-2.8965,0.2263,2.2812,1.2802,0.5915,0.4579,0.3919,-1.0769,-2.0164,0.9079,1.4628
-0.5659,0.6847,-1.7645,-0.4539,-2.6963,-0.2784,1.9448,1.0273,0.4495,0.5627,0.2593,-1.1542,-2.1312,1.112,1.2929
-0.4316,0.8689,-2.5893,-0.372,-2.7201,-0.8188,1.9687,1.1173,0.6027,0.5002,0.1068,-0.6136,-2.5578,1.421,1.6982
-1.1397,0.5715,-2.3912,-0.5763,-2.7766,-0.5278,2.1751,0.9577,-0.1818,0.9707,-0.1908,-0.3733,-2.228,1.0698,2.1706
-1.1884,0.6582,-1.6635,-0.3955,-2.9792,-0.2189,1.9626,0.8574,0.3512,0.8563,0.2385,-0.6414,-1.8224,1.1754,2.0183
-0.8087,0.0012,-1.5694,-0.7297,-2.8727,0.0413,2.3954,0.7336,0.4917,0.4287,0.3052,-0.6434,-1.3482,2.0248,2.0496
-0.6239,0.1501,-1.9663,-0.4188,-2.4908,-0.068,2.5395,0.6425,-0.9705,1.1387,-0.1713,-0.2584,-1.4332,2.2081,1.5008
-0.3365,0.4418,-1.9443,-0.2796,-3.1293,0.313,2.1541,0.8586,-0.4352,1.1504,0.1765,-0.0798,-1.5417,2.1209,1.6814
-0.1578,0.5243,-1.8962,-0.489,-3.2477,0.8961,1.9863,1.0468,-0.1433,0.8607,0.6376,-0.3395,-2.3536,1.2536,1.09
-0.2086,0.1968,-2.098,-0.4706,-3.2867,0.7459,2.0643,1.2098,0.1527,0.4888,0.8089,-0.2681,-2.2129,1.3671,0.7006
-0.097,0.3196,-2.1945,-0.2891,-3.2894,0.1288,2.16,1.0984,0.1961,0.1874,0.5602,-0.0747,-2.6798,1.2912,0.5528
-0.2836,0.4537,-2.1194,-0.2424,-3.2579,-0.752,1.7494,0.9509,-0.0473,0.4636,0.5332,0.4246,-2.7062,1.1388,0.8391
-0.5522,0.3845,-2.2227,-0.0698,-3.1027,-0.8604,1.9992,0.7785,-0.1319,0.6479,0.69,0.2883,-2.8921,0.4533,0.8505
-1.0365,0.3919,-2.0685,0.0927,-2.864,-0.4753,2.0319,0.7942,-0.0034,0.6111,0.561,-0.1048,-2.5237,0.4071,0.9344
-1.1418,0.4532,-2.0639,-0.015,-2.9638,-0.2455,2.007,0.6281,0.3594,0.4521,0.8103,0.0421,-2.4021,0.6997,0.5899
-0.7569,0.2178,-2.4662,0.1017,-2.9349,-0.5764,1.8463,0.7814,0.3856,0.7026,0.961,0.1822,-2.093,0.8808,0.5727
-1.2203,0.3138,-2.5985,0.3408,-2.8948,-0.6342,2.0038,0.6518,0.8925,0.431,1.1801,-0.1462,-2.2475,0.6647,0.9126
-1.3411,0.0558,-2.4856,0.337,-2.5736,-0.9877,1.6037,0.4712,0.6069,0.7678,1.2086,-0.3065,-1.9079,0.6781,0.9016
-1.4435,0.3909,-1.9623,0.3759,-2.3098,-0.2577,1.9373,0.3769,0.3814,0.7959,1.2508,-0.282,-1.7994,0.9925,1.2144
-0.2441,0.4333,-2.2864,-0.0994,-2.5102,-0.3408,1.5128,0.4446,0.6185,0.3862,1.3827,-0.2388,-1.6166,1.2315,1.4072
-0.5184,0.7875,-2.4143,-0.6566,-2.2713,-0.835,2.1211,0.6037,0.5273,0.3011,1.0504,-0.3386,-2.1158,1.2471,1.5646
-0.8315,0.6918,-2.4634,-0.8428,-2.2179,-0.9924,1.8102,0.8044,0.5936,0.4296,1.1295,-0.3566,-2.1122,1.2597,1.9597
-1.1281,0.9468,-2.075,-0.9428,-2.0348,-0.9575,2.1714,0.7817,0.4723,0.481,1.1733,0.1298,-2.3757,1.0737,2.3257
-0.9617,0.7562,-1.5703,-1.2595,-2.0968,-0.5836,2.5363,0.7149,0.2678,0.5684,1.1083,-0.5178,-2.4033,0.7281,2.8048
-0.9136,1.0002,-1.6005,-1.7356,-2.1927,-0.257,2.3605,0.5664,0.2497,0.5071,1.0019,-0.5346,-2.2499,2.073,3.1435
0.9845,0.9216,-1.5646,-2.4289,-2.1038,0.3791,2.4467,0.734,0.498,-0.2087,0.9725,-0.2719,-2.3378,2.1941,3.5033
0.7088,1.4816,-1.2927,-3.5139,-1.9749,-0.0601,2.7546,1.0301,0.5442,-0.4581,0.7608,0.0613,-3.5086,1.2493,3.1963
0.5569,1.0184,-1.0553,-3.5878,-2.3044,-0.7663,2.7416,1.507,0.3894,-0.2895,0.4552,-0.0793,-3.5317,0.6837,3.1279
0.3592,1.0937,-1.0596,-3.2015,-2.1851,-0.8841,3.1135,1.8847,0.6763,-0.1531,0.4339,0.0043,-3.7489,0.0778,3.3561
0.5661,0.8649,-1.0559,-3.6465,-2.2253,-1.1839,2.9255,2.0996,0.7329,-0.1658,0.4856,0.1855,-3.8275,0.0251,3.2577
0.1278,1.0373,-0.8625,-3.3725,-2.1802,-1.0178,3.4966,2.231,1.1157,-0.2695,0.5173,0.4611,-4.0276,-0.2263,3.3827
-0.1789,1.2111,-1.2049,-3.4759,-2.2447,-1.724,2.8987,2.2836,1.1611,-0.1287,0.783,0.5761,-3.9279,-0.5317,3.029
-0.1023,1.0647,-1.4762,-3.3196,-2.0617,-1.8856,2.8502,2.251,0.9671,0.224,0.8311,0.1508,-4.2871,-0.8165,3.6625
-0.2703,0.7732,-1.6964,-3.5655,-1.8509,-1.1561,2.8079,2.0939,0.4177,0.5225,1.1814,-0.5612,-3.7036,-0.6203,4.392
-0.2434,0.7225,-1.3013,-3.84,-1.8874,-0.3962,3.1378,1.8973,0.2535,0.3608,0.9965,-0.5788,-3.3234,-0.2671,4.4048
0.3844,0.8106,-1.1669,-4.0758,-1.9386,-0.282,2.9436,2.174,0.42,0.2384,0.8825,-0.1334,-3.2848,0.2038,4.1453
0.6178,0.5815,-1.0862,-4.2307,-1.8919,0.0725,3.0225,2.232,0.1592,0.3297,0.7313,0.3715,-3.504,0.0445,3.6033
1.0288,0.4407,-1.091,-4.0288,-2.1673,0.0375,3.2627,2.3923,0.06,-0.0467,0.7703,0.1219,-3.8026,-0.3234,2.3232
1.08,0.639,-1.7541,-3.5776,-2.5727,-0.4242,2.9888,2.7243,0.548,-0.4492,0.9674,0.3521,-3.994,-0.4943,1.9493
0.7368,0.7428,-1.7758,-3.1884,-2.7487,-1.3108,2.7122,2.8867,0.8596,-0.478,0.7189,0.2691,-4.3676,-1.2724,1.7607
-0.3418,0.6091,-1.9909,-2.296,-2.626,-1.8501,2.8501,2.7388,0.8311,-0.2647,0.5614,-0.1317,-3.9927,-1.7473,1.9932
-0.5454,0.3336,-1.5121,-1.791,-2.4674,-1.8042,3.1009,2.3645,0.6875,0.2006,0.4088,0.2221,-3.7568,-1.7257,2.0045
-0.7602,-0.0105,-1.8045,-1.7497,-2.432,-1.6493,2.7558,2.1163,0.4054,0.4787,0.741,-0.3704,-3.2677,-1.9511,1.7194
-1.2386,-0.0005,-2.0615,-1.4009,-2.3866,-1.2578,2.2097,1.9957,0.5584,0.8344,0.8414,0.0996,-3.2425,-1.1078,1.5222
-0.9191,-0.3491,-2.4508,-0.9505,-2.2654,-0.7973,2.2701,1.9736,0.5757,0.9251,1.2642,0.1217,-2.6182,-0.7357,1.8085
-0.8215,-0.0695,-2.4322,-0.8981,-1.9693,-0.6304,2.3744,1.5737,0.6575,0.5838,1.4303,0.2173,-2.1664,-0.045,1.1971
-0.8735,0.4015,-2.4064,-0.4642,-1.8637,-0.7477,2.0321,1.4258,0.6187,0.6416,1.4619,0.3744,-2.2202,0.2636,1.1525
-0.3777,0.1621,-2.7598,-0.5287,-1.9938,-0.7315,2.0539,1.254,0.3692,0.6925,1.299,-0.0911,-2.3956,0.0276,1.1538
-0.1385,0.2227,-2.8343,-0.584,-2.354,-0.4989,1.8469,1.2187,0.2039,0.4034,1.378,-0.1081,-2.1992,0.2439,1.2968
-0.2133,0.4697,-2.8383,-0.5776,-2.4498,-0.6558,1.954,1.1085,0.3794,0.6965,1.2086,-0.1058,-2.6956,0.1729,1.3857
-0.4103,-0.2404,-2.7228,-0.7966,-2.5352,-0.5487,2.1697,0.9246,0.5244,0.3914,1.5075,-0.6902,-2.4409,-0.0235,1.023
-0.3125,0.3682,-2.8911,-0.6567,-2.4225,-1.0226,2.4475,1.0569,0.9811,0.0339,1.0086,0.1291,-2.1003,0.0008,1.0357
-0.1134,0.459,-3.3601,-0.7071,-2.2971,-1.3143,2.1043,1.1711,0.539,0.1286,0.5476,0.1807,-2.3359,-0.194,1.0708
