x0,x1,x2,x3,x4,x5,x6,x7,x8,x9,x10,x11,x12,x13,x14
0.3795,0.1116,0.5474,-1.0827,0.3178,0.5045,0.5912,0.7399,-1.1088,0.6158,-0.3296,0.0543,-0.5248,-0.3749,0.3861
0.7756,0.5293,0.0302,-0.9638,-0.0279,1.0583,0.6149,0.6893,-0.4104,0.1805,0.0051,-0.3691,-0.9533,-0.3975,0.0796
0.8896,0.489,0.0109,-1.3084,-0.3147,0.6989,0.8308,0.8626,-0.3506,-0.3229,-0.003,-0.3028,-1.2403,-0.6735,-0.4914
1.0226,0.4516,-0.0055,-0.5178,-0.4293,0.4465,0.8339,0.9635,-0.2112,-0.3646,-0.208,-0.2157,-1.1605,-0.738,-0.6006
0.5366,0.332,0.1855,-0.3316,-0.5421,0.0851,0.6058,0.7682,0.1027,-0.294,-0.2543,-0.2902,-1.2831,-0.9441,-0.7898
0.3126,0.6453,0.0725,-0.3778,-0.3497,-0.2837,0.611,0.7229,0.3027,-0.6819,-0.4959,-0.0784,-1.0925,-1.1151,-0.6108
-0.2322,0.4091,0.1001,0.1687,-0.2425,-0.4325,0.6516,-0.1639,0.0047,-0.4362,-0.6146,-0.2166,-0.5261,-0.8593,-0.4824
-0.1104,0.1053,-0.2278,0.2973,-0.3495,-0.2225,0.5942,-0.4964,0.5441,-0.3782,-0.3205,-0.3752,0.0101,-0.2493,-0.2923
-0.2603,0.1057,0.202,0.2111,0.2535,-0.0813,0.2912,-0.2958,0.1668,-0.1205,-0.1601,-0.0093,0.3314,0.263,-0.113
-0.2424,0.5477,0.594,0.2748,0.398,-0.0193,0.4574,-0.1671,0.1341,-0.441,0.114,-0.0148,0.283,0.4546,-0.0271
-0.1948,0.207,0.2039,-0.1195,0.5563,0.0189,0.3724,-0.1248,-0.152,-0.0519,-0.0043,0.0811,0.5078,0.6367,0.137
0.064,0.3768,-0.0151,-0.1919,0.388,0.478,0.0993,-0.1914,0.1561,-0.1578,0.1534,-0.0126,0.4769,0.6108,0.4489
0.3027,0.6737,0.1961,-0.683,0.4417,0.4778,0.3063,-0.1659,0.1539,-0.4382,0.0894,-0.0305,0.3184,0.6171,0.0951
0.593,0.7832,0.2965,-0.424,0.4913,0.2088,0.0847,0.0028,-0.788,-0.0758,0.0254,-0.1417,0.1124,0.3719,0.0284
0.5573,0.5917,0.3432,-0.745,-0.0395,0.43,-0.0465,0.1729,-0.5231,-0.2185,-0.0058,-0.2642,0.0237,0.3748,-0.1402
0.5477,0.2283,-0.2643,-1.1758,-0.0698,0.2177,0.3832,0.2222,-0.1296,-0.3298,0.0365,-0.3272,-0.2743,0.1543,-0.0877
0.6238,0.4424,-0.1481,-1.1868,0.5683,0.0009,0.7334,0.471,0.3942,-0.7224,-0.0828,-0.0043,-0.4533,-0.3676,-0.0465
0.1939,0.2906,-0.1062,-0.9008,0.8947,-0.2201,0.437,1.253,0.6569,-0.6752,-0.0309,0.3284,-0.6074,-1.0171,0.0665
0.2852,0.5949,-0.0818,-0.5385,0.8449,-0.4835,0.2226,1.07,0.6048,-0.7932,-0.0358,0.2928,-0.7824,-1.4124,0.4584
-0.0662,1.0252,-0.217,-1.2703,0.8484,-0.7012,0.352,0.5411,0.3735,-0.5315,-0.0767,0.0986,-0.8854,-1.8341,0.7635
-0.4898,0.6442,-0.1819,-1.3637,0.8447,-0.4942,0.518,0.5381,0.7832,-0.6101,-0.0005,-0.1681,-0.1397,-1.8623,1.0278
-0.3182,0.4911,0.4129,-2.4883,1.1427,-0.7432,0.5392,0.2983,0.6053,-0.3851,-0.1949,-0.3833,-0.0115,-1.5244,0.9299
-0.3405,0.3752,0.1747,-1.4161,1.2839,-0.4149,0.3866,0.7033,0.5255,-0.4777,-0.0919,-0.1461,0.1941,-1.0295,1.1712
-0.1634,0.2683,0.1514,-1.4526,1.5673,-0.3893,0.172,0.3094,0.2211,-0.0934,-0.0463,-0.1943,0.2722,-0.8651,1.4114
-0.2049,0.4021,0.3947,-1.0609,1.5858,0.1978,-0.1039,0.4291,0.255,-0.3585,0.1106,-0.2192,0.5202,-0.6342,1.5785
-0.0297,0.2832,0.4297,-2.3459,1.7381,0.1631,0.1674,0.2604,0.0725,-0.2221,0.0389,0.0992,0.8784,-0.1184,1.3781
0.4589,0.3801,0.0649,-1.7155,1.4381,0.4611,-0.305,0.7566,0.1765,-0.3046,0.3354,0.2169,-0.0119,-0.3811,1.1924
0.9371,0.5755,0.2648,-1.717,1.4937,0.5582,-0.1261,1.2238,-0.1322,-0.2883,0.3719,0.2511,-0.3261,-0.864,1.0759
0.8521,0.4842,0.0571,-2.0286,1.2359,0.4737,-0.149,0.7047,-0.4732,-0.6769,0.355,-0.0216,-0.4977,-1.2473,1.115
0.8568,-0.0253,0.4567,-2.0474,1.051,0.5893,0.3743,0.7093,-0.0568,-0.5805,-0.0092,0.0636,-0.5339,-1.8271,0.9142
1.0782,0.3359,0.3617,-1.4737,0.9153,0.4703,0.3874,0.9845,0.2667,-0.1988,-0.1426,0.8004,-0.9256,-2.1599,0.8835
1.0149,0.2756,1.1263,-1.3628,0.961,0.4179,0.3969,1.2965,0.3233,-0.4585,0.2177,0.5575,-1.0667,-2.5571,0.7658
0.7653,0.6729,1.1187,-1.5439,1.264,0.0993,0.0511,0.8981,0.2385,-0.1732,0.2408,0.3385,-0.7486,-2.0498,0.6999
0.4649,0.4487,0.2035,-1.4376,1.2292,0.0042,-0.1052,0.8567,0.1531,-0.2256,0.4066,0.2632,-0.7597,-1.7938,0.7138
0.1262,0.3353,-0.0254,-1.1694,1.2014,0.1006,-0.0418,0.7754,0.2476,-0.3657,0.4137,0.1703,-0.4738,-1.7026,0.3855
-0.0051,0.1303,0.0144,-1.3566,1.0339,-0.1721,0.3106,0.7148,0.1761,-0.1084,0.25,0.0177,0.0571,-1.4461,0.0962
0.1983,0.6073,0.0608,-0.7765,1.0017,-0.1704,0.3043,0.2244,-0.0061,-0.0225,0.1027,-0.225,-0.1466,-1.093,0.1538
0.2045,0.3353,-0.1844,-0.2876,0.6525,0.0902,0.1772,0.4706,0.0295,0.6677,-0.1998,-0.4078,-0.3276,-0.9557,0.3599
0.0545,0.1546,-0.0508,-0.5398,0.4924,0.5666,0.2377,0.085,-0.0404,0.2691,0.044,-0.8224,-0.1523,-0.6703,0.2911
0.2433,0.4139,-0.1695,-0.3248,0.6945,0.7298,0.3517,0.1057,0.1914,0.3262,0.058,-0.6504,-0.2189,-0.5405,0.0024
0.5482,0.316,-0.1088,0.2203,0.6633,0.6334,0.3483,1.1084,0.2026,0.2882,0.1561,-0.4501,-0.1906,0.0574,-0.1134
0.1623,0.5407,-0.14,0.0961,0.3857,0.5013,0.2033,0.739,0.3922,-0.1058,0.149,-0.4768,-0.698,-0.3695,-0.3248
-0.1518,0.359,0.0963,0.2969,0.5143,0.16,0.6255,0.3893,0.727,-0.3702,-0.0414,-0.4025,-0.3801,-0.2956,-0.2857
-0.4522,0.5299,-0.1161,0.4886,0.7315,-0.1321,0.4083,0.1151,0.3779,-0.0715,-0.1177,-0.2656,-0.2397,-0.2009,-0.2938
-0.3395,0.29,-0.0097,0.6867,0.6068,-0.108,0.3661,0.0651,0.3609,0.2601,-0.1331,-0.3324,0.1543,0.1966,-0.0438
-0.3812,-0.6769,0.3346,0.5184,0.8486,0.3562,0.4464,-0.1825,0.1964,0.897,-0.1669,-0.4703,0.7358,0.56,0.3464
-0.0789,-0.3834,0.1426,0.3546,1.3451,0.9447,0.1815,-0.1906,0.2692,0.6685,0.4103,-0.2087,0.6461,0.8362,0.4029
0.0854,-0.0681,0.3445,0.3142,1.409,1.1824,-0.0004,-0.3777,0.5749,0.1734,0.6787,-0.1467,0.0953,0.7445,0.1495
0.4759,0.0788,0.2053,0.4729,1.6045,1.1434,-0.3342,-0.2414,0.6886,-0.2229,0.8626,-0.0225,-0.2038,0.7723,0.1701
0.4231,0.153,-0.0052,0.5388,1.7758,0.8607,-0.3836,-0.4943,0.742,-0.4778,0.7439,0.0935,-0.2186,0.6004,0.3094
0.5271,0.0149,-0.0465,-0.238,1.7343,0.4516,-0.1984,-0.4726,0.5677,-0.6868,0.5533,0.2215,-0.1218,0.3772,0.4048
0.5043,-0.2002,-0.2085,-0.2763,1.2883,0.2015,-0.1111,-0.3625,0.627,-0.6457,0.3472,0.5425,0.075,-0.2034,0.1624
0.26,-0.0398,-0.093,-0.4502,1.3442,-0.1688,0.1037,-0.3287,0.6293,-0.5195,0.2989,0.6314,0.0563,-0.5353,0.593
0.1993,0.1619,-0.2358,-0.2275,1.3931,-0.3472,-0.2814,-0.7301,0.683,-0.0992,0.4986,0.5637,0.2193,-0.681,0.6327
-0.4986,-0.2077,0.1104,0.0011,1.6487,0.2584,-0.0927,-0.4828,0.6446,-0.0851,0.4971,0.4466,0.5163,-0.5382,0.8182
-0.1634,-0.316,0.1429,-0.1064,1.7578,0.3388,0.1026,-0.366,0.4528,0.0993,0.4053,0.4144,0.527,-0.2027,0.7384
0.2451,-0.0874,-0.0105,0.0881,1.666,0.7432,-0.2639,-0.3892,0.5797,0.1541,0.5981,0.3235,0.31,0.0197,0.6688
0.3979,-0.2742,0.4772,0.037,1.7293,0.892,-0.234,-0.4256,0.4621,-0.0063,0.5832,0.1527,0.3071,-0.0671,0.3927
0.4379,0.2784,0.231,0.1659,1.9594,0.9367,-0.1551,-0.4739,0.5968,-0.2489,0.4568,0.2238,0.2085,0.3253,0.3715
0.6462,0.1284,-0.1229,-0.2427,1.8419,0.7489,-0.0573,-0.426,0.7107,-0.4508,0.4026,0.1462,0.0674,0.1868,0.3356
0.5202,0.0046,-0.0428,0.1068,1.8015,0.823,-0.5,-0.3773,0.7411,-0.5116,0.4694,0.1552,0.0285,0.0508,0.3886
0.0508,-0.1,0.0006,-0.0527,1.9057,0.66,-0.1898,-0.4661,0.6873,-0.5311,0.3411,0.2879,-0.1365,-0.0612,0.3948
0.4936,0.6535,0.206,-0.0411,1.9461,0.392,-0.0851,-0.2254,1.074,-0.8065,0.4918,0.6105,-0.1511,-0.1436,0.6133
0.1553,0.1872,0.1493,-0.1167,1.8725,-0.0647,-0.2695,-0.3862,0.7232,-0.3977,0.2749,0.4483,-0.2929,-0.5392,0.6783
0.1891,0.0405,0.2266,-0.3778,2.1069,-0.0286,-0.2991,-0.2488,0.7823,-0.6273,0.4673,0.1854,-0.3317,-0.6873,0.8226
-0.0329,-0.073,0.3239,-0.8299,2.0816,0.0149,-0.0854,0.2363,0.7889,-0.491,0.126,0.4391,-0.4395,-0.6387,0.8028
0.0116,-0.0717,0.4059,-0.438,2.2113,0.1895,-0.2277,0.4693,0.3436,-0.3544,0.3202,0.634,-0.2767,-0.8364,1.1003
0.0452,-0.0032,0.3527,0.1194,1.9685,0.832,-0.5978,0.3692,0.2491,-0.3615,0.4497,0.6683,0.0282,-0.4844,1.0228
0.1539,-0.0072,0.4947,-0.2229,2.0576,1.0095,-0.5305,-0.0813,0.0426,-0.3258,0.479,0.4439,0.0583,-0.2439,0.667
0.3207,0.1334,0.8679,-0.3967,2.0771,0.8707,-0.4126,0.0747,0.1586,-0.2642,0.3561,0.7819,0.4376,0.1146,0.7158
0.5508,0.269,0.6117,0.1619,1.6658,0.9399,-0.5774,0.0666,0.3919,-0.7306,0.6873,0.4034,-0.2517,-0.1017,0.4748
0.5006,0.2115,0.1178,-0.5629,1.6031,0.5793,-0.2397,-0.2457,0.5052,-0.7696,0.5245,0.2934,0.3615,0.0453,0.3395
0.4112,0.0098,0.0296,-0.026,1.6411,0.2849,-0.3563,0.0464,0.6197,-0.2388,0.3332,0.6187,0.142,-0.1488,0.2611
0.2519,0.2204,-0.0346,0.0652,1.6527,0.1466,-0.2693,0.0303,0.7963,-0.265,0.6603,0.3725,-0.0261,-0.533,0.4201
0.1385,-0.1479,0.0472,0.1418,1.5059,0.1006,-0.0613,-0.3279,0.6444,0.0641,0.6546,-0.0179,0.2763,-0.5559,0.457
0.2448,-0.1002,0.5495,0.14,1.9075,0.2507,-0.0578,-0.1246,0.5736,0.6337,0.7423,-0.0808,0.4494,-0.3621,0.7615
0.4089,-0.1451,0.7246,0.1755,2.105,0.8717,-0.2415,-0.1158,0.0538,0.1344,0.8717,-0.2973,0.2021,-0.0185,0.8127
0.6107,0.0813,0.2355,-0.0513,1.6658,0.8639,-0.0962,-0.0451,-0.0524,-0.2831,0.7595,-0.1158,-0.0335,0.2169,0.804
0.7056,0.1086,0.7346,0.0827,1.5837,1.191,-0.0158,0.1107,0.0972,-0.3787,0.314,-0.022,0.2275,0.276,1.1071
0.8502,0.1734,0.7145,-0.9156,1.9095,0.9209,0.1956,-0.0642,-0.002,-0.0827,0.2843,0.1176,0.0919,0.5042,0.8054
1.1654,0.3082,0.5724,-0.1335,1.4927,0.9771,0.252,0.337,0.0044,-0.202,0.6559,0.1815,-0.1466,0.4377,0.8676
1.073,0.1684,0.4169,-0.4052,1.467,0.6032,0.1718,0.277,0.0808,-0.1235,0.6011,0.0313,0.0533,0.3697,1.0043
1.1084,0.1344,0.0456,-0.1963,1.4352,0.8785,0.0181,0.4389,-0.4363,0.0969,0.335,0.0683,-0.1962,0.1176,1.0045
0.9222,-0.1302,0.333,-0.1827,0.7951,1.3381,0.0752,0.369,-0.217,0.1586,0.3216,-0.1649,-0.2634,-0.0399,0.9454
1.0881,0.0154,1.3341,-0.4005,0.8134,1.5333,0.0774,0.5146,-0.3464,0.1119,0.3615,-0.1358,-0.1489,0.0587,0.6936
1.1441,0.3897,1.2441,-0.3269,0.7477,1.4493,0.1754,0.828,0.2052,-0.3672,0.3093,-0.1338,-0.9242,-0.0177,0.1619
1.0939,0.2623,0.8231,-0.2686,0.8349,0.99,0.1615,0.6881,0.3532,-0.2532,0.0108,-0.1439,-0.8244,0.0895,0.3054
0.7872,-0.213,0.6739,-0.0284,0.95,0.9563,0.3223,0.6507,0.5958,-0.2905,0.1717,-0.1814,-0.3514,0.2184,0.4072
0.9304,0.0156,0.7751,-0.0916,1.2056,0.8907,0.5364,0.7762,0.445,-0.7499,0.3885,-0.0273,-0.0269,0.531,0.815
0.6808,0.001,0.6543,-0.2075,1.6877,0.8451,0.3955,0.7547,0.2395,-0.7481,0.1952,0.3832,-0.1703,0.44,0.7309
0.5758,0.1729,0.4875,-0.768,1.4667,0.637,0.1356,0.5854,0.2686,-0.1483,0.1909,0.5471,0.1944,0.4001,1.0551
0.628,0.2497,0.6727,-0.5395,1.1935,0.7502,0.2663,0.5831,0.2049,-0.3065,0.441,0.3933,0.4123,0.2513,0.8948
1.0674,0.2364,0.8766,-0.1133,1.0293,0.9209,0.0022,0.6778,-0.0183,-0.1529,0.4268,0.2287,0.3387,0.4837,0.7307
0.8802,-0.011,0.7363,-0.1373,1.1596,0.9828,0.2373,0.6533,0.2651,-0.2527,0.4723,0.1918,-0.3474,0.7737,0.5984
0.9676,0.178,0.766,-0.6144,1.3934,1.0246,0.2962,0.8712,0.2187,-0.1702,0.4989,0.4047,-0.4496,0.4754,0.6094
0.827,0.2822,0.7475,-0.9747,1.2029,0.7176,0.3496,1.5042,0.3828,-0.2312,0.5108,0.3792,-0.3191,0.5581,0.6939
0.7178,0.4084,0.6116,-0.651,1.4942,0.7849,0.186,1.7032,0.5843,-0.307,0.4987,0.5206,-0.634,0.3251,0.4849
0.7369,0.3474,0.5128,-0.263,1.8069,0.5777,0.2191,1.4624,0.6995,-0.4877,0.4727,0.2475,-0.8148,-0.1061,0.7455
0.5636,0.2563,0.523,-0.1096,1.672,0.4378,-0.0728,1.4073,0.6444,-0.3019,0.3245,0.3518,-0.8263,-0.5332,0.7448
0.5082,0.353,0.6253,-0.0972,1.6187,0.474,0.1074,1.3764,0.6593,-0.2907,0.493,0.2252,-0.7918,-0.8199,0.685
0.3612,0.3102,0.6962,-0.1164,1.6898,0.528,-0.019,1.2103,0.7225,-0.2233,0.535,0.2594,-0.9507,-0.8326,0.6422
0.347,1.2429,1.0872,0.1577,1.8492,0.6426,-0.0731,0.919,0.4306,-0.0737,0.5642,0.0985,-1.008,-1.0044,0.5997
0.0132,0.8595,0.5324,0.583,1.1436,0.7463,-0.2247,1.1096,0.0105,-0.1538,0.6629,-0.4274,-0.9421,-0.4529,0.4851
0.2574,0.3355,0.743,1.011,1.4325,1.1543,-0.2818,0.778,0.4201,-0.2612,0.4252,-0.671,-0.4687,0.0699,0.5189
0.2613,0.4529,0.719,0.689,1.4215,1.1396,-0.1872,0.2297,0.0971,-0.2864,0.2371,-0.471,-0.2726,0.7191,-0.0999
0.5405,-0.2068,0.578,0.3606,1.2075,0.5858,0.0143,0.1363,0.1764,-0.1765,0.1732,-0.358,-0.2273,1.0227,-0.0367
0.5429,-0.2169,0.3455,0.5459,0.9784,0.5906,-0.0556,0.2377,0.648,-0.3743,0.3552,-0.0303,-0.0659,1.2383,0.4401
0.3079,-0.2864,0.3842,0.6098,1.4581,0.6165,0.0319,0.2425,0.8119,-0.2566,0.3685,-0.0022,0.3082,1.1807,0.5625
0.3337,-0.4314,0.4075,0.7796,1.8036,0.6374,-0.1347,-0.1892,0.2363,-0.5492,0.5277,0.0014,0.8359,1.4935,0.7209
0.4205,0.0654,0.1921,0.267,1.7737,0.6763,-0.1578,-0.2615,-0.5802,-0.017,0.3519,0.4015,0.612,1.2107,0.6382
-2.756,0.0839,0.1358,1.4832,1.1279,1.5704,-0.6449,0.0732,-0.8129,0.4029,0.6895,0.094,0.1957,0.904,-0.1825
-0.8709,0.2006,-0.5169,2.585,0.5599,2.4372,-0.6898,-0.4075,-0.0602,0.0022,1.1054,-0.513,1.3348,1.4806,-0.8414
-0.1361,0.2974,-0.341,2.4991,0.5472,1.9551,-0.6238,-0.6138,-0.0014,-0.2419,1.0822,-0.4626,1.3423,1.8939,-1.824
0.215,0.1824,-0.6725,2.4411,0.4177,1.4895,-0.5093,-0.6352,0.2607,-0.4075,0.8384,-0.2601,1.304,2.2123,-2.1794
0.1946,0.1037,-0.7126,3.1078,0.3452,1.045,-0.497,-0.6394,0.4424,-0.4652,0.5855,-0.1389,0.9605,2.1691,-2.121
-0.4489,-0.0272,-0.085,2.9677,0.4647,0.5621,-0.6729,-0.8611,0.6872,-0.5865,0.7288,-0.1168,0.8254,1.9332,-1.6295
-0.6432,-0.1573,-0.4244,2.856,0.7512,0.4809,-0.761,-0.9678,0.6363,-0.6463,0.896,0.1419,1.0925,2.7606,-1.1453
-0.8934,0.2224,-0.4749,1.7442,0.9407,0.1595,-0.5808,-1.1152,0.2547,-0.1482,0.9487,0.0673,1.164,2.4001,-0.7787
-0.4855,0.4565,-1.0431,2.0503,0.7658,0.482,-0.5325,-0.9437,0.5294,-0.3729,1.0912,-0.2681,1.1315,2.0254,-0.4706
-0.2897,0.1788,-0.9806,1.6916,0.6959,0.5222,-0.5576,-0.515,0.7682,-0.2538,1.2892,-0.2399,0.9299,1.7981,-0.6032
-0.2804,0.159,-0.6792,1.5346,1.1763,0.4593,-0.582,-0.4145,0.5308,-0.577,1.3935,-0.2569,0.9574,1.6131,-0.2328
-0.1685,0.0433,-0.4329,1.9851,1.4512,0.4318,-0.769,-0.2435,0.4851,-0.3292,1.3096,0.0558,1.0147,1.343,-0.0469
-0.3374,0.1147,-0.1893,1.8218,1.7437,0.6305,-0.7089,-0.5216,1.085,-0.5589,1.5577,-0.0118,1.0436,1.1883,-0.2216
-0.1939,0.0424,-0.4827,1.0814,1.9251,0.1658,-0.522,-0.606,0.796,-0.3842,1.3111,-0.0401,0.7335,1.3972,0.0419
0.5871,0.4728,-0.2996,0.6262,1.7434,-0.1797,-0.4732,-0.2986,0.7699,-0.5479,1.249,0.1054,0.8232,1.1685,0.4877
0.0822,-0.1364,0.188,0.3744,1.4824,0.0365,-0.1446,-0.1144,0.4693,-0.3721,1.0597,0.133,0.6071,0.8991,0.6856
0.1266,-0.1839,0.0824,0.3025,1.9391,0.3074,-0.1162,0.2438,0.5824,-0.558,1.1515,0.482,0.9896,1.1303,1.0478
-0.1069,-0.0133,0.2323,1.0281,2.3127,0.5106,-0.2857,0.3293,0.4579,-0.1452,1.276,0.686,0.8383,0.9338,1.0786
0.2133,0.0984,0.1746,0.1734,2.0596,0.6965,-0.4575,0.1502,0.0052,-0.2334,1.4532,0.3026,0.9139,0.9689,1.0967
0.5389,0.2721,-0.062,0.0263,1.9526,0.677,-0.0477,0.443,0.0761,-0.3027,1.2578,0.5707,0.4123,0.8183,0.9871
0.4805,0.3456,0.167,0.0905,1.7008,0.562,0.0966,0.6517,0.2136,-0.7499,1.4874,0.3988,0.0272,0.3885,0.5755
0.5143,0.4074,0.1085,0.2045,1.5604,0.0682,0.4207,0.7914,-0.2805,0.119,1.1158,0.3883,0.0759,0.5717,0.7099
0.3696,0.3687,-0.3483,0.3867,1.3455,0.2408,0.2638,1.0566,-0.1542,0.3101,1.1376,0.1732,-0.2256,0.3644,0.7851
0.2412,0.7178,0.1467,0.3416,1.1669,0.4329,0.1234,1.1444,-0.007,-0.0652,1.0839,-0.0505,-0.6341,-0.1463,0.7486
0.1765,0.5722,0.3149,0.5198,0.9586,0.3711,0.1938,0.3993,0.1855,-0.0448,1.0014,-0.4869,-0.4117,-0.0794,0.7005
0.087,0.1,0.3166,0.5068,0.9551,0.4677,0.2341,0.4797,0.5723,-0.3522,0.6877,-0.3879,-0.0709,0.5322,0.6373
0.1213,0.2639,0.0943,0.3718,1.5223,0.0134,0.1602,0.5851,0.4857,-0.432,0.6682,0.0944,0.6121,1.0962,0.8724
-0.0154,0.135,0.1763,0.7975,1.3704,0.0086,-0.1171,0.4866,0.2795,0.2443,0.8258,0.1819,0.4691,1.0176,0.9838
-0.1599,0.0074,0.184,0.4067,1.4933,0.2727,-0.1726,0.2815,0.7067,0.3081,1.2382,0.0829,0.3237,1.1724,1.0036
-0.0415,-0.0564,0.2478,0.7219,1.987,0.5479,-0.1145,0.3687,0.0775,-0.0825,1.3467,0.1842,0.5377,1.1873,1.2049
-0.0409,0.5173,0.1642,0.6081,1.8213,0.7321,-0.2563,0.0309,0.1325,-0.1175,1.1611,0.2193,0.5252,1.261,1.1572
0.5348,0.3678,0.2905,0.0556,1.7484,0.5635,-0.0852,0.4896,0.1069,0.0188,0.8507,0.5879,0.535,1.6198,1.006
0.6765,0.2355,0.2409,0.0416,1.7571,0.5159,-0.1027,0.6794,-0.1695,0.1641,0.9714,0.5885,0.2774,0.9194,0.8918
0.4042,0.2204,0.5439,0.2747,1.676,0.6531,-0.0818,0.7444,-0.0976,0.184,0.929,0.5142,-0.332,0.4066,0.7897
0.2884,0.1464,0.5037,0.0985,1.4255,0.6219,-0.0107,1.1807,0.2953,0.1172,1.1791,0.4192,0.0365,0.4027,0.7417
0.4675,0.1355,0.7141,0.4952,1.4346,0.71,-0.3374,1.1296,0.1763,0.0206,1.3821,0.5223,0.614,0.5474,0.7075
0.335,0.1822,0.6891,0.0174,1.426,0.6135,-0.0883,0.9952,0.3578,0.0336,1.3462,0.5873,0.3073,0.6507,0.2315
0.1379,0.1276,0.3136,0.8113,1.2284,0.4202,-0.0427,0.9445,0.4124,0.2659,1.4172,0.639,0.0281,0.5499,0.2599
0.3955,0.3374,0.3858,0.8493,1.2293,0.2357,-0.097,0.7938,0.3381,0.0149,1.3749,0.3558,0.1099,0.3513,0.3372
0.2317,0.4391,0.1468,0.5472,1.5664,-0.1178,0.1045,0.5948,0.3376,0.0777,1.1568,0.2213,-0.056,0.2563,0.4169
-0.0414,0.8496,-0.266,0.9971,1.189,0.0036,-0.1922,0.7387,0.673,0.0567,1.28,0.3793,-0.0312,0.0363,0.4657
-0.2469,0.6452,-0.1289,0.5548,1.3018,-0.2218,0.1535,0.6247,0.5711,0.3159,1.1922,0.1046,-0.0961,-0.2187,0.6251
-0.3605,0.6165,0.0489,0.2513,1.3115,-0.1264,0.0797,0.9746,0.5195,0.274,1.1999,0.1105,0.6079,-0.0803,0.7603
-0.2384,0.427,-0.019,0.1389,1.5389,-0.1192,0.4495,0.7093,0.3634,0.5581,1.0941,-0.0966,0.4526,0.0923,0.903
-0.062,0.4125,-0.0246,-0.0967,1.5402,0.1502,0.3054,0.8847,0.7594,0.1378,1.3212,-0.0923,0.544,0.5957,0.8709
0.1465,0.3573,0.1316,-0.0493,2.0502,-0.0185,0.2629,0.9915,1.0,-0.0334,1.3078,0.2171,0.0925,0.5612,0.8883
0.0695,0.2713,0.054,0.3353,2.1102,-0.0306,0.0316,1.1342,0.7912,0.073,1.2075,0.3078,0.0669,0.5042,1.2204
0.4605,0.092,0.2234,0.4135,2.0616,0.4624,-0.0376,1.0428,0.7459,-0.2567,1.3746,0.3846,0.3271,0.5266,1.5318
0.3908,-0.2003,0.8536,-0.2388,2.5105,0.4203,0.1219,0.8285,0.4929,-0.3234,1.1794,0.5051,0.1218,0.6814,1.4793
0.5345,0.1598,0.5925,-0.6252,2.3017,0.318,-0.1451,0.9756,0.6651,-0.582,1.0869,0.9744,0.0299,0.8275,1.5453
0.5381,0.0883,0.1332,-0.59,2.2207,-0.0035,-0.1453,1.1143,0.4985,-0.4439,1.1199,1.1176,0.3401,0.665,2.1288
0.5957,0.035,0.4474,-1.1399,2.364,0.2248,0.3182,1.2922,0.2929,-0.3868,1.0557,1.1329,0.1898,0.0804,2.0021
0.8438,0.203,0.3273,-0.8613,2.5414,0.2604,0.2239,1.3032,0.5104,-0.2357,1.1916,1.3021,0.2124,-0.2206,1.9302
1.0243,0.3734,0.7435,-1.1544,2.2688,0.2193,0.2378,1.0034,0.1816,-0.0931,1.2854,1.0744,-0.4939,-0.4826,1.829
0.8184,0.3739,0.6927,-1.2318,2.0461,0.3646,0.311,1.0915,-0.4717,0.2928,1.1922,0.9456,-0.5413,-0.5648,1.6972
1.271,0.2294,0.5321,-0.9876,1.3545,0.6868,0.4927,1.5039,-0.0728,-0.0429,1.3855,0.7167,-0.4251,-0.7095,1.5355
1.0237,0.3368,0.3535,-0.7875,1.0876,0.6124,0.6265,1.8395,0.073,0.3588,1.2483,0.8917,-0.5033,-1.4277,0.8329
1.1352,0.559,0.3179,-0.4157,1.167,0.2816,0.4843,1.7263,0.0245,0.4744,1.2503,0.5761,-1.0192,-1.4138,0.4717
0.8458,0.968,0.4165,-0.5373,1.0718,0.0717,0.5562,1.9627,0.3519,0.2764,1.3345,0.4005,-1.395,-1.4099,0.0878
0.5575,1.0273,0.1858,0.246,0.915,-0.3146,0.5594,1.797,0.0551,0.4939,1.3034,0.0172,-1.4266,-1.4182,0.2964
0.0164,0.4459,0.4951,0.352,0.6559,-0.0346,0.4003,1.4373,0.01,0.7886,1.2763,0.0492,-1.005,-1.0433,0.3662
0.1386,0.4028,0.0722,0.7777,0.6535,0.4226,0.4133,1.3879,0.2849,0.5653,1.3039,-0.088,-0.5574,-0.4391,0.4147
0.2625,0.5534,0.4455,0.6439,1.0904,0.4725,0.3536,0.8686,0.2067,0.4818,1.3755,-0.295,-0.3888,0.0828,0.1606
0.3392,0.5247,0.4748,0.98,1.1873,0.456,0.2087,0.8498,0.2893,0.4243,1.3426,-0.1712,-0.0384,0.5724,0.1298
0.2925,0.5454,0.2798,0.4713,1.5118,0.3541,0.1831,0.7889,0.3165,0.3683,1.1466,-0.0972,-0.1184,0.8247,0.2914
0.2666,0.2164,0.2722,1.252,1.6121,0.6651,-0.0489,0.7983,0.0151,0.543,1.0803,-0.2787,-0.0131,1.0225,0.0696
-0.0867,0.5775,-0.4086,1.2451,1.3438,0.785,-0.1232,0.9253,-0.1537,0.436,0.9141,-0.0015,-0.0462,1.5135,0.0683
0.0765,0.5989,-0.3344,1.6907,1.1378,0.9181,-0.3256,0.8669,-0.6164,0.6843,0.8942,0.0205,-0.0939,1.3714,0.1376
-0.0124,0.2964,-0.1059,1.2184,0.8489,1.3148,-0.3547,0.5191,-0.5659,0.2625,1.0703,-0.3197,0.4375,1.3989,-0.0317
0.0373,0.3522,-0.2583,1.324,0.7499,1.2671,-0.2206,0.3537,-0.1705,0.1296,0.7687,0.3457,0.296,1.6093,-0.1543
0.2253,0.3544,-0.6891,1.3257,0.5572,0.9381,0.0539,-0.2195,0.1165,0.2223,0.8244,0.348,0.3914,1.6131,-0.3634
0.387,0.4658,-0.5827,0.8829,0.7352,0.3232,-0.0095,0.1205,0.2429,0.2043,1.077,0.6144,-0.1722,1.1341,-0.3656
0.1551,0.5252,-0.3032,0.7177,0.815,-0.0836,0.1612,0.5069,0.3032,0.3382,1.003,0.6275,0.1092,0.7689,0.1929
0.2771,0.8196,-0.2064,0.9061,1.1802,-0.0733,-0.0361,0.697,0.277,0.4131,1.4891,0.6687,-0.1194,0.5355,0.2122
-0.0475,0.8855,0.2218,1.4116,1.2389,0.1386,0.0041,0.5032,0.3693,0.5956,1.5917,0.2752,-0.2241,0.3822,0.2714
-0.3293,0.7174,-0.0088,1.0928,1.2724,0.2516,-0.1791,0.3372,0.4235,0.4174,1.6221,0.1113,-0.1771,0.6311,0.4822
-0.1676,0.5785,-0.4521,0.2827,1.5313,-0.0049,-0.1033,0.5786,-0.0113,0.5137,1.4246,0.3967,0.0201,0.9248,0.5142
0.0052,0.4388,-0.2625,0.7536,1.612,0.3011,-0.2357,0.8546,0.0456,0.4486,1.2908,0.5033,0.1445,0.745,0.9963
-0.0416,0.5837,0.0582,0.8332,1.5167,0.5756,-0.2721,0.8357,-0.1634,0.3252,1.2313,0.6618,-0.4833,0.3818,0.9616
0.0789,0.7966,0.1915,0.06,1.7485,0.6014,-0.0606,0.7636,0.003,0.0128,1.2921,0.687,-0.3301,0.0155,0.822
0.5729,1.1064,0.5779,0.7498,1.0134,0.4435,-0.1074,1.0543,0.1613,0.0946,1.1427,0.8565,-0.2869,0.1547,0.6385
0.4882,0.8988,0.4259,0.2647,0.937,0.1741,-0.079,0.8447,0.6883,-0.0013,1.2172,0.4128,-0.5337,0.2697,0.4629
0.3899,0.5048,0.4929,-0.0108,1.2595,-0.2959,0.1042,1.0673,0.8617,-0.1921,1.0823,0.3698,-0.2383,0.5454,0.6025
0.1803,0.9378,0.167,0.2477,1.4753,-0.8255,-0.0616,1.1755,0.7453,-0.2162,1.2056,0.9352,0.1585,0.9354,0.9404
-0.0186,0.848,-0.2237,0.2024,1.6999,-0.8402,0.0266,1.3761,0.4685,0.4394,1.1007,0.917,-0.2156,0.3878,1.0527
-0.0135,0.6327,-0.0737,0.1759,1.6953,-0.2763,-0.2201,1.0467,-0.0032,0.7494,1.4165,0.5885,-0.1104,0.1953,1.3042
0.2874,0.4212,0.3046,0.3298,1.6702,0.498,-0.1296,1.2645,0.3147,0.453,1.6173,0.4513,-0.0877,-0.084,1.3513
0.5357,0.613,0.5519,-0.0639,2.0078,0.6749,0.0118,1.3613,-0.223,0.2765,1.6145,0.6708,-0.3851,0.0981,1.1303
0.4795,0.7984,0.194,-0.16,1.5386,0.7137,-0.4253,1.2822,-0.1538,0.3405,1.6492,0.7461,-0.4472,0.1318,0.867
1.1337,1.3013,0.3187,-0.5281,1.3889,0.3243,-0.1486,1.3708,-0.2321,0.6844,1.4101,0.6983,-0.8509,-0.2507,0.7441
0.7731,1.2423,0.2011,-0.0335,1.0578,0.4687,-0.136,1.6525,-0.2346,1.3123,1.4012,0.451,-1.2871,-0.4697,0.8537
0.4454,0.9572,-0.1761,0.3522,0.9103,0.8307,-0.1835,1.6444,-0.0913,0.4469,1.6127,-0.1688,-1.2192,-0.338,0.8799
0.3898,0.4542,0.3471,0.4988,0.7561,0.9861,-0.0879,1.4331,-0.2344,0.6758,1.1972,-0.1055,-0.9721,-0.0177,0.819
0.8138,0.4477,-0.0004,0.12,0.7236,0.9505,0.1533,0.9731,-0.1861,0.5831,0.9777,-0.102,-0.6802,0.6533,0.754
0.3824,0.7723,0.1582,0.4628,0.7085,0.9052,0.2583,1.4192,-0.3098,0.6184,0.9534,0.2949,-0.8834,0.6344,0.5008
0.5214,1.0511,0.2037,0.5872,0.8513,1.0814,0.0964,1.7036,-0.18,0.5493,0.9519,0.4411,-1.109,0.4809,0.4181
0.7815,1.0292,-0.1338,0.8053,0.7834,0.8154,0.0275,1.7607,-0.0382,0.5913,0.9679,0.5891,-1.2715,0.2468,-0.1769
0.3801,0.986,-0.3188,1.281,0.8567,0.2447,-0.2204,1.6722,-0.317,0.5526,1.1208,0.3995,-1.1083,-0.0139,0.0242
0.1475,0.75,-0.5017,2.1807,0.8986,0.5526,-0.5413,1.3708,-0.3531,0.6618,1.6032,0.0414,-0.7193,-0.1481,0.4766
-0.3419,0.4403,-0.4295,2.1372,0.9228,0.9573,-0.5946,0.8743,-0.4579,0.5749,1.7279,-0.0202,-0.0444,0.3937,0.4286
-0.059,0.6503,0.23,1.6868,1.1066,1.1136,-0.4514,0.0861,-0.3142,0.1552,1.5734,-0.0288,0.314,1.0284,0.4459
0.3411,0.5017,-0.401,1.4793,1.325,1.213,-0.4119,0.0468,-0.6367,0.6366,0.8562,0.3806,0.2699,1.6896,0.3313
0.3666,0.5833,-0.5608,1.3489,1.0804,1.4286,-0.3838,0.4459,-0.271,0.4196,1.1297,0.5303,-0.1314,1.612,0.0394
0.4887,0.6656,-0.4917,1.2783,1.1539,1.2946,-0.2224,0.0132,-0.1243,0.3238,1.0044,0.4999,-0.056,1.6207,-0.0681
0.5284,0.5138,-0.6185,1.472,1.1133,1.3548,-0.2595,0.5663,0.0228,0.1415,1.0186,0.629,-0.2752,1.482,0.0381
0.2991,0.4768,-0.5561,1.7279,0.7648,1.2062,-0.624,0.5367,0.0321,0.0201,0.9916,0.8085,-0.5338,1.0524,-0.0841
0.2716,0.5099,0.1164,1.4879,1.7176,0.8212,-0.2474,0.5472,-0.2872,0.1257,1.0133,0.9603,-0.5739,0.7207,0.0041
0.1037,0.9674,-0.2235,1.8473,1.2895,0.6207,-0.4567,0.3656,-0.2977,0.3348,0.8942,0.9597,-0.4031,0.8068,0.1575
0.2026,0.3872,-0.1219,1.558,1.1352,0.8263,-0.3806,0.5208,-0.3705,0.2583,1.085,0.782,0.0594,0.9256,0.0564
-0.0967,0.5159,-0.5377,1.9246,1.0473,0.9793,-0.2879,0.376,-0.8828,0.7368,1.1229,0.8408,-0.1742,1.0999,-0.0499
-0.3532,0.8954,-0.3323,1.8957,0.9826,1.2854,-0.4071,0.049,-0.7118,0.7282,1.3216,0.6343,-0.0892,0.9284,-0.1785
-0.1052,0.6168,-0.0672,2.2824,0.4828,1.5187,-0.4954,-0.0336,-0.4118,1.1939,1.592,0.406,0.1258,1.1388,-0.2439
0.0108,1.0552,0.0898,2.0481,0.7199,1.5927,-0.3386,-0.2907,-0.5762,0.8593,1.6957,0.0776,0.116,1.1618,-0.4216
0.203,0.9656,-0.2489,2.1007,0.8397,1.4483,-0.3568,-0.081,-0.6462,0.9317,1.5648,0.0749,0.2166,1.6918,-0.6157
0.1258,0.4848,-0.4419,1.9486,0.8346,1.3508,-0.0306,0.4516,-0.7274,0.7597,1.404,0.1599,-0.3033,1.7682,-0.7001
0.0129,0.5459,-0.2498,1.9233,0.3911,1.1742,-0.2543,0.7437,-0.137,0.4682,1.4473,0.2579,-0.2178,1.5024,-0.9349
0.4381,0.269,-0.0449,2.0383,0.5045,0.8104,-0.1992,0.5581,-0.2525,0.3387,1.3353,0.0881,0.0229,1.2828,-0.8543
-0.0196,0.2481,0.0444,1.9426,0.7532,0.5898,-0.2698,0.4094,-0.4768,0.7786,1.2226,0.4301,0.0487,1.4351,-0.7179
-0.4589,0.334,0.0806,2.5687,1.1742,0.924,-0.4958,0.2732,-0.4072,0.9805,1.5211,0.5249,-0.147,1.5608,-0.6287
-0.2624,0.4045,-0.2891,2.4772,1.0842,1.1067,-0.4946,-0.0046,-0.6378,1.684,1.6777,0.1367,0.5554,2.0472,-0.3721
-0.0956,0.4577,0.6128,2.1411,1.0824,1.2314,-0.2984,0.0128,-0.9145,1.0879,2.2238,0.0682,0.7765,2.3164,-0.3873
0.0039,0.523,0.2303,1.6724,1.1626,1.4804,-0.2681,0.1213,-0.1265,0.3808,2.1494,0.1673,0.5639,2.7963,-0.2261
0.3943,0.7029,-0.3272,1.5187,1.2673,1.0098,-0.0632,0.4058,-0.1335,0.0221,1.556,0.6471,0.3103,2.7152,-0.2158
0.3647,0.5903,-0.038,0.6547,1.2864,0.7985,0.022,0.5056,0.1966,-0.2363,1.3695,0.7507,-0.1017,2.0904,-0.1324
0.289,0.2515,-0.144,0.638,1.3588,-0.0011,0.1262,0.7789,0.0252,0.2309,1.1262,1.1601,0.0313,1.5826,0.0727
-0.1609,0.2806,-0.2343,1.3574,1.4978,0.1919,-0.273,1.0392,0.0849,0.7459,1.3299,1.2667,-0.0252,1.0784,0.4466
-0.0643,0.338,0.194,1.6471,1.8734,0.6177,-0.2389,0.9753,-0.0673,0.2874,1.6839,1.0918,0.0519,0.7666,0.4288
-0.1343,0.698,0.2645,1.2236,1.9101,0.4403,-0.1635,0.8971,0.0489,0.5216,1.7994,1.018,-0.0112,0.8004,0.4946
-0.0015,0.5829,0.4085,1.2737,1.952,0.6716,0.0471,0.7831,0.3384,0.1582,1.7331,0.6402,0.0952,0.8264,0.4682
0.1522,0.509,0.1067,1.0852,2.2251,0.3708,0.1304,1.0505,-0.2616,0.2978,1.4391,1.0701,0.4224,1.3399,0.5483
0.2844,0.5888,0.0313,1.2123,1.9321,0.8002,-0.1511,1.0905,-0.1283,0.0969,1.5443,1.0129,0.619,1.5237,0.6405
0.3251,0.7391,-0.0245,1.5352,1.9504,0.897,-0.2022,0.9363,-0.2115,0.2792,1.5052,1.0295,0.1847,1.3353,0.4343
0.4893,0.9162,0.0953,1.3921,1.9335,1.0338,-0.2753,0.774,-0.3873,0.3401,1.5384,0.9576,0.0699,1.556,0.5095
0.5306,1.2942,-0.0808,0.8009,1.9622,0.9001,0.0598,0.887,-0.7652,0.5048,1.2992,1.0026,-0.4705,1.3259,0.613
0.511,1.1934,-0.0324,0.9269,1.3589,1.2775,-0.0455,0.6814,-0.7194,0.7585,1.4237,0.645,-0.3669,0.9948,0.4989
0.5629,1.3644,0.348,0.7828,0.9959,1.5994,0.0756,1.0407,-0.266,0.5091,1.4863,0.5232,-0.0318,1.3385,0.1673
1.9742,1.4085,0.4742,0.3161,0.9585,1.2444,0.4423,1.2511,0.0077,0.2291,1.1591,0.3348,-0.5861,1.5925,-0.0414
1.2179,1.1056,0.4623,-0.025,0.9201,0.6679,0.5168,1.3204,-0.453,0.3908,0.7729,0.2695,-1.195,1.5979,-0.0593
0.938,0.8318,0.3442,0.8913,0.8081,0.8215,0.6139,1.3158,-0.1595,0.2242,0.8015,0.5096,-0.5875,1.6969,0.5533
0.276,0.8072,0.6017,1.1329,0.9393,0.9473,0.4852,1.0901,-0.0194,0.3215,0.7745,0.6459,-0.7159,1.4708,0.5916
0.271,0.9832,0.808,0.7927,1.4265,0.9032,0.2004,0.9808,-0.1903,0.5156,0.9517,0.6547,-0.7646,1.6065,0.6513
0.4391,0.9432,1.0378,0.7874,1.3636,0.9521,0.314,0.7945,0.506,0.2414,1.4491,0.6609,-0.272,2.006,0.8007
0.3571,0.7823,0.638,0.6593,1.6569,0.866,0.2653,1.1406,-0.1331,-0.0634,1.1939,0.7976,-0.4323,2.162,0.9165
0.3503,0.9444,0.5465,0.6552,1.4352,0.807,0.0976,1.0496,-0.2954,-0.19,0.9551,1.0419,-0.7126,1.9003,0.662
0.5408,1.0776,0.7224,0.8855,1.3654,0.8138,0.196,0.8359,-0.5808,0.473,0.74,0.921,-0.8704,1.3409,0.5537
0.1549,0.7767,-0.139,0.8002,1.2297,0.9888,0.0992,0.8548,-0.3732,0.3543,0.793,0.5883,-0.8738,1.1393,0.6104
0.3554,0.6887,0.0743,0.5977,1.5089,0.8483,0.4125,0.8962,-0.6111,0.5476,0.6295,0.7152,-0.6826,0.9461,0.582
0.5414,0.6532,0.2101,1.1112,1.1742,0.9856,0.2603,1.1138,-0.2637,0.5043,0.872,0.8779,-1.0652,0.5848,0.291
0.6605,0.6124,0.2718,1.2008,1.0741,1.1724,0.0463,1.0543,0.6913,-0.0275,1.1325,0.8292,-1.0448,0.3124,-0.0076
0.5769,0.6991,0.0466,1.0849,1.654,0.4336,0.0507,1.1982,0.5362,0.069,1.1783,0.9602,-0.9051,-0.0276,0.0712
0.2953,0.9127,-0.0938,0.9785,1.5533,0.0427,0.0171,1.2607,-0.256,1.3049,0.7765,1.2303,-0.5408,0.0072,0.3248
0.125,0.4201,-0.2353,0.6053,1.4177,0.6011,0.1672,1.2475,-0.2004,1.2963,1.354,0.6165,-0.4938,0.0169,0.3198
-0.1166,0.9755,-0.0822,0.9417,1.4309,0.8521,0.2281,1.1103,-0.8879,1.5652,1.3148,0.3509,-0.3395,0.1783,0.0185
0.0965,1.0482,-0.1172,1.7879,1.3223,1.5814,0.0445,1.1047,-0.556,1.0973,1.2229,0.1297,-0.3845,0.6772,-0.0129
0.458,0.7102,-0.0503,2.1826,1.0959,1.7493,-0.396,0.9018,-0.3747,0.736,1.3839,-0.0061,0.1406,1.6236,-0.21
0.5544,1.0092,-0.1434,1.8517,0.9268,1.5972,-0.0885,0.7507,-0.154,0.1809,1.2444,0.1997,-0.1336,2.0566,-0.6291
0.6466,0.3112,-0.3169,2.0088,0.919,1.1258,0.0907,0.4767,0.0291,-0.1874,1.0358,0.2615,-0.0003,2.2318,-0.6394
0.6281,0.8251,0.2278,2.4378,0.8943,0.7915,-0.0822,0.4269,1.0674,-0.4445,0.9572,0.9286,0.0167,2.1638,-0.484
0.0377,0.6409,0.2254,2.1362,1.3684,0.0285,-0.0433,0.1558,0.5212,-0.5621,0.7492,1.0419,0.0567,1.9035,-0.2479
-0.2464,0.7701,0.0139,2.3644,1.486,-0.2128,-0.1722,-0.0209,0.2217,0.1977,0.7753,1.1846,0.3072,1.8568,0.3813
-0.4354,0.6659,0.1176,2.0973,1.446,0.2637,-0.1693,0.1026,-0.1843,0.5561,0.9474,1.0326,0.8372,2.3409,0.7261
-0.1755,1.2273,0.2811,2.2389,1.4602,0.8695,-0.3964,0.1072,-0.2028,0.5169,1.2809,0.8906,0.5092,2.3952,0.4762
0.1042,1.3636,0.6029,1.8192,1.0398,0.885,-0.2217,0.1966,0.0344,0.3922,1.3666,0.52,0.2842,2.6974,0.2528
-0.0884,1.0574,0.6272,1.8114,0.9605,0.8826,-0.0332,0.6241,0.53,0.1033,1.7189,0.5038,-0.1481,2.854,0.2195
0.2099,1.1496,0.9062,1.5843,1.0785,0.6032,0.0429,0.5498,0.511,0.0152,1.6327,0.6668,-0.4266,2.6158,0.4798
-0.055,1.1141,1.0639,1.6423,1.1785,0.6075,0.0944,0.5978,0.4763,0.0925,1.5028,0.7443,0.0276,2.5417,0.399
0.2187,0.7923,1.1121,1.431,1.4198,0.485,0.0891,0.6529,0.3654,0.1416,1.4377,0.7037,0.0662,2.849,0.7769
-0.0184,0.7478,1.06,1.5351,1.5334,0.798,-0.0918,0.9006,0.3743,-0.0855,1.3663,0.829,-0.272,2.7559,1.0888
0.2155,1.1764,0.9344,1.6581,1.8594,0.7825,-0.2005,0.3459,0.102,0.2296,1.2193,0.5855,-0.2028,2.6605,1.1171
0.4394,1.1306,0.8431,1.3719,1.7715,1.0834,-0.2349,0.4337,-0.4353,0.2804,1.0362,0.5446,-0.3246,2.6427,1.3407
0.822,1.1934,0.9592,0.9909,1.5693,1.352,-0.25,0.611,-0.7024,0.1526,0.9473,0.4356,-0.3278,2.5655,1.3206
0.6128,1.0177,1.2738,0.9787,1.5489,1.8454,-0.199,0.4514,-0.3405,0.3388,0.9967,0.478,-0.5437,2.9573,1.4323
0.7506,1.6197,1.406,-0.205,1.7605,1.7273,0.0661,0.5175,-0.5021,0.3925,1.0725,0.5428,-0.7459,2.7728,1.4985
1.56,1.1073,1.0916,-0.9581,1.0897,1.3191,0.5571,0.5758,-0.448,0.1263,1.1021,0.3758,-0.542,2.8629,1.3619
1.6833,1.2003,1.008,-0.3368,0.8546,1.36,0.4041,1.4868,-0.3226,0.0692,0.8954,0.7729,-0.8994,2.2972,1.1904
1.5165,1.1039,1.1243,-0.4517,1.0247,1.128,0.6129,1.6861,-0.4259,-0.0998,0.8492,0.8835,-1.3448,1.775,1.0447
1.2955,1.1054,1.2253,-0.0198,0.6706,1.1464,0.6971,1.9001,-0.0312,-0.2921,0.9319,1.0,-1.7148,1.3776,1.0866
1.0262,1.0498,0.9551,-0.415,0.9414,0.7035,0.9129,2.3555,-0.4498,0.2969,0.871,1.268,-1.8075,0.7422,1.0376
0.9502,1.0411,1.1574,-0.3274,0.5434,0.8497,0.8342,2.0484,-0.4334,-0.0003,1.2144,0.9151,-1.7962,0.2444,0.7733
0.9608,1.3885,1.2695,0.1583,0.5103,0.7391,0.6836,2.0058,0.4115,-0.2156,1.535,0.8248,-1.8593,0.3492,0.661
0.7471,0.8676,1.5055,0.6094,0.3435,0.4875,0.4962,1.8742,0.4145,-0.2456,1.4116,0.6871,-1.3212,0.4119,0.6812
0.35,0.633,1.4441,0.621,0.452,0.2214,0.5628,1.4576,0.7099,-0.4803,1.2875,0.7468,-1.3748,0.9608,0.4773
0.2243,0.3691,1.5767,0.8048,0.5936,-0.0838,0.4074,1.5866,0.5333,-0.105,1.0547,1.1018,-0.8245,1.4161,0.8141
0.0759,0.6185,1.527,0.4308,1.2026,0.0494,0.5681,1.4896,1.1701,-0.0196,1.2587,1.2957,-0.9679,1.5203,1.4253
-0.2349,0.4281,1.1098,0.4654,1.921,0.2089,0.7031,1.1445,0.3821,0.215,1.2953,0.9971,-0.7101,1.5611,1.9879
-0.0983,0.4619,1.4215,0.2995,2.3639,0.7607,0.3302,0.7862,0.2858,0.8211,1.4091,0.7759,-0.7523,1.5348,1.9668
0.3038,0.3895,1.2707,-0.0672,2.4527,1.2627,0.2945,0.7296,0.1349,0.3722,1.7952,0.6256,-0.4331,1.9037,1.971
0.791,0.5435,0.5167,-0.2078,2.5104,1.5769,0.279,1.015,0.2707,-0.338,1.6197,0.9041,-0.5842,1.9873,1.8114
0.9554,0.7428,0.3824,-0.2465,2.2829,1.3174,0.1053,1.3115,0.1016,-0.5506,1.4333,1.4066,-0.8231,1.4552,1.6664
1.0013,0.8701,0.7451,-0.0509,2.2458,1.2899,0.494,1.4259,0.0962,-0.533,1.3586,1.6256,-1.1168,0.5768,1.4363
0.9878,0.55,1.0282,-0.1183,1.8179,1.1631,0.4249,1.2796,0.1691,-0.9116,1.1507,1.5152,-1.209,0.1488,1.099
1.0304,0.7995,1.1797,-0.2617,1.6681,0.4731,0.3914,1.4376,0.0758,-0.6687,0.9837,1.7957,-1.4415,0.0251,1.1942
0.7179,1.0751,1.1727,-0.0662,1.4143,0.2028,0.421,1.6404,-0.1026,-0.4589,1.1641,1.9034,-1.2216,0.1217,0.9324
0.2679,1.1922,1.2346,0.1234,1.1201,0.1735,0.3146,1.6514,0.5286,-0.5323,1.4159,1.6114,-1.4616,-0.1676,0.7689
0.0407,1.0152,1.2198,0.6439,1.4555,-0.2255,0.5936,1.373,1.0598,-0.5527,1.3104,1.3444,-1.4398,-0.1066,0.8304
-0.1385,1.0702,1.1242,0.4878,1.5795,-0.6224,0.384,1.2252,0.5334,-0.5504,1.245,1.3682,-1.5384,0.2307,1.2185
-0.4103,0.759,1.2817,0.5488,1.4371,-0.3379,0.4965,1.1018,0.8474,-0.2298,1.241,1.2841,-0.9273,0.5511,1.5486
-0.4346,0.5856,1.212,0.8253,1.8548,0.035,0.3329,1.0813,0.2202,0.0963,1.2307,1.3166,-0.8881,0.4315,1.7327
-0.4012,0.5748,1.4383,0.7232,1.9305,0.6558,0.0409,1.1147,0.3037,0.1649,1.5714,1.2214,-0.7491,0.7365,1.5945
0.4246,0.662,1.1975,0.6337,2.3522,0.9109,0.1001,1.0895,0.0975,-0.0032,1.6418,1.2962,-0.8169,0.872,1.5153
0.5379,0.86,1.205,1.616,2.3452,1.3207,-0.3109,0.8315,0.3262,-0.3276,1.52,1.2077,-1.1012,0.9694,1.5094
0.1564,0.6523,0.853,1.3644,2.4312,1.3728,-0.133,-0.0456,0.229,-0.6788,1.4675,1.3114,-0.4243,1.5492,0.9848
0.5732,0.5639,1.034,1.1317,2.4572,1.0101,0.1038,0.1199,-0.1445,-0.6111,1.2083,1.8049,-0.3409,1.6067,0.845
0.4456,0.5556,0.9037,1.4783,2.2619,0.9816,-0.4018,0.4177,-0.0842,0.5438,1.2647,2.0756,-0.5033,1.7249,0.719
0.5162,0.9354,0.8484,1.1816,2.134,1.2932,-0.1197,0.63,-0.4001,0.2224,1.7138,1.7899,-0.651,1.4438,0.8682
0.9201,0.9102,0.9481,0.6234,2.1951,1.2643,0.2499,0.8947,0.0651,-0.4582,1.7527,1.5084,-0.9615,1.1359,0.7448
0.7688,1.242,1.0964,0.7529,2.0829,0.7047,0.1323,1.0363,0.2058,-0.438,1.3821,1.7354,-1.2896,0.823,0.5622
0.1563,1.0887,0.8292,1.2409,1.9467,0.5646,0.1772,1.1738,-0.0426,-0.2143,1.1256,1.632,-1.8085,0.4248,0.796
0.3457,1.0177,0.6754,1.1163,1.3454,0.5115,0.0143,0.9975,-0.0298,-0.1892,1.2527,1.5438,-1.2316,0.4271,0.8846
0.5078,0.3801,0.9409,1.2177,1.8121,0.7323,0.0404,0.8761,-0.2345,-0.192,1.3208,1.4001,-0.9411,0.7198,1.3227
0.014,0.578,0.8506,0.8363,1.9085,0.907,0.3298,0.483,-0.4989,-0.6148,1.0963,1.5035,-0.8735,0.739,0.9073
0.1556,0.6518,0.7547,1.0355,1.7553,0.7633,0.3366,0.5851,-0.6672,-0.4254,0.9056,1.8784,-1.1424,0.876,0.6443
0.3743,0.7455,0.9866,1.2988,1.6706,0.7686,0.169,0.5093,-0.2862,-0.3503,1.16,1.9366,-1.0315,0.5031,0.5804
0.2661,0.6401,0.9278,1.3824,1.8996,0.7724,0.1543,0.7009,0.0693,-0.4906,1.2517,1.7638,-1.1801,0.3005,-0.1035
0.134,0.2765,0.6356,1.4592,1.7043,0.2907,-0.066,0.901,0.1759,-0.4721,1.405,1.8635,-1.0168,0.1657,-0.1804
-0.3158,0.3777,0.4931,1.986,2.1516,0.0424,0.0864,0.668,-0.6458,0.0887,1.353,1.7162,-0.6374,0.1287,-0.0369
-0.5552,0.7266,0.3912,2.3551,1.911,0.6521,-0.8618,0.4148,-0.4668,0.3688,1.6695,1.5177,-0.7863,0.1188,0.1364
-0.557,0.5529,0.4965,2.603,1.869,1.3646,-0.4224,0.1064,-0.4629,0.1612,1.8903,1.1275,-0.2817,0.6043,0.0766
-0.1086,0.7249,0.2698,2.0953,1.8601,1.4589,-0.3131,-0.0317,-0.5608,-0.4045,1.7653,1.1854,-0.6449,0.9286,-0.0938
-0.0966,0.9446,0.3877,2.2808,1.6515,1.2445,-0.2134,-0.214,-0.5055,-0.2243,1.4951,1.3859,-0.8814,0.7197,-0.4124
-0.1204,1.133,0.5226,2.3006,1.5387,1.2543,-0.2225,-0.2445,-0.1297,-0.2127,1.2226,1.3314,-0.7524,0.8605,-0.6705
0.0118,0.7635,0.578,2.4305,1.546,0.8055,0.0759,-0.0641,0.2172,-0.3603,1.3277,1.4457,-0.4725,1.1355,-0.7141
0.0781,0.9172,0.7648,2.4229,1.7578,0.2345,0.0736,0.2086,0.3838,-0.3405,1.3305,1.5727,-0.6609,1.113,-0.3215
-0.352,0.9586,0.5772,2.3473,2.0101,0.1241,0.0549,0.1362,-0.213,0.1322,1.3634,1.3886,-0.7333,0.9167,-0.152
-0.2753,0.7799,0.6669,2.5704,1.5233,0.4722,-0.0325,0.2091,-0.1351,-0.0015,1.5485,1.2126,-0.4692,0.9671,-0.23
-0.1867,1.1734,0.5624,2.1989,1.7334,0.5948,-0.011,-0.0202,0.1063,0.0427,1.5232,1.1879,-0.4214,1.073,0.0694
-0.451,1.0557,0.5612,1.5502,1.5947,0.5514,0.1067,0.0787,0.7426,-0.0282,1.6389,1.0337,-0.8505,0.8664,-0.284
-0.1565,1.0383,0.6721,1.6958,1.8966,-0.1198,0.1959,0.325,0.5961,-0.041,1.4361,1.1042,-0.6118,1.1918,-0.2931
-0.2045,0.7333,0.643,1.9247,2.0409,-0.2587,0.2224,0.3065,0.0856,0.0573,1.2909,0.7333,-0.8121,1.0123,0.5257
-0.5415,0.5708,0.8936,1.6427,2.0857,0.0516,0.1694,0.3185,0.394,0.1552,1.3304,0.7888,-0.9064,1.0592,1.0878
-0.4351,0.8008,0.9966,1.7929,2.6983,0.5508,-0.0107,0.0797,0.0863,0.2753,1.4189,0.911,-0.7944,1.3052,1.0241
-0.0864,0.8378,1.0689,1.5311,2.5862,0.9289,-0.3025,0.4448,0.3448,-0.2893,1.3816,1.1797,-0.8115,1.4346,1.0003
0.0223,0.8472,1.2712,1.7275,2.6768,1.0173,-0.4916,0.0471,0.1567,-0.3631,0.9456,1.0907,-0.7343,1.2832,0.9401
0.3533,0.8403,1.3638,1.1379,2.4774,0.9436,-0.6774,-0.1751,0.3452,-0.7334,1.0161,1.2928,-0.7559,1.4159,1.2533
0.4481,0.7012,1.5963,0.4884,2.4494,0.462,-0.143,-0.2392,0.2066,-0.6369,0.8948,1.4768,-0.7571,1.2255,0.891
0.4689,0.4709,1.3826,0.3854,2.3787,0.0976,0.1448,0.7912,0.117,-0.583,0.8306,1.7508,-0.8564,1.3951,1.1374
0.4032,0.4085,1.079,0.7509,2.613,0.1705,-0.0727,0.7199,-0.0534,-0.4227,0.7499,1.7002,-0.9343,1.0331,1.4869
0.3099,0.4361,1.1085,1.1105,2.5021,0.6492,-0.123,0.362,0.0177,-0.3281,0.9968,1.6261,-0.7621,0.8024,1.64
-0.2363,0.4667,1.3906,1.2212,2.8435,1.1578,-0.1687,0.078,0.2881,-0.3118,0.7578,1.596,-0.6243,0.8809,1.4336
0.3162,1.3483,1.3479,0.8354,3.0712,1.0561,-0.2328,0.1931,0.077,-0.6079,0.9629,1.9116,-0.7083,1.0208,1.1462
0.4686,1.0602,1.3215,1.0331,2.9509,0.8764,-0.1106,0.078,0.1534,-0.6274,0.9837,1.5164,-0.7401,0.6209,0.8902
0.2029,0.9934,1.0611,1.0358,2.3755,0.5762,-0.2175,0.2174,-0.3546,-0.3237,0.6655,1.6137,-0.7068,0.8521,0.7839
0.1184,0.8606,1.2538,1.4719,2.1455,0.7981,-0.4519,0.476,-0.3669,-0.1481,0.8822,1.3679,-0.7021,0.9135,0.7282
0.2189,0.5958,1.8115,1.7365,2.2014,1.2726,-0.3513,0.1721,-0.1433,-0.5349,1.1289,1.1361,-0.6475,0.8658,0.7218
0.4094,0.9259,1.6016,1.3967,2.1998,1.2067,-0.2763,0.2271,-0.2236,-0.6055,1.0863,1.673,-0.4877,1.2007,0.4337
0.5521,1.1606,1.3211,1.526,1.9254,1.0142,-0.2684,0.1749,-0.1778,-0.2164,0.5758,1.7173,-0.7749,1.4039,0.1588
0.7411,1.2452,0.8792,1.5566,1.8196,1.0142,0.0111,0.0937,-0.4928,-0.1298,0.2883,1.5519,-1.1502,1.0815,0.1573
0.4988,1.2396,1.1151,1.2877,1.8311,0.9478,0.2134,-0.1226,-0.4453,-0.1025,0.8421,1.3087,-1.3521,0.7023,0.1184
0.5499,1.3182,1.9917,1.0486,1.6598,0.7106,-0.1041,-0.0603,-0.6023,0.0529,0.9482,1.1747,-1.1685,0.6855,-0.0365
0.5635,1.2034,1.6611,1.3124,1.4255,0.7431,0.2655,0.168,-0.9901,0.1631,0.7936,1.0918,-0.9555,1.181,-0.0313
0.5164,1.5165,1.2056,1.8128,0.6648,0.9516,0.6037,0.2168,-1.3132,0.2978,0.7015,0.7713,-0.9701,1.4613,-0.1036
0.6994,1.2442,1.7439,1.9349,0.6677,1.0778,0.5565,0.6001,-0.878,0.2868,0.7525,0.8636,-0.882,1.7677,-0.1041
0.5442,0.9276,2.1907,1.3432,0.795,1.0284,0.6147,0.2438,-1.2586,0.2327,0.8829,0.6963,-0.5225,2.2457,-0.0615
0.7236,1.1202,1.9174,1.8678,0.6993,1.3605,0.682,0.3383,-1.0371,0.3019,0.7942,0.9809,-1.0348,2.5447,-0.1706
1.0623,1.2156,1.3267,1.1856,0.4939,1.2497,1.086,0.0782,-0.9534,0.5649,0.8157,0.8135,-1.3361,2.7781,-0.3432
0.9545,0.9916,1.2254,1.4044,0.2492,1.3756,1.0504,0.4191,-0.5906,0.3771,0.9366,0.8249,-1.4482,2.4226,-0.1692
0.8321,0.8183,1.5587,1.2106,0.6444,1.0641,0.9559,0.3381,-0.8038,0.0238,0.9544,0.6988,-1.0308,2.2887,-0.1311
0.9214,1.0063,1.9696,1.0488,0.7214,0.631,1.0045,0.6666,-0.9282,0.0212,0.7557,1.2194,-1.1553,2.2666,0.0847
0.7599,0.6922,2.1076,1.4483,0.9667,0.6114,0.9285,0.908,-0.8603,0.2939,0.7487,1.1412,-1.2939,1.9021,0.592
0.5571,0.6847,2.0294,1.1225,1.2648,0.9689,0.883,0.7233,-1.0351,0.185,0.8314,0.9384,-1.3704,2.0311,0.8837
0.3573,0.8053,1.6828,1.0855,1.1047,1.2885,0.8321,0.5892,-0.6622,0.0119,1.1986,1.1394,-1.1407,2.2186,0.8373
0.7891,1.1898,1.5121,1.1176,1.631,1.1497,0.8065,0.8407,-0.7409,0.0108,0.9751,1.2772,-1.3557,2.0879,0.8226
0.8366,1.0215,1.1839,0.4211,0.8823,0.8116,0.784,0.8222,-0.6672,-0.4291,0.9096,1.0771,-1.4006,1.8536,0.8142
0.8835,0.8484,1.5756,-0.0374,0.8377,0.2644,1.0442,0.7522,-0.6082,-0.3977,0.6114,1.0807,-1.4399,1.7049,0.7852
0.4407,0.6502,2.0215,0.5984,1.0162,0.2191,1.0565,0.9071,-1.1566,0.1848,0.4063,1.0749,-1.4292,1.5839,0.8878
0.1738,0.7547,1.704,0.7757,0.8095,0.7294,1.1957,0.838,-0.8445,0.2508,0.5692,1.015,-1.5438,1.775,1.1153
0.4645,0.5585,1.5997,0.7607,0.9647,1.1074,0.8207,0.6144,-0.9098,0.3825,0.7629,1.2046,-1.1807,2.0616,0.6824
0.6124,0.6548,1.9542,0.6869,0.9848,1.407,0.7826,0.702,-1.3844,0.0059,0.9703,1.1621,-1.3265,1.9517,0.4924
0.9693,0.5605,1.8803,1.4869,0.8544,1.7054,0.379,0.6095,-1.0134,-0.1011,0.9993,1.2655,-1.0221,2.0979,0.1547
1.1875,0.8642,1.6529,1.1267,1.1881,1.4354,0.7458,0.2404,-0.7687,-0.306,1.0816,1.2916,-1.2403,2.3338,0.1672
0.9529,1.0327,1.4248,0.5013,1.1433,1.0653,0.952,0.2549,-0.4728,-0.2455,0.929,1.4191,-1.4112,1.9109,0.0674
1.1122,1.0336,1.3659,0.714,0.9586,0.7176,0.7926,0.3438,-0.0921,-0.0696,1.1282,1.2567,-1.8124,1.3163,0.2406
0.6491,0.5524,1.4573,1.0468,1.2117,0.5802,0.8092,0.3346,-0.8229,-0.0302,1.1225,1.1946,-1.5801,0.9759,0.4279
0.5172,0.6105,1.5573,1.0909,1.5064,0.8775,0.9417,0.5025,-0.6772,0.0271,0.9358,1.2367,-1.4904,0.9611,0.604
0.5056,0.7875,1.6136,1.4867,1.672,1.2892,0.6485,0.3805,-0.6771,-0.1373,1.0445,1.2733,-1.2106,1.1081,0.6615
0.1369,0.4054,1.7452,1.4803,1.8493,1.4232,0.5973,0.4096,-0.6021,-0.6355,1.0542,1.0834,-1.4137,1.0679,0.6142
0.6401,-0.1049,1.6328,1.1314,1.8859,1.2485,0.6091,0.154,-0.7955,-0.671,1.0472,1.3767,-0.9621,1.3891,0.2975
0.8109,0.263,1.3509,1.3354,1.8309,1.0307,0.6057,0.0141,-0.7949,-0.5048,0.9782,1.8874,-1.04,1.5681,0.1386
0.5784,0.187,0.1315,1.0732,1.9809,0.6387,0.473,0.0504,-0.8613,-0.3357,0.9543,1.8304,-0.8974,1.2638,0.035
0.5573,0.2835,0.5321,1.3319,1.9524,0.4647,0.3056,0.1629,-0.4035,-0.3249,1.2533,1.6495,-0.8489,0.5682,0.1187
0.2072,0.5343,0.6193,2.1626,2.0483,0.6035,0.2055,0.1419,-0.4528,-0.4069,0.8954,1.5533,-1.1602,0.2399,0.1132
0.0926,0.1333,0.8207,2.0542,1.8846,0.805,0.4331,-0.2103,0.0367,-0.7627,1.1703,1.416,-0.7651,0.1807,0.0849
0.6437,0.21,1.4134,1.9131,2.21,0.3895,0.4054,-0.1207,-0.2514,-1.074,1.3532,1.7535,-0.7107,0.0082,-0.127
0.0765,0.2196,1.062,2.2402,2.2223,0.0586,0.1016,-0.0632,-0.1033,-0.8788,1.2936,2.1337,-1.1243,0.1282,0.004
0.1581,0.2913,0.7543,2.3634,2.3912,0.1454,-0.2216,-0.0727,-0.2793,-0.9254,1.4122,2.2105,-0.9413,-0.1572,0.111
-0.5486,0.4001,0.9965,2.3029,2.5381,0.218,-0.1119,-0.1571,-0.5687,-0.7587,1.7298,2.0617,-0.5981,-0.6497,0.3095
-0.6605,0.2634,1.4334,1.834,2.7145,0.5043,-0.0266,-0.4309,-0.4202,-0.5661,1.6913,2.1091,-0.4561,-0.2246,0.5679
-0.634,-0.0224,1.0777,1.6941,2.9543,0.747,0.0992,-0.7846,-0.5995,-0.0383,1.6805,1.778,-0.0748,0.26,0.4878
-0.2914,0.1671,1.106,2.0947,2.9395,1.0239,0.0285,-0.5117,-0.7971,-0.233,1.7227,1.7437,0.2257,0.848,0.4321
-0.0125,0.0927,1.2516,1.6651,2.5399,1.1966,-0.2255,-0.4968,-0.9595,-0.5224,1.9776,1.4085,0.2891,1.3785,0.2016
0.1623,0.4789,1.2357,1.8887,2.4012,1.2775,0.059,-0.5039,-1.3269,-0.4025,1.6235,1.3395,-0.1812,1.6015,0.0352
0.6152,0.6327,1.4227,2.0231,2.1011,1.3903,0.1925,-0.518,-1.9048,-0.2013,1.2552,1.2664,-0.5707,1.5333,0.1091
0.4266,0.8139,0.6455,2.35,1.5593,1.882,0.0508,-0.1213,-1.6127,-0.4129,1.0066,1.0431,-1.0937,1.3825,-0.0123
0.4033,0.4476,1.1858,2.2171,1.3785,2.0171,0.3309,-0.4312,-1.5299,-0.3994,0.9458,0.8988,-1.0588,1.0485,-0.4974
0.5271,0.3996,1.1735,2.0854,0.9835,1.7089,0.6537,-0.6993,-0.9293,-0.8056,1.0448,0.763,-0.7739,1.1821,-0.8474
0.5116,0.1306,1.2157,2.1396,1.0538,1.0229,0.4851,-0.6298,-0.6275,-0.2659,1.056,1.1201,-0.5785,1.2343,-1.029
0.1645,0.2005,0.9984,1.6322,1.2486,0.6069,0.5844,-0.2972,-0.0636,-0.4232,1.4155,1.2198,-0.5065,1.2419,-1.1398
0.0781,0.5541,0.7894,2.5259,1.5656,0.1055,0.5168,0.0765,-0.3626,-0.2908,1.4681,1.3029,-0.5007,0.7733,-0.6655
-0.5105,0.0132,0.6902,3.0462,1.5895,0.4712,0.4041,-0.1032,-0.4378,-0.2305,1.7402,0.9765,-0.7299,0.2836,-0.2542
-0.5901,0.0519,0.9475,2.5368,2.0085,0.7737,0.2534,-0.3353,-0.4006,-0.2219,1.8406,1.082,-0.2711,0.7209,-0.1641
-0.7405,-0.0155,0.9786,2.7564,2.1359,1.0515,-0.209,-0.4701,-0.7255,0.0963,1.7394,1.1598,-0.3301,0.869,0.0229
-0.5068,0.4539,1.0353,2.4858,2.2666,1.3814,0.022,-0.5797,-0.731,-0.3585,1.8874,0.8827,-0.5368,0.9094,0.0158
-0.2839,0.8849,0.9318,2.3359,2.1723,1.387,0.0306,-0.4573,-0.4919,-0.4504,1.7084,0.96,-0.4467,1.0016,0.1132
-0.0954,0.3918,1.0075,2.2209,2.0984,1.2046,0.1992,-0.5712,-0.4098,-1.2061,1.6598,0.8863,-0.6971,0.7686,0.1324
-0.2288,0.407,1.2798,2.0045,2.2055,0.7587,0.372,-0.3241,-0.5282,-1.4277,1.1374,1.3486,-0.6403,0.8832,0.3
-0.4085,0.4696,0.7403,1.9318,2.3698,0.2934,0.4815,-0.3746,-0.602,-0.7217,0.9663,1.6261,-0.3672,1.0741,0.645
-0.3139,0.9123,0.9622,1.9755,2.1259,0.5665,0.3028,-0.5742,-0.6265,-0.3202,1.0139,1.2699,-0.7232,0.5011,0.6879
-0.3252,0.8546,1.2401,2.0062,1.8526,0.919,0.26,-0.6971,-0.6145,-0.3636,1.2462,0.8082,-0.5473,0.1967,0.7099
0.0211,0.422,1.6805,1.3684,1.4548,1.0634,0.5844,-0.5118,-0.9111,-0.39,1.0268,0.6794,-0.2435,0.5113,0.0754
0.325,0.5408,2.1938,1.5471,1.5604,0.7375,0.5891,-0.3107,-1.1254,-0.0237,1.043,0.9351,-0.2836,1.1599,0.0378
0.455,0.4233,1.991,1.8375,1.2172,1.1353,0.4886,-0.3022,-0.5709,-0.166,1.36,0.9247,-0.5268,1.5848,0.1969
0.192,0.6348,1.8504,1.446,1.49,0.964,0.7631,-0.1408,-0.8993,0.2068,1.0966,1.4206,-0.8876,1.7543,0.079
0.0709,0.3129,1.615,2.0308,1.3726,1.3667,0.4951,0.1533,-1.0335,-0.0285,1.4308,1.0415,-0.909,1.9149,0.4738
0.1803,0.4016,1.6009,2.0799,1.4882,1.8194,0.3591,0.1357,-0.8791,-0.4744,1.5976,1.0647,-0.9063,1.5559,0.3346
0.6299,0.4268,1.4997,1.4924,1.674,1.7734,0.4856,0.1632,-0.6274,-0.8842,1.4192,1.1836,-0.977,1.3987,0.2349
0.5636,0.6324,1.6049,1.1262,1.8182,0.855,0.6433,0.6709,-0.069,-1.1974,1.3587,1.7176,-1.1771,1.0996,0.1675
0.2655,0.3999,1.1908,1.0673,2.1346,0.2149,0.7693,0.6653,-0.543,-0.8395,1.1529,1.7626,-1.2902,0.7825,0.4575
-0.0844,-0.0637,0.5686,1.1748,1.9008,0.0707,0.8668,0.6776,-0.457,-0.4383,1.0877,1.7222,-1.2171,0.2725,0.461
-0.4106,0.0853,1.4186,1.3244,2.2202,0.2487,0.8799,0.4735,-0.7184,-0.041,1.4412,1.5267,-1.0627,-0.212,0.6087
-0.2887,0.2612,1.363,1.6734,2.2107,0.9821,0.8972,0.3797,-0.7935,0.0438,1.5948,1.1883,-0.8957,-0.1885,0.6806
-0.0614,0.2487,1.4253,1.6838,2.3861,1.3522,0.6405,0.2015,-0.6232,-0.2755,1.6337,1.0163,-0.7351,0.029,0.4292
0.1896,0.3771,1.4027,1.1094,2.3344,1.3613,0.7736,-0.0832,-0.7065,-0.2818,1.7458,1.1935,-0.8329,0.3114,0.2861
0.4843,0.2391,1.3784,1.6983,2.2212,1.3741,0.5323,0.0402,-0.7625,-0.123,1.6215,1.3088,-0.5178,0.4867,0.3554
0.8229,0.0938,1.6657,0.9894,2.0558,1.343,0.3319,-0.0235,-0.7298,-0.4933,1.6621,1.4285,-0.6646,0.7511,0.2723
0.7765,0.2844,1.4269,0.825,2.3102,1.0453,0.896,0.0005,-0.8992,-0.9346,1.4494,1.683,-0.9094,0.6773,0.3917
0.6856,0.5957,1.0788,0.6725,2.0079,0.7943,1.022,0.3318,-0.6625,-0.7349,1.1373,1.8221,-1.5924,0.2755,0.2824
0.3174,0.6735,0.7792,1.0306,1.9474,0.5068,1.0907,0.3302,-0.3816,-0.534,1.1695,1.7081,-1.635,-0.3876,0.5524
0.206,0.2309,1.096,1.4246,1.859,0.5855,1.0519,0.5844,-0.8973,-0.431,1.1767,1.6447,-1.5483,-0.6158,0.9345
0.0517,0.411,1.4481,1.378,1.9516,0.8403,0.7829,0.4063,-1.0579,-0.1221,1.3599,1.6832,-1.1879,-0.7821,1.155
-0.0958,0.5934,1.3221,1.6617,2.069,1.1903,0.6878,0.2807,-1.2124,-0.1796,1.5524,1.3674,-1.0555,-0.6146,0.9052
-0.131,0.4261,0.9577,1.6156,1.9382,1.5596,0.6351,0.29,-1.5234,0.0472,1.6386,1.2109,-0.8907,-0.1722,0.4696
-0.0109,0.4802,0.9137,1.9456,1.2939,1.9936,0.447,0.2516,-1.6539,-0.0768,1.6706,1.1094,-1.0391,0.0811,0.0534
0.1506,0.417,0.8457,2.0283,1.1501,1.8385,0.5696,0.1512,-1.1374,-0.428,1.6225,1.1274,-1.3109,0.0925,-0.811
0.0873,0.3687,0.9675,2.1598,1.1146,1.541,0.6906,0.0795,-0.8898,-1.9159,1.429,1.3914,-1.0796,0.3779,-0.9795
-0.0458,0.6281,0.7506,2.1871,1.1718,0.5186,0.6278,0.1533,-1.2597,-1.4309,0.6459,2.1048,-0.9371,0.5063,-1.0603
-0.5197,0.5874,0.5961,2.6335,1.0344,0.497,0.6908,0.0162,-1.2561,-0.45,0.589,2.1114,-1.0425,0.0516,-0.6525
-0.8923,0.1897,0.9555,2.9575,0.9565,1.0155,0.6313,-0.2988,-1.6261,0.0359,1.2479,1.6621,-0.6771,0.0139,-0.4598
-0.9799,0.031,1.1279,3.2747,0.5207,2.0525,0.3957,-0.8387,-1.1987,-0.0319,1.678,1.3509,-0.4862,0.4078,-0.5955
-0.6182,-0.0971,1.1945,4.1051,1.2075,2.4873,0.3485,-0.947,-1.0142,-0.5008,1.7854,1.3178,-0.1803,1.0881,-0.9835
-0.5104,0.0242,1.0109,3.8538,1.1041,2.262,-0.1102,-0.9862,-0.6578,-0.717,1.8026,1.6474,0.2556,1.8432,-1.4488
-0.3696,0.0336,0.8252,3.8292,1.3471,1.4635,0.1368,-1.6333,-0.6047,-0.8465,1.7872,1.5605,0.6015,2.4207,-1.3955
-0.7918,0.3022,0.3095,3.7398,1.4892,1.0141,-0.064,-1.53,-0.3838,-0.701,1.5859,1.7543,0.3104,2.2214,-1.253
-0.9647,-0.0496,0.2213,3.4239,1.7747,0.5548,0.2972,-1.5143,-0.5819,-0.5185,1.6227,1.6583,0.0949,1.7065,-0.8404
-1.1146,-0.067,0.3915,3.0742,1.9277,0.6337,0.2134,-1.4664,-0.6562,-0.3576,1.597,1.6594,0.3308,1.3667,-0.5932
-1.3597,0.2366,0.3239,3.3104,1.7541,0.8866,0.2585,-1.2937,-0.4913,-0.5964,1.6093,1.8204,-0.4038,0.729,-0.5744
-1.1141,0.1189,0.4691,3.7509,1.7386,1.0447,0.1915,-1.2286,-0.7189,-0.4415,1.7087,1.7153,-0.236,0.7485,-0.4117
-1.196,0.2533,0.6361,3.2275,2.052,0.9861,0.3934,-1.4929,-1.083,-0.4884,1.7149,1.5929,0.4675,0.745,-0.4951
-1.2271,0.484,0.7475,3.2951,1.8093,1.5814,0.0061,-1.3888,-0.8897,-0.2319,1.8244,1.7361,0.0737,1.1823,-0.5394
-0.9566,0.5538,0.8288,3.0205,1.8001,1.3225,0.4625,-0.5472,-0.9764,0.124,1.9898,1.6034,-0.2128,1.1047,-1.0185
-0.8604,0.9304,0.2825,3.6617,1.4578,1.4048,0.4335,-0.4946,-1.0679,-0.021,2.2491,1.2004,-0.2415,1.0494,-0.8928
-0.8443,1.1251,0.358,3.7603,1.3051,1.369,0.5564,-0.9681,-0.8889,-0.1519,2.2818,0.6797,-0.721,0.9363,-0.8998
-1.1446,1.0187,0.6323,3.7162,0.8373,1.2793,0.4937,-1.1175,-1.0204,-0.0832,1.9822,0.5646,-0.5767,1.4168,-0.8017
-0.8233,0.9879,0.8984,3.2618,0.9677,1.2353,0.4152,-1.2281,-0.9685,0.5264,2.0318,0.5779,-0.6138,1.6532,-0.7549
-0.6179,0.975,0.6216,3.3088,0.8883,1.3705,0.6235,-1.1929,-0.9252,0.2363,2.1293,0.3896,-0.1924,2.0256,-0.6023
-0.8986,0.7072,0.6069,2.9894,0.9655,1.4664,0.7725,-1.0866,-0.7591,0.0065,2.2368,0.285,-0.2996,2.1734,-0.6279
-0.7557,0.4578,0.8034,3.1054,0.7222,1.4562,0.9757,-1.4681,-0.919,-0.0288,1.9244,0.3336,0.2415,2.5646,-0.5987
-0.3726,0.7566,1.0747,3.047,1.38,1.5405,1.2484,-1.4663,-0.7256,-0.3264,1.5401,0.6346,-0.1133,2.6821,-0.5151
-0.1784,0.7343,0.5879,2.773,1.3722,1.0612,0.8927,-1.2411,-0.7799,-0.2408,1.4164,0.9686,-0.1749,2.8384,-0.4046
-0.4533,0.8731,0.9032,2.6172,1.2663,0.8431,0.8334,-0.9245,-0.7952,-0.2779,1.4459,1.0116,-0.5998,2.458,-0.1583
-0.6782,1.0097,0.717,2.568,1.3004,0.8457,0.985,-0.7241,-0.7371,-0.5467,1.4786,1.0987,-1.0697,1.9625,0.2052
-1.7332,1.2117,1.0502,2.7495,1.388,0.9917,1.2201,-0.7573,-0.6451,-0.2956,1.407,1.1082,-0.954,1.8778,0.1946
-1.4005,1.0879,0.9558,3.041,1.4278,1.0563,0.8283,-0.6276,-0.5915,-0.105,1.4431,1.0694,-0.7102,0.6015,-0.0835
-1.135,0.7996,1.0167,2.9083,1.3997,1.1425,0.643,-0.5995,-0.8986,-0.041,1.5798,0.8295,-0.3865,0.9036,-0.2862
-0.889,0.535,1.3135,2.9567,1.3488,1.2932,0.8735,-0.4763,-1.2731,0.0606,1.6693,0.8639,0.0818,1.9079,-0.0941
-0.6896,0.3745,0.9117,2.567,1.4258,1.583,0.7019,-0.6316,-1.5111,0.0101,1.7291,0.8115,0.2661,2.6835,-0.2586
-0.2396,-0.1025,0.7096,2.2247,1.1703,1.6483,0.8703,-0.3662,-1.3885,-0.3685,1.6965,1.0826,0.2898,2.7408,-0.4391
-0.0717,0.3505,1.3776,2.5911,1.0389,1.5698,0.8899,-0.2283,-1.2484,-0.6066,1.465,1.5089,-0.1551,2.5506,-0.7954
-0.0373,0.5479,0.9487,2.6705,0.929,1.3024,0.9149,-0.3023,-0.8382,-0.5693,1.4203,1.4935,-0.5114,2.2266,-0.8812
-0.3269,0.7474,0.9546,2.4548,1.0664,0.9116,1.1298,-0.134,-0.9159,-0.3686,1.4505,1.4823,-0.9258,1.8162,-0.912
0.0347,0.4689,0.83,2.8363,1.0121,0.6232,1.0578,-0.0594,-1.2946,-0.1875,1.462,1.173,-1.0241,1.3008,-0.6817
-0.396,0.4437,1.2349,2.6917,0.5626,1.0427,0.9357,-0.1561,-0.8991,-0.242,1.8258,1.1964,-1.3121,1.0797,-0.4977
-0.3845,0.4017,1.2646,3.2872,0.8106,1.3614,0.8563,-0.5595,-0.6791,-0.2668,1.9404,0.994,-0.8823,1.0335,-0.4301
-0.5725,0.817,1.0326,3.1022,0.8475,1.3059,0.7241,-0.8139,-0.5327,-0.4703,2.0686,0.7894,-1.1426,1.1748,-0.4356
-0.4775,0.5193,1.0276,2.9033,1.0366,1.0547,0.7564,-0.7021,-0.4533,-0.6283,2.0385,0.8077,-0.8002,1.4732,-0.0779
-0.5909,0.4604,1.0444,2.4288,1.5031,0.7903,0.995,-0.698,-0.6232,-0.3857,1.6243,0.9857,-0.6119,1.7463,0.149
-0.457,0.3418,0.8805,2.2496,1.5966,0.9101,0.8228,-0.3416,-0.2228,-0.5706,1.7693,1.0717,-0.8703,1.6904,0.4452
-0.9799,0.2368,0.8319,2.625,1.7598,0.9471,0.5234,-0.0649,-0.6121,-0.2194,1.9623,1.2589,-0.6335,1.6501,0.4553
-1.0212,0.4451,0.4565,2.7788,1.9265,1.2421,0.325,-0.3071,-1.2556,0.0477,2.0229,1.0959,-0.2918,1.3669,0.3343
-0.7243,0.0995,0.9309,2.6339,1.7112,1.7311,0.3638,-0.387,-1.5713,0.1644,1.9722,1.0695,-0.4251,1.3899,0.1776
-0.3413,0.3204,1.058,2.8835,1.3547,2.2991,0.3558,-0.6314,-1.1813,-0.1784,2.1021,0.9251,-0.2035,1.7738,-0.1375
0.2088,0.1851,0.9514,2.6383,1.3022,2.1849,0.5975,-0.6089,-0.694,-1.0251,1.977,1.0052,-0.3364,1.4344,-0.5919
0.3822,0.1445,1.0361,2.4542,1.6028,1.4958,0.5079,-0.5368,-0.8696,-0.8679,1.6002,1.25,-0.4841,1.4972,-0.4252
0.0583,0.2922,1.1554,2.3512,1.4061,1.3114,0.3959,-0.1678,-0.8392,-0.8758,1.5481,1.5091,-1.0182,1.2116,-0.8804
-0.3651,0.4123,0.57,2.8899,1.011,0.8671,0.1747,-0.6082,-1.2401,-0.5974,1.6225,1.409,-0.84,1.0199,-0.8367
-0.5223,0.44,0.7637,3.5283,0.8824,1.159,0.1624,-0.9036,-0.7443,-0.1043,1.7379,1.3215,-1.2541,0.5948,-1.0681
-0.6453,0.5928,0.5251,3.4067,1.0319,1.018,0.0072,-0.9005,-0.7252,-0.1955,1.8994,1.1074,-0.8276,0.5914,-1.2732
-0.3888,0.7258,0.8508,3.1514,1.2535,1.2322,0.2339,-0.758,-0.9762,-0.3202,1.968,0.9411,-0.8377,0.7226,-1.3493
-0.795,0.6095,0.6143,3.2384,1.0663,1.0523,0.4038,-0.7491,-0.6956,-0.1862,1.9963,0.8083,-0.4918,1.1535,-1.1825
-0.52,0.6396,0.7624,3.5872,0.8918,1.1058,0.272,-0.6819,-0.5827,0.0167,2.0439,0.5647,-0.5218,1.3888,-1.0921
-0.7246,0.6291,0.7214,3.6113,1.0428,1.2257,0.1338,-1.0207,-0.3023,-0.3207,2.064,0.419,-0.9232,1.5506,-0.9394
-0.5748,0.2858,0.7271,3.6609,1.1814,1.2727,0.0455,-0.9485,-0.2053,-0.5688,2.0366,0.5257,-0.3781,2.1714,-0.5483
-0.4886,0.4228,1.0022,3.0426,1.5986,1.1467,0.1806,-0.835,-0.2156,-0.7032,1.8381,0.7183,-0.4912,2.3511,-0.419
-0.5585,0.3761,1.099,2.7335,1.4812,1.0233,0.3339,-0.919,-0.1512,-0.1678,1.6044,0.9067,-0.8182,2.3438,-0.1605
-0.6309,0.4666,1.3323,2.439,1.8711,0.9373,0.3627,-1.4251,-0.3789,-0.2081,1.6268,0.559,-0.5123,2.2361,0.2063
-0.5381,0.6499,0.7332,1.4959,1.5617,0.9928,0.914,-0.9842,-0.2383,-0.1592,1.7999,0.7059,-0.3199,2.5319,0.5129
-0.0325,0.6154,1.3845,1.8111,1.5716,1.3169,0.817,-0.7258,-0.3917,-0.1752,1.8071,0.8623,-0.7357,2.2545,0.865
0.115,0.7601,1.8081,1.714,1.6151,1.4016,0.8087,-1.1955,-0.7569,-0.1979,1.635,0.6981,-1.1275,1.9971,0.9317
0.2502,0.3583,1.4402,1.2341,1.3605,1.6794,0.9686,-1.062,-0.2969,-0.5565,1.6948,0.4447,-0.9513,2.2061,0.8143
0.4793,0.541,1.2424,1.0267,1.5609,1.4986,1.269,-0.5218,-0.3379,-0.4599,1.1685,0.9703,-1.2237,2.1609,0.7701
0.4499,0.638,1.1364,1.1149,1.6547,1.3488,0.7387,0.1581,-0.4112,-0.488,1.3469,1.2874,-1.7197,1.767,0.8282
0.2307,0.2891,1.1453,0.8458,1.2512,1.263,0.7088,0.2047,-0.7841,-0.0792,1.2017,1.4276,-1.48,1.2492,0.9909
0.5439,0.3505,1.5343,1.161,1.5106,1.7286,1.3052,0.314,-0.8052,-0.9115,1.2491,1.3426,-1.3787,0.8997,1.089
0.2743,0.7052,1.3648,1.0826,1.498,1.6281,1.209,0.4185,-0.4509,-0.9931,1.1192,1.5423,-1.7799,1.3511,0.7003
0.3661,0.4975,1.9543,0.8644,1.2899,1.3232,1.2275,0.4998,-0.3418,-0.9038,0.8416,2.0359,-1.7655,0.5993,0.6593
0.2968,0.1906,1.4934,0.6935,1.4107,0.9503,1.2148,0.3964,-0.5007,-0.6072,1.0246,1.7782,-1.7682,0.4058,0.6096
0.4147,0.2964,1.4164,0.7111,1.6097,0.8869,1.4031,0.8413,-0.621,-0.7985,1.1749,1.7424,-1.8161,0.1979,0.7849
0.1395,0.2236,1.309,1.4946,1.487,1.1594,1.3931,0.673,-0.5312,-0.6045,1.247,1.5278,-1.6594,-0.0378,0.6886
-0.243,0.0732,1.8677,1.382,1.4067,1.4214,0.8908,0.1732,-0.4915,-0.6238,1.3377,1.3642,-1.3117,0.02,0.5424
0.1507,0.2596,1.2074,1.2135,1.8495,1.3192,1.0581,0.1303,-0.9373,-0.455,1.1547,1.6588,-1.0193,0.4884,0.6373
0.0616,0.4319,1.1879,1.1095,1.5676,1.4148,0.9715,-0.0249,-0.464,-0.7225,1.3347,1.3874,-1.1531,0.2199,0.6676
0.1379,0.5914,1.1454,1.0296,1.8079,1.2743,1.1292,0.172,-0.4985,-0.5728,1.3851,1.4185,-1.3697,0.5258,0.349
0.259,0.7705,0.7143,1.6868,1.5054,1.2383,1.3002,0.6346,-0.3247,-0.503,1.2377,1.4926,-1.5451,0.3285,0.3417
-0.0489,1.6703,1.0481,1.5376,1.2817,0.7996,0.5772,0.4192,-0.4831,-0.3235,1.49,1.2057,-2.0797,-0.2593,0.1074
-0.2305,1.2392,0.7603,2.3353,0.9127,0.866,0.3243,0.5203,-0.23,-0.2129,1.6896,0.4759,-1.7592,-0.2793,0.1641
-0.454,0.3761,0.5919,2.3976,1.0792,1.2219,0.4534,-0.12,-0.3721,-0.3931,1.687,0.1096,-1.3309,0.0017,0.1017
-0.4831,0.5249,0.7884,2.031,1.265,1.1927,0.511,-0.2024,-0.7111,-0.0692,1.3092,0.3708,-1.0537,0.4785,0.019
-0.4521,0.4949,1.0964,2.4048,1.1212,1.5577,0.6196,-0.3702,-0.2736,-0.2383,1.4116,0.4628,-0.8277,0.9517,-0.0551
-0.1305,0.1599,1.1582,2.7479,1.3194,1.6631,0.235,-0.5112,-0.7747,-0.409,1.2853,0.6749,-0.8796,1.3161,-0.256
-0.2706,0.3836,1.2934,2.4603,1.3562,1.8202,0.3992,-0.765,-0.6362,-0.3111,1.1978,0.9347,-0.8251,1.8009,-0.2569
-0.0527,0.5264,0.7355,2.3741,1.2782,1.9292,-0.1097,-0.5686,-0.5473,-0.5923,1.3545,1.2017,-0.8427,2.0939,-0.2838
-0.0417,0.7347,0.5393,2.4795,1.2792,1.7553,0.656,-0.5665,-0.6632,-0.6629,1.5337,1.1592,-0.9191,2.0003,-0.279
0.0797,0.7698,0.6396,2.235,1.226,1.6051,0.5587,-0.6858,-0.4528,-0.6175,1.4179,1.241,-1.2473,1.5933,-0.3346
-0.1139,0.9025,1.0221,2.3226,0.9968,1.3653,0.407,-0.7991,-0.2182,-0.6131,1.3879,1.1625,-1.2586,1.191,-0.0779
-0.2218,0.9083,0.5969,2.1261,1.2564,1.2807,0.1166,-0.6762,-0.2795,-0.8995,1.568,1.1522,-1.5078,1.0086,0.0479
-0.2491,0.809,0.7546,2.1551,1.6055,1.2521,0.5366,-0.4886,-0.4108,-1.0282,1.3273,1.2855,-1.5896,0.6342,0.2115
-0.2886,-0.044,0.2631,1.3747,1.4399,1.2478,0.5541,-0.5974,-0.2522,-0.9879,1.2656,1.3738,-1.704,0.2609,0.1401
0.0713,0.8838,0.8545,1.6007,1.7556,1.0896,1.0349,-0.673,-0.3395,-0.9914,1.0972,1.6462,-1.8664,-0.3699,0.4315
-0.2147,0.4999,0.797,1.3769,1.3775,0.9562,0.6932,-0.8882,-0.9302,-0.6811,1.0883,1.5671,-1.3538,-0.4639,0.3551
-0.3654,1.1039,1.282,1.7857,0.9911,1.213,0.3824,-0.4441,-1.2674,-0.6671,1.1155,1.6619,-1.8697,-0.6344,0.0812
-0.573,0.7014,1.2728,2.244,0.5643,1.6876,0.4888,-0.4196,-1.1473,-0.4854,1.2863,1.2402,-1.8474,-0.6042,-0.0278
-0.3141,0.6903,1.1398,1.8897,0.2288,1.9536,0.8298,-0.4628,-0.8132,-0.5489,1.3165,1.2844,-0.7956,0.3286,-0.2556
-0.2579,0.7772,0.9823,2.37,0.2425,1.9684,0.8446,-0.2954,-1.0185,-0.4902,1.7127,1.2948,-1.3722,0.4714,-0.7183
-0.3679,0.7055,1.1167,2.565,0.1718,2.0617,0.8802,-0.6368,-0.7551,-0.8873,1.5929,1.1521,-1.3634,0.3785,-0.997
-0.397,0.254,1.1548,2.4498,0.0246,1.6558,0.8591,-0.6546,-0.9005,-0.6993,1.1287,1.2778,-0.9208,0.9818,-1.1829
-0.4062,0.5639,0.9147,3.438,0.0819,1.4682,0.4292,-0.5341,-0.6025,-0.7027,1.2268,1.7135,-1.0955,1.3778,-1.133
-0.7704,0.6395,1.0428,2.9766,0.0929,1.1391,0.6796,-0.8752,-0.8774,-0.5494,1.1593,1.5697,-1.024,1.1187,-0.9954
-0.8835,0.4003,1.0922,2.8577,0.2069,1.4523,0.7725,-0.879,-1.0426,-0.5054,1.2399,1.3356,-0.8084,1.2029,-0.8916
-1.3118,0.2432,1.2268,2.9939,0.0329,1.6455,0.7071,-0.813,-0.8286,-0.2722,1.2662,1.4803,-0.4462,1.7634,-0.8383
-1.1457,0.4513,1.4054,2.9003,0.5878,1.8196,0.6548,-1.4119,-0.4465,-0.1487,1.4482,1.1825,-0.1116,2.1076,-0.8219
-0.8729,0.4893,0.8521,2.8458,0.8343,1.8178,0.6034,-1.3148,-0.6742,-0.2191,1.459,0.9869,-0.1975,2.6415,-0.7321
-0.7301,0.6966,0.9362,3.0487,0.7949,1.8872,0.5156,-0.9458,-0.3984,-0.7764,1.5591,1.4412,-0.572,2.647,-0.7236
-0.4967,0.6549,1.0495,2.9302,1.118,1.6421,0.5601,-0.8015,-0.8816,-0.6233,1.1898,1.6489,-0.8261,2.2705,-0.808
-0.7194,0.6382,0.9789,3.6007,0.8222,2.0326,0.5882,-0.951,-0.723,-0.2832,1.3645,1.4792,-0.5813,2.119,-0.5825
-0.873,0.7434,1.1609,2.8508,0.7073,2.1434,0.5023,-1.0942,-0.551,-0.5669,1.5964,1.3073,0.1651,2.4467,-0.6686
-0.6526,0.818,1.077,2.353,0.7338,1.9716,0.8423,-0.6791,-0.7121,-0.7845,1.264,1.3891,-0.4335,2.475,-1.0375
-0.5962,0.4252,1.3221,2.6924,0.662,1.5944,0.5431,-0.6071,-0.9442,-0.5791,1.3232,1.3842,-0.6594,2.1654,-1.0873
-0.6854,0.4871,0.7842,2.7188,0.3332,1.5814,0.7743,-0.1453,-1.1388,-0.6613,1.0459,1.6064,-0.76,2.3879,-0.8968
-0.7482,0.5591,0.9276,2.8045,0.2265,1.814,0.9119,-0.156,-0.8472,-0.7056,1.0487,1.5757,-1.2399,1.9098,-1.1027
-0.915,0.5561,1.2134,2.7455,0.2921,1.6911,0.8066,-0.1433,-0.2204,-0.6016,1.2524,1.4385,-1.2793,1.54,-1.1058
-0.2784,0.6832,1.2625,2.6486,0.3945,1.3742,0.8062,-0.402,0.0873,-0.9726,1.517,1.2215,-1.7014,1.285,-0.7831
-0.6644,0.5524,1.1076,1.8594,0.4208,0.9376,1.2063,-0.8803,-0.0931,-0.9077,1.405,1.1213,-1.7624,1.0841,-0.674
-0.5312,0.7484,1.3211,1.5783,0.6706,0.5425,1.0262,-0.4464,-0.0618,-0.5394,1.3283,1.2625,-1.3858,1.0969,-0.1985
-0.8253,0.7654,1.4397,2.4182,0.9227,0.7745,0.9078,-0.2132,0.1653,-0.7408,1.68,1.2175,-1.7469,0.8536,0.0323
-0.8961,0.7113,1.8445,1.8163,1.2981,0.7803,1.0953,-0.4313,-0.4702,-0.7698,1.4747,0.9669,-1.4366,0.7891,0.25
-1.0905,0.4498,1.51,1.1549,1.0816,0.9631,0.9785,-0.613,-0.1487,-0.5054,1.3501,0.9122,-1.2905,1.2655,0.2841
-0.7172,0.6577,1.6719,1.4585,1.3366,1.3141,0.7061,-0.1144,-0.0371,-0.8476,1.5215,0.9789,-1.0209,1.499,0.5102
-0.7315,0.5016,1.5303,1.256,1.5407,1.4042,1.1354,-0.0088,-0.1558,-0.9253,1.3342,1.1335,-1.2312,1.7209,0.6989
-0.3181,0.4026,1.5405,0.9754,1.6175,1.23,1.1059,-0.2994,-0.1601,-0.7904,1.4084,1.158,-0.7877,1.7178,0.7221
0.0586,0.3955,1.8092,0.7402,1.645,1.5087,1.0729,-0.6622,-0.0884,-1.1529,1.4098,1.0304,-0.7922,2.1443,0.793
0.0271,0.615,1.6165,0.5459,1.4159,1.2807,0.9487,-0.42,-0.2897,-1.0374,0.9241,1.4728,-1.0974,2.2344,0.7681
0.0315,0.3327,1.8391,0.5453,1.5649,1.3151,1.1137,-0.1916,-0.1015,-1.2252,0.9618,1.56,-1.1957,1.8139,1.0903
-0.1563,0.4859,1.7986,0.2846,1.5633,1.3471,1.1413,-0.1072,-0.4311,-1.1563,0.9914,1.607,-1.4046,1.4211,1.1452
-0.1272,1.3313,2.1961,0.9649,1.3195,1.3995,0.977,0.2685,-0.247,-1.4798,1.1102,1.7967,-1.7426,1.1495,1.0153
-0.024,1.1055,2.1473,0.5935,0.9671,0.918,1.205,0.2993,0.1733,-1.6527,1.0477,1.2726,-1.858,0.7729,0.7589
-0.1671,1.0307,2.2866,1.3341,1.1817,0.8927,1.0637,0.1583,-0.504,-1.2564,0.7555,1.2846,-1.9891,0.666,0.7007
-0.495,0.7637,1.5625,0.746,0.9403,1.3704,1.0149,0.0255,-0.701,-0.9055,0.9269,1.5332,-1.7051,0.6876,0.6431
-0.478,0.8208,1.8109,0.9564,0.9253,1.5782,1.2367,-0.0038,-0.7953,-0.7662,0.984,1.1322,-1.6407,0.6267,0.445
-0.0931,0.9046,2.4494,1.1098,0.7371,1.8073,1.0936,-0.1236,-0.5952,-0.912,1.1347,0.8496,-1.48,0.8137,0.3019
0.0659,0.9777,1.9731,1.0228,0.7668,1.6132,1.3013,-0.3276,-0.3386,-1.3439,1.257,0.7517,-1.5771,1.479,0.2261
-0.0025,0.8058,2.004,1.1632,0.7524,1.3533,1.1359,-0.1665,-0.1831,-0.9621,0.9471,0.913,-1.3682,1.5079,0.1077
-0.4335,0.7089,1.6928,1.0962,0.8547,1.2742,1.3323,0.0042,-0.4376,-0.8659,0.9539,0.9773,-1.6197,1.7649,-0.2578
-0.3869,0.969,1.8039,1.74,0.9097,1.365,1.0959,0.085,-0.5948,-1.0952,0.9475,1.1597,-1.8269,1.4607,-0.047
-0.3317,1.259,1.505,1.9212,0.7892,1.3614,0.888,0.3029,-0.7286,-1.0247,0.8095,1.1018,-2.293,1.0198,0.0655
-0.7895,0.8593,1.6185,2.4116,0.4921,1.6943,0.7738,0.1767,-0.6739,-1.2427,0.9209,1.0342,-1.618,1.1292,-0.1903
-0.6847,0.6935,1.6259,2.5842,0.7037,1.8306,0.7836,-0.2551,-0.5203,-1.3599,0.8553,0.9911,-1.583,1.2893,-0.437
-0.6825,0.7416,1.5742,2.42,0.6116,1.7732,0.7897,-0.5462,-0.3312,-1.0969,0.699,1.0825,-1.9088,1.218,-1.0379
-0.3012,0.526,1.3608,2.3438,0.5822,1.7032,0.4845,-0.3343,-0.8745,-0.6952,0.5255,1.0609,-1.7409,1.2304,-1.0213
-0.622,0.4517,1.0933,2.596,0.5933,1.8595,0.6656,-0.914,-0.6841,-1.0608,0.9563,0.7434,-1.6721,1.3813,-0.8925
-0.4191,0.3983,1.383,2.8707,0.3821,1.8092,0.4372,-0.7245,-0.5497,-1.0641,0.6919,1.0648,-1.512,1.3585,-0.9457
-0.4111,0.2667,1.5526,2.3224,0.3293,1.7527,0.7441,-0.9259,-0.462,-1.4642,0.7655,1.0048,-1.6261,1.437,-0.8161
-0.4566,0.7458,1.8514,2.3023,0.5737,1.3607,0.8605,-0.9661,-0.4276,-1.2308,0.5703,1.1753,-1.4779,1.5458,-0.8229
-0.6098,0.9207,1.7724,2.3298,0.646,1.3062,0.6788,-0.925,-0.2617,-1.3567,0.7709,1.0566,-1.4302,1.85,-0.6684
-0.8348,0.9855,1.8843,2.0786,0.668,1.1468,1.004,-0.9821,0.122,-1.2088,0.558,0.8793,-1.5287,1.8407,-0.3418
-0.7404,0.9492,1.8509,1.6705,1.246,1.0218,1.0297,-0.7919,0.0201,-1.2303,0.5203,0.9182,-1.5526,1.9304,0.0078
-0.7951,0.71,1.7654,1.5869,0.7135,0.9828,0.9557,-1.0139,-0.1364,-1.2964,0.5852,0.776,-1.3617,2.0303,0.2464
-0.5556,0.4349,2.0742,1.3439,1.0619,0.9949,1.0889,-0.801,-0.015,-0.9926,0.5895,0.9574,-1.2733,2.1306,0.3684
-0.786,0.5759,2.2413,1.2023,1.7005,1.0762,1.1182,-0.5201,0.0565,-1.2916,0.6125,1.0765,-0.9426,2.3242,0.7156
-0.2697,0.5727,2.0794,1.2347,1.5856,1.4431,1.0611,-0.2356,-0.4022,-1.0317,0.5,1.3109,-1.0254,2.6903,0.8476
-0.1472,1.6247,2.3285,0.7843,1.4877,1.3381,1.0076,-0.4203,-0.6147,-1.1657,0.4087,1.1519,-1.8408,2.2626,0.976
0.1474,1.0857,1.985,0.4918,1.2265,1.3726,1.1793,-0.2342,-0.2195,-1.4843,0.481,0.5693,-2.0288,2.0357,0.9776
0.3169,0.7241,1.9017,0.2719,1.2105,1.2778,1.5806,0.1881,-0.1408,-1.6594,0.2083,0.6827,-2.1622,1.6927,1.1713
0.1436,0.6923,1.9269,0.3753,1.502,1.4523,1.6777,0.4229,-0.054,-1.9765,-0.0251,1.1173,-2.37,1.4841,1.1447
0.162,0.513,2.0803,0.4011,1.3898,1.0961,1.3797,0.3872,0.0209,-1.9206,-0.1074,1.3549,-1.6239,1.3365,1.1333
0.101,0.2938,2.2047,0.418,1.5024,1.0215,1.4132,0.6515,0.074,-1.8413,-0.1546,1.5755,-1.5648,0.9584,1.1927
0.0007,-0.0075,2.154,0.2952,1.9157,1.2496,1.4269,0.7691,-0.7126,-1.462,-0.1353,1.8075,-1.854,0.6927,1.2136
0.0251,0.2503,2.2614,0.1626,1.5942,1.4422,1.3046,0.7375,-0.3252,-1.4247,0.2152,1.9024,-1.8628,0.2804,0.8315
0.2325,0.0907,2.1809,1.254,1.6727,1.574,1.1767,0.347,-0.2168,-1.5273,0.7788,1.654,-1.7176,0.2453,0.5416
0.4125,0.2984,1.8984,0.6458,1.7021,1.1529,1.2368,0.3197,-0.0986,-1.6322,0.5098,1.9296,-2.0567,0.2051,0.4863
0.0171,0.1369,2.0178,0.8468,1.6869,0.8286,1.1932,0.5119,0.1266,-1.3051,0.6303,2.0153,-1.9788,-0.0957,0.3984
-0.1472,0.5042,1.935,0.814,1.7701,0.4728,1.0298,0.6765,-0.3025,-1.0425,0.5743,2.0296,-2.1663,-0.5893,0.3749
-0.2542,0.4969,1.8053,2.1233,1.4879,1.1173,1.0444,0.7108,-0.506,-0.9068,0.753,1.9067,-1.9572,-0.7463,0.4272
-0.457,0.3359,1.699,1.8891,1.6462,1.5578,0.8305,0.5171,-0.6321,-1.4118,1.0963,1.462,-1.7019,-0.7016,0.1862
0.0594,0.7691,1.509,2.6426,1.2896,1.7296,0.8593,0.26,-0.2456,-1.6454,0.8576,1.6442,-2.0552,-0.6427,-0.2461
-0.0909,0.6187,1.5437,2.0642,1.3659,1.2692,0.6485,-0.1267,-0.206,-1.6606,0.7949,1.5491,-1.9924,-0.5192,-0.6211
-0.2207,0.7565,1.3287,2.6444,1.5031,1.1621,0.6171,-0.3322,-0.3685,-1.3648,0.6185,1.5127,-2.16,-0.4889,-0.62
-0.6718,0.8615,1.0446,2.4867,1.0733,1.0803,0.704,-0.5398,-0.2352,-1.1655,0.572,1.3626,-1.8189,-0.1949,-0.6735
-0.5423,0.8246,1.1465,2.9788,1.0299,0.9936,0.4495,-0.7043,-0.3921,-1.0934,0.6878,1.0526,-1.0814,0.0969,-0.5287
-0.6206,0.7438,1.3687,2.4271,1.0303,1.0006,0.6404,-0.7702,-0.6548,-0.9286,0.3475,1.1015,-0.5803,0.964,-0.5308
-0.7435,1.0345,1.3883,2.8872,0.5359,1.2412,0.5372,-0.9186,-0.5678,-0.8137,0.5413,1.0519,-1.0922,1.1385,-0.6619
-0.4836,0.7998,1.5437,2.4855,0.5511,1.2035,0.7855,-0.9059,-0.2623,-0.777,0.7182,0.9953,-1.0006,1.4091,-0.7227
-0.6736,0.441,1.5429,2.4532,0.7102,1.0335,0.7704,-0.5381,-0.1608,-0.8514,0.7828,0.8388,-0.6918,1.6674,-0.2761
-0.8534,0.3849,2.1865,1.9781,0.7943,0.9545,1.0304,-0.5794,-0.6136,-0.2753,0.4867,1.0387,-0.6327,2.0699,-0.0924
-1.0147,0.9458,1.9834,2.2568,0.6068,1.314,1.0773,-0.2923,-0.1938,-0.5818,0.7514,0.9547,-0.9027,2.5196,-0.1539
-0.7227,0.6635,2.2304,1.9873,0.6834,1.3373,1.4162,-0.3413,-0.2578,-0.7388,0.7321,0.8998,-0.8525,2.8316,-0.3855
-0.4595,0.7606,2.0474,1.9719,1.0305,1.2145,1.0531,-0.5963,0.2273,-1.2286,0.7001,0.7938,-0.8255,2.9888,0.1124
-0.3839,0.716,1.932,1.8917,1.4153,0.916,1.0576,-0.2746,-0.0261,-1.074,0.4044,1.0347,-1.2584,2.9445,0.5347
-0.691,0.4919,1.8249,1.5043,1.1878,0.9126,1.0675,-0.1513,-0.097,-0.9079,0.307,1.1692,-1.3565,2.6098,0.9519
-0.5898,0.6501,2.0274,1.7028,1.2739,1.182,1.0594,0.0039,-0.1584,-0.866,0.5571,1.0351,-1.3913,2.3188,0.8611
-0.4017,0.7109,2.5382,1.6878,1.1173,1.4733,1.1595,0.1099,-0.1125,-1.1973,0.6203,0.9968,-1.284,2.3572,0.859
-0.2943,0.8299,2.3779,1.1685,1.0527,1.3707,1.3732,0.0379,-0.3569,-1.2444,0.3824,1.0701,-1.6468,2.1892,0.6985
0.0914,0.9679,2.313,1.1482,0.6093,1.2688,1.3997,0.1679,-0.3706,-1.1932,0.2396,1.1589,-1.6577,1.8954,0.6469
0.2277,1.0007,2.3887,0.7553,0.4599,1.1366,1.473,0.4381,-0.1351,-1.1067,0.2821,1.3203,-2.272,1.6115,0.8462
0.1639,0.6594,2.5745,1.1842,0.399,1.2177,1.5837,0.6237,-0.1489,-1.1202,0.1401,1.3226,-2.2618,1.2712,0.9482
-0.023,0.6886,1.5128,1.2679,0.6967,1.3757,1.4886,1.0665,-0.1658,-0.8142,0.2306,1.5212,-1.6898,1.3021,1.1787
0.0238,0.4103,1.8797,0.8601,0.9161,1.552,1.5778,1.0259,-0.6452,-0.7322,0.2402,1.2046,-1.4392,0.9359,0.9789
-0.0306,0.754,1.8354,1.2932,0.7728,1.8863,1.5642,0.359,-0.457,-0.6403,0.4097,1.1493,-1.606,0.9001,0.6218
0.1149,0.8017,1.8537,0.3046,0.7609,1.6595,1.6898,0.6801,-0.3561,-0.3845,0.4148,1.1051,-1.8659,0.7289,0.266
0.1179,0.9558,1.8075,0.98,0.4073,1.6982,1.9347,0.9386,-0.7131,-0.1449,0.4712,0.9286,-2.3936,0.5302,0.0068
0.1012,0.8311,1.7128,1.7779,-0.0475,2.0088,1.3503,0.65,-0.4343,-0.6026,0.701,0.5812,-2.2826,0.5851,-0.2528
0.144,0.6978,2.0215,1.9135,0.0699,1.7361,1.2833,0.4639,-0.3241,-0.6957,0.1891,0.6229,-2.051,0.9807,-0.229
-0.152,0.7076,2.05,2.0553,0.074,1.6797,1.3347,0.4677,-0.0846,-0.6948,0.1397,0.6276,-2.0648,1.1379,-0.0267
-0.1943,0.5896,2.1377,2.5331,0.2106,1.8576,1.3173,-0.2292,0.5552,-0.9985,0.1291,0.5411,-1.6016,1.3499,0.2876
-0.3098,0.6831,1.684,2.0066,0.8521,1.5277,1.3929,0.0346,0.2196,-0.8043,-0.0622,1.059,-1.6632,1.7808,0.5252
-0.3807,0.4979,1.7816,1.8612,0.6527,1.5404,1.2319,0.4563,0.0017,-0.9336,-0.0981,1.2308,-1.4794,1.5784,0.5049
-0.3903,0.3676,1.9071,2.3658,0.8723,1.8027,1.1439,0.2774,0.5339,-1.1712,0.0032,1.2442,-1.4401,1.5343,0.5436
-0.3723,0.2215,1.8807,2.3326,1.1984,1.6984,1.0764,-0.1151,0.4376,-1.3097,0.1077,1.5749,-0.9408,1.1718,0.5838
-0.2466,0.3252,1.9385,2.2456,1.4572,1.4685,1.0363,-0.3694,0.2533,-1.5468,0.0482,1.775,-0.911,1.3901,0.562
-0.3017,0.2784,1.5666,1.9919,1.575,1.2745,0.9064,-0.4975,0.113,-1.529,-0.0859,1.7101,-0.7675,1.5782,0.699
-0.5931,1.0794,1.5835,2.2101,1.6013,1.3711,0.6708,-0.4898,0.316,-1.4833,0.0196,1.9071,-1.519,1.1816,0.6193
-0.6016,0.6541,1.2693,2.3482,1.7851,1.4107,0.6936,0.0559,0.6345,-1.8705,0.2632,1.8551,-1.3442,0.9973,0.5718
-0.6186,0.6193,1.2765,2.3657,1.8347,1.099,0.7664,-0.18,0.5642,-1.4852,0.2449,1.8752,-1.0677,0.8957,0.6491
-0.841,0.2705,1.2147,2.0535,1.5668,0.9634,0.6611,-0.2672,0.0325,-1.197,0.2097,1.8098,-0.7659,0.949,0.8589
-1.1039,0.1528,1.6231,2.2065,1.3676,1.4539,0.5912,-0.3542,-0.195,-1.1119,0.3792,1.6009,-0.7437,1.0673,0.7163
-0.9272,0.2427,2.0493,2.2915,1.4704,1.7374,0.8537,-0.2347,0.2243,-1.1097,0.4876,1.5362,-0.6127,1.0698,0.379
-1.1375,0.1689,1.2294,2.4623,1.3883,1.8332,0.7433,-0.306,0.1711,-1.0565,0.7858,1.7792,-0.9482,1.3687,-0.1337
-0.4457,0.1269,1.0504,2.727,1.3784,1.7467,0.7779,-0.2063,-0.1041,-0.9058,0.8586,1.9238,-0.4305,1.2153,-0.1279
-0.495,0.2439,1.14,2.4742,1.0858,1.8123,1.0842,-0.5959,-0.2542,-0.9346,0.6603,1.5405,-0.1915,1.2277,-0.3974
-0.6435,0.254,1.242,2.7655,0.9932,1.9377,1.2409,-0.3481,-0.0925,-0.8401,0.4436,1.4744,-0.457,1.4822,-0.6815
-0.4588,0.2707,1.4904,2.6112,0.6994,1.7741,0.8388,-0.1424,-0.0683,-0.7791,0.467,1.479,-0.722,1.5772,-0.8899
-0.6217,0.3363,1.3928,3.3829,0.441,1.5177,0.525,-0.212,-0.2398,-0.5195,0.7882,1.4269,-1.1598,1.4139,-1.0025
-0.8705,0.352,1.1976,3.735,0.4925,1.7177,0.6894,-0.1369,-0.1472,-0.8601,1.1038,0.9739,-1.3837,1.2698,-0.8047
-0.9537,0.2657,1.3062,3.7031,0.4428,1.7732,0.6614,-0.3366,0.3981,-1.0784,0.9835,0.9911,-1.0541,1.5371,-0.3861
-0.8621,-0.0672,1.8442,3.4675,0.7625,1.6662,0.9862,-0.5398,0.23,-1.2392,0.75,1.1088,-0.8692,1.915,-0.4365
-0.8822,-0.1196,1.1021,3.2413,1.0494,1.5098,0.8318,-0.4023,0.5427,-1.6316,0.6102,1.4924,-0.5718,2.4772,-0.5321
-0.819,-0.3775,0.8213,2.9537,1.2502,1.1315,0.9084,-0.2308,0.4249,-1.4028,0.4501,2.0262,-0.781,2.4091,-0.6812
-0.9277,-0.3268,0.9157,3.9236,1.6106,1.1473,0.4389,0.2473,0.0424,-1.2151,0.4998,2.0574,-1.0338,1.9,-0.3367
-1.1622,-0.1769,1.5093,4.2752,1.7532,1.4847,0.4022,-0.2783,-0.1017,-1.0228,0.9974,1.7573,-0.6805,1.5955,-0.0491
-1.3061,-0.0707,1.2629,4.161,1.8319,2.0019,0.0097,-0.8757,-0.1473,-1.1217,1.1345,1.3998,-0.5516,1.9639,-0.0312
-0.943,-0.0316,1.6284,3.5035,1.5221,2.1395,0.3742,-1.0972,-0.1018,-1.4372,0.829,1.4398,-0.6206,2.1099,-0.4028
-0.6622,-0.175,1.2477,3.0339,1.3651,1.7195,0.6634,-0.8632,0.0753,-1.4208,0.6282,1.6488,-0.3801,2.3702,-0.4412
-0.6814,-1.2257,1.364,3.0554,1.7818,1.605,0.7664,-0.1248,0.1405,-1.3625,0.4647,1.9824,0.0214,2.578,-0.0924
-0.7394,-0.6373,0.8304,2.8624,1.722,1.4935,0.7145,-0.3042,0.0966,-1.3637,0.4688,2.096,-0.3257,2.1548,-0.106
-0.7718,0.0041,0.9154,2.9045,1.4559,1.39,0.9177,-0.3116,0.09,-1.49,0.4565,2.1358,-0.5104,1.5123,0.2233
-0.6784,0.0977,1.3353,2.8469,1.4353,1.3578,0.7964,-0.2815,-0.2949,-1.4025,0.6359,1.789,-0.5464,1.1457,0.2375
-0.635,0.1578,1.258,2.7841,0.9959,1.2322,1.055,-0.456,-0.188,-1.3687,0.5786,1.5876,-0.4147,1.1756,0.0547
-0.6119,0.0622,1.8602,3.1399,0.6813,1.3349,0.8336,-0.2827,-0.7533,-0.7864,0.3846,1.457,-0.5245,1.3512,-0.0841
-0.6135,-0.092,2.1976,3.9054,0.1606,1.8678,0.7951,-0.1204,-0.4205,-0.6191,0.4005,1.0819,-0.7705,1.7974,-0.1154
-0.5969,-0.4605,1.9206,2.3964,0.0651,2.0691,1.3895,-0.7143,-0.3759,-1.0754,0.2986,0.6976,-0.4043,2.6285,-0.2763
-0.2082,0.1597,2.0419,2.4998,0.3018,1.7839,1.5336,-1.0058,-0.324,-1.1993,0.1448,1.0653,-0.2129,3.3896,-0.2421
-0.3384,0.1293,2.0851,2.6175,0.109,1.6131,1.538,-0.5562,-0.2971,-0.9178,0.0355,1.2023,-0.5164,3.4861,-0.192
-0.6955,0.2556,2.3439,2.6952,-0.2337,1.639,1.3331,-0.5973,0.2594,-1.016,0.289,1.3125,-0.6432,3.3266,-0.1331
-0.5722,0.1851,2.5306,3.4576,0.304,1.7763,1.1368,-0.6146,0.3739,-1.3777,0.618,1.1285,-0.189,3.209,-0.0337
-0.6557,0.011,2.2546,3.5133,0.5737,1.6046,1.1048,-0.7406,0.3558,-1.6051,0.5298,1.3274,0.0546,3.6073,-0.0436
-0.887,0.1654,1.432,3.1074,1.1338,1.2139,1.0901,-0.6808,0.2062,-1.3433,0.3518,1.6058,-0.2889,3.4763,0.3276
-0.9903,-0.1217,1.3407,3.0514,1.0918,1.1148,0.7612,-1.3288,0.5268,-1.5044,0.557,1.4602,0.0281,3.1054,0.5363
-0.7628,-0.0877,1.4936,2.8974,1.5224,1.0327,0.8247,-1.3191,0.1755,-0.8592,0.4192,1.5828,0.3285,2.977,0.7532
-0.9856,0.3111,1.9366,2.515,1.9423,1.2719,0.7808,-0.7146,-0.0494,-1.0128,0.5762,1.6029,-0.1658,2.5898,0.4395
-0.823,0.0538,1.5069,2.6356,1.6887,1.2801,0.5628,-0.5375,0.0889,-1.1601,0.8413,1.3714,-0.0023,2.7403,0.5602
-0.6997,0.7547,1.3591,2.6312,1.6347,1.3006,0.5158,-0.6013,-0.2419,-0.9436,0.8211,1.3906,-0.3504,2.5298,0.5873
-0.5469,0.2378,1.3896,2.6073,1.0934,1.5914,0.7361,-0.6158,-0.2704,-0.9802,0.8867,0.9423,-0.2727,2.4152,0.8588
-0.5259,-0.0085,2.2359,2.5474,1.1331,1.9057,0.8482,-0.3234,-0.2745,-1.0418,0.6489,1.0318,-0.4018,2.6587,0.5647
-0.5078,-0.2315,2.1701,2.138,0.9851,2.019,0.5386,-0.1668,-0.5356,-1.0557,0.7109,1.1605,-0.6684,2.8245,0.3341
0.0529,-0.1849,2.2774,2.4248,0.9732,1.9295,0.7854,-0.0062,0.2348,-1.6136,0.7678,1.3513,-0.5241,3.0607,0.5879
-0.1286,0.1481,2.5716,1.8853,1.2581,1.3185,0.8966,0.1293,-0.1713,-1.59,0.478,1.6111,-0.9974,2.8496,0.3955
-0.2283,-0.6378,2.4208,1.5803,1.1452,1.1295,1.2431,0.2249,-0.2643,-1.4287,0.4118,1.693,-0.7191,2.826,0.5384
-0.3012,-0.1604,2.2604,1.7931,1.1579,1.12,1.3471,0.4211,-0.028,-1.3696,0.2498,1.9024,-0.8298,2.3715,0.8267
-0.3463,-0.0625,2.4201,1.8222,1.1275,1.311,1.3298,0.3693,-0.1163,-1.4063,0.5475,1.7882,-0.8202,2.2738,0.9209
-0.5114,-0.2272,2.1248,2.2459,1.0312,1.4317,0.9744,0.033,-0.4417,-0.8709,0.5686,1.7933,-0.8305,2.2953,0.8837
-0.5117,-0.1133,2.0922,2.0473,1.2226,1.6965,1.1156,0.2942,-0.3234,-1.0132,0.6035,1.7544,-0.8666,2.1457,0.6655
-0.0141,0.0535,2.0665,2.1627,1.2322,1.7786,0.6885,0.1676,0.0815,-1.409,0.9968,1.724,-1.1501,1.5639,0.3265
-0.5689,-0.1091,1.6092,2.4509,1.2199,1.3193,0.6214,0.6039,-0.2268,-1.4352,0.867,1.8984,-1.2515,1.6416,-0.0195
-0.5134,-0.2481,1.3692,2.1722,1.1719,1.0092,1.1363,0.2915,-0.2679,-1.0366,0.678,1.8833,-0.9301,1.3088,-0.0344
-0.5839,-0.1366,1.6605,4.2811,0.9479,1.6097,0.6396,0.5196,-0.2438,-0.992,0.7486,1.8105,-1.1442,1.0108,0.0211
-1.3597,-0.4895,1.8479,3.6698,1.4055,1.898,0.466,-0.228,-0.2714,-0.3356,1.0311,1.374,-0.6211,1.0494,-0.297
-1.0163,-0.3799,0.7199,3.7794,1.2555,2.3045,0.538,-0.2854,-0.1797,-0.6478,1.2613,1.2774,-0.4187,1.7428,-0.4269
-1.1246,-0.0971,1.0724,3.7398,1.3321,2.5667,0.5567,-0.5412,-0.0341,-0.9361,1.1844,1.4761,-0.5047,1.7535,-1.0979
-0.4947,-0.1721,1.2586,4.0343,1.1462,2.1415,0.3082,-0.5512,-0.2582,-1.267,1.1346,1.5049,-0.5497,1.7391,-1.3476
-0.3161,-0.2574,1.3013,3.7215,0.9385,1.745,0.3185,-0.6786,-0.5901,-1.0564,0.8039,1.5426,-0.6079,1.8029,-1.4291
-0.8116,0.0721,0.8559,4.4278,0.7445,1.8003,0.5177,-0.4579,-0.7901,-0.9625,0.6609,1.5006,-0.7591,1.6301,-1.3548
-1.0948,0.3312,1.2492,4.2858,-0.1303,1.7108,0.2464,-0.7594,-0.371,-1.1128,0.7431,1.3029,-0.7984,1.5202,-1.6396
-0.911,0.2539,1.47,4.4353,-0.2274,1.4016,0.8044,-0.8926,-0.3036,-1.0464,0.6364,1.0518,-0.806,1.9081,-1.7869
-1.1361,-0.1374,1.32,4.464,-0.3277,1.1483,0.7145,-0.8079,-0.2214,-0.8249,0.3674,1.0954,-0.1425,2.8062,-1.3
-1.2303,-0.4839,1.3981,4.4454,-0.4131,1.4192,0.7295,-0.4666,-0.3017,-0.6869,0.4137,0.8879,-0.5363,3.2062,-1.2639
-1.3395,-0.5187,1.763,4.4202,0.0162,1.6696,1.084,-0.7264,-0.6335,-0.4014,0.4713,0.9014,-0.3677,3.1641,-1.2406
-1.0364,-0.2961,1.3972,4.3456,-0.1057,2.0483,0.6291,-0.3735,-0.536,-0.5302,0.5432,0.9185,-0.4425,3.6403,-1.0942
-0.7193,-0.3026,1.6602,4.0022,0.1313,2.0368,0.6865,-0.4066,-0.7629,-0.8456,0.6496,1.0521,-0.6939,3.685,-0.8792
-0.82,-0.2152,1.4471,4.023,0.0649,1.8718,1.1423,-0.8269,-0.5546,-0.9196,0.4642,0.9933,-0.9694,3.3742,-0.928
-0.8028,-0.0391,1.4015,4.0561,0.1024,1.6194,0.7426,-0.9262,-0.4953,-0.814,0.4797,1.2057,-0.5887,3.2271,-0.7476
-0.7593,-0.3373,1.6434,4.1782,-0.0549,1.3928,0.2503,-0.6558,-0.3041,-0.9003,0.6683,1.2406,-0.6518,3.0044,-0.6884
-0.9068,-0.5842,1.7827,3.4035,0.6927,1.2603,0.5172,-0.6409,-0.4281,-0.865,0.5376,1.4606,-0.2993,3.3315,-0.4883
-0.8936,-0.0699,1.3222,3.6724,0.9955,1.2591,0.8361,-0.4598,-0.4515,-1.2133,0.6782,1.6405,-0.3252,3.3365,-0.3356
-0.6629,-0.1743,1.261,3.8944,0.7627,1.3823,0.6459,-0.9378,-0.5851,-1.1082,0.7911,1.4659,-0.2165,3.0433,-0.0584
-1.1714,-0.1894,1.5039,3.3595,0.6351,1.4048,0.6634,-0.8711,-0.4945,-1.0278,0.751,1.5418,-0.6422,2.8809,-0.2363
-1.3168,-0.2033,1.5163,3.5432,0.7534,1.3775,0.8707,-0.592,-0.4924,-0.846,0.7299,1.576,-0.363,2.7693,-0.0665
-1.0727,-0.1951,1.2779,3.4442,0.9049,1.6904,0.8242,-0.4895,-0.5635,-0.8493,0.7255,1.4511,-0.1383,3.0158,-0.0113
-0.6294,-0.9119,1.4466,3.16,0.6829,1.8002,0.937,-0.538,-0.3932,-1.1156,0.6208,1.2757,0.1166,3.292,-0.1575
-0.1898,-0.8099,1.4275,3.1444,0.9484,1.7315,0.5603,-0.7752,-0.734,-1.4314,0.5316,1.6688,0.1852,3.6198,-0.0115
-1.0389,-0.6446,1.2974,3.5642,1.0459,1.7432,0.7906,-0.7406,-0.7053,-1.1219,0.2931,2.035,0.0368,3.5955,-0.1233
-0.8467,-0.3098,1.1527,3.3002,0.8738,1.5013,0.786,-0.5953,-0.4949,-1.1703,0.6099,2.0143,-0.2784,3.4055,-0.3867
-0.6169,-0.4181,1.0449,3.639,0.9012,1.3462,0.7906,-0.5231,-0.5903,-1.323,0.5477,1.8627,-0.127,3.0162,-0.2331
-0.8331,-0.3798,1.262,3.495,0.7069,1.3468,0.837,-0.4706,-0.4243,-1.0413,0.6361,1.9233,-0.3905,2.6598,-0.2576
-0.755,-0.2109,1.363,3.4275,0.909,1.1992,0.6264,-0.4707,-0.7264,-0.7499,0.7813,1.9129,-0.8572,2.1465,-0.2827
-0.7759,-0.2191,1.025,2.6945,0.9796,1.1231,0.9247,-0.4205,-0.9992,-0.2384,0.8878,1.5102,-0.8182,1.9983,-0.1384
-0.9959,-0.2384,1.0084,3.3926,0.6453,1.5321,0.607,-0.1022,-1.2694,-0.2701,1.1088,1.0981,-0.5305,1.951,-0.2439
-0.7372,-0.2586,1.4088,4.0715,0.4962,2.1554,0.4888,-0.2659,-1.2348,0.0221,1.0309,0.7021,-0.6729,2.2061,-0.3921
-0.5952,0.0013,1.2017,4.1178,0.6505,2.588,0.6283,-0.7117,-0.9739,-0.3646,1.2765,0.4798,-0.4714,2.9035,-0.2268
-0.2341,0.0378,1.3715,3.5059,0.5151,2.3405,0.6592,-0.7157,-1.2748,-0.3877,0.7306,0.5569,-1.0849,3.2603,-0.824
-0.8565,0.0081,1.3475,3.8327,0.0971,2.1619,0.3671,-0.218,-0.5902,-0.8472,0.8354,0.5689,-1.3135,3.089,-1.019
-0.5883,0.1449,1.5358,4.3084,0.6057,1.5749,0.5867,-0.5507,-0.499,-1.1509,0.6049,0.6399,-0.7234,3.6194,-0.7268
-0.9795,-0.2146,1.2619,3.9691,0.738,1.2469,0.5635,-0.8024,-0.6627,-1.2285,0.3569,0.8015,-0.8646,3.9172,-0.6038
-1.0865,-0.3025,1.3941,4.054,0.6327,1.169,0.521,-0.7324,-0.6544,-1.1459,0.2313,1.3154,-0.6073,3.8025,-0.2177
-1.188,-0.2993,1.6351,4.3684,0.6411,1.3929,0.6541,-0.592,-0.5095,-1.0903,0.2989,1.7031,-0.3691,3.6426,-0.1124
-1.2352,-0.1512,1.3581,4.218,0.9515,1.4027,0.5337,-0.8088,-0.9487,-0.6874,0.3447,1.5557,-0.0389,3.5822,-0.1579
-1.3213,-0.2725,2.0058,4.0661,1.1533,1.8821,0.443,-0.955,-1.3529,-0.4632,0.3539,1.1735,-0.2276,3.7985,-0.1575
-1.0813,-0.5579,1.6853,4.1941,0.5678,2.1848,0.6035,-0.777,-1.5148,-0.123,0.3675,1.4218,0.146,4.2508,-0.3237
-0.8831,-0.6551,1.5751,3.8111,0.4267,2.7574,0.7364,-0.7534,-0.997,-0.7836,0.509,1.347,0.2102,4.105,-0.6654
-0.4584,-0.5157,1.062,3.6447,0.4254,2.1372,0.6946,-0.8399,-1.2695,-0.5481,0.5071,1.5659,0.2872,4.3557,-0.9628
-0.5711,-0.2011,0.8097,3.7579,0.0432,2.0183,0.723,-0.9376,-1.5545,-0.4186,0.3262,1.6202,0.1059,4.068,-1.0882
-0.7139,-0.3059,1.2018,4.2339,-0.1231,2.1633,0.7444,-0.7393,-1.1675,-0.8406,0.8572,1.4822,-0.2652,3.4557,-1.2727
-0.8992,-0.4679,1.7436,4.1472,0.0387,1.8148,1.4101,-0.7697,-1.1184,-0.9758,0.4754,1.498,-0.5476,3.3061,-1.4365
-1.0353,-0.4665,1.4735,4.3972,-0.1916,1.4892,0.9957,-0.3381,-0.8617,-0.5838,0.425,1.9414,-0.7315,3.1789,-1.3985
-0.6615,-0.1303,1.5929,3.9322,-0.0656,1.0678,1.0241,-0.4233,-0.7159,-0.2796,0.6094,1.5788,-0.462,2.8949,-1.1156
-1.1947,-0.5243,1.0989,4.4085,0.1622,1.2045,0.8888,-0.4934,-1.0102,0.0092,0.658,1.265,-0.2811,3.0428,-0.8645
-1.1921,-0.6059,1.381,4.4715,0.1879,1.6547,0.5558,-0.5552,-0.996,0.1251,0.8003,0.8346,-0.3281,3.1271,-0.784
-1.3171,-0.9941,1.6058,4.9176,0.46,2.327,0.4933,-0.8318,-1.3068,0.0422,0.9376,0.6066,-0.1448,3.6286,-0.7521
-1.156,-0.9236,1.3057,4.4836,0.4635,2.5894,0.4506,-1.0253,-0.8941,-0.2823,1.0102,1.0329,0.2958,4.2775,-0.7804
-0.7796,-0.7038,1.7317,4.1443,0.682,2.3786,0.188,-0.6164,-1.0167,-0.4566,0.9815,1.3981,0.3022,4.4036,-0.8914
-0.413,-0.2374,1.5867,3.4575,0.5053,1.8978,0.6478,-0.404,-1.1352,-0.4256,0.9519,1.3423,-0.122,4.4064,-0.9189
-0.6001,-1.202,1.5121,3.3824,0.343,1.6947,0.7777,-0.3043,-1.0685,-0.5027,0.8075,1.1479,-0.0611,4.0953,-0.7125
-0.7217,-0.9311,1.3169,3.6694,0.6172,1.6258,1.1283,-0.0941,-0.8342,-0.7529,0.6434,1.5033,-0.4608,4.0437,-0.4002
-0.8613,-0.54,1.7544,3.7122,0.6776,1.722,0.601,-0.0276,-0.8118,-0.7201,0.5881,1.662,-1.0049,3.2934,-0.2334
-1.182,-0.2082,1.9954,4.2045,0.8414,1.7032,0.4344,-0.552,-1.2535,-0.3756,0.6568,1.429,-0.7947,3.0785,-0.1232
-0.9834,-0.4984,1.7522,3.1638,0.6676,1.6498,0.4811,-0.6357,-1.026,-0.5448,0.6754,1.1506,-0.1917,3.236,-0.0347
-0.8368,-0.3917,2.7133,3.1967,0.6346,1.6677,0.5374,-0.8438,-1.133,-0.4966,0.568,1.1465,-0.0803,3.4771,0.1227
-0.7654,-0.5166,2.0956,3.3568,0.8608,1.6342,0.6464,-0.7945,-1.0644,-0.6625,0.6901,1.0243,-0.0387,4.1246,0.169
-0.7563,-0.5338,1.2928,3.5578,0.6493,1.9003,0.5937,-0.6286,-0.7907,-0.6565,0.7537,1.2751,-0.2212,4.1068,0.1878
-0.7764,-0.4486,1.1896,3.4816,0.9408,1.9253,0.5822,-0.5302,-0.9667,-0.8927,0.8671,1.4075,-0.3073,3.4621,0.1478
-0.4165,-0.1507,1.5103,3.0514,0.9556,1.4642,0.7757,-0.6519,-1.1612,-1.0503,0.8796,1.3071,-0.0777,3.0514,0.1778
-0.6295,-0.3384,2.5848,3.1189,0.6757,1.5848,0.5778,-0.5424,-1.1755,-0.6995,0.8142,1.3751,-0.0656,2.9247,0.1493
-0.6906,-0.6888,2.1514,3.3062,0.7315,1.8036,0.7215,-0.4482,-0.878,-0.9502,0.9653,1.3905,0.1205,3.5133,0.0543
-0.661,-0.3823,1.9065,3.3275,0.8418,1.617,0.8178,-0.5023,-0.91,-1.2119,0.5979,1.4932,-0.2081,3.6144,0.1552
-0.8435,-0.2297,2.0557,3.878,0.8596,1.6252,0.7441,-0.699,-0.8867,-0.899,0.5796,1.4871,-0.163,3.7001,0.2185
-0.9044,-0.2786,1.8087,3.452,0.8256,1.7097,0.5732,-0.8599,-1.0112,-0.8527,0.8198,1.4285,0.0026,3.7285,0.3322
-1.0864,-0.6257,1.5124,3.0887,0.936,1.8626,0.9115,-0.7901,-1.1902,-0.9702,0.6343,1.5638,0.2683,3.984,0.3581
-1.2298,-0.4625,1.6779,3.0647,0.5828,1.9401,0.9686,-0.715,-1.6207,-0.7944,0.564,1.5583,0.2847,3.9378,0.1495
-0.681,-0.3562,1.9294,3.0637,0.5597,2.2274,0.5128,-0.6031,-1.6411,-0.7876,0.556,1.5082,0.0946,3.8417,0.0509
-0.4171,-0.3639,2.0132,3.0885,0.5976,2.219,0.6403,-0.6309,-1.5599,-0.8684,0.6034,1.2862,0.5159,4.179,-0.0521
-0.3023,-0.3937,4.5767,3.0897,0.1102,2.0428,0.777,-0.5635,-1.5894,-0.9127,0.4998,1.6043,0.0088,4.3893,-0.0506
-0.5716,-0.2691,3.0431,3.3202,0.1069,2.0807,0.7442,0.0771,-1.0983,-0.7923,0.5993,1.6413,-0.4218,5.0455,0.0118
-0.4618,-0.2238,1.7372,2.8985,0.3655,1.928,0.8382,0.0735,-0.7667,-0.9857,0.8433,1.5339,-0.5623,4.6676,0.0355
-0.4685,-0.2953,1.5571,2.2982,0.7607,1.5066,1.2022,0.0873,-0.4504,-0.4735,0.9242,1.3636,-0.7312,3.79,0.063
-0.4267,-0.1625,1.5716,2.5131,0.5343,1.3312,0.9417,0.5438,-0.7998,-0.4494,1.0883,1.3094,-1.2236,2.9279,0.0481
-0.7395,-0.1453,1.664,2.1556,0.3868,1.2523,1.3036,0.4159,-0.526,-0.5493,1.1231,1.1244,-1.1316,2.086,0.1898
-0.7782,-0.1019,1.6345,2.0238,0.4395,1.1195,1.2462,0.5821,-0.6625,-0.4706,0.9898,1.0482,-1.1083,1.9129,0.1635
-0.6456,0.1503,2.0186,2.2297,0.6478,1.1618,0.8137,0.7352,-0.5721,-0.6062,1.1911,1.2628,-1.1804,1.8535,0.3522
-1.0093,0.0377,2.0161,2.5749,0.7719,1.3642,0.7087,0.5707,-0.5301,-0.7944,1.2068,0.8487,-0.8221,1.9711,0.3999
-1.0104,-0.0613,1.8797,2.6049,0.7337,1.4121,0.8781,0.3713,-0.954,-0.8531,1.0193,0.6801,-0.2827,2.4434,0.3735
-0.9241,0.0728,1.383,2.7534,1.0335,1.545,0.5952,0.233,-1.14,-0.4139,0.9582,0.7609,-0.4362,2.8244,0.4261
-0.9795,0.1374,1.8062,2.6456,0.9445,1.9518,0.5205,-0.0639,-1.0889,-1.0534,1.2017,0.4544,-0.6755,2.6322,0.4734
-0.592,0.0323,1.8324,2.6919,0.8895,2.136,0.494,-0.0942,-1.087,-1.2786,0.9323,0.9086,-0.5064,2.9017,0.4719
-0.5104,0.0836,1.6964,2.367,0.986,1.9574,0.3936,-0.0948,-0.92,-1.4571,0.7852,1.1718,-0.7154,2.7276,0.2424
-0.4294,-0.0704,2.0294,2.4511,0.8758,1.4999,0.3215,0.1139,-0.4509,-1.4966,0.6073,1.4206,-0.7408,2.0638,0.1338
-0.8823,-0.0492,2.104,2.3824,1.5367,0.983,0.7303,0.2911,-0.3605,-1.4895,0.4781,1.458,-0.5959,2.1487,0.25
0.0282,0.3425,1.7746,2.0985,1.5694,0.5197,0.5309,0.1995,-0.5619,-1.6584,0.5716,1.324,-0.8529,1.8006,0.6055
-1.0715,0.3934,1.2293,1.9449,1.3601,0.393,0.5599,-0.4902,-1.0401,-1.1947,0.6893,1.1057,-1.0551,1.7009,0.8359
-1.1855,0.1468,1.798,1.9849,1.2674,0.4999,0.3879,-0.1454,-0.8734,-0.2918,0.6988,0.8757,-0.8102,1.5076,1.2349
-1.2839,0.134,1.7702,1.6755,1.5051,1.1603,0.624,0.0975,-1.1215,-0.6036,1.0402,0.5129,-0.6625,1.7444,1.6643
-0.7396,0.1946,1.8488,1.6569,1.5528,1.7489,0.3973,0.0339,-0.8797,-1.3177,1.3382,0.3522,-0.0722,2.5907,1.7449
-0.2144,0.6532,1.4679,1.74,1.6858,1.8513,0.5516,0.1718,-0.4395,-1.8899,1.1595,0.6547,-0.6179,2.7641,1.5219
-0.156,0.3491,1.7161,1.7098,2.2159,1.4232,0.572,0.1557,-0.7708,-2.0793,0.738,0.9548,-0.9851,2.2853,1.557
-0.1224,0.7759,1.5075,1.5517,1.8868,1.0933,0.5982,0.2732,-0.7315,-1.845,0.4576,1.3986,-1.2374,1.7747,1.6392
-0.2769,0.4031,2.3134,1.2643,1.4685,1.1141,0.5982,0.2705,-0.4583,-1.8832,0.361,1.1062,-1.4346,0.9987,1.5509
-0.3614,0.4352,2.4851,1.2406,1.8363,0.9682,0.6378,0.5486,-0.7358,-1.6403,0.1283,1.2136,-1.3187,0.884,1.5556
-0.464,0.1762,2.5643,1.5727,1.825,1.0377,0.4375,0.4972,-0.5544,-1.779,0.2843,1.1345,-0.9252,1.2363,1.6342
-0.5508,0.299,2.452,1.3589,1.6751,0.9834,0.5689,0.6629,-0.7444,-1.6991,0.2314,1.1704,-1.4392,1.2179,1.6319
-0.5967,0.1841,2.3222,1.6874,1.383,0.9288,0.0459,0.5806,-1.2348,-1.6267,0.1735,1.0319,-1.034,1.6513,1.8145
-0.7209,0.4044,2.6537,1.7002,1.428,1.1862,0.5635,0.317,-1.1844,-1.5641,0.0566,1.0169,-1.0049,1.737,2.1341
-0.5444,-0.0947,2.525,1.4372,1.2849,1.7522,0.8176,0.1935,-1.2522,-1.827,-0.1264,0.8577,-0.5345,2.1326,2.163
-0.5552,0.0172,2.1916,1.3549,1.3198,1.865,0.8976,0.2434,-1.2521,-1.8841,-0.2286,1.1601,-1.018,2.1627,1.8186
-0.0275,0.4421,2.2963,1.2139,0.9529,1.69,0.6151,0.2693,-1.1053,-2.2775,-0.2986,1.2551,-0.9459,1.892,1.6689
-0.0277,0.0763,2.1794,1.0918,0.7169,1.5734,0.8969,0.3816,-0.9683,-2.2961,-0.3556,1.3472,-1.0379,1.8343,1.3598
-0.3908,0.1661,2.3756,1.3981,0.7105,1.4135,0.8225,0.6246,-1.0046,-2.0812,-0.2763,1.6758,-1.2162,1.4263,1.2204
-0.4116,0.0727,2.4059,1.5333,1.2479,1.2539,0.8042,0.8475,-0.8817,-1.9483,0.0384,1.616,-1.4362,1.2476,1.1593
-0.281,0.2972,1.3485,1.9127,1.2262,1.1096,0.9259,0.7788,-0.984,-1.7185,0.0677,1.5832,-1.5611,1.0174,1.0877
-0.9527,-0.2511,1.7175,2.0289,0.8597,1.3203,0.4418,0.5304,-1.2828,-1.4356,0.1571,1.4537,-1.2746,0.5716,0.851
-0.8062,-0.0662,1.9794,2.7584,1.4462,1.7314,0.6808,0.3733,-1.2745,-1.2171,0.1815,1.3366,-0.82,0.7668,0.8971
-0.5063,-0.2865,1.9142,2.7219,1.0127,2.2187,0.4833,0.7006,-1.3349,-1.3375,0.6432,1.5795,-0.6919,1.261,0.6357
-0.2965,-0.3201,1.797,2.4787,0.6618,2.359,0.5172,0.5306,-1.5649,-1.3896,0.5785,1.5708,-0.4141,1.3234,0.0373
-0.1444,-0.0717,1.9469,3.0515,0.4483,2.4104,0.9667,0.091,-1.4187,-1.7364,0.5529,1.321,-0.6555,1.4154,-0.5064
-0.0062,0.1477,1.8815,2.6635,0.1469,1.6023,0.7204,0.2162,-0.7299,-1.9997,0.538,1.4124,-1.4348,1.3643,-0.9411
-0.2746,0.0481,1.6981,2.8968,0.1362,0.9782,0.5919,0.3502,-0.7886,-1.9586,0.3613,1.6478,-1.4487,0.9204,-0.5964
-0.7326,-0.4245,2.0784,3.2008,0.3275,0.6785,0.5791,0.5603,-0.6674,-1.7431,0.5548,1.5498,-1.3126,0.9235,-0.1012
-1.1659,-0.3782,2.0379,2.9582,0.353,0.6747,0.6822,0.2442,-0.8373,-1.4954,0.4185,1.7877,-0.735,1.2115,0.1692
-1.3724,-0.1336,2.1806,3.3039,0.6089,1.1607,0.2637,0.4924,-0.6716,-1.2746,0.6014,1.4778,-0.5434,1.4708,0.3144
-1.1173,0.0383,2.195,2.7479,0.832,1.281,0.3575,0.2968,-0.5809,-1.4644,0.9664,1.1078,-0.6031,1.7856,0.256
-1.0079,-0.0434,2.1641,2.5331,0.8649,1.1668,0.5721,0.3543,-0.809,-1.3792,1.0106,0.9969,0.1139,2.5803,0.584
-1.3054,0.0764,2.4257,3.3826,0.7297,1.5037,0.3858,0.2597,-1.1381,-0.9822,0.9595,0.8019,-0.2201,2.9999,0.692
-1.0243,0.1097,2.1649,3.4224,0.8978,2.1361,0.3571,0.1726,-1.0303,-1.4134,0.9421,0.5023,-0.4574,3.3269,0.8682
-0.7253,-0.7465,1.9106,3.3471,1.0748,2.6417,0.3579,0.0226,-0.7391,-1.8234,0.7105,0.6391,0.055,4.0405,1.0523
-0.414,-0.2526,2.0613,3.0315,0.8221,2.6275,0.2217,0.0973,-0.9052,-1.9841,0.4728,1.3486,-0.2957,3.8356,0.7786
-0.2781,-0.2702,1.8374,2.6268,0.9114,2.3133,0.2222,-0.0479,-1.2749,-1.9173,0.4171,1.4327,0.2208,4.0976,0.7495
-0.1348,-0.188,1.8546,2.1763,0.7871,2.0939,0.2877,0.0936,-1.6264,-1.8344,0.2517,1.6858,-0.4089,3.5036,0.5174
0.1157,-0.033,1.8763,2.1356,0.614,1.9713,0.4441,0.2125,-1.5156,-1.9676,0.2577,1.5904,-1.0509,2.8932,0.3898
-0.0271,-0.0428,1.744,2.7874,-0.1461,1.9206,0.4717,0.1338,-0.8386,-2.1404,0.2948,1.4915,-1.1319,2.289,0.2815
-0.2771,-0.0619,2.2641,2.7845,0.2385,1.5494,0.5159,0.1414,-1.0805,-2.0213,-0.0935,1.4436,-1.1158,2.0052,0.1794
-0.5219,-0.3626,2.1711,2.5971,0.435,1.6219,0.5,0.2065,-1.0951,-1.9908,-0.0772,1.0374,-0.9694,2.003,0.274
-0.5954,0.0364,1.9543,2.2575,0.4326,1.3728,0.6367,0.5639,-1.5633,-1.7443,-0.2063,1.4377,-1.0555,2.2689,0.3642
-0.5472,-0.119,2.1059,2.7092,0.0697,1.6807,0.4489,1.0713,-1.7874,-1.1863,-0.0661,1.4426,-1.2777,1.908,0.7915
-0.6495,0.1777,2.1258,2.7373,-0.0206,2.3957,0.6681,0.6324,-2.2058,-0.9521,-0.1113,1.0305,-1.4001,1.849,0.1287
-0.4208,0.011,1.8874,2.9714,-0.5876,2.9154,0.4942,1.0232,-2.0047,-0.9176,-0.0021,0.5758,-1.3886,1.9768,-0.291
-0.1471,-0.109,1.6121,3.1333,-0.5518,3.0876,0.4542,0.7512,-1.7342,-1.1198,0.1609,0.3947,-1.2129,2.3026,-0.7583
0.169,0.0618,2.3784,3.3394,-0.3617,2.9182,0.431,0.7426,-1.3772,-1.4986,0.2108,0.4773,-1.4202,2.0988,-1.3898
0.0918,0.1784,1.6692,3.6386,-0.829,2.481,0.465,0.6587,-0.9177,-2.0973,0.0561,0.6506,-1.465,2.4001,-1.6883
-0.3041,0.0591,1.6927,4.6236,-0.3991,1.6989,0.0332,0.1315,-1.4089,-2.4228,0.09,0.5417,-1.0321,2.6369,-1.4098
-0.6736,-0.1294,1.7019,4.6675,-0.2119,1.3232,0.0063,-0.261,-1.0971,-2.0018,-0.0909,0.8234,-0.8725,2.6878,-0.9175
-1.2049,0.1618,1.5982,4.5639,0.0303,1.1452,-0.223,-0.1835,-1.1666,-1.4651,-0.1001,0.9763,-0.5362,2.9868,-0.6253
-1.4139,-0.1496,2.1927,5.1383,-0.0392,1.8256,-0.7181,-0.4525,-1.8607,-1.0297,0.1723,0.7235,0.0216,3.1976,-0.2309
-1.2743,-0.4756,2.0847,4.0187,0.0891,2.4847,-0.4186,-0.7729,-1.7115,-1.0988,0.8126,0.0375,0.3925,4.0781,-0.4087
-0.6311,-0.2306,2.432,3.9657,0.1625,2.6851,0.0547,-0.308,-1.3721,-1.563,0.6351,0.4826,0.1521,4.4441,-0.4977
-0.3427,0.0033,2.3253,3.4095,0.4938,2.3576,0.0081,-0.1098,-1.0917,-2.0004,0.5264,0.8052,0.0049,4.4333,0.5369
-0.0384,-0.1708,2.5551,2.8064,0.2922,2.1059,0.1128,-0.2828,-0.9062,-2.3296,0.3605,0.9797,-0.1594,4.2942,0.5776
0.122,-0.0533,2.689,2.6467,0.4079,1.785,0.3974,0.288,-0.9394,-2.3483,0.0145,1.4598,-0.3317,3.8944,0.6416
-0.4886,-0.2138,2.6475,2.5353,0.6137,1.4788,0.37,0.3084,-1.1727,-2.0453,-0.3126,1.8266,-0.4726,3.062,0.7757
-0.2753,-0.003,2.8912,2.3945,0.8812,1.5755,0.4269,0.771,-0.8579,-1.6438,-0.0498,1.7301,-0.4415,2.6768,0.9528
-0.4413,-0.4744,2.9069,2.5573,1.0138,1.9895,0.165,0.7067,-1.0399,-1.6468,0.229,1.5305,-0.5766,2.4148,0.9189
-0.0248,-0.1377,2.2673,2.8416,0.9779,2.2194,-0.1085,0.7894,-1.0529,-1.7366,0.4975,1.5357,-0.938,2.2398,0.7141
0.0081,0.1294,2.3737,2.7918,0.8076,2.2945,0.1174,0.3398,-1.6269,-1.7033,0.3829,1.4393,-0.6779,1.9421,0.7191
0.2452,0.5329,2.7775,3.7775,0.5846,2.6508,-0.268,0.271,-1.344,-1.7796,0.4792,1.3844,-0.8974,1.6574,0.4904
0.099,0.393,2.8563,2.6671,0.8402,2.2408,-0.067,-0.1724,-1.733,-1.5747,0.1061,0.8915,-0.6933,1.8415,0.2349
0.1035,0.1464,2.2146,2.8048,0.1205,2.1994,-0.0657,0.132,-1.5085,-1.1125,0.0382,0.8719,-0.8242,2.0576,-0.0657
0.4014,-0.1376,2.6236,2.752,0.0714,2.2398,0.1427,-0.1272,-1.5633,-1.2585,0.2396,0.6983,-0.4011,2.2402,0.0338
0.3748,0.0522,2.241,2.658,0.2258,2.2355,0.1846,0.1308,-1.6404,-1.1189,0.087,1.0051,-0.5478,2.567,-0.0192
0.3618,0.0973,2.4127,3.0436,0.1017,2.3651,0.1108,0.1879,-1.2927,-1.5508,0.0715,0.8695,-0.51,2.4546,-0.0079
0.4479,-0.0614,2.344,2.6276,-0.0715,2.1676,0.1192,0.394,-0.9904,-1.4308,0.0105,1.0349,-0.6793,2.394,0.0419
0.6179,0.2968,2.8468,2.7226,0.4066,2.0844,0.1507,0.5836,-1.1878,-1.7281,0.0525,1.0475,-0.7924,2.0204,-0.2685
0.2989,0.3837,2.5398,2.8227,0.2417,1.7914,0.0348,0.5264,-1.2918,-1.6691,0.2483,0.9619,-0.975,2.1283,-0.1941
-0.1198,-0.0164,2.0411,2.2193,0.2737,1.6089,0.2276,0.5111,-1.2315,-1.311,0.1525,0.96,-0.5942,2.431,0.0043
-0.249,-0.1628,2.7245,2.708,0.3026,1.774,0.1672,0.3891,-0.8394,-1.3553,0.6164,0.9505,-0.2938,2.383,-0.0794
-0.1514,-0.245,2.5183,2.6186,0.4044,1.7815,0.1418,0.1521,-1.0747,-1.7415,0.6205,0.9072,-0.1776,2.6716,-0.0664
-0.0399,-0.2258,2.1163,2.8179,0.4479,1.7258,0.1857,0.4255,-1.3776,-1.3833,0.2492,1.1299,0.0964,3.0571,0.0715
0.0572,0.1547,2.2947,2.8763,0.4095,1.7568,-0.0703,0.2678,-1.1102,-1.3385,0.3635,1.0019,-0.4819,2.7059,0.1481
-0.0147,-0.2989,2.5559,3.2309,0.5384,2.0771,-0.0604,0.4658,-1.1739,-1.3679,0.5728,0.9537,-0.6841,2.5828,0.2603
-0.0843,-0.1603,2.6162,3.2175,0.6699,2.5175,0.0384,0.38,-1.0405,-1.6899,0.5862,1.2792,-0.75,2.4066,0.1378
0.0875,-0.2645,2.4589,2.9833,0.9213,2.3973,-0.1372,0.3196,-1.1904,-2.013,0.5058,1.3979,-0.3729,2.4145,0.0222
0.0286,-0.1253,2.5743,2.6571,0.5278,2.1138,0.1832,0.0661,-1.1102,-1.9055,0.3451,1.6326,-0.194,2.3039,-0.1271
0.0347,-0.0352,2.4469,2.8668,0.5463,1.8602,-0.1021,0.8403,-0.9432,-1.7603,0.4904,1.9123,-0.5469,1.9923,-0.2776
-0.032,-0.149,2.2008,3.171,0.5335,1.7542,-0.0433,0.6574,-0.7554,-1.9696,0.6155,1.4507,-0.8354,1.5653,-0.2403
-0.2736,-0.0777,1.8497,2.7508,0.6914,1.7386,0.1607,0.3122,-0.6149,-1.7469,0.6635,1.332,-0.6562,1.4187,-0.0992
-0.1665,0.6084,1.7659,2.6803,0.7237,1.1444,0.1317,0.5154,-0.53,-1.5819,0.3734,1.3793,-1.0173,0.9991,-0.1713
-0.7213,-0.0259,2.1309,2.9979,0.5878,1.3143,-0.0591,0.228,-0.6801,-1.7117,0.4586,1.0276,-0.5611,1.1423,0.1713
-0.8343,0.1576,2.3904,2.9613,0.5456,1.5295,-0.1317,0.3483,-0.5484,-1.8317,0.4288,1.076,-0.2934,1.5805,0.1876
-0.7543,0.6195,2.2477,2.9694,0.9844,1.4654,-0.2151,0.3739,-0.9988,-1.6547,0.3721,1.3937,-0.4763,1.5944,0.3416
-0.6187,0.459,1.9452,3.2599,0.918,1.9238,-0.4077,0.2994,-1.2866,-1.5611,0.4094,1.0182,-0.3036,1.7736,0.5616
-0.7817,0.3273,2.8709,3.141,0.7382,2.399,-0.341,-0.1028,-1.1533,-1.8813,0.4762,0.6836,-0.1801,1.7431,0.2928
-0.5075,0.481,2.6341,2.8229,0.7722,2.2991,-0.0761,-0.0096,-1.3049,-1.5898,0.6423,0.9754,0.1668,2.4966,0.0984
-0.4449,0.5796,2.2375,2.8216,0.3787,2.0607,-0.3088,-0.0303,-0.9,-1.3119,0.6474,0.7257,-0.2135,2.6947,-0.1571
-0.4922,-0.0352,1.4887,2.7997,0.2739,2.2344,-0.2794,-0.0039,-0.8414,-1.7065,0.8451,0.5987,-0.3119,2.6944,-0.4211
-0.5289,0.1954,1.9562,3.0108,0.2408,2.0413,-0.088,0.2947,-1.0596,-1.7698,0.6259,0.8302,-0.4969,2.278,-0.2434
-0.5278,0.2538,2.0904,2.8266,0.1713,1.7857,0.0097,0.1748,-1.3807,-1.37,0.5606,1.1674,-0.3625,2.3681,-0.5749
-0.359,0.3817,2.2095,3.3747,-0.0321,1.956,-0.4214,0.2747,-1.296,-1.5745,0.6219,1.0958,-0.4478,1.859,-0.5983
-0.4121,0.2521,2.2484,3.4458,0.0973,2.1697,-0.0087,-0.077,-1.5868,-1.6011,0.5224,0.8406,-0.3954,1.9543,-0.4963
-0.6172,0.3585,2.2638,3.2112,-0.0125,2.2329,-0.2415,-0.6067,-1.5364,-1.4263,0.3399,0.7544,-0.1157,2.3235,-0.7073
-0.5933,0.5156,2.1006,3.3604,-0.2846,2.4541,-0.2381,-1.3667,-1.618,-1.4046,0.3688,0.633,0.1407,2.8627,-0.9753
-0.551,0.3471,1.9746,3.5656,-0.145,2.5733,-0.1315,-0.8503,-1.3642,-1.6174,0.4363,0.7154,0.1513,3.0762,-1.1547
-0.4797,0.3232,2.0153,3.6528,-0.2301,2.3284,-0.1913,-0.1489,-1.4106,-1.8749,0.4298,0.9126,-0.0895,2.9517,-1.3686
-0.3792,0.6442,2.2715,3.6723,0.0958,1.9346,0.0215,-0.2845,-1.3221,-1.8731,0.3544,1.0026,-0.4436,2.5285,-1.4277
-0.5504,0.5105,2.0712,3.9015,-0.0809,1.7428,-0.2215,0.2923,-1.3054,-1.7158,0.0942,1.1741,-0.5922,2.4005,-1.0352
-0.8836,0.1084,1.8931,3.8754,-0.2228,1.8347,0.0469,0.0334,-1.052,-1.7415,0.4755,1.0176,0.0667,2.547,-0.8721
-1.1337,-0.0429,2.3867,3.8184,0.2799,2.0593,-0.0924,-0.2262,-1.2421,-1.5585,0.2523,1.0118,0.5014,2.5649,-0.8862
-0.9422,0.2345,2.1795,3.5993,0.575,2.2852,-0.0601,-0.1141,-1.2382,-1.8264,0.3246,1.281,0.5335,3.1551,-0.855
-0.5372,0.266,2.1063,3.7426,0.5404,2.242,0.0892,-0.0759,-0.7517,-2.2185,0.4538,1.3096,0.1935,3.0168,-0.7886
-0.7028,0.374,1.8883,3.8074,0.654,1.9448,-0.1437,-0.2161,-1.0558,-2.7191,0.3362,1.5904,0.0364,2.6445,-0.6218
-0.915,0.1593,2.0769,3.5294,0.2044,1.613,-0.2399,-0.2732,-0.9534,-2.2379,0.1921,1.713,0.1347,2.5145,-0.7546
-0.7566,0.4452,2.1864,3.3992,0.4974,1.5652,0.0982,-0.2629,-1.1548,-2.1567,0.3791,1.6747,0.2163,2.4457,-0.5651
-0.8959,0.7554,2.2165,3.1642,0.655,1.3721,0.1076,0.0649,-1.1049,-1.705,0.3994,1.5933,-0.0505,2.0836,-0.3331
-0.8258,0.5654,1.9969,3.0047,0.7374,1.4122,0.227,0.2494,-0.9421,-1.8058,0.6069,1.129,-0.5691,1.6673,-0.1548
-0.931,0.3358,1.4877,3.1505,0.7295,1.6526,0.2865,0.2391,-1.3431,-1.754,0.5135,1.0598,-0.3646,1.7417,0.2214
-1.0559,-0.133,1.6973,2.8012,0.5131,2.0575,0.1449,0.1182,-0.8248,-1.8127,0.7071,0.9034,0.0323,1.9089,0.0471
-0.6669,0.4953,2.2177,2.6362,0.8424,1.9609,0.1764,-0.1135,-0.8984,-2.119,0.7544,1.2235,0.1733,2.0165,-0.1343
-0.4556,0.2478,2.0756,2.4192,0.9518,1.6732,0.3528,-0.0486,-0.766,-1.8317,0.5909,1.2385,0.2733,2.3199,-0.2576
-0.235,-0.0787,2.2908,1.9901,1.0239,1.3535,0.151,0.0638,0.1576,-2.4254,0.7206,1.3384,0.5836,2.4301,-0.0839
-0.2016,0.1858,1.9288,1.8174,1.3795,0.7987,0.1743,0.1867,-0.3347,-2.1129,0.538,1.6263,-0.0506,2.35,-0.0557
-0.3674,-0.1332,2.0887,2.16,1.5701,0.8739,0.0372,0.6189,-0.4129,-2.1006,0.643,1.7255,-0.4122,1.8777,0.6529
-0.7575,-0.9962,2.4702,1.7871,1.729,1.4073,-0.046,-0.0249,-0.596,-1.8219,0.8095,1.6641,0.3491,1.5974,0.9787
-0.2594,-0.0342,2.5538,2.0115,2.2489,1.6661,-0.0069,0.0321,-0.7396,-1.9285,1.0078,2.1858,0.3482,1.584,1.0785
-0.2307,0.3493,2.0844,1.8033,2.0258,1.9105,-0.3291,-0.0764,-0.9782,-1.9494,1.0471,1.9316,0.3389,1.7396,0.9549
0.0957,0.6718,1.8798,1.2516,1.765,1.9565,-0.0305,0.3643,-1.209,-2.0093,1.0897,1.7033,-0.1176,1.2667,0.5943
0.2799,0.7079,1.8915,1.2044,1.0727,1.9354,0.1184,0.5493,-1.3889,-1.5677,0.6918,1.6051,-0.3484,0.8696,0.1976
0.4517,0.9322,1.6906,2.3622,0.6617,2.1984,0.053,0.6798,-1.4006,-1.8262,0.7545,1.5595,-0.8337,0.4494,0.1112
0.3396,0.3742,1.9256,1.921,0.4707,2.1906,0.2262,0.5048,-1.3087,-1.7131,0.7724,1.2426,-0.8184,0.2291,-0.2371
0.2182,0.335,2.3619,2.2676,0.3632,2.1513,0.3134,0.0458,-1.2381,-1.7564,0.6681,1.0731,-0.5286,0.3652,-0.4441
0.1534,0.527,1.9609,2.4368,0.3664,2.0179,0.1574,0.1148,-1.2292,-1.7723,0.4692,1.358,-0.323,0.99,-0.6031
0.0633,0.2269,1.9314,2.6698,0.1848,2.0281,0.1931,0.1574,-1.1127,-1.8859,0.5839,1.4021,0.247,1.3318,-0.6676
-0.0067,0.2723,2.2691,2.7808,0.4047,1.9951,0.0205,0.1126,-1.1958,-2.0497,0.6364,1.68,-0.0789,1.3499,-0.8218
0.0817,0.5162,2.3079,2.2247,0.3658,1.7029,0.3922,-0.151,-0.6572,-1.9543,0.6106,1.7157,0.1366,1.585,-0.7475
0.2155,1.2279,2.2914,2.9722,0.4326,1.486,0.0124,0.0796,-0.8896,-2.0585,0.6013,1.9336,-0.3621,1.58,-0.5922
-0.1895,0.8405,2.4382,2.8228,0.2189,1.4433,-0.0465,-0.0363,-1.355,-1.7746,0.588,1.5449,-0.4569,1.3459,-0.5638
-0.3937,0.4754,2.368,2.2653,0.1951,1.6723,0.3093,-0.0229,-1.3227,-1.5905,0.5562,1.1034,0.0141,1.7174,-0.516
0.0856,0.6311,1.7295,2.5746,0.0465,1.7431,0.133,0.3271,0.1645,-2.0378,0.8173,1.1892,0.2154,2.3295,-0.5671
0.1001,0.7591,2.7171,2.0502,0.7936,1.0486,0.2776,0.2692,-0.2346,-2.089,0.6765,1.207,0.1047,2.0637,-0.4531
0.1521,0.7952,2.5562,2.0446,0.7333,0.8661,0.2538,0.1952,-0.6043,-1.9392,0.5484,1.3325,-0.1094,2.3516,-0.0936
-0.1043,0.8295,2.462,2.0109,0.5206,0.8994,0.2235,0.3932,-0.8501,-1.7498,0.692,1.1314,-0.3741,2.2482,0.3277
-0.63,0.7674,2.6375,1.3794,0.9945,1.1153,-0.2613,0.8888,-0.8445,-1.6054,0.9595,1.205,-0.3565,2.3994,0.6824
-0.1419,0.6749,2.4502,1.7305,1.1003,1.6757,0.2626,0.9412,-0.9407,-1.7936,0.9302,1.0717,-0.482,2.3549,1.0839
0.1179,0.5024,2.9536,1.3714,0.9522,1.894,0.6125,0.7636,-1.1514,-1.7059,0.7093,0.9704,-0.291,2.4489,0.8772
0.2482,0.56,3.1742,1.2617,0.6641,2.0517,0.3399,0.9435,-1.1945,-1.541,0.7993,1.085,-0.5335,2.781,0.6873
0.4787,0.8376,2.7505,1.325,0.7914,2.2308,0.2202,0.8926,-1.1747,-1.2017,0.3654,1.0714,-1.0283,2.4899,0.6841
0.7703,0.7638,2.9003,1.0693,0.7229,2.2788,0.3627,0.848,-1.5056,-1.7842,0.6483,1.0078,-1.2095,2.1471,0.5742
0.9478,0.6177,2.8585,1.0927,0.4717,2.3808,0.4176,1.0737,-1.3836,-1.8019,0.4021,1.1232,-1.1321,2.1829,0.5677
0.9175,0.5062,2.9222,0.7633,0.7181,2.316,0.8113,1.2321,-0.9577,-2.3907,0.2625,1.256,-1.3415,1.8524,0.5787
1.0519,0.4008,3.1266,0.9941,0.8142,1.9715,0.3497,1.2271,-1.1184,-2.5354,-0.17,1.8777,-1.154,1.6295,0.4679
0.8349,0.2917,2.6373,1.2504,1.0454,1.5725,0.7382,1.3183,-1.1858,-1.8148,-0.1159,2.0328,-0.6189,2.1172,0.7484
0.8602,0.6455,2.5206,0.7325,1.1568,1.5746,0.8699,1.1613,-1.0194,-1.5036,0.2081,1.8108,-0.9035,1.6731,1.0579
0.7843,0.6752,2.681,0.9663,1.134,1.8174,0.8824,1.0777,-0.5742,-1.9965,0.5402,1.4976,-0.6698,1.4766,1.0279
0.7741,0.7303,2.5744,0.6546,1.2714,1.642,0.7718,1.0593,-1.078,-1.9711,0.4017,1.4962,-1.0762,1.2138,0.7955
0.6028,0.7594,2.2103,0.0133,1.7005,1.3151,1.1016,1.0015,-1.066,-1.98,0.0828,1.4817,-0.8963,1.0313,0.8002
0.6921,0.5864,2.1407,0.4104,1.1437,1.3829,0.9106,1.4576,-1.1249,-1.9868,0.2058,1.5017,-0.7736,0.9944,0.9205
0.5666,0.6787,2.3653,1.4404,0.8058,1.7775,0.5973,1.4749,-1.0693,-2.0165,0.3196,1.2254,-0.9113,0.7769,0.9377
0.4327,0.4308,2.7881,1.5753,0.5445,2.1749,0.7923,0.9845,-1.3582,-1.7229,0.1843,1.3583,-0.7892,1.3014,0.5899
0.2637,0.2516,2.8294,1.6957,0.6893,2.5009,0.5731,-0.3908,-1.6408,-1.5463,0.2662,0.9451,-0.642,1.5089,0.3533
0.737,0.1428,2.6037,1.8558,0.2562,2.8543,0.6993,0.0458,-1.4566,-1.7488,0.3362,1.4167,0.1282,2.4678,0.2188
1.1422,0.5926,2.3519,1.636,0.5335,2.5783,0.8109,0.6354,-1.2827,-2.1242,0.507,1.8925,0.019,2.6472,-0.1538
1.1548,0.4922,2.2694,1.8043,0.2508,2.3078,0.6233,0.7875,-1.575,-1.9018,0.858,1.7961,-0.5833,2.3035,-0.387
0.9829,0.93,2.0306,2.3586,0.0916,2.1644,0.4636,0.6891,-1.4345,-2.0484,1.0333,1.7463,-0.9939,1.7553,-0.4562
0.6146,0.8356,2.2724,1.9353,-0.0053,1.7591,0.5454,0.1779,-1.8508,-1.5661,0.6976,1.3406,-0.8689,1.4758,-0.5016
-0.0077,0.6678,2.1713,2.5208,-0.1067,2.1634,0.6922,0.3719,-1.4691,-2.0367,0.8214,1.2247,-0.6197,1.7693,-0.6095
0.3738,0.4786,2.2014,2.8514,-0.2028,2.2895,0.4551,0.3161,-1.0992,-2.2205,0.7153,1.7337,-0.4413,1.8886,-0.5459
0.3166,0.6627,2.4598,2.4956,-0.0377,1.8857,0.7452,0.3521,-1.1639,-2.7981,0.7725,1.8794,-0.7135,1.7486,-0.6246
0.2143,-0.1501,2.1021,3.0737,0.1266,1.7534,0.416,-0.004,-1.3985,-2.5649,0.6084,1.8827,0.1966,2.0613,-0.4175
-0.1362,0.0312,1.7091,3.1753,0.3617,1.9128,0.3679,0.1907,-1.0535,-2.7207,0.7113,2.3756,0.2662,2.14,-0.6399
-0.2471,0.3316,1.6069,3.3276,0.894,1.717,0.3298,0.0083,-1.172,-2.5603,0.7925,2.5415,0.2665,1.7735,-0.2773
-0.2525,0.4304,1.6648,2.7089,0.8891,1.5964,0.0606,-0.2023,-1.0701,-2.3142,1.0968,2.2458,0.7312,1.8258,-0.3183
-0.1957,0.5297,1.427,2.879,1.0927,1.641,-0.0989,-0.3517,-1.3077,-2.4382,1.0658,1.9009,0.6181,1.7379,-0.7431
-0.0647,0.5268,1.2232,2.9317,0.8831,1.6018,0.0872,-0.3921,-1.5614,-2.3465,0.975,1.8978,0.4494,1.9079,-0.7577
-0.0485,0.3763,0.9645,3.0657,0.7969,1.6931,0.2255,-0.357,-1.4482,-2.0003,0.8444,2.1538,0.6593,1.9785,-0.7005
-0.0522,0.257,0.9263,2.6608,0.5219,1.9383,0.0094,-0.6498,-1.5445,-1.9934,1.1086,1.9359,0.8642,1.6634,-0.8048
0.0926,0.1163,1.3513,2.5413,0.8322,1.8435,0.3373,-0.5135,-1.1689,-1.9804,1.4028,2.0849,0.8862,1.7171,-0.8435
0.2582,0.2093,1.2601,2.9171,0.761,1.6593,0.3316,-0.681,-1.4161,-2.1866,1.5193,1.9931,0.4043,1.7753,-0.7688
1.2962,0.5879,1.4613,2.3482,0.8184,1.2723,0.5247,-0.78,-1.4043,-2.2313,1.26,1.969,0.2662,1.7553,0.0829
0.5277,0.3779,1.7833,1.9454,0.5873,1.2834,0.5702,-0.4382,-1.3309,-2.2871,1.2993,1.7473,-0.1136,1.5936,-0.046
0.1876,0.529,1.9312,2.4299,0.6002,1.3577,0.5089,-0.2236,-0.9933,-2.4198,1.4714,1.7034,-0.1332,1.4747,0.0677
0.0935,0.8037,1.8592,2.3321,0.8231,1.343,0.5825,-0.1805,-1.5919,-2.4645,0.9874,1.7664,-0.0804,1.7751,0.03
-0.0172,0.3424,1.8215,2.4152,-0.0757,1.4688,0.6026,-0.4031,-1.2691,-2.3504,0.9995,1.5822,0.4995,2.0303,0.0502
0.0041,0.3241,1.9785,2.2849,0.2661,1.5677,0.9213,-0.2257,-0.7483,-2.7577,1.2697,1.8065,0.4789,2.2716,0.149
0.0503,0.2198,1.9857,1.9565,0.7622,1.1055,0.9564,-0.2381,-0.7452,-2.6327,1.239,1.8896,0.4944,2.3127,0.0388
0.0762,0.2354,1.8611,1.6413,1.1085,0.836,1.0421,-0.104,-1.0637,-2.4351,1.2282,1.9467,0.5914,2.4931,0.3475
0.0383,0.3803,1.7373,2.0308,1.0435,0.9802,0.6383,0.0387,-1.4109,-2.242,1.4044,2.3231,0.5634,2.3969,0.7841
0.0624,0.3753,1.8243,1.8398,0.9125,1.075,0.6719,0.0055,-1.2905,-2.1449,1.5643,1.7914,0.1305,2.0241,0.9794
-0.0112,0.4714,2.0418,1.5948,0.5728,1.4124,0.7653,-0.1101,-0.8037,-2.3774,1.5064,1.5065,0.2863,2.1211,0.7531
-0.1695,0.4859,1.9195,1.7988,1.0719,1.2554,0.776,0.0056,-0.9954,-2.4723,1.3725,1.4503,0.3046,2.222,0.6217
-0.1593,0.3952,1.6491,1.605,0.8461,1.2625,0.7815,0.3725,-0.8668,-2.3127,1.26,1.4737,0.4014,2.6051,0.6214
0.2642,0.2224,1.6975,2.4694,0.8935,1.4607,0.5677,0.4934,-0.9188,-2.3851,1.1604,1.521,0.2854,2.1786,0.5072
0.0023,0.3758,1.7729,2.3784,1.2,1.686,0.4867,0.0884,-1.133,-2.2323,1.4837,1.5124,-0.072,2.0118,0.4573
0.1427,-0.2656,1.8469,2.2914,1.2618,1.8205,0.4587,0.0317,-1.418,-2.4665,1.3127,1.4784,0.1961,2.0314,0.4287
0.152,0.0095,1.7857,1.9154,1.1237,1.8256,0.4742,-0.1447,-1.3228,-2.1264,1.1896,1.642,-0.034,2.0831,0.2664
0.2808,0.4932,1.8317,1.8024,1.3376,1.7012,0.2129,-0.0495,-1.2855,-2.2261,1.3989,1.7425,0.1652,2.1492,0.5444
0.5474,0.5471,1.7919,1.2588,1.0722,1.7124,0.6062,-0.0899,-1.2312,-2.3197,1.3679,1.5752,-0.0021,1.8102,0.3891
0.6189,0.4973,2.0035,1.5596,1.1902,1.6477,0.6628,0.0421,-1.2749,-2.3082,1.1998,1.5551,-0.3803,1.5136,0.5663
0.5895,0.5353,1.817,1.6339,1.0102,1.5904,0.4648,0.2525,-1.2031,-2.1179,1.1932,1.5434,-0.2206,1.5305,0.5037
0.2621,0.0963,1.7665,1.8469,1.0343,1.7246,0.4994,0.205,-1.3888,-2.1831,1.4741,1.5282,-0.1223,1.5567,0.4001
0.3616,0.2068,1.6228,2.1422,0.882,1.714,0.2915,0.1329,-1.5788,-2.3575,1.4135,1.6348,-0.0755,1.7048,0.1743
0.3763,0.4592,1.8541,2.6033,0.8707,2.2253,0.3803,0.1847,-1.7704,-2.7035,1.3918,1.717,-0.0476,1.7594,0.2182
0.5136,0.3696,2.3165,2.3803,0.7676,2.0445,0.0548,-0.0789,-0.9147,-3.094,1.3225,1.9297,0.0625,1.8705,-0.2495
0.6669,0.5668,2.2843,2.3045,0.9848,1.1877,0.2842,-0.1009,-1.0874,-3.1518,1.0851,2.1285,0.0401,2.0099,-0.5338
0.4388,0.4977,1.849,1.9178,0.6577,0.5192,0.4789,-0.1582,-1.0233,-2.907,1.0525,2.1539,0.0844,2.0083,-0.2542
0.2397,0.5721,1.8407,2.3654,0.7612,0.3644,0.2484,-0.0117,-1.3058,-2.5516,1.1267,2.1384,0.5033,2.3577,0.5723
-0.2613,0.6416,1.6494,2.3797,0.9453,0.9471,0.2596,-0.0852,-1.5243,-2.2431,1.1923,2.1284,-0.0984,1.9772,0.7231
-0.1676,0.316,1.8002,2.1676,1.0321,1.3541,0.3966,-0.4214,-1.6912,-2.2432,1.3878,1.6194,0.1184,1.9371,0.7889
0.1102,0.1858,2.0551,2.2568,1.0025,1.7435,0.2363,-0.2618,-1.6458,-2.4934,1.5177,1.808,0.305,2.5849,0.8019
0.5748,0.3625,2.12,1.8895,1.0539,1.9137,0.2557,0.0469,-1.7231,-2.6443,1.4013,2.0506,0.2529,2.612,0.5944
