x0,x1,x2,x3,x4,x5,x6,x7,x8,x9,x10,x11,x12,x13,x14
0.4044,0.667,1.5132,-0.8589,-0.5888,-0.4559,0.3037,1.2335,-0.2266,0.3784,-0.0626,-0.7179,-1.7631,-0.9577,0.5212
0.0399,0.5624,1.0808,-0.7459,-0.7359,-0.1638,0.0911,1.0519,-0.1635,0.3086,0.1029,-0.9849,-1.6102,-0.6775,0.5221
-0.0322,0.3898,1.008,-0.0999,-0.8271,0.6899,-0.4427,1.0155,0.0075,0.1092,0.2528,-0.9226,-1.3641,-0.3355,0.5119
0.1992,0.4445,1.1489,-0.181,-0.4222,0.4461,0.2239,0.0483,-0.0694,-0.3975,-0.0498,-0.9805,-1.0814,0.3467,0.2081
0.5147,0.5903,0.904,-0.1921,-0.2532,-0.557,0.2871,-0.1219,-0.291,-0.2531,-0.7306,-0.615,-0.9388,0.634,0.1784
0.1427,0.4333,0.3775,-0.2078,-0.0447,-0.7192,0.1208,0.0071,-0.4434,0.0405,-0.7575,-0.6354,-0.8021,0.2129,0.5425
-0.099,-0.0109,0.553,-0.0978,-0.1375,-0.5856,-0.1892,0.0037,-0.4401,0.2408,-1.0197,-0.9311,-0.6292,-0.0254,0.854
0.053,-0.0248,0.6307,-0.1472,-0.0383,-0.0012,0.0846,0.1115,-0.3622,0.1054,-1.1553,-0.6085,-0.341,-0.0325,0.8207
-0.114,0.2575,0.4653,-0.1755,-0.1117,0.2303,-0.282,0.0901,-0.2873,0.5326,-0.7723,-0.6486,-0.4496,1.0165,1.0319
0.4577,0.0694,0.6628,-0.5695,-0.0873,0.8442,0.1602,0.2699,-0.3932,0.4156,-0.3501,-0.7743,-0.3831,0.8953,1.0197
0.8346,-0.1317,0.8201,-0.9407,-0.2852,0.8046,0.1265,0.4296,-0.4663,0.212,-0.2024,-0.3955,-0.3649,0.6239,0.4959
1.0413,-0.2206,0.5593,-0.9714,-0.8761,0.8598,0.4235,0.8166,-0.3179,-0.2346,-0.1144,-0.2161,-0.5099,1.0131,0.2366
0.8592,-0.2581,0.54,-1.0022,-0.8913,0.4933,0.9404,0.951,-0.2602,-0.3302,-0.6629,0.1823,-0.8442,0.835,-0.0901
0.5276,-0.4411,0.8372,-0.3899,-0.3814,0.4818,0.5905,1.0619,-0.1592,0.1203,-0.5842,0.0842,-0.7259,0.6354,-0.0799
0.5577,-0.6254,0.6131,-0.4517,-0.2625,1.0234,1.684,1.0017,-0.0999,-0.3527,-0.7103,-0.0884,-0.6884,0.5996,-0.0801
0.8092,-0.4432,0.1238,-0.2995,-0.2023,0.23,1.0994,1.0936,0.1802,-0.3848,-0.9231,0.4773,-0.7722,0.264,-0.1522
0.3804,-0.2985,0.2421,-0.3482,-0.7336,-0.0399,0.2958,0.7173,0.1207,-0.1746,-0.6379,0.3531,-0.8254,-0.3719,-0.387
0.4437,0.1213,0.4204,-0.189,-0.5374,-1.1754,0.3909,0.8301,-0.1457,0.5972,-0.3607,0.2739,-0.7649,-0.8828,-0.3287
-0.2503,-0.1605,0.5729,0.3838,-0.7788,-0.5696,0.0113,0.8411,-0.1118,1.6718,0.1509,-0.3487,-0.7987,-0.5603,0.0342
-0.4036,-0.3383,0.7255,0.5105,-0.3585,0.5056,0.0367,0.6245,-0.1609,1.0038,0.7802,-0.9468,-0.6868,-0.2576,0.3818
0.1123,0.4011,0.6673,-0.016,-0.6029,0.837,0.2699,0.4045,-0.1097,0.5683,0.7905,-1.0482,-0.7203,0.6645,0.1447
0.5288,0.2249,1.2605,-0.12,-0.7756,0.3707,0.4554,0.3648,-0.1057,0.0788,0.4637,-1.162,-0.7258,0.624,-0.402
0.3923,0.0466,0.8106,0.0815,-0.8155,-0.2667,0.5603,0.2202,-0.0137,-0.2321,-0.1762,-1.0066,-0.842,0.9316,-0.4602
-0.2903,-0.2706,0.916,0.3361,-0.7449,-0.6551,-0.0477,0.2158,0.0256,0.5775,-0.5824,-0.6664,-0.6054,1.5715,0.2752
-0.1766,-0.3501,0.8902,0.359,-0.2057,-0.0644,0.4903,0.118,-0.0763,0.5761,-0.3668,-0.6562,-0.2489,1.5113,0.8272
0.1026,-0.1283,0.9021,-0.0193,0.2181,0.1891,0.7265,0.035,-0.3013,0.7938,-0.2455,-0.5882,-0.4549,1.501,0.7889
0.2935,-0.3799,0.6155,-0.2946,0.0658,0.4183,0.7411,0.2303,-0.1794,0.4945,0.2756,-0.8038,-0.4705,1.4893,0.8287
0.6848,-0.2476,0.7376,-0.4419,0.5673,1.0434,0.2974,0.2528,-0.0875,-0.0695,0.2876,-0.6126,-0.6575,1.603,0.846
0.8552,-0.072,0.5457,-0.6835,0.6283,0.9429,0.4363,0.2257,0.0373,-0.6272,0.0261,0.1781,-1.0268,1.2403,0.6033
0.8676,-0.3556,0.3327,-0.6599,0.1041,0.3494,0.2829,0.2531,-0.0115,-0.7085,0.0765,0.2449,-0.9593,1.2143,0.6253
0.7535,-0.0639,0.3804,-0.67,0.234,0.1022,0.3601,0.5177,-0.047,-0.5703,-0.111,0.4213,-1.2946,0.2456,0.6073
0.4151,-0.1854,0.7004,-0.5552,0.1218,-0.2801,-0.3732,0.7064,0.0903,-0.2543,-0.03,0.5152,-1.2331,-0.4177,0.5346
0.0353,-0.2331,0.7731,-0.5934,0.5626,-0.5272,-0.0294,0.4864,0.962,-0.9803,0.2635,0.3543,-1.2743,-0.7712,0.4974
0.2251,-0.1047,0.7994,-0.5214,0.9666,-1.0652,0.1607,0.5954,0.7196,-0.8962,-0.061,0.4693,-1.0465,-0.8813,0.8477
-0.4019,0.1936,0.3812,-0.4087,0.894,-1.4601,-0.001,0.2844,0.3873,-0.4272,-0.0677,0.3286,-0.9878,-1.0105,1.0877
-0.615,-0.123,0.3828,-0.6445,0.5353,-1.0791,-0.0718,0.2807,0.3515,-0.0282,-0.2914,0.0279,-0.6511,-1.187,1.6
-0.4307,-0.0681,0.7327,-0.8883,0.9614,-0.5779,0.2288,0.0317,0.4746,0.0676,0.0186,-0.3736,-0.227,-0.8075,1.7462
-0.228,-0.5305,0.7102,-1.1185,0.5136,-0.3464,0.3659,-0.2006,0.508,0.3909,0.2018,-0.6755,-0.0136,0.0389,1.5468
-0.1546,-0.0553,0.6777,-2.0875,0.8884,-0.3146,0.6677,-0.2516,0.3676,0.581,-0.0361,-0.5768,-0.2686,0.196,1.3417
0.5569,-0.2572,0.732,-1.6316,0.6474,0.1105,0.7362,0.2236,0.4452,0.2767,-0.0124,-0.7552,-0.3985,0.2907,1.3996
0.5858,-0.2325,0.9414,-1.6816,0.8026,-0.1275,0.5825,0.519,0.4135,0.2184,0.1676,-0.3269,-0.6216,0.1045,1.4597
0.769,-0.1181,0.83,-1.8071,0.7648,0.1573,0.7716,0.5078,0.2718,-0.3888,0.1468,-0.3062,-0.862,-0.2576,1.5056
0.6829,-0.3725,0.8478,-1.7895,0.6105,0.2364,0.7753,0.6329,-0.0037,-0.0589,-0.0707,0.0883,-0.96,-0.4626,1.2316
1.0959,-0.3293,0.716,-1.7181,0.5686,0.1126,0.8484,0.6497,0.0089,-0.0746,-0.0726,-0.0193,-0.655,-0.7594,1.2379
0.9494,-0.1412,0.8518,-1.6065,0.5914,0.3957,0.856,0.8243,-0.0539,-0.3808,-0.2398,0.0269,-0.9538,-1.0058,1.1694
0.7665,-0.0599,1.102,-1.3917,0.6982,0.5233,0.7342,1.0945,0.0397,-0.2046,-0.2184,0.0116,-1.2756,-1.3362,0.7841
0.6372,0.0243,0.8609,-1.2084,0.5945,0.4074,0.8706,0.969,0.1732,-0.3525,-0.1564,-0.1125,-1.295,-1.4214,0.44
0.8117,0.5486,0.5363,-0.8997,0.4971,-0.3807,0.7022,0.8253,0.0952,-0.3197,-0.1606,-0.2185,-1.4554,-1.7848,0.391
0.5117,0.1477,0.5408,-0.7565,0.3017,-0.8219,0.9539,0.8439,-0.0357,0.0391,-0.2849,-0.4625,-1.55,-2.0424,0.3741
0.3028,0.1552,0.3824,-0.558,0.2102,-0.65,0.4843,0.6318,0.0737,0.3386,-0.4311,-0.7798,-1.4436,-1.6975,0.7273
0.0987,0.1462,0.7195,-0.2877,0.01,-0.2325,0.4124,0.2072,0.1732,0.4686,-0.0557,-0.9821,-0.9497,-1.0066,0.7883
0.1962,-0.4598,1.0411,-0.0746,0.0049,0.2381,0.4442,0.0365,-0.1033,0.4869,0.0431,-1.0661,-0.4071,0.0396,0.8042
0.5585,-0.1858,0.6785,-0.3605,-0.0039,0.9263,0.4856,0.0739,-0.178,0.2543,0.1866,-0.7257,-0.0635,0.706,0.7542
0.9454,-0.0504,0.6845,-0.6848,-0.0381,0.4466,0.6833,-0.1232,-0.073,-0.3666,0.192,-0.5959,-0.3263,1.0765,0.4023
0.9782,0.355,0.7567,-0.4625,-0.0547,-0.2199,0.7966,0.1578,-0.2133,-0.3948,0.0132,-0.3397,-0.9535,0.6115,0.2983
0.6399,-0.221,1.3474,-1.3355,-0.4457,-0.4305,0.8925,-0.0012,-0.1953,-0.2861,-0.2524,-0.5658,-0.8491,0.5805,0.2595
0.7338,-0.0896,1.0049,-1.2287,-0.4092,-0.0318,0.9295,0.2282,0.0055,0.0955,-0.2287,-0.3048,-0.6515,0.4733,0.87
0.7148,-0.2501,1.0092,-1.004,-0.4168,0.0313,1.12,0.3828,-0.0102,-0.2622,-0.2676,-0.5181,-0.7761,0.3085,0.3231
0.6245,-1.0852,1.0025,-0.5211,-0.4903,0.1874,0.6419,0.4587,-0.147,0.0447,-0.2487,-0.3229,-0.2969,0.4112,0.3819
0.6296,-0.2202,1.3082,-0.6627,0.0689,0.1458,1.1149,0.4769,-0.0777,-0.3262,-0.1813,-0.0166,-0.571,0.5793,0.3081
0.723,0.8746,0.6003,-0.8613,0.3902,-0.3798,0.9426,0.3314,-0.0144,-0.0158,-0.4051,-0.4107,-0.9436,-0.2278,0.1584
0.6432,0.6845,0.5106,-0.4335,-0.408,-0.154,0.9647,0.1581,-0.0197,0.3799,-0.4275,-0.9735,-1.0997,-0.6264,0.2253
0.533,0.5714,0.3861,-0.3037,-0.2609,-0.0842,0.7362,0.3158,0.0006,-0.0161,0.2195,-1.2501,-1.0826,-0.4006,0.3218
0.3725,0.1388,0.7822,-0.4228,-0.4168,-0.1475,0.4164,0.284,-0.0683,0.2051,-0.0983,-1.1077,-0.9853,-0.4214,0.103
0.3047,-0.1254,0.7559,-0.2579,0.0047,0.1883,0.537,0.0906,-0.2669,-0.1784,0.4335,-1.0299,-0.6682,0.3082,0.1963
0.4264,-0.1449,0.5263,-0.2689,0.4839,-0.258,0.1137,-0.1595,-0.1799,-0.1731,0.1781,-0.603,-0.4086,0.5471,0.3441
0.4911,0.1201,0.2663,-0.408,0.2144,-0.1554,0.0886,-0.2203,0.0093,0.0114,0.533,-0.537,-0.3611,0.3034,0.4221
0.4212,0.0018,0.5139,-0.4253,0.4312,0.1876,0.4774,-0.4845,-0.0081,-0.0806,0.171,-0.6185,-0.265,0.3029,0.3999
0.4987,-0.3012,0.0669,-0.755,0.0967,-0.3206,0.4665,-0.3436,-0.136,-0.2031,0.1063,-0.4854,-0.1433,0.5527,0.2333
0.4969,-0.1829,-0.0257,-0.9704,0.0227,-0.3026,0.4631,-0.0367,-0.1219,-0.1332,0.0329,-0.0773,-0.2839,0.3772,0.6181
0.2212,-0.4774,0.1062,-0.8003,0.1017,0.5148,0.489,-0.1152,-0.1991,-0.3653,0.1893,-0.2693,-0.0148,-0.1827,0.6941
1.7623,-0.173,0.6111,-1.3409,0.2198,0.4571,0.7258,0.0971,-0.0834,-0.4359,-0.009,0.111,-0.0289,0.0966,0.6197
1.4426,-0.1759,0.3319,-1.6382,0.2523,-0.0244,0.7668,0.2989,-0.0948,-0.1608,-0.0085,0.4524,-0.7301,-0.2718,0.2998
1.1482,-0.3175,0.2803,-1.2344,0.2983,-0.0387,0.8613,0.4661,-0.0207,-0.0568,-0.1024,0.1549,-0.7437,-0.9491,0.2049
0.9493,-0.0702,-0.4235,-1.1927,0.1321,-0.0679,0.5544,0.7613,0.0612,0.1175,0.4261,0.2252,-1.0818,-1.0597,0.2183
0.7958,-0.0574,0.0466,-1.1326,0.2847,0.0285,0.3557,0.5253,-0.055,-0.1451,0.7343,0.35,-0.9902,-1.3348,-0.083
0.6742,-0.2173,0.0829,-0.4362,0.1369,-0.2796,0.6599,0.6563,-0.0476,-0.0673,0.6312,0.1932,-0.7405,-1.987,-0.4344
0.64,-0.2302,0.0402,-0.33,-0.034,-0.1004,0.0316,0.5995,0.0406,-0.3142,0.6614,0.215,-0.5888,-1.6017,-0.0813
0.6055,-0.5877,-0.0081,-0.3782,-0.0462,-0.2976,0.194,0.5407,-0.0265,-0.1855,0.5156,0.0662,-0.3522,-1.713,-0.1366
0.4524,-0.2283,0.2237,-0.5538,-0.0676,-0.4957,0.2649,0.53,-0.0484,0.0579,0.4564,0.3728,-0.3245,-1.3712,-0.5292
0.2754,-0.1837,0.2549,-0.2322,0.0696,-0.414,0.1243,0.5937,-0.0292,0.1701,0.5503,0.1501,-0.3485,-1.3874,-0.4449
0.1965,0.0173,-0.0061,0.0803,0.4011,-0.1485,0.0694,0.4124,-0.2089,-0.0794,0.8131,-0.0785,-0.3013,-1.2936,-0.3722
0.1265,0.3239,-0.0992,-0.2706,0.2381,-0.4173,0.1058,0.3626,-0.302,-0.2069,0.6486,-0.1579,-0.4704,-1.5192,-0.7565
-0.3444,0.1249,-0.2999,0.3548,-0.2324,-0.5807,0.2621,0.0425,-0.2768,0.0607,0.2098,-0.2238,-0.3372,-1.4825,-0.8905
-0.1901,0.0057,-0.8217,0.6142,-0.6416,-0.704,0.2763,-0.0066,-0.2965,0.357,0.4948,-0.2505,-0.2962,-1.4125,-1.0401
-0.3764,0.0837,-0.506,0.6279,-0.5436,0.1543,0.1505,0.0807,-0.3741,0.248,0.8588,-0.2093,-0.3048,-1.3324,-1.0481
0.0279,0.0458,-0.2337,0.672,-0.5392,-0.0045,-0.1175,0.0539,-0.3816,-0.2625,1.0907,-0.2344,-0.2644,-1.1814,-1.3415
-0.3036,-0.0163,-0.2866,0.8841,-0.4298,-0.3031,0.4731,-0.1268,-0.0688,-0.3179,0.7333,-0.1086,-0.1776,-0.7776,-1.8936
-0.0267,-0.0733,-0.8011,1.2266,-0.5804,-0.9335,0.0652,-0.1755,-0.1169,0.3891,0.7414,0.0065,-0.135,-0.3819,-1.6189
-0.2067,0.2442,-0.6669,1.146,-0.5044,-0.1729,0.116,-0.4377,-0.326,0.1766,0.8726,-0.1779,-0.3272,-0.6686,-1.1754
-0.7014,0.6445,-0.6969,1.0522,-0.5688,-0.2977,0.167,-0.42,-0.4143,0.4282,0.5477,-0.2366,-0.3992,-0.4982,-1.3877
-0.7735,0.2936,-0.4271,1.4024,-0.4614,-0.0204,0.4613,-0.4258,-0.5702,0.3054,0.0884,-0.4559,-0.1444,-0.4253,-1.2575
-0.0705,0.4191,-0.7496,1.1945,-0.7834,-0.0279,0.208,-0.5425,-0.685,0.028,0.2353,-0.4055,-0.1313,-0.2924,-1.5951
-0.2536,0.0612,-0.825,1.2687,-1.1719,0.2173,-0.0696,-0.5123,-0.5804,-0.304,0.2288,-0.4033,-0.1565,-0.0567,-1.4527
-0.2282,0.0498,-0.7338,1.118,-1.0245,0.1403,-0.0012,-0.4565,-0.5128,-0.0706,-0.0088,0.0615,-0.2573,-0.0026,-1.7902
0.0592,0.1401,-0.8197,1.3169,-0.8192,-0.113,-0.1154,-0.3699,-0.4736,0.3243,0.6345,0.1825,-0.1102,0.1564,-1.9817
-0.1214,0.1604,-0.9336,1.3961,-0.775,-0.0433,0.3794,-0.0603,-0.355,-0.0485,0.6051,0.3684,-0.3912,-0.0815,-1.9074
-0.544,0.2416,-0.7343,1.7608,-0.5652,-0.8946,0.0019,-0.253,-0.3426,0.1855,0.8606,0.3657,-0.386,-0.3696,-1.8156
-0.8944,0.129,-0.5692,1.8691,-0.5099,-1.0692,0.1663,-0.277,-0.5858,0.5635,0.9585,0.0147,-0.1693,-0.2625,-2.0336
-0.9391,0.1992,-0.5437,1.9187,-0.5925,-0.4734,0.052,-0.5163,-0.4536,0.5144,1.5311,-0.5652,0.1545,-0.3821,-1.638
-0.8179,-0.1104,-0.6772,1.7802,-0.4381,-0.4154,-0.2411,-0.6995,-0.3931,0.0319,1.2823,-0.6544,0.3552,1.1316,-1.0623
-0.724,0.0572,-0.5699,1.4723,0.0363,-0.3057,0.1062,-0.7458,-0.3298,0.3138,1.692,-0.3045,0.375,1.5714,-0.8931
-0.8714,-0.0991,-0.5446,1.2827,0.2602,-0.1768,0.014,-1.1713,-0.4272,0.4155,1.3467,-0.5724,0.4689,1.1693,-0.6166
-0.6878,0.1675,-0.5445,1.232,0.3063,-0.0569,-0.043,-1.0909,-0.4151,0.2172,1.0351,-0.1574,0.5097,1.3124,-0.7643
-1.0064,0.2389,-0.6925,1.1999,0.2197,0.2892,0.1816,-1.0792,-0.4983,0.2612,1.0725,-0.3475,0.3668,1.6711,-0.6498
-0.2686,0.0181,-0.6751,0.9006,-0.0565,0.7384,0.0277,-1.1383,-0.5103,0.2283,0.7972,-0.5905,0.6087,1.4539,-0.7989
0.2722,0.1425,-1.3244,0.3529,0.0133,0.6835,0.0451,-0.8736,-0.2793,-0.5603,0.7889,-0.3425,0.3427,1.157,-0.9907
0.4699,-0.0776,-0.9271,0.2456,0.4073,0.4418,0.5117,-0.5943,-0.4682,-0.819,0.1448,0.1447,-0.0399,0.4594,-1.1971
0.1907,0.1363,-1.0491,0.0532,-0.0119,-0.3847,0.3127,-0.5281,-0.2352,-0.9731,-0.1939,0.3565,-0.3259,-0.259,-1.3571
0.2212,0.3366,-0.8871,0.5979,-0.0716,-0.421,0.479,0.0251,-0.2582,-0.8313,0.0239,0.6992,-0.6442,-0.8544,-1.5173
-0.2926,0.4152,-0.8676,0.7941,-0.328,-1.183,0.2289,0.0316,-0.568,-0.399,0.0439,0.5805,-0.786,-1.5598,-1.6372
-1.2472,0.7253,-0.8045,1.1157,-0.4845,-1.2747,0.2075,-0.5671,-0.3821,-0.1434,0.0768,-0.0742,-0.7394,-1.7275,-2.6964
-1.3886,0.685,-1.1442,2.0438,-0.7286,-1.2833,-0.1426,-0.3983,-0.4487,0.2747,0.3667,-0.5303,-0.4335,-1.6443,-2.3472
-1.8998,0.7657,-0.9551,2.2327,-0.7917,-1.1437,-0.1409,-0.5468,-0.3756,0.7652,0.9889,-1.1299,-0.3036,-1.6236,-2.4545
-1.9826,0.6616,-1.0012,2.6679,-0.6018,-0.7611,-0.6912,-0.8184,-0.6155,1.0847,1.363,-1.4752,-0.0406,-0.457,-2.166
-1.4418,0.3296,-0.995,2.5148,-0.3518,-0.0823,-0.2733,-1.3369,-0.5767,0.8989,1.3816,-1.6635,0.2484,0.5179,-1.8795
-1.32,0.0461,-0.9825,2.2361,-0.2823,1.0167,-0.078,-1.4422,-0.4965,0.2197,1.1324,-1.5979,0.6105,1.2367,-1.5733
-0.7821,-0.0978,-0.8961,1.738,-0.4842,1.3294,-0.561,-1.3912,-0.6224,0.18,0.785,-0.6935,0.7355,1.7478,-1.907
0.3605,-0.0552,-0.5299,1.2205,0.5486,0.6364,-0.0819,-1.1603,-0.5605,-0.6507,0.7714,-0.1272,0.7464,2.0757,-1.1049
-0.0403,-0.0755,-0.3713,0.5711,0.3418,-0.1475,-0.147,-1.3053,-0.6532,-0.7962,0.6867,0.3917,0.2528,1.6469,-1.0224
-0.4429,-0.181,-0.2238,0.5247,-0.0336,-0.362,0.1609,-0.9629,-0.7193,-0.5856,0.3887,0.7708,0.1587,1.6143,-0.8179
-0.5885,0.1045,-0.2733,0.4921,0.3109,-0.326,0.2811,-1.0393,-0.6766,-0.2779,0.4945,0.6991,0.2853,1.0059,-0.3905
-0.3738,0.2222,-0.4792,0.2312,0.2879,0.2036,0.1537,-0.9811,-0.5416,-0.1084,0.8742,0.5315,0.004,0.5411,-0.2252
-0.3512,0.0837,-0.4,0.2304,0.5333,0.5622,0.2617,-1.0665,-0.5448,-0.0472,1.0139,0.3845,-0.0182,-0.2138,-0.9038
-0.0612,0.6868,-0.3778,0.3641,0.3803,0.2127,0.152,-0.939,-0.574,0.4663,1.1596,0.0046,-0.2923,-0.4487,-0.9951
0.1762,0.5146,-0.4425,0.5574,-0.1607,0.2994,0.0885,-0.905,-0.746,-0.0949,1.345,-0.5336,-0.5867,-0.4865,-1.0146
-0.0806,-0.2036,-0.1428,0.3312,-0.0415,0.1837,0.5877,-0.8899,-0.7605,-0.236,0.7765,-0.6387,-0.3156,0.1353,-1.148
-0.046,0.0179,-0.8637,0.4359,-0.003,0.0857,0.4228,-0.8245,-0.9349,0.0847,0.5689,-0.3054,-0.4579,0.2562,-1.4901
0.1778,0.5657,-0.7614,0.3988,-0.3733,-0.2087,0.5604,-0.8829,-0.9173,-0.191,0.6047,-0.3573,-0.5292,0.0555,-1.3745
0.0248,0.1862,-0.723,0.1734,-0.6937,-0.4899,0.1889,-0.7269,-0.9882,0.077,0.598,-0.5009,-0.3586,-0.2942,-1.3831
-1.0577,0.0234,-0.7305,0.5128,-0.6779,-0.8593,0.472,-0.7113,-0.8066,0.4714,0.7475,-0.6479,-0.5949,-0.2388,-1.435
-0.5634,-0.0453,-0.5204,0.8693,-0.3768,-0.4393,0.469,-0.2557,-0.675,0.4766,0.9452,-0.546,-0.1252,-0.1522,-1.1494
-0.6396,-0.1574,-0.3293,0.9705,-0.2114,-0.2352,0.4735,-0.4949,-0.634,0.322,1.3111,-0.6566,0.0599,0.1197,-1.0741
-0.7609,0.7185,-0.1437,1.1023,-0.5264,0.2665,0.2053,-0.6919,-0.6586,-0.0875,1.1557,-0.5335,-0.311,0.1663,-1.3027
-0.5968,0.2201,-0.6246,1.1114,-0.754,0.2258,0.3522,-0.7516,-0.6222,-0.3681,0.9407,-0.8387,-0.075,0.4309,-1.6015
-0.3792,-0.1501,-0.6852,0.9942,-0.4167,0.1334,0.3864,-0.8284,-0.5929,-0.4003,0.6728,-0.7095,0.245,0.4625,-1.6744
-0.0612,-0.0648,-1.2952,1.0063,-0.5711,0.4572,0.0066,-0.8752,-0.5243,-0.6557,0.723,-0.2876,0.1029,1.132,-1.4877
-0.0896,-0.3426,-0.9277,0.6918,-0.3961,0.4061,0.7829,-0.7178,-0.6554,-0.8176,0.5406,0.0003,-0.1173,0.148,-1.6902
0.0031,-0.1202,-0.7097,0.8509,-0.1361,0.0526,0.3646,-0.5409,-0.6881,-0.8575,0.3033,0.1885,-0.2187,0.229,-1.8184
-0.5012,0.3242,-1.119,1.1092,-0.426,-0.8574,-0.2089,-0.4913,-0.6251,-0.2355,0.5121,0.2692,-0.5414,0.1958,-1.9262
-0.2488,0.3886,-1.5585,1.1661,-0.7219,-0.8284,0.2588,-0.7072,-0.8643,0.1134,0.9268,-0.4168,-0.4784,-0.6327,-1.524
-0.5582,0.6175,-1.3343,0.9656,-0.6137,-0.5854,0.0354,-0.9041,-0.8286,0.392,1.0639,-0.9425,-0.504,-1.1847,-1.1405
-0.6984,0.8137,-0.8355,1.0809,-0.6644,-0.5352,0.332,-0.9375,-0.8709,0.3777,1.2526,-1.3195,-0.5078,-0.6479,-1.3653
-0.7014,0.433,-0.5173,1.2673,-1.0641,0.2589,0.223,-1.1423,-0.846,0.1986,1.2225,-1.4159,-0.3306,-0.9816,-1.6846
-0.3305,-0.0468,-0.2637,1.3776,-1.0962,0.3262,0.5844,-0.9834,-0.7938,0.0416,1.1503,-1.3097,-0.2753,-0.578,-1.8248
0.0879,-0.0841,-0.3824,1.0794,-0.8679,-0.063,0.426,-1.1264,-0.9453,0.1028,0.9152,-1.1024,0.2251,0.2943,-1.8875
0.1894,0.1247,-0.5248,1.426,-1.0757,0.0449,0.6703,-1.2734,-0.8116,-0.0065,0.638,-0.8206,-0.1513,0.7012,-1.9644
-0.1868,-0.2471,-0.402,1.5374,-0.9634,0.198,0.214,-1.2783,-0.7029,0.0816,0.7188,-0.6304,-0.1493,0.3477,-1.9969
0.0619,-0.0535,-0.4905,1.498,-0.8196,0.1418,-0.344,-1.2127,-0.7413,0.0433,1.4184,-0.4653,0.1461,0.6652,-1.7154
-0.1008,-0.3266,-0.5584,1.5,-0.5976,0.0113,0.2066,-1.2566,-0.811,-0.1493,1.4139,-0.6351,-0.2922,0.58,-1.6976
-0.7772,-0.3253,-0.6206,1.9151,-0.4911,0.644,-0.1581,-1.2322,-0.8358,-0.5427,1.2319,-0.4587,-0.1672,1.0167,-1.4653
-0.3888,-0.2322,-0.6261,1.7664,-0.7026,0.2914,0.2585,-1.4589,-1.2193,-0.0356,1.2014,-0.2468,0.1121,0.9682,-1.4562
-0.5782,0.1418,-0.1664,2.2171,-0.3699,0.8328,0.4567,-1.3067,-1.18,-0.2731,1.3455,-0.1295,-0.001,0.5753,-1.4061
-0.2964,0.1816,-0.5517,2.3006,-0.768,0.6811,0.4525,-1.4383,-1.1575,-0.3208,1.6125,-0.0381,0.0148,0.8756,-1.5995
-0.2468,-0.3536,-0.5502,1.8272,-0.6171,0.7986,0.4457,-1.6416,-0.8867,-0.4281,1.7856,-0.3147,0.0892,0.9578,-1.6947
-0.1107,-0.4014,-0.8111,1.8507,-0.4909,0.4665,0.38,-1.4527,-0.8384,-0.5879,1.3037,-0.3492,0.1862,1.1392,-1.7304
-0.4143,-0.0511,-1.0133,1.8235,-0.4376,-0.1922,0.7167,-1.4321,-0.724,-0.3864,1.0552,-0.0308,-0.1196,0.5734,-1.954
-0.3019,0.9317,-1.0285,1.7885,-0.7566,-1.1257,0.092,-1.3269,-0.7329,0.1169,1.31,-0.1233,-0.4734,-0.1418,-1.8454
-0.9217,0.9488,-0.8642,2.2772,-0.7334,-0.7038,0.164,-1.3823,-0.6114,0.0321,1.7809,-0.8801,-0.6873,-0.9584,-1.3543
-1.0736,1.102,-0.8787,2.3572,-0.7947,-0.2602,0.3992,-1.5662,-0.7259,0.1129,1.524,-1.3538,-0.697,-0.5923,-1.0736
-0.7602,0.4025,-0.371,2.3224,-1.2111,0.2401,0.0314,-1.7946,-0.6693,0.049,1.452,-1.7089,-0.3096,0.0454,-0.4487
-0.6985,0.229,0.1295,1.9819,-0.8284,0.822,0.4221,-2.038,-0.7821,-0.0118,1.3172,-1.8587,-0.0498,1.099,-0.7296
-1.0697,-0.0339,1.0148,1.7596,-0.5227,0.8769,0.5989,-1.9351,-0.5187,-0.4851,1.2093,-1.4776,0.0513,1.9664,-0.7908
-0.4115,-0.9648,0.37,1.7661,-0.5223,1.3404,0.2572,-1.7183,-0.486,-1.0896,1.0659,-0.7792,0.5814,2.7391,-0.698
0.0431,-0.192,-0.0845,1.1815,-0.1508,0.5933,0.4524,-1.6147,-0.4464,-1.113,0.8443,0.0207,0.4093,2.994,-0.9449
0.2571,0.0691,-0.5814,0.9506,0.0492,0.119,0.3603,-1.4812,-0.5138,-1.4916,0.8549,0.1371,0.0359,2.1726,-0.6503
0.0293,0.3062,-0.4843,0.7687,-0.0558,-0.0124,-0.0188,-1.3914,-0.5911,-0.9801,0.817,0.3115,-0.2645,1.4653,-0.5257
-0.0103,0.3367,-0.4108,0.9705,-0.6703,-0.2028,0.4141,-1.1841,-0.5793,-0.8363,1.0127,-0.1176,-0.4153,0.7203,-0.3281
0.091,0.1607,-0.1263,0.5434,-0.2104,0.021,0.8385,-0.7618,-0.7043,-0.9084,1.0716,-0.1277,-0.6766,0.0436,-0.1724
0.2162,0.789,-0.2985,0.508,-0.2794,-0.386,0.9971,-0.263,-0.8204,-0.5861,0.9949,0.0243,-1.0263,-0.428,-0.5299
0.0384,-0.1266,-0.3959,0.5904,-0.2199,-0.4172,0.9816,-0.4935,-0.8605,-0.8075,0.8769,-0.7208,-0.9815,-0.6113,0.1809
0.1771,-0.1579,0.2711,0.4215,0.0112,0.2961,0.8176,-0.2601,-0.8844,-0.6652,0.7382,-0.6795,-0.5913,0.2816,0.5737
0.5038,-0.1512,0.2111,-0.0185,-0.0981,-0.2516,0.6991,-0.6338,-0.8349,-0.246,0.9172,-0.3479,-0.5273,0.2147,0.2879
0.4164,-0.1094,0.1838,-0.1639,-0.4935,0.6739,0.7053,-0.4904,-0.7458,-0.2299,1.0297,-0.4995,-0.652,0.3728,0.267
1.1047,0.0581,0.345,-0.5414,-0.6082,0.7763,1.0934,-0.3446,-0.6892,-0.8428,1.1781,-0.7433,-0.8975,0.2052,-0.1323
1.1778,0.4276,0.0558,-0.6727,-0.8456,-0.0491,0.8201,-0.2387,-0.4999,-0.9264,0.6749,-0.3992,-1.1928,0.0414,-0.6683
1.0029,0.7831,-0.0732,-0.1057,-0.7412,-1.0046,1.0177,0.2883,-0.6208,-0.6265,0.2589,-0.227,-1.5634,-0.229,-0.4431
0.1835,0.3639,-0.3361,0.3698,-0.8925,-1.1758,0.5843,0.2726,-0.5506,0.0261,0.3558,-0.6042,-1.8045,-1.0,-0.1339
-0.9705,0.1753,-0.1788,1.0505,-0.8254,-0.7884,0.5391,0.0335,-0.3722,0.4238,0.8237,-1.1331,-1.4427,-0.931,0.1256
-0.923,0.1098,0.1181,1.3062,-0.7767,-0.0496,0.7915,-0.8797,-0.418,0.2186,1.5868,-1.5326,-0.5427,0.0397,0.3249
-0.9077,0.2459,0.0789,1.5289,-0.4975,0.3244,0.3198,-1.2229,-0.584,-0.0061,1.434,-1.4453,-0.1112,0.9403,0.0369
-0.494,0.3436,0.0388,1.6083,-0.3938,0.2914,0.2099,-1.6262,-0.6671,-0.0894,1.103,-1.4326,-0.0405,1.4803,-0.3602
-0.432,0.4729,-0.1252,1.4962,-0.7805,0.3921,0.2883,-1.7022,-0.7585,-0.213,0.8777,-1.1295,-0.0018,2.0793,-0.4369
-0.0405,0.3261,-0.2904,1.3702,-1.1056,0.5555,0.6293,-1.6789,-0.4569,-0.7246,0.2238,-1.0993,0.0279,2.5821,-0.4915
0.3006,0.4441,-0.4005,0.9937,-0.965,-0.1015,0.7192,-1.4988,-0.4361,-0.6804,0.0082,-0.5593,-0.3643,2.7127,-0.1923
0.1536,-0.048,-0.4358,0.1203,-0.7904,-0.5514,0.9572,-1.4216,-0.5765,-0.1812,0.3023,-0.4145,-0.4018,2.1617,-0.179
0.3381,0.2405,-0.3683,0.4406,-0.6373,-0.6656,0.9773,-1.1166,-0.5302,-0.2397,0.9272,-0.3457,-0.6944,1.4355,0.184
0.0322,0.1473,0.0397,0.6413,-0.6993,-0.6849,1.0586,-0.7923,-0.5108,-0.0915,0.8623,-0.3497,-0.8094,1.5079,0.5234
0.1648,-0.0921,-0.6544,0.5219,-0.9711,-0.1974,0.987,-0.7058,-0.4157,0.0197,1.1647,-0.4519,-0.7004,1.4803,0.5701
0.1475,-0.0636,-0.8937,0.4492,-0.6616,0.1437,1.0931,-0.5267,-0.3909,0.0214,1.4104,-0.5073,-0.7022,1.2352,0.1337
0.1192,0.2174,-0.409,0.7018,-0.5782,0.6441,1.1491,-0.7119,-0.396,-0.2526,1.4114,-0.6514,-0.5161,0.8514,0.2101
0.3854,0.2473,-0.2337,0.9569,-0.8466,0.3772,0.5731,-0.743,-0.3011,-0.0327,1.3735,-0.5962,-0.5531,0.7724,-0.2637
0.3353,0.1946,-0.3454,0.646,-0.6441,-0.1776,0.8116,-0.7943,-0.19,0.0269,1.2261,-0.7439,-0.6413,0.8028,-0.3259
0.2354,-0.0769,-0.2553,0.9567,-0.5953,-0.2671,0.6214,-0.824,-0.3016,-0.0436,1.2338,-0.8221,-0.7408,0.7273,0.0055
-0.1923,-0.1343,-0.2981,1.0215,-0.5221,0.0992,0.6775,-0.6322,-0.4339,0.2377,1.0281,-0.6773,-0.7422,0.7726,0.0333
0.0886,-0.1351,-0.3344,1.0643,-0.4839,0.3881,0.5983,-0.7339,-0.3236,-0.1323,1.0438,-0.5431,-0.4537,1.3196,-0.0906
0.2293,0.001,-0.2697,1.1047,-0.3365,0.5333,0.8106,-0.8373,-0.2889,-0.3347,1.0108,-0.3318,-0.7284,1.2138,-0.2172
0.2654,0.1082,-0.1035,1.1874,-0.6171,0.8044,0.8113,-1.0394,-0.2771,-0.262,0.7942,-0.4685,-0.6942,0.5734,-0.6546
0.3592,0.1164,-0.6237,1.2804,-0.7009,0.2549,0.6638,-0.91,-0.4294,-0.4668,0.9923,-0.507,-0.6634,0.8466,-0.7505
0.0281,0.0477,-0.7056,1.4115,-0.6814,0.0582,0.7691,-1.1938,-0.3713,0.0342,0.7588,-0.4145,-0.6736,0.4484,-1.0171
0.0048,0.3048,-0.8727,1.6186,-0.9748,-0.0431,0.5141,-1.1672,-0.4535,0.0913,0.8497,-0.5867,-0.5989,-0.0637,-1.2986
-0.1444,0.4251,-0.9306,1.9672,-1.0352,-0.4345,0.4474,-1.1918,-0.4333,0.3682,1.0154,-0.6717,-0.6337,-0.4016,-1.3289
-0.419,0.5769,-0.9085,2.481,-0.996,-0.1035,0.4463,-1.0655,-0.5649,0.2307,1.3254,-1.0432,-0.6059,-0.3474,-1.1131
-0.5275,0.222,-0.5502,2.435,-1.1751,0.3791,0.3016,-1.2897,-0.3612,0.4342,1.3489,-1.307,-0.3671,-0.0353,-1.4431
-0.2199,0.3279,-1.0299,2.3801,-1.0943,0.3776,0.5291,-1.3451,-0.4154,0.0347,1.201,-1.301,-0.2456,0.2872,-1.6507
0.0937,0.5978,-1.1129,2.582,-1.4572,0.4058,0.0805,-1.4267,-0.427,-0.4616,1.1189,-1.0259,-0.4338,0.3612,-1.7713
-0.0823,0.8587,-0.8397,2.4431,-1.0053,-0.3292,0.1988,-1.369,-0.3183,-0.2666,0.9566,-0.7986,-0.7348,0.2585,-1.872
-0.2522,0.8986,-0.8083,2.7443,-1.1739,-0.504,0.2207,-1.518,-0.2552,-0.3618,1.0476,-0.982,-0.72,0.3868,-1.8046
-0.1715,0.6059,-1.2093,2.778,-1.5412,-1.8574,0.5615,-1.4614,-0.1209,0.8173,0.7078,-0.7522,-0.6635,0.2883,-1.5021
-1.1829,0.2705,-0.8848,2.8206,-1.7501,-1.0767,0.6788,-1.5788,-0.3006,1.1105,0.777,-1.5854,-0.2989,0.4778,-0.9395
-1.4862,0.3481,-0.5115,2.8081,-1.5779,0.0006,0.5361,-1.6286,-0.4747,1.3886,1.1691,-1.6278,-0.0219,0.7283,-0.979
-0.7388,0.2324,-0.3889,2.6393,-1.7381,0.4767,0.5695,-1.635,-0.5039,0.4551,1.1791,-1.7001,0.2746,1.652,-0.911
-0.0438,0.4107,-0.187,2.403,-1.4503,0.5846,1.1665,-1.6968,-0.0041,-0.1935,0.9275,-1.3637,0.2499,2.6809,-1.0024
-0.0369,0.1474,0.0601,2.1239,-1.202,-0.1151,0.7529,-1.4193,-0.065,0.1514,0.6646,-0.8774,0.0028,3.0261,-1.2371
-0.1473,0.0288,-0.4074,2.2947,-1.5424,-0.5786,0.1957,-1.201,-0.0002,0.3409,1.0087,-0.5769,-0.2922,2.615,-1.0087
-0.4114,0.1289,-0.3515,2.5392,-1.5709,-0.1977,0.7377,-1.3808,0.0897,0.3024,1.0443,-0.6032,-0.1575,2.032,-0.871
-0.3345,-0.0216,-0.1441,1.9849,-1.5896,-0.2435,0.3641,-1.6225,-0.0682,0.233,1.3171,-0.6978,-0.1326,1.5866,-0.6092
-0.2186,-0.0362,0.2369,1.663,-1.2261,-0.3551,0.7396,-1.4178,-0.1814,0.2631,1.3617,-0.7167,-0.0749,1.1606,-0.5439
0.0503,0.1137,0.0294,1.2255,-1.262,-0.5513,1.1069,-1.3529,-0.3075,0.2066,1.2429,-0.6199,-0.0913,1.2188,-0.4076
0.187,-0.1706,0.0437,1.1542,-1.3652,-0.8431,0.9516,-0.9818,-0.3418,0.7398,1.1771,-0.4682,-0.1572,1.1459,-0.4414
-0.4135,-0.001,0.4242,1.3971,-1.3583,-0.6062,0.7217,-0.9882,-0.4888,1.0842,1.2049,-0.6814,-0.5949,0.862,-0.3204
-0.2005,-0.2838,0.1883,1.4637,-1.2733,-0.0173,0.8006,-0.8242,-0.4215,0.8935,1.5023,-0.7317,-0.2776,1.1183,0.066
-0.0599,-0.576,0.519,1.3473,-1.1696,0.7987,0.9432,-0.9729,-0.4692,0.6544,1.4491,-0.8929,-0.2401,1.536,0.0479
0.3316,0.7088,0.4847,0.9267,-0.6434,0.3611,0.5333,-0.9732,-0.5967,0.603,1.3203,-0.5333,-0.6705,1.0855,0.0177
0.4393,0.3521,0.0928,0.509,-1.2816,0.1464,0.3162,-0.9487,-0.5544,-0.0304,1.5607,-0.8265,-0.914,1.0367,-0.3111
0.0326,-0.0377,-0.0211,1.0091,-1.3148,0.0853,0.6786,-0.7328,-0.5121,-0.1801,1.2954,-0.721,-0.7953,1.2181,-0.1203
0.2241,0.2273,-0.2348,0.9646,-1.19,-0.5758,0.528,-0.7844,-0.2117,-0.1342,1.0963,-0.4339,-0.7303,0.8494,-0.3346
-0.1075,0.1373,0.6269,1.4083,-0.97,-1.1605,0.6413,-1.1405,-0.1996,0.2308,1.1129,-0.5066,-0.487,0.3311,-0.4167
-0.6094,-0.1792,0.0097,1.43,-0.7548,-0.7029,0.3252,-0.9529,-0.2046,0.3036,1.2962,-0.5977,-0.1402,0.6103,-0.1433
-0.35,0.4682,0.0717,1.4499,-0.5294,-0.5887,0.4012,-1.4821,-0.4654,0.4421,1.3338,-0.6521,-0.004,0.8664,0.0054
-0.1128,0.6792,-0.0652,1.3693,-0.7358,-0.3244,0.2904,-1.0452,-0.456,0.3682,1.6098,-0.8228,-0.3597,1.0214,0.2157
-0.1113,0.6117,0.4972,1.4732,-0.8464,0.091,0.4494,-1.3207,-0.5766,-0.0501,1.3149,-1.0942,-0.4929,0.9303,0.1815
0.0602,0.4021,-0.4111,0.8644,-1.4152,0.0243,0.332,-1.2049,-0.6495,0.396,1.1949,-1.0848,-0.4191,1.3355,-0.0284
0.253,0.4727,0.0141,0.6626,-1.6534,-0.4087,1.0473,-1.2394,-0.4512,0.1749,1.052,-1.1912,-0.7019,0.9385,-0.0209
0.4894,0.8579,0.3781,0.5378,-1.5103,-0.8319,1.0983,-1.0281,-0.4412,0.4373,1.1233,-1.0916,-0.8782,0.6846,0.3888
0.2573,0.8317,0.3532,0.4372,-1.605,-0.7623,0.9329,-0.9557,-0.4818,0.5648,1.2218,-1.6506,-1.0981,0.9581,0.7032
0.1487,0.9108,0.7222,0.4187,-1.4238,-0.1249,1.2739,-0.8208,-0.5571,0.6986,1.2246,-1.8094,-1.1585,0.908,1.0684
0.1099,0.8189,1.1694,0.1245,-1.9588,0.1214,1.0347,-0.512,-0.458,0.5823,1.3701,-1.8467,-1.0386,1.3497,0.7839
0.5969,1.1062,1.028,-0.0584,-2.0343,-0.0787,0.8175,-0.1993,-0.4941,0.018,1.6732,-1.6353,-1.3484,1.8842,0.4429
0.461,0.3061,0.7287,0.1503,-2.0908,-0.3578,0.9605,-0.1292,-0.5826,-0.0035,1.2279,-1.5072,-1.4954,1.5089,0.5118
0.3694,0.7158,1.2042,0.2776,-1.9387,-0.1199,1.2163,-0.2154,-0.4818,-0.246,1.0459,-0.9326,-1.3984,1.4689,0.6289
0.0608,0.6514,0.84,0.1853,-1.9331,-0.2235,0.9523,-0.3819,-0.2684,-0.5949,0.9878,-0.7638,-1.3105,0.788,0.2364
0.132,0.195,1.1077,0.3178,-1.5145,-0.8221,1.0881,-0.4348,-0.3106,-0.0968,0.9417,-0.59,-0.8878,1.3078,0.5193
0.0388,0.649,0.9189,0.3977,-1.078,-0.6638,0.919,-0.4765,-0.2991,0.4909,1.1985,-0.4409,-0.9986,0.6198,0.7987
-0.0578,-0.1894,0.3497,-0.0654,-0.859,-0.232,0.8306,-0.3549,-0.284,1.4576,1.2833,-0.5063,-0.5902,1.3441,1.0618
0.2971,-0.1475,0.6994,-0.0628,-0.434,0.2033,0.9391,-0.2524,-0.2988,0.6939,1.8906,-0.4526,-0.5056,0.6764,1.1909
0.8175,0.0107,0.6334,-0.4524,-0.2999,0.632,0.7343,-0.3491,-0.2617,0.007,2.108,-0.273,-0.4757,0.5139,1.0747
1.0747,0.4773,-0.1931,-0.8096,-0.378,-0.1486,1.0229,-0.3326,-0.2441,-0.5337,1.6564,0.0037,-0.8483,0.1931,0.7205
0.9899,0.6325,-0.2265,-0.6603,-0.6492,-0.9885,1.167,0.2151,-0.3836,-0.3794,1.2117,0.3914,-1.2956,-0.3573,0.6017
0.403,0.8029,-0.0168,-0.3544,-0.8698,-1.105,0.9543,0.2737,-0.3347,0.0015,0.6346,0.1851,-1.5858,-1.4456,0.9837
-0.0867,0.4126,0.1676,-0.1653,-1.0105,-0.87,0.9879,0.2534,-0.2768,0.0216,1.0738,-0.2354,-1.493,-1.7869,1.0726
0.0362,0.3501,0.7273,-0.0923,-0.9179,-0.9144,0.7472,0.043,-0.3731,0.0352,1.1231,-0.4459,-1.1674,-1.5762,1.0535
-0.095,0.2775,0.4518,-0.4052,-0.6899,-1.2453,0.7979,0.0175,-0.2286,0.57,1.0328,-0.485,-0.943,-0.7636,1.0258
-0.178,0.3214,0.4295,-0.1129,-0.6824,-1.068,0.5011,0.0389,-0.1651,0.286,1.4608,-0.6958,-0.9604,-1.0667,1.0156
-0.2841,0.5875,0.2041,-0.0527,-0.5573,-0.7271,0.6545,-0.128,-0.4382,0.9425,1.695,-0.7359,-0.9971,-0.7677,0.7423
0.0841,0.495,0.1111,0.1542,-0.9445,0.2132,0.4636,-0.0473,-0.4774,0.134,1.8177,-0.9295,-0.8991,-0.3828,0.6032
0.2206,0.0528,0.0444,0.2135,-1.1496,0.1086,0.9403,-0.1461,-0.4123,0.192,1.2279,-1.1334,-0.9494,0.0829,0.2526
0.2384,0.0812,0.4602,0.1252,-1.1224,0.679,1.286,-0.1076,-0.6735,-0.1122,1.1722,-0.8142,-0.9585,0.3991,0.0831
0.6553,0.0834,0.3402,0.3137,-1.4123,0.3798,1.3843,0.0974,-0.4224,-0.3179,0.9373,-0.5831,-0.9725,0.6235,-0.2756
0.5417,0.6491,0.0259,0.4595,-1.5411,-0.1873,1.2117,0.0196,-0.3338,-0.6402,0.6337,-0.8115,-1.4605,0.1267,-0.4511
0.2156,0.74,0.1711,0.5013,-1.5195,-0.8712,1.0944,0.0115,-0.2391,0.0295,0.6126,-0.6709,-1.8724,-0.3529,-0.5705
-0.2606,0.5723,-0.0078,1.4466,-1.5254,-0.8447,1.372,-0.1286,-0.2553,0.0071,0.8774,-0.5161,-1.8728,-0.7033,-0.257
-0.7535,0.4442,0.1081,1.0276,-1.639,-0.7349,1.0243,-0.3688,-0.3479,0.4012,1.505,-1.0704,-1.067,-0.2128,-0.0938
-0.6945,0.1499,0.164,1.2607,-1.6811,-0.0354,0.6877,-0.7405,-0.3306,0.1193,1.5289,-1.2673,-0.6354,0.2696,-0.0053
-0.3842,0.2376,0.2919,1.1617,-1.6132,0.1326,0.8202,-0.7314,-0.2065,0.1592,1.3201,-0.9667,-0.3876,0.7773,-0.4941
-0.2759,0.1214,0.0113,1.4308,-1.5562,1.2312,0.8452,-0.6327,-0.2994,-0.5058,1.4345,-0.7423,-0.3558,0.6817,-0.7055
0.1891,0.1272,0.0881,1.1105,-1.4245,0.7443,0.9923,-0.7117,-0.2752,-0.5129,1.1811,-0.3067,-0.3962,1.1674,-0.8726
0.4133,0.4987,-0.2863,1.1316,-1.321,0.3716,1.1312,-0.5596,-0.3289,-0.8725,1.354,-0.2457,-0.701,0.9213,-1.0918
0.4455,0.8222,-0.6161,1.2539,-1.4017,-0.8176,0.9149,-0.5352,-0.3001,-0.4762,1.2227,-0.0746,-1.013,0.5084,-0.6347
-0.2592,0.3632,-0.2348,1.3182,-1.8266,-1.3477,0.7314,-0.3149,-0.1201,-0.1101,1.5616,-0.1159,-1.1968,-0.2528,-0.6621
-0.8577,0.2711,-0.3839,1.7208,-1.3407,-1.2216,1.1962,-0.4326,-0.1468,0.2647,1.8048,-0.3724,-1.1276,-0.2997,-0.2814
-1.2585,0.601,-0.3618,2.0482,-1.583,-0.9093,0.6251,-0.5434,-0.0982,0.6063,1.885,-0.7956,-1.0745,-0.4,-0.2386
-1.025,0.5864,-0.1739,2.4511,-1.6286,-0.7852,0.6261,-0.8947,-0.2072,0.6669,2.0346,-1.2255,-0.7083,-0.3123,-0.126
-0.9894,1.0676,0.2521,2.1663,-1.499,-0.4175,0.6685,-1.1878,-0.3326,0.6734,1.9629,-1.579,-0.8732,0.1764,0.0857
-1.1205,0.7857,0.1727,2.1431,-1.5538,0.3773,0.6005,-1.3381,-0.4018,0.2764,1.7536,-1.9515,-0.6567,0.6476,-0.0596
-0.7459,0.5252,-0.0441,2.0132,-1.4428,0.0279,0.7764,-1.4085,-0.7525,-0.104,1.334,-1.6303,-0.2324,2.3444,-0.3328
-0.6003,0.4749,0.167,2.187,-1.7117,-0.1969,0.6844,-1.8806,-0.3954,-0.3097,1.1529,-1.4017,-0.0444,2.7128,-0.1132
-0.2414,0.3378,0.2932,1.181,-1.8544,-0.2216,1.1063,-1.5682,-0.3889,-0.3262,1.2533,-0.8192,-0.1921,2.68,0.2335
-0.475,0.5808,0.5395,1.6035,-1.6436,-0.2235,0.5922,-1.0181,-0.4902,0.3332,1.39,-0.4169,-0.4509,2.5643,-0.0284
-0.2949,0.7107,0.3774,1.4612,-1.7459,-0.0209,0.7642,-0.7423,-0.3021,-0.3411,1.5867,-0.678,-0.5212,1.9,0.1939
-0.3513,0.2166,0.1867,1.182,-1.5197,0.0083,0.8492,-0.8506,-0.7612,-0.2565,1.5415,-0.8431,-0.5425,1.8089,0.3193
-0.234,0.1161,0.1713,1.019,-0.9981,0.1662,0.6554,-0.8614,-0.6872,-0.3566,1.494,-0.7238,-0.2543,1.7739,0.2254
0.1115,0.2933,0.008,0.8675,-1.177,0.0065,0.9513,-0.6858,-0.7405,-0.3829,1.2449,-0.4103,-0.1157,1.6871,-0.1894
0.0095,0.1841,-0.1728,1.1327,-1.4768,0.0918,0.816,-0.4109,-0.6114,-0.8988,1.1308,-0.3909,-0.4959,1.3246,-0.0218
-0.097,0.0657,-0.2289,0.8714,-1.6075,-0.1486,0.9531,-0.3677,-0.6657,-0.8953,0.7772,-0.0607,-0.4116,0.6324,-0.3505
0.0924,0.2952,0.112,1.278,-1.2223,-0.8768,0.4704,-0.3977,-0.7233,-0.698,0.9925,0.3836,-0.5086,0.0643,-0.0425
-0.6615,-0.0125,0.177,1.464,-1.1344,-0.5483,0.5373,-0.4268,-0.6134,-0.1656,1.4799,0.0131,-0.6244,-0.2991,0.3726
-0.7481,0.3535,0.1261,1.4057,-1.074,-1.0781,0.5642,-0.4919,-0.5855,0.0907,1.8746,-0.0967,-0.4281,-0.3781,0.0161
-0.972,0.2655,0.0959,1.4833,-1.3501,-0.2922,0.6224,-0.7568,-0.5149,0.3376,1.9088,-0.5905,-0.1633,-0.1007,0.2677
-0.6833,0.6256,0.352,1.5027,-1.3872,-0.1705,0.697,-0.8963,-0.4791,0.223,1.9366,-0.6497,-0.154,0.1224,0.1495
-0.6009,0.4383,0.1964,1.2686,-1.5682,-0.2684,0.593,-0.9885,-0.6095,0.1538,1.9861,-0.7202,-0.1233,0.6134,0.1554
-0.611,0.8021,-0.0601,1.4089,-1.2212,-0.6137,0.8576,-0.9115,-0.5369,0.3286,1.839,-0.7605,-0.1283,0.555,0.0201
-0.8868,0.9338,-0.1645,1.7515,-1.4622,-0.8246,0.5091,-0.8324,-0.5549,0.7864,1.5954,-0.9973,-0.3849,0.7824,0.5475
-0.946,0.3854,0.0977,1.5135,-1.7341,-0.1428,0.4013,-0.5169,-0.6109,0.48,1.4268,-1.3759,-0.4973,1.213,0.7654
-0.656,0.216,0.4625,1.1322,-1.4051,0.041,0.8113,-0.6574,-0.6562,0.218,1.5347,-1.1792,-0.2227,1.4326,0.5419
-0.4006,0.3118,0.7175,1.2172,-1.619,0.4246,0.799,-0.2624,-0.8519,-0.2539,1.526,-0.8577,-0.1296,1.778,0.7208
-0.4533,0.5155,0.3389,0.9178,-1.5562,0.576,1.5797,-0.5344,-0.8359,-0.2666,1.1218,-0.5647,-0.3756,2.095,0.7971
-0.0817,0.2424,0.3669,0.6876,-1.7552,1.0477,1.3357,-0.4317,-0.7786,-0.5288,1.0381,-0.332,-0.3496,1.758,0.3725
0.6811,0.2808,0.1333,0.2837,-1.6101,0.4988,1.3704,-0.0788,-0.8138,-1.03,0.6789,0.095,-0.5627,1.6772,0.3979
0.1013,0.5619,-0.0865,0.3393,-0.8535,-0.1341,1.4287,0.722,-0.785,-1.0002,0.5665,0.5054,-1.1869,0.6188,0.2502
-0.3006,0.6077,-0.4766,0.5899,-1.5538,-0.7262,0.7394,0.5318,-0.528,-0.7409,0.9071,0.2741,-1.5637,0.404,0.5643
-0.5731,0.7283,0.2467,0.9432,-1.5359,-0.3651,1.1032,0.0991,-0.5836,-0.5984,1.0929,-0.1296,-1.3546,-0.2152,0.8422
-0.7353,0.5369,0.2392,1.0605,-1.4143,0.0686,0.8649,-0.3399,-0.7304,-0.6536,1.1437,-0.4745,-0.9616,-0.3988,0.7995
-0.277,0.4696,0.2264,0.9575,-1.6182,0.106,0.6144,-0.6235,-0.7015,-0.6785,1.4157,-0.4371,-0.9966,0.7926,0.7128
0.1714,0.6014,0.5492,0.8087,-1.5542,-0.0733,0.541,-0.7774,-0.7978,-0.7541,1.0469,0.0744,-1.09,0.5249,0.5189
0.0391,0.4698,0.2895,0.7404,-1.6438,-0.1952,0.4295,-0.8353,-0.9143,-0.8707,1.2821,-0.1706,-1.1348,0.2884,0.3532
-0.1546,0.4816,0.3402,1.1804,-1.7331,0.298,0.7797,-0.8392,-0.7408,-1.2496,1.2632,0.1811,-1.036,-0.3122,0.151
0.5007,0.4032,0.3735,0.9076,-1.6704,0.4132,0.7623,-0.9345,-0.9399,-1.3553,1.2705,0.3498,-0.7906,-0.1779,-0.0668
0.208,0.5523,-0.3382,0.7602,-1.4839,-0.6826,0.7743,-0.8286,-0.9065,-1.0503,1.3835,0.5697,-0.9283,0.0932,-0.3032
-0.1852,0.8113,-0.424,0.9857,-1.8838,-1.1503,0.6104,-0.595,-0.7841,-0.8578,1.3979,0.3072,-1.1005,-0.942,0.1119
-0.6176,0.7166,-0.0031,1.1718,-2.3515,0.064,0.4656,-0.5423,-0.6877,-0.8587,1.5488,-0.4752,-1.1214,-0.7987,0.5294
-0.482,0.8413,0.1786,1.3038,-1.8604,-0.2499,1.0769,-0.6168,-0.8671,-0.9474,1.1162,-0.8444,-1.0397,-0.4507,0.2616
-0.4541,0.7066,0.1313,1.3142,-2.121,-0.6244,0.3261,-0.749,-0.8759,-0.431,1.0615,-0.6746,-1.0951,-0.0578,0.4338
-0.8231,0.9395,-0.1933,1.2527,-2.0275,-0.2742,0.8059,-0.8343,-0.9126,-0.1351,1.0573,-0.8631,-0.965,0.2995,0.8942
-0.6656,0.5102,0.1666,0.9925,-2.1832,0.1871,0.7168,-0.9963,-1.1256,-0.0689,1.3333,-1.0676,-0.6021,0.6071,0.6744
-0.4371,0.8858,0.4209,0.8246,-2.1143,0.207,0.581,-1.0378,-0.5758,-0.7477,1.4355,-1.1429,-0.6925,0.6811,0.3128
-0.0852,0.3363,0.1276,1.0183,-1.7938,-0.3947,0.6599,-0.8189,-0.5578,-0.8364,1.1962,-0.8924,-0.833,0.8645,0.0794
-0.1788,0.7077,-0.0018,0.9904,-1.6099,-0.5604,0.8264,-0.9089,-0.8119,-0.8063,0.8819,-0.2857,-0.7827,0.9197,0.4182
-0.4379,-0.0528,0.2021,1.1661,-1.8905,-0.3416,0.7562,-0.9045,-0.9219,-0.6923,1.0192,-0.5109,-0.6564,0.9131,0.8025
-0.7115,-0.4598,0.3004,0.3763,-1.7562,0.022,0.3027,-1.1589,-0.8778,-0.7651,1.3915,-0.5537,-0.1957,1.6374,0.916
0.0654,-0.0935,0.0219,0.5334,-1.1356,-0.0325,0.357,-1.3294,-0.5109,-1.0587,1.4491,-0.2233,-0.1136,1.5665,0.9538
0.2358,-0.1105,-0.2016,0.4081,-1.1906,0.4561,0.8957,-1.2668,-0.6786,-1.3476,1.0952,-0.0567,-0.2982,1.4446,0.8598
0.57,-0.1157,-0.0884,0.6084,-0.9711,-0.2691,0.6903,-1.047,-0.8072,-1.5597,1.1651,0.3104,-0.4767,0.8154,0.6377
0.3146,-0.2364,-0.1065,0.3651,-0.9599,-0.3535,0.5382,-1.1665,-1.0664,-1.4601,1.4228,0.2663,-0.6938,0.5491,0.8805
0.1276,-0.113,-0.2833,0.3281,-1.162,-0.6314,0.4549,-0.7932,-1.0219,-0.9289,1.4349,0.4433,-0.5783,0.3655,1.0525
0.2998,-0.2584,-0.1686,0.1867,-1.1255,-0.4476,0.9373,-1.0106,-1.0308,-0.9849,1.6269,0.0329,-0.693,0.0801,1.3714
-0.0101,-0.2106,-0.4254,0.1177,-1.0756,-0.6052,0.737,-1.1591,-1.1613,-0.2496,1.5372,-0.1157,-0.6696,0.1553,1.3275
0.2339,-0.0813,-0.3029,-0.0439,-0.7313,0.0769,0.8066,-1.2373,-1.1809,0.0625,1.7422,-0.4501,-0.6187,-0.0604,1.3885
0.4432,0.2716,-0.3642,-0.0247,-0.9736,0.8011,0.8638,-1.1305,-0.9733,-0.5664,1.9378,-0.8254,-0.6207,-0.0813,1.1564
0.9489,0.2984,-0.3001,-0.1467,-1.0485,0.7101,1.0149,-0.8102,-0.98,-0.2775,1.6608,-0.8652,-1.1142,-0.2731,1.0512
0.7711,-0.0115,0.2932,-0.1573,-1.5673,0.1782,0.9348,-0.5816,-1.0501,-0.6746,1.9102,-1.4181,-1.3848,-0.5757,0.8688
0.6513,-0.0583,-0.0578,0.0445,-1.6574,-0.1769,0.9384,-0.2246,-1.017,-1.1106,1.8958,-1.0871,-1.4494,-0.3212,0.931
0.2571,0.0791,0.1509,0.1854,-1.4726,-0.4883,1.2806,-0.2695,-0.8977,-0.8698,1.6881,-0.8662,-1.3766,-0.0184,1.0437
0.1036,0.4296,0.345,0.352,-1.7785,-0.2073,0.8863,-0.1834,-0.8496,-0.8627,1.6717,-0.8076,-1.3085,-0.3475,0.8089
0.046,0.4144,0.6608,0.3132,-2.052,-0.4007,0.9963,-0.4812,-0.9223,-0.9709,1.5944,-1.0975,-1.3731,-0.0779,0.8358
0.5399,0.0617,0.3415,0.2972,-1.667,-0.4924,0.8864,-0.2995,-1.0717,-1.3395,1.2875,-0.982,-1.1146,0.5039,1.2402
0.167,-0.177,0.2041,0.1674,-1.6538,-0.2519,0.9974,-0.3843,-0.9426,-1.0178,0.9777,-0.8927,-1.1243,0.1435,1.1382
0.0343,-0.4833,0.0316,0.082,-1.7532,0.1779,0.9193,-0.4752,-1.0423,-0.9814,1.2564,-0.8341,-0.5745,0.2667,1.1791
0.1874,-0.5196,-0.1066,-0.0603,-1.6172,0.1331,0.867,0.0938,-0.7471,-0.9685,1.4175,-0.3215,-0.6106,0.5116,0.7556
0.0226,-0.7073,0.1839,0.2719,-1.3251,0.5556,0.4253,0.1504,-0.7759,-1.1428,1.6889,-0.6691,-0.5718,0.2783,0.7952
0.2662,-0.2069,0.1559,0.4833,-0.8516,0.1436,0.4568,-0.2789,-0.6678,-1.5437,1.6877,-0.3122,-0.5684,1.1417,0.7286
0.3266,-0.2638,-0.1656,0.2473,-0.8526,0.0798,0.9971,-0.485,-0.6203,-1.7348,1.3733,0.0937,-0.7236,1.2412,0.9473
0.47,0.0067,-0.2395,0.0917,-0.8933,-0.5844,0.9982,-0.3655,-0.6052,-3.237,1.1687,0.3926,-0.9601,0.3049,1.3631
0.0386,-0.0803,0.0094,-0.0193,-0.8327,-1.1455,0.5113,-0.5869,-0.4454,-2.5548,0.6623,1.007,-0.9267,-0.6073,1.5294
-0.0877,-0.0519,0.0883,-0.1256,-0.5716,-1.1706,1.0669,-0.5359,-0.7133,-1.7041,0.5876,1.1017,-0.8948,-1.0603,1.7378
-0.1985,-0.1276,0.5042,-0.1457,-0.853,-1.0649,0.6231,-0.6256,-0.5332,-2.0407,0.5965,0.6782,-0.5482,-1.3687,2.0469
-0.5492,0.1105,0.023,-0.1756,-0.6289,-0.8123,0.5453,-0.5175,-0.784,-1.6533,0.8313,0.5315,-0.6833,-1.1321,2.0734
-0.1596,-0.169,0.2692,-0.0633,-0.686,-0.2434,0.3755,-0.4601,-0.8673,-1.5936,1.0131,0.3216,0.0028,-0.7146,1.9115
-0.2497,0.1559,0.3924,0.3976,-0.6116,0.073,-0.3699,-0.4192,-0.9394,-1.2011,1.2995,0.4071,-0.4453,-0.1332,1.3513
-0.0082,-0.5949,0.0861,0.4983,0.0066,0.087,0.4099,-0.9053,-1.2258,-1.4967,1.5215,-0.2402,-0.1137,0.1587,1.2251
0.1792,-0.3039,-0.5811,0.4547,-0.269,0.1482,0.6773,-0.9733,-1.2119,-1.6281,1.0163,-0.0094,-0.1631,0.4985,1.0519
0.2489,-0.1905,-0.7266,0.3928,-0.3493,-0.2427,0.5208,-1.066,-1.1178,-1.5529,0.8754,0.0746,-0.4603,0.0903,0.8689
0.2779,0.0112,-0.4875,0.9105,-1.2156,-0.2984,0.1201,-0.7567,-1.2699,-1.4108,1.2797,0.2254,-0.5505,-0.1305,0.4702
0.1595,0.1291,-0.131,0.9679,-1.6665,-0.2207,0.6489,-0.8564,-1.1818,-1.3681,1.3406,-0.0674,-0.7858,-0.6444,0.2144
0.0774,0.0187,0.3221,1.4086,-2.116,-0.1615,0.4846,-0.8023,-1.1951,-1.2638,1.5826,-0.1685,-0.6086,-0.2977,-0.0112
-0.2596,0.1382,-0.1592,1.5787,-1.9591,0.0151,1.0294,-0.9395,-1.0767,-1.3441,1.3972,-0.2201,-0.5248,-0.1139,-0.0392
-0.1974,0.3034,-0.3225,1.7957,-1.9807,-0.0321,0.9058,-0.9347,-1.2314,-1.214,0.8526,-0.3037,-0.4932,0.4243,-0.2427
-0.5533,-0.0412,-0.4095,2.0887,-2.0312,-0.2984,0.95,-1.0955,-0.9263,-0.9031,1.0326,-0.1418,-0.4103,0.3668,-0.522
-0.7527,0.5245,-0.5743,2.1495,-2.3532,-0.762,1.0819,-1.2244,-0.4532,-0.2034,1.62,-0.6023,-0.3686,0.6053,-0.3416
-0.9333,0.3999,-0.2895,1.8161,-2.0042,-0.8694,0.8987,-1.3123,-0.5621,0.0257,1.3984,-1.1028,-0.2047,0.4826,-0.5202
-0.9043,0.2243,-0.4862,2.134,-1.6351,-0.8273,0.8264,-1.1496,-0.6537,0.0787,1.8909,-1.2574,0.051,1.2478,-0.007
-0.8084,0.0678,-0.5808,1.9308,-1.4673,-0.6543,0.8631,-1.3283,-0.4391,-0.103,1.9543,-1.5107,0.1356,1.9492,0.2755
-0.6237,-0.3932,-0.4218,1.9347,-1.356,0.0723,0.7498,-1.3044,-0.522,-0.5594,1.9422,-1.4436,0.3386,2.7681,0.6414
-0.3732,-0.0727,-0.4818,1.6833,-1.0553,-0.0116,0.8767,-0.9085,-0.701,-0.7258,1.4575,-0.7451,0.1679,2.76,0.6595
-0.005,-0.0132,-0.4147,1.035,-1.0191,-0.0737,0.9239,-1.1372,-0.8324,-0.6602,1.2364,-0.7416,0.0867,2.139,0.8639
0.3205,-0.1713,-0.228,0.7686,-1.2385,-0.1475,0.8431,-1.1166,-0.8794,-0.6492,1.4889,-0.6581,0.0444,2.0879,0.8755
0.3969,-0.0918,-0.4511,0.5191,-1.2025,-0.4649,0.8856,-1.1405,-1.0324,-1.5478,1.4921,-0.4995,-0.2594,2.0524,0.8569
0.5492,-0.2422,-0.3198,0.6352,-1.246,-0.7541,0.7545,-0.8369,-1.0211,-1.0575,1.2922,-0.0319,-0.3171,1.7703,1.2518
-0.0385,0.0767,0.1758,0.5597,-1.0585,-0.4811,0.6184,-0.8543,-0.8376,-1.0099,1.148,0.1921,-0.5587,1.4108,1.5007
0.0678,0.2127,-0.0908,0.2796,-1.1371,-0.4694,0.8222,-1.1139,-0.8658,-0.538,1.1952,-0.0137,-0.3324,1.3464,1.4986
0.3509,0.2282,-0.1966,0.2014,-1.1888,-0.0487,1.3104,-0.7485,-0.975,-0.9453,1.2877,-0.1357,-0.4785,0.7643,1.342
0.3011,-0.4981,-0.3077,0.1624,-1.4751,0.211,0.895,-0.7652,-1.3375,-0.5784,0.7051,-0.0396,-0.6047,0.9155,0.4249
0.5064,-0.3508,-0.2776,0.658,-1.2817,0.7039,0.9032,-0.4739,-1.2489,-0.5769,0.8585,0.1448,-0.5135,0.7141,0.3429
1.0933,-0.2466,-0.4333,0.4411,-1.6214,0.1042,0.6814,-0.3559,-1.1625,-0.5664,1.0114,0.1563,-0.5872,0.4764,-0.1841
1.4098,-0.1589,-0.5122,0.3331,-1.9769,-0.084,-0.2804,-0.5942,-0.9511,-1.2831,1.5499,-0.024,-0.7292,0.1434,-0.4155
0.9519,-0.3297,-0.7207,0.8243,-1.6098,-0.9208,0.5923,-0.5052,-1.3169,-1.1965,1.497,0.3415,-1.1379,-0.1625,-0.5674
0.1516,-0.2429,-0.9856,0.8723,-1.7813,-0.9544,0.9169,-0.4551,-1.1964,-0.7939,0.8668,0.3233,-1.0233,-0.7135,-0.2033
-0.1302,-0.2186,-0.9324,1.1557,-2.2525,-2.0467,0.7408,-0.2004,-1.2397,-0.0518,1.1238,0.286,-0.7245,-0.8022,-0.0882
-0.612,0.3482,-0.6277,1.8776,-2.2195,-1.5439,0.9238,-0.3754,-1.0747,0.3192,1.0489,-0.2581,-0.8585,-1.093,0.2042
-0.9114,0.2562,-0.432,2.1325,-1.9512,-0.5529,0.6976,-0.7598,-1.0205,0.392,1.475,-0.9827,-0.5104,-0.9633,0.225
-0.677,0.2107,-0.1987,2.0217,-2.2296,-0.3826,0.4616,-1.3832,-1.0367,0.4907,1.7068,-1.346,-0.1057,-0.1736,0.0
-0.3313,-0.0509,-0.017,2.3289,-1.9368,0.8116,0.187,-1.7703,-1.0357,0.0878,1.7595,-1.5077,0.3306,0.9297,-0.2005
0.239,0.1404,-0.4701,1.9158,-1.6129,0.4702,0.0111,-1.6818,-1.0764,-0.6644,1.6521,-0.8578,0.21,1.7036,-0.3181
0.3591,-0.0251,-1.1991,1.8782,-1.7956,-0.1034,0.5344,-1.506,-0.9367,-1.0453,1.369,-0.6349,0.1165,2.1437,-0.5264
0.2568,0.0664,-1.1176,1.9539,-1.8109,-0.1708,0.3835,-1.4428,-0.9277,-0.5839,1.0412,-0.2737,-0.0765,1.277,-0.2847
0.0929,0.2009,-0.9609,1.7594,-1.83,-0.6348,0.6484,-1.5206,-1.1287,-0.4373,1.4377,-0.2365,-0.1357,1.4051,-0.3296
0.0651,-0.2803,-0.8205,2.1517,-2.0991,0.1118,1.2898,-1.4745,-1.2527,-0.5923,1.3971,-0.4388,0.0985,1.349,-0.2015
0.2609,-0.2253,-0.5976,1.88,-2.033,0.0124,0.6628,-1.728,-0.863,-0.9507,1.4173,-0.6662,0.2194,1.6161,-0.5514
0.0068,0.4991,-0.412,2.5333,-1.6498,0.0068,0.6961,-1.3096,-0.9804,-1.1565,0.7291,0.2633,-0.1171,1.9602,-0.441
-0.3766,0.0323,-0.2397,2.1864,-2.089,-0.2609,0.4796,-1.4178,-0.9471,-0.9015,0.8069,0.0956,-0.0896,1.4486,-0.5165
-0.1267,-0.0756,-0.6201,2.6176,-1.8217,-0.1941,0.6512,-1.3902,-1.1224,-0.8127,0.8293,0.0636,0.2172,1.5934,-0.2725
0.0067,0.3536,-0.5541,2.3499,-1.572,-0.2764,0.7592,-1.686,-1.157,-0.3273,1.088,0.0875,0.1676,1.3056,-0.0729
-0.1502,0.2078,-0.6441,2.1764,-2.1414,0.4041,0.5564,-1.6428,-1.0525,-0.8981,0.5993,-0.3357,0.0174,0.9948,-0.316
-0.0487,0.307,-0.5627,2.2951,-2.1707,-0.3091,0.8569,-1.5807,-0.9135,-0.8151,0.65,-0.4737,-0.0165,0.8517,-0.7858
0.0549,0.1274,-0.6901,2.4184,-1.6646,-0.6054,0.7468,-1.27,-0.9367,-1.2958,0.7074,-0.2071,0.0476,0.8038,-0.9464
-0.255,0.0676,-1.1466,2.4283,-1.7016,-1.0594,0.6756,-1.1408,-1.2315,-0.9155,0.792,-0.2428,0.0796,0.4647,-0.8266
-0.327,0.178,-1.4011,2.3796,-2.1641,-1.4187,0.5983,-1.2912,-1.0028,0.2871,0.8946,-0.0946,0.1454,0.4269,-1.3556
-0.5422,-0.0201,-1.4836,2.8453,-2.0867,-1.171,0.7135,-1.3304,-1.0844,0.1212,1.4412,-0.603,0.2813,0.6537,-0.8116
-0.979,0.163,-1.3819,2.9044,-2.2626,-0.8881,0.7923,-1.5043,-1.3351,-0.2971,1.714,-0.9388,0.3228,0.5197,-0.7026
-0.9221,-0.2594,-1.3124,2.8787,-0.6914,-0.6266,0.8737,-1.637,-1.3116,0.2027,1.4252,-0.9008,0.7497,1.3069,-0.3116
-0.8362,-0.2493,-1.5796,2.9259,-1.3317,-0.0447,0.3855,-2.0681,-1.1669,-0.1259,1.763,-1.1534,0.9476,1.3932,-0.3174
-0.5988,-0.1316,-1.7232,2.7418,-1.4399,0.018,0.1205,-2.1599,-1.0354,-0.5093,1.8011,-1.1519,0.7982,1.6605,-0.3268
0.0926,-0.1479,-1.4819,2.1919,-1.4746,0.1847,0.3395,-1.9214,-1.3394,-1.0322,1.7564,-0.8773,0.8369,1.4214,0.1518
0.1437,0.0968,-1.2788,1.9501,-1.5946,0.253,0.5072,-1.8843,-1.2224,-1.1985,1.2193,-0.7257,0.3698,1.7276,-0.0895
0.3096,-0.0318,-0.4355,1.9175,-1.4358,-0.3059,0.0132,-1.7251,-1.1509,-1.3694,1.489,-0.4137,0.1273,1.4758,-0.1784
0.3509,-0.0886,-0.8326,2.146,-1.4579,-0.6994,-0.3229,-1.7899,-1.1682,-1.1612,1.1241,-0.4983,0.0682,1.9795,0.1994
-0.092,-0.1645,-0.624,2.0241,-1.1712,-1.187,0.6166,-1.5696,-1.3192,-0.95,1.1092,0.102,-0.2205,1.7475,0.5056
-0.367,-0.0576,-0.6334,1.8171,-1.1645,-1.376,0.5575,-1.5877,-1.2117,-0.4096,1.1749,-0.1534,-0.1284,1.2963,0.8682
-0.6103,0.0709,-0.6172,1.6291,-0.8295,-1.1581,0.7354,-1.8019,-1.0666,-0.3182,1.4579,-0.4708,-0.0098,0.8,1.0909
-0.4303,-0.3502,-0.6142,1.475,-1.0449,-0.8511,0.4197,-1.726,-1.1344,-0.1116,1.7457,-0.8955,0.2918,0.9496,1.3079
-0.2514,-0.0703,-0.4638,1.4294,-0.9819,0.1857,0.2242,-1.5447,-1.0623,-0.5313,1.6799,-0.5207,0.2695,0.7269,1.1149
0.2468,0.0102,-0.4574,1.1928,-1.3634,0.0193,0.8671,-1.5038,-1.383,-0.6943,1.4219,-0.6664,0.1429,0.9335,0.7408
0.2506,0.148,-0.8285,1.0833,-1.4825,0.3155,0.629,-1.2668,-1.3061,-0.8401,1.1745,-0.5909,-0.5645,0.6812,0.6035
0.8328,0.1967,-0.3677,0.9115,-0.869,-0.0883,0.6566,-1.2019,-1.2908,-0.8904,1.114,-0.6431,-0.4925,0.3843,0.561
0.7411,0.096,-1.1198,0.9584,-1.1543,-0.528,0.7322,-0.8681,-1.2539,-1.358,1.1437,-0.4203,-0.7227,0.1653,0.2562
0.0208,-0.2381,-0.8374,1.4261,-1.8549,-1.141,0.8299,-0.7904,-1.3004,-0.9044,0.9694,-0.2841,-0.829,-1.0369,-0.5221
-0.2074,-0.5024,-0.9666,1.6894,-2.4252,-1.3515,0.7411,-0.5531,-1.1604,-0.6503,1.1065,-0.4266,-0.5687,-1.1203,-0.8452
-0.3566,-0.4202,-1.4083,2.5261,-2.3555,-1.2815,0.627,-0.3984,-1.1144,-0.5942,1.2787,-0.3908,-0.4892,-0.7523,-0.7687
-0.5284,-0.1552,-1.035,2.9818,-2.1679,-1.7696,0.5693,-0.7788,-0.9725,-0.3534,1.3694,-0.7191,-0.4572,-0.5525,-0.5817
-0.5242,-0.2295,-0.8438,2.86,-1.8646,-1.3305,0.6198,-1.1459,-1.0075,-0.8125,1.8062,-0.999,-0.2654,-0.1241,-0.0346
-0.7705,-0.2038,-0.8203,2.7556,-1.719,-0.6857,0.1107,-1.5468,-0.9629,-0.9474,1.6061,-1.0366,-0.2594,0.3371,-0.1765
-0.7286,-0.3447,-0.8539,2.8927,-1.332,-0.2251,0.1519,-1.6271,-0.8729,-0.7229,1.4213,-0.9444,0.0878,1.041,-0.0178
-0.82,-0.6404,-1.0718,3.0449,-1.0931,0.0348,0.4511,-1.8147,-0.8408,-0.6717,1.4508,-0.6995,0.4321,1.2677,-0.1965
-0.2418,-0.4419,-1.2548,2.6616,-1.0326,0.2032,0.1785,-1.8278,-0.9578,-0.7777,1.9407,-0.5833,0.3522,1.2963,-0.4274
0.2079,-0.3021,-1.3788,2.527,-1.3942,-0.2523,-0.1082,-1.8159,-1.1431,-0.6834,1.8911,-0.4955,0.4719,1.0368,-0.9526
0.1557,-0.7067,-1.2846,2.7412,-1.788,-0.314,0.0267,-1.3932,-1.1844,-0.8546,1.7027,-0.4745,0.2891,0.9792,-1.18
-0.3382,-0.7576,-1.3652,2.9501,-1.5696,-0.6999,0.404,-1.5005,-1.0907,-0.5651,1.7896,-0.2842,0.1358,0.9973,-1.065
-0.4652,-0.4064,-1.2011,3.1,-1.1692,-1.1966,0.3269,-1.2546,-1.0428,-0.3488,2.2782,-0.2128,-0.0483,-0.1724,-1.1801
-0.8854,-0.1401,-1.7615,3.3732,-1.3927,-1.4689,0.3596,-1.9772,-0.9452,-0.3073,2.1126,-0.58,0.0598,-0.5385,-1.2257
-1.257,-0.0204,-1.0848,3.9508,-1.4276,-1.0298,0.2661,-1.7482,-0.9334,-0.4658,2.0995,-0.9771,0.233,0.0315,-0.686
-1.5652,-0.4296,-1.3105,3.8611,-1.6903,-0.212,0.0973,-2.1394,-1.0039,-0.466,1.725,-1.4474,0.7196,-0.0085,-1.2306
-1.2465,-0.4899,-1.1842,3.8249,-1.3169,-0.261,0.2838,-2.123,-0.9352,-0.9264,1.4952,-1.1431,0.9627,1.1657,-1.1803
-0.835,-0.3484,-1.5243,3.3404,-1.3104,-0.3531,-0.0197,-2.1725,-0.8513,-0.6196,1.3675,-0.7061,1.0722,2.1823,-1.2683
-1.0288,-0.385,-1.5747,3.4086,-1.1979,-0.9067,-0.2111,-2.4459,-0.7335,-0.4716,1.5776,-0.7022,1.0685,2.2643,-1.4225
-0.6526,-0.3271,-1.446,3.6077,-1.1268,-0.1885,-0.5288,-2.1362,-0.7774,-1.1671,2.003,-0.9828,1.1065,2.023,-0.8971
-0.3626,-0.0295,-1.1969,3.0477,-0.9868,-0.6954,-0.0866,-2.2346,-0.9692,-1.2348,1.3638,-0.5021,1.0901,2.0492,-0.8255
-0.7221,0.0537,-1.5113,3.5607,-1.1344,-0.4071,-0.073,-2.4329,-0.9697,-1.5842,1.6582,-0.6952,0.6453,2.5939,-0.6849
-0.7667,-0.17,-1.2211,3.0733,-1.6631,-1.1777,0.0273,-2.3833,-0.6878,-1.1493,1.1369,-0.5675,0.6237,2.232,-0.6848
-0.8896,-0.1879,-1.1358,3.1424,-1.2447,-1.0628,0.3337,-2.5013,-0.6741,-0.8732,1.5588,-0.4137,1.0708,2.3649,-0.2385
-0.7997,-0.2069,-1.517,2.8699,-1.2582,-1.1659,0.1168,-2.5133,-0.6248,-1.2245,1.5669,-0.3249,0.9791,2.4059,-0.2745
-0.8467,-0.2339,-1.1424,2.9493,-0.94,-1.0669,0.1427,-2.4549,-0.6096,-1.3946,1.4746,-0.1331,0.8156,1.8269,-0.3107
-0.7336,-0.0312,-1.1248,2.8391,-0.9129,-1.1405,1.2241,-2.5083,-0.8084,-0.7678,1.3509,0.0663,0.6539,1.9217,-0.0448
-0.6711,-0.0584,-1.3323,2.6492,-1.0272,-1.0637,0.6109,-2.3332,-0.7627,-0.4429,1.7657,-0.2408,0.5029,1.4869,0.0673
-0.7558,0.1774,-1.189,3.0112,-1.0559,-0.1087,0.1689,-2.0452,-0.9071,-0.7366,1.9102,-0.4673,0.3661,1.3901,0.1289
-0.7285,0.0375,-1.027,2.7486,-1.0624,-0.7588,0.3356,-2.6081,-0.8136,-0.7742,1.824,-0.7299,0.5345,0.6516,-0.2085
-0.576,0.1977,-1.0401,2.5875,-0.9718,-0.4846,0.4756,-2.2133,-0.893,-1.2387,1.6177,-0.633,0.547,1.2041,-0.3573
-0.0567,0.0427,-0.979,2.6127,-1.4148,-0.9139,1.6112,-2.3348,-1.0489,-0.9653,0.8492,-0.7212,0.5581,1.7279,-0.4615
-0.3604,0.1557,-0.5591,2.6804,-1.6042,-0.5305,0.7202,-1.9447,-1.0256,-0.488,0.6688,-0.3662,0.2762,1.3394,-0.2472
-0.4815,0.1417,-1.0623,2.7008,-1.8921,-0.577,0.3236,-1.7099,-0.373,-0.6841,1.6592,-0.6276,0.0909,1.3763,-0.4969
-0.7144,0.0011,-0.7016,2.6796,-1.3481,-1.3559,0.214,-1.9008,-0.4433,-0.7663,1.6562,-0.9554,0.176,1.2282,-0.9321
-0.8932,-0.0989,-1.0987,2.9722,-1.1601,-1.1399,0.1686,-1.7705,-0.2451,-0.3414,1.6356,-0.7932,0.4432,1.5457,-0.2098
-1.1563,-0.1532,-1.5568,3.1087,-0.9446,-0.6598,0.9752,-1.8854,-0.3272,-0.7271,1.7965,-0.7758,0.5818,1.7023,0.0168
-1.1895,0.1268,-0.9008,2.7719,-0.9232,-0.5649,0.6559,-1.848,-0.2975,-1.2708,1.8409,-0.4017,0.304,1.5825,-0.0447
-0.9586,0.0347,-1.1498,2.382,-0.6922,-0.7904,0.358,-1.9143,-0.3248,-1.103,1.6312,-0.1838,0.5561,1.4962,0.0278
-0.3654,-0.2543,-0.8379,2.3859,-0.5726,-0.5911,0.1552,-1.9295,-0.2279,-0.6698,1.7348,-0.0357,0.7253,1.2708,-0.0428
0.0917,0.14,-0.7745,2.0518,-0.5947,-0.9327,0.4289,-1.444,-0.2545,-0.9715,1.8094,-0.2019,0.1967,0.8708,-0.05
0.1962,0.0901,-1.1224,1.4144,-0.7128,-1.5353,0.4728,-1.0703,-0.4529,-0.9889,1.6097,-0.2804,-0.3539,0.233,0.1248
-0.2861,-0.1985,-1.2653,1.621,-0.602,-1.3879,0.4387,-0.8515,-0.4883,-0.8748,1.5745,-0.0733,-0.6077,-0.5376,0.3447
-0.5988,-0.0431,-1.2544,1.8133,-0.6292,-1.3762,0.4821,-0.8578,-0.7426,-0.7989,1.5299,-0.4906,-0.6059,-1.2402,0.5452
-1.0052,-0.16,-1.0277,2.2416,-0.4685,-0.4892,-0.0706,-0.8998,-0.8354,-1.2,1.2223,-0.5134,-0.465,-0.8439,0.1264
-0.8488,-0.1883,-0.9209,2.528,-0.4754,-0.5544,-0.1483,-1.1824,-0.8695,-1.153,0.8403,-0.5777,-0.3776,-0.4291,-0.0725
-0.8829,-0.8421,-0.9041,2.614,-0.4769,-0.1398,0.3379,-1.2039,-0.772,-1.2515,0.8648,-0.118,0.1319,0.533,-0.0713
-0.6894,-0.7372,-0.8623,2.5709,-0.3233,-0.8878,0.2038,-1.463,-0.8381,-1.3487,0.9417,0.2153,0.3876,0.9433,-0.0116
-1.032,-0.5781,-0.5437,2.5244,-0.2888,-1.2022,0.2535,-1.762,-0.8082,-0.8967,1.1623,0.0506,0.5149,0.2038,-0.0175
-1.3155,-0.1995,-1.0994,2.4083,-0.5357,-1.2155,0.3479,-1.8897,-0.7281,-0.7613,1.7862,0.1048,0.3781,0.2492,0.124
-1.2105,-0.1996,-1.3734,2.647,-0.5355,-1.0591,0.1458,-1.3814,-0.6813,-0.938,2.1214,-0.0995,0.3564,0.2123,0.1355
-0.9365,-0.4206,-1.0743,3.0467,-0.4755,-1.3214,0.3092,-1.1956,-0.796,-1.1564,1.458,-0.263,0.449,0.2928,0.1555
-1.1748,-0.2562,-1.2714,2.8199,-0.643,-1.0803,0.6048,-1.4425,-0.734,-1.1706,1.1176,-0.6775,0.1828,0.2266,0.0574
-1.3768,-0.1443,-0.4116,3.0571,-0.6172,-0.8562,-0.3513,-1.4247,-0.8817,-1.1059,1.131,-0.6222,0.1893,0.4723,0.051
-1.7739,0.0797,-0.645,3.1851,0.0247,-0.9947,-0.1705,-1.3995,-0.7433,-1.4221,1.2113,-0.3112,0.2109,0.8332,-0.0386
-1.8174,0.2198,-1.4291,3.2657,0.1779,-1.1342,-0.0673,-1.5884,-0.946,-0.9084,1.0466,-0.3565,0.2698,1.3845,0.4129
-1.4023,0.0188,-1.3077,3.2568,-0.0345,-0.7423,0.0723,-1.6724,-0.8904,-0.981,1.7011,-0.6462,0.4385,1.1164,0.2422
-1.0556,0.2519,-0.9777,3.0944,0.1941,-0.7738,-0.0239,-1.4866,-0.7299,-1.1042,1.6235,-0.5495,0.2289,1.7029,0.755
-0.7999,0.4723,-0.927,2.6284,-0.0438,-0.7627,0.3424,-1.6308,-0.6143,-0.9874,1.5159,-0.6493,0.0581,1.2523,0.9257
-0.6807,0.1756,-0.9,2.1767,-0.3632,-1.0215,0.4251,-1.6729,-0.7551,-0.3754,1.5461,-0.743,-0.1352,1.2348,0.9067
-0.5183,-0.1177,-0.2072,2.0441,-0.1988,-0.3514,0.451,-1.7521,-0.9425,-0.7849,1.8393,-1.1259,-0.3068,1.0457,0.849
-0.2861,-0.0249,-0.6873,1.8834,-0.0324,-0.1773,0.7579,-1.5249,-0.9438,-0.9395,1.3534,-0.7863,-0.089,1.6067,0.8135
0.1873,0.1849,-0.1171,1.8716,-0.2275,-0.4014,0.9424,-1.1805,-1.0143,-0.269,1.3133,-0.6358,-0.3571,1.6004,0.7465
0.1889,0.2844,-0.3878,1.7217,-0.4312,-0.408,0.7483,-1.1663,-0.8768,-0.7843,1.6432,-0.7724,-0.6099,1.4251,1.0192
0.177,0.0086,-0.4868,1.1683,-0.5914,-0.6386,1.4826,-1.1595,-0.8969,-1.0908,1.3046,-0.8475,-0.7823,0.8855,1.0135
0.1495,0.0657,-0.2667,1.3931,-0.7228,-0.875,1.3013,-0.7781,-0.9591,-0.8459,0.9205,-0.7222,-0.6729,0.6775,0.4767
0.2426,-0.0392,-0.6038,1.5315,-0.616,-1.184,1.2398,-0.6001,-0.9106,-1.0645,1.0247,-0.6733,-0.7571,0.1655,0.671
0.1621,0.0266,-0.6932,1.4846,-0.9673,-1.6869,0.6388,-0.3739,-0.9418,-0.8997,0.894,-0.4886,-0.8993,0.1242,0.7836
-0.2592,-0.0167,-0.5187,1.8647,-0.6827,-1.5822,0.6632,-0.5798,-0.9992,-0.7595,1.3818,-0.839,-0.8801,-0.4453,1.0906
-0.2427,0.0398,-0.3575,1.8115,-0.705,-1.4656,0.6196,-0.7813,-0.9713,-0.9527,1.3513,-0.8959,-0.6572,-0.3324,1.2915
-1.3064,-0.0801,-0.2411,3.0366,-0.5802,-0.9264,0.4603,-1.2911,-0.8881,-0.9225,1.155,-1.0174,-0.2682,0.2649,1.3783
-0.7671,-0.2662,-0.1628,2.7831,-0.4684,-0.1718,0.4583,-1.6476,-0.6955,-1.5593,0.9464,-0.8644,0.3516,1.2959,1.2305
-0.3752,-0.1604,-0.3234,2.3649,-0.1246,-2.0427,0.6419,-1.664,-0.7802,-0.5444,0.9403,-0.2446,0.6358,2.1665,1.1575
-0.5553,-0.2176,-0.4716,2.2297,-0.0918,-1.6895,0.535,-1.5509,-0.498,-1.0967,1.4204,-0.3457,0.2711,2.0761,1.6184
-0.2457,-0.1726,-0.0911,1.6928,0.0208,-1.3638,-0.0005,-1.5781,-0.6912,-1.1515,1.8213,-0.2512,0.3572,2.0476,1.8267
-0.2381,0.1496,-0.3551,1.4103,0.0765,-0.7607,0.2172,-1.4443,-0.5649,-1.6896,1.8904,-0.2432,0.0923,1.7267,1.919
0.2176,0.0572,0.1982,1.0209,-0.2083,-0.7249,0.4543,-1.3467,-0.7996,-2.05,1.3776,-0.1742,-0.0157,1.6145,1.8211
0.5604,-0.5108,0.3601,0.9652,-0.1366,-0.5762,0.363,-0.9807,-0.5517,-2.0113,1.145,0.1803,-0.0916,1.66,1.479
0.5884,0.0097,-0.5213,0.7872,0.4028,-1.457,0.7256,-0.9209,-0.6484,-1.6651,1.0955,0.6355,-0.4148,1.0675,1.4611
0.4144,-0.2382,-0.5532,0.1944,0.2361,-1.9899,0.9443,-0.596,-0.7158,-1.3697,0.3657,0.3906,-0.6161,0.3365,1.8353
0.3099,0.0143,-0.804,0.3854,0.2671,-1.5956,0.8556,-0.3106,-0.8056,-1.1605,0.9323,0.3586,-0.8082,-0.3256,2.2206
0.2162,0.5529,-0.5109,0.4398,0.501,-1.3258,1.1073,-0.5606,-0.7845,-0.878,1.5361,0.1173,-0.8902,-0.4815,2.4715
0.4155,0.7704,-0.4219,0.3431,-0.0322,-1.2099,0.7688,-0.7445,-0.8046,-1.266,1.7187,-0.5802,-1.1255,-0.2552,2.2865
0.1766,0.4802,-0.3465,0.4697,-0.0449,-0.7216,0.7933,-0.9362,-0.7112,-1.2667,1.2104,-0.9089,-1.3549,-0.6654,2.1007
0.6332,0.2108,0.0616,0.7181,0.2166,-1.0398,0.9406,-0.3942,-0.7304,-1.7533,1.0822,-0.5724,-1.1461,-0.5848,1.6707
0.3575,0.1214,-0.3359,0.5532,1.1716,-1.3954,1.1178,-0.1348,-0.5935,-1.7904,0.4776,-0.0985,-1.2132,-0.7201,1.8639
0.4589,-0.4539,-0.4801,0.3312,0.5312,-1.7261,0.673,0.0267,-0.7676,-1.4054,0.5745,0.1609,-0.9964,-1.0169,2.0138
0.5472,-0.4229,-0.0792,0.5349,0.2203,-1.4303,0.4482,-0.2114,-0.7911,-1.5704,0.9532,0.0777,-0.8264,-1.3788,2.0643
0.5315,-0.4568,-0.1555,0.136,0.2665,-1.206,0.8156,-0.4279,-0.7597,-2.0811,0.8404,0.2881,-0.7556,-1.1266,2.1529
0.7448,-0.1165,-0.4336,0.1998,0.0568,-1.1755,0.877,-0.2743,-0.8122,-1.9623,0.6425,0.7192,-0.9762,-1.5308,1.9402
0.6566,-0.3218,-0.4594,0.3111,-0.2044,-1.2647,1.144,-0.1907,-1.1614,-1.2371,0.9131,0.6387,-0.9952,-2.0453,1.3854
0.3549,-0.3005,-0.1872,0.6573,-0.8639,-1.1789,1.2675,-0.0781,-1.0303,-1.2856,1.2819,0.3139,-0.7183,-2.0448,1.1858
0.7936,0.0136,0.0804,0.6337,-0.946,-0.8761,1.0863,0.067,-0.6787,-1.3099,1.4496,0.2635,-0.7486,-1.5888,0.7328
0.4452,0.0885,-0.1018,0.9514,-1.2959,-1.3776,1.0325,-0.0851,-0.8389,-1.2884,1.5049,-0.0666,-1.0098,-1.547,0.3551
0.0994,-0.0323,-0.7574,1.414,-1.1995,-2.1857,1.2427,0.0085,-1.0514,-0.8095,1.6334,-0.003,-1.081,-1.141,0.6621
-0.2459,0.0098,-0.5058,1.8493,-1.5782,-1.5994,0.9047,-0.3601,-1.1805,-0.7842,1.6597,-0.4588,-1.0431,-1.2856,0.8249
-0.5323,0.2496,-0.2431,1.7291,-1.3629,-1.06,0.9169,-0.8456,-1.1315,-0.7979,1.5743,-0.6373,-0.7118,-1.0362,0.7951
0.0182,-0.0284,-0.4246,1.6338,-1.3729,-0.4475,0.8985,-0.7397,-0.9846,-1.0995,1.3843,-0.8977,-0.5084,-0.5589,0.6023
0.3522,0.0613,-0.0237,1.3657,-1.2644,-0.704,0.918,-0.7172,-1.077,-1.3315,1.2976,-0.4469,-0.5087,-0.117,0.4319
0.4866,-0.8707,-0.0608,1.5676,-1.0212,-0.4672,0.858,-0.9671,-1.1043,-1.4009,1.3062,-0.5818,-0.146,0.3216,0.5708
0.3264,-0.4033,-0.2948,1.5202,-0.6129,-0.5123,0.9952,-1.2038,-1.1667,-1.4941,1.1317,0.0562,-0.2091,0.3927,0.242
0.2993,-0.3587,-0.9011,1.6824,-0.8103,-1.1695,0.9637,-1.0746,-1.0883,-1.5201,1.38,0.4988,-0.1572,0.2342,0.3079
-0.014,-0.3242,-0.5375,1.7636,-0.7965,-1.2743,0.9351,-0.8544,-1.0483,-1.2409,1.6945,0.8586,-0.0799,-0.0489,0.4523
-0.1331,-0.919,-0.124,2.0158,-0.8115,-0.8613,1.0299,-0.9149,-1.0257,-1.667,1.8315,0.552,-0.0244,-0.662,0.4497
-0.3013,-0.2971,-0.5041,1.9537,-0.4031,-0.9676,0.8588,-1.0042,-1.06,-1.4755,1.6607,0.6571,-0.377,-0.2065,0.3543
-0.3786,0.2199,-0.7594,2.0973,-0.9141,-1.1651,0.6068,-1.1803,-0.7777,-1.2334,1.5876,0.4233,-0.4472,-0.1407,0.3897
-0.4236,0.637,-0.6812,2.3029,-0.7343,-1.2416,0.7227,-1.4022,-0.9325,-1.2237,1.7477,-0.1919,-0.5514,-0.3863,0.4443
-0.4327,0.556,-0.4402,1.8815,-0.6682,-0.9092,0.5282,-1.5304,-1.0849,-1.3851,1.348,-0.9153,-0.6047,-0.1711,0.4
-0.4198,0.4402,-0.686,2.1489,-0.7294,-1.0801,0.4838,-1.4757,-1.2015,-1.4594,0.9381,-0.5075,-0.5102,0.3553,0.7092
-1.141,0.4285,-0.8714,2.3433,-1.139,-0.8488,0.8131,-1.9664,-1.0769,-1.2782,0.7377,-0.5179,-0.3092,0.4089,0.4406
-0.7359,0.3368,-0.5398,2.1523,-0.931,-0.7061,0.8528,-1.8165,-1.1499,-0.5619,0.7465,-0.5025,-0.2027,0.6721,0.381
-0.2034,0.4547,-0.6683,1.943,-0.3476,-0.7468,0.8868,-1.8317,-2.0491,-0.3684,0.8031,-0.7122,-0.2023,1.0076,0.461
-0.4033,0.3893,-0.859,2.0073,-1.0126,0.0408,0.3482,-1.85,-1.7991,-0.1262,1.8616,-1.0138,-0.5241,1.0158,0.6351
0.1023,0.1676,-0.4767,1.4529,-1.2721,0.1365,0.5604,-1.6852,-1.5235,-0.2805,2.0797,-1.4647,-0.4499,1.0642,0.7673
0.3259,-0.0419,-0.3043,1.0384,-1.239,0.4186,0.8065,-1.6477,-1.514,-1.1045,1.8136,-1.2668,-0.6364,1.3658,0.32
0.564,-0.2548,-0.2232,1.1677,-1.2348,-0.0351,1.2389,-1.4293,-1.1242,-1.1168,1.2947,-0.6949,-0.7037,1.6443,0.1191
0.5124,0.3377,-0.3831,1.072,-1.1051,-0.7572,1.2746,-1.2414,-1.1335,-1.473,1.031,-0.3657,-0.8069,1.2004,0.2623
0.3494,0.0505,-0.314,1.412,-1.2896,-1.2213,0.9869,-1.1809,-1.2,-1.0584,1.0176,-0.3882,-0.8942,0.9562,0.1464
-0.1263,0.0466,-0.29,1.3771,-1.505,-1.1475,1.1554,-1.2011,-1.3288,-0.5884,1.1279,-0.4816,-0.8956,0.5485,0.5201
-0.0128,-0.0569,-0.21,1.4352,-1.3198,-0.9339,1.3746,-1.4592,-0.9994,-0.8433,1.4223,-0.8934,-0.8371,0.0976,0.7552
-0.1915,-0.6504,-0.3003,1.1276,-1.5108,-0.557,1.2336,-1.4223,-1.034,-1.1178,1.582,-0.8185,-0.5912,0.4943,0.8384
-0.013,-0.0549,-0.0286,1.0317,-0.8203,-0.6605,0.9719,-1.4787,-1.0907,-1.3032,1.2448,-0.4203,-0.4355,0.5592,0.9216
-0.0282,-0.6317,0.2523,1.0992,-0.8889,-0.7734,1.0033,-1.4279,-1.1115,-1.5184,1.477,-0.1644,-0.3866,-0.1913,0.5931
0.0354,-0.5277,0.1844,1.0453,-0.68,-1.1732,1.2817,-1.2978,-1.1089,-1.2282,1.1478,0.1524,-0.3127,0.0286,0.7413
-0.1017,-0.3505,-0.2186,1.0291,-0.528,-0.9335,1.1542,-1.0164,-1.211,-1.1958,1.2061,0.4274,-0.5831,0.1301,1.0269
-0.2939,-0.2797,0.0746,1.0085,-0.6371,-0.4256,1.2299,-1.3558,-1.2079,-0.5604,1.209,0.0131,-0.5157,0.2438,1.0574
0.0552,0.0039,0.1758,0.9513,-0.4286,-0.398,1.2241,-1.6151,-1.1478,-1.0377,1.8738,-0.4957,-0.6241,-0.0979,0.6583
0.4815,-0.2001,-0.3457,0.7718,-0.7617,-0.3645,1.4007,-1.451,-1.0391,-1.4189,1.8395,-0.6208,-0.6546,0.5122,1.0164
0.2374,-0.2374,-0.2193,0.5993,-0.9008,-0.5543,1.889,-1.2428,-0.9874,-1.0218,1.4952,-0.285,-0.7419,0.4487,0.7282
0.475,-0.2764,-0.015,0.3655,-0.7609,-0.9114,1.3392,-0.9791,-1.2091,-1.1853,1.4153,-0.1998,-0.9323,0.145,0.9551
0.36,-0.6074,-0.0793,0.4517,-0.6173,-0.4245,1.555,-0.9606,-0.878,-1.4738,1.14,-0.2377,-0.8807,0.0037,1.0736
0.0559,-1.22,-0.3693,0.0924,-0.3114,-0.8476,1.4936,-1.1069,-0.8332,-1.5146,0.8405,-0.1822,-0.5163,0.3849,1.3015
0.3761,-0.6889,-0.1622,0.3308,-0.0984,-0.768,1.2324,-0.7701,-0.8751,-1.4899,0.9872,0.555,-0.3762,-0.1803,1.4871
0.4307,-0.6217,-0.0355,0.3359,0.1093,-0.5929,1.3951,-0.8049,-1.0917,-1.5683,0.8058,0.5524,-0.7537,-0.3807,1.5269
0.3356,-0.6513,0.1373,-0.2459,-0.1875,-0.4374,1.7562,-0.8957,-1.1283,-1.856,0.8522,0.2899,-0.9679,-0.6135,1.5645
0.4273,-0.376,-0.027,0.1077,-0.9345,-0.7903,1.6004,-0.7257,-1.2282,-1.4409,1.1637,-0.0194,-0.9893,-0.9773,1.1382
0.3923,-0.598,-0.2997,0.4122,-0.8585,-1.5265,1.4801,-0.5141,-1.0393,-1.0795,1.1509,0.1217,-1.0238,-1.0452,0.9655
-0.06,0.2947,-0.4515,0.4471,-0.9818,-0.9465,1.3517,-0.6471,-1.0816,-1.1468,1.3109,-0.1018,-1.416,-1.4886,1.083
0.0393,-0.16,-0.5199,0.7388,-1.2091,-1.1401,1.2324,-0.5867,-1.0966,-1.365,1.1853,-0.5674,-1.2014,-1.6102,0.9036
0.227,-0.23,-0.246,0.6334,-1.1247,-1.1258,1.2344,-0.8051,-1.2978,-1.0975,1.0201,-0.5361,-1.0677,-1.1833,0.8947
0.1903,-0.2177,-0.1791,0.8715,-1.1658,-1.0128,1.2464,-0.8592,-1.053,-1.1216,1.469,-0.6474,-0.9334,-0.921,0.6359
0.0576,-0.4454,-0.9933,1.2781,-1.2107,-0.6502,0.8514,-0.6607,-0.9161,-1.3264,1.3723,-0.6264,-0.9911,-0.5705,0.6324
-0.114,-0.0694,-0.3148,1.4604,-1.0812,-0.1005,1.1984,-0.8885,-0.8541,-1.7427,1.0429,-0.5144,-1.3237,-0.864,0.7812
0.1066,-0.105,-0.3755,0.9868,-1.3122,-0.1817,1.2142,-1.2622,-0.8783,-1.577,1.0418,-0.7088,-0.9403,-0.5783,0.5227
0.1759,-0.0228,-0.2695,1.0911,-1.1563,-0.7605,1.1737,-1.2554,-0.8524,-1.6349,1.165,-0.9878,-0.9988,-0.4811,0.5343
0.0218,-0.1436,-0.0776,1.1377,-0.9386,-1.5368,1.6623,-1.1391,-1.0159,-0.722,0.8578,-0.7869,-0.8281,0.0828,0.847
-0.7161,-0.3111,-0.2527,1.1806,-1.1236,-0.9149,1.636,-0.8154,-0.9175,-0.9241,0.8365,-0.826,-0.898,-0.0035,1.3729
-0.6227,-0.1434,0.4448,1.5232,-1.4072,-0.4599,1.4753,-0.8959,-0.8457,-1.2753,1.0037,-0.8207,-0.576,0.4838,1.2866
-0.4607,-0.3678,0.388,1.4818,-1.1255,-0.2192,1.5186,-1.1927,-0.8935,-1.2427,1.1032,-0.7109,-0.365,1.7005,1.4527
-0.4945,-0.4095,0.2663,1.2809,-1.0455,-0.0809,1.2518,-1.4415,-1.0068,-1.9409,1.2666,-0.6864,-0.2788,1.7292,1.3672
-0.1692,-0.645,0.1858,1.1103,-0.9508,-0.3751,-0.2666,-1.2819,-0.7301,-1.8756,1.2,-0.2963,-0.1114,1.5633,1.4327
-0.2545,-0.3611,0.2286,0.9711,-0.1593,-0.7575,0.8085,-1.3961,-0.7147,-2.0467,1.3783,0.0132,-0.2012,1.135,1.5974
-0.0014,-0.0929,0.1994,1.1651,-0.2227,-1.1328,0.7713,-1.2742,-0.7933,-1.6034,1.4212,0.43,-0.4704,0.8148,1.9308
-0.0375,-0.1635,0.1827,0.8042,-0.226,-0.7554,0.8314,-1.513,-0.7878,-0.9959,1.4186,0.348,-0.5365,-0.0028,2.3614
0.0434,-0.3081,0.3673,0.2799,-0.1619,-0.475,1.6076,-1.4968,-0.7411,-1.192,1.5904,-0.1076,-0.5813,-0.3684,2.4582
0.2065,-0.2615,0.4248,-0.0554,-0.322,-0.0087,1.1305,-1.1079,-0.7703,-1.1166,1.4996,-0.1172,-0.6572,-0.3886,2.2989
0.6966,-0.0194,0.3711,-0.239,-0.1411,0.4253,0.968,-0.6514,-0.7991,-1.6201,1.3995,-0.1096,-0.7599,-0.4886,2.0807
1.2394,0.0956,0.6998,-0.279,-0.4003,0.2058,1.0949,-0.635,-0.8019,-1.9283,1.3278,0.1777,-1.052,-0.7621,1.5289
1.4075,0.1117,0.4926,-0.0032,-0.6177,-0.1278,1.7426,-0.4186,-0.8379,-2.3219,0.9195,0.2484,-1.4977,-1.7032,1.3615
1.2351,0.0603,0.6617,-0.1849,-1.1465,-0.6469,1.5035,-0.3803,-0.8947,-2.0323,0.9113,0.2393,-1.948,-2.0459,1.425
0.8718,-0.2634,0.8198,-0.1578,-1.3213,-1.2284,1.783,-0.4085,-1.0891,-1.5298,0.5793,0.4957,-1.7176,-2.1465,1.362
0.6095,-0.1809,1.0446,0.3772,-1.052,-1.0726,1.5011,-0.3328,-1.0676,-1.1718,1.141,0.2113,-1.7727,-2.0009,1.5465
0.55,-0.3327,0.7653,0.0049,-1.6042,-0.5478,1.5397,-0.3656,-0.981,-1.2226,1.1685,-0.3328,-1.4739,-1.3875,1.7048
0.4718,-0.306,0.8716,0.1161,-1.4005,-0.3736,1.9051,-0.5786,-0.831,-1.3904,1.2407,-0.4247,-1.2721,-1.0958,1.5941
0.3452,-0.1996,0.3023,0.0052,-1.0335,-0.5177,1.8618,-0.4255,-0.753,-1.5835,1.0397,-0.1232,-1.3572,-0.6685,1.5859
0.5595,-0.2996,0.4024,0.2139,-0.9806,-0.5996,1.421,-0.5342,-0.5682,-1.7064,1.1838,-0.146,-1.1932,-0.7783,1.3957
0.0422,-0.2204,0.9209,0.2242,-1.4937,-0.6305,1.2644,-0.7296,-0.7346,-1.424,1.1349,-0.2432,-1.1378,-0.783,0.9586
0.0694,-0.4963,0.7495,0.7004,-1.1961,-0.6967,1.4843,-0.3004,-0.6816,-2.1577,1.0966,-0.0074,-0.8179,0.4138,1.0743
0.0783,-0.2135,0.5239,0.7175,-0.9395,-1.4504,1.2955,-0.5216,-0.8515,-1.2512,0.6618,0.1603,-0.8991,0.6331,1.3736
-0.2387,-0.387,0.7178,0.7982,-0.9142,-0.8339,0.9663,-0.7391,-0.8219,-0.4186,1.2241,-0.1478,-0.834,0.0954,1.6298
0.0783,-0.7978,0.9636,0.8092,-1.2215,-0.3622,1.3533,-0.7226,-1.0025,-0.7065,2.1301,-0.5608,-0.3815,0.2202,1.7343
-0.0015,-0.7672,1.0158,0.8185,-1.1595,0.3305,1.3495,-0.862,-0.987,-1.0929,2.1571,-0.5049,-0.245,1.1371,1.9465
0.7002,-0.7244,0.8053,0.1294,-0.7813,0.5446,1.3482,-1.2068,-0.9916,-1.1045,2.1081,-0.3805,-0.1907,1.4494,2.1058
1.0554,-0.6231,1.1296,-0.3289,-0.7079,0.6475,1.5083,-0.8489,-0.7869,-1.2675,1.8208,0.137,-0.2779,1.3607,1.671
1.4151,-0.7171,0.7677,-0.4155,-0.6318,0.4556,1.7953,-0.4725,-0.5878,-1.9446,1.8103,0.5727,-0.7303,0.7899,1.4884
1.3834,-0.288,0.4698,-0.4867,-0.4723,-0.4073,1.4064,-0.3884,-0.7561,-1.7191,1.3007,0.7924,-1.0706,-0.1617,1.5034
1.1365,-0.2258,0.3469,-0.2329,-0.6089,-0.5231,1.2015,-0.1946,-0.883,-1.5934,1.3393,0.7264,-1.4499,-0.6814,1.7352
0.6856,-0.2497,0.4297,-0.1693,-1.0971,-0.4113,1.3625,-0.2499,-0.8408,-1.5882,1.581,0.4766,-1.5409,-2.0204,1.6118
0.5251,-0.3824,0.3939,-0.4671,-1.4492,-0.3327,1.9038,-0.4168,-0.9704,-1.6461,1.3465,0.2549,-1.3723,-1.9102,1.5355
0.668,0.195,0.5489,-0.0876,-1.231,-0.6738,1.827,-0.3337,-0.9757,-1.2679,1.0619,0.3779,-1.5267,-1.5476,1.333
0.3519,0.1136,0.3482,-0.3085,-1.1686,-1.3355,1.5335,-0.3114,-1.1491,-0.7945,1.3698,0.1347,-1.6007,-1.9256,1.4468
0.0718,-0.4075,0.421,0.2277,-1.0315,-0.8639,1.5264,-0.3231,-1.129,-0.5218,1.4948,-0.0732,-1.2397,-1.9242,1.773
0.1403,-0.732,0.3781,0.2286,-0.8279,-0.7058,1.753,-0.856,-1.1646,-0.7713,1.5756,-0.4796,-0.7678,-1.6647,1.8852
0.411,-0.738,0.5343,0.2277,-0.7775,0.0056,1.3352,-0.6857,-1.1479,-0.8679,1.2767,-0.0305,-0.7812,-1.1006,1.6159
0.4365,-0.3018,0.5096,0.1053,-0.5324,0.2906,1.5106,-0.6896,-1.069,-0.8765,1.6247,0.2906,-0.7853,-0.9153,1.2865
0.6358,-0.0421,0.2401,0.1181,-0.7448,0.2386,1.1657,-0.3899,-1.1391,-1.4629,1.9472,0.3086,-1.2507,-1.3408,0.8109
0.8589,0.0213,-0.1747,0.711,-0.9998,-0.0071,1.1166,-0.7092,-1.1482,-1.4879,2.2692,0.1616,-1.3276,-1.5755,0.7261
0.6006,-0.2185,-0.2713,0.8437,-0.9733,-0.1563,1.667,-1.0313,-1.1769,-1.6484,2.0082,-0.0049,-1.257,-1.6185,0.5518
0.6965,-0.3307,-0.2853,0.9063,-1.4502,-0.6618,1.5267,-1.4424,-1.1563,-1.2818,1.4767,-0.0427,-0.8794,-1.696,0.4573
0.4527,-0.61,-0.3008,1.0605,-1.5282,-0.7002,1.4731,-1.5209,-1.5546,-0.8126,1.1496,-0.0319,-0.6631,-1.4182,0.8201
0.2749,-0.1171,0.0407,1.2877,-1.694,-0.4832,1.6229,-1.4414,-1.2984,-0.4346,1.4487,0.0388,-0.6663,-1.2924,0.7169
-0.2754,0.0001,0.361,1.0083,-1.5191,-0.3499,1.6769,-1.4467,-1.2263,-0.5929,1.7983,-0.2692,-0.7913,-0.8872,0.3281
0.0818,-0.297,0.2887,1.6519,-1.4735,0.4381,1.2528,-1.2785,-1.0262,-0.6035,1.8921,-0.3916,-0.6051,-0.3241,0.2298
0.2403,-0.0409,-0.2974,1.7191,-1.4285,0.3505,1.3284,-1.3869,-1.0892,-0.5665,1.9076,-0.1914,-0.8768,-0.1047,0.1732
0.2128,-0.0087,-0.3213,1.8534,-1.476,0.1683,1.2659,-1.669,-1.1801,-0.7073,2.1278,-0.3446,-0.8707,-0.1865,0.3022
0.2706,0.6305,-0.1936,1.5472,-2.1199,-0.2391,1.5654,-1.9057,-1.3245,-0.6732,1.8524,-0.3807,-1.2691,-0.7152,-0.0491
0.0868,0.0671,-0.3202,1.6865,-2.2955,-0.106,1.5408,-1.8344,-1.286,-0.7729,1.858,-0.7505,-1.0875,-0.5922,-0.0696
0.0608,-0.1506,0.0131,1.9461,-2.1722,-0.633,1.5374,-1.9168,-1.2707,-0.5923,1.8868,-0.7261,-0.9772,-0.5613,-0.0051
0.0023,-0.2781,-0.1405,2.1356,-1.9678,-0.4196,1.0465,-2.2953,-1.269,-0.3519,1.9454,-0.6655,-0.6353,0.5538,0.3221
0.5772,-0.0256,-0.0549,1.5012,-2.0285,0.1114,1.6487,-2.3934,-1.1489,-1.0544,1.9695,-0.9018,-0.5949,0.5477,0.6501
0.7107,-0.1176,0.2071,1.2324,-1.8076,-0.1961,1.7318,-1.7741,-1.122,-1.3519,1.5301,0.1897,-0.7895,1.0254,0.836
0.4924,0.081,0.1349,1.3833,-1.8888,-0.3317,1.4718,-1.7923,-1.1623,-1.3651,1.3952,0.4122,-0.9045,0.7637,0.7383
0.2027,-0.53,0.1852,1.4394,-1.6104,-0.9506,1.6406,-1.7404,-1.0793,-1.3591,1.2049,0.1672,-0.7049,0.1734,0.8297
-0.2162,-0.5654,0.1007,1.7026,-1.6247,-0.9993,1.3639,-1.6998,-1.0498,-0.858,1.5057,0.0045,-0.4456,0.3828,1.2717
-0.6896,-0.5121,0.3883,1.89,-1.421,-0.0875,1.466,-1.9696,-1.1343,-0.6403,1.7981,-0.2876,-0.1758,0.4133,1.5866
-0.2005,-0.502,0.1887,2.0326,-1.2753,0.6703,1.3991,-2.0186,-1.2168,-0.4639,1.9815,-0.4746,0.0817,1.2378,1.6699
0.1624,-0.1638,0.0738,1.5126,-1.409,0.6685,1.6746,-2.1918,-0.9903,-0.3892,1.7655,-0.8717,-0.0268,1.5042,1.1755
0.6168,-0.1191,0.0257,0.9537,-1.7085,0.1406,1.5613,-1.7438,-0.9387,-0.9329,2.0877,-0.8382,-0.3806,1.1962,0.9113
0.2951,-0.2535,-0.2902,1.2173,-1.7336,-0.2739,1.6085,-1.6403,-0.9977,-1.4553,1.9922,-0.6638,-0.4882,0.8975,0.9894
0.3122,-0.5051,-0.442,1.3601,-1.8658,-0.4014,1.6593,-1.4926,-1.1076,-1.0633,1.5017,-0.5186,-0.662,0.5819,1.4002
0.1086,-0.8951,-0.221,1.394,-1.6736,-0.0051,1.3846,-1.5734,-1.104,-1.0771,1.3774,-0.4167,-0.5911,0.3697,1.3148
0.361,-0.7773,0.3559,1.2624,-1.3903,-0.0993,1.7938,-1.7599,-1.2928,-0.9685,1.2066,-0.1498,-0.5212,0.2126,1.214
0.0777,-0.886,0.3138,1.3338,-1.4761,0.0698,1.5385,-1.7073,-1.159,-1.1977,1.5583,-0.04,-0.3741,0.4655,1.3634
0.0467,-0.8233,0.0272,1.2345,-1.2366,0.1244,1.5935,-1.5065,-1.2026,-1.4091,1.4385,0.3779,-0.2937,0.7349,1.477
0.2971,-0.7805,0.1691,1.0937,-1.3498,0.6368,1.572,-1.4574,-1.1374,-1.3938,1.6036,0.3552,-0.2418,0.6071,1.432
0.8646,-0.5153,0.1346,0.8939,-1.4862,0.6239,1.6256,-1.5497,-1.0094,-1.5013,1.5528,0.3815,-0.4671,0.5632,1.4635
0.9085,-0.3521,-0.0209,1.0513,-1.2923,0.1802,1.9482,-1.4032,-0.8904,-1.7418,1.4749,0.4369,-0.7599,0.6529,1.0151
0.9435,-0.0467,-0.4126,0.8794,-1.2361,-0.4748,0.8449,-1.4594,-1.1291,-1.2329,1.645,0.2257,-1.1237,0.0698,1.2466
0.7371,0.0323,-0.6573,1.0,-1.5948,-0.1009,1.5794,-1.3777,-0.9528,-1.2986,1.6965,-0.0265,-1.2529,-0.8032,1.581
0.4491,-0.4257,-0.9788,0.9833,-1.6421,-0.1386,1.792,-1.418,-0.8516,-1.2438,1.4586,-0.4594,-1.0615,-1.1064,1.5105
0.4698,0.1995,-0.6437,0.9321,-1.821,-0.5267,2.1343,-1.4817,-0.84,-0.9267,1.5051,-0.018,-1.1778,-1.3231,0.2078
0.286,0.0665,-0.5534,1.88,-2.0599,-1.0203,1.5503,-1.4383,-0.8914,-0.6769,1.1332,-0.7187,-0.9966,-1.2865,0.4607
-0.2951,-0.2189,-0.6253,1.9175,-1.8498,-0.5684,1.536,-1.5763,-0.9535,-0.5322,1.4387,-1.134,-0.93,-0.8348,0.6983
-0.4268,-0.0394,-0.5313,2.0897,-1.5334,0.2531,1.3726,-1.8899,-0.8093,-0.817,1.5265,-1.2449,-0.6517,-0.2298,0.9485
-0.0351,-0.5643,-0.5449,2.202,-1.4224,0.7846,1.2803,-2.0236,-0.9034,-1.1026,1.6671,-1.2865,-0.1877,0.6112,0.5321
0.0851,-0.4974,-0.4713,2.2378,-1.4115,0.3417,1.2272,-2.1534,-0.7412,-1.1774,1.8155,-0.9642,-0.0481,0.5315,0.4188
0.3897,-0.7138,-0.7203,2.3025,-1.5902,0.173,1.0917,-2.6502,-0.6117,-1.0416,1.8921,-0.6897,0.1482,1.2945,0.9394
0.2124,-1.1833,-0.7827,1.8997,-1.3277,0.7424,1.191,-2.5674,-0.579,-1.4385,1.4037,-0.4167,0.3755,1.1539,1.0291
0.3665,-0.5421,-0.956,1.5334,-0.9005,0.7425,1.2055,-2.4688,-0.6906,-2.0343,1.4706,0.1281,0.1903,0.2769,0.8681
0.5222,-0.0214,-1.119,1.3438,-1.3099,0.0041,1.1016,-2.3654,-0.7278,-1.8249,1.0726,0.2975,-0.1063,-0.1971,1.2429
0.5562,0.0685,-0.8629,1.5113,-1.2785,-0.3207,1.258,-2.2652,-0.9303,-1.3457,1.243,0.1789,-0.3399,-0.3483,1.204
0.4713,-0.1207,-0.6276,1.3451,-1.6879,-0.3721,1.2593,-2.2407,-0.8616,-0.998,1.6404,-0.0142,-0.2728,-0.4057,1.116
0.1837,-0.3576,-0.4413,1.4652,-1.6188,-0.1563,1.3341,-2.0729,-1.0831,-0.8923,1.5619,-0.0416,-0.3087,-0.34,1.2776
0.3891,-0.4618,-0.2302,1.4872,-1.894,0.4622,1.0768,-2.0358,-0.8618,-0.9865,2.0463,-0.2115,-0.0643,-0.4333,1.3209
0.7104,0.3549,-0.0629,1.5395,-1.6657,0.2891,1.0523,-2.2571,-0.7534,-1.2784,2.117,-0.2029,-0.5305,-0.479,0.4236
0.5007,0.3657,-0.8256,1.8578,-1.8853,-0.2075,0.9704,-2.0876,-0.6849,-1.1942,2.0999,-0.6365,-0.7545,-0.1951,0.1269
0.4411,0.0198,-0.8483,2.1156,-1.8141,-0.2116,1.1518,-2.0142,-0.657,-0.9147,1.8485,-0.6714,-0.5479,0.4949,0.4987
0.471,0.2984,-1.1118,2.3374,-2.0777,-0.4525,1.3478,-2.1997,-0.6579,-1.1912,2.1332,-0.9738,-0.5345,0.3048,0.947
0.3375,0.4385,-0.4049,2.1296,-1.9445,-1.1222,1.0554,-2.3193,-0.6999,-1.0046,1.8264,-1.1005,-0.6074,0.0298,1.0559
-0.1643,-0.3854,-0.0387,1.9942,-1.8996,-0.608,1.5391,-2.4945,-0.9345,-0.7555,1.725,-1.3309,-0.1404,1.2258,1.6305
-0.1865,-0.562,0.5232,1.6611,-1.9455,0.0573,1.6577,-2.38,-0.778,-0.9036,1.7487,-0.9709,0.3005,1.8361,1.6716
0.2796,-0.0767,0.3989,1.3692,-1.204,-0.0134,1.421,-2.5744,-1.0472,-1.0332,1.8551,-0.7861,0.384,2.13,1.637
-0.1614,-0.4231,0.1846,1.3422,-1.6619,0.6127,1.0391,-2.0986,-0.8635,-1.3199,2.1046,-0.656,0.114,2.2239,1.6972
0.5164,-0.6042,0.0917,1.0479,-1.4013,0.5029,1.0307,-1.9809,-0.5295,-1.6553,1.835,-0.6109,0.3337,2.2801,1.6646
0.3903,-0.1976,0.05,1.0636,-1.3828,0.2586,1.3052,-1.9491,-0.5948,-1.0973,1.5728,-0.308,-0.0386,2.4757,1.7511
0.6768,-0.2335,0.0202,0.8985,-1.1565,0.7566,1.5689,-2.0679,-0.6098,-1.516,1.8506,-0.5153,-0.1093,1.9158,1.9405
1.1123,0.3679,-0.1319,0.4666,-1.1251,-0.185,1.6023,-1.9348,-0.5435,-1.4336,1.5825,-0.344,-0.5508,1.4573,1.8917
0.8375,-0.103,0.0528,0.2995,-1.2839,-0.4041,1.9515,-1.7271,-0.7468,-0.92,1.3434,-0.3768,-0.4243,0.8429,2.2131
0.6132,0.0243,-0.0324,0.2857,-1.1102,0.0415,1.6213,-1.6541,-0.7892,-1.1931,1.547,-0.6006,-0.5512,0.5583,2.3043
0.2595,-0.2341,0.3074,0.4669,-1.1528,-0.0291,1.2807,-1.4755,-0.4456,-1.2621,1.5294,-0.7432,-0.4619,0.336,2.1943
0.04,-0.9193,0.3659,0.5291,-0.9869,0.3789,1.4525,-1.5389,-0.4851,-1.1481,1.7728,-0.7082,0.049,0.6605,2.179
0.6617,-0.4603,0.52,0.3653,-0.7651,0.0745,1.2146,-1.8464,-0.2437,-1.1722,1.3831,-0.2329,0.2118,1.1648,2.2314
0.7554,-0.543,0.2463,0.0734,-0.6029,0.2247,1.0958,-1.9418,-0.4618,-1.977,1.8955,-0.2647,0.064,1.0797,2.3854
0.9212,-0.6801,0.2776,0.2139,-0.7983,0.2335,1.26,-1.0179,-0.3695,-1.9635,1.5266,0.5036,-0.1421,0.5644,2.3968
0.7488,-0.1736,0.0421,0.316,-0.9137,-0.2259,0.9967,-1.228,-0.4143,-1.7462,1.8153,0.4371,-0.4094,-0.0337,1.8303
0.6211,-0.098,0.3664,0.3307,-0.6556,-0.9868,1.4137,-1.1449,-0.605,-1.7506,1.8212,0.0214,-0.7217,-0.9717,1.5949
0.579,0.071,0.1865,0.4929,-0.7913,-1.0065,1.4019,-1.7892,-0.4694,-1.5053,1.8015,-0.2086,-0.756,-1.3363,2.0254
0.7181,0.1004,0.0768,0.6288,-0.7719,-0.439,1.0513,-1.456,-0.5255,-1.5355,1.7758,-0.49,-0.6245,-1.4788,1.9567
0.2298,-0.1114,-0.1516,0.7314,-0.8743,0.0296,1.0947,-1.6218,-0.6767,-1.6383,1.5288,-0.5535,-0.5801,-1.5187,1.7288
0.7261,-0.1649,-0.207,0.6841,-0.8834,0.0628,1.1651,-1.6867,-0.7508,-1.6463,1.2794,-0.7423,-0.1479,-0.7825,1.4258
0.8296,-0.2933,-0.2548,0.7191,-0.7679,0.1381,1.4577,-1.5436,-0.825,-1.5633,1.2629,-0.571,-0.2624,-0.9669,0.9754
0.735,-0.1152,-0.2597,0.7801,-1.3091,0.1651,1.4378,-1.499,-0.636,-1.6933,1.2685,-0.1815,-0.5279,-0.7561,1.243
0.7152,0.17,-0.3684,0.767,-1.3161,-0.1538,1.2689,-1.575,-0.4815,-1.636,1.2482,-0.1639,-0.7804,-0.6009,1.0474
0.6992,0.215,-0.3063,0.5121,-1.5114,-0.0914,1.4454,-1.5692,-0.6463,-1.6022,1.5758,-0.5285,-1.0681,-0.9508,0.9423
0.8766,0.3837,0.2022,0.7759,-1.4989,-0.8318,1.2031,-1.5595,-1.0045,-0.6586,1.29,-0.7515,-1.0634,-1.0642,1.3695
-0.1053,0.0362,0.0291,0.7044,-1.1646,-0.235,1.3737,-1.4199,-1.1162,-0.3836,1.8498,-1.173,-0.9829,-0.7371,1.543
0.2062,-0.5024,-0.1481,0.7608,-1.5562,-0.0796,1.1294,-1.6546,-1.0438,-0.6604,2.2689,-1.4144,-0.2682,-0.5023,1.7624
0.084,-0.3598,-0.1457,0.965,-1.3908,0.4173,1.2487,-1.7414,-1.0135,-1.1526,2.0817,-1.1557,-0.1254,0.2241,1.8558
0.4637,-0.1747,0.0614,0.8503,-1.1583,0.0723,1.0649,-1.8318,-0.9339,-1.512,1.8808,-0.939,0.0298,0.952,1.8909
0.5205,0.4673,-0.0908,0.4195,-1.1426,-0.469,1.5293,-1.6117,-1.0858,-1.1206,1.9932,-0.5116,-0.4687,0.893,1.9423
0.2895,0.0454,-0.3739,0.3628,-1.6572,-0.2446,1.5603,-1.6102,-1.075,-0.8163,2.0448,-0.6422,-0.5251,0.2523,2.0301
0.7133,-0.0318,-0.0345,0.5306,-1.4516,0.3433,1.1386,-1.5657,-1.0541,-1.1284,2.1215,-0.855,-0.5218,-0.0824,2.0145
1.0192,0.2431,-0.0013,0.4007,-1.1614,0.1758,1.3883,-1.579,-1.0088,-1.1327,2.0517,-0.86,-0.8526,0.0019,2.8951
1.0845,0.4264,0.4407,0.6288,-1.2898,0.3015,1.3881,-1.7646,-1.1991,-0.9224,2.0586,-1.1242,-1.1187,-0.3627,2.5063
1.1795,0.2466,0.5744,-0.1504,-1.6959,0.389,1.5479,-1.7757,-1.1447,-1.1627,1.7572,-1.3617,-1.223,-0.432,2.0528
0.8882,-0.2439,0.5733,-0.1992,-1.6966,0.7979,1.6632,-1.5681,-1.1965,-1.1571,1.6412,-0.9747,-1.0388,0.1584,1.9626
1.0164,0.0267,0.472,0.1348,-1.9604,0.8731,1.5729,-1.5442,-1.0976,-1.7031,1.7919,-0.7606,-0.946,0.2272,1.609
1.1031,-0.1163,0.2887,0.3151,-2.3149,-0.0225,1.5624,-1.3639,-1.2219,-1.3019,1.4149,-0.377,-0.8262,0.7004,1.6809
0.6514,0.0956,0.3517,0.75,-1.6919,-0.3754,1.8504,-1.3297,-1.0537,-1.1144,1.6455,-0.3769,-0.9565,0.4133,1.2808
0.7093,0.056,0.0748,0.8461,-1.9566,-0.569,1.2606,-1.4224,-1.155,-0.5804,2.0447,-0.6067,-0.8757,-0.1565,1.6733
-0.0484,0.3652,0.4103,0.9272,-1.8022,-0.3566,1.5786,-1.559,-1.0267,-0.9127,2.2143,-0.9924,-0.9435,-0.2588,1.6525
-0.0171,-0.4717,-0.1752,0.8554,-1.9753,-0.2541,1.3484,-1.7653,-0.9379,-1.0629,2.7494,-1.0645,-0.3438,-0.1123,1.4764
0.4208,-0.5399,0.5179,0.9942,-1.1648,0.3033,1.4933,-1.7278,-0.8682,-1.1479,2.5105,-0.673,0.0803,0.7122,1.7987
0.6784,-0.4158,0.1796,0.8173,-1.0387,0.2659,1.298,-1.251,-0.7761,-1.3022,2.7828,-0.3283,0.0082,0.9258,1.6767
0.4581,-0.3579,-0.1551,0.607,-0.3131,0.3921,1.2208,-1.1778,-0.9481,-1.6837,2.5334,-0.1364,-0.1602,0.7222,1.6409
0.7098,-0.2714,-0.2557,0.6629,-0.6291,0.1915,0.9538,-1.3704,-1.0327,-1.9143,2.7722,0.06,-0.3864,0.0538,1.3308
0.6997,-0.1375,-0.7373,1.0381,-0.7306,-0.0938,1.1431,-1.342,-1.1692,-1.7116,2.5164,0.1214,-0.6491,-0.1988,1.0906
0.8772,-0.0677,-0.557,1.0852,-1.1651,-0.0635,1.0373,-1.6981,-1.1895,-1.6867,2.3307,0.1086,-0.7091,-0.7116,1.5684
0.7179,-0.4575,-0.3223,0.6048,-1.0433,0.0818,2.0688,-1.8836,-1.1352,-1.8061,2.0742,0.0611,-0.5259,-0.94,1.5706
0.8081,-0.3279,0.3581,0.6079,-1.1792,-0.2188,1.8491,-1.7357,-0.8388,-1.3959,1.6307,0.4336,-0.557,-0.9704,1.4127
0.5542,-0.332,-0.2726,0.9528,-1.0952,-0.4541,1.2174,-1.5363,-0.8564,-1.2692,2.2365,0.2395,-0.5532,-1.3569,1.3617
0.4203,-0.2947,-0.4373,1.165,-1.0842,-0.4804,1.4569,-1.4222,-1.0004,-1.0429,2.2897,0.0289,-0.555,-0.8882,1.2163
0.7314,-0.2927,-0.3676,1.1918,-0.9832,-0.1333,1.0545,-1.5213,-1.105,-1.2399,2.5033,-0.1819,-0.4609,-0.7932,1.6988
0.7063,-0.0503,-0.4449,1.0235,-1.0382,-0.1993,0.7312,-1.1895,-0.9936,-1.7289,2.8343,0.1867,-0.818,-0.9374,1.3425
0.7288,-0.2054,0.0895,1.3351,-0.8924,-0.4517,1.1637,-0.9466,-0.8486,-1.7299,2.7178,0.043,-0.7559,-1.4944,1.3765
0.3931,-0.3504,-0.2238,1.1355,-1.0236,-0.6167,1.0232,-1.248,-0.8673,-1.5274,2.6002,-0.1795,-0.6282,-1.1142,1.8753
0.2839,-0.1709,-0.0252,1.2371,-0.8721,-0.293,1.0256,-1.4925,-0.767,-1.0401,2.4561,-0.2348,-0.4989,-0.95,1.93
0.3817,-0.1163,-0.1678,1.316,-0.8981,-0.2892,0.9215,-1.8146,-0.781,-0.9187,2.4549,-0.4706,-0.3841,-0.8576,1.8299
0.4467,-0.3531,-0.0992,1.5137,-0.8336,0.3078,0.6986,-1.3415,-0.8066,-0.9095,2.4319,-0.5168,-0.2674,-0.8601,1.6064
0.3498,0.0076,0.0779,1.2927,-0.7244,0.3974,1.0949,-1.6531,-0.9255,-1.0293,2.5133,-0.3747,-0.3089,-1.1592,1.317
0.5652,-0.3197,-0.333,1.5295,-0.7461,0.5967,0.2928,-1.7404,-1.0515,-1.2331,2.5119,-0.6811,-0.2352,-0.0206,1.332
0.5631,-0.3848,-0.3996,1.6823,-0.7723,0.2556,0.5486,-1.9002,-1.001,-1.6679,2.4595,-0.5737,-0.1382,-0.0537,0.9561
0.4632,-0.2502,-0.7632,2.1561,-0.8454,0.1559,0.6021,-2.0367,-1.1131,-1.3931,2.0789,-0.4123,0.0201,-0.2373,1.2349
0.2349,-0.4543,-0.4989,2.5243,-0.6561,0.3769,0.7911,-2.382,-1.0298,-1.2914,2.0628,-0.5485,0.2856,-0.5591,1.0619
0.1528,-0.5002,-0.3791,2.5176,-0.6079,0.4359,0.7342,-2.7064,-0.9124,-1.5214,2.0998,-0.5207,0.2729,-0.5319,0.809
0.3848,-0.2709,-0.6856,1.9936,-0.3159,0.3199,0.929,-2.6283,-0.9084,-1.4259,2.0822,-0.3339,0.3989,-0.2801,0.7423
0.5663,-0.3557,-1.0175,2.2845,-0.0893,0.1573,0.6269,-2.5152,-0.906,-1.0109,2.0403,-0.2821,0.4522,-0.6559,0.7908
0.3651,-1.4358,-1.0312,2.2453,-0.5177,0.8387,0.6235,-2.4244,-0.8334,-1.412,2.1941,-0.5114,0.6,-1.1356,0.893
1.0131,-0.5413,-1.1597,1.8764,-0.2174,0.628,0.7093,-2.5259,-0.8452,-1.4787,2.1655,0.1327,0.3675,-1.0987,0.3398
0.6574,-0.1238,-1.2865,2.1884,-0.2691,0.3048,0.8878,-2.4062,-1.0149,0.3667,2.0341,0.2585,-0.0871,-1.7557,0.2573
0.4058,-0.048,-1.1556,2.7827,-0.6485,0.8595,0.8967,-2.4069,-1.0758,0.6517,3.3336,-0.8325,-0.327,-2.4304,-0.0814
0.3287,-0.5631,-1.2658,3.1197,-1.1872,1.4141,0.9167,-2.6212,-0.8114,-0.2254,3.856,-1.4811,0.0243,-2.1039,-0.2919
0.2061,-0.4959,-1.3499,3.441,-0.8338,2.0339,0.577,-2.6431,-0.8119,-0.9201,3.429,-1.2626,0.3289,-1.4409,-0.7931
0.7456,-0.8102,-1.5411,3.156,-1.1727,0.752,0.3537,-2.6843,-0.5472,-1.1602,3.1002,-0.8703,0.5334,-0.826,-1.3273
0.586,-0.5785,-1.7695,3.58,-1.1444,0.1045,0.4029,-2.6471,-0.7154,-0.8524,2.6003,-0.4095,0.4102,-0.6675,-1.2686
-0.0489,-0.5389,-1.1646,4.1192,-1.4483,-0.3742,0.7012,-2.7995,-0.823,-0.6633,2.7103,-0.5164,0.4153,-0.6689,-1.1235
-0.8843,-0.6519,-1.2355,4.4517,-1.4834,-0.5904,0.6695,-3.0031,-0.7158,-0.6181,2.8814,-0.6367,0.5322,-0.2181,-0.8462
-1.2483,-0.7572,-0.8547,4.8905,-1.7113,-0.0794,0.395,-2.9358,-0.7723,-0.4766,2.991,-0.711,1.1481,0.3369,-0.5488
-0.6484,-0.3581,-0.7708,4.5812,-1.7054,0.0404,0.4523,-3.3469,-0.7786,-0.282,2.9586,-1.0049,1.3963,0.9281,-0.3785
-0.8257,-0.4828,-0.9943,4.4661,-1.2092,-0.1472,0.5547,-3.5583,-0.5611,-0.4741,3.0686,-1.2623,1.1567,1.2807,-0.8819
-0.5387,-0.5042,-1.2752,4.6693,-1.5234,0.3066,0.5399,-3.5488,-0.4627,-0.6964,2.9917,-1.2855,1.2066,1.2629,-0.5861
-0.4035,-0.7607,-1.2541,4.6533,-1.1553,0.5187,0.5405,-3.7158,-0.424,-1.1742,2.8343,-1.1986,1.0599,1.5844,-0.1168
-0.392,-0.396,-1.1039,4.5236,-1.142,0.4743,-0.1174,-3.9593,-0.4791,-1.2772,2.7093,-0.7775,1.1757,1.8658,0.3067
-0.4137,-0.3915,-0.7683,4.1969,-1.0142,0.2501,0.5201,-4.1199,-0.9799,-1.4082,2.3268,-0.684,1.2497,2.4375,0.4191
-0.177,-0.5332,-0.8512,3.6556,-1.1671,0.1457,0.6639,-4.1031,-0.7545,-0.9517,2.2085,-0.3384,1.416,2.6254,0.6823
0.1292,-0.8251,-0.7192,3.3117,-0.8008,0.4865,0.9309,-4.0189,-1.3266,-0.5427,2.5313,-0.3598,1.4671,2.0645,0.8395
-0.3556,-0.6455,-0.5424,3.2773,-0.9255,0.6136,0.2027,-3.644,-1.0771,-0.8224,2.7205,-0.3463,1.3952,2.2523,0.8009
-0.0733,-0.9726,-0.6555,3.2724,-0.6398,1.0666,0.6483,-3.4586,-0.886,-1.1627,2.6887,-0.3079,1.3243,2.3018,0.6936
0.6486,-0.6091,-0.4859,2.9182,-0.5242,0.9035,1.0266,-3.3627,-0.8481,-1.4084,2.4528,0.0398,1.2888,2.4972,0.6047
0.7791,-0.9394,-0.6705,2.8321,-1.066,1.1513,0.6689,-3.2779,-1.0438,-1.4549,2.4174,-0.0961,1.2083,1.6356,0.2989
1.1139,-0.5444,-0.8436,2.8729,-0.8322,0.794,1.0502,-2.9046,-1.0598,-1.3001,2.1286,0.8083,0.7778,0.8724,0.0198
0.615,-0.4159,-1.0191,2.628,-0.6465,0.2303,1.2094,-2.5448,-1.1479,-1.154,2.0987,0.2877,0.2039,-0.3223,0.0201
0.5073,0.1197,-1.6003,2.8572,-1.3532,-0.0972,1.3111,-2.4408,-1.0089,-1.0437,2.1501,0.2159,-0.219,-0.7396,-0.127
0.2088,-0.0715,-1.1602,3.6578,-1.6459,-0.1694,1.0416,-2.4449,-0.8964,-0.7285,2.1346,-0.4357,0.0032,-0.869,-0.2905
-0.1265,-0.6487,-0.9507,4.114,-2.0919,0.3122,0.5452,-2.6592,-0.9931,-0.2297,2.3436,-0.819,0.2411,-0.8111,-0.3932
-0.0695,-0.3455,-0.8221,4.4886,-1.6562,0.3087,1.302,-2.7926,-1.0435,-0.223,2.4454,-1.0756,0.3158,-0.4729,-0.3347
-0.0219,-0.2434,-0.8903,4.5312,-2.1018,0.3887,0.9145,-2.9235,-1.0582,-0.4484,2.5658,-1.2508,0.3623,0.3591,0.0392
-0.3939,-0.0321,-0.917,4.4627,-2.2223,0.278,1.2274,-3.3095,-0.9281,-0.5999,2.3823,-1.0902,0.5376,0.7233,-0.564
-0.2586,-0.2558,-0.7193,4.5697,-1.5702,0.6041,0.383,-3.3001,-0.5728,-0.7185,2.8066,-1.1459,0.8441,0.7498,-0.4738
-0.2744,-0.3343,-0.6741,4.4354,-1.4007,0.2927,0.7166,-3.3649,-0.5774,-0.8626,2.3361,-1.0319,1.0717,0.8774,-0.305
-0.6506,-0.5714,-0.6119,4.4994,-1.4695,0.0014,0.811,-3.2166,-0.4747,-0.9164,2.2062,-0.7055,1.0873,1.0665,-1.0359
-0.5833,-0.5421,-1.0733,4.7774,-1.4382,-0.2544,0.61,-3.082,-0.4613,-0.5479,2.1686,-0.4996,1.1714,1.4427,-0.5141
-0.9245,-0.344,-1.0425,5.2296,-1.3203,-0.0935,0.3546,-3.2127,-0.3713,-0.8536,2.6061,-0.5183,1.2317,1.1413,0.0625
-1.1098,-0.4023,-0.8281,5.0198,-1.0516,0.4692,0.606,-3.5823,-0.4558,-0.318,2.5272,-1.0343,1.5318,1.1701,0.1053
-0.4706,-0.4521,-0.7808,4.6356,-0.997,0.7919,0.8891,-3.5765,-0.4994,-0.9482,2.6368,-1.2361,1.5639,1.4823,0.1456
-0.0657,-0.3912,-1.0175,4.4634,-1.159,1.2614,0.4488,-3.523,-0.6954,-1.1411,2.3487,-0.948,1.324,1.3457,0.0883
0.2609,-0.5508,-0.8944,4.3122,-1.4364,0.4629,0.6704,-3.1223,-0.6251,-1.4327,2.1072,-0.6901,1.0854,1.4178,-0.1602
-0.1079,-0.3094,-1.1505,4.2921,-0.9298,0.3578,1.0725,-3.0202,-0.5139,-1.3122,1.67,-0.3631,0.9567,1.2283,0.11
0.0559,-0.1378,-0.6065,4.2012,-0.9611,0.5024,0.925,-2.8078,-0.5296,-1.0648,1.8999,-0.3984,0.5694,0.4295,0.3731
0.0864,-0.7118,-0.5586,3.9369,-1.0052,-0.0386,1.1889,-2.8212,-0.6494,-0.8088,2.0877,-0.5675,0.5597,0.2032,0.6719
0.181,-0.3488,-0.8167,3.7486,-0.8926,0.1668,1.2936,-2.9484,-0.8767,-0.7224,2.2881,-0.6564,0.4792,0.1671,0.8538
0.2707,-0.2534,0.2048,3.5914,-1.0155,0.393,1.0503,-2.6241,-0.5823,-0.8638,2.4152,-0.5316,0.4045,-0.1393,0.6615
0.2312,-0.1908,0.049,3.6181,-0.9997,-0.0913,0.9299,-2.76,-0.6116,-1.0392,2.6666,-0.8049,0.5707,0.1955,1.297
-0.0023,-0.0517,-0.1492,3.5168,-1.4445,-0.1559,1.0276,-2.7838,-0.8834,-0.7728,2.6348,-0.8777,0.3211,0.3139,1.3205
-0.117,-0.902,0.17,3.9455,-1.3189,0.4894,1.1449,-2.8078,-0.4019,-0.8248,2.7756,-0.942,0.7911,0.6529,1.393
-0.1129,-0.3779,0.0184,3.5859,-0.7088,0.975,0.9049,-2.8938,-0.4166,-1.1002,2.623,-0.7442,0.9508,0.9388,1.0856
0.5818,-0.5164,-0.2245,3.4533,-1.0209,0.5349,0.98,-2.9418,-0.4176,-1.0622,2.7024,-0.7218,0.8351,1.0456,1.1345
0.7926,-0.6141,-0.2635,3.0144,-0.7009,0.2992,1.296,-2.9459,-0.4715,-1.2638,2.7339,-0.9002,0.7814,1.3891,1.3616
0.5863,-0.2707,-0.5559,2.8861,-0.8077,0.6783,1.2562,-2.7812,-0.6787,-1.1588,2.5689,-0.5817,0.4698,1.3281,1.5872
0.3596,-0.1418,-0.7273,2.9457,-0.9324,0.5005,1.3713,-2.5691,-0.5449,-1.2047,2.4628,-0.7057,0.1536,0.8462,1.5729
0.3888,-0.2802,-0.6112,3.0823,-1.037,0.1979,1.2337,-2.7516,-0.4454,-0.5501,2.4861,-0.7421,0.1768,0.8778,1.4975
0.1403,-0.206,-0.5833,3.1612,-1.2387,1.0916,1.4478,-2.7436,-0.3062,-0.8509,2.6751,-0.9126,0.2632,0.4442,1.6815
0.7515,0.1989,-0.3199,2.887,-1.3016,0.5456,1.0755,-2.7873,-0.3949,-1.0165,2.6095,-0.7772,-0.1204,0.1697,0.9235
0.8471,0.259,-0.4612,3.2833,-1.1959,0.0263,1.5089,-2.573,-0.4469,-1.2243,2.5388,-0.8592,-0.3084,0.2435,1.1259
0.3872,0.2327,-0.4934,3.3529,-1.0665,-0.0564,1.6161,-2.6734,-0.6128,-1.0563,2.5085,-1.0929,-0.4042,0.154,1.5746
0.2197,-0.0517,-0.2456,3.7636,-1.2179,0.1429,1.0366,-2.7145,-0.6811,-0.9984,2.1871,-1.3784,-0.3025,0.6755,1.8696
0.3891,-0.3502,-0.2523,3.1164,-0.889,0.476,1.3576,-2.7752,-0.6053,-0.9927,2.1503,-1.4247,0.0785,0.7283,1.8528
0.7976,-0.519,-0.4244,3.0115,-0.5948,0.8079,1.3755,-2.816,-0.532,-0.8808,2.0026,-1.3145,-0.1474,0.7627,2.0736
0.899,-0.7121,-0.309,2.6312,-0.6163,1.0146,1.7781,-2.9038,-0.6048,-1.2515,2.0098,-1.3348,0.0101,0.3482,1.3894
0.8693,-0.6889,-0.6675,2.9532,-0.4826,0.3921,1.3859,-2.7873,-0.5002,-1.5261,2.0207,-1.0172,0.138,0.3721,1.4523
0.6625,-0.8593,-1.0009,2.9012,-0.7605,0.0375,2.0835,-2.7949,-0.3958,-1.4518,1.7558,-0.9442,0.2321,-0.0287,1.4904
0.7808,-0.5825,-0.9625,2.6326,-1.0457,-0.0724,1.9292,-2.6711,-0.4586,-1.7904,1.69,-0.6317,-0.0054,-0.6326,1.2961
0.6347,-0.5363,-0.8234,3.2744,-0.8226,0.0012,1.6949,-2.0098,-0.5598,-1.4539,1.3576,-0.4341,-0.1664,-0.6157,1.1174
0.4083,-0.3891,-0.504,3.5403,-1.1633,0.1215,1.3555,-2.1821,-0.3172,-0.9445,1.4455,-0.676,-0.305,-0.5211,1.0219
0.1256,-0.8879,-0.5447,3.7043,-1.3941,0.5109,1.8169,-2.3438,-0.3392,-1.0507,1.7782,-0.876,-0.2051,-0.7234,1.0346
0.5376,-0.9963,-0.6357,3.515,-1.202,0.2962,1.9972,-2.7583,-0.3213,-0.7528,1.9067,-0.852,0.1627,-0.5658,1.1984
0.704,-0.5798,-0.5648,3.4941,-1.1063,0.2772,1.9958,-2.7399,-0.4332,-0.6586,1.8097,-0.9841,0.0713,-0.2708,1.1488
0.9105,-0.7536,-0.5223,3.1466,-1.5822,0.2425,1.6492,-2.5668,-0.4872,-1.0063,1.8816,-1.0939,0.1119,0.1512,0.8549
0.9881,-0.5011,-0.3038,2.899,-1.6627,-0.0665,1.8421,-2.6046,-0.5649,-0.7475,1.932,-0.9514,-0.138,-0.4209,0.4279
0.86,-0.6245,-0.4824,3.3712,-1.599,0.0085,2.1771,-2.3803,-0.3509,-0.9136,2.1826,-1.1297,-0.1921,-0.1634,0.7785
0.5496,-0.424,-0.8204,3.4103,-1.3742,-0.3313,2.2516,-2.2135,-0.3638,-0.5356,1.9749,-0.7573,-0.2467,0.0747,0.8723
0.5723,-0.2006,-0.8345,3.4405,-1.3284,-0.0937,2.2522,-2.3179,-0.2045,-0.5586,1.4435,-1.0503,-0.1727,0.0072,1.3413
0.469,-0.1859,-0.6463,3.148,-1.3077,0.5557,1.858,-2.7465,-0.1331,-0.7771,1.8679,-1.383,-0.0561,0.1674,1.604
0.9586,-0.1267,-0.4937,3.3903,-1.1902,0.6775,1.7181,-2.508,-0.6618,-0.718,2.0407,-1.2033,-0.1826,0.38,1.6762
0.9336,0.1871,-0.442,2.8173,-2.2255,0.722,1.9642,-2.5494,-0.6861,-0.7933,2.0161,-1.2952,-0.4917,0.2978,1.1501
1.5998,-0.2823,-0.1455,2.7779,-1.9263,0.8743,1.7797,-2.4732,-0.6513,-1.1298,1.9585,-1.2843,-0.4405,0.6504,0.9115
2.1718,-0.053,-0.2832,2.872,-1.751,0.2319,2.1588,-2.4723,-0.7512,-1.4128,1.7651,-1.0494,-0.5306,0.64,0.8959
1.689,-0.0208,-0.4765,2.7883,-1.9335,-0.2861,1.9291,-2.4667,-0.8434,-0.6284,1.4868,-0.7389,-0.9752,0.6662,1.185
0.7655,-0.0687,-0.3384,2.9196,-1.776,0.1312,2.26,-2.3739,-0.7021,-0.5678,1.8838,-1.078,-0.8899,-0.0087,1.5515
0.9892,-0.1214,0.0348,2.8904,-1.9603,0.2115,2.2522,-2.4427,-0.5569,-0.9858,2.056,-1.5377,-0.5883,0.0398,1.7685
0.9001,-0.2764,0.421,2.7955,-1.6734,0.0374,2.0735,-2.3971,-0.2525,-0.9539,1.9361,-1.1631,-0.3569,0.0247,1.5817
0.9928,-0.3429,0.2791,2.5604,-1.5014,0.0062,2.4907,-2.3307,-0.4174,-1.1905,1.9786,-0.8941,-0.1161,0.7488,1.4018
0.6611,-0.2561,-0.4128,2.8317,-1.5113,-0.49,2.6153,-2.1644,-0.4163,-0.6557,1.8442,-0.7825,-0.3538,0.6327,1.5304
0.5984,0.1762,-0.6094,3.0051,-1.5963,-0.0985,2.0548,-2.123,-0.685,-0.3701,2.1492,-1.045,-0.7261,0.0621,1.7673
0.5578,0.1936,-0.3098,3.3111,-1.7319,0.4617,1.8035,-2.3698,-0.9046,-0.2665,2.2608,-1.6397,-0.5257,-0.2582,1.6062
0.939,0.1005,-0.3426,3.2244,-2.0567,1.2744,2.0105,-2.605,-0.8021,-0.1907,2.4052,-2.0975,-0.3679,-1.0193,1.1172
1.5889,-0.03,-0.1013,2.8537,-2.3528,1.2553,1.9601,-2.6433,-0.7539,-0.634,2.2276,-2.2187,-0.3359,-0.0898,0.6925
1.6677,-0.2575,0.2016,3.5273,-2.4812,1.1929,1.6969,-2.3627,-0.8923,-0.7928,1.7709,-2.0468,-0.4102,0.61,0.5056
1.6608,-0.1416,0.0977,3.1811,-2.2462,0.8259,1.7262,-2.4249,-0.8206,-0.7095,1.496,-1.8796,-0.5842,1.0103,0.6454
1.6871,-0.192,-0.0508,3.2516,-2.3651,1.5831,1.9909,-2.4191,-0.6485,-1.257,1.2937,-1.8316,-0.6444,1.2156,1.0053
2.1031,-0.2284,-0.3895,2.9269,-1.8652,0.954,2.425,-2.3907,-0.7445,-1.3963,1.2511,-1.318,-0.6056,1.2842,1.0433
2.0583,-0.1517,-0.1963,3.0433,-1.5419,0.0744,2.2046,-2.2712,-0.657,-1.2188,1.3236,-1.1494,-0.7966,0.4811,0.9868
1.5579,-0.5787,-0.3931,2.7842,-1.7792,0.0839,2.1064,-2.4357,-0.4756,-1.4713,1.5609,-1.0057,-0.5582,0.0343,1.355
1.0723,-0.5026,0.0405,2.9704,-1.3899,0.0266,2.1564,-2.2888,-0.4229,-1.2837,1.3906,-0.6825,-0.3323,-1.0147,1.4051
0.7811,-0.6762,-0.3329,2.89,-1.8912,0.0844,2.175,-2.442,-0.2921,-0.6143,1.5958,-0.5209,-0.109,-1.3803,1.2793
0.7818,-0.4407,-0.0002,3.527,-1.3686,0.3124,1.9294,-2.3626,-0.2868,-0.4568,2.2033,-0.8349,0.0289,-1.2824,1.1323
1.0904,-0.3078,-0.0185,3.4952,-1.1588,0.7501,2.318,-2.5579,-0.3729,-0.5355,2.463,-1.2396,0.0479,-0.4573,1.2793
1.0524,-0.1916,-0.1552,3.6183,-1.1585,0.6702,2.4284,-2.4514,-0.4076,-0.9839,2.5648,-1.8216,-0.079,0.0596,1.1444
1.1162,-0.5761,-0.4514,3.5404,-1.2855,0.4789,2.1413,-2.7801,-0.3127,-1.0286,1.9732,-1.5523,-0.0612,-0.1311,0.8131
1.0996,-0.7029,-0.2568,3.7544,-1.245,0.2947,2.1665,-2.6297,-0.3056,-1.1269,2.014,-1.1818,0.0231,0.3925,0.9905
0.9825,-0.735,-0.2783,3.7573,-1.6123,0.2449,1.8167,-2.6704,-0.4118,-0.782,1.7767,-0.9588,0.2973,0.9111,1.3889
1.1248,-0.6094,-0.4091,3.6881,-1.3229,0.6614,2.063,-2.813,-0.3352,-0.8581,1.8905,-1.0597,0.2157,0.8634,1.2954
1.2017,-0.3397,-0.1914,3.6893,-1.4143,0.668,1.6447,-2.8219,0.0008,-0.706,2.2876,-1.2702,-0.0115,0.4558,1.2727
0.8764,-0.4557,0.0898,3.7344,-1.2129,0.1955,3.16,-2.7689,-0.086,-0.663,2.1112,-1.5689,-0.1585,0.8805,1.42
0.8215,-0.1719,-0.4976,3.2888,-2.1577,0.3291,2.4896,-2.9104,-0.1405,-0.4701,1.8704,-1.3915,-0.1126,1.3509,1.4506
1.1101,-0.4996,-0.0127,3.3971,-2.192,0.7722,2.4197,-2.4973,-0.2005,-0.6694,1.8538,-1.3625,0.1768,1.0733,1.3561
1.2859,-0.3837,0.0046,3.1734,-2.3089,0.7819,2.3798,-2.1997,-0.0198,-1.2423,2.1649,-1.1066,-0.101,1.0113,0.8897
1.5023,-0.0274,0.3085,4.8068,-2.235,0.6052,1.8717,-1.9541,-0.1602,-1.0742,2.1114,-1.2198,-0.5802,0.8947,0.9323
0.8064,-0.5831,0.203,4.4575,-2.0269,0.4853,1.6612,-2.5097,-0.1096,-0.708,2.0797,-1.3439,-0.44,0.8429,1.0815
0.3565,-0.648,0.2611,3.9616,-1.7153,0.1531,2.185,-2.6914,-0.1687,-0.5891,2.0901,-1.5397,-0.0102,1.1238,0.8929
0.5186,0.1027,-0.1686,4.268,-1.7915,0.2696,2.0032,-2.6124,-0.3495,-0.6662,2.2314,-1.3749,-0.1037,1.7055,1.2593
0.4215,0.1264,-0.0677,4.1731,-1.923,0.6313,1.5076,-2.6666,-0.4466,-0.6476,2.3052,-1.7001,-0.1317,0.9552,1.3639
0.5861,-0.2342,0.0096,4.3729,-1.5624,1.1964,1.8527,-2.9226,-0.2966,-0.6274,2.4198,-1.9446,0.1066,1.5772,1.5581
0.6802,-0.2646,0.5214,3.9324,-1.5931,0.7698,1.5759,-2.9774,-0.4694,-0.4326,2.1988,-1.7258,0.1945,2.1906,1.2384
1.1166,-0.2476,0.0909,3.8638,-1.6064,1.8302,1.5121,-2.9027,-0.2683,-0.5843,2.1611,-1.974,0.0413,2.6347,1.4838
1.7995,-0.5728,-0.1233,3.3566,-1.6287,1.3496,1.9825,-2.7706,-0.0253,-1.1301,2.3343,-1.6183,-0.08,2.8681,1.4054
1.7116,-0.7884,-0.2455,3.1969,-1.3146,1.0156,2.7576,-2.4563,0.0291,-1.4321,1.6329,-1.294,-0.1488,2.065,1.6577
1.6575,-0.385,-0.0583,2.8845,-1.3621,0.6499,2.2415,-2.2542,0.0085,-1.1146,1.3898,-0.8548,-0.4152,1.5216,1.8131
1.3723,-0.5807,-0.0612,2.7456,-1.5974,0.5057,1.5726,-2.1013,0.0546,-0.9532,1.3565,-1.0913,-0.3741,1.1277,1.9377
1.1216,-0.376,-0.3105,2.9742,-1.3721,0.5378,1.6444,-2.1335,-0.0291,-0.7759,1.6668,-0.9734,-0.4468,0.9884,2.0195
1.3851,-0.1136,-0.0966,2.8524,-1.054,0.7467,1.4329,-2.142,-0.3015,-0.5878,2.0523,-1.1479,-0.4302,0.4567,2.0875
1.3107,-0.2804,-0.0914,2.7706,-0.978,0.4527,1.9409,-1.973,-0.4121,-0.6117,2.2167,-1.3786,-0.5668,0.3334,2.2918
1.1134,-0.5423,-0.0305,2.6103,-1.2655,0.7483,1.5118,-2.0228,-0.7449,-0.3172,1.9739,-1.5126,-0.423,0.4636,2.2644
1.1775,-0.8073,-0.5912,2.1153,-1.3206,1.1745,2.1207,-1.96,-0.5529,-0.472,1.7659,-1.3367,-0.1143,0.6539,2.1901
1.732,-0.4365,-0.3,2.4657,-1.7899,1.3455,2.2642,-1.6489,-0.4077,-0.817,1.9521,-0.7881,-0.1233,0.1024,1.7778
2.2674,-0.5105,-0.1403,2.8828,-1.7261,1.1054,2.0377,-1.4754,-0.2789,-1.266,2.1761,-0.9777,-0.3039,-0.5043,1.3461
1.9858,-0.3272,-0.0993,3.4863,-2.1396,1.0158,2.3853,-1.6983,-0.3132,-1.2645,1.9689,-1.0947,-0.6776,-0.4642,1.0681
2.1459,-0.4348,0.0773,2.9608,-2.4269,0.6628,2.2363,-1.8747,-0.2492,-1.0673,1.6109,-1.1751,-0.6782,-0.5175,0.8992
1.7404,-0.3286,-0.0395,3.042,-2.3089,0.7527,2.0268,-1.7705,-0.1041,-1.1897,1.704,-1.3139,-0.7925,-0.9224,0.4077
1.7577,-0.3191,-0.8118,3.7135,-2.4218,-0.4878,1.6826,-1.6394,0.0144,-0.6727,1.426,-1.1932,-0.7003,-1.0828,0.5395
0.789,-0.6565,-0.3023,4.1342,-2.006,-0.1759,1.5759,-1.8391,-0.0199,-0.4326,1.8762,-1.4465,-0.4833,-1.2602,0.9262
0.5052,-0.6713,-0.254,4.3175,-1.4723,0.7457,1.7804,-2.1805,-0.0233,-0.5427,1.8491,-1.6558,-0.0902,-1.0195,0.9888
0.5715,-0.248,-0.5647,4.5562,-1.2877,0.835,1.242,-2.6838,0.0924,-0.6835,2.1403,-1.7247,0.1879,-0.071,0.9003
0.6649,-0.4827,-0.7747,4.3731,-1.6045,0.6152,1.6748,-2.6642,0.0547,-0.6201,2.1225,-1.5882,0.1187,0.2405,0.4149
0.8897,-0.8963,-0.8348,4.3672,-1.6447,0.4059,2.3468,-2.7215,0.0581,-0.6582,1.9968,-1.9664,0.2964,0.1845,0.3333
0.8683,-0.3095,-1.0099,4.351,-1.8175,0.0271,1.9003,-2.6649,-0.0401,-0.9793,2.1415,-1.7593,0.322,0.6556,0.7119
0.6218,-0.2861,-0.5732,4.3436,-1.8158,-0.0638,1.7431,-2.5241,-0.2125,-0.7047,2.1141,-1.5913,0.3694,0.5701,1.0793
0.3408,-0.3429,-0.4138,4.2691,-1.6389,0.1432,2.0681,-2.645,-0.3075,-0.6251,1.9648,-1.8518,0.5017,0.4734,1.1722
0.5542,-0.3882,-0.3761,4.2919,-1.7588,-0.1341,1.6154,-2.1997,-0.2098,-0.3032,2.0087,-1.9993,0.5421,1.011,1.4643
0.457,-0.4508,-0.3892,4.0307,-1.6047,0.4207,2.1276,-2.136,-0.1512,-0.1484,2.1149,-1.7827,0.4314,1.1092,1.5966
0.7441,-0.5499,-0.374,3.5128,-1.3718,0.3123,1.8405,-2.2999,-0.163,-0.1466,2.3758,-2.1937,0.7092,1.3843,1.7759
0.8207,-0.9188,-0.4951,3.5061,-1.2428,1.1674,2.2849,-2.0538,-0.1703,-0.8012,2.5151,-2.0034,0.8476,1.9928,1.8564
0.9068,-0.6299,-0.488,3.1537,-1.1709,1.2909,2.2406,-2.1644,-0.0964,-0.8388,2.2606,-1.4496,0.7425,2.1113,2.0012
0.9039,-0.5538,-0.4769,3.0063,-1.702,1.1915,2.0321,-1.9181,-0.0502,-0.8728,2.0208,-1.2527,0.5181,2.0274,1.7351
1.3737,-0.3152,-0.5644,2.9604,-1.9087,0.8062,2.1512,-1.7865,-0.141,-1.1992,2.115,-1.1397,0.2011,1.5029,1.4905
1.4202,-0.4153,0.1394,3.0582,-1.8799,0.9882,2.0557,-1.7905,-0.1154,-1.2481,1.8965,-1.061,0.0671,1.4523,1.6856
1.3545,-0.1719,0.0115,2.7555,-1.691,0.7647,2.0952,-1.8459,-0.1864,-1.2196,2.2947,-1.3512,-0.0488,0.9164,1.3328
1.7365,-0.329,-0.2637,2.8849,-1.5749,0.4383,2.4688,-1.718,-0.1917,-0.6558,1.9707,-0.9478,-0.0873,0.6463,1.5231
1.3219,-0.1746,-0.4055,2.7275,-1.8373,0.4717,2.4225,-1.4312,0.053,-0.7451,2.245,-1.069,-0.4288,0.0825,1.6847
1.3775,-0.331,-0.2251,2.6572,-1.6605,0.0846,2.4784,-1.4528,0.0161,-0.6073,2.5563,-1.3451,-0.2752,-0.1863,1.8409
1.1618,-0.2538,-0.0372,2.682,-1.6441,0.327,2.4461,-1.4732,-0.1014,-0.4975,2.5021,-1.4757,-0.4651,-0.4294,1.9113
1.3142,-0.3123,0.4075,2.6627,-1.7169,0.4036,2.3614,-1.3784,-0.1669,-0.4747,2.3138,-1.5047,-0.1755,-0.431,1.7739
1.0021,-0.5754,0.1932,3.0109,-1.7296,0.3912,2.1179,-1.372,-0.0385,-0.4568,2.3844,-1.5303,-0.0656,0.0631,1.8519
1.0514,-0.4887,0.4028,3.0413,-2.5635,0.3621,2.0157,-1.5571,-0.1672,-0.5991,2.4734,-1.634,0.0315,-0.1844,1.8147
0.9983,-0.2979,0.4885,2.8601,-2.1991,0.1501,1.9063,-1.6282,-0.4234,-0.7156,2.4956,-1.6174,-0.1081,0.1025,1.6221
0.791,0.0465,0.5407,2.7015,-1.9364,-0.0682,2.2367,-1.3165,-0.2968,-0.3869,1.9086,-1.3969,-0.277,0.3337,1.7413
0.9237,-0.1126,0.3177,2.9334,-1.873,-0.0002,1.909,-1.2327,-0.1873,-0.3435,2.1008,-1.5354,-0.4157,0.3301,2.1479
0.7499,0.1685,0.4261,2.7459,-1.8416,0.0821,1.9113,-1.4394,-0.2493,-0.2391,2.1603,-1.7182,-0.3969,0.3999,2.3158
0.4226,-0.0901,0.7634,2.7312,-1.9337,0.0423,2.1053,-1.2601,-0.2617,-0.8466,2.4322,-1.7959,-0.3552,0.465,1.7826
0.5281,-0.0735,0.562,3.1047,-1.9569,-0.0045,1.9511,-1.4211,-0.2028,-0.4542,1.9607,-1.7693,-0.1638,1.0436,2.0115
0.4043,-0.4861,0.9118,3.1271,-1.4485,0.1304,2.0343,-1.7804,-0.3789,-0.0586,2.1285,-2.0398,0.0511,0.8102,2.325
0.7535,-0.8402,1.004,3.2332,-1.9279,0.8807,1.9088,-1.9247,-0.1939,-0.6343,2.0551,-2.3372,0.4842,1.6845,2.5385
0.5746,-0.9424,1.7109,2.8587,-1.4949,1.1107,2.1295,-1.9121,-0.2097,-0.8171,1.7751,-1.6878,0.5898,2.6303,2.3592
1.5039,-0.7077,0.9537,2.4965,-1.3368,0.6732,1.7721,-1.9094,-0.3047,-0.6424,1.7404,-1.3397,0.6603,3.3621,2.6139
1.6538,-0.6329,0.6906,1.9293,-1.3534,0.9735,2.1363,-2.0196,-0.4733,-0.8721,1.6879,-1.1265,0.5185,2.8914,2.5484
2.0606,-0.707,0.5326,1.7656,-1.608,0.9343,2.5401,-1.9728,-0.5107,-0.8712,1.6549,-0.7543,0.2554,2.1341,2.3115
1.5313,-0.6524,0.2888,1.7856,-1.8618,0.5477,2.1715,-1.5801,-0.5152,-0.8881,1.8677,-0.5802,-0.1198,1.0928,2.0457
1.7826,-0.8484,0.3912,2.0015,-2.2242,0.2364,2.0063,-1.3323,-0.3484,-0.5087,1.85,-0.469,-0.0829,0.3907,1.9413
1.5658,-0.9767,0.2643,2.0892,-1.9706,0.2729,2.1469,-1.3849,-0.352,-0.3437,2.4741,-0.6296,-0.068,-0.5793,1.4706
1.4741,-1.5282,0.2046,1.7861,-2.2183,0.2046,2.4091,-1.2445,-0.2877,-0.403,2.4206,-0.4958,0.1657,-0.4925,1.2827
1.1808,-0.8122,0.4613,2.4824,-2.1486,0.0734,2.3105,-1.097,-0.4946,-0.0589,2.1819,-0.4551,-0.0032,-0.3904,1.1615
1.3563,-0.6912,0.1871,2.9507,-2.3798,0.2484,1.975,-1.2797,-0.2488,-0.1322,2.4549,-1.0861,0.0709,0.0126,1.3541
1.6303,-0.6255,0.2943,2.7509,-1.843,0.1476,1.9754,-1.6465,-0.2107,-0.3602,2.4269,-1.3222,0.054,-0.1766,1.1399
1.5407,-0.873,0.2997,3.033,-1.8854,-0.0692,1.8979,-1.4982,-0.0167,-0.2981,2.3085,-1.2247,0.1657,0.3012,1.494
1.3404,-0.861,0.2361,2.8096,1.057,0.0789,1.7521,-1.7078,-0.047,0.0078,2.6454,-1.1764,0.0669,0.0466,2.4382
1.2365,-0.8961,-0.6005,2.7419,0.2628,-0.141,1.1772,-2.0097,-0.1078,0.2275,2.7309,-1.4254,0.3483,0.2034,2.4596
1.4433,-0.365,-0.3874,2.1847,-0.2694,0.3317,1.3131,-2.1091,-0.082,0.3325,2.5996,-1.4114,0.285,-0.0302,2.7805
1.6957,-0.3457,-0.3776,1.9844,-0.6182,0.2727,1.3846,-1.9008,-0.3034,0.0161,2.8762,-1.4243,-0.2415,-0.3003,2.7688
1.9068,-0.1968,0.1712,1.7983,-0.8798,0.2865,2.0349,-1.4764,-0.2259,-0.583,2.5722,-1.5961,-0.3329,-0.5865,2.5794
1.8963,-1.2233,0.4629,1.6343,-1.0875,0.2532,1.4436,-1.3573,-0.0746,-0.6757,2.4962,-1.5599,-0.1984,-0.4773,2.3858
2.2125,-1.0437,0.5067,1.7568,-0.9699,0.5096,1.7092,-1.3269,0.0594,-0.8795,2.4253,-1.0498,-0.1058,-0.0275,2.3437
1.9408,-0.841,0.2999,1.5744,-1.0437,0.1729,2.0573,-1.3642,0.0015,-0.5901,2.0563,-0.6182,-0.4884,-0.5035,2.1126
1.9705,-1.1178,0.1519,2.016,-1.4751,1.3986,2.0588,-1.0568,-0.2623,-0.8913,1.8447,-0.4859,-0.3368,-0.2599,2.3924
2.4694,-0.5229,0.0297,1.8704,-1.5316,1.044,2.3342,-1.0736,-0.3952,-0.9953,1.5205,-0.3703,-0.4724,-0.9626,1.6641
2.5148,-0.7174,0.0448,1.9445,-1.5462,1.0148,1.8869,-1.207,-0.2416,-1.0604,1.6428,-0.5424,-0.8878,-1.3247,1.3287
2.4834,-0.6044,0.1434,1.8789,-1.598,0.5041,2.1515,-1.2984,-0.2672,-1.1309,1.6894,-0.4192,-1.0192,-1.4494,1.1905
2.0676,-0.7348,-0.0336,2.1567,-1.7602,0.545,3.0078,-1.0983,-0.2455,-0.8748,1.5438,-0.4749,-1.0979,-1.4079,1.0516
1.7531,-0.7384,-0.0416,2.3789,-2.1553,-0.0279,2.3295,-0.9583,-0.2735,0.0168,1.297,-0.5505,-1.0621,-1.6411,1.3711
1.4861,-1.0141,0.2763,2.356,-2.1543,-0.5332,1.9795,-0.9479,-0.1846,-0.2585,1.8925,-0.8361,-0.8641,-1.7438,1.4777
1.1061,-1.1391,0.437,2.8748,-2.1516,-0.1548,2.1737,-1.0115,-0.0114,0.4731,1.988,-0.9042,-0.5913,-1.26,1.612
0.9094,-1.2921,1.1196,3.0755,-1.6613,0.9588,1.8625,-1.4157,-0.0141,0.0261,2.6491,-1.2635,-0.1292,-0.4368,1.9024
1.3536,-1.4219,0.4637,3.1005,-1.2625,1.1537,1.8125,-1.7262,0.0991,-0.3601,2.3681,-1.2349,0.2148,0.4645,1.5371
1.3946,-1.1218,0.0924,3.0128,-1.6442,0.8867,1.4391,-1.6534,0.0074,-0.6178,2.5408,-0.8143,0.126,0.8083,1.2888
1.3921,-1.2778,-0.138,3.1963,-0.9292,0.8787,1.7568,-1.984,0.1228,-0.8456,2.384,-0.766,0.1498,0.5747,1.2895
1.4787,-1.0272,-0.9098,3.1499,-1.057,1.955,1.6817,-1.8848,-0.1135,-1.3023,2.2779,-0.2882,-0.0147,0.4641,1.1064
2.096,-0.627,-1.049,3.2021,-1.4381,0.7258,1.5115,-1.7872,-0.1923,-1.6834,2.0587,-0.1853,-0.2298,0.1511,0.4904
1.6112,-0.4349,-0.526,3.3536,-1.5912,-0.1786,1.3695,-1.7908,-0.4234,-0.7427,1.6943,-0.3255,-0.439,-0.7116,0.3999
1.0189,-0.623,-0.7433,3.8503,-1.5446,-0.7147,1.4421,-2.042,-0.2576,0.0348,2.2335,-0.877,-0.3023,-0.3553,0.484
0.2936,-0.6374,-0.5248,4.1778,-2.1131,0.0778,0.8732,-2.0733,-0.3217,0.1577,2.3243,-1.1644,-0.1016,-0.6322,0.8038
0.5791,-0.7042,-0.3571,4.1541,-2.1487,0.7745,1.2156,-2.5968,-0.1815,-0.0577,2.5176,-1.7234,0.3837,0.048,0.5612
0.9882,-0.5613,-0.254,4.307,-2.0723,1.2907,1.166,-2.4919,-0.05,-0.5916,2.3297,-1.6832,0.2938,0.8365,0.3754
1.5739,-0.9526,-0.3689,4.0176,-2.1863,0.4115,1.6263,-2.4605,-0.0195,-0.6032,2.1856,-1.2868,0.2895,1.1281,-0.4876
1.1325,-0.8803,-0.4054,4.3023,-2.4253,-0.1303,1.3537,-2.228,0.1202,-0.2442,1.8694,-1.0584,-0.202,1.3221,-0.3762
0.9674,-1.019,-0.7444,4.9926,-2.0797,-0.2076,1.407,-2.0672,0.4492,-0.4757,2.2624,-1.5178,-0.163,0.865,-0.0025
0.5939,-1.1313,-0.8188,4.9597,-1.8344,-0.3245,1.1802,-2.2861,0.2455,-0.3696,2.3248,-1.5335,0.196,0.0217,0.3981
-0.1136,-1.0843,-0.3558,5.2641,-1.6852,-0.0225,1.031,-2.5672,0.1464,0.1394,2.4428,-1.5663,0.5045,0.157,0.7499
0.1838,-0.1682,-0.3734,4.9079,-1.6166,0.1674,0.8661,-2.7067,0.2117,-0.4164,2.5633,-1.6475,0.28,0.5342,0.6377
0.3643,-0.6647,-0.6194,4.6558,-2.3276,0.0864,1.2157,-2.7406,0.1034,-0.3525,2.2433,-2.0661,0.4005,0.6132,0.3068
0.7234,-0.5002,-0.1809,4.8868,-2.5208,0.3897,1.307,-2.7044,0.0804,0.0092,1.8719,-1.7879,0.3707,0.8871,0.4346
0.7659,-0.8104,-0.5198,4.7409,-2.2923,0.4037,1.2966,-2.7232,0.003,-0.3178,1.9111,-2.0211,0.4224,1.2767,0.3268
1.1131,-0.9148,-0.2235,4.6567,-2.2934,0.193,1.1942,-2.7154,-0.1288,-0.8791,1.4567,-1.8438,0.3544,1.357,0.5941
1.6734,-1.1234,0.3553,4.3437,-2.0284,-0.8128,1.4341,-2.1771,-0.0436,-0.7149,1.7586,-1.2905,0.2094,2.0699,0.7602
0.9108,-1.2103,0.0767,4.3752,-1.702,-0.044,1.6532,-2.1757,-0.0398,-0.1312,1.8259,-1.1762,0.0014,1.8845,1.4392
0.5969,-0.9692,0.1838,4.3965,-1.6333,0.6416,1.3478,-2.3159,-0.062,-0.4104,2.312,-1.2541,0.0306,1.6762,1.6893
0.9645,-0.7065,0.5297,3.9153,-1.3105,0.6132,1.5343,-2.3994,0.0166,-0.5131,2.1265,-1.3319,0.2334,1.7346,1.854
1.128,-0.9673,0.8048,3.5628,-1.0885,0.188,1.3026,-2.2323,-0.1841,-0.5891,2.2353,-1.3217,0.0602,1.4877,1.8053
1.0047,-0.7376,0.1951,3.6226,-1.1604,0.1466,1.0408,-1.9385,-0.0802,-0.5766,2.3006,-1.1364,-0.3529,1.3537,2.1002
0.9695,-1.0337,0.3749,3.3117,-0.9016,0.2851,1.196,-2.202,-0.0411,-0.8142,2.4249,-1.3101,-0.104,1.2467,1.692
1.3609,-1.2061,0.2865,3.1428,-1.0117,0.2158,1.303,-2.043,-0.1997,-0.287,2.3422,-1.1019,-0.0389,1.1392,1.6222
1.6549,-0.7028,-0.0913,3.1543,-1.1486,0.3562,1.5199,-1.7571,-0.176,-0.7545,2.2843,-0.8423,-0.5839,0.3686,1.7377
1.6938,-0.3935,0.1112,3.0508,-1.1655,-0.1023,1.2072,-1.8199,-0.2167,-0.8467,2.5464,-0.9358,-0.7689,-0.1247,1.7372
1.516,-0.1259,-0.0447,3.1449,-1.4409,-0.4945,2.1373,-1.9494,-0.2145,-0.5778,2.2677,-1.8145,-1.0193,-0.197,1.7109
0.9574,-0.3088,0.1435,3.2076,-2.1494,-0.3243,1.9652,-1.8129,-0.1611,-0.3327,1.9172,-1.9742,-0.8955,0.0375,1.8644
1.0952,-0.6411,0.6443,3.0657,-2.0351,0.2093,1.7252,-1.9129,-0.2157,-0.4385,1.6641,-1.9454,-0.5978,0.2518,1.9815
1.3771,-0.5501,1.1323,3.0408,-1.7449,0.5057,1.8881,-1.5678,-0.3119,-0.56,1.7398,-1.5771,-0.6053,0.4476,1.8265
1.6111,-0.6742,0.8375,2.7707,-1.8539,0.0957,1.9202,-1.5359,-0.2038,-0.6942,1.1753,-1.6102,-0.9058,0.3084,1.5797
1.6103,-0.4287,1.012,2.6371,-2.8693,0.1009,1.83,-1.0731,-0.3813,-0.7522,1.4231,-1.2865,-1.1575,0.272,1.6364
1.0347,-0.3077,1.2,2.7333,-2.4834,0.0671,2.1966,-1.1349,-0.322,-0.5822,1.6676,-1.5552,-1.3609,0.0604,1.3479
1.3682,-0.8496,0.9441,3.5016,-2.8863,0.3402,2.0731,-1.0425,-0.3492,0.3345,1.8534,-1.9629,-0.981,0.5581,1.5425
1.3289,-0.6592,0.846,3.3757,-2.62,0.982,1.9709,-1.3804,-0.2211,-0.0712,2.0957,-2.2899,-1.0554,0.6274,1.4993
1.9735,-0.6132,1.0525,2.7854,-2.0612,1.1395,2.0255,-1.8014,-0.3112,-1.0398,2.0334,-2.2751,-0.8237,1.2148,1.4893
2.0123,-0.8249,1.0079,2.6482,-2.1186,0.1442,1.8635,-1.5095,-0.4768,-0.8413,1.5096,-1.3999,-0.9244,1.4882,1.4947
1.3854,-0.5443,0.8165,2.5383,-2.1164,0.2259,1.7927,-1.3655,-0.4544,-0.4092,1.6477,-1.2396,-1.0277,1.2287,1.8026
1.223,-1.0739,1.4602,2.8555,-2.1559,0.5853,1.6561,-1.4635,-0.5272,-0.3982,1.609,-1.5993,-0.6009,1.053,1.7845
1.4497,-1.0619,1.1321,2.6844,-2.0819,1.3213,1.8488,-1.6655,-0.4254,-0.95,2.0901,-1.4929,-0.5305,1.6419,2.0722
2.2909,-1.0225,1.0433,2.376,-1.5522,0.8543,1.487,-1.5286,-0.5344,-1.3147,1.9624,-1.0829,-0.611,1.4483,2.1015
2.1554,-0.8132,0.4623,2.0281,-2.0697,0.1832,1.4954,-1.5489,-0.469,-1.3797,1.967,-0.7189,-0.8359,1.1488,1.9966
1.8422,-0.6595,0.5075,2.0886,-2.8599,-0.2405,1.7152,-1.5132,-0.4288,-0.5076,1.5199,-0.8166,-0.7368,0.884,1.8774
1.6837,-1.0735,1.0017,2.6413,-1.8803,0.1104,1.893,-1.4725,-0.6247,-0.3575,1.7322,-1.1915,-0.6557,0.3127,2.4652
1.4244,-0.9149,0.7416,2.5477,-1.3301,0.8653,1.9755,-1.7371,-0.6625,-0.3077,1.9361,-1.3509,-0.5711,0.4735,2.7853
2.0954,-0.9164,0.9855,2.2136,-1.3566,1.2013,1.6145,-1.9376,-0.3414,-0.7147,2.0134,-1.3894,-0.32,0.859,2.2852
2.5345,-0.9939,1.0904,1.8828,-1.4334,1.4654,1.8464,-1.6108,-0.3416,-1.1116,2.0539,-1.2217,-0.4711,1.1482,2.068
2.9658,-0.7089,0.6083,1.7054,-1.3555,0.9156,1.7469,-1.4294,-0.103,-1.3704,1.7886,-0.9096,-0.9038,1.0132,2.0721
2.9446,-0.7167,0.5579,1.7662,-1.3212,0.0634,2.0028,-1.2016,-0.1039,-1.3452,1.2121,-0.8765,-1.1564,0.4841,2.4082
2.4742,-0.6591,0.8586,1.8246,-1.2257,-0.1165,1.9536,-1.1694,-0.1852,-0.9089,1.2327,-0.6343,-1.3168,-0.5807,1.8752
2.1716,-0.3985,0.5689,1.968,-1.5146,-0.2735,2.0249,-1.0714,-0.2645,-1.0618,1.6153,-0.8192,-1.5081,-0.7418,2.1995
1.7476,-1.1265,0.3391,2.1419,-1.6911,-0.6687,1.8756,-1.1421,-0.3657,-0.8755,1.4078,-0.9965,-1.1981,-0.3787,2.1989
1.5912,-0.879,0.0905,2.1435,-1.6939,-0.4011,1.4868,-1.5745,-0.5457,-0.5171,1.4901,-1.0716,-0.8189,-0.0847,2.361
1.6522,-0.8922,0.2813,2.3909,-1.0321,-0.7523,1.9563,-1.5604,-0.6833,-0.2225,1.8258,-1.1933,-0.8117,-0.6916,2.4771
1.2917,-0.6997,0.6312,2.3365,-0.9867,-0.2742,1.9065,-1.7723,-0.7454,-0.1101,2.136,-1.2877,-0.7571,-0.6089,2.4732
1.2094,-1.0712,0.5823,2.2702,-1.4806,0.3457,1.7071,-1.6174,-0.7191,0.2745,2.5651,-1.5066,-0.4492,-1.016,2.2136
2.0972,-1.4438,0.1919,2.3172,-1.4431,1.2983,2.214,-1.4962,-0.8717,-0.6181,2.1184,-1.582,-0.0994,-0.2302,2.1236
2.4879,-0.7416,0.2667,1.85,-1.5812,0.6282,1.9729,-1.4314,-0.7367,-1.1817,1.913,-1.5349,-0.5975,0.0819,1.5295
1.9791,-0.8932,0.232,2.0261,-1.8058,0.0658,2.2016,-1.3267,-0.7065,-1.0848,1.614,-1.1719,-1.1832,-0.0991,0.812
1.9631,-0.6734,-0.1896,2.2936,-1.8957,-0.6045,2.4714,-1.0949,-0.6728,-0.6645,1.2133,-1.047,-1.2894,-0.0249,1.0557
1.4943,-0.6844,0.0212,2.7287,-1.6733,-0.3195,2.4188,-1.172,-0.6773,-0.2013,1.4276,-1.2555,-1.2275,-0.3968,1.2506
1.3954,-0.6736,-0.1131,2.9096,-1.6188,-0.0115,1.9619,-1.4335,-0.6896,-0.3811,1.9137,-1.5972,-0.8596,-0.315,1.3038
1.3713,-0.3905,0.1072,3.1191,-1.7018,0.2081,2.057,-1.6712,-0.6962,-0.1493,1.8745,-1.5081,-0.9718,-1.0175,1.0492
1.514,-0.4912,0.1596,2.9816,-2.3564,0.1572,2.2321,-1.7682,-0.6114,-1.224,2.0498,-1.6893,-1.1191,-0.5813,0.8154
1.6189,-0.7223,-0.0392,2.9572,-1.9891,-0.2688,2.2966,-1.5658,-0.551,-0.8539,1.3334,-1.0681,-1.113,-0.1522,0.9056
1.2736,-0.8666,0.0653,3.3271,-1.9415,-1.0388,1.8176,-1.5055,-0.6611,0.295,1.5038,-1.0562,-1.0587,-0.986,0.7065
0.8605,-0.3221,0.6094,3.7374,-1.9599,-0.4294,1.4788,-1.5986,-0.31,-0.0886,2.5653,-1.4963,-1.0784,-0.5036,1.1467
0.7501,-1.2464,0.3171,3.992,-1.8374,0.5114,1.0595,-1.8318,-0.254,-0.6581,2.865,-1.6701,-0.4957,0.6586,1.758
0.8076,-0.6731,0.7739,3.6613,-1.0506,1.1068,1.4359,-2.5319,-0.4357,-0.8827,2.4867,-1.2723,-0.3969,1.0863,1.3553
1.7975,-1.1682,0.1216,3.9304,-1.4983,0.8429,1.0662,-2.4862,-0.5515,-2.3028,2.3036,-1.139,0.0958,1.8858,1.0273
1.587,-0.9953,0.0317,3.4762,-1.0322,-0.1312,1.4244,-2.4286,-0.5222,-1.5818,1.6804,-0.0657,-0.2145,1.6799,0.913
1.4112,-1.4326,-0.5335,2.855,-1.1209,-0.7772,1.758,-1.9065,-0.5018,-0.9413,1.5491,0.0077,-0.5641,1.2459,1.309
1.2151,-1.276,-0.3874,3.314,-1.3344,-0.822,1.5806,-1.9017,-0.4553,-0.6234,2.3716,-0.1716,-0.325,0.4796,1.8322
1.057,-1.0264,-0.2331,3.1912,-1.0894,-0.5593,1.6814,-2.1826,-0.4527,-0.515,2.6213,-0.3598,-1.0297,-0.7042,1.8301
1.1014,-1.0835,-0.5945,3.2865,-0.789,-0.335,1.4163,-2.1092,-0.527,-0.4445,2.7776,-0.4907,-0.5317,-1.2371,1.9521
0.9714,-0.8619,-0.4001,3.4108,-0.9104,0.0973,1.3933,-2.437,-0.6358,-0.2032,2.8368,-0.7744,-0.5995,-1.5097,1.7203
1.2199,-1.0644,-0.4079,3.5008,-1.0381,0.4544,1.4495,-2.3082,-0.6051,-0.6853,2.8153,-1.1353,-0.406,-0.8422,1.5938
1.4738,-0.8466,-0.5125,3.3665,-1.0942,0.249,1.4549,-2.3354,-0.571,-0.7557,2.4825,-0.9179,-0.4958,-0.3288,1.3663
1.2328,-0.9434,-0.5109,3.5528,-1.2223,1.0945,1.524,-2.3444,-0.5867,-1.1793,2.4613,-0.9259,-0.557,-0.3087,1.2196
1.2925,-0.8048,-0.7193,3.6348,-1.4728,0.172,1.2615,-2.0858,-0.6465,-0.8915,2.3053,-0.6758,-0.9836,-0.0573,0.3587
