x0,x1,x2,x3,x4,x5,x6,x7,x8,x9,x10,x11,x12,x13,x14
1.076,0.5531,0.8259,-2.0898,-0.1257,0.0894,1.0069,1.6359,-0.2014,0.2479,-0.346,0.5635,-2.3152,-3.6843,1.0801
0.8114,0.7004,0.9697,-1.9581,-0.0845,-0.1537,0.9059,1.4298,-0.3203,0.5773,-0.4258,0.1862,-2.199,-3.1288,0.8889
0.7369,0.5525,0.8824,-1.4766,-0.3537,0.0508,0.8972,1.2648,-0.2069,0.6743,-0.3438,-0.2789,-1.8244,-2.9457,0.8018
0.9929,0.4706,0.6617,-1.2888,-0.5699,0.4371,0.6633,1.3986,-0.3922,0.4448,-0.2348,-0.2226,-1.5699,-1.8204,0.5714
0.8083,0.5941,0.7209,-1.2312,-0.475,0.5225,1.0929,0.8759,-0.2485,0.4315,-0.244,-0.0586,-1.7166,-1.3542,0.4886
0.7322,0.3558,0.7827,-0.9376,-0.8871,0.509,0.694,0.8759,0.0102,0.1834,-0.1969,-0.2421,-1.302,-1.2701,0.2755
0.5013,0.111,0.9143,-0.9287,-0.9001,0.4563,1.0776,0.7704,0.1117,0.0645,-0.3082,-0.084,-1.0958,-0.8674,0.0758
0.3915,0.236,0.8263,-0.71,-0.6136,0.2751,0.7686,0.9435,-0.4726,0.3315,-0.3958,-0.0852,-0.993,-0.31,0.0669
0.3932,0.2273,0.738,-0.6534,-0.4544,0.5377,0.774,0.7096,-0.3476,0.4529,-0.376,-0.0162,-0.8567,-0.1267,0.0859
0.5628,0.2338,0.9399,-0.3562,-0.6046,0.8943,0.6527,0.7954,-0.2738,0.5174,-0.135,-0.0296,-0.6409,0.1472,0.1708
0.5499,0.1856,1.5266,-0.4459,-0.665,0.9792,0.6844,0.7112,0.0152,0.4799,-0.0641,0.1259,-0.4087,0.3451,-0.0624
0.6638,0.1582,0.9269,-0.4838,-0.1982,0.7417,0.4368,0.3323,-0.0608,0.3901,-0.0929,0.0822,-0.3609,0.8169,-0.0414
0.6523,0.3602,0.369,-0.1563,-0.2077,0.3442,0.3894,0.2842,0.0204,0.1013,-0.0284,0.2498,-0.3967,1.2972,0.0414
0.213,0.6433,-0.0809,-0.0312,0.0839,0.5012,0.2417,-0.0426,0.2246,0.1514,0.0853,0.305,-0.4351,0.9817,0.3354
0.2431,0.5359,0.0775,-0.5249,0.1788,0.1578,0.2091,-0.2093,-0.0431,0.046,-0.0828,-0.2282,-0.3848,-0.3377,0.0817
0.2336,0.2885,0.2078,-0.0503,0.0683,0.3102,0.0763,-0.1052,0.0294,-0.0598,-0.004,0.2507,0.2615,0.2451,0.364
-0.0557,0.3698,0.8913,-0.119,0.031,0.4483,0.005,-0.4046,-0.056,0.1359,-0.0477,0.2569,0.0058,0.4641,0.1448
0.0573,0.3439,0.1457,0.1683,-0.151,0.6315,0.0672,-0.5515,0.6134,-0.2771,0.1758,0.2419,0.1234,0.748,0.1944
-0.1038,0.3823,0.2302,0.2614,0.0861,0.2277,0.2905,-0.0929,0.2661,0.0679,-0.0544,0.3481,-0.1442,0.8296,0.4185
-0.1629,0.352,0.3017,0.2419,-0.0718,0.481,0.1661,-0.4733,0.4173,-0.0839,0.1989,-0.1559,0.4401,0.9605,0.5732
-0.2732,0.3305,0.0706,0.0489,0.1712,0.7669,0.1695,-0.4825,-0.0324,-0.0536,-0.0186,0.4162,0.2915,1.3509,0.6605
0.0348,0.822,-0.1725,0.0562,0.0256,1.3399,-0.0586,-0.5586,-0.1353,-0.5732,0.1678,0.4022,-0.0454,0.9068,0.6669
0.2998,0.4655,0.2252,-0.205,-0.1343,0.8657,-0.2175,-0.7551,-0.3959,-0.3299,-0.0211,0.2792,0.0451,0.6584,0.5686
0.4175,-0.1419,0.3147,-0.2104,-0.1425,1.1304,-0.3307,-0.5929,-0.0216,-0.4058,0.028,0.2647,-0.1907,0.3912,0.673
0.4221,0.2284,0.2764,-0.4164,0.2024,0.7734,0.0909,-0.6033,0.1924,-0.415,0.027,0.6835,-0.5469,0.156,0.4521
0.2999,0.2351,-0.0598,-0.295,0.2656,0.5977,-0.0457,-0.6092,0.0892,-0.3461,0.1156,0.5387,-0.2588,-0.2444,0.506
0.266,0.4947,0.6887,-0.0793,0.353,-0.0324,-0.0251,-0.5401,-0.1565,-0.493,0.3852,0.281,-0.0831,-0.4128,0.7215
-0.2587,0.2889,0.154,0.2254,0.2853,0.2769,0.1321,-0.5222,-0.387,0.0246,0.17,0.0922,0.3842,-0.042,0.9913
-0.2896,0.2768,0.3331,0.1757,0.2967,0.8022,-0.3074,-0.4415,-0.2849,0.3408,0.2821,-0.055,-0.239,0.0515,0.9995
-0.1487,0.0504,0.3592,-0.2572,0.3234,0.5458,-0.2172,-0.5577,-0.0694,0.3234,0.4424,-0.395,0.1607,0.6894,1.0195
-0.0028,0.0333,0.1268,-0.3124,0.4975,0.8699,-0.2059,-0.5012,-0.2279,0.083,0.52,-0.2404,0.2922,1.197,1.0275
0.1156,0.2187,0.1618,-0.106,0.4541,1.1531,0.1398,-0.7519,-0.5263,0.0061,0.1836,-0.3425,0.0188,1.3366,1.2308
0.4157,0.305,-0.3335,-0.4995,0.3642,1.3284,-0.0595,-0.72,-0.5012,-0.0662,0.6845,-0.1073,-0.1937,1.0936,1.2462
0.6194,0.3392,0.248,-0.6316,0.2483,1.4472,-0.0865,-0.711,-0.7217,-0.0801,0.5692,-0.058,-0.1825,0.6171,1.0594
0.6757,0.363,0.231,-0.5658,-0.2295,0.6786,0.5069,-0.5705,-0.7042,0.2235,0.3776,-0.0952,-0.4579,0.2783,0.6935
0.4423,0.2788,0.2351,-0.3718,-0.4936,1.0562,0.3569,-0.8932,-0.3637,0.0933,0.2844,-0.3991,-0.3463,0.236,0.6011
0.5235,0.4532,0.2099,-0.0628,-0.5122,1.1929,0.2031,-0.6965,-0.3914,0.0042,0.0851,0.104,-0.4021,0.3572,0.5246
0.2289,0.4023,0.2028,-0.0953,-0.5053,1.1592,0.4562,-0.304,-0.5614,0.0293,0.0821,0.1164,-0.3781,0.3416,0.3044
0.256,0.4767,-0.0019,0.134,-0.3118,1.1119,0.4762,-0.3332,-0.5881,0.3686,-0.0724,0.0506,-0.5723,0.3637,0.4828
0.3524,0.5533,0.4677,-0.154,-0.4341,0.8891,0.4428,-0.4332,-0.7577,0.2562,0.0673,-0.63,-0.5955,0.2755,0.3325
-0.0081,0.5225,0.5273,0.0974,-0.4813,0.9541,0.7817,-0.4987,-0.6853,0.4408,-0.4649,-0.7602,-0.7143,0.5892,0.2979
-0.0568,0.5276,0.2411,0.385,-0.6817,1.3583,0.2898,-0.4648,-0.3756,0.3402,-0.4173,-0.7381,-0.3921,1.0336,0.4893
0.3256,0.5612,0.406,0.2505,-0.245,1.6047,0.3108,-0.5786,-0.5012,0.1626,-0.1579,-0.6136,-0.5621,1.2435,0.5685
0.331,0.3715,0.3855,0.5151,-0.3409,1.7407,0.2003,-0.3241,-0.5563,0.0248,-0.0916,0.0767,-0.7165,1.6738,0.2488
0.3736,0.4848,0.1931,0.2766,-0.3543,1.8187,0.1997,-0.1303,-0.6062,-0.1092,-0.036,0.4566,-0.6573,1.3627,0.1571
0.537,0.4857,-0.0253,0.1057,-0.1701,1.511,0.4316,-0.4208,-0.4595,-0.9086,0.1507,0.4482,-1.1573,0.4952,0.179
0.5023,0.4178,0.2669,0.1539,-0.0714,0.7735,0.2906,-0.5291,-0.4844,-0.363,-0.1817,0.3927,-0.8555,0.1399,0.2431
0.0146,0.4753,0.2524,0.4094,0.2604,0.5454,0.2747,-0.3721,-0.02,-0.2856,-0.0423,0.5368,-0.667,-0.1583,0.345
-0.0165,0.3595,0.0558,0.4811,0.373,0.6453,0.3772,-0.5321,-0.6633,0.2192,-0.1602,0.4351,-0.5555,-0.1875,0.7635
-0.1892,0.3766,-0.3875,0.3172,0.314,1.2936,0.1571,-0.6921,-0.858,0.5072,-0.0244,0.7417,-0.2802,-0.1908,0.7948
-0.0147,0.6569,-0.3107,0.1669,0.1053,1.6056,0.1622,-0.3669,-0.4587,0.2056,0.5071,0.377,-0.3718,-0.5302,0.3033
0.0858,0.5723,0.1933,0.2975,0.0375,1.4954,0.2451,-0.2878,-0.1312,-0.0491,0.6335,0.3243,-0.4892,-0.4853,-0.1293
0.1575,0.6054,0.2752,0.4856,0.5395,1.0854,0.5417,0.1715,-0.4287,-0.1241,0.3663,0.523,-0.9063,-0.512,-0.2596
-0.0304,0.4777,-0.4403,0.6561,0.4473,0.9361,0.2622,-0.0623,-0.5949,0.2666,0.1161,0.5098,-0.8547,-0.5875,-0.1792
-0.2226,0.4516,-0.0097,0.4358,0.2908,1.1088,-0.0008,-0.4493,-0.375,-0.0715,0.3443,0.1895,-0.5909,-0.7452,-0.2745
-0.1725,1.0719,0.6128,0.7044,0.1522,0.8968,0.1443,-0.3266,-0.4223,0.1302,0.2839,0.0659,-0.749,-0.5787,-0.417
-0.4797,0.7354,0.2735,0.6673,0.0389,0.9225,0.2364,-0.2345,-0.3648,0.0381,0.3085,-0.4091,-0.8094,-0.2616,-0.0917
-0.6288,0.5787,0.9381,0.5134,0.1082,0.6132,0.4442,-0.0176,-1.0289,0.8003,-0.0334,-0.3375,-0.565,0.3694,-0.0076
-0.5971,0.2594,0.6186,0.5477,0.1996,1.2938,0.0322,0.1856,-1.819,1.1055,0.0137,-0.6613,-0.3081,0.8386,0.3075
-0.3739,0.3271,0.8876,1.1221,-0.0453,2.6036,-0.1296,-0.1277,-1.6871,1.1368,0.021,-0.9605,-0.0122,1.5995,0.3495
0.1147,0.6179,0.7883,0.8291,-0.1042,3.3296,0.0691,-0.3678,-1.1397,0.4148,0.2946,-0.5314,-0.134,2.1442,-0.7043
0.6824,0.7377,0.2043,0.6468,-0.3552,2.8901,0.2352,-0.2514,-1.0644,-0.2702,0.374,-0.0238,0.8505,2.6632,-1.2188
0.928,0.7195,-0.175,0.6788,-0.356,1.9197,0.4588,-0.3885,-0.7209,-0.3997,-0.2006,0.4849,-0.1097,2.4203,-1.3866
0.7233,0.6598,-0.2171,0.5714,-0.4247,1.1087,0.3967,-0.3703,-1.0561,-0.2847,-0.2874,0.5415,-0.7963,0.9539,-1.4762
0.0725,0.4957,-0.1006,0.7364,-0.7465,0.8377,0.1822,0.1083,-0.2148,0.4024,-0.0391,0.466,-0.5769,0.3046,-1.1819
-0.1099,0.5555,-0.0586,1.2311,-0.2178,0.8573,0.0531,-0.0775,-0.4567,0.3803,0.3477,0.1544,-0.7808,-0.0014,-0.6309
-0.3265,0.5692,-0.2943,0.9281,0.0289,0.922,0.5574,-0.5921,-0.6415,0.4646,0.388,-0.2792,-0.9295,-0.0435,-0.4818
-0.2071,0.5156,-0.0336,1.4125,-0.1411,1.555,0.1175,-0.5443,-0.559,0.2594,0.4436,-0.2314,-0.5002,0.0707,-0.2486
-0.2068,0.5909,-0.4213,0.988,0.0031,1.596,-0.0447,-0.8879,-0.8041,0.1622,0.2244,-0.6122,-0.2922,0.2796,-0.3754
-0.1287,0.4068,0.2516,1.1018,0.0401,1.9467,0.0434,-0.4465,-0.6154,-0.0119,0.2286,-0.4038,0.0142,0.847,-0.3591
-0.0745,0.6725,0.4181,0.9588,0.1621,1.4495,0.0839,-0.6125,-0.5388,-0.1829,-0.0065,-0.4225,-0.6525,0.6403,-0.7261
-0.0088,0.6786,0.1402,0.6761,0.2837,0.9121,0.133,-0.4034,-0.2329,-0.3196,-0.2289,-0.5691,-1.0047,0.7457,-0.4453
-0.181,0.8772,-0.3136,0.7477,0.2773,0.611,0.0191,-0.3891,-0.1225,-0.2703,-0.47,-0.3419,-0.8461,0.8033,-0.0164
-0.4863,0.7789,0.201,0.5102,0.4439,0.8475,0.2182,-0.2877,-0.1121,-0.2808,-0.4428,-0.2856,-0.7686,0.4828,0.1534
-0.4275,0.5746,0.6931,0.3399,0.6259,0.8462,-0.0631,-0.6012,-0.1004,-0.1008,-0.4582,-0.2398,-0.336,0.7382,0.2127
-0.2915,0.7897,-0.1633,-0.0081,0.8931,0.7692,-0.1688,-0.7838,-0.2632,-0.3006,-0.4179,0.7061,-0.3104,1.0911,0.3029
-0.2936,0.6186,0.0843,0.0955,0.8637,0.3469,-0.2307,-0.5295,-0.2034,-0.5481,-0.3179,0.2993,-0.1949,0.1055,0.2859
-0.5312,0.6981,0.593,0.189,0.813,0.2313,0.0663,-0.2224,-0.0947,-0.0626,-0.3954,0.6166,-0.1194,0.0497,0.3633
-0.6014,0.7358,0.3966,0.1872,1.0625,0.1985,-0.1362,-0.3372,-0.7362,0.5286,-0.4017,0.527,-0.2933,0.0367,0.7549
-0.6408,0.8503,-0.1338,0.0711,1.1316,1.0576,0.0816,-0.2354,-0.9736,0.7123,-0.2413,0.2526,-0.4306,0.019,0.8527
-0.4459,0.6263,0.2784,0.0661,0.8837,1.8941,-0.2433,-0.3676,-0.6986,0.6835,-0.0673,0.0649,-0.0801,0.1129,0.6545
-0.1147,0.6088,0.8074,-0.5441,0.5996,1.989,0.2011,-0.4828,-1.0128,0.517,-0.1612,-0.152,-0.1251,0.4492,0.1683
0.2117,0.824,0.58,-0.0831,0.3053,2.3183,0.4654,-0.2202,-0.7058,0.1787,-0.2695,0.0234,-0.0392,1.4143,-0.6795
0.3658,1.009,0.1231,-0.1032,0.1647,1.7751,0.5572,-0.1701,-0.8928,0.0602,-0.3889,-0.1476,-0.5028,1.2571,-0.8776
0.1694,1.2018,0.0511,0.4869,0.0102,1.5189,0.2447,0.1917,-0.6041,0.183,-0.5321,-0.1935,-1.1762,0.5805,-0.8653
-0.3114,0.9438,0.4408,0.3308,-0.0912,1.3748,0.3302,-0.1709,-0.3124,0.0244,-0.4831,-0.4388,-1.1164,0.2295,-0.7539
-0.229,1.0205,0.7598,0.8194,0.0622,1.2289,0.3004,-0.6937,-0.1753,-0.0435,-0.5761,-0.9219,-0.6204,0.4595,-0.499
-0.4483,0.9267,1.1496,0.2993,0.4796,0.7695,0.3889,-0.5756,-0.6471,0.409,-0.6369,-0.5533,-0.2412,1.3206,-0.1151
-0.6511,0.9594,0.9482,0.2243,0.3699,1.0648,0.4341,-0.538,-0.4089,0.4097,-0.3695,-0.4933,-0.1932,1.5555,0.2823
-0.4317,0.9017,0.8147,0.5499,0.4015,1.5603,0.3357,-0.5246,-0.2128,0.2252,-0.2762,-0.4875,-0.0547,1.5107,0.2331
-0.4709,0.9513,0.961,0.22,0.4706,1.6814,0.391,-0.1877,-0.1048,-0.0303,-0.3874,-0.1502,0.4955,2.0391,0.3457
-0.3455,1.0083,0.3709,-0.0335,0.5716,1.5126,0.2627,-0.6516,-0.3851,0.0297,-0.364,-0.178,-0.2264,1.9816,0.4448
-0.1245,0.8709,0.533,-0.8835,0.5263,1.1794,-0.087,-0.5951,0.1168,-0.5197,-0.3835,-0.102,-0.6496,1.4544,0.3066
-0.0548,1.1055,0.3985,-0.6005,0.9679,0.5913,0.386,-0.0965,-0.519,-0.1363,-0.7101,0.4775,-0.5503,0.9295,0.7846
-0.3167,1.2734,0.387,-0.5514,0.8247,1.0393,0.3503,-0.2697,-0.3038,-0.024,-0.4414,0.3024,-0.9949,0.4894,0.9276
-0.2982,1.1989,0.7415,-0.3398,0.8569,1.2687,0.1716,0.077,-0.1136,-0.3964,-0.3924,0.1641,-0.8236,0.0965,0.9807
-0.2932,1.0562,1.5877,-0.6993,0.9407,1.3208,0.3273,0.1344,-0.4389,-0.3503,-0.4457,0.2917,-0.4495,0.1168,0.9168
-0.1146,0.9878,1.0749,-0.7331,0.9036,1.5046,0.3947,0.1239,-0.3726,-0.0998,-0.1786,0.3519,-0.6849,0.6371,0.6698
0.106,1.061,0.0998,-0.7198,0.9249,1.2034,0.3443,-0.0716,-0.0042,-0.3075,-0.0702,0.1819,-1.0458,0.3981,0.4421
-0.0253,0.9784,0.554,-1.0369,0.8494,0.5549,0.2444,-0.0183,-0.2408,-0.0955,-0.2968,0.3569,-1.0911,-0.2623,0.6958
-0.2532,1.0324,0.6525,-0.9076,0.762,0.9633,0.1444,0.2302,-0.2545,0.2794,-0.289,0.5434,-1.2564,-0.2653,0.9592
-0.3435,1.2052,0.6819,-0.928,0.9383,1.3617,0.4576,0.2136,-0.3759,0.4849,-0.0416,0.1182,-1.6213,-0.8317,1.034
-0.1268,0.9547,0.3444,-1.0026,0.7361,2.0237,0.6792,0.4347,0.0071,-0.0182,0.1572,0.2031,-1.4559,-0.756,0.5893
0.2447,1.0686,0.1699,-0.5619,0.5729,2.1856,0.4889,0.3271,-0.4197,-0.3579,-0.1252,0.2097,-1.5389,-1.079,0.2987
0.3524,1.1019,0.7888,-0.5087,0.5669,1.683,0.6257,0.3068,-0.8399,0.084,-0.4582,0.5283,-1.5229,-1.2088,-0.1639
0.251,0.7107,0.3015,-0.1214,0.2976,1.5909,0.5615,-0.1084,0.0105,-0.3245,-0.2761,0.4057,-1.4582,-1.3144,-0.278
0.1803,1.082,0.5573,0.0365,0.5234,1.4736,0.6361,0.1842,0.0417,-0.289,-0.2964,0.6402,-1.4759,-1.1539,-0.7053
0.1586,1.0768,0.0726,0.1967,0.3955,0.5916,0.1933,-0.0684,0.067,-0.0357,-0.3366,1.0718,-1.2745,-1.0498,-0.5218
-0.2158,0.9735,-0.4665,0.2051,0.7168,0.3209,0.1648,-0.0202,0.7653,0.0353,0.0937,0.9018,-1.4273,-1.692,-0.5722
-0.8058,1.0385,-0.1279,0.3736,1.0701,-0.038,0.2024,-0.1733,0.7652,-0.0781,0.2878,0.4381,-1.0768,-2.2726,-0.3237
-1.1524,0.8482,-0.1651,0.3245,1.6907,-0.1537,0.019,-0.2805,0.199,0.3119,0.2694,0.4336,-0.7586,-1.9054,0.0764
-1.1232,0.7336,-0.0414,0.7874,1.6404,0.1933,-0.162,-0.5129,-0.1259,0.9519,-0.028,0.2235,-0.0229,-1.1281,0.5735
-1.0889,0.7334,0.1511,0.588,1.4115,1.3015,-0.1611,-0.9098,0.6149,-0.1434,0.1731,-0.4417,0.3323,-0.4042,0.7149
-0.6042,1.0281,0.0199,0.1986,2.0262,0.8585,-0.164,-0.7125,0.2974,-0.3003,-0.239,0.0567,0.144,0.3003,0.3503
-0.3747,1.1428,-0.032,-0.1555,1.8229,0.5524,-0.0363,-0.78,-0.1817,-0.0815,-0.6252,0.462,-0.0121,0.177,0.5614
-0.2286,1.0608,0.0803,-0.9054,1.9445,0.3435,-0.0268,-0.6431,-0.0541,0.0419,-0.4373,0.3094,-0.1022,0.2543,1.0107
-0.0957,1.0272,-0.0263,-0.4547,1.9883,0.5269,0.1518,-0.3216,0.1536,0.2322,-0.4643,0.5265,-0.4187,0.0112,1.1947
-0.1679,0.9793,-0.2805,-0.6278,1.752,0.946,0.1254,-0.3398,0.4878,-0.2142,0.2174,0.2706,-0.5247,-0.1676,1.2936
0.1163,0.9405,0.0032,-0.971,1.7038,0.8221,0.3391,-0.2907,0.0073,-0.1724,-0.3349,0.6188,-0.4332,-0.5555,1.4003
0.2,0.8813,0.5432,-1.4164,1.586,0.8166,0.3453,-0.0507,0.2191,-0.3138,-0.4058,0.3262,-0.3927,-0.6715,1.2093
0.2872,1.0783,0.3343,-1.562,1.5865,0.3731,0.4704,0.1006,-0.257,0.0856,-0.6203,0.6089,-0.4575,-0.2052,1.2993
0.0485,0.9737,0.3758,-1.1815,1.2639,0.7611,0.4118,0.5581,-0.3693,0.3385,-0.6048,0.5669,-0.7425,-0.3187,1.6623
0.0627,1.0852,0.6758,-1.166,0.9422,1.3346,0.1146,-0.1142,-0.6974,0.6287,-0.2149,0.0382,-0.6546,-0.3965,1.8477
0.3215,0.9051,0.8902,-1.2374,0.7298,1.7903,0.5766,0.0755,-0.68,0.3598,-0.4125,0.0386,-0.7562,-0.4655,1.4219
0.7735,1.0106,0.4733,-0.7042,0.8883,2.0602,0.0676,0.4472,-1.0478,0.6455,-0.5739,0.5141,-0.783,-0.5048,1.0237
0.9822,1.034,0.4649,-0.7944,0.6045,2.2191,0.3368,0.0868,-1.1143,0.4515,-0.3973,0.1975,-0.9878,-0.6606,0.0455
0.9498,0.9754,0.1724,-0.7403,-0.2928,2.1887,0.7347,0.3527,-1.1297,-0.0343,-0.5403,0.3708,-1.3329,-0.4444,-0.0734
0.9605,0.9293,0.4035,-0.1397,-0.4061,1.6878,0.5574,0.5748,-1.1415,0.1242,-0.8407,0.9927,-1.3908,-0.7243,-0.123
0.5641,0.9765,0.1894,-0.0288,-0.6723,1.6522,0.623,0.5392,-0.9565,0.2487,-0.856,0.935,-1.4215,-1.1546,-0.1315
0.1825,0.9791,0.3528,-0.0545,-0.6411,1.7345,0.8335,0.3774,-1.1358,0.4812,-0.9472,0.4844,-1.2809,-1.1734,-0.5483
0.1539,0.8924,0.4003,0.4737,-0.7026,1.7166,0.8587,1.035,-0.8551,0.3149,-0.6715,0.4772,-1.3393,-1.0721,-0.8222
-0.0223,0.7027,0.5486,0.7778,-0.8969,1.7042,0.3988,0.6236,-0.7135,0.4879,-0.8354,0.2428,-1.2111,-1.0484,-1.2396
-0.135,0.7226,0.6187,1.4117,-0.9031,1.5239,0.2604,0.5148,-0.456,0.4355,-0.7083,0.0171,-0.9117,-0.5457,-1.3584
-0.3804,0.7387,0.6407,1.6162,-0.5071,1.1488,0.066,0.1407,-0.4163,0.6394,-0.5289,-0.0556,-0.6539,0.0216,-1.3868
-0.5914,0.8213,0.3778,1.5899,-0.089,1.0579,0.2332,-0.4955,-0.3867,0.6107,-0.4774,-0.2454,-0.2918,0.4872,-1.0893
-0.7645,0.7061,0.1209,1.7805,-0.0496,1.2268,0.013,-0.5049,-0.0141,0.3914,-0.5307,0.0427,0.0111,0.6716,-0.9858
-0.7957,0.8402,-0.2273,1.5655,0.3119,1.0305,-0.1551,-0.2113,0.008,0.4466,-0.4266,0.2884,0.0184,0.7597,-0.8093
-0.8618,0.8803,-0.3015,1.4673,0.4883,0.9744,0.649,-0.5099,-0.1774,1.0772,-0.6972,0.1951,0.1279,-0.0792,-0.4468
-0.7264,0.3869,-0.1302,1.5649,0.2603,1.7021,0.0246,-0.1797,0.5902,0.6008,0.0683,-0.1164,0.1998,0.3187,-0.395
-0.6518,0.7107,-0.025,1.1391,1.0567,1.5043,-0.0263,-0.4484,1.2874,-0.1083,0.0156,0.2298,0.2012,0.6186,-0.5238
-0.6297,0.5602,-0.1114,0.6346,1.6824,0.9493,-0.1913,-0.377,0.7004,0.0286,-0.2086,0.3999,0.3919,1.0146,-0.0625
-0.6804,0.418,-0.3488,0.6407,1.6904,0.7011,0.0491,-0.5758,0.4164,0.2669,-0.3868,-0.0535,0.5478,1.1134,0.5162
-0.6755,0.3303,-0.3456,0.2845,1.7906,0.9085,-0.0719,-0.9668,-0.0072,0.425,-0.6553,0.2347,0.527,1.0202,0.9982
-0.4963,0.5066,-0.076,0.0708,1.8691,1.5422,-0.0927,-0.7325,-0.1818,0.3246,-0.6921,0.5255,0.6418,0.5373,1.0503
-0.2764,0.5094,0.0981,-0.2622,1.8706,1.8964,-0.2623,-0.2496,-0.5062,0.4095,-0.6093,0.24,0.6427,0.6818,0.8644
0.2299,0.4693,-0.025,-0.468,1.4707,2.0945,-0.1791,-0.1171,-0.2777,0.2085,-0.5358,0.7028,0.2813,0.3822,0.7445
0.4723,0.4741,0.0033,-0.6778,1.5164,1.9289,0.1939,-0.2414,-0.1271,0.0104,-0.5036,0.6522,-0.0213,0.0845,0.4032
0.7002,0.4909,0.0471,-0.493,1.3969,1.6335,0.1732,-0.0964,0.1453,0.099,-0.7445,0.9627,0.0722,-0.0495,-0.0309
0.4323,0.4036,-0.3109,-0.4099,0.9952,0.915,-0.019,-0.049,-0.0227,0.1905,-0.5807,0.9771,-0.1844,-0.259,-0.08
0.1391,0.376,-0.1934,-0.4101,1.0889,0.8261,0.5984,0.4754,0.0269,-0.0265,-0.5516,1.1447,-0.6797,-0.6142,0.2602
-0.2335,0.5557,-0.4238,-0.3451,1.0085,0.576,0.3052,0.4346,-0.0732,0.3274,-0.5348,0.8641,-0.6512,-1.123,0.3068
-0.3288,0.6029,-0.1822,-0.2991,0.9826,0.9692,0.173,0.3145,-0.4957,0.4545,-0.4325,0.6574,-0.3431,-1.1897,0.5865
-0.3594,0.7484,0.1888,-0.2658,0.8349,1.0171,0.2995,0.1673,-0.5372,0.8776,-0.3756,0.293,-0.3345,-0.9966,0.2815
-0.2567,0.7294,0.1677,-0.085,0.6416,1.6177,0.3946,0.4936,-0.4151,0.7209,-0.4013,0.2804,-0.2099,-0.4894,0.3013
0.0724,0.6116,0.6149,-0.0829,0.6701,1.8321,0.1014,0.471,0.4677,0.0446,-0.0104,0.1656,-0.5071,-0.513,0.1576
0.2279,0.8584,0.8521,-0.3969,1.1144,1.3352,0.7181,0.2008,0.3391,-0.3786,-0.2252,-0.091,-0.6989,-0.3153,0.059
0.0456,0.691,0.3428,-0.5594,1.3117,0.7097,0.3186,0.3048,0.3483,-0.1547,-0.7954,0.6463,-0.7006,-0.1258,0.2495
-0.038,0.7152,0.2973,-0.3432,1.5129,0.6524,0.5549,0.0997,0.1403,-0.4224,-0.7965,0.0134,-0.1161,-0.1757,0.8104
-0.1003,0.756,0.7451,-0.7954,2.1598,0.68,0.3091,-0.5255,-0.1087,0.1188,-1.0915,0.1293,-0.0268,-0.1275,0.9683
-0.105,0.8124,0.2729,-1.1929,1.7656,1.0622,0.2231,-0.2254,-0.2301,0.5295,-1.0807,-0.0766,-0.3743,-0.2501,1.2915
0.064,0.6916,0.2477,-1.0748,1.3585,1.7203,0.4253,-0.1361,-0.0535,0.2015,-0.9065,0.2204,-0.293,-0.081,1.0861
0.3483,0.7501,0.4363,-1.2597,1.3004,1.565,0.6481,-0.0382,0.2788,-0.1433,-1.0212,0.4112,-0.7288,-0.3647,0.5926
0.3352,0.875,0.2483,-0.9139,1.285,1.035,0.6912,0.584,-0.0912,0.17,-1.0861,0.8296,-0.9575,-0.7178,0.7914
0.124,0.6497,0.335,-1.3992,1.2382,0.9415,0.9022,0.5118,1.088,-0.2259,-0.4943,0.7323,-1.0532,-0.8738,0.9473
0.0586,0.5293,0.5163,-0.776,1.8708,0.6261,0.5193,0.5445,0.3362,0.352,-0.4979,1.3713,-0.6833,-1.0222,1.1651
-0.0698,0.5605,0.1561,-1.1914,2.0303,0.9818,0.7682,0.1597,-0.2278,0.4814,-0.3587,0.7592,-0.6308,-0.9913,1.6059
0.1688,0.4806,0.3154,-1.4862,1.7706,1.5099,0.9028,0.1651,0.0298,0.3236,-0.3552,0.4655,-0.2005,-1.3042,1.3352
0.4105,0.7323,0.0375,-1.6935,1.3976,1.454,0.7136,0.4643,-0.4059,0.5609,-0.4766,0.9452,-0.3198,-0.9769,1.2919
0.65,0.702,0.2336,-1.7091,1.5702,2.0445,0.5814,0.6329,-0.8002,0.3208,-0.5728,0.8016,-0.594,-1.3066,0.8048
0.9763,0.7601,0.505,-1.5361,1.011,2.2216,0.6989,0.8525,-0.2349,0.3434,-0.5339,1.0274,-0.8116,-1.3594,0.4299
0.8761,0.7267,0.1237,-1.3314,0.8976,1.8117,0.8735,0.8449,0.0211,-0.1106,-0.4554,1.7371,-0.6245,-0.9238,0.1192
0.8648,0.6595,-0.5001,-1.2044,0.4781,1.0136,0.8139,1.1595,0.0995,0.2876,-0.2059,1.7775,-1.082,-1.6777,-0.3683
0.4808,0.6163,0.2153,-0.8473,0.5649,0.7241,0.9887,0.7926,0.0537,0.4829,-0.0561,0.872,-0.8311,-2.6064,-0.2701
0.0904,0.5394,0.2389,-0.7662,0.6086,0.615,0.715,1.1028,-0.1209,0.8121,-0.0702,0.9668,-1.0209,-2.4466,-0.1827
-0.2247,0.5961,0.0528,-0.2404,0.7181,1.1733,0.7273,1.0219,-0.0114,0.7977,0.2225,0.284,-0.9563,-2.5732,-0.1176
-0.2743,0.84,0.0736,-0.1367,0.648,1.4985,0.4335,1.3628,-0.1913,0.9715,0.0157,0.4952,-1.0768,-1.8282,-0.1487
-0.4501,0.7809,0.2063,0.2968,0.5703,2.4663,0.3624,0.8679,0.4768,0.1789,0.4009,-0.0685,-0.7755,-1.6454,-0.0855
-0.1321,0.7295,0.3087,0.0322,0.8651,1.9555,0.4363,0.8894,0.3404,-0.029,-0.0953,0.215,-0.5813,-1.1746,-0.5524
0.1234,0.7211,-0.1545,0.1864,1.0217,1.404,0.486,0.9923,-0.2564,0.3682,-0.372,0.3918,-0.731,-0.9794,-0.3933
-0.2861,0.6285,-0.3029,0.3761,0.8987,1.4789,0.3013,0.409,-0.3186,0.5898,-0.421,-0.1023,-0.8514,-1.0431,-0.0418
-0.137,0.7041,0.1891,0.1855,0.6734,1.5271,0.666,0.1169,-0.3954,0.6057,-0.6141,-0.5624,-0.3906,-1.0511,-0.0336
-0.2115,0.6538,0.1855,-0.0169,0.5723,1.8092,0.663,0.0851,-0.4458,0.8349,-0.8601,0.0114,-0.2486,-0.3551,0.0167
-0.1353,0.7028,-0.3271,0.0064,0.4186,2.2427,0.5884,-0.0802,0.52,0.3243,-0.3588,-0.1031,-0.0689,-0.2176,-0.0936
0.3402,0.7641,0.2486,-0.2884,0.5995,1.4525,0.587,-0.0635,0.048,0.3062,-0.5504,-0.1237,-0.0796,-0.1481,-0.3289
0.3217,0.5842,0.1214,-0.4273,0.6402,1.0831,0.461,0.1654,0.3249,0.3914,-0.6055,0.3606,-0.1992,0.105,0.0701
0.1887,0.7493,0.5809,-0.4462,0.8852,0.9475,0.7309,0.4855,0.5764,0.2509,-0.482,0.276,-0.4753,-0.171,0.3992
0.1294,0.4341,0.353,-0.9873,0.9755,0.7897,0.9207,0.4163,0.3601,0.2653,-0.6082,0.257,-0.2332,0.0167,0.4429
0.019,0.4809,0.5764,-1.066,1.1027,0.7749,0.7753,0.7189,0.389,0.4114,-0.3502,0.7051,-0.2913,-0.1681,0.7423
0.0478,0.5265,0.7489,-1.0621,1.0949,1.1254,0.592,0.5792,0.1093,0.5638,-0.4099,0.6323,-0.1843,-0.2832,1.1436
0.2678,0.5852,0.5834,-0.9156,1.1013,1.4363,0.6701,0.6374,0.1454,0.4345,-0.3619,0.342,-0.1593,-0.2021,1.1333
0.4248,0.4876,1.0409,-1.4691,1.2139,1.6366,0.845,1.1222,0.1889,0.453,-0.2452,0.5682,-0.1319,0.0007,1.1371
0.4673,0.4471,0.8853,-1.4685,0.9473,1.8722,0.8638,1.0856,-0.0719,0.2915,-0.4373,0.433,-0.0653,0.3466,0.7304
0.7988,0.3875,1.1947,-1.7161,0.6464,1.6972,0.906,1.3477,-0.025,0.1401,-0.4765,0.3467,-0.3298,0.0722,0.4847
0.8393,0.1605,1.3558,-1.322,0.7032,2.1357,1.0537,1.8844,0.3308,-0.1176,-0.719,0.7159,-0.6336,0.0884,0.615
0.8151,0.3313,1.1896,-1.3842,0.7795,1.8569,0.9777,1.6955,0.4538,-0.201,-0.5973,1.1655,-0.6986,0.0115,0.3769
0.8359,0.3321,0.9769,-1.4525,0.8696,1.2126,0.7637,2.0559,0.4654,-0.174,-0.454,1.1661,-1.0343,-0.2324,0.2741
0.5029,0.4167,1.052,-1.0502,1.0077,0.5645,0.6116,2.0253,0.4483,-0.0808,-0.462,1.0854,-0.9475,-0.805,0.5485
0.3265,0.4543,0.6292,-0.8736,0.9296,0.4428,0.4493,1.4239,0.4273,-0.1543,-0.3904,0.7456,-0.9516,-1.2982,0.8254
-0.0643,0.7848,0.5633,-0.8589,1.2528,0.5047,0.5241,1.4953,0.5658,0.1788,-0.5525,0.7634,-0.9233,-1.459,1.07
-0.2172,0.7402,1.0181,-0.944,1.0536,0.8679,0.5209,1.2713,0.2818,0.5497,-0.4726,0.3208,-0.9599,-1.7694,1.1293
-0.0585,0.65,1.2009,-0.4285,1.012,0.9416,0.2997,0.7386,0.0036,0.8059,-0.545,-0.089,-1.2342,-1.6838,0.7684
-0.0133,0.558,1.0957,-0.2576,0.8478,1.8433,0.3842,0.7765,0.0841,0.2657,-0.6119,0.1322,-0.6874,-1.231,0.8791
0.3803,0.8229,0.9073,-0.5401,1.0748,1.7337,0.8445,0.7498,-0.2257,0.4231,-0.7924,0.7339,-0.4359,-2.2113,0.3963
0.5078,0.7834,1.1659,-0.1518,0.7698,2.0974,0.3614,1.0613,0.3237,0.3088,-0.6434,0.34,-0.5846,-1.8566,0.2647
0.8286,0.7167,1.0124,-0.4815,0.6804,1.5547,0.5212,0.5049,0.4125,0.0978,-0.7311,0.2293,-1.0258,-1.5403,-0.7246
0.6256,0.567,0.7317,-0.1048,0.6578,1.073,0.5779,0.7913,0.4283,0.0511,-0.8643,0.6817,-1.0605,-1.263,-0.4711
0.3907,0.5804,0.3642,0.0089,0.7753,0.7097,0.5171,1.1624,0.3626,0.0192,-0.4876,0.9995,-1.0783,-1.4901,-0.3415
0.0864,0.5617,0.442,0.3496,0.7106,0.6935,0.0844,0.6865,0.3288,0.3135,-0.9673,1.0216,-0.5578,-1.7411,-0.1863
-0.3048,0.6431,0.5517,0.7593,1.0307,1.1033,-0.0068,0.6852,0.0712,0.6594,-0.7181,1.1276,-0.513,-1.8899,-0.2952
-0.4567,0.6983,0.5995,0.6691,1.05,1.3469,0.3769,0.4234,0.3828,0.6296,-0.4944,0.7575,-0.4406,-1.7031,-0.3282
-0.2615,0.7176,0.8493,0.4381,0.9753,1.4672,0.2794,0.6227,0.3215,0.6005,-0.6984,0.372,-0.1919,-1.3641,-0.4337
-0.1752,0.6333,0.3185,1.0053,0.9503,1.056,-0.0344,0.0058,0.2697,0.7625,-0.7258,0.454,-0.115,-0.972,-0.511
-0.3759,0.5288,-0.1124,1.1309,0.9802,1.116,-0.1479,-0.3242,0.239,0.8054,-1.1393,0.5037,0.2092,-0.5024,-0.1465
-0.3347,0.7061,0.1957,0.88,0.943,1.7433,0.0389,-0.0207,0.2339,0.7066,-1.0991,0.104,0.1904,-0.4729,0.008
-0.181,0.8804,0.8101,1.0392,0.8249,1.6808,-0.276,-0.2239,0.1185,0.4287,-0.9021,0.8227,0.1391,-0.0426,-0.1589
-0.0965,0.69,0.6579,0.8999,0.8747,1.4942,-0.0048,-0.4387,0.3413,0.91,-0.7411,0.9408,0.5183,0.3712,-0.1161
-0.1617,0.6151,0.6939,0.5012,0.9327,1.6378,-0.0281,-0.1634,0.2708,0.8874,-0.5561,0.4146,0.2089,0.4374,-0.0433
0.1431,0.687,0.3068,0.5236,1.083,1.9478,0.1217,-0.0347,0.5684,0.3635,-0.8515,0.5196,0.8014,0.7752,0.0501
0.0899,0.6309,0.9088,0.4892,1.0828,1.638,0.233,0.1618,0.6038,-0.0081,-0.7074,0.9819,0.333,0.9473,-0.0324
-0.0037,0.6079,0.387,0.3801,1.3311,1.0874,0.153,-0.1078,0.3307,0.5816,-0.9422,2.1153,0.2971,0.5008,0.0187
-0.0814,0.7415,0.2848,0.409,1.1241,1.2014,-0.0161,-0.0777,0.3751,0.627,-0.7078,1.4383,0.1006,-0.4701,0.1074
-0.2636,0.8194,0.0413,0.8065,1.1987,1.2466,0.3326,-0.1219,0.2064,0.8034,-0.5535,0.842,-0.1273,-0.5063,0.1422
-0.2287,0.734,-0.3656,0.7523,0.7821,1.4966,0.1925,-0.0352,0.0186,0.7364,-0.643,0.6524,-0.0031,-0.9318,0.1632
-0.2131,0.9215,0.1359,0.6682,0.7563,1.7826,0.0338,-0.1352,0.0323,0.7957,-0.5737,0.6311,-0.0507,-0.8658,-0.1248
-0.1111,0.762,0.3008,0.5652,0.5091,1.7726,0.301,-0.1073,0.3766,0.6709,-0.5108,0.5932,0.0086,-0.7464,-0.339
-0.0714,0.8319,0.0703,0.6488,0.7912,1.2578,0.1882,0.0487,-0.1258,0.8603,-0.5504,0.7172,-0.1045,-0.4381,-0.4437
-0.3062,0.9207,0.3479,0.9229,0.3948,1.3009,-0.1878,0.2249,-0.284,1.0699,-0.5458,0.6775,-0.1162,-0.672,-0.3635
-0.3593,0.8394,-0.5395,0.9598,0.2343,2.182,0.2937,0.2315,-0.3463,1.1436,-0.5492,0.5649,-0.5214,-0.4863,-0.4074
-0.0614,0.7522,0.0271,1.0004,-0.1183,2.0707,0.4264,-0.0341,-0.0879,0.6673,-0.4865,0.7937,-0.4655,-0.966,-0.531
-0.0168,0.9611,0.0711,1.095,-0.2264,1.9449,0.4624,0.0885,0.3404,0.2735,-0.6101,0.8734,-0.4763,-1.0523,-0.6384
0.0321,0.9312,-0.0007,1.1331,0.0403,1.2921,0.3164,0.1126,0.1794,0.2346,-0.6305,1.2248,-0.3665,-1.0597,-0.7781
-0.1158,0.6508,0.0311,1.2562,0.0488,1.2502,0.0061,0.0389,0.3131,0.555,-0.7704,1.0607,-0.2067,-0.8758,-0.5908
-0.3689,0.5733,0.1931,0.9306,0.3177,1.0964,0.0117,0.3164,0.2172,1.0333,-0.5339,1.0705,0.042,-0.9284,-0.3721
-0.4274,0.6556,0.3729,1.2207,0.0395,0.7733,-0.0936,0.2661,-0.0082,1.1755,-0.4473,0.9546,0.0402,-0.7219,-0.3431
-0.5822,0.573,0.3408,1.6252,0.5127,1.3603,-0.2845,0.4081,-0.0554,0.7938,-0.1758,0.5936,0.5936,-0.1705,-0.5459
-0.4653,0.5306,0.5231,1.7303,0.6088,2.0261,-0.4801,-0.0769,-0.0416,1.0146,-0.1398,0.1467,0.4717,0.2605,-0.2325
-0.4207,0.5534,0.3101,1.1709,0.7866,2.4232,-0.1563,-1.3687,0.0556,0.4735,-0.222,-0.0861,0.4586,0.7981,-0.4469
0.2761,0.4273,0.4227,0.9113,0.85,2.0932,-0.1237,-0.7887,0.185,0.4235,-0.4052,0.3535,0.7065,1.5687,-0.4522
0.1885,0.8234,0.906,0.7476,0.8992,1.9586,0.484,-0.1549,0.108,0.1266,-0.6704,0.8024,0.0176,1.5815,-0.1696
0.0596,0.6566,0.3469,0.2552,0.5818,1.5864,0.0292,-0.1357,-0.3239,0.324,-0.7591,1.0525,-0.5198,1.1407,-0.1646
0.0797,0.7581,0.4999,0.9875,0.3781,1.6879,-0.1841,-0.242,-0.1061,0.1972,-0.6178,1.2878,-0.4838,0.5164,0.2805
-0.0688,0.9109,0.4095,0.6014,0.3445,1.6375,-0.0035,-0.0482,-0.3234,0.2506,-0.6226,1.1486,-0.5244,-0.1052,0.461
0.0334,0.8352,0.8423,0.3723,0.4589,1.5874,0.17,-0.0197,-0.438,0.292,-0.6293,0.8965,-0.3379,-0.0916,0.4595
0.0944,0.8054,0.3235,-0.0973,0.4098,1.6276,0.459,0.2927,-0.5596,0.7498,-0.5857,0.8676,-0.1647,0.4521,0.5895
0.2518,0.5531,0.7143,-0.3624,0.4134,2.0492,0.3334,0.2327,0.0235,0.881,-0.442,0.8079,-0.0842,0.1723,0.662
0.3716,0.5463,0.693,-0.8977,0.7521,2.2029,0.3625,0.508,0.0996,0.4716,-0.4179,0.8955,-0.3147,0.1275,0.9156
0.7099,0.3968,0.9444,-0.9184,0.7365,2.1272,0.6603,1.1165,0.1599,0.2586,-0.5136,0.9772,-0.1813,0.0673,0.7304
0.7699,0.6789,1.0586,-1.0489,0.8593,1.6661,0.4592,1.0262,-0.2496,0.5732,-0.5819,1.2073,-0.4672,0.0197,0.4971
0.5832,0.782,0.8038,-0.7612,0.7229,1.9446,0.1323,1.3996,0.077,0.4379,-0.4007,1.4204,-0.9354,-0.4447,0.6794
0.5291,0.6867,0.6899,-1.0571,0.8395,1.6961,0.2994,1.4343,0.3885,0.1887,-0.3449,1.1573,-0.9697,-0.7238,0.5453
0.5481,0.8025,1.3172,-1.0494,0.9536,1.1315,0.309,1.4206,0.489,0.2353,-0.3912,1.3931,-1.0787,-1.1001,0.5052
0.27,1.0597,1.4848,-0.855,1.095,1.5489,0.3828,1.2815,0.4157,0.1812,-0.3789,1.1247,-1.1909,-1.2295,0.9134
0.1893,0.9825,0.7012,-0.8774,0.9945,1.3277,0.1842,1.2722,0.3632,0.3981,-0.6348,1.2739,-0.883,-1.4913,0.8833
0.1522,0.7251,0.739,-1.1164,0.9462,1.3133,0.1731,1.1262,0.3543,0.3459,-0.7671,1.1048,-0.5,-1.5601,0.8921
0.2443,0.6036,0.8471,-0.669,0.9505,1.5868,0.2522,1.2702,0.4132,0.0907,-0.5953,1.1815,-0.4578,-1.4081,1.0889
0.2743,0.6639,0.225,-0.6005,0.9603,1.6058,0.0213,1.1021,0.4855,-0.2599,-0.6408,0.9862,-0.445,-1.0718,1.1596
0.4531,0.6551,0.6905,-0.709,1.1539,1.619,0.1434,0.6518,0.4259,-0.3959,-0.7613,1.0875,-0.279,-1.0411,1.3255
0.2432,0.7557,1.0378,-1.2049,1.5637,1.5028,-0.122,0.5423,0.1893,-0.3373,-0.9063,1.4826,-0.0617,-0.7035,1.4147
0.619,1.112,1.3392,-1.5827,1.4046,1.3581,0.067,1.4309,0.051,-0.1468,-1.1512,1.8787,-0.7262,-1.0139,1.6663
0.6671,0.8819,1.694,-1.6567,1.0001,1.4941,0.2551,1.5463,0.1764,-0.338,-0.6012,1.941,-0.7931,-1.5471,1.81
0.5468,1.0633,1.6923,-1.676,1.0814,1.1299,0.5193,1.5121,0.1867,0.1604,-0.7401,1.8994,-0.8831,-1.5352,1.7581
0.5785,1.3337,1.4898,-1.9135,0.8978,1.3251,0.5067,1.7399,0.2148,0.2762,-0.6844,1.4054,-1.1801,-1.7557,1.6852
0.6403,1.1492,1.4412,-1.3873,0.5637,1.5488,0.4911,1.8971,0.3316,0.3467,-0.4775,1.0314,-1.5252,-1.8377,1.2927
0.5606,0.9062,1.0616,-1.5117,0.6756,1.53,0.6434,1.7054,0.1702,0.4579,-0.6501,0.7938,-1.9885,-1.9917,1.2051
0.6233,1.0061,1.0606,-1.5444,0.5914,1.4224,0.2373,1.8,0.1539,0.3272,-0.4765,0.9794,-1.6075,-2.1246,1.3168
0.4432,1.1789,1.3115,-1.0916,0.6495,1.7807,0.3016,1.1423,-0.6115,0.7748,-0.6835,0.8292,-1.1077,-2.0971,1.2935
0.4612,1.2355,1.95,-1.2814,0.3988,2.3711,0.3282,1.2391,-0.5443,0.6913,-0.5767,0.4,-0.7007,-2.0306,1.0639
0.798,1.2233,1.6053,-1.2854,0.036,2.4993,0.5089,1.3305,-0.2638,0.3741,-0.6328,0.392,-0.5469,-0.8433,0.5689
0.7613,1.1914,1.4074,-1.1532,-0.2556,2.1781,0.8567,1.2082,0.0461,0.5054,-0.9721,0.4952,-0.8836,-0.5428,0.1399
0.9696,1.3134,1.2386,-0.8521,-0.3387,2.0041,0.6856,1.507,0.0302,0.3877,-1.061,0.8623,-1.2158,-0.9542,-0.3653
0.8275,1.3328,1.1852,-0.616,-0.5357,1.7081,0.5125,1.3256,0.4061,0.7081,-0.902,0.7071,-1.4064,-0.9552,-0.3427
0.5334,1.1776,0.9659,-0.3867,-0.1266,1.4954,0.6335,1.4498,0.3557,0.7312,-0.9849,0.7084,-1.617,-1.315,0.0043
0.3024,1.4467,1.3605,-0.4255,0.0203,1.2902,0.6142,1.4342,0.3149,0.6466,-0.8216,1.503,-1.2516,-1.6436,0.2916
0.2472,1.4101,1.0795,-0.2858,0.1266,1.4851,0.5015,1.2632,0.3985,0.6117,-0.497,0.6599,-0.9456,-1.6884,0.3519
0.0107,1.1311,1.1018,-0.205,0.2199,1.8137,0.3467,2.1281,0.2422,0.5003,-0.653,0.8058,-0.9789,-1.429,0.4318
0.1806,1.0402,1.3961,-0.2746,0.3194,1.795,0.5687,1.7596,0.0611,0.5827,-1.0721,0.81,-0.9017,-1.2929,0.2113
0.2016,1.0414,1.0615,-0.0555,0.4205,2.1015,0.4287,1.7513,-0.2302,0.705,-0.9794,0.7628,-0.8955,-1.0814,0.2253
0.3361,1.0449,0.7289,-0.1329,0.3256,2.0643,0.1104,1.4692,0.0769,0.4382,-0.9194,0.7605,-0.6304,-0.9869,0.071
0.3885,1.1594,0.7252,-0.0586,0.2241,1.9577,0.3057,1.7424,-0.0751,0.4375,-1.1884,1.0939,-0.5027,-0.6137,-0.0087
0.3401,1.1844,0.7754,0.2129,0.1135,2.0198,0.4382,1.3786,0.2386,0.3157,-1.1127,1.0417,-0.6523,-0.8994,-0.1126
0.2891,1.1813,0.8155,0.4903,-0.0506,1.6388,0.1472,1.3687,0.4352,0.0627,-1.0691,1.3367,-0.6659,-0.8566,-0.2147
0.0627,1.22,0.0449,0.5508,0.1081,1.2363,0.3853,0.9621,0.2533,0.1385,-1.2439,1.437,-0.3413,-0.7653,-0.458
-0.1707,1.2265,0.3241,0.2915,-0.0646,0.7413,0.4846,0.9195,0.202,0.6755,-1.1518,1.1707,-0.4006,-1.1764,-0.3676
-0.4745,0.9658,0.3958,0.9323,0.1624,1.2002,0.4153,0.8978,-0.0876,0.6972,-0.862,1.3036,0.0436,-1.0605,0.0358
-0.5919,1.0693,0.5715,0.9526,0.2747,1.6446,0.2114,0.9252,0.2346,0.9111,-0.4854,1.0001,0.3699,-1.0764,-0.044
-0.6758,1.2033,0.6176,0.6382,0.2088,1.9779,-0.0093,0.43,0.7041,0.5015,-0.1987,0.6873,0.4014,-0.6608,-0.4347
-0.7197,1.2798,0.8778,0.9427,0.3618,1.8272,0.043,0.7301,0.8025,0.1932,-0.3818,0.9042,0.3264,-0.2515,-0.3839
-0.2592,1.0485,0.7593,0.7876,0.4475,1.1942,0.1718,0.0486,0.529,0.2992,-0.6117,0.5876,0.7302,0.3518,-0.2712
-0.2773,1.1409,0.6165,0.817,0.4264,0.9805,0.0238,0.4292,0.5833,0.597,-0.9817,1.5569,0.621,0.6077,0.1968
-0.4722,1.1528,1.13,0.85,0.9143,1.1829,-0.2057,0.0827,0.1849,0.6179,-0.5864,0.9647,0.5527,0.5589,0.6467
-0.3228,1.1286,0.8922,-0.0178,0.873,1.4734,0.481,0.2162,-0.0002,0.7021,-0.6122,1.0469,-0.1752,0.5486,0.7468
-0.0737,0.983,0.7332,-0.0389,0.9563,1.5777,0.2872,0.5614,0.5215,1.0572,-0.389,1.1232,-0.0724,0.649,0.9173
0.3057,0.9817,0.3703,-0.5861,1.2471,1.8083,0.2854,0.5777,0.5368,0.6702,-0.1867,1.0064,0.0479,0.2847,1.0589
0.5581,1.1455,0.4425,-0.8171,1.3963,1.7153,0.4767,1.025,0.5369,0.2084,-0.3007,1.1419,-0.061,0.0211,1.119
0.6226,1.2672,0.5946,-1.0358,1.2228,1.017,0.5201,0.8246,0.7802,-0.085,-0.6602,1.4165,-0.2106,-0.3391,1.0676
0.4156,1.5086,0.279,-0.8952,1.3035,0.9707,0.7313,1.2025,0.8742,0.205,-0.7092,1.6955,-0.4422,-0.7711,1.0448
0.2104,1.3664,0.2669,-1.3052,1.2858,0.7105,0.4659,1.587,0.6974,0.5088,-0.6988,1.5292,-0.5943,-1.4366,1.1965
0.1346,1.1526,0.5519,-1.1122,1.1563,0.6793,0.5771,1.5011,0.5371,0.6402,-0.7569,1.0034,-0.7282,-1.9026,1.4085
-0.081,1.2334,1.1364,-0.6155,0.9909,0.7456,0.2873,1.6099,1.1247,0.4921,-0.6198,1.1252,-0.3564,-1.755,1.5189
-0.0358,1.2286,0.794,-0.6087,1.3497,1.2402,0.6521,1.4532,0.816,0.2896,-0.6684,1.197,-0.3295,-1.3841,1.8293
0.3563,1.1637,0.816,-0.7729,1.3145,1.1279,0.5971,1.3456,0.5805,0.0892,-0.9052,1.143,-0.364,-1.2209,1.8699
0.3012,1.2264,0.6673,-0.9472,1.4722,1.2614,0.6196,1.3103,0.3131,0.208,-1.0781,0.9649,-0.4536,-1.3786,1.8476
0.5101,1.1381,0.6204,-1.1779,1.3356,1.2561,0.5405,1.2089,0.1254,0.7175,-0.8282,0.9629,-0.1947,-1.2853,1.8996
0.612,1.1002,1.0205,-1.1044,1.4387,1.8174,0.4997,1.1565,0.0472,0.4805,-0.5539,0.9628,-0.0297,-0.9758,1.905
0.8508,1.3522,0.5832,-1.1582,1.223,1.8827,0.5775,1.1855,0.6858,0.0721,-0.4837,1.2311,-0.3912,-0.9462,1.6187
1.0328,1.2082,0.6043,-0.9549,1.6563,1.6509,0.5312,1.4639,0.8778,0.0677,-0.5551,1.4871,-0.561,-1.4337,1.4425
0.8846,1.142,0.2164,-0.8412,1.7531,1.2134,0.4073,1.3329,1.1042,-0.0658,-0.5924,1.5427,-0.5898,-1.9171,1.1518
0.5099,1.3081,0.1576,-0.7046,1.5947,0.4726,0.4636,1.5338,0.9729,-0.3387,-0.6561,1.7864,-0.9139,-2.2374,1.0742
-0.0797,1.2447,-0.1099,-0.6512,1.7462,-0.027,0.3911,1.898,0.3661,0.1814,-1.062,1.5817,-0.5912,-2.6059,1.3639
-0.3741,1.2303,0.2555,0.102,1.5428,0.5176,-0.4313,1.1958,-0.1152,1.3964,-0.9945,1.1122,-0.3186,-2.7485,1.739
-0.4967,0.8378,0.6193,-0.0323,1.4607,2.2349,-0.2988,0.7053,-0.5824,1.1395,-0.6416,0.5861,0.3142,-2.2495,1.7217
0.143,1.0135,0.7431,-0.5183,1.2167,2.8501,0.2374,1.0412,-0.6312,0.9472,-0.6254,0.8817,0.6981,-1.1177,0.9125
0.8673,1.1377,0.6582,-0.4439,0.8515,2.9233,0.1924,0.7047,-0.3638,0.7638,-0.2399,0.7714,0.4593,-0.5829,0.4974
1.3007,1.2428,0.4923,-1.582,0.612,2.4388,0.9321,0.688,-0.5098,0.5225,-0.7416,0.8017,0.1834,-0.7672,-0.4353
1.4505,1.4313,0.445,-0.7829,0.0046,1.5631,0.8047,1.577,-0.5771,0.433,-1.1343,1.4156,-0.3561,-0.9017,-0.4885
1.305,1.4078,0.2898,-0.2938,-0.0651,1.0012,0.5297,1.6424,-0.4418,1.0141,-1.0671,1.416,-0.9651,-1.3077,-0.5067
0.7858,1.1602,0.5733,0.3704,-0.2747,1.3095,0.7476,1.5192,-0.6999,1.2954,-0.908,0.3659,-1.2148,-1.849,-0.0627
0.2934,1.2245,0.5809,0.8949,-0.3427,2.0759,0.4807,1.4162,-0.424,1.5046,-0.8534,0.6174,-0.7424,-1.0175,0.0445
0.157,1.2506,1.6694,0.7406,-0.3009,2.5986,0.5808,1.0147,0.3716,0.5023,-0.5107,0.2101,-0.5038,-0.7976,-0.1753
0.4722,1.3667,0.9457,0.6397,0.1585,2.0316,0.575,0.9592,0.1419,0.4465,-1.0728,0.5367,-0.1496,0.0405,-0.1994
0.3002,1.3149,0.4656,0.3604,0.1996,1.5361,0.6817,1.4349,-0.0848,0.6795,-1.3335,1.2955,-0.2201,0.3383,-0.082
0.0726,1.4206,0.1714,0.5172,0.3935,1.3581,0.403,1.2923,0.27,1.0979,-1.1398,1.4062,-0.1571,-0.1185,-0.0039
0.0485,1.4774,0.7506,0.3851,0.5966,1.3595,0.5657,1.4917,-0.12,1.257,-1.0669,0.9501,-0.4201,-1.0183,-0.1377
-0.0892,1.4051,0.4409,0.6137,0.0944,2.0905,0.6814,1.3247,-0.5399,1.4207,-0.9739,0.4696,0.0431,-1.2264,-0.2429
0.0855,1.2624,0.6704,0.9114,0.0152,2.2719,-0.156,1.1131,-0.5399,1.4874,-0.8361,0.0375,0.0725,-0.5709,-0.6975
0.1546,1.2803,0.3102,1.2027,-0.0556,2.5771,0.2193,1.0756,-0.2296,1.1829,-0.7832,0.1873,0.2261,0.4031,-0.6044
0.4938,1.2094,0.4955,1.1486,-0.11,2.4361,0.3341,0.8186,-0.1761,1.1683,-0.7719,0.3426,-0.0232,0.3052,-1.0153
0.6894,1.204,0.192,1.0548,-0.1884,1.9973,0.3825,0.6879,0.19,0.8701,-0.6214,0.6948,0.0337,0.4616,-1.1475
0.3866,1.2077,0.3718,1.0415,-0.0411,1.741,0.3563,0.8744,0.156,1.0263,-0.6385,0.8192,-0.0904,0.082,-0.657
0.2238,1.2644,0.4643,0.9656,0.1348,1.5722,0.2324,1.0685,0.0979,0.8827,-0.4876,0.6781,0.0341,-0.1048,-0.5077
0.3687,1.272,0.3364,0.8611,0.2667,1.3644,0.391,1.1036,-0.1295,1.4173,-0.605,0.6921,-0.3107,-0.2623,-0.2841
0.0947,1.3338,0.1237,0.9457,0.2989,1.8799,0.3121,0.6844,0.2043,1.4417,-0.1401,0.2489,0.3026,-0.1992,-0.0725
0.0802,1.3204,0.2976,0.908,0.3813,2.0995,0.2407,-0.0732,0.3336,1.3845,-0.1606,0.0867,0.6811,0.1439,-0.0243
0.4273,1.4026,0.6295,0.8069,0.3445,2.2875,0.2124,0.5115,0.3121,1.4441,-0.3368,0.1087,0.8127,0.5473,-0.0621
0.6613,1.3396,0.573,0.4982,0.5558,2.2411,0.955,0.4488,0.6414,1.0504,-0.8377,0.316,0.5165,0.7424,-0.211
0.7827,1.3549,0.6017,0.5181,0.695,2.0657,0.6452,0.9008,0.5793,0.8409,-0.7467,0.8195,0.0571,0.2634,-0.1875
0.7606,1.2783,0.3508,0.5216,0.589,1.8035,0.6499,0.8432,0.7056,0.4403,-0.4949,0.7695,0.2835,0.0024,0.1674
0.6249,1.3849,0.4373,0.3594,0.8903,1.7613,0.6634,1.2316,-0.0862,1.0316,-0.6222,0.9053,-0.0637,-0.2547,0.0824
0.61,1.3022,0.2185,0.6143,0.531,2.0064,0.1534,1.1042,0.0657,0.9854,-0.3582,0.6723,-0.2407,-0.2401,0.2551
0.5488,1.3695,0.3319,0.7825,0.4337,2.4059,0.395,1.0048,0.0186,0.711,-0.4093,0.6848,-0.1937,-0.29,0.3971
0.7249,1.3781,0.5154,0.6357,0.544,2.6531,0.5797,0.7462,0.2962,0.7178,-0.5049,0.8447,0.0604,-0.0226,0.1742
0.8368,1.6319,0.2545,0.4085,0.7982,2.4785,0.6302,0.8423,0.2058,0.4594,-0.5221,1.3773,0.2333,0.1769,0.2179
1.0251,1.5642,-0.0979,0.2817,0.8323,2.2669,0.6915,1.0194,0.2601,0.3436,-0.5947,1.4753,-0.2221,0.2877,0.158
0.8837,1.6939,-0.1909,0.2895,0.7852,1.7495,0.8178,1.0454,0.4548,0.3947,-0.5434,1.2411,-0.2387,-0.6889,0.3369
0.6108,1.7915,-0.3808,0.3117,0.7067,1.4802,1.0214,0.6921,0.379,0.5371,-0.6398,0.998,-0.2666,-1.1677,0.1852
0.4486,1.6308,0.055,0.4681,0.5384,1.3433,1.062,1.2032,0.5515,0.6514,-0.7592,0.8753,-0.2967,-1.4499,0.3437
0.2999,1.7899,0.6636,0.6624,0.8995,1.4435,0.8534,1.1713,0.2879,1.0417,-0.4733,0.8602,-0.2385,-1.7961,0.5478
0.2577,1.7875,0.4612,0.8421,0.7217,1.6441,0.9293,1.1173,0.2643,1.1046,-0.2733,0.4494,-0.175,-1.5775,0.2248
0.0469,1.4117,0.1377,1.055,0.5503,2.2382,0.9008,1.0475,0.3319,0.9025,-0.3472,0.144,-0.0245,-1.1473,0.1165
0.4355,1.5289,-0.1097,1.1555,0.7131,2.3526,0.5522,0.3149,0.6704,0.3537,-0.1321,0.0284,0.2081,-0.9225,-0.1629
0.7093,1.7002,0.0008,0.8362,0.5919,1.7234,0.6836,0.4155,0.58,0.1965,-0.4007,0.4483,0.7388,0.0176,-0.2182
0.6123,1.6072,-0.0693,0.8259,0.6632,1.3636,0.8455,0.3911,0.5374,0.3409,-0.6484,0.6233,0.2309,0.0391,-0.3323
0.3104,1.0092,-0.3404,1.0926,0.508,1.2042,0.711,0.6894,0.0923,0.9128,-0.7445,1.0559,0.0484,-0.1109,-0.0534
0.1083,1.4672,-0.0212,1.0164,0.6304,1.7334,0.6248,0.7895,0.5452,0.8136,-0.3709,1.0441,0.21,-0.6469,0.0598
0.2718,1.7922,0.1716,1.1301,0.6085,1.7668,0.6034,0.8475,0.5629,0.6551,-0.0629,0.7209,-0.0813,-0.798,-0.2512
0.2573,1.6753,-0.1088,1.2947,0.5644,1.5444,0.4634,0.2838,0.3775,0.7442,-0.1598,0.3021,0.1014,-0.8589,-0.3105
0.1988,1.6818,-0.1803,1.1878,0.5366,1.6448,0.4506,0.4522,1.3824,0.1035,-0.058,0.5042,0.2645,-0.5847,-0.387
0.2032,1.6461,-0.4255,1.0339,0.8101,0.5659,0.4122,0.829,0.8695,0.3601,-0.243,0.7529,-0.0736,-0.5771,-0.361
-0.1715,1.6789,-0.4008,0.9883,1.2464,0.4189,0.4802,1.1299,0.6992,0.6107,-0.2685,0.7999,-0.0565,-0.7639,-0.121
-0.3136,1.6581,-0.2568,1.4532,1.1181,0.8201,0.0894,0.9411,0.673,0.6908,-0.4286,0.862,0.0287,-0.692,0.4786
-0.2745,1.6183,-0.2574,1.5091,1.2705,0.9336,-0.034,0.7428,0.5227,0.4087,-0.3551,0.3511,0.3966,-0.3893,0.729
-0.1854,1.4885,-0.7256,1.2183,1.1264,1.0894,0.3703,0.3428,0.5738,0.3236,-0.3933,0.4154,0.9356,0.0943,1.0431
-0.282,1.47,-0.1025,0.9549,0.8071,1.5166,0.656,0.3562,0.6956,-0.0259,-0.5141,0.7305,0.7099,-0.0961,1.1969
0.0598,1.4723,0.1098,0.8164,1.1606,1.6434,0.593,-0.04,-0.0005,0.5466,-0.8273,0.8615,0.7309,0.2384,1.1555
0.3025,1.7018,-0.0273,0.1481,0.7788,1.6289,0.4158,-0.0411,0.3862,0.3351,-0.7198,0.7839,0.7658,0.118,0.8819
0.6025,1.7093,-0.028,0.1756,1.0587,1.7139,0.5364,0.532,0.3094,0.1215,-0.9768,1.2003,0.5559,0.3463,1.1653
0.6339,1.7786,-0.1876,0.0921,1.0276,1.2705,0.5675,0.6149,0.2598,0.433,-0.7452,1.2879,0.4563,-0.282,1.3203
0.5811,2.0599,-0.6321,0.1972,1.121,1.5849,0.6781,-0.4188,-0.0147,0.2997,-0.4134,0.0332,0.4098,-0.6079,1.4104
0.7084,1.6745,0.3124,0.1044,0.672,2.1384,0.6543,0.048,-0.3192,0.3598,-0.8172,0.4946,0.4922,-0.4448,1.1865
0.9682,1.7074,-0.0527,0.1118,0.0654,1.9748,1.0524,0.3846,0.0714,0.2158,-0.8204,0.3335,0.4699,0.6308,0.7988
0.8243,1.795,1.0539,0.359,0.0746,1.4818,0.9018,0.5151,0.2098,0.3165,-0.9845,0.677,-0.2258,0.0991,0.8554
0.7835,1.8729,0.5325,0.2531,0.194,1.2207,1.0206,0.5872,0.5009,0.2997,-0.8355,0.8507,-0.1747,0.5292,1.2325
0.2611,1.7953,0.5149,0.1204,0.3381,1.2508,0.7374,0.6111,0.1546,0.4194,-0.795,0.9078,-0.266,0.2268,1.4482
0.4534,1.8372,0.6319,-0.0269,0.64,1.5922,0.8132,0.6238,-0.0168,0.5829,-0.759,0.8761,-0.4181,-0.0904,1.4034
0.5681,2.0135,0.6952,-0.152,0.4199,1.7205,0.9267,1.0583,-0.5734,0.9105,-0.7872,0.9792,-0.6332,-0.2884,1.5759
0.7112,2.0075,0.6221,-0.2677,0.1869,1.8624,1.0849,1.0887,-0.613,0.9219,-0.763,0.3834,0.018,-0.3411,1.6242
0.8037,1.7718,0.6569,-0.175,-0.1288,2.5033,1.2132,1.1176,-0.0668,0.2781,-0.8358,0.2551,-0.1376,0.0788,1.242
1.1102,1.6831,0.8642,-0.2987,0.0089,2.3952,1.4141,0.934,-0.4506,0.321,-1.2004,0.2955,-0.1814,0.1029,1.3854
1.2326,1.6574,0.6885,-0.7297,0.1725,1.9431,1.3949,1.1271,-0.3467,0.3962,-1.2738,0.6253,-0.482,0.4085,1.4111
1.0821,1.5237,0.2584,-1.151,0.0693,1.7377,1.4358,1.3563,-0.1448,0.2619,-1.1906,0.9534,-0.7953,-0.1772,1.4453
0.9844,1.7215,0.4088,-1.0786,0.3453,1.6355,1.3797,1.5264,0.6508,-0.32,-0.9856,1.0373,-1.1558,-1.1832,1.5779
0.8898,1.5754,0.6348,-0.6965,0.7261,1.4425,1.2584,1.4773,0.0963,-0.1152,-1.2961,1.1183,-1.1746,-1.7518,1.8872
0.6772,1.3951,0.8993,-1.1024,0.6903,1.4316,1.0038,1.259,-0.1534,0.2452,-1.0455,0.8916,-0.6466,-2.0654,1.7865
0.7133,1.3263,0.7789,-0.7119,0.4913,1.9207,0.8863,1.5624,0.2921,0.1284,-0.8974,1.1005,-0.4156,-1.9904,1.4711
0.9615,1.357,0.6462,-0.5782,0.6568,1.5214,0.9801,1.6042,0.3157,0.1242,-0.5827,1.1229,-0.5775,-2.6766,0.9937
0.6603,1.3494,0.5015,-0.3774,0.7382,1.0168,0.5857,2.2309,-0.0416,0.4797,-0.8475,1.2162,-1.1003,-2.7612,0.8246
0.3565,1.4588,0.4812,0.1997,0.5238,1.6264,0.8185,1.847,0.1777,0.4148,-0.6389,1.32,-1.0025,-2.6324,1.0963
0.1756,1.5486,0.3079,-0.2215,0.2638,1.5269,0.7499,1.5553,0.1578,0.6354,-0.4942,0.3135,-1.0394,-2.7389,1.0572
0.3426,1.3173,0.1682,-0.3931,0.3961,1.5191,0.8544,1.7843,-0.0504,0.6825,-0.6303,0.7953,-0.669,-2.1331,1.1414
0.1996,1.1404,0.1135,-0.1773,0.4706,1.603,0.8326,1.7259,0.0046,0.694,-0.518,0.9919,-0.3599,-2.125,0.9964
0.268,1.1072,0.0073,-0.1744,0.3567,1.6348,0.7174,1.3542,-0.3991,1.2087,-0.3054,0.8821,-0.5956,-1.8939,0.4847
0.2659,1.2578,0.3157,0.2622,0.1479,2.0438,0.7414,1.2489,-0.556,0.3132,0.1947,0.4989,-0.2121,-1.8297,0.0872
0.4044,1.3275,-0.3123,0.344,-0.0703,2.075,0.7932,1.2689,-0.4922,0.1304,-0.2452,0.6444,-0.1534,-1.4743,-0.1612
0.5003,1.1923,-0.0873,0.0311,0.287,1.7099,1.083,1.2643,-0.4994,0.6401,-0.4849,0.3559,0.0487,-1.6524,-0.4018
0.351,1.2894,-0.6017,0.5994,0.0121,1.4855,0.4969,1.9885,-0.6705,1.0917,-0.5543,0.5014,-0.2807,-1.3739,-0.4823
0.1271,0.7693,-0.4532,0.6562,-0.1956,1.9414,0.464,1.4872,-0.323,0.9673,-0.4246,0.1731,0.1246,-0.9893,-0.1658
0.1734,0.9006,0.239,0.6939,-0.0385,1.9974,0.8436,1.2531,-0.3117,0.8089,-0.5215,0.449,0.1482,-1.1579,-0.3252
0.1981,1.102,-0.2137,1.0822,0.0779,1.8912,0.6624,1.1115,-0.3607,0.6424,-0.3995,0.6284,1.0843,-0.5859,-0.3234
0.0359,1.0933,-0.1301,1.0078,0.1051,1.7822,0.6413,0.9131,-0.366,0.6944,-0.3141,0.467,0.3715,-0.6971,-0.7129
0.1164,1.1952,-0.4441,1.0991,-0.0655,1.477,0.7005,0.8917,-1.0688,0.9382,-0.534,0.602,0.1804,-0.3571,-0.8018
-0.0745,1.1587,-0.6287,1.1214,-0.5319,1.6031,0.614,0.8008,-0.5457,1.225,-0.5146,0.3039,0.2446,-0.527,-0.7041
-0.1346,1.2752,-0.4622,1.3567,-0.5118,1.7684,0.5737,1.1377,-0.2119,1.0012,-0.2063,0.3271,0.2558,-0.2718,-0.6294
-0.2819,1.3094,-0.5945,1.7733,-0.2689,1.7032,0.5913,1.1155,-0.2557,0.8173,-0.2449,0.2015,-0.1098,-0.2349,-0.709
-0.2595,1.4718,-0.1545,1.763,0.0263,1.7405,0.5698,0.7701,-0.1867,0.9024,-0.4775,-0.0381,-0.175,-0.581,-0.6079
-0.2338,1.3182,-0.035,2.0584,0.0666,2.1507,0.4292,0.7461,-0.6862,0.9691,-0.6707,-0.0517,-0.155,-0.3328,-0.4481
-0.2559,1.3823,-0.0346,1.8852,-0.3426,2.2205,0.217,0.5002,-0.643,0.9908,-0.5392,0.5162,-0.5767,-0.1176,-0.6811
-0.018,1.2783,0.4515,1.8017,-0.4653,2.1608,0.4127,0.433,-0.5517,0.691,-0.4496,0.5259,-0.2886,-0.249,-0.8239
-0.0176,1.2435,-0.3286,1.9261,-0.3222,2.0184,0.5641,0.5435,-0.5593,0.5601,-0.8296,0.9024,-0.1461,0.0765,-0.6637
-0.1271,1.3951,-0.0376,1.2527,-0.4479,1.9926,0.8347,0.5537,-0.3672,0.5361,-0.7955,1.1591,0.0035,-0.155,-0.7817
0.2301,1.5264,-0.0252,1.6293,-0.4193,1.6671,0.7246,0.5774,-0.3746,0.8367,-0.5749,1.0108,0.2581,-0.2773,-0.9378
0.0924,1.2876,0.0365,1.7457,-0.396,1.4618,0.9605,0.8965,-0.6425,1.0789,-0.3557,0.7297,0.326,-0.5115,-0.898
-0.0259,1.1858,-0.2511,2.0765,-0.4687,1.9288,0.606,0.8293,-0.4004,1.1847,-0.1799,0.4182,0.4124,-0.2054,-0.5029
-0.1398,1.1399,0.1205,1.8491,-0.3268,1.9965,0.6503,0.599,-0.6304,0.9374,-0.1779,-0.0005,0.623,-0.0326,-0.7153
-0.251,1.2977,0.0292,1.8367,-0.4313,2.0301,0.7035,0.6701,-0.2256,0.6923,-0.2306,0.2039,1.0586,0.5193,-0.5176
-0.1107,1.3869,-0.4175,1.6836,-0.5079,1.9643,1.0332,0.4573,-0.4728,0.9307,-0.6625,0.3627,0.7084,0.8276,-0.7986
0.044,1.5064,0.238,1.9543,-0.3405,1.935,0.9641,0.5258,-0.2746,0.5162,-0.7225,0.4386,0.3787,0.7775,-0.5759
-0.0277,1.5244,0.0676,1.9072,-0.209,1.6183,0.7646,0.4854,-0.2979,0.6184,-0.4515,0.4661,0.4412,0.8309,-0.4392
-0.0831,1.5172,0.086,1.9693,-0.2721,1.5579,0.9883,0.5135,0.0196,0.4952,-0.7652,0.6221,0.0799,0.5428,-0.1006
-0.3332,1.2869,0.1977,1.6555,-0.1502,1.2441,1.1078,0.6178,0.2228,0.502,-0.556,0.757,0.2139,0.6124,0.118
-0.2431,1.3602,0.3811,1.4796,0.4326,1.3894,0.9013,0.5321,0.1176,0.6373,-0.46,0.6987,0.3469,0.239,0.2222
-0.1241,0.893,0.2962,0.978,0.4888,1.4276,1.2173,0.665,-0.0927,0.6725,-0.2929,0.3805,0.7295,0.3417,0.5194
0.2508,1.0765,-0.2171,0.9529,0.7861,1.7512,1.0796,0.6918,-0.2186,0.6829,-0.4272,0.6284,0.7179,0.5444,0.5451
0.3768,1.1928,0.5613,0.6888,0.868,2.0465,1.1888,1.2393,0.2427,0.0314,-0.4289,0.8039,0.4032,0.3885,0.7852
0.5998,1.3347,1.3201,0.7298,1.2281,1.7008,1.034,1.0807,0.1967,-0.0836,-0.5618,0.7521,0.192,0.174,0.6525
0.3609,1.1378,0.5798,0.4602,1.3298,1.3809,1.059,0.866,-0.0297,-0.3876,-0.7376,0.5281,0.0879,0.2656,0.5376
0.5137,1.1285,0.3758,0.4673,1.3465,0.9011,1.1663,0.7848,-0.172,0.132,-0.9799,1.1075,0.2805,0.379,1.0095
0.0668,1.1932,0.4322,0.4594,1.2512,1.3165,0.9818,0.8538,-0.1974,0.4327,-1.0092,1.026,0.0025,-0.1957,1.2334
0.1413,1.4532,0.1742,0.5188,1.2439,1.4766,1.051,0.7614,-0.186,0.5292,-0.958,0.8655,0.1598,-0.0037,1.5054
0.2266,1.4511,-0.1547,0.4095,1.1244,2.0073,1.1057,0.741,-0.1113,0.5011,-0.6131,1.0043,0.068,-0.3179,1.4878
0.6293,1.4156,0.883,0.2185,1.282,2.0764,1.3062,0.6628,0.0119,0.1366,-0.5466,1.3475,0.4856,-0.9362,0.928
0.8734,1.3858,0.3946,0.3088,1.1881,1.7055,1.0902,1.1424,-0.2463,0.6673,-0.4945,1.0027,0.6069,-0.8764,0.3437
0.8812,1.366,0.1006,0.0739,1.0043,1.5365,1.2852,1.4351,0.1819,0.3105,-0.065,0.7133,-0.0243,-0.7974,0.2678
0.6087,1.0755,-0.1128,0.4577,1.0626,1.2738,1.3086,1.5104,0.0782,0.2916,-0.4363,0.8445,-0.2815,-1.0446,0.4061
0.2171,1.2115,0.5625,0.9501,1.0754,1.3835,1.2047,1.4546,0.1297,0.4184,-0.646,0.7415,-0.1717,-1.3788,0.6928
0.2901,1.2918,0.6878,1.1595,1.0645,0.8547,1.1064,1.5167,0.3634,0.6635,-0.4552,0.8407,-0.2575,-1.2909,0.8638
-0.062,1.1592,0.3701,0.7599,1.3063,0.9623,0.957,0.1487,0.3448,0.5153,-0.1783,0.3057,0.3112,-0.8869,1.3447
0.2713,1.1857,0.3539,0.2469,1.523,1.1598,1.6059,0.5313,0.3374,0.5415,-0.4714,0.5034,0.7835,-0.274,1.4131
0.3305,1.2308,0.4574,0.2778,1.6474,1.1233,1.306,0.8905,-0.0655,0.9889,-0.7002,0.5582,1.0091,0.1159,1.5457
0.2569,1.7947,0.2526,0.2796,1.6059,1.3139,1.2412,1.0595,-0.0315,1.0442,-0.5989,0.318,0.6652,0.0726,1.862
0.4256,1.6538,0.2384,0.1214,1.4355,1.7932,1.5461,0.8151,-0.1764,0.7885,-0.5101,-0.3075,0.7601,0.7238,1.9663
0.5123,1.4622,0.2811,-0.034,1.1248,2.1425,1.6899,1.5031,-0.2626,0.8282,-0.7923,0.0824,0.3912,0.6707,1.9899
0.8863,1.4332,0.1132,-0.1356,0.627,2.3642,1.5337,2.222,0.2124,0.4638,-0.6985,0.198,0.1508,0.8019,1.6867
1.102,1.563,0.533,-0.426,0.7058,2.0096,1.6123,1.9327,0.005,0.4482,-0.7815,0.6532,0.1494,0.4651,1.4643
1.2594,1.3653,0.1821,-0.2173,0.6551,1.6505,1.9256,1.9266,-0.0388,0.237,-1.1137,0.9584,0.2983,0.3033,1.3907
1.0132,1.3922,-0.2293,-0.2716,0.6542,1.4442,2.0577,2.0996,-0.0025,0.4296,-1.0837,0.9568,-0.1001,-0.3618,1.4637
1.0668,1.3878,0.5494,-0.2082,0.4673,1.38,1.5827,2.2359,-0.1824,0.3729,-1.0488,1.134,-0.1274,-0.8918,1.8588
0.8974,1.447,0.5272,-0.1874,0.6333,1.4112,1.6114,2.3673,-0.2271,0.5707,-1.0173,1.4,-0.3023,-0.9322,1.6897
0.8306,1.3394,0.655,-0.0444,0.6605,1.7315,1.585,2.0875,-0.155,0.5787,-0.7625,0.9295,0.0846,-1.1244,1.4605
0.8609,1.2468,0.4501,0.0636,0.8554,2.0345,1.4188,1.9842,-0.2959,0.6192,-0.8431,0.9987,-0.0895,-0.9154,1.1541
1.2167,1.4461,0.6097,-0.0234,0.9265,1.7966,1.5034,1.9275,-0.3091,0.4084,-0.6962,1.0608,0.7548,-0.6853,0.9448
1.0844,1.3417,0.4918,0.2263,0.7381,1.5434,1.7625,1.9526,-0.3087,0.4167,-0.7316,1.073,0.4582,-0.6195,0.6436
0.8405,1.3812,-0.2316,0.6501,0.6713,1.2583,1.5864,2.3367,-0.3546,0.547,-0.7233,1.1392,0.1463,-0.6503,0.6792
0.573,1.2361,-0.0665,0.8199,0.3279,1.2691,1.9183,1.8099,-0.0223,0.6864,-0.698,0.603,0.3046,-1.4222,0.6669
0.4889,1.3956,0.215,0.6172,0.3799,1.0418,1.6926,1.9294,-0.2204,1.0685,-0.5843,0.4818,0.1185,-1.2593,0.5714
0.4361,1.2152,0.3035,1.4006,0.3147,1.2634,1.2702,2.2675,-0.0438,0.9154,-0.339,0.4157,0.1159,-1.5859,0.349
0.4302,1.1727,0.3555,1.3334,0.4489,1.386,1.5493,2.122,0.1684,0.8167,-0.0348,0.5095,0.1639,-1.0673,-0.0644
0.2689,1.1582,0.2173,1.3058,0.3782,1.4529,1.3994,1.7407,-0.0554,0.9439,-0.1576,0.2726,0.4078,-0.43,0.3739
0.2505,1.3725,-0.3918,1.2044,0.4485,1.5885,1.4619,1.8565,-0.1432,0.9064,-0.3732,0.2119,0.5884,-0.1141,0.4305
0.295,1.3999,-0.0771,1.5862,0.4528,1.6761,1.4536,1.8923,-0.0115,0.8438,-0.3484,0.2364,0.6413,0.455,0.3448
0.3426,1.1833,-0.098,1.4019,0.4326,1.5489,1.3102,1.8025,-0.2792,1.0572,-0.4285,0.0647,0.5137,0.1445,0.3862
0.3417,1.2338,0.2009,1.2015,0.2908,1.6761,1.3958,1.8566,-0.0325,0.8352,-0.1026,-0.6175,0.6865,0.5999,0.5634
0.429,1.035,0.4969,1.0479,0.4396,1.7545,1.4906,1.6872,0.7742,0.4437,-0.3206,0.0831,0.7029,1.2816,0.6956
0.7344,1.3272,0.5088,1.0488,1.1034,1.2696,1.1472,1.5751,0.6625,0.4106,-0.2691,0.6316,0.6032,1.6445,0.921
0.5638,1.4423,0.1748,0.7566,1.3745,1.0653,1.4499,2.0167,0.7065,0.1693,-0.3684,0.9514,0.3322,1.1667,1.4569
0.493,1.4088,-0.1009,0.3699,1.4598,0.7589,1.2662,1.5588,0.5683,0.1938,-0.3808,0.5708,0.8603,0.6747,1.7383
0.201,1.533,0.2721,0.4979,1.4479,0.9433,1.2323,1.699,0.5417,0.3064,-0.4009,0.4933,0.0169,-0.1585,2.0623
0.2511,1.59,0.537,0.3079,1.6339,1.4741,1.1067,1.6474,0.2703,0.0377,-0.2727,0.8367,0.5785,-0.164,2.2298
0.6955,1.6608,0.3957,0.0276,1.5666,1.4877,1.3079,1.4792,0.0254,0.1558,-0.4005,0.7482,0.6196,-0.1218,2.0757
0.9131,1.1692,0.373,-0.3377,1.4079,1.4039,1.5579,1.9131,-0.208,0.5233,-0.5181,0.8635,0.7396,-0.3774,1.7435
1.1214,1.4271,0.6388,-0.5857,1.2315,1.9622,1.7389,2.1116,-0.2535,0.539,-0.8461,0.8498,0.6635,-0.4363,1.512
1.1826,1.5203,0.7811,-0.3092,0.8234,1.718,1.6528,2.239,0.544,0.4082,-0.4367,1.0535,-0.0214,-0.6321,1.177
1.0866,1.7489,0.5498,-0.148,0.6916,1.3117,1.5016,2.3644,1.0929,-0.1937,0.1251,1.1769,0.1841,-1.2197,0.9597
0.9089,1.5967,0.6557,-0.0246,1.1297,0.4394,1.5154,2.6935,0.5983,0.0593,-0.2498,1.5457,-0.1002,-1.2147,1.2425
0.4279,1.6555,0.1824,0.1326,1.1929,0.0979,1.7048,2.454,0.2724,0.3776,-0.5053,0.9251,0.0689,-1.1622,1.865
0.346,1.7672,0.4084,0.1204,1.1401,0.4635,1.6927,2.3992,0.137,0.8481,-0.5232,0.6516,0.2334,-1.4453,2.2482
0.2981,1.8139,0.2722,-0.0674,1.2382,1.0872,1.6732,2.1368,0.3088,0.9213,-0.3147,0.6172,0.433,-1.1277,2.1851
0.4607,1.5958,0.6008,-0.3388,1.0658,1.5511,1.6073,1.5551,0.189,0.5418,-0.0221,0.3421,1.274,-0.719,1.5141
0.8459,1.7028,0.723,-0.3354,0.8563,1.4331,1.5763,1.7657,0.0167,0.806,-0.3571,0.4304,1.2379,0.4868,1.3041
1.0107,1.5757,0.462,-0.1372,0.6383,1.718,1.6161,1.9684,-0.2536,0.6078,-0.5,0.8114,1.2272,0.7247,1.2808
1.0335,1.5337,0.5527,0.0457,0.387,1.5521,1.7499,1.998,-0.1036,1.1683,-0.6443,1.0134,0.9708,0.6204,0.9808
0.6635,1.6773,0.9012,0.4492,0.4696,1.5718,1.6533,2.3544,-0.0178,1.0194,-0.3544,0.8432,0.4584,0.2429,0.7741
0.6757,1.4734,0.5478,1.0842,0.3679,1.695,1.3608,2.2343,0.4006,0.8736,-0.04,0.8708,0.8607,0.5239,0.8532
0.541,1.578,0.4769,0.9113,0.9369,1.7236,1.4728,1.9403,0.1998,0.7473,0.0779,0.0451,1.1922,0.6766,0.8198
0.414,1.6876,0.2113,0.7355,1.1432,1.8162,1.4373,1.8869,0.0773,0.5944,-0.2657,0.6516,1.4118,1.0463,1.067
0.467,1.6624,0.0787,0.4628,1.0878,1.5878,1.2277,1.438,0.1581,0.392,-0.5305,0.8642,1.1207,0.9533,1.0125
0.7049,1.7598,0.2266,0.3003,0.8886,1.4295,1.2388,2.0867,0.1721,0.4035,-0.6733,1.2632,0.9226,0.5171,1.072
0.5057,1.5997,0.0647,0.4337,0.9799,1.1872,1.289,2.2143,0.2422,0.7296,-0.6091,1.1052,0.9875,0.1117,1.4915
0.468,1.5206,0.6016,0.5877,0.9709,1.3838,1.5567,2.2509,-0.4337,1.0059,-0.4134,1.1769,0.869,-0.3519,1.6238
0.2495,1.5557,0.9441,-0.0532,0.7482,1.8197,1.7048,2.7267,-0.197,0.9874,-0.0037,1.3738,0.3904,-0.4726,1.5172
0.4709,1.5278,1.1254,0.2012,0.8287,2.1445,1.765,2.626,-0.258,0.6547,-0.0372,1.0658,0.667,-0.6575,1.217
0.8177,1.432,0.6411,0.434,0.7155,2.3544,1.4499,2.4605,-0.1136,0.4292,-0.1268,0.885,0.8496,-0.1471,1.1019
0.9407,1.4198,0.52,0.3695,0.7825,1.9012,1.9144,2.4217,0.1768,0.1575,-0.6407,1.123,0.7158,-0.2071,0.7025
0.9168,1.5951,0.6504,0.0696,0.6908,1.3665,1.8724,2.5863,-0.0092,0.3234,-0.7748,1.1206,1.2614,-0.0695,0.6172
0.6327,1.7737,0.3753,0.2716,0.648,1.0431,1.3419,2.7584,-0.0777,0.6892,-0.7222,1.2761,0.8941,-0.2135,1.0861
0.1946,1.7127,0.6054,0.9411,0.6765,1.8637,1.4319,2.8004,0.1916,0.4062,-0.3354,1.6237,0.8455,-0.4258,1.2177
0.4366,1.8127,0.5665,0.8413,0.7243,1.7007,1.0485,2.7308,-0.102,0.6368,-0.1821,1.5987,0.9838,-0.4424,1.0213
0.2835,1.7982,0.3992,1.0518,0.5284,1.7799,1.3426,2.3268,-0.1029,0.5861,0.0237,1.1222,1.1255,-0.479,0.8151
0.1472,1.8125,0.2418,1.0983,0.2873,1.9124,1.9116,2.6151,0.0379,0.6328,0.0246,0.7347,0.7927,-0.3386,0.3835
0.2745,2.0457,0.5659,1.141,0.2536,1.6268,2.0279,2.5167,0.2032,0.4506,-0.2098,0.6593,0.7674,-0.585,0.1411
0.2766,1.6035,0.4287,1.1759,-0.1308,1.4006,1.7498,2.1332,0.4567,0.2607,-0.5007,0.6497,1.0711,-0.0265,0.0641
0.2092,1.54,0.1046,1.2622,0.1907,0.9822,1.8199,2.3865,0.3461,0.4817,-0.534,1.0635,1.204,0.2289,0.223
-0.185,1.5096,0.4746,1.3456,0.2142,1.113,1.446,2.3593,0.2928,0.6497,-0.4058,1.1761,1.3738,0.2116,0.3876
-0.2857,1.5699,0.2129,1.6302,0.4784,1.1832,1.4267,2.3704,0.1422,0.6208,-0.136,1.0002,1.0698,0.0802,0.7755
-0.4856,1.1941,0.0522,1.4222,0.5043,1.8313,1.1586,3.0569,0.0922,0.7437,-0.2664,1.3457,1.2862,0.2946,1.0219
-0.3004,1.1329,0.2172,1.435,0.664,2.3912,1.2905,2.2823,0.0047,0.8602,-0.0486,1.0688,1.4419,0.3167,0.9483
0.2004,1.2684,-0.1351,1.2878,0.6633,2.5421,1.5033,1.6633,0.2121,0.499,-0.0525,1.629,1.8152,1.2269,0.7884
0.4475,1.8472,0.0703,1.0926,0.6112,1.9946,1.2228,1.6952,0.2345,-0.0932,0.1379,2.0424,1.3827,0.8845,0.6763
0.4233,1.9982,0.2941,0.9826,0.555,1.2926,1.4072,1.8139,-0.5208,0.3904,-0.1952,2.0316,1.2065,0.3319,0.8757
0.5865,1.8732,0.0463,0.8874,0.2709,1.2924,1.2784,1.8008,-0.4012,0.5228,-0.3797,1.5738,1.1325,-0.1646,0.6459
0.1842,1.924,0.0446,1.0491,0.066,1.2646,1.3133,2.1474,-0.1282,0.7978,-0.3467,1.3304,0.8431,-0.2517,0.8853
-0.211,1.804,0.4323,1.1282,0.0986,1.5834,1.5285,2.0385,0.3289,0.7434,-0.2028,0.988,0.8583,-0.62,1.125
-0.0039,1.6268,0.2578,1.298,0.1738,1.6177,1.2616,1.7801,0.2297,0.9087,-0.1008,0.5685,1.048,0.0082,1.1503
0.0758,1.6433,0.5187,1.242,0.3258,2.1709,1.099,1.7127,0.1159,0.8859,-0.1054,0.5022,0.9858,0.2764,1.1652
0.0405,1.5599,0.711,1.2867,0.4616,2.3326,1.0655,1.3773,0.3323,0.5335,0.1645,0.6623,1.6469,0.7178,1.0977
0.4862,1.3855,0.4578,1.3749,0.685,2.1657,1.0972,1.2859,0.4836,0.2804,0.0991,0.8328,1.5577,0.8172,0.9782
0.4171,1.4074,0.3038,1.0735,0.9287,1.8088,1.1537,1.2821,0.4903,0.4334,-0.1441,1.2275,1.8777,1.1977,1.0285
0.47,1.109,-0.1121,0.9628,0.893,1.6965,1.0586,1.5335,-0.0685,0.3257,-0.0475,0.9463,1.4196,0.6912,1.2599
0.3583,1.2114,0.3995,0.9556,0.6298,1.7862,0.9411,1.2079,-0.3604,0.4439,-0.023,1.2846,1.6164,0.6043,1.4591
0.3459,1.192,0.1006,0.83,0.5905,2.2408,1.1651,1.2518,0.2379,0.2593,0.061,1.3586,1.8355,0.6066,1.4728
0.6911,1.2171,-0.099,0.7264,0.6766,2.2001,1.2666,1.3769,0.5021,-0.3943,0.1759,1.3156,1.5285,0.6704,1.1991
0.78,1.3784,0.1402,0.6631,0.6531,1.457,1.0894,1.6583,0.5812,-0.2457,-0.1952,1.8853,1.1139,0.1514,1.164
0.4314,1.3521,0.1649,0.3563,0.9351,1.1175,0.829,2.1221,0.583,-0.0889,-0.1762,2.2142,0.5817,-0.7846,1.2149
0.2949,1.5071,0.6293,0.3775,0.9753,0.6839,0.9483,2.2253,0.2979,0.4206,-0.0939,1.9841,0.5267,-1.4011,1.5017
0.0227,1.699,0.2819,0.4219,0.976,0.8934,1.1703,2.1963,0.1774,1.2057,0.2681,1.5177,0.6618,-1.2508,1.8342
0.1007,1.7571,-0.0123,0.897,0.6786,1.7402,0.1972,1.9168,0.4179,1.0016,0.9073,0.7892,1.1402,-0.8274,1.8637
0.267,1.6784,0.2302,0.7501,1.0147,2.2972,0.6611,1.6912,-0.6923,1.0325,0.7826,0.4675,1.1121,-0.6249,1.6774
0.5406,1.7899,0.6003,0.6802,0.5876,2.7553,1.0222,1.8553,-0.2853,0.9207,0.4085,0.4688,0.5725,-0.452,1.0748
0.9224,1.7851,0.0893,1.0051,0.3892,3.0222,0.9667,1.6332,-0.1274,0.38,0.2003,0.5717,0.6782,0.0642,0.6367
1.1984,1.8307,0.3787,0.8797,0.0792,2.7125,1.0724,1.8314,0.0458,-0.1529,-0.2158,1.0499,0.5984,-0.0867,0.5595
1.6169,1.7533,-0.0427,0.5772,-0.2639,2.1434,1.1017,2.2338,0.0056,-0.218,-0.5973,1.5529,0.6158,-0.0831,0.5163
1.189,1.75,0.2684,0.6486,-0.3203,1.4716,1.1897,1.9091,-0.7808,0.5737,-0.9267,1.2723,0.3241,-0.6682,0.5984
0.6072,1.7936,-0.0383,0.9671,-0.4188,1.8011,1.5108,1.7139,0.0091,0.7012,-0.6745,0.921,0.9325,-0.1275,0.7409
0.4385,1.5875,0.0599,1.3295,-0.4508,1.9374,1.3072,2.047,0.1194,0.8483,-0.2422,0.6627,0.8075,-0.392,0.777
0.4606,1.443,0.494,1.6916,-0.2518,2.1926,1.0969,2.0367,0.2376,0.2534,0.0219,0.5846,0.8867,-0.094,1.0782
0.4649,1.7062,0.8182,1.2873,0.1496,2.2244,1.0714,1.8238,0.1968,0.1078,-0.1172,0.9325,0.6766,0.3743,0.6831
0.4912,1.3643,0.5862,1.3889,0.0688,1.5861,1.3565,1.6697,0.6727,-0.0852,-0.0793,0.9976,0.9288,0.5232,0.8069
0.3462,1.4331,1.0726,1.3594,0.6194,1.1213,1.2462,1.8776,-0.0204,0.5018,-0.1022,1.0065,0.7538,0.7202,1.1014
0.1192,1.3922,0.589,1.2576,0.3087,1.3733,0.8627,1.7542,-0.1034,0.5747,0.0266,0.527,0.8954,0.907,1.4749
0.1517,1.4355,0.4938,0.9161,0.2705,1.743,0.7819,1.742,0.2336,0.4387,0.3308,0.6137,0.8215,1.1793,1.9707
0.3565,1.5751,0.2707,0.5242,0.5972,1.6711,1.0906,1.7505,0.4801,0.1592,0.3521,1.143,0.344,0.9174,1.7756
0.3688,1.6143,0.3423,0.9013,0.7767,2.1446,0.9186,1.6458,0.2351,-0.026,0.1517,1.2091,0.5635,0.6454,1.8796
0.6106,1.6248,0.369,0.9077,0.5746,1.961,1.0143,1.6917,0.0951,0.0117,-0.111,1.2822,0.7092,0.3564,1.8119
0.5525,1.71,-0.1269,0.7128,0.45,1.8706,1.2853,1.6771,-0.1709,0.1503,-0.0091,1.3079,0.5162,0.0747,1.5116
0.5561,1.5798,-0.1136,0.4457,0.5232,1.8308,1.293,1.7774,0.04,0.5124,0.0893,1.0601,-0.1578,-0.8741,1.5064
0.6854,1.6878,0.0438,0.4215,0.3223,1.7119,1.2944,1.937,0.3156,0.3155,0.1451,0.9624,0.1421,-1.053,1.3488
0.6165,1.5266,0.1569,0.2578,0.366,1.5656,1.3605,2.026,0.6388,0.4111,0.3616,0.5531,0.419,-1.1082,1.0993
0.6299,1.507,-0.11,0.2823,0.4819,1.0846,1.3252,2.1895,0.3284,0.474,-0.0429,0.4445,0.7195,-0.4446,1.3437
0.4714,1.1395,0.407,0.5285,0.446,1.3784,1.3188,2.298,0.4845,0.4159,-0.0734,0.8078,0.7467,-0.7289,1.388
0.5172,1.1532,0.8421,0.1353,0.6473,1.0951,1.622,2.7124,0.65,0.2239,-0.0764,0.6371,0.4852,-0.2266,1.4234
0.3868,1.2382,0.4261,0.3959,0.5906,0.7919,1.1613,2.7965,0.3842,0.6149,-0.2383,0.8697,0.409,0.3114,1.6733
0.2141,1.3701,0.2021,0.7722,0.8054,1.1624,1.0487,2.5491,0.171,0.7197,-0.1376,0.9764,1.2092,0.6626,2.1638
0.3361,1.3399,0.5599,0.5785,0.8448,1.6591,0.7141,2.3457,-0.2421,0.9527,-0.2033,0.8377,0.9727,0.3528,1.9039
0.4026,1.4257,0.8567,0.3766,0.7301,2.1905,0.6422,2.4005,-0.4879,1.0606,0.1746,0.6083,0.7816,1.1097,1.9345
0.745,1.5503,0.9179,0.6283,0.5672,2.4881,0.7115,1.942,-0.5945,0.6624,0.237,0.3821,0.8838,1.4731,2.0701
1.0571,1.682,0.8208,0.1141,0.2837,2.7613,0.792,2.1888,-0.434,0.2001,0.0146,0.551,0.2151,1.618,1.7111
1.4506,1.7141,1.0518,0.1189,-0.0293,2.1281,1.2165,2.1967,-0.1461,0.0428,-0.0514,0.9481,-0.0625,1.1479,1.3588
1.4374,1.6405,0.9794,0.1827,0.0079,1.6702,1.1116,2.6455,-0.4414,0.1461,-0.2466,1.3253,-0.198,1.1176,1.5478
1.1435,1.6964,0.5011,-0.0361,0.0663,1.4911,1.0396,2.4612,-0.2228,0.5911,-0.0813,0.7723,-0.3488,0.8667,2.2188
1.1802,1.5925,-0.0878,-0.2228,-0.0493,1.7999,0.978,2.4097,0.0997,0.5428,0.0746,0.735,-0.2629,0.3781,2.1773
1.2961,1.8477,0.1629,-0.2603,-0.1224,1.8714,1.1016,2.5361,0.1762,0.3092,0.0541,0.9121,-0.3713,-0.0013,1.7467
1.3705,1.8031,0.0296,-0.0162,-0.1357,1.7111,1.1241,2.6882,0.2672,0.09,0.0242,1.1986,-0.5636,-0.5165,1.6485
1.3397,1.9317,0.06,-0.0553,-0.2315,1.5097,1.0668,2.0916,0.5753,0.1234,0.0799,0.9595,-0.3468,-0.8397,1.4046
1.1543,1.8876,0.0168,0.2725,-0.0959,1.1931,1.1545,2.3434,0.7703,0.0791,0.055,1.7361,-0.4955,-0.9273,1.4214
0.9554,1.8222,0.0235,0.1717,0.0808,1.2198,0.8814,2.1535,0.4102,0.2034,0.1635,2.0374,-0.0625,-1.1436,1.4698
0.9592,1.6545,0.1269,0.2734,0.0173,0.9867,1.0922,2.4608,0.1233,0.4629,0.1622,2.0643,-0.0243,-1.5961,1.2099
0.6534,1.6053,0.0774,0.4751,-0.1246,1.1195,1.0322,2.5475,0.3643,0.589,0.3762,1.6089,0.1102,-1.6384,1.1478
0.5644,1.4154,-0.0044,0.6801,0.0312,1.5677,0.8587,2.1253,0.194,0.9584,0.4941,1.3524,0.6434,-1.1273,1.2101
0.797,1.552,-0.0079,0.6459,0.0838,1.606,0.3024,1.4607,0.2315,0.7963,0.6313,1.0997,0.9965,-0.6974,0.7522
0.7686,1.4277,-0.2079,1.0045,0.0396,1.8771,0.328,1.712,0.217,0.5778,0.6602,1.3755,1.3751,0.105,0.9724
0.7714,1.4283,-0.1801,0.9037,0.1636,1.8459,0.3601,2.0278,0.2672,0.0838,0.7733,1.5426,1.0078,-0.0556,0.8186
0.7984,1.5952,-0.5613,1.0966,0.0423,1.5661,0.4378,2.171,0.2289,0.2321,0.2741,1.8627,1.0171,-0.468,0.7402
0.6132,1.7319,-0.4178,1.3764,0.105,1.4389,0.5541,1.7966,0.5176,0.2318,0.6502,1.2378,0.5618,-0.853,0.4461
0.5352,1.5063,-0.4892,1.518,0.1289,1.0549,0.0521,1.693,0.7709,0.2269,0.4975,1.1442,0.8917,-0.4967,0.3737
0.438,1.5454,-0.0824,1.5834,0.3631,0.8083,-0.0227,1.5529,0.8143,0.1825,0.3654,1.2333,0.7974,0.174,0.5914
0.3076,1.6502,-0.2403,1.574,0.5535,0.7499,-0.0231,1.4847,0.5658,0.4605,0.4037,0.8917,1.0732,0.4326,1.3118
-0.0599,1.3261,0.096,1.5123,0.626,1.3722,-0.1809,0.2604,0.6295,0.57,0.5166,0.661,1.7147,1.0025,1.4381
0.3627,1.2463,-0.3755,1.2151,0.7867,1.6557,0.0666,0.4403,0.8313,0.3657,0.4188,1.1956,1.9499,1.7208,1.742
0.694,1.4214,-0.2251,1.0408,1.0921,2.0478,0.1862,0.8788,0.5465,0.3041,0.4538,1.5259,1.7219,1.5487,1.6893
0.899,1.4785,0.2513,0.8787,1.259,1.873,0.3369,1.1824,0.9726,-0.418,0.4889,2.0609,1.5274,1.3808,1.5085
1.1291,1.46,-0.397,0.8047,1.3242,1.5229,0.253,1.366,1.051,-0.6753,0.3082,1.934,1.0014,0.8664,1.3423
1.0886,1.6272,-0.5977,0.7279,1.1023,0.5918,0.2547,1.3142,0.6816,0.1715,-0.1344,1.7393,1.0499,0.5367,1.3092
0.9977,1.6981,0.0153,0.5567,1.4125,0.7883,0.6482,1.5995,0.6485,0.1126,-0.0045,2.0353,0.9823,0.1793,2.0083
0.902,1.0309,-0.1907,1.362,1.2466,1.7544,0.1662,1.8954,0.7144,-0.025,0.1287,2.0844,0.9254,0.1572,2.1256
0.9991,1.2324,0.293,0.5753,1.3351,2.1123,0.2152,1.1923,0.4125,0.0253,0.1047,2.208,1.495,0.0754,1.9816
1.1561,1.6118,-0.2459,-0.0302,1.4618,2.3543,0.3727,1.3591,0.1952,-0.0712,0.2725,2.4482,1.2083,0.3652,1.7698
1.6996,1.6543,-0.9749,0.2159,1.2048,1.8566,0.0052,1.784,0.3493,-0.1563,0.3156,2.7962,0.6059,-0.0896,1.4599
1.45,1.9722,-0.6409,-0.0412,1.2599,1.3795,0.1261,2.28,0.4608,-0.2723,0.3273,2.7427,0.1478,-0.4963,1.6393
1.149,1.9273,-0.5974,0.3129,1.1524,1.3958,0.4755,2.4322,0.1999,-0.299,0.3289,2.4986,-0.4365,-1.6656,1.639
1.033,1.9474,-0.3687,0.4466,0.7094,1.4239,0.3831,2.5203,0.243,-0.1913,0.3125,2.8197,-0.2799,-2.2024,1.4839
0.9883,1.9969,0.1044,0.3878,0.6004,1.3529,0.5895,2.5943,0.8156,-0.3579,0.5768,2.3599,-0.1243,-2.6809,0.9635
1.0126,2.0357,-0.1067,0.751,0.8477,0.4181,0.7661,2.5916,0.5545,0.0819,0.323,2.5523,-0.1525,-2.7355,0.7539
0.5429,1.8984,-0.4349,1.1808,0.6916,0.5049,0.59,2.4583,0.359,0.3656,0.8085,2.0253,-0.0243,-2.7367,1.0043
0.3084,1.7973,0.3524,1.1241,0.6463,0.7723,0.569,2.2977,0.3837,0.5727,1.0649,1.6338,0.356,-2.3921,1.0669
0.3782,1.8284,0.9214,1.1947,0.6089,1.2991,0.7353,2.24,0.5314,0.4682,0.9839,1.3995,0.7287,-1.9171,1.065
0.527,1.9973,0.3553,1.2048,0.8551,1.2605,0.7483,2.2777,0.7671,0.2494,0.841,1.405,0.7569,-0.5806,1.0628
0.5853,1.9382,-0.0529,1.1593,0.9579,0.5999,0.585,2.225,0.9183,0.1816,0.7349,1.8266,0.6658,-0.0388,1.2352
0.4257,2.3195,-0.7015,1.041,0.7482,0.8643,0.4952,2.1923,0.4892,0.4415,0.6181,1.939,0.7471,0.0184,1.5522
0.7077,2.0592,-0.0379,1.0385,0.4878,1.2114,0.606,2.1924,0.6899,0.2995,0.7698,1.4128,0.8699,-0.3604,1.6682
0.6194,1.9364,0.4982,1.0951,0.6285,1.2284,0.9843,2.4073,0.4623,0.0593,0.4353,1.3168,0.6726,0.1272,1.7228
0.6941,1.8441,0.235,0.8515,0.675,1.0838,0.973,1.8984,0.3771,-0.0623,0.2138,1.5693,0.8214,0.535,1.9513
0.5698,1.9035,-0.1277,0.9052,0.58,1.4126,0.7945,1.8854,0.2686,0.1033,0.059,1.2264,0.7507,0.9206,2.1744
0.8214,2.0976,-0.0318,0.8066,0.7225,1.6107,0.47,1.5101,-0.0239,0.3395,-0.3255,1.3108,0.7061,0.7667,2.3117
1.0075,1.936,0.1974,0.3119,0.5882,1.828,0.6938,2.2621,-0.0548,0.4775,-0.4964,1.5441,0.3579,0.8777,2.0047
1.0584,1.7457,-0.2469,0.024,0.5668,2.1961,1.3733,2.3138,0.0543,0.1489,-0.4124,1.8738,0.3029,1.0118,2.2141
1.4575,1.6087,-0.0396,-0.1175,0.5211,2.7646,1.2617,2.1026,0.4032,-0.254,-0.312,2.0075,0.3003,0.6522,2.1083
1.8389,1.9199,0.1994,-0.4559,0.7133,1.9033,1.3787,2.3471,0.4462,-0.5,-0.4914,2.6996,-0.0885,-0.1224,1.4852
1.6771,1.714,0.3659,-0.1434,0.6832,1.1087,1.0034,2.8669,0.5999,-0.3115,-0.5971,3.017,-0.7429,-1.0177,1.3834
1.1849,1.6382,-0.0935,-0.1356,0.8036,0.4854,1.0856,2.8785,0.0716,0.1486,-0.4649,2.6577,-0.586,-1.6542,1.6813
0.8395,1.6786,-0.2517,0.4489,0.8197,0.7726,0.8041,3.1406,0.104,0.8955,-0.0101,2.0583,-0.3954,-2.2065,2.0575
0.5978,1.7398,-0.1351,0.6194,0.6648,1.4083,0.7521,2.6723,-0.0219,0.7265,0.1627,1.5792,-0.0031,-1.9551,2.1108
0.629,1.679,-0.1242,0.3211,0.5801,1.7798,0.82,2.537,0.4631,0.4335,0.3756,1.3607,0.2374,-1.6521,1.7747
0.8293,2.4373,0.2226,0.6365,0.9454,1.3475,0.8404,2.6492,0.8032,0.2693,0.3168,1.6397,0.06,-0.8705,1.7987
0.4971,2.1791,0.0723,0.2487,0.9692,1.0682,0.969,2.9468,0.4475,0.3974,-0.3474,1.7169,-0.1899,-0.6647,1.9895
0.5205,1.9883,0.2561,-0.2257,0.7151,1.01,1.4545,2.9526,0.404,0.4391,-0.1161,1.8589,-0.3495,-0.85,2.0615
0.5592,1.7558,-0.844,0.1455,0.9031,1.5404,1.1693,2.9953,0.335,0.4311,0.1472,2.0021,-0.1402,-0.7103,2.1932
0.5205,1.8367,-0.5276,0.2541,0.9837,2.0897,1.1827,2.9755,0.5462,0.2203,0.7327,1.7355,0.2781,-1.2661,1.9316
0.9708,1.8504,0.1005,0.1449,1.0128,1.8077,1.4028,2.6909,0.5767,-0.1638,0.5557,1.8227,0.0535,-0.9563,1.5368
0.9477,1.9423,-0.3898,0.1554,0.8553,1.4217,0.9845,2.9136,1.1054,-0.5137,0.2925,2.5153,-0.3455,-0.8767,1.555
0.7674,1.8391,-0.4671,-0.0101,1.0491,0.7768,1.1799,3.0344,0.5999,-0.2336,0.1263,2.5613,-0.5512,-1.2229,1.7805
0.3003,1.8812,-0.4953,0.3458,1.1679,0.7074,1.2434,2.6295,0.4067,0.2205,-0.0249,2.2102,-0.04,-1.4985,2.1824
0.1995,1.6098,-0.4975,0.3413,1.1721,1.0869,1.0707,2.8211,0.3518,0.619,0.3683,2.0036,0.3903,-1.5825,2.6311
0.1759,1.8554,0.2167,0.4017,1.1957,1.4104,0.7826,2.9041,0.2685,0.5154,0.7199,1.6479,0.4505,-1.7736,2.1557
0.4047,1.7767,-0.0006,0.7105,1.2609,1.9145,0.6439,2.9229,0.4259,0.1355,0.7819,1.426,0.3225,-1.358,2.0859
0.5723,1.6006,0.0981,0.4265,1.482,1.8942,0.5605,2.4934,0.0732,-0.2111,0.3781,1.4481,-0.1138,-1.1339,1.8395
0.6448,1.7846,0.5187,0.3082,1.1607,1.6503,0.7728,2.6931,-0.0034,-0.0489,0.1691,2.1829,-0.1377,-1.4141,1.3007
0.6075,1.7661,-0.1459,-0.6143,1.2933,1.2813,1.4399,2.588,-0.535,0.6021,-0.106,2.0771,0.2038,-1.373,1.4816
0.6146,2.0304,0.265,0.5959,0.7105,1.6427,1.1532,3.0367,-0.1803,0.8821,0.347,1.7905,0.02,-1.4345,1.3541
0.8069,2.1092,0.4013,0.9255,0.5558,1.6435,0.8433,3.1496,-0.1142,0.7402,0.5179,1.5217,-0.028,-1.3876,1.3107
0.5364,1.6963,-0.3301,0.7121,0.392,1.6719,1.0462,2.6426,0.1453,0.3632,0.578,1.2622,0.2385,-1.0474,1.1366
0.5416,2.0448,0.3169,0.8358,0.6185,1.5091,0.8473,2.4579,-0.4892,0.5654,0.1063,2.1024,0.6818,-0.8938,1.117
0.4462,2.3921,-0.1207,0.9034,0.5544,1.9908,0.8036,2.2252,0.0458,0.2552,0.3495,1.7841,0.6316,-0.5209,1.2632
0.5217,2.216,0.0078,0.8393,0.4733,1.6756,0.9388,2.3131,0.172,0.0381,0.3253,1.3003,0.335,-0.4724,0.9617
0.5152,2.2544,-0.1672,0.9276,0.7288,1.1151,1.0709,2.451,0.0759,0.2763,-0.0319,1.5459,0.4033,0.0039,1.3257
0.259,2.278,-0.0829,1.1943,1.2236,1.1998,1.0412,2.0439,-0.0826,0.6087,-0.1252,0.5976,0.4764,-0.2681,1.9582
0.165,2.1016,0.3768,0.9479,1.0049,1.5044,1.1865,1.9007,-0.2897,0.9774,-0.3851,0.7088,0.7194,0.191,2.1055
0.39,2.0459,0.2106,0.9111,0.8155,2.0108,0.6522,1.9307,-0.2374,0.7431,-0.2455,0.6267,1.1785,0.8825,2.331
0.4935,2.37,0.397,0.6554,0.9436,2.4866,0.5622,1.8509,-0.1297,0.4116,-0.1443,0.5104,0.4486,1.1515,2.0294
1.1234,2.2442,0.5028,1.0218,1.0897,2.3033,1.0019,1.9154,-0.3608,0.0742,-0.6181,0.8583,0.4852,1.3508,2.1732
0.79,2.0273,-0.6528,0.6113,0.9212,2.3878,1.3401,1.9251,0.2942,-0.3126,-0.6512,1.2506,0.4678,1.2033,2.0569
0.9564,1.865,0.1357,0.3184,1.193,1.5885,1.5537,2.5326,0.262,-0.6475,-0.9731,2.1503,0.4409,0.6838,1.9038
0.5686,2.018,0.0659,0.2019,1.0975,0.9072,1.8336,2.1902,0.5839,-0.3543,-0.9937,2.2244,0.0972,0.0759,2.1293
0.4175,2.2254,0.1923,-0.2378,1.2745,0.3748,1.5692,2.6326,0.2884,-0.0188,-0.9503,2.3509,0.1322,-0.8571,2.4446
0.3494,1.6344,0.2442,-0.1555,1.2216,0.7841,1.3333,3.0403,0.6262,-0.1825,-0.4344,1.9163,0.2261,-1.3985,3.0308
0.2153,1.7983,0.4601,-0.2309,1.8138,0.8983,1.8133,2.9871,0.429,-0.1249,-0.2762,1.868,0.3535,-1.6555,3.1991
-0.079,1.9278,0.5962,-0.3457,1.926,1.275,1.1424,3.782,0.3391,0.093,-0.5362,2.2799,0.1326,-1.6787,2.9993
0.3357,2.0015,1.3034,0.5486,2.1288,1.5399,1.1023,3.3522,0.2433,0.0793,-0.3593,2.1776,0.2629,-1.614,3.2749
0.0902,1.9994,0.7959,-0.0486,2.0657,1.4991,1.3467,2.9204,-0.0089,-0.0241,-0.2908,2.2325,0.0859,-1.1229,3.002
0.2177,2.3186,0.6244,-0.3705,1.7465,1.4474,1.2818,2.542,0.0655,0.0858,-0.2779,2.1687,0.0816,-1.2221,2.9194
0.3542,2.2479,0.7187,-0.4276,1.4246,2.1309,1.2904,2.7303,0.168,0.0409,-0.2471,2.3638,0.2513,-1.312,2.8509
0.6763,2.1578,0.7277,-0.4306,1.1837,1.8258,1.3858,2.8491,0.2718,-0.1058,-0.2987,2.1629,0.0936,-1.4462,2.3965
0.7033,2.0755,0.4505,-0.0604,1.1713,1.244,1.6094,2.6679,0.73,-0.2074,-0.2593,2.5108,0.0071,-1.609,2.3644
0.4012,2.1329,0.5781,-0.1056,1.3242,0.6955,1.4807,2.7271,0.2517,0.5866,0.0485,2.3786,0.2505,-1.625,2.352
0.2572,2.0202,0.0753,0.0421,1.3613,0.8356,1.6735,2.9416,0.332,0.9483,0.1964,2.1101,0.2577,-1.422,2.6911
0.0309,1.7218,0.101,0.1216,1.5851,1.3181,1.3766,2.8828,0.2768,0.6747,0.245,1.7609,0.4182,-1.4411,2.8724
0.1518,1.829,0.0985,-0.0867,1.7484,2.2768,2.0705,2.8808,0.258,0.1077,0.0193,1.8314,0.3637,-1.1136,2.743
0.5935,2.0637,-0.3999,-0.382,1.4333,2.0701,1.7231,2.998,-0.1158,-0.0418,-0.3915,2.3361,-0.0789,-1.5352,2.0254
0.7353,2.2635,-0.7117,-0.0295,1.0515,1.8418,1.5855,2.872,-0.0892,-0.0584,-0.4337,2.5696,-0.1264,-2.3434,1.5734
0.8217,2.6839,-0.4838,-0.0793,0.7011,1.4445,1.7847,2.6793,-0.034,0.5881,-0.7404,2.5402,-0.492,-3.1485,1.4169
0.5456,2.585,-0.6539,0.4582,0.42,1.7148,1.6045,2.7762,0.2149,0.5574,-0.4535,2.0813,-0.6703,-3.4672,1.1434
0.5626,2.221,-0.0525,0.7613,0.3616,1.4395,1.4009,2.9927,0.6997,0.4642,-0.1876,1.7388,-0.5217,-3.5957,0.979
0.2058,2.2563,-0.4764,1.1898,0.6783,1.0863,1.4587,2.7189,0.2223,0.6756,-0.3125,2.1682,-0.3692,-3.5108,0.9704
-0.2342,2.1759,-0.6505,1.6869,0.715,1.1609,1.038,2.5862,0.1147,0.7613,-0.3131,1.7282,-0.1398,-3.5579,0.54
-0.4212,2.2972,-0.657,2.2135,0.6231,1.1213,1.3901,2.3544,0.0865,1.3194,-0.1336,1.7727,0.2596,-2.8226,0.5762
-0.6912,2.059,-0.7444,2.2344,0.589,1.6758,1.1316,2.3641,-0.2473,1.6823,-0.1171,1.5392,0.541,-1.9925,0.5038
-0.6331,2.077,-0.8519,2.2793,0.4702,2.3488,1.4417,2.0535,-0.432,1.5501,-0.1816,1.3349,1.0028,-1.2466,0.2374
-0.2831,1.9118,-0.7485,2.5745,0.1745,2.4468,1.0561,1.9315,-0.2072,1.0914,-0.0385,1.4021,1.0326,-0.8552,0.044
-0.3657,1.9599,-1.1626,3.0876,0.2728,2.5946,1.0717,1.759,-0.2739,1.0938,-0.3466,1.4211,1.4527,-0.4713,-0.0925
-0.196,1.7275,-1.0098,3.0312,0.1721,2.5784,0.8152,1.4418,0.1173,0.7309,-0.1488,1.4525,1.8323,-0.1952,-0.4199
0.159,1.9727,-0.9112,2.8802,0.2417,2.0661,0.971,1.5211,0.1414,0.2952,-0.3424,1.8979,1.7597,0.243,-0.4051
-0.1224,2.0981,-0.6951,2.9579,0.3146,1.0637,0.8689,1.6387,0.1755,0.7082,-0.2212,1.9887,1.161,0.0549,-0.3172
-0.7016,1.9564,-1.1036,3.4017,0.426,0.8635,0.633,1.5811,0.5721,0.6243,-0.0446,2.0101,1.3484,-0.3629,0.2522
-1.0802,1.7166,-0.43,3.3545,0.7635,0.9507,0.6168,1.0668,0.0658,0.9249,-0.145,1.5237,1.4194,-1.0887,0.5867
-0.9935,1.8061,-0.5287,3.2683,0.7509,1.1834,0.7991,0.8696,0.2455,1.079,-0.0696,1.3211,1.3843,-0.3895,0.8346
-0.9683,1.6638,-0.3111,2.5874,1.0556,1.2542,1.0055,1.2725,0.4079,1.1105,-0.0565,1.4234,1.9171,0.4951,0.9458
-0.8386,1.6825,-1.0768,3.0195,1.1671,1.7252,0.569,0.8383,0.2948,0.8553,0.211,1.0747,2.0722,1.1492,1.2731
-0.7745,1.8972,-0.9746,2.6343,1.3862,1.8469,0.4478,0.7877,0.3961,0.663,0.0568,1.4396,1.8961,1.2157,1.1841
-0.5517,1.7427,-0.8572,2.3322,1.5322,1.8072,0.4418,0.8744,0.1049,0.9988,-0.0434,1.7149,1.9859,1.0462,1.2296
-0.3868,1.7917,-0.4153,2.0654,1.4931,1.8693,0.7838,0.8982,0.3094,1.0366,0.0518,2.0987,1.9945,1.1274,1.3537
-0.1947,1.7745,-0.2446,1.7523,1.4418,1.8338,0.7843,1.0133,0.5233,0.7584,0.0588,2.2415,1.6454,0.8508,1.5769
-0.1325,1.8358,-0.1439,1.3504,1.5836,1.9071,0.9695,1.3819,0.6174,0.7471,0.2325,1.6207,1.4992,0.6605,1.7794
0.0476,1.9613,-0.0095,1.425,1.6822,1.5608,1.0244,1.6031,0.418,0.4826,0.0083,1.4552,1.448,0.773,1.8439
-0.0805,1.9199,-0.3291,1.4897,1.7789,1.6563,0.8381,1.8539,0.4633,0.5776,-0.1051,2.3408,1.1817,0.9572,2.046
-0.2695,1.8831,-0.267,1.3804,1.7892,1.4806,0.9568,1.9787,0.5964,0.3423,0.0329,2.0882,1.0249,0.3779,2.568
-0.3232,1.8528,0.9227,1.1762,2.1483,1.4431,0.7638,1.4302,-0.0305,0.6894,-0.0467,1.8433,1.3759,-0.0825,3.0092
-0.1788,1.8347,0.7641,1.0321,2.0859,1.979,0.9569,1.4594,-0.3977,1.0551,-0.1486,2.2333,1.6365,0.5075,3.3441
0.1304,1.7604,1.0145,0.8888,1.8054,2.6749,1.1234,1.4195,-0.3489,0.5889,0.0313,2.5914,1.4358,0.4006,3.097
0.6708,1.9643,1.3959,0.3806,1.691,2.7466,1.3686,1.8545,-0.4093,0.2683,0.0561,2.8678,1.4876,0.3076,2.5647
1.0008,1.9156,0.6033,0.6497,1.5918,2.5599,1.3569,1.6399,-0.3085,-0.2698,-0.1606,2.5047,1.1317,0.0216,2.6275
1.3119,1.7706,0.333,0.3007,1.3473,2.1774,1.5378,1.8041,0.2142,-0.2841,-0.3072,2.8754,0.8375,-0.2632,2.3486
1.1311,2.0824,-0.0395,0.1026,1.4191,1.3592,1.4631,1.9879,0.0519,-0.019,-0.6407,2.9561,0.6991,-0.9918,2.2321
0.754,1.9521,0.299,0.2253,1.1606,1.2126,1.6423,2.2947,-0.1788,0.3298,-0.6387,2.8251,0.7588,-1.6488,2.1328
0.7646,1.9564,0.3562,0.7595,0.9966,1.38,1.6628,2.041,-1.0378,0.9736,-0.6495,2.4207,0.8303,-2.0662,2.1491
0.5597,2.1124,0.4317,0.7338,0.4783,2.2682,1.3872,2.2279,-0.9,1.9033,-0.2656,2.0617,1.2974,-1.6007,1.9929
0.7715,2.1458,0.4589,0.832,0.3034,2.7657,1.4915,2.1228,-0.5366,0.9699,0.1668,1.7255,1.2616,-1.198,1.4513
1.0343,2.2677,0.367,1.0088,0.2242,2.5131,1.5357,1.771,-0.3053,0.7099,0.0552,1.2383,1.2813,-0.7651,0.8043
1.0245,2.3984,-0.2926,1.3607,-0.0828,1.9663,1.4026,1.9536,-0.2453,0.8091,-0.195,1.5468,1.0131,-0.4462,0.5837
0.8538,2.3917,-0.3775,1.6302,-0.0129,1.6073,1.5766,1.9938,-0.1783,0.8541,-0.3351,1.328,0.9607,-0.6563,0.604
0.4584,2.2915,-0.7219,2.1124,-0.2439,1.6007,1.1412,1.9727,0.1211,1.1269,-0.3475,1.0004,0.8926,-0.8561,0.6379
0.1428,2.2174,0.0225,2.6917,0.1048,1.9622,0.6794,1.8664,0.2201,0.9328,-0.0827,-0.8596,1.3539,-0.6658,1.0502
0.1623,2.3533,0.1462,1.7778,0.7464,1.878,1.0514,1.573,-0.139,0.8269,-0.9532,0.3529,1.5703,0.8936,1.2427
0.3133,2.2406,0.7257,2.2743,0.7359,2.052,0.7703,1.7203,-0.5266,0.8348,-0.8338,1.0906,1.7783,1.5774,1.7113
0.2657,2.3805,0.709,1.6945,0.8166,2.1551,0.7157,1.821,-0.2703,0.7812,-0.7056,1.3608,1.4512,1.9594,1.7693
0.3398,2.0564,0.2876,1.7107,0.9384,2.4932,0.9008,1.649,-0.1452,0.7388,-0.664,1.2899,1.8135,2.401,2.229
0.6122,2.1779,0.3892,1.4643,0.9753,2.6216,0.9905,1.4265,-0.0843,0.5679,-0.811,1.6866,1.7329,2.1294,2.0341
0.8424,2.0425,0.2151,1.4398,0.9472,2.8548,0.8948,1.8052,0.0466,0.5633,-0.6424,2.0992,1.5249,1.9607,2.0109
0.8273,2.1613,-0.22,1.4577,1.0386,2.561,1.0092,1.8195,0.4068,0.3101,-0.3708,2.0434,1.3415,1.4545,1.9666
0.8821,2.2831,-0.0418,0.895,1.1229,2.008,0.9785,2.3177,0.3538,0.2708,-0.3696,2.574,1.336,0.8578,1.9964
0.8409,2.1958,-0.1008,1.1961,1.1669,1.5705,1.3,2.9388,0.2202,0.4883,-0.5472,2.3887,1.0339,-0.0597,1.9213
0.4427,2.3111,-0.3901,1.4811,1.169,1.5006,1.0771,2.8155,0.1439,0.7998,-0.2735,1.8615,0.6877,-0.7494,2.0578
0.3579,2.3456,-0.1124,1.462,1.1524,1.6855,0.9436,3.0296,0.0057,1.2661,-0.052,2.0762,0.7896,-0.9601,2.6924
0.277,2.2113,0.0994,1.8454,1.2959,2.3443,0.7492,2.3113,-0.0088,1.1004,0.2508,1.4012,1.1799,-0.9611,2.5989
0.4939,2.2704,0.3207,1.5868,1.1723,2.6541,0.6405,2.2752,-0.0018,0.5488,0.4968,1.5595,1.2887,-0.2518,2.2961
0.74,2.4139,0.2101,1.3674,1.3227,2.3588,0.6906,2.0946,0.0465,0.5717,0.2199,1.6054,1.3522,-0.2117,2.3736
0.9042,2.4098,0.2789,1.102,1.412,2.226,1.0629,2.206,-0.2153,0.5544,-0.1894,1.9789,1.4407,0.0362,2.179
0.9699,2.5036,1.1388,1.3681,1.1518,2.0371,1.0851,2.4143,0.1018,0.3378,0.0617,2.5495,1.0248,0.1554,2.0346
0.8747,2.5003,0.8112,0.9632,0.8676,1.4778,1.3236,2.3884,0.0191,0.7333,-0.0355,2.2996,0.6898,-0.1908,2.3943
0.6217,2.3203,0.3848,1.0163,0.9617,2.2021,1.4237,2.3278,-0.8538,1.1767,-0.187,2.4388,0.9635,-0.3254,2.5949
0.8632,1.8923,0.6572,0.7704,0.5006,2.6383,1.2465,2.3736,-0.4938,1.1307,0.2963,1.6522,1.2067,-0.3586,2.4331
1.3063,2.0148,0.7848,0.6563,0.7504,2.7723,1.9213,2.4527,-0.5924,0.9494,-0.0683,1.6223,1.1548,-0.2516,1.7639
1.3619,2.1048,0.7499,1.2228,0.7193,2.8259,1.604,2.7698,-0.4552,0.6877,-0.3195,2.2996,0.5909,-0.0512,1.4393
1.1757,2.4611,0.3324,1.1468,0.5842,2.5573,1.6038,2.6472,-0.2303,0.6275,-0.3781,2.326,0.2082,-0.9126,0.951
1.0753,2.3903,0.0802,1.1194,0.613,1.9308,1.7208,2.9165,-0.3071,0.6271,-0.0948,2.162,-0.038,-1.0471,0.9679
0.7205,2.2439,-0.0555,1.1322,0.5207,1.556,1.6663,2.7955,-0.5119,0.9309,-0.2778,2.2401,0.494,-0.9654,1.0421
0.4738,2.2538,0.1302,1.2659,0.3492,1.4988,1.703,3.2395,-0.4823,1.3052,-0.0369,1.8778,0.1727,-1.5651,1.1306
0.2632,2.0854,0.136,1.861,0.3373,1.7261,1.6588,3.0386,0.004,1.0349,0.1459,1.4574,0.5354,-1.3541,1.2409
0.2043,2.1705,0.1849,1.7959,0.6378,1.9802,1.9125,2.9305,-0.0479,0.6851,-0.0205,1.1608,0.5,-1.0048,1.3162
0.29,2.3956,-0.27,1.3965,0.5428,1.7858,1.8043,3.0358,-0.094,0.9309,-0.2709,1.2207,0.4892,-0.7217,1.1824
0.2285,2.055,-0.2926,1.881,0.426,1.8409,1.4901,2.9645,-0.0755,0.9289,-0.5899,1.0822,0.5405,-0.4238,0.9203
0.1701,2.1481,-0.3252,2.0602,0.5767,1.954,1.5056,2.9902,0.1805,0.8943,-0.4935,1.1315,0.4147,-0.0121,1.2955
0.2472,2.4822,-0.1966,2.1347,0.8875,2.0376,1.6445,2.8236,-0.0491,0.8699,-0.5482,1.0975,0.4575,0.0598,1.4461
0.2325,2.3445,0.0027,2.0583,0.8317,2.1153,1.4428,2.5486,0.0108,1.006,-0.4212,1.3096,0.5572,0.3488,1.8584
0.277,2.3143,-0.0043,1.8954,0.788,2.549,1.3818,2.4669,0.3174,0.7249,-0.4636,1.1341,0.577,0.3859,1.8961
0.532,2.3121,0.2777,2.0895,1.1825,2.4616,1.2546,2.3214,0.5903,0.3467,-0.5844,1.3624,0.8227,0.5693,1.7148
0.3859,2.171,0.1387,1.9698,0.9145,2.2739,1.2735,1.8961,0.6574,0.0989,-0.6103,1.6916,1.2643,0.8635,1.689
0.575,2.1068,-0.2539,1.6185,1.1516,1.7467,1.2189,1.7346,0.0251,0.7037,-0.6769,1.6604,0.9829,0.9501,1.7068
0.5009,1.9878,0.0041,1.8453,1.147,2.1586,1.3409,1.6991,-0.1258,0.7713,-0.4949,1.8924,1.2616,1.1125,1.9898
0.5217,2.1364,-0.0618,1.9179,1.1234,2.3361,0.8442,1.9595,0.3291,0.5372,-0.2253,1.889,1.0218,0.8695,1.8649
0.633,2.1805,-0.148,1.8557,1.3957,2.4438,1.1278,1.8987,0.2592,0.1425,-0.1101,2.1162,0.9499,0.8127,1.6602
0.9528,2.2887,-0.5654,1.8579,0.7277,2.0289,1.1371,1.8992,0.7016,-0.068,-0.2957,2.2547,0.6538,0.3068,1.4002
1.0938,2.1903,0.0719,1.5177,1.3089,1.544,1.4042,1.8385,1.1125,-0.1782,-0.4083,2.3026,0.7092,-0.3899,1.6229
0.7056,2.27,0.2677,1.3431,1.7262,0.8586,1.505,1.8378,1.515,-0.1807,-0.3854,2.4498,0.6991,-0.3415,1.6186
0.2163,2.0005,-0.5217,1.4573,2.02,0.7832,1.3719,2.1095,1.0127,-0.1262,-0.4031,2.7836,0.9896,-0.1885,2.2294
-0.1014,2.0273,-0.0312,1.2691,2.2543,0.8145,0.9159,2.0936,0.6428,0.3068,-0.278,2.4059,1.0623,-0.8554,2.6002
0.2146,2.1541,-0.4414,1.0637,2.3503,1.0634,1.0635,1.6475,-0.2157,1.1279,-0.3139,2.0358,1.1394,-0.7226,2.7881
0.3552,2.1682,-1.0365,1.1305,2.0786,1.9778,0.6638,1.9727,-0.0838,1.2675,0.1798,2.0534,1.2116,-0.5143,2.8417
0.8216,2.016,-0.6298,0.4488,1.7074,2.3995,1.102,1.9953,0.1342,0.7546,0.1205,1.6353,1.0114,-1.1465,2.2734
1.3872,2.0105,-0.2569,0.4639,1.6345,2.4283,1.4873,2.4947,0.1894,0.6472,-0.2353,1.9786,0.6302,-1.1996,1.7079
1.2889,2.0277,-0.5261,0.8459,1.5216,2.2658,1.3618,2.7047,0.2201,0.32,-0.5499,2.0918,0.1902,-1.4228,1.194
1.2944,1.8,-0.4753,1.4554,1.1795,1.7434,1.4052,2.7728,0.2302,0.5582,-0.8773,3.0501,0.1497,-1.5696,1.054
1.0457,1.8679,-0.7631,1.5206,1.0803,1.6126,1.175,2.515,0.1737,0.4852,-0.5246,2.8863,0.4834,-1.7762,1.0336
0.8829,1.8534,-0.6232,1.8237,1.0037,1.6838,1.2961,2.3077,0.2066,0.5883,-0.2305,2.7658,0.4376,-1.907,1.0612
0.6932,1.9509,-0.1225,1.9448,0.9445,1.5783,0.9755,2.0692,0.8582,-0.014,0.2413,2.4713,0.8285,-1.8732,1.0334
0.533,2.1039,-0.5991,1.7243,0.9684,0.881,1.0377,1.9183,-0.0133,0.7704,-0.304,2.5033,0.9924,-0.9942,0.8582
0.3605,2.0075,-0.9334,2.149,0.9053,1.0932,1.0269,1.6812,0.7983,0.5927,-0.0714,2.2464,2.0571,-0.3535,1.2881
0.2117,1.942,-1.1374,2.1777,0.6586,1.3605,0.8478,1.6026,0.3541,0.6178,-0.1327,2.0535,1.5513,-0.3908,1.0856
0.2635,2.0189,-0.5812,2.3519,0.9583,1.5307,0.9366,1.7017,0.1672,0.6664,-0.3644,2.0739,1.5929,-0.4677,1.0484
0.2848,2.3646,-0.9091,2.2073,0.9311,1.6527,1.1449,1.6514,0.0836,0.7637,-0.6179,1.9389,1.6051,0.125,1.0309
0.473,2.2378,-0.7552,2.6331,1.0476,1.6805,1.0128,1.95,-0.2364,1.11,-0.7449,2.3158,1.2359,0.2696,1.0693
0.4258,2.0368,-0.3738,2.5229,0.846,2.0794,1.3103,1.3507,-0.1814,1.0122,-0.5133,1.694,1.3587,0.4362,1.0459
0.5446,2.0526,-0.3907,2.3241,0.3493,2.2828,0.9299,1.4563,-0.1617,0.7849,-0.3875,1.4448,1.5599,0.8872,0.9035
0.8078,2.1244,-0.4214,2.3523,0.2645,2.327,1.359,1.7228,0.2283,0.6383,-0.4599,1.4108,1.3034,1.0538,0.5769
0.7585,2.0217,-0.5046,2.5515,0.5515,1.8098,1.1564,2.0307,0.4929,0.6336,-0.6347,1.789,1.3719,1.3254,0.8532
0.617,1.993,-0.7401,2.3396,0.9169,1.4818,0.8994,1.8991,0.3887,0.5195,-0.6881,1.6228,1.4435,1.8378,0.9143
0.4367,2.2184,-0.6431,2.6033,1.1183,1.3903,1.0217,1.6383,0.3431,0.6475,-0.8055,1.6778,1.2907,1.4624,1.2356
0.277,2.1416,-0.3905,2.4727,1.2682,1.7411,0.7664,1.5682,0.6268,0.3723,-0.6954,1.8964,1.5742,1.1269,1.6408
0.4256,2.0718,-0.4395,1.8207,1.9108,1.5619,1.0384,1.5053,0.5959,0.6605,-0.707,2.2778,1.7951,1.241,2.1347
0.5618,2.0755,-0.4691,1.5708,1.8822,1.4163,0.969,2.074,0.8864,0.0314,-0.3515,2.8403,1.7294,1.1393,2.1576
0.6386,1.8732,-0.7188,1.057,2.0415,1.2982,0.7711,2.115,1.0138,-0.45,-0.3895,3.0955,1.0724,0.1976,2.3469
0.9709,2.0355,-0.7514,0.8607,2.0889,0.6074,0.5219,2.1538,0.9304,-0.3928,-0.302,3.1184,1.1421,-0.6532,2.4765
0.6508,1.9826,-0.5389,0.9017,2.0996,0.3862,0.4707,2.2362,0.5663,0.0585,-0.4362,3.0629,1.26,-1.2134,2.7587
0.5133,1.8784,0.0886,0.4625,2.2513,0.8359,0.8934,2.0376,0.619,0.3902,-0.3466,3.5549,1.3539,-1.5286,2.9617
0.7519,1.9953,-0.1324,0.3637,2.5465,1.1443,0.8944,1.9823,0.6762,0.335,-0.062,3.0737,1.6842,-1.3825,3.0979
1.1539,2.2671,-0.3376,-0.0708,2.2506,1.3766,0.6873,2.5614,0.2762,0.5125,-0.2347,3.1849,1.2499,-1.0445,2.8491
1.4494,2.2078,-0.7835,0.0359,1.8314,1.735,0.8913,2.5006,0.4616,0.1601,-0.175,2.6827,1.3251,-1.2612,2.4697
1.539,2.1638,-0.6807,-0.4006,1.5641,1.1766,1.2039,2.7252,0.5586,0.2688,-0.4017,2.7357,0.835,-1.6186,2.1643
1.5174,2.4296,-0.9601,-0.0288,1.521,0.9004,1.288,3.132,0.6154,0.6967,-0.684,2.8802,0.3368,-1.8438,2.266
1.2418,2.4894,-0.8952,0.0961,1.2618,0.9257,1.6134,3.6778,1.0642,0.3768,-0.2824,2.3963,0.3564,-2.2787,2.1907
1.1643,2.2472,-0.8365,0.4423,1.2358,0.5096,1.3761,3.2925,0.7734,0.6749,-0.7138,2.4418,0.3008,-2.7203,2.5168
0.7587,2.1284,-0.2103,0.6476,1.3306,0.8243,1.3386,3.2171,0.5632,0.8011,-0.7231,2.0544,0.7973,-2.6817,2.5387
0.7848,2.1152,0.1807,1.1223,1.2605,1.5391,0.917,2.9482,0.688,0.4181,-0.7259,1.7332,0.8774,-1.9654,2.4543
0.8941,2.0859,0.0207,0.7432,1.4899,1.6889,0.6869,2.5031,0.8017,0.5264,-0.719,1.6254,1.1698,-0.747,2.1061
1.1643,2.4339,-0.225,0.7767,1.4168,1.6607,0.9131,2.1986,1.0631,0.3247,-0.7047,1.785,0.6287,-0.2861,2.0778
1.3262,2.1044,-0.2757,0.562,1.3369,1.3917,1.1948,1.8376,0.5349,0.5914,-0.9986,2.1882,0.789,-0.169,2.161
1.3272,2.3954,-0.2645,0.6594,1.3065,1.4831,1.2732,2.1597,0.9575,0.5241,-0.8641,2.2648,0.5108,-0.3404,2.3988
1.0567,2.2111,-0.2261,0.5486,1.3454,1.7303,1.0968,2.2588,0.4802,0.5544,-0.7352,2.2107,0.3534,-0.1921,2.3923
1.2836,2.1572,0.0202,0.3543,1.0634,1.7436,1.3378,2.3355,0.8509,0.4262,-0.7961,2.3942,0.3627,-0.4132,1.6497
1.4252,2.2006,-0.7926,0.5635,0.9992,1.536,1.4247,2.5258,1.1523,0.3777,-0.6619,2.7529,0.7381,-0.3049,1.7471
1.2159,2.2151,-0.5035,0.4206,1.3111,0.9786,1.4596,2.5565,0.9722,0.4992,-0.4201,2.5093,0.4301,-1.049,1.6966
1.0015,2.0245,-0.3093,0.49,1.2686,0.5594,1.0686,2.7617,0.7742,0.7489,-0.4104,2.8732,0.4065,-1.4556,1.9873
0.8233,2.0401,-0.1438,0.2523,1.3674,0.6776,1.1364,2.4953,0.7396,1.1078,-0.2719,2.6726,0.9033,-1.4717,2.296
0.8726,2.1125,-0.6559,0.1926,1.429,1.1511,1.3974,2.833,0.8542,0.9966,-0.0448,2.6883,1.1067,-1.1847,2.4754
1.0288,2.2255,-0.4183,0.3204,1.5939,1.3121,1.2248,2.6381,0.5574,1.0783,0.148,2.3526,0.9997,-1.038,2.2258
1.0785,2.2657,-1.0832,0.4103,1.4019,1.5491,1.1729,2.5832,1.1195,0.2199,0.2593,2.0814,0.9712,-0.7232,2.0698
1.0657,2.1993,-0.7332,0.3007,1.508,1.0363,1.0946,2.8316,0.566,0.3342,-0.2289,2.0684,0.5218,-1.0974,2.034
0.8518,2.3658,-0.8818,0.53,1.4124,1.1846,1.0244,2.5581,0.8783,0.4745,-0.3889,2.3761,0.4185,-1.1446,2.1741
0.7286,2.0732,-0.6227,0.7948,1.528,1.1093,0.9657,2.5483,0.9084,0.6302,-0.1815,2.8142,0.6205,-1.2037,2.2395
0.8559,2.2506,0.2187,0.7233,1.4132,1.2967,1.1303,2.1269,1.1048,0.5228,-0.134,2.5709,0.7439,-1.5769,1.849
0.9037,2.0019,-0.144,0.6907,1.563,1.2129,1.2517,2.0995,0.9437,0.4118,-0.303,2.6342,0.976,-1.2286,1.8705
0.6799,2.0033,-0.4697,0.8625,1.6418,0.978,1.0568,2.3808,0.6192,0.815,-0.4446,2.8031,1.0447,-1.1291,2.0362
0.8139,2.0412,-0.6421,1.0431,1.6034,1.0887,0.9816,2.4155,0.2236,1.3004,-0.4575,2.8001,1.3504,-1.0438,2.3547
0.8978,2.015,-0.7135,0.6491,1.4742,1.5427,0.9927,2.0517,0.4065,1.5596,-0.1321,2.1482,1.2259,-1.109,2.4717
0.9526,2.0066,-0.3719,0.7207,1.2664,2.0741,1.0765,1.8319,0.269,1.3379,0.0388,1.898,1.3771,-0.7424,1.9184
1.32,2.1034,-0.2746,0.4705,1.0717,2.4879,1.3698,2.323,-1.268,1.6503,-0.703,2.1228,1.1512,-0.5327,1.343
1.7609,2.2027,-0.3803,0.5903,0.0126,2.843,1.4431,2.7563,-0.9288,1.1424,-0.5934,2.2415,0.8627,-0.4641,0.8852
2.0365,2.2956,-0.5817,1.2619,-0.3697,3.0919,1.2112,2.8584,-0.0839,0.9086,-0.6494,2.1941,0.4466,-0.6284,0.3892
2.0034,2.0473,0.0051,1.7806,-0.171,2.5899,1.4866,2.6513,0.1364,0.643,-0.7208,2.013,0.6017,-0.5738,-0.156
1.7376,2.1275,-0.491,1.5615,-0.3911,1.6013,1.5795,2.9434,-0.1251,1.0018,-0.947,2.2207,0.6346,-0.2903,-0.2451
1.3754,2.1441,-0.6837,1.9732,-0.5555,1.387,1.5037,3.0655,0.3703,1.0005,-0.7249,2.2418,0.6384,-0.5981,-0.2649
1.0866,2.1853,-0.7714,2.2101,-0.4622,1.278,1.3221,3.0742,0.4512,1.1831,-0.6341,2.3016,0.5231,-0.9278,-0.2712
0.8608,2.1667,-1.2247,2.3321,-0.292,1.4973,1.0513,2.9565,0.3333,1.1365,-0.2751,1.284,0.5211,-1.1507,-0.1666
0.9435,2.1649,-1.0297,2.3785,-0.2629,1.6007,0.815,2.5834,0.5231,1.0223,-0.3517,1.623,0.8503,-0.5418,-0.1922
0.9133,2.1109,-0.9138,2.6101,-0.0371,1.4694,1.0713,2.4535,0.3495,1.0401,-0.2158,2.0205,0.963,-0.2945,-0.1271
0.8392,1.9759,-1.0612,2.9423,-0.0511,1.5889,0.4921,2.3314,0.5192,1.2273,-0.0293,1.9691,1.3085,0.1647,0.0509
0.5456,2.1645,-1.0625,2.5908,0.293,1.5349,0.9545,2.3943,0.5439,0.9523,-0.0991,2.5741,1.4209,0.0713,-0.0437
0.7772,2.0301,-1.2568,2.2885,0.3714,1.1797,0.3753,2.232,0.4935,1.0875,-0.009,2.57,1.7195,0.2641,-0.0796
0.7439,2.1186,-1.3874,2.4488,0.316,1.2122,0.6586,2.1347,0.9598,0.865,0.0471,2.3877,1.646,-0.0395,0.0684
0.7796,1.9529,-1.3162,2.5532,0.264,1.0984,0.5905,2.195,0.6945,1.01,-0.1233,2.4337,1.6838,0.4048,0.2873
0.6701,2.1204,-1.2656,2.58,0.6816,1.0237,0.6409,2.0276,0.9114,1.1217,0.1194,2.7358,1.7676,0.4084,0.5583
0.6422,2.0564,-1.1001,2.265,0.9497,1.3093,0.4786,1.6833,0.485,0.9685,0.2071,2.5089,1.6231,0.1791,0.8287
0.7947,2.1749,-0.9913,2.1372,1.094,1.4314,0.4344,1.4278,0.4706,0.9189,0.1677,2.4293,1.7289,-0.3587,0.8885
0.9879,2.2183,-1.2378,1.7983,1.0984,1.7195,1.2077,1.6046,0.5358,0.7548,-0.1399,2.623,1.7741,0.2232,1.1103
1.2544,2.2719,-1.0101,1.2643,0.8605,1.4913,0.9486,1.8577,0.672,0.4947,-0.2099,2.6577,1.5154,0.0566,0.5666
1.3763,2.1425,-1.0022,1.3673,0.6551,1.262,0.7145,2.1265,1.2723,0.3222,-0.3869,3.083,1.4071,-0.1257,0.599
1.3121,2.1065,-0.7426,1.4163,1.1614,0.7173,0.8126,2.0172,1.214,0.5641,-0.1946,3.1276,1.2357,-0.5349,0.7645
0.9049,2.2889,-0.8746,1.3248,1.1953,0.5024,0.7822,1.8998,0.6761,0.4404,-0.1371,3.0243,1.1662,-0.8055,0.9775
0.8753,2.453,-0.9551,1.2539,1.0319,0.7414,0.6547,2.0923,0.3938,1.0399,-0.3832,3.1844,1.1041,-0.8732,1.296
0.9494,2.4106,-0.9685,1.0231,0.8549,1.0072,0.7208,2.2317,0.9244,0.8719,0.1517,2.8353,1.0167,-1.0584,1.2943
1.0492,2.259,-0.5906,1.309,0.7802,1.3087,0.6526,2.2483,1.071,0.9225,0.0894,3.1999,0.9965,-1.179,1.3014
1.5563,2.3233,-0.7856,0.6024,1.0709,0.8243,1.0517,2.2452,0.8534,0.8185,0.0071,2.8809,1.1343,-1.3295,1.2844
1.3932,2.1987,0.3325,0.4027,1.0483,0.4745,1.007,2.6724,0.6926,1.22,0.0369,3.0727,0.7981,-1.3054,1.0945
0.9936,2.4532,-0.7422,0.761,0.9637,0.5021,-0.5119,2.4848,0.8616,1.4512,0.3251,2.8892,0.711,-1.0309,1.3246
0.8204,2.3099,-0.4844,0.557,1.3055,0.7255,0.5923,2.1821,0.7546,1.2404,0.0928,2.1959,0.6781,-1.1135,1.7764
0.9421,2.1287,-0.1674,0.4963,1.2971,0.961,1.1969,1.9682,0.9729,1.1846,-0.1217,2.3668,0.8817,-0.9827,1.8443
0.9859,2.3552,-0.2162,0.6411,1.5038,1.1669,1.1104,2.1168,1.3134,0.8415,-0.1603,2.5328,1.5814,-0.378,1.8716
1.1952,2.2487,-0.5606,0.3106,1.5619,0.8514,1.1726,2.3773,0.8944,0.7774,-0.3573,2.4364,1.315,-0.2212,1.7964
1.0659,2.0387,-0.6956,0.2396,1.4976,0.6337,1.2361,2.4764,1.2257,0.5868,-0.5,2.796,1.0006,-0.5533,1.6512
0.9346,2.4235,-0.6878,0.3517,1.3322,0.4144,1.0214,2.549,1.0906,0.8215,-0.7868,2.8426,1.4738,-0.4968,2.103
0.7404,2.3072,-1.0402,0.7084,1.5943,0.7567,0.84,2.9882,1.0224,0.4956,-0.5292,2.944,0.7235,-0.9205,2.18
0.8645,2.2939,-0.4357,0.2584,1.4625,0.7682,1.0288,2.7463,0.7714,0.8666,-0.5093,2.819,0.6563,-1.5575,1.8303
0.8801,2.6773,-0.5872,0.5478,1.252,0.7364,0.7972,2.629,1.3255,0.6375,-0.437,2.4757,0.8998,-1.4285,1.7274
0.8412,2.6564,-1.216,0.2578,1.427,0.6198,1.2281,2.3545,0.993,0.7582,-0.7252,2.4199,0.8173,-1.1421,1.4216
1.0192,2.413,-0.8596,0.3676,1.1254,0.3334,1.503,2.6346,-0.5837,1.6254,-1.1703,2.5956,0.5797,-1.5873,1.5832
0.7384,2.3435,-0.5735,0.5811,0.5236,1.2879,1.2801,2.684,-0.1724,2.0138,-0.7105,2.145,0.5123,-1.5257,1.008
1.1254,2.4582,-0.5926,1.2328,0.3772,1.9607,1.0266,2.8264,0.2266,1.6887,-0.3604,2.0527,0.5333,-1.3966,0.2368
1.5739,2.5849,-0.1781,1.1736,0.4323,1.7849,0.6852,2.0007,0.2671,1.2912,-0.1993,1.659,0.3735,-1.3703,-0.1246
1.6137,2.4042,-0.8003,1.3502,0.3361,1.3295,0.9685,2.3101,0.6192,0.6741,-0.2972,2.0706,0.4893,-0.7265,-0.3324
1.4784,2.3719,-1.0394,1.482,0.4046,0.519,1.2602,2.2867,0.4467,0.9414,-0.8614,2.466,0.7109,-0.718,0.0029
1.2745,2.3081,-0.6815,1.5024,0.2617,0.3216,1.2671,2.4074,0.3689,1.0675,-0.702,2.7927,0.703,-1.0052,-0.0191
0.6939,2.2902,-0.8445,2.1308,0.2567,0.1196,0.9841,2.3122,0.6826,1.2343,-0.6106,3.0615,0.8549,-1.0222,0.1931
0.3617,2.2182,-0.8984,2.3249,0.3507,0.1548,0.838,2.2369,0.6582,1.4598,-0.1972,2.6303,1.1874,-0.9241,0.3721
0.1583,2.1585,-0.4822,2.2701,0.42,0.6794,0.9564,1.9263,0.6987,1.4838,0.202,2.4242,1.4647,-0.3798,0.573
0.2344,2.1123,-0.7492,2.1397,0.6069,1.3019,0.9745,1.6792,0.2993,1.6038,0.0424,2.1924,1.5816,-0.1438,0.4936
0.6036,2.143,-0.9686,2.4326,0.8403,2.0003,1.0459,1.8461,0.1858,1.2734,0.0077,2.3907,2.1799,0.3493,0.492
0.9105,2.1605,-1.193,1.8085,0.7068,2.1355,0.9488,1.4732,0.1101,0.937,-0.0492,2.3475,1.7926,0.3764,0.0465
1.2317,2.1702,-1.1437,1.7452,0.5541,1.6781,0.7458,1.7313,0.4854,-0.1139,-0.3017,2.8019,1.2137,-0.2293,-0.3808
1.2495,2.3157,-1.0862,1.8223,0.6142,0.2954,0.8021,1.2499,0.4311,0.8515,-0.706,2.953,1.2702,-0.4064,-0.2451
0.6461,2.2641,-1.4115,2.1887,0.6474,0.125,0.7347,1.3943,0.1442,1.3284,-0.4744,3.0397,1.3827,-0.929,0.37
0.199,2.2143,-0.9786,1.9835,0.3696,0.4325,0.7253,1.4902,-0.102,1.7158,-0.3809,2.7139,1.1391,-1.1132,0.5499
0.3413,2.0545,-1.3742,2.2437,0.1827,1.2081,0.6813,1.3416,-0.1554,1.7595,-0.0957,2.5234,1.16,-1.0446,0.8534
0.3147,1.9589,-1.0675,2.0148,0.4157,1.7618,0.6797,0.8953,-0.0878,1.8413,0.0379,2.3699,1.483,-0.7199,0.3136
0.744,1.8183,-0.9531,2.1427,0.6143,1.9542,0.6825,1.0397,0.0858,1.3089,0.2801,2.4239,1.9762,-0.3298,-0.2772
1.0708,1.9951,-1.2339,2.3436,0.5416,1.6807,0.7108,1.0288,-0.3348,1.2664,0.0177,2.6049,2.2441,-0.0605,-0.5676
1.3321,2.2616,-1.2235,2.4553,0.0842,1.4221,0.6515,1.4999,-0.0078,0.9634,-0.0203,3.4167,1.5518,-0.0832,-0.8482
0.9303,2.1547,-2.1856,2.4019,-0.1726,0.3515,0.887,1.4531,0.2631,1.5727,-0.2385,3.3153,1.2271,-0.6488,-0.9293
0.5012,2.0414,-1.5031,2.5175,0.1096,0.4735,0.8814,1.484,0.6648,1.7542,0.3502,2.6807,1.2948,-1.7159,-0.4438
0.2176,1.9044,-1.7619,2.4966,0.5339,0.3542,0.5444,1.3424,0.363,1.6004,0.6076,2.1801,1.9801,-1.4776,-0.513
-0.0035,1.7031,-1.6724,2.8225,0.5673,0.6259,0.6354,1.3782,0.4021,1.6986,0.5457,1.7929,2.0321,-1.5329,-0.5382
0.0141,1.7268,-1.3188,3.1424,0.7624,0.7401,0.472,1.3488,0.3183,2.0298,0.3455,1.8618,2.3998,-0.6862,-0.2704
-0.1177,1.6415,-1.2067,3.0071,0.9357,1.181,0.5022,1.1779,0.5165,1.4363,0.3503,1.5202,2.438,-0.213,-0.4345
0.1858,1.5272,-1.3134,3.0831,1.1408,1.1318,0.3605,0.8562,0.2224,1.6468,-0.2327,1.9877,2.6908,0.737,-0.5084
0.4155,1.848,-1.6329,2.9782,1.0781,1.3701,0.343,0.9062,0.4146,1.4354,-0.0389,2.2786,2.5548,1.1185,-0.2889
0.5348,2.1139,-1.7356,2.9731,0.7349,1.2546,0.472,1.0602,-0.1734,1.262,-0.1494,2.1721,2.2856,0.769,-0.1153
0.5352,2.2333,-0.7753,2.8995,0.4188,1.3026,0.5783,0.8189,0.3935,1.2103,-0.3635,2.3874,2.1426,0.8297,0.2723
0.5576,2.2276,-1.2266,2.4955,0.5173,1.1554,0.7549,1.1948,0.2475,1.4818,-0.3298,2.5074,1.8771,0.9166,0.2808
0.5297,1.9714,-1.3061,2.4968,0.4375,1.4203,1.2392,1.257,0.5656,1.1959,-0.2695,2.2694,1.5392,0.554,0.3791
0.6435,2.2999,-1.635,2.0545,0.5966,1.1687,1.0845,0.8159,0.6679,0.9483,-0.0828,2.186,1.5845,0.0551,0.3406
0.6944,2.222,-1.154,2.1654,0.7342,0.852,0.9761,1.3484,0.531,0.9897,0.0107,2.4502,1.8053,0.0442,0.3714
0.5828,2.273,-1.2574,2.1082,0.7897,0.749,1.0494,1.2738,0.5679,1.4133,0.014,2.5392,1.4138,-0.3192,0.4064
0.6135,2.2209,-1.2008,1.9553,0.7448,0.9052,1.0637,1.3809,0.5203,1.1825,0.0103,1.9702,1.4039,0.0647,0.497
0.639,2.1539,-1.2911,1.6894,0.8913,0.6762,0.7612,1.364,0.0406,1.5517,-0.1893,1.9199,1.4828,0.2014,0.62
0.5657,2.1651,-1.254,1.729,0.6906,1.128,1.0452,1.6395,0.3937,1.5739,-0.2775,2.1538,1.2729,0.4804,0.9383
0.7158,2.0841,-1.4104,1.7758,0.709,1.5865,1.049,1.7543,0.9138,0.3555,0.149,2.2458,1.3439,0.1573,0.9733
0.8674,2.2068,-2.577,1.4843,1.0231,0.7226,0.6422,1.4996,0.9546,0.2965,-0.2955,3.0128,1.2028,-0.448,0.7515
0.5951,2.1822,-1.9261,1.8749,1.4705,0.0185,0.911,1.8883,0.5128,0.8724,-0.7191,3.3439,1.2028,-2.0233,0.5586
0.2359,2.0771,-1.7954,1.7432,1.2427,0.0746,0.9009,1.5724,0.7955,1.2028,-0.3643,2.774,1.2094,-2.4706,0.6743
0.0777,2.0145,-1.4154,1.5761,1.0902,0.1129,1.1744,1.7671,1.7412,0.807,0.077,2.6173,0.8843,-2.3197,1.0987
0.1037,2.0053,-1.1896,1.2771,1.4272,-0.081,1.1392,1.6604,1.1441,1.0672,-0.0517,2.9145,1.6285,-2.2224,1.4017
0.2178,2.3194,-1.1423,1.2431,1.7675,0.2977,1.0644,2.1091,0.9838,1.0736,-0.0059,2.8091,1.3504,-2.0617,1.7108
0.3258,2.0649,-1.3931,0.862,1.7491,0.3841,1.1205,1.7092,1.2003,0.8967,0.1047,2.7626,1.6697,-1.6473,1.7529
0.5803,2.3052,-0.9094,0.5389,1.8875,0.0263,0.9171,1.8418,0.9966,0.9432,0.1064,2.6525,1.2901,-1.9577,1.7069
0.695,2.1899,-1.0051,0.6743,1.7139,-0.4407,1.0457,2.1739,0.6297,1.1185,-0.1763,2.8529,1.3174,-1.6297,1.6097
0.3489,2.154,-0.8929,0.977,1.6284,-0.0986,1.0547,2.6684,0.5537,1.605,0.0257,2.4231,0.9453,-1.5,1.7899
0.3422,2.33,-1.0775,0.9013,1.5456,0.4899,1.0816,1.9773,-0.1897,1.9304,-0.0203,1.871,1.074,-1.3512,2.0877
0.8194,2.261,-1.3243,0.672,1.1718,1.533,1.3056,2.1767,0.6941,1.7435,0.2799,1.7226,0.9296,-1.1883,1.6983
1.4555,2.2223,-0.9677,0.8939,1.0897,1.9903,1.513,2.0068,0.3155,1.2166,0.3005,1.7381,0.8675,-1.0204,1.303
1.8746,2.3324,-1.4827,0.5038,1.0094,1.5362,1.4989,2.2536,-0.1314,1.3984,-0.3332,1.9774,0.7125,-0.8818,0.8033
1.9007,2.2218,-1.0654,0.2205,0.4954,1.0273,1.7206,2.4696,-0.8839,1.2444,-0.8212,2.0774,0.4405,-1.2259,0.4751
1.5544,2.2065,-1.0662,0.7176,-0.0745,1.0891,1.6887,2.7743,-0.7448,1.8388,-0.8917,1.8839,0.2068,-1.4764,0.5596
1.0293,2.2461,-0.1716,1.0625,-0.3842,1.2369,1.6331,2.7264,-0.314,1.918,-0.5476,1.6772,0.2217,-1.9294,0.4476
1.1033,2.6721,-0.101,1.3693,-0.438,1.3926,1.7777,2.5762,-0.0899,1.621,-0.6976,1.7662,0.561,-1.1423,0.1757
1.074,2.4614,-0.0218,1.6103,-0.4779,1.5361,1.5733,2.5749,-0.2814,1.701,-0.7096,1.6143,0.4225,-0.725,0.1988
1.0537,2.3161,-0.2713,1.6687,-0.6886,1.8988,1.5124,2.5796,-0.2261,1.6115,-0.8964,1.9111,0.189,-0.5799,-0.1608
1.2311,2.1608,-0.6615,1.447,-0.6578,1.9001,1.8231,2.1426,0.2241,1.0866,-0.7894,1.4937,0.4766,-0.494,-0.3558
1.3646,2.0229,-0.4473,1.8845,-0.7373,1.0517,1.6294,2.3278,-0.6508,1.5705,-1.3201,2.2329,0.3557,-0.3659,-0.3955
0.9746,2.1381,-0.6216,2.2363,-0.9477,1.2014,1.5566,2.5106,0.103,1.3565,-0.7844,1.946,0.2264,-0.8259,-0.2332
0.9242,2.0496,-0.536,2.5122,-0.617,1.4734,1.8054,2.1,-0.1219,1.403,-0.6903,2.0216,0.3985,-0.7148,-0.2233
0.7381,2.2349,-0.7791,2.5375,-0.6341,1.4441,1.2362,1.9542,0.3024,1.283,-0.7258,1.9688,0.6213,-0.409,-0.427
0.7543,2.2892,-0.9622,2.4832,-0.4031,1.5943,1.1301,2.5012,0.1103,1.1159,-0.5173,2.2451,0.8805,-0.3014,-0.1767
0.8161,2.245,-0.6638,2.1263,-0.3239,1.4634,1.1653,2.1815,0.1876,1.1691,-0.4889,1.9331,0.9051,-0.4585,-0.2312
0.877,2.2942,-0.7168,2.1582,-0.3021,1.2766,1.6524,2.1215,0.1103,1.1288,-0.7338,1.9949,0.9422,-0.1858,0.1349
0.8082,2.2007,-1.0353,2.0614,-0.1493,1.4754,1.3961,1.7776,0.3166,1.2427,-0.6139,1.5696,0.9345,-0.0695,0.2355
0.702,2.2649,-0.963,1.8958,0.083,1.6722,1.8199,1.4696,0.0207,1.2565,-0.9426,1.7127,1.1233,-0.2807,-0.1537
0.389,2.2793,-1.1559,2.0524,-0.6819,1.3231,1.2601,2.0694,-0.3198,1.6957,-0.9088,2.1331,0.9969,-0.0171,-0.667
0.6388,2.0156,-0.8465,2.6121,-0.6642,1.8188,1.2445,2.1484,-0.0287,1.5931,-0.6963,1.9309,1.5133,-0.0574,-0.7176
0.8715,2.0545,-0.6662,2.8039,-0.5362,1.6425,1.1309,1.7626,-0.2288,1.3653,-0.5475,1.7569,1.5214,0.4971,-0.8771
0.8345,2.1527,-0.9006,3.0368,-0.9439,1.6629,1.1896,1.7163,-0.0247,1.4686,-0.4764,1.9717,1.3665,0.6422,-0.8743
0.7547,1.8905,-0.7631,2.7387,-0.7225,1.4597,1.2476,0.9536,0.0143,1.4212,-0.6676,1.8503,1.7042,0.9301,-1.0198
0.7107,2.0329,-0.7936,3.0309,-0.5114,1.4765,1.209,1.166,-0.3226,1.3126,-0.5888,2.1182,1.6831,1.043,-0.8473
0.5658,2.4348,-0.3184,3.1684,-0.7204,1.4664,1.0414,1.399,-0.3645,1.4281,-0.7543,2.508,1.6111,1.307,-0.8858
0.5246,2.1857,-0.8288,3.3,-0.9252,1.7725,1.284,1.034,0.1976,1.2778,-0.5354,1.9725,1.6083,1.3161,-0.7448
0.5501,2.3215,-0.3659,3.0237,-0.7464,1.4541,1.0223,0.7935,0.7747,0.8988,-0.4855,1.8932,1.4658,1.3297,-0.6572
0.6897,2.4945,-0.629,2.6654,-0.1277,1.1186,1.0505,0.8409,0.8581,0.648,-0.7075,2.0355,1.3258,1.4706,-0.3239
0.4706,2.3412,-0.5674,2.2689,-0.1213,0.3238,1.1741,0.9073,0.8414,0.7752,-0.8296,2.2334,1.4575,1.3335,0.1748
0.2417,2.2489,-0.341,2.0936,0.035,0.1604,0.9909,0.5349,0.9594,0.9554,-0.9783,2.7858,1.95,0.9487,0.4561
0.1048,2.3351,-0.5494,1.7906,0.2668,0.1478,1.2707,0.8142,1.0607,1.2427,-0.694,2.8955,1.994,0.6514,0.9031
0.4775,2.434,-0.8453,1.5975,0.3997,0.6542,1.1029,0.9472,0.3829,1.4357,-0.5187,2.3287,1.6503,0.506,1.2622
0.4228,2.1036,-0.5662,1.919,0.2582,1.2748,1.0762,1.2232,0.8919,1.1726,-0.4576,2.2448,1.7527,0.9249,1.5189
0.5963,2.0908,-0.8226,1.23,0.5422,1.6,1.1212,0.7255,0.4027,1.0972,-0.7099,2.2306,1.7802,0.9636,1.5508
1.0257,2.1812,-0.2916,0.654,0.7857,1.7418,1.229,1.1826,0.5628,0.7438,-0.9985,2.7216,1.8706,0.5868,1.5581
1.3757,2.4884,0.0255,0.6738,0.7613,1.4917,1.3867,1.3159,0.4971,0.5315,-1.0801,2.9683,1.678,0.4909,1.2621
1.4867,2.4142,-0.2411,0.4948,0.5981,1.1159,1.2188,1.7799,0.5201,0.602,-1.0301,2.945,1.1211,-0.1926,1.1348
1.4585,2.394,-0.5086,0.8762,0.3476,0.7761,1.2379,1.8327,0.3525,0.8798,-1.0556,3.224,0.9457,-0.4665,1.2764
1.1061,2.2377,-0.4186,0.8103,-0.0549,0.7808,1.4408,1.5829,0.3048,0.9198,-0.9778,2.6755,0.8529,-1.0829,1.2853
0.9248,2.2386,0.0071,0.7131,-0.0118,0.7061,1.3441,1.7158,0.2514,1.355,-1.1465,2.8154,1.0358,-1.8243,0.8223
0.7953,2.3346,-0.287,1.0261,-0.0942,0.9456,1.4948,2.0726,0.2539,1.073,-0.8648,2.6531,0.9273,-1.4755,0.6519
0.7757,2.4878,-0.4394,1.3907,-0.2327,0.9169,1.2055,2.0278,0.0798,1.4686,-0.663,2.7002,0.8257,-1.4182,0.4068
0.4991,2.387,-0.4118,1.6494,-0.0895,1.096,1.3261,2.1838,0.2284,1.6132,-0.6368,2.2463,0.712,-1.3553,0.2905
0.6364,2.3445,-0.3611,1.4622,-0.1992,1.146,0.9369,2.056,0.0159,1.4517,-0.6437,1.7212,0.6385,-1.1739,0.3105
0.7936,2.44,-0.2056,1.8122,-0.1683,1.457,1.1638,1.9544,0.2411,1.221,-0.7767,1.7945,1.1113,-0.4508,0.4699
0.8702,2.4922,-0.5655,1.6738,-0.3427,1.7552,1.2784,1.7225,0.2059,1.0058,-0.8706,1.9912,0.9399,-0.1124,0.16
0.8239,2.3863,-0.1359,1.7108,-0.3191,1.3362,1.2823,1.9151,0.2568,0.922,-1.2284,2.412,1.0137,0.0131,0.0398
0.8482,2.3845,-0.0292,1.5874,-0.5192,1.0084,1.1164,1.8955,0.7869,1.0783,-0.991,2.4658,1.0481,-0.0064,-0.102
0.7304,2.394,-0.2367,1.6547,-0.083,0.8509,1.0596,2.0126,0.8702,1.2715,-0.8805,2.612,0.6593,-0.0071,0.2759
0.6387,2.3708,-0.5341,1.877,0.0446,0.7402,1.0419,1.787,0.7312,1.1995,-0.6126,2.2723,0.8468,-0.2183,0.6517
0.4363,2.5602,-0.8165,1.7746,0.1474,0.7573,0.7937,1.5512,0.5651,1.3072,-0.4946,1.7877,0.203,-0.5982,0.7285
0.6693,2.4979,-0.9061,1.5147,0.0591,0.5921,1.1511,1.3195,0.1685,1.4427,-0.9171,2.0296,1.0132,-0.5571,1.0822
0.6688,2.5122,-0.5682,1.6536,-0.1082,1.3047,0.9825,1.2499,-0.0323,1.4059,-0.9637,2.169,0.9015,-0.7186,1.0059
0.926,2.5499,-0.2011,1.6445,-0.1286,1.5294,1.0381,1.3659,0.0324,1.3479,-0.9748,2.1104,0.9176,-0.4844,0.6083
0.9223,2.5696,-0.6235,1.569,-0.2825,1.631,1.2987,1.4969,1.035,0.4656,-0.5457,2.2537,1.0529,-0.6876,0.4545
1.0954,2.5491,-0.3957,1.3621,-0.1069,0.5951,1.2107,1.494,0.7547,0.715,-1.0988,2.7069,1.4066,-0.6786,-0.1508
0.4293,2.4736,-0.6621,1.4006,0.0693,0.1263,1.2135,1.7182,0.6352,1.2088,-1.1627,2.618,0.9696,-0.8203,0.1418
0.0429,2.5008,-0.572,1.634,0.0655,0.1377,1.104,1.5025,0.6967,1.1752,-1.0743,2.41,0.9277,-0.8998,0.5279
0.0734,2.2136,-0.4194,1.7131,0.2472,0.4174,0.9435,1.3659,1.1279,1.1519,-0.9768,2.0332,1.246,-0.3685,0.7455
0.2006,2.4502,-0.4936,1.5629,0.5573,0.632,1.0561,1.2727,0.686,1.4606,-0.8401,2.1926,1.31,-0.1323,0.6773
0.4037,2.3989,-0.562,1.555,0.4696,0.9257,0.6346,0.7901,1.9525,0.9083,-0.3266,1.9503,1.4963,0.0467,0.6497
0.6626,2.4961,-1.1056,1.0182,1.2428,0.0855,0.9437,1.0866,1.4643,0.3519,-0.5245,2.5685,1.611,0.6224,0.8716
0.5393,2.7405,-0.1991,0.4989,1.372,-0.4019,0.9614,1.4707,1.3243,0.741,-0.8857,3.0034,1.3592,-0.3628,1.1216
0.1035,2.686,-0.6567,0.5615,1.2002,-0.7165,0.8425,1.3836,1.1443,1.1542,-0.8057,2.5824,1.062,-0.6297,1.6639
0.0639,2.7055,-0.0227,0.7608,1.246,-0.2169,0.9352,1.475,0.9204,1.1149,-0.6591,2.4215,1.4614,-0.7615,2.2053
0.103,2.7045,-0.2255,-0.1719,1.4237,0.3066,1.1786,1.5738,0.4742,1.4232,-0.7538,2.4779,1.2352,-0.454,2.286
0.5085,2.6251,-0.0776,-0.1067,1.2451,0.8478,1.0988,1.7244,0.3084,1.7396,-0.7467,2.4097,1.0931,-0.5322,2.0738
0.9407,2.7396,-0.2264,-1.0887,0.9408,0.9895,1.0836,1.8165,0.3278,1.5345,-0.7534,2.0441,0.9872,-0.3147,1.934
1.0935,2.4512,-0.1929,-0.6671,0.7762,1.0989,1.2036,2.4437,0.4647,1.3663,-0.5663,2.2669,0.8119,-0.4753,1.6604
1.2701,2.4526,-0.1693,-0.315,0.7377,1.2581,1.3177,2.651,0.8817,0.9101,-0.7579,1.8299,0.502,-0.7807,1.5517
1.2972,2.7204,-0.4286,-0.6595,0.7121,0.7905,1.4238,2.4206,0.583,1.0162,-1.1251,2.0657,0.234,-0.9324,1.5321
1.198,2.3537,-0.4455,-0.3186,0.672,0.8332,1.9423,2.6448,0.7669,0.774,-1.1102,2.3704,0.3381,-1.2169,1.7201
1.1236,2.6803,-0.4557,-0.882,0.2437,0.4344,1.8109,2.8457,1.3243,0.7283,-1.1365,2.6295,0.0522,-1.5326,1.445
1.2265,2.7987,0.1295,-0.8848,0.519,-0.0562,1.8594,2.9437,0.8634,0.8495,-1.062,2.268,-0.1944,-2.3335,1.8252
0.8491,2.9197,0.1639,-0.5437,0.7468,0.1714,1.4896,2.7025,1.1389,0.8517,-0.9137,2.1243,-0.1156,-2.2797,2.052
0.5529,2.8065,-0.0321,-0.2756,1.0157,0.3592,1.6801,3.2068,1.1672,1.0556,-1.0473,2.6043,-0.1652,-2.2322,2.162
0.5399,2.6564,0.0025,-0.1193,1.087,0.5612,1.7051,3.0884,1.4431,0.7623,-0.8486,2.3411,0.1449,-2.2859,1.7182
0.51,2.8502,0.094,0.0105,1.377,0.0788,1.6154,3.0472,1.2315,0.9119,-0.8648,2.2833,0.1466,-2.3013,1.6562
0.2668,2.8733,-0.4242,0.1923,1.2561,0.1277,1.1754,2.6445,0.8844,0.7595,-0.9672,2.4344,-0.0247,-2.1694,1.6456
0.2978,2.9147,-0.5341,0.1784,1.0319,-0.106,1.1348,2.3475,0.3317,1.3422,-0.908,2.0587,-0.0147,-2.4587,1.8029
0.2805,2.7333,-0.9899,0.1921,0.7055,0.3268,0.9244,2.4081,0.8382,1.3956,-0.5968,2.088,0.2903,-2.1085,1.8742
0.3538,2.7014,-0.852,0.2693,0.6588,0.6376,1.1498,1.8271,0.3613,1.3898,-0.4838,1.8923,0.5553,-2.5497,1.4947
0.5287,2.5263,-1.0608,0.5886,0.366,0.9807,1.1161,1.9196,0.1407,1.6778,-0.6613,1.668,1.214,-2.1274,1.2629
0.4313,2.6015,-1.4725,0.6561,-0.0136,0.981,1.1255,1.9184,0.7738,1.5061,-0.6362,1.5985,1.1423,-1.3702,0.6579
0.7488,2.7103,-1.1729,0.6656,0.1607,0.6511,1.0753,2.1391,0.6066,1.3272,-0.8073,1.7284,0.4642,-1.4236,0.8237
0.7503,2.6122,-0.8779,0.5482,0.1758,0.5042,1.1646,2.389,0.7339,1.3359,-1.1143,1.6196,0.7334,-1.2782,1.0097
0.5364,2.5366,-0.681,1.0987,-0.096,0.695,1.1818,2.2849,1.1321,1.7874,-0.9633,1.6899,0.6168,-0.9492,1.1258
0.3885,2.6803,-0.3986,1.2911,0.2161,1.0045,0.6258,2.2499,1.1688,1.3041,-0.6276,1.9957,1.1819,-0.6231,1.0847
0.379,2.6733,-0.9049,0.6256,0.2562,0.5498,0.8178,1.9943,0.4509,2.2357,-0.8916,1.6458,1.1373,-0.1267,1.0518
0.4442,2.6683,-0.9305,0.7295,0.0555,0.931,0.7881,2.3872,0.34,2.5249,-0.4293,1.5627,1.1174,-0.2698,1.1046
0.7832,2.5201,-0.6034,0.7841,-0.1646,1.5263,1.0301,2.3288,0.7802,1.654,-0.1462,1.144,0.8438,-0.6808,0.7001
1.0601,2.6667,-0.7243,0.9756,-0.0285,1.1205,0.4672,2.2714,-0.2726,2.063,-0.6795,1.5689,0.6313,-0.5359,0.332
0.8361,2.6368,-0.4811,1.3304,-0.4571,1.5503,0.7984,2.0377,0.4306,1.7076,-0.5248,1.4247,0.4656,-0.6602,0.1149
0.905,2.5707,-0.4359,1.3349,-0.4085,1.2802,0.9215,2.032,0.5101,1.483,-0.5803,1.5769,0.6401,-0.365,0.0334
0.8466,2.9315,-0.8693,1.1247,-0.4167,0.9834,0.9842,1.8551,0.371,1.7311,-0.7063,1.6751,0.4136,-0.2308,-0.0014
0.7899,2.7055,-0.6522,1.4466,-0.7516,1.1997,1.1001,1.5328,0.589,1.7538,-0.6275,2.1673,0.2518,-0.6329,-0.0692
0.971,2.8008,-0.4755,1.41,-0.8013,1.1934,1.1421,1.6161,0.9573,1.6427,-0.3787,2.2349,0.5221,-1.5019,-0.3988
0.9656,2.7073,-0.401,1.457,-0.6146,0.8327,1.2599,1.818,1.4332,1.2424,-0.3417,1.5558,0.5572,-1.3649,-0.5538
0.6869,3.0203,-0.9612,1.7352,-0.3892,0.2077,1.1703,1.8618,1.4256,0.8454,-0.6827,1.4398,0.9017,-0.9022,-0.2901
0.1586,3.0977,-0.6237,1.8044,-0.1267,-0.5414,1.098,1.5058,1.3158,1.4029,-1.1567,1.6447,0.8256,-0.6309,0.2809
-0.6214,2.9576,-0.3573,2.144,0.0599,-0.425,0.9283,1.6336,1.044,1.7093,-1.0464,1.0093,0.8521,-0.269,0.4805
-0.642,2.7776,-0.6169,2.0647,0.169,-1.3705,0.9025,1.6159,1.9493,1.9839,-0.7836,1.4999,1.1569,0.2334,0.966
-1.0311,2.6146,-0.1675,2.4703,0.8559,-0.4248,0.7079,1.2448,1.5662,1.6378,-0.3771,1.3516,1.5354,0.8205,2.0064
-0.7993,2.6556,-0.2798,1.5341,1.2856,0.3508,0.6496,0.8735,1.1634,1.9623,-0.5436,1.5807,1.9651,1.3934,1.8354
-0.2529,2.8727,-0.5303,1.115,1.4153,0.8726,0.558,0.7513,0.9789,1.8278,-0.395,1.4582,2.1388,1.7389,1.9614
0.3092,2.8056,-0.5834,0.2455,1.3445,1.102,0.5657,1.0324,1.111,1.3869,-0.3997,1.6992,2.465,2.3004,1.9824
