x0,x1,x2,x3,x4,x5,x6,x7,x8,x9,x10,x11,x12,x13,x14
0.437,1.3559,5.5976,-0.1534,2.0155,-0.9522,-1.1593,6.5165,-0.2206,-2.5019,3.1998,-0.806,-4.0117,-7.5204,-3.2666
0.2169,1.7948,6.5378,-0.5564,2.3983,-0.6987,-0.8446,7.1889,-1.5902,-1.6324,3.7397,0.4495,-4.0356,-8.6074,-1.7656
0.1967,2.3537,6.8523,-0.9576,2.8717,-0.9212,-0.2184,8.0712,-2.7442,-0.7455,4.2809,2.064,-4.5943,-8.7643,-0.3274
0.1594,2.181,7.5709,-0.9062,3.3586,-0.6962,0.0639,8.1067,-3.9241,-0.164,4.7195,2.8456,-4.2186,-9.0907,0.9592
0.4713,2.5567,7.8495,-1.5939,3.4283,-0.2911,0.8844,8.2324,-4.6434,0.645,4.9965,3.9076,-4.2623,-9.037,2.9943
0.0463,2.8514,7.6143,-1.6871,3.926,-0.3167,1.5775,8.4809,-4.9071,2.3059,5.0177,4.5503,-4.2128,-8.2389,4.686
0.1911,4.0303,8.66,-1.9012,3.8472,-0.2655,2.0839,7.7297,-5.3857,3.603,5.1745,5.1956,-3.5185,-7.8912,6.0198
0.1447,3.5634,8.0433,-2.8996,3.6073,-0.3395,2.5377,6.8843,-6.0027,4.5931,4.5174,5.633,-2.6126,-6.8648,7.4161
-0.1428,3.1256,6.63,-2.7521,3.3796,-0.0421,2.7917,5.9061,-6.3413,4.865,4.2728,5.4296,-1.9894,-5.7861,8.317
-0.2284,3.0096,5.562,-2.2661,2.9149,-0.014,3.1018,4.4464,-5.8702,5.0015,4.2043,5.0785,-1.6061,-4.1062,8.8326
-0.2896,2.7361,4.4935,-2.0513,2.818,0.205,3.1415,2.8937,-5.4721,5.5981,3.4943,4.9921,-0.5718,-2.9326,9.438
-0.2614,2.225,3.3639,-2.0691,1.6915,0.5418,2.9961,1.4307,-4.8849,5.9103,2.6337,4.9571,0.2639,-0.8559,9.416
-0.474,2.0285,2.5988,-1.7002,1.005,0.7193,2.7523,-0.0971,-4.3274,4.2851,2.1055,4.4139,1.3361,0.7386,8.5373
-0.4709,1.4831,1.378,-1.4765,0.7734,0.7211,2.1451,-2.0866,-4.1071,4.3194,1.0899,3.7074,2.112,2.3606,7.5089
-0.3154,1.1203,-0.947,-1.2373,0.48,0.7098,1.7863,-4.0876,-3.6484,4.9096,0.4454,2.8479,2.508,4.5966,6.9461
-0.3838,1.1333,-3.2022,-1.1996,-0.4887,0.6998,1.6995,-6.1139,-2.419,4.6974,-0.5499,2.4235,3.3057,5.7041,6.2474
-0.5116,0.093,-5.7143,-0.7055,-1.6743,1.0006,1.2875,-7.1691,-0.6018,3.7213,-2.1854,1.4946,3.8898,7.4051,4.6517
-0.3814,-1.2933,-6.5804,-0.4629,-2.7209,0.7208,1.127,-8.0182,1.2282,2.1791,-3.5345,-0.2088,4.3238,8.5833,2.8828
-0.3584,-0.6364,-7.6298,-0.3221,-3.343,0.6571,0.4921,-8.7963,3.0122,1.7061,-4.6825,-1.5709,4.0432,9.6516,1.2736
-0.3698,-2.334,-8.2918,0.2655,-4.1916,0.3669,-0.1077,-8.6453,4.4315,-0.3152,-5.4049,-2.9856,3.7868,9.5346,-0.6393
-0.2931,-2.8879,-8.2613,0.8102,-4.1864,0.1604,-1.0609,-8.05,5.5104,-1.4057,-5.1668,-4.1912,3.9764,8.8752,-2.8574
-0.2001,-3.177,-7.5451,1.1629,-4.0039,0.2085,-2.0852,-7.7957,5.9335,-2.8096,-5.1049,-5.1289,3.5966,8.1048,-4.7185
0.2948,-2.6831,-6.8701,1.2766,-3.5571,0.1925,-2.5107,-7.4355,6.1382,-3.3664,-4.751,-4.6822,3.0056,7.065,-6.1599
0.257,-2.9384,-6.5416,1.4998,-3.3426,0.0475,-2.3308,-6.2662,5.9698,-3.4867,-4.2935,-5.1309,1.9252,6.3123,-7.1567
0.3738,-3.0193,-5.1388,1.527,-3.7372,-0.3649,-2.5638,-4.9442,6.3298,-4.3927,-3.683,-5.356,1.3792,4.6979,-7.4963
0.5979,-3.0398,-4.7053,1.5846,-3.0256,-0.4582,-2.6668,-3.6107,5.75,-4.3794,-3.1126,-4.9543,0.8706,3.692,-7.9692
0.5707,-2.1008,-3.5358,1.5311,-2.4185,-0.4194,-2.7187,-2.3155,5.5053,-4.563,-2.6162,-4.3975,-0.0283,2.6776,-7.6385
0.7047,-1.6875,-1.9165,1.1571,-2.2394,-0.6082,-2.4366,-1.1314,4.9037,-4.6877,-2.0765,-4.2721,-0.8216,0.8977,-7.5386
0.5568,-1.0997,-1.1315,0.7223,-1.3128,-0.6995,-2.4798,0.1303,3.8149,-4.1636,-1.511,-4.0388,-1.4302,-0.2483,-6.9173
0.4438,-1.4021,0.2394,0.6846,-0.7961,-0.8405,-1.9359,1.9933,3.709,-4.1382,-0.7254,-3.6206,-2.2605,-2.3232,-6.4597
0.2416,-0.952,1.9184,0.6856,-0.0187,-0.7409,-1.6727,3.6388,3.0501,-3.5476,0.1164,-2.9973,-2.8691,-3.8632,-5.4796
0.226,-0.1471,2.8792,0.2918,0.8481,-0.8104,-1.4198,5.1152,2.1793,-3.4265,0.8618,-1.7044,-3.3222,-5.4431,-4.7471
0.246,0.5462,5.1196,0.0296,1.6832,-0.9749,-0.9815,6.4507,1.0377,-2.3933,2.3299,-0.8672,-3.6958,-6.792,-3.2643
0.096,1.9064,6.2405,-0.5156,2.425,-0.8105,-0.6418,7.8775,-0.3096,-1.4632,2.7947,0.3063,-4.1224,-8.3816,-1.8598
0.1948,2.7678,7.4847,-1.3573,2.8931,-0.5622,0.0049,8.6284,-1.4401,-0.8336,3.5332,1.9623,-4.2136,-9.1339,-0.3644
0.0977,2.7981,8.1124,-1.9285,3.4406,-0.6035,0.5947,9.3432,-2.9733,-0.6771,3.9225,3.123,-4.3951,-9.4024,0.8814
0.0368,2.2775,9.0776,-1.9343,3.8965,-0.7442,1.0666,9.5808,-4.1038,0.4304,4.7219,3.858,-4.3693,-9.2638,3.0496
-0.1803,3.4684,9.1988,-2.1219,4.2398,-0.4333,1.955,8.8056,-5.458,3.1281,5.0336,4.6706,-3.9107,-8.7951,5.429
-0.3367,3.4397,8.188,-2.1648,4.4059,-0.1579,2.2557,7.7572,-5.9085,4.2454,5.0805,5.5084,-2.7605,-7.632,7.207
-0.3858,3.6501,7.2156,-2.0796,3.9993,-0.2518,2.4953,6.5016,-6.0283,4.5808,4.6792,5.8479,-2.313,-6.7436,8.1602
-0.493,3.2271,6.2538,-1.7621,3.5548,-0.3119,3.0939,5.4571,-5.7953,5.2047,4.0889,6.1782,-1.4189,-5.4882,8.7525
-0.5289,2.7854,4.9995,-1.7658,2.7572,-0.0541,2.9982,4.209,-5.6765,5.5443,3.743,5.8838,-0.6879,-4.1007,9.4167
-0.6552,2.6892,3.8822,-2.0478,2.1845,0.1393,2.461,2.5469,-5.3801,5.1894,3.2814,5.7023,0.0224,-2.5365,9.4997
-0.6448,2.3206,2.7629,-1.7204,1.7956,0.2878,2.3039,1.2102,-4.7404,5.0838,2.4124,5.9923,0.7038,-1.2222,9.0473
-0.7052,1.364,1.5237,-1.2328,1.403,0.6975,2.0971,-0.7633,-4.5812,4.8851,1.5373,5.4165,1.3945,0.1616,8.7521
-0.6015,1.1287,-0.7633,-1.3626,0.8397,0.8485,1.7756,-1.9383,-3.4678,4.3792,0.6242,4.0883,2.2657,1.7509,7.6252
-0.7891,1.7005,-2.2305,-1.359,0.1116,1.2148,1.4423,-3.4569,-1.9911,4.3017,-0.5462,2.6694,2.9122,3.7185,6.5778
-0.6132,0.6072,-3.516,-1.1238,-0.4021,1.3571,1.0003,-5.25,-1.184,3.2392,-1.7543,1.4432,3.3671,5.096,4.874
-0.7366,-0.127,-4.913,-0.9122,-1.3366,1.4135,0.783,-6.0145,0.085,2.5981,-2.8202,0.5147,3.5362,6.5056,3.2798
-0.7308,-1.8457,-5.9409,-0.357,-1.4872,1.6357,0.2663,-7.1734,1.3079,1.8469,-3.7461,-0.3873,3.6097,7.4908,1.8361
-0.4459,-2.7832,-6.9205,-0.1511,-2.6513,1.8354,0.4721,-7.8058,2.5713,1.2425,-4.3755,-1.8539,3.7089,7.9219,0.484
-0.2343,-2.847,-7.5102,0.1676,-3.1736,1.6041,-0.2556,-7.9838,3.7361,0.7729,-4.2534,-3.4417,3.9518,8.1476,-0.615
-0.1389,-3.2884,-7.7937,0.6755,-3.3103,1.6386,-0.537,-8.0388,4.707,-0.4881,-4.6339,-4.1274,3.7599,7.9346,-2.1985
0.0542,-3.1822,-7.1264,0.8783,-3.4597,1.3162,-1.0271,-7.7805,5.0693,-1.0348,-4.7432,-4.7438,3.5524,7.8375,-3.3212
0.0379,-3.0981,-7.0595,1.1507,-3.3731,1.0728,-1.6851,-7.4521,5.0806,-1.7683,-4.6364,-5.1019,3.716,7.4811,-4.4038
0.1208,-2.9347,-7.4296,1.0832,-3.5083,0.9001,-2.2385,-7.059,5.3339,-2.7384,-4.4655,-5.4153,3.057,6.6966,-5.3508
0.159,-2.8143,-7.045,1.2743,-3.225,0.8865,-2.3529,-6.4171,5.754,-3.1168,-4.3697,-5.4545,2.5104,5.7033,-6.2319
0.2902,-2.9392,-6.379,1.4202,-2.9989,0.6731,-2.6109,-5.1489,5.4147,-3.8905,-3.9596,-5.6497,1.9477,4.7644,-7.1156
0.5329,-2.4246,-5.5266,1.1544,-2.0043,0.5283,-2.6171,-4.0718,5.2742,-3.9369,-3.8879,-5.5127,1.2394,3.7203,-7.566
0.6506,-2.5099,-4.1102,1.6511,-1.8826,0.2729,-2.4298,-3.4692,4.7881,-3.5521,-3.0279,-5.5786,0.7571,2.2043,-7.2098
0.8523,-1.8363,-3.0079,1.3094,-1.6005,-0.2546,-2.1678,-1.8907,4.6241,-3.1194,-2.3429,-5.2995,0.1944,0.8034,-6.5786
0.7983,-1.4836,-1.7804,1.1489,-0.9503,-0.3508,-2.025,-0.314,4.0701,-3.2292,-1.5591,-4.4942,-0.6267,-0.3268,-6.1122
0.6103,-1.4128,-0.6848,0.9304,-0.4378,-0.7476,-1.9124,0.8493,3.4412,-2.98,-0.7052,-3.776,-1.3697,-1.8042,-5.6593
0.7072,-0.8022,0.9424,0.6979,0.0166,-0.979,-1.6193,2.7507,2.6864,-2.6105,-0.3251,-2.892,-2.6709,-3.753,-4.8903
0.5609,0.3872,2.255,0.2569,0.5727,-0.8982,-1.5301,5.1381,2.1412,-2.3474,0.4103,-2.3613,-3.3583,-5.0856,-3.9478
0.4734,0.458,4.9739,-0.0628,1.346,-1.1382,-1.0885,6.6322,1.3086,-2.9359,2.2559,-1.5851,-3.884,-6.6987,-2.6501
0.3721,0.7058,5.4947,-0.3827,2.4477,-0.9091,-0.9507,7.8121,-0.3099,-1.1593,3.4675,-0.2296,-4.1924,-8.0594,-1.2294
0.2889,2.0976,6.9945,-0.9301,2.9174,-1.0692,-0.2324,8.0735,-2.123,-0.1709,4.1656,1.3709,-4.4382,-8.6003,0.3833
0.5145,3.217,7.9546,-1.4977,3.6011,-1.0059,0.2438,8.0572,-3.6086,0.5353,4.5411,3.0676,-4.1077,-8.3774,2.1383
0.4043,3.3537,7.8221,-1.3478,3.834,-0.8147,0.9069,7.7704,-4.7414,1.3215,5.099,4.1615,-4.0469,-8.5431,3.5425
0.3247,3.5923,7.6967,-1.9372,3.8718,-0.8502,1.7217,8.5805,-5.0452,2.8337,4.9238,4.5641,-3.8983,-8.2995,5.4495
0.1066,3.472,7.6935,-2.5163,3.8094,-0.7114,1.9334,7.5629,-5.524,3.8216,4.8365,5.2167,-3.3028,-7.4459,6.9112
-0.3251,3.2754,6.6705,-2.3356,2.8191,-0.461,2.4539,6.2372,-6.0551,4.4853,4.5845,5.7203,-2.027,-6.5262,7.73
-0.1417,3.0138,5.7652,-2.3253,2.8024,0.0203,2.4608,4.9585,-5.6705,4.4763,4.0201,5.5757,-1.5324,-4.7599,8.5203
-0.2275,2.6081,4.497,-2.1407,2.3898,-0.0905,2.9217,3.7653,-5.4631,5.1538,3.3732,5.4302,-1.0054,-3.6602,8.8691
-0.3647,2.6716,3.3674,-2.0783,1.9316,0.1861,2.7661,2.5693,-5.0944,5.1248,3.2257,4.7656,-0.2438,-2.2867,9.1109
-0.3566,2.6473,2.3772,-2.0677,1.403,0.5836,2.6877,1.0601,-4.4562,4.9177,2.8349,4.1812,0.5114,-0.8051,9.3933
-0.3115,1.0622,1.3835,-1.6477,0.989,0.6529,2.3978,-1.0916,-4.1751,4.7364,2.2033,3.7221,1.3238,0.5896,8.8116
-0.2501,0.743,-0.1651,-1.7417,0.6419,0.988,2.0307,-2.8324,-3.4058,5.2458,1.4698,3.3243,2.3324,2.6746,7.9234
-0.3083,1.0328,-2.0806,-1.549,-0.239,1.5462,1.8864,-5.1501,-2.8405,5.2651,0.4062,3.0177,3.2916,4.8708,7.3355
-0.2525,0.0815,-4.7435,-1.1935,-1.0493,1.4804,1.4601,-6.9498,-2.0562,4.7757,-0.9879,1.9121,4.1655,7.2437,6.4115
-0.0491,-0.9632,-6.5807,0.0375,-2.1212,1.3878,1.1957,-8.3854,-0.2256,3.9215,-2.102,0.7437,4.5436,9.0564,4.9492
-0.097,-2.0463,-8.0912,0.3518,-3.1591,1.1241,0.8387,-10.1394,0.7877,2.7557,-3.0293,-0.491,4.95,9.4793,3.3417
-0.084,-2.885,-9.5002,0.6786,-3.9988,0.7916,0.4812,-10.1607,3.0319,2.251,-3.9457,-1.8531,5.1379,10.7285,1.9056
0.0983,-3.301,-10.0159,0.7313,-4.6363,0.8686,-0.22,-10.9597,4.5087,1.2034,-4.6447,-3.7489,5.1399,10.9758,0.2692
0.2975,-3.9741,-10.7784,1.1894,-5.0773,0.8133,-0.9962,-11.1764,5.4817,-0.0048,-4.8799,-4.9954,5.2624,11.2567,-1.7958
0.3987,-3.63,-10.271,1.2678,-5.0146,0.3881,-1.9555,-10.91,6.5847,-1.351,-5.5885,-5.7055,4.8779,11.0994,-4.0031
0.4047,-3.9931,-9.9816,1.6854,-4.9284,0.2184,-2.3571,-10.2165,7.0997,-2.6964,-5.184,-6.2286,3.9554,10.5673,-5.8422
0.4005,-4.1502,-9.9845,1.499,-4.4029,-0.1204,-3.4924,-9.0189,7.3958,-3.667,-5.0681,-6.6353,3.3913,8.846,-7.433
0.4677,-3.6695,-8.9867,1.5697,-4.1206,0.0959,-3.6844,-7.726,7.7057,-4.0687,-4.8496,-6.9734,2.2887,7.2726,-8.6557
0.5788,-3.6559,-7.8604,2.07,-3.8067,-0.0059,-3.4074,-6.241,7.4492,-4.9553,-4.1062,-6.8984,1.4635,5.7394,-9.6136
0.6073,-3.513,-6.666,1.9354,-3.355,-0.1629,-3.4814,-4.604,7.2322,-5.071,-3.2992,-6.1154,0.7147,3.6465,-9.6454
0.6933,-2.7278,-5.0288,1.2461,-2.9846,-0.3521,-3.022,-2.7957,6.4266,-4.9513,-3.1973,-5.7726,-0.0606,1.9178,-9.3966
0.8982,-2.24,-3.6788,1.4851,-2.3684,-0.5377,-2.7354,-1.1448,5.787,-5.0111,-2.3175,-5.2758,-1.1213,0.7258,-9.3955
0.872,-1.8256,-2.0331,1.178,-1.9371,-0.742,-2.7695,0.6144,5.0678,-5.9659,-1.3164,-4.8169,-1.0507,-0.9086,-8.8644
0.9079,-1.3876,-0.09,0.7795,-0.9117,-1.0139,-2.8598,2.193,3.8436,-5.4342,-0.4092,-4.0301,-2.1328,-3.1933,-7.9258
1.0637,-0.6224,1.4131,0.0708,-0.1967,-1.2153,-2.6053,4.4288,3.3169,-4.5341,0.6455,-3.049,-3.3374,-5.1053,-6.7988
0.8484,0.0992,3.526,-0.1846,0.6902,-1.0759,-2.0422,6.3001,2.407,-3.7856,1.8702,-2.6507,-4.2758,-6.4294,-5.3981
0.6692,0.9506,5.6201,-0.7053,1.6606,-1.111,-1.618,7.9219,1.2266,-3.6081,3.1097,-1.2544,-4.8097,-7.7059,-4.6469
0.6899,1.7243,7.0909,-1.1218,3.0536,-1.061,-1.0829,8.3382,-0.7023,-2.496,4.0551,0.1798,-5.0176,-8.9369,-2.8582
0.7547,2.3374,8.0092,-1.8065,3.9018,-0.9845,-0.5554,9.1602,-2.4429,-1.1582,5.0954,1.584,-5.1796,-10.0783,-0.9287
0.7219,3.3245,8.6902,-1.3184,4.2231,-1.3774,0.6275,9.8484,-3.53,0.7192,6.0424,2.6381,-4.9854,-10.4754,1.2927
0.5731,3.513,9.4218,-2.0261,4.362,-1.5898,1.1357,9.6366,-4.7465,1.8484,6.4487,4.3634,-5.029,-10.3122,3.8944
0.515,3.9405,9.1866,-2.4198,4.7101,-1.2329,2.2223,8.9557,-5.6938,3.3069,6.4812,5.7347,-4.3836,-9.5522,5.9779
0.0619,3.9934,7.7932,-2.9218,4.5152,-1.035,2.4758,8.5932,-6.0475,4.5687,5.9133,6.657,-3.9857,-8.636,7.9
-0.0177,3.8057,7.3373,-2.9829,3.9125,-0.9018,2.9868,7.7541,-5.8501,4.6527,5.2351,7.3156,-3.3113,-7.4011,8.7905
-0.0844,3.4546,6.6837,-2.8981,3.5105,-0.5641,3.1146,6.2688,-5.9747,5.0139,5.0007,6.8143,-2.2242,-6.2619,9.4521
-0.1424,3.6342,5.3739,-2.9358,3.1738,-0.1014,2.9621,4.757,-5.7646,5.3746,4.4471,6.1563,-1.4916,-5.1517,9.7682
0.0012,3.0799,4.4373,-3.0302,2.3035,-0.1583,2.5664,3.8225,-5.2381,4.9503,3.6398,5.7004,-0.7952,-3.4599,9.4181
-0.0613,2.4663,3.4025,-2.7039,1.9999,0.3224,2.67,2.1379,-5.0314,4.9244,2.5274,5.0985,-0.1368,-1.7464,8.6959
-0.0356,2.0813,2.6749,-1.9447,1.8998,0.4942,2.7522,1.495,-4.1244,4.6434,2.2695,4.3515,0.2869,-0.1763,8.1535
-0.0692,1.4578,1.6552,-1.6842,1.4471,1.0896,2.008,-0.6307,-4.1878,4.796,2.3029,3.6092,0.843,0.7858,7.7745
-0.0637,0.9358,-0.2252,-1.7524,1.0094,1.1618,1.9449,-2.3796,-3.5269,4.9328,1.4684,3.2029,1.7321,3.0473,7.1863
0.1304,0.6015,-2.2238,-1.5396,0.6128,1.0563,2.0737,-4.3874,-2.6522,5.1123,0.3382,3.1975,2.5445,4.7705,6.5437
0.1074,-0.2838,-4.2319,-1.0275,-0.5372,1.1355,1.7656,-6.4329,-1.4692,4.7659,-0.7604,2.0789,3.4187,6.0775,5.5315
-0.0106,-0.8865,-6.2573,-1.0049,-1.705,1.2147,1.183,-7.2191,-0.0974,4.1342,-2.1114,0.7152,4.0032,7.4753,4.2825
-0.0298,-1.7307,-7.3376,-0.5838,-2.6103,1.379,0.5518,-8.7593,1.2777,2.6587,-3.344,-0.7766,4.0441,8.8617,1.0956
0.2363,-2.8335,-8.5409,-0.2196,-3.3643,1.1094,-0.2661,-8.6715,3.1403,1.2336,-4.1632,-2.2229,4.2064,9.6093,-0.328
0.4172,-3.0666,-9.3096,0.4552,-4.0577,1.2028,-0.6847,-8.7679,4.5828,-0.0551,-4.7335,-3.7773,4.0318,9.2814,-2.4324
0.4246,-3.5763,-8.8753,1.0336,-4.2002,1.1132,-1.0431,-8.5851,5.4767,-1.1438,-4.8363,-4.7442,3.6828,8.7674,-3.9398
0.7301,-3.3701,-8.3461,1.349,-4.0917,0.7177,-1.4682,-7.6459,5.9526,-2.7003,-4.6512,-5.293,2.9847,7.916,-5.8039
0.9972,-3.8868,-7.0589,1.6819,-3.7115,0.5769,-1.8773,-6.8786,6.2117,-3.2447,-4.0446,-5.4383,2.6091,6.2781,-6.6834
1.0177,-2.3152,-6.69,1.1186,-3.196,0.3265,-2.1027,-5.9766,5.8395,-2.9026,-3.8891,-5.6025,1.853,5.1134,-7.0005
1.0887,-2.7536,-5.6714,1.3567,-2.7271,-0.0756,-2.0558,-4.3397,6.0125,-3.323,-3.0374,-5.4239,0.7737,3.9812,-7.1899
1.074,-2.4058,-4.5109,1.3129,-2.3713,-0.3247,-1.9062,-2.7775,5.8341,-3.6448,-2.8099,-5.2262,0.1956,2.4725,-7.3678
1.2887,-2.2202,-3.1347,1.2345,-2.0183,-0.568,-2.0198,-1.5367,5.1848,-3.5605,-2.3422,-4.4444,-0.3509,0.9614,-7.1588
1.4306,-1.2691,-1.8857,0.459,-1.6283,-0.4906,-1.5765,0.0339,4.5769,-3.3965,-1.3897,-4.213,-1.2567,-0.7431,-6.7725
1.2809,-0.9956,-0.7944,0.8573,-1.451,-0.6742,-1.3597,1.7779,4.0186,-3.8494,-0.6039,-3.3742,-2.254,-2.4355,-6.4329
1.073,-0.4995,1.2184,0.4249,-0.7568,-1.0541,-1.445,3.9909,3.6309,-3.8335,0.3747,-2.8816,-3.0574,-4.0115,-5.9834
1.0801,0.1857,3.5054,0.1851,0.1287,-1.0787,-1.1727,5.9891,2.7896,-3.5379,1.8669,-1.4351,-4.079,-5.6925,-5.1368
0.8655,0.6576,5.6836,-0.1359,1.6242,-0.9342,-0.9405,6.4214,0.2868,-2.155,3.289,-0.4966,-4.5378,-7.2315,-3.4523
0.8027,2.0517,5.8253,-0.7199,2.6941,-1.0125,-0.7553,7.4396,-1.2329,-0.9554,4.1748,0.5876,-4.777,-7.9531,-1.7773
0.5932,2.8619,6.4718,-1.327,3.1203,-0.9005,-0.2677,8.0294,-2.2659,-0.3611,4.481,2.181,-4.6786,-8.9353,-0.5334
0.3256,2.8239,7.0925,-1.6,3.5415,-0.6327,0.6811,8.5328,-3.2097,0.0051,4.9451,3.42,-5.0572,-8.8488,0.7443
0.5328,2.9273,7.6072,-2.1086,4.0367,-0.972,1.2336,8.6994,-3.7832,1.2059,5.1446,4.3144,-4.6917,-8.6501,2.6358
0.4408,3.0081,7.9063,-2.0581,3.9487,-0.859,1.9535,8.6458,-4.5242,2.9504,5.7207,5.2573,-4.2282,-8.6022,4.8826
0.2661,3.595,7.8447,-2.4903,3.3868,-0.9319,2.3034,7.7453,-5.3012,3.6457,5.4084,5.8326,-3.6355,-7.7861,6.5872
0.1727,3.5829,7.3968,-2.5913,3.3165,-0.653,2.5221,6.9275,-5.7324,4.1625,5.3968,6.1035,-3.0161,-6.4928,7.0084
0.0777,3.3944,6.4117,-2.3262,3.3515,-0.5771,2.4361,5.9296,-5.7865,4.2768,5.3133,6.391,-2.4706,-4.9449,8.0223
-0.0511,3.3748,5.7118,-2.4294,3.4786,-0.3492,2.6216,3.9841,-6.0279,5.1304,4.8246,6.4577,-1.5708,-3.6427,8.6277
-0.1563,3.6116,4.171,-2.5758,3.0234,0.0245,2.5821,2.6449,-5.7336,6.1528,4.2699,6.1997,-0.5716,-2.1204,8.911
-0.1057,3.061,2.3394,-2.2722,2.3524,0.3525,2.5832,0.3233,-5.5215,6.4871,3.116,5.6421,0.4701,-0.4617,8.9351
-0.2895,2.0303,0.5653,-1.753,1.6637,0.3468,2.6559,-1.1313,-4.4177,6.2462,2.3517,4.7554,1.164,1.2398,8.5522
-0.313,1.443,-1.1618,-1.9013,1.0071,0.5025,2.392,-3.026,-3.4134,5.6605,1.1456,4.3585,2.5064,3.3956,7.7171
-0.2091,0.9145,-2.8558,-1.3211,-0.2275,0.6841,2.0963,-4.6241,-2.2267,4.7806,-0.0337,3.4222,3.0836,5.126,6.6075
-0.1775,0.0538,-4.6525,-1.0564,-1.2266,0.8852,1.8832,-6.2315,-1.016,4.6414,-1.4458,2.0427,3.6764,6.917,5.7011
0.104,-1.0068,-6.7602,-0.3195,-2.0668,1.0594,1.1444,-7.7049,0.4244,3.8899,-2.6812,0.9611,3.9356,8.2973,4.0605
0.2333,-1.932,-7.466,0.2417,-3.0853,1.1181,0.4475,-8.7392,1.8823,2.604,-3.5373,-0.511,4.6349,9.407,2.5748
0.1586,-2.3981,-8.427,0.9873,-3.3685,1.1605,0.0501,-9.57,3.0799,2.3242,-3.9314,-2.4949,4.3916,9.9953,0.8035
0.4952,-2.6254,-9.0366,2.0693,-3.9053,0.9148,-0.6197,-9.3707,4.7465,1.2549,-3.8251,-3.5435,4.4766,10.2074,-0.5403
0.5767,-2.7459,-8.9888,1.976,-4.1413,0.7845,-1.1505,-9.5319,5.2012,0.287,-3.9753,-4.9212,4.0662,9.5458,-2.2329
0.6274,-3.1676,-8.5182,1.9483,-4.4758,0.6009,-1.8671,-9.1209,5.9413,-1.9521,-4.0989,-4.9894,3.5369,8.9741,-4.1671
0.4665,-2.7994,-8.4415,2.3314,-4.0329,0.6176,-2.5115,-8.1403,6.2457,-2.2863,-3.839,-5.022,3.1372,8.3177,-5.595
0.6331,-2.7746,-7.9047,1.7424,-3.7184,0.4929,-2.537,-7.5167,6.3706,-3.3416,-4.0112,-5.5616,2.3411,6.8244,-6.8279
0.9209,-2.8621,-7.0614,1.8325,-3.6261,0.3616,-2.3501,-6.1967,6.6283,-3.9936,-3.6237,-5.595,1.8146,5.6242,-7.574
0.8925,-2.7572,-5.7699,1.7386,-2.8606,0.2487,-2.3314,-4.4103,6.7636,-3.9683,-3.1093,-4.1925,0.8104,4.2802,-7.9607
0.9419,-2.3613,-4.5228,1.6062,-2.6646,0.1284,-2.4007,-3.033,5.832,-4.0139,-2.1803,-4.3722,0.0325,2.5366,-8.3456
0.8848,-1.4621,-3.0738,1.2558,-2.037,0.1674,-2.0125,-1.8049,4.777,-3.7761,-1.3927,-4.4428,-0.6298,1.406,-7.9375
0.7006,-1.1021,-2.2773,1.0839,-1.6959,0.3786,-1.8791,-0.1032,4.6887,-4.1418,-0.8235,-4.1916,-1.4434,-0.1353,-7.0244
1.0515,-0.7977,-0.8086,0.9686,-1.1976,0.12,-1.6689,1.5979,4.3081,-3.9844,-0.0712,-3.5435,-2.4017,-1.9716,-6.3289
1.0277,-0.4114,0.8567,1.5555,-0.3581,-0.066,-1.3505,3.4701,3.4836,-4.1705,1.4309,-2.6845,-2.8561,-3.7279,-5.4815
0.8545,0.9532,2.3098,1.2466,0.6745,-0.1458,-1.1988,4.4668,2.0661,-3.14,2.9929,-2.2318,-3.1048,-5.3301,-3.8591
1.019,1.3603,3.8551,0.3084,1.199,-0.5323,-1.181,5.8432,1.1532,-2.6656,3.5803,-0.8237,-3.5883,-6.8046,-3.031
0.9018,2.2859,5.2273,-0.6828,1.9348,-0.2402,-0.5514,6.6512,-0.1493,-1.532,4.0157,0.3425,-4.0935,-7.8559,-1.588
0.7473,2.6764,6.1771,-0.629,2.5072,-0.1343,-0.0418,6.8052,-1.6517,-0.8876,4.9754,2.1881,-4.0974,-7.9786,-0.2104
0.7149,3.2541,6.3791,-1.2057,2.9446,-0.2041,0.5568,7.7392,-2.8341,0.1233,5.1448,3.3814,-4.5623,-8.0939,1.0736
0.6645,3.8295,6.9316,-1.4147,3.3539,0.0723,1.1723,7.4559,-3.6615,0.5361,5.2778,4.1411,-4.0358,-8.1469,2.3136
0.5376,3.7785,6.6927,-1.9224,3.5422,-0.0755,1.8061,6.9134,-4.255,1.7999,5.1939,4.9772,-3.5415,-7.8169,4.1799
0.2862,3.894,6.4653,-1.7592,3.171,0.0405,1.9042,6.3227,-4.673,2.6224,5.4591,5.6325,-2.768,-6.9999,5.3082
0.0953,3.6772,5.6979,-1.9679,3.3015,0.1968,2.27,5.497,-4.963,3.6604,5.1192,5.9311,-1.9852,-5.9493,6.4822
0.016,3.7965,5.0438,-2.2062,3.0925,0.3833,2.2551,4.3544,-5.1895,4.5543,4.6833,5.94,-1.5232,-4.6533,7.2669
0.0612,3.3544,4.1476,-2.0759,2.7988,0.2327,2.7813,3.2622,-4.98,4.856,4.2344,5.9547,-1.3692,-2.2094,7.756
-0.1516,2.7226,3.1536,-1.4724,2.1759,0.6158,2.6997,1.4236,-4.9561,5.0715,3.8914,5.5699,-0.2708,-0.9544,8.2466
-0.2058,2.4292,1.2224,-1.4437,1.986,0.9216,2.4563,-0.5115,-4.8045,5.504,3.0222,5.1262,0.9244,0.7295,8.2942
-0.1712,1.9695,-0.3846,-1.3263,1.5751,0.9754,2.1545,-2.3686,-3.9437,5.7323,1.9699,4.6424,1.9515,2.7517,8.2044
-0.2528,1.3886,-2.0536,-0.8814,0.8053,1.1811,1.8906,-4.4749,-2.9902,5.9529,1.2482,3.9457,2.7512,4.5018,8.014
-0.2589,0.5802,-4.5376,-0.8768,-0.0204,1.3284,1.728,-6.0926,-1.7766,5.7363,-0.012,3.1259,3.3144,6.0997,7.2287
-0.2682,-0.1714,-6.3878,-0.3349,-1.4475,1.628,1.3747,-7.7794,-0.6457,5.2353,-1.5746,1.9841,3.7445,7.4663,6.1833
-0.0235,-1.7191,-7.5436,0.1197,-2.8334,1.3837,0.9465,-8.4174,1.1116,3.7604,-2.6298,0.5729,4.2767,8.9771,4.688
-0.1011,-2.4247,-8.5458,0.4914,-3.7107,1.2775,0.2548,-9.1807,2.7585,2.7021,-3.4661,-0.9798,4.3934,10.1084,2.8021
0.22,-2.6504,-9.1094,0.8012,-4.1965,1.3666,-0.575,-9.4487,4.245,1.1578,-4.2408,-1.1207,4.3666,10.4519,0.6183
0.251,-2.7283,-8.89,0.8619,-4.4466,1.2197,-1.2322,-9.574,4.8674,0.191,-4.6961,-2.9026,3.938,10.0675,-1.6347
0.3973,-2.9931,-8.956,1.7546,-4.8272,1.7487,-1.6563,-9.3742,5.3993,-1.6592,-4.6487,-4.276,3.6729,9.6467,-4.0381
0.5483,-2.979,-8.9116,1.6581,-4.6967,1.4827,-2.1628,-8.6195,5.8863,-3.2772,-4.5045,-5.1488,3.1314,8.9491,-6.227
0.6343,-2.6701,-8.4538,1.823,-4.237,1.7491,-2.3614,-8.1457,6.285,-4.1339,-4.2079,-5.7757,2.401,7.747,-7.9842
0.8639,-2.6514,-7.7799,1.4691,-3.4756,1.3954,-2.1975,-6.7975,6.5658,-4.2394,-4.0283,-5.8687,1.7996,6.3124,-9.1098
0.9137,-2.5101,-6.8222,1.5454,-3.2033,1.1115,-2.0154,-5.1634,6.6853,-4.6064,-3.5239,-5.6824,1.3691,4.7621,-9.1741
1.0199,-2.0785,-5.4726,1.3654,-2.6541,1.0704,-2.0531,-3.4227,6.508,-4.2071,-2.8812,-5.7373,0.6954,2.939,-9.0292
0.9055,-2.1647,-3.8852,1.4456,-2.2958,0.8393,-2.1366,-1.8563,5.993,-4.3084,-1.8157,-5.4311,0.1077,1.0664,-8.3348
0.933,-1.0064,-2.6291,0.9467,-1.6218,0.8939,-1.8838,-0.5708,5.1835,-3.5806,-0.9918,-4.5661,-0.9569,-0.3843,-7.6512
0.8085,-0.6014,-1.4658,0.6823,-1.9128,0.5751,-1.8034,1.0815,4.5221,-4.1503,-0.3713,-3.5179,-1.9995,-1.7172,-7.3502
0.7351,-0.3584,-0.2561,0.7534,-1.2691,0.7328,-1.7762,3.0241,4.1026,-4.8095,0.4685,-2.5538,-2.7413,-2.9441,-6.6649
0.8615,0.4445,2.3909,0.3054,-0.348,0.7086,-1.3652,4.5773,3.1725,-4.0928,1.5523,-1.8113,-3.2103,-4.694,-5.924
0.8518,0.5104,4.3335,0.1662,0.6856,-0.0757,-1.0942,5.8294,1.6273,-3.8699,3.0188,-1.1584,-4.0433,-6.1401,-4.8903
0.8045,1.2894,5.8946,0.2472,1.7898,-0.0146,-0.754,6.9325,0.155,-2.3241,4.6378,-0.0395,-4.1825,-7.1814,-3.2132
0.7692,2.7948,6.5984,-0.5047,2.8966,-0.0289,-0.0531,7.2632,-1.8001,-0.745,5.339,1.3959,-4.541,-9.091,-1.5724
0.8659,3.5239,7.2982,-1.2244,3.1663,-0.1892,0.2712,8.0672,-2.739,0.2483,5.7811,2.8762,-4.943,-9.1563,0.2032
0.7508,4.2748,7.6412,-1.7306,3.4925,0.1207,0.9602,8.0619,-3.6444,1.076,5.757,3.9934,-4.7893,-8.4415,1.5727
0.5608,4.2392,7.3966,-1.9182,3.5659,-0.0629,1.4713,7.7552,-4.4506,2.1811,6.0383,4.9341,-4.2576,-7.9906,3.8887
0.0391,4.4193,7.2919,-2.0945,3.4899,0.1102,2.1391,7.0857,-4.9143,3.3265,5.9456,5.918,-3.801,-6.98,5.0848
0.2327,4.1664,6.5453,-1.9339,3.4624,0.2224,2.4394,6.2407,-5.3856,3.8491,5.7282,6.1236,-3.0169,-5.9738,6.2876
0.0787,4.1433,4.1589,-2.1258,3.4182,0.1577,2.8277,5.2314,-5.7174,4.4083,5.1929,6.163,-2.0417,-4.9162,7.3942
-0.0949,3.587,3.4014,-1.8967,2.644,0.0366,2.8655,4.616,-4.382,4.9269,4.5488,5.7367,-1.5898,-3.7321,8.166
-0.2476,3.2293,3.0051,-1.6145,1.8113,0.3882,3.0391,3.0173,-3.8951,4.8269,4.0055,5.2675,-1.0492,-2.9268,8.2614
-0.296,2.8914,2.5178,-1.6107,1.7438,0.7195,3.1862,1.4944,-3.8439,4.944,3.822,4.9367,-0.234,-1.6192,8.224
-0.582,2.2524,1.1731,-1.5597,1.364,0.9269,3.2969,-0.0095,-3.5388,4.9992,3.4412,4.4286,0.4946,-0.0545,8.3254
-0.3207,1.969,0.3538,-1.8577,0.8767,1.1398,3.3232,-1.3516,-2.8643,5.3759,2.5834,4.0364,1.437,1.4866,7.7438
-0.3479,1.3263,-0.9026,-1.6635,0.2252,1.1541,2.8124,-2.8272,-2.0629,5.0931,1.7883,3.178,2.2794,3.2445,7.2484
-0.5036,0.8793,-2.422,-1.4446,-0.1478,1.1915,2.4782,-4.5456,-1.5343,5.4428,1.0651,2.7866,2.8444,5.0265,6.9238
-0.529,0.2862,-4.3624,-0.9616,-1.0138,1.3386,2.181,-6.4774,-1.0377,4.9406,0.0428,1.7721,3.5725,6.5725,5.9268
-0.3707,-0.2738,-6.0643,-0.8408,-2.0478,1.2505,2.1206,-8.0462,-0.0588,4.2151,-1.2703,1.485,4.107,7.664,4.5682
-0.0422,-0.8911,-7.7821,-0.6171,-2.8611,1.465,1.6362,-8.7239,1.3828,3.9467,-2.6015,0.0616,4.744,9.3626,3.3812
0.1234,-1.8774,-8.1363,-0.1638,-3.909,1.5759,1.2204,-9.6645,2.8963,2.8191,-3.4553,-1.28,4.6583,10.098,1.8326
0.1015,-2.514,-9.2317,0.4027,-4.2355,1.2893,0.4976,-9.7842,4.2963,1.7757,-4.4891,-3.2497,4.5102,10.8436,-0.0887
0.2337,-2.723,-9.5169,0.7728,-4.5132,1.3919,0.3319,-9.6215,5.4262,0.7172,-4.737,-4.6758,4.6509,10.7916,-2.1502
0.2236,-2.8633,-9.1767,1.3557,-4.7354,1.383,-0.5282,-9.787,6.044,-0.0934,-4.6317,-5.5062,4.6588,9.9655,-3.6558
0.516,-2.6604,-8.4832,1.5891,-4.6927,1.0823,-0.9634,-9.0169,6.6933,-1.4283,-4.3362,-5.8346,3.7439,9.2108,-4.9992
0.5363,-2.6901,-8.5054,1.1185,-4.3216,1.3088,-2.2,-8.4203,6.445,-2.4414,-4.0343,-6.2319,3.3687,8.2661,-6.0368
0.593,-2.7712,-7.7508,1.3418,-4.2108,1.0484,-2.4264,-7.6349,6.8011,-3.0457,-3.9467,-6.3683,2.2414,7.735,-7.2932
0.6712,-2.3031,-7.0464,1.6538,-3.8932,0.9961,-2.5386,-6.7133,6.6682,-3.4342,-3.2051,-6.1152,1.6613,6.2309,-7.7497
0.8181,-2.7429,-6.1576,1.6051,-3.3325,0.6876,-2.3712,-5.4201,6.5813,-3.7883,-2.3222,-5.9997,1.0316,4.8562,-7.8867
0.7682,-2.1049,-5.2085,1.374,-3.1164,0.696,-2.0959,-4.2771,6.2724,-3.3247,-2.1362,-5.35,0.0708,3.3309,-7.5912
0.7507,-1.6135,-4.2008,0.9437,-2.7455,0.2058,-1.9992,-2.5831,5.8867,-3.1786,-1.8279,-4.9717,-0.5466,2.1889,-7.507
0.622,-1.1097,-2.6185,0.7287,-2.5563,0.041,-2.1863,-1.2504,5.467,-4.0122,-1.1556,-4.7825,-0.9423,0.5939,-7.4211
0.6234,-1.0385,-1.4195,1.0064,-1.9482,0.1669,-2.1089,-0.0974,4.6779,-4.3094,-0.265,-4.3788,-1.7385,-0.9749,-6.8017
0.5562,-0.519,-0.3487,0.8589,-1.2388,0.276,-1.5876,1.7387,3.9151,-3.3996,0.4439,-3.5185,-2.5872,-2.333,-6.3274
0.8383,-0.0011,1.2668,-0.1765,-0.7534,0.0661,-1.283,3.7727,3.2887,-3.2267,1.1428,-2.7195,-3.3671,-3.9898,-5.6009
0.8973,0.8708,3.5305,-0.3871,0.0802,-0.0953,-1.0869,5.518,2.4968,-2.9568,2.1235,-1.3124,-3.7213,-5.3501,-4.7487
0.7259,2.0102,5.7166,-0.844,1.1566,-0.0643,-0.8104,6.2361,0.8437,-2.6356,3.3435,-0.4877,-4.2391,-6.9671,-3.4118
0.5235,3.0116,6.7387,-1.281,2.0257,0.0333,-0.3922,7.467,-0.7916,-1.5554,4.4961,0.5716,-4.6462,-7.3991,-1.7117
0.4111,2.8764,7.3944,-1.3801,2.6697,0.1221,0.1896,7.2609,-2.4933,-1.0384,5.4216,2.0273,-4.5529,-7.6997,-0.4801
0.3374,3.6184,7.2064,-1.74,3.558,0.1766,0.8944,7.6841,-3.4111,1.0376,5.7169,3.2445,-4.3612,-7.7032,1.3522
0.3775,3.8325,7.6962,-1.2013,3.2349,0.2734,1.6963,7.482,-3.9693,2.1943,6.2012,4.7422,-4.515,-7.6368,3.748
0.2187,4.6095,7.4585,-1.9278,3.3552,0.6202,2.253,7.0487,-4.7506,3.6599,5.9529,5.2942,-3.7006,-7.0163,5.3777
0.2565,4.1689,7.1887,-2.5404,3.0706,0.6926,2.8731,6.3449,-5.1629,3.9468,5.6266,5.6948,-2.913,-5.9697,6.6239
0.1258,4.003,5.8811,-2.3999,2.7653,0.7812,3.0054,5.1778,-5.3537,4.6307,5.1671,5.585,-2.1571,-5.0886,7.0798
0.1198,3.5097,4.871,-2.0908,2.4756,0.8007,3.0217,3.8476,-4.9917,5.3598,4.5843,5.4482,-1.3426,-3.7294,7.6837
-0.1256,3.3415,3.3847,-2.0297,1.9056,0.9499,2.9065,2.8786,-4.5571,5.6588,4.1232,5.0169,-1.1904,-2.2026,7.8803
-0.2909,3.379,1.9568,-1.8638,1.4107,1.0213,3.027,1.6547,-3.879,5.8571,3.2996,4.8048,-0.2243,-0.6809,8.0313
-0.3503,2.462,0.8273,-1.7595,0.559,1.509,2.8862,-0.1647,-3.5357,4.6322,3.0949,4.0497,0.7998,0.4344,7.7658
-0.1845,1.743,-0.6007,-0.6116,0.1979,1.5613,2.7334,-1.5871,-2.7415,4.9697,2.5784,3.5662,1.4881,2.372,7.0368
-0.0345,1.3884,-1.9138,-0.8326,-0.549,1.5966,2.5213,-3.5474,-2.1646,5.1554,1.753,2.6553,2.3416,4.4337,6.5957
-0.1533,1.6756,-3.7763,-0.3387,-1.4224,1.5418,1.904,-5.4708,-1.2718,4.4527,0.8828,2.2516,3.2192,5.958,5.7136
0.1558,1.1692,-5.3862,0.1271,-2.2973,1.5182,1.7062,-7.1176,-0.2072,3.3872,-0.1454,1.4784,3.7263,7.2637,4.485
-0.1895,0.331,-6.9451,0.1976,-2.8371,1.5003,1.3469,-8.3926,1.0353,2.7048,-1.6441,0.6345,4.2202,8.4078,2.9352
-0.0279,-0.8155,-8.425,0.4113,-3.6163,1.469,0.9001,-8.571,2.6944,2.0215,-2.766,-0.8742,4.3874,9.2604,1.1071
0.2957,-1.1765,-8.7271,0.7709,-4.0666,1.3155,0.3782,-8.892,4.288,1.0852,-3.5569,-2.5209,4.1755,9.7077,-0.4148
0.4466,-1.9349,-8.8503,1.1572,-4.3759,1.376,-0.1712,-9.1833,5.0795,0.275,-3.8903,-3.7006,4.1204,9.4606,-2.3343
0.3775,-2.3842,-8.7432,1.7643,-4.7511,1.3238,-0.6821,-8.382,5.9063,-0.9646,-3.8221,-4.9863,3.6349,9.273,-3.9024
0.599,-2.4477,-8.3723,1.2832,-4.4997,1.1625,-1.4677,-7.9144,6.2323,-2.0989,-3.9766,-5.7788,3.2782,8.3052,-5.3678
0.6569,-2.3345,-8.1231,1.4248,-4.5485,1.2726,-1.9873,-6.7009,6.9432,-3.1083,-3.814,-5.9779,2.4731,7.1219,-6.9637
0.931,-2.3575,-7.0949,1.6688,-4.1289,1.143,-2.3191,-5.7765,7.1255,-3.8692,-3.2419,-5.9953,1.3648,5.9333,-8.2302
1.049,-2.4023,-5.887,1.6448,-3.6893,0.961,-2.3432,-3.8814,7.1089,-4.238,-2.3642,-5.9686,0.3187,4.3144,-8.523
0.846,-2.1815,-4.3024,1.5773,-3.3387,0.9611,-2.1759,-2.56,6.9467,-4.5533,-1.9104,-5.3805,-0.5003,2.4166,-8.4471
0.7239,-1.5235,-2.8129,1.4177,-2.6461,0.9267,-2.0845,-0.8184,6.1634,-4.3921,-0.961,-5.1565,-1.1118,0.8539,-8.2147
0.9782,-0.7271,-1.6787,1.3918,-1.858,0.7995,-1.8231,0.6419,5.2209,-4.212,-0.0425,-4.7341,-2.0491,-0.7552,-7.6038
0.9946,0.0502,-0.0641,0.5802,-1.5599,0.5896,-1.8885,2.2431,4.9605,-4.8306,0.4849,-3.6807,-2.9382,-2.7405,-7.2545
1.0439,0.2527,1.9322,0.921,-0.7993,0.3891,-1.5628,4.133,3.9221,-4.7038,1.5709,-2.7178,-3.7268,-4.2283,-6.1643
1.1465,0.8793,3.5585,0.3212,0.2193,0.1986,-1.1535,6.0472,2.4855,-3.2024,2.8969,-1.7069,-3.9393,-5.7683,-5.0362
0.9904,1.9799,5.4208,0.0537,1.3225,-0.1813,-0.8179,7.0662,1.3607,-2.8891,4.1754,-0.5293,-4.536,-7.2059,-3.8039
1.042,2.9871,6.6893,-1.0376,1.851,0.1062,0.023,7.7885,-0.2892,-1.7469,4.7943,1.0103,-4.4907,-8.4243,-2.2269
0.9147,3.3091,7.4106,-1.0311,2.8844,0.1279,0.3861,8.4277,-1.841,-0.8906,5.3593,2.1029,-4.384,-8.9897,-0.8063
0.8539,3.7997,7.6864,-1.3253,3.3309,0.3653,0.8026,9.0285,-2.8512,0.049,5.818,3.0136,-4.5816,-8.9035,0.5869
0.9035,3.7772,8.2719,-2.1649,4.0024,0.3908,1.4571,8.7788,-3.6371,1.0979,6.1916,4.0669,-4.5367,-8.8815,2.6995
0.9392,4.188,8.2866,-2.6343,4.1699,0.2952,2.078,8.4437,-4.3314,2.8452,6.2291,5.1176,-4.1004,-8.3607,4.5303
0.6101,4.6687,7.6213,-2.669,3.6463,0.2608,2.6605,8.8739,-4.4252,4.0305,5.9891,5.6968,-3.6609,-7.9635,6.3007
0.4335,4.4807,8.0191,-2.5628,3.1184,0.392,3.1712,7.8811,-4.8235,4.2156,5.9334,5.5263,-2.9795,-7.0914,7.277
0.2299,4.0346,7.187,-2.5235,2.885,0.5372,3.3802,6.3503,-5.5404,4.3362,5.8548,5.9995,-2.1069,-6.1325,7.9323
-0.0305,4.0405,6.2305,-2.1781,2.6265,1.0292,3.5523,4.9577,-5.4122,5.2032,5.8273,6.3204,-1.7399,-4.2279,8.5883
-0.0472,3.8398,5.0881,-1.8919,2.5566,1.0805,3.2541,3.3334,-5.4499,5.272,5.3478,5.4836,-0.5794,-2.5054,8.7362
-0.1895,3.1635,3.734,-2.1039,2.1835,1.2219,3.1654,1.608,-5.1769,5.817,4.4568,5.4284,-0.0177,-0.7513,9.0262
-0.2821,2.7903,2.0121,-1.5398,1.9014,1.2774,3.1878,-0.1072,-4.4852,6.4481,3.732,5.0524,0.6819,0.8588,9.1492
-0.4191,2.1875,0.2436,-1.755,0.6851,1.4432,2.8494,-1.8072,-3.8471,6.0281,2.9599,4.7652,1.4631,2.3617,8.5742
-0.501,1.263,-1.6731,-1.283,-0.0127,1.6046,2.652,-4.0249,-2.7479,6.0807,1.8628,3.8065,2.7089,4.3883,8.0483
-0.2468,0.6197,-3.9207,-0.7304,-0.782,2.0993,2.3941,-6.152,-1.6882,5.573,0.8379,2.2532,3.8274,6.1783,6.7325
-0.2649,0.0727,-5.7817,-0.3918,-1.835,2.1714,2.5418,-7.9252,-0.2385,5.1122,-0.5114,2.0509,4.4202,7.9698,5.4353
0.0619,-0.8229,-7.264,-0.0118,-2.8823,2.0497,1.7443,-9.0553,1.3188,3.8313,-1.7398,0.6297,5.2184,9.6006,4.3699
0.0009,-2.0376,-8.7002,0.6883,-3.5858,1.8034,0.8153,-9.8991,2.763,3.0832,-2.956,-0.9625,5.2579,10.8047,2.4654
0.1672,-2.601,-9.8885,1.0655,-4.2774,1.452,0.0042,-10.2407,4.5138,1.8281,-3.6479,-2.933,5.213,11.3727,0.419
-0.0719,-2.9925,-10.3356,2.1032,-4.7953,1.5012,-0.6754,-10.2886,5.9173,0.8336,-3.974,-4.4212,5.0713,11.288,-1.4702
0.2579,-3.1687,-10.0936,1.7159,-4.7699,1.6086,-1.3652,-9.8856,6.784,-0.9162,-4.0373,-5.3302,4.8252,10.6394,-3.8294
0.4775,-3.1815,-9.7764,1.726,-4.6874,1.7276,-1.7751,-9.4584,7.338,-2.1967,-4.4562,-5.5069,4.1226,9.6975,-5.884
0.6523,-3.218,-9.2516,1.7375,-4.6491,1.3273,-2.0412,-8.1702,7.9692,-2.769,-4.1031,-5.937,3.0904,8.843,-7.3015
0.8235,-2.9502,-7.7128,1.5058,-4.3273,1.2024,-2.2426,-6.6746,8.0022,-4.733,-3.7211,-6.2651,2.4535,6.8827,-8.5333
0.8163,-2.8934,-6.3798,1.2993,-3.4054,0.9081,-2.3012,-5.0463,7.6354,-4.354,-3.2439,-6.4065,1.5126,5.3091,-9.101
1.0924,-2.7087,-4.8103,1.1327,-3.0429,0.8044,-2.4306,-3.8963,6.9478,-4.2662,-2.3861,-6.1829,0.6749,3.5103,-8.8705
1.1096,-2.1522,-3.2252,1.4102,-2.2743,0.5194,-2.0332,-2.0951,6.5224,-4.176,-1.2336,-6.1316,-0.6046,2.1562,-8.1382
0.9198,-1.6593,-2.2801,0.7373,-1.7283,0.615,-1.9677,-0.5755,5.5145,-3.9289,-0.4345,-5.3143,-1.3043,0.5341,-8.008
0.9692,-0.9654,-0.9075,0.6055,-1.2869,0.4207,-1.832,1.5466,5.4027,-4.0039,0.3268,-4.3455,-1.9995,-1.2286,-7.3772
0.8716,-0.671,0.585,0.1437,-0.6388,0.3646,-1.6014,3.3737,4.3767,-4.0343,1.0754,-3.7801,-2.9045,-3.5237,-6.7383
1.0642,-0.2579,2.6487,-0.0452,0.2519,0.231,-1.0886,5.5466,3.6629,-3.4917,2.2999,-3.1709,-2.9629,-5.3712,-5.6387
1.1082,0.515,4.6925,-0.2084,1.2573,0.0269,-0.7566,6.7835,2.3976,-2.9459,3.3378,-1.9552,-3.7753,-7.0787,-4.5641
1.1249,1.3701,6.556,-0.4626,2.3847,0.3423,-0.2445,8.1836,1.0988,-1.6945,4.7086,-0.2524,-4.114,-8.2696,-2.685
1.1043,2.5175,7.982,-1.152,3.0564,0.3463,0.5357,8.3975,-1.1075,-0.1601,5.8525,1.3887,-4.211,-9.0698,-0.8653
1.0489,3.5028,8.5657,-1.8523,3.7055,0.3753,1.0686,8.7828,-2.5951,1.1464,6.1263,2.967,-3.7714,-9.1118,1.2262
0.9442,3.5397,8.8389,-2.2322,3.6382,0.359,1.61,8.4871,-3.862,2.0604,6.4901,3.8839,-3.6819,-8.7291,3.3577
0.7183,3.7695,8.718,-2.2912,3.6954,0.4713,1.865,7.8061,-4.7887,3.3686,6.7034,4.8974,-3.7571,-8.0876,5.2861
0.4443,4.1923,7.8716,-2.7119,3.5108,0.824,2.4249,7.0636,-4.7433,4.3005,6.6067,5.4165,-3.0915,-6.6739,7.3105
0.3335,4.046,6.7917,-2.7889,2.7147,0.6566,3.3055,6.0193,-4.778,4.2348,5.7095,5.6895,-2.3065,-5.131,7.7724
0.4015,3.5748,5.4215,-2.9476,2.0764,0.6562,3.3603,5.2691,-4.5905,3.8807,4.922,5.4711,-1.6701,-4.0688,7.7362
0.2557,2.9599,4.8316,-2.5276,1.8487,0.8859,3.2687,3.8673,-4.1559,3.9057,4.8087,5.3964,-0.6674,-2.8211,7.6169
0.0722,2.3085,3.5297,-1.8341,1.3473,1.0499,3.2803,2.519,-3.7388,4.0662,3.9757,4.8993,-0.2121,-1.6094,7.309
0.0565,2.2376,2.6214,-1.7659,1.0047,1.1423,2.9546,1.2252,-3.1895,4.589,3.5693,4.3017,0.1905,0.0785,7.1179
0.1464,1.4612,1.7876,-1.0518,0.808,1.4036,2.7645,0.4291,-2.4707,4.3556,3.4852,3.8974,0.8715,1.4661,6.9348
0.1507,1.3528,1.3573,-1.0934,0.392,1.5695,2.5347,-1.6062,-2.6581,4.0063,3.0049,3.6266,1.6586,2.2959,6.3326
0.0342,1.0656,-0.1551,-0.8296,0.1074,1.8546,2.2776,-3.3414,-2.1688,3.8212,2.6149,2.8678,2.3523,3.8151,5.7084
0.2855,1.0246,-1.7169,-0.8981,-0.6879,2.1118,2.2099,-6.1485,-2.2322,4.1509,1.7559,2.5876,3.417,5.6117,5.3949
0.3449,0.7613,-4.3571,-0.5025,-1.2739,2.1939,2.084,-7.7298,-1.2231,4.3262,0.6956,1.9276,4.0945,7.6142,5.0342
0.386,0.3891,-6.6001,-0.3898,-2.3061,2.1592,1.5743,-9.1961,0.6738,3.7214,-0.9887,0.988,4.6684,9.1141,3.9905
0.2917,-0.6135,-8.4131,-0.3937,-3.5647,2.2256,0.8119,-10.236,2.3886,2.3378,-2.8634,-0.1622,4.8443,10.4752,1.9806
0.1818,-1.257,-8.9098,-0.15,-4.2694,2.1262,0.3139,-10.4994,4.5326,1.3263,-4.0523,-2.2291,5.1337,11.4291,-0.1069
0.4459,-2.9921,-9.0261,0.3044,-4.7352,2.0976,-0.3179,-11.2155,5.5468,-0.4302,-4.4937,-3.9724,5.3896,11.3373,-2.2344
0.6404,-2.3637,-9.4492,1.0058,-4.7553,1.8668,-1.0373,-11.098,6.3787,-1.0068,-4.6898,-4.9584,4.577,11.4552,-4.0215
0.5394,-3.5273,-9.5069,1.5264,-4.8038,1.5678,-1.5497,-10.3692,7.295,-2.0398,-4.5856,-5.6088,4.075,10.8323,-5.6289
0.4923,-3.1405,-9.3627,1.1518,-5.1922,1.5921,-1.5819,-9.4232,7.7564,-2.8027,-4.7197,-6.3925,3.6725,9.7935,-7.2789
0.6533,-3.615,-8.3982,1.8211,-4.9157,1.4394,-1.88,-8.5674,8.0612,-3.9698,-4.1689,-6.4973,3.0442,8.714,-8.2118
0.6886,-3.2427,-7.6785,1.9339,-4.3832,1.2979,-2.4284,-7.8847,7.5945,-4.0261,-3.5612,-6.7409,2.4892,7.6528,-8.5115
0.734,-2.6646,-6.8892,1.5317,-3.7083,1.0118,-2.2227,-6.8477,7.4442,-4.5925,-3.0662,-6.4921,1.594,6.0828,-8.6327
0.9525,-2.6878,-5.9402,1.4472,-3.1041,0.6846,-2.4186,-5.375,7.4893,-4.5953,-2.7187,-6.3297,1.1514,4.7234,-8.9446
1.0217,-2.1536,-4.7236,1.2083,-2.7917,0.7866,-2.5468,-3.5085,7.0585,-4.1425,-2.2295,-5.9443,0.4829,3.0346,-8.749
1.0808,-1.5099,-2.8692,1.0828,-2.6162,0.6691,-2.4643,-1.563,6.5741,-5.1266,-1.5449,-5.5472,-0.5295,1.0118,-8.6502
1.2068,-0.8141,-1.3845,0.4575,-2.0194,0.3252,-2.2847,0.6859,6.1153,-4.7752,-0.951,-4.7647,-1.6968,-0.7317,-8.5984
1.4305,-0.456,1.1205,0.5214,-1.3999,0.0666,-2.0789,2.6692,4.9493,-4.2857,0.213,-4.1521,-2.476,-2.9876,-7.8936
1.1644,0.1027,3.5079,0.1569,-0.513,-0.142,-1.6876,4.3147,3.628,-3.8096,1.5049,-3.0364,-3.2732,-4.3654,-6.7967
1.3053,0.9354,5.3575,-0.4557,0.5929,-0.1454,-1.3679,6.5672,2.5968,-3.452,3.0611,-1.6217,-4.03,-6.2277,-5.2672
0.9874,2.0677,6.7485,-0.6125,1.7845,-0.267,-1.1227,7.3575,1.053,-2.7002,4.5834,-0.0577,-4.4179,-7.669,-3.7984
0.7132,3.1283,7.8205,-0.7105,1.8594,-0.2288,-0.7181,8.3949,-0.6832,-1.6836,5.9322,1.7477,-4.8686,-9.0978,-2.1976
0.882,3.6178,8.4261,-1.3756,2.8037,-0.2608,-0.3278,8.9213,-2.5923,-1.2983,6.3013,3.4873,-5.0722,-9.2318,-0.7624
0.8755,3.923,9.1065,-1.9245,3.3157,-0.1702,0.4148,9.0254,-3.516,0.1559,6.9394,4.7103,-4.7443,-9.0599,1.2021
0.5101,4.3456,8.7392,-2.1306,3.7298,-0.166,1.1318,9.0913,-4.2764,1.652,7.0576,5.369,-4.615,-8.6701,3.5481
0.3743,4.2535,8.6194,-2.5266,3.9487,0.1381,1.7978,8.2163,-4.8279,3.1797,6.6664,6.3945,-4.1921,-8.0086,5.3065
0.1496,4.0102,8.0108,-2.4266,3.84,0.3672,2.1842,7.5781,-5.0379,4.0913,6.479,6.5585,-3.4803,-6.6329,6.7881
0.1099,3.9925,7.2138,-2.0962,3.7139,0.6166,2.5809,7.9478,-4.5269,4.6634,6.13,6.5565,-3.0636,-5.7887,7.882
-0.0852,4.5265,7.0726,-2.4575,3.1322,0.9468,3.0541,6.3154,-4.6305,4.9533,5.9319,6.4641,-2.6254,-5.1985,8.3672
-0.0921,4.0752,6.2502,-2.4029,2.7188,1.1821,3.4409,4.7888,-5.0607,5.1407,5.5828,6.3132,-1.5944,-4.0732,8.8319
-0.1168,3.8754,5.1155,-2.4152,2.3995,1.4652,3.4692,3.7692,-4.5355,5.6872,5.0645,6.0734,-1.0761,-2.2486,9.6179
-0.3059,3.2871,4.0856,-2.1637,1.8778,1.6931,3.4464,2.1775,-4.2588,5.4111,4.2532,5.8882,-0.008,-0.8234,9.1432
-0.2135,2.605,2.6194,-1.7281,1.381,2.0001,3.01,0.4468,-3.9139,5.3919,3.7531,5.2655,0.7343,0.6631,8.8444
-0.1472,2.1999,1.1537,-1.3448,0.8365,2.1195,2.7606,-1.8196,-4.1365,5.3865,2.8488,4.7441,1.4914,2.3872,8.2674
-0.0646,2.0456,-1.526,-1.3514,0.2116,2.2587,2.6074,-3.9546,-2.8505,5.4292,1.9643,3.7877,2.5967,5.4068,6.7534
0.3513,1.336,-3.0064,-1.2931,-0.5843,2.3774,2.2909,-6.3326,-1.285,4.6332,1.0131,2.8995,3.7135,6.8659,6.3572
0.1612,0.5201,-5.6023,-0.6074,-1.2902,2.4586,2.1083,-8.351,-0.2535,4.6736,-0.4204,1.9093,4.564,8.5008,5.7661
0.1367,-0.6359,-7.294,-0.1003,-2.7715,2.5932,1.748,-9.451,1.7704,3.6897,-2.1756,0.7238,5.285,10.0029,3.8965
0.0842,-1.7545,-8.2094,0.2072,-3.4698,2.5454,1.2289,-10.4524,3.39,2.8725,-3.3363,-0.2467,5.5937,11.2252,2.3819
-0.0684,-2.1628,-9.0413,0.7472,-4.0985,2.257,0.7086,-10.8886,4.8752,2.1073,-4.0526,-2.4207,5.6586,11.6304,0.7685
0.272,-2.8947,-9.3495,1.174,-5.0777,2.0729,0.1118,-10.5911,6.2166,0.7937,-4.4406,-4.0881,5.5462,11.5342,-0.7282
0.4597,-3.1789,-9.1744,1.6028,-4.8534,1.9555,-0.9691,-9.9393,7.1305,-0.2625,-4.5736,-5.5139,4.8768,11.4627,-2.7833
0.3508,-2.8369,-8.7306,1.1859,-5.1217,2.1949,-1.4263,-9.6251,7.4216,-2.2415,-4.3668,-6.1839,3.8615,10.4569,-4.8623
0.4393,-3.0167,-8.8787,1.1655,-4.9586,2.1534,-1.9162,-8.7538,7.8506,-3.2508,-4.2724,-6.4806,3.4593,9.3295,-6.6328
0.711,-3.6393,-7.739,1.4249,-4.539,1.6644,-1.8514,-7.4032,8.6165,-4.0038,-3.8822,-6.233,2.6192,7.9884,-7.5281
0.9425,-2.9725,-6.1801,1.7799,-4.3584,1.2655,-1.9418,-6.2481,8.0139,-4.3374,-3.502,-5.9235,1.8225,6.1201,-8.2696
1.0266,-3.0386,-5.0994,1.7678,-3.8491,1.1175,-2.1776,-4.622,7.4842,-4.526,-2.695,-6.4815,1.2098,4.8004,-8.372
0.8441,-2.326,-3.6614,1.8447,-3.3824,1.2192,-2.1783,-2.8568,6.965,-4.5697,-1.9315,-5.9714,0.3791,2.8558,-8.3098
1.0736,-1.9092,-2.583,1.6289,-2.6689,1.2197,-2.1508,-1.2705,6.3137,-4.7838,-1.1635,-4.6446,-0.8426,0.6977,-8.2067
0.9717,-0.786,-0.8824,0.9744,-2.2077,0.9447,-1.845,0.9659,5.7507,-4.5087,-0.4209,-3.9822,-1.8899,-1.1613,-7.6783
1.0284,-0.5965,1.0207,1.2395,-1.4488,0.6558,-1.6268,3.2053,4.8217,-5.3323,0.7528,-3.2454,-2.6471,-3.0675,-7.2133
0.9039,0.6268,3.5129,0.7497,-0.5414,0.4031,-1.5611,5.243,3.8799,-4.5693,1.8744,-2.5672,-3.8479,-5.1263,-6.3012
0.8498,1.5284,5.8016,0.0303,0.2941,0.4612,-1.2665,7.0758,2.6868,-4.2658,3.187,-1.1151,-4.2115,-6.528,-4.8528
0.8959,2.1868,7.6505,-0.4177,1.524,0.652,-0.8155,7.4931,0.23,-3.4253,4.7763,0.2972,-4.4843,-7.947,-3.33
0.6968,2.9801,8.1366,-0.8262,2.6824,0.8684,-0.2236,8.1634,-1.9788,-1.6334,5.616,1.9247,-4.7161,-8.5098,-1.188
0.536,3.6768,8.1244,-1.4851,3.1701,0.7975,0.3563,8.305,-3.2103,0.0833,6.1634,3.8467,-4.8654,-8.7785,0.5113
0.6234,3.8771,8.139,-1.6264,3.3338,0.6474,1.0681,8.5754,-3.7332,0.8486,6.3052,5.1335,-4.2264,-8.5349,2.7193
0.2962,4.5465,8.1449,-1.9698,3.4986,0.9089,1.436,8.1997,-4.369,2.6088,6.1097,5.8301,-4.2202,-7.8436,4.2921
0.28,4.1032,8.049,-1.9886,3.3793,1.0224,2.1229,7.5185,-4.736,2.9126,6.0978,6.4991,-3.7642,-7.1628,5.9516
-0.1071,3.841,7.4796,-2.4343,3.2317,1.1922,2.5577,6.9155,-4.823,3.9298,5.5457,6.826,-3.4507,-6.0401,6.8872
0.0541,3.1353,6.8446,-1.1637,3.1676,1.4873,2.6917,4.9418,-5.3596,4.643,5.8356,6.1559,-2.4564,-4.752,8.0031
-0.0246,3.2708,5.5271,-1.5093,2.7144,1.6391,3.0386,3.8358,-5.2993,5.5762,5.3159,6.5585,-1.6646,-4.0526,8.6456
0.1293,3.3548,4.7342,-1.4705,1.7798,1.8034,3.3878,2.7351,-4.8397,6.2091,4.8208,6.1939,-1.0528,-2.4122,8.9351
0.0318,3.231,4.3036,-1.6082,1.1344,2.043,3.3906,1.699,-4.0866,5.8806,4.2561,6.0042,-0.3387,-0.5702,9.622
-0.0293,3.0456,2.6624,-1.4076,0.7768,2.1508,2.7657,-0.11,-4.1038,4.4737,3.7097,5.5555,0.4433,0.4216,8.9703
0.0596,2.8241,1.2549,-1.4308,0.2374,2.128,2.6006,-1.7186,-3.4816,4.5296,2.7405,4.8359,1.5393,1.8922,8.4029
0.02,1.8591,-0.3122,-1.1517,-0.3382,2.3056,2.4848,-3.016,-2.3234,3.9734,2.2064,4.1642,2.115,3.5513,7.0941
-0.1254,0.9458,-1.8915,-1.7228,-0.8323,2.6891,2.1922,-4.7972,-1.2772,3.7409,0.7277,3.4688,3.157,4.8308,6.0627
0.0404,0.2624,-3.4705,-1.1626,-0.7701,2.791,2.4625,-5.9799,-0.3028,4.2488,-0.1712,2.0775,3.6451,6.4517,5.2162
0.2369,-0.292,-4.3993,-0.6822,-1.8152,2.9142,2.3623,-7.1038,0.857,4.1603,-1.3858,1.612,4.0332,7.6573,4.591
0.2655,-1.1762,-5.5511,-0.276,-2.664,2.4771,2.0098,-8.0154,1.9998,3.9519,-2.344,0.2196,4.3675,9.4322,3.758
0.3607,-1.8188,-6.0814,0.3586,-3.766,2.3287,1.701,-8.7707,3.2421,2.4934,-2.9341,-1.508,4.7766,9.7685,2.2297
0.1827,-2.0691,-7.3003,0.5565,-4.2642,2.4238,1.3449,-9.5187,4.0297,1.4905,-3.3755,-3.0298,4.797,10.1321,0.8053
0.432,-2.8013,-7.9739,1.2443,-4.5743,2.313,0.8318,-9.5194,5.0876,0.6077,-3.7696,-3.797,4.8941,10.8593,-0.3882
0.6405,-3.3782,-8.3024,1.6887,-5.1464,2.0894,0.2361,-9.0722,6.217,-0.417,-3.7514,-4.7292,4.4553,11.2596,-1.7371
0.9131,-3.1138,-7.8869,1.4951,-5.0924,1.8102,-0.309,-9.2529,6.7282,-1.611,-3.8526,-5.4861,4.509,10.1059,-3.247
0.7605,-2.1169,-6.7177,0.835,-4.795,1.6951,-0.7003,-8.8716,7.0212,-2.2612,-3.5581,-5.5165,3.6853,9.1036,-4.783
0.9232,-2.1726,-6.6017,1.0865,-4.2141,1.5717,-1.5807,-7.9319,6.7483,-3.4958,-3.3397,-5.5401,3.1037,8.312,-5.8973
1.0,-2.0153,-6.1147,1.191,-3.8545,1.5831,-2.0322,-7.5625,6.6312,-3.725,-3.1012,-5.3837,2.2654,7.2121,-6.4385
0.9496,-1.2696,-5.8188,0.8586,-3.6663,1.4512,-2.2578,-6.1736,6.7255,-3.5175,-3.0597,-5.1007,1.4488,6.2233,-7.1456
0.9515,-1.6141,-5.0038,0.9434,-3.4122,1.1377,-2.5657,-4.4843,6.978,-4.5245,-2.5846,-5.0074,0.9867,4.7591,-7.6959
1.0448,-1.947,-3.706,0.7617,-3.0231,1.1317,-2.2756,-2.9497,6.8257,-5.3538,-2.434,-4.8476,0.0835,3.1604,-8.2694
1.0443,-1.0034,-2.161,0.7042,-2.7546,1.0184,-2.1129,-1.3116,6.1442,-4.6236,-1.5194,-4.3698,-1.0148,1.7556,-8.2381
1.2035,-0.8044,-0.3396,0.4516,-1.9114,0.8107,-1.5675,0.2983,5.5233,-4.9614,-0.6946,-3.9535,-2.0875,0.0156,-7.7284
1.0536,-0.343,1.0151,0.2151,-1.4918,0.7049,-0.9158,2.5396,4.8229,-4.5042,0.1162,-3.2669,-2.7949,-2.4412,-6.9366
1.198,0.577,3.0881,-0.5451,-0.9117,0.5316,-0.693,4.564,3.8163,-4.5973,0.6582,-2.7982,-3.4575,-4.9269,-6.2367
1.0968,1.6256,5.4415,-0.9922,0.0692,0.5874,-0.8052,6.9057,2.959,-4.8382,1.6905,-1.8801,-4.1724,-6.4841,-5.4474
0.8801,2.3194,7.754,-1.0052,1.0275,0.8607,-0.3042,8.2041,1.4696,-4.5593,3.5709,-0.8798,-4.9152,-8.2847,-4.4709
0.9113,2.8713,9.1596,-1.4616,2.2889,0.9454,0.4529,9.1472,-0.2951,-3.5841,5.0442,0.9325,-5.4037,-9.5447,-2.957
0.8659,3.908,9.8967,-2.4577,3.3323,1.1372,1.1339,9.6456,-2.4766,-2.0414,5.9023,2.5934,-5.1608,-10.461,-0.746
0.7839,3.9799,10.6515,-1.9737,3.8886,0.9298,1.5795,8.8946,-4.0628,-0.5209,6.6916,4.0807,-5.0015,-10.5789,1.5571
0.6439,4.409,10.2796,-1.3303,4.2336,1.0464,2.5528,9.0102,-5.0686,1.4119,7.6823,5.2569,-4.8904,-9.8729,4.1899
0.5014,4.9795,10.0082,-2.2774,4.2069,1.0849,3.3502,8.6503,-5.5914,3.3733,7.4086,7.0229,-3.9175,-9.185,6.4772
0.2558,4.5439,9.7003,-2.6028,3.7359,1.1308,3.9595,8.0416,-5.6827,4.0838,6.9542,7.8535,-3.3834,-7.9412,8.0664
0.2633,4.5514,9.0094,-2.403,3.1384,0.859,4.4701,7.1735,-6.0735,5.0681,6.7752,7.4656,-2.6145,-6.5096,9.6403
0.1987,4.3883,8.0651,-2.4902,2.8638,0.8701,4.2806,5.4575,-6.2913,5.5816,6.4565,7.7095,-1.7184,-4.9715,10.8907
-0.0093,3.994,6.8267,-2.4646,2.4039,1.2081,4.3948,3.8028,-6.0721,6.0538,5.6635,7.9101,-0.7805,-3.0107,11.297
-0.0456,3.5032,4.9647,-2.624,1.7877,1.5126,3.9825,1.1821,-6.1749,6.151,4.773,7.4042,0.2273,-1.309,11.3768
-0.1708,3.3916,2.8686,-2.0054,1.0862,1.5605,3.8711,-0.1159,-4.6212,6.0345,3.7776,6.8484,1.3261,0.6323,10.8489
-0.1091,2.525,1.1803,-1.9146,0.1468,1.791,3.4582,-1.681,-3.5709,5.8534,2.6515,6.3272,2.1173,2.5336,10.0149
-0.1751,1.7065,-0.1402,-1.4095,-0.5783,2.208,3.1616,-3.921,-2.783,5.1556,1.827,5.0038,2.5865,4.4405,9.057
-0.162,0.9662,-1.8843,-1.1719,-1.6125,2.6336,2.6039,-5.7586,-1.8352,4.7897,0.923,3.2767,3.6111,6.3731,8.3994
-0.2865,0.2104,-3.8483,-0.7919,-2.6036,2.8226,2.0409,-7.7756,-0.58,3.8281,-0.2143,2.4568,3.8955,8.338,7.0879
-0.1,-0.5113,-6.1076,-1.1304,-3.5063,2.5614,1.5523,-8.8915,0.9334,3.0792,-2.5363,1.2424,4.3555,10.1196,4.7609
-0.0936,-1.3741,-7.3891,-0.5793,-4.0041,2.6343,1.238,-9.6852,2.8834,2.2614,-3.5102,-0.2677,4.3801,11.9352,2.8027
-0.0237,-2.0326,-7.7301,0.3149,-4.6868,2.6597,0.7736,-11.0107,4.1944,1.2087,-4.116,-2.3335,4.6764,12.0607,1.0497
0.2723,-2.5072,-8.5327,0.8049,-5.0848,2.5619,0.082,-11.1607,5.5939,0.1538,-4.4616,-3.6557,4.7763,12.2872,-0.8319
0.4158,-2.7102,-8.4461,0.809,-5.2039,2.318,-0.8094,-10.4275,7.1531,-1.0921,-4.6255,-4.7075,4.679,11.816,-2.8502
0.4981,-2.728,-9.9296,1.3555,-5.403,2.1385,-1.5275,-10.0898,7.2973,-2.7959,-4.6518,-5.5878,3.7323,11.3645,-4.9112
0.3852,-2.7966,-8.7185,1.4758,-5.2027,2.1244,-2.0048,-9.2924,8.2163,-4.1109,-4.8737,-6.1208,3.0317,9.9132,-6.8885
0.6471,-2.8728,-7.5381,1.5536,-4.9651,1.7264,-2.1762,-7.0727,8.7256,-4.8529,-4.2544,-6.6559,2.0083,8.5462,-8.2391
0.8154,-2.335,-5.5729,1.3772,-4.4281,1.7538,-2.3851,-5.877,8.133,-5.7557,-3.6187,-6.258,1.2231,6.3442,-9.367
0.7092,-2.1628,-4.2574,1.2465,-4.1275,1.7454,-2.3869,-4.2641,7.459,-5.9644,-2.7674,-5.6793,0.3165,4.3773,-9.4497
0.8866,-1.7267,-2.5749,1.359,-3.3559,1.5525,-2.3501,-2.7684,6.357,-5.9957,-1.4428,-5.2812,-0.3111,2.7752,-9.0019
1.0234,-1.1999,-1.1531,1.1632,-2.5341,1.1337,-2.2229,-0.7599,5.4493,-5.6973,-0.4855,-4.2971,-1.2929,0.9423,-8.4121
1.0145,-0.6127,0.4638,0.8063,-1.6403,1.1567,-1.901,1.3863,4.7197,-5.1188,0.247,-3.4569,-2.0009,-0.8766,-7.634
0.9526,-0.0855,2.7086,0.1557,-0.9313,1.0474,-1.5434,3.3713,3.7494,-5.2831,0.9147,-2.4058,-2.9047,-3.024,-6.8828
1.1521,0.9547,5.031,-0.2272,-0.1456,0.8628,-0.897,5.3041,2.7258,-4.3376,2.6515,-1.6316,-3.6527,-4.8805,-5.1307
1.032,1.6176,6.7462,-0.4807,0.8628,0.5941,-0.5601,6.5722,1.1189,-3.5791,4.0346,-0.4577,-3.982,-6.4888,-3.2497
0.8737,2.4399,7.895,-1.5002,1.6999,0.419,-0.2479,7.4823,-0.7069,-2.3199,5.0689,1.12,-4.3833,-7.5189,-1.4743
0.7572,3.3537,8.9164,-2.4572,2.4454,0.3992,0.4139,7.9868,-2.3987,-1.1169,5.2881,2.8786,-4.6121,-7.9226,0.0571
0.7539,3.9771,9.2975,-2.2192,3.4802,0.2564,1.1827,8.1733,-3.4685,-0.0974,5.8945,4.0152,-4.6562,-7.7967,1.6798
0.556,4.251,9.3112,-2.4777,3.6023,0.3576,1.9067,8.2417,-4.3835,1.7654,6.2308,5.3944,-4.1562,-7.8531,4.3169
0.4808,4.4993,8.9821,-2.4685,3.3126,0.4997,2.9358,8.0761,-4.8005,2.8056,6.2021,6.1489,-3.6319,-7.2625,6.083
0.167,4.1765,8.9189,-2.9154,3.1327,0.7449,3.2501,6.7329,-5.2221,3.4858,5.8455,6.4633,-2.9233,-6.3751,7.4447
0.1319,4.251,8.0004,-2.4736,2.8223,0.8606,3.3454,5.9811,-4.8682,4.3963,5.6911,6.3815,-1.9934,-5.2848,8.833
0.0747,3.8893,7.3645,-2.6322,1.7543,0.9782,2.8759,4.5284,-5.3611,4.0141,5.0803,6.6298,-1.5495,-4.3107,9.2452
-0.0058,3.1157,6.3051,-2.3613,1.7383,1.3953,2.8198,3.1535,-5.356,4.4239,4.7906,6.3062,-1.0166,-2.4238,9.2434
0.1254,2.3633,5.1933,-2.2429,1.4118,1.3877,2.7644,1.7712,-5.0242,4.6536,4.3875,6.1192,-0.2323,-0.7594,9.5123
-0.1493,2.8242,3.0317,-1.7361,1.0327,1.4152,2.5521,0.4707,-4.7351,4.9888,3.7575,5.867,0.3282,0.9617,9.8533
0.0375,2.3518,2.1545,-1.846,0.7489,1.4509,2.543,-1.2638,-3.7693,4.6266,2.7775,4.9431,1.0588,2.3546,9.1196
0.0582,1.8978,0.6401,-1.0729,0.2621,1.6696,2.5385,-2.4323,-2.7049,4.7503,2.2176,4.5696,1.7413,4.4336,8.4955
-0.1397,1.3893,-0.8117,-0.7605,-0.6368,2.168,2.1493,-4.9587,-2.5644,4.6735,1.5645,4.0792,2.7415,6.2683,7.2568
-0.4412,0.4581,-3.6295,-0.5215,-1.7557,2.3409,1.6966,-7.722,-1.9537,3.5659,0.2168,3.3475,4.0152,7.454,6.4219
-0.2227,-1.0991,-5.7921,-0.2066,-2.7024,2.1015,1.245,-8.7781,0.1878,2.9265,-1.4388,2.0493,4.2948,9.7858,5.0435
-0.1806,-1.4745,-6.9923,0.3094,-3.1561,2.1984,0.9549,-9.5685,2.1117,2.1665,-2.381,0.3258,4.7717,10.8881,3.4702
-0.1672,-2.7964,-7.7204,0.5956,-3.853,2.2413,0.5134,-10.591,3.5341,1.6582,-3.3783,-1.0736,5.1581,11.3066,1.9569
-0.2039,-3.0818,-8.3432,0.8033,-4.3601,2.2909,-0.1065,-10.6055,4.3621,1.2607,-3.8695,-2.5068,5.1161,11.9081,0.2716
0.1126,-3.9297,-8.6791,0.9696,-4.9694,2.3519,-0.897,-10.7959,5.479,0.1916,-4.4615,-3.7678,4.7255,11.666,-1.8718
0.2302,-3.4768,-8.9296,1.365,-5.2032,1.2195,-1.4008,-9.587,6.9603,-1.3641,-4.4404,-4.9786,4.06,11.3709,-3.8101
0.4438,-3.4854,-8.2557,1.5848,-5.2321,1.2523,-1.5805,-9.3204,7.384,-3.2471,-4.498,-5.4069,3.6725,10.1017,-5.6037
0.5601,-3.3441,-7.7044,1.7987,-5.0446,0.7091,-1.7588,-8.0543,7.5283,-4.3289,-3.8948,-5.8061,3.1058,8.5012,-6.6429
0.8514,-3.0329,-6.4167,1.5583,-4.4142,0.5005,-2.1145,-6.6427,7.5886,-4.7102,-4.0117,-5.6467,2.3809,6.9066,-7.7625
0.9295,-2.7347,-4.877,1.9812,-4.1031,0.3761,-2.1518,-4.7402,7.3799,-5.7414,-2.6808,-5.87,1.3384,5.1053,-8.3663
0.9588,-2.4332,-3.6137,1.567,-3.3183,0.3756,-1.7779,-3.2063,6.9789,-5.6763,-1.5943,-4.0801,0.5402,3.3711,-8.397
0.9825,-1.534,-2.0378,1.7854,-2.759,0.3346,-1.684,-1.5917,5.9886,-5.3295,-0.8055,-4.0038,-0.1602,2.0329,-7.8137
0.9661,-0.9497,-0.3591,1.1759,-2.1177,0.0456,-1.3932,0.0385,5.2063,-4.7407,-0.0681,-3.5326,-1.0006,0.1481,-6.8835
0.8916,-0.2666,0.9873,0.3079,-1.6464,0.093,-1.1567,1.7485,4.132,-4.5739,0.538,-3.1293,-1.8338,-1.6788,-6.1378
0.7873,0.0741,2.4552,-0.4389,-0.824,0.3249,-0.8033,3.7065,3.9652,-4.7875,0.5118,-2.2768,-2.8695,-3.1651,-5.5974
0.8193,0.3661,4.6271,-0.6694,0.1372,0.4795,-0.4798,5.4473,2.9014,-5.0217,1.9603,-1.3952,-3.4471,-4.9802,-5.5119
0.8998,1.4643,6.7503,-0.8371,1.3273,0.3267,-0.3829,7.2742,1.8539,-4.0418,3.1964,-0.5208,-3.7691,-6.7041,-4.4535
1.0463,1.9498,8.2089,-1.1063,1.9557,0.2405,-0.2559,8.2886,0.0232,-2.4379,4.7098,0.6295,-4.2128,-8.255,-2.18
1.1472,3.2417,9.9433,-1.7506,2.8472,0.2183,0.3968,9.0259,-1.8777,-1.4298,5.8005,2.299,-4.4817,-8.7613,-0.3328
0.7573,3.3877,10.0249,-2.1935,3.0733,0.1835,1.0154,9.2472,-4.3044,-0.5215,6.4664,4.0549,-4.3589,-9.2025,1.5382
0.6143,3.6342,9.6542,-1.9859,3.7012,0.0057,1.6477,10.1431,-4.1211,0.6427,6.8886,5.4477,-4.26,-8.6164,3.8943
0.4058,4.4912,9.8601,-2.3699,3.8327,-0.0162,2.3078,9.1197,-4.7906,1.895,6.9714,6.6743,-3.6674,-8.6519,5.9028
0.1945,4.2709,9.6942,-2.4485,3.458,0.3553,3.0178,8.9727,-5.0324,3.0471,6.9495,7.8211,-3.508,-7.7441,7.2587
-0.159,4.1326,9.4232,-2.449,3.3152,0.5093,3.1657,8.1258,-5.6918,3.6258,6.8458,8.0049,-2.6441,-6.9982,8.6603
-0.1536,4.3072,8.4492,-2.2148,3.3306,0.9615,3.0989,6.8844,-6.3688,4.3647,6.8962,7.8216,-2.1704,-5.6901,9.5946
-0.2361,4.1702,7.1809,-2.4003,3.8264,1.0702,3.395,5.1583,-6.3195,4.8322,6.0309,7.8168,-1.327,-3.7309,9.8775
-0.2574,3.7659,5.4509,-1.9139,2.7484,1.1378,3.6398,3.4762,-5.8828,6.9624,5.3904,7.0799,-0.7922,-1.8137,10.7623
-0.2817,3.0528,4.1314,-1.9242,1.83,1.4829,3.6841,1.8511,-4.9866,5.9536,4.5257,5.9334,0.0131,-0.529,10.6358
-0.4315,2.7745,2.2635,-1.6244,1.2238,1.7878,3.4705,-0.0223,-4.3107,5.5426,3.4982,5.374,1.1511,1.0014,10.3553
-0.5927,1.8034,1.0681,-1.6364,0.6403,1.9809,3.3828,-1.5877,-2.9508,5.1978,2.5875,4.3642,2.3837,2.6189,9.5018
-0.391,0.9031,-0.3631,-1.0828,-0.3185,1.8759,3.311,-3.541,-1.9657,4.8225,1.8931,4.004,3.1041,4.2156,8.8261
-0.5673,0.4301,-2.4572,-0.5968,-1.4774,1.9087,2.4538,-5.4336,-1.3698,4.598,0.9789,3.4821,4.2143,6.0462,7.3791
-0.5483,-0.2986,-4.5341,0.3168,-1.9663,1.9758,2.2606,-6.9179,-0.4064,3.7371,-0.344,2.3564,4.6527,8.0985,6.4323
-0.4837,-0.9401,-5.9524,0.779,-2.9825,2.1418,1.7628,-8.0302,0.8941,3.4393,-1.2346,0.8942,5.0511,9.3835,5.2408
-0.019,-2.7307,-6.6811,1.6394,-3.655,2.0424,1.4396,-8.9925,2.5058,2.1734,-2.1568,-0.3316,5.009,10.1832,3.608
0.1333,-2.6363,-7.2289,1.779,-3.9416,1.9053,0.799,-8.8924,3.8567,1.8101,-2.5497,-1.7359,5.0966,10.6847,2.2041
0.1366,-2.7359,-7.22,1.5987,-4.1995,1.7491,0.2227,-9.4878,4.6845,1.5953,-3.1342,-3.0399,5.1298,10.7953,0.8847
0.0098,-2.6816,-7.849,1.6196,-4.4018,1.4111,-0.3954,-9.0968,5.5139,0.3875,-3.5061,-3.81,4.7486,10.5328,-0.9453
0.2251,-3.1559,-7.7588,2.017,-4.717,1.0331,-0.6071,-8.8801,6.0392,-1.4855,-3.5745,-4.4254,4.3465,9.8178,-2.9521
0.5904,-3.1344,-7.1804,2.0315,-4.5995,0.8502,-1.0421,-8.0843,6.5595,-3.1565,-3.7125,-4.9285,3.6997,8.8254,-4.5648
0.8843,-3.1518,-6.4751,1.6704,-4.3724,0.4508,-1.0588,-6.8849,7.0033,-3.8763,-3.4708,-5.1288,3.5725,7.6111,-5.8369
0.7737,-2.7978,-5.5447,1.5991,-3.9328,0.3486,-1.3769,-5.9098,7.1097,-4.3299,-3.2141,-4.9715,2.6896,6.305,-6.467
0.7478,-2.3943,-4.811,1.5162,-3.4608,0.4356,-1.2588,-4.5838,6.7226,-4.889,-2.6907,-4.9861,1.9659,4.7065,-7.0259
0.8716,-2.0464,-3.1069,2.0223,-2.9458,0.1681,-1.5774,-3.1984,6.7053,-5.3339,-1.6571,-5.0261,1.1403,3.5041,-7.2374
0.936,-1.7422,-1.7719,1.8597,-2.3366,0.092,-1.2663,-1.7161,5.7695,-4.7512,-1.1778,-4.1566,0.2609,1.5072,-7.3599
1.1082,-1.4914,-0.6345,1.5581,-1.6992,-0.0278,-1.2598,-0.294,5.0295,-4.4171,-0.1736,-3.4034,-0.4646,-0.0101,-8.1856
1.1083,-0.8499,0.7009,1.5529,-1.1809,-0.0825,-1.1165,1.3912,4.5845,-4.0856,0.6008,-2.6515,-1.3048,-1.5476,-6.9458
1.016,-0.4227,2.244,1.3285,-0.8638,-0.0785,-0.6628,3.1516,3.7645,-3.7595,1.4951,-2.2731,-2.2026,-3.1371,-5.3399
0.9661,0.47,3.8641,0.816,-0.0498,0.0088,-0.4456,4.63,2.7839,-3.131,2.762,-0.8461,-2.7991,-4.6771,-3.9828
1.1215,0.8509,5.6201,0.5317,0.6402,-0.0386,-0.2499,5.9552,1.7682,-2.9118,3.793,0.4468,-3.0083,-5.952,-3.0898
1.0032,1.6951,7.0467,0.1298,1.7149,-0.1786,0.1505,5.9051,-0.2722,-2.5055,4.8823,1.5688,-3.5072,-7.3682,-1.9193
1.0145,2.4547,7.6037,0.1545,2.7465,-0.3487,0.5533,7.1013,-1.4937,-1.5902,5.8086,3.0711,-3.8456,-7.594,-0.285
0.8133,3.319,7.914,-0.2965,3.1171,-0.5209,1.2132,7.68,-2.8711,-0.0089,6.4806,4.0621,-3.7431,-7.7844,1.9588
0.6975,3.5295,8.6705,-0.684,3.0926,-0.4071,1.9115,7.6918,-3.6538,1.1696,6.7625,4.8552,-3.9659,-7.7013,3.9896
0.4646,3.4825,8.5765,-1.0247,2.9899,-0.1322,2.3839,7.3418,-4.3184,2.3438,6.9724,5.8334,-3.5882,-7.5306,5.7388
0.3982,3.5712,8.004,-1.1454,2.8213,-0.116,2.8331,7.5632,-4.1425,2.7009,6.6293,6.9404,-2.8559,-6.9281,6.598
0.1676,3.6428,7.7277,-1.4549,2.4264,0.0909,3.0819,6.4138,-4.9317,3.1489,6.5861,7.2377,-2.3512,-6.1921,7.9463
0.0894,3.4278,7.1028,-1.5637,2.4594,0.1987,3.1392,5.2318,-4.9751,3.0969,6.1535,7.1797,-1.6874,-4.9191,8.4078
0.084,3.5495,6.3749,-1.4597,2.2521,0.2285,3.1824,3.9907,-4.9434,3.7266,5.8357,6.8489,-1.0677,-3.7529,7.9804
0.1028,3.557,5.3742,-1.5301,1.8327,0.4013,2.8947,2.7832,-4.7162,3.5705,5.1935,6.0544,-0.6275,-2.4244,7.9667
0.1852,3.2503,4.1291,-1.4329,1.6979,0.3882,3.131,1.5828,-4.2417,3.6547,4.7772,5.7791,-0.0597,-1.2037,8.1309
0.2245,2.6698,2.7663,-1.0201,1.1415,0.4676,3.0035,0.5589,-3.6878,3.7104,4.1905,5.4357,0.399,0.0996,8.1354
0.1878,2.3916,1.9251,-0.9471,0.8025,0.6865,2.8915,-0.8225,-3.0118,4.1499,3.4634,5.4328,1.0945,1.4663,7.9226
0.2366,1.6374,0.5296,-0.8897,-0.0719,0.9171,2.4979,-2.2748,-2.56,3.496,2.3892,4.7033,1.7533,2.8234,6.9324
0.0862,1.4101,-1.5243,-0.6364,-0.6541,0.883,2.282,-3.615,-1.7283,2.7953,1.5179,3.9672,2.1133,4.5419,5.7097
0.2316,0.9504,-3.0619,-0.4804,-1.3694,0.6427,2.5581,-4.8279,-0.4848,2.081,0.5442,3.1101,2.6279,6.1206,4.6886
0.2395,0.1346,-4.0875,-0.0302,-2.0109,1.029,2.471,-5.7203,0.8552,1.3263,-0.8592,1.6284,3.0875,6.9108,3.3225
0.2912,-0.9552,-4.655,0.7571,-2.8853,1.3447,1.9209,-6.5188,1.9905,1.4624,-1.1952,0.5485,3.8396,7.9883,2.6606
0.2771,-1.0844,-5.7131,1.0522,-3.2697,1.3659,1.4736,-7.4424,2.8072,0.801,-1.725,-0.9308,4.2684,8.332,1.6392
0.3972,-1.5114,-6.1701,1.2011,-3.3259,1.2359,1.1935,-7.5695,3.8625,-0.0018,-2.0701,-1.8034,3.9594,8.4017,0.1513
0.3311,-1.3768,-6.3946,1.4635,-3.5966,1.1919,0.7128,-7.699,4.2277,-1.9928,-2.2412,-2.786,4.2003,8.0154,-1.808
0.5234,-1.8075,-6.6754,1.9475,-3.8336,1.141,0.0416,-7.8159,4.7833,-2.163,-2.2843,-3.5911,3.8886,7.7189,-3.1156
0.7486,-1.8496,-6.7049,2.0603,-3.507,0.9413,-0.1385,-6.8981,5.6772,-2.6266,-2.2477,-4.0119,3.5357,7.1442,-3.9882
1.1448,-1.9461,-6.279,1.7622,-3.7266,0.7406,-0.7611,-5.7517,6.1942,-2.3837,-2.098,-4.8928,2.849,6.2701,-4.6351
0.9524,-1.4216,-5.3899,1.8921,-3.957,0.9269,-0.9334,-4.8876,6.4567,-2.9281,-1.6306,-4.5538,2.0408,5.0488,-5.1455
1.1597,-1.1796,-4.3288,1.9179,-3.6806,0.7025,-1.1356,-3.995,6.1936,-4.4412,-1.2242,-4.2795,1.3053,3.5462,-6.068
1.3831,-1.2484,-3.0436,2.0812,-2.9119,0.4779,-1.4084,-2.1162,6.1873,-5.3157,-0.6215,-3.9384,0.5178,2.4823,-6.4882
1.2532,-0.5102,-1.2573,1.7122,-2.3496,0.0715,-1.274,-0.8062,5.3809,-4.8889,0.0891,-3.3132,-0.4844,0.8697,-6.5002
1.3547,-0.7816,0.0099,1.4316,-1.7133,-0.2155,-0.8915,0.8525,4.5303,-4.283,0.6491,-2.2637,-1.6504,-0.5689,-6.0629
1.0007,-0.0265,1.4138,1.3775,-1.0984,-0.2563,-0.7496,2.4367,3.4582,-4.2288,1.415,-1.6525,-2.2235,-2.2858,-5.3413
1.1279,0.6067,3.0791,1.0646,-0.941,-0.2323,-0.7825,4.1391,2.7971,-3.5408,2.5745,-1.2791,-2.7449,-4.2086,-4.2762
1.2337,1.5961,4.8684,0.5096,-0.0166,-0.4209,-0.4433,5.488,1.856,-4.1006,3.7023,-0.4917,-3.4155,-5.9988,-3.7992
1.0855,2.419,6.2422,0.1992,1.3256,-0.3722,-0.2119,6.8152,0.526,-3.4251,4.6533,0.9208,-3.8039,-6.9121,-2.8013
0.9346,3.3317,6.8579,-0.2621,2.2192,-0.5171,0.3255,8.3855,-0.7752,-2.6445,5.4237,2.3394,-4.3273,-7.5625,-1.3587
0.8535,3.8669,7.9137,-0.4034,2.9913,-0.5164,0.9276,8.6516,-2.1897,-1.953,6.2112,3.2734,-4.4085,-8.4652,0.2782
0.6252,4.2587,8.7041,-0.9677,3.674,-0.2578,1.6886,8.9215,-3.2196,-0.9237,6.5218,4.8869,-4.2977,-9.046,1.6367
0.4593,4.4027,8.9126,-1.2114,4.1363,0.0866,2.316,7.9946,-4.6414,0.6284,6.6,5.7364,-3.5613,-8.6623,3.4105
0.2771,4.4062,8.3742,-1.3827,3.7544,0.3592,2.8461,7.6344,-5.1034,2.321,6.6272,6.3534,-3.3296,-7.765,5.5994
0.5935,4.3389,7.9086,-1.561,3.9108,0.1611,3.7249,7.3943,-4.8048,3.616,6.4639,6.5247,-2.8137,-6.5106,7.2452
0.3726,4.4603,7.4562,-1.5953,3.0732,0.3201,4.1653,6.3311,-5.0935,4.319,6.2003,6.6311,-2.1251,-5.7599,9.1619
-0.2785,4.4787,6.6272,-2.0434,2.7584,0.7515,4.2242,5.1658,-5.4108,4.4937,5.3166,6.8063,-1.3289,-4.2138,9.4275
-0.2067,3.9228,6.4892,-1.407,2.3139,0.97,4.1268,3.9235,-5.1172,3.8611,5.3704,6.2025,-0.5854,-2.8934,9.6163
-0.0169,3.3992,4.8078,-0.9785,2.2427,1.0949,4.0502,2.1659,-5.2584,4.3931,4.9729,5.7781,0.2381,-1.2776,9.6122
-0.0831,3.0981,3.0147,-0.8577,1.8136,0.9224,4.1098,0.648,-4.6735,4.8248,4.1941,5.4665,1.0057,0.1347,10.2855
0.0292,3.0456,1.7539,-0.6394,1.1553,1.1762,2.7557,-1.1226,-3.9712,5.1635,3.1619,4.999,2.0778,1.728,9.8355
0.0171,2.11,0.5739,-0.1708,0.2331,1.2085,2.8965,-2.6697,-3.0511,4.6502,2.5368,3.847,2.7396,3.6758,8.5372
0.1081,1.6795,-1.0272,-0.356,-0.823,1.225,2.7659,-4.6919,-2.3119,3.6935,1.5131,3.2435,3.3801,5.3001,6.967
-0.0424,1.787,-3.279,-0.3472,-1.7463,1.2954,2.4102,-6.2974,-1.4663,3.3557,0.441,2.1841,3.8844,7.3236,5.6968
-0.0495,0.7758,-5.5475,-0.1841,-2.4483,1.3506,1.7965,-7.9753,-0.0893,1.8787,-1.5449,1.8539,4.297,8.6916,4.0151
0.1352,-0.6079,-7.534,0.7138,-2.9213,1.3713,1.5999,-8.358,2.2002,1.0028,-2.8058,0.1028,4.6115,9.753,2.2204
0.1094,-1.5509,-7.6993,0.8112,-3.7801,1.5724,1.2491,-9.0171,3.9775,0.31,-3.6387,-1.7927,4.5895,9.6882,0.3092
0.5184,-2.4855,-7.5677,1.4596,-4.2973,1.3334,0.1814,-8.5192,5.6068,-0.9591,-3.5437,-3.6151,4.5611,9.5549,-1.7359
0.7691,-1.9807,-7.3712,1.7374,-4.5232,1.3436,-0.2506,-8.3627,5.9982,-1.8921,-3.502,-4.3408,4.0992,9.0208,-3.9152
0.9572,-2.5398,-7.1381,2.2795,-4.9561,1.2211,-0.5229,-7.5173,6.4418,-3.5915,-3.2957,-4.8463,3.4852,8.3701,-5.5843
0.9378,-2.6554,-6.1728,2.1039,-4.2772,1.1686,-1.1263,-6.9273,6.7296,-4.3571,-2.9658,-4.3808,3.0989,7.5544,-6.4683
1.0457,-2.1097,-5.6983,2.116,-3.8675,1.181,-1.2836,-6.4527,6.2376,-4.7018,-2.5405,-4.4382,3.1277,6.2356,-6.8241
1.1859,-1.6506,-4.8504,1.9667,-3.4982,0.9692,-1.3752,-6.0183,6.0499,-4.5698,-2.2699,-4.3909,2.3585,4.9968,-7.4481
1.2027,-1.8976,-4.7215,2.2515,-3.0086,0.7027,-1.316,-4.3464,5.9075,-4.5305,-1.8396,-4.4916,1.4739,3.5823,-7.5093
1.4886,-1.528,-3.268,2.4713,-2.7837,0.4919,-1.1131,-2.7809,5.973,-4.77,-1.16,-4.6022,0.8694,2.0568,-7.3464
1.4918,-1.025,-1.806,2.42,-2.3958,0.1633,-1.1595,-1.4909,5.5992,-4.8334,-0.2248,-4.0052,0.0022,0.7712,-6.8943
1.3681,-0.3672,-0.4946,2.123,-1.667,-0.2019,-0.9646,-0.0096,4.4928,-4.4816,0.4695,-3.4531,-0.7045,-0.709,-6.1969
1.2172,0.0105,0.8963,1.7927,-1.5186,-0.1033,-0.6573,1.7623,3.3232,-4.2559,1.6081,-2.8015,-1.3068,-2.5009,-5.3426
1.2849,0.4623,2.0545,1.5152,-0.8649,-0.4832,-0.8174,3.3983,2.6659,-4.3753,2.3109,-1.7617,-2.0275,-3.8379,-4.5369
1.1034,1.3841,4.1389,1.6857,0.0376,-0.7233,-0.298,4.6132,1.9385,-4.1209,3.5114,-0.5341,-2.7668,-5.2967,-3.8802
1.2007,1.7461,5.0748,1.2023,0.991,-0.6976,0.1629,5.5887,0.6469,-3.3192,4.41,0.9598,-3.0737,-6.4862,-2.7682
1.0648,2.9263,6.3921,0.4992,1.866,-0.7736,0.6476,6.7029,-0.332,-1.7771,5.3789,2.4111,-3.6194,-7.0869,-1.1475
0.981,3.2273,6.5077,0.0404,2.4692,-0.5265,1.1349,7.0905,-1.9304,-0.8525,5.9604,3.7871,-3.4892,-7.46,0.7346
0.763,3.4889,7.3423,-0.1431,2.4555,-0.5121,1.5533,7.2373,-3.0149,-0.1766,6.1278,4.845,-3.4836,-7.8128,2.2082
0.6797,3.885,7.8011,-0.9287,2.2556,-0.4922,2.1502,7.2224,-3.7662,0.522,6.2676,5.829,-3.338,-7.3391,4.0106
0.4042,4.2182,7.818,-1.4182,2.5161,-0.2814,3.51,6.955,-4.2636,1.4123,6.2422,6.2504,-2.6601,-6.4302,5.425
0.3531,3.9936,7.276,-0.9263,2.644,-0.0341,3.5966,5.759,-4.6457,1.7115,5.6671,6.5233,-1.6207,-6.0741,6.2454
0.3301,3.8329,7.2275,-1.3226,2.6071,0.4536,3.5076,4.2508,-4.9739,3.0539,5.6125,6.0917,-0.9411,-5.2567,7.3095
0.3532,3.6579,6.1143,-1.5118,2.3838,0.4198,3.6177,3.1895,-4.92,3.7768,4.9175,6.0675,-0.8383,-3.6832,7.7846
0.2773,2.9037,4.408,-0.8239,2.8836,0.4119,4.0535,2.3343,-4.3329,4.9557,4.7554,5.686,0.0541,-2.1203,8.6242
0.1638,2.6282,3.4172,-1.1773,1.7238,0.6353,4.316,1.1091,-3.7894,5.9384,4.0187,5.1917,0.9586,-1.082,9.2137
0.0791,3.4295,2.7894,1.5107,0.7191,0.7645,3.5623,-0.2731,-3.386,4.9445,4.6855,4.581,1.7856,0.6023,9.5303
-0.0091,3.0073,1.0227,0.2662,0.3618,0.8138,3.7957,-2.055,-3.1501,4.3057,3.7665,4.2504,2.6545,1.4826,9.1067
0.0536,2.408,-0.2556,-0.2241,0.0282,0.8,4.148,-3.9082,-2.3333,4.3126,3.091,3.8244,3.2458,3.1537,8.6022
0.1896,1.3356,-2.0288,-0.4078,-0.7634,0.8223,3.9406,-5.5132,-1.7331,4.5585,1.7827,3.6847,4.2785,4.8289,8.2099
0.1398,1.0239,-3.8566,-0.2912,-2.0219,0.0537,3.7569,-7.1018,-0.4987,3.8855,0.3004,3.3826,5.0045,6.5249,6.943
0.1925,-0.838,-5.265,0.4284,-3.0511,0.1154,3.3215,-7.1065,1.2635,2.4227,-1.066,2.1079,5.3767,8.0056,5.0903
0.1457,-1.1752,-5.6041,1.1327,-3.9888,0.4615,2.6314,-8.4314,2.4591,2.1733,-1.6229,0.5676,5.8801,8.8345,3.4532
0.2636,-1.6416,-6.4151,1.3874,-4.0017,0.3216,1.7796,-9.1185,3.2877,2.0022,-2.1129,-1.055,5.4201,10.161,2.5141
0.2565,-1.7433,-7.5663,1.9388,-4.7646,0.3464,1.5171,-9.7726,4.1379,0.9059,-2.5969,-2.3163,5.5796,10.4571,1.5664
0.337,-2.4355,-8.0558,2.314,-5.0772,0.6008,0.3733,-10.1693,5.0825,-0.0241,-3.09,-3.5538,5.6492,10.6535,-0.3738
0.5237,-2.6625,-8.1997,2.2978,-4.8347,0.7384,-0.1913,-10.5552,5.6946,-0.8432,-3.4156,-4.3769,5.3656,10.3847,-2.3922
0.6524,-2.6469,-8.2511,2.4178,-5.0657,0.9029,-0.4702,-9.826,6.3992,-2.3081,-3.5073,-5.0283,4.6498,9.5797,-4.2265
0.891,-2.9558,-8.1721,2.2029,-5.0158,0.9647,-0.8065,-9.1714,6.7835,-3.6436,-3.4492,-5.5913,4.131,8.7593,-5.7349
1.033,-2.5518,-7.3291,2.1212,-4.6729,0.8155,-1.0476,-8.1317,7.3134,-4.0625,-3.4531,-5.5174,3.3702,7.7679,-6.774
1.1191,-2.4144,-6.4831,2.3836,-4.4944,0.6803,-1.4571,-6.4561,7.5675,-4.7548,-2.8568,-5.6374,2.597,6.2648,-7.6659
0.9569,-1.9758,-5.2793,2.3549,-4.2422,0.4738,-1.3693,-4.9883,7.0633,-4.9113,-2.1261,-5.6417,1.5489,4.3432,-7.882
1.0598,-1.4907,-3.4576,2.1334,-3.5778,0.0673,-1.5382,-2.7937,7.1015,-5.1894,-1.1237,-5.1925,0.5425,2.597,-7.9739
1.0914,-1.0893,-1.6197,1.8712,-3.0096,-0.2293,-1.3679,-1.7789,5.7945,-5.1031,-0.274,-4.5011,-0.1363,0.842,-7.6636
0.9566,-0.377,-1.0116,1.5551,-2.1532,-0.3147,-1.5416,0.264,5.142,-5.7527,0.6937,-3.8408,-1.1787,-1.2017,-7.5106
1.0715,-0.1349,0.8394,1.3605,-1.5077,-0.5982,-1.1194,2.869,4.85,-5.7063,1.2621,-2.3847,-2.4665,-3.3657,-7.0602
1.3358,0.4458,3.1364,1.474,-0.8163,-0.7218,-0.8041,5.0517,3.8043,-5.8044,2.625,-1.7455,-3.1268,-5.4745,-5.9926
1.2482,1.4297,5.1984,0.8222,0.3443,-0.8477,-0.2503,6.4819,2.0998,-4.5868,3.9889,-0.458,-3.7336,-7.4249,-4.8353
1.063,2.7221,7.2317,0.5742,1.1869,-0.7494,0.4639,7.5036,0.5967,-3.0847,5.2518,0.1965,-4.1305,-8.4025,-2.9752
0.9023,3.7272,8.2551,-0.2623,1.9961,-0.5359,0.9524,8.4734,-1.3106,-2.3158,6.1729,1.8267,-4.2927,-9.4027,-1.5493
0.8732,3.8293,8.5529,-0.4753,2.7501,-0.5048,1.6186,8.918,-2.8052,-1.3668,6.5799,3.3109,-4.1959,-9.6807,0.2738
1.0909,4.0631,9.1887,-1.0,3.3165,-0.5448,2.6236,9.1224,-3.7718,-0.2417,7.0941,4.4581,-4.0046,-9.7484,2.1895
0.8458,4.0908,9.4641,-1.2343,3.3828,-0.287,3.8827,8.869,-4.4679,1.8843,7.4761,5.5995,-3.4846,-9.4755,4.1735
0.6566,4.4094,9.2837,-1.223,3.4682,-0.2133,3.9438,8.3317,-5.3468,3.3167,7.6893,6.4385,-2.8673,-8.4901,6.8143
0.3592,4.354,8.1822,-1.6826,3.3581,0.0887,4.3007,7.3911,-5.919,4.4502,7.0431,6.9106,-1.4499,-7.1709,8.3533
0.2705,5.2573,7.5001,-1.8508,2.5626,0.3156,4.2216,5.9151,-5.6247,4.7429,6.4384,6.7638,-1.1924,-6.1077,9.0239
0.2445,3.9312,6.4909,-1.302,2.6476,0.8827,4.5292,4.9025,-5.2926,3.7072,6.0493,6.7267,-0.5336,-4.2346,9.0613
0.2757,3.1989,5.3143,-0.8178,2.2095,1.022,4.5699,3.4805,-5.0813,4.8143,5.6498,6.1627,-0.0765,-2.8702,9.9011
0.3835,2.9748,4.0188,-0.8794,1.8347,1.2344,4.4622,2.0583,-4.3896,5.5949,4.8398,5.3059,0.4522,-1.1071,9.9899
0.4635,2.5205,3.5546,-0.5555,1.2662,1.2761,4.2928,0.6123,-3.7048,5.7988,4.6254,5.174,1.3008,0.596,10.0984
0.4773,2.5953,2.2374,-1.1298,0.4511,1.1992,4.4023,-1.1264,-3.5619,5.88,3.6985,4.9009,2.316,1.9165,9.8913
0.5904,2.5668,0.7126,-0.9046,-0.1439,1.0439,3.7981,-2.8171,-2.7959,5.6292,2.8753,3.8817,3.4307,3.9755,9.3004
0.423,1.708,-1.2284,0.27,-0.8911,1.2117,3.5307,-5.2484,-2.3392,5.1932,2.3828,3.2354,4.1982,5.7449,8.6385
0.4542,0.7871,-4.0773,0.5076,-2.0145,1.4356,3.3397,-7.6529,-1.4848,5.1678,1.3004,2.7018,5.1069,7.8267,7.6902
0.3908,-0.0926,-6.1837,0.7213,-3.0854,1.4104,2.7085,-8.5595,1.0637,4.058,-0.4985,1.729,5.7554,9.6927,6.2037
0.3357,-1.1828,-7.4267,1.0751,-4.2747,1.4256,2.1022,-10.1696,2.3508,2.6967,-2.2963,0.1391,6.5091,10.7785,4.5456
0.0991,-2.1554,-8.7677,1.5901,-5.0789,1.6079,1.1674,-10.7603,4.1163,1.5587,-3.0833,-1.625,6.3034,11.8944,2.4922
0.3713,-2.6272,-9.545,2.4917,-5.1652,1.5769,0.3669,-10.7529,5.7964,0.3844,-3.3746,-3.3195,6.1398,12.5037,0.3817
0.5659,-2.9637,-9.244,2.4354,-5.6656,1.413,-0.3383,-11.2254,6.496,-0.7093,-3.3029,-4.4165,5.8929,11.9473,-1.9837
0.7875,-2.9241,-9.4499,2.8753,-5.5082,1.3349,-0.7319,-10.9419,7.0905,-2.4169,-3.5763,-5.0275,5.166,11.1889,-4.2036
0.83,-2.971,-9.0561,3.0006,-5.5181,1.472,-0.7307,-10.1972,7.7098,-3.3725,-3.6999,-5.4909,5.0161,10.2678,-5.6201
0.8529,-2.9631,-9.3132,3.0944,-5.2215,1.1857,-1.1778,-9.3228,7.6707,-3.4557,-3.5862,-5.8441,4.4177,9.4124,-6.4404
0.9527,-3.0602,-8.1565,2.7831,-5.1607,1.1901,-1.4084,-7.9629,8.2326,-4.4823,-3.481,-6.2679,3.5178,7.8728,-7.2744
0.8659,-2.8757,-6.9542,3.0484,-4.771,1.1868,-1.5372,-5.927,8.4334,-4.8631,-2.8672,-6.0861,2.5702,6.5277,-7.7654
1.0425,-2.6614,-5.1093,2.9599,-4.2942,0.8799,-1.8028,-4.1885,8.0248,-5.6171,-2.2685,-6.2356,1.6199,5.0881,-8.1279
1.1617,-1.9309,-2.9397,2.8538,-3.6759,0.4102,-1.5231,-2.639,7.1486,-5.426,-1.5001,-5.4372,0.9201,2.9157,-7.9984
1.3018,-1.2623,-1.2074,2.6996,-2.8136,-0.0543,-1.2129,-0.6381,6.2703,-4.8582,-0.2545,-3.9922,-0.1221,1.4239,-6.9448
1.3923,-0.5526,-0.1744,2.4592,-2.0359,-0.3884,-1.0771,1.3458,5.0087,-4.7893,0.6644,-3.5008,-0.9429,-0.3176,-6.2501
1.3401,0.9875,1.8651,1.8934,-1.5451,-0.5891,-0.7979,3.4757,4.172,-4.671,1.6682,-2.8501,-2.1759,-2.1706,-5.3637
1.1835,1.3774,3.7317,1.26,-1.1009,-0.7555,-0.5663,5.2331,3.1562,-5.0495,2.7335,-1.6671,-2.7153,-4.259,-4.7163
1.1419,2.1132,5.4086,0.7199,-0.1797,-1.0787,-0.3282,6.6513,1.7132,-4.7022,4.0383,-0.6365,-3.5763,-5.7774,-3.6967
0.9244,3.0496,7.127,-0.1123,1.1711,-0.9427,0.3414,8.0926,0.8219,-4.0755,4.8078,0.6074,-3.9446,-7.0035,-2.8117
0.9404,3.605,8.6525,-0.3417,2.056,-0.7681,0.8416,8.3167,-1.1585,-2.8454,5.567,1.6421,-3.8238,-8.133,-1.4412
0.8006,3.638,9.123,-0.2006,2.8192,-0.7634,1.4818,8.8688,-2.748,-0.6467,6.4917,3.1132,-3.4922,-8.3182,1.0027
0.6508,3.9208,9.0674,-0.4663,3.0217,-0.4801,2.3203,8.6423,-4.1866,0.2406,6.9493,4.7372,-3.2249,-8.8908,2.7641
0.7882,4.0114,9.7054,-0.6728,3.2475,-0.6019,3.0114,8.6568,-4.7644,1.7319,7.3712,5.5742,-2.8635,-8.083,4.8329
0.728,4.3786,9.0963,-1.1044,3.7172,-0.5487,3.2796,8.0564,-5.5351,3.4016,7.1292,6.0752,-2.5642,-7.1955,6.8925
0.6616,4.5791,8.6292,-1.2279,2.8894,-0.338,3.4265,7.1722,-5.673,3.8683,6.4993,6.741,-1.8446,-6.288,8.1969
0.2303,4.4332,7.7871,-1.1419,2.6775,-0.0373,3.7785,5.3757,-6.3334,4.1695,6.344,7.0739,-1.1114,-4.7815,9.1226
0.3636,4.034,5.5174,-1.1226,2.6445,0.1382,3.7827,4.5761,-5.6672,4.9219,5.4816,6.5242,-0.5875,-3.1918,9.7713
0.4356,4.5843,4.787,-1.4318,1.9494,0.4724,3.9405,3.848,-4.3204,4.4924,4.7299,5.8715,-0.3151,-1.8731,9.5249
0.3727,3.3864,4.7731,-0.8275,1.1963,0.6371,3.8341,2.1202,-4.1394,3.9271,4.2765,5.7211,0.3093,-1.1539,9.3275
0.135,3.106,3.343,-0.3883,1.0211,0.9757,3.5425,1.1126,-3.8379,4.3774,4.2961,5.0593,1.2,0.1866,9.2251
0.1922,2.8572,2.1313,-0.5084,0.5677,1.0413,3.1372,-0.8571,-3.8156,4.583,3.8582,4.7463,2.3594,1.2106,8.9338
0.2425,2.4525,0.6163,-0.7129,0.1958,0.886,3.0235,-2.4332,-2.9704,4.4731,2.9509,4.0947,3.0561,2.976,8.5559
0.0009,1.6092,-0.951,-0.3872,-0.5043,0.9266,2.9834,-4.1976,-2.3676,4.4018,1.7933,3.5673,3.9947,4.8006,7.4978
0.2535,1.2605,-3.27,0.2616,-1.382,1.0548,2.6559,-6.054,-1.4322,3.9911,0.9202,2.5735,4.8983,6.2212,6.6741
0.34,0.3568,-4.2775,0.6472,-2.1052,0.9565,2.1573,-7.5293,-0.2166,3.5073,-0.2587,1.8846,5.1228,7.8817,6.1306
0.3534,-0.6611,-6.2216,0.7448,-2.8487,1.0712,1.644,-8.221,1.0255,3.0674,-1.3345,0.8978,5.5155,9.2382,4.9255
0.09,-1.212,-7.0546,0.7391,-3.8837,1.0877,1.3021,-9.1143,2.7029,1.9024,-2.4979,-0.9836,5.8809,10.1037,3.1061
0.0924,-1.8501,-7.8209,1.3796,-4.4417,1.2094,0.8228,-9.2192,4.3345,1.1257,-3.227,-3.0259,5.7909,10.4466,1.1962
0.1813,-1.9993,-7.8101,2.0145,-4.7962,1.3854,0.5816,-9.3387,5.401,-0.3256,-3.5431,-3.7541,5.8484,10.508,-0.7713
0.3363,-2.4902,-8.0315,2.3335,-5.1113,1.1247,-0.3552,-9.0172,6.0214,-1.7854,-3.7421,-4.5599,5.4859,10.2561,-2.9053
0.4928,-2.8645,-7.5578,2.6876,-4.8316,0.7202,-0.8859,-8.8568,6.2526,-2.88,-3.0794,-5.7477,4.929,9.4395,-4.3931
0.5654,-2.2637,-7.4511,2.5492,-4.5005,0.7189,-1.2571,-8.3326,6.6035,-3.7836,-2.8347,-5.5985,4.3648,8.0682,-5.4417
0.9494,-2.0618,-7.1609,2.179,-4.5167,0.4492,-1.1965,-7.0637,6.8994,-3.9904,-2.7523,-4.9987,3.5672,7.1262,-6.5205
1.1094,-2.149,-6.0951,2.1809,-3.9457,0.3094,-1.4451,-5.8678,6.9341,-4.5059,-2.7254,-4.9954,2.8688,5.8307,-6.997
0.9354,-1.6709,-5.1367,1.2576,-3.6969,0.1488,-1.7888,-4.1883,6.7313,-4.0516,-2.7388,-5.2155,2.2691,4.62,-7.1962
1.0055,-2.2989,-3.5795,1.8088,-3.6357,-0.0087,-1.8012,-2.8929,6.4951,-4.9168,-2.0796,-5.1177,1.2224,3.0593,-8.0005
1.2578,-1.8086,-2.6474,1.1849,-2.8377,-0.2561,-1.7466,-1.0667,6.1967,-5.0166,-1.4911,-4.833,0.0958,1.5081,-7.9604
1.1116,-0.9623,-0.6684,1.6994,-2.2466,-0.2045,-1.6125,1.2776,5.6185,-4.9543,-0.264,-4.1787,-0.6347,0.0608,-7.3819
0.9768,-0.3554,1.767,1.5683,-1.5044,-0.3512,-1.4397,2.8909,4.3561,-5.118,1.1457,-3.1363,-1.6793,-2.4735,-6.3271
0.9315,0.1231,3.4021,1.3862,-0.5661,-0.5354,-1.046,5.0381,3.1657,-4.7939,2.5743,-2.1967,-2.6126,-4.3481,-5.0959
0.7765,1.2632,5.3217,0.986,0.6497,-0.3777,-0.6716,6.609,1.774,-3.154,4.1681,-0.834,-2.8967,-5.7033,-3.6479
0.5916,2.22,6.7964,0.6095,1.4502,-0.6707,-0.1174,7.4711,0.0764,-2.5549,5.2671,0.3127,-3.2851,-7.0027,-1.7564
0.4601,3.0132,7.7127,0.08,2.7912,-0.6915,0.5039,7.9566,-1.7331,-1.3857,6.1252,2.2433,-3.2542,-7.6809,0.1692
0.472,3.39,8.2191,-0.3005,3.3326,-0.7838,1.2419,8.4871,-3.0506,0.2741,7.0788,4.1317,-3.3961,-8.4356,2.3795
0.3205,4.4016,8.6016,-1.0504,3.298,-0.556,2.0087,8.3972,-4.1352,1.8538,7.0871,5.7195,-3.1179,-8.2834,5.0201
0.1285,4.3285,8.227,-1.5103,3.2358,-0.2271,2.3849,7.7842,-4.9942,2.8701,6.893,6.3753,-2.5075,-7.8351,6.718
0.041,3.9925,7.626,-1.6502,3.0689,0.1419,2.9166,6.416,-5.5498,3.6605,6.6032,6.7075,-1.8055,-6.5132,8.04
-0.1866,3.8495,6.6234,-1.6437,2.9021,0.3235,3.5239,4.6745,-5.861,4.176,6.1962,6.9187,-1.1269,-4.9302,9.0524
-0.1831,3.6256,5.0848,-1.518,2.2776,0.5756,3.9514,3.4009,-5.3892,5.5492,5.7822,6.5094,-0.183,-2.7999,10.088
-0.3565,3.1336,3.9037,-1.506,1.7633,0.607,4.0548,1.9505,-4.6284,5.7253,5.0351,6.3516,0.8569,-0.6746,10.6401
-0.4332,2.7318,2.5165,-1.2517,0.8643,0.839,3.7204,0.0624,-4.4001,5.8748,4.3887,5.4712,2.0048,0.7614,10.4116
-0.4861,2.4105,0.5296,-1.2059,-0.0626,0.8671,3.385,-1.5708,-3.661,5.2826,4.1583,4.7236,3.0209,2.6389,10.3495
-0.3519,2.0146,-1.1219,-0.8771,-0.919,0.8838,3.0901,-3.8414,-2.8167,4.6271,2.7762,4.8326,3.7302,4.5715,9.0528
-0.376,1.3454,-3.0359,-0.7005,-1.6994,1.1086,2.7529,-6.9227,-2.2012,3.842,1.1099,3.9971,4.8133,6.678,7.2395
-0.1002,1.3872,-5.4972,-0.3706,-2.3453,1.0887,2.7959,-7.7172,-0.4818,3.9313,-0.5512,2.7939,5.4501,9.2027,6.254
-0.0693,0.2252,-6.9745,-0.163,-3.4516,1.3783,2.0939,-9.3025,0.6477,2.7909,-2.0369,1.0917,5.9718,10.3623,4.5312
-0.0679,-0.8688,-8.5031,0.1891,-4.2738,1.2842,1.511,-9.7212,3.0026,1.5627,-2.9893,-0.5562,5.668,10.9907,2.083
-0.2798,-2.0043,-9.1728,1.3192,-4.5614,1.2506,1.0387,-9.6854,5.1021,0.3502,-3.4125,-2.7625,5.7148,11.1359,0.1245
0.2166,-2.6448,-8.7927,1.9144,-5.2831,1.2665,0.3565,-9.5488,6.1292,-0.4004,-3.5665,-3.9573,5.4943,10.6154,-1.4877
0.4731,-2.7741,-8.3768,1.9198,-5.1695,1.3159,-0.1349,-9.4935,6.2607,-1.2918,-3.3485,-4.5349,4.8892,10.0842,-3.1543
0.4834,-2.243,-7.7505,1.8438,-5.0305,1.2896,-0.7367,-8.6441,6.3961,-2.1409,-3.404,-4.7707,4.3125,9.4491,-4.1155
0.27,-2.354,-7.9025,1.8975,-4.9308,1.2855,-1.1703,-7.3499,6.8454,-3.5204,-3.054,-5.3052,3.3594,8.216,-5.7396
0.4363,-2.4807,-6.7485,1.8733,-4.9564,1.1084,-1.2109,-6.3008,6.9548,-4.1448,-2.7836,-5.1977,2.8227,7.1004,-6.4571
0.3967,-2.1584,-5.7658,1.7017,-4.4181,0.8966,-1.3599,-4.7924,6.8242,-4.9999,-2.7625,-4.9829,1.8842,5.4896,-7.622
0.7398,-2.2209,-3.314,1.735,-3.8517,0.5287,-1.4631,-2.8069,6.7248,-5.3207,-1.5906,-4.5798,1.0819,3.7812,-7.841
0.9166,-1.3245,-2.0327,2.0407,-3.2959,0.2213,-1.3953,-1.5593,5.6314,-4.7128,-0.3361,-4.3087,0.0098,2.0404,-7.3304
0.9812,-0.878,-0.3357,1.6671,-2.576,0.0049,-1.422,0.5891,5.069,-4.5743,1.1016,-3.8218,-1.2727,0.3273,-6.5727
0.782,-0.1558,0.7535,1.2325,-2.0343,0.0902,-1.0438,2.1627,3.9508,-4.0914,1.6959,-2.6767,-1.7831,-1.6467,-6.0497
0.9561,0.2309,1.7682,1.1303,-1.4923,0.1678,-0.5134,3.8015,3.082,-3.517,2.3842,-1.7227,-2.3257,-3.385,-4.8923
0.8801,1.5213,3.7647,0.4017,-0.8257,-0.2551,-0.0397,5.0041,2.1193,-3.437,3.6356,-0.8773,-2.71,-4.8634,-3.7857
0.8259,2.1422,5.2969,0.0591,0.3741,-0.4493,0.175,6.2479,1.0487,-2.9873,4.4025,0.6942,-2.2994,-5.7781,-2.5301
0.833,2.8972,6.4857,-0.2879,1.235,-0.363,0.6352,6.5141,-0.9067,-1.9111,5.2578,2.1191,-2.9828,-6.6197,-1.4578
0.7777,2.629,7.1483,-0.6303,2.5004,-0.0747,1.2984,6.6582,-1.9948,-0.2156,5.9649,3.4314,-2.9574,-6.9826,0.4973
0.7933,3.5479,7.3115,-1.2988,2.735,-0.1391,2.1251,6.7012,-3.2014,1.8184,6.2865,4.3396,-2.8492,-6.5848,2.7192
0.5296,3.2569,7.4269,-1.4946,2.5323,0.0833,2.7434,6.656,-3.7804,3.1224,6.5047,4.5684,-2.6044,-6.0581,4.9399
0.6917,3.2792,7.4171,-1.2384,2.3083,-0.0555,3.0982,6.5175,-4.0979,3.7143,6.521,7.0878,-2.0889,-5.1825,6.3524
0.6142,4.0228,6.8987,-2.6807,2.4767,-0.298,3.3567,5.6536,-4.8579,4.3166,5.7311,7.5697,-1.3797,-3.9233,7.7296
0.4688,3.4452,6.2325,-2.3307,1.9063,-0.1934,3.5403,4.7775,-4.8363,4.5735,5.2187,6.9433,-1.4493,-2.941,8.439
0.4084,3.4776,5.2395,-1.846,1.8884,-0.1074,3.7286,3.7135,-4.5125,4.7317,4.8268,6.2895,-0.7159,-1.4882,8.7657
0.1229,3.4678,4.1856,-1.7372,1.5308,0.1584,3.7808,2.4653,-4.4515,4.945,4.3846,5.1835,0.0403,-1.3995,8.5715
-0.0591,2.4122,3.4295,-1.4105,0.9485,0.3079,3.7839,1.6748,-3.7354,4.3664,3.7942,4.9735,0.5963,-0.1398,8.4289
-0.1262,1.8781,2.7931,-0.8865,0.6866,0.4076,3.4654,0.8114,-2.9402,4.4978,3.969,4.5479,1.1059,0.9196,8.0496
-0.2312,1.6753,1.6628,-0.5193,0.4166,0.8645,3.2133,-0.6587,-3.025,4.8906,3.5438,4.3085,1.5845,1.9343,8.1249
-0.1532,1.674,0.7594,-0.166,0.0424,0.8803,3.1299,-2.3764,-2.4337,5.1572,3.5127,3.5993,2.6389,3.3503,7.9141
-0.2244,0.9366,-1.1189,-0.0659,-0.3219,1.104,2.8894,-3.3816,-1.7735,4.6955,3.0378,3.6437,2.8773,5.0413,7.9388
-0.2008,0.807,-2.2736,-0.1395,-1.1856,1.6532,2.7385,-5.4665,-1.4617,4.7262,2.5513,3.3857,3.5635,6.2656,7.15
0.0671,0.2376,-4.6129,-0.1274,-2.0177,1.7324,2.4518,-7.0895,-0.8137,4.3652,1.2776,3.1951,4.4845,7.9682,6.3942
0.0319,-0.7192,-6.3649,0.1819,-3.0594,1.619,1.9992,-8.76,0.6299,3.0326,-0.4647,1.87,5.0104,9.4471,5.1387
0.1305,-1.3842,-8.2223,0.486,-3.51,1.5985,1.3814,-9.6511,2.0777,2.5525,-1.9263,1.1628,5.0543,10.9076,3.5976
0.0619,-2.0821,-8.1358,1.021,-4.2734,1.3035,0.7764,-10.2098,4.1774,1.7024,-2.522,-0.5716,5.3995,10.6564,1.8744
0.1238,-2.4852,-8.7482,1.3801,-4.7317,1.1783,0.3641,-10.3891,5.0909,0.7591,-3.0237,-2.2007,5.1203,11.2893,0.0146
0.2722,-3.1278,-9.3457,2.4987,-4.9433,1.0639,-0.2283,-9.715,6.3163,-0.8015,-3.0551,-3.5285,4.995,10.9651,-2.103
0.3308,-3.235,-8.7059,2.1599,-5.312,1.0,-0.7711,-8.5609,6.9043,-1.9927,-3.2168,-4.7004,4.45,9.9869,-3.9478
0.4653,-3.5141,-7.7107,2.3333,-5.0574,0.9411,-1.3023,-8.1497,7.0403,-3.2057,-3.0714,-5.0669,3.6905,8.6899,-5.2517
0.7113,-3.2926,-7.0027,2.2502,-4.8991,1.0204,-1.4738,-7.0651,7.1891,-3.3446,-2.5868,-5.1134,3.1469,7.7691,-6.2981
0.5469,-2.6766,-5.9571,2.041,-4.5481,1.1745,-1.6943,-6.1542,6.7544,-3.4721,-2.125,-5.2457,2.2355,6.7048,-6.866
0.5622,-2.6699,-5.148,2.0815,-3.9997,1.0603,-1.4031,-4.8822,6.5881,-4.4228,-1.4565,-4.6315,1.532,5.5066,-7.1505
0.7033,-1.9389,-3.8505,1.6772,-3.4734,0.5789,-1.4809,-3.7931,6.2887,-4.1197,-1.0787,-4.2427,0.7927,4.2827,-7.0697
0.7833,-1.5936,-2.9358,1.6097,-2.869,0.145,-1.0927,-2.1199,5.9311,-4.2677,-0.3926,-3.6374,0.0581,3.1897,-6.8431
0.847,-1.1315,-1.6367,1.4923,-2.578,0.4999,-0.938,-0.5463,5.0092,-4.4618,0.2689,-3.0371,-0.7086,1.8539,-6.2764
0.7994,-0.6033,-0.2355,0.869,-2.4002,0.2656,-0.8539,1.0605,4.5159,-4.5033,0.5219,-2.5331,-1.2839,0.1941,-6.0225
0.7171,0.0223,1.4364,1.2334,-1.4674,0.3358,-0.5102,2.8356,3.7641,-3.948,1.6417,-1.8824,-1.8175,-1.3114,-5.4173
0.7906,0.5275,3.2526,0.7275,-0.903,0.1562,-0.3799,4.1042,2.4894,-3.93,2.7082,-0.928,-2.5515,-3.1392,-4.543
0.7579,1.1658,4.7911,0.3816,0.0614,-0.0476,-0.0228,5.4206,1.531,-3.7911,4.2158,-0.1759,-4.232,-4.1851,-3.3085
0.6432,2.0644,5.3183,0.0469,1.3464,-0.3054,0.3656,6.4895,0.4902,-2.5647,5.0529,1.3626,-3.842,-5.3581,-2.0591
0.7456,2.844,7.0518,-0.4463,2.0275,-0.2812,0.7398,7.0745,-0.8126,-1.1783,5.5127,3.3586,-3.5632,-6.5646,-0.4887
0.5608,2.9136,7.5355,-0.8019,2.6029,-0.2631,1.3579,7.4417,-2.7426,-0.3335,6.0553,4.3436,-3.3237,-6.5137,0.9619
0.5698,3.0409,7.8079,-0.8876,2.5556,-0.0113,1.968,7.462,-3.3604,0.3403,6.0334,5.2412,-3.3932,-6.4295,2.5563
0.3779,3.2244,7.6731,-1.1381,2.9186,-0.0393,2.8435,6.3146,-4.4548,1.2399,6.3068,5.8202,-2.7813,-6.0384,4.3859
0.2028,3.2694,7.0153,-0.989,3.1086,-0.0694,3.6779,6.044,-4.5528,3.3659,6.4436,6.2735,-2.2115,-5.0242,6.4342
0.2407,2.983,6.1238,-0.8948,2.5638,0.0911,3.9504,5.1282,-4.6668,4.7998,6.5179,6.792,-1.3868,-4.0047,8.225
0.0711,3.1499,5.4154,-1.2379,1.8847,0.1314,3.8759,3.2549,-4.8611,5.5078,5.6724,6.7014,-0.5517,-2.7714,9.0848
-0.1151,2.1471,4.3534,-1.0426,1.5138,0.2454,3.9393,3.0092,-3.9932,4.9205,5.146,6.4058,-0.3002,-0.8826,9.5037
-0.113,1.9167,3.4575,-0.836,1.0601,0.4982,3.9193,1.0524,-4.0159,5.1135,4.8556,5.9596,0.5136,0.3225,9.7551
-0.1186,2.1033,1.8251,-1.105,0.8341,0.8577,3.721,-0.3974,-3.7304,5.6649,4.046,5.8235,1.422,2.1513,9.9422
-0.2144,1.6915,0.4189,-0.9644,0.1834,1.273,3.2135,-2.1309,-3.0145,5.323,2.9904,5.5845,2.3057,3.6527,9.3437
-0.2762,0.9306,-0.7492,-0.5541,-0.5328,1.5416,3.0525,-4.0629,-2.3982,4.918,1.7911,4.3536,2.8697,5.1488,8.0576
-0.003,0.4522,-2.0736,-0.2306,-1.2928,1.5274,2.8078,-5.4261,-1.3188,4.763,1.0174,3.361,3.6223,7.4393,7.1697
0.2886,0.1512,-4.0642,0.1548,-1.7927,1.3473,2.3428,-7.0521,-0.3155,4.4313,0.1388,2.2215,4.474,8.9947,6.1965
0.2681,-0.6777,-5.4393,1.0552,-2.8269,1.8039,2.1437,-8.856,0.7149,3.7449,-0.6083,1.082,4.7604,10.1846,5.0905
0.207,-1.2152,-6.8286,1.2735,-3.6141,1.6388,1.6638,-10.0989,1.7695,2.5016,-1.5595,0.071,5.3184,11.2536,3.7908
0.1693,-2.4267,-8.248,1.993,-4.2035,1.4541,0.8685,-10.5633,3.5063,1.6369,-2.29,-1.821,5.2084,12.2464,1.9461
-0.1015,-2.7618,-8.463,2.4254,-5.0614,1.4904,0.195,-10.516,5.1157,0.2988,-2.9848,-3.5174,4.9856,12.3817,0.1748
0.153,-2.807,-8.6936,2.4391,-5.4351,1.4133,-0.2848,-9.879,6.4723,-1.2734,-3.3117,-4.0846,4.3582,11.9363,-2.2211
0.3911,-2.8769,-8.3157,2.4052,-5.2325,1.2968,-0.5875,-9.4609,6.7078,-3.5541,-3.2587,-4.9885,3.8444,10.8223,-4.4503
0.574,-3.1604,-7.1302,1.92,-4.9936,0.7758,-1.1996,-8.4919,7.1855,-5.3943,-3.0297,-5.3221,3.451,8.8554,-6.3337
0.6349,-2.7699,-7.1003,2.1263,-3.9758,0.5044,-1.3954,-7.4253,6.8425,-4.2523,-2.6612,-5.3515,2.8799,8.2811,-7.0443
0.9065,-2.4758,-6.0204,2.3051,-3.7346,0.2906,-1.5342,-5.9375,7.1973,-3.2123,-2.1939,-5.1444,2.1085,7.1467,-7.0303
0.931,-2.3857,-4.8629,2.3209,-3.3981,0.1317,-1.7286,-3.9922,7.1107,-4.1103,-1.8026,-4.9324,1.1462,5.3736,-7.5653
0.8593,-1.7771,-3.4643,2.2663,-3.1874,0.1185,-1.4045,-2.5645,6.3458,-4.0898,-1.0146,-4.5223,0.2909,3.6384,-7.3969
0.9311,-1.6573,-2.1534,2.0542,-2.7205,-0.1272,-1.2474,-0.595,5.9541,-4.8918,-0.1614,-4.5871,-0.6317,1.9264,-6.9988
1.0877,-0.9139,0.1687,1.8289,-1.9992,-0.199,-0.9314,1.2239,5.3647,-4.7336,1.1441,-3.705,-1.3663,0.0202,-6.2907
1.0085,-0.1292,2.0073,1.0326,-0.904,-0.1727,-1.0793,2.9683,3.9688,-4.693,1.5692,-2.6982,-2.2611,-2.3127,-5.7205
1.0585,0.6595,4.0608,0.4864,-0.1214,-0.1649,-0.6292,5.0381,3.0853,-4.0928,2.516,-2.1863,-3.2723,-3.5966,-4.946
0.9911,1.1863,6.1293,0.5543,1.023,-0.1117,-0.6856,6.1937,1.6126,-3.8601,4.1188,-0.9236,-3.7153,-5.6804,-4.3475
0.7873,2.401,7.5573,0.1135,2.1308,0.2586,-0.0919,7.4543,0.1201,-2.408,5.4211,0.0958,-4.1544,-6.4649,-2.5744
0.5457,3.3231,8.0596,-0.139,2.6536,0.4098,0.078,8.155,-1.4951,-2.0141,6.3891,1.5204,-4.288,-7.6387,-0.5222
0.4331,3.6501,8.7709,-0.511,3.2431,0.4985,0.4136,8.4547,-2.7658,-1.0911,7.0824,3.3195,-3.9808,-8.0748,0.9621
0.3662,4.0991,9.0992,-1.2945,3.752,0.5551,0.8629,8.4282,-3.7789,-0.2147,7.2563,4.728,-3.9747,-8.3133,2.3361
0.2962,4.2071,9.0734,-0.9007,3.9514,0.6226,1.6717,8.0512,-4.6263,1.2681,7.6533,6.3191,-3.584,-7.3383,4.2473
0.3323,4.0452,8.4964,-1.4258,4.0557,0.6094,2.5495,7.148,-5.4674,2.8527,7.5576,6.7732,-3.2455,-6.8023,6.0494
0.184,4.1353,7.5684,-1.8853,3.6954,0.5156,3.2149,6.5937,-5.4961,4.082,6.9908,7.1478,-2.3487,-5.5062,7.6916
0.4143,3.8025,7.0581,-2.4235,3.16,0.5373,3.4984,5.8969,-5.0875,4.2223,6.1084,7.2153,-1.7703,-4.1079,8.6278
0.1978,3.6933,6.246,-1.4536,2.6258,0.7425,3.5092,4.137,-5.1693,4.6984,6.1179,7.0108,-1.1603,-2.8616,9.4141
0.304,3.1148,5.1576,-1.6608,2.6954,0.5074,3.6506,3.1761,-4.8285,5.1429,5.3788,6.5772,-0.4697,-1.1986,10.0913
0.2173,2.4491,4.1687,-1.1435,2.1371,0.4009,3.9144,1.7954,-4.2096,5.5078,4.8545,6.4846,0.4038,0.1898,10.1489
0.2284,2.3808,2.6157,-1.0254,1.3658,0.5313,3.8942,0.456,-3.8275,6.0451,4.2826,5.4769,1.4855,2.4408,9.8053
0.0258,2.1202,1.4436,-0.9826,0.5433,0.5725,3.9153,-1.188,-3.1991,5.6734,3.3015,5.0639,2.3516,4.0526,9.3655
-0.1217,1.4078,0.4782,-0.2328,-0.4184,0.5815,3.9179,-3.6786,-2.9386,5.0136,2.9746,4.094,3.5092,5.89,9.1697
-0.016,1.5646,-1.5408,-0.2583,-0.7436,0.7239,3.375,-5.8859,-2.2612,5.0038,2.1989,3.8061,4.2411,7.812,8.4625
0.0365,0.759,-4.1569,-0.109,-1.3265,0.7532,2.7902,-8.4741,-1.3124,4.4227,0.7021,3.24,5.0112,9.5492,7.0265
-0.0061,-0.3517,-7.2445,0.3273,-2.3892,1.0446,2.7493,-9.9304,0.1846,4.2166,-0.8356,2.2533,5.6144,11.5268,6.0112
0.0689,-1.7712,-8.7111,0.6864,-3.6829,1.0069,2.0456,-10.9041,2.6096,3.1415,-2.2123,0.5836,6.1164,12.7668,3.9197
0.1776,-2.4402,-9.7827,1.2395,-4.7889,1.0282,1.5783,-12.0359,4.4832,1.477,-3.5745,-1.3516,6.3084,13.4219,1.8189
0.0304,-3.1841,-10.3177,1.2647,-5.2477,1.2001,0.9625,-12.0419,6.2359,0.2454,-4.2959,-3.3998,6.2701,13.9455,-0.6303
0.1194,-3.7283,-10.2918,1.2366,-5.8675,0.9947,0.123,-11.2522,7.8187,-1.4694,-4.9382,-4.6262,5.75,13.297,-3.3289
0.4285,-4.1536,-9.72,2.0122,-6.285,1.1604,-0.6611,-10.6179,8.4817,-3.6223,-4.5166,-5.5235,5.027,12.3918,-5.5165
0.5863,-3.9166,-8.5797,2.2165,-5.3486,1.1016,-1.5806,-9.7783,8.5309,-4.7373,-3.9533,-6.1071,4.4099,11.9945,-7.302
0.8522,-3.8389,-7.9353,2.6471,-4.6529,1.1394,-2.3453,-9.7713,7.8313,-5.0515,-3.0113,-6.3671,3.708,10.2343,-7.9107
0.9731,-3.047,-7.27,3.2554,-3.9152,0.8195,-2.2327,-8.4819,8.0244,-4.5831,-2.1224,-6.2751,2.7613,9.0893,-7.9181
1.1091,-2.4323,-6.2835,2.2296,-3.7244,0.5791,-2.1115,-7.0138,7.7271,-4.7209,-2.0368,-5.8263,2.1063,7.3287,-8.0458
1.0885,-2.053,-5.409,2.1109,-3.2815,0.2148,-1.6392,-5.2653,7.4619,-4.8649,-1.2922,-4.9943,1.3896,5.9736,-8.0912
1.1337,-1.3873,-4.0373,1.5988,-3.1384,0.2716,-1.649,-3.7572,7.2242,-5.2995,-1.2735,-4.2336,0.8762,4.2513,-8.1504
1.1198,-1.6118,-3.0438,1.2825,-2.4876,0.5346,-1.8632,-2.3879,6.5478,-5.7124,-0.9846,-3.6961,-0.0306,2.513,-7.9936
1.1884,-1.2774,-1.4004,0.9005,-1.8283,0.4283,-1.5814,-0.3316,6.1861,-5.6587,-0.3863,-3.3566,-1.3261,1.0662,-7.9492
1.3492,-0.88,0.3421,0.9499,-1.2346,0.0575,-1.5991,1.8912,5.2998,-4.85,0.6287,-2.91,-2.0661,-0.7863,-7.1941
1.5416,-0.209,2.5846,1.0813,-0.8184,-0.1923,-1.2243,4.0087,4.5384,-4.8543,2.1151,-2.3132,-3.187,-2.7735,-6.3514
1.4103,0.9642,5.0453,0.9022,0.3246,-0.7297,-0.7501,5.9412,3.1915,-4.537,3.0612,-1.0496,-3.9104,-4.5652,-5.3026
1.253,1.8637,6.5248,0.4726,1.7332,-0.7417,-0.345,7.7249,1.6373,-3.4797,4.9774,0.2983,-4.3946,-6.1375,-3.4659
1.1342,2.6837,8.6992,-0.2832,2.1905,-0.375,0.2214,7.9743,-0.307,-3.078,6.367,1.7431,-4.7314,-8.26,-1.9049
1.0552,3.6372,8.6967,-0.84,3.6228,-0.512,0.7747,8.7191,-2.1055,-1.3723,7.2745,3.7945,-4.8887,-8.291,0.058
0.8681,4.0184,8.7271,-1.1198,3.9378,-0.4658,1.4765,8.6657,-3.3542,-0.239,7.5511,5.2006,-4.528,-8.4642,1.9448
0.7358,4.259,8.957,-1.2791,3.708,-0.4763,2.3104,8.4847,-3.7957,1.0873,7.6773,6.2221,-4.2428,-7.9976,4.1954
0.6248,4.5287,8.9797,-1.5482,3.5147,-0.6142,2.8679,8.0014,-4.5248,1.9748,7.5279,7.0259,-3.726,-7.3108,5.5279
0.6168,4.4675,8.446,-1.4746,3.6461,-0.5013,3.4308,7.5594,-4.7075,3.3452,7.7034,7.2423,-3.299,-6.0909,7.229
0.417,4.2801,8.2178,-1.7887,3.4264,-0.4956,3.7664,6.5733,-4.7878,4.2702,7.0479,7.4385,-2.3707,-4.9299,8.425
0.2625,4.0259,7.2171,-1.7459,3.2944,-0.2116,3.9444,5.19,-5.077,5.1468,6.687,7.5821,-2.1016,-3.8429,9.7253
0.1072,3.6043,6.1238,-1.5065,2.8445,0.2857,4.0075,4.0306,-4.7171,5.6183,6.1091,7.5716,-1.3809,-1.8925,9.9863
0.0365,3.2634,4.7341,-1.2252,2.5554,0.722,3.554,2.0128,-4.9708,6.059,5.7695,7.4113,-0.5732,-0.3976,10.466
-0.1902,2.9468,3.3864,-0.9362,1.5512,0.9852,3.8115,0.1559,-4.2059,5.6296,5.2518,7.0781,0.234,1.2185,10.1217
-0.1029,2.5516,1.5302,-0.7408,1.3183,1.2902,3.5382,-1.1937,-3.4488,5.5654,4.2173,6.5682,1.3965,2.9836,9.8704
0.1191,1.5383,0.3816,-0.1778,0.5713,1.27,3.2895,-3.1172,-2.2969,5.4415,3.2136,5.0449,2.3744,4.4288,9.3045
0.1058,1.8088,-1.4615,0.1304,0.0885,1.4046,2.832,-5.2005,-1.8951,5.6407,2.4587,4.3768,3.2826,6.4475,8.3474
0.1766,1.2014,-3.3681,-0.0148,-0.9391,1.2255,2.6528,-6.8996,-0.6845,4.6332,1.4218,3.6802,3.6408,8.0933,7.2586
0.2203,-0.0394,-5.072,0.5015,-2.1965,1.1443,2.529,-7.8999,0.8435,3.8847,0.2846,3.0506,4.5016,9.5381,5.6916
0.2693,-0.5862,-6.5152,0.8623,-2.8526,1.2869,1.9616,-9.1686,2.0652,3.1934,-1.0776,1.7514,4.899,10.8445,4.5298
0.1259,-1.1681,-7.5685,1.3349,-3.6837,1.2143,1.4617,-9.8975,3.7881,2.2527,-2.3512,0.6959,5.0108,11.8298,2.9367
0.2615,-2.1325,-8.4993,1.4069,-4.1806,1.1816,1.0101,-10.114,5.3176,1.1106,-3.0004,-1.3423,4.8712,12.5413,1.1094
0.338,-3.0499,-8.5063,1.9658,-4.1689,0.8558,0.3506,-10.2015,6.3162,0.3229,-3.3852,-2.69,4.9159,12.1773,-0.6873
0.5214,-2.5773,-8.3485,2.2156,-4.773,0.6048,-0.0843,-9.7887,7.1352,-0.7624,-3.5245,-4.0534,4.7672,11.3183,-2.6958
0.5324,-2.6152,-7.558,2.5283,-4.4507,0.4359,-0.7673,-8.8315,7.8989,-2.0293,-2.7933,-4.8654,4.1539,10.3729,-4.1897
0.9784,-2.5683,-6.8095,2.6634,-4.4209,0.3318,-1.0897,-8.0666,7.7748,-2.8297,-2.3197,-5.3167,3.5467,9.051,-5.1221
0.9391,-2.1933,-6.3854,2.2769,-3.9818,0.4185,-1.5146,-7.2456,7.7226,-3.707,-1.9877,-4.9095,2.4,7.503,-6.3405
0.9472,-1.8893,-5.7496,1.8018,-3.7725,0.0819,-2.1734,-5.4444,7.9178,-4.147,-1.8594,-4.2945,1.7423,6.5508,-6.6051
1.1976,-1.9512,-4.1736,1.6452,-3.4858,-0.217,-1.7828,-3.8744,7.9166,-4.9333,-1.4059,-4.4258,0.9108,5.3255,-7.5474
1.2291,-1.7765,-2.2952,1.9736,-2.8494,-0.3347,-1.7149,-2.0431,7.7139,-5.0293,-0.1478,-4.1137,-0.0387,3.4779,-7.7127
1.0235,-0.9899,-0.9211,1.5356,-2.1126,-0.3277,-1.6267,-0.9012,6.1025,-4.4041,0.6156,-3.2364,-0.9506,1.7013,-7.0964
1.1174,-0.1196,0.3068,1.1739,-1.5351,-0.2918,-1.3397,0.4018,5.3417,-4.5348,1.5659,-2.5309,-1.794,0.1005,-6.406
0.988,0.0827,0.9592,1.101,-0.6193,-0.099,-0.9261,2.0865,4.5382,-4.2394,2.006,-1.5763,-2.295,-1.1486,-5.4917
1.01,0.6305,3.0371,1.5624,-0.1442,-0.1744,-0.6926,3.4471,3.9153,-3.8987,3.041,-1.1471,-2.8288,-3.273,-4.6412
0.9819,1.166,4.6389,1.123,0.5568,-0.2067,-0.0716,5.0018,2.7677,-3.5335,4.1891,-0.0394,-3.1246,-4.3517,-3.696
0.9833,1.9495,6.272,0.7893,1.4409,-0.273,0.1604,6.1249,1.5876,-2.6574,5.5544,0.9418,-3.4488,-5.6846,-2.3837
1.0561,3.2342,7.3842,0.1894,2.2481,-0.4581,0.8348,6.6165,-0.198,-1.0348,6.2887,2.5346,-3.6175,-6.7787,-0.2371
0.913,3.0115,7.6964,-0.6741,2.7626,-0.4046,0.8944,7.2385,-1.7699,-0.2819,6.6604,3.8241,-3.5553,-7.3094,1.2854
0.6745,3.5564,8.2708,-0.6476,3.1913,-0.1126,1.6902,7.449,-2.6593,0.7951,6.9198,4.9734,-3.3936,-7.0032,2.7793
0.4999,4.399,8.3846,-1.1392,3.7032,-0.3518,2.2141,7.1041,-3.3662,2.0764,6.9054,5.8469,-3.29,-6.2606,4.9684
0.5568,3.9587,8.4198,-1.2799,3.3576,-0.1856,3.0176,6.5242,-3.7423,3.293,7.0017,6.5184,-3.0436,-5.6191,6.4316
0.3419,4.0721,7.7588,-1.7881,3.1633,-0.0424,3.7094,5.9374,-3.854,4.3857,7.5037,7.0253,-1.5585,-4.5484,8.1799
0.1536,3.8908,7.0482,-1.4865,3.0787,0.6177,3.8996,3.9344,-4.3581,5.2311,6.8813,7.3479,-0.7878,-3.1286,9.5216
-0.0435,3.6126,5.3534,-1.094,2.784,0.6936,3.9452,2.3379,-4.4154,5.7612,6.4725,7.4903,0.0706,-1.5132,10.4254
0.0079,3.4135,3.7416,-1.1673,2.2243,0.9045,4.0113,0.6271,-3.9873,5.9179,5.551,7.5379,0.8625,0.1869,10.4105
-0.1692,2.3741,1.9316,-1.0775,1.259,1.1097,3.8817,-1.2548,-3.5656,5.9587,4.5622,6.8157,1.8833,1.7134,10.3573
-0.2238,2.1325,0.3707,-0.5795,0.5036,1.4451,3.7934,-2.5505,-2.3142,5.2973,3.5289,6.0725,2.8327,3.6894,10.1258
-0.0021,1.574,-1.0288,-0.5263,-0.4914,1.2071,3.9434,-5.0779,-1.6554,5.2356,2.4478,4.8888,4.1389,5.6042,8.9997
-0.4117,0.8258,-3.422,0.2097,-1.106,1.3816,3.4526,-6.527,-0.272,4.5264,1.4598,3.7931,4.7043,7.6681,7.9288
-0.1461,0.0064,-5.0068,0.4909,-2.0456,1.3992,3.356,-8.0132,1.2912,3.6835,0.0643,2.4399,5.5246,8.9688,7.0799
0.1304,-0.8345,-6.7529,1.0562,-3.1275,1.4781,2.6097,-8.8691,2.4959,2.6978,-0.7403,1.5253,6.3223,10.1884,6.0403
-0.0528,-2.0344,-7.2721,1.6155,-3.9223,1.5211,1.8151,-10.2697,4.2101,2.2994,-1.5242,0.311,6.1203,11.2816,3.9889
0.0008,-1.9421,-7.9875,2.0521,-4.5292,1.5515,0.7445,-11.2514,5.0378,1.3762,-2.1313,-1.5321,5.9368,11.9879,2.206
0.2778,-2.2943,-8.821,2.2657,-5.1789,1.6423,0.1349,-11.3549,5.8586,0.1399,-2.4908,-2.8989,5.7602,12.2186,0.4577
0.0075,-2.9376,-9.4175,2.3775,-5.2564,1.892,-0.4159,-11.1736,7.2693,-1.5291,-2.9308,-3.8207,5.3946,12.2504,-2.0585
0.3418,-3.3698,-8.6893,2.405,-5.1677,1.7177,-0.951,-10.5556,8.11,-2.7306,-2.9848,-4.6586,4.7591,11.4149,-4.3028
0.6084,-3.2247,-7.9887,2.4808,-4.7054,1.2476,-1.5369,-9.8749,8.3198,-3.5263,-2.6121,-4.9979,4.1018,10.6441,-5.6055
0.6682,-2.7978,-8.5876,2.2778,-4.4784,0.8535,-1.4822,-8.6841,8.4158,-3.6032,-2.858,-4.9716,3.2803,9.2368,-6.8818
1.2033,-3.1523,-6.9785,2.1334,-4.3149,0.5459,-1.7105,-6.9343,9.0599,-4.5789,-2.7032,-5.236,2.9775,7.8388,-7.4601
1.1842,-2.8919,-5.0569,2.1374,-3.9692,0.4805,-1.8173,-5.5257,9.0742,-4.71,-2.066,-5.1036,1.8266,6.0868,-7.3726
1.3691,-1.9159,-3.8589,2.1354,-3.4332,0.3465,-2.017,-3.8327,8.0394,-4.8116,-1.1086,-5.174,1.1628,4.3778,-7.3667
1.3434,-1.5742,-2.4745,2.0831,-2.5664,0.1952,-1.4968,-2.5263,6.8694,-5.0993,-0.1108,-4.4025,0.4024,3.0322,-7.3425
1.316,-1.0011,-1.1638,2.0405,-2.1576,0.1175,-1.3277,-1.0301,6.3836,-5.0125,0.5956,-4.1081,-0.4842,1.3519,-6.8761
1.2314,-0.6317,0.2089,0.7198,-1.3571,0.0069,-1.5365,0.9895,5.7936,-4.7835,1.1301,-3.0234,-1.6185,-0.8156,-6.4499
1.2827,-0.3518,2.4799,0.7369,-0.944,-0.0401,-1.3698,3.3622,5.3353,-4.7565,1.9374,-2.2744,-2.5836,-2.4204,-5.7685
1.1626,0.5367,4.3245,0.7613,0.1255,0.1692,-0.8762,4.9454,3.9045,-3.9608,3.3935,-1.4926,-3.1319,-4.4055,-4.8127
1.1366,1.2928,6.0078,-0.5586,1.1349,-0.0449,-0.6213,6.229,2.52,-3.3709,4.3312,-0.3652,-4.1142,-5.6502,-3.4064
1.1509,1.9858,6.6725,-0.3593,2.4628,-0.2548,0.1314,7.5219,1.338,-2.4214,5.6648,1.0355,-4.5748,-6.7298,-1.7502
0.9284,2.7243,8.623,-0.6678,2.9767,-0.2778,0.9863,8.2059,-0.1607,-1.1682,6.7102,3.4526,-4.8814,-7.9522,0.6238
0.893,3.4677,9.4991,-1.3599,3.3824,-0.4391,1.7499,9.5964,-1.5038,0.2051,7.2335,4.4827,-4.6649,-8.0237,2.4754
0.7307,3.9975,10.4096,-1.3267,3.4043,-0.217,2.1895,9.6545,-2.7446,0.9245,7.8831,5.8682,-4.4696,-8.1724,4.6108
0.5084,4.8123,9.9274,-1.7852,4.0663,-0.1898,2.764,9.5136,-3.7012,1.9607,7.9028,6.8166,-3.7734,-8.1066,7.3075
0.4463,4.5747,10.0233,-1.7697,3.8654,-0.078,3.3493,8.4292,-4.5413,3.671,8.0919,7.1971,-3.504,-7.3431,8.7022
0.4699,4.273,9.042,-1.6255,3.6919,0.127,3.6334,7.5375,-4.8199,4.1719,8.234,7.9249,-2.6497,-5.7732,9.7172
-0.0515,4.2632,8.3708,-1.9028,3.5947,0.4214,3.914,5.3919,-5.0255,5.0026,7.5833,8.0906,-1.7583,-4.4533,10.8709
0.0629,3.9471,7.6689,-1.8272,3.0591,0.5052,3.9327,4.0207,-4.8744,4.9808,7.1108,7.8204,-0.8388,-2.6301,10.8537
0.0234,3.4978,5.9975,-1.578,2.7698,0.7132,4.1661,2.9393,-4.4813,5.2378,6.5725,7.7452,-0.5733,-0.9768,11.1966
-0.1945,3.1955,5.1375,-1.3444,2.0808,0.8102,3.6793,1.4666,-3.8349,5.2063,6.1382,7.4209,0.2016,0.408,11.0556
-0.3092,2.9061,3.6618,-1.4599,1.5075,0.8964,3.6627,-0.1616,-3.5038,5.4402,5.0165,7.0213,1.1482,1.7589,10.5728
-0.1954,2.4448,1.8885,-1.2307,1.1303,1.1043,3.3464,-2.0859,-2.8324,5.496,3.9354,6.3542,1.9724,3.6285,9.9637
-0.1444,1.9237,0.2915,-1.0562,0.3304,1.3353,3.3077,-3.7802,-1.8095,5.7254,2.7928,5.4055,2.9096,5.6675,8.8625
-0.2094,1.377,-1.2285,-0.3173,-0.3531,1.4052,2.6273,-5.6255,-0.9101,5.4046,2.1235,4.1432,3.3185,7.6492,8.1435
-0.1084,0.2988,-3.9933,-0.2911,-0.92,1.5335,2.6237,-7.6736,-0.1931,4.8718,1.0583,2.9602,4.2217,9.2431,7.0667
0.0136,-0.2423,-5.5269,-0.0491,-1.9667,1.6567,2.0175,-8.8209,1.7519,4.0,-0.4955,2.113,4.85,10.7213,6.0249
-0.084,-0.9011,-7.0449,0.4158,-3.0558,1.8311,1.4585,-9.8808,3.4677,2.9886,-1.4084,0.632,5.0834,12.1118,4.1583
-0.1111,-1.8019,-7.6913,0.9485,-4.0801,1.9443,0.6601,-10.5055,4.9888,1.8275,-2.4511,-0.9551,5.4244,12.6289,2.5504
-0.0009,-2.3175,-8.046,1.7056,-4.4168,1.7798,-0.2454,-11.1722,6.1875,0.247,-2.3266,-2.8118,5.445,12.4788,1.0831
0.2759,-2.79,-8.5384,1.2421,-4.6166,1.7296,-0.9345,-11.3808,6.8069,-1.0465,-3.0745,-3.4569,4.7869,12.4579,-1.4292
0.2006,-2.6567,-8.951,1.903,-4.4845,1.6925,-1.3364,-10.6264,7.7932,-1.9624,-3.0263,-4.1522,4.0466,11.9239,-3.597
0.3391,-3.2201,-8.717,2.1579,-4.4349,1.397,-1.4188,-9.7221,8.6625,-3.0871,-3.1958,-4.7307,3.7181,10.8368,-5.1016
0.5128,-2.9688,-7.7956,2.456,-4.2419,1.2468,-2.326,-8.4411,8.8487,-3.6882,-2.6473,-4.8778,3.144,9.4546,-6.3188
0.6576,-2.8213,-6.5082,2.6758,-3.8547,0.999,-2.3019,-7.2737,8.8447,-4.8079,-1.9964,-4.9817,2.2752,7.7263,-7.0618
0.6111,-1.9533,-5.2828,2.2072,-3.3594,1.2871,-2.2223,-5.9983,8.2492,-5.2651,-1.3105,-4.8729,1.5632,6.226,-7.7817
0.7386,-1.8577,-4.1304,1.9902,-3.0159,1.0969,-2.2416,-4.2823,8.0071,-5.6207,-1.0879,-4.1916,0.8463,5.8781,-7.9999
0.9966,-1.3308,-2.3856,1.9261,-2.5956,0.7449,-2.0351,-3.3774,7.1875,-5.7747,-0.2374,-3.8345,0.3694,3.6792,-7.8696
0.9393,-0.9138,-1.1239,1.8873,-2.0816,0.2279,-1.5846,-1.489,6.3691,-5.3323,0.7295,-3.2246,-0.5152,1.8097,-7.3414
1.0127,-0.7167,0.1832,1.5882,-1.6178,0.0713,-1.2145,0.7444,5.6611,-4.7779,1.5854,-2.4212,-1.178,-0.4453,-6.4111
0.9456,-0.0932,2.1287,1.878,-0.8314,0.0987,-0.9648,2.4904,4.8376,-5.2581,2.9049,-1.8479,-2.3496,-2.1009,-5.2653
0.9562,0.2934,4.1256,1.6499,0.1629,0.0483,-0.6752,4.7529,4.1436,-4.4226,4.4198,-1.1648,-2.7387,-4.1554,-3.7449
0.8555,0.9464,6.1415,1.4047,0.8503,0.0645,-0.3139,6.1945,2.4071,-3.4153,6.0904,0.2174,-3.2403,-5.398,-2.278
0.8948,2.3606,7.382,0.5388,2.0304,0.064,0.0652,6.8241,0.5478,-2.4844,6.8891,1.8649,-3.64,-6.3352,-0.7523
0.9004,3.2074,8.442,-0.0143,2.9516,-0.072,0.3598,6.9502,-1.1862,-1.1776,7.4696,3.4953,-3.7384,-6.6365,1.3562
0.7262,3.518,8.781,-0.009,3.1174,0.0637,0.8896,7.3665,-2.3428,-0.5742,8.2987,4.8374,-3.5935,-7.3482,3.1599
0.4977,4.0901,8.2562,-1.026,3.6457,0.3356,1.334,7.3219,-3.2469,0.64,7.8947,5.9032,-3.5006,-6.9976,4.9056
0.2529,3.8287,7.9541,-1.2638,3.7492,0.6799,2.3247,6.7533,-3.5301,2.2611,7.4941,6.7459,-3.1836,-6.0362,6.2398
0.3323,3.6293,7.6324,-1.0819,3.4555,0.655,2.5499,6.5285,-3.5428,3.5547,7.4155,7.2121,-2.7279,-5.7478,7.8652
0.2344,3.4748,7.1777,-0.7807,3.1073,0.7885,2.9653,5.971,-3.5225,3.8129,7.3884,7.3204,-2.0713,-4.6071,8.6928
0.1518,3.1886,6.8612,-0.7554,2.5728,1.0414,3.2504,4.3907,-3.8861,4.3589,7.4043,7.1948,-1.5028,-3.5718,9.3921
0.1168,3.3808,5.4634,-0.9771,2.1507,1.3122,3.3395,2.9967,-4.2804,4.9943,6.9939,7.0842,-0.4398,-1.8449,10.0304
0.2092,2.8449,4.3877,-1.3947,1.577,1.3953,3.2511,1.501,-3.6599,4.7888,6.0523,6.836,0.2506,-0.2592,10.3295
-0.0949,2.3779,3.7719,-1.3333,1.0611,1.4758,3.3272,-0.314,-3.3226,5.324,5.1733,6.3622,1.3595,1.7395,9.9648
0.0831,1.9513,2.3948,-0.8304,0.6804,1.7664,3.0363,-1.8234,-2.6759,4.968,4.7168,5.7944,2.5103,3.3515,9.7203
-0.0786,1.6884,0.7339,-0.3298,0.2272,1.9328,2.8241,-3.9394,-2.4593,5.4438,3.9617,5.0549,3.5877,5.644,9.1591
0.0635,1.0407,-1.5649,-0.2063,-0.4247,1.2939,2.7111,-6.6516,-1.9777,4.9949,3.1059,4.0305,4.464,7.5993,8.4356
0.2683,0.1889,-4.0137,0.027,-1.3277,1.4289,2.1872,-8.9477,-0.8908,4.4066,1.9512,3.2793,5.1662,9.4276,7.1803
0.264,-0.0337,-6.4398,0.3269,-2.8743,1.6093,1.681,-9.8531,1.2491,3.8653,0.4595,2.4547,5.8164,11.4541,6.3171
0.2421,-1.2388,-7.7426,0.4795,-4.0662,1.4158,1.1095,-11.0028,3.0985,2.4591,-1.158,1.1314,5.9606,12.7055,4.2014
0.1304,-2.0995,-9.2244,1.0125,-4.5645,1.2821,0.3511,-11.4131,4.7571,1.1738,-2.4203,-0.6045,5.9682,13.5729,1.8716
0.35,-3.0998,-9.3283,1.9591,-5.0491,1.2691,-0.0526,-11.047,6.4644,-0.0858,-3.2491,-2.4117,5.5506,13.8315,-0.359
0.3721,-3.7458,-9.4335,2.3006,-5.4952,1.3658,-0.6182,-10.3402,8.0393,-1.5319,-3.0517,-3.8481,4.0429,13.0482,-2.1666
0.6578,-4.1061,-8.1867,2.6078,-5.4563,1.1638,-1.0314,-9.4874,8.5107,-2.7672,-2.8725,-4.7455,3.1763,11.8436,-4.0175
0.8106,-3.5804,-7.1437,2.7471,-5.3814,1.6799,-1.4921,-8.4048,8.2155,-3.6818,-2.0753,-5.2453,3.2162,10.5748,-5.0888
1.1369,-2.7886,-5.866,2.7722,-4.7392,1.2332,-2.1002,-7.4559,7.8271,-4.2796,-1.3305,-4.8639,3.1078,9.4428,-5.7913
0.9197,-2.0667,-5.1093,2.351,-4.2363,1.0586,-2.3572,-6.3482,7.3455,-4.4258,-0.9752,-4.5233,3.2407,8.1154,-6.3922
1.0436,-1.8338,-4.4522,2.0765,-3.4685,1.0844,-1.9919,-5.2169,6.8883,-5.2616,-0.7335,-4.374,2.4835,6.4721,-7.1785
1.2786,-1.5672,-3.5478,2.2773,-2.65,0.8529,-1.8877,-3.839,6.8914,-4.8095,-0.0403,-4.0986,1.8009,5.386,-6.8372
1.2415,-1.2286,-2.6381,1.5951,-1.859,0.5635,-1.6606,-2.9285,6.0814,-4.6504,0.2045,-3.7879,0.9508,3.6566,-6.4488
1.3118,-1.6396,-1.4849,1.4289,-1.6956,0.4599,-1.5208,-1.9101,5.8657,-4.3658,0.4242,-2.9907,0.2625,2.8051,-6.3803
1.4591,-1.2308,0.1131,1.2797,-1.2272,0.4062,-1.4182,0.2349,5.507,-3.9425,1.3271,-2.725,-0.5801,1.9434,-5.5575
1.3841,-0.7722,2.0173,1.3426,-0.6019,0.248,-1.1218,1.463,4.2488,-3.4382,2.2858,-2.2086,-1.2555,-0.1494,-4.4862
1.289,-0.289,3.4137,1.6831,0.0303,0.1901,-0.8513,3.0251,3.2701,-2.7571,3.7396,-1.4755,-1.9338,-1.5695,-2.9332
1.1572,0.837,4.969,1.1119,0.7625,0.1643,-0.6845,4.3332,2.1503,-2.0618,4.8197,-0.4482,-2.1976,-2.8383,-1.3515
1.0315,1.8634,6.092,0.222,1.5102,0.1335,-0.4913,5.2776,0.7442,-1.2807,5.9734,1.4125,-2.591,-3.8917,0.1136
1.0942,2.5854,6.7232,-0.3368,2.4475,0.2202,0.086,5.3845,-0.9442,-0.6221,5.7588,2.5472,-2.6524,-4.5253,1.5403
0.8894,2.6077,7.2012,-0.2823,2.8832,0.5234,0.5938,5.7184,-1.7595,0.2889,6.4886,3.8299,-2.4167,-4.674,2.9997
0.8774,2.9918,7.5497,-0.894,2.2026,0.5724,1.3244,5.7398,-2.5151,0.981,6.8042,4.7439,-2.3343,-4.637,4.4741
0.7762,3.227,7.0693,-1.0536,2.4611,0.5079,1.7036,5.6144,-2.8098,1.5213,6.8105,5.2279,-1.6771,-3.9835,6.0541
0.7012,3.4685,6.9488,-1.1759,2.5707,0.4078,1.9179,4.4899,-3.575,2.076,6.5542,5.7024,-1.2066,-3.5005,6.6409
0.7659,2.4997,6.6218,-0.8953,2.5928,0.3192,2.3032,4.1916,-3.3545,2.9428,6.2396,6.0821,-1.4396,-2.9088,7.5898
0.5818,2.9967,5.7104,-0.845,2.5586,0.2296,2.5192,3.7464,-3.3484,3.3714,6.3201,6.1403,-0.6801,-1.8157,8.4251
0.5919,2.2058,5.4199,-0.1223,2.2089,0.3131,2.7502,2.7691,-3.3066,4.2721,6.4468,6.3183,0.0002,-0.5656,9.0573
0.4474,2.7862,4.789,-0.3351,1.7522,0.5405,2.6837,1.9498,-3.1447,4.6869,6.3717,5.9429,0.8433,0.6459,9.5686
0.3804,2.083,4.064,-0.5019,1.4724,0.885,2.8295,-0.0363,-3.1106,4.427,5.891,5.8345,1.4371,1.9177,9.4096
0.3849,2.0666,2.5522,-0.5408,0.9895,0.888,2.6266,-1.263,-2.755,5.3248,5.2245,5.7031,1.8585,3.364,10.015
0.4454,1.8661,1.636,-1.1122,0.5837,0.9872,2.3612,-3.2682,-2.2302,5.3714,4.0071,5.0706,3.0323,5.0729,9.4786
0.4633,1.6924,-0.2224,-0.4931,-0.0213,1.0684,2.513,-5.1843,-1.7112,5.2003,2.7029,4.2535,3.9639,7.3845,9.5247
0.3786,1.1221,-2.7691,-0.1905,-0.942,1.1974,2.5425,-7.1227,-1.0843,4.6933,1.5079,3.4642,4.7038,8.841,8.5331
0.4517,0.2286,-4.4088,-0.1627,-2.1183,1.3101,2.2839,-8.063,0.7994,3.7341,0.0561,2.3614,5.7764,10.6377,6.9312
0.6475,-0.7532,-5.3795,0.36,-2.9376,1.1307,0.9712,-9.562,2.1164,2.8754,-0.8928,1.2193,6.4445,11.7188,5.3962
0.8956,-1.4589,-6.696,0.9652,-3.6319,1.0724,0.1705,-10.4395,3.4608,1.9151,-1.6237,-0.4416,6.2677,12.7105,3.2061
0.8986,-1.8806,-7.3221,1.2772,-4.1438,1.1471,-0.2955,-10.3719,5.2543,0.7381,-2.4784,-1.9849,5.6732,13.1292,1.5196
1.22,-2.3548,-7.7893,1.5937,-4.5032,1.2137,-0.4721,-10.2958,6.4227,0.0494,-3.0097,-3.1565,5.5019,13.1416,-0.5911
1.1648,-3.0858,-7.5515,2.0363,-4.6139,1.0427,-1.0568,-10.0348,7.205,-1.5765,-2.8689,-4.3754,5.1746,12.4187,-2.5783
1.1829,-2.7612,-6.9182,2.1926,-4.3563,0.8497,-1.3969,-9.3061,7.7275,-2.4229,-2.6876,-4.9757,4.5644,11.6326,-3.8062
1.4151,-3.054,-6.1442,2.7406,-3.8735,0.8871,-1.5842,-8.5292,7.482,-3.4386,-1.9501,-5.0225,3.7116,9.9728,-4.8687
1.4751,-2.582,-5.586,2.3964,-3.5591,0.6948,-1.7425,-7.1125,7.3562,-3.3721,-1.1867,-4.9951,3.435,8.862,-5.3123
1.6769,-2.1356,-4.6425,2.1662,-3.4123,0.3978,-1.7152,-5.8869,7.3266,-3.5795,-0.866,-4.5965,2.9108,7.5206,-6.0006
1.4404,-1.8113,-3.7317,2.21,-2.8394,0.3283,-1.8873,-4.8555,6.8616,-4.154,-0.3208,-3.9292,3.2351,6.8216,-5.7753
1.4507,-1.3538,-2.4381,1.7376,-2.31,0.1508,-2.0593,-4.4406,6.062,-4.4672,0.0065,-3.6217,1.9101,4.9814,-5.7858
1.2537,-1.0571,-1.9097,1.8816,-1.9844,0.0993,-1.711,-2.6778,5.9066,-4.3048,0.5187,-3.1384,0.7726,3.9674,-5.3577
1.4243,-0.8927,-0.673,1.6265,-1.6577,0.0101,-1.6764,-1.3385,5.5406,-4.3653,1.1662,-2.8496,-0.051,2.5003,-4.9002
1.4534,-0.5515,0.7617,1.5475,-1.1486,-0.0968,-1.534,0.486,4.9434,-4.3476,2.0626,-2.36,-1.0087,0.8783,-4.5813
1.1658,-0.2142,2.2005,1.6938,-0.4598,0.0253,-1.1064,2.0528,4.1256,-4.2064,3.1277,-1.6861,-1.6204,-0.9498,-4.105
1.2155,0.5401,3.8283,1.1559,0.4408,0.2761,-0.5353,3.6071,3.0243,-3.48,3.9809,-1.089,-1.9892,-2.168,-3.3219
1.1572,1.3654,5.4111,0.4949,1.2664,0.0523,-0.2071,5.5524,2.4452,-2.9274,4.9269,-0.0569,-2.6043,-3.0055,-1.9872
1.0783,2.7934,7.3321,-0.0121,2.057,-0.0528,0.3342,5.5824,0.6727,-2.1457,5.9729,0.4366,-2.8325,-4.4211,-0.4912
1.028,2.9995,7.4654,-0.2699,3.0703,-0.3295,0.5907,6.3324,-0.6016,-1.282,6.7762,1.8235,-3.089,-5.1892,1.203
1.2071,3.2638,8.2841,-1.9549,3.3855,0.2485,1.3265,6.5508,-1.4409,0.0997,6.4492,3.4174,-3.0683,-5.6691,2.5873
1.1181,3.4431,8.3242,-1.4302,3.7947,0.3694,1.5303,6.5288,-2.5409,1.8065,6.7036,4.2949,-2.772,-5.4861,3.2721
1.1273,3.3097,8.2648,-1.11,3.5446,0.2752,2.2258,6.6302,-2.9319,2.0618,7.1165,5.0405,-2.4919,-5.4379,5.1217
1.0522,3.4264,8.3783,-1.2185,3.7424,0.1644,2.6096,6.3365,-3.122,2.9511,7.113,6.1629,-2.1205,-4.7776,6.5633
0.7627,3.3647,7.6063,-1.0429,3.3035,-0.0288,3.0837,5.5247,-3.8512,3.7896,7.406,6.225,-1.5696,-4.2319,7.9317
0.8942,4.4953,6.4912,-1.0876,2.9768,0.0373,2.7967,5.5917,-3.2963,3.9817,6.9314,6.298,-0.8583,-3.0907,8.801
0.7272,3.2851,6.7812,-0.7419,2.6759,0.3779,2.8792,4.0379,-3.5037,3.5634,7.0833,6.493,-0.5563,-2.3692,9.0814
0.7388,3.2688,6.2919,-0.8223,2.6433,0.5175,2.9482,2.8708,-3.5858,3.8409,6.7858,6.5182,0.0469,-1.0204,9.2818
0.4777,2.8227,5.1906,-0.6755,2.2202,0.652,2.8697,1.5753,-3.7279,5.8247,6.3297,6.5032,0.4006,0.4428,10.1442
0.5569,2.8295,4.2327,0.9377,1.8035,0.8247,2.6482,0.1213,-3.3592,5.0798,6.4931,6.0739,1.1734,1.7154,10.4356
0.2399,2.5553,2.0339,0.8431,1.1752,1.1213,2.1723,-1.0207,-3.0991,4.8537,5.728,5.7049,1.9553,2.9657,9.8435
0.2603,2.456,1.0747,-0.5823,0.6434,1.2936,2.162,-2.9165,-2.4203,4.2248,4.159,5.379,2.6155,4.3682,8.8119
0.3324,1.6575,-0.3407,-0.1363,0.267,1.6329,1.9768,-4.4521,-1.5178,3.8085,3.28,4.5139,3.6821,6.4526,7.8325
0.2674,0.9182,-2.0484,0.0997,-0.3525,1.5797,1.6901,-5.9462,-0.6751,3.8247,2.1974,3.7593,4.1266,7.9999,6.9178
0.3985,0.7107,-3.0459,0.6589,-1.1816,1.5354,1.4742,-7.8492,0.1589,2.9517,1.1874,2.9249,4.8625,9.3199,5.9411
0.2793,-0.35,-4.8895,0.9905,-2.4926,1.8622,1.1837,-9.0984,1.1813,2.581,0.4244,1.7866,5.096,10.7762,4.6561
0.3923,-1.8797,-6.0683,1.6917,-2.9517,1.7647,0.7626,-10.0755,2.7254,1.7408,-0.6437,0.7336,5.5039,12.0993,3.2866
0.4049,-1.5889,-7.3264,1.8983,-3.3628,1.6866,0.1497,-10.4654,4.2881,1.2172,-1.5959,-0.8005,5.5558,12.5195,1.5535
0.3638,-2.2159,-8.2025,2.2537,-3.566,1.5353,-0.4155,-10.6857,5.6245,0.5669,-2.0768,-2.418,5.188,12.5354,-0.1907
0.4762,-2.8766,-8.1612,2.5762,-4.3329,1.4814,-1.0396,-10.3237,6.7863,-1.3576,-2.0132,-3.2471,5.1269,11.9106,-2.3012
0.8807,-2.7468,-7.6653,2.4214,-4.314,1.4211,-1.2187,-9.7778,7.3889,-2.6934,-1.9313,-3.5966,4.5449,11.2149,-3.6797
0.9914,-2.6916,-7.578,2.5484,-4.233,1.2385,-1.7689,-9.1815,7.6602,-3.3744,-2.1633,-3.8855,4.2402,10.2769,-5.4209
1.1766,-2.0795,-6.6565,2.5774,-3.9226,0.554,-1.9547,-7.7535,8.3174,-4.1471,-1.8296,-4.1983,3.4828,8.6805,-6.3741
1.3517,-1.9159,-5.7115,2.5532,-3.5675,0.2882,-2.0427,-6.1802,8.0907,-4.8008,-1.152,-4.2448,2.8741,7.1826,-6.8017
1.2062,-1.5258,-4.3129,2.382,-2.8227,0.1945,-2.0355,-4.57,7.7663,-5.1457,-0.9607,-4.0588,1.963,5.9713,-7.6247
1.5525,-1.5505,-3.0018,2.3567,-2.4261,-0.3235,-1.9296,-2.7705,7.6997,-5.6518,-0.12,-3.9367,1.0498,4.0199,-7.7252
1.4109,-0.9868,-0.8846,1.6901,-1.7254,-0.5691,-1.9989,-0.7801,7.0581,-5.6696,0.7506,-3.6006,-0.0332,2.3889,-7.2573
1.3298,-0.818,0.4899,1.4701,-0.7457,-0.7325,-1.7165,1.5409,6.0508,-4.5989,1.5863,-2.4214,-1.2569,0.084,-6.7632
1.2726,0.0969,2.4974,1.6059,-0.1015,-0.6959,-1.3287,4.0325,5.3428,-4.419,2.8056,-2.1195,-2.4534,-2.4704,-5.7478
1.2487,0.5406,6.2949,1.657,0.9136,-0.6775,-0.8473,6.0536,3.9889,-4.2074,4.5584,-1.2831,-3.2415,-4.9303,-4.2664
1.1565,1.5835,7.824,0.8867,2.4131,-0.6347,-0.91,7.7745,1.9102,-3.1086,6.6491,0.2136,-3.6911,-6.6615,-2.0046
1.0535,2.9912,9.0088,-0.0666,3.3877,-0.4065,-0.2677,8.1585,-0.0674,-1.9717,7.6663,2.0597,-4.1501,-8.1542,-0.3482
0.9459,3.6378,9.5267,0.172,4.0758,-0.3444,0.6098,8.9458,-1.642,-0.8194,9.4385,3.9603,-4.6116,-8.32,2.0161
0.7902,4.5403,10.5024,-0.5966,4.6334,-0.2824,1.2332,8.6224,-3.2906,0.8055,9.1091,6.0915,-4.5313,-8.851,4.4338
0.722,4.5659,10.3426,-1.2604,4.7741,-0.038,2.2716,9.2291,-3.8859,2.1844,9.0989,7.4792,-4.1327,-8.1366,6.6211
0.4139,4.7666,10.5559,-1.4823,4.6381,-0.0009,2.3862,8.5572,-4.7377,3.3198,7.8912,8.077,-3.3662,-6.9892,8.1147
0.1783,4.4457,10.0399,-1.7907,4.4595,0.1586,2.3871,7.3985,-5.4846,4.5097,8.2687,7.9355,-2.5553,-5.6759,9.5804
0.0127,4.184,8.8282,-2.0717,3.8665,0.1943,2.9321,6.052,-5.2735,4.8681,7.9576,7.9484,-2.0143,-4.3354,10.6745
0.088,4.3282,7.8642,-2.2509,3.7324,0.3917,3.2513,4.8643,-4.6368,5.1262,7.3596,7.7878,-1.2954,-2.7474,10.8764
0.0272,3.4858,6.6222,-1.2682,3.0427,0.6465,3.188,2.6895,-4.9315,5.5754,6.9159,7.3462,0.0505,-1.3287,11.6812
-0.0659,3.179,4.7838,-1.049,2.5891,0.8435,3.1832,1.4577,-4.0145,5.7857,6.4934,7.2252,0.9533,0.252,11.2935
-0.1057,2.542,3.0952,-1.0291,1.912,1.0722,3.4878,-0.5683,-3.6566,5.929,5.4585,7.4893,1.8981,1.683,10.82
0.0346,2.2993,1.6922,-0.9819,1.4145,1.2268,2.8442,-2.5627,-2.9743,6.0729,4.1123,6.525,2.9766,3.9508,10.3994
0.1303,1.5695,-0.3504,-0.4637,0.7975,1.2281,2.9978,-4.6075,-1.9414,5.8985,3.265,5.4768,3.6653,6.2565,9.4997
0.0859,0.854,-2.7341,0.1698,-0.2533,1.3338,2.8551,-6.7798,-1.0237,5.7424,2.3214,4.5219,4.6428,8.0908,9.039
0.0971,0.1627,-4.7835,0.0851,-1.4825,1.3416,2.9292,-8.1281,1.3076,4.8001,0.5045,3.4144,5.202,9.7388,7.7981
0.1803,-0.8397,-6.3504,0.2373,-2.6739,1.4807,2.1488,-9.3027,2.5623,3.5952,-0.9291,1.9832,5.9635,11.181,6.1032
0.1993,-1.8815,-7.1023,0.8345,-3.588,1.1889,1.6009,-10.284,4.1966,2.7749,-1.662,0.1428,6.1294,12.5267,4.6215
0.3355,-2.4504,-7.8879,1.5602,-4.0157,0.9973,1.0216,-11.0977,5.4572,1.7173,-2.0659,-1.19,6.261,13.26,2.8398
0.7228,-2.9391,-8.6308,2.0643,-4.3165,0.8999,0.4448,-11.8283,6.225,0.4632,-2.5488,-2.7032,6.3417,12.7488,0.8938
0.646,-3.0334,-8.9324,2.6868,-4.6288,0.5999,-0.5565,-11.3656,7.5054,-0.3765,-2.9667,-3.3523,5.7999,13.1292,-1.2534
0.7882,-3.2125,-8.9383,2.5676,-4.7809,0.4986,-1.3864,-10.6125,8.1123,-1.8138,-3.0204,-4.4179,5.1994,12.0741,-3.1476
0.7327,-3.1809,-8.6031,2.7829,-4.8004,0.5202,-2.042,-9.5772,9.0072,-3.6242,-3.1115,-4.6206,4.4965,10.9544,-5.2823
1.0291,-3.0816,-7.1241,2.7743,-4.5726,0.2406,-2.4624,-8.5646,9.155,-4.7127,-2.5598,-4.8523,3.6436,9.3912,-6.7798
1.22,-3.1759,-6.1846,2.9931,-3.91,-0.0847,-2.7001,-6.3848,9.097,-5.3893,-1.9067,-4.6261,2.875,7.8762,-7.753
1.1536,-3.0126,-5.4229,2.4511,-2.9222,-0.5277,-2.6369,-4.8395,8.4007,-4.9688,-1.2759,-4.6997,1.6371,5.8053,-8.0264
