x0,x1,x2,x3,x4,x5,x6,x7,x8,x9,x10,x11,x12,x13,x14
0.5498,0.6063,4.7359,0.2582,1.6677,-1.3673,-0.9251,6.6638,2.1197,-3.8074,1.2139,-1.4998,-3.9299,-6.627,-3.8882
0.4476,1.3379,6.2989,0.0651,2.5713,-1.2642,-0.4594,8.1263,0.6592,-2.9995,2.8144,-0.835,-4.2373,-7.9064,-2.5166
0.4517,2.3921,8.0341,-0.6396,3.3559,-0.6861,0.129,8.6279,-1.1069,-2.1791,4.0463,0.5422,-4.3678,-9.4335,-1.1657
-0.05,3.3153,8.3513,-1.6144,4.0998,-0.5098,0.5223,9.0315,-3.0063,-1.3363,4.6702,2.3037,-4.2399,-9.9412,0.7695
-0.1274,3.0122,8.4925,-1.8123,4.6375,0.095,1.0102,8.4569,-4.2164,-0.4576,5.096,3.759,-3.865,-10.0591,2.3972
-0.0312,3.0259,8.2841,-1.8543,4.8425,0.3874,1.0862,7.7655,-5.5085,1.8515,5.2496,4.7696,-3.5652,-9.3574,4.1475
0.1471,3.3603,7.5897,-2.0647,4.864,0.1448,1.8711,7.2276,-5.4093,3.3994,4.8391,5.428,-2.9514,-7.8504,5.8162
-0.0681,3.0795,6.9075,-1.9086,4.4615,0.1157,2.2242,6.2151,-5.2723,4.0044,4.5368,5.7438,-2.3421,-6.5733,7.1177
-0.2322,2.8041,6.0068,-1.8375,3.9249,0.1003,2.2438,5.1198,-5.4571,4.5511,4.306,5.7927,-1.7585,-5.546,8.2898
-0.3634,2.4292,5.2672,-1.5989,3.4558,0.2059,2.6759,4.1437,-4.8874,4.9535,3.6943,5.7264,-1.0864,-4.1187,8.4183
-0.4202,2.3135,4.182,-1.4267,2.9309,0.6787,2.7759,2.567,-5.5425,4.0242,3.3469,5.0842,-0.4113,-2.9093,8.7076
-0.6776,2.0092,2.7112,-1.224,2.4997,0.8931,2.5653,1.07,-5.164,4.6647,2.5961,5.088,0.471,-0.858,8.5781
-0.705,1.9076,0.9454,-1.1965,2.2392,1.0637,2.8659,-0.5952,-4.3403,5.0264,0.4319,4.7402,1.5501,0.788,8.037
-0.5362,0.9029,-0.3647,-1.0156,1.4692,1.4523,2.3221,-2.3251,-3.3855,4.5857,0.1406,2.6994,2.5383,2.4104,7.7528
-0.6193,0.2558,-2.5644,-0.582,0.8507,1.4386,2.0673,-4.044,-2.4813,4.8473,-0.4707,1.9501,3.0356,4.4407,7.2457
-0.4612,-0.1809,-4.193,-0.1647,-0.1871,1.4225,1.796,-6.1409,-1.4915,4.4117,-1.6977,2.1382,4.0134,5.9592,5.7824
-0.2538,-0.648,-5.5747,0.3056,-0.9676,1.4268,1.6878,-7.8515,-0.2272,3.7521,-2.5434,1.0734,4.7997,7.7376,4.668
-0.1569,-1.6075,-7.0588,0.463,-2.2176,1.2005,0.6946,-8.9119,1.2201,2.775,-3.7244,-0.4211,5.2659,9.2237,3.0524
-0.1604,-2.3618,-8.1852,0.7519,-3.0535,1.306,-0.2798,-10.2312,2.5742,1.2348,-4.6663,-1.884,5.6869,9.9308,1.9853
-0.0999,-3.0702,-9.3304,1.4536,-3.3897,1.3093,-0.9807,-10.2836,3.929,0.4698,-4.7772,-3.3448,5.5679,10.6624,-0.6396
0.056,-3.5929,-9.9009,1.7052,-3.6546,0.9485,-1.9915,-10.7322,4.6694,-0.7849,-5.3994,-5.0997,5.921,10.7019,-2.4255
0.1333,-4.5636,-9.6642,2.5522,-3.938,0.9242,-2.7776,-10.7485,6.0472,-2.0473,-5.2209,-5.7184,5.1122,10.2758,-3.8068
0.3032,-4.034,-9.9952,2.3202,-3.9321,0.5183,-2.6408,-10.1174,6.4238,-2.5594,-5.2027,-6.3495,4.3694,9.7713,-6.1422
0.242,-3.8815,-9.9107,2.3771,-3.9104,0.4807,-3.4627,-9.2425,6.8208,-4.0247,-5.1417,-5.7925,3.7584,8.8521,-7.5166
0.3373,-3.8418,-9.1544,2.3628,-3.6609,0.2878,-3.4451,-8.4027,6.7541,-5.1292,-6.7287,-6.0739,3.0006,7.5101,-9.1586
0.7285,-3.9012,-8.1163,2.6678,-3.238,-0.0575,-3.4821,-5.9733,7.5467,-5.2292,-6.0591,-6.9952,1.9851,6.4188,-10.4038
0.5909,-4.2055,-6.3303,2.8823,-2.8333,-0.519,-3.3334,-4.0911,6.424,-5.7417,-4.9646,-6.9211,0.9843,4.2949,-10.5881
0.8421,-3.5583,-4.8398,2.0422,-2.2253,-0.6973,-3.2196,-2.1776,6.1604,-5.4902,-3.8518,-6.6676,0.0565,2.345,-10.3051
0.7648,-2.8801,-3.29,2.075,-1.6185,-1.1128,-2.8766,-0.7715,5.9153,-5.8181,-2.5819,-5.8903,-0.8638,0.6779,-9.4619
0.8799,-1.9039,-1.4343,1.6609,-0.7768,-1.2537,-2.3663,0.9023,4.9589,-5.4223,-1.5463,-4.8724,-1.6847,-0.9691,-8.1893
0.9068,-1.3049,-0.05,1.2351,-0.2138,-1.426,-2.1609,2.8824,4.1754,-5.0423,-0.6862,-3.7896,-2.4292,-2.9707,-7.1748
0.7761,-0.7893,2.1326,1.1158,0.6354,-1.4559,-2.4997,4.5281,2.5275,-4.8396,0.2004,-3.6567,-3.0441,-4.5382,-6.7035
0.3771,-0.0726,3.9652,0.9097,1.5735,-1.533,-1.9183,6.0926,1.4086,-4.2215,1.7195,-2.0734,-3.8511,-6.051,-5.3291
0.4679,0.7468,5.38,0.455,2.6863,-1.5212,-1.5059,7.4083,-0.1423,-3.4703,3.312,-1.2059,-4.2918,-7.6818,-3.1725
0.2848,1.7034,6.2578,-0.1707,3.3541,-1.2992,-1.016,7.9422,-1.3343,-2.8126,4.4342,0.5357,-4.4657,-8.7384,-1.7412
0.2084,2.7755,7.2538,-0.3791,4.237,-1.0772,-0.3147,8.202,-2.9377,-1.7085,4.7893,2.6056,-3.9434,-9.2748,0.1149
0.1343,3.4046,7.5114,-0.9373,4.7239,-1.1052,0.1168,8.3779,-3.8498,-0.6719,4.6308,4.0165,-3.8393,-9.394,1.4539
0.108,3.1743,7.3408,-1.6699,4.8412,-1.1149,0.3867,8.3776,-4.5066,0.5212,5.1557,4.9873,-3.4299,-9.1082,3.3993
0.1658,3.0826,7.282,-1.6257,4.8887,-1.1315,0.7446,7.6782,-4.8,1.9058,5.0648,5.7842,-3.2942,-8.45,4.933
0.0823,3.3653,6.9611,-1.6484,4.5744,-0.7677,1.5707,7.0567,-5.2664,3.0594,4.7769,5.8651,-2.773,-7.8512,6.353
-0.0054,3.1393,6.3501,-1.9032,4.366,-0.661,1.42,6.3676,-5.6863,3.5081,3.9137,6.3278,-2.4359,-6.8462,7.16
-0.0409,2.8824,5.6294,-2.2097,3.9434,-0.5241,1.8455,6.0731,-5.0962,4.0331,3.396,5.7424,-2.0405,-5.5689,7.3739
-0.0014,2.4137,6.0354,-2.1658,3.3435,-0.3863,2.2342,5.2238,-4.7564,4.3412,3.1651,4.7,-1.1986,-4.5512,7.8444
-0.0484,2.5208,4.8644,-1.8502,3.1793,-0.3273,1.8148,3.8076,-5.2109,4.7546,2.8871,4.4466,-0.5735,-3.4762,8.0158
-0.0051,2.2747,3.4475,-1.4389,2.8182,-0.2374,2.3406,2.5375,-4.6639,4.4485,2.881,4.4195,0.1084,-2.0521,8.2861
-0.0896,2.1046,2.1931,-1.298,2.4911,-0.0206,2.3203,1.0574,-4.5533,4.5732,2.2508,4.1562,0.9561,-0.8795,8.5752
-0.1688,1.5315,0.9009,-1.1238,2.0738,-0.162,2.1562,0.2272,-3.4226,4.506,1.8529,4.2963,1.765,0.4786,8.1646
-0.1444,1.3518,-0.1612,-0.9853,1.4076,-0.2617,1.6195,-1.666,-2.9449,4.445,1.3102,3.7594,2.5101,2.0176,7.6622
0.0188,0.7836,-1.2177,-0.6556,0.856,-0.0243,1.4181,-3.8222,-2.7615,4.618,0.2714,3.1417,2.9865,3.77,7.8049
-0.2502,0.3281,-3.3556,-0.283,0.3053,0.2139,1.2371,-5.234,-2.0774,4.831,-0.7783,2.7547,3.9123,5.9073,6.815
-0.0069,-0.4423,-5.0643,-0.0646,-0.4772,0.4149,0.8997,-7.0814,-1.1864,4.196,-1.5626,1.4862,4.2916,7.4077,5.6174
0.1112,-1.5241,-6.7469,0.2678,-1.3236,0.3832,0.48,-8.7199,0.3455,3.494,-2.748,1.1229,4.7134,9.0558,3.9396
0.2403,-1.8798,-8.4019,0.6741,-2.7142,0.2211,-0.206,-9.9074,1.4185,2.9827,-3.9547,-0.4459,5.3649,10.3289,2.5807
0.1877,-2.3344,-9.495,1.1054,-3.0686,0.3011,-0.8181,-10.3356,3.3249,1.1765,-4.5565,-2.2866,5.0696,10.8231,0.7673
0.3466,-3.1015,-10.1185,1.6688,-3.4427,0.1782,-1.4716,-10.5548,5.0777,-0.0989,-5.5819,-3.5531,5.0647,10.7244,-1.5236
0.4409,-3.4401,-10.4256,2.0435,-3.7878,0.2042,-1.728,-10.302,5.9462,-1.4105,-5.8773,-5.3119,4.7113,10.1874,-3.5683
0.5918,-3.8507,-9.8552,2.5599,-3.9357,-0.0026,-2.7021,-9.1365,7.2288,-2.8575,-5.2132,-5.1232,4.0846,9.2433,-5.351
0.9537,-3.5904,-9.3791,2.6046,-3.7294,-0.2865,-3.5825,-8.5699,7.1713,-3.7304,-5.0064,-5.4766,3.4093,7.8175,-6.8461
0.8392,-3.0767,-8.5485,2.3599,-3.6374,-0.4683,-3.6249,-7.1474,7.418,-4.4582,-4.669,-6.0448,2.1936,6.3765,-8.4006
0.7525,-3.305,-7.452,2.3496,-3.2062,-0.5526,-3.457,-5.5513,7.503,-5.7315,-4.0803,-6.0079,1.5609,4.9881,-9.1455
1.012,-2.8047,-5.9155,2.472,-2.5428,-0.8354,-3.5778,-3.8509,6.7222,-5.9298,-3.3533,-5.7436,0.7336,3.2212,-9.2223
1.1804,-2.3945,-4.4613,2.1874,-2.096,-0.7158,-3.0995,-2.0589,6.2724,-5.6696,-3.1015,-5.5888,-0.1922,1.6609,-9.5927
1.3036,-1.7588,-2.8673,1.9525,-1.3379,-1.1199,-2.9198,-0.4085,6.2437,-5.9185,-2.207,-5.0193,-1.0556,0.1003,-9.3668
1.284,-0.7386,-0.9054,1.942,-0.6327,-1.3387,-2.4205,1.8562,5.2706,-5.7501,-0.9094,-4.1112,-1.836,-2.3963,-8.384
1.2116,-0.4741,0.9706,1.5947,0.1401,-1.1343,-2.2651,3.9822,4.1407,-4.9573,0.126,-3.1359,-2.7484,-4.3988,-7.4115
1.1654,0.055,3.1616,1.4323,1.7597,-1.2018,-2.0153,5.7955,2.7914,-4.4923,1.1803,-2.204,-3.2956,-6.3173,-5.9326
1.2183,0.9863,4.6999,1.0101,2.7102,-1.3639,-1.6498,7.168,1.0313,-3.1305,2.2685,-1.012,-4.0671,-7.8123,-4.3043
1.3248,1.895,6.4618,0.6859,3.3215,-1.4203,-1.0641,8.4164,0.0323,-2.2504,3.8667,-0.0228,-4.3365,-9.1589,-2.7697
1.2155,2.6207,7.9238,0.1367,3.9202,-1.206,-0.337,8.9878,-1.7262,-1.2116,4.8422,1.3084,-4.2227,-10.2941,-1.1133
0.9783,3.4945,8.3693,-0.6162,4.7476,0.4038,0.4514,8.3989,-3.9962,0.4326,5.2765,3.0768,-4.3879,-10.524,1.1688
0.8219,3.3823,8.4768,-1.3574,4.7095,0.3192,1.0599,8.1865,-4.798,1.7001,5.2937,4.6483,-3.7887,-9.8373,3.2367
0.6081,3.7417,7.8514,-1.3823,4.6836,0.1186,1.4508,7.4008,-5.6333,2.9483,5.1201,5.2638,-2.9442,-8.7353,5.2869
0.524,3.5796,7.0314,-1.5374,4.5261,0.2058,2.5005,6.9124,-5.6163,3.9316,4.9141,5.8831,-2.256,-7.4887,6.8385
0.4178,3.1057,6.5399,-2.0397,4.2151,0.2194,1.9775,5.5032,-5.8483,4.6279,4.1809,6.2925,-1.4132,-6.0003,8.2488
-0.0456,2.5752,5.4177,-1.5969,3.9423,0.6358,2.5008,3.9704,-5.546,5.4951,4.0031,5.4775,-0.9919,-4.1796,9.3013
-0.0821,2.4693,3.8103,-1.5943,3.5448,0.4752,2.2867,2.4027,-5.7063,6.1024,3.207,5.3871,-0.1288,-2.6756,9.2988
-0.0335,1.7822,2.3786,-1.1836,2.635,0.6137,2.1583,0.8514,-4.7749,5.4548,2.8004,4.5611,0.8246,-0.9391,8.6306
0.121,1.3387,0.6072,-0.915,2.5106,0.6324,1.8723,-0.9854,-3.961,5.3831,2.331,4.3572,1.9455,0.7069,8.4153
0.1132,1.22,-0.8687,-0.7133,1.4995,0.4032,1.7466,-3.3186,-2.8385,5.5383,1.5149,3.6879,2.8908,2.858,7.8997
0.1386,0.5322,-2.9044,-0.7212,0.7001,0.4452,1.3165,-5.6686,-2.2359,5.2035,0.3841,3.0509,3.8337,4.7901,6.8318
0.2839,-0.3264,-5.2301,-0.1357,-0.0179,0.5888,0.9709,-7.238,-0.5254,4.3815,-0.6818,2.2322,4.3712,7.2439,5.6149
0.4191,-0.9434,-6.8434,0.3976,-1.2756,0.7146,0.151,-8.9397,0.9915,3.1509,-2.3986,1.0815,5.0162,8.5169,4.2082
0.0878,-1.9755,-8.2635,0.9505,-2.2283,0.7723,-0.5257,-9.8531,2.6228,2.2956,-3.4437,-0.1753,5.086,9.1762,1.9316
0.1562,-2.9601,-9.1788,1.5952,-2.9548,0.9417,-0.8828,-10.4105,4.1649,0.993,-4.4153,-2.0085,4.9983,9.6303,0.1857
0.3491,-3.5129,-9.5333,1.4566,-3.4785,0.6124,-1.7619,-10.2639,5.3271,-0.431,-5.1675,-3.4568,4.9831,9.7504,-1.7207
0.6692,-3.6025,-9.5479,1.9309,-3.5602,0.4162,-2.6374,-9.7033,6.4052,-1.9734,-5.4415,-4.3303,4.4379,9.5726,-4.2451
0.8889,-4.111,-9.0045,2.2623,-3.9068,0.4348,-3.1517,-8.975,6.3813,-3.1347,-5.3746,-5.3623,3.6426,8.6367,-5.9638
1.1457,-3.3751,-8.3383,2.2269,-3.3787,0.7739,-3.423,-8.3616,6.7904,-3.7968,-5.2748,-6.1711,3.1549,7.9495,-7.219
1.1423,-3.2814,-7.3922,2.0004,-3.1357,0.4446,-3.0139,-6.4218,7.7131,-4.6001,-4.9785,-6.4371,2.2505,6.5528,-8.8023
1.1217,-3.0792,-5.8924,2.1549,-2.6818,-0.0705,-3.6826,-5.053,7.4417,-5.4955,-4.0983,-6.2408,1.7367,4.6068,-9.4809
1.3401,-2.6122,-4.6867,1.8677,-1.9881,-0.646,-3.4939,-3.4914,6.9419,-5.755,-3.484,-6.0935,0.5566,2.7775,-9.7852
1.2645,-2.799,-3.162,1.954,-1.5711,-0.7926,-3.3426,-1.9271,6.478,-5.9569,-2.3707,-5.518,-0.3501,0.8823,-9.9663
1.2625,-2.1839,-1.7886,2.0206,-0.6851,-1.3835,-2.3869,-0.0422,5.642,-5.3093,-1.4272,-4.8557,-1.3168,-0.7298,-8.92
1.2516,-1.5719,-0.2306,1.8244,0.1154,-0.9372,-2.4437,2.1644,4.959,-5.1108,-0.5791,-4.2145,-1.8677,-3.0933,-7.7816
1.3135,-0.9708,2.1468,1.8003,0.6579,-0.8794,-2.2213,4.0308,3.993,-4.4768,0.855,-3.149,-2.5198,-5.1715,-6.85
1.1813,-0.0758,4.1524,1.224,1.459,-0.6015,-2.0908,5.5901,2.3071,-3.8968,2.2633,-2.5055,-3.0094,-6.9056,-5.7859
1.1428,0.7078,5.5686,0.4074,2.6118,-0.3604,-1.7245,6.4273,0.1693,-3.3407,3.7338,-0.8481,-3.4793,-7.9385,-3.8157
1.1449,1.9907,6.128,-0.0569,3.5692,-0.5627,-0.9022,6.8264,-1.2246,-2.067,4.091,0.8817,-3.7405,-8.8087,-2.9238
1.144,2.486,7.0669,-0.6081,4.0866,-0.6261,-0.6101,7.3059,-2.2632,-1.3514,4.3533,2.5266,-3.8579,-9.1519,-1.6517
1.0411,2.8098,7.3282,-1.0054,4.4504,-0.4933,0.1798,7.8262,-3.2167,-0.441,4.6203,3.6084,-3.8253,-8.9752,0.4749
0.8508,2.4953,7.6548,-1.0193,4.7025,-0.2296,0.9894,7.8214,-4.1918,0.615,4.7911,4.5181,-3.5765,-8.7193,2.1959
0.7338,2.6663,7.77,-1.1527,4.818,-0.289,2.0184,7.4342,-4.5596,2.7399,5.3537,4.9446,-2.9573,-7.9205,4.5841
0.7871,2.8942,7.2852,-1.1136,4.4859,-0.3196,2.1048,6.3326,-5.3507,3.8413,5.2602,5.6742,-2.1858,-7.0498,6.3597
0.7829,2.8009,6.033,-1.4665,4.2312,-0.4386,2.5823,5.0545,-5.5362,6.9206,4.5199,5.9165,-1.6628,-5.1341,8.5124
0.6623,2.5705,5.0116,-0.8438,3.5861,-0.3265,2.3477,3.7385,-5.1548,5.8488,4.0115,5.7461,-0.7903,-3.5533,9.0533
0.5747,2.3712,3.6671,-0.8672,3.1713,-0.4921,2.0369,2.3989,-4.9797,5.577,3.6503,5.5093,0.2285,-1.803,9.2417
0.4248,2.7376,2.5408,-0.8922,2.5722,-0.0225,1.9798,0.3149,-4.4823,5.359,2.6865,4.9835,0.9677,-0.1168,8.7853
0.4007,1.9465,0.8766,-0.8411,2.0328,0.0801,2.0096,-1.5027,-4.2512,4.8718,2.1318,3.9729,1.8173,1.933,8.1597
0.2903,1.2435,-1.1876,-0.3342,1.6882,0.6399,1.8087,-3.8004,-2.9714,4.7565,1.1379,3.2762,2.92,3.701,7.7437
0.3377,0.379,-3.3229,0.0661,1.1875,0.582,1.3833,-5.7668,-1.9994,4.6942,0.0162,2.3758,3.9062,5.3177,7.1093
0.268,-0.3771,-5.5846,0.3852,0.4236,0.3083,1.2899,-7.2853,-0.4915,4.6548,-1.4713,1.6041,4.3091,7.0289,5.3268
0.3137,-1.0495,-7.1907,0.796,-0.9781,0.2793,0.9685,-8.3271,1.2866,3.6172,-3.0314,0.7856,4.8716,8.5453,4.4381
0.2176,-2.5874,-7.7597,1.4928,-2.0403,-0.0865,0.7277,-8.7434,2.9298,2.4641,-3.8786,-1.0964,4.8306,9.5177,2.9908
0.4758,-3.4079,-8.2266,1.9173,-2.6225,0.1311,-0.0518,-9.2077,3.6991,1.6524,-4.6206,-3.0591,5.1019,10.2599,1.3601
0.6068,-3.5544,-8.8785,2.0568,-3.0323,0.0035,-0.3321,-9.5832,5.138,0.827,-4.9997,-3.8778,4.7834,10.4533,-0.5935
0.7216,-3.483,-8.9612,2.6314,-3.3048,0.0307,-1.1153,-9.4006,6.8064,-0.0605,-4.4409,-4.518,4.4091,10.0718,-2.0685
0.588,-3.6316,-8.6284,2.6602,-3.5513,-0.1766,-1.7264,-9.3749,6.8557,-1.9779,-4.8964,-4.9393,3.8618,9.0912,-4.0479
0.8692,-3.3662,-8.0697,2.4905,-3.5462,-0.134,-2.2837,-8.6643,6.5611,-3.0358,-3.8109,-5.8249,3.5478,8.3299,-5.4064
0.9016,-3.0923,-7.963,2.4004,-2.7178,-0.2283,-2.734,-7.8958,6.6599,-3.6164,-4.0529,-5.7057,3.1994,7.6387,-6.8518
0.951,-2.8912,-7.1573,2.3685,-2.8761,-0.4419,-3.1899,-6.955,7.0458,-4.36,-3.9911,-5.5358,2.4861,6.4822,-8.0009
1.1075,-3.0689,-6.3449,2.2151,-2.4031,-0.1826,-3.3602,-5.8127,6.9769,-4.9784,-3.9364,-5.7865,1.8984,5.46,-8.7686
1.1758,-2.7408,-5.2748,2.2015,-1.7974,-0.5706,-3.3121,-4.3048,6.7507,-4.9587,-3.5555,-5.7835,1.1434,4.1637,-8.7501
1.1251,-2.3398,-4.3309,1.9742,-1.2207,-0.6073,-3.4819,-2.8527,6.4826,-5.3375,-3.0704,-5.42,0.4012,2.6924,-9.3651
1.1186,-1.9643,-2.9683,1.5339,-0.7033,-0.5004,-3.4538,-1.6549,5.8673,-5.3227,-2.4583,-4.7125,-0.5192,1.0859,-9.1926
1.304,-1.7495,-1.6312,1.1866,-0.1663,-0.5417,-2.783,0.3401,5.4666,-5.0371,-1.9465,-4.1925,-1.6268,-0.364,-8.5854
1.3042,-1.142,-0.1301,1.2056,0.3923,-0.7843,-2.377,2.3282,5.0623,-4.7391,-1.2523,-3.739,-2.4209,-2.0441,-7.8865
1.3529,-1.0428,1.9352,0.9347,1.0313,-0.8683,-2.2614,4.2328,3.8834,-4.5111,-0.2612,-3.408,-2.7942,-4.2048,-7.3158
1.1221,-0.6244,3.8722,0.7483,2.049,-1.3522,-1.7251,6.2716,3.128,-3.8911,0.8838,-2.5447,-3.753,-5.7461,-6.2329
0.9908,0.3573,5.6613,0.3611,2.8576,-1.2208,-0.935,7.5456,1.5683,-2.8698,2.752,-1.6107,-4.2438,-7.3533,-4.7547
0.8675,1.5799,7.2156,-0.0885,3.5124,-0.8365,-0.7365,8.2791,0.0749,-2.6193,4.0665,-0.0064,-4.4718,-8.7685,-2.8096
0.7331,2.2273,7.9957,-0.4391,4.4564,-0.6963,-0.2813,9.781,-1.7987,-1.5452,5.0094,1.5933,-4.6013,-9.4244,-0.606
0.7518,2.9028,8.8184,-0.7037,5.2884,-0.8093,0.0338,9.5011,-3.2538,-0.2629,5.3618,3.1058,-4.5261,-9.6359,1.3788
0.6191,3.0863,8.8512,-1.1333,5.5494,-0.4403,0.8975,9.0933,-3.9812,1.1406,5.7817,4.4589,-4.17,-9.4072,3.4851
0.4661,3.4935,8.4036,-1.4937,5.4808,-0.1708,1.6341,8.0941,-4.9764,3.2175,5.573,4.8246,-3.3372,-8.8659,5.2921
0.324,3.4025,7.3337,-1.6634,5.262,0.058,2.0279,7.2812,-5.1263,3.8659,5.0045,5.2116,-2.5263,-7.4755,6.7414
0.2842,3.0684,6.3164,-1.7847,4.8517,0.1581,2.2789,6.1135,-5.1421,4.3538,4.6468,5.5332,-2.0516,-5.8106,8.0077
0.3295,2.9561,5.5496,-1.9173,4.2238,0.0744,2.3485,5.1465,-4.7697,4.9583,4.1963,5.8822,-1.4313,-4.3408,8.936
0.1793,2.7264,4.6469,-1.5159,3.7346,0.1218,1.8171,3.1275,-4.7032,4.9609,3.3628,5.8521,-0.3927,-2.8447,8.899
0.0326,2.2082,3.6415,-1.2083,3.4033,0.4267,1.8317,1.4006,-4.1075,5.127,3.3806,4.9182,0.409,-1.2754,8.9461
-0.1006,2.0403,1.6023,-1.2923,2.717,0.494,1.5913,-0.0969,-3.6134,4.8734,2.0842,4.6596,1.2819,0.5513,7.4841
-0.3398,0.9456,-0.0309,-0.8179,2.0844,0.8942,1.5051,-2.0807,-3.1223,4.4296,0.8353,4.0893,1.804,2.4841,6.4245
-0.3488,0.339,-2.1945,-0.6359,1.3604,1.0917,1.5182,-3.8851,-2.6506,4.2259,-0.571,2.413,2.9309,4.5164,5.7747
-0.3643,-1.0256,-4.0788,-0.1042,0.4335,1.2079,1.3566,-5.8925,-1.0171,3.924,-1.82,1.5557,3.8491,6.2604,4.5166
-0.1944,-1.8319,-5.7667,0.3772,-0.5868,1.1257,0.8497,-7.185,0.5484,3.1694,-2.7556,0.0568,4.8001,7.6759,3.3484
0.082,-2.6388,-6.7803,0.6573,-1.7097,0.8713,0.1996,-8.1652,2.053,2.5253,-3.8479,-1.1848,4.9607,8.7282,1.7386
0.2791,-3.2464,-7.9289,1.5271,-2.7142,0.4294,-0.4125,-8.619,4.0198,1.3088,-4.5345,-2.8929,4.9296,9.7997,0.1106
0.6005,-3.5191,-8.1653,1.7576,-2.936,0.5803,-0.8496,-8.8787,5.8223,-0.0623,-4.914,-4.1024,4.5364,9.9084,-1.8011
0.7179,-3.5487,-8.1825,1.9291,-2.8932,0.4569,-1.4508,-8.5532,6.7138,-0.9962,-5.2462,-4.5111,4.1248,9.4946,-3.5873
0.804,-3.7218,-7.7432,2.4744,-2.9452,0.1044,-2.1313,-7.9149,7.2203,-2.0378,-5.0117,-4.9148,3.4869,8.6274,-5.1325
1.0045,-4.097,-7.2079,2.4724,-2.8946,-0.1132,-2.4786,-7.0544,7.0117,-3.1001,-4.9015,-5.1671,2.7084,7.3284,-6.5758
1.0852,-3.6361,-6.6603,2.2369,-2.6596,-0.083,-2.3018,-5.8251,7.3254,-3.2575,-4.5123,-5.452,2.1783,6.0197,-7.3778
1.174,-3.33,-5.815,2.1081,-2.5108,-0.8272,-2.5267,-4.2722,7.7814,-4.0983,-4.1439,-5.444,1.7092,4.8016,-8.2235
1.2012,-2.5754,-3.962,1.7407,-2.0045,-1.0603,-3.3298,-3.1014,6.9099,-5.1531,-3.6131,-5.9808,0.9955,3.009,-9.0124
1.287,-3.0004,-2.7724,2.1022,-1.3891,-1.1822,-2.8945,-1.5849,6.2156,-5.0775,-2.3647,-5.3415,0.059,1.6206,-9.0759
1.1178,-1.9299,-1.6465,1.7892,-0.7931,-1.2872,-3.1388,-0.1965,5.4864,-4.5338,-1.5932,-4.383,-0.5111,0.0834,-8.9575
1.0307,-1.1907,-0.1646,1.3635,-0.3962,-1.2256,-2.756,1.0415,4.7397,-4.7622,-1.0522,-4.2818,-1.3657,-1.5933,-8.5724
0.9837,-0.8887,1.1002,0.9943,0.0305,-1.2244,-2.9176,3.3055,4.3863,-5.2281,-0.4464,-3.3198,-2.6006,-3.3277,-7.4999
0.9258,-0.7406,3.0349,0.8108,0.8094,-1.0454,-2.9446,5.2276,3.6692,-5.5678,0.7116,-2.6351,-3.4426,-5.1715,-6.9854
1.0358,-0.1183,5.0865,0.4714,1.9866,-1.2653,-2.4962,6.2998,1.9953,-4.7107,2.1969,-1.5707,-4.2747,-6.8695,-6.0048
0.9313,0.8081,6.1145,0.3035,3.1852,-1.6125,-2.1088,7.6707,0.9414,-3.5343,3.2856,0.0916,-4.7081,-8.4245,-4.6185
1.0498,1.7357,7.6071,-0.3558,4.0816,-1.5123,-1.2808,8.973,-0.5386,-2.3607,4.0352,1.5466,-5.1922,-9.2682,-2.4498
0.9607,2.6113,9.0167,-0.8765,4.6651,-1.4534,-0.3859,9.5332,-1.8,-1.4665,4.8331,3.1957,-5.2206,-10.0974,-1.1038
0.8475,3.0055,9.2951,-1.2562,4.9831,-1.484,0.4784,9.7074,-3.5719,-0.7382,5.8879,4.6254,-4.8389,-10.5845,0.9398
0.7452,3.0254,9.1254,-1.7676,5.3227,-1.36,0.7123,9.8043,-4.7782,0.8322,5.9602,5.7014,-4.4662,-10.1636,3.0739
0.7397,3.2551,8.9665,-1.8287,5.3771,-1.1055,1.2498,9.0385,-4.653,2.368,5.9745,6.6095,-4.1066,-9.6344,4.8057
0.62,3.474,8.4719,-2.1163,5.1165,-0.9849,1.8859,8.6112,-5.3209,3.2454,4.8707,6.5876,-3.4559,-8.3073,6.0089
0.4856,2.2808,7.4815,-1.6161,4.9295,-1.0094,2.3177,7.783,-5.2938,3.6283,5.5903,6.1019,-3.0896,-7.1084,7.2112
0.3937,2.4964,6.9381,-1.5237,4.6009,-0.7734,2.225,5.9524,-5.4887,4.2881,5.1642,6.4488,-2.1009,-6.1289,7.7767
0.2481,2.4274,5.5808,-1.6805,4.1844,-0.3457,2.7159,4.7861,-5.175,5.0749,4.9518,6.4162,-1.2615,-4.4556,8.4159
0.328,2.2978,4.1635,-2.1793,3.6723,-0.5522,2.9158,3.3871,-5.0105,5.0797,3.8319,6.3215,-0.604,-2.8617,8.7232
0.243,1.7614,3.1398,-1.8166,3.1326,-0.3127,2.9967,2.1556,-4.4044,4.903,3.1917,5.8188,0.3007,-1.1847,8.4288
0.1806,1.2268,1.9931,-0.9934,2.4937,0.0175,2.3631,0.0514,-3.7321,4.7482,2.4735,4.8166,2.069,0.3223,8.0543
0.2536,0.6729,0.2515,-1.23,2.1968,0.0764,2.002,-2.3334,-3.2746,4.8792,2.0664,4.3649,2.6713,2.0086,7.9024
0.0324,0.4299,-1.8416,-1.1109,1.5469,0.3773,1.6589,-4.7818,-2.6798,5.1739,0.8547,3.6511,3.4178,4.0355,7.3857
0.1195,-0.8312,-4.4471,-0.3956,0.6016,0.8375,1.0829,-6.7008,-1.2338,4.7192,-0.4103,3.1296,4.0945,6.4087,6.341
0.0682,-1.5339,-6.7505,-0.2306,-0.5682,0.7738,1.0466,-8.1459,0.0306,4.3303,-2.0354,2.3063,4.5664,8.3391,4.7566
0.0924,-2.6768,-8.5453,0.1678,-1.9684,1.3101,0.448,-9.7292,1.4447,2.7709,-3.2015,0.6066,5.0142,9.7919,3.0125
0.2304,-3.3638,-9.3266,0.8905,-3.1622,1.012,-0.0726,-10.5231,3.6867,1.5519,-4.5558,-1.2079,5.392,11.374,0.9054
0.2356,-4.2143,-10.0695,1.5401,-3.8112,0.7997,-0.6784,-11.1779,4.9591,-0.2517,-5.3711,-2.769,5.3926,11.6493,-1.6623
0.5092,-3.9681,-10.445,1.6039,-4.3808,0.5412,-1.8715,-10.6746,6.3155,-1.6164,-5.885,-4.234,5.0637,11.324,-3.9115
0.704,-4.4796,-10.1221,1.8541,-4.2045,0.445,-2.5723,-10.2894,7.7435,-3.6883,-5.87,-5.4094,4.472,10.5105,-6.364
0.6337,-4.2406,-9.8866,1.6577,-3.8953,0.5782,-3.2431,-9.7019,7.6362,-4.4302,-6.0234,-6.2508,4.013,9.3528,-8.4882
0.8997,-4.02,-9.22,1.626,-3.6643,0.5923,-3.3472,-8.5515,7.9785,-5.5723,-5.7805,-6.814,2.9546,8.3402,-10.1724
1.2154,-4.251,-8.124,1.9116,-3.1316,0.0032,-3.3493,-6.7663,9.3623,-6.6745,-5.3967,-6.6755,2.139,6.6928,-11.037
1.1953,-4.7456,-6.982,2.3881,-2.6811,-0.2224,-3.5045,-5.1087,8.7137,-6.6013,-4.4891,-6.7874,1.2293,4.2356,-11.2208
1.387,-3.9503,-5.3632,2.1352,-2.2112,-0.1691,-3.5001,-3.3777,7.8807,-6.3959,-3.7144,-6.157,0.4221,2.2196,-11.0919
1.4429,-3.4077,-3.6051,1.9201,-1.7522,-0.8716,-2.9679,-1.0123,7.278,-6.2797,-2.8039,-6.0517,-0.7302,-0.0009,-10.714
1.5198,-2.8763,-1.3667,1.7041,-0.8067,-1.1605,-2.8428,1.1136,6.9996,-6.4109,-1.8343,-4.7922,-2.0181,-1.946,-10.2408
1.6048,-1.6423,0.8561,1.284,-0.2341,-1.1379,-2.3286,3.5889,5.7993,-6.1375,-0.6359,-3.6741,-2.9847,-4.3723,-9.2842
1.5599,-1.0691,3.415,0.9043,1.1842,-1.345,-2.107,5.9764,4.2373,-5.5729,0.7825,-2.8412,-4.115,-6.2138,-7.9273
1.5944,0.2578,5.7499,0.506,2.4174,-1.4212,-1.844,7.7951,3.0228,-4.7583,2.173,-1.3359,-4.6847,-8.0862,-6.7439
1.369,1.0012,7.133,-0.0539,3.5452,-1.5763,-1.494,8.9606,1.3389,-4.1382,3.3295,-0.0352,-5.0278,-9.9568,-4.7453
1.12,1.9721,8.646,-0.6123,4.0882,-1.3084,-0.9474,10.4029,-0.5183,-3.1083,4.6091,1.4749,-5.5596,-11.028,-3.0951
1.1611,2.2706,9.7633,-1.2644,5.0242,-1.4638,-0.2732,10.7608,-2.1961,-2.1927,5.306,3.2158,-5.6704,-10.9218,-1.4981
1.0919,2.9071,10.3004,-1.5982,5.9345,-1.4062,0.8458,10.9017,-3.7759,-0.7999,5.7525,4.7777,-5.803,-11.2064,0.2767
1.0039,3.0734,10.2994,-1.3737,6.3572,-1.2149,1.4835,11.0622,-4.5513,0.8789,6.7543,6.0935,-5.2829,-10.7676,2.6469
0.9804,3.6396,10.0885,-1.9885,6.2426,-0.8001,0.9914,9.889,-5.631,2.6522,6.8319,7.2274,-4.3781,-10.3149,4.976
0.944,3.4757,9.466,-2.1766,6.1616,-0.9455,1.8932,8.5214,-6.3145,3.8918,6.643,7.9153,-3.8679,-9.1254,7.1458
0.5914,3.9016,9.0665,-2.5909,6.0395,-0.9391,2.1946,7.2475,-6.7476,5.7067,5.4444,9.1272,-2.9721,-7.4085,8.241
0.4661,3.4325,6.8288,-2.3605,5.3135,-0.7261,2.6236,5.519,-7.1999,5.7585,4.772,8.6551,-2.1401,-5.5503,8.9898
0.4868,2.7346,5.1209,-2.1881,4.6608,-0.1681,3.0166,3.9926,-5.9457,5.5743,3.7535,7.2314,-1.7782,-3.7236,9.0472
0.4503,1.9881,3.7057,-2.0676,3.9766,-0.1111,2.7689,2.37,-5.2027,5.8681,2.6257,5.8855,-0.7104,-1.9299,8.2753
0.3173,1.238,2.4711,-1.6742,3.127,-0.0002,2.758,1.3852,-3.7454,5.5329,1.9388,4.846,0.3299,-0.3955,8.0417
0.2938,0.5728,1.5672,-1.4334,2.461,0.4206,2.4859,-0.6869,-3.4198,5.0832,1.3955,4.1208,1.2782,0.6108,7.6998
0.2216,0.4528,-0.1082,-0.929,1.7459,0.4806,2.1384,-2.3581,-2.2483,5.1411,1.0301,3.4888,2.2011,2.8166,7.172
0.2507,0.3219,-1.9526,-0.8677,1.1889,0.7804,2.0535,-4.6767,-1.9037,4.7471,0.3177,3.1365,3.0271,4.8472,6.3858
0.5868,-0.5182,-4.3089,-0.8264,0.4819,0.6057,1.2366,-6.3736,-0.5915,4.0433,-1.0265,2.9245,3.906,6.7818,5.4381
0.6426,-1.8164,-5.7594,-0.1133,-0.875,0.4064,0.7558,-7.8665,0.8611,3.3705,-2.1975,1.9417,4.4197,8.1101,3.4718
0.6449,-2.6849,-6.8986,0.2685,-1.7013,0.2037,0.1104,-9.0693,2.5121,2.3831,-3.4571,0.3793,4.5506,9.0255,1.6238
0.6421,-3.1431,-8.1375,0.5762,-2.3081,0.3095,-0.2918,-9.3706,4.0284,1.4667,-4.1924,-1.2451,4.5033,9.6646,0.0538
0.6096,-3.5861,-9.2208,0.9269,-2.768,0.2158,-0.8031,-9.4958,5.4296,0.0729,-4.8308,-2.7766,4.537,9.9305,-1.9612
0.7357,-3.9174,-9.3189,1.6026,-3.0145,0.2821,-2.0085,-9.5124,6.3151,-1.4688,-5.2262,-3.607,4.1151,9.4314,-4.4456
0.711,-3.8527,-9.3396,1.8479,-3.2304,0.2582,-2.8857,-9.0971,7.3587,-3.3224,-5.4168,-4.8874,3.583,8.9807,-6.4972
1.0593,-4.7538,-8.7714,2.0453,-3.1161,-0.0148,-2.9939,-8.1835,7.6302,-4.733,-5.1778,-5.3886,2.847,7.9106,-8.8038
1.2135,-4.1713,-8.1072,1.7998,-2.6625,-0.3286,-2.7412,-6.8562,7.6714,-4.921,-5.2793,-5.7354,1.9661,6.2294,-9.3851
1.198,-3.9668,-6.6943,1.7053,-2.2024,-0.5793,-2.9331,-5.1248,8.6036,-5.6911,-4.5905,-5.264,1.3553,4.8071,-10.0782
1.332,-3.7705,-5.2516,1.6776,-1.7143,-0.8613,-3.1644,-3.4505,8.0611,-6.195,-3.6517,-5.2269,0.616,2.6275,-10.2166
1.5128,-3.5116,-3.9335,1.8345,-1.0057,-1.1888,-3.0891,-1.6389,7.1892,-5.9203,-2.5294,-4.9814,-0.245,0.4836,-10.222
1.3869,-3.0781,-2.2059,1.4705,-0.6618,-1.3519,-2.9325,0.2197,6.4216,-5.7146,-2.173,-4.3498,-1.1912,-1.2295,-9.681
1.4432,-2.1296,-0.6818,0.9913,-0.0129,-1.4893,-2.7175,2.1188,5.6644,-5.8833,-1.6599,-3.9376,-2.7862,-2.9419,-9.3425
1.4254,-2.0141,1.0891,0.7298,0.7563,-1.4159,-2.6784,4.4039,4.2823,-5.7517,-0.5361,-2.8354,-3.5781,-4.8604,-9.701
1.3878,-1.4214,3.4342,0.6681,1.4515,-1.4075,-2.778,6.3503,3.3723,-6.0847,0.7174,-1.9982,-4.9227,-6.796,-8.1691
1.5589,-0.4626,5.7383,0.1362,2.7794,-1.5373,-2.271,8.5384,3.1362,-5.1954,1.8525,-1.1246,-5.5343,-8.3969,-7.2022
1.4419,0.7619,7.7081,-0.4087,3.8836,-1.6297,-1.6036,10.0672,1.4166,-4.5109,3.4209,-0.0408,-6.1525,-10.7462,-6.178
1.4644,1.912,9.2202,-1.057,5.0716,-1.7346,-1.103,11.2184,-0.392,-3.3724,4.4073,1.3632,-6.3372,-11.9984,-3.988
1.5099,2.5018,10.2855,-1.639,5.6879,-1.8951,-0.4991,12.2518,-2.2322,-2.1772,5.627,2.8593,-6.4827,-12.9995,-2.2022
1.2372,2.987,10.8922,-1.7475,6.2791,-1.6033,0.3979,12.5301,-3.4941,-0.9499,6.2171,4.901,-6.2835,-13.61,0.2393
1.1407,3.3655,11.3037,-2.2902,6.7646,-1.5876,1.4802,12.5774,-4.9046,0.3596,7.1134,6.1647,-6.063,-13.4886,2.8494
0.8861,3.3016,11.3896,-1.8808,6.7797,-1.4797,2.2292,11.9198,-6.2159,1.9201,7.1936,7.194,-5.0035,-13.1649,4.6095
0.7468,3.6956,10.8279,-2.4416,6.6479,-1.1206,2.3086,10.8177,-6.6147,3.4983,7.3496,7.9221,-4.3272,-11.7124,7.2341
0.5571,3.2925,10.2075,-2.2953,6.3538,-1.0797,2.6172,9.5149,-6.6267,4.6296,6.5516,8.4483,-3.6625,-10.1554,8.8954
0.4957,3.1565,8.879,-2.1493,5.9325,-0.8856,2.9753,7.9175,-6.729,5.6264,6.2858,8.4108,-3.1499,-8.3462,9.4049
0.3006,2.6901,7.481,-2.1597,5.1312,-0.7373,3.0045,6.2966,-6.5262,5.8333,5.8976,8.1094,-1.9935,-6.5869,10.4974
0.1744,2.8185,5.736,-2.0626,4.3329,-0.6811,2.8394,4.6273,-6.5125,5.8159,4.8109,7.7906,-1.0383,-4.5217,10.8771
0.0685,1.172,4.3321,-2.028,3.7218,-0.7524,2.7219,2.787,-5.4196,5.2505,3.7387,7.5289,-0.309,-2.4517,9.8394
-0.0367,1.5517,2.6081,-2.0382,3.4353,-0.4879,2.1063,1.0128,-4.4365,5.9016,3.0208,6.7368,0.5954,-0.5813,9.3758
0.1573,0.5926,1.2563,-1.4322,2.6409,-0.2128,1.7072,-1.1343,-3.9186,5.5465,2.1585,6.1108,1.6019,1.5431,8.3741
0.295,-0.189,-0.7004,-1.0639,1.6955,0.0953,1.7844,-3.7019,-3.2513,4.9056,1.5729,5.0,2.4431,3.6299,7.3826
0.3875,-0.6083,-3.0103,-1.0639,1.0886,0.2123,1.6227,-5.9675,-1.7679,4.7272,0.3476,3.8603,3.3785,5.8212,5.9444
0.5983,-0.8137,-5.613,-0.4956,-0.0493,0.3463,0.9688,-8.0025,-0.6933,4.2534,-1.3208,3.0149,4.2348,7.5404,4.8549
0.5923,-1.9119,-7.4554,-0.1218,-1.1433,0.2037,0.7727,-9.0933,1.3817,3.2405,-3.0619,1.8285,4.5704,9.2996,3.0223
0.481,-3.0594,-9.0842,1.0157,-2.124,0.1697,-0.3638,-9.9565,3.5005,1.9584,-2.6138,0.0981,5.042,10.0753,1.8419
0.457,-3.2813,-9.628,0.5156,-2.8873,0.0747,-1.1323,-11.0673,5.3881,0.5525,-4.484,-1.0641,5.4681,10.4457,-0.0395
0.599,-4.3975,-10.2427,1.2378,-3.0664,-0.0685,-1.3154,-11.0644,6.2115,-0.7845,-5.5573,-2.7172,5.1254,10.7291,-2.9241
0.8338,-4.7914,-10.6372,1.49,-3.4195,-0.0795,-2.0902,-10.4039,7.8968,-2.1442,-5.8366,-4.0062,4.512,10.1121,-5.3676
1.0159,-5.2088,-10.0664,1.8552,-3.4148,-1.2281,-2.3097,-9.6358,8.6117,-3.6657,-6.0526,-5.0489,3.9382,9.0333,-7.3143
1.0361,-4.8248,-9.4909,1.7513,-3.0744,-1.4818,-2.9937,-7.6671,9.1089,-4.5431,-5.9797,-6.1461,2.9606,7.4929,-9.5729
1.4356,-4.802,-7.4831,1.8693,-3.1895,-1.5341,-2.8627,-6.0629,9.1115,-5.6039,-5.1665,-6.8291,1.9992,5.6835,-10.7123
1.5825,-4.145,-5.8765,1.8024,-2.4591,-1.9142,-2.9238,-3.5799,10.2547,-6.6136,-4.3986,-6.5078,1.2303,3.6376,-11.0922
1.5074,-3.968,-3.824,1.614,-1.4776,-1.9207,-2.8852,-1.5926,8.6326,-6.8165,-2.799,-5.5763,0.0794,0.9293,-11.338
1.8587,-3.4603,-1.5172,1.512,-0.5899,-2.0118,-2.5004,0.4016,6.8526,-6.0856,-1.0229,-5.6694,-1.0227,-1.0616,-10.3226
1.8166,-2.1196,0.1524,1.5955,0.1502,-2.0835,-2.3126,1.9622,5.8984,-5.5577,-0.1038,-4.0055,-1.8816,-2.9267,-8.9679
1.8017,-1.3208,2.1463,0.3388,0.8408,-2.3339,-2.3942,4.2028,3.8072,-5.1862,0.1778,-2.4032,-2.7886,-5.0329,-7.7449
1.685,-0.6501,3.7673,0.3239,1.7258,-2.487,-1.996,6.1303,2.7489,-4.5483,1.1934,-1.3418,-3.8023,-6.5239,-7.1855
1.6397,-0.0054,5.5456,-0.0123,2.7925,-2.0499,-1.5848,7.6228,1.6503,-3.7418,2.3007,-0.0526,-4.3576,-7.8556,-5.8965
1.5777,0.6223,7.0149,0.1501,3.8133,-1.8651,-1.1782,8.3318,0.5094,-3.2991,3.7908,1.1853,-4.3174,-9.0771,-3.7575
1.5332,1.4608,7.7425,-0.4947,4.4784,-1.7132,-0.4237,9.3442,-1.4883,-1.5092,3.8986,2.2689,-4.7715,-10.0952,-2.6403
1.332,1.7518,8.7936,-0.8902,5.1936,-1.6458,-0.0034,10.0575,-2.3286,-0.929,5.0881,3.407,-4.8033,-10.735,-1.0602
1.0701,2.1306,9.2608,-1.4002,5.4831,-1.4946,-0.3999,9.9625,-3.7598,0.2534,6.1009,4.3924,-4.6135,-11.2434,1.3173
0.9983,2.3296,9.4215,-1.6447,5.5577,-1.1739,0.0215,9.635,-5.0365,1.5911,6.1461,5.855,-4.7283,-10.6688,3.0548
0.7773,2.6693,8.7587,-1.9807,5.4116,-1.0807,1.2989,9.1723,-5.0201,2.7979,6.041,6.7069,-4.1734,-9.6201,4.5613
0.7983,2.3259,8.2452,-2.2462,5.2723,-1.1503,2.0064,8.2549,-4.9843,3.2816,5.142,7.2546,-3.4252,-8.2743,5.6838
0.6394,2.1803,7.5638,-1.6594,4.9506,-0.9633,2.3628,7.3583,-4.9322,4.2087,5.1197,7.144,-2.7717,-6.8669,6.5958
0.3871,1.6864,6.544,-2.0305,4.4895,-0.5945,2.5009,5.6139,-5.0784,4.4763,5.09,6.9339,-2.0627,-5.4982,6.8036
0.3319,1.8008,5.0698,-1.9161,4.0502,-0.5986,2.4966,3.9857,-4.88,4.9554,3.7547,6.9817,-1.2711,-3.9427,7.5862
0.3454,1.2997,3.8536,-1.5599,3.6242,-0.2656,2.2936,2.6806,-4.0519,4.5832,3.3932,6.6238,-0.3359,-2.3204,7.7165
0.2619,0.9426,2.4648,-1.4874,3.3388,-0.2376,2.2401,1.0843,-3.194,4.015,1.9267,5.8704,0.5556,-1.4749,7.1113
0.1228,-0.1492,1.4027,-0.7781,2.322,-0.4025,2.2207,0.2598,-2.2841,4.1874,1.2579,4.2769,1.1847,-0.3267,6.3416
0.2839,-0.0649,0.4542,-0.7483,1.953,-0.3085,1.1086,-0.9315,-1.5724,4.1022,1.3159,3.0646,1.8184,1.2314,5.5159
0.3311,-0.2414,-1.0922,-0.6462,1.2443,0.0617,1.1962,-2.8686,-0.8806,3.3635,0.6301,2.7675,2.2242,2.3244,4.2671
0.343,-0.8794,-2.5739,-0.5767,0.5013,0.2446,1.1994,-4.6905,-0.2136,2.9313,-0.6755,2.2607,2.8234,3.7793,2.7531
0.5634,-1.6735,-4.46,-0.1317,-0.2601,-0.0531,0.5262,-5.3298,1.0892,2.0314,-2.1608,1.3193,3.3478,5.2344,1.5973
0.8074,-2.887,-5.2036,0.4561,-1.0289,-0.748,0.2955,-5.6452,2.3021,1.5575,-3.0463,0.2631,3.5269,6.3703,-0.1227
0.4588,-2.9257,-5.0841,0.8883,-1.6726,-1.0833,-0.2541,-5.3824,3.995,0.6117,-3.19,-1.1912,3.3815,6.8965,-1.6844
0.5471,-3.2536,-5.0928,1.9893,-1.772,-0.8408,-0.5181,-5.9915,4.6046,-0.7115,-2.7676,-2.4913,3.3199,6.6008,-3.4546
0.2397,-3.695,-5.6984,1.9193,-1.8193,-0.7772,-1.0617,-6.201,4.6738,-1.9437,-2.6964,-3.0908,3.3282,6.1684,-4.4192
0.7206,-3.8423,-5.4877,1.9184,-1.5851,-1.0669,-1.6137,-6.1466,5.3217,-2.7008,-2.9716,-3.3643,3.0481,5.2029,-5.2726
0.8248,-3.2952,-5.8244,1.9463,-1.3132,-1.0807,-2.1004,-5.2115,5.6431,-2.5818,-2.6904,-3.5031,2.7929,4.9183,-5.7377
0.9269,-3.1962,-5.2015,1.837,-1.3858,-1.0585,-2.2159,-4.7778,6.4998,-3.7153,-2.2649,-3.5962,2.2384,3.9013,-6.572
0.9704,-3.4189,-4.5028,1.9858,-1.2802,-0.7495,-2.1544,-4.1804,5.5906,-3.7752,-2.2376,-3.5809,1.7118,3.124,-6.9911
1.0251,-3.4245,-4.0613,1.6211,-0.9315,-0.7531,-2.6227,-3.7826,6.1618,-4.0608,-2.1806,-3.1725,1.178,2.4342,-7.3386
1.1867,-3.3659,-3.2013,1.6453,-0.5213,-0.628,-2.5037,-2.8123,5.6925,-4.0204,-2.1836,-3.2626,0.4976,1.4302,-7.5868
1.3559,-3.0594,-2.8553,1.7484,-0.2948,-0.7699,-2.4174,-1.7798,5.426,-3.6117,-1.7572,-3.1712,-0.1518,0.5809,-7.2147
1.2875,-2.2589,-1.5503,1.8661,-0.0959,-1.2711,-2.1728,-0.3291,5.0089,-3.4301,-1.2126,-2.9814,-0.1637,-0.1696,-7.1893
1.2126,-1.8955,-0.6685,1.3002,-0.0005,-1.2791,-1.9382,0.5093,4.4004,-3.7547,-0.595,-2.8289,-0.8533,-1.0699,-6.9948
1.1636,-1.9691,0.1254,1.4227,0.4643,-1.2732,-2.0096,1.881,4.0679,-3.8068,0.0474,-2.0581,-1.5034,-2.5963,-6.5893
1.2549,-1.8859,1.2987,1.3332,1.2659,-1.5382,-1.8284,3.4982,3.7116,-4.1478,0.5193,-1.5751,-2.2999,-3.8258,-6.4928
1.1217,-1.328,2.7767,1.0667,1.4687,-1.8606,-1.7273,4.9444,3.0998,-3.6033,1.3157,-0.8309,-2.9505,-4.9768,-5.9614
1.0507,-0.7454,4.1457,0.6138,2.127,-1.7003,-1.7219,6.3041,2.0525,-3.6041,2.1333,-0.0019,-3.3376,-6.2096,-5.1311
0.9796,-0.2084,5.5857,0.0866,3.1278,-1.672,-1.2793,8.0007,1.8597,-3.0185,2.9902,-0.1449,-4.2821,-7.5205,-4.4565
0.836,1.0638,7.0479,-0.0028,3.8574,-1.1692,-0.9248,7.9802,-0.1184,-2.408,4.0283,1.3506,-4.5165,-8.5601,-3.5777
1.071,1.3,7.7722,-0.4755,4.8573,-1.2516,-0.4332,8.1394,-1.6336,-1.2122,4.8679,2.5612,-4.589,-9.3709,-0.4507
0.8017,2.0585,7.9103,-1.0677,5.0841,-1.3706,-0.0938,8.5211,-2.692,0.6285,4.7565,3.9199,-4.2721,-8.8727,1.6841
0.7258,1.934,7.5185,-1.3246,5.0078,-1.1236,0.5275,8.5197,-2.9332,1.8466,4.6992,4.8384,-4.252,-8.504,3.8953
0.5479,1.7975,7.5325,-1.484,4.7012,-0.6614,1.1653,7.843,-2.853,2.8109,4.7522,5.3513,-3.8859,-7.7907,4.7897
0.3523,2.1799,7.3683,-1.3502,4.579,-0.563,1.5164,7.0547,-3.512,3.2372,4.8965,5.7564,-3.5875,-7.3786,5.3209
0.0914,2.0939,6.7172,-1.5229,4.3743,-0.2621,2.1647,6.0199,-3.8199,3.5193,5.5194,5.9521,-2.7207,-6.3245,5.915
0.1116,2.0532,6.0688,-1.3349,4.4509,-0.2396,2.5368,4.4334,-4.0798,4.0169,4.6827,6.4365,-1.6368,-4.9894,6.1626
-0.0468,1.7826,4.8833,-1.1895,3.851,-0.0688,2.0707,2.7536,-4.2394,4.0419,3.9693,5.8142,-0.6607,-3.5595,6.5057
0.0614,1.1982,3.0176,-1.3294,3.3667,0.1772,2.2161,1.4119,-3.6844,4.3062,3.1503,5.903,0.1055,-2.0014,6.4713
0.1325,0.4633,1.5513,-1.1822,2.662,0.1577,1.6059,-0.2406,-3.3038,4.7361,2.5595,5.4334,0.8999,-0.2508,6.915
0.1092,0.2322,-0.0371,-0.5888,1.9535,-0.1027,1.7842,-1.8393,-2.3545,4.7372,1.2963,4.2461,1.2957,1.9752,6.1722
0.2688,0.2302,-1.6596,-0.3904,1.1852,-0.0668,1.3078,-3.2678,-1.0475,4.2245,0.1983,3.4701,2.1936,3.7883,5.3974
0.1675,-0.386,-3.4451,-0.3996,0.3794,-0.0357,0.8055,-5.2055,0.0226,3.609,-0.8449,2.3277,3.0595,5.3108,4.272
0.1628,-1.5124,-5.2494,0.2559,-0.8332,-0.3415,0.5396,-6.5105,1.3107,2.6518,-2.3496,1.5877,3.6412,6.6296,2.6683
0.063,-2.7069,-6.0936,0.9101,-1.5609,-0.3887,-0.2752,-6.9674,2.862,2.6737,-2.9652,0.0777,3.7583,7.8117,0.5259
0.127,-0.2812,-6.9225,0.4134,-2.3442,-0.2568,-1.1108,-7.653,4.2281,1.0326,-3.6281,-1.5155,3.5659,8.295,-1.1392
0.2614,-2.2735,-7.7237,0.7092,-2.6955,-0.0789,-1.7591,-8.0937,5.924,-2.3832,-4.4413,-2.721,3.5919,7.8639,-3.3398
0.4306,-3.1061,-7.6765,1.1678,-2.4482,-0.1543,-2.1794,-7.7332,6.7777,-3.5362,-4.852,-3.9402,3.4469,7.4205,-5.8528
0.3728,-4.3446,-7.187,1.7533,-2.4489,-0.2138,-2.4937,-6.8204,7.4982,-4.0459,-4.8666,-5.1813,2.5599,6.58,-7.4806
0.4843,-4.3566,-6.4564,1.9249,-2.1752,-0.3795,-3.2402,-5.5083,7.6917,-3.9798,-4.6915,-5.8463,1.6994,5.8086,-8.6854
0.7725,-4.1251,-5.4002,2.0028,-1.9717,-0.5907,-3.2609,-4.0582,7.8866,-4.423,-3.8927,-5.6848,0.6743,4.23,-9.5351
1.1407,-3.5741,-3.6864,1.8912,-1.6602,-0.8223,-3.4328,-2.4373,7.329,-4.9675,-2.8853,-5.3089,0.0714,2.5079,-9.5882
1.1514,-2.9689,-2.144,1.64,-1.3309,-0.9111,-3.0599,-0.8156,7.2411,-5.6862,-2.0282,-4.97,-0.7974,0.8471,-9.6093
1.2317,-2.7776,-0.9941,1.861,-0.5892,-0.8499,-2.9081,0.4709,6.2689,-5.5415,-1.1972,-3.9275,-1.5746,-0.9344,-8.9915
1.2587,-2.4149,-0.058,1.3266,-0.084,-1.2624,-2.7332,2.3239,5.4222,-5.0296,-0.3364,-3.352,-2.9447,-2.5048,-8.295
1.1612,-1.9471,1.7446,0.9019,0.4799,-1.6473,-2.5338,3.9414,4.6326,-4.9334,0.2635,-2.8148,-3.4101,-4.4096,-8.1187
0.9437,-0.8835,3.6557,0.6173,1.3049,-1.9071,-2.3057,5.8383,3.6661,-4.6174,1.3705,-2.2477,-3.9332,-5.7037,-7.4912
1.0649,-0.2549,5.6349,0.4839,2.584,-1.9924,-1.8131,7.3226,2.4366,-4.2453,2.5392,-0.825,-4.7965,-7.1221,-6.0112
0.956,0.5311,7.4095,0.4697,3.548,-2.07,-1.2711,8.4432,1.3192,-3.1875,4.0941,0.2552,-5.0231,-8.6884,-4.655
0.9615,1.85,8.4863,0.1007,4.5308,-2.4596,-0.781,9.4932,0.0725,-2.2425,4.9169,1.6688,-5.2652,-9.9264,-2.9446
0.9299,2.9212,9.4832,-0.7979,5.3167,-2.4764,0.1396,9.6988,-2.0504,-0.4872,5.6179,3.4963,-5.215,-10.304,-0.8422
0.8032,3.3271,9.7253,-0.9707,5.416,-2.1267,0.9427,10.0723,-3.0602,0.5661,5.9725,4.9053,-4.915,-10.4638,1.8096
0.7397,3.0443,9.8462,-1.3243,5.5196,-2.3985,1.838,9.8613,-4.1317,1.9745,5.6088,5.6447,-4.4402,-10.1005,3.6121
0.6483,2.645,9.6276,-1.3769,5.2767,-1.7709,2.9132,9.5302,-4.6311,2.7928,6.4967,6.1671,-3.9387,-9.2954,5.3919
0.3387,2.8513,8.8974,-1.5826,5.2544,-1.955,3.0957,8.4287,-4.8892,4.0932,6.0787,6.9419,-3.1103,-8.1435,6.6553
0.2767,2.6796,8.0994,-1.485,5.1549,-1.6225,3.1074,7.0041,-4.851,4.9496,5.9664,7.0971,-2.0815,-6.8144,7.3408
0.2797,2.5167,6.9495,-1.1073,5.006,-1.429,2.9384,5.259,-4.8971,5.1911,5.7094,7.3766,-1.3926,-5.5024,8.3757
0.0746,2.5832,5.3681,-1.2499,4.6415,-0.9867,3.0902,3.6226,-5.2986,5.3963,4.5232,6.9979,-0.6984,-3.8961,8.5813
0.2116,1.8129,3.3215,-1.3726,3.8713,-1.0078,2.4402,2.1551,-4.2829,5.8217,3.2361,6.6922,0.3636,-2.1013,8.6904
0.0534,0.7572,1.7548,-1.0631,3.112,-0.7707,2.6107,0.6618,-2.998,5.7111,2.6676,5.3991,1.3616,-0.2483,8.6676
-0.0046,0.0755,0.5208,-0.3184,2.3028,-0.6654,2.6247,2.2568,-0.7911,5.5271,1.9829,4.5693,1.2927,1.371,7.2339
-0.0457,0.2426,1.132,-0.2318,1.6112,-0.5024,2.2777,-0.7124,-1.0224,4.5505,1.7642,3.4695,2.2691,1.6697,6.5475
0.0182,-0.0549,-0.0454,0.3029,1.11,-0.2728,2.0542,-3.1846,-0.9426,3.8943,1.3226,3.1772,2.8409,3.2521,6.3229
0.0653,-0.1242,-2.7143,0.4084,0.514,-0.6148,1.5875,-4.7382,-0.0102,4.0423,0.1351,2.7352,3.5442,4.748,5.0068
0.0232,-1.203,-4.1554,0.4517,-0.436,-0.4489,1.2362,-6.3168,0.4393,3.1919,-0.8553,1.9116,4.102,6.952,3.8533
0.1949,-2.6478,-5.8552,0.7083,-0.9512,-0.2581,0.6723,-8.0237,1.8853,2.5552,-1.9184,1.1293,4.4918,9.0052,3.0568
0.128,-3.3771,-7.6412,0.8638,-1.7664,0.3553,-0.0563,-9.5255,3.4198,2.2641,-3.7493,-0.3025,4.9582,9.8678,1.1211
0.2457,-3.9749,-8.9568,1.534,-2.7009,0.3319,-0.5821,-9.9275,4.8944,1.528,-4.7717,-2.3481,4.9987,10.5945,-0.4234
0.1913,-5.3371,-8.8183,2.3079,-3.1899,0.1114,-1.2173,-10.0063,6.5689,0.4238,-4.9766,-4.1123,5.0085,10.9552,-2.283
0.4997,-4.897,-8.9149,2.6329,-3.4985,0.0957,-2.097,-9.6986,8.1706,-0.709,-4.7974,-5.0683,4.4836,10.7559,-4.2794
0.82,-5.2018,-8.9698,2.6328,-3.354,-0.131,-3.0132,-9.4677,8.0153,-2.0785,-4.7543,-4.9258,4.0359,9.8894,-6.0993
0.9387,-5.2228,-8.8255,2.7591,-3.1969,-0.2976,-3.0481,-8.938,8.2951,-3.1787,-4.6992,-5.2801,3.1996,8.9319,-7.6881
0.8773,-5.1666,-8.34,3.0159,-3.0212,-0.5734,-3.2202,-7.8471,8.2031,-3.7596,-4.9438,-5.8433,2.4865,7.8258,-9.0158
1.0171,-4.645,-7.5268,2.7005,-2.7344,-0.4055,-3.1709,-6.1828,8.7668,-4.5949,-4.7996,-5.9672,1.4503,6.6397,-9.6339
1.1617,-4.3571,-6.0455,2.6162,-2.4842,-0.7608,-3.1827,-4.5727,8.7807,-4.9566,-4.336,-6.0366,1.034,4.6013,-10.715
1.1789,-3.8692,-4.6214,2.2683,-1.8548,-0.9099,-2.9859,-2.8158,8.4521,-5.4463,-3.7907,-5.8614,0.2718,3.4262,-11.075
1.2364,-4.0277,-3.1014,2.2191,-1.1459,-0.7903,-2.683,-1.4123,7.961,-5.8425,-3.1001,-5.4528,-0.2964,1.4232,-10.9154
1.3592,-3.2379,-1.9276,1.7945,-0.7449,-1.3644,-2.4457,0.4233,7.2431,-4.9992,-2.229,-4.8998,-1.1618,-0.0791,-10.5442
1.3196,-2.7133,-0.1521,1.6229,-0.2839,-1.5855,-2.5787,2.2781,6.5744,-5.373,-1.575,-3.9759,-2.0873,-2.1552,-10.0065
1.2622,-2.4881,1.6229,1.7143,0.6039,-1.8445,-2.4412,4.4379,5.4257,-5.129,-0.2587,-3.4811,-3.0587,-3.9124,-8.9744
1.3638,-1.6025,3.8048,1.6861,1.5787,-2.0566,-2.0382,6.2997,5.366,-4.5607,0.7291,-2.4547,-3.9242,-5.9032,-7.9633
1.1469,-0.773,5.686,1.1989,2.6777,-1.9949,-1.6793,8.2314,2.7623,-3.7378,2.2343,-1.334,-4.642,-7.6886,-6.4035
1.0024,0.2114,7.0082,1.0364,3.829,-2.3687,-1.1476,9.5625,1.4942,-2.4698,3.7208,-0.0906,-5.4336,-8.9352,-4.2264
1.1052,1.3545,8.2641,0.6497,4.2896,-2.4048,-0.7262,10.6015,-0.0339,-2.2548,4.684,1.4296,-5.4567,-10.1947,-2.8014
0.9708,1.8552,9.2156,0.0051,4.9619,-2.2952,-0.3662,11.1393,-1.602,-1.175,5.2377,3.0441,-5.6104,-10.6391,-1.5993
0.9292,2.4108,9.7856,-0.5407,5.4115,-2.8113,0.9762,11.4441,-2.6908,-0.3004,6.0869,4.4763,-5.5536,-10.8938,0.0081
0.9488,2.7977,9.9043,-1.0162,5.3836,-2.6994,1.6098,11.4386,-3.4001,0.4922,6.3798,5.5843,-4.7953,-10.6824,2.2219
0.8974,2.934,9.9059,-1.1473,5.5974,-2.5709,2.3777,10.6211,-4.0169,1.9147,6.3401,6.9579,-4.1967,-9.9587,4.25
0.6415,2.8903,9.0051,-1.3462,5.8891,-2.3849,2.5521,9.8204,-5.1495,3.5503,5.9931,7.3886,-3.5856,-9.0089,5.8741
0.6427,2.7114,7.9508,-2.0293,5.4011,-2.233,2.7395,8.7539,-5.0455,4.3247,5.266,7.3541,-3.0365,-7.1974,6.8644
0.6289,2.0988,7.1697,-0.9831,5.0265,-2.0842,2.7288,7.191,-4.8647,4.9244,5.0009,7.2328,-1.9276,-5.8172,8.7164
0.4284,2.025,6.2288,-1.0951,5.0948,-1.9741,2.9389,5.8306,-4.601,5.6947,4.527,7.1594,-1.2964,-4.2022,8.8313
0.2058,1.9146,4.9649,-1.0653,4.6109,-1.5873,2.6559,3.8003,-4.6702,6.4651,3.7166,6.7918,-0.4796,-2.5609,8.633
0.2324,1.3102,3.165,-0.8283,3.6658,-1.4355,2.83,2.3481,-3.6499,6.0762,2.856,6.1253,0.3051,-0.56,8.0941
0.1727,0.773,1.7018,-0.3823,3.0234,-1.1372,2.6658,0.7079,-2.9419,5.4844,2.1444,4.9417,1.6796,1.1674,7.8048
0.1149,0.3392,0.3022,-0.4129,2.0839,-1.1161,2.2573,-1.843,-2.1195,4.6419,1.0925,4.0991,2.8756,3.0114,6.6577
0.1171,-0.0309,-1.9537,-0.1147,1.3544,-1.0616,2.1315,-3.7821,-0.3146,3.8573,-0.1222,3.356,3.4181,5.0095,5.4258
0.2218,-0.987,-4.0413,-0.1737,0.4796,-1.1031,1.4886,-5.4601,1.2248,3.302,-1.0991,2.7418,4.04,6.2409,3.6795
0.4315,-2.0447,-5.6354,0.7146,-0.2475,-1.0526,1.2454,-6.6843,2.523,2.5058,-2.3396,1.4263,4.5864,7.5256,2.0415
0.517,-2.8882,-6.2925,1.1995,-1.2534,-0.9791,0.7083,-7.6064,3.9887,1.7865,-3.4414,0.3884,4.7308,8.5396,0.6645
0.4761,-3.3973,-7.3449,1.482,-1.5561,-1.0114,0.329,-7.8765,4.9679,1.7415,-3.7136,-1.3714,4.8868,9.1665,-0.5663
0.7748,-3.7285,-7.7149,1.9309,-2.0135,-1.1601,0.1207,-8.2845,5.5315,0.8323,-4.2404,-2.6183,4.8771,9.3594,-1.7339
0.5879,-3.7949,-8.0433,2.0515,-2.3041,-1.3882,-0.3165,-8.019,6.4772,-0.4675,-3.8629,-3.6943,4.5747,9.1928,-2.8304
0.7131,-4.6471,-8.1504,2.007,-2.4439,-1.4075,-1.2746,-7.7782,6.9181,-1.9353,-4.1897,-3.6728,4.4769,8.6255,-4.5507
0.8565,-3.9493,-7.6497,2.2319,-2.2973,-1.1793,-1.7503,-7.5704,8.0811,-2.9305,-4.6181,-4.4632,3.7784,8.1505,-6.349
0.9252,-4.1171,-7.0855,2.1968,-2.0703,-1.5278,-1.9795,-6.7328,7.8941,-3.9569,-4.3269,-4.7229,3.1206,6.8984,-8.4193
1.1286,-4.025,-7.3681,2.3965,-1.6319,-1.6417,-2.4537,-5.5847,7.7408,-4.1183,-4.9783,-5.2713,2.449,5.7529,-9.1056
1.2481,-3.9734,-5.7874,2.2368,-1.3919,-1.7832,-2.5591,-3.959,7.9469,-4.2937,-4.6337,-5.6719,1.7973,4.2772,-9.8616
1.3967,-3.8958,-4.2706,2.1747,-0.9635,-2.3237,-3.0214,-2.3502,7.6503,-5.1562,-3.5541,-5.5955,1.1148,3.1854,-9.8366
1.1593,-3.7093,-2.8164,2.354,-0.2213,-2.4873,-2.7414,-0.8909,7.1888,-5.6129,-2.3162,-5.2037,0.1599,1.1971,-9.9571
1.0926,-2.8072,-1.5516,1.8617,0.4932,-2.6683,-2.3234,0.7781,6.3678,-4.914,-1.3542,-4.4535,-0.9671,-0.3623,-9.194
1.1522,-2.5437,-0.1218,1.7106,0.9688,-2.6045,-2.5351,2.532,5.1995,-4.9925,0.3028,-3.2576,-1.8991,-2.1959,-8.6596
1.2195,-0.9221,1.547,1.055,1.9302,-3.0296,-2.0985,4.265,4.3897,-4.4521,1.1285,-2.2882,-2.7027,-4.1066,-8.1011
1.3056,-0.5911,3.436,1.1661,2.5895,-3.0281,-1.5199,5.8523,3.3021,-4.352,2.1096,-1.5683,-3.4033,-5.8868,-6.9384
1.2624,0.1137,4.9634,0.3652,3.4996,-2.9687,-1.1532,7.5241,1.4231,-3.4488,2.6956,-0.1256,-3.8033,-7.4212,-5.7771
1.166,0.7653,6.7766,0.1524,4.4935,-2.9944,-0.4592,9.0279,1.2667,-3.0183,3.9254,0.6925,-4.3688,-8.2448,-4.5394
1.1071,1.6304,7.7426,-0.5475,5.6433,-2.9043,0.277,9.2661,-1.8283,-1.6582,4.59,2.0647,-4.5491,-9.6373,-1.9771
1.0695,1.873,8.1543,-1.0325,5.9969,-2.8961,1.0361,10.2579,-2.5517,-0.263,5.0297,3.3158,-4.421,-9.8617,0.1395
1.2134,2.2197,8.6401,-1.5156,6.2589,-2.6358,1.6199,10.2443,-2.913,1.0364,5.4368,4.2198,-4.0155,-9.7956,2.902
0.9688,1.8856,8.6192,-1.5521,6.2939,-2.5234,1.9424,9.9536,-3.6368,2.543,5.4915,5.1808,-3.7598,-9.4708,4.1403
0.7178,1.8616,8.2734,-1.7577,5.8834,-2.1586,2.3336,9.1415,-5.071,3.5783,5.4134,5.7567,-3.1588,-8.7303,5.558
0.657,2.1636,7.7458,-1.6654,5.4961,-2.0328,2.2149,8.3179,-4.5027,4.2505,5.2509,6.4218,-2.4916,-7.8847,6.5802
0.7106,1.7524,7.126,-1.6934,5.0605,-1.9191,2.7623,7.3162,-4.1256,4.2419,4.9845,6.395,-1.9815,-6.2779,6.9531
0.4379,1.7543,6.3974,-1.5206,4.8859,-1.8843,2.571,6.0386,-4.2713,4.3969,4.6367,6.1497,-1.0875,-5.0707,7.5347
0.2154,1.4027,5.269,-1.3967,4.6279,-1.6958,2.2854,4.611,-4.9728,5.0472,4.372,6.5647,-0.5174,-3.7502,7.4843
0.1898,1.1519,4.0437,-1.9344,4.157,-1.2821,1.9852,2.9136,-4.8138,5.0333,3.1812,6.1365,0.1569,-1.9617,7.6639
0.1776,0.4606,2.5892,-1.5921,3.7883,-0.7985,2.3157,1.1816,-3.7141,4.5774,2.622,5.5265,0.9466,-0.1736,7.6503
0.2473,0.2162,1.5313,-1.4314,3.1583,-0.5248,1.5461,-0.9047,-3.002,4.9626,1.7554,4.5134,2.2121,1.7254,6.375
0.4144,-0.2441,-1.0396,-1.2019,2.7395,-0.5776,1.3175,-2.9527,-2.121,4.7899,0.448,4.1999,2.8483,3.9386,5.2874
0.3305,-0.8335,-3.2867,-0.546,1.9588,-0.4847,1.4763,-4.7406,-0.9368,4.2958,-0.6091,3.3554,3.7336,5.7511,4.4113
0.2858,-2.0092,-5.0108,-0.2941,1.1041,-0.31,1.23,-6.6139,0.1908,4.0297,-1.6055,2.4257,4.4337,7.145,3.3089
0.4372,-2.7603,-6.696,0.1388,-0.074,-0.6201,0.4872,-7.9075,1.5546,2.6185,-3.3617,0.9342,4.8512,8.3162,1.3327
0.5119,-3.5011,-7.9207,0.4767,-0.9258,-0.6579,-0.2318,-7.9696,3.8807,1.8876,-4.2116,-0.3399,5.1529,9.4189,-0.4405
0.5987,-3.841,-8.1875,0.7116,-1.7533,-0.678,-0.547,-8.6148,5.1566,0.6933,-4.771,-2.1959,5.1832,9.8623,-1.9918
0.7346,-4.6976,-8.8091,1.3937,-2.1252,-0.8324,-0.9167,-8.3358,6.0076,-0.7401,-5.2188,-3.3932,4.8382,9.7463,-3.5202
0.8229,-4.7051,-8.5429,1.6028,-2.2804,-1.0813,-2.6178,-7.622,7.3351,-2.2925,-6.2078,-4.5534,4.2333,9.227,-5.9018
1.0614,-5.162,-8.0748,2.1639,-2.4107,-1.138,-2.6834,-6.4699,7.6982,-3.5573,-5.3203,-5.4391,3.2714,7.9632,-7.4748
0.952,-5.0484,-7.1297,2.2993,-2.0531,-1.0621,-3.459,-5.5859,7.6884,-4.2766,-4.6766,-5.9118,2.8406,6.5858,-8.3006
1.23,-4.4972,-6.2463,2.1768,-1.3637,-1.1117,-3.3963,-4.6251,7.5223,-4.5915,-3.9241,-5.6472,1.7388,5.2023,-9.2206
1.4913,-4.5725,-4.9891,2.1614,-1.0051,-1.0167,-3.5846,-3.493,7.3455,-4.8316,-3.4423,-5.3339,0.9563,3.9451,-9.8456
1.324,-4.0348,-3.8703,1.8417,-0.4988,-1.3111,-3.3182,-2.1582,6.3907,-4.9132,-2.7079,-4.758,0.0889,2.4288,-9.9062
1.3453,-3.8021,-2.6839,1.5335,-0.1247,-1.9092,-2.9706,-0.5072,5.6007,-4.866,-2.7065,-4.4537,-0.7658,1.0607,-9.7391
1.4091,-3.3744,-1.3991,1.7608,0.4058,-1.9353,-2.8608,1.2365,5.7264,-5.0567,-1.5129,-3.8425,-1.4392,-0.389,-9.3548
1.5097,-2.4687,0.1198,1.3507,1.1046,-2.1385,-2.5849,3.303,5.4269,-5.1988,-0.1792,-3.398,-2.4486,-2.5232,-8.1097
1.4095,-1.8525,1.5013,0.5755,1.7822,-2.1404,-1.9101,5.3218,4.2671,-4.7494,0.3712,-2.0698,-2.9519,-5.2993,-7.5967
1.2169,-1.2271,3.4232,0.403,2.4757,-2.1759,-1.8529,7.0744,3.7149,-4.6248,1.5401,-1.1519,-3.3718,-6.7483,-6.6346
1.047,-0.4064,5.4977,0.1423,3.3919,-2.337,-1.4874,8.4284,2.3984,-4.1373,2.9031,-0.7433,-4.145,-8.3666,-5.2731
1.1499,0.2918,7.071,-0.2718,4.5229,-2.2117,-1.5192,9.4437,0.8559,-3.3937,4.266,0.8466,-4.5062,-9.7587,-3.9896
1.1021,1.1849,8.3046,-0.6975,5.6483,-2.3102,-0.7155,10.4717,-0.9235,-1.7487,5.3821,2.4966,-4.9902,-10.3261,-2.6677
1.2736,2.0735,9.0887,-1.4647,6.126,-2.6703,-0.136,10.8481,-2.7579,-0.5137,5.5485,4.0671,-4.8028,-10.8801,-0.1013
1.1987,2.6057,9.277,-1.9526,6.5337,-2.5599,0.5305,10.9368,-3.6772,0.7646,5.9618,5.7113,-4.3885,-10.7034,2.1915
1.0113,3.0799,9.3203,-2.3395,6.7394,-2.5154,1.4092,10.2848,-4.7969,3.1889,5.9362,6.7864,-4.1072,-10.0907,4.2069
0.6676,3.0223,8.6662,-2.2807,6.3661,-2.3525,2.0462,9.7678,-5.619,3.9539,6.2243,6.607,-3.248,-9.0573,6.0142
0.6921,2.8596,8.1795,-2.2372,6.1528,-2.2013,1.9825,8.3177,-5.6748,4.4555,6.2809,6.9855,-2.3176,-7.8286,7.1724
0.4316,2.6742,7.2729,-2.448,5.6497,-1.6524,2.1767,6.6756,-6.1908,4.7136,5.652,7.6856,-1.7604,-6.0485,7.8939
0.2838,2.3941,5.5505,-2.2226,5.0846,-1.2147,2.0669,4.7388,-5.7772,5.0839,4.5885,7.5919,-0.812,-4.0239,8.0519
0.3336,1.5919,3.7649,-2.5443,4.3872,-0.8485,2.0016,2.9396,-5.5302,5.2115,3.3301,7.0214,-0.15,-2.2905,7.9176
0.1661,1.0205,1.8569,-1.7097,3.7334,-0.8083,1.8775,1.5115,-3.7738,5.1916,2.3127,6.6616,0.7068,-0.4192,7.0828
0.0235,0.0361,0.4366,-1.6129,3.0391,-0.8279,1.5386,-0.3086,-3.1689,4.6285,1.1517,5.8827,1.5264,1.3179,6.0064
0.052,-0.7157,-0.9297,-0.9978,2.3538,-0.7913,1.2638,-3.0108,-2.4662,3.9861,0.907,4.6663,2.693,3.1737,5.0506
0.1147,-1.2713,-2.8133,-0.808,1.7997,-0.7318,1.2245,-4.7657,-1.382,4.1484,0.0433,3.7623,3.5493,5.0762,4.1897
0.1748,-1.2482,-5.2877,-0.6778,1.1458,-0.7637,1.0998,-6.391,-0.6348,3.9765,-1.2597,3.0094,4.2106,6.6566,3.6504
0.2569,-1.8443,-6.3438,-0.7127,0.1405,-1.1475,0.8259,-7.1531,1.1943,3.3667,-3.135,1.843,4.8352,8.3842,2.1768
0.2857,-3.6176,-7.531,0.2034,-0.8998,-1.2151,0.3876,-7.7609,2.2933,2.2455,-3.6481,0.5711,5.0305,9.2544,0.7407
0.3059,-4.0384,-8.2713,0.8008,-1.4518,-1.2683,-0.4824,-8.3893,3.794,1.2887,-4.457,-1.2658,4.8092,9.5884,-0.7916
0.5179,-4.4383,-8.7557,1.1678,-1.9676,-1.3581,-1.0115,-8.0446,5.2647,0.1481,-5.9079,-2.0835,4.9134,9.9309,-2.9542
0.6768,-5.5451,-8.6319,1.6459,-2.161,-1.898,-1.7191,-7.3155,6.1347,-1.2551,-5.4648,-3.7086,4.2958,9.1589,-4.9901
0.7098,-5.1476,-7.9412,1.7708,-2.2478,-2.2313,-2.4907,-6.359,6.9295,-2.6121,-4.9424,-4.87,3.6781,7.9493,-6.7483
0.8681,-4.7256,-7.0455,1.5126,-1.8215,-2.1033,-2.9492,-5.3787,7.0862,-3.6425,-4.2016,-5.3665,2.8759,6.5785,-7.7114
0.862,-4.096,-6.2549,1.0074,-1.4224,-2.0846,-3.5079,-4.5777,6.7039,-4.3905,-3.4628,-5.4138,1.9865,4.9912,-8.435
0.9468,-3.6837,-4.8053,1.1705,-1.0279,-1.9842,-3.3728,-3.2089,6.7335,-4.7873,-3.1537,-4.7803,0.5653,3.5891,-9.2998
1.1041,-3.3307,-3.4919,1.2197,-0.3688,-2.0166,-3.3565,-1.5735,6.3112,-5.4609,-2.8829,-4.2113,0.0513,2.1894,-9.4194
1.203,-3.2431,-2.5814,1.2119,0.2674,-2.1917,-2.9793,0.0598,6.1704,-5.2922,-1.3692,-4.5593,-0.8157,0.3777,-9.7277
1.2137,-2.833,-1.4975,1.2251,0.9221,-2.3978,-2.9098,1.6528,5.4019,-4.7349,-1.3688,-3.0796,-1.3972,-1.2211,-10.4531
1.4589,-2.0985,0.0579,0.9666,1.3701,-2.6313,-2.6441,3.7949,4.5396,-5.1364,-0.7035,-2.2857,-2.0849,-3.318,-10.0045
1.2894,-2.0209,2.0788,0.9963,2.0445,-2.9035,-1.799,6.1899,3.9152,-4.8779,0.4555,-1.804,-2.9145,-5.189,-8.9421
1.1912,-1.1751,4.2946,0.7652,3.0331,-2.7708,-1.3389,7.9551,2.3332,-4.029,2.188,-1.196,-3.2609,-7.1896,-7.3489
1.1696,0.1879,6.3329,0.3805,4.2507,-2.9449,-1.1708,9.1957,1.2241,-3.043,4.84,0.3415,-4.187,-8.9422,-4.6652
1.1941,1.0098,7.6568,-0.0453,4.9563,-3.0347,-0.6888,9.644,-1.1984,-2.0847,5.5287,2.149,-4.4564,-10.0931,-2.4105
1.0358,2.1495,8.2609,-0.8713,5.7506,-3.0333,-0.0178,9.9983,-2.5783,-0.7167,5.6578,4.2716,-4.3627,-10.2432,-0.4337
1.0284,2.2432,8.2617,-1.2201,5.924,-3.1358,0.6919,10.0081,-4.197,0.424,6.295,5.8442,-4.163,-10.0875,1.8227
0.8218,2.8464,8.4162,-1.6844,5.8419,-2.8536,1.554,9.2563,-4.8806,1.7299,5.9017,6.6297,-3.5849,-9.3701,3.5163
0.8727,2.65,7.7632,-2.3218,6.1147,-2.7733,2.3389,9.0856,-5.1896,2.7835,5.1975,7.22,-2.9539,-8.1532,5.068
0.7378,2.467,7.3285,-2.2635,5.7816,-2.6503,2.582,8.3011,-5.3948,3.6745,4.7604,7.1456,-2.1079,-7.0238,6.5569
0.5323,2.159,6.3329,-1.8506,5.7016,-2.2146,2.584,7.0743,-5.5106,4.6464,4.5395,7.1137,-1.0734,-5.4899,7.369
0.3923,2.1485,5.2717,-1.9242,5.3499,-2.0583,2.7151,5.4411,-5.3425,5.2629,3.6741,6.6591,-0.5678,-4.0325,7.4853
0.4138,0.7582,4.3059,-1.7499,4.7026,-1.979,2.7351,4.3568,-4.8514,4.8621,3.6458,6.2494,0.267,-2.6604,7.7503
0.317,0.7871,3.051,-1.7916,4.3005,-1.4259,2.3823,2.5247,-4.699,5.2606,3.1115,5.9204,0.7874,-1.16,7.9377
0.2585,0.7614,1.7457,-1.4394,3.7771,-1.1938,2.3945,0.9426,-4.0169,5.1937,2.29,5.0771,1.6989,0.6394,7.5404
0.1736,0.1555,0.2271,-1.7207,3.203,-0.8445,2.4266,-0.9066,-3.2166,5.0486,1.0386,4.3776,2.6446,2.9743,6.8234
0.2519,-0.2919,-1.3509,-0.9852,2.884,-1.0773,1.6739,-2.8303,-1.8364,5.149,0.7383,4.1822,3.4404,4.8951,6.4519
0.1741,-0.7949,-3.6353,-0.7872,2.0489,-1.3051,1.4208,-5.0171,-1.541,4.7442,-0.8485,3.4306,4.1357,6.4773,5.2612
0.3588,-1.8274,-6.1329,0.4365,1.3285,-1.2696,0.9556,-6.4455,0.1326,4.3205,-1.7561,2.0736,4.8781,8.06,4.2136
0.5691,-2.6066,-7.5718,0.7371,0.1009,-1.0542,0.698,-7.8385,1.1536,4.1373,-3.2114,0.7015,5.1683,9.0507,3.2117
0.5811,-3.8456,-8.8233,1.4198,-1.4518,-1.8121,0.1191,-8.1347,3.1271,2.8413,-3.9403,-0.7379,5.4018,10.0942,1.0581
0.9048,-4.1997,-9.0594,1.8048,-1.9673,-1.8189,-0.7374,-8.578,5.0258,1.3605,-4.0323,-2.0769,5.475,10.4595,-0.106
1.0411,-4.257,-9.1999,1.4716,-2.1514,-1.808,-1.3098,-8.9576,5.3665,0.1679,-4.6901,-3.0601,5.3583,10.2661,-1.9782
1.0214,-4.0931,-9.5631,1.6264,-2.7165,-1.5965,-1.89,-8.6483,5.926,-1.3253,-5.3968,-3.9256,4.9892,9.8774,-3.7277
1.5479,-4.5645,-9.1142,1.914,-2.3813,-2.0246,-1.6832,-7.6442,6.9048,-2.658,-4.5322,-4.7194,4.6564,9.6216,-5.7023
1.4126,-3.9806,-8.1292,1.7137,-2.1229,-2.8344,-1.9543,-7.2652,6.8915,-3.3273,-4.588,-4.879,4.3143,8.5142,-7.1546
1.3668,-3.7728,-7.6104,1.7659,-1.4618,-2.8434,-2.1462,-5.6136,6.8617,-3.4012,-3.9637,-5.0278,3.7556,7.3325,-7.5924
1.3488,-3.5719,-6.4652,1.6777,-1.1036,-3.0665,-2.3783,-4.7297,6.4395,-3.6496,-3.7964,-4.9084,3.0054,5.5991,-8.2481
1.436,-3.1683,-5.5618,1.3337,-0.5988,-3.0602,-2.3817,-3.2234,6.2054,-3.7236,-3.4593,-4.9755,2.2394,4.2589,-8.5656
1.4903,-2.9514,-4.3047,0.9835,-0.352,-3.2666,-2.4601,-1.8557,5.5978,-4.415,-2.7839,-4.7744,1.6171,2.8715,-8.996
1.5231,-2.3195,-3.3191,1.0269,0.1428,-3.2057,-3.4696,-0.4608,5.3792,-4.564,-1.7562,-3.9451,0.8153,1.6025,-8.659
1.6547,-2.4576,-1.9727,0.7565,0.5533,-3.2689,-3.1186,0.6947,4.6393,-4.9239,-1.292,-2.7689,-0.244,0.1316,-7.8457
1.555,-1.7719,-0.7897,0.6765,1.493,-3.5402,-2.2166,2.3467,4.4902,-4.1427,0.1899,-1.936,-1.2527,-1.5431,-7.3214
1.5463,-1.5336,0.586,0.6449,1.9404,-3.6691,-2.2419,4.2652,3.4676,-3.734,0.7919,-1.3199,-1.9867,-3.4341,-6.6872
1.4456,-0.5854,2.4221,0.4467,2.5215,-3.942,-2.3937,6.096,2.5275,-3.3612,1.7937,-1.4636,-2.3651,-4.856,-5.7291
1.374,0.3758,4.3716,0.1977,3.9372,-3.6389,-2.0817,7.3825,1.5739,-3.1775,2.8413,0.0984,-3.164,-6.3477,-4.7779
1.4452,0.8351,5.7161,-0.3494,4.912,-3.5626,-1.4855,8.6369,0.3389,-2.1488,3.6125,1.3362,-3.8338,-7.5553,-3.5833
1.3836,1.5838,7.0008,-0.8092,5.5019,-3.9441,-1.0246,9.6348,-1.3048,-1.031,4.6702,2.9449,-4.2205,-8.6152,-1.6704
1.3605,2.0578,7.6029,-1.533,5.9569,-3.5622,-0.5751,9.8666,-2.8218,-0.1792,5.2086,4.5635,-3.8162,-9.1982,-0.548
1.3922,2.3085,8.0431,-1.6969,6.384,-3.5459,-0.422,9.6412,-4.4652,1.1156,5.4699,5.5923,-3.6271,-9.1261,1.8179
1.1952,2.8716,7.4745,-2.0276,6.6637,-3.4873,0.3414,9.5076,-4.9145,2.7501,5.7607,6.1732,-3.7377,-8.3147,3.7622
0.9111,3.0678,7.5259,-2.4259,6.0604,-3.2452,1.1938,8.8637,-4.9937,3.4344,5.333,7.0719,-3.2765,-7.521,4.8669
0.6598,2.5583,6.8631,-2.2545,6.0296,-3.4,1.9237,8.0498,-5.2344,3.7556,5.448,7.1173,-2.7383,-6.4399,5.8876
0.7776,2.444,6.635,-2.0651,5.4668,-3.149,2.2659,7.2533,-4.8999,4.0659,5.3251,7.2031,-1.5779,-5.5517,6.9033
0.5443,2.6122,6.0516,-2.085,5.445,-2.5679,2.1696,5.6965,-5.6866,4.8775,4.7786,7.2166,-0.9961,-4.663,7.3465
0.5737,1.9283,4.7182,-1.808,5.0204,-1.8003,2.0685,4.129,-5.3207,5.3179,4.5629,6.3728,0.0331,-3.0536,7.7792
0.4303,1.583,3.1635,-1.895,4.5941,-1.411,2.2611,2.5588,-4.7225,5.8924,3.5779,6.244,0.721,-1.4895,7.572
0.4763,1.4526,1.5612,-1.6595,3.8247,-1.467,2.0834,1.2268,-4.142,5.7743,2.8327,5.8047,1.5851,0.3496,7.4621
0.4386,0.8752,0.5278,-1.5991,3.226,-1.2168,1.7831,-0.6089,-3.5362,5.5475,1.8203,4.9991,2.1266,1.9666,6.8231
0.4964,0.3219,-1.0716,-1.6687,2.6128,-1.157,1.6732,-2.5588,-2.4847,5.0924,0.9553,4.3334,2.9157,4.1245,6.1614
0.445,-0.149,-3.3119,-1.0631,2.0039,-1.1989,1.1336,-4.6077,-1.8242,4.8837,-0.2657,3.8704,3.8474,5.9357,4.924
0.4691,-1.1339,-5.1236,-0.7394,0.9974,-1.045,1.1137,-6.1307,-0.6431,4.4674,-1.7343,2.4106,4.4976,7.5829,3.8558
0.4802,-2.1267,-6.5654,-0.1753,-0.2239,-1.0923,0.6403,-6.8067,1.5755,3.5042,-2.5882,1.2576,4.865,8.819,2.7393
0.5795,-3.2166,-7.5805,0.5161,-2.0953,-1.312,0.2789,-7.1481,3.3913,2.2298,-3.4096,-0.1891,4.9014,9.8,0.6735
0.8962,-3.9154,-7.5929,0.7885,-2.6064,-1.3465,-0.3023,-7.8369,4.3004,1.3911,-3.8647,-1.619,4.6627,10.3357,-0.7266
0.8928,-3.8538,-7.1366,1.3183,-2.6227,-1.4875,-1.6081,-8.4006,4.6951,0.0484,-4.1132,-2.6407,4.763,10.7034,-2.3286
0.8426,-3.532,-8.3924,1.3061,-2.2031,-1.7416,-2.5112,-8.6331,4.7646,-1.0568,-4.3177,-3.6521,4.2802,10.7541,-4.1897
0.993,-4.0045,-9.0082,1.617,-1.9623,-1.9014,-3.3331,-8.3202,5.8839,-2.3588,-4.2297,-4.1446,3.6906,9.8366,-5.8876
1.0806,-4.2302,-8.8239,1.6066,-2.066,-2.2687,-3.7076,-7.5809,6.8513,-3.3274,-4.8972,-4.237,2.9607,8.9413,-7.744
1.2341,-4.2504,-8.3388,1.8184,-1.8017,-2.4132,-3.6641,-5.6343,7.0848,-3.6566,-4.4848,-4.8577,2.2282,7.4101,-8.9413
1.2771,-3.9355,-7.0262,1.6309,-1.5535,-2.5927,-3.1657,-4.0136,7.0237,-4.0829,-3.8694,-5.5462,1.448,5.7169,-9.2933
1.5039,-3.5041,-5.3755,1.3775,-1.2224,-2.8046,-3.5044,-2.4413,7.3976,-4.9848,-3.4462,-5.7123,0.7571,3.9988,-10.1976
1.864,-2.8752,-3.5589,1.5112,-0.3863,-3.345,-3.8305,-0.7922,6.6173,-5.2941,-2.4153,-4.9688,-0.4095,2.157,-10.5517
1.7512,-1.8573,-2.0252,1.0529,0.3387,-3.2743,-3.9732,1.0048,5.5961,-4.7845,-1.4057,-4.1123,-1.458,0.2907,-9.9294
1.7591,-1.2909,-0.7223,0.72,1.0906,-3.5427,-3.6474,2.8245,4.5623,-5.05,-0.579,-3.1101,-2.7259,-1.9622,-9.8393
1.6285,-1.1893,1.425,0.5147,1.7728,-4.3387,-2.7417,5.7872,4.3903,-5.7247,0.4855,-2.281,-3.6771,-4.0719,-9.258
1.4958,-0.6574,3.983,0.1532,2.9794,-4.1621,-3.054,7.9909,3.2617,-4.5312,2.0048,-1.4362,-4.2593,-6.3779,-7.8681
1.688,0.183,5.8447,-0.3268,4.0308,-3.8423,-1.804,9.6649,1.1728,-3.6703,3.2557,0.2698,-5.3923,-8.3671,-6.5485
1.3965,1.1395,8.0128,-0.68,5.0398,-3.3644,-1.7714,10.7734,-0.3877,-2.5637,4.7311,1.4695,-5.4413,-9.6664,-4.1803
1.4088,1.4567,9.6211,-0.5646,5.7623,-3.4618,-0.8432,11.5367,-2.7103,-1.3064,5.7634,3.4033,-5.5677,-10.9166,-2.3902
1.2634,2.5574,9.6447,-1.5305,6.3499,-3.1217,0.0102,11.8205,-4.3843,0.4628,6.4069,5.0862,-5.4482,-11.1542,-0.2716
1.1938,3.4446,9.3579,-2.137,6.6757,-2.9619,0.8738,11.9777,-5.0327,1.398,6.6928,6.5695,-4.9805,-10.5665,2.7667
0.9959,3.3063,9.749,-2.4527,6.6447,-3.1789,1.8044,11.1889,-5.7338,2.9182,6.5593,7.3698,-4.4885,-9.8998,4.7314
0.925,3.2323,9.5334,-2.4547,6.5628,-3.0322,2.3917,10.3436,-6.2811,4.023,6.7784,7.8533,-3.6361,-8.8382,6.5266
0.5553,3.2248,8.5646,-2.5805,6.964,-2.6977,2.8804,8.7781,-7.0437,5.6294,6.1677,8.164,-2.8853,-7.4449,7.8294
0.5983,2.15,7.4756,-2.3549,6.3111,-2.611,3.3812,7.3431,-6.8098,6.1888,6.1136,8.5762,-2.0263,-5.9472,9.2013
0.4207,2.3895,5.6527,-2.3384,5.564,-2.4063,3.4452,5.3887,-6.8601,7.129,4.9919,8.2929,-0.7781,-4.2829,9.848
0.5227,2.0729,3.9733,-2.0184,4.8673,-2.2953,3.2249,4.0314,-5.5583,6.9629,4.16,7.0429,0.0624,-2.1136,9.679
0.5532,1.436,3.041,-1.9078,4.2082,-2.0595,3.0743,1.9672,-5.145,7.0621,3.6987,6.2992,1.0162,-0.172,9.568
0.5922,2.6506,1.2334,-2.0575,3.5525,-1.8105,2.928,-0.1542,-4.332,6.5761,2.4453,6.3348,2.1573,1.5599,9.077
0.6262,0.3536,-0.7668,-1.5261,2.7737,-1.769,2.4405,-2.0561,-3.9969,5.7326,1.7398,5.8,2.9525,3.5203,7.8398
0.4911,-0.0468,-2.9195,-1.5821,1.9787,-1.8025,1.5965,-4.2077,-2.879,5.5353,0.5818,4.6425,3.8348,5.6874,6.1585
0.4405,-0.8876,-5.0581,-0.9837,0.7599,-1.7994,1.33,-6.0772,-1.301,4.7695,-1.2462,3.6895,4.2556,7.5902,4.9259
0.4701,-2.2672,-6.8825,-0.147,-0.4069,-1.9791,1.1118,-7.2323,0.6648,3.8847,-2.7716,2.0376,4.7078,9.5771,3.4722
0.7171,-3.3073,-8.1,0.177,-1.465,-2.0965,0.1989,-7.8752,2.1383,2.7492,-3.7308,-0.2282,5.1739,10.5879,1.3987
0.8989,-3.5544,-8.5491,0.9454,-2.1571,-2.2587,-0.985,-8.5823,3.8685,1.4276,-4.3112,-2.2126,4.9665,11.0145,-0.2081
0.9313,-4.1126,-9.1824,1.4241,-2.5975,-2.3076,-1.7305,-8.7908,4.9243,0.1251,-4.5466,-3.6294,4.6505,10.6511,-2.2369
1.0769,-4.3853,-9.5849,1.3985,-2.5282,-2.0827,-2.4577,-8.2203,5.9723,-1.2713,-5.0537,-4.4229,4.2166,10.1707,-4.7467
1.0879,-5.1042,-8.7949,1.7306,-2.6111,-2.1038,-2.8881,-7.3544,6.705,-2.9846,-5.4504,-5.202,3.5487,9.1868,-6.8503
1.0458,-5.3153,-8.0318,1.963,-1.845,-2.1667,-3.029,-6.1171,7.125,-3.3867,-4.84,-5.1651,2.6057,8.0909,-8.5963
1.2845,-4.857,-6.9074,1.9306,-1.6297,-2.3638,-2.8381,-4.8641,5.9998,-3.5063,-4.0543,-5.6215,1.6752,6.4103,-9.2075
1.3498,-4.6692,-6.1612,1.9945,-1.2177,-2.7495,-3.3154,-3.3152,6.4108,-4.1118,-3.3165,-5.2649,1.1464,5.4511,-9.0414
1.4634,-3.8018,-4.7452,1.8184,-0.951,-2.7849,-3.286,-1.9561,6.1934,-4.3034,-2.8779,-4.8001,-0.0235,3.7756,-9.4982
1.5186,-3.7137,-3.8054,2.0068,-0.3147,-3.0772,-3.1964,-0.698,5.9706,-5.2087,-1.8057,-4.4953,-0.895,1.9148,-9.7263
1.6207,-3.2285,-2.509,1.2339,0.2558,-3.2422,-2.4485,1.0237,5.5305,-4.8884,-0.8311,-3.6432,-1.8897,0.1158,-8.9495
1.6693,-2.4531,-0.8589,0.8498,0.7657,-3.4937,-2.6768,3.255,4.65,-4.5141,-0.9417,-2.9547,-2.5485,-2.0179,-8.6617
1.5534,-1.9754,0.928,0.9,1.4545,-3.6501,-1.6066,5.3886,3.9012,-4.4598,0.1218,-2.1892,-3.5458,-4.0326,-8.3217
1.8934,-1.7139,3.3603,0.6676,2.349,-3.5189,-1.1243,7.5366,3.0608,-4.5852,2.2052,-1.5282,-3.8679,-5.7624,-6.7155
1.6277,-1.1112,5.361,0.591,3.1868,-3.5345,-1.1385,8.6982,1.8512,-3.061,3.8013,-0.0906,-4.2445,-7.4418,-4.6344
1.5791,0.2805,7.1825,0.2867,4.3382,-3.8941,-1.1362,9.3681,-0.6293,-1.6059,5.0855,1.2725,-4.6603,-8.7626,-3.0439
1.4059,1.4536,7.9659,-0.707,5.0651,-3.5217,-0.6393,9.7784,-2.6681,-0.3197,6.0232,2.9068,-4.8678,-9.3367,-0.8719
1.1745,1.7525,8.2726,-1.8224,5.6136,-3.4437,-0.1971,9.8445,-3.5604,0.4727,6.0165,4.8671,-4.784,-9.1219,0.6969
1.0841,2.0548,8.3815,-2.0191,6.1301,-3.1894,0.1857,9.3308,-4.8683,1.7862,6.3,6.0172,-4.295,-8.6064,2.5408
0.92,2.0536,7.7578,-2.1645,5.9679,-3.0741,1.0055,8.7707,-5.3433,3.1226,6.2105,6.8412,-3.97,-7.8942,4.6928
1.0342,2.1066,7.069,-2.1673,5.8919,-2.98,1.2664,7.8399,-5.8015,4.2379,5.4098,7.2055,-3.2274,-6.8672,5.9382
0.7881,2.1236,6.0468,-2.1538,5.4845,-3.8712,1.8488,7.3548,-5.6891,5.0614,5.0941,7.0503,-2.6733,-5.1888,7.2651
0.717,1.6175,5.5235,-2.0215,5.002,-3.6839,2.1798,6.2891,-5.2114,5.0689,4.4893,7.1615,-2.0543,-4.1674,7.3602
0.7456,1.337,5.1419,-2.1466,5.1362,-3.3631,2.1818,4.913,-5.4799,5.3313,4.4683,6.6829,-1.2679,-3.2249,7.7378
0.6157,1.179,3.8202,-1.9984,4.8952,-2.6679,2.2469,3.6363,-5.1829,6.0582,4.0975,6.4231,-0.3855,-1.553,8.1591
0.5846,0.9546,2.2619,-1.5251,4.2796,-2.614,2.1025,2.4964,-4.6175,6.1878,3.9254,5.3195,0.0611,-0.0667,8.3729
0.0112,0.6668,0.8788,-1.0675,3.667,-2.405,1.7265,0.8053,-3.8259,5.8968,3.1808,5.0704,0.843,1.2036,7.7178
0.1591,-0.1717,-0.3964,-1.0314,2.8571,-2.286,2.0441,-1.1018,-3.3289,5.4043,2.0578,4.5951,1.7622,2.7475,6.9072
0.2761,-0.4945,-1.8377,-0.9738,2.41,-2.0831,2.0618,-3.029,-2.542,5.0387,1.1069,3.98,2.8686,4.867,6.3344
0.3727,-1.1752,-3.9013,-0.8443,1.7724,-2.238,1.6315,-4.8191,-1.6102,4.8825,-0.2425,3.272,3.9649,6.5909,5.1366
0.4638,-1.6767,-6.0528,-0.6141,0.5056,-1.8567,1.5301,-6.5955,-0.3878,4.6116,-1.7176,2.1209,4.2207,8.1948,3.9918
0.6887,-2.9486,-7.4126,-0.1125,-0.4648,-2.0293,1.072,-7.6685,1.2768,3.3748,-2.875,0.8886,4.477,9.6573,1.8287
0.6925,-3.6167,-8.4097,0.49,-1.3524,-1.714,0.4206,-8.5309,2.6198,2.0527,-3.4684,-0.4643,4.7788,10.406,0.4639
0.4974,-4.675,-9.1626,1.3091,-2.9264,-1.7248,-0.0429,-8.8417,4.0655,0.4592,-4.2361,-2.1829,4.9035,10.9403,-1.3013
0.6742,-5.0438,-9.3982,1.8322,-2.7411,-1.7309,-0.9253,-9.017,5.2577,-1.3355,-4.3868,-3.3302,4.7438,10.7298,-2.9798
0.8366,-5.066,-9.5903,1.8491,-2.4622,-1.886,-1.6319,-8.9614,4.3088,-2.1173,-4.0752,-4.3304,4.5274,10.3492,-5.0337
1.022,-5.1165,-9.9296,2.0489,-2.392,-1.9996,-2.1965,-8.7746,6.0858,-2.9398,-4.1924,-4.5498,3.8298,9.9005,-6.5949
1.1785,-4.7759,-9.6344,2.0994,-2.28,-2.1346,-2.7395,-8.19,6.5187,-3.4763,-4.0682,-4.734,3.3204,8.647,-7.4023
1.3454,-4.8265,-9.1282,1.7176,-1.9073,-2.4406,-2.9333,-7.1246,7.4475,-3.9446,-4.3171,-4.9621,2.7299,7.7145,-8.83
1.3315,-4.7412,-7.8169,2.3125,-1.7029,-2.5778,-3.1378,-5.6239,7.4178,-3.8562,-3.9147,-5.1659,2.2634,6.177,-9.3365
1.3043,-4.5874,-6.6102,2.221,-1.2994,-2.81,-3.9275,-4.0491,6.6505,-4.2697,-3.0362,-5.301,1.5078,4.5987,-9.7254
1.5644,-4.5477,-5.0659,2.0072,-0.9057,-3.1016,-2.8727,-2.5575,6.362,-4.1056,-2.8474,-4.703,0.5864,3.2013,-9.6022
1.4794,-3.7862,-3.4657,1.5898,-0.2023,-3.2167,-2.6566,-0.7679,5.5614,-4.2703,-1.803,-4.1886,-0.16,1.6719,-9.7334
1.4494,-2.9935,-2.0672,1.1655,0.4239,-3.1426,-2.7557,0.2923,4.8793,-3.9178,-1.0923,-3.4059,-0.9323,0.291,-8.3257
1.3297,-2.3776,-0.9024,1.1345,0.815,-3.1762,-2.2555,1.8495,4.4185,-3.9619,-0.7639,-2.7751,-1.817,-1.264,-8.3344
1.1748,-1.8811,0.2571,0.731,1.575,-3.2059,-2.3327,4.0026,3.6476,-3.671,-0.3558,-2.4782,-2.6081,-2.731,-7.6554
1.404,-1.3303,2.2613,0.3263,2.5241,-3.2796,-1.9967,5.7536,3.0233,-3.5404,0.5096,-1.9249,-3.1886,-4.4207,-6.9917
1.2865,-0.8592,4.3716,0.2048,3.5751,-3.1482,-1.2896,7.4512,1.9201,-2.419,2.044,-0.8256,-3.3776,-6.1873,-5.3186
1.2835,0.408,5.7491,-0.1758,4.3553,-3.2077,-0.8159,8.0209,-0.0258,-1.0359,3.8418,0.5596,-3.7946,-7.737,-3.3553
1.2049,1.2793,6.5811,-0.6859,4.9943,-3.1186,0.6082,8.8017,-1.5834,-0.142,4.3367,1.9835,-4.0392,-8.5937,-1.4432
0.9405,2.3889,7.1813,-1.2553,5.2859,-3.1973,0.5622,9.6195,-2.6332,0.6136,4.8025,3.4715,-3.6205,-8.7268,0.2583
0.8382,2.1065,7.324,-1.5689,5.9992,-3.2844,0.9527,9.9619,-3.5563,1.2607,5.0609,4.5132,-3.5332,-8.8271,1.8324
0.5662,1.9664,7.7892,-1.6738,6.032,-3.005,1.8837,9.3134,-3.2412,2.5244,5.2451,5.4495,-3.2954,-8.6367,3.0979
0.5591,1.6971,7.6665,-1.1235,5.6909,-2.8648,2.0168,8.9542,-4.7155,3.6411,6.1149,6.4432,-2.4021,-8.2975,5.7408
0.4117,2.0001,6.8688,-1.4076,5.5475,-2.7042,1.8708,8.1122,-5.0552,4.344,5.9394,6.6581,-2.1345,-7.2214,6.557
0.2614,1.6499,6.5397,-1.564,5.1243,-2.4674,1.9681,6.9112,-5.5781,4.5656,5.6576,6.9975,-1.7595,-6.4057,7.4542
0.0695,1.6513,5.3172,-1.4375,5.2031,-2.3076,1.9032,5.6354,-6.087,5.8912,4.8435,6.7034,-1.0764,-4.4736,7.8124
0.1916,1.6783,3.7824,-1.4717,4.6742,-2.1443,2.1112,4.1884,-5.4481,5.9139,3.7686,6.5357,-0.5249,-2.897,7.5561
0.4918,1.1184,2.4971,-1.5356,3.8237,-2.2155,1.9532,3.2118,-4.8988,5.6942,3.2516,6.2948,-0.0505,-1.7466,7.4341
0.5122,0.5064,1.2678,-1.3507,3.338,-2.5124,1.8056,2.1858,-3.8201,5.722,2.0468,5.5185,0.7202,-0.0869,6.7421
0.5064,0.0086,0.7785,-0.7493,2.7986,-2.5091,1.7279,1.1278,-3.1004,5.0752,1.8392,4.6884,1.2506,1.0695,6.2955
0.6422,-0.0608,0.2963,-0.5087,2.6382,-2.5668,1.5657,-0.5835,-3.1077,5.1618,1.7884,4.1808,2.3609,2.3584,6.391
0.775,0.1295,-1.1868,-0.4637,2.4291,-2.4274,1.1969,-2.5352,-2.695,5.4082,1.8223,3.7123,3.0007,3.9776,5.8238
0.6448,-0.1049,-3.2147,-0.3361,1.7848,-2.4854,1.4421,-4.606,-2.1621,5.742,0.7494,3.7566,3.2597,5.5453,5.663
0.6861,-0.4274,-5.2319,-0.1007,0.7739,-2.5167,1.8232,-6.3342,-0.7152,5.3182,-0.6578,3.2533,4.2072,6.7658,4.8246
0.4519,-1.3908,-7.0065,-0.0132,-0.2606,-2.1555,1.5671,-7.1714,0.3876,4.1093,-2.4419,1.8924,5.043,8.0944,3.2599
0.448,-2.9751,-8.5028,0.4826,-1.2538,-2.1498,0.5417,-7.778,2.2942,2.6014,-3.4411,0.3607,5.5204,9.2145,1.5307
0.646,-4.0908,-9.2404,0.9762,-1.7082,-2.2854,-0.1515,-8.2909,4.0756,1.8132,-4.4019,-1.5482,5.2835,9.7979,-0.0589
0.6358,-4.3133,-9.0953,1.3031,-1.9754,-1.9989,-0.7938,-8.3015,5.2342,1.0449,-4.6404,-2.7187,4.4172,9.868,-1.5579
0.8173,-4.6344,-9.0852,1.7757,-2.0768,-1.8932,-1.3639,-8.0146,5.7685,-0.1014,-4.4769,-3.724,4.2558,9.66,-3.2781
1.0709,-4.77,-8.7997,2.0002,-2.0848,-1.9598,-1.5399,-7.292,6.9611,-1.3265,-4.7554,-4.3063,3.5684,8.9786,-5.6262
0.8907,-4.9917,-8.2401,2.1597,-1.6641,-2.2284,-1.8769,-6.4971,7.2307,-2.2631,-4.3101,-4.5882,3.16,7.8618,-6.7075
1.1766,-4.8056,-7.4416,2.6121,-1.3322,-2.3076,-2.3638,-5.6379,6.7268,-3.1031,-3.5251,-4.607,2.7388,6.4084,-7.6627
1.3545,-4.1038,-6.246,2.664,-1.0951,-2.5695,-2.2413,-4.7011,6.3577,-2.9824,-3.1012,-4.843,1.9462,5.0959,-7.6405
1.4528,-3.5011,-5.6714,2.4652,-0.6976,-2.8693,-2.394,-3.2256,5.9018,-3.2859,-2.5396,-4.6415,1.2161,3.6699,-7.9081
1.3901,-3.7556,-4.4704,2.1618,-0.4602,-2.8104,-2.684,-2.1132,6.5066,-3.5086,-1.8893,-4.3108,0.6711,2.5064,-8.2334
1.5869,-3.1791,-3.2025,2.1863,0.1441,-3.1093,-2.3107,-1.3569,5.1779,-3.4554,-1.8257,-3.5435,0.0919,1.3192,-8.5241
1.3609,-2.8889,-2.4379,2.1607,0.5145,-3.0336,-2.0325,0.2218,4.6119,-3.1958,-0.9297,-3.1252,-0.7112,0.4753,-8.0252
1.6196,-1.9981,-1.0602,1.6072,0.9859,-2.9661,-1.107,1.6682,3.871,-2.9033,-0.5,-2.2294,-1.1856,-0.7333,-7.8942
1.789,-1.8294,0.3603,1.828,1.556,-2.2534,-1.1448,2.8151,2.964,-3.0315,0.6065,-2.1415,-1.6183,-2.585,-6.4921
1.932,-1.1449,1.8119,1.2736,2.3827,-2.0604,-1.412,3.9188,2.1783,-1.7576,1.9784,-1.0641,-1.8359,-3.7186,-5.2459
1.7699,-0.0825,2.9349,0.4878,3.3393,-2.3533,-1.1375,4.4215,0.9959,-1.081,3.0753,-0.0627,-2.3362,-4.604,-3.0475
1.6837,0.4797,3.7976,0.1191,3.9252,-2.5083,-0.7595,4.7696,-0.2041,-0.1705,3.4759,1.0438,-2.684,-5.2117,-2.0361
1.5714,1.2484,3.8882,-0.1419,4.2926,-2.9718,-0.5044,5.3128,-1.5822,0.412,3.555,1.8637,-2.6455,-5.4323,-1.0006
1.4052,1.2478,3.8438,-0.0074,4.766,-3.2247,-0.2434,5.9667,-2.0553,0.9533,3.7503,3.0089,-2.7285,-5.2917,-0.4272
1.3568,1.3004,4.384,-0.2431,4.8632,-3.3003,0.1991,6.2253,-2.625,1.7909,3.9226,3.8457,-2.568,-5.435,0.7437
1.0469,1.3055,4.4025,-0.4452,4.861,-3.4022,0.7574,6.0075,-3.2134,2.9432,3.4304,4.6697,-2.4467,-4.8614,2.0703
1.0026,0.9699,4.6905,-0.544,4.8447,-3.2705,0.2757,5.9787,-3.1461,2.9723,4.2351,4.759,-2.063,-4.5844,3.2908
0.8743,1.463,4.3708,-0.2566,4.6258,-3.0374,0.9696,4.9387,-4.3052,3.5288,4.21,5.5137,-2.0061,-4.1407,4.0784
0.9636,0.9216,3.671,-0.0753,4.6328,-2.846,1.4281,4.4897,-4.0353,4.1731,4.6255,5.7133,-1.4128,-3.0629,4.6048
0.7663,1.358,2.7381,-0.498,4.3178,-2.4534,1.589,3.1937,-4.3673,4.7831,4.0283,5.8288,-1.0355,-2.2432,5.4462
0.9235,1.4759,1.9443,-0.7351,3.8112,-2.6255,1.785,2.3066,-3.855,4.8464,3.2905,5.6874,-0.4728,-1.1636,5.7185
0.8583,0.8709,1.177,-0.9747,3.4315,-2.5175,1.5916,1.3409,-3.3283,4.7985,2.5497,5.4527,-0.0041,-0.0038,5.2398
0.7653,0.0891,0.5888,-0.7583,3.0757,-2.3141,1.2308,0.4808,-2.6955,4.7814,1.8509,5.1149,0.6748,1.1408,5.2971
0.907,-0.3429,-0.6294,-0.2452,2.901,-1.9057,1.0054,-0.9181,-2.9513,5.0109,1.3693,4.3743,1.3533,2.6253,4.9932
0.9619,-0.6091,-1.8575,0.0148,2.3772,-2.0377,1.0199,-2.4564,-2.0235,5.1726,1.0692,3.1527,2.0589,4.022,4.5689
0.9037,-1.1894,-3.3185,0.4222,1.9722,-1.8379,0.9587,-3.9279,-1.4867,5.044,0.7085,2.9104,2.9922,5.8795,3.9477
0.9243,-2.3698,-4.9723,0.8452,1.2286,-1.7523,1.1533,-5.8914,-0.9281,4.7368,-0.3556,2.7943,3.7559,7.0064,3.8664
1.0195,-2.3379,-7.0846,1.2782,0.0743,-1.9114,0.9412,-6.9846,0.2657,4.9091,-1.704,1.5383,4.662,8.3297,3.4634
1.0168,-2.9287,-8.1502,1.8299,-0.8459,-2.2113,0.588,-7.8872,2.1909,3.6552,-2.7805,0.2137,5.2744,9.4312,2.0127
0.9806,-3.6587,-8.901,2.2418,-1.5365,-2.4748,0.0713,-8.4432,3.7728,2.947,-3.5251,-1.7229,5.38,10.0806,0.635
0.9621,-4.3117,-9.2732,2.5929,-1.8759,-2.6287,-0.4732,-8.5321,4.7862,1.7556,-3.7782,-3.4396,5.2528,10.4502,-0.4738
0.9751,-4.5979,-9.1224,2.6014,-2.1734,-2.4412,-1.2661,-8.3805,5.7315,0.6196,-3.58,-4.2569,4.7378,10.1009,-2.1819
0.9817,-4.5118,-9.0365,2.7556,-2.1998,-2.5316,-1.6619,-8.0918,6.6528,-0.2444,-3.5775,-4.5401,4.5399,9.399,-3.9734
1.1741,-4.1421,-9.1526,2.7443,-2.0206,-2.7641,-1.7672,-7.8227,6.5588,-1.6319,-3.3617,-4.5594,4.0559,8.8023,-5.0294
1.1594,-3.9717,-8.7512,2.7437,-1.9794,-2.5972,-2.3154,-7.1921,6.5391,-2.5455,-3.4397,-4.7042,3.5692,7.6968,-6.4351
1.2534,-4.327,-8.1165,2.9041,-1.5833,-2.8573,-2.2328,-6.1697,6.5419,-3.2687,-3.4873,-4.5459,2.7445,6.7748,-7.5079
1.4056,-4.663,-7.1513,2.7848,-1.3196,-2.7824,-2.375,-4.6115,6.7264,-3.6362,-3.2253,-5.6787,2.139,5.5237,-8.3646
1.4638,-4.1066,-6.1787,2.9358,-0.8441,-2.8765,-2.5617,-3.3087,6.7365,-3.5079,-2.5053,-5.5267,1.7908,4.105,-8.5158
1.68,-3.7389,-4.551,2.5001,-0.0477,-2.9598,-3.0627,-2.185,6.3299,-3.3551,-2.0278,-4.9465,1.2782,2.744,-8.6264
1.5401,-3.3728,-3.4192,2.3128,0.8294,-3.0827,-2.9541,-1.1816,5.7517,-3.1483,-1.2305,-4.2644,0.3815,1.1988,-8.6698
1.3932,-3.128,-2.6143,2.3984,0.7715,-3.248,-2.541,0.425,5.1873,-3.1423,-0.2687,-3.5311,-0.6872,-0.2957,-8.1018
1.2588,-2.5753,-1.2332,2.2413,1.2359,-3.0049,-2.2099,2.1347,4.4106,-2.9424,0.3119,-2.8012,-1.5674,-1.9109,-7.3848
1.4427,-1.9825,-0.0681,1.6585,1.5436,-3.414,-2.1678,4.0753,3.5386,-3.2163,0.7933,-1.9666,-2.3705,-3.5378,-6.521
1.7082,-1.4737,2.2301,1.5119,2.1851,-3.9052,-1.7965,6.8007,3.3842,-3.2296,2.3656,-1.2071,-3.3371,-5.1856,-5.5597
1.6274,-0.8976,4.5404,1.3499,3.185,-4.0493,-1.7372,8.1064,1.6904,-2.859,3.7072,-0.4644,-3.7895,-7.1826,-4.5775
1.2435,0.3788,6.0467,0.8487,4.4123,-3.9796,-1.6235,9.0085,0.1206,-2.2358,4.5499,0.7546,-4.2302,-8.2668,-3.1158
0.9634,0.9844,7.3718,0.1483,5.4766,-3.6607,-1.3004,9.6028,-1.6711,-1.3504,5.7305,1.6442,-4.3384,-9.3702,-1.3134
1.1164,1.6545,7.9312,-0.32,5.7863,-3.3827,-0.7518,9.7899,-3.1756,-0.1828,6.6132,3.6453,-4.5772,-10.0239,-0.08
1.1193,2.4989,8.0315,-0.8311,6.2466,-3.6093,-0.2271,10.0056,-4.1597,0.6797,6.9566,5.1348,-4.5625,-9.7102,1.717
0.8804,2.7441,8.0389,-1.2736,6.4219,-3.4246,0.32,9.572,-5.2286,1.9999,6.8898,6.6744,-4.5674,-9.3695,3.2031
0.7508,2.47,7.6735,-1.296,6.5807,-3.3372,1.3605,9.265,-5.3746,2.981,6.7804,7.4085,-3.8714,-8.5709,4.2543
0.6639,1.4888,7.3947,-1.1133,6.7528,-3.2114,1.7209,8.2781,-5.86,4.1988,6.5526,7.5436,-2.9965,-7.6684,6.1911
0.8403,1.9567,6.7386,-1.4302,6.2018,-3.0028,2.1349,7.1138,-6.344,5.8498,6.0304,7.6265,-2.2951,-6.1995,7.4053
0.6807,1.7529,5.6448,-1.2416,5.7391,-2.9614,2.5737,5.8877,-5.9481,6.1348,5.5275,7.5273,-1.2565,-4.4733,7.7771
0.6333,1.4534,4.1523,-1.0551,5.3503,-3.0088,2.5266,4.4809,-5.692,6.3979,4.7663,6.9938,-0.5703,-3.0141,7.8937
0.5553,1.2026,3.1024,-1.2232,4.6448,-2.8492,3.0218,3.2464,-5.4191,6.4798,4.0681,6.5592,0.2057,-1.3641,8.1521
0.5468,0.3214,1.6754,-0.8264,3.9273,-3.2028,2.8807,1.8795,-4.5674,5.6875,3.5504,5.9457,1.3166,0.0478,7.991
0.4183,-0.2011,0.3275,-0.4198,3.2873,-2.7995,2.4468,0.4129,-4.6094,6.1051,2.7515,5.0711,2.1165,1.7293,7.7539
0.4558,-0.6363,-0.9644,0.0615,2.378,-3.1535,2.0449,-1.2519,-3.3645,5.7518,2.5813,4.3253,2.9464,3.7706,6.5541
0.6232,-0.9834,-2.7467,0.0407,1.9351,-3.0553,1.6207,-3.733,-2.7394,5.2463,1.6235,3.6725,3.588,5.5525,5.9826
0.5212,-1.1665,-4.9836,0.2905,1.317,-2.8243,0.4964,-5.4947,-1.6568,5.0603,0.3448,2.7231,4.3784,7.4835,4.7577
0.7464,-2.0295,-6.7982,0.6885,0.507,-2.773,0.0938,-7.5257,-0.2786,4.144,-1.2695,1.9204,4.6913,8.8978,3.0924
0.816,-2.7949,-8.5833,1.0086,-0.4872,-2.874,-0.2987,-8.5694,1.5772,3.1195,-2.8401,0.5201,4.6937,10.2167,1.4065
0.8341,-3.5962,-9.5463,1.3043,-1.4859,-2.7673,-0.6739,-8.6728,3.38,2.0993,-3.8045,-1.2862,4.7039,11.0321,-0.2052
0.8304,-4.7378,-9.6708,1.9407,-2.1525,-2.7276,-1.2171,-8.6086,5.1727,0.4617,-3.5933,-3.0605,4.5876,10.8128,-2.2647
0.9138,-4.8374,-9.4365,2.3098,-2.3382,-2.9283,-2.1198,-8.4403,5.8398,-0.6131,-3.7387,-3.9156,4.674,10.2006,-4.2111
0.9621,-4.8628,-9.0774,2.5923,-1.898,-2.9238,-2.3362,-8.1596,6.3402,-1.4513,-3.5366,-4.5876,4.1353,9.7353,-5.7301
1.037,-5.6807,-8.748,3.149,-1.6991,-3.2463,-2.646,-7.3671,6.3964,-2.7772,-3.1543,-4.7911,3.6,8.6652,-7.2023
1.0963,-4.7426,-8.2183,2.9895,-1.3385,-3.2423,-3.0792,-6.4322,6.6734,-2.9662,-2.6466,-4.6117,2.9256,7.2876,-8.2803
1.2643,-5.1056,-7.5289,2.8904,-0.6785,-2.9998,-3.2721,-5.4942,5.9049,-3.2266,-2.5648,-4.4761,2.4853,6.1089,-8.3503
1.286,-4.5455,-6.5053,2.5647,-0.495,-3.437,-3.3699,-4.297,5.8009,-2.9347,-2.4832,-4.5576,1.6125,4.6244,-8.8393
1.4266,-4.1496,-5.563,2.5144,-0.0368,-3.7957,-3.0432,-2.5442,6.0986,-3.1942,-2.3248,-4.4009,0.9456,3.6179,-9.375
1.4363,-3.2971,-4.0837,2.5189,0.437,-3.6198,-2.5284,-1.1425,5.4956,-4.5116,-1.2532,-4.5178,-0.1148,1.4679,-9.4632
1.4984,-2.7959,-2.836,1.9906,0.928,-3.773,-2.1909,0.6371,5.3766,-3.8526,-0.7638,-3.9679,-0.5818,-0.2627,-8.8784
0.8662,-2.6229,-1.2985,1.7289,1.3984,-3.4523,-1.8269,2.368,4.5087,-3.7003,0.0529,-3.1159,-1.006,-2.1343,-7.9622
0.9996,-2.3854,0.7237,1.7205,2.0826,-3.2487,-1.8991,4.2298,3.9767,-3.5601,0.8177,-2.6251,-1.7151,-3.8247,-7.3197
1.1842,-1.7817,2.6014,1.4228,2.7234,-3.3581,-1.6953,5.8961,2.791,-2.7311,2.3133,-1.8379,-2.633,-5.5819,-6.4227
1.0626,-1.336,4.0749,1.3698,3.8366,-3.3465,-1.5418,7.1,1.747,-2.0785,3.6,-0.532,-3.08,-6.8991,-4.8547
1.1666,-0.2292,5.7497,1.1379,4.625,-3.1895,-0.677,8.0795,-0.0173,-1.187,5.2792,0.6366,-3.4102,-8.4434,-3.2421
0.9964,1.3046,6.9872,0.2162,5.3663,-3.2523,-0.2932,8.6628,-2.017,0.0049,6.1401,2.3799,-3.3009,-8.9925,-1.0812
0.8659,2.0692,6.8592,-0.4222,6.0165,-3.3646,0.1337,8.7587,-3.3795,0.9723,6.6616,4.1487,-3.2662,-9.0907,0.3473
0.9666,2.3459,6.682,-0.8672,5.9262,-3.4854,0.7133,8.4304,-4.4596,1.8223,6.5463,5.6575,-2.9598,-8.8066,2.5862
0.8947,2.3162,7.0289,-1.1908,6.2867,-3.2173,1.0963,7.9978,-5.216,3.4448,6.459,6.4528,-2.7816,-7.8193,4.1955
0.7475,2.462,6.2706,-1.1691,6.1668,-3.1599,1.8103,7.3952,-5.6417,4.3179,6.0379,6.5773,-2.4653,-6.6384,4.9982
0.7953,2.1573,5.8603,-1.1547,6.0164,-2.9848,2.5345,6.3687,-5.923,5.2404,5.4572,6.9331,-1.4974,-5.2248,6.2054
0.5415,2.0196,4.7521,-1.5252,5.3003,-2.6294,2.5995,5.329,-5.768,5.9466,4.8087,7.8334,-0.5699,-3.7055,7.0392
0.4946,1.7796,4.0474,-1.2633,4.7053,-2.5992,2.2127,4.1672,-5.5637,5.9573,4.4676,7.1526,-0.061,-2.2945,6.8964
0.4266,1.1134,2.9706,-1.2446,4.4856,-2.7067,1.8301,2.4506,-5.0671,5.305,4.039,6.7721,0.643,-0.9337,6.8234
0.387,0.2526,1.4833,-0.7334,3.9772,-2.4768,1.005,0.81,-4.3559,5.3096,3.3172,5.996,1.3019,0.4732,6.2439
0.411,0.2531,0.1453,-0.4534,3.5392,-2.7641,1.3099,-0.5423,-4.0463,5.811,2.7561,5.8549,1.5025,2.1059,5.4639
0.4688,0.0666,-1.0232,0.1387,2.8043,-3.0377,0.9228,-2.3076,-3.0837,5.1381,2.1725,4.838,1.5073,3.9276,4.8359
0.46,-0.2104,-2.6806,0.0338,2.3512,-3.1665,0.8826,-3.2104,-2.1292,4.6981,1.1433,3.9503,2.4683,5.5865,3.9717
0.2581,-1.0431,-4.4892,-0.032,1.6738,-2.8779,0.6974,-4.6717,-1.3551,3.9425,0.1128,3.0632,3.2587,6.5536,3.4773
0.1678,-2.1207,-5.5852,0.7307,1.2329,-2.8252,-0.5184,-5.3781,0.703,3.2845,-0.9731,1.7684,4.1718,7.5346,2.1158
0.3961,-3.2157,-6.5111,1.1001,0.3113,-3.042,-0.8958,-6.1429,1.674,2.7611,-2.1832,1.0718,3.9125,7.6917,0.395
0.4108,-3.3651,-7.1632,1.5618,-0.2686,-3.0602,-1.2334,-6.0817,2.7117,3.2061,-2.2484,-0.3983,3.9125,8.2413,-0.117
0.5716,-3.403,-7.1662,1.8988,-0.7363,-3.0961,-1.7337,-6.1774,3.9253,1.8262,-2.8317,-1.7974,3.6462,8.4555,-1.5352
0.5248,-3.7892,-7.6211,2.0695,-0.8212,-3.0505,-2.306,-5.9739,4.2132,-0.713,-2.8057,-2.9134,3.2731,7.8406,-3.8461
0.6933,-3.9967,-7.269,2.2529,-0.7097,-3.0603,-2.5723,-5.5135,3.8318,-1.2102,-2.7208,-3.7984,2.8174,7.1136,-5.6097
0.7595,-3.5854,-6.7678,2.4264,-0.5657,-3.0842,-2.6741,-4.8671,4.5827,-2.165,-2.3387,-4.4392,2.546,6.4652,-6.9268
0.8735,-3.5426,-6.3192,2.3119,-0.3367,-3.2499,-3.3209,-3.7683,5.5915,-2.904,-2.163,-3.981,2.2673,5.5413,-7.6521
1.1695,-3.7355,-4.9894,2.2415,0.0303,-3.6479,-2.755,-3.0723,5.2126,-2.8288,-2.0414,-3.9433,1.9221,3.935,-8.1178
1.227,-3.1616,-4.0003,2.1787,0.1253,-3.8704,-2.5689,-1.4795,4.9135,-2.7585,-1.3409,-3.7106,1.2848,2.7074,-8.243
1.1227,-2.6333,-2.9322,2.1222,0.8211,-4.1491,-2.6951,0.4076,4.589,-3.1998,-0.8198,-3.43,0.1428,1.5401,-7.9719
1.116,-2.7266,-1.4273,2.3361,1.3042,-4.5007,-2.7075,2.1004,3.8987,-3.3211,0.1719,-2.7232,-0.905,-0.0745,-7.9515
1.048,-2.6562,0.1492,2.3339,1.9967,-4.4332,-1.7307,3.9923,3.1914,-3.0433,1.1304,-2.4895,-1.6741,-2.1663,-6.9911
0.7727,-1.8901,2.2517,1.9689,2.6903,-4.2975,-2.2631,5.7024,2.4287,-2.6035,2.2513,-1.9446,-2.1788,-4.0205,-6.2419
0.8785,-0.5829,4.027,1.8496,3.6277,-4.0398,-1.7559,7.0756,1.3174,-1.6457,3.6085,-0.8434,-2.9563,-5.5458,-4.7045
1.0155,0.2401,5.5435,1.26,4.5266,-3.9941,-1.3573,8.1297,-0.3909,-1.0289,5.0782,0.534,-3.3486,-6.7167,-3.2736
0.8762,0.9429,6.524,0.6997,4.9361,-3.891,-0.9937,8.6981,-2.0247,0.1114,5.7242,1.9999,-3.6588,-7.6914,-1.769
0.74,1.4965,6.6692,0.3972,5.4896,-3.8406,-0.1649,9.0951,-3.2553,0.5595,6.4525,3.5891,-3.5856,-7.9557,-0.4224
0.6617,1.9689,7.1092,-0.2159,5.7922,-3.957,0.6447,9.0907,-3.801,1.0901,6.7922,5.0032,-3.2951,-8.2878,1.3456
0.5451,2.007,7.2008,-0.507,5.8007,-3.6999,1.1214,8.7887,-4.752,2.4326,6.7172,5.8837,-3.1334,-7.8101,3.2808
0.2848,2.1927,6.7732,-0.8942,6.0439,-3.518,1.5741,8.2772,-5.309,3.6711,6.3379,6.5666,-2.4348,-7.2183,3.9253
0.1851,2.1917,6.1335,-0.9445,6.0137,-3.1325,2.1879,7.3119,-5.8588,4.5779,6.0286,6.486,-2.261,-6.1925,5.2209
0.012,1.4315,5.5047,-1.0024,5.7119,-2.8907,2.5018,6.6364,-5.6442,4.9583,4.455,6.54,-1.4242,-5.1154,6.1941
0.0467,0.6696,4.4992,-0.7289,5.3746,-2.7473,2.3929,6.2162,-5.2193,5.493,4.8938,5.655,-0.7008,-3.8983,6.8485
-0.1167,1.1914,3.5257,-0.785,4.9203,-2.9469,2.6153,4.8504,-4.9038,6.0167,4.4783,5.4068,0.1139,-2.6941,7.1436
0.0294,0.646,3.0555,-0.5876,4.8683,-3.0103,2.6554,3.484,-4.6161,5.8898,4.3945,5.3313,0.6304,-1.5861,8.1283
0.0111,1.3663,2.4759,-1.2128,4.1466,-2.8556,2.5762,2.1274,-4.5163,6.6976,3.6929,4.8713,1.4136,-0.38,8.0092
-0.052,0.7328,0.9719,-0.995,4.1339,-2.9219,2.5229,0.8874,-4.6188,6.3518,2.6804,4.3273,2.2339,1.2727,7.4794
-0.0956,0.4043,-0.42,-0.6426,3.2533,-2.582,2.9652,-0.5987,-3.4477,6.053,2.0266,3.3581,3.0696,2.4452,6.4802
-0.0987,-0.7728,-1.6753,-0.0587,2.5324,-2.7879,2.8397,-2.0935,-2.4964,5.5199,1.4463,2.998,3.7329,4.3146,6.0934
-0.0184,-1.4368,-3.1415,0.3407,1.9437,-2.7562,2.2606,-3.915,-2.2276,5.4939,1.0234,2.5549,4.5279,5.7465,5.7362
0.0328,-2.3233,-5.3563,0.1056,1.0282,-2.7367,1.5924,-5.3059,-1.4512,5.5189,-0.3263,2.9191,5.1137,7.269,4.5829
0.2007,-2.6055,-6.7681,0.4329,-0.1995,-2.796,1.4415,-6.6025,0.0564,5.0019,-1.2913,1.5868,5.5429,8.9726,3.625
0.182,-3.3557,-7.9839,0.7212,-0.9086,-2.6808,0.88,-7.35,1.5947,3.991,-2.5357,0.2942,5.4991,10.0264,1.8567
0.1994,-3.921,-8.4873,1.327,-1.4683,-2.5988,0.1202,-7.839,3.0079,2.5288,-2.9133,-1.4481,5.7288,10.4182,0.1955
0.236,-4.5726,-9.0049,1.8298,-1.8593,-2.5757,-0.6571,-8.1821,3.7047,1.2339,-3.0424,-2.3358,5.3947,10.3593,-2.0728
0.2097,-4.2274,-8.9922,2.069,-1.9719,-2.5252,-1.1882,-7.9563,5.0928,-0.0981,-3.4896,-3.362,4.8576,10.268,-4.2851
0.306,-4.352,-8.879,2.2216,-1.7214,-2.4309,-2.1162,-7.879,5.4446,-1.707,-3.6285,-3.9356,4.507,9.8021,-6.0432
0.6105,-4.6011,-9.2091,2.5332,-1.4537,-2.4897,-2.11,-6.8696,5.8405,-2.7525,-3.0154,-4.3922,3.8049,8.9533,-7.7023
0.7966,-4.4925,-8.2437,2.5487,-1.2616,-2.6365,-2.3297,-6.3216,5.9564,-2.9694,-2.9312,-4.6074,3.4043,7.0197,-8.4458
0.9139,-4.29,-7.7901,2.7165,-0.7871,-2.8555,-2.5811,-4.5871,6.5565,-3.1916,-2.8308,-4.6815,2.694,5.7962,-8.8854
0.648,-4.1095,-6.4458,2.5458,-0.9623,-3.2854,-2.465,-2.9263,6.1852,-3.8402,-2.856,-4.25,1.9264,4.0059,-9.4098
0.8062,-4.0927,-4.9343,2.2975,-0.4534,-3.3119,-2.9081,-0.8036,5.8791,-4.1834,-2.2933,-4.5104,0.9602,2.6807,-10.0545
0.9777,-3.5525,-2.9754,2.2945,0.0796,-3.4952,-3.0894,1.2035,5.1308,-4.4129,-1.2602,-4.4112,-0.4955,1.028,-10.4927
0.8052,-3.0567,-1.1913,2.0033,0.6994,-3.6368,-3.1047,3.245,4.0941,-4.6456,0.0922,-3.999,-1.7211,-0.9836,-9.7426
0.8395,-2.7423,0.7853,1.4838,1.6376,-3.7956,-2.8027,5.0165,2.6632,-4.7641,0.7604,-2.9166,-2.9958,-3.4117,-9.122
0.8761,-1.7207,2.9092,1.3452,2.5783,-3.6834,-2.5629,6.8968,1.838,-3.9527,2.1441,0.5342,-3.5924,-5.0675,-7.3927
0.8487,-0.7627,4.695,0.8026,3.6285,-3.5992,-1.8442,9.0979,0.1824,-3.1138,3.5587,0.6795,-4.6579,-6.4635,-6.3349
0.6078,0.3806,6.5607,0.0417,4.7774,-3.6306,-1.2343,10.2202,-1.2715,-2.4159,4.9191,1.6042,-4.9307,-8.2137,-4.8028
0.636,1.746,7.593,-0.5593,5.5645,-3.3403,-0.4853,10.8828,-2.7629,-1.0342,5.8275,3.7461,-4.8399,-9.1762,-3.1208
0.6152,1.6308,8.1471,-0.749,6.2663,-3.508,0.3203,11.58,-4.0607,-0.3901,6.6462,4.7431,-4.6043,-9.7664,-1.3294
0.5439,2.3922,8.7528,-1.0255,6.735,-2.9612,1.078,10.9939,-5.307,1.1287,7.7934,5.7791,-4.1292,-9.9644,1.0336
0.3795,2.5758,8.6787,-1.3967,7.0119,-2.8099,2.1166,10.1053,-5.4621,2.2951,7.4187,7.009,-3.4367,-9.4418,3.3068
0.2781,2.3742,8.0729,-1.4302,7.0668,-2.5936,2.3153,9.3638,-6.532,4.0826,7.5596,7.8341,-2.7704,-8.2389,5.4109
0.1426,2.5769,6.6174,-1.5754,7.3241,-2.558,2.9636,8.1735,-6.7423,5.8808,6.809,7.9901,-1.9926,-6.9071,7.2287
0.0417,2.4108,5.7409,-1.4274,6.367,-2.3847,2.9011,6.8638,-6.6016,6.7157,5.9922,7.8735,-0.8473,-5.4313,8.4019
-0.0221,1.7821,4.5834,-1.2352,5.6021,-2.3516,2.9789,5.5169,-6.3871,7.0853,5.379,7.4594,-0.5723,-3.6524,9.9624
-0.071,1.1586,3.3367,-1.1372,4.9585,-1.9591,2.87,3.9814,-6.3606,7.4553,4.7998,6.6933,0.2057,-1.698,9.4535
-0.3253,0.959,2.1396,-0.8884,4.0454,-1.8556,2.8588,2.8681,-5.048,7.9165,4.2817,6.1011,1.1822,0.3946,9.7028
-0.2503,0.7759,0.9903,-0.5745,3.3649,-1.394,2.905,0.3935,-4.6066,7.1267,3.516,5.3102,2.3532,1.8154,8.8865
-0.3217,0.4527,-0.6252,-0.2895,2.7254,-1.309,2.317,-2.1418,-4.3321,6.6135,2.6385,4.7859,3.3969,3.9039,8.0372
-0.1738,-0.8111,-2.9435,0.1045,1.9848,-1.4897,2.0973,-4.3655,-3.5626,5.8199,1.6468,4.0164,4.1373,6.2538,6.6431
-0.1983,-1.126,-5.2478,0.2951,0.9974,-1.4469,1.7632,-6.3336,-2.1027,5.9171,0.3673,2.9916,4.8716,8.4634,5.8027
-0.0769,-2.0936,-6.4741,0.628,-0.2386,-1.2631,1.137,-8.0502,-0.3759,4.5907,-1.2885,2.1375,5.2733,10.0147,3.6184
0.0844,-2.4119,-8.2296,1.0568,-1.2544,-1.2894,0.5989,-9.3193,0.4137,3.7554,-2.8971,0.7835,5.8653,11.3329,2.1663
0.2311,-4.0891,-9.9353,1.7496,-1.6887,-1.7612,0.4093,-9.6502,3.0094,2.9197,-3.4767,-1.3005,6.0282,12.4826,0.7078
0.4057,-5.1214,-10.4863,2.9671,-2.3095,-1.8778,-0.2791,-9.8135,4.5819,2.1222,-4.343,-2.5805,5.8182,12.6076,-0.9914
0.611,-5.0007,-10.9076,3.0407,-2.9497,-2.0647,-1.1845,-9.3346,5.8693,0.9633,-4.1461,-4.3682,5.5748,11.9397,-3.2323
0.614,-4.8575,-9.5911,3.0765,-2.9708,-2.2375,-2.107,-9.2481,6.5347,-0.9866,-3.9234,-4.9119,5.0927,11.4892,-5.3573
0.6079,-4.7514,-10.0288,2.918,-2.5107,-2.179,-2.8993,-8.8433,5.9663,-1.8959,-3.6577,-5.404,4.7418,10.1655,-6.8894
0.6477,-4.4928,-9.5058,2.9539,-2.3836,-2.4021,-3.0205,-7.9534,6.2098,-2.7798,-3.6745,-5.5481,4.0016,9.1395,-8.5701
0.7846,-4.3744,-8.867,2.7236,-1.8288,-2.9539,-3.2245,-6.1366,6.5574,-3.7253,-3.7236,-5.5639,2.8528,7.7373,-9.47
0.8264,-4.4249,-7.9991,3.0027,-1.5208,-3.0953,-4.2385,-4.5079,6.7465,-4.2886,-2.5322,-5.7665,2.3867,6.3536,-10.139
0.7038,-3.8373,-6.1699,2.9102,-1.1329,-2.9418,-3.9481,-3.7002,6.2323,-4.5642,-2.1329,-5.0762,1.3084,4.43,-10.148
0.9027,-3.6299,-4.9773,2.8502,-0.5134,-3.1731,-3.4422,-1.6408,5.868,-4.7575,-1.9096,-4.6518,0.143,2.9234,-10.457
0.8809,-3.5155,-3.455,2.8568,0.1451,-2.7608,-3.188,0.3142,5.6602,-4.7327,-0.7823,-4.8781,-0.9511,1.4017,-9.9151
1.011,-3.1311,-1.6026,2.446,0.7678,-3.0877,-2.7477,2.2557,4.758,-4.4819,0.5943,-3.9886,-1.7177,-0.7335,-9.0195
1.0288,-2.7625,0.0729,2.0004,1.3403,-3.2248,-2.9779,4.0971,3.8029,-3.6793,1.3235,-2.9425,-2.2298,-2.8386,-7.7476
0.9451,-2.2612,1.8462,1.9524,2.0776,-3.1824,-2.8207,5.6574,2.3026,-3.0412,2.6812,-1.6225,-3.1536,-4.4491,-7.1025
0.9383,-1.5826,3.478,1.4641,2.9875,-2.8939,-2.3177,6.9221,1.0525,-2.3167,3.3983,-0.4259,-3.6463,-5.8338,-6.3454
1.0445,-0.7157,4.784,0.9228,4.1778,-2.8526,-2.1093,8.1734,-0.4235,-1.4827,4.3392,0.5471,-4.1478,-6.947,-4.7771
1.0597,0.4873,6.1375,0.1635,5.2133,-2.9619,-1.4538,9.0347,-1.6943,-0.4913,4.9531,2.0102,-4.2713,-8.0229,-2.5257
0.8591,1.2426,7.0027,-0.0573,5.624,-2.9153,-0.4201,9.5508,-3.2187,0.7061,5.9632,3.5357,-4.6137,-8.4627,-0.8546
0.8348,1.7626,7.4034,-0.6904,5.7868,-2.9459,0.4362,9.3521,-4.4806,1.6341,6.4871,4.5564,-4.0993,-8.1097,0.9025
0.6677,2.168,7.3139,-0.7504,6.1186,-2.8853,0.7072,8.9761,-4.8889,2.2436,6.5689,5.5733,-3.3864,-7.7897,2.8563
0.5259,2.049,7.0363,-0.9787,6.1123,-3.0932,1.1884,8.0277,-5.4977,3.5633,6.1804,6.0052,-2.8101,-7.3086,3.1295
0.3855,1.7187,6.5958,-0.867,6.06,-3.0423,1.5976,7.7084,-5.5199,4.3668,6.6925,6.3834,-2.2229,-6.2932,5.1475
0.3028,1.6873,5.771,-0.8519,5.812,-2.9333,2.0592,6.6103,-5.5514,5.8359,6.1946,6.8584,-1.9076,-5.0985,6.6083
0.1501,1.5295,4.8393,-0.6958,5.2114,-2.3594,1.8794,5.2657,-5.7977,5.9027,5.5071,7.1865,-1.0077,-3.7298,7.6726
0.0369,1.2344,3.7869,-0.7387,4.7677,-2.0494,2.2483,4.2898,-6.0418,6.1503,5.1033,6.8556,-0.3641,-2.0333,7.7009
-0.0521,0.8287,2.535,-0.5696,4.1439,-1.7331,2.2096,2.5646,-5.7371,6.3409,4.5042,6.1832,0.4163,-0.7346,7.8675
-0.0298,0.6209,1.1986,-0.7305,4.0196,-1.4393,2.3553,1.0149,-4.8176,6.3277,3.6174,5.7365,1.0865,1.1685,7.1192
-0.1159,-0.1796,-0.3406,-0.4745,3.3752,-1.5933,2.181,-0.5674,-3.9467,6.1667,2.6371,5.0944,1.9363,2.6245,6.5208
0.0718,-0.8493,-1.6603,0.0337,2.6979,-1.554,1.6171,-2.5277,-1.7388,5.759,1.7037,4.4205,3.0095,4.271,5.3934
0.1169,-1.188,-3.229,0.4788,1.9349,-1.3684,1.3837,-4.0442,-2.4407,6.0703,0.8623,3.5768,3.5494,5.5081,4.7176
0.0817,-1.6499,-5.3322,0.712,0.9834,-1.5037,1.1812,-5.2632,-1.1482,5.265,-0.4761,2.661,4.0812,7.2223,3.6777
0.1398,-2.6908,-6.6868,0.7378,0.0866,-1.5726,0.842,-6.2351,0.3649,4.3487,-1.8301,1.2284,4.5801,8.3884,2.177
0.2793,-3.3739,-7.6616,1.2444,-0.6007,-1.6555,0.3978,-6.8547,2.3465,3.3839,-2.583,0.4463,4.8895,9.3432,1.3288
0.1915,-3.8737,-8.341,1.8232,-1.1274,-1.7282,-0.0102,-7.6648,2.924,3.0537,-2.9507,-1.3631,4.6207,9.4626,-0.015
0.3227,-4.2662,-8.7162,1.8487,-1.5608,-2.4158,-0.5608,-7.485,4.8455,1.9005,-3.3834,-2.9614,4.6563,9.7186,-1.5902
0.401,-4.3953,-8.5314,2.4449,-1.9515,-2.4028,-1.3352,-7.1858,6.54,0.6886,-3.3313,-4.0375,4.8244,9.3108,-2.8094
0.62,-4.0472,-7.8816,2.6567,-1.97,-2.5757,-2.3012,-6.9371,5.8194,-0.8337,-3.1112,-3.9951,4.3721,8.506,-4.8816
0.7342,-4.1936,-7.4093,2.8254,-1.6157,-2.5984,-2.8451,-6.0886,5.9777,-1.7933,-2.9372,-4.3758,3.4496,7.5189,-6.7543
0.8883,-3.9333,-6.185,2.7233,-1.0037,-2.8446,-2.9861,-4.6454,6.0476,-2.3723,-2.7247,-4.5872,2.4091,6.2971,-8.0217
0.929,-3.7195,-4.9179,3.0755,-0.616,-3.1175,-3.7001,-3.0387,5.2825,-2.7283,-2.0597,-4.4172,1.4589,4.7266,-8.2123
1.1193,-3.6471,-4.2453,2.8609,0.2002,-3.3568,-3.031,-1.8867,4.7584,-2.7698,-0.9579,-4.4599,0.533,3.3693,-8.1987
1.1021,-2.9204,-3.3477,2.787,0.5323,-3.672,-3.0915,-0.4255,4.5585,-2.2802,-0.5842,-3.6523,-0.0457,1.9071,-7.7546
1.065,-2.7439,-2.1541,2.6166,0.9621,-3.6706,-2.9408,1.1644,5.5779,-2.7101,0.3137,-3.2595,-1.03,0.4516,-7.2591
0.8662,-2.4256,-0.8177,2.3525,1.5014,-3.4032,-2.4702,3.1243,3.8357,-2.4318,1.1995,-2.6649,-1.9901,-1.5301,-6.3206
0.8322,-1.5153,0.7814,1.6854,2.0636,-3.3559,-2.0628,4.6035,3.288,-2.3784,1.7359,-1.4976,-2.8871,-3.4502,-6.0229
0.9533,-0.9937,2.6011,1.6376,2.6434,-3.3046,-1.8778,6.7025,2.2131,-1.8069,2.6996,-0.5994,-3.4068,-4.6404,-4.9573
0.8885,-0.1749,4.3677,1.2485,3.2627,-3.3315,-1.6368,8.3205,0.8894,-1.4661,3.6522,0.2582,-3.6528,-6.2906,-4.5366
0.6632,0.3316,6.3009,0.6328,4.2178,-3.0439,-0.9633,9.1531,-0.8748,-0.9312,5.1454,1.4703,-3.8438,-7.3832,-3.2226
0.6576,1.1533,6.9585,0.1253,4.9905,-2.9135,-0.6383,9.4263,-2.5473,0.0466,5.81,3.2302,-3.9736,-8.0303,-1.8825
0.4263,1.8558,7.0521,-0.3524,5.7197,-2.7033,0.0279,9.3399,-3.75,0.7437,6.5836,4.4363,-3.8168,-8.2746,-0.2895
0.4833,2.0177,7.2803,-0.4663,5.795,-2.6294,0.824,9.1842,-4.7768,1.8633,7.0042,5.5387,-3.5307,-7.6936,2.1476
0.4377,1.9616,7.1216,-0.6936,6.0891,-2.6256,1.2685,8.3726,-5.2356,3.4253,6.4527,6.3406,-2.8519,-7.2982,3.7857
0.535,2.0001,7.0013,-1.2277,5.9232,-2.6092,1.7844,7.8835,-5.6485,5.1036,6.1349,6.1961,-2.3848,-6.173,5.6854
0.4338,2.3438,6.0155,-1.6149,5.8277,-2.5279,2.4313,6.9892,-5.5478,5.9279,5.6816,6.3589,-1.6269,-4.6122,6.6825
0.268,1.8916,5.1219,-1.0929,5.2262,-2.4932,2.4264,5.4136,-5.2746,6.0012,5.4613,5.0074,-0.7555,-3.6973,7.4915
0.1877,1.8605,3.6512,-1.4333,4.8013,-2.4668,2.7105,3.8019,-5.31,6.5123,4.629,5.5683,0.1237,-2.5557,8.0816
0.0079,1.3303,2.4662,-1.5567,4.3704,-2.2973,2.4039,2.899,-4.549,6.6145,3.4121,5.2909,0.9721,-0.7113,7.6974
-0.1538,0.6533,1.2474,-0.9887,3.7187,-2.1372,2.2578,1.6178,-3.9481,6.5669,2.9992,4.7472,1.8908,0.7714,7.353
-0.0748,0.0104,0.0972,-0.2837,3.0255,-2.6459,2.1204,0.3641,-3.0949,6.3765,2.5931,4.2125,2.5785,2.2778,6.8074
-0.0651,-0.3779,-1.3176,-0.1572,2.6016,-2.3506,1.9953,-1.4835,-2.5829,6.2629,1.8694,3.4892,3.1995,4.1733,6.4699
-0.0485,-1.26,-3.3929,0.3637,2.0206,-2.1012,2.0161,-3.5833,-2.5879,6.289,1.0772,3.0587,3.9027,6.164,5.9987
-0.1006,-1.2487,-5.077,0.2955,0.851,-1.881,1.6476,-4.7939,-0.8913,6.3061,-0.112,2.1853,4.4239,7.6693,5.2556
-0.0651,-2.5282,-6.293,0.8276,-0.0818,-1.8322,1.1603,-5.8877,0.4011,4.8118,-1.3567,1.2572,4.7171,8.6462,3.791
-0.0109,-3.2832,-7.5069,1.1437,-0.9717,-1.623,0.7732,-6.8445,1.6005,3.956,-2.3257,-0.1319,4.8946,9.6356,2.1232
0.2483,-3.731,-8.2928,1.6455,-1.5416,-1.7079,0.3408,-7.3077,3.2827,2.8727,-2.8522,-1.7063,4.9589,10.3321,0.393
0.2953,-4.1312,-8.8322,2.4095,-1.8248,-1.6956,-0.9941,-7.4461,4.5664,1.742,-3.2548,-2.893,4.5312,10.3176,-1.5428
0.5077,-3.9123,-8.8516,2.5229,-1.8568,-1.8084,-1.5964,-7.1861,5.1779,0.7241,-3.4771,-3.3335,3.8467,9.883,-2.9015
0.4559,-4.0482,-8.4887,2.478,-1.9636,-1.8029,-1.7309,-6.7274,5.8782,-0.1985,-3.1037,-4.0053,3.5371,9.1989,-4.6168
0.5321,-4.4646,-8.1315,2.1951,-1.7683,-1.9307,-2.1373,-5.9042,5.6426,-1.716,-3.4409,-4.4143,3.8227,8.3246,-5.9724
0.6295,-4.3082,-7.4668,2.4298,-1.5822,-1.9386,-2.7148,-5.2992,6.0497,-1.9687,-2.9061,-4.5759,3.0702,7.5423,-7.659
0.781,-3.9122,-6.7784,2.3676,-1.2741,-1.9685,-3.2702,-4.4198,5.5494,-2.5701,-2.4525,-4.5048,2.3646,6.1006,-8.043
0.9449,-3.6589,-5.9959,2.532,-0.8405,-2.0072,-2.9009,-3.3953,5.401,-2.9869,-1.7477,-4.3904,1.5747,5.1952,-8.3918
1.2715,-3.2553,-5.0288,1.9199,-0.4783,-1.924,-2.8831,-2.4955,5.2261,-2.7832,-1.6904,-4.3417,0.9046,3.8699,-8.2077
1.1565,-2.8442,-4.1983,1.6681,0.0747,-2.2256,-2.5798,-1.1688,5.3045,-2.8294,-1.7708,-3.7232,0.3843,2.9835,-8.498
1.0778,-2.9787,-3.0966,1.8182,-0.1601,-2.5945,-2.2662,0.2572,4.4591,-2.8917,-0.8087,-3.4766,-0.2919,1.6574,-7.9348
1.0983,-2.2585,-1.9075,1.454,0.5549,-2.8566,-2.0288,1.6004,4.1182,-2.5775,-0.3369,-2.8825,-0.8498,0.4458,-7.149
0.7926,-1.9807,-0.8547,1.4529,0.946,-3.2223,-2.4915,3.5486,3.3101,-2.336,0.3006,-2.4309,-1.8758,-1.5136,-6.7806
0.9416,-2.1204,1.0078,1.2912,1.6057,-3.4743,-2.0955,5.2792,2.459,-2.5148,1.5528,-1.9817,-2.5755,-2.8989,-5.9127
0.9443,-1.3856,2.8671,1.1404,2.4193,-3.6413,-1.704,6.8419,1.7042,-2.0919,2.9073,-1.1169,-3.3045,-4.3506,-4.7915
0.8224,-0.3639,4.1759,0.7415,3.8237,-3.3843,-1.1265,7.9109,0.2175,-0.8688,3.7276,0.7925,-3.5635,-5.9311,-3.5834
0.4612,0.3331,5.6969,0.2945,4.6306,-3.2295,-0.8666,8.7765,-0.9538,0.0168,3.9965,1.8447,-3.7194,-7.0897,-2.2705
0.5216,0.9258,6.8361,-0.3888,5.1512,-3.1541,-0.2187,9.722,-2.4556,0.4251,5.0876,2.7612,-3.898,-7.9484,-0.9005
0.543,1.308,6.8766,-0.362,5.7081,-2.9447,0.4017,10.0031,-3.9011,1.8595,5.2809,3.8623,-3.8703,-8.0665,0.5025
0.4035,1.5696,7.0246,-0.3847,5.7243,-2.9063,1.2116,10.1808,-4.2885,3.015,5.9839,4.6351,-3.784,-7.8947,2.6598
0.3106,1.9203,7.1507,-0.9621,5.8063,-2.7364,1.9072,10.1067,-4.9792,4.0631,6.0021,5.6845,-3.6659,-7.3793,4.4821
0.1735,2.0195,6.8182,-1.3898,5.2306,-2.6033,2.202,9.3185,-5.5963,4.5855,5.9332,5.9298,-2.8574,-6.616,6.028
0.0963,1.7869,6.3634,-1.6229,5.1136,-2.3465,2.7691,8.1307,-6.0541,5.122,5.2977,6.398,-2.1118,-5.4577,6.5338
0.0919,1.3919,5.443,-0.9859,4.9004,-2.4402,2.9868,7.1691,-5.7642,5.9816,4.8298,6.1547,-1.519,-3.8281,7.3238
0.0994,1.5428,4.4724,-1.3257,4.9162,-2.5077,2.9176,5.7272,-5.84,6.559,4.2926,5.8281,-0.7812,-2.7194,7.5539
0.0841,1.274,3.6135,-1.0364,4.4711,-2.4168,2.8657,4.0381,-5.4655,6.6191,4.1773,5.8107,-0.0857,-1.2457,8.1524
-0.1699,0.6448,2.0999,-1.0547,3.9012,-2.0354,2.4753,2.4267,-5.3308,6.7046,3.4493,4.9549,0.9381,0.0592,7.9327
0.1817,0.4702,0.7891,-0.8405,3.5476,-1.8742,2.5104,0.9325,-4.5338,6.7217,2.7791,4.9376,1.7034,1.7605,6.9387
0.4316,-0.0143,-0.5968,-1.1726,3.092,-1.6377,2.0164,-0.9203,-3.6303,6.0523,2.2474,4.4199,2.7848,3.4236,6.3905
0.4355,-0.0667,-2.1512,-0.7259,2.547,-1.4639,1.3847,-3.2598,-2.891,6.6097,1.5672,3.7359,3.462,5.3038,5.5706
0.3211,-0.7556,-4.5698,-0.3753,1.5677,-1.5588,1.1104,-5.383,-2.4495,6.3184,0.2494,3.5573,4.1028,7.0262,4.699
0.2673,-1.537,-6.7562,-0.1104,0.6444,-1.4816,1.2147,-6.8185,-0.9098,5.6852,-0.9739,2.6226,4.617,8.9729,4.087
0.4989,-2.5867,-8.5408,0.2104,-0.3994,-1.7028,1.0766,-7.9206,0.1281,4.7919,-2.3878,1.19,5.0932,10.3118,2.5385
0.4204,-3.6068,-9.9541,0.8666,-1.3229,-1.305,0.6782,-8.7884,2.2659,3.3953,-3.8375,0.1234,5.1562,11.3409,0.8673
0.3946,-4.6738,-10.4012,1.5673,-2.1514,-1.5533,0.2266,-9.182,4.2514,2.6655,-4.4792,-1.7629,5.6101,11.6302,-1.0327
0.503,-4.8751,-10.8188,1.9608,-2.7644,-1.7547,-0.5683,-9.2795,5.0587,1.9162,-5.031,-3.4401,5.4776,11.6,-2.8218
0.6293,-5.4976,-10.7814,2.3396,-3.0478,-2.0041,-1.0212,-8.782,6.2935,0.5448,-5.0691,-4.6571,5.0368,11.1729,-5.3644
0.7837,-5.4137,-10.2325,2.4231,-3.0294,-2.1718,-1.9065,-8.1952,6.8898,-1.2642,-4.9979,-5.5358,4.6437,10.1516,-6.7013
0.9016,-5.2616,-9.7359,2.5348,-2.6375,-2.4224,-2.9514,-7.4514,6.6868,-2.2032,-4.7135,-5.8534,3.6148,8.6269,-7.6445
0.9659,-4.6235,-8.9548,2.3085,-2.3424,-2.4221,-3.2003,-6.0078,7.2026,-2.6305,-4.1438,-5.897,2.7094,7.3755,-9.2103
1.0363,-4.6044,-7.3337,2.3256,-1.7405,-2.5081,-3.3918,-4.8837,7.1183,-3.4594,-3.4247,-5.5464,1.6972,5.974,-10.0895
1.3443,-3.9084,-6.2061,2.0443,-0.9113,-2.6445,-2.7842,-3.0198,6.3035,-3.1429,-2.9357,-5.0395,0.8918,4.3237,-10.0607
1.3087,-3.5863,-4.8151,1.9015,-0.4581,-2.6725,-2.3771,-1.7276,5.5795,-2.723,-2.4684,-5.0156,0.1787,2.7837,-9.5053
1.1762,-3.2031,-3.6069,1.592,-0.0303,-2.1743,-1.8814,-0.3783,4.8503,-2.6726,-1.4497,-4.4287,-0.4735,1.2983,-8.537
1.1324,-2.5504,-2.5305,1.2125,0.3755,-2.3461,-1.8238,1.1912,4.6093,-2.3964,-0.7856,-3.7219,-0.8713,0.1809,-7.8201
1.0872,-2.782,-1.0424,1.485,0.9395,-2.5194,-1.9672,2.3035,4.1322,-2.1562,0.0694,-2.8417,-1.444,-1.7475,-6.3661
1.1207,-2.6603,0.3086,1.267,1.6229,-2.4432,-1.4285,4.1014,2.8157,-1.3734,0.8268,-2.2322,-2.2913,-3.085,-5.9749
1.1204,-1.6161,1.6945,0.9223,2.1685,-2.4636,-1.1716,5.4701,2.0552,-0.7728,1.5751,-1.5543,-2.7773,-4.7193,-4.7496
1.0372,-0.9238,3.7247,0.3897,3.2123,-2.7156,-0.816,7.1579,1.459,-0.4518,2.5871,-0.5424,-3.1714,-5.9519,-4.1451
0.9056,-0.1693,5.0412,0.0902,3.9449,-3.0618,-0.5663,8.0444,-0.7648,0.08,4.9265,0.5121,-3.3843,-7.3442,-3.0254
0.7752,0.8868,5.8674,-0.1562,4.7027,-3.2198,0.0391,8.1401,-2.6383,0.8565,5.2561,1.9969,-3.3533,-8.0656,-1.553
0.776,1.2224,5.8969,-0.7864,5.2464,-3.2609,0.35,8.3546,-3.5213,1.9946,6.2569,3.6712,-3.6557,-8.1834,0.2654
0.8773,1.8778,6.4113,-1.2262,5.3724,-3.266,1.2312,8.3352,-4.1369,3.4106,6.1691,5.0727,-3.4063,-7.7124,2.5486
0.7181,1.8825,6.346,-1.8214,5.3582,-3.1755,2.1909,7.2782,-5.329,4.4756,5.3537,6.0888,-2.8113,-7.0717,4.1246
0.6543,1.4183,5.5923,-1.7597,5.3283,-3.0737,2.4376,7.0062,-5.1739,5.4863,5.3653,5.5424,-2.1518,-5.5678,5.2941
0.6158,1.4247,4.7129,-1.3706,4.8378,-2.8044,3.0814,6.0663,-5.2017,6.3505,5.0138,6.0318,-1.5309,-4.3395,6.3042
0.3138,1.1474,3.9083,-1.2236,4.1993,-2.5349,2.5224,5.0083,-4.8941,6.8124,4.7552,6.0371,-0.5232,-3.2679,7.5838
0.5036,0.5837,3.2677,-1.2151,4.03,-2.5399,2.1474,3.5854,-4.8398,6.8396,4.6007,5.952,0.1311,-2.0754,7.5265
0.3944,0.7004,1.7525,-1.1201,3.179,-2.3483,2.4413,1.9944,-4.5402,6.9021,3.3753,5.4908,0.6643,-0.6119,7.3272
0.4826,0.3063,0.4467,-0.8808,2.5826,-2.2638,2.0404,0.8313,-3.9536,6.2858,2.5366,5.1514,1.6233,0.9003,6.9169
0.4749,-0.1364,-0.6915,-0.5626,2.1451,-1.8873,1.6881,-1.2466,-3.7147,6.1677,2.3941,4.3864,2.3371,2.7399,6.189
0.3677,-0.5336,-2.4,-0.5455,1.5808,-1.7527,1.7332,-3.2867,-2.5751,6.0013,1.4763,3.8493,2.9144,4.7387,5.5004
0.3098,-1.7113,-4.6576,-0.0499,1.2222,-1.7645,1.5785,-5.0036,-1.7593,5.7541,0.1569,3.1378,3.3761,6.5594,4.7879
0.3726,-2.6139,-6.6561,0.4246,0.354,-1.7612,1.2605,-6.131,-0.5141,6.0733,-1.4918,2.0458,4.272,8.2651,3.925
0.4138,-3.5259,-7.881,0.9249,-0.6749,-1.7595,0.9589,-7.1678,0.9405,5.2978,-2.5369,2.1687,4.8,9.5811,2.4966
0.6231,-4.1666,-8.591,1.3934,-1.751,-2.1964,0.4533,-7.6497,2.284,4.3527,-3.0922,0.2209,4.9053,10.3856,0.7642
0.5442,-4.6134,-9.1246,2.0475,-2.4274,-2.1215,0.2199,-7.9248,3.6159,3.0864,-3.2854,-1.3956,4.9137,10.47,-0.2804
0.6363,-4.5368,-9.3167,2.0601,-2.9126,-2.7353,-0.0701,-7.8774,5.3619,1.8898,-3.2056,-2.771,4.7115,10.7061,-1.1217
0.6389,-4.7867,-9.296,2.2301,-3.018,-2.9177,-0.992,-7.8241,6.1368,0.1656,-3.3842,-3.2944,4.4343,9.7792,-3.2456
0.6685,-5.0142,-8.6974,2.4303,-2.8374,-2.8419,-1.6566,-7.2349,6.4685,-1.0847,-3.0824,-4.0623,4.0204,9.0788,-4.6083
0.8791,-4.8159,-8.7502,2.8634,-2.5984,-3.2055,-2.0985,-6.6103,6.1288,-1.3981,-3.3156,-4.4762,3.4085,8.1023,-6.0482
0.9758,-4.5917,-8.2448,2.4826,-2.2285,-3.2484,-2.1956,-5.243,6.6209,-1.9925,-3.2494,-4.8369,2.7473,7.0872,-7.2636
0.9764,-4.3055,-6.6235,2.1686,-2.0693,-3.4688,-2.0792,-4.1104,6.5345,-2.5527,-3.0549,-4.9205,1.8675,5.6406,-8.0088
1.0874,-4.2554,-5.6434,2.2357,-1.5447,-3.6057,-2.5868,-2.2383,5.9449,-2.8392,-2.2186,-5.0152,1.2419,4.5967,-8.3422
1.231,-3.1231,-4.4435,2.334,-1.1756,-3.3785,-2.8814,-1.021,5.7213,-3.3744,-0.9389,-4.461,0.6143,3.0024,-8.5778
1.1239,-2.486,-3.2946,2.1382,-0.4052,-3.3889,-2.5258,0.0653,4.3938,-3.0674,-0.6469,-3.4301,-0.1077,1.519,-8.6066
1.1193,-2.7842,-2.4043,2.1977,0.0816,-3.6391,-2.4972,1.3593,4.0531,-3.0039,-0.1188,-2.8113,-0.9677,0.3586,-8.6856
1.114,-2.2787,-0.9549,1.675,0.5069,-3.8772,-2.5461,2.8821,3.5765,-2.6268,0.5267,-2.2544,-1.8195,-1.2631,-7.6795
1.1003,-1.9496,0.542,1.4906,0.9934,-3.5898,-2.3035,4.6824,3.3848,-2.4338,1.5403,-1.4791,-2.7257,-2.8331,-6.8272
1.01,-1.4643,2.1908,1.5133,1.8783,-3.5169,-1.9004,6.8222,2.1958,-2.1687,2.6755,-0.3216,-3.7372,-4.6607,-5.8826
1.0251,-0.3533,3.9161,1.0857,2.8382,-3.4317,-1.5631,8.027,0.8203,-1.2624,3.7165,0.3858,-3.9332,-6.3072,-4.5801
1.1482,0.4147,5.1725,0.4394,3.8428,-3.6972,-1.3247,8.7877,-0.0312,-0.6939,4.7878,1.7896,-4.4846,-7.2371,-3.3371
1.1865,1.3543,6.3363,-0.039,4.1204,-3.4752,-0.9212,9.2298,-1.7185,-0.0058,5.3845,3.0323,-4.7932,-8.3305,-2.162
1.0368,1.4866,6.7508,-0.4705,5.0652,-2.9724,-0.4409,9.8105,-2.8457,0.9043,5.5952,4.0075,-4.6348,-8.2634,-1.0313
0.9433,1.4855,6.9572,-0.0246,5.3804,-3.3167,0.1905,9.7609,-4.2654,2.5463,6.3977,5.6412,-4.3915,-8.3342,1.173
0.7395,2.0228,6.577,-0.3902,5.5256,-3.3208,0.9885,9.5387,-4.7251,4.2816,6.9733,6.1718,-3.9726,-7.7882,3.1485
0.513,2.0327,6.751,-0.8475,5.0245,-2.9906,1.6112,8.4102,-5.0434,4.9737,6.9683,7.0407,-3.3801,-7.1099,5.2594
0.449,1.823,5.8306,-1.0711,4.9396,-2.6957,2.0707,7.4186,-5.6644,5.8824,6.4975,7.6644,-2.7291,-5.8807,6.5657
0.4078,1.9822,4.7451,-1.1074,4.6091,-2.7492,2.2044,6.3698,-5.7929,6.0456,5.5942,7.9378,-1.965,-4.4071,7.0923
0.2722,1.5924,3.7067,-0.9658,4.0527,-2.9655,2.2577,5.7742,-4.8498,6.1561,4.4233,7.3899,-1.255,-2.7622,7.8684
0.1887,0.7886,3.0602,-0.8485,3.5881,-2.7031,2.2465,4.8589,-4.0222,5.9614,4.0817,6.4296,-0.8348,-1.715,7.5205
0.1498,0.3602,2.2071,-0.9524,3.3843,-2.6437,1.8836,3.2419,-4.3131,6.0809,3.274,5.8015,0.0524,-0.8314,7.0276
0.224,0.1476,1.2488,0.1758,2.9801,-2.5156,1.8156,2.1651,-3.6044,6.5328,3.3503,5.0602,0.3947,1.0161,6.7763
0.1874,0.0051,0.34,0.1781,2.4047,-2.267,1.6845,0.6045,-3.2128,6.2668,2.8786,4.5986,1.256,2.131,6.6309
0.5216,-0.6247,-0.7158,0.437,1.9093,-2.4257,1.8229,-1.4414,-2.9286,5.9404,2.4351,4.207,2.2715,3.3654,5.8627
0.2879,-0.5994,-2.5244,0.3791,1.3309,-2.3667,1.8101,-3.1774,-1.7515,5.7578,1.7394,4.1625,2.8869,5.0564,5.1898
0.2317,-1.0452,-4.7347,0.329,0.5445,-2.0111,1.0519,-5.0114,-0.9161,5.3166,0.4418,3.1084,4.0831,6.6524,4.3536
0.57,-1.79,-6.5917,0.7499,-0.3419,-1.9235,1.2734,-6.4024,0.2508,4.6775,-1.2334,2.4068,4.3326,8.2912,2.6562
0.5698,-2.805,-7.7681,1.2109,-1.1793,-1.8524,0.9325,-7.2896,1.4134,3.9786,-2.7754,0.6432,4.8136,9.4375,1.525
0.4676,-3.53,-8.6821,1.7151,-1.9338,-1.9851,0.5093,-7.4025,3.3386,2.8434,-3.7718,-1.0327,4.716,10.3895,0.23
0.7363,-3.909,-9.236,2.1492,-2.3744,-2.0337,-0.0647,-7.7826,5.0074,1.7117,-4.194,-2.6919,5.0627,10.4444,-1.639
0.7748,-4.41,-9.2848,2.5304,-2.5716,-2.2246,-1.0879,-7.8707,5.6049,0.3779,-3.9059,-3.7441,4.6632,10.2311,-3.0571
0.9445,-4.7732,-9.1973,2.846,-2.4657,-2.5781,-1.8551,-7.0627,6.7715,-1.1615,-4.0411,-4.063,4.1706,9.5933,-5.5878
0.9469,-4.9325,-8.6736,2.8332,-2.2163,-2.7146,-2.1174,-6.4471,7.2951,-1.662,-3.9787,-4.769,3.5022,8.3794,-6.6297
1.1777,-4.7892,-7.8088,2.8658,-1.9926,-3.0552,-1.9473,-5.4039,7.0762,-2.2611,-3.6389,-4.7774,2.6374,6.79,-7.5272
1.3708,-4.6056,-6.4353,2.8062,-1.7746,-2.8956,-2.1278,-3.749,6.8915,-2.2467,-3.3767,-5.0514,2.1264,5.7952,-8.2562
1.4769,-4.2985,-5.2355,2.5316,-1.5644,-3.0884,-2.2487,-2.4221,6.4156,-2.3948,-2.9057,-4.6813,1.5083,4.2439,-8.3213
1.5592,-3.8891,-4.3615,1.8171,-0.7415,-3.4638,-2.3472,-0.7713,6.0527,-2.6122,-2.228,-4.4006,1.0375,3.124,-8.5365
1.5726,-3.5092,-3.1423,1.8247,-0.4862,-3.4181,-2.2309,0.3839,5.668,-3.0436,-1.3806,-3.9959,0.1807,1.6385,-8.3609
1.5894,-2.5426,-2.3056,1.832,0.4428,-3.5734,-1.8143,1.7136,5.071,-2.7702,-0.8085,-3.3168,-0.8766,0.356,-8.1601
1.5251,-2.3732,-0.7978,1.6449,1.1235,-3.4427,-1.5244,3.0682,4.4786,-2.6657,0.0056,-2.469,-1.5632,-1.5319,-7.5368
1.6418,-1.6019,0.8301,1.3401,1.7399,-3.7347,-1.7288,5.0027,3.7201,-2.0724,0.6162,-1.8381,-2.4558,-3.2915,-6.147
1.4726,-1.1444,2.4514,1.0672,2.4645,-3.479,-1.1171,6.7669,2.3788,-1.3979,1.683,-1.2685,-3.019,-4.7499,-4.6893
1.4303,-0.5433,3.9814,0.7944,2.6434,-3.8452,-0.4874,8.156,1.5438,-0.7691,2.9955,-0.1338,-3.2112,-6.6144,-3.9243
1.3176,0.171,5.3195,0.5113,3.5165,-3.5565,-0.4975,8.3437,-0.3531,-0.5326,4.5095,1.0275,-3.2869,-7.7177,-2.4364
1.2125,0.8785,5.9109,0.0199,4.4558,-3.3924,-0.3082,8.9514,-1.5768,0.3181,5.2209,2.6399,-3.6011,-7.9252,-1.0968
1.1827,1.6792,6.1607,-0.6228,4.8708,-3.4329,0.1127,9.0886,-2.9558,1.4316,5.1744,6.3082,-3.8294,-8.1308,0.6249
0.9477,1.4881,5.992,-0.8908,5.1952,-3.1963,0.9334,9.2624,-3.5935,2.5526,5.4663,6.0723,-3.7877,-7.6291,2.5031
0.8073,1.8424,6.2201,-1.0174,5.1921,-2.9696,0.8596,8.8144,-3.9635,3.5909,5.5393,6.3808,-3.3226,-7.0843,3.751
0.951,1.8324,5.8628,-1.2131,4.8671,-3.1486,1.4614,8.2124,-4.3988,4.6219,4.5663,6.4047,-2.9478,-6.3855,4.3585
0.7328,1.5594,5.0759,-1.259,4.8856,-2.9305,1.7264,7.9877,-4.205,4.5883,4.7306,5.9242,-2.392,-5.3078,5.1283
0.7264,0.9773,4.7327,-1.3658,4.5386,-3.0064,2.2832,7.2492,-4.0507,5.1722,4.5945,5.8088,-2.0469,-4.6076,5.7335
0.8372,0.8903,4.21,-0.9504,3.9716,-2.9598,2.3279,6.2307,-3.6095,5.6391,4.1139,6.1305,-1.3737,-3.7391,6.0568
0.8826,0.8215,3.5719,-0.8603,3.5832,-2.7923,2.272,5.3499,-3.7308,5.5762,4.3103,5.3615,-0.6647,-2.8551,6.4379
0.8082,0.6508,2.6221,-0.7128,3.7479,-2.8195,1.9947,4.5583,-3.6071,5.7738,4.2225,5.4835,-0.2145,-1.9674,6.8214
0.8346,0.462,1.9753,-0.6422,3.4482,-2.6688,1.8784,3.0538,-3.455,5.9954,3.8234,5.5942,0.2882,-0.9789,6.9123
0.6412,0.1178,0.4561,-0.5781,2.8498,-2.3342,2.2061,1.8236,-3.1949,5.9705,3.2858,4.8767,0.8828,0.4419,6.9672
0.8345,0.1484,-0.7184,-0.5602,2.5747,-2.6378,2.0336,0.5576,-2.6198,6.0819,2.5623,4.2355,1.6277,1.9216,6.3804
0.7759,-0.6478,-1.7174,-0.2196,1.9709,-2.4151,2.3359,-1.1285,-1.951,5.9879,1.9253,3.9699,2.4508,3.5181,5.8139
0.8633,-0.7814,-3.54,0.2234,1.9332,-2.1612,1.6384,-2.75,-0.9939,5.9622,1.4607,3.3803,3.2469,4.9371,5.6179
0.9535,-1.5288,-4.9062,0.4662,0.8194,-1.4896,1.2443,-4.7313,-0.4693,5.6071,0.8305,2.4691,4.0106,6.0633,4.5799
0.7983,-2.3875,-7.2855,0.398,-0.1386,-1.4867,0.9775,-6.2149,0.4368,4.8137,-1.174,1.8243,4.0372,7.325,3.2994
0.8425,-3.0954,-8.8889,0.7992,-1.2627,-1.6013,0.5808,-6.6507,2.3734,4.0379,-2.8259,-0.143,4.4204,8.6239,1.9509
1.0127,-4.1682,-9.6784,1.4017,-2.021,-1.5488,0.5904,-7.0159,4.664,2.7935,-3.7075,-1.641,4.5437,9.3783,0.1777
1.1782,-4.9918,-11.0524,1.9115,-2.5692,-1.6579,-0.2301,-6.8604,6.0643,1.4106,-4.0536,-3.1596,4.6364,9.5814,-1.1889
1.2617,-5.0545,-9.965,2.3804,-3.0602,-1.6375,-0.9736,-6.374,6.8509,0.4264,-4.4351,-3.8165,4.2942,8.8868,-3.1869
1.5813,-4.9733,-8.8113,2.4379,-3.1011,-2.137,-1.9101,-6.1429,7.3858,-1.1887,-4.1118,-4.7892,3.9832,8.1121,-5.2685
1.6942,-4.9413,-8.1857,2.1875,-2.6814,-2.0839,-2.3941,-5.2807,7.4186,-2.2714,-3.5997,-5.0984,3.4539,6.9746,-7.0406
1.7197,-4.4557,-7.366,2.627,-2.0171,-2.1967,-2.5194,-4.0343,8.4629,-2.6265,-3.4203,-4.9576,2.5879,5.9604,-8.3695
1.808,-4.1974,-6.6904,2.5039,-1.3554,-2.6275,-1.8456,-2.5978,7.357,-2.9312,-2.7002,-4.9142,1.7758,4.0978,-8.5238
1.7782,-3.5054,-5.2453,2.3946,-0.8082,-2.9696,-1.7597,-1.0126,6.9892,-3.069,-2.0011,-5.0472,1.1008,2.595,-8.496
1.8686,-3.5606,-3.7368,2.3478,-0.4619,-3.1146,-1.656,0.6205,6.2107,-3.5586,-1.3941,-3.9051,0.2946,0.7735,-8.224
1.9593,-3.2355,-2.0158,2.3202,0.0881,-3.2963,-1.4581,2.2699,5.4678,-3.0515,-0.4882,-3.432,-0.7163,-1.0432,-7.6035
1.8555,-2.5917,-0.7503,1.9264,0.7852,-3.4445,-1.2125,4.5186,5.0699,-2.5582,1.0807,-2.158,-1.5737,-3.0884,-6.7002
1.9641,-2.1875,1.5209,1.8398,1.4041,-3.4035,-0.953,6.3054,4.1888,-2.3168,1.865,-0.7987,-2.4741,-5.2071,-5.8309
1.8344,-1.6315,3.8091,1.7133,2.216,-3.6073,-0.5661,8.0693,2.6931,-1.6838,3.0062,-0.1941,-2.7979,-6.9292,-4.5403
1.945,-0.3383,5.1511,1.1786,3.1797,-2.947,-0.1282,9.2041,0.821,-0.9442,4.9543,1.0584,-3.4392,-8.0178,-2.799
1.7549,0.9145,6.4199,0.0413,4.2234,-2.8378,0.0538,9.2025,-0.8564,0.1483,5.4749,2.7526,-3.6571,-8.7329,-1.045
1.7178,1.1843,6.7573,-0.4735,4.6871,-2.9059,0.6274,9.8192,-2.1377,1.072,5.9506,4.1932,-3.5235,-8.8018,0.8936
1.6745,1.7319,6.9168,-0.8463,5.2245,-3.7462,0.9362,10.378,-3.2437,2.3863,5.9458,5.316,-3.4261,-8.5595,2.9316
1.509,2.0855,7.065,-1.5016,5.4599,-3.6387,1.5603,9.7794,-3.4646,3.2586,6.0594,6.2062,-3.2727,-8.344,4.2738
1.4018,1.2251,7.0163,-1.0618,5.7597,-3.149,1.8231,9.2186,-4.2371,4.8134,6.0589,7.1495,-2.7387,-7.5135,5.3667
1.242,1.9652,6.3235,-1.0679,5.5648,-3.0605,1.7025,7.442,-5.4912,6.317,5.6325,7.2693,-2.0595,-6.4772,6.7923
1.0451,1.8036,4.8748,-0.7103,4.9656,-2.8442,2.1807,6.7643,-4.4041,7.0072,5.5318,7.7437,-1.722,-4.6994,7.5343
0.9521,1.3894,4.0314,-0.6207,4.6277,-2.7021,2.4591,5.6521,-4.4649,7.0341,5.1936,7.3403,-1.1381,-3.1988,7.6298
0.8599,1.1293,2.9045,-0.7102,4.2617,-2.358,2.8226,5.0046,-3.7647,7.0645,4.2805,6.8883,-0.5995,-1.8196,7.6704
0.6642,0.6213,1.8766,-0.5807,3.4333,-1.9018,2.6928,3.192,-3.5925,6.6281,3.5327,6.1157,0.3883,-0.1972,7.645
0.616,0.2887,0.7743,0.2369,2.9972,-1.9725,2.4775,1.6417,-3.0832,6.6152,2.9286,5.675,1.1186,1.3166,7.3853
0.6328,-0.0115,-1.1245,0.3388,2.6828,-1.8426,2.407,0.3936,-2.5926,6.5435,2.2095,4.7637,1.7413,3.0328,6.7309
0.7466,-0.7864,-2.5751,0.3075,1.8859,-1.824,2.2824,-1.5204,-1.9121,5.8121,1.2947,3.8123,2.9405,4.4511,6.231
0.6664,-1.7244,-4.2369,0.8394,1.4746,-1.7914,1.9616,-3.689,-1.3618,5.572,0.488,2.6749,3.8193,6.0849,5.1227
0.8027,-2.3959,-5.9763,0.8218,0.3529,-1.7764,1.4946,-5.1388,0.5329,5.4982,-0.9941,1.9494,4.6898,7.6167,4.1711
0.7956,-3.1888,-7.3663,1.5218,-0.7902,-1.7185,0.9156,-6.4537,1.9105,4.8591,-2.0171,0.8266,5.1573,8.8283,2.9592
0.8929,-3.9358,-9.0018,1.8687,-1.6144,-1.7609,0.5674,-7.2138,3.1288,4.0977,-2.8721,-0.6922,5.4842,9.8992,1.6991
0.932,-4.6632,-9.4721,1.8268,-2.6058,-1.9553,0.3776,-7.9283,4.6395,3.0374,-3.5929,-1.7742,5.3731,10.7342,0.4098
1.034,-4.8114,-10.2408,2.1176,-2.8156,-2.076,-0.0765,-8.2573,5.948,2.1693,-4.2918,-3.1749,5.3504,10.9287,-1.6503
1.088,-5.1447,-9.9909,2.7358,-3.0523,-2.8728,-0.8801,-8.0058,7.0719,0.5669,-4.5418,-4.2224,4.9575,11.2601,-3.761
1.413,-5.1753,-9.9818,3.2144,-3.197,-2.7917,-1.6867,-7.8153,7.3191,-0.5104,-4.0977,-5.0738,4.6435,10.3976,-5.207
1.5057,-5.4557,-9.9104,3.308,-2.786,-2.8083,-2.2564,-7.4019,7.7175,-1.6952,-3.8737,-5.3328,4.2261,9.4984,-7.0523
1.768,-5.1977,-9.5762,3.3038,-2.5453,-2.8579,-2.3635,-6.4588,8.2729,-2.2044,-4.0405,-5.4003,3.436,8.1333,-8.3208
1.7695,-5.7081,-8.8296,3.5311,-2.3438,-2.9728,-2.589,-4.9635,8.445,-2.4651,-3.6946,-5.1144,2.8999,6.6998,-8.9083
1.9109,-5.1165,-7.2941,3.4208,-2.0168,-3.1134,-2.4554,-3.3968,8.1993,-2.9731,-2.798,-5.1917,1.8811,5.2243,-8.8491
1.9228,-4.6453,-5.7421,2.8847,-1.4347,-3.5755,-2.3207,-2.5329,7.5571,-3.4104,-2.1309,-4.789,1.4551,3.3886,-9.0288
1.868,-4.0784,-4.4322,2.4916,-0.8185,-4.0383,-1.9377,-0.1639,6.5254,-3.0752,-1.7907,-4.3577,0.5241,2.0343,-8.4662
1.9045,-3.5676,-3.1461,2.2908,-0.3285,-3.9743,-2.0355,1.612,6.0929,-3.2643,-1.1798,-4.1229,-0.62,0.6184,-8.2183
2.164,-3.679,-1.7068,2.3671,0.1563,-4.1726,-1.7444,3.7291,6.0124,-3.0039,0.1352,-3.4789,-1.5316,-1.0281,-7.635
1.9621,-2.9477,0.2731,2.2699,0.7021,-4.3834,-1.2886,5.875,5.486,-2.4173,0.9398,-2.7298,-2.3301,-3.1858,-7.387
1.8722,-2.2813,2.2495,2.1155,1.4645,-4.0555,-1.2572,7.6106,4.1439,-2.4399,2.5005,-1.7027,-3.0802,-5.2344,-6.3513
