x0,x1,x2,x3,x4,x5,x6,x7,x8,x9,x10,x11,x12,x13,x14
0.2768,-0.3893,3.7084,0.4995,0.612,-1.3055,-1.7869,5.2065,2.1371,-4.7258,1.4092,-2.4996,-3.7445,-5.7012,-6.6402
0.3744,0.7596,5.5223,0.0572,1.5541,-1.5363,-1.2773,7.1437,0.9265,-3.9322,2.6641,-1.3344,-4.3381,-6.9857,-5.5745
0.3883,0.609,7.2006,-0.0784,2.5196,-1.7109,-0.6162,8.6895,-0.0352,-3.2186,3.9475,0.1009,-4.5907,-8.6886,-4.1904
0.211,1.9193,8.7457,-0.533,3.7217,-1.4419,-0.4343,9.485,-1.7998,-1.6084,4.9162,1.5652,-4.9818,-10.0591,-1.8864
-0.3153,3.2463,9.3621,-1.0804,4.0306,-1.1506,0.211,10.3571,-3.7769,-0.334,5.4289,3.3668,-5.1022,-10.7107,-0.0386
-0.4377,3.3289,9.6492,-1.5419,4.3374,-0.7861,0.9029,9.7343,-5.643,0.1002,5.9832,4.5995,-4.6713,-10.9517,1.7927
-0.3378,3.4982,9.2654,-1.7961,5.5931,-0.7399,1.7292,9.5416,-5.8983,1.8928,5.9647,5.5714,-4.2958,-9.8725,3.4539
-0.8544,3.6582,8.6,-1.8993,4.8634,-0.6543,2.5133,9.0214,-5.9747,3.5751,5.7148,6.2192,-3.6823,-9.4872,5.5117
-0.6306,3.2661,8.4386,-1.9659,4.6906,-0.2683,2.8458,7.8878,-6.7339,3.9427,5.4914,6.3676,-2.9252,-8.59,6.9318
-0.8318,3.4633,7.3335,-1.967,4.1612,-0.032,3.0743,6.8573,-6.3317,4.9179,5.1716,6.4715,-2.1752,-6.9127,7.8059
-1.1029,2.6557,6.5549,-1.7214,3.6471,0.5543,2.9928,5.1345,-6.4113,4.7963,4.6659,6.4759,-1.0734,-5.6391,8.2818
-0.9277,2.2105,5.3324,-1.5766,3.0522,0.9032,2.9036,3.3444,-6.1086,5.22,4.2777,6.0059,-0.1987,-3.8582,8.9092
-1.057,2.5543,3.0336,-1.4394,2.8441,1.1028,3.3066,1.7484,-5.964,5.8243,3.5548,5.6316,0.6077,-1.829,8.9524
-0.9555,2.0633,1.5868,-1.5399,2.0595,0.9377,2.9883,0.3575,-4.5874,5.4761,2.3475,5.0719,1.624,-0.2561,8.2007
-1.0317,1.4735,0.5915,-1.3393,1.4515,1.0116,2.8107,-1.6767,-3.9206,5.1391,1.5133,4.0624,2.4171,1.4559,7.1234
-0.9111,0.8732,-0.8302,-1.0984,0.958,0.7267,2.7897,-3.3628,-3.1205,4.6307,0.802,3.3147,3.0991,3.3371,6.1771
-0.8794,-0.1644,-2.8808,-0.7808,0.3393,0.8502,2.2082,-5.9788,-2.5083,4.5212,-0.1265,2.1615,4.1193,5.0862,5.4328
-0.7985,-0.834,-5.3932,-0.3449,-0.6501,0.8155,1.9072,-7.1424,-0.8313,4.317,-1.5423,1.3181,4.3039,7.0383,4.4262
-0.4343,-1.5398,-6.5801,-0.0153,-1.9153,1.0484,1.3736,-8.6597,0.6828,3.3871,-2.7118,0.0202,4.9646,8.375,3.0302
-0.2931,-2.1818,-7.6619,0.32,-2.7464,0.7066,0.9573,-9.5063,2.258,2.514,-3.9667,-1.5669,5.216,9.5306,1.5639
-0.3729,-2.9792,-8.4833,0.9395,-3.3158,0.6407,0.337,-9.6166,3.8357,1.2891,-4.5828,-3.3082,5.2432,10.2762,0.2515
-0.2421,-3.1209,-8.5401,1.1647,-3.4883,0.4402,-0.095,-9.7534,4.4775,0.4313,-4.7784,-4.489,4.983,9.9933,-1.6736
-0.28,-3.5289,-8.4543,1.1838,-3.9849,0.1761,-0.7782,-9.4558,5.3667,-0.9826,-4.9233,-5.5096,4.6931,9.5898,-3.6119
0.1161,-4.0484,-8.3247,1.5426,-3.8249,-0.0944,-1.4929,-8.6086,5.8712,-2.3446,-5.0711,-6.0488,4.2561,9.1952,-5.5707
0.4074,-3.4462,-7.8377,1.6047,-3.6629,-0.3126,-1.9776,-8.047,5.8224,-2.846,-4.7893,-6.3751,3.4745,8.2896,-6.7677
0.1535,-3.1386,-7.1791,1.7989,-2.7447,-0.2639,-2.3801,-7.1715,6.6399,-3.3766,-4.5028,-6.6336,2.7205,7.2751,-7.601
0.1938,-3.1115,-6.4343,1.7744,-2.574,-0.2685,-2.4552,-7.2008,5.6976,-3.8319,-3.8771,-6.3764,2.2602,5.5594,-8.0378
0.6596,-2.4192,-6.0737,1.6305,-2.4504,-0.471,-1.9706,-5.7183,5.5004,-3.7846,-3.8698,-6.2779,1.4667,4.1729,-8.3577
0.5229,-2.5108,-5.2942,1.4483,-2.0016,-0.6758,-2.2736,-4.2923,5.6025,-4.1584,-3.3472,-6.0874,1.2096,3.0515,-8.381
0.5407,-2.7507,-3.7921,1.5476,-1.842,-0.6675,-2.2448,-2.6061,5.614,-4.2449,-2.6815,-5.7704,0.2911,1.5481,-8.4472
0.3689,-2.3527,-2.627,1.4609,-1.801,-0.7202,-2.1773,-0.6725,4.9728,-4.4203,-2.4529,-5.5207,-0.6355,-0.201,-8.6031
0.5477,-2.2606,-0.91,1.5543,-1.2258,-0.7309,-1.9698,1.1812,4.3263,-4.9686,-1.2762,-4.6613,-1.7098,-1.8763,-8.2505
0.4643,-1.3369,0.9217,1.0641,-0.2818,-0.9862,-1.7495,3.8295,3.7836,-4.5008,-0.1566,-3.9905,-2.7638,-3.7809,-7.2246
0.6206,-0.1473,3.8174,0.7203,0.5779,-1.2218,-1.507,5.7188,2.5342,-4.2114,1.2285,-3.2126,-3.6168,-6.0327,-6.2288
0.6476,0.6616,5.8668,0.471,1.5579,-1.0256,-1.0769,7.1102,0.8025,-3.8057,3.0513,-2.1199,-4.255,-7.8857,-4.8425
0.4321,1.452,7.5886,0.1601,2.7676,-0.9796,-0.6818,7.9146,-1.1515,-2.7133,4.5841,-0.6959,-4.6056,-9.1156,-2.7447
0.1584,2.6673,8.1607,-0.4282,3.6182,-0.8798,-0.6661,8.579,-3.0527,-1.3667,5.2967,1.0267,-4.5562,-9.8064,-0.955
0.0296,2.9908,9.1698,-0.9179,4.0818,-0.9095,0.1913,8.9893,-4.0391,-0.593,6.0456,2.8745,-4.7888,-10.1283,0.5652
-0.0556,3.2674,9.1505,-1.4306,4.6832,-1.2567,0.707,9.0042,-5.2844,0.7442,6.075,4.1793,-4.8678,-10.1571,2.539
-0.1094,3.6745,8.8281,-1.7613,4.6474,-0.8882,1.4588,9.2789,-5.5552,2.071,6.0443,5.0045,-4.4051,-9.7179,3.9174
-0.43,3.9414,8.5733,-2.0003,4.6147,-0.7752,2.068,8.5985,-5.9424,2.8186,5.7661,5.3759,-4.1865,-9.1916,5.555
-0.1962,3.47,8.6504,-1.7419,4.2039,-0.5847,2.4485,8.02,-6.2113,3.4015,5.4683,5.6301,-3.78,-8.2104,6.4738
-0.4147,3.1659,7.7011,-1.8,3.7777,-0.5579,2.5969,7.4578,-6.2798,3.8443,5.3422,5.5231,-2.8243,-7.1169,7.1936
-0.3779,3.3438,7.3261,-1.9093,3.6644,-0.3505,3.0233,6.0852,-6.1815,4.3517,4.9816,5.6801,-2.1451,-5.8657,7.4833
-0.6129,2.631,6.1743,-1.8815,3.292,-0.0057,3.0852,5.0182,-6.154,4.6279,4.7125,5.3134,-1.5284,-4.4332,8.1588
0.061,2.6945,5.3859,-1.8421,3.0116,-0.4402,3.3011,3.7179,-5.5579,5.2301,4.337,5.3065,-1.0409,-2.8754,8.3244
-0.1787,2.6137,4.4598,-1.7328,3.0741,-0.0916,3.2919,1.8881,-6.0178,5.6528,3.8031,5.0217,0.3187,-1.5167,8.6558
-0.5296,2.427,2.8378,-1.5244,2.4517,0.0811,3.0819,0.9474,-5.3322,5.7366,3.2075,4.5184,0.9264,0.0347,8.7391
-0.7182,1.9376,1.595,-1.0467,1.6731,0.0498,2.8203,-0.8809,-4.9363,5.4103,2.5091,3.9338,1.7822,1.5765,8.3779
-0.809,1.0731,0.0722,-0.7806,0.8726,0.3444,2.507,-2.9213,-4.2038,4.9006,1.6658,3.5204,2.4519,3.389,7.5885
-0.3687,0.9166,-1.7948,-0.7979,0.2802,0.2165,2.1649,-4.9672,-3.4464,4.3792,0.5397,2.5692,3.011,5.3352,6.1097
-0.393,0.7604,-4.4499,-0.6633,-0.3764,0.2746,1.9893,-6.2415,-1.8444,3.818,-0.9185,1.3083,3.8531,7.0505,4.6696
-1.0549,-0.76,-5.805,-0.2606,-1.2482,0.7085,1.424,-7.5591,-0.5856,2.9097,-2.3604,0.1244,4.3601,8.1945,2.9754
-0.7601,-1.8461,-7.0818,0.2085,-2.9381,0.7295,0.8842,-8.8475,1.2529,1.3112,-3.587,-1.4336,4.8096,8.967,0.9472
-0.3713,-2.6559,-8.4096,0.6698,-3.3705,0.6131,0.059,-9.3158,2.8638,0.0525,-4.203,-3.3426,4.867,9.7331,-1.0284
-0.6498,-2.8669,-8.7981,1.0878,-3.6613,0.8212,-0.6579,-9.4944,4.5318,-1.0146,-4.901,-4.7406,4.7524,9.9882,-3.3283
-0.0399,-3.2967,-8.6271,1.5407,-3.8088,0.4237,-0.9053,-9.0427,5.6236,-2.5307,-4.8392,-5.9331,4.4236,9.16,-5.5711
0.0136,-3.9016,-8.0098,1.8273,-3.403,0.5455,-1.3867,-7.9772,6.6703,-3.635,-4.6608,-6.5007,3.6272,8.1465,-7.2255
0.1324,-3.732,-7.4192,2.0332,-3.2096,0.2001,-1.9042,-6.8582,6.4301,-4.1158,-4.1534,-7.0817,2.9112,6.6254,-8.1939
0.3987,-3.801,-6.3304,2.4654,-2.4954,-0.1184,-1.7539,-5.4976,6.625,-4.3691,-3.6239,-7.1648,2.2375,5.1408,-8.9259
0.0027,-3.1017,-5.3844,2.0746,-2.1867,0.3299,-1.9941,-4.2448,6.3013,-4.4517,-2.8688,-7.0067,1.2237,3.4903,-9.3313
0.1395,-2.6101,-4.0252,1.8232,-2.0303,0.41,-1.8691,-2.7012,5.8187,-4.8334,-2.1553,-6.5224,0.4827,1.898,-9.2964
0.3705,-1.4276,-2.3047,1.4168,-1.7161,0.0157,-1.6579,-1.818,5.1347,-5.117,-1.5162,-5.6307,-0.1028,0.6408,-9.379
0.6599,-1.5847,-0.9835,1.3544,-0.8106,-0.2077,-2.1183,-0.3258,4.373,-5.4758,-0.4961,-5.2079,-1.0529,-0.6088,-9.0797
0.4127,-1.2909,-0.132,1.29,-0.0063,-0.253,-1.5229,1.2267,3.7277,-4.6321,0.0356,-4.7713,-1.9374,-2.2247,-8.2027
0.3298,-0.6303,1.4343,0.878,0.3777,-0.508,-1.3943,3.5411,3.3839,-3.8719,0.6446,-3.8481,-2.5861,-3.9832,-7.4516
0.2108,-0.1331,3.4005,0.6819,1.1604,-0.6412,-1.0474,5.4074,2.15,-4.0941,1.7075,-2.8572,-3.225,-5.8525,-6.1476
0.1113,1.0142,5.0484,0.2515,2.0708,-0.9263,-0.6925,6.7041,1.0213,-3.4495,2.776,-1.6419,-3.881,-7.3177,-5.1957
0.0855,1.2263,6.2221,-0.1881,2.9489,-1.0463,-0.4255,8.1588,-0.1814,-2.9069,3.8553,-1.403,-4.3938,-8.5986,-3.9868
-1.0949,2.0591,7.0166,-0.5525,3.955,-0.007,0.1134,9.0133,-1.4047,-1.6428,4.9366,0.2623,-4.7814,-9.5826,-2.2641
-0.5461,2.1847,8.6031,-0.8031,4.2321,0.1359,0.8085,9.3276,-2.7832,-1.1086,5.7284,1.8649,-4.7997,-10.4187,-0.3208
-0.5318,2.9329,8.8873,-1.1035,4.2437,0.2292,1.6173,9.4623,-4.308,-0.0041,6.3032,3.3578,-4.4997,-10.7696,1.4795
-0.4161,3.1162,8.997,-1.4765,4.4357,0.2291,2.1508,9.595,-5.341,0.9635,6.5753,4.3844,-4.1635,-10.2007,3.2406
-0.685,3.346,8.6792,-1.8426,4.5577,0.3873,2.4766,8.7823,-5.9554,2.0551,6.5372,5.1847,-3.6779,-9.0905,4.7118
-0.7408,3.2128,8.4023,-1.8492,4.3286,0.5922,2.9808,7.3751,-6.272,3.0407,6.4463,5.7248,-2.9605,-8.1471,5.6544
-0.5397,3.5327,7.0311,-1.971,4.2005,0.7534,3.1955,6.1524,-6.5812,3.9777,5.8904,6.0852,-2.2038,-6.6083,7.0329
-1.0719,3.2926,5.5733,-1.9274,3.7573,1.0298,3.386,4.7459,-6.3981,4.5897,5.1464,6.1248,-1.3245,-4.8975,8.2099
-0.8044,2.6042,4.5208,-1.8008,3.0392,1.1698,3.535,3.5105,-6.3422,4.7792,4.2495,5.6832,-0.9885,-3.2368,8.1192
-0.7577,1.9644,3.3453,-1.7482,2.6669,1.2325,3.8857,2.3538,-5.3819,4.7998,3.3308,4.805,-0.2104,-1.3039,7.747
-0.8285,1.3264,1.7806,-1.0713,2.4445,1.3201,3.6952,0.4585,-4.7133,5.0833,2.9447,3.681,0.991,0.2318,7.6843
-0.6691,1.0454,0.6391,-0.8267,1.6883,1.2733,3.5421,-1.4098,-4.1896,5.3261,2.2453,3.1112,2.0757,1.7887,7.5265
-0.6574,0.516,-1.0067,-0.8935,1.1677,1.3325,3.2906,-3.699,-3.367,5.2886,1.5905,2.583,2.7727,3.6342,7.013
-0.5126,0.23,-3.4275,-0.6668,0.2575,1.1049,2.9492,-5.4786,-2.5734,5.0113,0.5365,1.8069,3.7631,5.4719,6.1362
-0.706,-0.5158,-6.0303,-0.5299,-0.9127,1.2231,2.5062,-7.6806,-2.0137,4.4569,-1.1199,0.7871,4.0566,7.1533,4.7204
-0.3389,-1.4472,-7.7855,-0.0011,-1.8896,0.7236,2.2243,-8.3892,0.4776,3.3298,-2.7886,-0.2207,4.897,8.8177,3.082
-0.1975,-2.7387,-8.5948,0.6479,-3.2439,0.7467,1.7204,-8.7804,2.5912,2.1077,-3.7472,-1.9992,5.1885,9.8716,1.3664
-0.5918,-3.315,-9.3204,1.1955,-4.0075,0.8632,0.8869,-9.498,3.6132,0.584,-4.2857,-3.8614,5.2866,10.1043,-0.843
-0.1279,-3.6413,-9.4843,1.7015,-3.9567,0.6758,0.1489,-9.0761,4.9288,-0.5662,-4.4905,-5.1141,4.8926,10.2088,-2.8594
0.0954,-3.4633,-8.9307,1.5279,-3.9154,0.6619,-0.6081,-8.9435,5.4024,-1.9671,-4.6341,-6.3006,4.3388,9.4586,-4.8447
0.3284,-3.4965,-8.6817,1.3871,-3.8084,0.4426,-1.2696,-8.1659,6.1849,-3.1907,-4.4262,-7.0692,3.6397,8.6432,-6.3588
0.4554,-3.2371,-8.0494,1.4981,-3.7303,0.1599,-1.4891,-7.1138,6.2961,-4.1449,-4.0562,-7.3229,2.9358,7.2968,-8.0964
1.4888,-3.3036,-6.701,1.6336,-3.0781,-0.5783,-1.8904,-5.8977,6.0951,-4.7553,-3.7093,-7.0543,2.0447,5.9203,-9.1063
1.12,-2.7597,-5.627,1.6825,-2.5565,-0.9447,-1.9867,-4.0822,6.1362,-4.7183,-2.9469,-6.8001,1.1339,4.4955,-9.4894
0.6881,-2.3983,-4.5169,1.4859,-1.9734,-0.9326,-1.9,-2.5986,5.649,-4.9252,-2.1869,-6.5288,0.1423,2.8427,-9.084
0.9256,-1.9431,-2.935,1.4068,-1.5983,-0.8809,-1.9953,-1.3812,5.0031,-5.3288,-1.6367,-5.5652,-0.5019,1.0502,-9.0811
0.9247,-1.5488,-1.9616,1.2964,-1.3413,-0.914,-1.6222,0.191,3.9206,-5.136,-0.66,-4.9941,-1.5013,-0.5439,-8.8008
1.1797,-0.7732,-0.4624,0.9842,-0.6574,-1.1751,-1.3227,2.0415,3.5803,-5.1105,-0.0567,-4.3777,-2.4907,-2.1588,-8.0022
1.1826,-0.7537,1.2767,0.6372,0.2728,-1.0681,-1.0195,3.9568,2.4717,-4.6982,0.6542,-3.6782,-3.3258,-4.0141,-7.3925
1.3841,-0.1761,3.4783,0.3788,1.1799,-1.1608,-0.7941,5.8263,1.7432,-3.7619,1.5289,-2.7988,-4.1372,-5.7304,-6.4588
1.1943,0.9704,5.3575,0.109,1.9123,-1.052,-0.4643,7.5855,0.8062,-3.4177,3.1175,-1.7206,-4.6643,-7.4523,-4.7388
0.8387,2.0182,6.7525,-0.2508,2.962,-1.1185,0.0268,8.8499,-0.8458,-2.6819,4.3728,-0.6068,-5.3886,-8.8115,-3.2187
0.4354,2.3161,8.1537,-0.589,3.7889,-1.2143,0.573,9.4954,-2.6518,-1.7945,5.7099,0.8369,-5.4584,-9.9216,-0.9145
0.2299,3.3134,8.6924,-1.1586,4.2368,-1.0751,1.1706,9.7919,-4.0281,-0.338,6.1713,2.6812,-5.2649,-10.3374,0.845
0.2155,3.2591,8.5332,-1.721,4.4282,-0.818,1.8809,9.9234,-5.2747,0.2806,6.4204,3.7263,-4.9355,-10.1387,2.6256
0.1912,3.4338,8.5602,-1.7853,4.6704,-0.5789,2.3629,9.484,-5.5282,1.3705,6.359,4.6028,-4.6202,-9.5001,4.3857
-0.1238,3.0268,8.223,-1.7938,4.8503,-0.6607,2.888,8.6706,-6.6363,2.6827,6.3836,4.656,-4.1412,-8.7884,5.6393
-0.2191,3.0399,7.3886,-1.7368,4.8477,-0.402,3.375,7.8782,-6.775,4.1732,6.1893,5.3434,-3.3585,-7.3987,7.1691
-0.3809,3.2356,6.4468,-1.9076,4.0935,-0.1214,3.5555,6.6617,-6.5231,4.9177,6.0658,5.668,-2.7715,-6.2731,8.2889
-0.262,2.7309,5.4394,-1.7719,3.3366,-0.0288,3.4745,4.8555,-6.9375,4.85,5.3741,5.7449,-1.8613,-4.8516,8.5551
-0.496,3.0689,4.0261,-2.0614,2.6744,0.2038,3.479,3.3868,-6.4809,4.8499,4.6721,5.5258,-1.0533,-2.887,8.6403
-0.4708,2.1889,2.7939,-1.5645,2.2072,0.4289,3.2718,1.736,-5.9457,4.2008,3.9839,5.0684,-0.4575,-1.0538,8.0724
-0.586,1.9707,1.2185,-1.5025,1.8122,0.4525,3.1643,0.3099,-4.8658,4.6801,3.119,4.228,0.0769,0.708,7.7003
-0.3868,1.2689,0.1206,-1.3321,1.3266,0.3474,2.8946,-1.5738,-3.9504,4.2669,2.1906,3.4033,1.1913,2.3825,6.9499
-0.0166,0.8184,-1.4037,-0.8011,0.7057,0.3094,2.5814,-4.2125,-3.6513,4.8506,1.4601,2.5432,2.4193,4.277,6.3853
-0.5814,0.5287,-4.1267,-0.5831,-0.2341,0.5736,2.1514,-5.7201,-2.291,4.5652,0.2696,1.7532,3.2713,6.234,5.4339
-0.3977,-0.5325,-6.1916,0.0331,-1.1411,0.6849,2.0087,-7.2544,-1.1971,3.3669,-1.0478,0.8678,3.8308,7.7338,3.9183
-0.2618,-1.789,-7.3699,0.4087,-1.77,0.8395,1.5373,-8.6031,0.2988,2.6404,-2.4523,-0.1268,4.4053,8.9916,2.242
-0.1643,-2.4299,-8.6276,1.0037,-2.4478,0.6299,1.2219,-9.3169,2.1632,2.2439,-3.3959,-1.5736,4.9788,9.8683,0.8304
-0.1322,-2.4169,-9.5171,1.1546,-3.2878,0.7972,0.9744,-9.4131,3.4793,1.1595,-4.1257,-3.5286,4.7595,10.3054,-1.1933
-0.0037,-3.2338,-9.6009,1.3966,-3.7404,0.8617,0.2317,-9.3106,4.9057,-0.7924,-4.5984,-4.9382,4.8292,10.2612,-3.1824
0.3136,-3.277,-9.3219,1.5734,-3.6984,0.7615,-0.7588,-9.3278,5.3791,-2.1623,-4.4714,-5.9488,4.4522,9.6222,-5.084
0.4893,-2.9516,-9.0454,1.5396,-3.6028,0.414,-1.3037,-8.5427,5.7608,-3.1923,-4.6143,-6.4587,3.7201,8.7657,-6.2197
0.636,-3.0178,-8.388,1.7439,-3.2882,-0.0457,-1.5576,-7.2408,6.319,-3.6877,-4.344,-7.033,3.0078,7.5602,-7.3209
1.0186,-2.9544,-6.8227,1.735,-3.1198,-0.3255,-1.8295,-5.8753,6.4683,-4.5743,-4.0704,-7.2649,2.3293,6.1714,-8.2298
1.1125,-2.4538,-5.7617,1.5952,-3.0126,-0.4911,-2.0018,-4.2135,6.4264,-5.3002,-3.6909,-7.1699,1.2413,4.4234,-8.3565
1.0904,-2.2507,-4.6598,1.5614,-2.2566,-0.9053,-2.043,-1.9321,6.1876,-5.7743,-2.9114,-6.9255,0.1323,2.6938,-8.8915
0.9291,-1.9295,-2.6794,1.5033,-1.7921,-1.0674,-2.1682,-0.4248,5.3888,-6.0445,-1.9145,-6.359,-0.981,0.6017,-9.1742
0.628,-1.3681,-0.7787,1.2176,-0.8691,-0.76,-1.9608,0.8966,4.3904,-5.9258,-0.7608,-6.0248,-1.9211,-0.9529,-8.8855
-0.0685,-0.9801,0.2066,0.6509,-0.3534,-0.7126,-1.8436,2.6516,3.101,-5.6925,-0.0546,-4.9984,-2.6438,-3.0622,-8.0418
0.126,-0.9629,1.7326,0.5571,0.4481,-0.7598,-1.4628,4.2621,2.2225,-5.5672,0.8592,-3.8367,-3.3632,-4.8417,-7.2524
0.3955,-0.5518,3.7674,0.6322,1.1691,-0.6727,-1.0822,5.7587,1.4583,-4.6814,2.0564,-2.8253,-3.9867,-6.5056,-6.0201
0.3643,0.5831,5.1933,0.3293,2.3308,-0.6749,-0.5367,7.3595,0.4612,-3.8019,3.3413,-2.104,-4.4192,-7.8959,-4.7413
0.4261,1.5912,6.5696,-0.0563,3.4691,-0.6202,-0.311,8.3211,-0.978,-2.5461,4.4855,-0.6946,-4.8773,-9.0387,-3.6728
0.0987,2.057,7.8687,-0.4403,3.9296,-0.4762,0.1818,9.3967,-2.8053,-1.7649,5.443,0.8422,-5.3001,-9.9507,-1.3477
0.161,3.1247,8.3273,-0.9528,4.3982,-0.6118,0.7893,9.442,-4.6075,-0.7743,6.0285,2.2827,-4.6258,-10.3059,0.7717
0.2746,3.1267,8.4048,-1.1488,4.9169,-0.6562,1.5139,9.3556,-5.3756,0.5429,6.2117,3.3856,-4.391,-9.9085,3.2056
-0.0651,3.2923,8.1562,-1.075,4.9784,-0.4839,2.2951,9.0149,-6.1349,2.8857,6.369,4.2938,-3.9811,-9.118,5.2428
-0.3266,3.6828,7.9686,-1.4495,4.75,-0.1794,2.8921,7.9302,-6.7022,3.5694,6.3379,4.8607,-3.4938,-8.1158,6.9329
-0.356,4.0767,7.5867,-1.8024,4.3925,0.0535,3.2773,7.0158,-6.5547,3.882,6.05,5.2362,-2.6866,-6.6865,8.3253
-0.6423,3.4112,6.456,-1.7481,4.1208,0.2002,3.4613,5.2419,-7.0158,4.2209,5.6099,5.6152,-1.9036,-5.354,8.5991
-0.2503,2.9688,4.8591,-1.6796,3.6511,-0.0655,3.4158,3.8873,-7.0418,4.7164,4.7779,5.3416,-1.0954,-3.6463,8.996
-0.5104,2.5716,3.4861,-1.4957,3.0983,0.1677,3.4116,2.5058,-5.9441,5.213,4.0413,4.8748,-0.1747,-1.7751,9.1279
-0.4921,2.4485,1.7857,-1.3522,2.2589,0.4445,3.1996,0.9938,-5.3143,4.8714,3.2144,4.3768,0.7701,-0.4181,8.8059
-0.6341,2.1036,0.1454,-1.4156,1.6963,0.4482,2.8217,-0.8079,-4.7023,4.4321,1.8331,3.6315,1.726,1.3355,7.7221
-0.9037,1.1721,-1.5006,-1.1244,1.157,0.7639,2.6513,-1.8482,-3.2509,3.8963,0.9272,2.8434,2.2607,3.4085,6.6791
-0.7316,0.1233,-2.4012,-0.6179,0.5104,0.6865,2.445,-3.6974,-2.0344,3.3153,-0.1461,1.9259,3.1212,4.7981,4.9977
-0.7269,-0.8213,-4.125,-0.4774,-0.4683,1.1356,2.4296,-5.5286,-1.4537,2.8133,-1.181,0.757,3.572,5.7285,4.0605
-0.9114,-1.6681,-6.0046,0.0218,-1.6603,0.9963,1.8379,-6.2801,-0.3381,2.1367,-1.9598,-0.2929,3.7408,7.1168,3.2191
-0.6264,-2.2539,-7.2551,0.4553,-2.277,0.831,1.2497,-7.1311,1.2128,1.3727,-2.8751,-1.72,4.283,8.0706,2.8638
-0.7013,-2.7615,-7.7164,0.8137,-3.0449,1.4267,0.6967,-7.3899,2.6971,0.3963,-3.5612,-3.2033,4.1102,8.5996,0.7665
-0.551,-3.5076,-8.1215,1.3363,-3.6627,1.2617,0.067,-7.7616,3.8472,-0.9376,-3.7096,-4.5527,4.1504,8.8881,-1.1832
-0.2033,-3.6691,-8.2168,1.655,-3.4337,1.1739,-0.8271,-7.9846,4.4493,-2.5031,-3.6857,-5.5168,3.9906,8.6866,-3.4666
0.03,-3.628,-7.8352,1.8332,-2.9887,0.924,-1.4338,-7.8355,5.1485,-3.0814,-3.6832,-5.883,3.9828,8.0316,-5.2795
0.3374,-3.503,-7.8609,1.8483,-2.7167,0.4256,-1.7282,-6.983,5.4395,-3.6099,-3.6343,-6.2736,3.144,7.0436,-6.4334
0.4397,-3.5852,-7.5502,2.0292,-2.4822,0.0997,-1.7612,-5.983,5.433,-4.0356,-3.4536,-6.3686,2.4401,5.8169,-7.2696
0.8368,-3.3681,-6.5149,2.0602,-2.6516,-0.1811,-2.0089,-4.6644,5.5939,-4.5499,-3.0906,-6.4769,1.7462,4.6243,-7.5627
0.6563,-2.7781,-5.2365,1.8371,-1.744,-0.5832,-2.345,-2.9843,5.5506,-4.7924,-2.4161,-6.0916,1.0646,3.2861,-7.7337
0.6041,-2.4449,-4.0142,1.8021,-1.5454,-0.858,-2.165,-2.1988,4.4543,-4.7922,-1.9883,-5.8917,0.4188,1.34,-7.6674
0.342,-2.2153,-3.1069,0.796,-1.2737,-0.6823,-1.9586,-0.1425,4.5586,-4.6826,-1.5519,-5.8732,-0.2791,0.4617,-7.5566
0.2573,-1.908,-1.8685,0.739,-0.6718,-0.8402,-1.7628,1.752,4.2842,-5.0091,-0.935,-5.2688,-1.2956,-0.9252,-7.248
0.452,-1.7738,0.0336,0.5678,0.1363,-0.7577,-1.5495,3.7143,3.8241,-4.9778,-0.2913,-4.2927,-2.1043,-2.7206,-7.0502
0.6076,-1.3192,2.5932,0.5855,0.6171,-1.2641,-1.4009,5.2367,2.4216,-4.3605,1.0267,-3.3772,-2.7011,-5.0511,-6.3125
0.2331,-1.0008,4.1004,0.5784,1.4013,-1.2062,-1.0851,7.5016,1.0912,-3.801,2.3303,-2.5325,-3.5365,-6.2891,-5.2061
0.2595,-0.0803,5.853,0.2329,2.3495,-1.3632,-0.7479,9.1612,-0.2276,-3.1536,4.3103,-1.6721,-4.555,-7.9581,-3.662
-0.2761,1.12,6.8044,-0.046,3.3707,-1.1121,-0.4287,9.4391,-2.1499,-2.2343,5.3195,0.1609,-4.7599,-9.3281,-1.9617
-0.2759,2.3733,7.4143,-0.9097,4.0101,-0.4971,0.0227,9.7664,-3.5163,-1.3481,5.6047,1.8002,-4.5889,-9.9326,-0.3024
-0.3089,2.0626,7.7522,-1.1549,4.8371,-0.2366,0.8412,9.2805,-4.5416,-0.5813,6.0361,2.9711,-4.6036,-9.9852,1.2958
-0.3247,2.6707,7.5657,-1.2218,5.0895,-0.0905,1.5115,9.2706,-5.3989,1.3699,6.1385,4.2678,-4.3691,-9.5742,3.2774
-0.1941,2.7333,7.383,-1.3054,4.7569,0.0344,2.0618,8.9748,-5.9632,2.676,6.0455,4.6089,-3.9093,-9.0979,5.15
-0.5576,2.8858,6.9524,-1.5676,4.5034,0.2224,2.4442,8.7413,-6.2599,3.5794,5.9698,4.9451,-3.3134,-8.1222,6.2028
-0.6162,2.9567,6.326,-1.6489,4.3781,0.4147,2.5502,7.4749,-6.8215,4.1409,6.0384,5.1886,-2.6133,-6.9401,7.2263
-0.41,2.6319,5.5034,-1.6383,3.9493,0.7552,2.8308,5.8961,-6.8669,4.4083,5.3479,5.3569,-1.7098,-5.3369,7.7278
-0.609,2.7128,4.4699,-1.6417,3.623,0.6732,2.892,4.2775,-6.3736,4.8382,4.7352,5.0891,-0.9428,-3.7442,8.1091
-0.2774,2.4655,3.0761,-1.5619,3.9002,0.6719,3.0746,2.8749,-5.5369,5.2593,3.9936,4.641,-0.1043,-2.2001,8.2256
-0.3091,1.6441,1.7211,-1.4444,2.9171,0.5325,3.2098,1.5958,-5.5569,5.4331,3.1477,3.9566,0.7504,-1.0393,8.0881
-0.467,1.0609,0.5061,-1.0955,2.2191,0.5522,2.817,-0.2378,-4.5279,5.4654,2.7855,3.2386,1.6939,0.5722,7.8821
-0.666,0.7779,-1.4121,-0.8629,1.223,0.6428,2.5475,-2.4034,-3.9226,5.1757,1.928,2.5668,2.9117,2.5595,7.5512
-0.4683,0.3864,-3.3227,-0.4846,0.3758,0.7883,2.1936,-4.2537,-2.851,4.8193,1.1271,1.7484,3.5626,4.4554,7.1828
-0.3954,-0.2694,-5.2672,-0.2699,-0.7289,0.7364,1.5189,-5.3667,-1.4108,3.9697,-0.0935,1.062,4.068,6.1285,6.1668
-0.1165,-1.1119,-6.5019,0.4066,-1.7373,0.6994,0.9623,-6.4916,-0.0064,2.7037,-1.4469,-0.035,4.4541,7.5137,4.1585
-0.1389,-2.4217,-7.3532,1.0264,-2.6359,0.8995,0.3981,-7.3756,1.3761,1.5205,-2.244,-1.5365,4.5671,8.3733,2.293
-0.1491,-2.8549,-8.266,1.2477,-3.136,0.8057,-0.1613,-8.2402,2.5541,0.3137,-3.154,-3.0223,4.4752,8.901,0.1706
-0.0744,-3.4646,-8.917,1.602,-3.3595,0.6489,-0.8697,-8.5406,3.9523,-0.4757,-3.6031,-4.6906,4.2066,9.1042,-1.4997
0.0217,-3.7674,-9.0719,1.9158,-3.5309,0.6445,-1.5806,-8.0439,5.1499,-1.5992,-3.7684,-5.533,3.7345,8.8749,-3.5859
0.2608,-3.9285,-8.264,2.0086,-3.3298,0.6235,-3.4053,-7.3834,5.6176,-2.9255,-3.7404,-6.1422,3.1905,7.9942,-5.5381
0.6575,-3.9536,-7.9527,2.1026,-2.957,0.575,-3.1726,-6.711,5.457,-3.5413,-3.3744,-6.558,2.2332,6.8701,-7.1279
0.9797,-3.3304,-7.0201,2.1281,-2.8371,0.2802,-2.9314,-5.8659,5.4264,-4.064,-3.2465,-6.7649,1.6384,5.7066,-8.072
0.8422,-2.6283,-6.4335,1.914,-2.2064,-0.1339,-2.9422,-4.1683,5.3778,-4.4846,-2.6992,-6.838,1.038,4.5079,-8.6512
0.6468,-2.4869,-5.2867,1.6503,-2.4138,-0.3046,-2.5064,-3.214,5.0884,-5.2263,-2.2301,-6.5422,0.4298,2.7541,-9.1782
0.4756,-2.542,-4.2515,1.7323,-1.3823,-0.3353,-1.8853,-1.7004,4.8521,-5.1214,-1.6819,-6.0627,-0.0941,1.5661,-8.7331
0.7288,-2.5069,-2.8022,1.4431,-1.0769,-0.7071,-1.709,-0.1096,5.0991,-5.3289,-1.0503,-5.538,-1.2436,-0.3217,-8.4944
0.2492,-1.7679,-1.3462,1.2912,-0.5979,-0.5647,-1.6706,1.4391,4.0263,-4.8236,-0.1139,-5.2855,-1.7981,-2.0364,-7.4672
0.546,-1.2729,-0.0226,1.2621,1.1015,-0.5967,-1.4889,3.552,3.1411,-4.085,0.7104,-4.2235,-2.2227,-3.744,-6.7604
1.0129,-0.896,2.0171,1.1531,1.6845,-0.9775,-1.1405,5.3183,2.4518,-3.1661,1.7635,-3.2821,-3.0368,-5.6456,-5.6026
-0.0029,-0.359,3.5196,0.7976,2.2094,-0.7098,-0.6763,7.298,1.4214,-2.5609,2.9889,-2.4547,-3.4823,-7.549,-4.3439
-0.0424,0.3197,5.1994,0.3375,2.9595,-0.5925,-0.2086,8.2392,-0.3205,-2.1329,4.3707,-1.4557,-3.8655,-9.3099,-3.2566
0.4304,1.2741,6.3612,0.0644,3.7323,-0.8347,0.3531,9.4775,-1.5471,-1.2831,5.3159,-0.2202,-4.3078,-9.8988,-1.6314
0.1399,2.2048,6.9218,-0.5364,4.0587,-0.6519,0.857,9.6153,-2.967,-0.24,6.0935,1.2284,-4.3332,-10.6298,0.1729
0.1957,3.2872,7.943,-1.0331,4.546,-0.9745,1.4558,10.0772,-3.9429,0.5448,6.5136,2.6171,-4.2493,-10.5905,2.265
0.2251,3.3048,8.2542,-1.4321,4.3305,-0.7804,1.9158,10.0277,-4.9633,1.3507,6.9173,3.6136,-3.869,-10.3124,4.0473
0.078,3.9201,7.9795,-1.8091,4.3322,-0.7427,2.4853,9.3033,-6.0085,2.345,6.9172,4.5671,-3.2889,-9.5628,5.3518
0.1268,3.5159,7.5962,-1.8844,4.6694,-0.6871,3.145,8.4333,-6.4457,3.2046,6.5634,4.9024,-2.6965,-8.3181,6.5938
-0.016,3.2979,6.4101,-1.9026,4.3079,-0.5246,3.0998,7.4169,-6.6808,3.8972,6.0802,5.0928,-2.0781,-7.1793,8.4452
-0.3484,2.9856,5.749,-1.7943,3.9091,-0.1441,3.4322,6.2836,-6.3883,4.351,5.6418,4.868,-1.5034,-5.9138,8.5731
0.0087,2.9341,4.667,-2.0125,3.3301,-0.3594,3.1978,4.6947,-6.2933,4.6637,4.9484,4.362,-0.8012,-4.6152,8.8533
0.0642,2.4231,2.9326,-1.7539,3.0093,-0.2401,3.0319,3.4456,-5.7354,5.108,4.2247,3.9579,-0.1004,-2.92,8.8612
-0.1609,1.5722,1.8497,-1.3741,2.1754,-0.1492,2.7966,2.0304,-5.316,4.6136,3.4825,3.2531,0.7611,-1.5943,8.3087
-0.3903,1.073,0.5788,-1.0344,1.4407,0.1834,2.7647,0.6084,-4.42,4.5921,2.973,2.6,1.7158,0.069,7.5118
-0.0719,0.6461,-0.4791,-0.7822,0.9444,0.4309,2.3275,-0.9542,-3.5601,3.969,2.2832,2.1491,2.5108,1.8526,6.9566
-0.0803,0.3165,-2.5236,-0.6104,0.2194,0.2183,2.253,-2.5478,-2.9806,3.5926,1.4138,1.5225,2.7385,3.1815,5.9524
-0.0853,-0.2836,-3.8927,-0.206,-0.5321,0.2584,1.8718,-4.3062,-1.7827,2.9774,0.3091,0.8243,3.4724,4.6128,4.9455
-0.0769,-1.0932,-5.4078,0.1347,-1.2364,0.3325,1.5073,-5.3451,-0.5113,2.527,-0.7983,-0.1862,3.9893,6.0885,3.3607
-0.3652,-2.1135,-6.7101,0.7472,-1.9672,0.5221,1.0514,-6.0092,0.9247,1.612,-1.5849,-1.1961,4.0199,6.8982,1.9273
-0.3172,-2.8607,-7.282,1.2046,-2.8249,0.6452,0.5544,-6.9916,1.6751,0.5653,-2.1482,-2.5673,4.1208,7.2448,0.5817
0.2269,-3.1165,-7.8312,1.556,-3.2342,0.5564,0.5494,-7.6353,2.7065,0.0305,-2.5287,-3.897,4.3094,7.7349,-0.8789
0.2694,-3.4052,-8.0266,1.9213,-3.7015,0.319,-0.027,-7.7572,3.5262,-1.0229,-2.7747,-4.6242,4.4024,7.5998,-2.1945
0.4766,-3.1266,-8.0811,1.9459,-3.7833,0.4649,-0.9787,-8.1166,3.6265,-1.9394,-2.9846,-5.5321,4.3514,7.5397,-3.9123
0.3274,-2.7506,-8.6012,1.8293,-3.5703,0.2719,-1.3904,-6.9445,4.4962,-2.9104,-3.0639,-6.0657,3.5906,7.3676,-5.5495
0.6954,-3.4416,-7.8939,1.6627,-3.1163,0.1689,-1.5782,-6.7841,4.9606,-3.9867,-3.2441,-6.4551,2.6183,6.4672,-6.5775
0.7034,-3.269,-7.7984,1.7795,-2.9413,-0.0621,-1.7034,-5.3886,5.6273,-3.7952,-3.1481,-6.8261,2.6191,5.6544,-7.2461
0.4793,-3.3544,-6.676,1.8292,-2.5987,0.1497,-2.0128,-4.8603,5.6397,-4.2767,-2.7958,-6.725,1.8035,4.2222,-7.9124
0.4145,-3.0564,-5.6599,1.8359,-2.2796,0.3954,-1.9951,-3.605,5.2633,-4.4135,-2.1473,-6.5268,1.178,2.8112,-8.1594
0.5886,-3.0519,-4.6122,1.9023,-1.8579,0.2467,-1.7649,-2.2775,4.9122,-4.6962,-1.5344,-6.3447,0.391,1.438,-8.1731
0.3539,-2.371,-3.9613,1.5274,-2.1917,0.3112,-1.8068,-0.6252,4.2816,-4.9779,-1.1813,-6.0343,-0.0305,0.1522,-8.2279
0.2409,-2.0535,-2.8691,1.4711,-1.6481,0.5309,-1.8677,0.2324,3.7967,-5.7564,-0.3284,-5.7382,-0.7902,-1.1082,-8.1614
0.4146,-2.1051,-1.7288,1.4772,-0.8354,0.229,-1.7423,1.4255,3.4366,-5.8455,0.1348,-5.0675,-1.8187,-2.4675,-7.8989
0.4524,-1.4898,-0.8846,1.2467,-0.3434,0.1438,-1.5083,3.2006,2.7249,-5.2634,0.6649,-4.555,-2.6667,-3.9636,-7.315
0.8945,-1.0122,0.7637,0.8213,0.0419,0.0938,-0.9284,4.9225,2.5021,-5.3116,0.9708,-3.6797,-3.2084,-5.596,-6.9536
0.7293,-0.5016,2.9436,0.5735,0.9684,-0.0683,-0.9474,6.1746,1.5599,-4.9264,1.8886,-3.1368,-3.6498,-7.1287,-6.3739
0.8656,0.0347,5.0917,0.2701,2.0944,-0.3876,-0.9254,7.529,0.2785,-4.3177,3.3599,-2.372,-4.2837,-8.5361,-5.0807
0.9077,1.0059,6.4899,0.1779,3.2371,-0.7533,-1.1398,9.0988,-0.7029,-3.1792,4.8321,-1.0419,-4.8479,-9.6924,-3.3723
0.7312,1.7697,8.2247,-0.654,3.7574,-0.5871,-0.356,9.9158,-2.3534,-2.1204,5.7278,0.4916,-5.1969,-10.8164,-1.7377
0.5743,2.4264,8.6142,-1.0414,4.5593,-0.5111,0.3107,10.5008,-4.5071,-1.211,6.3118,1.8726,-5.2387,-11.2057,0.2359
0.5903,3.1465,8.761,-1.3127,5.016,-0.9947,1.1296,10.7614,-5.5405,-0.1865,6.7894,3.2112,-4.9153,-11.2681,2.0439
0.4909,3.3513,9.143,-1.7048,4.9166,-0.8952,2.0351,10.6282,-5.8891,0.9149,6.9483,4.2771,-4.5182,-10.6685,4.1487
0.3205,3.9152,8.981,-2.043,4.792,-0.7553,2.5269,10.0888,-6.7683,2.0855,6.942,4.822,-4.0365,-9.986,5.8443
0.1208,3.5952,8.5192,-2.1195,4.8409,-0.7312,2.9672,9.3543,-6.9284,2.5734,6.7121,5.2516,-3.4275,-8.963,7.356
0.0039,3.0216,7.5485,-1.8853,4.5219,-0.5569,3.3523,7.8925,-7.0516,3.7126,6.4109,5.4844,-2.6379,-7.8251,7.7305
0.0923,2.9245,6.5521,-1.7361,4.1257,-0.4088,3.5138,6.2072,-7.1319,4.3208,6.0754,5.4495,-1.7443,-6.4961,8.5387
0.3629,2.6634,5.3382,-1.8334,3.6659,-0.3358,3.3734,5.1937,-6.6423,4.6673,5.3056,5.0991,-1.0381,-4.7,8.6793
-0.517,1.9028,4.0524,-1.5916,3.1962,-0.0038,3.5369,3.3077,-6.7147,4.9831,4.7919,4.7338,-0.2474,-3.1468,9.0256
-0.4866,1.3301,2.5052,-1.3461,2.7468,0.6814,3.2603,1.6999,-6.1161,4.9576,3.9495,4.2527,0.442,-1.4685,8.8373
-0.3878,1.026,0.8581,-1.0514,2.3691,0.9713,3.1291,0.024,-5.3733,5.0271,2.883,3.4985,1.5722,0.196,8.1037
-0.6989,0.0375,-0.7934,-0.7467,1.3535,1.2453,3.1022,-1.7392,-4.722,4.721,2.1503,2.498,2.5759,2.053,7.6336
-0.6199,-0.2357,-2.8911,-0.5192,0.3252,1.3105,2.6156,-4.2103,-3.3198,4.0131,1.2372,1.4387,3.5197,3.9204,6.8937
-0.5404,-0.9159,-4.9299,0.0376,-0.5577,1.296,2.4507,-6.0251,-1.8986,3.1941,0.1746,0.6783,3.1871,5.6622,5.2858
-0.5436,-1.5556,-6.6771,0.2887,-1.305,1.2815,1.8505,-7.3544,-0.394,2.5186,-1.2497,-0.1405,4.553,7.3551,3.8326
-0.1726,-2.7758,-7.8118,0.8557,-2.1228,1.1425,1.366,-8.6096,0.6962,1.9594,-2.1524,-1.6685,5.1927,8.5045,2.5228
-0.383,-3.1345,-9.2053,1.192,-2.8312,1.2562,0.7641,-9.3648,2.1591,1.1538,-3.0179,-3.3907,5.3417,9.4732,0.7237
-0.0924,-3.6813,-9.3644,1.6606,-3.7209,0.8898,0.0771,-9.7425,3.6689,-0.0168,-3.7504,-4.6508,5.4389,9.6191,-1.2236
0.1199,-4.3909,-9.9016,2.0584,-3.9154,1.0806,-0.6932,-9.9649,4.3149,-1.5755,-3.9989,-5.959,5.3967,9.6358,-3.5508
0.4364,-4.347,-9.8156,2.121,-3.8828,0.8782,-1.4003,-9.1847,5.6986,-3.136,-3.9425,-6.6837,4.2336,9.3688,-5.4043
0.4462,-3.7485,-10.1611,2.1652,-3.5289,0.7677,-1.6189,-8.7672,5.964,-4.1446,-4.0868,-7.3444,4.1292,8.3738,-6.9924
0.2767,-4.3433,-9.3406,2.2138,-2.779,0.7324,-1.8888,-8.1472,5.9272,-5.0689,-4.0743,-7.6523,3.4877,7.0614,-8.4368
0.3143,-4.5872,-8.6682,2.5868,-2.7462,0.7312,-1.8766,-7.1237,6.4247,-5.2575,-3.999,-7.6695,3.2765,5.5491,-9.1769
0.5544,-4.7612,-7.6665,2.5676,-2.6198,0.3376,-2.0331,-5.4633,6.0605,-5.4228,-3.4651,-7.6622,2.2777,3.9807,-9.2563
0.7517,-4.379,-6.4321,2.3935,-2.424,0.0415,-2.1496,-3.586,5.6654,-5.1804,-2.6611,-7.4377,1.8952,2.5904,-9.6416
0.9126,-3.4786,-4.4942,2.3365,-2.1705,-0.0184,-1.851,-2.1229,5.1643,-5.507,-1.6622,-7.0656,1.12,1.2526,-9.4906
1.0076,-2.5435,-2.7335,1.858,-1.4956,-0.4955,-1.8512,-0.7045,4.8057,-5.871,-0.675,-6.3513,0.289,-0.1915,-8.8208
0.8067,-1.8844,-1.3924,1.3021,-0.3101,-0.554,-1.623,0.7201,3.5521,-5.6012,-0.09,-5.4759,-0.7364,-1.8067,-8.0781
0.4045,-0.88,-0.2201,1.0798,0.2205,-0.602,-1.4255,2.3759,2.3667,-4.9426,0.6839,-4.542,-1.5177,-3.7215,-7.3409
0.0437,-1.4817,1.3135,0.8391,0.6039,-0.3944,-1.1649,3.899,1.3162,-5.2243,1.531,-3.8017,-2.5178,-5.4292,-6.7912
0.2404,-0.6,3.391,0.6046,1.3635,-0.4942,-0.8572,5.8913,0.655,-4.7055,2.6903,-2.9878,-3.1624,-6.7208,-6.2907
0.3218,-0.5317,4.9195,0.6217,2.3099,-0.5061,-0.4223,7.1099,-0.5532,-4.3342,4.1729,-2.1792,-3.5058,-8.2852,-4.9872
0.7556,1.0945,6.2416,0.1939,3.9373,-0.6988,-0.1277,7.5854,-2.1292,-2.7332,5.1354,-1.0713,-3.7672,-9.1557,-3.4147
0.5218,1.8953,7.0321,-0.3679,5.1314,-0.787,0.67,8.4359,-3.4429,-1.5021,5.7245,0.3759,-3.9654,-9.8627,-1.371
0.1065,2.4732,7.304,-0.8746,5.1288,-0.5162,1.6125,8.7174,-4.3245,0.0365,6.1705,2.0022,-3.922,-10.3919,0.561
0.6964,2.2384,8.334,-1.0815,5.3191,-0.7048,2.4244,9.2999,-4.757,1.0845,6.6686,3.2422,-3.4914,-10.1472,2.9062
0.3902,3.708,8.4582,-1.5463,5.2253,-0.7009,2.9573,8.5233,-6.1154,2.7905,6.7159,4.0496,-2.8679,-9.736,5.2016
0.2506,2.8231,7.4311,-1.7743,4.792,-0.8436,3.2411,7.6625,-6.6697,2.8869,6.4869,4.3761,-1.9991,-8.6969,6.2257
0.2133,2.6105,7.017,-1.5482,4.6454,-0.6917,3.5646,6.9842,-6.4699,3.6682,6.238,4.5653,-1.5909,-7.4282,7.2806
0.315,2.4109,6.3577,-1.6553,4.3429,-0.8464,3.5978,6.1933,-6.4066,4.4918,5.9531,4.4419,-1.1218,-6.2356,8.6621
0.1709,2.2008,5.3478,-1.3523,3.7927,-0.5493,3.8393,4.3791,-6.7609,5.0207,5.6362,4.388,-0.4225,-4.931,9.2214
-0.1411,1.9481,4.0608,-1.362,3.3636,-0.219,3.9172,2.8772,-6.5474,5.1187,4.9902,4.1765,-0.4123,-3.0661,9.7274
-0.3371,1.4316,2.8087,-1.2874,2.7468,-0.1922,3.7265,1.7048,-5.6332,4.9401,4.1261,3.7623,0.9204,-1.6703,9.1914
-0.4799,0.9585,1.082,-1.0887,2.1288,0.0637,3.2183,0.0406,-4.8729,4.7519,3.2769,2.9432,2.0086,-0.1554,8.6368
-0.3831,0.1888,0.089,-1.0028,1.5723,0.3511,2.7229,-1.9178,-4.2818,4.2921,2.1847,2.1845,2.7292,1.4556,7.6246
-0.412,-0.0692,-1.9173,-0.6838,0.8702,0.6252,2.2503,-3.7325,-2.7427,3.864,1.2156,1.4393,3.5519,3.3401,6.6599
-0.4871,-1.3417,-3.3816,-0.1674,0.0087,1.2162,2.2077,-5.6155,-2.4522,3.3169,0.5391,0.5203,4.0779,4.8886,5.6261
-0.1107,-2.0113,-5.2469,0.3766,-0.6625,1.4314,1.788,-7.4604,-1.7769,3.2283,-0.5964,-0.3878,4.9147,6.5652,4.6858
-0.2691,-2.3922,-7.1894,0.958,-1.9546,1.2131,1.2377,-8.8801,-0.4921,2.6917,-1.6612,-1.4179,5.2928,8.191,3.3904
0.1492,-3.1541,-8.1618,1.4424,-2.8592,1.2132,0.5382,-9.4423,1.4291,1.1172,-2.6985,-2.8848,5.6723,9.4007,1.6491
0.2044,-3.7186,-9.0309,1.815,-3.6229,0.6216,-0.1326,-9.6214,2.6723,0.1955,-3.3075,-4.4928,5.6303,10.0884,-0.0866
0.2756,-4.0898,-11.0777,2.1014,-4.1291,0.2295,-0.9592,-9.8896,3.7842,-1.2319,-4.0195,-5.6972,5.2845,10.0374,-2.7854
0.487,-4.4903,-10.2956,2.3004,-3.9347,0.2662,-1.5008,-9.411,5.6206,-3.1137,-4.5266,-6.4293,4.8472,9.684,-5.1593
0.5381,-4.7244,-9.7772,2.5488,-3.7473,-0.2877,-1.9605,-8.776,6.1557,-3.9849,-4.6012,-7.3661,4.4225,8.6078,-7.0135
0.3645,-5.1077,-9.0136,2.9113,-3.5051,-0.3598,-2.2002,-7.6376,6.3519,-4.6882,-3.9897,-7.8985,3.7726,7.1464,-7.9685
0.3906,-4.8082,-7.8743,2.921,-3.4327,-0.4058,-2.3784,-6.3964,6.7727,-5.3962,-3.1899,-7.8263,3.0154,5.4869,-8.6957
0.6283,-4.4366,-6.6566,2.6972,-3.3199,-0.7471,-2.5038,-4.8539,5.8054,-5.8703,-2.6873,-7.5821,2.2478,3.8846,-9.3844
0.756,-3.7303,-4.8709,2.5531,-2.7439,-0.929,-2.6948,-3.4163,6.0569,-6.4652,-1.8651,-6.9727,1.3361,2.3682,-9.6036
0.856,-3.2031,-3.0256,2.3249,-2.0541,-0.9172,-2.5265,-1.8937,4.6607,-6.8436,-1.0004,-6.7542,0.6143,0.6245,-9.5134
0.841,-2.847,-1.5596,2.338,-1.0375,-0.92,-2.5765,0.0618,3.9635,-6.0932,0.1594,-6.1902,-0.4463,-0.7935,-8.8104
1.122,-1.3699,0.0031,1.7501,-0.1449,-0.9826,-2.2022,1.4097,3.1253,-5.7274,0.965,-5.2964,-1.3977,-2.5607,-8.1303
1.1955,-1.8152,1.4452,1.5394,0.4476,-1.2333,-1.8622,3.8905,2.3616,-5.178,1.838,-4.0618,-2.408,-4.2957,-7.1654
0.799,-1.3787,3.5122,1.2022,0.9579,-1.2174,-1.4714,5.4244,0.9539,-4.403,2.9525,-3.0113,-3.0109,-6.0247,-5.8994
0.6761,-0.2906,4.7404,0.9729,2.0456,-1.4459,-1.0253,6.766,-0.0911,-3.4397,4.3368,-2.1775,-3.6803,-7.6991,-4.2203
0.5402,0.7244,6.0817,0.5753,3.2489,-1.441,-0.5598,7.8205,-1.0987,-2.627,5.3743,-0.5946,-3.6657,-8.616,-2.4579
0.6312,2.5232,6.9595,-0.2599,3.9991,-1.3481,0.2203,8.269,-2.9499,-1.4064,5.8091,0.9276,-3.7943,-9.4775,-0.7671
0.5678,2.8259,7.2796,-0.599,4.313,-0.7749,0.8327,9.1735,-4.0453,-0.7681,6.3158,2.3043,-3.5353,-9.6974,0.4836
0.4304,2.9951,7.814,-1.0098,4.3408,-0.9004,1.4033,8.625,-4.8303,-0.1116,6.2403,3.1159,-3.3373,-9.7667,2.4257
-0.1702,2.8659,7.4137,-1.2824,4.5987,-0.7213,2.0581,8.1887,-5.6294,0.8102,6.1855,3.6456,-3.0973,-9.5487,4.0368
-0.0513,2.6007,7.5528,-1.1738,4.8221,-0.6569,2.4291,8.0674,-5.8669,2.1173,6.047,4.1063,-2.4069,-8.727,6.0909
-0.3285,2.4311,6.9242,-1.2665,4.3152,-0.4063,2.5157,7.0693,-5.9735,3.1583,6.0979,4.1759,-1.8982,-8.0944,7.2852
-0.5484,2.3946,6.0807,-1.1538,4.1801,-0.2302,2.6903,6.3184,-6.4842,3.785,5.7312,4.3712,-1.5166,-6.4934,7.7989
-0.5319,2.146,5.4324,-0.7558,3.3461,-0.1001,2.6677,5.2375,-6.125,3.6077,5.6443,4.17,-1.0949,-5.3776,8.1362
-0.6161,2.1322,4.4255,-0.7497,3.3528,0.1859,2.6269,3.8754,-6.046,3.8371,5.2604,4.2094,-0.5554,-3.8966,8.8542
-0.7863,1.8548,2.9528,-0.7802,3.0468,0.5929,2.6532,2.101,-5.9288,4.1759,4.3643,3.6806,0.0307,-2.5932,8.9917
-0.6473,1.5513,1.6156,-0.7836,2.4125,0.6735,2.4601,0.6783,-5.059,4.3831,3.6473,3.1617,1.0183,-1.0267,8.4212
-0.2964,0.5646,0.4569,-0.5285,1.8621,0.536,2.2892,-0.9376,-4.7219,4.2092,3.018,2.7092,2.108,0.3791,7.8902
-0.0286,0.1756,-0.5987,0.0107,1.1282,0.4567,2.1952,-2.8167,-4.2308,4.3367,2.5887,2.1591,2.9553,2.3615,6.9726
-0.1348,0.0822,-2.7642,0.0876,0.6867,0.3518,1.8379,-4.7251,-3.5851,4.1431,1.8379,1.4635,3.8331,4.1728,6.6548
-0.415,-0.0882,-5.0827,-0.3621,-0.3336,0.3605,1.5865,-6.4956,-3.0794,4.1052,0.3439,0.7769,4.6123,5.9755,6.018
-0.5102,-0.7913,-7.3606,0.0182,-1.4416,0.6212,1.198,-7.9276,-0.8637,2.6203,-1.1929,-0.2342,5.0718,8.0036,4.4871
0.0241,-2.3837,-8.2232,0.5893,-2.8283,0.477,0.69,-9.3071,0.7435,1.1461,-2.7617,-1.5424,5.7395,9.1411,2.3904
-0.1217,-3.3613,-9.263,1.2799,-3.3344,0.4808,0.0949,-9.9934,2.4687,0.2478,-3.5317,-3.2942,5.8782,10.0447,0.6432
-0.1499,-3.9019,-10.1044,1.9215,-3.3493,0.4715,-0.6443,-9.5423,4.1389,-0.5671,-4.0855,-4.9402,5.6654,10.3806,-1.4478
-0.2409,-2.8791,-9.5861,2.482,-3.5474,0.3777,-1.1023,-9.3779,5.2498,-1.777,-4.1158,-6.4207,5.5897,9.4235,-3.6185
-0.5105,-3.9388,-9.768,2.3881,-4.1738,0.6495,-1.7493,-9.1588,5.8605,-4.1835,-4.1853,-7.1479,4.993,8.1702,-6.0639
-0.8034,-4.4131,-9.4344,2.7189,-3.6306,0.9401,-2.215,-8.3038,6.0964,-5.6916,-3.9059,-7.3773,4.243,7.085,-7.7266
-0.1076,-4.6342,-8.809,3.0693,-3.047,0.7352,-3.2537,-7.1949,6.2434,-5.9433,-3.7021,-7.6865,3.5135,5.6536,-8.6125
0.0608,-4.0174,-7.8665,3.0845,-2.588,0.4153,-3.2612,-5.9928,6.0219,-5.7035,-3.2439,-7.6211,2.436,4.0739,-9.3008
0.4439,-4.7715,-6.5897,3.0412,-2.4103,-0.0079,-3.1261,-4.0213,6.285,-6.1528,-2.915,-7.4845,1.5584,2.5606,-9.8576
0.894,-4.287,-4.6132,2.8537,-1.6432,-0.4458,-3.1295,-1.8424,5.8301,-5.8856,-1.7322,-7.4187,0.6249,0.8058,-9.5312
0.616,-3.26,-3.3435,2.6036,-1.1262,-0.6361,-2.7949,-0.2637,4.5957,-5.2564,-0.9295,-6.6817,-0.5815,-1.292,-9.0478
0.459,-2.4017,-1.43,2.4175,-0.3413,-0.5771,-2.6031,1.7227,3.5741,-5.4225,-0.0353,-5.7974,-1.3443,-3.103,-8.0945
0.7085,-1.5748,0.7204,1.9844,-0.0736,-0.8526,-2.2783,4.0003,2.9844,-5.3389,0.8874,-4.9708,-2.199,-5.0709,-7.4916
0.9481,-0.6259,2.9602,1.6311,0.8406,-1.2767,-2.064,6.0271,1.5953,-5.3811,2.0577,-4.0741,-3.0644,-6.9179,-6.2887
0.5864,0.1818,5.2076,1.1449,2.1087,-1.2322,-1.7628,7.5649,0.3755,-4.7294,3.8277,-3.1207,-3.8885,-8.5136,-5.1522
0.5807,1.2,6.6347,0.641,3.195,-1.3483,-1.1303,8.5851,-1.2481,-3.942,4.9824,-1.6583,-4.3488,-9.9368,-3.6639
0.5303,2.1627,7.7796,0.0863,4.0938,-0.9988,-0.5961,8.8701,-3.3228,-2.9718,6.064,-0.1236,-4.5547,-11.0531,-1.6382
0.809,2.8695,8.4696,-0.4981,4.3757,-1.448,0.1498,9.6205,-4.5921,-1.7959,6.7178,1.851,-4.6067,-11.4588,-0.2628
0.6264,3.2449,8.5113,-0.8224,5.0336,-1.2531,0.9289,9.8977,-5.3378,-0.6123,6.9822,3.2059,-4.4771,-11.0454,1.5642
0.2973,3.1593,8.6926,-0.9822,5.2072,-1.26,1.6848,10.4187,-5.8977,0.6115,7.2579,4.2573,-4.37,-10.9232,3.5465
-0.2037,3.6258,8.385,-1.2064,5.4494,-0.9349,2.2881,9.3258,-6.9528,2.263,7.0247,4.9437,-3.804,-10.713,5.2014
-0.3082,3.6348,8.1537,-1.3118,5.3736,-0.6692,3.3439,8.0742,-7.3187,3.2097,6.8953,5.2272,-2.7149,-9.6743,7.1457
-0.0017,3.415,6.9714,-1.5679,4.966,-0.3896,3.4112,6.8008,-7.3355,4.2695,6.3737,5.1151,-1.757,-8.3428,8.6373
-0.2436,3.1372,6.2587,-1.5122,4.337,-0.3643,3.4718,5.5669,-6.6862,4.8514,5.828,4.9601,-1.0436,-6.6734,9.6493
-0.3607,2.9796,4.9295,-1.5111,3.725,0.0175,3.0161,3.6534,-7.191,5.0437,5.1569,4.7686,-0.0276,-4.9185,10.0147
-0.788,1.863,3.475,-1.2111,3.2347,0.1777,2.9335,2.0585,-6.6172,4.7375,4.5246,4.2721,0.4313,-2.9993,9.5865
-0.7657,1.7023,1.704,-0.9044,2.7814,0.5248,2.9166,0.3513,-5.9579,5.0582,3.372,3.7344,1.4731,-1.1605,9.2228
-0.5484,1.1202,0.206,-0.6655,2.2304,0.632,2.5716,-1.4021,-4.7855,5.1064,2.3995,2.8002,2.4152,0.729,8.2521
-0.4369,0.6244,-1.099,-0.5333,2.0034,1.0166,2.3825,-3.8163,-3.9175,5.0333,1.5644,1.9245,3.532,2.8743,7.3094
-0.1136,-0.0871,-3.325,-0.0805,1.3855,0.708,2.066,-5.4833,-3.237,5.4009,0.7458,1.137,4.2476,4.8215,6.9044
-0.528,-0.4367,-5.5996,0.3555,0.0871,0.7367,1.876,-7.0578,-1.9726,4.8533,-0.6248,0.1254,4.8389,6.4342,5.7977
-0.3326,-1.5773,-7.3424,0.6778,-1.2643,0.7174,1.3757,-8.4003,-0.6487,3.1069,-2.0906,-1.096,5.6008,7.7114,4.3671
-0.2009,-2.7123,-8.8155,1.177,-2.2537,0.8637,0.8106,-9.264,1.2303,1.7812,-3.0683,-2.5394,5.6375,9.1767,2.4803
-0.2191,-3.1965,-9.0173,1.6765,-3.0307,1.0095,0.0935,-10.3674,2.6002,0.5429,-3.8452,-4.3209,5.9202,9.84,0.5927
-0.2136,-3.482,-9.9511,1.8779,-3.2271,0.798,-0.571,-10.2817,3.9391,-0.487,-4.0874,-5.5186,5.6318,10.064,-1.179
-0.0587,-3.912,-10.0833,1.7456,-3.2739,0.4262,-1.5905,-10.4541,4.706,-1.7913,-4.6375,-6.4102,5.5613,9.8392,-3.8378
0.1483,-4.1741,-10.1038,2.28,-3.2772,0.1181,-1.8868,-10.1516,5.591,-2.9582,-4.6604,-7.301,5.345,9.2137,-5.6559
0.1029,-5.1026,-9.5618,2.7514,-3.1908,-0.0531,-2.2728,-9.361,5.897,-3.3699,-4.5337,-7.719,4.8835,8.4465,-6.8932
0.2593,-4.4665,-9.2271,2.9202,-3.1673,-0.246,-2.5218,-8.4271,5.9387,-3.7196,-3.7868,-8.0109,3.6724,7.1524,-7.7097
0.8308,-4.3375,-7.9892,2.6976,-2.8601,-0.8178,-2.8022,-6.8379,6.3723,-4.7113,-3.5306,-7.701,3.199,5.9647,-8.2124
0.5587,-3.9557,-6.9063,2.6859,-2.1743,-1.0199,-2.7311,-5.5131,6.021,-4.6085,-2.821,-7.5226,2.7896,4.3835,-8.3967
0.103,-3.8069,-5.6431,2.4024,-1.8927,-0.7575,-2.8656,-4.2336,5.5289,-4.999,-2.2719,-7.3989,1.9918,2.9297,-8.335
0.1774,-2.8073,-4.5166,1.9894,-1.1631,-1.0424,-2.6461,-2.8714,4.4197,-4.7186,-1.5427,-6.8368,1.1073,1.7347,-7.5433
-0.1057,-2.1871,-3.6315,1.9998,-1.0751,-0.9946,-2.3837,-1.4703,4.2904,-4.8333,-1.0054,-6.0362,0.158,0.4696,-7.197
0.2651,-1.6966,-2.6803,1.4242,-0.5919,-1.0762,-2.2533,0.145,4.1307,-5.265,-0.8994,-5.5594,-0.8204,-1.0752,-6.9282
0.3263,-1.5937,-1.2465,1.4438,0.0437,-1.0813,-2.0467,1.8657,3.5582,-5.2331,-0.3982,-5.1267,-1.4277,-2.8506,-6.882
0.3526,-0.7547,0.6994,0.9167,1.0602,-1.0432,-1.7353,4.2148,2.8505,-4.6109,0.2617,-4.5036,-2.414,-4.78,-6.371
0.0913,-0.3616,2.9616,0.8898,1.74,-0.9728,-1.498,5.9816,1.8777,-4.2053,1.1263,-3.6193,-3.0882,-6.871,-5.7131
0.8146,0.1285,5.195,0.7579,2.4208,-1.166,-1.3752,7.7198,0.5306,-4.0074,2.8359,-2.998,-3.7752,-8.5863,-4.9899
0.4975,1.1533,7.0951,0.4752,3.5659,-1.2589,-0.7772,8.8415,-1.2376,-2.968,4.4333,-1.9964,-4.1241,-9.7492,-3.0467
-0.2252,2.3556,7.8407,-0.3297,4.1955,-0.9606,-0.2282,9.0454,-2.9959,-2.0545,5.513,-0.235,-4.2311,-10.8019,-1.4146
-0.3677,2.9301,8.1444,-0.769,4.8714,-1.614,0.7996,9.4412,-4.2247,-1.3605,6.3133,1.6243,-4.0119,-10.9547,0.4388
-0.0513,2.95,8.9204,-0.8485,5.2411,-1.4134,1.5411,9.2721,-5.4182,-0.2355,6.6461,2.8192,-3.7642,-10.8605,2.8819
-0.3846,3.3416,8.4383,-1.1737,5.4793,-1.1967,2.145,8.9423,-6.4027,1.3499,6.9651,4.2359,-3.3334,-10.1245,4.7333
-0.836,3.374,7.6901,-1.2477,5.0733,-0.867,2.6507,7.8825,-6.8101,2.5945,6.738,4.884,-2.6683,-9.2959,6.8559
-0.4449,3.1318,6.9355,-1.3622,4.4935,-0.6538,2.9829,7.0897,-6.8453,3.2265,6.3727,5.3618,-1.8949,-8.0135,7.7973
-0.5168,2.2805,6.0104,-1.1425,4.3272,-0.5465,2.9846,5.8024,-6.7501,4.0617,6.0503,5.3043,-1.2136,-6.4335,8.9171
-0.7857,2.434,4.8773,-0.9573,4.0966,-0.2418,2.9054,4.2465,-6.826,5.13,5.568,5.3189,-0.4749,-4.7053,9.8333
-0.7803,2.1918,3.4268,-0.7613,3.4734,-0.1249,2.8878,2.7248,-6.4375,5.1673,4.8033,4.6719,0.1239,-3.1553,9.776
-0.994,2.0311,1.9818,-0.8025,2.9927,0.2453,2.6486,1.1288,-5.4307,4.9846,3.7764,4.1785,1.0808,-1.5206,9.1742
-0.4516,1.1398,1.0487,-0.4455,2.2391,0.3416,2.3669,-0.2153,-4.7105,4.6841,3.2432,3.5894,2.0228,0.0407,8.6726
-0.3856,0.9132,0.0855,-0.1901,1.1639,0.2345,2.1849,-1.6077,-4.0653,4.0941,2.6774,2.8519,2.8492,1.7847,8.2531
-0.1886,1.0394,-1.5973,-0.1583,0.839,0.3485,1.9021,-4.1726,-3.5845,3.5187,1.7522,2.1722,3.7212,3.7049,7.0801
-0.2726,0.2739,-4.0055,-0.0161,0.3037,0.4281,1.5394,-5.7189,-2.8939,3.3904,0.6008,1.2052,4.2971,5.524,5.7127
-0.3873,-0.4825,-5.7563,0.3558,-0.4057,0.3368,1.0782,-7.1726,-1.0208,2.7296,-0.7399,0.4216,4.9916,6.9746,4.6471
-0.2791,-1.1372,-7.4761,0.6746,-1.3891,0.9135,0.6112,-8.6381,0.0421,2.1182,-1.8939,-0.911,5.4371,8.0375,3.2511
-0.072,-2.3972,-8.8888,1.1124,-2.0887,0.6393,0.0755,-9.5924,1.6774,1.0995,-3.1984,-2.2693,5.9831,9.186,1.4585
0.0709,-3.1862,-9.4097,1.4703,-3.0302,0.4139,-0.6131,-9.5748,3.4346,0.0774,-4.0592,-4.3235,5.7408,9.8521,-0.5034
-0.027,-3.5309,-10.0072,1.6678,-3.5731,0.3314,-1.1971,-9.7172,4.562,-1.341,-4.5803,-5.791,5.2904,9.6211,-2.8417
0.1208,-4.3982,-10.1247,2.2707,-3.729,0.1746,-1.7879,-9.1062,5.5175,-3.08,-4.6913,-6.9186,4.8597,9.166,-4.9464
0.2071,-4.2529,-9.3117,2.6445,-3.62,0.1906,-2.7174,-8.041,6.3878,-4.5296,-4.3553,-7.5095,4.4159,8.0459,-6.9511
0.5081,-4.3638,-7.8337,2.9151,-2.741,0.133,-3.0073,-6.7543,6.8072,-5.1306,-3.6537,-8.0769,3.5116,6.3848,-8.0999
0.216,-3.7497,-6.9006,2.7201,-2.5073,-0.0087,-3.2611,-5.8235,5.8973,-5.3371,-3.2977,-8.3523,2.6992,4.2725,-8.3857
0.5012,-3.4855,-6.4788,2.5346,-1.9347,-0.4338,-3.1809,-3.8899,6.4328,-5.6173,-2.9392,-7.8946,1.7505,2.9041,-8.7493
1.2434,-3.3047,-4.3197,2.5755,-1.3106,-1.2168,-2.991,-1.7217,6.2273,-5.566,-2.1706,-7.4388,0.6249,1.153,-9.0224
1.5554,-2.33,-2.6208,2.214,-0.6637,-1.629,-2.8784,0.3381,5.0105,-5.4376,-1.2986,-6.7828,-0.5926,-0.898,-8.6537
1.0833,-0.9965,-0.9346,1.6728,-0.1126,-1.5616,-2.5628,2.7659,4.3384,-5.2654,-0.2954,-6.1253,-1.2958,-3.0387,-7.7948
0.7398,-0.6207,1.5839,1.491,0.524,-1.4791,-2.1652,4.4798,2.6724,-5.6291,0.9077,-5.1685,-2.3756,-5.152,-7.1996
0.862,-0.0202,3.9202,1.0196,1.6557,-1.3369,-1.9428,6.4159,1.6565,-5.9254,2.3995,-4.2586,-3.1714,-7.1132,-6.752
0.6448,0.7663,5.6288,0.5444,3.0873,-1.4566,-1.741,8.11,0.3554,-4.5427,3.9582,-2.9228,-3.8644,-8.6694,-4.9283
0.6702,1.7052,6.9957,0.0659,4.2712,-1.5628,-1.0248,9.35,-1.053,-3.49,5.2947,-1.1991,-4.3074,-10.1593,-3.0479
0.53,2.0961,8.1696,-0.3765,5.3494,-1.2635,-0.2941,10.3751,-3.1787,-2.1831,6.464,0.5001,-4.5384,-11.3388,-0.8934
0.2965,2.8105,9.0228,-0.8185,5.7434,-1.1074,0.5434,10.5523,-5.1153,-0.4269,7.0844,2.3313,-4.4939,-11.8329,1.7822
0.2778,3.4875,9.1069,-1.1651,5.8404,-1.1419,1.3635,10.3685,-6.0715,1.0269,7.3005,3.8851,-3.8525,-11.5532,4.2557
0.7316,3.752,9.1021,-1.4966,5.8439,-1.3653,1.9586,10.0889,-6.9076,2.4109,7.3452,4.6824,-3.1779,-10.737,6.1684
0.216,3.9838,8.9738,-1.7087,5.4008,-1.075,2.4114,8.8544,-7.2752,3.5932,7.2009,5.2522,-2.594,-9.59,7.8668
0.0512,3.3228,7.726,-1.6216,5.23,-0.6993,2.5972,7.5302,-7.2583,3.9104,7.094,5.7508,-1.9225,-7.8712,9.1153
-0.2131,3.4337,5.8356,-1.7248,4.9057,-0.6402,2.7629,5.8505,-7.5333,4.8165,6.1591,5.8527,-1.0812,-6.3778,9.6642
-0.2742,3.1392,4.6684,-1.705,4.3842,-0.3771,3.0202,3.9239,-6.9568,5.2236,5.3608,5.1688,-0.0731,-4.501,10.0113
-0.4898,2.9189,3.2127,-1.623,3.4115,0.0095,2.9639,2.5176,-6.4172,5.3134,4.299,4.6159,0.7718,-2.6721,9.9915
-0.2208,1.6476,1.8119,-1.0912,2.9768,-0.3145,2.8251,1.5438,-5.3438,4.4188,3.7198,3.7321,1.6693,-1.0792,9.2691
-0.3713,1.4462,0.6184,-0.7132,2.3504,-0.2126,2.5857,-0.6356,-4.6503,4.3996,2.9259,3.1672,2.9498,0.357,8.7412
-0.7106,1.0609,-0.72,-0.4953,1.892,0.1069,2.2047,-2.8567,-3.8354,4.2043,2.1746,2.2282,3.5953,2.1667,7.6994
-1.173,0.4871,-2.8012,-0.3543,0.8814,0.0987,1.8574,-5.0144,-3.1102,3.6901,1.2544,1.5769,4.3373,3.9764,6.6911
-0.5941,-0.5114,-4.9541,0.0456,-0.5412,0.1856,1.4202,-6.5451,-1.9861,2.5539,-0.0253,1.0477,5.1092,5.9227,5.7192
-0.4081,-1.3634,-6.9428,0.3579,-1.3339,0.2982,0.9209,-7.7976,-0.273,2.033,-1.6473,-0.1188,5.3916,7.6582,4.3507
-0.325,-2.2755,-8.0503,0.8638,-2.2827,0.3577,0.1288,-8.9441,1.2229,0.8935,-2.7869,-1.47,5.4179,8.8021,2.1125
-0.1389,-3.6174,-9.3899,1.4245,-2.287,0.5204,-0.4074,-9.5345,2.6477,-0.1899,-3.5876,-3.2042,5.6324,9.6948,-0.005
0.0063,-3.9964,-9.6501,2.0823,-2.4595,0.5432,-1.0907,-9.8453,4.0099,-0.68,-3.7686,-4.7442,5.8696,9.4859,-1.9152
0.5383,-4.3459,-10.0012,2.2372,-2.4603,0.3401,-1.7296,-10.0066,5.0238,-1.5343,-4.1343,-6.2987,5.2912,9.1542,-3.7358
0.5288,-3.9664,-9.9878,2.3555,-2.7504,0.2971,-2.2349,-9.3776,5.7071,-2.2447,-4.3958,-6.8025,4.6264,8.48,-5.2548
0.6679,-4.1746,-9.2103,2.4245,-2.9126,-0.0177,-2.5241,-8.2782,6.0945,-3.3909,-4.07,-7.1878,3.8665,7.56,-6.7214
1.0299,-4.0636,-7.6375,2.5488,-2.8163,-0.2402,-2.6831,-7.2018,6.1834,-4.4273,-3.5265,-7.3597,3.3458,6.1324,-7.3903
1.3014,-3.2961,-6.6972,2.2424,-2.2454,-0.702,-2.7734,-5.5309,5.8924,-4.7904,-3.1179,-7.3195,2.6769,4.998,-8.0621
1.493,-3.1069,-5.5068,2.0059,-1.8047,-1.2972,-2.8604,-4.2545,5.7895,-5.4112,-2.6124,-7.1057,1.6391,3.4235,-8.5306
0.8313,-2.9404,-4.7049,1.9845,-1.1104,-1.4007,-2.6712,-3.1462,5.1552,-5.4357,-1.9499,-6.8614,1.2152,1.8444,-8.5974
0.8154,-2.447,-3.6819,1.9598,-0.4103,-1.6868,-2.3414,-1.253,5.072,-5.2463,-1.357,-6.244,0.274,0.6011,-8.3419
0.7378,-1.4767,-2.2843,1.689,-0.1722,-1.8494,-2.1643,0.4691,4.5797,-5.2964,-1.0073,-5.6083,0.0552,-1.2531,-8.1577
0.8399,-1.766,-1.1716,1.36,0.203,-1.9228,-1.7498,2.6582,3.8249,-5.598,-0.0122,-4.8469,-1.2279,-3.2097,-7.6107
0.6556,-1.2342,0.9156,1.1503,0.9747,-1.7134,-1.5673,4.5688,3.1965,-5.4714,0.8019,-4.14,-2.0759,-5.1081,-7.0436
0.7096,-1.1449,3.2111,0.9978,1.6131,-1.4326,-1.5227,6.3574,2.0647,-4.8743,2.123,-3.5511,-3.0656,-7.0733,-6.2016
0.7404,-0.2789,4.8043,0.6873,2.7071,-1.6976,-1.1024,7.9837,1.0881,-4.121,3.4766,-2.3476,-3.5594,-8.8088,-5.1315
0.1517,0.811,6.1734,0.1847,3.7908,-1.1558,-0.1879,8.7943,-0.47,-3.2307,4.7449,-1.0393,-4.1288,-10.2061,-3.1431
0.3162,1.6495,7.2941,-0.41,4.2684,-1.3228,0.1695,9.5376,-2.7269,-2.3495,5.7482,0.3786,-4.0446,-11.154,-1.4497
0.2926,2.3475,8.1538,-0.8018,5.1862,-1.1359,0.5817,9.7454,-3.9467,-1.2344,6.3819,2.3111,-3.9965,-10.9666,0.4074
0.4081,2.5355,8.4855,-1.0133,5.2039,-1.1224,1.3559,9.8416,-5.1023,-0.2971,6.7074,3.7797,-3.8622,-10.8785,2.3898
0.4078,2.7753,8.6807,-1.4327,5.5856,-1.081,1.916,9.0613,-5.9946,1.3534,6.9611,4.7403,-3.0835,-10.2433,4.4553
0.3373,3.5955,7.9858,-1.653,5.7221,-1.0067,2.4251,7.8507,-6.8102,3.2287,6.779,5.3985,-2.3072,-8.8062,6.4852
0.1737,2.9964,6.6437,-1.6076,5.8529,-0.9146,2.6981,6.7615,-7.1863,4.3945,6.223,5.7067,-1.6258,-7.3607,8.0336
0.0564,2.2778,5.7438,-1.4335,5.0348,-0.6643,2.9381,5.1387,-6.3477,5.0988,5.6523,5.3063,-0.6567,-5.8676,9.0482
0.2525,1.9629,4.828,-1.386,4.7325,-0.5036,3.0259,3.5327,-6.16,5.7114,5.0441,4.9188,-0.0362,-4.3061,9.5299
-0.0032,2.0698,2.3834,-1.3701,3.8282,-0.5176,2.886,2.0138,-5.9444,5.8317,4.3029,4.6674,0.7653,-2.6992,9.5681
0.0094,1.1808,1.1341,-0.9841,2.9978,-0.3756,2.6637,0.6511,-4.7406,5.5302,3.2226,4.0883,1.8236,-1.0271,9.3634
-0.178,0.4144,-0.2465,-0.7869,2.3433,-0.1912,2.3288,-1.3612,-3.887,5.3208,2.3422,3.1957,2.8839,0.7465,8.7011
-0.0486,-0.1029,-1.9546,-0.3149,1.7233,-0.1065,2.1645,-3.1928,-2.8839,4.9439,1.8222,2.3174,3.167,2.8618,7.8862
0.0557,-0.6116,-3.6911,-0.1927,0.8286,0.0346,1.9453,-5.0711,-2.4559,4.5752,0.8886,1.5873,3.9604,4.7581,7.1302
0.0825,-1.2223,-5.8571,0.16,-0.0766,-0.096,1.6497,-6.5151,-1.1057,3.9957,-0.6121,0.7901,4.4981,6.5943,5.8175
-0.7008,-2.3285,-7.7829,0.5658,-1.1069,0.267,1.1609,-7.9398,-0.3935,3.1597,-2.046,-0.4973,4.9506,7.9541,4.3071
-0.0362,-3.5365,-8.99,1.1892,-1.9712,0.2456,0.7113,-8.6309,1.9573,1.7074,-3.088,-1.9273,5.3129,9.1157,2.1361
0.1462,-4.1861,-9.4939,1.7712,-2.7197,-0.5284,-0.4459,-9.3767,3.7126,0.3875,-3.7877,-3.857,5.3758,9.5197,0.4861
0.1615,-4.4904,-10.0073,2.1364,-2.9048,-0.4557,-1.0651,-9.4393,5.0632,-0.572,-4.1559,-5.0778,4.9913,9.4061,-1.7303
0.3071,-4.7385,-9.8979,2.5275,-2.8446,-0.5283,-1.5479,-9.0145,5.6747,-1.575,-4.2109,-6.199,4.7543,8.7825,-4.3826
0.4678,-4.7165,-10.0436,2.3676,-2.8665,-0.4158,-1.8858,-8.4628,6.1314,-2.7665,-4.4366,-6.621,4.175,7.8441,-5.9996
0.8446,-4.7631,-9.0927,2.5304,-2.804,-0.4237,-2.2107,-6.9493,6.844,-3.8275,-3.9602,-7.2288,3.4963,6.8708,-7.4449
0.9991,-4.519,-7.6913,2.6865,-2.4625,-0.9385,-2.6641,-6.1099,7.0244,-4.695,-3.3192,-7.3224,2.7294,5.3979,-8.229
1.3117,-3.355,-6.5841,2.4844,-1.8068,-1.3065,-2.5632,-4.4215,6.5665,-5.1428,-2.8737,-7.0516,1.6931,3.7152,-8.7858
1.115,-3.806,-5.1865,2.3579,-1.4609,-1.6088,-2.5616,-2.856,6.0603,-5.6862,-2.1535,-6.7786,0.9271,2.0181,-9.0223
1.2597,-3.3048,-4.0355,2.4206,-0.983,-1.6986,-2.1754,-1.0664,6.0705,-5.62,-1.202,-6.1559,-0.1568,0.4979,-8.7479
1.367,-2.9411,-2.1365,1.8337,-0.4277,-1.8114,-2.2872,0.3236,4.8139,-5.4188,-0.593,-5.4024,-1.0483,-1.2978,-8.0906
1.3135,-1.9568,-0.7636,1.5849,0.6088,-1.7864,-2.2209,2.7399,4.2207,-4.9647,0.1713,-4.6421,-1.9978,-2.9678,-7.6474
1.2342,-1.4965,1.2153,1.296,1.241,-1.1051,-1.7021,4.2376,2.9921,-4.7515,1.0695,-3.7705,-2.7807,-5.0672,-6.7619
1.199,-1.0708,3.1172,1.28,2.9803,-1.4243,-1.6676,6.0176,1.8753,-3.7129,2.2599,-2.7748,-3.3689,-6.634,-5.4634
1.116,-0.5113,4.3412,1.0448,3.5185,-1.484,-1.1726,7.1785,0.3597,-2.7003,3.8711,-2.1214,-3.8382,-8.4437,-3.8554
0.9362,0.7953,5.7211,0.6091,4.5108,-1.6268,-0.3106,8.4564,-0.9545,-1.3824,4.8296,-0.7512,-4.1904,-9.4745,-1.766
0.8712,1.4549,6.8594,0.2063,4.8426,-1.5617,0.2431,9.3148,-2.3831,-0.7387,5.548,0.8511,-3.9945,-10.2807,0.1859
0.6603,1.9017,7.3713,-0.2669,5.3692,-1.3257,0.7975,9.5994,-2.9768,-0.0425,6.2439,2.5202,-3.9191,-10.7436,2.1454
0.542,2.1245,7.6084,-0.7222,5.5612,-1.1056,1.5009,9.5182,-4.6372,1.5446,6.2838,3.6152,-3.8676,-10.9647,4.1559
0.6141,2.5181,7.5696,-1.0408,5.3145,-1.0537,1.9216,9.3233,-5.1663,2.722,6.433,4.3258,-3.4018,-10.0758,5.8412
0.6054,2.5157,7.3972,-1.472,5.2213,-1.0089,2.6529,8.4645,-5.3618,3.4246,6.2607,4.8041,-2.5917,-9.0886,6.4275
1.0223,1.7692,7.1995,-1.1735,4.7095,-1.4154,3.1987,7.4224,-5.8552,3.6182,6.4156,5.0816,-2.1709,-7.9793,7.7188
0.6265,1.8949,6.1513,-1.3341,4.8169,-1.0611,3.0738,5.8344,-6.3682,4.8767,5.691,5.2312,-1.2595,-6.4107,8.7894
0.2677,2.1614,4.6183,-1.2476,4.5777,-0.6377,2.9991,4.2487,-6.4307,5.6231,5.3104,5.0609,-0.4404,-4.4225,9.547
0.4638,1.637,2.9711,-0.9438,4.0396,-0.6651,2.9367,2.4738,-6.083,5.5998,4.7389,4.7223,0.3454,-2.7475,9.5698
0.5483,1.3122,1.007,-0.7028,3.6089,-0.582,2.5276,0.809,-5.4023,5.9468,3.7116,4.2713,1.053,-0.7999,9.4182
0.2973,1.0786,-0.5579,-0.3917,2.4576,-0.0829,2.5195,-1.0864,-4.5967,5.7343,2.8567,3.2596,2.1802,0.9658,8.8065
0.3659,0.7697,-1.9077,-0.3955,1.632,-0.0336,2.2183,-3.2964,-3.3764,5.0814,1.9085,2.9387,3.0893,3.0319,7.9394
0.4763,-0.0045,-4.5968,0.0011,1.1785,0.2098,2.1161,-5.4141,-2.7472,4.5237,0.6871,2.1174,3.7361,4.917,7.0359
0.3075,-0.746,-6.522,0.4486,0.2559,0.4023,1.3963,-7.2142,-1.1299,4.0759,-1.0667,0.8339,4.7104,6.7969,5.4219
0.19,-1.9719,-8.6556,0.9922,-1.3373,0.4301,1.1555,-8.2373,0.6562,2.7646,-2.11,-0.7624,5.2679,8.1269,3.3004
0.7076,-3.1489,-9.2968,1.5744,-2.1507,0.0888,0.4325,-9.0111,2.8455,0.5973,-2.8957,-2.2222,5.7491,9.1334,0.9445
0.7768,-3.8741,-9.8838,2.1984,-2.604,-0.2805,-0.2402,-9.4619,4.0214,-0.0741,-3.6625,-3.7894,5.3457,9.3884,-1.1085
0.9097,-3.9997,-10.4554,2.5667,-2.743,-0.4577,-0.6673,-9.4023,5.349,-0.9577,-3.9237,-5.094,4.9748,9.3596,-3.1134
1.044,-4.3143,-10.3342,2.706,-2.7583,-0.5721,-1.4713,-8.86,6.252,-2.1684,-4.0709,-5.9446,4.4859,8.6721,-4.6798
1.3663,-4.8303,-9.2126,3.1154,-2.646,-0.9118,-1.69,-7.8192,6.8471,-3.1078,-3.6985,-6.5612,4.4288,7.821,-5.8471
1.5533,-4.4132,-8.5898,3.17,-2.156,-1.3469,-1.9087,-6.8354,7.3329,-3.5838,-3.4414,-6.9213,3.3516,6.4862,-6.5907
2.0947,-3.9836,-6.7998,3.2129,-1.8923,-1.6721,-2.4185,-5.2751,6.9,-4.1253,-2.7721,-6.8637,2.5293,4.6423,-7.6023
2.1595,-3.4655,-5.4679,2.8615,-1.3698,-2.1419,-2.3753,-3.9804,5.8638,-4.2204,-2.0628,-6.7701,1.4695,3.0586,-7.8332
1.6015,-2.8471,-4.5374,2.6752,-0.9046,-2.0521,-2.1324,-2.4861,5.6591,-4.709,-1.1064,-6.207,0.7087,1.7826,-7.807
1.5246,-2.8062,-3.3358,2.7659,-0.27,-2.0727,-2.1249,-1.2106,5.0934,-4.689,-0.3852,-5.4966,-0.1525,0.5806,-7.5115
1.5871,-1.7477,-2.099,2.258,0.2413,-2.0928,-2.1572,0.085,4.3688,-4.4374,-0.1421,-4.7453,-0.7643,-0.8202,-7.3216
1.3856,-1.3501,-1.2968,2.2021,0.7612,-1.9548,-1.8299,1.6536,3.3576,-4.5523,0.4504,-4.1554,-1.7358,-2.7258,-6.8548
1.1767,-1.0145,-0.0086,1.9968,1.5291,-1.8436,-1.4923,3.581,3.0548,-4.4319,1.1736,-3.4872,-2.4694,-3.8785,-6.3209
0.8824,-0.5448,1.6545,1.6886,2.2344,-1.7131,-1.1863,5.0185,1.9552,-4.1668,2.0422,-2.8418,-3.1014,-5.6827,-5.4718
1.0633,-0.0756,3.8104,1.4517,3.8964,-1.304,-0.5511,6.1503,1.0945,-3.2732,3.387,-2.0683,-3.465,-6.9556,-4.143
1.172,0.9965,4.9926,1.0361,5.3668,-1.4717,0.1604,6.9238,-0.8295,-1.4577,4.6622,-0.7553,-3.7186,-8.4845,-2.0965
1.2353,1.7217,5.5782,0.6498,5.9398,-1.439,0.709,7.6736,-2.2392,0.2636,5.9258,0.7604,-3.5594,-9.254,0.0461
0.9159,2.2131,6.0721,0.126,5.9128,-1.2925,1.5157,7.5187,-3.4354,1.7924,6.1418,2.3309,-3.2758,-9.4608,2.2656
0.9805,2.2833,5.9711,-0.2525,5.7442,-1.2161,1.8265,7.4572,-4.2351,2.4566,5.8754,3.4981,-2.873,-8.9815,4.2822
0.5947,2.4561,5.6668,-0.3788,5.1445,-1.0936,2.2931,7.4173,-4.2584,2.9684,5.6661,4.0249,-2.6492,-7.8958,5.5646
0.5964,2.493,5.1618,-0.7627,5.0126,-1.1775,2.6745,6.5167,-4.6746,3.0069,5.3449,4.3803,-2.0218,-7.1225,6.3237
0.7926,1.9822,4.8259,-0.6285,4.6642,-1.0559,2.7262,5.831,-4.7865,3.409,5.0299,4.3444,-1.1197,-5.8653,6.896
0.8387,2.103,4.3062,-0.3115,4.5492,-1.1338,2.9262,4.5439,-5.0562,3.7259,4.8975,4.2683,-0.436,-4.7894,7.8204
0.6928,1.7678,2.9834,-0.4483,4.3662,-1.1385,2.7599,3.7105,-5.0576,4.3754,4.4789,4.2324,0.0048,-3.6433,8.1988
1.0098,1.359,1.8145,-0.3209,3.8049,-1.4259,2.7134,2.5011,-4.6605,4.6385,3.9735,3.8049,0.5494,-2.1973,8.3995
0.7284,1.1613,0.9884,-0.2224,3.2564,-1.0836,2.8473,0.2571,-4.3789,4.5296,3.2013,3.343,1.238,-0.8518,8.1502
0.5241,0.7038,-0.6835,0.1102,2.7199,-0.8388,2.5561,-0.669,-2.9543,4.1736,2.6462,2.8271,2.1584,0.6412,7.4629
0.1988,0.5754,-1.7522,0.1623,2.2649,-0.7311,1.7734,-2.7043,-2.5048,3.6739,1.8033,2.2913,2.8996,2.2234,6.7085
0.3515,-0.4432,-3.8278,0.1864,1.5273,-0.4673,1.4914,-4.3012,-1.5329,3.2652,0.6964,1.3908,3.2605,3.6517,5.6597
0.3956,-1.0651,-5.3649,0.5296,0.3005,-0.507,1.1709,-5.1822,-0.1065,2.9456,-0.4703,0.2685,3.5743,5.0117,4.7973
0.5308,-1.9829,-6.5295,1.102,-0.6835,-0.1587,0.9311,-6.4328,1.1838,1.8916,-1.4318,-0.8058,3.8551,6.0717,3.3369
0.7328,-2.7545,-7.5734,1.5755,-1.8664,-0.1016,0.6342,-7.0047,2.7815,0.8718,-2.177,-1.9238,3.9192,6.878,1.6438
0.8033,-3.3232,-8.1655,1.9046,-1.9753,-0.2811,-0.0119,-7.1573,3.7006,-0.5081,-2.7992,-3.4793,4.0145,7.3972,-0.1756
0.9195,-3.6651,-8.5798,2.1805,-1.8966,-0.5174,-0.6593,-7.4041,4.829,-1.4464,-3.0569,-4.4775,3.9646,7.2608,-2.2438
1.0639,-3.746,-8.4834,2.4067,-2.1035,-0.5374,-1.0631,-7.088,5.5271,-2.4715,-3.0773,-4.9162,3.3893,6.7547,-4.0788
1.0521,-3.9781,-8.2687,2.7589,-2.0111,-0.5448,-1.4472,-6.4381,5.863,-3.5763,-3.0973,-5.5108,3.0258,6.0223,-5.5818
1.5503,-3.7647,-7.5072,2.9833,-1.696,-0.5581,-1.8747,-5.67,6.3019,-4.1975,-2.6146,-6.2441,2.6154,4.8756,-6.5222
1.523,-3.6748,-6.6881,2.7504,-0.602,-0.7526,-2.0952,-5.3073,6.1972,-4.0162,-2.5131,-6.1462,1.8598,3.5281,-7.0713
1.4934,-2.9455,-6.5042,2.323,-0.6079,-0.9292,-1.9756,-4.2298,5.6994,-3.7458,-2.3041,-5.9917,1.2521,2.3399,-7.2163
1.4228,-3.0005,-5.1692,2.2465,-0.4984,-1.0348,-2.1259,-2.7356,5.8132,-4.3414,-1.8448,-5.7062,0.7494,1.2569,-7.0769
1.4402,-3.0632,-4.2786,2.5615,-0.6264,-1.5929,-1.9377,-0.9323,5.2436,-4.6559,-0.6466,-5.2459,0.1669,0.0346,-7.1507
1.7468,-2.5638,-2.5194,2.7825,-0.2024,-1.8108,-1.6893,0.1687,4.6448,-4.9815,0.2303,-4.7355,-0.6957,-1.0858,-7.2585
1.5828,-1.3126,-1.5569,2.246,0.581,-1.9128,-1.4848,1.3453,3.2727,-4.5093,0.8825,-4.074,-1.4744,-2.5456,-6.4477
1.3997,-0.6952,-0.3388,1.8564,1.1809,-1.9205,-1.2998,3.1214,3.405,-4.6607,1.2169,-3.1772,-2.4388,-4.1038,-6.2241
1.3912,-0.6085,1.4417,1.3639,2.4291,-1.6378,-1.4555,4.648,2.5624,-4.541,1.9859,-2.3174,-2.9965,-5.4732,-5.5732
1.5135,-0.3099,3.144,1.2181,3.0837,-1.645,-0.9123,5.5392,1.3374,-3.7284,3.2913,-1.6978,-3.5406,-7.1671,-4.2638
1.2228,0.4768,4.1573,0.9382,4.0006,-1.7074,-0.4091,6.8134,0.0629,-2.7143,4.2723,-0.5809,-3.8088,-8.3413,-2.4561
1.3326,0.8872,4.9127,0.783,4.3228,-1.5679,-0.1284,7.633,-0.8573,-1.9371,5.1512,0.5564,-3.7731,-8.971,-1.2778
1.0841,1.4057,5.8548,0.4161,4.3152,-1.379,0.4042,7.8979,-2.1796,-1.2341,5.8177,1.934,-3.8509,-9.4139,0.0647
0.7177,2.0905,5.9951,0.0379,4.686,-1.1687,0.8158,7.9208,-3.1679,-0.1826,6.3121,3.025,-3.4922,-9.3368,1.8466
0.9233,2.1473,6.0477,-0.177,4.8545,-0.9465,1.3783,7.187,-3.4839,0.3139,6.4223,3.9706,-3.1184,-9.0001,3.2398
0.8262,2.0858,5.575,-0.5297,4.7265,-1.1227,2.002,6.7741,-4.5111,1.458,5.9845,4.6622,-2.6073,-8.3297,4.9262
0.6731,1.8092,5.0463,-0.5594,4.8541,-0.8819,2.7747,6.3775,-4.5017,2.4399,5.8532,4.9375,-2.1884,-7.266,6.0964
0.5721,1.6188,4.5102,-0.711,4.1692,-0.4874,2.8014,5.5404,-4.4715,3.1706,5.2865,4.9821,-1.4129,-6.2643,7.174
0.019,1.8588,3.3294,-0.5645,3.9356,0.0228,2.663,4.2481,-4.3884,3.4565,4.7949,4.7964,-0.7145,-4.9265,7.4432
0.3449,1.0985,2.5513,-0.5178,4.4632,0.076,2.6758,2.7636,-4.3625,3.7119,4.5356,4.4343,-0.2492,-3.6249,7.5398
0.7074,1.2167,1.1949,-0.3639,3.5578,0.0879,2.8788,1.3757,-3.5489,4.2535,3.6807,3.8851,0.5443,-2.3616,7.7569
0.7675,0.6033,0.0851,-0.1769,2.5816,-0.0495,2.7012,0.0292,-3.1532,4.0502,3.1402,3.2824,1.5482,-1.0734,7.7558
0.9742,0.6664,-1.1261,-0.012,1.8217,-0.1367,2.413,-1.5844,-2.6708,3.7212,2.3123,2.9342,2.3191,0.7403,6.9283
0.8915,-0.2572,-3.066,0.4088,1.0635,-0.1217,2.2441,-2.8826,-1.694,2.8655,1.4391,2.3764,3.1575,2.6003,5.9278
0.6887,-1.0304,-4.9617,0.6693,0.4225,-0.2841,1.879,-4.9269,-0.8274,2.7266,0.2219,1.5911,3.5792,4.2714,4.98
0.654,-1.4674,-6.3069,0.9762,-0.4908,-0.3825,1.4578,-6.3579,0.3506,2.1311,-1.0429,0.5152,3.8347,5.7803,3.3207
0.8792,-2.6875,-7.5916,1.3702,-1.2645,-0.4308,1.0252,-7.329,1.7873,1.0495,-2.1298,-0.7021,4.2798,7.0875,2.0707
0.7044,-3.1177,-8.0666,1.8172,-2.0116,-0.3894,-0.1616,-7.7108,3.3373,0.2473,-2.7794,-2.2979,4.5005,7.9964,0.627
0.9768,-4.0368,-8.3837,2.417,-2.1121,-0.524,-0.7179,-8.1714,4.1551,-0.6827,-3.1082,-3.6194,4.2471,8.1949,-1.2643
1.0439,-3.7716,-8.6373,2.6717,-2.2196,-0.372,-1.1607,-8.2825,4.4858,-1.3971,-3.3429,-4.5553,4.0226,8.1596,-3.0178
0.9622,-3.9256,-8.9658,2.7781,-2.3169,-0.5788,-1.636,-8.0762,5.3809,-2.5327,-3.5094,-5.5488,3.4131,7.7768,-4.8857
1.0205,-4.1303,-8.8741,2.9097,-2.4766,-0.3453,-2.0112,-8.1415,5.7093,-3.5678,-3.4299,-6.0645,3.1671,7.0842,-6.8038
1.1819,-4.0909,-8.7066,2.9701,-2.2565,-0.4375,-2.0453,-7.0644,6.6259,-4.3249,-3.2446,-6.5265,2.595,6.303,-7.9379
1.5273,-3.7074,-7.8377,2.871,-1.8264,-0.4559,-2.0733,-5.863,7.032,-4.3964,-3.114,-6.2775,2.1515,5.1156,-8.1921
1.6536,-3.4466,-6.9329,2.876,-1.6419,-0.7651,-2.0539,-4.5726,7.0643,-4.8496,-2.8517,-5.9987,1.1969,3.5888,-8.7664
1.7666,-3.7753,-5.8166,2.6105,-1.4385,-1.0051,-2.1205,-3.2849,6.6928,-5.5329,-2.1431,-6.0943,0.7358,2.0978,-8.9153
1.7392,-3.2831,-4.583,2.5561,-0.8975,-1.1937,-2.1799,-2.3171,5.9438,-5.0925,-1.5648,-6.0473,0.2222,0.7246,-8.7922
1.6745,-2.7884,-3.5432,2.2533,-0.2502,-1.0673,-1.9211,-0.9279,5.496,-4.5919,-1.242,-5.521,-0.9983,-0.3885,-8.2188
1.36,-2.3834,-2.9058,2.0545,-0.2857,-1.2202,-1.9596,0.6879,5.3965,-4.9253,-0.6229,-4.773,-1.7847,-1.8599,-7.9449
1.5971,-2.1849,-1.7389,2.0653,0.0361,-1.4497,-1.6604,2.958,4.6836,-5.3009,-0.0871,-4.1005,-2.5491,-3.4647,-7.3901
1.3948,-1.8397,0.6997,1.923,0.5218,-1.3485,-1.726,5.1699,4.6685,-5.5031,0.9142,-3.6495,-3.3113,-5.3169,-7.1715
1.363,-1.1358,3.3202,1.8193,1.4199,-1.5274,-1.429,6.6457,2.9686,-5.5159,2.5807,-2.9875,-3.9766,-7.7559,-6.1062
1.4899,0.0166,5.2345,1.2935,2.758,-1.7272,-1.2834,8.2928,1.3827,-4.4618,4.2782,-1.8451,-4.7543,-9.4001,-4.819
1.4199,1.0404,6.474,0.7208,3.871,-1.6594,-0.7634,9.775,-0.0805,-3.543,5.4612,-0.2649,-5.3658,-11.1204,-3.0271
1.425,1.7751,7.8318,0.2773,4.6919,-1.4835,-0.0614,10.7412,-1.7568,-2.6666,6.427,1.534,-5.5463,-12.0379,-1.2835
1.5559,2.272,8.7289,-0.2076,5.1349,-1.8458,0.4947,10.9312,-3.336,-1.3373,7.081,2.8846,-5.6393,-12.5166,0.5008
1.5392,3.1959,9.1363,-0.8428,5.7439,-1.9837,1.312,10.9708,-4.7194,0.5162,7.5823,4.4047,-5.2048,-12.2788,2.6364
1.3546,3.4456,9.0651,-1.1957,5.6275,-1.7479,2.0561,11.232,-4.9483,1.7865,7.5604,5.43,-4.9553,-11.5117,4.9747
1.1958,3.4322,8.7286,-1.2201,5.8634,-1.8936,2.7202,10.4072,-5.864,2.7973,7.5728,6.1741,-4.3567,-10.7791,6.6463
0.7168,3.3495,8.3789,-1.3161,5.5718,-1.5007,3.2614,9.1877,-6.2006,3.9609,7.3197,6.5656,-3.4717,-9.9023,8.1509
0.5691,3.138,7.4445,-1.1726,5.2259,-0.9875,3.6882,7.5026,-6.7271,4.575,6.9864,6.6539,-2.5101,-8.244,9.2716
0.4627,2.7311,5.7906,-1.1204,4.7855,-0.6603,3.694,5.9138,-6.4451,4.9351,6.3725,6.3137,-1.9772,-6.5014,9.8939
0.4287,2.2905,4.5796,-1.0531,4.1773,-0.543,3.7121,3.9789,-5.929,5.8004,5.4005,5.933,-1.0403,-4.5451,10.4732
0.3478,1.741,2.6898,-0.9835,4.1899,-0.2027,3.8823,2.221,-5.8404,6.15,4.6051,5.5049,0.0713,-2.4796,10.1779
-0.0331,1.6684,0.067,-1.104,3.202,0.1998,3.6943,0.2101,-4.7297,6.0935,3.1801,4.9485,1.429,-0.6722,10.0133
0.3972,0.6479,-1.1246,-0.6047,2.0496,0.5646,3.3087,-1.706,-3.0531,5.431,1.8691,3.8553,2.583,1.384,9.4164
1.0175,-0.7026,-2.5624,0.157,1.5146,0.3645,3.0265,-3.6083,-2.118,5.0194,0.9186,2.5697,3.2632,3.5023,8.1656
0.7692,-0.766,-4.5283,0.3745,0.4846,0.474,2.6136,-5.797,-1.2598,5.3019,-0.1096,1.5368,4.0466,5.1499,7.2604
0.84,-2.0064,-6.5182,0.9509,-0.322,0.3871,2.3884,-7.2091,0.5531,5.1531,-1.178,0.427,4.5322,7.046,6.4298
0.7351,-2.2948,-8.2146,1.2056,-1.6326,0.3393,1.9608,-8.3521,2.008,4.0057,-2.4621,-0.8205,5.2123,8.2114,4.7939
0.7213,-3.0959,-9.23,1.7047,-2.8606,0.329,1.4468,-9.0093,3.7707,2.1791,-3.4568,-2.6016,5.2609,9.0651,2.2785
0.5302,-3.7325,-9.4914,2.316,-3.416,0.1601,0.6332,-9.8505,5.3684,0.1533,-4.0939,-4.0904,5.3572,9.1886,0.302
0.5174,-3.9587,-10.4335,2.7627,-3.7902,0.2076,-0.246,-10.1949,5.9997,-1.3149,-3.8863,-5.238,5.1697,9.056,-1.9867
0.8147,-4.3264,-10.3665,3.0004,-3.9945,0.0642,-0.9372,-9.6334,6.9527,-3.0186,-4.2299,-5.7166,4.7788,8.7543,-4.0449
0.5721,-4.3463,-10.2317,3.0548,-4.1118,0.1677,-1.4072,-8.9017,7.4064,-4.2209,-4.0817,-6.3592,4.2149,7.9409,-6.1656
1.6996,-4.2126,-9.0187,2.9796,-3.4992,-0.3541,-1.455,-8.1418,8.1354,-5.3772,-4.2316,-6.9882,3.6018,6.924,-7.8191
1.6211,-3.6542,-8.0406,2.8558,-3.0424,-0.7767,-1.9908,-6.7174,8.0116,-5.3665,-3.7751,-7.0423,2.786,5.5116,-8.3957
1.7191,-3.935,-6.9578,2.998,-2.6814,-0.8744,-2.0811,-4.9748,7.7046,-5.7994,-3.0819,-7.0105,1.9903,3.8108,-9.2299
2.1653,-3.3308,-4.8157,2.8471,-2.3098,-1.4134,-1.9605,-3.5154,7.4701,-5.5737,-2.2629,-6.4929,0.9844,2.2949,-9.1457
2.1073,-2.787,-3.8258,2.6139,-2.1182,-1.7311,-1.8099,-2.2138,6.2251,-5.6657,-1.3628,-5.7888,0.201,0.6249,-8.9738
1.8292,-2.3048,-3.142,2.5287,-1.3045,-1.8617,-2.344,-0.5203,5.8285,-5.8968,-0.7205,-5.2181,-0.7151,-0.5273,-8.4557
1.8914,-1.5456,-1.7948,2.234,-0.8644,-1.7881,-2.1511,0.4323,5.2327,-5.9207,-0.2334,-4.5867,-1.759,-2.2674,-8.0512
1.7428,-0.7722,-0.6421,1.7569,0.026,-1.6533,-1.8032,2.3601,4.2594,-5.5149,0.3679,-3.9415,-2.4413,-3.89,-7.5527
2.0718,-0.4594,1.5378,1.5055,0.7035,-2.0116,-1.3025,4.1012,3.6918,-5.2684,1.5386,-3.0857,-3.1163,-5.4843,-6.7778
1.9278,0.1841,3.2692,1.2646,1.4903,-2.0307,-1.193,5.7609,2.9842,-4.3954,2.7583,-2.0013,-3.6,-7.0842,-4.9795
1.8391,1.0844,4.9253,0.8187,2.6317,-2.094,-0.7856,6.9362,1.1248,-3.6453,4.0082,-1.1125,-4.1311,-8.5519,-3.902
1.4515,1.695,6.0514,0.5179,3.7206,-2.0587,-0.3179,7.7455,-0.391,-2.6379,4.9479,0.2978,-3.7663,-9.4743,-2.0964
1.4968,2.1015,6.4122,0.1243,4.1471,-1.7275,0.2876,7.9118,-2.0393,-1.4363,5.3907,2.0289,-4.0809,-10.1668,-0.2649
1.5009,2.3849,6.4266,-0.2352,4.2798,-1.6452,0.912,8.269,-2.4016,0.115,5.7457,3.4138,-4.3103,-9.948,1.7589
1.382,2.464,6.6665,-0.3557,4.2254,-1.8943,1.6393,8.6353,-2.9675,0.9677,5.863,4.3646,-4.0675,-9.807,3.3907
0.9015,2.9401,6.6916,-0.5992,4.3325,-1.7576,2.1215,8.1026,-3.5017,1.9662,5.7155,5.1313,-3.3764,-9.3057,4.7017
1.0626,3.0663,6.8259,-0.9057,4.3561,-1.6385,2.4642,7.5295,-4.1714,2.5829,5.266,5.3517,-3.0535,-8.6744,6.1701
0.8503,2.8035,6.4187,-0.8394,4.3671,-1.1477,2.7406,6.96,-4.696,3.3678,5.2528,5.3708,-2.524,-7.6488,7.3566
1.0822,2.9069,5.6924,-0.9582,3.9994,-1.0514,3.0338,6.3726,-5.1481,4.0925,5.0943,5.2783,-1.9426,-6.5512,8.0672
0.7564,2.7433,4.7227,-0.9275,3.4451,-0.7955,3.1399,5.4722,-4.4914,4.1411,4.809,5.2083,-1.5063,-5.2526,8.5082
0.7198,3.0234,4.1222,-0.6361,3.0409,-0.6496,3.1664,4.0976,-4.2879,3.9909,4.4756,4.8359,-0.6869,-4.2102,8.4782
0.8573,2.5324,3.1109,-0.5097,2.4997,-0.6189,3.124,2.6361,-3.9027,3.8125,3.9763,4.3995,0.1989,-3.1275,8.1994
0.7681,2.0268,1.9194,-0.5929,1.8621,-0.4386,3.0708,1.2835,-3.433,4.2874,3.3711,4.1861,1.1329,-1.7443,8.1532
0.6855,1.8145,0.8927,-0.4458,1.5641,-0.3103,2.6615,-0.6001,-3.2128,4.0018,2.6456,3.706,1.9145,-0.3525,7.9998
0.5992,1.0901,-0.3987,-0.1784,1.1344,-0.3978,2.4489,-2.5111,-2.1427,3.9328,1.9447,3.2858,2.4456,1.6518,7.2305
0.6292,1.118,-2.7585,-0.0922,0.9554,-0.2982,2.31,-4.4299,-1.5465,3.7801,1.1272,2.6161,3.2435,3.5468,6.3177
0.9127,-0.1045,-5.0692,0.2052,-0.1119,-0.2615,2.1961,-5.6045,0.0177,3.4545,-0.1714,1.5314,3.7972,5.2221,5.0583
1.0875,-0.8014,-6.2809,0.7948,-1.1537,-0.367,1.7877,-7.1974,1.1645,2.7396,-1.3103,0.4735,4.3986,6.51,3.9029
1.2016,-1.4839,-7.2878,1.1912,-1.8223,-0.4541,1.2736,-7.91,2.5832,2.2043,-2.3758,-0.5078,4.7982,7.5769,2.5682
0.8519,-2.3676,-8.653,1.7146,-2.667,0.0646,0.7469,-8.7704,3.9557,1.6502,-3.0196,-1.9265,4.8621,8.2461,1.0535
1.1643,-3.4351,-9.29,2.1426,-2.904,0.0229,0.208,-8.8467,5.3314,0.5855,-3.761,-2.8826,4.4574,8.8668,-0.3211
1.2681,-3.5575,-9.9625,2.494,-3.8219,-0.1748,-0.0461,-9.1673,6.0224,-0.0666,-3.9972,-4.1998,4.5149,8.6053,-1.7843
1.0892,-4.1646,-10.2101,2.7397,-4.3141,-0.4293,-0.4622,-8.5348,7.3455,-1.6822,-4.2753,-5.3415,4.1973,8.524,-3.6685
1.2024,-3.8827,-9.3321,2.8587,-4.7207,-0.3355,-1.3291,-8.2413,7.8286,-3.5428,-4.2332,-6.3877,3.8261,7.5684,-5.2771
1.345,-4.3602,-8.6105,3.1626,-3.8454,-0.6357,-1.889,-7.6939,7.6195,-4.5123,-3.9169,-6.6886,3.0589,6.2833,-7.0468
1.5959,-4.2296,-8.1917,3.1277,-3.3491,-0.9414,-2.2656,-6.0092,7.6776,-4.4017,-3.2505,-6.6439,2.2026,5.2969,-7.5118
2.1051,-3.3745,-7.023,2.8122,-3.1371,-1.4746,-2.5092,-4.4792,7.628,-4.9168,-2.5901,-6.4556,1.4081,4.0438,-8.3159
2.0297,-2.4607,-5.3535,2.5635,-1.9831,-1.9543,-2.3435,-3.422,6.9818,-4.9713,-2.1416,-6.0084,0.5349,2.6085,-8.3925
1.4668,-1.9714,-4.5903,2.3212,-1.8978,-1.675,-2.0727,-2.0851,6.5378,-4.9812,-1.7659,-5.6254,-0.0561,1.1014,-8.276
1.473,-1.9319,-3.7386,2.2881,-1.639,-1.212,-1.8611,-0.886,6.1334,-5.5097,-1.0369,-5.1236,-0.4902,-0.4432,-8.1882
1.3241,-2.0856,-2.7505,2.2278,-1.0535,-1.237,-1.739,0.7807,5.5004,-5.1452,-0.4396,-4.4055,-1.0912,-2.0846,-7.8609
1.5017,-1.3851,-1.1905,1.7617,-0.365,-1.1972,-1.7361,2.6076,5.45,-4.8546,0.1408,-3.8231,-1.9025,-3.7687,-7.4419
1.3777,-0.9995,0.8211,1.6309,0.4428,-1.239,-1.4873,4.4782,4.4583,-4.7475,1.1594,-3.5967,-2.8103,-5.6855,-6.572
1.4935,-0.4643,2.801,1.4417,1.1655,-1.1226,-0.994,6.1281,3.0909,-4.1407,2.4157,-2.7521,-3.424,-7.5867,-5.5512
1.6271,0.2341,4.2703,1.1322,2.1715,-1.3055,-0.8196,7.6098,1.9561,-3.3731,3.6566,-1.2989,-4.0496,-8.9532,-4.4594
1.4344,0.8399,5.8332,0.8345,2.9323,-1.7568,-0.2356,8.847,0.3682,-2.4772,4.7723,0.1614,-4.3174,-10.1721,-3.3476
1.4623,1.7883,7.0434,0.2785,3.253,-1.7092,0.2579,9.4233,-1.0314,-1.4699,5.5874,1.5593,-4.1176,-10.8861,-1.2124
1.2507,2.5264,7.6324,-0.1422,3.7791,-1.5217,0.7542,9.5724,-2.363,-0.622,6.2664,3.0804,-4.1826,-11.1722,0.6424
1.1466,2.4204,7.5328,-0.374,4.2955,-1.4204,1.1576,9.7546,-3.2563,0.1672,6.6002,4.2629,-4.0397,-10.7282,2.6636
1.183,3.029,7.4686,-0.7493,4.4846,-1.363,1.7582,8.571,-4.4045,1.804,6.6734,5.2677,-3.4163,-10.4224,4.5586
1.2262,3.0026,6.8069,-0.7689,4.1866,-1.3327,2.2583,7.8028,-4.8687,2.8577,6.3488,5.8761,-3.1885,-9.3673,5.9329
1.1484,2.8643,6.078,-0.8699,4.1487,-0.9068,2.7801,6.0358,-5.2699,3.6667,5.954,5.9697,-2.1844,-8.2035,7.221
1.0743,2.8584,4.83,-1.0604,3.4849,-0.6674,2.8154,5.2881,-4.6021,4.7334,5.1336,5.8551,-1.4283,-6.4373,8.4395
1.0891,2.2364,3.6044,-0.7931,3.1018,-0.469,3.0194,3.7954,-4.4741,4.8677,4.5859,5.3767,-0.519,-4.7995,8.704
0.9202,1.9605,2.0208,-0.6213,2.9268,-0.1511,2.8226,2.5263,-3.7046,5.2914,3.7603,4.8666,-0.1786,-3.1123,8.997
1.0521,1.3497,1.1816,-0.4313,2.0215,-0.1546,3.1641,1.4006,-3.0918,5.0027,3.2084,4.4644,0.5515,-1.9621,8.221
1.4337,1.2826,0.2596,-0.1409,1.2356,-0.3833,2.8797,1.0813,-2.1268,4.7805,2.9055,4.0961,1.3295,-0.5727,7.5094
1.3148,1.0677,-0.4979,-0.1017,0.9937,-0.3985,2.2406,-0.9033,-1.9878,4.25,2.2535,3.3366,2.2129,0.581,6.9399
1.2972,0.6721,-1.5761,0.2481,0.3502,-0.3962,2.2361,-2.7976,-0.8861,4.1261,1.5902,2.8218,3.1988,2.3465,6.8008
1.3958,0.4114,-3.4223,0.0456,-0.419,-0.35,1.9676,-4.4205,-0.6999,3.7921,0.4904,1.8858,3.6474,3.5683,5.624
1.4076,-0.8742,-5.5245,0.5339,-1.2845,-0.1994,1.7032,-6.2335,0.2204,3.3407,-0.5991,1.0285,4.4098,5.38,4.0287
1.0746,-1.5323,-7.4266,0.8285,-2.336,-0.3075,1.3582,-7.0119,1.5025,2.4522,-1.9154,-0.0351,4.5586,6.9525,2.2698
1.4071,-2.4556,-8.3206,1.3968,-3.0437,-0.4585,0.8011,-7.6787,3.0781,1.2901,-2.8712,-1.5191,4.7178,7.9636,0.7733
1.7437,-3.4067,-9.0695,1.9461,-3.7908,-0.7653,0.3298,-7.9857,4.7753,0.1108,-3.4477,-3.0476,4.62,8.2103,-0.9191
1.8031,-3.0271,-8.7794,2.2552,-4.5392,-0.6092,-0.2695,-7.7071,5.7553,-0.8723,-3.8633,-4.2366,4.4105,8.1684,-2.9487
1.6854,-3.4206,-8.8758,2.6328,-4.1876,-0.7494,-1.0423,-7.2072,7.0215,-2.9736,-3.6636,-5.3007,3.805,7.6161,-4.6875
1.726,-3.1999,-8.2862,2.9939,-3.8676,-0.847,-1.5949,-6.7112,7.1429,-4.0593,-3.1711,-5.4851,3.3496,6.7375,-6.2115
1.6771,-3.9844,-7.7693,3.1374,-3.5951,-1.0248,-1.9328,-5.834,7.096,-4.2761,-2.8563,-5.6149,2.7203,5.5471,-7.0747
1.9067,-3.38,-6.9699,3.0539,-2.9359,-1.0586,-2.0745,-5.1012,6.8808,-3.9377,-2.3506,-5.3273,2.1597,4.3058,-7.4334
1.9619,-2.158,-6.0916,2.6358,-2.6848,-1.2391,-1.9162,-3.0847,7.1687,-3.9498,-2.0219,-5.0595,1.5169,3.0004,-7.462
2.3031,-1.9343,-5.187,2.4843,-2.4837,-1.4448,-1.8194,-2.4377,6.9396,-4.7491,-1.8866,-4.8803,0.7863,1.3826,-7.945
2.1694,-1.8939,-3.9608,2.4093,-2.3067,-1.6542,-1.9886,-1.164,6.7397,-5.4234,-1.2012,-4.7685,0.2658,-0.2811,-8.1176
1.4866,-1.5016,-3.0602,2.2995,-1.9183,-1.5581,-1.6547,0.2447,6.1083,-5.4948,-0.5737,-4.1197,-0.5951,-1.539,-7.7601
1.3623,-1.1357,-1.9006,2.291,-1.2206,-1.5446,-1.4897,2.0203,5.3304,-5.2892,-0.034,-3.5325,-1.493,-3.0339,-7.1936
1.7762,-0.7799,-0.5507,2.1392,-0.4171,-1.6333,-1.2603,4.3477,4.8625,-5.3367,0.5778,-3.1754,-2.4427,-4.8901,-6.8766
1.5761,-0.4282,1.6975,1.9032,0.3364,-1.1757,-0.997,5.9133,4.0484,-5.1769,1.6335,-2.6144,-2.9525,-6.939,-5.9741
1.5133,0.5946,3.4767,1.6396,0.91,-1.1716,-0.7381,7.4352,3.0272,-4.3786,2.8057,-1.7857,-3.5982,-8.6962,-4.984
0.9967,0.9736,4.7792,1.2988,2.0256,-0.7058,-0.2733,8.3863,1.7382,-3.7264,4.0457,-0.7,-4.0582,-10.1366,-3.8157
1.0963,1.9335,6.1594,1.0013,2.8029,-0.7654,0.2175,9.2811,0.3801,-2.755,5.0741,0.7228,-4.3288,-11.1553,-2.2114
1.0347,1.8459,7.0556,0.902,3.4733,-0.6744,0.6419,9.67,-1.7297,-1.4733,6.1939,2.3961,-4.1974,-11.765,-0.5941
1.134,2.8702,7.602,0.3393,3.9291,-0.611,1.1372,9.2261,-3.1619,0.1698,6.5449,4.0143,-4.2101,-11.6067,1.4543
0.5479,4.2457,6.8006,-0.1238,4.455,-0.417,2.5266,9.2196,-3.8218,1.6584,6.4258,5.0001,-3.8544,-11.2573,3.4539
0.7718,3.9299,6.6467,-0.2889,4.3389,-0.2624,2.7941,8.6455,-3.7199,2.5413,6.2762,5.4383,-3.2959,-10.4999,5.3503
0.8039,3.3238,6.6492,-0.1999,3.69,-0.1408,3.3167,8.2935,-3.9432,3.2779,6.1193,5.6353,-2.5445,-9.6574,6.8373
0.9257,3.4234,6.0053,-0.2922,3.1766,-0.0108,3.5998,7.6625,-3.8634,3.4973,6.1674,5.7113,-2.1276,-8.5661,7.5924
0.8928,3.3211,5.6582,-0.2774,2.8443,0.1858,3.4091,5.9834,-4.4064,4.0606,5.5626,5.692,-1.2063,-7.3285,8.2257
0.9506,3.1351,4.6841,-0.1483,2.873,0.1736,3.3146,4.658,-4.173,4.552,5.0594,5.4925,-0.6761,-5.5644,8.6572
0.9073,2.7388,3.3302,0.0946,2.6193,0.0984,3.209,3.0719,-4.1192,5.1632,4.4681,5.3047,0.2016,-4.3617,8.7426
1.0487,1.2646,1.9173,0.4263,1.7719,0.038,2.9741,1.7059,-3.8043,5.2226,4.0755,4.722,1.1275,-2.672,8.9052
0.6164,1.4949,0.197,0.5153,1.155,0.304,2.8191,0.0077,-2.8556,5.704,3.2742,4.2743,1.763,-0.9428,8.8142
0.4636,1.6671,-1.1267,0.4408,0.4002,0.2183,2.3417,-2.0645,-2.1406,5.2315,2.2291,3.7506,3.0096,1.0795,8.3238
0.6818,0.7424,-2.951,0.7484,-0.2376,0.1169,1.9842,-3.6705,-1.3293,4.5465,1.3628,2.8091,3.5854,3.2423,7.1977
0.7537,0.3909,-5.1795,1.0084,-0.9435,-0.4428,1.8059,-5.5049,-0.4199,4.288,-0.0931,1.8811,4.3965,4.9618,5.7334
0.6287,-2.2608,-6.825,1.765,-2.0688,-0.2504,1.418,-6.8171,1.1068,3.4541,-1.3719,0.7422,4.5162,6.5904,4.1628
1.0373,-2.3728,-8.0021,2.171,-3.0278,-0.178,0.9912,-7.5305,2.791,3.1181,-2.3609,-0.7146,4.9576,8.0907,2.5746
1.0919,-2.3561,-8.5413,2.5554,-3.8911,-0.0844,0.3974,-8.1053,4.6487,2.0736,-3.0724,-2.5804,5.0913,8.901,1.109
0.756,-2.5849,-9.4647,2.9787,-4.1402,0.0653,-0.3604,-8.8608,5.0129,0.6,-3.3871,-4.1195,4.8602,8.8833,-0.0416
0.5744,-2.9623,-9.9017,3.0564,-4.3125,0.1048,-1.0366,-8.2598,6.896,-0.7502,-3.5484,-5.0108,4.5854,8.9713,-2.3383
0.3871,-3.4926,-9.7137,3.5724,-4.5308,0.502,-1.8265,-8.0861,8.0065,-2.3583,-3.5215,-5.6781,4.0757,7.929,-4.4363
1.0341,-3.4178,-9.0498,3.6921,-4.2576,0.117,-1.9554,-7.199,8.3212,-3.4785,-3.3801,-6.0794,3.3392,6.7642,-5.9547
1.8305,-3.4585,-7.8871,4.1144,-4.0336,-0.2334,-2.1368,-6.1296,8.1841,-3.9906,-2.8184,-6.3129,2.7157,5.5108,-7.1849
1.9428,-2.9003,-7.0274,3.8209,-3.8074,-0.3839,-2.0839,-4.5182,8.055,-4.452,-2.2392,-6.0609,1.8825,4.1473,-7.9115
1.9824,-2.4416,-5.7493,3.5581,-3.227,-0.5819,-2.1875,-3.2463,7.7083,-4.9465,-1.755,-5.7841,1.503,2.5891,-7.9248
1.5459,-1.7179,-4.7149,3.3378,-2.9735,-0.3071,-2.1068,-2.1665,7.2116,-5.0544,-1.1649,-5.1159,0.774,0.9594,-7.8343
1.6306,-2.0473,-3.628,3.2659,-2.555,-0.4298,-2.1403,-0.7272,6.7347,-5.2156,-0.6968,-4.6348,-0.2561,-0.2589,-7.9017
1.3215,-1.3899,-2.4002,3.1374,-1.802,-0.6585,-1.9962,0.7629,6.0713,-5.102,0.0354,-4.2148,-1.3328,-1.56,-7.8827
1.7155,-0.8422,-1.0309,2.9027,-1.2104,-0.9519,-1.7492,2.3479,5.4002,-5.2642,0.7485,-3.3832,-1.8394,-3.3968,-7.558
1.6478,-1.0685,0.3265,2.731,-0.1402,-0.8726,-1.3935,3.6837,4.4044,-4.7499,1.9132,-2.711,-2.4939,-5.0295,-6.9479
1.7739,-0.3538,1.948,2.553,0.4967,-1.228,-0.9532,5.6742,3.7233,-3.9093,2.9125,-1.7836,-2.7721,-6.8622,-5.5175
1.6754,0.8315,3.6314,2.1079,0.997,-1.4227,-0.653,7.2355,2.9703,-3.3095,4.0111,-0.7876,-3.4874,-8.2937,-4.4162
1.9585,1.5184,5.6405,1.6648,1.498,-1.4198,-0.1235,8.7125,2.0242,-3.4813,5.1119,0.2231,-3.7856,-9.3973,-3.7944
1.4126,2.5263,6.9345,1.086,2.3578,-1.4387,0.0924,9.1327,-0.0411,-2.5623,5.8566,1.7059,-4.1476,-10.4229,-2.1374
1.3112,2.7201,7.8353,0.5613,3.2676,-1.403,1.0179,9.4603,-1.7344,-1.7703,6.6945,3.1484,-4.1193,-10.7404,-0.3913
1.0449,2.9524,7.8637,0.2499,4.1394,-1.1922,1.3418,9.1699,-3.3638,-0.0944,7.133,4.2114,-4.0227,-10.6594,1.714
1.2336,3.1769,7.2183,0.1166,4.2105,-1.2525,2.0214,9.0392,-3.6949,1.678,7.3437,5.2586,-3.6435,-10.0958,4.037
1.0705,3.7586,7.1625,-0.0887,3.6448,-1.3903,2.5968,8.9553,-4.2911,3.1762,7.2911,5.8186,-3.2715,-9.3323,5.9148
0.7325,3.5042,7.2273,-0.53,3.3714,-1.0672,2.8756,7.6351,-4.7934,3.4843,6.9585,6.0156,-2.6355,-8.2391,7.2454
0.7326,3.4762,6.0612,-0.5387,3.1347,-0.8168,3.1606,6.4269,-4.5973,4.1996,6.5809,6.1343,-2.1435,-6.7569,8.0843
0.5305,3.1206,4.8428,-0.5558,2.5552,-0.5785,3.0191,5.1895,-4.677,4.4543,5.977,5.9799,-1.3571,-5.4012,8.2904
0.3136,2.1837,3.7749,-0.0944,2.4633,-0.1703,2.8682,4.2041,-3.8973,4.4921,5.3734,5.7539,-0.6963,-3.6465,8.3578
0.1778,2.1411,2.4721,0.357,1.9017,0.3829,2.7841,2.1865,-3.9293,5.0315,5.0438,5.2614,0.351,-2.5919,8.8702
0.397,1.6258,0.8825,0.363,1.2709,0.3802,2.847,0.4622,-3.7425,5.0918,4.1202,4.5883,1.2365,-1.2273,8.6831
0.3205,1.4853,-0.4731,0.4668,0.6164,0.4454,2.694,-1.1007,-2.3675,4.8872,3.2118,4.0261,2.186,0.8061,8.4947
0.2752,0.9466,-1.9983,0.7133,0.1673,1.0078,2.4251,-3.3981,-1.9053,4.6296,2.481,3.4669,3.019,2.7935,7.3219
0.1856,0.3503,-4.6489,0.9431,-0.8277,1.1837,2.1793,-5.4157,-0.6749,4.3902,1.418,2.4951,3.8418,4.6714,6.4792
0.7573,-0.5208,-6.3779,1.2508,-1.5926,0.8659,1.5403,-7.5948,0.9153,3.6122,-0.4053,1.6565,4.5787,6.5082,4.955
0.5176,-1.7888,-8.063,1.8071,-2.8494,0.7431,1.1555,-8.278,2.461,3.2395,-1.6522,0.333,5.1235,7.768,3.6568
0.403,-2.1183,-9.8341,2.1592,-4.0183,0.7787,0.5752,-9.1282,4.0993,1.9722,-2.758,-1.4815,5.3895,8.571,2.0342
0.5715,-3.1341,-10.3205,2.64,-4.7124,0.8367,-0.4255,-9.2783,6.0291,0.4338,-3.5449,-3.4593,4.9473,9.1907,-0.2009
0.1826,-3.3304,-10.5208,3.018,-5.2677,0.8058,-1.287,-9.3667,7.1849,-1.1562,-4.0835,-4.8315,4.743,8.7599,-2.8613
0.8341,-4.1091,-10.2632,3.539,-4.9776,0.7735,-1.7888,-8.8233,7.7814,-3.1358,-3.8587,-5.7276,4.1003,8.0623,-5.322
1.6015,-3.8705,-10.0206,3.5041,-4.8729,0.4383,-1.9908,-8.098,8.2466,-4.0528,-3.875,-6.2932,3.3728,7.0667,-7.21
1.2703,-3.5875,-8.9952,3.5302,-4.2232,0.0825,-2.4915,-6.793,8.6508,-4.4695,-3.4862,-6.5909,3.0931,5.8116,-8.1449
1.2376,-2.7985,-7.7231,3.3038,-3.9691,0.1991,-3.1319,-5.4834,8.9794,-5.0605,-3.1517,-6.656,2.2916,4.1309,-8.9728
1.4186,-3.131,-6.7023,3.3299,-3.7886,-0.0929,-2.9804,-4.066,8.4867,-5.7615,-2.5828,-6.6324,1.0023,2.4312,-9.6883
1.3222,-2.7626,-5.4317,3.2097,-3.0761,-0.2542,-2.5881,-2.1568,8.186,-5.7506,-1.8199,-6.1995,-0.006,0.8473,-9.5927
1.3065,-1.9656,-3.8213,2.5943,-2.1878,-0.3212,-2.3763,-0.8015,7.5912,-5.9291,-1.2592,-5.4394,-0.7653,-1.1709,-9.3156
1.2997,-1.5269,-2.4546,2.7293,-1.8663,-0.509,-2.1148,1.413,6.8142,-5.8041,-0.3348,-4.8203,-1.8895,-2.9503,-8.6436
1.2971,-1.312,-0.534,2.5543,-1.6364,-0.7169,-1.9398,3.6657,5.7927,-5.7555,0.7508,-4.2341,-2.5469,-5.1892,-7.9914
0.9244,-0.8534,1.5662,2.2983,-0.6871,-0.5431,-1.5972,5.844,4.8539,-5.494,1.7984,-3.1141,-3.691,-7.095,-7.206
1.356,-0.2509,3.7744,2.0353,0.1395,-1.0727,-1.2833,7.8284,3.69,-5.4651,3.2283,-2.1465,-4.5559,-9.0832,-6.1894
1.2117,0.8703,5.8434,1.7857,1.378,-1.0653,-0.9323,9.1223,2.1933,-4.4393,4.726,-0.9434,-4.9743,-10.4503,-4.7808
1.12,2.2458,7.2613,1.2228,2.4166,-0.9231,-0.4408,10.2814,0.4508,-3.3336,6.1751,0.4197,-5.1868,-11.7175,-3.0394
1.0637,2.9498,8.3292,0.632,3.7022,-1.0447,0.0468,10.8108,-1.3569,-2.1756,7.1983,2.3347,-5.4609,-12.4776,-1.2675
1.0754,3.7188,9.1065,0.1104,4.2043,-1.1398,0.771,11.052,-3.1109,-0.8677,7.9062,3.9684,-5.6315,-12.8641,0.9351
0.7067,4.1013,9.2991,-0.2742,4.0957,-0.8754,1.7553,10.96,-4.0896,0.4947,8.0831,4.97,-5.1489,-12.6687,3.2567
0.9283,3.9698,9.0725,-0.4587,4.2292,-0.6291,2.2586,9.993,-5.024,1.8052,8.0851,6.1259,-4.3676,-11.9384,5.2525
0.6918,3.5846,8.2393,-0.6474,4.1229,-0.7539,2.8108,9.0662,-5.414,3.2558,7.9002,6.7455,-3.7482,-10.4787,7.075
-0.0411,3.8175,6.9476,-0.6872,3.3754,-0.3614,3.0713,7.7072,-5.6143,4.1247,7.6238,7.1124,-2.7992,-9.0159,8.4443
-0.0824,4.0432,6.1656,-0.7224,3.0709,0.1757,3.062,6.0962,-5.6776,4.488,6.7611,7.1075,-1.9665,-7.0423,9.0135
0.0665,3.1916,4.6688,-0.4124,2.5168,0.0221,3.1169,3.7821,-5.3952,4.5657,6.1916,6.6822,-1.4769,-5.2085,8.9316
0.2082,2.8463,3.2812,-0.2628,1.802,0.0923,2.9964,2.5469,-4.2101,4.6197,5.3418,5.9022,-0.3431,-3.2274,8.7853
-0.0419,2.3063,1.7833,-0.1994,1.2073,0.5294,2.7155,0.7309,-3.6044,4.9492,4.7949,5.4518,0.9966,-1.6139,8.567
0.1035,2.0773,0.3154,-0.0121,0.5001,0.5081,2.6097,-1.6961,-2.9902,4.6636,3.8086,4.8606,2.1443,0.1619,8.0501
-0.0501,1.6549,-2.003,0.4385,0.1569,0.5752,2.4287,-3.191,-1.8353,4.6151,2.6174,4.0823,2.823,2.2649,7.268
0.4142,0.3737,-3.6687,0.7817,-0.791,0.5894,2.1669,-4.9674,-1.0255,4.3872,1.5476,2.7835,3.7068,4.0016,6.3845
0.5752,-0.3101,-5.0921,1.5428,-1.8058,0.4492,1.7301,-6.9208,-0.2754,3.8013,0.5642,1.7263,3.914,5.5464,5.3033
0.5271,-0.7247,-7.1382,1.7365,-2.7303,0.3009,1.1585,-7.6413,1.7688,3.4179,-0.6071,0.487,4.564,7.3335,4.43
0.4824,-1.722,-8.165,2.2458,-3.8649,0.3567,0.623,-8.8473,2.9075,1.7796,-1.8891,-0.7389,4.6334,8.1733,2.5757
0.4812,-2.6846,-9.1825,2.4785,-4.7435,0.1568,-0.1648,-9.0991,4.8438,0.6447,-2.7129,-2.7225,5.0047,8.917,0.4504
0.759,-3.6597,-9.5843,2.7987,-4.8241,-0.2903,-0.8803,-9.1707,6.1611,-0.5988,-3.0878,-4.0976,4.4404,8.9714,-1.5737
0.3787,-3.2182,-9.6281,2.9726,-4.8227,-0.1651,-1.5446,-9.2151,6.8701,-1.4998,-3.07,-4.7577,4.0708,8.7696,-3.7831
0.8451,-3.4794,-9.2546,3.1121,-4.8541,-0.3525,-2.1241,-8.7686,7.4044,-2.963,-3.069,-5.4192,3.5862,8.032,-5.9112
1.0248,-3.4346,-9.126,3.2132,-4.5852,-0.4143,-2.8092,-7.9853,7.6483,-3.5435,-3.052,-5.7549,2.9214,7.0592,-6.9662
0.936,-3.1573,-8.1682,3.0334,-4.4174,-0.4836,-2.6585,-6.7253,8.1102,-4.4365,-3.1314,-6.207,2.2102,5.9281,-8.5261
0.8354,-2.7341,-7.4056,2.96,-4.1648,-0.8195,-2.5956,-5.4817,8.647,-5.2571,-2.7788,-6.3643,1.7661,4.3077,-9.3345
0.8997,-3.1571,-6.2253,3.0653,-3.8211,-1.0991,-2.5786,-3.9639,7.5642,-5.8933,-2.1718,-6.1894,1.1559,2.6127,-9.604
0.9923,-2.3967,-5.2191,2.7529,-3.3982,-1.1931,-2.5531,-2.5067,7.551,-6.012,-1.3981,-5.9813,0.1589,1.1625,-9.5051
1.2225,-2.2791,-4.4128,2.7132,-2.8349,-1.39,-2.4007,-0.7651,7.6424,-6.0613,-0.8656,-5.4409,-0.6905,-0.4187,-9.4041
1.1778,-1.8451,-2.0933,2.8756,-2.4424,-1.5129,-2.4312,1.2146,6.8028,-5.8751,0.1487,-4.9429,-1.7917,-2.2786,-9.1013
1.6448,-0.9742,-0.0993,2.6666,-1.5774,-1.6688,-2.1841,3.5466,5.686,-5.5883,1.207,-4.1229,-2.6534,-4.4554,-8.4419
1.4849,0.2497,2.5014,2.2385,-0.901,-1.5239,-1.7901,4.8521,4.8306,-5.2244,2.5161,-3.2198,-3.5578,-6.5063,-7.4877
1.087,0.6434,3.9588,1.7549,0.3898,-1.6776,-1.4572,6.7195,3.1467,-4.4273,4.0023,-2.3151,-4.3492,-8.0775,-5.6679
0.9831,1.6005,5.7071,1.2856,1.2247,-1.3215,-1.1655,8.0493,1.647,-3.453,5.0292,-0.829,-4.9646,-9.5315,-3.5262
0.5136,2.6749,6.3655,0.6801,2.4794,-1.1039,-0.5837,8.9993,0.3316,-2.5023,6.0718,0.5466,-5.1097,-10.4963,-1.9359
0.408,2.7076,7.5134,0.2896,3.3662,-1.0256,0.0393,9.431,-1.2108,-1.4297,6.7494,2.1816,-5.1568,-11.2024,-0.7099
0.6706,3.604,7.9543,-0.0053,3.5227,-1.1023,0.6018,9.7584,-2.6327,-0.0846,7.2261,3.48,-4.9038,-11.3269,2.1222
0.8425,3.6155,7.8482,-0.3646,3.5466,-1.1737,1.4915,9.5196,-3.6138,1.0768,7.2144,4.509,-4.7967,-11.2348,4.0875
0.7914,4.3081,7.9293,-0.7553,4.293,-1.195,1.8181,8.2534,-4.0458,2.8775,6.6774,5.1516,-3.8239,-10.5195,5.5401
0.3762,3.5076,7.0313,-0.6993,4.1175,-1.1221,2.523,7.7074,-4.6048,4.3187,6.7445,5.3908,-3.4671,-9.3025,7.2182
0.2811,3.5715,6.3317,-0.3515,3.2993,-1.0267,2.9248,6.6382,-4.8071,5.1631,6.7247,5.6822,-2.7322,-7.8304,8.3773
0.0048,3.372,5.3037,-0.4205,2.7765,-0.7548,2.6166,5.3419,-4.8637,5.2423,6.2104,5.745,-1.8888,-6.3563,9.1494
0.0493,3.1792,4.0616,-0.502,2.0456,-0.2652,2.9424,3.4386,-5.0413,5.1579,5.5634,5.4335,-1.1808,-4.865,9.5164
-0.0337,2.7986,2.5253,-0.3355,1.4025,-0.0847,2.7705,2.0249,-4.0189,4.9801,4.948,5.0424,-0.155,-2.8447,9.5575
0.0594,1.9076,1.0505,-0.0352,1.086,0.1794,2.543,0.4953,-3.3081,4.607,4.2015,4.6466,0.5907,-1.0715,8.9688
0.2778,1.7162,-0.1079,0.1128,0.7091,-0.1051,2.6025,-1.3791,-2.7251,5.0883,3.1867,3.997,1.4466,0.752,8.3823
-0.0319,1.4256,-1.8135,0.3062,-0.1082,0.0377,2.3443,-3.0946,-2.1627,4.7563,2.2662,3.1109,2.2567,2.6742,7.6666
-0.0585,0.6018,-3.9982,0.5949,-0.9257,0.2404,2.1343,-5.7255,-1.2794,4.0943,0.9539,2.1627,2.9768,4.3877,5.7597
-0.1409,0.042,-6.7905,0.8412,-1.9806,0.3129,1.5263,-7.4573,0.057,3.4287,-0.5729,1.0408,3.8686,6.3869,4.5554
-0.7387,-0.6819,-8.3288,1.094,-2.8524,0.7398,1.1876,-8.4645,2.197,2.2566,-2.153,-0.3744,4.4087,7.6731,3.0227
-0.254,-2.3356,-9.3717,1.6299,-3.8108,0.5744,0.5732,-9.6123,3.7016,0.7518,-3.4022,-2.2687,4.6296,8.3935,1.0151
-0.1403,-3.3731,-10.0136,2.4672,-4.7291,0.8612,0.1225,-9.8265,5.7857,-0.1381,-3.7962,-3.8302,4.6036,8.7707,-0.7776
0.1312,-3.0217,-10.0989,2.9534,-5.0665,0.818,-0.5065,-9.452,6.8622,-1.1274,-3.8521,-5.4527,4.4799,8.6957,-2.6763
0.1557,-3.2539,-10.0749,3.2429,-5.2387,0.596,-1.3635,-9.3781,7.3428,-2.5284,-3.8948,-6.0569,3.9809,7.9076,-4.3368
0.1642,-3.2249,-9.5844,3.33,-5.0984,0.2971,-1.8111,-8.6145,7.8869,-3.5593,-3.676,-6.7317,3.2866,7.2516,-5.9571
-0.0644,-2.8254,-9.2333,3.2045,-4.7535,0.1932,-2.1959,-7.8843,7.836,-4.665,-3.434,-6.7187,2.891,6.1072,-7.4278
0.359,-4.3658,-8.8395,3.757,-4.59,0.4247,-2.3546,-7.272,7.8381,-5.4778,-2.9138,-6.8526,2.3784,4.6096,-8.4612
0.6714,-3.1647,-8.0445,3.4113,-4.0098,0.1464,-2.3337,-5.8391,8.321,-5.0402,-2.8071,-6.5976,1.4369,3.3506,-8.5527
1.0346,-2.7247,-6.6772,3.4335,-3.963,-0.0617,-2.4751,-4.3021,8.0265,-5.3746,-2.1459,-6.7887,0.9493,2.1944,-8.7097
0.6539,-3.4028,-5.3695,3.5344,-3.7573,-0.0836,-2.4225,-2.8669,7.7967,-5.8488,-1.3175,-6.3462,0.3163,0.5892,-8.9142
0.9164,-2.8187,-4.1032,3.4357,-3.0287,-0.2866,-2.5043,-1.5141,7.3703,-5.7101,-0.7619,-5.6015,-0.3418,-0.8105,-8.2366
0.9638,-1.9459,-2.4962,3.0572,-2.3437,-0.4508,-2.2377,-0.1593,6.1009,-5.1313,-0.0724,-4.9343,-1.0256,-2.2675,-8.122
1.1568,-1.1859,-1.0878,2.4236,-1.6989,-0.8928,-2.2062,1.6168,5.2215,-4.777,0.7886,-4.3516,-1.815,-3.9574,-7.1366
1.248,-0.7116,0.3925,2.0861,-1.0261,-1.3254,-1.7823,3.5077,4.2891,-4.2636,1.5683,-3.6518,-2.9464,-5.3437,-6.3558
0.7612,0.0749,2.0699,1.8221,-0.3394,-1.1869,-1.4076,5.4202,3.5335,-4.0182,2.4967,-2.6372,-3.7142,-6.5775,-5.5578
0.6214,0.4752,4.0799,0.8864,0.7404,-1.2606,-0.927,5.884,2.0585,-3.6136,3.3362,-1.7931,-3.971,-8.3489,-4.9416
1.006,1.3964,5.172,0.5736,1.7373,-1.3479,-0.5069,7.5777,1.2669,-2.9112,4.2911,-0.7213,-4.3478,-9.1368,-3.3554
0.9826,2.2519,6.3452,0.2457,2.6875,-1.312,-0.0223,8.0582,-0.3327,-1.6038,5.3223,0.6111,-4.4478,-10.0535,-1.8213
0.9862,3.0593,6.91,-0.1466,3.2624,-1.4702,0.6154,8.2642,-1.9568,-0.4717,5.9984,1.945,-4.2456,-10.4453,0.1286
0.9607,3.2319,7.1232,-0.4446,3.3329,-1.6858,1.1742,8.4047,-2.6609,0.5506,6.3275,3.0029,-4.0231,-10.372,2.3589
0.6794,3.1044,7.0832,-0.5418,3.3622,-1.8231,1.4712,8.5068,-3.0983,1.8251,6.3542,4.02,-3.9595,-9.8515,4.0819
0.0884,3.6177,7.0603,-0.8164,3.4032,-1.5301,2.2147,7.9672,-3.8286,2.8351,6.1547,4.586,-3.7868,-9.2641,5.5442
0.1883,2.9608,6.542,-0.5934,3.0141,-1.35,2.4048,7.6015,-3.944,3.2552,6.1804,4.8604,-3.1837,-8.2838,6.7738
0.023,2.7549,6.0765,-0.5473,2.2492,-1.0571,2.6825,6.031,-4.1361,3.6141,6.0945,5.0085,-2.3189,-7.3441,7.523
-0.0968,3.1092,5.637,-0.7966,1.9761,-0.5625,2.6552,4.5264,-3.6672,3.9586,5.6865,5.2045,-1.632,-5.6783,7.5696
0.0652,2.9039,4.3237,-0.766,1.7359,-0.6957,2.496,3.1121,-4.0354,4.0359,5.1467,5.0682,-0.5811,-4.2678,7.718
0.0851,2.959,2.5954,-0.6161,1.5933,-0.4487,2.6991,1.7206,-3.8262,4.2106,4.4971,4.79,0.1042,-2.7741,7.5376
0.1258,2.3675,1.616,-0.1812,0.907,-0.5707,2.934,0.2045,-3.1157,4.1304,3.6784,4.2845,0.768,-1.2289,7.8487
-0.2929,2.4942,-0.2694,-0.1567,0.7419,-0.2521,2.3401,-0.7244,-2.3266,4.1617,2.7453,3.7841,1.5527,0.4964,7.3932
-0.1349,1.4792,-1.7096,-0.0383,-0.0215,-0.1093,2.2419,-2.36,-1.3161,3.7796,1.6279,2.9452,2.2271,1.9289,6.6618
-0.095,0.6688,-3.411,0.4175,-1.0013,-0.1803,1.9038,-4.2503,-0.5157,3.491,0.7716,2.2215,3.0119,3.3652,5.7418
0.0572,-0.0358,-4.8825,0.7005,-1.9262,-0.2087,1.6334,-5.5769,0.3478,2.7483,-0.2906,1.1224,3.5668,4.7622,4.5566
0.0284,-0.807,-5.9338,1.0822,-2.6167,-0.0418,1.174,-6.774,2.3108,2.1215,-1.111,-0.2349,3.8997,6.0161,3.3029
0.1414,-1.743,-7.0904,1.5945,-2.9032,-0.0,0.4956,-7.6702,3.1308,1.6742,-1.7521,-1.5287,4.1905,6.6547,1.8543
0.71,-2.3611,-7.8158,1.974,-3.4669,-0.3855,0.1121,-8.0346,4.5511,1.0124,-2.3259,-2.7813,3.9054,7.0042,0.4661
0.1999,-2.7161,-8.4218,2.4074,-3.9791,-0.1836,-0.7439,-8.2022,5.1413,0.682,-2.6103,-3.9241,3.7135,7.1146,-0.6998
-0.0662,-3.0255,-8.6763,2.6143,-4.3454,-0.0187,-1.3629,-8.324,6.2347,-0.488,-2.8897,-4.8329,3.6319,6.9538,-2.3272
-0.0909,-3.1118,-8.5354,2.8524,-4.4914,0.1246,-1.9066,-8.7502,6.6046,-2.0067,-2.6763,-5.4253,3.4052,6.0699,-4.3951
0.0617,-2.842,-9.0568,2.8342,-3.9808,0.1949,-1.7395,-7.8929,6.8912,-2.9185,-2.6182,-5.7955,2.821,5.7836,-5.4385
0.8156,-3.3023,-7.9617,3.0654,-4.0403,-0.2014,-1.4932,-7.1803,7.3438,-3.672,-2.6188,-5.8218,2.5922,4.9127,-6.6345
0.9416,-3.0983,-7.0529,3.007,-3.4368,-0.4994,-1.9243,-5.2221,7.9201,-3.6604,-2.1431,-5.8479,2.1867,3.8258,-6.61
0.9479,-2.893,-5.8053,2.8234,-4.033,-0.7307,-2.127,-4.5296,7.2423,-4.0351,-1.7887,-6.0313,1.5243,2.2949,-6.9145
0.6575,-2.2052,-4.7547,2.7032,-3.4517,-0.7295,-2.4826,-3.1159,7.4558,-4.6837,-1.2438,-5.6419,0.817,1.3963,-7.1268
0.6162,-1.8196,-3.2094,2.399,-2.7345,-0.9216,-2.8008,-1.6178,6.7146,-4.8313,-0.6311,-5.2064,-0.1744,-0.0762,-7.3224
0.7133,-1.392,-1.7091,2.3387,-1.7381,-1.0381,-2.7224,-0.4563,5.9599,-4.8276,0.2994,-4.7108,-1.1749,-1.3694,-7.0875
0.4204,-0.9484,-1.0296,2.1053,-1.0492,-1.0887,-2.5948,0.8211,4.8826,-4.3364,1.0703,-3.5133,-2.0947,-2.8498,-6.4333
0.7612,-0.6175,0.1854,1.8403,-0.5712,-1.357,-2.1616,2.7433,4.6182,-3.971,1.7675,-2.7257,-2.9272,-4.7458,-5.5282
0.5771,0.5764,1.9818,1.4677,-0.1328,-1.4787,-1.8997,4.4766,3.7984,-4.0257,2.9504,-2.3153,-3.4691,-6.6306,-4.78
0.443,1.451,3.3163,0.9159,0.8823,-1.3531,-1.5271,5.3937,2.4805,-3.8013,3.7508,-1.2229,-4.058,-7.9618,-4.1803
0.7171,1.9124,4.669,0.5755,2.8281,-1.3991,-1.2103,6.7066,1.5087,-3.0847,4.7844,-0.3808,-4.1167,-8.8736,-2.9637
0.7253,2.3719,5.897,0.4153,3.4549,-1.2836,-0.5008,7.017,-0.1077,-1.1192,5.7365,0.6956,-4.355,-10.2503,-1.1353
0.4955,3.0909,6.1851,0.0334,3.4194,-1.2544,0.2596,7.8019,-1.2172,0.1222,6.0751,2.1285,-4.144,-10.5645,0.631
0.2828,3.0139,6.3941,-0.3907,3.6917,-1.2016,0.6354,8.4863,-1.4989,1.1907,6.3991,3.2526,-4.2936,-10.6103,2.8764
0.3472,3.4744,7.1797,-0.8304,3.5363,-1.3337,1.2909,8.3108,-2.671,2.2924,6.236,4.338,-4.0822,-10.6133,4.6315
0.3811,3.9031,7.3381,-1.0414,2.566,-1.244,1.6355,7.7842,-3.4593,2.5244,6.4373,4.6843,-3.7518,-10.0902,5.7215
0.3274,3.3735,6.9121,-1.0799,2.7573,-1.2811,1.7529,7.2988,-4.2642,2.7875,6.4513,5.0282,-3.3954,-8.6868,6.6289
0.1257,3.2478,5.7602,-1.0368,2.8437,-1.4102,1.6446,6.8792,-3.8141,3.1531,6.264,5.053,-2.9744,-7.4093,7.1865
0.0083,3.3455,5.7864,-1.1301,2.6742,-1.2399,2.0556,5.1452,-4.0328,3.7649,6.1712,5.1636,-2.7398,-6.4989,7.8043
-0.0934,3.7529,5.1257,-1.0929,2.5822,-0.9582,2.2497,3.6426,-4.2363,4.3725,5.8509,4.952,-1.9049,-5.1564,8.4575
-0.1664,3.4425,3.6412,-1.1356,2.9124,-0.7533,2.7169,2.3474,-4.0374,4.9742,5.3219,4.9268,-1.0569,-3.7005,8.6065
-0.5502,2.2263,2.1512,-0.7354,2.0543,-0.5106,2.6479,0.6218,-3.4704,5.3035,4.6028,4.7617,-0.1509,-2.5983,8.7937
-0.5577,2.1336,0.4724,-0.5447,0.6159,-0.5577,2.6667,-0.7313,-2.8594,5.179,3.1691,4.2414,0.7541,-0.9877,8.4818
-0.4283,1.642,-0.8879,-0.2692,-0.0542,-0.516,2.4845,-2.3896,-1.8829,4.246,2.6168,3.3294,2.2618,0.9279,7.8011
-1.206,1.1223,-2.9643,0.093,-0.7755,-0.3286,1.9708,-4.6666,-1.2231,4.1207,1.8979,2.4186,2.8851,2.823,7.1623
-1.1383,0.3201,-5.4291,0.3672,-1.5756,0.2323,1.5298,-6.6713,-0.2138,3.2797,0.5823,1.7197,3.431,4.5708,5.7096
-0.2813,-1.0188,-7.1984,0.7038,-2.6236,0.1649,1.1135,-7.7924,1.7369,2.2062,-0.7409,0.457,4.2073,6.108,4.3084
-0.4712,-1.5252,-8.0414,1.1703,-3.5979,0.1913,0.4618,-9.0737,3.0922,1.5689,-1.7466,-0.9736,4.2319,7.3542,2.6675
-0.0075,-2.0208,-9.1132,1.6168,-4.4597,-0.1604,-0.0832,-9.6291,4.5294,0.6389,-2.5641,-2.3952,4.2203,8.1181,0.8535
-0.3481,-2.4601,-9.8181,2.0582,-4.8976,0.3467,-0.938,-10.1169,5.5014,-0.4307,-2.8153,-3.9064,4.2507,8.3678,-0.8303
-0.441,-2.8587,-10.4089,2.4387,-5.1075,0.2674,-1.4748,-10.2268,6.2829,-1.8475,-3.579,-4.7795,4.1192,8.2803,-3.664
-0.2862,-3.0032,-10.4418,2.5938,-5.2034,-0.0902,-2.1735,-9.5102,7.3378,-3.5119,-3.7149,-5.6465,3.8271,7.8739,-5.3959
-0.0374,-3.8271,-9.6158,2.922,-4.8374,-0.4115,-2.4654,-8.8615,8.0774,-4.5468,-3.4859,-6.2203,2.8987,7.0354,-6.6273
-0.0568,-3.4254,-9.2784,3.1883,-4.6847,-0.3924,-2.652,-7.5102,8.1962,-4.8794,-3.1903,-6.7939,2.2315,5.7584,-7.5536
-0.0437,-3.3067,-8.4293,2.9981,-4.1522,-0.3445,-2.8798,-6.7208,8.2163,-5.4159,-2.5636,-6.8819,1.5984,4.2314,-8.1575
0.2921,-2.8684,-7.1552,2.8675,-3.802,-0.4681,-2.8831,-4.7778,8.6422,-5.6371,-2.0145,-6.6438,1.0759,2.8481,-8.4054
0.426,-2.3926,-5.5569,2.8403,-3.2714,-0.5837,-2.8131,-3.7597,8.0525,-5.7943,-1.6462,-6.3131,0.2028,0.8115,-8.6766
0.5181,-1.983,-4.3348,2.7051,-1.0304,-0.7111,-2.8956,-1.8841,7.2903,-4.9159,-0.5862,-5.929,-0.673,-0.4554,-8.3366
0.6304,-2.0864,-2.3031,2.4014,-0.9787,-1.4236,-2.5618,-0.4182,6.5754,-3.0193,0.2277,-5.3722,-1.6859,-2.5312,-6.6143
0.4227,-1.2147,-0.9733,2.0169,-0.8515,-1.6665,-2.1555,1.6334,5.8116,-2.979,1.1113,-4.6989,-2.3287,-4.4713,-5.2956
0.1354,-0.4589,0.7577,1.7821,-0.7214,-1.5307,-1.6854,3.5275,4.7741,-3.4597,1.8771,-3.6569,-3.0146,-6.1613,-4.6879
-0.0937,0.1023,2.7553,1.3787,-0.1868,-1.5546,-1.3608,4.7905,3.226,-3.6697,3.0872,-3.0241,-3.5937,-7.4293,-3.9253
-0.1494,0.6482,3.6543,1.0136,0.8231,-1.4207,-1.0031,6.2451,2.3013,-3.4417,4.1764,-2.088,-4.1416,-8.4822,-3.1689
-0.6607,1.2709,5.1247,0.8276,1.418,-1.0661,-0.4717,6.8118,1.207,-3.0306,5.1103,-0.935,-4.1275,-9.6667,-1.5268
-0.7453,2.2252,5.6156,0.5183,2.4086,-1.1495,0.1184,7.2921,-0.3792,-2.1778,6.1337,0.5854,-3.9794,-10.6183,-0.355
-0.5488,2.8566,6.0627,0.0206,2.7539,-1.2641,0.9798,7.3725,-1.6274,-1.1676,6.3841,2.388,-4.0481,-10.9779,1.2938
-0.2634,3.3759,6.2436,-0.2287,2.5835,-0.7065,1.6732,7.1842,-2.4545,-0.4629,6.579,3.6863,-3.6483,-10.8745,3.0142
-0.3231,3.1361,6.1363,-0.3939,3.1338,-0.7304,2.1133,7.0171,-2.9629,0.6453,6.7513,4.5283,-3.3493,-10.2049,4.3896
-0.5228,3.5081,5.8712,-0.6355,3.1451,-0.7814,2.3144,6.2292,-3.1347,2.1624,6.4846,5.1193,-3.0297,-9.4309,5.8337
-0.4503,3.3323,5.164,-0.6888,2.5566,-0.8636,2.436,5.3883,-3.5631,2.6961,6.0715,5.2363,-2.3293,-8.5366,6.838
-0.26,2.8842,4.6245,-0.8212,1.9702,-0.955,2.5243,4.4092,-3.5894,3.0333,5.8233,5.1064,-1.8744,-7.1632,7.4801
-0.3153,2.6889,3.5385,-0.742,2.0015,-0.8363,2.6977,3.4703,-3.4309,3.6595,5.2485,4.8258,-1.6472,-5.6357,7.6813
-0.5937,2.2922,2.4736,-0.6274,1.6452,-0.5365,2.8811,2.1423,-3.3593,4.2272,4.8139,4.3236,-1.0605,-4.3153,8.2345
-1.1075,1.8908,1.1862,-0.3478,1.2105,0.177,2.8434,0.6805,-2.9942,4.297,4.2647,4.1019,-0.4154,-2.8653,8.4657
-0.8495,1.5806,-0.0078,0.0297,0.6658,0.1598,2.5302,-0.6227,-2.3005,4.1745,3.7071,3.449,0.5583,-1.3674,7.7842
-0.7616,1.3121,-1.0018,0.0636,-0.3647,0.2696,2.2022,-1.7578,-1.315,3.792,3.0473,2.907,1.4093,0.2082,6.8171
-0.9767,0.6184,-2.1295,0.3119,-0.2158,0.4301,1.8929,-3.619,-0.3956,3.4641,2.4477,2.2653,1.9986,1.9358,6.1241
-1.251,0.2473,-4.2855,0.4469,-0.57,0.7849,1.6725,-6.0828,-0.5,3.6958,1.4317,1.5122,2.6272,3.0896,5.4429
-0.951,-0.4191,-6.5722,0.7378,-1.6948,0.6499,1.4837,-7.1784,0.8657,3.3639,-0.1526,0.7184,3.2456,4.7461,4.5064
-1.0333,-1.1522,-8.0681,1.0667,-2.9412,0.7559,1.1303,-8.5141,2.6633,2.4519,-1.2664,-0.31,3.9118,6.1099,3.0867
-0.5691,-1.6606,-9.1165,1.6964,-4.1733,0.4879,0.611,-9.1882,4.802,1.0688,-2.1182,-1.6462,4.2154,7.0009,1.4784
-0.3246,-2.6201,-9.6852,1.9533,-5.3858,0.3034,0.0843,-9.5029,5.9833,-0.4381,-3.0829,-3.2009,4.0588,7.4168,-0.3149
-0.1814,-2.9199,-9.4655,2.4536,-5.1209,0.1409,-1.0466,-8.7227,7.6684,-2.1247,-3.4348,-4.607,3.8454,7.6329,-2.694
0.2321,-3.3799,-8.7068,2.9094,-4.7745,-0.1265,-1.794,-8.3133,7.8483,-3.188,-3.13,-5.6399,3.3169,6.659,-4.5899
0.1794,-3.5537,-8.2811,3.1556,-4.5363,-0.2725,-2.2044,-7.5959,8.062,-3.4967,-3.0247,-5.74,2.5217,5.5902,-6.197
0.2951,-3.1887,-7.8325,3.1997,-4.2375,-0.3606,-2.3763,-6.2332,8.0497,-3.7622,-2.6008,-6.3052,1.3164,4.4902,-7.05
-0.0429,-2.1998,-6.7917,2.9824,-3.9047,-0.2593,-2.3795,-4.6763,8.2287,-4.6243,-2.3192,-6.0576,0.2769,3.0905,-7.7675
0.0555,-1.9906,-5.7754,2.5459,-3.1063,-0.248,-2.1827,-3.2275,7.7864,-5.619,-1.886,-6.0821,-0.3235,1.2066,-8.1482
-0.0309,-2.0247,-4.6061,2.5661,-2.5961,-0.5726,-2.1518,-1.7743,7.3455,-5.5995,-1.0379,-5.8658,-0.9306,-0.2894,-8.3751
0.132,-1.4584,-3.1302,2.5008,-2.1667,-0.7287,-1.9935,-0.3787,6.6905,-5.6625,-0.1617,-5.2431,-1.6101,-2.242,-8.22
0.2846,-1.5608,-1.6486,2.4395,-1.8697,-0.5844,-1.8778,1.2362,6.1132,-5.8601,0.6644,-4.4774,-2.1486,-4.3117,-7.4096
0.3919,-0.7192,0.1495,2.2257,-1.0818,-0.8262,-1.6335,2.9307,5.3714,-5.2349,1.6693,-3.7811,-3.0691,-5.908,-6.372
0.6192,-0.0616,2.5941,1.9061,-0.2143,-1.2411,-1.3768,4.5607,3.8204,-4.7323,3.0277,-2.8631,-3.8452,-7.506,-5.0947
-0.1617,1.0271,3.3367,1.1558,0.7832,-1.1843,-0.9591,6.4785,3.2104,-3.7271,4.0611,-1.5637,-4.4277,-8.7628,-3.4826
0.0501,1.7991,5.5151,0.8213,1.7574,-1.103,-0.3543,7.4244,1.8229,-3.5924,5.0584,-0.577,-4.5895,-10.1129,-2.3399
-0.0953,2.2723,6.895,0.4854,2.6446,-1.1334,0.4257,8.0487,-0.1503,-2.4473,5.9931,0.9031,-5.0193,-11.1024,-0.3727
-0.209,2.6162,7.1708,0.1436,3.0572,-0.9858,0.8405,8.4416,-1.5931,-1.0863,6.5991,2.5442,-4.5415,-11.4828,1.3768
-0.2822,3.4603,7.3975,-0.3069,3.3953,-0.9901,1.8183,8.1452,-2.9646,0.2933,6.7934,3.9088,-4.2613,-11.1609,3.2925
-0.3544,3.6233,7.1378,-0.6177,3.3553,-1.2127,2.2838,8.1178,-3.7667,1.5755,6.8213,4.8041,-3.7694,-10.413,5.2459
-0.2811,3.7773,7.2539,-0.6859,3.1967,-1.129,2.7692,7.0154,-4.3023,2.4479,6.6143,5.1874,-3.0694,-9.3571,6.8162
-0.5894,3.6583,6.569,-1.0476,3.2704,-0.738,2.9328,6.0597,-4.6584,3.2741,6.2393,5.568,-2.6166,-8.0892,7.8805
-0.5424,3.4488,5.5336,-0.7754,3.1685,-0.594,3.1029,4.6451,-4.5939,3.9962,5.8382,5.4599,-1.7388,-6.6012,8.9013
-0.7348,3.1209,4.2238,-0.532,2.9664,-0.3908,3.1982,3.0667,-4.1093,4.6675,5.572,5.4181,-1.2195,-4.8957,9.6011
-1.4053,2.7704,2.4135,-0.2941,2.3974,0.0929,3.1588,1.1616,-4.2688,5.3907,4.8333,5.0583,-0.352,-3.4571,9.9406
-1.2026,2.2213,0.9865,-0.1277,1.0513,0.3596,2.8529,-0.5351,-3.0509,5.0802,3.9211,4.4792,0.8255,-1.708,9.988
-1.3123,1.6188,-0.7135,0.2421,0.5717,0.4802,2.7037,-1.8682,-1.9378,4.4225,2.829,3.7211,1.4908,0.1126,8.6413
-1.0451,1.4547,-2.2557,0.685,-0.1718,0.4571,2.4692,-3.4679,-1.0089,4.2244,2.0888,2.6942,2.282,1.7377,7.8099
-1.1327,0.2663,-4.0711,0.8707,-1.2584,0.9816,2.197,-5.6201,-0.6056,3.1713,1.3069,1.8545,3.1652,2.9255,6.9763
-1.3227,-1.319,-5.8438,1.6214,-2.4207,1.0865,1.4966,-7.1956,0.8498,2.5622,0.1968,1.0719,3.8105,4.7833,5.5782
-0.8082,-1.9363,-6.5517,1.9752,-3.3125,0.9288,0.9794,-9.0618,1.7136,1.9096,-1.0658,-0.1277,4.3624,6.1343,4.0886
-0.9158,-2.3316,-8.4302,2.6221,-4.1043,1.1091,0.1868,-10.3388,2.8822,1.3342,-1.7324,-1.447,4.8442,7.7659,2.5319
-1.1748,-2.5271,-10.2124,2.821,-4.6037,1.1105,-0.4427,-11.0125,4.3074,0.3125,-2.7848,-2.7526,4.7457,8.833,0.9808
-0.7132,-3.4313,-10.9428,3.1705,-5.0698,0.8616,-1.1803,-11.386,5.6381,-0.9889,-3.7298,-4.1816,4.5838,8.9807,-1.2491
-0.5012,-3.5447,-11.0203,3.4748,-5.2923,0.3945,-1.9485,-10.8944,7.3254,-2.2482,-3.9064,-5.2924,4.2509,8.8508,-3.0591
-0.6552,-3.3187,-10.6151,3.4968,-5.277,0.5524,-2.465,-10.2736,8.2016,-3.6809,-4.0392,-6.1548,3.792,7.97,-5.0924
-0.2542,-3.3078,-9.7707,3.5124,-5.2031,0.21,-2.802,-9.699,8.0558,-5.0249,-3.6291,-6.709,3.0769,6.6443,-6.7677
-0.0859,-3.352,-9.2099,3.6259,-4.7855,0.1911,-3.2141,-8.095,9.1545,-5.6158,-3.5198,-6.9929,2.3875,5.689,-8.2251
0.0345,-3.1406,-7.6627,3.6888,-4.9291,-0.0261,-2.9018,-6.5517,8.815,-6.5064,-2.8277,-7.1924,1.4887,3.8114,-9.1645
0.3405,-2.4392,-6.6619,3.4957,-4.0936,-0.3523,-3.1369,-4.9681,8.3267,-6.8305,-2.3899,-6.7866,0.7567,2.2702,-9.1302
0.364,-2.4761,-4.9842,3.5203,-3.4177,-0.571,-2.9954,-3.1772,8.3896,-6.8526,-1.5131,-6.2211,-0.0607,0.6992,-9.1223
-0.0127,-2.0971,-3.4674,3.283,-2.7118,-0.3972,-3.3246,-1.876,7.0535,-6.7112,-0.3575,-5.6744,-0.7536,-1.1568,-8.8739
0.2797,-1.2381,-2.2511,2.9153,-1.8097,-0.5236,-2.8596,-0.5757,5.828,-6.1834,0.4506,-4.6838,-1.6874,-2.7617,-8.0903
-0.3858,-1.3065,-1.2407,2.7282,-0.6736,-0.4947,-2.6286,1.2979,5.2424,-5.5232,1.1981,-3.9391,-2.3466,-4.5036,-7.1465
-0.2692,-0.6675,0.0541,2.5242,-0.5478,-0.8924,-2.2196,3.2079,4.4113,-4.9718,1.8955,-2.9648,-3.3369,-6.4905,-6.3534
-0.2729,-0.1589,2.2235,2.3212,0.0971,-0.8084,-1.9322,4.6218,3.7025,-4.8037,3.0969,-1.9963,-3.5164,-8.0726,-5.0778
-0.012,1.0487,3.9203,2.1037,0.8996,-0.9686,-1.5355,6.2084,2.3209,-4.291,4.3778,-1.1243,-4.045,-9.3545,-3.6908
-0.2827,2.259,4.7073,1.3794,1.8358,-0.6578,-1.1709,7.2389,0.8818,-3.448,5.3111,-0.0283,-4.3506,-10.2899,-2.6541
-0.2241,2.4426,5.941,0.8539,2.4837,-0.8499,-0.8809,7.6999,-0.4624,-3.0671,5.8388,1.5003,-4.4639,-11.1935,-1.4415
-0.2549,3.2394,6.6942,0.35,3.1087,-0.8405,-0.6521,8.4844,-1.757,-2.0828,6.6941,2.8527,-4.5361,-11.1623,0.3764
-0.2603,2.2285,7.0699,0.3122,3.4459,-0.5576,0.2134,8.0932,-2.895,-0.9651,7.2818,3.7663,-4.3886,-11.3796,1.8918
-0.4612,3.0556,6.514,0.0218,3.5618,-0.7138,0.7478,7.8321,-3.4712,0.9722,7.2837,4.8566,-4.2117,-10.7148,3.9118
-0.4732,3.4138,6.3591,-0.2305,3.5425,-0.7984,1.3641,7.1835,-3.7529,2.1764,6.9959,5.2645,-3.7407,-10.2363,5.8393
-0.62,3.3441,5.6262,-0.2852,3.271,-0.3659,1.9032,6.6889,-3.2896,2.765,6.6055,5.3193,-3.0879,-9.313,7.1086
-0.7001,3.5501,5.5476,-0.4578,3.0543,-0.2377,2.0395,5.8567,-3.584,3.4471,6.085,5.3732,-2.406,-8.3721,8.2172
-1.1211,3.2554,4.8896,-0.3982,2.152,0.0059,2.0898,4.6401,-3.6301,3.2058,5.7859,5.2205,-2.4441,-7.1985,8.4845
-1.2549,2.2508,3.8273,-0.2218,1.9283,0.4336,2.1341,3.6569,-3.1702,3.1692,5.5191,5.1516,-1.3793,-5.7075,8.545
-0.8421,1.869,2.9962,-0.0601,1.8448,0.2556,2.2817,2.2363,-3.0781,3.6151,5.0481,4.5694,-0.6845,-4.3885,8.6412
-1.1947,1.6964,1.8627,0.2032,1.7939,0.4264,2.2162,1.0376,-2.5825,4.1814,4.219,4.5174,0.0688,-2.9193,8.601
-1.2093,1.7423,0.5198,0.256,0.5057,0.6694,2.2982,-0.8009,-2.1987,3.9365,3.598,3.8464,0.9851,-1.9555,8.2971
-0.8084,1.3293,-0.4178,0.3628,0.0413,0.8331,1.9565,-2.0758,-1.567,3.2621,2.9593,3.0475,1.7947,-0.0895,7.9488
-1.2511,1.6302,-2.0423,0.3089,-0.0817,1.1164,1.8048,-4.1135,-1.1634,3.628,2.1492,2.2673,2.4761,1.6553,6.9411
-0.8512,0.7765,-3.993,0.4488,-0.8675,1.2267,1.5017,-6.0007,-0.2931,2.7982,1.1393,1.5926,3.4243,3.3369,5.7331
-0.7244,0.0452,-5.9978,0.818,-1.7458,1.1867,1.3952,-7.6502,0.7534,2.4774,0.1661,0.5904,4.1532,4.9326,4.6465
-0.7116,-1.0236,-7.6871,1.1394,-2.2996,1.2689,0.8252,-8.817,2.3018,2.5265,-1.3306,-0.4478,4.3792,6.4353,3.3252
-0.5177,-2.0739,-8.7606,1.6399,-3.2322,1.2382,0.4677,-9.735,3.7486,1.8281,-2.4035,-1.8371,4.8551,7.4852,1.974
-1.0538,-2.5573,-9.9516,2.2363,-4.3041,1.2187,-0.1022,-9.9384,5.6005,1.0117,-3.1678,-3.4671,5.0173,7.8623,-0.0343
-0.5567,-2.9256,-10.3329,2.7289,-5.294,1.2668,-0.6477,-9.9681,7.0284,-1.0535,-3.5647,-4.7858,4.6392,7.6652,-2.0106
-0.9927,-3.6655,-10.6256,2.9854,-5.7344,1.5824,-1.5705,-9.6763,7.3865,-3.1811,-3.8678,-5.7474,4.3351,6.9983,-4.0354
-0.6556,-3.821,-10.0124,3.3029,-5.7171,1.2969,-2.3988,-8.8007,8.3568,-4.7879,-3.3411,-6.3007,3.5094,6.2519,-5.9853
-1.124,-3.5636,-9.3806,3.4905,-4.9362,1.3646,-2.9124,-8.2537,8.5793,-5.4096,-3.2747,-6.4625,2.6648,4.9904,-7.6932
-0.3776,-3.4088,-8.4282,3.3924,-4.6394,0.9671,-3.0761,-5.7368,9.1433,-6.3985,-2.7799,-6.4322,2.0451,3.5223,-7.9567
0.2238,-3.2024,-6.3872,3.3901,-3.9629,0.2884,-3.0156,-4.3452,8.4624,-6.4375,-2.1007,-6.3742,1.0664,1.3727,-8.3314
0.321,-2.4419,-4.7981,3.1447,-2.9723,-0.042,-3.1782,-2.5547,7.6422,-5.9789,-0.8367,-6.1093,0.1405,-0.4618,-8.338
0.0648,-1.7564,-3.0487,2.8149,-2.1344,-0.271,-2.761,-1.1479,6.7681,-5.8196,-0.0578,-5.3177,-0.18,-2.1839,-8.7632
0.236,-0.8933,-1.5492,2.7261,-1.2584,-0.4861,-2.3529,0.311,5.7246,-5.3681,0.8634,-4.588,-1.056,-3.835,-7.644
0.0902,-0.5227,-0.4942,2.4086,-1.2825,-0.4013,-1.8791,1.7506,4.3647,-4.9584,1.269,-3.8284,-1.7764,-5.6802,-6.3406
-0.0352,-0.102,1.174,2.1286,-0.4799,-0.4043,-1.6724,4.2176,4.2196,-5.0814,2.0867,-3.0936,-2.7929,-6.9888,-5.537
-0.0918,0.449,2.7931,2.0039,0.4933,-0.5176,-1.6544,5.6798,3.0025,-4.7334,3.2637,-2.3372,-3.3812,-8.9271,-4.5421
-0.1875,0.9983,4.1431,1.731,1.4154,-0.5658,-1.3174,6.7849,2.5201,-3.8955,4.3542,-1.4563,-3.8585,-10.2677,-3.5492
-0.2711,1.3314,5.6174,1.3654,2.0756,-0.5827,-0.8381,8.3081,1.2165,-2.9256,5.3232,-0.0619,-4.6845,-11.5408,-1.9874
-0.2009,2.1891,7.1915,0.7523,2.5262,-0.6406,-0.2528,9.2006,-0.5023,-1.9104,6.2756,1.2859,-5.0504,-12.3867,-0.3635
-0.3066,2.9814,8.1613,0.3755,2.9808,-0.5847,0.4314,10.0797,-1.7616,-1.245,7.1706,2.4594,-5.2747,-12.9255,1.203
-0.4006,3.8802,8.7957,-0.1818,3.7303,-0.3719,0.911,10.2618,-2.6758,-0.4675,7.5262,3.7654,-5.1742,-13.0128,3.1853
-0.4498,3.7716,8.9574,-0.5036,4.1119,-0.4053,1.5829,9.9692,-4.1808,0.0732,8.1227,5.2888,-4.7257,-12.8145,4.8593
-0.2608,4.1147,9.1188,-0.7562,4.4274,-0.366,2.1766,9.0963,-4.6801,2.0408,7.9956,6.0225,-3.5584,-12.2174,6.4146
-0.6424,4.5139,8.6267,-0.8578,4.139,-0.1233,2.684,8.1306,-5.3634,3.4704,7.8893,6.639,-3.0447,-10.8881,8.0852
-0.979,4.1039,6.7892,-0.9217,3.9507,0.1197,2.7884,6.4229,-5.7735,4.1762,7.359,6.8668,-2.231,-9.5913,9.3059
-0.9838,3.2551,5.6652,-0.7501,3.1763,0.1901,3.0658,4.9541,-5.3462,4.6174,6.651,6.8814,-1.4033,-7.8691,9.8012
-1.0628,2.7536,4.0258,-0.8325,2.5797,0.3691,2.8205,3.2877,-5.0788,5.1981,5.7847,6.4806,-0.5276,-6.1093,10.2713
-1.0278,1.9578,2.7897,-0.3884,1.808,0.4849,2.6448,1.6611,-4.6017,5.2817,5.266,5.8528,0.2065,-3.7891,10.0183
-1.1842,2.0543,0.8743,-0.1834,1.2444,1.0197,2.502,-0.4693,-4.17,5.3737,4.2542,5.0935,1.3728,-1.5315,10.3083
-1.0194,1.19,-1.2685,-0.0401,0.5606,1.3147,2.4015,-2.3999,-2.722,4.8744,3.0325,4.3566,2.3722,0.5031,9.025
-1.0165,0.6218,-3.0031,0.2393,-0.5305,1.4146,1.9253,-4.6534,-1.9056,4.3491,1.9721,3.2938,3.3182,2.2916,7.796
-0.7547,-0.1166,-4.7722,0.6249,-1.5718,1.4417,1.5167,-6.7814,-0.2576,3.9518,0.6048,2.0324,3.9196,4.419,6.5499
-0.9331,-0.887,-7.1691,1.113,-2.8969,1.4339,1.0012,-8.0678,1.1199,2.8759,-0.8125,1.0495,4.4121,5.8532,4.4743
-0.6954,-2.0689,-8.3564,1.4009,-3.2276,1.3574,0.4987,-8.8914,2.8714,1.6247,-2.0612,-0.6907,4.811,7.0884,2.6218
-0.4541,-3.0071,-8.8398,2.0599,-3.9818,1.5849,-0.0662,-9.8968,4.5828,1.1433,-2.8921,-2.2103,4.992,7.6932,1.2356
-0.5323,-3.2816,-9.7788,2.5126,-4.3332,1.4827,-0.6667,-10.1425,5.6412,0.2719,-3.4515,-3.9991,4.9319,8.1295,-0.8376
-0.2076,-3.042,-9.7869,2.7866,-4.7696,1.0618,-1.3242,-9.7976,6.7641,-0.9815,-3.5505,-5.1179,4.4855,7.8467,-2.8854
-0.6692,-3.579,-9.8698,2.9854,-5.0005,0.8823,-2.0557,-9.9782,7.0542,-2.3866,-3.5141,-5.9359,4.0476,7.137,-4.7907
-0.6637,-2.824,-9.9154,2.9277,-4.9854,1.1577,-2.6084,-9.0685,7.7483,-4.0867,-3.7248,-6.5669,3.5529,6.5158,-6.4271
-0.2299,-3.8229,-9.2377,3.2361,-4.617,0.9432,-3.0441,-8.0146,7.8655,-5.5198,-3.1947,-6.7135,2.9506,5.3079,-7.7072
0.1965,-3.4337,-8.0267,3.1739,-4.3584,0.6393,-3.1788,-6.936,8.0654,-5.4813,-2.6819,-6.7646,2.0566,3.9066,-8.2005
0.3247,-2.6834,-6.7311,3.0041,-4.0576,0.2383,-3.048,-5.0524,8.4082,-5.6592,-2.0599,-6.5199,1.1721,2.2065,-8.6562
-0.3077,-2.2663,-6.1309,3.0885,-3.266,0.2226,-2.8518,-3.4496,7.4767,-6.2316,-1.315,-6.1685,0.4124,0.5307,-9.0128
0.5781,-2.5823,-4.0885,2.6426,-3.0479,-0.1944,-3.1276,-1.6099,7.5509,-6.6443,-0.8693,-5.9012,-0.5095,-1.2406,-9.1715
0.2647,-2.0135,-2.58,2.5374,-1.9861,-0.338,-2.8142,0.1048,6.7238,-5.8876,0.05,-5.2353,-1.4696,-2.8748,-8.5022
0.0813,-1.3026,-0.8389,1.3755,-1.4768,-0.5039,-2.4976,2.2711,6.3733,-5.4125,0.5304,-4.6506,-2.4967,-4.9834,-7.6786
-0.1558,-0.3967,1.0886,1.2168,-0.6698,-0.5432,-2.3044,4.6963,5.1522,-5.3626,1.6329,-3.6057,-3.2685,-6.7976,-6.9554
-0.2437,-0.0426,3.4299,1.3971,0.2002,-0.4035,-1.8148,6.6692,3.7475,-5.5254,3.1359,-2.6753,-4.3848,-8.8456,-5.5437
-0.1244,0.8801,5.5596,0.8623,1.5904,-0.4052,-1.8395,8.2171,2.3,-4.4206,4.751,-1.5292,-4.8546,-10.4823,-4.3315
-0.2749,1.7274,7.0092,0.4291,2.8633,-0.1736,-1.1755,8.9283,0.1502,-3.1322,6.223,-0.0179,-5.402,-11.8401,-2.5373
-0.3528,3.0324,8.0616,-0.045,3.3769,-0.1387,-0.4113,9.3842,-1.7206,-1.8602,7.3852,1.6326,-5.2731,-12.7977,-0.5062
-0.3829,3.6575,8.5113,-0.5738,4.1886,-0.1298,0.3154,9.3332,-3.131,-0.7336,7.699,3.4168,-4.9489,-12.8387,1.605
-0.5242,3.8228,8.4861,-0.8044,4.6013,0.1644,0.951,9.0809,-3.9081,0.9627,7.8705,4.8373,-3.9866,-12.4526,3.7284
-0.7924,3.647,7.875,-0.9141,4.4504,0.248,1.7868,8.3298,-5.0184,2.9188,7.734,5.6284,-3.6293,-11.6264,6.0227
-0.8958,3.3953,7.0366,-0.741,3.8274,0.2973,2.2482,7.2111,-5.2898,3.9435,7.5266,6.0628,-2.9199,-10.1587,7.6828
-0.8839,3.4115,5.8018,-1.1181,3.1027,0.3567,2.6759,6.1606,-4.726,4.3127,6.6082,6.4121,-1.7905,-8.5221,8.7955
-0.7395,3.264,4.8763,-0.8322,2.2554,0.3845,2.6594,4.4775,-4.547,4.5135,6.0786,6.1206,-1.11,-6.8283,8.3848
-1.3209,3.0543,3.5708,-0.6366,1.9552,0.6677,2.5118,2.9698,-4.625,4.6124,5.7036,5.7069,-0.0431,-4.9455,9.2314
-1.1464,2.2583,1.8453,-0.2141,1.5276,0.9165,2.3997,1.159,-3.7941,3.9602,5.1857,5.3215,0.7856,-3.2005,8.7626
-1.1194,1.7301,0.4973,0.0821,0.8625,1.2548,2.1852,-0.7556,-3.1739,4.0019,4.4316,4.6351,1.7504,-1.7456,8.2566
-1.2641,1.6072,-1.9738,0.2024,0.3547,1.158,2.3261,-2.7355,-2.1486,3.8676,3.4474,3.8686,2.4383,0.2534,7.6743
-1.3756,0.6481,-3.3785,0.4853,-0.4227,1.2832,1.8048,-4.5211,-0.5479,3.1738,2.4087,3.0538,3.5917,2.0355,6.4812
-1.2402,0.1934,-5.5417,0.6751,-1.23,1.565,1.4768,-6.4505,-0.5914,3.0197,1.0921,2.2386,4.1173,3.3161,5.4012
-1.2396,-0.8444,-7.5701,1.0744,-2.5264,1.5228,0.9933,-7.2422,1.1334,1.9582,-0.0943,1.1563,4.4746,5.1746,3.9778
-0.8021,-1.5928,-8.4638,1.6175,-3.3556,1.3841,0.4779,-8.4485,2.6625,1.1235,-1.2682,-0.2718,4.9363,6.5021,2.621
-0.9487,-2.2455,-8.9669,2.0618,-3.7364,1.3855,0.0051,-9.1843,3.9846,0.534,-2.1694,-1.9372,5.083,7.3452,1.0055
-1.1597,-2.607,-9.9978,2.6167,-4.2175,1.4808,-0.8213,-9.081,6.2493,-0.4507,-2.1831,-3.6487,4.8875,7.6305,-0.6287
-1.3071,-3.1609,-10.0158,2.9691,-4.1479,1.5447,-1.3443,-9.5837,6.7223,-1.7693,-2.5184,-4.1813,4.5398,7.0336,-2.769
-1.1711,-3.3033,-9.9104,3.1881,-4.3126,1.5667,-1.4708,-9.1827,6.9964,-2.9239,-2.5759,-4.9949,4.1947,6.5101,-4.5722
-1.2182,-3.2357,-10.0666,3.2605,-4.4853,1.698,-1.9946,-8.4323,7.448,-3.8182,-2.5075,-5.6713,3.7752,5.856,-6.0048
-1.2475,-3.2667,-9.7977,3.2897,-4.144,1.996,-2.5674,-7.5533,7.8375,-5.0476,-2.4894,-6.1967,3.344,4.9685,-7.491
-0.821,-3.2621,-8.8136,3.2335,-4.1935,1.8024,-2.9965,-6.3681,8.7154,-5.8506,-2.3268,-6.3593,2.7163,3.4906,-8.5196
-0.4644,-3.2552,-7.3447,3.1508,-3.4186,1.2342,-3.2737,-4.8528,8.2045,-5.9523,-1.797,-6.2551,1.5292,2.2424,-9.1788
-0.1147,-2.2651,-6.0762,3.0445,-3.199,0.8423,-3.6227,-3.0502,7.5605,-5.9819,-0.9273,-6.0622,0.4902,0.6719,-9.4186
-0.0553,-1.8784,-4.7561,2.9246,-2.74,0.4269,-3.3686,-1.7258,6.9114,-6.4564,0.1859,-5.6565,-0.4656,-0.6741,-9.0748
-0.2956,-1.112,-3.3767,2.7481,-2.1243,0.1612,-3.2813,0.021,6.1463,-6.2318,0.8793,-4.9727,-1.4316,-2.3285,-8.5762
