x0,x1,x2,x3,x4,x5,x6,x7,x8,x9,x10,x11,x12,x13,x14
1.241,-0.7095,2.8027,1.3558,-0.0904,-1.1093,-2.2309,5.3254,2.9278,-5.3002,0.6646,-2.9779,-3.2009,-6.0156,-8.061
0.9648,0.3522,4.9011,0.8532,1.2236,-1.0886,-1.9728,7.5058,1.5141,-4.2881,2.1625,-2.0456,-4.0998,-7.7018,-6.351
0.718,1.2274,6.9281,0.4045,2.3696,-1.0464,-1.5245,8.4157,-0.2136,-3.1218,3.6791,-0.6002,-4.7818,-9.2076,-4.7024
0.8207,2.2739,8.2023,-0.3723,3.2388,-1.2793,-1.0462,9.3502,-2.2167,-1.9853,4.7163,1.1196,-4.9187,-10.3898,-3.0064
0.6864,3.2977,8.5096,-0.3541,3.9377,-1.2062,-0.2795,9.9252,-3.9319,-0.7296,5.2936,3.0158,-4.9849,-10.7446,-0.7229
0.7223,3.5583,8.9003,-0.9549,4.2443,-1.4594,0.3532,10.1767,-4.7652,0.3083,5.8348,4.3272,-5.2255,-10.5548,1.1463
0.7124,4.433,9.1156,-1.4093,4.4715,-1.1611,0.956,9.988,-5.358,1.2747,6.0395,5.363,-4.7345,-10.848,2.9699
0.6253,4.2316,9.2139,-1.6801,4.39,-1.1751,1.6744,9.6362,-5.6134,1.8828,6.0572,6.177,-4.1098,-10.1703,4.5975
0.5022,4.2688,9.0977,-1.1546,4.3497,-1.0926,2.6055,8.8506,-6.2478,3.516,5.8963,6.6445,-3.5726,-9.3263,6.2275
0.852,3.5169,8.6321,-1.1892,4.2459,-1.1023,2.7183,7.959,-6.8099,4.1098,6.057,6.6371,-2.8113,-8.3499,7.2073
0.3732,4.1037,7.6015,-1.6369,4.005,-1.597,2.8797,7.0758,-6.8705,5.377,5.7287,6.7723,-2.0096,-6.7551,8.5461
0.1238,3.7183,6.577,-1.1315,3.5599,-1.2655,2.8641,5.5408,-6.9984,5.6364,5.4675,6.6494,-1.31,-5.4893,8.923
-0.2795,3.5373,5.0086,-1.4105,3.0806,-1.0843,3.0355,4.2428,-7.0658,5.6368,4.6167,6.4983,-0.4596,-3.7055,8.9754
0.0257,2.6889,4.0774,-1.432,2.5562,-1.0133,2.9952,2.4989,-6.1774,5.6003,3.43,6.0741,0.389,-2.0438,9.0646
0.0055,2.5389,2.8178,-1.0126,1.8855,-0.6404,2.528,0.9703,-5.4296,5.775,2.9182,5.5761,1.1926,-0.3088,8.94
0.3978,1.9134,1.5245,-0.9805,1.4271,-0.6036,2.2315,-0.7345,-5.0806,5.525,2.0857,4.7759,2.2851,1.4611,8.3677
0.355,1.778,0.0706,-0.5085,0.9911,-0.3452,2.0135,-2.6822,-4.0332,5.3702,1.2422,3.9953,2.6215,3.8463,7.4683
0.1016,1.0212,-1.8073,-0.1042,0.4446,-0.2534,2.1669,-4.8898,-3.287,5.4162,0.9876,3.1376,3.4467,5.3488,7.186
0.0529,0.2946,-4.1579,0.1829,-0.5329,0.1961,2.1338,-6.8423,-2.3284,4.8355,-0.3124,2.5003,4.449,6.8479,5.9871
0.2417,-0.1615,-6.0375,0.4439,-1.7787,-0.0022,1.7227,-8.1285,-0.892,4.3307,-2.1046,1.6814,5.0951,8.6706,5.3695
-0.0626,-1.4527,-7.3982,0.6981,-2.8046,0.3501,0.6586,-9.668,0.5325,3.1501,-3.4022,0.2535,5.5437,9.8391,3.2699
0.1359,-2.2351,-8.6633,1.2134,-3.5451,0.1097,0.1864,-9.9515,2.5936,2.093,-4.5149,-1.5557,5.7263,10.8816,1.2138
0.3857,-3.0278,-8.8712,1.5278,-4.1972,0.127,-0.0144,-10.1509,4.124,0.6485,-5.3551,-3.2149,5.5715,11.4001,-0.4022
0.0694,-3.3317,-9.3842,2.0086,-4.4303,0.2233,-0.7747,-10.2479,4.8484,-0.1329,-5.5309,-4.4991,5.6745,11.2256,-2.5857
0.0846,-3.7269,-9.5144,2.258,-4.2808,0.3482,-1.5858,-10.1047,5.5891,-1.5993,-5.7785,-5.3996,5.3535,10.7304,-5.2515
0.0965,-3.7738,-8.9227,2.7728,-4.332,0.3342,-2.058,-9.5096,6.3339,-3.024,-5.4645,-6.1034,4.6212,9.5033,-7.0523
0.4642,-3.6293,-8.6169,2.8734,-4.0317,-0.0359,-2.4414,-8.5335,6.4906,-3.9129,-5.251,-6.439,3.8247,8.3036,-8.0419
0.6947,-3.6405,-7.8612,2.799,-3.9367,-0.1563,-2.698,-6.9718,6.9947,-4.4901,-5.4416,-6.6289,2.8449,6.729,-9.2049
0.8105,-3.277,-6.5842,2.5003,-3.6135,-0.1929,-3.2766,-5.1438,7.0377,-5.2688,-4.7481,-6.688,2.454,4.9191,-10.0509
0.6772,-3.0452,-5.0978,2.2751,-3.0841,-0.134,-2.4503,-3.5273,6.8774,-5.5164,-4.125,-6.323,0.9735,3.0105,-10.613
0.668,-2.5882,-3.4043,2.3962,-2.5106,-0.0903,-2.4909,-1.6507,6.6576,-5.7602,-2.7836,-5.9174,0.3359,1.3739,-9.9542
0.5698,-1.9266,-1.849,2.06,-1.7137,-0.3205,-2.5115,-0.1296,5.0316,-5.1444,-1.7299,-5.2245,-0.4556,-0.5705,-9.1293
0.6076,-1.426,-0.4257,1.7479,-1.1146,-0.0127,-2.0585,1.4628,3.5897,-4.6933,-0.8832,-4.387,-1.2011,-2.5491,-8.1915
0.9024,-0.8177,1.4123,1.6396,-0.3587,-0.9562,-2.096,3.958,3.7602,-4.5656,0.4888,-3.3744,-2.0872,-4.0962,-7.1921
0.7715,0.0257,3.6549,0.9361,0.5975,-0.6017,-1.3973,4.9644,2.1502,-3.5264,1.4628,-2.0818,-2.6424,-6.0097,-5.9885
0.9198,0.8142,5.4206,0.6942,1.7083,-0.8097,-1.0186,6.6126,0.6773,-2.8668,2.6119,-0.7111,-2.9044,-7.3431,-3.6695
0.851,1.7402,6.7767,0.5308,2.5008,-0.9673,-0.8568,7.6643,-0.8647,-1.6709,3.9716,0.534,-3.2619,-8.0881,-2.2435
0.9952,2.3929,7.7472,0.5363,3.2319,-1.1704,-0.1926,8.0749,-2.389,-0.6144,4.8334,2.1994,-3.4067,-8.8104,-0.7508
0.5891,3.039,7.8397,-0.0952,3.6924,-1.0433,0.4649,8.1505,-3.8449,0.5959,5.158,3.6339,-3.5757,-8.972,0.9853
0.4529,3.4153,7.7039,-0.786,3.8915,-1.1323,1.1576,8.4292,-4.6883,1.7962,5.4167,4.9079,-2.8248,-8.4703,2.9901
0.259,3.2541,7.9793,-1.0573,3.8961,-0.3893,2.0165,7.5744,-5.1437,4.0338,5.504,5.8412,-2.4248,-7.6046,5.0878
-0.1453,3.28,7.335,-1.2179,3.5444,-0.2461,1.9375,6.7064,-5.9212,4.5518,5.3158,6.1301,-1.7959,-6.5948,6.8972
-0.3385,3.1952,6.6656,-1.408,3.2587,0.5744,2.0361,5.2467,-6.1555,4.8247,4.8033,6.1687,-1.5057,-5.1704,7.6697
-0.2007,2.8576,5.246,-1.1166,3.0648,0.3276,2.2276,3.9802,-5.5776,4.9876,4.4332,6.0807,-0.7787,-3.5272,7.9123
-0.4227,2.1785,4.0725,-1.1043,2.4999,0.3819,2.2322,2.5298,-5.0403,5.3498,3.6769,5.8931,0.1016,-2.2602,7.7833
-0.5001,1.9821,2.6009,-0.9809,1.9376,0.3972,2.2344,1.1343,-4.0811,5.4362,2.7807,5.2907,0.8685,-0.9659,7.5259
0.1727,1.7005,1.5751,-1.2429,1.2468,0.414,2.3883,-0.1658,-3.8752,5.2358,1.9772,4.8339,1.6951,0.7781,7.3199
-0.5628,1.2025,-0.0809,-0.8452,0.6742,0.7436,1.8391,-2.0159,-3.1816,5.2173,1.0763,4.3298,2.6805,2.6783,6.727
-0.3718,0.5899,-1.5814,-0.3635,0.2186,0.6315,1.5818,-3.6421,-1.9911,4.6239,0.1416,3.3817,3.369,4.2951,5.8353
-0.0859,-0.0407,-3.4207,-0.3729,-0.4434,0.5337,1.3379,-5.1833,-1.3222,4.3062,-1.2872,2.5194,3.8704,5.6277,5.0874
-0.3741,-0.875,-4.9213,0.0025,-1.4105,0.5948,0.871,-6.4103,0.5292,3.6825,-2.5161,1.5991,4.3016,6.9712,3.7814
-0.1171,-1.9974,-6.1122,-0.1582,-2.0798,0.9247,0.5514,-7.1421,2.2196,2.7627,-3.7015,0.2146,4.7673,7.9033,1.9215
-0.4012,-2.7391,-6.7271,0.4521,-2.8275,0.9547,0.1112,-7.4014,3.3166,2.2426,-4.437,-1.3553,5.5812,8.3085,0.0332
-0.0633,-3.3805,-6.7166,1.3884,-3.3696,0.7855,-0.5093,-7.8891,4.3714,0.9324,-4.2639,-2.8843,5.2038,8.0171,-1.0852
0.4977,-3.3119,-6.9557,1.9614,-3.6571,0.4168,-1.0507,-7.9618,5.0191,-0.0058,-4.2055,-3.9498,4.9153,8.1443,-3.1372
0.3861,-3.3364,-6.9766,2.2331,-3.7627,0.3206,-1.8492,-7.5722,5.4021,-1.1364,-3.9039,-4.415,4.6107,7.9249,-4.4897
0.7129,-3.3085,-6.5034,2.114,-3.5567,0.2524,-2.4083,-7.0779,5.6243,-2.0867,-3.7743,-4.8095,3.8865,7.2196,-5.8628
0.9559,-3.455,-6.1093,1.9769,-3.2917,-0.1787,-2.477,-6.2847,5.6929,-2.5924,-3.6371,-5.1136,3.0911,6.3878,-6.7207
1.0262,-3.0807,-5.4743,1.846,-3.0155,-0.0941,-2.6036,-5.4692,5.5619,-2.9475,-3.3186,-4.8421,3.2105,5.2415,-6.9904
0.971,-2.8589,-4.6715,2.4695,-2.6475,-0.4947,-2.7478,-4.229,5.6578,-3.2208,-2.6964,-4.7266,2.6391,4.4487,-7.5376
1.1375,-2.5967,-3.492,2.1567,-2.4007,-0.6738,-3.1537,-3.7181,5.4923,-3.8133,-2.3326,-4.4647,1.9671,2.9739,-7.7963
0.8205,-2.0515,-3.2632,1.7814,-2.0082,-1.0925,-3.082,-2.3777,4.7519,-3.7955,-2.0531,-4.1064,0.6877,2.0016,-8.2032
0.4878,-1.9699,-2.3264,1.8141,-1.6844,-0.904,-2.8227,-0.9691,4.4934,-4.1277,-1.7853,-3.7644,-0.1839,0.8561,-8.2843
0.9809,-1.9411,-1.0031,1.635,-1.1884,-0.872,-2.556,0.5403,3.9941,-4.3623,-0.9564,-3.6798,-0.751,-0.3082,-7.9866
0.6611,-1.489,0.5128,1.0964,-0.532,-0.7651,-2.2936,2.1833,3.5182,-3.8831,-0.726,-2.8097,-1.6683,-2.0639,-7.2803
0.7837,-1.0781,1.9273,1.167,0.133,-0.5879,-1.8785,3.7143,2.5187,-3.6056,0.0403,-2.7396,-2.2063,-3.7761,-6.4664
0.5853,-0.3614,3.5943,1.4025,0.9791,-0.8315,-1.4249,5.6289,1.8315,-2.9741,1.5144,-2.0404,-2.7175,-5.1383,-5.0761
0.6417,0.1042,5.4016,1.4022,1.7655,-1.3401,-1.0626,6.8581,0.8561,-2.4131,2.6714,-0.4057,-2.9574,-6.8146,-4.136
0.6356,1.1323,6.7891,0.7376,2.6617,-1.134,-1.3161,7.9544,-0.9226,-1.4501,3.9222,0.4456,-3.7732,-8.1794,-2.7434
0.924,2.0457,7.9303,0.1823,3.5499,-1.0472,-0.8326,8.5447,-2.3307,-0.3522,4.82,1.9181,-4.2453,-8.9587,-0.9124
0.659,2.9103,8.2948,-0.7895,4.0101,-0.984,-0.4104,9.1548,-3.6228,0.5807,5.1868,3.4147,-4.1966,-9.2845,0.4633
0.5251,2.9564,8.4919,-1.0396,4.1361,-0.9756,0.3529,9.1734,-4.76,1.469,5.1794,4.4858,-4.0159,-9.1846,1.8351
0.5383,3.0665,8.4906,-1.2041,4.151,-0.7592,1.0484,9.1505,-5.1125,1.9433,5.5119,5.0347,-3.4733,-8.8346,3.1859
0.5303,2.9848,8.4216,-1.1245,4.2219,-0.559,1.5698,8.2253,-5.9277,3.0958,5.7898,5.6395,-2.5864,-8.3297,5.0202
0.4034,3.0984,7.4168,-0.8006,4.2338,-0.5922,1.806,7.5909,-6.1994,4.449,5.6658,6.2265,-2.1235,-7.0028,6.3411
0.257,3.1547,6.7491,-0.2753,3.8811,-0.3732,2.5179,6.2711,-6.2147,5.1215,5.5458,6.3973,-1.3236,-6.1738,7.311
0.238,3.0996,5.5755,-0.5088,3.4288,-0.0551,2.4815,5.302,-5.6435,5.3837,4.9545,6.2713,-0.4858,-4.5302,8.2215
-0.1365,2.9264,4.51,-1.0676,2.8819,0.4159,2.724,3.4124,-5.7874,5.4335,4.0257,6.2344,0.217,-3.2442,8.3778
-0.2549,2.1597,3.5724,-0.9987,2.4106,0.6529,2.2375,1.8752,-5.7453,5.9099,3.3074,5.6047,1.0772,-1.5537,8.2136
-0.2943,1.8173,2.1311,-0.46,1.7629,0.7312,2.3976,0.5624,-5.1947,5.611,2.7327,5.2843,1.8717,0.2651,7.7669
-0.6191,1.4088,0.3762,-0.1437,1.2503,0.934,2.0329,-1.0781,-4.0901,5.1056,2.0846,4.4821,2.4057,2.0591,7.0398
-0.18,0.6849,-1.0821,-0.1427,0.5351,1.3842,1.606,-3.3306,-3.1254,4.565,1.0052,3.4054,3.4898,3.7317,6.3297
-0.2593,0.1856,-3.2625,0.3431,-0.0808,1.5681,1.5995,-5.6352,-1.9178,4.3065,0.1879,2.659,4.2234,5.5204,5.1498
-0.1364,-0.4887,-5.3441,0.2286,-1.0621,1.2986,1.1057,-7.0334,-0.3955,3.8577,-1.6033,1.9855,5.5677,7.2855,3.934
-0.0426,-1.4891,-6.7498,0.7381,-2.0987,1.2082,0.7928,-8.4288,0.8173,3.2744,-2.8574,0.5097,5.8814,8.4212,2.5993
0.1058,-2.8603,-7.8492,1.5079,-3.0051,1.2877,0.4763,-9.2599,2.9975,2.2295,-3.8041,-0.9617,6.0653,9.5123,0.9766
0.0077,-2.9599,-8.727,1.6829,-3.6552,1.4586,-0.1306,-9.9319,4.0519,1.4393,-4.5059,-2.6986,5.5386,9.9682,-0.4891
0.4036,-4.0637,-8.85,1.9766,-4.0041,1.3236,-0.85,-9.631,5.7267,-0.0867,-5.0464,-4.2311,5.7716,10.1019,-2.8677
0.5139,-4.1019,-8.8911,2.2544,-4.0903,1.1617,-1.5918,-9.808,6.094,-1.2358,-5.2485,-5.102,5.7592,9.6747,-4.5937
0.6101,-3.7352,-8.7989,2.371,-4.1252,1.1092,-2.4208,-9.2359,5.6976,-1.8331,-5.1812,-5.8711,5.1303,9.0923,-6.4338
0.9174,-4.1042,-8.1415,2.3981,-3.8775,0.4267,-2.1747,-8.2709,6.5201,-2.8742,-5.0159,-6.2399,4.1786,8.5898,-7.7875
1.0515,-3.8317,-7.4964,2.232,-3.3861,0.214,-2.6177,-7.0296,6.9551,-3.3225,-4.9045,-6.5767,3.9049,7.5417,-8.4665
1.1128,-3.395,-6.1148,2.4168,-3.1878,0.1382,-2.9497,-5.9197,6.3821,-3.6575,-4.6664,-6.3396,3.5739,5.8947,-8.82
0.8797,-3.1638,-5.2537,2.3579,-2.7664,0.0841,-3.0762,-4.784,6.3328,-4.354,-3.8946,-6.3784,2.4147,4.4387,-9.135
1.0359,-3.0587,-3.8668,2.3309,-2.2013,-0.235,-3.03,-3.1445,6.2149,-4.4675,-2.964,-5.9916,1.7828,3.0466,-9.2149
0.7951,-2.1967,-2.6936,2.2504,-1.6061,-0.4226,-2.8306,-1.8576,5.3117,-3.9281,-2.3473,-5.1846,1.0068,1.5604,-8.5474
0.9064,-1.7557,-1.6435,1.5452,-1.4125,-0.5804,-2.9976,-0.3637,4.7972,-4.2446,-1.9985,-4.5048,0.9418,-0.201,-8.4187
1.2172,-1.2994,-0.2923,1.5072,-0.8148,-0.831,-2.6379,1.2036,3.8665,-4.0512,-1.3512,-3.85,-0.317,-1.7042,-8.0232
1.1668,-0.7991,1.0829,1.3007,-0.2174,-0.7759,-2.4043,2.988,3.1164,-3.5629,-0.6705,-3.4098,-1.2311,-2.8612,-7.6084
1.0865,-0.3929,2.8935,1.2751,0.4797,-0.8597,-2.1066,4.7639,2.6098,-3.5169,0.5204,-2.5528,-2.3076,-4.4461,-6.48
0.5663,0.5262,4.5885,1.053,1.3022,-0.393,-1.5151,6.2771,1.6552,-3.3141,1.8653,-1.7461,-2.8564,-5.9919,-5.4281
0.5347,1.2868,5.9357,0.6949,2.3744,-1.0278,-1.3039,7.2277,0.1039,-2.5483,3.0599,-0.5569,-3.4132,-7.5486,-4.4726
0.489,2.3372,7.0742,0.0699,3.1917,-0.7947,-0.5909,8.2296,-1.3559,-1.5671,3.74,0.7633,-3.6054,-8.5881,-2.9336
0.7332,2.4544,8.0901,0.0709,3.7374,-0.9179,-0.3523,8.8743,-2.7079,-1.0618,4.6679,2.2493,-3.6335,-9.3374,-1.1795
0.904,3.0565,8.4646,-0.1723,4.2188,-0.7312,0.6321,9.1353,-4.3209,0.614,5.4942,3.779,-3.4615,-9.541,0.921
0.9068,3.6837,8.6918,-1.2525,4.5622,-0.8059,1.4319,9.0361,-4.7939,2.0226,5.2528,4.9043,-3.2372,-9.2817,2.4394
-0.0369,3.7102,8.2013,-0.8311,4.405,-0.5531,2.0903,8.6278,-5.2002,3.2507,5.0638,5.67,-2.8012,-8.5547,4.1141
-0.4483,3.4313,7.8617,-1.3564,4.1732,0.0468,2.3865,7.7734,-5.4413,3.6191,4.5464,6.0191,-1.9524,-7.6948,5.5068
-0.3224,3.1074,7.4381,-0.7785,4.1342,0.0149,2.4023,6.6534,-5.6071,4.2592,4.574,6.0507,-1.0982,-6.6436,6.8821
-0.3195,3.1736,6.4794,-0.8838,3.878,0.1531,2.7057,5.3767,-5.7716,5.0369,4.2781,6.2113,0.0136,-5.3647,7.9577
-0.3325,2.8865,5.3184,-0.9344,3.2605,0.5161,2.976,3.8067,-6.1843,5.5212,3.7785,5.9309,0.744,-3.8878,8.3503
-0.2435,2.1634,4.1206,-0.5343,2.6819,0.7162,2.7985,2.3429,-5.4517,5.7831,2.9939,5.7438,1.1212,-1.8117,8.4579
-0.2453,2.2234,2.9104,-0.1585,1.9749,0.9154,2.4609,0.4038,-4.9115,6.0905,2.4995,4.9963,2.3556,-0.1915,8.2082
-0.4279,2.0821,1.0245,-0.0983,1.36,1.1942,1.8374,-1.5324,-4.3841,5.5681,1.3506,4.5867,3.0089,1.5076,7.6757
-0.484,1.465,-0.9272,-0.0713,0.7182,1.0462,1.5348,-3.5938,-3.5105,5.095,0.3809,3.8701,3.5061,3.7782,6.5108
-0.4478,0.6628,-3.1192,0.1834,-0.0261,0.9444,1.3112,-5.4291,-2.9434,4.776,-0.7998,3.0164,4.3284,5.8274,5.3524
-0.3207,-0.2426,-5.0168,0.6253,-1.0521,1.2509,1.2159,-6.8997,-0.9393,3.9174,-2.3437,1.9315,4.8243,7.3891,3.9318
-0.2596,-1.343,-6.5026,2.1458,-2.0335,1.0342,0.6026,-8.2312,0.6179,3.1632,-3.1755,0.4115,5.2955,8.2651,2.8935
-0.2262,-2.5136,-7.684,2.562,-3.0846,1.1257,0.7269,-8.7768,2.1634,2.5823,-3.7714,-1.0842,5.2482,8.8839,1.4295
0.0434,-3.0894,-8.2973,2.6124,-3.7945,0.9768,0.0447,-8.9077,3.6527,1.5824,-4.1754,-2.6416,6.2093,9.4154,0.2769
-0.081,-3.1011,-8.4732,2.4595,-4.1278,1.3785,-1.1274,-9.4681,4.4888,0.4892,-4.6973,-3.7064,6.0066,9.8466,-1.5635
0.3113,-3.5038,-8.7153,2.9617,-4.2188,0.8294,-1.663,-9.6446,5.1228,-0.5634,-4.6654,-4.5843,5.3552,9.6583,-3.69
0.4853,-3.2922,-8.5673,3.1316,-4.4015,0.6862,-2.5524,-9.3007,5.9721,-1.6702,-4.6199,-5.0177,5.3248,9.2529,-5.1705
0.511,-3.2992,-8.1558,3.2528,-4.2638,0.7671,-2.9049,-8.8574,6.2898,-2.4793,-4.707,-5.2626,4.6835,8.4863,-6.3216
0.7754,-3.002,-7.7943,3.1444,-3.9848,-0.0703,-3.1146,-7.5788,6.8886,-3.3764,-4.5277,-5.5682,4.1983,7.7761,-7.7218
0.6989,-3.111,-6.415,3.0184,-3.7102,-0.0089,-3.385,-6.6379,6.5852,-4.2561,-4.0478,-5.6334,3.5125,6.4004,-8.6668
0.9999,-2.6395,-5.6185,2.8268,-3.1812,0.069,-3.3995,-5.5343,6.0368,-4.3158,-3.8624,-5.3627,2.6208,4.8728,-8.6801
0.9463,-1.936,-4.5808,2.3029,-2.6333,0.298,-3.2406,-4.0821,5.9161,-4.3377,-3.4397,-5.2597,2.1948,3.8371,-8.6877
0.8384,-2.0466,-3.5437,2.0247,-2.2697,0.0854,-3.1992,-2.8641,5.5893,-4.7474,-3.1768,-4.7541,1.3572,2.3903,-9.154
1.1051,-1.9638,-2.4365,2.2125,-2.3115,-0.0734,-2.6455,-1.1051,4.2753,-4.7927,-2.8097,-4.399,0.7932,0.9516,-9.4321
1.4886,-1.7915,-0.8006,0.0685,-1.6549,-0.4979,-2.6935,0.6125,4.0893,-4.5797,-2.7913,-4.0419,0.0752,-0.0899,-8.6921
1.4241,-1.1553,0.7923,0.6368,-0.8973,-0.7595,-2.5847,2.4579,4.019,-4.0139,-1.8627,-3.8686,-1.0635,-1.4348,-8.1431
1.1188,-0.8525,2.8696,0.6721,-0.1269,-0.7216,-2.432,4.0353,3.4359,-3.7499,-0.8189,-3.2848,-2.0017,-3.3914,-7.7892
1.1892,-0.2853,4.7525,0.3844,1.0691,-0.8535,-2.4569,5.7068,1.86,-3.0785,0.3168,-2.5332,-2.7065,-5.2125,-6.6676
1.4678,0.5901,6.4979,0.3944,2.1424,-1.2083,-2.0242,7.2088,0.6043,-2.1118,1.747,-1.4983,-3.2944,-6.7397,-5.3199
1.2885,1.9908,7.4453,0.1563,2.8112,-1.2259,-1.2718,8.2961,-0.7581,-1.1552,3.1639,-0.2971,-3.6371,-7.9708,-3.1798
1.4643,2.7782,8.3854,-0.1646,3.4653,-1.4212,-0.6877,9.1292,-2.3074,-0.2951,3.7832,1.0092,-3.7346,-8.8988,-1.403
0.7493,3.2338,8.9179,-0.3815,3.88,-1.1328,0.5314,9.6533,-3.5106,0.7302,4.4925,2.6616,-3.9175,-9.2998,0.1456
0.3317,3.2043,9.2513,-0.1586,4.2059,-0.9417,1.1693,9.6998,-4.0754,1.3971,5.2634,4.0908,-3.4001,-9.2754,2.0494
0.128,3.3091,9.3059,-0.5458,4.344,-0.8091,1.797,9.2879,-4.9693,2.8829,5.2486,5.0699,-2.8695,-8.9193,4.196
0.1804,3.4079,9.1736,-0.6176,4.2888,-0.8142,1.9857,8.3219,-6.1653,4.3665,5.6038,5.9415,-2.0295,-8.1029,6.1229
0.0023,3.3616,8.1352,-0.5829,4.0111,-0.4032,2.2756,7.0179,-6.0895,4.8172,5.7329,6.5049,-1.6542,-6.8234,7.1128
-0.0073,3.4225,6.9982,-0.5674,3.6993,-0.4972,2.2192,6.1698,-6.0301,5.2664,4.7689,6.6063,-0.8058,-5.3499,8.0183
-0.1662,2.7588,6.1618,0.1526,3.4628,-0.5628,2.1058,4.6572,-6.0915,5.3418,4.7368,6.2402,-0.3141,-4.0405,8.6387
0.0656,3.0451,4.8016,-0.3954,3.0587,-0.0515,1.7623,3.2175,-5.8486,5.9508,3.9165,6.1883,0.5852,-2.6918,8.5851
-0.3029,2.3858,3.4325,-0.5161,2.3926,0.4133,1.5926,1.3645,-4.708,5.4862,2.9739,5.6689,0.9929,-1.1857,7.5613
-0.0245,1.9153,1.9907,-0.0901,1.9536,0.4787,1.5259,0.2654,-3.8371,4.9719,2.1289,4.8165,1.4988,0.3215,6.5815
0.0196,1.3139,0.7481,0.0427,1.4945,0.517,2.1762,-1.0954,-3.1134,4.8534,1.3297,4.2811,1.899,1.5982,6.2999
0.1142,1.0245,-0.4225,0.3596,1.111,0.2891,1.471,-2.4224,-2.3274,4.637,-0.048,3.5279,3.1941,2.9878,5.6067
0.0757,0.4408,-1.8102,0.5666,0.5222,0.4342,0.8232,-3.7798,-1.7819,4.3935,-0.9254,2.4661,3.5142,4.4487,4.5801
0.0776,-0.1869,-3.1577,0.6572,-0.1227,0.245,0.5601,-5.1298,-0.5681,3.8982,-1.5334,1.6298,3.8232,5.4434,3.4284
0.2022,-0.7312,-4.4549,1.5987,-1.0634,0.3726,0.4672,-5.8805,0.607,3.3517,-2.1668,0.5047,3.9066,6.5725,2.4082
0.3741,-1.5383,-5.2144,1.2978,-1.9563,0.2537,-0.635,-6.4222,1.9171,2.1516,-2.9989,-0.4675,4.7181,7.0791,1.4921
0.1541,-2.036,-5.6556,1.597,-2.3887,0.1451,-0.97,-6.7249,3.332,1.1951,-3.6322,-1.5244,4.1212,7.655,-0.2492
0.2742,-2.5719,-6.0614,1.912,-2.6435,0.0469,-1.2108,-6.6583,3.9361,0.3031,-3.9573,-2.8496,4.2985,7.5731,-1.8393
-0.2751,-2.5904,-6.7399,2.6568,-2.7392,0.1161,-2.0358,-6.8758,4.2171,-0.6694,-4.2754,-3.6199,3.9326,7.248,-3.4126
-0.0402,-2.8285,-6.6731,2.8056,-2.7944,0.3132,-2.5152,-6.3648,4.7706,-2.049,-4.3373,-4.2896,3.6402,6.9032,-4.8442
-0.0518,-3.0607,-6.2274,3.3266,-2.6251,0.4068,-2.3509,-5.4363,5.3824,-2.9138,-3.9662,-5.0663,3.1484,6.1561,-6.5229
0.2256,-2.9476,-5.4373,3.4104,-2.4073,0.406,-2.5447,-5.076,5.7336,-3.5436,-3.5122,-4.8635,2.4254,4.9215,-6.9802
0.4524,-2.6082,-5.0096,3.0701,-2.1749,0.7407,-3.1861,-3.8618,5.8644,-3.7429,-3.3931,-4.6388,2.205,3.9129,-7.4841
0.7653,-2.3757,-3.751,3.0269,-2.0341,0.4295,-2.9693,-2.9384,5.2711,-3.9027,-2.6413,-4.7482,1.4619,2.5016,-7.7376
0.5961,-1.8085,-3.3449,2.8846,-1.5188,0.3312,-2.9528,-1.6503,4.8815,-3.9029,-2.2525,-4.2786,1.0123,1.6074,-7.3984
0.1527,-1.7464,-2.5048,2.6864,-0.9686,0.6544,-2.9291,-0.8094,5.0034,-4.0329,-1.6406,-4.0349,0.6569,0.5968,-7.2981
0.1881,-1.4395,-1.5188,2.4715,-0.4799,0.6562,-2.6921,-0.0299,4.3691,-4.1855,-1.5078,-3.4164,-1.0653,-1.0176,-7.5071
0.5556,-1.2203,-0.5258,2.4556,-0.0866,0.4629,-2.2741,2.0531,4.0502,-3.9717,-0.6888,-3.267,-1.5927,-2.6247,-6.8842
0.3245,-0.6971,0.956,2.1678,0.3401,0.4328,-1.893,4.0861,3.8666,-3.8269,-0.134,-2.7367,-1.9706,-4.1885,-6.2062
0.5722,-0.4242,3.4724,2.0871,0.7873,0.1151,-1.9497,5.6862,2.9043,-4.0453,0.9488,-1.9798,-2.5093,-6.094,-5.3416
0.5954,0.1631,5.1983,1.8577,1.7124,0.3085,-1.7376,6.9859,1.051,-3.2506,1.9833,-1.4602,-2.9783,-7.3689,-4.5431
0.5528,0.761,6.6928,1.4036,2.8446,0.3395,-1.3891,6.8659,-0.5914,-2.0588,3.563,-0.4117,-2.6828,-8.423,-2.4646
0.5399,2.0051,6.9917,0.8389,3.5608,0.1805,-0.6742,7.486,-1.5523,-0.6372,4.4376,1.1371,-3.204,-8.6839,-1.1573
0.7296,2.5311,7.1364,0.4235,3.8692,0.1213,0.071,7.8044,-2.8956,0.4555,4.9289,3.0857,-3.0238,-8.4554,0.5003
0.6675,2.927,7.1774,-0.1368,3.9581,0.0143,0.3901,7.4264,-3.8801,1.5274,5.0992,4.2787,-2.7066,-8.0908,2.5909
0.122,2.9172,6.6721,-0.4654,3.8776,0.243,0.9784,6.8642,-4.1229,2.7765,4.5964,5.1566,-2.5201,-7.1566,3.9183
0.1053,3.151,5.5794,-0.5503,3.8553,0.2329,1.2131,6.1202,-4.1016,3.4979,4.2138,5.4744,-1.9948,-5.9757,4.5936
0.0113,2.6934,5.181,-0.7796,3.3979,0.2888,1.0525,5.2141,-4.079,3.3271,3.3886,5.2717,-1.492,-5.1828,5.2793
0.014,2.2197,4.7384,-0.5146,3.0296,0.9129,0.9616,4.3009,-3.585,3.403,3.3566,5.1068,-1.0153,-4.1974,5.3862
-0.0243,2.2629,4.1058,-0.6652,2.7329,0.5509,1.2652,3.4233,-3.6896,3.7152,3.1586,4.8096,-0.4387,-3.1509,6.0223
-0.1178,1.9548,3.1423,-0.2993,2.3948,0.7134,1.3203,2.1586,-3.9399,4.1217,2.417,4.5302,0.0065,-2.038,5.8669
0.2746,1.3997,2.1784,-0.1674,2.0589,0.2163,1.4923,1.6842,-3.2663,4.0149,1.8301,4.2234,0.5477,-0.9247,5.8939
0.4567,1.2535,1.6901,-0.0076,1.6754,-0.0302,1.3104,1.128,-2.1971,4.4408,1.451,3.723,0.9915,0.3263,5.7801
0.4816,1.1943,1.1696,0.1467,1.3912,0.0057,1.8496,0.0838,-2.2424,4.3147,1.0377,3.0354,1.7882,1.2968,5.1377
0.6988,0.8685,0.1466,0.4422,0.7827,-0.0667,1.607,-1.2786,-2.0189,4.3466,0.7487,2.6611,2.6612,2.4874,4.975
0.6022,0.9487,-1.1757,0.1348,0.1894,-0.077,1.3166,-2.6836,-1.6253,4.2952,-0.1226,2.1844,3.1108,3.7798,4.9597
-0.0497,0.3555,-3.1351,0.2889,-0.3644,0.1739,1.1451,-4.4309,-0.2877,3.6577,-1.0358,1.6411,3.8149,5.4765,4.072
-0.0382,-0.4136,-4.6685,0.5255,-1.2787,0.3002,0.6005,-5.4181,0.479,2.7614,-2.4032,0.9395,4.494,6.5282,2.9588
-0.2958,-1.4934,-5.7082,0.6478,-2.0184,0.6567,0.2038,-6.5835,1.5233,1.6622,-3.5416,-0.3214,4.8271,7.5474,1.5524
-0.1772,-2.7748,-6.7248,1.2979,-2.4266,1.2176,-0.1294,-7.2418,3.2956,0.9804,-4.025,-1.8637,5.0897,8.5621,0.451
0.3482,-3.1467,-7.1434,1.6857,-3.0079,1.0106,-0.7394,-7.6877,4.7753,0.1766,-4.4124,-3.2892,4.7797,8.6313,-1.2013
-0.0747,-3.0497,-7.6728,1.9166,-3.1899,1.1382,-0.9548,-7.6553,5.3845,-0.4288,-4.8645,-4.2025,4.74,8.7087,-3.0885
0.1068,-3.4083,-7.7023,2.7483,-3.267,1.2793,-1.575,-7.73,5.6653,-1.732,-4.6735,-4.8119,4.5253,8.181,-4.6137
0.2845,-3.7151,-7.9335,3.2762,-3.2261,2.2716,-2.117,-7.8939,6.0839,-2.4964,-4.4383,-5.2302,4.5984,7.6162,-5.9065
0.6462,-3.4555,-7.6155,3.3896,-3.1479,1.3363,-2.4769,-7.4173,6.4673,-2.8218,-3.8301,-5.4134,3.7873,6.8866,-6.586
1.0103,-3.0868,-7.0944,3.2178,-2.9986,0.7763,-2.4865,-6.4688,6.8482,-3.1501,-3.5752,-5.292,3.0628,5.8649,-7.2572
0.7851,-3.0272,-6.3262,2.8571,-2.7354,0.6521,-3.3273,-5.35,6.667,-3.6698,-3.7995,-5.2236,2.3598,4.7178,-7.6715
1.0179,-3.1533,-5.1416,2.1208,-2.5592,0.5341,-3.3304,-3.8465,6.7455,-4.3326,-3.9646,-5.1768,1.7554,3.5295,-8.8184
1.0905,-3.0302,-3.7904,3.4544,-1.9604,0.4613,-2.873,-2.499,6.6013,-4.4862,-3.1003,-5.1709,0.8192,2.5037,-8.8173
1.2149,-2.3943,-2.512,2.7543,-1.3404,0.2398,-2.6395,-1.1739,5.8361,-4.4748,-2.1042,-4.9643,0.3279,0.7693,-8.5801
1.2872,-1.9185,-1.1627,2.3085,-0.9422,-0.3581,-2.8333,0.4422,5.0618,-3.9592,-1.3518,-4.227,-0.2028,-0.7008,-7.761
1.0609,-1.4032,-0.0321,1.8582,-0.5362,-0.4201,-2.7967,1.9889,4.4079,-3.96,-0.7295,-3.4901,-1.064,-2.3873,-7.053
0.7346,-0.78,1.4831,1.7316,0.1174,0.1079,-2.1612,3.2577,3.3668,-3.9592,-0.165,-2.8421,-1.4787,-4.1229,-6.4452
0.574,-0.5674,3.1498,1.6539,0.9224,-0.1208,-1.8542,4.995,2.7931,-3.8643,0.7043,-2.1295,-2.0155,-5.2556,-6.7807
0.7267,-0.091,4.8046,1.2386,1.8267,-0.2816,-1.4369,6.1701,1.8577,-3.4721,1.5446,-1.0891,-2.8953,-6.6359,-5.3379
0.7718,0.8938,5.7624,0.8579,2.7485,-0.3134,-0.9805,7.3433,0.5476,-2.0559,2.3197,-0.245,-2.9799,-7.7567,-4.2784
0.9565,1.2453,7.0983,0.4432,3.2873,-0.4521,-0.525,8.2424,-0.6145,-1.5124,3.4339,0.8643,-3.0502,-8.5853,-2.6469
0.9238,2.0015,7.9189,-0.0437,3.947,-0.7379,0.0185,8.5841,-2.0456,-0.3859,4.2086,2.1906,-2.8027,-9.0287,-0.8999
0.9589,2.3917,8.0388,-0.1652,4.2841,-0.9499,0.2974,8.9124,-3.2196,0.857,4.462,3.4146,-3.4802,-9.0765,1.3799
1.0388,2.3766,8.207,-0.1893,4.484,-0.8552,-0.2249,8.8214,-4.1174,2.1283,5.0274,4.0508,-3.2757,-8.8879,3.5264
0.8816,2.7078,8.1421,-0.4557,4.2446,-0.7772,0.59,8.1052,-4.214,3.3592,4.6861,5.0142,-3.47,-8.2563,4.5181
0.8653,2.8879,7.9027,-0.6923,4.0295,-0.7883,0.8672,7.9011,-4.0819,3.8896,4.4945,5.3228,-2.875,-7.2398,5.5767
0.9969,2.8498,7.7439,-0.8739,3.8618,-0.6654,1.0551,7.0168,-4.6103,4.1062,4.1277,5.6072,-1.9397,-6.3626,6.2407
0.6785,2.7562,6.9573,-1.2605,3.9175,-0.7229,1.0983,6.2571,-4.6645,5.1405,4.0275,5.4174,-2.0544,-5.0168,6.9401
0.2919,2.7263,5.9663,-1.1666,3.7009,-0.5611,1.7478,5.0997,-4.6844,5.0764,3.2656,5.2638,-1.2778,-4.0047,7.4653
0.4598,1.8822,4.9792,-1.1231,3.23,-0.323,2.0427,3.9695,-4.5293,4.9654,2.8618,4.9839,-0.3609,-2.6075,7.3489
-0.1458,1.8353,3.7999,-0.5758,2.9324,0.1384,2.1572,2.3122,-3.8767,5.2471,2.4173,4.552,0.4139,-1.4332,7.3372
0.1107,1.3257,3.0878,-0.8494,2.4902,0.2025,2.2305,0.9724,-3.1841,4.8494,1.4231,4.1305,1.3784,-0.1938,7.0203
1.3622,0.6298,2.4514,-0.192,2.0366,-0.0445,2.0083,-0.1967,-2.4829,4.7425,1.3069,3.56,2.1458,1.2688,7.0991
0.6243,0.724,0.8577,0.3435,1.6298,0.1653,1.5948,-2.076,-2.3116,5.535,1.0082,2.988,2.7081,3.12,6.8149
0.8741,0.716,-1.0195,0.3478,1.0795,-0.0549,1.3554,-3.8553,-1.7567,5.2359,0.0994,2.3113,3.681,4.6755,6.7242
0.7894,0.1647,-3.1338,0.4159,0.4512,-0.013,1.0635,-5.4553,-0.8339,4.9257,-0.8648,1.2269,4.2223,6.3126,5.925
0.1242,-0.6445,-5.2442,0.5806,-0.6565,0.4569,0.8358,-7.1588,0.1837,4.0605,-2.3372,0.4741,4.6868,7.6828,4.1667
0.8641,-1.6142,-6.3369,1.4827,-1.6181,0.1167,0.0893,-7.7531,1.9679,2.9085,-3.3571,-0.4067,5.1209,8.6134,2.819
1.0137,-2.517,-7.0825,1.8194,-2.5241,-0.0906,-0.2266,-8.0984,3.3992,2.0383,-4.366,-1.794,5.2097,9.1072,1.056
0.7666,-3.2313,-7.6104,2.1291,-3.0333,0.1017,-0.4521,-8.3871,4.8941,0.7746,-4.8931,-3.4982,5.6907,9.3817,-0.8088
0.5682,-3.5693,-7.7996,2.4285,-3.2121,0.2963,-0.9666,-8.6255,5.9614,-0.4723,-5.0282,-4.4369,5.111,9.281,-2.9063
1.6669,-3.782,-6.9785,2.6511,-3.3626,-0.1775,-1.1602,-8.0626,6.0903,-1.5542,-4.8752,-5.5754,4.91,8.7105,-4.5855
1.3664,-3.2814,-6.8416,2.5586,-3.6117,-0.4108,-1.7516,-7.302,6.5083,-2.427,-4.9437,-5.9556,4.4306,8.1054,-6.0586
1.2218,-3.4064,-6.7385,2.9138,-3.0733,-0.3217,-2.4752,-6.8603,6.852,-3.3596,-4.684,-6.2139,3.5627,6.8659,-7.3116
1.1984,-3.3976,-6.5216,2.9606,-2.5802,-0.2145,-2.8048,-5.8376,6.7553,-3.5375,-4.2591,-6.3627,3.1512,5.8801,-7.7642
1.3657,-3.075,-5.9472,2.8688,-2.2615,-0.5174,-2.865,-4.3228,7.0624,-3.8264,-4.3393,-6.1483,2.2557,4.5177,-8.0789
1.306,-3.0931,-4.3853,2.6347,-2.7205,-0.4303,-2.974,-2.8921,7.736,-4.5472,-3.8391,-6.2766,1.1337,3.2038,-8.7046
1.2279,-3.1229,-3.1009,2.666,-1.9808,-0.4279,-3.0055,-1.225,7.5108,-5.2161,-3.1262,-5.9496,0.2071,1.7731,-8.9157
1.0341,-2.7493,-1.5399,2.3498,-1.3841,-0.7204,-2.8309,0.5169,7.1019,-5.3739,-2.5483,-5.4324,-0.6963,0.0217,-9.1913
1.253,-2.2441,0.4099,2.2425,-0.5501,-0.9802,-2.654,2.5468,5.5245,-4.9375,-1.3319,-4.9434,-1.7991,-1.8692,-7.9294
1.3593,-1.3815,2.2428,2.1418,0.2024,-1.2107,-2.2829,4.5665,4.3889,-4.2485,-0.3776,-3.9882,-2.3687,-4.1012,-7.2409
1.5991,-1.033,4.3812,1.7387,1.3001,-1.1178,-2.194,6.5206,4.2713,-4.2677,0.881,-3.0175,-2.9866,-5.8034,-6.1372
1.454,-0.0651,6.258,1.5458,2.4335,-0.3488,-1.522,7.515,1.9467,-2.9709,2.5155,-1.899,-3.2698,-7.7821,-4.5423
1.5774,1.4293,7.7751,0.7571,3.6228,-0.3685,-1.3061,8.2786,0.5193,-1.7039,3.5282,-0.5634,-3.5768,-8.6933,-2.663
1.5333,2.3751,8.3388,-0.1751,4.4222,-0.2281,-1.1066,8.7639,-1.286,-0.2716,3.893,1.1264,-3.7083,-8.9445,-0.5684
1.5808,2.6539,8.8936,-0.7563,4.6444,-0.1048,-0.5182,8.8369,-2.4756,0.9604,4.3954,2.5103,-3.4927,-9.1429,1.1533
1.1382,3.2366,8.693,-1.12,4.6655,-0.179,-0.3967,8.8998,-3.2,2.1956,4.4661,3.6188,-3.7365,-8.4477,2.461
1.0065,3.2091,8.3553,-1.1814,4.7758,0.4607,0.3072,8.3362,-3.9292,2.7505,4.4784,4.2729,-4.0399,-8.1461,3.7157
1.2262,2.9508,8.0594,-1.2586,4.7347,0.3547,1.143,8.0541,-3.8557,3.4298,4.3062,4.7,-3.2346,-6.9,4.9057
0.9467,3.0839,7.5335,-0.8013,4.4899,0.7101,1.7999,6.8481,-4.3961,4.4781,4.506,4.9097,-2.103,-6.0438,6.1638
0.8175,2.8125,6.356,-0.7795,4.051,0.7316,2.7404,5.8439,-4.8863,4.8851,4.0321,5.0661,-1.2757,-4.9402,7.2254
1.0051,2.4572,5.4656,-0.7592,3.9373,0.4649,2.8702,4.6819,-4.2889,5.2826,3.4793,5.1055,-0.1588,-3.6243,7.8533
1.0918,2.4101,4.6646,-0.9031,3.3086,0.9087,1.9946,2.9706,-4.1618,5.7026,2.746,4.7591,0.9539,-2.4,8.6023
1.1022,2.333,3.3607,-0.8242,2.8245,0.9539,2.1116,1.0876,-3.7855,5.8014,1.8555,4.1323,1.7097,-0.6963,7.1733
1.4202,1.4461,1.7799,-0.8812,2.1964,0.8245,2.2237,-0.1156,-3.0264,5.69,1.0963,3.4975,2.6061,0.9279,7.3525
1.1103,0.9657,0.1167,-0.4727,1.4479,0.9455,2.0883,-2.0768,-2.3411,5.436,0.2776,2.9007,2.6187,3.0526,7.4387
1.9873,-0.0695,-1.3828,-0.2804,0.6838,0.3804,1.8525,-3.4218,-1.1941,5.2845,-0.8014,2.2485,3.7082,5.038,6.8021
1.5506,-0.4428,-3.1819,0.1412,-0.105,-0.0129,1.1243,-4.6506,0.0019,5.2438,-1.8188,1.3034,4.6953,6.8624,6.232
1.1398,-0.9502,-4.8796,0.4612,-0.9984,0.1658,0.9287,-6.3584,0.8065,4.904,-2.9649,0.3017,5.2126,8.1916,5.2168
1.2698,-1.9384,-5.9802,1.0123,-1.8693,0.047,0.5156,-7.5707,2.0573,3.8984,-3.992,-0.974,4.6162,9.5991,3.5407
1.4086,-2.2234,-7.1184,1.2596,-2.6562,-0.2385,-0.0657,-7.6693,3.9688,2.1667,-4.6496,-2.4726,5.389,10.4028,1.8051
0.9855,-3.0497,-7.4291,1.7403,-3.1067,-0.2563,-0.3344,-8.2538,4.5723,1.3305,-5.4115,-3.8249,5.2559,10.4334,-0.1496
1.1108,-3.3275,-7.6552,1.6701,-3.262,-0.3402,-1.3968,-8.2684,5.7139,0.1414,-5.7019,-4.8976,5.2266,10.3603,-2.0797
1.5396,-3.8508,-7.6747,2.2542,-3.3714,-0.356,-2.0479,-8.1274,6.4267,-1.1115,-5.6484,-5.8248,4.409,9.8268,-4.2719
1.8411,-3.7245,-7.3186,2.2386,-3.4999,-0.6421,-2.5392,-7.4438,6.8925,-1.8833,-5.576,-6.3758,4.0884,8.942,-5.7262
-0.3479,-3.8147,-8.0475,2.4017,-3.2067,0.2279,-2.7681,-6.8494,7.1777,-2.7731,-5.741,-6.6413,3.3341,7.9819,-6.9407
0.3595,-4.2147,-7.4757,2.9073,-2.8907,0.3117,-2.884,-5.488,8.1155,-4.2635,-5.498,-6.8834,2.8129,6.6038,-7.9051
0.9901,-4.2836,-5.5409,3.0032,-2.552,0.2143,-2.9326,-4.0819,8.1225,-4.5659,-4.947,-6.9188,2.2365,4.6859,-8.8125
0.9677,-3.928,-4.1244,2.9705,-1.9197,0.3603,-3.2816,-2.7817,7.3425,-4.2744,-3.9537,-6.4646,1.3792,3.3471,-8.8899
1.5557,-3.2508,-2.8462,2.5298,-1.4618,-0.0294,-2.8864,-1.5626,6.4908,-4.2121,-3.4193,-5.9174,0.2592,1.597,-9.186
1.8473,-2.5098,-1.7858,2.0592,-0.8674,-0.2192,-2.07,0.5613,6.1866,-3.5533,-2.6007,-5.4041,-0.36,0.3628,-8.6646
1.6793,-1.5783,-0.4963,1.6738,-0.4828,-0.5329,-2.0407,2.2586,5.4641,-3.6226,-1.9791,-4.7381,-0.8585,-1.3585,-7.611
1.4415,-1.4591,1.0422,1.8055,0.0277,-0.4533,-2.1656,3.8838,4.9007,-3.8635,-1.1017,-4.0021,-1.436,-3.3436,-6.8909
0.8216,-0.4514,2.8694,1.7637,0.9505,-0.2991,-2.1212,5.3606,3.5138,-3.4457,0.1563,-3.1961,-2.4129,-5.173,-6.0522
1.3921,-0.2133,4.8341,1.1377,1.8106,-0.1885,-1.3158,6.9949,2.5183,-3.4322,1.5796,-2.1358,-3.1552,-6.7945,-4.9747
1.7869,0.1539,6.4653,0.808,2.7822,-0.3296,-1.083,8.0057,1.5329,-2.5433,2.8246,-0.9325,-3.5048,-8.187,-3.695
1.773,1.0781,7.606,0.2736,3.6265,-0.3477,-0.1037,8.946,-0.1788,-0.9302,3.4954,0.6817,-3.82,-9.2801,-1.8327
1.5928,1.8554,8.4676,-0.3201,4.3758,-0.4884,0.6366,9.7524,-1.3356,-0.1055,3.8453,2.238,-3.7359,-9.7284,-0.0849
1.4118,2.7234,9.0553,-0.6222,4.6709,-0.4847,1.2673,10.1522,-2.6719,1.1206,4.5222,3.4918,-3.4703,-9.5932,1.6352
1.2928,2.782,9.3106,-0.9882,5.0393,-0.3922,2.0965,9.8918,-3.7006,2.2312,4.7482,4.2883,-3.4177,-9.5758,3.4546
0.9631,3.1166,9.34,-1.4468,5.0836,-0.2777,3.0164,9.4218,-4.4264,3.6762,4.4958,5.1862,-2.4389,-8.9775,5.3699
0.724,2.7323,8.7087,-1.3153,5.0688,-0.1043,2.6789,8.8619,-4.9507,4.6804,4.6428,5.5246,-1.467,-7.9039,7.1781
0.4414,2.9655,7.6675,-1.6302,4.6219,0.1958,2.8676,7.3845,-5.3824,5.6802,4.2601,5.7605,-0.8287,-6.5198,8.2171
0.4989,2.4442,6.5605,-1.69,3.9931,0.0553,2.8095,5.8144,-5.0054,5.6502,3.7755,5.604,-0.1857,-4.8744,8.7441
0.4433,2.1599,5.7558,-1.71,3.684,0.281,2.8945,4.3373,-4.5302,6.0184,3.0822,5.1013,-0.3263,-3.1708,8.85
0.4933,1.4855,4.3815,-1.6247,3.1702,0.4269,2.7258,3.0994,-3.984,5.804,2.4672,4.8975,0.6615,-1.572,8.8068
0.628,1.3628,3.0837,-1.7178,2.8732,0.6372,2.6242,1.5423,-3.3636,6.0707,1.4782,4.1908,1.4341,0.0866,8.5049
0.5022,1.8133,1.7331,-1.2862,2.2195,0.5646,2.4877,0.0172,-2.8116,6.1158,0.7239,3.3776,2.3737,1.5347,7.7939
0.5726,0.6167,0.2798,-0.7966,1.6899,0.9755,2.2114,-1.9362,-2.0303,5.4484,-0.0901,2.6309,3.5693,3.3193,6.6984
0.6841,0.0334,-1.4394,-0.3652,1.0279,0.8795,1.8059,-3.6709,-0.9775,5.4314,-0.6945,1.8457,4.4981,4.8239,5.7234
0.8306,-0.4438,-3.4677,0.0812,0.2189,0.9387,1.3005,-5.4917,-0.4335,4.6998,-1.5742,1.3086,4.8569,6.129,4.6821
0.8566,-1.2974,-5.2637,0.2972,-0.8254,1.088,1.2544,-6.7856,0.4013,4.2339,-2.8962,0.2913,5.4712,7.5486,3.3948
0.9832,-1.9913,-6.6323,0.3109,-1.8508,0.8983,0.9403,-7.8475,2.3787,3.4301,-4.2011,-0.9275,5.7448,9.18,2.3489
1.2375,-3.1808,-7.4084,0.8066,-2.3856,0.4708,0.0422,-8.056,4.0061,2.5691,-4.776,-2.8664,5.6643,10.0379,0.667
1.2157,-3.7609,-7.8,1.5708,-3.0314,0.42,-0.6428,-8.5162,5.4257,1.5361,-5.1572,-4.2876,5.5461,10.2765,-0.6609
1.0976,-3.7449,-8.1942,2.0168,-3.2378,0.5158,-1.6604,-8.4627,6.3236,0.5317,-5.2937,-5.37,5.4374,10.2285,-2.7271
1.3137,-3.9776,-7.9689,2.0826,-3.4267,0.3994,-2.3103,-8.5409,6.9901,-0.8706,-5.3683,-6.1214,5.2617,9.6485,-4.5043
1.3188,-3.8451,-7.7935,2.9144,-3.3372,0.6511,-2.5339,-8.1034,7.3325,-2.0478,-5.0529,-6.6622,4.3719,8.7715,-6.1462
1.459,-3.6282,-7.4877,2.7946,-3.1558,0.1145,-2.8164,-6.712,7.9052,-3.1664,-4.6631,-6.8261,3.4941,7.6472,-7.7214
1.26,-3.6405,-6.6605,2.5903,-2.8702,0.066,-3.2062,-5.5083,7.5173,-4.1047,-4.6135,-6.5554,2.6617,5.9967,-8.9028
1.5926,-3.3645,-5.4657,2.6519,-2.4202,0.0388,-3.383,-3.7663,7.7277,-4.4879,-4.0764,-6.5826,1.916,4.5496,-9.4083
1.7776,-3.0872,-4.1647,3.0417,-1.9719,-0.0064,-2.6911,-2.6502,7.304,-4.5746,-3.0766,-6.3451,1.484,2.6758,-9.6944
1.8478,-2.5098,-2.797,2.6773,-1.5015,-0.2938,-2.2445,-0.7303,6.6602,-4.4031,-2.6011,-5.6165,0.5769,1.1382,-8.8098
0.9483,-2.3021,-1.476,2.0029,-0.8708,-0.203,-2.2109,0.6975,5.8512,-4.124,-1.8965,-5.1511,-0.5681,-0.5526,-7.7602
1.1429,-0.8832,-0.1079,1.5644,-0.1574,-0.1329,-1.9567,2.4738,5.3659,-4.0034,-1.1505,-4.3529,-1.4592,-2.2811,-7.5322
1.1686,-1.2425,1.4398,1.5102,0.4332,-0.2828,-1.7056,4.6056,4.2733,-4.159,-0.0952,-3.7585,-2.0093,-4.2952,-6.8652
0.9696,-0.5132,3.4646,1.0664,1.2837,-0.0815,-1.2002,6.2259,4.0596,-3.7068,0.6334,-2.997,-2.4284,-6.0078,-5.8491
1.2361,-0.1733,5.4487,0.9556,2.2583,-0.2859,-1.6393,7.8842,2.337,-3.2148,2.155,-2.1097,-3.1447,-7.6001,-5.0357
1.5492,1.3384,7.3389,0.4502,3.1335,-0.5452,-0.6898,8.7971,0.6986,-2.2006,3.5528,-0.8625,-3.6,-8.9528,-3.3299
1.7611,1.8857,8.2945,-0.4013,3.843,-0.789,0.2654,9.8532,-0.5722,-1.1352,4.2466,0.8186,-3.6544,-9.4866,-1.514
1.4116,2.5721,9.1657,-0.9533,4.3407,-0.8464,0.7913,10.3003,-2.3594,0.2123,4.8012,2.7112,-4.3314,-9.5936,0.311
1.3224,2.8315,9.62,-1.2984,4.8758,-1.0341,1.228,10.2657,-2.8286,1.1843,4.9894,3.7604,-3.5523,-9.4212,2.2522
1.1169,3.3295,9.2173,-1.2612,4.9795,-1.2271,1.8669,10.2226,-3.6914,2.679,5.1219,4.617,-3.2801,-9.0143,3.9949
0.9257,2.9686,9.1197,-1.2269,4.6613,-1.0588,3.1815,9.7993,-4.6541,4.059,5.2754,5.3429,-2.6659,-8.4824,6.1305
0.9478,2.8353,8.58,-1.5382,4.5066,-0.8168,3.2147,8.6523,-5.4416,4.8967,4.997,5.6354,-1.423,-7.4385,8.216
0.873,2.9263,7.885,-1.4596,4.1206,-0.5029,3.8455,7.5475,-5.3668,5.9954,4.7407,5.6341,-0.9799,-5.7576,9.1975
0.5687,2.7234,6.8475,-1.4131,3.6177,-0.5763,3.385,5.9029,-4.9579,6.21,4.0768,5.591,0.6941,-4.1923,9.3909
0.1521,2.3076,5.1287,-1.2475,3.1337,-0.6735,3.4085,3.966,-5.4523,6.5806,3.3166,5.1327,1.3155,-2.3851,9.6221
0.1244,1.7973,3.4133,-0.807,2.5899,-0.5488,3.358,2.3148,-4.1458,6.3826,2.5013,4.5559,2.3279,-0.4399,9.1985
0.2618,1.3718,2.0389,-0.9022,1.9388,-0.0887,3.0788,0.7336,-2.8588,5.7833,1.5025,3.5973,3.0092,0.908,8.5265
0.3671,0.8767,0.4434,-0.2746,1.3907,-0.2087,3.1754,-0.4158,-2.3041,5.5328,0.8078,2.9728,3.58,2.535,7.757
0.6708,0.1688,-0.9827,-0.3691,0.7221,-0.0757,2.9491,-2.4897,-1.3722,5.1,-0.201,2.2762,3.9866,4.0981,7.0144
0.7237,-0.3908,-3.0323,-0.0643,-0.0662,0.2042,2.373,-4.2047,-0.5104,5.1038,-1.0368,1.3399,4.8407,5.5785,6.6092
0.5232,-1.2998,-4.3719,0.7551,-1.0286,0.7518,1.9414,-5.4533,0.9446,4.5266,-2.1289,0.4536,5.1455,7.1257,5.2049
0.3809,-1.9518,-5.6775,1.0184,-1.7902,0.8393,2.0008,-6.6865,1.9872,3.7683,-3.4479,-0.4596,5.9372,8.303,3.6954
0.7536,-3.073,-6.4746,1.565,-2.5077,0.8141,1.3675,-7.5669,2.8201,2.7695,-4.0178,-2.0242,6.0401,9.1598,2.4167
0.8371,-3.3634,-7.2648,1.7209,-2.9922,0.7541,0.7752,-8.3719,4.4376,2.1206,-4.8945,-3.2835,5.8525,9.8706,0.7976
1.1432,-3.7129,-7.7183,2.0313,-3.494,0.5571,0.3602,-8.3332,5.6588,1.2212,-5.4018,-4.5569,6.2193,10.296,-1.0044
0.688,-3.8558,-8.2871,1.9901,-3.62,1.1704,-0.2117,-8.6848,6.5192,0.3652,-5.7537,-5.3746,6.065,10.041,-2.9287
0.6032,-4.2659,-8.4336,2.0705,-3.8933,1.356,-1.1002,-8.7436,6.9039,-1.342,-5.8562,-6.296,5.4492,9.5094,-4.8691
0.812,-4.4581,-8.3656,2.3942,-3.7847,1.088,-1.6584,-7.9925,7.5241,-2.6692,-5.9371,-6.8881,4.5953,8.9642,-6.4407
1.1788,-4.6576,-7.8761,2.5168,-3.5654,1.0667,-2.0418,-6.941,8.0444,-3.3607,-5.4984,-7.1376,3.9736,8.214,-7.6399
1.1974,-4.2538,-7.3237,2.5324,-3.4346,1.2183,-2.6235,-6.2405,7.859,-3.8979,-5.2432,-6.9723,3.7412,6.8577,-8.615
1.1704,-4.0535,-6.3358,2.5478,-2.7919,0.8401,-2.8672,-5.1226,7.2136,-4.0941,-4.6523,-7.0089,3.0647,5.6621,-9.194
1.3569,-3.6228,-5.4162,2.1617,-2.4221,0.3808,-2.052,-3.6281,7.1285,-4.2678,-4.3333,-6.6944,1.4184,4.3854,-9.8819
1.6022,-3.2961,-4.2323,0.8419,-1.93,0.1343,-2.1298,-1.6455,7.3073,-4.521,-4.4829,-6.4669,1.0547,2.9034,-9.7676
1.7202,-3.1094,-2.6241,1.4313,-1.7618,-0.3751,-1.9011,0.6716,7.1033,-4.8117,-3.5473,-6.22,0.1065,1.5498,-9.2939
1.944,-2.6296,-0.3729,1.6363,-0.9331,-0.7477,-1.6891,2.7092,6.4933,-4.796,-2.434,-5.5646,-0.822,-0.1678,-8.5912
1.8379,-2.045,1.5812,1.1941,-0.041,-1.0622,-1.5313,4.5439,4.9613,-4.127,-1.2507,-4.8648,-1.5745,-2.513,-7.7474
1.4345,-1.5718,3.7249,0.1361,0.7232,-1.3306,-1.3695,6.3681,4.1947,-3.4025,-0.7638,-3.8794,-2.3185,-4.3548,-6.9889
1.4983,-0.9309,5.6938,0.1312,1.7414,-1.5457,-1.0864,8.2856,3.2665,-2.969,0.748,-2.8525,-3.2501,-6.0089,-5.9424
1.3362,0.3507,7.3324,0.0744,2.8657,-1.5612,-0.3918,9.4126,1.3584,-2.1334,2.2692,-1.7659,-3.811,-8.0343,-4.6507
1.1313,1.1965,8.273,-0.5104,3.8163,-1.0307,-0.0482,9.7672,-0.5785,-1.049,3.486,-0.5394,-3.6189,-9.1108,-2.7445
0.8261,2.0655,8.8493,-0.8324,4.3942,-0.9524,0.6663,10.4211,-2.3576,0.2562,4.4639,1.0805,-3.1214,-9.6416,-0.8049
1.1671,2.9267,8.9554,-1.157,4.6882,-0.9242,1.3887,10.5547,-3.2062,1.1446,4.853,2.9238,-3.27,-9.3532,0.9215
0.8198,2.6809,9.0724,-1.1712,4.9647,-1.208,2.3133,10.6564,-3.5418,2.2675,5.0712,4.2252,-2.8546,-8.9867,3.5434
0.3129,3.2061,8.7722,-1.3963,4.9438,-1.0607,2.4817,9.6881,-4.8836,3.7705,4.9156,4.808,-2.4848,-8.6493,5.3211
0.4798,2.5418,8.283,-1.1707,4.8542,-1.0078,3.8079,8.6188,-5.1185,4.7969,5.0238,5.1067,-1.9227,-7.4903,7.2533
-0.4925,2.9014,6.4432,-1.1774,4.4143,-0.2397,3.7966,7.6349,-4.9016,5.835,4.4159,5.5386,-0.9899,-6.0071,8.9052
-0.2128,2.248,5.6304,-1.2319,3.7287,0.1804,3.5376,5.8021,-5.1085,5.8794,3.8303,5.634,0.0909,-4.6595,9.1646
-0.2677,1.8627,4.3558,-0.7661,3.3321,0.299,3.547,4.2241,-4.8517,6.3786,3.2422,5.3061,0.8638,-2.8495,9.6745
-0.3363,1.2852,2.8129,-0.6363,2.6371,0.4661,3.3102,2.6561,-3.7465,6.4101,2.4888,4.8525,1.6163,-1.0609,9.3922
0.2612,1.0358,1.7519,-0.5636,1.8935,0.2603,3.0997,1.0831,-3.3423,6.3254,1.2322,3.9817,2.8758,0.4106,8.4637
-0.1982,0.6365,0.2463,-0.2762,1.2772,0.2615,1.9554,-0.1881,-2.2224,6.0262,0.4749,3.1263,3.7307,2.4,7.6399
-0.2427,-0.2328,-1.3224,0.1068,0.554,0.0809,2.0363,-2.2705,-1.8612,5.3719,-0.3017,2.5925,3.9556,4.1536,6.4331
-0.2069,-0.7771,-3.2609,0.2494,-0.1207,-0.1182,1.9387,-3.6474,-0.9918,4.8489,-0.8416,1.8065,4.189,5.7238,5.6282
-0.7052,-1.0539,-4.8145,0.4802,-1.0771,-0.0063,1.4682,-4.9518,0.0362,4.2102,-1.7666,0.9872,4.9108,7.5015,4.1856
-0.4322,-2.0055,-6.4131,0.5912,-1.9851,0.3234,1.1269,-6.4921,1.3041,2.9018,-3.3989,0.0184,5.2789,8.5216,2.741
0.1051,-2.9847,-7.4592,0.9039,-2.6157,0.4399,0.4707,-7.5966,2.8502,2.089,-4.6283,-1.2801,5.9866,9.5028,1.2632
0.1656,-3.0185,-8.3514,0.7679,-3.1408,0.4844,0.3203,-8.0125,4.6081,1.6726,-5.595,-2.805,5.7754,10.4549,-0.8556
0.2512,-3.8933,-8.384,1.9705,-3.7314,0.4385,-0.0115,-7.921,5.5214,0.2054,-5.9565,-4.3099,5.8078,10.2421,-2.3155
0.4889,-3.9612,-8.5322,2.2045,-3.6928,0.0917,-0.8151,-7.5756,6.4579,-1.1728,-6.0586,-5.4247,4.7774,9.8863,-3.767
0.8757,-4.8138,-7.9253,2.8972,-3.4481,-0.1035,-1.5389,-6.9618,7.6232,-1.9668,-5.9332,-5.9697,4.5436,8.8914,-5.8858
0.9628,-4.2096,-7.3847,2.8445,-3.3564,-0.7163,-2.1831,-5.7103,7.3016,-2.3721,-5.5766,-6.4969,3.6986,7.5507,-6.4773
1.3635,-4.0812,-6.5652,2.9103,-3.124,-0.9093,-2.2461,-4.2184,7.4942,-3.2877,-4.9097,-6.5979,2.4768,6.3107,-7.7168
1.7871,-3.5795,-4.8172,2.707,-2.6638,-1.4633,-2.4028,-2.7642,7.4433,-3.5395,-4.3249,-6.3694,1.6616,4.6921,-8.6045
2.0738,-2.9963,-3.1381,2.5293,-2.0523,-1.5044,-2.1489,-1.2846,6.4973,-3.6221,-3.4025,-5.8546,0.9901,2.9101,-8.56
1.3664,-1.958,-2.0094,1.942,-1.2497,-1.5737,-2.069,0.394,6.1308,-3.6694,-2.6354,-5.4266,0.1098,1.266,-7.6006
1.3798,-1.7966,-0.5116,1.8575,-0.5741,-1.7393,-1.5609,1.909,4.9005,-3.5432,-1.8755,-4.6657,-0.6314,-0.3757,-7.2647
1.0921,-1.3653,0.7314,1.3982,0.1345,-1.3246,-1.71,3.7677,4.0112,-3.2932,-0.985,-4.037,-0.9608,-2.0319,-6.5306
1.1296,-1.1376,2.5961,1.0596,0.7677,-1.3401,-1.3086,5.4143,3.5104,-2.965,-0.041,-3.1149,-1.8193,-3.4979,-5.673
2.3573,-0.138,4.7167,0.9113,1.7274,-1.7896,-0.9492,6.9214,2.9663,-2.4511,1.1925,-2.1303,-2.4115,-5.2584,-4.5626
1.6926,0.9537,6.2048,0.3112,2.7242,-1.6787,-0.472,8.157,0.831,-1.4155,3.1908,-0.8083,-2.9562,-6.5117,-2.6639
1.0416,1.5225,7.0204,-0.1949,3.482,-0.8992,-0.0242,7.9497,-1.3338,-0.1624,3.386,0.8615,-3.2549,-7.515,-1.0032
1.1576,2.1577,6.8577,-0.765,3.9266,-1.3975,0.6565,8.8819,-2.2094,0.7113,3.6054,2.4067,-2.9292,-7.5195,0.24
0.9132,1.9286,7.1987,-0.9708,4.0016,-1.3465,1.0807,8.9811,-2.3267,1.3953,3.4139,3.5818,-3.2524,-7.5561,2.0252
0.7743,2.1351,7.4522,-1.1211,4.1816,-1.2473,2.0774,9.0429,-3.0635,2.4141,3.5791,4.2262,-2.8273,-7.1885,3.7408
0.6619,2.2678,7.7403,-1.2689,4.2642,-0.8166,2.3982,8.2236,-4.1041,3.636,3.6346,4.5533,-2.3865,-6.5564,5.3963
0.5561,2.231,6.9654,-0.6928,4.0327,-0.7276,2.5886,7.478,-4.4801,4.4187,3.4514,4.6921,-2.0366,-5.2955,6.1393
0.2881,2.6526,6.139,-0.5997,3.8001,-0.3843,2.8671,6.6152,-4.0434,4.7896,3.3273,4.6441,-0.7246,-4.4801,6.9493
0.4081,2.1709,5.3399,-0.8181,3.3774,-0.3621,2.9496,5.135,-4.1268,4.859,2.9035,4.5595,0.0057,-3.3829,7.0012
0.2092,1.8736,4.3686,-0.7095,3.0276,0.1615,2.983,3.2895,-4.0667,5.1289,2.3568,4.5214,0.8079,-2.4693,7.1912
0.0474,1.5648,2.8804,-0.1329,2.7267,0.453,2.9208,2.6596,-3.4433,5.2818,2.2545,4.1038,1.2664,-0.8739,7.5608
0.2407,0.9498,1.9801,-0.2728,2.0997,0.7232,2.925,0.9697,-3.1232,5.2172,1.3504,3.8365,2.2301,0.2041,7.3613
0.371,0.5586,0.6983,-0.2965,1.8155,0.6924,3.0451,-0.6765,-2.4858,5.3641,0.5295,3.2263,3.124,1.7904,6.9765
0.8165,0.1503,-0.8273,0.0596,1.0109,0.2467,3.1894,-2.1561,-1.7343,5.3577,-0.2715,2.8172,3.9573,4.0315,6.2732
0.6699,-0.109,-2.8843,0.3768,0.2369,-0.1072,2.3952,-3.8429,-1.4487,4.9675,-1.2377,1.9942,4.8204,5.8043,5.5865
0.8,-0.6502,-4.4021,0.629,-1.0717,-0.1218,2.2061,-5.4622,-0.182,4.1655,-2.5102,1.2115,5.1081,7.3626,4.223
0.4747,-1.5432,-6.0874,0.8732,-1.6784,0.0648,1.6645,-6.0395,1.2073,3.0256,-3.9684,-0.1084,5.3665,8.7048,2.9434
0.7555,-2.3746,-6.5395,1.3338,-2.3698,-0.1504,1.3605,-6.7177,2.9668,1.7688,-4.679,-1.5921,4.905,9.2883,1.6806
0.7072,-2.8795,-6.9275,1.8335,-2.6698,-0.2884,1.3522,-6.9337,4.2011,0.9019,-4.8662,-2.9326,6.0831,9.6753,0.0539
0.538,-3.3345,-7.3316,2.1606,-2.7436,-0.0427,1.0182,-7.7302,4.4266,0.1349,-5.2116,-4.1696,6.1166,9.5419,-1.4019
0.9286,-3.9013,-7.5554,2.4472,-2.7801,-0.5773,1.0536,-7.7945,5.1318,-0.6356,-5.4922,-4.8212,5.8209,9.4561,-3.009
0.8377,-3.7535,-8.1763,2.6448,-2.7689,-0.3954,0.3117,-7.8865,5.481,-0.9362,-5.4143,-5.5007,5.6272,9.0903,-3.9606
1.0046,-4.2293,-7.7668,2.7184,-2.6548,-0.4273,-0.3063,-7.3542,6.1292,-1.8224,-5.2278,-5.7919,5.0659,8.5454,-4.9485
0.842,-3.6278,-7.7028,2.6169,-2.5281,-0.4458,-0.5103,-6.7258,6.686,-2.1111,-5.3095,-5.884,4.3865,7.6762,-5.5521
0.4866,-3.683,-7.188,2.2648,-2.3029,-0.1493,-0.78,-5.5515,6.8544,-2.7929,-5.4967,-5.9851,3.7161,6.5869,-6.6924
0.4853,-3.7066,-6.1919,2.2037,-2.1502,0.2301,-1.021,-4.55,7.1826,-3.9281,-5.309,-6.3675,2.9551,5.3623,-7.8775
0.7788,-3.6739,-4.6897,2.2452,-1.5712,0.2817,-1.3053,-3.5406,6.6181,-4.4028,-4.5022,-6.4862,2.7525,4.0006,-8.595
1.5362,-3.2043,-3.7105,2.5425,-1.0947,-0.3331,-1.3797,-2.3852,6.0121,-4.1396,-3.9186,-5.8334,2.1334,2.6314,-8.6303
1.5112,-2.8684,-2.6239,3.2574,-0.6405,-0.7027,-1.2399,-0.6688,5.5066,-3.7066,-3.2109,-5.5563,1.3039,1.4991,-7.9186
0.8632,-2.1921,-1.5684,2.626,-0.1523,-0.6072,-1.0699,0.4806,4.4903,-3.5256,-2.3173,-5.2377,0.299,-0.0192,-7.5752
1.1566,-2.0224,-0.3819,2.5303,0.2178,-0.8061,-0.7328,2.5233,4.436,-3.6551,-1.4344,-4.2155,-0.7228,-1.3623,-7.1341
1.2604,-1.5567,1.3299,2.0626,0.8075,-1.3457,-0.5909,4.1683,3.6684,-3.7288,-0.5351,-3.4154,-1.1171,-3.3434,-6.3294
1.1372,-0.8565,3.1483,1.7197,1.4179,-1.8865,-0.1544,5.9301,2.9835,-3.2698,0.5771,-2.3574,-2.3586,-4.7824,-5.4175
1.495,0.0554,5.1394,1.0739,2.4359,-1.9137,0.2794,7.3418,1.5335,-2.9112,1.3557,-1.3828,-2.9122,-6.3607,-4.5533
1.6945,1.398,6.6744,0.153,3.5083,-1.9786,0.6534,8.6039,-0.1068,-1.9775,2.317,-0.1795,-3.1474,-7.4464,-3.0476
0.9477,1.8896,7.5348,-0.5426,4.2341,-1.5477,1.306,9.0894,-1.2583,-0.951,3.4135,1.4554,-3.3297,-8.345,-1.6789
1.0018,2.2978,8.2215,-1.7345,4.7645,-1.3562,2.1103,9.0429,-3.1609,0.034,3.1771,2.9208,-3.339,-8.6586,0.0107
0.9729,2.6171,7.8941,-1.2849,4.9058,-1.076,2.7561,9.3289,-3.7295,1.0365,3.103,3.6388,-2.8152,-8.3172,1.8585
0.579,2.2203,7.9932,-1.3346,5.0442,-0.8851,3.9026,8.9919,-4.1847,2.3148,3.3714,4.2863,-2.3704,-7.7778,3.6267
0.7065,2.8733,7.8738,-1.2237,4.9729,-0.8957,4.4129,8.4033,-4.4511,3.5056,3.5809,4.8137,-1.7588,-7.1247,5.5946
0.566,2.6945,7.3009,-1.2746,4.6975,-0.6552,4.2358,7.2981,-4.9873,4.0195,3.4024,5.1064,-1.1948,-6.0342,6.9197
1.3802,1.9709,6.7912,-1.5529,4.2293,-0.7936,4.4085,6.2201,-5.1227,4.798,3.1094,5.3676,-0.4532,-4.7875,7.883
0.9888,2.1021,5.7472,-1.2028,3.879,-0.799,4.253,4.9813,-5.0677,5.9151,2.6861,5.0429,0.1026,-3.0316,8.8281
0.7111,1.9253,4.4921,-1.0378,3.486,-0.6607,4.2326,3.6015,-4.3565,6.0658,2.1934,4.8841,0.8768,-1.4339,9.0937
0.484,1.5643,3.4425,-0.9653,2.9572,0.4906,4.2509,1.531,-4.3592,5.9872,1.5323,4.5571,2.093,0.0562,9.2461
1.0762,1.1335,2.0167,-0.8125,2.613,-0.0072,3.765,-0.12,-3.766,6.1253,1.3704,3.8521,2.9883,1.8876,8.1932
-0.1427,1.0646,-0.0674,-0.6369,1.9952,0.7248,3.6455,-2.6537,-3.0932,6.1188,0.4474,3.4414,3.5774,4.1299,7.7909
0.4408,0.4683,-2.1809,-0.3274,1.138,0.747,3.1801,-4.8642,-2.6507,5.3474,-0.6394,2.7325,4.4064,5.7336,7.3292
0.3741,-0.2131,-4.5434,0.1285,0.2482,0.6432,3.1365,-6.6665,-1.3244,5.1244,-2.135,2.0677,5.1694,8.0567,6.2519
-0.2712,-0.9444,-6.8494,0.8873,-0.775,0.8552,2.275,-8.4454,0.3469,4.1931,-3.6893,0.7567,6.4433,9.7959,4.381
-0.056,-2.1781,-8.5226,0.797,-1.8527,0.8692,2.0041,-9.8334,1.9772,2.9416,-5.5655,-0.7707,6.458,11.116,2.0693
0.3176,-3.5077,-9.5692,1.3749,-2.7527,0.7459,1.1512,-10.2937,3.862,1.6175,-6.705,-2.378,6.0795,12.0837,-0.0885
0.3798,-3.7981,-10.3226,2.0675,-3.2151,0.4628,0.3758,-10.0698,5.674,0.4886,-6.9803,-4.4348,5.8974,12.3348,-2.1521
0.6323,-4.5224,-10.3005,2.5166,-3.5838,1.1129,-0.3981,-10.095,7.1494,-1.2124,-7.2874,-5.8546,5.4478,11.7381,-4.4365
0.9722,-4.6794,-10.1085,2.5511,-3.642,0.4416,-1.1073,-9.6036,7.5946,-2.6955,-7.3803,-6.786,5.1346,10.9601,-6.3695
1.5679,-4.7601,-9.2343,2.6024,-3.216,-0.0454,-1.3808,-8.3321,8.425,-3.5949,-7.5012,-7.2423,4.1708,9.8311,-8.6449
1.7944,-4.317,-7.7708,3.0749,-2.8761,-0.3071,-1.2939,-6.6807,8.4635,-3.8939,-6.5709,-7.6633,3.5037,8.421,-9.0977
1.0522,-3.8033,-6.7691,2.975,-2.6362,-0.4501,-1.775,-5.2876,7.8569,-4.3871,-5.5765,-7.4578,2.8038,6.659,-9.2766
1.2202,-3.3799,-5.572,2.8162,-2.0965,-0.2255,-1.9065,-4.1549,7.2196,-5.0243,-4.6537,-7.0926,2.2249,4.9513,-9.8676
1.4413,-3.114,-4.1067,1.7039,-1.6653,-0.6281,-1.9519,-2.8551,6.8001,-5.2587,-4.632,-6.1478,1.6257,3.3591,-9.7536
1.3475,-2.8311,-2.8801,1.5081,-0.9637,-0.2994,-1.6184,-1.5395,6.263,-5.2765,-4.1733,-5.675,1.1254,1.972,-9.5676
1.439,-2.3722,-1.7051,1.5129,-0.3585,-0.6077,-1.2961,0.2554,5.6689,-4.6295,-3.6405,-5.2862,-0.2157,0.6359,-9.3308
1.3367,-1.5686,0.0793,1.1463,0.1611,-0.8488,-1.2294,2.1501,5.1758,-4.4827,-2.7688,-4.5406,-0.9322,-1.0822,-9.0804
1.61,-1.2544,2.0253,0.6735,0.8345,-1.0824,-1.0888,3.9916,4.0345,-4.5329,-1.9932,-4.004,-1.6704,-2.7993,-8.6325
1.8401,-0.7908,3.7134,1.0345,1.7189,-1.7298,-0.837,6.1438,3.1889,-4.1343,-0.6676,-3.1152,-2.511,-4.5185,-7.1521
1.449,-0.1784,5.971,0.6617,2.6675,-2.0136,-0.3449,7.7117,2.1124,-3.2823,1.0661,-2.2242,-2.9612,-6.2469,-5.6434
1.0276,0.9789,7.4101,0.1442,3.8554,-1.8866,0.1947,8.8264,0.1833,-2.0984,2.4004,-0.8455,-3.6255,-7.6441,-3.9621
1.1677,1.9626,8.561,-0.216,4.4597,-1.6359,0.3934,9.2149,-1.8265,-1.0209,3.2815,0.9072,-3.8058,-8.6141,-1.7118
1.1038,3.0684,8.8939,-0.7623,5.0373,-1.6986,1.0068,9.7218,-3.3154,-0.1774,3.8538,2.6233,-3.9168,-8.8881,-0.0115
0.8612,2.9519,9.0363,-1.2591,5.4284,-0.8895,1.657,9.5474,-4.5591,0.7997,4.2969,4.0915,-3.7625,-8.8637,2.0328
1.0024,3.0841,8.8567,-1.4621,5.5468,-1.2227,1.96,9.0953,-5.5472,2.3641,4.7123,4.9907,-3.0562,-8.4579,4.5941
0.9568,3.4161,8.6035,-1.8782,5.3166,-1.107,2.5467,8.1964,-5.4015,3.9568,4.1267,5.7314,-2.5012,-7.188,5.9759
0.5885,3.1273,7.4239,-1.578,4.936,-1.0372,3.2396,7.0994,-6.1286,5.0202,3.7779,5.914,-1.6466,-5.758,7.094
1.4201,2.898,6.9098,-1.6185,4.4293,-1.3482,3.309,5.9347,-5.6391,5.329,3.6122,5.7998,-0.679,-4.19,7.9979
1.1767,2.9524,5.6104,-1.6843,4.008,-1.4543,3.1887,4.2975,-5.5599,6.0561,2.6735,5.7498,-0.1162,-2.7948,8.3719
1.2107,2.624,4.4474,-1.7806,3.4079,-1.502,3.3925,3.2245,-4.9122,6.0287,2.0293,5.1126,0.4575,-1.0735,8.5597
0.3796,1.8145,3.299,-1.4905,2.6211,-1.0623,3.4501,1.6074,-4.5762,6.298,1.5399,4.6103,1.3452,0.4884,8.7425
0.4035,1.6134,2.2708,-0.957,2.3157,-0.9784,2.7738,0.0519,-4.0504,5.5157,0.7651,4.0754,2.2782,2.1726,8.1192
-0.1816,0.9399,0.2487,-0.7486,2.1137,-0.4811,2.9721,-1.964,-3.54,5.4006,-0.1748,3.466,2.9852,4.2458,7.1033
0.2055,0.181,-1.7223,-0.3329,1.4637,-0.5891,2.6625,-3.9497,-2.5261,5.0415,-0.8751,2.5684,3.9009,5.7664,5.9274
0.4089,-0.5343,-4.0322,0.0722,0.6066,-0.5435,2.5577,-5.6705,-0.8656,4.691,-1.9386,1.8087,4.7346,7.3986,5.1896
0.2161,-0.9161,-5.6646,0.5043,-0.6362,-0.3449,2.2712,-6.8514,0.4343,4.1587,-3.4174,0.8039,5.2119,8.8974,4.2536
0.4799,-2.2513,-6.889,0.9321,-1.5903,-0.3845,1.7976,-7.9751,2.1994,2.8315,-4.8144,-0.5602,6.3322,9.7464,2.4872
0.1278,-2.5597,-7.8763,0.8194,-2.2874,-0.1735,1.5275,-8.7749,3.3144,2.1272,-5.7017,-2.0788,6.32,10.3232,0.7336
0.5948,-3.4759,-8.3233,1.6064,-2.9098,-0.1061,0.9812,-9.0586,4.5654,0.7278,-6.0748,-3.4355,6.5304,10.6627,-0.9799
0.5414,-3.7742,-8.6331,2.3147,-3.1669,-0.1866,0.2896,-9.5148,5.4049,-0.2882,-6.2628,-4.7162,6.1513,10.4373,-2.8833
0.8037,-4.1523,-9.0262,2.4476,-3.166,-0.0355,-0.3782,-9.2046,6.1018,-1.3827,-6.7448,-5.8235,5.3416,10.3478,-4.6166
0.8466,-4.0625,-8.9725,2.5028,-3.1764,-0.2488,-0.9305,-8.6115,5.9206,-2.0288,-5.9232,-6.4786,5.0578,9.7095,-5.2997
1.1573,-3.927,-8.2772,2.6614,-2.9993,-0.4468,-1.2225,-7.988,6.7895,-2.6594,-6.0316,-6.3906,4.5371,8.8058,-6.2559
1.0573,-4.1948,-8.2488,2.604,-2.8383,-0.6126,-1.6858,-6.6578,7.06,-3.0254,-5.8795,-6.4401,4.1002,7.542,-7.4218
-0.2682,-3.7626,-7.4545,2.474,-2.7896,0.0907,-1.9104,-5.652,7.051,-3.7838,-5.6256,-6.2799,3.2511,6.2606,-8.2436
0.422,-3.8324,-6.2477,2.6566,-2.3701,-0.0769,-1.7562,-4.3529,7.5874,-5.2948,-5.1283,-6.2991,2.9009,5.0065,-9.5169
0.6425,-3.6332,-4.8282,2.2793,-1.6759,-0.7223,-1.6818,-2.7272,6.8235,-5.4583,-4.7414,-6.0889,2.2128,3.4064,-9.7068
0.7891,-3.078,-3.2418,2.8763,-1.2348,-0.5307,-1.4436,-1.4994,6.103,-5.5609,-3.7834,-5.7129,1.1904,1.8485,-9.6853
0.6503,-2.4299,-2.0249,1.8387,-0.2635,-0.4329,-1.3485,0.0554,5.112,-5.1626,-3.2508,-5.2446,0.2656,0.2007,-9.2397
0.3079,-2.1206,-1.0579,1.4658,0.1801,-0.2882,-1.2929,1.7482,4.7507,-4.6899,-2.6972,-4.6351,-0.4716,-1.609,-8.1965
0.5837,-1.7978,0.662,1.3149,0.6474,-0.1446,-1.094,3.7503,4.0694,-4.5888,-2.0076,-4.0104,-0.8013,-3.406,-7.4332
0.4871,-1.3408,2.7411,1.2721,1.4882,-0.0111,-0.8205,5.2778,3.1079,-4.1602,-1.2756,-3.2824,-1.5562,-4.7665,-6.7701
0.891,-0.9673,4.6235,1.0512,2.5534,-0.3801,-0.8262,6.7691,1.9135,-3.2932,0.1617,-2.4178,-2.2008,-6.2568,-5.6745
1.2844,-0.1025,6.3278,0.5763,3.4231,-0.8288,-0.443,8.0012,0.0865,-1.9523,1.779,-1.2428,-3.1697,-7.4618,-3.9761
1.5077,1.06,6.8926,0.3529,4.3521,-0.851,-0.1027,8.6041,-1.719,-0.5411,3.0405,0.126,-3.2585,-8.0515,-2.1091
1.3797,1.9594,7.97,0.1033,4.7263,-1.3779,0.9266,8.888,-3.1969,0.5384,3.9118,1.8892,-4.588,-8.311,-0.2617
0.8771,2.6181,7.7332,-0.4145,5.0307,-1.3688,1.078,9.4766,-3.9906,1.8278,4.3826,3.3841,-3.7661,-8.0998,2.3178
0.5192,2.816,7.8383,-1.3254,4.9697,-1.3251,1.885,9.1506,-4.4927,2.5666,3.4932,4.6634,-3.3981,-7.5331,3.6412
0.2706,2.6634,7.3513,-1.1895,5.1211,-1.1379,1.6676,8.59,-4.9495,3.1068,3.5773,4.993,-2.7101,-6.796,4.7708
0.4889,2.5102,6.9686,-1.2125,5.0358,-0.8405,2.2237,7.3768,-5.5938,3.9729,3.554,5.3222,-2.094,-5.7654,5.9317
0.5399,2.7794,6.1987,-1.5011,4.7225,-0.8226,2.7177,6.4441,-5.4977,4.7768,2.9084,5.3745,-0.6716,-4.4981,6.4783
0.1736,2.7191,5.2229,-1.4656,4.259,-0.9279,2.8867,5.2422,-4.9041,4.9476,2.815,5.0973,-0.7668,-3.3415,7.1171
0.637,2.0423,4.6165,-1.312,3.8215,-1.1659,2.981,3.7908,-4.906,4.78,2.5928,4.8839,0.2932,-1.9859,7.4653
0.3193,1.9879,3.4186,-0.7114,3.2227,-0.8615,3.0405,2.1917,-5.0675,5.4975,1.9014,4.8391,1.2543,-0.2111,7.6468
0.33,1.3586,1.8663,-0.7554,2.7664,-0.2421,3.2994,0.3999,-4.6631,5.4461,1.0172,4.4361,2.2298,1.2823,7.7701
0.4229,1.0066,0.2083,-0.5363,2.3095,-0.3129,2.8875,-1.4957,-3.7695,5.7354,0.1602,3.9064,3.8289,3.3564,7.6609
0.4681,0.6096,-1.5279,-0.2052,1.634,-0.3129,2.7044,-3.9161,-3.2267,5.9581,-0.8377,3.0993,4.8168,5.5249,6.8231
0.2136,0.1817,-4.1004,0.0391,0.8254,-0.2391,2.3033,-6.0376,-2.466,5.521,-1.6646,2.4301,5.168,7.3777,6.1103
0.3848,-0.768,-6.7645,0.2238,-0.3943,-0.3129,1.9368,-7.7848,-0.9281,4.8697,-3.6719,1.508,6.0192,9.3936,5.4081
0.0038,-1.9564,-8.5833,0.4055,-1.5378,-0.1296,1.32,-8.9276,0.9411,4.3429,-5.2192,0.1384,6.6612,11.0782,3.673
0.6802,-2.6973,-9.3722,1.4606,-2.548,-0.211,0.797,-9.8543,3.5142,2.7907,-6.1066,-1.6107,6.4248,12.0884,1.3556
0.8046,-3.3468,-10.3486,1.7576,-3.1649,-0.2202,-0.0257,-10.1619,4.2484,1.7049,-6.8036,-3.4801,6.6624,12.3881,-0.3237
1.0922,-4.2495,-10.3893,2.3214,-3.4907,-0.8917,-1.1311,-8.8076,6.6184,0.3186,-6.9956,-4.9352,5.7681,12.5144,-2.3732
1.3184,-4.0974,-9.2146,2.6062,-3.7505,-1.1525,-1.9206,-8.9542,6.5754,-1.0327,-6.9478,-6.0874,5.5389,11.3841,-4.633
1.4362,-4.006,-8.7137,2.5866,-3.4499,-1.6167,-2.4658,-8.1027,6.8346,-2.3142,-6.8938,-7.0851,4.8626,10.3489,-6.7612
1.3164,-3.744,-7.9232,2.7106,-2.9566,-1.9418,-2.3627,-6.8783,7.0787,-3.3369,-6.0689,-7.4862,3.8631,8.8131,-8.438
1.2478,-3.1496,-7.0346,2.353,-2.6378,-2.278,-2.3102,-5.1877,7.0892,-4.1162,-5.8306,-7.1873,2.9328,7.3091,-9.2185
1.1614,-2.8227,-5.8643,2.3539,-2.153,-2.3154,-2.412,-3.4798,6.7798,-4.8735,-5.3913,-6.8476,1.8934,5.6277,-9.7375
1.3787,-2.645,-4.078,2.5508,-1.3609,-2.5327,-2.4826,-1.5297,6.4384,-5.1464,-4.3005,-6.6207,1.198,3.7602,-9.7646
1.1458,-2.1256,-2.6684,2.3799,-0.6713,-2.5098,-2.3268,0.0666,5.4334,-4.9081,-3.2403,-5.8014,0.2099,1.6406,-9.2553
0.9431,-1.5887,-1.2497,2.2145,0.0347,-2.5164,-2.0953,2.0471,4.5518,-4.9485,-2.2381,-5.0861,-0.9208,-0.5282,-8.4752
0.8175,-1.0598,0.3353,2.0763,0.8122,-2.4183,-1.7183,4.1741,3.8346,-4.3881,-1.1441,-4.0024,-1.6576,-2.8852,-8.3461
0.8439,-0.3091,2.8776,1.6952,1.5149,-2.0724,-1.1324,6.0547,2.8539,-4.0833,0.18,-3.0919,-2.5932,-4.8457,-7.1415
0.5626,0.817,5.225,2.1126,2.5671,-1.8947,-0.9421,7.599,1.6249,-3.7039,2.1601,-1.8248,-3.214,-6.8536,-5.3678
1.3616,1.5141,6.8185,1.411,3.9927,-2.0304,-0.7931,8.9002,-0.0847,-2.4786,3.6507,-0.4575,-3.494,-8.3012,-3.9635
1.5618,2.7625,8.1795,0.6449,4.7769,-2.266,-0.3093,9.7069,-2.4743,-0.7222,4.7572,1.4053,-3.8143,-9.4151,-1.6325
1.1812,3.3526,8.6762,0.0302,5.2153,-2.2244,0.2349,9.8582,-4.3421,0.6632,5.1814,3.316,-3.8057,-9.595,0.5257
1.1163,4.019,8.7953,-0.9833,5.5517,-2.2029,1.4388,10.1411,-5.0513,2.0101,4.8417,4.7521,-3.6154,-8.7938,2.1949
1.0647,3.9869,9.0661,-1.3062,5.5712,-2.2274,2.0266,9.7627,-5.9323,3.2267,4.9142,5.3992,-3.0654,-8.1262,4.3671
0.7375,3.834,8.3368,-1.4281,5.6475,-2.009,2.4374,8.7289,-6.2864,4.3667,4.6769,5.8595,-2.6855,-7.045,5.7339
0.6508,4.0051,7.7857,-1.3869,5.3211,-2.3243,2.8546,8.0194,-6.6361,5.1399,4.1667,6.002,-1.1628,-6.0182,6.4866
0.406,3.5872,7.024,-1.3792,4.8528,-1.9013,2.6552,6.8312,-6.8679,5.4622,3.7206,5.8766,-0.7779,-4.5611,7.3893
0.1992,3.405,6.0809,-1.2661,4.4689,-1.7552,2.9032,5.2128,-6.4754,5.7297,3.2991,5.5863,-0.2588,-3.2021,7.9393
0.0551,2.712,4.8272,-0.6488,4.0256,-1.7776,2.9205,4.0114,-5.9459,5.7101,3.5131,5.2019,0.4012,-1.6201,8.6277
0.292,2.7745,3.6864,-0.9084,3.5034,-1.9001,2.7657,2.4357,-4.6929,5.8329,2.2967,5.0633,1.0174,-0.2018,8.5397
0.3358,2.2991,2.5053,-1.0296,3.1711,-1.8043,2.7568,1.2229,-4.8355,5.8748,1.4287,4.6507,2.3601,1.0241,7.8119
-0.1833,1.8741,0.8803,-0.3627,2.5755,-1.1593,2.5478,-0.3264,-4.2402,5.7849,0.9684,3.7861,3.0348,2.5768,7.3001
-0.3605,1.0827,-0.6876,0.0656,2.0041,-0.6857,2.6091,-2.2724,-3.2318,5.0144,0.154,2.9112,3.5223,4.2731,6.5111
-0.5261,0.6506,-2.6434,0.0216,1.3474,-0.7543,2.4092,-3.9906,-2.5918,4.8401,-0.8904,2.1468,4.3782,6.0217,5.453
-0.5092,-0.1196,-4.362,0.6099,0.4966,-0.6369,1.9393,-5.7196,-1.7828,4.3301,-2.1025,1.1606,4.9668,7.8764,4.2637
-0.4219,-1.0775,-6.1366,1.2455,-0.4601,-0.4139,1.4867,-6.7485,-0.5499,3.69,-3.088,0.129,5.4911,9.1698,3.1437
-0.0679,-1.9326,-7.5698,1.67,-1.3686,-0.0165,1.2629,-7.6551,1.0548,3.0398,-4.2827,-1.1538,6.0789,10.166,1.6352
0.0197,-2.4381,-8.514,1.912,-2.1547,-0.0727,0.7971,-8.2989,2.6062,2.0493,-4.8466,-2.6623,6.2854,11.0681,0.6131
0.1859,-2.8565,-8.9828,2.3673,-2.5658,-0.0717,0.0215,-8.6474,3.9699,1.1776,-5.5114,-4.0735,5.9598,11.3362,-1.1567
0.2622,-3.5186,-9.0845,2.9784,-3.1211,0.0897,-0.8179,-8.8542,5.1942,-0.3104,-5.6393,-5.2674,5.9348,10.858,-3.2774
0.5627,-3.5996,-8.8622,3.0956,-3.0071,0.0695,-1.8635,-8.1487,5.5057,-1.6625,-5.6692,-5.9585,5.1648,10.5319,-5.3184
0.3456,-3.3436,-8.4591,3.3312,-2.9317,0.1257,-2.0613,-7.5849,5.6187,-2.5926,-5.5596,-6.3532,4.9243,9.7352,-6.8586
0.238,-3.5177,-8.0901,3.1679,-2.7405,0.1374,-2.0499,-6.8842,5.8385,-3.5602,-4.9119,-6.6618,3.8301,8.5799,-8.0397
0.4384,-3.2818,-7.3473,3.4819,-2.4275,0.0367,-2.3291,-5.8972,6.1402,-4.1913,-4.769,-6.4976,3.1186,7.5224,-8.767
0.5633,-3.1769,-6.2991,3.2835,-1.989,-0.2576,-1.9931,-4.9786,5.7865,-4.462,-4.1881,-6.3611,2.5191,6.2094,-9.0102
0.5864,-2.9337,-5.5381,3.5606,-1.3047,-0.2778,-2.1072,-3.5505,5.1755,-4.2978,-3.9871,-6.1953,2.3521,5.1891,-9.1523
0.7893,-2.5362,-4.4921,3.1789,-0.8865,-0.613,-2.1383,-2.3068,5.6744,-4.301,-3.399,-5.8813,1.8504,3.4595,-9.3693
0.9926,-2.2238,-2.9976,2.768,-0.4253,0.0424,-1.8436,-0.763,5.2271,-4.2912,-2.9664,-5.3632,1.2921,1.6786,-8.9303
1.1512,-1.6687,-1.6768,2.0944,0.0584,-0.5138,-1.9669,0.9068,4.7767,-4.0712,-2.5818,-4.868,0.3204,0.2338,-8.2698
0.9429,-1.3045,-0.301,2.1856,0.5704,-0.7591,-2.002,2.8618,3.7071,-3.9119,-1.5536,-4.4103,-1.1325,-1.477,-7.7591
1.1917,-0.6865,1.4938,2.161,1.1736,-0.94,-1.7486,5.092,3.0518,-3.7544,-0.4077,-3.5275,-1.7038,-2.9669,-7.195
1.317,0.0137,3.9525,1.916,1.9393,-1.2754,-1.5347,6.7655,2.0976,-3.5098,1.1988,-2.6781,-2.3353,-5.0805,-6.2258
1.0618,1.2928,5.9256,1.4138,3.0331,-1.1203,-0.7349,7.9718,0.5829,-3.0775,2.5753,-1.3666,-3.1456,-6.5179,-4.8042
1.1105,2.1394,7.2159,0.2844,4.1958,-1.3458,-0.2428,9.0712,-1.292,-1.9738,3.2748,0.0992,-3.4593,-7.605,-3.3442
0.7386,2.2444,7.8625,0.2119,4.9754,-1.0076,0.368,9.6215,-2.8428,-0.8784,4.0749,1.8299,-3.6402,-8.0374,-1.537
0.9403,3.0365,8.5939,-0.368,5.4177,-0.9342,0.8014,9.8148,-4.3496,0.6329,4.4335,3.0286,-3.6699,-8.298,0.4651
0.5699,3.6408,8.6561,-0.6545,5.573,-0.8971,1.4886,9.4802,-5.3807,2.0885,4.8411,4.0494,-3.0376,-7.8462,2.814
0.7457,3.586,8.5126,-0.6343,5.5266,-0.8718,2.1887,9.0981,-5.9659,3.2902,5.0838,4.6515,-2.6445,-6.9287,4.8545
0.6702,3.5305,8.1557,-1.0067,5.0737,-0.8478,2.4574,8.2364,-6.2242,4.3738,4.8897,5.0274,-1.82,-5.8652,6.2744
0.4199,3.5266,7.268,-0.9343,4.836,-0.6371,2.7531,6.7048,-7.0095,5.0745,4.2155,5.5176,-0.9657,-4.5489,7.4354
0.2538,3.2522,6.1313,-1.1625,4.5458,-0.2268,2.6595,5.3513,-6.5291,5.4362,3.686,5.5705,-0.4058,-2.8331,8.2564
0.3737,2.8234,4.6572,-0.8485,4.1948,-0.6292,2.6361,3.9473,-6.1223,5.8053,3.0834,5.0184,0.3807,-1.3581,8.4966
0.4289,2.5195,3.4908,-0.4347,3.7593,-0.1726,2.9566,2.5887,-5.5699,6.2888,2.5699,4.6445,0.6195,0.2185,8.6006
0.2118,1.9864,2.1505,-0.2558,2.997,-0.3829,2.9047,1.0802,-4.5525,6.0778,2.1462,4.1124,2.2387,1.6836,8.857
0.194,2.0696,0.8152,-0.8873,2.3095,0.017,2.5768,-0.7223,-4.0898,5.9798,0.7897,3.7811,3.2574,3.1316,8.3545
-0.1576,1.0744,-1.0686,-0.2732,1.9652,0.3384,2.2028,-2.6965,-3.5826,5.5651,-0.2947,3.012,4.1999,5.4385,7.2849
-0.7665,0.4305,-3.5542,0.2817,1.0939,0.6846,1.8958,-4.733,-2.689,5.1452,-1.117,1.9656,4.5442,7.1457,5.9372
-0.3097,-0.7663,-5.3763,0.7158,0.1216,0.7158,1.5911,-5.87,-0.5316,3.9914,-2.4412,0.7102,5.2598,8.7482,3.8453
0.1924,-1.8369,-6.3882,1.3103,-0.9085,0.6821,1.0771,-7.0196,0.854,3.2785,-3.6294,-0.5899,5.4808,10.0445,2.4845
0.3347,-2.2599,-7.4227,1.6882,-1.8062,0.5209,0.7031,-7.6844,2.4785,2.3171,-4.4589,-2.2267,5.9554,10.6526,0.9229
0.21,-2.7593,-8.0841,2.4716,-2.3036,0.9463,0.4912,-8.3534,3.3684,1.4429,-4.7821,-3.7374,5.9278,11.0691,-0.4659
0.012,-2.9346,-8.7597,2.7746,-2.5913,0.8392,-0.0051,-8.3387,4.2224,0.2978,-4.9764,-5.2672,6.1835,10.9716,-2.0993
0.3099,-3.1041,-9.1835,2.6858,-2.7396,0.8963,-0.7645,-8.9315,5.0345,-1.0515,-5.2545,-6.0404,5.6116,10.6571,-3.6914
0.7795,-3.3627,-8.9002,2.3452,-3.0437,0.5989,-0.9058,-7.8545,6.0301,-2.0859,-5.7401,-6.4304,5.579,10.405,-5.4518
0.7672,-3.6413,-8.3648,2.5246,-2.7068,0.29,-0.9152,-7.1172,6.5757,-2.6769,-5.6892,-6.9846,5.0408,9.6157,-6.9097
1.1099,-3.2036,-7.668,3.0375,-2.1707,0.0813,-1.8009,-6.5815,6.3359,-3.2018,-5.2538,-7.0421,4.7611,8.4531,-7.8403
1.146,-2.8282,-6.9209,2.3801,-1.7758,-0.2962,-2.1263,-5.3742,6.304,-3.4134,-5.0635,-7.0468,3.8995,7.2449,-8.3918
0.9106,-2.7325,-5.8509,2.2406,-1.6262,-0.2428,-2.2486,-4.0145,5.9429,-3.7443,-4.7909,-6.4992,3.1426,6.0997,-8.6776
0.844,-2.7255,-4.6515,2.3077,-1.3538,-0.4543,-2.2937,-2.6874,5.9209,-4.1937,-4.1464,-6.2641,2.539,4.6536,-9.0294
1.254,-2.3699,-3.554,2.403,-0.7039,-0.7561,-2.1767,-1.002,5.3284,-4.2061,-3.4804,-6.158,1.6099,3.3671,-9.2338
1.3222,-2.0411,-2.5212,2.4881,-0.0414,-0.6355,-2.3488,0.3986,4.7998,-3.9887,-2.4442,-5.7377,0.5368,1.9412,-9.0176
1.7377,-1.3798,-1.0546,2.2731,0.2945,-0.927,-2.0255,2.019,4.0183,-3.8232,-1.5808,-5.2099,-0.5457,0.1522,-7.6558
1.365,-0.3365,0.3206,2.0289,1.0962,-0.8949,-2.116,4.1115,2.8556,-3.2558,-0.5447,-4.2989,-1.3042,-1.4821,-6.6791
1.5205,0.2522,1.9196,1.3885,1.5995,-1.1724,-1.8742,6.1326,2.7735,-3.6256,0.2567,-3.1146,-2.0406,-3.2824,-6.0418
0.9932,0.9637,4.3954,0.9811,2.3708,-0.8771,-1.5221,7.5414,1.5256,-3.5904,1.2674,-2.4247,-2.925,-4.9697,-5.6666
1.1671,1.5422,6.3905,0.4013,3.5892,-0.9286,-1.6922,8.8765,-0.0765,-3.1833,2.4855,-1.3886,-3.4077,-6.9586,-4.4701
0.9403,2.1123,7.8058,0.0768,4.6885,-0.7647,-0.2995,9.6026,-2.2477,-1.6304,3.7974,-0.0127,-3.8669,-7.7015,-2.7621
0.9576,3.0414,8.2926,-0.46,5.4006,-0.9229,0.0632,9.949,-3.4846,-0.1881,4.5591,2.0017,-3.5439,-8.0092,-1.7965
0.8305,3.4649,8.4953,-1.1078,5.8525,-0.8414,0.9835,9.9966,-4.3812,0.83,4.8185,3.3986,-3.247,-8.0334,0.0971
0.8092,3.6903,8.0833,-1.2235,5.8731,-0.8106,1.3429,9.8194,-5.3937,2.3,5.1089,4.3006,-2.8484,-7.7223,2.5039
1.1352,3.834,8.2849,-1.5144,5.7786,-0.4672,1.6806,8.8968,-5.9932,3.481,4.713,5.1978,-2.4573,-7.0196,4.5725
1.0819,3.8567,7.5506,-1.407,5.6012,-0.4563,1.6283,8.3538,-5.9916,4.5054,4.4957,5.3622,-2.11,-6.0236,5.8158
1.0839,3.4231,6.9753,-0.6689,5.2592,-0.6484,2.3388,7.4973,-6.1341,5.1121,4.5735,5.2366,-1.4854,-5.0245,7.0919
0.4931,3.5857,5.9337,-0.6374,4.761,-0.3628,2.5906,6.4278,-6.2446,5.6252,4.7655,5.239,-0.7929,-3.6258,8.3694
0.4173,3.0515,4.7818,-1.1404,4.4735,-0.1149,2.892,4.4824,-6.389,5.8013,3.6484,5.5492,0.4385,-2.1795,8.8951
0.5169,2.7548,3.7501,-1.0594,3.9168,0.3753,2.8199,2.8494,-5.9684,6.1166,2.6897,4.9337,1.26,-0.0178,8.6483
0.4348,2.2281,2.1006,-1.0316,3.412,0.6074,2.5258,1.2194,-5.2163,6.0377,1.8701,4.2155,2.1776,1.5456,8.0993
1.2742,1.7683,1.0054,-0.6259,2.9699,-0.1183,2.5359,-0.135,-4.065,5.9031,1.2631,3.5872,3.0912,3.5636,7.8955
1.0863,1.5829,-0.1746,-0.2926,2.2873,-0.0359,2.3414,-2.3572,-3.7683,6.0206,0.5883,2.7115,3.3718,5.1958,6.8911
1.1128,1.3362,-2.524,0.8868,1.4712,0.2891,2.2522,-4.0072,-3.0513,5.7476,0.173,1.7327,4.464,7.114,6.6073
1.1576,0.6642,-4.3718,0.8145,0.604,-0.0308,2.0136,-5.7133,-1.7713,5.4161,-0.9654,1.3579,5.2941,8.8862,5.6954
0.8679,-0.0763,-6.0986,1.4164,-0.5224,-0.0607,1.5895,-7.0109,-0.6335,4.5612,-2.3846,0.5378,5.689,9.852,4.5858
1.0499,-0.8979,-7.4978,1.3118,-1.3558,-0.2697,0.4278,-7.7489,0.9981,3.3344,-3.9939,-0.8564,6.2066,11.1629,2.941
0.9678,-1.9555,-8.1493,1.6634,-2.0167,-0.4364,-0.1516,-7.6444,3.0298,2.1903,-4.7416,-2.5812,5.9376,11.7381,0.8385
0.71,-2.7744,-8.4111,2.027,-2.3021,-0.1067,-0.6954,-7.8563,4.0725,1.0252,-4.7494,-4.2861,5.6637,11.6731,-0.9729
0.3121,-2.7336,-8.753,2.329,-2.5768,0.2136,-1.454,-8.042,4.7489,-0.1629,-5.0424,-5.5642,5.6509,11.2351,-3.1697
-0.2176,-2.8093,-8.9518,2.714,-2.7155,0.5298,-2.1093,-7.8922,5.5122,-1.8668,-5.1118,-6.298,4.7412,10.5582,-5.1181
0.7497,-3.2638,-8.5586,2.1512,-2.6184,0.6303,-2.5552,-7.2438,5.8462,-3.2071,-5.5232,-6.6565,4.2849,9.3918,-6.88
1.2206,-3.0538,-8.3063,2.9401,-2.2185,0.2875,-2.4234,-5.9024,6.0225,-3.4811,-5.3608,-6.9276,3.8516,8.3309,-8.1289
1.3507,-2.9449,-7.1671,2.7166,-1.9786,0.1119,-2.4253,-4.2345,6.6412,-3.915,-4.8678,-7.2299,2.9958,6.7013,-8.793
1.6553,-2.8529,-5.3193,2.4642,-1.5573,-0.4366,-2.6849,-2.3199,6.1443,-4.1189,-4.0329,-7.3637,2.1084,5.3167,-8.9035
1.8091,-2.296,-3.6233,2.434,-0.9924,-0.478,-2.6317,-0.7598,5.9035,-4.0093,-3.1096,-6.8948,1.1609,3.4679,-9.0536
1.9992,-1.53,-2.3,1.9593,-0.0669,-0.7831,-2.3873,0.7314,5.3107,-4.1187,-2.258,-6.1859,0.5208,1.8049,-8.3435
2.2089,-0.954,-0.7395,1.8972,0.5639,-0.9473,-2.2183,2.4438,4.4439,-3.5953,-1.3342,-5.2422,-0.2833,-0.1322,-7.4297
1.9141,-0.3525,0.9593,1.7197,1.0392,-0.9906,-2.1758,4.3348,3.007,-3.2713,-0.9819,-4.5002,-1.1642,-2.0698,-6.5699
2.0556,-0.079,2.9318,1.2983,1.7161,-1.0363,-1.8953,6.5522,2.206,-3.1977,0.3783,-3.88,-1.8609,-3.5897,-5.4794
1.8525,0.6205,5.0776,1.1165,2.6101,-1.2681,-1.8003,8.1252,1.27,-2.54,2.0842,-2.7898,-2.705,-5.0287,-4.3026
1.6966,1.6371,6.5018,0.695,3.7176,-1.2545,-0.7328,9.3238,-0.4875,-1.5768,3.3735,-1.204,-3.3721,-6.431,-2.8063
1.4633,2.7411,7.5552,0.1451,4.5858,-0.9947,-0.2689,9.7796,-2.2486,-0.8805,4.2719,0.3638,-3.1521,-7.6449,-0.3365
1.4629,3.3014,8.1951,-0.4166,5.1118,-1.0696,0.1983,10.1838,-3.7265,0.4174,4.8338,1.8653,-3.0122,-7.9611,0.6241
1.2086,3.7696,8.6229,-0.7135,5.4052,-0.7406,1.0174,10.1407,-4.7973,1.3582,5.5027,3.0373,-3.1589,-7.7023,3.1259
1.1693,4.265,8.6274,-1.3298,5.6138,-0.8582,1.8892,9.7566,-5.6607,2.8891,5.1776,4.2785,-2.6683,-7.1428,4.9374
1.2115,3.8845,8.2795,-1.3667,5.5904,-0.3284,2.2365,9.0964,-6.1214,4.065,5.1765,4.8182,-1.3668,-6.0488,5.7182
0.876,3.9289,7.6063,-1.4073,5.3544,-0.2996,2.4535,7.7812,-6.453,4.9241,4.8802,5.2085,-0.9652,-4.9041,7.6491
0.4372,3.9322,6.338,-1.5059,4.9269,-0.1544,2.715,6.6573,-6.4302,5.5714,4.3561,5.2584,-0.2592,-3.5335,8.7265
0.7239,3.2398,5.5414,-1.4565,4.4114,-0.7986,2.4966,5.4889,-5.8738,5.7343,4.0249,5.0342,0.3089,-1.8979,9.0654
0.4145,3.0111,4.3662,-1.2385,3.914,-0.4226,2.2306,3.8913,-5.5244,6.257,3.4677,4.0955,0.836,-0.2308,9.1845
-0.2405,2.7129,2.6818,-1.031,3.5689,0.0742,2.3736,2.4274,-4.707,5.9773,2.595,3.6872,1.501,1.0793,8.8994
0.3221,1.9119,1.37,-0.6535,3.0018,0.094,2.1828,1.0706,-4.3786,5.7484,1.9717,3.478,2.5263,2.2617,8.0418
0.0834,1.4252,-0.0862,-0.4704,2.3704,0.4988,1.9775,-0.8032,-3.5926,5.5499,1.8555,2.8238,3.3915,3.7181,7.3172
0.0452,1.3305,-1.5648,-0.3875,1.7044,0.4654,1.5884,-3.1579,-3.1263,5.285,0.269,2.2544,3.9739,5.5288,6.6629
0.7034,0.4023,-3.6465,-0.8325,0.934,0.2698,1.7516,-4.2659,-2.2656,4.9587,-1.0857,1.3994,4.7772,7.3274,5.9417
0.7231,-0.1832,-4.8109,-0.3214,-0.1273,-0.2732,1.0097,-5.6557,-1.009,4.4651,-2.5203,0.2686,5.383,8.9321,4.5154
0.9023,-0.9771,-6.5679,0.0982,-1.0419,-0.481,0.5788,-6.2332,0.4055,3.6178,-3.4257,-1.0557,5.5202,10.3491,3.1865
1.0318,-1.9067,-7.25,0.9088,-1.9896,-0.5261,0.3121,-7.0542,2.2486,2.4573,-4.0916,-2.763,5.7006,11.0484,1.3563
0.7415,-2.1851,-7.6993,1.4625,-2.397,-0.593,-0.1967,-7.5281,3.7335,1.4619,-4.7632,-4.3398,5.6777,11.1956,-0.026
0.3916,-2.6292,-8.0264,1.4505,-2.546,-0.5026,-0.5171,-7.3467,4.0573,0.1837,-4.9752,-5.8296,5.3237,10.9477,-1.443
0.3229,-2.9157,-8.2233,1.8241,-2.5845,-0.4301,-1.1527,-6.8611,4.9065,-1.0349,-4.8637,-6.62,5.103,10.6502,-3.3737
0.6482,-3.009,-7.8863,2.3174,-2.4702,-0.7011,-1.5928,-6.5903,5.4865,-2.2252,-4.5683,-6.9512,4.915,9.7103,-4.8392
1.2241,-3.449,-7.5327,2.7594,-2.2863,-0.261,-1.9078,-6.0118,5.7747,-2.8673,-4.354,-6.9253,4.4432,8.6621,-6.0416
1.1915,-2.7289,-6.8478,2.5547,-2.0214,-0.5206,-1.5303,-5.1891,5.8153,-2.8686,-3.6825,-7.26,4.0146,7.4088,-6.609
1.5018,-2.4558,-5.7951,2.5003,-1.7594,-0.6001,-1.5388,-4.2146,5.4191,-3.1728,-3.3177,-6.6223,3.1083,6.1582,-7.1468
1.8376,-1.9263,-4.8102,2.4849,-1.5636,-0.3656,-2.0932,-3.0386,5.0749,-3.3484,-2.908,-6.3163,2.9565,5.3658,-6.8334
1.6919,-1.2655,-3.9317,1.9593,-1.2401,-0.7658,-2.4291,-2.1198,4.4918,-3.5526,-2.4468,-6.1169,2.3464,3.8537,-6.8391
1.98,-0.8556,-3.0633,1.8125,-0.6842,-1.1786,-2.2295,-1.0192,4.4812,-3.6643,-2.327,-5.7738,1.4128,3.0718,-6.8548
2.1286,-0.7865,-1.996,1.6839,-0.1053,-1.2077,-2.4319,0.0822,3.9081,-3.6086,-1.6111,-5.1843,0.9048,1.9533,-6.6429
1.9231,-0.5662,-0.5011,1.3868,0.3227,-1.4033,-2.3912,1.2801,3.2537,-3.1256,-1.0338,-4.8339,-0.2348,0.7714,-6.0349
1.6751,-0.1545,0.3461,1.1546,0.9709,-1.4699,-2.3724,2.8936,2.4785,-2.7634,-0.2411,-4.3316,-0.9261,-0.4392,-5.1986
1.5695,0.5659,1.7947,1.1262,1.4715,-1.3743,-1.9122,4.3509,1.7769,-2.7795,0.5146,-3.4325,-1.6801,-1.7946,-4.7641
1.7187,0.9729,3.4019,0.7324,2.1172,-1.4248,-1.2095,5.6028,0.9736,-2.8091,1.4792,-2.7887,-2.1076,-3.2758,-4.3106
1.7005,1.7382,4.638,0.1441,2.9459,-1.3772,-0.7756,6.8623,-0.015,-1.9662,2.3278,-1.9716,-2.0962,-4.3847,-3.2039
1.6477,2.4433,5.9045,-0.1931,3.653,-1.3387,-0.1728,7.5246,-1.3363,-1.1627,2.9801,-0.854,-2.3439,-5.2402,-1.6463
1.2447,2.8175,6.4755,-0.5557,4.1249,-1.2815,0.454,8.307,-2.8506,-0.1885,3.3975,0.3755,-2.0578,-5.8083,-0.7326
1.2974,3.0934,7.3679,-1.0103,4.4573,-1.3542,0.999,8.4996,-3.6808,0.5825,3.8673,1.5945,-2.0544,-6.1963,1.0236
1.4528,3.3222,7.3931,-1.2972,4.7731,-1.5498,1.3966,8.4158,-4.3931,1.6683,3.8279,2.3075,-1.3882,-5.9395,2.7544
1.2715,3.4021,7.4314,-1.065,4.8751,-1.3373,1.9761,8.1698,-5.1545,3.309,3.9688,2.9458,-1.7012,-5.4374,4.4096
0.8081,3.5511,6.8613,-0.7905,4.5558,-0.8199,1.8902,7.7823,-5.6442,4.0583,4.2159,2.9283,-1.1201,-4.3815,6.1135
0.9246,3.3926,6.2121,-0.9791,4.2837,-0.7214,2.1963,6.5685,-5.6043,3.93,3.9409,3.3099,-0.5031,-3.6526,6.7187
0.9028,3.535,5.4948,-1.5257,4.1684,-0.6144,2.3399,5.0663,-5.9603,4.7287,3.3094,3.8997,0.1319,-2.7224,7.7116
0.6036,3.2318,4.2114,-1.3391,3.9228,-0.4946,2.435,4.2151,-5.2213,5.1842,2.8155,3.6342,0.6102,-1.0693,8.3
1.2068,3.1331,3.3606,-1.0162,3.353,-0.7952,2.3811,3.1144,-4.8004,5.1762,1.9389,3.2123,1.3688,-0.0066,7.9865
1.1666,2.451,2.5625,-0.3128,2.8542,-0.6776,2.41,2.0648,-4.5499,5.2992,1.6929,2.589,2.2876,1.2009,7.7666
0.789,2.2764,1.4605,-0.1679,2.3886,-0.4736,1.9981,0.7698,-4.491,5.3102,1.1516,2.1538,2.7534,2.6429,7.7211
0.6906,1.8176,0.197,-0.1752,2.0484,-0.2435,1.9738,-0.76,-3.358,4.7988,0.6856,1.6088,3.2116,4.2621,7.0028
0.7373,1.3418,-1.4439,-0.1631,1.5161,0.0151,1.435,-2.7546,-3.1193,4.7634,-0.0582,1.0645,3.8478,5.4997,6.572
0.523,0.6359,-3.6849,0.2735,0.7219,0.2807,1.6112,-4.5686,-1.9508,4.5898,-0.9509,0.3599,4.6456,7.0364,5.418
0.4177,-0.2,-5.0348,-0.1216,-0.2097,0.513,1.3421,-6.0138,-0.2212,3.8511,-2.8863,-0.5113,5.7246,8.2954,4.2258
0.9764,-1.1323,-6.2325,0.661,-1.2811,0.0822,1.038,-6.5637,1.1577,2.8921,-3.7778,-1.7772,5.7758,9.4944,2.6617
1.279,-1.7187,-7.0462,1.2751,-2.0016,0.199,0.0971,-7.0457,2.6486,2.0703,-4.242,-3.3956,5.9453,9.9584,1.0802
1.0274,-2.1666,-7.6571,1.7663,-2.379,0.4967,-0.18,-7.4449,3.424,1.0796,-4.8758,-5.2969,5.5447,10.1804,-0.1951
1.0196,-2.7323,-8.2225,1.6721,-2.8231,0.8751,-0.553,-7.3203,4.9123,-0.2141,-5.1083,-6.1366,5.1438,9.8042,-1.5
1.316,-3.0323,-7.7341,1.7696,-2.9733,0.8059,-1.4961,-6.9167,5.4356,-1.4989,-5.3596,-6.9489,4.8004,9.3688,-2.7035
1.8678,-3.2984,-7.3098,2.064,-2.728,0.4546,-1.9908,-6.2699,5.5314,-1.9392,-5.2938,-7.5079,4.2899,8.7516,-5.0732
1.778,-2.8064,-6.8069,2.6221,-2.4097,0.259,-2.2705,-5.4268,5.9762,-2.317,-4.68,-7.7652,3.5259,7.6787,-6.1111
2.1978,-2.4526,-5.8734,2.8862,-2.3244,0.3306,-2.7952,-4.5837,5.4393,-3.045,-3.9145,-7.6176,2.4501,6.4118,-6.6456
1.9853,-2.0243,-5.0527,2.7619,-1.916,0.2786,-3.0201,-3.5914,5.1785,-3.258,-3.8696,-7.2218,2.5209,5.3507,-7.501
1.8767,-1.5365,-4.411,2.396,-1.5707,0.2896,-2.8556,-2.3925,4.9335,-3.8084,-3.1795,-6.976,1.8926,4.1322,-7.5264
1.5041,-1.3602,-3.5225,2.0347,-1.0804,0.0287,-2.7601,-1.4291,4.429,-3.9519,-2.5959,-6.3833,1.0273,2.9196,-7.6081
1.8336,-1.2268,-2.4866,1.977,-0.6616,0.0267,-2.8979,-0.3364,4.0878,-3.9603,-2.3781,-6.1295,0.2298,2.2492,-7.808
1.8434,-0.7667,-1.4745,2.0044,-0.4269,-0.066,-2.9623,0.8298,2.943,-3.6743,-1.606,-5.5107,-0.7428,0.9639,-7.3186
2.1968,-0.4901,-0.4618,1.5516,-0.0386,-0.5039,-2.4728,2.5948,3.3286,-3.593,-1.0146,-4.8737,-1.0005,-0.3067,-6.5987
1.8717,0.1599,1.175,0.9574,0.4652,-0.9023,-2.1785,4.0848,2.4555,-3.3716,-0.3047,-4.3483,-1.6304,-2.2045,-6.0721
1.5434,0.6947,2.8864,1.2652,1.2054,-0.9948,-1.2653,5.7801,2.0288,-3.5386,0.7921,-3.4735,-2.3341,-3.7074,-5.4533
1.6142,1.0889,4.3615,0.9539,2.119,-1.3234,-1.2878,7.2938,0.7112,-3.3751,2.159,-2.6452,-2.5017,-5.4042,-4.2312
1.5419,1.933,5.9764,1.0975,3.0931,-1.3012,-0.524,8.1449,-0.8447,-2.3809,3.3646,-1.4518,-2.9518,-6.8443,-2.5593
1.2581,2.5652,6.8627,0.3067,4.1233,-1.3831,-0.316,8.9836,-2.2784,-1.2839,4.209,-0.1609,-2.9206,-7.5785,-0.958
1.3956,3.1945,7.845,-0.0727,4.4963,-1.2649,-0.0195,9.0688,-4.1462,-0.0921,4.7433,1.4151,-2.5637,-7.9685,0.8149
1.5152,3.9586,7.7242,-0.5575,4.9534,-1.0433,0.6518,9.2339,-4.7064,1.3203,4.7684,2.8249,-3.0812,-7.5799,2.6513
1.4001,3.9159,7.4683,-0.9061,4.9875,-0.7712,1.666,8.5955,-5.1811,2.5959,4.4811,3.1415,-2.4383,-6.7615,3.9792
0.9629,3.9661,7.1851,-1.3718,4.7885,-0.5811,2.2341,8.2244,-5.7599,3.6586,4.157,3.6232,-1.7955,-6.1243,5.5647
0.9918,3.552,6.7938,-1.1501,4.4278,-0.4938,2.5323,7.5501,-5.5847,4.1508,3.7756,3.6052,-0.8156,-5.0702,6.0188
0.6556,3.32,5.6487,-1.1464,4.0517,0.0151,2.4269,6.0118,-5.4023,4.3335,3.5801,3.8106,0.0252,-4.0936,7.2735
0.6932,2.7174,4.6665,-0.9065,3.7177,0.1958,2.6876,4.7702,-4.8062,4.7536,3.171,3.7585,0.5651,-2.7652,7.7291
0.4529,2.815,3.8118,-0.9681,3.2293,1.5913,2.3156,2.7358,-4.7787,5.3818,2.6645,3.4062,1.4846,-1.5356,8.0645
0.4885,2.383,2.0172,-0.9706,2.7445,1.0582,1.8679,1.233,-4.4254,5.4434,2.0136,3.1454,2.2063,0.1619,8.2969
0.1608,2.3453,0.4116,-0.5681,2.0944,0.869,1.7901,-0.3427,-3.278,5.2688,0.6145,2.556,3.557,1.8797,7.5006
0.2901,1.6548,-0.8397,-1.5063,1.5259,0.5071,1.4047,-2.1017,-2.3807,4.5448,-0.7028,1.5921,4.02,3.6371,6.6363
0.1194,0.5099,-2.7432,-0.8992,0.9298,0.5968,1.2977,-3.4758,-1.2998,4.1154,-1.8144,0.5114,4.6711,5.5225,5.5048
0.4784,-0.4293,-4.2849,-0.116,-0.1099,0.5231,1.4386,-4.446,-0.1759,3.9479,-3.2121,-0.5169,4.8967,7.0745,4.2405
0.786,-1.5328,-5.0612,0.4755,-1.1909,0.293,0.0273,-5.1003,1.1333,3.0727,-3.6162,-1.7848,5.1607,8.1354,3.0218
0.8958,-1.8844,-5.8644,0.5282,-1.8637,-0.0321,-0.6164,-5.8818,2.2228,2.0355,-4.1489,-3.2644,5.3438,8.4258,1.5913
1.1049,-2.1387,-6.3254,2.1876,-2.2393,-0.4285,-1.2133,-6.0202,2.9613,1.3033,-4.0133,-4.7241,4.8086,8.8048,0.1609
1.1306,-2.7524,-6.6495,2.1431,-2.1615,-0.1879,-1.8446,-6.3112,4.0264,0.4013,-4.11,-5.3212,4.6341,8.686,-1.6445
1.0406,-1.9245,-6.6649,2.4216,-2.521,0.0179,-2.6892,-6.266,4.5909,-0.2077,-4.098,-6.006,4.3735,8.0633,-2.7406
1.0042,-1.8634,-6.5003,1.7596,-2.5959,0.0209,-2.9084,-5.6483,5.0381,-1.9015,-4.582,-6.2975,3.3968,7.5551,-4.3818
0.6622,-2.7473,-6.3267,1.8646,-2.4292,0.1499,-3.0012,-4.7941,5.4091,-3.1823,-4.8253,-6.7124,3.1802,6.6852,-6.026
1.0639,-2.437,-5.5438,1.8492,-1.9735,0.3226,-3.2199,-3.7669,5.8702,-3.8039,-4.1993,-6.8695,2.5476,5.5207,-6.73
1.0412,-1.9843,-4.9399,1.907,-1.5616,0.1661,-2.979,-2.7942,5.801,-3.9636,-3.7776,-6.5852,1.7813,4.2285,-7.1376
0.8442,-1.6235,-4.066,1.9049,-1.228,-0.0017,-2.5961,-1.4344,5.4982,-4.0956,-3.3408,-6.3388,1.0388,2.9106,-7.5261
1.4514,-1.6569,-2.5121,1.8566,-0.9042,-0.3494,-2.5044,0.1419,5.0813,-4.3885,-2.798,-6.0954,0.2483,1.3981,-6.7457
1.252,-1.4872,-1.1224,1.7601,-0.2738,-0.6183,-2.3171,1.5934,4.8327,-3.9808,-2.2262,-5.5768,-0.662,0.125,-6.2527
1.582,-0.8459,0.5727,1.2909,0.295,-0.5743,-2.1533,3.3643,4.101,-3.7915,-1.5352,-5.0135,-1.1044,-1.7528,-5.7244
1.4543,-0.1519,2.7349,0.9295,0.9554,-1.3799,-2.0123,5.6534,3.2065,-3.3907,-0.6932,-4.3039,-1.7593,-3.487,-5.1511
1.312,0.5954,4.5931,0.5536,1.8015,-1.6337,-1.9415,6.7533,1.6618,-3.0655,0.3213,-3.5317,-2.1446,-5.2115,-4.1757
0.7419,1.317,5.8115,0.5841,2.8117,-1.6503,-1.1421,8.3318,0.8277,-2.2662,1.8291,-2.4141,-2.9155,-6.3424,-3.2526
1.0311,2.083,7.1082,0.4631,3.6273,-1.3737,-0.7222,9.1214,-1.1923,-1.4463,3.1759,-1.3042,-3.1635,-7.5751,-1.3912
0.7669,2.9833,7.8583,0.4557,4.413,-1.1127,-0.0442,9.6882,-2.4515,-0.54,4.2231,0.2952,-3.5348,-7.9977,0.2174
0.7759,3.5381,8.3071,-0.3974,4.8267,-1.1849,0.7447,9.679,-3.2678,0.3793,5.2279,1.9826,-3.2068,-8.326,1.959
0.7821,4.062,8.2161,-0.8274,5.0035,-1.5873,1.2243,9.4015,-4.6318,1.6881,5.1826,3.4142,-2.8236,-8.1403,3.6163
0.5797,4.2021,7.9601,-1.2686,4.97,-1.6316,2.1412,8.8574,-5.0422,2.9819,5.0216,4.2985,-1.9633,-7.2087,5.2971
0.6211,4.2989,7.6685,-1.479,4.8408,-1.1791,2.3811,8.0822,-5.2911,3.7041,4.7039,4.9395,-1.9182,-6.2233,6.545
0.201,4.2403,6.5249,-1.8115,4.6992,-1.0423,2.4785,7.1426,-5.5938,4.3953,4.2249,4.8278,-1.4728,-4.9974,7.9028
-0.1205,4.0934,5.1945,-1.6473,4.2829,-0.7532,3.1207,5.8853,-5.4417,4.8686,3.632,4.8835,-0.3858,-3.6232,7.7965
0.5238,3.1317,4.3562,-1.3338,3.7466,-0.8954,4.0761,4.7505,-4.6621,4.4836,3.0165,4.7742,0.5206,-2.4001,8.3766
0.5058,3.2935,3.5853,-1.1916,3.3321,-1.5495,3.4593,3.508,-4.4933,5.3573,2.4059,4.2039,1.5007,-1.2419,8.776
0.9198,2.8706,2.5689,-1.232,2.9288,-1.2769,3.2682,2.2403,-4.5088,5.1979,1.5601,3.5897,2.3338,-0.0008,8.6877
0.3997,2.2246,1.4333,-1.0024,2.4101,-1.438,2.6618,0.912,-3.4671,5.4691,1.4785,2.8999,2.8811,1.5016,8.7183
0.3026,1.7398,0.2831,-0.5789,1.7208,-1.1316,2.4097,-0.6194,-2.7545,5.0562,1.1535,2.4341,3.3432,3.1748,7.9751
0.2252,1.5574,-1.0456,-0.5959,1.3675,-0.8494,2.6341,-2.5568,-2.7994,4.7685,0.0636,1.9365,3.7286,4.5419,7.3117
0.5124,1.0206,-3.4516,-0.1831,0.6858,-0.6537,2.0785,-3.7597,-1.7703,4.6924,-0.9042,1.049,4.5763,6.6869,6.654
0.2403,0.4556,-4.8854,-0.1157,-0.261,-0.1244,1.7683,-5.3733,-0.7995,4.1523,-2.5164,0.1327,4.9804,7.8454,5.5878
0.286,-0.2938,-6.406,0.175,-1.3352,0.2585,1.4002,-6.3279,0.6005,3.099,-3.5997,-1.2944,5.5817,9.0343,3.8421
0.7169,-1.4908,-7.2775,0.4767,-2.1676,0.042,0.8195,-7.1529,2.6184,1.8493,-4.7205,-2.5728,6.3188,9.9969,1.9303
0.3476,-2.0501,-8.2213,1.6231,-2.7099,0.0542,0.5009,-7.972,3.5235,1.118,-5.159,-4.2138,6.251,10.4664,0.2821
0.5743,-2.5664,-8.5446,1.9574,-3.178,0.1406,-0.0765,-7.9676,4.8836,-0.0027,-5.355,-5.5534,6.0748,10.3389,-1.3622
0.8675,-3.1492,-8.4685,2.3833,-3.3778,0.0343,-0.5501,-7.5945,5.5719,-1.3033,-5.3463,-6.3646,5.647,9.8022,-1.7237
0.862,-2.7773,-7.9679,2.2757,-3.2562,-0.1491,-1.1265,-7.109,6.1567,-1.6237,-5.2733,-6.7588,5.2811,9.2586,-3.6415
0.8921,-2.6625,-7.7432,2.656,-3.2788,0.0097,-1.5595,-6.3419,6.0654,-2.7766,-4.7504,-7.0789,4.6893,8.2855,-5.0939
1.268,-2.4884,-6.6397,2.7825,-2.895,-0.6759,-1.8107,-5.4545,6.4421,-3.3635,-4.2028,-7.1859,4.6802,7.2631,-5.652
1.4405,-2.208,-5.769,2.354,-2.3784,-0.5905,-2.8071,-4.9236,5.542,-3.4121,-3.8687,-6.7984,3.7945,5.8137,-6.3273
1.4132,-1.8892,-5.2956,2.1803,-1.9334,-0.7429,-2.6457,-3.8066,5.6199,-3.2469,-3.5597,-6.4777,2.6627,5.2005,-6.7355
1.6507,-1.5781,-4.6174,2.0556,-1.7728,-0.8198,-3.0584,-2.5446,5.5739,-3.6358,-3.0836,-6.3045,1.7619,4.0049,-7.0918
1.4736,-1.2916,-3.8018,1.9641,-1.3756,-0.7845,-2.8311,-1.3028,5.6313,-4.0757,-2.6275,-5.8039,1.0076,2.5672,-7.09
1.7038,-1.2942,-2.1933,1.8413,-1.0363,-1.2837,-2.6678,0.2979,5.2749,-4.2741,-1.9244,-5.3189,0.2068,1.3504,-6.6944
1.3031,-0.6614,-1.0191,1.5778,-0.0896,-1.2875,-2.6764,0.9019,3.9159,-3.7525,-1.2233,-4.7785,-0.4218,-0.0617,-6.2588
1.3751,-0.2371,-0.2697,1.2193,0.3118,-1.2616,-2.254,2.873,3.1711,-3.371,-0.8989,-4.2963,-1.0409,-1.8365,-5.6131
1.4504,-0.0804,1.352,1.2782,0.8278,-1.1273,-1.5857,4.6819,2.9103,-3.2142,0.178,-3.6053,-1.58,-4.2986,-4.775
1.5587,0.626,3.413,0.938,1.4742,-1.2515,-0.9067,6.4979,2.2626,-2.8687,1.2222,-2.5889,-2.2533,-5.1101,-3.4916
1.6826,1.5384,5.3745,0.6697,2.5065,-1.447,-0.7318,7.8518,1.1448,-2.1013,2.4619,-1.8174,-2.4993,-6.2719,-2.0285
1.1223,2.5084,6.5885,0.0156,3.3774,-1.3808,-0.735,8.5406,-0.8632,-1.2524,3.4743,-0.5877,-2.3918,-7.4268,-0.5422
0.329,3.4516,6.9479,-0.4258,3.9372,-1.2051,-0.0087,8.7202,-1.9464,-0.5091,4.1681,1.053,-2.6291,-7.7957,0.9171
0.6383,3.2298,7.391,-0.7734,4.2688,-0.9112,0.3583,8.8677,-3.2118,-0.1447,4.4382,2.4382,-2.8124,-7.9289,2.8404
0.5226,3.8079,7.5062,-1.0957,4.6204,-0.9968,1.2966,8.7824,-4.0779,1.3903,4.5388,3.4184,-2.6347,-7.4909,4.5365
0.909,3.8739,7.1261,-1.0804,4.4749,-0.764,2.1872,8.1874,-4.5844,2.6222,4.607,4.1225,-2.0306,-6.7752,6.0802
0.9673,3.962,6.7733,-1.1321,4.2977,-0.9238,1.9943,7.4607,-4.4486,3.1793,4.5485,4.3389,-1.3913,-5.9583,7.3358
0.357,3.654,6.1168,-1.3161,4.1749,-0.7351,2.3016,6.7225,-4.9467,4.1851,4.3022,4.8614,-0.8398,-4.819,8.4284
0.6206,3.4803,5.2116,-1.5716,3.8258,-0.8337,2.3539,5.694,-5.3743,4.6671,3.6251,4.8315,-0.2405,-3.5401,8.8648
0.4949,3.0068,4.3869,-1.2841,3.4778,-0.6231,2.4508,4.1647,-5.0694,5.4278,3.0764,4.5638,0.8785,-2.0095,9.1896
0.4682,2.6249,3.6881,-0.8437,2.9593,-0.7756,2.5886,3.0398,-4.6475,5.7425,2.4871,4.1698,1.7169,-0.5896,9.3979
0.3741,2.5142,2.0749,-0.8655,2.6132,-0.6901,2.319,1.6311,-4.5578,6.0068,2.1741,3.6431,2.5891,0.8154,9.4283
0.2004,2.2728,0.6705,-0.4559,1.6826,-0.4685,2.1354,-0.1847,-3.7876,5.6968,1.3864,3.1608,3.4498,2.3973,9.0644
0.7242,1.648,-1.0262,-0.5227,1.0518,-0.5473,2.2816,-2.1783,-2.7673,5.1258,0.327,2.7646,3.9844,4.2398,8.1387
0.3723,1.178,-3.0706,-0.2618,0.291,-0.0055,1.8144,-4.0097,-1.9113,4.7389,-0.7361,1.6481,5.1308,5.9165,7.3672
0.5729,0.4759,-4.8223,-0.0997,-0.624,0.0595,1.5667,-5.6509,-0.7186,4.1076,-2.0447,0.6177,5.1405,7.7626,6.0985
0.452,-0.4734,-6.332,-0.0228,-1.6939,0.1201,0.8747,-6.6229,0.4218,2.9333,-3.5832,-0.5264,5.5724,9.3293,4.5219
0.5858,-1.7046,-7.5178,0.6218,-2.5722,0.4312,0.2639,-7.6184,2.374,1.8732,-4.4952,-1.8865,5.85,10.5564,2.7314
0.3414,-2.469,-8.6545,1.2037,-3.0032,0.3642,-0.1494,-8.2238,3.8188,1.2423,-4.6641,-3.8566,5.9096,11.1556,1.0059
1.0588,-2.9496,-8.4874,1.6949,-3.5629,0.1832,-0.7077,-8.4039,5.2021,-0.1987,-5.223,-4.8531,5.8168,11.1387,-1.0814
1.1504,-2.8882,-8.2987,2.1406,-3.6595,0.4543,-1.1913,-8.6718,5.1497,-0.9383,-5.1527,-5.7198,5.6794,10.8353,-2.7692
1.1075,-2.6393,-8.2959,2.0792,-3.6834,0.3319,-2.2001,-8.1588,6.0326,-2.1757,-5.126,-6.2634,5.4489,10.3182,-4.3775
1.0518,-2.5133,-8.4338,1.625,-3.4888,0.0225,-2.6355,-7.7179,6.2862,-2.9317,-5.5789,-6.6306,2.5825,9.4991,-5.673
1.5839,-2.6691,-7.8645,1.6177,-3.3651,-0.417,-2.7575,-5.9092,7.4446,-3.6473,-5.4866,-6.699,2.713,8.8215,-7.4599
1.4922,-2.7527,-6.7147,1.8159,-2.9861,-0.7096,-3.1067,-4.3125,7.1331,-4.287,-5.2074,-6.9922,2.6119,7.0594,-8.3984
1.336,-2.262,-5.4329,1.745,-2.3339,-0.5935,-3.4957,-3.15,7.0562,-4.715,-4.6805,-7.0367,1.3999,5.2186,-8.7823
1.3888,-2.2007,-4.0889,1.8763,-1.7376,-1.0895,-3.063,-1.1232,7.1295,-5.0456,-3.7396,-6.695,0.6646,3.4948,-8.3201
1.5168,-1.6295,-2.4453,1.6999,-1.1013,-1.2535,-2.9378,0.9298,7.0815,-4.8495,-2.5091,-6.234,0.0037,1.6152,-7.7407
2.2599,-1.0589,-0.023,1.8247,-0.5864,-1.7094,-2.5441,2.8954,6.0251,-4.8346,-1.3103,-5.3709,-0.9486,-0.7175,-6.8808
1.5212,-0.0722,1.7302,0.7621,0.1662,-1.7104,-2.0225,5.0891,4.4221,-4.1384,-0.6296,-4.1376,-1.5087,-3.2008,-6.056
1.4112,0.6556,3.8552,0.2147,0.9435,-1.9335,-1.8596,7.0684,3.4058,-4.1187,0.4951,-3.1917,-1.8252,-4.9035,-4.9271
1.5614,1.4463,5.793,0.4026,2.1783,-2.1301,-1.5762,8.3576,1.9159,-3.26,2.018,-2.026,-2.7836,-6.3694,-3.662
1.2907,2.133,7.0569,0.0374,3.2246,-2.1179,-1.2621,9.621,0.4477,-2.3915,2.8834,-0.9612,-3.4689,-7.7951,-2.3217
1.7002,2.9186,8.2833,-0.5478,3.9282,-2.2946,-0.3699,10.9961,-0.7827,-1.5545,4.0816,0.5854,-3.7641,-8.7777,-0.5291
1.6301,3.7562,9.4046,-0.9678,4.617,-2.4369,-0.0602,11.4526,-2.562,-0.4202,5.0846,2.3275,-3.9375,-9.3569,1.4988
1.4073,4.2683,9.9436,-1.0755,5.0518,-2.3062,0.5192,11.2703,-3.9823,0.9319,5.4522,3.9163,-3.4347,-9.4012,3.7472
1.3335,4.8102,9.8398,-1.8261,5.2592,-2.2561,1.1927,11.3405,-5.2335,2.2596,5.4849,5.0535,-3.0581,-9.505,5.7557
1.0385,4.4893,9.3852,-1.3645,5.2733,-1.6075,1.8147,10.6055,-6.0007,3.5536,5.237,5.717,-2.6491,-8.6525,7.4532
1.3551,4.2409,8.6404,-2.2637,4.9624,-1.8487,1.9393,10.0013,-5.9164,4.6437,4.8766,5.9475,-2.1328,-7.2141,8.686
1.1621,4.1254,8.1811,-1.8045,4.6941,-1.5556,2.6817,8.7302,-5.902,5.535,5.385,6.0099,-1.3277,-5.768,10.2756
0.7976,4.287,7.4122,-1.7343,4.1958,-1.0434,2.7062,6.7719,-5.7834,6.0497,4.9386,6.2422,-0.3135,-4.26,11.1169
0.4126,3.9938,5.9081,-1.9496,3.7741,-1.0177,2.6262,5.1242,-6.058,6.4153,4.3235,6.0403,0.8115,-2.6702,12.0536
-0.0345,3.6249,3.8436,-1.827,3.1309,-0.491,2.5324,3.3391,-5.4043,6.4278,3.3217,5.7307,1.4786,-0.5906,11.7278
0.225,3.0617,2.2246,-1.7201,2.4405,-0.3561,2.4041,1.5356,-4.6392,6.0762,2.0954,5.2671,2.5471,1.36,11.0068
0.043,2.2331,0.5842,-0.9797,1.681,-0.22,3.0564,-0.5586,-3.9898,5.697,1.7132,3.982,3.4948,3.2795,10.1853
0.1469,1.4564,-1.6468,-0.8732,1.1945,-0.0814,2.5962,-2.9729,-2.8269,5.3104,0.5988,3.3645,4.431,5.489,10.0196
0.2847,1.0475,-4.1066,-0.8637,0.3063,0.1502,1.9159,-5.9486,-2.1522,5.5584,-1.0227,2.3573,5.4846,7.4529,8.7006
0.44,0.1849,-6.6569,-0.5203,-0.7362,0.2236,1.5013,-7.3421,0.026,4.7516,-2.7619,1.3033,6.641,9.8473,7.3492
0.1426,-1.2,-8.304,0.2568,-2.0358,0.2288,1.1845,-9.0203,1.7172,3.8976,-4.5046,-0.1947,7.3719,11.5957,5.2642
0.2947,-3.0254,-10.1992,0.9439,-3.1039,0.1353,0.6443,-9.7253,3.9941,2.5694,-5.4114,-2.052,7.6386,12.5593,3.1149
0.6762,-2.816,-10.7879,1.1353,-3.8021,0.0856,-0.0486,-9.8559,5.6193,1.3128,-6.5357,-3.9984,7.2134,13.0221,0.5481
0.7647,-3.4595,-10.6326,1.4485,-4.2832,0.1647,-0.4983,-9.7326,6.4373,-0.0605,-7.1345,-5.4871,6.9827,12.8,-1.7979
0.7266,-3.7905,-10.4575,1.9211,-4.4769,0.1149,-1.106,-9.2239,7.7258,-1.89,-6.852,-6.8806,6.579,12.3164,-3.9838
0.9034,-4.0643,-9.8401,2.5406,-4.4455,-0.2017,-2.2379,-8.65,8.1755,-3.3565,-6.4883,-7.458,6.3598,11.1164,-5.6822
0.942,-3.911,-9.3103,2.5931,-4.1258,-0.0572,-2.5907,-7.9795,8.4507,-4.0596,-6.1297,-7.7786,5.899,9.6972,-7.3208
0.4759,-3.3871,-8.9721,2.1041,-3.7588,-0.155,-3.2152,-6.8636,8.1936,-4.7572,-6.0668,-8.0492,4.8452,8.3934,-8.3855
0.6162,-3.398,-8.0776,2.1082,-2.7877,-0.3722,-3.2032,-5.1595,8.38,-5.6316,-5.7451,-7.8911,3.6557,7.1693,-9.239
1.1972,-3.2551,-6.6105,1.9626,-2.4077,0.2205,-2.9617,-3.5771,8.3116,-5.6849,-4.9811,-7.6654,2.9217,5.0632,-9.4136
1.1036,-2.774,-5.1332,1.9374,-2.1711,0.0778,-2.9764,-1.9663,7.7635,-5.5513,-4.1299,-7.2799,2.3216,3.3116,-9.2486
1.0139,-2.2477,-3.5077,1.7306,-1.4742,-0.1238,-2.6539,-0.4749,7.1605,-5.575,-3.1774,-6.7713,1.2644,1.6506,-8.3763
1.2165,-1.6133,-1.8819,1.5816,-0.793,-0.2168,-2.7499,1.2813,6.3284,-5.4641,-2.4491,-5.8066,0.4537,0.0452,-8.0164
1.5901,-1.1626,-0.3633,0.973,-0.0616,-0.4442,-2.9048,3.2825,5.175,-4.954,-1.5756,-4.9553,-0.3629,-2.0199,-7.3274
1.6016,-0.4798,1.7709,0.9767,0.7276,-0.7316,-2.5615,5.5372,4.3083,-4.0985,-0.4513,-4.2909,-1.4929,-3.6409,-6.1068
1.1654,0.1203,3.6587,0.9499,1.6144,-0.9439,-1.3653,7.4697,3.383,-3.7285,1.0286,-3.2513,-2.5293,-5.278,-5.1304
1.2308,1.0143,5.6103,0.5198,2.6248,-0.9773,-1.1955,8.8799,1.8943,-3.1101,2.431,-2.1264,-2.4266,-6.8852,-3.0226
1.5775,2.0437,7.6819,0.0435,3.6554,-0.9438,-0.9598,10.0021,0.0329,-1.9608,3.6272,-0.615,-3.0868,-8.066,-1.2878
1.3572,2.983,8.6317,-0.7282,4.396,-1.1044,-0.7371,10.4616,-1.9037,-0.6046,4.4489,1.1541,-2.8143,-8.7886,0.4958
2.5758,3.3172,9.2813,-0.9341,4.6802,-1.9813,0.1306,10.9031,-2.9765,0.4337,5.1689,2.6828,-3.0359,-8.9604,2.3624
1.806,4.3332,9.6169,-1.4628,5.0257,-2.301,1.1151,11.1637,-3.9885,2.4356,5.5393,4.2657,-2.6859,-8.3128,5.2985
1.3031,4.1096,9.7485,-1.7883,5.0848,-2.0478,1.7001,10.4424,-4.872,3.2886,5.7821,5.1262,-2.199,-7.638,7.4646
1.2141,4.5801,9.2001,-2.4057,5.0942,-1.4366,2.1525,8.9927,-6.4769,4.6559,5.3561,5.6221,-1.6589,-6.5876,8.9305
0.755,4.442,7.7326,-2.3968,4.7447,-1.1902,2.3981,7.8589,-5.6235,5.2914,5.0068,5.8535,-0.4782,-4.9551,10.4297
0.5656,3.9477,6.4288,-2.3033,4.2492,-1.1979,2.57,6.3041,-5.4408,5.7388,4.0529,6.0854,0.3129,-3.5001,10.6075
0.2725,3.4949,4.3867,-1.7358,3.741,-0.7405,2.2626,4.8832,-4.8632,5.5986,3.4893,5.7376,0.3155,-1.8207,10.8503
0.0315,2.798,2.7512,-1.8138,3.1361,0.6882,2.1479,2.7658,-4.6127,5.6368,2.4317,5.1225,1.914,-0.2916,10.4336
-0.2266,1.9489,1.0812,-1.5945,2.5942,0.7201,2.5265,1.1383,-3.6424,5.6541,1.2127,4.4283,2.9338,1.6447,9.6791
-0.0316,1.5125,-0.5104,-1.0814,1.7243,0.6328,2.2552,-0.6777,-2.8663,5.4744,0.6242,3.3433,4.253,3.2895,9.1881
0.1086,0.8447,-2.3751,-1.2939,0.9714,0.8884,1.8081,-2.808,-1.6197,5.0735,-0.6921,2.5483,5.2675,4.6735,7.9489
0.2678,0.313,-4.1304,-0.5561,0.3296,0.9728,1.785,-4.5799,-0.4293,4.8268,-1.6742,1.5415,5.9267,6.8553,7.0142
0.5175,-0.6513,-5.8094,-0.1438,-0.6882,0.6375,1.2359,-6.019,1.109,4.2801,-3.1767,0.4979,6.0529,8.4765,5.6256
0.5749,-1.489,-7.0054,-0.1162,-1.8955,0.7449,0.7094,-6.6619,2.377,4.2908,-4.3524,-0.7705,6.6942,10.0439,4.5454
1.0425,-2.2633,-7.7622,0.4617,-2.8572,0.3897,-0.3443,-6.7488,4.2974,2.4749,-4.9743,-2.6886,6.7106,10.8804,2.5872
1.0871,-2.7135,-7.2873,0.9111,-3.2291,-0.1638,-1.2248,-7.8846,5.302,1.0743,-5.2924,-3.8658,6.569,11.2095,0.6333
1.2159,-2.8138,-7.998,1.3391,-3.2764,-0.5904,-1.9768,-7.5233,6.0687,0.0508,-5.5537,-4.8441,6.2437,11.3303,-1.1513
1.1229,-3.2295,-8.0534,1.7878,-3.4707,-0.6803,-2.808,-7.3863,5.9204,-1.3958,-5.2151,-5.6266,5.5173,10.9679,-3.1859
1.6142,-2.8946,-7.6573,1.8162,-3.2566,-1.0795,-2.8853,-6.9761,6.9551,-2.4692,-4.9723,-5.9763,4.6361,10.3099,-4.5958
1.4791,-2.3251,-7.2511,2.1432,-2.8469,-1.0722,-2.6593,-5.9804,7.1154,-2.9427,-4.6789,-6.2791,4.4806,9.3476,-5.7571
1.6108,-2.1359,-6.4572,1.5721,-2.4259,-1.2696,-2.8235,-5.0124,7.3875,-3.3936,-4.673,-6.2345,3.8912,8.0684,-6.0672
1.3582,-2.0126,-5.4659,1.037,-2.1838,-1.4627,-2.7748,-3.7306,7.3227,-3.9953,-4.5236,-6.1062,3.2601,6.48,-6.7174
1.4023,-1.7117,-4.4428,0.9038,-1.7317,-1.427,-2.7362,-2.0722,7.3787,-4.1446,-4.0419,-5.8151,3.056,4.7602,-7.2529
1.4516,-1.0951,-2.8402,0.8401,-1.4826,-1.3177,-2.7474,-0.5996,6.6532,-4.2856,-3.428,-5.6163,2.1741,3.1096,-7.1085
1.0503,-0.8005,-1.661,0.6464,-0.8403,-1.1467,-2.7548,0.6645,5.9578,-4.4258,-2.8196,-5.1034,1.199,1.5644,-7.8419
0.9923,-0.43,-0.5327,0.4155,-0.2527,-1.2545,-2.5851,2.5946,5.4882,-4.5914,-2.2753,-4.6207,-0.0927,-0.2542,-6.4369
1.0377,-0.3365,1.1176,0.4704,0.3871,-1.6751,-2.7569,4.961,4.8551,-4.1566,-1.2883,-3.9762,-0.837,-2.2653,-5.8005
0.9205,0.172,3.3223,0.0509,1.0188,-1.6122,-2.1945,6.8257,3.9505,-4.177,-0.1768,-3.7156,-1.7387,-4.2195,-5.3788
0.9854,0.996,5.3118,-0.15,1.9491,-1.5536,-1.9024,8.2641,2.4301,-3.598,1.2493,-2.5236,-2.3291,-5.9599,-4.448
1.4581,2.0401,6.9984,-0.2394,3.0185,-1.5808,-1.4936,9.3677,1.4787,-2.7769,2.6601,-1.2772,-2.7174,-7.0397,-2.7186
1.2459,3.2084,8.1719,-0.7093,3.9558,-1.4301,-0.5549,10.0522,-0.7283,-1.149,3.9909,0.1914,-2.4655,-8.0567,-1.1043
0.7884,3.9759,8.7998,-1.1764,4.5161,-1.3699,0.2609,10.3659,-2.5087,-0.0139,4.6669,2.0002,-2.9096,-8.7373,1.2073
0.7805,4.128,8.9047,-1.7957,4.8363,-1.3508,1.1382,10.522,-3.6121,1.2257,5.017,3.1844,-2.4062,-7.9502,3.6727
0.9215,3.9892,8.8484,-2.2798,4.7988,-1.4442,2.0081,10.4447,-4.5178,2.7709,4.7889,4.2614,-2.0204,-7.643,5.9446
0.8739,4.169,8.7163,-2.6018,4.7343,-1.3221,2.7106,9.7031,-5.127,4.2175,4.3862,4.7838,-1.2312,-6.7014,7.2649
0.3864,3.6099,8.0554,-2.4128,4.3842,-0.8802,2.6574,8.568,-5.5365,5.0917,4.4165,5.147,-0.1412,-5.1296,9.0497
0.306,3.7383,6.6713,-2.5849,4.1498,-0.2385,2.7056,6.9125,-5.8375,5.9279,3.7796,5.249,0.3686,-3.7931,10.0547
-0.6997,3.2801,4.3196,-2.2915,3.4774,0.1772,2.4084,5.0101,-5.1332,6.1375,2.9734,5.1708,1.217,-2.143,10.5428
-0.2621,2.6823,2.6251,-2.0714,2.6871,0.3481,1.961,3.2661,-4.1105,5.3876,1.8941,4.7851,1.7563,-0.4547,10.2702
-0.2973,1.9977,1.7836,-1.9304,1.9188,0.8557,1.4255,1.8127,-2.8022,5.4235,0.8796,4.225,2.6825,1.0174,9.7196
-0.4184,1.6135,0.6119,-1.9242,1.1561,1.2366,1.6592,0.085,-2.3773,5.1011,-0.0559,3.4387,3.7821,2.4496,8.7098
-0.3326,0.9439,-0.9895,-1.8156,0.6214,1.0345,1.3469,-1.4438,-1.6286,4.7138,-0.9012,2.3921,4.0807,4.5709,7.5726
-0.1977,-0.4371,-2.799,-0.8975,0.048,1.5296,1.0839,-3.425,-1.0925,4.1367,-1.7087,1.4729,4.7353,6.5878,6.7837
0.0912,-1.0423,-4.3577,-0.3017,-0.8488,1.3151,0.5591,-5.0704,-0.0097,4.4118,-2.7769,0.6229,5.9051,8.0979,5.5293
0.2008,-1.5027,-5.88,-0.1914,-1.7107,1.0508,0.1714,-6.027,1.5622,3.8592,-4.0352,-0.7053,6.0566,9.7361,4.0781
0.0758,-1.8979,-6.9258,-0.013,-2.4871,0.8264,-0.6868,-7.1584,3.1684,2.7154,-4.8607,-2.0726,6.2601,10.7024,2.8615
0.3709,-2.7356,-7.856,0.2471,-3.0376,0.4801,-0.7573,-7.4822,5.0499,1.4613,-5.3021,-3.4003,6.2314,11.3033,1.1457
0.6084,-3.0319,-7.9497,0.5823,-3.4197,0.7506,-1.4456,-7.6814,5.6682,0.691,-6.2426,-4.6194,6.2925,10.9123,-1.3509
0.5216,-2.921,-8.399,1.424,-3.4465,0.4627,-1.9556,-7.1741,6.6543,-0.4036,-6.0318,-5.8019,6.0159,10.7326,-2.9768
1.1572,-3.0238,-7.576,1.4162,-3.5473,0.2547,-2.4366,-6.6218,7.5792,-1.8561,-5.922,-6.5651,5.7608,9.827,-4.1281
0.9768,-2.748,-7.0674,1.5251,-3.2288,0.0082,-2.7511,-5.8193,7.5336,-2.7099,-5.4056,-6.6581,4.9318,8.6555,-5.5081
1.229,-2.9617,-6.2025,1.4362,-2.8938,-0.3797,-3.1988,-4.6905,7.1876,-3.3589,-4.9205,-6.7785,4.1494,7.5539,-5.9921
0.9171,-2.0677,-5.4838,1.0886,-2.4788,-0.9177,-3.268,-3.3853,7.3572,-3.4792,-4.6186,-6.4718,3.0893,6.6506,-6.3478
1.0018,-1.7935,-4.1312,0.9781,-1.879,-0.5978,-3.2477,-2.3538,7.6973,-4.55,-4.3755,-6.0189,2.4559,5.0042,-6.6185
0.9966,-1.8388,-3.1865,1.7637,-1.5749,-0.3163,-3.1936,-1.4913,6.903,-4.3886,-3.5038,-5.6661,2.0048,3.2401,-6.5499
1.1211,-1.5409,-2.2854,1.3908,-1.0545,-0.761,-2.865,-0.0361,7.1616,-4.1175,-2.7416,-5.2844,1.674,1.8667,-6.0749
1.1362,-0.9453,-1.3517,1.0136,-0.6026,-0.9077,-2.8514,1.4267,5.7165,-3.6157,-2.4004,-4.6607,0.6694,0.2231,-4.9502
0.7781,-0.6195,-0.2488,0.7236,-0.1523,-0.7922,-2.7555,3.8947,5.2736,-3.3554,-1.6372,-4.0328,-1.1131,-1.0782,-4.5913
1.0019,-0.2249,1.6343,0.2718,0.2732,-0.6063,-2.5285,5.9375,4.9651,-3.7616,-0.6525,-3.3583,-1.4314,-2.9118,-4.2311
0.5213,0.5928,4.1428,-0.2202,1.1563,-0.6905,-2.1552,7.5328,3.3602,-3.1722,0.4254,-2.5162,-1.9454,-4.7165,-3.6347
0.4768,1.0706,5.5994,-0.1585,2.1219,-0.547,-1.6666,8.6806,1.9729,-2.6228,1.6849,-1.1656,-2.4899,-6.1204,-2.5175
0.8082,1.879,7.2945,-1.0254,3.1103,-0.845,-1.2757,9.8898,0.2838,-1.6681,2.5677,0.0954,-3.6843,-7.359,-1.3802
0.4495,2.5956,8.0589,-1.389,3.8274,-0.8067,-0.7723,11.0535,-1.1629,-0.6192,3.5512,1.7223,-3.3809,-7.9896,0.3927
0.5453,3.1674,8.6744,-1.9554,4.1865,-0.6802,0.0327,10.9398,-2.5142,0.414,3.8467,3.3246,-3.0733,-8.0687,1.7592
0.5921,3.6395,8.9495,-2.1178,4.7274,-0.6762,0.6917,10.9898,-3.0283,1.1786,4.1234,4.105,-2.7097,-7.6349,4.021
0.3366,4.4107,8.8808,-2.5137,4.8678,-0.6433,1.3084,10.5623,-3.7462,2.7202,4.0497,4.7757,-1.9496,-7.3087,5.6971
0.2735,4.2351,8.4934,-2.5421,4.7583,-0.6214,1.9339,9.7219,-4.6172,3.7727,4.0748,5.2895,-1.3348,-6.6215,7.0494
0.2445,4.2332,7.9257,-2.7018,4.5874,-0.6099,2.076,8.4104,-4.9419,4.856,3.6624,5.5294,-0.7233,-5.3453,8.5903
0.3489,3.6095,7.1428,-2.315,3.9787,-0.8795,2.3245,7.9174,-4.6644,5.2593,3.2153,5.5635,-0.0044,-3.8006,9.2718
-0.2184,3.2705,6.146,-2.0758,3.6084,-0.4501,2.4508,6.3401,-5.4432,5.9152,3.1804,5.2206,1.0378,-2.3821,10.1416
-0.0198,3.0677,4.8229,-2.4271,3.3038,-0.0459,2.198,4.3941,-4.9384,6.3384,2.3935,5.1589,1.8438,-0.5069,10.6032
0.134,2.7096,3.3946,-2.3146,2.639,0.2071,2.0532,2.4381,-4.2728,6.5308,1.4887,4.899,2.7211,1.2551,10.3045
-0.1934,2.346,1.5509,-1.9882,2.1542,0.5481,1.6971,0.2739,-3.8845,6.4813,0.6915,4.0955,3.7775,3.3096,9.8708
-0.3553,1.7452,-0.1284,-1.3875,1.3559,0.5035,1.5433,-1.8367,-2.5265,6.0917,-0.2818,3.3691,4.7302,5.58,9.2103
-0.3698,1.0324,-2.5874,-1.0417,0.677,0.6866,1.2077,-3.969,-1.5546,6.072,-1.2392,2.3473,5.3842,7.4181,8.2794
-0.1747,-0.354,-4.7894,-1.0073,-0.3553,0.6815,0.8793,-5.742,-0.1456,5.5063,-2.278,1.472,6.2861,9.1957,7.4577
0.2939,-0.9836,-6.306,-0.7555,-1.6649,0.3915,0.2946,-7.2602,0.8342,5.0836,-4.2264,0.4052,6.8711,10.8476,6.0386
-0.2034,-2.0578,-7.9621,-0.3562,-2.6814,0.535,-0.2067,-8.0893,3.5866,3.7667,-5.5526,-1.2011,7.2634,12.3413,3.9797
-0.0478,-2.8168,-8.6823,0.1866,-3.3786,0.3946,-0.7604,-8.5741,5.3587,2.397,-6.3187,-3.0058,7.319,12.7928,1.8486
-0.3402,-3.1893,-9.358,0.9742,-3.9611,0.3387,-1.5053,-8.5362,6.4541,0.9887,-6.5865,-4.4416,6.8144,12.706,-0.4402
-0.062,-3.4004,-9.5691,1.3091,-4.1025,0.4584,-2.0215,-8.2045,7.3549,-0.4841,-6.6804,-5.6365,6.684,12.1647,-2.8489
-0.3837,-3.6315,-9.3276,1.2792,-4.1234,0.5872,-3.227,-7.8087,7.548,-2.2384,-6.7027,-6.4785,5.9766,11.1823,-4.4349
-0.3311,-3.7174,-8.9304,1.3416,-3.7266,0.5694,-3.9757,-7.1816,8.1867,-3.3958,-6.7122,-6.9307,5.2796,10.2032,-6.5461
0.0387,-3.673,-8.2385,1.356,-3.2735,0.7432,-4.5118,-6.0036,8.7445,-4.0272,-6.4705,-7.2287,4.6946,8.6669,-7.8322
0.3949,-3.5171,-6.7234,1.2205,-3.0606,-0.2563,-4.361,-4.0568,8.6913,-3.9079,-5.9954,-7.3371,3.2006,6.9087,-8.5126
0.3135,-3.2844,-5.0728,1.151,-2.5584,-0.7095,-4.2849,-1.937,8.3796,-4.6143,-5.0098,-7.0421,2.6147,4.9329,-8.9862
0.3786,-2.5259,-3.2344,1.0603,-1.8833,-0.8988,-4.0453,0.0895,7.7529,-5.0704,-4.0341,-6.5861,0.9944,3.1302,-8.9621
1.0351,-1.6576,-1.3322,0.5938,-1.2405,-1.2093,-3.5886,2.2129,6.8269,-5.1819,-2.9328,-5.8711,-0.1015,1.1704,-8.4345
1.1314,-1.0112,0.4325,0.3229,-0.4867,-1.203,-3.227,4.3401,5.5989,-4.7188,-2.1007,-4.7179,-0.7164,-0.7911,-7.6463
0.8184,-0.4651,2.4985,0.1131,0.4032,-1.3348,-2.8598,6.5338,4.8054,-4.3424,-1.1762,-3.8165,-1.4536,-3.0442,-6.8505
1.2206,0.2562,5.0434,-0.2682,1.7808,-1.9536,-1.934,9.1741,3.9704,-3.5658,0.5912,-2.8387,-2.3988,-5.0471,-5.3899
0.7835,1.2915,7.3493,-0.8422,2.9884,-1.5224,-1.1669,10.4409,2.1432,-2.3681,2.1488,-1.6454,-3.216,-7.4777,-3.5585
0.9666,2.3446,8.6565,-1.3455,3.8454,-1.6335,-0.5034,11.895,0.2855,-1.2204,3.552,0.0227,-3.0352,-8.8768,-1.2382
0.9909,3.622,9.8252,-2.1622,4.4554,-1.4252,0.4367,12.2486,-1.9283,0.1948,4.4053,2.2208,-2.9233,-9.6077,1.2487
0.7563,4.2824,10.3365,-2.483,4.9513,-1.3043,0.973,12.254,-3.4865,1.4425,4.9182,3.877,-2.8998,-9.5495,3.8072
-0.0295,4.4368,9.9913,-2.6483,5.3652,-0.886,1.5739,11.6594,-4.6313,3.0287,5.4069,5.2773,-2.2087,-8.9123,6.4177
-0.4856,4.21,9.1494,-2.7507,5.298,-0.5645,2.3208,10.4523,-5.0297,4.522,4.9996,6.1535,-1.6939,-7.869,8.1216
-0.1148,4.0123,8.3755,-2.4181,4.9478,-0.5495,2.7713,9.4726,-5.1341,5.5892,4.9365,6.6734,-0.7902,-6.6129,9.8446
0.038,4.1185,7.6534,-2.557,4.4948,-0.5587,2.149,8.1559,-5.2684,6.5588,4.4505,6.7006,0.2606,-5.2302,11.1927
-0.2523,3.8396,6.4071,-2.5758,3.972,-0.386,1.9946,6.2555,-5.323,7.0298,4.1618,6.3673,1.0273,-3.4819,11.7684
-0.897,3.6164,4.634,-2.4759,3.4124,-0.0993,2.1522,4.2892,-4.7832,7.2205,3.4004,6.2136,1.7197,-1.4774,11.5474
-1.1378,2.8384,2.9224,-2.2792,2.6575,0.434,2.1346,2.4343,-4.5457,6.8376,2.0589,6.0661,2.338,0.3239,10.7268
-0.9584,2.433,1.0468,-1.6475,1.9829,0.4265,1.8069,1.0258,-3.9153,6.6513,1.253,5.0839,3.3529,2.3834,10.0359
-0.7686,1.3251,-0.437,-1.18,1.1726,0.7676,1.5526,-0.8779,-2.4075,6.1292,0.2978,3.8697,4.1443,4.6917,9.0202
-0.6346,0.862,-2.0521,-1.2517,0.6423,0.6431,1.3925,-2.9875,-1.585,6.0718,-0.493,2.6145,4.867,6.5577,7.9764
-0.8552,0.5184,-4.5516,-0.8579,-0.0134,0.2048,0.9061,-4.8138,-0.2032,5.8189,-1.5826,1.6217,5.6384,8.436,6.998
-0.8131,-0.2755,-6.379,-0.7182,-1.0721,0.7101,0.4076,-6.361,1.309,5.1919,-3.3345,0.9717,6.9305,10.0155,5.3695
-0.6913,-1.2682,-7.418,0.083,-2.2948,0.7009,0.1978,-7.8249,2.855,4.1839,-4.6302,-0.3238,7.007,11.1506,3.6652
-0.7345,-2.3294,-8.8245,0.4203,-2.8274,0.6754,-0.3273,-8.5078,4.0064,3.1644,-5.6195,-2.045,8.1769,12.0715,2.1905
-0.7534,-2.5452,-9.8652,0.7718,-3.7623,0.8174,-1.5748,-9.1064,5.0765,2.3079,-6.5109,-3.8246,8.0402,12.365,0.0694
-0.016,-3.1135,-9.8417,1.803,-4.1644,0.4719,-2.1446,-9.0434,6.9303,0.4309,-6.6077,-5.3977,7.4103,12.4517,-2.2009
0.0237,-3.2975,-9.6942,1.7902,-4.2524,-0.0102,-3.1908,-8.5942,7.6439,-0.6461,-6.4973,-6.4403,7.0466,11.7931,-4.0917
-0.4544,-3.2156,-9.4787,2.0082,-4.2139,0.1302,-3.398,-7.8691,8.2778,-1.9515,-6.4715,-6.7597,5.6898,10.8114,-5.9468
-0.0049,-3.4663,-8.6156,1.9689,-4.1353,-0.1129,-3.4527,-6.8389,8.6724,-3.1388,-6.2709,-7.2059,4.6819,9.3716,-6.4978
0.3323,-3.0459,-7.9743,2.1922,-3.6772,-0.2425,-3.5992,-5.1549,8.7247,-3.5337,-5.4723,-7.203,3.9034,8.2024,-7.7305
0.5239,-2.4317,-6.4811,2.2282,-3.2542,-0.1138,-3.5103,-3.8801,8.51,-3.9411,-4.9409,-7.095,3.8018,6.5835,-8.104
0.6955,-1.9389,-5.2653,1.8759,-2.7355,-0.1838,-3.3242,-2.8238,7.9335,-4.2544,-4.0606,-6.6869,2.7493,4.8917,-8.1798
0.2791,-1.5005,-4.1413,1.4032,-2.0795,-0.2284,-3.006,-1.397,7.0921,-4.1505,-3.3604,-6.0379,1.9359,3.5539,-8.3097
0.1653,-0.838,-2.9083,1.2897,-1.5394,0.1305,-2.9821,-0.3765,6.6563,-3.965,-2.8454,-5.3279,1.5614,2.2307,-6.6357
0.1694,-0.8004,-1.9259,0.9726,-0.9639,0.1865,-2.0089,0.7301,5.8952,-3.1246,-2.4642,-4.5911,1.3453,0.8652,-6.4746
0.4303,-0.6569,-0.8269,0.4267,-0.5036,-0.3232,-1.8902,2.3087,5.5597,-2.6682,-1.5027,-4.0514,0.4419,-0.637,-5.2384
0.4637,0.031,0.5462,0.2534,0.0559,-1.1541,-1.9168,4.2711,5.1833,-2.2713,-1.1805,-3.2178,-0.0305,-1.9182,-4.5511
0.617,0.2099,2.5736,-0.4645,0.6122,-1.3185,-1.6944,5.6978,4.0443,-2.0081,-0.1695,-2.5268,-0.9203,-3.5387,-3.6091
0.8402,0.9925,4.5265,-0.5362,1.4266,-1.4946,-1.2723,7.4667,3.1442,-1.2953,0.6434,-1.3003,-1.3482,-4.5389,-2.0446
0.7057,2.3286,6.1484,-0.9268,2.3035,-1.562,-0.6248,8.3713,1.738,-0.4897,2.0209,-0.4319,-1.9356,-5.7657,-0.5484
0.317,2.8792,6.9265,-1.3326,2.9891,-1.527,-0.1819,9.1026,-0.0763,0.2235,3.1384,0.8635,-2.0499,-6.7277,0.777
-0.1782,2.9769,7.3051,-1.5959,3.4346,-1.1412,0.6506,8.9789,-1.7046,1.2233,3.3135,2.5348,-1.9126,-6.9787,2.2527
-0.0998,3.3055,7.0785,-1.6733,3.8506,-1.2462,1.2448,9.0506,-2.632,2.0577,3.519,3.3571,-1.7741,-6.6965,4.2117
-0.4775,3.6564,6.7786,-1.8856,3.7652,-0.7373,1.3748,8.5458,-3.2253,3.3356,3.2971,4.1507,-1.0746,-6.1771,5.8857
-0.252,3.4064,6.5691,-1.7047,3.4146,-1.1714,1.5879,8.0607,-3.1718,3.9537,3.303,4.4282,-0.5458,-5.259,7.4624
0.1258,3.2534,6.328,-2.4015,3.2218,-0.8865,2.0618,7.0319,-3.8597,4.5772,2.882,4.4948,-0.3865,-4.2053,7.941
-0.2713,2.9949,5.1044,-2.0773,3.0987,-0.7787,2.103,6.1129,-3.7909,5.0908,2.6422,4.3159,0.557,-2.7157,8.3704
-0.3191,2.9167,4.0853,-2.132,2.7298,-0.8439,2.0837,4.7418,-3.4708,5.8503,1.9577,4.2298,1.1621,-1.3623,8.5254
0.4387,2.5517,3.6276,-2.1016,2.3137,-1.3107,2.0599,3.8844,-2.6426,6.0445,1.7107,3.8855,1.4635,-0.2153,8.7191
0.2848,2.2917,2.3631,-1.7122,1.7353,-1.4065,2.1404,2.7046,-1.845,6.5023,1.2996,3.6388,2.2527,0.79,8.847
-0.1183,2.1571,1.4171,-1.1538,1.1874,-1.2558,1.7692,1.635,-1.8965,6.3993,1.0418,3.3525,3.2092,1.6081,9.1831
-0.5157,1.7147,0.5991,-1.2159,0.6848,-1.0341,1.7735,0.2351,-1.622,5.9958,0.4084,2.8287,3.2536,3.0898,8.6064
-0.5021,1.6233,-0.4127,-1.3585,0.0798,-0.6333,1.4227,-1.408,-0.4751,5.2125,-0.2697,2.2305,4.0567,4.8817,7.8362
-0.0499,1.4803,-1.8512,-0.8787,-0.4092,-0.7075,1.2465,-3.1692,-0.3676,5.2038,-0.8322,1.6248,4.3949,6.6541,6.8007
-0.2928,0.9512,-3.8572,-0.947,-1.0187,-0.5852,0.8689,-4.7286,0.3765,4.7161,-2.1336,0.7925,5.1382,7.9103,5.5868
-0.046,-0.0599,-5.5953,-0.429,-1.902,-0.4597,0.6701,-5.9972,1.987,3.7751,-2.845,-0.0948,5.9049,9.3221,4.6496
0.0991,-0.6827,-6.7107,0.0537,-2.6687,-0.7255,0.4587,-6.6855,3.6244,3.4253,-4.0253,-1.0621,6.1686,10.3478,3.4549
0.119,-1.5155,-7.2047,0.6947,-3.2985,-0.7515,0.0187,-7.497,4.664,2.6534,-4.3714,-2.3821,6.1051,10.7745,2.0276
0.0786,-1.7508,-8.0296,0.8904,-3.5858,-0.6884,-0.629,-7.7355,5.6681,2.0322,-5.0578,-3.718,5.8399,10.9967,0.6718
-0.4603,-2.0429,-8.5538,0.5563,-3.9003,-0.2908,-1.1298,-7.5648,6.628,1.0389,-5.898,-4.781,5.668,11.0751,-1.5282
-0.2684,-2.5768,-8.6817,0.9479,-4.3648,-0.2606,-1.9086,-7.0129,7.7921,-0.8379,-6.2268,-5.7345,5.3177,10.4862,-3.5695
0.2006,-2.7108,-8.0111,1.5225,-4.3109,-0.3329,-2.1202,-6.434,8.0276,-2.2576,-5.7956,-6.3781,4.9221,9.5452,-6.4358
0.0529,-2.5131,-7.5551,1.5889,-3.9191,-0.3495,-2.0272,-5.4139,8.1369,-3.0999,-5.4634,-6.6252,4.031,8.3456,-6.9827
0.6481,-2.31,-6.4602,1.5894,-3.7194,-0.5534,-2.3615,-3.9119,8.6681,-3.8139,-5.2104,-6.4504,3.4734,6.9545,-8.2522
0.8328,-1.8268,-5.172,1.1255,-3.2427,-1.0063,-2.2481,-2.7838,8.0528,-4.1923,-4.6888,-6.3696,3.0521,5.0921,-8.0664
1.063,-1.5193,-3.51,0.5315,-2.6029,-1.3805,-2.6259,-1.1016,7.243,-4.1702,-4.2699,-6.0597,2.2679,3.9064,-7.8418
1.15,-0.9296,-2.1941,1.0977,-2.0927,-1.8296,-2.6209,0.744,7.0699,-3.8958,-3.2962,-5.6269,1.1203,2.6134,-7.5047
0.8466,-0.4864,-0.6213,0.9423,-1.5731,-1.7326,-3.1905,2.4198,6.3373,-3.7426,-2.3169,-5.3392,0.0087,0.6513,-7.0392
0.7206,0.0334,1.0785,0.7004,-0.8231,-1.6173,-2.9768,4.2461,5.6668,-3.7577,-1.3267,-4.638,-1.1949,-1.1275,-6.2265
0.6425,0.5712,3.0329,0.4593,0.0286,-2.1995,-2.4741,6.3653,5.058,-3.4359,0.1197,-3.561,-2.2341,-2.8606,-5.4891
0.7593,1.9076,4.728,-0.143,1.1619,-1.8938,-2.1349,7.7179,3.4472,-2.8872,1.5072,-2.3214,-2.5646,-4.8502,-4.0648
0.7029,2.5853,6.0587,-0.5286,2.3206,-2.0792,-1.4156,8.0324,1.3165,-1.9194,2.4949,-0.9366,-2.3346,-6.2079,-2.542
0.6212,3.1221,6.3284,-0.9556,3.1287,-2.1417,-0.5436,9.4053,-0.0983,-0.3881,3.1311,0.6416,-3.0813,-6.7165,-0.6777
0.618,3.7693,7.3672,-1.1695,3.4187,-2.0637,-0.0757,10.1296,-0.1685,0.25,3.6548,2.0151,-3.1291,-7.2815,0.9649
0.6122,4.5665,8.2107,-1.516,3.7268,-1.9572,0.424,10.5938,-1.5506,1.0491,4.3948,2.9713,-3.0241,-7.682,3.2802
0.9425,4.7373,9.0284,-1.8778,4.0237,-2.1448,1.0243,10.6386,-2.7906,2.2975,4.4484,3.9964,-2.8918,-7.6867,5.0442
0.8126,4.9275,9.0715,-2.0011,4.0498,-1.9823,1.5114,10.279,-3.5629,3.8946,4.573,4.8163,-2.0825,-7.0328,7.0692
0.4427,4.835,8.7761,-2.484,3.9107,-1.7654,1.7977,9.6022,-3.9075,4.943,4.287,5.415,-1.5364,-6.0871,8.2494
0.4997,4.7166,7.9847,-2.3404,3.7035,-2.1516,2.2755,8.7141,-4.3023,5.8,4.1618,5.5114,-0.8577,-4.9795,9.6748
0.2524,4.6966,7.0354,-2.2739,3.3918,-1.8763,2.6592,7.2275,-4.8253,6.4176,3.6858,5.4729,-0.2072,-3.4963,10.5181
-0.7308,4.1043,5.4334,-2.4708,2.9661,-1.0458,2.7813,5.7639,-4.8069,6.8051,2.8337,5.1986,0.4598,-1.922,10.6726
-0.7047,3.1585,4.0685,-2.211,2.4323,-0.6777,2.6405,4.2134,-4.3752,6.4442,1.9945,4.9512,1.2074,-0.0866,9.9423
-0.9501,2.6548,2.3672,-2.0659,1.7195,-0.0215,2.6194,2.6845,-2.9771,6.0712,0.9909,4.1849,2.1508,1.6292,9.6065
-0.5724,2.1364,1.259,-1.7039,1.1338,0.0621,2.9553,0.9172,-2.4003,5.9102,0.4815,3.2777,3.2191,3.0503,8.9239
-0.0114,1.4843,0.0444,-1.3917,0.5656,-0.0288,2.7395,-0.9414,-1.6637,5.8329,-0.1999,2.5899,4.2728,4.9691,8.7623
-0.1294,1.4581,-1.5636,-1.3165,-0.1107,0.0981,2.0441,-2.9311,-0.5539,6.1222,-0.8199,1.9561,5.0329,6.6974,8.5218
-0.2181,1.0868,-3.6337,-1.7354,-1.0078,0.0646,1.8443,-4.8647,0.2002,5.633,-2.3222,1.0488,5.9311,8.5396,7.2805
-0.3371,0.3675,-5.8117,-1.1424,-2.2399,0.2748,1.4201,-6.6591,1.4489,4.7604,-3.7867,0.1239,6.299,10.0835,5.7072
-0.3335,-0.829,-7.546,-0.5765,-3.0691,0.1095,0.7338,-6.9241,3.4485,3.5928,-5.3403,-1.0908,6.728,11.544,3.6224
-0.5255,-1.8361,-8.4957,0.0006,-3.8803,0.5533,0.1155,-7.8243,4.9463,2.2692,-6.1265,-2.8637,6.7428,12.0998,1.9525
-0.1802,-2.434,-8.9417,0.5908,-4.1651,0.7705,-0.3073,-8.6041,6.1414,1.4342,-6.445,-4.5931,6.898,12.4687,0.0496
0.6796,-2.6247,-8.796,0.1046,-4.5305,0.1186,-1.136,-8.7889,8.0254,0.3907,-7.0879,-5.6601,6.81,12.2741,-2.1978
1.0355,-2.6314,-8.6583,1.1161,-4.7284,-0.2817,-1.6468,-8.2857,8.2985,-0.703,-7.4351,-6.4752,6.4309,11.824,-4.1146
0.56,-2.5457,-8.4691,1.4405,-4.5199,-0.4168,-4.4133,-7.5118,8.5359,-1.5791,-6.9655,-7.259,5.6417,10.9369,-5.0651
0.664,-2.5033,-8.2241,1.1309,-4.1992,-1.1848,-4.3099,-6.3826,8.512,-2.505,-6.7521,-7.7173,3.5764,9.645,-7.0031
0.7652,-2.2074,-7.1854,1.2898,-3.7881,-1.3782,-3.8714,-4.3571,9.2934,-3.753,-6.1827,-7.7177,2.9384,8.2057,-8.1986
1.167,-2.2813,-5.6611,2.0569,-3.4557,-1.5235,-3.9992,-2.6413,9.0884,-4.5535,-4.9212,-7.1913,2.3278,6.092,-8.8421
1.0677,-1.5131,-4.1425,1.7648,-2.6115,-1.5441,-3.5393,-1.1071,8.1701,-4.3506,-4.1199,-6.7218,1.1454,4.0113,-8.7836
1.3973,-0.8747,-2.4653,1.0206,-1.9367,-1.8369,-3.0992,0.6443,7.4109,-4.5739,-3.5493,-5.9713,0.2364,2.1474,-8.223
1.1902,-0.7474,-1.0354,1.0151,-1.2203,-1.9545,-2.719,2.8881,6.5473,-4.1386,-2.8591,-5.3378,-0.7944,0.3334,-7.6009
1.1726,0.1408,0.7312,0.9185,-0.8386,-2.119,-2.5081,5.3272,6.5434,-3.8981,-1.4957,-4.3698,-1.627,-1.8642,-6.099
0.4737,0.4195,2.9361,0.3705,0.0076,-1.7163,-2.0946,7.1354,5.1638,-3.9177,-0.5502,-3.5387,-2.4818,-4.0754,-5.1597
0.4163,1.0567,4.8975,0.0944,1.1726,-1.4607,-1.7641,8.8584,3.743,-3.3865,0.9153,-2.44,-3.0526,-6.0733,-3.9237
0.4439,2.1776,6.6538,-1.0019,2.2826,-1.2403,-1.1245,10.2317,1.6548,-2.0289,1.8366,-1.1763,-3.4096,-7.2524,-2.4889
0.3543,3.1131,7.7925,-1.4383,3.0995,-1.2191,-1.1682,10.767,0.2757,-1.4844,2.7928,0.2465,-3.6013,-8.2125,-1.3294
0.3571,3.7395,8.9023,-1.8539,3.7316,-0.8378,0.0599,10.9667,-1.5228,-0.2872,3.6447,1.9988,-3.5611,-8.7612,0.1374
0.411,4.3845,9.0844,-2.2123,4.1785,-1.1054,0.8626,11.7316,-2.5968,0.6672,4.5354,3.2368,-3.6215,-8.739,2.3041
0.6486,4.35,9.4665,-2.2867,4.3481,-0.9914,1.7998,11.1422,-3.7582,1.7502,4.7207,4.3502,-2.9656,-8.3665,4.542
0.5619,4.5177,8.904,-2.3674,4.4174,-1.1316,2.1972,10.6635,-4.3133,3.7495,4.4829,5.1593,-2.4125,-7.4029,6.913
0.5234,4.3506,8.4892,-2.3265,4.0452,-0.992,3.0061,9.7318,-4.28,5.1211,4.4806,5.652,-1.807,-6.3455,8.4263
0.6675,4.5421,7.9191,-2.1003,3.4727,-0.9426,3.2236,8.4327,-4.955,6.1664,4.3249,5.803,-0.9822,-5.1275,9.8994
0.7183,4.7764,6.7082,-2.8508,3.2124,-1.365,3.7232,7.0228,-4.9435,6.8786,3.592,5.894,-0.1226,-3.3288,10.7949
0.0321,4.3,5.6406,-2.8212,2.7338,-0.8757,3.7062,5.2296,-4.4224,7.0011,2.5625,5.6972,0.9981,-1.5775,11.3716
-0.2341,3.2471,3.8607,-2.1833,2.4436,-0.3537,3.419,3.2043,-4.4036,7.125,1.755,5.1391,1.9477,0.2557,11.1821
-0.041,3.0409,1.9711,-1.9895,1.6992,-0.1654,3.2129,1.4461,-3.3685,7.3186,0.9634,4.3128,2.9451,2.0269,11.099
-0.1697,2.4161,0.3064,-1.7779,0.9575,-0.2284,2.8766,-0.2941,-1.9359,7.1572,0.0422,3.5038,3.8828,3.9349,10.1892
-0.0372,2.0063,-1.4429,-1.434,0.0505,-0.1883,2.6018,-2.6271,-1.1165,6.7052,-0.8164,2.7449,4.8643,6.1302,9.603
-0.153,1.4211,-3.6698,-1.187,-1.1037,0.1349,2.1581,-4.3544,-0.1665,6.0934,-1.9595,2.0034,5.5824,8.1974,8.3319
-0.0181,0.9584,-5.6658,-1.007,-1.9986,0.3028,1.5101,-6.2795,0.9707,5.2013,-3.2576,0.7197,5.8841,9.5799,6.9193
0.2095,-0.2608,-7.394,-0.5037,-3.2554,0.3103,1.4014,-7.1051,2.9378,4.0786,-4.6737,-0.7241,6.3069,11.0325,5.0122
0.2063,-1.3395,-8.1706,-0.2095,-3.892,0.4351,0.7252,-8.1442,4.7175,2.9491,-5.8238,-2.2232,6.5075,11.8845,3.6204
0.8837,-2.0698,-8.848,0.4787,-4.2167,0.2224,-0.275,-8.3271,6.4385,2.2876,-6.6056,-3.7193,5.9306,12.3511,1.6359
0.491,-2.2445,-9.2631,1.3456,-4.6352,0.2604,-1.0343,-8.0519,7.1222,1.4146,-6.7838,-5.2655,5.7235,12.3273,-0.0392
0.4813,-2.5803,-8.7905,1.3614,-5.0071,0.073,-1.4456,-7.6352,7.7043,0.0521,-6.6828,-6.2243,6.409,11.7832,-1.9952
