x0,x1,x2,x3,x4,x5,x6,x7,x8,x9,x10,x11,x12,x13,x14
0.6181,-0.0114,4.8184,0.6056,0.9494,-0.9634,-0.8186,7.8943,2.4897,-4.446,1.1977,-1.7315,-4.4491,-7.6287,-5.79
0.4459,1.2316,7.5035,0.3898,2.1499,-0.8866,-0.4136,9.058,0.5286,-3.8703,3.3227,-0.5627,-5.0148,-9.1492,-4.1281
0.3783,2.4257,8.9288,-0.962,3.368,-0.98,0.0668,9.8831,-1.7252,-2.6992,4.1873,1.4383,-5.3856,-10.8474,-2.6114
0.5351,3.2522,9.8384,-1.5354,4.1397,-0.9405,0.8016,10.6407,-3.468,-1.1814,5.0833,3.4625,-5.5095,-11.2978,-0.7648
0.3351,3.7086,10.115,-2.1581,4.6066,-0.8199,1.7335,10.1673,-5.1782,0.5698,5.3571,4.7116,-5.0595,-11.1114,1.6109
0.0972,3.8565,10.1637,-2.0159,4.9935,-0.8671,2.4948,10.0227,-5.7763,2.1015,5.6961,6.0437,-4.873,-10.4628,4.1361
0.0429,4.2369,9.724,-2.1122,4.7426,-0.7893,2.9136,9.4892,-6.3178,3.7002,5.3034,6.681,-4.1009,-9.1156,6.1802
-0.1263,4.2881,9.0299,-2.0611,4.402,-0.6485,3.3108,8.0844,-6.9804,4.838,5.1689,7.2569,-3.2213,-7.8884,7.9915
-0.29,3.9764,7.9525,-2.1164,3.7807,-0.1904,3.3718,6.565,-7.2545,5.0675,4.8242,7.3686,-2.0682,-6.3673,8.926
0.001,3.723,6.4908,-2.2178,3.3242,-0.243,3.5741,4.0768,-7.5378,5.7881,4.2941,7.5016,-1.1709,-4.0116,9.6427
-0.2509,3.3145,4.7479,-1.9799,2.5949,-0.0298,3.456,2.0795,-7.0355,5.9872,3.2406,7.1032,-0.2666,-1.9328,9.4565
-0.313,2.6587,2.541,-1.9175,2.0407,-0.0224,2.5284,0.5606,-5.9742,5.8873,2.2319,6.4003,0.3283,0.1279,9.0915
-0.1645,2.2912,1.0574,-1.1661,1.3936,-0.1246,2.2778,-1.1012,-4.6688,5.2733,1.1882,4.4807,1.3642,2.1563,8.1644
-0.36,1.5255,-0.4283,-1.4772,0.7999,0.0025,2.1473,-3.3297,-3.6244,5.103,0.1908,4.1037,1.8648,3.9734,7.089
-0.3312,0.6693,-2.7649,-1.0448,-0.0822,0.3399,1.8136,-5.4645,-2.5869,4.9267,-0.8988,3.3275,2.8883,5.6466,6.005
-0.3409,-0.1018,-4.8232,-0.3759,-1.316,0.54,1.6721,-6.4178,-0.8928,4.1121,-2.3194,2.3491,3.5227,7.113,4.6651
-0.3303,-1.1623,-5.8499,-0.4686,-2.5321,0.8064,1.106,-7.9275,0.3902,2.8378,-3.7259,1.4358,4.1289,8.3438,2.7698
-0.2886,-1.9177,-7.0145,0.0285,-3.0432,0.862,0.7615,-8.6693,1.6978,1.8733,-4.6754,-0.3599,4.2177,9.5127,0.9882
-0.4727,-2.6301,-8.2287,0.7112,-3.6489,1.1184,0.005,-9.2588,3.7883,0.1456,-4.9638,-2.3769,4.2663,9.7669,-0.828
-0.2661,-2.8933,-8.7495,1.081,-3.7307,1.3174,-0.3705,-9.8777,4.6479,-0.6346,-5.7371,-3.8248,4.2264,9.8796,-2.8352
0.0253,-3.3507,-9.165,1.5955,-4.0321,1.2685,-0.9353,-9.6576,5.4334,-1.659,-5.7988,-4.6388,3.999,9.3827,-4.6384
0.438,-3.4872,-8.8151,1.9543,-4.1952,0.6113,-1.4677,-9.1259,6.2503,-2.586,-5.9194,-5.2543,3.5589,8.4994,-6.2032
0.6462,-3.0181,-8.1305,2.0792,-4.2094,0.4224,-1.7091,-7.6693,6.616,-3.0276,-6.0687,-5.6638,2.9019,7.1028,-7.4028
0.3735,-3.0212,-7.1469,1.9667,-3.9735,0.3211,-2.0964,-6.8864,6.5182,-4.1435,-5.3163,-5.9708,2.3419,6.1205,-8.4153
0.3987,-2.8012,-5.9449,1.6357,-3.4575,0.2692,-2.0614,-5.4567,6.5676,-4.8096,-5.1652,-6.1113,1.6579,4.9889,-9.4028
0.4144,-2.602,-4.9844,1.8777,-2.9453,0.4658,-1.9788,-4.2476,6.1629,-4.8756,-4.4848,-5.7776,0.7334,2.955,-9.738
0.5436,-2.1312,-3.7973,1.684,-2.5233,0.3515,-2.0134,-2.3902,5.8405,-5.1777,-3.9494,-5.2179,-0.2522,2.2635,-9.8798
0.6871,-1.9883,-2.4136,1.2036,-1.9252,-0.3772,-2.005,-0.6983,5.251,-5.2613,-3.2685,-4.5449,-1.4613,0.6412,-9.3732
0.5866,-1.5664,-0.8294,1.138,-1.6796,-0.4527,-1.6528,0.7418,4.4215,-5.2554,-2.0696,-4.0212,-1.7637,-1.0842,-9.0579
1.0972,-0.8334,0.8027,0.9611,-0.6183,-1.1395,-1.4138,2.6393,3.8525,-5.1205,-1.3348,-3.17,-2.5979,-3.1451,-8.2047
0.7719,-0.0987,2.5325,0.5165,0.2486,-1.5382,-1.0534,4.6752,2.6313,-4.5165,-0.4131,-2.4143,-3.4848,-5.019,-7.1502
0.853,0.5994,4.4943,0.2794,1.2884,-1.4459,-1.0878,6.475,1.7446,-4.2687,0.9022,-1.4637,-3.9471,-6.6599,-5.8332
0.6543,1.1534,6.26,-0.1967,2.3167,-1.1236,-0.5675,7.9595,0.2243,-3.2156,1.8317,-0.1969,-4.8067,-8.2817,-4.9522
0.538,2.2066,7.652,-0.6513,3.273,-1.3421,-0.3131,8.9611,-1.2873,-2.1214,3.0634,0.7967,-5.0076,-9.2444,-3.0934
0.2323,2.9164,8.7274,-0.9205,3.8367,-1.2195,0.6014,9.8134,-2.793,-1.0419,4.0479,2.1495,-5.2743,-10.0426,-1.413
0.158,3.2172,9.647,-1.4269,4.2958,-1.0626,1.3099,10.0526,-4.0426,-0.3458,4.5421,3.8808,-5.2412,-10.5929,0.2064
0.291,3.6681,9.683,-1.6075,4.6888,-0.8867,1.9405,9.4603,-5.6064,1.0548,5.3105,5.0831,-4.8827,-10.4412,2.6494
0.1948,4.2,9.2121,-1.8213,4.845,-0.3944,2.4894,9.1245,-5.9056,2.4941,5.5274,5.9132,-4.5061,-9.6445,4.7356
-0.2454,4.1637,8.6729,-2.1229,4.7355,-0.1574,3.0765,8.2056,-6.3357,3.5346,4.9998,6.8205,-3.6481,-8.7521,6.1604
-0.055,3.7781,7.5983,-2.2296,4.4283,-0.0834,3.3497,7.2621,-6.2028,4.4624,4.4002,7.0453,-3.1331,-7.3678,7.2653
-0.1912,3.4162,6.9163,-1.984,4.1813,0.106,3.7703,5.6034,-6.5371,4.9431,3.968,6.8133,-2.2228,-6.2333,7.9404
-0.2449,3.276,5.7596,-1.1328,3.4261,0.4027,3.8919,4.4589,-6.0953,5.4269,3.8842,6.4344,-1.171,-4.6105,9.3171
-0.4501,3.12,4.2654,-1.3758,2.9241,0.5457,3.7317,3.0282,-5.8014,5.5713,3.3894,6.4121,-0.481,-2.7945,9.4749
-0.4694,2.8865,3.0614,-1.5156,2.5885,0.6412,3.6529,1.277,-5.2343,5.4589,2.2906,5.3476,0.1885,-0.8652,9.145
-0.5189,2.0064,1.356,-0.896,1.9312,0.8056,3.5529,-0.5072,-4.6876,5.6649,1.7738,5.0741,1.0293,0.8738,8.4924
-0.3747,1.7059,0.1367,-0.8065,1.0354,0.8868,3.4097,-2.0748,-3.781,4.5541,0.6232,4.5964,2.0572,2.2495,7.4711
-0.1772,1.2991,-1.3706,-0.6234,0.5877,1.0372,2.9366,-3.8912,-3.1047,4.3146,0.0313,3.3809,2.7092,3.8556,6.5059
-0.103,0.9165,-3.3233,-0.5892,-0.0888,1.2734,2.713,-5.7553,-2.172,4.3635,-1.1799,2.7598,3.368,5.4531,5.3964
-0.1215,0.1059,-5.6648,-0.445,-1.0609,1.3973,2.2831,-7.5577,-1.2055,3.8401,-2.5737,1.9701,4.0778,7.0291,4.7088
-0.1052,-0.818,-7.1698,0.0002,-2.3515,1.35,1.6284,-8.4245,0.4369,3.1865,-4.0481,0.9387,4.3075,8.6689,3.0133
-0.2467,-1.9179,-8.1343,0.5818,-3.0956,1.403,1.508,-9.0909,2.2975,2.1134,-5.5117,-0.8313,4.5263,9.7522,1.1555
-0.0812,-2.845,-9.1137,1.8048,-3.8448,1.2899,0.7993,-9.1279,3.692,0.7888,-5.9704,-2.6681,4.7007,10.1494,-0.5609
0.2032,-3.1883,-9.109,2.0144,-4.3679,1.1061,0.0995,-9.0924,4.8006,-0.3966,-6.1614,-3.9973,4.4901,9.7148,-2.6333
0.2406,-3.3688,-8.7693,2.2395,-5.1942,0.9598,-0.6647,-8.6708,5.678,-2.0683,-5.7994,-5.2491,3.8412,9.2978,-4.6801
0.5726,-3.0317,-8.1626,2.3975,-4.6705,0.6749,-1.4253,-8.1588,5.883,-3.7031,-5.5543,-5.2943,3.251,8.1542,-6.6556
0.6995,-2.9876,-7.5684,2.3204,-3.9358,0.5826,-1.9187,-7.3162,5.8065,-4.0704,-5.0328,-5.0321,3.0367,7.7031,-7.8194
0.8162,-2.5214,-7.6333,1.972,-3.9076,0.5197,-2.015,-6.7876,5.3884,-4.3047,-4.9559,-5.1378,2.3381,6.2311,-8.8094
0.9453,-2.5233,-7.128,2.2074,-3.1891,0.6086,-2.1969,-5.665,5.6709,-4.6089,-4.6476,-4.3729,1.54,5.3366,-9.4815
1.0998,-2.1444,-5.8966,2.0851,-2.8233,0.099,-1.7426,-3.9603,5.7868,-4.6003,-4.3829,-4.5339,0.4915,3.9299,-9.1343
1.1462,-2.0446,-4.6467,1.9602,-2.4995,-0.4231,-1.6978,-2.6936,5.456,-4.7891,-3.5817,-3.7598,-0.1579,2.1494,-8.9115
0.9093,-1.585,-3.5558,1.7903,-1.8723,-0.2987,-1.02,-0.6011,5.2292,-5.2981,-3.4164,-3.4701,-1.2536,0.5536,-8.9544
1.4149,-1.5757,-1.6192,1.6367,-1.3642,-0.3857,-0.8496,1.3329,4.5508,-5.1784,-2.3261,-3.1431,-1.8835,-1.2869,-8.3213
1.2308,-0.9702,0.2895,1.1961,-0.7612,-0.6179,-0.9394,3.9117,3.7275,-4.3509,-1.169,-2.807,-2.6404,-3.4067,-7.3949
1.0929,-0.1305,2.7897,0.649,0.0647,-0.5682,-0.79,5.5331,2.1885,-4.1308,0.0003,-2.0999,-3.3717,-5.8634,-6.3361
1.3281,0.8241,5.0428,0.5475,1.0976,-0.4994,-0.4521,7.6282,1.1475,-3.6279,1.4805,-0.7731,-4.0372,-7.1606,-4.9194
1.0702,1.8471,6.5765,0.0489,2.2821,-0.6861,-0.0957,7.9181,-1.0661,-2.3679,2.4245,0.2782,-4.6808,-8.6383,-3.4502
0.9971,2.8071,7.7345,-1.0291,3.3522,-0.7453,0.3811,9.4627,-2.7009,-1.4332,3.5135,1.3935,-5.0908,-9.1007,-1.7286
0.6078,3.3446,8.0588,-1.2189,3.7816,-0.0954,1.025,9.4708,-4.035,-0.2764,4.174,2.5971,-4.9878,-9.6657,-0.3643
0.5209,3.4361,8.2487,-1.3136,3.8809,0.3091,1.6021,9.166,-4.967,0.184,4.42,3.9392,-4.989,-9.7249,1.4104
0.4485,3.4996,7.7841,-1.165,4.1492,0.3832,2.2339,8.7761,-5.482,1.4143,4.6447,5.3141,-4.5518,-8.5297,3.2447
0.3083,3.5439,7.3532,-1.3136,3.7959,0.3383,2.7683,7.9052,-6.1455,2.3947,4.7587,5.9299,-3.7511,-8.103,5.2819
0.0601,3.7478,6.5469,-1.8289,3.7264,0.704,3.3502,6.8236,-6.3404,3.5495,4.3202,6.6039,-2.7427,-6.8827,6.3991
0.2093,3.3113,5.5972,-1.9846,3.4216,0.8,3.4577,5.7838,-6.0199,4.0402,3.654,6.8529,-1.9417,-5.7923,8.0273
0.5638,3.1254,4.9529,-1.7683,3.1915,0.5454,3.5652,4.4528,-5.6029,4.5802,3.1042,7.2196,-1.5522,-4.1959,8.1977
0.1649,2.773,3.7804,-1.344,2.5944,0.6451,4.0216,2.9771,-5.9446,5.4935,2.9899,6.8844,-0.7527,-2.7081,8.6848
0.0921,2.2977,1.8816,-1.3794,2.1555,0.7854,3.6816,1.9255,-4.9386,5.6533,2.1922,6.5782,0.4944,-0.962,8.6327
-0.0748,1.8902,0.7945,-1.1969,1.4237,0.9792,3.5202,0.1003,-4.3207,5.5524,1.1864,5.7942,1.3881,0.319,8.296
0.2329,1.5668,-0.322,-1.1014,0.6025,0.6219,3.1913,-1.5692,-3.5398,5.215,0.398,4.8359,2.2106,2.3937,7.5886
-0.0011,0.8479,-1.7197,-0.5808,-0.2315,0.793,2.913,-3.4376,-2.8898,4.6332,-0.0101,3.9927,2.7172,4.2403,6.8839
-0.1281,0.4069,-3.7079,-0.6791,-0.6762,1.0754,2.5455,-5.4539,-2.1864,4.2922,-1.3994,3.4935,3.6007,6.1105,5.9483
0.269,-0.1925,-5.5613,-0.2023,-1.6881,0.619,2.4349,-6.8415,-1.0846,3.7325,-2.539,2.4223,4.239,7.6842,4.9966
0.2618,-1.0511,-7.3401,0.133,-2.3945,0.7441,2.037,-8.0235,0.2596,3.1746,-3.6563,1.3565,4.8908,8.8888,3.4125
0.3114,-1.7387,-8.097,0.9274,-3.269,0.8859,1.5658,-8.8667,2.0504,2.1337,-4.3054,-0.0227,5.0929,9.754,2.0237
0.4906,-2.3186,-9.0522,1.1402,-3.3836,0.6521,0.9894,-9.6323,3.2364,1.5013,-5.2229,-1.7622,5.0003,10.0788,0.6137
0.5046,-2.9749,-9.8792,1.4528,-4.1081,0.4343,0.4282,-9.6932,4.6136,0.5116,-5.7511,-3.338,4.6546,10.1814,-1.2205
0.6434,-3.177,-9.4866,1.7713,-4.4236,0.731,-0.2248,-9.2544,5.8033,-0.5304,-5.9972,-4.5567,4.626,9.9224,-2.9793
0.7348,-3.2213,-9.2521,2.1197,-4.5175,0.5381,-0.9934,-9.0754,5.9103,-1.8577,-5.7601,-5.0853,4.8674,9.2075,-4.9205
0.9901,-3.4694,-9.1057,1.9155,-4.3337,0.4558,-1.3947,-8.7057,6.0686,-2.8522,-5.8832,-4.9872,3.9433,8.5305,-6.5173
1.0377,-3.3256,-8.4069,2.0876,-4.0087,0.3623,-1.5305,-7.5516,6.5756,-3.3321,-5.8402,-4.7525,3.0863,7.6336,-7.5944
0.9342,-3.3702,-7.5582,2.5181,-3.6776,0.4151,-2.0187,-6.002,6.6555,-3.8767,-5.0634,-4.8347,2.4906,6.1448,-8.0197
1.1239,-2.8045,-6.2722,2.4143,-3.3102,0.2466,-2.0515,-4.6109,6.2862,-4.3676,-4.064,-4.9454,1.5334,4.3591,-8.2795
1.178,-2.1161,-4.9031,2.3136,-3.0719,-0.021,-2.0452,-3.8927,5.2809,-4.7144,-3.6148,-4.6352,0.0425,2.7738,-8.6487
1.4943,-1.8494,-3.7879,1.7798,-2.3705,-0.1166,-1.7584,-1.8512,5.2799,-5.1518,-3.045,-4.4368,-0.8021,1.5776,-8.742
1.3378,-1.7051,-2.4866,1.5441,-1.4931,0.0723,-1.7409,-0.2523,4.5964,-4.7225,-2.3859,-4.0985,-1.2419,0.0975,-8.3641
1.1653,-1.2208,-0.9671,0.3951,-0.8491,-0.3515,-1.462,1.5079,4.1889,-4.2637,-2.334,-2.7873,-2.1173,-1.796,-7.7969
1.202,-0.5756,0.633,0.4209,-0.5041,0.0476,-1.1774,3.7651,3.566,-4.1682,-1.8554,-2.3187,-2.8017,-3.3925,-7.4713
1.3018,-0.165,2.8323,0.5461,0.1883,0.0229,-0.9462,5.6415,2.3938,-4.0709,-0.1698,-1.9717,-3.4281,-5.1972,-6.5224
1.2183,1.0722,4.8361,0.3204,1.2829,-0.0804,-0.7652,7.4511,1.0568,-3.1644,1.4291,-1.0292,-4.1892,-6.7021,-4.8543
1.2611,1.8501,6.5824,0.0109,2.2525,-0.1403,-0.2744,8.028,-0.7807,-2.3173,2.7717,0.5419,-4.4634,-8.4087,-3.0834
1.279,2.7493,7.7922,-0.6371,3.0933,-0.2263,0.1635,8.479,-2.7555,-0.9281,3.962,1.4086,-4.4286,-9.1654,-1.1388
0.8056,3.4185,7.7469,-1.185,3.9202,-0.2267,0.7089,8.7046,-3.9404,0.2452,4.5616,3.5112,-4.4547,-9.1157,0.9335
0.728,3.9807,7.869,-1.6551,3.9185,-0.5007,1.4523,8.7293,-4.9118,1.2529,4.615,5.2207,-4.2233,-9.1859,2.8672
0.5808,3.9018,7.4529,-1.8729,3.921,-0.4817,2.1762,8.43,-5.3963,2.0919,4.4639,6.2104,-3.6498,-8.6921,4.2259
0.4046,3.7326,7.1857,-1.691,3.9356,-0.2764,2.7982,7.996,-5.7894,3.4898,4.4404,6.8258,-3.205,-8.3616,5.7203
0.1959,3.8105,6.7258,-1.7536,3.8111,0.0681,3.2222,7.6535,-5.942,4.2356,4.4124,6.998,-2.704,-7.3174,7.1989
0.1975,3.4613,6.3234,-1.7297,3.3611,0.1892,3.4097,6.4699,-6.0515,4.7898,3.9839,6.9263,-2.0147,-6.1899,8.0269
0.1498,3.4398,5.5536,-1.5582,3.3999,0.4146,3.4155,5.3677,-6.018,5.4094,3.6742,6.9334,-1.6312,-4.4194,8.485
0.2539,3.1039,4.436,-1.6284,2.7589,0.7695,3.3237,3.6286,-5.9396,5.5468,3.1091,6.7407,-0.8045,-3.2017,8.5835
-0.0781,2.6699,3.115,-1.4578,2.3068,0.9349,3.3901,2.1579,-5.4027,5.5773,2.7541,5.9466,-0.0314,-1.7973,8.6266
-0.0341,2.0979,1.7703,-0.9753,1.69,1.318,3.3649,0.456,-4.9022,5.2339,2.1803,5.9009,0.4325,-0.3285,8.3915
-0.2693,1.616,0.1674,-1.1759,1.1502,1.862,3.2501,-1.3514,-4.3653,5.2282,1.3265,5.6581,1.7457,1.3418,8.0575
0.3778,0.9133,-1.0442,-0.8002,0.447,2.1012,2.8699,-3.6884,-3.5681,4.8298,0.5318,4.9907,2.9648,3.2993,7.318
0.3402,0.6476,-3.1418,-0.4936,-0.2053,1.6039,2.7106,-5.7081,-2.8144,5.0408,-0.6028,3.5892,3.6125,5.4877,6.4972
0.0658,0.1957,-5.8907,-0.2086,-1.0532,1.7268,2.2747,-7.1567,-1.3403,4.8873,-2.064,2.8945,4.4963,7.197,5.5052
0.2411,-0.9287,-7.6301,0.2262,-2.3009,1.7647,1.9698,-8.8248,-0.0291,3.9985,-3.6217,1.6072,4.9595,8.4349,3.7689
0.5412,-1.9236,-8.5649,0.8139,-3.4144,1.6906,1.5025,-9.5282,1.91,2.6473,-4.6528,0.044,5.2699,9.821,2.3159
0.5221,-2.4756,-9.2643,1.3244,-3.9991,1.5794,0.9198,-9.9163,3.4069,1.7601,-5.2047,-1.2605,4.9352,9.9601,0.4473
0.6309,-3.0139,-9.6597,1.9342,-4.512,1.4087,0.358,-9.7791,4.6377,0.1908,-5.6256,-2.5209,4.7774,9.9056,-1.4839
0.5649,-3.3318,-9.3906,2.2902,-4.5013,1.5805,-0.3285,-9.4623,5.2651,-1.1827,-5.5657,-3.713,4.5821,9.5325,-3.6146
0.7469,-3.0195,-9.0787,1.8777,-4.489,1.5111,-1.0775,-9.0766,5.5236,-2.1587,-5.725,-4.6803,4.4482,8.9025,-5.1493
1.0402,-3.5186,-8.5747,2.0311,-4.5356,1.0736,-1.5253,-8.6221,5.9268,-3.6629,-5.5779,-5.2392,3.8499,8.212,-6.82
1.0144,-3.4492,-8.3369,2.0732,-4.1884,0.9078,-1.6963,-7.4557,6.3276,-4.1179,-5.346,-5.2441,2.6207,7.1207,-8.1359
1.0775,-3.1752,-6.9748,1.932,-3.5468,1.006,-1.7873,-5.6171,6.8603,-4.6919,-5.1032,-5.6804,1.4351,5.2878,-8.9122
1.3999,-3.1785,-5.0566,2.0579,-3.0711,0.9567,-1.7825,-3.9412,6.3676,-5.1094,-4.0064,-5.2935,0.7373,3.1722,-9.1708
1.6122,-2.3418,-3.7532,1.9632,-2.4117,0.606,-1.9849,-2.1148,5.8191,-4.664,-3.1303,-4.8027,0.0343,1.6314,-8.9087
1.6683,-1.8327,-2.4194,2.1119,-1.7869,0.3519,-1.7068,0.0048,5.133,-4.3404,-2.2176,-3.6023,-1.0238,-0.0088,-8.3083
1.5164,-1.2237,-0.2878,1.7074,-1.1192,0.0645,-1.6142,2.3354,4.1414,-4.3847,-1.1492,-2.8834,-2.0891,-2.1681,-7.7124
1.5274,-0.5398,1.9609,1.0996,-0.4777,-0.2629,-1.4823,4.1183,2.6795,-3.9662,-0.0884,-2.1299,-2.5497,-4.2957,-6.6604
1.4104,0.2623,3.9291,0.7328,0.7841,-0.3549,-1.1138,6.09,1.45,-3.6831,1.1194,-1.2107,-3.6089,-5.913,-5.3151
1.6421,1.2602,5.8717,0.5014,1.8196,-0.5668,-0.703,7.4952,0.105,-2.8297,2.6045,-0.0589,-4.2206,-7.7744,-3.9016
1.4051,2.5511,7.0621,-0.1008,2.7831,-0.2222,0.0266,8.3591,-1.7876,-1.8726,3.5952,1.1709,-4.6421,-8.9005,-2.269
1.5261,2.6285,8.5636,-0.4931,3.5016,-0.1272,0.6796,8.9278,-3.1869,-1.0738,4.9785,2.9891,-4.9279,-9.595,-0.6058
0.975,3.7285,8.6397,-1.395,4.4032,0.2535,1.3739,8.7997,-4.9468,0.4121,5.2933,4.8542,-4.3414,-9.6748,1.272
1.1069,3.7375,8.3837,-1.3779,4.3075,0.2255,2.2431,8.7056,-5.7278,1.6634,5.2056,6.387,-4.1273,-9.2945,3.5031
0.9801,3.9922,8.1341,-1.6138,4.4004,0.7435,2.7735,8.3297,-6.1474,3.1376,5.5913,6.9005,-3.5891,-8.4988,5.9447
0.7992,3.641,7.6954,-1.5846,3.7014,1.0112,3.2916,7.0585,-6.6272,3.9091,5.5907,7.3502,-2.3552,-7.7774,7.4551
0.7333,3.4943,6.4424,-1.8123,3.2265,1.0048,3.4804,5.8521,-6.7286,4.6887,4.5996,7.4012,-1.8842,-6.1094,8.6406
0.6048,3.0636,5.4166,-1.5894,2.719,1.3338,3.4279,4.3543,-6.3328,4.9658,4.008,7.5086,-0.944,-4.6726,9.9948
0.3707,2.7196,3.7355,-1.6946,2.2797,1.3707,3.2976,3.2438,-5.8077,5.4839,3.3657,6.9976,-0.1517,-2.6702,9.9471
0.109,2.381,2.3889,-1.5139,1.7156,1.796,3.2917,1.4343,-5.4104,5.4192,2.5892,6.6184,0.4691,-1.4463,9.3865
0.2015,1.8511,1.2957,-0.8982,1.1762,1.8361,2.9159,-0.164,-4.7112,4.9324,1.7914,5.8171,1.4373,0.1053,8.5284
0.2022,0.9609,0.1338,-0.4936,0.6823,2.2963,2.5877,-1.3912,-3.9041,4.7779,1.4668,5.236,2.1959,1.8572,7.9872
0.3598,0.7819,-1.3237,-0.4789,0.4644,2.1949,2.5979,-3.9897,-3.8661,4.8445,1.0369,4.2259,3.1106,3.7451,7.5037
0.3305,0.4763,-3.729,-0.1193,-0.289,2.2022,2.4058,-6.1495,-2.9817,5.083,-0.2273,3.5911,3.741,5.6916,6.7932
0.6878,-0.1786,-5.6745,0.1237,-1.2686,2.1298,1.9195,-7.583,-1.423,4.6013,-1.6408,2.8748,4.6589,7.7358,6.0797
0.8432,-1.0837,-7.7178,0.4277,-2.4458,1.9611,1.6023,-9.0653,0.1032,3.946,-3.3367,1.5981,4.9199,9.3905,4.3356
0.752,-2.0893,-9.0277,0.8645,-3.461,2.0728,0.9838,-9.4708,2.1052,2.6802,-4.604,0.5415,5.1331,10.5901,2.569
1.0024,-3.0207,-9.4035,1.3514,-4.115,2.3202,0.2554,-10.2861,3.4643,1.1816,-5.0842,-1.1395,5.3947,10.6672,0.5576
1.1159,-3.184,-9.6764,1.7857,-4.4201,2.0974,-0.4162,-10.2761,4.8531,-0.0963,-5.7914,-2.4376,5.0398,10.8077,-1.5204
1.139,-3.5132,-9.592,2.144,-4.6921,2.1514,-1.0409,-10.0201,5.4671,-1.3771,-5.9603,-4.0463,4.657,10.5036,-3.7462
1.2467,-3.6267,-9.336,2.4207,-4.8972,1.9139,-1.7767,-9.2096,6.0819,-2.6546,-5.5286,-4.8044,4.442,9.9522,-5.2855
1.2317,-3.1992,-8.594,2.6098,-4.3996,1.8247,-1.9292,-8.7919,6.2277,-4.0746,-5.2252,-4.8492,3.7726,9.0289,-7.1281
1.1794,-3.0822,-8.5486,2.4814,-3.8283,1.7006,-2.2931,-8.1574,5.7741,-5.0274,-4.5865,-5.1074,3.2608,7.2919,-8.053
1.1844,-2.9643,-8.0092,2.4088,-3.5732,1.9282,-2.2818,-7.2458,5.9964,-4.5627,-4.5583,-4.3899,2.6181,6.4982,-8.6223
1.3878,-3.0707,-7.2127,2.3717,-3.3275,1.5917,-2.2524,-5.8597,6.125,-5.131,-4.0467,-4.353,1.4512,5.0886,-9.0316
1.6354,-2.6467,-5.9037,2.4123,-2.8634,1.2119,-2.2801,-4.4216,5.9712,-5.1568,-3.3621,-4.511,0.8577,3.8772,-9.2567
1.4985,-2.2598,-4.2072,2.12,-2.2953,1.0962,-2.3098,-3.016,5.4252,-5.3349,-2.9615,-4.2554,0.2763,2.3202,-8.9384
1.7402,-1.9341,-2.8788,1.7257,-1.7602,0.9314,-2.2158,-1.1081,5.1358,-5.6217,-1.6644,-3.7111,-0.7247,0.6966,-8.7524
1.5714,-1.4087,-1.3655,1.6796,-0.9909,0.6626,-1.9059,-0.0275,4.1533,-4.8185,-1.0723,-2.5082,-1.8174,-0.8884,-7.8823
1.3929,-0.947,-0.3038,1.2804,-0.3843,0.7547,-1.5162,1.6814,3.7037,-4.1566,-0.3389,-2.1856,-2.2012,-2.6844,-6.8563
1.4776,-0.3916,1.4981,1.0947,-0.0097,0.4431,-1.1943,3.4354,2.6678,-4.0998,0.2387,-1.0805,-2.7831,-4.3028,-6.0795
1.4193,0.3134,3.1601,0.9757,0.9587,0.5882,-0.8137,4.9796,1.6467,-3.3462,1.4665,-0.6632,-3.4031,-5.6471,-4.7051
1.5812,0.904,4.5694,0.9307,1.8657,0.4672,-0.3255,6.6487,0.6498,-2.681,2.8363,-0.0282,-4.213,-6.7536,-3.3972
1.363,1.784,6.1248,0.6363,2.6625,0.2511,0.0429,7.7988,-0.6767,-1.7846,4.0242,1.261,-4.2402,-8.1033,-1.4906
1.3627,2.9156,7.008,0.0584,3.3274,0.0171,0.5846,8.464,-2.2388,-1.0167,4.5679,2.6361,-4.2845,-8.8131,0.3325
1.4974,2.9322,7.8609,-0.5019,3.772,0.042,1.2607,8.3181,-3.6818,-0.1974,5.0469,4.1405,-4.3304,-9.2944,2.0135
1.5966,3.3911,8.1632,-1.0137,3.9193,-0.1719,1.8935,8.6297,-4.8368,1.0744,5.2995,5.4987,-3.9337,-9.0457,3.8556
1.2985,3.5416,8.0898,-1.1576,4.2518,-0.2714,2.1772,8.2668,-5.2421,2.7059,5.2024,6.4129,-3.6104,-8.4242,5.7023
1.1484,3.5794,7.6798,-1.2812,4.0244,-0.0975,2.5803,7.8673,-5.8941,3.7956,5.2903,6.8503,-3.6723,-7.5597,7.0909
0.8945,3.6852,6.9055,-1.5404,3.8089,0.4031,2.9809,6.7694,-6.218,4.4663,4.7492,7.5538,-2.8993,-6.6893,8.2989
0.8511,3.1518,6.5542,-1.3576,3.3642,0.5017,3.3134,6.1568,-5.8657,4.5432,4.3488,7.3503,-2.1575,-5.4024,9.1219
0.6537,2.8955,5.614,-1.2175,3.1349,0.777,3.3264,4.7936,-5.9511,5.0837,4.3514,6.7621,-1.3233,-4.2499,9.5406
0.6046,2.952,4.2413,-1.1093,2.4338,0.9302,3.4278,3.1387,-5.7901,5.2483,3.6123,6.7228,-0.6889,-3.0446,9.4948
0.4708,2.0907,2.8486,-0.9301,2.1148,1.1713,3.25,1.7626,-5.1588,5.5858,2.6624,6.1887,-0.0725,-1.4864,9.4215
0.2235,1.6927,1.4493,-0.7215,1.6201,1.4832,3.1131,0.391,-4.3682,5.6222,1.9827,5.6777,0.5867,-0.0851,8.8843
0.529,1.2397,0.5461,-0.5803,1.1541,1.6468,3.0332,-0.4301,-4.1978,5.4746,0.7923,4.8152,1.5215,1.0953,7.9717
0.6787,1.143,-0.6196,-0.0635,0.5031,1.4803,2.8728,-1.7108,-3.3567,5.0504,0.378,3.69,2.0013,2.7145,6.8346
0.7186,0.4514,-1.7697,0.2533,-0.3746,1.6211,2.4051,-3.3162,-2.3634,4.369,0.3177,3.2302,2.6947,4.0248,6.2896
0.5405,0.0484,-3.6624,0.1929,-0.907,1.7432,2.0243,-5.2892,-1.8679,4.4288,-0.7324,1.5296,3.4751,5.4625,5.4024
0.6413,-0.4083,-5.2016,0.4054,-1.835,1.6077,1.8051,-6.7319,-0.6208,3.8312,-1.8126,1.1744,4.1369,6.5656,4.7335
0.727,-1.2921,-6.5301,0.6562,-2.9644,1.6636,0.988,-7.6226,0.8065,3.1599,-3.0029,0.4383,4.4575,8.0457,3.6361
0.6308,-1.9912,-7.3436,0.8879,-3.6782,1.7334,0.4851,-8.5067,2.2761,1.7937,-3.8225,-0.8283,4.5179,9.0168,2.1157
1.4237,-2.5716,-6.7426,1.5948,-4.0458,1.1767,-0.0534,-8.4355,3.748,0.9667,-3.8399,-2.3272,4.8328,9.6175,0.4888
0.9714,-2.9889,-7.576,2.0427,-4.0352,1.105,-0.6873,-9.2144,3.4848,0.6999,-4.0588,-3.2216,4.5175,9.5902,-0.8989
1.0314,-2.9552,-8.3826,2.1997,-4.0696,1.0146,-1.3459,-9.2842,4.1219,-0.0014,-4.5674,-3.9408,4.2787,9.718,-2.8476
1.592,-2.885,-8.6743,2.3938,-4.2487,0.4851,-1.4477,-8.7965,5.1998,-1.3051,-4.1415,-4.4313,4.2124,9.4957,-4.4101
1.6035,-2.931,-8.1715,2.0516,-4.0624,0.6193,-1.7652,-9.0152,5.3452,-2.5134,-5.0574,-4.429,3.298,8.3791,-6.2062
1.4961,-3.1116,-8.0725,2.2037,-3.732,0.554,-2.0215,-7.2949,6.4836,-3.3037,-4.5001,-4.3442,2.5026,7.5101,-6.9643
1.554,-2.899,-7.0178,2.2141,-3.5983,0.3171,-2.1071,-5.9601,6.4223,-3.6649,-4.486,-4.6785,1.7939,5.8041,-7.7909
1.5033,-2.677,-5.9921,1.8688,-3.3135,0.1899,-1.912,-4.1876,6.4297,-3.9272,-4.1872,-4.7838,1.1537,4.3428,-8.4383
1.3743,-2.5085,-4.1513,1.7781,-2.798,0.1867,-1.889,-2.6194,6.2716,-4.2799,-3.5355,-4.5887,0.5817,2.931,-8.4674
1.4425,-2.1424,-2.7596,1.1539,-2.3127,0.3802,-1.7998,-0.6279,5.5898,-4.562,-2.9606,-4.2232,-0.1807,1.1108,-8.3444
1.8188,-1.436,-0.9999,1.2006,-1.7327,0.0506,-1.6035,0.7752,4.4459,-4.4704,-1.668,-3.6781,-0.953,-0.6506,-7.8012
1.2915,-0.9866,0.3261,1.2079,-0.9618,0.0094,-1.2825,2.667,3.446,-4.103,-0.5434,-3.1123,-1.7218,-2.0536,-6.8762
1.5079,-0.3158,2.2186,0.7837,0.3588,-0.1815,-0.7523,4.4436,2.4601,-3.6011,0.4216,-1.7433,-2.757,-3.8804,-5.2945
1.7649,0.4375,4.087,0.4942,1.1913,-0.4743,-0.1375,6.1272,1.5632,-2.5048,1.6917,-0.5207,-3.5027,-5.2151,-4.1318
1.6728,1.3133,5.8144,0.216,1.9821,-0.4604,0.1695,7.088,0.2,-1.6222,2.952,0.5295,-3.8242,-6.8034,-2.4015
1.5219,2.4149,6.8589,-0.1852,2.8548,-0.3635,0.5669,7.8458,-1.3854,-0.7338,3.7269,1.7932,-3.7228,-7.5338,-0.8048
1.4319,2.8489,7.3584,-0.9784,3.4713,-0.2144,1.2306,7.9054,-3.2084,0.2705,4.4,3.452,-3.6272,-8.008,0.808
1.2819,2.9973,7.259,-1.2336,3.5467,-0.0368,1.7331,7.7172,-4.5043,1.4291,4.7439,4.1482,-3.4885,-7.8123,2.8564
1.2563,3.1652,7.3551,-1.4683,3.3602,0.1298,2.3045,7.1996,-4.8961,2.2952,4.7869,5.2646,-3.207,-7.1822,4.4556
1.1815,3.2552,6.8938,-1.4307,3.2573,0.3777,2.7194,6.3199,-5.2913,2.544,4.7737,6.07,-2.3382,-6.8158,5.9806
0.5873,3.3019,6.005,-1.6695,3.201,0.5521,3.0551,5.7119,-5.407,3.5047,4.6866,6.4156,-1.9438,-5.5658,6.8711
0.534,2.8166,4.9769,-1.5289,2.7904,0.2618,3.2317,4.5804,-5.2179,3.5861,4.4498,6.5699,-1.1898,-4.5758,7.3521
0.6744,2.6967,4.4762,-1.4745,2.5462,0.4224,3.084,3.6165,-4.8789,4.313,3.3484,6.0875,-0.7419,-3.0822,7.7622
0.7392,2.1089,3.3735,-1.221,2.2313,0.4472,3.2672,2.5086,-4.6498,4.2148,2.7113,5.799,-0.2387,-1.9983,7.8308
0.7327,1.8021,2.5336,-1.1199,1.887,0.4986,3.0244,1.3337,-4.229,4.8531,1.9428,5.7514,0.4641,-0.94,7.96
0.5227,1.3519,1.3603,-1.0689,1.2501,0.4124,2.9438,0.6389,-3.7645,4.948,1.5278,4.8971,0.9078,0.425,7.6538
0.4632,0.6818,0.3501,-0.8518,0.6936,0.221,2.8181,0.1945,-3.0286,4.1242,1.009,4.2519,1.245,1.888,6.8741
0.3465,0.1649,-0.0357,-0.3758,0.3293,0.6985,2.5497,-1.4158,-2.6937,3.5985,0.6344,3.0038,1.9845,2.7818,6.1408
0.7078,-0.1942,-0.8712,0.0582,0.036,0.7727,2.7925,-3.8492,-2.3985,3.3381,0.244,2.8075,2.4227,3.9086,5.4493
0.6245,-0.3635,-3.0162,0.3265,-0.5066,1.1943,2.51,-5.4059,-2.1664,3.7831,-0.529,2.4068,3.2787,5.2128,4.548
0.6049,-0.7516,-4.9697,0.2978,-1.3461,1.3781,2.3395,-6.5821,-0.8342,3.5403,-1.3169,1.5752,3.7115,7.2378,4.0894
0.2504,-1.4613,-6.297,0.547,-2.1534,1.5252,2.1413,-8.0009,0.2348,2.9982,-2.1179,1.0181,4.1843,8.2035,3.15
0.5168,-2.1157,-7.6403,1.0252,-3.0022,1.6195,1.6756,-8.9265,1.8839,1.9072,-3.5417,-0.1821,4.4002,9.0574,1.8022
0.6905,-2.8827,-8.4064,1.4943,-3.6622,1.4947,1.2075,-9.133,3.2516,1.2227,-4.83,-1.4766,4.5386,9.4798,0.327
0.8317,-3.5761,-8.4899,1.8095,-4.0664,1.4863,0.6262,-8.6937,4.674,-0.0452,-4.7727,-3.0302,4.3635,9.4352,-1.5219
0.9213,-3.7824,-8.1978,2.0143,-4.2107,1.3538,-0.2064,-8.9114,5.4012,-1.4189,-4.6764,-3.808,4.3098,8.8819,-3.2683
0.939,-3.8541,-8.2191,2.2353,-4.1272,1.3841,-0.8239,-8.3529,5.4238,-2.7153,-4.5076,-4.615,3.9442,8.3122,-5.5094
0.7892,-3.8345,-7.7993,2.421,-4.0927,1.1742,-1.4248,-7.8293,5.6956,-3.6579,-4.1089,-4.8847,3.1179,7.5062,-6.2866
0.8274,-3.6236,-7.4457,2.3918,-3.8302,1.4028,-1.6951,-6.4196,6.1159,-4.3602,-4.1213,-4.5726,2.4092,6.2368,-7.62
1.1705,-3.641,-6.2161,2.0915,-3.6319,1.2294,-1.5265,-5.06,5.6197,-4.5832,-3.669,-4.6721,1.7889,4.8836,-8.4578
1.4402,-3.1424,-4.8028,1.9183,-3.2109,0.9804,-1.7277,-3.7595,5.0314,-5.1508,-3.5169,-4.409,1.0979,3.8201,-8.667
1.3555,-2.7479,-3.8353,2.0956,-2.4269,0.8918,-1.4374,-2.5736,4.5699,-4.7835,-2.4205,-4.2347,0.4869,2.5913,-8.3795
1.4175,-2.3812,-2.6321,1.8247,-1.6146,0.7027,-1.4284,-1.6273,4.0348,-4.2663,-1.2678,-3.7487,-0.3382,1.2489,-7.6011
1.4427,-1.8654,-1.6497,1.6968,-1.142,0.5839,-1.3815,-0.4862,3.383,-4.2583,-0.5097,-2.8371,-1.5788,-0.3911,-7.0334
1.4363,-1.2194,-0.6152,1.614,-0.5019,0.868,-1.1702,1.1387,2.8097,-2.808,-0.0707,-2.1992,-1.9243,-1.5077,-6.1072
1.3454,-0.5812,0.997,0.965,0.0377,0.5814,-0.5671,2.6177,2.0885,-2.9271,0.138,-1.3528,-2.5604,-3.0085,-5.393
1.43,0.1037,2.6188,0.7738,0.7535,0.4335,-0.3919,4.432,1.2303,-2.8687,1.0113,-1.015,-2.7206,-4.4204,-4.3221
1.2686,0.8124,4.1854,0.3726,1.5257,0.3746,-0.2008,5.3148,0.1258,-2.6899,2.3336,-0.3912,-3.2363,-5.7254,-3.599
1.2755,1.5127,5.2383,0.2276,2.2899,0.344,0.1246,6.2442,-1.0724,-1.9912,3.3929,0.4241,-3.8251,-6.5492,-2.1486
1.3562,1.9695,6.1268,-0.0899,3.3097,0.0232,0.4859,7.0517,-2.2218,-0.7888,3.847,1.9392,-4.0557,-7.3267,-0.743
1.1869,2.6595,6.6035,-0.9366,3.6124,-0.0404,1.2316,7.4599,-3.347,0.0918,4.0884,3.1071,-3.9935,-7.8671,0.7596
0.9941,2.7788,7.1541,-0.7456,3.8854,-0.3228,1.8389,7.7068,-3.9375,0.8701,4.7367,4.0382,-3.8951,-7.6642,2.6207
0.8724,2.5527,7.3961,-0.8629,3.8609,-0.2199,2.4458,7.4899,-4.9749,1.9002,5.0201,5.1091,-3.2666,-7.0473,4.1444
0.8743,2.9426,7.2255,-1.1992,3.8997,-0.1103,3.0006,6.6509,-5.6171,3.3571,4.7117,5.6511,-2.697,-5.9869,5.9966
0.9204,2.592,6.6983,-1.4311,3.6942,-0.0268,3.2366,6.3884,-5.7825,4.2356,4.5625,6.0332,-1.9963,-5.6569,7.0751
0.512,2.6434,5.9343,-1.0884,3.3215,0.2741,3.0489,5.1246,-6.0972,4.6417,4.094,6.1198,-1.2577,-4.4774,7.9804
0.8368,2.2705,5.0007,-1.2088,2.9407,0.4996,3.3505,3.5426,-5.7746,4.679,3.4893,5.8316,-1.1172,-3.2641,8.2929
0.8196,1.5852,3.8291,-1.0233,2.811,0.5911,3.3411,2.2721,-5.404,5.3608,3.1198,5.3136,-0.4744,-1.7662,8.4123
0.6943,1.8332,2.762,-0.9752,2.1543,0.3518,3.2998,1.6785,-4.6799,5.6385,2.5857,5.2634,0.0218,-0.7447,8.5485
0.487,1.4917,1.8986,-0.5865,1.5303,0.5442,3.0257,0.7754,-4.2431,4.9382,2.1335,4.8115,0.9304,0.449,7.9518
0.9776,1.2921,1.3769,-0.6399,1.0961,0.3067,2.7504,-0.4241,-4.04,4.7486,1.928,4.2558,1.4389,1.4712,7.3868
0.775,1.1448,-0.0559,-0.551,0.7071,0.3923,2.6505,-1.7154,-3.5848,4.742,1.5385,3.8197,1.9326,2.9791,6.7219
0.6857,0.694,-1.0517,-0.5619,0.2799,0.6068,2.4706,-3.1292,-2.9021,4.3426,0.758,3.033,1.9773,4.5649,6.5139
0.3884,0.2722,-2.4909,-0.1694,-0.2,0.7461,2.248,-5.0218,-2.3365,3.9968,-0.1618,2.2156,3.0258,5.8441,5.6486
0.3836,-0.3664,-4.461,-0.6438,-0.5908,0.5118,2.0191,-6.5416,-1.344,4.1338,-1.5866,1.702,3.8524,7.2341,4.4844
0.6292,-1.514,-5.615,-0.1302,-1.6882,0.5375,1.7307,-7.5443,0.1609,3.3027,-3.0152,0.8107,4.4162,8.3765,3.3377
0.8134,-2.1648,-6.3244,0.3974,-2.5796,0.3812,1.4355,-7.6879,1.7756,2.5369,-4.1079,-0.4045,4.5466,9.0922,1.8326
0.6327,-3.0273,-6.9216,0.9891,-3.0668,0.5288,1.0067,-8.0191,2.8418,1.548,-4.0884,-2.1693,4.3926,9.2079,0.2678
0.722,-3.4018,-7.1151,1.7522,-3.2853,0.455,0.87,-8.2426,3.4331,0.6092,-4.1758,-2.9708,4.0386,9.1366,-0.7392
0.4739,-3.706,-7.5813,2.1062,-3.4972,0.3585,0.4189,-7.7921,4.0518,-0.177,-4.0688,-3.9183,3.7613,8.797,-2.2508
0.5581,-3.5882,-7.1548,2.4243,-3.6832,0.3319,-0.1575,-7.4428,4.5132,-1.3382,-4.3937,-4.3877,3.4722,8.2611,-3.8174
0.9025,-3.6601,-6.6289,2.4154,-3.4898,-0.048,-0.7984,-6.1523,5.2264,-2.3333,-3.9773,-4.9106,3.0881,7.4316,-4.8699
1.098,-3.2727,-5.717,2.8025,-3.3261,-0.0418,-1.0125,-5.246,5.2784,-2.9682,-3.5299,-5.0908,2.2371,5.5655,-5.813
0.9461,-2.9987,-4.75,2.2382,-2.859,0.0762,-1.3349,-4.237,4.8585,-3.7411,-2.6891,-5.0077,1.5181,4.1821,-6.3658
1.0989,-2.5513,-3.9071,2.1105,-2.4415,0.1512,-1.278,-2.8679,4.8083,-4.1554,-2.3411,-4.455,0.5601,3.072,-6.6988
1.1549,-2.5223,-2.4289,1.9784,-1.6875,0.2305,-1.4678,-1.9598,4.0948,-3.9796,-1.3273,-4.2085,-0.0615,1.4073,-6.716
1.2027,-1.8202,-1.2437,1.9268,-1.1301,-0.0859,-1.4442,-1.3149,3.3162,-3.6605,-0.6201,-3.9129,-0.7084,0.1291,-6.2621
1.0741,-1.287,-0.9248,1.393,-0.6217,-0.14,-1.317,0.4399,3.0317,-3.3329,-0.4474,-3.0119,-1.924,-1.0368,-5.9162
1.1801,-0.8078,0.5741,1.3255,-0.3483,-0.3508,-1.0407,2.4286,2.7278,-3.5412,0.0746,-2.3247,-2.491,-2.7026,-5.2258
0.9305,-0.4492,2.1946,1.2114,0.125,0.0308,-0.8987,4.2579,1.8988,-3.7226,0.9837,-1.923,-3.0379,-4.2353,-4.7347
1.0197,-0.0385,3.7461,1.2745,0.6219,0.0134,-0.7383,5.573,1.0815,-3.9673,2.0772,-1.1935,-3.5441,-6.019,-4.5518
1.0594,0.5127,5.8036,0.9796,1.8524,-0.0641,-0.4307,7.3095,0.1485,-3.2602,3.3742,-0.0876,-4.2827,-7.3815,-3.5192
0.9584,1.3981,7.3567,0.3567,2.7692,-0.1417,0.0248,8.0398,-1.6286,-2.2146,4.1995,0.8732,-4.8977,-8.7271,-2.4163
0.6743,2.0653,8.3176,-0.1208,3.7832,0.2349,0.631,8.5735,-3.2183,-1.2689,5.2569,2.241,-4.9315,-9.1977,-0.6218
0.599,2.8135,8.1938,-0.8122,4.1647,0.1727,1.2292,8.6316,-5.0548,0.3566,5.6307,3.6459,-4.6632,-9.3846,0.9893
0.5198,3.2645,8.1242,-1.2062,4.2741,0.0845,1.9641,8.6604,-5.0337,0.9463,5.6153,5.142,-4.3323,-9.1874,2.8557
0.5437,3.1523,8.3914,-1.7183,4.4672,-0.2302,2.4867,8.8934,-5.2798,2.0745,5.442,5.645,-4.2573,-8.6561,4.6107
0.3229,3.2012,8.4361,-1.494,4.0768,0.1517,3.0309,7.6576,-6.3596,3.1931,5.3523,5.4487,-3.1297,-8.0811,6.0176
0.2617,3.1326,7.6809,-1.0376,4.1544,0.3261,3.2802,6.6555,-6.6136,4.6489,5.6678,6.3529,-2.4931,-6.361,7.5538
0.0808,3.2047,6.8926,-1.2471,3.8345,0.5574,3.4835,5.441,-6.7404,5.3909,4.9712,6.3987,-1.9285,-5.2173,8.4475
-0.2355,2.8129,5.7086,-1.5675,3.2335,0.7295,3.6192,3.9176,-6.6207,5.4745,4.4261,6.2954,-1.3027,-3.9147,9.0416
-0.1799,1.8067,4.3192,-0.8665,2.785,0.7143,3.6213,1.8596,-6.3556,6.2659,3.8454,6.4475,-0.8669,-1.8579,9.3949
-0.2087,1.6943,2.9187,-0.522,2.2802,0.7563,3.5245,1.079,-5.5618,6.2899,3.0742,5.1214,0.0602,-0.3011,9.247
-0.3512,1.3599,1.5855,-0.4107,1.3407,0.7936,3.3696,-0.6135,-4.919,5.7206,2.5229,4.4432,0.818,0.9356,8.7117
-0.1856,0.9071,0.3355,-0.294,0.4753,1.2364,3.1972,-2.1002,-4.0866,5.157,1.703,3.9072,1.9375,2.7056,7.8704
-0.3289,0.6586,-1.0443,-0.2241,-0.0219,1.1409,2.8602,-3.9996,-3.1754,4.495,1.007,3.0397,2.7844,4.5576,6.5073
-0.1233,0.12,-2.9151,-0.0138,-0.6712,1.0665,2.6214,-5.7049,-2.4688,4.0887,0.1636,2.7525,3.515,5.7146,5.4988
-0.0788,-0.5056,-4.1068,0.5452,-1.6352,1.2178,2.1137,-7.5022,-1.4462,3.1391,-0.8952,1.6692,3.5761,7.0046,4.3219
0.0376,-1.443,-5.7708,0.8584,-2.1732,1.3499,1.8188,-8.1803,-0.1234,2.6333,-2.2491,0.7759,3.9302,8.4621,3.0808
-0.0176,-2.5651,-6.9122,1.2444,-2.8805,1.4745,1.4868,-8.7958,1.3324,1.9661,-3.2225,0.0319,4.193,9.2902,1.4456
0.199,-3.1248,-7.9863,1.6974,-3.5555,1.4753,1.0125,-9.4021,2.7198,1.1439,-4.0724,-1.699,4.4203,9.7199,0.1156
-0.2236,-3.3953,-8.2089,2.4311,-3.9206,1.6984,0.3243,-9.7436,3.7484,0.1968,-4.4619,-3.43,5.0551,10.2095,-1.5998
0.1418,-3.6973,-8.0318,2.9137,-4.1334,1.8416,-0.4795,-10.2002,4.3554,-1.1668,-4.4239,-4.5723,4.4252,9.8016,-3.3083
0.5675,-3.4918,-8.2975,2.9856,-3.9981,1.3757,-1.3618,-9.5907,4.7745,-1.9475,-4.4306,-5.101,4.0877,9.457,-4.805
0.6475,-3.7432,-8.0567,3.4036,-3.9956,1.2471,-1.6753,-9.2487,5.2915,-2.6404,-4.2475,-5.3601,3.5519,8.6298,-6.1605
0.8962,-3.2058,-7.5826,3.1133,-3.931,1.0607,-1.7259,-8.0904,5.6882,-3.3923,-4.4474,-5.7112,3.0395,8.144,-7.3236
0.5706,-3.2142,-6.9771,2.8593,-3.4534,1.0294,-1.7911,-7.4544,5.8161,-3.9323,-4.0182,-5.5515,2.1388,6.8724,-7.7925
0.7486,-3.2093,-6.0446,2.8443,-3.2166,1.0353,-1.8651,-6.4776,5.7685,-4.5367,-3.6549,-5.3082,1.5786,5.2245,-8.6151
0.7952,-3.1403,-5.1203,2.6846,-2.899,0.8011,-1.9913,-5.0395,5.2964,-4.8237,-3.1108,-5.2299,1.3681,3.6648,-8.9863
0.9597,-2.8997,-4.2231,2.2837,-2.5067,0.5224,-1.9368,-3.8897,4.9555,-5.621,-3.0029,-5.0926,0.7543,2.3298,-9.1133
1.0796,-2.6534,-3.2316,2.3912,-1.8265,0.4411,-1.8831,-2.0994,4.7996,-5.1774,-2.2806,-5.0414,-0.1186,1.3818,-8.7214
0.9804,-2.2596,-1.6102,2.4416,-1.2807,0.2422,-1.5119,-0.8888,4.1831,-4.9415,-1.5929,-4.1472,-1.1529,-0.2063,-8.3159
1.2652,-1.8602,-0.4513,2.1284,-0.7645,-0.1176,-1.3738,1.1428,3.681,-4.2764,-0.7623,-3.6343,-2.1792,-1.9744,-7.3799
1.0447,-1.3497,1.4741,2.1853,-0.3549,-0.2552,-0.9666,2.904,2.3754,-4.2027,0.1834,-3.1174,-2.8968,-3.8584,-6.5052
1.0131,-0.9098,3.485,1.9838,0.3835,-0.4118,-0.5431,5.0823,2.0227,-4.0409,1.4192,-2.184,-3.6945,-5.3436,-5.8244
1.0398,-0.0003,5.5723,1.4044,1.6337,-0.3067,-0.1462,6.3134,0.3913,-3.3422,2.7139,-1.609,-3.7335,-7.0527,-4.95
1.2861,0.8767,7.2305,1.196,2.7884,-0.1878,0.2855,7.0141,-1.3891,-2.2881,4.4773,-0.2394,-4.0992,-8.2188,-2.8976
1.0532,2.3581,7.8527,0.8054,3.465,-0.2673,0.6057,7.4041,-3.2137,-0.8736,5.3932,1.6848,-4.5055,-9.0397,-0.9271
1.1794,2.3157,8.3931,0.3761,4.0316,-0.7781,1.546,8.2605,-4.3074,-0.512,5.3047,3.4682,-4.3346,-9.1807,0.6955
0.9259,2.8118,8.4654,-0.7338,5.2676,-0.2786,2.1694,7.9677,-5.4046,1.7794,5.1011,4.647,-4.1567,-8.8891,2.7316
1.4571,2.9395,8.4537,-0.6779,5.0137,-0.6629,2.8831,8.3602,-5.4105,3.24,5.3333,5.0755,-3.9647,-8.3429,4.6357
1.1588,3.313,8.6716,-0.6595,4.8643,-0.3613,3.4655,7.9909,-5.9635,4.5442,5.5711,5.7327,-3.2139,-7.8156,6.5552
0.7726,3.1513,8.2664,-0.6433,4.3272,-0.4819,3.7596,7.0886,-6.6502,4.9069,5.6473,6.0284,-2.6944,-7.04,8.1782
0.3293,3.068,6.8169,-0.8151,4.2147,-0.0792,3.8435,5.7556,-6.8954,5.4459,5.1621,6.2325,-1.896,-6.2249,8.9723
0.376,2.4945,5.8871,-0.577,3.5276,0.1862,3.5354,4.505,-6.4508,5.3073,4.7074,6.1449,-1.2907,-4.9337,9.3221
0.4961,2.0777,4.9114,-0.4963,3.1523,0.5047,3.2459,3.0693,-6.1929,5.4277,3.9073,5.89,-0.6138,-3.1734,9.211
0.0009,1.7759,3.616,-0.193,2.6212,1.1984,3.1513,1.5878,-5.9012,5.6979,3.8219,5.5201,0.2028,-1.7537,9.0014
-0.0042,1.3009,2.2256,-0.0611,1.8781,1.5134,3.0318,-0.1231,-5.3518,5.6571,3.039,5.1966,0.9035,0.1278,8.2578
0.3473,0.6716,0.7949,-0.1205,1.2792,1.6066,2.6754,-2.2024,-4.7158,5.009,2.1525,4.747,2.0282,1.6652,7.7603
0.3549,0.0757,-0.8566,-0.2557,0.7116,1.8625,2.4745,-4.2984,-3.9332,4.8088,1.2656,3.6861,2.782,3.885,6.9783
0.3425,-0.476,-3.0702,0.2868,0.033,1.6712,2.1779,-6.4177,-3.1147,4.6936,-0.0752,3.1903,3.4885,5.5627,5.9291
-0.01,-1.0565,-5.4091,0.5189,-1.0283,1.7196,2.0885,-7.761,-1.7091,4.2582,-1.6679,2.439,4.362,7.5115,4.6944
0.2253,-2.3309,-6.944,0.8641,-2.1992,1.6911,1.7779,-9.0445,-0.3019,3.3345,-2.7537,1.0805,4.8008,8.9894,2.6709
0.844,-3.28,-7.6711,1.3933,-2.6242,1.8791,1.1893,-10.126,1.3769,2.4273,-4.0527,-0.7313,4.7971,10.6785,1.1056
0.8078,-3.5162,-8.4871,2.1625,-3.2491,2.6792,0.3041,-11.5231,2.5327,2.024,-4.5609,-2.5075,5.2638,11.0667,-0.4013
0.9538,-3.8829,-9.559,2.2974,-3.7194,2.3299,-0.3197,-11.3534,3.8339,1.2107,-4.8718,-3.6993,5.0804,11.3748,-1.9411
0.657,-4.1419,-9.6692,2.413,-4.1916,2.1842,-0.9148,-10.9051,4.9386,-0.0548,-5.4759,-4.435,4.8757,11.2437,-4.0287
0.7817,-4.2434,-9.4882,2.5582,-4.1466,1.8847,-1.4946,-10.6492,5.5317,-1.6971,-5.6692,-5.4703,4.3199,10.4786,-5.9838
0.6406,-4.4683,-9.2483,3.357,-4.1126,1.541,-2.201,-9.9543,5.8276,-3.3348,-5.4696,-5.9826,3.7054,9.5948,-7.2466
0.8136,-4.2979,-8.8495,3.2111,-3.5732,1.0311,-2.2033,-8.5171,6.3919,-3.8996,-5.2615,-6.0951,2.5564,8.5012,-8.5709
1.0768,-4.2572,-7.5235,3.1948,-3.4423,0.8957,-2.6823,-6.8205,6.6583,-4.5339,-4.7941,-6.2813,1.8235,6.8735,-9.1934
1.2439,-3.9784,-5.9705,3.4291,-2.9467,0.8756,-2.4701,-5.6211,6.1485,-5.0573,-3.9062,-6.2172,0.9595,5.2157,-9.6661
1.5747,-3.5735,-4.2003,3.49,-2.3114,0.679,-2.2871,-4.0067,5.6086,-5.0685,-2.8821,-5.7229,0.4468,2.8823,-9.5697
1.0934,-2.7709,-3.3504,3.1307,-1.3384,1.032,-2.0065,-2.8938,4.5073,-4.7209,-1.1863,-5.0477,-0.2325,1.1584,-9.0469
1.3136,-2.1488,-2.2208,2.9264,-0.6416,0.7831,-1.7391,-1.4202,3.92,-4.1302,-0.9016,-3.9372,-0.8437,-0.3701,-7.839
1.1549,-1.7642,-0.6955,2.7245,-0.1493,0.7147,-1.3876,-0.0875,3.2142,-3.5832,-0.0243,-2.3724,-1.7208,-2.2836,-6.4218
1.1209,-1.3296,0.5454,2.5396,0.3427,0.8861,-0.9109,2.1951,2.311,-3.5287,0.5389,-2.2658,-2.4603,-4.0432,-5.8534
0.8977,-0.6706,2.3069,1.5934,0.7596,0.7151,-0.6885,4.192,1.7302,-3.667,1.1452,-1.5812,-2.8344,-5.5283,-5.3032
1.0579,-0.2828,4.5358,1.7037,1.636,0.8513,-0.4416,5.2694,0.3188,-3.4777,2.7227,-0.6219,-3.0084,-6.8297,-4.1549
1.0162,0.6738,5.7972,1.3572,2.551,0.738,-0.0957,5.6228,-1.3591,-2.2759,3.4861,0.3089,-3.3857,-7.7232,-2.7603
1.046,1.3283,6.4721,0.8862,3.3285,0.6135,0.26,6.9024,-2.3235,-0.9698,4.2164,1.336,-4.046,-8.0528,-1.208
0.7891,1.8361,7.381,0.8601,4.0487,0.7358,0.8391,7.316,-3.5425,-0.5447,4.9255,2.6953,-4.3409,-8.3542,-0.274
0.7447,2.1216,7.8691,0.1702,4.2345,0.7369,1.455,7.6578,-4.7124,0.5173,5.6458,3.9058,-4.2814,-8.5409,1.449
0.9908,2.5449,8.1253,-0.4479,4.5144,0.7375,1.9208,7.3609,-5.5395,1.5565,5.3386,4.9586,-3.878,-8.1835,3.4531
0.8766,2.4437,7.9683,-0.2604,4.5661,0.7676,2.5036,6.4143,-6.5589,3.0823,5.7654,6.1563,-3.7589,-7.224,5.4097
0.6343,2.5783,7.3157,-0.5784,4.6689,0.8138,2.8248,5.5776,-6.8251,4.139,5.1996,6.3572,-2.8303,-6.0168,6.7494
0.5153,2.244,6.1316,-0.6876,4.3273,0.9289,3.2971,4.5203,-6.558,4.9767,4.6668,6.4627,-1.812,-4.7303,8.0458
-0.1254,1.9178,4.8598,-0.6182,3.9189,1.1219,3.4108,3.5591,-5.9682,5.3651,4.06,6.3597,-1.0465,-3.4206,8.4082
-0.0468,1.521,4.0148,-0.1877,3.2544,1.3598,3.4075,2.3667,-5.361,5.2693,3.3052,5.8782,-0.3161,-2.4185,8.9367
-0.1946,1.3488,2.5796,-0.2249,2.7813,1.4489,3.3112,1.1249,-4.9611,5.1587,2.7795,5.6161,0.557,-1.5528,8.6275
-0.0516,0.3851,1.8174,0.0462,1.9788,1.4685,3.2997,-0.0539,-4.4033,4.6475,2.238,5.137,1.4141,-0.3661,7.9231
0.0571,0.3686,0.639,0.1673,1.6435,1.1376,3.0973,-1.7296,-4.2178,4.8645,1.7352,4.988,2.1874,1.1128,7.5329
-0.0426,-0.0235,-0.8929,0.5601,1.1351,1.5633,3.1301,-3.5314,-3.6833,4.5405,0.8851,4.1189,3.1498,3.084,6.4574
0.1877,-0.3012,-2.5396,0.8581,0.6267,1.8176,2.8225,-5.9966,-3.0388,4.3873,0.2443,2.9471,2.986,4.6047,5.9418
0.4314,-1.1488,-5.0452,0.8237,-0.2006,1.5137,2.4392,-6.557,-1.5122,4.3023,-1.335,2.0217,3.9121,6.575,5.244
0.5373,-2.07,-6.1456,0.8733,-1.3622,1.5031,2.1583,-7.9959,-0.3905,4.0324,-2.6827,0.8181,4.6623,7.9459,4.0223
0.5572,-2.4974,-7.2033,1.3765,-2.0233,1.3695,1.5978,-8.617,1.4592,3.0811,-3.7884,-0.3847,4.7568,9.1278,2.4039
0.4751,-3.3031,-7.6908,1.8917,-2.5303,1.4031,1.0552,-9.2264,2.5567,1.7999,-3.8533,-1.99,4.8165,9.3901,0.7674
0.3261,-3.4099,-7.9,2.6479,-2.9947,1.3906,0.357,-9.2253,3.5994,0.9096,-4.0986,-2.7537,4.3505,9.4264,-0.3307
0.6601,-3.8187,-7.7499,3.1198,-3.2185,1.0537,-0.2982,-8.9787,4.296,-0.2892,-4.085,-3.9569,3.9866,9.2361,-1.8954
0.8199,-4.0205,-7.5798,3.255,-3.6296,1.0057,-0.6189,-8.7761,4.5668,-1.4544,-4.3613,-4.5892,3.9053,8.3753,-3.9171
0.6941,-3.6976,-7.5378,3.2058,-3.3474,1.1978,-0.8302,-8.1349,4.9281,-2.8495,-4.1383,-4.7972,3.5997,8.0946,-5.4075
0.9503,-4.0329,-6.8959,3.3495,-3.0269,0.8598,-1.27,-7.676,5.0961,-3.5652,-3.7935,-4.7637,3.3304,7.2807,-6.4663
0.9125,-3.436,-6.4832,3.2531,-2.5878,0.6897,-1.8714,-6.4974,5.0661,-3.3348,-3.5746,-5.0399,3.2285,5.805,-6.9848
1.0248,-3.436,-5.4585,3.3381,-2.061,0.7027,-1.948,-5.625,5.1963,-3.516,-2.6171,-4.7901,2.1306,4.5062,-6.7785
1.0614,-2.9301,-4.6237,2.8854,-1.8715,0.5597,-1.8781,-4.573,4.7142,-3.8427,-2.5727,-4.2267,1.3673,3.3254,-7.0878
1.0906,-2.7807,-3.8494,2.8261,-1.5293,0.3865,-1.7796,-3.3066,4.3192,-3.7036,-2.1139,-4.0471,0.764,2.0379,-7.2249
0.9788,-2.2879,-2.9345,2.5342,-1.2058,0.3917,-1.6468,-0.598,5.2547,-3.9435,-1.5478,-3.9013,-0.21,0.8363,-6.7595
0.8565,-2.1183,-0.8158,2.3468,-0.7204,-0.3958,-1.4907,0.5748,3.951,-4.4909,-1.2406,-3.1816,-1.0654,-1.2387,-6.428
1.2765,-1.7647,0.5116,2.4163,0.031,-0.4654,-1.3504,2.7728,3.0715,-4.0689,-0.2215,-2.9029,-1.9045,-2.6147,-5.6725
1.3593,-1.0752,2.6763,2.3862,0.7733,-0.5737,-0.9298,4.4051,1.919,-3.251,1.2479,-2.0311,-2.8856,-4.7145,-4.7148
1.2989,-0.1883,4.4991,1.4459,1.711,-0.7984,-0.6807,5.9672,0.7306,-2.9792,2.2965,-1.038,-3.6471,-5.946,-3.7651
1.1344,0.7859,5.9678,0.9183,2.2189,-0.5758,-0.2479,6.7187,-0.7709,-2.6316,3.1698,0.1993,-3.7572,-7.4479,-2.8831
0.9309,1.8019,7.1919,0.2667,3.0862,-0.594,0.2536,7.318,-2.346,-1.5907,3.9666,1.3328,-3.8737,-8.0185,-1.2357
0.8998,1.9735,7.5983,0.0467,3.8134,-0.2675,0.8258,7.5095,-3.5083,-0.8748,4.6706,2.7647,-3.9896,-8.564,0.2504
0.9144,2.9344,7.8813,-0.1216,3.9576,-0.3544,1.1188,8.0176,-4.4035,0.1342,5.001,4.1315,-3.7384,-8.5187,1.7999
0.8709,2.8809,8.1107,-0.2942,4.462,-0.3757,1.8128,7.651,-5.2557,1.0825,4.8215,4.8108,-3.0867,-8.3997,3.5503
0.3057,2.724,7.8387,-0.1514,4.4217,-0.0849,2.4139,7.0908,-6.2139,2.3872,4.9651,4.9638,-2.6185,-7.9134,4.8696
0.4415,2.2504,7.4155,-0.0278,4.1986,0.2383,2.9088,6.37,-6.152,3.0867,5.22,5.6685,-1.9912,-6.8456,6.3267
0.4582,2.4485,6.8814,-0.1314,3.9164,0.3716,3.2262,4.8183,-6.4654,4.3616,5.171,6.302,-2.0059,-5.4871,7.6851
0.3894,2.4086,5.823,-0.2273,3.4197,0.667,3.33,3.5111,-6.5725,4.9928,4.8169,6.2384,-1.1386,-4.2529,8.6734
0.33,2.2822,4.3629,-0.4347,3.3499,1.0464,3.4077,1.9968,-6.3409,5.0305,3.6481,6.2093,-0.2423,-2.7994,8.9742
0.2008,1.6716,2.8932,-0.1605,2.7636,1.1736,3.5114,0.9992,-5.4083,5.3248,3.0511,6.0143,0.4282,-1.3554,8.876
0.0825,1.4357,1.4834,-0.1649,2.1456,1.1727,3.3103,-0.1898,-5.0925,5.4233,2.002,5.4648,1.2609,-0.0504,8.4576
0.2593,0.5856,0.6143,0.3231,1.2969,1.0992,3.0984,-1.2564,-3.9229,4.8426,1.6349,4.2964,2.3907,1.5625,7.9942
0.3584,0.3165,-0.1206,0.1744,0.8936,0.8559,2.611,-2.8861,-3.4034,4.8488,0.5149,3.5316,2.8625,3.2523,7.2643
0.2671,-0.2713,-1.8259,0.5893,0.7952,0.9834,2.4872,-4.5594,-2.8808,4.5676,-0.1947,2.5507,3.1502,4.8009,6.1664
0.3051,-0.8706,-3.5648,1.0403,-0.1949,1.2172,2.2052,-6.432,-1.9486,4.1949,-1.2682,1.812,4.1385,6.1874,5.5237
0.5635,-1.6554,-5.4612,1.3587,-1.1779,1.0281,2.0008,-7.6537,-0.7839,4.1092,-2.4717,0.5569,4.4829,7.5842,4.6078
0.4107,-2.3671,-7.136,1.9585,-2.4275,1.1462,1.4817,-8.6537,0.6596,2.9954,-3.3124,-0.5177,4.8003,8.6375,3.2365
0.4381,-2.9072,-7.6307,2.3956,-2.9829,1.3128,0.9789,-8.7578,2.6835,1.2354,-4.2403,-1.8955,5.0038,9.4825,1.5457
0.3283,-3.5129,-7.8673,1.8849,-3.5639,1.1923,0.3356,-9.4427,3.4727,0.3006,-4.7804,-3.5979,5.2865,9.8202,-0.5505
0.6577,-3.8704,-8.1935,2.8851,-3.8465,1.3272,-0.0969,-9.6814,4.2708,-0.9616,-4.8015,-4.6796,4.5332,9.8034,-2.6004
1.0003,-3.9934,-8.2865,3.1591,-3.9039,1.4123,-0.8226,-9.4667,5.0092,-2.1484,-4.7374,-4.8658,4.1291,9.1392,-4.2668
1.1901,-3.7111,-7.932,3.3564,-3.8858,1.1513,-1.5191,-8.9719,5.4366,-2.7812,-4.5083,-5.5139,3.7793,8.2403,-5.3617
1.3851,-3.8362,-7.5268,3.4086,-3.998,0.7905,-1.8419,-7.9986,5.6396,-3.9411,-3.7003,-6.5631,3.2973,7.1692,-6.2991
1.5593,-3.5937,-7.3133,3.6753,-3.6927,0.4508,-2.1797,-7.366,5.7009,-4.1118,-3.8023,-5.4754,2.6857,6.4178,-7.2061
1.8441,-3.7561,-6.5088,3.4214,-3.6431,0.1591,-2.2378,-6.2997,5.6892,-4.7025,-3.4656,-5.303,1.746,4.9819,-7.9524
1.6725,-3.2701,-5.2828,3.3839,-3.2177,0.0428,-2.4311,-4.724,5.6479,-4.7649,-3.1811,-5.1884,1.1838,3.8298,-8.4029
1.676,-2.8049,-4.1028,3.3798,-2.3489,-0.2149,-2.5351,-2.7897,5.5692,-4.9479,-2.5958,-4.9306,0.3439,2.2079,-8.451
1.7732,-2.4541,-2.3405,3.1197,-2.0075,-0.3784,-2.616,-1.1341,5.0096,-5.0335,-1.2675,-4.921,-0.9462,0.4229,-8.0811
1.6063,-1.8133,-0.9526,2.71,-1.2887,-0.3907,-2.1519,0.3532,4.3663,-4.7413,-0.6953,-4.4918,-2.0958,-1.1908,-7.5479
1.607,-1.3891,0.8266,2.4117,-0.4136,-0.5795,-1.9174,2.5527,3.5673,-4.4133,-0.2679,-3.7202,-2.7387,-3.6582,-6.8323
1.4073,-0.7478,2.7689,1.898,0.0495,-0.0822,-1.5554,4.656,2.3523,-4.1046,0.5418,-2.6864,-3.1532,-5.5828,-6.2055
1.3809,-0.2617,4.9948,1.9648,0.9734,-0.3666,-1.3641,6.6205,1.2135,-4.1585,1.9911,-1.9722,-4.0995,-7.2129,-5.0557
1.4278,0.7708,6.8298,1.6137,2.114,-0.538,-1.0443,8.0479,-0.1734,-3.0594,3.7157,-0.6358,-4.7472,-8.523,-3.5465
1.3338,2.1142,8.1302,0.8128,3.35,-0.4386,-0.3002,8.2261,-2.2565,-1.8916,4.7698,0.7966,-5.0265,-9.452,-1.7254
1.3114,2.5216,8.6081,0.435,3.8852,-0.4091,0.2535,8.8606,-3.8173,-1.0379,5.4458,2.4949,-4.6767,-10.2039,0.3451
1.4139,2.8916,8.1544,0.1115,4.4501,-0.3854,0.9508,9.1714,-4.7783,-0.2433,5.333,4.3281,-4.3005,-10.3359,1.8821
1.2178,2.9849,8.661,0.056,4.6596,-0.0101,1.7212,8.8456,-5.2814,0.999,5.5739,5.0807,-3.8883,-9.8138,3.9011
1.055,2.9438,8.8255,-0.2317,4.7364,0.0761,2.4072,8.5766,-5.6505,2.7376,5.9536,5.7306,-3.3497,-9.1423,5.9402
0.6896,3.1962,8.702,-0.542,4.3988,0.3181,2.8808,7.154,-6.7414,4.0176,5.5942,6.1933,-2.7179,-8.3434,7.8504
0.4943,2.9433,7.61,-0.3121,4.2418,0.5887,3.1504,6.2735,-6.879,4.6033,5.5788,5.731,-1.8903,-7.0875,8.9823
0.5668,2.5644,6.402,-0.2192,3.7835,0.8127,3.3222,5.1568,-6.7616,5.1086,4.6641,6.1289,-1.1707,-5.6948,9.2991
0.5462,2.3519,5.3724,-0.0866,3.2894,0.8957,3.2224,3.9508,-6.5099,5.6976,4.2342,5.8722,-0.9579,-4.1313,9.9038
0.3902,1.9571,4.4928,0.1152,2.7722,0.98,3.056,2.3857,-6.1341,5.7515,3.5642,5.7423,-0.0189,-2.5481,10.3686
0.5027,1.7881,3.2201,-0.0605,2.3999,1.1342,3.193,0.8861,-5.7609,5.651,3.4066,5.6036,0.8658,-0.4631,10.1376
0.2067,1.2027,1.8459,0.0014,1.967,1.6149,2.8586,-1.2869,-5.4327,5.7861,2.3162,5.2259,1.8314,0.7437,9.6846
0.2242,1.2213,0.2216,0.3056,1.1495,1.4814,2.6633,-3.0368,-4.4768,5.7895,1.4928,4.4446,2.8495,2.7982,8.8999
0.2027,0.3301,-1.4686,0.2745,0.0196,1.5671,2.3895,-5.2167,-3.7518,5.2944,0.1557,3.6639,3.5758,4.543,7.68
0.4952,-0.4171,-4.0624,0.7324,-0.6571,1.3743,2.0809,-6.8084,-2.6121,4.5297,-1.1307,2.3682,4.2456,6.412,6.2562
0.4881,-1.3791,-5.7049,1.1712,-1.5586,1.7937,1.7516,-8.1885,-0.7797,3.528,-2.4717,1.0681,4.888,7.9641,4.8746
0.4424,-2.3175,-7.1443,1.9678,-2.2788,1.745,1.2953,-9.3936,0.5363,3.1816,-3.512,0.3483,5.4334,9.3505,3.2042
0.4912,-3.0417,-8.3632,2.2757,-2.9682,1.7488,0.8123,-10.157,2.1234,2.0169,-4.4478,-1.1765,5.0921,9.5533,1.8215
0.4847,-3.5424,-9.2075,2.6169,-3.518,1.7421,0.1905,-9.9189,3.7215,1.4197,-5.1929,-2.8683,5.27,10.3509,0.3432
0.5467,-3.9838,-9.5565,3.1526,-3.9132,1.3935,-0.5752,-10.3216,4.2637,0.1693,-5.6142,-4.072,5.1974,10.677,-1.8231
0.6992,-3.9938,-9.394,3.3008,-4.0833,0.9865,-1.2831,-9.6499,5.643,-1.3049,-5.6564,-5.2343,4.6912,9.7915,-3.7586
1.0432,-4.8917,-8.6598,3.6203,-4.1122,0.5238,-2.0554,-9.0329,6.3854,-3.0648,-5.1716,-5.2231,4.4195,8.5131,-5.3479
1.1304,-4.2445,-7.4251,3.8084,-3.5679,0.5093,-2.3287,-7.8016,6.5479,-3.2452,-4.74,-5.3934,3.3571,7.3219,-6.4963
1.2062,-3.8543,-6.3304,3.7118,-3.1834,0.467,-2.4297,-6.4971,5.9836,-3.7712,-4.5002,-5.7707,2.749,5.7239,-7.1401
1.2322,-3.7375,-5.5804,3.4215,-2.6952,0.4138,-2.539,-5.2299,5.4729,-4.0165,-3.8369,-5.9198,1.5594,3.6448,-7.2187
1.2884,-3.1305,-4.6642,3.2788,-2.166,0.4563,-2.3309,-3.5675,5.3006,-4.028,-3.3225,-5.493,1.0791,2.3831,-7.249
1.1992,-2.9163,-2.901,3.202,-1.7935,0.6226,-2.1106,-2.306,4.9738,-4.5012,-2.5963,-4.6062,0.3869,0.6902,-7.3131
1.224,-2.5778,-2.0315,3.1898,-1.4044,0.4669,-1.7427,-0.3808,4.416,-4.313,-1.738,-4.0363,-0.593,-0.7454,-7.0607
1.2481,-2.3444,-0.2123,3.5026,-1.0488,0.4642,-1.6059,1.1916,3.5092,-4.5623,-0.6895,-3.138,-1.2307,-2.6607,-6.5476
1.3579,-1.4789,1.4638,3.1192,-0.2347,0.3464,-1.4353,2.6785,2.3407,-4.1812,0.5334,-2.9178,-1.6848,-4.2713,-5.564
1.6135,-1.0008,3.2572,2.8497,0.8009,0.1946,-1.2883,3.9089,1.2383,-3.495,1.7943,-1.8074,-2.9665,-5.3824,-4.4941
1.5551,0.0995,4.5824,2.2369,1.7108,-0.0619,-0.9146,5.1016,0.1311,-2.5134,2.5609,-0.6741,-3.6936,-6.4705,-3.1129
1.1354,1.1054,5.5846,1.8452,2.7505,-0.3467,-0.5072,5.4534,-1.4106,-1.6267,3.6323,1.0323,-3.5903,-7.5275,-1.4593
1.126,1.5878,6.1017,1.4509,3.3226,-0.9037,0.0445,6.6566,-2.5926,-0.9482,4.1622,2.5027,-4.0346,-8.1243,0.0524
0.9892,1.9394,6.8605,0.8743,3.78,-0.5841,0.585,7.4277,-3.2803,0.0178,4.7282,3.8161,-4.1888,-8.99,1.5196
0.992,2.2667,7.1776,0.4698,3.9132,-0.7071,1.711,8.1608,-4.0324,1.0597,4.8785,4.5754,-3.9261,-8.7168,2.8793
0.6395,2.3486,7.6272,0.2094,4.1467,-0.4531,2.5477,7.7371,-5.0158,2.2389,4.7647,5.5081,-3.5317,-8.4482,4.6406
0.6246,2.2336,7.6957,0.653,4.016,-0.9589,2.6947,7.652,-5.5273,2.8821,4.6887,6.0139,-2.5175,-8.1083,6.6246
0.4286,2.4643,7.2569,0.3881,4.2151,-0.5235,3.0955,7.0898,-6.0808,3.9604,4.7262,6.0782,-2.0091,-7.4272,7.6255
0.2337,2.5328,6.8936,0.4716,3.8357,-0.1586,3.2857,6.0939,-6.1703,4.7218,4.9509,6.1194,-1.5575,-6.5425,8.4833
0.3129,2.348,6.0191,0.4186,3.4749,0.138,3.2378,5.3607,-6.1039,4.7655,4.9576,6.3278,-1.0172,-5.3273,9.2475
0.2528,2.4299,5.0375,0.2032,3.2123,0.2254,3.252,3.3449,-6.3101,5.2729,3.7711,6.2073,-1.0968,-4.2615,10.2099
0.4047,1.947,3.9604,0.4686,2.663,0.3704,3.0761,2.8143,-5.3165,5.361,3.4146,6.3743,-0.3386,-2.6307,9.921
0.1317,1.9515,3.0532,0.7421,2.3105,0.5998,2.9862,1.6747,-5.2127,5.444,3.0006,5.7931,0.2278,-1.9086,9.5763
0.0451,1.297,1.9317,0.6957,1.8562,0.785,2.7982,0.5325,-4.7397,5.0318,2.3304,4.9926,1.207,-0.6153,9.0558
-0.0349,0.7732,0.8559,0.9222,1.4877,1.1294,2.831,-0.9255,-4.24,4.894,1.7098,4.7313,2.217,0.6088,8.5612
-0.0872,0.2,-0.2918,1.0744,0.9221,1.3366,2.4775,-2.4587,-3.7799,4.8085,0.9435,3.9578,3.042,2.2668,8.6747
0.1591,-0.0312,-1.7262,1.5337,0.2646,1.2685,2.1672,-4.0857,-2.9305,4.6784,0.1107,3.3048,3.5623,3.7929,8.0125
0.2574,-0.4667,-3.233,1.8135,-0.4622,1.3093,1.8008,-5.7328,-2.1478,4.398,-0.777,2.6182,4.1677,5.3933,6.9852
0.2997,-1.1136,-4.8448,1.9653,-1.2298,1.0878,1.3007,-6.8831,-1.2088,3.7849,-2.0693,1.5228,4.9435,6.9975,5.8158
0.2984,-1.7483,-6.2563,2.4287,-1.9685,1.2754,0.8968,-8.0475,0.1416,3.4177,-3.1422,0.3416,4.941,8.0582,4.2064
0.4272,-2.6431,-7.9997,2.6482,-2.3716,1.3133,0.3799,-9.1767,1.2896,2.3792,-4.1579,-1.0534,5.2083,8.8404,2.5188
0.5069,-3.1697,-8.3876,3.078,-2.9223,1.5803,-0.1792,-9.3928,3.1902,1.5259,-4.4195,-2.1464,5.5104,9.3968,1.1625
0.3398,-3.6343,-8.6336,3.4547,-3.3173,1.6839,-0.7976,-9.669,3.7731,0.6244,-4.7382,-3.6252,4.8084,9.3811,-0.6173
0.4171,-3.867,-8.7604,3.7914,-3.7873,1.6335,-1.2979,-9.4194,4.752,-0.7084,-5.4057,-4.0273,4.42,9.1996,-2.7909
0.527,-4.0851,-8.6837,3.8265,-3.8235,1.465,-2.1675,-8.6735,5.4405,-2.3835,-5.2745,-5.0242,3.8041,8.141,-4.6717
0.7761,-4.0651,-7.773,3.8964,-3.6277,1.4008,-2.51,-7.2751,6.0296,-3.3769,-4.9321,-5.2852,2.8692,7.1987,-6.2085
0.806,-3.7608,-6.4583,3.9971,-3.2266,1.3295,-2.688,-5.8456,5.963,-4.0005,-4.2344,-5.0239,2.1634,5.5316,-7.1922
0.874,-3.2011,-5.4084,4.202,-2.6434,1.1778,-3.0063,-4.8155,5.4125,-4.3574,-3.4304,-4.7641,1.8656,4.0171,-7.919
1.1696,-2.8358,-4.3642,4.0152,-1.9644,0.9947,-2.5023,-3.8941,4.7302,-4.4837,-3.3088,-4.0354,1.1544,2.6906,-8.2187
1.2387,-2.396,-3.4655,3.9923,-1.5662,0.566,-2.3807,-2.2793,4.5231,-4.1859,-2.6007,-4.5274,0.629,1.3524,-7.6443
1.4344,-2.2874,-2.129,3.9039,-1.1581,0.3126,-2.1933,-0.341,4.3897,-4.225,-1.817,-4.3559,-0.2476,-0.1635,-7.077
1.1867,-1.5435,-0.6084,3.4985,-0.5014,0.2261,-1.765,1.1272,3.4178,-3.954,-1.1095,-3.4765,-1.2129,-2.2674,-6.2782
1.0959,-1.1045,1.0751,3.5775,0.2989,0.2899,-1.8383,2.7719,2.3518,-3.5964,-0.0544,-2.7308,-1.8871,-4.1946,-5.5423
1.2409,-0.5926,2.9221,3.589,0.7367,-0.0264,-1.5527,4.67,1.6237,-3.2127,1.1467,-1.2031,-2.6051,-5.796,-4.6037
1.1296,0.3831,4.3459,3.1745,1.5545,-0.1607,-1.0648,6.2921,0.1203,-2.7082,2.2604,-0.0547,-3.3533,-7.3838,-3.4287
0.9279,1.2862,5.8494,2.6339,2.5572,-0.2368,-0.4374,7.5654,-1.2168,-2.1064,3.0172,0.7605,-3.5649,-8.4212,-2.0765
0.8437,1.8554,7.2305,2.137,3.2067,-0.375,0.2395,8.5152,-2.5629,-1.4652,4.0272,2.1047,-3.5774,-9.3584,-0.7656
0.6007,2.4418,7.4499,1.372,3.7806,-0.1687,0.8076,8.5623,-4.0779,-0.252,4.6779,3.5777,-3.4812,-10.0293,0.8556
0.5718,2.3954,7.8025,0.7913,3.8226,0.149,1.477,8.8568,-4.668,0.5769,4.7429,5.2196,-3.3204,-10.0435,2.6315
0.4032,2.7764,8.3278,0.6877,4.0744,-0.0996,1.9316,8.8051,-5.4689,1.4232,4.6587,5.7395,-3.1073,-9.7564,4.542
0.5791,2.7886,8.3584,0.6892,4.0975,-0.0209,2.3546,8.3281,-6.1127,2.6472,4.9384,6.167,-2.7053,-9.0924,6.0301
0.4756,2.8924,8.292,0.8215,4.1618,0.0748,2.6364,7.5375,-6.4152,3.8099,5.1278,6.6219,-2.3746,-7.9156,7.4061
0.0894,2.8855,7.486,0.7224,4.0325,0.2722,2.8968,6.5348,-6.9533,4.7796,4.7488,7.1509,-1.8304,-6.9233,8.679
-0.0953,3.0104,6.9541,0.7016,3.7512,0.5072,2.9858,5.3827,-6.8956,5.4802,4.6541,6.6236,-0.8687,-5.7417,9.3985
-0.268,2.9654,5.547,0.7133,3.4709,0.8902,2.827,3.8534,-6.9985,5.7521,4.3149,6.5912,-0.4573,-4.4915,10.1172
-0.1444,1.7811,4.1177,0.8916,3.0127,0.667,3.1213,2.4121,-6.4104,5.8898,3.484,6.5295,0.3821,-2.8022,9.9262
-0.2081,1.6767,3.0901,0.986,2.5985,0.6108,2.9816,1.2937,-5.7256,5.8055,2.5529,6.2137,1.074,-1.2723,9.7537
-0.1773,1.2451,2.0067,1.8176,1.6873,0.6784,2.6823,-0.4786,-5.3144,6.282,2.2313,5.7754,1.8539,0.2728,9.4077
-0.3902,0.9241,0.0673,1.9481,1.0466,0.9632,2.4796,-2.2829,-4.8349,6.229,1.9206,5.2571,2.6315,2.2112,9.0819
-0.3871,0.2887,-1.431,1.858,0.2317,1.0483,2.2297,-4.0308,-3.7328,5.4516,0.5804,4.6487,3.2729,3.8207,8.0877
-0.2552,-0.3244,-3.1784,2.0161,-0.68,1.0756,1.7374,-5.6131,-2.7179,5.0117,-0.4013,3.5333,4.0694,5.3378,7.0383
-0.3203,-0.6673,-4.9432,1.7772,-1.4852,1.3513,1.4418,-7.0802,-1.7464,4.1843,-1.9604,2.6225,4.5148,6.9659,5.9763
-0.1068,-1.6814,-6.1625,2.4904,-2.2579,1.8842,1.0452,-8.297,-0.3085,3.3548,-3.3781,1.4265,5.1562,8.0663,4.1517
0.0031,-2.3941,-7.141,3.1677,-2.8578,1.7594,0.769,-8.8429,1.5136,2.6846,-4.3718,-0.301,5.2337,8.9717,2.4769
0.1492,-2.9829,-7.8229,3.4463,-3.2617,1.4118,0.4885,-8.8869,2.7711,1.9417,-5.0081,-1.9652,5.2558,9.059,1.0067
0.1486,-3.6464,-7.9997,4.1781,-3.8668,1.1159,-0.1337,-8.7025,3.8128,1.1533,-5.2329,-3.2775,4.9464,9.2046,-0.5307
0.4659,-3.7178,-7.6269,4.3529,-4.2012,0.7392,-0.8248,-8.3945,4.5444,-0.4804,-4.98,-4.0448,4.5455,8.5929,-2.2273
0.6783,-3.6871,-7.1231,4.8805,-4.2402,0.6289,-1.8682,-8.0514,4.6235,-1.6843,-4.6327,-4.2727,4.0596,7.7864,-3.7985
0.6521,-3.4507,-7.0867,4.9033,-3.9496,0.6136,-2.2336,-7.3815,4.8707,-2.7209,-4.5036,-4.5853,3.149,6.8491,-5.1942
0.8322,-3.0665,-6.6665,4.6619,-3.6307,0.6697,-2.4385,-5.8942,4.8777,-3.3895,-3.8361,-4.757,2.6221,5.6758,-6.1732
1.072,-2.833,-5.8529,4.516,-3.3914,0.6135,-2.5242,-5.512,4.7469,-4.0131,-3.5339,-4.1791,2.05,4.2774,-7.2574
1.2089,-2.602,-4.8561,4.3949,-2.8158,0.481,-2.6956,-3.9403,4.9735,-4.2567,-3.4883,-3.6408,1.3055,3.1655,-7.6936
1.3288,-2.5051,-3.681,4.1747,-2.7659,0.4435,-2.5673,-2.401,4.5907,-4.4233,-3.234,-3.1092,0.1697,1.3887,-7.9223
1.2362,-1.9152,-2.0592,4.2527,-2.1182,-0.1549,-2.4688,-0.3906,4.3579,-4.4294,-2.5324,-3.1432,-0.5691,-0.2775,-7.8977
1.2563,-1.5317,-0.5244,3.9685,-1.487,0.0365,-2.4755,1.666,3.6376,-4.6768,-1.4458,-2.6991,-1.6076,-2.0368,-7.4362
1.0169,-0.7923,1.3062,3.5702,-0.8483,-0.2682,-1.9825,4.267,3.1854,-4.0227,-0.5858,-1.9719,-2.724,-4.0098,-6.4741
0.9975,-0.4431,3.9937,3.1104,-0.0828,-0.0676,-1.6074,6.038,1.8661,-4.0851,0.5456,-1.3807,-3.1964,-5.9658,-5.9014
1.0387,0.4465,6.0626,2.7849,0.9851,-0.0141,-1.1944,7.6774,0.5049,-3.6488,2.0272,-0.1466,-3.6147,-7.5006,-4.5928
1.3654,1.5606,7.9535,2.899,2.1388,-0.3634,-0.6044,8.7694,-0.9069,-2.6613,3.6083,0.8103,-4.1769,-8.6665,-2.9567
1.2593,2.7707,9.0854,2.3282,3.5262,0.0639,0.0296,9.2506,-2.9286,-1.3356,4.9771,2.2633,-4.3143,-9.8225,-0.7258
0.893,3.3889,9.4011,1.7567,3.9427,0.056,0.787,9.9982,-4.5075,0.2376,5.0962,4.4692,-4.4233,-10.5254,1.3181
1.019,3.5014,9.9285,1.3264,4.3656,0.143,1.6929,10.0117,-5.3839,1.3283,5.889,5.7493,-3.9097,-10.5246,3.4382
1.0637,3.8916,9.9055,1.8186,4.3723,-0.1942,2.2804,9.582,-6.451,2.9875,6.1829,7.1175,-3.4205,-10.404,5.8539
0.9695,4.2315,9.723,1.3517,4.0989,-0.2706,2.7925,9.2067,-7.1851,4.4254,6.1135,7.5765,-2.8673,-9.2765,8.0728
0.6321,4.0917,9.2454,1.1144,3.7766,-0.1308,3.0305,8.1077,-7.5649,4.9134,6.1415,7.8938,-2.3582,-7.9896,9.2753
0.6389,3.8675,8.3266,1.1871,3.4686,0.0743,3.4076,7.05,-7.7082,5.3365,5.7457,8.282,-1.6225,-6.4397,10.4203
0.2971,3.8413,7.1572,0.881,3.5487,-0.0586,3.4016,5.3112,-7.6549,6.7929,4.7341,8.2938,-0.4706,-4.6359,11.0871
0.2707,3.2609,5.9747,0.7843,2.7592,0.2431,3.3513,3.3273,-7.4569,6.7862,3.9719,7.7508,0.0637,-2.9158,11.0634
0.1851,2.5948,3.9904,1.3871,2.171,0.453,3.2153,1.6221,-6.7202,6.5893,3.5499,7.5607,1.1596,-0.9163,11.1734
0.0671,2.1277,2.5387,1.2602,1.1659,0.3721,3.1249,-0.3075,-5.9819,6.6983,2.2813,6.7728,2.3946,0.8917,10.4722
0.4713,1.5215,0.9378,1.6935,0.3987,0.5055,2.6554,-2.5972,-5.29,5.9907,1.4362,5.7506,3.2056,2.9693,9.0127
0.2771,1.2005,-1.2761,1.7169,0.0588,0.6845,2.2785,-5.298,-4.5093,5.7263,0.1585,4.7796,4.1619,5.1555,8.1446
0.2737,0.4495,-4.0025,2.1356,-0.7874,0.8883,2.1189,-6.8177,-3.0792,5.5157,-1.0894,3.4752,4.6015,7.6591,7.239
0.4034,-0.5855,-5.9737,2.8052,-2.1285,1.1153,1.6826,-8.6282,-1.553,4.459,-2.5368,2.7848,5.3156,8.5896,5.9454
0.3539,-1.506,-7.5285,3.4038,-3.2157,1.2861,1.1749,-9.5068,0.1846,3.6091,-3.8889,1.1319,5.8524,10.2119,4.4797
0.5277,-2.9919,-8.627,3.7768,-4.158,1.1705,0.2912,-9.9871,1.8699,2.4818,-4.6811,-0.6214,6.0461,10.9311,2.1402
0.5508,-3.182,-8.9381,4.6172,-4.8006,1.2429,-0.3419,-10.1557,3.5195,1.3692,-5.2617,-2.1674,6.2745,11.4306,0.4326
1.0082,-3.294,-8.9941,4.7092,-4.9671,1.2765,-1.231,-10.4986,4.1254,-0.0014,-5.372,-3.3545,6.0188,11.2452,-2.2248
1.0802,-3.3642,-9.1481,4.8522,-5.1288,1.1199,-1.9002,-10.5159,4.9791,-1.5401,-5.4263,-4.2902,5.2104,10.9125,-4.4825
1.2768,-3.3176,-9.1566,4.8235,-4.8953,0.8043,-2.3934,-9.6511,5.6311,-2.7405,-5.5634,-4.3752,4.5701,9.9731,-5.5129
1.2904,-3.0985,-8.2347,4.9032,-4.1758,0.7042,-2.726,-8.4666,6.0078,-3.1598,-5.2248,-5.0936,3.7226,8.8384,-7.6619
1.3741,-2.8438,-7.5442,4.6224,-4.2419,0.4679,-2.6631,-7.139,6.6193,-4.0833,-4.8546,-4.731,2.7301,7.124,-8.1913
1.5868,-2.8477,-6.1653,4.4232,-3.5556,0.127,-2.9048,-5.3148,6.2428,-4.3058,-4.6372,-4.7093,1.9019,5.655,-8.7051
1.496,-2.5644,-4.5924,4.3082,-3.1749,0.1083,-2.9196,-3.2981,5.6996,-4.3187,-4.0533,-4.7352,1.1372,3.635,-8.5811
1.3045,-1.9574,-3.2066,4.1183,-2.6454,0.2134,-2.6786,-1.9654,4.8532,-4.4912,-2.9624,-4.5436,0.4037,1.7527,-8.3922
1.365,-1.6917,-1.5382,4.2301,-2.1706,0.131,-2.5388,-0.5633,4.1122,-4.5575,-2.1271,-3.2683,-0.45,0.0514,-7.7837
1.5451,-1.2156,-0.1567,3.9132,-1.3658,0.1286,-2.336,1.204,3.2607,-4.1028,-1.3893,-2.6918,-1.2962,-1.565,-7.0698
1.5386,-0.5593,1.8053,3.736,-0.7771,0.0693,-1.943,3.192,2.7358,-3.7447,0.1453,-1.7316,-2.1049,-3.5384,-5.766
1.4786,0.4455,3.9465,3.225,-0.0183,0.0242,-1.4936,5.1507,1.5634,-3.1002,1.3493,-0.4261,-2.8838,-5.7637,-4.7192
1.4868,1.2411,5.7279,2.9955,0.8673,0.2736,-0.3867,6.3668,0.1199,-2.5898,2.8359,0.4913,-3.3485,-7.02,-3.37
1.3609,2.0454,6.8169,2.4094,1.9928,0.1069,0.0986,7.0168,-1.5268,-1.3745,3.5604,1.9951,-3.4465,-7.9565,-1.5701
1.2029,2.8416,7.4204,2.0534,2.587,0.1425,0.4538,7.218,-3.5369,-0.1118,4.2615,3.4798,-3.4609,-8.6149,0.3329
1.1357,3.4253,7.4735,1.5148,3.0722,0.203,0.9276,7.791,-4.2511,1.2191,4.1574,5.0111,-3.8951,-8.4307,1.8263
1.0436,3.435,8.0882,1.2772,3.119,0.2008,1.4198,8.2881,-4.5674,1.9561,4.8166,6.071,-3.5513,-8.0862,3.8116
0.9609,3.5745,8.3131,1.0574,3.5719,0.3347,1.8852,7.8503,-5.4943,3.0785,4.4294,6.9289,-3.2656,-8.0133,5.5274
0.7993,3.6772,7.8525,1.0594,3.5099,0.4309,2.6028,7.5144,-5.9572,4.568,4.3826,7.1502,-2.9003,-7.364,6.932
0.7426,3.608,7.5175,1.0852,3.0749,0.6526,2.6924,6.7629,-6.335,4.8562,4.4172,7.2177,-2.2299,-6.7087,7.7609
0.4603,3.3775,6.9629,1.3173,2.658,1.2662,2.8214,5.2943,-6.8109,5.2111,4.2007,7.3374,-1.3346,-5.5664,8.704
0.1531,3.2158,5.6056,1.336,2.0344,1.3461,2.6908,3.8844,-6.5247,5.308,3.579,7.3762,-0.4647,-3.9822,9.0034
0.0508,3.0372,4.2895,1.202,1.4966,1.882,2.5692,2.3013,-6.344,4.9014,3.225,7.1519,0.3526,-2.3518,8.7328
0.4257,2.5293,2.9707,1.5538,0.9789,1.9242,2.483,0.7949,-5.7302,4.8688,2.454,6.7595,0.9024,-0.6855,8.3531
0.3492,1.8673,1.6778,1.4217,0.7811,2.2597,2.5623,-0.7267,-5.4124,5.2103,1.5678,6.1755,1.7508,1.0431,8.109
0.45,1.6352,0.3609,1.6556,-0.0706,2.3976,2.678,-2.6558,-4.5666,5.2818,0.9998,5.4801,2.7721,2.7981,7.6461
0.7849,1.0561,-1.6554,2.1272,-0.6473,2.4545,2.149,-4.6003,-4.0744,4.8584,-0.0913,4.9268,3.7856,4.7397,7.1807
0.8298,0.6712,-4.1022,2.4395,-1.6755,2.2759,1.9954,-6.6953,-2.9836,4.7002,-0.7641,3.55,4.6241,6.4179,6.0853
0.7014,0.0332,-5.8466,2.5056,-2.6549,2.3283,1.4522,-8.3683,-1.3026,4.2166,-2.8649,2.7823,5.1792,7.9686,4.731
0.8118,-1.1156,-7.4928,2.8904,-3.9126,2.5005,0.9339,-9.3542,0.1886,2.7561,-4.0585,1.2043,5.6659,9.1458,2.9605
1.0517,-2.0885,-8.6238,3.4213,-4.5457,2.5179,0.2098,-10.1799,1.9135,2.1659,-5.3618,-0.1619,5.6083,10.5389,0.9962
1.0477,-2.8329,-9.5274,3.8912,-5.2808,2.0835,-0.5947,-10.0792,3.4805,0.5763,-5.2075,-1.8358,5.6897,10.7286,-0.9693
1.0361,-3.1006,-9.5336,4.6986,-5.4169,1.7786,-1.4055,-10.0656,4.6027,-1.2911,-5.6943,-2.7992,5.3488,10.4671,-3.1269
1.5678,-2.9781,-8.9799,4.6385,-5.2187,1.3749,-2.1105,-9.7292,5.2862,-2.1692,-5.4743,-4.0509,4.9464,9.4555,-5.4769
1.5822,-3.0416,-8.5197,5.1912,-5.2835,1.449,-2.5535,-8.934,5.7281,-3.1881,-6.1129,-4.3188,4.6467,8.386,-7.5153
1.8933,-2.9178,-7.3472,4.9181,-4.7823,1.397,-2.8728,-7.5095,6.0292,-4.3025,-5.274,-4.9472,3.3898,7.0566,-8.1635
2.1237,-2.4583,-6.5221,4.745,-4.0248,1.1494,-2.7858,-5.9846,5.8979,-4.2654,-4.5648,-5.0507,2.9093,5.5082,-8.301
2.2044,-2.2492,-5.2605,4.4675,-3.5615,0.7332,-2.829,-4.4251,5.5026,-4.3679,-4.0444,-4.4153,2.0051,3.6024,-8.3427
2.0904,-1.7601,-3.6651,4.1758,-3.0267,0.6592,-2.8766,-2.6501,5.3195,-4.3463,-3.4043,-3.8962,1.1485,2.2278,-8.1784
1.9426,-1.4347,-1.8833,4.1575,-2.5109,0.2131,-2.5648,-0.8188,4.2343,-4.603,-2.3656,-3.301,0.3366,0.2802,-8.1107
2.1288,-0.8813,-0.4238,3.9334,-1.813,0.1378,-2.3306,0.9713,3.0476,-4.853,-1.6816,-2.6149,-0.7497,-1.5503,-7.7707
1.9132,-0.4452,1.1182,3.5591,-1.0269,0.2728,-2.1627,2.7342,2.1036,-4.2517,-0.9127,-1.8966,-1.1369,-3.2932,-7.2832
1.9737,0.0797,2.7827,3.4951,-0.2285,0.2514,-1.6567,4.6142,1.1456,-3.7221,0.3446,-0.8164,-2.1702,-5.1823,-6.0857
1.8557,0.9901,4.8101,3.1748,0.6666,0.1415,-1.2648,6.1298,-0.2271,-3.1653,1.6375,0.228,-2.9297,-6.6314,-4.5521
1.8234,2.0373,6.1937,2.611,1.8974,-0.0266,-0.904,7.4964,-1.4587,-2.025,2.9419,1.3846,-3.2732,-7.9363,-3.0569
1.841,2.7806,7.0134,2.3702,2.431,0.2376,-0.3079,7.7708,-3.2885,-1.091,3.7177,3.7789,-3.5332,-8.9897,-1.4915
1.7099,3.3954,7.5696,1.8208,2.7635,0.3591,0.411,8.1069,-4.7727,-0.189,4.3287,5.3133,-3.697,-9.4656,0.1943
1.7043,3.6557,7.7554,1.3945,3.0831,0.3627,1.0706,8.4496,-5.6288,0.7556,4.3844,6.0909,-3.4682,-9.1093,1.8365
1.388,3.7041,7.902,1.4145,3.3022,0.4293,1.7704,8.7514,-5.8171,1.6899,4.54,6.7688,-3.17,-8.7415,3.3102
1.016,3.727,7.462,1.376,3.3626,0.5074,2.2376,8.1239,-6.5938,2.9437,4.6188,7.1325,-2.3593,-8.201,5.0677
0.974,3.8835,7.134,0.5346,3.0945,0.5954,2.6556,7.1184,-7.0664,2.2265,3.7826,7.5124,-1.8297,-8.028,5.5161
1.0511,3.591,6.4845,0.9655,3.1923,0.7681,2.792,6.5362,-6.6679,3.9317,3.9557,7.5346,-1.2746,-6.8194,6.8845
0.9631,3.2542,5.9911,1.136,2.6871,1.1104,3.115,4.8233,-7.0369,4.804,3.3588,8.1898,-0.6007,-6.1166,7.1672
0.9832,2.9746,4.7368,1.1336,2.3963,1.3113,3.1299,3.7859,-6.5317,5.7025,3.1938,7.2819,0.2195,-4.3273,8.0338
0.8622,3.0009,3.6957,1.4268,1.9583,1.6935,2.9836,2.4456,-6.2343,5.9832,2.8366,6.703,0.8742,-2.757,8.4545
0.8801,2.7396,2.3771,1.2495,1.4127,1.5604,2.7166,1.0259,-5.7524,5.6822,2.4668,6.2172,1.4513,-2.0141,8.6371
0.828,2.1825,1.2191,1.493,0.7702,1.5763,2.7007,0.0751,-4.7709,5.452,1.4512,6.0278,2.0131,-0.4718,8.0308
0.5887,1.7859,0.106,1.6806,0.2386,2.1668,2.5301,-1.9808,-4.5562,5.0671,0.8757,5.5481,2.8822,0.7343,7.4512
0.5255,1.1959,-1.5959,2.2455,-0.2632,2.3097,2.3223,-3.3088,-3.5276,4.9169,0.0845,5.4353,3.6889,2.7402,6.7678
0.8757,0.9246,-2.8743,2.3352,-1.0217,2.3362,2.0318,-4.8183,-2.8954,4.624,-0.8219,4.6082,4.2955,4.3468,5.8275
0.8726,0.6293,-4.4145,2.8022,-1.877,2.05,1.8841,-6.4597,-2.1473,4.02,-1.9729,3.6799,4.8842,5.7444,4.7453
1.376,-0.1119,-5.9403,2.6503,-2.7115,1.3907,1.1831,-7.2082,-1.0262,3.2047,-3.0704,2.2965,4.9541,7.4087,3.2327
1.1093,-1.0568,-7.1949,3.2207,-3.2259,1.2494,0.5393,-7.9535,0.5255,2.5031,-3.5685,0.8131,5.4508,8.0176,1.8879
0.5866,-1.5633,-7.9533,3.3061,-3.8543,1.5422,0.0811,-8.4605,2.025,1.5638,-4.5974,-0.5086,5.5014,8.4754,0.3325
0.7289,-2.3108,-8.5443,3.6121,-4.2087,1.6373,-0.4454,-8.7003,3.729,0.1945,-5.3319,-1.9,4.7555,8.6116,-1.4991
1.1854,-3.0856,-8.3582,4.3599,-4.6031,1.5862,-0.9277,-8.2897,4.5173,-1.2022,-5.6476,-2.879,4.665,8.3647,-3.9151
1.3492,-2.9832,-7.8919,4.7095,-4.6514,1.6363,-1.3925,-7.8848,4.7204,-2.1894,-5.1876,-3.3244,4.5235,7.5291,-5.3745
2.0711,-2.5992,-7.1784,4.6543,-4.4703,1.2747,-1.9086,-6.9554,4.6932,-2.8049,-4.7647,-3.8597,4.227,6.7102,-6.1739
1.8017,-2.1576,-6.0951,4.6299,-3.8397,1.2339,-2.2558,-5.9944,4.6395,-2.9357,-4.3367,-4.0966,3.1277,5.5644,-6.8269
1.7075,-1.8711,-5.3949,4.4399,-3.444,1.2676,-2.3512,-4.9175,4.2811,-3.2258,-3.4145,-3.7293,2.5117,4.1876,-7.1122
1.6603,-1.863,-4.4428,4.0128,-3.1285,1.3991,-2.2032,-4.2976,3.5637,-3.4541,-3.6198,-2.827,1.8151,2.9194,-7.3641
1.729,-1.2905,-3.9418,4.019,-2.5346,1.3862,-2.3544,-1.2248,4.1307,-3.5314,-3.0044,-3.0615,0.917,2.0314,-7.3158
1.9202,-1.1648,-1.4753,3.9317,-2.4797,1.0779,-2.1023,-0.9059,3.1346,-4.1521,-2.2652,-2.5963,-0.2593,0.0916,-7.139
2.0254,-0.8317,-1.0819,3.6305,-1.8031,0.8988,-1.826,0.7501,2.4218,-3.9146,-1.2835,-2.132,-1.4781,-1.0307,-6.4851
2.0024,-0.0131,0.4141,3.6123,-1.1496,0.7408,-1.7037,2.6064,2.0512,-3.4851,-0.6159,-1.2409,-1.9605,-2.6856,-5.9223
2.0473,0.4864,2.2221,3.4896,-0.4587,0.4989,-1.5989,3.7209,1.0711,-3.3789,0.2633,-0.4956,-2.3146,-4.3075,-5.4405
2.1212,1.1083,3.6013,3.0776,0.0568,0.5622,-1.362,5.1806,0.0074,-3.2806,1.2958,0.2821,-2.8268,-6.048,-4.2984
1.3844,1.8153,4.5433,2.9226,1.3647,0.8208,-0.9469,6.1145,-0.9678,-2.6946,2.1588,1.2038,-3.2439,-7.2603,-3.5534
1.7051,2.3754,5.8682,2.7496,2.0201,0.8362,-0.4904,7.5749,-2.0682,-2.1125,3.1523,2.7274,-3.2837,-8.467,-2.3031
1.6806,3.1734,6.8611,1.8099,2.5808,1.0165,0.3192,8.2542,-3.5433,-1.032,3.6198,4.1831,-3.8635,-9.4174,-0.5477
1.8085,3.5403,7.1953,1.6273,3.2271,0.9742,1.0345,8.704,-4.7442,0.0418,3.9457,5.4774,-3.5955,-9.7424,1.014
1.8167,3.7355,7.874,1.2163,3.3887,1.0633,1.6537,8.7704,-5.4809,1.1826,4.3785,6.1476,-3.4593,-9.5404,3.0849
1.9497,3.659,8.0776,0.9359,3.4962,0.9999,2.0526,8.5858,-6.0669,2.5426,4.6172,7.0809,-3.0371,-9.0355,4.7454
1.7405,4.1931,8.1338,0.7856,3.7606,1.0198,2.5907,7.5191,-6.9898,3.744,4.6377,7.6129,-2.8019,-8.2796,6.003
1.4626,3.9201,6.8946,0.816,3.4967,1.1376,2.7126,6.5699,-7.3458,4.5981,4.5234,7.4976,-2.0857,-7.205,7.4252
1.2392,4.0904,6.1774,0.6149,3.1813,1.2741,2.9159,5.6172,-6.9029,5.3051,4.1753,7.3493,-1.4029,-5.739,8.5632
1.386,3.7511,5.315,0.433,2.8544,1.2152,2.6899,3.6355,-7.0166,5.3533,3.423,7.0986,-0.2158,-4.602,8.6414
1.3342,2.3169,3.9293,0.8768,2.2941,1.4783,2.5427,2.5716,-6.1955,5.4944,2.9526,7.2157,0.4153,-3.3948,8.9825
1.0221,2.5009,2.3388,1.0684,1.8077,1.88,2.7717,1.0636,-6.0133,6.1901,2.0447,6.5123,1.4422,-1.8736,8.8438
1.0094,1.8886,0.992,1.6063,1.0744,2.1246,2.6691,-0.1408,-5.1511,5.7758,1.3122,6.3051,2.0869,-0.1934,8.5627
0.8451,1.5271,-0.2584,1.8095,0.3758,2.5064,2.3369,-1.9505,-4.5838,5.8233,0.4969,5.705,2.8698,1.3958,7.8562
0.9059,1.0602,-2.0562,2.3313,-0.4437,2.6811,2.0644,-3.9234,-4.0729,5.0119,-0.0572,4.8423,3.4264,3.3402,6.8704
0.9919,0.6451,-3.7514,2.6092,-1.264,2.6723,1.8069,-5.591,-3.0186,4.1645,-0.9201,3.9265,3.9851,4.925,5.6651
1.3192,-0.0388,-5.2827,2.6216,-2.4704,2.5533,1.5996,-6.7353,-2.121,3.2111,-2.4,3.2772,4.5536,6.4265,4.2699
1.6673,-1.2955,-6.3737,2.9686,-3.2244,2.4871,1.12,-7.5901,-0.6932,2.2861,-3.8614,1.9112,4.5613,7.8074,2.8975
1.4708,-1.938,-7.2495,3.3135,-3.7097,2.2658,0.6416,-8.153,1.2124,1.7769,-4.3743,0.4472,4.6264,8.8827,1.1811
1.656,-2.3573,-7.3713,3.6492,-4.4224,2.4212,0.0606,-8.7665,2.3972,0.8647,-4.6406,-1.0473,4.8869,8.8364,-0.0013
1.5799,-2.3603,-7.9118,4.0505,-4.0941,2.3643,-0.6789,-8.9271,3.0041,0.0837,-4.9231,-2.0806,4.8422,8.7896,-1.6394
1.8054,-2.6843,-7.8709,4.0797,-4.4374,1.909,-1.365,-8.8686,3.51,-0.8114,-5.1504,-3.0283,4.529,8.8749,-3.2964
1.9426,-2.6977,-8.1966,4.2055,-4.3045,1.883,-1.7125,-8.2156,4.4922,-1.8797,-5.2148,-3.7178,3.6138,8.1368,-4.5642
2.0934,-2.7715,-7.5605,4.3388,-4.0922,1.6201,-1.9272,-7.3732,4.9548,-2.5553,-5.1426,-4.2333,2.9535,7.096,-5.8576
1.5017,-2.9067,-6.9852,4.295,-3.9897,2.024,-2.064,-6.2735,5.254,-3.2946,-4.6591,-4.3646,2.4895,5.6973,-6.5741
1.7789,-2.98,-5.9545,4.2794,-3.849,1.9542,-2.0311,-5.2236,5.0722,-4.4219,-4.3408,-4.0213,1.8619,3.9248,-7.5047
1.9724,-2.7259,-4.7364,4.2639,-3.466,1.6167,-2.0746,-3.4541,4.6278,-4.2603,-3.9643,-3.6405,1.2403,3.0641,-7.7374
2.136,-2.1367,-3.3113,3.8666,-2.5487,1.3296,-2.2059,-2.5402,4.0741,-4.393,-2.9582,-3.3885,0.7718,1.7145,-7.512
2.2099,-1.6436,-1.9121,4.0464,-2.0467,1.1648,-2.141,-1.1409,3.2427,-4.1318,-1.9176,-2.932,-0.3537,-0.3433,-7.2532
2.2126,-1.1534,-1.0365,3.7955,-1.4652,0.62,-1.8206,0.4019,2.5724,-3.8433,-1.3611,-2.4978,-1.2844,-1.7319,-6.735
1.8895,-0.5662,0.1447,3.3801,-1.0304,0.5046,-1.3615,2.6524,2.3941,-3.5657,-0.6861,-2.2948,-2.0612,-3.3819,-6.1291
2.4359,-0.1677,2.3556,3.1356,-0.6003,0.3982,-1.1321,4.7473,1.7722,-4.0784,0.0677,-1.4941,-2.7176,-5.0778,-5.4809
2.3688,0.372,4.5158,2.7705,0.1583,0.1806,-0.7189,6.5579,0.604,-3.5731,1.6005,-0.3143,-3.1775,-6.8603,-4.4113
2.3181,1.372,6.298,2.7221,1.3296,0.013,-0.4567,7.2284,-1.2946,-2.8524,3.4282,1.1663,-3.466,-8.2206,-2.7761
2.2666,2.3414,7.2318,2.1574,2.3681,0.2368,-0.0744,7.9119,-2.999,-1.4441,4.3973,3.1218,-3.7405,-9.106,-1.0293
1.9914,3.3013,7.8642,1.4901,2.9283,0.6099,0.6487,8.1668,-4.5554,-0.1059,5.0329,4.5941,-3.9671,-9.428,0.8921
1.6562,3.7012,7.7248,1.0164,3.2251,0.9322,1.0707,8.2641,-5.6558,0.9808,5.1957,6.2693,-3.6282,-9.1923,3.025
1.6136,3.4329,7.5937,0.637,3.4017,1.3963,1.8099,7.3543,-6.4762,2.298,5.1091,6.94,-3.2801,-8.6134,4.8679
1.3789,3.8878,7.2958,-0.1644,3.3415,1.7681,2.3325,6.5452,-6.7074,3.8128,4.4118,7.4535,-2.5377,-7.2786,6.8762
1.4568,3.3877,6.3256,0.013,2.9558,2.1243,2.7068,5.5834,-6.8079,4.0849,3.9425,7.6114,-1.9146,-5.7741,7.5925
1.529,3.1287,5.3716,0.4854,2.4568,2.016,2.8918,4.5076,-6.6595,4.5148,3.9054,7.6995,-1.1523,-4.431,8.4517
1.4208,3.0285,4.7408,0.9133,2.0432,1.9083,3.0285,3.3289,-6.3915,4.7029,3.5801,7.2806,-0.5524,-2.8571,8.5984
1.371,2.5718,3.5811,0.9978,1.5681,1.8135,3.0926,1.9444,-6.2378,4.7067,3.0897,6.8367,0.1031,-1.6413,8.7503
1.0163,2.626,2.0255,0.86,1.1729,1.9972,2.8908,0.2548,-5.9366,4.95,2.4618,6.411,1.2374,-0.0538,8.5796
1.2094,1.8746,0.5152,1.074,0.9238,1.7956,2.342,-1.2115,-5.105,4.6382,1.6306,5.5207,2.2124,1.4447,8.0189
1.3549,1.4161,-0.9217,1.0893,0.0247,1.9107,2.2701,-3.4919,-4.33,4.5122,0.6143,4.7893,2.9165,3.2645,7.1421
1.4153,0.747,-3.2483,1.2909,-0.5685,1.7611,2.2198,-5.099,-3.2239,4.1872,0.0443,4.2737,3.4663,4.8611,6.7235
1.6335,0.1749,-5.0025,1.6553,-1.27,1.8495,2.0906,-6.7704,-2.1871,4.2819,-1.3491,4.0847,4.4757,6.4464,5.6755
1.5479,-0.3958,-6.3222,2.0862,-2.731,1.9013,1.7635,-7.8693,-0.8067,3.4274,-2.7794,2.4635,4.8916,7.925,4.1556
1.7065,-1.4208,-7.5871,2.4911,-3.7303,2.1723,1.0631,-8.0616,0.9377,1.9093,-3.9828,1.06,5.0098,9.0518,2.5178
1.6715,-2.4223,-7.9403,2.7949,-4.5814,1.9351,0.4686,-8.6746,2.2357,0.8067,-4.8636,-0.6551,5.2283,9.6866,0.5952
1.7079,-2.5881,-8.5244,3.4811,-4.6735,1.7192,-0.2906,-8.7827,3.3271,-0.3082,-5.1088,-1.9918,4.8342,9.5217,-1.5938
1.607,-3.0758,-8.2359,3.7014,-4.933,1.8152,-0.9121,-8.5413,4.0258,-1.9015,-5.1985,-3.0185,4.4913,9.0979,-3.5717
1.7627,-3.085,-7.9885,3.9014,-4.9647,1.8745,-1.3849,-7.8764,4.2488,-3.1375,-5.2653,-3.7118,3.6931,8.3941,-5.4433
2.3418,-3.0115,-7.4222,4.094,-4.5093,1.4154,-1.7503,-6.9481,4.6474,-4.0122,-4.746,-4.059,3.2442,7.4588,-6.966
2.3394,-2.9849,-6.4186,3.6396,-4.2124,1.1933,-1.8501,-5.8446,4.9594,-4.7792,-4.8447,-4.6134,2.6151,5.6877,-7.9852
2.467,-2.6447,-5.3968,4.0183,-3.5102,1.1492,-1.9386,-4.4823,4.7567,-4.6341,-4.0021,-4.3067,1.8757,4.3118,-8.4004
2.5503,-2.2506,-4.2441,3.6994,-3.1409,1.0427,-1.8327,-3.4745,4.3895,-4.5136,-3.3144,-3.998,1.7412,2.8624,-8.1456
2.6554,-1.7172,-3.0035,3.6316,-2.4547,0.7134,-1.7792,-2.0615,3.6368,-4.1983,-2.6519,-3.4866,0.843,1.5826,-7.8124
2.5978,-1.0763,-2.0275,3.4883,-1.9903,0.2748,-1.6733,-0.9229,2.9622,-4.1523,-1.8643,-2.6802,0.3474,0.2739,-7.1523
2.4479,-0.6902,-1.0929,3.5188,-1.4108,0.3191,-1.2069,0.6748,2.2982,-4.1313,-1.2576,-1.71,-0.3885,-1.1869,-6.3876
2.2536,-0.5157,0.2487,3.6202,-0.9831,0.3468,-1.0845,2.4873,1.5688,-3.4253,-0.4327,-0.8623,-0.8254,-2.8319,-4.9841
2.0141,-0.1364,2.3748,3.2281,-0.2885,0.8652,-0.9208,3.9912,0.9232,-3.4967,0.6871,-0.1222,-1.4741,-4.3951,-4.4324
1.9529,0.4867,3.7006,2.8142,0.4672,0.9382,-0.9453,5.0715,-0.47,-2.8992,1.8002,0.2072,-1.9415,-5.7255,-3.0829
1.9656,1.4513,4.893,2.5342,1.2823,0.8782,-0.3122,5.7099,-1.7517,-2.1543,2.8512,1.5657,-2.4844,-6.5416,-2.0053
1.9387,2.4087,5.4099,1.9343,2.0669,1.121,-0.0568,6.2585,-3.0369,-1.3275,3.4981,2.8239,-2.7357,-7.4186,-0.7433
1.7081,2.8574,5.3847,1.4715,2.4916,1.4782,0.4788,6.2522,-4.1526,-0.6343,3.636,4.2305,-2.385,-7.6118,0.3977
1.7305,2.8168,5.4759,1.5358,2.6531,1.6808,0.8856,6.0816,-4.8841,-0.0653,3.6012,5.2814,-2.401,-7.4924,1.7057
2.0065,2.8487,5.6713,1.3448,2.6304,1.8169,1.5027,6.3999,-5.178,1.0299,4.1093,5.833,-2.3706,-6.9468,3.2154
1.55,3.4367,5.6955,0.88,2.458,2.0293,1.8529,6.1051,-5.4788,1.6391,3.639,6.4754,-2.2523,-6.8739,4.1847
1.4504,3.1022,5.2986,0.5617,2.5191,1.8685,2.1498,5.9108,-5.5088,2.0461,3.4398,6.6891,-1.6823,-6.001,5.0948
1.4645,2.5394,5.2447,0.6019,2.2903,2.0,2.2901,4.8573,-5.9425,2.8198,2.9122,6.6108,-1.0192,-5.0748,5.7364
1.589,2.4782,4.13,0.9228,1.8496,2.1733,2.6264,4.0819,-5.9485,3.2342,2.7531,7.0084,-0.5884,-4.0145,6.041
1.3371,2.4023,3.5808,1.2072,1.6515,2.2479,2.522,3.3747,-5.5237,3.571,2.6077,6.8674,0.0374,-2.6662,5.7818
1.5108,2.1418,2.8099,1.1151,1.4733,2.0695,2.4445,1.9948,-5.728,3.691,2.1338,6.4804,0.5624,-1.7183,6.2324
1.4487,2.1303,1.983,0.8953,1.08,2.1403,2.5298,1.4555,-4.8636,3.7668,1.5888,5.9841,1.1025,-0.4425,6.2015
1.3277,1.5585,1.068,1.3981,0.7807,2.2956,2.1307,0.3188,-4.5412,3.8088,0.9588,6.0189,2.0053,0.7663,5.5437
1.3471,1.3727,0.0602,1.3362,0.1741,2.0961,2.3184,-1.2467,-4.318,3.7499,0.7737,4.2562,2.5651,1.9135,5.5149
1.5985,1.1228,-0.841,1.4852,-0.3709,1.8734,2.063,-2.7435,-3.3694,2.7007,0.1704,4.3016,3.2689,3.4054,5.2888
1.5889,0.98,-2.6965,1.6322,-0.7741,1.2431,1.8621,-4.3227,-3.0588,3.1997,-0.6542,3.8882,3.7555,4.8235,4.5839
1.2797,0.3775,-4.543,1.7327,-1.4138,1.6039,1.4782,-5.8422,-2.1301,2.7168,-2.1171,3.1713,4.0722,6.4317,3.6053
1.3796,-0.4234,-6.1183,2.2078,-2.0785,1.4502,1.2078,-6.3677,-0.7871,2.59,-3.3242,2.0557,4.7491,7.5286,2.5562
1.7223,-1.4181,-6.9993,2.7127,-2.9863,1.4269,0.7112,-6.9849,0.8264,1.7981,-4.0927,0.8076,4.8896,7.7709,1.3622
1.6919,-2.309,-7.5385,3.3116,-3.6672,1.5212,0.4429,-7.1034,2.3535,1.0258,-4.5595,-0.49,4.6063,8.2137,-0.2051
1.8499,-2.4771,-7.5646,3.8989,-4.0696,1.431,-0.1847,-6.8568,3.1239,0.0894,-4.7338,-1.487,4.4223,8.0027,-1.5989
2.1484,-2.4482,-7.7183,4.087,-4.4074,1.3204,-0.6921,-6.506,3.7564,-1.3785,-4.8502,-2.3262,4.1302,7.4104,-3.1634
2.3645,-2.4683,-7.0687,4.0967,-4.0583,1.0229,-1.1684,-6.4395,3.7165,-2.5513,-4.7162,-2.7145,4.0591,6.8434,-4.5529
2.4957,-2.5005,-6.8161,3.9337,-3.7149,1.0153,-1.5647,-5.1634,4.3242,-3.4155,-4.2097,-3.1401,3.0219,6.3251,-5.6276
2.4792,-2.2266,-6.32,3.881,-3.2897,0.7229,-1.8928,-4.5662,4.2152,-3.6284,-4.1871,-3.1641,2.5439,5.1949,-6.3716
2.4276,-1.9716,-5.1832,4.076,-3.0241,0.7811,-2.043,-3.6387,4.2521,-3.9308,-3.6839,-3.0287,1.874,3.8405,-6.6787
2.5699,-1.5689,-4.3918,3.9222,-2.3912,0.7902,-2.02,-2.2776,3.8714,-3.9458,-3.1315,-2.8412,1.3001,2.5107,-7.0361
2.499,-1.3213,-3.3673,3.6116,-2.1307,0.5772,-1.8953,-0.5416,3.8127,-4.2606,-2.7417,-2.4889,0.3457,1.3043,-7.2733
2.5669,-1.3474,-1.8279,3.5737,-1.794,0.6244,-1.8459,0.7839,3.3062,-4.3505,-1.9174,-2.0274,-0.4693,-0.2355,-7.0111
2.4655,-0.7698,-0.5004,3.2642,-1.1897,0.5829,-1.6735,2.6953,2.7058,-4.2409,-1.5713,-1.2063,-1.469,-1.9324,-6.4868
2.4627,-0.5431,1.3312,3.2049,-0.4595,0.6007,-1.3897,4.7362,2.0722,-4.1642,-0.7909,-0.978,-2.1911,-3.9391,-5.8944
2.6431,0.044,3.3571,2.9577,0.545,0.4912,-1.0677,6.4244,1.1016,-3.5406,0.4676,-0.215,-3.0533,-5.8116,-5.0594
2.3038,0.8837,5.2067,2.5878,1.473,0.7043,-0.8296,7.6303,-0.4213,-2.7341,2.0459,0.9173,-3.7285,-7.4665,-3.3187
2.3323,1.738,6.3677,2.1272,2.533,0.8125,-0.2273,8.9469,-1.7832,-1.8754,2.8065,2.5466,-4.0833,-8.1104,-2.1573
1.7396,2.7508,7.3879,1.689,3.0915,0.9097,0.0392,9.483,-3.3677,-0.9425,3.7231,3.5663,-3.8848,-8.7532,-0.6688
1.7003,2.7184,7.6498,1.4833,3.4361,0.7864,0.8289,9.5017,-4.9014,-0.1052,4.2135,5.4716,-4.0529,-9.3955,0.8801
1.7449,2.9651,7.8947,0.9658,3.79,1.2126,1.4544,9.2564,-5.7413,0.7805,4.7483,6.4556,-3.5253,-9.0683,2.7002
1.7902,3.178,7.4121,0.9767,4.4805,1.5313,2.0102,8.9911,-6.0412,2.4244,4.8466,6.9317,-3.0695,-8.3104,4.9124
1.9208,3.4094,7.4861,0.8922,4.1525,1.6721,2.9579,8.0834,-6.3282,3.8184,4.8672,7.6067,-2.3146,-7.8169,6.6387
1.7535,3.6132,6.8573,0.8718,3.7693,1.7313,3.1693,7.734,-6.5351,4.5223,4.401,8.2625,-1.6337,-6.7464,7.648
1.3728,3.3306,5.9367,0.7266,3.4406,2.1727,3.2485,5.9789,-6.9406,5.2413,3.8132,8.2609,-0.2577,-5.6423,8.5259
1.2997,2.8385,4.5897,0.7685,2.6194,2.3538,3.3173,4.5227,-7.0628,5.2198,2.9117,7.9138,0.648,-4.2438,8.8159
1.2131,2.3237,3.3807,1.1394,2.089,2.2709,3.0824,3.1779,-6.4211,5.1244,2.4987,7.198,1.1959,-2.4391,8.8532
1.5171,2.1977,2.0847,1.1164,1.5807,2.3942,2.9574,1.573,-5.7558,5.0185,1.7918,7.3834,2.271,-0.8754,8.4036
1.53,1.7817,0.8281,1.0638,1.1251,2.2182,2.6327,0.0094,-5.6925,5.1154,1.2505,6.672,2.9437,1.2475,8.4025
1.6126,1.2082,-0.6063,1.3627,0.4758,2.27,2.5541,-2.2112,-4.7779,5.1071,0.2342,6.035,3.8962,3.5791,7.6841
1.5595,0.7846,-2.8956,1.499,-0.1486,3.1565,2.0893,-4.5052,-3.8089,4.9847,-0.6135,5.0693,4.5079,5.3694,7.0016
1.5613,-0.1069,-5.0014,2.0267,-0.7849,2.97,1.8322,-6.6267,-2.6426,4.6897,-1.7177,4.3151,5.4674,7.3332,5.7713
1.6838,-0.778,-7.0439,2.3082,-1.7612,3.0575,1.3543,-8.0431,-1.1404,4.4893,-3.558,3.1107,5.9074,9.1209,4.713
1.5166,-1.927,-8.5123,3.0517,-3.111,3.9389,0.7129,-9.4611,0.2161,3.4278,-4.7094,1.481,6.3056,10.3644,3.4511
1.3454,-3.0655,-10.1532,3.5828,-4.0062,3.6242,0.0176,-10.5547,1.7317,1.891,-5.5207,-0.2646,6.7443,11.5012,1.1052
1.9122,-4.1417,-10.9579,4.2288,-4.6493,3.2533,-0.6459,-10.5434,3.9442,0.7874,-6.251,-1.7149,6.4945,12.0809,-1.057
2.064,-4.1218,-11.1584,4.7411,-5.2585,3.0653,-1.1369,-10.3826,5.245,-0.482,-6.4271,-2.9888,6.2828,11.7564,-3.3137
2.3317,-4.1325,-10.6105,4.7832,-5.4665,2.7398,-1.8732,-10.1751,5.9231,-2.6375,-6.5742,-3.7744,5.8125,11.0398,-5.4162
2.4096,-4.0884,-10.2705,4.9306,-5.3326,2.4983,-2.4477,-9.4795,6.2154,-3.7478,-6.3058,-4.5752,5.2181,10.3357,-7.2441
2.4133,-4.2192,-9.7084,4.857,-4.8441,2.3373,-2.6547,-8.3292,6.5467,-4.4763,-5.7377,-4.8143,4.3421,8.9252,-8.4314
2.4959,-3.6324,-8.9103,4.7036,-4.4373,2.0381,-2.8935,-7.449,6.5216,-5.0279,-5.6418,-4.7602,3.8712,7.5143,-9.2942
2.4944,-3.4412,-8.0356,4.5473,-3.8315,1.8768,-2.7315,-5.8043,6.5948,-5.4473,-5.2553,-4.0951,3.1604,6.2385,-9.8068
2.5006,-3.1676,-6.798,4.5162,-3.4438,1.6329,-2.8383,-3.9441,6.834,-5.9523,-4.6979,-3.9462,2.5615,4.2723,-10.0018
2.507,-2.8569,-5.4224,4.2126,-2.9281,1.6045,-2.9972,-2.3271,6.2432,-5.8645,-3.901,-3.6327,1.6273,2.2378,-9.7904
2.5274,-2.4873,-3.5307,4.3108,-2.4178,1.3904,-2.5879,-0.6041,5.5392,-6.2851,-2.6613,-3.0913,0.5744,0.25,-9.6254
2.7841,-2.0291,-1.6503,4.1165,-1.3595,1.0531,-2.4342,1.0691,4.9569,-5.6994,-2.0567,-2.116,-0.5743,-1.5413,-8.9549
2.4959,-1.4266,-0.4319,3.4693,-0.7132,0.9338,-1.9058,3.7164,3.6725,-4.6309,-0.8701,-1.1181,-1.5261,-3.6151,-7.7837
2.6973,-1.4048,1.9535,3.5546,-0.0665,0.672,-1.7419,5.7203,2.6183,-4.7509,0.0624,-0.395,-2.2166,-5.5843,-6.6077
2.693,0.0915,4.1993,2.7555,0.7905,0.54,-1.3282,7.417,1.2244,-3.9875,1.4135,0.385,-3.278,-7.4026,-5.1639
2.7171,1.0701,6.0581,2.1285,1.8507,0.8134,-0.9661,8.6705,-0.1287,-3.5915,2.6098,1.8632,-3.4974,-8.7291,-3.9217
2.4599,1.6911,7.2189,1.445,2.6735,1.0135,-0.2853,9.8364,-1.8424,-2.4801,3.5517,3.9723,-3.9271,-9.7889,-2.458
2.3995,2.5001,8.2053,0.7829,3.5622,1.1237,0.2098,9.6203,-3.8078,-1.3803,4.1014,4.9483,-3.8051,-9.8462,-1.0473
2.3437,3.1557,8.3419,0.6201,4.3247,1.1148,0.7299,9.5107,-5.1335,0.1779,4.6944,6.1126,-3.3594,-9.5529,0.9935
2.0892,3.3318,7.8903,0.5986,4.4494,1.172,1.501,9.1299,-5.9286,1.6181,4.8714,7.5259,-3.2854,-9.0421,3.2139
2.0759,3.4717,7.448,0.4037,4.3948,1.1608,2.1325,8.6467,-6.2559,2.7181,4.9105,8.1862,-2.2608,-8.1749,5.0005
1.911,3.3492,6.9547,0.4647,4.1967,1.2915,2.5024,7.697,-6.3857,3.7662,4.7129,8.7055,-1.2254,-7.3689,6.6692
2.0485,2.9189,6.3409,0.4824,3.825,1.2125,2.8851,6.9,-6.3354,4.4583,4.5771,8.6554,-0.7117,-6.8511,7.6089
2.0025,2.7375,5.5473,0.4105,3.3622,1.2981,2.9775,5.4103,-6.5182,5.3788,3.9918,8.2042,0.0563,-5.2817,8.6078
1.9007,2.5852,3.7889,0.8633,2.6975,1.3703,2.6614,3.9589,-6.2655,5.4347,3.2725,7.8229,0.5856,-3.6168,8.9268
1.8396,2.1613,2.3464,1.0362,2.3019,1.3812,2.617,2.7058,-5.4336,5.0958,2.4514,7.3898,1.4313,-1.8179,8.6252
1.7286,1.6833,1.3023,1.2133,1.296,1.6161,2.6726,1.4534,-4.6237,4.9513,1.5914,6.5348,2.3195,-0.3319,8.104
1.6686,1.1835,0.0226,1.1066,0.9074,1.7291,2.443,0.0965,-3.9639,4.4658,0.8001,5.923,3.318,0.8417,7.3251
1.6011,0.8427,-0.9167,1.4499,0.2114,2.0081,2.2492,-1.7041,-3.2395,4.1231,0.2601,5.2266,3.5059,2.4695,6.603
1.5674,0.2577,-2.6251,1.6776,-0.3272,2.0363,1.8967,-3.1014,-2.5248,3.5109,-0.1331,4.5142,3.8723,4.2468,5.5009
1.5786,-0.2343,-4.1777,1.6314,-0.8793,2.2575,1.799,-5.152,-1.9305,3.212,-1.476,4.0482,4.5435,5.8848,4.6437
1.7652,-1.1508,-6.289,1.755,-1.9563,2.4659,1.5269,-6.4869,-0.5715,2.7958,-3.2074,2.8333,5.0236,7.2153,3.1139
1.9145,-2.2147,-8.065,2.472,-2.7572,2.8568,1.0323,-7.5325,0.9625,1.8722,-4.0739,1.3879,5.2732,8.3634,1.3149
1.7083,-2.8897,-8.7659,2.634,-3.5662,2.9199,0.4622,-7.8326,2.943,1.5617,-5.1225,0.1135,5.5922,9.2237,0.1953
1.9215,-3.6235,-8.6022,3.2876,-4.3522,2.738,-0.2378,-7.8214,4.3498,-0.2326,-5.8025,-1.356,5.6505,9.3074,-1.6953
1.9803,-3.706,-8.7052,3.7855,-4.2099,2.5837,-0.8914,-7.7868,4.7534,-1.5286,-5.5085,-2.7638,5.4348,8.9899,-3.8323
2.1889,-3.8821,-8.7185,3.9572,-4.1888,2.5775,-1.2931,-7.5702,5.0113,-2.7592,-5.327,-3.4838,5.3194,8.4211,-5.6623
2.301,-3.7117,-8.6455,3.9921,-4.028,2.2913,-1.7377,-6.9933,5.4213,-3.2135,-5.4464,-3.6003,5.0275,7.6394,-6.6476
2.2107,-3.7359,-8.2225,4.2494,-4.0152,2.3681,-1.9501,-6.1042,5.6534,-3.7177,-5.1208,-3.5778,4.0368,6.8104,-7.5248
2.2812,-3.467,-7.5412,4.4889,-3.5647,2.1346,-2.0843,-5.2887,5.781,-4.3951,-4.52,-3.7203,3.5551,5.6367,-8.0889
2.4186,-3.0679,-6.2828,3.8857,-2.9646,2.0772,-2.1961,-4.2356,5.4031,-4.7247,-4.1043,-3.1252,2.8661,3.9779,-8.731
2.5735,-2.9115,-5.1287,3.6887,-2.9592,1.8683,-2.007,-2.7224,5.4474,-5.1096,-3.7252,-3.1534,2.3838,2.7934,-8.8725
2.5844,-2.6095,-4.1117,3.9077,-2.6585,1.5707,-1.9811,-1.1066,4.8603,-5.5278,-3.0758,-2.7106,1.3657,1.5397,-8.4928
2.6815,-2.4993,-3.2672,3.5742,-2.1745,1.3883,-1.7272,0.4995,4.4421,-5.3633,-2.4514,-1.4245,0.5928,-0.358,-8.3748
2.6147,-2.1274,-1.2698,3.7034,-1.5261,1.0972,-1.1155,2.6689,3.9134,-4.9704,-1.8609,-0.8591,-0.4612,-1.8935,-7.9441
2.6855,-1.6626,0.4805,3.3148,-0.764,1.4006,-1.1577,4.2927,2.9589,-4.9366,-1.0663,-0.4757,-1.094,-3.8456,-7.0532
2.699,-0.9914,2.6606,3.0981,-0.1848,1.2952,-0.9647,6.1045,1.8139,-4.266,0.245,0.5271,-1.782,-5.4524,-5.8912
2.5923,-0.1741,4.3477,3.0185,0.6136,1.2336,-0.6473,7.7324,0.5534,-3.7774,1.7733,1.4092,-2.4775,-6.8067,-4.8309
2.2606,0.8071,5.8519,2.6474,1.5522,0.929,-0.3885,8.7676,-0.898,-3.2087,2.9997,2.7281,-2.7935,-7.92,-3.6047
2.2735,1.5598,7.1816,1.9809,2.6357,1.0119,0.1189,8.2947,-3.1929,-2.4643,4.0608,4.0859,-2.864,-8.9506,-1.7902
2.2171,2.3727,6.8716,1.2336,3.4984,1.2411,0.5488,8.6435,-4.4951,-0.7725,4.5547,5.3927,-2.7421,-8.8747,-0.0994
2.2208,2.7127,6.6133,0.9956,3.7819,1.5502,1.3868,8.7572,-5.1448,0.4173,4.295,6.9063,-2.636,-8.4297,1.7794
2.2002,2.6879,6.6242,1.0453,3.6698,1.9162,2.037,8.1016,-5.1447,1.7537,4.5218,6.9321,-2.2169,-8.377,3.9125
2.0745,2.8599,6.2625,0.7648,3.5672,2.047,2.5897,8.1205,-5.2859,3.1235,4.3478,7.7274,-1.9339,-7.4068,5.6034
2.039,2.2797,6.0346,0.5647,2.9611,1.9951,2.6637,7.4816,-5.4185,3.2946,4.2782,8.0539,-1.2995,-6.4412,6.9598
1.7446,2.337,5.5296,0.3568,2.6609,2.2379,2.6717,6.0646,-6.2308,3.786,4.6636,8.1268,-0.3867,-4.9512,7.8904
1.4867,2.5381,4.7399,0.425,2.3136,2.5349,2.9158,4.5833,-6.1025,4.1096,4.0213,8.0391,0.3738,-3.2114,8.0066
1.381,2.3277,3.3368,0.5794,2.0095,2.7912,2.9888,2.6988,-5.8737,4.003,3.4322,7.8509,1.216,-1.563,8.0678
1.6364,1.966,2.0188,0.6833,1.246,2.7315,2.7247,0.6156,-5.6295,4.154,2.0053,7.643,2.319,-1.0799,8.0223
1.6264,0.9616,0.131,0.9126,0.9977,2.9637,2.4696,-0.2156,-4.4247,4.0673,1.3006,6.6742,2.9828,1.0476,7.4576
1.6239,0.5855,-1.2266,1.5529,0.387,3.1499,2.2753,-2.8225,-4.0307,3.9709,0.7634,5.3327,3.7114,2.5122,6.6734
1.5838,0.1131,-3.4731,1.7016,-0.1522,2.7817,2.0002,-3.7861,-2.8737,3.8724,-0.2917,4.7169,4.1503,4.4272,6.0239
1.7182,-0.3676,-4.9782,1.7427,-1.1854,2.7099,1.694,-4.7099,-1.4405,3.1524,-1.6692,3.7247,4.8839,5.9711,4.8547
1.6314,-1.0082,-6.2259,2.0592,-1.9752,2.8122,1.4138,-6.2069,-0.4428,2.526,-3.0233,2.6288,4.8136,7.1343,3.5783
2.4706,-2.1381,-7.1491,2.5176,-2.8854,2.4284,0.9899,-6.6164,1.0157,1.5542,-3.9739,1.103,5.1514,8.2241,1.8795
2.3244,-2.7957,-7.1708,2.9084,-3.7675,2.1379,0.4534,-6.9942,2.1178,0.6518,-4.4752,-0.2591,5.353,8.6509,0.3624
2.1683,-3.2016,-8.0173,3.3288,-3.5172,2.1373,-0.1558,-7.5274,3.0105,0.0461,-4.1283,-1.3019,5.7908,8.8045,-0.499
2.4254,-3.1697,-8.1291,3.6882,-3.6126,1.9246,-0.7066,-8.047,3.2246,-0.5664,-4.7974,-2.5948,5.3355,8.8072,-1.9136
1.7206,-3.4766,-8.8777,3.8879,-3.5649,2.0338,-1.0062,-8.138,3.7191,-0.8062,-5.0069,-3.0239,4.8832,8.8024,-3.5113
2.2097,-3.8507,-8.8794,4.0984,-3.7277,1.9717,-1.4198,-7.7117,4.5369,-1.6878,-5.2732,-3.4624,4.7402,8.0708,-4.8092
2.2609,-4.3407,-8.6281,4.3747,-4.1072,1.955,-1.7293,-6.5447,5.4412,-2.9194,-5.2276,-3.5942,4.1145,7.5415,-5.9852
2.3637,-3.784,-7.7262,4.6005,-3.9189,1.6886,-1.842,-4.8542,5.7641,-3.1032,-4.7282,-3.7941,3.5822,6.6817,-6.6593
2.5254,-3.1569,-6.5414,4.2948,-3.6877,1.8879,-2.1176,-4.4692,5.1312,-4.3718,-4.5692,-3.8073,2.9332,4.8979,-7.5784
2.5701,-2.9877,-5.8575,4.1036,-2.7598,1.6646,-2.1658,-2.9363,5.0066,-4.8435,-4.1723,-4.0533,2.0479,3.6226,-8.3207
2.6256,-2.9696,-4.0965,4.3666,-2.2938,1.1389,-2.356,-1.1805,4.8317,-4.49,-3.096,-3.3452,1.3102,2.0042,-8.229
2.5847,-2.2079,-2.6147,4.0467,-1.7929,0.9897,-2.1496,0.0303,4.0372,-4.5829,-2.3289,-2.581,0.7047,0.2217,-7.827
2.605,-1.2373,-1.6541,3.79,-1.1343,1.0511,-2.0098,2.2191,3.5011,-4.3737,-1.6874,-2.0369,-0.1037,-1.2227,-7.2031
2.439,-0.9937,-0.217,3.1164,-0.997,0.7336,-1.7528,3.801,2.6649,-4.8487,-1.2195,-1.431,-0.8168,-3.0643,-7.0236
1.9502,-0.612,1.4156,3.0608,-0.4925,0.7883,-1.5083,5.1098,1.7507,-5.0561,-0.1759,-0.8627,-1.4389,-4.6776,-6.4822
1.9352,-0.1981,2.8474,2.9407,0.628,0.8486,-1.3404,6.8713,0.9685,-4.6022,1.0161,-0.1246,-2.2753,-6.2114,-5.5093
2.3381,0.468,4.575,2.696,1.7193,0.7076,-0.887,8.0568,-0.0446,-3.5935,2.3993,1.1934,-2.9778,-7.4913,-4.3825
2.2065,1.7069,5.9449,2.2388,2.5744,0.8791,-0.2537,8.9191,-1.6751,-2.8906,3.5066,2.4757,-3.3979,-8.7975,-2.6029
2.4312,2.1924,6.5853,1.9979,3.3326,0.9289,0.3519,9.4588,-3.1641,-1.8635,3.9947,3.8904,-3.3879,-9.3288,-1.0251
2.5809,2.5273,7.3858,1.8664,3.8721,1.1325,1.0427,9.9665,-4.0643,-0.5357,4.8798,5.3427,-3.1708,-9.7262,0.9214
2.3962,3.294,7.8697,1.3224,4.0952,0.9617,1.6317,10.0998,-5.1267,0.9243,5.3311,7.2194,-2.8212,-9.7366,3.3532
2.0027,3.5445,7.631,0.7339,4.1687,0.7884,2.4365,9.326,-6.1763,2.6543,5.0674,7.8982,-2.5785,-9.1141,5.2944
1.9907,3.4432,7.4925,0.8706,3.5964,0.6531,2.7334,7.7038,-7.0033,3.3942,5.2644,8.2102,-1.5752,-7.904,7.0002
1.4785,3.5786,5.8408,0.351,3.3884,0.9726,2.8356,7.1642,-6.9017,3.9129,4.6611,8.556,-0.8233,-6.021,7.9912
1.3785,2.7503,4.8947,0.9701,3.0624,1.4521,2.8088,5.396,-6.8213,3.8943,4.1332,7.9993,-0.0488,-4.4265,8.4396
1.3795,2.2588,3.511,1.1386,3.2136,1.7845,2.8752,3.8877,-6.4293,4.5373,3.6231,7.9223,0.8772,-3.0169,8.6237
1.3153,2.023,1.8075,0.6737,2.5645,2.1439,3.1921,2.2461,-6.0031,4.8046,2.4245,7.2215,1.4915,-1.4048,8.7956
1.3595,1.5109,0.5284,1.1154,1.8436,2.4277,2.7893,1.0854,-4.7929,4.8559,1.275,6.7517,2.7205,-0.0088,8.3131
1.406,0.6361,-0.4494,1.4219,1.1735,2.5274,2.7118,-0.9047,-4.406,4.5534,0.6092,5.9448,3.7833,1.2142,7.4516
1.589,0.1363,-2.0591,1.6007,0.5105,2.6775,2.4823,-2.7209,-3.5035,4.2765,-0.1778,4.839,4.6658,3.2062,6.6241
1.4373,-0.312,-4.3265,1.8303,-0.0294,2.8527,2.0625,-4.3489,-2.6789,4.2532,-1.0979,4.5291,5.503,4.9885,6.013
1.7214,-1.0245,-5.8069,2.139,-1.0847,2.7308,1.8715,-6.6224,-1.6394,3.858,-2.6156,3.6397,5.9054,6.7092,4.4009
1.9495,-1.9734,-7.5566,2.8196,-2.0366,2.5717,1.5545,-7.4397,-0.1301,2.8976,-3.6814,2.3155,6.086,8.3025,3.0194
2.0942,-2.4649,-8.7498,3.3385,-2.8346,2.3693,1.0498,-8.2984,1.5008,2.0339,-4.6136,0.6824,6.4317,9.2319,1.5773
1.7262,-3.3545,-9.649,3.7223,-3.6069,2.4467,0.5123,-8.3143,3.1681,0.7938,-5.3774,-1.131,6.2768,9.6922,-0.4424
1.7892,-3.8658,-9.7939,4.0628,-3.9979,2.512,-0.1386,-8.4526,4.1104,-0.5552,-5.6563,-2.3572,6.1036,9.2304,-2.3568
1.8017,-4.0862,-9.715,4.4417,-3.8387,2.5593,-1.0285,-8.1255,4.9744,-1.623,-5.6896,-3.045,5.5226,8.7934,-4.2218
1.9002,-4.1226,-9.3104,4.7761,-3.9389,2.4539,-1.4113,-7.0844,5.4897,-2.903,-5.4452,-3.9685,5.0275,8.012,-5.8147
1.8001,-4.1062,-8.6708,4.6532,-3.779,2.558,-1.9502,-6.512,5.4638,-3.8663,-5.1261,-3.9055,4.629,6.7049,-7.1792
2.0581,-4.0189,-7.7691,4.3361,-3.5558,2.4434,-2.3246,-5.5627,5.4715,-4.5068,-4.8143,-4.1386,3.7201,5.712,-8.1149
2.0321,-3.8352,-7.0928,4.2568,-3.2514,2.3267,-2.4103,-4.5442,5.2637,-5.0121,-5.0415,-3.7345,3.0845,4.5795,-8.9185
2.1413,-3.7866,-6.4419,4.2413,-2.6589,2.2028,-2.3868,-2.4117,5.5154,-5.2217,-4.2729,-3.8416,2.0744,3.2047,-9.3592
2.3713,-3.417,-4.4983,3.894,-2.5089,1.8592,-2.2322,-0.8094,5.2754,-5.4905,-3.6132,-2.9518,1.2378,1.9193,-9.4882
2.6121,-2.781,-2.8791,3.843,-1.8823,1.5749,-2.0627,0.5083,3.9259,-5.6822,-2.4675,-2.6258,0.428,0.2161,-9.0692
2.3878,-2.0595,-1.6008,3.9979,-1.1489,1.5653,-1.9833,1.6968,3.0467,-5.4424,-1.4604,-1.8652,-0.2152,-1.4317,-8.4777
2.664,-1.7598,-0.3343,3.9112,-0.3349,1.0862,-1.7967,3.2189,2.1441,-4.9878,-0.4706,-0.8804,-0.7616,-2.9839,-7.5593
2.6907,-0.9873,1.2762,3.4409,0.3493,0.9549,-1.4895,4.803,1.4673,-4.123,0.3187,-0.0706,-1.6119,-4.5564,-6.6698
2.3339,-0.5145,2.8862,2.5861,1.1006,1.0099,-1.422,6.4221,0.6211,-3.5611,1.0314,1.21,-1.8944,-5.4482,-5.484
2.427,0.1151,3.958,2.1976,2.2423,0.8314,-1.2253,7.2774,-0.8846,-2.801,2.154,2.1653,-2.5741,-6.87,-4.3936
2.4427,1.2429,5.3209,1.9745,2.8452,0.8605,-0.6387,8.1677,-2.048,-1.6161,2.9605,2.8314,-3.0847,-7.6736,-2.5683
2.2487,2.0776,6.1022,1.7155,3.3626,0.9206,-0.183,8.243,-3.4523,-0.7203,3.9114,4.336,-3.3449,-8.059,-1.1836
2.2337,2.4677,6.1232,1.1745,3.6779,0.7732,0.2403,7.6668,-4.7823,-0.1805,3.8769,5.938,-2.7957,-8.2629,0.2594
2.2161,2.669,6.0748,0.8424,3.8355,0.932,0.932,8.2506,-5.0044,1.0439,3.9352,6.4725,-2.7752,-7.5804,1.7815
2.1422,2.6272,6.3,-0.2312,3.6751,0.6193,1.5491,8.04,-5.3948,1.8793,3.4956,6.9735,-2.5485,-7.1312,3.1425
1.9198,2.6406,6.2169,0.1081,3.6586,0.6815,2.0886,7.9903,-5.5238,2.5953,3.2109,7.4695,-1.7994,-5.9841,4.0193
2.1449,1.7894,6.0849,0.5177,3.425,0.686,2.4975,7.5256,-6.1368,2.7045,3.7079,7.1573,-1.2212,-5.3769,5.0557
2.2942,2.2815,5.9524,1.2403,3.5101,1.0488,2.7041,5.6522,-6.4574,3.8638,3.94,7.3587,-0.5531,-4.5499,6.2287
2.1143,2.5667,4.7672,0.9591,3.2215,1.177,3.054,4.4377,-6.6728,3.8506,3.8444,7.7111,-0.0841,-3.5415,7.216
1.8354,2.3406,3.6494,0.9033,2.9176,1.2804,3.2658,2.9646,-6.6348,4.3305,3.081,7.866,0.7749,-2.3017,7.5602
1.57,2.063,1.963,1.0429,2.5535,1.3774,3.022,1.8416,-6.0408,4.5644,2.3983,7.3975,1.377,-1.0382,7.4119
1.6215,1.4326,0.5312,1.2182,1.9285,1.6982,2.7847,0.3396,-5.4486,4.5462,1.6144,6.782,2.3902,0.4335,7.2869
1.8146,0.8667,-0.5458,1.0826,1.2843,1.8144,2.4485,-1.2572,-4.4105,4.5092,0.6232,6.0896,3.4475,2.243,6.4037
1.8876,0.3764,-1.7443,1.7899,0.5621,1.8212,2.0689,-3.2494,-3.7691,4.0518,0.0772,5.6007,4.0154,3.7195,5.7281
1.7438,0.0066,-3.2523,2.0074,-0.1659,2.1302,1.6642,-5.2349,-3.272,4.0431,-0.825,4.5011,4.9369,5.5784,4.6286
2.2867,-0.6917,-5.3833,2.2532,-1.0629,2.0496,1.3441,-6.498,-2.1328,3.4803,-1.623,3.624,4.913,7.3472,3.777
2.1248,-1.5348,-6.909,2.6446,-1.9946,2.0467,0.9869,-8.0348,-0.5748,2.7633,-3.1907,3.1724,5.5491,8.8881,2.365
1.956,-2.3647,-8.3845,3.2794,-2.7569,2.1046,0.5115,-9.165,0.6237,1.9609,-4.423,1.8278,6.197,9.7821,0.8302
2.1589,-3.2375,-9.4346,3.6772,-3.391,2.4051,0.0164,-9.607,2.1679,0.791,-5.2281,0.0892,6.4566,9.8016,-0.9263
2.2606,-3.6014,-9.808,4.0281,-3.8208,2.4352,-0.6965,-9.2954,3.6915,-0.0365,-5.9142,-1.4506,5.8727,10.117,-2.7187
2.2734,-4.0642,-9.8925,4.5105,-4.1128,2.4232,-0.8884,-9.3004,4.3753,-1.1582,-6.1396,-2.9765,5.3389,9.6692,-4.5359
2.2051,-4.1764,-9.7556,4.5785,-4.2767,2.6518,-1.7563,-8.7885,4.9656,-2.4966,-6.2405,-3.5547,5.1018,9.1521,-6.2944
2.7155,-4.1969,-9.142,4.6805,-4.041,2.3923,-2.141,-8.7101,5.2682,-3.7758,-6.0966,-4.0549,4.6276,8.3302,-7.9908
2.8474,-4.2605,-8.6368,4.5726,-3.7467,2.2938,-2.2585,-7.44,5.5686,-4.3187,-5.6377,-4.3743,3.9172,7.4229,-8.8825
2.7305,-3.7581,-7.7246,4.4444,-3.3526,2.1492,-2.5762,-6.2081,5.82,-4.6755,-5.3705,-3.67,3.3219,6.2011,-9.5673
2.8379,-3.6681,-7.0538,4.5336,-2.9246,2.0954,-2.6758,-4.8522,5.4628,-5.1172,-4.8003,-3.681,2.9262,4.3972,-9.9256
3.0557,-3.1326,-5.4187,4.4175,-2.2024,1.6867,-2.7152,-3.1769,5.1475,-5.0406,-4.267,-3.4236,1.9649,3.0704,-9.9674
2.8259,-2.6157,-4.0848,3.9965,-1.5901,1.5979,-2.582,-1.3583,5.0513,-5.5096,-3.7597,-3.1959,1.1246,1.3319,-10.2024
2.9476,-2.4746,-2.4388,3.786,-0.9839,1.3544,-2.1976,0.284,4.1676,-5.7036,-3.1178,-2.4359,0.2671,-0.4455,-9.9754
3.0321,-1.9806,-0.8642,3.5267,0.0686,0.7432,-1.8896,2.6136,3.0369,-4.8268,-1.773,-1.8629,-1.0302,-2.3819,-8.9376
2.9725,-1.4723,1.3071,3.393,0.9064,0.6058,-1.3238,4.0934,1.923,-4.3612,-0.6243,-1.1876,-1.6711,-4.3966,-7.6955
3.0057,-0.5527,3.2681,3.0328,1.6924,0.8571,-0.9233,5.8349,0.5038,-3.7221,1.042,0.1119,-2.5551,-5.6257,-6.0789
2.8972,0.4176,4.6161,2.3562,2.5667,0.8185,-0.618,7.0573,-0.911,-2.538,2.065,1.1781,-2.6221,-7.3168,-4.5159
3.0523,1.3449,6.0465,1.8654,3.2599,0.9062,-0.6092,8.0955,-2.0476,-1.9317,2.9335,2.7116,-3.1029,-8.2031,-2.7377
2.9634,1.8516,6.8775,1.3798,3.9372,0.7633,0.0228,8.6068,-3.8396,-1.0522,3.5369,4.1025,-3.3212,-8.75,-1.389
2.7414,2.5464,7.2635,1.0336,4.2084,0.6802,0.803,8.6577,-4.9825,0.088,4.0621,5.249,-3.2767,-8.8897,0.6825
2.6318,2.5898,7.3018,0.9377,4.4544,0.7529,1.3981,9.0496,-5.7157,1.2217,4.1803,6.4499,-2.303,-8.3725,2.3804
2.2504,2.9257,7.4465,0.6534,4.3329,0.9864,1.8898,8.102,-6.2405,2.3104,3.8485,6.9074,-1.8974,-7.8747,3.7346
1.9974,2.8485,6.8058,0.5982,4.6373,1.2912,2.4452,7.3117,-6.6578,2.8843,3.9471,7.5369,-1.4704,-7.3507,5.116
2.1294,2.6925,5.994,0.4706,4.1617,1.173,2.837,6.6,-6.6995,3.1891,3.5616,7.6966,-0.6501,-6.4155,5.418
2.122,2.5635,5.6635,0.4219,3.8774,1.4651,3.2508,5.7678,-6.3754,3.7716,2.9034,7.9675,-0.1676,-4.9171,6.2717
2.1155,2.2305,4.6804,0.6492,3.8448,1.5638,3.3797,4.5221,-6.5257,3.9816,2.5645,7.5622,0.3964,-3.593,6.4295
2.0525,1.8226,3.2629,0.9814,3.3904,1.8938,3.3791,3.3953,-6.3558,4.4453,2.2349,7.5171,1.1249,-2.4412,6.8601
1.9553,1.615,2.1108,0.9317,2.9989,1.8651,3.1493,1.6151,-6.2194,4.2672,1.271,7.1891,1.8972,-1.2073,6.8661
1.8647,0.7979,0.611,0.5893,2.0621,1.9164,3.005,0.761,-4.9481,4.4386,0.556,6.7916,3.2853,0.2647,6.4458
2.2564,0.5094,-0.2553,1.0686,1.3704,1.92,2.6561,-0.7919,-4.3392,4.1502,0.01,6.1943,3.549,1.4686,5.8001
2.0182,0.2491,-1.619,1.4418,0.833,2.0198,2.4438,-2.2737,-3.6769,3.488,-0.7035,5.2158,4.2795,3.1738,4.9497
1.9868,-0.3126,-3.3476,1.544,0.3802,1.8087,2.2828,-3.691,-2.5877,3.1674,-1.5719,4.9151,4.867,4.7236,4.1329
2.072,-1.0529,-5.0411,2.1269,-0.3041,2.0563,1.9465,-6.2617,-2.5612,2.8604,-2.689,3.8984,5.6066,5.8855,3.2233
1.6723,-1.9245,-7.3419,2.4553,-0.9934,2.4988,1.2536,-7.1663,-0.9744,2.761,-3.832,2.8365,5.7784,8.0071,1.8099
1.5255,-2.6818,-8.6692,2.6361,-1.9112,2.9001,0.8436,-7.9709,0.7159,1.5494,-4.8703,1.3676,5.7826,9.0494,0.2234
1.7909,-3.4566,-9.3441,3.2519,-2.6847,2.9724,0.4491,-7.8607,2.9825,-0.0832,-5.7338,-0.0148,5.8296,9.4231,-1.6122
2.3177,-3.7762,-8.8798,3.8222,-3.0342,2.8284,-0.2483,-8.3568,3.8839,-1.1592,-5.7705,-1.4289,5.6383,9.016,-3.6434
2.4601,-3.8587,-8.9846,4.3325,-3.0053,2.492,-0.848,-7.9949,4.5885,-2.2946,-5.8449,-2.1682,5.4154,8.5265,-4.9077
2.5307,-3.7991,-8.6382,4.7421,-2.7936,2.6066,-1.3173,-7.8935,4.7961,-3.3184,-5.5762,-2.9774,4.9289,7.7084,-5.84
2.5144,-3.6636,-8.487,4.6597,-2.6986,2.3503,-1.7549,-7.1653,5.3077,-4.0768,-5.6888,-3.6854,4.5557,6.7306,-7.6175
2.7336,-3.6932,-7.9182,4.4253,-2.6884,2.3303,-2.0219,-6.2197,5.3465,-4.7287,-5.5619,-3.7131,4.0026,5.6788,-8.6497
2.8497,-3.7,-6.853,4.2675,-2.3569,1.921,-1.9187,-4.8822,5.4625,-4.928,-5.0933,-3.6899,3.053,4.5835,-9.1608
2.8793,-3.2218,-5.9262,3.9502,-1.6151,1.8154,-2.0044,-3.3319,5.3413,-5.4638,-4.6607,-3.6325,2.9208,3.3021,-10.0702
2.9721,-2.7364,-4.5746,3.8763,-1.05,1.5854,-1.8172,-2.4729,4.9406,-5.5554,-4.1767,-3.1869,1.9533,1.9604,-10.0883
2.9552,-2.2512,-3.5661,3.8356,-0.623,1.718,-1.6257,-0.8626,4.2502,-5.3697,-3.412,-2.4814,1.0435,0.4129,-9.6943
3.0486,-2.1227,-2.4115,3.6264,-0.1839,1.7152,-1.3871,0.2356,3.38,-5.3225,-2.5655,-1.9207,0.2848,-1.1792,-9.259
3.1586,-1.4711,-1.3489,3.5614,0.4144,1.3746,-1.1459,1.842,2.921,-4.6125,-1.6451,-1.534,-0.7023,-2.7784,-8.1399
3.217,-0.9279,0.0507,3.2394,1.1145,1.6433,-1.1119,3.8771,1.9804,-4.6481,-0.9996,-0.6741,-1.3913,-3.8684,-7.1553
3.3571,-0.1845,1.9339,3.0055,1.7529,1.4655,-0.9392,5.243,0.9079,-4.1099,-1.2828,0.2297,-2.1294,-5.39,-6.6463
3.3254,0.7816,3.501,2.3816,2.5479,1.0844,-0.5861,7.321,0.2707,-3.5669,-0.0473,0.6069,-2.64,-6.4494,-5.6623
3.2166,0.8773,5.2915,1.907,3.2941,1.1028,-0.1667,8.197,-0.982,-3.3183,1.3971,1.585,-2.7484,-7.8505,-4.4111
3.1606,1.681,6.2178,1.4297,3.8044,1.161,0.3006,8.7453,-2.5684,-2.2771,2.6002,2.9643,-2.9825,-8.703,-2.9149
3.0479,2.2606,7.0447,1.432,4.2554,1.299,0.8625,8.9742,-3.9244,-1.498,3.5256,4.5082,-2.9934,-9.1273,-1.3435
2.964,2.49,7.5373,0.9681,4.75,1.3623,1.3247,8.6886,-5.3145,-0.3586,3.5378,6.1467,-2.9201,-8.7495,0.4022
2.5527,2.7884,6.8516,0.8249,5.1354,1.4858,1.8396,8.2354,-6.2503,1.2923,4.0655,6.8955,-2.5082,-8.2402,2.5561
2.2446,3.1748,6.1953,0.7748,4.0693,1.5003,2.2627,6.8074,-6.7577,2.0747,3.9751,7.7028,-1.2608,-7.7339,3.6065
2.3239,2.9251,4.9931,0.3436,4.1054,1.8857,2.6982,6.1807,-6.5086,1.9576,3.1623,8.0719,-0.9867,-6.1082,4.2315
2.1725,2.4944,4.2288,0.1026,4.2128,2.0255,2.9112,5.1224,-6.0733,2.2086,2.4303,8.0386,-0.5647,-4.7142,4.985
2.3454,1.8932,3.6306,0.5258,3.8316,2.1986,3.0901,3.9785,-5.537,2.9185,2.1232,7.6915,0.4508,-3.4674,5.4528
2.1334,1.628,2.6247,1.1776,3.5141,2.8127,3.2387,2.4651,-5.5268,3.7956,2.1269,7.1314,1.188,-2.3277,6.0475
1.9026,1.6871,1.2597,0.9724,3.1707,3.0883,3.135,0.7718,-5.3091,4.204,1.2205,6.6971,1.7991,-0.9694,5.8819
2.0551,1.2125,0.2167,1.1331,2.2325,2.8916,2.699,-0.4994,-4.6285,3.9205,0.3825,6.0386,2.8463,0.4578,5.8788
2.2423,0.7905,-1.4327,0.9821,1.6423,2.7571,2.5016,-2.2195,-3.9656,3.6645,-0.4817,5.3221,3.4508,2.3082,5.0817
2.2059,0.2918,-3.1363,0.9775,1.0766,2.6599,2.1688,-3.7305,-2.7426,2.9772,-1.6441,5.2083,4.3775,4.0634,4.1541
1.9001,-0.2031,-4.9726,1.5153,0.2094,2.696,1.9273,-5.2664,-1.934,2.5008,-2.7317,4.2928,5.1803,5.6349,3.1229
2.0722,-1.1762,-6.3509,1.9919,-0.4904,2.4595,1.6527,-6.6159,-0.9316,2.166,-3.5754,3.2714,5.4914,6.9517,1.9221
2.1804,-2.135,-7.5308,2.6476,-1.1464,2.4612,1.4102,-6.634,0.8073,0.8982,-4.6974,1.8718,5.4555,8.1225,0.4384
2.3179,-2.6408,-7.7567,2.8805,-1.9752,2.2992,1.1304,-7.3132,1.8656,0.451,-5.1248,0.1859,5.4649,8.4288,-1.0536
2.4609,-3.1185,-8.542,3.1486,-2.1431,2.1769,0.5272,-8.257,2.7335,-0.689,-5.6841,-0.988,5.7461,8.4667,-2.7753
2.2852,-3.2781,-9.0656,3.6274,-2.2896,2.1792,-0.074,-7.8994,4.2814,-1.4251,-5.8471,-2.1328,5.7621,8.942,-4.3466
2.4443,-3.6088,-8.5373,4.0119,-2.4825,2.2692,-0.6662,-8.0072,4.5652,-2.7337,-6.0871,-2.5563,5.4659,8.3204,-5.5116
2.5933,-3.245,-8.6548,3.893,-2.3614,2.0145,-0.9658,-7.2024,4.4635,-3.3527,-5.8709,-2.5514,5.6186,7.848,-6.9704
2.5989,-3.523,-8.2142,3.711,-2.2267,1.9516,-1.218,-6.7532,4.7668,-4.0538,-5.9455,-2.793,4.7542,7.0071,-8.1941
2.6206,-3.3907,-7.3994,3.6876,-2.0655,1.7981,-1.5367,-5.8545,5.3193,-4.4442,-5.2588,-2.9974,4.1386,6.3742,-8.8295
2.3647,-3.0926,-6.7228,4.2612,-1.6527,2.0026,-1.7548,-5.4975,4.5408,-4.6007,-4.644,-2.8422,3.6461,5.3112,-8.9194
2.8741,-3.037,-6.4553,4.2348,-1.2215,1.6138,-1.8893,-4.1201,4.377,-4.8903,-4.4591,-2.1282,3.0834,4.5104,-9.4989
2.5884,-2.6709,-5.7644,3.6769,-1.3299,1.5489,-1.6709,-3.8954,3.7157,-4.7774,-4.6272,-1.5723,2.3825,3.1385,-9.5091
2.8709,-2.6299,-5.4481,3.2437,-0.7521,1.2436,-1.4056,-2.2244,4.0829,-5.3064,-4.6207,-1.5256,1.8215,2.5805,-9.5939
2.7597,-2.8539,-4.3737,3.4121,-0.2762,1.1181,-1.285,-0.5977,4.0963,-5.3049,-4.0686,-1.8572,1.2057,1.4485,-9.2814
2.8742,-2.539,-2.7991,3.2651,0.1374,0.7503,-0.9574,0.9504,3.9501,-4.8239,-3.593,-1.5025,1.1492,-0.4283,-8.6944
2.9679,-1.9885,-1.0777,3.1761,0.5254,0.8424,-0.7568,2.5539,3.0427,-4.6331,-2.5912,-1.5137,0.3642,-2.0769,-8.0883
3.1537,-1.3056,0.7133,3.1915,1.3457,0.7512,-0.6677,4.3025,2.382,-4.1797,-1.709,-0.5888,-0.8784,-3.973,-7.203
3.0812,-0.7131,2.4705,2.9735,1.742,0.8216,-0.3824,5.9238,1.2769,-4.026,-0.3103,0.2423,-1.8771,-5.7338,-6.2869
3.0296,0.0719,4.2989,2.9599,2.8077,0.7725,-0.0516,7.1455,-0.1362,-4.3248,1.2842,1.202,-2.5682,-7.1545,-5.1895
3.213,1.1744,5.6418,2.1907,4.0593,0.4111,0.2097,8.4651,-1.4196,-3.1187,2.2828,2.6511,-2.6943,-8.4111,-3.8649
3.0321,1.9706,6.5819,1.9418,4.5234,0.2139,0.5843,9.4189,-2.9369,-1.6735,3.2887,4.2268,-2.7103,-8.8315,-1.8426
2.7332,2.5752,7.61,1.5016,4.8777,0.6473,1.2899,9.3121,-4.2731,-0.9508,4.0465,5.7877,-2.7378,-9.4368,-0.0976
2.6523,3.0048,7.8243,1.061,5.1862,0.5298,2.1488,8.502,-5.9224,0.0257,4.2647,7.4986,-2.3237,-9.2133,2.0439
2.3106,3.0691,6.8854,0.691,5.916,0.5761,2.6211,8.5304,-6.4124,2.0836,4.0401,8.4117,-1.9849,-8.0341,3.9138
2.23,2.8881,6.3005,0.2476,5.4253,0.6262,3.1539,7.8404,-6.82,2.9844,3.7743,8.799,-1.1887,-7.3339,5.1859
2.0778,2.6354,5.602,0.1241,4.6446,0.7418,3.5212,6.8747,-6.8514,3.586,3.0726,8.7665,-0.5788,-6.4775,6.3096
2.0412,2.2253,4.8739,0.4152,4.5761,1.0981,3.4811,5.6908,-6.5389,4.0427,2.6149,8.8501,-0.1962,-4.7303,6.7175
2.2639,1.9483,4.5022,0.5667,4.0457,1.2245,3.4742,4.5048,-6.4442,4.7955,2.3733,8.3522,0.7128,-3.1468,7.2888
2.2887,1.7819,3.1074,0.5807,3.6331,1.3197,3.5569,2.8869,-6.3473,5.273,1.8341,8.5876,1.6786,-1.6999,7.7387
2.4775,1.6043,1.646,1.0189,2.839,1.4041,3.4907,1.3838,-5.9597,5.2629,1.1515,8.7215,2.458,-0.1645,7.3256
2.4764,0.816,0.3862,0.8072,2.344,1.3288,3.2159,-0.0923,-5.2536,4.7187,-0.0597,7.9198,3.5078,1.8481,7.1127
2.5327,0.2617,-1.0828,1.2662,2.225,1.589,3.0021,-2.2983,-4.606,4.709,-0.8657,6.9444,4.1095,4.0647,6.1198
2.5171,-0.068,-3.2074,1.4305,1.3488,1.6909,2.7378,-3.4931,-3.3168,4.922,-2.0399,5.5869,4.2003,5.5638,5.4197
2.7081,-0.6396,-4.9666,1.696,0.239,1.929,2.7099,-5.1299,-2.0677,3.8659,-3.3513,4.5978,5.0836,7.0685,4.317
2.579,-1.5119,-6.662,2.0065,-1.0383,1.9254,2.4012,-6.305,-0.7164,3.0573,-4.7573,3.2738,5.7972,8.6569,2.7288
2.4298,-2.7226,-7.9233,2.6851,-1.9445,1.968,1.9586,-7.4147,0.7105,1.7912,-6.4785,1.8918,6.0496,9.8534,0.7044
2.6226,-3.8768,-9.0123,3.404,-2.356,1.6239,1.3375,-7.4721,2.548,0.6812,-6.234,-0.2464,5.7428,10.3706,-0.7496
2.6223,-4.1583,-9.4169,3.6732,-2.9427,1.6109,0.5878,-7.9506,3.6733,-0.0913,-6.6037,-1.3875,6.0197,10.4052,-2.9966
2.8461,-4.2281,-9.8183,3.909,-2.9259,1.5442,-0.0409,-7.636,4.5296,-1.3921,-6.8126,-2.4649,5.9231,9.9545,-4.5938
2.8906,-4.3431,-9.6394,4.096,-3.0558,1.5142,-0.6647,-6.8547,5.6417,-2.9195,-6.7906,-2.8722,5.2255,8.8912,-6.1195
2.9685,-4.2164,-8.5767,4.0665,-2.9061,1.7532,-1.2628,-5.8488,6.2898,-3.9677,-6.6887,-3.2956,4.4104,7.7837,-7.5942
3.3272,-4.2812,-7.2665,4.3632,-2.5553,1.7592,-1.5573,-4.628,6.0235,-4.9684,-6.1142,-3.1569,3.533,6.0428,-8.62
3.3956,-3.9814,-5.9522,4.0236,-2.1792,1.4112,-1.0324,-3.3975,5.4723,-5.0215,-5.5774,-3.2969,2.716,4.3117,-9.4376
3.5544,-3.466,-4.7778,3.4775,-1.265,0.8677,-1.4368,-1.2327,5.4605,-5.5796,-4.8565,-2.8983,2.4076,3.1143,-9.8892
3.5435,-2.9676,-2.9511,3.5771,-0.4533,0.6858,-1.3212,-0.3397,4.5947,-5.3091,-3.9762,-2.1814,1.5661,1.4057,-9.5608
3.6092,-2.5192,-1.9629,3.8567,-0.0063,0.6008,-1.2527,0.6623,3.2067,-4.4594,-2.934,-1.772,0.3664,0.0131,-8.5919
3.2945,-1.9232,-1.0189,3.5879,0.4535,0.9032,-1.1912,2.0119,2.4286,-4.3672,-2.3514,-1.0662,-0.1958,-1.4871,-7.976
3.6045,-1.5513,0.4002,3.2621,0.8957,0.8572,-1.2433,3.9097,1.9847,-4.3735,-1.6263,-0.1905,-1.3272,-2.8926,-7.1714
3.8459,-1.2313,2.5204,3.1119,1.6136,0.5813,-0.9063,5.6917,1.181,-4.1829,-0.6312,0.8212,-1.7772,-4.6825,-6.4146
3.8195,-0.3129,4.2013,2.9003,2.4274,0.3848,-0.5253,7.1618,0.059,-3.8986,0.9764,1.696,-2.3775,-5.873,-5.3609
3.7136,0.7475,5.5584,2.4574,3.2963,0.2656,-0.1101,7.7844,-1.5217,-2.4835,1.9322,2.8292,-2.5106,-6.6627,-3.9445
3.3605,1.5024,6.1551,2.1163,3.9978,0.2729,0.4385,8.0969,-3.3815,-2.102,2.5446,4.2229,-2.6472,-7.2372,-2.5304
3.4561,1.8532,6.9231,1.6803,4.8389,0.0694,0.8594,8.5608,-4.5236,-0.8465,3.1623,5.6539,-2.4765,-7.2703,-0.8725
2.89,2.0974,6.5884,0.4679,5.1458,0.3716,1.2459,8.2922,-5.553,0.2569,2.5727,7.2854,-2.3854,-6.9022,1.018
2.8614,1.7524,6.2623,0.7858,5.1796,0.7196,2.0905,7.9583,-5.7219,1.6495,2.5383,7.4551,-2.2515,-6.0746,2.4226
2.9309,1.5474,5.9059,0.7901,5.132,0.8117,2.5836,6.9873,-6.1064,2.5442,2.1724,7.3432,-1.5585,-5.2943,3.5947
3.016,1.7464,5.03,-0.2501,4.6262,1.0014,2.9393,6.3278,-6.0384,3.52,1.6447,7.314,-1.1126,-4.2923,4.4686
3.114,1.4293,4.3688,0.2988,4.2551,1.1013,3.1216,5.5949,-5.4268,3.7862,1.2311,7.4201,0.2887,-3.1357,5.3556
2.6622,1.2386,3.4874,0.6073,3.8105,1.2342,3.1534,4.3007,-5.226,4.2829,0.9965,7.1603,0.6405,-2.1195,5.7948
2.7705,0.8764,2.8248,0.9835,3.486,1.3823,3.2963,3.4503,-4.6698,4.085,0.6262,7.3737,1.1449,-1.074,5.9017
2.935,0.4781,2.1119,1.5015,3.0782,1.7419,3.522,2.4276,-4.5686,4.2,0.237,6.6918,1.8478,0.1067,6.1106
2.974,0.1134,1.3095,1.0896,2.9024,1.9247,3.6461,0.7688,-4.415,4.4774,-0.1327,6.1651,2.4195,1.4941,5.8768
2.8514,0.0763,-0.2716,1.1215,1.9584,1.6451,3.197,-0.8363,-3.8781,4.9344,-0.8754,5.8161,3.1894,3.074,5.8802
3.2228,-0.5925,-1.6735,1.6091,1.2907,1.5281,3.1393,-2.5313,-3.1745,3.9243,-1.5091,5.4039,4.0968,4.9758,5.034
3.0141,-0.8934,-3.4685,1.6453,0.519,1.2725,2.4435,-4.0558,-2.2776,4.0537,-2.5046,4.4285,4.4048,6.533,3.9703
3.0021,-1.3762,-5.3452,1.849,-0.2356,1.2029,2.0292,-5.5459,-1.4964,3.2513,-3.8625,3.5626,5.2527,8.019,2.9834
2.8405,-2.2512,-6.5207,1.9538,-0.9345,1.1774,1.7446,-6.7014,-0.1135,2.3325,-4.8237,2.4981,5.6083,9.6736,1.6866
2.7466,-3.2685,-8.1388,2.3006,-1.7153,1.3216,1.2491,-7.5081,1.3446,1.5978,-5.8637,1.214,6.2381,10.4539,-0.0557
2.8179,-3.9043,-8.9596,3.4543,-2.5779,1.4292,0.6324,-8.6768,2.819,0.5327,-6.2647,-0.5362,6.0151,10.9339,-1.8637
2.9218,-4.3929,-9.6222,3.864,-2.9525,1.2354,-0.0769,-8.8512,4.4124,-0.7936,-6.7089,-1.7185,5.4182,11.29,-3.867
3.1649,-4.2462,-9.8467,3.9406,-2.9582,1.1218,-0.6015,-8.115,5.4341,-1.9346,-7.226,-2.6106,5.2457,10.7033,-5.3278
3.3617,-4.7033,-9.427,4.5159,-2.9492,0.5594,-1.3554,-7.3512,5.9529,-2.9825,-7.1243,-3.2839,4.6751,9.7204,-7.0298
3.4426,-4.4718,-8.5415,4.2632,-3.2273,0.7882,-1.8512,-6.0269,6.3582,-4.2985,-6.9621,-3.6434,3.8786,8.4175,-8.6614
3.5267,-4.3919,-7.5291,4.3509,-2.7634,0.9512,-2.2554,-4.7526,6.4604,-5.3594,-6.6095,-3.7809,2.7437,7.1681,-9.9703
3.4497,-4.027,-6.3126,4.1483,-1.8841,0.6229,-2.1174,-3.2493,5.8929,-5.572,-6.1555,-4.0271,1.9246,5.7047,-10.7344
3.778,-3.5588,-5.0936,3.9365,-1.2567,0.4606,-1.7655,-1.5905,5.9111,-5.6783,-5.3869,-3.5198,0.8916,3.6644,-10.9174
3.395,-3.2,-3.5636,3.9167,-1.2855,0.2917,-1.7606,0.0677,5.3369,-5.8577,-4.4499,-3.1049,0.0495,1.9681,-10.4003
3.4393,-2.8198,-2.2208,3.7045,-0.2849,0.1974,-1.8324,1.7242,4.828,-5.8608,-3.4218,-2.416,-0.9221,0.47,-9.9553
3.522,-2.2515,-0.3887,3.719,0.4789,0.1637,-1.3731,3.8854,4.0577,-5.6968,-2.2842,-1.4221,-1.7451,-1.7594,-9.5923
3.4122,-1.6815,1.4883,3.3964,1.4007,0.2717,-0.9905,5.7882,2.9204,-5.3119,-1.2141,-0.3671,-2.095,-4.1292,-8.5331
3.6733,-0.7094,3.6493,2.9264,2.1613,0.1718,-0.5617,7.169,1.385,-4.4803,-0.2605,0.5827,-2.7225,-6.0637,-7.5753
3.7251,0.2342,5.185,2.583,3.1995,-0.0712,-0.0864,8.6352,0.1004,-3.6358,0.8766,2.1449,-3.3631,-7.3398,-5.8779
3.4062,0.5432,6.4966,2.4188,3.9467,-0.0222,0.4699,9.6919,-1.7052,-2.6433,2.0199,3.5222,-3.8218,-8.1256,-3.664
3.4559,1.345,7.4005,2.0801,4.5971,-0.2587,1.0065,10.3649,-3.2838,-1.2643,2.9597,4.7283,-4.039,-8.6322,-1.9102
3.3846,2.0023,7.8787,1.7299,5.2282,-0.1804,1.7348,10.8486,-4.2188,-0.5308,3.5399,6.2431,-3.9657,-9.3323,0.0475
3.2857,2.2637,8.2637,1.0019,5.5307,0.2119,2.4034,10.982,-5.3108,0.8423,3.4527,7.4435,-3.9349,-8.9241,2.0471
3.4185,2.3753,8.5297,0.7442,5.613,0.3728,3.101,10.6316,-6.2897,2.4662,3.4939,7.877,-3.1967,-8.0976,4.1674
3.4306,2.4909,7.9962,0.6351,5.373,0.4158,3.5072,9.8657,-6.6542,3.4781,3.3379,8.352,-2.1119,-7.0001,6.1223
3.2161,2.5574,7.4943,0.6436,5.0524,0.6396,3.9299,8.316,-7.0519,4.4813,3.4229,8.7304,-1.6708,-6.1618,7.0408
3.3163,2.332,6.2397,1.0041,4.5872,0.7216,4.0529,6.9047,-7.189,5.1886,3.3758,8.7516,-0.9318,-4.1522,7.8205
3.208,2.2036,5.0913,0.4529,4.1166,0.6997,4.0005,4.975,-6.9298,5.3343,2.6359,9.0616,0.1662,-2.5654,8.2018
2.9353,2.0367,3.3688,0.5593,3.547,0.7989,4.0417,3.4365,-6.4671,5.4088,1.6369,8.791,0.8939,-0.5862,7.978
3.2137,1.3114,2.4347,0.8867,3.1741,0.7678,3.8615,1.4588,-5.6339,5.1878,0.5556,8.0765,2.1506,1.4138,7.4834
2.9101,0.9569,0.2667,1.189,2.6559,0.9862,3.7844,-0.154,-4.8615,5.6553,-0.2656,7.0794,3.1025,3.0619,7.0628
3.0865,0.2024,-1.2467,1.1739,1.7952,0.8942,3.3862,-2.1814,-3.7829,5.0189,-1.2739,6.5729,4.0807,5.1073,6.2178
2.8792,-0.2837,-3.3058,1.5056,1.0368,0.8244,3.2221,-4.1194,-2.7852,4.5935,-2.4084,5.6771,4.7899,7.1094,5.5644
2.807,-1.3563,-5.3407,1.845,0.051,0.8234,2.8879,-6.2699,-1.7816,4.1148,-3.99,4.2966,5.4825,8.6803,3.5908
2.9062,-2.4933,-7.1334,2.5628,-1.0556,0.64,2.5688,-7.143,-0.145,3.3296,-5.0936,3.0708,5.8909,10.3633,2.4249
2.9279,-3.4555,-8.6251,3.1402,-2.0603,0.8286,1.9246,-7.9478,1.4887,2.3036,-6.1185,1.5703,6.0627,11.1566,0.9658
