x0,x1,x2,x3,x4,x5,x6,x7,x8,x9,x10,x11,x12,x13,x14
0.0471,1.2188,6.1253,0.8019,1.8426,-0.6939,-0.5816,7.0211,-0.714,-2.5562,3.6011,-0.4431,-4.1544,-8.1729,-3.3816
0.3007,2.1691,7.1501,0.0054,2.9303,-0.718,-0.3824,8.0007,-2.1157,-1.4122,4.5842,0.9951,-4.2049,-8.6481,-1.2779
0.3848,2.6101,8.3017,-0.0398,3.0793,-0.8142,0.4505,8.2459,-3.709,-0.6264,5.0798,2.7407,-4.2016,-9.3846,0.131
0.8844,3.4519,8.3853,-0.7509,3.4145,-0.9996,1.2799,8.9614,-4.5062,0.6249,5.3233,3.8741,-3.926,-9.1163,2.3195
-0.0444,3.2602,8.6532,-1.3997,3.7773,-0.6833,1.795,8.6197,-5.3452,1.7387,5.3954,4.8689,-3.3484,-8.5624,4.3877
0.2758,3.2327,8.4724,-1.3724,3.8409,-0.7775,2.3416,7.7809,-6.2006,2.9173,5.2527,5.606,-3.1048,-7.8111,5.8672
-0.2346,3.5355,7.3947,-1.4169,3.595,-0.5073,2.381,6.7119,-6.5607,3.9197,5.1077,5.7574,-2.0698,-6.9112,7.1962
-0.4739,3.5468,6.7454,-1.7535,3.3213,-0.253,2.5493,5.6997,-6.515,4.8819,5.0014,5.9527,-2.0632,-5.6251,8.4683
-0.7111,3.2411,5.2792,-1.5006,2.961,-0.023,2.6439,4.3293,-6.2866,5.3822,4.513,5.8755,-1.409,-3.9793,9.337
-0.4531,2.9294,4.2167,-1.8559,2.4609,0.066,2.7184,3.0643,-5.6991,5.3464,3.5252,5.7094,-0.4651,-2.3772,8.9264
-0.4571,2.6707,3.0827,-1.3888,1.7497,0.2208,2.4855,1.4295,-5.2815,4.7389,2.8854,5.201,0.2358,-0.7558,9.0198
-0.269,2.076,1.861,-1.2208,1.2511,0.5194,2.151,-0.5787,-4.9387,4.853,1.8467,4.4409,1.9188,1.2238,8.2662
-0.1594,1.2466,0.3936,-0.8597,0.7591,0.6237,1.9764,-2.434,-4.0756,4.8028,1.2518,3.4835,2.7708,3.4217,7.6056
-0.6006,1.6256,-1.5453,-0.645,-0.0015,0.9077,1.7044,-4.8919,-3.614,5.545,0.4971,2.6143,3.5651,5.1577,7.123
-0.1652,0.6633,-3.6055,-0.0194,-1.1722,0.9916,1.2879,-6.5957,-2.0549,4.1215,-0.3427,1.6612,4.0793,6.6549,6.2087
-0.0801,0.1059,-5.4428,0.2514,-1.8931,0.8929,0.8409,-7.8992,-0.782,3.4834,-1.4769,0.9351,4.5839,8.3972,4.6362
-0.454,-1.0097,-7.0068,0.3905,-2.7314,1.1022,0.4031,-9.4586,0.4084,2.9466,-2.9001,-0.3399,5.3915,9.8079,3.0896
0.2258,-2.1015,-8.1821,0.8065,-3.8948,1.0511,0.276,-10.1976,2.1873,2.04,-3.8007,-1.7526,5.7478,10.2206,1.6643
0.3784,-2.5366,-9.2919,1.4183,-4.8829,0.9694,-0.4727,-10.3547,4.092,1.1372,-4.6311,-3.1727,5.4931,10.9401,0.021
0.7424,-2.9204,-9.2757,1.8604,-5.2528,0.5135,-1.2579,-10.4896,5.0,-0.3518,-5.2198,-4.3909,5.6133,11.1173,-1.9315
0.6214,-3.0072,-9.401,1.9848,-5.2354,0.1764,-2.0623,-9.7524,5.7782,-1.7424,-5.4536,-5.3075,4.7257,11.0944,-4.0503
0.4773,-3.2325,-8.8475,2.2763,-5.1937,-0.1846,-2.3326,-9.4517,6.0705,-2.8521,-5.4036,-6.055,3.9311,10.1905,-6.0091
0.5971,-3.2238,-7.7691,2.248,-5.7538,-0.311,-2.5585,-8.1108,6.5094,-4.4768,-4.5082,-6.471,3.3564,8.6611,-7.4791
0.7193,-2.6111,-6.575,2.3727,-4.8485,-0.5038,-3.1754,-7.2413,6.1176,-5.6219,-4.0439,-6.2456,2.7227,7.2895,-8.6984
0.7184,-2.465,-5.9391,2.1985,-3.7187,-0.3858,-3.6432,-5.8653,5.9211,-5.2849,-3.8868,-6.0922,1.7633,6.0879,-9.2533
0.577,-2.2367,-5.2411,2.2777,-2.853,-0.4006,-3.1074,-4.1835,5.6335,-4.825,-3.1677,-5.7878,0.8716,4.6122,-9.1173
0.9819,-2.072,-4.0813,2.1139,-2.8636,-1.0115,-2.8998,-2.411,5.3493,-4.7722,-2.554,-5.514,-0.0753,2.6098,-8.7964
1.3022,-1.5359,-2.5341,1.9865,-2.8232,-1.1975,-2.6353,-0.3889,5.1538,-4.8648,-1.8039,-5.0451,-1.1502,0.5891,-8.3572
1.1195,-0.7311,-0.5401,1.4272,-2.2262,-1.1408,-2.5981,1.422,4.3854,-4.962,-0.9366,-4.3485,-2.2417,-1.097,-7.6257
1.0642,-0.3784,1.3334,1.2277,-1.337,-1.5262,-2.4632,3.4645,3.4071,-4.9914,0.1352,-3.5772,-2.8324,-2.8638,-7.2543
0.6956,0.4645,3.4373,0.76,-0.4162,-1.35,-2.2907,5.1107,2.3089,-4.6522,0.7764,-2.4877,-2.8,-4.9235,-6.4856
0.4365,1.124,5.3819,-0.0606,0.456,-1.0612,-2.2777,6.6602,0.7437,-4.0919,2.3365,-1.5039,-4.1302,-6.7265,-5.3539
0.7013,1.6218,6.7251,-0.2382,1.6384,-1.1885,-1.6165,7.8298,-0.2482,-3.3949,3.4919,-0.0911,-4.1742,-7.9446,-4.0379
0.5138,2.6032,7.5629,-0.7,2.3936,-0.8842,-1.0941,8.3933,-2.2012,-2.1183,4.423,1.2155,-4.7412,-8.9197,-2.4074
0.5781,3.3952,8.2564,-0.9789,2.7719,-0.8594,-0.4313,8.811,-3.5241,-1.091,5.3544,2.9081,-4.6469,-9.1999,-0.5478
0.6619,3.5505,8.4847,-1.5592,3.3304,-0.6286,0.1185,8.8109,-4.4766,-0.2103,5.3111,4.3375,-4.4161,-9.476,1.5563
0.0279,4.078,8.0394,-1.9308,3.2403,-0.1541,0.7108,8.4656,-5.3509,1.0218,5.2791,5.1247,-4.2077,-9.3669,3.3276
0.1853,3.8318,7.6093,-1.8841,3.49,-0.2599,1.1735,7.8,-5.7428,1.5173,4.7616,5.36,-3.8175,-8.465,4.5897
0.1035,3.5521,6.9658,-3.1258,3.138,-0.1383,1.8086,7.5463,-5.3655,2.525,3.952,5.5006,-3.2262,-7.2364,5.3444
0.0267,3.2425,6.7018,-2.2718,3.1045,-0.0004,2.0973,7.112,-5.121,3.3542,3.8819,5.3553,-2.2367,-6.433,6.6568
-0.0619,2.8545,6.4194,-1.8742,2.6683,0.2208,2.4043,6.078,-5.0122,3.9801,3.9711,5.2074,-2.2189,-5.8877,7.3101
-0.0832,3.195,5.9194,-2.0301,2.6509,0.5243,2.3399,5.0333,-5.1465,4.6313,3.3516,5.1919,-1.7888,-3.5396,7.7978
-0.3485,2.7595,4.8241,-1.7389,2.0791,0.869,2.5426,3.3507,-5.5457,4.3789,3.5841,4.7577,-1.469,-1.8686,7.9658
-0.0287,2.5754,3.7786,-1.7272,1.5947,1.1183,2.2815,1.5897,-5.0645,4.7638,3.2983,4.8111,-0.4617,-0.9588,8.1379
0.1906,2.2267,2.4055,-1.4224,0.9814,0.9535,2.0312,0.2143,-4.7571,4.8006,2.7389,4.4592,0.9013,0.4123,7.9991
-0.3569,2.4742,0.7946,-1.0735,0.545,1.1753,1.8754,-1.7787,-4.3203,5.1888,2.7579,4.1673,1.9493,1.9411,8.0713
-0.2373,2.4167,-0.9672,-1.1416,0.0115,1.1474,1.401,-4.4459,-3.6855,4.7117,1.6778,3.8994,2.8747,3.7092,7.5162
-0.0456,1.4011,-3.2147,-0.8354,-1.0154,1.0869,1.0112,-6.4364,-2.8773,4.056,0.2602,3.0093,3.1451,6.2527,6.384
-0.087,0.4789,-5.3195,-0.339,-1.9278,0.9869,0.4228,-7.9032,-1.5028,3.7175,-1.1593,2.0344,3.8537,7.8372,5.154
0.0211,-0.322,-7.2292,-0.0612,-2.9455,0.7071,-0.0443,-8.4859,0.4354,2.5312,-2.6294,0.7403,4.0783,9.3349,3.178
0.5406,-1.4225,-8.0176,0.521,-4.1709,0.4108,-0.5711,-9.3829,2.1394,1.203,-4.0593,-0.9564,3.8236,10.1225,0.9793
0.4387,-2.0109,-8.6809,0.7891,-4.7324,0.4201,-1.3515,-9.806,3.3054,0.0749,-4.7144,-2.9156,4.0915,10.8572,-0.9581
0.552,-2.3573,-8.976,1.6468,-5.152,0.392,-1.7415,-9.4803,4.7818,-0.9861,-4.5074,-4.3476,4.3511,10.5452,-3.2023
0.2503,-2.5542,-8.6169,1.7637,-5.3577,0.3117,-2.4761,-9.3146,5.3253,-2.8292,-4.6612,-5.2575,3.8511,9.7849,-4.9402
0.3254,-2.9866,-8.5416,1.9764,-4.9992,0.3394,-3.1355,-8.7032,5.8344,-4.1447,-4.6067,-5.9582,3.4417,8.5793,-6.8302
1.0322,-2.6937,-7.8065,1.94,-4.1901,-0.0445,-3.3689,-7.1769,6.3813,-4.5758,-4.5012,-6.3806,2.5052,7.3328,-8.1569
0.6043,-2.2727,-6.8763,1.8491,-3.7968,0.0771,-3.2416,-5.1923,6.3716,-4.6914,-4.115,-6.5028,1.3252,5.884,-9.1338
0.7484,-2.004,-5.4041,1.9892,-3.2157,-0.1237,-2.9436,-3.9356,5.9717,-5.4875,-3.3399,-6.1027,0.0088,3.9547,-9.2457
1.2036,-1.5492,-3.7416,1.6564,-2.8663,-0.3666,-2.5567,-1.9737,5.5422,-5.4286,-2.7452,-5.5584,-0.7994,1.6987,-9.0679
1.3056,-1.4427,-1.8391,1.2479,-2.5527,-0.5069,-2.3881,-0.0014,4.7743,-5.4555,-1.8844,-4.9475,-1.4535,0.1549,-8.7356
1.4846,-0.5879,-0.3891,1.0499,-1.7337,-0.9259,-2.5642,1.8985,3.5952,-5.2291,-0.8567,-4.2937,-2.022,-1.7795,-8.0738
0.924,-0.2242,1.4466,0.7725,-0.7744,-0.8934,-1.8961,4.0772,2.8473,-5.0404,0.1977,-3.3981,-3.5252,-3.5582,-7.1406
0.7346,0.4455,4.0063,0.8414,0.0091,-1.0776,-1.5046,5.1267,1.1688,-4.2046,1.7683,-2.3757,-3.8269,-5.6611,-5.6637
0.9961,1.3429,5.6808,0.5831,1.0161,-1.2091,-1.8182,6.2307,-0.0843,-3.6824,3.56,-1.2848,-4.1747,-7.4544,-4.274
0.625,2.4495,6.6907,0.0211,2.1898,-1.1562,-1.4721,7.3305,-1.8255,-2.433,4.6632,0.4382,-5.2503,-7.8222,-2.9297
0.7029,3.7092,7.4775,-0.7615,2.5231,-0.8997,-0.6601,7.8049,-3.3282,-1.8108,5.3896,2.1824,-5.109,-8.8153,-1.1809
0.436,4.1019,7.5094,-1.7484,2.8867,-0.7065,-0.1839,7.5102,-4.5379,-1.1898,5.2771,3.6574,-4.5843,-9.0213,0.0894
0.5247,3.9802,7.3768,-2.0844,3.3821,-0.5724,0.5582,7.3934,-4.9211,0.012,5.4902,4.8618,-4.078,-8.3949,2.1422
0.5789,3.8216,7.0316,-2.1451,3.4188,-0.4104,0.7384,7.1695,-5.3959,1.1724,5.1562,5.4416,-3.6758,-7.9059,3.7897
0.9086,3.8861,6.9448,-1.938,2.9166,-0.3302,1.1385,6.3954,-6.2578,2.1405,5.2042,5.78,-3.0153,-7.5069,4.917
0.7519,3.6283,6.2468,-1.8513,2.8576,-0.1928,1.5978,6.0583,-5.8845,2.9935,5.1042,5.9766,-2.8971,-4.9459,5.9679
-0.274,3.2673,5.5898,-1.4369,2.6018,0.0573,1.4489,4.2417,-5.9087,3.6388,5.3513,5.9471,-1.8427,-4.2328,6.9268
0.1063,3.7097,4.3488,-1.7878,2.0729,0.2469,1.4973,2.6916,-6.155,3.6243,4.1567,5.9929,-1.5302,-2.9631,7.2769
-0.2811,3.1671,3.1572,-1.7396,1.7979,0.2315,1.6922,2.2269,-5.2296,3.9151,3.2955,5.6453,-0.8534,-1.191,7.1243
-0.3141,2.5657,2.1216,-1.6294,1.4656,0.6048,1.7205,0.5353,-4.9086,3.7848,2.4602,5.0165,-0.1142,-0.7762,6.6054
-0.2913,2.1664,1.0046,-1.3874,1.1415,0.9069,1.8189,-0.5844,-4.0781,4.2582,1.8003,4.2394,0.6594,0.4312,6.3929
-0.1056,2.2591,-0.0695,-1.301,-0.3363,0.9242,1.5458,-1.6478,-3.544,3.4816,1.1333,3.5724,1.7902,2.0621,5.8401
-0.1796,1.2468,-1.209,-0.3759,-0.5647,1.052,1.1309,-3.2548,-2.9774,3.3204,0.8581,2.9658,2.7238,3.7283,5.2623
-0.2515,0.8759,-3.1085,-0.0406,-0.1146,1.4065,1.1969,-5.1638,-2.5632,3.1879,-0.0241,2.3855,3.1103,4.9954,4.4185
-0.2633,0.4458,-5.0252,0.1004,-1.3546,1.6856,1.0319,-6.5091,-1.7279,3.1925,-0.6681,1.4496,3.8993,5.9281,3.9367
0.0917,-0.9273,-6.3318,0.1467,-2.4879,1.3593,0.8269,-8.5187,-0.6918,2.3397,-1.9081,0.6137,4.5959,7.2714,2.9666
0.1707,-1.218,-7.6167,0.8032,-3.2348,1.2442,0.7564,-9.0808,0.9348,1.6288,-3.0006,-0.4985,4.8555,8.5622,1.7043
0.6382,-1.8013,-8.101,1.1541,-4.0334,1.0346,0.0971,-9.5068,2.5367,0.353,-3.513,-1.9966,4.9492,9.3049,0.2866
0.5163,-2.384,-8.5574,1.3138,-4.7998,0.9891,-0.1908,-9.4637,4.011,-0.5428,-4.0229,-3.1254,4.7546,9.8198,-1.2089
0.3199,-2.2581,-8.8137,1.6294,-4.9288,0.7691,-0.7319,-9.6176,4.5361,-1.719,-4.6382,-4.1307,4.6942,9.4819,-3.3145
0.4108,-2.8557,-8.7968,1.7009,-4.8906,0.9205,-1.0268,-9.2775,5.3453,-3.0389,-4.527,-4.8663,4.6252,8.9838,-4.9781
0.3695,-2.8606,-8.4602,2.3041,-4.5417,0.9725,-1.6766,-8.8232,5.4612,-3.6087,-4.3317,-5.3951,4.2751,8.3908,-6.3413
0.9109,-2.6503,-7.7569,2.0996,-4.6703,1.0452,-2.2268,-8.0609,5.6714,-4.0189,-4.2016,-5.6612,3.5848,7.172,-7.2528
1.0688,-2.5217,-6.9608,2.1509,-4.3359,0.5776,-2.4598,-6.931,5.7747,-4.57,-4.0195,-5.7347,1.1695,6.0653,-8.001
1.1638,-2.2515,-5.9714,2.0495,-3.9295,0.4723,-2.7921,-4.7936,5.597,-5.3319,-3.3218,-5.6306,1.0179,4.9629,-8.6814
1.0434,-1.7441,-4.7633,1.6739,-3.4554,0.2431,-3.0633,-3.4073,5.0227,-5.8614,-2.8833,-5.2485,0.2523,3.2345,-9.1027
0.7485,-1.6487,-3.3787,1.7546,-3.2483,-0.1543,-3.174,-1.974,4.7772,-6.1819,-2.1365,-4.7106,-0.1294,1.7682,-9.2266
1.3673,-1.4582,-1.7362,1.5471,-2.6674,-0.5322,-3.1122,-0.5416,4.1913,-6.1209,-1.1836,-4.2735,-0.9477,0.416,-8.8909
1.4225,-0.6373,-0.2531,0.872,-1.726,-0.7782,-2.9242,1.1949,3.2769,-5.3701,-0.4062,-3.5792,-1.6447,-1.2898,-8.0344
1.241,0.2231,1.1475,0.5768,-1.5413,-0.9599,-2.6405,2.9064,2.4539,-5.0717,0.4233,-2.6438,-2.9846,-3.1551,-7.202
1.0744,0.7916,3.0491,0.5688,-0.5583,-1.0736,-2.5537,4.6493,1.7127,-4.8791,1.5477,-1.8127,-3.8453,-4.2844,-6.2033
0.955,1.5815,5.2704,0.2126,0.4951,-1.0917,-1.8651,6.0364,0.3338,-4.2889,2.7198,-0.9039,-5.1151,-6.0516,-5.2104
0.9249,2.0662,6.848,-0.2091,2.1245,-0.9735,-1.2167,7.9349,-0.7419,-3.6879,3.9786,0.3542,-4.7934,-7.6674,-3.8669
0.7297,2.8416,7.3055,-0.7908,2.9644,-0.5719,-0.5997,8.3711,-2.7162,-2.0531,4.8895,1.877,-4.275,-8.902,-1.9155
0.8529,3.6483,8.2409,-1.1486,3.5366,-0.4727,0.3598,8.2061,-4.2127,-0.8802,5.3891,3.3676,-4.1155,-9.325,0.1154
1.0783,3.5001,8.5153,-1.4705,3.641,-0.4369,1.1091,8.3177,-5.0544,0.6113,5.7816,4.7329,-3.9409,-8.996,2.4561
0.8472,4.348,8.2776,-1.8016,3.7439,-0.7562,1.9477,8.3175,-5.6351,3.0138,5.7584,5.6828,-3.5184,-8.4772,4.8059
0.4935,3.9616,8.2159,-1.7286,4.1368,-0.8478,2.1654,7.5438,-6.0824,3.8915,5.7846,6.0995,-2.8447,-7.4539,6.8269
0.071,4.1031,7.326,-2.1263,3.3638,-0.5522,2.3923,6.625,-6.4756,4.3208,5.659,6.4394,-1.8467,-6.3325,7.9438
0.3362,3.8457,6.4902,-1.9657,2.8697,-0.4068,2.1972,5.0288,-6.5008,4.0583,5.2927,6.5507,-1.2172,-4.7978,8.4549
0.0195,4.3312,5.136,-2.0757,2.5989,-0.2373,2.4362,3.2143,-6.4477,5.2147,4.5667,6.5383,-0.3043,-2.1788,8.8036
-0.2935,3.4771,3.3612,-1.8324,2.0885,0.1497,2.4711,1.4049,-6.0377,5.0003,3.7554,5.9953,0.8163,-0.6823,8.7256
-0.1337,3.0511,2.0263,-1.4352,1.1177,0.4158,2.409,-0.5845,-5.3477,4.8035,2.793,5.283,2.0298,1.1405,8.2431
-0.1385,2.337,0.1827,-1.3377,0.469,0.5237,2.0564,-2.4894,-4.5778,4.8492,2.0497,4.5482,2.7338,3.2306,7.7765
0.0863,1.6365,-1.2903,-1.2813,-0.0009,0.6068,1.807,-4.831,-3.6543,4.7847,0.9398,3.8074,3.3405,5.4278,7.146
-0.1041,1.3909,-3.5914,-1.0753,-0.9917,0.4955,1.4898,-6.4897,-2.431,4.6849,-0.1509,2.9653,4.4639,7.4557,6.2782
0.0634,0.2049,-5.858,-0.6291,-1.9621,0.588,0.8901,-8.1634,-0.8442,3.6408,-2.071,1.8658,4.2912,8.9873,4.767
-0.0615,-0.0104,-7.2836,-0.5535,-3.5379,0.5911,0.4213,-9.373,1.0355,2.241,-2.8956,0.3658,5.5922,10.0416,2.9868
0.334,-1.5997,-8.2826,-0.0407,-4.0672,0.611,-0.2533,-10.0841,2.4865,0.673,-4.2513,-0.9729,5.8013,11.2379,0.751
0.3029,-2.3996,-8.9577,0.6173,-4.7634,0.7097,-0.8855,-10.442,3.9563,-0.4094,-4.844,-2.8933,5.4775,11.4366,-1.358
0.076,-3.2473,-9.4227,1.4799,-5.4802,0.6487,-1.509,-10.2699,5.2421,-1.9278,-5.2381,-3.9912,5.0032,11.1201,-3.9668
0.4262,-3.1442,-9.2639,2.1257,-5.1629,0.6478,-2.1176,-10.334,5.7505,-3.2902,-5.2534,-5.2757,4.3214,10.57,-5.9762
0.7294,-3.3403,-9.135,1.9896,-5.2027,0.3034,-2.2758,-9.1637,6.4755,-4.3709,-4.9305,-5.7171,4.0466,9.7207,-7.4299
1.2795,-3.2397,-8.0107,2.0641,-4.6582,-0.0168,-2.4295,-7.8208,7.1166,-4.9826,-4.5837,-6.0695,2.6944,8.3867,-8.2899
0.937,-2.9988,-6.8317,2.2202,-4.4315,-0.3287,-2.7117,-6.4331,7.0646,-5.2627,-4.3162,-5.993,2.5806,6.9702,-8.9153
0.6012,-2.8249,-5.7402,1.8999,-3.697,-0.3293,-3.0486,-5.1399,6.5247,-5.5177,-4.0318,-5.9682,1.6365,5.1845,-9.44
1.3741,-2.6701,-4.2958,1.9653,-3.0766,-0.624,-3.162,-3.197,6.4644,-5.7712,-3.4051,-5.5302,0.9299,3.0192,-9.5966
1.1772,-1.7171,-2.7394,1.6825,-2.5848,-0.8521,-3.1293,-1.3042,5.7344,-5.2561,-2.5251,-5.1052,-0.1742,1.2721,-9.2205
1.1354,-1.3991,-1.1027,1.4587,-2.1723,-0.703,-3.0059,0.3447,4.8257,-5.5363,-1.842,-4.43,-1.4574,-0.2138,-8.7727
0.7835,-0.6581,0.3519,1.2003,-1.5914,-0.7387,-2.4771,2.405,4.2308,-5.7301,-0.7479,-3.971,-2.2422,-2.1942,-8.0978
0.4696,-0.3818,3.5107,1.2175,-0.9967,-0.4596,-2.4779,4.0966,3.2446,-5.9434,0.551,-3.0922,-2.5719,-4.3749,-7.1899
0.4732,0.4097,4.8266,0.9709,0.0691,-0.1702,-2.4177,5.5655,1.3958,-5.2445,2.6011,-1.9906,-3.3218,-6.2448,-6.0063
0.6842,1.3082,6.5518,0.6864,1.3855,-0.1956,-1.8788,6.6902,-0.2482,-4.4723,3.9063,-0.442,-4.0397,-7.2308,-4.6125
0.2932,2.294,7.2292,-0.0966,2.2454,-0.1263,-1.1295,7.7269,-1.7262,-2.3266,4.4201,1.1357,-4.1842,-7.8644,-2.5712
0.312,2.482,7.7658,-0.6438,2.694,-0.1737,-0.7474,7.812,-3.4486,-1.71,5.2098,2.872,-4.1785,-8.5257,-0.9681
0.4201,3.1279,7.4838,-0.9845,2.9558,-0.0875,0.0366,7.4996,-4.4873,-0.389,5.1338,4.2576,-3.9238,-8.4239,0.7715
0.2353,3.1008,7.4659,-1.1446,3.3568,0.1938,0.5502,7.6087,-4.6123,0.7179,5.1295,4.7866,-3.74,-8.3613,2.8323
0.2016,3.6718,7.3153,-1.0837,3.2361,0.1785,0.3681,7.7038,-4.7809,2.043,4.692,5.523,-3.58,-8.0742,4.1324
0.3572,3.3824,7.3777,-1.3397,2.7276,0.2198,0.9835,7.081,-5.2117,2.6102,4.7398,5.6642,-3.3438,-7.2748,5.2839
0.1903,3.0124,7.2348,-1.2583,2.3379,0.3509,1.565,6.5087,-5.5088,2.8701,4.9323,5.8725,-2.4908,-6.2424,6.0932
-0.0728,2.8026,6.5563,-1.5871,2.1202,0.495,1.5926,5.84,-5.4208,2.263,4.4046,5.8189,-2.0138,-4.7158,6.4389
-0.1317,2.8049,5.8543,-1.4052,2.2687,0.5884,1.6822,4.0025,-5.4566,3.0261,4.2179,5.7633,-1.4311,-3.6916,7.0949
-0.1531,2.7403,4.7919,-1.3907,2.254,0.845,1.6528,2.592,-5.1416,4.1649,3.6771,5.6487,-0.7099,-2.3111,7.7849
0.1344,2.2372,3.4871,-1.1387,1.5093,0.8598,1.5566,1.2515,-5.023,4.4827,2.844,5.2251,-0.0456,-0.8259,7.9447
-0.1088,2.1019,1.9264,-1.3092,0.8202,1.1487,1.7895,-0.0494,-4.5769,4.2821,1.9795,4.6336,0.8026,0.8291,7.5553
-0.2425,1.7617,0.7073,-0.9786,0.5771,1.2322,1.3934,-2.065,-3.8336,3.7971,1.0009,4.1971,2.4414,2.708,6.917
-0.2673,1.0947,-0.7447,-0.8552,-0.1752,1.221,1.3381,-4.3864,-2.9081,3.6142,0.5167,3.0662,3.3893,4.1436,6.0361
-0.2062,0.8158,-3.1145,-0.6636,-0.8409,1.5187,1.3428,-6.4393,-2.2269,3.4684,-0.7292,2.3742,3.9197,5.7544,5.5222
-0.2382,0.0028,-5.3308,-0.3495,-1.8268,1.7656,0.9615,-7.7988,-0.6112,3.0118,-2.3296,1.4237,4.4831,7.0788,4.4448
-0.369,-1.487,-6.7579,0.133,-3.02,2.0635,0.4204,-8.5189,1.2984,2.342,-3.486,0.1041,4.8427,8.7629,3.039
0.0119,-2.3435,-8.0308,0.6756,-3.648,1.7082,-0.3008,-9.1655,3.0598,1.4516,-4.3371,-1.2708,4.774,9.8085,1.4767
-0.4482,-2.8458,-8.5296,1.5108,-4.4691,1.633,-1.0702,-9.8351,4.1329,0.3619,-4.8573,-2.8,5.2637,10.4607,-0.2311
-0.0136,-3.4289,-9.2546,1.8547,-5.0627,1.3963,-1.3052,-10.2638,5.4889,-1.2012,-5.1447,-3.8602,5.3666,9.7653,-2.2075
-0.0068,-3.1604,-9.0232,1.9903,-5.1372,1.1888,-1.9981,-9.6443,6.3403,-2.4583,-5.4465,-4.5586,4.7918,9.405,-4.0302
-0.1362,-3.3525,-8.6288,1.8058,-5.1399,1.1491,-2.765,-8.8762,6.7713,-4.0321,-5.5956,-5.2097,4.019,8.3808,-6.171
0.0489,-3.5875,-7.9433,1.8883,-4.8655,0.9727,-3.0356,-7.7292,7.1087,-5.266,-5.5417,-5.6793,3.4351,7.3069,-7.768
-0.1095,-3.5416,-7.002,2.142,-4.3706,0.891,-3.5365,-6.5176,7.037,-6.1459,-4.8661,-5.9819,2.8691,5.9186,-8.5865
0.5219,-3.1592,-5.3068,2.1166,-4.2837,0.5385,-3.5553,-5.02,6.9108,-6.6386,-3.6392,-6.0357,1.9736,4.0095,-9.0976
0.2429,-2.6228,-4.4123,1.8939,-3.2075,0.7266,-3.332,-3.6839,6.1731,-6.3072,-3.223,-5.4508,1.1794,3.326,-9.2885
0.5835,-2.2236,-3.2482,2.6217,-2.7964,0.5899,-3.2856,-2.5067,5.5751,-6.3763,-2.2058,-4.8107,0.3843,1.2983,-9.1888
0.5278,-1.7192,-2.3158,1.6939,-2.3752,0.6522,-3.0052,-1.3582,4.7025,-5.498,-1.8608,-4.2369,-0.7507,0.0738,-8.4339
0.9736,-1.1101,-1.2982,1.3518,-1.9411,0.4149,-2.9258,0.4978,4.2494,-5.5208,-1.1939,-3.7751,-1.6088,-1.2757,-7.726
1.2091,-0.3886,0.4293,0.83,-1.6566,0.1344,-2.5717,2.1817,3.6743,-5.4862,-0.8475,-2.8316,-2.3417,-2.8942,-7.1777
1.0,-0.0506,2.174,0.5077,-0.9385,-0.0355,-2.4289,4.5313,3.0136,-5.5962,-0.0551,-2.458,-2.9057,-4.3184,-6.8751
1.0032,1.42,4.4827,0.1459,-0.111,-0.2774,-2.2394,6.2027,2.3283,-5.108,0.9353,-1.656,-3.5907,-6.2384,-6.1022
0.8857,1.8423,6.5412,-0.4748,0.7355,-0.2846,-1.0199,7.8662,0.7048,-5.2749,2.3317,-0.7941,-4.4009,-8.8879,-5.4994
0.9933,2.0754,8.0373,-0.8272,2.3991,-0.5354,-0.9714,9.3287,-0.6416,-4.3183,3.2625,0.4471,-4.4895,-10.2294,-3.8475
0.9476,2.8785,9.2714,-1.1056,3.1889,-0.6116,-0.7248,10.2647,-2.2021,-2.3977,4.4343,1.9614,-4.6456,-10.8217,-1.6509
0.7081,3.3676,9.7186,-1.3583,3.722,-0.6646,-0.0181,10.4637,-3.8164,-1.2776,5.7189,3.4617,-4.836,-11.4028,0.5609
0.4742,4.0667,10.3095,-1.6847,3.7954,-0.2202,0.7521,10.7088,-4.6787,-0.2419,5.9067,4.9739,-4.5318,-11.5415,2.7974
0.4284,4.4821,10.6051,-1.9956,3.7992,-0.2278,1.4413,10.4639,-5.6027,0.6335,6.1359,6.1168,-4.1666,-11.3108,4.7196
0.6877,4.0236,10.6822,-1.9994,3.9601,-0.4156,1.4163,9.6455,-6.3581,1.6142,6.4768,6.9547,-3.7949,-10.1163,6.363
0.3942,3.9371,9.7721,-2.3163,3.8247,-0.2365,1.7428,8.4073,-6.9823,2.9547,5.6935,7.3973,-3.0992,-8.6075,7.6688
0.1945,4.0617,8.4459,-2.2475,3.4345,-0.1263,2.1073,7.9615,-6.7573,3.9495,5.4756,7.4427,-2.7871,-7.0492,8.607
0.471,4.0487,7.9892,-2.3834,3.0149,-0.1849,1.9389,5.9887,-6.6528,4.5576,5.0227,7.3484,-1.7099,-6.061,9.388
0.1887,3.7263,6.8564,-2.3001,2.8019,0.089,1.9561,4.0235,-6.6505,4.8319,4.1909,7.0918,-0.9254,-4.3898,9.8365
-0.2688,2.9761,5.2135,-1.8687,2.2659,0.4699,2.0921,2.4515,-6.1457,5.2183,3.8353,6.6338,-0.2885,-2.5907,9.9529
0.0846,2.2698,3.9769,-1.6645,1.5386,0.2711,2.0084,1.3046,-5.1967,4.9347,3.1024,5.8851,0.1362,-1.0469,9.5388
0.0692,2.304,2.7504,-1.6135,0.6144,0.4009,2.1412,0.2027,-4.3073,4.8101,2.3592,5.4858,1.2944,0.7542,9.0567
0.045,1.7396,1.1196,-1.5341,-0.4591,0.1729,2.0008,-2.5427,-4.3177,4.3948,1.265,4.9504,2.2852,2.5689,8.1954
0.0417,1.1244,-1.1072,-1.2222,-1.0939,0.381,1.4265,-5.1659,-3.4106,3.521,0.0416,3.9259,3.4346,4.6345,6.9604
-0.1382,0.5285,-3.9481,-0.8502,-2.0104,0.5239,1.3349,-6.5665,-1.4256,3.1931,-1.3238,2.7234,4.0082,6.9601,5.7304
-0.3016,-0.4974,-5.5481,-0.4825,-3.1519,0.528,1.2562,-7.8428,0.1413,1.7681,-2.9794,1.4438,4.6946,7.853,4.1222
-0.3533,-1.4416,-6.8558,0.0173,-4.0062,0.7728,0.7251,-8.8233,2.0409,0.281,-4.2137,-0.0221,4.7885,8.9436,1.9461
-0.4053,-2.7055,-8.0444,2.2117,-4.3468,0.7841,-0.0002,-9.0217,3.9701,-0.7458,-4.1383,-1.8781,4.9334,9.5699,0.2731
-0.0066,-2.9866,-7.9621,2.22,-4.742,0.8505,-0.3087,-9.5217,5.0702,-1.9779,-4.1055,-3.4641,4.9506,8.9517,-1.6976
-0.2536,-3.0234,-8.1295,1.935,-4.7707,0.8845,-0.9133,-8.9039,5.7516,-3.3644,-4.4205,-4.2732,4.5215,8.6085,-3.6598
-0.1984,-2.7803,-8.1029,1.9529,-4.8916,0.9744,-1.7856,-8.7989,6.1113,-4.2483,-4.2481,-5.0899,4.3836,7.8953,-5.2854
0.2865,-3.0063,-7.5184,1.929,-4.3049,0.9027,-2.3046,-7.8964,6.5336,-4.7943,-4.1248,-5.4048,3.4989,7.0701,-6.5342
1.0665,-3.1344,-6.556,1.7533,-4.4043,0.5404,-2.4903,-6.7121,6.7542,-5.2733,-4.3017,-5.4795,2.5882,5.881,-7.6014
1.1106,-2.7533,-5.1346,1.8001,-4.0008,0.1991,-2.7226,-5.3437,6.8213,-5.2614,-3.1916,-5.731,1.779,4.6963,-7.8867
1.9358,-2.1874,-3.4828,1.5781,-3.6832,-0.5414,-2.3753,-4.2273,6.1291,-5.3224,-2.792,-5.2671,1.2233,4.3817,-8.0202
1.426,-1.2959,-2.3545,1.572,-2.8648,-0.7923,-2.3047,-3.0939,5.2284,-4.8156,-2.0434,-4.8183,0.8109,2.4143,-7.4711
1.3313,-1.1605,-1.5715,1.1784,-2.3718,-1.2329,-2.212,-1.821,4.4939,-4.9522,-1.2904,-4.3948,0.5808,1.1238,-6.8754
1.3976,-0.5505,-0.4401,0.9872,-2.5477,-1.2689,-2.3196,-0.8339,4.1813,-5.0221,-1.0526,-3.654,0.0602,0.1946,-6.5656
1.1464,-0.5631,0.5423,1.0986,-1.9765,-1.2363,-2.3387,0.5213,3.7545,-5.0962,-0.0006,-2.8069,-0.9629,-0.8837,-5.99
0.8985,0.3208,1.3972,0.7517,-1.4461,-1.0492,-3.0061,1.8256,2.8477,-5.3702,0.7235,-2.3132,-1.6999,-2.4907,-5.61
0.8619,0.4288,2.9162,0.52,-0.5336,-0.6935,-2.6446,2.6372,1.9871,-5.1728,1.3763,-1.5988,-2.4631,-4.1071,-5.3796
0.8379,1.1565,3.9399,0.9,0.3753,-0.865,-1.8747,4.3136,1.4378,-4.314,2.8958,-0.8195,-3.2843,-4.8679,-4.2407
0.4654,1.7118,5.0926,0.1148,1.6385,-0.4869,-1.3868,5.0235,0.0617,-3.6267,3.0848,0.4548,-3.0872,-6.4009,-3.1906
0.5171,2.3509,5.5579,-0.4027,2.0497,-0.3552,-0.8914,5.6584,-1.0705,-2.6481,3.4383,1.4889,-3.4861,-6.9303,-1.8662
0.316,2.7457,6.3918,-0.7937,2.1959,-0.0628,-0.079,5.887,-1.9063,-1.9338,3.7564,2.8391,-3.1518,-7.5596,-0.5137
0.1828,2.5784,6.599,-1.1628,2.6014,0.2055,0.5143,6.0163,-2.8759,-1.3452,3.9423,3.682,-3.0673,-7.746,0.6998
0.1239,2.3312,6.9641,-0.9669,3.0424,0.2604,0.9489,6.5963,-2.6868,0.2112,4.5075,4.3133,-3.4565,-7.6481,2.6274
0.0365,2.7925,7.1119,-1.3659,2.7878,0.4288,1.1477,6.3784,-3.6565,1.5899,4.1306,4.9079,-2.5581,-7.5198,4.1237
0.8083,2.6856,7.0529,-1.6725,2.4796,0.1766,1.6502,6.0516,-3.9533,2.0589,4.178,5.0735,-2.2705,-6.9283,5.3956
0.5028,3.1564,6.688,-1.2748,2.1287,0.2284,1.93,5.4788,-4.0009,2.8988,4.1949,5.3587,-1.6943,-5.8572,6.3348
0.1811,2.9086,6.3334,-1.0652,1.7763,0.4612,2.0908,4.6289,-4.3329,2.1141,4.4939,5.2478,-1.5242,-5.4799,6.7725
0.2293,2.8564,5.8049,-1.4875,1.0545,0.4666,2.1013,3.9541,-4.2239,2.3514,4.1022,5.353,-0.8878,-4.1385,7.2688
0.2254,2.5563,5.378,-1.0007,1.3738,0.3087,2.1701,2.715,-3.9108,2.3766,3.5452,5.3561,-0.3537,-2.5043,7.3099
0.1643,2.1401,4.2857,-0.9706,1.6038,0.4372,1.9409,1.3467,-4.103,3.2702,3.2503,4.7719,0.5246,-1.6126,7.5379
-0.1457,2.7233,3.0687,-1.1425,1.0456,0.432,1.8591,0.1303,-3.7541,4.1001,2.6035,4.6942,1.4112,0.4671,7.8607
0.1842,2.2739,1.7315,-1.649,0.2889,0.2887,1.4575,-1.4042,-3.1986,3.3203,1.7231,4.1376,2.4394,1.5331,7.3635
-0.0247,1.751,0.5864,-1.3645,-0.9679,0.6131,1.0946,-3.3465,-2.44,2.4698,0.9662,3.4836,2.9623,3.2285,6.1815
-0.2077,0.8716,-1.4031,-1.1395,-1.1739,1.2119,1.041,-5.2731,-1.6099,1.986,-0.1112,3.0321,3.7097,5.1052,4.9438
-0.3278,-0.8178,-3.4359,-0.4786,-2.1862,1.4878,0.9673,-6.8802,-0.5763,1.7094,-1.0996,2.1414,4.119,6.6186,3.7948
0.1028,-1.1342,-5.4091,-0.0127,-2.753,1.6754,0.4608,-7.2968,1.3575,1.5952,-2.4224,0.9051,5.2196,8.0347,2.5645
0.0556,-1.6146,-6.0007,0.4769,-3.5128,1.669,-0.0878,-8.8866,2.558,0.9623,-3.3309,-0.358,5.2029,8.6405,1.2649
-0.5418,-1.7003,-7.1566,0.6514,-4.4049,2.1838,-0.7402,-9.2523,3.5649,0.0005,-4.2986,-1.8407,5.4642,9.1224,-0.5506
-0.6254,-2.8708,-8.1422,1.0386,-5.0272,2.1821,-1.3957,-9.7214,4.8154,-1.8841,-4.9306,-3.1693,5.2624,8.8708,-2.6433
-0.0936,-3.2914,-8.1763,1.2878,-5.2661,2.006,-1.8804,-10.1793,5.7356,-3.5757,-4.4348,-4.1843,4.6852,8.3293,-4.6555
0.3567,-3.2106,-8.2413,1.525,-5.4768,1.2828,-2.2177,-9.3926,6.5691,-4.3859,-4.9916,-4.6822,4.5139,7.9652,-6.3592
0.643,-3.7472,-7.314,1.7325,-5.1683,0.8931,-2.4024,-8.4289,7.0113,-4.9742,-4.7548,-5.9939,4.1578,6.7824,-7.7345
1.1257,-3.3201,-6.2851,1.7812,-4.7465,0.607,-3.0321,-7.0106,7.4748,-5.6271,-4.5198,-5.917,3.0417,6.1477,-8.4904
1.0083,-2.8167,-5.5799,1.7528,-4.3654,0.3146,-3.0891,-5.8545,7.3932,-5.88,-3.9497,-5.8134,1.7394,4.608,-8.9392
0.7155,-2.0724,-4.6735,1.2078,-3.9865,0.2333,-2.9661,-4.3235,7.1703,-5.8806,-5.5059,-5.6503,0.9402,3.4993,-10.0515
1.4493,-2.2596,-3.0124,1.2443,-3.4647,-0.3043,-2.8245,-1.6057,7.5015,-7.3113,-4.2822,-6.0542,-0.0245,1.3038,-10.3933
1.467,-1.7047,-0.4825,1.1668,-2.2969,-0.5224,-2.7757,0.3585,7.0987,-7.0375,-2.6394,-5.7259,-1.1761,-0.7944,-9.8718
1.0189,-1.3594,1.5269,1.2295,-1.4536,-0.6427,-2.7487,2.9425,5.6623,-6.4061,-0.9026,-4.5706,-2.1258,-3.4292,-8.9757
0.787,-0.559,4.2416,1.6419,-0.6333,-0.6614,-2.2711,4.7507,3.991,-5.8436,1.0557,-3.3793,-2.9636,-6.1242,-7.4515
0.7176,1.2111,6.3231,0.4339,0.1718,-0.6767,-1.8813,6.6187,2.1366,-5.1246,2.5464,-1.9412,-4.0099,-8.418,-6.1979
0.6197,2.4174,7.8335,-0.2176,1.3914,-0.7441,-1.4137,8.4031,0.7675,-4.8442,4.0276,-0.2814,-4.2451,-10.214,-4.5441
0.4469,3.0313,9.5359,-0.5794,2.5396,-0.3428,-1.2194,9.2967,-1.2406,-4.1349,5.4879,1.5815,-4.2751,-11.5516,-2.8166
0.7177,3.4224,10.4508,-0.9992,3.3497,-0.4522,-0.5896,9.4456,-3.5541,-2.8404,6.2297,3.59,-4.7829,-12.8081,-0.9679
0.8198,3.6872,11.1249,-1.5813,3.7553,-0.2709,0.1709,9.8836,-4.6073,-1.2812,7.0825,5.4869,-4.9496,-12.2567,1.2284
0.5408,4.2711,11.0932,-2.2349,4.0427,-0.3874,1.5065,10.0082,-5.5823,0.174,7.0161,6.8665,-4.5213,-11.7553,3.5772
-0.045,4.2632,10.8144,-2.379,4.0908,-0.1938,1.8305,9.0761,-6.3674,1.4863,6.98,7.4483,-3.8647,-10.6814,5.6349
0.4546,3.8659,10.1464,-2.5406,3.7523,-0.3681,2.1557,8.7416,-6.6166,2.5737,6.3332,7.8184,-3.2437,-9.3423,7.0535
0.4005,3.851,9.6235,-2.4073,3.353,-0.3428,2.5725,7.1814,-6.8063,3.5635,6.2947,7.7344,-2.2406,-8.0219,8.4029
0.1499,4.0129,8.6003,-2.4832,3.0073,-0.0611,2.5113,5.6992,-6.713,4.5456,5.9476,7.7367,-1.593,-6.2408,9.4053
-0.0929,3.4059,6.6937,-2.002,2.6876,0.3196,2.79,3.7476,-6.8083,4.2891,5.3589,7.7411,-0.8347,-4.4837,9.8922
-0.3243,3.3834,5.0357,-2.1387,1.919,0.1828,2.686,2.5505,-5.8841,4.6415,4.1618,7.3283,0.1859,-2.8049,9.7709
0.1735,2.7138,4.1746,-1.4369,1.1726,0.2406,2.7514,0.9013,-5.0274,4.6361,3.738,6.3438,0.8121,-0.8612,9.5129
-0.1899,2.539,2.3269,-1.6039,0.4825,0.7714,2.5394,-1.1612,-4.7467,4.3655,2.685,5.6382,1.8949,0.4175,8.8766
-0.365,1.7588,0.5988,-1.5147,-0.1226,1.0353,2.0987,-3.1987,-3.4593,3.6381,1.9312,4.8566,2.8318,2.9698,8.4538
-0.4956,1.1469,-1.6268,-0.5772,-0.8431,1.2672,1.8432,-5.4854,-2.6008,3.4928,1.0081,4.0316,3.5241,4.67,7.3415
-0.313,0.5345,-3.9922,-0.3428,-1.5566,1.4635,1.4113,-7.1319,-1.1029,3.1407,-0.4145,3.0462,4.5456,6.5468,5.9775
-0.2606,-0.4027,-5.3928,-0.2239,-2.869,1.3764,0.5239,-8.852,0.1283,2.0665,-2.3335,1.9996,5.3676,7.6059,4.4127
-0.3447,-1.3542,-6.9669,0.1654,-3.3737,1.4557,-0.0057,-9.6272,2.3317,0.9913,-3.3063,0.3781,5.2364,9.0669,2.1692
-0.3214,-2.0898,-7.9281,0.7761,-4.3566,1.7372,-0.6214,-9.9729,3.9011,-0.209,-4.1372,-1.3207,4.9788,9.425,-0.0623
0.0413,-3.1647,-7.998,1.25,-4.6942,1.5649,-1.1376,-9.3573,5.4695,-1.5161,-4.5911,-2.8754,5.0158,9.6004,-2.3292
0.0046,-2.9679,-7.8504,1.4541,-4.956,1.4953,-1.6831,-9.3735,6.3884,-2.4711,-4.6361,-4.1714,4.1857,8.0184,-4.3413
0.1154,-3.5324,-7.3275,1.8529,-4.9619,1.6295,-2.1998,-8.4329,6.6827,-4.4353,-4.2535,-4.926,3.7045,7.0502,-5.9615
0.2797,-3.0772,-6.5222,1.812,-4.8582,1.4827,-2.316,-7.7587,6.6838,-4.3947,-4.1504,-5.2829,3.4288,6.4946,-7.0829
0.6609,-3.0138,-5.5085,1.8549,-4.1469,1.1027,-2.5103,-6.113,6.811,-5.7974,-3.5505,-5.42,2.7868,5.2743,-8.1392
0.7157,-2.5053,-4.3962,1.7952,-4.1634,0.9447,-2.6112,-5.0726,6.3675,-6.0149,-2.5204,-5.089,2.2155,3.9255,-8.2689
0.5405,-1.856,-3.2076,1.4482,-3.2495,0.8265,-2.9453,-4.104,5.7747,-6.4089,-1.9497,-4.3547,1.2239,2.8195,-8.2943
0.8721,-2.0913,-2.2611,1.3463,-2.9703,0.6346,-2.7093,-2.4796,5.5671,-6.2986,-1.6896,-3.6365,0.0867,1.4207,-8.5122
1.4231,-1.793,-0.6105,1.2957,-2.3016,0.0329,-2.1713,-0.3307,5.2837,-6.2651,-1.0572,-3.1744,-0.888,0.2455,-8.2196
1.0084,-0.7162,0.813,1.1539,-1.6577,-0.2397,-1.9894,1.542,4.5627,-6.0925,-0.2533,-2.4309,-1.5479,-1.2571,-7.5308
0.4463,0.0063,2.6778,1.3509,-0.9661,-0.3166,-1.6824,3.2166,3.523,-6.0356,1.1642,-1.728,-2.1641,-3.526,-6.7278
1.3742,0.6937,4.6353,0.6488,-0.0061,-0.5361,-0.547,4.6837,2.4065,-5.5094,2.5289,-0.8557,-2.5939,-5.6894,-5.5349
0.9742,1.0898,6.0903,0.4147,1.143,-0.8911,-0.347,5.7548,1.2536,-3.8369,3.6749,0.6648,-2.6421,-6.8445,-3.9104
0.384,2.2006,7.0919,-0.3772,2.1749,-0.3561,0.1932,6.5378,-0.4556,-2.2878,4.12,2.0082,-2.6828,-7.9722,-1.969
0.5927,2.3425,8.0983,-0.6594,2.8135,-0.4541,0.3274,7.1131,-1.96,-1.4671,4.9744,3.3104,-3.321,-8.9605,-0.2567
0.1591,2.9799,8.0798,-1.0434,2.9347,-0.242,1.0341,7.5228,-3.0213,-0.5009,5.1038,4.7205,-3.1418,-8.8978,1.2641
-0.1149,3.0136,8.2831,-1.6215,2.9813,0.0256,1.8085,7.4479,-4.0147,0.4404,5.2671,5.3627,-2.8463,-8.392,2.9007
0.2417,2.9703,8.2311,-1.6054,2.8992,0.0825,2.2239,7.194,-4.137,1.2422,5.3139,6.0173,-2.71,-7.7068,4.5664
0.1368,3.1973,7.9157,-1.8628,2.5979,0.2598,2.8705,6.7391,-4.6017,1.9414,5.5021,6.4147,-2.1563,-7.1181,5.7841
-0.1065,3.0317,7.7835,-1.7051,2.646,0.6151,3.1594,5.301,-4.9561,2.6742,4.946,6.796,-1.4779,-6.5056,6.8705
-0.1292,3.0068,6.6557,-1.3879,2.297,0.4767,3.1235,4.6035,-5.013,3.109,4.6732,6.7247,-0.7298,-5.1774,7.7562
-0.0235,2.9226,6.0833,-1.3532,2.1712,0.7664,3.117,3.1141,-5.0545,4.1534,4.7633,6.35,-0.0957,-3.7985,8.9784
0.0807,2.5608,5.0401,-1.442,1.7671,0.7022,3.1361,1.4907,-5.0974,4.7528,3.6466,6.3329,0.8543,-1.8333,9.0928
-0.2846,2.9049,3.0938,-1.4828,1.131,0.8893,3.0349,-0.0394,-4.5977,4.7912,2.862,5.7653,1.8496,0.2152,9.0122
-0.2393,2.2159,1.5324,-1.4397,-0.0057,0.9404,3.2757,-1.7607,-3.7555,4.2869,2.0544,5.2787,2.538,1.0838,8.2398
-0.2045,2.0978,-0.1396,-1.4362,-0.6575,1.1407,2.5833,-3.6866,-2.8302,3.2784,0.8603,4.533,3.7834,3.3412,7.2219
-0.4921,0.7696,-2.1282,-0.8808,-1.211,1.4611,2.3077,-5.9243,-1.7232,2.9172,-0.254,3.8492,4.5284,5.2991,5.8003
-0.2881,0.2807,-4.1146,-1.004,-2.2507,1.3111,2.1705,-8.0774,-0.8412,2.4851,-1.9828,2.7503,5.0458,6.9255,4.332
-0.501,-0.5952,-5.9825,-0.5905,-3.2666,1.2384,1.6626,-8.8106,1.2214,1.7618,-3.1981,1.3482,5.1471,8.7702,3.3292
-0.4945,-2.3393,-7.0529,0.026,-4.0167,1.3822,0.8415,-9.7098,3.113,0.4423,-3.9545,-0.5672,5.4424,9.5371,1.1051
-0.3943,-2.7953,-8.327,0.4263,-4.5403,1.5289,0.2656,-10.012,4.4725,-0.1974,-4.9567,-2.5518,5.7177,10.1836,-0.8701
-0.1268,-3.6436,-8.1695,1.3073,-5.0611,1.5005,-0.393,-9.945,6.0122,-1.3235,-5.1347,-3.8195,5.4721,9.863,-2.9247
-0.0854,-3.6336,-8.2142,1.6288,-5.5891,1.3007,-0.9743,-9.5504,6.7868,-2.8303,-5.265,-4.789,5.0062,9.2221,-4.8397
-0.124,-4.4605,-7.8467,2.0165,-5.3422,1.0415,-2.2779,-8.8086,7.1772,-4.4196,-4.9867,-5.3558,3.9425,8.3548,-6.2201
0.1548,-3.5414,-6.8391,2.0775,-4.9352,0.8641,-2.4518,-7.7093,7.3263,-5.0226,-4.4391,-5.6047,2.7638,7.4452,-8.1432
0.895,-3.1477,-5.3134,2.0829,-4.616,0.4815,-2.6029,-6.3473,7.4728,-5.7852,-3.745,-5.3059,1.2889,5.753,-8.9078
0.7823,-2.4948,-4.0037,1.6335,-4.0426,0.192,-2.2745,-5.0513,6.8461,-5.6602,-2.7829,-4.9207,1.0969,4.3317,-9.1301
0.9421,-2.2609,-2.9779,1.5571,-3.5264,-0.175,-2.4907,-3.6537,6.3677,-6.2133,-2.5159,-4.6182,0.7089,2.7291,-9.4073
0.594,-1.9919,-1.9882,1.5104,-2.8416,-0.0516,-2.493,-1.6296,5.8568,-5.6003,-1.7907,-4.2033,0.0651,1.2015,-8.887
0.9188,-1.4022,-0.2935,0.9281,-2.1911,-0.5475,-2.4296,-0.2381,5.1743,-5.8994,-0.9207,-3.528,-1.2966,-0.6719,-8.5729
0.7044,-0.6709,1.3798,0.853,-1.5802,-0.5916,-2.0188,1.5877,4.3258,-5.7037,-0.0612,-2.7428,-2.0078,-2.2438,-7.8254
1.0989,-0.4676,3.4346,0.753,-0.7941,-0.8233,-1.7536,3.8918,3.6113,-4.939,1.2663,-1.8555,-3.0903,-3.9799,-6.5504
1.1271,0.7125,5.5354,0.0755,0.2252,-0.8453,-1.2232,5.8378,2.4226,-4.6586,2.3735,-0.611,-4.4192,-6.3523,-5.4664
0.9035,1.4992,7.0446,-0.0371,1.1772,-1.0216,-1.2859,7.3736,1.0649,-3.9794,3.8533,0.5496,-4.1999,-7.4454,-3.9247
0.3123,2.2942,8.3299,-0.5938,2.4719,-0.7214,-0.8602,8.5448,-0.5346,-3.2878,4.6488,2.018,-4.4165,-9.5755,-2.3511
0.3522,3.1757,9.7223,-1.2295,2.9173,-0.5793,-0.1555,9.1833,-2.2791,-2.4546,5.5426,3.7801,-4.7197,-10.9235,-1.0018
0.3027,3.5398,10.3471,-1.6061,3.3012,-0.6257,0.2595,9.5748,-3.7929,-1.0218,6.2612,5.3184,-4.6379,-11.2504,0.9508
-0.4391,4.1243,10.309,-1.5063,3.2091,-0.2748,1.1571,9.4191,-4.7031,0.3382,6.7292,6.3975,-4.4145,-10.8022,2.9997
-0.7661,4.0004,10.5563,-1.7611,3.2295,0.1247,1.8534,8.9707,-4.9142,1.0317,6.9162,7.4044,-3.7578,-10.4623,5.068
-0.6807,3.8456,10.008,-1.9686,3.3572,0.2884,2.2421,8.0292,-6.1849,1.8726,6.9757,7.8388,-3.1237,-9.6706,6.2639
-0.3682,3.9329,8.971,-2.1492,3.1672,0.3054,2.8179,7.0805,-6.1031,2.5982,6.2443,8.0394,-2.3493,-7.8331,7.1693
-0.4825,4.0259,7.7217,-2.5505,2.7817,0.3845,3.1386,5.6702,-5.8597,3.0497,5.1674,8.1759,-1.5848,-6.3717,7.6563
-0.3463,3.437,6.7294,-1.8746,2.1764,0.4854,2.9536,4.4572,-5.4722,3.5275,5.1227,7.6915,-0.7774,-4.846,8.1152
-1.157,3.3766,5.41,-2.2444,1.4528,0.864,3.0067,2.8446,-5.1103,3.6125,4.3974,7.3375,0.2828,-3.1194,8.0933
-0.669,2.9229,4.2493,-2.252,1.1172,0.9607,3.1211,0.8834,-4.8198,3.3821,3.5186,7.0833,1.1949,-2.4478,7.6118
-0.4082,2.023,2.6384,-1.8321,0.6301,0.8899,2.8399,-0.6775,-3.9509,3.2217,2.5659,5.9699,2.1981,-0.5458,7.1171
-0.309,1.6274,1.1449,-1.0542,-0.1413,0.8239,2.937,-1.8228,-2.7101,3.1894,1.9082,5.3204,2.9517,1.4243,6.6141
0.053,1.0672,-0.2396,-1.1239,-0.7094,0.665,2.6978,-3.8557,-2.343,3.1984,1.328,4.4632,3.9136,2.9799,6.0818
0.0927,0.5814,-2.0141,-1.1353,-1.4386,0.7228,2.1931,-6.4355,-2.0017,2.731,0.3203,3.8679,4.8374,4.7988,5.0263
0.0003,-0.3767,-4.0385,-0.3641,-2.1955,0.6389,1.8996,-7.7681,-0.5103,2.7469,-0.719,3.0629,4.6471,7.0296,4.0873
-0.1946,-0.9669,-5.6004,0.1446,-2.9915,0.5886,1.9548,-9.0293,0.8795,2.2988,-2.0757,2.102,5.2013,8.4265,2.7993
-0.5492,-1.3883,-6.9361,0.3751,-3.6092,0.8094,1.3333,-10.081,2.3984,1.7262,-3.3101,0.5211,6.3788,9.1128,1.721
-0.2302,-1.9556,-8.0394,0.6284,-4.7544,0.5728,1.0545,-10.4791,3.9804,0.3323,-4.2468,-1.2422,6.3455,9.7699,-0.1394
0.1069,-2.952,-8.2697,1.2279,-5.0726,0.3395,0.5481,-10.2782,5.7094,-0.8219,-4.7833,-2.4831,6.172,9.5798,-1.827
0.2472,-2.9755,-7.7215,0.8233,-5.2074,0.0925,0.1804,-9.4668,6.7349,-1.9764,-5.1856,-3.5887,5.6136,9.5887,-3.9326
-0.0594,-2.7526,-7.5687,1.1048,-4.9415,0.2416,-0.5521,-8.8706,6.9975,-3.2022,-5.1804,-4.4183,4.888,8.3789,-5.8082
-1.0055,-3.1889,-7.1421,1.478,-4.9856,0.6381,-0.9149,-8.1812,7.0041,-4.7669,-5.2181,-4.9618,4.4537,8.2594,-7.2768
-0.4616,-3.1083,-6.3661,1.7231,-4.2713,0.4584,-1.1315,-7.0195,7.2736,-5.6024,-4.6547,-5.0936,3.4735,6.8504,-8.149
-0.1863,-3.0033,-5.3093,2.1982,-3.9863,0.1986,-1.4401,-5.6369,7.1816,-6.2607,-3.6927,-5.1193,2.8731,4.9395,-8.8312
-0.1255,-2.7168,-4.0655,1.9328,-3.8224,0.1279,-1.463,-3.8443,6.948,-6.5554,-3.1434,-4.7989,2.4086,2.6874,-9.256
-0.1272,-2.1645,-3.0008,1.7052,-3.606,-0.0851,-1.6777,-2.4404,6.1492,-6.6289,-2.4864,-4.27,1.4534,1.0016,-9.3664
0.2277,-1.8162,-1.2678,1.434,-2.957,-0.5033,-1.8399,-0.7814,5.7514,-7.0741,-1.471,-3.5635,0.4734,-0.4927,-9.1442
-0.1496,-1.4537,0.2628,1.1035,-2.2563,-0.6785,-2.5276,0.9505,4.9684,-6.6881,-0.5113,-2.4502,-0.6992,-2.3212,-8.7187
0.1505,-0.728,1.6667,0.3821,-1.4358,-0.7217,-2.0722,2.8704,4.1934,-6.3837,0.2019,-1.7054,-2.0726,-4.0404,-8.2391
0.2911,0.0545,3.6147,0.2945,-0.5873,-0.7226,-1.3944,5.0222,3.3619,-5.817,1.0875,-0.8262,-1.1852,-5.5299,-7.3207
0.0795,0.8292,5.5233,0.015,0.1083,-0.6707,-1.3586,5.5787,1.6508,-5.3101,2.2878,0.0923,-2.501,-7.3354,-6.1249
0.229,1.4118,6.3272,-0.1535,1.2924,-0.7344,-0.983,6.6431,0.3324,-4.6533,3.4567,1.3804,-3.2528,-8.628,-4.839
0.6532,2.0891,7.939,-0.8527,2.2557,-1.1463,-0.4383,8.0761,-0.7329,-3.0106,4.1699,2.4935,-3.6969,-9.1856,-3.1452
0.0112,3.3241,8.9343,-1.5465,3.0065,-0.9642,0.0284,8.6264,-2.0295,-1.7556,4.7279,4.034,-4.0297,-9.6667,-1.2412
-0.0102,3.8161,9.5097,-2.2257,3.276,-0.9605,0.8434,8.6873,-2.8998,-1.0056,5.2997,5.4132,-3.7182,-10.4825,0.4431
-0.2036,3.5694,9.3195,-2.2313,3.5154,-0.6662,1.7534,9.3391,-3.9483,-0.0947,5.5348,6.5301,-3.5754,-10.3659,2.3741
-0.4189,3.5681,9.3227,-2.2619,3.6553,-0.6039,2.3873,9.0013,-4.5663,0.9635,5.5884,7.1554,-3.1267,-10.0231,4.3671
-0.4446,3.489,9.3804,-2.0607,3.237,-0.4685,2.8539,8.2043,-5.7288,2.571,6.0033,7.5344,-2.6108,-8.7856,6.2054
-0.3283,3.4278,9.2392,-2.0574,2.4454,-0.3132,3.5353,6.6177,-6.2219,2.8589,6.166,7.9157,-1.8557,-7.333,7.4185
-0.3659,3.8247,7.9529,-2.0278,2.7336,-0.1846,3.4589,4.9881,-6.4403,3.6625,5.6852,8.2329,-0.792,-5.7895,8.8714
-0.592,3.7985,6.5813,-2.3054,2.3832,0.278,3.6475,3.242,-6.319,4.5035,4.9206,8.1367,-0.2386,-4.0941,9.1728
-1.4178,3.23,4.3924,-2.0325,1.5212,0.6505,3.5651,1.7072,-5.7609,4.8642,4.0551,7.8135,0.8109,-1.9276,9.4376
-1.1607,2.2634,2.9752,-1.5675,0.941,0.8973,3.5423,-0.4226,-4.8607,4.2211,3.231,7.251,2.4754,-0.3492,9.0342
-0.8553,1.7139,0.8846,-1.3348,0.5354,0.7759,3.0694,-2.7979,-4.1081,4.6351,2.1581,6.5251,3.955,1.8016,8.6994
-1.5229,1.7327,-1.4551,-1.1916,-0.5992,1.0669,2.8067,-5.0788,-2.8045,4.5592,1.4639,5.6621,4.9551,4.2789,8.0584
-1.5443,1.0439,-3.8632,-0.7287,-1.6791,1.2095,2.4025,-7.5714,-1.3916,3.3429,-0.2688,4.7674,4.498,6.5455,6.3356
-1.1643,-0.4494,-6.1848,-0.4712,-2.6827,1.1954,1.9252,-9.2461,0.0027,2.1524,-2.3156,3.4247,5.335,8.2019,4.6171
-1.0702,-1.7522,-8.1489,-0.0255,-3.5617,1.5475,1.1804,-10.3703,1.7756,1.4211,-3.943,1.7105,5.8011,10.1295,2.3465
-1.4306,-2.7248,-9.3454,0.7925,-4.4824,1.7209,0.7008,-10.8818,3.9104,0.6212,-5.055,-0.2794,5.884,11.0496,0.424
-0.7735,-3.9084,-9.8379,1.5273,-5.2266,1.3469,-0.1541,-11.2529,5.5659,-1.1918,-5.757,-2.1173,6.3062,10.7207,-1.8251
-0.8424,-4.0268,-9.7828,1.9488,-5.1768,1.1583,-0.9137,-10.6918,6.6,-1.9551,-5.8731,-3.5784,6.1683,9.8413,-4.0471
-0.0445,-4.0863,-8.7939,1.9552,-5.3934,0.9454,-1.8177,-10.0757,7.3553,-3.6861,-5.8961,-4.5381,5.5316,9.3284,-6.0259
0.3456,-4.0784,-8.313,2.4927,-5.3129,0.5141,-2.4388,-9.7704,7.1963,-4.4295,-5.3171,-5.3563,4.6521,8.6824,-7.3821
-0.1131,-4.0174,-7.957,2.3765,-4.9771,0.9079,-2.6139,-8.6267,7.0744,-5.1019,-4.4287,-5.1884,3.6364,7.3981,-8.246
-0.1153,-3.2126,-7.2082,2.3095,-4.5332,0.5517,-2.8408,-7.508,7.361,-5.6284,-4.1189,-4.8003,2.8762,6.4559,-9.0858
-0.2082,-3.211,-6.0244,2.0221,-4.219,0.4505,-2.6948,-6.2427,6.8712,-6.5111,-4.1217,-4.644,2.4282,4.6282,-9.8178
0.1243,-3.1523,-4.696,1.9414,-3.8642,0.4155,-2.6099,-3.9612,7.261,-6.6161,-3.4721,-4.5403,1.526,3.0955,-9.6814
0.5139,-2.7307,-3.1467,1.5693,-3.2924,0.1034,-2.9678,-2.3646,6.6675,-6.6971,-2.7593,-4.0094,0.1778,1.2133,-9.5524
0.5879,-1.8791,-1.73,1.3524,-2.6678,0.0759,-2.6983,-0.284,6.018,-6.8795,-1.9769,-3.3167,-0.9951,-0.3987,-9.7164
0.7803,-1.3025,0.1677,1.0831,-1.1165,-0.188,-2.2779,1.1225,4.9007,-6.3549,-0.9289,-2.5038,-1.4716,-2.4385,-8.9588
0.2235,-0.7374,1.2657,0.8092,-0.5126,0.0376,-1.1508,2.9375,3.8865,-5.5924,0.1047,-1.7276,-1.9606,-4.9519,-7.5558
0.4931,-0.2295,3.7397,0.8155,0.0777,-0.2161,-1.0399,4.8378,2.9638,-5.1645,1.0053,-0.7679,-1.8408,-6.7309,-6.1409
0.5991,0.3346,5.5599,0.563,0.8887,-0.5122,-0.7044,6.4833,1.8593,-4.2379,2.3688,0.133,-2.4773,-7.9038,-4.5395
0.5845,1.309,6.8902,-0.1072,1.5783,-0.7705,-0.235,7.4894,0.1854,-3.4398,3.9313,1.4025,-3.0312,-9.966,-3.1273
0.5875,2.3135,7.922,-0.8209,2.1181,-0.8774,0.4107,8.4553,-1.3199,-3.0926,4.8545,2.9693,-3.434,-10.2137,-1.5072
0.3584,3.3653,8.796,-1.0897,2.8414,-0.8415,0.7054,8.9216,-2.8764,-2.2634,5.1291,4.8397,-3.6799,-10.7151,0.9874
0.1313,3.8901,8.9413,-1.7969,3.3534,-0.8602,1.2534,8.9143,-3.846,-1.0105,5.3455,5.9037,-3.7812,-10.1687,2.6292
0.1132,3.4468,9.369,-2.1135,3.6116,-0.8802,1.6873,8.9308,-4.2815,0.1301,5.5209,6.8063,-3.343,-9.492,4.1549
0.1292,3.5058,9.6596,-2.3153,3.5356,-0.8937,2.1462,8.2383,-5.3141,1.3521,5.8405,7.2552,-2.9984,-9.0549,5.7033
-0.2966,3.7669,8.6834,-2.3402,3.5775,-0.4746,2.5976,7.5972,-5.7676,2.3386,5.3359,7.8245,-2.2006,-7.7975,6.7426
-0.1132,3.4074,8.2173,-2.0545,3.0988,-0.4189,3.0827,6.2529,-5.706,3.1819,5.5787,8.0119,-1.6892,-6.7911,8.0139
-0.0403,3.3124,7.2349,-2.0419,2.8865,-0.4064,3.1128,4.7824,-5.9547,3.6748,4.3209,7.9296,-0.7529,-5.3286,8.5417
-0.5022,2.973,5.605,-1.8252,1.8172,-0.1207,3.0457,3.6267,-5.538,3.9771,4.0568,7.4002,0.1329,-3.7724,8.8519
-0.4196,2.519,4.0428,-1.6813,1.5834,-0.0199,2.942,1.5937,-5.1751,3.4993,3.4778,7.1137,0.7355,-2.2517,8.7022
-0.3087,2.3866,2.4151,-1.4651,1.0137,-0.0281,2.795,-0.1852,-4.3447,3.4935,2.7472,6.7212,1.9371,-0.7267,8.341
-0.2843,1.6573,0.8968,-1.0698,0.4933,-0.0253,2.4437,-1.5994,-3.3593,3.1838,1.9247,6.0828,3.0781,0.7439,7.8022
-0.7719,1.2131,-0.8745,-0.9413,-0.3404,0.2695,2.2441,-3.5021,-2.3185,2.8289,0.8338,5.1701,4.5755,3.0002,6.8407
-0.8865,-0.4178,-2.8615,-0.4879,-0.9411,0.5412,1.8566,-5.5547,-1.6709,2.4852,-0.0291,4.2418,4.5816,4.4932,5.9664
-0.0496,-0.4589,-4.4412,-0.7492,-2.0993,0.4622,1.276,-6.9706,-0.3143,2.2663,-1.788,3.2824,4.7198,6.3493,4.5862
-0.2072,-1.6305,-6.0621,-0.0644,-2.9547,0.6791,0.8817,-7.4457,1.3324,1.0356,-2.481,1.8882,4.6155,8.0635,3.1693
-0.3082,-2.1872,-6.6295,0.6164,-3.9193,0.7463,0.3191,-8.35,2.7986,-0.0038,-3.7427,0.5963,4.6918,8.2426,1.6295
-0.2838,-3.124,-7.8578,1.0463,-4.376,0.6554,-0.2019,-8.3332,3.937,-1.671,-4.2614,-0.9528,4.5273,8.7109,-0.3284
-0.029,-3.1361,-8.0962,1.9172,-4.8754,0.2384,-0.7183,-8.0336,5.2132,-3.2946,-4.5547,-2.3164,4.3269,8.4773,-2.8402
0.0646,-3.2059,-7.4998,1.7709,-4.8482,0.1349,-1.6183,-7.7775,5.9588,-4.4241,-4.5759,-3.154,4.0162,7.7178,-4.8438
0.486,-3.2305,-6.8801,1.8403,-4.5075,-0.1781,-2.4113,-6.5992,6.6398,-5.2625,-4.0138,-3.8956,3.1063,6.875,-6.382
0.8459,-2.9059,-5.8174,1.8401,-4.5363,-0.4476,-3.1945,-5.773,6.4369,-6.1383,-3.4819,-3.8415,3.2387,5.2523,-7.6065
0.7699,-2.4167,-4.8016,1.6821,-3.155,-0.696,-3.1924,-4.8075,6.2983,-6.1127,-3.3059,-3.6053,2.3058,4.2867,-8.4746
0.8365,-1.9101,-4.1413,1.3839,-3.1061,-0.8362,-2.8437,-3.481,5.7952,-6.1194,-3.0838,-3.3018,1.5805,2.8039,-8.8017
0.8652,-1.4193,-2.5494,1.5307,-2.6725,-1.2764,-2.6857,-1.6244,5.6465,-6.2136,-2.3886,-2.9543,1.4934,1.2249,-8.5054
0.9271,-1.1756,-1.4313,1.9259,-2.058,-1.2958,-2.3331,-0.5606,4.8019,-6.0944,-1.4722,-2.5925,0.2382,-0.3666,-7.9877
1.036,-0.9878,-0.0499,1.7517,-1.801,-1.5092,-1.9092,0.7651,3.9944,-5.406,-0.5708,-2.1897,-0.6439,-2.2659,-7.1391
0.8919,-0.4112,1.5636,0.978,-1.2136,-1.4839,-1.7845,3.6015,3.9188,-5.2586,-0.0349,-1.3142,-1.6116,-3.6526,-6.0689
1.0095,0.3929,4.1377,0.2534,-0.7397,-1.8589,-1.4709,5.4127,2.9497,-5.3374,0.5072,-0.6321,-2.2053,-5.6473,-5.6339
0.6171,0.5246,6.0967,0.3286,-0.5003,-1.61,-0.94,6.8861,1.2731,-5.47,2.1933,0.2535,-3.2954,-7.1255,-4.7952
0.5362,1.6634,7.3616,0.0105,0.669,-1.5614,-1.0988,7.7094,-0.3936,-5.1995,3.8904,1.531,-3.4783,-8.3563,-3.635
0.7734,2.3204,8.2364,-0.2276,1.9354,-1.4783,-1.0802,8.2981,-1.9873,-4.2169,5.1075,3.2137,-3.6587,-9.0135,-1.8901
0.4145,3.2431,8.5002,-1.1599,2.8709,-1.2975,-0.2355,8.2176,-3.6545,-2.6654,5.481,4.7595,-3.6882,-9.4324,-0.3748
-0.0835,3.6253,8.557,-1.5526,2.9874,-0.8663,0.3833,8.0493,-4.3233,-1.3551,5.2216,6.0152,-3.6147,-8.9552,1.2288
0.2853,3.4237,8.7168,-1.9949,3.1917,-0.9005,0.7666,8.308,-4.6683,-0.4602,5.0756,6.4663,-3.3084,-9.0228,2.9345
-0.0241,3.0685,8.8201,-1.8003,3.1998,-0.4986,1.3292,7.7789,-4.9317,0.7967,5.1095,7.2187,-2.7618,-8.226,4.4319
0.0734,3.3033,8.2617,-1.8117,3.0187,-0.4622,1.794,7.2222,-5.711,2.0678,5.1227,7.1942,-2.2722,-7.8147,5.8586
0.2642,3.1292,7.7183,-1.8375,2.5049,-0.1824,2.1632,6.1874,-5.6747,2.3784,4.9392,7.356,-2.0019,-6.3154,6.8926
0.1641,3.1314,6.9021,-1.713,2.7457,-0.1539,2.5254,4.6335,-5.8056,3.5458,4.5551,7.2133,-0.8134,-5.0909,7.7735
-0.4189,2.4003,5.3872,-1.7295,1.9385,-0.1626,2.4366,3.6112,-5.577,3.8398,3.9641,7.1184,-0.4675,-4.0919,8.2109
-0.5232,2.6373,4.5201,-1.4686,1.4363,0.1007,1.909,2.451,-4.7754,4.1064,3.2734,6.7336,0.536,-2.5999,8.2678
-0.4635,2.1378,3.3044,-1.2562,0.6909,0.5554,2.1501,1.3779,-4.3319,3.4565,2.7189,6.1562,0.9995,-2.128,7.7587
-0.3664,1.9701,2.2779,-1.0434,0.3231,0.6088,1.8858,0.2553,-3.4937,2.8582,1.9641,5.6586,1.7852,-0.1158,6.9947
-0.7086,1.3908,0.7011,-0.9597,0.061,1.3026,1.8015,-1.9673,-3.534,2.6165,1.1695,4.9854,2.5345,1.3236,6.1555
-0.2992,0.688,-0.9698,-0.6052,-0.753,1.3235,1.9876,-3.6146,-2.4352,2.2956,0.8835,3.5206,3.4829,3.0005,5.4911
-0.0808,0.2032,-2.495,0.0378,-1.542,1.308,1.8044,-5.269,-1.2344,2.2669,-0.1216,3.16,3.9966,4.6651,5.0552
-0.1981,-0.0375,-3.9865,0.1318,-2.366,1.125,1.5548,-6.5416,-0.2939,2.0972,-1.6605,2.4311,4.8085,5.9415,4.3091
-0.1897,-0.7417,-5.482,0.4787,-3.3578,1.0639,1.7544,-7.645,0.8802,1.6389,-2.8009,1.3564,5.5198,6.8767,3.1267
0.0466,-1.3773,-6.1567,1.0227,-4.1362,1.235,1.2462,-7.8747,2.4729,0.1293,-3.3416,-0.3455,5.3843,7.9452,2.216
-0.0686,-2.0738,-6.4144,1.3472,-4.7651,1.1606,0.547,-8.3189,3.5797,-1.0412,-3.5541,-1.4475,5.6264,8.4351,0.404
-0.0566,-2.2617,-6.5639,1.7412,-5.1669,1.1451,-0.4103,-8.7435,4.0659,-2.3448,-3.8353,-2.3024,5.2836,8.4963,-1.4416
0.26,-2.5682,-6.9299,2.0214,-4.8539,1.1251,-1.2505,-8.9564,4.6091,-3.434,-4.1035,-2.9593,5.2129,8.7154,-3.1537
0.5597,-2.62,-6.8347,2.2656,-4.485,0.6273,-1.9022,-8.4276,5.2421,-3.7117,-4.008,-3.4287,4.8637,7.9399,-4.3231
0.3999,-1.7216,-6.6101,2.0842,-4.533,0.5967,-3.0743,-6.478,6.1261,-4.0785,-4.0133,-3.7989,3.5286,7.3471,-5.4779
0.8478,-2.6337,-5.6372,2.512,-4.7203,0.3841,-3.0797,-6.4044,5.7564,-5.9938,-3.5024,-3.8859,2.641,4.8046,-7.1758
1.1351,-2.061,-4.5873,2.3144,-4.1171,-0.0318,-3.1812,-5.0243,5.8888,-6.2164,-3.0013,-3.7563,2.3776,4.0379,-7.6752
0.4552,-2.0586,-3.5182,2.1617,-3.6469,0.0545,-3.2396,-4.0303,5.1709,-6.4222,-2.7468,-3.4269,1.6827,2.4461,-8.1939
0.4361,-2.238,-2.8588,1.8635,-3.2059,-0.0213,-3.2652,-1.7865,5.1502,-6.5637,-2.138,-3.0708,0.5702,1.3044,-8.3343
0.3164,-1.842,-1.2094,1.7397,-2.6673,-0.0932,-2.9385,-0.5782,4.6723,-6.5811,-1.5693,-2.6986,-0.5486,0.5211,-8.1011
0.2499,-1.2377,-0.0171,1.6097,-2.0988,-0.037,-2.7284,0.6779,3.7104,-6.4946,-0.7892,-2.1672,-1.1485,-1.0938,-7.6852
0.6081,-0.8835,0.9685,1.3462,-1.4918,-0.307,-2.4898,2.1324,3.0027,-6.0457,0.2391,-1.5227,-0.8425,-3.0658,-6.8509
0.6533,-0.3424,2.5023,1.085,-0.8748,-0.3977,-2.0157,3.5165,1.9673,-5.4339,1.0169,-0.6847,-2.0056,-4.7242,-5.821
0.8802,0.186,4.0607,0.9877,-0.2582,-0.5919,-1.808,5.1869,1.7724,-4.8654,2.0847,0.1905,-2.6286,-5.914,-4.5162
0.7599,0.8427,6.1863,0.7182,0.3246,-0.6853,-2.0975,6.1934,0.4163,-4.5305,3.279,1.2178,-3.6144,-7.2998,-3.4776
0.7095,1.8334,6.6426,0.2326,1.5002,-0.6729,-1.3901,7.0167,-1.1649,-3.8395,4.2733,2.3159,-3.7894,-8.5785,-2.1552
0.6828,2.3047,7.2921,-0.0813,2.1404,-0.7179,-1.1032,7.9424,-2.1172,-2.7464,4.6851,3.7892,-4.0247,-9.2733,-0.7264
0.1931,2.954,8.0765,-0.619,2.2897,-0.4873,-0.3489,7.8654,-3.5225,-2.1459,5.2073,5.1777,-3.9471,-9.6383,0.7173
0.1499,3.2364,8.2747,-1.077,2.4476,-0.2581,0.3364,8.5442,-4.037,-1.5096,5.3781,6.3208,-3.8663,-9.5706,2.4412
-0.106,3.351,8.3028,-1.2684,2.843,-0.0991,1.099,8.2574,-4.8759,-0.4398,5.4059,7.0671,-3.4428,-9.3809,3.9735
-0.1007,3.4927,8.253,-1.5739,2.7148,0.0391,1.7555,7.8555,-5.2567,0.5126,4.9098,7.5824,-2.8448,-8.9549,5.2593
0.1818,3.2208,7.5996,-1.6919,2.8775,0.3174,1.7941,7.174,-5.8163,1.2844,4.8601,7.7834,-2.0251,-8.2438,6.3841
-0.3044,3.1415,6.8276,-1.4625,2.2927,0.3098,2.3887,6.3799,-5.5238,2.3582,4.3973,7.7114,-1.4506,-7.6694,7.2483
-0.3345,3.0215,6.5933,-1.7586,1.8078,0.641,2.1781,5.7854,-4.8864,2.3413,3.9622,7.4822,-1.2029,-6.2606,7.777
-0.0293,2.5943,6.0988,-1.6089,1.4635,0.5401,2.2642,5.0248,-5.024,2.1777,4.2309,7.2046,-0.7056,-5.2077,7.9436
-0.0301,2.3316,5.9395,-1.0768,1.2025,0.5473,2.1427,3.0708,-5.3239,2.7835,3.9934,7.2041,-0.2733,-4.1838,8.275
-0.1532,2.4616,4.4247,-0.8501,1.1592,0.7292,2.2764,1.7917,-5.3277,3.3077,3.8977,6.7952,0.4391,-2.5652,8.2378
-0.2604,2.5658,3.2419,-0.8843,1.2323,0.8208,2.2208,0.233,-4.7597,3.4873,3.019,6.8104,1.2674,-0.8547,8.2829
0.3008,1.5989,2.4871,-0.7624,0.7982,0.6213,2.175,-0.9449,-4.104,3.7468,2.5545,6.2854,2.0668,0.4729,8.3193
-0.4739,1.6906,0.8988,-0.5574,0.0024,0.7614,2.0727,-3.041,-3.7531,4.0907,1.7373,5.6934,2.8263,1.9702,8.145
-0.1424,1.416,-0.6808,-0.7644,-0.5238,0.7203,2.0048,-4.5595,-2.8201,3.4482,0.4953,5.1313,3.8947,3.9453,7.3391
-0.4522,0.5945,-2.7677,-0.5524,-1.3091,1.0081,1.5678,-6.6694,-2.0677,3.3445,-0.6241,3.96,4.5677,5.5893,6.3756
-0.3141,-0.7828,-4.8221,0.0259,-2.3549,0.9776,1.4357,-8.0976,-0.9132,2.6475,-2.1197,3.0377,4.7113,7.2636,4.9889
-0.1779,-1.4098,-6.5503,0.4019,-3.5529,1.1608,0.8684,-8.5031,1.1188,1.9387,-3.2973,1.6924,5.2001,8.5851,3.6028
-0.3133,-2.2069,-7.2676,1.0694,-4.7169,1.4499,0.2812,-9.2577,3.2295,0.3226,-4.243,-0.0268,5.4466,9.5616,1.6951
-0.0567,-2.648,-7.5619,1.6504,-5.248,1.2849,-0.2694,-9.7507,4.4061,-1.527,-4.8571,-1.4419,5.2322,9.3103,-0.6657
0.1801,-2.8459,-7.9042,1.7991,-5.2891,1.3412,-0.8423,-9.1847,5.5975,-2.8377,-4.5933,-2.7975,5.24,9.4345,-2.8778
0.5343,-2.8977,-7.4741,2.004,-5.0242,0.608,-1.3738,-9.0156,5.9179,-4.1011,-4.3909,-3.0693,4.9751,8.6921,-4.6697
-0.1953,-2.5919,-7.3907,2.041,-4.9206,0.7041,-2.2503,-8.8671,5.8669,-4.5198,-4.4939,-3.6573,4.5015,7.8129,-5.9186
0.2083,-3.3437,-6.9107,2.2158,-4.3581,0.4508,-2.3747,-7.4736,6.6408,-5.5685,-4.3379,-3.7284,3.2153,6.3345,-7.1319
0.2994,-2.354,-6.0317,2.0428,-4.1991,0.3738,-2.2654,-6.9158,6.4877,-5.9809,-4.1303,-3.7838,2.9102,4.6225,-8.0025
0.4997,-2.4761,-5.047,1.5468,-3.8258,0.4386,-2.4756,-5.3008,6.5753,-6.2731,-4.1047,-3.8171,2.3083,3.1377,-8.7349
0.1491,-2.576,-3.9335,1.7809,-3.1174,0.3876,-2.247,-3.5369,6.4703,-6.2242,-3.2822,-3.8949,1.323,1.683,-8.7939
0.0951,-2.1197,-2.5668,1.4854,-2.9499,0.363,-2.0793,-2.2538,5.9537,-6.4892,-2.5003,-3.5789,0.6573,-0.2515,-8.6778
0.5572,-1.4102,-0.9322,0.7583,-2.5183,0.0232,-2.2287,-0.8505,5.0886,-6.6056,-2.5184,-2.9396,-0.3784,-1.6077,-8.6066
0.6889,-1.8191,0.1891,1.4334,-1.9858,-0.142,-2.41,1.6221,4.6908,-6.4072,-1.1989,-2.6133,-1.6302,-3.1909,-8.2779
1.1746,-1.0718,2.8765,1.5069,-1.2737,-0.3524,-2.5422,3.8243,3.7863,-6.1179,0.0245,-1.7176,-2.364,-5.3914,-6.9051
0.6397,0.4357,5.3434,1.026,-0.2102,-0.4135,-2.0,6.1741,2.717,-5.3331,1.5531,-0.8834,-3.4143,-7.4042,-5.8014
0.4425,1.5831,7.8288,0.4865,0.7469,-0.3007,-1.4738,7.3776,0.7144,-5.1831,3.3298,0.5144,-3.7935,-9.3352,-4.325
0.5526,2.7231,8.7116,-0.1065,2.0073,-0.3659,-1.142,8.2065,-1.0067,-4.7649,4.4366,2.1505,-4.2411,-10.8367,-2.8881
0.9001,3.8173,9.7394,-1.42,2.6134,-0.2428,-0.5809,9.0613,-3.0096,-3.2694,5.066,3.662,-4.4284,-11.5793,-1.1582
0.8959,4.142,10.8442,-1.5978,3.0566,-0.3667,0.1594,9.4813,-3.8162,-2.4305,5.4165,5.4493,-4.6371,-11.4686,0.2317
0.8725,4.2343,11.0628,-1.8409,3.618,-0.4159,0.8443,9.6014,-5.0043,-0.963,5.7564,6.8488,-4.2737,-11.552,2.344
0.7305,4.5308,11.0223,-1.8446,3.9653,-0.3487,1.6433,9.3833,-5.8925,0.643,5.922,7.852,-3.9494,-10.7762,4.4345
0.6597,4.7487,10.7532,-1.9894,3.959,-0.3143,2.0995,8.8249,-6.6818,2.217,5.9999,8.2445,-3.4972,-10.2882,6.49
0.1912,5.1298,9.8216,-1.7191,3.5357,-0.1864,2.3846,8.0626,-6.5447,3.0539,6.0536,8.3015,-3.0837,-9.0633,7.9957
0.1913,4.7322,8.9565,-2.1191,3.0782,0.0675,2.4669,6.7975,-6.6425,3.4216,5.3005,8.4678,-2.2251,-7.4791,8.9464
-0.4125,4.1222,7.924,-2.0887,2.3452,0.3951,2.596,5.1996,-6.374,3.273,4.8752,8.3224,-1.3107,-6.5449,9.3317
-0.4685,3.6931,6.7202,-1.7258,2.039,0.741,2.4884,3.9102,-5.9793,3.6635,4.2759,7.942,-0.7544,-4.8175,9.3781
-0.2408,3.3244,5.4647,-1.6586,1.504,1.0326,2.5687,2.6241,-5.3515,3.6403,4.0911,7.6445,0.3912,-3.2318,9.3309
-0.3968,2.9663,4.2194,-1.6137,0.8898,1.1261,2.2327,0.6014,-5.0211,3.5826,3.2037,7.5525,1.2955,-1.6916,8.9053
-0.4714,2.3731,2.6741,-1.3948,0.1116,1.3634,2.1263,-1.1526,-4.5253,3.4037,2.2972,6.7406,2.4351,0.2365,8.4009
-0.1385,2.0406,1.1258,-1.3477,-0.3658,1.401,2.1128,-3.5964,-3.8364,3.2439,1.2333,5.9773,3.2478,2.8259,7.8137
-0.2734,1.6443,-1.021,-1.1574,-0.6474,1.3727,1.8166,-5.7798,-3.127,3.3443,0.3247,5.1026,4.0993,4.964,6.8784
-0.3547,0.7607,-3.4241,-0.4331,-1.5463,1.52,1.5033,-7.7949,-2.0223,3.1424,-1.3434,4.1788,5.1335,6.8028,5.9323
-1.3473,-0.4527,-5.6892,-0.0368,-2.7671,1.9698,1.0869,-9.4464,-0.2943,2.6917,-2.8092,2.6794,5.5955,8.4415,4.5596
-0.9798,-1.7101,-7.2749,0.586,-4.4406,1.9129,0.5041,-10.6085,1.6147,1.1687,-4.0509,0.9999,6.085,9.1683,2.7151
-0.5091,-2.3366,-8.3031,1.8323,-5.1551,1.9496,-0.3121,-10.9219,3.7805,-0.1992,-4.7435,-0.9171,6.3089,9.8026,0.7398
-0.1172,-3.0954,-8.4838,2.0585,-5.535,1.6415,-1.268,-10.9329,5.3315,-1.6073,-5.0714,-2.5609,6.2498,9.7964,-1.3283
-0.2161,-3.0146,-8.7006,2.2032,-5.8118,1.8188,-2.4105,-10.9923,5.9074,-2.9751,-5.2954,-3.5857,5.8324,9.5545,-3.8223
-0.305,-3.1924,-8.5693,2.2102,-5.8066,1.6738,-2.7997,-10.7021,6.5434,-4.5758,-5.5019,-4.1871,4.8268,9.2921,-6.1021
0.1859,-3.4369,-8.2565,1.694,-5.3764,1.4949,-3.5707,-10.246,6.7297,-5.4443,-5.4441,-4.6809,4.428,8.3467,-7.7395
0.3152,-3.1602,-7.7154,2.4254,-5.3732,1.3931,-3.3009,-8.9107,7.4391,-5.5562,-4.7742,-4.8699,3.3835,7.0165,-9.0104
0.9239,-2.8786,-6.3077,2.2682,-4.7029,0.8745,-3.5191,-7.3666,7.389,-6.2408,-4.4527,-4.8551,3.0206,5.439,-9.2843
0.452,-2.3495,-4.7466,2.3433,-4.5374,0.5916,-2.9592,-5.4297,7.1533,-6.339,-3.9865,-4.6896,1.1742,3.95,-10.0413
0.7007,-2.1351,-3.0561,2.0064,-4.2871,0.4753,-3.0581,-3.8665,6.4118,-7.0078,-3.0222,-4.3344,0.4425,1.849,-9.7644
0.3358,-1.8926,-1.92,1.8942,-3.366,0.4028,-2.4547,-2.0967,5.8864,-7.1103,-1.7197,-3.7664,-0.245,0.2809,-9.5205
0.5968,-1.0359,0.0275,1.9361,-2.8049,0.1992,-2.3825,-0.7708,4.8308,-7.2337,-0.7772,-2.7867,-0.6968,-1.3535,-8.4327
0.7627,-0.1923,1.3288,1.3927,-1.9543,-0.1475,-2.5315,0.7691,3.8584,-6.3086,0.1761,-1.8733,-1.1306,-3.5058,-7.3373
1.1406,1.123,2.8378,0.8274,-1.1103,-0.6463,-2.354,2.5921,2.8916,-5.4371,0.9633,-0.8198,-2.2147,-5.5174,-6.2244
0.8343,1.7996,4.6103,0.7603,0.1371,-0.6277,-1.3708,4.656,1.8664,-4.4953,2.0461,0.1612,-3.1558,-6.9299,-4.9203
0.7954,2.3405,6.3394,0.2856,0.8144,-0.8841,-0.7812,6.3294,1.0242,-3.8159,2.8741,1.2422,-3.2537,-8.455,-3.1976
0.8055,2.8218,7.827,-0.1616,1.6058,-0.9786,0.0136,7.9565,-0.0515,-3.1032,3.8713,2.6286,-3.3138,-10.005,-1.6028
0.553,3.9311,9.4038,-0.8984,2.3944,-0.7338,0.0856,8.4969,-2.3032,-1.9961,4.5227,3.992,-3.635,-11.0314,0.1316
1.1008,4.2012,10.3295,-1.1754,2.888,-1.0697,0.4357,9.0528,-3.7056,-1.0911,5.3304,5.4381,-4.1341,-10.9476,1.8618
1.3192,4.8911,10.8927,-1.5803,2.8983,-1.4735,1.2804,9.4133,-4.6726,0.251,5.8782,6.5041,-4.1338,-11.203,3.9993
0.5037,5.3176,10.8318,-2.138,3.369,-1.085,1.8957,8.7341,-5.7636,1.8254,6.4032,7.4582,-4.1798,-10.6745,6.0065
0.4596,5.7291,10.3907,-2.3327,3.3526,-0.8785,2.4871,7.9649,-6.4209,3.0315,5.9164,8.3708,-3.4845,-9.5935,7.5851
-0.0706,5.6347,9.4367,-2.5018,3.2268,-0.6846,2.6816,7.0612,-6.7075,3.7487,5.611,8.6002,-2.7041,-8.5335,8.7808
-0.4315,5.1788,8.4408,-2.4943,2.7768,-0.4535,3.3296,6.0639,-6.5239,4.1144,4.7673,8.6246,-1.4304,-6.7324,9.4866
-0.5432,4.8667,7.5257,-2.0435,2.3853,-0.1935,3.426,4.5677,-6.421,4.1158,4.8478,8.2634,-0.4065,-5.3185,9.9366
-0.3478,4.4991,6.3028,-1.9231,2.0877,-0.1455,3.4258,2.5468,-5.9679,4.7371,4.3027,8.114,0.2812,-3.5548,10.3436
-0.2859,4.1705,5.0051,-1.9223,1.4489,-0.0444,3.3441,0.7995,-5.6438,4.6895,3.2904,7.833,1.2557,-2.2539,10.2124
-0.9171,3.9053,3.0417,-1.7873,0.5714,0.2825,3.187,-0.4969,-4.7866,4.2922,2.6865,7.2222,2.4132,-1.0996,9.6806
-0.8766,2.8704,1.7329,-1.3795,-0.2948,0.658,2.7905,-2.406,-4.0811,3.2352,1.5631,6.6766,3.3012,0.5793,8.7329
-0.6689,2.225,0.2713,-1.2139,-0.8827,0.7859,2.3076,-4.1134,-2.918,2.9173,0.3891,5.5096,3.5986,2.2478,7.3313
-0.5038,1.6777,-1.6347,-0.5465,-1.5024,0.9192,1.9451,-5.7708,-1.9679,2.5119,-0.6978,4.594,4.2824,4.1824,5.8493
-0.4889,0.913,-3.0272,-0.2391,-2.0658,0.8947,1.6889,-6.903,-0.6922,2.0521,-1.4564,3.5353,4.6891,6.4893,4.7839
-0.6461,0.0273,-4.3551,-0.1864,-3.1592,1.1312,1.039,-9.1754,-0.2466,1.5772,-3.1962,2.4364,4.9862,7.5532,3.4355
-0.3558,-0.9239,-5.9403,0.1882,-3.9774,1.0222,0.7265,-9.6892,1.7446,0.3681,-4.2881,0.9471,5.1805,8.897,1.6321
-0.1013,-1.4412,-6.769,0.9276,-4.7366,0.9361,0.1089,-9.9581,3.2902,-0.2995,-4.653,-0.9324,5.7094,9.0864,0.2969
-0.3617,-1.6388,-7.3101,1.2402,-5.2082,1.1182,-0.6443,-10.0112,4.8387,-1.3266,-4.9182,-2.0457,5.568,9.1251,-1.79
-0.5571,-1.8374,-7.3192,1.6115,-5.251,1.2513,-1.8374,-9.5471,5.6677,-2.6542,-4.5882,-2.9415,4.9634,8.711,-3.5868
-0.139,-2.2619,-6.8888,1.9165,-5.188,1.195,-1.917,-9.4346,6.1429,-4.3585,-4.8048,-3.3873,4.2172,8.2391,-5.4474
0.2183,-2.5373,-6.4432,2.0972,-4.6927,0.9967,-1.9527,-8.0637,6.4967,-4.7301,-4.5961,-3.9667,4.6128,6.865,-6.5282
0.5173,-1.8608,-5.1995,1.7268,-4.6473,0.8145,-2.1842,-7.5782,6.3092,-4.9566,-4.0907,-3.9747,3.8811,5.1441,-7.0655
0.5338,-1.376,-4.6288,1.6973,-4.059,0.5872,-2.4644,-6.3067,6.2259,-4.0313,-3.5794,-3.7945,2.8692,4.4647,-6.4522
1.0125,-0.9729,-3.6765,1.7563,-4.1207,0.0973,-2.3391,-5.4263,6.0144,-4.2476,-3.437,-3.2405,1.8074,3.2157,-6.4631
0.982,-0.7004,-2.606,1.0941,-4.0964,-0.1783,-2.5219,-3.7528,5.8405,-5.6592,-3.0057,-2.973,0.9135,1.6533,-7.1514
0.9245,-0.6882,-1.3528,1.428,-3.2627,-0.5108,-2.4845,-1.7613,5.7259,-6.4749,-1.6102,-2.7027,0.5258,0.7509,-7.2548
0.6965,0.1475,-0.0048,1.2248,-2.7795,-0.5311,-2.3005,-1.0008,4.7129,-6.1949,-1.3304,-1.763,-0.2587,-0.9386,-6.954
0.6786,0.7,1.1428,0.3994,-2.2907,-0.4374,-1.898,0.5196,3.6744,-6.4195,-0.3614,-1.6238,-0.7861,-2.5839,-6.3307
0.5266,1.6148,2.3985,0.07,-1.3338,-0.408,-1.9718,2.0812,3.1222,-6.0488,0.0566,-0.5749,-1.5764,-4.0912,-5.7774
0.5961,1.7742,4.0423,-0.3047,-0.6904,-0.3491,-1.7099,3.4487,2.2755,-5.3565,0.7349,0.2775,-2.689,-6.1537,-4.9339
0.8311,2.1864,5.5602,-0.448,-0.0585,-0.4615,-0.8257,5.4236,1.5763,-5.0152,1.8484,1.1275,-2.9895,-7.5439,-4.0939
0.5572,2.4137,7.3048,-0.3749,0.9509,-0.8692,-0.2718,5.7235,-0.1817,-4.2768,3.2599,2.0254,-3.1561,-9.1605,-2.7585
0.6481,3.077,7.7691,-0.5587,1.7382,-0.764,-0.1491,7.0566,-1.5492,-2.7248,4.1155,3.2956,-3.5054,-9.6459,-0.8
0.3477,4.1706,8.517,-1.2468,1.8233,-0.5111,0.3689,7.8398,-2.1551,-1.9465,4.5,4.6511,-3.8492,-9.5003,0.8487
0.0871,4.26,9.4215,-1.5333,1.798,-0.3049,0.8156,7.105,-3.7943,-1.4816,4.675,5.7212,-3.4769,-10.0681,2.3953
-0.1337,4.7921,8.8948,-1.609,2.5672,-0.2274,1.1055,7.5025,-4.2827,-0.729,5.2912,6.5686,-2.7387,-9.4193,3.8386
0.3193,4.7579,9.1178,-2.1507,2.4797,-0.3009,1.6814,6.736,-4.9693,0.154,5.6453,7.5955,-2.7095,-9.0658,5.1437
0.2064,5.1595,8.6646,-2.232,2.5074,-0.2535,2.2541,6.253,-5.3415,1.4294,5.4144,8.0342,-1.8421,-7.8728,6.7131
-0.7272,4.8849,7.397,-2.445,2.1978,0.3263,2.5856,4.7017,-6.2615,2.2804,4.7881,8.3333,-1.1555,-6.6062,7.7756
-0.532,3.9725,6.6758,-2.5416,2.0468,0.5497,2.9395,3.5,-5.4802,2.2711,4.2126,8.3044,-0.2922,-5.5334,8.2359
-0.2252,3.4991,5.454,-1.9578,1.5101,0.6589,2.8694,2.3822,-4.7882,2.771,3.3576,7.9351,0.4387,-3.7974,8.4238
-0.2706,3.2775,4.6013,-1.862,1.1814,1.0471,2.8574,0.7849,-4.5408,3.3246,2.8052,7.4105,0.9994,-2.6329,8.4849
0.2603,2.948,3.377,-1.4491,0.9497,0.7778,2.9537,-0.3813,-3.6942,3.3667,2.561,6.7632,1.9455,-1.1365,8.3045
-0.0139,3.0793,2.3443,-1.1069,0.195,1.2359,2.9779,-2.0503,-3.4637,3.8149,1.9414,6.3231,2.5126,0.1076,8.574
-0.6656,2.7464,0.4421,-0.5904,-0.4878,1.5522,2.268,-3.936,-2.7275,3.3975,0.8947,5.7242,3.4671,1.9877,8.1011
-0.4122,1.461,-1.4173,-0.5298,-0.9814,1.4355,1.9442,-5.7078,-2.0258,2.4926,0.2003,4.842,4.207,3.5563,7.0938
0.3307,0.7854,-2.9681,-0.641,-1.8301,1.1635,1.5152,-6.9589,-0.8349,2.7991,-1.4832,4.2615,4.3536,4.976,5.8769
0.6885,-0.291,-3.87,0.0797,-3.2135,0.7064,1.3728,-7.0786,0.8042,2.3325,-2.1689,3.0448,4.826,6.6082,4.796
0.6294,-0.5638,-4.5634,0.5054,-4.1426,0.5805,0.7923,-8.0461,2.0151,1.4278,-3.161,1.7186,4.9212,7.3414,3.5179
0.553,-0.8653,-4.9556,0.9724,-4.7199,0.4204,0.0442,-8.5352,2.9159,-0.284,-3.2776,0.1747,4.6793,7.8933,1.7147
0.3482,-1.2596,-5.8467,1.392,-5.1047,0.4382,-0.297,-8.8619,3.6944,-1.1134,-3.5809,-0.7695,4.3612,7.9037,0.202
0.4272,-1.4979,-6.0483,1.9224,-5.3836,0.3024,-1.003,-8.7727,4.552,-2.3594,-3.4187,-1.6145,4.3756,7.8652,-1.4269
1.0051,-1.6111,-5.3178,1.6704,-5.3473,0.0299,-1.517,-9.4484,4.6438,-3.3925,-3.6337,-1.9861,4.0199,7.2423,-3.1588
1.0319,-1.7212,-5.7073,1.7214,-5.0518,-0.2571,-2.2378,-8.442,5.1884,-3.742,-3.7194,-2.2773,3.4314,6.7612,-4.4851
1.1033,-1.2022,-5.4017,1.6644,-4.6401,-0.6494,-2.203,-6.9177,5.704,-4.5748,-3.6653,-2.5349,2.4862,5.9412,-5.4807
0.9848,-1.0427,-4.3842,1.697,-4.269,-0.7757,-2.3981,-5.5781,6.0364,-5.128,-3.3422,-2.8088,1.988,4.3902,-6.2141
1.3945,-1.0658,-2.6377,1.5843,-3.8939,-1.2669,-1.9706,-4.2087,5.8558,-5.4652,-2.5858,-2.7705,1.4708,2.6495,-6.6025
0.916,-0.3805,-1.3549,1.1986,-2.6718,-1.2029,-1.8209,-2.7319,5.3139,-5.1487,-2.3253,-2.238,1.1037,1.0633,-6.363
0.6224,-0.2088,-0.2533,1.3003,-2.3802,-0.8793,-2.2458,-1.3752,4.7691,-5.4685,-1.3713,-1.8936,0.0875,-0.3848,-6.0876
0.2394,0.5268,0.6077,0.8111,-2.305,-0.7121,-1.5733,0.0217,3.8339,-5.4871,-0.6619,-1.2097,-1.1316,-2.165,-5.747
0.4413,0.776,1.5714,0.3854,-1.8931,-0.6984,-1.4617,1.6937,3.1368,-5.8697,-0.6863,-0.8847,-1.9579,-3.7857,-5.4863
0.3588,1.1729,3.1708,0.7416,-0.9001,-0.6072,-1.2785,3.0923,2.8456,-5.7897,0.3198,-0.5124,-2.5096,-5.1981,-4.9594
0.3318,1.5603,4.8353,1.1583,0.1403,-0.5764,-0.7444,5.096,2.256,-5.2667,1.7509,0.0672,-3.2066,-6.9026,-3.9108
-0.1202,2.322,6.3672,0.4487,1.1052,-0.3517,-0.1919,6.6214,0.8474,-4.4318,2.816,1.1368,-3.6105,-8.855,-2.8038
0.004,3.277,8.0152,-0.1852,1.6864,-0.3739,0.1727,7.6541,-0.432,-3.8423,4.0019,2.4038,-3.7588,-10.1266,-1.3637
0.2412,3.9437,9.3004,-0.7909,2.2997,-0.4301,0.6128,8.4793,-1.9742,-2.6855,5.2002,3.7876,-3.7151,-10.8629,0.3311
0.2034,4.5963,10.0874,-1.3368,2.7313,-0.3756,1.1865,8.3153,-3.975,-1.5431,5.7305,5.2861,-4.1119,-11.1167,2.0824
0.3308,4.9695,9.9952,-1.9596,2.9429,-0.4473,2.1562,9.0073,-4.5932,-0.3842,5.5018,6.741,-4.4751,-10.7649,4.1624
0.0873,5.0001,10.2913,-2.2006,3.089,-0.3029,2.7882,8.6986,-5.1618,1.1855,5.3355,7.5166,-3.7439,-10.3062,5.9692
-0.1437,4.6417,10.3945,-1.9741,2.731,0.0065,3.5504,8.6126,-5.6643,1.7828,5.9289,7.5789,-3.0424,-9.806,7.5761
-0.47,5.0105,9.9868,-2.2441,2.6978,0.3712,3.502,7.8203,-5.9895,2.5159,6.1511,8.1706,-1.9906,-8.8532,9.0262
-0.2446,5.1801,9.9769,-2.3556,2.3195,0.6876,3.611,5.8468,-6.8904,2.9707,6.3494,8.576,-1.6101,-7.3769,10.0767
-0.1829,4.9769,8.5073,-2.4651,2.2943,0.5474,3.848,4.0805,-7.0058,3.9532,6.121,8.8512,-1.0873,-5.3859,10.9042
-0.3822,4.9543,6.7364,-2.603,1.885,0.7302,3.4149,1.8619,-6.9748,4.4962,4.8213,9.0582,-0.0712,-3.0316,11.2708
-0.5934,4.7383,4.8399,-1.5152,1.1727,0.8085,3.6261,0.0541,-6.3104,4.5456,4.138,8.6926,0.6796,-0.9081,10.9253
0.1899,4.0656,3.6981,-1.769,0.3281,0.6955,3.5703,-1.7666,-5.4379,4.2383,2.8388,7.9168,2.0117,0.9493,10.3284
-0.2469,3.3454,1.6494,-1.964,-0.289,0.7912,3.0779,-3.9789,-4.6121,4.1975,1.6411,7.215,3.4855,3.5896,9.6632
-0.5213,2.6169,-0.8601,-1.8945,-1.0715,0.9407,2.8835,-6.6461,-4.2065,3.9673,0.264,6.1549,4.2734,5.3579,8.43
-0.8786,1.9045,-3.9852,-1.4717,-2.1551,1.2038,2.5624,-8.302,-2.1635,3.3478,-1.7303,4.9601,5.2809,7.591,6.9503
-0.8362,0.3726,-5.9559,-0.4059,-3.8206,1.399,1.8158,-9.7956,-0.1187,1.5031,-2.9253,3.4589,6.2191,8.895,4.8896
-0.5628,-0.9498,-6.8822,-0.0247,-4.4998,1.6112,1.3457,-10.934,1.8308,0.5047,-4.291,1.6109,6.1792,10.3882,2.4897
-0.3925,-1.6098,-8.1708,0.6554,-4.808,1.2683,0.9479,-11.1619,3.8903,-0.6055,-4.8196,-0.198,6.1062,10.7108,0.7832
0.044,-2.1053,-8.2802,1.0807,-5.7802,1.221,0.1646,-11.1162,5.3385,-1.7355,-5.2479,-1.7796,5.8892,10.3176,-1.076
0.2156,-2.3714,-7.8662,1.4299,-5.9805,0.9263,-0.4498,-10.524,6.142,-3.4639,-5.1048,-2.8041,5.2127,9.6142,-3.4171
0.1672,-2.5209,-7.1526,1.4801,-5.7515,0.6911,-1.3166,-9.6529,6.4135,-4.968,-5.1034,-3.5148,5.3023,8.5414,-5.371
0.2486,-2.3694,-6.7205,1.7037,-5.3064,0.5115,-1.8219,-8.6608,6.3312,-5.3896,-4.6852,-3.9294,3.8593,7.5983,-6.6776
0.2192,-2.1888,-5.9307,1.5983,-4.7834,0.4805,-1.9541,-7.7324,6.4632,-6.0248,-4.5363,-3.861,3.1363,6.2413,-7.7756
0.3198,-1.5751,-5.14,1.3915,-4.4438,0.2848,-2.1466,-5.9776,6.3252,-6.5163,-4.012,-3.7565,2.3637,5.032,-8.4238
0.8491,-1.411,-3.4046,1.3523,-3.7459,0.0304,-2.3315,-4.7627,6.0774,-7.1314,-3.5027,-3.5233,1.0921,3.1549,-8.9984
1.0905,-1.167,-1.9171,1.2124,-2.9782,-0.3145,-2.2353,-2.336,5.9314,-6.7869,-2.3993,-3.1539,0.096,1.4681,-8.6738
0.3266,0.0837,-0.4938,0.5279,-2.873,-0.2496,-2.3239,-0.6835,4.9553,-6.4528,-2.2853,-2.3002,-0.7471,-0.9031,-8.2345
0.4207,0.2072,1.679,0.6755,-2.1314,0.1727,-1.8335,1.2758,4.383,-7.6518,-0.9682,-1.7726,-1.6252,-3.6261,-8.0112
0.2892,0.3799,3.6668,0.416,-1.2789,0.1662,-1.699,3.525,3.2067,-6.5004,0.0348,-0.7673,-2.7607,-5.2953,-7.2148
0.3275,1.0097,5.8075,0.2263,-0.1942,0.0603,-1.7946,5.2566,1.9465,-6.3498,1.3598,-0.1252,-3.2887,-7.1172,-6.2668
0.0935,1.7693,7.5724,-0.0928,0.6851,0.3097,-1.4358,6.4574,0.3228,-5.8445,3.1717,0.9754,-4.833,-8.5813,-4.8009
0.0107,2.7415,8.6299,-0.7486,2.3367,0.3067,-0.9283,7.751,-1.2449,-4.5983,4.1854,2.4521,-4.7882,-10.0562,-3.3135
0.0545,3.9382,10.0221,-1.0793,2.8043,0.3911,-0.3392,8.7038,-2.5599,-3.3594,4.7272,3.9391,-4.8203,-10.6329,-1.4949
0.355,4.5138,10.7461,-1.538,3.3582,0.2218,0.2824,8.7658,-4.33,-2.1262,5.8027,5.6715,-4.0153,-11.3995,0.367
0.0173,4.6698,11.0417,-1.8917,3.2622,0.1715,0.8518,8.886,-5.3027,-0.8893,6.1036,7.3023,-3.6845,-11.7392,2.3878
-0.5709,5.5678,10.5495,-2.3224,3.6679,0.5652,1.4984,8.4754,-6.2433,0.5563,5.7685,8.3397,-3.5298,-10.681,4.2805
-0.5007,5.6522,10.3884,-1.4454,3.5822,0.6287,2.346,8.0675,-6.2941,1.2954,6.2109,8.6945,-3.5759,-9.9706,5.8042
-0.3178,5.3148,9.9906,-1.8284,3.2097,0.4128,2.764,7.2982,-6.6135,1.8699,5.9869,8.9888,-2.3834,-9.1621,7.1862
-0.7908,5.072,9.3794,-2.3257,2.9067,0.7343,3.1786,6.2567,-6.6284,2.3496,5.4495,8.942,-0.9604,-7.449,8.2225
-0.5382,5.0103,8.2096,-2.2012,2.6043,0.8057,3.4385,4.3142,-6.815,2.9871,5.0141,9.2148,-0.4061,-6.5494,8.7118
-0.515,4.6585,7.0677,-1.6293,2.3005,0.7118,3.5126,3.0148,-6.5202,4.1147,4.5748,8.8777,-0.0669,-4.437,9.4933
-0.9992,3.9493,5.5634,-1.5012,1.7109,1.1829,3.0877,1.8599,-5.8707,4.3876,3.9493,8.684,0.7378,-3.2028,9.755
-1.118,4.0471,4.5387,-1.8438,1.272,1.5124,2.7641,0.0977,-5.4646,4.2316,2.8987,8.0448,2.0277,-2.0885,9.4921
-0.2879,3.3209,3.1725,-2.1381,0.4522,1.4714,3.0752,-1.6945,-4.8069,3.7679,1.9893,7.1774,3.0082,-0.2412,8.361
-0.3453,3.3302,1.3042,-1.9074,-0.3305,1.6172,2.8042,-3.317,-3.7735,4.2715,0.9223,6.4718,3.76,1.8953,7.8948
-0.5229,2.2952,-0.4572,-1.5119,-0.874,1.5499,2.5999,-5.0386,-2.7024,3.3274,-0.1423,5.6177,4.444,4.2908,6.826
-0.2365,1.3438,-2.3358,-1.0268,-1.7469,1.4337,2.3764,-6.8196,-1.7448,3.1797,-1.3457,4.753,5.0603,5.6465,5.8624
-0.059,0.5784,-3.7979,-0.9961,-2.8437,1.453,1.8643,-8.1997,-0.6221,2.5631,-2.7628,3.5224,5.571,7.1994,4.5387
-0.1124,-0.2289,-5.1704,-0.5365,-3.8429,1.6296,1.1064,-9.1238,1.2979,1.6922,-3.966,1.9823,5.6262,8.1292,2.8429
-0.1447,-1.0426,-5.5592,0.4026,-4.3989,1.5789,0.4704,-9.4664,2.7236,0.5325,-4.5926,0.2933,5.4554,9.1228,1.0319
-0.1282,-1.6679,-6.2188,0.7733,-4.9337,1.5621,0.3623,-9.5668,3.8353,-0.2592,-4.7903,-1.083,5.5208,9.9828,-0.3072
0.1968,-1.6273,-6.1371,1.2931,-4.9962,1.3667,-0.3553,-10.1533,4.2137,-1.1581,-4.662,-1.9925,5.2972,9.7933,-1.7331
0.3031,-2.0379,-6.4687,1.6054,-5.008,1.1579,-0.8849,-10.4396,4.7714,-2.3658,-4.8525,-2.6502,5.0984,9.0087,-3.3454
0.0112,-1.9761,-6.8777,1.831,-5.1144,0.5223,-1.1334,-9.4864,6.1425,-3.6554,-5.0431,-3.095,4.8131,8.4326,-4.8964
-0.041,-2.0594,-6.3192,1.2098,-4.8566,0.5537,-1.5338,-8.7065,6.3868,-4.8676,-4.9139,-3.5223,4.2158,7.168,-6.1899
-0.0398,-1.7949,-5.9495,1.3411,-4.4919,0.6684,-1.7232,-7.6701,6.6675,-5.642,-4.8024,-3.5187,3.6853,5.9161,-7.0945
0.0373,-1.7331,-4.8543,1.4347,-4.2845,0.7641,-2.1275,-6.3441,6.5741,-6.0498,-4.5683,-3.8461,3.1841,4.4218,-7.8077
0.2453,-1.1019,-3.4614,1.5536,-3.7732,0.6438,-2.3364,-4.6461,6.3783,-6.4407,-3.4571,-3.8519,2.6396,2.7289,-8.262
0.4882,-1.0731,-2.2324,1.568,-3.3918,0.7903,-1.9828,-3.761,5.4894,-6.6262,-2.9519,-3.2942,1.2155,1.1235,-8.272
0.6566,-0.5903,-0.8833,1.597,-2.6309,0.7449,-1.6487,-1.629,5.1101,-6.4616,-2.5471,-2.7057,0.3637,0.6712,-8.2321
0.1936,0.2606,0.5599,0.9679,-2.1867,0.4955,-1.4033,-0.0871,4.4968,-6.341,-1.9099,-2.249,-0.5476,-1.4226,-7.7323
0.5751,-0.0157,1.8393,1.1238,-1.7255,0.1813,-1.283,1.8365,3.8524,-6.6409,-0.7758,-1.4757,-1.1366,-2.8712,-7.4543
0.3662,-0.0188,3.5698,0.9813,-1.3256,0.2802,-1.233,3.8037,2.8479,-6.0193,0.4129,-0.6148,-1.864,-5.7392,-6.3944
0.3827,1.242,5.3718,0.718,-0.8269,0.0833,-0.7688,5.5019,1.7547,-5.9521,1.7883,0.3463,-3.0253,-7.3885,-5.2581
0.5035,1.9584,7.233,0.2564,-0.0522,0.0735,-0.4793,6.9798,0.7358,-5.7696,2.9443,1.652,-3.5412,-9.0,-4.1071
0.6725,3.1814,8.92,-0.5371,1.0687,-0.1953,0.1027,8.0157,-0.8592,-4.5577,4.1816,2.9744,-3.9096,-10.2598,-2.5045
0.0459,3.9303,9.7834,-1.0519,2.0406,0.1003,0.187,8.4827,-2.8504,-4.2384,4.9197,4.5443,-3.7032,-10.5336,-1.0674
0.5789,4.3032,10.7476,-1.5109,2.9803,-0.1999,0.8018,8.6042,-4.0106,-2.8916,5.0457,5.9085,-4.8374,-10.7454,0.1649
0.221,4.8052,10.4095,-2.006,3.5941,-0.0847,1.6555,9.0976,-5.2766,-1.1028,5.5201,6.9402,-4.2527,-10.4082,2.009
2.8542,4.9899,11.5654,-2.5017,3.2229,-1.1396,2.2069,8.8787,-5.6822,0.0138,5.9433,7.7632,-3.3189,-10.2864,4.3387
1.2718,6.3516,11.3794,-2.9514,3.2405,-0.9066,2.6376,8.4633,-6.3755,2.5275,5.918,8.4109,-2.7524,-9.4041,6.4597
0.4759,6.1544,10.3721,-3.0914,3.1636,-0.8202,2.8564,6.8761,-7.1631,2.8728,5.4186,8.9095,-2.209,-8.3439,7.9962
-0.5251,5.5142,8.9418,-3.3244,3.0873,-0.0285,3.217,5.8817,-6.9354,3.0313,4.317,9.1461,-1.7633,-6.8238,8.6211
-0.4136,4.5965,7.6962,-2.5961,2.7133,0.2043,3.2717,4.5394,-6.3072,2.8167,4.1255,8.7332,-0.7548,-5.9428,8.8286
-0.6824,4.1901,6.4635,-2.659,2.118,0.4939,3.0769,2.9967,-5.7487,3.19,3.6771,8.3548,0.2437,-3.2262,9.2027
-0.3344,3.7885,5.1166,-2.4899,1.6148,0.6393,2.9992,1.1498,-5.581,3.4919,2.9342,7.992,0.7016,-2.4549,9.2182
-0.6326,3.3316,3.4863,-2.0808,1.2111,0.2375,2.8439,0.1074,-4.6266,3.6853,2.0856,7.1949,1.512,-1.0089,8.6893
-0.376,2.757,2.6706,-1.8679,0.4332,0.5395,2.9327,-1.2247,-3.7538,3.0494,1.3346,6.5276,2.2099,0.2974,7.7342
-0.3118,2.4033,1.5451,-1.7116,0.2202,0.9484,2.6577,-3.0941,-3.3426,3.082,0.4616,5.7662,2.8017,1.6117,6.9977
-0.4122,2.0817,-0.0624,-1.2856,-0.466,1.2386,2.1605,-4.7484,-2.6426,2.8274,-0.1497,4.9152,3.7189,2.9621,6.1712
-0.4592,1.2481,-2.1181,-0.8955,-1.4603,1.5004,1.9311,-6.2702,-1.5299,1.4541,-0.9555,4.3002,4.1848,4.2686,4.7031
-0.9165,0.4734,-4.076,-0.4484,-2.302,1.7553,1.7566,-7.672,-0.3538,0.9623,-2.5838,3.2967,4.9328,5.8439,3.3884
-0.652,-0.6817,-5.3562,0.0392,-2.9398,1.863,1.5058,-8.3261,1.4253,0.0791,-3.5023,1.9482,5.2765,7.1291,1.7741
-0.8385,-1.6938,-6.4655,0.3666,-3.7483,1.9139,0.7086,-8.8112,2.8403,-0.3791,-4.4569,0.4374,5.2286,6.5148,0.271
-0.6756,-2.1532,-6.6678,0.6081,-4.2891,1.9227,0.1716,-8.4624,4.5277,-1.7628,-4.8525,-1.1381,5.4707,6.9538,-1.7813
-0.481,-2.0394,-6.4094,0.9691,-4.7358,1.677,-0.2176,-8.3422,5.3414,-3.0986,-4.8963,-2.0738,4.834,6.2891,-3.5489
-0.303,-2.0026,-5.3339,1.0915,-4.9797,1.4899,-1.2124,-7.7626,5.7072,-4.2289,-4.6546,-2.83,4.3419,5.9822,-5.0841
-0.0846,-1.8772,-4.9663,1.3165,-4.4752,1.4022,-1.2889,-7.3635,5.3358,-5.5135,-3.7535,-2.9865,3.7336,5.1879,-6.2323
0.238,-1.8818,-3.7984,0.9236,-3.668,1.1471,-1.5682,-6.6809,5.4806,-5.5702,-3.3112,-2.7532,2.9334,4.6035,-6.9811
0.8484,-1.4175,-3.5637,1.154,-3.2788,0.7873,-1.4989,-5.3363,5.2562,-5.486,-2.6263,-2.3162,2.2792,3.0987,-7.1603
1.0646,-0.774,-2.7462,1.3853,-3.4749,0.2009,-1.4913,-4.1452,5.0559,-5.2996,-2.4509,-1.6758,1.7449,1.821,-6.9882
0.8838,-0.7526,-1.9558,1.1207,-3.0772,-0.4289,-1.7377,-2.3879,4.8266,-5.6742,-1.8479,-1.5032,1.1991,0.758,-6.8122
1.1836,0.0243,-0.4994,1.0812,-2.9804,-0.8155,-1.6312,-1.0992,4.4687,-6.0584,-1.2814,-1.0348,0.2209,-0.5902,-6.572
0.7123,0.5725,0.3618,0.5523,-2.0198,-0.9465,-1.2476,0.6023,4.1355,-5.3134,-0.8691,-0.4852,-0.8731,-1.8266,-6.0707
0.195,0.791,1.5642,0.6507,-1.186,-0.6504,-1.0291,1.9909,3.0538,-5.2539,-0.491,0.0857,-1.5565,-3.5742,-5.4567
0.2021,0.9711,3.1927,0.1129,-0.7862,-0.548,-0.7402,4.0312,2.4583,-5.5394,0.3492,0.6049,-1.7992,-5.9091,-5.0501
0.0527,1.6091,5.2629,-0.2736,-0.1279,-0.5387,-0.3533,5.4112,1.5755,-5.3222,1.6021,1.281,-2.1728,-7.4286,-4.1297
-0.3088,2.3515,6.8501,-0.2295,1.0402,-0.432,0.1754,6.5382,0.3385,-4.4106,3.0614,2.3192,-3.5791,-8.9128,-2.7952
0.0059,2.9644,7.9988,-0.6715,2.082,-0.2765,0.5215,7.2251,-1.1538,-3.8265,4.0152,3.894,-4.1029,-9.3604,-1.21
0.1599,3.8405,9.1775,-1.0188,2.2224,-0.3234,1.1985,7.8289,-2.7871,-2.3005,5.1586,5.3687,-3.7182,-10.5324,0.3579
0.3972,4.3967,9.4295,-1.1765,2.7756,-0.542,2.0052,7.9694,-3.9624,-1.4407,5.3219,6.8349,-3.5652,-9.9416,1.893
0.1866,4.7984,9.599,-1.0145,3.0933,-0.4758,2.3032,7.6102,-5.0269,-0.0764,5.47,8.0233,-3.3625,-9.5165,4.0475
-0.0792,4.7174,9.2981,-1.6176,3.4659,-0.2044,2.309,7.0846,-5.7815,1.2201,5.1657,8.4312,-3.1827,-9.0891,5.8083
-0.1501,4.5591,8.4434,-1.9579,3.3717,-0.1926,2.9846,6.4994,-6.0276,2.4775,5.1642,8.8324,-2.6972,-8.3997,6.876
-0.3782,4.2272,7.5231,-2.2539,2.876,0.1307,3.3281,6.0668,-5.6125,3.0554,4.6225,8.9845,-1.4743,-7.1459,8.016
-0.5554,4.444,6.8092,-2.4186,2.0976,0.514,3.7527,4.5761,-5.5062,3.1794,4.3567,8.7492,-0.6249,-5.854,8.7022
-0.5251,3.7555,6.1696,-2.256,1.6301,0.7906,3.5577,3.059,-5.3251,2.9683,3.5266,8.4208,0.2031,-4.2249,8.8052
-0.0593,3.4561,5.1721,-2.1568,1.6202,0.7273,3.1483,1.766,-4.9972,3.124,2.8211,8.0684,0.6744,-2.3108,8.6349
0.0803,3.3525,3.6899,-1.7546,1.0377,0.6283,3.1485,0.5748,-4.5158,3.8261,1.6601,7.6252,1.5274,-0.8237,8.2004
0.0365,2.9106,2.9087,-1.7277,0.389,0.7666,2.5572,-1.1077,-3.9891,3.8139,1.3892,6.485,2.2498,0.5637,7.8575
0.3725,2.2971,1.6837,-1.9173,-0.0027,0.5168,3.4278,-2.9581,-3.3208,3.4438,0.5788,5.7774,2.8871,2.3327,7.3438
0.2502,2.2238,0.0226,-1.6333,-0.4145,0.8342,2.8245,-4.3368,-2.2437,3.3998,-0.1525,5.1692,4.1757,4.0169,6.8749
-0.0077,1.6438,-2.0111,-1.1569,-1.0226,0.7109,2.6465,-6.3746,-1.6481,3.0518,-0.9034,4.4049,5.0606,4.6222,5.995
-0.0762,0.9487,-4.1099,-0.4366,-2.0037,0.7914,2.1615,-7.9879,-0.8043,2.1607,-2.3191,3.7066,5.2385,6.5919,4.8026
-0.0436,0.0112,-5.6768,-0.2437,-2.7754,0.6789,1.4881,-8.7252,0.917,1.5547,-3.7694,2.4186,5.7189,8.1446,3.3731
0.336,-1.1341,-6.7471,0.5116,-3.5588,0.4032,1.1024,-9.2381,2.9077,0.6655,-4.2544,0.6209,5.4422,9.1618,1.8101
0.1348,-1.9691,-7.5038,0.6358,-4.5397,0.4636,0.5863,-10.2358,3.8033,-0.1252,-4.9573,-0.8051,5.2948,9.1299,-0.0976
-0.1126,-2.3492,-8.2223,1.0899,-5.0319,0.3754,0.0267,-9.992,5.2942,-1.9884,-5.416,-2.0463,5.2933,9.0546,-2.1231
0.1374,-2.6898,-7.8076,1.688,-5.0616,0.1392,-0.7298,-9.7668,6.0847,-4.104,-5.3243,-2.5701,4.6521,8.4785,-4.2636
0.9369,-2.6725,-7.4215,2.0416,-4.8129,-0.1582,-1.0979,-8.3039,6.8843,-4.6679,-5.1803,-3.2679,4.2498,8.1945,-5.6784
1.0862,-2.4015,-6.3107,1.8248,-3.9591,-0.5301,-1.744,-7.444,6.6493,-4.7929,-4.8895,-3.5475,3.7138,6.4966,-6.6082
0.9648,-1.2771,-5.5059,1.4459,-3.9597,-0.6615,-1.6421,-6.233,6.4945,-4.5953,-4.5028,-3.4881,3.1633,4.9488,-7.0769
0.2385,-1.5613,-4.7234,1.2383,-3.3943,-0.6983,-1.7011,-5.0627,6.4568,-5.3275,-4.3993,-3.2544,2.0726,3.385,-7.3615
0.6314,-0.6448,-3.2896,1.1986,-2.591,-0.7776,-1.84,-3.5976,6.3426,-5.7844,-3.5486,-3.1558,1.3254,1.8731,-7.4169
1.0081,-1.1482,-1.9616,1.18,-2.1217,-1.0515,-1.5305,-1.7866,5.8515,-5.9845,-2.6625,-2.75,0.2349,0.1094,-7.4849
0.8645,-0.8029,-0.1627,0.3553,-2.1051,-1.1333,-1.5158,0.2545,5.35,-5.2963,-2.6528,-1.9361,-0.7438,-1.649,-7.2385
1.04,-0.4071,1.5879,0.4928,-1.6153,-1.2671,-1.6926,2.923,4.7779,-5.7425,-1.5061,-1.5106,-1.6786,-3.1776,-6.7926
0.7854,0.393,4.1505,0.3866,-0.9862,-1.2287,-1.0287,4.7605,3.5156,-5.6404,-0.2505,-0.7369,-2.4343,-5.2016,-6.2477
0.5286,1.0126,6.5702,0.3059,0.0444,-1.0194,-0.034,6.2094,1.799,-5.4926,1.5002,0.2066,-3.2653,-7.505,-5.0678
0.3532,2.2248,7.8304,0.0503,1.364,-1.1581,-0.2231,7.4062,0.2129,-4.6,3.2184,1.484,-3.6137,-8.6765,-3.2673
0.1109,3.3712,8.8797,-0.4021,2.6961,-0.7088,0.212,7.749,-1.6666,-3.4226,4.2318,3.1243,-4.102,-9.6176,-1.6329
-0.4342,3.7519,8.9693,-0.9087,3.2123,-0.6439,0.3679,7.7006,-3.2946,-2.4778,4.8651,4.9559,-3.898,-10.7039,0.1736
-0.1173,4.0638,8.8392,-1.4598,3.7731,-0.5058,0.8799,8.0259,-3.9714,-1.1824,4.7897,6.5515,-3.7607,-11.1145,1.9618
-0.0737,4.2628,8.8112,-1.7155,3.371,-0.562,1.9172,8.7741,-3.9627,-0.2181,4.6493,7.4466,-3.45,-10.4159,3.4978
-0.2383,4.2505,9.2966,-1.8111,3.768,-0.5409,2.4322,8.4348,-4.4055,0.5674,5.0104,8.0826,-3.3091,-9.7743,4.985
-0.1378,4.3417,9.4768,-2.427,3.434,-0.1962,2.6022,7.5912,-5.2149,1.6265,4.8559,8.4496,-2.5842,-8.847,6.1631
0.2202,4.401,8.4359,-2.2611,3.3826,0.2203,2.9081,6.282,-5.703,2.3157,4.5664,8.6845,-1.9075,-7.6389,7.2172
-0.5866,4.4021,7.0446,-1.989,3.0911,0.4376,3.1589,5.0462,-5.5739,3.1253,3.9453,8.6371,-1.1529,-6.3257,8.1506
-0.2988,3.8467,6.2065,-2.172,2.4591,0.4251,3.6946,3.6243,-5.1727,2.9041,3.4116,8.2856,-0.4392,-5.2586,8.2025
-0.6168,3.5933,5.0354,-1.5248,2.4607,0.6405,3.52,2.5943,-4.6594,3.6127,2.8996,7.8611,0.4705,-3.1685,8.3945
-1.1219,3.2734,3.8478,-1.5615,1.4047,1.264,3.7937,0.5426,-4.6124,3.7246,2.2889,7.4358,1.3423,-2.3474,8.2221
-0.693,2.6215,2.4069,-1.4128,0.4652,1.4399,3.5547,-0.8985,-3.9968,2.7634,1.4028,6.8926,2.3639,-1.1406,7.5487
-0.3172,2.3073,1.2504,-1.077,-0.0954,1.3356,2.9063,-2.7311,-2.9679,2.5832,0.7257,5.9119,3.0985,0.8279,7.2019
-0.5297,0.9171,-0.3774,-0.8737,-0.2365,0.9898,3.1062,-4.3625,-2.146,2.8429,0.1998,5.4533,4.0372,2.8732,6.5133
-0.0398,0.6054,-2.4227,-0.2469,-1.0818,0.777,3.043,-6.0879,-1.3392,3.3377,-0.5346,5.0009,4.5848,4.4136,6.0956
0.6193,0.4795,-3.4749,-0.0067,-2.0532,0.7339,2.9784,-7.2381,-0.1713,3.1598,-1.5032,4.1361,5.7081,5.8178,5.6441
0.5575,0.3121,-4.7714,0.089,-2.9137,0.7091,2.3652,-8.7518,1.0056,2.546,-2.4223,3.2133,5.8956,6.9335,4.9336
0.2009,-0.4466,-6.3752,0.4212,-3.3716,0.5706,1.6428,-10.0518,1.9171,1.933,-3.2829,2.0783,6.4581,8.3105,3.8708
0.0817,-1.2383,-7.1515,1.1916,-4.3365,0.606,0.9949,-10.7401,3.2987,0.9537,-4.218,0.7084,6.0837,9.3935,2.3648
0.0017,-1.7144,-7.915,1.184,-4.3807,0.5606,0.1448,-11.0384,4.4043,-0.6752,-4.8169,-0.673,6.291,9.6593,0.3254
0.322,-2.2992,-8.3886,1.8929,-5.2932,0.5951,-0.7787,-11.2223,5.4112,-1.4745,-5.2236,-1.9042,5.7057,8.8545,-1.7402
0.3526,-1.7197,-8.4253,1.5953,-5.5034,0.7026,-1.3532,-10.0808,6.5909,-2.8308,-5.502,-2.6628,5.054,8.5915,-3.8971
0.6655,-2.2414,-7.4006,1.5306,-4.749,0.4184,-1.8858,-9.2499,7.2837,-5.1826,-5.4389,-3.3462,4.345,7.5036,-6.3128
0.404,-1.8851,-6.8137,1.4771,-4.1658,0.5211,-1.9706,-8.542,7.155,-4.9509,-5.2462,-3.7639,3.32,6.1889,-7.5105
0.5892,-1.7031,-5.9717,1.3759,-3.9499,0.4122,-2.4097,-7.1916,7.0957,-5.5058,-5.1072,-3.8121,2.7304,4.5246,-8.4501
0.8195,-1.651,-4.5636,1.4578,-3.9716,-0.002,-2.2584,-5.4569,7.3182,-6.2096,-4.1836,-3.8044,2.007,3.496,-8.7118
0.7946,-1.0988,-3.0063,1.2998,-3.3028,-0.3115,-2.269,-4.0423,6.6655,-6.7677,-3.7506,-3.3152,1.1685,1.6346,-8.9053
0.8246,-0.8685,-1.582,1.1634,-1.8567,-0.5119,-2.1907,-2.5971,5.8898,-6.6914,-3.1181,-2.7264,0.1008,-0.0132,-8.7942
1.0046,-0.6286,-0.0806,0.5699,-1.464,-0.6499,-1.8221,-0.7993,5.3034,-5.8642,-2.3086,-2.2562,-1.2032,-1.844,-8.4957
0.8328,0.2014,1.1979,0.5026,-1.1393,-0.628,-1.3981,1.4725,4.6103,-5.2621,-1.4632,-1.4867,-2.0144,-3.5838,-7.3951
0.9819,0.5452,3.0922,0.3308,-0.7623,-0.9598,-0.7847,3.6037,3.7025,-5.6029,-0.2406,-0.4812,-2.5816,-6.2377,-6.634
0.7124,1.734,5.1312,0.2297,-0.1334,-0.8549,-0.5502,5.749,2.665,-5.5927,0.9873,0.5611,-3.3152,-7.8811,-5.6784
0.7125,2.5705,7.3616,-0.3791,0.7035,-1.2405,0.1361,7.4204,1.4727,-5.9356,2.3043,1.5286,-3.7739,-9.7968,-4.5722
0.8491,3.3767,8.8771,-0.884,2.0584,-1.4753,0.5276,8.3043,-0.164,-4.7097,4.0451,2.8228,-3.9654,-11.3252,-2.7503
0.7512,4.1529,10.0122,-1.6504,3.0068,-1.4513,1.0807,9.0084,-1.9822,-3.3665,4.67,4.7266,-4.0313,-12.2456,-0.8699
0.7371,4.6388,10.8092,-1.8358,3.8186,-1.3762,1.4885,9.3145,-3.4433,-2.0456,5.3693,6.5,-4.1829,-12.9475,1.2331
0.8598,4.9363,10.8886,-1.7741,4.0943,-1.1608,2.178,9.8885,-4.5326,-0.4881,5.7667,7.8086,-3.9219,-12.7051,3.4358
0.5355,6.2542,11.0212,-2.4934,4.0503,-1.1231,2.674,9.3058,-5.6797,1.2149,5.6866,8.7294,-3.4455,-11.7698,5.4633
0.1388,5.8721,10.8835,-2.6679,3.7776,-0.8002,3.2472,8.263,-6.3669,1.7187,5.4355,9.3499,-2.9312,-10.3787,7.0836
-0.3811,5.6644,9.6178,-2.8305,3.7469,-0.3561,3.7586,6.7127,-6.7526,2.3412,4.9291,9.4295,-2.1532,-9.1259,7.8811
-0.6947,5.1594,8.0262,-2.8374,3.8571,-0.1912,3.3367,5.5846,-6.9726,2.8069,4.2294,9.4796,-1.2767,-7.414,8.6429
-0.4134,4.5877,6.9464,-2.8524,2.8286,0.1914,3.3121,4.1395,-6.0372,3.2819,3.5862,9.2247,-0.2969,-5.9815,8.6335
-0.2745,4.1876,6.0458,-2.3092,2.4964,0.3985,3.7219,2.2303,-5.5294,3.3661,2.9672,8.7716,0.1793,-4.207,8.5886
-0.7436,3.493,4.2773,-2.0592,2.7183,0.8255,3.5925,0.8116,-4.9961,4.1225,2.0444,8.1291,1.3495,-2.4866,8.6703
-0.5579,2.8606,2.8561,-2.0202,1.9533,0.6807,3.6286,-0.9971,-4.3764,4.4647,1.1567,7.3561,2.0861,-1.3622,8.5294
-0.2979,2.6835,1.8299,-2.1065,0.9298,0.8129,3.4991,-2.7714,-3.4452,4.2582,0.321,6.3469,3.1278,0.2746,8.0504
-0.5343,2.2137,-0.3761,-1.0579,0.2053,1.0621,3.3835,-4.5635,-2.5987,3.8317,-0.1933,5.5833,4.2645,2.4423,7.4565
-0.2619,1.3011,-2.3393,-0.6123,-0.6692,1.0141,2.8015,-6.3731,-1.6846,3.2654,-1.2208,4.6861,4.7549,4.2297,6.6818
-0.3975,0.7016,-4.2384,-0.0913,-1.6007,0.9093,2.4377,-7.8111,-0.4759,2.8868,-2.5149,3.7699,5.094,6.3195,5.2707
-0.4564,-0.2577,-5.7788,0.4338,-2.2552,0.8474,1.7029,-9.0061,0.9451,1.6679,-3.9359,2.6083,5.6688,7.4545,3.5563
0.1933,-1.0368,-6.7235,0.7308,-3.0776,0.5535,1.2371,-10.1018,2.7015,0.9282,-4.9575,1.0329,5.4328,7.7899,2.0351
0.1946,-1.1126,-8.018,0.939,-3.8302,0.3574,0.6265,-9.7856,4.4781,-0.0901,-5.4301,-0.8184,5.835,7.9794,0.4202
0.8984,-1.7696,-6.9799,1.4062,-4.4331,-0.0552,0.1377,-9.4396,5.9094,-1.931,-5.7898,-1.907,5.5072,7.7487,-1.701
0.6326,-1.432,-6.0854,1.3837,-4.2655,-0.217,-0.5909,-9.2591,5.8522,-2.9127,-5.5282,-2.7313,5.2286,7.3464,-3.6419
0.6711,-1.3997,-5.9585,1.2136,-4.0468,-0.6302,-1.1527,-8.4798,6.1967,-4.2848,-5.2453,-3.1483,4.5655,7.1796,-5.1411
0.0987,-1.5116,-5.6838,1.2236,-3.4459,-0.421,-1.6328,-8.1335,5.9335,-4.8721,-4.9919,-3.299,3.7708,5.8576,-6.3578
0.4838,-1.4692,-4.6656,1.5823,-3.3535,-0.7649,-1.5514,-6.862,6.1857,-5.1866,-4.3586,-3.211,2.963,4.4776,-7.0781
0.5536,-1.0885,-3.7229,1.544,-2.6421,-0.9508,-1.7494,-5.5556,5.9697,-5.5306,-3.9466,-2.961,2.2132,3.287,-6.9795
0.3211,-0.7504,-3.1998,1.7046,-2.3824,-0.7275,-1.4965,-4.1449,5.5479,-5.4691,-3.0434,-2.5005,1.6119,1.8549,-6.8592
0.4513,-0.5433,-2.3967,1.022,-1.9825,-1.0029,-1.1529,-3.1447,5.1618,-5.6833,-2.6818,-1.6877,1.2231,0.1821,-6.8225
0.5088,-0.0839,-1.4126,1.5766,-1.6332,-0.9984,-0.8352,-2.1629,4.6126,-5.6857,-2.5507,-1.0955,0.5548,-0.2475,-6.5993
0.6446,0.1644,-0.2853,1.1886,-1.3332,-1.1585,-0.4181,-0.9129,4.0092,-5.7634,-2.0115,-0.6069,-0.2231,-1.8227,-6.1041
0.0128,0.4411,0.7125,0.8157,-1.2703,-0.8377,-0.3653,0.5137,3.3026,-5.4373,-1.5245,-0.2332,-0.8842,-3.5913,-5.6766
0.0507,0.6667,1.8412,0.6409,-0.7211,-0.8258,-0.21,2.5937,3.1427,-6.0674,-1.0728,0.1816,-1.4125,-4.6646,-5.432
0.111,1.2081,4.0827,0.4945,-0.1974,-0.7828,-0.1603,3.6756,2.1071,-5.9288,0.035,0.6143,-1.6649,-6.3677,-5.077
0.2095,1.9789,5.4804,-0.2068,0.746,-0.743,0.1832,4.9764,1.081,-5.5393,0.9896,1.5785,-2.4597,-7.4522,-4.3668
0.2606,2.621,6.6604,-0.2732,2.3833,-0.6804,0.1269,5.5176,-0.1138,-4.812,1.2929,2.6517,-2.4079,-8.3477,-3.3894
0.0724,3.1487,7.4747,-0.6585,3.6472,-0.862,0.8324,6.4012,-1.3152,-3.2088,2.0871,3.3947,-2.9213,-9.2854,-2.1846
-0.1778,3.6117,8.1396,-0.964,3.8847,-0.4322,1.3542,6.749,-2.5573,-1.872,3.19,4.6844,-3.3171,-11.6783,-0.4074
-0.0388,3.7558,8.451,-1.2677,3.7128,-0.386,1.9152,8.6739,-2.634,-1.57,3.9474,5.8915,-3.6012,-11.5972,1.2774
0.1102,3.8771,9.4463,-1.5,3.744,-0.225,2.3358,8.6946,-3.5716,-0.901,4.0539,6.8484,-3.5358,-11.3669,3.2255
0.2767,4.4845,10.0012,-1.4221,3.814,-0.2708,2.8096,8.6435,-4.6498,0.8375,4.7151,7.3593,-3.0719,-10.8876,4.9101
-0.0501,5.2098,9.5039,-1.6777,3.7157,-0.4553,3.6705,8.0637,-5.2938,1.3221,4.7123,8.1579,-2.7008,-9.9397,6.0681
-0.2541,5.0173,8.9384,-2.0746,3.7235,-0.1195,3.6972,6.6554,-6.1206,1.6208,4.6997,8.4525,-2.4767,-8.5815,7.3354
-0.1892,5.0174,7.9325,-1.8658,3.5922,0.1479,4.0489,5.5,-5.9824,2.2695,4.3057,8.5319,-1.7836,-6.9295,7.9649
-0.0815,4.1147,7.1226,-1.6847,2.9532,0.3558,3.8735,3.5095,-6.0118,2.7339,3.8949,8.7495,-0.7663,-5.8789,8.5582
-0.3565,4.3173,5.2057,-1.1864,2.964,0.4679,2.9459,1.8789,-5.8507,3.4756,3.7224,8.74,0.0145,-4.3073,8.9135
-0.4656,4.2605,3.7931,-1.1993,2.516,0.5327,3.1828,0.1322,-5.5314,3.955,2.6038,8.3621,0.5728,-2.4901,8.7727
-1.315,3.4625,2.1469,-1.0635,1.5839,1.1108,2.736,-1.6298,-4.7366,3.654,1.2749,7.641,1.4485,-0.7679,8.2125
-0.978,2.9092,0.3429,-0.8671,0.9347,1.1352,2.5318,-3.8965,-3.763,3.0104,-0.3169,6.4105,2.1074,0.6363,6.8625
-0.5807,1.9685,-1.355,-0.3992,0.3526,1.3325,2.6997,-5.1963,-2.3013,2.5793,-0.9445,5.0299,3.0256,2.5131,5.8322
-0.3266,1.624,-3.3824,-0.2669,-0.7309,1.2929,2.4872,-6.7034,-0.8915,1.947,-2.1994,4.3945,3.9443,3.7618,4.5821
-0.0384,0.4641,-4.0987,0.2677,-1.8335,1.1622,1.9858,-7.6114,0.4966,1.0312,-3.3139,3.1353,4.356,4.8923,3.122
-0.0324,-0.2182,-5.098,0.681,-2.6999,1.1595,1.4649,-8.1611,1.8608,0.1157,-4.0574,1.8133,4.4549,5.832,1.5417
0.3435,-0.7903,-5.551,1.3954,-3.1353,1.0039,1.0087,-8.5068,3.3518,-0.8607,-4.8048,0.1847,4.9581,6.7531,-0.073
0.2969,-0.9919,-6.0116,1.7226,-3.4603,0.7698,0.047,-8.6706,4.1114,-1.6722,-4.7827,-0.929,4.885,6.3079,-1.6693
0.4748,-1.3748,-5.9075,1.7838,-4.0683,0.7058,-0.4726,-8.4814,4.8861,-3.0516,-5.093,-1.723,4.3294,5.9617,-3.575
0.3476,-1.4531,-5.3588,1.9848,-3.995,0.7577,-1.0601,-7.8919,5.0997,-4.5941,-4.8181,-2.4269,3.2396,5.063,-5.3184
0.0085,-1.3469,-5.6587,1.4738,-3.7086,0.667,-0.9037,-6.9161,5.6318,-5.8465,-4.8145,-2.5387,2.7371,4.0309,-6.8372
0.5267,-1.426,-5.0925,1.3741,-3.6653,0.244,-1.0122,-5.8739,5.913,-6.6638,-4.5817,-2.7168,2.4557,2.8317,-7.7808
0.9935,-1.3443,-3.9629,1.4909,-3.0008,-0.1462,-1.172,-4.7073,6.3152,-6.6737,-4.5805,-2.908,2.378,1.9289,-8.328
1.0207,-1.0688,-2.3372,1.2747,-2.5669,-0.3729,-1.4435,-3.807,5.8404,-6.3583,-4.2548,-2.6519,2.0612,-0.1084,-8.6079
1.4285,-0.8493,-1.0063,1.491,-1.8123,-0.7797,-1.3975,-2.2269,5.1383,-6.0206,-3.1373,-2.4822,1.1985,-1.2125,-8.163
1.5599,-0.2865,0.6204,1.413,-1.1362,-1.3931,-1.257,-0.3797,4.6662,-5.6946,-1.8741,-1.9127,0.1162,-2.4402,-7.5327
0.7692,0.7715,1.9264,1.1623,-0.5732,-1.1415,-0.9563,1.0861,3.11,-5.3147,-1.1483,-0.9929,-0.7532,-4.0457,-6.9204
0.6768,1.1541,3.1764,0.6632,0.1529,-1.1091,-0.7288,2.3952,2.3194,-5.7371,-0.4556,-0.1401,-1.3713,-5.5629,-6.1152
0.9222,1.2969,4.8329,0.673,0.7464,-1.0428,-0.3127,3.5207,1.691,-5.3896,0.5565,0.6741,-2.2614,-6.8541,-5.2602
1.1706,2.4278,6.5125,0.51,1.5618,-1.3864,-0.0221,5.0283,0.6431,-4.5062,1.9111,1.4512,-2.6825,-8.3904,-3.8236
0.6075,3.4296,7.4856,0.1316,2.436,-1.0891,0.3345,5.6062,-0.9054,-3.4536,3.4023,2.6352,-2.9757,-9.3325,-2.2286
0.3338,4.0014,7.7425,0.1129,3.127,-0.8744,0.9861,5.9632,-2.3886,-2.4107,4.0864,4.4217,-2.8229,-10.3449,-0.4082
-0.0933,4.558,7.9593,-0.4794,3.4356,-0.6581,1.9392,6.2007,-3.3691,-1.5309,4.3537,5.8752,-2.9015,-10.2875,1.6983
-0.2503,4.4564,7.8304,-0.839,3.6835,-0.2128,2.5316,5.9697,-4.1266,-0.5576,4.3316,6.9688,-2.0821,-9.8948,3.3877
0.162,4.2059,7.7943,-1.2934,3.6225,-0.1566,2.8917,5.2424,-4.5795,0.4291,4.0585,7.5414,-1.5105,-9.4107,4.8578
0.3666,3.9576,7.6407,-1.4068,3.323,-0.2735,3.3705,4.842,-4.6249,1.3804,3.8745,7.8723,-0.9746,-7.8958,5.9816
0.156,4.6406,7.0071,-1.6328,3.0699,-0.1746,3.3067,3.6581,-5.0101,2.7824,3.455,7.9085,-0.6088,-6.4703,7.3212
0.1139,4.2057,6.1166,-1.7783,2.5809,0.0216,3.0299,2.3945,-5.2868,3.2143,2.9019,8.0704,1.1836,-5.8201,7.8392
-0.3643,3.8535,4.7186,-1.7349,2.0647,0.234,3.3142,0.9721,-4.9211,3.3073,1.7989,7.6804,1.3718,-3.786,8.0486
0.1465,3.2907,3.5676,-1.571,1.6065,0.0768,3.3055,-0.0477,-4.3559,3.0274,0.9873,6.8358,2.4558,-2.3334,7.5549
-0.232,2.7731,2.7758,-1.2549,0.8923,0.2719,3.1698,-1.5151,-3.5584,2.8534,0.7033,6.2372,3.3634,-1.1001,7.185
-0.3921,2.4822,1.4275,-1.0449,0.454,0.3538,2.633,-3.5377,-3.1447,1.9816,1.2153,5.7883,3.46,0.5573,6.6977
-0.3882,2.2054,-0.4594,0.5712,0.0672,0.3323,1.4158,-5.7439,-2.7612,2.0498,0.6708,5.3339,4.139,2.3953,6.2982
0.1134,1.642,-2.3689,0.6267,-0.7555,0.4724,1.4603,-7.4207,-1.9895,1.789,-0.5652,4.9642,4.3129,4.062,5.0343
-0.3142,1.0416,-4.375,0.2125,-2.1288,0.8035,1.3121,-8.985,-1.0573,1.4045,-2.2373,4.1179,4.8771,5.4525,3.7489
-0.1754,-0.221,-6.0629,0.3569,-2.819,0.9415,0.9523,-10.0259,0.35,-0.0324,-3.5214,2.879,5.4082,7.384,2.1592
-0.3498,-0.7858,-7.1888,1.0153,-3.2584,0.9884,0.4876,-10.931,2.3688,0.0789,-4.7668,1.2597,5.9756,8.7995,0.5797
-0.5968,-1.6299,-8.1132,1.428,-3.885,0.9618,0.214,-11.6366,3.5779,-1.3005,-5.5994,-0.3655,5.6954,9.0821,-1.3349
-0.3373,-2.7444,-8.8466,1.7716,-4.1791,0.9648,-0.4338,-11.5704,5.2149,-2.8533,-6.3073,-1.8548,5.3962,8.8821,-3.7775
-0.3556,-2.5672,-8.9773,2.7028,-4.0018,0.9396,-1.0455,-10.2428,6.6099,-3.8942,-6.0558,-3.1798,4.8647,8.2597,-5.2527
0.3534,-2.5618,-7.7102,2.5195,-4.5207,0.6346,-1.2718,-9.5814,7.0441,-5.1904,-5.8652,-3.8962,4.6096,7.1148,-6.886
0.4172,-2.1256,-6.8762,2.1429,-4.3932,0.5251,-1.6005,-8.5643,6.9495,-5.8294,-5.623,-4.1189,4.1747,5.5893,-7.8413
0.3769,-2.0892,-5.9956,1.9922,-4.2554,0.2973,-1.6407,-7.5396,6.5397,-6.8157,-5.3368,-3.8367,3.6684,4.3436,-8.8387
0.4051,-2.0966,-4.5998,1.9947,-3.7788,-0.0142,-1.7679,-6.0172,6.4362,-7.3442,-4.6708,-3.9653,2.9059,3.6346,-9.2413
0.5872,-1.4956,-3.4946,1.9364,-3.0292,-0.1033,-1.7943,-4.1838,6.22,-7.542,-3.838,-3.6313,1.7475,2.0435,-9.2989
0.3091,-1.2701,-2.0327,1.3527,-2.5783,-0.1099,-1.8087,-3.3526,5.3349,-7.3458,-2.8926,-2.9351,0.8307,0.3254,-9.1911
0.6801,-1.1553,-0.5677,1.7602,-1.9097,-0.3872,-1.7526,-2.0462,4.3335,-7.2439,-1.924,-2.1531,0.0521,-1.3203,-8.6129
0.7015,0.0949,0.1976,1.0372,-1.1674,-0.629,-1.8548,-0.8727,3.6749,-6.4419,-1.472,-1.3885,-1.2456,-2.3659,-7.975
0.6915,1.0094,1.2116,0.4959,-1.2142,-0.7708,-1.6549,0.9751,3.2914,-6.4027,-1.3653,-0.6051,-1.5401,-4.0458,-7.475
0.2014,1.416,2.2551,0.4836,-0.3147,-0.721,-1.569,2.9143,2.9413,-7.2798,-0.6968,0.0685,-2.2758,-5.4422,-7.3846
0.221,1.7647,4.3441,0.276,0.3922,-0.7624,-1.1879,4.4054,2.168,-7.3986,0.3225,0.6509,-3.2479,-7.6154,-7.0145
0.8296,2.9056,6.7063,-0.0813,1.4901,-1.0015,-0.9331,6.1081,1.2948,-6.6461,1.6867,1.5415,-3.5406,-9.1913,-5.9024
1.2032,3.2913,8.5364,-0.5235,2.4313,-1.3254,-0.2522,7.3318,-0.366,-5.519,2.5543,2.7269,-4.191,-11.2502,-4.3639
0.6602,4.0,9.8034,-1.3206,3.5924,-1.2873,0.3912,8.4982,-2.1874,-3.7475,4.0773,4.0196,-4.2096,-11.7259,-2.1799
0.0817,4.9882,10.2693,-2.092,4.4177,-1.0876,1.4949,9.2533,-3.569,-2.3714,4.548,5.6288,-4.2843,-12.2381,-0.0696
-0.0585,5.3011,10.3622,-2.5557,4.7133,-0.9227,2.2769,8.8755,-4.8089,-1.2368,4.8806,7.2132,-3.7312,-12.3487,2.1923
0.1154,5.2002,10.3932,-1.8474,4.5027,-0.8384,2.8203,9.2287,-5.0902,-0.2044,5.0134,8.0795,-3.0711,-11.1373,4.1662
-0.4408,5.726,10.3064,-2.1175,4.3943,-0.664,3.1075,7.7034,-6.2962,1.172,5.329,8.7442,-2.4221,-10.6629,5.9846
-0.4366,6.0007,9.6741,-2.6413,4.553,-0.2809,3.4829,6.5005,-6.9374,1.9189,4.8933,9.1906,-1.5393,-9.4352,6.9961
-0.1837,5.6354,8.6131,-2.9326,4.0481,-0.1177,3.6806,5.0489,-6.7961,2.5011,4.0468,9.4088,-0.7076,-8.144,7.6725
-0.58,5.1835,7.2159,-2.6054,3.5695,0.3787,3.8827,4.0997,-6.283,2.896,3.7522,9.277,-0.1427,-6.3315,8.3518
-1.4306,4.7114,5.6049,-2.4304,2.9642,1.0072,3.6804,2.0138,-6.0411,3.0125,2.7885,8.9308,1.1322,-4.7192,8.2348
-1.0797,3.9775,3.9605,-1.869,2.5204,1.1483,3.0369,0.1672,-5.367,2.7824,1.9357,8.2936,2.0115,-2.8756,7.7567
-0.7862,3.4687,2.6166,-1.7732,1.7915,1.0882,2.9017,-1.2699,-4.2774,2.8857,1.3115,7.4508,2.6414,-1.4688,7.08
-0.8366,2.7016,1.359,-1.4821,0.5761,1.2486,2.6344,-3.1583,-3.5222,2.5616,0.3674,6.7311,3.3514,0.0904,6.5222
-0.5505,1.9854,-0.4854,-0.4426,-0.0127,1.1476,2.5102,-5.2295,-2.7858,1.8285,-0.085,5.9593,3.8883,2.4288,5.6809
-0.7016,1.7945,-2.8065,-0.3156,-0.6794,1.0626,2.2194,-7.0592,-1.8545,1.951,-1.0645,5.2453,4.7085,3.9857,4.2445
-0.3791,0.9512,-4.2844,-0.1013,-1.9339,1.1034,1.9705,-8.1805,-0.71,1.1746,-2.673,4.114,4.8286,5.4924,3.2714
-0.5969,0.1984,-5.6554,0.132,-2.8993,1.3123,1.3876,-9.0801,1.0886,-0.191,-4.0817,2.5794,4.9136,7.1641,1.6942
-0.576,-0.9418,-6.5061,0.6552,-3.4518,1.3533,0.8151,-9.8913,2.5628,-1.0809,-4.8859,0.8365,4.9389,7.8724,-0.4076
-0.3527,-1.6223,-7.0972,1.5552,-4.1753,1.1507,0.1737,-10.2135,4.1162,-2.3083,-5.0712,-0.5097,4.4547,7.9044,-2.2022
-0.191,-1.7911,-7.205,1.7056,-4.3667,1.2056,-0.5588,-10.2934,5.0943,-3.7259,-5.305,-1.4958,4.551,7.3467,-4.2659
-0.4108,-1.9304,-7.2704,1.3323,-4.4327,1.1863,-1.2548,-10.6976,5.2565,-5.0882,-5.6201,-2.3456,4.3845,7.0114,-6.289
-0.4212,-2.2696,-7.2835,1.8929,-3.924,1.2065,-1.8359,-9.4047,6.1354,-6.0075,-5.3842,-2.9052,3.7348,6.2264,-7.6788
-0.066,-2.1284,-6.4199,1.9042,-3.8037,0.8234,-1.9067,-9.0011,6.2337,-6.4485,-5.1571,-3.2102,3.3282,4.9757,-8.914
0.1281,-2.0452,-5.943,1.9969,-3.5017,0.8378,-2.0291,-7.2899,6.4648,-6.6935,-5.0786,-3.1924,2.2869,3.5756,-9.414
0.4324,-1.3275,-4.5984,1.952,-2.9029,0.439,-2.0397,-5.4688,6.803,-5.7054,-4.4766,-3.1352,1.6092,2.7406,-9.1841
0.2006,-1.1214,-2.9707,2.1351,-2.5009,0.3681,-2.1585,-4.1718,6.2038,-6.7584,-3.171,-2.9486,1.5899,1.2269,-8.8947
0.2772,-0.9888,-1.7491,1.9177,-1.7231,0.227,-2.1458,-3.6685,4.9647,-6.5694,-2.371,-2.2563,0.6705,-0.681,-8.3361
0.8007,0.2419,-0.7509,1.5819,-1.6439,-0.1702,-1.8771,-2.3724,4.2629,-5.8544,-1.8289,-1.5564,-0.2908,-1.4316,-7.7885
0.7036,0.8195,0.3079,1.3296,-1.1437,-0.2668,-1.6031,-0.959,3.7545,-6.1627,-1.343,-1.0028,-0.8558,-2.5634,-7.272
0.6917,1.1989,1.4861,0.8552,-0.7861,-0.1646,-1.1975,0.2727,2.8842,-5.9278,-0.6943,-0.2463,-1.5978,-3.9639,-6.5513
0.3453,1.8456,3.2344,0.5637,-0.2998,0.0628,-0.9215,1.835,2.2102,-5.5862,0.3483,0.5304,-2.1163,-5.373,-5.2501
0.4486,2.2546,4.4057,0.3676,0.6744,-0.0937,-0.5238,4.0705,1.6592,-5.5826,1.3082,1.3024,-2.6192,-6.6586,-4.6776
0.6932,2.7353,5.9616,0.0634,2.0763,-0.3733,-0.4915,4.5101,0.2995,-4.9892,2.3748,2.0524,-2.8187,-8.5315,-3.7206
0.5306,3.6134,6.8052,-0.1991,2.978,-0.6431,-0.0586,5.7482,-0.7437,-3.4677,2.8989,3.4489,-3.514,-9.7883,-2.2363
0.5912,4.2923,7.9849,-0.9156,3.1531,-0.5665,0.5405,6.9418,-1.6938,-2.2246,3.6727,4.7722,-3.937,-10.6067,-0.6351
-0.0096,5.1089,8.6405,-1.47,3.6452,-0.6338,1.3053,7.6946,-2.9645,-1.621,4.0301,5.8779,-3.8695,-11.0969,0.7751
-0.405,5.1726,8.8022,-1.7755,4.0264,-0.2913,2.0048,7.5872,-4.0167,-1.2019,4.2736,6.6969,-3.4309,-11.0266,2.4265
0.0593,5.0724,9.1318,-1.6753,4.0049,-0.2413,2.7639,6.9295,-4.8183,-0.5123,4.7696,7.3963,-3.2379,-10.8336,4.0033
0.26,4.8647,8.366,-1.4288,3.8435,-0.3466,2.9727,6.5641,-5.2622,0.6168,4.7243,8.1722,-2.7499,-9.6141,5.2928
-0.4123,5.122,8.1677,-1.7211,3.66,-0.014,3.4488,5.6035,-5.5338,1.8422,4.5096,8.4117,-2.1512,-9.3812,6.6081
-0.7364,5.0432,7.1308,-1.8883,4.0283,0.3092,3.6171,4.4595,-5.6265,2.2969,4.1105,8.5638,-1.7852,-8.1174,7.4638
-0.813,5.2682,6.9242,-2.5817,3.0454,0.5614,3.7882,3.2916,-5.5238,2.8143,3.5164,8.4492,-1.0562,-6.968,7.6616
-0.5883,4.5797,5.6934,-2.1832,2.8984,0.6228,3.6099,1.9292,-5.3034,2.0276,3.0535,8.3028,-0.3341,-5.6614,7.6054
-0.6577,3.8509,4.2145,-1.887,2.5112,0.9974,3.5787,0.7642,-5.137,2.4752,2.4282,7.8892,-0.2788,-4.1053,7.6795
-0.2807,3.6831,3.1752,-1.5842,2.5821,0.7139,3.1904,-0.0226,-4.2506,2.7417,1.5195,7.2921,0.5858,-2.3927,7.4317
-0.3922,3.0433,2.4331,-1.4629,1.8392,0.7506,3.3691,-1.1991,-3.5967,3.0733,1.1141,6.6363,1.456,-1.0283,7.2386
0.0106,2.7993,1.5581,-1.2277,1.3355,0.7094,3.0256,-2.8295,-3.4006,2.7107,0.7629,6.0443,2.2698,-0.0453,7.0988
-0.1202,2.2513,-0.4008,-1.5739,1.1045,0.8733,2.9952,-4.5434,-2.9546,3.3137,-0.06,5.6232,3.1653,1.8913,6.7707
-0.1652,1.6035,-2.2338,-1.056,0.3695,0.8566,2.6265,-6.5116,-2.0785,3.1811,-1.2077,4.8174,4.5244,3.1356,6.0761
-0.6018,1.0472,-3.5896,-0.6033,-0.724,0.916,2.1765,-7.7985,-1.0597,2.6262,-2.2629,3.9178,4.952,4.9462,5.1227
-0.1834,0.0392,-4.9476,-0.0553,-1.8919,0.8915,1.7026,-9.4634,0.0972,1.4197,-3.8002,2.8978,5.2209,6.213,3.4009
-0.1717,-0.6888,-6.4824,0.3867,-2.6287,0.8211,1.0813,-10.0035,1.5904,1.0528,-4.828,1.4343,5.2501,7.7784,2.0724
-0.4605,-1.346,-7.4009,0.67,-3.3966,0.9588,0.4264,-10.7855,3.3124,-0.787,-5.3349,-0.3237,5.0752,8.3142,0.1042
-0.7654,-1.626,-7.9776,0.8183,-3.6981,1.0548,-0.1876,-10.7415,4.4184,-2.2051,-5.4828,-1.541,4.7164,8.0437,-1.8452
-0.1287,-1.6084,-7.4877,1.2504,-4.0197,0.8832,-0.8532,-10.4291,5.6953,-3.4969,-5.9869,-2.3916,4.3691,7.4837,-4.2632
-0.0335,-1.6615,-6.7107,1.4178,-4.3928,0.6693,-1.3542,-9.857,5.9766,-4.8982,-5.6643,-2.9558,3.9469,6.4676,-6.0999
0.3551,-1.9523,-6.3522,1.6332,-3.7957,0.6727,-1.559,-8.346,6.6673,-6.6805,-5.3964,-3.2676,2.8014,5.2756,-7.6162
0.103,-1.6823,-5.2186,1.6433,-3.6564,0.5695,-1.5149,-7.2303,6.518,-7.164,-4.6403,-3.3938,2.5507,3.8264,-8.5173
-0.0455,-1.2464,-4.5792,1.4318,-2.9921,0.3835,-1.7257,-6.1857,5.8732,-7.9617,-4.2246,-3.0577,1.8462,2.2758,-8.9767
0.3773,-0.9306,-3.1789,1.3759,-2.6739,0.1447,-1.9411,-4.4738,5.8193,-7.9621,-3.3407,-2.5121,1.312,0.348,-9.2916
0.5832,-0.4151,-1.5529,1.085,-2.2553,0.2215,-2.1228,-4.667,4.3065,-7.6097,-2.7734,-2.0115,1.1538,-1.4873,-8.9252
0.6152,-0.1376,-1.0298,1.1854,-1.471,0.0203,-1.7051,-2.688,4.101,-7.328,-2.0329,-1.429,0.1391,-1.9411,-8.5216
0.7083,0.2749,0.2427,0.8394,-0.9887,-0.298,-1.3313,-1.2351,3.6172,-6.806,-1.5986,-0.9063,-0.6202,-3.4902,-7.8171
0.0768,0.5392,1.3968,0.7204,-0.4031,-0.208,-1.086,0.7189,3.1304,-6.3198,-0.6654,-0.3469,-1.6258,-4.7887,-6.9146
0.2899,0.8003,2.9176,0.1468,0.0796,-0.3538,-0.3808,2.2335,2.4453,-6.0273,0.0563,0.4902,-1.9163,-6.3471,-6.0006
0.0668,1.5387,4.9039,-0.1416,0.9395,-0.3291,-0.2849,3.639,1.4317,-5.7299,1.2251,1.5123,-2.488,-7.5959,-4.9383
-0.0842,2.3355,6.6956,-0.3971,2.2088,-0.3317,0.0212,4.7518,0.0515,-4.8703,2.3973,2.4157,-2.813,-9.1322,-3.5602
0.0141,3.2936,7.6663,-0.5952,2.9572,-0.2029,0.6787,5.696,-1.4856,-4.2938,3.5835,3.5825,-3.1304,-10.3853,-2.0905
0.0256,4.6169,8.35,-1.4001,3.5154,-0.077,1.0916,6.0105,-3.203,-2.9034,3.1855,5.3138,-3.4082,-10.7894,-0.467
0.3217,4.6006,8.5229,-1.8303,3.7241,-0.1301,1.7989,6.5589,-3.9506,-2.1668,3.8814,6.3456,-3.3524,-10.8053,0.9512
0.0439,4.69,9.2519,-2.0831,4.0228,-0.1665,2.4171,6.5221,-4.5787,-0.9376,4.1922,7.2342,-3.0321,-10.5757,2.8155
0.1454,4.8508,9.3476,-2.047,3.6256,-0.1392,3.0544,5.8332,-5.5997,-0.0099,4.7111,7.6996,-2.3469,-10.7002,4.371
0.1505,5.1129,8.636,-1.7756,3.6281,-0.2842,3.2704,5.7474,-5.7305,0.9172,4.8551,8.391,-2.0385,-9.4507,5.8833
-0.1063,4.6481,8.2552,-2.136,3.9833,-0.0919,3.6152,4.621,-6.0432,1.5289,4.3627,8.5331,-1.2504,-8.111,6.8645
-0.1947,4.6346,7.1105,-2.4634,3.7138,-0.1579,3.0418,3.4533,-6.0793,2.5769,3.7389,8.6271,0.0369,-7.1895,7.7265
-0.5513,4.285,6.2079,-2.1866,3.2173,-0.1734,3.3531,2.1683,-6.0267,2.7015,3.2997,8.4985,0.0365,-5.8891,7.9092
-0.44,3.9869,4.9388,-2.0213,2.6868,-0.1633,3.2402,1.0153,-5.5022,2.6252,2.6864,8.1792,0.7175,-4.1203,7.9031
-0.6315,3.414,3.8558,-1.8055,2.1719,0.2269,3.1407,-0.8692,-5.0917,2.4691,1.8118,7.8523,1.0766,-3.1573,7.5777
-1.1305,3.2053,2.0074,-1.6428,1.6169,0.4428,3.0842,-1.8513,-4.2569,2.6242,0.8502,7.1742,1.6669,-1.7248,7.0098
-0.9822,2.6278,0.8295,-0.9893,0.9693,0.6281,2.8109,-3.1635,-3.3697,1.4929,0.0558,6.0784,2.3068,-0.2893,5.9682
-0.7695,2.48,-0.1434,-0.6991,0.5039,0.8486,2.6082,-4.7343,-2.631,0.7746,-0.2998,5.1658,3.1833,1.0993,5.0072
-0.6163,1.7616,-1.653,-0.5508,-0.0621,0.9522,1.9877,-6.8149,-2.2769,0.8181,-1.1542,4.3554,3.4614,2.4899,4.1865
-1.1852,1.1791,-4.0832,-0.0325,-0.7509,1.1125,2.0559,-7.8902,-1.3895,0.3005,-2.3989,3.5189,4.0354,3.7312,3.0055
-0.7837,-0.3266,-5.156,0.6112,-1.755,1.187,2.7081,-9.1903,0.0194,-0.5991,-3.1727,2.6621,4.1961,4.3069,1.6126
-0.7788,-0.8015,-6.4547,1.3166,-2.5021,1.2067,1.5786,-9.2074,1.954,-0.9267,-3.6522,1.6204,4.9307,5.4407,0.7003
-0.6617,-1.0624,-6.6706,1.8083,-3.0471,1.0139,0.6576,-9.7454,2.9071,-1.8005,-4.1532,0.3637,5.1256,5.6028,-0.6001
0.0574,-1.8768,-6.4368,1.6798,-3.3405,0.8406,-0.2339,-9.6467,3.8574,-3.0444,-4.5646,-0.8572,4.7392,5.449,-2.4604
-0.0549,-1.6361,-6.285,1.4937,-3.4742,0.4234,-1.0295,-8.4624,4.8661,-3.7679,-4.8755,-1.647,3.9847,5.4304,-4.1433
-0.1619,-1.6817,-5.5233,1.3735,-3.3849,0.4522,-1.7591,-8.3442,5.0896,-5.0292,-4.7762,-2.165,3.4741,4.5348,-5.8046
-0.1432,-1.9033,-4.8196,1.7338,-3.0987,0.1278,-1.8649,-7.3652,5.2406,-5.9996,-4.4304,-2.5241,2.4921,3.3552,-7.1956
-0.1463,-1.5899,-4.9125,1.756,-2.7188,-0.0549,-1.8716,-6.1194,5.0637,-6.5109,-4.2227,-2.5065,1.7177,2.3498,-7.9348
-0.0988,-1.3871,-3.5264,1.7016,-2.5043,0.0295,-1.7565,-4.8369,5.4936,-7.2997,-3.6313,-2.4613,0.8368,1.0661,-8.4391
0.1458,-1.1652,-1.8868,1.4127,-2.0512,-0.1867,-1.6647,-3.6253,4.799,-7.9042,-2.764,-2.1095,0.0238,-1.2049,-8.7328
0.0443,-0.6937,-1.0648,1.3685,-1.48,-0.2325,-1.3895,-1.4538,4.5451,-7.4864,-1.7859,-1.5586,-0.9711,-2.134,-8.3571
0.5947,-0.436,0.7958,1.2943,-0.7176,-0.6264,-1.2797,0.0799,3.8667,-7.3863,-1.2162,-0.6104,-0.8287,-3.9446,-7.8143
0.4126,0.8053,2.7363,0.7445,-0.1409,-0.9189,-1.2634,1.6768,2.5411,-6.6049,-0.1786,0.0071,-1.7908,-6.2691,-6.7935
0.0405,1.068,4.3338,0.6396,0.7731,-0.8949,-0.4617,3.5252,1.6166,-6.4727,0.8377,0.951,-2.5926,-7.3072,-5.9289
0.1101,2.2414,5.5772,-0.465,1.8425,-0.8213,-0.1681,4.5615,0.4568,-5.2153,1.657,1.9652,-3.0062,-8.4377,-4.5173
-0.4183,2.4298,6.878,-0.2484,2.4935,-0.6406,0.0825,5.2371,-0.847,-4.9552,3.068,3.1315,-3.3835,-9.5672,-2.9393
-0.3279,3.2751,7.929,-0.9059,3.2209,-0.5602,0.8926,5.622,-2.4194,-3.8226,3.543,4.6717,-3.378,-9.9295,-1.9531
-0.2331,3.9492,8.2582,-1.5081,3.7906,-0.5055,1.3818,5.7884,-3.7645,-3.0949,3.8573,6.1071,-3.0764,-9.7658,-0.6494
-0.4164,4.3629,8.188,-1.6915,4.4666,-0.5389,1.7684,5.4278,-4.4992,-1.9172,4.0739,6.8282,-2.9122,-9.9533,1.0155
-0.616,4.421,8.102,-1.8622,4.2833,-0.5146,2.635,5.4734,-4.8341,-0.2851,4.5576,7.5563,-2.5047,-9.3373,2.9177
-0.8135,4.4921,7.9047,-2.0541,4.2777,-0.0745,2.8325,4.4967,-5.2696,0.8816,4.5006,8.0755,-1.5309,-8.5707,5.057
-0.9641,3.8504,7.1407,-1.8388,3.7729,0.0027,3.5175,3.3092,-5.5354,1.2176,4.1714,8.3495,-1.0202,-7.9454,5.8829
-0.8425,3.8976,6.0131,-1.9761,3.5687,-0.0837,3.3793,2.7045,-5.477,2.524,3.6498,8.3651,-0.2677,-6.4469,7.0104
-0.9935,3.5857,5.5482,-2.0122,2.8834,0.0224,3.6149,1.4891,-5.0848,2.5287,2.7528,8.1946,0.4997,-5.1971,7.5052
-1.3395,3.3371,4.2807,-2.1425,2.5239,0.3275,3.383,0.37,-4.9215,2.5599,2.3243,7.6888,1.0006,-3.6799,7.394
-1.2056,3.1981,3.3801,-2.0778,2.1152,0.5209,3.4651,-1.0581,-4.2554,2.3121,1.2974,7.3129,1.4055,-2.6536,6.9733
-0.6925,2.5992,2.4863,-1.9776,1.6431,0.6481,3.2556,-1.9345,-3.4718,2.0625,0.4091,6.8106,2.2269,-1.459,6.3967
-0.8025,2.352,1.3404,-1.3197,0.648,0.8372,3.3319,-3.6714,-3.1177,1.9513,-0.0238,5.9655,3.2255,0.0339,5.8243
-0.8028,1.7002,0.0694,-0.8633,0.1775,0.6695,2.9558,-5.3305,-2.1747,1.5471,-0.8766,5.0231,3.4905,1.4474,4.5244
-0.6651,0.8777,-1.5603,-0.5101,-0.8705,0.5874,2.8204,-6.4299,-1.7738,0.842,-1.1141,4.1538,4.0347,2.8343,4.0067
-0.5765,0.5616,-3.0504,-0.4652,-1.3775,0.673,2.2624,-8.1242,-1.2995,0.5795,-1.7552,3.5604,4.609,4.0818,3.157
-0.429,0.1449,-4.3397,-0.2253,-2.1816,0.5866,1.785,-9.1685,-0.0915,-0.5672,-2.7123,2.8286,4.6508,5.193,1.8008
-0.272,-0.3713,-5.855,0.0424,-2.3291,0.7487,1.4459,-9.4922,1.3917,-1.2319,-3.7633,1.6429,4.16,6.1308,0.3542
-0.3679,-1.4222,-6.3021,0.562,-2.7857,0.5804,0.9317,-9.6567,2.8704,-1.5751,-4.4039,0.2498,4.4011,6.3645,-1.0475
-0.1851,-1.3823,-6.1392,1.1418,-3.313,0.4938,0.5493,-9.8182,4.0917,-2.106,-4.5315,-0.7644,4.8092,6.4292,-2.5761
0.117,-1.4953,-6.5101,1.2311,-3.8557,0.2768,0.0988,-9.9144,4.2752,-3.4149,-4.687,-1.4711,4.6909,6.4099,-3.9164
-0.6736,-1.2191,-6.5482,1.2603,-3.5527,0.4604,-0.5062,-9.7308,4.9076,-4.7866,-5.0754,-2.0849,4.339,5.9544,-5.4055
-0.3951,-2.0502,-6.9292,1.7926,-3.1997,0.4186,-1.0256,-9.1435,5.5127,-6.2116,-4.8388,-2.5678,3.6304,4.9955,-6.7002
-0.2086,-2.0001,-6.0723,1.4037,-3.1387,0.2625,-0.9752,-8.2077,6.0425,-6.5987,-4.8049,-2.6579,3.3251,4.2963,-7.7781
-0.4086,-1.7954,-5.2231,1.3131,-2.8717,0.1619,-1.3339,-7.7307,5.4681,-6.6496,-4.6142,-2.7018,2.8864,2.6835,-8.3284
-0.283,-1.8055,-4.683,1.563,-2.4017,0.1368,-1.7067,-6.4108,5.9073,-7.2588,-4.4649,-2.6151,2.2701,1.533,-8.975
0.0418,-1.8908,-3.6305,1.425,-2.0878,0.0767,-1.9881,-4.826,5.9887,-7.5676,-3.8047,-2.6294,1.3647,-0.3283,-9.4882
-0.0366,-1.3285,-2.1772,1.4103,-1.6916,0.1081,-1.7441,-3.0159,5.4508,-7.0847,-3.2017,-2.2106,0.1483,-1.4489,-9.3827
0.2167,-0.8003,-0.4633,1.5194,-1.1357,-0.0186,-2.122,-1.3574,4.9127,-7.5932,-1.9287,-2.0015,-1.0008,-3.5274,-8.7978
0.4248,0.1106,1.2313,0.8136,-0.4042,-0.3249,-1.8865,0.9059,4.0282,-7.2247,-1.4356,-0.6723,-1.9842,-5.1437,-8.3608
0.2384,0.3264,3.2195,0.9587,0.3502,-0.541,-1.3389,3.101,3.2566,-7.1058,0.6226,-0.0137,-3.1237,-7.1183,-7.42
-0.2497,1.47,5.304,0.6703,1.6109,-0.5429,-0.8827,4.8108,2.0583,-6.4506,1.5551,1.1945,-3.7902,-8.9719,-6.0703
0.0918,2.4426,6.9701,0.1691,2.9205,-0.5926,-0.5897,5.8671,0.4926,-5.7059,2.7408,2.3738,-3.7184,-10.5638,-4.6792
-0.2298,3.5646,8.3698,-0.3254,3.7798,-0.5889,-0.0616,6.7883,-1.1877,-3.8116,3.9119,3.8582,-3.913,-11.7881,-2.6075
-0.1911,4.045,8.8178,-0.8013,4.0887,-0.5957,0.8537,7.2215,-2.9865,-3.3015,4.4945,5.4234,-4.1147,-12.776,-0.9517
-0.2017,4.3926,9.2417,-1.553,4.6749,-0.5548,1.1964,7.8197,-3.8769,-2.3566,4.5357,6.7415,-3.7498,-12.2084,0.6278
-0.1251,4.3347,10.0985,-1.6367,4.7577,-0.2063,1.8122,7.408,-4.6587,-1.1566,4.5518,7.8158,-3.4047,-11.6759,2.6107
-0.1115,4.4158,9.8044,-1.7835,4.8657,-0.4126,2.6416,6.7636,-5.2238,0.3207,4.5579,8.1562,-3.2051,-11.2107,4.3181
-0.2217,4.9542,9.5273,-2.1222,4.9493,-0.2442,3.1504,6.0182,-5.3962,1.67,4.5307,8.0311,-2.5141,-10.4179,6.0505
-1.0585,4.6136,8.7017,-1.9641,4.4799,0.3598,3.549,5.1707,-5.8401,2.4756,4.6066,8.4461,-1.7389,-9.3556,7.4331
-1.0407,4.1327,7.7556,-2.0812,3.8321,0.6061,3.6883,3.9638,-5.5879,2.2849,3.9027,8.7096,-0.9946,-8.2624,8.0656
-1.0503,4.1751,6.5797,-1.9264,3.5358,0.8622,3.4411,2.5838,-5.3102,2.6475,3.2387,8.5959,0.0472,-6.6366,8.2983
-0.6236,3.523,5.4063,-1.6909,2.7938,0.6763,3.6399,1.3767,-4.6402,2.6742,2.9495,8.3426,0.35,-4.7363,8.3002
-0.8419,3.4596,4.1903,-1.7071,2.4738,0.8391,3.4835,-0.6622,-4.2786,2.6699,2.2349,8.0579,1.239,-3.3587,8.4333
-0.6384,2.9136,2.388,-1.5848,2.0433,0.8972,3.4049,-1.998,-3.7198,2.8763,1.4959,7.5548,2.2253,-1.9157,8.0452
-1.2321,2.4814,0.591,-1.3309,1.1456,1.2552,2.92,-4.0333,-3.2271,2.9925,0.4583,6.9877,3.116,-0.003,7.5546
-1.3085,2.1248,-1.3586,-0.8421,0.3017,1.4678,1.9086,-6.1731,-1.8763,2.6475,-0.361,6.108,3.9408,2.2163,6.7543
-1.2617,1.19,-3.1106,-0.4301,-0.5183,1.5122,1.7061,-8.0879,-0.7603,1.6096,-1.6249,5.1745,4.4776,4.0708,5.2656
-0.6086,0.4153,-4.4589,-0.0012,-1.463,1.1783,1.406,-9.6923,0.4042,0.6362,-3.0669,3.8991,4.6724,5.37,3.562
-0.3871,-0.0048,-6.1208,0.175,-2.4683,0.9821,1.3181,-9.953,2.1385,-0.2362,-4.0387,2.4084,5.2252,6.7945,1.9235
-0.3652,-0.9852,-6.9113,0.6756,-3.0287,0.649,1.0344,-10.3549,3.9641,-1.2198,-3.9735,0.9329,5.4354,7.5541,0.2977
-0.2707,-1.4235,-6.876,0.9022,-3.4494,0.3905,0.1996,-11.3419,4.7168,-2.0819,-4.9251,-0.1724,5.894,7.5826,-1.1403
0.0308,-1.7096,-7.4531,1.367,-3.3602,0.0391,-0.2922,-11.391,5.4937,-2.3587,-5.899,-1.3538,5.5031,7.917,-3.0837
-0.066,-2.2163,-7.472,1.6484,-3.5905,-0.026,-1.0121,-10.7208,6.2689,-3.301,-5.9431,-2.4665,5.3484,7.42,-4.7104
-0.2247,-2.5202,-7.2604,1.9221,-3.4502,-0.3438,-1.5215,-9.9906,6.8032,-4.1713,-5.7542,-3.1122,4.6061,6.723,-6.0488
-0.3394,-2.1079,-6.8092,1.9492,-3.4448,-0.4026,-1.716,-9.0698,6.8315,-5.2569,-4.6303,-3.4308,3.9178,5.4046,-7.0413
-0.211,-1.9026,-6.2607,1.6064,-3.6493,-0.3996,-1.4137,-8.3019,7.1215,-6.3933,-4.367,-3.1938,3.4066,4.23,-7.8021
0.0001,-1.8583,-5.0713,1.4602,-3.0832,-0.6258,-1.6703,-7.0095,7.1841,-6.7868,-4.3221,-2.6658,2.95,2.8481,-8.4327
0.1075,-1.6033,-3.8133,1.4588,-2.7276,-0.8363,-1.8332,-5.3715,6.7499,-6.4591,-3.5855,-2.6317,2.0791,2.108,-8.4321
-0.3684,-1.1521,-2.9453,1.3007,-2.3052,-0.6616,-1.6976,-4.3589,6.0404,-7.1097,-2.8795,-2.3643,1.5168,-0.0555,-8.6031
-0.6815,-0.649,-1.9476,1.6347,-1.9879,-0.7189,-1.6618,-3.2577,5.5923,-6.8995,-2.1956,-2.0064,0.3923,-1.3751,-8.1181
-0.57,-0.4257,-1.3072,1.1716,-1.2961,-0.7019,-1.8411,-1.8201,4.7893,-7.038,-1.8449,-1.3672,-0.3186,-2.5866,-7.9691
-0.2437,0.0899,-0.1322,0.8335,-0.5756,-0.8272,-1.9869,-0.1371,4.4803,-7.3246,-1.7019,-0.8343,-0.6673,-4.6679,-8.0017
0.4077,0.4446,2.0268,0.6981,-0.2761,-1.1759,-1.5005,2.1406,4.4184,-6.7721,-0.8137,-0.3832,-1.9033,-6.3598,-7.3813
0.3923,0.9516,4.557,0.2589,0.5111,-1.2727,-1.4203,4.1852,3.528,-6.6374,0.5554,0.332,-2.8094,-8.4457,-6.5146
0.0644,1.6637,6.6103,-0.0129,1.552,-1.2595,-0.9268,5.8992,2.0116,-6.2616,2.0319,1.4165,-3.6244,-9.7928,-5.5084
0.1415,2.6436,8.2648,-0.379,2.555,-1.2457,-0.4767,6.9348,0.0659,-5.524,3.1251,2.8684,-3.97,-11.1383,-4.241
-0.0024,3.6338,9.3168,-0.7337,3.4619,-1.2544,-0.2137,7.8468,-1.7324,-4.1692,4.5009,4.0235,-4.8665,-11.9215,-2.4139
-0.5323,4.391,10.2633,-1.3148,4.1686,-0.8841,0.2997,8.1818,-3.0554,-3.4096,5.5075,5.7367,-4.7379,-12.4119,-0.4049
-0.6387,4.7042,10.6271,-1.7923,5.0037,-0.7885,1.3055,7.9917,-4.46,-2.413,5.4645,7.3921,-4.4616,-12.2991,1.3812
-0.8356,5.2082,10.0726,-1.9448,5.1901,-0.5544,1.9414,7.8344,-5.3998,-0.6606,4.9371,8.3459,-3.8778,-11.9633,3.3311
-0.9049,4.8197,10.0255,-2.0991,5.5463,-0.2808,2.6359,7.2513,-5.6206,-0.6213,5.5002,8.6531,-2.9888,-11.3181,4.603
-1.5681,5.2255,9.1628,-2.1444,5.2033,0.2342,3.1239,5.8687,-6.4375,1.5819,4.3753,9.2317,-2.0138,-10.5338,5.9569
-1.7631,4.3007,7.8928,-2.2348,4.7257,0.9341,3.5221,4.9793,-5.9793,2.1921,4.2671,8.9592,-1.2751,-11.0019,6.8878
-1.3817,3.6814,6.8672,-1.7446,4.3788,0.9988,3.6629,4.5144,-4.9272,2.7893,4.128,8.94,-0.3616,-8.6422,7.8983
-0.8542,3.602,6.2775,-1.8863,4.4702,0.8609,3.4892,2.7575,-4.915,3.7158,3.8884,8.7628,0.1765,-7.2824,8.8126
-0.9512,3.9969,5.1413,-1.8799,3.5699,0.3539,3.2692,1.3289,-4.6809,4.0838,3.4139,8.353,1.5224,-5.6128,9.0852
-1.0385,3.3883,3.9396,-1.725,2.9186,0.6145,2.897,-0.1708,-4.392,4.007,2.5804,7.9921,2.1815,-4.6114,8.5244
-1.1532,3.09,3.0262,-1.7386,2.126,1.0105,2.8502,-2.236,-4.1195,3.8318,1.7171,7.6294,2.1169,-2.5257,8.1864
-0.9371,2.2647,1.2951,-1.416,1.7322,0.9041,3.0638,-3.6681,-3.2119,3.3541,0.8816,6.95,2.8335,-0.0008,7.2018
-0.7857,1.6435,-0.3025,-1.1054,0.2859,0.7937,2.5071,-5.7586,-2.6242,2.8304,0.3295,5.982,3.841,2.5483,6.6093
-1.2567,1.4582,-2.6743,-0.9054,-0.2292,0.9546,1.8288,-8.2321,-1.75,2.6274,-0.8931,5.3734,5.3373,4.4475,5.5741
-1.2745,0.958,-5.1843,-1.1885,-1.2463,0.9449,1.5412,-10.2854,-0.5697,1.641,-3.0726,4.302,5.2211,6.2833,3.992
-1.1895,-0.4553,-7.1404,-0.0758,-2.3427,0.9828,1.2591,-11.0294,1.5235,0.584,-4.2462,2.6494,5.3928,8.2222,2.5233
-1.3551,-1.0864,-8.7319,0.3365,-2.93,1.3106,0.9211,-11.9143,3.5428,-0.3922,-5.2941,0.8957,5.5038,8.6977,0.5456
-1.2072,-2.2262,-9.0275,0.3997,-3.8162,1.0525,0.1768,-11.8699,5.4166,-2.4885,-6.1964,-0.7512,5.7973,8.9053,-1.8542
-0.9438,-3.0808,-9.0371,1.1355,-3.8805,1.0068,-0.5103,-12.2034,6.1009,-3.5846,-6.5785,-2.2762,5.4923,8.3352,-4.2801
-0.515,-3.3172,-8.9406,1.6922,-4.1051,0.7379,-0.8508,-10.6492,7.2484,-5.3632,-6.3249,-3.2453,4.9215,8.0209,-6.3422
-0.5416,-2.8534,-7.9244,1.5929,-4.2121,0.8604,-1.6633,-10.1378,7.6228,-6.0635,-5.8199,-3.3872,4.6275,6.2562,-7.7833
-0.2235,-2.7339,-6.9647,1.7271,-4.7634,0.5109,-2.1229,-9.3405,7.4025,-7.1233,-5.614,-3.6274,3.9547,5.1091,-8.7652
-0.2342,-2.6106,-6.1834,1.9079,-3.8851,0.3401,-3.1458,-7.4578,7.5729,-7.8542,-5.0147,-3.6794,2.9327,4.1138,-9.3293
