x0,x1,x2,x3,x4,x5,x6,x7,x8,x9,x10,x11,x12,x13,x14
0.4797,-0.8066,2.7286,1.3725,-0.025,-0.473,-1.8541,5.9176,3.3973,-5.5735,-0.4512,-4.0622,-3.6626,-6.8296,-9.3789
0.6022,-0.0854,5.0261,1.0982,0.9189,-0.4243,-1.6452,8.0687,1.6597,-5.0065,0.6979,-2.8552,-4.4718,-8.6946,-7.799
0.4178,0.5363,7.2195,0.8223,2.0763,-0.5035,-1.0544,10.1773,0.3698,-4.2102,2.7606,-1.8087,-5.4171,-10.5185,-5.9611
0.1449,1.8905,8.9872,0.0606,3.7444,-0.4959,-0.4744,11.1042,-1.4509,-2.7753,4.2933,-0.3768,-5.7432,-12.1106,-3.6138
0.1912,2.9206,10.4898,-0.5455,4.4288,-0.5166,0.5442,11.8231,-3.3387,-1.1357,5.8946,1.5063,-6.0167,-13.0355,-0.9776
0.3737,3.8397,11.165,-1.0895,4.7664,-0.8984,1.4922,12.0907,-5.5125,0.0975,6.9351,3.7447,-6.2322,-13.1575,1.4331
0.3445,4.312,11.4924,-1.4971,4.8718,-0.7452,2.1257,11.6125,-7.0491,1.6617,6.8727,5.7431,-5.5118,-12.8259,4.2139
0.0357,4.2407,10.9006,-1.5736,4.9295,-0.9757,2.6461,11.3703,-7.3393,3.4078,7.0428,6.7993,-4.8561,-11.6364,6.5678
-0.0234,5.2832,10.459,-2.2241,4.7155,-0.8304,3.106,10.0135,-8.2467,4.5455,6.4696,7.304,-4.0958,-10.5256,7.8857
-0.1895,4.814,9.4259,-2.0472,4.7498,-0.5438,3.3813,8.8824,-8.3742,4.9244,5.9394,7.5601,-3.2126,-9.0191,8.7932
0.3371,4.0821,8.4337,-2.0371,4.3707,-0.69,3.4496,8.1487,-8.2632,5.5996,5.6628,7.3472,-2.3898,-7.2374,9.4723
0.1473,3.6031,6.9392,-1.7031,3.837,-0.7661,3.2812,5.8775,-7.6496,5.9768,4.977,6.9517,-1.8956,-5.8756,9.969
-0.3137,2.9187,5.6429,-1.3477,3.4947,-0.5469,3.125,4.1573,-7.0497,6.5695,4.9038,6.632,-0.8727,-4.0327,10.2311
-0.6636,2.8125,3.989,-1.2329,3.0976,-0.0487,3.4055,2.0944,-6.8603,7.2184,3.9776,6.3676,-0.1364,-2.2397,10.734
-0.3919,2.7062,2.2824,-1.286,2.2798,0.1417,3.105,0.3179,-5.1049,6.7941,2.8884,5.4425,0.9174,-0.6983,9.9026
-0.1963,1.6785,1.408,-1.0082,1.6201,0.1931,2.5833,-1.1136,-4.1166,6.2406,1.7357,4.7878,1.5028,1.0087,9.2748
-0.5471,1.4752,-0.6954,-0.9194,0.7495,0.4576,2.3478,-2.8553,-3.894,5.7816,1.0761,3.8755,2.4329,2.7379,8.4385
-0.5287,1.0411,-2.2259,-0.7825,0.2491,0.7247,2.2325,-5.05,-3.0909,5.4202,0.0568,3.08,3.317,4.6453,7.5602
-0.6268,0.0771,-4.6586,-0.5426,-0.6207,0.7329,1.8388,-6.9607,-2.1074,5.117,-1.338,1.2915,4.7298,6.4256,6.5333
-0.4103,-1.0993,-6.208,0.0402,-1.9405,0.8379,1.4236,-8.652,-0.4199,4.303,-2.6553,0.4453,4.5784,7.9167,4.9722
-0.2924,-1.6633,-8.0856,0.4691,-2.8758,0.6663,1.0825,-9.4711,1.4464,3.3054,-3.769,-0.9592,4.7087,9.4611,2.9573
-0.1091,-2.4025,-9.4308,0.9573,-3.7326,0.7002,0.9707,-10.1862,3.411,2.0133,-5.1304,-2.3431,5.0085,10.19,0.7328
-0.1975,-3.174,-9.8619,1.5395,-4.3166,0.4754,0.0221,-10.0612,4.5657,0.527,-5.6014,-4.1029,4.4852,10.1949,-1.3571
0.4309,-3.6088,-9.9593,2.2448,-4.5175,0.1625,-0.8857,-9.156,6.8881,-1.3076,-5.6184,-5.5504,4.2374,9.8936,-4.1344
0.6029,-3.7681,-9.3889,2.1946,-4.5824,0.1721,-1.3921,-8.4268,6.9955,-2.731,-5.3637,-6.2411,3.559,8.4942,-6.0147
0.5887,-3.3486,-8.3501,2.3124,-4.3817,-0.0307,-1.8446,-6.4421,7.4492,-3.7306,-5.3366,-6.9032,2.9202,7.2616,-7.5944
0.4923,-3.2574,-7.4011,2.4122,-3.7342,-0.1478,-2.1875,-5.405,6.7422,-4.4942,-4.9351,-6.9756,2.2181,5.3403,-8.7862
0.9736,-3.0366,-5.2432,2.5519,-3.4833,-1.0478,-2.2357,-3.516,6.8701,-5.4262,-3.8256,-6.6803,1.3197,3.6932,-9.5347
0.4405,-2.3573,-3.7256,2.3489,-2.6335,-0.9728,-2.238,-2.8511,5.127,-5.2446,-2.6419,-5.9512,0.2325,1.2803,-9.3802
0.4921,-1.9465,-2.4284,2.1056,-1.8707,-0.8738,-2.2221,-0.5471,5.5157,-5.2848,-1.8793,-5.0843,-0.7983,0.1649,-8.9268
0.7435,-1.629,-0.8835,1.9237,-0.8774,-1.2089,-1.8886,0.6358,4.2824,-5.0796,-0.8982,-4.3543,-1.5929,-1.7769,-8.4113
1.0032,-1.0275,0.1978,1.6611,0.1154,-1.2218,-1.5233,2.6555,3.1626,-3.9567,0.0778,-3.2349,-2.384,-3.5934,-7.2458
0.9447,-0.2551,2.6306,1.3997,0.6607,-1.3782,-1.1014,4.615,2.6004,-3.0447,1.033,-2.3801,-3.5585,-5.36,-5.6611
0.9,0.9142,4.8824,0.8417,1.6852,-1.181,-0.7843,6.3557,1.5438,-2.5281,2.4329,-1.497,-4.0961,-6.9613,-4.315
1.3387,1.7121,7.1092,0.3595,2.7089,-1.226,-0.2915,7.6829,0.0262,-1.8332,3.8942,0.1775,-4.3054,-8.671,-2.7196
0.9938,2.9055,7.6312,-0.3385,3.3549,-1.4975,0.1739,8.5316,-3.1652,-0.5015,4.6635,1.3476,-4.609,-9.2879,-1.0357
0.7615,3.6947,8.4925,-0.908,3.7249,-1.048,0.6285,8.9719,-3.9167,0.3617,5.3083,3.0164,-4.744,-9.3126,0.8672
0.9743,3.8712,8.8885,-1.3604,4.183,-1.8709,1.1804,9.4351,-4.8697,1.2969,5.6658,4.0644,-4.7947,-9.0728,2.7615
0.933,3.5936,8.7922,-1.5699,4.2713,-1.7541,1.868,8.8543,-5.0853,2.3005,5.7702,4.982,-4.1541,-8.9344,4.2438
0.4755,3.7757,8.3993,-1.6573,4.3281,-1.859,2.7727,8.3805,-5.5496,3.8045,6.0884,5.7424,-3.5748,-8.3406,6.3348
0.5836,3.8869,8.0916,-1.9521,3.9466,-1.6254,3.021,7.3923,-6.1388,4.7201,5.631,6.278,-3.049,-7.7509,7.6281
0.1879,3.729,7.6247,-1.4008,3.7498,-1.0546,2.972,6.2845,-6.2966,5.2904,5.2422,6.4976,-2.5677,-6.2797,8.9718
0.1055,4.3954,6.4068,-1.8766,3.3702,-0.5145,3.1127,4.923,-6.5721,5.7423,4.5216,6.3147,-1.8555,-5.0496,9.108
0.046,3.3535,5.394,-1.793,2.8542,-0.184,3.2322,3.5243,-6.3723,5.6255,4.237,6.379,-0.7336,-3.4597,9.2174
-0.2668,2.8226,3.9736,-1.684,2.4075,0.2292,3.0839,1.2767,-6.2179,5.988,3.6843,6.0179,-0.1075,-1.9172,9.4618
-0.5644,2.4911,1.5495,-1.4423,1.7392,0.6626,2.9598,-0.277,-5.3052,5.8983,2.7152,5.6214,1.0884,-0.0782,9.7509
-0.2819,1.8334,0.0217,-1.1431,1.1212,0.6125,2.6674,-2.0649,-4.71,5.6753,1.8882,4.8936,2.0906,1.7474,9.0429
-0.2864,1.2379,-1.3036,-0.8963,0.6424,1.0286,2.379,-4.3721,-3.338,5.5641,0.4973,4.4807,2.9869,3.8139,8.3075
-0.1482,0.1038,-4.1948,-0.6472,-0.1844,0.8433,2.1263,-6.1276,-1.8476,5.3251,-0.7114,3.0277,3.8526,5.8988,6.9411
0.0322,-0.7531,-5.9893,-0.0752,-1.507,0.497,1.8192,-7.7022,-0.6545,4.6374,-1.8854,1.8945,4.1707,7.6743,5.2828
0.0514,-1.3976,-6.8593,0.2346,-2.8141,0.4375,1.4327,-8.8294,0.7908,3.6037,-2.989,0.665,4.5902,8.9173,3.296
0.202,-1.998,-7.779,0.5375,-3.7087,0.3894,0.6244,-9.5059,2.2249,2.2575,-3.9517,-0.8678,5.4874,9.7702,1.5582
0.0055,-2.7767,-8.7817,1.068,-4.126,0.3674,-0.0613,-10.0345,3.9489,0.7746,-4.5986,-2.7959,5.2608,10.321,-0.129
0.1233,-3.0775,-8.9919,1.5521,-4.3766,0.8805,0.0327,-10.6823,4.7399,-0.2481,-5.2336,-3.8099,5.0784,10.1023,-2.4762
0.3873,-3.0236,-8.8817,1.7551,-4.4248,0.8142,-0.8928,-10.3773,5.2288,-1.6365,-5.624,-5.0565,4.7911,9.5739,-4.0504
0.06,-3.7075,-9.1601,1.9092,-4.2332,0.6485,-1.6312,-9.861,5.5961,-2.1368,-5.2527,-5.7933,4.2819,9.2243,-5.8445
0.729,-3.5681,-8.8303,2.1589,-4.0494,0.2738,-2.0173,-9.0383,6.3027,-3.0035,-5.2807,-6.4307,3.839,8.2434,-6.9937
0.5862,-3.2667,-8.0177,2.0195,-3.7557,-0.0587,-2.4225,-8.0375,6.5343,-3.1654,-4.7498,-6.7683,3.0329,6.8593,-8.6273
0.5769,-3.2431,-7.239,1.9703,-3.2181,-0.9859,-2.3533,-6.5153,6.4563,-3.9084,-4.3393,-6.3822,2.1124,5.63,-8.9452
0.53,-3.2279,-5.9417,1.9191,-2.9884,-1.248,-2.4312,-5.0296,6.2254,-4.1932,-3.9281,-6.2085,1.5305,3.728,-9.0447
0.5299,-2.2594,-4.9919,1.7554,-2.5309,-1.2057,-2.4569,-3.4841,6.3232,-4.3638,-3.6583,-5.404,0.8777,2.1589,-9.0314
0.8957,-2.6666,-3.9097,1.8837,-1.8952,-1.5359,-2.3975,-1.5676,5.6006,-4.7621,-2.9498,-5.0656,0.1453,0.9779,-9.0355
1.046,-2.392,-2.012,1.6837,-1.4305,-1.9061,-2.1916,0.3547,4.7534,-4.2558,-2.195,-4.7871,-0.8769,-0.4349,-8.4279
0.9961,-1.81,0.0254,1.5212,-0.8194,-2.1266,-1.7531,2.4856,3.8978,-3.9196,-0.8644,-4.0782,-2.3488,-2.7169,-7.1574
0.7382,-0.9761,1.8823,1.1553,-0.0996,-1.657,-1.6419,4.5512,2.8227,-3.4739,0.2945,-3.3282,-2.7384,-4.5573,-6.2536
1.3454,-0.4065,4.5675,0.7692,1.104,-1.7665,-1.1302,6.2917,2.5771,-2.6479,1.8778,-2.0744,-3.2759,-6.4724,-4.4893
1.161,1.1176,6.1326,0.3387,1.7854,-1.655,-0.6356,6.8502,-0.2997,-1.3261,3.5044,-0.8003,-3.8851,-8.1587,-2.8168
0.4827,2.3717,6.6568,-0.111,2.699,-1.5035,-0.4783,7.4969,-2.0592,-0.5966,4.6521,0.9523,-4.1466,-8.7223,-0.631
0.1704,3.1249,7.6201,-0.7287,3.2183,-1.3502,0.0479,8.013,-3.573,-0.1931,5.2274,3.1102,-4.0531,-9.4108,1.1247
0.1789,2.7291,7.3462,-0.9555,3.6756,-0.9123,0.8537,8.0518,-4.236,0.3581,5.7469,4.2784,-3.9936,-8.9228,2.8293
0.652,3.1319,7.2424,-0.4644,3.9931,-1.1524,1.6178,7.7486,-4.807,1.8245,5.9042,5.425,-3.5626,-8.6131,4.8243
0.2193,3.9825,6.7936,-1.2046,3.9515,-0.7633,1.92,6.9759,-5.4147,3.3679,5.5855,6.2411,-2.7587,-8.3935,6.1205
-0.1584,3.5203,5.7008,-1.8648,3.8411,-0.4557,2.4748,5.9897,-6.0494,4.1723,4.8227,6.2222,-2.3426,-6.8212,7.0981
-0.5406,3.082,4.7436,-2.054,3.0536,0.0034,2.8599,5.0445,-5.5086,4.6967,3.4854,6.0346,-1.5709,-5.3742,7.3122
-0.5108,1.9598,4.1454,-1.647,2.3353,0.2983,2.8041,4.3792,-4.9166,4.1023,3.2524,5.434,-0.9804,-4.0104,7.3622
-0.7617,1.3262,3.3772,-1.2817,2.1411,0.204,2.5719,3.0137,-4.9128,4.3634,3.0848,5.1153,-0.3647,-2.5094,7.6099
-0.4424,1.3835,2.4123,-1.0884,1.8588,0.0611,2.5456,1.6091,-4.7336,4.6104,2.6796,4.6696,0.4901,-1.3604,7.3269
-0.5305,1.4399,1.1206,-1.0417,1.4266,0.4869,2.3881,0.388,-4.1139,4.7127,2.1715,4.1385,1.213,-0.3276,7.5203
-0.419,1.3488,0.4042,-0.9489,1.122,0.3666,2.3616,-1.2118,-4.073,4.8605,0.5138,3.5114,1.3113,1.3348,6.631
-0.143,0.5386,-1.066,-0.7738,0.4098,0.5985,2.349,-2.4686,-2.957,4.2581,0.2461,2.3112,2.2796,3.197,6.1251
-0.5756,-0.8261,-2.8794,-0.5252,-0.0718,0.7903,1.8668,-4.4317,-2.4443,4.1562,-0.5317,1.6512,2.9981,4.4135,5.2238
-0.7108,-1.7742,-4.7662,-0.0239,-0.9403,1.2469,1.5696,-5.9944,-1.1132,3.8068,-1.5807,0.9997,3.6115,5.9783,4.7698
-0.5417,-2.0684,-6.1825,0.4095,-2.2007,1.2411,1.2072,-7.4468,-0.0617,3.5713,-2.0763,0.1838,4.4153,7.0292,3.8395
-0.2935,-2.2743,-7.3819,0.7375,-2.6384,0.7105,0.7205,-8.6389,1.0532,2.6853,-3.0811,-0.7892,4.3095,8.5315,2.2587
-0.0952,-2.6303,-8.531,0.7738,-3.2744,0.5128,0.2053,-8.9105,2.6717,1.6295,-4.0005,-1.9919,5.9241,9.299,0.434
-0.179,-3.1998,-8.8538,1.3014,-3.71,0.7318,-0.0686,-10.1282,3.3165,0.7483,-4.1462,-2.9509,5.6971,9.4695,-1.0488
0.0243,-3.4872,-9.4782,1.5351,-4.3848,0.523,-0.7864,-10.121,5.0588,-0.3411,-4.4854,-3.8717,5.0692,9.6061,-2.2506
0.2626,-3.2697,-9.7708,1.7369,-4.3889,0.5141,-1.3489,-9.6918,5.4127,-1.4634,-4.9063,-4.7376,4.1958,9.3756,-3.683
0.9139,-3.4831,-8.8857,2.1769,-4.4156,0.4619,-2.4234,-9.2042,6.2797,-2.8815,-4.59,-5.3713,3.6299,8.6118,-5.2125
0.5734,-2.6025,-8.6837,1.8423,-4.389,0.6354,-2.6258,-8.0082,6.5857,-3.6512,-4.5632,-5.6256,2.8918,7.995,-6.6053
0.73,-2.6489,-7.8551,1.7692,-3.9346,0.2633,-2.7856,-6.8289,6.4859,-5.1014,-4.3629,-6.43,1.8627,6.5486,-8.2087
0.6937,-3.1144,-6.2481,1.7459,-3.0867,-0.0019,-2.9239,-5.3584,6.5328,-5.5706,-3.7841,-6.2572,1.4619,5.0788,-8.9404
1.0484,-2.7647,-4.6101,1.7609,-2.2373,-0.776,-2.7111,-4.053,5.8907,-5.0713,-3.1859,-5.4634,0.8172,3.3459,-8.8232
0.9337,-2.4893,-3.4663,1.5031,-2.1175,-0.9281,-2.4574,-2.1423,5.2141,-4.5892,-2.3029,-5.6093,-0.3321,2.0133,-8.4425
0.8698,-1.9207,-2.0509,1.4016,-1.4602,-0.9721,-2.0611,-0.691,4.6759,-4.6208,-1.6712,-4.6115,-1.1344,0.5383,-7.8057
0.5441,-1.6085,-1.0734,1.4074,-0.8669,-0.9422,-1.669,1.1069,4.3375,-4.338,-0.4186,-3.9987,-1.875,-1.1594,-6.9454
1.1599,-1.7478,0.955,1.524,-0.1522,-1.2915,-1.5767,2.9261,3.7841,-3.8894,0.6464,-2.7768,-2.5466,-3.4032,-5.1515
1.42,-0.4616,3.307,1.0103,0.6015,-1.4376,-1.0804,4.9522,2.8776,-2.6399,1.8418,-2.6078,-3.4809,-4.9451,-4.1547
0.9047,0.741,4.733,0.5553,1.4431,-1.2849,-0.7857,6.0788,1.1879,-1.8576,3.0455,-1.0635,-4.0208,-6.6654,-2.6995
0.7503,1.9178,6.2186,0.0613,2.1029,-1.5144,-0.2235,6.6675,-0.4522,-1.5531,3.9593,0.2725,-4.0006,-7.8176,-1.2272
0.5951,2.1065,7.0443,-0.1978,2.7463,-1.2263,-0.0052,7.5186,-2.5604,-0.4876,4.7295,1.8513,-4.0412,-8.4283,0.3632
0.1405,2.2087,7.2356,-0.3016,3.2917,-0.6986,0.7792,8.086,-3.5699,0.1981,5.5577,3.2972,-4.3047,-8.1578,2.1015
-0.131,2.1563,7.3537,-0.8112,3.6512,-0.4965,1.4565,7.9572,-4.7447,1.4004,5.8176,4.3524,-3.6388,-8.2378,3.8501
0.3001,2.4168,7.6264,-1.1476,3.8607,-0.7407,1.5905,7.2053,-4.6766,2.6794,5.7464,5.2394,-3.2291,-7.9249,5.5949
-0.1072,2.052,6.4314,-1.4397,3.8082,-0.5491,1.4954,6.2922,-6.0583,4.0956,5.2648,5.936,-2.9672,-7.0154,7.1304
1.342,2.511,6.0409,-1.3614,3.462,-0.9687,2.0672,5.8386,-5.4733,4.8589,4.9578,5.9356,-2.9997,-5.7365,7.9348
0.559,3.0004,5.4444,-1.8072,2.9298,-0.5013,2.3349,4.8525,-5.7444,5.6393,4.1199,5.6746,-2.4243,-4.5717,8.6454
0.0706,2.7355,4.8052,-1.6496,2.4871,-0.3484,2.6128,4.1164,-5.0945,4.9547,3.9002,5.5273,-2.066,-3.4679,8.841
-0.1363,2.1364,3.8346,-1.4431,2.0763,-0.1965,2.9416,2.7722,-4.5037,4.1983,3.3664,5.4867,-1.0805,-2.5159,8.791
0.1677,1.4094,3.4131,-1.2385,1.5843,0.3421,3.0877,1.5867,-4.3282,4.6436,3.0014,4.9918,-0.2844,-0.7591,8.6232
-0.0153,1.2682,1.9548,-1.0968,1.1142,0.6499,2.8973,0.1679,-5.0544,4.7112,2.5319,4.5176,0.4106,0.0605,8.5627
-0.3622,1.0772,0.3495,-1.1007,1.0061,1.1751,2.3912,-1.5149,-3.8045,4.4436,1.4528,4.1486,1.4922,1.6744,7.9798
0.059,0.4262,-0.7003,-0.8069,0.5332,0.8157,2.1152,-3.0515,-2.5722,4.2244,0.5486,3.3506,2.8663,3.5054,7.1994
-0.3142,-0.118,-2.2241,-0.3164,-0.2553,1.1802,1.8681,-5.2619,-2.5662,4.2437,0.2231,2.468,2.9323,5.0586,5.8147
-0.9491,-0.2883,-4.7828,-0.4494,-1.0029,1.0923,1.5542,-6.721,-2.8545,4.0379,-1.0746,1.6133,3.6098,6.4781,5.0853
-0.5665,-1.423,-6.6641,0.2979,-2.1003,1.3952,1.0842,-7.8843,-0.3906,2.5315,-1.9974,0.6746,3.8184,8.2779,4.1367
-0.1105,-2.3044,-7.6836,0.9295,-3.0919,1.1843,0.5642,-8.6306,1.4417,1.6043,-3.5784,-0.2979,4.2861,8.6258,2.348
0.513,-2.641,-8.1345,1.1404,-3.749,0.9546,-0.0834,-8.9459,3.4916,0.7774,-4.5973,-1.994,3.9811,9.4494,0.456
0.4597,-2.9842,-8.3454,1.5206,-4.2646,0.9429,-0.741,-8.5517,4.707,-0.3496,-4.7867,-3.7331,3.7677,9.6837,-1.7356
0.7469,-3.4899,-6.9014,1.6741,-4.2625,0.7278,-1.0073,-8.8705,5.4382,-1.7808,-4.7628,-4.8761,3.7395,8.9196,-3.3422
0.7352,-3.536,-7.0606,2.1209,-4.0041,0.5331,-1.601,-8.3011,4.9649,-2.534,-4.4143,-5.6918,3.531,8.2267,-4.7444
0.8279,-2.9758,-7.1924,2.1351,-3.6078,0.2658,-1.7375,-7.9174,4.6502,-2.8007,-4.0001,-5.5653,2.9176,7.8236,-5.4702
0.8103,-2.7574,-6.8948,2.0699,-3.5618,0.0972,-1.7714,-7.0954,5.1832,-3.1273,-3.8974,-5.4597,2.3487,7.3007,-6.791
0.8594,-3.0259,-6.4729,2.0289,-3.6059,-0.1436,-1.9561,-6.5944,4.6686,-3.8677,-3.8163,-5.8161,2.1629,6.1563,-7.0893
0.9156,-2.6257,-5.7709,1.7206,-2.8784,-0.4499,-2.0887,-5.3733,5.346,-3.8787,-3.3089,-5.543,1.363,5.2255,-7.3643
0.8867,-2.9588,-4.835,1.6894,-2.8452,-0.4004,-1.4711,-4.7034,4.9528,-3.8431,-3.0936,-5.2156,0.6464,3.8785,-6.2515
0.7663,-2.5808,-4.0099,1.4167,-2.6793,-0.4809,-1.6457,-3.5793,5.6141,-3.7394,-3.0857,-4.8949,0.2336,2.1024,-6.3159
1.2337,-2.4523,-2.6257,1.6521,-2.3584,-0.9789,-1.3582,-1.7905,4.9001,-4.1832,-2.4866,-4.5906,-0.4424,1.1098,-6.8494
0.5873,-2.4835,-1.7505,1.4618,-1.6408,-0.6536,-1.4317,-0.469,3.8571,-3.6017,-1.8031,-4.3589,-0.7245,-0.4528,-6.1133
0.5967,-2.1264,-0.696,1.1856,-1.1321,-0.909,-1.457,1.0558,3.1668,-3.6015,-1.2092,-3.9949,-1.6496,-1.7443,-4.5521
1.1164,-1.8824,1.2799,0.9291,-0.6381,-1.0497,-1.298,3.4576,3.6431,-3.1067,-0.8795,-3.5999,-2.0455,-2.3485,-4.6025
0.936,-1.2909,3.8339,0.8005,0.0395,-0.8898,-0.8274,4.652,2.3074,-2.7494,0.1778,-3.1444,-2.8023,-4.4876,-4.2635
0.5387,-0.6096,5.7492,0.7107,1.2772,-0.7362,-0.8469,5.9194,2.1258,-2.2416,2.1823,-1.9489,-3.3033,-5.8833,-2.8878
0.9121,1.3138,6.5982,0.2125,2.5764,-1.022,-0.2686,6.6706,0.3414,-1.4654,3.5233,-0.6958,-3.9409,-7.4772,-1.4836
0.6417,1.9838,7.8622,-0.4754,3.44,-0.7793,0.4852,7.1158,-2.0729,-0.1231,4.2527,0.8466,-4.2087,-9.1027,0.1127
0.6234,2.2432,8.1349,-0.9987,3.5697,-0.8237,1.1977,7.9469,-3.5699,0.93,3.9625,2.1854,-4.2568,-9.2303,1.9066
0.2382,2.1568,8.2695,-0.9993,3.6463,-0.7374,1.6315,8.6565,-3.5053,1.4609,4.9203,3.1114,-4.1994,-8.8437,3.7302
0.231,3.0436,8.069,-1.1452,3.4724,-0.0366,2.2425,7.8458,-5.0468,2.4479,5.0387,4.3075,-3.5164,-8.6984,5.8933
0.1804,2.558,7.7819,-1.2157,3.5506,0.286,2.5987,6.8635,-5.5191,3.1807,4.5997,4.8557,-2.9776,-7.7851,7.0622
-0.2035,2.4208,6.9967,-1.3355,3.3956,0.2443,2.5344,6.13,-5.7922,4.2211,4.5791,4.8212,-2.3414,-6.2649,7.9928
-0.2823,2.9178,6.225,-1.4285,3.2215,0.9581,2.8534,5.3293,-6.1525,4.9437,4.0289,5.078,-2.1564,-5.0101,8.5726
-0.0661,2.0715,5.6309,-1.5562,2.6391,1.0019,2.9853,3.6274,-5.6386,4.4851,3.365,5.0843,-1.4349,-3.6305,8.9773
-0.2317,2.003,3.1492,-1.5009,2.3899,0.9767,3.3315,2.2647,-5.1932,5.3305,2.8209,4.6104,-0.6962,-2.2606,8.8304
-0.2991,1.5004,2.2187,-1.1828,1.4885,0.7544,3.0963,1.0894,-4.4451,5.0194,2.0566,4.4514,0.0778,-0.6318,8.7765
-0.218,0.9133,0.8445,-0.7949,1.0254,0.8433,2.8649,-0.1194,-3.6945,4.594,1.0804,3.5508,1.1389,0.8109,8.4439
0.3172,-0.508,0.0972,-0.3753,0.4173,0.9039,2.6313,-1.9219,-2.9257,4.3462,0.6501,2.7903,2.1138,2.177,7.7002
-0.0163,-0.5271,-1.2652,-0.176,-0.1096,1.2193,2.444,-4.2659,-2.7654,4.8988,0.1041,2.2663,2.4822,3.7276,7.1586
0.2557,-1.2511,-2.9817,0.5276,-0.9426,1.2305,2.0176,-6.2135,-1.999,4.689,-0.5134,1.605,2.691,5.849,6.6068
-0.2085,-1.7125,-5.1122,0.5589,-2.0792,1.4021,1.8952,-7.589,-0.9447,4.4643,-1.9914,0.7346,3.4379,8.2269,5.7244
-0.1057,-2.5759,-6.9221,1.0623,-2.7547,1.8929,1.2568,-9.7108,0.2204,3.0933,-3.3483,-0.2566,4.3207,9.2835,4.1638
0.0685,-3.2892,-8.6637,1.5865,-3.5929,1.3442,0.8739,-10.3033,2.5089,2.2547,-4.2925,-1.9704,4.2914,10.5457,2.4548
0.1735,-3.7293,-9.3527,1.8928,-4.3324,1.3214,0.3609,-10.9007,4.1043,1.2506,-5.3587,-3.5099,4.5873,11.1514,0.6164
0.3557,-3.8135,-9.4925,2.2466,-4.7862,1.0777,-0.4683,-10.989,5.5537,0.0493,-5.7848,-4.9559,4.3161,11.2181,-1.8173
0.2763,-4.6127,-9.9744,2.4897,-4.9966,1.2314,-1.3394,-10.7856,6.0034,-1.3606,-5.7619,-6.0571,3.9662,10.4013,-4.1125
0.5456,-4.8677,-9.8678,2.7766,-4.884,1.1197,-1.8647,-9.9722,7.1232,-3.018,-6.0735,-6.3231,3.4732,9.4389,-5.8328
0.6474,-4.6607,-9.4358,2.7547,-4.8508,0.5951,-2.2642,-8.2994,7.2646,-3.5484,-6.113,-7.2012,2.8094,7.9406,-7.3722
0.621,-4.5923,-7.7998,2.7397,-4.7004,0.6024,-2.5796,-6.8263,7.973,-4.61,-5.697,-7.3976,2.0183,6.587,-8.4378
0.7267,-4.2338,-6.4032,2.6551,-4.1222,0.4448,-2.34,-5.4696,7.4115,-5.4217,-4.4847,-7.4628,1.0651,4.9113,-9.1593
0.8023,-3.5652,-4.9104,2.5254,-3.5228,0.5825,-2.0757,-4.2061,6.819,-5.5521,-4.2446,-6.8216,0.2617,3.0326,-9.1211
0.7052,-3.5125,-4.0196,2.4471,-2.8932,0.8478,-2.0159,-2.0556,6.1684,-5.4269,-3.7814,-6.5004,-0.5145,1.4462,-9.2824
1.0358,-3.3059,-2.3548,2.512,-2.5855,0.5578,-1.8341,-0.3221,5.6757,-5.3132,-2.4435,-6.1079,-1.3454,-0.4018,-8.482
1.3708,-2.6115,-0.3306,1.9325,-1.9221,0.0679,-1.6751,1.4368,4.7659,-5.0141,-1.3113,-5.2038,-2.4439,-2.3021,-7.6127
1.3244,-2.0504,1.3248,1.7733,-1.1027,0.0283,-1.9203,3.3656,3.6253,-4.3506,-0.0431,-4.1004,-3.734,-4.238,-6.5579
1.1727,-0.9995,3.2741,1.4852,-0.1921,-0.1722,-1.4722,5.1072,2.7427,-3.8424,0.8871,-3.0669,-4.3631,-5.9541,-5.5741
-1.1821,0.2063,4.0253,0.7587,0.7384,0.7347,-1.2088,5.9604,1.2046,-4.019,1.948,-1.9009,-4.6402,-7.6329,-4.5092
0.0494,0.3543,5.33,0.6402,1.7336,1.0018,-0.5751,6.8225,0.2598,-4.0375,2.8139,-0.5238,-4.7762,-8.5642,-3.6309
0.3495,0.9412,5.6913,0.1849,2.772,0.9402,-0.1104,7.5151,-0.9309,-2.4808,3.2932,1.1881,-4.4851,-9.42,-2.4527
0.5633,1.0904,6.3699,-0.2229,3.1699,1.2987,0.7291,7.5411,-2.6362,-0.8265,3.7106,2.4934,-5.178,-10.0223,-0.6857
0.6756,1.102,7.056,-0.2477,3.1185,0.6113,1.6056,8.1507,-3.112,0.6401,4.0035,3.3805,-4.6338,-9.3891,1.4661
0.8832,1.6688,7.5833,-0.5281,3.0998,0.7056,2.355,7.9384,-3.833,1.9976,4.3297,4.0752,-4.3434,-8.849,4.0932
0.4742,2.6485,7.5915,-0.8691,3.293,1.1177,2.5,7.1366,-5.0812,3.3241,4.1394,4.5194,-3.8418,-8.3323,5.6139
0.7668,2.0495,8.1412,-0.9101,3.2959,1.1539,2.6413,6.7405,-4.9409,3.7644,4.6018,4.8174,-3.2779,-6.8699,7.378
0.6065,2.4295,7.154,-0.9395,3.1968,1.0563,2.8899,4.9118,-5.881,5.1678,3.941,5.3371,-2.37,-5.1716,8.6087
0.0574,2.0874,5.2305,-0.3183,2.7727,1.0787,3.0253,3.1122,-5.995,5.6064,4.0792,4.7763,-1.741,-3.4765,9.2846
0.3309,1.9363,3.3097,-0.442,2.2286,1.232,3.1406,1.4131,-5.4358,5.8727,3.1788,4.6158,-0.9049,-1.7266,9.937
0.4471,1.1607,2.0989,-0.2967,1.4493,0.661,3.0986,-0.204,-3.8596,5.8397,1.8081,4.3955,-0.035,0.0628,9.4612
0.2336,0.7079,1.0799,-0.0165,0.7568,0.6512,2.6492,-1.479,-3.1524,5.6084,0.8885,4.1644,0.8409,1.6154,8.8173
0.003,0.0913,-0.767,0.1288,0.2037,0.9338,2.4057,-3.3783,-2.7505,5.388,0.4215,3.2935,1.5266,3.7841,8.0083
0.2144,-0.5623,-2.423,0.2888,-0.4675,0.9773,2.0324,-5.6236,-2.7695,4.9415,-0.1984,2.6515,2.2296,5.2983,6.9851
0.3319,-1.1025,-4.4934,0.6227,-1.3659,1.1092,1.6853,-7.4638,-1.2119,4.6324,-1.398,1.7141,3.0831,7.8731,6.4726
0.2512,-1.6351,-7.0025,0.8928,-2.4374,0.9697,1.3678,-9.1288,0.147,4.1158,-3.1343,0.8097,3.5845,9.1177,5.0667
-0.1169,-2.6717,-8.8975,1.1627,-3.6701,0.5267,1.0599,-9.8604,2.216,3.2085,-4.5193,-0.7214,4.0498,10.5369,3.4683
-0.1606,-3.877,-10.2133,1.8533,-4.721,0.5035,0.4039,-10.0003,4.0464,1.6497,-5.6367,-2.6277,4.0445,11.3025,0.6729
-0.2341,-4.7224,-9.6253,2.3133,-5.4225,0.714,-0.4654,-11.1537,5.8277,-0.1553,-5.5372,-4.3802,3.6505,11.0225,-1.5352
-0.1957,-4.9073,-10.0249,2.8628,-5.1369,0.9108,-1.6402,-10.7557,6.3293,-1.8436,-5.8032,-4.9283,3.6053,10.8484,-3.531
0.157,-4.9815,-10.1319,3.1684,-4.7651,0.9128,-2.0227,-10.5721,6.5222,-2.6136,-6.3919,-5.671,3.0433,9.9776,-5.5114
0.3713,-4.9191,-9.9671,3.4352,-4.8593,1.0932,-2.5432,-9.5562,7.0476,-2.7532,-5.8777,-6.5912,2.185,8.8665,-6.6646
0.4787,-4.5293,-9.361,3.3184,-4.6622,0.6736,-2.8207,-8.4042,7.5114,-3.8286,-6.108,-7.0164,0.9905,7.5862,-7.731
0.7272,-4.527,-7.7362,3.1221,-4.4009,0.8304,-2.786,-6.9451,7.9366,-4.7766,-5.6132,-7.254,0.6802,6.4145,-8.6749
0.9169,-4.1674,-6.3795,3.0977,-4.2145,0.5422,-2.8526,-5.6232,7.3328,-5.4327,-4.6986,-7.155,0.1307,4.7525,-9.3461
0.6715,-4.4186,-4.9282,2.9366,-3.7214,0.5255,-2.6705,-3.9003,7.014,-5.8937,-4.1242,-6.6451,-0.1237,3.4397,-9.3219
0.3267,-3.6598,-4.0343,2.8307,-2.8785,0.4005,-2.528,-2.4777,6.1936,-5.4846,-3.5888,-5.8906,-1.3721,1.7341,-9.4922
0.5337,-3.3661,-2.5606,2.48,-2.3086,0.5616,-2.2513,-1.1058,5.4641,-5.5594,-2.4265,-5.434,-2.2257,-0.0879,-8.9948
0.5479,-2.8164,-1.5443,2.2567,-1.6753,0.4618,-1.9473,0.2299,4.3092,-5.0903,-1.6932,-4.6028,-3.1008,-1.848,-8.2509
0.6857,-2.0236,-0.1362,2.0416,-1.0344,0.0287,-1.8662,2.6427,4.2581,-4.5999,-1.0261,-3.7479,-3.5341,-3.3958,-7.4662
0.5566,-1.8889,1.4788,1.9519,-0.5531,-0.4287,-1.5549,4.0087,3.2138,-4.6755,-0.1479,-2.7491,-3.7408,-5.3343,-6.8694
0.7996,-1.3545,3.7102,1.7786,0.4004,-0.7925,-1.0022,5.7255,2.1891,-4.1291,1.3798,-2.1029,-4.7511,-6.7468,-5.5625
0.5892,-0.0979,5.4266,0.8262,1.5267,-0.5013,-0.6955,6.7837,-0.0517,-2.8132,2.5524,-1.1759,-4.8235,-8.2898,-3.7402
0.119,0.8557,6.2935,0.2803,2.4432,-0.1293,-0.2046,7.4407,-1.1835,-1.7688,2.9713,0.3525,-5.2627,-8.888,-2.2651
0.2684,1.2173,7.0584,0.0546,2.9421,-0.1043,0.2714,8.0846,-2.8714,-1.0371,3.5475,1.5434,-5.472,-9.3956,-0.74
0.1998,1.4471,7.495,-0.1973,3.179,0.1436,0.6804,8.0687,-3.8942,-0.0715,3.9783,2.8602,-5.3931,-9.4116,0.7572
0.248,1.6442,7.4103,-0.4579,3.3435,0.2319,1.3918,8.1539,-4.4179,1.1562,4.0991,3.7259,-5.111,-9.0597,2.8437
0.426,1.5657,7.3583,-0.4354,3.373,-0.1686,2.0216,8.0802,-4.8644,2.527,4.379,4.1141,-4.8882,-8.617,4.792
0.1494,1.7213,7.0887,-0.6224,3.3144,-0.0148,2.4559,7.3443,-5.2336,3.3721,3.6969,4.6603,-3.7702,-7.7866,5.8392
0.231,1.7591,6.9286,-0.8938,2.8169,0.2317,3.1948,6.1959,-5.4847,4.0804,3.6822,4.7689,-3.7217,-6.736,6.966
0.2322,1.8526,6.016,-0.9573,3.6324,0.2942,3.3697,5.3324,-5.5189,5.1278,3.1852,4.7139,-2.497,-5.243,7.998
0.1152,1.7375,4.531,-0.8379,2.949,0.4909,3.4724,3.8159,-5.9281,6.1747,2.7487,4.443,-2.2743,-4.1349,8.7611
0.0204,0.8348,3.4548,-0.3062,1.8696,0.4406,3.5447,2.7189,-5.2642,6.1067,2.2626,4.2709,-0.6349,-2.7046,9.1032
0.464,0.253,2.3579,-0.3934,0.9608,0.302,3.481,0.8399,-4.7066,5.8659,1.781,3.972,0.1954,-1.373,9.0481
0.0914,0.6535,1.0897,-0.1943,0.6737,0.5314,3.1505,-0.8068,-3.7737,5.9432,0.963,3.128,1.0827,-0.0913,8.9742
0.1521,-0.0089,-0.3654,-0.5996,0.0973,0.6969,3.0076,-2.3656,-2.626,5.2086,0.5558,2.6085,1.9006,1.6556,8.4859
0.1068,-0.4975,-1.5615,0.0591,-0.5532,0.6617,2.7626,-4.7842,-2.4358,5.0576,-0.547,2.4067,2.9471,3.9204,7.8724
0.059,-0.7187,-4.0788,0.1423,-1.3654,1.3708,2.3443,-6.8732,-1.7768,5.1111,-1.765,1.3569,3.3735,5.8924,6.9642
0.2929,-1.9751,-6.0467,0.6388,-2.584,1.1572,1.9477,-8.2841,-0.3775,4.0702,-3.253,0.4975,3.8929,7.7283,5.1765
0.2636,-3.0038,-7.8547,1.1299,-3.6677,0.9079,1.7412,-9.3004,0.6168,3.1018,-5.1296,-0.6725,4.0724,9.4043,3.2887
0.1283,-3.7161,-8.8244,1.4828,-4.3704,1.0845,1.0953,-9.7527,2.3984,1.8788,-5.8273,-2.7933,4.5304,10.5646,1.2537
0.3487,-4.0962,-10.6906,2.129,-4.7822,0.9395,0.2634,-10.234,4.1892,0.5367,-6.735,-4.3085,4.2855,10.799,-0.7588
0.37,-5.0721,-10.568,2.687,-5.1328,1.14,-0.8651,-10.2933,5.7094,-1.0004,-7.0532,-6.0246,4.1032,10.5533,-3.0393
-0.4657,-5.5544,-10.9775,2.8956,-5.1289,1.226,-1.6141,-9.796,6.8695,-2.6093,-7.2248,-6.8038,3.4564,9.7183,-5.2184
0.1499,-5.9437,-10.2565,3.5638,-5.0406,1.0366,-1.9878,-9.186,7.4434,-4.0373,-6.811,-7.629,2.9972,8.3952,-7.0349
0.5571,-5.431,-9.1587,3.4681,-4.6042,0.95,-2.3211,-7.9635,6.9993,-4.4411,-6.0749,-7.6632,2.3698,6.6095,-8.5141
0.8466,-4.9579,-8.1199,3.3434,-4.0371,0.4033,-2.5846,-6.0534,7.1649,-5.0801,-5.9308,-7.4324,1.3005,5.078,-9.0767
1.229,-4.8385,-6.2638,3.3961,-3.653,0.0377,-2.446,-4.4054,6.573,-5.3628,-5.058,-7.0821,0.1079,3.2186,-9.384
0.7544,-4.0063,-5.2109,2.9695,-3.0426,-0.021,-2.2573,-2.3414,6.4762,-5.2341,-4.1786,-6.7983,-0.7733,1.5813,-9.7158
0.9441,-3.8626,-2.8347,2.799,-2.3955,-0.2086,-1.8866,-0.7625,5.6444,-5.7887,-3.416,-5.887,-1.6463,-0.2952,-9.385
0.9706,-2.9895,-1.1324,2.6033,-1.7213,-0.7372,-1.5024,1.1355,4.8812,-5.7943,-2.3309,-5.6671,-2.4987,-2.2941,-8.8505
1.1424,-2.3015,0.8486,2.3219,-0.6102,-0.5612,-1.498,3.769,3.8494,-5.4094,-1.161,-4.6072,-3.7249,-4.7355,-8.0255
0.7972,-1.672,3.4384,1.8927,0.3789,-0.7834,-1.0209,6.1387,3.0834,-4.73,-0.093,-3.7261,-4.6776,-6.9241,-6.5431
0.8146,-1.1328,5.5522,1.7597,1.3644,-1.2934,-0.3299,8.2238,1.2267,-4.1947,1.8993,-2.3995,-4.7562,-8.954,-4.7194
0.7781,0.3717,7.0419,1.1466,2.7757,-1.291,0.0347,9.1635,-0.5281,-2.7771,3.1417,-0.7226,-5.3886,-10.6246,-2.3128
0.6499,1.5961,8.3741,0.6627,3.4567,-0.9922,0.7387,9.9556,-2.8762,-1.2458,4.2503,1.009,-5.6526,-11.6727,-0.5225
0.4909,2.2206,9.1407,0.2017,4.1497,-0.9596,1.7085,10.6786,-4.0277,-0.4422,4.7842,2.8589,-5.8666,-11.8422,1.6988
0.3409,2.5469,9.5057,-0.3777,4.2819,-0.8794,2.6212,10.2279,-5.3021,0.854,5.106,3.8299,-5.5767,-11.9958,4.5108
0.4442,2.7619,9.8097,-0.7186,4.5341,-0.6477,3.1815,9.4314,-6.3888,2.6841,5.3607,4.9492,-4.7626,-11.1282,6.5823
0.2676,2.8859,8.8816,-0.9583,4.3648,-0.2793,3.5274,8.3582,-7.0098,4.2455,4.8835,6.038,-4.0591,-9.7084,8.2866
-0.1608,2.9195,7.3019,-1.1214,4.2537,-0.2532,3.6527,7.8957,-7.03,5.309,4.3634,6.0621,-3.0799,-7.9807,9.4473
-0.352,2.7007,6.6138,-1.0294,3.7768,0.207,3.8406,5.7487,-7.2738,5.757,3.67,5.9186,-2.5015,-6.8654,10.6549
-0.5335,2.238,4.9675,-0.9903,2.9546,0.6159,3.9891,4.33,-6.653,5.8581,2.6021,5.5414,-1.7566,-5.1687,10.5582
-0.4114,1.2126,3.6741,-0.6233,2.2502,1.0231,3.6369,2.765,-5.6713,5.6943,2.0167,4.6889,-1.1764,-3.3556,10.2558
-0.3032,0.7225,2.1092,-0.5424,1.7509,1.4441,2.3952,0.7952,-4.8037,5.4771,1.342,4.0468,-0.2129,-1.639,10.1619
0.0141,0.3064,0.629,-0.2126,1.0778,1.5203,2.4996,-0.5476,-3.9348,5.3862,0.3298,3.4695,0.5111,-0.5437,9.2079
0.1859,-0.1397,-0.2703,-0.3259,0.1798,1.2524,2.5406,-2.1347,-3.1796,5.0599,-0.3205,2.6001,1.4098,1.4768,8.2332
0.2807,-0.6046,-1.5324,-0.0173,-0.5778,1.353,2.405,-4.1144,-2.8706,4.4401,-0.8267,1.9091,1.5119,3.3511,7.2715
0.0533,-1.2675,-4.0634,0.1469,-1.2569,0.91,2.2279,-5.4832,-2.2339,4.1766,-2.0042,1.1874,2.0523,5.4598,6.3898
0.2612,-2.0911,-5.9589,0.5527,-2.2711,1.0282,1.8969,-7.1914,-1.0889,3.4717,-3.3603,0.2681,3.1296,7.386,5.2396
-0.4265,-2.7612,-7.3333,0.8862,-2.8214,2.0283,1.4643,-8.6619,0.7513,2.4978,-4.6141,-1.0967,3.6389,8.7867,3.1865
0.2631,-3.9479,-8.4631,1.6647,-3.5305,1.9115,1.0532,-9.567,2.2362,1.3326,-5.4417,-2.7379,3.9717,9.7916,1.1417
0.4073,-4.2189,-9.1629,2.0111,-3.9236,1.3777,0.4352,-10.4281,3.6957,1.0854,-6.2366,-4.2805,3.7466,10.1985,-0.5322
0.6956,-4.7608,-9.8925,2.3996,-4.8417,1.1351,0.1335,-10.7224,4.5234,-0.086,-6.5123,-5.4335,3.795,9.8169,-2.6388
1.1528,-5.0779,-9.8798,2.7981,-5.1835,0.8211,-0.6391,-9.5673,6.299,-1.5215,-6.7095,-6.1641,3.5812,9.733,-3.9046
1.0257,-4.6939,-9.3486,2.7163,-4.9509,0.6862,-1.3011,-9.047,6.5464,-2.7694,-6.9902,-6.9953,3.7542,8.9219,-5.2816
1.0229,-4.2232,-8.5811,2.5512,-4.8195,0.4002,-1.8384,-8.0833,6.7415,-3.7866,-7.028,-7.5477,2.6928,7.8613,-7.0026
0.258,-4.472,-8.3821,2.6798,-4.302,0.2562,-2.2258,-6.785,6.6754,-4.9428,-6.5951,-7.8552,1.6873,5.9414,-8.5662
0.49,-4.9244,-6.8913,2.9656,-3.98,0.5283,-2.2813,-5.4008,7.0967,-5.8068,-5.7777,-7.9241,0.8757,4.2608,-9.1679
0.6564,-4.5656,-5.8174,3.0416,-3.3285,0.6559,-2.2681,-3.5156,6.4397,-5.7239,-5.0911,-7.4466,-0.1025,2.401,-9.1181
1.3053,-3.9514,-4.1174,2.9902,-2.7382,0.3558,-2.179,-1.941,5.8019,-5.8164,-4.712,-6.5556,-0.5525,0.9212,-9.1659
0.997,-3.1194,-2.6746,2.6607,-1.7696,0.1834,-1.9772,-0.3004,4.7065,-5.006,-3.5178,-6.3115,-1.59,-0.8218,-8.5
1.2855,-2.8644,-1.1988,2.4928,-1.3476,-0.093,-1.7468,1.2561,3.9407,-4.741,-2.2378,-5.3608,-2.6085,-2.7556,-7.5438
1.5738,-1.7115,0.5155,1.8952,-0.9168,-0.6111,-1.5572,3.6122,3.3374,-4.3444,-1.4521,-4.5397,-3.5709,-4.5817,-6.034
1.4747,-1.3238,3.4325,1.7041,-0.5221,-0.6946,-1.1117,4.438,2.103,-4.2606,0.1041,-3.4151,-4.0779,-6.1079,-4.8219
1.2975,-0.2526,4.6337,1.1503,0.9358,-0.7344,-0.8566,6.5854,0.5519,-3.3711,1.3605,-2.2614,-4.776,-6.8594,-3.1813
1.3108,0.7382,6.4279,0.6304,1.9225,-0.5075,-0.4124,7.2546,-0.8656,-2.2246,2.1826,-0.8261,-5.0676,-8.0616,-1.64
1.4402,0.9904,6.7147,0.237,2.7614,-0.4327,0.178,7.2796,-2.8138,-0.9306,2.8993,0.7073,-5.0453,-8.955,0.0889
1.1809,1.2277,6.7609,-0.0794,3.2302,-0.6181,0.7813,7.9187,-3.3368,0.4736,3.396,2.307,-4.7133,-8.6553,2.3777
0.6147,1.8713,6.6038,-0.9392,3.3256,-0.4035,1.5668,7.4262,-4.3744,1.922,4.0357,2.9422,-4.6041,-8.5982,4.6229
0.8685,2.1089,6.483,-1.3219,2.9516,-0.774,2.0807,7.1747,-4.8965,2.83,3.0557,3.5445,-4.6874,-7.5645,5.9122
0.1167,1.6274,5.2676,-1.0127,2.8224,-0.031,2.4424,7.1169,-4.7856,3.2728,2.8331,3.8341,-3.8974,-6.653,6.5677
-0.1372,1.2941,5.1153,-0.5026,2.3975,0.2899,2.6948,6.1684,-4.9176,3.4114,2.6655,4.1042,-3.2169,-5.9266,7.3248
0.137,1.5908,4.7909,-0.5127,1.8803,0.575,3.2902,4.8226,-5.2439,3.6291,2.6014,4.2334,-1.9007,-5.1355,7.684
-0.0159,1.5337,3.7533,-0.8337,1.8067,1.0526,3.0365,3.3901,-5.1843,3.9328,1.8887,4.3623,-1.1071,-3.6947,8.1401
-0.0081,0.7382,2.1057,-0.7052,1.4134,1.1956,2.6859,1.8305,-5.2827,3.9634,1.4168,3.7901,-0.1383,-2.3216,7.7847
-0.1453,0.3208,0.9248,-0.7371,0.8569,0.6105,2.6169,0.5586,-4.2771,4.184,0.5193,3.4295,0.1883,-0.8853,7.4457
0.2042,0.2982,-0.0208,-0.7451,0.3283,0.6375,2.3974,-0.7448,-3.4328,3.9891,0.0223,1.7576,0.9104,0.6445,7.2262
-0.0839,-0.0868,-1.4631,-0.4969,-0.2271,0.7134,2.5584,-2.3448,-2.5343,3.5238,-0.7249,1.7872,1.8747,2.3032,6.6856
-0.1969,-0.78,-2.8337,-0.0957,-0.652,0.4933,2.3091,-4.2651,-1.4898,3.0464,-1.4503,1.3928,2.5472,3.9268,6.223
0.0287,-1.4598,-4.8387,0.3959,-1.2804,0.8683,2.0345,-5.8996,-0.8403,2.8913,-2.9215,0.6621,2.9477,5.3972,5.2933
0.3241,-2.3349,-5.81,0.5743,-2.0007,1.2121,1.6863,-6.9277,0.4191,2.7945,-3.9714,-0.2785,3.2212,7.0075,3.8426
0.7686,-3.4573,-6.8198,1.0825,-2.7787,0.9118,1.2042,-7.6952,1.7808,2.3203,-4.5499,-1.1798,3.2304,8.1369,3.0886
0.9921,-3.3179,-7.0312,1.5661,-3.1608,0.6931,0.6723,-8.5573,2.1749,2.167,-5.0936,-2.7119,3.6711,8.8522,2.1597
0.7911,-3.3328,-7.8879,1.9798,-3.6284,0.5251,0.4218,-8.6208,3.3571,1.6843,-4.9582,-3.7702,3.6614,9.1983,1.5764
0.7946,-3.7532,-8.1019,2.4835,-4.2463,0.1401,-0.1836,-8.5372,4.118,0.7814,-5.1215,-4.5297,3.661,9.8137,0.0692
1.0067,-3.4349,-8.2101,2.4257,-4.5764,0.0568,-0.9262,-9.0266,4.8996,-0.5888,-5.1316,-4.4663,3.442,9.644,-1.5378
1.1055,-3.5905,-8.5118,2.3491,-4.6236,0.1762,-1.1497,-9.7503,4.8531,-1.7472,-5.241,-5.2966,3.09,8.7115,-3.0837
1.0653,-4.0596,-9.2455,2.2979,-4.6823,-0.749,-1.7945,-8.5055,5.5622,-2.6896,-5.8388,-5.8046,3.6668,8.5343,-4.1585
1.1655,-3.9189,-8.6255,2.3061,-4.5685,-0.8725,-2.2311,-7.8945,6.5598,-3.6032,-5.9895,-6.1505,2.9318,7.935,-5.286
1.113,-4.603,-8.2264,2.3429,-4.3768,-0.8215,-2.6596,-6.8106,6.1525,-4.1763,-5.6173,-6.3878,2.0843,6.5181,-6.7375
1.8059,-4.2172,-7.0001,2.7257,-3.9945,-1.1152,-2.4681,-4.6902,6.747,-4.4668,-5.2767,-7.0125,0.6109,5.4143,-7.51
1.3733,-3.333,-5.5657,2.5572,-3.5816,-1.2073,-2.4211,-3.1622,6.2462,-5.2311,-4.3458,-6.8185,-0.1051,3.5882,-7.7125
1.2325,-3.0355,-4.0829,2.0165,-3.1024,-1.0648,-2.3117,-2.1896,5.7613,-5.6266,-3.8307,-6.1223,-0.8541,1.5041,-7.9374
2.1835,-2.8831,-1.6931,1.9899,-2.3424,-1.6447,-1.9805,-0.027,5.1187,-5.5301,-3.0166,-5.501,-1.9876,0.255,-7.0987
1.5519,-2.5238,-0.5133,1.8429,-1.6811,-1.8959,-1.6132,2.0975,3.9447,-4.7933,-1.998,-4.6431,-3.2487,-1.6475,-6.6454
1.3437,-2.4668,1.6791,1.4492,-1.127,-1.624,-1.126,4.2763,3.0886,-4.8399,-0.9661,-3.6129,-3.8138,-3.3984,-5.5203
1.4624,-1.5093,4.0886,1.1532,-0.1812,-1.7473,-0.8551,5.8459,2.3972,-4.2755,0.4658,-2.7393,-4.3897,-5.3268,-4.2612
1.7342,-0.2328,5.7232,0.7754,0.9294,-1.8208,-0.3953,7.0327,0.3968,-3.1506,1.9469,-1.4214,-4.7222,-6.8869,-2.3123
1.4972,1.0831,6.7838,0.173,2.0344,-1.6951,-0.0519,8.0644,-1.2522,-1.8696,3.3772,-0.3736,-4.4021,-8.082,-0.3447
1.195,1.9994,7.3498,-0.4351,2.7107,-1.6364,0.4739,8.0568,-3.3035,-0.6875,3.985,1.7559,-4.9581,-8.5075,1.524
0.8451,2.4285,6.9533,-0.8024,3.29,-1.3901,1.3761,8.1377,-4.4584,0.6137,4.4115,3.7035,-4.4966,-8.5739,3.6825
0.4981,2.5035,6.7517,-1.1144,3.3568,-0.7266,2.2441,7.377,-5.006,1.8521,3.9725,4.5551,-4.0418,-8.1792,5.5399
0.5938,1.671,6.1883,-1.1012,3.0796,-0.5391,2.7345,6.7008,-4.7895,2.7789,3.2654,5.0973,-3.3761,-6.8971,6.8515
0.4113,1.8766,5.8515,-1.1946,2.6857,-0.59,2.9857,5.8752,-5.3158,3.8724,3.1009,5.4435,-2.5125,-5.9609,8.2483
0.1852,1.8273,5.3741,-1.175,2.4264,-0.1846,3.1816,4.992,-5.1595,4.3256,2.6704,5.1702,-1.9484,-4.8109,9.1355
-0.1035,1.1109,4.0914,-1.1063,1.7505,0.28,3.1721,3.3371,-5.2777,4.5713,2.0534,4.8614,-1.2824,-3.6152,9.4583
0.1642,0.7228,3.0136,-0.8394,1.2426,0.1777,3.1075,2.3012,-4.5108,4.6914,1.4063,4.3498,-0.9699,-1.3672,9.5822
-0.2474,0.9996,1.8789,-0.808,0.7735,0.4057,3.0851,1.2839,-4.1019,4.7783,1.022,3.6633,0.0151,-0.0387,9.3588
0.0029,0.3575,0.9212,-0.6518,0.3668,0.3878,2.8729,0.046,-3.5287,4.2506,0.9854,3.0461,0.9362,0.9108,9.1077
-0.398,0.3332,-0.6495,-0.759,-0.026,0.2367,2.7028,-1.694,-3.3133,3.9671,-0.2465,2.5501,1.4928,2.7909,7.4242
-0.1266,-0.1641,-1.9207,-0.4217,-0.4019,0.5674,2.3505,-4.0797,-2.6611,3.7035,-1.0925,2.1014,2.3977,4.3979,6.7995
0.0347,-0.7102,-4.2378,0.0489,-1.204,0.7289,2.1867,-5.5405,-1.4389,3.3394,-2.094,1.5792,3.1999,5.8679,6.1223
-0.1151,-1.879,-5.6832,0.3616,-2.4659,0.7909,2.4549,-6.8934,-0.4099,2.924,-3.5477,0.8065,3.4629,7.1835,4.8881
-0.5223,-2.8534,-7.1631,0.4445,-2.9662,1.0761,1.7191,-7.7619,1.0611,2.0099,-5.005,-0.4434,3.72,8.6497,3.2994
0.4193,-3.5922,-7.7678,1.1587,-3.9902,1.076,1.3462,-8.453,2.1636,1.0845,-5.979,-1.7365,3.7219,9.3012,1.7316
0.4494,-3.7751,-8.4497,1.3268,-4.5796,0.8449,0.7125,-8.4202,4.4355,0.1967,-5.9153,-3.649,4.0549,9.8277,0.4038
0.3858,-3.5871,-8.5361,1.8233,-4.8359,0.5427,0.1286,-8.7238,4.6381,-0.9124,-6.2635,-4.8522,3.919,9.403,-1.1081
0.4458,-4.2737,-8.5005,2.2794,-4.9065,0.2158,-0.5764,-8.3227,5.7366,-2.5785,-6.4254,-5.77,3.7063,8.8573,-3.1495
0.8034,-5.6728,-7.2713,2.7454,-4.7442,-0.1282,-1.1685,-7.6444,5.3943,-3.4924,-5.5626,-6.2888,3.051,7.4317,-4.7045
0.3221,-4.4978,-7.5879,2.6291,-4.4053,0.1682,-1.449,-6.869,5.5966,-2.9579,-5.2273,-6.3068,2.3161,7.2064,-5.0746
0.2526,-4.1981,-7.136,2.8271,-4.0859,-0.1273,-1.7771,-5.8326,6.0683,-3.8941,-4.8871,-6.4026,1.7933,6.3394,-6.2744
0.4156,-3.9976,-6.3876,2.5883,-3.8212,-0.0923,-1.7043,-4.8837,5.5169,-4.5114,-4.8511,-6.2326,1.0703,4.7795,-6.6115
0.4558,-3.5382,-5.227,2.3835,-3.4513,0.0113,-1.7159,-3.1564,6.2755,-5.2288,-4.5812,-5.8288,0.2182,3.3633,-6.7132
0.6873,-4.2598,-3.8312,2.3867,-3.3664,-0.4818,-1.7473,-1.6165,5.9625,-5.3899,-3.8629,-5.4473,-0.3408,1.6147,-7.3354
0.7453,-3.5814,-2.5036,2.1096,-2.7098,-0.5945,-1.6203,-0.0242,4.7108,-4.9888,-3.1918,-4.9977,-1.5323,-0.0115,-7.0212
0.5045,-2.7121,-0.9973,1.9884,-2.148,-0.3736,-1.3141,1.9457,4.3284,-4.8273,-2.1237,-4.3139,-2.2319,-1.6909,-6.5319
0.7248,-1.7306,0.9848,1.632,-1.3733,-0.5431,-0.8451,4.0647,3.3575,-4.9616,-1.5025,-3.3182,-3.3596,-3.2172,-6.3476
1.1003,-1.2542,3.5229,1.5937,-0.7182,-0.1639,-0.5005,5.7001,2.5195,-5.0284,-0.2076,-2.5437,-4.1025,-5.2688,-5.3942
0.6762,-0.2756,5.5283,1.2106,0.4578,-0.108,-0.2176,7.2088,0.6078,-4.2238,1.4367,-1.4452,-4.3633,-6.9673,-4.0025
0.466,1.1427,6.8718,0.9564,1.5796,0.0522,-0.2087,7.95,-1.2111,-3.2766,2.5826,-0.2934,-4.6289,-7.9642,-2.2632
0.1854,1.781,6.0479,0.3264,2.4172,0.0307,0.4638,8.1879,-3.0904,-2.1781,3.1277,1.4692,-4.7234,-9.4287,-0.6926
0.1435,1.7624,6.761,-0.0182,2.9028,0.1241,1.107,8.7739,-3.4634,-1.3127,3.6311,2.8404,-4.8912,-8.9112,0.7573
0.1237,1.9133,7.0534,-0.2755,3.2654,0.1397,1.9207,8.8606,-3.8408,-0.0101,3.8138,4.0716,-4.6886,-8.7007,2.7
0.3961,1.8604,7.5769,-0.4007,3.3779,0.2011,2.538,8.9276,-5.4717,1.8535,4.5692,4.3742,-4.1942,-8.3841,5.2906
-0.1749,2.1788,6.9614,-0.7378,3.1474,0.2714,3.0761,6.7818,-6.6159,3.2752,4.3191,5.507,-3.2442,-7.344,7.6191
-0.2036,2.4649,5.8351,-1.0448,2.781,0.4909,3.6055,5.6615,-6.5107,4.2388,3.8416,5.5947,-2.412,-5.4306,8.592
-0.4099,2.2964,4.8341,-0.6845,2.4924,0.5766,3.6277,4.0941,-6.4179,4.8561,2.7287,5.6031,-1.777,-3.4264,8.9865
-0.6723,1.5196,3.2029,-0.8124,1.7232,1.1206,3.6014,2.6108,-4.9894,4.7624,2.1122,4.9353,-0.9379,-1.8994,9.4815
-0.7216,0.7506,1.4229,-0.6146,1.0174,0.909,3.6963,0.8064,-4.9578,4.6926,1.39,4.3877,-0.1942,-0.3346,9.6054
-0.5496,0.8996,0.312,-0.6054,0.4379,0.9744,3.3051,-0.2646,-3.7005,4.4367,0.5856,3.4592,0.8454,1.5692,9.2997
-0.4623,0.3537,-0.3384,-0.1314,-0.1194,1.0081,2.9862,-2.1371,-3.0359,4.1577,-0.1653,2.8144,2.4617,3.0874,9.2587
-0.4644,-0.1993,-1.8152,-0.2376,-0.6943,1.2826,3.0065,-4.324,-2.8681,4.1053,-1.3789,2.2798,3.2275,4.9255,7.6761
-0.8567,-1.2562,-4.6788,0.1441,-1.2529,1.5414,2.6255,-6.33,-2.0104,4.1306,-2.3975,1.5456,4.2984,6.6867,6.7698
-0.415,-2.2458,-6.5475,0.8658,-2.5087,1.6003,2.2798,-8.0131,-0.3808,3.5874,-3.6367,0.7645,4.4634,8.6797,5.4287
-0.1854,-2.9055,-8.1542,1.3168,-3.6063,1.2236,1.7682,-8.8549,1.2795,2.7765,-4.7342,-0.2905,5.0967,10.4046,3.9542
-0.3541,-3.6198,-9.0303,1.3996,-4.5197,1.2663,1.0339,-10.2286,2.7008,1.6401,-5.7743,-2.0205,5.445,11.2969,1.978
-0.3975,-4.3285,-9.6113,1.8263,-4.929,1.1951,0.3759,-10.5196,4.2428,0.1273,-6.7126,-3.7842,5.1703,12.1569,-0.2473
-0.3241,-4.7749,-10.2963,2.6729,-5.1334,1.2134,-0.3879,-10.8858,5.1856,-0.8306,-6.6277,-5.4488,5.0646,12.1294,-2.0432
0.1281,-5.2775,-10.5307,2.9595,-5.2887,0.9939,-0.8972,-10.8644,6.0283,-1.8337,-7.0043,-6.4976,4.5946,11.5034,-3.722
0.2012,-4.9931,-10.4864,3.2425,-5.3935,0.7908,-1.3035,-9.9019,6.8301,-2.951,-6.7171,-7.4322,3.788,10.7449,-5.2865
0.2101,-4.977,-9.758,3.3222,-5.595,0.6094,-1.7129,-8.9625,6.7862,-4.1704,-6.6573,-7.3566,3.0814,9.8765,-7.0648
0.0954,-4.7132,-8.9791,3.2172,-5.3481,0.7836,-1.8899,-7.8107,7.1503,-5.4,-6.3827,-7.6992,2.0926,8.7202,-8.709
-0.2842,-4.1532,-8.4279,3.0157,-4.9022,0.7978,-1.8705,-6.5615,7.0171,-6.048,-6.3518,-7.6584,1.7162,7.4866,-9.4486
0.0512,-4.0258,-6.7496,2.6515,-4.2679,0.7583,-2.0695,-5.4267,7.2401,-6.7975,-5.9591,-7.2574,0.6703,5.0197,-10.1018
0.6505,-3.6093,-4.7011,2.7171,-3.415,0.3761,-1.9017,-3.2104,6.8173,-6.7089,-4.9864,-7.5033,-0.0902,3.6728,-10.2304
0.6686,-3.2429,-3.2124,2.6502,-2.6297,0.0042,-2.0261,-1.1759,6.0649,-6.2973,-3.7545,-6.6683,-1.3302,1.2745,-9.323
0.3209,-2.976,-1.8496,2.48,-2.1329,0.0927,-1.4997,0.7808,4.848,-5.8351,-3.2602,-6.068,-1.8628,-0.6928,-9.0118
0.4472,-2.6306,-0.3617,2.1981,-1.7215,-0.1025,-1.2323,3.1174,4.3798,-6.0069,-2.0795,-5.6155,-2.9811,-2.8229,-7.7933
0.9115,-1.827,2.3979,1.9563,-0.7104,-0.7214,-1.1946,5.7068,3.6745,-5.5613,-0.7617,-4.5717,-4.2686,-4.6958,-6.3533
0.7483,-0.6015,5.0618,1.4384,0.2,-0.7863,-0.8522,7.3351,2.086,-4.6543,0.8696,-3.3745,-4.7357,-6.6629,-4.9966
0.4524,0.985,7.1773,0.6832,1.572,-0.9976,-0.4113,8.3616,-0.2637,-3.8689,3.0032,-1.7914,-4.9773,-8.0669,-3.3559
0.3742,1.4658,7.8986,0.1678,2.7526,-0.8674,0.2253,9.1234,-2.0772,-3.0224,4.226,0.1667,-5.4153,-8.8464,-1.3202
0.111,1.7699,8.3525,-0.1928,3.6291,-0.4434,0.9402,9.0553,-4.0433,-1.3388,4.6274,2.5823,-5.1993,-9.2327,1.023
0.502,2.3483,8.4293,-0.8021,4.0898,-0.27,1.5688,8.8605,-5.5701,0.4438,4.74,3.8624,-5.1416,-8.9475,3.542
-0.0459,2.5483,7.7543,-1.2162,3.8484,-0.347,2.4827,8.6974,-5.722,2.3513,4.5327,4.6504,-4.8783,-7.9938,5.9543
-0.6444,2.5152,7.1434,-1.218,3.5967,-0.0596,3.0675,7.6881,-5.7978,3.3785,3.99,5.2496,-3.9448,-6.9365,8.0706
-0.569,1.8057,6.5424,-0.9444,2.9885,0.3258,3.6153,6.7026,-5.7675,3.9227,3.4145,5.159,-3.0192,-5.7842,8.6839
-0.6624,1.666,5.8464,-0.7236,2.4331,0.3516,3.7665,5.4093,-6.3166,4.4646,3.0421,4.6284,-2.2398,-4.5491,9.1659
-0.5956,1.9057,4.8489,-0.7323,2.2466,0.7737,3.565,4.3546,-5.8583,4.6083,2.8956,5.1001,-1.7574,-2.5058,9.4116
-0.6545,1.0597,3.1934,-0.7653,2.0293,1.0319,3.4329,2.2424,-5.9394,4.6167,2.3374,4.919,-0.9459,-1.1221,9.5659
-0.295,1.2678,2.2014,-0.3806,1.3601,1.6328,3.3033,1.098,-4.9394,4.818,1.538,4.3613,-0.6781,0.5925,9.3268
-0.3706,0.5079,0.7387,-0.5119,0.5638,1.631,3.0899,-0.5342,-4.4241,4.5506,0.4978,3.7495,0.2471,2.0473,8.7417
-0.4897,-0.245,-0.7412,-0.2644,-0.2177,1.8545,2.7697,-2.5778,-3.7082,4.2804,-0.7093,2.513,1.8809,4.1541,7.9227
-0.3498,-0.7825,-2.4844,0.0091,-0.9262,1.8932,2.4574,-4.5696,-2.8602,4.0251,-1.8811,1.5802,2.7335,6.0683,6.9234
-0.2131,-1.6968,-4.9306,0.3098,-1.8752,1.4922,2.3164,-5.9389,-1.4699,3.6442,-3.3492,0.6726,3.3047,7.5496,5.4347
-0.0045,-2.7157,-6.2637,0.6269,-2.8831,0.7751,1.8302,-6.4242,0.6488,2.6639,-4.0142,-0.3261,3.7286,9.324,4.2899
0.7053,-3.709,-6.5618,1.3078,-3.748,0.6023,1.4867,-7.6215,1.8876,1.6433,-4.9341,-1.6049,4.2159,9.82,2.5721
0.4979,-3.8026,-7.4966,1.8474,-4.3562,0.5577,0.8239,-8.4452,2.7493,1.298,-5.1306,-3.1951,4.4004,10.4241,1.6615
0.5478,-3.8127,-8.1802,2.1665,-4.5664,-0.0456,0.1529,-8.642,3.3579,0.6896,-5.8107,-4.3302,4.0942,10.8722,-0.1171
0.3559,-4.1093,-8.5159,2.6573,-4.9635,0.0405,-0.4967,-8.5554,4.6515,-0.5187,-5.8781,-5.3756,3.7027,10.8326,-2.0681
0.1253,-4.4582,-8.571,2.6609,-5.1698,-0.0773,-1.2504,-8.3439,5.263,-2.2131,-5.7638,-6.1891,3.3671,10.2147,-4.0453
0.2973,-4.2453,-8.4388,2.5913,-4.7927,-0.1481,-1.6217,-7.8539,5.4268,-3.3977,-6.0514,-6.7382,2.6101,9.5359,-5.9322
0.6285,-4.1697,-8.0958,2.8243,-4.4894,-0.5473,-1.7533,-7.217,5.9181,-4.4152,-5.5718,-6.9684,2.4421,8.5519,-5.6609
0.5663,-4.2098,-7.1631,2.5789,-4.0713,-0.6084,-1.8452,-5.9372,6.2827,-4.4391,-5.3932,-6.9872,1.8713,7.2,-6.8534
0.8732,-4.2005,-5.9662,2.8366,-3.6527,-0.7162,-2.0589,-4.6139,6.4864,-4.9111,-4.7614,-6.6024,1.3399,4.6796,-7.4887
1.1067,-3.0002,-4.4074,2.4991,-3.2319,-1.3494,-2.0219,-2.7896,6.0116,-4.8797,-4.3754,-6.1645,0.4882,3.2586,-7.8831
0.4345,-2.9717,-3.3443,2.2794,-2.7279,-1.115,-1.9436,-0.8613,5.2321,-5.2127,-3.8296,-5.9967,0.1346,1.3542,-7.8925
0.6375,-2.4113,-1.6425,1.9652,-2.2357,-1.1644,-1.6639,0.7938,4.4492,-5.3851,-2.4957,-5.7727,-1.0811,-0.1547,-7.397
0.6706,-2.1283,0.1101,1.8395,-1.6426,-1.2535,-1.3538,2.8557,3.582,-5.2739,-1.7058,-4.9062,-2.1644,-2.1381,-6.7861
0.6369,-1.4869,2.3478,1.46,-0.8248,-1.105,-1.2213,5.2989,2.7435,-4.803,-0.5976,-4.1152,-2.9738,-3.7038,-6.004
0.6548,0.1504,4.6728,0.8084,-0.0991,-0.8964,-0.9582,6.218,1.0659,-4.5735,0.5948,-2.9387,-4.2415,-5.7312,-4.7987
0.5109,1.0556,6.2163,0.3001,1.2494,-1.1464,-0.87,7.5333,-0.0461,-4.1009,2.0241,-1.7437,-4.4836,-6.62,-3.5478
0.3083,1.4906,7.2439,-0.1563,2.2685,-0.568,-0.7809,8.2233,-2.1069,-3.6571,3.0234,-0.0912,-4.9674,-7.9092,-2.7558
0.4695,2.9997,8.1141,-0.9542,3.2328,-0.6324,0.253,8.7684,-3.4322,-2.2215,3.3313,1.698,-4.7764,-8.704,-1.4249
0.3903,2.5197,8.645,-1.4119,3.5816,-0.8741,1.0554,9.1597,-4.3652,-1.2925,3.6562,2.8748,-4.4937,-8.6433,0.4179
0.8121,2.6041,8.7937,-1.397,3.8775,-1.1416,1.6161,8.9543,-5.5046,0.2583,3.7344,3.8595,-4.6725,-8.6658,2.3047
0.9222,2.7147,7.9515,-1.5875,3.7674,-0.8392,2.0751,8.7288,-6.0455,1.7198,3.7365,4.4282,-4.8979,-8.0966,4.0214
0.0216,3.0847,7.1984,-1.6486,3.7372,-0.5142,2.2853,8.6592,-5.6488,3.1312,3.604,4.7228,-3.9319,-6.8816,5.6728
-0.2574,2.5778,6.9824,-1.3157,3.1078,-0.3495,2.9478,7.6644,-6.0858,3.0269,3.4549,4.9525,-3.1721,-6.1995,6.3137
0.0471,2.4508,6.4841,-1.2299,3.0122,-0.2704,3.0214,6.5194,-5.5065,3.2693,3.2737,5.0639,-2.1791,-5.1411,7.5573
-0.8666,2.2529,5.4887,-0.8807,2.4963,0.1042,2.722,4.9084,-5.9312,4.0304,3.0597,4.5761,-1.6647,-3.9712,8.3202
-0.7574,2.0588,4.415,-1.1445,2.3084,0.373,2.766,3.5145,-5.5835,4.084,1.8689,4.6836,-0.6444,-2.5643,8.2091
-0.6966,1.2273,2.6367,-0.9584,1.7072,0.6635,2.495,2.174,-5.2624,4.2294,0.9218,3.9713,0.1155,-1.0209,8.395
-0.7397,0.3452,1.9076,-0.7616,0.8816,1.0819,2.4514,1.4072,-3.7967,4.1195,0.5842,3.2123,0.2792,0.1526,7.903
-0.5917,0.2358,1.111,-0.1914,0.5925,0.9604,2.271,0.2795,-4.1045,4.0108,0.3586,2.581,0.9132,1.2437,7.2676
-0.3659,0.1882,0.0946,0.0059,0.099,0.8989,2.2464,-0.9815,-3.6082,4.0953,-0.1365,2.0888,1.6148,2.6412,6.7489
0.014,-0.4215,-1.2286,0.0794,-0.4562,0.5959,2.2482,-2.6992,-3.1513,3.8987,-0.8492,1.5884,2.0369,4.1807,6.4153
0.176,-0.9968,-2.7655,0.2525,-1.1953,0.4456,2.2682,-3.9835,-2.0049,3.8069,-1.5403,0.3496,2.7224,5.8105,6.2569
-0.1783,-0.6609,-4.1986,0.4186,-2.1361,0.3059,1.8696,-5.4365,-0.5545,3.4696,-2.6747,-0.1851,3.1528,7.4822,4.8594
-0.1756,-1.1248,-5.457,0.5646,-3.055,0.1974,1.4843,-6.809,0.0128,1.9495,-3.8784,-1.0976,4.0193,8.5676,3.4941
-0.2083,-1.8482,-6.6946,0.8541,-3.7844,0.385,1.1682,-7.1653,0.967,0.8512,-4.6488,-2.4831,3.9464,9.437,1.7441
-0.0609,-2.6645,-7.4288,1.2823,-4.1086,0.364,0.2984,-7.8189,3.1964,-0.2135,-5.1505,-3.6963,3.936,9.8621,0.075
-0.1082,-3.4538,-7.8407,1.8472,-4.0655,0.5322,-0.2686,-8.6277,3.0118,-0.8093,-5.6745,-4.8901,3.9815,9.6944,-1.5671
0.4833,-3.8146,-7.8937,2.1102,-4.4604,0.1667,-0.8944,-8.4027,4.2276,-1.3513,-5.5081,-5.7299,5.1037,9.4887,-3.098
0.316,-3.3563,-8.3506,2.2194,-4.4675,0.3849,-1.3026,-8.5245,4.7649,-2.122,-5.5726,-6.2932,4.2724,9.2217,-4.403
0.3647,-3.5045,-8.8318,2.3578,-4.3533,0.5054,-1.7748,-8.3113,4.6184,-2.9247,-6.0839,-6.51,3.3442,8.563,-6.3599
0.8625,-3.6824,-8.4395,2.4584,-4.8838,0.0336,-1.9331,-7.0601,6.0022,-4.054,-6.0823,-6.9309,2.9657,7.6823,-7.041
0.5904,-4.0173,-7.4304,2.7676,-4.5486,-0.1396,-2.1458,-5.0625,5.8765,-4.6306,-5.573,-7.4167,1.7507,6.5024,-7.56
0.5451,-4.0613,-5.7281,2.8568,-3.9923,-0.1964,-2.1364,-3.6648,6.0318,-5.0965,-5.4163,-7.3071,0.859,4.7631,-7.9231
1.0509,-3.9068,-4.3643,2.8288,-3.1808,-0.6104,-1.9659,-1.7199,5.8167,-4.9904,-4.1278,-7.4471,0.2458,3.3659,-7.9732
1.1005,-2.9037,-2.6627,2.7566,-2.6258,-0.851,-1.82,-0.5281,4.748,-4.5082,-2.8357,-6.4461,-0.8587,1.3781,-6.8575
0.7549,-1.5421,-1.5517,2.1493,-2.0205,-1.2882,-1.6319,1.0831,3.7711,-4.6149,-2.0738,-5.5245,-1.5778,-0.1422,-6.0513
0.4483,-0.9399,0.0306,1.7704,-1.367,-1.4037,-1.4669,2.9071,2.8391,-4.6098,-1.584,-4.2794,-1.7866,-1.5666,-5.5829
0.3323,-0.3316,2.3616,1.304,-0.6758,-1.1606,-1.2406,4.2025,1.7283,-4.4619,-0.2604,-3.6787,-2.9339,-3.5537,-5.5051
0.2541,0.3846,3.3081,0.9628,0.4219,-0.8887,-1.1381,5.369,0.1683,-4.1491,0.6395,-2.6167,-3.0855,-4.7797,-4.4064
0.0878,1.4684,4.3346,0.5403,1.305,-0.9269,-0.7943,6.1959,-1.0278,-3.5166,1.564,-1.8713,-3.4958,-6.1065,-3.7374
0.2229,1.754,5.1536,0.1431,1.8945,-0.8294,-0.3465,7.29,-1.9328,-2.946,2.2955,-0.5722,-4.2204,-7.1813,-2.274
0.229,1.9365,6.1878,-0.3347,2.1012,-1.1836,0.4827,7.8344,-2.5709,-2.3347,2.7469,0.8475,-4.2392,-7.9661,-1.0514
0.1722,2.1599,6.8574,-0.516,2.6739,-0.9547,1.1552,8.8437,-3.7232,-0.6274,2.8572,2.0106,-4.1236,-7.9091,0.3023
0.1302,2.2159,7.4941,-0.4898,2.7599,-0.7335,1.6656,8.7556,-4.5555,0.266,3.6976,2.8387,-4.1872,-7.7958,2.351
-0.1373,2.7828,7.5523,-0.8737,2.8832,-0.9234,2.333,8.6689,-4.9879,1.2327,4.0861,3.683,-4.6025,-7.4054,4.151
-0.0618,2.4886,7.7208,-0.7626,2.9311,-0.8422,2.4697,8.2759,-5.329,1.9842,3.8053,4.0658,-3.5098,-6.9685,5.8083
0.1992,2.6372,7.2728,-0.8523,2.9263,-0.7348,2.7103,8.1586,-6.3457,3.1571,4.1873,4.8612,-2.8466,-5.9986,7.0205
0.2711,2.7752,6.7987,-1.0882,2.8569,-0.9455,3.0417,5.987,-7.1656,4.1848,3.5983,5.102,-2.3826,-5.7827,8.0327
-0.3704,3.0686,5.1535,-1.1383,2.6203,-0.524,3.2374,5.2723,-7.0991,4.9881,3.9407,4.9212,-1.8777,-3.7334,9.1658
-0.4396,2.2843,3.9941,-1.0997,1.8308,-0.3802,3.4071,3.42,-7.0966,4.6733,2.6305,5.2398,-0.3778,-2.4647,8.8258
-0.2956,2.014,3.0187,-0.9813,1.327,0.1179,2.9679,2.009,-6.0577,4.6558,1.6675,4.792,0.2437,-0.3536,8.8011
-0.4428,1.5138,1.6263,-0.8139,0.9227,0.4174,2.8251,0.1447,-5.7458,4.4328,0.9461,3.9678,1.434,1.0304,8.7745
-0.8263,1.0976,-0.1517,-0.6679,0.4709,0.9086,2.7617,-2.1334,-5.2633,4.909,-0.0644,3.2959,2.5386,3.1223,7.9028
-0.7014,0.6489,-2.3515,0.0158,-0.4326,1.0408,2.8896,-4.0132,-3.8364,3.8953,-1.0091,2.4309,3.7337,5.0069,6.3141
-0.6771,0.1083,-5.0598,0.2256,-1.6747,1.2902,2.3629,-6.2778,-2.9459,3.3677,-2.22,1.6618,4.6095,6.6766,5.5996
-0.4045,-0.8608,-7.1266,0.4063,-2.891,0.9621,1.7455,-7.7195,-0.9852,2.1406,-4.0179,0.674,4.816,8.3762,4.2312
-0.2294,-2.418,-8.282,0.7707,-3.613,0.951,1.2398,-8.2484,0.6425,1.6198,-5.6707,-1.0207,4.8828,9.4682,1.9141
-0.3662,-3.1307,-8.8967,1.3655,-4.5432,0.7808,0.6833,-8.1966,2.3892,0.633,-6.2905,-2.669,5.1134,9.9741,0.3798
-0.1535,-3.6511,-8.9515,1.8811,-4.8313,0.7372,0.0329,-8.8686,3.3711,-0.4525,-6.5534,-4.5644,4.9779,10.1456,-1.3565
0.0976,-3.7981,-8.8194,2.4798,-5.3637,0.6069,-0.668,-8.5654,4.1059,-1.7882,-6.633,-5.6858,4.3728,10.05,-3.3881
0.1116,-3.58,-8.7741,2.5944,-5.4722,0.5866,-1.3221,-8.2284,4.521,-3.1427,-6.1022,-6.6211,4.1339,9.867,-4.7087
0.1976,-3.4736,-8.5748,2.7347,-5.4473,0.5106,-1.8774,-8.3687,5.002,-4.3969,-5.9798,-7.2261,3.5099,8.8151,-6.4379
0.0624,-3.5825,-8.3171,2.7709,-4.8995,0.5774,-1.8342,-7.6105,4.9529,-4.722,-6.3011,-6.9462,2.8574,7.9992,-7.3744
0.3135,-3.3968,-8.2347,2.6112,-4.5762,0.3017,-2.2253,-6.2704,5.1741,-5.0005,-6.0822,-7.3677,2.1731,6.9375,-8.3568
0.2807,-3.1805,-7.261,2.7279,-4.3472,0.2343,-2.1902,-4.9668,6.5667,-5.6608,-5.5692,-7.4499,1.3121,5.4692,-8.9032
0.579,-2.8535,-5.6797,2.6279,-3.8394,0.2758,-2.2276,-3.3194,5.6439,-6.074,-4.7948,-7.2161,0.4785,3.5627,-9.2082
0.9517,-2.4428,-3.8919,2.4553,-3.7645,-0.0299,-2.2297,-1.9207,4.922,-6.1729,-3.8093,-6.6542,-0.2362,1.5003,-9.1004
0.8903,-0.8495,-2.452,2.1238,-2.9419,-0.3207,-1.2238,-0.3663,3.8171,-5.8759,-3.5574,-6.143,-1.2541,0.0605,-8.7132
0.8224,-0.8792,-1.1322,1.9211,-2.415,-0.3815,-1.1001,1.8195,2.7113,-5.9891,-2.3963,-5.3957,-1.8087,-1.7137,-7.8996
0.6906,-0.564,0.7633,1.5183,-1.67,-0.6358,-1.1105,3.5257,2.4637,-5.6486,-1.5297,-4.0868,-2.4022,-2.8442,-6.9979
0.7798,0.5234,2.8441,1.4056,-0.9513,-1.065,-0.9131,4.7782,1.2469,-5.1627,-0.2608,-3.0476,-2.9262,-6.6569,-5.8968
0.5742,1.0528,4.2712,1.1373,0.5427,-0.9509,-0.9352,6.8529,0.3602,-4.2352,0.96,-1.9426,-3.7786,-7.1421,-4.5773
1.5986,1.6211,6.1813,0.7761,1.3275,-1.7292,-0.5017,8.303,-0.7194,-3.2522,2.1083,-0.7376,-4.5221,-8.2989,-2.3043
0.7835,3.0114,7.4364,0.1165,2.3274,-1.2558,0.2696,9.2374,-2.2678,-1.5844,2.8,1.1236,-4.685,-9.0521,-0.2758
0.8752,3.5019,8.3561,-0.4608,2.9769,-1.4145,0.9293,9.8739,-4.793,-0.739,3.0559,2.6349,-4.777,-9.6584,1.5491
0.765,3.5044,10.0688,-1.1024,3.4142,-1.4415,1.5303,10.2935,-5.8831,0.3223,3.8817,3.3833,-4.617,-9.3845,3.4865
0.0843,3.85,9.5327,-1.3297,3.7173,-1.1152,2.1629,9.4683,-6.9792,2.2471,4.663,4.3589,-4.5456,-8.78,6.2788
-0.021,3.7233,8.4086,-1.5095,3.463,-0.7208,2.4203,8.3134,-7.4983,3.4203,4.6013,5.2503,-3.9617,-7.5306,7.8142
-0.3958,3.6474,7.2185,-1.4971,3.4067,-0.3634,2.7893,6.983,-7.7427,4.2324,3.8598,5.7445,-3.3272,-6.0455,8.7953
-0.38,3.3353,6.3574,-1.2571,2.7117,0.0203,3.0988,5.7141,-7.3451,4.6168,3.5176,5.5564,-2.5311,-4.5795,9.4324
-0.6861,3.3382,4.9612,-1.0513,2.2711,0.7543,3.0797,3.776,-7.0124,4.8875,3.142,5.6124,-1.4363,-2.7687,9.7201
-0.5543,2.7342,3.3024,-0.9858,1.819,1.7143,2.9781,2.0777,-6.4409,4.8237,2.3911,5.0432,-0.3055,-1.1466,9.8423
-0.4338,2.0151,1.8902,-0.6766,0.881,1.6351,2.9711,-0.155,-5.4253,4.9419,1.3904,4.6428,0.4866,0.4536,9.4762
-0.1286,1.9336,0.3388,-0.5092,0.1691,1.2652,2.5907,-1.9272,-5.0139,5.0307,0.3146,4.0261,1.2872,2.4242,9.2662
0.4176,1.5457,-0.9296,-0.26,-0.5151,1.088,2.3701,-3.6345,-4.209,4.6865,-0.5993,3.2338,2.3746,4.6001,8.4798
0.0899,0.8474,-3.2017,-0.2542,-1.1403,0.9648,2.2976,-5.3571,-3.5092,4.7185,-1.4608,2.1879,2.8658,6.5436,7.5244
0.0549,0.2243,-5.095,0.1585,-1.8323,0.8723,2.023,-7.0423,-2.5725,4.2097,-2.9752,1.2603,3.9034,8.2052,6.1565
0.1663,-0.589,-6.7152,0.7477,-3.2786,0.4832,1.7073,-8.23,-0.9823,3.2744,-4.2435,-0.003,4.7288,9.6147,4.6183
-0.0272,-1.2317,-7.9883,1.1149,-4.3973,0.6698,1.4598,-9.0759,0.8978,1.8641,-5.777,-1.5713,5.0865,10.7122,2.8939
0.2074,-2.2392,-8.8741,1.099,-4.8126,0.6324,0.6132,-9.5461,4.0187,0.1236,-6.6787,-3.3322,4.895,11.4029,0.5949
0.2734,-2.7797,-8.8902,1.9121,-5.3928,0.6847,0.0308,-9.8734,4.2115,-0.8566,-6.7168,-5.0884,4.8959,10.7932,-1.1426
0.1784,-2.8788,-9.1533,2.2388,-5.5575,0.8879,-0.6151,-9.7484,4.6183,-2.0346,-6.9278,-6.981,4.5845,10.6261,-2.9881
0.4039,-2.9961,-9.1567,2.4894,-5.4027,1.2298,-1.2729,-9.4353,5.3506,-3.2633,-7.1478,-7.4087,4.0806,10.0253,-4.4135
0.5216,-3.1862,-8.8258,2.5809,-5.1805,0.9641,-1.531,-8.8717,5.6057,-3.8614,-6.8932,-7.6395,3.2985,8.9262,-6.5965
0.9634,-3.3906,-8.1504,2.9245,-5.2056,0.4077,-2.0034,-7.5403,5.9383,-4.5183,-6.6415,-7.672,2.6152,7.7921,-7.5818
0.3284,-2.516,-7.3596,3.0244,-4.5081,0.1369,-2.2862,-6.2247,5.8611,-4.861,-5.9182,-7.7115,1.8688,6.5074,-8.5519
0.5728,-3.078,-6.0552,2.9706,-4.0759,-0.0253,-2.0087,-4.8335,5.6755,-5.2324,-5.0192,-7.1003,1.2096,4.7946,-8.6773
0.5129,-2.2737,-5.2744,2.9462,-3.4004,-0.4766,-2.1223,-3.3561,5.3465,-4.8948,-5.0933,-6.7768,-0.0418,3.1284,-8.4641
0.5859,-2.4902,-3.4671,2.7904,-2.7178,-0.9193,-2.0707,-1.2389,5.1614,-4.9233,-3.7787,-5.9484,-0.8434,1.6604,-7.904
0.255,-1.5907,-1.9733,2.6537,-2.0383,-1.2875,-1.8424,0.1845,3.3647,-4.2866,-2.7484,-5.2535,-1.7213,-0.1412,-7.0888
0.2228,-1.06,-0.81,2.2485,-1.7609,-1.1844,-1.4074,2.3652,2.7956,-4.2199,-1.8652,-4.3417,-2.8361,-2.0264,-6.2473
0.3788,-0.5712,1.182,1.9342,-1.0933,-0.938,-1.0631,4.5093,2.2911,-4.0708,-1.0742,-3.6458,-4.001,-3.7402,-5.4332
0.3389,0.1073,3.4926,1.6729,-0.2544,-1.1793,-0.9531,6.2751,0.975,-3.8036,0.2013,-3.1984,-4.4751,-5.29,-4.5078
0.3938,1.2118,5.5542,1.2023,0.9753,-1.0258,-0.6083,7.4019,-0.622,-3.1753,1.4881,-1.8563,-4.7459,-6.7738,-2.6856
0.4662,2.2643,6.6352,0.8808,2.1268,-0.9311,-0.2103,8.0528,-3.4515,-1.597,2.5636,-0.1268,-4.874,-7.5223,-1.025
0.0147,3.0707,7.0009,0.0781,2.393,-1.2154,0.331,8.1638,-4.7475,-0.4223,3.1564,1.4762,-5.1167,-7.7799,0.1123
-0.2559,3.6968,6.7871,-0.5292,2.6674,-1.064,0.7429,7.8671,-5.6898,0.1305,3.4019,2.2328,-4.8054,-7.6603,2.0488
-0.2993,3.5627,5.7148,-0.8165,2.8503,-0.9173,1.6741,7.62,-5.5997,0.9135,3.2989,3.6007,-4.7026,-7.2506,3.2908
-0.2861,3.2773,5.6433,-0.8714,2.7511,-0.4731,2.3,7.5563,-5.493,1.5073,2.4814,4.15,-4.2143,-6.7401,4.5673
0.0565,2.803,6.1436,-0.9278,2.5415,-0.4456,2.7542,6.9984,-5.485,2.5244,2.6113,4.4188,-3.8488,-6.1118,5.0178
-0.0509,2.5311,5.9959,-0.5478,2.4669,-0.7108,2.7375,6.6485,-5.6912,3.5142,2.7847,4.6445,-3.4106,-5.4697,6.4945
-0.2947,2.9622,5.7415,-0.5395,2.2777,-0.8698,3.032,6.1445,-5.8081,3.9968,2.8175,4.4311,-3.2275,-4.4718,7.7529
-0.1788,2.9539,5.3238,-0.6005,1.9149,-0.7723,3.279,5.053,-6.3405,4.2757,2.4998,4.0842,-2.7589,-3.5445,8.3666
-0.2205,2.6976,4.4108,-0.7182,1.8167,-0.7401,3.051,3.716,-6.3081,4.3578,2.2587,4.3844,-1.7919,-2.5173,8.75
-0.3171,2.9092,3.0939,-0.8323,1.4138,-0.6278,3.5184,2.2041,-6.2514,4.688,1.7383,4.1666,-1.3419,-1.2389,8.808
-0.5087,2.6677,1.3402,-0.5399,0.7962,-0.5697,2.9057,0.6685,-4.2865,4.2444,0.8766,3.5379,-0.3646,0.1674,8.4476
-0.4975,2.1441,0.4009,-0.5938,0.6539,-0.6608,2.6138,-0.6919,-3.8971,4.4813,-0.2224,3.2502,0.4168,1.5913,7.3397
-0.7452,1.7024,-0.5122,-0.4362,-0.1421,-0.4226,2.5709,-2.1684,-3.1179,4.0391,-0.9991,2.4133,0.9206,2.4965,6.8574
-0.4967,0.9496,-2.0868,-0.0756,-0.4973,-0.1263,2.3696,-3.3402,-2.9494,3.6132,-1.8096,1.8024,1.434,4.2861,5.756
-0.6896,0.0545,-3.8299,0.3647,-1.2686,0.3426,2.2866,-4.5049,-2.5465,3.6196,-2.4099,0.8654,2.2848,5.6091,5.0769
-0.6186,-0.7744,-4.4631,0.7391,-2.0385,0.7229,2.0378,-5.3933,-1.1105,3.1453,-3.1689,0.0278,2.4,7.0444,4.274
-0.5876,-1.1128,-5.6648,1.0585,-3.0826,0.9275,1.7328,-6.2679,-0.0125,2.4765,-3.6122,-0.4181,2.8616,8.0977,3.6
-0.6339,-1.3005,-6.4676,1.2216,-3.7907,1.0199,1.3259,-7.5628,0.1052,1.8095,-4.5603,-1.2649,3.0232,8.6063,2.6495
-0.4488,-1.832,-7.4915,1.7183,-4.2408,1.1958,0.7204,-8.1924,1.9414,0.5672,-5.0134,-2.5855,3.3816,9.6343,1.3234
-1.0641,-2.0054,-8.4091,1.7312,-4.7524,1.3913,0.0918,-9.1032,2.904,0.027,-5.5283,-3.9051,3.598,9.906,0.0588
-0.3418,-2.7423,-8.6097,2.2008,-4.983,1.3687,-0.5815,-9.5346,3.7265,-1.5033,-6.0424,-5.0554,3.8994,9.9134,-2.1468
-0.2594,-2.48,-9.1796,2.361,-5.0358,1.2621,-1.1462,-9.1007,4.3424,-2.2209,-6.2197,-5.8919,2.9755,9.7778,-3.8849
0.1173,-2.325,-9.0079,2.3392,-5.1961,0.9286,-1.4887,-8.5886,5.0313,-3.4128,-6.8667,-6.369,2.5531,9.4978,-5.4022
0.3077,-2.8244,-8.2605,2.5299,-5.0798,0.4527,-1.6709,-7.3524,5.7468,-4.1588,-6.5595,-6.3535,2.7774,8.6651,-7.1465
0.4357,-3.0835,-6.7714,2.8023,-4.705,0.371,-1.7295,-6.4397,5.3043,-4.4296,-5.972,-6.4668,2.0287,7.353,-7.7633
0.306,-2.2537,-6.5026,2.7081,-3.9336,0.258,-1.79,-5.2747,5.7878,-4.4965,-5.2705,-6.5457,1.1202,6.258,-8.0719
0.0876,-2.5242,-5.4346,2.6903,-3.7638,-0.0514,-1.6807,-4.3705,4.7314,-4.5563,-4.2669,-6.3774,0.3226,4.6157,-7.8597
0.2383,-1.8686,-4.1425,2.4947,-3.4937,-0.1234,-1.6563,-3.1521,4.4857,-4.5363,-3.7498,-5.6849,-0.0992,3.6751,-7.4065
0.5022,-1.1218,-2.8159,2.2512,-3.0243,-0.5372,-1.73,-1.4176,4.2428,-4.7189,-3.4763,-5.3462,-0.4557,2.5966,-7.278
0.622,-0.5958,-1.6302,2.0297,-2.4272,-0.7524,-1.4729,-0.4447,3.4503,-4.6762,-2.3799,-4.7583,-1.9686,1.0698,-6.8413
1.0411,-0.096,-0.1128,1.7818,-2.0065,-1.7266,-1.2387,1.6303,2.7884,-4.5094,-1.5967,-4.9743,-2.7213,-0.8456,-6.2
0.7051,0.5818,1.6506,1.3086,-1.3557,-1.826,-0.9201,2.3604,2.9085,-4.299,-0.8705,-3.5673,-3.0718,-2.3587,-5.5756
0.7011,1.2135,2.7083,1.0698,-0.5908,-1.4269,-0.6964,4.2355,1.6691,-4.0314,-0.1663,-2.3595,-3.848,-3.5206,-4.4926
0.4707,2.2462,4.3368,0.7304,0.1536,-1.0079,-0.5746,5.7323,0.7191,-3.8065,0.9732,-1.6721,-4.3625,-5.0055,-3.3548
0.3228,2.9262,5.4576,0.3271,1.1601,-1.5556,-0.2163,6.8913,-0.7732,-3.1282,1.9431,-0.604,-4.6441,-6.2293,-1.8958
0.314,3.2228,6.7417,-0.2181,1.9031,-1.3179,0.2317,7.4761,-2.1543,-2.1024,2.5865,0.5731,-4.2242,-7.0801,-0.8093
0.3567,3.3433,7.2603,-0.344,2.5294,-1.29,0.9948,7.5652,-3.7668,-1.0109,2.4064,1.9437,-4.257,-7.6065,0.6466
0.2813,3.1108,7.1406,-0.5966,2.7782,-1.3723,1.522,8.1037,-4.9088,0.5764,2.863,2.7976,-4.2311,-8.0169,2.6488
-0.3311,3.6382,6.7498,-0.5794,2.8588,-0.9997,2.3489,8.2736,-4.6797,2.0311,2.9243,3.6255,-4.3694,-7.1423,4.2573
-0.8389,3.6653,6.9045,-0.799,2.4294,-0.5786,3.2519,7.9046,-5.0633,2.4851,3.0531,3.7663,-3.935,-6.6736,6.0638
-1.0464,3.9287,6.7482,-0.8994,2.4179,-0.2981,3.4112,6.8847,-5.2409,2.7303,2.9613,4.2254,-3.148,-6.015,7.0134
0.3033,4.0085,6.8658,-1.0347,2.6196,-0.3656,3.644,6.1385,-5.2991,3.226,2.4838,4.2573,-2.4546,-5.0208,7.3773
0.0392,4.3704,6.2718,-0.9944,2.3344,-0.1168,3.6219,4.6194,-5.6991,3.9557,2.5577,4.1119,-2.1582,-4.064,8.0063
-0.6755,4.0042,4.6773,-1.0197,1.7347,0.0704,3.6295,3.717,-5.8234,4.4499,2.2164,4.3898,-1.664,-2.5714,8.3802
-0.6387,2.6228,3.6096,-0.6724,1.4514,0.4508,3.5887,2.1904,-4.4738,4.2046,1.8685,4.1994,-1.2091,-1.1256,8.4848
-1.0592,2.7794,2.2063,-0.7421,0.6263,0.8564,3.2904,0.6844,-4.6068,4.6473,1.2062,4.0597,-0.3197,0.1783,8.7454
-0.6553,2.5929,0.7851,-0.392,0.1591,0.7661,2.9717,-0.8911,-4.2352,4.434,0.3993,3.3225,0.3784,1.561,8.15
-0.4506,2.5352,-0.8173,-0.5009,-0.3864,0.8583,2.7923,-2.6475,-3.4208,4.0199,-0.6683,2.6967,1.3444,3.6487,7.2214
-0.8358,1.8372,-2.8689,-0.2858,-0.9935,1.1972,2.5377,-5.1925,-2.5514,3.383,-2.6464,1.9141,2.4171,5.8404,5.6741
-0.6921,0.7968,-4.8606,0.0518,-1.8536,1.4065,2.2375,-6.5711,-1.5596,2.841,-3.5334,0.536,3.036,7.5067,4.358
-0.3362,-0.032,-6.2664,0.225,-2.7523,1.2213,1.8382,-7.6501,0.4113,2.2193,-5.0698,-0.8866,3.5127,8.5798,3.5359
-0.4117,-0.8853,-7.7483,0.8569,-3.4545,1.1089,1.4871,-8.4226,2.5366,1.7569,-6.0925,-2.6233,3.9498,9.8053,1.6617
-0.0652,-1.5838,-7.6231,1.3671,-4.4371,0.6457,0.9409,-8.7098,3.8912,0.6015,-6.3371,-4.0465,3.4966,9.9082,0.2043
-0.081,-1.5748,-7.836,1.8817,-4.6958,0.8437,0.4965,-8.6892,4.7973,-0.6011,-6.1436,-4.9443,3.3313,10.3759,-1.3206
0.1253,-2.053,-8.2461,2.2927,-4.8487,1.4273,-0.1112,-8.4311,4.6444,-1.7868,-6.256,-5.9449,3.1067,9.8739,-2.9248
0.1882,-1.7527,-7.9418,2.3044,-4.8195,1.1789,-1.0181,-8.4503,5.6519,-2.7765,-6.002,-6.4111,2.6966,9.0173,-4.1279
0.1712,-1.8318,-7.8887,2.3397,-4.6133,0.9,-1.6989,-8.248,5.5711,-3.3306,-6.4395,-6.4446,2.2403,8.3647,-5.3906
0.3405,-1.6582,-7.0203,2.3291,-4.2696,0.8867,-1.6223,-6.8582,6.2822,-4.1085,-5.2544,-6.7588,2.3272,7.4698,-6.5589
0.5108,-1.6168,-6.0638,2.1641,-4.4429,0.8687,-2.0407,-6.6584,5.692,-4.754,-5.1199,-6.5208,0.8639,6.0004,-7.8402
0.7202,-1.621,-5.6469,2.4312,-3.6357,0.3698,-1.9413,-5.4728,5.7715,-4.8448,-4.766,-6.6209,0.2305,5.2204,-8.3337
0.6925,-1.2954,-4.5348,2.4357,-3.549,0.2102,-1.7538,-3.9469,5.5872,-4.7239,-4.5188,-6.1476,-0.507,3.9009,-8.1671
0.4548,-1.217,-3.7923,2.4913,-2.9938,0.0677,-1.5524,-2.5445,4.7767,-5.0451,-3.5683,-5.7344,-1.7107,2.6318,-8.1305
0.6296,-0.5373,-2.7606,2.3695,-2.427,-0.229,-1.2114,-0.9154,4.6003,-4.7713,-2.7865,-5.1144,-2.5669,1.3727,-7.0322
0.5298,-0.0698,-1.516,2.1942,-2.0801,-0.3122,-1.2954,0.942,3.5241,-4.2839,-2.1715,-4.5455,-3.4577,-0.329,-5.7253
0.355,0.4889,0.6944,2.0292,-1.5013,-0.3532,-0.6265,2.6672,3.4975,-4.4351,-0.8551,-3.861,-3.9483,-2.2585,-5.3841
0.3095,1.4795,2.8568,1.4901,-0.8328,-0.483,-0.6186,3.7684,2.019,-4.5152,0.3919,-2.5325,-4.1234,-3.831,-3.9975
0.3778,2.2992,4.0426,0.9878,0.2849,-0.1831,-0.5264,4.4046,0.3117,-3.7913,1.0762,-1.5086,-4.5756,-4.7598,-3.5214
0.4384,2.3139,4.4547,0.7826,0.9875,-0.1605,0.0278,4.9328,-1.1362,-2.5802,1.932,-0.1265,-4.7286,-5.2601,-2.2449
0.5741,3.4579,5.1151,0.6499,1.4861,0.0082,0.3972,5.4316,-2.5243,-1.4668,2.3095,0.9784,-4.8108,-5.6805,-0.9306
0.3014,4.2696,5.2303,-0.1399,1.7108,-0.0043,1.0576,5.4762,-3.0686,-0.7426,2.2476,2.1065,-4.5274,-5.5421,0.9217
0.2579,4.3606,5.4264,-0.8872,1.7527,0.3135,1.5825,5.6822,-3.6088,-0.0514,2.4304,2.9124,-4.1449,-5.5159,2.5023
0.3266,4.5647,5.1623,-1.1713,1.8724,0.372,1.9662,5.1985,-4.0747,0.6695,2.2598,3.4034,-3.8353,-4.9453,3.768
0.1589,4.1132,4.8222,-1.0472,1.8442,0.4169,2.2411,4.5882,-4.6822,1.5241,2.1692,3.7337,-3.831,-4.3638,4.3834
0.0543,3.5601,4.2121,-1.0008,1.6771,0.2967,2.8057,3.5526,-4.452,2.1014,2.0721,3.8035,-3.042,-3.4755,5.5931
0.8255,4.0557,3.7212,-1.3439,1.5005,0.0206,2.9632,3.1397,-4.2938,2.9852,1.7066,4.3286,-2.0776,-1.9246,6.3429
0.0583,3.9592,3.3546,-1.2277,1.3869,0.0829,3.0483,2.0644,-4.269,3.5035,1.1776,4.1247,-0.8298,-0.8404,6.9811
0.3423,3.5614,2.3464,-0.8831,1.0627,-0.053,2.8258,0.8005,-4.3771,3.7283,0.8104,3.6744,-0.4959,-0.037,7.0527
-0.1751,3.4214,1.564,-0.6951,0.4612,-0.0187,2.9918,-0.0302,-3.9166,3.7693,0.1324,3.0705,-0.0169,1.3822,6.4364
-0.5525,3.733,0.4775,-0.6307,0.2881,0.3177,2.8314,-1.0299,-3.8203,3.562,-0.8293,2.6994,0.5457,2.7773,5.9493
-0.5992,2.5757,-0.9612,-0.3362,-0.2717,0.1492,2.5228,-2.3001,-2.8092,2.6874,-1.4378,1.8531,1.2293,4.0255,4.8115
-0.4205,2.004,-2.6475,-0.4847,-0.7868,-0.5838,2.6491,-3.4932,-1.5943,2.4287,-2.874,1.2047,1.2783,5.0773,3.8503
-0.4501,1.6081,-3.499,-0.1593,-1.63,-0.4426,2.5637,-4.486,-0.6867,1.9517,-3.7886,0.4355,1.8698,5.8459,2.8249
-0.2389,0.8362,-4.8164,0.3121,-2.3627,0.1624,2.1302,-4.8439,0.3269,0.9639,-4.2993,-1.0115,2.2195,6.8223,2.0105
-0.3223,0.3956,-4.846,0.5174,-2.9338,0.2478,1.8088,-5.5044,1.5029,0.1269,-4.5879,-1.7997,2.5332,7.153,0.5176
-0.4811,-0.2697,-5.2997,0.028,-3.4816,0.2525,1.4025,-5.956,2.3239,-0.6015,-5.6247,-3.0394,2.2155,7.1728,-0.9993
-0.1238,-0.8943,-5.2896,0.9137,-4.0165,0.6804,0.8914,-5.6992,3.3169,-1.8899,-5.582,-4.0304,2.3582,6.9835,-2.1627
0.2623,-0.6278,-5.2764,1.161,-3.8764,0.7316,0.4415,-5.6415,3.661,-2.7784,-5.4679,-4.9242,1.7584,6.7779,-3.7264
0.4347,-0.8858,-4.9045,1.7489,-3.8977,0.2359,-0.2705,-4.8379,3.7262,-3.2858,-4.8809,-5.1556,1.4664,6.2403,-4.5061
0.5527,-0.3534,-4.7462,2.0554,-3.5992,0.0137,-0.6512,-4.6285,3.4957,-3.5419,-4.429,-5.3718,1.3456,5.6731,-5.0732
0.6177,-0.6321,-4.1671,2.1809,-3.2703,-0.4395,-0.7636,-4.5595,3.4947,-3.7021,-4.1296,-5.21,0.9371,4.6375,-5.8724
0.6749,-0.1001,-4.1129,2.1176,-3.1306,-0.7918,-0.9558,-3.773,3.4103,-3.4906,-3.6803,-4.9518,0.5594,4.32,-5.2205
0.5359,0.2056,-4.1156,1.9135,-2.9268,-0.759,-0.8379,-2.8134,4.0482,-3.6076,-3.5554,-4.6542,0.4797,3.5038,-5.433
0.6641,-0.3932,-2.9224,1.858,-2.9211,-0.8764,-0.7408,-2.3787,3.2919,-3.817,-3.2494,-4.2971,-0.1034,2.2448,-5.5103
0.5297,0.3765,-2.3236,1.8168,-2.4253,-1.0996,-0.7524,-1.5756,2.7749,-3.2296,-2.6249,-4.3518,-0.5588,1.6164,-5.576
0.538,1.1534,-1.777,1.6567,-2.2701,-0.994,-0.7427,-0.503,3.0287,-3.6578,-2.4386,-3.7814,-1.0289,0.6968,-5.1547
0.4164,0.9721,-0.6551,1.4316,-2.3726,-1.0579,-0.7415,0.7892,2.544,-4.1257,-2.1123,-3.6946,-1.8603,-0.4833,-5.1876
0.256,1.2526,0.3179,1.2763,-2.0357,-1.0464,-0.9192,2.2894,2.0618,-4.5599,-1.3791,-3.33,-2.7282,-1.6344,-4.7313
0.284,1.7822,1.7498,0.7457,-1.4593,-0.9688,-1.0894,3.2996,0.964,-4.483,-1.0728,-2.6415,-3.5529,-2.9794,-4.9924
-0.0979,2.1022,2.8859,0.4918,-0.5181,-0.632,-0.7172,4.7934,0.9722,-4.3146,-0.2416,-2.155,-4.0941,-3.0862,-4.6522
0.179,2.9181,3.947,0.3066,0.6698,-0.2732,-0.5737,4.7637,-0.6289,-3.7621,0.7411,-1.1099,-4.7134,-4.7525,-3.4689
0.1054,2.9916,4.9515,0.3292,1.3332,-0.0745,-0.0395,5.4488,-1.6597,-2.6439,1.621,-0.1001,-5.0816,-5.8779,-2.3611
0.3286,3.6762,5.3487,-0.07,1.9456,-0.1247,0.4048,6.1707,-2.3196,-1.6023,2.1391,1.2681,-5.076,-6.3006,-0.9253
0.2952,4.432,5.7561,-0.3473,2.214,-0.1921,0.9474,6.4131,-3.4936,-0.1438,2.2737,2.459,-4.533,-6.2501,0.7273
-0.4408,4.1276,5.7267,-0.3848,2.3164,0.1123,1.5887,6.3597,-4.069,0.7928,2.7114,3.1396,-4.0028,-6.3223,1.7091
-0.5609,4.2482,5.4436,-0.4168,2.2363,0.502,2.4124,5.931,-3.8413,1.1743,2.5435,3.7947,-4.1241,-6.2079,3.1665
-0.7546,4.3468,5.1264,-0.4296,2.2277,0.6479,2.8339,5.8535,-4.1664,1.7808,2.5907,4.0104,-3.4678,-5.4321,4.5475
-0.7674,3.9607,5.0872,-0.1182,1.7497,0.8846,3.0062,4.8656,-5.0537,2.2866,2.9903,3.9832,-2.8889,-5.1939,5.8329
-0.7619,4.3458,4.3494,-0.6149,1.6804,0.6342,3.0809,4.0218,-5.286,2.8373,2.5811,4.5071,-2.4994,-3.8751,6.5729
-0.7718,3.9104,3.3606,-0.5484,1.5013,0.6689,3.0914,2.5163,-5.1489,3.8642,1.4966,4.31,-1.9069,-2.0685,7.2819
-0.9288,3.3566,2.1643,0.0727,0.5883,0.973,3.1551,1.9462,-4.3387,3.5389,1.0602,3.6077,-1.2833,-0.8651,7.3329
-0.9717,3.2825,1.3377,0.0469,0.233,0.7864,3.0,0.5141,-3.6917,3.1936,0.3848,3.0626,-0.5099,0.0777,7.1247
-1.2734,2.8491,-0.4676,0.0284,-0.1616,1.1116,2.9758,-0.6435,-3.3402,3.0064,-0.4307,2.6993,-0.0213,1.4472,6.5007
-0.6878,2.0954,-0.9062,0.2781,-0.6073,0.9036,3.1824,-1.2474,-2.3866,2.379,-0.97,1.5191,0.6756,2.812,5.457
-0.795,1.2135,-1.5259,0.5876,-1.0714,1.0692,2.9113,-3.0314,-1.8886,2.3486,-1.3264,1.1145,0.6314,3.8835,5.2111
-0.4084,1.1543,-2.6203,0.5477,-1.5783,1.116,2.5249,-4.1466,-1.4535,2.4357,-1.8691,0.5711,1.5156,5.497,4.7548
-0.3721,0.8236,-4.2234,1.1002,-2.4773,1.0416,2.1428,-5.6988,-1.2811,2.4427,-2.5105,-0.1339,2.0041,6.9191,4.5411
-0.6649,0.6192,-5.7686,1.0286,-3.1895,1.1932,1.7273,-6.974,-0.2073,2.105,-3.8938,-0.8682,2.3587,8.3658,3.4559
-0.7256,-0.4455,-6.9698,1.2978,-3.8748,1.1685,1.0988,-7.9226,1.1984,0.953,-4.2979,-2.0764,2.9063,9.4289,2.3511
-0.6942,-0.9409,-7.9687,1.8094,-4.4762,1.1058,0.2728,-8.9756,2.6859,0.319,-4.7157,-3.4063,3.0927,10.1104,1.3326
-0.5739,-0.6238,-8.5227,2.0617,-4.8055,1.0591,-0.169,-9.2517,3.2421,-0.6277,-5.3569,-4.3849,2.9122,10.4362,-0.384
-0.2629,-1.1372,-8.7872,2.1867,-5.0132,0.5947,-0.4542,-9.2463,4.5846,-1.7527,-5.5076,-5.3895,2.8296,10.2813,-1.9029
0.126,-1.1917,-9.2879,2.3677,-5.2679,0.3634,-0.9618,-9.0499,5.4917,-2.9161,-5.9027,-5.9696,2.5541,10.0528,-3.6563
0.1813,-0.9796,-8.8779,2.55,-5.1986,0.0696,-1.724,-8.8656,5.6076,-3.8066,-6.4343,-6.6171,2.3606,9.4105,-5.3454
0.1412,-1.5765,-8.723,2.4961,-5.183,-0.375,-1.7087,-7.109,7.0066,-4.6897,-6.5496,-7.1029,1.4413,8.5286,-6.5929
-0.5134,-1.9615,-7.411,2.3658,-4.652,-0.5066,-1.9586,-5.7253,6.8948,-4.7247,-5.9715,-7.3816,0.629,6.9414,-7.8149
-0.6955,-1.3231,-6.4984,2.5992,-4.2385,-0.1239,-2.0198,-4.148,6.8259,-5.7458,-6.0203,-7.0845,-0.0081,5.3718,-8.6791
0.0462,-1.397,-4.4856,2.6763,-3.8087,-0.5551,-1.7877,-2.2258,6.5923,-6.5683,-4.9548,-7.0925,-1.0838,3.1967,-10.4094
-0.1684,-0.9095,-3.315,2.5982,-3.3119,-0.6904,-1.4717,-0.5407,6.0651,-6.8895,-3.6603,-6.6511,-2.1869,1.1412,-9.8809
-0.524,-0.2634,-1.3197,2.7187,-2.5868,-0.9532,-1.2401,1.3197,5.414,-6.9283,-2.2504,-5.7599,-3.192,-1.05,-8.7027
-0.4612,0.3353,0.3048,1.9326,-1.6876,-1.0638,-0.9712,3.4344,4.1853,-6.4255,-1.4802,-4.6684,-3.8784,-3.5593,-7.495
-0.2127,0.9198,2.3715,1.6666,-1.0373,-1.1712,-0.61,5.457,2.8282,-6.0503,-0.4442,-3.778,-5.2472,-5.4438,-6.7187
-0.2177,1.9369,4.5696,1.2993,0.1708,-0.4994,-0.4092,7.4447,1.5431,-5.2446,1.0929,-2.7361,-6.5966,-6.7517,-5.0167
-0.2984,2.8961,6.3045,0.9191,1.1508,-0.6056,0.1523,8.9068,-0.0322,-4.3935,1.899,-1.2386,-6.4406,-8.1233,-3.583
-0.2489,3.6686,7.7403,0.4618,2.0184,-0.5337,0.5643,9.2312,-1.8265,-3.477,3.4367,-0.1856,-6.0871,-9.623,-2.1859
-0.3326,4.34,8.9127,-0.07,2.7942,-0.3759,1.1261,9.4015,-4.0326,-2.175,3.8643,1.6754,-5.9094,-9.9466,-0.1443
-0.6253,4.8356,8.6796,-0.6254,3.1242,-0.1141,1.8138,9.5503,-4.5855,-0.8968,4.3905,5.1935,-5.3991,-9.2604,2.2426
-0.4584,4.8926,8.9377,-0.8081,3.5282,-0.0806,2.4348,8.7789,-5.8736,0.6666,4.4448,5.5457,-5.2887,-8.7915,4.2527
-0.3004,5.1044,8.0666,-0.9959,3.5883,-0.2731,2.8903,8.0384,-6.8151,2.4786,4.4261,5.4601,-5.484,-7.78,6.4423
-0.3456,4.9897,7.3826,-0.9948,3.0739,-0.0592,3.2045,7.0986,-7.0725,3.9388,3.995,5.4013,-3.6322,-6.1744,7.768
-0.6117,5.1879,5.7596,-0.769,2.5137,-0.0439,3.6681,5.4578,-7.2818,4.4025,4.2117,5.0571,-3.3953,-4.557,9.2339
-0.7312,5.2458,4.4976,-0.8051,1.9125,-0.2178,3.571,3.66,-6.1432,4.4906,3.3891,5.2472,-2.0142,-2.6936,9.7392
-0.8092,4.6689,3.0683,-0.9121,1.3058,-0.3072,3.4268,2.2661,-5.6459,4.1843,2.7285,4.4002,-1.1653,-1.1185,10.0874
-0.6006,4.2993,1.8301,-0.6814,0.6501,-0.2649,3.1751,0.5726,-4.8097,4.0604,1.268,4.0467,-0.5156,0.6354,9.5281
-0.903,3.6526,0.5327,-0.4633,0.1507,-0.0846,3.0158,-0.8722,-3.5097,4.3694,0.3458,3.611,0.0783,2.2238,9.3644
-1.0834,3.0405,-1.6108,-0.4445,-0.413,0.161,2.8604,-2.818,-2.802,3.9466,-0.7243,2.5436,1.0877,3.763,7.7925
-0.6823,1.8376,-3.3232,0.3582,-1.1054,0.14,2.4771,-4.2738,-1.9169,3.4305,-1.1625,1.354,1.6596,5.6555,6.9185
-0.6995,1.4374,-4.6975,0.5107,-2.1747,0.5602,2.2244,-6.4994,-1.3437,3.5291,-2.5948,0.53,1.8288,7.2111,6.1981
-0.4379,0.3083,-6.2877,0.6855,-3.1006,0.5963,1.9851,-7.3519,-0.1126,2.9236,-4.286,-0.7862,2.3601,8.8778,5.1445
-0.91,-0.8041,-7.6454,1.2295,-4.0267,0.684,1.4626,-8.0735,1.4287,2.0843,-5.0579,-2.0396,2.9527,10.1237,3.3598
-1.0242,-1.0154,-8.4099,1.9477,-4.6526,1.0393,0.8567,-9.169,2.8817,0.9893,-5.4561,-3.7759,3.3018,10.7004,2.0039
-0.7425,-1.3165,-8.8659,2.4251,-4.9596,0.9343,0.205,-9.6852,4.0791,-0.0333,-5.7566,-5.227,3.2472,11.0018,0.2126
-0.7848,-1.4054,-9.3761,2.2324,-5.2675,1.0345,-0.4787,-9.467,5.4402,-1.1158,-5.9826,-6.0242,3.0506,11.0078,-1.6137
-0.6709,-1.692,-9.4289,2.5337,-5.2887,0.7812,-1.1387,-9.959,5.5054,-2.6262,-5.8063,-6.8372,2.6912,10.5943,-3.2363
-0.301,-1.8971,-9.7823,2.5817,-5.1254,0.2003,-1.7649,-9.4629,5.7858,-3.6514,-6.5287,-7.1692,2.209,10.2416,-5.3828
-0.2905,-1.6861,-9.6782,2.8017,-4.9709,0.6382,-2.0957,-8.6271,6.6489,-4.2236,-6.1648,-7.7237,1.025,9.4211,-6.7784
0.0794,-2.6349,-9.0598,2.809,-4.9204,0.5322,-2.2027,-7.0468,6.9672,-5.1632,-6.1355,-7.5147,0.7334,8.1819,-7.7502
-0.0319,-1.7796,-7.994,2.696,-4.6762,0.4846,-2.1931,-5.93,6.9697,-5.4057,-5.9256,-7.5639,0.2696,6.7069,-8.3403
0.0375,-1.1753,-6.6079,2.6416,-4.2905,0.1942,-2.4517,-4.8403,6.886,-6.013,-4.9917,-7.7843,-0.2149,5.0831,-8.6496
0.237,-1.0381,-5.7622,2.2062,-3.8261,-0.3286,-2.1879,-3.3337,6.5747,-6.4398,-4.6144,-7.1445,-1.1439,3.6487,-9.1215
0.5227,-0.6611,-4.2362,2.218,-3.1171,-0.7775,-2.0211,-1.5752,6.069,-6.2561,-3.3083,-6.7051,-2.2071,2.0499,-8.5281
0.881,-0.146,-2.4327,1.864,-2.699,-1.3245,-1.7822,0.0699,4.7593,-5.622,-3.2398,-5.8665,-2.6644,0.4233,-7.8336
0.5042,0.1578,-0.6084,1.799,-2.0267,-1.7874,-1.7322,2.5105,3.8042,-5.015,-2.1454,-5.5065,-3.6539,-0.9914,-6.5644
-0.2467,1.0053,1.8063,1.6052,-1.1687,-1.5819,-1.242,4.2852,3.0096,-4.6172,-1.035,-4.6093,-4.6778,-2.6228,-5.6623
0.251,1.9643,3.1444,1.3024,-0.5253,-1.5261,-0.804,5.9577,1.8829,-4.7388,0.1792,-3.5373,-5.2895,-4.0497,-4.5907
-0.1084,3.0094,4.941,0.7649,0.496,-1.1255,-0.4695,7.1541,0.5099,-4.119,1.408,-2.199,-5.3814,-5.7134,-3.5779
-0.1188,3.5774,6.1539,0.2965,1.5392,-0.6943,0.0401,7.3705,-0.8028,-3.4367,1.8993,-1.0776,-5.6265,-7.1394,-2.4083
-0.382,4.0159,6.2397,-0.0261,2.426,-0.6723,0.7248,8.2255,-2.4453,-2.0716,2.5585,0.3055,-5.8137,-7.8564,-0.545
-0.6984,4.2672,6.7588,-0.3811,2.6694,-0.4033,1.4974,8.4277,-3.0025,-0.8574,3.1437,1.4457,-6.1398,-8.0857,0.7011
-0.4408,4.5173,7.4943,-0.9119,2.7806,-0.4524,2.1266,8.4568,-4.1327,0.064,3.4555,2.5586,-5.355,-8.2171,2.8731
0.1031,4.6359,7.2866,-1.0514,3.2622,-0.345,2.8145,8.0102,-4.9405,1.5085,3.6902,3.1396,-5.1068,-7.3676,4.8873
-0.2916,5.3919,7.819,-1.2816,3.3169,-0.5484,3.3599,7.2564,-5.0983,3.1969,3.415,3.6896,-4.4561,-6.3917,6.7555
-0.5821,5.3812,7.1118,-1.4198,2.8995,-0.2137,3.812,6.2318,-6.0884,3.9278,3.4511,4.1689,-3.6095,-5.4336,8.4192
-0.7314,3.8955,6.3568,-0.9824,2.731,-0.1612,3.9109,4.8012,-6.1186,4.7325,3.0542,3.9836,-2.9222,-3.9839,9.3151
-0.8308,3.9176,4.7783,-0.9748,2.2268,-0.088,3.9762,3.8525,-6.0326,5.6698,2.4849,4.1313,-2.3262,-2.0226,10.4141
-1.1235,3.991,3.2911,-0.9292,1.2094,0.1912,3.9349,2.2188,-5.2463,5.6152,1.9697,3.6917,-1.5266,-0.1113,10.6075
-1.2819,3.6947,1.9403,-0.7134,0.3599,0.5198,3.6234,0.3352,-4.9482,4.9938,1.4432,3.0813,-0.3855,1.3841,10.3891
-1.12,3.2233,0.1436,-0.5615,0.0583,0.4431,3.0907,-1.6929,-4.049,4.8484,0.4373,2.6389,0.8553,3.3979,9.2402
-1.1305,2.7487,-1.7517,-0.2917,-0.4894,0.6883,2.7972,-3.6235,-3.156,4.3701,-0.4109,1.7881,1.592,5.176,8.7174
-1.8765,2.3123,-4.474,0.1291,-1.1833,1.0129,2.4852,-5.9786,-2.3847,4.27,-1.4632,0.7679,2.3255,7.1925,7.3396
-1.3992,1.3003,-6.426,0.5108,-2.2584,0.8553,2.276,-7.4798,-0.8156,3.0787,-3.0114,-0.0676,3.1673,8.8257,5.9141
-1.1968,0.4504,-7.7619,0.7476,-3.599,0.7728,1.7103,-8.7492,0.7638,2.2159,-4.1448,-0.9162,3.1841,10.1291,4.2498
-0.7317,-0.6753,-8.7076,1.3223,-4.3828,0.9008,1.4044,-9.3104,2.7171,1.2018,-5.3519,-2.1593,3.5596,11.435,2.341
-0.8162,-1.2942,-9.3438,1.7848,-4.8239,0.8002,0.6598,-10.2602,3.7258,0.4986,-5.9155,-4.0363,3.6883,11.5593,0.6488
-1.4725,-1.843,-10.3246,2.271,-5.2775,1.423,0.1355,-10.3802,4.5138,-0.3588,-6.435,-5.5999,3.3578,12.1235,-1.0999
-1.1971,-2.2253,-10.1553,2.6274,-5.93,1.1901,-0.4956,-10.5697,5.5164,-1.8746,-6.7455,-6.916,3.2156,11.6918,-3.288
-1.3323,-2.144,-10.5513,2.6263,-5.8415,0.6614,-1.1155,-9.4935,6.627,-3.6573,-7.2787,-7.8166,2.9133,11.5116,-5.4485
-0.9457,-2.0834,-9.4985,2.458,-6.0456,0.5734,-1.5298,-8.7458,7.2831,-5.2262,-7.0135,-8.4603,2.4301,10.2607,-7.526
-0.3715,-2.4341,-8.4356,2.5344,-5.5231,0.5056,-1.9584,-7.3927,7.066,-6.3334,-6.9436,-8.657,1.8383,8.993,-8.9835
-0.1778,-1.7889,-7.3551,2.4513,-4.497,0.2217,-2.1526,-6.3647,6.9932,-6.1047,-5.839,-8.5166,0.8783,7.6216,-9.1975
-0.0403,-1.3634,-6.2647,2.3369,-4.1586,0.0332,-2.1313,-4.6823,6.887,-6.0404,-5.5529,-8.3367,0.0561,6.4243,-9.5103
-0.1994,-1.2312,-5.1727,2.2929,-3.5006,0.2469,-2.216,-3.939,6.194,-6.008,-4.8094,-8.1384,-0.5817,4.6625,-9.4494
0.0366,-0.6748,-3.8925,2.2298,-3.1506,0.2445,-1.9343,-2.2641,6.0224,-5.5813,-4.1038,-7.5941,-1.239,3.4998,-8.8832
0.2844,-0.3163,-2.4214,1.8649,-2.7763,-0.0562,-1.7971,-0.6767,5.6564,-5.681,-3.1256,-6.8709,-2.3379,1.868,-8.2154
0.074,0.6934,-1.1804,1.6026,-2.0675,-0.1781,-1.4904,0.8543,4.4849,-5.2952,-2.9448,-6.3833,-3.1765,0.2508,-8.0731
-0.2486,1.0816,0.4855,1.5984,-1.6557,-0.4716,-1.0169,3.3811,4.148,-5.3716,-1.5958,-5.5006,-3.5363,-1.0905,-6.835
0.1234,1.4799,2.5352,1.4036,-0.6606,-0.7507,-0.7221,4.7188,2.8155,-5.0991,-0.6598,-4.4511,-4.2126,-3.3739,-5.8544
0.2073,2.0748,3.9736,1.1883,0.338,-1.1417,-0.4847,6.4544,1.7406,-4.2042,0.7619,-3.4952,-4.8079,-4.9294,-4.5154
-0.1941,3.4106,5.4555,0.7707,0.973,-0.9994,-0.0791,7.2214,0.152,-3.2272,1.7419,-2.3286,-5.4512,-6.8332,-2.9624
-0.5293,4.4913,6.6732,-0.1611,1.8227,-2.0606,0.2819,8.6824,-1.1743,-2.6994,2.4418,-0.7755,-5.6689,-7.5074,-1.2342
-0.5389,4.3795,7.6919,-0.6738,2.4895,-1.7633,0.8496,9.0319,-2.1064,-2.1455,2.9974,0.9035,-5.855,-7.9402,-0.049
-0.5086,5.1296,8.3913,-1.0194,3.0381,-1.5393,1.4812,9.3323,-2.7991,-0.9895,3.7001,1.9181,-5.7499,-8.1484,1.8941
-0.7771,5.5047,8.5899,-1.187,3.328,-1.3661,2.0128,9.8954,-4.1732,0.4343,4.0943,2.96,-5.4531,-8.0475,3.7289
-0.8287,5.7582,8.7949,-1.2929,3.599,-0.9178,2.451,9.1597,-4.6936,1.7861,4.3124,3.9482,-5.04,-7.7129,5.6696
-0.9585,6.1757,8.4114,-1.6183,3.3605,-0.7898,3.0945,8.1357,-5.8378,2.7921,3.84,4.5743,-4.5829,-6.7333,7.3978
-1.0644,5.3739,7.3979,-1.4236,2.4852,-0.4271,3.1214,7.1287,-5.9873,3.2744,3.4192,4.5932,-3.7366,-5.4197,8.1039
-1.3361,5.04,6.1913,-1.3239,2.2581,-0.4838,3.2449,6.2805,-5.6054,3.5847,3.4272,4.1525,-3.0496,-4.0929,9.078
-1.6777,5.4917,5.0745,-1.328,2.014,-0.6491,3.3945,4.6411,-6.362,4.0262,2.8768,4.1859,-2.2798,-2.413,9.2464
-1.8047,4.5176,3.9016,-0.495,1.5711,-0.4763,3.2589,3.4589,-5.1002,3.7753,2.5825,4.1598,-1.8108,-0.9259,9.2961
-1.4989,4.2178,2.9713,-0.6798,0.8959,-0.0986,3.2596,1.941,-4.6631,3.8187,1.5697,3.9289,-1.0046,0.2344,8.6162
-1.4944,4.1197,1.7208,-0.8542,0.6986,0.0074,2.8803,0.3739,-3.7678,3.7247,0.6158,3.2309,-0.3014,2.2369,8.0821
-1.439,3.8606,0.4485,-0.8102,0.4869,0.2117,2.5468,-1.119,-3.39,3.7311,0.0921,2.1835,1.2022,4.0238,7.5325
-1.4757,2.9369,-0.9859,-0.5061,0.0606,1.1052,2.3155,-4.0696,-3.3714,3.8184,-0.5604,1.4013,1.6856,5.9173,6.8062
-1.6852,2.2456,-3.458,-0.2623,-0.6806,1.1322,2.1017,-6.2632,-2.3426,4.1609,-1.2595,0.7195,2.5064,7.7183,6.4278
-1.6767,1.589,-5.0309,0.1616,-1.7892,1.1319,1.7308,-8.2052,-0.9879,3.8897,-2.2195,0.1276,3.2092,9.3545,5.7643
-1.6759,0.9918,-7.9827,0.6436,-3.2006,1.2925,1.4739,-9.2572,0.3096,3.126,-3.8345,-0.767,3.5677,11.0379,4.3758
-1.6817,-0.1818,-9.5125,1.1046,-4.247,1.7783,0.754,-10.2499,2.9021,1.4538,-5.3373,-2.1627,4.1019,12.9028,2.2438
-1.691,-1.1967,-10.5598,1.5113,-5.0981,1.8841,-0.0151,-11.2337,4.3842,0.216,-6.3612,-3.8092,4.4715,13.0848,0.133
-1.4981,-2.0568,-11.4832,1.9076,-5.2653,1.7133,-0.9171,-11.2578,6.3168,-1.0443,-7.3345,-5.4789,4.3201,13.2395,-2.2753
-1.6642,-2.5752,-11.2549,2.3458,-5.421,1.1076,-1.4559,-10.6113,7.8705,-2.4241,-7.6189,-7.2945,3.6144,13.1373,-4.6977
-1.607,-2.9594,-11.3164,2.8032,-5.4892,1.2543,-2.0866,-10.083,7.9668,-3.6551,-7.4529,-8.2647,3.5724,11.2765,-6.7628
-1.3219,-2.9825,-10.6625,2.9972,-5.6261,1.4569,-2.3737,-8.9459,8.7819,-4.9154,-7.3802,-8.6978,2.8616,10.1745,-8.4535
-0.9117,-2.7846,-9.1267,3.1826,-5.6583,1.4491,-2.6656,-7.6156,8.7298,-5.9663,-6.4112,-8.8177,1.8134,8.9325,-9.4426
-0.3202,-2.3371,-7.661,3.1289,-4.8807,0.7154,-2.9174,-5.8126,8.8248,-6.4567,-5.6677,-8.697,0.7037,7.3836,-10.2765
0.4482,-1.8362,-5.7328,2.9981,-4.2137,0.0719,-2.8171,-4.0579,7.5149,-6.5003,-5.1536,-7.8788,-0.2606,5.1721,-10.3224
0.0632,-0.8017,-4.1036,2.4842,-3.3984,0.0818,-2.4371,-2.0166,6.9014,-5.7923,-4.2516,-7.165,-0.7883,3.6311,-9.7154
-0.1084,-0.9685,-2.1711,2.2769,-2.6435,-0.3024,-2.2176,-0.3394,5.8275,-5.5117,-3.0675,-6.7286,-1.1831,2.4037,-8.9622
-0.3869,0.3152,-0.7591,1.9556,-2.0129,-0.3397,-2.0836,0.7712,4.5186,-5.054,-2.2002,-6.0877,-1.9164,0.5864,-8.4481
-0.4648,0.8607,0.6927,1.4025,-1.352,-0.441,-1.8937,2.227,3.4224,-5.003,-2.19,-5.1916,-3.2218,-1.1778,-7.9225
-0.1943,0.9319,2.165,1.3003,-0.8197,-0.436,-1.4323,4.4153,3.4701,-4.847,-0.642,-4.8372,-4.1551,-2.7095,-6.8556
-0.2396,1.4992,3.8205,1.0956,0.2826,-0.5199,-1.1339,5.6505,2.435,-4.3321,0.8537,-3.5251,-4.7428,-4.0652,-5.4903
-0.0993,2.0319,5.1107,0.6342,1.2015,-0.5895,-0.661,6.5274,1.4168,-3.32,2.1258,-2.1081,-5.1669,-5.1734,-3.4561
0.5585,3.6049,6.9916,0.0086,2.0448,-1.0415,-0.6297,6.9524,0.1015,-1.5865,2.9388,-0.7024,-4.9517,-5.358,-1.4931
-0.1486,4.4723,6.4179,-0.4348,2.6059,-1.0077,-0.0469,6.8596,-2.4022,-0.256,3.1895,0.8838,-4.8345,-5.9967,0.1582
0.1728,4.5098,6.852,-0.7342,3.0154,-1.5123,0.6235,7.5155,-2.4176,0.8215,3.4767,2.1817,-4.6289,-5.8684,2.4432
-0.2364,4.778,6.8883,-1.0045,2.7818,-1.291,1.1475,7.4553,-3.9138,2.4099,3.4396,3.1904,-4.25,-5.6357,4.1219
0.1651,4.825,6.9708,-0.8601,2.5989,-1.5885,1.7407,7.0213,-4.2882,3.0345,3.5125,3.5914,-4.057,-4.9867,5.4311
-0.3391,5.2739,6.6446,-1.3688,2.5692,-1.0726,2.0771,6.5322,-4.3716,3.744,3.1905,4.0002,-3.8261,-3.8926,6.5947
-0.9797,4.8196,6.158,-1.1162,2.3326,-0.2484,2.3359,5.176,-4.6476,3.9557,3.0955,3.9081,-3.0252,-3.0908,7.2378
-0.9016,4.5237,5.0622,-1.0853,1.9229,-0.2563,2.4202,4.1727,-4.5022,4.0531,2.7309,3.7359,-2.2879,-1.9684,8.0049
-1.0767,4.2487,3.7666,-1.0413,1.629,-0.3699,2.5077,2.7068,-4.5624,4.5147,2.0886,3.9193,-1.5774,-0.4339,8.2725
-1.3692,3.9908,2.2851,-1.0226,1.3211,-0.1117,2.491,1.2405,-3.7856,4.4528,0.8393,3.5967,-0.9953,1.1997,7.748
-1.057,2.9458,-0.071,-0.6368,0.6584,0.4209,2.4431,-0.2599,-2.7367,3.8786,0.3532,2.7341,0.1695,2.0479,7.1171
-1.4087,2.6443,-1.0072,-0.4486,0.2496,0.508,2.2061,-1.8014,-1.9178,4.2056,-0.6677,2.3348,1.0421,3.9322,6.948
-1.5214,1.8185,-2.6929,-0.0165,-0.376,1.0415,2.0784,-3.4914,-1.299,3.9756,-1.5387,1.4899,1.8128,5.0916,6.1443
-0.7465,1.315,-4.0585,0.2489,-1.1451,0.5834,1.7032,-4.9824,0.302,3.7116,-2.5179,0.1955,1.447,6.5445,5.0277
-0.5842,-0.0812,-5.2937,0.949,-1.8039,0.3805,1.3536,-6.2956,1.0729,3.4064,-3.2047,-0.362,2.0664,8.0722,4.314
-0.5173,-1.4891,-6.4698,1.6657,-2.8946,0.2904,1.0265,-6.6175,2.4823,3.0799,-3.9797,-1.2804,2.7925,8.89,3.2622
-0.9006,-0.6025,-7.1941,1.8274,-3.7002,0.955,0.5985,-7.6562,3.4061,2.5488,-3.4538,-2.9043,3.5755,9.7399,3.0043
-0.6357,-0.6256,-8.0436,1.9015,-4.359,0.6337,0.1499,-8.7907,4.0006,1.4642,-4.6298,-3.2847,3.6917,10.7345,1.6602
-0.7152,-1.4714,-8.962,2.1289,-4.8591,0.6574,-0.4584,-9.6784,4.8533,0.2452,-5.7052,-3.9611,4.018,11.2939,-0.1295
-0.6453,-1.033,-9.9629,2.2629,-5.1646,0.4757,-1.1317,-9.617,5.9359,-0.7638,-6.6119,-5.0732,3.3501,11.5854,-2.3072
-0.5069,-1.6753,-9.6829,2.3616,-4.9652,0.3725,-1.7918,-8.5666,7.8004,-2.5877,-7.2749,-6.4598,3.1331,11.4279,-4.4609
-0.001,-2.176,-8.9828,2.4908,-4.7197,-0.0885,-2.2487,-7.1953,8.4048,-3.7916,-6.9697,-7.5,2.1455,9.7049,-6.3408
-0.2185,-1.8276,-7.8601,2.3635,-4.3705,-0.1604,-2.3174,-5.9847,8.0012,-4.3566,-6.541,-7.7657,1.2353,7.8791,-7.6192
0.276,-1.8356,-6.7964,2.624,-3.8694,-0.1181,-2.588,-4.8182,7.7164,-4.948,-5.7707,-7.5927,0.4296,6.4927,-8.039
0.0786,-1.3845,-5.5819,2.7302,-3.686,-0.5224,-2.337,-3.0954,7.5797,-4.9195,-4.948,-7.2964,-0.1383,5.178,-8.3524
-0.1257,-0.9946,-4.1183,2.4681,-3.1776,-0.3568,-2.8095,-1.7659,7.0245,-5.3949,-4.0701,-6.8747,-1.1543,3.4232,-8.1725
0.0402,-0.4629,-2.783,2.1216,-2.5179,-0.5959,-2.6788,-0.4469,6.355,-5.4841,-3.8194,-6.2542,-2.0894,2.002,-8.2098
0.4058,0.3319,-2.674,2.0312,-1.7228,-0.8149,-2.3374,0.9919,5.9483,-5.2012,-3.0968,-5.6076,-2.9762,0.5769,-8.1403
0.1891,0.7732,-0.3956,1.7784,-1.4353,-0.7892,-2.0738,3.0397,5.6031,-4.9958,-2.5473,-4.9219,-4.4767,-1.4496,-7.4514
0.2683,0.9582,1.8151,1.2341,-0.8147,-1.0081,-1.7558,5.4499,4.7365,-5.1027,-1.2043,-4.2275,-5.4057,-3.4132,-6.7329
0.132,1.6014,4.1045,0.9425,0.3173,-0.8647,-1.424,6.7052,3.1721,-4.4503,-0.0071,-3.1508,-5.563,-5.2581,-5.8138
0.2475,2.6303,5.755,0.8021,1.5229,-0.9221,-0.8839,8.2114,1.9563,-3.4068,1.3042,-1.6619,-5.7915,-6.563,-4.1781
-0.1444,3.1115,7.3418,0.3725,2.4752,-0.6858,-0.4271,9.0486,-0.1692,-2.2508,2.5523,-0.3974,-5.7278,-7.9492,-2.0966
-0.1104,4.2257,7.9945,0.2642,3.3562,-0.8434,0.003,9.7133,-1.7942,-0.7308,3.5067,1.2033,-5.7417,-8.2134,-0.1589
-0.1749,5.0519,9.6952,-0.2628,3.6998,-0.888,0.6438,9.5356,-3.2478,0.6517,4.2956,2.7787,-5.4837,-8.3343,2.9086
-0.2557,5.2505,9.0115,-0.9145,3.8482,-0.5126,1.4967,9.1282,-4.4535,2.3149,4.3666,4.041,-5.1694,-7.8734,5.3947
-0.0147,5.4065,8.4024,-1.2312,3.956,-0.8407,2.2344,8.7377,-5.0456,3.6317,4.2655,4.7654,-4.4598,-6.3126,6.9328
-0.3,5.4628,7.9856,-1.286,3.6835,-0.6111,2.7332,7.4941,-5.1881,4.8167,3.7641,5.3664,-2.9928,-5.4561,7.9941
-0.5843,5.1298,6.8547,-1.6514,3.0488,-0.4176,2.9734,6.138,-5.0035,5.382,3.6252,5.3821,-2.7176,-3.8811,9.0903
-0.9109,5.0506,5.5647,-1.6208,2.5926,-0.1731,3.0501,4.52,-4.9575,5.6122,2.5955,5.2605,-2.0659,-2.2967,8.8931
-0.9152,4.5257,3.7202,-1.3814,2.0956,-0.4078,3.0029,3.0986,-4.717,5.4767,0.9966,4.7895,-1.1477,-0.7296,9.0135
-1.3286,3.5754,2.2839,-0.9438,1.3984,0.0831,2.8615,2.2913,-3.1245,5.2434,0.2576,3.9128,-0.6219,0.5972,8.3971
-1.1828,3.5108,1.6116,-0.787,0.9538,0.7434,2.8397,0.9921,-2.4413,4.8174,-0.1073,2.8089,-0.043,1.886,8.1772
-1.0186,2.6641,0.4259,-0.7093,0.3043,0.1156,3.1021,-0.2966,-1.6977,4.4517,-0.7747,2.1884,0.5514,3.1166,7.3758
-0.8058,2.4433,-0.356,-0.4874,-0.1582,0.504,2.5695,-2.1437,-0.9539,4.1811,-1.0677,1.5444,1.7249,4.8629,6.8067
-0.8314,2.3798,-1.9741,-0.5222,-0.5887,1.1271,2.0803,-4.2621,-0.5915,4.0641,-2.1241,0.9207,2.3101,6.0229,6.1642
-1.3299,1.5641,-4.6426,-0.2384,-1.6146,1.7114,1.8848,-5.7448,0.5184,3.7864,-3.4748,0.3028,2.9911,7.707,5.2146
-1.0553,0.3958,-6.0476,0.4701,-2.6066,0.9818,1.5066,-6.5054,2.1025,2.8573,-4.6774,-0.9952,3.6798,9.7759,3.5335
-0.7864,-0.6986,-7.1263,1.0099,-3.4548,1.0694,0.9946,-8.1463,3.076,1.9994,-5.735,-2.3633,3.6988,10.4519,2.0917
-0.7912,-0.5037,-8.126,1.3217,-4.1677,0.9083,0.6042,-8.4956,3.7193,1.5556,-5.2787,-3.8931,3.5967,10.964,1.2165
-0.7567,-1.1213,-8.9771,1.6007,-4.4351,1.6476,-0.192,-8.8544,5.7239,0.4401,-6.1831,-4.9125,3.6686,11.4875,-0.3452
-0.6774,-1.394,-9.2662,1.8119,-5.0077,1.8032,-0.7667,-9.5037,6.2846,-0.9085,-7.1736,-5.6259,3.5264,11.168,-2.9271
-0.3529,-1.5934,-9.4722,2.097,-5.0848,1.5499,-1.1071,-8.8756,7.1004,-2.2468,-7.1866,-6.4941,3.2364,11.1612,-5.0042
-0.0268,-2.0447,-8.547,2.4845,-5.094,0.9656,-1.523,-8.1398,7.5685,-3.1924,-7.3114,-7.1702,3.0422,10.4297,-6.0177
-0.0635,-1.996,-7.9009,2.602,-4.7591,0.7056,-1.9876,-7.4344,7.5434,-3.3578,-6.579,-7.6187,2.3774,9.476,-6.8212
-0.217,-2.0257,-7.4608,2.3634,-4.4963,0.3679,-2.4423,-6.2859,7.26,-3.7792,-6.5265,-7.2428,1.5486,8.0803,-7.3898
0.1094,-1.9937,-6.0753,2.208,-4.0625,0.357,-2.2512,-5.1835,7.5451,-3.8883,-6.0611,-7.2045,0.8583,6.8025,-7.946
0.1523,-2.0634,-5.3902,2.6436,-3.6678,0.0322,-2.4924,-3.8993,7.1598,-3.8914,-4.7877,-6.7868,0.5214,5.4981,-8.0848
-0.1176,-1.2022,-5.0374,2.5576,-3.2549,0.2578,-2.2116,-2.5373,6.8931,-3.7638,-4.1688,-6.1644,-0.7766,4.1269,-7.5223
-0.0319,-0.825,-3.5043,2.3921,-2.8855,0.0252,-2.4129,-1.0149,6.263,-4.2751,-3.8163,-5.65,-1.3799,3.0681,-7.7256
-0.0504,-0.1294,-1.993,1.9942,-2.6203,0.0824,-2.5239,-0.1505,5.7759,-4.7171,-3.5312,-5.5151,-2.1575,1.5306,-7.4972
0.1519,-0.3513,-1.5296,1.7614,-1.9794,-0.2232,-1.904,1.9266,5.3237,-4.705,-3.4796,-4.3982,-2.6718,0.0978,-7.3309
0.2415,0.1746,0.4365,1.6095,-1.3939,-0.2638,-1.6632,3.815,5.2191,-4.3727,-2.9446,-3.8408,-4.4293,-1.6468,-6.8731
0.1423,0.6743,3.0878,1.2123,-0.4064,-0.1592,-1.6238,6.2171,4.6751,-4.1293,-1.5556,-3.6046,-4.8604,-3.494,-5.7353
0.2678,1.7192,5.4997,0.8237,0.5883,-0.3818,-1.1591,7.4038,2.464,-3.2818,0.0233,-2.8038,-5.2886,-5.5583,-4.5137
0.3627,3.1528,6.5199,0.1734,1.8097,-0.6064,-0.7428,8.849,1.133,-2.2389,1.0496,-1.6225,-5.5474,-6.8946,-2.8803
0.2157,4.002,8.0832,-0.3297,2.1374,-0.6409,-0.2223,10.4408,-0.1887,-1.2889,2.1476,-0.1421,-6.0347,-7.9416,-1.513
0.5765,4.14,9.612,-0.712,2.7979,-0.6639,0.5023,10.5879,-2.0465,-0.6708,3.1555,1.4581,-5.8183,-8.9889,0.0531
-0.0826,4.7674,10.0366,-0.9473,3.6483,-0.4138,1.2527,10.1812,-3.5986,1.17,4.0167,2.8802,-5.4659,-8.6346,2.4747
-0.9855,5.293,9.0828,-1.2538,3.8969,0.3142,1.8249,9.4053,-5.0155,2.8048,4.2819,4.3854,-5.132,-8.0672,5.3191
-1.1059,5.5494,8.0058,-1.5965,3.6546,0.5265,2.2687,8.47,-5.3737,3.8239,3.6815,4.767,-4.4882,-6.5483,6.9231
-1.104,5.1505,7.0133,-1.5833,3.1526,0.4941,2.4625,7.6651,-4.854,4.2115,3.7677,5.1695,-3.8443,-4.9436,8.011
-1.4548,3.9794,6.1555,-1.2834,2.7775,1.0335,2.7115,5.6449,-5.2389,4.6569,3.1632,5.0494,-2.9821,-3.9537,8.2339
-0.9509,4.0736,4.9562,-1.2632,1.8438,1.2581,2.6977,4.5102,-4.3289,5.1599,2.1688,5.0398,-1.8667,-2.2421,8.6725
-1.1072,3.9015,3.8528,-1.0474,1.5077,1.4954,2.5016,2.4837,-4.3397,5.0859,1.5367,4.6557,-1.0773,-0.6737,8.4854
-0.591,3.4343,2.6411,-1.0144,1.0189,1.739,2.4657,0.8417,-3.8882,4.9664,1.0408,3.9455,-0.5953,1.0671,7.8162
-0.5547,3.272,1.2348,-1.1185,0.7388,0.9625,2.4612,-0.3751,-3.0325,5.2037,0.0695,3.2701,0.257,2.8542,7.771
-0.7994,2.7842,-0.0863,-0.8194,0.0263,0.9586,2.2615,-2.1795,-3.0165,5.1419,-1.0194,2.596,0.7549,4.4617,7.4429
-0.5024,2.3237,-1.2991,-0.4348,-0.4727,0.6825,2.0089,-3.603,-1.9905,4.9807,-1.7745,1.7649,1.7603,6.8992,6.608
-0.43,1.841,-3.7637,-0.0911,-1.1855,0.9432,1.5656,-5.3033,-0.8279,4.8835,-2.9197,0.7306,2.96,8.3477,5.5235
-0.8807,1.233,-5.1366,0.0518,-2.4991,1.1458,1.3063,-7.4236,0.3965,3.9969,-4.0236,-0.4873,3.7911,9.709,4.8421
-1.1369,0.0434,-7.3676,0.4499,-3.4004,1.4944,0.9046,-8.5651,2.2787,3.0185,-5.4571,-1.8689,4.2039,11.0982,2.7126
-0.1217,-1.2715,-8.4327,1.1453,-4.2017,0.8485,0.3125,-9.5043,4.1388,1.7535,-6.415,-3.4307,4.1539,12.2311,0.9113
0.0819,-1.5398,-8.8585,1.6358,-5.0159,0.5234,-0.2377,-9.7171,5.3493,1.4521,-6.7063,-5.0159,4.2593,12.5066,-0.3245
-0.2694,-1.3928,-9.2483,1.8346,-5.0949,0.5002,-1.1799,-9.7542,6.355,0.4324,-6.6584,-5.9916,3.7189,12.4628,-1.8957
-0.2305,-2.1602,-8.9784,2.0164,-4.9984,0.4013,-1.7705,-9.721,7.1106,-1.0457,-6.6864,-6.7481,3.1308,11.8015,-3.5628
-0.4991,-2.4039,-8.7984,2.5758,-4.9331,0.5311,-2.06,-9.0127,6.9215,-1.7339,-6.5071,-7.1856,2.7439,11.162,-4.9235
-0.109,-2.07,-8.5828,2.448,-4.7829,0.5767,-2.5521,-8.4249,7.5901,-2.7722,-6.5484,-7.6325,2.3517,10.2978,-6.5322
-0.0469,-1.9826,-8.0889,2.409,-4.3842,0.2971,-2.466,-7.4857,7.6803,-3.1353,-6.3753,-7.6738,1.7079,9.0034,-7.6767
-0.2024,-1.6415,-7.2417,2.4488,-4.21,0.1669,-2.4681,-5.8618,7.9425,-3.5342,-5.7228,-7.8089,1.1826,7.8382,-8.185
0.0318,-1.2655,-5.9358,1.9143,-3.6496,-0.1539,-2.6618,-4.9348,7.1041,-4.1268,-5.8037,-7.5383,0.2273,6.2114,-8.7084
0.7359,-1.088,-4.5045,1.822,-3.219,-0.6871,-2.3891,-2.8777,7.369,-4.1866,-5.0605,-7.1724,-0.6084,5.179,-8.5501
0.4877,-0.6731,-3.0302,1.7653,-2.849,-1.0863,-2.2684,-1.2088,6.7113,-3.9988,-4.1798,-6.5573,-1.1589,3.2228,-8.2036
0.1267,-0.3914,-1.6755,1.7971,-2.1879,-1.22,-2.4493,0.438,6.0946,-3.8204,-3.2466,-6.2685,-2.1543,1.6457,-7.8361
-0.186,0.0626,-0.3713,1.6557,-1.6951,-0.7964,-2.3246,1.7331,5.0875,-3.649,-2.055,-5.8103,-2.9385,-0.4396,-7.2561
-0.3714,0.8545,1.1256,1.4271,-0.7529,-0.5708,-2.0921,3.2937,4.2697,-3.4776,-1.169,-4.6999,-3.6919,-2.2615,-6.2801
0.0599,1.3846,2.7394,1.2427,-0.3758,-0.1848,-1.9069,4.7748,3.3118,-3.331,-0.1916,-3.8034,-4.2892,-3.8851,-5.2974
-0.0418,2.3394,4.4662,0.9762,0.5828,-0.1466,-1.5916,6.1485,2.1549,-2.4445,1.4646,-2.8829,-4.989,-5.0452,-4.2902
0.0945,3.4796,6.1534,0.178,1.4746,-0.1033,-1.2035,7.1778,0.9495,-1.8983,2.2838,-1.4336,-5.4202,-6.167,-2.8381
0.0507,4.1981,7.3743,-0.457,2.3153,-0.2034,-0.446,7.0413,-0.9521,-1.044,3.0001,0.2923,-5.5951,-7.0469,-1.2424
0.055,4.6969,7.0337,-0.9176,3.0655,-0.2844,0.0747,8.595,-2.5379,0.2008,3.2024,1.8803,-5.6792,-7.2301,0.1522
0.1757,4.9384,7.4441,-1.3809,3.1075,-0.2796,0.4794,8.4028,-3.4533,0.9443,3.3522,2.6905,-5.3053,-7.0302,2.1898
0.1681,4.8831,7.7006,-1.8174,3.5523,-0.4021,0.9933,7.9423,-3.8075,2.4798,3.2164,3.8904,-4.8983,-6.2006,3.6294
-0.1639,4.5027,7.0455,-1.8362,3.5745,-0.5322,1.7548,7.4372,-4.6632,4.059,2.9405,4.1778,-4.388,-5.5279,5.6129
-0.4914,4.2833,6.6875,-1.6668,3.0392,-0.4889,2.1139,6.6415,-4.4942,4.9053,2.7687,4.4354,-3.5063,-4.6631,6.9818
-0.9271,4.3505,5.7928,-1.5496,2.5284,-0.0422,2.2196,5.7805,-4.2742,5.2479,2.6701,4.2801,-3.1824,-3.5316,7.6426
-1.3999,4.5327,4.9848,-1.5876,2.2441,0.3271,2.3656,5.1138,-4.0643,4.4468,2.0171,3.9749,-2.6263,-2.5128,7.5814
-1.0546,3.2236,4.5309,-1.3097,1.8375,0.6229,2.1418,3.8923,-4.0524,4.472,2.08,3.9573,-2.0232,-1.7353,7.247
-0.7665,3.3888,3.313,-1.4194,2.1283,0.695,2.0923,2.653,-3.9716,5.0924,1.3749,3.5155,-1.6671,-0.3561,7.2812
-0.8938,3.4911,2.4883,-1.4199,1.6834,1.0268,1.9864,1.4083,-3.1895,5.5409,1.2981,2.9486,-0.8156,1.056,7.47
-1.3697,2.9977,0.6219,-1.068,1.1402,1.6064,2.0806,-1.1224,-3.588,5.6406,0.5629,2.5777,0.1108,2.0646,7.5343
-1.1337,2.4939,-0.9262,-0.4423,0.2252,1.5678,1.7841,-2.4604,-1.7338,5.3278,-0.2282,2.3283,1.1244,4.0683,7.1849
-1.2905,2.0794,-2.4373,-0.718,-0.338,1.3955,1.6297,-4.3353,-0.8679,4.8826,-1.2351,1.1838,2.1369,5.6048,6.1904
-1.5904,1.1894,-4.4686,-0.3512,-1.0693,1.7057,1.2588,-5.9691,-0.5092,4.6599,-2.4459,0.2029,2.7663,7.0534,4.6551
-1.2016,0.2624,-5.9881,0.0568,-2.047,1.6106,1.046,-7.3176,0.9935,4.0968,-3.4456,-0.8875,3.0358,8.6718,3.8251
-1.1653,-0.5177,-6.7811,0.7084,-3.1241,1.5953,0.636,-7.8716,2.8124,3.4199,-4.3969,-1.8088,3.1712,10.2191,2.5668
-0.3516,-1.0701,-7.4893,1.1156,-3.9533,1.308,0.2481,-8.654,3.5225,2.2377,-5.6058,-3.2289,3.527,10.5601,0.8537
-0.3461,-1.3106,-8.2162,1.7217,-4.2459,0.8999,-0.2417,-8.6238,4.5442,1.6814,-5.6819,-5.0165,3.3036,10.9378,-0.6888
-0.7825,-1.6482,-8.678,1.883,-4.5613,0.5376,-0.796,-8.6289,5.3409,0.5474,-6.0381,-6.027,3.3368,10.924,-1.8641
-0.8539,-1.7414,-9.0211,1.9552,-4.8052,0.6211,-1.4151,-8.3141,6.0317,-0.5261,-6.3728,-6.7624,2.9135,10.3954,-3.5399
-0.6044,-1.4781,-8.4008,2.143,-4.5834,0.4563,-1.8314,-7.8271,7.2665,-1.8616,-6.2676,-7.3879,2.5709,9.9496,-5.2758
-0.5279,-2.0697,-7.6998,2.0019,-4.4147,0.7545,-2.4131,-7.5301,6.8356,-2.9363,-6.267,-7.6409,1.7326,8.7265,-6.3351
-0.5541,-1.4196,-7.2406,1.9201,-4.3979,0.8651,-2.7062,-6.7125,6.8264,-3.2572,-5.8761,-7.9039,1.1223,7.9031,-7.4649
0.0379,-1.4904,-6.5711,1.8775,-3.929,0.431,-2.8582,-5.5719,7.0085,-3.9067,-5.7946,-7.7488,0.6355,7.0935,-8.2048
-0.1706,-1.2766,-5.389,1.9164,-3.437,0.3567,-2.9002,-4.7681,6.6953,-4.0071,-5.245,-7.4696,-0.0653,5.5698,-8.3921
-0.1213,-0.7735,-4.8466,1.5861,-2.9829,0.1895,-2.7593,-3.0697,5.8002,-3.6651,-4.4692,-7.2116,-1.0044,4.4929,-8.0239
-0.3236,-0.8868,-3.931,2.2256,-2.7585,0.3861,-2.7382,-1.9982,6.1446,-3.8663,-3.6885,-6.436,-1.6015,3.4882,-8.0655
-0.1004,-0.0392,-2.4075,2.0061,-2.1298,0.2668,-2.5308,-0.838,5.5612,-3.5675,-2.8867,-5.6986,-2.2251,2.2022,-7.8681
0.0843,0.3384,-1.7228,1.3402,-1.8791,-0.2424,-2.3561,0.3757,5.1539,-3.4929,-2.7629,-5.1684,-2.9238,0.5192,-7.337
-0.0418,-0.4942,-0.3095,1.2075,-1.4522,-0.3305,-2.2458,2.2921,4.3593,-3.325,-2.1559,-4.58,-3.7821,-1.0986,-6.5621
0.1049,0.7433,1.9189,0.8771,-0.9317,-0.3939,-1.9954,4.3016,4.1031,-2.839,-1.0072,-3.5485,-4.3426,-2.3718,-5.9796
0.1838,1.4452,4.0124,0.6031,-0.232,-0.3554,-1.5827,5.4047,2.6117,-2.6824,0.0537,-3.1419,-4.7397,-3.8894,-4.9155
0.2243,2.4058,5.6657,0.2924,0.6753,-0.5253,-1.1843,6.4865,0.9748,-2.2376,1.7685,-2.051,-5.5045,-5.3757,-2.9221
0.3626,2.6738,6.061,0.1734,1.8378,-0.8407,-0.6969,7.6035,-0.6346,-0.8774,3.1158,-0.3298,-5.5734,-6.1564,-1.2534
0.3221,4.5,7.6672,-0.5627,2.1295,-1.0677,-0.2181,8.2445,-2.127,0.8001,3.5794,1.3849,-5.491,-6.5042,0.7949
0.1819,4.731,8.2653,-0.9341,2.5772,-1.1835,0.4521,8.0667,-3.3162,1.6017,4.2198,2.5342,-5.2997,-6.2354,2.488
-0.3253,5.3756,7.8524,-1.6609,2.9735,-0.9518,0.9704,7.16,-4.7658,3.4291,4.3076,3.6802,-4.882,-5.3709,4.2548
-0.4852,5.1119,6.5033,-1.8516,2.8273,-0.5213,1.5448,6.3677,-5.1238,4.1306,4.1239,4.4349,-4.2337,-4.066,6.3328
-0.5557,4.7637,5.6265,-2.1321,2.5721,-0.5994,1.8614,4.7665,-5.1563,5.0143,3.2995,4.769,-3.4125,-3.0292,7.1929
-0.7362,4.2135,4.1322,-2.0684,1.92,-0.4662,2.1897,3.1664,-4.9428,5.4834,2.0005,4.8652,-2.5834,-1.5101,6.8723
-0.6483,4.2639,2.8201,-1.8305,0.8849,-0.4968,2.5313,2.0718,-4.3528,5.203,1.7118,4.3655,-1.5409,0.2367,7.3259
-0.7277,3.3549,1.3829,-1.5919,0.3291,0.151,2.3552,0.8318,-3.855,4.7484,0.9558,3.8962,-0.7829,1.644,7.2455
-1.2453,2.9552,0.391,-1.3308,0.1404,0.5025,2.1795,-0.7069,-2.9014,4.6016,-0.7271,2.9902,-0.4955,3.2573,6.4987
-1.55,1.9625,-0.9857,-1.0554,0.0356,0.9742,1.7041,-1.8223,-2.1947,4.0911,-1.3085,1.8066,0.2733,5.2091,5.6809
-1.2475,1.1288,-2.2917,-0.5074,-0.5445,1.0726,1.5627,-3.5661,-0.9203,3.5942,-1.9678,1.0908,0.7588,6.0378,4.7003
-1.0021,0.8919,-3.7903,-0.4197,-1.3231,1.2413,1.3462,-4.4531,0.1665,3.7566,-2.5315,0.152,1.4622,6.7126,4.2235
-0.8126,0.2303,-4.7829,0.2486,-2.082,1.247,0.9998,-5.8983,0.6497,3.743,-2.9562,-1.11,1.9184,7.5562,3.2643
-0.7419,-0.0369,-5.9755,0.4824,-2.8646,1.1661,0.7821,-6.8146,1.9091,3.0454,-4.1786,-2.1197,2.3971,8.8404,2.1536
-0.6199,-0.4597,-7.5021,0.7005,-3.7021,1.1201,0.0404,-7.8638,2.7398,2.2795,-4.8809,-3.154,2.5595,9.3884,1.0484
0.0819,-0.736,-7.7312,0.8967,-4.2339,0.6012,-0.501,-7.8797,4.533,1.2092,-5.3321,-4.2946,2.8586,9.9917,-0.0149
-0.0188,-1.3921,-7.7479,1.1348,-4.7313,0.4968,-1.18,-8.4556,4.85,0.5859,-5.913,-5.1425,3.0289,10.0805,-1.5175
-0.3011,-1.6871,-8.1718,1.3313,-4.9188,0.5788,-1.7361,-8.2615,5.8564,-0.3185,-5.3535,-6.0841,2.6114,9.9165,-3.0559
-0.3002,-1.4999,-8.0093,1.7074,-4.7081,0.4987,-2.3507,-7.6895,6.5928,-1.6644,-5.4365,-6.1384,1.9148,9.5293,-4.6841
-0.3811,-1.3081,-7.6726,1.707,-4.5069,0.4089,-2.5026,-7.381,6.7376,-2.4891,-5.7943,-6.4417,1.3859,8.582,-6.0928
-0.2732,-1.4566,-6.5172,1.9628,-3.976,0.525,-2.7814,-6.744,6.5333,-3.2331,-4.9089,-6.6928,0.7905,7.5711,-6.9071
0.0157,-1.5662,-6.0651,1.8739,-3.8693,0.2516,-2.8743,-5.8359,6.3072,-3.3753,-4.503,-6.5429,0.7288,6.4761,-7.5465
0.3833,-1.0195,-5.3694,1.7085,-3.4995,0.049,-2.7187,-4.6994,5.8241,-3.1916,-4.1807,-6.1135,0.1534,5.4786,-7.6138
-0.2467,-0.1792,-4.6089,1.3647,-3.236,0.0494,-2.8473,-3.8359,5.4601,-2.8683,-3.7061,-5.8044,-0.4315,4.2505,-7.7457
0.1429,-0.4949,-3.7545,1.2295,-3.0223,-0.128,-2.8343,-2.1805,5.3623,-3.8353,-3.473,-5.3982,-1.1766,3.7123,-7.1277
0.0709,0.0365,-2.6784,1.0276,-2.5202,-0.6682,-2.6082,-1.3234,5.3672,-3.5301,-3.1231,-4.8065,-1.895,2.4812,-7.3016
0.1615,0.3243,-1.6837,1.0886,-2.0598,-0.6062,-2.5053,-0.0437,4.8965,-3.6974,-2.2231,-4.2048,-2.847,1.2572,-6.8244
-0.2683,0.2401,-0.3339,1.0605,-1.6192,-1.0647,-2.5866,1.6674,4.7907,-3.5595,-1.9487,-3.6675,-3.685,-0.3393,-5.9797
-0.5979,0.7322,1.2594,0.7302,-0.9464,-0.7188,-2.3587,3.2316,3.5545,-3.2306,-0.9532,-2.5278,-4.3865,-1.9901,-5.3941
-0.3065,1.4417,2.8789,0.3535,-0.1623,-0.5422,-1.9787,4.9895,2.6314,-2.7831,0.2564,-2.2637,-4.8967,-3.5564,-4.5765
-0.0747,2.4203,4.2429,0.2447,0.769,-0.6775,-1.6763,5.8746,1.3076,-2.1457,1.3751,-1.3684,-4.8886,-4.8707,-3.4722
-0.428,3.294,5.6018,-0.2736,1.6223,-0.5134,-1.2201,6.6366,-0.3939,-1.2685,2.231,-0.0618,-5.2604,-5.6984,-2.2905
-0.2791,4.1355,6.3988,-0.7337,1.8386,-0.7579,-0.5925,7.3424,-1.3399,-0.7152,2.6221,1.2558,-5.5715,-6.3132,-0.6755
-0.3992,3.9132,6.2293,-0.8373,2.6457,-1.0908,-0.1389,7.7587,-2.9585,0.2648,2.8234,2.3999,-5.5371,-6.0298,0.5373
-0.3693,3.563,6.6664,-1.0991,2.6068,-0.8298,0.3796,7.8102,-3.3579,1.4087,3.0,3.3307,-5.2679,-5.8765,2.2683
-0.4887,4.1387,6.8219,-1.3031,2.2099,-0.5156,0.8888,6.8252,-4.5731,2.9923,3.2177,3.75,-4.7576,-5.5516,4.3259
-0.7732,4.423,6.0595,-1.4614,2.3861,0.0808,1.0727,6.3455,-4.6441,3.5165,2.896,4.2492,-4.3484,-4.234,5.0743
-0.9808,4.2538,5.622,-1.4533,2.1062,0.1697,1.3534,5.2195,-4.5453,3.8502,2.5998,4.2384,-3.8999,-3.4521,6.1685
-1.2829,3.8529,4.7559,-1.4499,2.1305,0.2182,1.5387,3.981,-4.7509,4.4124,2.5068,4.2194,-3.2704,-2.4297,6.7479
-0.9258,3.2275,3.7571,-1.2419,1.8006,0.2357,1.65,2.5708,-4.3496,4.683,2.2102,4.1274,-2.6241,-1.231,7.3345
-1.0806,3.1331,2.4203,-1.1269,1.209,0.449,1.8861,1.2295,-3.5079,5.3261,1.5342,4.0152,-2.1419,0.3454,7.8469
-1.3437,3.3336,1.0859,-1.2498,0.5471,0.4143,1.7907,0.2095,-3.3073,5.323,0.7738,3.49,-1.1155,1.6817,7.3598
-1.22,3.2655,0.2293,-0.9961,0.0546,0.6346,1.6491,-1.0021,-2.2436,4.8107,-0.0772,3.0009,-0.3909,2.9361,6.6837
-1.1138,2.7294,-1.0707,-0.6495,-0.3697,0.9299,1.468,-1.8491,-1.8937,4.2982,-0.7192,2.1925,0.4036,4.4053,5.8939
-0.6785,1.8005,-2.0111,-0.1254,-0.9418,0.6732,1.1695,-3.2557,-1.3163,4.0195,-1.2171,1.8486,1.5159,5.3355,5.2085
-0.4216,1.619,-3.1208,-0.3936,-1.4922,0.507,0.9447,-5.0388,-1.0402,4.3093,-1.8904,0.7412,1.88,6.5457,4.5193
-0.5976,1.1328,-4.9611,-0.147,-2.259,0.2421,0.5078,-5.9252,0.0342,4.2421,-2.93,0.0174,1.9565,8.4752,3.5627
-0.7343,0.0785,-6.3365,0.2964,-3.1271,0.3468,0.3425,-7.045,1.4527,3.1716,-4.5233,-1.0257,2.4128,9.2836,2.261
-1.1574,-0.5049,-7.2898,0.8259,-3.9206,0.222,0.0377,-7.5669,2.7054,2.377,-5.2586,-2.4245,2.4576,9.8567,0.7219
-1.3153,-1.4016,-7.9889,1.2334,-4.5617,0.5741,-0.5597,-7.6214,3.7189,1.1895,-5.871,-4.0132,2.586,10.1605,-0.9142
-1.0661,-1.7948,-7.6869,1.9188,-4.9402,0.7105,-1.2244,-7.385,5.3522,-0.3768,-5.1218,-5.396,2.1605,9.969,-2.6193
-0.9076,-1.2024,-7.4013,1.6253,-4.6762,0.9937,-1.958,-7.5032,5.6026,-1.4955,-5.5498,-5.983,1.9368,9.1113,-4.2661
-0.7461,-1.3046,-6.8613,1.441,-4.2748,0.7243,-2.4814,-6.754,5.7472,-2.3987,-5.1393,-6.2784,1.7509,8.4449,-5.6655
-0.2361,-1.5585,-6.5363,1.5851,-4.4035,0.4315,-2.7657,-6.3325,5.8362,-2.9134,-5.0773,-6.302,1.3083,7.4219,-7.2058
0.0568,-1.899,-5.6787,1.7719,-4.0738,-0.1897,-2.7186,-5.2585,5.9936,-3.3331,-4.5414,-6.6056,0.4422,6.767,-7.9654
0.102,-1.4122,-5.0079,1.6138,-3.2263,-0.2943,-2.8051,-4.3291,5.7843,-3.1688,-3.8134,-6.2789,-0.4612,5.8155,-7.6149
0.0398,-0.5969,-3.9128,1.453,-2.8399,0.035,-2.7311,-4.1242,5.0084,-2.9464,-3.3969,-5.5715,-0.3398,4.5493,-6.8688
-0.0474,-0.3536,-3.9761,1.4331,-2.6794,-0.3899,-2.4951,-2.7861,4.7373,-2.7629,-2.991,-5.1003,-0.9355,3.738,-6.4634
0.1459,-0.1265,-2.9514,1.2931,-2.2776,-0.8835,-2.2816,-1.6966,4.3492,-2.6102,-2.7219,-4.4731,-1.7755,2.6082,-6.7221
0.2928,0.2555,-2.3968,1.0706,-2.0123,-1.0777,-2.2557,-0.1246,4.0075,-2.816,-2.4318,-4.0989,-2.0891,1.6847,-6.4449
0.448,0.9646,-0.8411,0.8881,-1.7486,-1.2859,-2.0804,1.6499,3.6949,-2.9055,-2.0313,-3.9048,-2.8182,0.2135,-5.5076
0.005,1.0865,0.8306,0.7985,-1.061,-0.7519,-1.9813,3.1014,3.057,-2.7829,-0.9212,-3.3269,-3.6854,-1.4417,-4.8554
-0.2842,1.6202,2.3958,0.4673,-0.2911,-0.5685,-1.8176,4.4077,2.1322,-2.6506,-0.2535,-2.5719,-4.5388,-2.7744,-4.4957
-0.5189,2.3194,3.9001,0.2567,0.7084,-0.8269,-1.7226,5.7046,0.6548,-2.0258,1.1196,-1.6966,-4.7688,-4.2399,-3.6793
-0.4749,2.651,4.9758,0.0774,1.4486,-0.6869,-1.2763,6.6397,-0.3527,-1.5936,2.108,-0.273,-5.1405,-5.6718,-2.52
-0.6918,3.1961,5.6312,-0.4557,2.0327,-0.5001,-0.6496,7.1175,-1.7644,-0.591,2.6716,0.7931,-5.3746,-6.3242,-1.0973
-0.9528,4.7622,6.0089,-1.1324,2.4051,-0.187,-0.1156,7.2631,-2.73,0.4759,3.0108,1.8802,-5.4088,-6.396,0.5494
-0.5765,4.7244,6.0521,-1.4612,2.6554,-0.0525,0.6715,7.3378,-3.8784,0.7462,2.6488,2.7703,-4.7782,-6.161,2.0048
-0.6044,3.9316,6.1315,-1.2682,2.9953,-0.198,1.0782,7.3168,-3.7924,2.0283,2.8389,3.2511,-5.3909,-4.9781,3.2466
-0.4972,4.3233,6.2295,-1.5503,2.8319,-0.0418,1.6275,6.9662,-4.1721,3.536,2.7222,3.2638,-4.574,-5.2759,4.6394
-0.6585,3.9616,6.0182,-1.3322,2.9205,0.0657,1.8658,6.514,-4.0576,4.2456,3.1602,3.528,-4.3359,-4.5851,5.9148
0.0833,3.9413,5.9686,-1.3261,2.52,-0.0399,1.8998,6.0787,-4.4269,5.1876,3.1508,3.8455,-3.4952,-4.0088,7.0998
-0.3709,4.1844,5.1683,-1.4406,2.3007,-0.035,2.2696,4.9245,-4.5482,5.8099,3.1089,3.9795,-2.7743,-3.0004,8.4123
-0.4308,4.1739,4.3584,-1.549,1.9554,0.1156,2.2916,3.6925,-4.8157,6.0013,2.6695,4.0105,-2.2465,-1.6654,8.847
-1.0021,3.925,2.784,-1.4308,1.7145,0.3321,2.127,2.1911,-4.3133,5.881,1.8986,3.6824,-1.6596,0.001,8.9292
-1.1473,3.4836,1.8442,-1.39,1.2365,0.528,2.0755,0.5602,-4.133,5.9725,0.8263,3.5372,-1.0241,1.4232,7.8463
-1.021,3.162,0.3982,-1.3927,0.7395,0.6893,1.8578,-0.2248,-3.3278,5.5944,0.1014,2.8905,-0.5678,3.1745,7.3708
-0.9287,2.3797,-0.7664,-1.1622,-0.0021,0.8876,1.6416,-2.2906,-2.6202,4.9489,-0.5044,1.9978,0.4949,4.4911,6.7245
-0.6369,2.2891,-2.0905,-0.904,-0.3199,0.4715,1.2748,-3.7133,-2.1108,5.1723,-1.0726,1.2747,1.0154,6.4365,6.2028
-1.1174,2.0451,-3.8438,-0.5975,-1.2568,0.6412,1.1037,-5.4755,-1.8585,4.9496,-1.7758,0.6605,1.6101,7.9817,5.1678
-1.4713,1.5091,-6.0156,-0.2679,-2.1038,0.9921,0.6828,-7.3824,-0.6197,3.9288,-3.0504,-0.0809,2.3318,9.4997,3.6905
-1.2882,0.7341,-7.3955,0.1009,-2.9533,0.8579,0.4165,-8.1385,1.4812,2.5733,-4.0486,-1.1524,3.9567,10.6206,2.4924
-1.0671,-0.1687,-8.4804,0.5176,-3.8131,0.8079,-0.1495,-9.6888,3.1253,1.5343,-5.3928,-2.5124,3.9042,11.5213,0.5301
-0.6489,-1.6818,-9.7468,0.9373,-4.1624,0.7991,-0.7965,-9.8803,4.6042,0.6226,-6.3554,-4.2104,3.6885,11.8824,-1.5935
-0.8444,-2.9844,-9.8923,1.621,-5.0687,1.2279,-1.7798,-9.6259,5.2386,0.0291,-6.5757,-5.6076,3.259,11.9766,-3.1773
-1.0307,-2.4926,-9.6546,2.2048,-5.1161,0.9849,-2.3903,-9.6176,6.1814,-1.0039,-6.8399,-6.3375,2.7168,11.5791,-5.3931
-0.5905,-2.4764,-9.2651,2.3288,-4.7051,0.767,-3.0716,-9.0206,6.5426,-2.4173,-6.4467,-7.2133,2.3121,10.4306,-6.8322
-0.1487,-2.5584,-8.8053,2.2064,-4.7352,0.4585,-3.1014,-7.7809,7.4131,-3.059,-6.105,-7.4362,1.4799,8.9826,-8.0309
-0.2742,-2.03,-7.4276,2.1344,-4.4063,0.5724,-3.4825,-6.4091,7.31,-3.5588,-5.3815,-7.4056,1.1044,7.9166,-8.454
0.0622,-1.568,-5.8335,2.2194,-3.655,0.4411,-3.5109,-5.3819,6.8151,-3.8153,-4.5931,-7.001,0.0673,6.5494,-9.2729
0.3096,-0.8776,-4.8686,1.9,-3.0125,0.134,-3.4106,-4.2319,5.4437,-3.4857,-3.5443,-6.6094,-0.3271,5.1809,-8.9855
0.0193,-0.4939,-3.9544,1.7429,-2.7686,0.1358,-3.4179,-2.8429,4.3106,-3.0202,-3.3378,-6.0499,-1.0973,4.6762,-8.1983
0.141,-0.2333,-2.9654,1.5189,-2.578,0.053,-3.1619,-2.1418,4.4973,-3.0871,-2.9168,-5.5818,-1.9016,3.6174,-7.2273
0.1537,0.1494,-1.8619,1.196,-2.0905,-0.2373,-2.8201,-0.9705,4.9999,-2.9735,-2.3634,-4.8599,-2.8326,2.2352,-6.6781
-0.0209,0.6128,-1.2121,0.786,-1.7375,-0.6244,-2.5199,0.9387,3.8361,-2.7791,-1.9828,-4.4847,-2.8455,0.5606,-6.507
-0.1201,1.0752,0.4607,0.474,-1.2402,-0.9723,-2.3143,2.7344,3.186,-3.0002,-1.4527,-4.2503,-3.5048,-0.7732,-5.5987
-0.6715,1.537,2.0344,0.3813,-0.501,-0.8648,-2.4441,3.8291,2.2657,-2.8196,-0.9653,-3.5024,-3.4385,-2.7042,-5.4979
-0.5721,1.6028,3.4595,0.2615,0.5602,-0.8779,-2.0573,5.5042,1.4878,-2.6574,0.6469,-2.7739,-4.3044,-4.2738,-4.7655
-0.1859,2.4224,5.2841,-0.0698,1.5536,-1.0481,-1.5812,6.8844,0.3622,-1.7779,0.647,-2.1224,-5.5621,-5.5662,-3.8206
-0.4478,3.4542,6.378,-0.505,2.0926,-0.8902,-1.0403,8.3788,-1.564,-0.7203,2.322,-0.7503,-5.9372,-6.652,-2.6144
-0.3577,3.5477,7.7293,-0.7968,2.7895,-1.1068,-0.356,9.1914,-2.5127,-0.0764,3.4074,0.687,-6.1832,-6.974,-0.7637
-0.3853,4.5651,8.3728,-1.4651,3.7603,-0.8978,0.2993,9.2815,-4.146,1.1382,3.8316,2.018,-5.9826,-7.4026,1.7043
-0.5344,5.0422,8.423,-1.8316,4.1764,-0.7576,1.0011,9.0484,-5.2088,2.7419,4.2226,2.9953,-5.3746,-7.4149,4.0443
-0.4648,5.4226,8.361,-2.1309,3.7978,-0.99,1.8031,8.22,-6.1134,4.2722,4.8101,3.7349,-5.0483,-6.726,6.1018
-0.703,5.172,7.4187,-2.205,3.6644,-0.8016,2.0406,7.8035,-5.8655,4.8853,4.3703,4.7879,-4.3357,-5.3645,7.805
-0.8135,5.4446,8.2231,-2.4345,3.6285,-0.7135,2.117,6.3825,-5.9039,5.5932,4.1077,4.7829,-3.4625,-4.2858,8.4659
-0.5053,5.4961,6.9857,-2.485,3.309,-0.8064,2.2718,5.0453,-6.9401,6.1919,3.599,4.9008,-2.6267,-2.6519,9.0507
-0.777,4.8015,5.6071,-2.1984,2.5799,-0.2928,2.1176,3.0551,-7.1641,6.3857,3.4007,4.9653,-2.2801,-1.192,9.4225
-1.0956,4.3667,3.6311,-2.3698,2.3781,0.0503,2.1416,1.5896,-6.321,6.5047,2.1923,4.6019,-1.3362,0.8541,9.3025
-1.1655,2.9785,1.7943,-1.823,1.8901,0.4163,1.7224,0.5049,-5.1326,6.5185,1.482,3.9503,-0.5108,2.2875,9.068
-1.302,2.5944,0.6505,-1.4343,1.2931,0.9927,1.6475,-1.609,-4.6379,6.5864,1.1431,2.7847,0.7847,3.5357,8.4347
-1.2276,2.1588,-1.5831,-1.2771,0.6222,1.1304,1.555,-3.8113,-4.0166,6.6489,0.1444,2.654,1.6481,5.4432,8.1716
-1.0767,2.4588,-3.6688,-1.2365,-0.061,1.3262,1.1836,-5.464,-2.8345,6.5658,-1.1064,2.1724,2.4854,7.4671,7.3457
-1.4514,1.7187,-5.8376,-1.0223,-1.0952,1.6015,0.7363,-8.103,-2.2012,6.2607,-2.604,0.9882,3.6282,9.4203,6.2843
-1.4426,0.5852,-8.0031,-0.4898,-2.2647,1.5292,0.4218,-9.6249,-0.2242,4.9967,-4.4265,-0.4711,3.9638,11.1427,4.6904
-1.0643,-1.1073,-9.5361,-0.0885,-3.4317,1.299,-0.0701,-10.5793,1.356,3.506,-5.7463,-2.0916,4.1534,12.6967,2.0336
-0.9785,-1.918,-10.198,0.5835,-4.272,1.3421,-0.5602,-11.2137,3.7553,2.3044,-6.1236,-4.5325,4.4938,13.5873,0.4089
-0.875,-2.1023,-10.5244,1.2211,-5.0843,1.4058,-1.008,-11.4568,5.1042,1.0132,-6.6686,-5.7212,4.8125,13.7271,-1.6294
-0.5144,-2.2658,-10.5468,1.5832,-5.1042,1.0058,-1.9321,-11.3657,5.6067,-0.2725,-6.7452,-6.7035,4.5862,13.5428,-4.1235
-0.0769,-1.8444,-9.999,1.7998,-5.0162,1.0309,-2.5043,-11.2826,6.6917,-1.2952,-6.5683,-7.3462,4.1569,13.0102,-5.3787
-0.0664,-2.1973,-10.0949,1.9534,-4.7739,0.6311,-3.1154,-11.0186,6.2775,-2.542,-6.6207,-7.9818,3.7854,11.7259,-6.9046
0.0181,-2.2644,-9.6875,1.9896,-3.8252,0.4875,-3.6751,-9.9859,6.8675,-2.6599,-6.0989,-8.0577,3.038,10.78,-7.495
0.0902,-1.5683,-9.0451,1.9093,-3.6505,0.3724,-3.8194,-8.8713,7.413,-2.6531,-5.6446,-8.5431,1.9452,9.4691,-8.2779
0.0424,-1.6251,-8.1199,1.5406,-3.4966,0.0757,-3.8112,-7.4804,6.8083,-3.2795,-5.3106,-8.1328,1.1669,8.2524,-8.8847
0.2041,-1.3009,-7.1749,1.5341,-3.383,-0.252,-3.7589,-5.9308,6.8157,-3.5637,-5.0631,-7.7222,0.1152,6.7117,-8.8277
-0.2243,-1.4486,-5.9039,1.4735,-3.2717,-0.316,-3.6352,-4.7717,6.6891,-4.1954,-4.3465,-7.2215,-0.0187,4.2258,-8.8953
-0.4397,-0.2303,-4.4108,1.1801,-2.6146,-0.6123,-3.5145,-2.2855,6.2509,-4.6095,-3.8513,-6.6314,-1.0723,3.0921,-8.7441
-0.2547,-0.135,-2.6968,0.9463,-2.0389,-0.7127,-3.2484,-0.4199,5.6148,-5.1355,-2.5304,-6.1621,-2.2292,1.0712,-8.802
-0.1078,-0.0117,-0.9315,0.9939,-1.5906,-0.8085,-2.9696,1.4249,4.3877,-4.9523,-1.6152,-5.5581,-3.1378,-0.9452,-8.6137
0.1667,0.4609,1.5554,0.6413,-0.359,-0.8781,-2.7328,3.4593,3.3014,-4.2169,-0.9041,-4.3888,-3.7529,-2.594,-7.5516
-0.0397,1.0769,3.5297,0.3073,0.6626,-0.4402,-2.5161,5.0452,1.948,-2.9672,0.5648,-3.4203,-4.7149,-4.0998,-6.3066
-0.3077,1.7555,4.6644,-0.0142,1.8371,-0.4256,-1.6924,6.5211,0.4757,-2.1358,1.8439,-2.222,-4.5632,-5.4538,-4.4675
-0.8659,2.3212,5.8836,-0.1461,2.6001,-0.1374,-1.2496,6.68,-1.4127,-0.9105,2.819,-1.0299,-5.0203,-6.4138,-2.4905
-0.5343,3.5628,6.3881,-0.5172,3.3208,0.1986,-0.8239,6.8323,-3.2715,0.5177,3.6445,0.6512,-4.9455,-6.7142,0.6569
-0.8124,4.4719,6.2357,-1.0851,3.9382,0.6151,-0.1819,6.313,-4.525,2.4674,4.0336,2.272,-4.43,-6.3654,3.0076
-0.8675,4.9414,6.0625,-1.5231,3.5174,0.6968,0.7765,5.8134,-5.0722,3.8025,3.8849,3.3851,-4.2151,-5.6681,4.4161
-0.9361,4.417,6.3292,-1.5738,3.311,0.5916,1.1903,5.7231,-5.0443,3.9721,3.7666,4.1684,-3.9283,-4.5797,6.1442
-0.7979,4.4264,5.5898,-1.7211,3.2551,0.5843,1.4179,4.4364,-5.5952,4.879,3.7205,4.5956,-2.8619,-3.2908,6.7537
-0.8946,4.3696,4.7598,-1.8002,3.1341,0.6645,1.7409,2.8643,-5.3075,5.9633,3.4406,4.3488,-2.1411,-1.8877,7.6539
-0.5452,4.149,3.5598,-1.9081,2.6136,0.3297,1.8191,0.9628,-5.6697,6.3914,3.1739,4.0457,-1.3323,-0.4195,8.4621
-0.6189,4.162,2.1297,-1.8549,2.0524,0.1553,1.7787,-0.3535,-5.1275,6.5529,2.3115,4.1342,-0.354,1.3213,9.8711
-0.6512,3.5736,0.5209,-1.5978,1.1726,0.0186,1.4478,-1.8654,-4.3474,6.4716,1.3614,3.8361,0.4197,2.9363,9.0364
-0.9834,3.0228,-1.363,-1.4103,0.4186,-0.1669,1.2758,-3.6101,-3.7655,6.144,-0.4117,3.1566,0.9461,4.8123,8.3996
-0.9285,2.1947,-2.6069,-1.1344,-0.3639,-0.2779,0.8074,-5.0896,-2.6882,5.5508,-1.4035,1.9419,2.3342,6.8006,7.0865
-1.0328,1.5702,-4.6257,-0.657,-1.1176,-0.5979,0.5007,-6.532,-1.3752,4.9373,-2.2747,0.6933,2.9872,8.1239,5.6662
-1.1618,0.833,-6.245,-0.3779,-2.1521,-0.2999,0.1482,-7.5976,-0.2344,3.8628,-3.7802,-0.3837,3.2199,9.2771,4.1804
-1.3163,-0.3699,-7.6266,0.0301,-3.0683,0.0185,-0.4431,-8.338,1.1616,2.8161,-4.8173,-1.6728,3.0967,10.4747,3.0613
-1.1237,-1.1908,-7.8343,0.8268,-3.6779,0.0875,-0.936,-8.7954,3.4971,1.442,-5.672,-3.2137,3.2919,11.1288,0.5639
