x0,x1,x2,x3,x4,x5,x6,x7,x8,x9,x10,x11,x12,x13,x14
0.5752,1.5265,7.184,0.1304,2.1226,-1.0062,-1.7267,9.8757,0.6779,-4.5912,2.4937,-1.2215,-6.1658,-9.5229,-5.8442
0.5083,2.4044,9.3773,-0.4854,3.2457,-0.7644,-0.8239,10.8502,-1.1926,-3.5079,4.0313,0.5234,-6.501,-11.1999,-3.6025
0.5579,3.472,10.5176,-1.0172,4.1401,-0.7225,-0.4512,11.3982,-3.4913,-2.2736,5.0209,2.5742,-6.6033,-12.6702,-1.6242
0.39,3.9609,11.4977,-1.4618,4.6122,-0.5721,0.2465,11.6213,-5.174,-0.9353,5.7936,4.0926,-6.2424,-13.0658,0.1981
0.1847,4.4909,11.1881,-1.7935,5.0233,-0.7273,0.7822,11.5307,-6.3713,0.4205,6.3877,5.5011,-5.8473,-12.1965,3.0894
-0.045,4.7728,10.9098,-2.1154,5.3922,-0.9179,1.371,10.6833,-7.3373,2.7112,6.27,6.6863,-5.9526,-11.4882,5.163
-0.2338,4.7576,10.1204,-2.2792,4.9987,-0.7043,2.3801,10.1644,-7.4575,3.8526,6.1626,7.1883,-4.4634,-10.2565,6.9909
-0.3722,4.6447,9.319,-2.3062,4.5499,-0.5288,3.2492,8.7657,-7.8867,3.9626,5.7584,7.7475,-3.9089,-9.0447,8.3208
-0.5559,4.7797,8.3875,-2.3734,4.0967,-0.356,3.1772,7.3013,-7.6569,4.8125,5.012,7.6188,-3.197,-7.217,9.1654
-0.5981,4.1548,7.0545,-2.3111,3.5838,-0.2199,3.0252,5.299,-7.7247,5.0946,4.2651,7.1399,-2.1108,-5.4522,9.0523
-0.9962,3.7061,5.0898,-1.8222,3.1951,0.0751,3.3531,3.8831,-6.6387,5.2231,3.7963,6.8221,-1.3137,-3.5023,9.2678
-0.935,2.9761,3.553,-1.5643,2.5092,0.448,3.2099,1.9884,-6.1881,5.6761,2.8217,6.3061,-0.4422,-2.0742,9.2341
-0.7361,2.2984,1.9562,-1.1737,1.5644,1.2476,3.1159,0.2343,-5.7096,4.8689,2.0395,5.4682,0.5047,-0.5243,8.5353
-0.9635,2.0238,1.015,-1.0852,1.0811,1.4615,3.369,-1.3865,-4.6067,5.3577,1.4046,4.3379,1.9288,1.6057,7.943
-0.5182,1.5638,-0.519,-0.9113,0.402,1.4899,2.7233,-3.7781,-3.8482,4.7212,0.5348,3.8118,2.7576,3.41,7.1331
-0.6143,1.1329,-2.4562,-0.6258,-0.3885,1.6047,2.7674,-5.8975,-3.2689,5.4133,-0.0951,2.6169,3.3842,5.3688,6.0296
-0.1745,0.4741,-4.7352,-0.1721,-1.4397,1.1402,2.1959,-8.074,-2.3002,3.8407,-1.4911,2.2293,4.6655,7.2393,5.4488
-0.3009,-0.2474,-6.8415,-0.0601,-2.4188,1.0639,1.4193,-9.873,-1.3208,3.4903,-3.3239,0.983,5.3116,9.0247,4.3465
-0.1646,-1.2573,-8.792,0.6369,-3.5112,1.3907,0.7489,-10.6633,0.7607,2.6576,-4.7629,-0.3576,5.5986,10.8838,2.8351
0.0712,-2.0526,-9.5644,1.0455,-4.377,1.1963,-0.0116,-11.7933,2.7723,1.7558,-5.804,-2.3483,5.0718,11.6761,1.0084
0.0269,-2.6712,-10.5964,1.4552,-4.847,0.9737,-0.8128,-12.0455,4.3245,-0.1127,-6.6928,-4.3441,5.1684,11.9792,-1.1206
-0.3168,-2.9876,-10.9738,1.734,-5.0762,0.9588,-1.6908,-11.7573,5.683,-1.2867,-7.1435,-6.1053,4.8011,11.648,-3.8975
-0.3001,-3.6016,-10.926,2.1847,-5.3866,0.8101,-2.2471,-10.8889,6.911,-3.1249,-7.2333,-7.2771,4.3567,11.1548,-6.4504
0.0264,-3.7736,-10.0992,2.3162,-5.2635,0.798,-2.8913,-9.745,7.8078,-5.338,-7.0131,-7.7074,3.4151,9.5886,-8.2534
0.0679,-3.7482,-8.8387,2.2615,-4.8158,0.6312,-2.9351,-8.2505,7.7506,-5.9213,-6.7891,-7.8686,2.4495,7.8594,-10.1397
0.7351,-3.4146,-7.5751,2.3149,-4.2214,0.6463,-3.2629,-6.6815,7.5929,-6.3675,-6.0823,-8.0399,1.4135,5.5971,-10.6353
0.5177,-2.714,-5.9108,2.4409,-3.5646,0.2798,-3.2324,-4.7725,7.4131,-6.0483,-4.9596,-7.7794,0.3691,3.9306,-10.946
0.5244,-2.1286,-4.233,2.3057,-2.9398,-0.0349,-3.0531,-2.7452,6.5934,-6.1311,-3.7742,-7.0194,-0.2273,2.2098,-10.495
0.8642,-1.752,-2.1314,1.7647,-2.2098,-0.5447,-2.7602,-1.3179,5.6746,-5.9382,-2.7056,-6.1643,-1.2085,0.0715,-9.5076
0.7417,-1.0527,-0.8384,1.6138,-1.2779,-1.3226,-2.7368,0.4399,4.5269,-5.4137,-2.1539,-5.2312,-2.2086,-1.6545,-8.2486
0.5263,-0.3841,0.9006,1.1721,-0.6083,-1.1307,-2.2549,2.8433,3.7106,-5.0864,-1.1869,-4.3668,-3.1503,-3.7222,-7.5022
0.3812,0.092,2.9651,0.8312,-0.0816,-0.3387,-2.5317,4.3976,2.2962,-4.9067,-0.0879,-3.3702,-3.8652,-5.8724,-6.4438
0.3462,1.1142,4.8322,0.6357,1.0191,-0.1865,-2.017,5.6573,1.2207,-4.0751,1.3536,-2.2056,-4.275,-6.9533,-5.5144
0.3947,1.9868,6.1563,0.1608,1.9533,-0.3856,-1.4163,6.8828,-0.2638,-3.5868,2.4221,-0.8378,-4.6715,-8.3036,-4.0142
0.0008,2.8526,7.2247,-0.2125,2.9354,-0.197,-0.6109,7.9055,-1.6459,-3.0466,3.2001,0.4733,-5.0957,-9.1117,-2.7363
-0.2361,3.363,8.0643,-0.6621,3.5881,-0.1482,-0.1563,8.3402,-3.0796,-1.7677,3.7866,1.9054,-5.0922,-9.9199,-0.9613
-0.0198,3.6636,8.8452,-1.2132,4.0271,-0.0471,0.1681,8.8193,-3.6119,-0.7727,4.2992,3.0569,-5.2209,-10.6272,0.7995
0.0678,4.151,9.0913,-1.2121,4.574,-0.0603,1.0091,8.8739,-4.7893,0.512,4.9166,3.8882,-5.0563,-10.4306,2.6787
-0.0911,4.2609,9.2025,-1.405,4.4707,-0.0991,1.7729,8.4522,-5.6018,2.7375,4.9473,4.9738,-4.2912,-9.7649,4.8531
-0.1079,4.2217,8.445,-1.577,4.3665,-0.1339,2.5013,8.0535,-6.0932,3.5199,4.7228,5.4892,-3.1228,-8.6963,6.4612
-0.2104,4.2945,7.6726,-1.5431,4.0319,0.3069,2.9544,6.7401,-6.336,3.9375,4.5062,5.6772,-2.3245,-7.5095,7.2659
-0.0934,4.1163,7.0785,-1.6351,3.6424,0.6097,2.7227,4.7216,-6.3976,4.3378,3.9764,5.331,-1.9131,-6.1639,8.4256
-0.6263,3.7812,5.3593,-1.4397,3.2806,1.0553,2.7328,3.4674,-6.3499,4.934,3.3565,5.4779,-1.2764,-4.4697,9.159
-0.3733,3.1965,4.1503,-1.2279,2.4381,1.427,2.5145,1.6675,-5.8135,4.5792,2.5483,5.0724,-0.7216,-2.9703,9.097
-0.0788,2.8798,2.482,-1.4243,1.969,1.3923,2.1448,0.6019,-4.8932,4.4233,1.5009,4.402,-0.0853,-1.1561,8.309
-0.5203,2.3035,1.5692,-0.6719,1.6789,1.5542,1.9508,-1.072,-3.7271,4.4179,0.8153,4.034,0.624,0.8116,7.7749
-1.3297,1.7733,-0.2051,-0.5284,1.1474,2.2232,1.7317,-3.5479,-3.569,4.7671,0.0228,3.0969,1.5884,2.5751,7.5768
-0.8724,1.0891,-2.4684,-0.2491,0.3028,1.9481,1.3743,-5.564,-2.4773,3.7418,-0.9967,2.4641,2.4912,4.1735,6.2186
-0.6154,0.0921,-4.189,0.3969,-0.6165,1.754,1.3872,-7.3112,-1.3629,3.182,-2.3187,1.1358,3.3136,5.7119,4.8938
-0.2703,-0.6055,-5.8406,0.7153,-2.021,1.468,0.9518,-7.8824,0.1603,2.5927,-3.6075,0.2429,3.7369,7.48,2.8045
-0.0793,-1.1295,-7.0533,1.1371,-2.8376,1.6291,0.8144,-8.181,1.9911,1.5871,-4.5322,-1.2484,3.9404,8.8292,2.1515
0.0153,-1.746,-7.3187,1.6,-3.326,1.4283,0.1203,-9.1473,3.3816,0.4686,-5.1153,-2.8173,4.1528,8.9526,1.0478
0.3712,-2.3079,-7.4523,1.8433,-3.6799,1.2212,-1.0706,-9.0873,4.3948,-0.0679,-5.261,-4.3568,3.9084,9.1005,-0.4056
0.2368,-2.2757,-7.728,2.2933,-3.6714,1.1744,-1.4772,-8.9346,5.0802,-1.0632,-5.4383,-5.1595,3.7589,8.7255,-2.6934
0.2209,-2.3108,-7.8798,2.297,-3.557,1.2017,-2.0197,-8.9798,5.503,-2.1535,-5.5014,-5.8014,3.2109,8.2141,-4.4737
0.4148,-2.3267,-7.3062,2.3363,-3.5764,0.9746,-1.9808,-8.3026,5.975,-3.3285,-5.426,-5.9963,2.6458,7.3672,-5.8043
0.0494,-2.3948,-6.8846,2.1432,-3.2051,0.9759,-1.7842,-7.7592,5.6859,-3.7635,-5.4069,-6.2303,1.8249,6.2308,-7.0047
0.4043,-2.397,-6.4309,2.2665,-2.8598,0.7007,-1.8716,-6.1981,6.1411,-4.1897,-5.0118,-6.0627,1.817,4.8986,-7.2285
0.2163,-2.0965,-5.7781,2.4368,-2.7776,0.7083,-2.2477,-5.0247,5.9326,-4.611,-4.7233,-5.9197,1.4105,3.5933,-7.516
0.1538,-1.9551,-4.5722,2.527,-2.5459,0.7537,-2.2359,-4.4651,5.4933,-5.0949,-4.1286,-5.9671,0.7511,2.437,-7.9767
0.2381,-1.6079,-3.6108,2.2671,-2.0614,0.6419,-2.2949,-2.9253,5.2003,-5.2915,-3.3369,-5.3708,0.2031,0.8881,-8.033
0.5885,-1.0099,-2.2087,2.1808,-1.6,0.3377,-2.1317,-1.6103,4.7072,-5.0873,-2.758,-4.8747,-0.8798,-0.3059,-7.8326
0.6449,-0.4755,-0.9101,1.7776,-0.9639,0.387,-1.7368,-0.0968,4.0849,-5.4737,-2.4111,-4.3577,-1.6562,-1.6155,-7.4739
0.6497,-0.3412,0.3317,1.7074,-0.3841,0.4876,-1.5588,1.5995,3.5008,-5.5369,-1.5452,-3.7951,-2.2874,-3.6225,-7.0676
0.5573,0.2252,2.0432,1.5885,0.3204,0.5051,-1.1928,3.6644,2.8016,-4.5326,-0.5319,-3.1399,-3.4178,-5.0821,-6.25
0.6602,0.863,4.1876,1.5306,1.1161,0.389,-1.2382,5.1775,1.7785,-4.1551,0.7559,-2.4373,-3.4145,-6.7275,-4.7
0.7233,1.6544,5.8786,1.109,2.1737,0.1014,-0.6096,5.929,0.2191,-3.0196,2.0111,-1.2783,-4.1111,-8.3437,-3.1383
0.5424,2.7768,6.7797,0.8338,2.8958,-0.4412,-0.5561,7.8543,-0.9169,-2.1428,3.0054,0.1434,-4.3512,-9.437,-1.6736
0.4983,3.338,8.2666,0.2049,3.5936,-0.5135,-0.1802,7.7312,-2.6913,-2.108,3.7694,1.6835,-5.1559,-10.1569,-0.5899
0.64,3.9799,8.5942,-0.3678,4.2275,-0.6264,0.1853,8.701,-3.6992,-1.3509,4.2337,2.9761,-4.9086,-10.941,0.8982
0.3645,4.4097,9.0414,-0.9821,4.4979,-0.3187,0.9726,9.0224,-4.4709,0.1636,4.3992,4.2378,-4.9123,-10.6239,2.7255
-0.2228,4.4983,8.6876,-1.3456,4.5493,0.1592,1.9844,9.2801,-5.1888,0.643,4.5791,4.8649,-4.8376,-10.1084,4.108
-0.2066,4.1855,8.8964,-1.1535,4.7664,0.4209,2.6377,8.313,-5.7534,2.0022,4.484,5.4502,-4.3988,-9.3161,6.1115
-0.0101,4.2312,8.4096,-1.2529,4.598,0.8501,2.9642,7.3551,-6.1996,2.8523,4.2082,5.7586,-3.5295,-8.678,7.3959
-0.1718,4.2959,7.6589,-1.1879,4.6679,0.6974,3.2145,6.3885,-6.2255,4.6059,4.0516,6.0198,-2.6761,-7.3639,8.8136
-0.4042,4.1908,6.8082,-1.1868,4.0576,0.6877,3.2035,5.0594,-6.3349,5.5918,3.3578,5.8511,-1.5474,-6.1471,10.2596
-0.3437,3.8767,5.5168,-1.0226,3.5234,0.6274,3.0451,3.7861,-5.9079,5.8438,3.0169,5.3326,-0.8874,-4.0592,10.1034
-0.5737,3.5213,4.2168,-1.1269,2.7818,0.9796,2.9867,1.6152,-5.5415,5.2896,2.1992,5.0859,-0.4181,-2.3106,9.6568
-0.3181,3.011,2.9334,-0.9642,2.26,1.081,3.1556,-0.0386,-4.9723,5.5684,1.7222,4.5765,0.8487,-0.6581,9.2023
-0.5491,2.3208,1.2399,-0.805,1.8664,1.3415,3.0507,-1.6493,-4.2939,5.4928,0.8438,4.1881,2.5828,1.1885,8.8231
-0.1226,2.0418,-0.0783,-0.5962,1.1428,1.3066,2.8174,-4.1566,-3.6865,5.741,-0.0276,3.3826,3.3165,3.1167,8.6439
-0.3314,1.6025,-2.5026,-0.5354,0.3897,1.2425,2.6284,-6.2168,-2.8368,5.9436,-1.0962,2.4883,3.7411,5.607,8.1524
-0.4701,0.8731,-4.9311,0.0463,-0.7816,1.2808,2.2812,-8.1354,-1.3555,4.8632,-2.4833,1.585,4.3503,7.5801,6.8037
-0.2565,-0.0589,-6.9781,0.5739,-1.9732,1.5202,1.7748,-9.5953,-0.1946,4.2863,-3.9235,-0.0131,5.3144,9.4687,5.1971
-0.2325,-1.196,-7.8686,1.0321,-2.9878,1.3512,0.9953,-10.6669,1.7028,2.9192,-4.7455,-1.4703,5.6541,10.8575,3.3936
0.0266,-1.944,-8.9498,1.6354,-3.7629,1.204,0.4188,-11.5947,3.2372,1.9369,-5.8873,-3.1764,5.4704,11.6579,1.7268
-0.1426,-2.3435,-10.2597,1.581,-4.0055,0.8633,-0.4708,-12.4387,4.4287,0.81,-7.0953,-4.6573,5.3331,12.047,-0.3557
-0.4175,-3.0439,-11.2414,2.3313,-4.6554,0.926,-1.1671,-11.309,6.6773,-0.3169,-7.4844,-6.4092,4.9021,12.0532,-2.8202
-0.3343,-3.4413,-10.565,2.6201,-4.9426,1.4671,-1.9753,-11.1225,7.6132,-2.3068,-7.9726,-7.4193,4.6852,11.276,-4.9941
-0.8647,-3.6377,-10.3002,3.0307,-4.6831,2.2439,-2.3454,-10.6861,7.8585,-3.7163,-7.4112,-8.4136,3.8133,10.3401,-7.458
-0.2988,-3.6512,-9.8574,3.0663,-4.3149,1.764,-2.489,-9.6728,8.0369,-5.2929,-7.0931,-8.5806,3.3153,8.495,-9.1263
0.4824,-3.3065,-8.3561,3.1196,-3.6426,1.2452,-2.6449,-7.6563,8.4897,-5.6197,-6.3832,-8.603,2.3262,6.7074,-10.091
0.7584,-2.5965,-6.5391,2.7916,-3.1824,1.156,-2.8381,-6.2044,7.9344,-5.8225,-5.8584,-8.4232,1.2824,4.688,-10.1041
0.6612,-1.9851,-4.9145,2.5384,-2.4047,1.2242,-2.8978,-4.2286,7.4406,-5.7978,-4.8299,-7.8056,0.5601,3.0627,-9.7456
1.1586,-1.4748,-2.9473,2.5807,-1.7441,0.6935,-3.259,-2.257,6.4278,-5.056,-3.6737,-6.9952,-0.5342,0.9192,-9.2637
0.3803,-0.6508,-1.6221,1.9811,-1.0435,0.8653,-2.8231,-0.9584,4.9689,-4.7864,-2.5008,-6.1664,-1.6717,-0.6799,-8.6707
0.9574,0.0129,-0.032,1.7913,-0.422,0.4203,-2.6582,0.7282,4.4934,-5.0366,-1.722,-4.7923,-2.7537,-2.3984,-8.1529
1.1647,0.4572,1.9946,1.4579,0.3481,0.2786,-2.0423,3.0635,3.5867,-4.5387,-0.6296,-4.0177,-3.89,-4.351,-6.3812
1.2205,1.2345,4.0876,1.033,1.0292,-0.1331,-1.5031,5.1305,2.3383,-3.7214,0.6354,-2.7329,-4.3907,-6.1376,-5.3865
1.0283,2.1322,6.1269,0.5215,2.1649,0.2204,-1.2763,6.5932,1.0271,-3.4739,1.9938,-1.8457,-4.2613,-7.7052,-3.875
0.7903,2.92,7.6782,0.0581,3.281,0.087,-0.6096,7.5549,-0.5872,-2.2988,3.5352,-0.4154,-4.4812,-8.8867,-2.3899
1.0929,3.7633,8.3815,-0.5293,4.059,-0.0484,-0.0055,7.7047,-2.8927,-0.9194,4.2103,1.1958,-4.4904,-9.7112,-0.5371
0.9708,4.4286,8.8972,-1.1078,4.5921,-0.2037,0.3681,7.6462,-3.9999,0.2125,4.6065,2.7328,-4.1011,-9.6881,1.8986
0.7026,4.6747,8.2259,-1.678,4.6975,0.0886,1.2072,7.3283,-4.8235,1.974,4.5459,4.294,-4.3677,-9.2519,4.0086
0.3673,4.6353,7.7763,-1.7531,4.4774,0.4876,1.6195,6.865,-5.0319,2.9379,4.2223,4.8578,-3.367,-8.0658,5.0307
0.4565,4.7061,6.4907,-1.7913,4.0913,0.6607,1.9561,6.1517,-5.1951,3.5972,3.9754,4.952,-2.5052,-7.1389,6.1709
-0.0231,4.4034,5.351,-1.8197,3.6332,1.1783,2.3242,5.0957,-4.8196,4.2387,3.139,4.9144,-2.077,-6.0664,7.1418
0.1733,3.8251,5.1522,-1.432,3.0051,1.408,2.406,4.5383,-4.3512,4.234,2.8163,4.5743,-1.3173,-4.4849,7.6262
0.232,3.4693,5.0499,-1.3048,2.5938,1.5816,2.514,2.7313,-4.6967,4.4854,2.5029,4.1909,-0.8104,-3.0352,8.018
-0.0061,3.4471,3.8504,-1.3967,2.0939,1.7349,2.2073,1.2659,-4.6318,4.9999,1.9946,3.8358,-0.4499,-1.2686,7.9744
-0.083,3.1058,2.4727,-1.1575,1.894,1.3549,2.0319,-0.4577,-4.3839,4.4223,1.2734,3.3292,0.4208,0.2728,7.6203
0.1284,2.9101,0.792,-0.8694,1.4376,0.9686,2.3629,-1.4404,-3.3118,4.4426,0.5189,2.8278,1.3411,2.3019,6.9974
-0.2262,2.4524,-0.4032,-0.8446,0.6461,1.3568,1.8865,-4.1993,-3.258,4.3552,-0.0687,2.2936,2.6182,3.815,6.4903
-0.348,1.7886,-2.793,-0.8759,-0.0608,1.3093,1.6101,-5.7989,-2.2978,3.8118,-1.3805,1.7624,3.5408,5.3271,5.9488
-0.2441,0.9889,-4.5934,-0.2543,-1.08,1.8201,1.5608,-7.9597,-1.2208,2.9179,-2.5957,0.7636,4.2368,6.9569,4.701
-0.035,-0.0824,-6.2541,0.3814,-2.3328,1.5652,1.1719,-8.9828,0.0796,2.6061,-3.6271,-0.4225,4.8454,8.2155,3.5235
0.1072,-0.9528,-7.524,0.6992,-3.1636,1.2476,0.6764,-10.4413,1.7103,1.1692,-4.7202,-1.8288,5.1093,9.3749,1.8608
-0.1629,-1.392,-8.7869,1.015,-3.5638,1.6135,0.1821,-11.1071,3.4689,0.6744,-6.1958,-3.2518,5.3101,10.345,-0.2755
-0.4446,-2.5226,-9.8287,1.6908,-3.7513,1.914,-0.9263,-11.1734,4.9468,-0.4293,-6.4961,-5.0102,5.2261,10.7572,-2.1818
-0.5583,-2.8473,-9.9812,1.8014,-4.0054,1.7157,-1.7495,-11.0057,6.16,-1.1577,-6.8083,-6.0596,4.7163,9.938,-3.8845
0.1422,-2.9495,-9.4404,2.3121,-4.3984,1.1293,-2.355,-10.0907,7.2203,-3.3268,-6.7367,-6.6636,4.1549,9.1531,-5.8949
0.2664,-2.8176,-8.7762,2.372,-4.0885,1.3119,-3.0575,-8.7062,7.6475,-4.2823,-6.4382,-7.139,3.028,8.1318,-7.19
0.2943,-2.5844,-7.3589,2.6313,-4.0057,1.0714,-3.1857,-7.3594,7.5427,-5.9386,-5.7086,-7.7672,2.1687,5.8809,-8.9368
0.5508,-2.0749,-6.4541,2.3334,-3.4407,0.9003,-3.0295,-5.8865,6.5803,-6.1222,-5.1916,-7.4985,1.4576,4.066,-9.2782
0.3504,-1.6057,-5.0956,2.0708,-2.7478,1.1009,-3.657,-4.6281,6.6236,-6.033,-4.6643,-7.1098,0.358,3.0206,-9.1316
0.9517,-1.3619,-3.4364,1.6663,-2.1318,0.8822,-3.3173,-2.8984,6.1497,-6.5065,-4.0438,-6.5893,-0.0278,1.0167,-9.7825
1.0203,-0.761,-1.6456,1.5194,-1.5476,0.5466,-3.1272,-0.912,5.7781,-6.0025,-3.1638,-6.0522,-1.4967,-0.0848,-9.3745
1.2741,-0.0595,0.151,1.1915,-0.7937,0.2133,-2.6603,0.5382,4.7553,-5.4677,-2.2089,-5.2893,-2.4749,-1.6455,-9.0819
1.3073,0.7734,1.9838,0.842,-0.0779,-0.3361,-2.107,2.5119,3.6061,-5.1677,-1.3048,-4.5632,-2.7759,-3.5541,-7.9576
1.1889,1.1803,3.6852,0.6051,0.7253,-0.6671,-2.0849,4.3912,2.6813,-4.4421,-0.2144,-3.6377,-3.6091,-5.5028,-6.5647
1.2846,1.8397,5.5016,0.2539,1.6909,-1.1292,-1.5973,6.4916,1.6878,-4.2071,1.3655,-2.6918,-4.5125,-7.4086,-5.067
1.1226,2.8782,7.4118,-0.1328,2.7232,-1.0693,-1.0463,7.9042,0.5171,-3.6203,2.6488,-1.3551,-5.4883,-9.264,-3.6705
1.0011,3.6709,8.829,-0.7143,3.7097,-0.8509,-0.9198,9.1651,-1.3348,-2.2283,3.6318,0.1595,-5.4903,-10.4872,-1.7039
0.4538,4.4254,9.7347,-1.2499,4.4667,-0.6914,0.0939,9.9571,-3.0483,0.4536,4.458,1.9636,-5.4494,-10.8897,0.1222
0.5771,4.6442,10.8706,-1.5367,4.794,-0.3235,0.9587,9.7729,-4.4528,0.6784,5.0279,3.4755,-5.3073,-11.1245,2.2538
0.4072,4.9063,10.6443,-1.889,4.956,-0.4352,2.1823,9.3229,-5.5955,1.7801,5.4595,4.6864,-4.6351,-10.8095,4.6257
0.168,5.1011,10.0139,-2.1283,4.861,-0.0115,2.8669,8.3223,-6.4562,2.8242,5.2997,5.4896,-4.0144,-9.8655,6.838
0.1361,4.7886,9.0294,-2.0497,4.8007,0.1528,3.3988,7.2915,-6.6665,4.303,4.8357,5.7375,-3.2251,-8.3155,8.6125
0.0228,4.5664,8.4685,-2.2438,4.3103,0.2905,3.2043,6.1437,-6.5007,4.6182,4.197,6.0345,-2.4257,-7.3175,9.6348
0.0754,4.4064,7.1232,-2.0018,3.795,0.5893,3.5439,4.8068,-6.1997,5.0545,3.7112,5.8387,-1.4623,-5.7724,10.2662
0.0307,4.0423,5.8721,-1.7809,3.3166,0.7408,3.9269,2.9923,-5.9523,5.3526,3.2295,5.5396,-0.4577,-3.8896,10.3991
0.1937,3.7493,4.1078,-1.498,2.8336,1.0039,3.4458,0.7717,-5.7986,5.1055,2.1678,4.8172,0.5938,-1.9843,10.0605
0.018,3.1225,2.3277,-1.2222,2.1595,1.2345,4.1234,-0.606,-4.5854,5.4167,1.4824,3.7027,1.9542,-0.1076,9.9054
-0.0638,2.5645,0.4068,-0.7837,1.2094,1.3602,3.3095,-2.678,-3.5996,5.5997,0.4691,3.3473,3.0164,2.1062,9.8282
-0.2552,1.8169,-1.5075,-0.5048,0.4507,1.4749,2.9796,-5.3517,-2.9841,5.1237,-0.4287,2.2651,3.7779,4.5321,8.7101
-0.7444,1.0388,-4.022,-0.2222,-0.163,2.2469,2.6374,-8.0354,-2.1668,4.7307,-1.5923,1.0869,4.1922,6.7769,7.8662
-0.7977,0.011,-6.4496,-0.0189,-1.2299,1.8487,2.2245,-9.8575,-0.3854,4.315,-3.3215,-0.0711,5.7988,8.8474,6.8102
-0.5,-1.0465,-8.551,0.5747,-2.7567,1.7124,1.4529,-11.1674,1.7121,3.0015,-5.101,-1.3664,6.1384,10.4059,4.7056
-0.0909,-2.1679,-9.744,1.1497,-3.7206,1.5284,0.5089,-12.1508,3.9084,1.8367,-6.3339,-3.2838,6.0908,11.4533,2.3533
0.133,-2.7949,-10.0169,1.6192,-4.3671,0.8359,-0.2946,-11.4088,5.8742,0.5862,-6.8885,-5.268,5.8436,11.8532,-0.1093
0.4525,-2.8453,-9.9014,2.0592,-4.7553,0.1213,-1.2077,-10.8756,7.0582,-0.9808,-6.9257,-6.7731,5.0881,11.2631,-2.7712
0.6799,-2.9995,-9.1704,2.3255,-4.793,0.2574,-1.923,-10.9729,7.1278,-3.173,-6.731,-7.7225,4.0358,9.9014,-5.1511
1.0971,-2.955,-8.4804,2.3906,-4.6924,0.1025,-2.8792,-9.0948,7.99,-4.6943,-6.4018,-8.1743,3.1431,8.9548,-6.9857
1.1072,-2.7377,-7.051,2.3885,-3.9858,-0.0153,-2.6713,-7.7415,7.9361,-5.6328,-5.9449,-8.2728,2.0909,7.2811,-8.4017
0.8333,-2.3687,-6.1905,2.4575,-3.248,0.2724,-3.1839,-6.6478,7.3332,-5.1171,-5.3886,-8.1847,0.7503,5.4424,-8.674
0.6817,-2.1401,-5.0549,2.0971,-2.7649,0.4994,-2.7564,-5.2047,7.6532,-5.8275,-4.8801,-7.8989,0.1249,3.6537,-9.069
0.6574,-1.8138,-3.6096,1.9695,-2.1971,0.1542,-2.6467,-3.3089,6.761,-5.7693,-4.1735,-7.5093,-0.4834,1.8557,-8.8578
0.8842,-1.3841,-2.3797,1.7686,-1.7037,-0.1996,-2.4181,-1.3211,6.3762,-5.9947,-3.4193,-6.7772,-1.4116,0.0201,-8.6518
0.9762,-0.7894,-0.3527,1.4593,-0.9189,-0.6221,-2.278,0.7436,5.5018,-5.5612,-2.5608,-5.7682,-2.2369,-1.9166,-7.8891
1.441,-0.1894,1.5541,1.5944,-0.4737,-0.8225,-2.6051,3.1264,4.437,-5.2622,-1.3167,-5.0668,-2.8985,-4.4273,-7.2537
1.2683,0.7176,3.9248,1.2481,0.1459,-0.4846,-2.2115,5.5142,3.7732,-4.79,-0.0803,-4.2818,-3.935,-6.4492,-6.5316
1.0387,1.7566,6.1729,0.9538,1.1479,-0.2523,-1.484,6.9304,1.9949,-4.742,1.4774,-3.0094,-4.072,-8.9871,-5.0562
0.8874,2.7052,7.6916,0.5248,2.9124,-0.5193,-1.0433,8.3868,0.5277,-4.0134,3.0448,-1.3386,-5.1842,-9.8159,-3.8133
1.3865,3.653,9.2783,-0.37,3.8161,-0.6349,-0.0491,9.2175,-1.5506,-3.3516,3.9809,0.7753,-5.9777,-11.1432,-1.9992
1.4283,4.5175,10.3589,-0.9804,4.603,-0.5087,0.5252,10.1877,-2.8002,-1.2639,4.6941,2.4482,-5.9884,-11.8896,0.3191
1.3315,5.2106,10.9052,-1.4612,4.9133,-0.5726,1.2986,10.9801,-4.0476,0.4774,5.338,4.2689,-5.9414,-12.0557,2.8996
1.0498,5.376,11.3589,-1.8648,5.1838,-0.7686,2.0852,10.8725,-5.1542,2.1709,5.562,5.0027,-5.6715,-11.8765,5.6939
0.2547,5.5313,11.1593,-2.2007,4.6464,-0.5248,2.4814,9.5723,-6.4732,3.2815,5.3699,5.884,-4.4329,-11.2985,7.483
0.4134,5.4039,10.6203,-2.2488,4.5935,-0.5839,3.1141,8.4937,-6.9986,3.9798,5.2437,6.3233,-4.2501,-9.3354,9.0863
-0.202,5.3858,9.31,-2.0746,4.5541,-0.096,3.5024,7.2641,-7.01,5.2071,4.8901,6.3592,-3.258,-7.3984,10.267
-0.0317,4.7811,7.9532,-2.2058,4.1543,0.3441,3.254,5.0409,-7.0702,5.3524,4.267,5.8772,-2.2041,-5.6346,10.7656
0.2682,4.4847,6.4718,-1.9244,3.6763,0.2305,3.3427,3.5711,-6.2736,5.7258,3.6227,5.4484,-1.8177,-3.5908,10.8386
0.0589,4.1093,4.8512,-1.8842,2.9689,0.2342,3.1746,1.7161,-5.697,6.4788,2.5715,4.7887,-0.5036,-1.7957,10.9721
0.0785,3.5982,3.1008,-1.7126,2.2708,0.3648,3.2078,0.1369,-4.7467,6.0993,1.6944,4.2553,0.5228,0.0574,10.1731
-0.2187,2.9021,1.1779,-1.401,1.6282,0.4425,2.6717,-2.55,-4.4278,5.6015,0.5892,3.3921,1.4908,1.7853,9.6276
-0.1103,2.1954,-0.7529,-1.2701,0.9011,0.387,2.3113,-4.7291,-2.9844,5.5851,-0.5369,2.2797,2.6066,4.075,8.63
-0.4805,1.4785,-3.131,-0.8312,-0.0142,0.814,1.9356,-7.0059,-1.7923,5.2555,-1.987,1.2241,3.1596,6.0764,7.2491
-0.5743,0.3995,-5.5156,-0.5184,-1.2706,1.0221,1.7918,-8.3186,-0.0927,4.3122,-3.6782,-0.1883,4.3597,7.5853,5.2802
-0.8304,-0.6523,-6.6349,0.0139,-2.6643,1.4386,1.5487,-9.4394,1.5401,3.2124,-4.926,-1.6175,4.8841,8.9576,3.9154
-0.3427,-1.7342,-7.8501,0.6997,-3.6153,1.627,1.0787,-10.2462,3.3465,1.8318,-5.6271,-3.2082,4.9213,9.7152,1.9157
-0.3833,-2.1446,-8.7173,1.4238,-4.1839,2.0133,0.2181,-10.9983,4.7161,0.7739,-5.9207,-4.8125,4.5037,10.4636,0.326
-0.1721,-2.6985,-9.2068,2.0689,-4.6001,1.9537,-0.6582,-11.5101,5.7296,-0.5015,-6.2008,-6.1317,4.7943,10.189,-1.6887
0.1621,-2.9151,-9.4147,1.8626,-4.8827,1.5785,-2.0399,-11.6743,6.4734,-1.6908,-6.5453,-7.1053,5.121,10.2778,-3.8162
0.2166,-2.7334,-9.8391,1.9235,-4.7193,1.306,-2.2989,-11.0728,7.0971,-2.5526,-6.7481,-7.8401,4.2188,10.1945,-5.5002
0.8445,-2.8638,-9.3355,1.9864,-4.6044,0.5672,-2.3375,-9.8342,7.7235,-3.8235,-6.7913,-8.6381,2.9512,9.0937,-7.2635
0.6159,-2.7843,-8.5424,1.9757,-4.2794,0.5052,-2.6772,-8.3903,8.5289,-4.3714,-6.4955,-8.7942,2.0619,7.3735,-8.1247
1.5075,-2.5048,-6.5652,1.7901,-3.7666,-0.0907,-2.6582,-5.8397,8.9337,-4.6255,-5.9364,-8.8997,1.2062,5.7987,-8.813
0.69,-1.8175,-4.8369,1.7783,-3.1863,-0.495,-2.2393,-4.174,8.0344,-4.8173,-5.2005,-8.1856,0.3918,3.4059,-9.8095
0.5711,-1.3939,-3.1441,1.5244,-2.701,-0.1103,-1.6181,-2.4899,7.2119,-5.9865,-4.2675,-8.0738,-0.1936,1.2465,-9.314
0.6126,-1.0911,-1.6344,1.4596,-1.8607,-0.0734,-1.8436,-1.0254,6.1142,-5.6901,-3.2051,-7.2118,-1.7646,-1.1074,-8.7983
0.5925,-0.6123,-0.2384,1.4968,-0.9719,-0.1897,-1.7702,1.3995,5.2927,-5.3571,-2.0842,-6.3396,-2.5636,-3.0646,-7.9769
0.9478,-0.0303,1.9475,1.3199,-0.4227,-0.3998,-1.5202,3.2636,4.3064,-5.145,-1.0787,-5.2202,-3.3929,-5.1135,-6.8656
1.2176,0.763,4.1637,0.9307,0.4798,-0.6149,-0.703,5.2891,3.0305,-4.4047,0.1643,-4.0259,-4.0386,-6.8104,-6.0645
1.2793,1.8265,6.0341,0.2499,1.6785,-1.239,-0.4637,7.2874,1.6944,-3.7095,1.5781,-3.1566,-4.4396,-8.7244,-4.2187
1.0744,3.0636,8.0841,-0.2797,2.6642,-1.1115,-0.146,8.1347,0.1515,-2.6999,2.9623,-1.8006,-4.8579,-10.3631,-2.0475
0.7601,4.0208,8.7199,-0.8681,3.2832,-0.7646,0.35,8.5671,-2.1925,-2.1599,3.9684,-0.0467,-5.379,-11.227,-0.7184
0.6631,4.3604,9.0969,-1.6314,4.1501,-0.5674,0.7857,9.1979,-3.4015,-0.5601,4.4993,1.7028,-5.4678,-11.1415,0.7472
0.7131,4.6951,9.7584,-1.9464,4.443,-0.5924,1.6277,9.1015,-4.2567,0.8083,4.6541,3.0959,-4.9033,-10.3807,3.0699
0.5092,4.9339,9.8838,-2.1997,4.3355,-0.1277,2.5954,8.4424,-5.2528,2.2188,5.0112,4.0301,-4.2857,-10.9003,5.2835
0.1598,5.0207,9.2788,-2.3759,4.3152,0.1354,3.1377,8.0179,-6.08,3.282,4.9398,4.5726,-3.6019,-9.2286,7.3016
-0.2044,4.7823,8.8053,-2.0902,4.0336,0.7213,3.2788,6.4327,-6.3086,3.71,4.4505,5.3842,-2.914,-7.9966,8.7207
-0.2081,4.516,7.5683,-2.3964,3.7693,0.3533,3.8625,5.4043,-6.2823,5.1175,3.9318,5.1888,-1.7472,-6.4153,9.3261
-0.12,4.2135,6.3361,-1.9118,3.3303,0.6782,4.2969,3.3389,-5.9918,5.7785,3.4644,5.0901,-1.2462,-4.8931,10.1464
0.2939,3.8417,4.8749,-1.9758,2.7255,0.4073,4.3559,1.6356,-5.4976,5.7411,2.6678,4.7522,-0.2522,-2.7744,10.5144
0.0711,3.4101,3.0545,-2.017,2.1414,0.3355,3.9301,-0.4068,-4.8502,5.9143,1.7215,3.9992,1.0424,-0.6928,10.2256
-0.0949,2.701,1.2151,-1.5104,1.3518,0.2511,3.4131,-2.1915,-4.077,6.267,0.7587,3.0393,2.0337,1.2391,10.0596
-0.3142,2.2065,-0.4297,-1.109,0.6656,0.4876,2.9234,-4.5667,-3.0959,5.7464,-0.1712,2.0478,2.4411,3.7659,9.4686
-0.4562,1.4784,-2.9946,-0.8139,-0.2846,0.4884,2.4683,-7.1705,-2.1055,5.2297,-1.3601,1.4306,3.3913,5.6824,8.2053
-0.5831,0.5656,-5.5474,-0.2804,-1.4722,1.1522,2.15,-8.8148,-0.6618,4.5121,-2.8032,0.3598,3.6666,7.4504,6.7305
-0.6461,-0.5175,-7.165,0.3219,-2.6641,1.1897,1.6234,-9.9549,0.9393,3.3626,-4.0004,-0.9759,4.2663,9.0482,4.8536
-0.1896,-1.6911,-8.5916,1.1856,-3.4873,1.3809,0.5866,-10.7891,2.7602,2.0862,-5.0316,-2.3963,4.8148,10.138,2.7337
-0.349,-1.7746,-9.3315,1.5111,-4.3151,1.8972,0.3952,-12.1092,4.0915,0.8754,-5.8354,-4.3326,5.2278,10.4662,0.5775
0.0793,-2.3355,-10.0906,1.8516,-4.5756,1.6933,-0.2294,-12.1428,5.7297,-0.45,-6.3938,-6.0239,4.5133,10.657,-1.8415
0.148,-2.5632,-10.2738,2.1792,-4.7763,1.4219,-0.9021,-12.0044,6.788,-1.3943,-6.7415,-7.2296,4.1661,10.4946,-3.6997
0.6716,-2.8412,-9.6496,2.4531,-5.0086,0.9437,-1.5295,-10.8824,7.9338,-2.7606,-6.1012,-7.9797,3.3881,9.649,-4.9334
0.4548,-2.5457,-8.8393,2.3339,-4.5776,0.5864,-1.9566,-10.2143,8.0364,-3.6093,-6.004,-8.1162,2.8356,8.1567,-6.2043
0.571,-2.2367,-8.0651,1.9408,-4.1485,0.1625,-2.4758,-8.7013,8.1358,-4.3718,-6.0649,-8.4143,1.8113,6.9117,-7.5501
0.8559,-2.0566,-6.9213,1.9252,-3.8805,-0.0248,-2.6947,-7.0516,8.1037,-5.0,-5.6598,-8.3549,1.1886,5.7321,-8.7482
1.0788,-2.0284,-5.586,1.7859,-3.3636,-0.5546,-2.3009,-5.111,7.8725,-5.4932,-5.114,-8.2472,0.2135,3.7876,-9.3269
1.1884,-1.5283,-3.5966,1.5455,-2.9074,-1.0406,-2.3613,-2.5063,7.5437,-6.0094,-4.4063,-7.6264,-1.0742,1.7596,-9.4771
1.0842,-1.0106,-1.8631,1.6396,-2.2309,-1.1069,-2.2934,-0.6012,6.7959,-5.9971,-3.1413,-7.0572,-2.1177,0.1667,-8.9251
1.2197,-0.6234,0.0948,1.4438,-1.3119,-1.4283,-2.3014,1.3411,5.5591,-6.0668,-2.0732,-6.2347,-2.8883,-2.3795,-8.6392
1.002,0.2701,2.3343,0.8789,-0.4551,-1.1639,-1.8115,3.1737,4.6278,-5.5017,-1.0694,-5.5109,-3.7858,-4.7209,-7.547
1.2633,0.9158,4.562,0.6682,0.6753,-1.5937,-1.4857,5.4572,3.3685,-5.1499,0.2952,-4.5069,-4.5097,-6.6244,-6.2077
1.441,1.9624,6.801,0.3314,1.979,-1.6409,-0.6351,7.0756,1.951,-3.9253,1.9631,-3.4613,-5.1855,-8.1699,-4.5782
1.1401,3.085,8.4342,-0.5476,3.0039,-1.8789,-0.5286,7.7985,-0.2271,-2.3436,3.5386,-1.9487,-5.6026,-9.8148,-0.768
1.0988,4.0945,9.3805,-1.0398,3.7625,-2.0531,-0.2412,9.1869,-1.8837,0.1174,4.4244,0.1502,-5.9479,-10.5556,1.1085
0.7098,4.6787,10.3659,-1.6448,3.7742,-1.3741,0.1022,9.302,-3.407,0.5394,4.9777,1.9861,-5.9259,-11.2638,2.983
0.3208,4.9425,10.4393,-2.1077,4.0808,-1.0695,0.5321,8.9101,-4.808,1.4955,4.8983,3.4027,-5.097,-10.769,4.5276
-0.1552,4.855,9.7919,-2.3183,4.0774,-0.3933,1.9023,8.3847,-5.3984,1.9299,4.8219,4.1392,-4.9388,-9.7929,5.7232
-0.2769,4.7766,9.0879,-2.3173,4.1884,-0.1116,1.941,7.1526,-5.8542,2.9537,4.4039,4.601,-4.247,-8.5349,6.8805
0.068,4.4573,8.3876,-2.1346,3.9905,-0.0005,2.3677,6.2556,-5.7919,3.9133,4.2081,4.804,-3.4759,-7.2529,7.8491
0.0196,4.6441,7.8121,-1.9893,3.6751,0.3965,2.5756,4.6811,-5.8869,4.8055,4.3205,4.7423,-2.7927,-5.9343,9.2488
-0.2094,4.3977,6.2764,-2.0297,3.3514,1.1154,2.6655,2.8367,-5.7652,5.9075,3.609,4.8589,-1.2549,-4.3235,9.8456
-0.1848,3.7504,4.5244,-1.8592,2.7026,1.0065,2.823,1.0439,-5.1437,5.6503,2.433,4.5449,-0.3,-2.5724,10.1126
0.0253,3.3012,3.2417,-1.5451,1.9512,1.0865,2.7258,-1.2782,-4.6228,6.0286,1.7773,3.7842,0.7164,-0.8163,9.8595
-0.0687,2.6624,1.3248,-1.2842,1.41,1.273,1.8975,-3.305,-3.7723,5.979,0.8857,3.2065,1.8262,1.1829,9.1136
0.0082,2.2017,-0.7519,-0.918,0.6557,0.84,1.8264,-5.5534,-2.8515,5.9407,-0.3134,2.4105,3.0492,3.4987,8.6845
-0.0951,1.5143,-3.5307,-0.6672,-0.4223,0.6635,1.5186,-6.8535,-1.3962,5.6759,-1.5197,1.1041,3.4746,5.4652,7.9146
-0.2791,0.4559,-5.0082,-0.1741,-1.812,0.9968,1.1138,-8.7309,0.1838,4.2736,-3.1552,-0.3493,3.6082,7.3155,6.3577
-0.1511,-0.5812,-6.4148,0.3484,-2.9918,0.7807,0.8298,-8.281,2.4408,3.1815,-4.3381,-1.5155,3.5148,9.0391,4.341
0.0426,-1.4034,-6.4996,0.9632,-3.7607,0.6458,0.3826,-9.8333,3.5833,1.7343,-4.7799,-3.6018,3.6967,9.0782,2.6779
-0.1095,-1.8039,-7.4448,1.3013,-3.9436,0.656,-0.2889,-10.1182,4.4895,1.0826,-5.2909,-4.8566,3.7152,9.6411,0.749
0.3043,-2.1475,-7.7228,1.6523,-4.2029,0.7772,-0.9637,-10.137,5.563,-0.4412,-5.8587,-5.864,3.7348,9.3565,-1.4711
0.2155,-2.5495,-7.9165,1.9574,-4.2912,0.3476,-1.3666,-10.0097,6.33,-1.4681,-5.8364,-6.8121,3.2568,8.2443,-3.6627
0.3329,-2.7377,-7.53,2.0691,-4.2505,0.3917,-2.204,-9.0679,7.0535,-2.2228,-5.552,-7.0843,3.1242,7.5256,-4.7466
0.3603,-2.565,-6.8923,2.0358,-4.0715,0.3913,-2.6997,-8.5966,7.1265,-3.2069,-5.4004,-7.3462,2.1585,6.4284,-5.6195
0.9078,-2.4253,-6.1762,1.8202,-3.8462,0.1037,-2.5297,-7.2771,7.3391,-4.0124,-5.478,-7.2518,1.2139,5.2695,-6.7736
0.7857,-2.2193,-4.9853,1.6085,-3.4434,-0.3354,-2.591,-5.3421,7.3478,-4.1672,-4.5346,-7.5149,0.7277,4.092,-7.0188
0.5902,-1.5544,-3.6799,1.3487,-3.1823,-0.4361,-2.5035,-4.2406,7.0349,-4.5667,-4.1615,-7.0914,-0.0122,2.4302,-7.6857
0.1026,-1.3868,-2.705,1.2065,-2.5241,-0.3452,-2.2753,-2.634,6.5193,-4.6709,-3.8191,-6.5936,-0.9931,1.2075,-7.8619
-0.1157,-1.0588,-1.6691,1.0408,-1.8852,-0.043,-2.2942,-1.6058,5.8101,-4.7815,-3.0366,-5.9244,-1.3932,-0.1869,-7.2812
0.4069,-0.6665,-0.397,0.7623,-1.2516,-0.4363,-2.0358,-0.3451,5.305,-4.5779,-2.4372,-5.5263,-2.5309,-1.9046,-7.1389
0.5658,-0.1338,0.7544,0.7258,-1.1264,-0.5288,-1.7772,1.8644,4.9523,-4.5195,-1.6501,-4.8971,-3.2264,-3.3087,-6.4086
0.3261,0.268,2.2566,0.7012,-0.4136,-0.3757,-1.4214,3.382,3.915,-4.4015,-0.7677,-4.4278,-3.5986,-4.7986,-5.8683
0.1791,0.8441,4.2148,0.7656,0.3485,-0.4078,-1.3822,4.7611,2.9436,-3.9694,0.5305,-3.4796,-3.7242,-6.3204,-4.8284
0.3371,1.6925,5.6813,0.2804,1.2947,-0.4238,-0.967,6.0017,1.4583,-3.2806,1.6722,-2.4562,-4.3416,-8.1688,-3.7273
0.3065,2.5585,7.1234,-0.0321,2.0831,-0.6308,-0.4195,6.9339,0.3708,-2.7073,2.8576,-0.8214,-4.5746,-8.991,-2.3854
0.1508,3.3216,7.7045,-0.4389,2.9398,-0.7959,-0.2265,7.633,-1.3685,-1.9302,3.5548,0.7106,-4.5806,-9.8491,-0.8127
0.0112,3.813,8.3197,-1.0121,3.3824,-0.7085,-0.0673,7.6324,-2.5761,-0.6594,3.7117,2.1705,-5.2228,-10.0481,0.5188
-0.318,3.8435,8.4474,-1.4335,3.6136,-0.609,0.9014,8.5322,-3.1007,0.5238,4.1497,2.9529,-5.7048,-9.6033,2.2394
-0.2678,3.9821,8.87,-1.626,3.5343,-0.6031,1.5593,8.4465,-3.7715,1.3601,4.2053,3.3765,-5.3815,-9.3135,3.8266
-0.3657,4.103,8.3946,-1.6663,3.7228,-0.6564,1.9275,7.9321,-4.2788,2.4144,4.2198,4.1438,-4.6746,-8.1705,5.4036
-0.789,4.0069,7.8984,-1.8832,3.4549,-0.1273,2.709,6.3961,-4.8621,3.4679,4.0153,5.3044,-3.8772,-7.414,7.2967
-0.3309,3.7531,7.1813,-1.6715,3.077,0.0469,2.6537,5.5262,-4.8369,4.3417,3.9092,4.9292,-3.1674,-6.1493,8.035
-0.0875,3.5871,6.2951,-1.6353,2.8964,-0.1651,2.7408,5.3699,-4.382,4.552,3.4092,4.4645,-2.4345,-4.8541,8.7087
-0.4726,3.6547,6.0035,-1.7427,2.3603,0.2476,2.4309,3.6948,-4.4694,4.9628,3.1806,4.0603,-1.5475,-3.7846,8.9056
-0.7016,3.4635,5.1934,-1.8581,2.2269,0.3984,2.339,1.6993,-4.5412,5.1603,2.7295,3.8686,-0.9973,-1.8557,8.9471
-0.9746,2.9834,2.8783,-1.5929,2.0552,0.7325,1.9056,0.2455,-4.0307,4.9226,1.8738,3.5469,-0.0445,-0.6475,9.2598
-0.6094,2.3394,1.6421,-1.3247,1.3992,1.0423,2.3153,-1.3883,-2.9398,4.9524,0.7677,2.7543,0.3188,0.8354,8.5314
-0.6392,1.746,0.1819,-1.1102,0.5496,1.1032,1.7408,-3.0176,-2.1164,4.7133,-0.1197,1.7947,1.3019,2.7443,8.0423
-0.6602,1.1786,-1.7162,-0.7281,-0.1986,1.3068,1.6506,-4.8017,-1.43,4.6652,-1.089,1.0896,2.1704,4.3547,6.8572
-1.2731,0.2756,-3.718,-0.7514,-1.0388,2.3738,0.9557,-6.5317,-0.3961,3.9878,-2.5135,0.1195,2.9624,5.4423,5.8096
-0.5263,-0.8675,-4.8873,-0.1744,-2.0839,2.3849,0.0965,-7.5631,1.0997,2.9484,-3.536,-2.0059,3.3611,6.3407,4.1416
-0.3337,-1.326,-6.0987,0.5192,-2.8463,1.7893,-0.0232,-8.3356,2.7225,2.4248,-4.3755,-3.0269,3.8556,7.7374,2.3654
0.0673,-2.0538,-6.7241,0.7639,-3.3851,1.2935,-0.3344,-8.4346,4.4628,1.4552,-5.0181,-4.2343,3.1635,8.2587,0.7195
0.1037,-2.234,-6.6407,1.0886,-3.6678,1.1431,-1.6325,-7.9349,5.5117,0.7546,-5.123,-5.3128,3.0012,8.3689,-0.862
-0.031,-2.3654,-6.4145,1.0745,-3.8235,1.0444,-2.2557,-8.2313,5.8232,-0.6914,-5.2502,-6.0623,2.9001,7.6508,-2.5022
0.2494,-2.4042,-6.1789,1.2164,-3.9839,1.3237,-3.0333,-7.7057,6.4866,-2.1351,-5.1781,-6.4165,1.9841,7.0758,-4.3558
0.2558,-2.4853,-5.5723,1.568,-3.6303,1.1931,-2.9926,-7.0737,6.4379,-3.0713,-4.6802,-6.6492,1.1311,6.3067,-5.1201
-0.0121,-2.2822,-5.6804,1.7177,-3.4304,1.2333,-3.3204,-6.25,6.3478,-3.3539,-4.5005,-6.9421,0.5272,5.5718,-6.2047
0.0572,-2.1046,-5.2869,1.5045,-3.0629,1.0432,-3.0903,-5.1662,6.5585,-4.0105,-4.4065,-6.8808,0.1189,4.2385,-6.8982
0.2308,-2.0071,-3.9215,1.315,-2.6522,0.875,-3.2279,-4.1246,6.7663,-4.926,-4.1503,-6.9099,-0.4945,2.802,-7.9059
0.4362,-1.7966,-2.6761,1.2928,-2.3319,0.9166,-3.2954,-3.0219,6.0334,-5.6554,-3.6413,-6.7044,-1.1489,1.084,-8.4097
-0.091,-1.2687,-1.7349,1.5696,-1.6652,1.4924,-2.8981,-1.2553,6.0436,-5.1076,-3.0699,-6.3672,-2.6114,-0.0508,-8.8186
-0.0728,-0.8613,-0.2748,1.1493,-1.1593,1.0003,-2.5449,0.4752,5.4034,-5.2631,-1.8637,-5.7778,-3.2154,-1.9548,-7.6581
0.5529,-0.2254,1.3967,0.8849,-0.8229,0.7611,-2.0867,2.9761,5.0732,-5.4169,-1.4362,-5.1067,-3.7237,-4.1871,-7.2031
0.9597,0.347,3.9865,1.0233,0.1439,0.409,-1.9671,4.7253,3.9055,-4.1926,-0.1514,-4.4601,-4.5493,-6.0437,-6.1626
1.4192,1.2077,6.138,0.5201,1.2561,0.0448,-1.6363,6.6701,2.3398,-3.672,1.4068,-4.0088,-4.5694,-7.8555,-5.3358
1.2128,2.5499,8.382,0.0607,2.372,0.1195,-1.5346,7.7883,0.8342,-2.6141,2.9765,-2.5668,-4.8689,-9.2288,-3.8436
0.9423,3.6303,9.2087,-0.5635,3.2066,-0.0218,-1.1081,7.9891,-1.4126,-1.6135,3.9323,-0.7653,-5.4814,-10.1268,-1.7122
0.5786,4.2209,9.2114,-1.2376,3.7576,-0.3148,-0.6807,8.2659,-3.0208,-0.5296,4.1858,1.2432,-5.7669,-10.3724,0.203
0.3408,4.4124,9.5989,-1.7363,4.1557,-0.328,-0.1528,8.7809,-3.5218,0.1249,4.3654,2.3505,-5.5004,-9.812,1.6122
0.1826,4.3072,9.447,-1.9232,4.3625,-0.1258,0.8228,8.5236,-4.37,1.2938,4.3686,3.3588,-5.0176,-9.6464,3.5936
0.2329,4.3754,9.2207,-2.2128,4.4797,0.4537,1.4228,7.6788,-4.8651,2.4561,3.9841,3.9523,-5.1357,-8.7753,5.01
0.1201,4.2662,8.5504,-2.5192,3.7256,0.3015,2.1719,7.16,-5.0331,3.9514,3.889,4.2746,-4.3565,-7.5103,6.4505
0.1495,4.24,7.6058,-2.3853,3.4225,0.5026,2.6503,6.477,-4.7779,4.3819,3.5705,3.4472,-3.7052,-6.3641,7.6736
0.1993,4.0196,7.1547,-2.1034,2.805,0.405,2.3485,4.9045,-4.7491,4.4474,3.1764,3.876,-2.5672,-5.1343,8.306
-0.32,3.7319,5.8,-2.039,2.5179,0.8324,2.6396,3.3177,-4.8514,4.9995,2.5381,4.0745,-1.8431,-3.5513,7.9187
-0.1826,3.3304,4.6606,-1.78,2.0358,0.9325,2.7619,1.5521,-4.4514,4.2835,2.0936,3.6609,-0.9593,-2.3194,7.9407
-0.1849,3.1634,3.2224,-1.8986,2.0433,1.1542,2.3615,0.0067,-3.8279,4.8953,1.0563,3.0445,-0.1652,-0.7175,7.9554
-0.0464,2.4897,1.5989,-1.5227,1.3035,1.3795,2.1038,-1.2955,-2.8162,5.3459,0.5171,2.4293,1.0315,0.7551,7.9091
-0.162,1.8657,0.3422,-1.2204,0.6138,1.3648,1.909,-3.7432,-2.3384,4.9654,-0.1081,1.487,1.6238,2.5107,7.2011
0.0285,1.4193,-1.6703,-1.1011,-0.0042,1.2474,1.5752,-5.3433,-1.3284,5.0205,-1.1118,0.8529,2.0,4.8508,5.8026
0.0517,0.8224,-3.4691,-0.7232,-0.6317,1.3824,1.1973,-6.5721,0.1781,4.3092,-2.4121,0.0196,2.7475,6.5278,5.2171
0.0119,-0.0378,-4.9225,-0.4347,-1.8171,1.3197,0.9659,-8.2596,1.1073,3.6043,-3.7907,-0.8443,3.2537,7.9254,4.2878
0.125,-0.8954,-6.1611,0.1084,-2.5875,1.3873,1.5427,-9.1095,2.4237,3.5486,-4.9671,-2.1149,3.7766,9.3017,2.7901
0.1839,-1.1262,-7.2983,0.3882,-3.2719,1.5442,0.603,-9.8791,3.4957,1.9523,-5.5849,-3.7539,4.2128,10.0587,1.7838
0.1531,-2.0261,-7.8739,0.8583,-3.6237,1.5071,-0.3232,-9.9289,5.2226,0.5827,-6.1807,-5.3493,4.1265,10.7434,-0.1807
0.6082,-2.3671,-8.3377,1.2728,-4.1265,1.3041,-0.6473,-9.9521,6.4455,-0.5415,-6.5956,-6.5812,3.6916,9.5721,-2.3803
0.5807,-2.4949,-8.3988,1.59,-4.1947,1.2755,-1.5249,-9.3825,7.1868,-1.6902,-6.4051,-7.1813,3.2333,8.9416,-4.2227
0.7374,-2.5707,-7.5765,1.8733,-4.0127,1.0697,-2.1032,-8.5449,7.7717,-3.0006,-6.3929,-7.4984,2.5018,8.2757,-5.5812
0.8481,-2.6119,-6.8275,1.8143,-3.7248,1.2838,-2.7256,-7.518,7.8263,-3.5839,-5.9099,-7.7717,1.5614,6.9765,-6.5775
0.9539,-2.1797,-5.9452,1.6781,-3.4142,0.7726,-2.6417,-6.2756,7.8408,-3.9816,-5.3175,-7.737,0.8947,5.9979,-7.4548
1.3227,-1.8641,-4.76,1.5556,-3.0501,0.3455,-2.7776,-5.0519,7.2546,-4.51,-4.8749,-7.5165,0.4135,4.67,-8.4275
1.3977,-1.4666,-4.0277,1.2389,-2.5228,-0.0812,-2.8641,-3.6339,6.5914,-4.5593,-4.3995,-7.1195,-0.3222,3.2929,-8.4242
1.201,-1.183,-2.9094,1.0882,-2.1182,-0.1402,-2.3776,-2.617,6.3421,-4.4244,-3.7161,-6.7991,-0.8345,2.1075,-7.8995
1.521,-0.6525,-1.5277,1.0084,-1.8542,-0.5775,-2.2677,-1.3688,5.7433,-4.3274,-3.1798,-6.0362,-1.7411,0.691,-7.3191
1.2805,-0.4039,-1.0685,1.4445,-1.2164,-0.9372,-2.0933,-0.1864,5.0994,-4.0123,-2.3902,-5.5665,-2.2903,-0.3091,-7.258
1.8976,-0.0462,0.5032,1.1838,-0.913,-1.1968,-2.0428,1.5138,4.9358,-3.0595,-1.4635,-4.7618,-2.9252,-1.8163,-6.0512
1.9095,0.7116,2.1881,0.6867,-0.414,-1.4134,-1.9487,3.1625,4.0129,-3.2261,-0.6961,-4.1104,-3.6314,-3.2903,-4.7642
1.2858,1.825,4.1388,-0.0558,0.6584,-1.0608,-2.2449,4.7222,3.0065,-2.8892,0.1264,-3.319,-4.3215,-4.8513,-3.9864
1.2967,2.2689,5.3097,-0.1216,1.3784,-1.381,-1.6172,5.8037,1.6189,-2.9719,1.5866,-2.3739,-5.1248,-6.1907,-3.5978
1.1256,2.9216,6.4147,-0.6407,2.3176,-1.3334,-1.3758,7.3031,0.623,-2.279,2.6062,-1.1803,-5.2688,-7.355,-2.7227
1.2415,3.4511,7.4473,-1.1734,2.6273,-1.2743,-0.9813,7.6432,-0.897,-1.365,2.9941,0.2704,-5.3804,-7.9632,-1.2747
1.4058,3.7428,7.7935,-1.675,3.2481,-1.2456,-0.7893,8.6448,-1.8731,-0.9753,3.398,1.5397,-5.6786,-8.4992,0.0841
1.3009,4.0828,8.5858,-2.1327,3.4271,-1.1638,-0.2039,8.5938,-2.6158,0.0144,2.9474,2.6234,-5.6161,-8.6653,1.2574
1.3757,4.1652,9.0323,-2.3396,3.5498,-1.207,0.8026,8.2057,-3.8263,1.0086,3.2169,2.7676,-5.2142,-8.7016,2.7423
1.0105,4.3452,8.6173,-2.3652,3.7648,-1.5853,1.7926,8.5531,-3.8537,2.2107,3.5226,3.1717,-5.257,-7.5371,4.172
1.23,4.1898,8.729,-2.3616,3.6045,-1.3618,2.4479,7.688,-4.4497,3.1216,3.5676,3.5496,-4.5159,-7.0458,5.4837
0.3324,4.4394,7.5771,-2.4878,3.4421,-0.7836,2.3805,6.6986,-4.6245,3.9951,3.4943,3.6535,-3.6366,-6.306,6.6207
0.5829,3.835,7.0146,-2.2752,3.1093,-0.7086,2.5336,5.9009,-4.4889,4.425,3.3896,3.6299,-2.9432,-4.856,7.8286
0.6063,3.648,6.3056,-2.1475,2.8029,-0.5053,2.2823,4.3991,-4.4631,4.6518,3.0498,3.6508,-2.2088,-3.5405,8.7851
0.714,3.5302,5.2165,-1.6663,2.458,-0.5469,2.3203,3.0428,-4.275,4.819,2.6713,3.2433,-1.7242,-2.1861,8.9895
0.624,3.4093,3.9173,-1.8707,1.9319,-0.2707,2.4295,1.3614,-4.1346,5.1323,2.142,3.0013,-0.9991,-0.6853,8.8014
1.1513,3.0037,2.7439,-1.8063,1.3798,-0.4117,2.3586,-0.1579,-3.6797,5.1132,1.6825,2.7161,-0.1921,0.8312,8.8135
0.7901,2.7395,1.2216,-2.2336,1.0035,-0.5572,2.2139,-1.3285,-2.549,5.2528,0.5583,2.3734,0.9056,2.8067,7.8663
0.6225,2.2502,-0.4735,-1.9043,0.4974,-0.6514,1.6544,-3.5674,-1.9085,4.9927,-0.5146,1.6775,2.1715,4.7193,7.3474
0.3958,1.7206,-2.6924,-1.7204,-0.3268,-0.1599,1.2853,-5.58,-1.0659,4.6262,-1.7709,0.6569,2.5324,6.5616,6.1853
0.2736,0.9804,-4.8066,-1.3076,-1.1734,0.3706,0.7846,-6.7387,0.4914,4.1839,-3.3226,-0.5163,2.6369,8.2216,4.8335
0.3139,-0.4462,-6.3328,-0.7369,-2.1428,0.8367,0.4659,-8.0938,1.8385,2.778,-4.4391,-1.8689,3.2192,9.2924,3.5234
0.3795,-1.3673,-7.6651,0.0016,-3.0921,1.334,0.2408,-8.745,3.352,2.0892,-5.3049,-3.5204,3.6898,10.3317,1.4941
0.3986,-1.8782,-8.3448,0.534,-3.5823,1.0492,-0.3886,-9.401,4.9796,1.3672,-5.753,-5.2605,3.6898,11.3127,0.5165
0.9309,-2.267,-8.408,1.0446,-4.1295,1.9667,-1.0856,-10.5321,5.7516,0.1864,-6.2221,-6.4268,3.4312,11.1562,-1.6365
1.4216,-2.1396,-8.8323,1.1635,-4.2505,1.9154,-2.0121,-11.1315,6.4213,-0.862,-6.4732,-7.1144,2.8337,11.2578,-4.1481
1.3959,-2.3158,-9.4014,1.2887,-4.3221,1.2838,-2.736,-10.2008,7.2869,-2.168,-6.5183,-7.8492,2.9265,11.2551,-5.8467
1.4779,-2.3212,-8.9823,1.474,-4.2081,0.6054,-2.7669,-9.2661,8.3137,-3.3568,-6.7575,-8.2213,1.7682,10.4845,-7.1577
0.5654,-2.2562,-8.6792,1.589,-4.0943,0.8509,-3.3787,-8.8728,8.1026,-4.1499,-6.5313,-8.7537,1.3725,9.0014,-8.6822
1.5542,-2.4981,-7.5435,1.506,-3.7772,0.3266,-3.2782,-6.9213,8.7937,-5.6768,-6.1498,-9.1188,1.1247,9.1275,-9.5497
1.85,-2.0055,-5.8348,1.3791,-3.225,-0.1475,-3.3159,-6.2243,8.0357,-5.5692,-5.4576,-8.9393,0.5375,7.3554,-10.1916
1.7972,-1.4449,-4.8636,1.0071,-2.7203,-0.6775,-3.274,-4.4643,7.7535,-5.6069,-4.7622,-8.3765,-0.1892,5.2063,-10.103
1.7446,-0.873,-3.679,0.8458,-2.1128,-0.8631,-3.4526,-2.9213,7.5983,-5.6631,-4.0335,-7.9518,-1.0386,2.9871,-9.9097
1.4949,-0.5742,-2.403,0.7376,-1.5419,-0.7361,-2.9944,-1.2362,6.8372,-5.2109,-3.4121,-7.2945,-2.3178,1.5068,-9.3098
1.8243,-0.069,-0.6499,0.576,-1.0954,-0.8601,-2.7596,0.8344,6.4508,-5.0415,-2.5374,-6.503,-3.2565,-0.0742,-8.4093
1.5405,0.5694,0.9679,0.1961,-0.5247,-1.0959,-2.4658,2.6854,5.257,-4.732,-1.8214,-5.8358,-4.3352,-2.2855,-7.3629
1.6101,1.1137,3.2632,-0.0585,0.3366,-0.7555,-2.0822,4.9191,4.5968,-4.3483,-0.4857,-4.9387,-5.0304,-3.9626,-6.4029
1.4617,1.7749,5.0681,-0.3246,1.2532,-0.501,-1.1775,6.5279,3.1707,-3.2195,0.9157,-3.7116,-5.305,-5.819,-5.0346
2.9084,2.7527,7.2488,-0.6574,2.4609,-1.0504,-0.9828,8.0367,1.7403,-3.2518,2.3274,-2.3623,-5.6536,-7.1314,-3.4771
2.4717,4.1384,8.3167,-1.4134,3.3652,-1.5716,-0.7532,8.6918,-0.173,-1.4395,3.4182,-0.8097,-5.6181,-7.7121,-1.5835
1.7354,4.7854,9.0333,-2.074,4.0942,-1.5582,0.6371,8.6165,-2.0707,0.3611,3.8604,0.7569,-5.8672,-7.9124,0.3704
1.3643,4.9091,8.9064,-2.6711,4.3093,-1.3728,1.2283,8.2246,-3.224,1.0584,4.0114,2.4715,-5.8594,-7.8297,2.3501
1.0721,4.9389,8.5262,-2.3843,4.4514,-1.2984,1.7215,8.028,-3.6203,2.5422,4.1217,3.2405,-5.1416,-7.2888,4.5451
1.0919,4.7644,8.0281,-2.7123,4.5138,-0.5514,2.0687,7.3069,-4.0622,3.9562,3.5805,3.7189,-4.6629,-6.4408,6.4135
0.5808,4.6784,7.2602,-2.7205,4.1264,-0.4217,2.3357,6.6597,-4.106,4.5135,3.3087,3.9384,-4.3734,-5.1696,7.4302
0.2616,4.3078,6.5292,-2.9483,3.8343,-0.009,1.9729,5.4584,-4.2528,4.8737,2.9287,3.9604,-3.2449,-4.0741,8.2264
0.2134,4.049,4.8192,-2.666,3.4538,0.7282,2.0776,4.0335,-4.1417,4.6804,2.4757,3.8706,-2.4876,-2.6481,7.7475
0.381,3.5854,4.1208,-2.4459,2.9501,1.1792,2.1569,2.3193,-3.0123,4.0062,1.8393,3.4789,-1.7633,-1.7436,7.7248
0.3759,3.0443,2.299,-2.0757,2.6887,1.3074,1.3893,0.9073,-3.0129,4.5422,1.1657,2.8605,-0.6686,-0.5841,7.5815
-0.0956,3.062,0.7277,-1.918,2.2233,1.6373,1.4658,-0.3208,-2.0713,5.1731,0.4008,2.1882,-0.0343,1.0003,7.0146
-0.3116,2.1837,-0.4726,-1.6019,1.4291,1.6799,1.4375,-2.148,-1.1004,2.6786,-0.2452,1.4272,0.7117,2.1365,5.7978
0.1336,1.5385,-1.8013,-1.3278,0.8811,1.8177,1.2862,-3.7225,-0.2917,2.3264,-1.0654,0.8145,1.9607,3.5839,4.6782
0.7892,0.8655,-3.2213,-1.0039,0.208,1.3254,0.6572,-4.7921,0.7474,3.1137,-2.137,0.2955,2.205,5.0077,4.2431
0.8652,0.3313,-4.5481,-0.8013,-0.6245,0.7637,0.4232,-5.6015,1.886,2.8663,-3.1692,-0.6679,2.3665,6.6974,3.191
1.3007,-0.3719,-5.1328,-0.6293,-1.5476,0.1572,0.565,-6.3599,3.0014,2.0761,-4.1401,-1.933,2.2705,7.0925,2.0457
1.2842,-0.5225,-5.4591,-0.3096,-1.9886,0.0349,0.1209,-6.2588,4.4541,1.1875,-4.6309,-3.4515,2.1078,7.7175,0.8503
1.2384,-1.1096,-5.3459,-0.3547,-2.2147,0.272,-0.4428,-6.2495,4.8194,0.3546,-4.9525,-4.4232,2.0461,7.524,-0.0778
0.9818,-1.2599,-5.472,0.0343,-2.2383,-0.0195,-0.897,-6.0738,5.2025,-0.1978,-5.0524,-5.2823,1.5792,7.6156,-0.944
1.11,-1.447,-5.5529,0.3253,-2.1389,0.3792,-1.4351,-5.9125,5.7885,-1.2077,-4.9684,-5.8868,1.3584,6.9258,-2.7439
0.7715,-1.5211,-5.3025,0.3226,-1.7497,0.7185,-1.8922,-5.7518,6.2465,-1.6822,-4.8735,-6.2189,0.94,6.5286,-4.4583
0.7918,-1.6314,-4.9529,0.7257,-1.9753,1.3375,-2.2953,-5.4176,6.1461,-2.1967,-4.6827,-6.654,0.7286,5.5563,-4.7599
0.6666,-1.7791,-4.7184,0.7632,-1.8906,1.437,-2.4177,-4.91,6.3506,-1.9855,-4.1318,-6.7432,0.404,4.8161,-5.112
0.7545,-1.6068,-4.0931,0.7908,-1.7182,1.1078,-2.5307,-3.9573,6.6116,-2.8471,-3.7873,-6.7567,-0.1158,3.9897,-5.9118
0.6701,-1.4408,-3.4125,0.7026,-1.5089,1.109,-2.6984,-3.3369,6.2229,-3.2783,-3.5413,-6.1519,-0.2548,3.0059,-6.1819
0.751,-0.9979,-2.7679,0.4921,-1.1565,1.5964,-2.6111,-3.1587,5.4799,-3.594,-3.2763,-5.806,-0.5545,2.006,-6.2876
0.9017,-0.8743,-2.474,0.5108,-0.8088,1.6457,-2.266,-2.491,5.0739,-3.1246,-2.9757,-5.5956,-0.866,1.1582,-6.6092
0.9236,-0.6292,-2.0721,0.2101,-0.6107,1.6874,-2.5088,-1.3722,5.1166,-3.1663,-2.6234,-5.3596,-1.359,0.7616,-5.8102
1.1038,-0.5175,-1.1851,0.151,-0.5522,1.1765,-2.4574,-0.4812,5.0296,-3.1792,-2.3825,-5.1561,-2.0916,-0.4337,-5.4606
1.157,-0.1701,-0.301,-0.3341,-0.3068,0.7053,-2.4613,1.0109,5.105,-2.8248,-2.0427,-5.2902,-2.7543,-1.1036,-5.054
0.9933,-0.0154,1.094,-0.3584,0.0711,0.7787,-2.8473,2.5331,4.4584,-3.233,-1.4822,-4.5506,-3.8234,-2.3093,-4.8447
0.9666,0.4327,2.8469,-0.4007,0.7912,0.7046,-2.3209,3.137,3.3245,-3.3604,-0.5447,-3.9454,-4.3625,-3.6644,-4.5109
1.1222,1.0498,4.3068,-0.6689,1.6764,0.6591,-1.9648,5.0152,2.5718,-2.5606,0.5946,-3.335,-5.4036,-4.4799,-3.5365
1.038,1.8819,5.7877,-1.0926,2.322,0.6509,-1.9331,5.9496,1.315,-2.184,1.6023,-2.5397,-5.4412,-5.7856,-2.3374
1.2372,2.6906,6.5372,-1.5864,3.319,0.1778,-2.041,6.4007,0.0251,-1.3303,2.5644,-1.3951,-5.8035,-6.237,-1.4842
1.108,3.2379,6.7851,-1.6543,3.8646,-0.2693,-1.3487,6.4277,-1.3646,-0.2385,3.255,0.4898,-6.0749,-6.6096,0.0786
1.0958,3.7056,6.9075,-2.0214,4.1826,-0.6314,-0.7874,7.0804,-1.8423,0.1605,3.8468,1.6145,-5.563,-6.4701,1.8853
1.433,4.0549,7.4082,-2.3249,4.1251,-1.1422,-0.8794,6.487,-2.5367,1.039,3.822,2.1203,-5.3776,-6.3129,3.437
1.1936,4.1211,7.2313,-2.728,4.2686,-0.9935,-0.6067,6.7658,-2.8158,2.6715,3.4874,3.0896,-5.7522,-5.5205,4.0433
0.7412,4.0361,6.923,-2.3672,4.2006,-0.8504,-0.0359,6.4951,-3.2157,2.5441,3.5025,2.8501,-5.1772,-5.115,4.6663
0.3135,4.0005,6.9371,-2.3644,4.1424,-0.3939,0.5933,5.7052,-3.4385,2.8039,3.4305,3.2004,-4.5659,-4.6,5.5635
0.3707,3.6788,6.3589,-2.4899,4.131,-0.2922,0.7751,4.7449,-3.7748,3.6076,3.2112,3.3204,-3.9396,-3.3811,6.1325
0.2243,3.6215,5.0994,-2.268,3.9756,-0.2717,1.3964,3.6604,-3.8194,4.1872,2.8845,3.2709,-2.8928,-2.2954,7.1044
0.2607,3.2472,4.1161,-2.0989,3.4001,-0.206,2.0449,2.2833,-3.6048,4.4765,2.3721,3.5677,-2.02,-1.3138,7.2671
0.4004,3.1367,3.1832,-1.7335,2.7841,-0.3523,2.1281,1.5367,-2.7997,4.8091,1.9732,3.127,-1.4072,-0.2578,7.8088
0.2344,2.6993,2.1042,-1.7455,2.3718,-0.0475,1.9158,0.101,-2.5695,4.3552,1.2287,2.8422,-0.7065,1.2467,7.6463
0.365,2.3566,1.3741,-1.8096,2.0001,0.2209,1.4158,-1.4372,-1.948,4.6869,0.4345,1.9585,0.3761,2.6593,6.823
-0.1431,2.1246,-0.1217,-1.7915,1.6605,0.2993,1.5461,-3.1422,-1.5418,4.7697,-0.2691,1.4786,0.9677,4.3699,6.7398
0.1116,1.4575,-2.3048,-1.5564,0.8491,0.1661,1.2075,-5.0546,-0.9053,4.0439,-1.1163,0.8489,1.7603,5.8841,6.0122
0.1586,0.8539,-4.1195,-1.3541,0.1161,0.264,0.8593,-6.6758,0.1999,4.2333,-2.5133,0.1861,2.4112,7.4598,4.9093
-0.0169,-0.0777,-5.4608,-1.1153,-1.0596,0.5055,0.3509,-7.5673,1.6105,3.8108,-3.9778,-1.2285,2.4349,8.7491,3.6332
0.0914,-0.9883,-6.3887,-0.5447,-2.1485,1.0533,0.0823,-8.3237,3.1955,2.6724,-4.7551,-2.8102,2.9627,9.7921,2.0148
0.3468,-1.7936,-7.0872,-0.0188,-2.6914,0.9196,-0.2876,-8.5687,4.7464,1.3056,-5.3627,-4.261,2.9065,10.4229,-0.0161
0.416,-2.0931,-7.222,-0.0755,-2.9213,1.0827,-0.8162,-8.3637,5.3541,0.456,-5.927,-5.5348,2.6623,10.5714,-1.5453
0.3687,-2.317,-7.3545,0.437,-2.8605,1.2419,-1.4977,-8.7631,6.1339,-0.9634,-6.0473,-6.4382,2.8154,10.3716,-3.3104
0.536,-2.2213,-7.5707,0.7762,-2.8586,0.9158,-2.0993,-8.6448,6.7128,-2.1982,-5.7533,-7.0548,2.7846,9.5329,-4.6542
1.134,-2.3604,-7.1908,0.9696,-2.7173,0.7686,-2.5546,-7.8871,7.6421,-2.6023,-5.5695,-7.203,1.9058,8.9497,-6.0188
0.5962,-2.1998,-6.3625,1.2855,-2.5505,0.773,-3.0694,-6.8044,7.4985,-3.2268,-5.2261,-7.3003,1.0464,7.5478,-6.9392
0.9611,-2.335,-5.2574,1.1906,-2.2777,0.9891,-3.3197,-5.4673,7.3364,-4.2599,-4.7223,-7.6307,0.5392,6.3281,-7.4277
1.4366,-1.7301,-4.3225,0.8504,-1.9628,0.5928,-3.4159,-4.9331,6.5852,-3.9227,-4.199,-7.3303,-0.3839,5.032,-7.3766
1.1736,-0.9237,-3.7914,0.8146,-1.4284,0.2724,-3.136,-3.5236,6.2319,-3.5366,-3.838,-6.9927,-0.8689,4.193,-7.2487
1.0857,-0.9426,-3.0519,0.7133,-1.2277,-0.0161,-2.9141,-2.1793,6.2473,-4.4089,-3.5659,-6.6337,-1.2269,2.6817,-7.8012
0.8301,-0.8038,-1.707,0.3325,-0.6783,-0.1741,-2.7093,-1.111,5.8313,-4.2176,-2.8597,-6.2681,-1.9609,1.2118,-7.6273
0.9639,-0.4247,-0.9916,0.4977,-0.08,-0.5745,-2.5657,0.6681,5.381,-4.1447,-1.9335,-5.8962,-2.7889,0.0192,-7.0024
0.7689,-0.0644,0.5377,0.2821,0.2996,-0.7289,-2.449,2.6692,4.918,-3.6505,-1.3326,-5.1316,-3.3698,-1.6305,-5.7775
0.6959,0.4918,2.7603,0.0495,0.9955,-0.5214,-2.1112,3.9916,4.0417,-3.8942,0.0123,-4.3933,-3.9448,-3.5926,-5.2871
0.8321,1.1748,4.0093,-0.2069,1.8532,-0.5252,-1.7781,5.0961,2.5222,-3.4192,1.2024,-3.517,-4.4391,-5.2331,-4.2281
0.5154,2.0303,5.1318,-0.5248,2.4843,-0.0898,-1.617,5.6021,1.3159,-2.7026,2.1488,-2.2542,-5.2412,-6.4764,-3.3683
0.5479,2.8559,5.471,-1.0562,3.261,-0.4281,-0.9234,6.8384,0.3567,-1.4662,2.5617,-0.889,-4.3539,-6.8851,-1.8474
1.0582,3.3163,7.0631,-1.4709,3.8206,-0.1996,-0.2496,7.259,-1.0307,-1.0196,3.197,0.4093,-5.1681,-7.4209,-0.4146
0.9355,3.8462,7.3945,-2.1418,4.3049,-0.3039,0.3135,7.3771,-1.9359,0.3229,3.4817,1.8132,-4.4878,-7.6349,0.9704
0.737,3.9909,7.0847,-2.3621,4.6231,-0.2967,0.6891,6.6411,-3.18,2.1622,3.6594,2.5309,-4.3704,-7.7687,3.4597
0.8985,4.0633,6.7241,-2.4602,4.617,-0.5096,1.4027,6.9835,-3.2079,3.1625,3.4905,3.0467,-3.6604,-6.315,4.9705
0.6741,4.1003,6.8094,-2.5351,4.4769,-0.2935,1.7336,6.2231,-3.3673,3.8631,3.2019,3.0736,-3.2884,-5.584,5.9932
0.345,4.0451,6.0843,-2.4498,4.1413,0.2298,1.9752,5.8375,-3.4133,4.377,2.954,3.1704,-2.8044,-4.6435,7.1307
0.0596,3.8063,5.6339,-2.3719,3.9499,0.5262,1.8982,4.6795,-3.6152,4.3073,2.7883,2.7818,-2.4966,-3.6596,7.259
0.1487,3.5297,4.6747,-1.9163,3.6322,0.7743,2.0684,3.3591,-3.3666,4.3794,2.6361,2.899,-1.6584,-2.546,7.9735
0.587,3.3521,3.976,-1.9476,3.395,0.8051,1.9319,1.4757,-3.4225,5.0635,2.23,2.7413,-1.269,-1.2615,8.0096
0.5872,3.1707,2.6136,-1.8379,2.9038,1.2577,2.0156,0.2851,-3.1473,5.6051,1.5221,2.564,-0.6843,0.5332,8.3174
0.2037,2.8921,1.0519,-1.5819,2.2878,1.1079,1.8238,-1.2161,-2.3102,5.6683,0.847,2.0372,-0.3474,1.6969,8.0267
0.2881,2.3953,-0.3353,-1.1486,1.5536,0.7072,1.7752,-2.9315,-1.6161,5.2223,0.1064,1.5767,0.9551,3.6441,7.417
0.3897,1.9912,-2.2047,-1.0214,0.9157,0.747,1.8365,-4.7208,-0.9409,5.0591,-0.7696,0.9175,1.7856,5.4055,6.8419
0.4834,1.3547,-4.0683,-0.7833,0.162,0.4662,1.7694,-6.048,-0.2501,4.7019,-1.8758,0.0748,2.4052,7.2973,5.8908
0.0871,0.4124,-5.8123,-0.3817,-0.921,0.4277,1.1849,-7.479,1.2212,3.1018,-3.106,-0.8545,2.9734,8.557,4.6178
0.3343,-0.5477,-7.2529,0.0334,-1.8147,0.4495,0.4199,-8.2165,2.9266,2.1712,-4.3717,-2.1867,3.9726,9.7624,2.7259
0.736,-1.3654,-7.8018,0.4979,-2.5421,0.3353,-0.2957,-9.0936,4.6283,1.2816,-5.0277,-3.8095,3.829,10.5388,0.9315
0.8304,-1.7108,-8.5574,0.7231,-2.7412,0.1497,-0.8589,-9.4782,5.7969,1.168,-5.6778,-5.0989,3.1547,10.3351,-0.9674
1.0356,-1.83,-8.8002,1.2381,-2.7984,0.032,-1.35,-8.5978,7.1438,-0.1783,-5.7914,-6.1025,2.9173,10.3633,-2.9159
1.1459,-2.0759,-7.9586,1.5554,-3.1211,0.0452,-2.1533,-7.7359,7.9283,-1.7002,-5.6534,-7.041,2.2193,9.5133,-4.1068
1.2038,-1.9675,-6.9769,0.8798,-3.0655,-0.1211,-2.7256,-7.6947,7.5393,-2.8276,-5.5724,-7.4341,1.9914,8.3285,-5.7213
1.5013,-1.7647,-6.6094,0.9912,-2.6328,-0.3827,-3.1153,-6.6438,7.3989,-3.4819,-5.3752,-7.294,0.9189,7.7621,-6.9533
1.4441,-1.7201,-5.8472,1.0187,-2.3829,-0.765,-3.3002,-5.6183,7.5755,-4.0812,-4.9758,-7.3287,0.0139,6.7207,-7.5752
1.4768,-1.513,-4.7844,0.8765,-1.83,-0.3872,-3.102,-4.6411,7.0842,-4.2733,-4.6392,-7.1821,-0.3468,5.5786,-8.0923
1.4243,-1.1345,-3.875,0.8318,-1.6493,-0.5956,-2.6157,-2.8703,6.9875,-4.6789,-3.9845,-6.9608,-0.5408,3.9405,-8.3061
1.2342,-0.7601,-2.7004,0.7,-1.0372,-0.6225,-3.1134,-1.9165,6.2307,-4.7867,-3.418,-6.5146,-1.1076,2.3878,-7.9069
1.3817,-0.725,-1.2908,0.7484,-0.2579,-1.102,-2.662,-0.0797,6.1925,-4.3354,-2.7613,-6.1067,-2.147,0.9734,-7.4957
1.5377,-0.2466,-0.0097,0.5008,0.2694,-0.9789,-2.258,1.038,5.2871,-3.8916,-1.8943,-5.239,-3.3855,-0.8154,-7.1169
1.6778,0.2615,0.9278,0.2958,0.7423,-1.4491,-1.9084,3.3692,4.7247,-3.7379,-1.2102,-4.426,-4.1076,-2.2648,-5.9908
1.3501,0.853,3.3576,0.0229,1.4416,-1.3601,-1.7273,4.7376,3.9498,-3.1135,-0.2603,-3.7137,-4.5144,-3.9219,-5.2145
1.4964,1.4062,5.1486,-0.5731,2.4748,-1.7062,-1.5209,6.6229,3.0258,-3.1938,1.0114,-3.1223,-5.2119,-5.9702,-4.6928
1.8218,2.2109,6.9483,-0.7848,3.4861,-1.91,-1.3386,7.9738,1.738,-2.2831,2.2805,-1.8396,-5.2019,-7.0824,-3.1659
1.4083,3.2036,8.0707,-1.2635,4.3208,-1.5322,-1.087,8.5875,-0.0154,-1.1855,3.4305,-0.0222,-5.7181,-7.9724,-1.9919
1.0165,3.7197,8.6456,-1.7238,4.916,-1.2923,-0.1993,8.9834,-1.6018,-0.3251,4.0585,2.0579,-5.9644,-8.3217,-0.0787
1.063,4.0648,8.5404,-2.098,5.3657,-0.9842,0.2456,8.0802,-3.3665,0.7913,4.3044,2.9253,-5.6457,-8.448,1.1982
0.7537,4.3779,8.1985,-2.3117,5.4573,-0.5357,1.1843,7.8791,-3.6374,2.5385,4.2802,3.7668,-5.2813,-7.752,2.9167
0.7755,4.3076,7.7378,-2.5687,5.2161,-0.4157,1.914,7.3784,-4.0218,3.2918,4.0953,4.4749,-4.6613,-6.7763,4.8884
0.8465,4.1579,7.2332,-2.7624,5.0764,0.0045,2.0096,5.7258,-3.7764,4.3435,3.8507,4.3632,-3.4487,-5.382,6.5257
0.7065,3.9141,6.2673,-2.6171,4.623,-0.0,1.8365,4.5737,-4.3088,4.964,3.3368,4.303,-2.4248,-3.9511,7.4874
0.4163,3.6933,4.9676,-2.5626,4.0949,0.0037,2.2073,3.0051,-3.9127,5.532,2.755,3.9664,-2.0787,-2.2791,8.3598
0.2242,3.3216,3.5642,-2.4872,3.5915,0.3268,2.3363,1.5044,-3.569,5.3554,1.9855,3.6422,-1.3108,-0.1597,8.2538
0.0483,2.8789,1.9518,-2.3096,3.0722,0.504,2.4817,-0.1742,-3.0,5.374,1.2224,3.0703,-0.3355,1.6797,7.9459
-0.0523,2.2402,0.3447,-2.094,2.3264,1.1879,2.4438,-2.1584,-2.2629,5.0806,0.2675,2.2364,0.8961,3.1114,7.4279
0.0743,1.5874,-1.6513,-1.6879,1.7246,1.2346,1.9863,-4.2717,-1.5195,4.9532,-0.7556,1.3178,1.9211,4.9483,6.8319
-0.2846,1.0329,-3.9613,-1.465,0.9136,1.353,1.5,-6.0253,-0.0105,4.8689,-2.019,0.6495,2.5293,6.8823,6.0902
0.1549,0.0064,-5.7186,-1.0001,-0.2857,1.3006,1.5318,-7.4454,1.441,4.2081,-3.4097,-0.5924,2.8124,8.4773,4.597
0.0971,-0.6664,-7.1587,-0.0904,-1.4834,1.3026,1.0832,-8.5033,3.148,2.7523,-4.3528,-1.9372,3.7067,9.4009,3.0197
0.5507,-1.3996,-7.8265,0.0944,-2.3129,1.1341,0.2222,-9.1266,4.8553,1.6351,-5.2985,-3.5477,3.9119,10.126,1.475
0.3316,-1.9952,-8.8045,0.7935,-2.3533,1.4713,-0.6242,-9.8864,5.5859,1.0934,-5.7463,-5.0614,4.1207,10.712,-0.359
0.4192,-2.5126,-8.9454,1.0653,-2.752,1.0468,-1.4076,-9.7155,6.7585,0.0271,-5.906,-6.5291,4.0417,10.6978,-2.0338
0.3378,-2.6147,-9.0754,1.1552,-3.1424,0.9642,-2.2946,-9.7235,7.467,-1.3826,-6.3274,-7.1811,3.2511,9.8822,-4.7713
0.644,-2.6769,-9.155,0.9175,-3.1366,0.6689,-2.9317,-8.5651,8.4462,-3.3679,-6.1979,-7.6745,2.5611,9.1018,-6.3437
0.5717,-2.7012,-8.3985,0.9088,-2.7876,0.2719,-3.4163,-7.1765,8.9965,-3.9883,-6.7236,-7.6614,1.1666,7.8343,-8.1637
0.6231,-2.3336,-7.1303,0.8609,-2.4523,0.2855,-3.2667,-5.3692,9.1776,-5.5235,-6.4971,-8.2528,0.2226,6.148,-9.3165
1.2679,-2.5246,-5.2929,1.1146,-2.0408,-0.3171,-3.1018,-3.7858,8.7843,-5.9044,-5.4162,-8.162,-0.4977,4.1974,-10.473
1.3664,-1.8392,-3.4839,0.6911,-1.5113,-0.3477,-3.3899,-1.8357,8.2813,-5.2567,-4.3194,-7.6226,-1.4292,2.18,-9.9354
1.3179,-0.9711,-1.7027,0.5165,-0.8248,-0.727,-3.2181,-0.147,7.2874,-5.6051,-3.2444,-6.9893,-2.4403,0.2696,-9.9134
0.9753,-0.5,-0.2854,0.6443,0.2877,-0.4019,-3.0658,1.894,6.5058,-5.6068,-2.2317,-5.941,-3.0861,-1.6561,-9.3963
0.8516,-0.0411,1.147,0.669,0.9402,-0.6562,-2.8769,3.6328,5.45,-5.396,-1.0942,-5.1752,-4.452,-4.025,-8.3874
0.9805,0.6647,3.0837,-0.0318,1.886,-0.9183,-2.5344,6.0396,4.891,-5.0428,0.1834,-4.1471,-4.9262,-5.6817,-6.6167
1.1441,1.6934,5.3218,-0.2946,3.0417,-0.962,-2.0909,7.4271,3.4836,-4.5437,1.5994,-3.0445,-5.7644,-7.4907,-5.3684
1.2613,2.777,6.9718,-0.6815,4.0207,-1.3057,-1.6596,9.1755,2.1331,-3.2815,2.9776,-1.6661,-6.3406,-9.2519,-3.9819
1.137,3.695,8.6933,-1.2262,4.6122,-1.6726,-1.0922,10.724,0.8066,-2.2776,3.9942,-0.0262,-5.9519,-10.5173,-2.3458
0.5679,4.6093,9.1894,-1.8938,5.5037,-1.5537,-0.4875,11.1131,-1.2276,-1.1749,4.5778,1.9439,-6.3326,-11.243,-0.4163
0.6525,4.7641,10.0055,-2.5736,5.7092,-1.341,0.3272,11.4179,-2.4983,0.0734,4.7767,3.3379,-6.4601,-11.5566,1.3109
0.4735,5.0701,10.2041,-2.5564,5.9882,-1.0384,1.1442,11.2761,-3.6206,1.1762,5.2416,4.0118,-5.8996,-11.5032,3.791
0.3082,5.06,10.1411,-2.7871,5.8799,-1.3469,2.6684,11.4985,-3.8767,2.9285,5.3233,4.7162,-5.3325,-10.4837,5.9341
0.5883,5.1749,11.1471,-2.7089,5.8171,-1.1121,2.5694,10.4355,-4.5908,3.3301,5.7333,5.5096,-4.6796,-9.5326,8.1245
0.5683,5.3653,10.2612,-2.6391,5.8585,-0.7809,3.0472,8.9714,-6.1381,5.4722,5.9118,5.8049,-3.9153,-7.9787,9.5699
0.3813,5.4773,9.0958,-2.7839,5.6767,-0.7322,2.7107,7.179,-6.201,6.3392,5.4182,6.2239,-2.631,-5.9834,10.415
0.2218,4.8474,7.0662,-2.7824,5.1245,-0.6408,2.8955,4.8797,-6.012,6.6618,4.3241,6.2308,-1.7869,-4.4016,11.1042
-0.1752,4.6655,5.1798,-2.7248,4.5816,-0.2399,2.8252,3.2355,-4.9109,7.4791,3.28,5.68,-1.0225,-2.0606,11.5649
-0.3781,3.8636,3.5097,-2.5294,3.4963,0.3454,2.717,0.7101,-4.4207,6.6039,2.2136,4.7447,-0.157,-0.3168,10.8756
-0.4107,3.4394,1.1178,-2.4716,2.711,0.5478,2.5012,-0.9126,-3.1375,6.8645,1.0056,3.8317,0.9286,2.0113,10.5393
-0.333,2.6264,-0.3864,-2.1697,1.8776,-0.1541,2.454,-2.5199,-1.3948,6.1757,-0.0358,2.6427,1.5867,4.2078,8.9752
0.0636,1.8046,-2.1223,-1.7438,1.3442,-0.2445,2.162,-4.367,-0.3031,5.1585,-1.2479,1.5113,2.4715,5.868,7.567
0.0547,1.2691,-3.9961,-1.4494,0.4039,0.0222,1.1726,-5.7531,1.0244,4.8855,-2.5328,0.447,3.2597,7.415,6.2549
0.1346,0.4601,-4.805,-1.1686,-0.6663,0.3209,0.5885,-7.134,2.3527,4.2336,-3.7482,-1.1181,3.2364,8.6673,4.2757
0.2175,-0.441,-6.0988,-0.5507,-1.6208,-0.0021,0.2328,-8.2163,3.4237,3.1111,-4.4106,-2.4769,3.3228,9.7531,2.7376
0.654,-1.0441,-7.0649,-0.0054,-2.1611,-0.2529,-0.4021,-8.5405,5.1164,1.8494,-5.1279,-4.0755,4.0207,10.0099,0.5665
0.1537,-1.4284,-7.5337,0.3232,-2.6365,-0.1311,-0.8637,-8.8156,6.3025,1.724,-5.4474,-5.5279,2.9857,10.2123,-1.01
0.4917,-1.7594,-7.7566,0.7227,-2.8742,-0.2274,-1.6862,-8.5298,7.2344,-0.2019,-5.8048,-6.319,3.4797,10.339,-1.9594
0.3773,-1.811,-7.8595,0.7135,-2.927,-0.3444,-2.412,-8.0486,7.9321,-1.5962,-5.7967,-6.8311,2.9846,9.4222,-4.137
0.4297,-1.7308,-7.642,0.4568,-2.5495,-0.2927,-2.1324,-7.1339,8.5995,-2.6409,-5.9059,-7.1603,1.9326,8.7355,-6.0657
1.1421,-1.9261,-6.7531,0.6874,-2.4852,-0.7374,-2.5082,-6.042,8.7803,-3.6784,-5.6903,-7.2653,1.1572,7.4642,-6.9308
1.1281,-1.6368,-5.5209,0.6328,-1.9737,-0.9635,-2.6683,-4.7529,8.8939,-3.6255,-5.0846,-7.6245,0.3099,6.0633,-7.4998
0.9889,-1.2078,-4.4128,0.5414,-1.5182,-0.8819,-3.057,-3.2108,8.41,-4.0045,-4.6186,-7.8112,-0.124,3.8049,-7.8973
0.8417,-1.0208,-2.9435,0.7305,-0.8864,-0.9552,-3.1151,-1.6029,8.1546,-4.0298,-3.5971,-7.3583,-0.9223,2.5992,-8.1566
0.7554,-0.5549,-1.5352,0.763,-0.4199,-1.2229,-3.2266,-0.6195,7.4771,-4.6099,-2.5657,-6.4499,-2.0983,0.8819,-7.8953
1.3555,-0.0856,-0.3674,0.4087,0.1931,-1.4854,-2.9793,1.2723,6.4905,-4.7702,-1.7375,-5.818,-2.8264,-0.8174,-7.3579
1.1853,0.7661,1.2047,-0.0276,0.9762,-1.4033,-2.4004,3.3382,5.6179,-3.6868,-0.7482,-4.8345,-3.5121,-2.6814,-6.4886
0.8477,1.2822,3.0559,0.0764,1.6586,-0.9573,-2.0318,5.1284,4.713,-2.9727,0.9431,-3.6766,-4.0758,-4.4894,-5.4563
0.5104,2.1005,4.5896,-0.3611,2.7403,-1.1285,-1.5976,5.6955,2.9119,-2.6034,1.9401,-2.53,-4.6558,-6.4847,-3.8925
0.6443,2.3651,5.4286,-0.9794,3.5106,-1.3363,-1.1106,7.3008,1.8719,-1.7321,2.6222,-1.1789,-5.1602,-7.4267,-2.4998
0.2079,3.2641,6.2628,-1.1618,4.0055,-1.1587,-1.0579,8.3738,0.9463,-1.6224,3.3062,-0.0014,-4.9178,-8.3671,-0.9471
0.3571,3.7929,7.3202,-1.8616,4.687,-0.8795,-0.4007,8.7413,-0.418,-0.2541,3.771,1.6445,-5.2005,-8.581,0.6153
0.2403,4.1275,7.8916,-1.9369,5.0089,-0.3742,0.1967,8.4651,-1.7902,1.039,4.2728,2.6099,-5.1119,-8.6149,2.4842
-0.0984,4.4361,7.7753,-2.3174,5.0109,-0.145,0.5043,7.9022,-2.8119,2.1857,4.4906,3.5685,-4.5194,-8.1026,3.8603
-0.052,4.4038,7.4307,-2.6044,4.8728,0.0355,1.5993,6.9927,-3.5696,3.5205,4.2408,4.2166,-4.1685,-7.2578,5.3777
0.1867,4.3188,6.5394,-2.5329,4.6385,0.2435,2.1644,6.2302,-3.5077,3.9879,3.9029,4.1212,-3.3751,-5.9156,6.4876
0.0251,4.1569,5.7755,-2.6586,4.3288,0.7749,2.2571,5.5677,-2.9576,4.8777,3.4106,4.3605,-2.7108,-4.5293,7.1187
0.5212,3.6347,5.3084,-2.4995,3.9241,0.099,2.2739,4.1066,-3.1729,5.1842,3.2841,4.0721,-1.8735,-3.4143,7.8667
0.4857,3.7524,4.3411,-2.5353,3.4403,-0.347,2.2235,2.6714,-3.1206,5.4499,2.6624,3.7024,-1.3109,-1.9451,8.7805
0.3976,3.5419,2.9285,-2.3776,2.709,-0.3489,1.9477,1.324,-2.7727,5.9602,2.0734,3.4962,-0.6903,-0.6222,8.6031
0.1334,3.1063,1.7945,-2.2151,2.1116,-0.148,1.7541,0.2887,-1.8567,5.4154,1.3046,2.8305,0.1171,1.0423,8.0859
0.1161,2.5409,0.5721,-2.0474,1.6594,-0.2322,1.4502,-1.2874,-0.9948,4.4382,0.6148,2.1524,0.6448,2.6681,7.2331
0.3659,2.1326,-0.3901,-1.9312,1.2594,0.0609,0.7387,-2.9867,-0.2987,4.6122,-0.095,0.9495,1.3974,4.2981,6.1581
0.358,1.5428,-1.9762,-1.5207,0.7058,-0.0938,0.5287,-4.4006,0.0546,4.2816,-0.6611,0.3473,1.6837,6.1389,5.4238
0.411,1.0829,-3.9103,-1.4547,0.0694,-0.3012,0.3745,-5.9152,0.9173,3.6415,-1.9155,0.0106,1.7253,7.4487,4.4105
0.4058,0.3228,-5.3573,-1.0972,-0.7723,0.3272,0.1207,-6.905,2.3334,2.9719,-3.2143,-1.1507,1.3936,8.7111,2.8537
0.1177,-0.5935,-6.709,-0.7171,-1.662,0.2753,-0.1134,-7.2941,3.9018,2.0404,-4.2673,-2.4618,2.1434,9.5727,1.3025
0.0927,-1.2857,-7.5064,-0.3292,-2.2373,0.4652,-0.6533,-7.709,5.6396,1.2549,-4.9117,-3.9247,2.4388,9.87,-0.1309
0.2694,-1.8993,-7.5554,0.3698,-2.6299,0.411,-1.0762,-7.9151,6.7292,0.148,-4.9207,-5.2162,2.662,9.5893,-2.1806
0.2313,-1.9167,-7.5159,0.6062,-2.6581,0.7994,-1.9021,-7.9636,7.1278,0.3809,-4.7817,-6.0845,2.3981,9.1223,-3.4163
0.446,-2.0632,-7.3637,1.0885,-2.6861,0.6509,-2.4982,-7.4827,7.9694,-1.4802,-4.6334,-6.7467,1.92,8.6045,-4.5925
1.0517,-2.0674,-6.7282,1.1382,-2.4714,0.524,-2.637,-6.6492,8.1388,-2.3978,-4.3138,-6.907,1.5539,7.5115,-5.8529
1.0861,-1.6599,-5.9115,0.9772,-2.176,0.4086,-2.9005,-5.7422,7.9652,-2.6889,-3.8208,-6.8114,0.8864,6.3504,-6.38
1.0451,-1.2764,-5.2397,0.7574,-0.9806,0.3596,-3.1277,-5.2122,7.666,-3.0491,-3.5046,-6.5671,0.7804,5.0826,-6.8778
1.1977,-1.0762,-4.344,0.557,-0.9521,-0.3228,-3.3198,-3.8174,7.3757,-2.6875,-2.897,-6.2417,-0.2515,4.0506,-6.6508
1.0128,-0.8027,-3.7705,0.1392,-0.8396,-0.431,-2.8717,-3.2287,6.9971,-3.0915,-2.8015,-5.933,-1.2067,2.4343,-6.6713
1.1024,-0.6392,-2.7456,-0.0336,-0.5053,-0.3248,-2.5316,-1.2728,7.1067,-3.2414,-2.3996,-5.4832,-1.6562,1.627,-6.9226
1.1545,-0.313,-2.0297,0.046,-0.2057,-0.6231,-2.2203,0.8101,6.94,-3.2805,-1.972,-5.1369,-2.1457,0.0677,-6.5403
1.0825,0.4129,-0.2484,-0.1122,0.151,-0.5538,-2.1136,2.6223,6.2363,-3.8626,-1.5138,-4.5281,-2.9482,-1.8467,-6.4955
1.1758,0.6726,1.3211,-0.2104,0.6201,-0.2682,-1.8973,4.3012,5.3587,-3.7392,-0.586,-4.3359,-4.1932,-3.8178,-6.3949
1.3702,1.0567,3.6683,-0.5192,1.482,-0.3138,-1.9588,6.0154,4.4109,-3.5417,0.8198,-3.5436,-4.4133,-5.2771,-5.269
0.995,2.0598,5.2662,-0.8391,2.5664,-0.5545,-1.6248,6.8383,2.9925,-2.7504,2.3517,-2.5864,-5.7974,-6.5214,-3.6131
0.7926,3.0706,6.5191,-1.2533,3.6446,-0.3191,-1.0572,8.082,1.4956,-2.562,3.2399,-1.2066,-5.8599,-7.4543,-2.5114
0.6762,3.7364,7.597,-1.8041,4.4346,-0.1871,-0.6472,8.0058,-0.153,-1.1738,4.0061,0.5464,-5.6343,-9.0224,-1.1634
0.6803,4.4696,7.8519,-2.4341,4.9797,-0.1783,-0.0403,8.8,-1.0902,0.3121,4.5144,1.8998,-5.1436,-8.6602,0.3282
0.5857,4.6307,7.7526,-3.011,5.1452,-0.4611,0.7368,8.3794,-2.2236,1.0264,4.4703,3.1777,-5.2335,-8.5066,2.4475
0.2287,4.5961,7.624,-3.1506,5.1581,-0.354,1.3698,8.0845,-2.5603,2.4136,4.4233,3.839,-4.9387,-7.7996,4.2435
0.1902,4.6092,7.3735,-2.961,4.982,-0.4314,1.8627,7.4701,-2.913,3.8648,4.5876,4.132,-4.6956,-6.6634,6.5658
0.14,4.611,6.987,-2.9377,5.1774,-0.3476,2.0011,6.4419,-3.1894,4.503,4.5382,4.5631,-3.5032,-5.7394,7.5285
-0.4803,4.4772,5.7068,-3.1887,4.8623,-0.2969,2.7279,5.4036,-3.2214,5.5606,3.8887,4.8655,-2.7231,-4.324,8.5716
-0.6682,4.1488,4.1516,-3.3612,4.4679,0.0249,2.5533,3.7725,-3.1058,5.7796,2.8905,4.7662,-1.8769,-2.7325,8.5947
-0.5682,3.5852,2.6681,-3.2543,3.8491,-0.1035,2.226,2.526,-2.487,5.276,2.1365,4.1164,-1.0496,-1.6613,8.6318
-0.5753,3.0387,2.2715,-2.8169,2.9965,0.0872,2.3047,1.2501,-1.2015,5.0849,1.2753,3.3556,-0.277,-0.2315,8.2164
-0.6508,2.7091,0.9679,-1.8454,2.5321,0.1471,1.6202,-0.4713,-1.0414,4.7638,0.9486,2.3444,0.613,1.0387,7.3745
-0.2806,2.0378,-0.5448,-2.1668,2.0526,0.0163,1.3477,-1.3173,-0.3841,4.4822,0.3779,1.6149,1.3518,2.9974,6.4629
-0.477,1.7671,-1.6726,-1.8505,1.464,0.2044,1.2417,-3.2775,0.3199,3.7493,-0.219,1.0706,1.6937,4.8402,5.6911
-0.4523,1.3158,-3.4351,-1.6694,0.9224,0.3488,1.0928,-5.1811,0.5137,3.3254,-1.2067,0.5084,2.3783,5.5569,4.7541
-0.202,0.629,-5.0774,-1.2016,0.0761,0.3383,0.7882,-5.8549,2.3878,3.5652,-2.5341,-0.5148,2.6928,7.3344,3.4495
-0.2234,-0.1119,-6.2071,-0.6466,-0.9576,0.354,0.374,-7.2021,3.462,2.6658,-3.4789,-1.7667,2.9213,7.9861,2.2448
-0.2226,-0.904,-7.1398,-0.3153,-1.4624,0.7021,0.0165,-7.4713,5.426,1.0433,-3.9818,-2.9424,2.805,9.0242,0.2737
-0.0159,-1.1903,-7.9848,0.1104,-1.9627,0.743,-0.8857,-7.8443,6.6898,0.0412,-4.5732,-4.4234,2.7437,9.1749,-1.0819
0.2171,-1.5611,-7.7283,0.2669,-2.2782,0.3479,-1.6789,-7.6601,7.6456,-1.3669,-5.0292,-5.6423,2.536,9.047,-2.9058
0.446,-1.5319,-7.584,0.5219,-2.5965,-0.1317,-1.9265,-7.0062,8.2948,-2.4744,-4.8945,-6.4086,1.8771,8.31,-4.7851
0.6779,-1.4858,-6.9522,0.5209,-2.1439,-0.3568,-2.4705,-5.9101,8.6744,-3.5735,-4.0597,-6.8675,1.4274,7.0367,-6.019
0.6343,-1.0707,-6.0015,0.7621,-1.7923,-0.1516,-2.9953,-5.2221,8.4218,-3.8413,-3.5763,-6.7259,0.4975,5.6776,-6.9004
0.8444,-0.9259,-4.7789,0.6198,-0.9618,-0.7159,-3.114,-3.6789,8.2987,-4.1945,-3.1574,-6.3601,-0.373,4.3783,-7.3667
0.7019,-0.3907,-3.6453,0.2877,-0.5238,-1.0752,-3.1506,-1.9673,7.7935,-4.1023,-2.4981,-6.1314,-0.7007,3.0515,-7.3229
0.2859,0.0399,-2.5829,0.1108,-0.222,-0.6433,-2.5978,-0.9371,6.9364,-4.1167,-2.1809,-5.4198,-1.6748,1.3544,-7.0635
0.1258,0.4266,-1.8113,0.1624,0.1702,-0.5379,-2.3742,0.9205,6.8344,-4.6212,-1.7027,-4.9573,-2.5909,-0.1246,-6.9966
-0.2636,0.8297,-0.2784,-0.3885,0.7409,-0.2065,-2.3156,3.0861,6.358,-4.8192,-1.2264,-4.2035,-3.4298,-2.4196,-7.1766
-0.1113,1.2077,1.7592,-0.6752,1.3508,0.1493,-2.4357,5.2208,5.8343,-4.9896,-0.5604,-3.9849,-3.8937,-4.6114,-6.8542
0.2618,1.6918,4.3374,-0.5321,2.2132,0.1667,-1.8591,6.2308,4.4371,-5.044,1.0886,-3.5086,-4.3506,-6.3977,-6.4942
0.3024,2.5154,5.5972,-1.3448,3.4742,-0.14,-1.6298,8.0011,3.0666,-3.7706,2.2858,-2.6853,-5.0225,-7.5921,-5.1681
0.5457,3.6467,6.9673,-1.6613,4.5085,-0.603,-0.9023,8.9022,1.684,-2.4809,3.35,-1.0365,-5.7763,-9.286,-3.0447
0.1913,4.6917,8.0697,-1.9991,5.3609,-0.6129,-0.0502,9.8524,-0.0533,-1.0892,4.5783,0.4762,-5.875,-9.9151,-1.1054
0.4427,5.1666,9.1223,-2.5644,5.8812,-0.9298,0.7553,10.1565,-1.0809,0.592,5.092,1.8693,-5.9397,-10.1821,1.5224
0.1563,5.6823,9.158,-2.9671,6.2917,-0.9462,1.7165,10.0545,-2.5876,2.6647,5.352,3.169,-5.3066,-9.7815,4.0013
-0.0827,5.7875,9.1569,-3.1659,6.1566,-0.8766,2.2864,9.727,-3.4055,4.1435,5.4477,4.2063,-4.9367,-9.0073,6.7086
0.0109,5.8466,8.6051,-3.2869,6.0902,-0.5082,2.8875,8.3243,-4.3388,4.971,5.3998,4.5306,-3.9813,-7.9089,8.3009
-0.4089,5.6612,7.306,-3.2377,5.61,-0.0174,3.322,6.9725,-4.8757,6.112,4.9975,4.7659,-3.2738,-6.1752,9.5612
-0.9607,5.3463,5.7809,-3.494,4.9112,-0.0371,3.1216,5.5536,-4.4418,6.0757,4.1788,4.5811,-2.7186,-4.2425,9.8729
-0.8876,4.6976,4.6214,-3.1254,4.2989,0.4709,3.088,3.9024,-3.7726,6.1613,3.4401,4.1384,-2.1142,-2.5601,10.0916
-0.7071,4.1293,3.3155,-2.7838,3.5893,0.2337,2.8211,3.1635,-2.6445,5.6831,2.704,3.6974,-1.6645,-0.8627,9.1356
-0.5757,3.8621,2.3066,-2.3058,3.1416,0.4503,2.3785,1.542,-2.2688,5.7437,2.2151,2.7807,-0.7611,0.374,8.8182
-0.8233,3.3475,0.9498,-2.1401,2.5176,0.887,2.2129,-0.3559,-1.6959,5.0814,1.7196,2.3844,-0.0812,1.9261,7.7476
-0.7151,3.1243,-0.9279,-2.206,2.073,1.1458,1.703,-2.2165,-1.339,5.0357,0.7602,1.867,0.7762,3.3772,6.9828
-0.8205,2.5828,-2.9715,-1.5704,1.4983,1.7667,1.7788,-4.0477,-0.1542,4.9957,-0.145,0.9162,1.6503,5.5757,6.0213
-0.7064,2.0037,-4.9499,-1.4301,0.6694,2.0538,1.6415,-6.2995,0.716,4.0422,-1.2449,-0.0099,2.2497,6.9662,4.811
-2.3151,1.1904,-7.4543,-1.1425,-0.2705,2.7417,1.3851,-7.9847,2.0271,3.5411,-2.9139,-1.1025,3.0628,8.514,3.1341
-0.9493,-0.4571,-8.5167,-0.3117,-1.457,2.377,1.0073,-8.9854,4.1433,1.7439,-4.1699,-2.5163,3.3692,9.689,1.3969
-0.4694,-1.2233,-9.4387,0.1992,-2.2462,1.8146,0.664,-9.0189,5.9674,1.2784,-4.9606,-4.779,3.7788,10.449,-0.1092
-0.45,-1.6077,-9.7699,0.3368,-2.8603,1.5717,0.2628,-9.0749,7.3585,0.2554,-5.2351,-6.1349,3.7338,10.5143,-1.6588
0.1911,-1.7797,-9.3986,0.6313,-2.9401,1.1108,-0.624,-9.0041,8.1138,-0.6119,-5.4937,-6.9717,4.147,10.3704,-3.0787
0.2077,-1.6245,-8.9693,1.0398,-2.8445,1.1084,-1.0816,-9.2002,8.2138,-1.5266,-5.1852,-7.9597,4.1187,10.0701,-4.8121
-0.013,-1.5859,-9.377,1.137,-2.7561,0.8276,-1.4781,-8.8455,8.4553,-2.2567,-5.1221,-8.1283,3.0071,9.3363,-6.2013
0.0787,-1.5342,-8.8905,1.3538,-2.8613,1.5725,-1.5565,-8.0705,8.9638,-3.3643,-4.7813,-8.4449,2.268,8.3004,-7.113
0.2836,-1.7236,-8.5257,1.0332,-2.6826,1.0494,-1.7536,-6.9793,9.0674,-3.6635,-4.5093,-7.8959,1.9028,7.3774,-7.8269
0.1095,-1.3016,-7.4977,0.9246,-2.2607,0.7663,-1.9254,-5.7579,8.9449,-3.8841,-4.5635,-7.7604,1.3824,6.2187,-8.1829
0.0638,-1.0801,-6.5511,0.7382,-1.7921,0.7741,-2.5954,-4.8957,8.485,-4.5251,-4.1957,-7.7368,0.7734,4.5292,-8.823
0.1842,-0.859,-6.7795,0.8344,-1.35,0.8407,-2.8892,-3.0728,8.5279,-4.5952,-3.9446,-7.7794,0.0282,3.5469,-9.0459
0.7951,-0.4291,-4.53,0.4535,-1.3063,0.691,-2.4634,-1.4131,8.9262,-5.0793,-3.6592,-7.4984,-0.3519,1.8386,-9.54
0.7868,-0.0832,-2.5507,0.4662,-0.4708,0.5325,-2.1863,0.2501,8.1053,-5.1744,-2.6352,-7.1748,-1.4042,0.2787,-9.169
0.5962,0.4721,-0.8377,0.0993,0.3552,-0.0665,-1.2907,1.9597,6.8432,-4.7061,-1.4848,-6.4624,-2.6755,-1.8056,-8.4456
0.3711,1.3721,1.0862,-0.1836,0.8018,0.0922,-1.4885,4.2917,6.2667,-4.2956,-0.4401,-5.7772,-3.5023,-3.8034,-7.0738
0.356,1.9098,3.343,-0.4871,1.6426,-0.0853,-1.1636,5.7514,4.9473,-3.661,1.0713,-4.5525,-4.2354,-5.732,-5.8457
0.4749,3.1051,4.6675,-0.7089,3.026,-0.5732,-0.882,7.1936,3.434,-2.8147,2.3776,-3.3298,-5.064,-7.0437,-4.5589
0.3081,3.9695,5.9546,-1.2663,3.8164,-1.2624,-0.6178,9.2231,2.5862,-2.0913,3.4651,-2.0187,-5.5301,-8.3502,-2.791
-0.0182,4.849,7.6308,-1.8192,4.4654,-0.9632,0.0264,9.5223,0.4158,-0.9545,4.5231,-0.5913,-6.0769,-9.9361,-1.0008
0.2464,5.6061,8.5747,-2.0374,5.164,-0.7941,0.8666,10.5409,-0.9186,-0.0998,5.3986,1.3478,-5.762,-10.0265,0.5434
0.2322,6.0198,8.7188,-2.8855,5.6005,-0.5422,1.5578,9.9667,-2.4053,1.5947,5.5591,3.1889,-5.2057,-10.1925,3.0256
0.236,6.1253,8.8673,-2.9447,5.682,-0.5449,2.5679,10.0854,-2.669,3.3201,5.8817,3.9176,-4.9515,-9.3394,5.4094
-0.0799,6.4196,8.6138,-3.2509,5.5597,-0.2003,3.309,8.9008,-4.063,4.616,6.0736,4.5082,-3.7543,-8.3915,6.4504
-0.4659,6.3294,7.7574,-3.4586,5.1089,0.4029,3.2588,7.7618,-3.8996,5.0616,5.6653,5.0469,-3.2957,-6.8969,8.6328
-0.8556,5.8494,6.4219,-3.224,4.7679,0.4486,3.2092,6.2049,-4.1964,5.802,5.244,5.195,-2.6441,-5.2498,9.8084
-0.4531,5.5864,5.1992,-3.136,4.3138,0.4252,3.3131,4.7081,-3.9405,6.7783,4.7169,4.7473,-2.0516,-3.3134,10.568
-0.2916,5.213,3.7697,-3.3745,3.7003,0.3035,3.1516,2.526,-3.7556,6.5613,3.7476,4.413,-1.2114,-1.7154,10.2739
-0.4695,5.0456,2.1986,-3.0769,3.0013,0.5451,2.9588,0.8737,-2.9683,7.4289,2.7619,3.8323,-0.3645,0.5694,10.3095
-0.4138,4.4978,0.5746,-2.7127,2.2221,0.2641,2.8449,-0.9027,-2.1821,6.4144,1.8592,2.8729,0.7863,2.7203,9.5703
-0.9151,3.7534,-1.3012,-2.2611,1.636,0.6552,2.8664,-3.1886,-1.1604,5.8352,0.7882,1.9265,1.7811,4.6612,8.3769
-0.7894,3.1763,-3.4223,-2.3087,0.8049,0.6431,2.1892,-5.2143,0.125,5.411,-0.3865,0.8428,2.3738,6.4521,7.0216
-0.9249,2.3119,-5.2936,-1.6189,-0.0873,1.0084,1.992,-7.0268,1.3466,4.5796,-1.8019,-0.1325,3.0125,8.4804,5.6396
-0.8804,1.348,-7.0643,-1.4271,-1.1464,0.9946,2.0059,-8.8247,2.3931,3.5806,-3.2323,-1.4716,3.9027,9.5454,3.7237
-0.7017,0.0695,-8.7337,-1.2348,-2.2815,0.5807,1.4935,-9.1501,4.3475,2.6609,-4.5855,-3.1947,3.8757,10.8952,2.2088
-0.5946,-0.6523,-9.7257,-0.5564,-3.0144,0.7026,1.0286,-9.4282,6.4082,1.8417,-5.5168,-4.9227,4.1506,11.0728,0.5279
-0.4118,-1.131,-9.8468,0.0314,-3.3604,0.591,0.2003,-9.3332,7.9355,0.4199,-5.918,-6.5745,3.7172,11.3536,-1.5989
-0.1094,-1.1964,-9.5489,0.4253,-3.745,1.1054,-0.4104,-8.9758,9.0206,-1.0635,-5.993,-7.6843,3.4902,10.6964,-4.2377
-0.0226,-1.3956,-8.9944,0.7511,-3.7234,0.7574,-0.9393,-8.3661,9.38,-2.4151,-5.7011,-8.2893,3.0314,9.9899,-5.4487
0.0778,-1.119,-8.1062,1.1098,-3.3788,0.8925,-1.3703,-7.839,9.0914,-3.0069,-5.1135,-8.7276,2.3288,8.9169,-6.2372
-0.0779,-0.8483,-7.6162,0.9289,-2.8192,0.7459,-1.7818,-7.1286,9.0125,-3.4375,-4.6492,-8.6873,1.6364,7.6796,-7.3798
0.1307,-0.7596,-6.9408,0.8945,-2.2926,0.702,-1.9736,-5.637,9.0761,-4.2169,-4.0312,-8.436,0.9707,6.4958,-8.1619
-0.0826,-0.4094,-5.7008,0.7138,-1.7841,0.4897,-1.8388,-4.4153,9.1313,-4.4672,-3.5391,-7.9345,0.306,4.7897,-8.3292
-0.0819,-0.1003,-5.0916,0.7029,-1.3047,0.8786,-1.7786,-3.0866,8.4032,-4.6232,-3.1677,-7.5783,-0.4124,3.264,-7.7536
-0.4607,0.3827,-4.1108,0.6199,-0.8401,0.9243,-1.4992,-1.9764,7.8997,-4.3014,-2.6447,-6.8327,-1.0527,1.9661,-8.0198
-0.2566,0.389,-2.8174,0.5473,-0.501,0.3068,-1.4122,-0.2973,7.5497,-4.252,-2.0581,-6.4712,-1.7,0.6279,-7.834
-0.2267,0.8454,-1.586,0.4278,0.0634,0.3786,-1.4202,1.6298,7.1389,-3.9549,-1.0162,-6.07,-2.4897,-1.0429,-7.2618
0.0304,1.4332,0.057,-0.0561,0.6692,-0.0034,-0.8236,3.5152,6.4121,-4.0229,-0.3875,-5.3614,-3.5432,-2.9455,-7.2136
0.4636,2.1203,2.0724,-0.3063,1.2871,-0.5172,-0.3631,5.2489,5.4502,-3.7118,0.5353,-4.7749,-4.1673,-4.9962,-5.7485
0.3447,3.0173,3.987,-0.5733,1.8201,-0.5808,-0.2035,7.1696,4.367,-2.9967,1.7131,-3.9484,-4.7817,-6.4496,-4.3214
0.1569,3.9621,5.8679,-0.8622,2.8828,-0.3212,-0.068,8.5727,3.1661,-2.1235,3.2876,-2.944,-5.3344,-7.586,-2.5966
-0.0282,4.8174,7.3337,-1.4455,3.6894,-0.6579,0.4442,9.2299,1.6667,-1.2387,4.7861,-1.3976,-5.028,-8.727,-1.0243
0.0589,5.5528,8.2224,-2.189,4.4834,-0.7436,1.0635,9.4092,-0.3296,-0.5751,5.3832,0.4119,-5.2222,-9.5802,0.6706
0.0899,5.9935,8.5039,-2.6812,4.931,-0.7083,1.65,9.4276,-1.7416,0.4821,5.9258,2.0445,-5.2731,-9.3579,2.7478
-0.178,6.3545,8.1222,-2.9367,5.323,0.2543,2.3166,8.4155,-2.844,2.2611,5.86,2.9403,-4.8962,-8.5348,4.6997
-0.5883,6.2604,7.39,-3.0163,5.2406,0.0419,3.1953,8.1193,-3.0388,3.6128,5.5463,3.6387,-4.5011,-6.9341,5.536
-0.5953,6.0473,6.7978,-3.046,4.7842,0.1918,2.9986,6.8417,-3.2701,3.9789,5.2637,3.5625,-3.41,-6.1695,7.3463
-0.7873,5.8947,5.8874,-2.891,4.5823,0.4091,3.5117,5.5966,-3.6375,5.1573,4.8418,3.5802,-2.7089,-4.6021,8.8754
-0.8717,5.518,4.5983,-2.6856,3.937,0.384,3.3015,4.232,-3.2187,5.5548,4.2343,3.6103,-1.8065,-2.8525,8.8859
-0.7393,5.0505,3.2766,-2.4894,3.3446,0.5974,3.2524,2.3035,-2.9716,5.4354,3.608,3.5189,-1.1351,-1.3974,8.6381
-0.9303,4.7381,1.7689,-2.3843,2.532,0.7588,2.9433,0.899,-2.2169,4.8787,2.8899,2.7311,0.111,0.259,8.4355
-0.8965,4.2477,0.1605,-2.2215,2.2197,0.9194,3.0453,-0.6743,-1.3174,4.9619,1.9319,1.8663,0.7988,1.934,8.0293
-0.2727,3.7484,-0.6455,-1.9026,1.4401,0.5193,2.7071,-2.3474,-0.4121,4.7628,1.3186,0.9998,1.6453,3.5376,7.3631
-0.5778,3.3061,-2.213,-1.8802,0.9381,0.7982,2.5725,-4.2078,0.1484,5.2587,0.502,0.3084,1.9189,5.36,6.346
-0.5576,2.7363,-4.221,-1.6643,0.1136,0.9222,2.1339,-6.049,1.4498,4.612,-0.4345,-0.2731,2.8168,6.6641,5.4918
-0.5369,2.0748,-6.1576,-1.4202,-0.6986,0.7147,1.6387,-7.1078,2.5982,4.1855,-2.1008,-0.8152,3.2818,8.0228,3.7984
-0.3807,1.1538,-7.1912,-0.9412,-1.8193,0.2866,1.2711,-7.6152,4.0722,3.2119,-3.1729,-2.26,3.5319,9.6587,2.2162
-0.272,0.3022,-7.9203,-0.4691,-2.457,0.3012,0.5759,-8.4353,5.535,1.8367,-3.9129,-3.6767,3.7161,10.1467,1.0926
-0.4511,-0.3992,-8.2437,-0.0822,-2.9079,0.4802,-0.1376,-8.3175,7.0773,0.86,-4.1955,-5.289,3.4814,10.5244,-1.3063
-0.0429,-0.8034,-8.4234,0.3621,-2.9503,0.3011,-0.8638,-8.9447,7.2385,0.1978,-4.3163,-6.5224,3.1891,10.1473,-3.0672
-0.5263,-0.6671,-8.9354,0.7612,-3.1715,0.4252,-1.2214,-7.9387,8.081,-0.8844,-4.4133,-7.5942,2.7083,9.7435,-4.4886
-0.3067,-0.9109,-8.2799,0.7427,-3.1067,-0.7682,-1.5263,-6.7947,8.9352,-2.0795,-4.39,-8.1713,1.3211,9.0217,-6.5227
0.2941,-0.6785,-7.065,0.9059,-2.8767,-0.7013,-2.1146,-5.578,8.9696,-3.3744,-3.9248,-8.1914,0.867,7.9324,-7.5357
0.7068,-0.1066,-5.9831,0.7996,-2.2922,-1.3176,-2.3583,-4.277,8.8683,-4.0569,-3.45,-8.305,0.1169,6.2088,-8.0919
0.7619,0.2355,-4.5576,0.6873,-2.0269,-1.3612,-2.0032,-3.2245,8.3495,-4.3416,-2.5994,-7.909,-0.4964,4.1542,-8.474
0.6458,0.6875,-3.3543,0.3101,-1.2304,-1.6436,-1.6795,-1.1514,8.0176,-4.2273,-2.048,-7.2532,-1.145,2.9496,-8.5573
0.3979,1.3046,-2.1644,0.1149,-0.6181,-1.4735,-1.591,0.1691,7.325,-4.6634,-1.3553,-6.7262,-2.1417,0.853,-8.1161
0.4181,1.4445,-1.0203,0.019,-0.002,-1.5699,-1.458,2.5089,6.7571,-4.4658,0.0221,-5.975,-2.9558,-1.1946,-7.248
0.1254,2.1171,1.0862,-0.3188,0.571,-1.1367,-1.4605,4.0248,5.7667,-4.0305,0.771,-4.9182,-3.8779,-3.5921,-6.3041
-0.1322,2.3809,3.1534,-0.4967,1.3839,-1.1638,-0.851,6.3768,4.8485,-3.8893,1.894,-4.0661,-5.1405,-5.1454,-5.7096
0.3725,3.1799,5.4941,-0.6604,2.416,-1.3748,-0.5057,8.0514,3.5031,-3.2392,3.295,-3.1481,-5.263,-6.5526,-4.3501
0.3782,4.3015,6.874,-0.8033,3.5661,-1.1712,-0.2459,8.4538,1.4436,-1.9915,4.9199,-1.9684,-5.8666,-7.6691,-2.2531
0.1654,5.3498,8.0497,-1.362,4.2751,-0.9479,0.3044,8.6842,-0.5902,-0.2494,5.5925,-0.1883,-5.7394,-8.3713,-0.1541
-0.2326,6.1822,7.8066,-1.8688,4.7879,-0.9142,0.6054,8.8461,-1.575,1.0341,6.1829,1.6426,-7.3286,-8.2212,1.8632
-0.2672,6.3938,7.7249,-2.3699,4.8649,-0.978,0.691,9.282,-2.149,1.6067,6.0492,2.8346,-6.288,-7.9992,3.7654
0.152,6.6869,7.8839,-2.8187,4.8697,-1.0541,1.1843,9.043,-3.0091,2.5476,5.9722,3.2226,-5.6828,-7.7038,5.0322
-0.2558,6.5367,7.5341,-3.2327,4.5847,-0.9127,2.2376,8.1326,-3.5149,3.4246,5.6161,3.7811,-5.3572,-7.048,6.1729
-0.7795,6.4832,6.7726,-3.3628,4.4809,-0.5204,2.9959,7.1375,-3.5686,3.5296,5.1837,4.0861,-3.6844,-6.1955,7.1142
-1.0059,6.1049,5.8783,-3.3718,4.3266,-0.4123,2.9835,5.9376,-3.4267,4.0066,4.6188,3.8844,-3.2731,-4.9671,7.2633
-0.9151,5.7098,4.9754,-3.1181,4.1141,-0.2847,3.1645,5.161,-2.8426,4.6934,4.1903,3.5209,-2.6679,-3.3295,8.187
-0.9698,5.4822,3.5971,-2.8863,3.6706,-0.0496,3.1358,3.9808,-2.5634,4.8475,3.5887,3.2864,-2.2276,-2.3982,8.4378
-0.8176,4.9638,3.0101,-2.691,3.2736,0.4197,2.9426,2.6935,-1.9044,4.7015,2.836,2.667,-1.495,-1.2349,7.7131
-0.3975,4.3382,2.0232,-2.682,2.8242,0.6022,3.6618,1.6524,-1.4487,5.061,2.1751,2.2469,-0.9035,0.2251,7.4289
-0.3259,4.3244,1.1173,-2.6038,2.3484,0.3069,3.2868,1.1042,-1.307,5.1924,1.5594,1.5894,0.0638,1.4519,7.2217
-0.6024,3.8414,0.8126,-2.4545,1.7928,0.5111,3.1923,-0.4244,-0.7926,4.8446,1.1765,1.0747,1.0861,2.4406,7.205
-0.1754,3.7618,-0.0562,-2.383,1.3025,-0.0157,2.8316,-1.856,-0.288,4.8682,0.7699,0.5056,1.5084,3.9989,6.5264
-0.9019,3.447,-1.6483,-2.3298,0.9777,0.1412,2.7837,-3.6545,0.1059,4.6505,0.028,0.0167,2.1377,5.5675,5.8377
-0.8772,2.7959,-3.6663,-2.1867,0.4407,0.2112,2.3933,-5.5289,0.9432,3.8598,-1.0915,-0.7412,2.9149,6.9687,5.2457
-0.9252,2.2526,-6.3316,-1.8544,-0.3345,0.3007,1.9361,-6.8622,1.7651,3.9355,-2.451,-1.4781,3.3796,8.5122,4.0438
-1.1998,1.0213,-7.5782,-1.4088,-1.3993,0.8811,1.841,-7.9886,3.6435,3.2925,-3.582,-2.9307,3.7843,9.797,2.8867
-0.8107,0.1855,-8.2061,-0.9459,-2.4708,1.0811,1.2588,-9.0871,5.3553,1.8973,-4.3211,-4.3822,4.0854,10.256,1.0739
-0.8466,-0.3487,-9.0446,-0.1255,-2.8566,1.5796,0.1278,-9.6279,6.6415,1.2657,-4.7411,-5.9516,3.6332,10.8275,-0.4066
-0.6792,-0.5804,-8.9621,0.1899,-3.0034,1.4188,-0.3362,-8.4575,8.1904,-0.5554,-4.8496,-6.7915,3.3242,10.5687,-2.7636
-0.3422,-0.6407,-8.2633,0.3059,-3.2301,0.7698,-0.7268,-8.7293,8.397,-1.8349,-5.0301,-7.3793,2.7387,9.6311,-4.7407
-0.0738,-0.6196,-8.2353,0.4284,-2.9398,0.9087,-1.7508,-8.0363,8.4917,-2.3929,-4.8322,-7.8188,1.9733,8.8777,-5.6981
0.2429,-0.5656,-7.59,0.2501,-2.9333,0.1245,-1.6881,-6.5863,8.948,-3.7587,-4.4231,-8.0196,1.1801,7.5172,-7.5741
0.5057,-0.3956,-6.6366,0.3694,-2.5376,-0.5896,-1.7592,-5.3506,8.9553,-4.155,-4.0364,-7.8518,0.6663,6.4881,-8.3264
0.4651,0.2098,-5.278,0.2649,-2.1685,-0.4289,-1.8592,-3.9762,8.6012,-4.2417,-3.5386,-7.8896,0.1249,4.813,-8.541
0.5381,0.5573,-3.8271,0.1752,-1.6128,-0.6329,-1.7862,-2.0482,8.4398,-4.3421,-2.7746,-7.2983,-0.6529,3.2833,-7.7593
0.4962,1.1372,-2.6103,-0.0665,-1.3201,-0.7219,-1.6531,-1.3411,7.329,-4.4083,-2.0635,-7.0494,-1.5118,1.4379,-8.1392
0.1998,1.4314,-1.8328,-0.2456,-0.5656,-0.9852,-1.6003,-0.0053,6.7601,-3.9881,-1.3653,-6.408,-2.1111,0.3162,-7.6583
0.1831,1.5283,-0.5225,-0.5228,-0.3973,-1.2428,-1.5387,1.7254,6.3118,-3.9769,-0.6762,-5.8592,-3.0395,-1.6617,-7.059
0.0401,2.0232,1.041,-0.4889,0.4474,-1.2728,-0.9442,4.0738,5.7935,-3.8526,0.1267,-5.0984,-3.9925,-3.0395,-6.2483
0.2139,2.5501,3.3307,-0.5429,1.1036,-1.3525,-0.8967,5.5203,4.6469,-3.7829,1.3781,-4.4317,-4.9835,-4.8348,-5.4295
0.2476,3.3613,4.864,-0.8213,2.2087,-1.083,-0.5271,7.2192,3.5486,-3.0972,2.7315,-3.3277,-5.5643,-6.3159,-4.1207
0.5012,4.4052,6.5125,-1.2284,3.3174,-1.2607,0.3974,8.6428,2.667,-2.253,3.9748,-2.1474,-6.0742,-7.7472,-2.6982
0.3173,5.4986,7.6685,-2.0095,3.8615,-1.2192,0.9643,9.1469,0.5524,-1.0763,4.8797,-0.5242,-6.0028,-8.9235,-0.82
0.0788,6.139,8.3425,-2.6477,4.5452,-1.1539,1.6086,9.7163,-1.0951,0.1395,5.5595,1.3906,-5.7958,-8.946,1.1716
0.0331,6.3744,8.6485,-3.1322,5.1366,-1.1791,2.3562,9.7527,-2.1193,1.2754,5.7723,2.5987,-5.951,-8.747,2.9694
-0.127,6.6296,8.6054,-3.3296,5.1764,-0.9891,2.9727,9.6936,-2.6822,2.9353,5.7786,3.1979,-5.4332,-8.223,4.9047
-0.1924,6.6748,8.8085,-3.3856,5.0712,-0.8506,3.4225,9.8016,-3.1195,4.2315,5.865,3.6736,-4.7146,-7.8028,6.3205
-0.2336,6.6132,8.5934,-3.4175,4.8407,-0.6962,3.6744,8.0245,-4.3398,4.6261,5.8528,4.0896,-3.9683,-7.2284,7.5285
-0.6337,6.5104,7.3509,-3.6646,4.2956,-0.8635,3.7768,7.291,-4.3706,5.2957,5.8998,4.3475,-3.3351,-5.5466,9.0305
-0.5285,6.4347,6.3249,-3.4381,4.0165,-0.4493,3.674,5.8201,-4.1762,5.4102,5.1625,3.9418,-2.568,-3.8877,9.3766
-0.6529,6.0035,5.0268,-3.2634,3.7056,-0.3386,3.555,4.0324,-3.7568,5.5331,4.4172,3.867,-2.0135,-2.3655,9.8256
-0.9764,5.4751,3.3866,-3.0284,3.3319,-0.0411,3.3529,2.6285,-3.1222,5.7563,3.8104,3.539,-0.7253,-0.5396,9.8473
-0.9217,4.7848,1.9498,-2.9134,2.7863,0.301,3.3369,0.4603,-2.763,5.5891,2.8739,3.1746,-0.6271,0.8994,9.5577
-0.7912,4.3453,0.2341,-2.6549,2.111,0.5977,3.1348,-0.9294,-1.7731,5.32,1.9344,2.1798,0.2684,2.6818,8.6011
-0.9029,3.7766,-1.5604,-2.3485,1.5519,0.5069,2.7035,-2.8809,-0.5925,5.2653,0.9622,1.2954,1.2729,4.5941,7.3439
-0.8216,3.2011,-3.286,-2.0729,0.5309,0.811,2.306,-4.7581,0.3766,4.9227,-0.2475,0.2995,2.0559,6.1548,6.1738
-1.1017,2.4344,-5.0951,-1.5916,-0.373,1.2656,1.9494,-6.7448,1.3738,4.1158,-1.3731,-0.707,2.9133,7.5674,5.2761
-0.8928,1.3021,-7.0993,-0.6234,-1.4302,1.9203,1.6013,-8.2383,2.5742,3.3113,-2.3861,-1.7985,3.5183,9.2643,3.3336
-0.5889,0.4033,-8.4373,-0.1788,-2.2951,1.6047,1.2879,-8.8879,4.1549,2.7739,-3.427,-3.3846,3.3845,10.156,1.9106
-0.0885,-0.2432,-8.9807,0.1416,-3.0833,1.3213,0.6653,-9.4437,5.672,1.9885,-4.2343,-5.027,3.4722,11.1506,0.4899
-0.314,-0.487,-9.5215,0.2864,-3.7048,1.3159,-0.0532,-9.3341,7.0037,1.1708,-4.654,-6.3723,3.2164,11.3905,-1.499
-0.44,-0.6162,-9.5391,0.3878,-3.8743,1.3964,-0.6718,-9.5863,7.8241,-0.5331,-4.879,-7.334,2.7239,11.0039,-3.5106
-0.3564,-0.8227,-9.4855,0.7233,-3.7454,1.419,-0.8697,-9.1601,8.5703,-1.8614,-4.9876,-8.1274,2.2031,10.2692,-5.2792
-0.3004,-0.8214,-8.867,0.8063,-3.5289,1.1534,-1.0989,-7.953,9.3385,-2.8999,-4.8934,-8.5635,1.8525,9.1717,-6.2011
-0.0313,-0.8393,-7.7518,0.9587,-3.2667,1.1617,-1.541,-6.7675,9.4907,-3.8185,-4.4859,-8.5255,1.1404,7.6652,-7.4109
-0.1597,-0.3514,-6.8491,0.7627,-2.9556,1.2698,-1.7304,-5.8716,8.8023,-3.9654,-3.5136,-8.7556,0.3344,6.1481,-8.3588
-0.0297,-0.1412,-5.8898,0.6879,-2.5322,1.3321,-1.5774,-4.3559,8.5645,-4.4923,-3.1182,-7.9268,-0.1528,4.771,-8.6754
-0.0393,0.2555,-4.5782,0.541,-2.0453,0.8677,-1.8103,-2.6881,8.2561,-4.6085,-2.7668,-7.6492,-0.8289,3.8756,-8.5457
-0.3857,0.7052,-3.015,0.6116,-1.414,1.0385,-1.4766,-1.5772,7.3956,-4.3209,-1.6531,-7.2541,-1.6619,2.1698,-8.2607
0.0136,1.0883,-2.1549,0.4658,-0.8025,0.6947,-1.1837,-0.023,6.5594,-4.1843,-0.9524,-6.4239,-2.4523,0.4965,-7.4967
0.2816,1.6197,-0.8011,0.296,-0.2735,0.4595,-0.8299,1.6928,6.2449,-3.0982,-0.2484,-5.5427,-3.3132,-1.0972,-6.7382
-0.0061,2.2738,0.9516,-0.1033,0.2979,0.5323,-0.5692,2.9351,5.3763,-2.8077,0.6186,-4.7208,-3.8866,-2.5802,-5.4018
-0.2607,2.5602,2.4286,-0.4843,0.9443,0.3363,-0.3319,4.229,4.2305,-2.8548,1.4405,-3.8097,-4.5433,-4.1422,-4.1392
0.41,3.3428,4.2006,-0.805,1.8489,-0.0551,-0.0713,6.0525,3.3612,-2.0283,2.466,-2.885,-4.9396,-5.653,-3.1889
-0.0117,4.2608,5.3013,-1.0306,2.7696,-0.32,0.5901,6.28,1.6757,-0.3807,3.4927,-1.9024,-5.1953,-6.3605,-1.7396
0.1269,4.807,5.8635,-1.4141,3.1806,-0.6627,0.9565,7.3015,0.4732,-0.0062,4.3826,-0.5991,-5.0347,-7.2653,-0.2775
-0.1523,5.5109,6.6862,-1.9656,3.5502,-0.2519,1.3707,7.8923,-0.4112,0.5778,5.0614,0.6866,-4.7408,-7.5328,1.5672
-0.4646,5.859,6.7668,-2.6246,3.8211,-0.2949,1.418,7.672,-1.1707,1.3547,5.0111,1.7687,-4.7173,-7.3575,2.7054
-0.7349,5.6451,6.6671,-3.0277,4.0103,-0.1235,2.0853,7.1547,-1.6475,2.35,4.9541,2.5221,-4.2864,-6.8691,4.1738
-0.5587,5.5922,6.1694,-3.0131,4.1198,0.1113,2.731,6.7264,-1.9522,3.5706,4.8859,2.7307,-4.132,-5.9755,6.5954
-0.6987,5.5184,5.7874,-3.3638,3.7951,0.0047,3.1569,6.2925,-2.0757,4.5071,4.5511,2.685,-3.6137,-5.2959,7.2651
-0.7552,5.3756,5.4312,-3.1073,3.3821,0.1307,3.1839,5.2909,-2.133,4.8413,4.4707,2.8961,-2.8307,-4.0758,7.5128
-0.9841,5.1352,4.5821,-3.2458,3.0478,-0.2648,3.1332,3.9626,-2.2513,4.6243,3.8395,2.988,-2.5267,-3.1503,7.4965
-1.3653,4.8657,3.3861,-3.0909,3.014,0.0357,3.4872,3.0036,-2.0958,4.9956,3.5152,2.6988,-1.5969,-2.0062,7.7977
-1.2038,4.484,2.2742,-2.6721,2.5403,0.3789,3.3444,1.7951,-1.6598,5.3834,2.9502,2.4135,-0.9343,-0.7528,7.8665
-1.5916,4.1982,1.1046,-2.3721,1.7981,0.1741,3.2253,0.8808,-0.8767,4.9156,2.3568,1.9198,-0.1934,0.2139,7.6966
-1.6568,3.7601,0.1817,-2.0075,1.0931,0.4274,2.9658,-0.4555,-0.5476,4.5854,1.7625,1.3885,0.7249,1.1323,7.2446
-1.2653,3.4112,-0.6183,-1.9238,0.4948,0.4471,1.8993,-2.1316,0.0797,4.0959,1.3489,0.5849,1.3447,2.1877,6.4393
-1.0061,3.1527,-1.8465,-1.9053,0.232,0.2457,1.9141,-3.3044,0.7945,4.0693,0.7604,0.1416,1.6234,4.6069,5.1958
-0.5792,2.6579,-3.7207,-1.3807,-0.4835,-0.2265,2.069,-4.7529,1.5418,4.0245,-0.0125,-0.4438,1.6597,5.9708,4.6224
-0.4475,2.416,-4.9501,-1.225,-1.4183,-0.2819,2.6552,-5.6486,2.4005,3.5764,-0.9935,-1.3388,2.3051,7.1277,3.9575
0.0114,1.7016,-5.9479,-0.9942,-1.9999,-0.5051,2.0667,-7.7282,3.0468,3.107,-1.846,-2.1693,3.0846,8.4527,3.0056
-0.2222,1.1721,-7.139,-0.7286,-2.475,-0.4516,1.7766,-8.7652,4.0105,3.0581,-3.2293,-3.3588,4.2833,9.6321,1.6336
-0.9499,0.5864,-8.6636,-0.6711,-2.8275,-1.1733,1.2342,-8.4701,5.9443,2.6858,-4.019,-4.9253,4.1009,10.5097,0.4402
-0.8988,-0.1285,-9.0782,-0.078,-3.5041,-0.4606,0.5451,-8.8678,7.1655,1.532,-4.3932,-6.1208,4.3971,10.2884,-0.9147
-0.5611,-0.6669,-9.5861,0.2909,-3.9174,-0.22,-0.0525,-8.8382,7.9033,-0.123,-4.6956,-7.0857,3.67,9.5404,-2.7762
-0.4528,-0.7465,-9.3516,0.7053,-3.8759,0.098,-0.2772,-8.4706,8.2479,-1.1279,-4.5717,-7.5986,3.5707,9.1136,-4.2759
-0.2025,-0.8341,-8.6772,0.8051,-3.8028,-0.889,-0.8721,-7.0122,9.1786,-2.1945,-4.3646,-7.9804,2.7497,8.5894,-5.7882
-0.3691,-0.4401,-7.4768,0.8472,-3.4938,-0.6892,-1.1954,-5.8593,9.1301,-3.0569,-3.981,-8.567,1.8944,7.2298,-6.5886
-0.0371,-0.2958,-6.4226,0.7971,-3.0377,-0.2284,-1.8436,-4.9272,8.7619,-4.1741,-3.3896,-8.4336,0.9385,5.6884,-7.7307
0.0878,0.2135,-5.0851,0.8624,-2.4916,-0.295,-1.6793,-3.6956,8.6912,-3.7432,-2.4376,-7.8924,0.2722,4.3327,-8.2827
-0.0617,0.4969,-4.2425,0.5864,-1.8256,-0.5872,-1.6247,-2.4696,7.8809,-3.8168,-1.8387,-7.5115,-0.56,2.5502,-8.1595
-0.283,0.7607,-3.1379,0.4455,-1.4434,-0.3368,-1.6583,-1.2968,7.2318,-3.4364,-1.3056,-6.7564,-0.8575,1.4238,-7.6942
-0.5952,1.0865,-2.1361,0.2238,-0.7748,-0.1328,-1.845,-0.108,6.5597,-3.2612,-0.7561,-5.9995,-1.9909,-0.105,-7.0676
-0.6675,1.4151,-1.3029,0.2215,-0.3086,0.1743,-1.9064,0.829,5.5725,-3.4626,-0.3253,-5.3264,-2.874,-1.5247,-6.8407
-0.8143,1.8167,-0.4138,-0.0266,0.348,0.3271,-1.1777,2.8124,5.316,-3.1904,0.3659,-4.5558,-4.2651,-3.1097,-5.9793
-0.2511,2.2471,1.6094,-0.3601,0.7858,0.1318,-0.9552,4.552,4.8281,-2.9743,1.1537,-3.9661,-4.747,-4.5119,-5.2628
-0.3668,3.158,3.2282,-0.8664,1.6061,0.1092,-0.5278,6.0272,3.9581,-2.1136,1.9787,-3.2419,-5.1567,-5.899,-4.5873
-0.2842,3.787,5.4683,-1.2018,2.3729,-0.1422,0.0568,7.2801,2.7038,-1.7505,3.0917,-2.138,-5.5627,-7.1062,-3.1373
-0.3967,4.688,6.6551,-1.2945,2.7038,-0.1984,0.5239,8.1238,0.8229,-1.0286,4.2607,-0.7928,-5.5765,-8.3044,-2.1885
-1.7139,5.3603,7.2014,-1.7525,3.4065,0.5526,0.9769,8.4123,-0.5176,-0.2075,4.8538,0.5698,-5.7602,-8.6445,0.4726
-1.1349,5.4369,7.5682,-2.2942,3.8423,0.6441,1.6627,8.188,-1.7539,0.4974,5.2868,1.6299,-5.443,-9.0132,1.806
-0.5786,5.484,7.1824,-2.3421,4.1204,0.8634,2.2361,7.928,-2.4464,2.0604,5.4877,2.2641,-5.2034,-8.4529,3.8659
-1.4753,5.9323,6.7986,-2.4648,4.0436,1.2998,3.0919,6.5745,-2.9391,3.6638,5.3756,3.209,-4.896,-7.6334,5.5393
-1.4433,5.5386,5.8781,-2.6464,4.0241,1.3781,3.78,5.8035,-3.2425,4.4968,4.7024,3.6919,-3.6742,-6.304,6.6927
-1.0655,5.4443,4.9877,-3.034,3.5028,1.2789,3.8934,4.572,-3.1014,5.352,4.156,3.6238,-3.2381,-5.0002,7.5831
-1.071,5.0713,4.4528,-2.568,3.0416,1.4021,4.2179,2.7182,-2.9165,6.5411,3.8815,3.4054,-1.9371,-3.2989,8.2432
-0.9753,5.1538,2.3518,-2.4356,2.5291,1.641,4.0807,1.3967,-2.4217,6.8411,3.1509,2.9725,-1.2902,-1.4125,8.3578
-1.4831,4.8391,1.2687,-2.5326,1.817,1.904,3.9423,-0.0345,-1.6828,6.7573,2.3163,2.8541,-0.558,0.3486,8.1549
-1.3931,3.4647,-0.2289,-1.8955,1.3519,1.6465,3.3234,-1.9357,-1.3386,6.4316,1.6811,2.0775,0.7808,2.1216,9.1043
-1.2858,3.2967,-1.3634,-1.5954,0.7964,1.2986,2.894,-4.0272,-0.4298,6.9625,1.1804,1.0093,1.1131,4.103,8.0967
-1.4298,2.9838,-3.7053,-1.495,-0.0509,1.126,2.641,-6.0275,0.1761,6.7175,0.0865,0.3051,2.3101,5.7132,7.5012
-1.1822,2.3147,-5.689,-1.1233,-1.2742,1.2917,2.531,-7.7398,1.2969,5.9045,-1.1972,-0.4716,2.9124,7.9544,6.2497
-0.9462,1.4436,-7.4609,-0.7611,-2.5785,0.8559,1.9759,-8.7129,2.9876,4.5674,-2.4645,-1.5811,3.1022,9.5214,4.7918
-1.1369,0.6452,-8.6887,-0.101,-3.4118,1.309,1.5374,-9.4176,4.4185,3.7859,-3.4735,-3.1997,4.0206,10.7572,3.0646
-0.7619,0.0455,-9.2936,0.4152,-4.2641,0.9887,0.9193,-10.1411,6.0256,2.2476,-4.2366,-5.0119,3.8476,11.0458,0.9993
-0.8124,-0.3053,-9.4273,0.7587,-4.4999,1.0641,-0.7839,-10.7698,7.1706,0.9913,-4.7312,-6.369,3.7465,11.1696,-1.2466
-0.4561,-0.6698,-9.8522,0.9309,-4.7455,0.7223,-1.2492,-10.3971,8.2921,-0.7022,-4.8075,-7.4665,2.8178,11.035,-4.2069
-0.5247,-0.7674,-9.9102,1.1914,-4.6119,1.0748,-2.0867,-9.9519,8.873,-2.3189,-5.0002,-8.2206,2.3934,10.4747,-6.0493
-0.5156,-0.843,-9.537,1.3262,-4.4402,0.7938,-1.7636,-9.4482,9.0979,-2.6267,-4.8965,-8.5577,2.0145,9.4289,-7.2454
-0.5475,-0.7994,-8.9707,1.2213,-4.163,0.3248,-1.8386,-8.6433,9.0529,-3.2425,-4.9046,-8.931,0.9052,8.1974,-9.0339
-0.2241,-0.4169,-8.0419,1.2922,-3.7227,-0.125,-2.1257,-6.4428,9.7233,-3.9246,-4.2421,-8.8557,0.2029,6.9776,-9.0252
0.0636,-0.0897,-6.366,1.0225,-3.1486,-0.6451,-2.0852,-4.5954,9.4948,-4.2821,-3.5749,-8.7096,-0.735,4.8475,-9.2434
0.057,0.5516,-4.604,0.9183,-2.6093,-0.3703,-1.9416,-2.9912,8.97,-4.3988,-2.8339,-8.1475,-2.2218,2.9794,-9.0553
0.0236,0.8678,-3.0182,0.8301,-2.1138,-0.5962,-1.7656,-1.4321,7.7626,-4.3669,-1.7042,-7.4258,-2.996,1.2889,-8.9153
0.3347,1.5521,-1.668,0.6244,-1.409,-0.6944,-1.3648,0.3135,7.1658,-4.1827,-0.8068,-6.637,-3.5803,-0.4481,-8.1335
0.1183,2.005,0.0203,0.4147,-0.7067,-0.9122,-1.2967,2.1594,6.1882,-3.6271,0.454,-5.5739,-4.1455,-2.7384,-6.5795
0.1337,2.6205,2.063,-0.0293,0.1027,-0.9568,-0.6946,4.1001,5.2537,-2.6094,1.6535,-4.5511,-5.0573,-4.2784,-5.6796
0.4201,3.4237,3.9369,-0.1681,0.9692,-1.5552,-0.4112,5.7947,3.9207,-2.0431,3.0889,-3.7265,-5.7274,-5.8152,-4.1782
0.0432,4.7562,5.0311,-0.723,1.9532,-1.4458,0.0253,6.8352,2.4187,-1.1967,4.0559,-3.1621,-6.1686,-7.103,-2.6719
-0.2892,5.2967,6.2461,-1.2022,2.6829,-1.3476,0.7318,8.2529,1.3091,-1.0296,4.9595,-1.752,-6.3399,-8.2756,-1.307
-0.4759,5.8244,6.9767,-2.2485,3.2695,-1.0149,1.1943,8.1186,-0.497,0.0089,5.1986,0.1581,-5.9406,-8.9888,-0.0065
-0.3452,6.1755,7.4867,-2.4489,3.7086,-0.669,1.7806,8.3659,-1.841,1.4414,5.7347,1.4019,-6.0322,-8.986,1.8322
-0.6096,6.246,7.7966,-2.4581,3.7539,-0.5963,2.3346,8.3934,-2.4546,2.4758,6.0576,2.727,-5.9075,-8.6042,3.7345
-0.5669,6.1415,7.9695,-2.634,3.767,-0.7679,3.257,8.1938,-3.1154,3.8422,6.2103,3.3105,-5.5146,-7.9211,5.384
-0.8275,6.2975,7.5883,-2.8877,3.7119,-0.606,2.9333,7.7842,-3.0314,4.3196,6.0458,3.846,-4.8443,-7.1142,6.645
-0.9523,6.2427,7.0234,-2.8044,3.6058,-0.3101,3.5711,6.3588,-3.8598,5.2241,6.0336,4.0554,-3.6393,-5.9841,7.9759
-1.1481,6.0842,5.8659,-2.9942,3.2655,-0.298,4.2337,5.0117,-3.9116,5.7221,5.254,4.1358,-3.0828,-4.8653,8.5783
-1.6288,5.7703,4.5835,-3.0266,2.7837,0.3111,3.4553,2.8417,-3.797,5.9448,4.3456,4.0384,-2.2004,-3.4222,9.1363
-1.6061,5.3074,2.8154,-2.7625,2.1023,0.7207,3.4603,1.1971,-3.4252,5.7841,3.5484,3.3712,-1.4926,-1.8149,8.4048
-1.3782,4.7304,1.0889,-2.7685,1.6032,1.1468,3.4139,-0.2425,-2.3794,5.6875,2.9816,2.8376,-0.9579,0.0376,8.2174
-1.5164,4.1746,-0.3058,-2.3298,0.8102,1.0096,3.2831,-1.7227,-1.3875,5.5387,2.1451,1.9095,-0.1151,1.7603,7.9596
-1.4058,3.4715,-1.4932,-1.6594,0.2435,0.758,3.1176,-2.9248,-0.2848,5.1303,1.491,0.6344,0.7564,3.3244,6.9139
-1.0942,2.9708,-2.8608,-1.4784,-0.3296,0.7839,2.5465,-4.4479,0.5185,4.801,0.8592,0.3895,1.5113,4.5719,6.4119
-0.8037,2.4877,-4.1307,-1.3051,-0.8959,0.7899,2.2858,-6.2797,1.1205,4.7529,0.0392,-0.2707,2.0318,5.7333,5.2856
-0.8311,1.9835,-5.747,-0.9246,-1.6732,0.6986,1.9423,-7.2298,1.9339,4.7382,-1.1795,-1.1567,2.3051,7.103,4.9553
-0.9722,1.1319,-7.1442,-0.932,-2.6514,0.4743,1.5894,-7.8754,3.0643,3.7994,-2.2126,-1.9745,2.7486,8.3925,3.3417
-1.1928,0.3652,-8.1743,-0.096,-3.4983,0.6663,1.1948,-8.8779,4.6037,2.5931,-3.0804,-3.3571,2.7158,9.217,1.7354
-1.4233,-0.1854,-8.9473,0.386,-4.0094,0.8972,0.7893,-9.6134,5.8858,1.3666,-3.6215,-4.8853,2.6192,9.1424,0.2443
-1.1079,-0.6692,-9.7631,0.7207,-4.2382,1.2372,0.2579,-9.251,6.9434,0.2051,-4.1461,-5.9151,2.7754,9.0414,-2.11
-0.9252,-0.8462,-9.0119,0.7782,-4.4526,1.0557,-0.5736,-9.18,7.8534,-1.6627,-4.0235,-7.0197,2.5333,7.9503,-4.3505
-0.769,-0.9384,-8.6742,1.0134,-4.0726,1.02,-0.7507,-8.2854,8.2313,-2.3079,-3.6205,-7.6406,2.32,7.2867,-5.5276
-0.4998,-0.5996,-7.7748,0.8735,-3.3806,0.9384,-1.1845,-7.6497,8.0888,-2.8435,-3.392,-7.5716,1.5676,6.3819,-6.844
-0.2867,-0.3768,-7.4426,1.1294,-3.2858,0.7597,-1.1702,-6.5665,8.0279,-3.0199,-3.1092,-7.4901,0.5271,5.1189,-7.0038
-0.2774,0.0311,-6.5308,0.745,-3.0846,0.4651,-1.4615,-5.4352,7.8784,-3.4396,-2.7919,-7.4776,0.1189,4.3801,-7.5089
-0.0331,0.1614,-4.9325,0.8451,-2.8566,0.3091,-1.1517,-4.2391,7.5352,-3.7185,-2.1568,-7.2225,-1.2605,2.7535,-7.4834
-0.2049,0.5707,-3.6764,0.3735,-2.2149,0.188,-1.5007,-2.7577,6.9684,-3.9949,-1.5874,-6.8166,-1.8293,1.4747,-7.4781
-0.1228,0.8947,-2.2419,-0.1605,-1.7911,-0.0364,-1.7147,-1.2479,6.4487,-4.2999,-0.949,-6.2017,-2.5793,0.1426,-7.5705
0.2525,1.5567,-0.7213,-0.3648,-1.0911,-0.7065,-1.7353,0.6066,5.891,-4.3034,0.0203,-5.6395,-3.339,-1.5979,-7.4468
-0.3674,2.2668,0.7642,-0.6571,-0.3344,-0.5951,-1.2576,2.0839,5.0333,-4.0103,0.7253,-4.8162,-3.3445,-3.5101,-6.5173
-0.1196,2.7348,2.5907,-0.8887,0.5044,-0.6194,-1.0198,4.0556,4.128,-3.5737,1.6798,-4.2731,-4.94,-5.2458,-5.788
-0.2202,3.4924,4.4257,-1.1355,1.612,-0.7125,-0.6444,5.6887,3.1051,-3.0305,3.0624,-3.1785,-5.4215,-6.8459,-4.3059
-0.2987,4.3761,5.922,-1.5497,2.3082,-1.0432,0.6941,7.102,1.6705,-1.6439,4.2176,-1.7925,-5.9544,-8.141,-2.6292
-0.2202,5.2453,7.6224,-2.2999,3.0019,-0.9943,1.6906,7.818,-0.638,-0.7263,5.4854,-0.1378,-5.9809,-9.2033,-0.6963
-0.1536,5.9526,8.0436,-2.7683,3.6155,-0.8168,2.2868,7.77,-2.1826,0.4692,6.0706,1.9901,-5.7555,-9.0447,1.5248
-0.396,6.204,7.9344,-3.2117,3.9337,-0.4645,2.6486,7.2671,-3.2572,1.9167,6.1959,2.7448,-4.9605,-7.867,3.7162
-0.4528,6.401,7.2152,-3.4712,3.9024,-0.6806,3.1919,6.8522,-3.2278,3.2442,6.0512,3.7391,-4.5803,-7.2193,5.7473
-0.8575,6.2377,6.6131,-3.6445,3.677,-0.2433,3.2039,5.8147,-3.8535,3.9642,5.4438,3.942,-4.2199,-6.7543,6.9157
-1.0767,5.8614,5.7056,-3.5508,3.2982,-0.8505,3.3228,5.494,-3.5433,4.362,5.0564,4.1096,-4.0094,-5.8241,7.2793
-0.6662,5.3361,5.9312,-3.1955,2.9639,-0.6824,3.3657,4.7371,-3.2018,4.7335,4.9863,3.9486,-3.6647,-4.3015,8.0102
-0.9523,5.2462,5.1541,-2.9746,2.7988,-0.4375,3.5037,3.4002,-3.8325,5.0601,4.9055,3.8065,-3.256,-2.6872,8.1596
-1.1886,5.0731,3.7032,-2.8457,2.687,0.1822,3.483,1.7601,-3.7506,4.5694,4.5696,3.6521,-2.5195,-1.8076,8.148
-1.0886,4.9465,2.1321,-2.9115,2.4646,0.4843,3.2802,0.0848,-2.9633,5.1662,3.8083,3.4052,-1.1859,-0.013,8.1757
-0.9754,4.4247,0.4853,-2.603,1.6989,0.7813,3.3172,-1.9178,-2.6747,5.7492,2.6798,3.0123,-0.275,1.367,7.7531
-1.0272,3.9153,-1.292,-2.269,0.7556,1.0144,3.3304,-4.2773,-1.7487,5.4835,1.8882,2.2122,0.7316,3.5204,7.8244
-1.4279,3.3933,-3.4532,-1.8471,-0.0513,0.7674,2.8922,-5.7979,-0.6244,5.7486,0.54,1.5633,1.623,5.5905,6.975
-1.2053,2.3915,-5.229,-1.4172,-0.9253,1.0923,2.5517,-7.5942,0.695,4.8041,-0.607,0.2244,2.1528,7.1372,5.879
-0.8807,1.4366,-7.0179,-1.1798,-1.8234,0.9062,2.3767,-8.6411,2.1703,4.1356,-1.8165,-0.9824,3.1179,8.8626,4.2659
-0.5077,0.5802,-7.8874,-0.7743,-2.8016,0.7037,1.8699,-9.6261,3.678,3.5885,-2.9028,-2.2243,3.3273,10.0138,2.9216
-0.5275,0.0706,-8.8697,-0.3073,-3.5207,0.5878,1.3056,-9.9388,5.21,2.5176,-3.5994,-3.9135,3.558,10.2783,1.6825
-0.5358,-0.152,-9.3535,0.0205,-4.1443,0.8566,0.8022,-10.4421,6.4521,1.0317,-4.1386,-5.3702,3.1102,10.2077,0.1025
-0.4025,-0.4775,-9.4307,0.3955,-4.7592,0.9732,0.0167,-10.1179,7.4199,-0.3275,-4.3412,-6.277,3.0646,9.9084,-2.1812
-0.1751,-0.6058,-9.2468,0.7375,-4.7569,0.9401,-0.8374,-10.0769,7.638,-1.7081,-4.2815,-7.1482,2.7325,9.3055,-4.0839
0.1258,-0.7314,-8.6534,0.8476,-4.305,0.5714,-1.1199,-9.5996,7.994,-2.5503,-3.9273,-7.5742,2.3005,8.6222,-5.5747
-0.0656,-0.3173,-8.451,0.749,-4.1068,0.9252,-1.7686,-8.7327,8.0123,-2.5949,-3.7244,-7.5981,1.4253,7.8305,-6.3611
-0.0046,-0.1672,-7.9048,0.7309,-3.9443,0.5259,-2.14,-7.6296,8.2086,-2.7577,-3.3873,-7.5445,0.7181,7.2881,-7.3303
0.5781,-0.0224,-6.8001,0.7716,-3.744,0.2959,-1.9283,-7.3639,7.577,-3.5589,-3.0032,-7.5408,0.5175,5.6585,-7.4624
0.7162,0.4058,-6.3219,0.5528,-3.4831,-0.2369,-1.9965,-5.414,7.7173,-3.6713,-2.5422,-7.3797,-0.0072,4.5481,-8.0663
0.7356,0.6341,-4.8301,0.7054,-2.9998,-0.235,-2.2145,-4.334,7.5386,-4.4414,-1.6406,-6.9209,-0.4173,3.1075,-7.6048
0.454,1.4258,-3.8441,0.5002,-2.3289,-0.3043,-1.9782,-3.4126,6.4751,-3.9541,-1.1002,-6.394,-1.4592,1.9526,-7.8135
0.5879,1.6472,-2.8292,0.249,-1.9668,-0.5071,-2.0254,-1.7689,6.1061,-4.1516,-0.7704,-5.8284,-2.4121,1.0385,-8.0158
0.7839,1.7869,-1.8392,-0.0844,-1.3707,-0.8473,-1.8907,-0.6325,5.3587,-3.9285,-0.1438,-5.373,-3.0336,-0.3031,-7.4581
0.8919,2.1961,-0.6106,-0.2828,-0.8684,-0.7532,-1.9964,1.0361,4.8903,-3.989,0.2816,-4.7476,-3.9189,-2.0391,-6.726
0.7627,2.8141,1.1047,-0.4204,-0.2109,-1.0093,-1.6472,3.3519,4.532,-3.4521,1.0416,-4.2613,-5.0327,-3.7664,-6.0241
0.4831,3.4602,3.2859,-1.023,0.5772,-0.7551,-1.2102,4.6878,3.526,-3.1719,2.5555,-3.5182,-5.0548,-5.6148,-5.2318
0.0452,4.195,4.8375,-1.5405,1.4647,-0.2389,-0.8586,5.9923,2.2531,-3.3481,3.8202,-2.4358,-5.9821,-7.1985,-3.9069
0.1413,4.7817,6.0524,-1.9415,2.5872,-0.3621,-0.4766,7.0757,0.753,-2.2659,4.7031,-1.1222,-6.5216,-8.0865,-2.7318
0.0298,5.6553,6.9385,-2.5698,3.2243,-0.601,0.1376,7.8177,-0.7591,-0.9827,5.4374,0.6423,-6.7835,-8.5085,-1.0728
-0.15,6.1515,7.4035,-3.0936,3.5871,-0.5743,0.8101,8.1228,-1.6331,-0.0365,5.7026,1.992,-7.0525,-9.2512,-0.1337
-0.4087,6.1249,7.4474,-2.9237,3.6611,-0.2405,1.5791,8.2885,-2.4597,0.6404,5.8076,2.989,-6.6651,-9.4818,1.9334
-0.4739,6.1786,7.3379,-3.2145,3.6989,-0.123,1.7414,8.1576,-3.0805,1.6872,5.8395,3.3962,-6.1056,-8.9942,3.9505
-0.4149,6.0953,7.3577,-3.0837,3.4817,0.0513,2.3765,7.6787,-3.3757,2.313,5.7905,3.6704,-5.6025,-8.4055,5.1917
-0.5228,6.1129,6.8591,-3.294,3.4128,0.154,2.6617,6.9131,-3.7904,4.0636,5.827,3.7969,-5.3108,-7.295,6.7925
-0.8452,6.117,6.5195,-3.3731,3.0457,0.1262,3.2062,6.2437,-3.6986,4.0567,5.4332,4.2135,-4.8477,-6.3893,7.4506
-0.6661,6.0011,6.0285,-3.2875,2.9172,0.5317,3.1516,4.8666,-3.5967,4.3885,4.9969,4.1798,-3.91,-4.8542,8.2489
-0.5531,5.7962,5.3513,-3.0583,2.5293,0.6831,3.4667,3.8695,-3.4667,4.8911,4.8448,4.1202,-3.3093,-3.7663,8.5562
-0.5372,5.5464,4.6501,-3.0077,2.1674,0.6849,4.2426,2.1995,-3.5264,5.358,4.7666,3.8623,-2.384,-2.851,9.3012
-0.4867,5.2797,3.2716,-3.0878,1.9322,0.4855,3.8269,0.6112,-3.5453,6.0274,4.0051,3.4582,-1.1087,-1.1828,9.6044
-0.747,5.06,1.6699,-2.5808,1.1708,0.8898,3.5317,-1.1905,-3.15,5.7018,3.6319,3.0713,0.0123,0.5369,9.3011
-0.3416,4.807,0.7352,-2.4723,0.4152,0.0351,2.4115,-2.6248,-2.2341,5.3269,3.0231,2.7628,0.9843,2.5646,8.7443
-0.6419,4.3909,-1.096,-2.3802,-0.0254,0.5754,2.5996,-5.3538,-1.9462,5.5373,2.072,2.3691,1.6262,4.9667,7.917
-0.4128,3.6935,-3.5841,-2.0293,-0.7699,0.3313,2.7371,-7.5419,-1.2036,5.2706,1.0655,1.3585,2.1216,7.2177,7.3086
-0.7325,2.9424,-6.0374,-1.7268,-1.9226,0.4514,2.2821,-9.4992,0.2283,4.9989,-0.3468,0.2864,2.5489,8.5965,6.3497
-1.0644,1.9006,-8.1883,-1.1868,-3.2719,0.8226,1.778,-10.6427,2.1545,3.6033,-1.9185,-0.8056,2.8261,10.2774,4.3566
-1.2416,0.5474,-9.6948,-0.7538,-4.3139,0.877,1.2146,-11.5334,3.9829,2.0035,-3.3296,-2.2922,3.2096,11.4099,2.5184
-1.0202,-0.2599,-10.4963,0.0063,-5.0545,0.9776,-0.5227,-11.9521,5.7358,0.8649,-4.3115,-4.1202,3.7291,12.198,0.4699
-0.7603,-0.7176,-11.067,0.3699,-5.4293,1.1169,-1.7019,-12.4663,6.8774,-0.8348,-4.7671,-5.9119,3.5024,12.3335,-2.2166
-0.6767,-0.8764,-10.858,0.2433,-5.5817,0.9063,-2.2556,-12.2339,8.3116,-2.6494,-5.1595,-7.4494,2.3751,11.6268,-5.1646
-0.4223,-1.0718,-10.7373,0.4367,-5.419,0.8125,-2.4822,-11.4931,9.173,-4.252,-5.618,-8.0407,1.4302,10.741,-7.5948
0.0317,-1.0433,-9.8875,0.7774,-5.0038,0.1593,-2.9019,-10.0767,10.0831,-4.9786,-5.1823,-8.7511,0.9982,9.4396,-9.009
0.0757,-0.823,-8.4106,0.9443,-4.3509,-0.0142,-2.8096,-8.4134,10.082,-4.81,-4.4498,-9.0615,0.2136,7.6414,-10.3721
-0.0966,-0.3928,-7.0795,0.6686,-4.0757,-0.0668,-2.5372,-6.4332,9.5844,-5.8025,-3.7708,-9.1288,-0.4769,5.3515,-10.4655
-0.8127,0.0488,-5.9307,0.6336,-3.4764,0.1478,-2.4472,-4.5402,8.8977,-6.1215,-2.9456,-8.7252,-1.2502,3.4874,-10.4785
-0.0352,0.1445,-4.4695,0.3339,-2.9254,-0.0655,-2.0562,-2.6403,8.7279,-6.458,-2.3303,-8.1638,-2.4167,1.4935,-10.7885
0.1895,0.827,-2.506,0.2338,-2.089,-0.311,-2.3989,-0.0054,8.6248,-6.3994,-1.3314,-7.4147,-3.5981,-0.3228,-9.6517
-0.0831,1.6448,-0.043,0.0663,-1.3394,-0.5546,-1.8255,1.3897,6.8297,-5.7208,-0.0312,-6.6115,-4.5402,-3.1748,-8.7121
-0.2391,2.3833,2.6261,-0.4564,-0.5295,-0.3549,-1.6278,3.7588,5.4901,-5.4136,1.2691,-5.459,-5.1609,-5.3396,-7.8293
-0.5403,3.1263,4.5378,-0.7801,0.5718,-0.4861,-1.5797,5.6337,3.7783,-4.6186,2.9981,-5.2526,-5.6037,-7.3359,-6.1358
-0.1462,4.1455,5.9812,-0.9096,1.7149,-0.5922,-0.946,6.4517,2.1144,-3.427,4.5503,-3.6633,-6.4583,-8.9442,-4.2681
-1.2776,5.1982,6.7856,-1.3587,2.6705,-0.2949,-0.2702,7.5101,0.3754,-2.5607,5.514,-1.8082,-6.8323,-9.9317,-2.1922
-0.9429,5.61,7.3885,-1.7666,3.3119,0.0695,0.4064,8.8494,-0.391,-2.1723,6.0781,-0.0944,-7.0624,-10.1295,-0.4413
-0.9004,6.0542,8.1312,-2.3273,3.7093,-0.1024,1.2353,8.7939,-1.9728,-1.1512,6.5548,1.5341,-6.697,-11.0513,0.8315
-0.6442,6.1355,8.5772,-2.6909,3.8555,0.27,1.8277,8.2317,-2.9932,0.276,6.8025,2.6601,-6.3159,-10.4049,3.0872
-0.8384,6.0699,8.2353,-2.756,3.9139,0.7626,2.2101,7.7804,-3.8257,2.2102,7.01,3.3377,-5.8273,-9.5245,5.8683
-0.8814,6.4397,7.5604,-3.143,3.6698,0.9408,2.7814,6.8407,-4.3098,3.7569,6.5581,3.8599,-4.7215,-8.1598,7.1582
-0.7995,6.3972,6.9187,-2.9567,3.3242,0.9244,3.4867,5.5486,-4.546,4.5007,6.1942,4.1645,-3.992,-6.5501,8.4755
-1.0266,6.3463,5.4813,-3.086,2.9493,1.347,3.5437,3.4465,-4.8113,5.233,5.7504,4.2063,-2.7736,-4.7772,9.3266
-1.2525,5.82,3.5099,-3.131,2.461,1.5195,3.8071,1.8102,-4.2155,5.9572,4.7663,3.8421,-2.7705,-2.6156,9.8211
-1.0698,5.1449,2.4205,-2.8008,1.5514,1.291,3.9086,0.3811,-3.2342,5.4055,3.9876,3.3023,-1.6894,-1.2091,9.9212
-1.1485,4.6972,0.9202,-2.3418,0.6789,1.0076,3.6463,-0.927,-2.3505,5.3655,3.0024,2.8449,-0.2785,0.439,9.5888
-1.1249,4.12,-0.3171,-2.2923,0.0854,1.2268,3.258,-2.468,-1.7312,4.7278,2.2985,1.9084,0.4449,2.3465,8.6887
-1.1601,3.8504,-1.5166,-2.0703,-0.3894,1.5926,2.9983,-4.8733,-0.6923,4.134,1.2972,1.1056,1.1527,4.3849,7.6968
-0.9566,2.9978,-3.8474,-2.1553,-1.0872,1.3384,2.3766,-6.3963,-0.1708,4.0805,0.34,-0.0011,1.93,6.1302,6.8374
-1.074,2.4134,-5.5885,-1.6571,-2.0409,1.1556,1.7563,-7.9016,1.475,3.3371,-1.0908,-0.8922,2.5283,7.5567,5.004
-1.0771,1.5072,-7.5265,-1.2412,-3.0526,1.1765,1.5216,-9.4214,2.8827,2.619,-2.4281,-2.2103,2.3527,8.7935,3.1209
-1.3889,0.5007,-8.7334,-0.7263,-3.8876,1.3987,0.9153,-10.0349,4.7439,1.6621,-3.4067,-3.7676,2.9141,9.5585,1.6724
-1.137,-0.359,-9.3626,-0.5159,-4.7294,1.3569,0.9014,-10.4088,6.0849,0.2587,-4.0157,-5.4056,3.1994,9.9921,-0.1714
-1.0437,-0.7091,-9.8513,0.0079,-5.0298,1.1112,0.3056,-10.5926,7.1025,-0.7172,-4.3719,-6.3385,3.058,10.1528,-2.0518
-0.8541,-1.1455,-9.9539,0.6175,-5.1449,1.316,-0.7724,-10.4942,8.0529,-1.6863,-4.0718,-7.1064,2.9051,9.739,-3.4792
0.2208,-1.0822,-9.3448,0.781,-5.2154,0.8997,-1.3369,-10.2001,8.4524,-2.458,-4.2031,-7.8549,2.4367,8.8897,-5.1826
-0.057,-0.7783,-9.2231,0.9484,-5.1409,0.6725,-1.9264,-8.8144,9.0442,-3.2239,-3.9896,-8.1102,1.5402,8.2827,-6.3095
0.3711,-0.6797,-7.4033,0.9517,-4.8259,0.5665,-2.028,-8.0394,9.0073,-3.984,-3.1252,-8.6324,0.804,6.9613,-6.7319
0.497,-0.1433,-6.3922,0.9628,-4.1138,0.0152,-2.1857,-6.3413,8.9793,-4.1704,-2.6796,-8.2502,-0.0426,5.7881,-6.8628
0.5529,0.2111,-5.288,0.7475,-3.6161,-0.2094,-2.079,-5.2181,8.231,-3.923,-2.0159,-7.8721,-0.8414,4.3127,-6.8498
0.6868,0.6541,-4.3534,0.4591,-3.4215,-0.6804,-2.6625,-3.7431,7.7454,-4.5294,-1.6044,-7.4682,-2.1944,2.8531,-7.2805
0.9021,0.8478,-3.2521,0.4016,-2.7795,-1.2149,-2.4425,-1.7928,7.1813,-4.2455,-0.934,-6.9804,-3.2317,1.982,-6.9959
0.7096,1.2879,-1.7378,0.0523,-2.6007,-1.1312,-2.1612,-0.1338,6.6878,-4.1892,-0.5104,-6.2474,-4.1571,0.135,-6.5863
0.3834,1.7016,-0.1311,-0.1144,-1.9764,-0.9315,-1.8319,1.9477,5.8051,-4.4847,0.3721,-5.5552,-4.605,-1.5954,-6.2591
-0.2823,2.1592,1.4515,-0.2173,-1.3103,-0.7737,-1.4808,3.44,4.947,-5.0649,1.4153,-5.1081,-5.1578,-3.6066,-5.7586
0.1904,2.6713,3.3783,-0.3752,-0.3918,-1.0127,-1.3169,4.8465,3.9938,-5.0484,2.9779,-3.8231,-5.563,-5.5336,-4.8418
0.0606,3.5392,4.7603,-0.8447,0.7949,-0.9006,-0.3399,5.759,2.5163,-3.7629,4.2007,-2.7214,-5.9518,-7.0727,-3.6177
-0.0931,4.2983,5.6537,-1.2379,1.2453,-0.9896,-0.0346,6.7101,1.2124,-2.7522,4.9745,-1.4824,-5.6689,-7.8915,-1.615
-0.4672,4.8059,6.465,-1.8428,1.9925,-0.7335,0.3081,7.2281,-0.2083,-1.5115,5.5506,-0.1632,-5.7659,-8.3056,-0.2174
-0.3984,5.1623,6.7266,-2.1477,2.4102,-0.274,0.7052,7.0806,-1.4527,-0.7191,5.9147,1.2079,-5.8105,-8.5237,0.9489
-0.4688,5.3697,6.8263,-2.5288,2.6423,-0.4746,1.2096,6.9966,-2.0645,0.6434,6.1323,2.2868,-5.3819,-8.1002,2.9898
-0.4447,5.4897,6.7067,-2.6821,2.735,-0.5538,1.7188,6.5311,-2.9663,1.9893,5.9698,2.8556,-5.264,-7.5006,4.836
-0.265,5.4554,6.145,-2.4801,2.5965,-0.7137,1.7399,6.1256,-2.8213,3.0819,5.8676,3.3394,-4.669,-6.5819,6.2406
0.0303,5.522,6.2538,-2.7438,2.1613,-0.5458,1.7244,5.5362,-2.9081,3.7506,5.4828,3.5107,-4.4302,-5.3802,7.3351
-0.1571,5.6154,5.5778,-3.0111,1.9379,-0.8594,2.2823,4.1651,-3.2374,4.2037,5.246,3.3967,-4.1117,-4.4387,7.6659
-0.4011,5.183,4.7406,-2.75,1.6285,-0.1788,2.464,3.2505,-3.1043,5.8255,4.6843,3.2119,-3.6147,-2.6394,8.7594
-0.8729,5.0406,3.5187,-2.759,1.2485,-0.031,2.7414,1.9679,-2.899,4.9706,4.0949,3.1803,-3.2323,-1.5112,9.1768
-0.9092,4.6201,2.2884,-2.682,0.8648,0.0932,2.7227,0.7407,-2.355,4.8112,3.3415,2.6759,-2.3365,-0.2438,8.9152
-0.5526,4.298,1.1608,-2.5845,0.39,0.1798,2.4926,-1.0298,-2.0334,4.4635,2.7669,2.4385,-1.4181,1.1664,8.6364
-0.46,3.9667,-0.2098,-2.6174,-0.0653,0.18,1.769,-2.3842,-1.2115,4.6586,1.9305,1.7341,-0.7151,3.1345,7.1748
-0.0366,3.3085,-1.7018,-2.352,-0.6712,0.3942,1.1891,-3.8567,-0.4128,3.8207,1.2625,0.9567,-0.0742,4.6364,6.2982
-0.2242,2.9,-3.1769,-2.0726,-1.3716,0.3641,1.3767,-5.539,0.5284,3.5113,0.2027,0.0036,0.5277,5.9629,5.6125
-0.4653,2.247,-5.2242,-1.8113,-1.9351,0.3792,1.2225,-6.6535,1.5428,3.0173,-1.1247,-1.1084,1.3922,7.5477,3.9818
-0.3759,1.1212,-6.1549,-1.2167,-3.089,0.4522,0.7842,-8.0928,2.6479,2.1206,-1.817,-2.0886,2.0879,8.5758,2.8335
-0.0638,0.412,-7.4235,-0.9772,-3.8534,0.3281,0.55,-8.5042,4.2039,1.3129,-2.7291,-3.6319,2.5407,9.2226,1.7918
0.1249,-0.0265,-7.919,-0.6858,-4.3415,0.1405,0.3649,-8.7495,5.7234,1.2329,-3.4046,-5.1735,2.4575,9.7467,0.8311
0.0459,-0.4543,-7.927,-0.1535,-4.7513,-0.3777,-0.0944,-8.5654,6.8666,-0.0626,-3.7869,-6.283,2.4036,9.3659,-1.5936
-0.0234,-0.6383,-7.8271,0.3749,-5.047,-0.1338,-0.8182,-8.0708,7.5217,-1.2917,-3.6258,-7.0254,1.4404,8.8761,-3.0656
-0.2411,-0.2526,-7.7695,0.1643,-4.8317,0.4928,-1.785,-8.3014,7.427,-2.9168,-3.5918,-7.4912,1.361,8.0148,-5.0006
0.0679,-0.6501,-7.539,0.1903,-4.5661,0.3147,-2.0214,-7.1503,8.0618,-4.3114,-3.6493,-7.5395,0.6704,7.4922,-6.5149
0.0274,-0.6,-6.9046,0.7007,-4.1449,0.5559,-2.4495,-6.66,8.0968,-5.0004,-3.1124,-7.8478,0.3961,6.2496,-7.499
0.0746,-0.3709,-6.2576,0.598,-3.6275,0.5478,-2.287,-5.9546,7.9555,-5.0058,-2.8011,-7.6285,-0.8355,5.1685,-8.6705
0.1597,-0.4652,-5.5439,0.3588,-3.1503,0.0236,-1.9287,-4.0202,7.9814,-5.6452,-2.4346,-7.3456,-1.3342,3.2772,-8.5348
0.7537,-0.2544,-3.9533,0.3393,-2.4845,-0.6555,-1.8801,-1.8403,8.3116,-5.0048,-1.907,-7.3269,-2.328,1.7471,-8.8178
0.5441,0.2448,-2.3358,0.3532,-2.2866,-0.7874,-1.8785,-0.263,7.2926,-4.8898,-0.9624,-6.7894,-3.1497,0.144,-8.0264
0.8239,0.7346,-0.425,0.1471,-1.7384,-1.0311,-1.5811,2.0023,6.5718,-4.1147,0.1482,-6.1857,-4.1464,-1.8302,-6.6597
0.4842,1.6098,1.6608,-0.1487,-0.8605,-1.0822,-1.5166,3.8442,5.5198,-4.2781,1.2962,-5.0367,-5.0256,-3.6415,-5.0323
0.6581,2.2977,3.4062,-0.3678,-0.0797,-1.2328,-0.781,5.8694,4.1781,-3.8064,2.4817,-4.037,-5.6969,-5.4122,-4.6193
0.9557,3.1697,5.4724,-0.6883,0.7909,-1.5291,-0.3798,7.8569,2.9474,-3.4436,4.1178,-2.7678,-6.4109,-7.1924,-2.9168
0.4272,4.2579,7.5588,-0.9846,1.7715,-1.6974,0.1485,8.3548,0.8708,-2.4695,5.5969,-1.3882,-6.2263,-8.7763,-1.0746
0.1964,5.0574,8.3121,-1.4502,2.7058,-1.2048,0.4775,8.4663,-1.3574,-1.2396,6.4926,0.3538,-6.4074,-9.0813,0.3672
0.6674,5.7417,8.1458,-2.2114,2.983,-1.6363,1.1951,8.5698,-2.503,-0.0767,6.6747,1.9371,-6.3864,-8.923,3.1003
0.4421,5.9627,8.0736,-2.7855,3.6017,-1.1247,1.7042,8.4272,-3.0573,1.6677,6.2784,2.9225,-5.8015,-8.3944,4.7191
0.2379,5.964,7.7809,-3.1358,3.401,-0.9504,2.3574,7.7885,-3.7716,3.0322,6.1889,3.7421,-4.3721,-7.6688,6.226
-0.1664,5.7603,6.992,-2.8535,3.1914,-0.5864,1.7887,6.4387,-4.0288,3.8185,6.2561,3.8823,-4.1479,-6.923,7.7138
-0.0998,5.3943,6.0659,-3.1876,2.7131,-1.8339,2.36,5.6188,-3.7646,4.1135,7.1381,4.0392,-4.55,-5.8797,8.6364
-0.3976,5.5213,5.0642,-3.3256,2.2728,-1.3932,2.8517,4.3148,-3.6576,4.8593,5.4201,4.6195,-3.8394,-4.4097,8.9924
-0.5202,4.9911,3.8143,-2.7403,1.8168,-1.4391,3.1938,2.6005,-3.4191,4.4204,4.7675,4.1445,-3.3416,-2.8918,8.9393
-0.3778,4.3415,2.6036,-2.9058,1.4162,-1.2576,3.2471,1.6051,-2.6895,4.4463,3.8067,3.5751,-2.6819,-1.2803,8.587
-0.2984,3.7078,1.5233,-2.5176,0.9615,-1.2474,2.7681,0.397,-1.8322,3.4535,3.08,2.9149,-1.9111,-0.2044,8.1296
-0.4975,3.3901,0.0283,-2.4373,0.7103,-0.615,2.7045,-0.389,-1.1852,4.4422,2.3037,2.2226,-0.8618,1.1564,7.9619
-0.4938,2.8279,-0.5674,-2.1527,0.3039,-0.5456,2.753,-1.8223,-0.515,4.3879,1.7093,1.3997,0.1268,2.5466,7.3783
-0.4205,2.6452,-1.9051,-1.804,-0.3046,-0.2688,2.675,-3.3906,-0.2351,3.607,1.3448,0.7744,0.6766,3.5749,6.8569
-0.3052,2.3112,-3.7347,-1.5109,-0.8193,-0.362,1.8987,-4.8704,0.7218,4.0468,0.4087,-0.0032,1.0439,5.224,6.3263
-0.4631,1.8843,-5.1667,-1.3403,-1.8113,0.1194,1.5601,-6.3431,1.6166,3.5804,-0.5486,-1.0109,1.7764,6.6561,5.1892
-0.4678,0.9804,-6.719,-1.1413,-2.9869,0.4747,1.0352,-7.5619,2.6828,2.3045,-1.9095,-2.356,2.6359,7.6594,3.7268
-0.2316,-0.0961,-7.6544,-0.8058,-4.5689,0.3453,0.3908,-8.1218,4.581,0.5464,-2.7909,-3.4203,2.5764,8.5802,1.5824
-0.0817,-0.6225,-8.132,-0.3925,-4.4371,0.4367,-0.5309,-8.6027,5.8143,-0.8102,-3.245,-4.8111,2.5854,9.46,-0.1046
0.0168,-0.7562,-8.0696,-0.0206,-4.2623,0.393,-1.4832,-8.9436,6.6233,-1.6594,-3.4009,-5.9469,2.3412,9.3042,-2.2389
0.4278,-0.9011,-8.617,0.3268,-4.1707,0.2369,-1.9077,-9.2076,7.1456,-2.7667,-3.6239,-6.4032,1.5321,8.1698,-4.0351
-0.048,-0.7493,-8.8811,0.4214,-4.3641,0.8808,-2.5739,-8.0654,7.8981,-3.3512,-3.5598,-7.274,0.8835,7.6236,-5.5462
0.4823,-1.1416,-8.0093,0.661,-3.8069,0.5902,-2.5451,-6.8183,8.4823,-5.0359,-3.2016,-7.61,-0.5502,6.4527,-7.3223
0.5536,-0.7316,-6.6138,0.6162,-3.3735,0.2223,-2.4132,-5.5069,8.7215,-5.3226,-2.6958,-7.5428,-0.5545,4.8745,-7.939
