x0,x1,x2,x3,x4,x5,x6,x7,x8,x9,x10,x11,x12,x13,x14
0.5956,-0.9902,-0.0325,1.1567,-0.5811,-1.083,-1.9211,2.0265,3.6038,-3.9476,-1.2844,-3.6196,-1.2571,-2.0504,-6.7423
0.6579,-0.496,1.5942,0.7237,0.0137,-1.2283,-1.6783,3.7802,2.7919,-3.5773,-0.4963,-3.0658,-2.1703,-4.5845,-5.949
0.5736,0.1608,3.5215,0.5731,0.7054,-1.1983,-1.543,5.8677,2.095,-3.1519,0.4825,-2.6961,-3.0084,-6.3676,-5.0199
0.6206,0.7091,5.6435,0.2555,1.7047,-1.2057,-1.1458,7.7025,0.9771,-2.9373,1.7585,-1.4331,-3.632,-7.8249,-4.1153
0.6191,1.7467,7.2904,-0.6001,2.6259,-1.2607,-0.7287,8.2954,-0.7461,-2.1824,2.9886,-0.5869,-4.3024,-9.3157,-2.6772
0.472,2.3111,7.9587,-1.3461,3.4971,-0.9689,-0.3591,9.1281,-2.3178,-1.1625,3.7613,1.1044,-4.6633,-9.9531,-1.2104
0.1847,2.8995,8.7369,-1.2352,3.9174,-0.8095,0.192,9.636,-3.4081,-0.1706,4.4182,2.9142,-4.834,-10.2337,0.3945
-0.1025,3.4655,9.0789,-1.4531,4.2568,-0.7573,0.8281,9.5738,-4.8328,0.83,4.9527,4.3463,-4.704,-10.2679,2.393
0.0073,3.7272,9.3522,-1.6607,4.5804,-0.8194,1.5635,9.007,-5.7769,2.067,5.1345,5.3309,-4.1946,-9.7491,4.3044
0.0576,3.6021,8.634,-1.9981,4.3668,-0.7209,2.3342,8.3394,-6.3346,3.6287,4.9591,5.9892,-3.4908,-8.8567,5.9951
0.2666,3.5468,8.17,-1.6887,4.0921,-0.7809,2.3921,7.5297,-6.4417,4.4377,4.7847,6.2193,-2.535,-7.3896,7.1804
0.1608,3.4512,7.7401,-1.7861,3.678,-0.9009,2.4983,6.4518,-6.5578,5.1564,4.5102,6.4295,-1.7846,-6.3782,8.2095
-0.3052,3.3143,6.6874,-1.7511,3.3375,-0.5797,2.8004,4.783,-6.8413,5.6151,4.0711,6.0873,-0.8815,-4.7189,8.8849
-0.259,2.7321,5.2332,-1.5339,2.805,-0.3965,2.7642,3.0153,-6.2997,5.5018,3.3087,5.8447,-0.2233,-3.1171,8.9615
-0.5675,2.3239,3.4609,-1.2619,2.2383,-0.0852,2.7606,1.6256,-5.7166,5.914,2.9299,4.9455,0.3709,-1.2914,9.0593
-0.7408,1.7422,1.8811,-0.8742,1.6651,0.1975,2.6378,-0.276,-5.169,5.6625,1.8989,4.4154,1.0645,0.2864,8.6393
-0.4149,1.1941,0.6296,-0.719,0.9943,0.3305,2.5241,-1.7248,-3.8219,5.213,1.0986,4.0067,2.0434,1.9518,7.919
-0.6428,0.657,-1.1255,-0.5499,0.2524,0.5514,1.9756,-4.2612,-3.5589,5.1755,0.2332,3.0229,2.8923,4.277,7.3241
-0.4945,0.1112,-3.4819,-0.6445,-0.6213,0.8647,2.0836,-6.0666,-2.704,4.8176,-0.9615,2.0379,3.809,6.534,6.0734
-0.6086,-0.7943,-5.5676,-0.103,-1.8901,1.2731,1.6269,-7.8431,-0.9896,3.8259,-2.396,1.2328,4.5826,8.0645,4.7401
-0.2466,-1.5366,-7.0652,0.2225,-2.977,1.1618,0.8845,-9.3201,0.336,2.7303,-3.9389,0.2128,5.0906,9.2919,3.0989
-0.2661,-2.7934,-8.4689,0.4705,-3.7029,1.0943,0.0142,-10.0367,2.1178,1.5613,-4.7728,-1.8088,5.7073,9.4803,1.1569
0.0291,-3.4285,-9.0886,1.5948,-4.2828,0.8042,-0.5734,-9.9289,4.0597,0.6712,-5.2533,-3.0487,4.9704,10.2489,-0.7749
0.2684,-3.8485,-9.0342,2.1469,-4.7327,0.5307,-0.9936,-10.0542,5.0289,-0.5201,-5.4534,-4.7851,4.607,9.9123,-2.8673
0.4233,-3.8921,-8.8834,1.9672,-4.7562,0.3761,-1.5012,-9.4343,5.7533,-1.9364,-5.6605,-5.6521,4.3038,9.2022,-4.6857
0.3402,-4.0357,-8.4283,1.7295,-4.5089,0.3479,-1.9792,-8.5593,6.2214,-2.9484,-5.8282,-6.5686,3.6504,8.4727,-6.0429
0.216,-3.9976,-7.702,1.8989,-4.3307,0.2431,-2.5085,-7.6704,6.9083,-4.1334,-5.5284,-7.0626,2.6772,7.193,-7.4578
0.5775,-3.5714,-6.4855,2.5363,-3.8715,0.1389,-2.7599,-6.2965,6.988,-4.8525,-4.8083,-6.7122,2.2407,5.6374,-8.5028
0.8001,-3.2288,-5.3858,1.6666,-3.4245,-0.2407,-2.9056,-4.8437,6.2513,-5.0642,-4.4414,-6.3001,1.8903,3.7361,-8.9829
0.7496,-2.8573,-4.0726,2.3028,-2.6183,-0.486,-2.7363,-3.0341,5.8904,-4.9762,-3.7896,-6.4575,0.8761,2.44,-9.5785
0.2225,-2.5892,-2.9335,2.0326,-2.2285,-0.5127,-3.1015,-1.5291,5.2161,-5.3837,-2.9022,-5.6225,-0.1138,0.7464,-9.0502
0.519,-2.1251,-1.4945,1.838,-1.6514,-0.8338,-2.7011,-0.0208,4.9496,-5.5798,-1.9599,-4.765,-1.3482,-0.6363,-8.7608
0.8178,-1.8694,0.1143,1.568,-1.0147,-1.0624,-2.4942,2.0221,3.9674,-5.3644,-1.2294,-3.9673,-2.4472,-2.3449,-7.9572
0.6137,-1.1198,1.7669,1.0777,-0.2599,-0.9367,-2.3873,3.8655,2.863,-4.6201,-0.8042,-3.3477,-3.0776,-4.5522,-7.2172
0.7241,-0.6991,4.0792,1.0435,0.5449,-1.0225,-2.2591,6.1338,2.2078,-4.3951,0.5935,-2.4436,-3.1733,-6.1451,-6.2577
0.8922,0.3343,6.001,0.1321,1.348,-1.1254,-1.7504,7.8598,0.8561,-3.8959,1.9397,-1.4551,-4.424,-7.906,-4.7963
0.4791,1.0231,7.7443,-0.9357,2.6162,-0.9487,-1.31,8.6591,-0.7249,-2.985,2.7487,0.148,-4.5709,-8.8804,-3.4957
0.1821,1.6813,8.4576,-1.2784,3.4291,-0.7485,-0.5953,9.2394,-2.5132,-1.8524,3.6117,1.6062,-4.6485,-10.16,-1.9042
0.3825,2.2299,9.3596,-1.3409,4.0839,-0.8212,0.2785,9.8166,-3.6297,-0.8652,4.4659,2.6753,-4.7259,-10.5483,-0.1551
0.1084,3.0301,9.7332,-1.8861,4.2931,-0.7146,0.8852,9.6918,-4.8993,0.453,4.7102,3.8676,-4.7784,-10.3641,1.6749
0.075,2.8044,9.756,-1.9198,4.5497,-0.8684,1.3928,9.5365,-5.4555,1.3766,4.8658,5.006,-4.1463,-9.3923,3.6603
-0.5284,2.7455,9.231,-1.8691,4.4441,-0.6607,1.9433,8.674,-6.1075,3.228,5.1062,5.46,-3.747,-9.0388,5.6024
-0.4409,3.2482,8.745,-1.9275,4.2263,-0.4515,2.2545,7.817,-6.1397,4.2395,4.964,5.7207,-3.1637,-7.7505,7.0691
-0.3216,2.8311,8.0846,-2.3722,3.5887,-0.2704,2.3922,6.2774,-6.3358,4.3162,4.2343,5.9518,-3.0389,-6.8426,7.9148
-0.4186,2.5075,6.9193,-1.929,3.3533,-0.1072,2.3712,5.3029,-6.2541,4.7083,3.7451,5.9199,-1.8555,-5.3566,8.5817
-0.5666,2.134,5.7158,-1.9582,2.9527,0.1601,2.5474,3.9307,-6.1094,4.9196,3.1823,5.659,-0.8322,-3.9709,8.7299
-0.5524,1.764,4.3836,-1.7238,2.4564,0.5141,2.4142,2.2658,-5.8456,5.1241,2.5821,4.9432,-0.1535,-2.4578,8.7031
-0.2438,1.2776,3.1393,-1.5642,1.838,0.5847,2.4628,1.3045,-4.6235,5.0847,1.9427,4.6885,0.2632,-0.7645,8.3539
-0.4595,0.6465,2.1016,-1.3198,1.3147,0.6756,2.2971,-0.119,-3.8749,4.8457,1.4334,5.0166,1.349,0.1083,7.7232
-0.5314,0.5593,0.9689,-1.3515,0.8931,0.7597,1.5451,-2.0224,-3.7597,4.6203,0.4932,3.621,2.0647,2.1698,7.0833
-0.4959,0.1207,-0.7249,-1.4273,0.2298,0.855,1.5764,-3.9624,-2.8718,4.231,-0.2258,2.7922,2.8665,4.1601,6.1354
0.5933,-0.561,-2.2539,-0.6766,-0.6852,0.3061,1.163,-5.7078,-1.8358,3.6586,-1.0877,2.3464,2.7479,5.8741,5.0316
0.388,-1.0179,-4.0089,-0.6299,-1.4832,0.2338,0.4927,-7.0232,-0.6779,3.6844,-2.2427,1.0724,3.2231,7.6203,4.0134
0.334,-1.5055,-5.421,-0.6492,-2.3714,0.1934,0.2554,-8.0622,0.1271,3.136,-3.9399,0.0895,3.4441,8.5934,2.6065
1.1802,-2.6219,-6.3383,-0.3564,-3.1222,-0.1775,-0.1891,-8.0983,2.1663,1.6562,-5.0286,-1.2745,4.0181,9.2401,0.7758
0.4015,-3.3982,-6.8525,-0.0899,-3.4107,-0.0426,-0.9488,-8.3588,3.6616,0.758,-5.6904,-2.9426,3.8934,9.6166,-1.0949
-0.2215,-3.9029,-7.3579,0.4941,-3.6882,0.1298,-1.0385,-8.4709,4.4531,-0.6866,-5.5964,-4.4705,3.6542,9.3429,-3.2373
-0.2286,-4.1298,-7.27,1.3574,-3.7021,0.1483,-1.7328,-8.4318,5.2815,-2.0844,-5.5688,-5.1613,3.2302,8.8822,-4.8587
-0.1048,-4.3146,-7.1807,1.5352,-3.5876,0.0973,-2.0241,-7.5968,5.4546,-2.8516,-5.5515,-5.9003,2.9929,7.4214,-6.3304
0.102,-4.174,-6.4217,1.7936,-3.3306,0.0328,-2.4254,-6.6658,5.8863,-3.8087,-5.054,-6.452,2.5863,6.4261,-7.2715
0.2357,-4.2987,-5.6646,1.7236,-3.007,-0.164,-2.7425,-5.3995,5.8688,-4.3474,-4.6782,-6.3435,1.9548,4.8915,-8.0422
0.4572,-3.79,-4.4936,1.6465,-2.5678,-0.4468,-2.7866,-4.0393,5.8616,-4.3645,-3.9066,-6.2214,1.04,3.5195,-8.2983
1.1747,-3.272,-3.0287,1.6615,-2.2508,-0.8107,-2.3487,-2.1222,5.5891,-4.1932,-2.9488,-5.7114,0.1997,1.7112,-8.0048
0.9392,-2.9849,-1.7104,0.9766,-1.8061,-1.0626,-2.2193,-0.847,4.6523,-4.2699,-2.3693,-4.8193,-0.684,-0.0852,-7.4145
0.7712,-2.3689,-0.3641,0.8031,-1.1103,-1.151,-2.2324,0.852,4.6635,-4.1106,-1.8563,-4.1281,-1.602,-1.9239,-7.0308
0.5531,-2.0571,1.243,0.9314,-0.4728,-1.0374,-2.2266,2.54,3.1847,-3.5795,-0.9872,-3.7391,-2.3581,-3.7401,-6.3437
0.1113,-1.3693,3.0164,0.614,0.0648,-0.8552,-1.6962,4.7595,2.2526,-3.9411,-0.036,-2.8273,-3.2843,-5.324,-5.7852
0.2268,-1.0578,4.7419,0.2294,1.0441,-0.5717,-1.5189,6.2768,1.2083,-3.7628,1.0951,-2.1367,-4.0994,-7.2937,-4.6494
0.2863,-0.3381,6.4411,-0.2219,2.0111,-0.551,-1.0687,7.4723,-0.0044,-2.6561,2.4196,-1.2264,-4.5694,-8.6143,-3.3527
0.6016,0.6229,8.1258,-0.551,2.9115,-0.7765,-0.4811,8.4406,-1.3989,-1.8666,3.6358,0.1428,-4.9193,-9.3329,-1.7216
0.7711,1.6676,9.1501,-1.0579,3.6129,-0.9866,0.1636,9.0081,-3.0591,-0.6275,4.6158,1.9396,-4.9265,-9.8618,-0.1066
0.5549,2.5784,9.3409,-1.6536,4.3518,-0.9546,0.8117,8.7926,-4.8664,0.9359,5.1837,3.6188,-4.2606,-10.0175,2.2151
0.1526,3.046,9.1468,-1.4913,4.4602,-0.6644,1.4488,8.0796,-5.8868,2.46,5.0259,4.6716,-3.6983,-9.0878,4.1545
0.1715,2.7812,8.7357,-1.8168,4.2465,-0.7323,2.1284,7.51,-6.6051,3.2343,4.905,4.8558,-3.2808,-8.2231,5.6669
0.4597,2.7194,8.0326,-1.6402,3.9366,-0.9974,2.5941,6.7272,-6.5209,3.814,4.8197,5.5017,-2.4734,-7.1553,6.947
0.1726,2.4144,6.8744,-1.6609,3.8489,-0.6078,2.557,5.4688,-6.7693,4.8381,4.329,5.6889,-1.9383,-5.814,8.1031
-0.3217,2.4299,5.4451,-1.5726,3.1233,-0.0773,2.6336,4.3228,-6.2022,5.2363,3.8512,5.7398,-1.1457,-4.255,8.7428
-0.6531,2.0138,4.4454,-1.9777,2.3958,0.5829,2.6647,2.5056,-5.9631,4.8364,2.7359,5.7396,-0.2302,-3.1111,8.5422
-0.6563,1.29,3.1348,-1.8315,1.9729,0.8521,2.4008,1.0963,-5.217,4.2602,1.9546,5.1172,0.386,-1.3125,8.1283
-0.4486,0.5783,2.0464,-1.3608,1.523,1.1919,2.155,-0.398,-4.4551,4.2521,1.2423,4.6021,1.009,-0.3818,7.4401
-0.4161,0.2943,0.8717,-1.1616,0.8662,1.295,1.8828,-1.8556,-4.0579,4.3107,0.6307,3.9734,1.3744,0.8942,6.8014
-0.5108,-0.0841,-0.7181,-1.2606,0.414,1.059,1.589,-3.5173,-3.347,4.2795,-0.1921,2.9839,2.3266,2.594,6.3115
0.0242,-0.6793,-2.0886,-0.6508,-0.2303,0.7981,1.4186,-4.8527,-2.6567,3.9644,-1.0055,2.5473,2.9293,4.5183,5.5146
-0.7069,-1.2307,-4.1737,0.0116,-1.241,1.2154,1.2,-6.6524,-1.5868,3.8195,-1.7966,1.8201,3.9296,5.8727,4.7874
-0.2932,-2.0865,-5.6592,0.5774,-2.3578,1.3186,0.9767,-8.1616,-0.4973,2.8161,-3.0199,0.4175,4.5643,7.4127,3.5687
-0.2024,-2.6615,-6.9199,0.9172,-3.1657,1.5758,0.6079,-9.416,0.9645,1.8252,-3.9742,-1.0128,5.2314,7.8563,2.1296
0.1312,-3.3747,-7.7505,1.126,-3.5572,1.3559,-0.0959,-9.6362,2.7084,1.0453,-5.0845,-2.2041,5.1098,8.8776,0.426
0.5331,-3.8238,-8.0408,1.7336,-4.0506,1.2707,-0.4248,-9.4584,3.878,0.263,-5.3808,-3.5629,4.9716,9.2927,-1.3573
0.4508,-4.3109,-8.3113,2.1201,-4.3429,1.2538,-1.1123,-9.4647,5.0955,-0.8451,-5.3343,-4.4196,4.5384,8.9023,-3.3988
0.407,-4.4292,-8.0345,2.028,-4.5199,1.1545,-2.0238,-9.2871,5.198,-1.9886,-5.4111,-5.3098,3.7777,8.0392,-4.922
0.4189,-4.2067,-7.7785,2.1564,-4.3757,1.1272,-2.4312,-8.3987,5.6822,-3.0345,-5.3672,-5.7459,3.1946,7.4746,-6.3571
0.757,-4.2695,-6.8541,1.9279,-4.0167,1.0708,-2.8692,-7.3896,5.8134,-3.8826,-5.2694,-6.0835,2.5851,6.5182,-7.7387
0.5831,-3.9488,-6.1436,1.8154,-3.7119,0.998,-2.8101,-6.3971,6.1959,-4.3937,-4.9045,-5.9202,1.8908,4.7474,-8.2971
1.3678,-3.8854,-4.8936,1.9189,-3.3545,0.5739,-2.8979,-4.5327,6.0072,-4.8912,-4.2942,-5.8721,0.9916,3.1542,-8.8205
1.3862,-3.323,-3.241,1.8668,-2.7684,0.4558,-2.8995,-2.9826,5.5441,-4.8168,-3.2843,-5.6721,0.5701,1.8468,-8.7946
1.5846,-2.7268,-1.8352,1.8063,-2.2757,-0.166,-2.6867,-1.6736,4.2931,-4.6141,-2.4085,-4.9392,-0.8027,0.4195,-8.399
1.198,-2.6078,-0.7902,1.1287,-1.7588,-0.426,-2.5887,0.0177,3.4208,-4.3226,-1.7039,-4.4895,-1.6679,-0.9298,-7.5917
0.9535,-2.0334,0.6148,1.1325,-1.005,-0.4286,-2.401,1.7984,3.3262,-4.0684,-0.9484,-3.6768,-2.5002,-2.1871,-6.9671
1.043,-1.3833,2.5562,0.9121,-0.5308,-0.6729,-2.1871,3.6674,2.5913,-3.9184,-0.1454,-3.0039,-3.1194,-3.8794,-6.247
0.8336,-0.9538,4.3733,0.1347,0.3113,-0.8983,-1.9669,5.2169,1.3214,-3.6966,0.6466,-2.0942,-3.4003,-5.8516,-5.5211
0.9426,-0.1598,6.0356,-0.5431,1.1779,-1.0189,-1.5904,6.7957,-0.186,-3.2172,1.7879,-1.1441,-4.0027,-7.5782,-4.4337
0.6671,0.7605,8.1544,-0.9609,2.1862,-0.8041,-1.0895,7.8546,-1.3601,-2.347,3.0136,-0.0425,-4.1493,-8.5519,-3.0073
0.7902,1.5054,8.9736,-0.8789,3.1891,-0.8723,-0.6864,8.3921,-2.9331,-1.3987,4.004,1.4738,-4.5346,-9.7796,-1.0406
0.7334,2.2152,9.4062,-1.3893,3.8074,-0.9684,-0.008,9.0142,-4.5115,0.0551,4.5056,3.1059,-4.7247,-9.9635,0.87
0.6763,2.7513,9.7712,-1.7867,3.9279,-0.6527,0.8904,9.0681,-5.3035,1.0328,4.7704,4.8458,-4.2585,-9.6085,2.8534
0.9463,2.905,9.5022,-1.9155,3.9226,-0.6952,1.4342,8.7214,-6.3653,2.3803,4.8998,5.5272,-4.0293,-8.8556,4.7301
0.6472,3.0676,9.1147,-1.8156,4.1676,-0.4652,1.7407,7.9568,-6.489,3.5724,4.7962,5.859,-3.731,-7.8747,6.4417
-0.1821,2.7977,8.607,-2.2724,4.0008,-0.0389,2.1981,6.5667,-6.7789,4.4321,4.4628,6.2095,-2.7846,-6.9479,7.7751
0.0095,2.0397,7.5935,-2.1939,3.561,0.0202,2.546,5.5633,-6.6537,4.7409,3.892,5.9223,-2.2985,-5.5259,8.8636
-0.0574,2.0237,6.5908,-2.0331,3.3163,0.0374,2.6601,4.2552,-5.9702,5.4159,3.4126,5.6406,-1.2179,-4.0397,9.4394
-0.3911,1.9437,5.2719,-1.6321,2.6704,0.4419,2.616,2.7796,-6.0426,5.8677,2.7391,5.4969,-0.9166,-2.8152,9.5151
-0.2126,1.0211,4.2713,-1.4708,2.2056,0.6003,2.7204,1.6985,-5.2932,5.352,2.0772,5.1096,-0.0233,-1.2252,9.3039
-0.2922,0.817,3.0482,-1.0786,1.6571,0.9693,2.5423,0.1576,-4.6183,5.221,1.5348,4.7252,1.023,0.3429,9.0183
-0.4436,0.3422,1.4555,-0.7959,1.1254,1.024,2.0964,-1.8386,-4.1753,5.5319,1.0833,3.6167,1.7285,2.4036,8.7059
-0.2364,0.5491,-0.2803,-1.402,0.5249,0.9553,1.7342,-4.2534,-3.602,5.1226,-0.1919,3.0829,2.5148,4.2687,7.7515
-0.1483,-0.3595,-2.4995,-0.7108,-0.4383,1.0931,1.402,-5.9449,-2.4554,4.5651,-1.0921,2.1702,3.2391,6.3037,6.679
-0.6523,-1.016,-4.7728,-0.3507,-1.4342,1.4194,0.9408,-7.8897,-1.421,3.8556,-2.736,1.074,3.7292,7.854,5.1341
0.0261,-2.3349,-6.43,0.1548,-2.5001,1.2977,0.4248,-8.6918,0.5365,2.5518,-4.087,-0.1168,4.4748,9.1171,3.4948
0.1355,-3.2524,-7.1471,0.6509,-3.0757,1.3641,-0.0384,-9.5973,2.4375,1.7593,-5.1227,-1.4378,4.5795,9.4764,1.5782
-0.0154,-3.873,-7.9995,1.1387,-3.6872,1.3147,-0.4038,-9.903,4.1649,0.9758,-5.7005,-3.2087,4.6978,10.024,-0.2183
-0.0691,-4.4035,-8.1234,1.6373,-4.0928,1.2599,-1.0848,-10.0388,5.0592,-0.4266,-5.9436,-4.7182,4.3827,9.3269,-2.3821
0.253,-4.5766,-8.022,1.7896,-4.2437,1.204,-1.6268,-9.2376,5.6807,-1.8701,-6.2213,-5.6374,3.6192,9.2361,-4.2803
0.2436,-4.7269,-7.637,2.0495,-4.2484,1.1668,-2.315,-8.7953,5.6967,-3.1251,-5.8615,-6.5432,3.3236,7.7119,-5.7594
0.6252,-4.6539,-7.0318,2.5589,-4.0344,1.0011,-2.8286,-7.5475,6.5135,-4.1041,-5.5985,-6.7561,2.6446,6.9247,-7.016
1.2366,-4.0677,-6.0061,2.4571,-3.3572,0.4963,-3.0181,-6.1571,6.4239,-4.2027,-4.9993,-6.5054,2.3476,5.7347,-7.9332
1.2472,-3.6787,-4.6051,2.0663,-2.9249,0.0805,-3.1539,-5.1452,5.7814,-4.0306,-4.3576,-6.0101,1.0257,4.3724,-8.0369
1.3966,-3.1779,-3.535,1.8036,-2.6314,-0.1424,-3.0442,-3.7122,5.4672,-4.2926,-3.8034,-5.0063,0.0862,3.2611,-8.1311
0.7677,-2.6465,-2.6739,0.7867,-1.9704,-0.1495,-2.9129,-2.4039,4.9879,-4.1874,-3.5892,-4.8179,-0.788,1.6454,-8.2035
1.0115,-2.6638,-1.81,1.0809,-1.4001,-0.2612,-2.6258,-0.7869,4.7653,-4.7713,-3.1058,-4.3216,-1.432,0.3977,-8.2437
1.1299,-2.2232,-0.1618,1.0568,-1.0662,-0.3764,-2.238,0.8201,4.3025,-4.5871,-2.3702,-4.1815,-1.6993,-1.1845,-7.686
0.4568,-1.6696,1.0765,0.9895,-0.537,0.0101,-1.857,2.1068,3.0284,-4.3884,-1.4449,-3.4794,-2.3518,-3.0748,-7.1003
0.4671,-1.2147,2.6862,0.5524,0.1014,0.1837,-1.6387,3.8842,2.4905,-4.1392,-0.5284,-2.6867,-2.8507,-4.4377,-5.9945
0.6599,-0.7066,4.4912,0.244,1.0029,-0.0016,-1.4483,5.1913,1.2372,-3.3541,0.3371,-1.7356,-3.7333,-6.0635,-4.7429
0.8132,-0.0321,5.8844,0.0203,1.9978,-0.0702,-1.3922,6.6422,0.4521,-2.5362,1.5469,-0.6517,-3.997,-7.4302,-3.4924
0.4856,0.8863,7.0661,-0.097,2.9204,-0.0665,-1.1713,7.2464,-0.7053,-1.6211,2.8174,0.4905,-3.8461,-8.4885,-2.1889
0.3878,1.9033,7.8951,-0.5667,3.3812,0.0334,-0.4868,7.4714,-2.6413,-0.7177,3.7091,2.241,-4.1268,-9.3884,-0.6417
0.4569,2.2304,8.0891,-0.8493,3.6643,-0.0059,0.1093,7.6127,-4.0068,-0.0502,3.9999,3.7932,-4.0961,-9.4565,0.8005
0.384,2.4857,8.1899,-1.4333,3.9365,0.011,0.8005,7.7386,-4.9763,1.0484,4.2832,4.1088,-4.0435,-9.1921,2.5727
0.0624,2.7676,7.9314,-1.2571,4.1702,0.3053,1.5688,7.551,-5.3165,2.1922,4.6633,4.7224,-3.8879,-8.4204,4.4387
0.2388,3.5678,7.6644,-1.8421,4.0505,0.3838,1.85,6.7607,-5.66,2.9381,4.4,5.7992,-3.2903,-7.5957,6.0742
-0.2016,2.7645,6.8833,-1.7076,3.9425,0.6744,2.1952,5.4123,-6.0307,3.4945,3.8299,6.0686,-2.4314,-6.9819,6.7263
-0.0569,1.9265,5.975,-1.8379,3.5345,0.6773,2.4232,4.4228,-6.0071,4.0778,3.2033,6.2906,-1.8138,-5.6837,7.2906
0.1823,1.8699,5.1444,-1.7939,2.8835,0.6691,2.64,3.3072,-5.4107,4.8139,2.609,5.6878,-1.3016,-4.1147,7.8233
-0.3035,1.7544,3.764,-1.4066,2.6338,0.7994,2.4809,2.085,-5.1283,5.0318,2.1748,5.0228,-0.5871,-2.6295,8.1635
0.2006,1.0983,2.9469,-1.1883,2.0118,0.6822,2.4586,1.1247,-4.3914,4.8482,1.392,4.4736,0.3065,-1.5842,7.8546
-0.056,1.3704,1.9988,-1.0535,1.5463,0.9722,2.5213,-0.4104,-4.0805,5.0557,0.6398,3.9936,1.0384,-0.5296,7.5458
0.2675,1.0481,1.2193,-0.9243,1.0291,0.8196,2.3911,-1.8465,-3.5087,4.525,0.1576,3.191,2.1404,0.8156,7.0969
0.3159,0.4548,-0.206,-1.1271,0.5303,0.7703,2.2416,-3.7022,-3.1876,4.192,-0.8768,2.8064,2.761,2.0527,6.2368
0.5978,-0.5854,-2.2125,-0.5093,-0.0121,0.5147,1.982,-4.4997,-1.4529,3.9946,-1.74,2.6322,3.012,3.9593,5.3987
0.4038,-1.0857,-3.2617,-0.2753,-0.975,0.345,1.8504,-5.5682,-0.6044,4.0835,-2.7549,1.2533,3.3451,5.3211,4.5034
0.159,-1.6622,-4.4258,-0.0249,-1.7144,0.5153,1.3675,-6.5776,0.1097,3.146,-3.891,0.2191,3.5908,6.2348,3.5038
0.296,-2.4749,-5.5077,0.8861,-2.2806,0.6784,1.0057,-7.6112,1.3814,2.2057,-4.4049,-1.2077,3.7615,7.0925,2.2221
-0.2556,-2.9629,-6.3415,2.1557,-3.0317,0.8874,0.2314,-8.1242,2.3335,1.004,-4.2853,-2.4003,3.8657,7.6487,0.9739
0.2646,-3.3277,-6.6063,1.9889,-3.2793,0.7146,-0.3186,-8.3653,3.1338,-0.2961,-4.5588,-3.1948,3.82,7.7436,-0.6676
0.6233,-2.9736,-6.5514,1.9489,-3.2601,0.5872,-1.1086,-8.4237,3.5723,-1.2675,-4.7464,-3.8729,3.9692,7.5425,-2.4755
0.5161,-3.0776,-6.7613,1.5793,-3.3473,0.6043,-1.6996,-8.4294,4.0269,-2.1356,-5.2067,-4.3169,3.2693,6.2591,-4.0129
0.6866,-3.4824,-6.5073,1.4575,-3.1207,0.5669,-2.1326,-7.4998,5.0213,-3.085,-5.3683,-4.8976,2.4696,5.8465,-5.4403
1.1479,-3.428,-5.8615,1.6786,-2.8767,0.1624,-2.3429,-6.2968,5.1114,-3.8239,-5.2819,-5.0715,1.994,4.9497,-6.4453
1.187,-3.2802,-5.0098,1.5099,-2.6819,-0.0798,-2.4778,-4.971,5.2588,-3.867,-4.9021,-5.3179,1.237,3.722,-7.083
1.0233,-3.1038,-3.7614,1.4342,-2.1487,-0.1293,-2.4253,-4.2469,4.8658,-4.2405,-4.3599,-5.3898,0.3532,2.1156,-7.5239
1.1251,-2.7434,-2.8654,1.0967,-1.886,-0.0969,-2.1114,-2.9284,4.6278,-4.4938,-4.0649,-4.7728,0.08,1.1127,-7.4148
1.2022,-2.2126,-1.7487,0.6622,-1.0872,-0.1778,-2.2656,-1.4018,4.111,-4.2108,-3.6356,-4.4624,-0.7501,0.1318,-7.282
1.2247,-2.3183,-0.6036,0.9568,-0.6198,-0.2686,-2.0398,0.008,3.618,-4.2046,-2.8272,-3.8046,-1.8451,-1.235,-7.0622
1.4343,-1.7495,0.6868,0.6599,0.1277,-0.3787,-1.5534,1.9738,3.2903,-3.8179,-2.2465,-3.3239,-2.3627,-3.1391,-6.3935
0.9125,-1.405,2.3414,0.5901,0.6781,-0.4627,-1.3313,3.6772,2.7232,-3.2367,-1.3534,-2.8019,-2.662,-5.7389,-5.5241
1.0747,-1.1432,4.3097,0.4805,1.1818,-0.5078,-1.0457,5.3445,1.5878,-2.8737,-0.1163,-1.7484,-3.2826,-7.3604,-4.2886
0.8935,-0.2399,5.9235,0.3592,2.117,-0.328,-0.7988,6.6035,-0.2763,-2.1588,1.304,-1.0819,-3.9497,-8.5644,-3.0759
0.5183,0.4592,6.9773,-0.4838,2.8328,-0.065,-0.5606,7.3824,-1.6289,-1.164,2.1164,-0.3242,-4.5181,-8.9891,-1.6506
0.8268,1.3873,8.205,-0.5858,3.477,-0.2288,0.2502,7.9617,-3.1636,-0.6933,3.1579,1.099,-4.6797,-9.4374,-0.3116
0.5829,2.3681,8.5496,-0.6318,3.9512,-0.1162,1.0162,8.0678,-4.4349,0.2234,4.1439,2.8356,-4.7522,-10.2397,1.5944
0.3055,2.5549,8.4732,-0.9921,4.1991,0.0788,1.5475,7.727,-5.3857,1.1184,4.23,3.9728,-4.3581,-10.0826,3.5238
0.6161,2.479,8.2637,-1.694,4.2246,0.1666,2.2503,7.3575,-5.9649,2.4173,3.943,5.142,-3.5647,-9.2502,5.1082
0.4957,2.4195,8.324,-1.6868,3.8307,0.4082,2.7684,6.4762,-6.3725,3.5154,3.8176,5.398,-3.2665,-8.3874,6.4905
0.3644,2.5541,7.2942,-1.5783,3.8566,0.451,2.9388,5.5426,-6.6862,4.4761,3.486,5.5538,-2.4132,-6.5212,7.8508
0.2353,2.3595,6.2509,-1.9939,3.6106,0.562,3.0397,4.1068,-6.5271,4.8894,2.7315,5.3617,-1.7223,-5.2249,8.3201
0.3752,1.747,5.2575,-2.007,3.4558,0.4593,3.1194,2.9471,-6.1512,5.2131,2.0141,5.2861,-0.9643,-3.2874,8.8815
-0.0851,1.2402,3.3309,-1.7713,2.9037,0.7141,4.0271,1.2966,-5.9095,5.7345,1.1408,5.0571,-0.247,-2.1195,8.9205
0.049,1.4537,1.9673,-1.8312,2.1236,0.9399,3.5935,0.1776,-5.0473,5.6934,0.2649,4.3224,0.5362,-0.9749,8.7338
0.2014,0.6079,0.9908,-1.4147,1.3366,0.8794,3.2898,-1.1394,-3.9081,5.0236,-0.5583,3.6012,1.5933,0.6719,8.1162
-0.0628,0.3627,-0.0238,-1.0217,0.3462,0.8328,2.8525,-2.8519,-3.7735,4.5873,-1.2843,2.5968,2.2356,1.6644,7.1982
0.0885,-0.1964,-1.8524,-0.6546,-0.2023,0.8857,2.1094,-4.1092,-2.7542,3.7693,-2.039,1.7831,2.855,2.7981,6.101
-0.4332,-1.0786,-3.6073,-0.2064,-1.1005,0.7268,1.9151,-5.1941,-1.384,2.9272,-2.8962,1.3577,3.3386,4.4476,4.8863
-0.128,-1.9439,-4.5409,-0.1998,-1.7919,0.8071,1.4571,-6.2543,-0.4215,2.253,-3.8682,0.3866,3.8079,5.524,3.5037
0.3335,-2.8671,-5.4383,0.2857,-2.4625,0.7357,1.0819,-6.9307,0.6873,1.5668,-4.669,-1.3948,3.9397,6.5282,1.9604
0.3416,-3.2613,-6.0651,0.6358,-2.8251,0.7534,0.748,-7.3014,1.8706,1.1909,-5.0807,-2.6519,4.1485,7.3774,0.5487
0.2977,-3.3659,-6.3806,0.8904,-3.1342,0.9949,0.0761,-8.0353,2.7774,0.3658,-5.4816,-3.3222,4.0353,6.774,-1.1576
0.2625,-3.5365,-6.7142,1.4714,-3.1929,0.6581,-0.4767,-7.5614,3.8859,-0.608,-5.4821,-4.3139,3.5115,7.105,-2.6051
0.3933,-3.7358,-6.5785,1.8539,-3.3016,0.6147,-1.1167,-7.0333,4.3574,-1.8453,-5.5696,-4.8761,3.2506,6.1445,-3.9444
0.4421,-3.9342,-6.0937,2.207,-2.9387,0.5483,-1.4992,-6.2176,4.565,-2.6473,-4.9957,-5.0003,2.2744,5.162,-5.2109
0.6748,-3.752,-5.5024,1.985,-2.8035,0.3202,-1.8058,-5.2037,4.5528,-2.9186,-4.7164,-4.9078,1.7791,4.0714,-5.9454
0.7563,-3.2456,-4.4995,1.5948,-2.3172,0.1516,-2.186,-3.8766,4.5324,-3.3971,-4.4248,-4.982,2.0886,2.9839,-6.5506
0.587,-3.2544,-3.5334,1.9421,-2.3302,0.0996,-2.1401,-2.9797,3.662,-3.3865,-3.7437,-4.7523,0.8492,1.2397,-6.6364
0.626,-2.9179,-2.4873,1.8002,-1.904,0.0127,-1.9666,-1.511,3.5002,-3.5118,-3.2254,-4.3364,-0.0117,-0.0023,-6.6005
0.607,-2.1248,-1.6551,1.3583,-1.5375,0.0058,-1.7827,-0.0612,3.2572,-3.7398,-2.8061,-3.9011,-1.0189,-0.9985,-6.5499
0.9847,-2.0486,-0.2556,1.113,-1.28,-0.182,-1.8651,1.5526,2.9403,-4.2467,-2.1195,-3.6806,-1.985,-2.7052,-6.35
1.1565,-1.549,1.3212,0.583,-0.7587,-0.3703,-1.8963,3.6888,2.3591,-4.2343,-1.4504,-3.156,-3.1588,-3.9103,-6.0793
1.1403,-1.1926,3.5966,0.4211,0.0778,-0.4989,-1.4936,5.4112,1.5776,-3.9394,-0.5593,-2.2419,-3.9353,-5.6352,-5.3272
1.0727,-0.4359,5.5649,-0.1705,1.1856,-0.6843,-0.9044,7.1806,0.0963,-3.149,0.7126,-1.176,-4.0956,-7.2499,-4.2757
0.6409,0.8099,6.9236,-0.2412,2.3361,-0.562,-0.6707,7.9755,-1.3623,-2.2888,2.2943,-0.0983,-4.5388,-8.4908,-2.5559
0.5847,1.5054,7.6567,-0.7213,3.1939,-0.4086,-0.1978,8.5191,-3.0301,-1.2312,3.472,2.116,-5.2846,-9.1521,-0.9079
0.7567,1.8266,8.3514,-1.2254,3.7498,-0.5362,0.5159,8.7511,-4.4808,-0.0011,3.8743,3.5422,-4.9922,-9.5916,0.9823
0.725,2.4983,8.433,-1.8019,3.9403,-0.499,1.1513,8.6231,-5.4564,1.1481,3.8608,4.5486,-4.5702,-9.0273,2.8126
0.6767,2.965,8.1653,-1.9245,3.9885,-0.6457,1.6836,7.9635,-6.2472,2.4529,3.8392,5.3615,-3.8329,-8.6958,4.5014
0.4799,2.5817,7.496,-2.2924,3.9012,-0.2909,2.4949,7.093,-6.5376,3.3309,3.4684,5.9703,-3.4753,-7.9041,5.7204
0.2545,2.1172,6.7022,-2.1028,3.7075,-0.2902,2.929,6.4847,-6.1792,4.0618,3.0182,5.9395,-2.7789,-6.7762,6.5323
0.0042,2.0276,5.6401,-1.883,3.2941,-0.0187,3.1244,5.4298,-6.3404,4.9023,2.5492,5.7139,-1.8266,-5.3029,7.3851
-0.0947,1.6556,4.8639,-1.6307,2.6068,0.4393,3.1555,3.8083,-5.8482,4.89,2.1096,5.7623,-1.0904,-4.4086,7.9158
-0.0142,1.2347,3.7835,-1.6426,2.1361,0.6895,3.038,2.6042,-5.6212,4.9188,1.8809,5.2197,-0.3953,-3.0714,8.1144
-0.1487,0.1746,2.3798,-0.3813,1.7377,1.0607,3.0253,1.0731,-5.2117,4.9333,1.5783,4.86,0.1907,-2.1743,8.0485
0.0113,0.4921,1.2359,-1.1345,1.3334,0.9313,2.4955,-0.1385,-4.8564,5.4523,0.5511,4.52,1.0614,-0.7001,7.9439
0.2629,-0.4041,0.181,-0.6176,0.7053,1.0118,2.441,-1.8568,-3.852,5.0868,-0.2376,3.9392,1.6055,0.7896,7.3895
0.23,-0.6987,-1.441,-0.1882,-0.0419,0.9857,2.2557,-3.2509,-3.5149,5.0501,-0.8935,4.161,1.9549,2.9432,6.7428
0.344,-1.0499,-2.9162,-0.2261,-1.0098,0.8732,2.2378,-4.9115,-2.3992,4.5807,-2.0902,3.13,3.0136,4.6773,6.0706
-0.014,-1.3869,-4.648,0.0792,-1.714,1.042,1.8321,-6.4465,-1.6779,3.8799,-3.1418,2.1033,3.2418,6.5394,4.8474
-0.0804,-2.1943,-6.2107,0.3105,-2.4467,0.9223,1.5033,-7.666,-0.4008,3.1256,-4.3728,0.9736,3.611,7.9442,3.4281
0.1001,-3.0794,-7.3184,0.6604,-3.1284,1.3173,1.0202,-8.8076,0.9674,2.059,-5.4556,-0.2888,4.3069,8.6826,1.6183
-0.1434,-3.5446,-8.3284,0.9784,-3.7163,1.1203,0.4803,-9.188,2.3761,1.3451,-6.2113,-1.8974,4.0832,9.3795,-0.2122
0.0593,-4.2112,-8.6747,2.0464,-3.9489,1.0838,-0.094,-9.0867,3.5827,-0.0038,-6.1979,-3.4996,4.0479,9.7322,-2.0877
0.2682,-4.4109,-8.7487,2.0029,-4.2144,0.9974,-0.6701,-9.2938,4.2765,-1.1504,-6.4649,-4.3626,3.7332,9.0361,-3.9634
0.6488,-4.6829,-8.4505,1.8935,-4.2557,0.8925,-1.0744,-8.6792,4.9764,-2.4459,-6.3803,-5.1274,3.5261,8.1344,-5.5762
1.1072,-4.3606,-7.9447,1.9246,-4.2033,0.595,-1.6906,-7.7105,5.4997,-2.8484,-6.2939,-5.5146,2.7553,7.0621,-6.7472
1.4521,-4.5175,-7.1306,2.4904,-3.9012,0.2093,-2.0032,-6.1715,5.914,-3.3369,-5.241,-5.5601,1.9281,6.175,-7.416
1.5159,-3.9268,-5.783,2.0538,-3.5137,-0.0309,-2.0925,-4.9666,5.5102,-3.8121,-5.5607,-5.2911,1.5024,5.0418,-8.2154
1.3528,-3.8132,-4.63,2.1332,-3.0256,-0.2456,-1.8325,-3.7319,4.8168,-3.9507,-4.9113,-5.3576,0.8296,3.1251,-8.4558
1.7588,-3.2697,-3.5377,1.6374,-2.5443,-0.5686,-1.9792,-2.256,4.2822,-3.7283,-4.0643,-5.2023,0.0468,1.7275,-8.2745
0.789,-2.8106,-2.4923,1.1519,-2.1658,-0.5113,-1.6124,-0.8979,3.5455,-3.7783,-3.3675,-4.3402,-0.6481,-0.0809,-7.8809
1.022,-2.6579,-1.0994,1.0046,-1.5292,-0.4459,-1.4189,0.5805,2.8426,-4.1301,-2.8354,-3.7855,-1.8405,-1.399,-7.4036
0.9236,-1.986,0.2183,0.483,-0.9797,-0.6136,-0.9846,2.6121,2.7487,-3.7334,-2.3924,-2.8965,-2.4979,-2.9142,-6.8063
1.1976,-1.6328,2.266,0.5575,-0.4129,-0.9324,-0.7247,4.3778,1.8289,-3.9685,-1.587,-2.1228,-3.2846,-4.7814,-6.1243
1.0266,-0.8445,4.177,0.4472,0.4974,-0.8506,-0.2455,6.3863,0.9762,-3.3115,-0.5292,-1.5994,-3.6995,-6.3537,-5.2954
1.1128,-0.1139,6.1144,0.5545,1.4597,-1.018,-0.2457,7.6702,-0.4367,-2.3173,1.0053,-0.6577,-4.2287,-8.0241,-3.7684
0.8178,0.7652,7.4664,0.0508,2.3949,-0.8125,-0.1991,8.5095,-2.0467,-1.7552,2.6076,0.601,-4.5913,-9.528,-2.1566
0.2305,1.5628,8.1277,-0.4636,3.1681,-0.4973,0.087,8.6654,-4.0958,-0.5585,3.5847,2.6282,-4.9645,-10.9064,-0.3086
0.3118,2.0487,8.4844,-1.0196,3.5909,-0.2866,0.6276,9.1817,-4.9574,0.1624,3.7895,4.1173,-4.7881,-10.8616,1.2656
0.3618,2.2947,8.6679,-1.5824,3.9084,-0.194,1.229,9.0615,-5.9784,1.0841,3.9607,5.1655,-4.789,-10.7268,2.9134
0.3256,2.1462,8.5227,-1.9625,3.8404,-0.0778,2.1993,8.9338,-6.5118,2.3561,3.8033,5.7752,-4.6843,-9.9627,4.45
0.3314,1.8435,8.3648,-1.6667,3.6762,0.2159,3.1265,8.2187,-6.7066,3.4232,3.8071,6.1995,-3.818,-9.0093,5.8606
0.366,2.2065,8.0558,-1.72,3.4253,0.2259,3.3514,7.3182,-7.1102,4.4554,3.4962,6.7095,-2.7702,-8.1937,7.2989
0.4626,1.9598,7.2882,-1.6176,3.2563,0.3123,3.4739,6.1754,-7.5963,4.9573,3.1582,6.5156,-1.8793,-6.5682,8.1205
0.0193,1.9669,6.0379,-1.8348,2.8047,0.5017,3.2832,4.5265,-7.3835,5.5686,2.7249,6.3941,-0.7774,-5.2795,8.7557
0.3215,1.6122,4.6318,-1.4513,2.2122,0.4832,3.4439,3.0684,-6.979,5.9474,2.3637,6.3187,-0.4022,-3.2458,8.8237
0.4762,1.3094,3.4876,-0.9943,1.6779,0.4615,3.5014,1.1369,-6.8135,5.9073,1.5077,5.9357,0.2833,-1.6727,8.8387
0.3977,0.802,1.8332,-1.4278,1.0648,0.3972,3.1321,-0.5033,-5.9237,5.743,0.6555,5.8382,1.39,0.8112,8.6387
0.0889,0.2551,-0.0905,-1.4501,0.2658,0.6547,2.9489,-2.868,-5.2152,5.8192,-0.5328,4.8751,2.3178,3.1299,7.915
0.4068,-0.3786,-2.5724,-1.5762,-0.3223,0.6501,2.5829,-5.082,-4.1339,5.2947,-2.1112,3.2677,3.435,4.8586,6.7818
0.5162,-1.3524,-4.4831,-0.8215,-1.3626,0.6704,2.5709,-6.7223,-2.4997,5.1176,-3.4365,1.8116,4.2125,7.0812,5.6016
0.5475,-2.1444,-6.0918,-0.2259,-2.642,0.376,2.1015,-7.8761,-0.8632,4.0494,-4.9033,0.4315,5.0458,8.287,4.0756
1.2231,-3.1285,-7.1552,0.1518,-3.6531,-0.0331,1.5639,-8.4608,0.9313,3.2649,-6.0207,-1.0816,4.8816,9.4875,2.5391
0.9013,-3.3408,-7.9934,0.8017,-4.2549,0.1656,0.9363,-8.9944,2.0382,2.3979,-6.6832,-2.5331,4.8914,9.9637,0.7713
0.6866,-4.2898,-8.4744,1.0588,-4.7011,0.3298,0.2057,-9.4852,2.953,1.057,-7.1496,-3.8889,4.8326,10.1797,-1.3368
0.7039,-4.7797,-8.8984,1.5615,-4.8315,0.3362,-0.5702,-9.5286,3.9619,-0.4426,-7.4146,-5.2123,4.6392,10.0126,-3.6876
1.1612,-4.7375,-8.6242,1.8838,-5.0175,0.0432,-0.8037,-8.7132,4.9664,-1.6628,-7.3359,-6.1218,4.0528,9.2855,-5.544
0.9214,-4.7534,-7.9426,2.2461,-4.6731,-0.0498,-1.0377,-8.0687,5.0603,-2.4313,-6.3055,-6.0814,3.4118,7.9756,-6.5668
1.0593,-4.575,-7.4484,2.1763,-4.2667,-0.1117,-1.188,-6.79,5.3127,-2.9473,-6.4618,-6.2216,2.9065,6.4295,-7.4794
1.321,-4.2008,-6.1788,1.6966,-3.754,-0.2477,-1.4252,-5.3273,5.0976,-3.412,-6.4719,-6.0215,2.1627,5.2855,-8.216
1.1796,-4.1231,-5.1136,1.5706,-3.4427,-0.5168,-1.5638,-3.6701,4.795,-3.8265,-5.762,-5.6269,1.8513,2.9749,-8.5274
1.1925,-3.9164,-3.9032,1.9952,-3.3673,-0.7307,-1.4326,-2.1387,4.4575,-4.0323,-4.9525,-5.4025,0.6465,1.6511,-8.5295
1.1932,-3.2754,-2.4127,1.4781,-2.6607,-0.9364,-1.3243,-0.2711,4.2007,-4.545,-4.5023,-5.0934,-0.6815,0.4388,-8.3881
1.2554,-2.783,-0.7685,1.5223,-1.5678,-1.0754,-1.067,1.5161,3.6711,-4.3141,-3.6763,-3.9744,-1.6927,-1.3192,-8.1195
1.3771,-2.3078,0.6812,1.3579,-0.8664,-0.995,-1.0357,3.851,2.314,-3.9642,-2.6482,-3.7862,-2.4745,-3.443,-7.2229
1.357,-1.4612,2.9058,0.978,-0.2059,-1.1029,-0.8452,5.884,1.5666,-3.5042,-1.5314,-2.686,-3.1763,-5.4456,-6.2231
1.2086,-1.0988,5.1809,0.6735,0.7337,-0.961,-0.5959,6.9416,-0.144,-3.1978,-0.052,-2.0007,-4.5944,-7.7971,-5.1644
1.3194,-0.1191,6.8379,0.2426,1.7847,-1.1485,-0.1886,8.9804,-0.9869,-2.1331,1.4474,-0.7128,-4.6769,-8.8299,-3.7035
1.0989,1.1675,8.3616,-0.4904,2.7754,-1.1734,0.3034,9.6217,-2.8019,-1.1952,2.5172,1.1883,-4.6938,-10.0386,-1.9436
1.2169,2.0614,9.2502,-1.1757,3.4251,-1.363,1.1837,10.3058,-4.337,0.0891,3.264,3.1519,-5.5632,-10.3124,-0.0904
1.2051,2.341,9.6431,-1.4397,3.976,-1.4668,1.8616,10.6238,-5.8395,0.7484,3.6771,4.7867,-4.7251,-10.985,1.8045
0.9468,2.657,9.7635,-1.5663,4.196,-1.3433,2.67,10.4239,-6.7158,2.2608,4.1944,5.7042,-4.4135,-10.6603,4.1707
0.561,2.2712,9.559,-1.3865,4.1521,-0.8875,2.9562,9.7373,-7.7174,4.0562,4.4927,6.5274,-3.6228,-10.0294,6.2951
0.4179,2.4506,8.9511,-1.612,3.9058,-0.5964,3.1577,8.7036,-8.6745,5.3733,4.5188,7.0797,-2.9092,-8.7363,7.9316
0.7671,2.5006,8.2691,-1.8472,3.4724,-0.6435,3.4249,7.3044,-8.4387,6.2515,4.069,7.0339,-2.678,-7.2017,9.022
0.6586,2.1293,6.9262,-2.2696,3.0327,-0.3865,3.6273,5.7559,-7.8569,6.5409,3.2437,7.1123,-1.97,-5.4123,9.5822
0.4484,1.9761,5.6376,-1.8137,2.576,-0.2331,3.7248,4.8991,-6.9944,6.5892,2.5522,6.7801,-1.3398,-3.6355,10.0777
0.7647,1.6181,4.8148,-1.563,1.8297,-0.1845,3.5868,2.8784,-6.9358,6.6316,1.9261,6.2195,-0.1446,-2.7792,9.7962
0.7187,1.428,3.2799,-1.5749,1.5536,-0.3005,3.4307,1.4722,-6.3878,6.5202,1.0613,5.79,0.6999,-1.3437,9.1382
0.4054,0.8729,1.7123,-1.3351,1.1781,-0.1511,3.1759,-0.104,-5.5619,6.3266,0.3227,5.0592,1.5603,0.3184,8.4199
0.3892,0.2882,0.3355,-0.8293,0.5762,-0.1864,3.0995,-1.6933,-4.8531,6.2341,-0.195,4.208,2.3481,2.2574,7.8429
0.2327,-0.2406,-1.8335,-0.6244,-0.0541,-0.1769,2.5619,-3.6464,-4.3134,5.7797,-1.1482,3.242,3.1882,4.0293,6.8827
0.478,-0.668,-3.4891,-2.2313,-1.0003,-0.1757,2.333,-5.4222,-3.6305,5.5442,-2.9573,2.4191,3.7823,5.495,5.4726
0.5107,-1.5535,-5.381,-1.0793,-2.0858,-0.0631,1.6547,-6.7928,-1.6677,4.6963,-4.303,1.5074,4.4596,7.3392,3.8102
0.7047,-3.0265,-6.592,-0.0466,-2.8784,-0.1785,1.3479,-7.5933,-0.0917,3.4769,-5.1832,0.2273,4.5875,8.5025,1.9327
0.6376,-3.2337,-7.5696,0.7318,-3.4459,-0.0794,0.7461,-8.2383,1.3644,2.968,-5.8978,-0.9179,4.7227,8.8915,0.4839
0.8451,-3.8401,-7.9865,1.3671,-3.9309,-0.1602,0.0645,-8.2389,2.6241,2.013,-6.0829,-2.7206,4.7149,9.3827,-1.0227
1.0637,-4.1026,-8.1886,1.5431,-4.3468,-0.1901,-0.4009,-8.4911,3.7198,0.7386,-6.2453,-4.2549,4.2747,8.7258,-2.9124
0.8225,-4.1297,-8.1724,1.5378,-4.3958,-0.1704,-1.0062,-8.0584,4.4885,-0.5712,-6.615,-4.5438,4.1468,7.9446,-4.551
0.8311,-4.4375,-7.6942,2.1368,-4.1788,-0.1996,-1.3544,-7.5381,4.7631,-2.5287,-6.2746,-5.1335,3.4482,6.4602,-6.2289
1.1392,-4.3239,-7.0982,1.9631,-3.8287,-0.4791,-1.6435,-6.1719,5.0718,-2.7603,-6.3355,-5.5652,2.8574,5.2785,-7.5026
0.7513,-4.0502,-6.4785,1.8632,-3.5283,-0.3857,-1.7303,-4.6283,5.1089,-2.9555,-5.7254,-5.5541,1.9025,4.0611,-8.17
0.7559,-3.5805,-5.2376,1.6321,-3.1928,-0.2834,-1.7509,-3.1742,5.1547,-3.183,-5.3363,-5.1342,1.4369,2.4561,-8.3652
0.5956,-3.7676,-3.768,1.6587,-3.3016,-0.2821,-2.0314,-1.8328,4.4737,-3.9443,-4.602,-5.0542,0.6047,0.59,-8.689
1.6754,-3.4346,-2.047,1.8229,-2.6519,-0.7835,-2.0751,-0.2729,3.9337,-4.2388,-3.444,-4.6326,-0.4037,-0.9237,-8.5821
1.4015,-2.4,-0.5009,0.9647,-1.8583,-0.9875,-1.8761,1.4993,3.2367,-3.7135,-2.8849,-3.8908,-1.2082,-2.4926,-8.1462
1.0362,-1.8406,0.8354,0.9418,-1.0319,-1.0678,-1.4445,3.2092,2.504,-3.539,-1.8792,-3.0862,-2.2889,-4.6015,-7.4229
1.455,-1.0902,2.8655,0.7803,-0.3768,-1.3954,-0.9837,5.6976,1.7901,-3.5243,-0.7762,-2.0132,-3.307,-6.1833,-6.4869
1.4262,-1.1767,5.3925,0.4915,0.7082,-1.5038,-0.6711,7.4025,0.5705,-2.9965,0.7411,-0.9633,-3.867,-7.8142,-5.303
1.2746,-0.1723,6.8646,-0.0531,1.7971,-1.5126,-0.388,8.7991,-1.0584,-1.6277,2.1692,0.1642,-4.3423,-9.2902,-3.4263
1.6327,0.9245,8.1203,-0.4708,2.6041,-1.6045,-0.0494,9.5648,-2.9179,-0.2583,3.1599,1.5452,-4.7615,-9.8376,-1.7139
1.4619,2.2027,9.0354,-1.0285,3.2458,-1.6254,0.8826,9.7521,-4.7464,1.0717,3.9794,3.1945,-5.1459,-9.9993,0.2623
0.9456,2.5693,9.0456,-1.3244,3.756,-1.5121,1.5183,9.811,-6.2658,2.3868,4.3636,5.0323,-5.1467,-10.3226,2.426
0.6419,2.7822,8.5688,-1.5998,3.9036,-1.2435,2.3865,9.7784,-6.731,3.4493,4.1466,6.1005,-4.1447,-9.8903,4.2436
0.9224,2.9828,8.6852,-2.4908,3.7818,-1.2713,3.2872,9.2265,-7.1492,4.4343,3.5232,6.5046,-3.371,-8.9748,5.5196
1.0091,2.6769,8.4553,-2.8712,3.6772,-1.2187,3.664,8.4325,-7.6586,5.3474,3.219,6.6258,-2.7395,-8.1997,6.8525
0.7584,2.5769,7.6265,-2.5081,3.4553,-0.7908,3.6191,7.4148,-8.0772,5.9891,3.1608,6.5564,-2.3615,-7.0187,7.756
1.2759,2.3531,6.755,-1.9722,3.1167,-1.0613,3.6858,6.4531,-7.6929,6.4466,2.9698,5.8653,-1.5369,-5.7004,8.4409
0.6512,2.679,5.6674,-2.0788,2.6924,-0.6067,3.5754,4.8475,-7.5624,7.5182,2.4245,5.7918,-1.0746,-3.7751,9.1313
0.0072,2.0817,4.1546,-1.9782,2.156,-0.1695,3.7051,2.8566,-7.3795,6.7815,1.7355,5.5852,-0.3311,-2.1925,8.8852
0.2448,1.2081,2.6541,-1.7098,1.6385,-0.0864,3.6122,1.6414,-6.3569,6.4987,0.8225,5.2543,-0.1725,-1.1504,8.5036
0.2311,0.7929,1.278,-1.1557,1.118,0.1026,3.5168,0.1544,-5.4613,6.3152,0.0576,4.6525,0.9935,0.6593,8.025
0.0937,0.3813,-0.0282,-1.0919,0.5384,0.2888,3.207,-1.6855,-4.7314,5.9132,-0.5886,3.7665,2.0633,2.2595,7.0749
0.2202,0.0601,-2.0994,-0.8447,-0.0578,0.4787,3.0576,-3.5462,-4.0272,5.7639,-1.3779,2.8685,2.5169,3.6939,6.1756
0.2341,-0.6441,-4.0669,-0.9119,-0.9921,0.6809,2.9213,-5.2267,-2.907,5.1598,-2.6824,2.1467,3.2561,5.3956,5.1855
0.365,-1.6366,-5.8383,-0.3129,-1.6197,0.6725,2.5402,-6.3803,-1.5115,4.4839,-4.1154,1.411,3.8971,6.4706,3.8961
0.2835,-2.728,-7.1625,0.1163,-2.5888,0.6934,2.0013,-7.1065,0.2745,3.8271,-5.1647,0.3224,4.4443,7.4181,2.5245
0.4357,-3.4914,-7.7799,0.6359,-3.127,0.7979,1.5385,-7.3455,1.8361,3.1427,-5.7231,-1.257,4.5152,8.2289,0.6912
0.3385,-3.8603,-8.1665,1.1762,-3.9335,0.9004,0.8257,-7.8772,2.7148,2.1793,-5.9546,-3.2764,4.6045,7.7464,-0.9999
0.4646,-3.8583,-8.4081,1.5754,-4.2346,0.6731,0.0898,-7.8727,3.3273,0.7217,-6.1188,-4.273,4.186,8.0452,-2.904
0.8767,-4.342,-8.0646,1.6006,-4.2924,0.6045,-0.746,-7.5669,3.9248,-0.9156,-5.9678,-4.8241,3.2981,7.3236,-4.5908
1.1351,-4.0217,-7.4601,2.0048,-3.9428,0.4257,-0.911,-6.8216,4.3791,-1.2453,-5.5823,-5.0078,2.5488,6.8878,-5.6705
1.0833,-3.8012,-6.8751,1.851,-3.7914,0.2902,-1.2877,-5.8722,4.4271,-2.2549,-5.5252,-4.9034,1.9008,5.1105,-6.7502
1.2469,-3.6623,-6.226,1.782,-3.3251,0.088,-1.5258,-4.5299,4.0281,-2.866,-5.3382,-4.5589,1.0287,4.1766,-7.7101
1.6149,-3.5229,-5.1836,1.681,-2.8255,-0.3658,-1.531,-2.9938,4.1089,-3.5678,-4.7581,-4.6248,0.2164,2.5822,-8.3224
1.8615,-3.5449,-3.699,1.9289,-2.3603,-0.6449,-1.4097,-1.1869,3.8602,-3.437,-3.9409,-4.3915,-0.4638,1.1989,-8.3848
1.6918,-2.6075,-2.3022,1.1023,-1.6092,-0.8516,-1.2851,-0.0375,3.1911,-2.8706,-3.3424,-4.1113,-1.5185,-0.4206,-7.9891
1.6572,-3.8654,-1.0522,1.4546,-1.0739,-0.8346,-0.9682,1.9379,2.6132,-2.7511,-2.499,-3.4532,-1.8941,-2.0106,-7.3941
1.1367,-2.1989,0.3819,2.0567,-0.2936,-0.9536,-0.6812,3.3792,1.3741,-1.7788,-1.2503,-2.4153,-2.7541,-4.0294,-6.0594
1.2884,-1.2764,2.1054,1.2152,0.2395,-0.8558,-0.5518,4.9519,0.1302,-1.4968,-0.2948,-1.494,-3.4699,-5.6245,-4.9378
1.1726,-0.4821,3.5596,0.7986,0.9494,-0.9926,-0.2895,6.3909,-0.416,-1.3275,0.8279,-0.6878,-3.9896,-7.0614,-3.7728
1.5751,0.2562,5.2386,0.4647,1.7633,-1.4669,0.18,7.6811,-1.4201,-0.7542,1.8079,0.7511,-4.7591,-8.2207,-2.7062
0.9189,1.0813,6.1748,-0.0732,2.478,-0.9963,0.7925,8.3745,-3.0988,0.5318,2.3227,1.9934,-4.5915,-9.4783,-1.0321
0.6836,1.1249,7.087,-0.5448,3.0357,-0.7439,1.8393,9.0787,-4.5101,1.0974,3.0664,3.2379,-4.7321,-9.2339,0.4581
0.96,1.7337,7.7511,-0.2128,3.5032,-0.9013,2.3394,9.0233,-5.9737,2.0437,4.0074,4.5908,-4.2923,-9.2057,2.5016
0.715,2.3109,7.8091,-1.088,3.7078,-0.7379,3.004,8.2377,-7.304,3.9634,4.359,5.4209,-3.8391,-9.1182,4.6612
1.0618,2.6907,7.1979,-1.8325,3.4572,-0.6536,3.3432,7.763,-7.2181,5.1899,3.8997,6.0805,-3.2198,-7.8487,6.4614
0.7339,2.6574,6.6389,-1.4066,2.982,-0.8416,3.4769,6.7465,-7.1885,5.9661,3.6429,6.2525,-2.5231,-6.5685,7.6979
0.6622,2.2285,5.8874,-1.4018,2.7152,-0.6838,3.7023,5.5436,-7.4683,6.2575,3.1214,7.5892,-2.0526,-5.8166,8.238
0.1553,2.0257,4.5271,-1.3427,2.6089,-0.3372,3.6873,4.4956,-7.3057,6.6936,2.2208,6.8225,-1.0781,-3.9471,8.5691
0.4455,0.9307,3.5717,-1.1268,1.9623,-0.2624,4.0829,3.1943,-6.5379,6.6924,1.7134,6.3672,-0.4877,-2.9365,8.479
0.4452,1.1214,2.6387,-1.0539,1.4725,-0.1313,4.0688,2.0124,-6.1908,7.0057,1.0677,5.8097,-0.117,-1.8077,8.4121
0.4663,0.7987,1.6878,-0.7943,0.9151,0.0026,3.9325,0.8871,-5.5865,7.2007,0.8226,5.1358,0.9682,-0.4552,8.3107
-0.1347,0.0605,0.3648,-1.0966,0.4313,0.2431,3.5413,-0.935,-5.3383,6.594,-0.2686,4.7398,1.8206,0.8181,7.555
0.523,-0.5028,-1.1268,-0.963,-0.0236,0.6433,3.0472,-2.7661,-5.1314,6.2415,-1.0434,3.7717,2.372,3.1584,6.7544
0.4048,-0.5902,-3.0215,-0.0298,-0.6989,0.6898,2.6351,-4.6083,-3.7244,6.128,-1.8685,2.8199,2.8748,5.0737,5.6578
0.3681,-1.1695,-4.6799,0.4013,-1.6016,0.7015,2.4447,-6.1276,-2.1079,5.3379,-2.8942,1.922,3.3604,6.2839,4.5481
0.0161,-2.0935,-6.4766,0.6417,-2.6862,0.9099,1.9728,-7.1701,-0.8823,4.4006,-4.1383,1.0984,3.6231,7.3309,3.0818
0.3871,-3.2026,-7.624,1.4323,-3.4409,1.1047,1.3749,-7.887,0.3773,3.5369,-5.0491,-0.1569,4.2571,8.2538,1.4312
0.8781,-3.6437,-8.144,1.7823,-3.9188,0.898,0.6978,-8.6065,1.7219,2.7277,-5.6668,-2.0524,4.3339,9.098,-0.0906
0.7071,-3.6555,-8.6531,1.8339,-4.322,0.8617,0.199,-8.3219,3.0919,2.0743,-6.0898,-3.4325,4.0203,9.3934,-1.8267
0.8466,-4.1764,-8.6054,2.5202,-4.5484,0.765,-0.4187,-8.3181,3.8161,0.716,-6.1449,-4.4018,3.5634,9.0361,-3.8489
1.0619,-3.9815,-8.3514,2.2998,-4.7296,0.5822,-0.9596,-7.9879,4.2696,-0.7026,-6.2945,-4.7274,3.0605,8.3671,-5.3996
1.1622,-3.7295,-8.0798,2.1551,-4.2065,0.3465,-1.3282,-7.2975,4.7595,-1.9188,-6.1048,-5.2077,2.6399,7.3416,-6.9389
1.3235,-3.4162,-7.3465,2.0741,-3.7944,0.1304,-1.7077,-6.3782,4.5021,-2.327,-6.0391,-5.2181,1.7665,6.0231,-7.9865
1.2089,-3.4444,-6.5049,2.1811,-3.4534,-0.0061,-1.7585,-4.8395,4.6778,-2.8148,-5.8617,-5.1481,0.9794,4.6132,-8.9237
1.6863,-3.5672,-4.8413,2.7728,-3.2965,-0.4292,-1.614,-3.0353,4.7486,-3.2342,-4.6791,-5.6749,0.0962,3.0566,-9.1946
1.9254,-2.7503,-3.2389,2.4737,-2.7294,-0.7747,-1.4499,-1.3881,4.0615,-3.4356,-3.9496,-5.1138,-0.6613,1.4488,-8.8863
1.7231,-2.1628,-1.9904,2.0818,-2.0486,-1.1827,-1.3053,0.0402,3.1787,-2.833,-3.2385,-4.3966,-1.599,-0.1102,-8.3943
1.5588,-1.8686,-1.0428,1.9214,-1.5033,-1.1898,-1.1684,1.3917,3.0378,-2.9306,-2.2809,-3.9253,-2.3804,-1.7771,-7.8333
1.6492,-1.4177,0.4188,1.6142,-0.9992,-1.5073,-1.1662,3.4328,1.9499,-2.5472,-1.4887,-2.9309,-3.3109,-3.6105,-7.0429
1.9515,-0.8292,2.3171,1.4405,-0.2518,-1.6777,-0.644,5.5942,1.2266,-2.7044,-0.5901,-1.9533,-4.2955,-5.1706,-6.4286
1.9391,0.1174,4.6891,0.8209,0.9075,-1.8462,-0.4783,7.3043,0.0606,-1.9318,0.2012,-0.1329,-4.9389,-7.0053,-5.3678
1.517,1.1352,6.3524,0.3295,1.9081,-1.5477,0.0958,8.7721,-1.7092,-0.9068,1.7644,0.7053,-5.3663,-9.0807,-3.7559
1.7614,2.0665,7.8981,0.0889,2.6861,-1.8226,0.7495,9.8355,-3.517,0.0571,2.8248,2.3434,-6.7119,-10.0282,-2.2427
1.315,2.7156,8.6898,-0.4439,3.3171,-1.6758,1.2577,10.6935,-5.2114,1.3884,3.6715,3.9584,-6.2758,-10.3402,-0.4797
1.1701,3.0207,9.3643,-0.9553,3.8098,-1.4603,1.7451,10.7256,-6.1164,2.3019,4.1493,5.3639,-5.8302,-10.2781,1.5534
0.9802,3.4483,9.4374,-1.3003,4.102,-1.3471,2.4421,10.243,-6.7996,3.4181,4.4042,6.2593,-5.7467,-10.2183,3.6226
1.0617,3.8079,9.2097,-1.9702,4.0777,-1.2351,2.8992,9.9399,-7.2874,4.7891,4.0801,6.798,-5.0743,-9.4055,5.2078
0.4939,3.1297,8.5008,-1.7258,4.0969,-0.8675,3.077,8.9045,-7.8976,5.9597,4.0365,7.6607,-4.4449,-8.7277,6.6808
0.491,2.8927,7.6808,-1.7883,3.8258,-0.7039,3.5148,8.0125,-8.0266,6.6852,3.4513,7.6242,-3.7431,-7.5619,7.7331
0.4251,2.3125,6.866,-1.7514,3.3709,-0.43,3.8608,6.8017,-8.0808,7.0559,3.054,7.2009,-2.9258,-6.0808,8.3802
0.639,2.0493,5.8813,-1.3923,2.861,-0.3351,3.9645,5.3031,-7.9592,7.3994,2.6052,6.9629,-2.4471,-4.1656,8.7913
0.3072,1.9422,4.5141,-1.1616,2.3636,-0.0634,3.8014,3.5869,-7.7719,7.7953,2.0516,6.3841,-1.5996,-2.6446,9.039
0.6199,2.1101,3.0977,-2.1627,1.8648,-0.0383,3.865,1.9591,-7.0981,7.6959,0.8547,6.1884,-0.8625,-1.0423,8.6097
0.0115,1.0145,1.3665,-1.6306,1.1984,0.4886,3.7081,0.4762,-6.3389,7.3025,-0.0194,5.6784,0.1118,0.3683,7.9592
0.0424,0.4486,-0.1422,-1.352,0.5976,0.546,3.4891,-0.9379,-5.3039,7.386,-0.982,4.8694,1.1159,2.2161,7.3812
0.4489,-0.4998,-1.6751,-1.142,-0.0247,0.6629,3.0857,-2.9591,-4.4164,6.662,-2.0647,4.0053,1.77,3.7674,6.3794
0.5676,-0.6301,-3.3603,-1.2613,-0.8903,0.8084,2.6123,-4.545,-3.5478,6.4692,-3.5206,3.0879,2.6639,6.0063,5.0924
1.0752,-1.626,-4.7787,-0.6632,-1.9602,0.5088,2.1229,-6.068,-2.3805,5.6945,-4.5569,1.6974,2.7032,7.3183,3.3664
1.2663,-2.5392,-5.8018,0.1925,-2.6886,0.441,1.4704,-7.1373,-0.8942,5.1748,-5.4856,0.261,3.4051,8.4859,1.9513
1.2805,-3.118,-6.815,0.9572,-3.3843,0.4094,1.067,-7.6694,0.6584,4.378,-5.9865,-1.2111,3.4104,9.3802,0.7255
1.3095,-3.7268,-7.4139,1.5212,-3.9735,0.3444,0.3144,-8.3893,1.6865,3.0932,-6.1162,-2.6694,4.0186,9.4332,-0.8182
1.4266,-3.7613,-7.8894,1.659,-4.0952,0.2614,-0.3633,-8.3773,2.5529,2.1835,-6.1636,-3.379,3.6027,9.367,-2.6954
1.6967,-3.9512,-8.0269,1.6093,-4.1274,0.0589,-0.717,-8.2882,3.0764,1.299,-6.5156,-4.0086,3.1287,8.9908,-4.3958
1.5551,-3.7546,-7.7085,1.5408,-4.247,-0.1193,-0.5841,-7.6576,3.7304,0.2538,-6.7829,-4.0204,2.5327,8.0456,-5.9837
1.8978,-3.7528,-7.1645,1.7714,-4.1474,-0.5977,-0.9562,-6.4047,4.3693,-0.9188,-6.5694,-4.7713,2.0013,6.8935,-7.1211
1.6226,-3.5343,-6.3042,1.8453,-3.7786,-0.7964,-1.5073,-5.4123,3.9005,-1.1371,-6.1325,-4.9998,1.4287,5.6886,-7.8159
1.7747,-3.4474,-5.3793,1.7121,-3.5053,-1.134,-1.435,-3.873,4.098,-1.6356,-5.8107,-4.7735,0.728,4.0561,-8.3923
1.6101,-3.2054,-4.3815,2.0617,-2.9576,-1.3687,-1.7672,-2.1651,4.1936,-1.3822,-5.064,-5.1649,-0.3775,3.3617,-8.4885
1.9512,-2.7072,-2.7075,1.5357,-2.4814,-1.5019,-1.6673,-0.9185,3.74,-1.9351,-4.4476,-4.7039,-1.3755,1.6108,-8.6107
1.9998,-2.1558,-1.2324,1.314,-1.8771,-1.8059,-1.6286,0.608,2.8631,-1.9773,-3.7644,-4.2627,-2.1606,0.2001,-8.409
1.9602,-1.5591,-0.0921,1.0705,-1.3602,-1.9028,-1.6025,2.3754,2.0514,-2.048,-3.0761,-3.5545,-2.7238,-1.6679,-8.0179
1.94,-1.3739,1.4012,0.7132,-0.8032,-1.8716,-1.2866,4.413,1.5284,-2.0241,-2.099,-3.0589,-4.0359,-3.6725,-7.5789
2.0251,-1.0553,3.6116,0.7075,0.0568,-1.9326,-1.1021,6.1757,0.4749,-1.641,-1.0496,-2.1613,-4.9242,-5.7716,-6.5907
1.8644,-0.0407,5.4212,0.3947,1.1067,-2.0288,-0.6213,8.1198,-0.7987,-0.9884,0.6378,-1.0682,-4.9426,-7.3927,-5.2842
2.0621,1.0603,6.9988,-0.0986,2.1412,-1.9149,-0.1076,8.9522,-2.3954,-0.097,1.8521,0.4099,-5.5482,-9.0909,-3.6611
2.0135,2.0515,8.6091,-0.5693,3.0236,-1.9019,0.2783,9.5753,-4.1225,0.8437,3.0208,1.6406,-5.907,-10.1436,-1.4576
1.3985,2.831,9.1019,-1.2921,3.7831,-1.523,0.7175,10.0407,-5.4207,2.2337,3.6483,3.42,-5.5982,-10.6591,0.3102
1.595,2.8794,9.2889,-2.0009,4.2195,-1.669,1.7231,10.0925,-6.661,3.1309,3.6615,4.7826,-5.8095,-10.5921,1.9648
1.463,3.0012,9.2111,-1.9913,4.4475,-1.6206,2.5237,10.2084,-7.1329,4.6452,3.9229,5.9621,-5.4858,-9.8563,4.0703
1.2493,3.021,9.1099,-1.4819,4.3918,-1.4052,3.1502,9.5213,-8.011,6.0532,4.2581,6.3939,-5.0484,-9.8091,6.2057
1.1528,3.2736,8.6545,-1.8262,4.0869,-1.2335,3.4661,8.8159,-8.3829,7.0302,4.1691,6.9411,-3.9657,-8.7837,7.6902
0.9025,3.1287,7.8341,-1.6981,3.7615,-1.1007,4.2947,7.4089,-8.7146,7.6896,3.9638,6.5138,-3.0955,-7.3934,8.6369
1.2363,2.8072,6.7789,-1.9398,3.2472,-1.2354,4.206,6.0059,-8.6223,7.8186,3.2794,6.4537,-2.3344,-5.9228,9.3503
1.218,3.1817,5.4511,-2.2008,2.5846,-1.1576,4.0928,4.5583,-8.3007,7.8723,2.4645,6.3623,-1.5694,-4.0811,9.5723
1.2942,2.4798,4.3951,-1.9779,2.2141,-1.1645,3.9692,3.1092,-7.4175,7.7933,1.2735,6.1485,-0.8603,-2.1802,9.0933
0.7932,2.1145,2.6403,-2.0318,1.705,-0.7833,3.7818,1.7981,-7.2063,7.9933,0.564,5.3792,0.0637,-0.4977,8.5705
1.1663,1.2872,1.3706,-1.5977,1.0953,-0.7186,3.6071,-0.2205,-6.0848,7.431,0.05,4.6358,1.1074,1.0695,7.8919
1.0224,0.4616,-0.2892,-1.2418,0.3443,-0.4242,3.2735,-2.1553,-5.2389,7.3531,-0.6438,4.5824,1.8454,2.3059,7.2974
1.1657,0.0363,-2.0231,-0.8712,-0.2032,-0.3862,3.0554,-3.8871,-4.699,7.4249,-1.665,3.7677,2.5656,4.3078,6.4931
0.6179,-0.2068,-4.286,-0.752,-1.0552,-0.0877,2.4702,-5.8248,-3.8196,6.8587,-3.1753,4.2604,3.0691,5.7437,5.257
0.8206,-1.3887,-6.0355,-0.1968,-2.2369,0.0495,2.0612,-6.5848,-2.4159,5.8545,-4.5257,2.7135,3.4296,7.423,3.7022
0.8676,-2.6657,-7.0547,0.1346,-3.2317,-0.0295,1.5602,-7.35,-0.475,4.703,-5.5865,0.4216,3.559,8.5294,1.7853
1.2595,-3.2809,-7.595,0.7485,-3.8549,0.0409,1.0266,-7.6564,1.2294,3.6667,-6.0252,-1.3102,3.6114,9.0066,0.0548
1.4962,-3.7435,-7.7695,0.8741,-4.3074,0.1047,0.2318,-7.9474,2.2184,2.1624,-6.5808,-3.0665,3.5613,9.0101,-2.0955
1.4572,-3.9606,-7.7423,1.0038,-4.3994,0.006,0.2282,-7.8912,2.7802,1.2178,-6.5624,-4.0401,3.1787,8.9187,-4.16
1.5578,-4.0046,-7.5809,1.2389,-4.1229,-0.2067,-0.3621,-7.5107,3.3694,0.5033,-6.8089,-4.7041,2.7362,8.4935,-5.5188
1.3376,-4.0716,-7.58,1.714,-4.083,-0.3141,-0.8645,-6.8413,3.6755,-0.1994,-6.6294,-5.1167,1.7417,7.8522,-6.7363
1.9728,-3.9952,-6.62,2.4002,-3.9646,-0.5591,-1.2808,-5.702,4.3053,-1.1124,-6.0018,-5.4286,1.4953,6.4991,-7.5816
1.2608,-4.202,-5.8864,2.3947,-3.7024,-0.4046,-1.5538,-4.7294,3.9644,-1.2689,-5.3223,-5.4269,1.1289,4.8196,-7.9319
1.9845,-3.7159,-4.6664,2.8275,-3.4732,-0.7332,-1.5298,-3.3265,3.7288,-1.5725,-4.4152,-4.8835,0.3981,3.9663,-8.1685
1.9962,-3.1807,-3.4493,2.4809,-3.1184,-0.8204,-1.1887,-2.1402,2.8939,-1.7772,-3.5624,-4.6975,-0.3189,1.7498,-8.0033
2.2628,-2.5095,-2.0471,1.8447,-2.7595,-1.0827,-1.1885,-0.8281,2.3235,-1.7488,-3.0699,-3.7439,-1.3986,0.7145,-7.4336
1.7841,-2.2568,-1.4397,2.1674,-2.1383,-1.0308,-1.2501,0.4336,1.6843,-1.5284,-2.2842,-2.9806,-2.2813,-0.5517,-7.0322
1.8358,-2.3027,-0.4491,2.0975,-1.6489,-1.1963,-0.8354,1.6975,0.7148,-1.5215,-1.7215,-2.1689,-3.3423,-1.9908,-6.4044
2.0116,-2.104,0.8886,1.4314,-1.3182,-1.1771,-0.7684,3.7212,0.4989,-1.0325,-1.029,-1.5005,-3.7068,-2.9602,-5.6453
1.9147,-1.056,2.7448,1.233,-0.7283,-1.4068,-0.5665,4.9859,-0.4521,-0.696,-0.4074,-1.111,-4.0288,-4.7392,-4.906
2.1558,0.0925,4.2451,0.9361,0.2609,-1.7192,-0.2805,6.3742,-1.3823,-0.3739,0.6373,-0.0712,-4.6132,-6.2101,-4.0766
1.864,0.4925,5.8826,0.8926,1.1562,-1.7245,0.1408,7.4535,-2.3404,0.0333,2.013,0.3896,-4.5173,-7.4986,-2.9427
1.2514,1.0194,6.4834,0.3912,2.1786,-1.4082,0.4152,7.9279,-4.0921,1.0669,2.8189,1.6171,-4.9855,-7.7552,-1.6315
1.2735,1.7515,6.7946,-0.1104,2.5843,-1.1055,0.9773,8.0188,-5.1372,1.9881,3.0795,3.3893,-5.2053,-7.6851,-0.1439
1.4308,2.0949,7.1561,-0.8028,2.6945,-0.9261,1.4227,7.7601,-5.9524,3.3042,3.026,4.7294,-5.0453,-7.9328,1.3887
1.3386,1.7956,6.8201,-1.4043,2.7515,-0.9038,2.0568,7.745,-6.466,4.2215,2.8919,4.7949,-4.6027,-7.584,2.8285
1.5737,1.5298,6.8088,-1.1766,2.7823,-0.9507,2.3596,7.5076,-6.5301,5.2019,2.8929,5.4329,-4.2378,-6.7011,4.1718
1.578,1.8947,6.4777,-0.9355,2.5892,-0.9625,2.8502,6.5343,-6.9323,6.3074,3.0316,5.7287,-3.5927,-5.9507,5.4947
1.3163,2.1169,5.7186,-1.7405,2.3719,-0.9034,3.2857,5.6091,-6.9453,6.9755,2.4549,6.1036,-2.9242,-4.9275,6.3546
1.4141,1.7934,4.8998,-1.7836,2.0248,-0.8486,3.4648,4.7306,-6.7643,6.8663,1.7809,5.7894,-2.2836,-3.8794,6.9275
1.4338,1.524,4.1371,-1.4639,1.6789,-0.9673,3.1002,3.4928,-6.7981,7.1239,1.2557,5.3252,-1.8448,-2.8145,7.1717
1.1786,1.4677,2.9353,-1.3451,1.2465,-0.6621,3.0747,2.5633,-6.5241,7.4891,0.6842,4.839,-1.3879,-1.6906,7.2657
1.2093,1.0634,1.9705,-1.1075,0.6517,-0.4348,3.1768,1.549,-5.5419,7.4321,0.1274,3.7989,-0.9717,-0.1887,6.7988
1.1676,0.6109,1.2469,-0.7966,0.2668,-0.3323,2.8087,0.4646,-4.6845,6.6282,-0.3288,3.6677,-0.0274,1.231,6.1193
1.2497,0.2515,0.3213,-0.384,-0.116,-0.3383,2.7897,-1.3467,-4.8521,6.1803,-0.5911,3.011,0.6101,2.3069,5.3432
1.1161,-0.1981,-1.4685,-0.2103,-0.4398,-0.0849,2.5177,-3.1325,-4.1621,6.3869,-1.403,2.6309,1.5294,2.8654,4.9019
1.144,-0.8256,-3.3539,0.1946,-1.1448,-0.1686,2.3986,-4.2813,-3.1204,6.5606,-2.1002,2.3955,2.1433,4.5447,4.4969
1.3899,-1.5244,-4.6871,0.714,-2.2531,-0.2295,1.8223,-5.023,-2.004,5.6007,-3.1747,1.6721,2.38,5.731,3.4728
1.8479,-1.9856,-5.2221,0.9465,-3.0798,-0.5641,1.5538,-5.631,-0.841,4.6341,-4.1847,0.4582,2.5218,6.5842,2.0096
1.4999,-2.586,-5.8827,0.8432,-3.4542,-0.4343,1.2979,-6.0933,0.25,3.702,-4.9569,-0.7179,2.3238,7.3332,0.4654
1.5692,-2.9408,-6.1416,1.3579,-3.7687,-0.5366,0.8596,-6.1263,1.3862,3.0803,-5.1397,-2.0103,2.3206,7.8364,-0.9767
1.601,-3.2609,-6.1833,1.5949,-3.9322,-0.7037,0.3413,-6.4019,2.121,1.9677,-5.3219,-2.9666,1.9834,7.1565,-2.5679
1.55,-3.227,-6.2397,2.1527,-3.9009,-0.1154,0.0439,-6.1937,2.5108,1.5124,-5.1469,-3.1939,1.717,5.5201,-3.7515
1.8269,-3.2434,-5.9102,2.1916,-3.9331,-0.3342,-0.3708,-5.0216,3.1002,0.3789,-5.0121,-3.7771,1.4089,5.4893,-4.963
1.7991,-3.4629,-5.2208,2.5262,-3.7737,-0.541,-0.5873,-4.2381,3.3802,-0.3438,-4.5387,-3.9875,0.6445,4.6817,-5.6528
2.2838,-3.0761,-4.1374,2.4281,-3.5333,-1.0153,-0.9497,-3.2911,2.8482,-0.7506,-3.9379,-4.0758,0.0841,3.5206,-6.2469
2.2694,-2.5922,-3.4754,2.0313,-3.1834,-1.3672,-0.9873,-1.9381,2.7837,-0.6294,-3.8231,-3.7481,-0.3634,3.0747,-6.4825
1.9169,-2.3057,-2.5287,1.6884,-2.8637,-1.5417,-1.0641,-1.3142,2.2188,-0.5959,-3.4,-3.0884,-0.8059,2.5534,-6.49
2.1063,-2.0266,-1.6728,1.4279,-2.3737,-1.9651,-1.035,-0.4891,2.1648,-1.0603,-3.0186,-2.9702,-0.8933,1.2259,-6.4648
2.2241,-1.5672,-0.5116,1.4555,-1.9512,-2.1527,-1.4596,0.3348,1.5543,-1.0388,-2.2816,-2.9841,-1.693,0.0927,-6.0311
1.7608,-1.2131,-0.0209,1.3253,-1.6061,-2.1625,-1.2076,1.5363,1.1425,-0.9508,-1.9506,-2.4291,-2.6679,-1.5289,-5.736
1.8648,-1.0877,1.1468,1.3614,-1.2809,-2.1237,-1.258,3.2227,1.0812,-1.102,-1.4446,-2.2954,-3.5775,-2.7856,-5.5689
2.106,-0.7931,2.8486,1.1483,-0.609,-2.1887,-1.0725,4.9695,0.6723,-1.186,-0.5202,-1.6501,-4.5487,-4.4402,-5.2102
1.9296,-0.1303,4.5545,0.8959,0.2985,-2.0886,-0.671,6.6664,-0.4557,-0.832,0.5191,-0.64,-4.7057,-6.0734,-4.5565
1.5124,0.6405,5.8939,0.52,1.1887,-1.8481,-0.2411,7.8121,-1.4346,-0.2971,1.6617,0.4108,-5.4364,-7.4505,-3.3235
1.4825,1.7301,7.346,0.3583,1.9294,-1.7756,0.2022,8.5995,-3.2462,0.5484,2.7315,1.14,-5.6986,-8.5512,-2.1127
1.5462,2.0924,8.0467,-0.0156,2.8792,-1.6476,0.6579,9.0304,-4.9887,1.198,3.4941,2.6032,-5.6877,-9.2745,-0.5628
1.8897,2.5708,8.451,-0.4846,3.5437,-1.6649,1.2993,9.1161,-6.2034,2.9834,4.0241,4.0477,-5.6041,-9.3333,1.1273
1.8072,2.9247,8.4367,-0.9428,3.6943,-1.7933,1.8151,8.8891,-7.0081,4.6313,4.0047,5.0865,-5.2228,-8.7706,3.3574
2.0311,2.5788,8.5515,-1.2241,3.5305,-1.8294,2.5048,8.4679,-6.9358,5.8112,3.957,6.1087,-4.7835,-7.8779,5.0459
1.5079,2.7911,8.0013,-1.3354,3.3394,-1.6354,3.0518,7.5919,-7.5841,6.3607,3.8513,6.0104,-4.1617,-7.3619,6.6955
1.4161,2.7467,7.157,-1.9078,2.9257,-1.5144,3.1671,6.7147,-7.8008,7.1338,3.0622,6.4637,-3.4972,-5.8919,7.6934
1.6663,2.3016,6.6467,-1.6533,2.2672,-1.3489,3.3701,5.4253,-7.5266,7.4695,2.6665,6.6103,-2.6939,-4.5253,8.3731
1.5999,2.1553,5.2131,-1.5574,1.8225,-1.4182,3.4428,4.4119,-7.2458,7.7725,2.0367,6.323,-2.1283,-2.9361,8.4501
1.1367,1.9887,4.0871,-0.9761,1.4333,-1.0919,3.249,3.0116,-6.9156,7.7006,1.6376,5.948,-0.9826,-1.3973,8.4475
1.2405,1.2565,2.9187,-1.3136,1.0603,-0.8787,3.2666,1.4636,-6.3961,7.4185,1.0453,5.7884,-0.6075,-0.0111,7.9861
1.1708,0.9502,1.5916,-0.7921,0.7163,-0.7508,3.221,0.0949,-5.4367,7.4585,0.2361,5.0466,0.3179,1.8178,7.5563
2.1932,0.0995,0.6249,-0.257,0.2144,-1.0152,3.0821,-1.664,-5.0691,7.6748,-0.0567,4.3361,0.9951,3.6053,7.2559
1.7256,0.1446,-1.0842,-0.0783,-0.3484,-1.0311,2.7492,-3.4034,-4.6816,8.2448,-1.0466,3.5843,1.7356,5.5068,7.0319
1.4192,-0.3018,-2.7322,0.1506,-1.1604,-0.9926,2.0023,-5.3663,-3.9226,7.8417,-2.1652,2.7163,2.3907,6.9089,6.3601
1.1106,-1.2802,-4.8533,0.3027,-2.169,-0.7885,1.6231,-6.618,-2.5798,6.758,-3.5617,1.8042,2.7641,8.5771,5.031
1.047,-2.2099,-6.2591,0.533,-3.2555,-0.4006,1.1579,-7.7988,-0.6391,5.384,-4.8288,0.3049,3.3124,9.411,2.8261
1.2858,-3.1433,-7.3263,1.1007,-3.9746,-0.4188,0.6943,-8.4818,0.9876,3.9062,-5.6037,-1.4407,2.9716,9.797,0.8567
1.524,-3.7094,-7.9578,1.8912,-4.4924,-0.2969,0.0588,-8.3341,3.4538,2.4509,-6.0558,-3.0158,2.9304,9.7484,-1.3016
1.6642,-3.9402,-7.7525,2.6118,-4.6448,-0.7352,-0.6036,-7.7403,3.673,1.082,-6.2458,-3.9396,2.6905,8.9566,-3.4192
1.5893,-4.096,-7.1708,2.351,-4.5449,-0.6378,-1.3474,-6.9584,4.3404,-0.1202,-5.9966,-4.4946,1.882,8.1073,-5.3573
1.7564,-3.8322,-6.6836,1.6159,-4.1795,-0.5374,-1.7773,-6.2683,4.275,-1.0281,-6.2093,-4.7646,1.3029,5.9509,-6.8199
2.1742,-3.598,-6.0807,1.9928,-3.8641,-0.8554,-2.3956,-4.5821,4.9019,-1.8069,-5.581,-4.7137,0.5178,5.1102,-7.7977
2.4861,-3.1234,-4.4122,1.8544,-3.3555,-1.1382,-2.2275,-3.1414,4.5803,-2.1858,-5.2724,-5.05,-0.3537,3.3235,-8.7125
2.1106,-2.8551,-3.1798,2.0649,-2.9127,-1.2306,-2.2105,-1.2013,4.5211,-2.5758,-4.2473,-4.9011,-0.947,1.6553,-8.9972
2.4607,-2.5738,-1.4651,1.5168,-2.2724,-1.3477,-1.9807,0.4654,3.536,-2.9022,-3.6258,-4.0704,-1.8409,-0.0112,-8.856
2.2354,-1.9954,-0.1671,1.2317,-1.5146,-1.736,-1.9242,2.1524,2.8513,-2.7044,-2.9479,-3.5188,-2.9905,-1.8005,-8.437
2.4422,-1.6304,1.6381,1.532,-0.7601,-1.7171,-1.5698,4.3908,2.1368,-2.1335,-1.6831,-2.7871,-3.8657,-3.8218,-7.5531
2.3033,-1.0742,3.986,1.8374,0.0026,-1.7173,-1.03,6.2929,1.1844,-1.733,-0.4241,-1.9044,-4.7004,-5.2843,-6.5898
2.6694,-0.2285,6.2371,0.9763,1.1696,-1.9057,-0.7035,7.6331,-0.6776,-0.9528,1.1953,-0.871,-4.9839,-7.4299,-5.126
2.605,0.9676,7.7201,0.3234,2.2862,-2.1354,-0.315,8.8562,-1.9456,0.5293,2.3602,0.5995,-5.1742,-8.477,-3.349
2.3004,2.0452,8.7553,-0.6135,2.9241,-2.0553,0.1943,9.2321,-3.8452,1.4,3.1117,2.1381,-5.4447,-9.3668,-1.4019
2.6333,2.6169,9.6138,-0.8844,3.7202,-2.1506,0.9195,9.7325,-5.1082,2.3613,3.6676,3.7102,-5.6746,-9.4351,0.2744
2.4653,3.0347,9.6091,-1.3157,3.874,-1.9638,1.7627,9.6878,-6.1583,3.5867,3.8818,5.0069,-5.3898,-9.6314,2.3504
2.3159,3.1549,9.4442,-0.994,3.9917,-1.9219,2.2028,9.3395,-6.8765,5.0616,4.2107,6.1667,-5.0834,-8.4778,4.5043
2.3109,3.3555,8.9092,-1.3065,3.7625,-1.8845,2.6949,8.7657,-7.6113,6.4219,4.0353,7.6076,-3.6202,-8.3444,6.2871
2.3656,3.2886,8.418,-1.4328,3.4873,-1.8,2.8963,7.6774,-8.1421,7.1373,3.7448,7.6491,-3.3321,-7.376,7.4897
2.0908,2.8305,7.7248,-1.2293,3.1955,-1.6159,3.182,6.5538,-8.0889,7.9072,3.2293,7.5248,-2.9126,-5.9858,8.607
1.5026,2.7133,6.3829,-1.2077,2.8514,-1.31,3.261,5.1159,-8.1204,8.1226,2.6853,6.944,-2.3548,-4.5931,9.076
1.5744,1.9403,5.0392,-0.5396,2.378,-0.9836,3.3616,3.9918,-7.1266,8.1665,2.257,6.2184,-1.7382,-3.0828,9.0555
1.6385,1.7741,4.2131,-0.6852,1.7781,-0.97,3.5739,2.5369,-6.2913,8.2413,1.617,5.7402,-0.9949,-1.543,8.8531
1.5518,1.7039,3.3002,-0.4593,0.9875,-0.5522,3.2443,0.9433,-6.228,8.2282,0.9188,5.256,-1.1326,-0.4818,8.6238
1.7746,0.9789,1.7292,0.1437,0.3485,-0.5598,2.7764,-0.051,-5.2439,7.3806,0.4556,4.7346,-0.134,1.2155,8.0469
1.1951,0.5461,0.4197,0.2021,-0.1821,-0.1573,2.5593,-2.0056,-4.7026,7.1758,-0.285,4.1901,1.0027,2.3353,7.1512
1.0961,0.3674,-1.6331,-0.0538,-0.786,0.6425,2.0919,-4.1291,-3.8521,6.6099,-1.5508,3.7321,1.5789,3.9739,5.8829
1.315,-0.5454,-3.4384,0.0772,-1.4296,0.899,1.6648,-5.6913,-2.7812,6.2861,-3.0558,2.5173,2.5718,5.8829,4.528
1.66,-1.4224,-4.9092,0.6918,-2.4575,0.7858,1.3268,-7.2131,-1.4529,5.4397,-4.146,1.0438,2.9296,6.8726,3.1182
1.502,-2.4084,-6.3805,1.1007,-3.2389,0.5282,1.03,-7.8879,0.2051,4.9788,-5.1873,-0.0791,2.9723,8.0646,1.7997
1.4183,-3.2491,-7.2993,1.8356,-3.9813,0.5411,0.3951,-8.1235,2.0351,3.9697,-5.8422,-1.9221,2.8347,8.7981,0.3633
1.8658,-3.6979,-7.2819,1.577,-4.3389,0.3502,-0.1625,-8.1274,3.0119,3.0422,-6.4965,-3.3077,2.5453,8.6636,-1.5003
2.0287,-3.9602,-7.0718,2.2128,-4.6503,0.1503,-0.7857,-7.7959,3.9611,1.5334,-6.6276,-4.2026,2.4253,8.7334,-3.4451
2.5523,-3.3751,-6.5671,2.2693,-4.5814,-0.2319,-1.2325,-7.2045,4.0314,1.012,-6.3752,-4.6159,1.7417,7.7444,-5.1016
2.3793,-3.7698,-6.1897,2.2097,-4.5504,-0.3173,-1.6054,-6.4569,4.3188,-0.2057,-6.4906,-5.2978,1.2754,6.794,-6.4737
2.8002,-3.6487,-5.3077,2.7116,-3.9852,-0.7342,-1.9158,-5.0823,4.6687,-0.8039,-5.811,-5.4005,0.7976,5.1231,-7.037
2.6066,-3.2972,-4.3105,2.6653,-3.5863,-1.019,-1.7803,-3.648,4.5664,-1.1584,-5.3542,-4.8512,-0.1009,3.5724,-7.6063
2.3809,-2.9749,-2.919,2.4359,-3.034,-0.8812,-1.6678,-2.2466,4.0935,-1.2263,-4.8671,-4.752,-0.7719,1.9173,-7.7203
2.2288,-2.4874,-1.6944,2.0806,-2.4643,-0.6961,-1.6295,-1.0088,3.619,-1.6134,-4.0988,-4.2649,-1.7109,0.4279,-7.7799
2.6539,-2.3597,-0.2812,2.0661,-1.8754,-1.199,-1.6036,0.7562,2.9149,-1.5563,-3.2582,-3.7282,-2.4231,-0.9652,-7.4539
3.2284,-1.7417,1.3446,1.9009,-1.1648,-1.5596,-1.646,2.5571,2.1492,-0.9801,-2.1095,-2.9584,-3.3897,-2.9813,-6.7315
2.8926,-0.6705,3.1321,1.9335,-0.5959,-1.6512,-1.3527,4.7668,1.4347,-0.4356,-1.1973,-2.1147,-4.5242,-4.4752,-5.6912
2.36,-0.2104,4.7701,1.5981,0.2042,-1.5454,-0.7903,6.1124,-0.1988,-0.3719,-0.0728,-1.1871,-5.3971,-5.9315,-4.9803
2.8579,0.0097,6.3531,1.4041,1.1587,-1.6742,-0.5219,7.3357,-1.2575,-0.2487,1.1279,0.1294,-5.9025,-7.0822,-3.6374
2.6565,1.4555,7.6198,0.9589,2.3356,-1.4326,0.1066,8.4655,-2.9903,0.8703,2.0749,1.4776,-6.0933,-8.3523,-2.2283
2.7665,2.2425,8.7378,0.4829,3.0142,-1.8434,0.5321,9.1715,-4.381,1.6993,2.8562,3.0419,-5.7015,-9.109,-0.6627
2.7033,2.6952,9.2771,-0.2654,3.5045,-2.1907,1.0584,9.4832,-5.5313,3.0046,3.3121,3.8209,-5.9216,-9.7938,1.2589
2.7141,2.9584,9.6106,-0.653,3.7176,-1.9149,1.7806,9.678,-5.7734,4.2624,3.5647,5.2274,-5.3721,-9.4015,3.3855
2.4221,3.7598,9.7328,-1.3992,3.7106,-1.7825,2.326,9.0487,-6.3979,4.8856,3.4039,6.1104,-5.088,-8.788,5.3256
2.1718,3.3464,9.3419,-1.3666,3.7413,-1.4909,2.8446,8.7758,-6.8716,5.9477,3.287,6.4498,-5.0635,-7.9719,6.5593
1.8035,3.2411,9.0704,-1.3285,3.3897,-1.1868,3.359,7.7404,-7.6234,7.1352,3.0506,6.8408,-4.3278,-6.9565,7.7878
1.6594,2.7717,8.1789,-1.597,3.2115,-1.01,3.409,6.3785,-7.8209,7.411,2.5069,7.1729,-3.3113,-5.4221,8.4471
1.8005,2.308,6.9111,-1.258,2.8997,-0.9767,3.7053,5.0134,-7.2,7.985,2.0735,6.7146,-2.6311,-4.0207,8.832
2.2681,1.9379,6.2194,-1.2831,2.3667,-1.1577,3.7283,3.5465,-7.5378,8.4227,1.4793,6.7168,-1.7506,-2.3592,9.3769
2.3649,1.8091,4.7364,-0.7975,1.8417,-1.1539,3.4259,2.0849,-7.0189,8.672,0.8918,6.202,-0.6584,-0.37,9.3983
2.0447,1.5496,3.4958,-0.4441,1.193,-1.0338,3.1431,0.1924,-6.7528,8.9333,0.3812,5.4912,-0.0351,0.6456,9.392
1.9112,1.1186,1.9458,-0.4491,0.5498,-0.8709,2.9772,-1.6088,-5.6431,8.6267,-0.4121,4.9535,0.5465,2.5976,9.0423
1.838,0.8271,0.0799,-0.2242,0.0474,-0.7439,2.8533,-3.46,-4.7502,8.4088,-1.5097,4.0496,1.3462,4.5234,8.1715
1.8652,0.0478,-2.0563,0.3176,-0.735,-0.6087,2.5314,-5.179,-3.8294,7.8891,-2.5586,3.3418,2.3251,6.6613,6.9682
1.6936,-0.8013,-3.9998,1.0082,-1.6628,-0.3264,1.9571,-7.0822,-2.5634,7.0081,-3.7106,2.1802,3.0375,7.7567,5.7569
1.6294,-1.5127,-5.7743,1.1676,-2.7056,-0.3687,1.4859,-8.3551,-1.2993,6.2453,-5.1734,0.8011,3.3453,9.5938,4.1692
1.7192,-2.7019,-7.0419,1.9378,-3.6625,-0.3417,0.4621,-9.2913,0.3623,5.1753,-6.1256,-0.8061,3.509,10.6651,2.4488
2.1018,-3.6192,-7.8036,2.3261,-4.3568,-0.5296,-0.1347,-9.5471,2.3576,3.6865,-6.8847,-2.5556,3.2508,11.0236,0.2137
2.0387,-3.7901,-8.0356,2.6575,-4.6908,-0.5601,-0.8031,-9.3988,3.5208,2.7529,-7.3503,-3.9375,3.4703,10.9475,-1.7029
2.1006,-4.0089,-7.866,2.787,-4.9088,-0.5804,-1.0965,-9.1144,4.2768,1.3472,-7.5588,-4.9776,3.1282,10.1819,-3.8222
1.8961,-4.1361,-7.5831,2.9647,-4.8945,-0.9069,-1.5658,-8.3047,4.7425,-0.099,-7.3767,-5.9473,2.7227,8.9771,-5.4861
1.9768,-4.1769,-7.0826,3.04,-4.6059,-0.8899,-2.3107,-7.139,5.2128,-1.4269,-7.0893,-6.1893,2.0349,7.8347,-7.1082
2.4799,-3.7415,-5.955,2.8488,-4.1973,-1.187,-2.4631,-5.7262,5.3235,-2.1769,-6.4104,-6.366,0.7862,6.3146,-8.2654
2.6316,-3.4059,-4.6433,2.929,-3.7938,-1.412,-2.5801,-4.1867,4.9601,-2.1962,-6.2471,-6.0393,0.076,5.1485,-8.7675
2.5741,-3.2464,-3.3029,3.5021,-3.1968,-1.4779,-2.3379,-2.6664,4.2996,-2.2468,-5.0761,-5.4368,-0.763,3.5305,-8.8465
2.7101,-2.6364,-2.1358,2.8292,-2.669,-1.7462,-2.2486,-1.1264,3.5488,-2.2357,-4.5203,-4.2221,-1.1254,1.7997,-8.4368
3.1226,-2.1321,-0.6427,2.9818,-2.2096,-1.9829,-1.9429,0.359,2.9585,-2.0512,-3.4445,-4.1666,-2.1995,0.3498,-7.8214
3.1109,-1.4945,0.885,2.4141,-1.6299,-2.1182,-1.8054,2.2524,2.2918,-2.2161,-2.4834,-3.7255,-2.9455,-1.6215,-7.0302
2.98,-0.6919,2.7644,2.0513,-0.594,-2.2866,-1.3679,4.3181,1.2511,-1.7442,-1.6368,-2.7887,-3.493,-3.5579,-6.154
2.7271,-0.1678,4.8509,1.5484,0.1385,-2.1228,-1.0499,5.9755,0.3745,-1.1092,-0.5693,-1.5031,-3.8944,-5.5562,-5.0865
2.4569,0.8043,6.4002,0.8685,1.2789,-2.1149,-0.8184,7.3528,-1.0449,-0.5621,0.5701,-0.9347,-4.066,-6.7306,-3.9481
2.3009,1.3094,7.7516,0.8787,2.2788,-2.1404,-0.5205,8.1292,-2.4556,0.2382,1.9617,0.8022,-4.7799,-7.0866,-2.5315
2.5653,2.0116,8.6865,-0.004,3.0445,-2.2733,-0.0157,8.2862,-4.5338,1.6225,2.4144,2.2534,-4.7007,-7.9371,-0.8279
2.7755,2.4155,9.1224,-0.5089,3.5044,-2.2968,0.593,8.5271,-5.8608,2.998,2.7833,3.5867,-5.0921,-8.0062,0.8922
2.8286,2.8444,9.259,-0.9479,3.7514,-1.941,1.0138,8.5775,-6.5581,4.2137,2.6767,4.908,-4.9873,-7.9808,3.0039
1.947,2.8638,8.7776,-0.9844,3.7089,-1.6006,1.8395,8.4731,-7.0818,5.2316,2.8161,5.506,-4.653,-7.7153,4.6128
2.4218,2.8194,8.3523,-1.0951,3.4916,-1.6757,2.4435,7.887,-7.2789,5.5203,2.7511,5.7424,-4.2282,-6.952,6.0534
2.1564,3.0172,7.9119,-0.9517,3.1832,-1.522,2.7865,7.1,-7.5388,6.0945,2.5154,5.9106,-3.5228,-6.2693,6.9518
2.2051,2.8392,7.5001,-0.0206,3.0392,-1.4938,2.748,6.3713,-7.2576,6.4515,2.6316,5.9667,-2.4996,-5.6089,7.8497
1.8584,2.5301,6.6662,-0.4779,2.6787,-1.0491,2.6189,4.6636,-7.6432,6.9076,2.2678,5.6973,-2.0818,-4.8491,8.4383
1.8855,2.1928,5.5662,-0.5995,2.2615,-0.926,2.8084,3.396,-7.9107,7.167,1.3874,5.1139,-1.6427,-3.2008,8.5884
1.7809,1.7125,4.3384,-0.0236,1.8381,-0.592,2.7129,2.7544,-6.9186,7.3197,0.9457,5.4783,-0.3615,-1.3897,8.6891
1.7339,1.5005,3.3668,0.2251,1.3678,-0.4731,2.52,1.0112,-6.6055,7.1324,0.3322,4.7136,0.3332,-0.3875,8.379
1.6367,1.2963,2.1446,-0.0282,0.916,-0.2594,2.28,-0.4403,-5.9343,6.9076,-0.4756,4.7881,0.8417,1.2918,7.9117
1.5308,0.7811,0.6621,-0.6294,0.3436,-0.004,2.1046,-2.5217,-5.3825,6.4677,-1.7565,3.9851,1.6741,3.0101,6.9338
1.7873,-0.1784,-1.1945,1.0887,-0.263,-0.1209,1.9507,-4.0894,-4.5987,6.2936,-2.2809,3.3603,2.2454,4.3532,6.2486
1.4589,-0.6433,-3.2259,1.0526,-1.2698,0.1875,1.6857,-5.3524,-3.339,5.9447,-3.4903,2.3985,2.7378,5.9822,5.2427
1.7581,-1.8395,-4.3522,1.7097,-2.4105,0.4055,1.4657,-6.5284,-2.0809,5.1731,-4.373,1.2396,3.6227,7.3847,4.0277
1.5158,-2.5691,-5.5917,2.3833,-3.2157,0.4781,0.7979,-7.7044,-0.7409,4.7325,-5.4581,-0.1217,4.5268,8.4327,2.6089
1.9012,-3.2044,-6.4876,2.3547,-4.0481,0.3363,0.3713,-8.1406,0.7963,3.5001,-6.1688,-1.4201,4.1353,8.8766,0.7865
1.585,-3.4415,-6.958,3.0088,-4.5181,0.4512,-0.2364,-8.4378,2.2886,2.7732,-6.1778,-2.5806,3.9361,8.954,-0.5244
2.0039,-3.7094,-7.2287,2.5642,-4.8012,0.1491,-1.0844,-8.4289,3.1857,1.19,-6.6807,-3.4806,3.7491,8.9637,-2.5144
2.1931,-3.4831,-7.0214,2.8215,-4.8073,-0.0767,-1.9912,-8.1996,3.5463,-0.3984,-7.166,-4.3429,3.3632,8.0167,-4.4953
2.7703,-3.632,-6.7226,3.4092,-4.6322,-0.6056,-2.2778,-7.0583,4.0682,-1.2939,-6.857,-5.1305,2.2039,7.5261,-5.8438
2.7339,-3.4666,-5.8395,3.3003,-4.1542,-0.9099,-2.5358,-5.741,4.819,-1.9693,-6.515,-5.2479,1.4057,6.1555,-6.9673
3.1783,-3.3786,-4.4448,3.1882,-3.6437,-1.1216,-2.6941,-4.2756,4.6141,-2.2664,-5.7974,-5.5041,1.3946,4.8312,-7.5508
3.3474,-2.9939,-2.8413,2.4712,-3.0738,-1.3256,-2.6017,-3.247,3.8726,-2.2692,-5.4567,-5.0343,0.4601,2.8287,-7.6465
2.9105,-2.1872,-2.0489,2.4605,-2.7467,-1.4925,-2.328,-1.5301,3.5117,-1.9467,-4.7937,-4.3308,-0.277,1.9442,-7.4096
2.4919,-2.0862,-1.0514,2.5719,-2.429,-1.3697,-2.3316,-0.6611,2.6355,-2.0296,-4.1627,-4.3205,-1.1967,1.5417,-7.0476
2.7872,-1.964,0.1868,1.9724,-2.1564,-1.5593,-2.1292,0.5018,2.2,-2.5042,-3.5311,-3.7195,-1.8563,0.0719,-6.8032
2.5503,-1.0913,1.4776,1.9363,-1.4855,-1.7825,-1.9953,1.7977,1.6739,-2.3955,-2.7009,-3.0494,-2.6277,-1.3282,-6.3241
2.7128,-0.6354,2.6662,1.4305,-0.7755,-1.854,-1.6668,3.2636,0.6618,-2.2008,-2.0636,-2.3637,-2.9323,-2.8003,-5.9437
2.7784,-0.2364,4.377,1.1607,0.0093,-1.9262,-1.3984,4.5719,0.1772,-1.6906,-1.4751,-1.3756,-3.3846,-4.1732,-5.0659
2.6256,0.3549,5.6146,0.4379,1.0489,-1.836,-0.9572,5.9783,-0.9434,-0.902,-0.6802,-0.7665,-3.7444,-5.2936,-3.9304
2.4501,1.2179,6.9257,0.1025,1.8238,-1.9506,-0.5706,6.6748,-1.8873,-0.1455,0.2836,0.4096,-4.2503,-6.6071,-2.6946
1.967,1.665,7.4447,-0.0508,2.502,-1.726,-0.0532,7.3258,-3.346,0.7435,0.8156,1.4651,-4.4587,-7.3217,-1.385
2.1592,2.015,8.3017,-0.0891,2.8337,-1.7828,0.5693,7.5648,-4.6655,1.2661,1.4024,2.8,-4.5267,-8.3397,-0.1256
2.3459,1.978,8.3956,-0.172,3.3747,-1.9545,1.3112,8.0692,-5.3097,2.1211,1.824,3.981,-4.1998,-8.0064,1.5017
2.099,2.485,8.4638,-0.3421,3.4855,-1.8191,1.9274,7.7669,-6.2094,3.52,1.8959,4.8741,-3.854,-7.5497,3.2856
2.1425,2.0463,8.2566,-0.2896,3.7906,-1.7899,2.0649,7.0667,-6.9041,4.7524,2.1068,5.6143,-3.1478,-6.8505,5.1395
1.9257,2.2929,7.6874,-0.0388,3.4993,-1.7478,2.5982,6.6557,-6.8124,5.842,2.3844,5.4531,-2.879,-6.0919,6.3615
1.8871,2.4629,7.1743,-0.0626,3.1269,-1.5207,2.7534,5.7527,-7.0228,6.124,1.9539,5.6729,-2.3608,-5.1994,7.6116
2.0905,2.5082,6.5914,-0.0381,2.6299,-1.4477,2.5929,4.5699,-7.0909,6.6212,1.8816,5.9312,-1.8328,-4.2668,8.3892
1.892,2.4525,5.4791,0.141,2.4242,-1.2911,2.6094,3.3192,-7.2593,6.8075,1.5632,5.8039,-1.4815,-2.8771,8.7744
1.8617,2.0395,4.3364,0.1135,1.8649,-1.2008,2.7039,2.1764,-6.8523,6.9145,0.8199,5.4284,-0.6834,-1.7398,8.7861
1.7828,1.696,3.1466,0.1002,1.3909,-0.996,2.6918,1.1507,-6.042,6.9487,-0.0368,5.3874,0.481,-0.6557,8.3056
1.8653,1.2719,2.3096,0.7003,0.9328,-0.8115,2.3496,-0.363,-5.3789,6.4598,-0.495,4.8952,1.3556,0.6543,7.7532
1.6661,0.9045,0.8902,0.8288,0.5072,-0.5231,1.5608,-2.2129,-4.9207,6.3928,-1.2864,4.1912,1.7346,2.3597,6.9853
2.0649,0.3958,-0.5136,0.6299,-0.0643,-0.5203,1.545,-3.9783,-4.4373,6.0213,-2.2173,3.2981,2.2454,4.4198,5.9241
1.9461,-0.0475,-2.4739,0.7367,-0.7227,-0.6583,1.4597,-5.3477,-2.8377,5.5871,-3.5116,2.5579,2.5166,5.8959,4.9275
1.8675,-1.065,-3.8621,1.4828,-1.7372,-0.6302,1.0246,-6.3901,-1.9419,4.905,-4.5677,1.6106,3.0065,7.0002,3.6802
2.4599,-2.2878,-4.7352,1.7889,-2.5806,-0.8659,0.3825,-7.2843,-0.6793,4.1111,-5.7262,0.1519,3.5564,7.2654,2.0958
2.657,-2.7182,-5.4503,2.3378,-3.1457,-1.0144,-0.0456,-7.3025,0.812,3.7487,-6.2584,-1.3574,3.3277,8.0513,0.7958
2.5083,-2.9203,-5.8858,2.259,-3.7835,-0.9505,-0.7049,-7.0733,1.8422,2.7584,-6.6125,-3.071,2.8208,8.0717,-0.7752
2.5423,-3.2397,-5.6673,2.3481,-3.9264,-1.0771,-1.471,-7.2274,2.7806,1.1631,-6.8646,-3.1679,2.6948,7.7152,-2.7277
2.5917,-3.3346,-5.4027,2.6312,-3.7434,-1.1397,-1.7338,-6.6336,3.1793,0.3479,-6.9738,-4.139,2.1605,6.7856,-4.1284
3.1675,-3.2082,-4.7752,2.5599,-3.5367,-1.792,-1.7803,-5.4757,3.9791,-0.487,-6.8592,-4.9113,1.6148,5.9334,-5.3725
2.8365,-3.1153,-3.9334,2.6107,-3.3038,-2.0174,-1.9326,-4.3953,3.7563,-1.346,-5.9655,-5.0118,0.94,4.4378,-6.2143
2.6955,-2.6923,-2.9583,2.7799,-3.0138,-1.9892,-2.1112,-3.5457,3.5307,-1.9171,-5.1622,-4.8754,0.1002,2.7899,-6.5924
3.0113,-2.6756,-1.9509,2.7192,-2.3848,-2.1445,-2.1013,-2.129,3.1439,-2.3656,-4.7009,-4.3156,-0.3341,1.0902,-6.7494
2.7887,-1.912,-1.1013,2.4734,-1.9375,-2.2512,-1.9483,-0.6118,2.4101,-2.1707,-4.234,-3.7964,-1.1934,-0.2621,-6.7045
2.868,-1.6342,0.2744,1.8926,-1.4777,-2.4403,-1.6434,1.1972,2.1766,-2.3806,-3.6543,-2.9268,-2.335,-1.3565,-6.7022
3.0832,-1.1109,2.0271,1.824,-0.8242,-2.6026,-1.5875,3.1354,1.4042,-2.3813,-2.887,-2.319,-2.9803,-3.3355,-6.151
3.3684,-0.8754,4.033,1.6843,-0.2866,-2.8356,-1.4838,4.9426,0.5792,-2.4216,-1.985,-1.7442,-3.3178,-5.3045,-5.5225
3.6314,0.2718,6.2943,1.2855,0.7559,-2.9769,-1.1183,6.2483,-0.6998,-1.3095,-0.6145,-0.2791,-4.4972,-6.8934,-4.3717
3.235,1.5506,7.8923,1.0299,2.0396,-2.9543,-0.7403,7.614,-2.2741,-0.2912,0.7975,0.9387,-4.532,-8.37,-2.8356
2.8917,2.0964,8.9877,0.1128,2.9255,-2.7804,-0.1988,8.4161,-4.2614,0.5306,1.8094,2.2695,-5.0239,-9.4487,-0.9763
2.5509,2.7946,9.4645,-0.1247,3.6119,-2.4842,0.4346,9.2925,-5.3234,1.4258,2.4751,3.9633,-5.4,-9.6383,0.7353
2.6132,2.5756,10.1329,0.2331,3.8418,-2.4236,1.3917,9.2081,-6.2895,2.4515,3.0028,5.2024,-5.5946,-9.6465,2.3502
2.4308,2.8977,10.1201,0.003,4.2658,-2.2525,2.0835,8.8628,-7.6544,4.0219,3.5028,6.4412,-4.7055,-9.2114,4.7262
2.117,3.3007,9.5668,-0.2036,4.0438,-1.8448,2.756,7.7658,-8.3566,5.743,3.4646,7.4105,-4.0453,-8.634,6.8707
2.2746,3.2997,8.9687,-0.6043,3.6456,-1.8007,3.5941,6.7893,-8.4409,6.3659,3.091,7.3363,-3.1385,-7.3599,8.2702
2.0713,3.0132,8.0091,-0.6759,3.287,-1.4612,3.3583,5.5239,-8.2712,6.8397,2.4354,7.3217,-2.0519,-5.8508,9.3434
1.9906,2.4165,6.9645,0.2842,2.9116,-1.4301,3.9176,4.2191,-8.3114,7.3816,2.155,7.1364,-1.3522,-4.3678,9.9604
1.9402,2.2876,5.7351,-0.2709,2.4897,-1.2327,3.6704,2.1777,-8.2668,7.9191,1.1448,6.8981,-0.7253,-2.8146,10.1344
2.2459,1.8889,4.3753,-0.1495,1.8991,-1.2579,3.2761,0.9351,-7.6999,8.1179,0.49,6.2222,0.2125,-0.9872,10.1186
1.958,1.8982,3.0981,0.287,1.2122,-1.1892,2.8681,-0.826,-6.7328,8.097,-0.1675,5.4146,1.4026,0.776,9.8866
1.7373,1.4282,1.3742,0.2598,0.5355,-0.8765,2.6153,-3.0531,-6.4641,7.671,-0.8826,4.3752,2.0498,2.1439,9.1744
1.1695,0.7729,-0.7677,0.1899,-0.2556,-0.5056,2.1856,-5.0449,-5.3546,7.3987,-2.1651,3.9188,2.7197,4.1324,8.1434
1.469,-0.1966,-3.2609,0.6613,-1.4288,-0.4314,1.8898,-6.4721,-3.6797,6.344,-3.5519,3.0822,3.3037,6.4492,6.7605
2.5589,-1.1645,-4.6138,1.0096,-2.5068,-1.0144,1.6636,-7.7167,-2.1691,5.3871,-5.2242,2.1502,3.8888,7.7545,5.0972
2.662,-1.8362,-5.7772,1.568,-3.4332,-1.301,1.1677,-8.4305,-0.6861,5.0274,-6.3858,0.6216,4.1338,8.6509,3.5419
2.2944,-2.4476,-6.4324,2.0381,-4.0315,-1.2926,0.8333,-8.9434,1.1381,4.0115,-6.8039,-1.2639,4.389,9.177,1.8474
2.5806,-2.737,-7.1326,2.4014,-4.8331,-1.3984,0.1782,-9.1403,2.0318,2.7965,-7.3988,-2.6512,4.258,9.4303,0.1256
2.35,-3.2254,-7.3482,2.8141,-4.9713,-1.1459,-0.4946,-9.0883,3.0072,1.3864,-7.5615,-4.045,4.1537,9.2089,-1.9048
1.9293,-3.1719,-7.035,3.1506,-4.9021,-0.9561,-1.4553,-8.8313,3.6561,-0.5203,-7.5011,-4.6298,3.5612,7.744,-3.9653
2.6137,-3.4507,-6.6529,3.0264,-4.505,-1.1321,-1.9237,-7.7121,4.1371,-1.4966,-7.6043,-5.0515,2.4884,6.692,-5.7517
2.7224,-2.9948,-5.6157,2.4532,-4.3285,-1.3277,-2.1069,-6.2764,4.5984,-1.8619,-7.4142,-5.3311,1.8946,5.6431,-6.9619
2.6248,-3.1035,-4.4812,2.8609,-3.94,-1.4263,-2.3176,-5.0755,4.6142,-2.5241,-6.7082,-5.468,1.444,4.4336,-7.873
3.0178,-2.85,-2.8991,2.7082,-3.1991,-1.7592,-1.872,-3.6494,4.1684,-2.6181,-6.014,-5.2343,0.5333,2.7302,-8.2172
3.0584,-2.3176,-1.6641,2.696,-2.5144,-2.2033,-1.6589,-2.0758,3.6433,-2.2207,-4.9625,-5.0931,-0.1135,1.4085,-7.6762
3.3305,-1.688,-0.1817,2.982,-1.8824,-2.5279,-1.5381,-0.5576,2.7051,-1.7299,-3.9784,-4.0389,-1.054,0.3184,-6.9178
3.1256,-1.1609,0.9906,2.5022,-1.4192,-2.7782,-1.4226,0.8855,1.8068,-1.4394,-3.2642,-3.154,-1.943,-1.4267,-6.2275
2.9235,-0.8428,2.4657,2.0458,-0.8259,-2.7434,-1.368,2.4633,0.8404,-1.2142,-2.5932,-2.4253,-3.0674,-3.075,-5.3512
2.617,-0.2387,4.1602,1.5073,-0.2535,-2.7062,-1.0438,4.2174,-0.0305,-0.6892,-1.6901,-1.9485,-3.7215,-4.6521,-4.233
2.8079,0.3499,5.8517,1.3577,0.8709,-2.7687,-0.712,5.6892,-0.721,-0.5763,-0.2947,-0.4157,-4.2231,-6.6749,-3.1825
2.7443,1.1577,7.2498,1.1102,1.5427,-2.8693,-0.5417,7.1599,-2.083,0.1595,0.9547,0.4545,-4.8129,-7.9914,-1.6694
3.0263,2.1827,8.5904,0.8697,2.2928,-2.9716,0.0911,8.3607,-3.7253,0.9467,1.9861,1.8086,-5.2726,-9.16,-0.103
2.4764,2.7794,9.6431,0.4619,2.9436,-2.625,0.5336,8.7643,-5.5423,1.1897,2.6303,3.1202,-4.9388,-10.0221,1.2009
2.4834,3.1509,9.7355,0.048,3.5575,-2.7649,1.2025,8.9529,-6.5548,2.4022,3.1143,4.4797,-5.055,-9.9663,2.9707
1.7383,3.2958,9.3527,-0.4562,3.776,-2.2398,1.9676,8.7241,-7.3633,3.7199,3.1052,6.1907,-4.6161,-9.6096,4.7366
1.7783,3.1159,9.3435,-0.6436,3.7075,-1.9548,2.5741,7.8143,-7.929,4.6776,2.9584,6.6813,-3.9635,-8.8828,6.1417
1.7608,2.8788,8.6812,-0.939,3.5632,-1.7278,2.7599,7.088,-7.8588,5.617,2.6286,6.4245,-3.6502,-7.6578,7.3008
2.1513,2.8424,8.1046,-0.61,3.298,-1.4954,3.2417,5.8608,-7.8386,6.3953,2.4363,6.5574,-2.6158,-6.5903,8.1474
2.1694,2.8768,7.4977,-0.7303,3.1453,-1.4702,3.1541,4.966,-7.9632,7.502,2.0101,6.9332,-2.1002,-5.1455,9.3336
2.1664,2.7479,6.7379,-0.593,2.7349,-1.4973,3.0589,3.6701,-7.871,7.9096,1.2807,6.6291,-1.6197,-3.8009,9.6872
1.8017,2.4775,5.3724,-0.4806,2.0649,-1.7409,2.9285,2.5612,-7.3691,7.6209,0.8394,6.025,-0.7993,-2.1198,9.579
1.6689,1.8418,3.9881,-0.4264,1.4877,-1.4503,2.7256,1.0334,-7.0461,7.2706,0.0928,5.5833,0.0618,-0.7179,8.9597
1.829,1.3914,2.8083,-0.1584,1.0651,-1.4253,2.5014,-0.5278,-6.0467,7.1282,-0.608,5.0903,1.1704,0.9268,8.6473
1.5321,0.9802,1.4167,-0.3911,0.6808,-1.1908,2.2166,-2.4812,-5.3673,7.2745,-1.6489,4.3969,1.748,2.7676,7.8309
1.3493,0.4035,-0.371,-0.0346,-0.0009,-0.9992,2.0909,-4.5382,-4.8355,7.1243,-2.6203,1.9464,2.0492,4.2708,6.9972
1.6517,-0.3571,-2.563,0.3262,-0.7806,-0.9714,1.7798,-6.1631,-3.3727,6.3081,-3.9507,1.7965,3.2544,6.1767,5.8966
1.684,-0.9381,-4.443,0.6557,-1.9479,-0.95,1.4504,-6.8072,-1.6262,5.5121,-5.1592,1.1076,3.5366,7.6133,4.418
2.1216,-2.0592,-5.1842,1.0649,-2.7396,-1.1006,1.0671,-7.6242,0.1592,4.3289,-6.2169,-0.4197,3.6834,8.0803,2.8984
2.1272,-3.1637,-6.049,1.4981,-3.3097,-1.2799,0.5142,-7.7349,1.5035,3.6979,-6.7268,-1.8511,3.7206,8.1365,1.25
2.2797,-3.2507,-6.1267,2.774,-3.7954,-1.2911,0.2251,-7.573,2.8392,2.9638,-6.4215,-3.3606,3.709,8.4952,-0.2143
2.4183,-3.1967,-5.6966,2.9137,-3.8987,-1.6425,-0.4919,-7.7198,3.1047,1.6302,-6.4215,-3.5035,3.5035,7.6936,-1.8267
2.0512,-2.9736,-5.7972,2.8015,-3.7371,-1.6439,-1.0779,-7.2923,3.1966,0.6432,-6.3868,-3.9737,3.0369,7.1524,-3.4609
1.9253,-3.3014,-5.6802,2.6341,-3.758,-1.8481,-1.6768,-6.8901,3.1007,-1.2942,-6.2992,-3.9396,2.9744,5.5795,-5.2007
2.1251,-3.1972,-5.4598,2.7193,-3.6647,-1.8554,-1.9884,-5.5081,3.6851,-1.5471,-6.6202,-4.4195,2.2145,5.0809,-6.3225
2.5348,-3.2055,-4.1191,2.6648,-3.2613,-1.8995,-2.3339,-4.0664,3.9668,-2.1489,-6.1605,-4.6594,0.9049,3.9784,-7.2032
3.0575,-2.2348,-2.8568,2.5453,-2.7316,-2.3043,-2.1586,-2.3554,3.7605,-2.4304,-5.5032,-4.7132,0.1658,2.6142,-7.6101
2.7378,-2.2113,-1.3516,2.4409,-2.3805,-2.2693,-2.0425,-0.915,3.1826,-2.889,-4.673,-3.9777,-0.6752,1.2519,-7.5614
2.5812,-2.2223,0.2514,2.7278,-1.7207,-2.3561,-2.1369,0.3424,2.2639,-2.851,-3.605,-3.6215,-1.358,-0.4835,-7.0688
2.8109,-1.3714,1.6648,2.1503,-1.0807,-2.6043,-1.9991,2.0593,1.4313,-2.4043,-2.7423,-2.9496,-2.1243,-2.3237,-6.5542
2.8035,-0.8911,3.2997,1.9638,-0.3292,-2.6787,-1.754,3.8639,0.7563,-1.8881,-1.669,-2.0596,-3.9018,-4.1405,-5.7074
3.1202,-0.1455,5.1105,2.0404,0.3962,-2.7754,-0.8371,5.7664,-0.1796,-1.6007,-0.3446,-1.3282,-4.8187,-5.5197,-4.3877
2.8197,0.9415,6.7613,1.401,1.4735,-2.5984,-0.4958,6.9172,-1.9251,-0.7115,0.8657,-0.2384,-4.1938,-7.4131,-2.9132
2.6842,1.6223,7.9577,1.1014,2.4566,-2.5991,0.0166,7.88,-3.2128,0.1974,1.9446,1.2725,-4.3765,-8.6152,-1.2563
3.0538,2.5562,8.9722,0.3039,3.3223,-2.6771,0.4996,8.2791,-4.5635,1.2087,2.5421,2.8086,-4.2997,-9.6884,0.3089
2.7647,2.9277,9.3851,0.1094,3.8406,-2.5165,1.1254,8.7024,-5.4914,2.8783,3.1995,4.5007,-4.3252,-9.9353,2.5307
2.2668,3.1775,9.3208,-0.1251,3.9427,-2.4139,1.6735,8.5057,-6.3738,4.102,3.7524,5.4403,-3.6072,-9.618,4.7615
1.9553,3.2368,9.1353,-0.9916,3.7664,-2.1953,2.3179,7.7546,-7.5815,5.2826,3.1202,6.6534,-3.0795,-9.546,6.3903
1.836,3.1168,8.3253,-0.9965,3.6729,-1.7521,2.995,7.2253,-7.7782,6.3708,2.5711,6.8298,-2.7794,-7.7401,7.7795
2.0232,2.8304,7.6694,-1.0915,3.1677,-1.5375,2.8894,6.1388,-7.5563,6.4179,1.9078,6.7992,-1.7068,-6.726,8.3506
1.9914,2.6038,6.8723,-0.7129,2.7681,-1.4904,2.6753,5.6102,-7.1979,6.7151,1.6163,6.3746,-1.1982,-5.2021,8.847
1.9833,2.3406,6.2804,-0.5187,2.3123,-1.4639,2.7497,3.9984,-7.297,6.6188,1.2405,6.1988,-0.9151,-4.052,9.0801
1.7277,1.9549,4.9808,-1.0335,2.0711,-1.3273,2.5756,2.652,-7.1265,6.9713,0.4348,6.0496,-0.1843,-2.9117,8.9589
1.8166,1.4387,3.9851,-0.3297,1.5219,-1.1532,2.4106,1.3389,-6.4658,6.8409,0.1,5.4011,0.4091,-1.342,8.6774
1.6381,1.184,2.704,-0.3002,1.2329,-0.9008,2.1445,0.1756,-6.0954,6.901,-0.319,4.7299,1.3174,-0.1181,8.2341
1.5639,0.8402,1.4878,-0.4455,0.5751,-0.8245,2.1012,-1.5063,-5.302,6.6323,-1.3151,4.2007,2.1559,1.3978,7.5262
1.3737,0.3864,-0.1591,0.1875,-0.1684,-0.7573,1.8667,-3.2851,-4.2419,6.2161,-2.0055,3.698,2.4268,2.7941,6.7997
1.7018,-0.5835,-2.0552,0.3433,-0.9649,-0.635,1.9627,-4.8042,-3.6949,5.4446,-3.0305,2.957,2.815,4.1387,5.506
2.05,-1.3863,-3.1671,1.1346,-1.7872,-0.7152,1.514,-5.5819,-2.1797,4.9747,-4.0572,1.856,3.5883,5.6511,4.6656
2.1669,-1.9232,-4.2924,1.6179,-2.5171,-0.9621,1.0394,-6.3065,-0.9945,4.5288,-4.6971,0.6975,3.5759,6.843,3.5828
2.0555,-2.3047,-5.1718,1.7598,-3.0942,-0.9714,0.4421,-7.0156,0.5223,3.818,-5.5063,-0.3965,3.9258,7.463,2.4532
2.1901,-2.5243,-5.7298,2.1333,-3.5718,-1.0905,0.0676,-7.4607,1.2181,3.0657,-5.8375,-1.8178,3.8266,7.6182,0.868
2.1148,-2.8714,-6.0989,2.4132,-3.9191,-1.2068,-0.7677,-7.5564,2.071,1.7742,-6.3035,-2.692,3.7163,7.9434,-0.5784
2.4486,-3.298,-6.3559,3.003,-4.0393,-1.359,-1.3489,-7.2401,2.7559,0.3656,-6.4034,-3.8735,3.708,6.8584,-2.466
2.4453,-3.2871,-5.9893,2.969,-4.0245,-1.3644,-1.8664,-6.6204,3.5038,-0.7794,-6.4881,-3.7996,2.7988,6.468,-4.3565
2.5636,-3.547,-5.4756,3.5791,-3.7831,-1.3015,-2.0114,-5.779,2.9917,-1.559,-5.8999,-4.2515,2.1841,5.9703,-5.5531
2.3268,-3.1146,-4.9703,3.2089,-3.4119,-1.2327,-2.2044,-4.8757,2.9549,-1.217,-5.7621,-4.4119,1.768,5.0627,-5.8928
2.3299,-3.0028,-3.9102,2.9695,-3.2828,-1.3003,-2.14,-3.9899,3.2822,-2.135,-5.3047,-4.6868,1.0068,4.3107,-6.5411
2.7037,-2.7612,-3.0743,2.8266,-2.7758,-1.3654,-2.1455,-3.4572,2.4401,-2.4179,-4.8605,-4.0003,0.0177,3.2697,-6.701
2.7427,-2.4833,-2.3565,2.675,-2.3831,-1.5782,-1.8671,-2.3909,2.3079,-2.3416,-4.5063,-3.4935,-0.2367,2.3283,-6.4638
2.9468,-2.12,-1.4986,2.7325,-1.8781,-1.7701,-1.7527,-1.2985,2.3398,-2.103,-3.7923,-3.3505,-0.6955,1.205,-6.1796
3.0135,-1.7883,-0.5851,3.045,-1.3352,-1.9297,-2.2319,-0.2731,1.7938,-2.0647,-3.1313,-3.0906,-1.6537,-0.4726,-5.7563
3.4999,-1.0611,0.5492,2.2777,-0.7259,-2.1988,-2.0127,1.304,1.1269,-1.6546,-2.6878,-2.2706,-2.4436,-2.3107,-5.1781
3.4716,-0.69,1.8626,2.3094,-0.3403,-2.6539,-1.3903,3.6212,0.8664,-1.2678,-1.8485,-1.2723,-2.8878,-3.7108,-4.4197
3.666,-0.1551,4.3006,2.0656,0.2066,-2.9181,-1.1262,5.1517,-0.0875,-1.2029,-1.0969,-1.0698,-3.3027,-5.4677,-3.8553
3.4468,0.8976,5.9872,1.5523,1.0461,-2.9987,-0.7189,6.7418,-1.4407,-0.7652,0.2369,-0.121,-3.6885,-7.0823,-2.9282
3.3546,1.358,7.5134,1.2566,1.9957,-2.8267,-0.445,7.6924,-2.9827,-0.0879,1.5348,0.8873,-3.8954,-8.7573,-1.363
3.97,2.203,8.5543,0.9008,2.8943,-3.2484,-0.0127,8.4897,-4.337,1.0531,2.5234,2.619,-4.5079,-9.2265,0.3655
3.7338,2.8604,9.4142,0.5201,3.5379,-3.3644,0.369,9.1647,-5.9344,2.0037,3.1979,3.7235,-4.7396,-9.1981,2.1708
2.949,3.2684,9.526,-0.2228,3.8711,-3.0055,0.8994,8.9779,-7.0282,3.5495,3.6168,4.8934,-4.2163,-8.5226,4.6057
2.7337,3.4641,9.29,-0.4996,4.0511,-2.7514,1.41,8.044,-7.8497,4.7283,3.4463,6.1183,-3.7421,-7.9766,6.1552
2.6526,3.6027,8.3029,-0.6023,4.0181,-2.6094,1.8579,7.0951,-8.363,5.7979,3.0449,6.5562,-3.7236,-6.1478,7.3055
2.4795,3.3911,7.4003,-0.6874,3.7296,-2.3901,2.4694,5.9475,-8.3011,6.4367,2.0111,7.0239,-3.1,-5.2046,8.1373
2.335,2.7533,6.1768,-0.5761,3.2614,-2.1855,2.7138,4.9509,-7.871,6.6747,1.5516,6.6367,-1.8074,-3.9689,8.7051
2.2621,2.1826,5.2258,-0.9202,2.9437,-1.9577,2.9368,3.4395,-7.511,7.28,1.0539,6.2303,-0.9796,-2.9282,9.1204
1.9384,2.1091,4.0066,-0.396,2.1767,-1.6016,3.0089,2.0904,-6.9479,7.3278,0.3691,6.0482,0.0311,-1.7042,9.2543
2.4197,1.4144,3.117,0.3416,1.7384,-1.5885,2.9239,0.8435,-6.1277,7.3965,-0.2302,5.1187,1.0338,-0.3527,9.1106
2.1741,1.4409,1.9955,0.4836,1.1423,-1.2337,2.7774,-0.464,-5.4626,7.2331,-0.4895,4.2602,1.6316,0.8523,8.698
2.2145,1.0952,0.9359,0.7337,0.4394,-1.1675,2.5543,-2.0772,-4.862,6.8243,-1.0974,3.236,2.4572,2.3713,8.2022
0.5542,0.5602,-1.3028,0.8413,-0.1348,-0.3627,2.3189,-4.1739,-4.4543,6.4841,-2.0111,3.0344,3.0667,3.9326,7.3443
1.2824,-1.024,-3.171,1.1324,-0.8958,-0.2044,1.8653,-6.1246,-3.3801,5.4548,-3.1607,2.3906,3.6837,5.6307,6.0745
1.9246,-1.574,-4.8141,1.4429,-1.9346,-0.2282,1.5285,-7.044,-2.0972,5.4709,-4.6583,1.7021,4.3644,7.367,5.0707
2.008,-2.0969,-5.996,1.8628,-2.8535,-0.4084,1.2096,-8.2282,-0.6964,4.8524,-5.8311,-0.4442,4.8529,8.5539,3.7182
2.1626,-2.8362,-6.9143,2.5278,-3.3912,-0.5597,0.7159,-8.8845,0.9816,3.6367,-6.5849,-1.9859,4.877,9.7506,2.1537
2.3914,-3.3346,-7.1484,3.1782,-3.7707,-0.6996,0.1898,-9.1413,2.1122,2.8228,-6.7948,-3.2271,5.0978,10.1966,0.6351
2.0064,-3.3808,-7.7118,3.3089,-4.2229,-0.7778,-0.3993,-9.7252,2.5852,1.9443,-6.9069,-4.0962,4.9263,9.3673,-0.9876
2.0658,-3.6136,-8.1336,3.51,-4.4217,-0.6427,-1.2287,-9.3079,3.5662,0.4956,-7.2746,-4.5613,4.8404,8.8293,-2.9126
2.3474,-3.7807,-7.8372,3.4919,-4.3943,-0.968,-1.7458,-8.922,4.1158,-0.4072,-7.3655,-4.8517,4.0788,8.29,-4.4899
2.5985,-3.7709,-7.0199,2.9127,-4.2842,-1.129,-2.3332,-7.9402,4.6315,-1.3729,-7.698,-5.4363,3.245,7.3085,-5.7524
2.6061,-3.997,-6.2565,3.1143,-3.83,-1.3642,-2.7781,-6.6811,4.767,-2.0636,-7.1992,-5.6688,2.2499,6.7394,-6.8344
2.8092,-3.5043,-5.3133,3.4694,-3.483,-1.5527,-2.8505,-5.6018,4.8503,-2.281,-6.5106,-5.645,1.6336,4.9926,-7.6111
3.1899,-3.0573,-4.0573,3.5486,-3.0643,-1.7194,-2.7154,-3.1614,4.5687,-2.9433,-5.6369,-5.1107,0.6429,3.1914,-7.6591
3.3018,-2.7498,-2.1741,3.6143,-2.4924,-1.9627,-2.3249,-1.7513,3.5874,-2.8377,-4.711,-4.7406,-0.1558,1.4223,-7.2242
3.0207,-1.8086,-0.7286,3.0105,-1.9624,-2.2278,-2.3479,-0.2658,2.354,-2.4664,-3.8572,-4.2056,-1.083,-0.2449,-6.7288
1.5086,-1.4544,-0.0518,2.3406,-1.4681,-1.8339,-1.9604,1.3622,1.741,-2.3886,-3.5922,-3.5291,-1.5206,-1.4159,-6.2158
2.473,-1.5724,1.6848,2.3439,-0.7651,-2.2065,-1.9492,3.041,1.2799,-2.7802,-2.8863,-2.8354,-2.5726,-3.1802,-5.6142
2.866,-1.0287,3.7495,2.2748,0.0309,-2.5111,-1.6323,4.9367,0.4659,-2.091,-1.7326,-1.9503,-3.4128,-5.7064,-4.74
2.8282,-0.2404,5.7266,1.9674,1.1473,-2.5508,-1.1929,6.5694,-0.707,-1.2429,-0.4348,-1.0351,-3.7242,-7.3944,-3.4755
2.3773,0.9571,7.177,1.9443,2.0148,-2.4556,-0.8025,8.1045,-2.0196,-0.4312,1.1014,-0.343,-4.4254,-8.4082,-2.0625
2.3149,1.8037,8.4344,1.4607,2.9031,-2.5363,-0.2616,8.9932,-3.2999,0.0208,2.2633,0.911,-4.7913,-9.7062,-0.2391
2.3311,2.2776,9.7015,0.7791,3.7096,-2.5358,0.1008,9.4972,-5.0578,1.2246,3.1547,2.7488,-4.6698,-10.3617,1.5262
2.0941,3.0515,9.8457,0.2588,4.2336,-2.6799,0.8315,9.9142,-6.3721,3.1129,3.0177,4.5574,-4.714,-9.7665,3.4886
2.0137,3.1242,10.0127,0.3126,4.0777,-2.5202,1.2376,9.5842,-7.3845,4.179,3.5451,5.8976,-4.591,-9.6472,5.5833
2.4516,3.0844,10.1219,-0.4663,4.0811,-2.4869,2.2547,9.4177,-7.7853,5.1037,3.2306,6.4377,-4.2421,-9.2591,7.125
1.8494,3.2382,9.7531,-0.6734,3.9715,-2.1395,2.4577,8.5459,-8.0846,6.1485,3.0846,7.35,-3.3033,-8.0306,8.5038
1.6773,3.3891,9.2048,-0.3251,3.7204,-1.908,2.5758,7.3641,-8.8119,6.7301,2.7561,6.9493,-2.5672,-7.0973,9.4805
2.0977,2.7236,8.1587,-0.2816,3.3401,-1.9232,2.4732,6.061,-8.7575,6.9812,2.7129,6.9122,-1.991,-5.6064,10.035
2.1038,2.6764,6.7494,-0.2137,2.9907,-1.9671,2.8142,4.7041,-8.392,7.5131,2.1224,6.624,-1.6269,-3.9927,10.551
1.4681,2.7021,5.1696,-0.2099,2.4179,-1.5528,2.6695,3.3094,-7.9127,7.7399,1.0327,6.876,-0.5459,-1.3901,10.204
1.4582,1.9774,4.0284,-0.1204,1.701,-1.2578,2.6151,1.2348,-7.4027,7.4547,0.0717,6.2144,0.3534,-0.117,9.8057
1.3485,1.6662,2.3636,0.1025,1.0863,-0.888,2.554,-0.4998,-6.8231,7.2989,-0.671,5.0245,1.1652,1.7289,9.26
1.5022,0.9545,0.6005,0.9646,0.3411,-0.8423,2.2564,-2.368,-5.6321,6.8147,-1.3069,4.1675,1.6494,3.4466,8.4006
1.4851,0.5474,-1.4455,1.2887,-0.1965,-0.7233,2.1755,-4.4124,-4.7616,6.6188,-2.2484,3.6778,3.1028,4.2901,7.4861
1.6965,-0.2436,-3.4182,1.5954,-1.0328,-0.7208,1.7513,-5.9891,-3.3529,6.3183,-3.4884,1.9478,4.119,6.0913,6.5363
1.7061,-1.1458,-5.0742,2.5083,-2.0506,-0.6178,1.5056,-7.3259,-1.9085,5.8821,-4.6533,1.6352,4.5023,7.774,5.2862
2.0818,-2.2167,-5.7607,2.6377,-3.226,-0.9718,1.0803,-8.1849,-0.6018,4.8157,-5.6086,0.2532,4.7963,8.9195,3.7166
1.8997,-2.6153,-6.8218,3.0884,-3.9274,-1.009,0.526,-8.4052,1.0859,3.698,-6.1534,-0.5377,5.052,9.5998,2.2059
1.7283,-3.5338,-7.3107,3.2236,-4.6878,-0.9015,-0.1423,-8.9861,1.7128,2.6267,-6.8421,-2.2335,5.2441,9.6995,0.4984
1.7578,-3.5844,-7.6497,3.0939,-4.9167,-0.7894,-0.801,-9.0465,2.5469,1.4089,-7.2701,-3.5674,4.9475,9.7228,-1.5578
2.3801,-4.0425,-7.7038,3.3375,-4.8657,-1.0538,-1.4993,-8.794,3.2901,-0.0522,-7.5072,-3.9561,4.4409,8.6662,-3.8002
2.4401,-4.0802,-7.3562,3.5108,-4.5723,-1.0834,-2.1717,-7.9113,4.0485,-0.9981,-7.2991,-4.7097,4.0883,7.1609,-5.3873
2.4603,-3.5299,-6.8169,3.3321,-4.3293,-1.2616,-2.3637,-6.5627,4.011,-1.5959,-7.2676,-4.9614,3.0765,6.5629,-6.4663
2.5561,-3.4685,-5.9352,3.7754,-4.0212,-1.5331,-2.5518,-5.0871,4.5798,-2.6399,-6.594,-5.4193,2.2397,5.471,-7.3506
2.5404,-3.2391,-4.4493,3.6182,-3.5838,-1.5873,-2.5963,-3.963,3.7387,-2.8385,-5.9062,-5.3886,1.3516,4.853,-7.8004
2.4746,-2.3532,-3.2973,3.2699,-3.0676,-1.8031,-2.502,-2.5853,3.5449,-2.9726,-5.3739,-4.7435,0.8353,3.9606,-7.7742
1.9927,-2.2808,-2.1518,3.0401,-2.4818,-1.7153,-2.3971,-1.8667,2.6621,-3.1604,-4.8715,-4.4289,0.8426,2.2854,-7.7129
2.0284,-2.2096,-1.3833,3.211,-1.9353,-1.6493,-2.2416,-0.5329,2.2252,-3.0852,-4.0462,-3.9515,0.1259,0.5826,-7.1879
2.4346,-1.7926,-0.2119,3.0953,-1.4436,-1.6798,-2.0136,0.5519,1.8581,-2.6922,-3.3687,-3.5291,-0.9019,-1.1595,-6.913
3.0103,-1.421,1.1078,3.1623,-0.9546,-1.9157,-1.8944,2.4724,1.0093,-2.2192,-2.4949,-2.686,-1.9496,-2.3678,-6.0342
3.0329,-0.6061,3.1913,2.6852,-0.5779,-2.1183,-1.7621,4.1421,0.4851,-1.7184,-1.506,-1.9148,-2.4823,-4.4001,-4.9528
3.0864,-0.0072,5.083,2.1321,0.4077,-2.2401,-1.8557,5.8485,-0.7412,-1.2364,-0.4385,-0.9371,-2.9303,-5.7791,-3.854
2.3572,1.1668,6.7626,1.7995,1.3884,-1.9266,-1.4181,6.6873,-2.1542,-0.5091,0.6043,0.0956,-3.6658,-7.2025,-2.4706
2.293,1.6116,7.4174,1.4428,2.2819,-1.89,-0.7277,7.5904,-3.7319,0.1584,1.3154,1.5987,-4.3437,-8.1994,-1.0445
2.2291,2.2417,8.3108,0.962,3.0768,-1.8871,-0.2145,8.419,-4.8804,1.127,1.9568,3.0047,-4.43,-9.0756,0.362
2.356,2.0341,8.7683,0.7653,3.6081,-1.8816,0.4394,9.0378,-5.6046,2.1151,2.3466,4.4039,-4.9535,-8.9043,1.9595
2.2679,2.7507,9.1893,0.2385,3.6559,-1.8603,1.1973,9.1097,-6.7572,3.5364,2.7787,4.996,-4.2998,-9.1046,3.8701
2.2241,2.8426,9.413,0.4832,3.689,-1.773,1.8702,8.8576,-7.3231,4.8017,3.1166,5.8371,-4.0495,-8.5347,6.0038
2.0143,3.1308,9.1909,0.0989,3.4873,-2.0839,2.4708,8.2643,-8.4966,5.9792,3.0075,6.1887,-3.5928,-7.6003,7.6928
1.5464,3.1058,8.9227,-0.0763,3.4501,-1.73,2.7683,7.2495,-8.4884,6.5927,2.7269,6.3305,-2.8358,-6.5178,8.9442
1.7116,2.999,8.1301,-0.3615,3.0335,-1.5255,2.7106,5.7597,-8.5845,6.9709,2.3525,6.6134,-1.8913,-5.3089,9.7456
1.3766,2.8936,6.8549,-0.1422,2.7205,-1.175,3.2852,4.2848,-8.7768,7.6317,1.6979,6.5102,-1.0594,-3.498,10.1333
1.2853,2.2133,5.4393,0.0537,2.3583,-0.9919,3.2882,2.617,-8.4761,7.6525,1.4034,5.865,0.4582,-2.0774,10.5137
1.5215,2.0019,4.0894,0.0787,1.6288,-0.8406,3.194,0.6851,-8.0236,7.8121,0.5517,5.9144,1.103,-1.2659,10.5311
1.3616,1.5625,2.288,0.4817,1.007,-0.7233,2.8213,-0.5129,-7.3968,7.9304,-0.0717,5.6475,2.1593,1.1293,10.4917
1.5408,0.9186,0.7521,0.8133,0.1944,-0.6833,2.3761,-2.7956,-6.4814,7.6004,-1.2528,5.5978,3.0352,3.1993,9.7175
1.6428,0.3436,-1.3532,0.7545,-0.4181,-0.5882,1.8457,-4.9336,-5.5082,7.3865,-2.4187,4.378,3.6843,5.5123,8.7542
1.6505,-0.392,-3.3629,1.171,-1.3924,-0.5344,1.502,-6.801,-4.5682,6.9465,-3.7147,3.0869,4.0586,7.4972,7.5483
1.8267,-1.4479,-5.2954,1.3997,-2.507,-0.3974,1.1467,-7.9224,-2.8521,6.3344,-5.2917,2.1447,4.8033,9.1885,6.1905
1.8073,-2.4578,-6.7892,2.032,-3.3987,-0.5746,0.7556,-8.9867,-1.1312,5.4555,-6.579,0.3595,4.9425,10.5023,4.3232
1.6869,-3.3125,-7.688,2.6339,-4.4071,-0.5653,0.0976,-9.5385,0.8995,4.2107,-7.3898,-1.2576,5.1681,11.3072,2.2472
1.7971,-3.7005,-8.3287,3.417,-4.8394,-0.3755,-0.6328,-9.8566,2.0986,2.7051,-7.6524,-2.9555,4.8435,11.6547,0.29
1.6581,-3.9453,-8.8764,3.6789,-5.1045,-0.3003,-1.5014,-10.2575,3.1423,1.0342,-7.9861,-4.3526,4.4835,11.4979,-2.0888
2.3698,-4.233,-8.6363,3.5115,-5.1024,-0.5689,-2.0734,-10.0247,4.0112,-0.5495,-8.3923,-4.7538,3.9157,10.4023,-4.2496
2.4373,-4.2692,-8.3056,3.5583,-4.7442,-0.806,-2.519,-8.6569,4.7407,-1.0841,-8.2051,-5.6274,3.4983,9.5899,-5.8812
2.2769,-3.8879,-7.5376,3.7132,-4.384,-1.0435,-2.7493,-7.3092,4.6759,-1.499,-8.2373,-5.9505,2.7939,8.3929,-6.9317
2.4095,-4.0144,-6.2554,3.7248,-4.1159,-1.3532,-2.8344,-5.7897,5.1017,-2.3574,-7.8594,-6.3654,1.4001,6.6548,-7.7023
2.5593,-3.8068,-4.8872,3.8084,-3.5983,-1.269,-2.8292,-3.6998,4.9562,-3.031,-6.9839,-6.2478,0.584,4.8985,-8.3115
2.6178,-3.5044,-3.1449,3.9476,-3.0727,-1.5045,-2.859,-2.2965,4.2007,-3.0184,-5.9759,-5.876,0.1473,2.9949,-8.3468
2.6835,-2.7402,-1.7798,3.7618,-2.4188,-1.6935,-2.7587,-0.8099,3.175,-3.0085,-4.8674,-4.9812,-0.7008,1.1412,-7.9339
2.3993,-2.1125,-0.5332,3.6576,-1.7481,-1.7268,-2.469,0.8368,2.4645,-2.8665,-4.1641,-4.0569,-1.2936,-0.1803,-7.3035
2.5473,-1.7406,0.9949,3.2528,-1.1436,-1.8012,-2.2556,2.3262,1.5553,-2.7494,-3.4619,-3.4031,-2.3102,-2.0355,-6.5321
2.6434,-1.0199,2.6456,2.7642,-0.5065,-1.9907,-1.8292,4.388,0.8699,-2.1769,-2.4632,-2.4751,-3.2004,-3.7953,-5.4181
2.5433,-0.8812,4.6443,2.427,0.2404,-1.9659,-1.8202,5.9659,-0.0841,-1.6868,-1.2477,-1.9329,-3.8866,-5.5477,-4.2656
2.4458,-0.0273,6.3161,2.421,1.2725,-1.9864,-1.4238,7.4682,-1.2388,-0.884,0.1928,-1.0457,-4.6643,-7.3559,-2.8468
3.0287,1.0623,8.0686,2.1411,2.1762,-2.231,-1.0365,8.6954,-2.5769,-0.1429,1.2418,0.5539,-5.1287,-8.3305,-1.458
2.425,2.0159,9.3584,1.5935,2.9281,-1.9321,-0.3352,9.3034,-4.3049,1.2343,2.1816,1.3625,-5.3379,-9.2504,0.3389
2.233,2.6773,9.9536,0.8715,3.5135,-1.9381,0.2356,9.7352,-5.9338,2.3096,2.7851,3.3301,-5.0497,-9.6547,2.3551
2.5314,2.9172,10.212,0.4068,3.6313,-2.1408,0.9612,10.142,-7.05,2.9879,2.8238,4.8508,-4.8824,-9.0807,4.2807
2.1594,3.2052,10.0384,-0.0441,3.7547,-2.0224,1.5727,9.7473,-7.5748,4.2503,2.9265,5.9174,-4.6614,-8.9377,6.0117
2.0213,3.2791,9.7343,-0.5977,3.7246,-1.8088,2.3267,9.0695,-8.1411,5.3753,2.4304,7.1094,-3.9147,-8.0583,7.2735
1.8949,3.0818,9.072,-0.5118,3.6645,-1.519,2.6979,7.9725,-8.7466,6.179,2.1812,7.1014,-2.7975,-6.4467,8.2013
1.7588,2.7323,8.0699,-0.501,3.3168,-1.3084,2.7892,6.5299,-8.9712,6.7065,1.746,7.1514,-2.3236,-5.6589,9.1856
1.9448,2.4934,6.9047,-0.263,2.9959,-1.167,2.9201,5.4922,-8.2179,7.3811,1.505,7.2992,-1.7364,-4.1226,10.1172
1.8681,2.0038,5.7773,0.2017,2.3745,-1.1847,2.9284,3.8359,-8.5073,7.8837,0.8394,7.1692,-1.1334,-2.324,10.3199
0.9155,1.8313,4.0571,0.2976,2.0018,-0.5328,2.7654,2.4121,-7.7744,7.9536,0.311,6.4858,-0.2858,-0.9828,10.2567
1.3001,0.8833,2.7267,0.908,1.3344,-0.18,2.5493,0.7173,-7.3035,7.4178,-0.1015,5.9809,0.4434,0.4415,9.7572
1.5038,0.4742,1.3333,0.8979,0.641,-0.1136,2.3935,-1.0252,-6.4279,7.2808,-0.9684,5.2935,1.4569,1.2771,9.2575
1.353,-0.1907,-0.3619,0.9582,0.12,0.1026,2.1352,-2.5158,-5.6681,7.2432,-1.8599,4.3113,2.2737,3.3534,8.4269
1.16,-0.8255,-2.2515,1.4385,-0.5535,0.1261,2.1463,-4.2912,-4.6199,6.9977,-2.8372,3.4839,2.9375,5.2518,7.6706
1.8335,-1.4455,-3.5275,1.5782,-1.3673,-0.1296,1.5799,-5.7624,-3.3561,6.4821,-3.9621,2.5698,3.6322,6.8344,6.5388
1.7555,-2.1811,-4.8863,2.1407,-2.454,-0.36,1.0064,-6.9106,-1.8952,6.048,-4.8369,1.4905,4.4799,8.5415,5.4853
1.7412,-2.6882,-5.7843,2.8107,-3.4662,-0.51,0.348,-8.2501,-0.6499,5.246,-5.5341,0.2826,4.6626,9.4547,4.0888
1.3065,-3.1618,-7.4332,2.9123,-4.1038,-0.3913,-0.2665,-8.9765,0.2771,4.2456,-6.5134,-1.2912,4.4171,10.1959,2.3939
1.3908,-3.6569,-8.3786,3.3464,-4.4903,-0.4354,-0.8757,-9.1168,1.8643,2.5312,-7.1529,-2.5838,4.4205,10.5566,0.4106
1.9116,-4.2149,-7.9379,3.2674,-4.7527,-0.6989,-1.5039,-8.9276,3.0385,1.2191,-7.6826,-3.737,4.0734,10.3189,-1.955
2.0518,-4.7109,-7.9821,3.5575,-4.6868,-0.9153,-2.0757,-8.2007,3.5051,0.2086,-7.6188,-4.4784,3.7793,9.647,-4.0175
1.957,-4.3623,-7.4364,3.5202,-4.5594,-0.8322,-2.3237,-7.558,3.7692,-0.694,-7.4791,-4.9958,2.9692,8.7969,-5.2402
2.195,-4.3301,-6.7412,3.0831,-4.3413,-0.8249,-2.7734,-6.7486,3.9131,-1.5369,-7.3993,-5.1553,2.6538,7.4015,-6.5667
2.7262,-4.338,-5.5237,3.4984,-3.9573,-1.169,-3.025,-5.2762,4.2201,-2.2645,-7.0247,-5.488,1.9161,5.9508,-7.5985
2.3035,-3.8194,-4.5324,3.5823,-3.3983,-1.2869,-2.8914,-3.6199,3.8447,-2.4067,-6.1329,-5.3014,1.0778,4.8025,-8.007
2.4479,-3.2622,-2.9159,3.5165,-2.7324,-1.5642,-2.8872,-2.2829,3.3678,-2.5905,-5.1692,-4.6225,0.0994,3.6273,-7.5319
2.7287,-2.8788,-1.6437,3.1715,-2.2533,-1.7913,-2.6902,-1.0537,1.9829,-2.0435,-4.4176,-3.915,-0.7132,1.438,-6.9751
2.8551,-2.2982,-0.657,3.3346,-1.7799,-1.9556,-2.4144,0.6497,1.55,-1.8305,-3.7057,-3.1424,-1.6694,0.2522,-6.324
3.2277,-1.9914,1.0958,2.6837,-1.261,-2.3012,-2.0635,2.4502,0.9884,-1.6161,-3.0088,-2.457,-2.2168,-1.3715,-5.7375
2.9757,-1.2183,2.8055,2.0779,-0.6273,-2.4873,-1.8885,4.2139,0.3402,-0.8849,-2.3259,-1.5519,-3.0787,-3.3476,-4.9297
3.0791,-0.7234,4.7361,1.9027,-0.0038,-2.547,-1.5455,6.1888,-0.0112,-1.0797,-1.1062,-0.0747,-3.6536,-4.7808,-3.9534
3.086,0.1145,6.6656,1.6726,1.2655,-2.7045,-1.3272,7.6484,-1.6902,-0.3662,0.3169,1.0006,-4.3232,-6.3044,-2.5881
2.8288,1.1057,7.8961,1.5205,2.2379,-3.068,-0.7019,8.4655,-3.4335,0.7868,1.4799,1.93,-4.5752,-7.6139,-0.9486
3.0893,1.7863,9.04,0.0786,2.9265,-3.1976,-0.1697,9.3175,-5.0787,1.881,2.1031,3.2234,-4.751,-8.6818,0.7284
2.276,2.3593,9.5237,-0.2963,3.4464,-2.8194,0.5261,9.7558,-6.0212,2.8095,2.4046,4.7658,-4.9294,-8.8667,2.4846
2.0915,2.3725,9.5503,-0.3494,3.5968,-2.435,1.5089,10.0118,-5.9074,3.6437,2.8162,5.8311,-5.0067,-8.7825,4.247
1.8816,2.4711,9.7946,-0.1177,3.7097,-2.3641,1.8523,9.7343,-7.5736,4.7749,3.2784,5.7454,-4.4368,-8.8838,6.077
1.8207,2.7961,9.4852,-0.2331,3.7504,-2.2528,2.4467,9.2192,-8.2771,6.021,3.1204,6.4114,-3.7258,-8.1472,7.6202
2.0319,2.6344,9.3082,-0.4142,3.5407,-2.2075,2.7265,8.364,-8.2719,6.4851,2.7859,7.2666,-2.8788,-6.9334,8.8453
2.1976,2.4952,8.5572,-0.1042,3.4125,-2.0745,3.3219,7.6914,-8.3743,7.2788,2.7894,7.6887,-1.7457,-5.0785,9.4634
1.6054,2.5055,7.7579,-0.0555,2.9917,-1.6515,3.3431,5.3461,-9.0067,7.9169,2.4707,7.6046,-0.7021,-4.2992,10.4412
1.5333,1.951,6.2696,0.811,2.6106,-1.4762,3.4129,3.6228,-8.9116,8.2417,2.1494,7.2063,-0.0786,-2.2574,11.1101
1.7313,1.7591,4.5115,0.269,2.0858,-1.5618,3.2189,1.7556,-8.4828,8.6587,1.3285,7.0363,0.5274,-0.6546,11.1247
1.4939,1.3293,2.7419,0.7126,1.3182,-1.5828,2.9439,-0.0075,-7.702,8.8317,0.6049,6.7,1.1592,1.7893,11.0089
1.3024,1.1866,0.7527,0.2309,0.7204,-1.2521,2.698,-2.4978,-6.5195,8.7217,-0.991,5.9963,2.5194,3.9878,10.3256
1.2205,0.4239,-1.4515,0.8943,-0.1438,-0.77,2.4524,-4.6351,-5.473,7.7118,-2.0777,5.1634,3.1968,6.046,9.4282
2.1661,-0.4889,-3.5897,1.0062,-1.0722,-1.0016,1.9815,-6.376,-4.0988,7.3086,-3.6221,3.6382,4.1729,7.4653,7.9374
2.1523,-1.6174,-5.3985,1.7396,-2.4453,-1.0722,1.5063,-7.6826,-2.4478,6.8967,-5.126,2.4328,4.3489,9.7757,6.4619
1.1006,-2.8382,-7.0707,2.0003,-3.4432,-0.5126,1.1172,-8.7119,-0.9491,5.4407,-6.3573,0.8536,4.4772,10.7023,4.4432
1.2577,-3.7909,-8.0744,2.9234,-4.2318,-0.6228,0.3778,-9.1835,1.0283,3.9709,-7.0782,-0.9585,4.6854,11.326,2.3372
1.5801,-4.0515,-8.2025,2.8364,-4.6632,-0.4447,-0.4079,-9.6076,2.5516,2.2608,-7.7517,-2.5898,4.4385,11.16,0.0446
1.8513,-4.3556,-8.2054,3.5442,-4.6946,-0.3679,-1.2142,-9.1606,3.4408,0.7818,-7.6708,-4.047,4.2245,10.7317,-2.1314
2.7896,-4.1554,-7.6525,3.7829,-4.6118,-0.8439,-1.942,-8.7556,3.8988,-0.301,-7.4892,-4.7067,3.5468,9.732,-4.0007
2.7249,-4.2855,-7.26,3.6849,-4.272,-1.1594,-2.3814,-7.572,4.3604,-0.9367,-6.9548,-5.241,2.9564,8.5243,-5.2123
2.4163,-3.816,-6.2066,4.1112,-4.1097,-1.4632,-2.4885,-6.6734,4.2547,-1.2297,-6.4965,-5.1115,2.0165,6.9677,-6.0228
3.1209,-3.3955,-5.0866,3.6972,-3.7086,-1.8707,-2.6812,-4.894,4.1031,-1.9328,-6.2368,-5.0596,1.6644,5.7706,-6.6723
2.5179,-3.0988,-3.9383,4.1793,-2.9823,-1.7995,-2.5757,-3.3815,3.6839,-1.8765,-5.4448,-4.3571,0.5268,4.3044,-6.8521
2.1663,-2.6497,-2.704,3.6972,-2.6101,-1.7467,-2.4824,-1.785,3.1581,-2.0704,-4.7496,-4.117,-0.2642,2.7205,-6.8285
2.3036,-2.2855,-1.5583,3.4782,-2.089,-1.8712,-2.3185,-0.3622,2.834,-2.3324,-4.2778,-3.6973,-0.8588,0.9648,-6.406
2.392,-2.074,-0.1465,3.2221,-1.4983,-2.2766,-2.2676,0.9869,1.9875,-2.3841,-3.6004,-2.8341,-2.0475,-0.2571,-6.0336
2.0803,-1.9185,1.1395,3.0716,-0.8381,-2.2325,-2.1145,2.9831,1.5764,-2.1385,-2.7227,-2.6649,-2.6762,-2.7038,-5.2305
2.1156,-1.548,2.916,2.8272,-0.2777,-2.2774,-1.782,5.2441,1.1367,-1.7664,-1.2888,-1.9603,-3.3146,-4.26,-4.2479
2.7606,-0.8959,5.3455,2.3879,0.4832,-2.0317,-1.1779,6.6026,-0.4896,-1.2918,0.0273,-0.6825,-3.9707,-6.0551,-3.0708
2.3107,0.242,6.9321,2.0593,1.6464,-1.8246,-0.7447,7.6821,-1.8438,-0.0574,1.227,0.3567,-4.2725,-7.3373,-1.4653
2.3138,1.2621,8.0249,1.8255,2.4791,-1.8125,-0.1178,8.5956,-3.3635,0.7926,1.9401,1.741,-4.4285,-8.2555,0.1486
2.2491,1.9162,8.841,1.173,3.0452,-1.6431,0.1785,9.0635,-4.9443,1.7304,2.2359,3.298,-4.554,-8.8967,1.6447
2.4577,2.257,9.3556,0.9637,3.3631,-1.755,0.8019,9.3944,-6.0347,2.4107,3.1216,5.0111,-4.7993,-8.8542,3.3179
2.4414,2.6391,9.5705,0.5626,3.6297,-1.6548,1.3854,9.4497,-6.6659,3.6749,3.2862,5.9137,-4.4458,-8.7366,5.3988
2.1522,2.7952,9.6102,-0.0897,3.7917,-1.5361,2.0276,8.9705,-7.4847,5.1903,3.1546,6.7281,-4.2113,-7.9982,7.3829
1.6518,2.8062,9.1899,-0.6549,3.627,-1.1899,2.3395,8.0775,-8.3722,6.4953,2.6708,7.3789,-3.3215,-7.0836,8.6037
1.3442,2.3981,8.6142,-0.4018,3.3,-0.8136,2.828,7.0933,-8.3923,7.0055,2.4195,7.6342,-2.4658,-5.6127,9.4661
1.6323,2.0892,7.3515,0.0257,3.0683,-0.7297,3.0335,5.4944,-8.4808,7.2923,2.197,7.4658,-1.9068,-3.9472,10.2646
1.4193,2.0737,5.985,-0.343,2.5166,-0.5692,3.4003,3.819,-8.5002,7.9854,1.5463,7.182,-1.1282,-2.2874,10.9114
1.6458,1.7998,4.5743,0.0244,1.7112,-0.4765,3.2609,2.4922,-7.7219,8.1854,0.875,6.6471,-0.353,-0.3309,11.213
1.5048,1.3855,3.3041,-0.2703,1.0578,-0.3072,2.6544,0.556,-6.9831,7.7899,0.3195,6.1603,0.9057,1.0398,11.0534
1.4771,0.8878,1.8366,0.3034,0.6914,-0.186,2.4173,-1.5071,-6.2633,7.7906,-0.7167,5.6364,1.6954,3.0593,10.5823
1.7382,0.2116,0.0599,0.401,-0.0851,-0.1562,2.2729,-3.735,-5.4361,7.8477,-1.8047,4.6133,2.9459,4.8543,9.7748
1.3827,-0.2047,-2.4398,0.7616,-0.9419,-0.1147,2.0088,-5.7401,-4.2844,7.4801,-3.1348,3.7397,3.7207,6.6018,8.8289
1.4068,-0.9661,-4.4795,2.1658,-2.0346,-0.0292,1.6191,-7.1556,-2.8734,6.5116,-4.3519,2.9571,4.3997,8.2391,7.3962
1.5167,-2.3739,-6.0802,1.7669,-2.9714,0.0324,1.1763,-8.3065,-1.1782,5.3677,-5.6329,1.4679,4.5551,9.9814,5.346
1.6771,-3.3923,-7.1403,2.5981,-3.8726,-0.1611,0.3784,-8.9055,0.8048,4.2369,-6.5664,-0.0646,4.9787,10.7529,3.6053
1.7468,-3.7894,-7.7823,2.9349,-4.3209,-0.2605,-0.4977,-9.2122,2.2077,3.4236,-7.1448,-1.8454,5.0291,10.9528,1.6908
1.7288,-4.3354,-7.9391,3.3356,-4.6597,-0.3009,-1.0561,-9.2742,3.0579,2.1393,-7.2992,-3.3286,4.2224,11.207,-0.4194
1.7388,-4.3249,-7.9975,3.4527,-4.8087,-0.534,-1.9181,-8.9654,3.654,0.3904,-7.6662,-4.056,3.7236,10.5617,-2.5245
1.8184,-4.5333,-7.727,3.2841,-4.6332,-0.5239,-2.3515,-8.1424,4.7221,-0.9429,-7.8774,-4.5972,3.0072,9.4486,-4.5816
2.2646,-4.4633,-6.6797,3.6131,-4.315,-0.7955,-2.624,-6.7473,5.154,-1.5467,-7.2329,-5.2515,2.2302,8.2307,-5.8813
2.4345,-4.2563,-5.5076,3.9942,-4.0707,-0.7585,-2.7859,-5.0689,5.0085,-2.1925,-6.5589,-5.1681,1.4984,6.0494,-6.6515
2.2372,-3.8165,-4.0048,2.774,-3.4664,-0.8284,-2.8817,-3.6,4.2965,-2.5558,-5.9399,-4.7835,0.9751,3.9159,-6.9262
2.3785,-3.4994,-2.7048,2.8333,-2.9925,-0.9928,-2.8828,-2.0239,3.5374,-2.6785,-5.4005,-4.3905,0.1351,2.1694,-7.1374
2.3095,-3.0006,-1.4312,2.2598,-2.3473,-0.9271,-2.622,-0.2066,3.0513,-2.5064,-5.0018,-4.1935,-0.7334,0.816,-6.8996
2.6578,-3.1608,0.2477,2.5765,-1.7732,-1.1997,-2.3575,1.4554,2.5152,-2.5518,-3.8958,-3.2485,-1.2913,-0.7679,-6.366
2.7264,-2.3883,1.759,2.7328,-0.9658,-1.4557,-2.2489,3.5155,1.7178,-2.1076,-3.0008,-2.5346,-2.2771,-2.6235,-5.5765
3.0398,-1.8399,3.9869,2.5713,-0.3394,-1.9271,-1.9997,5.3472,0.6792,-1.8153,-1.7108,-1.5942,-3.3347,-4.7959,-4.7449
3.3889,-0.8145,6.1885,2.0468,0.5139,-2.3637,-1.775,7.373,-0.9701,-0.856,-0.3083,-0.3824,-4.326,-6.25,-3.1187
3.3238,0.4405,8.0345,1.7691,1.636,-2.807,-1.5749,8.7628,-2.3743,-0.1538,1.3315,0.795,-4.7679,-7.4636,-1.2112
3.1879,1.5562,9.4043,1.1561,2.6848,-2.8696,-0.8834,9.8024,-4.2518,0.9106,2.4643,2.5007,-5.3198,-8.3552,0.3444
2.5786,1.8932,10.1814,0.4763,3.3867,-2.6996,-0.4543,10.0849,-5.7776,1.8237,3.2239,4.4613,-5.3677,-9.2216,1.865
2.5925,2.4483,10.5904,-0.3967,3.8,-2.3603,0.3376,10.2724,-7.0665,3.1704,3.5755,6.2148,-5.3018,-9.2284,3.7132
2.3462,2.8936,10.1925,-0.6607,4.2389,-2.471,1.3558,9.4768,-8.2606,4.3309,3.4496,6.9539,-4.8143,-8.9191,5.6878
2.114,2.7376,9.7971,-0.506,4.2165,-2.1223,1.944,9.0963,-8.1636,5.5171,3.2844,7.5063,-3.8588,-7.9504,7.4872
1.9242,2.5024,9.1462,-0.6288,4.0165,-1.9102,2.2146,8.4055,-8.5258,6.6491,3.0101,8.1063,-3.6822,-7.2075,8.8662
1.782,1.901,8.3473,-0.3222,3.7423,-1.6934,2.5728,7.5425,-8.2063,7.0055,2.6028,7.7546,-2.8114,-6.1376,9.9531
1.628,1.829,7.4256,-0.1956,3.3615,-1.3204,2.3885,6.3922,-8.154,7.6134,2.4087,7.8652,-1.9213,-4.7337,10.5939
1.5351,1.3969,6.4806,-0.2811,3.0301,-1.336,2.2951,4.9133,-8.1392,7.915,1.8251,7.6814,-0.991,-3.4834,11.029
1.5586,1.2905,5.2885,-0.2961,2.5473,-1.2398,2.3319,3.5453,-7.9849,8.2441,1.3208,6.9236,-0.5283,-1.9822,11.0009
1.3725,1.0176,4.0673,-0.0662,1.8342,-1.0271,2.247,1.8146,-7.4857,8.2027,0.3954,6.3468,0.2573,0.0183,10.6788
1.1337,0.4296,2.4545,0.2704,1.3504,-0.843,2.0063,0.3631,-6.5618,7.6653,-0.2475,5.3584,1.171,1.763,10.201
1.1243,0.1714,1.1204,0.6837,0.7887,-0.7953,1.5659,-1.7797,-5.6699,7.4752,-0.9481,4.6876,1.8406,3.3636,9.5891
1.2141,-0.5013,-0.5365,0.5569,0.0647,-0.931,1.9518,-3.437,-4.9627,6.974,-2.0535,3.9636,2.3802,4.967,8.6249
1.5572,-1.4736,-2.4545,1.0662,-0.7906,-1.0101,1.845,-4.7313,-3.9709,6.5089,-3.1058,3.1738,3.9606,6.6272,7.5643
1.5024,-2.1436,-4.0576,1.3993,-1.6416,-0.7043,1.2785,-6.4362,-2.6227,6.026,-4.4674,2.4835,4.3666,7.9307,6.4893
1.544,-2.9331,-5.5129,2.4494,-2.5036,-0.6824,0.7413,-7.3251,-1.2153,5.3802,-5.1655,0.8792,4.7975,9.0453,5.1799
1.3021,-3.4156,-6.5556,2.3909,-3.296,-0.4342,0.1578,-8.2199,-0.052,4.4952,-6.019,-0.9253,4.9571,9.7623,3.7011
1.8026,-4.2749,-7.0168,1.9324,-3.8737,-0.525,-0.3642,-8.687,1.5687,3.3355,-6.9783,-2.6641,4.4702,10.9353,1.913
1.6329,-4.4321,-7.5901,2.7502,-4.0775,-0.5991,-1.2428,-8.7285,2.949,2.5001,-7.3496,-3.9075,4.0938,10.9748,0.0095
1.7764,-4.7801,-7.5004,3.1976,-4.3562,-0.7562,-1.6087,-8.5583,3.5828,0.8946,-7.3297,-4.7897,3.7289,10.9358,-2.002
1.9916,-4.8237,-7.0673,3.6207,-4.1063,-0.93,-2.3625,-8.0927,4.0479,-0.3839,-7.1891,-5.1115,3.4825,9.8583,-3.8532
2.19,-4.7006,-6.67,3.6898,-3.9315,-0.9728,-2.8925,-7.6178,3.8872,-0.9461,-6.7743,-4.9448,3.238,8.5986,-4.9869
2.6427,-4.4408,-6.0591,3.7521,-3.3646,-1.2696,-2.9132,-6.319,4.055,-1.28,-6.3623,-4.7941,2.0388,7.486,-5.7608
2.5603,-4.1281,-5.0604,3.0051,-2.8552,-1.4391,-2.9432,-5.0075,3.758,-1.9759,-6.0509,-4.715,1.529,5.5092,-6.3449
2.4623,-3.769,-4.187,3.0442,-2.5782,-1.5355,-2.5828,-2.9698,4.0858,-2.1256,-5.6889,-4.8487,0.7768,4.476,-6.6653
2.3319,-3.577,-2.7176,3.0993,-2.089,-1.6405,-2.7797,-1.6365,3.7689,-2.0334,-5.1552,-4.4118,0.0532,2.7004,-6.4869
2.5182,-3.2843,-1.0697,2.8689,-1.7542,-1.9535,-2.5757,0.0648,3.281,-2.2914,-4.4418,-3.7441,-0.7356,0.9029,-6.3754
2.714,-2.749,0.3008,2.4537,-1.2103,-2.0003,-2.6516,1.6745,2.5897,-2.2393,-3.6672,-2.3491,-1.8336,-1.8726,-5.8816
2.5791,-2.2549,1.9212,2.4632,-0.5557,-2.018,-2.3639,4.3492,1.9981,-2.3091,-2.6266,-1.9676,-3.1098,-3.6811,-5.3276
2.6145,-1.5741,4.2671,2.3991,0.0428,-2.0081,-1.9963,6.3734,1.1218,-2.3984,-1.6429,-1.2683,-4.1927,-5.8993,-4.5408
2.5974,-0.9913,6.4183,2.2885,1.1391,-2.0205,-1.5564,8.6104,-0.1909,-1.9034,-0.0415,-0.2404,-4.6681,-7.0424,-3.5349
2.8141,-0.2151,8.6618,1.8178,2.1907,-2.274,-1.3218,9.8763,-1.8538,-1.1846,1.7871,0.704,-4.8989,-9.0082,-2.0131
2.6806,1.1636,10.1801,1.2319,3.1683,-2.1053,-0.861,10.16,-4.1399,0.0663,3.2393,2.3869,-5.1823,-10.1439,-0.1232
2.8585,1.9443,10.768,0.3102,3.9652,-2.1977,-0.2874,10.4357,-6.1508,1.3992,4.1107,4.6295,-5.5301,-10.4836,1.9325
2.4727,1.9526,10.6019,-0.2647,4.5338,-2.1442,0.5386,10.4858,-7.3107,3.0094,4.1222,6.3581,-5.2625,-10.1582,3.8964
2.293,2.5496,10.494,-0.5905,4.4759,-1.9756,1.188,10.2757,-8.0151,4.547,3.8568,7.2962,-4.5155,-9.6716,6.1235
2.101,2.4354,10.3848,0.2418,4.4693,-1.8024,1.8308,9.7425,-7.9929,5.2605,4.1592,7.6735,-4.1385,-9.0632,7.5998
1.5654,2.5578,9.7844,-0.0962,4.3301,-1.4288,2.5116,8.5875,-8.8444,6.7659,3.8982,7.9879,-3.6296,-7.8011,9.0885
1.5889,2.2765,8.7349,-0.4062,3.927,-1.2493,2.6461,7.6147,-8.9235,7.1531,3.1828,8.6001,-2.3718,-6.4081,10.1494
1.9725,2.1699,7.8774,-0.5988,3.4513,-1.3808,2.5657,6.121,-8.8354,7.7531,2.4047,8.1685,-1.5037,-5.0855,10.6438
1.8042,1.5543,6.8438,-0.5572,3.0068,-1.244,2.592,4.8714,-8.4814,8.0569,1.6024,7.6356,-0.9335,-3.5753,10.8065
2.0307,1.2986,5.7169,-0.4932,2.3887,-1.1479,2.5865,3.7067,-7.7761,8.0002,0.9586,7.0284,-0.3564,-1.6529,10.576
1.6617,0.8953,4.57,-0.5229,1.96,-0.9169,2.333,1.9474,-7.601,7.9811,0.1358,5.7262,0.216,-0.5876,10.2405
1.6679,0.2385,3.0747,0.0649,1.4643,-0.7868,1.8846,0.6313,-6.3525,7.7577,-0.5449,5.1804,0.9625,1.3156,9.7146
1.6054,-0.2954,1.9493,0.5481,1.0566,-0.7996,1.7581,-1.0896,-5.9697,7.9439,-0.8992,4.4342,1.785,3.4515,9.3546
1.772,-0.8603,0.3011,0.6197,0.9733,-0.6494,1.4976,-3.3048,-5.661,8.0946,-1.6557,3.8856,2.7008,5.091,8.7944
1.6491,-1.1626,-2.0633,0.6985,0.0732,-0.578,1.35,-5.2268,-4.4865,8.0275,-2.7622,3.204,3.1983,6.5288,8.2027
1.5655,-1.9194,-4.2468,0.7511,-0.9895,-0.4205,1.2093,-6.2875,-2.5685,7.2901,-4.4645,2.3183,3.9668,8.5166,7.0064
1.7249,-2.8853,-5.3269,1.4147,-2.4493,-0.185,0.9116,-7.539,-1.2347,6.1284,-5.7301,1.0655,5.0079,9.4658,5.4598
1.478,-4.3165,-6.7075,1.672,-3.2168,0.0703,0.2532,-8.3365,-0.0548,5.0127,-6.5337,-0.4615,4.9524,10.2199,3.6861
1.6432,-4.7787,-7.4199,2.4445,-4.0359,-0.4169,-0.4049,-8.6252,1.3255,4.1771,-6.9531,-1.8208,4.7249,11.7212,1.9183
1.5967,-4.9724,-7.7383,2.8776,-4.5646,-0.7777,-1.4246,-8.9601,2.3639,2.6278,-6.9851,-3.2921,4.4228,11.0717,-0.0395
1.6386,-5.224,-7.8241,2.6812,-4.801,-0.6278,-2.3569,-9.0303,3.5143,0.9943,-7.2732,-4.4664,3.8843,10.1548,-2.5482
2.0689,-5.6162,-7.4797,2.8486,-4.6022,-0.9227,-2.6521,-8.363,4.7215,-0.7566,-7.3867,-5.0804,3.2507,9.3203,-4.7587
2.1501,-5.4697,-6.6969,3.3837,-4.29,-0.8544,-2.9654,-7.146,4.851,-1.1801,-6.9789,-5.2715,2.6438,8.0737,-6.0059
2.3395,-5.1389,-5.6311,3.3269,-3.8625,-1.0243,-3.1269,-5.8031,4.8373,-2.0191,-6.5171,-5.1797,2.214,6.5181,-6.8132
2.1899,-5.0553,-4.4792,3.2438,-3.1943,-0.9888,-3.2396,-4.4733,4.3607,-2.2847,-5.7584,-5.1833,1.3554,4.941,-7.2589
2.4993,-4.5993,-3.3989,3.3191,-2.8054,-1.1827,-3.388,-3.0514,4.0069,-2.1859,-4.9099,-4.675,0.314,3.297,-7.3496
2.1139,-4.1006,-2.1361,2.9235,-2.3461,-1.4199,-3.0306,-1.4426,3.7385,-2.3342,-4.2031,-4.1123,-0.5338,1.8732,-7.1907
2.1396,-3.7674,-0.8657,2.4147,-1.9101,-1.5426,-2.5863,-0.0292,2.9713,-2.2196,-3.6971,-3.7192,-1.3039,0.0449,-6.7882
2.1108,-3.1884,0.3996,2.4004,-1.3884,-1.4023,-2.354,1.6917,2.4473,-2.1066,-2.9099,-2.9673,-1.9352,-1.3543,-6.253
1.8988,-2.8595,1.8942,2.1125,-0.712,-1.3047,-2.1283,3.425,1.4418,-1.8328,-2.0135,-2.0208,-2.4326,-3.5367,-5.3208
2.2148,-2.3055,3.8132,2.3208,-0.1041,-1.2946,-1.8853,5.3686,0.8069,-1.6133,-0.8147,-1.1725,-3.2863,-5.0733,-4.054
1.8669,-1.4114,5.7162,1.5145,0.7842,-1.094,-1.3577,6.593,-0.7041,-1.083,0.4208,-0.2134,-3.6843,-6.4184,-2.9112
2.0267,-0.5603,7.0493,1.2824,1.7698,-1.2931,-1.0803,7.3966,-2.272,-0.3987,1.6461,0.5344,-4.1159,-7.702,-1.4445
1.6337,0.2144,7.7416,0.5277,2.7833,-1.1983,-0.6525,8.0094,-3.5212,0.9438,2.2996,2.2056,-3.7134,-8.1119,0.3829
1.7057,0.6385,8.2186,-0.0811,3.2222,-1.4241,0.0702,8.2442,-4.712,2.1954,2.7475,3.763,-3.9192,-8.8651,2.2674
1.2603,0.8746,8.2841,-0.5126,3.548,-1.1028,0.764,8.3255,-5.6204,3.2156,2.7506,5.0153,-3.4573,-8.5888,3.9923
1.6798,1.0129,8.4936,-0.6752,3.5524,-1.1538,1.0503,8.0934,-6.2775,4.2645,2.8025,6.2667,-3.0534,-9.2731,5.7417
1.516,1.094,8.161,-0.7131,3.4802,-0.8897,1.5607,7.9768,-6.5995,5.6875,2.8346,5.9022,-2.7218,-8.1174,7.1379
1.6315,1.3396,7.814,-0.7926,3.1145,-0.8659,1.8011,7.3448,-6.5864,6.0814,2.587,6.1867,-2.2374,-7.0388,8.2121
1.6119,1.0335,7.1777,-0.7063,2.7574,-0.8466,2.0252,6.679,-6.6299,6.2444,2.2286,6.6665,-2.3728,-6.1217,8.8838
1.4743,1.012,6.7165,-0.5184,2.4801,-0.6984,2.0621,5.7837,-6.7533,6.6683,1.9636,6.815,-1.4461,-5.125,8.9494
1.847,0.6854,6.0407,-0.314,2.1592,-0.801,2.0184,4.7631,-6.811,6.6788,1.8789,6.3794,-0.9546,-4.0053,9.2772
1.542,0.9551,5.126,-0.2972,1.8247,-0.5821,2.0051,3.3022,-6.6558,7.0398,1.2938,6.0865,-0.3431,-2.9752,9.538
1.5261,0.5081,3.9186,0.7875,1.5002,-0.6108,1.8336,2.0531,-5.6745,6.8704,1.3707,5.3685,0.2372,-1.5821,9.5319
1.4493,0.1395,2.8816,0.5364,1.108,-0.4392,1.3724,0.7454,-5.7282,7.0054,0.7536,5.0617,0.9116,-0.6206,9.5395
1.3399,-0.3757,1.5464,0.5011,0.5425,-0.2727,1.2146,-0.9566,-5.3871,7.0179,0.0173,4.9743,1.7505,1.1038,8.9895
1.1429,-1.0358,-0.1601,0.3576,-0.031,-0.2648,1.1744,-2.7547,-4.8933,6.7288,-1.1857,4.914,2.4625,3.4005,8.1434
1.0467,-1.6558,-2.3125,0.6542,-0.7335,-0.1511,1.0153,-4.6636,-4.0848,6.2995,-2.1004,3.6889,2.9917,4.8387,7.24
1.6018,-2.4371,-3.7635,1.2039,-1.6241,-0.2134,0.9184,-5.8581,-2.6565,6.0937,-3.4711,3.0975,3.9552,6.7801,6.1551
1.8519,-3.1874,-5.092,1.116,-2.625,-0.5069,0.6284,-7.0687,-1.2951,5.2893,-4.9279,1.4507,4.8239,8.0343,5.0297
1.4271,-3.8618,-6.3674,1.4085,-3.5267,-0.4008,-0.6432,-8.2109,0.0089,4.4764,-5.9928,-0.2457,4.837,9.4848,3.6519
1.3977,-4.677,-7.3451,1.7213,-4.0201,-0.463,-1.2013,-8.7255,1.8374,3.0516,-7.0513,-1.9006,4.5768,9.7,1.6437
1.6118,-5.29,-7.906,2.3834,-4.4383,-0.5797,-1.9058,-8.4306,3.0779,1.9967,-7.4588,-3.1296,4.4285,9.5475,-0.3845
1.7842,-5.7191,-7.5115,3.0146,-4.6208,-0.6085,-2.3217,-8.443,3.5517,0.5475,-7.5185,-4.5591,3.9791,9.1381,-2.5785
2.4031,-5.568,-7.0287,2.965,-4.5192,-0.8557,-2.7866,-7.376,4.3968,-0.4144,-7.2626,-5.032,3.3225,8.5852,-4.2667
2.5305,-5.16,-6.1887,3.2999,-4.2494,-1.2788,-3.1498,-6.3862,4.6374,-1.1471,-6.5997,-4.0933,2.5895,6.8584,-5.1459
1.9107,-4.6617,-5.5478,3.0285,-3.8171,-1.321,-3.1253,-4.9083,4.0297,-1.707,-6.1757,-4.6576,1.8505,5.338,-5.9242
1.9154,-4.6823,-4.4013,2.8991,-3.3352,-1.4327,-3.3746,-3.5451,4.3597,-2.4357,-5.5844,-4.5611,1.3087,3.7461,-6.527
2.2529,-4.2263,-3.1896,2.7091,-2.8675,-1.5369,-3.4073,-2.079,3.8989,-2.6292,-5.1199,-4.5144,0.6142,1.7457,-6.8457
2.4525,-4.2151,-1.8953,2.505,-2.3073,-1.7017,-3.1251,-0.435,3.142,-2.529,-4.5302,-3.9867,-0.0832,0.139,-6.809
2.7676,-3.5323,-0.2439,2.1889,-1.9955,-2.0263,-2.8352,1.4681,2.9547,-2.2175,-3.7553,-3.4207,-1.2636,-1.0179,-6.3335
