x0,x1,x2,x3,x4,x5,x6,x7,x8,x9,x10,x11,x12,x13,x14
0.1987,-0.2008,1.9855,0.3918,0.3248,0.272,-1.4594,4.0365,2.9015,-3.806,-0.2185,-2.5161,-2.7911,-4.286,-5.9872
0.1185,0.1215,3.8195,0.323,0.9164,0.2649,-1.0885,5.5388,1.6935,-3.5501,0.7598,-2.3076,-3.3059,-5.8637,-5.1922
0.2252,0.743,5.4294,0.2557,1.8722,0.3264,-0.8008,6.9118,0.6083,-2.9212,2.4066,-1.0277,-3.6596,-7.151,-3.9029
0.2322,1.5149,6.8445,-0.1013,3.1734,0.1312,-0.2507,8.0013,-1.0455,-1.6565,3.4659,0.3928,-3.9655,-8.1077,-2.2649
0.2446,2.3152,7.8037,-0.6309,3.4578,-0.0728,0.5289,8.5672,-2.3366,-0.3679,4.4615,1.8123,-4.2094,-8.9464,-0.1935
0.2527,3.2368,8.7247,-1.1636,3.9435,0.0825,1.2742,8.7862,-3.6393,0.9285,5.0846,2.9612,-4.3336,-9.2363,1.7408
0.2755,3.5079,8.6528,-1.711,4.2693,-0.2235,1.879,8.6972,-4.7708,2.1915,5.2898,4.9588,-4.2247,-8.8642,4.1004
-0.1424,3.8237,8.1451,-1.8296,4.2233,-0.2128,2.4547,8.2787,-5.2853,3.2779,5.0061,6.1772,-3.9493,-8.0494,5.942
-0.1675,3.2056,7.6872,-1.8886,3.9519,-0.1772,2.7778,7.7369,-5.5773,4.015,4.7334,6.1679,-3.4617,-7.035,7.2048
-0.4001,3.358,7.1281,-1.8775,3.4444,0.2802,3.0605,6.8718,-5.905,4.7852,4.6807,6.3202,-2.6802,-5.8162,8.3385
-0.1687,3.1068,6.549,-2.0481,2.962,0.3045,3.0608,5.5603,-5.8932,4.7049,4.3319,6.1514,-1.62,-4.5259,8.5193
-0.5349,2.8468,5.3626,-1.95,2.4001,0.6204,3.1143,3.727,-5.708,4.9366,4.1798,6.3691,-0.8451,-3.1488,8.7881
-0.5966,2.7689,3.9909,-1.7251,1.8205,0.8991,3.0072,2.1113,-5.9304,4.7917,3.394,6.0006,0.1886,-1.4433,8.7028
-0.6695,2.0749,2.2318,-1.691,1.4082,1.0646,3.001,0.6367,-5.2004,4.451,2.7502,5.4219,1.2315,0.3409,8.2675
-0.8365,1.621,0.7346,-1.2778,0.9273,1.3887,2.8544,-1.3354,-4.3246,4.4015,1.8155,5.1877,2.5751,2.159,7.7144
-0.6553,0.9052,-0.9462,-1.0445,0.4835,1.7261,2.4128,-3.7781,-3.8097,4.7724,0.7153,3.2881,2.6537,4.2152,7.0948
-0.4619,0.4601,-3.0013,-1.0685,-0.2832,2.1219,2.1385,-5.9643,-2.6443,4.5258,-0.4141,2.5958,3.9928,5.9847,5.9776
-0.4798,-0.1893,-5.2442,-0.7257,-1.2842,2.7563,1.9494,-8.0577,-1.6026,4.3833,-1.8238,2.0118,4.9671,7.8335,5.1298
-0.5111,-1.1758,-7.0778,-0.4234,-2.5958,1.6913,1.2988,-9.1479,0.127,3.4748,-3.4076,0.7451,5.3635,9.3949,3.7369
-0.3747,-2.1209,-8.354,0.2747,-3.7149,1.729,0.8601,-10.0558,2.5815,2.2962,-4.4352,-1.2064,5.4429,10.8619,2.1728
-0.0449,-3.0363,-8.8743,0.9182,-4.3357,1.7044,0.1277,-10.5194,3.7958,1.0327,-5.1191,-3.1337,5.49,11.3491,0.3999
-0.2706,-2.9243,-9.8489,1.0606,-4.6146,1.6136,-0.6024,-10.8028,4.8135,0.4384,-5.6488,-4.315,5.1204,11.6766,-1.5444
0.0966,-3.7698,-9.75,1.59,-4.6584,1.3158,-1.3748,-10.1207,6.4325,-1.2221,-6.2257,-5.5681,4.6205,11.3944,-3.8866
0.3492,-3.8915,-8.8279,2.0231,-4.9217,1.3403,-1.9842,-9.6673,6.6615,-2.9458,-5.9296,-6.562,4.2174,10.1276,-5.6579
0.5516,-3.3114,-7.7678,2.1859,-4.8645,0.708,-2.5297,-8.4335,7.1821,-4.3736,-5.2824,-6.5522,3.5066,8.9734,-7.3184
-0.629,-3.2705,-7.3722,2.2517,-4.2427,1.7685,-2.7497,-7.9199,6.7477,-5.1821,-4.9634,-6.4371,2.5108,7.3878,-8.4883
-0.111,-3.1712,-7.0146,1.1928,-3.9317,1.5609,-2.7511,-6.1767,6.7458,-5.8341,-4.8911,-6.5739,1.4531,5.8826,-9.6252
0.2831,-3.5829,-5.5833,1.5413,-3.1804,1.1495,-2.7022,-4.3564,7.1933,-6.0424,-5.0921,-6.588,0.8261,3.7532,-10.1597
0.6361,-3.1831,-4.156,1.9363,-2.991,0.9952,-2.7088,-1.929,6.599,-6.0251,-3.7864,-7.039,-0.5332,2.0022,-10.1368
0.8242,-2.428,-1.5419,1.4287,-2.4234,0.4713,-2.4496,0.0383,5.4356,-6.0265,-2.7528,-6.0466,-1.5828,0.058,-9.843
0.8314,-1.5126,0.2848,0.7627,-1.5177,0.4712,-2.2311,2.1846,4.8077,-6.0136,-1.8587,-4.9571,-2.5625,-2.1092,-9.2069
1.2679,-1.0535,2.4501,0.3575,-0.7415,0.3673,-2.0042,4.5095,4.1501,-5.8507,-0.8794,-4.0232,-3.3669,-4.2571,-8.4122
0.7579,-0.2578,4.909,0.2715,0.2846,-0.3788,-1.7305,6.7636,2.8008,-5.3593,0.5559,-3.1224,-4.1355,-6.3766,-7.3466
0.6687,0.5159,7.0545,-0.106,1.7241,-0.2996,-1.344,8.4985,1.2472,-4.8076,2.3259,-2.0387,-5.0274,-8.1685,-5.8964
0.7002,1.6334,8.8648,-0.8538,2.6331,-0.4575,-0.8205,9.7964,-0.7032,-3.3733,3.8436,-0.4205,-5.158,-9.8519,-3.9655
0.785,2.7669,10.2179,-1.4571,3.4864,-0.2733,-0.3991,10.8511,-2.6237,-2.0733,4.8975,1.5124,-5.3741,-10.7527,-1.767
0.7079,3.4121,11.1183,-1.4567,4.3548,-0.2142,0.0268,11.0078,-4.7767,-0.8758,5.854,3.22,-5.4776,-11.2497,0.4443
0.7255,3.8414,11.354,-1.7662,4.6955,-0.2737,0.8554,10.8346,-6.078,0.6113,6.5636,5.1944,-5.554,-10.9386,2.9755
0.5021,4.2144,11.1636,-1.9852,4.7208,-0.1757,1.5869,10.4364,-6.9546,2.5477,6.9009,7.303,-5.1517,-10.0889,5.5204
0.1568,4.3055,10.6938,-2.1287,4.5809,-0.1197,2.1747,9.5651,-7.5326,3.6315,6.8641,7.6456,-3.9889,-8.9828,7.3207
-0.1396,4.0821,9.752,-1.987,4.0879,0.6484,2.7607,7.8899,-8.0844,4.6373,6.4082,7.8324,-3.046,-7.4162,8.8403
-0.1566,3.9654,8.4106,-2.218,3.3456,0.8469,2.8869,6.034,-8.163,5.1114,5.6504,7.9343,-1.9227,-5.4728,9.7215
-0.3631,3.3852,6.6429,-2.2482,3.063,0.9218,2.8917,3.8307,-7.6499,5.6464,4.6947,7.2713,-1.0382,-3.3129,10.083
-0.3404,2.9687,4.9721,-1.9629,2.6478,1.4389,2.7543,1.9019,-6.9844,5.6373,3.7165,6.8066,0.1223,-1.2492,9.8595
-0.1968,2.3856,2.9212,-1.8608,1.7289,1.1263,2.6238,0.0762,-6.2772,5.6546,2.5115,5.9563,0.9796,0.8222,9.5502
-0.2134,1.5378,1.0875,-1.497,1.141,1.1469,2.304,-1.877,-5.1799,5.4749,1.3634,5.1431,1.9956,3.1617,8.7239
-0.1572,0.9854,-0.7492,-1.3944,0.0947,1.2611,1.9669,-4.286,-4.1898,5.4806,0.2091,3.9659,3.1411,5.2532,7.701
-0.0604,0.3817,-2.8726,-1.0132,-0.6573,1.5371,1.5575,-6.4184,-2.7547,4.8477,-1.1448,3.0041,3.9216,7.4143,6.2881
0.1674,-0.6879,-4.9376,-0.2545,-2.0057,1.5367,0.9844,-8.4045,-1.1554,4.2179,-2.5422,1.8826,4.7919,9.1539,4.9239
0.0731,-1.7134,-6.8549,0.1177,-3.0889,1.4735,0.5231,-9.6185,0.1049,2.9218,-3.8889,0.2676,4.8697,10.6615,2.9893
0.2836,-2.5099,-8.0298,0.5595,-3.9795,1.2919,0.0325,-10.135,2.0849,2.1039,-4.8714,-1.285,5.1444,11.9664,0.9812
0.085,-3.1087,-8.928,1.2593,-4.6127,1.4487,-0.8033,-10.5915,3.7109,0.8408,-5.4173,-3.3574,5.845,12.3761,-0.9573
0.2813,-3.8957,-9.234,1.6403,-4.5005,0.7979,-1.7443,-10.6827,4.8709,-0.5355,-5.9709,-5.0482,5.4536,12.3707,-3.3935
0.4209,-4.1127,-9.3136,2.0084,-4.4324,-0.3349,-2.1869,-9.5719,6.1821,-1.7442,-5.8977,-6.3282,4.7468,11.8138,-5.2923
0.7111,-3.9262,-8.752,1.956,-4.8232,-0.2517,-2.664,-8.9161,6.9798,-2.8426,-5.8004,-6.8396,3.8897,10.3841,-6.9101
1.058,-3.8072,-7.4628,1.8875,-4.7976,-0.6453,-3.0359,-7.7708,7.4049,-4.2198,-5.5157,-6.7446,2.9288,9.1007,-8.504
1.0376,-3.082,-6.3477,1.6719,-4.1148,-0.5237,-3.221,-6.2055,7.0925,-5.4549,-5.139,-6.5968,2.0248,7.47,-9.5613
1.0815,-3.215,-4.8438,1.3221,-3.5394,-1.0118,-3.275,-4.4756,7.3224,-6.2498,-4.6422,-6.5255,0.9173,5.4344,-10.4277
1.1845,-3.1222,-3.1474,1.5437,-2.5205,-1.0426,-3.0705,-2.6884,6.4919,-5.9396,-3.6786,-6.12,-1.0361,3.659,-10.3437
1.1535,-2.5376,-1.53,0.9089,-1.5799,-0.9379,-2.8146,-0.6714,6.1509,-5.6846,-2.8822,-5.3411,-2.187,1.5192,-9.8326
1.1362,-1.7937,0.0363,0.9191,-1.016,-1.0667,-2.635,1.9948,5.2704,-5.1043,-1.9191,-4.5013,-2.6882,-0.6183,-9.0002
1.2237,-1.0552,2.2747,1.1218,-0.5102,-1.9068,-2.2856,4.2809,4.1723,-4.9525,-0.471,-3.3863,-3.0608,-3.1789,-7.9548
1.3271,-0.4464,4.9015,0.5775,-0.0064,-1.8581,-1.8733,6.7262,2.8535,-4.7514,0.7367,-2.6932,-4.1572,-5.3789,-6.9762
1.0838,0.4706,7.2953,0.2238,1.3118,-1.3755,-1.5734,8.1954,1.3171,-4.1813,2.4137,-1.3804,-4.7125,-7.3581,-5.6901
0.8042,1.4263,8.9065,-0.1871,2.7121,-0.9951,-1.1813,9.2628,-0.5782,-3.0243,3.8966,-0.1948,-5.6064,-8.932,-3.9627
0.7208,2.7438,10.2389,-0.7655,3.1626,-0.8211,-0.3699,10.4696,-2.5647,-1.7442,5.0436,1.6279,-5.4248,-9.9691,-2.0534
0.9674,3.5987,11.2439,-1.5948,4.1995,-0.9776,0.1829,11.4799,-3.8867,-0.1021,5.5264,3.8867,-6.2346,-10.1809,0.2967
0.6775,3.8105,11.8815,-2.6031,4.4048,-0.6159,0.9643,10.9014,-5.6679,0.7066,5.6856,5.3122,-6.0841,-10.4247,2.4631
0.541,4.2922,11.5736,-2.8989,4.827,-0.4219,1.659,10.9709,-5.1211,1.7367,5.7114,6.3589,-5.0591,-9.8028,4.1455
0.2763,4.0403,11.4565,-2.5818,4.8504,-0.0687,2.2476,9.5937,-6.5106,3.0093,5.7872,7.5597,-4.268,-9.5228,6.0895
0.1018,3.9478,10.4031,-2.5547,4.0529,0.014,2.7645,8.7705,-7.221,4.2782,5.4705,7.6529,-3.4727,-8.2634,7.3656
0.1471,3.6934,9.6377,-2.6791,3.9984,0.0209,2.9695,7.5601,-7.2169,4.5898,4.7909,7.7047,-2.3653,-6.4583,8.5427
0.0352,3.4273,8.9031,-2.1176,3.621,-0.1526,3.0904,6.0969,-6.7517,5.0629,4.6093,7.7348,-1.6903,-4.8103,9.1016
0.4291,3.1,7.42,-2.2504,3.4591,-0.118,3.037,4.5209,-6.7899,5.5247,3.8609,7.3807,-1.6255,-3.1986,9.4825
0.158,2.7288,5.8257,-2.1676,3.0546,-0.7767,3.1606,3.6213,-5.6418,6.3361,3.1752,6.5544,-0.7323,-1.3686,9.6931
0.1582,2.3516,4.7661,-1.9702,2.1663,-0.4046,3.1211,2.0367,-4.5278,5.8487,2.618,5.8065,-0.0228,-0.2472,9.4781
0.0246,1.7184,3.5192,-1.6626,1.4733,-0.0537,2.7408,0.4105,-4.4757,5.3056,1.8784,5.3031,1.1347,1.0247,8.8172
-0.0199,1.2009,2.2373,-1.4742,1.1136,0.927,2.3897,-1.6674,-4.1174,5.0126,0.8312,4.4245,2.681,2.804,7.9644
0.4346,0.5762,0.579,-0.8896,0.5452,1.143,1.9524,-3.9835,-3.3625,4.8458,0.3643,3.6406,3.5697,4.6459,7.0492
0.123,0.1568,-1.697,-0.6868,-0.0337,1.1861,1.6623,-6.0906,-2.5033,5.2128,-0.6033,2.9177,3.9518,6.5003,6.5515
-0.0108,-0.3184,-4.0317,-0.4407,-1.2875,1.3163,1.3304,-7.7441,-0.9678,4.6727,-2.0484,1.8372,4.3599,8.0522,5.4073
0.219,-1.5719,-5.4887,0.1614,-2.2416,1.311,0.8132,-8.9563,0.8391,3.1997,-3.5588,0.7353,4.7184,9.5315,3.6059
0.1698,-2.4413,-6.7907,0.541,-3.2211,1.1314,0.5096,-9.3462,2.311,2.2062,-4.7416,-0.656,4.9582,10.3971,1.8175
0.1809,-3.3323,-7.5693,1.0937,-3.7955,1.3189,0.089,-9.7501,3.8044,1.3529,-5.4499,-2.3353,5.183,11.0193,-0.158
0.4612,-4.1393,-7.9129,2.1194,-4.2185,1.3741,-0.4865,-10.2805,4.7385,0.182,-5.583,-3.6868,5.3994,11.0553,-1.7881
0.5626,-3.9761,-8.1275,1.9799,-4.6602,0.9986,-1.0853,-9.8328,5.3735,-1.0719,-5.9653,-5.0282,4.8129,10.7059,-3.912
0.6804,-3.9472,-7.8073,1.9581,-4.2687,0.8218,-1.8159,-9.3715,6.0352,-2.1132,-5.849,-5.485,4.9263,10.3433,-5.5896
0.8721,-3.9124,-7.2096,2.4504,-3.9264,0.7093,-2.31,-8.8815,6.2366,-2.6577,-5.5655,-6.0456,3.9373,9.4379,-6.8305
0.8901,-3.7348,-6.7447,2.4462,-3.7951,0.6689,-2.5784,-8.0206,6.4464,-3.4899,-5.249,-6.0265,2.7166,8.0923,-7.6922
1.1438,-3.6296,-5.821,2.2046,-3.8552,0.3808,-2.8244,-6.2802,6.7851,-4.2816,-4.7941,-6.0374,2.4459,6.7722,-8.3835
1.1946,-3.1258,-4.5609,1.8973,-3.3691,0.0087,-2.8711,-4.8567,6.3123,-4.5037,-4.5209,-5.6751,1.5653,5.3595,-8.643
1.1267,-2.6019,-3.0027,1.6514,-2.7243,-0.1804,-2.6902,-3.0938,6.0748,-4.8156,-4.2032,-5.3971,0.6337,3.8588,-9.0933
1.0018,-2.5357,-1.604,1.9361,-2.2988,0.0199,-2.5398,-1.735,5.2094,-4.8503,-3.1193,-5.097,-0.1035,2.1454,-9.0424
1.1952,-2.1473,-0.3411,1.637,-1.7367,-0.0881,-2.36,0.0748,4.7148,-5.1253,-2.4086,-4.0919,-1.3949,0.6948,-8.7208
1.1796,-1.7719,1.4838,1.3309,-1.2783,-0.4862,-2.1287,2.0189,3.5092,-4.5265,-1.2953,-3.5818,-2.0107,-1.0706,-8.0802
1.0272,-0.8561,3.0629,0.764,-0.5907,-0.3825,-1.9807,3.9015,3.178,-4.5756,-0.6113,-3.0358,-2.2582,-2.9,-7.4155
1.1217,-0.7624,5.1549,0.8729,0.4555,-0.3076,-1.8937,5.3919,1.8272,-4.3249,0.6316,-1.8586,-3.372,-4.6841,-6.3918
1.2645,0.0986,6.5653,0.4965,1.6142,-0.6012,-1.4812,6.7296,0.4318,-3.2998,1.9653,-0.767,-3.8546,-6.2546,-5.1239
0.9362,1.2512,7.8934,-0.4327,2.4903,-0.1107,-1.0687,7.5363,-1.0558,-2.0302,2.6323,0.1216,-3.882,-7.3432,-3.4785
1.0494,1.7187,8.8103,-0.6538,3.085,-0.2635,-0.3264,8.2121,-2.5611,-1.0551,3.6492,1.5386,-4.2385,-7.9227,-1.8827
0.9105,2.413,9.6529,-1.1445,3.7079,-0.5071,0.206,8.5319,-3.4937,0.0645,4.1909,3.1488,-4.2662,-8.0914,-0.1346
0.8311,2.7419,9.8993,-1.327,4.1154,-0.3829,0.9224,8.7585,-4.4748,1.2022,4.3292,4.4397,-4.1051,-7.9898,1.8134
0.5672,2.8865,9.8123,-1.7001,4.3007,-0.3688,1.5625,8.745,-5.0638,2.5084,4.2492,5.088,-3.9417,-7.6654,3.5694
0.3465,3.1798,9.3153,-2.0366,4.1336,-0.0954,2.08,8.3801,-5.5971,3.5788,4.5333,5.1265,-3.3537,-7.0053,5.3071
0.3943,3.1009,9.1837,-2.035,3.5614,-0.4537,2.2817,7.6525,-5.684,3.7877,4.1385,5.5431,-2.5281,-6.4445,6.4473
0.4906,2.9393,9.536,-1.8703,3.5716,-0.1014,2.3371,6.8135,-5.9711,4.3283,3.9931,5.8445,-1.7814,-5.5126,7.2174
-0.0735,2.8958,7.5295,-1.8353,3.5789,0.2562,2.3001,5.3987,-6.8835,5.4325,3.8146,5.5232,-1.7034,-4.1758,8.0634
-0.1837,2.322,6.3704,-1.7019,3.0419,0.5845,2.5299,4.3548,-6.2825,5.7713,3.442,5.77,-1.476,-2.6933,8.3973
-0.3453,1.898,5.0279,-1.3792,2.63,0.8895,2.5871,2.5621,-5.5938,5.7823,2.4739,5.7475,-0.2376,-1.2449,8.4652
-0.2816,1.3761,3.6102,-1.0981,1.9533,1.4133,2.4966,1.1361,-5.5105,5.5792,2.1403,5.4649,0.4838,0.1116,8.3891
-0.2579,1.0869,2.3383,-1.0647,1.3412,1.2074,2.2689,-0.2797,-4.4436,5.6038,1.2174,4.9456,1.5411,1.6994,7.9592
-0.3236,0.6481,0.9507,-0.8985,0.3005,1.0711,2.0737,-1.9655,-3.6332,5.2139,0.298,4.0848,2.455,3.3005,7.1928
-0.2149,0.0689,-0.6653,-0.3613,-0.3168,1.2015,1.4401,-3.9599,-3.3333,4.6016,-0.2279,3.4659,3.0654,5.1229,6.1732
-0.1719,-0.454,-2.5132,-0.3985,-1.2098,1.174,1.1678,-5.4508,-2.2398,3.9064,-1.1776,2.7546,3.706,6.9016,4.9282
-0.0315,-1.1303,-4.1616,-0.2636,-2.2744,1.6356,0.8983,-7.4005,-1.178,3.4359,-2.8545,1.6756,3.8755,8.2977,3.5064
0.2897,-2.5428,-5.5681,0.3652,-3.0766,1.4245,0.5316,-8.1202,0.603,2.2058,-3.9592,0.7089,4.4992,10.0999,1.5143
0.2311,-2.8887,-6.7855,0.5918,-3.5532,1.2033,-0.1436,-8.8866,2.173,1.6105,-5.1607,-0.8269,4.9575,10.8609,-0.1412
0.1882,-3.3644,-7.5641,0.9239,-3.3058,1.1263,-0.768,-9.0934,3.3785,0.9579,-5.7389,-2.9863,5.1919,11.0805,-1.8618
0.4418,-4.1181,-7.4166,0.9854,-4.3609,1.0203,-1.4838,-9.1458,4.6385,-0.3488,-6.2499,-4.1177,4.6796,10.3885,-4.0282
0.5676,-3.6721,-7.4382,0.9328,-4.4399,0.9037,-2.1895,-8.4492,5.3401,-1.3045,-6.2683,-4.9484,4.026,10.2006,-5.8782
0.7303,-3.8408,-6.9094,1.278,-4.0687,0.707,-2.554,-8.0089,6.0501,-2.7715,-6.1342,-5.5675,3.4208,9.3913,-7.5169
1.0242,-3.6161,-6.2121,1.5096,-3.9363,0.4653,-3.0854,-6.5673,6.8493,-3.3595,-6.0031,-5.8241,2.9289,8.1143,-8.6294
1.1009,-3.6424,-4.6248,2.0509,-3.7267,-0.6491,-3.1496,-4.7249,6.7439,-3.8883,-4.8168,-5.9032,1.0798,6.1474,-9.0109
1.3977,-2.9178,-2.757,1.8524,-3.4809,-1.0982,-3.2479,-2.7249,6.2494,-4.4766,-3.7498,-5.6835,0.4199,4.3003,-9.2483
0.9628,-2.8149,-1.5791,1.7134,-2.84,-0.7938,-3.1266,-1.1849,5.3133,-4.8836,-2.9072,-4.9792,-0.104,2.4294,-9.2579
1.0044,-2.0693,0.1542,1.3453,-1.9389,-0.6681,-3.0926,0.3552,5.0669,-4.8493,-2.0663,-4.1682,-0.4247,0.8668,-8.9623
1.1166,-1.5375,1.593,1.5066,-0.8653,-0.8604,-2.9097,1.9073,3.0688,-4.2186,-0.8221,-4.1459,-1.472,-1.1705,-8.0239
1.5364,-0.7549,3.2863,0.5514,-0.003,-1.0044,-2.7472,4.0625,2.592,-3.0728,0.1648,-3.126,-2.1188,-2.7651,-6.918
0.8778,0.2214,4.9751,0.3265,0.8486,-0.8804,-2.207,5.156,1.4012,-2.4548,1.1716,-1.8116,-3.2494,-4.4922,-5.5257
0.6919,1.12,6.2033,-0.1824,1.8437,-1.1128,-1.6451,6.2276,0.2677,-1.9544,1.9905,-0.7422,-3.2486,-5.8923,-4.2561
0.7343,1.7137,7.1314,-0.2059,2.6304,-0.7326,-1.1562,7.3008,-0.9396,-0.984,2.8814,0.5432,-3.5988,-6.9734,-2.4385
0.5966,2.2498,8.1773,-0.8488,2.8993,-0.6783,-0.6201,8.06,-2.2381,-0.3671,3.5406,1.8812,-3.5449,-7.9929,-1.2161
0.3578,2.6108,8.7787,-1.0563,3.2078,-0.5987,-0.0583,8.5408,-3.3355,0.2502,4.0008,3.803,-3.6746,-8.2241,0.4521
0.1545,2.8365,8.9533,-1.0932,3.5019,-0.3484,0.6131,8.6237,-4.654,0.949,4.365,4.2077,-3.4878,-8.4077,2.054
0.2857,2.8817,8.876,-1.2838,3.3743,-0.2415,1.1755,8.4321,-5.3014,2.2394,4.5855,5.3951,-3.1301,-7.9387,3.6825
0.3668,3.2443,8.8975,-1.4611,3.4754,0.0004,1.3129,7.7491,-5.8144,3.388,4.5215,5.3995,-2.9271,-7.0174,5.0583
0.4037,3.3532,8.4127,-1.6896,3.4537,-0.1566,1.725,7.1298,-5.8824,4.2385,4.4626,6.0276,-2.2708,-5.9792,6.2442
0.6564,3.3763,7.8999,-2.4247,3.0522,-0.4201,1.9135,5.9389,-6.1689,4.5773,3.7679,6.32,-1.9055,-4.9824,6.9136
0.4065,3.6993,7.0083,-2.0763,2.2329,0.1087,1.8381,4.6551,-6.0843,4.9734,3.3863,6.1933,-1.656,-3.5944,7.3495
0.0692,2.854,5.7046,-2.0962,1.7278,0.5049,1.6747,3.4379,-5.7169,4.4526,2.6532,5.6919,-0.6542,-2.0863,7.1983
0.0451,2.0901,4.5444,-1.2474,1.7222,0.4964,1.6454,2.2289,-5.3354,4.7966,2.2588,5.5307,0.1785,-0.8856,7.0601
-0.0637,1.9279,3.6394,-1.0814,1.3377,0.2115,1.6433,1.0275,-4.6923,4.4585,1.634,4.7451,0.8811,0.281,6.622
0.0437,1.655,2.571,-1.0053,0.9731,0.3872,1.4962,-0.3783,-4.3571,4.5637,1.0458,4.8415,1.4654,1.4259,6.2537
0.1749,1.2441,1.2936,-1.1324,0.3824,0.5894,1.2438,-1.8551,-3.3812,4.2552,0.1486,4.136,1.5901,2.954,5.4726
0.2223,0.6134,-0.3325,-0.598,0.0512,0.6498,1.0919,-3.2957,-2.5921,3.8395,-0.4154,3.0308,2.6087,4.2664,4.6508
0.2169,0.0471,-1.8666,-0.2008,-0.4766,0.9311,0.852,-4.8241,-1.9371,4.0471,-1.3948,2.217,3.4285,5.5819,4.1119
0.4831,-0.6097,-3.3117,-0.3907,-1.4438,1.4249,0.5411,-5.7556,-0.9884,4.2853,-2.6375,1.0255,3.8942,6.7484,3.4212
0.3669,-1.3256,-4.3652,0.0471,-2.2126,0.9289,0.2883,-6.6301,0.494,3.4281,-3.5436,-0.2054,4.2705,7.8574,2.2962
0.4901,-2.0179,-5.1551,0.2585,-2.9193,0.783,-0.2543,-7.1481,2.0383,2.5934,-4.3795,-0.904,4.7757,8.5905,0.858
0.2911,-2.3093,-5.6266,0.6622,-3.6168,1.0916,-0.6985,-7.6759,2.5861,1.6947,-4.9647,-2.6149,4.6504,8.884,-0.448
0.1405,-2.9611,-6.0483,1.2735,-3.8461,0.9522,-1.2063,-7.8717,3.5166,0.6036,-5.0822,-3.5401,4.1858,9.1477,-1.972
0.4682,-3.3831,-6.2053,1.7125,-3.9488,0.8292,-1.8913,-7.5524,4.5047,-0.8242,-5.0374,-4.6429,4.6001,8.7985,-4.2413
0.6392,-3.2663,-5.9361,1.7181,-4.1015,0.4028,-2.4034,-7.1931,4.4669,-1.4447,-5.0793,-5.0582,3.6838,8.0752,-5.4354
0.7486,-3.1323,-5.4221,1.8305,-4.2504,0.8556,-2.7372,-6.4395,5.025,-2.8049,-4.824,-5.6392,2.8103,7.2667,-6.4814
0.6973,-2.737,-4.5329,2.1664,-3.9979,0.9322,-3.1813,-5.9988,4.8807,-3.9499,-4.463,-5.2597,2.4091,6.1751,-7.5563
0.9751,-2.8405,-4.1709,2.0846,-3.177,0.7872,-3.4259,-4.896,4.7438,-4.1551,-4.0581,-5.2116,1.1738,5.1711,-8.2572
0.878,-2.2706,-3.0814,1.8757,-2.8253,0.8524,-3.2652,-3.512,4.7961,-4.2954,-3.7568,-5.0963,0.6572,3.6972,-8.7581
0.7459,-2.1671,-2.2863,1.8424,-2.4327,0.833,-2.9883,-2.5924,4.3781,-4.4353,-3.3177,-4.6005,0.2396,2.2544,-8.7305
1.0893,-2.1877,-1.382,1.6701,-1.7366,0.312,-3.2692,-0.9409,4.2481,-4.1331,-2.5598,-4.6173,-0.2789,1.1398,-8.3521
1.0604,-1.6064,0.2842,1.6274,-1.3756,0.1214,-2.9821,0.033,3.5476,-3.6816,-1.6793,-3.6743,-1.1799,-0.0501,-7.5186
0.9238,-1.1936,1.2385,1.3432,-0.9912,0.3297,-2.4975,1.43,2.6008,-3.0059,-0.5694,-2.6436,-1.6151,-1.1985,-6.4685
0.949,-0.5649,2.4948,0.8739,-0.914,0.3026,-2.3329,2.7384,1.93,-3.1176,0.1779,-1.7293,-2.1084,-2.8772,-5.6619
0.8581,-0.0345,3.953,0.6355,-0.2417,-0.0375,-2.165,4.3157,1.1001,-3.8387,0.8166,-0.9167,-2.9368,-4.1099,-5.1848
0.7575,0.5151,5.2106,0.3711,0.442,-0.0775,-2.0364,5.4107,0.1526,-3.3763,1.8935,-0.2789,-2.8296,-5.2448,-4.6327
0.7783,1.3285,6.3454,-0.0257,1.8391,-0.0194,-1.6588,6.0088,-1.1142,-2.2094,2.6196,0.416,-3.499,-6.0387,-3.4594
0.801,1.8688,7.0879,-0.7392,2.4791,-0.2049,-1.0336,6.781,-2.3431,-0.9246,3.0865,2.2597,-3.2889,-6.9392,-2.0737
0.7173,2.3711,7.5834,-0.8859,3.0575,-0.1937,-0.4167,7.2435,-3.4899,0.1201,3.5587,3.5143,-3.2934,-7.2505,-0.435
0.5435,2.5275,7.9709,-0.993,3.4836,0.2141,0.2268,6.9702,-4.4452,1.1335,3.912,4.06,-3.3092,-7.4895,1.1895
0.5079,2.5382,7.8309,-1.0328,3.277,0.2726,0.9804,6.8593,-4.8203,2.5195,4.2493,4.7975,-3.1847,-6.9799,3.3795
0.4487,2.7786,7.8866,-1.3808,3.2453,0.0562,1.3697,6.5654,-5.2492,3.6773,4.2064,5.5247,-2.7786,-6.3803,5.0085
0.234,3.0127,7.4311,-1.9043,2.9406,0.1458,1.6358,5.9421,-5.0721,4.536,3.799,5.7982,-1.8439,-5.5626,6.1516
0.3237,2.8499,6.9868,-1.7844,2.3526,-0.1175,1.8091,5.3547,-5.4451,4.9106,3.5654,5.5181,-2.8588,-4.4241,7.0055
0.3086,2.7667,6.304,-2.4597,2.3346,0.1109,1.7913,4.7659,-5.3218,4.6026,2.8627,4.9385,-1.7896,-3.2655,7.1352
-0.0121,2.2805,5.3836,-1.9738,2.1182,0.3498,1.8239,3.7216,-5.4296,4.8195,2.4234,5.4228,-1.3242,-2.2244,7.0358
-0.0555,1.8868,4.474,-1.264,1.6298,0.8392,1.8785,2.1345,-5.147,4.8585,2.2188,5.1687,-0.3117,-1.1754,7.2156
0.1027,1.5835,3.516,-1.1895,1.2515,0.6313,1.597,0.8132,-4.4882,5.1117,1.8853,4.665,0.3603,0.1722,7.1381
0.1986,1.303,2.4758,-1.1697,1.0074,0.1657,1.456,-0.374,-4.4371,5.2519,1.0313,4.3394,1.2464,1.4223,6.7269
0.0614,1.0543,1.3103,-0.8238,0.2101,0.5982,1.5558,-1.7545,-3.8703,4.973,0.3768,3.4389,2.1785,2.9262,6.0173
0.228,0.4712,0.21,-0.0588,-0.446,1.052,1.5153,-3.4613,-3.304,4.5326,0.1455,2.6445,2.5788,4.537,5.4549
0.0003,0.0084,-1.935,0.2085,-1.11,1.2221,1.1008,-4.9829,-2.725,4.537,-0.5279,2.4261,3.2878,6.0416,4.9627
0.1038,-0.5629,-3.8907,0.2624,-1.8266,1.251,0.7946,-6.692,-2.2641,4.1716,-1.7197,1.8686,3.8153,7.5285,4.0805
0.1515,-1.5611,-6.3522,0.4851,-2.9349,1.5075,0.2541,-8.3538,-0.7624,3.7595,-3.008,0.8864,4.119,8.7881,2.4935
0.276,-2.4056,-7.1334,0.887,-4.0455,1.3555,-0.5489,-8.8315,1.8432,2.5023,-4.1604,-0.4507,4.26,9.8858,0.9911
0.487,-3.1147,-7.5324,1.7321,-4.6642,1.7826,-0.9051,-8.9939,3.2206,1.1131,-4.489,-1.5691,4.1914,10.1775,-0.9216
0.4742,-3.4691,-7.515,1.9307,-4.9258,1.6034,-1.5464,-9.1781,3.9425,-0.1453,-4.6831,-3.2003,3.991,9.9756,-2.8615
0.6553,-3.7041,-7.5159,1.9309,-5.0153,1.5156,-2.4266,-8.9588,4.2434,-1.3287,-4.9656,-4.0362,4.1552,9.5365,-4.6795
0.7774,-3.7527,-7.0105,1.8932,-5.0965,1.315,-2.9117,-8.5693,4.7634,-2.4464,-4.8436,-4.5297,3.3883,9.0422,-6.3429
0.8667,-3.4735,-6.7454,1.936,-4.5914,0.8021,-3.1176,-7.5104,5.2465,-3.4798,-4.7884,-5.1404,3.1138,8.1122,-8.0011
0.8209,-3.4581,-6.2816,1.7644,-4.2042,0.2135,-3.1512,-6.2818,5.4982,-4.3947,-4.5909,-6.1601,2.5731,6.5083,-9.08
0.4222,-3.2016,-5.4518,1.829,-3.8202,-0.0311,-3.356,-4.6332,5.6916,-4.7041,-4.199,-6.3105,1.6362,5.0941,-9.6687
0.6185,-3.1418,-4.2242,1.7752,-3.5337,0.2787,-3.4301,-2.9346,5.605,-5.4623,-3.6699,-6.1532,0.8016,3.4524,-10.1124
1.1782,-2.8856,-2.4676,1.6926,-2.6397,0.1995,-3.2445,-1.1169,5.4188,-5.4598,-3.0611,-5.4651,0.1919,1.6138,-10.0936
1.3127,-2.3928,-0.7188,1.6183,-1.5261,-0.0262,-3.0452,0.4802,4.4025,-4.7592,-2.0715,-4.5981,-1.0183,-0.3966,-9.4498
0.8924,-1.9246,0.7453,1.3679,-1.1523,0.02,-2.6495,2.3355,3.5843,-3.9394,-1.081,-4.0634,-2.0933,-2.7301,-8.2691
0.9711,-1.3066,2.5773,0.8686,-0.4618,-0.1195,-2.1058,4.8573,2.7728,-3.708,-0.1716,-2.9842,-2.7958,-4.545,-7.2676
1.1704,-0.7923,5.4036,0.5266,0.1729,0.4716,-1.8877,6.6927,1.6072,-3.3018,1.0804,-1.9509,-3.6047,-6.3584,-5.9591
0.9718,0.1779,7.125,0.0581,1.4292,0.4263,-1.5637,8.0855,-0.3609,-2.5008,2.7222,-0.8059,-3.911,-7.6339,-4.221
1.0951,1.1238,8.7707,-0.3012,2.6553,-0.0742,-0.8679,8.9927,-2.1024,-1.1279,4.0601,0.5747,-4.2779,-8.5624,-2.4987
0.9252,2.2303,9.5754,-0.7809,3.1387,-0.5183,-0.2885,9.5959,-3.9792,0.2532,4.9988,2.234,-4.3083,-9.2798,-0.4668
0.881,2.9027,9.9493,-1.159,3.302,-0.1778,0.2674,9.6439,-5.2999,1.3971,5.5787,4.1601,-4.656,-9.169,1.8516
0.4205,2.7996,9.5324,-1.5471,3.43,-0.1496,1.0059,9.4669,-6.0881,2.4722,5.4866,4.4549,-4.3215,-8.6618,3.6968
0.2194,2.7378,9.0711,-1.9056,3.3505,-0.0213,1.3545,9.173,-6.1969,3.1655,5.4197,5.0444,-3.3458,-7.9346,5.2401
-0.0905,2.8506,8.9537,-1.8697,3.2569,0.4166,1.6259,7.9657,-6.0221,3.7346,5.1335,5.4755,-4.0066,-7.1559,6.2935
0.0527,2.9635,8.3653,-1.5775,3.0209,0.6433,1.9542,7.3218,-6.3785,4.1251,4.8502,5.7913,-2.4995,-5.9938,7.1012
0.0959,2.6775,7.7241,-1.3194,2.985,0.8682,2.0393,6.0965,-6.8167,4.6083,4.7557,6.1343,-1.4824,-4.9211,7.7533
0.104,2.4098,6.4987,-1.0082,2.803,1.346,2.0867,4.5488,-6.8369,5.1472,4.2567,5.8343,-0.8238,-3.5453,8.3296
0.0025,2.2909,5.1899,-1.073,2.2224,1.8172,2.37,2.8607,-6.7753,5.9135,3.549,5.4476,-0.1647,-2.1241,8.4633
0.3678,1.84,3.8209,-0.8916,1.0522,1.5766,2.1856,1.4043,-6.0995,5.5407,2.8657,5.0289,0.6057,-0.3797,8.4277
0.0885,1.3375,2.4781,-1.0434,0.5689,1.6619,1.7983,-0.0569,-4.2617,5.1235,1.8373,4.7187,1.3915,1.3427,7.9105
0.0315,0.7587,1.1304,-0.9553,0.0584,1.7667,1.559,-1.8458,-4.0698,4.7484,0.7367,3.9318,2.8572,3.0157,6.7397
-0.0495,0.3628,-0.6443,-0.6366,-0.3227,1.608,1.074,-3.576,-3.5073,4.6007,-0.0156,3.1639,3.2748,4.7608,5.9215
0.0177,-0.0571,-2.7733,-0.2592,-0.8754,1.7767,0.8455,-5.1943,-2.5182,4.6001,-0.8129,2.2181,3.8614,6.6594,5.0783
-0.0087,-0.8476,-4.2731,-0.0718,-2.0218,2.3694,0.4393,-6.6597,-1.1734,3.8166,-2.415,1.294,4.7973,7.9653,3.7752
-0.0136,-1.894,-5.965,0.1506,-3.1607,2.2494,0.0086,-7.7189,0.3298,2.5991,-3.5282,-0.0429,4.9388,9.0542,2.0219
0.1095,-2.8828,-6.7893,0.6487,-3.9201,2.0012,-0.5594,-8.0959,1.9731,1.5657,-4.4457,-1.5175,5.2672,9.9096,0.422
0.0909,-3.4661,-7.3998,1.3376,-4.1277,1.9572,-1.1827,-8.2507,3.2312,1.1157,-4.892,-3.0322,4.4985,10.3562,-1.0533
0.4559,-3.7039,-7.321,1.6184,-4.7637,1.7166,-1.7481,-8.5307,3.9348,0.1307,-5.4674,-4.4104,4.5016,9.9268,-3.1412
0.3271,-3.7556,-7.4369,1.8833,-4.921,1.6868,-2.5758,-7.8616,4.835,-1.3875,-5.4017,-5.011,4.4934,9.4696,-4.9685
0.4192,-3.864,-6.8585,1.8562,-5.0982,1.8993,-2.8513,-7.6285,4.6089,-2.6565,-4.8885,-5.7675,3.9495,8.5811,-6.4691
0.6772,-3.545,-6.4819,2.0682,-4.95,1.7969,-3.3797,-7.0699,4.9409,-3.3031,-4.62,-5.6318,3.1226,7.9819,-7.613
0.9169,-3.4915,-6.0343,2.6635,-4.445,1.6976,-3.6107,-5.877,5.2986,-3.9172,-4.0379,-5.6626,3.1491,6.9937,-8.3102
0.9572,-2.9507,-5.4224,1.9998,-4.1545,1.5981,-3.5821,-5.4101,4.3288,-4.4406,-3.781,-5.5862,2.2961,5.3577,-8.7746
1.1293,-2.6968,-4.7181,2.0311,-3.5519,0.732,-3.5754,-4.0262,4.5385,-4.3973,-3.2259,-5.262,1.7024,4.7659,-8.8323
0.7298,-2.2454,-3.5932,2.0858,-3.3661,0.4348,-3.4103,-2.6528,4.9672,-4.6724,-2.8411,-4.9806,0.757,3.1822,-8.9146
0.6694,-2.3926,-2.6165,2.0192,-3.0592,0.4261,-3.2941,-1.3065,3.6152,-4.9339,-2.1822,-4.4845,0.1805,1.7456,-8.884
0.4394,-1.9438,-1.517,1.6899,-2.471,0.3722,-3.2521,0.2397,3.7462,-4.6438,-1.4497,-4.1081,-0.7085,0.7785,-8.4475
0.3967,-1.5754,-0.3159,1.3466,-1.9541,0.3164,-2.9818,1.444,3.1058,-4.7345,-0.8823,-2.972,-1.3158,-1.0593,-8.043
0.7548,-1.3384,1.1478,0.9187,-1.3355,-0.1366,-2.7715,3.4188,2.3373,-4.406,-0.458,-2.8919,-2.3909,-2.877,-7.1864
0.3528,-0.4061,2.8529,0.2197,-0.6611,-0.0287,-2.5041,5.4086,1.7455,-3.6179,0.1963,-2.5983,-2.8634,-4.5223,-6.3767
0.4561,0.0489,5.113,0.0549,0.1373,-0.3277,-2.3338,7.3637,1.0674,-3.6268,1.3204,-1.7194,-3.426,-6.1291,-5.4277
0.4871,0.7952,6.9793,-0.1231,1.3021,-0.0464,-1.9675,8.4019,-0.5088,-2.9364,2.6333,-1.0235,-4.1046,-8.1494,-4.4034
0.1914,1.6173,8.0934,-0.38,2.3421,0.0967,-1.4136,9.3823,-1.8912,-1.741,3.9813,0.561,-4.2046,-9.2999,-2.8058
0.6758,2.3447,9.1886,-0.5416,3.0093,0.4723,-0.7758,9.8158,-3.3976,-0.6968,4.8756,2.1838,-4.5181,-10.0487,-0.9587
0.5974,2.8068,9.7635,-1.0369,3.6586,0.4001,-0.142,10.4646,-4.9154,0.8669,5.4285,3.5265,-4.4595,-10.2013,1.1989
0.3509,3.4668,10.13,-1.4471,3.6799,0.5819,0.6106,10.034,-6.0364,2.3818,5.7413,4.4587,-4.384,-10.0742,3.6135
0.2735,3.5411,9.7087,-2.0109,3.6418,1.5331,1.1237,9.2898,-6.483,3.4098,5.7238,5.6573,-3.8844,-9.1757,5.5287
-0.1484,3.5088,9.0946,-2.1521,3.4172,1.8374,1.6397,8.2435,-7.4131,4.4094,5.5419,6.3995,-3.111,-7.9825,6.8167
-0.0122,3.3083,8.1401,-1.4417,3.3012,1.962,1.8114,7.1859,-7.1802,5.1658,5.5348,6.5346,-1.8582,-6.3282,7.9846
-0.4712,3.0803,6.7928,-1.7841,2.9553,2.3165,2.3209,5.4237,-7.357,6.2929,4.832,6.4459,-0.7189,-4.7597,8.9161
-0.517,2.779,5.3204,-1.6449,1.7351,2.0025,2.2503,3.8043,-6.9367,6.2182,3.9843,6.453,-0.0806,-3.0594,9.3716
-0.3926,2.0439,3.8386,-1.4513,1.2406,1.5988,2.1199,2.349,-6.2348,6.0512,3.005,6.3092,0.7744,-1.1272,9.0147
-0.465,1.5949,2.519,-1.0508,0.351,1.9061,1.8822,0.7575,-5.3481,5.7325,2.2064,5.7962,1.5584,0.282,8.5679
-0.688,1.0667,1.029,-0.7249,-0.3685,2.5367,1.5388,-1.1545,-4.9172,5.5006,1.5753,4.5696,2.9419,2.1762,7.8549
-0.6655,0.6326,-0.739,-0.6987,-0.4962,2.5128,1.3154,-3.3654,-4.1983,5.1124,0.8658,3.4852,3.643,4.3256,7.0127
-0.5745,-0.0247,-3.2076,-0.683,-1.2366,2.3348,0.9619,-5.6423,-3.4071,4.8978,-0.6601,2.5534,4.0963,6.1678,6.1322
-0.5119,-0.8882,-5.4302,-0.7912,-2.5421,2.6743,0.3686,-7.1559,-1.5304,4.6457,-3.0645,1.5291,4.6401,7.9528,4.4702
-0.0948,-2.1424,-6.9609,-0.1111,-3.936,2.2125,-0.1146,-7.9149,-0.258,3.0211,-4.3352,-0.1671,4.4341,9.4869,1.9551
-0.32,-3.0316,-7.9353,0.5223,-4.8151,2.3726,-0.6614,-8.2056,2.1152,1.7268,-4.9905,-2.009,4.7233,10.6147,0.0569
0.0432,-3.4044,-8.1044,1.1886,-5.2483,2.2791,-1.2942,-8.7082,3.5462,0.3329,-5.6207,-3.6923,4.8218,10.6854,-1.5994
0.1024,-3.8275,-8.1596,1.8334,-5.9359,2.024,-1.9365,-8.157,4.8874,-1.1053,-5.5643,-5.3315,4.347,10.2345,-3.7984
0.494,-3.2607,-7.6679,2.2143,-5.8709,1.2773,-2.6252,-7.7152,5.3807,-2.8624,-5.4057,-5.6971,4.2871,9.3193,-5.8543
0.5768,-3.327,-7.2291,2.1777,-5.5886,1.6312,-3.0557,-7.0749,5.4466,-4.1551,-5.1683,-6.131,3.5634,8.3263,-7.4586
2.1766,-3.1714,-6.0124,1.9955,-4.8576,0.6475,-3.4009,-6.0788,5.6049,-4.6183,-4.6938,-6.8405,3.2883,7.0003,-8.2741
0.9882,-2.4856,-5.1232,1.6631,-3.9843,0.6154,-3.5884,-5.0177,4.9917,-3.4581,-4.1612,-6.1987,2.3584,5.8723,-8.3305
0.844,-2.4664,-4.7521,1.7561,-3.2034,0.4182,-3.5586,-3.7219,4.8736,-3.5436,-3.551,-5.9128,1.808,4.5252,-8.3319
0.7738,-2.3227,-2.8425,1.7017,-2.6277,0.6147,-3.3164,-2.41,5.0554,-3.3949,-2.9059,-5.6113,1.0086,2.8926,-8.0516
0.8843,-2.0012,-2.1017,1.2446,-2.6128,0.3402,-2.9354,-0.7151,4.0698,-3.434,-2.3258,-5.0132,0.4537,1.0802,-7.6061
0.8632,-1.5783,-0.8775,1.2391,-2.5346,-0.0305,-2.8573,0.5458,3.7576,-3.2997,-1.7916,-4.5508,0.2698,-0.1953,-6.9001
0.6656,-1.4712,0.2304,1.3818,-1.9719,-0.0888,-2.7255,2.1462,2.9114,-3.2247,-1.0117,-3.7738,-0.6982,-1.4914,-6.3818
0.5382,-0.6243,1.5133,0.8648,-1.2855,0.0762,-2.6866,3.7633,1.9617,-3.1084,-0.3541,-2.8619,-1.7521,-3.0933,-5.7828
0.4044,0.0008,3.197,0.6648,-0.9574,-0.0166,-2.3473,5.6495,1.7059,-3.2745,0.3811,-2.3626,-2.6141,-4.5726,-5.1566
0.4974,0.2536,4.8079,0.7667,-0.0824,0.2017,-2.0664,6.8081,-0.304,-3.1221,1.9307,-1.414,-3.2475,-6.1477,-4.4521
0.1977,1.1018,5.7699,0.2994,1.0928,0.2617,-1.8726,7.9799,-0.778,-2.2973,2.9334,-0.3457,-3.8593,-7.2347,-3.3682
-0.0155,1.8414,6.9241,-0.2811,1.558,0.2052,-1.2468,8.9018,-1.7179,-1.2336,3.5923,0.8828,-4.0242,-8.2225,-1.8622
-0.1891,2.5068,7.768,-0.7624,1.8149,0.7584,-0.6843,9.2143,-3.3818,-0.7671,4.2452,2.2287,-4.2382,-8.9404,-0.4648
-0.2823,2.8473,7.99,-1.5435,2.2082,0.9502,-0.3586,9.2149,-4.6154,-0.1673,4.6124,3.5182,-3.4798,-9.0143,0.9806
0.0573,2.7419,8.3145,-1.5283,2.4338,0.9782,0.1193,8.5718,-5.129,0.751,4.2414,4.6746,-3.1813,-8.5109,2.4954
-0.1446,2.8952,8.201,-1.6985,3.4391,1.3199,0.8194,8.1383,-5.5937,3.1417,4.5715,4.6746,-2.2624,-7.4485,4.4523
-0.1009,3.0022,7.4855,-1.6042,2.5454,1.3368,1.4616,7.1866,-6.2474,4.5706,4.5909,5.2819,-1.9632,-6.8561,6.0918
-0.1439,2.86,6.5666,-1.7286,1.9663,1.708,1.6951,6.0612,-5.8956,4.8501,4.2596,5.8124,-1.5914,-5.3051,7.25
-0.6789,2.6318,5.3805,-1.6115,2.0358,2.1247,1.7405,4.3865,-6.2682,5.4825,3.6022,5.6687,-0.6416,-3.7325,7.8846
-0.4349,2.517,4.022,-1.5837,1.2869,2.1343,2.2415,3.3358,-5.6373,5.7581,2.6146,5.4216,-0.1727,-1.9194,7.8784
0.3168,1.9025,2.6534,-1.5654,0.9508,2.1107,2.095,1.4695,-5.2665,5.6763,1.951,4.632,1.0914,-0.5601,7.9107
0.0015,1.5008,1.2462,-1.0021,0.1236,2.1621,1.7371,0.0496,-4.3158,6.0,1.3625,4.1886,2.0074,1.1283,7.5851
-0.4389,0.8963,-0.3272,-0.9303,-0.2503,2.5437,1.4345,-1.829,-3.9579,5.8017,0.5669,3.6988,3.0015,3.0553,7.0242
-0.1907,0.5625,-2.1121,-0.8574,-1.5723,2.4778,1.1562,-3.8485,-2.9585,4.8982,-0.398,2.7021,3.2011,4.8396,6.2162
-0.2424,-0.2046,-4.1824,-0.7683,-2.1162,2.7169,0.828,-5.3183,-1.1249,4.4569,-2.0663,1.7143,4.4353,6.6804,4.719
-0.2978,-1.2476,-5.6069,-0.0079,-3.0634,2.7053,0.4434,-6.4964,-0.0546,3.7422,-3.2709,0.0085,4.8505,7.9762,3.4334
-0.6805,-2.2115,-7.1888,0.7503,-3.9581,2.6702,0.0022,-7.4128,1.8189,2.7497,-4.2638,-2.5049,5.3269,8.8746,1.8576
-0.4743,-3.1704,-7.9049,1.4148,-4.869,2.5645,-0.4643,-7.7696,3.4229,1.4536,-4.6795,-3.7211,6.2273,9.3538,0.2579
-0.2401,-3.545,-7.9983,1.8181,-5.3818,2.613,-1.0392,-8.3235,4.2201,0.431,-5.0879,-4.0542,5.3792,9.2959,-1.4471
-0.2003,-3.6627,-8.3048,2.1529,-5.2739,2.4637,-1.728,-7.9738,4.5752,-0.4242,-5.3142,-4.7547,5.0256,9.2792,-3.1753
-0.0657,-4.8235,-8.151,2.9009,-4.8713,2.6237,-2.4047,-7.5065,5.3596,-1.1589,-4.8145,-5.3931,4.54,8.9424,-4.6675
-0.0279,-4.0495,-7.8339,2.9292,-4.9692,2.2629,-2.8016,-6.9996,5.5942,-1.5902,-4.7574,-5.3903,3.6439,7.9982,-5.831
0.3483,-3.5634,-7.4176,2.5906,-5.2849,2.0379,-3.1096,-5.956,5.7637,-2.3463,-4.5637,-5.8072,3.2648,7.2418,-6.5763
0.4867,-3.3865,-6.4829,2.0771,-4.1085,1.9622,-3.3494,-4.9391,5.3926,-2.8226,-4.6525,-6.0849,2.5141,6.2864,-7.4229
0.6358,-3.2793,-5.3255,2.9335,-3.8531,2.0657,-3.3123,-3.767,5.743,-3.3947,-3.8546,-6.1565,2.1693,4.8532,-7.5979
0.5343,-2.6567,-4.2859,2.3138,-3.1825,1.7223,-3.3074,-2.7394,5.0648,-3.2762,-3.6586,-5.5131,2.0601,3.3667,-7.8459
0.2285,-2.3632,-3.498,2.0964,-2.9116,1.5861,-3.2277,-1.5023,4.3873,-3.7377,-3.1743,-4.9233,1.084,1.9064,-8.1924
0.5049,-2.4054,-2.2809,1.9051,-2.8606,1.6521,-2.9869,-0.0204,4.4205,-3.9696,-2.6094,-4.4365,0.3766,0.6174,-8.2257
0.5782,-2.122,-0.9888,1.9511,-2.5671,1.3671,-2.8632,1.3989,4.1532,-4.0322,-1.8713,-4.118,-0.7577,-1.0028,-7.8254
0.9667,-1.3827,0.4277,1.6388,-2.8993,1.2488,-2.6762,3.2255,3.0175,-4.3377,-0.9269,-4.1876,-1.799,-2.7621,-7.3455
1.1288,-0.9684,2.3031,1.6531,-1.8551,1.0626,-2.5757,5.1104,2.4465,-4.4007,0.0755,-3.0542,-2.2139,-4.116,-6.9656
1.166,-0.0811,4.4431,1.4034,-0.9087,1.0675,-2.4286,6.3213,1.142,-3.6183,1.4005,-2.259,-2.9963,-5.66,-5.9766
1.1498,0.7632,5.6819,1.0803,0.0097,0.9204,-2.1223,7.9467,-0.1216,-2.7259,2.5327,-1.1097,-3.6308,-6.952,-4.4289
1.1981,1.6706,7.0846,0.5403,0.9074,0.2858,-1.7364,8.8472,-1.7512,-1.9043,3.4847,0.5165,-3.9063,-8.0339,-3.0383
0.8034,2.4317,7.8517,-0.0399,2.1017,0.4677,-1.1651,9.4287,-2.8221,-0.585,4.3167,2.4561,-3.8972,-8.4917,-1.3424
0.8135,2.8422,8.319,-0.6049,2.4994,0.8488,-0.5445,9.2791,-4.4791,0.1918,4.6941,3.8445,-3.9656,-8.9755,0.1332
0.2629,2.9933,8.3882,-0.9194,2.859,1.3501,0.0735,9.2249,-5.2536,1.2061,4.7611,4.6833,-3.7734,-8.757,1.9808
0.2925,3.3865,8.057,-1.1147,2.9034,1.5194,0.8444,9.0284,-5.8361,2.43,4.7263,5.1388,-3.3984,-8.219,4.0006
0.3495,3.1138,7.7042,-1.0982,2.5814,1.5304,1.4543,8.6931,-6.3818,3.3942,4.6644,5.9945,-2.9034,-7.3965,5.3563
0.1947,2.9451,7.2914,-1.4627,2.6478,1.7742,1.7517,7.5295,-6.0281,4.1286,4.2475,5.975,-2.1451,-6.3812,6.5042
0.2663,2.5402,6.7653,-1.2399,1.9684,1.4152,1.9586,6.6314,-6.1638,4.606,3.9313,6.0881,-1.1367,-5.1925,7.3088
0.1082,2.5523,5.9719,-1.1018,1.7977,1.7644,1.9458,5.3605,-6.4399,5.3229,3.7612,5.8886,-0.7245,-3.808,7.8422
-0.0179,2.4519,4.501,-1.0784,1.4912,2.0379,2.1247,4.1139,-6.1519,5.3606,3.164,5.5532,-0.0986,-2.3256,7.8685
-0.1802,1.8722,3.3888,-0.7232,0.9389,1.9774,2.0724,2.5474,-5.2143,5.4627,2.613,4.9545,0.7539,-0.9234,7.7448
-0.2816,1.4778,1.8685,-0.982,0.4578,2.1818,1.7053,0.8078,-4.9362,5.2242,1.6608,4.3221,1.9081,0.2684,7.2548
-0.3357,1.1083,0.6844,-0.4058,-0.3049,2.5573,1.7305,-0.492,-4.5215,5.2453,0.5615,4.2859,2.6575,1.9056,6.7688
-0.287,0.3543,-0.901,-0.377,-1.314,2.7105,1.3515,-1.8701,-3.3165,4.4387,-0.2417,3.3658,3.351,3.7577,5.7662
-0.2565,-0.1507,-2.6964,-0.1392,-1.7276,2.812,1.0153,-3.9349,-2.3158,4.3235,-1.3678,2.0394,3.9148,5.4255,4.7685
-0.1412,-0.8899,-4.1073,0.3242,-2.7546,2.7289,0.787,-5.4188,-1.1763,4.0072,-2.5933,1.0715,4.6445,7.0576,3.8492
-0.0115,-1.9767,-5.6592,0.7646,-3.7567,2.5023,0.3351,-6.4059,0.5724,2.7325,-3.5239,-0.3499,4.9066,8.4198,2.3378
0.1956,-2.4407,-6.8442,1.0867,-4.203,2.3367,-0.2329,-6.8229,1.8639,2.1507,-4.5795,-2.1298,5.1625,9.1751,0.7715
0.2705,-2.9313,-7.3081,1.6076,-4.7885,2.3888,-0.7097,-7.0296,2.9792,1.6286,-5.1554,-3.2038,5.1905,9.5393,-0.7631
0.6298,-3.3737,-7.5101,2.2603,-5.2116,2.4919,-1.2597,-7.2928,4.117,0.3699,-5.1731,-4.4374,4.7788,9.2572,-2.6758
0.5357,-3.4427,-7.283,2.5248,-5.2524,2.6155,-2.0089,-6.8185,4.9148,-1.0774,-4.8098,-4.5468,4.8413,8.7498,-4.1053
0.5281,-3.1747,-6.8623,2.2787,-5.3574,2.5153,-2.504,-6.6292,5.1255,-2.0838,-4.8048,-5.2795,4.1358,7.9062,-5.5427
0.8134,-3.1203,-6.5975,1.9332,-5.2747,2.079,-2.9672,-5.7786,5.6533,-3.2397,-4.8538,-5.7449,3.2473,7.0463,-6.7919
1.078,-2.9247,-5.6,2.0609,-4.8359,1.1643,-3.2172,-4.2215,5.8567,-3.6988,-4.4014,-5.6846,2.5357,5.973,-7.8622
1.1209,-2.9657,-4.5642,2.0364,-4.2408,1.3065,-3.4381,-3.2456,5.176,-4.0615,-3.9335,-5.4997,1.523,4.5027,-8.2056
0.8175,-2.3517,-3.5749,2.1458,-3.9375,1.3125,-3.3482,-1.8863,4.9325,-4.2695,-3.4881,-5.3947,0.4836,3.1173,-8.664
0.9557,-2.2582,-2.3521,2.0624,-3.5249,1.3283,-3.3273,-0.4561,4.291,-4.7492,-2.7534,-4.1896,-0.2897,1.2401,-8.7973
1.153,-2.1221,-0.9277,1.6186,-2.9987,1.7391,-3.18,1.2567,3.7702,-4.548,-1.7457,-4.2163,-1.101,-0.1059,-8.5155
1.07,-1.4028,0.3809,1.516,-2.3915,1.273,-2.9137,3.0752,3.2162,-4.3724,-0.989,-3.0615,-1.591,-1.8901,-7.9229
1.5078,-0.8354,2.1828,1.3197,-1.6187,1.181,-2.6913,4.731,3.3615,-4.0615,-0.3247,-2.7661,-2.3119,-3.7105,-7.0407
1.0919,-0.14,4.2081,0.9195,-1.0236,0.9981,-2.3631,6.2406,1.4447,-3.4349,0.5224,-2.4213,-3.1571,-5.6069,-5.9823
0.8921,0.5992,5.5481,0.7325,0.1046,1.0788,-2.1956,7.9206,0.7065,-3.0812,1.7445,-1.9792,-3.851,-6.8638,-4.8084
0.9531,1.3816,7.1483,0.6834,1.0305,0.7065,-1.7471,9.4695,-0.2778,-2.702,3.0679,-1.0554,-4.1984,-8.1917,-3.3957
0.9865,1.9028,8.2789,0.2276,2.0152,0.6594,-1.1509,9.8782,-2.1922,-1.4592,4.1649,0.9717,-4.2727,-9.4541,-1.8181
0.8864,2.7195,9.1487,-0.2196,2.5735,0.5877,-0.4783,10.2743,-3.7698,-0.3829,4.6083,2.5355,-4.222,-9.9605,-0.1059
0.8128,3.0001,9.3518,-0.9056,2.8693,0.6244,0.067,10.803,-5.3032,0.6917,5.0438,3.8031,-4.0388,-9.9622,1.972
0.7615,3.3919,9.4725,-2.0249,3.1454,0.7834,0.839,9.9318,-6.0293,3.3529,4.5312,4.714,-3.866,-9.1752,4.0769
0.6353,3.3763,9.1136,-1.8617,2.6932,1.0207,1.4888,9.5971,-6.4471,3.9325,4.3568,5.3311,-3.1597,-8.3221,5.7811
0.311,3.1262,8.1843,-1.5497,2.4214,1.3635,1.753,8.7352,-6.8713,4.3902,4.1548,5.5522,-2.1601,-7.3449,6.7108
0.2644,2.905,7.2019,-1.2457,2.5334,1.7114,1.9098,7.3281,-6.506,5.2086,3.7217,5.531,-1.4849,-5.7564,7.5668
0.4281,2.504,6.3387,-0.9851,1.9271,2.1454,2.2438,6.0571,-6.3946,6.0151,3.5486,5.3708,-0.8081,-4.3974,8.3008
0.1654,1.8936,5.1965,-1.0697,1.1749,2.0798,2.3147,4.4793,-6.4575,6.0129,3.0978,4.9477,-0.3135,-3.1401,8.5177
0.2353,1.7348,3.8727,-1.12,0.3473,2.3837,2.0561,3.0558,-6.1263,5.565,2.4782,4.5916,0.5591,-1.6234,8.3783
0.287,1.4839,2.0557,-0.5626,0.3629,2.7874,1.7532,1.2552,-5.2815,5.2313,1.6142,4.2412,1.377,0.1278,7.75
-0.0439,0.8865,0.6752,-0.6227,-0.1407,2.8891,1.5162,-0.699,-4.3265,5.2624,0.7486,3.6952,2.5718,1.8138,7.1787
0.1471,0.333,-1.3249,-0.7601,-0.9953,2.8779,1.3996,-3.0314,-3.2381,5.0057,-0.353,2.5846,3.0768,3.5836,6.2496
0.1435,-0.4031,-3.4918,-0.3171,-1.3657,2.7421,1.1552,-4.3116,-2.0273,4.5572,-1.5601,1.9892,3.8879,5.563,5.3289
0.5196,-1.4,-4.5643,0.3732,-2.7137,2.9336,1.0697,-5.5507,-1.0703,4.2239,-2.6204,0.9677,3.2561,7.0346,4.0812
0.6136,-2.0204,-5.9472,0.9588,-4.1614,2.5802,0.5406,-6.2577,0.7919,2.8499,-3.642,-0.1195,4.6466,7.9984,2.4798
0.5523,-2.6686,-6.5446,1.3387,-3.9982,2.5868,-0.0319,-6.7592,2.5492,2.0013,-4.3981,-1.636,3.9719,8.9349,1.0685
0.82,-3.3891,-6.5045,2.1418,-4.5634,2.5187,-0.7029,-7.2355,2.7212,1.3838,-4.8376,-3.4788,3.7947,8.7183,-0.4894
1.0999,-3.2461,-6.9968,2.3692,-4.9464,1.8162,-1.3079,-6.5806,3.8285,0.3951,-4.5823,-4.5594,3.5804,8.5437,-2.2571
0.9774,-3.5694,-6.9068,2.4655,-5.2246,1.8196,-1.7811,-6.0649,4.6171,-0.8389,-4.8473,-4.8429,3.1344,7.8437,-4.0042
1.2177,-3.6237,-6.6903,2.4502,-6.5048,1.4486,-2.3764,-5.3357,5.0963,-2.5281,-4.8182,-5.5567,2.5674,6.5069,-5.4356
1.6876,-3.33,-5.1163,2.2146,-5.6911,0.8856,-2.9629,-4.0624,5.3017,-4.0412,-4.3207,-5.6798,1.741,5.5654,-7.0816
1.5677,-3.1117,-4.2684,1.924,-5.0146,0.7129,-3.2497,-2.95,5.0584,-4.1596,-3.7529,-5.6724,0.8844,4.321,-7.7922
1.4683,-2.7192,-3.4071,1.8672,-4.3264,0.9096,-3.1664,-1.8092,4.543,-4.4018,-3.4101,-5.3931,0.3255,2.9495,-8.4764
1.6056,-2.4206,-2.17,1.529,-3.6741,0.8611,-2.9778,-0.64,4.4122,-4.1306,-3.0501,-5.2642,0.6184,1.6373,-8.5846
1.5446,-2.2586,-1.2264,1.7292,-3.5361,0.7774,-3.1089,0.2299,3.8491,-4.0617,-2.2108,-4.8568,-0.1719,0.2989,-8.2212
1.5421,-2.0331,-0.2818,1.7136,-2.9322,0.6978,-3.1117,1.4103,3.0861,-3.4556,-1.5492,-4.1544,-0.9411,-0.9348,-7.5164
1.4484,-1.7036,0.8535,1.6031,-2.5345,0.8703,-2.876,2.7782,2.1914,-3.5304,-0.8662,-3.361,-1.5279,-2.4291,-7.308
1.3045,-0.9148,2.1485,1.4995,-1.8455,0.3997,-2.6556,4.5484,1.5594,-3.1787,-0.0058,-2.6845,-2.5603,-3.6444,-6.3851
1.43,-0.3523,3.505,1.3284,-1.2582,0.3147,-2.2781,6.3606,1.3311,-3.18,0.898,-1.6102,-3.3955,-5.1657,-5.5525
1.2576,0.0757,5.3223,1.1075,-0.316,0.0971,-1.8674,7.699,0.425,-2.7167,2.1438,-0.9695,-3.5297,-6.879,-4.4287
0.965,1.0086,6.8146,0.9188,0.6661,0.3287,-1.5743,8.5626,-1.3576,-1.4756,3.4045,-0.0383,-4.224,-8.1786,-2.6318
0.7374,1.914,7.6893,0.4765,1.5433,0.6944,-1.177,9.1558,-3.1714,-0.3468,4.2299,1.3067,-4.5783,-8.8369,-0.8889
1.388,2.387,8.4538,-0.0702,1.6319,0.3024,-0.5686,9.743,-4.2064,0.4522,4.4618,2.6612,-4.5039,-9.2435,0.6498
1.1389,2.9638,8.6758,-0.6672,1.9908,0.4432,0.036,10.1938,-4.642,1.4229,4.7598,3.4661,-4.5718,-9.1367,2.5465
0.8241,3.1375,9.0836,-1.1295,2.3772,0.5998,0.9144,10.1084,-5.8464,2.6124,4.8454,4.2237,-3.9056,-8.9741,3.9256
0.5418,3.1443,8.647,-1.2927,2.3157,1.0413,1.2861,8.7414,-6.373,3.8207,5.0839,4.9932,-3.335,-8.3497,5.6987
0.7474,3.0372,7.9926,-1.2785,2.3086,1.234,1.5403,8.2026,-6.4975,4.5505,4.7916,5.7831,-2.6651,-7.1125,6.9984
0.6358,3.0559,7.1509,-1.4526,1.8271,1.1736,1.8308,7.2221,-7.1264,5.4508,4.292,5.1212,-1.8581,-6.0355,7.9528
0.3985,2.7489,6.1642,-1.3399,1.4407,1.8956,1.9823,5.5573,-6.1876,5.1576,3.8802,5.2697,-0.9642,-4.4926,8.3128
0.3963,2.3004,4.6746,-1.3589,1.0843,1.9797,1.9076,3.8106,-6.183,5.4994,3.0098,5.2239,-0.0317,-3.477,8.4382
0.2109,1.7192,3.4107,-1.1209,0.7602,2.3397,1.8617,2.5604,-5.4064,6.197,2.3806,5.0165,0.771,-1.5764,8.4921
0.1486,1.1695,2.0311,-0.6638,0.012,2.7365,1.7823,0.9247,-4.7199,6.0585,1.65,4.1058,1.3281,-0.1001,8.2255
0.2279,0.7714,0.4466,-0.6901,-0.6271,3.0346,1.6554,-0.6,-3.9069,5.3744,0.739,3.759,2.2038,1.6303,7.4631
0.2358,0.3596,-1.2445,-0.5582,-1.5316,2.9564,1.3045,-2.192,-3.3459,5.0739,-0.3922,3.0305,2.8124,3.4111,6.5622
0.3855,-0.3711,-2.6425,-0.6745,-2.1616,2.8157,1.0002,-4.0942,-2.4955,4.3505,-1.526,1.2463,3.4533,5.1299,5.2726
0.3612,-1.3148,-4.4224,-0.2433,-3.1943,2.8456,0.6072,-5.2764,-1.2651,3.8712,-2.8724,0.5345,3.9706,6.7453,4.0082
0.442,-2.1767,-5.5988,0.1336,-4.216,2.8749,0.1506,-6.1194,-0.1669,2.9428,-3.8697,0.1981,4.3191,8.069,2.3299
0.7659,-3.0995,-6.2258,0.5237,-5.0203,2.5652,-0.5382,-6.8659,1.2961,1.8184,-4.4785,-1.6845,4.824,8.895,0.7405
0.7973,-3.3248,-6.9807,1.0172,-5.3304,2.3338,-1.0628,-7.2966,2.432,1.0059,-4.8308,-3.4439,4.5924,9.3282,-0.8605
0.7478,-3.59,-7.4505,1.3619,-5.7059,2.782,-1.6916,-7.6765,3.5192,-0.0748,-5.4195,-4.4254,4.4501,9.3293,-2.8356
0.841,-4.1185,-7.5731,2.0038,-5.8273,2.6517,-2.31,-7.3854,4.6318,-1.5283,-5.5073,-4.9319,4.1224,9.0213,-4.8234
0.8886,-4.2015,-7.2977,2.5763,-5.4723,2.7109,-2.9919,-7.0207,4.8139,-1.6595,-4.9664,-5.4431,3.6859,8.4188,-5.8458
1.0912,-3.8691,-7.0515,2.7615,-5.5978,2.3966,-3.1911,-6.5936,5.0594,-2.7382,-4.7452,-5.8125,2.9002,7.1528,-6.8733
0.8058,-3.6417,-6.5619,2.1761,-5.3467,2.4608,-3.3082,-5.5479,5.5317,-3.809,-4.4897,-5.9269,2.4471,6.0965,-7.7797
0.8396,-3.37,-5.6345,2.3575,-5.0068,2.3466,-3.2847,-4.3873,5.6376,-4.1584,-4.0855,-6.0363,1.8701,5.1654,-8.4108
1.0063,-3.0677,-4.472,2.3159,-4.7661,2.1954,-3.0883,-3.1081,5.1308,-4.2382,-3.3709,-5.8013,1.3382,3.6828,-8.3533
1.2015,-2.8531,-3.6023,1.9435,-4.1741,1.7896,-3.1171,-2.1261,4.6878,-4.6721,-2.8993,-4.6396,0.5042,2.2928,-8.4548
1.1715,-2.427,-2.6361,1.8676,-3.6721,1.4923,-3.1019,-0.5626,4.2415,-4.141,-2.6409,-4.3764,-0.1539,1.267,-8.4199
1.1491,-1.7082,-1.146,1.7119,-3.2563,1.2646,-3.0356,1.0207,3.4875,-4.0238,-1.7979,-4.3292,-0.9797,0.0611,-7.7828
1.1115,-2.0715,0.2154,1.4688,-2.8111,1.0212,-2.8347,2.4367,2.9226,-4.1085,-1.1375,-3.5741,-2.3264,-1.3373,-7.4453
1.2064,-1.3441,1.6036,1.495,-2.243,1.8009,-2.6314,4.2143,2.205,-3.8368,-0.3047,-3.2306,-2.3754,-3.0434,-6.7938
1.0999,-0.6934,3.3237,1.5474,-1.4805,1.5362,-2.5343,5.6416,1.5182,-3.4285,0.8767,-2.3397,-3.0864,-4.6697,-5.7611
0.9901,-0.0997,4.8825,1.3355,-0.9429,1.146,-2.246,7.0032,0.232,-3.0395,2.2877,-1.1842,-3.6174,-6.1758,-4.5274
0.9964,0.6463,6.3508,0.6518,0.0049,0.5789,-2.0388,8.1832,-0.9735,-2.9109,3.1298,-0.0429,-4.0009,-7.344,-3.4796
1.1501,1.6219,7.6538,0.1255,1.1902,0.4892,-1.6226,8.6445,-2.0385,-2.0458,3.7012,1.3752,-4.1319,-8.304,-2.2757
0.7645,2.2852,8.0327,-0.5992,2.0929,0.9386,-1.0844,9.4285,-3.2317,-0.3869,4.2334,2.6603,-4.2298,-8.8494,-0.5865
0.6487,2.4772,8.5435,-1.1857,2.2827,0.957,-0.287,9.4267,-4.7937,0.854,4.3003,4.1123,-4.1168,-9.1516,1.4074
0.6502,2.5689,8.4942,-1.3845,1.8671,0.9926,0.4469,9.4388,-5.1217,1.8221,4.3338,4.8214,-3.854,-8.7071,3.0994
0.4948,2.661,8.4293,-1.0762,1.9644,1.2566,0.6663,8.9698,-5.6115,2.6205,4.6421,3.7925,-3.5072,-8.0151,4.6287
0.4379,2.7165,8.233,-1.4263,1.8525,1.1436,1.0097,8.39,-5.5835,3.2955,4.672,4.6341,-2.4786,-7.1186,5.7201
0.4705,2.6519,7.6958,-1.3997,2.2472,1.09,1.3435,7.3341,-6.0528,4.3684,4.2553,5.144,-2.1661,-6.0745,6.7549
1.2212,2.4885,7.0051,-1.2505,1.6146,0.8765,1.5545,6.16,-6.165,5.0156,4.0972,5.6038,-1.8191,-5.0317,7.5211
0.7834,2.7482,5.8706,-1.1955,1.2649,0.8847,1.5757,5.3363,-6.3792,5.6806,3.6461,5.7637,-1.0497,-3.4949,8.2225
0.2848,2.7176,4.8422,-1.6397,0.7917,1.1508,1.638,3.9695,-5.8522,5.5017,2.9574,5.5696,-0.7595,-2.1603,8.7218
-0.2662,1.9937,3.3864,-1.4802,-0.0129,1.1455,1.3361,2.6224,-5.447,5.0073,1.9981,4.687,0.3936,-0.6577,8.0122
-0.2067,1.2134,1.9742,-0.6528,-0.5033,1.6193,1.1409,0.4281,-4.9992,4.3845,1.2754,3.9942,1.1181,0.8687,7.1468
0.5277,0.5656,0.5187,-0.4221,-0.7802,1.6898,1.0696,-1.304,-4.0841,4.4044,0.7665,3.2351,1.8437,2.6525,6.484
0.2869,0.7138,-1.1593,-0.0679,-1.1594,1.7769,1.0192,-2.9873,-2.8294,5.3321,0.0207,2.3876,3.161,4.395,6.3263
0.3356,-0.1779,-2.9735,-0.019,-2.0207,1.6793,0.8532,-4.8762,-1.9736,4.7268,-1.2905,2.4445,3.8924,5.5407,5.6766
0.4258,-1.158,-4.7438,0.5157,-2.3985,1.7134,0.4998,-5.799,-0.957,4.284,-2.5341,1.2907,4.1524,7.0852,4.6089
0.15,-1.8207,-6.0467,0.6971,-3.5732,2.0882,0.2424,-7.2429,-0.0038,3.8227,-3.8207,-0.0312,4.7594,7.9799,3.3248
0.1119,-2.8609,-7.3943,1.2667,-4.6562,2.0853,-0.3076,-7.5407,1.8595,2.3138,-4.5612,-2.2906,4.6279,8.8173,1.3863
0.1619,-3.5159,-7.8471,1.9862,-5.1573,2.1244,-0.868,-7.633,4.5998,1.1424,-4.8852,-3.8075,4.7436,8.653,-0.2897
0.4145,-3.6697,-7.8333,2.4747,-5.5876,2.1342,-1.5866,-7.3775,4.6395,-0.3022,-4.9904,-4.9592,4.3134,7.9524,-2.2966
-0.0084,-3.8093,-7.7045,2.8053,-5.8647,2.578,-2.4435,-6.9597,5.2075,-1.9696,-5.1032,-5.9337,4.0296,7.1807,-4.4226
0.6152,-3.9992,-7.0051,2.4479,-5.623,2.6649,-2.9801,-6.4926,5.7551,-3.5258,-4.8803,-5.9651,3.5324,6.2518,-6.1798
0.953,-3.5511,-5.9389,2.6722,-5.1387,2.5845,-3.2788,-5.0911,6.1691,-3.9457,-4.4614,-5.4505,2.9294,5.2265,-7.4497
1.1869,-3.2118,-5.1851,3.1477,-4.8295,2.3392,-3.4949,-4.4995,5.1284,-4.0543,-3.5589,-5.771,2.3086,3.7439,-7.9074
1.4734,-2.8544,-4.3899,2.8123,-4.3431,1.9527,-3.4311,-3.3898,4.5957,-4.0821,-3.0971,-4.8769,1.4481,2.4724,-8.1181
1.5077,-2.2237,-3.6153,1.8891,-4.3751,1.8199,-3.4932,-2.2762,3.9588,-4.2307,-2.7283,-4.751,1.0095,1.471,-7.9721
1.5562,-2.2058,-2.4683,2.0422,-3.9075,1.4155,-3.5382,-1.0486,3.7661,-4.9292,-2.4139,-4.4155,0.2771,0.8156,-8.1042
1.3386,-1.7028,-1.291,1.1471,-2.9852,1.4286,-3.4331,-0.3848,3.5384,-4.9761,-2.1003,-4.2267,-0.5816,-0.3446,-8.21
1.4357,-1.6548,-0.5135,0.6236,-2.6134,1.2911,-3.2208,1.1444,3.2376,-4.6067,-1.77,-3.5934,-1.3249,-1.2626,-7.8904
1.3925,-1.3955,0.5047,0.8111,-2.0269,0.9584,-2.8943,2.6314,3.041,-4.08,-0.9528,-3.2173,-1.3363,-2.7616,-7.2251
1.4118,-0.7071,2.0452,0.8116,-1.4402,0.8546,-2.6595,4.1544,2.1312,-3.7923,-0.3081,-2.5278,-2.0247,-4.4632,-6.3943
1.5427,-0.6126,3.933,0.6179,-0.9126,0.6774,-2.2912,5.729,1.6122,-3.3398,0.618,-2.221,-2.6221,-5.2775,-5.605
1.3758,0.4364,5.5957,0.5194,0.1416,0.3676,-1.9448,6.8005,0.1969,-2.8572,1.6832,-1.3745,-4.0928,-6.9727,-4.5127
1.49,1.1518,6.5736,0.0465,1.1847,0.3287,-1.5723,8.2017,-0.6218,-2.1218,2.5873,-0.7995,-4.1662,-8.2706,-3.2456
1.0841,1.9627,7.6651,-0.4775,1.7796,0.5544,-0.9367,8.8854,-1.9162,-1.026,3.2361,0.6718,-4.2191,-9.414,-1.8664
1.0532,2.4313,8.512,-1.0308,2.1396,0.5688,-0.193,9.8987,-3.1788,-0.0991,3.8612,2.1156,-4.2396,-9.697,-0.4339
1.0976,2.7329,9.1853,-1.1952,2.2631,0.712,0.4591,10.0265,-4.4305,0.6663,4.3152,3.64,-4.2382,-9.8047,1.3255
0.9601,2.8955,9.2734,-1.228,2.2074,1.052,0.9061,9.8315,-5.1422,1.5423,4.7092,4.7289,-3.6288,-9.6547,3.2297
0.9472,2.8349,9.2719,-1.7553,2.4438,1.1729,1.259,8.9005,-6.0296,2.4096,4.5455,5.2437,-2.9869,-9.0555,4.5806
0.9406,2.7627,8.7969,-1.1961,2.1924,1.2327,1.5731,8.0614,-6.5796,3.1535,4.6125,5.5263,-2.5519,-7.9743,5.7761
0.7148,2.5791,7.8009,-1.6039,2.0071,1.5307,1.5606,6.8478,-6.627,3.6168,3.5999,5.321,-2.1901,-6.8025,6.5354
0.6911,2.3294,6.5594,-1.5072,1.769,1.7729,1.5615,5.8965,-6.6644,4.379,3.3529,5.4419,-1.6952,-5.187,7.4012
0.5118,1.9153,5.5157,-1.2706,1.2908,2.1329,1.4825,4.5251,-6.1119,4.7646,3.0574,4.8864,-0.8815,-3.8642,7.4616
0.5955,1.6579,4.6588,-0.8511,0.3602,2.2629,1.2058,3.1474,-5.6405,4.1409,2.8679,4.4589,0.1262,-2.7249,7.2762
0.7785,1.3964,3.4915,-0.5242,0.2423,2.8197,1.0212,1.298,-5.4567,4.1643,2.2701,4.3421,0.7375,-1.2079,6.7476
0.7898,1.2576,2.1992,-0.976,-0.0937,2.5771,0.8295,-0.1718,-5.0608,4.9263,1.2843,4.115,1.7506,0.3008,6.5077
0.8367,0.6779,0.5734,-0.7419,-0.2984,2.4011,0.7274,-2.1384,-4.6252,4.945,0.2327,3.1729,1.9677,2.1515,5.8426
0.8831,0.1617,-1.4869,-0.7069,-1.4101,2.4282,0.7632,-3.5777,-3.3932,4.6817,-0.6614,2.5455,3.0804,3.9005,5.1056
0.8678,-0.4839,-3.269,-0.3308,-2.3691,2.3382,0.4082,-5.3269,-2.2782,3.9363,-1.9923,1.6796,3.5697,5.3614,4.2204
0.7683,-1.3039,-4.7119,0.0434,-3.46,2.6193,0.0099,-6.5673,-0.9697,2.9805,-3.077,0.6271,4.1755,6.8064,2.9849
0.928,-2.4475,-5.9565,0.876,-4.2679,2.6902,-0.478,-7.4243,0.7373,1.9,-3.878,-0.9902,4.4863,7.9105,1.5093
1.2318,-3.0388,-6.7957,1.211,-4.6455,2.6271,-1.1779,-7.9331,2.0426,1.3305,-4.6983,-2.7147,4.6364,8.6483,0.0528
0.9875,-3.4406,-7.1092,1.6216,-5.3184,2.7243,-1.7058,-8.1895,3.3663,0.2816,-5.0939,-3.8002,4.4122,8.5844,-1.7904
0.8236,-3.583,-7.4069,2.0436,-5.7742,2.5576,-2.2588,-7.9831,4.422,-1.1471,-5.2841,-4.828,3.5005,8.2392,-3.9024
0.9668,-3.8851,-7.1163,2.224,-5.7271,2.4794,-2.9112,-7.175,5.2744,-2.8078,-5.0525,-5.2491,3.7658,7.4554,-5.5797
0.808,-3.7646,-6.5971,2.3805,-5.3454,2.2571,-3.3844,-6.2794,5.1794,-3.8294,-4.9204,-5.9884,2.5865,6.3526,-7.2396
0.7077,-3.7063,-5.8611,2.5133,-4.5012,2.3159,-3.6019,-5.3101,5.469,-4.2319,-4.4536,-5.6805,2.0576,4.9976,-8.1832
1.2967,-3.5931,-4.837,3.38,-4.0996,2.3239,-3.595,-4.3209,4.9295,-4.625,-3.4685,-5.451,1.7773,3.4928,-8.6302
1.4349,-2.9817,-3.9386,2.2143,-4.0623,2.0596,-3.5802,-2.9024,4.1484,-4.7314,-3.1968,-5.1868,0.3918,1.7529,-8.5669
1.785,-2.4865,-3.0304,2.1547,-3.52,1.4515,-3.6538,-1.077,4.4715,-4.9311,-2.7975,-4.5166,-0.5376,0.5619,-8.6107
1.6963,-2.2595,-1.4623,1.6923,-3.0259,1.1895,-3.5749,0.4121,3.4124,-4.5193,-2.4609,-3.39,-0.8467,-0.9558,-8.4213
1.6404,-2.1796,-0.3251,1.5159,-2.348,1.3236,-3.4051,1.7968,2.5047,-3.6772,-1.8512,-3.2044,-2.0322,-2.135,-7.7965
1.5487,-1.6046,1.329,1.4717,-1.9858,1.327,-3.1342,3.7006,2.2893,-3.8621,-1.082,-2.6704,-2.887,-3.8188,-7.2367
1.6038,-1.1637,3.6377,1.0175,-1.329,0.9922,-2.9069,6.207,2.0001,-4.2093,-0.3956,-2.5755,-3.7356,-5.6579,-6.7282
1.6112,-0.4907,5.9127,1.0098,-0.2731,0.6661,-2.5156,7.9704,0.9638,-3.7455,1.2478,-1.8272,-3.8962,-7.8159,-5.8132
1.4002,0.4882,7.9333,0.6067,1.0949,0.8749,-2.1113,8.843,-1.3266,-2.5599,2.8639,-0.8445,-4.4317,-9.4971,-4.4577
1.4729,1.3878,8.6944,-0.0603,2.1721,0.8877,-1.5895,9.5786,-2.9895,-1.5098,3.8857,0.5099,-4.8847,-10.4829,-2.8517
1.3545,2.4425,9.4127,-0.6721,2.9908,0.8515,-0.9324,10.1078,-4.2424,-0.2359,4.7356,2.3266,-5.1592,-10.5169,-0.9928
1.1828,2.7227,9.6069,-0.9238,3.0924,1.0481,-0.3514,9.9025,-5.6443,0.8374,5.0992,3.924,-4.4363,-11.0474,1.1016
0.8731,3.1504,9.4426,-1.3167,3.197,0.8978,0.4268,9.7058,-6.5161,2.2094,4.9382,4.817,-4.4689,-10.6133,3.2269
0.9169,3.0962,9.2975,-1.5833,2.6535,1.1925,0.7994,9.021,-6.6827,2.8903,4.8716,6.6767,-3.9731,-9.9475,4.7126
0.8476,3.0138,8.6734,-1.0943,2.4416,1.1482,1.2384,8.5533,-7.1699,3.585,4.8954,6.5203,-3.1446,-8.7895,5.9404
0.8383,2.7889,8.2443,-1.4962,2.0551,1.1788,1.5324,7.2443,-7.6048,4.0469,4.3983,6.5511,-2.3928,-7.503,6.9783
0.6056,2.5617,7.2755,-1.4503,2.2716,1.2565,1.7675,5.8059,-7.3563,4.441,3.953,6.2953,-1.4356,-6.0228,7.4089
0.5764,2.3089,6.181,-1.572,2.1762,1.2606,1.6696,4.3209,-7.0796,5.316,3.2788,5.7531,-0.4689,-4.5737,7.6564
0.3562,1.9973,4.6426,-1.4065,1.2758,1.5697,2.0057,2.8446,-6.4609,5.817,2.3384,5.7148,0.2368,-3.0938,7.8435
0.1607,1.4649,3.1621,-1.2356,0.9952,2.0668,1.8185,1.8608,-6.0862,6.0411,1.427,4.8449,1.136,-1.4016,7.7046
0.1727,1.2142,1.9088,-0.8583,0.1759,2.0021,1.6526,0.4456,-5.0506,5.4437,0.7884,3.9558,1.6144,0.0531,7.0905
0.6069,0.3035,0.887,-0.5106,-0.725,2.2213,1.3122,-1.3292,-4.1908,4.3317,0.3427,3.079,2.3429,1.6147,6.1754
0.2785,0.0724,-1.0858,-0.1688,-1.3504,2.67,0.8146,-3.2823,-3.3594,4.4055,-0.6111,2.476,3.2558,3.3433,5.2522
0.4451,-0.599,-2.7085,0.0166,-1.9893,2.5385,0.5269,-4.3727,-2.2356,4.0366,-1.6723,1.8057,3.6808,4.8579,4.246
0.5699,-1.407,-3.9713,0.4143,-2.8474,2.5853,0.2518,-5.9027,-1.0385,3.3289,-2.7463,0.553,4.1817,6.1627,3.3613
0.6931,-2.0834,-5.2121,0.8856,-3.7371,2.3073,-0.1938,-6.7508,0.6054,2.7027,-3.6359,-0.1336,4.4822,7.1124,1.9732
0.4931,-2.7148,-6.4781,1.2953,-4.6843,2.5271,-0.8143,-7.7168,0.6962,1.8532,-4.6079,-1.4827,4.6411,7.6071,0.4667
0.5964,-2.9589,-7.1366,1.7227,-5.2281,2.7189,-1.3696,-8.1175,2.1921,0.7655,-5.0222,-2.689,4.9059,8.3736,-1.1797
0.6927,-3.4167,-7.5837,1.9036,-5.5534,2.6811,-1.9591,-8.01,3.3904,-0.7971,-5.3579,-3.6453,4.6756,8.3126,-3.2032
1.2711,-3.7348,-7.2403,2.1772,-5.7101,2.7441,-2.704,-7.8706,3.8931,-2.6924,-5.4964,-4.4698,4.384,7.627,-5.4829
1.5541,-3.4923,-6.8416,2.5374,-5.6956,2.5474,-3.1325,-7.1728,4.8231,-3.4445,-5.4741,-4.943,3.6282,6.9697,-7.2186
1.4686,-3.1276,-6.3363,2.138,-5.4329,2.3533,-3.5848,-6.117,4.5886,-3.9365,-5.4636,-5.4158,3.0531,5.9106,-8.3387
1.733,-3.1447,-5.2674,2.1052,-5.0381,2.1081,-3.6798,-5.0188,5.0207,-4.6519,-5.122,-5.1727,1.9198,4.4861,-9.2619
1.3324,-3.0401,-4.2816,2.5387,-5.0251,1.9296,-3.6435,-3.2676,5.499,-5.2263,-4.2764,-5.7062,0.9909,2.8316,-9.7357
1.5689,-2.6702,-2.9173,2.0506,-4.2205,1.9962,-3.8369,-1.5494,4.707,-5.6626,-3.9263,-5.6388,0.1572,1.1312,-10.0413
1.6942,-2.4615,-0.9248,1.822,-3.5693,1.7279,-3.5875,-0.2294,3.8692,-5.2656,-2.9117,-5.2054,-0.5538,-0.5664,-9.7503
1.6071,-1.3958,0.1721,1.8549,-2.7016,1.3825,-3.4281,1.3414,2.9382,-4.9654,-1.9201,-4.2038,-1.6703,-1.983,-9.378
1.7993,-1.3888,1.5505,1.8528,-2.1516,0.9267,-3.2267,3.3546,2.5759,-4.6904,-1.0824,-3.646,-2.2223,-4.0054,-8.3318
2.1505,-0.463,3.746,1.3661,-1.8326,0.7506,-2.9002,5.3221,1.9501,-4.0965,-0.1348,-2.962,-3.0495,-6.0238,-7.3276
1.5831,0.4603,5.78,0.9825,-0.9605,0.7266,-2.4461,6.9281,0.6083,-3.7841,0.9875,-1.7303,-3.5919,-7.7844,-6.2171
2.0409,1.3697,7.7143,0.6136,0.2519,0.7237,-2.2077,8.3058,-0.3843,-3.4529,2.3393,-0.6518,-3.9399,-9.1891,-4.8048
1.7939,2.2286,9.1384,0.3238,1.2446,0.8438,-1.6597,8.7997,-2.5903,-2.1431,3.7767,0.3223,-4.0647,-10.5381,-2.9652
1.5257,3.1029,9.5849,-0.2515,1.9463,0.7735,-1.118,9.2313,-3.9595,-1.2047,4.4806,2.3457,-4.4507,-11.1487,-1.4391
1.5832,3.4694,9.7333,-0.816,1.9225,0.697,-0.5554,9.6488,-4.7656,-0.3855,4.8736,3.9967,-4.499,-11.2624,0.3083
1.3611,3.766,9.9368,-1.2128,2.2376,0.6851,-0.1081,9.8212,-5.8984,0.6016,4.6835,4.6168,-4.2859,-11.1858,2.1738
0.8054,3.5831,9.5873,-1.187,2.7143,0.9158,0.5443,9.6841,-6.5426,1.8812,4.644,5.6015,-4.2637,-10.4359,3.875
0.721,3.2511,9.3095,-1.4553,2.3864,1.2596,1.0498,8.8442,-6.9762,2.9316,4.2868,6.194,-3.6639,-9.7293,5.0894
0.7086,3.1388,8.9472,-1.5208,2.0175,1.4425,1.3812,8.0995,-7.0465,3.7166,4.2683,6.4276,-2.6938,-8.4998,6.3065
0.4411,3.0647,8.1396,-1.5288,1.571,1.6434,1.4761,7.5563,-7.3548,4.3844,3.7776,6.5954,-1.7638,-7.151,6.9833
0.5209,2.7707,7.6246,-1.6383,1.6035,1.921,1.5508,5.766,-7.2292,4.2314,3.2876,6.2257,-0.9463,-5.8137,7.426
0.4489,2.4238,6.363,-1.2596,1.1722,1.9413,1.688,4.2844,-7.1809,4.6384,2.8323,5.7381,-0.0269,-4.4054,7.6861
0.2836,2.1544,4.7846,-1.0573,0.5949,2.0316,1.4523,2.2956,-6.7231,5.0785,2.3767,5.8736,0.5535,-2.7335,7.6694
0.4862,1.7968,3.0229,-0.9808,0.0919,2.3833,1.4109,1.0339,-5.6805,5.1674,1.5154,5.3663,1.2482,-0.8709,7.6066
0.23,1.3013,2.0571,-0.8135,-0.4517,2.5237,1.2566,-0.625,-4.9548,5.175,0.6723,4.4201,2.4599,0.778,7.1237
-0.1205,0.8135,0.1974,-0.4994,-1.1354,2.9836,1.0191,-3.384,-4.8316,4.6348,-0.9542,3.9872,3.3905,2.3578,6.0006
0.0837,0.0832,-2.2182,0.1017,-2.2249,2.7064,0.6856,-4.6986,-3.4264,4.3448,-1.8988,2.6095,3.7427,4.544,4.9511
0.2317,-0.941,-3.8744,0.6332,-2.9991,2.9255,0.1977,-5.9774,-1.6681,3.438,-3.1752,1.0358,4.1018,6.1704,3.611
0.259,-1.8147,-5.1562,1.4768,-3.8819,3.0176,-0.281,-7.3948,-0.3321,2.8133,-4.0071,-0.4754,4.6288,7.3616,2.0893
0.5731,-2.7802,-6.2355,1.7692,-5.0244,3.2139,-0.7042,-8.2038,1.2099,1.6578,-4.7742,-1.7762,4.5966,8.0706,0.52
0.7167,-3.3154,-6.8514,2.3184,-4.8319,2.459,-1.3643,-8.0826,2.7654,0.877,-5.2258,-3.1485,4.2897,8.6544,-1.0561
0.3678,-3.6017,-7.1899,2.3212,-5.4825,2.4531,-1.922,-8.4258,3.5358,0.2176,-5.653,-4.185,4.4554,8.2686,-2.7102
0.6651,-3.905,-7.0096,2.6203,-6.2254,2.123,-2.4359,-8.0458,4.333,-1.3453,-5.7774,-4.8183,3.819,7.8465,-4.5027
0.6855,-3.6108,-6.7634,2.5445,-6.1366,1.9512,-2.986,-7.4285,5.4507,-3.2333,-5.6574,-5.4796,3.2512,7.0067,-6.359
0.9014,-3.6655,-6.1527,2.6003,-5.8442,1.8549,-3.5068,-6.4001,4.7783,-4.6653,-5.616,-5.9606,2.9767,5.9269,-7.9023
0.9869,-3.4693,-5.3824,2.7712,-5.63,1.9365,-3.8806,-5.615,5.024,-5.3642,-5.4455,-6.0166,1.9324,4.6423,-9.2165
1.0586,-3.4287,-4.2216,2.1033,-5.0084,1.9303,-3.9018,-4.2099,4.9924,-5.9048,-5.071,-5.8653,1.0997,3.2725,-10.0956
0.9556,-2.9359,-3.1001,2.0529,-4.181,1.363,-3.8085,-2.8163,4.8719,-5.621,-4.5511,-6.2277,0.406,1.8802,-10.2047
1.3114,-2.8325,-1.4626,1.792,-3.6612,1.2407,-3.7121,-1.1821,4.458,-5.7093,-3.7842,-5.6275,-0.612,0.1666,-10.0314
1.1992,-2.2056,-0.0603,1.6456,-3.1354,0.9414,-3.8553,0.7763,3.8431,-5.578,-2.9362,-4.6589,-1.3818,-1.3848,-9.6651
1.5229,-1.7772,1.5295,1.4946,-2.3696,0.6707,-3.563,2.7011,3.3354,-5.5669,-2.1489,-4.0022,-2.2475,-3.3317,-9.1211
1.4797,-1.0463,3.6193,1.2261,-1.5865,0.8352,-3.1971,4.5092,2.1186,-4.8555,-1.0009,-3.2935,-2.9881,-5.6222,-8.0546
1.7657,-0.1953,5.7561,0.3258,-1.0662,0.7113,-2.7359,6.3216,0.6998,-4.4591,-0.04,-1.6122,-3.3016,-7.3592,-6.9043
1.5039,0.7089,7.4724,0.2059,-0.4016,1.0898,-2.5265,7.4804,-0.7093,-3.9054,1.2012,-0.5414,-3.4298,-8.8346,-5.4911
1.4908,1.4392,8.9125,0.095,0.7119,0.8078,-2.0333,8.3011,-2.2287,-3.2099,2.4054,0.3331,-4.2886,-9.6679,-3.9092
1.0513,2.4888,9.4299,-0.4782,1.4833,0.8921,-1.603,8.9202,-4.0943,-2.0945,3.2075,2.0286,-4.5543,-10.3094,-2.2015
0.9507,2.9146,9.9442,-0.5617,1.7655,1.1427,-1.1006,8.796,-5.141,-1.5723,3.8506,3.2471,-4.3045,-10.5292,-0.7367
1.0271,2.9687,10.0565,-1.3697,1.8253,1.4742,-0.4869,8.5887,-6.1658,-0.5523,3.6773,4.288,-3.8846,-10.1838,0.6976
0.8083,3.0517,9.7907,-1.4595,2.1131,1.5132,0.2905,8.6672,-6.5915,0.7465,3.3969,4.8565,-4.1123,-9.3696,2.6518
0.6548,2.8625,9.2418,-1.413,2.0039,1.1856,0.7134,8.119,-6.7499,2.063,3.2146,4.9325,-3.3426,-8.728,4.042
0.4902,2.8293,8.9349,-1.5981,1.9047,1.1472,0.9866,7.373,-6.9027,2.8049,2.8789,5.0825,-2.5157,-7.7719,5.0387
0.1742,2.8198,8.3905,-1.4265,1.5403,1.3378,1.3808,6.4696,-6.6825,3.5287,2.3483,5.0387,-2.3598,-6.7302,5.7487
0.3109,2.2496,7.5723,-1.1966,1.0332,1.7373,1.4062,5.5896,-6.0347,3.2354,2.1221,5.0717,-1.1565,-5.6716,6.0859
0.2465,2.2096,6.8648,-0.7986,0.7376,1.8348,1.5032,4.3307,-6.3142,3.2732,2.1304,4.9415,-0.5997,-4.661,6.238
0.2409,1.9762,5.1885,-0.3141,0.5852,2.1734,1.3978,3.084,-5.9271,3.5833,1.1415,5.3221,0.148,-3.3242,6.1948
0.0641,2.1008,4.1209,-0.4581,0.3439,2.4082,1.1022,1.9086,-5.7119,3.9978,0.6021,3.9178,0.536,-1.9594,6.0286
0.0674,1.2316,3.1721,0.0347,-0.2814,2.4511,0.9905,1.1111,-4.4269,3.678,0.3697,3.6186,1.2876,-0.8249,5.491
-0.0338,0.8504,2.6954,-0.0014,-0.7273,3.1173,0.9285,-0.823,-3.8477,3.739,-0.0121,3.3179,1.9076,0.3458,5.0934
-0.1049,0.5491,1.1762,0.374,-1.0767,3.0743,0.723,-2.8876,-3.9084,3.7948,-0.4504,2.4965,2.7474,1.4881,4.5933
0.2094,0.4081,-0.8098,0.5667,-1.6773,2.906,0.6134,-4.6784,-3.906,3.9253,-1.4181,2.2752,3.3665,3.2721,4.1532
-0.0695,-0.0464,-2.5113,0.6313,-2.8851,3.0841,0.2279,-5.6371,-2.8061,3.6118,-2.5159,1.5707,4.0867,5.1492,3.5856
0.0546,-0.8055,-4.1447,0.624,-3.9116,2.8462,-0.1364,-6.973,-1.0267,2.2685,-3.7126,0.8256,4.6587,6.5341,2.2178
0.3291,-1.6838,-5.3294,0.5774,-4.6301,2.8536,-0.3842,-7.9989,0.6904,1.4852,-5.0887,-0.5591,4.9702,7.7408,0.5666
0.3956,-2.3643,-6.1002,1.0425,-5.0817,2.8467,-0.9932,-8.3572,1.9028,0.7172,-6.1456,-2.1447,5.3263,8.3967,-1.1882
0.2982,-3.1447,-6.5308,1.7113,-5.7693,2.8845,-1.6649,-8.8567,3.1744,-0.4717,-6.634,-3.8108,4.9286,8.6291,-2.9841
0.5535,-3.4277,-6.5689,2.2758,-5.7067,2.6458,-2.4998,-8.5806,3.8779,-1.8276,-6.9497,-4.9826,4.1087,8.3843,-5.031
0.9729,-3.3604,-5.9755,2.3598,-5.857,2.242,-2.7138,-7.7281,4.8974,-2.8511,-6.4314,-5.7472,3.8972,7.5339,-6.709
1.2304,-2.9512,-5.3518,2.2168,-5.6037,1.4826,-3.0846,-7.0096,5.2488,-3.7506,-6.428,-6.1195,3.1993,6.1699,-8.1257
1.213,-2.9698,-4.6451,2.1551,-5.0068,1.3558,-3.467,-5.6332,5.0618,-3.9312,-6.0769,-6.313,2.3687,5.1696,-8.9859
0.9972,-2.6718,-3.7295,2.0069,-5.1312,1.0938,-3.594,-4.3698,5.0904,-4.6534,-5.7064,-6.7736,1.6019,3.8,-9.5843
1.0272,-2.6207,-2.6349,2.3118,-5.1155,1.3998,-3.6768,-3.1099,5.2553,-6.2026,-5.0793,-6.1376,1.533,2.1984,-10.4081
1.1257,-2.0767,-1.4189,2.3025,-4.1867,1.2651,-3.9018,-1.5108,4.9095,-6.3749,-4.4425,-5.8391,0.5698,0.6773,-10.6632
1.1147,-1.5642,0.0516,2.0256,-3.4207,1.5286,-3.6903,-0.3918,4.0867,-6.4199,-3.5137,-5.4595,-0.506,-1.2055,-10.543
1.1062,-1.2846,1.0263,1.632,-2.7447,1.4407,-3.2833,1.4477,3.5915,-6.0747,-3.0174,-3.9909,-1.3451,-2.9315,-9.9631
1.0377,-0.8709,2.695,1.3006,-2.2064,1.2798,-2.9176,3.5882,3.399,-5.9771,-2.2268,-3.9624,-2.2899,-4.9011,-9.619
1.1277,-0.4309,4.9665,0.9047,-1.3628,1.3364,-2.6674,5.7564,2.6062,-5.5019,-1.1722,-2.6925,-2.8795,-6.9523,-8.5931
0.948,0.3425,6.934,0.5024,-0.6608,1.6024,-2.4753,7.3034,1.1012,-4.8978,0.1551,-1.6833,-3.7485,-8.5511,-7.1943
0.9769,1.1813,8.3459,0.1829,0.5874,1.39,-1.9312,8.4584,-0.4959,-4.1231,1.5258,-0.9622,-4.2118,-9.9804,-5.6773
1.0659,2.047,10.0159,-0.2336,1.497,1.0962,-1.3415,9.5246,-1.9566,-2.7543,2.6352,0.6021,-4.8072,-11.0562,-3.9577
0.9836,2.6569,10.9968,-0.8081,2.0009,1.3541,-0.8692,10.1752,-3.9005,-1.8397,3.3116,2.5202,-4.685,-11.673,-2.139
0.8603,3.4021,11.4487,-0.7412,2.7777,1.4941,-0.1289,10.1508,-4.9883,-0.3048,3.4208,3.8758,-4.7341,-11.6657,-0.1665
1.0385,3.6616,12.0444,-1.0104,3.2027,1.8473,0.6698,10.0018,-6.1103,1.1651,3.9392,4.9644,-4.0177,-11.3667,2.097
0.7084,4.1752,11.8198,-1.2133,3.5225,1.6032,1.2426,9.2558,-6.933,2.7317,4.0593,5.7907,-3.7059,-10.8074,4.0553
0.27,4.0937,10.8438,-1.761,3.1542,1.8586,1.6825,8.3381,-7.4454,4.2935,3.8056,5.8898,-3.2108,-9.6696,5.8999
0.0784,3.7088,10.019,-1.502,2.4557,2.304,1.7674,7.1601,-7.8243,4.5273,3.7636,6.1091,-2.8777,-8.3054,7.1657
0.3195,3.4428,8.7478,-1.3388,2.0752,2.1695,1.7934,5.7874,-7.2402,5.2158,3.271,6.2848,-1.5955,-6.5331,7.7814
0.0268,3.152,7.4236,-1.2153,1.1232,2.4549,1.5108,4.0916,-7.0453,4.844,2.2867,5.9282,-0.723,-5.0341,7.8621
-0.1024,2.6284,6.0212,-0.5934,0.8091,2.6408,1.4069,2.7416,-6.2548,4.9332,1.8253,5.3599,0.1756,-3.0075,7.6778
-0.314,2.0172,4.4961,-0.3744,0.2299,2.9117,1.2581,0.7901,-6.0183,4.5903,1.0781,4.7794,0.9339,-1.7236,7.564
-0.1794,1.4842,3.0363,-0.3626,-0.6955,2.9296,1.1046,-0.8688,-5.4769,4.4753,0.236,4.1227,2.4824,-0.0661,6.7944
-0.0782,1.1354,1.4164,-0.534,-1.4943,2.9797,1.0068,-3.1754,-4.4038,4.0759,-1.0609,3.4667,3.3171,1.9059,5.4583
-0.2513,0.4467,-0.8682,-0.0619,-2.0973,2.9833,0.6223,-4.9806,-2.9312,3.5643,-2.2361,2.5987,4.2021,3.9961,4.0541
-0.158,-0.2217,-2.9038,0.6334,-2.9823,2.8223,0.4248,-6.8274,-1.822,2.7551,-3.6787,1.3735,4.5851,5.5526,2.8031
0.2098,-1.3659,-4.2723,1.1186,-3.772,2.7437,0.0279,-7.6192,-0.096,2.0466,-4.7228,-0.2846,4.9571,6.6901,1.3278
0.4388,-2.0806,-5.1963,1.1553,-4.7189,2.465,-0.509,-8.3219,1.6805,1.3241,-5.8346,-1.2533,4.9938,7.5262,-0.2435
0.3082,-2.5068,-5.8651,1.5461,-5.1039,2.2605,-1.0638,-8.1685,3.5117,0.231,-6.2712,-2.735,5.2293,7.9264,-1.9985
0.2775,-2.716,-5.7546,2.0522,-5.3754,2.2398,-1.642,-8.3696,3.7781,-0.862,-6.8095,-4.0958,4.9962,7.5374,-4.011
0.4504,-3.0514,-5.9926,2.3669,-5.0265,2.7455,-2.5588,-8.1117,4.26,-2.1546,-6.4203,-5.8647,3.9632,7.0639,-5.5947
0.6019,-3.1629,-6.034,2.6051,-5.3909,2.4995,-2.9236,-7.1814,6.0404,-3.1414,-6.3817,-6.0465,3.2796,6.2084,-7.1276
0.7617,-3.2138,-4.9599,2.8575,-5.0705,2.7843,-3.2827,-6.4992,5.8215,-4.0001,-6.3966,-6.2219,3.0471,4.8459,-8.5073
1.0294,-2.9985,-3.9265,2.9418,-4.7808,2.7687,-3.6017,-5.3285,5.3361,-4.4108,-5.7072,-6.5662,2.1032,3.4161,-9.2108
1.0176,-2.6769,-3.2635,3.0875,-4.2551,2.5029,-3.6234,-3.6527,5.1642,-4.6565,-5.1394,-6.2477,1.4312,2.1283,-9.571
1.2257,-2.4368,-1.875,2.7277,-3.6465,2.7556,-3.5962,-2.6332,4.5872,-4.7182,-4.6396,-5.7286,1.3324,0.782,-9.3059
0.9532,-2.1962,-0.6478,2.6254,-3.4408,3.0328,-3.453,-1.9074,4.2854,-4.7633,-4.6954,-5.0148,0.9168,-0.6375,-9.4579
1.074,-1.602,0.0992,2.1212,-3.2605,3.045,-3.3113,-0.6484,3.7772,-4.6443,-3.9404,-4.5129,0.3381,-1.8824,-9.1963
1.0046,-1.5049,1.3293,2.2692,-2.5944,2.5218,-3.1209,0.9949,2.9865,-5.0349,-3.1573,-4.4733,-0.8363,-3.0763,-9.0419
1.0813,-1.1604,2.5639,2.0438,-1.9013,2.699,-3.78,2.61,2.5976,-4.6581,-2.3698,-3.6601,-1.8855,-4.67,-8.3651
1.2703,-0.4923,4.2689,1.6299,-1.5432,2.3643,-3.315,4.1805,1.6155,-3.9518,-1.7117,-2.9643,-2.8755,-6.2972,-7.6597
1.3128,0.3251,5.8714,1.2059,-0.5801,2.3281,-2.989,5.7312,0.7546,-4.0338,-0.7737,-2.5022,-3.0132,-7.5573,-6.7738
1.0953,0.8811,7.4707,1.2112,0.3537,2.1974,-2.5956,6.8571,-0.4546,-3.6072,0.525,-1.5718,-3.6813,-8.8242,-5.4536
1.075,1.4353,8.5895,0.8185,1.2416,1.8873,-2.149,7.9507,-1.2317,-2.4347,1.5967,-0.7923,-3.8768,-9.855,-4.1117
1.2075,2.3357,9.6796,0.804,2.0203,1.8981,-2.0183,8.2892,-3.8141,-0.86,2.4369,0.7325,-4.3318,-10.4771,-2.4449
0.9667,2.6474,9.8364,0.1605,2.5101,1.9134,-1.3016,8.7037,-4.7522,0.1286,2.8836,2.524,-4.7533,-10.3911,-0.5562
0.9538,2.8838,9.7706,-0.223,2.9318,2.2085,-0.5195,8.6549,-4.982,1.4549,3.0449,3.9882,-4.7011,-10.1281,1.1035
0.2608,3.0581,9.7524,-0.7325,2.5026,1.9823,0.1994,8.5741,-5.5671,2.6214,2.8987,4.3778,-3.9976,-9.8418,2.6742
0.3476,2.8813,9.706,-0.383,2.0488,2.0616,0.8613,8.1075,-5.004,2.3399,2.7828,4.865,-3.5511,-9.2212,3.8206
-0.1753,2.7913,9.0097,0.0526,1.973,2.366,1.1206,7.7922,-5.3871,2.8972,2.7227,5.5065,-3.0656,-8.4061,4.9193
-0.0417,2.6603,8.76,-0.1927,1.6988,2.9645,1.404,6.5714,-5.8631,3.192,2.7126,5.7559,-2.4494,-7.7797,5.6318
0.2318,2.5395,7.9299,-0.3404,1.037,3.1213,1.362,5.2867,-6.3182,3.14,2.2871,5.6308,-1.581,-6.495,5.9524
0.1797,2.4595,6.9197,-0.3834,0.9392,3.1261,1.2426,3.7738,-6.0014,3.0678,1.7179,4.8355,-0.8297,-5.0734,5.9421
0.1688,2.1474,5.73,-0.1122,0.8088,3.4332,1.0123,2.4906,-5.8975,3.8024,1.2852,4.9684,-0.1875,-3.2536,5.8825
0.2659,1.5797,4.4909,-0.1224,0.7463,3.1436,0.8769,1.2106,-5.5214,4.4592,0.2365,4.235,0.3861,-1.7426,5.9025
0.3036,1.2723,3.1385,0.2752,0.0247,3.2257,0.8534,-0.3645,-4.5322,4.6536,-0.3036,3.5103,1.0564,-0.1987,5.4948
0.247,0.796,1.609,0.4587,-0.3603,3.2525,0.7135,-2.3909,-4.2907,4.5827,-1.0496,2.8022,1.527,1.6223,5.001
0.4676,0.4144,-0.1992,0.7723,-1.0166,3.1355,0.6132,-3.9533,-2.9208,4.3371,-1.9869,2.6123,2.4219,3.2599,4.4685
0.5577,-0.1978,-1.967,0.8498,-1.6777,3.4927,0.464,-5.5198,-1.7671,4.1067,-3.0418,1.8077,3.2651,5.2952,3.6525
0.5675,-0.8343,-3.4766,1.0435,-2.8675,3.201,0.1495,-7.0052,-1.2618,3.4859,-4.5578,0.3609,3.9735,6.5022,2.4164
0.5991,-1.7497,-4.7932,1.577,-3.8903,3.3007,-0.2909,-8.2154,0.2266,2.5705,-5.7377,-0.8057,4.7622,7.8723,1.0399
0.8855,-2.5319,-5.6392,2.303,-4.4944,3.2803,-0.7835,-8.8003,2.0114,1.6877,-6.3274,-2.3688,4.862,8.9515,-0.506
1.1773,-2.7332,-6.2151,2.609,-5.2246,2.7085,-1.3333,-9.1095,3.0365,0.7263,-6.8624,-3.8178,4.9747,9.3255,-2.1093
1.0094,-2.959,-6.4938,2.9303,-5.951,2.7785,-2.1754,-9.524,3.9212,-0.565,-7.5047,-4.8477,5.0219,9.1803,-4.2153
1.0801,-3.3471,-6.6286,3.1232,-5.8629,2.6874,-2.6566,-9.3728,4.8308,-2.4957,-7.4599,-5.6115,4.7617,8.9964,-6.4259
1.4735,-3.3196,-6.6093,3.3004,-5.3815,2.5879,-3.2668,-9.1649,5.1674,-3.7948,-7.3569,-5.9028,4.173,8.3424,-8.0961
1.6036,-3.3555,-6.3617,3.4992,-5.0532,2.2758,-3.5731,-8.2478,5.7076,-4.0958,-7.4655,-6.1437,3.1078,7.3931,-9.2061
0.9979,-3.1173,-5.8849,3.2637,-4.7847,2.5006,-3.7394,-7.2363,5.6783,-4.1541,-6.8702,-6.4143,2.7674,6.0304,-9.8357
1.039,-3.1436,-4.965,3.1217,-4.4617,2.324,-3.7293,-5.9421,6.0796,-4.9284,-6.7605,-6.3351,2.1888,4.6964,-10.4305
1.1068,-2.915,-3.9076,3.2933,-4.2368,2.6787,-3.6823,-4.8498,5.5833,-5.0429,-6.3664,-6.7548,1.4336,3.1529,-10.5649
1.0736,-2.4645,-3.1763,3.0075,-3.6207,2.7564,-3.6034,-3.0496,4.8252,-4.9557,-5.643,-6.1238,0.7183,1.7575,-10.6626
1.2661,-2.0829,-1.6156,2.3636,-3.2336,2.1103,-3.1324,-1.2822,4.745,-5.3014,-5.3703,-5.5654,-0.3143,0.0562,-10.7033
1.2949,-2.093,0.3125,2.2913,-3.4084,2.0337,-2.8308,0.0136,4.1622,-5.1988,-4.6281,-5.432,-1.0496,-1.4304,-10.2172
1.3697,-1.514,1.7889,2.3702,-2.9302,1.6903,-2.7918,2.2359,4.0016,-5.3621,-3.3008,-4.539,-1.9189,-2.9627,-9.3583
1.2747,-0.864,3.7307,2.1896,-2.2624,1.2685,-2.4942,4.5046,3.4238,-5.5676,-2.3913,-3.2843,-3.0182,-4.8512,-8.7563
1.2653,-0.1398,6.0613,1.5629,-0.6805,1.2915,-2.5346,6.2903,1.994,-4.7945,-1.1532,-2.3532,-3.1637,-6.7616,-7.9464
1.2698,0.5777,7.835,1.7329,0.6414,1.2921,-2.2544,7.6133,1.0049,-4.0147,0.7435,-1.4409,-4.1797,-8.7925,-6.5237
1.3419,1.7286,9.3155,1.2749,1.7521,1.0611,-1.7536,8.9578,-0.8383,-2.5941,2.0743,0.0071,-4.4415,-10.1923,-4.6754
1.255,2.7462,10.451,0.5556,2.3887,1.1337,-1.1609,9.4138,-2.8971,-1.2834,3.03,1.8688,-4.7724,-11.3478,-2.5835
1.0554,3.6622,10.8553,-0.0961,2.6957,1.2506,-0.483,9.747,-4.5536,0.0773,3.3456,3.2722,-5.5354,-11.4794,-0.566
1.1152,3.7265,11.0072,-0.7152,3.014,1.1271,0.1146,9.9922,-4.9018,0.7191,3.545,4.1396,-4.7919,-11.2398,1.3972
0.7648,3.8748,11.1254,-1.279,2.7933,1.4828,0.6778,9.5914,-5.9487,2.0501,3.3892,5.0985,-4.093,-10.709,3.2416
0.7362,3.8913,10.8978,-0.9779,2.7321,1.9184,1.2766,8.7476,-6.5795,2.6891,3.4392,5.8822,-3.5012,-9.6431,4.777
0.5388,3.863,10.0889,-1.0988,2.6208,2.0408,1.4932,7.7502,-7.0694,3.7531,3.2915,6.5721,-3.0186,-8.2413,5.9038
0.2781,3.5906,9.0479,-0.8619,2.588,2.3172,1.5542,6.5126,-7.2284,4.5574,2.7354,6.0321,-2.1148,-6.8117,6.7144
0.1694,3.0098,7.9857,-0.7535,1.705,2.3424,1.6387,4.9818,-6.7234,4.7964,2.478,5.7219,-1.1153,-5.4886,7.1225
-0.0036,2.8984,6.9642,-0.5084,1.3098,2.5758,1.5613,3.1446,-6.6261,4.8646,1.7252,5.4781,-0.3917,-3.8041,7.0481
-0.6075,2.3955,4.9178,-0.8665,0.844,3.0066,1.4567,1.3002,-6.0762,4.6952,0.6259,4.9145,0.2104,-2.5016,6.7747
-0.085,1.7309,3.3358,-0.3731,0.126,2.9319,1.2555,0.0588,-4.9503,4.5077,-0.4808,4.4351,1.2227,-0.8916,6.2299
-0.0281,1.1414,2.1159,0.0754,-0.7578,2.9521,1.0412,-1.5748,-3.7719,4.4034,-1.0886,3.1483,1.075,0.8446,5.66
0.0392,0.6019,0.4958,0.6118,-1.5134,3.1769,0.6211,-2.5844,-2.6264,3.3063,-1.6363,2.3214,1.8899,2.5742,4.7105
0.1404,-0.089,-0.7258,0.6547,-2.205,3.0255,0.3096,-3.987,-1.8655,2.858,-2.4968,1.907,2.5909,3.8625,3.6945
0.0604,-0.5401,-1.8195,0.7455,-2.8159,2.8874,-0.0561,-5.3027,-1.1531,2.4424,-3.485,0.8351,3.2039,4.9778,2.4089
0.0955,-1.7213,-2.9879,0.8051,-3.8624,3.1906,-0.4882,-6.3928,0.1821,1.4825,-4.7129,0.0426,3.7685,5.9681,1.2011
0.0516,-2.1423,-3.9237,1.1826,-4.3641,2.8585,-0.9574,-6.8644,2.0413,0.7013,-5.561,-1.3075,3.9423,6.9625,-0.114
0.1994,-2.2924,-4.6185,2.0481,-5.3144,2.8195,-1.5857,-7.7238,2.5886,-0.2791,-6.1623,-2.8856,4.2537,7.0024,-1.6019
0.4768,-2.7683,-5.0733,2.3211,-5.3427,2.6822,-2.0152,-7.3331,3.7695,-1.7372,-6.3947,-4.0485,3.8138,7.1425,-3.6226
0.9197,-2.9546,-4.7597,2.5819,-4.982,2.6166,-2.619,-7.4747,4.4789,-2.661,-6.4748,-3.9373,3.2661,6.6685,-5.5529
0.8523,-2.7511,-4.4416,2.8439,-4.9941,2.7564,-3.0912,-6.9326,4.7342,-3.4225,-6.2328,-4.6265,2.7053,5.8376,-6.7958
0.993,-2.5801,-4.1147,2.8033,-4.7082,2.6585,-3.4422,-6.0121,4.733,-4.1042,-5.528,-5.0915,1.7964,4.7424,-7.8165
0.9084,-2.4763,-3.5221,2.5046,-4.3205,2.708,-3.4033,-4.761,4.5799,-4.0009,-5.8504,-5.0123,0.9809,3.9335,-8.4214
0.9265,-2.2627,-2.4839,2.5461,-3.987,2.5602,-3.3803,-3.2213,5.2465,-4.2199,-5.6181,-4.9676,0.4358,2.6587,-8.5936
0.7122,-2.1448,-1.4444,2.7455,-3.6785,2.2699,-3.7042,-2.1786,4.4952,-4.4468,-4.7769,-4.7485,0.0232,0.9868,-8.5184
0.8724,-1.7025,-0.3809,2.3983,-2.8279,1.9544,-3.615,-0.5898,4.3173,-4.9553,-4.3475,-4.5725,-0.633,-0.4839,-8.5411
1.1205,-1.208,1.2127,2.8946,-2.6266,1.6556,-3.2579,0.72,3.5917,-4.4832,-3.3071,-4.1517,-1.3732,-2.172,-8.0097
1.0832,-0.8353,2.5401,2.5929,-2.0531,1.3732,-3.1591,2.3435,2.5373,-4.3587,-2.437,-3.5878,-2.1966,-4.2749,-7.1707
1.1182,-0.3218,3.9455,2.1426,-1.2231,1.948,-2.9515,3.9426,1.6174,-4.3151,-1.7949,-2.8385,-2.8393,-5.8741,-6.6837
1.2389,0.336,5.8901,1.5829,-0.3997,1.8068,-2.6403,5.9448,1.0576,-3.6419,-0.7511,-2.2132,-3.665,-7.2312,-5.7315
0.8908,0.6475,7.7994,1.2529,0.4625,1.3807,-2.2303,7.315,-0.5207,-2.8334,0.3889,-1.2159,-4.0691,-8.575,-4.52
0.7651,1.6813,8.7813,1.086,1.5631,1.4425,-1.7944,8.0638,-3.2,-1.5738,1.5776,0.2878,-4.5575,-9.523,-2.8416
0.3429,2.602,9.2071,0.6336,1.7481,1.7231,-1.1054,8.6499,-3.6411,-0.7629,2.0445,2.1872,-4.6879,-9.807,-1.1114
0.3708,2.6955,9.9588,0.0048,2.2112,2.0677,-0.7658,8.5573,-4.2859,-0.4075,2.3429,3.4531,-4.3339,-10.0176,0.7822
0.2584,2.7389,9.8439,-0.2656,2.7305,2.5012,-0.2225,8.3391,-5.2692,0.4358,2.7583,4.3429,-3.9223,-9.872,2.308
0.1522,3.2126,9.4542,-0.8208,2.5214,2.7704,0.4401,7.7121,-6.127,1.5619,2.4662,4.9523,-3.4463,-9.5136,3.5973
-0.1796,2.995,8.6148,-0.9396,2.2259,2.9067,0.8053,7.4698,-5.9062,2.8558,1.9362,5.0839,-2.9898,-8.295,4.7751
-0.1348,2.7426,8.4402,-0.5974,1.8059,2.9825,0.8895,6.3517,-5.8619,3.1987,1.5495,5.395,-2.5218,-7.4174,5.4366
-0.1446,2.4786,7.6592,-0.7723,1.8715,3.3523,1.1139,5.1876,-6.6867,3.6512,1.391,5.2101,-1.9358,-6.3341,6.0694
-0.007,2.342,6.6547,-0.2594,1.4696,3.1808,1.1841,5.0597,-5.8871,4.1715,1.0504,4.8851,-2.0408,-4.9171,6.3307
-0.205,2.1511,5.7929,-0.3696,1.1615,3.3343,1.3441,3.215,-5.8058,4.2796,0.6201,4.7043,-0.9355,-3.9695,6.7468
-0.0786,1.9876,4.6838,-0.6584,0.3888,3.7619,1.3027,1.8485,-5.4056,4.5039,-0.0469,4.1295,-0.2308,-2.7528,6.7193
-0.1442,1.5515,3.7316,-0.6715,-0.2805,3.6614,0.718,0.4718,-4.5078,4.3324,-0.9007,3.7385,0.986,-1.3346,6.2252
0.0303,0.9541,2.3564,-0.4198,-0.7328,3.4891,0.5518,-1.0229,-4.0471,3.6092,-1.5461,2.6126,1.5894,-0.0278,5.3704
-0.0109,0.4594,1.0027,-0.1511,-1.6555,3.3014,0.4877,-2.7082,-3.4316,3.3099,-2.2298,1.9207,1.9604,1.6842,4.4545
-0.015,-0.2622,-0.8868,-0.056,-2.1729,3.2748,0.3717,-4.1523,-2.5646,2.8981,-3.1729,1.0205,2.9272,3.4474,3.5007
0.1889,-0.8769,-2.0858,0.1352,-3.2142,3.4735,-0.077,-5.5253,-1.2807,2.3911,-4.1902,0.3866,3.1112,4.8687,2.4585
0.1875,-1.6002,-3.053,0.6067,-3.9099,3.7367,-0.5732,-6.57,0.0371,1.5001,-4.9746,-0.8149,3.3726,6.2654,1.058
0.1646,-2.1386,-4.4725,0.9426,-4.3145,3.9232,-1.0018,-7.3928,1.4473,0.715,-5.453,-1.9862,3.838,7.0372,-0.2623
0.2945,-2.2287,-5.1385,1.5821,-4.8078,3.8591,-1.4739,-8.3947,1.9457,0.2993,-6.1239,-2.8163,4.3051,7.3556,-1.4889
0.0356,-2.7223,-5.8278,2.2897,-5.3205,3.9051,-2.1963,-8.7287,2.8131,-1.1461,-6.3552,-3.7479,3.9957,7.6033,-3.146
0.4161,-3.1364,-6.2676,2.4838,-5.1678,3.6024,-2.6895,-8.9319,3.4074,-2.276,-6.7605,-4.8593,3.8146,7.3249,-4.8282
0.6207,-3.3766,-6.4437,2.5261,-5.3602,3.6846,-3.1991,-8.5886,3.7476,-2.8533,-7.1101,-5.8582,3.6473,7.0112,-6.1601
0.9537,-3.4257,-6.1536,2.6546,-5.3818,3.3111,-3.6407,-7.6079,4.5571,-3.2644,-7.2249,-6.1161,3.0615,6.782,-7.3458
0.9843,-3.2079,-5.43,2.7156,-5.4272,2.7552,-4.1071,-6.5811,5.2597,-4.2888,-6.8193,-6.5096,2.1928,5.8271,-8.407
0.9633,-3.3327,-4.3768,2.5559,-5.1096,2.4478,-4.2687,-5.4042,5.6248,-5.313,-6.4422,-6.5612,1.2024,4.43,-9.4251
0.9693,-2.9054,-3.0679,2.6345,-4.2237,2.1807,-4.4565,-3.9507,5.3262,-5.7243,-5.9558,-6.3772,0.1719,2.924,-9.8514
1.2994,-2.6889,-1.9486,2.4414,-3.9,1.8409,-4.3943,-1.9302,4.4213,-5.6313,-5.2773,-6.0915,-0.8041,0.9773,-9.9658
0.9453,-2.3757,-0.6927,2.4318,-3.3849,1.8523,-4.0804,-0.217,4.2654,-5.8603,-4.4354,-5.8241,-1.5718,-0.6451,-9.4926
1.1565,-1.9766,0.833,2.3583,-2.6362,2.0252,-3.8678,1.3614,3.9358,-5.6646,-3.4536,-5.3704,-2.3716,-2.2459,-9.1551
1.5455,-1.346,2.618,2.1176,-2.0655,2.0554,-3.5423,3.3297,2.7696,-4.8189,-2.54,-4.3151,-2.8354,-4.2875,-8.3066
1.5568,-0.545,4.5569,1.1358,-1.32,1.8161,-3.1697,5.1848,1.8495,-4.77,-2.0426,-3.4586,-3.7818,-6.1286,-7.7003
1.3208,-0.0271,6.4779,0.9702,-0.7669,1.7329,-2.8287,7.1101,0.8361,-4.5934,-0.7703,-2.6293,-4.36,-7.6374,-6.4896
0.9403,0.7487,8.2113,0.8619,0.4894,1.7585,-2.4704,8.4549,-0.8308,-4.216,0.4502,-1.908,-4.8435,-9.0276,-5.2099
0.6768,1.3729,9.3396,0.6678,1.3438,1.7447,-2.1247,9.225,-2.1923,-3.3217,1.8918,-0.297,-5.2848,-10.0779,-3.4752
0.6503,2.2564,10.0617,0.0508,2.1533,1.7845,-1.4859,9.8773,-3.3597,-2.781,2.7644,1.2952,-5.1183,-10.9995,-2.0567
0.8892,3.1213,10.4746,-0.2193,2.8058,1.3583,-1.0304,10.1266,-4.683,-1.6073,3.2916,2.728,-5.2597,-11.5456,-0.5947
0.809,3.2042,10.7393,-0.3429,3.1151,1.4695,-0.2956,10.3899,-5.245,-0.5185,3.6414,4.0479,-4.7656,-11.4511,1.2191
0.6508,3.2537,11.4403,-0.531,3.3236,1.2046,0.1329,10.2269,-6.043,1.1998,4.007,5.3744,-4.1423,-11.181,3.2696
-0.2068,3.2469,10.8115,-1.4821,3.4486,2.0047,0.757,9.1466,-7.3142,2.4992,3.6039,6.0265,-3.6758,-10.4123,5.1383
-0.0347,3.121,10.0018,-1.5316,2.7904,2.6093,1.2626,7.7379,-7.6919,3.3303,3.0408,5.9307,-3.0474,-9.1738,6.1291
-0.1229,2.8118,8.4385,-1.4272,2.4869,2.6027,1.4056,6.61,-7.6369,3.8516,2.2426,6.035,-2.2944,-7.2657,6.7927
0.1025,2.6208,7.5244,-1.7023,1.9574,2.5686,1.6026,5.431,-7.2332,4.3159,1.4099,5.7888,-1.5157,-5.6843,7.1519
0.1434,2.531,6.5579,-1.8679,1.375,2.9104,1.8732,3.8183,-6.3999,4.8162,0.47,5.5728,-0.7366,-3.9053,7.2383
0.021,1.7897,5.1326,-0.9294,0.9648,3.074,1.7123,2.209,-6.0167,4.4808,0.1295,4.4948,0.1123,-2.2582,7.1101
-0.1116,1.5166,3.8013,-0.7644,0.0953,3.3881,1.4171,0.3822,-5.1411,3.8654,-0.5204,4.0509,1.8497,-0.8263,6.8875
-0.0325,0.9572,2.1426,-0.1098,-0.1883,3.9269,1.13,-2.0745,-5.0875,3.8953,-1.083,3.6623,2.782,1.0401,6.1005
0.1497,0.6553,-0.1879,0.0047,-0.8282,3.7014,0.8473,-4.1168,-3.8473,4.41,-2.0188,2.5413,2.7367,3.2819,5.4759
0.2664,-0.263,-2.2334,0.3985,-1.8137,3.3659,0.4594,-5.7843,-2.2795,3.7324,-3.3234,1.5174,3.3276,5.1741,4.1104
0.1447,-1.0691,-4.1221,0.9828,-2.7146,3.3113,0.2299,-6.9741,-0.2011,3.1532,-4.6841,0.502,4.2184,6.8172,3.5586
-0.004,-2.0625,-5.4201,1.7135,-3.8632,3.4111,0.169,-8.1779,0.8802,2.5905,-5.7153,-0.7433,4.6247,7.6192,2.1113
0.2353,-2.7651,-6.2709,1.906,-4.9033,3.6432,-0.5487,-8.6616,2.5753,1.7118,-6.7403,-2.6036,4.6578,8.5287,0.5857
0.2798,-3.1576,-6.6965,2.7653,-5.3619,3.8762,-1.1219,-9.1889,3.7906,0.0202,-6.9863,-3.4376,4.572,8.4576,-1.305
0.5282,-3.4089,-6.8094,2.6459,-5.8006,4.2172,-1.7958,-9.1311,4.1187,-1.3286,-6.9431,-5.4277,4.3597,8.2956,-3.2701
0.6953,-3.4119,-6.8115,2.869,-5.4905,3.4874,-2.6522,-8.5819,4.8615,-2.1115,-7.0472,-5.7894,4.1403,8.0391,-5.0146
0.9248,-3.3627,-6.7533,3.2524,-5.5635,2.8968,-3.2624,-8.1998,5.1891,-3.1795,-7.3022,-6.5868,3.0836,7.085,-6.5014
1.033,-3.2991,-5.9277,3.3647,-5.2561,2.8194,-3.8862,-6.6027,5.8618,-4.0987,-7.0479,-6.7469,2.3835,6.0366,-7.9125
1.092,-3.3418,-4.3967,3.4535,-5.6104,2.7739,-4.0439,-5.5644,5.7568,-4.7985,-6.3562,-7.025,1.1382,4.421,-8.8255
1.2895,-2.9989,-3.6242,3.1878,-4.9891,2.5688,-4.0614,-4.2509,5.1532,-5.461,-5.6644,-6.6604,0.5074,3.1222,-9.4658
1.575,-2.5174,-2.4963,2.9411,-4.567,2.0277,-3.8659,-2.2412,5.5032,-5.7118,-5.0918,-6.1897,-0.2874,1.8759,-9.982
1.3297,-2.4406,-0.8492,2.7288,-3.9711,1.9413,-3.9053,-1.1491,4.2501,-5.8066,-4.2702,-5.7897,-0.8678,0.0986,-9.7169
1.3595,-1.9815,0.5462,2.6423,-3.3018,1.887,-3.6249,0.2002,3.7913,-5.4531,-3.4713,-5.3293,-1.6855,-1.0697,-9.3465
1.2989,-1.297,1.699,2.3971,-2.6298,1.8734,-3.4622,1.487,3.1791,-4.8832,-2.6942,-4.3836,-2.1918,-2.5325,-8.3991
1.2703,-0.9522,3.2592,2.4305,-2.0861,1.5623,-3.351,2.9301,2.1008,-4.7316,-1.6922,-3.5773,-2.4571,-4.3591,-7.3602
1.2202,-0.0561,4.8965,1.8809,-1.4284,1.0312,-3.0429,4.7001,1.5042,-4.5784,-0.799,-2.5386,-3.1887,-5.7599,-6.4704
1.0874,0.4818,6.4793,1.703,-0.4463,0.9257,-2.7436,6.0687,0.2695,-4.0939,0.3195,-1.2547,-3.9248,-7.1458,-5.3243
0.9663,1.4414,7.4953,1.1336,0.5233,1.0317,-2.3919,7.1633,-1.6063,-3.4294,1.2018,-0.1829,-4.9437,-8.1303,-3.9827
0.9205,2.0821,8.5284,0.6901,1.1951,1.2485,-1.938,8.0805,-2.8334,-2.6302,1.5767,1.1708,-5.2696,-8.8783,-2.8534
0.953,2.5838,9.3883,-0.182,1.5035,1.2969,-1.4174,8.1975,-4.0219,-1.9171,1.8368,2.0281,-5.1812,-9.6017,-1.7175
0.7471,2.7161,9.5224,-0.3001,2.1959,1.4903,-1.0228,8.6289,-4.6897,-1.0993,2.0081,2.9726,-4.8663,-9.2684,-0.3977
0.6726,2.5841,9.7398,-0.459,2.4847,1.5829,-0.3594,8.1718,-5.6898,-0.1188,2.0374,4.0823,-4.6014,-9.23,0.9783
0.2775,2.7676,9.4477,-0.4903,2.562,1.9538,0.2888,7.9489,-5.8609,2.1663,2.3064,4.5967,-4.2082,-8.3976,2.8844
0.3065,2.7116,8.8328,-0.1249,1.8954,2.4035,0.9647,7.1046,-6.0315,2.4604,2.4679,4.9155,-4.0051,-7.6719,4.3141
0.0981,2.7838,8.3305,-0.0403,1.8219,2.6413,1.2908,5.965,-6.3891,3.0634,2.1004,4.5807,-3.2396,-6.732,5.6119
0.13,2.5702,7.669,-0.1877,1.24,2.3613,1.3918,5.2316,-6.2676,3.7004,1.8518,4.8283,-2.631,-5.3956,6.4497
0.0727,2.1643,6.7898,-0.1766,0.8439,2.8048,1.2168,3.8229,-6.0736,3.1939,1.6907,4.8807,-2.1657,-4.1794,6.6687
-0.0153,2.1021,5.8339,-0.0975,0.6055,2.806,1.1076,2.7665,-5.586,3.3871,1.122,4.9106,-1.6178,-2.9722,6.6323
-0.4824,1.8734,4.5987,-0.1838,0.3668,3.1632,1.2668,1.0995,-5.2748,3.3957,0.4299,4.5326,-1.1536,-1.8956,6.3555
-0.1599,1.3861,3.3591,-0.0385,0.1935,3.0953,1.1794,0.0495,-4.6992,3.4914,-0.4175,3.638,-0.1666,-0.5791,5.7894
-0.3136,0.9101,2.3882,0.0718,-0.5814,2.8893,0.944,-1.2299,-3.9951,3.3495,-1.0782,3.1009,1.0139,0.8322,5.2977
-0.4102,0.5913,0.8113,0.2888,-1.2784,3.0373,0.6287,-3.187,-3.7636,3.1524,-1.7714,1.8877,1.5414,2.3893,4.5779
0.1346,0.1185,-0.9745,1.0576,-1.8691,3.0944,0.3386,-4.5589,-2.3543,2.7417,-2.4187,1.9633,2.4498,4.16,3.793
0.0518,-0.3301,-2.6123,1.1499,-2.8941,2.7564,-0.0521,-6.0798,-1.8168,2.2988,-3.6562,0.9267,3.4888,5.1827,2.7807
0.164,-1.0583,-3.7295,1.7067,-3.655,2.7841,-0.4064,-7.0001,-0.6468,1.5197,-4.4328,-0.269,3.7147,6.4019,1.4553
0.1661,-1.6382,-4.7872,2.0651,-4.2312,2.5237,-0.8006,-7.7146,1.3791,0.7823,-5.4103,-1.2106,3.7075,7.3987,0.2368
0.0843,-2.4071,-5.5868,2.6388,-4.8026,2.5518,-1.6305,-8.2987,2.8391,-0.0121,-6.0641,-2.6869,4.1531,7.5769,-1.2109
-0.0805,-2.6077,-5.8056,2.8099,-5.2848,2.3432,-2.2493,-8.4437,3.509,-0.9447,-6.4318,-3.5548,3.2397,7.4648,-2.9233
0.0826,-3.0508,-5.8642,3.0777,-5.4467,2.7688,-2.8672,-8.0683,3.9713,-2.1792,-6.5898,-4.8501,3.0803,7.2912,-4.7227
0.1742,-3.0687,-5.8968,3.4815,-5.3475,2.7975,-3.4239,-7.4979,4.8925,-3.3631,-6.6529,-6.0989,2.8334,6.7507,-6.5252
0.3295,-3.1705,-5.1399,3.2539,-4.822,2.7402,-3.5788,-6.6169,5.1575,-3.9905,-6.7059,-6.3779,2.0924,5.9491,-7.6532
0.9419,-2.9139,-4.1531,3.0713,-4.7464,2.3372,-3.8171,-5.874,4.276,-4.3941,-6.1832,-6.2325,1.3873,4.5835,-8.54
0.9191,-2.6036,-3.4817,3.2173,-4.5354,1.9535,-3.7502,-4.3748,4.5012,-4.6071,-5.8662,-6.412,1.0289,3.722,-8.9802
0.8246,-2.2175,-2.8288,2.9415,-3.9331,1.9076,-3.7406,-3.1595,4.5583,-4.6517,-5.3964,-5.8812,0.1136,2.341,-9.1133
1.0529,-2.0394,-1.507,2.8703,-3.7095,1.3122,-3.6343,-1.6469,4.4289,-5.2299,-4.7797,-5.7359,-0.1208,0.7702,-9.0912
0.9953,-1.4901,0.0658,2.6587,-3.0436,0.8928,-3.7462,-0.0064,3.8753,-5.3979,-4.1514,-4.5958,-1.2663,-0.681,-9.3708
0.9806,-0.9038,1.3732,2.3179,-2.4957,0.8928,-3.5406,1.2607,2.8733,-5.1852,-3.5524,-4.33,-1.7579,-2.4752,-9.052
1.0076,-0.0493,2.6271,2.1508,-2.0603,0.8208,-3.3449,3.1532,2.4736,-5.0582,-2.68,-3.79,-2.998,-4.3044,-8.2313
0.6593,0.182,4.2004,2.0827,-1.1336,1.0837,-3.0958,4.9611,1.7371,-5.2211,-1.6425,-3.1253,-3.5246,-6.1745,-6.9034
0.4885,0.5309,5.9729,1.6591,-0.1893,1.1315,-2.4792,7.0237,0.8456,-4.4431,-0.4876,-1.2672,-4.1739,-8.0104,-6.1886
0.5184,1.0695,7.9935,1.5004,0.8186,1.3403,-2.2131,8.0373,-0.7467,-3.7111,0.8782,-0.3838,-4.7079,-10.015,-5.0426
0.5094,1.7565,9.3161,1.0041,1.6342,1.1506,-1.8652,9.091,-2.407,-2.7481,1.9182,1.575,-5.2769,-10.9015,-3.2674
0.6131,2.7244,10.2026,0.246,2.0936,1.4081,-1.3707,9.2715,-4.2358,-1.3378,2.6139,2.7738,-4.9181,-11.4974,-1.513
0.631,3.2279,10.5804,0.7649,2.8329,1.7392,-0.8264,9.1755,-5.4424,-0.1171,3.3764,4.0224,-4.7582,-11.1902,0.6467
0.4106,3.4516,10.2857,0.2341,2.6412,1.7137,-0.1078,8.7748,-6.6138,1.1458,3.5499,5.1647,-4.3594,-10.7901,2.6305
0.3683,3.6532,9.7505,-0.099,2.9929,1.7446,0.346,9.5005,-5.8129,2.3519,3.4523,5.6398,-4.4899,-9.6944,4.2764
0.3174,3.4263,10.1322,-0.2348,2.6175,1.877,0.8935,8.1281,-6.5433,3.0131,3.3878,6.1098,-3.8767,-9.4319,5.7064
-0.3447,3.4058,9.0628,-0.4018,1.8975,2.4174,1.0161,6.7616,-7.1105,3.5897,3.2497,6.6557,-2.8712,-8.3413,6.8125
-0.2472,3.3274,8.0503,-0.6866,1.5768,2.4851,0.9682,5.1637,-7.3128,3.5898,2.5036,7.029,-1.9118,-6.7034,7.0846
-0.3372,2.9016,6.5247,-0.6837,1.3686,2.5172,1.0201,3.6251,-6.9591,3.6779,1.6305,6.3715,-1.536,-5.0465,6.9282
-0.125,2.0363,4.9125,-0.4503,0.9087,2.7322,0.8573,2.2286,-5.9235,3.822,0.6314,5.6991,0.0378,-3.2307,6.9469
-0.2228,1.593,3.4751,-0.072,0.4799,2.8711,0.6013,0.5519,-5.4159,4.0986,-0.3163,5.1423,0.8706,-1.708,6.394
0.0783,1.1131,2.4103,0.1365,-0.6941,2.7178,0.4556,-0.8963,-4.1347,3.7217,-1.0321,3.6248,1.7779,-0.1157,5.6031
0.0169,1.2167,1.1088,-0.0718,-0.7903,2.4973,0.1657,-2.9198,-3.6829,3.4028,-1.7386,2.8863,2.0874,1.5967,4.8719
-0.1629,0.4153,-1.0256,0.4002,-1.3193,2.8956,-0.2518,-4.6594,-2.4668,2.9607,-2.6751,1.5078,2.8528,3.3643,3.8358
-0.074,-0.0748,-2.7067,0.6564,-1.8929,2.9668,-0.4595,-5.98,-1.425,2.7805,-3.8972,0.6702,3.1502,4.853,2.8367
0.0962,-1.3466,-4.4982,1.3095,-2.8913,2.6628,-0.7958,-6.2693,0.2133,2.0336,-4.8652,-0.2059,3.5884,5.7779,1.7038
0.0494,-2.3151,-5.0593,1.9465,-3.9426,2.5764,-1.0457,-7.4419,1.6715,1.1327,-5.471,-1.5159,3.901,6.2941,0.3206
0.2073,-2.4202,-5.8049,2.0883,-4.5858,2.6438,-1.4286,-7.7899,2.8848,0.4483,-6.0906,-2.497,3.8011,6.8289,-0.8556
0.4289,-2.8156,-5.9606,2.1357,-4.9829,2.4285,-2.2586,-7.7612,3.7771,-0.9637,-6.5791,-3.6467,3.7168,6.9858,-2.6182
0.5344,-2.9838,-6.0402,2.0793,-4.6932,2.3014,-2.8339,-7.3781,4.7352,-2.4197,-6.9777,-4.8359,3.2088,6.6574,-4.7127
0.5271,-3.2214,-5.6095,2.2198,-4.6027,2.1153,-3.4375,-6.8359,5.267,-3.2018,-7.1412,-5.0358,2.4582,5.7164,-6.4041
0.4151,-3.1742,-5.0797,2.5606,-4.424,2.3593,-3.6404,-5.7881,5.7252,-3.761,-6.7299,-6.7635,1.0579,4.6352,-7.7184
1.1252,-3.1133,-4.2564,2.6482,-4.0169,2.1907,-3.8346,-4.4726,5.8724,-4.5291,-6.3032,-6.3826,0.8744,3.2478,-8.4098
1.1773,-2.8658,-2.995,2.6815,-3.6759,1.9913,-3.7523,-3.2207,6.1393,-5.0185,-5.769,-5.9932,0.4443,1.8362,-9.0263
1.2318,-2.5026,-1.5391,2.5802,-3.1499,1.6178,-3.7844,-1.8897,5.2429,-4.5513,-5.0292,-5.8535,-0.4584,0.1944,-9.1582
0.9977,-2.099,-0.3853,2.4993,-2.7738,1.5209,-3.6108,-0.0794,4.7589,-5.1837,-4.0848,-5.6208,-1.2302,-1.3236,-8.7903
1.042,-1.5523,1.085,2.1687,-2.4157,1.5664,-3.4364,1.1792,3.7897,-5.7227,-3.2648,-4.2468,-2.1299,-3.0218,-8.6769
1.0893,-1.0729,2.5831,2.1953,-1.6397,1.7614,-3.4256,3.0478,2.9858,-5.389,-2.1826,-3.8012,-3.2052,-4.9451,-7.9357
1.7092,-0.4622,4.886,1.7563,-0.794,1.2185,-3.0665,4.8502,2.0765,-4.5785,-1.3687,-2.7771,-3.7959,-6.3508,-6.8911
1.1178,0.1862,6.8896,1.3462,-0.2391,1.2187,-2.7471,6.133,0.4896,-3.9265,-0.1512,-1.9431,-4.3504,-7.9663,-5.656
1.0799,1.3624,7.8627,0.891,0.6172,0.9634,-2.3342,7.4708,-1.0474,-3.1767,1.1245,-0.536,-4.5896,-8.7921,-4.1952
1.0465,2.1488,8.8859,0.4225,1.3156,0.9461,-1.9927,7.9338,-2.3946,-2.9168,2.049,1.8947,-4.4171,-9.6184,-2.8346
0.8136,2.6785,9.4258,-0.6689,2.3257,1.0725,-1.554,8.2445,-3.6862,-1.8999,2.2947,2.5464,-4.651,-10.0749,-1.392
0.904,3.1409,9.6841,-1.194,2.6807,1.2591,-0.9075,8.2347,-4.9097,-0.8054,2.4051,3.6422,-4.604,-10.0802,0.1334
0.7722,2.9699,9.3989,-1.235,2.7752,1.0298,-0.2717,8.2526,-5.2002,0.1662,2.557,4.3261,-3.7694,-9.7741,1.6849
0.6437,3.1048,9.342,-0.9748,2.7247,0.855,0.1844,8.8003,-5.1151,1.6448,2.6837,4.781,-3.5755,-9.0436,3.2449
0.4657,3.1958,9.2971,-0.8398,2.4387,1.0135,0.5331,7.9024,-5.3827,1.7602,2.7566,4.4407,-3.3399,-8.8957,4.4452
0.2398,3.0879,8.6207,-0.9233,2.2534,1.0291,0.8992,7.1821,-5.1942,2.2114,2.8138,4.6658,-2.536,-8.1978,5.3382
0.4893,2.8113,8.3326,-1.0002,2.1863,1.3233,1.0646,5.7763,-5.7167,2.5776,2.5776,4.9659,-2.1535,-7.227,5.9049
0.2879,2.6749,7.3297,-0.961,1.9202,1.4005,1.1211,4.8256,-5.6503,3.1751,2.3312,5.0077,-1.517,-6.0522,6.4451
0.1705,2.822,6.2411,-1.4968,1.851,1.7831,1.2173,3.3592,-5.8237,4.2024,1.1713,4.8692,-0.445,-4.7601,6.699
-0.3201,2.4406,4.6837,-1.5933,0.9121,1.9544,1.1994,2.2339,-4.929,3.5382,0.2502,4.9459,0.306,-3.4494,6.3839
-0.438,1.5015,3.8179,-1.1723,0.5084,2.207,0.993,0.3759,-4.7704,3.0713,-0.3833,4.1158,1.4044,-2.2261,5.8797
-0.0928,1.3534,2.5138,-0.8668,0.225,2.3504,0.7102,-1.0352,-4.2961,3.6743,-1.0068,3.5041,2.3069,-0.3779,5.7101
0.0495,0.7828,0.9239,-0.7928,-0.1283,2.3369,0.6459,-2.9007,-3.4951,3.5967,-1.9298,2.6921,2.683,1.3824,4.9001
-0.002,0.0023,-0.8396,-0.487,-0.985,3.8284,0.4083,-5.2577,-2.6518,3.4803,-3.0205,1.9022,3.1487,3.0662,4.1297
0.0601,-0.6739,-2.8466,-0.2042,-2.2371,3.863,0.2983,-6.9351,-1.5161,3.0517,-4.2814,1.3567,4.325,4.9463,3.2531
0.255,-1.549,-4.5138,0.5214,-2.88,2.7934,-0.0367,-7.6222,0.1581,2.4071,-5.2721,0.2934,4.1229,6.8485,1.979
0.4142,-2.3397,-5.1889,1.0174,-3.7087,2.7254,-0.5213,-8.425,1.5145,1.7977,-6.116,-1.2182,4.1042,7.6881,0.8349
0.4971,-2.5832,-6.0603,1.5161,-4.3027,2.6768,-0.9945,-8.8348,2.413,1.2652,-6.7027,-2.7875,4.5302,8.3075,-0.5841
0.5822,-3.1763,-7.2912,2.1234,-4.6016,2.005,-1.4656,-8.7954,3.324,0.1019,-7.0297,-4.096,4.2396,8.5571,-2.0637
0.4929,-3.258,-7.251,1.9801,-4.973,2.0023,-1.93,-8.7556,4.8218,-0.8712,-7.4587,-4.7913,4.2583,8.0976,-3.9239
0.4949,-3.2583,-6.579,1.9802,-5.3431,2.0297,-2.6476,-8.3262,5.6441,-2.6054,-7.6707,-6.4712,3.8855,7.5524,-5.7262
0.6482,-3.2118,-6.2108,1.741,-4.8976,1.9565,-3.2,-7.8368,6.2599,-4.0457,-7.6493,-6.7651,3.0862,6.5767,-7.4095
0.6978,-3.168,-5.6502,1.9283,-4.6347,1.7294,-3.4493,-6.6247,6.1705,-4.751,-7.0869,-7.3748,3.1371,5.0586,-8.9914
1.0269,-2.9455,-4.6856,2.0611,-4.2148,1.416,-3.7447,-5.661,6.2781,-5.5075,-6.7051,-6.404,1.8364,3.6265,-9.8372
0.9634,-2.7785,-3.7614,2.1093,-4.2353,0.8451,-3.7783,-3.8709,6.043,-5.8233,-6.0994,-6.6149,1.1165,1.9317,-10.2367
0.7627,-2.6662,-2.485,2.3436,-3.2351,1.038,-3.9335,-1.9806,5.59,-6.1658,-5.1161,-5.9299,0.2114,0.5245,-10.1891
0.2361,-1.8882,-1.2075,2.1113,-2.8752,1.1042,-4.0293,-0.6438,4.603,-6.0768,-4.358,-5.5034,-0.8241,-1.4326,-9.9943
0.4565,-1.5838,0.2921,1.8844,-2.2499,1.2461,-3.6213,0.7365,4.2304,-6.301,-3.3039,-5.5606,-1.3416,-3.0364,-9.5559
0.3808,-1.0616,1.7381,1.778,-1.3496,1.0565,-3.3464,2.2882,3.1881,-5.8875,-2.4449,-4.7171,-2.4601,-4.9346,-8.8559
0.4419,-0.3016,3.564,1.3747,-0.656,1.0299,-3.0895,4.027,2.4481,-5.3107,-1.8925,-3.6041,-3.1476,-6.7013,-8.0048
0.2313,0.5474,4.9769,0.9071,0.2879,0.897,-2.7176,6.1014,1.6895,-4.7711,-1.0602,-2.6572,-3.7021,-8.1123,-6.9719
0.4595,1.1353,6.97,0.7932,0.7265,0.7779,-2.3564,7.4384,0.5618,-4.2852,0.1865,-1.5908,-4.4682,-9.8268,-5.7987
0.0257,2.4322,8.1282,-0.2787,1.668,0.7956,-1.8336,8.5883,-0.441,-3.6464,1.06,-0.1873,-4.8444,-11.0729,-4.367
0.1812,2.999,9.3177,-0.4468,2.4102,0.7755,-1.3906,9.8173,-1.6441,-3.3907,2.071,1.0183,-5.16,-12.2155,-3.0035
0.0871,3.3267,10.1462,-0.7136,3.1193,1.077,-0.6852,9.9126,-3.571,-2.503,2.599,2.9833,-5.1543,-12.8717,-1.5234
0.1437,3.543,10.7053,-1.1921,3.3919,0.6438,0.1393,10.9149,-4.5302,-1.2221,3.2141,3.9303,-5.0561,-12.9228,0.3239
0.2065,3.9801,11.2668,-1.3656,3.8079,0.8632,0.6912,10.4512,-5.8988,0.0482,3.3144,4.883,-4.8295,-12.6267,2.5495
-0.145,4.2842,10.9585,-1.5261,4.0046,0.9488,0.9569,9.8623,-6.2893,2.059,3.556,5.6033,-4.4816,-11.5026,4.3445
-0.323,4.0303,10.9276,-1.5398,3.6288,0.86,1.4713,8.8331,-6.8073,2.6176,3.3738,5.7198,-3.5145,-10.7591,5.5492
-0.3548,3.9829,10.2956,-1.1066,3.2263,1.3269,1.6772,7.6371,-7.0282,3.1316,3.6079,5.7806,-1.9211,-9.3949,6.8113
-0.5495,3.9401,8.8551,-1.1253,2.9805,1.4735,1.9525,5.838,-7.608,4.2625,3.3983,5.6895,-1.5137,-7.9475,7.8185
-0.5738,3.495,7.0463,-1.1774,2.4691,1.4667,2.1719,4.2634,-6.9215,4.3802,2.6644,6.316,-0.6659,-6.1158,8.415
-0.5882,2.932,5.7273,-0.9657,1.7624,1.4362,2.0743,2.5076,-6.2322,4.8082,1.6757,6.0291,0.3759,-4.2571,8.6795
-0.6185,2.7355,4.1771,-1.0254,1.4625,1.8143,1.8494,0.6505,-5.733,4.8401,0.6453,5.2199,1.3528,-2.2973,8.1416
-0.4687,2.1769,2.4583,-0.8222,0.5851,1.9232,1.6032,-0.8811,-4.8411,4.9486,-0.265,4.4628,2.1511,-0.39,7.8232
-0.2109,1.5475,0.4776,-0.5286,-0.0957,2.0988,1.4153,-3.4455,-3.9082,4.6287,-1.2158,2.9434,3.1762,1.6976,6.8337
-0.2385,0.815,-1.6415,-0.7535,-0.7762,1.8711,1.1138,-5.064,-2.6807,4.3351,-2.6883,2.487,3.9542,3.7675,5.8903
-0.3815,0.014,-3.8305,-0.2834,-2.0505,1.8022,0.7829,-6.7533,-0.8679,3.8462,-4.501,1.4164,3.8996,5.644,4.4252
-0.5185,-1.1119,-4.7811,0.0636,-3.5787,1.7568,0.2268,-7.7637,0.5059,2.3628,-5.9295,-0.0804,4.7929,6.9372,2.2494
-0.5889,-2.4274,-5.8427,0.7448,-4.1932,1.594,-0.2486,-8.3759,2.5527,0.8668,-6.573,-1.6398,5.0661,7.9334,0.1726
-0.4066,-3.0021,-6.6872,1.2469,-4.8519,1.7404,-1.0843,-8.9401,3.8694,-0.2958,-7.1869,-4.2267,4.9364,8.137,-1.5578
-0.2314,-3.3002,-6.8044,1.7722,-5.3299,1.6625,-1.9033,-8.5435,5.2719,-1.7398,-7.588,-5.2097,4.6955,8.1,-3.8307
-0.0398,-3.484,-6.4601,2.2995,-5.3653,1.6306,-2.7091,-8.4019,5.6913,-2.9074,-7.3898,-6.349,3.7922,7.3818,-5.8982
0.0516,-3.4847,-6.0377,2.7945,-5.3623,1.6188,-3.431,-7.6346,5.907,-4.1831,-6.7402,-7.0348,3.2432,6.2913,-7.6001
0.2156,-3.4496,-5.3584,2.956,-4.8223,1.561,-3.6512,-6.967,6.2032,-5.1228,-6.3131,-7.4214,2.5451,4.9719,-8.8617
0.3785,-3.0309,-4.5517,2.718,-4.4977,1.2524,-3.8308,-5.7856,6.1232,-5.6592,-6.0582,-7.0135,2.0481,3.6403,-9.8188
0.3924,-2.5296,-3.4603,2.7512,-4.0648,1.0667,-3.6962,-4.1555,5.9532,-5.9669,-5.4823,-6.5033,1.4267,2.2359,-10.281
0.4364,-2.1748,-2.1778,2.6252,-3.3401,1.0421,-3.6108,-2.718,5.4748,-5.7934,-4.8812,-6.2811,0.4234,1.0273,-10.1867
0.5161,-1.8292,-0.9325,2.2952,-3.1888,0.6684,-3.65,-1.4008,5.0704,-6.1336,-4.5314,-5.2445,-0.2208,-0.6999,-10.0108
0.4545,-1.484,0.4231,2.1885,-2.5616,0.5354,-3.6257,0.265,4.9872,-6.211,-3.7682,-5.0705,-1.1246,-2.0181,-9.7594
0.2721,-1.1315,1.4773,1.9227,-1.9361,0.7698,-3.2767,1.7236,3.4908,-6.116,-3.0608,-4.2709,-1.8333,-3.9273,-9.1466
0.2952,-0.5299,2.7778,1.6998,-1.6608,0.9082,-2.937,3.7794,2.8624,-4.7168,-2.2995,-3.4274,-2.8073,-5.4016,-8.014
0.6534,0.041,4.8869,1.6661,-1.2772,0.8719,-2.804,5.2797,1.9156,-5.605,-0.8848,-2.5091,-3.3317,-7.1178,-7.1343
0.4047,1.0299,6.6961,1.1066,0.3435,0.9673,-2.4764,6.6643,0.8042,-5.0445,0.4619,-1.903,-4.0847,-8.219,-5.945
0.3188,2.0327,8.1698,0.7409,1.05,0.7777,-2.051,7.2961,-0.4423,-4.5169,1.3889,-0.2546,-4.1066,-9.5993,-4.8917
0.2333,2.4482,9.0644,0.0705,2.0258,0.7299,-1.5021,8.111,-2.171,-3.8897,2.0655,1.261,-4.254,-10.4971,-3.6118
0.1425,2.9794,9.3399,-0.2758,2.9074,0.7878,-0.9769,8.7258,-3.4215,-2.4648,2.4147,2.7351,-4.44,-10.9571,-2.0598
-0.1419,3.0466,9.8427,-0.7851,3.2526,0.9295,-0.2997,8.7134,-4.2957,-1.3245,2.7954,3.6776,-4.6901,-11.0682,-0.2385
-0.21,3.4247,9.8374,-1.1189,3.3448,1.1623,0.3475,8.5414,-4.8332,-0.3068,2.6866,4.9544,-3.9102,-10.8106,1.6857
-0.0738,3.7236,9.9196,-1.3108,3.9253,1.3593,0.8732,8.3205,-5.4677,1.2452,2.6048,5.2316,-3.7727,-10.0156,3.0023
-0.0781,3.6676,9.6038,-1.0039,3.2022,1.571,1.2879,7.4277,-6.4112,2.3446,2.5565,5.6281,-3.1158,-9.3784,4.7453
-0.206,3.7325,8.8272,-0.8399,2.9979,1.2129,1.4995,6.7482,-5.8508,3.2182,2.4075,6.0461,-2.3951,-8.0575,5.9711
-0.4743,3.347,7.8497,-1.3946,2.7636,1.465,1.6847,5.6915,-5.7756,3.3301,2.0525,6.0317,-1.8485,-7.1211,6.5576
-0.683,3.3376,7.0189,-1.4464,2.0284,1.7957,1.9374,4.5157,-5.6404,3.3794,1.4358,5.801,-1.6726,-5.7747,6.7526
-0.7545,2.7862,5.5742,-1.113,1.7641,2.1886,1.8324,3.1955,-5.3182,3.2431,0.9545,5.2814,-0.8295,-4.5224,6.6467
-0.6886,2.1639,4.6645,-0.331,1.5552,1.8011,1.6777,2.1886,-4.4207,3.0624,0.5155,5.0025,-0.1777,-3.377,6.472
-0.6943,1.7998,3.5213,-0.547,1.143,1.8639,1.5868,1.2019,-3.9247,3.5296,-0.157,4.6573,0.6781,-2.2874,6.0641
-0.6321,1.3479,2.8265,-0.6918,0.4048,2.0222,1.4045,-1.2944,-4.147,3.015,-0.9941,3.6229,1.6977,-1.2361,5.4515
-0.5978,1.1738,0.9906,-0.1556,0.0839,2.3277,1.242,-2.3336,-3.1587,3.1012,-1.5522,2.9992,2.4284,0.8395,5.1626
-0.6032,0.7933,-0.783,-0.0149,-0.5327,2.62,1.0378,-4.0778,-2.3368,3.0566,-2.5785,2.6646,3.9707,2.489,4.4992
-0.8075,0.1547,-2.6304,0.3704,-1.5886,2.9668,0.6835,-5.7935,-1.5938,2.3373,-3.7663,1.4609,4.2355,3.7897,3.5693
-0.3424,-0.8386,-4.1223,0.3206,-2.6565,2.6289,0.2085,-6.796,0.6187,0.9944,-5.1929,0.4906,4.7867,5.3051,1.7826
-0.1656,-1.2654,-4.9138,0.6301,-3.4651,2.5266,-0.2931,-7.7399,1.5195,0.6663,-6.2906,-0.7775,4.6198,6.4347,-0.0959
-0.1732,-2.2544,-5.4842,1.2401,-3.9905,2.4011,-0.8715,-8.2336,3.2147,-0.3545,-6.9852,-2.5061,4.7897,7.2288,-1.6016
-0.1683,-2.743,-6.114,1.6177,-4.1834,2.2503,-1.2881,-8.4624,4.1978,-1.2533,-7.3258,-3.9642,4.3368,7.1857,-3.4491
-0.251,-2.769,-6.6579,2.32,-4.3949,2.526,-2.0677,-8.2645,4.9114,-2.0187,-7.3172,-5.1211,4.0295,7.106,-4.959
-0.1829,-3.1948,-6.1468,2.7717,-4.2482,2.5984,-2.4324,-8.0342,5.3851,-3.3917,-7.1319,-5.8128,3.925,6.2602,-6.5215
-0.0169,-3.185,-5.9556,2.6233,-4.2233,2.2701,-2.7212,-7.7741,5.6357,-4.3715,-6.824,-6.2467,3.3292,5.1439,-7.6551
0.1605,-2.9608,-5.5049,2.8645,-4.1581,1.9893,-3.1934,-6.5681,6.1547,-4.8254,-6.2614,-5.9101,2.2988,4.3057,-8.1893
0.0927,-2.8264,-4.818,2.7367,-4.0659,1.8855,-3.2844,-5.2182,6.1572,-5.46,-6.2633,-5.6853,1.778,3.0514,-8.8294
0.1381,-2.4501,-3.501,2.6234,-3.4413,1.7311,-3.336,-3.8051,5.5695,-5.5562,-5.6869,-5.7136,1.3673,1.69,-9.2157
0.2649,-2.337,-2.4154,2.4987,-3.4908,1.6454,-3.2466,-2.6321,5.2343,-5.6787,-5.0361,-5.011,0.7637,0.3285,-9.384
0.4914,-1.8693,-1.2124,2.6626,-2.8377,0.7096,-3.2038,-0.8872,4.8684,-6.0228,-4.171,-4.8461,0.0674,-0.9565,-9.3469
0.3699,-1.5989,0.1981,2.4608,-2.0171,0.9786,-3.0749,0.2531,4.1214,-5.7471,-3.197,-4.3622,-0.4705,-2.6125,-8.8159
0.5943,-0.825,1.6723,2.2117,-1.2269,0.9376,-2.8755,1.8623,3.4177,-5.5175,-2.4221,-3.2624,-1.4481,-4.3063,-8.0593
0.6833,-0.1609,3.2773,1.4132,-0.5813,0.667,-2.867,3.826,2.4775,-4.504,-1.9033,-2.7316,-2.2557,-6.1104,-7.0114
0.6366,0.4065,5.3385,1.0217,0.1049,0.6127,-2.6426,5.7042,1.0598,-4.0544,-0.8602,-2.011,-2.8584,-7.6614,-6.0291
0.4873,1.421,6.8219,0.5416,1.0296,0.5153,-2.0549,7.083,0.0078,-3.7401,0.1406,-0.6083,-4.0284,-8.9879,-4.9853
0.4454,2.0099,8.0429,0.258,2.2449,0.7038,-1.6085,8.2864,-1.2719,-3.0562,1.2544,0.311,-4.73,-10.0664,-3.6921
0.3748,2.3591,8.8173,-0.437,2.9777,0.8077,-0.9681,9.127,-2.7279,-1.3948,1.9999,1.516,-4.5548,-11.0472,-2.0039
0.173,2.9535,9.6113,-0.5831,3.5187,1.1345,-0.1255,9.2049,-3.5486,-0.1207,2.5595,2.4103,-4.6457,-11.3685,-0.113
0.167,3.2744,10.0648,-0.5196,3.7314,1.4345,0.7334,9.2357,-4.5664,1.4985,2.9301,3.6565,-4.7224,-11.4056,2.377
0.1024,3.5635,9.9875,-0.8618,3.6522,1.416,1.1807,9.0395,-4.9751,2.7109,2.9527,4.3986,-3.6216,-11.0636,4.3318
0.969,3.3289,10.3041,-0.9571,3.2415,1.1274,1.7182,8.6343,-5.3856,3.3685,3.1223,4.5008,-2.7184,-10.3549,6.1831
0.1857,3.4735,9.5117,-1.4834,3.6854,1.388,1.9166,7.7839,-5.9364,4.616,2.9099,5.1527,-1.8234,-9.073,7.2264
-0.0644,3.519,8.5885,-1.0502,3.1481,1.6314,2.097,6.1582,-6.3816,5.5271,2.543,5.4551,-1.2465,-7.7348,8.5637
-0.2399,3.3895,7.4336,-1.4983,2.388,1.8002,2.2144,4.5061,-6.4632,5.5104,1.973,6.0432,-0.6438,-6.1107,9.027
-0.7354,3.1334,5.549,-1.5713,1.7995,2.2563,2.1363,2.8812,-5.8055,5.2967,0.8818,5.9791,0.0497,-4.4159,9.0903
-0.8817,2.3504,4.0065,-1.2623,1.2302,1.6149,1.9451,1.6412,-4.8256,4.5623,0.1634,5.1328,1.5976,-2.6657,8.572
-0.8692,1.8911,2.6529,-0.7021,0.4393,1.8516,1.8776,0.0057,-4.6568,4.2529,-0.3477,4.7877,2.3807,-1.1298,7.676
-0.8543,1.2787,1.3057,-0.195,-0.2676,2.159,1.5958,-2.0645,-3.7045,3.3736,-1.3048,3.2939,3.0058,0.7665,6.6452
-1.0626,1.0199,-0.7182,-0.4199,-0.9132,2.5423,1.2727,-4.2553,-2.5152,3.3212,-2.601,2.2512,3.8329,2.4869,5.5285
-0.8516,0.0211,-2.6406,0.0537,-1.8215,2.4613,0.9535,-6.3525,-1.1202,2.6503,-3.8119,1.3732,4.6638,4.2663,3.8988
-0.4786,-0.9278,-4.5029,0.4623,-2.8956,2.7957,0.6038,-7.4723,0.3241,1.8852,-4.843,0.692,5.0873,5.9344,2.5175
-0.4692,-1.6778,-5.8042,0.8595,-3.8099,2.3383,-0.2261,-8.3843,2.0619,1.2886,-6.1384,-0.8159,5.5053,6.9525,0.8758
-0.2875,-2.4869,-6.7842,1.5633,-4.3565,2.4116,-0.7783,-8.8439,3.5556,0.0543,-6.9251,-2.4243,4.9841,7.4194,-0.7586
-0.3418,-3.2792,-7.2401,2.007,-4.8032,2.5519,-1.435,-8.7629,4.6634,-0.8426,-7.3582,-3.9933,4.8424,7.542,-2.3451
-0.0038,-3.3817,-7.3706,2.3522,-5.0577,2.566,-2.0961,-8.5944,5.7463,-1.8134,-7.7901,-5.5546,4.56,7.3162,-4.3447
-0.0389,-3.3075,-7.0873,2.4497,-5.1561,2.2978,-2.6443,-7.8019,6.3834,-3.3862,-7.9605,-6.1367,3.9262,6.6585,-6.3824
0.0849,-3.3006,-6.2269,2.594,-4.9793,2.1169,-3.3976,-6.8882,6.4351,-4.7341,-7.6827,-6.4545,3.174,5.5093,-7.9473
-0.1831,-3.2271,-5.2955,2.6861,-4.3804,2.3018,-3.6189,-5.6132,6.4922,-5.1973,-7.3256,-6.3006,2.4107,4.0742,-9.1498
-0.106,-2.9289,-4.392,2.7916,-3.4665,2.2962,-3.7952,-4.2778,6.5084,-5.3976,-6.5428,-6.7655,1.423,2.8218,-9.7379
0.1299,-2.5469,-3.2386,2.7892,-3.2287,2.1356,-3.7412,-3.1434,6.1377,-5.6506,-5.7957,-6.5071,0.4778,0.5272,-9.906
0.1782,-2.2232,-1.8091,2.7435,-2.8395,1.9492,-3.4275,-1.1077,5.8971,-5.6413,-4.8997,-5.7812,-0.1948,-0.8134,-9.608
0.141,-1.4921,-0.3235,2.8006,-2.4101,1.8804,-3.4436,0.4497,5.0006,-5.8182,-4.1159,-4.8593,-1.1451,-2.5001,-9.1417
0.2182,-0.9936,0.9647,2.431,-1.9566,1.667,-3.0582,2.4184,4.208,-5.9564,-3.3192,-3.8831,-1.4146,-4.2558,-9.0261
-0.117,-0.7859,2.7116,1.9834,-1.1492,1.5345,-2.8407,4.227,3.2018,-5.6801,-2.5453,-3.4045,-2.6016,-6.1277,-8.117
-0.1056,-0.5863,4.9676,1.9605,-0.638,1.5577,-2.5968,5.9448,2.3719,-5.766,-1.56,-2.2247,-3.3147,-7.939,-7.1741
0.036,0.4204,6.8639,1.4758,0.8239,1.4814,-2.328,7.4811,0.5606,-4.7966,-0.0493,-1.5844,-4.0114,-9.3358,-6.0471
0.0217,1.5267,8.0337,1.1615,1.8457,1.7334,-1.803,7.9911,-0.7307,-3.5948,1.3067,-0.1141,-4.5054,-10.5983,-4.2733
-0.0181,2.0169,8.9609,0.6699,2.6207,1.987,-1.3561,8.6706,-2.0736,-2.6461,2.083,1.3299,-4.3156,-11.3022,-2.292
-0.195,2.5822,9.5478,0.5104,2.9621,1.557,-0.7325,8.9452,-3.3451,-1.2773,2.1683,2.3783,-4.4133,-11.8566,-0.5466
-0.3897,3.0654,9.7106,-0.5929,3.3693,1.383,-0.0648,9.3111,-4.1853,0.0188,2.3002,3.2909,-3.5557,-11.708,1.3433
-0.441,3.1977,9.8372,-0.6152,2.9596,1.5734,0.528,8.9606,-4.9256,0.764,2.5222,4.3572,-3.6444,-11.4634,2.8913
-0.5764,3.2274,9.4103,-0.7852,2.9416,1.4753,0.9906,8.5641,-5.4388,1.9303,2.4143,5.153,-3.1812,-10.4303,4.5395
-0.5723,3.3207,9.0536,-0.9875,2.7267,1.9024,1.5038,7.7103,-5.7573,2.0751,2.1512,5.2434,-2.8103,-9.516,5.5954
-0.4484,3.1185,8.4584,-0.5947,2.7645,2.0821,1.5362,6.3798,-5.7907,2.8593,2.0893,5.6639,-1.9627,-8.1822,6.2841
-0.3627,3.0033,7.5622,-0.6017,2.0132,2.1336,1.6929,5.1058,-5.699,3.424,1.8213,5.4328,-1.3774,-6.8095,6.945
-0.3559,2.7306,6.4801,-0.5352,1.6226,2.3439,1.661,3.8225,-5.151,3.3682,1.1934,5.8318,-0.7758,-5.0635,7.4353
-0.5145,2.3395,5.0906,-0.6788,1.2012,2.4463,1.408,2.295,-4.7976,4.1172,0.5073,4.9135,-0.3475,-3.4615,7.1845
-1.1491,2.1486,3.4218,-0.6049,0.6485,2.9524,1.4046,0.3091,-4.6188,3.4498,-0.688,4.4463,0.5316,-1.9851,6.632
-0.7908,1.2555,2.011,-0.2864,-0.1546,2.9838,1.387,-1.0515,-3.6563,2.5041,-1.2051,3.6217,1.5524,-0.123,5.7235
-0.6746,0.52,0.5335,0.102,-0.8247,2.7487,1.0547,-2.92,-2.8657,2.4172,-2.1677,3.2238,2.8604,1.811,4.9443
-0.7281,0.004,-1.2197,0.0931,-1.0813,2.8278,0.9829,-4.9087,-1.9513,2.4232,-3.169,2.2128,4.1494,3.4104,4.0374
-0.9947,-0.8526,-3.2266,0.8064,-1.6586,2.867,0.434,-6.4561,-0.5981,2.7262,-4.4097,1.0218,3.7986,5.0797,3.3643
-0.9819,-1.6881,-5.0904,1.3106,-2.9589,2.9127,0.2203,-7.5101,1.1473,1.9372,-5.5311,-0.2463,4.2327,6.1419,2.1477
-0.9715,-2.6518,-5.8487,2.0883,-3.9852,2.8161,-0.2452,-8.1222,3.3802,0.3068,-6.4054,-2.2381,4.6433,6.8429,0.4854
-0.8807,-3.1634,-6.4186,1.9908,-4.3199,3.0917,-0.7672,-8.4445,4.0123,-0.671,-7.244,-3.466,4.2631,6.8509,-1.241
-0.7464,-3.8607,-6.8171,2.552,-5.0981,2.9642,-1.306,-7.9292,5.2901,-2.0314,-7.6323,-4.6059,3.7297,6.8725,-3.2956
-0.5675,-3.7253,-6.456,2.8048,-5.3271,2.5801,-2.0886,-7.3691,6.429,-3.5866,-7.6,-5.1524,3.6264,6.2594,-5.1702
-0.5774,-3.9552,-5.8396,2.839,-5.1574,2.8651,-2.7118,-6.7799,6.2691,-5.006,-7.2789,-5.7989,3.2769,5.1878,-7.1323
-0.4089,-3.9626,-5.2512,2.9734,-4.596,2.6234,-3.0337,-5.9419,6.2172,-5.7063,-6.8335,-6.1432,2.6773,3.722,-8.3991
-0.3042,-3.7821,-4.3259,2.9525,-4.6065,2.5003,-3.0805,-4.6975,6.1494,-6.2957,-6.3338,-6.1393,2.4197,2.4695,-9.13
-0.0941,-3.1108,-2.931,2.8223,-4.1545,2.528,-3.3033,-3.562,5.6569,-6.693,-5.7014,-5.9304,1.869,1.3022,-9.3712
0.2352,-2.6392,-1.9199,2.5622,-3.6421,1.9953,-3.3427,-2.3519,5.341,-6.9694,-5.0161,-5.4184,0.8365,0.0069,-9.4984
0.1221,-2.3447,-0.8964,2.3487,-2.8997,2.31,-3.6085,-0.6912,5.6591,-6.9894,-4.4558,-4.7981,-0.0632,-1.3083,-9.4202
0.078,-1.9706,0.5319,1.9676,-2.3614,2.2115,-3.3555,0.3669,4.5515,-6.7882,-3.9779,-4.1694,-0.8953,-2.9004,-9.0335
-0.0366,-1.9156,1.3815,1.8333,-1.4655,1.5355,-3.0612,2.3542,3.7213,-6.2894,-3.1673,-3.5873,-2.0647,-4.3713,-8.2477
0.0763,-1.4824,2.9844,1.5681,-1.3509,1.4326,-2.7612,4.3071,2.5819,-5.6562,-2.4681,-3.404,-3.399,-6.1109,-7.3652
-0.1938,-0.9593,4.9989,1.2273,-0.5626,1.6005,-2.4905,6.2187,2.217,-5.8328,-1.393,-2.4125,-3.6798,-7.487,-6.3774
-0.2245,-0.4318,6.771,0.6095,0.363,1.8337,-2.21,7.1458,0.7022,-5.3401,-0.3712,-1.5603,-3.364,-9.149,-5.446
-0.0178,0.4569,8.4249,0.3085,1.8502,1.6234,-1.8107,8.0635,-0.4684,-3.9535,0.8763,0.0744,-3.8715,-10.2677,-3.8453
0.2238,1.5521,9.3613,0.3858,2.3123,2.4923,-1.3351,8.1741,-2.2838,-2.3866,2.1107,1.671,-3.9627,-11.0595,-1.4641
-0.2453,2.4615,9.8393,-0.3317,2.5163,2.6177,-0.5609,8.248,-3.9756,-0.9907,2.7993,3.6106,-3.8618,-11.0033,0.4663
-0.5264,2.8763,9.3955,-0.4732,2.6984,2.2378,0.0352,8.167,-5.213,-0.0615,2.8882,4.6521,-2.9796,-10.4107,2.4079
-0.6488,2.7409,9.0462,-0.8988,2.7752,2.4643,0.7093,7.1683,-5.8065,1.1653,2.5072,5.7812,-3.0076,-9.4152,3.9505
-0.6884,2.5749,7.9806,-1.0817,2.7034,2.1506,1.4729,6.5279,-5.373,1.9842,1.7754,5.9076,-2.3965,-8.0161,5.0736
-0.6844,2.2045,7.3095,-1.184,2.1001,2.2579,1.8555,5.8601,-4.9768,2.3574,1.1906,5.7885,-2.0218,-6.8708,5.8588
-0.8976,1.9049,6.7949,-0.8455,1.6477,2.3859,1.8691,4.893,-5.1462,2.5215,1.0207,5.4274,-1.5105,-5.7806,6.5194
-0.8746,1.6182,5.9025,-0.6778,1.0887,1.9769,1.6055,3.7486,-4.8079,2.6481,1.0455,4.9926,-0.415,-4.3743,6.67
-0.52,1.473,4.9099,-0.7662,0.3832,1.8585,1.5077,2.3077,-4.2786,2.9705,0.1008,5.1457,0.4551,-3.3026,6.716
-0.8228,1.3022,3.9502,-0.1182,0.405,1.8888,1.3829,0.9717,-3.8744,2.598,-0.1973,4.3526,1.0996,-1.8218,6.1281
-0.6833,0.9205,2.9438,-0.0638,0.0073,1.7992,1.1306,-0.435,-3.5636,2.4952,-0.6927,4.0098,2.3327,-0.4442,5.8421
-1.0721,0.5433,1.518,-0.3086,-0.5284,1.9247,1.3542,-2.4755,-3.4362,2.4514,-1.6159,3.4353,2.5904,1.2972,5.2188
-1.0466,0.1001,-0.5133,-0.5985,-1.0873,2.0565,1.2094,-4.272,-2.5701,2.264,-2.8812,2.8144,3.4462,3.0224,4.5503
-1.0629,-0.6664,-2.3852,-0.1659,-2.6687,1.8492,0.9478,-5.2215,-1.2452,1.5622,-4.4862,1.8795,4.2632,4.6223,3.2647
-1.3552,-1.7571,-3.9471,0.4834,-3.3074,1.8145,0.4391,-6.4094,0.4204,0.5362,-5.6465,0.2033,4.5374,5.9705,1.7456
-1.1939,-2.7467,-4.7844,0.8088,-4.0153,1.7997,0.0474,-6.846,2.0035,-0.4383,-6.5427,-1.3837,4.7948,6.5425,-0.1344
-1.3625,-3.3712,-5.2257,1.5767,-4.4418,1.9514,-0.5976,-7.4094,3.3428,-1.4246,-6.9039,-2.9304,4.9709,6.5753,-1.622
-1.1296,-3.8148,-5.4251,2.3186,-4.6667,1.9791,-1.2179,-7.3273,4.2175,-2.5047,-6.8369,-4.1286,4.7647,6.2669,-3.4303
-0.7756,-3.8833,-5.3251,2.6918,-4.83,2.3167,-1.7885,-7.2805,4.666,-3.7107,-6.3806,-4.6192,4.3072,5.6661,-4.9116
-0.7966,-3.8312,-5.2927,2.723,-4.5366,2.2112,-2.2398,-6.7422,4.7854,-4.1347,-6.3759,-5.2641,3.7306,5.1959,-6.0173
-0.5805,-3.7373,-4.7166,2.6863,-4.2431,2.3369,-2.5694,-6.3015,5.2376,-4.7359,-6.2007,-5.2222,3.2229,4.2124,-6.8987
-0.6034,-3.9741,-4.4284,2.9655,-3.9728,2.2761,-2.8001,-5.3057,5.4558,-5.1544,-5.8521,-5.328,2.5079,3.2336,-7.4433
-0.5847,-3.6923,-3.8334,2.8571,-3.9807,2.4488,-2.8169,-4.3712,5.4164,-5.5236,-5.7888,-5.9611,1.4388,2.074,-7.9247
-0.5592,-3.4853,-2.9677,2.5766,-3.8806,2.8304,-2.8837,-2.6545,5.8359,-6.0437,-5.2883,-5.7329,0.9586,1.011,-8.332
-0.4401,-3.2005,-1.2736,2.5067,-3.4687,2.54,-2.9995,-1.4266,4.8903,-6.5442,-4.7127,-5.0023,0.8856,-0.4827,-8.5931
-0.1104,-2.4841,0.1072,1.9373,-2.9724,2.3017,-3.1278,-0.4172,4.3605,-6.0696,-4.3316,-4.3782,0.3662,-1.8388,-8.4214
-0.0594,-1.893,1.0796,1.9659,-2.4065,2.4387,-2.9364,0.6161,3.5794,-6.0804,-3.682,-4.367,-0.6025,-3.034,-8.0707
0.1253,-1.6283,2.0308,1.8442,-2.0575,2.1249,-2.7336,2.4148,3.2284,-5.7985,-2.7975,-3.9278,-1.9967,-4.4828,-7.555
-0.1571,-1.0155,3.3636,1.3557,-1.3837,1.7042,-2.473,4.5983,2.9473,-5.3379,-2.6823,-2.9049,-2.6377,-5.8424,-6.8935
-0.1612,-0.5366,5.2565,1.2953,-1.1407,1.7466,-2.0706,6.1648,1.9872,-5.137,-1.5975,-2.2982,-3.1606,-7.3048,-6.1352
-0.2712,-0.0537,6.91,1.1141,-0.2535,1.6105,-1.8862,7.1508,0.5628,-5.4092,-0.3011,-1.7083,-3.6031,-8.6182,-5.4195
-0.4616,0.9656,7.846,0.8812,0.9172,1.5395,-1.6083,8.0077,-0.8716,-4.6356,0.8577,-0.1331,-4.0072,-9.7439,-4.2327
-0.5166,1.5959,8.7989,0.2502,1.8642,1.5481,-1.021,8.5313,-2.6308,-3.7876,1.753,1.5895,-3.9294,-10.5456,-3.0418
-0.3305,1.541,9.292,0.0891,2.4499,1.2016,-0.4623,8.9366,-3.7072,-2.6994,2.5053,2.8271,-4.4194,-10.9718,-1.5468
0.0448,2.0858,9.5141,0.1249,2.7538,1.0152,0.1208,9.2915,-4.3369,-1.3203,2.9773,4.0824,-3.8812,-10.8732,0.4623
-0.0977,2.805,9.7672,-0.4635,2.5574,0.9266,0.74,8.9919,-4.8463,-0.0181,2.4894,4.8423,-3.1375,-10.6114,2.3947
-0.6951,3.0578,9.7082,-0.6616,2.6899,1.5194,1.0896,8.373,-5.3269,1.0338,2.482,5.2602,-2.9203,-10.0077,4.0168
-0.6813,2.478,9.3498,-1.0695,1.9549,1.5775,1.4905,7.5394,-5.5021,0.9254,2.1473,5.4525,-2.3259,-9.3817,4.8227
-0.6778,2.3704,8.7436,-1.2633,1.8334,2.0208,1.6618,6.4446,-5.7084,0.701,1.5129,5.5592,-1.592,-8.0508,5.0786
-0.9498,2.0776,7.8537,-0.7966,1.7727,2.2948,1.6933,5.3158,-5.4362,1.372,1.206,5.4748,-0.9515,-6.7862,5.315
-1.1513,1.7038,6.7095,-0.5058,1.5662,2.7058,1.4997,3.7525,-5.4001,1.8205,1.0247,4.95,-0.4287,-5.6604,5.4514
-0.9283,1.6332,5.6746,-0.4442,1.3612,2.6924,1.7837,2.6974,-4.6676,2.7289,0.5827,5.683,0.2492,-4.1965,5.7983
-0.9562,1.4416,4.3482,-0.1276,0.9367,2.8364,1.8443,1.2461,-4.3208,2.9645,-0.0319,4.9687,1.1016,-2.8515,5.9557
-1.1081,0.9166,3.0609,-0.2978,0.5385,3.1118,1.5253,-0.3703,-3.8058,2.55,-1.1663,4.1564,2.3434,-1.3353,5.4349
-1.0094,0.2091,1.6936,0.1491,-0.1227,3.2642,1.3136,-2.4332,-3.2525,2.1254,-1.9157,3.574,3.0691,0.0588,4.6349
-0.8228,-0.1847,-0.366,0.494,-0.3987,3.273,0.9553,-4.0423,-2.0902,2.52,-2.8926,2.4784,3.4781,2.1239,4.3774
-0.916,-0.997,-2.0468,0.5534,-1.2763,3.2545,0.8569,-5.5254,-1.4605,2.6006,-3.8234,1.8562,4.3494,3.261,3.7623
-0.7778,-1.8734,-3.5735,1.0775,-2.4248,3.0874,0.5628,-6.5949,0.1503,2.071,-4.9745,0.6781,4.5317,4.8175,2.7036
-0.5026,-2.728,-4.5742,1.5509,-3.1343,3.5831,-0.198,-8.1067,1.0109,1.5708,-6.0355,-0.2356,5.1808,5.8355,1.7587
-0.5832,-3.3169,-5.9947,1.7841,-4.1877,3.0274,-0.6354,-8.1538,2.8404,0.6858,-6.7279,-1.9006,4.955,6.8663,0.2355
-0.591,-3.8394,-6.2633,2.2805,-5.2195,2.7638,-1.2656,-8.4853,3.5498,-1.3992,-7.2173,-2.8555,5.2321,6.911,-1.908
-0.6327,-4.1153,-6.5682,2.4187,-4.8595,3.018,-2.1897,-8.311,4.73,-2.6402,-7.5031,-3.9326,4.9446,6.9498,-3.8891
