x0,x1,x2,x3,x4,x5,x6,x7,x8,x9,x10,x11,x12,x13,x14
0.5937,0.129,0.1349,-0.1149,0.235,-0.3771,-0.1003,-0.1834,-0.0937,-0.517,-0.0823,0.4535,0.1508,-0.2063,-0.8513
0.3309,-0.1868,0.2485,-0.1829,0.2174,0.0025,0.0582,0.5335,0.4926,-0.5549,-0.0825,0.383,-0.191,-0.2297,-0.621
0.3574,-0.3502,0.8064,0.0622,0.1828,0.098,0.3185,0.4741,-0.0175,-0.4343,0.1386,0.3576,-0.1978,-0.3546,-0.2412
0.2614,-0.2851,0.7879,0.1608,0.0507,-0.0602,0.402,0.0822,-0.4356,-0.3134,0.4744,0.081,-0.0546,-0.1871,-0.1482
0.2676,0.102,0.6236,-0.0527,-0.0434,-0.2149,0.3515,0.5777,-0.4088,-0.0811,0.3282,0.3881,-0.0921,-0.3474,0.0429
0.3072,0.3873,0.9865,-0.048,0.0135,0.1492,0.4356,0.5277,-0.4517,-0.1927,0.3236,0.4574,-0.1688,-0.6457,0.2977
0.3913,0.134,1.105,-0.2731,-0.1215,0.3804,0.3132,0.55,-0.4878,-0.3593,0.2977,0.8078,-0.2662,-0.6707,0.0527
0.4796,0.5632,1.2627,-0.5078,0.4233,-0.0652,0.2961,1.3338,-0.4997,-0.2595,0.3177,1.1854,-0.3093,-0.4388,0.1501
0.2328,0.0401,1.5167,-0.3042,0.2494,0.0098,0.6216,1.0253,-1.112,-0.3701,0.308,0.9821,-0.0553,-0.6426,0.074
0.0999,-0.0972,1.4578,-0.3887,0.4078,0.0211,0.3834,1.3287,-0.9072,0.0418,0.3299,1.1061,-0.1771,-0.5733,0.1504
0.0088,0.2352,1.52,-0.3712,0.255,0.1316,0.3918,0.8115,-1.3266,0.039,0.3437,0.7519,0.061,-0.6107,0.1498
0.3812,0.0506,1.3799,-0.4154,0.1143,-0.1292,0.745,0.6853,-1.0504,-0.0629,0.3779,0.4762,-0.0437,-0.4982,0.1449
0.0939,-0.0865,1.3216,-0.2532,0.5188,-0.325,0.6997,0.925,-0.6962,0.0683,0.6371,0.8603,0.0702,-0.404,0.1294
0.3747,-0.1189,1.3871,-0.2411,0.6859,-0.0955,0.7412,0.9331,-0.698,0.2156,0.5185,0.915,0.138,-0.4905,0.9996
0.3202,0.0579,1.4602,-0.2863,0.3228,-0.1727,0.6813,0.7914,-0.3421,0.583,0.5526,0.7045,0.2457,-0.4859,1.7878
0.26,-0.284,1.4533,-0.1625,0.3229,0.2146,0.9234,0.3346,-0.9114,0.4506,0.6594,1.1344,0.3142,-0.7392,1.4082
0.4763,-0.2022,1.3022,-0.1222,0.2702,-0.1699,0.9081,-0.0704,-1.437,0.6602,0.5577,1.2255,0.3435,-0.5598,1.3611
0.265,-0.5078,0.9165,-0.0017,0.3908,-0.0036,0.7277,-0.4968,-1.5614,1.2423,0.1963,1.2227,0.4408,0.0494,1.1544
0.2662,-0.221,0.4495,0.0809,0.1529,0.0107,0.6766,-0.8898,-1.2302,1.132,-0.018,0.7729,0.6539,0.439,1.0549
0.3828,0.0475,0.0639,-0.1104,0.0463,-0.0679,0.5123,-1.305,-1.0771,0.8058,-0.2149,0.6519,0.8609,0.7704,1.122
0.2179,-0.4437,-0.6281,0.0069,-0.0879,0.1864,0.6492,-1.2311,-0.5691,0.4123,-0.5511,0.2246,0.7622,1.2272,0.7987
0.2386,-0.4195,-0.7444,-0.034,0.0349,-0.076,0.4963,-1.4196,-0.2138,-0.0215,-0.611,0.6323,0.8684,1.1232,0.6424
0.4215,-0.6506,-0.7689,0.0847,-0.1001,-0.1021,0.6525,-1.2444,0.1222,0.2125,-0.7462,0.2714,0.6393,1.2127,-0.0364
0.4785,-0.7951,-0.7563,0.1443,-0.1746,0.2474,0.7718,-1.2879,-0.2478,0.1156,-0.4878,-0.1427,0.6397,0.9953,0.6726
0.6292,-0.7436,-0.759,0.2324,-0.2225,-0.1971,0.6084,-1.2176,0.2536,0.1994,-0.6405,-0.5005,0.7716,1.2119,0.8559
0.4874,-0.7594,-0.3701,0.0836,-0.4501,-0.0799,0.5482,-1.5393,0.3389,0.0527,-0.5899,-0.609,0.6998,0.7746,0.6022
0.5956,-0.6813,-0.515,0.1925,-0.259,-0.0932,0.6126,-0.7155,0.5551,-0.1595,-0.5137,-0.0219,0.6842,0.7385,0.1777
0.5644,-0.2668,0.1423,0.0293,-0.2242,-0.0298,0.4912,-0.4354,0.5443,-0.4399,-0.6391,-0.6013,0.369,0.1465,-0.293
0.2445,0.1233,0.3109,-0.1336,-0.0922,0.1672,0.6343,-0.4482,0.3146,-1.0139,-0.57,-0.4211,0.2729,-0.1734,-0.6874
0.4607,-0.3824,0.4509,0.0516,-0.0219,-0.0115,0.7967,-0.1874,0.5385,-1.2991,-0.359,-0.4511,0.277,-0.1464,-0.8655
0.3577,-0.342,0.4887,0.2926,0.0156,0.2323,0.7446,-0.4433,-0.2113,-1.2221,-0.1828,-0.2869,0.2451,-0.4379,-1.2677
0.3333,-0.5689,0.299,0.3887,0.091,0.4201,0.5764,-0.3976,-0.0081,-1.1358,-0.0958,-0.1833,0.1799,-0.7369,-1.2834
0.4896,-0.3807,0.5498,0.3512,0.2705,-0.1858,0.8337,0.2399,0.2558,-0.5418,-0.037,-0.2277,0.1647,-0.3621,-0.8936
0.6519,-0.2898,1.1255,0.1117,-0.0109,-0.1401,0.8523,0.4926,-0.0597,-0.8019,0.0758,0.4951,0.0407,-0.5362,-1.0751
0.7505,-0.5286,1.3729,0.1029,0.0547,-0.3475,0.7339,0.9754,-0.361,-0.8634,0.3356,0.5121,0.0559,-0.8983,-1.0706
0.3604,-0.0316,1.644,0.1571,0.4082,0.2145,0.688,0.498,-0.5786,-0.6538,0.6611,0.2218,-0.0667,-0.8909,0.0788
0.6055,-0.1114,1.3769,0.1201,0.4675,-0.095,0.6315,0.41,-0.6519,-0.4535,0.6832,0.3204,-0.1409,-1.1051,0.1722
0.3832,0.5063,1.1821,-0.3913,0.5523,0.1218,0.7238,0.1306,-0.6704,-0.1138,0.7762,0.4306,-0.1393,-0.8652,0.3135
0.1742,0.0524,1.0278,-0.1132,0.6289,0.4642,0.9566,0.0555,-0.723,-0.1656,0.7001,0.8094,0.0629,-0.7609,0.556
0.3794,0.0604,0.9433,-0.1104,0.5324,0.3925,0.9343,-0.5618,-0.9019,-0.1033,0.5103,1.0346,0.159,-0.5874,0.6335
0.6589,-0.105,0.5663,-0.0164,0.5224,0.6814,0.789,-1.156,-0.9643,0.2872,0.4015,0.7099,0.5684,-0.2091,1.0132
0.2897,-0.1085,0.028,-0.114,-0.0219,0.5857,0.8514,-0.5837,-0.4533,0.1674,-0.1925,0.3285,0.5177,-0.0612,0.4228
0.6151,-0.1987,0.4805,-0.3001,-0.2401,0.3135,0.6928,-0.1589,-0.0824,-0.1073,-0.3243,0.3305,0.5835,-0.2087,0.4449
0.1926,-0.1321,0.4422,-0.1866,-0.0226,0.4063,0.638,-0.2301,-0.2334,-0.2319,-0.3675,0.0319,0.5311,-0.0446,0.4884
0.1662,-0.119,0.4316,-0.2406,0.0026,0.5965,0.7223,-0.587,0.0328,-0.4381,-0.5541,-0.0619,0.3982,-0.0323,0.0262
0.1227,-0.6948,0.3894,-0.2107,-0.1802,0.3937,0.8114,-0.3546,0.3712,-0.8922,-0.6214,0.2594,0.3235,-0.0385,0.242
0.2676,-0.4616,0.4888,-0.1773,0.0373,0.3389,0.69,-0.9565,-0.3875,-0.6478,-0.6447,-0.1035,0.4636,-0.3294,-0.0011
0.2625,-0.1673,0.1734,-0.2257,0.0138,0.4652,0.7714,-0.4392,-0.0914,-0.5634,-0.5105,-0.2478,0.4813,0.1851,-0.2698
0.3445,-0.1936,0.3316,-0.2967,-0.0479,0.5324,0.7569,-0.8098,0.0018,-0.6149,-0.6679,0.0499,0.5062,0.2724,-0.7776
0.5974,-0.3774,0.3531,-0.2321,0.0233,0.0128,0.8475,-0.8036,-0.3772,-0.4878,-0.8021,-0.4805,0.4503,0.1341,-0.9064
0.364,-0.5529,0.0107,-0.1984,-0.0004,0.2173,0.7847,-0.7948,-0.534,-0.5575,-0.9212,-0.5057,0.5418,0.0778,-0.7059
0.5099,-0.8084,0.1156,-0.0046,-0.2039,0.0573,0.8322,-0.2726,0.2568,-0.9621,-0.849,-0.8203,0.2421,0.125,-0.5712
0.3459,-0.8459,0.3112,0.0745,0.1928,0.4911,0.7167,-0.5419,0.1949,-0.6425,-0.6061,-1.1294,0.5004,-0.2087,-0.0279
0.3992,-0.7693,0.5507,0.2756,-0.1491,0.2626,0.4651,-0.0219,0.4288,-0.6163,-0.4258,-0.8108,0.2433,-0.3931,-0.272
0.514,-0.5093,0.9952,0.1245,0.0408,0.5284,0.5224,0.2291,0.3199,-0.7571,-0.3035,-0.0895,0.3317,-0.6481,-0.3313
0.4851,0.1209,1.299,-0.0804,0.2481,0.7262,0.5115,0.0623,-0.3415,-0.8263,-0.0143,0.1085,0.3525,-0.9097,-0.4902
0.5411,-0.1793,1.2398,-0.1198,0.4835,0.6702,0.7157,0.4286,-0.2963,-1.1112,0.1353,0.0527,0.2776,-0.7171,-0.0746
0.1133,0.1278,1.3304,-0.2551,0.4704,0.9949,0.7028,0.0459,-0.6694,-0.6728,-0.0099,0.5105,0.2268,-0.8688,0.1825
0.2327,0.2895,1.1752,-0.5167,0.4596,0.4461,0.8567,-0.0369,-0.514,-0.6159,-0.324,0.6873,0.3967,-0.5035,0.1592
0.4346,-0.0736,1.2071,-0.5302,0.4182,0.2563,0.9602,-0.0106,-0.3502,-0.7885,-0.4354,0.4944,0.5251,-0.4752,0.1016
0.1711,-0.4342,1.094,-0.5756,0.4537,0.4808,0.8731,-0.1147,-0.6087,-0.4111,-0.2557,0.3546,0.3397,-0.414,0.4678
0.2234,-0.6814,1.0973,-0.0327,0.3957,0.4123,0.9555,0.1339,-0.7862,-0.2341,-0.1987,-0.0456,0.1169,-0.0458,0.6201
0.2583,-0.4735,1.2597,0.0355,0.3678,0.2159,0.6045,-0.2284,-0.7095,-0.3966,-0.0712,0.1142,0.4822,-0.2321,0.5511
0.1945,-0.1149,0.9681,-0.3271,0.267,0.5679,0.6098,-0.9865,-1.1325,-0.2952,-0.3457,0.1522,0.6661,-0.1637,0.1613
0.2073,-0.5352,0.292,-0.2436,0.1602,0.4701,0.7521,-0.6175,-0.0855,-0.8103,-0.3605,0.247,0.4825,0.5869,0.5907
0.3241,-0.5509,0.3998,-0.3679,0.0162,0.0376,0.5873,-0.8866,-0.3078,-0.8044,-0.5932,-0.1542,0.7702,0.4088,0.9402
0.1845,-0.5581,0.0953,-0.2708,-0.1559,0.195,0.7127,-0.2424,0.4939,-0.6513,-0.8896,-0.5339,0.6469,0.3954,1.0294
0.3331,-0.9514,0.587,-0.2792,-0.13,0.7134,0.6364,-0.549,0.5587,-0.8408,-0.7471,-0.492,0.7659,-0.0607,0.6566
0.5153,-0.6152,0.6406,-0.2398,-0.107,0.1195,0.5898,-0.4851,0.1446,-0.4197,-0.6834,-0.2173,0.5275,-0.0463,0.1372
0.3981,-0.4501,0.641,-0.2705,0.0964,-0.2348,0.7775,-0.4519,-0.1614,-0.4889,-0.4706,-0.4003,0.5756,-0.0586,0.3621
0.4068,-0.3876,0.5536,-0.3238,0.0525,-0.1745,0.8911,-0.6328,-0.3676,-0.5404,-0.6915,-0.1738,0.4786,0.0667,0.2974
0.5361,-0.5873,0.751,-0.3713,0.1021,-0.018,0.8254,-0.463,-0.0188,-0.6536,-0.714,-0.2009,0.5241,0.4345,0.6236
0.5489,-0.6933,0.8505,-0.3669,-0.0343,0.0416,0.7374,-1.2851,-0.7043,-0.7346,-0.7352,-0.2611,0.6184,0.4074,0.3483
0.534,-0.5993,0.5923,-0.3732,-0.1951,0.2078,0.9046,-0.9041,-0.1771,-0.6869,-0.7896,0.3262,0.649,0.677,-0.4945
0.2648,-0.5746,0.3997,-0.3129,-0.2475,0.1825,0.6137,-1.5458,-0.354,-0.8123,-0.7472,0.2117,0.8493,0.6291,-0.177
0.6172,-0.318,0.2855,-0.4615,-0.1831,-0.3359,0.5545,-1.2679,-0.1416,-0.9336,-0.8128,0.0447,0.647,1.2058,0.1756
0.6749,-0.3836,0.0521,-0.3058,-0.0967,-0.3689,0.3705,-1.5307,-0.1436,-0.8754,-1.112,-0.3007,0.7796,1.4453,0.2596
0.3934,-0.4109,-0.0958,-0.2279,-0.2665,-0.2625,0.3609,-1.0834,0.0227,-0.953,-1.1602,-0.1512,0.7082,1.3938,0.1042
0.1079,-0.4246,0.1019,-0.291,-0.4146,-0.2436,0.3815,-0.4545,0.5247,-1.3781,-1.127,-0.1758,0.6124,0.9983,-0.1407
0.5712,-0.7092,0.6606,0.0545,-0.5154,-0.3492,0.4294,0.0244,0.6058,-1.8804,-0.9485,-0.5857,0.3168,0.8574,-0.2549
0.3516,-0.3841,1.1307,-0.1915,-0.3158,-0.1816,0.563,0.0827,0.5663,-1.8373,-0.7622,-0.7059,0.2774,0.2528,-0.3253
0.4323,-0.1961,1.2273,-0.1524,0.0812,-0.1886,0.4665,0.2054,0.2506,-1.5882,-0.3445,-0.3647,0.537,-0.1453,0.0851
0.4049,-0.5443,1.2828,-0.4953,0.2955,0.0958,0.6091,-0.1147,-0.1772,-0.9034,-0.4204,0.5255,0.6007,-0.309,0.1786
0.3679,-0.2033,1.065,-0.5789,0.2337,-0.225,0.6363,0.2124,-0.3382,-0.4687,-0.5094,1.0706,0.3535,-0.131,-0.0194
0.2328,-0.1798,1.0933,-0.3614,0.0593,-0.0396,0.7675,0.4181,-0.2534,-0.7786,-0.2284,0.1272,0.4459,-0.2112,-0.1453
0.5289,-0.2443,1.5378,-0.2615,-0.1151,0.1101,0.6788,0.3418,0.0001,-1.1965,-0.323,0.2056,0.1581,-0.2147,-0.4194
0.4626,0.1699,1.7091,-0.4739,-0.3611,0.3258,0.7207,0.1995,-0.1816,-1.614,-0.2195,0.2902,0.1873,-0.3403,-0.0706
0.2304,-0.114,1.3263,-0.4191,-0.0654,0.5523,0.6015,0.3783,-0.1393,-1.8225,-0.1532,0.4606,0.4303,-0.2818,-0.2997
0.5046,-0.2067,1.3353,-0.6182,-0.0363,0.7646,0.634,-0.6449,-0.2102,-1.6157,-0.3241,0.7932,0.6221,-0.4794,-0.1807
0.3631,-0.0254,1.0889,-0.3572,-0.0991,0.7222,0.4043,-0.0029,-0.3169,-1.3779,-0.4763,0.4661,0.5914,-0.0975,-0.234
0.425,0.174,1.2193,-0.3171,0.042,0.3882,0.4428,-0.0135,-0.475,-1.4103,-0.6561,0.3389,0.5154,0.0823,-0.1305
0.4025,-0.4831,1.1674,-0.2384,-0.1543,0.2085,0.5283,-0.1914,-0.5201,-1.2506,-0.7786,0.4256,0.5796,0.1178,-0.1521
0.4456,-0.3604,0.8732,-0.2324,0.0534,-0.0978,0.3706,0.2735,-0.0376,-0.9494,-0.8754,0.5068,0.6697,0.3327,0.2974
0.2396,-0.7482,1.0091,-0.163,-0.1197,-0.0312,0.492,0.1039,-0.2463,-1.3,-0.9479,0.5958,0.8293,0.0489,0.4906
0.2338,-0.5681,0.9363,-0.2332,-0.0979,0.199,0.361,-0.0823,-0.3165,-0.8306,-0.8244,0.0446,0.7209,0.2063,0.3046
0.2605,-0.573,0.981,-0.4571,-0.2017,0.2305,0.4878,-1.046,-1.0407,-1.0093,-0.9572,0.1256,0.8214,0.4017,0.1708
0.4831,-0.7539,0.0752,-0.3062,-0.4845,0.4391,0.2898,-0.7333,-0.3992,-0.8522,-1.3582,0.1363,0.7257,0.8748,0.0601
0.6091,-0.9108,0.2538,-0.0069,-0.4386,0.4653,0.4461,-0.4894,0.4337,-1.1203,-1.3594,0.0915,0.6587,1.1527,0.5605
0.6532,-0.3208,0.4645,-0.0683,-0.6245,-0.0739,0.5306,0.0854,0.615,-1.167,-1.2869,0.3899,0.8347,0.717,0.6245
0.56,-0.6116,0.7463,-0.0991,-0.3107,-0.1435,0.2947,0.2851,0.3854,-1.3326,-1.0772,0.7031,0.6464,0.3288,0.5756
0.2984,-0.5084,0.9143,-0.128,-0.2317,0.0565,0.3002,0.1864,-0.3261,-0.866,-0.8017,-0.0941,0.6379,0.1154,0.4145
0.4472,-0.5999,1.0831,-0.1419,-0.213,0.5702,0.2622,-0.2323,-0.1285,-0.7088,-0.7755,-0.3021,0.5773,0.3619,-0.4526
0.4595,-0.7324,0.9236,-0.0367,-0.1994,0.1747,0.3649,-0.2389,-0.4135,-0.6936,-0.5666,-0.316,0.7191,0.4767,0.2151
0.202,-0.6223,0.8449,0.1043,-0.4426,0.2215,0.2796,-0.1559,0.1096,-0.4513,-0.5794,0.0216,0.5682,0.8473,0.2352
0.285,-0.5584,0.905,-0.1176,-0.6214,0.2674,0.1496,-0.1659,0.2647,-0.5789,-0.3854,0.4299,0.5596,0.4668,0.2822
0.2255,-0.1732,0.9039,-0.4058,-0.5173,0.7268,0.2747,-0.5304,-0.0356,-0.6154,-0.8956,0.8624,0.6835,0.4672,0.0024
0.3739,-0.2343,0.6892,-0.2787,-0.3773,0.2756,0.2287,-0.4289,0.0796,-1.0289,-1.0333,1.0143,0.6684,0.4489,0.3919
0.1947,-0.6195,0.7244,-0.2449,-0.4827,0.3987,0.2316,0.2558,0.175,-0.8289,-0.9927,0.6949,0.4786,0.326,0.178
0.3317,-0.7387,1.0874,-0.2193,-0.3595,-0.0993,0.3287,0.2989,0.3149,-0.7472,-1.1705,0.7737,0.4624,0.1675,0.3369
0.193,-0.8149,1.3808,-0.0333,-0.4565,0.1452,0.247,0.3346,0.397,-0.6639,-0.9235,0.4448,0.4738,0.5304,0.0805
0.3352,-0.7872,1.5314,-0.0466,-0.5599,-0.0486,0.2266,0.1186,0.1649,-0.8155,-0.883,0.0309,0.6213,0.2963,0.488
0.393,-0.7041,1.4559,-0.1128,-0.2869,0.0533,0.2012,0.6434,0.2577,-0.6782,-0.6428,0.0499,0.6072,0.3449,0.3161
0.4724,-0.5413,1.7083,-0.1427,-0.4913,0.5981,0.1175,0.4022,0.2187,-0.6715,-0.6038,-0.1918,0.5417,0.0786,0.0655
0.2777,-0.4906,1.4301,-0.0883,-0.3796,0.4652,0.0603,0.095,0.1407,-0.8747,-0.5275,0.3161,0.5104,0.003,-0.0615
0.4113,-0.127,1.268,-0.1364,-0.4953,0.162,0.0669,0.0332,0.3941,-0.8955,-0.7315,0.2258,0.4641,-0.0778,0.0834
0.4209,-0.3588,1.237,-0.0051,-0.4549,0.3263,0.1628,0.0925,0.5685,-0.7775,-0.6002,-0.6651,0.5211,-0.1586,-0.5072
0.4254,-0.2935,1.4378,-0.0671,-0.393,0.0917,0.2294,-0.0611,0.2856,-1.0695,-0.536,-0.5504,0.5324,-0.1277,-0.1821
0.6317,-0.0536,1.5517,-0.0223,-0.2734,-0.0816,0.2232,-0.0658,0.397,-1.0874,-0.4627,0.2293,0.5915,-0.313,0.0741
0.5496,0.2727,1.4986,-0.2228,-0.1542,0.0166,0.2391,0.2306,0.5326,-0.9676,-0.4547,-0.2767,0.7439,-0.2298,0.2397
0.1741,0.5078,1.5429,-0.3312,0.0707,-0.1809,0.2257,0.1736,0.5905,-0.7293,-0.4904,-0.0495,0.7737,-0.3946,0.5072
-0.12,0.0611,1.4714,-0.3159,0.0663,0.2189,0.5951,-0.1622,0.5191,-0.4642,-0.6013,-0.2186,0.8493,-0.5961,0.5024
0.0103,-0.1727,1.2288,-0.0673,-0.1064,0.2972,0.7569,0.2157,0.7162,-0.0013,-1.0067,0.4664,0.8151,-0.7568,0.3058
-0.077,-0.12,1.3122,-0.3318,-0.4538,0.3959,0.4702,0.1982,0.4363,-0.4352,-0.9989,-0.0663,0.8857,-0.5878,0.3077
-0.0997,-0.0458,1.5064,-0.1912,-0.5686,0.5559,0.5499,0.0948,0.5661,-0.756,-0.955,-0.5485,0.8627,-0.1246,0.0026
0.0363,-0.4102,1.4411,0.0681,-0.5052,0.6236,0.6473,-0.4324,-0.028,-0.6697,-0.9421,-0.957,1.0513,0.1944,-0.0781
0.165,-0.0581,1.362,0.1273,-0.8547,0.5888,0.5254,-0.0523,0.5824,-0.4414,-0.6849,-0.6186,0.9953,0.6825,-0.3891
0.0215,-0.1214,1.3633,0.2114,-0.694,0.3817,0.3898,-0.4177,0.5609,-0.6625,-0.7217,-0.7935,1.0647,0.7018,-0.2558
0.0658,-0.1102,1.2011,0.0893,-0.821,0.1273,0.1704,-0.9186,0.2754,-0.792,-0.6468,-0.6227,1.1529,0.5541,-0.4364
0.0973,-0.0249,0.7887,0.1142,-0.6573,0.0798,-0.0923,-0.8435,0.6578,-0.7661,-0.8283,-0.1724,1.068,0.7062,-0.7919
0.0123,0.1287,0.5702,0.1366,-0.784,0.1823,0.0163,-0.5373,1.0769,-1.0921,-1.2181,0.1728,0.9359,0.4778,-1.087
0.2347,0.0556,0.6133,0.1327,-0.6315,-0.1807,0.1652,-0.4726,0.7928,-1.0629,-1.2089,-0.1687,0.8517,0.4731,-0.8778
0.1221,-0.4717,0.6681,0.2494,-0.6859,-0.4308,0.2585,0.4629,1.2894,-1.1727,-1.3663,-0.7339,0.6858,0.5933,-1.136
0.2425,-1.1725,1.2459,0.6743,-0.4995,-0.3822,0.071,0.8242,1.698,-0.8301,-0.9954,-0.9737,0.6223,0.0481,-1.5165
0.3258,-0.263,1.9905,0.2927,-0.6611,-0.2086,0.0632,1.0334,1.2501,-0.6215,-0.5647,-1.0309,0.3114,-0.8257,-1.1388
-0.0235,-0.1666,2.0208,0.3744,-0.6431,-0.2429,-0.0606,1.5489,0.5963,-0.6002,-0.2732,-0.7699,0.2838,-0.819,-0.8295
0.326,-0.157,2.2129,0.2644,-0.5412,-0.212,-0.0154,1.4369,0.6635,-1.2628,-0.2234,-0.7634,0.0167,-1.2389,-1.0389
0.4071,0.0656,2.4349,0.1601,-0.3292,-0.2204,0.113,1.6062,0.7695,-1.182,-0.2064,-0.455,0.1246,-0.9924,-0.8977
0.4026,-0.2515,2.7334,0.2665,-0.0456,-0.0721,0.1295,1.5442,0.493,-0.5488,0.2611,-0.3911,0.2244,-1.4813,-0.6704
0.4999,0.0583,2.8243,0.2796,0.0016,-0.2488,0.4085,1.3024,-0.0262,0.0627,0.2734,0.3698,0.3008,-1.7317,0.5271
0.3608,0.3505,2.6709,0.1053,-0.0026,0.129,0.3987,1.1872,-0.2179,0.4791,0.4627,0.382,0.2997,-1.7963,1.1808
0.2778,0.6601,2.417,0.088,-0.1715,-0.0629,0.368,1.5279,-0.4443,0.8108,0.2547,0.3726,0.4227,-1.3887,1.6615
0.2919,0.7839,2.457,-0.1054,-0.711,0.0704,0.3972,1.1483,-0.533,-0.0935,0.0125,0.2604,0.4208,-1.0706,0.8061
0.4632,0.3983,2.4538,-0.0287,-0.4927,0.3961,0.3585,1.0386,-0.312,-0.606,-0.0623,0.1265,0.4444,-0.6754,0.4095
0.27,0.4806,2.3316,0.115,-0.4989,0.516,0.4454,0.83,-0.4793,-0.1064,-0.1236,0.3402,0.4563,-0.3941,0.7682
-0.1549,0.1554,1.864,0.2848,-0.5503,0.2056,0.3059,0.2775,-0.5073,0.0944,-0.1399,0.2286,0.5953,-0.3975,0.6134
0.0656,0.5672,1.4711,0.2619,-0.5036,-0.0341,0.2011,0.044,-0.2267,-0.0509,-0.438,-0.0964,0.7585,0.2595,0.6441
0.3131,0.1521,1.2041,0.3361,-0.8563,-0.1782,0.0831,0.3597,0.2656,0.0543,-0.6053,-0.2139,0.5961,0.459,-0.1296
0.3521,0.0941,1.4579,0.2859,-0.9278,-0.4318,0.0183,0.1021,0.1605,-0.7465,-0.729,-0.3239,0.6612,0.2467,-0.3447
0.3782,0.1798,1.5677,0.3308,-0.8235,-0.698,0.1284,0.2271,0.4226,-0.3695,-0.7276,-0.4337,0.6226,0.0831,-0.3838
0.2692,0.095,1.7218,0.415,-0.8884,-0.6811,0.2159,0.6792,0.4937,-0.0977,-0.7351,-0.8723,0.616,-0.008,-0.3905
0.2503,-0.1031,1.9608,0.4734,-0.626,-0.2532,0.1543,0.7208,0.4093,-0.2509,-0.7219,-0.641,0.7393,-0.1783,-0.4019
0.161,-0.4738,2.0531,0.4978,-0.6728,-0.4147,0.1761,0.8951,0.0224,-0.354,0.0913,-0.3826,0.533,-0.3376,-0.1703
0.4415,-0.6133,2.3323,0.791,-0.7878,-0.7007,0.049,0.4557,-0.4476,-0.0549,0.3939,-0.4334,0.5621,-0.4171,0.108
0.1447,0.1462,1.9984,0.3894,-0.5624,-0.4462,-0.1098,1.0905,0.0598,0.1498,0.0275,-0.0728,0.4093,-0.52,0.0596
0.1113,-0.1463,2.0809,0.4697,-0.2005,-0.3174,0.1516,1.3084,0.0802,-0.1852,0.0037,-0.0808,0.3824,-0.504,-0.0868
0.4445,0.2579,2.0351,0.4299,-0.3638,-0.077,0.1147,1.4176,-0.2065,0.1453,-0.0398,0.0478,0.4011,-0.3876,0.1682
0.0312,-0.0042,2.4628,0.3738,-0.5308,0.0868,0.0301,0.9759,0.0933,0.0456,0.0702,0.2301,0.3482,-0.1265,0.5208
0.3082,-0.0656,2.2254,0.4016,-0.5161,-0.2399,0.0231,0.6129,0.0933,0.1922,-0.1169,-0.2968,0.3014,-0.0175,1.0066
0.2675,-0.1028,2.1053,0.4633,-0.7024,-0.2967,0.2287,0.4868,-0.2474,0.518,-0.3769,-0.4677,0.449,0.0449,0.2664
0.0954,-0.5672,1.937,0.5496,-0.8243,-0.1359,0.1293,0.8429,0.0317,-0.052,-0.4766,-0.438,0.4985,0.2252,0.5974
0.1651,-0.6781,2.0311,0.8072,-0.5849,0.0019,-0.0573,0.7298,0.317,-0.4738,-0.4337,-0.3487,0.4919,0.3822,-0.1092
0.0974,-0.4324,2.0491,0.8119,-0.52,0.1016,-0.1074,0.4996,0.1317,-0.1174,-0.4993,-0.544,0.5596,0.2154,-0.2018
0.1948,-0.4241,1.8861,0.6984,-0.4954,0.0036,-0.2069,0.4874,0.1667,0.1495,-0.2663,-0.2395,0.4892,0.3077,0.1274
0.3928,-0.1355,1.9465,0.5729,-0.6525,-0.0019,-0.3646,0.2425,-0.3751,-0.078,-0.2285,-0.2623,0.6564,0.1509,0.0475
0.4358,0.0814,1.7764,0.8724,-0.552,-0.2829,-0.3604,0.2038,-0.2881,0.1955,-0.0783,-0.1718,0.5928,0.5021,0.1187
0.2356,-0.4723,1.5035,0.8063,-0.7119,-0.2527,-0.1662,0.6797,0.073,0.3019,-0.0842,0.1251,0.5963,0.5803,-0.1417
0.0842,-0.4327,1.5302,0.6833,-0.5755,-0.3551,-0.0939,0.0957,-0.3318,-0.022,-0.4243,-0.0629,0.4354,0.4358,0.2572
0.108,-0.5952,1.4668,0.4755,-0.6187,-0.183,-0.0422,0.2352,0.0967,0.2077,-0.7748,-0.1917,0.6467,0.716,0.1374
0.3481,-0.1929,1.7033,0.5753,-0.7507,-0.0851,-0.0941,0.393,0.3409,-0.2875,-0.8586,-0.4075,0.6043,0.4757,0.0281
0.2825,-0.0717,1.9593,0.5168,-0.5992,0.1725,-0.0053,0.7089,0.7224,-0.6727,-0.6559,-0.6579,0.5249,0.3726,-0.3658
0.4397,-0.1062,2.2105,0.3899,-0.6231,-0.1266,0.0425,0.7852,0.5129,-0.8942,-0.3777,-0.946,0.2573,-0.0171,-0.5479
0.1751,-0.9569,2.2389,0.615,-0.3803,0.032,0.0058,0.7769,0.1575,-0.7621,-0.3184,-0.4658,0.4116,-0.339,-0.466
0.2474,-0.4025,2.3626,0.5967,-0.4473,0.0255,-0.0278,1.3382,0.4056,-0.5149,-0.0714,-0.1274,0.0568,-0.2781,-0.4877
0.2162,-0.0652,2.6462,0.5371,-0.4673,-0.0236,0.1578,1.8497,0.4382,-0.8372,0.0521,-0.0925,-0.1834,-0.7398,-0.239
0.2185,-0.0774,2.9815,0.5671,-0.4344,-0.1271,0.2048,1.5318,-0.2256,-0.888,0.073,-0.4276,-0.0306,-0.8551,-0.4507
-0.0424,0.1762,2.9315,0.3622,0.0812,-0.0303,0.1021,2.381,0.0796,-0.8178,0.5176,-0.2582,-0.2893,-0.6284,-0.3671
0.1886,0.631,3.5538,0.4832,0.1958,0.3872,0.1112,1.8989,-0.0087,-0.8358,0.5946,0.1558,-0.2822,-1.0265,-0.2703
0.5419,0.9031,3.5353,0.205,0.1883,0.221,0.3256,1.7545,-0.4303,-0.5138,0.5282,0.1554,-0.4064,-1.165,-0.2005
0.5912,0.5003,3.4217,0.2481,0.3765,0.0765,0.2441,1.8881,-0.7261,-0.1692,0.9018,0.4973,-0.1528,-1.0674,0.3874
0.3656,0.75,3.1536,0.115,0.5318,-0.1995,0.17,2.354,-0.3799,0.5035,0.5977,0.9936,-0.164,-1.3613,0.7967
0.1165,0.474,3.2085,-0.0201,0.2362,0.1498,0.1345,2.2139,-0.4784,0.4286,0.4532,0.8305,-0.3346,-1.6465,0.6145
0.0859,0.3355,3.2989,0.1282,0.1449,0.2943,0.0973,2.3052,-0.4004,0.2887,0.5172,0.9823,-0.3769,-1.2348,0.8834
0.5639,0.2235,3.6187,0.1807,-0.1278,0.1877,0.1478,1.7311,-0.7761,0.1344,0.3607,0.6211,-0.2045,-0.6303,0.5759
0.3341,0.4077,3.5511,0.1672,0.0404,-0.0477,0.0364,1.436,-0.5429,0.3588,0.3606,0.4142,-0.1035,-0.1247,0.7883
0.1468,0.2709,2.9841,0.5343,0.1101,-0.0748,-0.1971,1.1537,-0.7384,0.2753,0.5208,0.883,0.0507,0.1777,0.8289
0.2314,0.2178,2.645,0.4127,-0.0242,0.1685,-0.0662,1.0289,-0.5565,-0.0682,0.5493,0.3025,0.0213,0.0881,0.4862
0.3734,0.3021,2.6332,0.7071,-0.13,-0.1463,-0.1929,0.7502,-0.5723,0.0491,0.4098,0.7161,-0.0514,0.4589,0.3268
0.272,-0.0122,2.3063,0.5725,-0.2665,-0.576,-0.1345,0.259,-0.6403,0.1532,0.2718,0.2317,0.1577,0.8746,0.4328
0.3417,-0.3004,2.0787,0.6611,-0.2065,-0.3318,0.0443,-0.2282,-0.6073,0.2524,0.4046,-0.1073,0.4687,1.3079,0.1552
0.2275,-0.0438,1.4542,0.4898,-0.3592,0.1617,0.0036,-0.5045,-0.0905,0.3874,-0.0938,-0.16,0.6482,1.6455,0.2007
0.5098,-0.5324,1.5422,0.6937,-0.5419,0.1656,0.0508,-0.8719,0.4344,0.3095,-0.2137,-0.6024,0.7415,1.6657,-0.1201
0.3755,0.0466,1.2168,0.5538,-0.4301,0.1908,0.0107,-0.9158,0.5163,0.2095,-0.1697,-0.8023,0.8206,2.125,-0.1955
0.146,0.1578,0.8263,0.5551,-0.7333,0.008,-0.0892,-1.4216,0.1768,-0.1842,-0.4391,-0.6303,0.9628,2.1232,-0.2194
-0.0649,-0.773,0.2027,0.753,-0.8422,-0.0666,-0.1873,-1.6821,0.6227,-0.3236,-0.503,-1.1221,1.066,2.2021,-0.7939
0.0002,-0.7371,0.3261,0.8953,-0.8404,0.0439,-0.2724,-2.2074,0.5584,-0.6085,-0.7933,-1.4205,0.9822,2.6231,-1.4018
0.005,-0.8171,-0.1918,0.9717,-0.8456,-0.1092,-0.308,-1.6048,1.3568,-0.4779,-1.1491,-1.4564,1.105,2.8874,-1.4327
0.1385,-1.2581,0.0551,1.1178,-1.0972,-0.384,-0.1148,-0.8332,1.9979,-0.7954,-1.2147,-1.3675,0.925,2.5566,-1.5927
-0.0481,-0.7451,0.377,1.1588,-1.0338,-0.2498,-0.1773,-1.1714,1.533,-0.621,-1.0716,-1.0408,0.8336,2.0328,-1.7598
0.0517,-0.922,0.3789,0.9282,-1.1376,-0.1449,-0.3678,-0.6196,1.7552,-1.3486,-1.0651,-1.1692,0.6025,1.6999,-1.4781
0.0832,-0.7586,0.8821,1.0227,-0.8381,-0.3405,-0.49,-0.7239,1.0891,-0.9248,-0.7911,-1.2533,0.5256,1.5217,-1.8831
0.0229,-0.5917,0.7127,1.0019,-0.7561,-0.3239,-0.4632,-0.2685,1.1063,-0.8171,-0.6442,-0.8153,0.6166,1.3261,-2.3346
0.1624,-0.6432,1.1424,0.8515,-0.8021,-0.7153,-0.5528,0.0949,1.2825,-1.3996,-0.6862,-0.8483,0.338,1.1243,-2.1726
0.0591,-0.9371,1.3277,1.0285,-0.824,-0.5025,-0.3732,0.5854,1.2769,-1.2665,-0.4838,-1.0887,0.2224,0.608,-1.8604
0.0646,-0.744,1.8191,1.0181,-0.8848,-1.0915,-0.3781,1.6695,1.1471,-1.4251,-0.2978,-1.075,-0.092,-0.0254,-1.8641
-0.034,-0.2487,2.585,0.7856,-0.4619,-0.6972,-0.4129,1.5571,0.6248,-1.3313,0.1037,-1.0935,-0.3805,-0.4877,-1.8492
0.1395,0.0622,2.9161,0.4761,-0.1876,-0.4959,-0.4083,1.7158,0.3656,-1.5765,0.2838,-0.9805,-0.32,-0.4544,-1.8841
-0.1425,-0.3671,2.9271,0.4721,0.3401,-0.5082,-0.1165,1.9844,0.2067,-1.2269,0.3635,-0.5066,-0.546,-0.6962,-1.5669
-0.2244,-0.1353,2.8913,0.2161,0.7066,-0.6681,-0.059,2.0371,0.1931,-0.1976,0.5642,-0.6586,-0.8418,-0.6116,-1.0844
-0.1484,-0.3726,3.1455,0.427,0.637,-0.1127,-0.1227,1.984,0.0993,0.0573,0.5765,0.2086,-0.5339,-1.0657,-0.6517
0.0175,-0.018,3.185,0.2398,0.2121,0.0808,0.0846,1.9708,-0.0551,-0.064,0.6301,0.3865,-0.4347,-1.3411,-0.2697
0.2185,-0.0515,3.1751,0.1106,0.2584,-0.0349,0.1896,1.3189,-0.7533,0.0698,0.5203,0.6537,-0.3318,-1.3141,-0.4987
0.2045,0.0338,2.7063,0.176,0.3629,-0.3783,-0.0169,1.6497,-0.6581,0.2963,0.4256,0.4807,0.0257,-0.3046,-0.1363
-0.0452,-0.0955,2.7284,0.1663,0.2382,-0.115,0.1492,1.2026,-0.7118,0.2068,0.4494,0.2842,0.1125,-0.3977,0.0606
0.2795,-0.0137,2.4919,0.3248,0.3287,-0.5099,0.2796,0.9962,-0.7084,0.2128,0.5781,0.1727,-0.0046,0.2609,0.4912
-0.0507,-0.2337,1.9834,0.175,0.1721,0.0262,0.2468,0.192,-0.2711,0.363,0.2759,0.5697,0.1727,0.4018,0.6519
-0.1152,-0.259,1.4801,0.1687,0.2219,0.095,0.1824,0.2147,-0.074,0.5866,0.0276,0.3786,0.2657,0.9299,0.1624
0.3436,-0.5209,1.4338,0.1517,-0.0677,-0.151,0.2376,-0.103,0.2031,0.4823,-0.2772,0.1937,0.3773,0.9379,0.0705
0.2713,-1.2451,1.2848,0.4143,-0.1056,-0.574,0.2659,0.4772,0.8416,0.4414,-0.3387,-0.0564,0.2174,1.1299,0.1341
0.361,-1.2448,1.3881,0.6152,-0.4064,-0.6736,0.162,0.5051,0.7699,0.4371,-0.3317,-0.0103,0.1062,0.7843,-0.2324
0.3418,-0.7227,1.6278,0.6973,-0.1078,-0.631,-0.1585,0.4071,0.6278,0.8013,-0.1747,-0.0161,0.1639,1.1599,0.365
0.1981,-0.7774,1.7873,0.4356,-0.4597,-0.4314,-0.0447,0.0754,0.627,0.592,-0.1411,0.3591,0.1459,1.0843,0.2204
0.3777,-0.733,1.5846,0.4609,-0.2116,-0.6143,-0.1618,0.8005,1.0091,0.3338,-0.2434,0.4029,0.2196,0.8239,0.4353
0.0895,-0.7692,1.9497,0.5124,-0.2877,-0.7762,-0.5332,0.6764,0.7906,0.1572,-0.077,-0.0423,-0.0674,0.7638,0.1915
0.2235,-0.6053,1.8684,0.4504,-0.3307,-0.4518,-0.4186,-0.1388,-0.0283,0.081,-0.1764,-0.2911,-0.0547,0.4717,-0.1559
0.2813,-0.5175,1.6917,0.4388,-0.3106,-0.5516,-0.417,0.518,0.663,0.3234,-0.2538,0.1757,-0.2648,0.839,-0.4059
0.3726,-0.5669,1.8867,0.5495,-0.2605,-0.7329,-0.3255,0.4478,0.2426,0.1795,-0.1569,0.0453,-0.0089,0.9261,0.0195
0.3397,0.2017,1.8477,0.4034,-0.3721,-0.2545,-0.2176,0.2121,0.4355,0.242,-0.2602,-0.2307,-0.2546,0.7925,-0.131
0.2787,0.1452,1.6248,0.3114,-0.4689,-0.2399,-0.0943,0.1529,0.5508,-0.2977,-0.389,-0.2057,0.033,0.7728,-0.4287
0.2656,-0.5305,1.571,0.5398,-0.3046,-0.2374,-0.0961,0.018,0.3787,-0.5333,-0.2385,-0.0701,0.2055,1.1772,-0.4483
0.1846,-0.4885,1.6045,0.4197,-0.3914,0.0184,-0.2038,-0.0495,0.6074,-0.1844,-0.3156,-0.1832,0.3296,1.3675,-0.1387
0.1962,-0.8471,1.5554,0.3043,-0.2369,0.1219,-0.2679,-0.4051,0.3997,0.0319,-0.2228,-0.7598,0.533,1.4571,-0.5504
0.4624,-0.8111,1.3379,0.2508,-0.2779,0.066,-0.1737,-0.5471,0.59,0.1604,-0.4363,-0.7135,0.389,1.3584,-0.5909
0.325,-0.6464,1.1116,0.3694,-0.4015,0.1003,-0.1477,0.1695,1.0494,0.4103,-0.3234,-0.5887,0.4448,1.7643,-0.1133
0.1339,-0.5226,1.3901,0.3626,-0.6006,0.001,-0.0836,-0.5159,0.9979,-0.057,-0.3363,-0.6815,0.6011,1.4205,-0.499
0.2585,-0.8416,1.0183,0.4049,-0.4456,-0.0353,-0.2253,-0.0785,0.9612,-0.1885,-0.3727,-0.8076,0.4595,1.5284,-0.2202
0.176,-0.5722,1.156,0.4107,-0.3752,-0.072,-0.2224,-0.3423,1.0593,0.1385,-0.5021,-0.8129,0.3253,1.5345,-0.4029
0.0171,-0.6883,0.9486,0.4,-0.576,0.1152,-0.3823,-0.2031,1.3636,-0.2022,-0.6017,-0.5404,0.3627,1.4533,-0.504
0.3134,-0.5275,1.0227,0.5519,-0.6938,-0.1586,-0.4411,0.1453,1.4742,-0.6753,-0.6578,-0.6593,0.1753,1.8065,-1.1973
0.3374,-0.3499,1.3427,0.6525,-0.637,-0.2164,-0.3688,0.0056,1.1443,-0.8482,-0.45,-0.9313,0.3045,1.0042,-1.7113
0.3288,-0.7356,1.4273,0.5223,-0.3409,-0.2167,-0.4998,-0.1597,0.8942,-1.0309,-0.372,-1.0334,0.3113,0.8206,-1.2822
0.4567,-0.9132,1.3079,0.6051,-0.1789,-0.3985,-0.5312,0.6547,1.0509,-0.2187,-0.2822,-1.0808,-0.0774,1.0648,-0.647
0.4491,-0.6505,1.9109,0.64,-0.5028,-0.7988,-0.5591,1.1391,1.2981,-0.1732,-0.0673,-0.4991,-0.3027,0.6887,-0.6145
0.435,-0.9294,2.2995,0.8118,-0.2528,-0.7086,-0.6021,1.6009,0.9547,-0.2068,0.2156,-0.7677,-0.3684,0.3836,-0.6456
0.2301,-0.4116,2.5152,0.6478,-0.3002,-0.3335,-0.3372,1.6612,1.0021,-0.1608,0.6786,-0.6479,-0.5254,0.2284,-0.3725
0.3315,-0.3425,2.6875,0.3692,-0.2503,-0.4605,-0.4157,1.4272,0.4967,-0.5633,0.8877,0.0597,-0.2816,0.3588,-0.3947
0.2509,0.0689,2.6826,0.3985,0.0378,-0.0248,-0.2594,1.1256,-0.1532,-0.1188,0.6553,0.2206,-0.2167,0.3378,-0.2239
0.5423,0.3508,2.4894,0.1235,0.2355,-0.1029,-0.2007,1.0762,-0.0527,0.154,0.4255,0.6344,0.0126,0.5227,-0.328
0.4608,0.5208,2.3387,-0.0072,0.2505,-0.1226,-0.1342,0.5044,-0.2909,0.1806,0.3512,0.6445,0.2934,0.7234,-0.2632
0.5237,0.0622,2.0542,0.1636,0.0613,0.1603,-0.2665,0.6159,0.1867,0.0308,0.1683,0.1897,0.2593,0.7792,-0.0352
0.3197,-0.0142,1.8946,0.1459,-0.1484,0.1069,-0.2276,0.2526,0.2037,-0.0807,0.0581,0.595,0.3889,1.1367,0.2986
0.0677,0.1051,1.6935,0.1977,-0.4421,0.2412,-0.2934,-0.3256,0.0045,0.1352,-0.0139,0.3226,0.5311,1.6287,0.6229
0.2411,-0.2323,1.3598,0.337,-0.581,0.1191,-0.1223,-0.7999,-0.0265,-0.3403,-0.2092,0.1573,0.6343,1.9945,0.1028
0.0269,0.2754,0.8275,0.2578,-0.4983,0.2753,-0.4163,-0.6325,0.6745,0.0269,-0.3257,0.1958,0.8399,2.8382,0.5052
0.1032,-0.4344,0.4993,0.1482,-0.7452,0.0643,-0.3507,-1.1854,0.8971,-0.2916,-0.4287,0.361,0.9827,2.5485,0.0634
0.3624,-0.6462,0.3342,0.213,-0.7112,0.0827,-0.2936,-1.1385,1.2735,0.0426,-0.4524,-0.4551,1.0326,2.8634,0.3679
0.3782,-0.8126,0.2829,0.3082,-0.9216,-0.1844,-0.3402,-0.9293,1.5186,0.0719,-0.7261,-1.1181,0.8801,2.5206,0.3273
0.4817,-0.5606,0.5936,0.3258,-0.9892,0.0995,-0.4638,-0.7512,1.9795,0.3528,-0.5665,-0.6789,0.8613,2.5951,0.364
0.4755,-0.5819,0.7151,0.1336,-0.7151,-0.1312,-0.7574,-0.9612,1.587,0.0355,-0.6821,-0.472,0.8056,2.3807,0.4719
0.2663,-0.3129,0.5504,0.0314,-0.8764,-0.6743,-0.6872,-0.6177,1.7147,-0.2895,-0.7654,-0.7066,0.7667,2.1408,-0.1918
0.4287,-0.9666,0.9074,0.3737,-0.8671,-0.4912,-0.7026,-0.1084,1.5807,-0.6255,-0.7921,-0.4955,0.6064,2.2564,-0.9019
0.3933,-0.7984,1.3775,0.3629,-0.9095,-0.1881,-0.68,-0.1783,1.5115,-0.9411,-0.4245,-0.7479,0.4019,1.9123,-1.6503
0.2122,-0.6111,1.3118,0.2323,-0.7338,-0.3284,-0.8591,-0.3668,1.2066,-1.3909,-0.5441,-0.6084,0.4494,1.6096,-1.825
0.3171,-0.6741,1.1483,0.1671,-0.5666,0.0114,-1.0095,0.0071,1.3136,-0.9051,-0.4551,-1.0947,0.3659,1.5223,-1.8469
0.5648,-1.3269,1.1876,0.2872,-0.6512,-0.3396,-1.0585,-0.1355,1.4997,-1.1948,-0.2018,-1.1391,0.2607,1.569,-1.5649
0.6854,-1.1224,1.1602,0.49,-0.5854,-0.1203,-0.8626,-0.1133,1.4757,-1.1385,-0.0137,-0.7842,0.2067,1.5074,-1.7841
0.4203,-0.9085,1.2445,0.3673,-0.4751,-0.3131,-0.98,-0.2789,1.2612,-0.7051,-0.1132,-0.9455,0.2061,1.3094,-1.6214
0.6023,-0.3457,1.233,0.0675,-0.3789,-0.004,-0.9433,-0.2463,1.1845,-0.7613,-0.0477,-0.8404,0.1798,1.0179,-1.0702
0.6564,-0.4997,1.3674,0.164,-0.4657,-0.1596,-0.6195,0.4259,1.2211,-0.6333,-0.3828,-0.5952,0.044,0.9742,-1.5635
0.77,-0.6063,1.6458,0.2251,-0.4633,-0.3292,-0.3832,0.4618,0.7876,-0.867,-0.2739,-0.8371,0.0683,0.4928,-1.128
0.6558,-0.3828,1.9012,0.2673,-0.1047,-0.0372,-0.4038,0.0117,0.8221,-0.5451,-0.1192,-0.3944,0.148,0.7271,-1.0965
0.4632,-0.1642,1.8117,-0.0616,-0.0894,-0.0979,-0.429,0.8371,0.9553,-0.3953,0.0827,-0.3776,0.1592,1.0238,-0.9765
0.6462,-0.7181,1.9657,0.0094,0.0238,-0.5176,-0.4559,0.7936,0.7585,-0.6956,0.1555,-0.2128,0.0208,0.8954,-1.0402
0.9335,-0.7443,2.2209,0.0563,-0.0413,0.0561,-0.5886,0.5201,0.6841,-0.2198,0.0609,-0.5163,-0.045,0.8956,-0.9862
0.6015,-0.426,2.0374,0.0368,-0.0191,0.1927,-0.6402,0.7687,1.1785,-0.043,0.2763,-0.1765,-0.297,0.9408,-0.7341
0.561,-0.3813,2.1618,0.1218,-0.1986,0.1746,-0.5624,0.3012,0.2856,-0.4513,0.396,-0.1822,-0.3091,0.7368,-0.3175
0.5293,-0.5084,1.6463,0.2046,0.0982,0.0175,-0.5254,0.4771,0.5493,-0.1129,0.3315,-0.0651,-0.244,1.2188,-0.5337
0.6638,-0.6293,1.7109,0.1318,0.0438,-0.2481,-0.4897,0.5763,0.7513,0.1375,0.2752,0.0784,-0.1955,1.11,-0.2014
0.7014,-0.5094,1.989,-0.1054,-0.0971,-0.3131,-0.3405,-0.1364,0.4205,0.0625,0.2282,0.4507,0.0787,0.9361,-0.3104
0.693,-0.6992,1.6256,-0.0837,-0.1181,-0.5369,-0.3607,-0.3686,0.3696,-0.2937,-0.0068,0.2119,0.3576,1.2376,-0.2165
0.4,-0.8918,1.2213,0.0896,0.0651,-0.398,-0.4182,0.0961,0.8286,0.3808,-0.057,0.3615,0.1769,1.8403,-0.9179
0.6208,-0.7068,1.4544,0.1585,0.0209,-0.3992,-0.1183,0.012,0.6028,0.1808,-0.1265,-0.379,0.1328,1.6609,-0.6476
0.704,-1.1773,1.2917,0.3196,-0.0125,-0.5362,-0.0803,-0.1933,0.9156,-0.2332,0.0032,0.095,0.3688,1.3773,-0.9796
0.7596,-1.306,1.3077,0.4323,-0.117,-0.5862,-0.0545,0.1345,1.1316,0.5006,0.034,-0.3387,0.5971,1.4412,-0.3156
0.4632,-0.8191,1.3493,0.4013,-0.3546,-0.443,-0.2959,0.3005,1.3194,0.3267,0.1654,-0.1536,0.2405,1.3881,0.1609
0.7448,-0.8927,1.5955,0.3241,-0.5304,-0.3558,-0.3166,0.0296,0.9623,0.0432,0.1887,-0.2055,0.2271,1.3296,0.2626
0.4821,-0.9464,1.6061,0.224,-0.2911,-0.1948,-0.3736,-0.252,0.9694,0.09,0.1157,0.0682,0.2378,1.6348,0.3688
0.1957,-0.737,1.2185,0.2261,-0.2753,-0.2629,-0.3648,0.1383,1.0355,0.0721,0.094,-0.0642,0.2607,1.9461,0.0042
0.5464,-1.0993,1.3514,0.3863,-0.1405,-0.3717,-0.5376,0.1181,1.567,-0.2462,0.1591,0.4717,0.2431,1.9462,0.2613
0.3496,-0.7867,1.3818,0.3039,-0.173,-0.4796,-0.4624,-0.2493,1.002,-0.2282,0.0282,0.6123,0.195,1.6581,-0.0272
0.5151,-0.6588,1.2741,-0.006,-0.2075,-0.2589,-0.6491,-0.0637,1.2185,-0.4007,-0.0539,0.1164,0.0819,1.4086,-0.2334
0.6325,-0.5065,1.3952,-0.0497,-0.2622,-0.2639,-0.3288,0.1223,1.3096,-0.3868,-0.0954,-0.0589,0.0729,1.371,-0.3704
0.8653,-0.2755,1.5912,0.0493,0.2287,-0.1109,0.0017,-0.2156,1.229,-0.2358,-0.2286,-0.0761,0.172,1.5456,-0.4773
0.8497,-0.1967,1.4883,0.0813,0.0263,-0.2786,-0.0263,-0.1878,1.2004,-0.0564,0.0614,-0.2381,0.2869,1.7886,-0.1477
0.4912,-0.1083,1.6074,-0.1098,-0.0682,-0.3303,0.005,0.3509,1.4486,-0.1488,-0.0322,0.0393,0.3353,1.743,0.0295
0.6914,0.1823,1.769,-0.0433,0.0217,-0.2972,-0.1892,0.0134,1.3012,-0.2909,-0.2892,0.1184,0.2023,1.6623,-0.5963
0.5234,-0.0134,1.5416,-0.1868,-0.0686,-0.2652,-0.2976,-0.7964,0.499,-0.4064,-0.3858,-0.1555,0.5432,1.4235,-0.7589
0.5985,-0.0744,1.0179,-0.1802,-0.1519,-0.3603,-0.3975,-1.0898,0.4294,-0.1421,-0.698,-0.2641,0.4988,2.004,-0.237
0.496,-0.3617,0.5427,-0.195,-0.1579,-0.1682,-0.4754,-1.0926,1.162,-0.0549,-1.0398,-0.3336,0.4554,2.3361,-0.4845
0.3448,-0.805,0.39,0.033,-0.4401,-0.2927,-0.5749,-0.7815,1.8234,-0.0709,-1.0282,-0.5451,0.252,2.4384,-0.9605
0.3985,-1.0922,0.3415,0.2059,-0.4407,-0.1734,-0.497,-0.831,1.9496,-0.3752,-1.0441,-0.8962,0.2539,2.3922,-1.12
0.6068,-1.3406,0.6164,0.3004,-0.4443,0.2703,-0.6379,-0.6326,1.6069,-0.5161,-0.9755,-0.4984,0.3301,1.9138,-1.2541
0.6486,-0.9053,0.8571,0.26,-0.6489,0.2263,-0.561,-0.8449,1.4695,-0.2539,-0.8023,-0.3935,0.2938,1.9963,-1.6718
0.7272,-1.4513,0.7108,0.1139,-0.506,0.0127,-0.5769,-0.524,1.615,-0.8363,-0.8228,-0.9161,0.3601,1.7807,-1.7667
0.5838,-1.0721,0.6992,0.0821,-0.24,-0.0479,-0.5373,-0.8093,1.4363,-0.3787,-0.9177,-1.0368,0.4181,2.1215,-1.2674
0.5466,-0.3535,0.7561,0.067,-0.5538,-0.0594,-0.6257,-0.642,1.5939,-0.3842,-0.7636,-1.0847,0.3335,1.8913,-1.1384
0.7037,-0.9312,0.9947,0.1362,-0.5698,-0.1066,-0.779,-0.6054,1.8794,-1.4676,-0.7689,-0.8788,0.0759,1.5923,-1.1368
0.3564,-0.6305,0.8857,0.0122,-0.3104,-0.0432,-0.5297,-0.3588,1.9393,-1.2111,-0.7418,-0.6676,0.0255,1.1414,-1.8385
0.2289,-0.9304,0.9429,0.1353,-0.3557,0.2475,-0.741,-0.2897,1.9342,-1.5779,-0.6271,-0.2768,-0.1774,1.0524,-2.0266
0.7097,-1.4144,1.3315,0.1399,-0.2663,0.1968,-0.7105,-0.0008,1.3008,-1.2658,-0.5093,-0.5326,-0.2978,0.9546,-1.9275
0.948,-1.1389,1.5758,0.056,-0.0699,0.3406,-0.6279,-0.0105,1.1032,-0.6578,-0.5032,-0.0726,-0.1038,1.0029,-1.8173
0.6112,-1.2207,1.5299,0.1271,-0.117,-0.1108,-0.4976,0.8598,1.5838,-0.4904,-0.2234,-0.0871,-0.4652,0.7186,-1.0103
0.7112,-0.5255,2.0368,0.027,-0.145,-0.0405,-0.5968,0.6207,1.3151,-0.5377,-0.0515,-0.0028,-0.4329,0.6,-1.0185
0.8012,-0.4353,2.2533,-0.0069,-0.0885,0.0646,-0.419,0.0486,0.5703,-0.853,-0.0159,0.3846,-0.1265,0.4601,-0.6688
0.8169,-0.6541,2.0083,-0.0584,0.1549,0.1879,-0.4577,0.1867,0.4602,-0.8048,-0.1401,0.5844,-0.2443,0.4626,-0.4936
0.6927,-0.8415,1.8908,-0.0495,0.2345,0.3705,-0.2881,-0.0045,0.4153,-0.1341,-0.2855,0.3881,0.1674,0.5405,-0.4238
0.8541,-0.6353,1.8665,-0.0527,0.1819,0.0864,-0.5771,0.1565,0.8471,-0.0587,-0.2714,0.8524,0.072,0.3607,-0.5739
0.7486,-0.2738,1.8704,-0.0704,0.2038,0.0201,-0.3367,0.3013,0.6228,0.0815,-0.0956,0.7059,-0.1133,0.6238,-0.6691
0.7122,-0.4398,1.9626,0.0631,0.1832,0.1862,-0.3049,0.6676,1.0366,-0.4217,-0.2481,0.4922,-0.0346,0.8181,-0.9419
0.8674,-0.5729,2.1304,0.0431,-0.1235,0.1215,-0.1963,0.2251,0.5722,-0.6774,-0.183,0.5264,-0.2131,0.4592,-0.5718
1.0233,-0.0298,1.9457,-0.124,-0.2047,0.0029,-0.1143,0.4647,0.6547,-0.6104,-0.1405,0.1139,-0.1897,0.6154,-0.0529
1.1612,-0.6959,2.3312,-0.0456,0.1983,-0.1203,0.0614,0.2894,0.5229,-0.4507,-0.0719,0.1957,-0.0492,0.7514,-0.1912
0.5537,-0.4375,2.0029,-0.082,0.3561,0.3133,-0.1979,0.0001,0.2779,-0.2049,-0.0523,0.4033,0.2258,1.1858,-0.3025
0.9272,-0.4705,1.9524,-0.1844,0.0731,0.4144,-0.3224,-0.1211,0.466,-0.3833,-0.0051,-0.0875,0.3615,1.0335,-0.2651
0.9524,-0.9453,2.0543,-0.0125,-0.0347,0.2031,-0.4025,-0.5035,0.9103,-0.7851,-0.0492,0.2455,0.3566,1.0814,-0.3455
0.792,-0.2341,1.5574,-0.1263,-0.0508,-0.0083,-0.4024,-0.8079,0.5418,-0.2579,-0.3473,0.3632,0.3374,1.0753,-0.3152
0.6846,-1.1241,1.1649,0.1332,-0.1032,-0.2651,-0.3545,-0.5852,1.1471,-0.1309,-0.3564,0.3842,0.0851,1.5049,-0.1269
0.7382,-0.7631,1.3176,0.0453,-0.0492,-0.2698,-0.5077,-0.9161,0.9575,0.0332,-0.3637,0.1679,0.2065,1.3311,0.0623
1.011,-0.6029,1.3044,0.0243,0.0586,-0.3118,-0.4126,-0.5199,1.0611,0.0769,-0.4452,-0.1556,0.016,1.4468,0.0357
1.0595,-1.0646,1.1503,0.1775,-0.2108,0.1347,-0.5004,-0.3245,1.3501,-0.0343,-0.5595,-0.028,-0.0527,1.2701,-0.5417
1.3199,-0.6929,1.4885,0.2413,-0.1141,-0.0368,-0.3849,-0.1908,1.1651,-0.1042,-0.6781,0.1545,-0.1071,0.9359,-0.5814
1.2326,-0.2893,1.7181,0.0684,0.0753,0.2391,-0.5367,0.252,1.079,-0.2865,-0.3638,-0.0397,-0.2668,0.8576,-0.2219
1.1798,-0.6863,2.0817,-0.0264,0.0616,0.0105,-0.5025,0.0161,0.9591,-0.366,-0.3457,-0.2042,-0.3837,0.946,-0.2973
1.0253,-0.1684,2.0078,-0.1818,0.4674,0.5604,-0.5368,-0.2692,0.5253,-0.3318,-0.3582,-0.0004,-0.2671,1.1153,-0.717
1.1043,-0.1403,1.9202,-0.0579,0.2199,0.2723,-0.4371,-0.3138,0.4185,-0.2199,-0.2335,0.364,-0.2052,0.9386,-0.6866
0.757,-0.1794,1.5895,-0.2616,0.2914,0.2938,-0.5019,-0.2475,0.5703,-0.3493,-0.3188,0.7955,-0.0812,0.9249,-0.3692
0.795,-0.679,1.6473,-0.1345,-0.124,0.2033,-0.3693,-0.5145,0.318,-0.588,-0.3711,0.3876,0.0531,1.0076,-0.7931
1.0803,-0.4209,1.2331,0.0865,-0.1097,-0.07,-0.3922,-0.1081,1.0339,-0.8589,-0.5735,0.4419,-0.132,1.2054,-0.6916
1.0231,-0.6303,1.5275,0.0898,0.0005,-0.157,-0.3057,-0.3574,0.8519,-0.2452,-0.868,0.3272,-0.1876,1.7266,-0.3574
0.8249,-0.27,1.6081,-0.1616,0.2049,-0.1138,-0.2877,-0.2111,1.0366,-0.0215,-0.7967,0.2541,-0.0756,1.7056,-0.4461
0.9859,-0.4835,1.7261,-0.1201,0.2525,-0.2904,-0.3837,0.2219,1.1571,-0.1384,-0.7234,0.0955,0.0074,1.4982,-0.0673
0.9385,-0.5807,2.0214,-0.15,-0.1246,-0.3918,-0.4091,0.1689,0.8503,-0.2894,-0.8065,0.2941,-0.1137,1.0373,-0.3878
0.6336,-0.522,1.8946,-0.2497,0.0936,0.155,-0.2668,0.0583,0.7861,-0.1634,-0.5987,0.2073,-0.1967,1.0712,-1.1508
1.1064,-0.3381,1.8968,-0.2553,0.0495,0.2881,-0.1451,-0.3734,0.5882,-0.4449,-0.7183,0.2077,0.0071,1.2693,-1.2473
0.9398,-0.1549,1.7944,-0.0624,0.1283,0.1251,-0.28,-0.286,0.923,-0.1368,-0.747,-0.1106,0.1068,1.6388,-0.8795
1.2273,-0.2826,1.5925,0.0951,-0.2294,-0.0646,-0.4983,-0.5874,0.6073,-0.4464,-0.8357,-0.0523,0.161,1.3312,-0.8719
0.9612,-0.8924,1.4842,0.069,-0.0915,-0.0079,-0.4983,-0.0186,0.921,-0.6267,-0.6687,0.153,-0.0963,1.1287,-1.41
0.8206,-0.8873,1.6886,0.212,0.0362,-0.1608,-0.328,-0.38,0.9064,-0.3249,-0.4445,-0.1334,-0.0637,1.1387,-1.132
0.8346,-1.0118,1.5721,0.1594,-0.0242,-0.1365,-0.356,0.1422,0.9766,-0.5353,-0.7827,0.3944,-0.1697,1.2559,-0.9853
0.8827,-0.8214,1.9732,0.026,0.2559,-0.1037,-0.3202,-0.0015,0.8537,-0.487,-0.6616,0.4665,-0.1202,0.9793,-1.0126
0.9501,-0.6679,1.8742,-0.1757,0.1276,-0.1312,-0.3528,0.2894,0.5634,-0.5869,-0.6155,0.3497,-0.0853,0.6771,-1.2093
0.9328,-0.8352,1.9063,-0.1785,0.1603,-0.2578,-0.3708,0.451,0.7775,-0.1993,-0.743,0.2373,-0.248,0.8773,-0.9304
0.6956,-0.5892,1.9638,-0.3909,0.2781,0.0791,-0.3103,0.6514,0.8267,-0.3883,-0.7194,0.3454,-0.4715,0.8137,-1.1072
0.7727,-1.053,2.1073,-0.0244,0.3566,0.1196,-0.2235,1.0133,1.1362,-0.6352,-0.4242,0.3734,-0.4407,0.7467,-1.1396
0.6972,-0.6514,2.2121,-0.1273,0.85,-0.1231,-0.0479,0.7499,0.4893,-0.0992,-0.2881,0.4671,-0.3141,0.095,-0.4245
0.6756,-0.3337,2.182,0.0639,0.4989,0.0777,0.1374,1.1282,0.5837,0.0658,-0.1868,1.0564,-0.2258,0.1874,-0.3965
0.5883,-0.8276,2.4239,0.024,0.2452,0.114,0.1876,1.2508,0.6779,-0.5355,-0.2418,0.9894,-0.3987,0.1897,-0.68
0.8913,-0.6133,2.6742,-0.2353,0.3432,0.2732,0.1082,1.4212,0.4676,-0.4227,0.025,0.5096,-0.381,-0.1449,-0.2374
0.7418,-0.6308,2.9906,-0.2581,0.3992,0.3661,0.1849,0.8912,-0.2125,-0.0127,0.0761,0.3677,-0.3543,-0.0705,-0.2455
0.446,-0.6254,2.3267,-0.1636,0.4486,0.1817,0.04,0.8197,-0.3011,0.1529,0.1683,0.8841,-0.0164,0.2979,0.2947
0.8641,-0.7381,2.0638,-0.2201,0.3897,0.3605,0.0261,0.4366,0.0653,0.5224,0.1589,0.9598,-0.0681,0.5971,0.6342
0.9958,-0.1783,1.9525,-0.3682,0.1655,-0.1007,0.0493,0.4451,0.1703,0.5425,-0.0745,1.0684,0.006,1.0159,0.5613
0.6869,-0.5689,1.7932,-0.2479,-0.0981,-0.8075,-0.1024,0.8967,0.4638,0.5702,-0.3529,0.7289,0.1245,0.9808,0.2265
0.7252,-0.5845,1.9486,-0.1057,-0.1793,-0.5124,0.0017,0.384,-0.0407,0.2192,-0.3786,0.8892,-0.1859,0.8967,-0.0677
0.7565,-0.529,1.859,-0.1304,-0.2322,-0.8191,-0.0081,0.7486,0.2151,0.1496,-0.2489,0.8712,-0.2416,1.0282,0.0404
0.5288,-0.3916,2.0008,-0.2747,-0.2564,-0.348,0.1182,0.5547,0.2671,0.1023,-0.2983,0.7756,0.0344,1.1438,0.2195
0.7675,-0.8978,1.8217,-0.297,-0.1983,-0.4796,0.0084,0.1679,-0.0225,0.0218,-0.2625,1.1836,0.1321,0.8139,0.0359
0.6849,-0.5145,1.6172,-0.2336,-0.0611,-0.4936,-0.0724,-0.3291,0.2366,0.2503,-0.4636,1.407,0.3449,1.3327,-0.1781
0.6535,-0.5615,1.2641,-0.1608,-0.0262,-0.3652,-0.0267,-0.4661,0.1805,0.4323,-0.7984,1.0342,0.0644,1.4977,0.0792
0.9664,-0.4765,1.2117,-0.2295,-0.2068,-0.3068,-0.1198,-0.4306,0.2839,0.4295,-0.8559,0.6708,0.077,1.849,0.0789
0.8986,-0.4893,1.0424,-0.2451,-0.3589,0.2231,-0.2557,-0.1885,0.9374,-0.1084,-1.084,0.3809,0.1805,1.8896,-0.1199
0.8305,-0.9897,1.1978,-0.0761,-0.4053,0.1176,-0.4328,-0.564,0.8634,-0.4699,-1.0753,0.1911,0.2336,1.6943,-0.8006
0.9908,-1.1534,1.0805,-0.0555,-0.4109,-0.0541,-0.6975,-0.3671,0.883,-0.1126,-1.2874,0.108,0.1835,1.8743,-1.2727
0.6802,-1.1559,0.9593,0.3542,-0.2655,0.1806,-0.7338,-0.3765,1.1846,-0.2943,-1.0653,0.0847,0.003,2.0787,-1.3267
0.7119,-0.9499,0.9413,0.1026,-0.3422,0.212,-0.6082,-1.0057,1.0838,-0.3668,-1.0916,-0.2057,-0.0556,2.353,-0.9908
0.7002,-0.9648,0.6488,-0.109,-0.3189,0.1347,-0.3669,-0.9108,1.396,-0.5094,-1.1649,-0.3681,0.0455,2.4309,-1.5963
0.7304,-1.3551,0.4484,0.0989,-0.3492,0.3164,-0.2809,-1.1539,1.7333,-0.8041,-1.0509,-0.3984,0.1185,2.4901,-1.4698
0.6806,-1.5307,0.5006,0.1013,-0.0252,0.5152,-0.3667,-1.0603,1.6688,-0.6864,-1.4363,0.1523,0.3248,1.9555,-0.8806
0.5832,-1.2546,0.6342,-0.0736,-0.173,0.3338,-0.2071,-1.2125,1.2881,-0.1672,-1.39,0.0748,0.2718,1.9436,-0.2989
0.7269,-1.2522,0.1809,0.0159,-0.3317,0.4323,-0.318,-0.8413,1.2335,-0.2059,-1.6745,-0.3744,0.2598,1.9182,-0.4045
0.6839,-1.5737,0.2385,0.3265,-0.4562,-0.0528,-0.2001,-0.7281,1.6648,-0.5682,-1.5301,-0.4041,0.2874,2.0476,-0.5502
0.8374,-1.5738,0.4168,0.36,-0.6221,-0.2307,-0.3045,-0.2715,1.8744,-0.9164,-1.5207,-0.2024,0.2124,2.1904,-1.3984
1.075,-1.5682,0.9088,0.167,-0.3859,-0.1934,-0.3708,0.1033,1.7486,-1.0561,-0.9342,-0.3124,0.2186,1.3054,-1.1269
1.0661,-0.5611,1.4569,-0.1729,-0.2023,-0.2652,-0.372,0.1875,1.3076,-1.08,-1.068,-0.1107,0.2743,1.0193,-1.3953
0.8846,-0.6126,1.3967,-0.2731,0.0373,-0.3069,-0.4059,0.9571,1.1917,-1.5935,-0.9497,0.207,-0.0566,0.6616,-2.0442
0.811,-0.6341,1.828,-0.3539,0.1933,-0.0834,-0.3208,0.8962,1.0731,-1.8157,-0.7751,0.2011,-0.116,0.1692,-2.1808
0.8576,-1.1283,2.1685,-0.19,0.4835,-0.3988,-0.1698,1.1766,0.9787,-1.6434,-0.597,0.1388,-0.4415,-0.1225,-1.984
1.2781,-0.7061,2.6244,-0.1861,0.4572,-0.5203,-0.1048,2.2066,1.17,-1.2402,-0.3715,0.0712,-0.7215,-0.3815,-0.9925
0.5942,-0.4083,3.223,-0.3569,0.5942,-0.4543,-0.0678,1.9786,0.0398,-0.9286,-0.0967,0.2319,-0.6615,-0.7168,-0.4756
0.784,-0.5426,3.2868,-0.2911,0.9902,-0.1778,-0.0023,1.9177,-0.0534,-0.7687,0.0349,0.3571,-0.5219,-0.7315,-0.4627
1.0302,-0.7223,3.2383,-0.3608,0.8864,-0.2577,0.1227,1.8777,-0.4381,-0.2673,0.0633,0.4301,-0.5613,-0.9115,-0.765
0.7951,-0.6045,2.9169,-0.3053,0.6002,-0.0881,-0.1605,1.7515,-0.2317,-0.3329,-0.0179,0.5142,-0.368,-0.6666,-0.9725
0.9492,-1.0133,2.9018,-0.2994,0.5045,0.0835,-0.0983,1.7169,-0.3404,-0.6728,-0.1057,0.69,-0.3617,-0.6085,-1.4053
0.9761,-0.4718,2.9436,-0.2848,0.6922,0.106,0.0516,1.5218,-0.0009,-0.4208,0.1392,0.8211,-0.5148,-0.454,-0.7852
0.9292,-0.2027,2.8978,-0.3047,0.5024,0.4414,0.0491,1.7042,0.0636,-0.735,0.0961,0.546,-0.4196,-0.5238,-0.8369
0.9256,-0.1266,2.7043,-0.4757,0.5939,0.4608,-0.04,1.5151,-0.0177,-0.7583,0.1269,0.701,-0.2483,-0.5921,-0.8676
0.8561,-0.6294,2.5393,-0.3983,0.7311,0.3622,0.0142,1.162,-0.1317,-0.7526,0.0842,1.0397,-0.25,-0.497,-0.8553
1.0247,-0.811,2.3264,-0.3181,0.7433,0.3403,-0.0838,1.9018,0.5005,-0.5522,-0.0102,1.4559,-0.3826,-0.3738,-1.129
1.5112,-0.8907,2.8413,-0.4552,0.4918,0.1583,-0.1462,1.722,0.0672,-0.4943,-0.0086,1.0981,-0.4979,-0.2707,-0.2395
1.5629,-0.9666,3.0761,-0.2325,0.6978,-0.315,-0.2107,1.9396,-0.0505,-0.296,-0.0651,1.3103,-0.7393,-0.3128,-0.2433
1.4978,-0.8619,3.3248,-0.327,0.8997,-0.3095,0.0474,2.4368,0.2122,-0.071,-0.0043,0.861,-0.7164,-0.4851,-0.2342
1.4328,-0.8181,3.7021,-0.3898,0.7812,-0.2313,0.086,2.2281,-0.1472,0.0761,0.3336,0.9108,-0.9077,-0.8195,0.1751
1.0491,-0.639,3.2756,-0.5564,0.7979,0.1261,0.252,2.0673,-0.4757,0.1234,0.191,0.9499,-0.6776,-0.5185,0.4092
1.1419,-0.7599,3.2853,-0.3219,0.8204,-0.025,0.2508,1.9729,-0.5016,0.0496,0.2733,0.8993,-0.4819,-0.719,0.7683
1.3848,-1.415,3.1385,-0.2322,0.6096,-0.1053,0.3375,2.2399,-0.3233,0.1853,0.3657,0.4597,-0.4807,-0.197,0.7141
1.291,-0.9412,3.2974,-0.058,0.7507,0.255,0.1481,1.5834,-0.5441,0.5019,0.457,0.5124,-0.1957,-0.3059,0.2934
1.1478,-0.5164,2.9353,-0.429,0.8782,0.29,0.3254,1.5248,-0.2456,0.2753,0.5053,0.8408,-0.1897,0.1287,0.3216
1.0675,-0.2823,2.7891,-0.5731,0.8451,0.4475,0.4299,0.6411,-0.6135,0.0788,0.3179,0.6288,0.1483,-0.0979,0.1117
1.3211,-0.4063,2.3807,-0.5461,0.9184,0.4937,0.2382,0.5192,0.0122,0.4214,0.1362,0.773,0.326,0.4413,0.4004
1.4738,-0.8568,1.9375,-0.3892,0.6464,-0.0649,0.3138,0.5276,0.4371,0.2974,-0.1894,0.945,0.0522,0.2379,0.3535
1.3074,-0.4785,2.09,-0.4619,0.5274,-0.0124,0.5028,0.3955,0.4449,0.4996,-0.6034,0.4064,0.1542,0.5233,0.2793
1.0708,-0.8181,2.0284,-0.2596,0.1816,-0.0494,0.2909,0.5193,0.6524,0.3104,-0.3897,0.2168,0.4076,0.5782,0.2664
0.9783,-0.9146,1.9998,-0.3336,0.1189,-0.0639,0.1915,0.5404,0.7624,0.1131,-0.3196,0.3062,0.1971,0.4792,0.1806
1.2118,-1.1327,2.1287,-0.2366,-0.0776,-0.0468,0.2253,0.5981,0.3959,-0.1386,-0.68,0.8694,0.2127,0.2724,-0.4593
1.3009,-1.126,2.2713,-0.2353,0.164,-0.1382,0.196,0.9775,0.6827,-0.1798,-0.559,0.7382,-0.0161,0.45,-0.434
1.2832,-0.7089,2.4909,-0.4474,0.2525,-0.012,0.3057,1.1001,0.5316,0.0557,-0.3955,0.3402,-0.0703,0.1384,-0.398
0.9008,-0.9079,2.4031,-0.2686,0.4278,0.2423,0.3337,0.7727,0.1592,0.1176,-0.3191,0.2538,-0.1043,0.5888,-0.7658
0.8948,-1.2961,2.2523,-0.0142,0.4482,-0.0013,0.5793,1.4124,0.892,0.0388,-0.3984,0.4148,-0.3336,0.3784,-0.4571
1.0545,-1.4484,2.6656,0.0347,0.6993,-0.3765,0.5572,0.8613,0.2649,0.3833,-0.0478,0.2777,0.0694,0.2722,0.2862
0.8754,-0.6291,2.4535,-0.2037,0.8417,-0.1249,0.6825,0.6798,0.3124,1.3626,-0.056,0.5103,0.0798,0.1383,0.0005
0.9989,-1.0617,2.2939,0.0267,0.4403,-0.093,0.6666,0.6453,0.5439,0.8701,-0.0219,0.291,0.1777,0.0907,0.0503
1.1579,-1.0986,2.3526,-0.1006,0.1245,-0.0037,0.615,0.4184,0.296,0.8801,0.0358,0.9452,0.3265,0.4231,-0.0753
1.107,-0.8528,2.1061,-0.2548,0.1676,0.1935,0.3926,0.5173,0.2015,0.6464,-0.2897,0.7421,0.1463,1.0225,-0.2545
1.0316,-1.1559,2.0845,-0.1677,0.1473,0.2859,0.5956,-0.0504,0.1754,0.5272,-0.3011,0.7851,0.3989,0.9603,-0.3703
0.8817,-1.0463,1.693,-0.3091,0.2663,-0.2518,0.4623,0.1022,-0.1206,0.8541,-0.7316,0.6707,0.5476,1.5948,-0.0533
1.2156,-1.1311,1.8777,-0.1725,-0.032,-0.326,0.485,-0.0263,-0.0357,0.7147,-0.7307,0.4689,0.4777,1.5522,-0.2279
1.2596,-1.6271,1.707,0.0946,-0.0156,-0.2829,0.4895,-0.1502,0.1037,0.6315,-0.9879,0.5184,0.3453,1.7959,-0.1129
1.2084,-1.5062,1.4283,0.0747,0.1097,-0.2588,0.5345,-0.0549,0.7795,1.0307,-1.1477,0.2673,0.3094,1.6245,0.2002
0.9051,-1.9134,1.5218,0.1822,-0.0965,-0.106,0.4527,-0.2092,0.7591,1.2241,-1.0192,0.0034,0.3058,1.5634,0.286
1.1697,-1.8291,1.4129,0.4682,-0.2929,-0.2619,0.4078,0.2073,0.9597,0.827,-0.9509,0.1244,0.4527,1.8558,0.1688
1.0495,-1.3415,1.6587,0.2609,-0.1648,-0.3913,0.3271,0.2611,0.8566,0.4673,-0.8618,-0.1867,0.2844,1.5894,0.0438
0.9644,-1.2619,1.7483,0.0769,-0.1375,-0.0225,0.3354,0.8283,1.1965,0.3193,-0.6996,-0.6165,0.1103,1.2934,-0.5559
1.2361,-1.2869,2.4766,0.0978,0.0283,0.4158,0.2456,0.3744,0.9603,0.0323,-0.5851,-0.3087,0.1126,0.779,-0.811
1.1521,-0.8699,2.3713,-0.1101,0.2154,0.2961,0.2605,0.5528,0.5236,0.255,-0.517,-0.4319,-0.0444,0.8555,-1.0704
1.271,-1.0583,2.3952,-0.3567,0.1823,-0.1842,0.4396,1.2334,0.4921,0.1168,-0.4786,-0.2075,-0.1959,0.5731,-1.1651
1.0922,-1.0625,2.5727,-0.2608,0.0717,-0.0135,0.6156,1.1646,0.8195,0.0439,-0.4669,0.1684,-0.001,0.4632,-1.0035
1.2922,-0.8188,2.8527,-0.4559,0.2519,0.3927,0.4654,0.8704,0.113,-0.0361,-0.701,0.1112,-0.0095,0.4508,-1.433
1.3129,-1.1093,2.6487,-0.3414,0.6327,0.067,0.4537,0.7349,0.246,0.3888,-0.5367,0.3686,-0.0762,0.6936,-1.2598
1.4508,-1.0716,2.5624,-0.0914,0.5576,0.0076,0.3728,0.0548,0.0024,0.6035,-0.4254,0.3149,0.0742,0.6059,-0.9199
1.3719,-0.8009,2.1928,-0.1257,0.3051,-0.2556,0.5793,0.2992,0.1047,0.6036,-0.6287,0.402,0.0952,0.6508,-0.5365
1.4066,-1.0886,1.923,-0.0983,0.1536,-0.2848,0.6731,0.1968,-0.0237,0.7561,-0.7903,0.1441,0.264,0.7828,-0.4572
1.3709,-1.0735,1.7761,-0.1043,-0.2053,-0.323,0.8436,-0.0488,0.3326,0.7669,-1.1014,-0.1438,0.2165,1.0308,-0.7823
1.4791,-1.498,1.6318,0.0466,-0.2533,-0.0514,0.7124,0.2168,0.9098,0.2196,-0.9734,-0.5228,0.4413,1.3286,-0.9105
1.216,-1.6243,1.7835,0.1522,-0.1217,-0.0608,0.6522,0.1548,0.8164,-0.0756,-0.9906,-0.5053,0.2833,1.6408,-0.9057
1.171,-1.3432,1.7421,0.174,-0.4568,-0.1253,0.6811,0.2005,0.6341,0.3576,-0.9814,-0.8064,0.2515,1.791,-0.6029
1.2661,-1.5005,1.7517,0.1018,-0.2569,-0.3692,0.5242,-0.0993,0.7179,-0.1069,-1.1353,-1.4391,0.1747,1.2693,-1.1125
1.2981,-1.304,1.6392,-0.0804,-0.0146,-0.7335,0.5708,0.6777,1.0282,0.3988,-1.1169,-0.7482,-0.2826,1.521,-0.9236
1.1519,-1.4458,2.1201,-0.1005,-0.2319,-0.6187,0.4933,1.0449,1.2009,-0.1248,-1.3037,-0.7654,-0.37,1.0031,-1.4569
1.3601,-1.7681,2.9051,-0.105,-0.1493,-0.9164,0.4529,1.448,1.0363,-0.5644,-0.9051,-0.4699,-0.5604,0.5693,-1.965
1.2356,-1.6312,3.112,-0.1419,0.0385,-0.9306,0.3532,1.9862,0.9975,-0.7295,-0.38,-0.2866,-0.7456,0.0204,-1.6289
1.3967,-1.107,3.4586,-0.2056,-0.1921,-0.5804,0.3791,1.1726,0.1589,-0.5261,-0.1066,0.0198,-0.7529,-0.4884,-1.7021
1.2557,-1.0321,3.2727,-0.2094,0.0231,-0.7945,0.4393,1.4433,-0.1498,-0.3082,0.1084,0.0643,-0.6976,-0.2897,-1.3172
1.1974,-1.1524,3.127,-0.0283,0.1885,-0.5833,0.4602,1.0816,-0.2355,-0.3101,0.0626,0.1365,-0.6065,-0.1551,-1.7356
1.3463,-1.3353,3.0374,-0.2243,0.314,-0.3851,0.4186,1.2508,0.0929,-0.5214,0.0191,0.351,-0.6024,0.0877,-1.5048
1.3578,-1.49,3.0806,-0.0974,0.0805,-0.0264,0.4932,0.282,-0.3671,-0.0033,-0.1826,0.4579,-0.3808,-0.0618,-1.2306
1.221,-1.0066,2.7,-0.1768,0.0249,-0.013,0.5851,0.431,-0.3991,0.4085,-0.2044,0.3526,-0.4735,0.5068,-1.1104
1.4242,-0.9897,2.6623,-0.0933,-0.0762,-0.1591,0.7018,0.3319,-0.3275,-0.0176,-0.2128,0.4535,0.0477,0.8614,-1.0159
1.2965,-1.2648,2.3485,-0.136,0.3015,-0.5115,0.8598,0.1338,-0.3699,0.1607,-0.5596,0.251,0.0081,0.8545,-1.2316
1.5224,-1.3148,1.8338,-0.1202,-0.1561,-0.5951,0.8465,0.2159,0.2557,0.4818,-0.7268,0.5956,0.1159,1.3824,-1.0905
1.3409,-1.5689,1.803,0.0691,-0.3924,-0.8128,0.7691,0.4478,0.3707,0.122,-0.844,-0.2812,0.0971,1.3073,-0.9378
1.1784,-1.7328,2.2451,0.4332,-0.362,-0.3771,0.6955,0.3513,0.6758,-0.0602,-0.6528,-0.3589,0.0538,1.1038,-0.789
1.3127,-1.528,2.3057,0.4039,-0.3379,-0.3924,0.7595,0.1337,0.3332,-0.0201,-0.8179,-0.1964,0.0871,1.2548,-1.1872
1.1456,-1.6859,2.0249,0.4461,-0.2614,-0.4334,0.7012,0.031,0.175,0.0746,-0.5845,-0.3476,0.0767,1.5397,-0.8607
1.4505,-1.804,1.9364,0.3184,-0.4543,-0.6196,0.5853,0.3811,0.6492,-0.15,-0.7365,-0.3573,-0.0884,1.7807,-1.303
1.3879,-1.4361,2.1303,0.4381,0.0923,-0.4953,0.6509,0.508,0.662,-0.2651,-0.5956,-0.2148,-0.0999,1.5044,-1.2284
1.3114,-1.8083,2.233,0.1816,-0.2618,-0.3564,0.9051,0.3946,0.3663,-0.1374,-0.5276,-0.0214,0.0218,1.1721,-1.527
1.2413,-1.7943,2.1887,0.1045,-0.278,-0.4358,0.8299,0.0575,0.5405,-0.2728,-0.8994,0.5651,0.1114,0.9446,-1.5978
1.348,-1.5409,2.1537,0.0531,-0.3897,-0.0985,0.9668,0.0861,0.4517,-0.1272,-0.7694,0.3369,0.4168,1.5261,-1.5298
1.2115,-1.6931,2.07,0.0029,-0.1702,0.0765,0.9317,-0.8274,0.1854,-0.4555,-0.9613,0.1471,0.6534,1.523,-1.2526
1.2215,-1.4179,1.384,-0.0158,-0.3362,-0.0628,0.917,-0.7203,0.1512,0.4415,-1.0404,-0.2422,0.5035,1.8988,-1.4746
1.2584,-1.8346,1.2196,0.0132,-0.4209,0.1628,0.6362,-1.0532,0.4092,-0.0219,-1.1351,-0.8042,0.476,2.0951,-1.6107
1.2468,-1.7992,0.8785,0.0811,-0.5847,-0.2072,0.6161,-1.1291,0.7356,0.1111,-1.357,-0.8261,0.7475,2.4294,-1.4582
0.9974,-1.9261,0.8311,0.0961,-0.5115,-0.0072,0.2836,-0.9647,1.3303,-0.0169,-1.5598,-1.082,0.6238,2.6188,-1.774
1.4169,-2.3002,1.0259,0.3131,-0.5848,-0.374,0.0576,-0.5921,1.7357,-0.3935,-1.6786,-1.1577,0.2918,2.1024,-2.2007
1.4469,-2.3156,1.3275,0.5112,-0.6339,-0.1596,0.1441,-0.2781,1.1413,-0.6675,-1.4639,-1.5594,-0.0296,1.8507,-2.1776
1.5165,-1.9859,1.7303,0.2933,-0.556,-0.2832,0.3293,-0.2244,1.2692,-0.6852,-1.1654,-1.4915,-0.2365,2.1159,-1.8521
1.6475,-2.2322,1.9577,0.2551,-0.3805,-0.8677,0.3297,0.4832,1.4855,-0.7552,-0.8301,-0.9378,-0.1161,1.7746,-1.8977
1.5659,-1.6016,2.1845,0.1388,-0.336,-0.2046,0.3036,0.5508,1.1256,-0.644,-0.5458,-0.8375,-0.403,1.3255,-2.0306
1.3736,-1.5091,2.57,-0.0638,-0.2932,-0.0706,0.1992,0.414,0.9777,-1.321,-0.5348,-0.4507,-0.3301,1.1584,-2.5373
1.3094,-1.6169,2.5776,-0.1254,-0.0976,-0.0305,0.1254,0.7444,1.1905,-1.0552,-0.7941,-0.2755,-0.3761,0.891,-2.2139
1.2857,-1.5879,2.6602,-0.0811,0.037,-0.8235,0.2924,0.8206,0.9277,-0.5665,-0.7081,-0.3087,-0.5356,0.7259,-1.6056
1.4415,-1.4135,2.7353,-0.018,0.1994,-0.9091,0.3706,1.2594,1.1293,-0.0298,-0.5249,-0.2203,-0.7456,0.7938,-1.1917
1.4408,-1.3886,3.0923,0.1858,0.1754,-0.7567,0.2228,1.3851,0.6278,-0.2437,-0.2929,0.3274,-0.7777,0.2041,-1.0294
1.4627,-1.3004,3.4222,0.1164,0.2912,-0.177,0.5095,1.1558,0.2995,-0.0913,-0.1096,-0.0487,-1.0515,0.3218,-0.9455
1.521,-0.8416,3.288,0.0219,0.3354,-0.6666,0.7719,1.1204,0.1309,0.2629,0.0522,0.2407,-0.7689,0.3009,-0.9325
1.5969,-1.2237,2.9794,-0.0249,-0.0803,-0.4824,0.732,1.0825,-0.0011,0.0124,-0.1037,-0.0689,-0.7247,0.3098,-0.7248
1.3914,-1.1363,2.8485,0.0549,-0.1742,-0.2748,0.6305,1.0469,0.0465,0.1178,-0.2504,0.078,-0.4819,0.6853,-0.7396
1.32,-1.7347,2.611,0.1337,-0.0803,-0.2319,0.7533,1.297,0.35,0.0276,-0.0665,0.1713,-0.4894,0.8084,-0.36
1.1898,-1.666,2.4692,0.2041,-0.0948,-0.1899,0.7276,0.5756,0.1066,0.406,-0.1147,0.6685,-0.1358,1.0721,-0.0767
1.2141,-1.5235,2.2659,0.1382,-0.0298,-0.3165,0.5631,0.4828,-0.1152,0.7229,-0.2039,0.4203,-0.1358,1.4273,0.0162
1.3453,-1.6881,1.9362,0.0857,-0.0923,-0.0616,0.5131,-0.384,-0.1419,0.5433,-0.369,0.4704,0.0653,1.8182,0.1024
1.3859,-1.4876,1.2538,-0.2754,-0.1694,0.3056,0.4864,-0.6755,0.0889,0.7915,-0.9778,0.74,0.1454,2.3623,-0.3175
1.1905,-1.9605,0.6909,-0.1986,-0.5531,-0.0829,0.6227,-0.4819,0.8744,0.3352,-1.3661,0.0878,0.2014,2.674,-0.5548
1.3114,-2.3221,1.0075,-0.1453,-0.5505,0.1367,0.634,-0.6538,1.1485,-0.1297,-1.5509,-0.1928,0.1141,2.7039,-1.479
1.3897,-2.5541,0.852,0.0669,-0.8161,-0.2004,0.594,-0.5108,1.4357,-0.3164,-1.4378,-0.4283,0.2135,2.4154,-1.5389
1.7652,-2.5863,1.1292,0.1131,-0.7074,-0.7186,0.5582,-0.2788,1.3248,-0.2056,-1.5053,-0.9376,-0.0246,2.6835,-1.4732
1.7989,-2.2989,1.5294,0.0113,-0.7852,-1.141,0.447,-0.0098,1.38,-0.0589,-1.2401,-0.9235,-0.2855,2.6972,-1.0753
1.3159,-2.0949,1.4526,-0.1007,-0.5002,-1.0338,0.2761,0.2527,1.6176,-0.4187,-1.3485,-0.9745,-0.5359,2.5563,-1.4153
1.4552,-2.3221,1.8632,-0.0059,-0.3816,-0.7856,0.4323,-0.2822,1.1211,-0.49,-1.0307,-1.1764,-0.4539,1.8242,-1.5547
1.6759,-2.1992,1.8542,0.1753,-0.1206,-1.1393,0.3261,0.746,1.3169,-0.2165,-0.6274,-0.8155,-0.3562,1.7734,-0.9785
1.5271,-1.8919,2.0586,-0.012,-0.2106,-0.8839,0.341,0.5246,0.7696,0.2445,-0.5723,-0.358,-0.5948,1.328,-0.9222
1.5932,-2.065,2.0313,-0.1608,-0.1641,-0.6328,0.3835,0.3424,0.6575,0.2773,-0.5662,-0.1912,-0.6729,1.2759,-1.0527
1.6101,-1.5424,2.0854,-0.2138,-0.084,-0.4668,0.6486,0.4779,0.6102,0.2423,-0.5765,-0.3342,-0.6037,1.4182,-0.6293
1.5378,-1.7813,2.0208,-0.3366,-0.0407,-0.3227,0.7017,0.1349,0.3312,0.364,-0.5812,-0.0753,-0.46,1.4711,-0.2679
1.6004,-1.7448,1.688,-0.3886,0.0242,-0.2769,0.4446,-0.1003,0.0845,0.6532,-0.9563,0.2591,-0.2287,1.6234,-0.4563
1.9727,-1.7391,1.63,-0.4947,-0.3108,-0.5328,0.4433,0.5421,0.7441,0.4611,-1.4508,-0.5492,-0.3297,1.9311,-1.3363
1.8609,-1.9811,1.9329,-0.3776,-0.2143,-0.6763,0.5131,0.2273,0.6724,0.0025,-1.1254,-0.9162,-0.4347,1.5714,-1.753
1.6182,-1.8854,1.8663,-0.3809,-0.0216,-0.4081,0.5216,0.8205,1.1667,0.0904,-1.0533,-0.8131,-0.7638,1.5661,-1.5187
1.4963,-2.2128,2.386,-0.2007,-0.059,-0.0112,0.5903,0.7152,0.7579,0.0717,-0.92,-0.439,-0.7852,1.2508,-1.3114
1.6919,-1.9994,2.2484,-0.2067,-0.0587,-0.3158,0.7884,0.2615,0.3945,0.3249,-0.6297,-0.3703,-0.6454,1.224,-1.2303
1.3724,-1.8267,1.9236,-0.2396,-0.0086,-0.4265,0.8884,0.3116,0.5616,0.504,-0.4542,-0.302,-0.6616,1.4173,-0.5962
1.66,-1.3388,1.7821,-0.3634,-0.3614,-0.5726,0.8851,0.9095,0.8743,0.6451,-0.5872,-0.5534,-0.5631,1.596,-0.9399
1.6392,-1.3736,2.1875,-0.3404,-0.2162,-0.0675,0.8953,0.4657,0.4525,0.2921,-0.4115,-0.6424,-0.5775,1.1163,-0.805
1.5837,-1.3884,2.1059,-0.5397,-0.1801,-0.128,0.956,0.1224,0.6012,0.3952,-0.5396,-0.768,-0.5839,1.2282,-0.7223
1.6469,-2.1071,1.6249,-0.3095,-0.2879,-0.3918,0.9937,0.3377,1.0924,-0.1087,-0.6617,-0.5222,-0.6675,1.4374,-0.66
1.849,-1.7277,1.7776,-0.2096,-0.6046,-0.6008,0.8075,-0.1217,0.7454,0.2289,-0.6043,-0.3723,-0.2193,1.0228,-0.5108
1.7933,-1.719,1.6678,-0.2428,-0.3991,-0.622,0.6567,0.1399,0.8817,0.1254,-0.4425,-0.9777,-0.3329,1.5728,-0.8728
1.901,-1.4107,1.8357,-0.3416,-0.1858,-0.4585,0.6058,0.0603,0.8491,0.083,-0.2513,-0.5908,-0.3017,1.3072,-0.8038
1.4164,-0.9842,1.4407,-0.7028,-0.2779,-0.4575,0.7638,-0.9007,-0.0298,0.599,-0.7672,-0.6098,-0.0355,1.3424,-0.4575
1.5946,-1.7573,0.8566,-0.7075,-0.5979,-0.2069,0.8007,-0.5432,0.808,0.2037,-1.1069,-0.1523,-0.1858,1.9917,-1.0891
1.2922,-1.9417,0.8227,-0.5906,-0.7775,-0.211,0.544,-0.414,1.2848,-0.1191,-1.1409,-0.7347,-0.1167,2.0802,-1.606
1.6159,-2.2963,1.0429,-0.4373,-0.7083,-0.3853,0.4276,-0.54,1.3502,-0.2691,-1.1418,-0.7185,-0.2115,2.2352,-1.6806
1.5697,-2.3654,1.2308,-0.1134,-0.8221,-0.1119,0.5878,-0.9407,1.3435,0.2242,-0.983,-0.8191,0.0531,2.2555,-1.6832
1.6265,-2.1104,0.8465,-0.2842,-0.8989,-0.071,0.8506,-0.9806,1.2531,0.3555,-1.1343,-1.1377,-0.1204,1.8695,-1.452
1.7576,-2.3213,0.762,-0.13,-0.9632,-0.1703,0.7315,-0.8125,1.3498,0.3674,-1.1153,-0.8915,0.0257,1.9513,-1.6584
1.7844,-1.8286,0.7959,-0.2656,-0.8301,-0.1404,0.5314,-1.0649,1.2127,0.3957,-1.1203,-1.3032,0.0368,2.2098,-1.6149
1.8799,-1.4675,0.7268,-0.5943,-0.7262,-0.0957,0.4226,-1.0311,1.4167,0.2622,-1.3987,-0.9225,0.0069,2.2637,-2.1213
1.8536,-1.9002,0.6969,-0.438,-0.6865,-0.5272,0.4418,-0.4988,1.6674,-0.0995,-1.6361,-0.9269,-0.1179,2.5846,-1.9547
1.6855,-2.115,0.9471,-0.3263,-0.718,-0.0142,0.4998,-0.6643,2.1578,-0.0686,-1.6529,-0.5674,-0.4837,1.946,-2.148
1.4939,-1.7778,1.0914,-0.2394,-0.8786,-0.0908,0.5419,-0.4339,1.4661,0.2836,-1.521,-0.7647,-0.553,1.8651,-2.5154
1.4784,-1.4121,1.2676,-0.3506,-0.717,-0.0783,0.4755,-0.4714,1.4793,-0.417,-1.6399,-0.8183,-0.5387,0.9747,-2.1487
1.5256,-2.2137,1.3302,-0.342,-0.6214,-0.2869,0.3863,0.0036,1.5856,-0.532,-1.2734,-0.9219,-0.8986,0.7956,-1.937
1.7709,-2.002,1.5132,-0.3197,-0.6893,-0.0702,0.4435,1.2989,2.3084,-0.3405,-0.8375,-0.6214,-1.123,0.669,-1.8812
1.7646,-1.4595,2.4713,-0.3823,-0.4714,0.1101,0.2619,1.2962,1.7958,-0.5876,-0.5492,-0.4483,-1.0884,0.2153,-1.9543
1.5187,-1.6215,2.9842,-0.3721,-0.4724,0.1009,0.4262,1.465,1.7077,-0.6732,-0.2844,-0.132,-1.2216,0.0049,-2.1351
1.5044,-1.9148,2.9028,-0.3691,-0.1511,0.1243,0.6506,1.389,0.7266,-0.6135,-0.1896,-0.031,-1.1544,-0.651,-1.9002
1.8419,-1.7855,2.8537,-0.3507,0.1502,-0.1129,0.749,2.2429,0.8701,0.0653,-0.0604,0.3268,-1.2019,-0.5122,-0.9462
1.5729,-0.8119,3.2756,-0.4987,0.3237,-0.1357,0.9589,2.1979,0.3125,0.8151,-0.25,0.552,-1.2722,-0.6504,-0.7613
1.4184,-0.8438,3.1829,-0.6198,0.0311,-0.077,0.897,1.9856,0.1827,0.7304,-0.1055,0.547,-1.1956,-0.558,-0.7085
1.5981,-0.9132,3.0303,-0.5864,0.0441,-0.3665,0.9505,2.1825,0.5889,0.4987,-0.2005,0.4397,-1.2993,-0.7561,-0.5101
1.5199,-0.9037,3.0285,-0.6107,0.128,-0.4153,0.834,2.3018,0.7689,0.3093,-0.2274,0.5417,-1.3534,-0.8453,-0.5799
1.6159,-1.1463,3.3292,-0.5892,0.019,0.1299,0.9336,2.2851,0.426,0.3602,-0.3269,0.9479,-1.4125,-1.1863,-0.7436
1.4578,-1.043,3.4929,-0.5571,0.2275,-0.7072,0.8477,2.7953,0.4182,0.6446,-0.1436,0.5282,-1.3779,-0.7213,-0.0368
1.3974,-1.1318,3.6767,-0.4417,0.4489,-0.5123,0.8867,1.9122,-0.0671,0.8265,0.1953,0.6122,-1.3123,-0.8568,-0.0667
1.4536,-1.2124,3.3009,-0.7475,0.4395,-0.5388,1.037,1.7626,-0.0689,1.2443,0.0155,0.8178,-1.1066,-0.7314,-0.0215
1.5178,-1.0889,3.3005,-0.8259,0.1887,-0.2432,1.1131,1.5566,0.0327,1.3892,-0.1693,0.9104,-0.9082,-0.3742,0.2631
1.5068,-1.1701,3.1329,-0.5847,0.0228,-0.4718,1.038,1.2502,-0.072,1.4269,-0.1329,0.9514,-0.9347,-0.1956,0.3543
1.8113,-0.864,2.8788,-0.5914,0.0495,-0.2314,1.1549,1.0173,0.4452,1.5936,-0.316,0.6065,-0.8383,0.3975,0.0194
1.7334,-0.8467,2.6797,-0.4536,0.0307,-0.5558,1.169,1.0264,0.489,1.5326,-0.2,0.6053,-0.8975,0.7216,0.2784
1.611,-0.983,2.615,-0.5518,-0.0361,-0.4588,1.1539,0.7506,0.5662,1.0469,-0.2453,0.1654,-0.8879,0.4528,0.2884
1.6331,-0.7661,2.2033,-0.4085,-0.1093,-0.5245,1.0987,0.786,0.6617,0.995,-0.4368,0.4303,-0.8366,0.3878,-0.0134
1.5302,-1.3838,2.1737,-0.3251,-0.1435,-0.2683,0.9301,1.1263,0.9645,0.629,-0.4991,0.1384,-0.7626,0.7204,-0.2786
1.4654,-1.4319,2.3239,-0.3607,-0.3051,-0.2307,1.0676,0.5971,0.465,0.565,-0.4043,-0.2952,-0.852,0.4791,0.0962
1.6309,-1.3467,2.0383,-0.2248,-0.3303,-0.1065,0.9567,0.2458,0.75,0.875,-0.4529,0.0172,-0.6619,0.5709,-0.3284
1.6992,-1.3879,1.8981,-0.2849,-0.3551,-0.4288,0.8003,0.4432,1.18,0.8226,-0.5511,0.013,-0.6553,0.9309,-0.0922
1.6837,-1.3822,1.7828,-0.0812,-0.5671,-0.4178,1.0478,0.4949,1.0765,0.8114,-0.5066,-0.2292,-0.8399,0.8216,-0.841
1.5723,-1.3435,1.6953,-0.2064,-0.4853,0.0184,0.9831,0.2886,1.1662,0.608,-0.401,-0.2378,-0.8229,0.9375,-0.2375
1.6235,-1.502,1.5726,-0.2991,-0.3137,-0.156,0.9501,0.2818,1.252,0.4395,-0.3935,-0.0266,-0.8976,0.9629,-0.2927
1.7586,-1.3853,1.6596,-0.3247,-0.3705,-0.3727,0.9489,0.2228,1.2382,0.8794,-0.3244,0.173,-0.8513,1.0878,-0.5011
1.9108,-1.5144,1.8533,-0.3905,-0.4565,0.0551,0.9861,0.2532,1.6531,0.742,-0.2565,0.748,-0.7453,1.378,-1.1895
1.5656,-1.4918,1.6178,-0.3338,-0.2303,0.1755,0.9407,0.096,1.0694,0.5253,-0.6078,0.6975,-0.551,1.2766,-1.3185
1.7862,-1.3089,1.5273,-0.3623,-0.2311,0.0619,0.9911,-0.139,1.0821,0.6096,-0.5895,0.1275,-0.4289,1.3562,-1.485
1.7764,-1.2954,1.2721,-0.4755,-0.3581,-0.2271,0.9149,0.1751,1.5096,0.5978,-0.7129,0.077,-0.3918,1.4744,-1.313
1.7928,-1.1021,1.5385,-0.2775,-0.6511,-0.1074,0.9347,0.0861,1.2764,0.4977,-0.7362,0.4015,-0.447,1.3694,-1.6812
1.7843,-1.2411,1.6061,-0.3815,-0.5854,-0.0813,0.8989,0.2764,1.2749,0.4045,-0.7346,0.4754,-0.4379,1.5526,-1.632
1.7603,-1.5505,1.5344,-0.447,-0.4631,-0.3969,0.9187,0.0077,1.1623,0.5262,-0.7375,0.0342,-0.6769,1.8523,-1.3869
1.7341,-1.0711,1.1878,-0.289,-0.3557,-0.3726,0.8844,0.0211,0.8709,0.5947,-0.9289,-0.2476,-0.6349,1.6357,-1.1299
1.9727,-1.0125,1.2929,-0.5221,-0.3658,-0.4555,0.8732,-0.1872,1.3012,0.5883,-1.277,-0.3854,-0.519,1.8079,-1.2615
2.0227,-1.2888,1.2031,-0.3503,-0.1921,-0.5667,0.8925,-0.1561,1.6587,0.5885,-0.916,-0.7473,-0.4691,1.7737,-1.6015
1.7527,-1.3933,1.04,-0.3523,-0.2814,-0.6951,0.8262,-0.2727,1.3448,0.9006,-0.7766,-0.5919,-0.4002,1.6434,-1.1891
1.5759,-1.6022,1.282,-0.162,-0.4507,-0.7647,0.9386,-0.3096,1.4798,0.7838,-0.6874,-0.8235,-0.4004,1.7617,-0.9254
1.7655,-2.0251,1.1713,-0.0789,-0.6157,-0.5963,0.8775,-0.0879,1.304,0.5513,-0.5051,-1.2213,-0.4358,1.6207,-1.0265
1.6398,-2.0079,1.1615,-0.0725,-0.8742,-0.4562,0.9341,-0.2453,1.6411,0.5861,-0.5631,-0.867,-0.4262,1.6141,-1.1321
1.5114,-1.7894,1.3622,-0.1548,-0.5984,-1.1508,0.803,-0.0807,1.88,0.6441,-0.5009,-0.5501,-0.5834,1.2434,-1.0016
1.7961,-1.6879,1.3641,-0.0436,-0.5185,-0.9297,0.9316,0.392,1.7002,0.239,-0.3878,-0.4503,-0.7562,1.4329,-0.9647
1.3124,-1.4665,1.4608,0.0529,-0.2807,-0.1035,0.8987,-0.3312,0.8621,0.3976,-0.1931,-0.3097,-0.8206,1.036,-0.575
1.2503,-1.5377,0.8479,-0.012,-0.5511,0.2289,1.0107,-0.2635,0.9952,0.6707,-0.4295,-0.5577,-0.8152,1.3423,-0.5374
1.378,-1.5365,0.533,-0.2619,-0.7503,0.2838,1.0769,-0.0497,1.4658,0.9201,-0.765,-0.2869,-0.7223,1.4279,-0.3984
1.7079,-1.7127,0.6663,-0.0436,-1.1563,0.3505,1.0537,-0.5722,1.5183,0.5623,-0.6158,-0.5111,-0.3978,1.7305,-0.8514
1.5945,-2.0559,0.7693,-0.1284,-0.8818,0.0995,1.1843,-0.2314,1.9763,0.6621,-0.7464,-0.415,-0.3227,2.3132,-1.6833
1.3806,-1.6861,0.8591,-0.1236,-1.0096,0.3738,1.135,-0.5545,1.582,0.4942,-0.9338,-0.4812,-0.3179,1.8881,-1.5027
1.603,-1.8068,0.5488,0.0058,-1.0258,0.1837,1.0323,-0.7074,1.4467,0.4974,-0.8773,-0.9785,-0.2555,2.0862,-1.478
1.4159,-1.6703,0.4854,0.0235,-1.1062,-0.062,1.0013,-0.8849,1.6437,0.5205,-0.8169,-1.099,-0.2614,2.2765,-1.6212
1.4572,-1.7725,0.6387,0.0272,-1.1881,0.1478,0.9718,-1.1694,1.627,0.6392,-0.9273,-1.8034,-0.1888,2.1169,-1.9795
1.6834,-1.5159,0.3704,-0.0725,-0.9918,0.3176,0.8417,-0.9692,1.6594,0.5091,-1.1152,-1.482,-0.1085,1.9775,-2.308
1.619,-2.4422,0.5578,-0.0183,-0.8543,0.231,0.8434,-1.0465,2.0257,0.2369,-1.1088,-1.5733,-0.0422,1.8793,-2.7433
1.6308,-2.1002,0.6472,0.0682,-0.6721,0.0034,1.0704,-0.2144,2.2311,0.5201,-0.9526,-1.1988,-0.3012,1.8976,-2.205
1.6375,-2.0399,0.8806,0.3048,-0.6004,-0.1576,0.9505,-0.3086,1.7857,0.6463,-0.6719,-0.7236,-0.5647,1.7545,-2.386
1.2902,-1.7406,0.885,0.0948,-0.6675,0.0654,0.9037,-0.2009,1.7648,0.651,-0.4735,-0.873,-0.8072,1.478,-2.5688
1.7626,-2.3445,0.8371,0.2311,-0.7963,0.2002,0.9924,-0.4374,1.7129,0.4542,-0.3523,-1.1829,-0.5457,1.7298,-2.0598
1.6948,-1.8456,1.0177,0.0928,-0.8501,-0.0324,1.0468,-0.3407,1.5851,0.3964,-0.4619,-1.1586,-0.5641,1.6387,-1.6314
1.6453,-1.9355,0.9691,0.1678,-0.5456,0.1432,0.9701,-0.2722,1.6048,0.2133,-0.311,-1.2526,-0.6798,1.3591,-1.8177
1.8036,-1.3442,1.0325,-0.1101,-0.6864,0.2552,1.143,-0.0842,1.6327,0.7125,-0.339,-0.7397,-0.7558,1.4609,-1.7297
1.7822,-1.5052,1.1864,-0.0496,-0.6877,0.4363,1.0384,-0.5107,1.1377,0.2971,-0.4489,-0.8309,-0.488,1.042,-1.7571
2.0799,-1.3255,1.0432,-0.2386,-0.6408,0.37,0.949,-0.1514,1.5498,0.4504,-0.5801,-1.1483,-0.425,1.746,-2.2238
1.759,-1.2325,1.1913,-0.2616,-0.6234,0.2206,0.8545,-0.3126,1.4915,0.3983,-0.5977,-1.0526,-0.4572,1.4232,-2.0942
1.8904,-1.5513,1.1515,-0.0422,-0.4666,0.0217,0.8333,-0.0537,1.9291,-0.0714,-0.4341,-1.0164,-0.5073,1.2357,-2.4055
1.8609,-1.7154,1.3464,-0.2193,-0.643,-0.3132,0.8118,0.3565,1.9504,0.2384,-0.4306,-0.8187,-0.6632,0.974,-1.9258
1.735,-1.7491,1.5798,-0.2725,-0.8081,-0.3381,0.8568,0.4497,1.4532,-0.0203,-0.4207,-0.6617,-0.8919,0.8645,-1.749
1.8821,-2.2316,1.8271,-0.0883,-0.7283,-0.3875,0.7467,0.3445,1.5791,-0.0512,-0.2651,-0.7692,-0.9173,0.2011,-2.0509
1.6832,-2.4293,2.0429,0.0792,-0.454,-0.3674,0.7721,1.0152,1.7748,0.8907,-0.0034,-0.9207,-1.1277,0.3761,-1.9852
1.9739,-2.0818,2.2373,-0.0952,-0.4977,-0.1272,0.8615,1.4151,1.8654,0.8212,0.2854,-0.5609,-1.3547,0.1731,-1.4544
1.7921,-1.4286,2.7623,-0.2945,-0.4252,-0.3712,1.0001,1.4322,1.3599,1.0779,0.311,-0.3669,-1.4794,-0.0023,-1.4226
1.86,-1.1378,3.0492,-0.4939,-0.2177,-0.5982,0.938,1.0914,0.8926,0.8525,0.5237,-0.1796,-1.4852,-0.2158,-0.4606
1.8817,-1.1637,2.9249,-0.5452,-0.0598,-0.7464,0.9855,1.0981,0.7129,1.3669,0.6446,0.1953,-1.1125,0.131,-0.2183
1.7648,-1.3276,2.7433,-0.5351,-0.0629,-0.2935,1.0535,0.6707,0.1203,1.6106,0.6381,0.0053,-0.9521,0.4375,0.1204
1.87,-1.4028,2.0213,-0.3006,0.1842,-0.6383,0.9707,0.7989,0.7491,1.8351,0.1374,0.011,-0.9201,0.9874,0.0272
2.0239,-1.6691,2.0468,-0.1866,0.0835,-0.3388,1.0927,0.2738,0.9696,1.8282,0.0344,0.0012,-0.7566,1.0422,0.115
2.0324,-1.4429,1.8689,-0.0916,-0.2128,-0.2425,0.878,0.3627,1.1011,1.8662,0.1573,-0.9626,-0.7458,1.0551,0.2046
1.7371,-1.2275,1.7923,-0.2322,-0.5406,-0.2173,1.0251,0.0605,0.9316,1.7141,0.1985,-0.619,-0.8195,1.2975,0.2343
1.654,-1.071,1.6095,-0.5039,-0.6374,-0.0495,1.0059,-0.2444,1.0574,1.057,-0.091,-0.3904,-0.7201,1.3676,-0.1922
1.7702,-1.3105,1.6449,-0.5549,-0.7163,0.1342,0.7844,-0.8863,0.8859,0.9556,-0.2368,-0.4541,-0.5561,1.868,-0.7262
1.875,-1.5661,1.1343,-0.4278,-0.6776,0.0035,0.7813,-1.0793,0.988,0.9651,-0.4172,-0.4603,-0.2929,1.913,-0.9949
2.1297,-1.9932,0.8949,-0.4707,-0.6028,-0.07,0.5015,-0.8979,1.5083,1.0906,-0.6049,-0.1606,-0.541,2.1736,-1.2913
1.9445,-2.0208,0.8137,-0.2014,-0.641,-0.1245,0.7808,-0.6777,1.7636,1.0223,-0.6019,-0.1557,-0.6483,1.9924,-1.9978
2.0178,-2.3023,1.0836,0.1033,-0.7072,-0.1304,0.7399,-0.5641,1.8874,0.6306,-0.5432,-0.2189,-0.5272,2.2029,-2.1861
1.7638,-2.4336,1.1473,0.0259,-0.5462,0.036,0.7973,-0.8046,1.5832,0.9767,-0.4438,-0.4954,-0.7146,1.7415,-1.6598
1.771,-2.0891,0.7702,-0.1198,-0.4474,-0.179,0.9827,-0.2519,1.7587,1.2113,-0.5555,-0.7225,-0.6415,1.7772,-1.6453
1.8433,-2.1428,1.0794,-0.0841,-0.6441,-0.1553,0.9622,-0.4261,1.5619,0.8368,-0.4583,-0.4358,-0.3601,1.5322,-1.9108
1.9576,-2.225,1.3512,-0.0592,-0.5077,-0.2844,0.8137,-0.4525,1.7027,0.5762,0.0366,-0.2092,-0.52,1.4174,-1.3063
1.9781,-1.5885,1.262,-0.3211,-0.3819,0.017,0.761,-0.4577,1.3205,0.9646,-0.0833,0.3425,-0.6274,1.7657,-1.3075
1.9315,-1.7658,1.1111,-0.4452,-0.4275,0.2905,0.647,-0.5545,1.1932,0.4209,-0.264,0.105,-0.6308,1.5451,-1.7867
1.9654,-2.3168,1.1032,-0.2059,-0.3477,0.0676,0.7971,-0.59,1.4428,0.6718,-0.1635,0.0836,-0.878,1.8815,-1.612
1.9839,-1.5125,1.3118,-0.41,-0.2306,-0.2915,0.8776,-0.4583,1.3695,0.6849,-0.0388,-0.1534,-0.8801,1.7419,-1.6413
2.0382,-1.1024,1.3148,-0.5347,-0.516,-0.0281,0.9999,-0.79,1.6293,0.4108,-0.1366,-0.2805,-0.7113,1.2951,-1.7371
1.8024,-1.6888,1.0095,-0.5346,-0.4705,-0.2956,1.0181,-0.8345,1.2358,0.5954,-0.2714,0.0786,-0.6549,1.4634,-1.2464
1.9195,-1.6387,0.8674,-0.6206,-0.3586,-0.6155,0.9497,-0.03,2.0124,0.2995,-0.2416,-0.1505,-0.648,1.2211,-1.4372
2.1909,-1.5801,1.556,-0.5905,-0.6107,-0.6878,0.8622,0.4869,2.1054,0.2942,-0.1503,-0.158,-1.0544,0.949,-1.5304
1.8404,-1.8069,1.8353,-0.5351,-0.4722,-0.506,0.8752,0.8071,1.7607,0.2273,0.0848,-0.3998,-1.2401,0.7066,-1.3343
1.9457,-1.9017,2.2578,-0.6492,-0.1976,-0.339,1.0246,1.1315,1.358,-0.1842,0.1692,-0.2692,-1.4683,0.276,-1.3336
1.6674,-2.0805,2.5744,-0.5306,0.0177,-0.5152,0.9912,1.3274,1.2271,0.318,0.4552,0.1113,-1.4742,-0.0732,-1.0899
1.7414,-2.1898,2.6116,-0.3778,0.3169,-0.3583,1.0453,1.2881,1.0105,0.48,0.7326,-0.2615,-1.6644,-0.3252,-1.3467
1.5352,-1.727,2.651,-0.2472,0.3337,-0.5013,1.2549,1.0309,0.7954,0.8821,0.9132,0.0822,-1.6401,-0.4577,-1.2959
1.731,-1.2665,2.448,-0.6372,0.5215,-0.3906,1.3343,1.3575,0.9484,1.0336,0.7129,0.317,-1.583,-0.3235,-0.8919
1.8712,-1.6992,2.5914,-0.684,0.6068,-0.0322,1.209,1.1095,0.4458,1.005,0.6972,0.3901,-1.369,-0.2889,-0.7374
2.0372,-1.4187,2.5347,-0.7299,0.4667,0.334,1.3513,0.5731,0.4375,0.967,0.707,0.3976,-1.0801,-0.2185,-1.1325
2.1759,-1.4147,2.5663,-0.7617,0.595,0.3222,1.3679,0.1056,0.2851,1.2855,0.8799,0.4131,-1.1405,0.3909,-0.7041
2.0767,-1.417,2.215,-0.6854,0.4227,-0.0379,1.4182,0.0859,0.1635,1.2997,0.7861,0.6892,-0.9758,0.6025,-0.2159
2.0542,-1.5759,1.8728,-0.7277,0.0886,-0.3967,1.5149,-0.0401,0.474,1.1489,0.7337,0.7755,-1.0255,0.9387,-0.0568
1.8033,-1.572,1.702,-0.8423,-0.1627,-0.1393,1.5655,-0.1996,0.7039,1.3622,0.3821,0.9488,-0.8442,1.2915,-0.5668
1.8928,-1.4314,1.847,-0.8483,-0.0748,-0.0025,1.381,-0.5714,0.9316,0.9373,0.1318,0.5229,-0.864,1.2409,-0.563
1.9658,-1.5268,1.5983,-0.9733,-0.1177,-0.1553,1.283,-0.5361,0.5994,1.3111,0.0384,0.218,-0.7569,1.6568,-0.2156
1.8369,-1.4735,1.3505,-0.9927,-0.3414,-0.314,1.1982,-0.9398,0.8377,0.9896,-0.3136,-0.3072,-0.6837,1.9676,-0.1786
1.9205,-1.352,1.0738,-1.0273,-0.2262,-0.45,1.3243,-1.2284,0.8837,0.9402,-0.332,-0.7027,-0.7743,2.0089,-0.9282
2.2328,-1.7761,0.9228,-0.8186,-0.2795,-0.1685,1.3319,-1.4593,1.4705,0.7436,-0.3333,-0.9518,-0.4712,1.9897,-0.9189
2.131,-1.7624,0.5437,-0.9155,-0.3737,-0.2922,1.4092,-0.9416,1.7813,0.7607,-0.2224,-0.8226,-0.6079,2.0183,-1.1388
2.1821,-1.7968,1.006,-0.712,-0.4526,-0.2913,1.3671,-1.2487,1.6757,0.3812,-0.3777,-0.6638,-0.6653,1.6373,-1.1092
2.2256,-1.9754,0.8492,-0.6323,-0.6864,-0.3391,1.1395,-1.3544,1.4447,0.1143,-0.2837,-0.8718,-0.5952,1.5989,-1.1812
2.1733,-1.9254,0.7872,-0.4989,-0.5337,-0.0087,1.1405,-2.0223,1.0655,0.2165,-0.3315,-1.0382,-0.3359,2.0114,-0.7211
2.3728,-1.9406,0.3641,-0.6535,-0.405,-0.1064,1.0868,-2.242,1.1692,0.5891,-0.395,-0.5755,-0.1839,2.2781,-0.9869
2.0383,-1.5712,0.1894,-0.833,-0.4231,0.0161,0.9458,-2.3092,1.4977,0.7891,-0.7281,-0.6555,-0.2182,2.5853,-1.1471
1.8834,-2.0096,-0.1831,-0.859,-0.7353,0.1357,1.0854,-2.0831,1.6651,0.0914,-1.0505,-0.4914,-0.2122,2.4988,-1.8862
2.1473,-2.1092,-0.0526,-0.7243,-0.8279,0.0025,1.0027,-2.3478,2.0014,-0.2376,-1.1935,-0.89,-0.476,2.1231,-2.0211
2.3946,-2.4524,0.0025,-0.663,-0.7053,0.1271,0.9196,-1.6426,2.4955,-0.4335,-1.1597,-1.4188,-0.5582,2.0154,-1.8346
2.2782,-2.3917,0.6668,-0.5652,-0.7174,-0.3589,0.8951,-1.3257,2.6778,0.2197,-1.0425,-1.5667,-0.8776,1.7662,-1.8245
2.0887,-2.1529,0.7614,-0.4905,-0.5842,0.2291,0.8861,-1.2018,2.3972,-0.0787,-0.8548,-1.6924,-1.0208,1.3652,-2.2758
1.9581,-2.3348,0.9249,-0.471,-0.5801,-0.158,1.0294,-0.7672,2.234,-0.2568,-0.5658,-1.5414,-1.0088,0.7564,-1.9188
2.3599,-2.1467,1.2798,-0.5505,-0.4749,-0.2818,1.0699,-0.4712,1.9606,-0.1383,-0.3374,-1.3978,-1.0664,0.6185,-2.2183
2.4016,-1.6895,1.6343,-0.5067,-0.604,-0.774,1.055,0.1106,1.9337,-0.3005,-0.1819,-1.5413,-1.2954,0.2238,-2.2388
2.3338,-1.4838,2.0756,-0.5393,-0.3499,-0.7047,1.1579,0.4233,1.6192,-0.4309,-0.1251,-1.2367,-1.5478,-0.0221,-2.3289
2.1643,-1.5758,2.3682,-0.7016,-0.2201,-0.652,1.3898,1.7412,2.1536,-0.6228,0.1592,-0.5326,-1.9283,-0.107,-1.9122
2.2979,-1.9366,3.2279,-0.7407,0.0714,-0.4123,1.3645,1.3238,1.3162,-1.1032,0.3015,-0.5519,-1.8811,-0.957,-1.08
2.309,-1.5894,3.2409,-0.7841,0.5076,-0.7411,1.4188,1.9159,1.0936,-0.4129,0.5714,-0.4551,-1.7542,-1.1476,-1.235
2.4261,-0.9275,3.5535,-1.0095,0.4714,-1.0045,1.6226,2.0966,0.9537,0.0299,0.7809,-0.3963,-1.9301,-1.0891,-1.1866
2.2897,-0.5934,3.7857,-1.2963,0.4436,-0.9127,1.6114,1.3478,0.3094,-0.1306,0.5973,-0.2333,-1.8161,-1.4526,-1.457
2.3149,-1.0766,3.3434,-0.9875,0.831,-0.5918,1.6244,2.1842,0.6459,-0.1688,0.67,-0.0919,-1.9024,-0.893,-1.1759
2.2665,-1.0615,3.539,-1.0007,0.7944,-0.3628,1.8984,1.8742,0.8355,0.1555,0.7186,0.3388,-1.9905,-1.7406,-0.6289
2.0476,-1.1488,3.6745,-1.0924,0.8533,-0.3046,2.0441,1.8713,0.4846,0.4936,0.6693,0.9089,-1.7701,-1.8103,-0.2928
2.2308,-1.4843,3.9159,-1.0094,0.7001,-0.1802,2.2604,1.6909,-0.0464,0.7175,0.8787,0.8286,-1.4981,-1.5898,-0.3654
2.4286,-1.3294,3.6087,-1.13,1.0006,-0.4822,2.225,1.4791,-0.0961,1.0707,0.913,0.9127,-1.5371,-0.9776,0.2326
2.1937,-1.0816,3.2661,-1.2057,0.9821,-0.4808,2.4021,1.0765,0.2188,1.2354,0.9021,0.8849,-1.2077,-0.7697,0.7061
1.9868,-1.6081,3.1339,-1.0034,0.717,-0.5024,2.1969,1.1509,0.3337,1.0396,0.7604,0.8995,-1.0714,-0.7533,1.0606
2.096,-0.9049,2.7793,-0.9839,0.4989,-0.0814,2.2253,0.4684,0.3073,1.3759,0.4966,0.5438,-1.0248,-0.0241,1.0221
2.3041,-1.1986,2.5066,-1.0604,0.168,-0.2559,2.1071,0.1163,0.1094,0.6808,0.3074,0.2677,-0.6448,0.1291,0.6432
2.4476,-1.3013,2.3581,-0.9114,0.1604,-0.563,1.9394,-0.1537,0.6072,0.5504,0.3191,0.1645,-0.5024,0.7975,0.7237
1.9473,-1.4508,1.7277,-0.9138,-0.1512,-0.5284,1.9026,-0.8336,0.6406,0.5758,0.2683,0.2682,-0.4919,0.8915,0.2989
2.118,-1.7309,1.3879,-0.9034,-0.1312,0.0217,1.8081,-1.4515,0.6524,0.1582,-0.3967,0.3969,-0.2598,1.2044,-0.2197
2.2131,-2.1103,0.9132,-0.8417,-0.422,-0.2351,1.8493,-1.6066,1.1388,0.5337,-0.7242,0.1699,-0.1323,1.7449,-0.4645
2.2999,-2.3176,0.637,-0.4001,-0.4557,-0.1335,1.8043,-2.1024,0.7788,0.6873,-0.7845,-0.2461,-0.2884,2.0212,-0.3267
2.3941,-2.1906,0.3063,-0.3098,-0.8089,-0.0272,1.7933,-2.073,1.2879,0.9712,-0.8834,-0.9082,-0.1966,2.8867,-0.316
2.3062,-2.1642,0.0535,-0.1326,-1.0749,0.1128,1.7762,-2.3702,1.9096,-0.0959,-0.8404,-0.8881,0.2308,2.732,-0.526
2.3741,-2.0724,0.2394,-0.0604,-1.1671,-0.1799,1.7433,-2.8132,2.1046,-0.4086,-0.8457,-0.8794,0.1611,2.6533,-1.1035
2.3059,-1.9989,-0.2856,-0.3493,-1.1581,-0.4943,1.3939,-2.5462,1.9665,-0.4961,-1.0527,-1.0452,0.232,2.4372,-1.7666
2.3477,-2.1943,-0.344,-0.2576,-1.1169,-0.6835,1.3312,-1.7632,2.9044,-0.8835,-1.1845,-1.1803,-0.1455,2.899,-1.8221
2.3383,-2.3772,0.0919,-0.259,-1.0704,-0.5867,1.293,-1.8411,2.6828,-1.0284,-1.1813,-1.4572,-0.1885,2.2838,-2.5568
2.4058,-1.8511,0.2666,-0.4029,-0.9713,-0.8395,1.1365,-1.4077,2.7182,-1.313,-0.8489,-1.3139,-0.5115,1.979,-2.3143
2.3473,-1.9784,0.5366,-0.3926,-1.0443,-1.0826,1.3168,-1.0599,2.3956,-1.4331,-0.8448,-1.2834,-0.8271,1.5849,-2.2688
2.3233,-2.4002,0.6328,-0.2678,-0.7429,-1.1241,1.1923,-0.8457,2.2513,-1.1886,-0.6017,-1.3901,-0.6856,1.485,-2.1964
2.5976,-1.6526,0.9937,-0.272,-0.571,-0.8962,1.2985,-0.3732,2.7622,-1.078,-0.8145,-1.639,-1.0382,1.339,-2.7713
2.4218,-1.6851,1.476,-0.3021,-0.4638,-0.3785,1.5975,0.4889,2.9685,-1.5115,-0.6362,-1.2386,-1.1654,0.1556,-2.8907
2.4209,-1.5323,2.2031,-0.3151,-0.299,-0.5314,1.711,0.6415,2.1009,-1.4882,-0.2173,-1.462,-1.3292,-0.4149,-2.8667
2.2022,-1.5082,2.6503,-0.5592,0.0329,-0.6559,1.7365,1.8009,2.1982,-1.1519,-0.004,-0.9122,-1.7345,-0.7141,-2.369
2.2591,-1.5142,3.2936,-0.4093,-0.075,-1.0576,1.7848,1.9122,1.3942,-1.1399,0.4259,-0.2719,-1.5576,-1.5634,-2.3305
2.5428,-1.3272,3.7483,-0.4761,0.3027,-1.0345,1.8175,1.7925,1.0835,-0.8197,0.9376,-0.0601,-1.6571,-1.5839,-1.9787
2.4012,-1.2087,3.8935,-0.6266,0.5878,-1.167,1.9409,1.5905,0.451,-0.1812,1.0543,0.4534,-1.8964,-1.2125,-1.3746
2.2856,-1.037,3.6368,-0.691,0.6877,-0.833,2.0078,1.8097,0.241,0.2103,1.033,0.6706,-1.7545,-0.7584,-0.7059
2.0995,-1.0818,3.5957,-0.9314,0.7298,-0.7288,1.8849,0.626,-0.321,0.485,0.8102,0.635,-1.2718,-0.6498,-0.3209
2.1124,-1.3001,2.937,-0.5464,0.4525,-1.0559,1.9025,1.1036,0.5461,0.3537,0.7637,0.4576,-1.4018,-0.0894,-0.6188
2.3868,-1.1061,2.8905,-0.4667,0.387,-1.0061,1.8355,0.5138,0.4259,0.636,0.5588,0.2071,-1.1358,0.1616,0.1106
2.3284,-1.2964,2.4827,-0.5941,0.4872,-0.4992,1.9185,0.3691,0.5581,1.1223,0.1305,0.7595,-0.9891,0.3254,0.2323
2.0403,-1.2069,2.1607,-0.579,0.2461,-0.2728,2.0204,-0.4569,0.4662,1.222,0.0841,0.2686,-0.8093,0.6709,0.5394
2.445,-1.6719,1.7655,-0.3809,-0.1015,-0.4743,1.9518,-0.1694,1.1615,1.0798,-0.1326,0.0288,-0.5638,1.4862,0.0971
2.2149,-1.5736,1.5582,-0.4629,-0.2734,-0.6091,1.8331,-0.7066,1.2674,0.8774,0.0109,0.0039,-0.6272,1.463,0.2424
2.0241,-1.5849,1.258,-0.5715,-0.324,-0.7312,1.3808,-1.2032,1.3226,0.7154,-0.5266,0.3994,-0.3702,1.6144,-0.3388
2.0421,-1.8703,0.8188,-0.3557,-0.4415,-0.7459,1.3191,-1.2606,1.773,0.1868,-0.6862,0.0811,-0.4334,1.7586,-0.9695
2.3319,-1.9053,0.9723,-0.2841,-0.3913,-0.4545,1.3128,-0.8103,2.0216,0.0315,-0.756,0.1966,-0.7087,2.0185,-1.0694
2.2956,-1.9206,1.2187,-0.3515,-0.3749,-0.6813,1.2401,-0.9476,1.7201,0.1963,-0.9601,-0.244,-0.6752,1.8987,-1.1176
2.1873,-1.8113,1.0749,-0.1293,-0.5512,-0.4614,1.1203,-1.5153,1.5649,0.3654,-0.8629,-0.7423,-0.4814,1.8202,-1.48
1.9888,-1.7348,0.4861,-0.0149,-0.4695,-0.7902,1.1227,-1.1335,2.2372,0.1201,-0.7586,-0.6016,-0.5301,2.1231,-1.8697
2.0745,-2.1914,0.7481,0.0056,-0.5348,-0.3975,0.9978,-1.4165,2.1264,-0.7396,-0.7299,-0.5746,-0.3361,2.0515,-1.7786
2.3993,-2.1304,0.9997,-0.036,-0.5451,-0.4419,1.0874,-1.6429,2.0474,-0.9368,-0.6333,-1.1203,-0.4278,1.8007,-1.6288
2.0238,-1.8546,0.6082,-0.2391,-0.6003,-0.3122,0.8512,-1.4704,2.2646,-0.3207,-0.7492,-0.5298,-0.3651,1.9288,-1.2382
2.0219,-2.0861,0.6723,-0.2445,-0.5309,-0.4051,1.1534,-1.189,2.5566,-0.3859,-1.0754,-0.3191,-0.5234,2.1315,-2.015
2.0231,-1.8539,0.7761,-0.3442,-0.7603,-0.6206,1.0102,-0.8433,2.7431,-1.0181,-1.066,-0.6193,-0.5476,1.7811,-1.9066
2.1666,-1.8682,1.1961,-0.2805,-0.6907,-0.9808,0.9011,-0.0746,2.8546,-1.8678,-1.0359,-0.6363,-0.7786,1.506,-2.2703
2.2001,-1.8593,1.8864,-0.1191,-0.5547,-0.8353,0.9539,-0.8275,2.2313,-1.7182,-0.8278,-0.7596,-0.9242,0.9236,-2.9396
2.1724,-2.0298,1.5286,-0.1233,-0.0432,-0.7541,1.0601,0.0747,2.012,-1.2098,-0.6868,-0.8131,-1.0083,0.5585,-2.4444
2.3692,-1.9214,1.964,0.0878,0.0277,-0.7825,1.1718,-0.203,2.0747,-0.9578,-0.3226,-0.4002,-1.0627,0.9409,-2.7282
2.3757,-0.9712,2.0881,-0.1812,-0.0984,-0.7872,1.3136,0.0428,2.1731,-0.4435,-0.1323,-0.3382,-1.09,0.6308,-2.4451
2.4151,-1.2261,2.4495,-0.4968,-0.3071,-0.8443,1.3556,0.5063,2.1136,-0.8298,-0.1908,-0.1798,-1.3321,0.6686,-2.2447
2.2247,-1.2499,2.8037,-0.3363,-0.074,-0.9833,1.5556,0.4663,1.504,-1.3431,0.1462,-0.0312,-1.3019,0.4861,-2.4323
2.3006,-1.4349,2.8416,-0.4136,0.047,-0.6667,1.4018,-0.0842,0.9527,-1.2107,0.3754,0.2653,-0.9594,0.3917,-2.4809
2.5917,-0.8428,2.5931,-0.6578,0.4218,-0.8713,1.6576,0.3659,1.0285,-0.4062,-0.0201,0.6957,-0.8891,0.7273,-1.7842
2.3422,-0.9859,2.3453,-0.7131,0.5791,-1.0047,1.6143,0.2546,1.0976,-0.0582,-0.0546,0.519,-1.075,0.5587,-1.9816
2.1441,-1.5073,2.0385,-0.3196,0.1296,-0.5245,1.6614,-0.1896,1.2169,-0.2538,-0.2057,0.5397,-0.9075,0.4796,-1.3326
2.308,-1.3376,1.6639,-0.3691,0.0747,-0.1997,1.6437,-0.6467,1.3405,-0.2398,-0.4146,0.1313,-0.6386,0.523,-1.1729
2.4156,-1.5812,1.468,-0.3352,-0.1576,-0.2512,1.7728,-0.1525,1.8618,-0.1608,-0.5674,-0.0497,-0.5354,1.0073,-0.7885
2.2476,-1.8001,1.5185,-0.3581,-0.3239,-0.819,1.599,0.3164,1.9313,0.2148,-0.675,-0.1318,-0.6588,1.2996,-0.903
2.4372,-1.9438,2.1815,-0.108,-0.2915,-0.8937,1.2145,0.1297,1.9087,-0.3337,-0.5452,-0.236,-0.8832,0.8015,-1.0626
2.0125,-1.948,1.9069,-0.1281,-0.3849,-0.9793,1.0527,0.0494,1.5211,-0.4952,-0.3374,-0.3449,-1.0669,0.9369,-1.079
2.1981,-1.7379,1.8606,-0.3901,-0.235,-0.8765,0.8863,-0.0452,1.5697,-0.5596,-0.3663,-0.4677,-0.8443,0.9495,-1.3305
2.0628,-1.5351,1.8418,-0.2392,-0.2833,-0.5585,1.0213,-0.3029,1.5033,-0.547,-0.3735,-0.2047,-0.9266,0.8249,-1.8842
2.2008,-1.6052,1.4989,-0.2642,-0.0084,-0.6924,0.9702,-0.1151,1.5922,-0.2704,-0.3641,-0.3687,-1.0171,1.1391,-2.1501
2.2325,-1.8836,1.5159,-0.3062,-0.2883,-0.4659,1.1294,-0.3675,1.3451,-0.4571,-0.2928,-1.0439,-0.9916,0.8897,-1.6802
2.1997,-1.4248,1.4152,-0.2789,-0.3017,-0.3261,1.0458,-0.286,1.9836,-0.2156,-0.4701,-1.3388,-0.959,1.2136,-1.3352
2.3578,-1.5775,1.6543,-0.0997,-0.3036,-0.5285,1.2465,-0.7178,1.6535,-0.7287,-0.5181,-1.0692,-0.7241,0.9767,-1.8214
1.9254,-0.7396,1.311,-0.4689,-0.3613,-0.7012,1.2688,0.2964,2.2078,-0.3202,-0.7006,-0.6497,-0.8286,1.025,-2.116
2.14,-1.4077,1.8082,-0.5365,-0.1745,-0.6554,1.281,-0.4234,1.7085,-0.773,-0.777,-0.642,-0.7584,0.5286,-2.349
2.1416,-1.6802,1.3563,-0.2065,-0.2479,-0.7247,1.4651,0.1657,1.9485,-0.5535,-0.81,-0.5419,-0.6949,0.8731,-2.3033
1.9936,-1.9536,1.4978,-0.178,-0.2295,-0.0447,1.5614,-0.0296,1.7348,-0.7772,-0.7148,-0.7708,-0.8463,1.0261,-2.0097
2.2564,-1.9041,1.9201,0.0349,-0.031,-0.2221,1.5867,-0.515,1.5342,-0.3486,-0.4737,-1.0457,-0.6312,0.9376,-1.955
2.1853,-1.4384,1.9325,-0.156,-0.1288,-0.4575,1.4913,-0.4226,1.5318,0.0512,-0.3742,-0.8419,-0.316,0.7085,-1.283
2.118,-1.6184,1.5079,-0.1867,-0.3213,-0.5051,1.2883,-0.1977,1.7385,0.2388,-0.3767,-0.9035,-0.4061,1.0193,-0.4989
2.1469,-1.4719,1.5784,-0.1925,-0.1717,-0.6111,1.3773,-0.5034,1.6783,0.1504,-0.5169,-0.447,-0.5915,0.9087,-0.5547
2.2589,-1.5165,1.5083,-0.3064,-0.3577,-0.8541,1.4521,0.3459,1.9667,0.2749,-0.7608,-0.5656,-0.569,0.8438,-1.1938
2.4846,-1.6374,2.0904,-0.3335,-0.4477,-1.3921,1.552,0.7257,1.9336,0.033,-0.6171,-0.1601,-0.7386,0.8766,-0.9534
2.5053,-1.6053,2.6446,-0.221,-0.2571,-1.0913,1.4226,0.4878,1.417,0.0475,-0.0051,-0.1218,-0.6555,0.7995,-0.8034
2.4508,-1.0449,2.6014,-0.4927,-0.0829,-1.0019,1.4231,-0.2252,0.3977,0.5532,0.0914,0.102,-0.4301,0.958,-0.458
2.5397,-1.1239,1.9334,-0.449,-0.0055,-1.0755,1.4994,-0.6335,0.5488,0.6402,0.1631,-0.0658,-0.3206,1.2061,0.0259
2.3533,-1.0971,1.5614,-0.3077,-0.1541,-0.7298,1.5198,-1.1975,0.4816,1.1388,0.0606,0.3481,-0.27,1.6559,0.52
2.4643,-1.2775,1.1059,-0.4076,-0.3568,-0.8904,1.5428,-1.9013,0.5235,1.2735,-0.2165,0.3472,-0.2422,2.243,-0.0414
2.3537,-1.0203,0.437,-0.5066,-0.6653,-0.7494,1.5278,-1.7343,0.9191,1.2335,-0.5648,0.2518,-0.1364,2.5523,0.2114
2.3607,-1.2071,0.4003,-0.5621,-1.0836,-0.6986,1.7684,-0.9204,1.7156,0.6272,-1.0985,-0.1034,-0.1169,3.0995,-0.0987
2.0776,-1.922,0.7458,-0.3516,-1.0608,-0.8758,1.6171,-1.628,2.1293,0.0003,-1.1597,-0.6054,-0.0243,2.6866,-0.3318
2.2735,-1.7869,0.7202,-0.1688,-0.8038,-0.7153,1.2914,-1.7011,1.9209,0.2973,-1.0075,-1.0233,0.1207,2.4661,-0.9853
2.105,-1.4695,0.6201,-0.2937,-0.8607,-0.7709,1.3138,-1.7262,1.6344,0.5281,-1.0609,-1.1523,0.2035,2.7273,-1.4796
2.3498,-1.9063,0.5339,-0.0238,-0.8528,-0.5961,1.3666,-2.1782,1.3951,0.278,-0.9256,-0.9005,0.3374,2.8879,-1.714
2.257,-1.9961,0.1341,-0.0752,-0.9438,-1.1549,1.3404,-2.0154,1.6549,0.6054,-1.137,-0.6463,0.0494,2.8782,-1.5192
2.4939,-2.1814,0.2988,-0.0117,-1.0766,-1.2246,1.2212,-1.5407,2.0524,0.7541,-0.9949,-0.7148,0.1073,2.7601,-1.6519
2.6389,-1.9289,0.5147,0.0198,-1.2315,-1.4725,1.1492,-1.595,1.9423,0.4973,-0.933,-1.0558,0.0719,2.6187,-1.2066
2.5617,-1.6121,0.7087,-0.2336,-1.3477,-1.9941,1.0364,-1.5132,2.283,0.0437,-0.9589,-1.0562,-0.1629,2.3102,-1.6638
2.4627,-1.7649,0.8721,-0.0834,-1.1093,-1.7731,0.9993,-1.4904,2.217,-0.1145,-0.4522,-1.1156,-0.2306,2.3805,-2.2496
2.5446,-1.1652,0.7257,-0.1345,-1.1785,-1.3334,0.9689,-1.3803,2.0047,-0.0867,-0.7178,-0.8014,-0.3405,2.0121,-1.9981
2.4395,-1.3358,0.8366,-0.2807,-1.1682,-1.1352,0.783,-0.8158,2.3274,-0.4802,-0.7285,-1.0291,-0.3651,1.7507,-2.4059
2.6399,-1.5626,1.2447,-0.2855,-1.0434,-1.0481,0.9026,-1.1087,1.9737,-0.3817,-0.5389,-1.1765,-0.7075,1.1338,-2.8983
2.523,-1.3537,1.0536,-0.3512,-0.7851,-1.5607,0.8041,-0.4353,2.2719,-0.0364,-0.8093,-1.1375,-0.8798,1.0966,-2.7216
2.5108,-1.7326,1.3863,-0.2209,-0.8966,-1.2696,0.9199,0.0943,2.3131,-0.6815,-0.8282,-1.0734,-0.9911,0.5791,-2.4651
2.4823,-1.5622,1.9612,-0.228,-0.9176,-1.1988,0.978,0.2763,2.2819,-0.6833,-0.7241,-1.2427,-0.9131,0.1534,-2.2619
2.657,-1.5709,2.3686,-0.1352,-0.7129,-0.9965,0.9581,0.828,2.1911,-0.407,-0.3798,-1.3895,-1.3259,0.0115,-1.8695
2.4887,-1.3206,2.9549,-0.4501,-0.2833,-0.3553,0.8615,0.2792,1.3627,-0.0231,0.246,-1.133,-1.1774,-0.3933,-1.565
2.715,-1.0525,2.7664,-0.5936,0.0255,-0.5784,1.1729,0.343,1.43,0.1762,0.3647,-0.741,-1.1504,-0.5243,-1.4933
2.5298,-1.1858,2.7358,-0.5013,0.3021,-0.5718,1.5485,0.7999,1.5896,0.4678,0.2614,-0.3846,-1.2579,-0.7297,-1.267
2.5724,-0.7569,3.1668,-0.3961,-0.1576,-0.2966,1.4066,0.8363,1.3016,0.8429,0.4991,-0.366,-1.4363,-0.6371,-0.4319
2.3537,-0.7207,3.009,-0.6503,-0.0865,-0.7721,1.5402,1.1836,1.1931,0.8063,0.4716,-0.0154,-1.4443,-0.5919,-0.4083
2.2119,-0.7477,3.2394,-0.5377,-0.1178,-0.9183,1.4689,1.3324,1.0101,0.6661,0.5053,0.0665,-1.2642,-1.3879,-0.2234
2.0896,-0.8669,3.1455,-0.5337,-0.1022,-0.7142,1.5173,1.5944,1.2079,0.6104,0.6959,-0.0928,-1.3686,-1.4739,-0.0055
2.3096,-0.949,3.309,-0.6073,0.0144,-0.9884,1.5644,1.7472,0.8839,0.8543,0.8693,-0.0031,-1.3649,-1.0459,0.0603
2.3309,-0.9957,3.5174,-0.4983,0.113,-0.9255,1.5289,1.4209,0.7011,0.9116,1.0191,0.4154,-1.3562,-0.9743,0.6594
2.1912,-0.9042,3.5057,-0.3621,0.2354,-1.1473,1.3958,1.1344,0.3941,1.6341,1.017,0.061,-1.3059,-0.9011,0.3693
2.4113,-1.2842,3.3377,-0.286,0.2084,-1.086,1.4701,0.969,0.1767,1.6971,0.8929,0.5059,-1.2622,-0.6092,0.2482
2.1404,-1.1091,3.2748,-0.3937,-0.0996,-1.1559,1.7108,1.6085,0.9309,1.73,1.1108,0.5553,-1.4227,-0.3905,0.263
2.2756,-1.2034,3.3147,-0.5431,0.0384,-1.0903,1.3977,1.298,0.375,1.5123,0.8519,1.1057,-1.1563,-0.4257,0.7444
2.2732,-0.8941,3.2395,-0.5741,-0.1127,-0.9115,1.3295,0.8883,0.2458,2.2473,0.9789,0.4671,-1.1981,-0.0038,1.2602
2.3164,-0.7597,3.0063,-0.6763,-0.146,-0.7597,1.2591,0.2624,0.0945,2.1866,1.0549,0.2207,-1.3039,0.4263,1.4766
2.465,-0.6138,2.8542,-0.5549,-0.3647,-1.4428,1.2816,0.088,0.493,1.9621,0.8302,0.4993,-1.1522,0.9943,1.398
2.3404,-0.879,2.5669,-0.5405,-0.4937,-1.4562,1.1591,-0.5382,0.3114,1.9129,0.5307,0.5883,-1.0496,1.2783,1.1728
1.9081,-1.1703,1.8664,-0.5882,-0.4921,-1.2618,1.3643,-1.3429,0.0609,1.9437,0.3636,0.3013,-0.8169,1.5424,1.0154
1.9825,-1.2268,1.0196,-0.7014,-0.6746,-1.2226,1.3816,-0.8153,0.8998,1.6452,0.0682,-0.0437,-0.7828,2.0793,0.9603
2.1323,-1.0401,1.1911,-0.7519,-1.0288,-1.5059,1.3499,-1.0157,1.6278,1.1254,-0.4115,-0.1416,-0.8173,2.1901,0.325
2.3074,-1.4306,1.3895,-0.4515,-0.8872,-1.7259,1.1408,-0.0737,2.1604,0.6322,-0.4184,-0.3433,-1.0795,2.419,-0.1489
2.2804,-1.7732,1.8033,-0.3745,-0.9236,-1.4778,1.1161,0.0617,1.9822,0.4678,-0.6036,-0.6891,-1.0592,1.3133,-0.9186
2.4695,-1.2933,2.1542,-0.3403,-0.5544,-1.5845,1.1251,0.5455,1.8072,1.0553,-0.4196,-1.0615,-1.3864,1.318,-1.1616
2.4402,-1.7852,2.5686,-0.4224,-0.4979,-1.1369,1.4325,0.6569,1.3361,0.9211,-0.0111,-1.0519,-1.449,0.5896,-0.9816
2.6257,-1.6454,2.5263,-0.3125,-0.6049,-1.5046,1.6826,1.3528,1.0156,1.2041,0.3045,-0.6185,-1.6464,0.4744,-0.4947
2.5079,-1.9285,2.8855,-0.319,-0.4336,-1.2172,1.462,0.8329,0.3998,0.9428,0.4449,-0.3892,-1.3586,0.3803,-0.3171
2.4366,-1.6723,2.8228,-0.5094,-0.1896,-1.544,1.3251,1.2942,0.8543,1.6178,0.7294,-0.0696,-1.5218,0.7384,-0.1951
2.301,-1.4727,3.0149,-0.5158,-0.4264,-1.2045,1.3201,0.3907,0.3243,1.3928,0.6967,-0.0511,-1.4874,0.2447,0.3499
2.3806,-1.3003,2.6439,-0.8013,-0.2154,-1.0747,1.0044,0.427,0.3343,1.3057,0.4308,0.666,-1.6727,0.5667,-0.0341
2.318,-1.2998,2.4233,-0.5878,-0.2353,-0.9979,1.0951,0.5164,0.3443,1.4074,0.3042,0.1373,-1.5876,0.7828,-0.1165
2.3455,-1.3507,2.3568,-0.4975,-0.2709,-0.6234,1.1642,0.1249,0.2986,1.1637,0.3357,0.5116,-1.473,0.7722,-0.0726
2.4942,-1.863,2.3608,-0.291,-0.3396,-1.1042,1.2615,0.2053,0.2268,1.3009,0.3984,0.4174,-1.5081,0.9637,0.0827
2.3659,-1.6386,2.1144,-0.2482,-0.295,-0.7678,1.113,0.026,0.4171,1.6071,0.5004,-0.0017,-1.4474,0.9648,0.5193
2.2481,-1.7237,1.9258,-0.4303,-0.327,-0.4979,1.2144,-0.261,0.4298,1.582,0.3149,0.0114,-1.1923,0.6009,0.2998
2.005,-1.9178,1.6675,-0.4953,-0.4948,-0.2785,1.2982,-0.1958,0.5496,1.5587,0.0969,-0.3524,-1.262,1.1805,0.8185
2.0931,-1.9413,1.6991,-0.3486,-0.5883,-0.113,1.0442,-0.6195,1.1035,1.4526,-0.0896,-0.4098,-1.1649,1.7645,0.3019
2.2701,-1.9639,1.5878,-0.1472,-0.9554,-0.0625,1.2894,-1.1821,1.1003,1.0168,0.0798,-0.4527,-1.1575,1.7014,-0.2045
2.4398,-1.9338,1.386,-0.3355,-1.2127,-0.4622,1.2065,-1.1045,1.2487,1.0073,-0.131,-0.0253,-0.9158,1.7611,-0.1375
2.2296,-2.1937,1.0804,-0.1289,-1.0246,-0.7199,1.2781,-1.2377,1.1925,1.063,-0.4624,-0.6223,-0.8564,2.099,-0.0776
2.1706,-2.1143,1.097,-0.0692,-1.2025,-0.8568,1.3073,-1.3556,1.2794,1.2183,-0.687,-0.1428,-0.7908,2.4596,0.0531
2.1482,-2.3701,0.8476,-0.0398,-1.3776,-0.8358,1.2351,-0.7987,1.3606,1.0087,-0.85,-0.8182,-0.7984,2.4646,-0.5542
2.36,-2.5412,1.0666,-0.0005,-1.2036,-0.8632,1.1645,-0.9111,1.6268,0.9758,-0.7577,-1.431,-0.8969,2.4432,-1.6865
2.5234,-2.2265,1.2807,0.3097,-1.165,-0.7965,1.071,-1.2927,1.5655,0.7322,-0.5988,-1.4989,-0.7073,2.0786,-1.482
2.4338,-2.0328,1.1719,0.2456,-0.9732,-0.9924,1.0689,-1.4207,1.1216,0.8935,-0.5452,-1.2626,-0.84,1.9247,-1.3441
2.5173,-1.9169,1.0359,0.1608,-0.796,-0.9749,1.1404,-1.3843,1.3415,0.9909,-0.4446,-1.3258,-0.9367,1.9477,-0.9443
2.2028,-2.3008,0.9429,0.0914,-0.9157,-0.7474,1.2189,-0.9343,1.7019,0.8375,-0.2781,-1.7151,-0.9897,1.7474,-1.1819
2.3086,-2.0316,1.1069,0.0565,-1.0177,-0.9594,1.184,0.0555,2.0156,0.4024,-0.3135,-1.7241,-1.1904,1.2554,-1.6208
2.5103,-2.0675,1.8158,-0.2448,-1.1211,-1.0759,1.0621,0.2367,1.9436,-0.1124,-0.5769,-1.4776,-1.36,0.4944,-1.7908
2.4931,-1.7318,2.2159,-0.3445,-0.7908,-1.4237,1.1706,1.054,1.6083,0.067,-0.3383,-0.7816,-1.5403,0.2582,-1.948
2.6886,-1.9019,2.6847,-0.1188,-0.7539,-1.7686,0.9711,1.3758,1.5253,-0.4972,0.0822,-0.7068,-1.6232,0.3662,-1.4844
2.4238,-1.714,3.1076,-0.1949,-0.3981,-1.75,0.9642,1.4347,1.2282,-0.2465,0.2059,-0.6032,-2.0443,0.3842,-0.895
2.39,-1.5223,3.3678,-0.2051,-0.1111,-1.3067,0.8787,1.665,0.7781,0.4633,0.4627,-0.3297,-2.2211,-0.1458,-0.6121
2.248,-1.4944,3.6578,-0.3325,0.1668,-1.3652,1.121,2.0055,0.4584,0.8103,0.7252,-0.1414,-2.1556,-0.22,-0.0935
2.0962,-1.1884,3.6998,-0.4458,0.2834,-0.7417,1.3099,1.8743,0.3922,1.5671,0.7686,-0.1279,-2.1582,-0.4934,0.2168
2.12,-1.6682,3.6117,-0.4078,0.2022,-1.1296,1.1387,2.4621,0.3375,1.3002,0.8106,0.3969,-2.3146,-0.1716,0.5601
2.0257,-1.7607,3.846,-0.4936,0.2491,-1.1995,1.1063,2.0045,-0.2237,1.768,0.63,0.515,-2.3315,-0.2913,0.8565
2.0788,-1.7034,3.7735,-0.3221,0.3558,-1.3227,1.0965,1.9636,-0.2247,2.1906,0.8481,0.3842,-2.2268,0.3544,0.7252
2.0326,-1.8409,3.651,-0.383,0.0827,-1.2974,1.3551,1.5602,-0.4405,2.1057,0.9724,0.2126,-2.229,0.3197,1.1506
2.1597,-1.8725,3.4524,-0.2705,0.014,-1.2624,1.4936,1.7052,0.0281,2.2003,1.158,0.7723,-2.1001,0.5391,0.6486
2.2212,-1.5111,3.5566,-0.3062,-0.0205,-1.4365,1.3792,1.1065,-0.0004,2.197,1.0941,0.8986,-1.7365,0.7302,0.7634
1.9736,-1.0758,2.9374,-0.4369,-0.0872,-1.1192,1.2681,0.8045,-0.4383,2.2879,1.0267,1.2082,-1.4354,0.7595,1.0719
1.7807,-1.1047,2.4141,-0.4675,-0.2169,-0.4442,1.5209,0.0551,-0.5394,1.9272,0.6723,0.8901,-1.4059,1.538,0.8862
2.2554,-1.7592,1.8335,-0.1535,-0.5275,-0.6867,1.66,-0.6833,-0.275,1.833,0.7507,0.7375,-0.7948,1.9334,1.2326
2.1922,-1.4958,1.2436,-0.2905,-0.6952,-0.8347,1.5178,-1.1186,-0.3299,2.0641,0.5031,0.1153,-0.6989,2.5777,0.8799
2.2129,-1.7623,0.7246,-0.3467,-0.8755,-0.8137,1.4044,-1.4577,0.269,2.0017,0.0869,-0.0875,-0.4572,3.2015,0.5915
2.2391,-1.7397,0.2752,-0.2604,-1.1556,-0.7547,1.3898,-1.6698,0.9394,1.7738,-0.292,-0.4594,-0.1371,3.4347,-0.1581
2.2058,-1.5785,-0.0035,-0.5062,-1.1196,-1.0087,1.1483,-2.4586,1.0426,1.2679,-0.7421,-0.4885,0.1046,3.5121,-1.0478
2.2123,-2.2599,-0.3144,-0.2486,-1.3027,-1.0549,1.0036,-1.9434,1.7812,0.8817,-0.9963,-0.5245,0.0169,3.4982,-1.231
2.1738,-2.5436,-0.0722,0.0317,-1.4005,-1.1229,1.0906,-1.3227,2.004,0.6117,-0.9875,-0.2056,-0.2408,3.1247,-1.6214
2.1772,-2.2849,0.3166,0.0844,-1.515,-1.5533,0.9557,-1.1459,1.9837,0.702,-0.9845,-0.7196,-0.4496,2.6557,-2.066
2.3474,-2.5256,0.4596,0.0025,-1.4826,-1.2934,0.8066,-0.7601,2.176,-0.0046,-0.8439,-0.9631,-0.7458,2.3748,-2.4391
2.2188,-2.4787,0.7397,0.0908,-1.3479,-1.3654,1.0371,-0.4514,1.9285,0.138,-0.7588,-1.1662,-0.9813,2.2724,-2.6748
2.3666,-2.4439,1.2569,0.2392,-1.3958,-1.2156,0.9197,-0.1821,2.0332,0.1742,-0.3207,-1.0259,-0.9024,1.7646,-2.2564
2.2,-1.7425,1.3344,0.0271,-0.9314,-1.1991,0.846,-0.4008,1.594,0.3416,-0.2286,-0.9143,-0.9574,1.3841,-2.4073
2.279,-1.8599,1.4289,-0.1785,-0.9764,-0.9662,0.9367,0.1731,1.7362,0.3298,-0.1077,-0.9942,-1.3284,1.3668,-2.3251
2.1286,-1.8795,1.4686,-0.1173,-0.7696,-1.3318,1.0558,0.0391,1.0166,0.3302,0.21,-0.9098,-1.2374,1.4181,-1.8747
2.2835,-1.3584,1.613,-0.4034,-0.5701,-1.0961,0.987,-0.1797,1.3024,0.6875,0.0783,-0.7027,-1.4307,1.5391,-1.5541
2.2596,-0.9838,1.4746,-0.4391,-0.6072,-1.0917,1.1351,-0.3143,0.8804,0.8187,-0.1585,-0.2869,-1.5727,1.0396,-1.5566
2.2171,-1.7881,1.2724,-0.1407,-0.7483,-1.1838,1.2926,0.3757,1.1434,1.0719,-0.04,-0.5652,-1.5206,1.0451,-1.991
1.8657,-1.857,1.2265,0.076,-0.9987,-0.8502,1.2255,0.7704,1.2987,0.6245,0.1448,-0.2439,-1.5258,0.7828,-1.7769
1.8455,-1.991,1.6228,0.1982,-0.6398,-0.7574,1.2325,0.3243,1.095,0.1364,0.271,-0.464,-1.4583,0.4142,-1.5698
1.9016,-2.1953,1.5691,0.1895,-0.3265,-0.5974,1.4214,0.6296,1.2686,0.5925,0.3966,-0.5067,-1.4589,0.5011,-0.7261
2.0178,-1.3983,1.5903,0.1427,-0.1933,-0.3787,1.3055,0.6145,1.0971,1.3773,0.3307,-0.57,-1.6117,0.4882,-0.0484
1.9175,-1.8157,1.5795,0.0329,-0.6859,-0.356,1.0629,0.2829,1.195,1.348,0.3794,-0.5974,-1.3726,0.5928,-0.2161
2.0745,-1.8535,1.7746,-0.1117,-0.4441,-0.2319,1.1092,0.158,0.8851,1.3382,0.6468,-0.4812,-1.2647,0.6762,-0.2565
2.2019,-1.0781,1.5262,-0.1009,-0.7861,-0.6295,1.2059,0.4996,0.7801,1.7792,0.5333,-0.1245,-1.2467,0.7883,0.2012
1.9909,-1.5986,1.4921,-0.071,-1.0621,-0.9242,1.1489,0.0648,0.5475,1.3097,0.5514,0.1018,-1.2192,0.9787,0.1747
1.9698,-1.2434,1.269,-0.0903,-1.2839,-0.5536,0.9122,0.5752,1.3236,1.1389,0.3694,-0.1851,-1.5178,1.6552,-0.5399
2.0081,-1.0918,1.4509,-0.1806,-1.0623,-0.9448,1.0055,0.4844,1.412,0.2788,0.4771,-0.1469,-1.6048,1.3655,-0.7325
2.0169,-1.931,1.5465,-0.1278,-1.0422,-1.1244,0.8694,0.0935,0.9928,0.3294,0.2681,-0.1357,-1.25,1.0167,-0.8672
2.0735,-1.7467,1.5735,-0.1607,-0.8235,-1.3002,0.7912,0.694,1.3871,0.9014,0.2185,-0.4764,-1.2698,0.9609,-1.0623
1.9024,-1.317,1.7197,-0.2122,-0.7899,-1.0787,0.7031,0.4874,1.1613,0.5714,0.4047,-0.6298,-1.3282,0.6525,-1.4478
1.8416,-1.5541,1.5708,-0.3324,-0.9724,-0.9537,0.9809,0.8725,1.5098,0.2506,0.3474,-0.293,-1.566,0.5243,-1.3488
2.038,-1.5075,1.838,-0.2052,-1.0127,-1.1574,0.9712,1.1767,1.3619,0.0637,0.1807,-0.5172,-1.5097,0.1612,-1.1363
2.1519,-1.5778,2.2397,-0.1666,-0.9937,-0.9894,0.9773,1.1736,1.1549,-0.0978,0.455,-0.5099,-1.5754,0.0109,-0.831
2.1607,-1.1378,2.538,-0.2118,-0.6347,-1.2367,1.1385,1.0056,0.7261,0.628,0.5587,-0.2128,-1.3207,-0.1159,-0.2806
1.8608,-1.0936,2.0436,-0.1031,-0.4897,-1.0758,1.0547,0.8907,0.6007,1.6115,0.6662,0.0777,-1.3088,0.4614,-0.0168
1.936,-1.6451,1.9819,-0.2285,-0.4663,-1.0076,1.1204,0.541,0.7428,1.7688,0.6549,-0.1426,-1.1201,0.1392,-0.184
2.1101,-1.3657,1.5832,-0.2267,-0.8079,-1.1708,1.1358,0.6846,0.7731,2.0124,0.3719,0.0175,-0.8686,0.5509,-0.0204
2.1203,-1.3856,1.5296,-0.2827,-1.2096,-1.3654,0.794,0.8722,1.1715,1.511,0.2348,-0.4625,-1.1893,0.6863,-0.0606
2.0856,-1.5819,1.8415,-0.4166,-0.9924,-1.1985,0.877,0.8767,1.2641,1.4005,0.3114,0.065,-1.187,1.0187,0.037
2.1083,-1.8717,1.9618,-0.1889,-0.8291,-1.5247,0.6508,1.0983,1.3042,1.4636,0.6932,-0.2335,-1.3342,0.9303,-0.2986
1.8011,-1.9228,2.1235,-0.1601,-0.9206,-0.8552,0.67,0.6662,1.0446,1.0134,1.0149,-0.3942,-1.3806,0.1203,-0.4184
2.0197,-1.4245,2.2455,-0.3839,-0.9533,-0.9739,0.8186,0.5649,0.7488,1.3203,0.8308,-0.3364,-1.3741,0.211,-0.8684
1.6894,-1.2342,2.0697,-0.3241,-0.7118,-0.7278,0.8929,0.4643,0.4323,1.4629,0.8277,0.1686,-1.3403,0.4855,-0.5618
1.7412,-1.4763,1.7567,-0.2407,-0.6059,-0.8693,0.9727,0.2307,0.2677,1.5458,0.5474,0.2442,-1.2539,0.2377,-0.1579
1.7638,-1.3739,1.5272,-0.131,-0.7739,-1.2383,1.2068,0.22,0.7699,1.4561,0.4698,0.2225,-1.0833,0.7883,-0.0252
1.857,-1.528,1.5132,-0.1285,-0.8744,-1.3401,1.1499,0.554,0.7694,1.4759,0.2857,-0.4209,-1.0731,1.0492,0.5292
1.6267,-1.5864,1.4731,-0.0707,-0.9698,-1.3425,0.9392,0.7395,1.1867,1.5238,0.3614,-0.456,-1.1764,0.8253,0.3138
1.8647,-1.7768,1.8104,-0.141,-0.8978,-1.2342,1.0937,1.4204,1.4985,1.4687,0.4329,-0.3847,-1.6001,0.8642,-0.0986
1.5057,-1.376,2.0571,-0.1253,-0.889,-1.0337,1.0136,0.9643,1.1118,1.3031,0.6056,-0.3993,-1.3356,0.6508,0.4021
1.6196,-1.552,2.0927,-0.1908,-0.7152,-0.7515,0.9579,0.5591,0.6152,1.4528,0.6499,-0.2482,-1.0373,0.4828,0.5976
1.7019,-1.4403,2.0103,-0.1672,-0.4633,-0.855,0.9529,1.0936,1.0319,1.9117,0.6384,-0.0209,-0.9862,0.9377,0.3576
1.7187,-0.8136,2.0516,-0.1319,-0.8395,-0.6198,0.821,0.8219,0.3992,2.1167,0.9225,-0.2554,-0.9753,0.6463,0.6185
1.7509,-1.8662,1.7991,-0.2223,-0.8183,-0.1809,0.9172,0.671,0.2542,1.6698,0.9864,-0.3552,-1.1592,1.1314,0.5795
1.8033,-1.8174,1.6461,-0.1087,-0.8531,-0.7264,0.7721,0.0765,0.7172,1.778,0.6585,0.154,-1.089,1.5829,0.1357
1.5504,-1.7124,1.2557,-0.2492,-1.0905,-0.4981,0.8483,-0.0187,0.4958,2.1062,0.5933,-0.3517,-0.6697,1.7642,-0.0419
1.4981,-1.9,1.3208,-0.1761,-1.3327,-0.8949,0.5703,-0.359,0.5312,1.4259,0.5368,-0.307,-0.443,1.9399,-0.0983
1.5416,-1.7031,0.9463,-0.4034,-1.1816,-0.9532,0.2282,-0.7252,0.7482,1.206,-0.0242,0.0126,-0.4464,1.9423,-0.7096
1.4114,-2.0517,0.7127,-0.108,-1.013,-0.5555,0.3727,-0.3153,1.21,1.3142,0.12,-0.703,-0.7854,2.0564,-0.2923
1.4612,-1.7015,0.6414,-0.2747,-1.2099,-0.6728,0.3894,-0.1584,1.5249,1.2698,-0.1001,-0.2642,-0.8393,2.0577,-1.0057
1.4378,-1.7069,0.8147,-0.334,-1.1562,-0.8523,0.3252,-0.5567,1.3462,1.1333,-0.2574,-0.5906,-0.7056,1.6582,-0.4871
1.576,-1.9099,0.7673,-0.1805,-1.1446,-0.8916,0.3905,0.086,1.7497,1.119,-0.2571,-0.9083,-1.0385,1.7368,-0.7618
1.7536,-1.7959,1.1061,-0.2325,-0.96,-0.4047,0.5748,0.5045,1.7245,1.1765,0.0808,-0.6741,-1.1188,1.6911,-1.1272
1.6755,-1.5501,1.704,-0.0142,-1.0704,-0.7831,0.4418,0.5406,1.752,0.8807,0.241,-0.4713,-1.172,1.487,-1.1299
1.7933,-1.8866,1.845,-0.3226,-0.8154,-1.1256,0.4463,0.8386,1.3791,0.6161,0.5126,-0.3462,-1.4647,1.2958,-0.9904
1.7022,-1.4772,2.0173,-0.2983,-0.7055,-0.83,0.5676,1.0141,1.1952,1.0071,0.7481,0.1241,-1.597,0.9179,-1.0396
1.3919,-1.6838,1.9982,-0.4122,-0.5745,-0.857,0.4752,1.233,0.9507,1.419,0.4815,-0.2022,-1.5859,0.7027,-0.3973
1.5669,-2.0566,2.1353,-0.4448,-0.3562,-0.9523,0.7536,1.2443,0.9902,1.5123,0.6148,-0.2248,-1.55,0.7457,-0.4701
1.4409,-1.3089,2.0686,-0.6398,-0.5043,-0.6397,0.8662,1.0901,0.7964,1.7459,0.8531,-0.1116,-1.449,0.7199,0.0486
1.4876,-1.5427,1.878,-0.693,-0.2869,-0.4308,0.9305,1.0685,1.0387,1.8122,0.4035,0.0099,-1.4018,0.9155,0.3349
1.7144,-1.8727,2.2487,-0.5463,-0.4268,-0.2846,1.1092,1.0687,0.6874,2.1078,0.6446,0.3619,-1.3348,1.2269,0.5149
1.7603,-1.4262,2.2634,-0.5934,-0.4462,-0.2743,0.8624,0.6399,0.4918,2.1131,0.7961,0.2685,-0.9957,1.5705,1.3106
1.4965,-1.1957,1.6263,-0.7547,-0.561,-0.3868,0.9256,0.4974,0.3837,2.4388,0.7193,-0.2673,-1.1184,1.775,1.2063
1.6223,-2.0593,1.325,-0.4279,-0.721,-0.2231,1.0546,-0.0665,0.2364,2.2249,0.7706,-0.1856,-0.669,2.1313,1.4668
1.6352,-1.5339,0.9666,-0.4583,-0.9581,-0.4983,1.2709,-0.6389,0.396,2.707,0.4606,-0.1023,-0.7296,2.2428,0.9116
1.5366,-1.4528,0.6782,-0.5188,-1.1477,-0.2068,1.145,-0.5085,0.7629,2.0311,-0.0795,-0.1313,-0.5218,2.4467,0.6885
1.6231,-1.9734,0.6267,-0.346,-1.3869,-0.222,1.0322,-0.0298,1.4654,1.7253,-0.0415,-0.5506,-0.7547,2.8245,0.5452
1.797,-2.2061,0.8538,-0.1363,-1.4946,-0.3601,1.0751,-0.2871,1.5484,1.5418,-0.1216,-0.6977,-0.5988,2.5293,-0.0113
1.686,-2.0945,0.9327,-0.2777,-1.3824,-0.4928,1.1489,-0.51,1.363,1.7323,-0.2357,-1.0177,-0.6006,2.5165,0.0203
1.5695,-1.8775,0.705,-0.3016,-1.1828,-0.515,1.1024,-0.1423,1.4466,1.5545,0.0414,-1.1495,-0.563,2.579,-0.2488
1.5088,-2.0721,0.5681,-0.1913,-1.1972,-0.5385,0.8777,-0.3279,1.3196,1.2842,-0.0582,-1.3924,-0.2642,2.4401,-0.4184
1.5,-1.9455,0.2668,-0.3902,-1.2286,-0.2415,0.6672,-0.6368,1.5101,1.4988,-0.3818,-1.4751,-0.3018,2.6845,-0.846
1.6985,-1.8553,0.2134,-0.3784,-1.3624,-0.2988,0.4845,-0.9246,1.9083,1.0476,-0.5035,-1.7165,-0.3344,2.5504,-0.8247
1.9364,-2.0516,0.1169,-0.1544,-1.5045,-0.6074,0.3496,-0.7514,2.0861,0.7119,-0.4599,-1.9885,-0.5692,2.7146,-1.3429
1.6422,-2.0274,0.2304,-0.109,-1.5072,-0.6622,0.3246,-0.7679,2.284,0.572,-0.5997,-1.6453,-0.6307,2.5765,-1.2429
1.5663,-2.45,0.203,-0.0464,-1.4436,-0.6131,0.4326,-0.3035,2.4379,0.0951,-0.7574,-1.5655,-1.0189,2.1761,-2.0844
1.6728,-2.2983,0.5359,0.1129,-1.1,-0.4529,0.6327,0.0327,2.342,0.2322,-0.5623,-1.7887,-1.082,1.7866,-2.1884
1.74,-2.3821,0.7753,0.0017,-0.959,-0.6425,0.7254,0.7875,2.688,0.2977,-0.2473,-1.449,-1.1595,1.2181,-1.9439
1.8019,-2.4738,1.4673,0.1108,-1.1324,-0.3193,0.4124,0.8633,2.1212,0.6382,0.2137,-1.4226,-1.1177,0.619,-1.4448
1.9311,-2.3203,1.901,0.2377,-0.8405,-0.5717,0.4421,0.6248,1.2973,0.9697,0.6782,-1.458,-1.3684,0.5728,-1.3944
1.973,-1.8621,1.831,0.2256,-0.8055,-0.5914,0.629,0.6319,1.0745,1.5637,0.8814,-1.1059,-1.3234,0.7595,-0.7406
1.8296,-1.662,1.5619,0.1218,-0.7907,-0.5965,0.7059,0.89,1.2636,1.2664,0.8357,-0.4757,-1.6318,0.9562,0.2629
1.9648,-0.9906,1.7043,-0.0616,-0.6896,-0.7351,0.8387,0.8106,1.0444,1.4848,0.6363,-0.3862,-1.4991,1.0056,-0.0215
1.8277,-1.4149,1.4603,-0.2035,-0.6164,-0.775,0.97,0.7133,0.9394,1.6135,0.3751,-0.2318,-1.3916,1.2344,0.2623
1.7909,-1.5828,1.5512,-0.2421,-1.0717,-0.7961,0.7824,1.5409,1.1554,1.3452,0.3957,-0.46,-1.4004,1.1793,-0.0082
2.0266,-1.4922,2.1309,-0.1633,-1.0706,-0.8521,0.6758,1.0377,1.1785,1.1467,0.4389,-0.1137,-1.481,0.6044,0.1699
1.9427,-1.6298,2.0878,0.195,-0.8819,-0.9522,0.8303,1.5232,1.123,1.5194,0.5775,-0.1171,-1.6259,0.5214,-0.2362
1.7264,-1.353,2.1143,0.1729,-0.8485,-0.4922,0.6463,1.4315,0.8272,1.3959,0.4866,0.111,-1.487,0.2138,-0.1348
2.0291,-1.7302,2.2872,0.1908,-1.0473,-0.9125,0.8536,1.9724,0.8955,0.8205,0.8939,0.1383,-1.725,-0.0381,-0.2869
1.7929,-1.5094,2.443,0.0802,-0.7984,-0.9212,1.0016,2.1271,0.7608,1.2355,1.0897,0.4067,-1.7271,-0.1104,-0.0285
2.0005,-1.8681,2.6505,0.0142,-0.6447,-0.6361,0.9163,2.1302,0.5862,1.2274,1.3025,0.0881,-1.7622,-0.1917,0.4089
1.9755,-1.527,2.7484,0.0605,-0.4608,-0.831,0.8492,2.6581,0.6834,1.9525,1.6006,0.4063,-1.8832,0.0345,0.5317
2.2079,-0.9208,3.0649,-0.3035,-0.5516,-0.5932,0.964,2.2868,0.5445,1.6843,1.6751,0.0314,-1.8894,-0.2558,0.9335
2.1673,-1.1558,3.2641,-0.549,-0.6423,-0.661,1.0832,2.6963,0.578,1.6459,1.5674,0.2294,-2.0826,-0.3442,1.2957
1.894,-0.9827,3.4107,-0.5692,-0.293,-1.0045,1.3125,2.287,0.4542,2.0926,1.7477,0.8324,-1.9816,0.2262,1.5063
1.7962,-0.6126,3.1151,-0.2022,-0.1615,-0.6542,1.2975,1.6837,-0.0226,2.3439,1.7728,0.8281,-1.7658,0.3031,2.1614
1.8992,-0.9947,2.6035,-0.3329,-0.3523,-1.0045,1.3883,1.5764,0.0624,2.4256,1.6864,0.5984,-1.4886,0.8066,2.5127
1.739,-0.7987,2.3457,-0.273,-0.6329,-0.7231,1.1521,0.556,0.0014,2.59,1.4422,1.1059,-1.2303,1.2337,2.2104
1.7965,-0.8723,1.6733,-0.331,-0.8232,-0.5533,1.1736,-0.0667,-0.1535,2.3447,1.1636,0.742,-0.9862,1.8738,2.2766
1.6478,-1.5682,0.9061,-0.2049,-0.8216,-0.531,1.0307,-0.4106,0.3339,2.5516,0.8086,0.5448,-0.8233,2.3628,2.3604
1.8465,-1.5444,0.5559,0.0269,-1.1708,-0.5825,0.9167,-0.769,0.8084,2.851,0.5488,0.4119,-0.5664,2.6644,2.6288
2.0453,-1.6185,0.3966,0.0479,-1.2615,-0.5976,0.7951,-1.7347,1.0394,2.5665,0.1397,-0.0989,-0.3207,3.1301,1.8924
1.9351,-1.6649,-0.2562,-0.0281,-1.5841,-0.6654,0.583,-1.9016,1.4788,2.5097,-0.161,-0.6019,-0.3069,3.8082,1.4738
1.6697,-1.9881,-0.5837,-0.0361,-1.757,-0.1781,0.3777,-2.7701,1.5526,2.3102,-0.6018,-0.8391,-0.0607,4.0144,0.5071
1.594,-2.1897,-1.2809,0.0505,-1.8391,-0.4758,0.3876,-2.3101,2.6527,2.0817,-0.6991,-0.9266,-0.2084,4.5279,-0.0828
1.9098,-2.1339,-0.9575,0.1228,-2.3928,-0.8011,0.4205,-2.4393,2.5261,1.0517,-0.8218,-1.0409,-0.1268,4.0047,-0.7383
2.0597,-2.0525,-0.6594,0.1893,-2.1722,-0.6105,0.2415,-2.007,2.8043,0.7761,-0.5155,-1.6758,-0.2197,3.9199,-1.1948
1.9829,-2.2992,-0.4052,0.2745,-2.0488,-0.4945,0.0988,-2.655,2.365,0.7176,-0.3428,-1.5356,-0.0295,3.1619,-1.0494
1.9135,-2.5771,-0.7094,0.2775,-2.044,-0.5791,-0.1468,-2.2168,2.9144,0.9043,-0.4578,-1.1833,-0.0926,3.167,-1.2392
1.9147,-2.4278,-0.6356,0.2519,-1.8023,-0.5881,-0.009,-1.61,3.0791,1.1791,-0.5106,-1.1248,-0.5085,2.9943,-0.9184
1.7758,-2.4048,-0.2305,0.1943,-1.8216,-0.9195,0.0717,-1.0055,3.1172,0.929,-0.4911,-1.2975,-0.8889,2.6756,-0.9455
1.9078,-2.2656,0.0572,0.2918,-1.9116,-1.0538,-0.025,-0.4251,2.7134,0.6696,-0.4958,-1.4467,-1.0587,2.0454,-1.173
2.2386,-2.0964,1.156,0.3428,-1.5316,-0.7737,-0.0383,-0.1302,2.7994,0.423,-0.1855,-1.7117,-1.023,2.0534,-1.3322
1.7506,-1.771,1.4853,0.3542,-1.129,-1.0486,-0.0012,0.0172,2.1855,0.8375,0.2035,-1.3566,-1.2874,1.8015,-0.9429
1.8557,-1.5804,1.5653,0.2494,-1.086,-1.0496,0.0822,0.4072,1.7517,0.701,0.3583,-1.3204,-1.4588,1.3322,-0.5439
2.0234,-1.7765,1.8261,0.3459,-1.334,-0.9055,0.1607,0.5987,1.5781,0.2777,0.7017,-1.3387,-1.3446,0.9172,-0.6283
1.816,-1.6996,1.9762,0.3599,-1.1921,-0.8567,0.146,0.4437,1.4967,0.7067,0.8487,-1.0598,-1.3723,0.6554,-0.7074
2.011,-1.8923,2.1367,0.6249,-0.9312,-0.8919,0.2657,1.4951,1.5082,1.0976,1.2693,-1.2149,-1.6178,0.4255,-0.8018
1.9566,-1.2974,2.5509,0.1522,-0.7847,-0.8932,0.4172,0.9252,1.2319,1.3424,1.3589,-0.5498,-1.4577,0.0501,-0.0461
1.6847,-1.2255,2.3834,0.2398,-0.5165,-0.5294,0.427,1.0081,1.0261,1.9989,1.5096,-0.1124,-1.1406,0.0778,0.4858
1.5894,-0.9501,2.3165,-0.0069,-0.6345,-0.3836,0.609,0.5932,0.7812,1.9419,1.1557,-0.1051,-1.1503,0.2661,0.4132
1.7096,-1.4749,2.1056,-0.0183,-0.617,-0.4077,0.6358,0.7934,1.2694,1.6395,1.3169,0.4236,-1.1251,0.466,1.0499
1.7634,-1.8206,2.1152,0.1933,-0.4415,-0.8708,0.4749,0.9002,1.2344,1.9891,1.0565,0.0462,-1.3126,0.4218,1.4423
1.8097,-1.6045,2.155,0.205,-0.4964,-1.2266,0.5856,1.618,1.2882,2.4988,1.035,0.2709,-1.4437,0.6961,1.671
1.6354,-1.6619,2.4558,0.3104,-0.4196,-0.7762,0.4493,1.677,1.477,2.2323,1.1643,0.267,-1.4435,0.6082,1.3844
1.6387,-1.0422,2.9351,0.2239,-0.4556,-0.3285,0.4893,0.8157,0.7554,2.5944,1.2938,0.0061,-1.1527,0.4169,1.2156
1.6321,-1.7383,2.333,0.3882,-0.6429,-0.2329,0.4461,0.9546,0.8687,2.2939,1.5058,-0.3324,-1.3055,0.7406,1.4631
1.954,-1.5575,2.2271,0.4668,-0.4778,-0.2143,0.4059,0.5338,0.9228,2.3077,1.3596,-0.2022,-1.1545,0.814,1.3608
1.8713,-1.4512,1.9352,0.4537,-0.3578,-0.5146,0.3278,0.4896,1.1875,2.5601,1.3926,0.0429,-0.9881,1.1289,1.1658
1.8103,-1.7745,1.8393,0.4412,-0.5999,-0.9237,0.3122,-0.3095,0.7766,2.8149,1.3438,0.2955,-0.6051,1.3546,1.6396
2.1747,-1.7057,1.1848,0.5762,-0.478,-0.7561,0.1815,-0.5057,0.8073,2.9809,1.0877,0.169,-0.5476,2.2451,1.3881
2.1482,-1.614,0.9123,0.5203,-1.0091,-0.8146,0.1557,-0.9785,0.8095,3.3201,0.7273,0.3263,-0.5266,2.6683,1.5591
1.8689,-1.7609,0.4683,0.3939,-1.179,-0.8459,0.1087,-0.9906,1.4352,2.8114,0.5213,-0.5504,-0.3577,2.8001,1.3513
1.9306,-1.745,0.3051,0.4656,-1.2283,-0.7948,0.0709,-0.6555,2.3765,2.1118,0.1758,-0.9305,-0.5424,3.2549,0.9194
1.9742,-1.7381,0.5205,0.5236,-1.337,-0.6848,0.032,-0.57,2.7262,1.8913,0.114,-0.4091,-0.5907,3.024,0.9716
2.0898,-2.193,0.5791,0.7187,-0.9112,-0.3407,-0.0299,-0.5088,2.4339,1.6593,0.5088,-0.8246,-0.7792,2.7764,0.2281
1.9526,-1.982,0.712,0.696,-0.7704,-0.5983,0.0566,-0.5042,2.7392,2.1499,0.4445,-0.821,-0.7099,2.9335,-0.2765
2.16,-2.5302,0.9991,0.8826,-0.9397,-0.6916,0.1041,-0.9707,2.0739,2.1142,0.4106,-0.7797,-0.4775,2.3094,-0.2653
2.0864,-2.1637,0.6233,0.7583,-1.035,-0.7098,0.1224,-0.7943,2.4417,1.9542,0.3143,-0.9178,-0.3688,2.576,-0.5045
2.1843,-2.4405,0.6281,0.8559,-1.2334,-0.925,0.2326,-0.3361,2.2722,1.8055,0.352,-0.7527,-0.6814,2.4684,-0.3211
2.111,-1.8358,0.5453,0.7401,-1.0856,-0.905,0.1405,-0.3859,2.1128,1.6464,0.2257,-0.5681,-0.5633,2.6337,0.3881
1.84,-1.7344,0.3076,0.6033,-1.0524,-0.4554,-0.0811,-0.3048,2.2338,1.7591,-0.0278,-0.5721,-0.8174,2.5459,0.0193
2.3822,-1.9375,0.5695,0.4885,-1.0855,-0.9622,-0.1986,-0.0727,2.4666,1.1608,-0.0711,-0.4274,-0.9867,2.3516,-0.7634
2.2177,-2.1593,0.7674,0.4184,-1.1725,-0.8511,-0.0168,0.7204,2.6767,1.3197,-0.0698,-0.5208,-1.2427,1.7277,-1.433
2.1879,-1.896,1.2571,0.2601,-0.801,-1.0957,-0.2118,1.1245,2.5739,1.3006,0.1881,-0.6265,-1.4067,1.6143,-1.3534
1.7809,-1.4584,1.3898,0.2824,-0.7885,-1.0361,0.0296,1.4461,2.6349,0.9751,0.3676,-1.0054,-1.7578,1.0214,-1.148
2.1994,-1.5787,1.9249,0.2589,-0.8326,-1.224,-0.029,1.5454,2.2258,0.6593,0.6554,-0.5863,-1.85,0.4448,-1.279
1.9678,-1.7167,2.2336,0.3742,-0.2802,-0.9681,0.0819,1.8377,2.0024,0.8891,0.769,-0.7358,-2.0207,0.523,-1.0181
2.2233,-1.4769,2.6107,0.3507,-0.0603,-0.9922,0.2011,1.9442,1.7769,1.4118,1.0144,-0.4307,-1.8793,0.1455,-0.2208
2.0149,-1.2097,2.8417,0.1673,0.0602,-0.4413,0.2053,2.0893,1.6638,2.1109,1.2203,-0.5195,-1.8873,0.0223,0.3666
1.952,-1.304,2.846,0.2225,-0.0629,-0.7413,0.0955,1.7174,1.2588,2.0487,1.4601,0.0657,-1.8554,-0.0691,0.6223
2.02,-1.3506,2.6982,0.4813,-0.037,-0.4971,0.4004,1.4251,1.2868,1.9767,1.4585,0.3272,-1.6926,0.0875,0.6795
1.8119,-0.9212,2.4593,0.2152,0.1901,-0.5934,0.1436,1.6334,1.1069,2.5893,1.4852,0.4304,-1.6521,0.3954,1.0055
1.9,-0.9925,2.4393,0.3328,-0.1393,-0.6669,0.1657,1.7002,1.3272,2.2205,1.6472,0.729,-1.7575,0.5093,1.4991
2.0829,-1.2321,2.5964,0.4275,-0.1322,-0.7299,-0.1418,1.404,0.951,2.4754,1.6154,0.665,-1.609,0.4685,1.1314
2.0125,-1.0676,2.2684,0.263,-0.1143,-0.9416,-0.0788,1.237,0.6776,2.6539,1.4223,0.5821,-1.6978,1.041,1.1261
2.1931,-1.2862,2.126,0.2868,0.086,-0.5679,0.0483,0.3431,0.7301,3.0347,1.2485,0.619,-1.3957,1.1972,1.485
1.9109,-0.9266,1.36,0.1944,-0.1616,-1.0034,0.1483,0.4231,1.1018,3.3373,1.0339,0.3189,-1.2366,1.6267,1.521
1.5607,-1.214,1.1127,0.1849,-0.636,-0.5942,0.2342,0.0298,1.2415,2.7644,0.7855,0.3359,-1.0689,1.6062,1.5365
1.4479,-1.1824,0.6467,0.2136,-0.5847,-0.153,0.25,-0.223,1.4821,2.3344,0.4979,0.2852,-0.913,1.8954,1.3514
1.8218,-1.7528,0.5735,0.4197,-0.9015,-0.7163,0.1375,-0.214,1.8692,2.4903,0.3074,-0.4971,-0.8338,2.2894,0.6073
