x0,x1,x2,x3,x4,x5,x6,x7,x8,x9,x10,x11,x12,x13,x14
0.334,-0.0158,1.4271,-0.1536,0.3749,-0.7113,-0.3173,2.0367,0.4465,-0.3623,0.2988,-0.6732,-0.8488,-1.0184,-1.4984
0.3716,0.0439,2.0836,-0.3611,0.6607,-0.4035,-0.3878,1.5133,-0.1544,-0.6053,0.6825,-0.6073,-0.7061,-1.4033,-1.1125
0.2458,0.2614,1.8486,-0.2708,0.5746,-0.2485,-0.2289,1.7041,-0.7904,-0.3159,1.0175,-0.2638,-0.8548,-1.9815,-0.756
0.4898,0.3545,2.4528,-0.4721,0.7923,-0.5763,-0.5084,1.2945,-0.9583,-0.0618,1.3732,0.2356,-0.631,-1.8096,-0.2197
0.2023,0.4638,1.6662,-0.4004,0.9534,-0.4756,-0.2597,1.3361,-0.7526,0.2414,1.2156,0.8944,-0.7939,-1.6425,0.0917
-0.0591,0.2685,1.2737,-0.4389,0.8935,-0.0821,-0.3103,1.0589,-1.1654,0.5439,1.0063,0.9989,-0.5921,-1.258,0.6683
0.1438,0.2952,1.3564,-0.7237,0.7184,-0.2106,-0.1229,0.8555,-0.7724,0.5591,0.9363,0.543,-0.4613,-1.0739,0.2861
0.1664,0.3684,0.7882,-0.4848,0.4995,-0.3125,-0.0766,0.6193,-0.9329,0.9679,0.7109,0.2311,-0.2784,-0.5107,0.7593
0.1225,0.2465,0.6989,0.1092,0.2861,-0.4821,-0.2177,0.1046,-0.8127,0.2975,0.8616,0.551,-0.2913,-1.0476,1.1068
0.1709,0.232,0.1177,-0.2398,0.3457,-0.6048,-0.1073,0.0417,-0.8455,0.235,0.674,0.6343,-0.2171,-0.4111,0.5409
0.4008,0.2383,-0.1674,-0.1999,-0.0622,-0.4389,-0.2489,-0.1328,-0.6981,-0.1273,0.2929,0.2492,-0.0288,-0.3745,0.3954
0.0719,-0.1831,-0.1834,-0.2747,-0.1271,-0.4591,-0.2988,0.1197,0.0535,-0.3992,0.067,0.0947,-0.2526,-0.2495,0.1305
0.2986,-0.2973,-0.2328,-0.4362,0.0815,-0.3966,-0.0932,0.2028,-0.0693,-0.064,0.0021,0.1875,-0.2585,-0.481,-0.232
0.0184,-0.1138,0.1448,-0.1559,-0.0162,-0.6186,-0.2823,0.6242,0.4299,0.3148,0.3008,-0.0685,-0.4566,-0.4637,-0.4032
0.1757,0.0036,0.215,-0.2627,0.1047,-0.6634,0.2909,0.6646,-0.1649,-0.1536,0.0191,-0.0056,-0.3922,-0.6196,-0.8371
0.2756,-0.1669,0.5076,-0.136,0.2247,-0.5254,-0.1617,0.6344,-0.8771,0.0221,0.3221,0.1056,-0.1317,-1.2994,-0.4787
0.2129,-0.046,0.3179,-0.2437,0.0683,-0.7376,-0.2985,1.3922,-0.0687,0.0741,0.382,-0.2914,-0.7209,-0.8841,-0.3535
0.3115,0.099,1.0206,0.1784,-0.0528,-0.3187,-0.2461,1.0978,-0.4221,-0.1188,0.6837,-0.4858,-0.4766,-0.7556,-0.0678
0.3106,0.0837,0.7759,-0.0625,0.403,-0.3514,-0.7014,1.4632,-0.3666,0.1001,0.8718,-0.3355,-0.8145,-0.9389,0.0112
0.5427,0.1493,0.9435,-0.1174,0.318,-0.3836,-0.3025,1.2701,-1.1533,0.2083,1.0583,-0.545,-0.7506,-1.3175,0.4673
0.3186,0.392,1.4341,-0.2164,0.0888,-0.5835,-0.5426,1.1922,-0.8989,0.4559,1.1453,-0.4319,-0.8972,-1.0426,0.5287
-0.0983,0.5796,1.0162,0.0944,0.1884,-0.2309,-0.5035,0.4665,-1.4272,0.9598,0.9978,0.1379,-0.699,-0.8741,0.844
0.0982,0.2953,0.2736,-0.1781,0.1656,-0.3606,-0.2451,-0.0777,-1.4729,0.1527,0.6643,0.3315,-0.5025,-0.192,0.6061
0.11,0.294,0.096,-0.2089,0.3327,-0.5184,-0.2026,0.0592,-1.4197,0.6433,0.4845,0.855,-0.1798,0.5904,0.4427
0.0208,0.0089,-0.4413,0.091,0.2336,-0.3716,-0.0422,-0.6136,-1.0657,0.398,0.3846,0.8812,0.1769,-0.0196,0.2847
0.2667,-0.0306,-0.288,0.3809,-0.0862,-0.2796,-0.1291,-0.3572,0.0344,0.042,0.4904,0.3481,0.2928,-0.4401,-0.013
0.2977,-0.0516,-0.4435,-0.1077,-0.1547,-0.1483,0.0573,-0.6252,-0.5605,0.4547,0.337,-0.2831,0.1295,-0.4961,-0.0829
0.4257,0.1146,-0.8763,-0.3641,0.1058,-0.4144,-0.2116,-0.1804,0.4228,0.3211,-0.2964,-0.0461,0.1508,0.344,-0.5013
0.3444,-0.1502,-0.3439,-0.5222,0.0855,-0.3095,-0.4768,-0.9451,-0.3166,0.2075,-0.545,-0.2773,0.4452,0.9255,-0.3104
0.333,-0.2756,-0.5278,0.0977,0.1234,-0.126,-0.3189,-0.7718,0.3403,0.1628,-0.2345,-1.2026,0.5373,1.2896,-0.7216
0.4619,-0.2987,-0.3519,0.3058,0.096,-0.0104,-0.2514,-1.1013,-0.0925,0.2395,0.0268,-0.6684,0.7613,1.014,-0.4715
0.6379,-0.1834,-0.7579,-0.2821,0.1185,-0.2887,-0.261,-0.7737,-0.4256,0.1764,-0.4452,-0.53,0.5395,0.7885,-0.4847
0.6489,-0.1496,-0.8226,-0.1499,-0.0926,-0.7922,-0.1824,-0.5377,0.4981,0.1518,-0.3399,-0.5924,0.4223,1.1376,-0.782
0.7573,-0.3396,-0.3283,-0.4158,-0.1777,-0.7745,-0.1534,-0.5815,0.317,-0.2265,-0.763,-1.523,0.4338,0.6722,-0.973
0.7494,-0.1953,-0.1815,-0.0974,0.1749,-0.6771,-0.1477,-0.8792,0.3013,-0.4028,-0.2252,-0.9909,0.6484,0.983,-0.9031
0.8566,-0.0289,-0.6029,0.034,0.092,-1.0005,-0.32,-0.7428,0.1764,-0.2111,-0.3647,-1.3152,0.6814,0.1688,-0.8985
0.896,-0.016,-0.6093,0.252,0.3071,-1.0323,-0.2824,-0.5483,0.3533,-0.1245,-0.6012,-1.2168,0.5469,0.3989,-0.7379
0.477,-0.0229,-0.3975,0.0012,0.1026,-0.9042,-0.1209,-0.3872,0.313,-0.0206,-0.3618,-1.219,0.606,-0.0828,-0.6902
0.125,-0.1162,-0.2588,-0.0264,0.1732,-0.363,-0.3056,-0.2208,0.4009,0.3179,-0.2895,-1.3399,0.3549,0.2673,-0.6249
0.6753,-0.3524,0.3986,0.1954,0.4373,-0.6061,-0.4286,0.1585,0.45,0.2036,0.3536,-0.7959,0.2018,-0.2838,-0.1903
0.9645,-0.14,1.2814,0.5223,0.3599,-0.8215,-0.3447,-0.0785,-0.3082,0.8355,0.9886,-0.4578,0.1308,-0.3512,0.111
0.6077,0.428,0.7772,0.0989,0.2873,-0.7465,-0.4864,-0.2064,-1.0197,1.7347,1.0101,-0.117,0.1757,-0.3046,0.8273
0.3678,0.275,-0.011,-0.008,0.1669,-0.6725,-0.2199,-0.2919,-0.6604,0.3782,1.0806,-0.08,0.4411,-0.5718,0.7958
0.3237,0.513,0.269,-0.3596,0.263,-0.4799,-0.3604,-0.1844,-0.0588,0.7458,0.199,0.2384,0.4485,-0.2563,0.5186
0.3959,0.3168,0.6472,-0.3605,-0.0301,-0.3263,-0.1498,-0.9301,-0.1929,0.0797,-0.1853,0.0431,0.4852,-0.2909,0.0121
0.5158,0.2278,0.0655,-0.1283,0.2525,-0.3513,0.0767,-0.4026,-0.3583,0.07,0.0879,0.2223,0.4692,0.072,-0.0281
0.4123,0.1814,-0.5878,-0.4915,0.5716,-0.4316,-0.1149,-0.5957,-0.8088,0.1358,0.0136,0.0908,0.5661,-0.3153,-0.1247
0.7304,-0.1491,-0.5171,-0.3688,0.4334,-0.6521,0.036,-0.1808,-0.359,0.2564,-0.3133,-0.2822,0.3879,-0.0518,-0.4711
0.8314,0.1998,-0.1333,-0.8266,0.2577,-0.962,-0.0297,-0.4798,0.0978,0.3757,-0.478,0.1516,0.7446,-0.3115,-0.3617
0.5214,-0.0215,0.0056,-0.4261,0.107,-0.5258,-0.2477,0.2364,-0.0402,0.1829,-0.3347,-0.1229,0.5145,-0.2008,-0.8182
0.773,-0.1172,0.4242,-0.7027,0.028,-0.6523,-0.7721,-0.3565,-0.3127,-0.2649,-0.2639,-0.1307,0.6506,-0.8359,-0.959
0.5296,0.0229,0.3686,-0.2684,-0.0385,-0.9771,-0.3665,-0.093,-0.3914,0.123,-0.1904,-0.2524,0.179,-0.9293,-0.758
0.4482,-0.1716,0.2518,-0.5379,0.1798,-0.8835,-0.7823,0.5551,-0.3942,-0.2236,-0.1988,-0.177,-0.0345,-0.6216,-0.7765
0.8869,-0.0585,0.9053,-0.6383,0.2305,-0.9839,-0.935,0.6481,-0.0601,-0.5275,-0.0226,-0.0047,-0.3653,-1.2888,-0.5202
0.7991,0.2664,1.2255,-0.525,0.5756,-0.9312,-0.3385,0.6554,-0.5271,-0.3091,0.0355,-0.1395,-0.3889,-1.275,-0.3815
0.6139,0.2747,1.1165,-0.4516,0.6633,-0.9975,-0.2222,0.4599,-0.6738,0.1121,0.2716,0.3554,-0.0539,-1.3051,-0.2727
0.4717,0.095,0.8925,-0.7612,0.7269,-0.9806,-0.3152,0.3601,-0.4164,0.6669,-0.0397,0.2099,0.1406,-1.1419,-0.5426
0.771,0.1582,1.3299,-0.566,0.5683,-0.7875,0.414,0.5736,-0.7694,0.3777,0.0791,0.0992,0.3489,-1.1307,-0.4077
0.5849,0.4578,1.1149,-0.6204,0.4872,-0.5891,0.1457,0.4683,-1.0213,0.6901,0.2259,0.0589,0.5336,-0.863,0.2221
0.4891,0.2699,1.3828,-0.8674,0.3612,-0.76,0.394,0.5033,-1.0414,0.5981,-0.0445,0.3322,0.0812,-0.601,0.458
0.2409,0.3737,1.0637,-0.7985,0.2935,-0.7287,0.1032,0.0154,-1.2809,0.5783,0.3964,0.5289,0.291,-0.2022,0.4562
0.5426,0.5036,0.68,-0.706,0.2566,-0.4509,0.1502,-0.2368,-1.113,0.179,0.332,0.4788,0.3493,-0.0119,0.6082
0.4428,0.57,-0.0459,-0.8794,0.2409,-0.7906,0.1442,-0.1153,-0.7862,0.8051,-0.2302,0.1642,0.5884,0.5305,0.3769
0.605,0.231,0.3701,-0.5294,0.1839,-0.8361,-0.2605,-0.3577,-0.4606,0.7839,-0.6149,-0.2207,0.7863,1.0622,-0.0067
0.9064,0.1338,-0.0835,-0.6866,0.0934,-1.1705,-0.1654,-0.4354,-0.0646,0.4032,-0.6011,-0.8615,0.8824,0.909,-0.3198
0.7311,0.2186,-0.046,-0.327,0.1439,-1.2023,-0.4709,-0.5858,-0.1218,0.5749,-0.6821,-0.7542,0.8265,0.5843,-0.2123
0.8514,-0.0507,0.1279,-0.3297,-0.0375,-1.1029,-0.4,-0.7601,-0.0003,0.2866,-0.6175,0.3612,0.7282,0.3618,-0.1514
0.6656,-0.1341,0.011,-0.2889,-0.1187,-0.8856,-0.3416,-0.359,-0.1602,0.4587,-0.4031,0.0363,0.4477,-0.1421,0.0341
0.835,-0.0118,0.0491,-0.2768,0.0619,-0.9058,-0.2721,0.049,-0.3913,0.4886,-0.5943,-0.3522,0.5151,0.0867,0.0859
0.7065,0.0286,-0.2557,-0.3633,0.1287,-1.1071,-0.2738,0.6345,-0.0466,-0.1506,-0.5324,-0.7631,0.3564,-0.0755,-0.1724
0.807,0.0493,0.063,-0.3824,0.2743,-1.2079,-0.5245,0.6374,-0.0582,-0.1835,-0.201,-0.4706,0.2572,-0.8234,-0.1015
0.7479,0.2073,0.5256,-0.5383,0.2972,-1.1674,-0.7127,0.6938,-0.56,0.3131,-0.4252,-0.2163,0.0295,-1.5565,-0.18
0.7712,0.1121,0.8421,-0.355,0.3347,-1.1211,-0.5385,1.0806,-0.2011,0.261,0.0287,-0.1086,-0.3686,-1.32,-0.1988
0.3465,0.2852,1.0462,-0.6733,0.4268,-0.9126,-0.3821,1.0663,-0.4133,-0.2092,-0.0645,-0.1042,-0.1473,-2.0455,-0.3276
0.2446,0.0983,1.3381,-0.7682,0.6277,-0.4973,-0.8588,1.7864,-0.6371,-0.2372,0.0083,0.2979,-0.0162,-1.3486,-0.0609
0.4581,0.0774,1.049,-0.7457,1.0662,-0.5257,-0.8716,1.0467,-1.819,-0.2153,0.0785,-0.0965,0.1161,-1.1891,-0.1329
0.794,0.258,1.138,-0.8467,1.0769,-0.5547,-0.3426,0.6315,-1.029,0.7774,0.082,-0.0552,0.184,-0.6877,-0.0867
0.7529,0.2744,0.7085,-0.6587,0.8912,-0.6918,-0.1323,0.0102,-1.5001,1.4747,0.0194,0.4851,0.8045,-0.4236,0.616
0.4739,0.4736,-0.0303,-0.8588,0.7182,-0.9847,0.0348,-0.2763,-1.2739,1.3141,-0.3303,0.7608,0.7398,0.1652,0.6202
0.6238,-0.2049,-0.2201,-0.2195,0.8231,-0.6796,-0.1923,-0.4338,-0.3862,1.0548,-0.7418,0.3689,0.7389,0.2887,0.7585
0.3843,-0.3434,-0.1957,-0.3394,0.75,-0.2014,-0.3767,-0.3297,-0.2495,1.5538,-0.7803,0.3767,0.7964,0.2441,0.8177
0.3333,-0.5126,-0.7374,-0.4424,0.5867,0.1062,-0.3299,-0.4168,-0.351,1.2207,-0.7934,0.0771,0.6071,0.2437,0.6766
0.3583,-0.5727,-1.0164,0.2921,0.6044,-0.1848,-0.3229,-0.8624,-0.4351,1.2762,-0.9072,0.1083,0.7885,0.6615,0.304
1.1752,-0.3982,-0.8407,-0.1011,0.1206,-0.2738,-0.7536,-0.8973,0.0469,1.2704,-0.7228,-0.3213,0.9378,0.6653,0.3844
0.635,-0.1399,-0.5662,-0.4344,0.2468,-0.2906,-0.6376,-1.2164,-0.031,0.9613,-1.0825,-0.6847,0.7164,0.461,-0.1579
0.6579,-0.3409,-1.5879,-0.6308,-0.1199,-0.2943,-0.627,-1.1144,0.1339,0.5468,-1.2475,-0.8053,0.8058,0.8899,-0.5364
0.5878,-0.5249,-1.1864,-0.3473,-0.1328,-0.3297,-0.7216,-1.2103,0.2673,0.7103,-1.3401,-0.6947,0.6635,0.8445,-0.865
0.5047,-0.3913,-1.0245,-0.6997,-0.3121,-0.4711,-0.6935,-0.7007,1.3334,-0.0993,-1.0674,-0.4446,0.7942,0.5734,-1.0715
0.6887,-0.3234,-0.4421,-0.3598,-0.2503,-0.5171,-0.1265,-0.5988,0.101,-0.3751,-1.087,-0.822,0.6926,0.4683,-1.3809
0.7486,-0.4793,-0.4415,-0.4421,-0.0215,-0.3411,-0.4411,-0.6507,0.1162,-0.2152,-0.9416,-0.8253,0.7663,0.6554,-1.3429
0.841,-0.164,-0.1199,-0.2713,0.0672,-0.5286,-0.2832,-0.7956,0.404,-0.2656,-0.6935,-0.4881,0.6438,0.6892,-1.0345
0.8879,-0.2233,0.5039,-0.7698,0.2542,-0.865,-0.2818,-0.4862,0.4751,-0.4692,-0.7669,0.0643,0.7443,-0.2305,-1.1403
0.9646,-0.0296,0.5311,-0.3742,0.2335,-0.5104,-0.347,-0.0673,-0.6476,-0.375,-0.2751,-0.3689,0.9035,-0.3137,-0.6294
1.0005,-0.1275,0.2363,-0.5015,0.4458,-0.9197,-0.3983,-0.6919,-0.3905,0.3626,-0.4371,-0.6336,1.1192,-0.4663,-0.5034
0.949,0.1176,0.3467,-0.4211,0.2856,-0.7939,-0.0813,-0.118,0.0061,0.7186,-0.0001,-0.8178,0.824,-0.0233,0.2603
0.6281,-0.0823,-0.1447,-0.2917,0.2823,-0.2877,-0.2898,-0.464,-0.3053,0.5371,-0.1067,-0.4326,0.8774,-0.1912,0.1601
0.8625,-0.1594,0.391,-0.8207,-0.0271,-0.8301,-0.2472,-0.615,-0.3425,0.1434,-0.4775,-0.1652,1.0296,-0.288,0.1486
1.1593,-0.2746,0.0818,-0.494,0.2361,-0.9299,-0.2256,-0.5139,-0.5406,0.5762,-0.3704,-0.7462,1.1545,0.2235,0.1206
0.9279,-0.2083,0.1693,-0.607,0.0826,-0.8249,-0.1219,-0.8967,-0.0792,0.3152,-0.0904,-0.7689,1.5212,0.2608,-0.0943
1.0797,0.0206,-0.4003,-0.4682,-0.0526,-1.0063,-0.3829,-1.3218,-0.0556,0.4631,-0.4477,-0.2453,1.6045,0.0753,-0.1033
0.5274,-0.3782,-1.0322,-0.706,-0.3749,-0.7119,-0.7717,-0.8645,0.4223,0.4635,-0.8935,-0.3597,1.3737,0.4278,-0.5177
0.6086,-0.457,-0.6623,-0.871,-0.4527,-0.6532,-0.7403,-1.1464,0.5346,0.0445,-0.8133,-0.6075,0.9173,0.5211,-0.9419
0.714,-0.2919,-1.1925,-0.5382,-0.2495,-0.3631,-0.7811,-1.2752,0.8039,-0.3267,-0.967,-0.7584,1.1694,0.5242,-1.1905
0.6799,-0.641,-1.1948,-0.6176,-0.4081,-0.7216,-0.8112,-0.6215,1.1493,-0.8825,-1.1104,-0.5784,1.0296,0.7742,-1.5414
0.716,-0.498,0.2357,-0.4825,-0.1695,-1.0777,-0.902,-0.4216,0.9565,-0.8628,-0.7684,-0.7676,0.7389,0.0117,-1.7687
0.6555,-0.2393,0.5871,-0.3897,-0.0723,-0.8298,-0.6773,-0.3346,0.4054,-0.6738,-0.3571,-0.4874,0.751,-0.4726,-1.2727
0.6558,-0.1092,0.1395,-0.4561,0.0474,-1.2018,-0.7324,-0.0374,0.0611,-0.4824,-0.2099,-0.3858,0.8068,-0.1398,-1.2634
0.6161,-0.1667,-0.052,-0.509,0.0126,-0.9511,-0.6514,0.1696,0.1677,-0.5306,-0.0995,-0.4276,0.8035,0.0749,-1.0588
0.5624,-0.1718,0.4557,-0.454,0.0404,-0.8626,-0.3916,-0.582,0.0721,-0.4288,-0.1548,-0.2822,0.686,-0.6024,-1.0518
1.005,0.0257,0.1792,-0.1806,0.1667,-1.1262,-0.4402,-0.5224,0.453,-0.6525,0.0751,-0.335,0.8328,-0.6338,-0.9217
0.9125,0.195,0.4046,-0.4283,0.334,-0.7941,-0.3582,-0.5858,0.1499,-0.306,-0.4156,-0.4025,1.0265,-0.9171,-0.4573
0.6113,0.0599,-0.5861,-0.2863,0.2415,-0.654,-0.544,0.0615,0.1827,-0.1042,-0.5148,-0.4753,1.3372,-1.2996,-0.6111
0.6401,0.0951,-0.5845,-0.4419,-0.0353,-0.2612,-0.4321,0.638,0.5826,-0.5884,-0.691,-0.6751,0.7583,-1.6029,-0.9365
0.7361,-0.0786,0.3469,-0.4307,-0.1076,-0.3068,-0.4166,0.7371,0.7483,-1.0289,-0.7606,-0.071,0.6122,-1.6936,-1.4919
0.7879,-0.1882,0.515,-0.32,0.2672,-0.6073,-0.6254,1.2836,0.3178,-1.4457,-0.007,-0.3946,0.4198,-1.7474,-1.2507
0.6763,0.0265,0.9963,-0.4844,0.4283,-0.5404,-0.8382,1.4396,0.646,-0.9734,-0.0169,0.054,0.3546,-1.9542,-1.1497
0.8186,0.1005,1.662,0.1438,0.5326,-0.3305,-0.7134,1.3922,-0.008,-1.1424,0.4321,0.3129,0.1345,-2.6839,-0.9783
0.4533,0.2025,1.267,-0.4959,0.66,-0.1661,-0.9519,1.6892,-0.2507,-0.6109,0.1876,0.3826,0.1657,-2.14,-0.9614
0.4596,0.2616,1.702,-0.415,0.7441,-0.2706,-0.8295,2.0038,-0.2466,-0.3907,0.1099,0.5056,-0.1797,-2.2197,-0.7563
0.9577,0.341,2.3445,-0.5356,0.5489,-0.5318,-0.8165,2.0964,-0.4871,-0.5702,0.1805,0.7023,-0.1361,-2.2312,-0.717
0.926,0.5692,2.5462,-0.5365,0.8029,-0.4693,-0.4032,1.8283,-0.4867,-0.7322,0.5587,0.6315,-0.2166,-2.6158,-0.3779
0.9513,0.4051,2.068,-0.7131,1.1582,-0.6896,-0.5043,1.5691,-0.8168,0.0191,0.6019,0.8953,0.0729,-2.4087,0.3621
0.3906,0.6305,1.6577,-0.6638,1.3229,-0.2365,-0.0855,1.4473,-0.8692,0.5155,0.2532,0.4608,0.0791,-1.7331,0.4041
0.5828,0.3574,1.5434,-0.1631,0.9474,-0.1554,-0.511,1.1591,-0.2901,-0.0051,0.4757,0.6655,0.2632,-2.1533,0.6029
0.5813,0.4757,1.4757,-0.403,0.7193,0.1093,-0.6984,0.8824,-0.6765,-0.1209,0.6547,1.0243,0.2993,-2.3977,0.4815
1.0361,0.5579,1.2409,-0.2514,0.8997,-0.1303,-0.4319,1.2837,-0.7468,0.2393,0.6359,1.3705,0.2599,-1.8991,0.4317
0.8747,0.7095,1.6736,-0.8614,0.5654,-0.2589,-0.4319,0.5439,-1.474,0.6928,-0.1307,1.2331,0.4457,-1.8661,0.4294
0.119,0.493,0.7746,-0.2243,0.3503,0.1271,-0.1821,0.6203,-1.3796,0.0417,0.2686,1.2558,0.6471,-1.6201,0.343
0.7111,0.5171,0.8621,-0.3464,0.3599,-0.0477,-0.6054,0.038,-0.6151,-0.5497,0.1516,1.5487,0.9343,-1.5517,0.1778
0.065,0.5852,0.3474,-0.6691,0.5064,-0.1856,-0.4358,0.1255,-0.2819,0.0968,-0.2356,0.8135,0.7701,-0.9153,0.2871
0.4704,0.1578,0.5165,-0.23,0.2891,-0.0689,0.0106,-0.2762,-0.2474,-0.1723,-0.2572,0.4437,1.1114,-1.06,0.0504
0.0523,0.2726,0.623,-0.527,0.1629,-0.172,-0.302,0.0077,0.2147,-0.0831,-0.6086,0.0262,1.2964,-0.7928,-0.0182
0.3976,-0.1488,0.8345,-0.6112,0.1133,-0.0111,-0.761,-0.5781,-0.2391,0.3231,-0.6215,-0.1178,1.3572,-1.4795,0.1955
0.2358,-0.0453,0.2553,-0.7775,0.1158,0.2596,-0.5273,-0.8459,-0.5045,0.8714,-0.6646,0.3464,1.5161,-0.5703,0.485
0.5253,-0.0717,0.1673,-0.0692,-0.02,-0.0555,-0.3813,-1.2553,-0.1383,0.3172,-0.5366,0.3332,1.747,0.4019,0.0002
0.4077,0.11,-0.0484,-0.0818,-0.3039,-0.1102,-0.9684,-1.5551,0.6055,0.0491,-0.3583,0.2147,1.6994,-0.2132,-0.2504
0.2367,0.195,-0.1028,-0.1235,-0.5688,-0.0868,-1.0165,-1.6346,0.3886,-0.621,-0.5069,-0.2144,1.3397,-0.5775,-0.9325
0.4939,0.3531,-0.4312,-0.6361,-0.3337,0.0777,-0.772,-1.2338,0.4333,-0.289,-0.8081,-0.4655,0.9786,-0.3808,-1.0799
0.5209,0.2296,-0.7349,-0.5027,-0.4741,-0.1375,-0.7128,-1.0159,0.6475,-0.588,-1.0841,-0.383,1.1236,-0.7012,-1.3719
0.7697,0.0876,-0.2914,-0.5233,-0.5987,-0.3595,-0.8327,-0.1629,1.441,-1.22,-1.4352,-0.2703,0.9284,-0.4174,-2.0395
0.9398,-0.0399,0.7855,-0.5342,-0.1755,-0.4105,-0.6811,0.3327,1.635,-1.0908,-1.2502,-0.4659,0.7329,-1.1934,-1.8688
0.9506,0.2095,0.9748,-0.3441,0.038,-0.5421,-0.4394,0.4243,1.1521,-0.6985,-0.6936,-0.4034,0.9509,-1.8522,-1.7567
0.8461,0.3523,1.0807,0.4069,0.2414,-0.3869,-0.5751,1.0283,0.915,-0.3677,-0.3127,0.1258,0.7704,-2.0407,-1.3882
0.8356,0.5286,1.1873,0.3271,0.2326,-0.604,-0.5189,1.3409,0.6643,-0.0943,0.2561,0.139,0.5494,-2.2251,-0.9361
0.5904,0.6396,1.5248,0.2782,0.1304,-0.6725,-0.0976,1.4703,0.2221,-0.198,0.4832,0.239,0.5329,-2.7385,-0.3559
0.5896,0.875,1.1251,0.1995,0.2148,-0.4472,-0.1818,1.1964,0.1723,-0.8947,0.3697,1.0381,0.5713,-2.6355,-0.1125
0.9417,0.817,0.9822,0.1691,-0.0197,-0.3836,-0.3739,1.1081,-0.1396,-0.9735,-0.0425,0.7677,0.4315,-2.5217,-0.5804
0.4255,0.8868,1.1783,0.0262,0.07,-0.4096,-0.472,1.5927,-0.3262,-0.7788,-0.1783,0.4059,0.4132,-2.7803,-0.84
0.6919,0.5313,1.9922,0.0737,0.4412,-0.3605,-0.2357,1.583,-0.9033,-0.8165,0.1149,0.3234,0.1002,-2.9607,-0.6515
0.3971,0.8025,2.0494,-0.5632,0.6712,-0.1572,-0.2783,1.1842,-0.9151,0.2292,0.4348,0.6844,0.1202,-2.1313,0.0297
0.6726,0.5779,2.1307,-0.5259,0.9553,-0.0834,-0.4673,0.5153,-0.8468,-0.2357,0.6508,1.1032,0.4615,-1.8393,0.0061
0.6419,0.9813,1.8388,-0.2777,0.7229,-0.1627,-0.7099,0.1165,-0.9532,0.7447,0.5397,1.2765,0.2896,-1.8509,0.3466
0.5116,0.7894,1.1615,-0.4535,0.608,-0.2571,-0.8281,0.1379,-0.4678,0.7078,0.7882,1.6208,0.621,-1.3962,0.6715
0.7001,0.902,0.9594,-0.5029,0.612,-0.3627,-0.985,-0.589,-1.1734,0.7125,0.4938,1.5557,0.842,-0.8406,0.3812
0.1597,0.683,0.1458,-0.6044,0.1339,0.0236,-0.3534,-1.1903,-1.1823,0.4096,-0.4053,1.1551,1.0995,-0.2913,0.133
0.633,0.2393,-0.3983,-0.4016,-0.3876,0.0691,-0.4096,-1.2975,-0.5908,0.5643,-0.4483,0.8625,1.2069,0.3956,0.1977
0.6444,-0.1712,-0.3444,-0.095,-0.4355,0.0794,-0.33,-1.7311,0.3837,-0.143,-0.7174,0.4762,1.8027,0.5643,-0.4319
0.7744,0.1937,-0.5646,-0.1611,-0.2202,-0.0436,-0.6327,-2.017,0.4484,-0.3077,-1.012,0.3259,1.9554,0.6127,-0.613
0.7951,-0.0042,-0.401,0.0157,-0.1848,-0.2389,-0.8564,-1.6355,1.3466,0.0205,-0.7353,-0.2709,1.8894,0.8449,-0.9404
0.9708,0.1266,0.0711,-0.3131,-0.2711,-0.2915,-0.8586,-2.1737,0.7007,-0.262,-0.8904,-0.2845,1.5938,0.19,-1.1463
0.7151,0.1439,-0.1208,-0.238,-0.2899,-0.6034,-0.9071,-1.772,0.2213,-0.1396,-0.9791,-0.2573,1.7869,0.1354,-1.3093
0.8475,0.1649,-0.1285,-0.1146,-0.223,-0.5648,-1.0229,-1.5558,0.2813,-0.3237,-1.0223,0.0384,1.7057,-0.4307,-1.5714
0.9528,-0.1252,-0.1405,-0.028,-0.2375,-0.5241,-0.7832,-0.9289,0.6144,-0.5492,-0.9203,0.1417,1.2424,-0.78,-1.5025
0.8683,-0.3234,-0.182,-0.0627,-0.19,-0.4352,-0.5509,-0.4391,0.7186,-0.4933,-0.771,-0.2879,1.0286,-1.1988,-1.591
0.9184,-0.2206,0.2246,0.102,-0.4516,-0.542,-0.5207,0.407,0.6563,-0.5578,-0.3772,-0.2663,0.8728,-1.5355,-1.8909
0.6824,-0.0388,1.6704,-0.0847,-0.3664,-0.4811,-0.7009,0.6389,0.3591,-0.8468,0.1057,-0.1731,0.8364,-1.6462,-0.936
0.3691,0.4332,1.709,-0.7284,0.2501,-0.1985,-1.0042,-0.0691,-0.6993,-0.7418,-0.2788,0.3865,0.8042,-1.589,-0.8603
0.4014,0.4622,0.7667,-0.7198,0.6126,-0.0987,-1.2023,0.2556,-0.514,-0.3141,-0.4128,0.4147,0.8126,-0.7669,-0.9658
0.7892,0.3158,1.0567,-0.501,0.2914,-0.302,-0.8568,-0.0339,-0.2656,-0.4501,-0.314,0.8674,0.7454,-1.297,-1.2499
1.024,0.4498,1.173,0.3184,0.4237,-0.4665,-1.0827,-0.4193,-0.2951,-0.3873,0.1327,0.7176,0.9364,-1.6597,-1.0476
1.0505,0.7157,0.9465,-0.6399,0.2622,-0.1814,-1.213,-0.5535,0.1764,-0.0077,-0.3296,0.3452,0.8906,-1.2025,-0.7286
0.7958,0.4876,0.2425,-0.2438,0.27,-0.2958,-0.8777,-0.2955,-0.0119,-0.4272,-0.1166,0.7294,0.666,-0.8837,-0.564
0.8948,0.5802,0.5802,-0.6399,0.1958,-0.427,-1.1373,-0.2448,0.6184,-0.3819,-0.1659,0.5155,0.7047,-1.3631,-0.6174
0.5454,0.5862,1.1402,-0.537,0.2474,-0.2651,-0.9555,0.0722,0.2856,-0.1732,-0.5807,0.4788,0.5489,-1.7599,-0.7354
0.6308,0.1709,0.5642,-0.5817,0.0533,-0.1624,-1.3442,0.6642,0.0075,-0.7321,-0.8035,0.1207,0.6782,-1.4799,-1.2639
0.4644,0.025,0.8515,-0.4597,0.0071,-0.0702,-1.2722,0.5997,0.1729,-1.403,-0.5417,0.596,0.3476,-2.122,-1.3686
0.982,0.0441,1.6881,-0.0772,0.3519,-0.2012,-1.2783,0.8537,0.3792,-1.6002,0.0682,0.139,0.4747,-2.2019,-1.1332
0.9039,0.502,1.7253,-0.0185,0.3765,-0.3845,-1.3159,0.5769,-0.7368,-1.4936,0.3145,0.7095,0.5831,-2.2543,-1.6055
1.2425,0.7787,2.1658,-0.174,0.6867,-0.5078,-0.7425,0.4033,-0.8375,-0.4974,0.2821,0.9016,0.4692,-2.4645,-1.0824
1.088,0.7903,1.5983,-1.0379,0.5205,-0.4856,-0.6039,0.5608,-0.8571,-0.4938,-0.0758,0.6737,0.6903,-2.3666,-0.5352
0.8752,0.9674,1.5506,-0.5159,0.5044,-0.6153,-1.0509,1.4059,-0.021,-0.1958,-0.048,0.4494,0.5255,-2.1465,-0.1021
0.8023,0.6665,2.4058,-0.6033,0.6519,-0.6071,-0.7878,1.041,-0.2845,-0.5875,0.4087,0.7543,0.4884,-2.7502,0.1302
0.8265,0.6346,2.0515,-0.4647,0.9691,-0.371,-0.944,1.1135,-0.3096,-0.5534,0.2532,1.061,0.6108,-3.1189,-0.2829
0.3938,0.8866,1.5123,-0.6192,1.1635,-0.4191,-0.8611,1.6995,-0.2145,-0.3128,-0.0065,0.357,0.3467,-3.1006,-0.4343
0.7318,0.5811,1.986,0.1119,0.9763,-0.1276,-0.4787,2.1449,0.3161,-0.1105,0.3256,0.8627,0.2935,-3.1801,0.0104
0.5987,0.9801,2.4277,-0.152,0.7699,-0.1529,-0.6675,1.8197,-0.7379,0.1589,0.5809,0.9539,0.6028,-4.0106,1.0116
0.6392,0.9506,2.7392,0.0678,0.7249,0.1073,-0.4001,2.0023,-0.923,0.1815,1.0032,1.4654,0.6777,-3.811,1.1209
0.5595,1.1194,2.1819,-0.4117,0.7282,0.3313,-0.5868,1.7571,-0.9117,0.3614,1.0422,1.5822,0.8105,-3.309,1.361
0.2758,1.006,1.5916,-0.2731,0.7829,0.5059,-0.3917,0.7896,-1.3885,0.4876,0.7598,1.7136,0.9559,-3.0335,1.0363
0.7203,0.6212,0.7329,-0.2837,0.5351,0.211,-0.1286,0.7057,-1.2429,0.3697,0.4648,2.0568,1.1921,-2.1164,1.0993
0.9337,0.718,1.2849,-0.3432,0.2019,0.1031,0.1753,0.6485,-0.298,0.0757,0.1459,1.7025,1.3793,-1.7572,1.0775
0.8308,0.9821,1.5523,-0.6937,0.0991,-0.0929,0.1943,0.1246,-0.7546,-0.0193,-0.1821,0.8833,1.5164,-1.9618,0.6795
0.6806,0.7688,0.7113,-0.5821,0.3354,-0.3779,-0.2168,0.4593,-0.9541,0.5855,-0.3638,0.9155,1.5991,-1.7335,0.4797
0.6699,0.5973,1.3118,-0.2759,0.2248,-0.6152,-0.2841,0.6283,-0.375,0.0819,-0.4205,0.7805,1.5029,-1.7456,0.4354
0.2756,0.4632,1.3424,-0.1771,0.43,-0.3804,-0.702,0.184,-0.7413,0.1882,-0.2544,0.5972,1.2599,-1.9253,0.2554
0.3681,0.3745,0.4358,-0.0184,0.3142,0.3529,-0.5975,-0.1939,-0.6877,0.23,-0.0886,0.8351,1.4736,-1.2315,0.2649
0.4425,-0.0073,0.5716,-0.1125,0.1178,0.095,-0.6751,-1.0217,-0.5997,0.3682,-0.173,1.0069,1.6765,-0.9032,0.1621
0.6671,0.4493,-0.5604,0.0741,0.124,-0.19,-0.8943,-0.9893,-0.5538,0.419,-0.1292,0.9397,1.839,-0.7585,0.1224
0.6443,0.4343,-0.0597,-0.0154,-0.0203,-0.3211,-1.1502,-1.1535,-0.2301,0.6114,-0.5923,0.8017,1.6583,-0.4366,-0.0051
0.5829,0.3626,-0.7969,-0.5354,-0.2597,-0.4358,-0.8889,-0.6056,0.5643,0.4644,-1.3086,0.3074,1.8591,-0.3047,-0.0449
0.6231,-0.0585,0.174,0.0142,-0.5976,-0.2161,-1.0304,-0.0365,0.7667,-0.4089,-1.1887,0.0523,1.465,-0.3028,-0.7259
0.4311,-0.398,0.7418,0.1006,-0.4577,0.0541,-1.1321,-0.0295,0.679,-1.0034,-0.7412,-0.1162,1.3797,-0.7134,-1.38
0.6083,-0.2311,0.9334,0.3004,0.1081,0.0925,-1.069,-0.2662,0.1033,-0.7801,0.0243,-0.1143,1.7449,-1.476,-1.1106
0.6703,0.0762,0.966,0.6952,0.223,0.1028,-1.0298,-0.7275,-0.2503,-0.0188,0.566,-0.1799,1.8826,-1.6225,-0.7556
0.9,0.3683,0.0024,-0.1945,0.2164,-0.1192,-1.0085,-1.4131,0.1349,-0.1367,-0.0511,0.6219,1.8821,-1.0804,-0.6879
0.6942,0.1937,-0.6982,-0.543,0.0467,0.056,-1.0524,-1.4147,0.4623,-0.0571,-0.5505,0.465,1.8902,-0.6944,-0.5367
0.7103,-0.0476,-1.4145,0.3521,-0.3387,-0.1477,-0.8917,-1.3901,0.5485,-0.5296,-1.0948,0.3817,2.1526,-0.4671,-1.0111
0.698,-0.009,-0.9194,0.2969,-0.4635,0.0035,-1.1989,-1.1974,1.5792,-0.904,-0.9106,-0.2542,1.8525,-0.6168,-0.9458
1.1869,-0.0792,-0.7406,0.0385,-0.5458,-0.0844,-1.1266,-0.9025,2.0293,-1.1515,-1.3334,0.2192,1.8102,-0.9518,-1.5446
1.1219,0.0277,0.2268,0.1017,-0.5006,-0.3799,-1.0635,0.0725,1.8017,-1.3725,-0.9273,0.0777,1.8991,-1.0946,-2.001
0.6151,0.1804,1.3708,0.1653,-0.2257,0.0014,-0.8171,0.2212,1.3512,-1.5429,-0.3901,-0.2865,1.5363,-1.1682,-1.8189
0.8664,0.5325,1.279,-0.1969,0.3235,0.2398,-1.1352,-0.0134,-0.2443,-0.7371,-0.1808,0.2295,1.5508,-1.7086,-1.0787
1.0766,0.5193,0.8421,-0.3045,0.1363,-0.042,-1.132,-0.7526,-0.5257,-0.4507,-0.3454,0.3586,1.8123,-1.5741,-1.0082
1.0676,0.5202,0.6559,-0.2197,0.1135,-0.3045,-0.4919,-0.2552,0.2524,-0.4285,-0.5252,-0.0507,1.9085,-1.0613,-0.7336
0.4904,0.2654,0.3389,-0.1436,0.0243,-0.1468,-0.5338,-0.4875,0.5023,-0.2717,-0.6036,0.6313,2.0449,-1.4404,-0.3735
0.8367,0.2349,0.1442,0.055,-0.0859,-0.1201,-0.6645,0.0837,0.2875,-0.6705,-0.4441,0.841,2.0141,-1.3487,-0.7638
0.8152,-0.0502,0.6404,0.5154,0.0666,0.0917,-0.549,-0.2531,0.0543,-0.0697,-0.5681,0.6499,1.8682,-0.8467,-0.2623
0.5837,0.3752,0.8109,0.322,-0.3354,-0.0284,-1.0109,-0.4516,0.1207,-0.187,-0.3972,0.7375,1.8811,-1.1097,-0.4482
1.0118,0.3049,1.1188,0.1972,-0.2891,0.1521,-1.0082,-0.3517,0.4691,-0.6558,-0.0159,0.6627,2.0376,-0.7591,-0.7357
1.3492,0.5281,1.2087,0.2948,-0.1571,-0.1173,-1.2363,-0.7396,-0.0514,-0.7428,-0.0165,0.455,1.7803,-1.0582,-0.9037
0.8343,0.4632,0.6889,0.3276,-0.0986,-0.2675,-0.8802,-0.5775,-0.2593,-0.7062,-0.2854,0.4807,1.696,-0.6223,-0.7868
0.8212,0.2725,0.1512,0.3641,-0.0317,-0.5064,-1.0227,-0.915,0.1816,-1.1301,-0.3389,0.6682,1.9825,-0.5836,-1.3536
0.9775,0.3828,-0.2195,0.4549,0.0019,-0.2774,-0.8873,-0.9005,0.6427,-0.9287,-0.6423,0.2508,1.8675,-0.5472,-1.549
0.6776,0.0228,-0.3981,0.5801,0.1597,-0.2429,-0.7263,-0.5821,0.5749,-0.5013,-0.7163,0.1597,1.8806,-1.0474,-1.5704
1.042,0.0104,0.1483,-0.0281,-0.0985,-0.0521,-0.672,-0.0616,1.1595,-0.9217,-0.6897,0.142,1.541,-1.7254,-1.6843
1.4408,0.0999,0.6993,0.4698,-0.1472,-0.1439,-0.4707,0.6512,1.2605,-0.5774,-0.3748,1.0234,1.4024,-1.3767,-1.3684
0.8899,0.3623,2.1762,0.2512,0.259,-0.242,-0.4535,0.6832,0.683,-0.3602,0.2601,0.8832,1.3727,-1.8894,-1.1404
1.1225,0.5531,2.0426,0.0359,0.3092,-0.5673,-0.6657,0.5863,0.1578,-0.3212,0.2877,1.0589,1.2822,-2.379,-0.8355
1.0129,0.5805,1.5658,0.584,0.5931,-0.5038,-0.4471,0.8549,-0.3858,0.4665,0.4675,1.384,1.486,-1.5819,-0.5233
1.2148,0.4936,1.8133,0.5819,0.3086,-0.3599,-0.649,0.1527,-0.7458,0.0767,0.6927,0.9761,1.5498,-1.283,-0.1049
0.7851,1.159,1.2766,0.3809,0.4795,-0.3925,-0.4824,0.0174,-0.9138,0.6852,0.5044,1.1232,1.623,-0.5905,0.0615
1.082,0.8685,0.8561,0.0609,0.3408,-0.2861,-0.3851,-0.5852,-0.3697,-0.0606,0.0519,1.4414,1.9237,-0.9831,0.0583
1.138,0.6915,0.6884,0.1776,0.3312,-0.3782,-0.1874,-0.3725,-0.3107,0.6543,-0.1385,1.6744,2.0053,-0.7843,-0.3327
1.0804,0.6936,0.0765,0.0872,0.3727,-0.1724,-0.4043,-0.8354,-0.7274,1.0311,-0.742,0.8683,2.1414,-0.6407,-0.1872
0.9265,0.7317,-0.0082,-0.0799,-0.0831,0.0598,-0.8671,-0.8532,0.043,0.6332,-1.2342,1.065,2.1534,-0.3328,-0.2738
1.0921,0.283,-0.3399,0.4778,-0.3116,0.0481,-0.6732,-1.1346,0.2896,-0.4154,-1.0583,0.5324,2.0398,0.5669,-1.2053
0.9949,0.2216,-0.1127,0.0412,-0.1526,0.1463,-0.5858,-1.7905,0.2994,-0.1744,-1.0439,0.4345,2.3946,0.5123,-1.2249
1.0787,0.2291,-0.5309,0.0048,0.007,0.1463,-0.7268,-2.1165,0.3095,0.1597,-1.2869,0.7529,2.7782,0.6545,-1.5486
1.4021,0.1168,-0.5016,-0.035,-0.4115,-0.0666,-0.7804,-2.2379,0.9358,-0.4402,-1.4813,0.2192,2.7359,0.3696,-1.5252
0.7682,0.2976,-0.9781,0.2458,-0.3819,0.0485,-0.8374,-2.0097,0.7028,-0.0639,-1.3947,-0.3017,2.2891,0.6366,-1.6691
0.9945,-0.144,-1.4953,0.1399,-0.5298,-0.0531,-0.5578,-1.8157,1.3104,-0.606,-1.6948,-0.3032,2.4815,0.8132,-1.8428
1.4613,-0.4392,-0.6159,0.1417,-0.9011,-0.0751,-0.5507,-1.9954,1.6259,-0.8979,-1.8189,-0.1672,2.4872,0.172,-2.0215
1.4892,-0.3503,-0.7029,0.0043,-1.0275,-0.1376,-0.5193,-1.2926,1.7683,-0.443,-2.0103,-0.2042,2.2831,0.5439,-2.1987
1.2478,-0.4317,-0.4245,-0.4748,-0.7354,-0.0158,-0.5592,-1.3475,1.6859,-0.4417,-1.9346,-0.3817,2.191,0.5117,-2.2221
1.0643,-0.3672,-0.2169,0.1148,-0.7294,-0.0038,-0.4635,-1.2823,1.1777,-0.8646,-1.577,-1.0502,1.9915,-0.2095,-2.3155
1.7918,-0.4381,0.1633,0.4423,-0.7252,-0.2064,-0.3182,-0.49,1.5334,-1.4345,-0.8617,-0.8233,1.8888,-0.9002,-2.3107
1.5344,0.0272,0.6591,0.531,-0.6282,-0.4513,-0.4525,-0.1811,0.868,-0.6621,-0.3665,-0.1772,2.0572,-0.5756,-1.9507
1.5372,0.21,0.6814,0.3011,-0.462,-0.3347,-0.4243,-0.5923,0.4228,-1.1914,-0.6859,0.481,2.01,-0.6906,-1.8765
1.5423,0.0262,0.7285,0.29,-0.3377,-0.1899,-0.796,-0.4985,-0.3109,-0.473,-0.7387,0.512,1.7418,-0.691,-1.6353
1.4387,0.1531,0.5708,0.2819,-0.3162,-0.3526,-0.7009,-0.0659,0.4078,-0.3052,-0.5881,1.0275,1.5511,-0.2876,-1.2912
1.6492,0.0364,0.5659,0.3567,-0.1082,-0.2674,-0.3833,-0.5308,0.2509,-0.1991,-0.3731,0.8075,1.4345,-0.9448,-1.305
1.4884,0.2337,0.6291,0.1365,-0.2716,-0.2189,-0.2979,-0.1952,0.6981,-0.2301,-0.6413,0.7811,1.4839,-0.9658,-1.114
1.7288,0.0068,0.8591,0.5237,-0.14,-0.0904,-0.1593,-0.6275,0.015,-0.4105,-0.4554,0.593,1.7388,-1.4658,-0.7794
1.3384,0.2539,0.7601,0.1103,0.2408,-0.1685,-0.3715,-0.3123,0.3388,-0.1718,-0.6867,0.8863,1.4578,-1.1626,-0.8992
1.5157,0.065,1.0118,-0.0169,0.1626,-0.3051,-0.5809,-0.1081,-0.2786,0.509,-0.7684,0.5973,1.3062,-1.0659,-0.4393
1.4757,0.1959,1.2337,-0.057,-0.1017,-0.4399,-0.389,0.248,0.3791,0.2885,-0.4594,0.8857,1.1659,-1.0365,-0.5074
1.7622,0.3352,1.4086,-0.0575,0.0685,-0.481,-0.1792,0.1941,0.0347,-0.2897,-0.1491,1.2094,1.4792,-0.8395,-0.4611
1.4407,0.5411,1.1435,0.2411,-0.0339,-0.1145,-0.4944,-0.6348,-0.9286,-0.2229,0.062,1.0226,1.7443,-1.085,-0.2131
1.3876,0.5568,0.7722,0.0337,-0.0377,-0.1598,0.0771,-1.0464,-0.5746,-0.4571,-0.0561,1.4308,1.95,-0.8072,0.0951
1.2532,0.1763,0.7997,-0.0034,-0.1624,0.0106,-0.0484,-1.6047,-0.8681,0.2295,-0.5903,1.4216,2.2399,-0.2233,0.2716
1.6366,-0.2272,0.3952,0.2054,-0.0739,0.1113,-0.1329,-2.0534,-0.2865,0.3459,-0.4166,1.1785,2.2303,0.5372,0.1735
1.5286,-0.0383,0.0531,0.0055,-0.3074,-0.0565,-0.1559,-2.3881,-0.4779,0.7197,-0.808,1.0162,2.4215,0.2581,0.0014
1.9456,-0.1271,-0.5187,0.329,-0.5841,-0.038,-0.2695,-2.504,0.2585,0.1895,-1.315,1.331,2.4512,0.2358,-0.3397
1.675,-0.3128,-0.9411,0.5215,-0.9852,0.0594,-0.1678,-2.2928,0.3456,0.2361,-1.5472,0.6153,2.4061,0.8713,-0.8706
1.8785,-0.3194,-0.4849,0.1976,-1.0461,-0.1805,-0.5822,-2.141,1.1424,-0.1894,-1.9178,-0.347,2.6968,1.0632,-1.3146
1.8881,-0.5141,-0.2536,0.455,-1.0292,-0.3319,-0.5713,-1.702,1.48,-0.0046,-1.3722,0.2989,2.4877,0.9303,-1.4418
2.0889,-0.1446,-0.1179,0.0023,-0.9497,-0.7799,-0.8214,-1.6993,0.8663,-0.7576,-1.5498,0.1695,2.1031,0.1693,-1.5417
2.2112,-0.2811,0.0667,0.2671,-0.8872,-0.9038,-0.6236,-1.6428,0.7681,-1.0908,-0.9395,-0.2816,2.0788,0.0679,-1.529
1.4891,-0.3414,0.5506,0.6983,-0.5975,-0.5046,-0.7145,-1.014,0.8123,-0.4223,-0.6491,-0.0019,1.8991,0.2157,-1.6429
2.0604,-0.3836,0.7089,0.8177,-0.5366,-0.4826,-0.7634,-0.9613,0.0204,-0.5418,-0.6125,0.6062,1.549,-0.4487,-2.0657
2.1487,0.0201,0.8488,0.2915,-0.4492,-0.5947,-0.3992,-0.5675,0.1862,-0.049,-0.4921,0.9987,1.4543,-0.1739,-1.5784
1.6821,0.3486,0.8902,-0.1213,-0.455,-0.1387,-0.8939,-0.5822,0.4424,-0.7029,-0.4972,0.7016,1.6461,-0.6084,-1.6079
2.2394,0.2183,0.7816,0.4348,-0.2784,-0.3896,-0.9296,-0.1831,0.1956,-1.3648,-0.3624,0.9713,1.3249,-1.3023,-1.6968
2.4538,0.1411,1.0861,0.237,-0.1811,-0.3172,-0.8038,0.0519,0.3699,-0.8315,-0.193,1.1972,0.9905,-1.3556,-1.798
2.1248,0.2702,1.2122,-0.0286,-0.3188,-0.1786,-0.4501,-0.2715,0.198,-0.3663,-0.5177,1.5052,1.0199,-1.025,-1.7004
2.2553,0.09,1.2803,-0.3797,-0.0052,-0.625,-0.488,-0.1904,0.5593,-0.7266,-0.7318,1.5181,1.098,-0.9661,-1.9676
2.2588,0.3043,1.715,-0.0132,-0.0062,-0.4972,-0.3472,-0.4896,0.1896,-0.5475,-0.3212,1.389,1.2699,-1.0113,-1.8191
1.8138,0.2526,1.753,-0.4627,0.3549,-0.3117,-0.2569,-0.2336,-0.4707,0.0547,-0.3251,1.1901,1.2799,-0.8562,-0.9923
1.8144,0.075,1.7073,-0.218,0.1992,0.2794,-0.457,-0.5375,-0.9588,-0.2625,0.0517,1.278,1.3917,-0.9567,-0.8961
1.7872,0.1824,1.3702,-0.1228,0.0626,0.1571,-0.6148,-1.222,-1.0615,0.7718,-0.1788,1.5592,1.7549,-0.7236,-0.5233
2.1344,0.2152,0.7638,0.0326,0.2536,0.0877,-0.5446,-1.6327,-0.7939,1.2035,-0.0959,1.4324,2.0929,0.0325,-0.442
1.5206,0.2584,-0.1998,0.3507,-0.3563,0.1595,-0.302,-2.1435,-0.2382,0.6316,-0.1748,1.883,2.0964,-0.1496,-0.6582
1.8355,-0.0171,-0.454,0.2315,-0.7904,0.3252,-0.547,-1.9075,-0.2003,-0.6708,-0.966,1.7651,2.0561,-0.3028,-1.0881
1.7542,-0.4039,-0.3921,0.3096,-0.6849,0.1105,-0.3975,-1.5611,0.3665,-0.3859,-1.0224,1.5894,1.9534,-0.2476,-1.6527
1.6532,-0.2045,-0.5016,0.0006,-0.7556,-0.0081,-0.1755,-1.2721,0.3479,0.0882,-1.3724,0.9589,1.839,-0.1479,-1.6256
1.6988,-0.5785,0.1749,0.6007,-1.1252,-0.2107,-0.2778,-1.1742,0.5901,-1.276,-0.7955,0.2962,1.8153,0.0453,-2.1845
2.2018,-0.1645,0.4083,0.8131,-0.863,-0.1549,-0.2814,-1.5201,0.3328,-1.1622,-0.6862,0.4832,1.767,-0.6347,-2.1932
1.3528,-0.0114,0.0814,0.4554,-0.3986,0.0079,-0.4595,-1.2669,0.0564,-0.6035,-0.5195,0.3083,1.8456,-0.4035,-1.5423
1.7645,-0.1846,0.1696,0.4894,-0.4883,0.1582,-0.218,-1.7185,0.1332,-0.7553,-0.9274,0.7034,1.8415,-0.5204,-2.0195
2.091,-0.2158,-0.4249,0.4195,-0.5278,0.2736,-0.2194,-1.4026,-0.0656,-0.3983,-0.9259,1.2252,2.1462,-0.1171,-1.8301
2.0658,-0.0172,0.0016,0.332,-0.7227,-0.0017,-0.2708,-1.1223,0.3592,-0.4303,-0.8901,0.8778,1.8718,0.0245,-1.8895
2.0414,-0.0531,0.9237,0.2645,-0.6977,-0.011,-0.499,-0.681,0.4767,-0.6815,-1.3662,0.7528,1.6793,-0.0884,-2.072
2.0844,-0.2922,0.8277,0.1568,-0.5642,0.0507,-0.5109,-0.284,0.4849,-1.1701,-0.5855,0.4301,1.5718,-1.1817,-2.4863
2.2325,0.0146,1.287,0.0133,-0.2458,-0.2315,-0.6222,-0.4891,-0.0923,-0.1758,-0.6066,0.7256,1.3637,-1.4335,-2.6458
1.9955,-0.0955,0.868,0.3617,-0.1528,-0.0745,-0.2679,-0.4826,-0.1047,-0.3317,-0.2996,0.9855,1.3723,-1.2763,-2.1584
2.0022,0.0339,1.0076,0.8638,-0.2646,-0.0966,-0.3581,-0.6082,-0.5813,-0.1431,-0.0583,0.9341,1.1595,-1.2305,-1.4346
1.972,0.001,1.0411,0.5092,-0.4434,-0.0181,0.2015,-0.9784,-0.9881,-0.4423,-0.4332,1.2063,1.4575,-1.0482,-1.4524
1.8037,-0.097,0.2836,0.479,-0.4082,0.0992,0.1877,-0.5615,-1.1424,0.1772,-0.3206,1.0936,1.8417,-0.8255,-1.1552
1.5597,-0.1767,0.2653,0.393,-0.4419,0.4244,0.2934,-0.8637,0.1848,-0.2133,-0.3947,0.6867,2.2085,-0.7394,-1.2723
1.747,-0.2435,0.3516,-0.0615,-0.8247,0.4302,-0.2065,-1.0637,-0.2289,-0.549,-1.0622,0.5355,2.2179,-1.2342,-1.5025
1.9797,-0.4952,0.4002,0.2313,-0.6543,0.5217,0.3014,-1.0171,0.4659,-0.9592,-0.8488,0.2018,2.2115,-0.6441,-2.0199
1.72,-0.5549,0.0994,0.3842,-0.6577,0.798,0.2929,-1.2973,0.3944,-1.0795,-0.5854,0.2628,2.3718,-1.174,-2.3774
1.8164,-0.7114,0.1599,0.5979,-0.8081,0.6283,0.222,-1.5344,-0.1445,-0.8329,-0.9162,0.5832,2.4746,-0.8505,-2.4176
2.0988,-0.664,0.2936,0.4064,-0.9106,0.9158,0.1867,-1.6601,0.3461,-1.1549,-1.1726,0.4054,2.6357,-0.6559,-2.586
2.2062,-0.4121,0.1182,0.4666,-0.8082,0.8406,-0.2096,-0.8931,0.3751,-0.8572,-1.3285,0.7999,2.3798,-0.5288,-2.5996
2.1709,-0.5592,0.4795,0.6593,-0.8544,0.3768,-0.1825,-0.8073,0.1818,-0.9111,-1.1014,1.018,2.1277,-0.8402,-3.1885
2.2557,-0.4289,0.6618,0.3257,-0.753,0.313,-0.3959,-0.7132,0.0547,-0.7306,-0.637,0.5155,2.0741,-0.8015,-2.8755
2.0864,-0.4157,0.198,0.7335,-0.9319,0.416,-0.8799,-0.924,-0.0032,-1.0227,-0.4265,0.9475,2.0219,-0.9977,-2.7598
2.2978,-0.4353,0.4668,0.8208,-0.6802,0.382,-0.1917,-0.9582,0.4337,-1.3729,-0.6733,0.9276,1.8577,-1.3296,-2.9357
2.0077,-0.4431,0.357,0.9012,-0.4239,0.3446,-0.0136,-0.4843,0.1611,-0.7968,-0.6954,1.5048,1.9749,-1.5808,-2.9526
2.1668,-0.5159,0.5692,0.6658,-0.3934,0.5246,-0.0786,-0.3731,-0.1242,-0.7875,-0.4982,1.2256,1.9873,-1.6348,-2.6494
2.1306,-0.5008,1.4486,0.304,-0.2309,0.102,-0.0684,-0.239,-0.4998,-0.3943,-0.3058,0.9931,1.9064,-1.1586,-2.2515
2.4922,-0.4722,1.3588,0.2911,-0.2624,0.0748,-0.0837,0.016,-0.3639,0.0,-0.557,1.0131,1.8722,-0.9835,-2.0216
2.5485,-0.3521,1.848,0.4873,-0.6301,-0.2743,-0.0556,0.0291,-0.4045,-0.1556,-0.4278,1.1904,1.8325,-1.073,-1.8294
2.4035,-0.295,2.3307,0.4509,-0.5973,-0.2463,-0.3202,0.2167,-0.642,-0.0142,-0.0056,1.3843,1.8049,-1.0491,-1.9728
1.9404,-0.3749,1.4313,0.3181,-0.6159,0.3924,-0.4901,-0.5876,-1.3418,-0.2548,-0.2107,1.7809,1.7987,-0.9346,-1.7264
2.2479,-0.5157,0.8625,0.1424,-0.2489,0.5538,-0.3927,-0.4247,-0.8841,-0.3242,-0.603,1.4021,1.6461,-0.9911,-1.7653
2.3123,-0.7796,1.3706,0.0453,-0.4526,0.6028,-0.4762,-0.3187,-0.0439,0.1803,-0.5239,1.2025,1.8403,-0.6246,-1.5057
2.0507,-0.7945,1.4811,0.5042,-0.46,0.4401,-0.4934,-1.1067,-0.2941,-0.0726,-0.3906,1.9132,2.0343,-0.9188,-1.6111
1.934,-0.5242,0.479,0.5033,-0.7115,0.4031,-0.1249,-0.8521,-0.2372,-0.2766,-0.2139,1.3576,1.9819,-0.6755,-1.722
2.2637,-0.7449,0.549,0.4676,-0.801,0.2238,-0.03,-1.1052,-0.1277,-0.7744,-0.5466,1.7975,1.9303,-0.5389,-2.0734
2.3057,-0.7833,1.0196,0.2848,-0.7513,0.1526,-0.1875,-1.1137,-0.6011,-0.0836,-0.6545,1.5703,2.1292,-0.8172,-1.8172
2.3651,-0.8613,0.9448,0.1779,-0.6453,0.4156,-0.3368,-1.0634,-0.3847,-0.3656,-0.863,1.808,2.3498,-0.3847,-2.065
2.4802,-0.7722,0.9276,0.6401,-0.5364,0.3182,-0.1323,-0.7195,0.1836,-0.3132,-0.6309,1.7373,1.9333,-0.66,-1.8752
2.2727,-0.6993,0.9019,0.8273,-0.7305,0.4068,-0.0431,-1.0583,0.0188,-0.007,-0.2668,1.7759,1.9984,-0.8556,-1.7767
2.2361,-0.3809,0.7641,1.0251,-0.6778,0.5638,0.2632,-1.1898,-0.5147,0.0093,-0.2838,1.7555,2.1216,-0.6674,-1.6967
2.1592,-0.4313,0.8282,0.6736,-0.757,0.4733,0.3227,-1.017,-0.48,-0.1373,-0.0685,1.6682,2.0625,-0.8358,-1.3339
2.1455,-0.5254,0.3855,0.5501,-0.5931,0.7673,0.349,-1.3387,0.1298,-0.1923,-0.4248,1.5274,2.5784,-1.1576,-1.4002
2.183,-0.6344,0.1582,0.2802,-0.7363,0.7181,0.0891,-1.6561,-0.5117,0.7284,-0.7741,0.9728,2.7037,-0.9852,-1.1967
2.5747,-0.7533,-0.105,0.5735,-0.8558,0.5403,0.6559,-1.0976,0.0219,0.5558,-0.7408,0.9157,2.365,-0.7937,-1.3688
2.046,-0.5876,0.2735,-0.2465,-0.9037,0.6383,0.043,-0.9848,0.2828,0.2227,-0.9851,1.4547,2.5675,-0.9669,-1.2463
1.7326,-0.773,-0.0289,-0.0116,-0.8362,1.1675,-0.1519,-1.4997,0.2913,-0.2773,-0.974,1.3597,2.4564,-1.0833,-1.6733
2.0893,-1.0616,-0.0512,0.31,-0.9971,0.9654,-0.278,-1.0911,-0.0747,-0.888,-0.9549,1.562,1.99,-1.0694,-1.7655
1.9896,-0.975,0.0481,0.1817,-1.0185,0.7789,0.0799,-0.7881,0.3144,-1.5866,-1.1309,0.9353,1.8844,-1.0049,-2.5964
1.9817,-0.7768,0.4675,0.4217,-0.6448,0.8781,-0.2048,-0.9218,0.4062,-1.1235,-0.8013,1.0019,2.2093,-1.3895,-2.6528
2.1032,-0.8892,0.4399,0.4222,-0.747,0.7236,-0.3967,-0.8281,0.2152,-1.0352,-0.9943,1.1394,1.9741,-1.1798,-2.7095
2.2315,-0.8335,1.1996,0.1664,-0.5307,0.6244,-0.3245,-0.0718,0.4548,-1.0011,-0.7612,1.1162,1.7663,-0.8616,-2.4326
2.1789,-0.7227,1.6402,0.4503,-0.3054,0.6004,-0.3733,-0.1906,-0.6639,-0.4165,-0.108,1.5883,1.7666,-1.2469,-2.4099
2.2458,-0.4428,1.9327,0.3532,-0.5092,0.5523,-0.2729,-0.1864,-1.0524,-0.9114,0.0402,1.6071,1.6109,-1.7399,-2.212
2.3356,-0.291,1.4057,0.3599,-0.1554,0.7122,-0.1727,0.2005,-1.2296,-1.0099,0.1316,1.6916,1.6408,-1.4978,-2.0837
2.0896,0.0467,1.3182,0.0354,-0.1164,0.6357,0.2856,-0.0596,-1.4933,-0.2835,-0.4234,1.9403,1.779,-1.4444,-2.3887
2.2969,-0.2707,1.382,0.1808,-0.2579,0.4061,0.0776,0.026,-0.8573,-0.548,-0.3788,2.3203,1.8016,-1.046,-2.1001
2.2607,-0.4861,1.6149,0.7643,-0.1118,0.5179,-0.1581,-0.4699,-1.1164,-0.0387,0.0538,1.7672,1.8486,-1.2432,-1.4453
2.0793,-0.1492,1.2418,0.4957,-0.3044,0.7137,0.1963,-1.1149,-1.6455,0.2903,-0.021,2.0416,1.9804,-0.8606,-1.647
1.893,-0.2486,1.2066,0.7067,-0.53,0.7592,0.1504,-1.2891,-0.6901,0.4286,-0.3262,2.1062,1.9602,0.0963,-1.023
2.2276,-0.6224,0.8936,1.0445,-0.7285,0.6,-0.1495,-1.831,-0.9382,-0.0039,-0.087,1.9956,2.1411,-0.1124,-0.5028
1.8727,-0.5607,0.6109,1.1039,-0.8096,0.6773,-0.3898,-2.0031,-1.0411,0.8025,-0.3118,2.018,2.1553,-0.3836,-0.6535
1.6739,-0.6432,0.2978,0.816,-1.1626,0.4426,-0.4394,-1.6685,-0.9995,0.319,-0.5195,1.8058,2.132,-0.6618,-0.4298
1.6346,-0.867,0.1209,0.9873,-1.096,0.4855,-0.9531,-1.6524,-0.5939,0.0399,-0.7184,1.69,2.1859,-0.2257,-0.8168
1.6346,-0.7864,-0.0327,0.694,-1.2138,0.6356,-0.7199,-1.8016,-0.4938,0.3054,-0.986,0.8568,2.2227,0.3711,-1.2191
1.2936,-0.9081,-0.4633,0.4084,-1.1912,0.393,-0.3553,-1.9098,0.2872,-0.4918,-1.5511,0.8487,2.3366,0.3799,-1.9833
1.3951,-1.3014,-0.3681,0.57,-1.2236,0.6725,-0.5541,-1.1986,0.9005,-1.5205,-1.7837,0.5208,2.2329,0.3167,-2.9039
1.4772,-1.5706,-0.0149,0.4514,-0.8868,1.0856,-0.5461,-1.3219,0.525,-1.7718,-1.6412,0.9712,1.6593,-0.478,-3.7064
1.9117,-1.3787,0.0301,0.6773,-0.8359,0.4481,-0.4716,-1.1299,-0.2031,-1.6708,-1.3458,0.6563,1.6627,-1.0504,-3.4747
1.8458,-1.0725,0.2725,0.9233,-0.7102,0.2032,-0.67,-0.4488,0.2344,-0.8151,-1.5147,1.0569,1.4036,-0.8391,-3.2643
1.76,-0.9643,1.118,0.4984,-0.7466,0.3872,-0.7684,-0.4576,0.3106,-0.9476,-1.0633,0.7157,1.2627,-1.2893,-3.1446
1.6986,-0.7778,1.5318,1.056,-0.8356,0.4742,-0.7364,-0.5814,0.3055,-1.387,-0.6423,1.2259,1.2482,-1.8894,-2.872
1.6482,-0.4076,1.592,1.4504,-0.8688,0.2884,-0.6775,-0.1297,0.1969,-1.2578,-0.3921,1.5005,1.0885,-2.0174,-3.0398
1.8713,-0.433,1.7414,0.7981,-0.6147,0.3967,-0.4246,-0.1921,-0.9832,-1.5471,-0.1676,1.1929,1.0923,-2.3494,-2.7685
2.0805,-0.3907,1.906,0.2122,-0.5059,0.4238,-0.1684,0.1107,-1.1401,-0.8425,-0.3945,2.1865,1.4694,-2.2742,-2.2023
2.0394,-0.2312,2.1743,0.4833,-0.5561,0.3849,-0.0744,0.4412,-1.1612,-0.8279,-0.6224,2.3828,1.326,-1.9888,-1.7913
1.7102,-0.0487,2.8163,0.0875,-0.8112,0.3342,0.0205,0.2144,-1.2828,-0.7151,-0.5161,2.6246,1.0151,-1.8434,-0.9978
1.5558,-0.1608,2.0147,0.2766,-0.3855,0.5467,-0.0717,0.3003,-1.6209,-0.6658,-0.2796,2.497,1.1376,-1.827,-1.0968
1.6398,-0.2881,1.9338,0.3607,-0.4343,0.6137,-0.2809,-0.4986,-1.3485,-0.1171,-0.2335,2.136,1.2553,-1.2086,-0.666
1.7317,-0.2044,1.6483,-0.1357,-0.6263,0.5719,0.0668,-1.1716,-1.4269,-0.0133,-0.2476,2.0416,1.2704,-0.8871,-0.9267
1.6181,-0.1389,1.5319,-0.0912,-0.7615,0.625,-0.2379,-1.685,-1.4044,-0.0337,-0.8432,2.4349,1.5888,-0.6674,-1.1249
1.7172,-0.2318,1.0248,-0.3027,-0.7003,0.6517,-0.5611,-1.5418,-1.0625,-0.2961,-0.995,1.9668,1.8078,-0.4037,-1.576
1.3527,-0.6174,0.001,0.6656,-1.0213,0.5259,-0.1542,-1.2542,-0.2249,-0.4391,-0.7903,1.6923,1.4322,-0.778,-1.5894
1.3717,-0.7702,0.3613,0.8332,-1.0803,0.7868,0.0472,-1.6056,-0.3953,-0.6356,-0.7577,2.0005,1.75,-1.0419,-1.9375
1.586,-0.6521,0.2995,0.5831,-0.9515,0.8269,-0.0841,-1.2463,-0.4053,-0.7163,-0.5471,1.6789,1.4267,-0.7167,-2.0615
1.6086,-0.4634,-0.0278,0.584,-1.1411,1.0564,0.0022,-1.3387,-0.1794,-0.7834,-0.7194,2.1552,1.6206,-0.8452,-2.0605
1.7571,-0.8529,-0.128,0.3918,-1.3046,0.8057,0.1766,-1.4934,0.3865,-0.8623,-1.1453,1.9633,1.6814,-0.6069,-2.071
1.3389,-0.7379,0.0583,0.5469,-1.217,0.6308,-0.3148,-1.3933,0.2609,-0.628,-1.0732,2.4262,1.8122,-0.9709,-2.0904
1.4438,-0.8953,0.1216,0.2985,-1.1581,0.6109,-0.1648,-1.3546,-0.0533,-0.9651,-1.0939,1.9726,1.3964,-1.1722,-2.2718
1.5289,-0.7949,0.774,0.128,-1.0065,0.5399,-0.4768,-0.9924,-0.0621,-0.3992,-0.7672,1.4898,1.5549,-1.1892,-1.8704
1.4886,-0.667,1.005,0.3024,-0.923,0.2083,-0.3443,-0.884,0.0722,-0.473,-0.7638,1.2061,1.2752,-1.0006,-2.0677
1.7061,-0.6753,0.8455,0.7844,-0.7974,0.199,-0.3983,-1.3809,-0.4973,-0.0307,-0.3316,1.6015,1.1673,-1.753,-1.4619
1.1027,-0.3836,0.1805,0.1039,-0.966,0.5433,-0.3506,-0.8595,-0.4033,-0.4146,-0.9049,1.7511,1.1425,-2.0113,-1.7471
1.3822,-1.006,0.0957,0.1198,-1.0226,0.5626,-0.2174,-0.6971,0.032,-1.1031,-1.0624,1.9625,0.9939,-1.9577,-1.9764
1.5091,-0.9185,0.8303,0.228,-1.1007,0.4774,-0.0508,-0.3143,0.1716,-1.2014,-0.9437,1.6218,1.1559,-2.0534,-2.0721
1.6198,-0.8834,1.2579,0.5379,-1.0948,0.5159,-0.5066,-0.0061,0.2223,-1.3793,-0.3258,1.9025,1.0596,-2.3076,-2.1317
1.1827,-0.6414,1.547,0.0277,-0.885,0.7291,-0.2486,-0.406,-0.6919,-1.447,-0.1722,2.0113,0.8805,-2.6607,-2.3659
1.3156,-0.5865,1.1197,0.188,-0.8581,0.8002,-0.3481,-0.5254,-1.1179,-1.3133,-0.3038,2.5589,1.0393,-2.6905,-2.4251
1.0317,-0.586,1.0594,0.0864,-1.0459,0.9043,-0.7327,-0.7111,-1.1473,-1.3723,-0.3934,2.1542,0.8133,-2.5335,-2.3938
1.1112,-0.7476,0.8511,0.3458,-0.948,0.7556,-0.4949,-0.0614,0.1016,-1.5152,-0.0663,2.1288,0.727,-2.6477,-2.5932
1.3989,-0.6542,1.1141,-0.3071,-1.1322,0.6439,-0.6835,0.2821,-0.6255,-1.6839,-0.2283,1.5564,0.6178,-2.9478,-2.5035
1.3103,-0.4655,1.4751,-0.1811,-0.6064,0.2228,-0.8301,0.8358,-0.0316,-1.8978,0.0854,1.6586,0.5427,-2.883,-3.1283
1.3238,-0.1862,2.1454,-0.149,-0.6217,-0.0285,-0.5979,0.4114,-0.795,-1.5127,0.118,1.8831,0.4975,-3.1058,-2.7293
1.3666,-0.3129,2.8074,-0.3569,-0.5407,0.0712,-0.2649,0.6732,-0.8703,-1.0467,0.2634,2.2924,0.3661,-2.8354,-2.3132
0.9653,-0.3654,1.7407,-0.1777,-0.1787,0.3257,-0.0693,0.2426,-2.3258,-0.8601,0.4808,2.5848,0.5157,-3.4856,-1.8835
1.1976,-0.2297,1.6451,-0.0959,-0.5846,0.5015,-0.2069,0.369,-1.6438,-0.0523,0.5885,2.443,0.7459,-3.1221,-1.1489
1.1528,0.0034,1.9491,0.0186,-0.6251,0.1961,0.1413,0.684,-0.8644,-0.0955,0.5026,2.5424,0.5474,-2.78,-0.7032
0.9687,-0.3457,1.5662,0.4771,-0.8073,0.6608,-0.3343,-0.3298,-2.1385,-0.4479,0.6611,2.2577,0.8156,-2.4908,-0.8017
1.1031,-0.4946,1.1574,0.3424,-0.9407,0.5688,-0.1583,-0.6826,-1.6773,-0.6604,0.3515,2.2478,0.8843,-2.2192,-0.9975
1.1682,-0.5186,0.7309,0.4223,-0.8749,0.6086,0.0774,-0.8979,-1.4491,-0.8566,0.13,2.434,0.9742,-1.7033,-1.1676
0.7684,-0.6738,0.48,0.088,-1.0084,0.4382,0.2118,-0.6607,-0.997,-0.9584,-0.3578,2.5759,1.1775,-1.8119,-1.4022
1.3336,-0.8771,1.4792,-0.047,-1.4008,0.2612,-0.3354,-0.9323,-0.7356,-1.3013,-0.3651,2.0723,1.3765,-1.899,-1.6351
0.9759,-0.8011,1.1734,0.2065,-0.902,0.3672,-0.8332,-1.0284,-1.0211,-1.0128,0.1023,1.801,1.4889,-1.0996,-1.9681
1.358,-0.6515,0.8812,-0.1788,-1.0606,0.4952,-0.6249,-0.9311,-0.8518,-1.0808,-0.0154,2.219,0.9861,-1.5228,-1.7552
1.4103,-0.5728,1.0122,-0.4639,-0.8965,0.5449,-0.5735,-0.9539,-0.6497,-1.4046,-0.2299,2.1362,1.0014,-1.2573,-2.007
1.2267,-0.887,0.8554,-0.4917,-0.7005,0.5088,-0.4902,-1.0244,-0.7758,-1.0625,-0.5604,2.492,1.0544,-0.8038,-1.9341
1.3323,-0.7794,1.1359,-0.2595,-0.7944,0.487,-0.3692,-0.829,-0.7364,-1.0992,-0.7444,2.3863,0.9433,-1.2126,-2.0531
1.4414,-0.7336,0.9737,0.1962,-0.9199,0.4367,-0.0952,-0.9523,-0.8767,-1.238,-0.2685,2.5909,0.8561,-0.8824,-2.2962
1.1742,-0.7541,0.1705,0.2744,-0.9232,0.3397,-0.0943,-1.4251,-1.0382,-0.6591,-0.3159,2.5542,1.3497,-0.9505,-2.2412
1.187,-1.1984,-0.0835,-0.0217,-0.9294,0.5494,-0.2831,-1.5712,-0.8085,-0.7143,-0.6133,2.2244,1.6879,-1.2203,-1.8927
1.3592,-1.2376,0.1277,0.0831,-1.2101,0.5725,-0.5264,-1.7847,-0.5982,-0.1533,-0.3234,2.2389,1.6318,-0.8341,-1.5091
1.79,-1.1261,0.6789,0.4233,-1.424,0.4135,-0.3974,-1.8,0.4813,0.0009,-0.0616,1.9678,1.3982,-1.0971,-1.6271
1.5313,-0.8865,0.6479,0.3764,-1.7203,0.4561,-0.6107,-2.0081,-0.5876,-0.4228,-0.6419,1.8691,1.6977,-1.2238,-2.3866
1.6714,-0.959,0.3511,0.5104,-1.6277,0.4235,-0.7454,-1.6654,-0.351,-1.4702,-0.4074,1.5274,1.5058,-0.5838,-2.8431
1.4351,-1.1511,0.1962,0.2766,-1.4183,0.4631,-0.8401,-2.1641,-0.5488,-1.6084,-0.4633,1.5958,1.4252,-0.1729,-2.6117
1.791,-1.2064,0.2305,0.8329,-1.6241,0.4167,-0.8872,-1.8474,-0.0821,-2.0982,-0.2711,1.2409,1.3059,-0.7775,-2.6182
1.2968,-1.1196,-0.1285,0.2662,-1.6934,0.3205,-0.4304,-1.5307,0.0034,-1.6182,-0.4898,1.373,1.4894,-0.8261,-3.2592
1.5157,-1.3954,-0.1795,0.5601,-1.3777,0.5601,-0.5572,-1.6097,-0.1732,-1.8911,-0.1438,1.5065,1.2921,-0.7999,-3.1975
1.3452,-1.1092,0.3966,0.0566,-1.1443,0.6566,-0.6652,-2.171,-0.3019,-1.4327,-0.4437,1.2361,1.1261,-1.0007,-2.9346
1.4235,-1.0887,0.169,0.3699,-0.8808,0.5207,-0.6344,-1.6159,0.002,-0.9189,-0.1029,1.0892,1.4066,-0.7325,-2.4923
1.3704,-0.923,0.8534,0.4397,-1.018,0.6424,-0.0833,-1.8933,-0.4214,-0.8619,-0.2471,1.2518,1.8068,-1.0857,-2.5402
0.9839,-1.0197,-0.2595,0.2869,-0.9417,1.1102,-0.2927,-2.4972,-0.6863,-0.4932,-0.5693,1.5991,2.0375,-0.8471,-1.8129
1.2297,-0.972,-0.0941,0.4118,-1.2587,0.9682,-0.2518,-2.843,-0.3026,-0.9024,-0.358,1.3922,2.3359,-0.5982,-2.0608
1.6369,-1.1346,0.0348,0.2633,-1.5808,0.5921,-0.4292,-2.7357,0.4285,-0.4037,-0.2639,1.4875,2.336,-0.2379,-2.1019
1.5105,-0.8659,-0.0578,0.5827,-1.408,0.5926,-0.3571,-2.6734,0.0307,-0.2698,-0.2827,1.8527,2.1382,-0.3191,-2.1172
1.3513,-0.9629,-0.4918,0.6767,-1.3264,0.7305,-0.1742,-2.6789,0.2083,-0.6729,0.0744,2.5621,2.0277,-0.6043,-2.2509
1.1502,-0.8134,-0.3826,0.0499,-1.5502,0.9099,-0.2947,-2.6652,0.4484,-1.1601,-0.5661,2.621,1.9024,-0.7084,-2.432
0.8147,-0.9814,-0.557,0.063,-1.7915,1.0856,-0.6619,-2.7942,0.0618,-1.145,-1.005,2.1738,2.0584,-1.2651,-2.8221
1.0048,-1.3539,-0.7669,0.2996,-1.6592,1.0073,-0.5486,-2.0551,0.7694,-1.4378,-1.1037,1.6741,1.8084,-1.3162,-3.554
1.2422,-1.4747,-0.5648,0.4106,-1.7675,1.2028,-1.0156,-1.7389,0.0802,-1.5849,-1.2782,1.1836,1.7126,-1.5869,-3.2942
1.3924,-1.4146,-0.1198,0.037,-1.7751,0.7976,-0.8168,-1.2301,0.1428,-2.0316,-0.8808,1.6446,1.0246,-1.8065,-3.8028
1.2894,-1.1005,0.7499,0.3374,-1.594,0.7218,-0.8602,-0.5603,0.1869,-2.1808,-0.4914,1.3231,0.5507,-2.3647,-3.9173
1.8321,-0.9077,0.6933,0.7464,-1.3832,0.7103,-0.4673,-0.1379,-0.4499,-2.5155,-0.2314,1.2391,0.5814,-2.9928,-3.7275
1.6702,-0.7975,0.8369,0.5787,-1.1947,0.6875,-0.3024,0.3789,0.035,-2.0092,-0.1002,1.33,0.2982,-3.7302,-3.2563
1.5278,-0.9395,1.8565,0.1757,-1.2444,0.3392,-0.1194,1.1509,-0.2317,-1.7055,0.2346,1.7298,0.4299,-3.5364,-3.3105
1.3915,-0.7188,2.5462,0.2894,-0.8267,0.5577,-0.03,1.0425,-1.4004,-1.6502,0.6089,1.8803,-0.0381,-3.8723,-3.1101
1.5864,-0.3574,2.8614,-0.1089,-0.6315,0.2409,-0.3083,0.9361,-1.3798,-1.3555,1.0334,2.0316,0.2017,-3.7672,-2.4747
1.6452,-0.2065,4.1238,-0.0324,-0.4657,0.0197,-0.1928,0.7466,-1.7347,-0.7019,1.8226,2.4083,0.1136,-3.8206,-1.7435
1.5451,0.005,3.5849,0.4006,-0.3178,0.1014,-0.1643,0.3517,-2.3166,-0.7449,2.2497,2.9569,0.2356,-3.994,-1.2747
1.5081,0.47,3.1111,-0.1247,-0.2594,0.2731,-0.0822,0.2393,-2.8627,-0.4675,1.8197,3.5602,0.2609,-3.1262,-0.9903
1.582,0.1314,2.3419,-0.4722,-0.2783,0.4406,0.042,0.3523,-2.0788,-0.7828,1.6377,3.8028,0.2661,-2.616,-0.8206
1.5451,0.2732,2.2782,-0.5888,-0.4751,0.1819,0.2561,-0.3972,-2.3967,-0.1193,0.7494,3.8447,0.7449,-2.7383,-0.6148
1.8497,-0.2687,2.6892,-0.2351,-0.7809,0.249,0.18,-0.3647,-1.774,-0.2346,0.51,3.8124,0.6836,-1.877,-0.754
2.212,-0.0517,2.6184,-0.3045,-0.7559,0.0599,-0.2364,-0.3916,-2.4242,-0.1061,0.6296,3.2097,1.0123,-1.8309,-0.711
1.4648,-0.0894,1.9523,0.0267,-0.9464,0.3074,-0.3283,-0.8704,-2.1263,0.1727,0.758,2.8556,0.8777,-1.5686,-0.8128
1.5082,-0.1659,1.5712,0.3947,-0.9619,0.6152,-0.1379,-1.1185,-1.2346,0.2901,0.7018,2.4268,0.8047,-1.0048,-0.5748
1.4642,-0.5101,0.7951,-0.2366,-0.9845,0.6079,-0.0801,-1.6971,-1.1087,-0.2077,-0.233,2.1651,0.9863,-0.6751,-0.9002
1.7259,-0.9889,1.0251,0.1479,-1.1768,0.3205,-0.3312,-2.2222,-0.6953,-0.4043,-0.0619,1.5223,1.3533,-0.6494,-1.0483
1.6604,-0.9651,0.9495,0.576,-1.5216,0.4727,-0.3488,-2.543,-0.6845,-0.0533,0.1193,1.8676,1.3782,-1.0639,-0.8244
1.7579,-0.8426,0.5817,0.2819,-1.7015,0.3068,-0.2815,-2.0996,-0.3145,-0.3905,0.0008,1.8945,1.1146,-0.7781,-0.9404
1.5734,-0.8404,0.4127,-0.0095,-1.7935,0.3051,-0.6643,-2.2829,-0.1965,-0.3444,-0.1574,1.8881,1.2218,-0.8057,-1.5272
1.6517,-0.9319,0.9835,-0.3416,-1.7759,0.4378,-1.1807,-2.1997,0.3012,-0.3344,-0.0252,1.5867,1.0267,-0.6691,-1.4981
1.7595,-0.746,0.919,0.0957,-2.0363,0.2296,-1.3524,-2.45,-0.4395,-0.8018,0.0002,2.3256,1.0893,-1.1941,-1.798
1.2217,-0.5518,0.4364,0.1567,-1.929,0.641,-1.0318,-2.1857,-0.5913,-0.9436,-0.0583,1.9212,1.0761,-0.5282,-2.2621
1.454,-0.6347,0.3115,0.0736,-2.1626,0.4977,-0.7175,-2.6021,-0.6296,-1.1676,-0.4161,2.0379,1.1488,-0.1448,-2.7155
1.6234,-0.9392,0.1973,-0.0775,-2.1322,0.4307,-0.5922,-2.6305,-0.974,-1.1364,-0.6374,1.6098,1.4824,-0.1697,-2.8112
2.0005,-1.0958,-0.4536,-0.177,-1.893,0.4447,-0.6972,-2.7562,-0.3812,-1.0111,-0.9591,1.6699,1.6421,0.5168,-2.3866
1.5308,-1.1826,-1.0935,0.253,-1.886,0.557,-0.4271,-2.8317,0.2413,-0.7717,-1.1703,1.8746,1.5771,0.755,-2.4244
1.8289,-1.2084,-0.9479,0.4444,-2.2406,0.3145,-0.2561,-2.6941,0.5898,-0.7832,-1.5488,1.8447,1.7127,0.4111,-2.8078
1.7445,-1.6682,-0.3714,0.7912,-2.3599,0.2807,-0.6764,-2.0392,1.0269,-1.357,-1.1878,1.6656,1.5356,0.0072,-3.4315
1.8141,-1.4528,0.2221,0.6108,-2.3084,0.13,-0.9935,-2.0378,0.816,-1.7118,-0.8469,1.2544,1.1604,-0.4989,-3.7278
1.6947,-1.3256,0.342,0.3785,-2.2091,0.5076,-0.8615,-2.1446,0.3456,-1.8796,-0.7821,1.2303,0.8197,-0.9775,-3.3072
1.7396,-1.1566,0.7712,0.7346,-2.3576,0.5897,-0.7092,-1.6232,0.4184,-2.1044,-0.1629,1.227,0.518,-0.6276,-3.5172
2.0601,-0.9738,0.9296,0.7833,-1.8781,0.2364,-0.4604,-1.5473,-0.3496,-2.1769,0.0006,1.8861,0.5209,-1.0281,-3.3017
1.8673,-0.669,1.3141,0.5691,-1.6793,0.3522,-0.7127,-1.2459,-0.0869,-1.7403,0.223,1.811,0.7516,-1.3667,-2.7798
1.9351,-0.443,1.8228,0.5854,-1.7221,0.5879,-0.5486,-1.5418,-0.3599,-1.7097,0.3665,1.5977,0.6598,-1.9278,-2.6346
1.6575,-0.4337,0.9293,0.4815,-1.4401,0.8634,-0.4388,-1.6687,-1.0289,-0.2873,0.2101,2.3219,0.6826,-1.9761,-1.8705
1.8833,-0.5914,0.4687,0.2727,-1.8456,0.9029,-0.3395,-1.962,-0.4849,-0.2854,-0.2458,1.7429,0.9326,-1.5599,-2.0829
1.7363,-0.6733,0.9516,-0.3709,-1.8965,0.9261,-0.2114,-1.7679,0.1319,-0.5805,-0.8732,1.8309,1.2424,-1.3181,-2.1935
1.6808,-0.793,0.9305,0.1454,-2.1596,0.9298,0.094,-1.4292,0.0905,-1.0988,-0.4481,1.3286,1.0889,-1.6254,-2.5536
1.8759,-0.7416,1.2938,0.2851,-1.8201,0.8647,-0.3181,-1.3497,-0.2398,-1.1784,-0.5393,1.0406,1.2112,-2.1512,-2.2733
1.5361,-1.0826,1.4802,0.4739,-1.5823,0.779,-0.388,-1.5487,-0.4927,-1.1503,-0.3411,1.4528,1.1897,-2.3508,-2.4037
1.6133,-0.9485,1.0843,0.8641,-1.5894,0.6196,-0.596,-1.3382,-0.5361,-0.5628,-0.0615,1.413,0.9599,-2.1515,-1.483
2.0175,-0.9296,0.9407,0.5083,-2.1045,0.9039,-0.6556,-1.8764,-0.771,-0.8971,-0.1544,1.3838,0.8689,-1.9977,-1.6448
1.9223,-0.7366,1.073,0.1706,-2.2006,0.5883,-0.359,-1.3924,-0.1467,-0.4197,-0.1033,1.4733,0.4371,-1.6153,-1.6167
1.7898,-0.3727,1.1723,0.3319,-2.27,0.8532,-0.2,-2.0408,-0.8797,-0.9513,-0.3811,1.7537,0.6061,-1.3561,-1.6224
1.3773,-0.5474,0.6769,0.4333,-2.1966,1.0401,-0.4174,-1.8015,-0.4615,-1.2007,-0.7574,1.5588,1.1104,-0.7955,-1.9627
2.0248,-0.9603,1.1144,0.1588,-2.1651,0.7084,-0.7709,-2.2375,-0.5959,-1.6907,-0.4973,1.3212,1.1745,-1.3908,-2.6508
2.029,-1.0387,0.9742,0.0927,-1.8398,0.7045,-0.7071,-2.2743,-0.535,-1.473,-0.6204,1.6259,1.054,-0.984,-2.3677
1.9713,-1.2798,0.9785,0.818,-1.8595,0.5976,-0.6893,-2.6442,-1.206,-0.7779,-0.0085,1.6818,1.0184,-0.4355,-2.2804
2.2138,-0.9406,1.0569,0.7004,-1.8587,0.523,-0.431,-2.8439,-1.3098,-0.7628,-0.1553,1.7149,0.9563,-0.1574,-2.0522
2.3829,-0.966,0.5947,0.5677,-2.061,0.5819,-0.5074,-3.0512,-1.1957,-0.3992,-0.308,2.2995,1.0929,-0.0985,-1.8818
2.2222,-0.7664,0.0419,1.0586,-2.2323,0.3329,-0.5474,-2.8105,-0.1396,-0.8254,-0.2454,2.3391,0.8936,-0.3013,-1.8235
1.9764,-0.6161,0.16,0.3424,-2.3473,0.4788,-0.7517,-2.8058,-0.0877,-1.4633,-0.589,2.442,1.2352,-0.1309,-2.0502
1.892,-0.9749,0.2284,0.3814,-2.5019,0.5749,-1.0258,-3.072,-0.3081,-1.9814,-0.5388,2.1589,1.0925,-0.7542,-2.4462
1.6997,-0.9766,0.1741,0.655,-2.7221,0.6136,-0.9821,-2.738,0.0091,-2.0864,-0.398,1.861,0.9357,-1.0797,-2.6803
2.0786,-0.9601,0.3371,0.6092,-2.4208,0.1051,-1.1608,-2.191,0.3061,-2.4632,-0.3607,1.6806,0.754,-1.1744,-2.7761
1.9489,-0.7255,1.3538,0.0263,-2.3038,-0.0224,-0.9701,-2.2066,-0.8108,-1.5963,-0.4866,1.7932,0.7429,-1.706,-2.5073
1.4357,-0.6058,0.9687,-0.0538,-2.1426,0.3858,-0.9025,-2.0749,-1.075,-1.2304,-0.6155,2.2056,0.852,-1.4237,-2.7364
1.5681,-0.8196,0.761,0.0845,-1.8825,0.5602,-0.9192,-2.4128,-0.5557,-1.2622,-0.8288,1.9834,0.808,-0.8299,-2.5514
2.3717,-0.9009,0.2375,0.3796,-1.9901,0.2937,-0.7995,-2.0962,-0.584,-1.1137,-0.5623,1.4228,0.9911,-0.7033,-2.3494
1.7662,-0.7799,0.4506,0.6133,-1.9136,0.4127,-0.8757,-2.0205,0.2927,-0.9759,-0.5397,1.5605,0.7683,-0.9364,-2.547
1.8237,-0.7938,0.336,0.5802,-1.8718,0.2877,-1.1306,-2.1467,-0.45,-1.2083,-0.671,1.7106,0.7858,-1.7257,-2.3954
1.2745,-0.8089,0.2319,0.7323,-1.7505,0.5733,-0.9658,-1.3642,0.3071,-0.9419,-0.7143,1.8782,0.5931,-1.2289,-2.4737
1.6683,-1.0468,0.8481,0.5657,-1.7915,0.8255,-0.8945,-2.2973,-0.2937,-1.6146,-0.6729,1.8427,0.8875,-2.3994,-2.6034
1.9817,-0.8764,0.4005,0.3939,-1.6044,0.778,-0.9251,-1.9948,-0.1379,-1.0134,-0.2391,1.837,0.7768,-2.263,-2.405
2.0633,-0.5991,0.8474,0.2851,-1.7981,0.5431,-1.0479,-1.1177,0.1032,-0.6574,-0.3866,2.0462,0.2124,-2.218,-2.2177
1.4703,-0.6941,1.1968,0.2494,-2.0424,0.6543,-0.6516,-1.5649,-1.067,-0.926,-0.4188,2.0141,0.5008,-2.5974,-2.4433
1.6869,-0.7973,0.8357,-0.0896,-2.1967,0.5647,-0.3537,-1.0788,-0.7785,-1.0631,-0.4445,2.4203,0.7547,-2.2831,-2.2575
1.8574,-0.904,1.0368,0.3974,-2.1868,0.8101,-0.415,-1.4406,-1.1339,-1.1605,-0.5006,2.2525,0.8109,-2.6382,-2.0701
1.7768,-0.7447,1.2619,0.651,-2.2592,0.5906,-0.7596,-1.2867,-0.3636,-1.487,0.2679,1.6734,0.9498,-2.3278,-1.963
1.8728,-0.4798,1.353,0.069,-2.1092,0.7529,-0.8034,-2.3737,-1.7242,-0.8232,0.0479,2.1584,1.0664,-2.3266,-2.0998
1.9725,-0.2806,0.596,-0.028,-2.2984,0.8077,-0.8555,-2.2766,-1.6114,-0.9057,-0.372,2.4863,1.1321,-1.9308,-2.4128
1.993,-0.4618,0.3572,0.265,-2.2584,0.5989,-0.652,-2.1374,-1.0499,-0.6993,-0.5911,2.5124,0.798,-1.2454,-2.5192
1.9654,-0.9027,-0.065,0.2992,-2.4803,0.4078,-0.1732,-2.5295,-1.2897,-0.8832,-0.7918,2.3842,0.7757,-1.0762,-2.7103
1.677,-0.8702,-0.4487,0.49,-2.4103,0.2022,-0.0338,-3.0142,-0.9935,-0.7865,-0.8326,1.8819,1.1626,-0.7715,-2.6095
1.7353,-0.9467,-0.2729,0.6028,-2.5284,0.294,-0.2208,-2.9078,-0.1928,-1.2514,-0.826,1.1613,1.1828,-0.5877,-2.9686
1.9531,-0.9925,-0.1863,0.6736,-2.5281,0.3852,-0.3828,-2.8071,0.1642,-1.493,-0.68,0.8266,1.2253,-1.0299,-3.0757
2.1122,-0.9475,0.0053,0.239,-2.6059,0.1186,-0.6648,-2.5892,-0.0483,-1.6108,-1.1047,1.2745,1.0055,-1.2264,-3.4633
1.7449,-1.0439,0.1449,0.6131,-2.6461,0.1479,-0.739,-2.1491,-0.0246,-2.2213,-0.8881,1.1974,0.8755,-1.3263,-3.8405
1.8681,-0.6389,-0.2367,0.1363,-2.4765,0.3512,-0.8226,-1.8563,-0.0362,-1.9557,-1.1188,1.7893,0.5741,-1.7384,-3.8688
1.8647,-0.8528,0.2757,0.2916,-2.3882,0.1596,-0.8762,-1.2792,-0.3968,-2.3852,-1.1415,1.8633,0.3566,-2.0272,-3.9486
1.6479,-0.8739,0.9875,0.5617,-2.0858,0.253,-0.7766,-1.1175,0.2689,-1.9641,-0.7,1.8226,0.2509,-2.2502,-3.771
1.6915,-0.6977,1.5219,0.7709,-1.9753,0.5894,-0.3887,-0.7466,-0.2019,-1.2376,-0.2706,1.7769,0.0276,-2.4637,-3.3971
1.7559,-0.6844,2.1988,0.7126,-1.858,0.8363,-0.4558,-0.5361,-0.8438,-1.2806,0.006,1.5254,-0.1127,-2.5037,-3.5489
1.8684,-0.302,2.9737,1.1559,-1.789,0.9046,-0.1374,-0.5392,-1.5709,-0.9428,0.6004,1.8913,-0.0123,-2.7631,-2.6003
2.0554,-0.0794,2.6289,1.0143,-1.618,0.215,-0.0317,-0.7547,-1.9765,-1.0026,0.8664,2.3949,0.2998,-2.9006,-2.2825
1.9037,0.1755,2.2283,0.6047,-1.5607,0.3896,0.5558,-0.7107,-2.5702,-0.0523,0.8533,2.7467,0.5349,-2.8987,-1.3014
1.8921,0.0487,1.6729,0.4844,-1.7864,0.4863,0.49,-0.6346,-2.2757,0.0941,0.6781,3.1458,0.5413,-3.1134,-0.9965
1.2292,-0.105,1.6564,0.6711,-1.8404,0.5147,0.2274,-1.0604,-1.6273,-0.4194,0.5493,3.3934,0.6073,-2.0566,-0.8744
1.623,-0.2795,1.6321,0.5393,-1.9231,0.3963,0.1939,-1.4844,-1.3804,-1.25,0.4023,2.551,0.8303,-1.8513,-1.0605
1.8098,-0.2433,1.4229,0.5531,-1.9894,0.4187,0.0225,-2.0097,-1.927,-0.7244,0.2267,2.9836,0.7053,-2.2799,-1.1647
1.7221,-0.4538,0.6136,0.2595,-1.9178,0.3506,0.2578,-1.6331,-1.5137,-0.6783,0.1826,3.213,0.7272,-1.3653,-1.3109
2.2088,-0.4285,0.411,0.7188,-2.3238,0.0943,0.5584,-2.0194,-1.3881,-0.3346,0.1385,2.4116,0.677,-0.5784,-1.278
1.709,-0.4969,0.5589,0.6237,-2.4589,0.4362,0.3147,-2.3792,-0.945,-0.7574,-0.0988,2.3592,0.9892,-0.888,-1.5069
1.8639,-0.5633,0.499,0.4792,-2.4279,0.3147,-0.0288,-2.6506,-1.4604,-0.9815,-0.2581,2.3315,0.966,-0.8487,-1.6421
1.9326,-0.5404,0.7009,0.5904,-2.4922,0.3643,0.187,-2.4167,-1.5791,-0.7809,-0.1811,2.2896,0.9977,-0.6024,-1.289
1.8638,-0.595,0.3833,0.7913,-2.33,0.3573,0.7411,-2.9736,-1.304,-0.4779,-0.0497,2.5411,1.2364,-0.5347,-1.1654
1.8659,-0.4222,0.3812,0.7135,-2.3124,0.0721,0.2665,-3.2326,-1.1009,-0.5836,0.1441,2.1033,1.6186,-1.1469,-1.1798
1.9211,-0.4232,-0.363,0.2873,-2.361,0.0085,-0.0424,-2.731,-0.5369,-0.7876,-0.6203,2.2117,1.5931,-0.5255,-1.7951
1.7571,-0.7506,-0.6589,0.7379,-2.7361,0.3067,0.4661,-2.3874,0.1936,-0.9588,-0.8366,2.1717,1.1709,-0.9215,-1.7818
1.5663,-0.8209,-0.2144,0.8233,-2.7951,0.282,0.017,-1.5,0.8936,-1.7114,-0.5683,1.9464,1.4413,-1.4639,-2.0398
1.7394,-0.6855,0.184,0.7612,-2.6048,0.7806,-0.1535,-2.2946,-0.3501,-1.7336,-0.6174,1.9206,1.0353,-2.6127,-2.5271
1.6929,-0.5075,0.2221,0.6837,-2.5848,0.9023,0.2368,-1.9229,-0.532,-1.5425,-0.52,1.5595,0.6048,-2.4803,-2.4218
1.9546,-0.5572,0.3185,1.0,-2.6917,0.5993,-0.0311,-1.4555,-0.1495,-1.8818,-0.1836,1.4283,0.5279,-2.2792,-2.8769
1.7318,-0.6196,0.4052,0.6927,-2.4513,1.1396,0.4327,-1.3924,-0.6103,-2.055,0.126,1.19,0.5529,-2.6925,-2.6608
2.0657,-0.5772,0.884,1.0316,-2.0011,1.1107,0.6983,-1.4142,-0.7985,-1.4351,0.1287,1.8701,0.7307,-2.1988,-2.4671
1.8201,-0.3121,0.6991,0.7982,-1.8853,1.1497,0.823,-1.6764,-0.8867,-0.8118,0.5524,1.7338,0.9248,-2.9398,-2.2953
1.9407,-0.0796,0.7455,-0.0325,-2.06,0.8432,0.5186,-1.161,-0.5471,-1.3042,0.2816,2.3,0.8693,-2.9152,-2.0584
1.5162,-0.3332,1.2113,-0.0819,-2.3145,1.08,0.608,-1.77,-1.6363,-1.2313,-0.2451,2.4265,0.9098,-3.1014,-1.9544
1.9268,-0.5454,0.8034,0.6037,-2.0274,0.6592,0.2933,-0.6676,-1.1046,-1.5801,0.0509,2.594,0.6749,-2.6538,-2.3406
1.5547,-0.4759,0.7545,0.09,-2.1463,0.6248,0.3226,-1.0233,-1.3168,-0.9605,-0.3692,2.2217,0.4959,-2.4147,-2.3445
1.4584,-0.4861,0.8591,0.3447,-2.1187,0.8368,0.257,-0.867,-1.0639,-1.0533,-0.2823,1.6908,0.4861,-2.4218,-2.3971
1.4808,-0.5985,1.3347,0.6738,-2.1879,0.918,0.223,-1.0169,-1.3521,-1.4419,0.5205,1.5593,0.458,-2.6492,-2.2498
1.4293,-0.3372,1.2033,0.2632,-2.1819,0.8366,0.3204,-1.8496,-1.7677,-1.3036,0.5669,2.0165,0.7087,-2.9606,-2.0848
1.2325,-0.1705,0.7397,0.7183,-1.9069,1.0627,-0.0277,-1.6704,-1.1957,-1.4885,0.7733,2.9171,0.6333,-2.7217,-1.6813
1.2762,-0.1735,0.501,0.1559,-2.2566,1.2839,0.2271,-1.5572,-1.5861,-1.4133,0.2495,2.5399,0.3887,-2.5546,-1.9238
1.676,-0.3207,0.5707,0.5862,-2.3081,1.2053,0.2636,-1.8259,-1.3442,-1.7196,-0.1628,3.0374,0.6339,-2.4944,-2.3569
1.7298,-0.6547,0.6216,0.9871,-1.9955,0.7423,0.0883,-1.7361,-1.4356,-1.2244,0.1453,2.0326,0.6806,-2.1492,-2.1909
1.9869,-0.3512,0.4409,1.0497,-2.0377,0.5627,0.1823,-1.5972,-1.1786,-1.0763,0.4941,2.1328,0.6223,-2.2735,-1.8289
1.7213,-0.0292,0.2734,0.4747,-2.0573,0.4918,0.3514,-1.674,-0.9236,-0.9105,0.4362,2.181,0.7321,-2.1774,-1.6746
1.7757,-0.2439,0.2865,0.2863,-2.0283,0.2599,0.0978,-1.9606,-1.0438,-1.1685,0.1379,2.4762,1.0187,-2.1816,-1.8052
1.4163,-0.128,0.115,0.0319,-2.1344,0.5362,0.1127,-2.2132,-0.6948,-1.4172,-0.5701,2.0771,0.9301,-2.2767,-2.2474
1.9608,-0.4032,0.5845,0.2515,-2.2177,0.2568,-0.2598,-1.826,-0.3789,-1.8883,-0.4781,2.2897,0.7262,-2.2731,-2.413
1.8331,-0.3136,1.0959,-0.0119,-2.1682,0.4403,-0.1838,-1.1823,-0.3982,-2.0935,-0.2454,1.8365,0.2794,-1.9998,-3.0943
1.6473,-0.1634,1.0205,0.0868,-1.9246,0.5452,-0.1119,-1.0021,-0.9575,-1.499,-0.1217,1.7811,0.3341,-2.487,-2.8258
1.6401,-0.1729,1.4284,0.311,-2.276,0.53,0.0743,-0.7545,-0.9113,-1.9971,0.3658,2.2307,-0.0296,-3.3599,-2.7421
1.3814,0.0643,1.595,0.2829,-2.0327,1.0332,0.0807,-0.6443,-1.3358,-2.4832,0.567,2.679,-0.0462,-3.7779,-2.378
2.0373,0.019,2.0408,0.3111,-1.7079,0.6423,0.4159,0.1176,-1.1335,-1.857,0.9798,2.1555,-0.3167,-3.7272,-2.0213
1.851,0.2315,2.7844,-0.2338,-1.2018,0.3465,-0.0047,-0.1363,-1.6073,-1.2391,1.1811,2.4673,-0.0199,-4.1673,-1.4778
1.9342,0.4257,2.5582,-0.4346,-1.2869,0.2041,0.3603,0.1386,-2.0535,-0.915,1.0011,2.6947,-0.0178,-3.9394,-1.1516
1.7752,0.3917,2.7305,-0.3806,-1.3843,0.615,0.5374,-0.3029,-1.7599,-1.1699,0.8217,3.324,0.2682,-4.1257,-1.184
1.7631,0.2892,2.1951,-0.3701,-1.4143,0.8681,0.8853,-0.3516,-2.2925,-0.5647,0.8714,2.8561,0.4515,-4.0696,-0.7479
2.0163,0.1937,1.8581,-0.1218,-1.6652,0.4075,0.402,-0.0241,-1.7886,-0.3305,0.8519,3.1848,0.5025,-3.2874,-0.6072
1.7159,0.2839,1.6251,0.534,-1.9228,0.4638,0.561,-0.3281,-1.8079,-0.643,1.132,2.6971,0.7039,-2.9996,-0.7951
2.0912,0.2688,1.4638,0.4177,-1.9361,0.38,-0.0258,-0.8918,-1.8366,-1.6656,0.9116,2.3752,0.7491,-2.777,-0.8378
1.7859,0.2683,1.5661,0.4903,-1.9536,0.5137,0.0541,-1.0552,-1.5116,-1.09,0.7767,2.7494,0.6573,-2.0425,-0.8519
1.6652,-0.0549,1.3728,0.0505,-2.0549,0.65,-0.158,-1.7412,-2.344,-1.5062,0.9302,2.8444,0.6667,-1.9739,-1.3075
1.9599,-0.232,1.0578,0.621,-1.9111,0.5602,-0.3563,-1.9818,-2.079,-1.2755,0.8297,2.8775,0.7517,-1.3856,-1.1703
2.2072,0.294,0.7131,0.2463,-2.1017,0.2337,-0.1706,-2.745,-2.158,-1.6287,0.454,2.4642,0.8209,-2.0607,-1.3906
2.2907,0.1359,0.4335,0.0917,-2.309,0.132,0.4546,-1.8889,-1.0873,-0.9935,0.1886,1.9253,0.7007,-1.8937,-1.3513
2.0294,0.0381,0.7093,0.0734,-2.3361,0.0448,0.0767,-1.4199,-1.0475,-1.1259,0.0546,1.9357,0.765,-1.475,-1.166
2.1116,-0.2582,0.7244,0.6806,-2.2487,0.4783,0.0048,-1.4499,-1.2732,-0.8992,0.5031,1.9167,0.5417,-1.5569,-1.0192
2.1861,-0.269,1.2819,0.7538,-2.4985,0.6079,0.1045,-2.5592,-1.8537,-1.0405,0.7266,2.4626,0.7865,-1.3726,-1.3259
2.2054,0.0165,0.5517,0.4484,-2.073,0.3181,-0.2958,-2.7884,-2.0068,-1.3146,0.6189,2.737,1.1226,-1.026,-1.4204
2.0523,0.2868,0.2132,-0.0555,-2.1498,0.2061,0.3016,-2.9872,-1.8679,-0.7606,0.0376,2.0118,1.0447,-1.1981,-1.7787
1.5306,-0.4125,-0.3254,0.3795,-2.258,0.3881,0.0977,-3.4619,-1.5956,-0.7251,0.1013,2.0441,1.0926,-0.5474,-1.7486
1.6354,-0.4302,-0.5222,0.5499,-2.5603,0.496,0.399,-3.0663,-0.4333,-1.5819,-0.0989,1.8392,1.3022,-0.1674,-1.9867
1.8222,-0.5847,-0.2009,0.5088,-2.4465,0.508,-0.03,-3.9678,-1.1545,-1.9382,0.1846,1.6335,1.5492,-0.2546,-2.3548
1.5376,-0.2972,-1.0551,0.8179,-2.1827,0.4646,-0.0334,-4.0371,-0.3613,-0.9311,-0.0126,1.8655,1.7136,0.149,-2.0879
1.8786,-0.5517,-1.0504,0.7673,-2.7448,0.4542,0.2978,-4.4587,-0.6086,-1.2408,-0.0896,1.9081,1.7824,-0.3126,-2.229
2.011,-0.5747,-1.5001,0.7414,-3.2109,0.5676,0.3063,-4.1886,-0.0171,-1.6729,-0.4753,1.8674,1.8046,-0.011,-2.4073
2.0093,-0.6383,-1.2981,0.7192,-3.0818,0.4994,0.3197,-4.485,-0.417,-2.1901,-0.6905,1.6081,1.773,-0.2705,-2.8647
1.9075,-0.6106,-1.8277,0.31,-2.7507,0.3488,-0.152,-4.4491,0.2493,-1.9628,-0.9744,0.8951,1.525,0.4644,-3.1541
1.9692,-0.7093,-1.8747,0.2649,-2.853,0.1983,-0.1956,-4.2248,0.5377,-1.8801,-1.1724,0.9235,1.516,0.056,-3.4723
2.22,-0.883,-1.9089,0.3266,-2.843,0.2988,-0.1945,-3.906,0.3466,-2.3103,-1.3787,1.1932,1.323,-0.2749,-3.5499
2.1005,-1.1272,-1.0684,0.6115,-2.8396,0.2835,-0.1646,-3.4727,0.7464,-2.1913,-1.2986,1.4014,1.3266,-0.1343,-3.4035
2.1499,-1.0427,-0.8991,0.6323,-2.6746,0.2507,-0.6324,-2.7591,-0.0253,-2.1446,-0.8515,0.8681,1.2999,-0.826,-3.6782
2.1768,-0.7508,-0.4491,1.1089,-2.5839,0.2012,-0.7304,-2.6152,-0.6576,-1.5223,-0.345,1.0548,1.0409,-0.5268,-3.3958
1.7481,-0.462,-0.612,0.7756,-2.7365,0.2982,-0.6515,-3.1326,-1.0192,-1.8539,-0.2866,1.0508,1.036,-1.1254,-3.0108
1.6232,-0.554,-0.7082,0.6372,-2.5656,0.3865,-0.9224,-2.8452,-0.7364,-1.8687,-0.3109,0.6183,1.0297,-1.1669,-3.2219
1.6794,-0.8076,-0.7129,0.3863,-2.7034,0.3173,-1.2375,-2.5373,-0.3767,-2.2894,-0.5948,1.071,0.9544,-1.5106,-3.2223
1.7922,-1.0052,-0.6381,0.349,-2.7435,0.5343,-0.6493,-2.2079,-0.0678,-2.4492,-0.7363,1.0612,0.5452,-1.716,-4.0599
1.7804,-0.8056,-0.3409,0.4079,-2.2434,0.5161,-0.8936,-2.2249,-0.1098,-2.7492,-0.7045,0.8503,0.5443,-1.8412,-4.2425
1.8263,-0.8118,0.3838,0.6422,-2.3453,0.5844,-0.4753,-1.5663,0.0223,-2.8381,-0.3747,1.1106,0.3116,-2.074,-4.3732
2.1196,-0.6369,0.8728,1.1253,-2.1065,0.191,-0.0449,-0.8342,0.1604,-2.3604,0.3682,1.1441,0.4487,-2.2091,-3.7358
1.9609,-0.4174,1.2086,0.8794,-2.2819,0.296,0.3709,-0.6116,-0.4934,-2.4622,0.7497,1.5998,0.3926,-3.2019,-3.1542
2.1743,-0.2338,1.7651,1.4034,-1.9091,0.4205,0.2581,-0.8183,-0.707,-2.4671,1.3899,2.2007,0.4853,-4.0028,-2.8827
2.1769,0.1952,1.382,1.0957,-1.8013,0.6002,0.3848,-0.5786,-1.732,-2.2284,1.4332,3.1726,0.566,-4.1649,-2.4104
1.7544,0.4212,1.3871,1.2311,-1.9624,0.6842,0.3966,-0.7843,-2.0812,-1.934,1.3856,3.1614,0.5006,-3.8143,-1.8914
1.5904,0.1333,1.3714,0.499,-1.9271,1.0283,-0.1154,-1.2045,-1.933,-1.4068,0.9753,3.2733,0.5347,-3.3018,-1.6723
1.5292,-0.0875,0.8786,0.2672,-1.9378,0.958,-0.0547,-1.8263,-2.1472,-1.8778,0.9339,3.1506,0.6356,-3.6368,-1.4877
1.8141,0.0045,0.7651,0.2388,-2.0769,0.6552,0.2954,-1.5156,-1.1383,-1.7389,0.548,3.2658,0.7465,-2.4755,-1.6522
1.8798,-0.4034,0.2901,0.2135,-1.8345,0.2621,0.2465,-1.6603,-0.6593,-1.4898,0.1769,3.4101,0.9354,-1.9717,-1.7829
1.937,-0.7389,0.5294,-0.2894,-1.9468,0.145,-0.0218,-1.7079,-1.2028,-0.3713,0.1308,3.2299,1.0397,-2.0829,-1.32
2.0563,-0.4546,0.6579,-0.1363,-2.1277,0.1581,-0.4032,-1.7489,-0.8135,-0.781,-0.3578,2.5374,0.9186,-1.8556,-1.4886
1.2743,-0.6794,0.1854,0.2722,-2.1867,0.4259,-0.232,-1.7693,-0.7985,-0.8921,-0.1992,2.3869,0.6126,-2.2004,-1.878
1.6071,-0.7367,0.6317,0.8833,-2.2758,0.6933,-0.2919,-1.6209,-0.9238,-1.7971,0.267,2.5475,0.6532,-2.5538,-2.8542
1.9199,-0.5777,0.8807,0.486,-2.2409,0.6954,-0.5555,-1.2163,-0.8773,-1.7927,0.6795,2.5178,0.4458,-2.0317,-2.6534
2.2071,-0.2551,1.2053,0.1866,-2.2723,0.2398,-0.5523,-1.5955,-1.4775,-1.5446,0.7632,2.1778,0.4988,-1.9022,-2.4093
2.0075,-0.3947,0.8654,0.0665,-2.4061,0.2037,-0.0743,-1.5764,-1.6838,-1.4674,0.7286,2.4503,0.7815,-1.258,-2.4886
1.9294,-0.2908,0.5619,0.3031,-2.1505,0.1339,-0.0969,-2.5657,-1.4856,-1.5449,0.6942,2.6719,0.7499,-0.5408,-2.7401
2.1511,-0.3111,0.119,0.1932,-2.2269,-0.0738,-0.0398,-2.9228,-1.0706,-1.339,0.5304,3.1012,1.257,-0.6203,-2.4315
1.9033,-0.2189,-0.1744,0.0165,-2.4545,0.1383,-0.088,-2.7276,-0.9291,-1.0124,0.2829,3.3368,1.4161,0.122,-2.2273
2.0388,-0.4902,-0.6103,0.262,-2.3111,-0.2552,-0.4317,-2.7474,-0.8318,-1.3069,0.1637,2.7959,1.0666,0.0511,-2.5795
1.9221,-0.3699,-0.5587,0.0441,-2.5964,-0.0628,-0.5898,-2.9743,-0.0023,-1.7311,-0.2353,2.5116,1.0655,-0.5287,-3.0112
1.7305,-0.6035,-0.4848,0.3326,-2.4951,-0.1138,-0.5657,-3.0087,-0.5408,-1.5347,-0.2591,2.2367,0.9775,-0.534,-2.9561
1.8308,-0.7962,-0.8587,0.4949,-2.631,-0.4016,-0.5984,-2.7703,-0.1046,-2.0122,-0.3785,1.9819,1.2107,-0.4968,-3.0817
1.7508,-0.9426,-0.564,0.6529,-2.8929,-0.1593,-0.581,-2.7797,-0.2516,-1.4555,-0.2047,1.938,1.1805,-0.7703,-2.973
1.4982,-0.8805,-0.508,0.5958,-2.7478,0.2621,-0.6249,-2.4592,-0.63,-1.4471,-0.4136,1.241,0.8701,-0.8452,-3.2044
1.4345,-0.8407,0.135,0.6307,-2.7557,0.419,-0.0733,-2.2694,0.2944,-2.1823,-0.1956,1.4834,1.062,-1.009,-3.5357
1.5731,-0.871,0.3291,0.758,-2.4686,0.2907,0.0746,-2.127,-0.2186,-2.1246,0.2624,1.9527,1.0767,-1.764,-3.3063
1.7142,-0.5953,0.3504,0.6381,-2.2752,0.1608,-0.4243,-1.5293,-0.547,-2.2753,0.4187,2.1727,1.0467,-2.1137,-3.2815
1.4059,-0.6468,0.0017,0.3411,-2.2745,0.0731,0.1125,-1.5333,-0.1918,-2.3158,0.3456,2.6205,0.8561,-2.1305,-3.3082
1.4407,-0.6496,0.4976,0.7623,-2.0478,0.1124,-0.197,-1.6853,-0.6493,-2.1142,0.225,2.694,0.9711,-2.1386,-2.9015
1.5117,-0.5629,0.3712,1.0201,-2.0564,0.0986,-0.2199,-1.4656,-0.4235,-1.6286,0.4387,2.6007,1.0674,-2.4774,-2.6709
1.4604,-0.3813,0.5793,0.4451,-1.9002,0.1729,-0.2143,-1.0669,-0.7593,-1.6384,0.4618,2.7817,0.9147,-2.8689,-2.455
1.4683,-0.2754,1.1505,0.6666,-1.9644,0.289,-0.3049,-0.8298,-0.2849,-1.9657,0.5378,3.4774,0.6333,-2.7853,-2.9421
1.4928,-0.2869,1.4766,0.4613,-1.7384,0.4331,-0.1791,-0.9151,-0.4418,-2.2498,0.8818,3.0461,0.4881,-3.6997,-2.6743
1.7085,0.2371,2.0537,0.5262,-1.6601,0.0326,-0.1139,-0.7142,-1.1077,-2.168,1.0177,3.4324,0.5044,-3.6753,-2.516
1.0978,0.416,1.6105,0.0474,-1.2208,0.47,0.4106,-0.8199,-1.6488,-2.0481,1.118,3.6516,0.4622,-3.9301,-2.4652
1.7793,0.3047,1.6391,0.3536,-1.3934,0.1933,0.7646,0.2874,-0.405,-2.0581,0.7507,3.2808,0.1982,-3.7942,-2.3743
1.7458,0.1793,2.4577,0.474,-1.3768,0.0403,0.8968,0.3201,-1.2838,-1.38,1.1622,2.7457,-0.0071,-4.5852,-2.0795
1.4145,0.1132,2.6181,0.6279,-1.3007,0.1775,0.259,0.7434,-1.1089,-0.9124,1.3238,2.8242,0.2015,-4.6965,-1.3243
1.6575,0.1223,2.7304,0.8984,-1.4771,-0.1215,0.5425,0.8119,-1.6032,-1.2025,1.7164,3.5062,0.2065,-4.5542,-0.7643
1.6441,0.4729,2.1556,0.9235,-1.3884,-0.2419,0.8841,0.6191,-1.8344,-1.1279,1.7466,3.987,-0.1066,-4.2005,-0.7628
1.7712,0.4975,1.9652,0.2881,-1.5069,-0.2365,0.5811,0.365,-2.0436,-0.7605,1.4075,4.0397,0.3077,-4.4513,-0.5926
1.7621,0.2883,2.6151,0.2824,-1.3929,-0.1264,0.8538,0.2356,-1.4832,-0.3784,1.3804,4.2693,0.0458,-4.4143,-0.2494
1.3259,0.125,2.2294,0.4532,-1.391,0.1545,0.5125,0.3103,-1.3548,-0.358,1.5176,4.1683,0.5669,-4.3786,0.2761
1.5673,0.2323,2.4923,0.3017,-1.3311,0.1326,0.3376,-0.032,-1.8624,-0.6888,1.4385,4.2007,0.5675,-4.2161,0.135
1.2491,0.2689,2.2016,0.4037,-1.4039,0.6101,0.621,-0.3326,-1.93,-0.4101,1.3974,4.1103,0.4792,-3.7457,-0.1389
1.306,0.1023,1.7645,0.0369,-1.5596,0.4357,0.555,-0.6248,-1.952,-0.7741,1.3892,3.4651,0.6448,-3.4347,-0.4125
1.6274,-0.0828,1.9604,-0.4296,-1.4627,0.1634,0.2518,-1.4807,-2.1077,-0.9483,1.2061,3.6444,0.8784,-3.2261,-0.5044
1.6798,0.1197,0.9351,-0.293,-1.8197,0.4008,0.2636,-1.5666,-2.0375,-0.2241,0.7101,3.7108,1.4134,-2.3524,-0.8927
1.7341,-0.2599,1.0776,0.4297,-1.7745,0.3546,0.1997,-1.7469,-1.3712,-0.6231,0.133,3.8821,1.264,-1.9821,-1.801
1.4455,-0.2939,0.6441,0.9466,-1.7806,0.268,0.2359,-1.7436,-0.9824,-1.0969,0.8244,3.6358,1.0223,-2.6358,-1.8382
1.557,-0.4808,0.9602,0.6818,-1.9943,0.425,0.4688,-1.8081,-1.0064,-0.7916,0.7671,2.9333,1.2974,-2.153,-1.1408
1.5748,-0.4586,0.6677,0.7472,-1.9677,0.1197,0.4992,-2.2289,-1.1487,-1.0446,1.0429,3.1666,1.2093,-2.1144,-1.2773
1.8369,-0.265,0.4775,0.673,-1.9422,0.0262,0.3738,-2.7948,-1.071,-0.5203,0.7648,3.4656,1.2024,-1.6236,-1.2469
1.4503,-0.164,-0.6502,0.6888,-2.1442,0.1839,0.4545,-2.9331,-1.426,-0.4512,0.4642,2.9816,1.4761,-0.9542,-1.0869
1.7932,-0.3044,-0.3205,0.6244,-2.4166,0.348,0.0171,-3.7629,-0.6422,-1.0085,0.0962,3.5193,1.6718,-0.9149,-1.6649
1.543,-0.3409,-0.6611,0.9246,-2.5208,0.1899,-0.3639,-3.895,-0.7475,-1.7764,0.0769,2.9992,1.5655,-0.4941,-1.8519
1.8162,-0.7442,-0.9636,0.4922,-2.5454,-0.1757,-0.1566,-3.7648,-0.4921,-1.9124,-0.4072,2.9089,1.3429,-0.5038,-2.5468
1.7468,-0.8359,-0.6746,0.4119,-2.5713,-0.2979,-0.2638,-3.5932,0.1662,-1.5965,-0.727,2.671,1.2248,-0.6292,-3.1641
1.6813,-0.9363,-1.3304,0.8703,-2.8838,-0.3076,-0.7816,-3.4957,0.077,-2.3036,-0.6506,2.434,1.5157,-1.1606,-3.7799
1.6661,-0.8931,-0.8478,0.5586,-2.8251,-0.0583,-0.5229,-2.9,1.0113,-2.4321,-1.192,2.3591,0.898,-0.8572,-3.9923
1.649,-0.7839,0.0928,0.625,-2.6068,-0.06,-0.402,-2.7206,0.649,-2.5573,-1.0533,1.6725,0.9369,-1.418,-4.2162
1.4712,-0.7896,0.1973,0.092,-2.4716,0.0592,-0.3072,-2.1566,0.341,-2.8165,-0.6853,1.0255,0.8584,-2.1732,-4.2358
1.6225,-0.6745,0.6197,0.9939,-2.1983,-0.2723,-0.1476,-1.7083,-0.0686,-2.7572,-0.4072,1.3364,0.5098,-2.3427,-3.9771
1.5853,-0.6665,0.8505,0.7092,-2.1187,-0.2518,-0.1183,-1.3135,-0.4715,-2.8441,0.093,1.6439,0.1535,-3.1782,-3.6889
2.0177,-0.2428,0.9399,0.5601,-2.0294,-0.1203,0.0268,-0.7093,0.154,-2.4332,0.1745,1.6743,0.4969,-3.6991,-3.1865
2.1992,-0.1157,2.1151,0.6509,-1.8886,-0.5238,0.2849,-0.3084,-0.0155,-2.2116,0.9199,1.7908,0.1413,-3.8601,-2.908
1.9097,0.4382,2.8734,0.2332,-1.5388,-0.5275,-0.0044,-0.4535,-1.4246,-1.7993,1.3812,1.8875,0.0407,-3.9919,-1.9985
1.829,0.8225,2.9879,0.1437,-1.5372,-0.4299,-0.0503,-0.9955,-1.6656,-1.9453,1.7203,2.9661,0.0635,-3.605,-1.9673
1.5415,0.6766,2.4335,-0.1929,-1.4463,-0.388,-0.1572,-0.7952,-1.9127,-1.7338,1.2551,2.9922,-0.0904,-3.5932,-1.5533
1.413,0.452,2.2528,-0.3189,-1.3143,-0.5567,0.1322,-0.8526,-1.7068,-1.6301,0.9491,3.5794,-0.1695,-3.1434,-1.6208
1.5719,0.1854,1.9576,0.2014,-1.3951,-0.4836,0.1778,-1.0755,-1.892,-1.328,1.258,3.5127,-0.2109,-3.597,-1.5569
2.0966,0.2138,2.2051,-0.017,-1.8242,-0.5679,0.2503,-0.471,-1.5749,-1.4923,1.2424,3.3004,-0.2016,-3.6457,-1.5448
1.6793,0.7567,1.8401,-0.1301,-1.4702,-0.6144,0.2045,-0.6334,-2.1451,-1.0952,0.7615,3.2805,-0.3265,-3.1582,-1.1154
1.4431,0.2661,1.7441,-0.011,-1.7727,-0.2371,0.5666,-0.4927,-1.6551,-1.5728,0.7109,3.4703,-0.1688,-3.0644,-1.1148
1.3649,-0.0312,1.4856,0.1758,-1.7246,-0.1169,0.3763,-1.0384,-2.0213,-1.5099,0.6889,3.3005,0.4041,-3.1383,-1.1605
1.4219,-0.1518,1.5898,0.3194,-1.8531,0.0839,0.3026,-1.3738,-1.974,-1.4921,0.5756,2.8012,0.617,-2.5975,-1.0649
1.5362,0.0048,1.3927,0.2429,-1.8031,-0.138,0.3085,-1.4741,-1.8676,-1.0803,0.7886,2.6889,0.3505,-1.4694,-0.6133
1.534,-0.0603,1.0123,0.14,-1.8529,-0.2964,0.2378,-2.2668,-1.6168,-0.8763,0.5936,2.6851,0.5789,-1.8427,-0.4646
1.6271,-0.0189,0.5756,-0.2319,-2.1226,-0.0936,0.2531,-2.0308,-1.6294,-0.8613,0.2152,2.4179,0.7197,-1.2631,-0.5668
1.2335,0.0025,-0.1331,0.1848,-2.051,-0.0164,0.6091,-2.2182,-1.3607,-1.4382,0.1074,2.4664,1.1505,-0.7679,-0.8315
1.5476,-0.3703,-0.5046,0.8799,-2.2396,-0.0371,0.2021,-2.6044,-0.8458,-1.5227,-0.201,1.3204,1.2347,-0.779,-1.3575
1.3818,-0.5755,-0.3408,1.3454,-2.3779,0.0168,0.2086,-3.1204,-0.7348,-1.6485,0.0182,1.7036,1.3723,-0.8222,-1.578
1.4652,-0.6295,-0.3727,0.9615,-2.2855,0.1486,0.009,-3.3609,-1.406,-1.4529,-0.0316,1.8474,1.2272,-0.598,-1.5809
1.3868,-0.6202,-0.6107,0.9336,-2.4239,0.4343,-0.2452,-3.9431,-1.1216,-1.2685,-0.0589,1.5631,1.4523,-0.6402,-1.4334
1.3799,-0.872,-1.0324,0.8246,-2.8021,0.1528,-0.035,-3.7116,-0.1063,-1.4182,-0.4366,1.4528,1.2699,-0.1976,-1.9007
1.5555,-0.9143,-1.1526,1.3044,-2.9642,0.0661,-0.5308,-3.4821,-0.4775,-2.0691,-0.2267,1.2293,0.9781,-0.0119,-2.4108
1.5983,-0.7154,-1.3547,1.3087,-2.8312,0.3805,-0.6016,-3.9925,0.048,-2.4776,-0.3263,1.323,1.0833,-0.119,-2.9524
1.7707,-0.5225,-1.2698,0.8604,-2.8498,0.1496,-0.698,-4.0774,0.2049,-2.6547,-0.6867,1.5629,1.2773,-0.3969,-2.9262
1.4542,-0.7784,-1.3398,1.071,-2.9304,0.2481,-0.7314,-3.873,0.2742,-2.5667,-0.6814,1.2871,1.0654,-0.8225,-3.1261
1.841,-0.8278,-0.5906,1.0486,-3.1319,0.3617,-0.647,-2.9322,0.8292,-2.4271,-0.7479,1.4628,0.9416,-0.7254,-3.2495
1.6042,-0.6603,0.0069,1.0646,-3.0574,0.2245,-0.5205,-2.5881,0.5128,-3.1456,-0.5285,1.8026,1.0423,-1.0775,-2.8828
1.6551,-0.5869,0.1133,0.6385,-2.7657,-0.2151,-0.4272,-2.3327,-0.1478,-2.6217,-0.4784,1.9649,0.9004,-1.4314,-3.1664
1.3168,-0.7109,0.2914,0.854,-2.7013,-0.1547,-0.4423,-1.754,-0.134,-2.9332,-0.2113,2.433,0.5063,-2.2029,-3.0883
1.4268,-0.515,0.3274,0.9325,-2.6351,-0.2341,-0.344,-1.7776,-0.4025,-2.7706,0.0925,1.9658,0.2553,-2.726,-2.9744
1.4554,-0.455,1.0043,1.0498,-2.3879,-0.187,0.0141,-1.029,-0.104,-2.5768,0.5434,2.1333,-0.0516,-2.7461,-2.7157
1.9144,-0.2992,1.3941,0.8441,-2.31,-0.4779,-0.2601,-0.6489,-0.007,-2.6556,0.6669,1.8762,0.1446,-3.1024,-2.83
1.689,0.0433,1.9309,0.577,-2.0162,-0.8358,-0.3185,-0.7855,-0.9434,-1.9181,0.5756,2.4548,0.0985,-3.4327,-2.067
1.7492,0.194,1.6768,0.3505,-2.0905,-0.5418,0.0518,0.0399,-0.8402,-2.1151,0.6507,2.156,-0.0615,-2.8697,-1.9239
1.7293,0.3794,1.8295,0.3066,-2.2245,-0.4592,0.0932,-0.2376,-1.7121,-2.0477,0.6399,2.2301,0.2931,-3.0865,-1.9004
1.5478,0.4746,2.1204,0.2527,-2.0352,-0.3047,-0.1022,-0.7732,-1.7111,-2.0577,0.9134,2.4242,0.1442,-2.8541,-1.4692
1.7525,0.4785,2.6382,0.1472,-1.8453,-0.3764,0.0009,-0.8795,-1.7523,-1.4796,1.0394,2.4443,0.3824,-2.2613,-1.1191
1.7706,0.3233,1.6235,0.7608,-2.0082,-0.7252,-0.4881,-0.8266,-1.763,-1.2964,1.1903,2.4457,0.2717,-2.058,-0.8198
1.5972,0.2628,1.2821,0.6183,-1.9364,-0.7758,-0.4182,-1.4343,-1.8189,-1.1124,0.9363,2.4853,0.358,-2.4465,-1.0662
1.4209,0.1472,1.0492,0.4136,-2.0099,-0.6945,-0.196,-1.6972,-1.6651,-1.0621,0.7682,2.8408,0.428,-2.1343,-1.0436
1.3221,-0.0457,0.6736,0.5917,-2.3052,-0.4281,0.0566,-1.5745,-1.2018,-1.2492,0.7726,3.1183,0.5184,-2.0946,-1.259
1.7369,-0.0408,0.9194,0.7419,-2.5388,-0.4619,0.5183,-1.6406,-0.9192,-1.7478,0.8067,2.6191,0.5955,-1.543,-1.4246
1.5868,-0.0636,0.9126,0.3107,-2.3057,-0.6126,0.4673,-1.6563,-1.1719,-1.3281,0.5891,2.5315,0.963,-1.9807,-0.9507
1.3538,0.3001,0.827,-0.0091,-2.61,-0.7775,0.2118,-2.2945,-1.5633,-1.4845,0.5173,2.9437,1.1379,-2.3272,-1.1022
1.388,-0.0363,0.7463,0.5906,-2.5084,-0.8487,0.2212,-2.0975,-1.2689,-1.6043,0.4663,3.6442,0.9602,-1.8028,-1.3105
1.5933,-0.0606,0.667,0.6749,-2.82,-0.5658,0.1579,-2.0574,-0.9235,-1.7823,0.4527,3.2337,0.9209,-2.3564,-1.2857
1.2764,0.046,0.6459,0.4685,-2.6367,-0.2268,-0.068,-2.2833,-0.8637,-1.9421,0.3202,3.0305,0.6841,-2.1694,-1.3739
1.2052,-0.0889,0.4675,0.2619,-2.5923,-0.3306,-0.1611,-1.9049,-0.8397,-1.4893,0.3497,2.6845,0.5716,-1.7236,-1.1157
1.471,-0.1256,0.3708,0.4536,-2.7055,-0.7271,-0.3711,-2.3109,-1.1509,-1.8878,0.041,2.3933,0.7468,-1.0134,-1.4469
1.5165,-0.2576,0.8528,0.6169,-2.9604,-0.4985,-0.7946,-2.5048,-1.1756,-1.6925,0.0759,2.151,0.6077,-0.9581,-1.6253
1.463,-0.0128,1.1087,0.7342,-2.7491,-0.3182,-0.8499,-2.9788,-1.1042,-1.904,0.3596,2.2657,0.6647,-0.883,-1.8767
1.6634,-0.0418,0.4815,1.0678,-2.5007,-0.1789,-0.6276,-3.3206,-1.9424,-2.0565,0.7103,2.9228,0.554,-1.047,-1.5618
1.434,0.142,-0.6463,0.3341,-2.656,-0.3914,-0.8514,-3.1865,-1.4719,-1.9312,0.1401,2.771,0.9495,-1.0399,-1.7101
1.5178,-0.2803,-0.7907,0.5849,-3.0264,-0.2847,-0.6033,-3.2251,-0.0104,-2.099,-0.3252,2.5211,1.0694,-1.1241,-1.8218
1.4588,-0.4601,-0.9075,0.5997,-3.0792,-0.3256,-0.6398,-3.4403,-0.6626,-2.7593,-0.013,1.7216,1.5039,-1.0697,-2.2713
1.5479,-0.3838,-0.3184,0.7898,-2.9561,-0.2041,-0.7291,-3.3359,-0.071,-2.5235,0.0106,2.1328,1.4297,-1.2576,-2.8954
1.7309,-0.3452,-0.0938,0.5049,-2.9214,-0.8086,-0.9633,-3.2164,-0.189,-2.575,0.0252,1.6134,1.2228,-1.6599,-3.3313
1.2264,-0.2803,-0.0925,0.8021,-2.7818,-0.3634,-0.8062,-3.1904,-0.2813,-2.2604,0.3856,1.4666,1.0598,-1.2372,-3.4513
1.3461,-0.3233,-0.3565,0.9573,-2.7675,-0.6589,-0.9136,-2.8266,-0.3118,-2.9409,0.0107,2.1063,1.0377,-1.4451,-3.8237
1.4478,-0.1961,-0.0698,1.0162,-2.7486,-0.3981,-0.9402,-3.2825,-0.1158,-3.1003,0.3631,1.6957,1.077,-2.1791,-3.7106
1.4934,-0.1069,-0.2526,0.8899,-2.8715,-0.3753,-0.3506,-2.5456,-0.0173,-3.1199,0.3603,1.5579,0.7012,-2.3992,-3.5874
1.4348,-0.2227,-0.0726,0.9904,-2.7676,-0.2126,-0.709,-2.1054,-0.0498,-2.9764,0.256,1.5795,0.857,-2.6022,-3.1798
1.4167,-0.3842,0.273,0.6786,-2.7967,-0.0726,-1.0657,-1.5868,0.5136,-2.8688,0.1912,1.9253,0.5167,-2.287,-3.1848
1.5579,-0.4243,1.0008,0.5016,-3.0057,-0.7777,-1.1609,-1.214,0.2872,-2.8422,0.0643,1.9341,0.2987,-2.6244,-3.1859
1.6376,-0.2091,1.0935,0.5098,-3.099,-0.5978,-1.13,-0.4462,0.5277,-3.2192,0.2116,1.4998,0.1588,-2.9223,-3.3313
1.6317,0.0162,1.8226,0.629,-2.8771,-0.7135,-1.0275,-0.1263,0.2845,-3.699,0.6197,1.7816,0.0529,-3.6464,-3.7558
1.488,0.0551,2.5884,1.061,-2.0099,-0.6615,-0.7811,-0.0347,-0.8643,-3.5195,1.3511,2.0759,-0.1759,-4.6004,-3.8601
1.5791,0.334,2.6234,0.6714,-1.8297,-0.4808,-0.3753,0.2309,-1.6196,-2.35,1.9015,2.6107,-0.3221,-4.1899,-2.8328
1.4304,0.653,2.4722,0.0211,-1.5905,-0.2209,-0.4493,-0.0495,-1.7689,-1.8958,1.6143,2.9181,-0.2963,-4.1059,-2.5416
1.4079,0.8039,2.797,0.3513,-1.5176,-0.2743,-0.2191,-0.4261,-1.5455,-1.3108,1.9387,3.4162,-0.1941,-3.5954,-1.917
1.2808,0.8261,2.2629,0.1392,-1.3861,-0.2333,0.1309,-0.7363,-2.0339,-1.2029,1.781,3.1795,0.0572,-3.6695,-1.7722
1.275,0.5911,2.4439,0.467,-1.6235,-0.316,0.2276,-0.3511,-1.5197,-1.1602,1.837,3.6105,0.4032,-3.2881,-1.3558
0.9442,0.5992,2.22,0.0432,-1.5537,-0.0497,0.3955,-1.7395,-2.392,-0.6321,1.4182,3.7825,0.7801,-3.0826,-1.0116
1.2482,0.4945,1.479,0.4543,-1.8041,0.0305,0.5715,-1.7448,-1.7954,0.0569,1.2322,4.0122,1.1366,-1.8985,-0.9559
0.9386,0.537,0.7849,0.51,-2.1731,-0.0579,0.0101,-2.6594,-1.9815,-0.2026,1.0305,3.894,1.3654,-1.6794,-0.5444
1.1509,0.3734,0.4781,0.4931,-2.3752,0.1628,-0.0273,-3.7786,-1.5717,-1.0354,0.6321,3.4974,1.8592,-0.908,-1.0305
1.3195,0.054,-0.0881,0.8645,-2.403,0.0955,-0.2842,-4.2861,-1.284,-0.8932,0.4994,3.3564,1.8629,0.0287,-0.9812
1.1391,-0.0963,-0.7505,1.0492,-2.6265,-0.1674,-0.5032,-3.8203,-1.0381,-0.6867,0.3723,3.4119,1.8684,0.3555,-1.3262
1.2932,-0.0697,-0.4898,1.0796,-2.873,-0.0003,-1.0039,-3.9545,-0.289,-0.671,0.0411,2.3868,1.6743,-0.0901,-1.8917
1.2637,0.0504,-0.8488,0.9899,-2.9211,-0.2171,-0.9536,-3.9353,-0.7365,-0.8861,-0.1699,2.1819,1.3513,-0.2932,-2.0071
1.2098,-0.1809,-0.7768,0.673,-3.1196,-0.082,-0.8085,-3.7031,0.4817,-1.9504,-0.2604,1.7997,1.5135,0.0398,-2.9773
1.2331,-0.4018,-0.3823,0.9492,-2.9389,-0.1686,-1.1201,-3.5155,0.7107,-2.3213,-0.3283,1.3809,0.9573,-0.2793,-3.4209
0.8947,-0.6603,-0.036,1.4522,-2.6247,-0.2397,-0.7133,-3.5331,-0.2091,-2.4904,0.1814,1.5153,0.9914,-0.6681,-3.4549
1.3516,-0.5573,0.1645,0.9493,-2.5797,-0.4701,-0.6245,-2.8704,0.0448,-2.1019,0.102,1.5304,1.1221,-1.1258,-2.9478
1.8068,-0.0409,0.0565,0.9314,-2.7134,-0.464,-0.317,-2.8341,-0.1611,-2.1071,0.1983,2.0385,1.0825,-1.7594,-3.1158
1.7117,0.0018,0.4524,1.0719,-2.5725,-0.4784,-0.4106,-2.4161,0.2734,-1.4744,0.1937,1.765,1.2,-1.9001,-2.3749
1.669,0.0941,0.8352,1.4666,-2.5636,-0.6988,-0.8869,-1.7251,0.25,-1.7079,0.9085,2.4149,1.17,-1.9665,-2.2489
1.2689,0.3437,1.572,1.0652,-2.766,-0.4737,-0.687,-1.9204,-0.4435,-2.002,1.2343,2.0296,0.8077,-2.866,-2.2523
1.1043,0.2248,1.3223,1.0644,-2.5088,-0.1968,-0.9053,-2.0638,-0.9002,-2.4695,1.3447,1.9632,0.8939,-3.1159,-2.2423
0.9226,0.5416,0.8801,0.9632,-2.2636,-0.0804,-0.3642,-1.704,-1.1438,-1.9906,0.9432,2.0066,0.8968,-2.6389,-2.1533
1.2163,0.2603,1.0978,1.1445,-2.2396,-0.2179,-0.6761,-1.8251,-0.985,-2.4991,1.1388,2.0908,0.841,-2.6497,-2.2195
1.5513,0.3889,1.7357,1.6395,-2.0778,-0.1453,-0.9167,-1.5677,-0.9089,-1.8154,1.8624,2.0181,0.8282,-2.793,-2.0452
1.5095,0.7401,1.7868,1.453,-2.1527,-0.1098,-0.8168,-1.627,-1.0427,-0.9589,2.1492,2.789,0.6632,-2.474,-1.074
1.6024,1.0632,1.1414,0.7618,-2.1592,-0.0424,-0.7831,-2.0046,-1.7422,-1.2316,1.7078,2.5054,1.1263,-2.5894,-1.0915
1.082,0.8884,0.9312,1.091,-2.1003,0.043,-0.7715,-1.9076,-1.124,-1.683,1.1408,2.1803,1.0682,-2.1746,-1.2757
1.3272,0.4146,1.6443,0.7209,-2.3702,0.1055,-0.8882,-2.6803,-1.164,-1.9079,0.7241,2.6438,1.2327,-2.6579,-1.386
1.3327,0.38,1.2319,1.0446,-2.2292,0.1755,-0.7186,-2.6395,-2.1493,-1.7642,1.1329,2.6592,1.2277,-2.2238,-1.5744
1.094,0.4152,0.4583,0.8905,-2.2786,0.1568,-0.3439,-2.4481,-0.9832,-1.7137,1.0835,2.2815,1.1853,-2.0422,-1.9766
1.1558,0.3946,0.4757,0.2923,-2.234,-0.1999,-0.5934,-2.3824,-0.4956,-1.7538,0.5235,2.5216,1.3592,-1.8358,-1.6758
1.6074,0.4525,0.8406,0.7898,-2.293,0.0092,-0.4352,-2.1393,-0.7823,-2.3878,0.5265,2.401,1.4172,-1.6377,-2.2646
1.423,0.6398,0.811,0.4683,-2.3282,-0.1606,-0.6295,-2.2681,-0.6479,-2.5073,0.3947,2.7461,1.268,-2.2231,-2.8107
1.414,0.4155,0.5335,0.6434,-2.1672,-0.1005,-0.906,-2.4344,-0.6665,-2.5542,0.4004,2.4925,1.444,-2.3268,-2.6608
1.4654,0.3905,0.758,0.7089,-2.1006,-0.2618,-0.8705,-2.6462,-0.5937,-2.4497,0.5945,2.0613,1.3925,-2.5443,-2.7587
1.2617,0.4946,0.2582,0.6222,-2.2611,-0.1566,-0.5998,-2.4041,0.241,-2.3381,0.6595,1.6575,1.1343,-3.2298,-2.5562
1.3352,0.0735,0.4993,0.6706,-2.2276,-0.0675,-0.6947,-1.4754,0.4385,-2.4722,0.6451,1.4096,0.8809,-2.7481,-2.7868
1.7843,-0.0489,1.652,0.8945,-2.1999,0.1689,-0.6805,-2.0551,-0.3332,-2.3468,0.7645,1.4779,1.0217,-3.7614,-2.5489
1.3755,0.3253,1.1293,0.775,-2.1492,0.022,-0.3653,-1.2791,-0.3844,-2.2462,1.1319,1.8653,0.7224,-3.6379,-2.8949
1.3824,0.2264,1.4553,0.8192,-2.0443,-0.0633,-0.8474,-1.6715,-0.8952,-2.0648,0.9334,2.34,0.591,-3.5995,-2.2868
1.2,0.4753,1.2868,0.6156,-2.116,0.0046,-0.8969,-0.5607,-0.7655,-2.1946,1.1659,2.7384,0.3467,-2.8771,-2.0268
1.5173,0.3681,2.1792,0.7774,-2.2167,-0.3724,-0.7772,-0.9546,-0.9388,-2.4197,1.2157,2.4805,-0.0044,-3.4892,-2.1015
1.2869,0.5529,2.9704,1.6325,-1.9835,-0.1723,-0.8361,-0.7446,-0.9074,-2.3554,2.2274,2.6347,0.2079,-3.2766,-2.1217
1.2188,0.6443,3.0738,0.8629,-1.4615,0.2276,-0.7554,-1.2568,-1.7737,-2.0868,2.5248,3.4322,0.4295,-3.4165,-1.5014
1.389,0.9849,2.3815,1.0359,-1.305,0.124,-0.4657,-1.4045,-2.1949,-1.021,2.8192,3.4502,0.5777,-3.0763,-1.0806
0.9039,1.1185,1.3309,0.7438,-1.5675,0.0785,-0.2482,-1.6899,-2.1977,-0.9003,2.4218,3.8546,0.8112,-3.1237,-1.098
1.1138,0.9617,1.7506,0.2536,-1.8108,0.0891,-0.2705,-1.7069,-1.3398,-1.4514,1.7343,3.6195,1.0498,-3.4399,-1.3074
1.1507,0.4355,1.6818,0.3383,-1.761,0.0283,-0.3918,-1.3969,-1.843,-1.6416,1.3875,3.3113,1.0993,-3.1815,-1.3993
0.7312,0.5779,1.9292,0.4243,-1.8089,0.5843,-0.3343,-1.7583,-1.6961,-1.5516,1.2193,3.3534,1.1786,-2.7251,-1.3614
1.1314,0.6535,1.976,0.4354,-2.0231,0.3036,0.0497,-1.8379,-1.6679,-1.3516,1.0905,2.9592,1.2447,-2.4165,-1.2967
0.7334,0.7934,1.6862,0.3068,-1.9176,0.4498,0.1774,-1.8769,-2.5317,-1.146,1.0397,3.0378,1.3051,-2.0128,-1.3884
0.3939,0.4581,0.8554,0.5166,-2.0043,0.6842,0.1603,-2.7037,-1.6772,-1.2709,0.9676,2.1107,1.5184,-1.7214,-1.3802
0.9185,0.364,0.6027,0.4078,-1.8686,0.3314,-0.1569,-2.6402,-1.0778,-1.5478,0.6595,2.3241,1.8836,-1.1377,-1.5357
0.7532,0.5386,0.5364,0.213,-1.8795,0.3544,-0.8048,-3.3243,-1.0056,-1.4553,0.5211,1.7111,1.9667,-1.3472,-1.9881
0.9339,0.3886,-0.3346,0.7319,-1.923,0.2934,-0.4404,-2.9242,-0.5619,-1.1242,0.5038,1.5492,1.8016,-1.3006,-1.961
0.8158,0.5766,0.1936,1.2035,-2.3658,0.5584,-0.6458,-2.9592,-0.2179,-1.336,0.9375,1.5018,1.8263,-1.0334,-1.6473
1.0846,0.5421,1.0549,0.7929,-2.5227,-0.0207,-0.401,-2.8915,0.2801,-1.7879,1.0035,2.1822,1.7229,-1.0012,-1.8018
1.1034,0.4312,1.28,1.0644,-2.4354,0.0688,-0.75,-3.0407,-0.5171,-1.8921,1.3626,2.6642,1.7247,-1.7071,-1.898
1.0154,0.6771,1.3575,0.778,-2.5421,0.3671,-0.5548,-3.8386,-1.0579,-2.3285,1.0309,2.8441,1.6861,-1.023,-2.099
1.0395,0.5271,0.8364,0.6479,-2.3432,0.126,-0.3203,-3.7885,-1.6994,-1.7968,0.6953,2.6104,1.6719,-0.3427,-2.3894
1.011,0.6243,0.5312,0.7492,-2.4307,-0.1297,-0.5085,-3.4924,-1.358,-2.0164,0.7419,2.5597,1.8367,-0.1412,-2.708
1.1865,0.7378,0.8407,0.5949,-2.6353,-0.0606,-0.25,-3.647,-0.7718,-2.162,0.705,2.7155,1.9177,-0.1774,-2.611
0.9093,0.7646,0.3971,0.9108,-2.5254,0.3843,-0.7477,-4.4485,-1.2158,-1.8647,0.6895,2.5011,2.0502,0.2406,-2.7803
0.9801,0.5419,0.2772,1.1742,-2.8583,0.4024,-0.8992,-4.5188,-1.2044,-1.7876,0.5278,2.3073,2.221,0.5812,-2.4722
1.0167,0.6265,-0.5449,1.3183,-2.4541,0.0614,-1.2008,-4.2188,-0.4493,-2.0124,0.6504,1.9023,2.0513,0.1455,-2.1988
1.1641,0.2245,-0.3161,1.4898,-2.5227,-0.127,-1.2875,-3.7863,0.1263,-1.9051,0.8125,2.0721,2.2476,-0.0618,-2.3864
0.8443,0.4688,-0.3092,1.0069,-2.7078,-0.0374,-1.2275,-3.9778,-0.5833,-2.4681,0.8483,1.7407,2.2023,-0.2081,-2.6654
0.7361,0.2634,-0.8549,1.154,-2.3873,0.3404,-1.4191,-4.2403,-0.61,-2.0023,0.4269,2.1251,2.0066,0.3921,-3.218
1.4735,0.2666,-0.9317,1.2657,-2.4419,-0.4286,-1.0154,-4.4823,-0.0426,-1.6166,0.2724,1.8683,1.7922,0.0511,-3.4156
1.0756,0.4474,-0.6349,0.9609,-2.5618,-0.4748,-0.6891,-3.8062,0.5085,-1.6405,-0.0598,1.7327,1.9408,-0.443,-3.7789
1.3373,0.4124,-0.1125,1.3614,-2.5466,-0.5422,-0.5951,-2.7278,0.8896,-2.1722,0.4757,1.5495,1.5429,-0.6747,-3.6994
1.2513,0.288,0.4028,1.1716,-2.5961,-0.4907,-0.9018,-2.6366,0.7667,-2.3494,0.3693,1.7007,1.5574,-1.2188,-3.5215
1.6779,0.343,1.2853,0.9058,-2.5049,-0.5898,-0.8218,-1.8522,0.7512,-2.4493,0.8674,2.0707,0.9582,-1.5079,-3.5889
1.038,0.6868,2.0011,0.774,-2.2459,-0.4644,-0.4671,-1.3135,0.3894,-1.9342,1.4031,2.5295,0.9564,-2.0513,-3.1061
0.9938,0.7187,2.2103,0.7689,-1.928,-0.2843,-0.4398,-1.2011,-0.43,-2.2783,1.668,2.238,0.8282,-2.2694,-2.794
0.9715,0.6101,2.2747,0.7772,-2.1745,-0.1352,-0.4569,-1.2958,-1.7338,-2.2937,1.8554,2.9501,0.8149,-2.4722,-2.7733
1.0583,0.9106,1.9462,1.0262,-2.0085,-0.1107,-0.5585,-1.2389,-1.3469,-2.1564,2.1293,2.5773,0.9839,-1.9507,-2.738
1.1481,0.9873,1.9977,1.0053,-1.9158,-0.136,-0.4643,-1.9813,-1.5802,-2.1652,2.0991,2.5461,0.8507,-1.8088,-2.614
1.1873,1.0672,1.5476,0.9132,-1.9105,-0.1149,-0.3251,-2.3064,-1.6587,-1.3789,1.9651,2.72,1.1493,-2.0665,-2.0307
1.328,1.0342,1.2787,0.8414,-1.9222,-0.0836,-0.1535,-2.124,-1.4962,-1.4143,1.6411,3.2708,1.0076,-1.1962,-1.7203
1.1734,0.6089,1.1415,0.9298,-1.9987,0.0245,-0.1206,-2.5627,-1.2155,-1.035,1.3176,2.7593,1.3085,-0.8814,-1.9086
1.1395,0.3943,0.8781,1.0514,-1.839,-0.0431,0.0041,-2.9928,-0.827,-1.3483,1.1868,2.8548,1.6211,-1.4148,-1.8619
1.2145,0.4893,0.4829,1.2842,-1.9584,-0.0383,-0.0416,-3.1574,-0.2181,-0.9933,1.2791,2.7086,1.6814,-1.3279,-1.9937
1.2046,0.6424,1.0744,0.7911,-2.0296,-0.1294,-0.4823,-3.5312,0.3511,-0.9255,1.1277,2.7747,1.7817,-2.0911,-1.6241
1.5067,0.6955,0.6238,0.7594,-2.1292,-0.3666,-0.3603,-2.5493,0.2204,-1.7561,0.8131,2.8251,1.2532,-2.0625,-2.0442
1.416,0.6063,0.1729,0.8299,-2.0761,-0.1843,-0.5184,-1.5622,0.091,-1.4006,0.8034,2.6917,1.0409,-2.1089,-2.4543
1.2449,0.6875,1.5271,1.1054,-2.1215,-0.2868,-0.7766,-1.448,-0.0536,-1.6574,1.4419,2.7334,0.6939,-2.5436,-2.5182
1.1037,0.5936,1.7774,1.3428,-2.2481,-0.3758,-0.8366,-1.4028,-0.2578,-1.5499,1.1618,3.0701,0.4197,-2.6699,-2.5853
1.4065,0.6924,2.5334,0.6913,-2.0569,-0.3143,-0.7816,-1.1966,-0.962,-1.6455,1.1609,2.8895,0.2779,-2.6282,-2.6043
1.7247,0.8708,2.6904,0.9354,-1.7836,-0.2939,-0.4166,-1.1817,-1.4477,-1.9144,1.693,2.3332,0.2375,-3.5486,-2.4594
1.0477,1.0512,2.4247,1.0272,-1.7346,-0.4543,-0.4629,-0.8546,-1.6132,-1.0946,2.3445,2.3772,0.2454,-2.7868,-1.9534
1.2423,1.3429,2.6101,0.9779,-1.6414,-0.1847,-0.0809,-1.1681,-1.4312,-1.6511,2.3005,3.3499,0.5682,-2.9613,-1.8741
1.2084,1.2563,2.4796,0.6164,-1.2697,0.1044,-0.2644,-2.1381,-1.379,-1.5773,2.1422,3.6644,0.7328,-3.0444,-1.6986
1.0773,1.2983,2.1418,0.8292,-1.1045,0.194,-0.1735,-2.217,-2.2814,-1.0119,2.0247,3.7342,1.019,-2.4152,-1.4815
1.7498,1.2268,2.0432,0.8311,-1.3999,-0.1998,0.2256,-2.5262,-2.0915,-0.054,1.8837,3.7577,1.1029,-2.0183,-1.292
1.4858,1.1743,1.3168,1.4356,-1.5196,0.0235,0.2875,-2.2601,-1.0098,-1.1441,2.0721,3.5532,1.226,-1.4676,-1.0825
1.51,1.2378,0.9472,0.5733,-1.6033,0.1643,0.0106,-3.3767,-1.4601,-0.3414,1.6144,3.4074,1.8658,-1.3494,-0.7573
1.3092,0.9312,0.4687,0.6564,-1.9415,0.2013,-0.1743,-3.5423,-1.1235,-0.242,0.9537,3.7516,1.8505,-0.5146,-0.9308
1.495,0.8405,0.558,0.5582,-2.0422,-0.0358,-0.2516,-3.9192,-1.6698,-0.8829,0.7667,2.794,1.8167,-0.1611,-1.6478
1.3341,0.7932,0.3096,0.4316,-2.1679,0.1463,0.052,-4.404,-1.1197,-1.1995,0.6192,2.6684,1.952,-0.278,-2.2759
1.5184,0.522,0.4717,0.3902,-2.4413,-0.0232,-0.0499,-4.3012,-0.4863,-1.829,0.5517,2.0074,2.1759,0.3913,-2.4436
1.4255,0.468,0.0898,0.8759,-2.1886,-0.1751,0.0172,-4.1156,-0.2217,-1.2176,0.9983,1.9742,1.7887,0.378,-1.9725
1.2702,0.6791,-0.0797,1.0017,-2.287,-0.1167,-0.1669,-4.6846,-0.2157,-1.5474,1.0843,1.9662,2.3372,0.1268,-2.3189
1.4235,0.622,-0.496,0.8455,-2.1622,-0.1519,-0.406,-5.029,-0.1786,-1.9434,0.4477,2.7931,2.3577,-0.1014,-2.5385
1.5579,0.2836,-0.7748,1.4696,-2.2162,0.1433,-0.5531,-4.8694,-0.0566,-1.4427,0.3711,2.4825,2.1496,-0.3592,-2.8246
1.608,0.0281,-0.9071,0.9708,-2.3566,0.0787,-0.5096,-4.032,0.5057,-1.8567,0.1283,1.9583,1.8481,0.0522,-3.1203
1.4194,0.1348,0.0095,1.2985,-2.4054,0.0205,-0.2189,-3.646,0.8895,-1.6009,0.5374,1.7732,1.7927,-0.6083,-3.0678
1.5795,0.3855,0.2869,1.6203,-2.4389,-0.1214,-0.4665,-3.0664,0.5097,-2.1055,0.9582,1.4572,1.7645,-1.5004,-2.789
1.5229,0.4624,0.9394,1.5085,-2.3717,-0.1566,-0.4055,-2.4875,-0.2455,-1.9238,1.3536,1.7103,1.3415,-1.6466,-2.9437
1.5801,0.6121,1.0962,1.4747,-2.1522,0.0472,-0.6976,-2.4491,-0.2809,-1.9729,1.4776,1.8708,1.3847,-2.1618,-2.8381
1.7231,0.7182,1.8922,1.2684,-2.0323,-0.0938,-1.1425,-1.974,-0.7983,-1.9202,1.6584,2.3383,1.1382,-2.2663,-2.4605
1.6746,0.9841,1.9121,0.7428,-2.0383,-0.2148,-0.5715,-1.7327,-1.4815,-1.692,1.5334,2.7562,0.7496,-2.5793,-2.7251
1.4588,1.2411,1.5638,0.8607,-2.016,-0.0755,-0.2392,-2.3069,-1.6131,-1.6773,1.6569,2.6578,0.7987,-1.9024,-2.3791
1.4821,0.9505,1.4949,1.159,-1.7762,-0.0061,-0.4167,-1.993,-1.5779,-2.0435,2.0585,2.7776,0.8827,-1.6829,-2.7185
1.3798,1.0081,1.5127,0.8783,-1.5928,0.1478,-0.3778,-2.5291,-1.309,-1.9334,1.7094,2.6923,0.789,-2.0518,-2.8497
1.4544,0.4602,1.1439,0.975,-1.5758,0.1597,-0.7757,-2.3445,-1.0854,-1.9705,1.8142,2.9765,0.7547,-1.591,-2.2237
1.553,0.7538,1.4888,1.0471,-1.98,0.4442,-0.6806,-2.8391,-1.2711,-1.8507,1.5638,3.2346,0.9466,-2.0693,-2.4242
1.6389,0.6426,1.3664,1.3274,-1.7365,0.4582,-0.4559,-2.6641,-1.4043,-1.519,1.5964,3.0893,1.1882,-1.5428,-2.4071
1.3959,0.8352,1.1172,1.0729,-1.7964,0.2935,-0.1415,-2.855,-0.8387,-2.0724,1.706,3.2873,1.1793,-1.0979,-2.8339
1.4244,0.5147,1.3139,1.1896,-1.7132,0.1365,-0.431,-2.9806,-0.9025,-1.7183,1.9405,3.1852,1.1622,-1.191,-2.3009
1.5388,0.9597,0.8988,0.9908,-1.6776,0.0896,-0.3205,-2.9469,-0.6308,-1.3279,1.7132,3.3556,0.8759,-1.1861,-2.5402
1.6079,0.8559,1.588,0.8059,-2.1396,-0.2151,-0.0058,-2.7069,-0.7779,-1.496,1.6268,3.6008,0.8722,-1.774,-2.4867
1.8242,0.8603,1.6885,0.8802,-2.0709,-0.1291,-0.1144,-2.0615,-0.2914,-1.2885,1.9712,3.3909,0.7637,-1.2436,-1.7695
1.6282,1.0719,1.7392,1.1494,-2.0259,-0.1047,-0.0868,-2.6664,-0.9299,-1.744,2.1157,3.4316,0.9653,-1.7687,-1.7532
1.8092,1.086,1.7683,1.1281,-2.1661,-0.158,0.2092,-2.3088,-1.021,-1.8382,2.6011,3.4026,1.0328,-1.3471,-1.6229
1.8607,1.1126,1.8738,1.1538,-1.9379,-0.2393,-0.1531,-2.0614,-0.6426,-1.7325,2.6312,3.346,1.1395,-1.1631,-1.4874
1.7123,1.2845,2.3354,0.9797,-1.882,-0.2578,0.1642,-3.0034,-1.6416,-1.6646,2.594,3.489,1.4712,-1.5785,-1.5324
1.6286,1.231,1.6883,0.8349,-1.7154,-0.2273,-0.2367,-2.8636,-1.976,-1.4816,2.4904,3.3888,1.3077,-1.0096,-1.4427
1.515,1.0254,1.0126,0.8775,-1.712,-0.2693,-0.0372,-2.9754,-1.2917,-1.4009,2.1536,3.5716,1.3534,-0.6664,-1.2617
2.1306,0.6346,0.8615,0.9307,-1.8404,-0.2718,-0.3933,-3.1396,-1.3801,-0.8479,2.28,3.4766,1.4392,-0.2354,-1.1314
1.8664,0.9111,1.4063,1.0985,-1.9288,-0.2372,-0.229,-3.4662,-1.5749,-0.3934,2.1524,3.9011,1.3835,-0.2683,-1.0761
1.7776,0.7364,1.4462,1.3882,-2.0573,-0.1418,-0.4602,-3.8628,-1.703,-1.0044,2.2522,3.9098,1.685,-0.2823,-1.1236
1.6403,1.1736,0.6116,1.9179,-2.0627,-0.3594,-0.0374,-3.7938,-1.8265,-0.4636,2.639,3.5888,1.7156,0.6823,-1.1104
2.1614,1.1596,0.6119,0.98,-2.2499,-0.1101,-0.3129,-4.1698,-1.4261,-0.5781,1.9647,3.6402,2.0112,0.7776,-0.8243
1.6923,1.1136,0.1545,0.8341,-2.2895,-0.156,-0.4464,-4.4141,-1.1254,-0.7125,1.7552,3.4225,2.0049,1.0119,-1.1489
1.4657,0.9793,-0.8318,1.1893,-2.1295,-0.1976,-0.8074,-4.8493,-0.6446,-1.3664,1.2352,3.4796,2.0375,1.6048,-1.9183
1.7065,0.478,-0.7018,1.2791,-2.3263,-0.2523,-0.7117,-5.7083,-0.4313,-1.392,0.9852,3.0564,2.0843,1.5552,-2.3923
1.6983,0.3103,-1.3671,1.2861,-2.5811,0.0774,-0.5206,-5.1995,0.1072,-1.6509,1.1433,2.7848,2.059,1.4383,-2.7941
1.5354,0.5204,-1.2389,0.9696,-2.638,0.239,-0.4881,-4.9615,0.3228,-2.1718,0.3239,2.6799,2.2513,1.2437,-3.5055
1.6803,0.1109,-1.4438,0.9143,-2.7203,0.2782,-0.8229,-4.4206,0.8309,-2.484,0.1642,2.4113,2.1003,0.6593,-3.7586
1.8106,-0.125,-0.3197,1.0969,-2.5614,-0.0252,-0.4954,-3.9922,0.8471,-2.9904,0.5144,2.0804,1.7339,0.2717,-4.0359
1.754,0.0795,0.1583,0.9923,-2.6529,0.2818,-0.3449,-3.1756,0.6925,-2.7131,0.5936,1.8596,1.7255,-0.0279,-4.179
1.557,0.083,0.6236,1.0449,-2.4554,0.1642,-0.3291,-3.0082,0.7459,-3.1726,1.1717,1.9619,1.6792,-0.5398,-3.6847
1.6609,0.3528,1.0408,1.235,-2.3558,0.2322,-0.3399,-3.2426,-0.8375,-3.4986,1.5959,2.5016,1.6157,-1.2233,-4.1148
1.278,0.5862,0.9108,0.8415,-2.3092,0.4333,-0.2874,-2.9273,-0.6368,-2.989,1.6407,2.5433,1.5401,-1.1275,-3.9826
1.5443,0.6589,0.811,0.8501,-2.0795,0.2918,0.1442,-2.5876,-0.3232,-3.0501,1.8484,2.4488,1.5551,-1.2046,-3.5976
1.4267,0.7588,0.7626,0.451,-2.1244,0.4781,-0.5057,-2.5088,-0.8478,-2.6595,1.7872,2.4885,1.8401,-1.5005,-3.1197
1.516,0.8143,0.5907,0.6619,-1.9719,0.5053,-0.6499,-2.7115,-0.7155,-2.1283,1.7271,2.6414,1.716,-1.1499,-3.0574
1.6009,0.6543,1.0205,0.8521,-1.9514,0.5393,-0.5504,-2.1212,-0.0327,-2.2368,1.7238,3.1978,1.6276,-1.1067,-2.7465
1.7828,0.5775,1.7558,1.0887,-1.84,0.5561,-0.6374,-2.1144,-0.7438,-2.4689,2.0248,3.2872,1.3003,-1.2269,-3.0767
1.6354,0.7975,2.047,1.2396,-1.7287,0.4014,-0.3408,-2.2369,-1.63,-1.748,2.6454,3.0773,1.2668,-1.4732,-2.4527
1.6498,1.0785,1.9518,1.5189,-1.5415,-0.0224,-0.2335,-1.9691,-1.2909,-1.6081,3.1354,3.5841,1.4706,-0.8679,-1.8739
1.8649,1.4266,1.6958,1.1555,-1.2718,0.0839,-0.186,-2.6443,-1.4608,-1.5118,3.0106,4.2405,1.5509,-1.4074,-1.6817
1.7377,1.2226,1.2941,0.8533,-1.1889,-0.0877,0.072,-2.7087,-1.4541,-1.3106,2.9002,4.332,1.8466,-1.4339,-1.6086
2.1959,1.351,1.0976,0.5951,-1.5027,-0.2643,0.171,-3.0275,-1.6456,-1.4253,2.2509,4.2988,2.1195,-1.4125,-1.8846
1.8022,1.25,0.7277,0.5036,-1.7056,-0.0106,0.003,-2.5586,-1.6456,-1.8602,1.7272,4.1932,2.1989,-1.3906,-2.2171
1.6754,1.0311,0.9868,0.9985,-1.7624,-0.2527,-0.2834,-2.3979,-1.236,-2.0548,1.9769,3.5266,2.0494,-0.9787,-2.1314
1.8475,0.7499,1.4726,1.3161,-1.9981,0.0588,-0.0699,-2.291,-0.7286,-2.274,2.1585,3.2,1.7908,-1.0005,-2.4748
1.4714,0.9967,1.6887,0.9707,-1.7769,0.2752,-0.1732,-2.1793,-1.1164,-1.8405,2.181,3.4853,1.6757,-1.0673,-2.2002
1.7807,1.2578,2.1806,0.6321,-1.3175,0.126,-0.4634,-2.2693,-1.2487,-2.1742,2.1212,2.8501,1.8737,-1.0735,-2.2709
1.5797,1.1565,1.6407,0.6325,-1.1501,0.2329,-0.5224,-2.428,-1.4597,-1.7085,1.8479,2.3686,1.7184,-1.1776,-2.3375
1.6711,0.9854,1.4799,0.5866,-1.3877,0.1408,-0.01,-2.3995,-1.3024,-1.5894,1.682,2.6475,1.3723,-1.3289,-2.3649
2.1244,1.2188,1.2084,0.5902,-1.513,-0.0672,-0.1974,-1.9604,-0.9758,-1.5922,1.6067,2.8207,1.2407,-1.23,-2.487
2.2324,0.9452,1.422,1.1253,-1.6083,-0.1935,0.0141,-1.9381,-0.7128,-1.9867,1.8022,2.6551,1.1401,-1.2704,-2.4473
1.9221,1.2129,1.4318,0.7197,-1.8153,-0.3489,0.0253,-1.4054,-0.862,-2.1061,1.8377,2.4086,1.3272,-1.4777,-2.6765
1.8239,0.9158,2.1806,0.8742,-1.7364,-0.2306,-0.1283,-1.3877,-0.9211,-3.0921,2.3117,2.8801,1.7532,-1.8323,-2.3928
1.6026,1.093,2.1105,0.5887,-1.6829,0.0861,-0.0856,-1.6442,-1.5484,-2.647,2.1301,3.1912,1.5083,-1.8061,-2.6474
1.7691,1.112,1.9204,0.4323,-1.5129,0.0209,-0.0196,-1.6419,-1.572,-2.5442,2.1722,2.8512,1.4906,-2.4375,-2.525
1.5816,1.3862,1.8604,1.0631,-1.0528,0.1007,0.5769,-1.4901,-1.9654,-2.135,2.5477,2.9847,1.4626,-2.1573,-2.079
1.8559,1.1927,1.8067,0.9742,-1.0126,0.0764,0.4711,-1.2197,-1.8618,-2.1274,1.9876,3.0012,1.5965,-2.5906,-1.9582
1.8084,1.1634,2.2144,0.8456,-0.8984,0.1452,0.3393,-1.8248,-2.7178,-1.5119,2.1562,3.4723,1.7951,-2.2412,-1.8715
1.6218,1.0547,1.2836,0.6809,-1.1066,0.4125,0.2649,-1.8388,-2.0896,-0.9831,1.9629,3.696,1.5987,-1.9607,-1.6873
1.6622,0.9535,1.0916,0.8998,-1.263,0.4491,-0.299,-2.3858,-2.5063,-1.4632,1.6823,3.0756,1.9469,-1.6419,-1.8464
1.5328,0.8288,0.9437,1.0743,-1.171,0.3007,-0.0194,-2.7125,-2.1984,-1.8247,1.5535,3.3615,1.6136,-1.031,-1.8886
1.912,0.6541,1.1877,1.2447,-1.2429,0.3675,-0.0127,-2.799,-1.7977,-1.6452,1.9135,3.111,1.6059,-0.8419,-1.6562
2.1257,0.5804,1.322,1.1138,-1.1646,0.0018,0.1549,-1.8708,-1.0514,-0.9241,1.8051,2.9545,1.5644,-0.8271,-1.5168
2.2008,0.6979,1.7138,1.4114,-1.5711,-0.2285,0.2881,-2.2712,-1.4447,-0.8987,2.2305,2.8672,1.8909,-1.0938,-1.2291
1.9909,1.1103,1.6011,0.6446,-1.516,-0.389,0.1315,-3.1143,-1.6796,-1.0619,2.1265,3.2603,2.3182,-0.8512,-1.0223
1.5862,1.0873,0.9296,0.4347,-1.4794,-0.274,0.1037,-3.3089,-1.7596,-0.8487,1.4288,2.8848,2.3456,-0.677,-1.2962
2.1832,0.879,0.8345,0.6087,-1.7873,-0.5264,-0.2885,-2.8251,-1.362,-1.4648,1.3526,2.6117,2.3201,-0.2341,-1.4483
1.9685,0.9332,0.9987,0.9439,-1.8015,-0.4696,-0.3441,-2.4159,-0.5938,-1.6269,1.5048,3.2388,2.0202,0.057,-1.5456
1.8238,1.1049,1.5689,1.0128,-1.6906,-0.2241,-0.8193,-3.0591,-1.3663,-1.5182,1.7772,2.9227,1.8939,-0.345,-1.6036
1.9885,0.9774,1.3318,1.0321,-1.53,-0.2488,-0.5526,-3.4845,-1.7942,-1.357,1.9705,3.2395,1.6206,0.3482,-1.7475
2.0606,0.9135,0.3495,0.6634,-1.5769,-0.1993,-0.6174,-3.9608,-2.023,-1.1678,1.6819,3.4457,2.1425,0.528,-1.4788
2.1098,0.8759,-0.0539,0.602,-1.9071,-0.3041,-0.5357,-3.5717,-1.4934,-1.0977,1.4247,3.0158,1.9746,1.1819,-1.732
1.7784,0.8241,0.0744,0.8031,-2.1115,-0.1062,-0.5423,-4.0791,-0.9253,-1.4166,1.3493,3.2869,2.1787,0.9129,-2.1073
1.9589,0.8396,-0.084,1.3142,-2.2538,-0.1835,-0.7112,-4.4794,-0.9346,-2.2693,1.6588,3.3154,2.4736,0.1725,-2.0104
2.0414,0.723,-0.4938,1.531,-2.2478,0.0089,-0.4701,-4.5192,-0.7158,-2.1088,1.3658,3.1157,2.4291,0.7021,-1.6554
1.8092,0.5556,-0.4183,1.2897,-2.3906,0.0854,-0.5189,-4.1753,-0.3539,-2.3034,1.2857,3.318,2.3578,1.1485,-2.33
2.0196,0.3017,-0.2216,1.1597,-2.2655,0.2017,-0.4237,-3.9957,-0.6008,-2.2925,0.9837,3.6267,2.1692,0.3604,-2.9899
1.7679,0.5125,-0.2835,1.051,-2.221,0.4244,-0.0581,-4.0693,-0.8462,-2.2608,1.0091,2.5963,1.9209,0.2831,-2.7604
2.1628,0.3355,-0.0773,1.1541,-2.1354,-0.1906,-0.0418,-4.0074,-0.1868,-2.0147,1.1973,2.6367,2.3442,0.9577,-2.6971
2.2256,0.8806,-0.0103,0.9601,-1.8584,-0.2741,-0.0382,-3.8897,-0.3269,-2.0094,0.9535,2.2691,2.1251,0.9422,-3.0309
2.6606,0.5836,-0.0925,1.244,-1.8901,-0.4516,-0.4045,-3.6548,-0.0893,-2.1948,1.2704,2.4309,1.8456,-0.0029,-3.1342
2.0864,0.9994,0.6931,0.8212,-1.848,-0.3697,-0.1865,-2.7981,0.6225,-2.3624,1.5418,2.6376,1.578,-0.8032,-3.0656
2.2415,0.8948,0.5715,0.8518,-1.6677,-0.3761,-0.082,-2.7186,-0.2973,-2.7511,1.7453,2.9656,1.4171,-1.7685,-3.1219
2.4494,0.805,0.9379,0.9068,-1.4589,-0.5312,-0.1102,-2.3322,-0.5675,-2.6336,1.7779,2.7549,1.3522,-1.6277,-3.4204
2.1991,1.1129,1.1387,0.6232,-1.2349,-0.2954,0.0403,-2.0723,-0.6959,-2.4358,1.7094,3.0253,1.2303,-1.9618,-2.9895
2.1356,1.0014,2.0201,0.4857,-1.3276,-0.4208,-0.0649,-2.7799,-1.1811,-2.1752,1.6268,3.0895,1.6448,-1.8979,-2.6337
2.0921,1.1467,2.1712,0.8955,-1.2396,-0.1258,0.0321,-2.3209,-1.4801,-1.7385,2.2871,3.5636,1.7097,-1.9401,-2.2945
1.5482,1.3028,1.0122,1.0403,-1.0107,0.1498,-0.0634,-2.6364,-1.4438,-1.4149,2.105,3.6857,1.8763,-1.6753,-2.2534
2.0933,0.8393,0.7813,1.2644,-1.1681,-0.1563,-0.076,-2.967,-1.1354,-2.2363,2.2259,3.1421,1.7733,-1.5138,-2.3922
2.2821,0.9807,0.6795,1.2646,-1.3422,-0.253,-0.0952,-2.5124,-0.7033,-1.9204,2.3483,3.8297,1.8724,-1.2576,-2.0537
2.232,1.2617,0.7045,1.5863,-1.3468,-0.0694,0.2644,-2.8537,-1.4584,-2.0271,2.4356,4.1075,1.8431,-1.4183,-2.024
1.9585,1.2293,0.8187,1.5213,-1.0615,0.046,0.1615,-2.614,-0.9441,-1.8728,2.2593,3.5892,1.8863,-1.3237,-1.787
1.9416,0.9901,0.6734,0.8392,-1.1224,0.0912,0.4419,-2.6958,-0.9973,-1.5125,1.8486,3.5293,1.9482,-1.6528,-1.9499
1.7732,0.8807,0.7417,1.0543,-0.999,0.042,0.1693,-2.262,-0.4638,-1.3312,1.5213,3.7519,1.7987,-1.5912,-1.6599
1.6187,0.8163,1.1318,1.1919,-1.28,0.0195,-0.0701,-2.0887,-0.9579,-1.6891,1.5812,3.8136,1.9848,-2.016,-1.8414
2.1215,0.8112,1.4743,0.6783,-1.0277,0.0187,0.0542,-1.6953,-0.9146,-1.6677,1.8335,3.8144,1.6415,-1.1678,-2.018
2.3173,0.9046,2.1603,0.7832,-0.8851,-0.1524,-0.2146,-1.8742,-1.1401,-1.1003,2.138,3.3767,1.6261,-1.4306,-1.4072
2.244,1.4204,1.895,0.6594,-1.0452,-0.0013,-0.3291,-1.9086,-1.3008,-1.0718,2.2758,3.3031,1.4969,-1.2834,-1.2957
1.9671,1.3153,2.517,0.7492,-1.0171,0.2063,-0.0127,-2.0083,-1.5792,-0.744,2.2543,4.0819,1.4198,-1.1933,-1.298
2.0288,1.5415,1.8933,0.4411,-0.9428,0.0853,0.1715,-2.4301,-1.8637,-1.0244,2.197,3.7243,1.4878,-1.6071,-1.38
1.5978,1.3357,0.7397,0.735,-1.0586,0.2071,-0.0863,-2.4539,-1.6742,-1.0925,1.9323,3.8144,1.8653,-1.0651,-1.3385
1.835,0.7871,0.7002,1.0008,-1.3186,0.0477,-0.3424,-2.6002,-1.4845,-1.8175,1.9352,4.125,1.9038,-1.1866,-1.5952
1.283,0.6438,0.5347,1.3078,-1.2348,0.3191,-0.2215,-2.9856,-0.9848,-1.7548,1.8465,3.9128,1.746,-0.6764,-1.6631
1.7469,0.689,0.9548,1.2664,-1.1285,0.2881,0.0359,-3.0123,-1.3419,-2.0457,1.6781,3.671,2.0225,-0.7058,-2.0771
1.8626,0.8191,1.1551,1.1204,-0.9688,0.2088,0.2076,-3.0886,-1.873,-1.0305,2.0951,3.1459,1.9086,-0.5606,-1.9097
1.6327,1.0205,1.0167,0.6924,-1.3609,0.2731,0.0446,-3.939,-1.7149,-1.3548,1.8825,3.1383,2.1318,-0.3668,-1.8514
1.9173,0.9855,0.0924,0.9546,-1.5956,0.2721,-0.0105,-4.2269,-1.5225,-1.4363,1.4784,2.9099,2.0587,-0.0283,-1.7918
2.3142,0.7283,-0.185,0.7844,-2.0446,-0.0022,0.2875,-3.8013,-0.9121,-0.8921,1.4233,3.3565,1.9354,0.3889,-1.6871
2.3177,0.8366,0.7518,1.0464,-2.0389,-0.0886,-0.0274,-3.8131,-0.2405,-1.9205,1.3501,3.5651,2.2566,0.7381,-2.061
2.1075,0.869,0.5042,1.13,-1.834,0.0399,0.004,-3.6967,-0.3791,-2.0023,1.7006,3.3609,2.0382,0.7417,-2.6395
1.906,0.8718,0.7028,0.9046,-1.5779,-0.0781,-0.1394,-3.7564,-0.4965,-2.0885,1.3919,3.2881,2.1094,-0.061,-2.8148
1.6324,0.7579,-0.2684,0.9651,-1.4188,-0.1825,0.1547,-3.1672,-0.6999,-2.1031,1.1849,2.9861,1.957,-0.9058,-2.8299
1.8241,0.4669,-0.4365,0.8793,-1.5788,0.0077,0.2646,-2.5048,-0.0442,-2.5627,0.9987,2.4386,1.7163,-1.2656,-3.6466
1.9815,0.3276,0.3448,1.2013,-1.2771,-0.3707,0.6368,-2.2131,-0.0067,-2.5494,1.1848,3.1903,1.83,-1.3894,-3.434
1.7713,0.5935,0.925,1.1762,-1.1501,-0.3764,0.3327,-1.3783,0.0944,-2.1374,1.5305,2.9065,1.7854,-1.9539,-2.9577
1.9073,1.1072,1.6288,1.3553,-1.1456,0.1402,0.2343,-1.2068,-0.0319,-2.6347,1.9257,2.7595,1.4566,-2.3312,-2.6221
1.9514,1.2026,2.5124,0.9907,-0.861,0.3759,0.1527,-0.8795,-0.3498,-2.5188,2.1151,3.2059,1.1093,-3.2455,-2.6734
1.6076,1.2969,2.9604,1.1161,-0.9604,0.4658,0.5286,-0.9382,-1.6289,-2.6722,2.6808,3.3608,1.3245,-3.4433,-2.4991
1.9677,1.6224,2.6009,0.4237,-0.4867,0.3279,0.443,-1.1096,-2.0088,-2.2922,2.6618,3.5922,1.487,-2.8724,-2.2401
2.1029,1.4645,2.5034,0.2392,-0.4185,0.0253,0.2616,-0.9689,-1.7148,-1.9191,2.4797,3.7702,1.4454,-2.7925,-1.9728
2.0869,1.2411,2.9848,0.7369,-0.3834,0.0179,0.1836,-0.9484,-1.3313,-1.9373,2.7292,3.9003,1.4071,-2.6885,-1.7014
1.8493,1.441,2.8277,0.7722,-0.1306,-0.1504,0.4816,-0.9605,-1.8,-1.1092,2.5535,4.3162,1.3646,-2.8586,-1.1637
2.1935,1.4198,2.8518,1.1282,0.0118,-0.2668,0.4966,-0.7556,-2.3443,-1.0857,2.855,4.5735,1.1767,-2.7383,-0.9925
1.9301,1.2978,2.8085,1.0394,-0.3259,-0.2627,0.4698,-1.2417,-2.5832,-0.831,2.6885,4.42,1.1042,-2.7613,-1.1304
1.9753,1.4467,2.1384,0.9767,-0.3752,-0.0586,0.3675,-1.3835,-2.8145,-0.7226,2.7133,4.1259,1.4535,-2.0487,-0.9085
2.0002,1.0868,1.9232,1.4308,-0.579,0.371,0.5484,-1.367,-2.033,-0.9214,2.7917,4.2348,1.4296,-1.1624,-0.8542
2.2011,1.2214,2.563,0.9341,-0.6596,-0.1021,0.3944,-2.3029,-2.372,-1.4233,2.3451,3.9998,1.8091,-1.721,-1.2613
2.293,1.5278,1.2024,0.8984,-0.5487,-0.0675,0.5285,-2.6133,-2.4541,-1.1601,2.0173,3.8851,1.9093,-1.2317,-1.6506
2.0352,1.2443,0.7278,0.5168,-0.7238,-0.1131,0.7106,-2.575,-1.8558,-1.1116,1.8983,3.6773,1.9544,-1.0052,-1.2414
1.9745,0.8014,0.5273,1.1957,-1.3258,-0.0147,0.6648,-3.0333,-2.3049,-1.5937,1.9049,3.3997,2.1542,-0.9897,-1.9025
1.8069,0.784,0.1082,1.0792,-1.381,0.0272,0.6502,-2.7875,-1.536,-2.6969,1.1799,3.5818,2.1341,-0.5525,-2.47
1.9504,0.4902,-0.2191,0.4509,-1.3771,0.2511,0.5589,-3.3424,-1.6055,-2.8242,0.8871,2.969,2.1339,-0.8422,-3.0452
2.2399,0.5583,0.0494,1.3091,-1.4635,0.263,0.5734,-2.9636,-0.8718,-2.6679,1.2579,2.9243,2.1679,-1.1758,-2.6714
2.0296,0.6089,0.7881,1.0291,-1.1484,0.1381,1.1252,-2.8628,-0.5357,-2.3611,1.1636,3.1325,2.1822,-0.9585,-2.75
2.1875,0.6367,1.1991,1.5125,-0.9639,0.0453,0.973,-2.0539,-0.5962,-2.6056,1.8758,2.9028,2.1375,-1.2609,-2.8608
2.2668,0.7992,2.0792,1.4948,-0.4665,0.3285,0.3763,-2.3059,-0.4897,-2.3656,2.226,2.8608,2.0492,-1.219,-2.6946
2.6055,0.9961,1.7168,1.7124,-0.3211,0.1537,0.2527,-3.0631,-1.9145,-2.1126,2.7884,2.9553,1.8056,-1.3488,-2.451
2.4181,1.0826,1.476,1.1762,-0.3483,0.0486,0.672,-3.1352,-1.5883,-1.7389,2.4792,3.1582,1.9299,-1.1715,-2.2053
2.4149,1.2634,1.2451,0.8352,-0.6676,-0.1347,0.7575,-2.9151,-2.2227,-1.634,2.0819,3.3494,1.9261,-1.3157,-2.1412
2.0805,0.8171,1.1352,1.5932,-0.3789,0.0814,0.1436,-3.0151,-1.9387,-1.7582,2.5306,3.795,2.1295,-0.8246,-1.9955
2.2559,1.1184,1.1571,1.0114,-0.5997,0.3411,0.2108,-3.6382,-2.2448,-1.0053,1.8417,3.8189,1.9953,-0.5802,-1.9882
2.0707,0.98,0.5438,0.9032,-0.7476,0.234,0.2958,-3.4014,-2.0839,-0.9791,1.6238,3.6971,1.9702,-0.1042,-2.3007
2.2254,0.7495,0.4893,1.3619,-0.8394,0.4214,0.4733,-3.5727,-1.8658,-1.2528,1.6303,3.2758,2.0892,0.4883,-2.0435
2.1692,0.7241,0.2856,0.6854,-0.7252,0.3949,0.3285,-3.8138,-1.22,-1.8586,1.3622,2.561,2.4963,0.7849,-1.9236
1.9417,0.4927,0.4074,0.9234,-0.8268,0.5809,0.0276,-4.3473,-0.7957,-1.7724,0.8849,2.6797,2.3905,0.1061,-2.5494
2.3037,0.2645,-0.4268,1.1172,-0.9951,0.7216,-0.2327,-4.5115,-1.1108,-2.1801,0.7748,1.8528,2.4884,-0.0387,-3.0296
2.2419,0.1358,-0.5648,1.2561,-1.1475,0.4136,-0.4318,-3.7172,-0.1941,-1.7259,0.4449,2.2574,2.5045,0.4689,-3.3704
1.9939,0.1564,-0.5092,1.0882,-0.9379,0.3398,-0.3146,-3.3787,-0.3001,-2.2164,0.4004,2.1813,1.8948,-0.1607,-3.892
2.0798,-0.1709,0.5292,1.2831,-0.9763,0.2619,0.0742,-2.2935,0.8066,-3.1361,0.7429,1.9597,1.4419,-0.8464,-4.0566
2.0554,0.4403,0.9714,1.5552,-0.7697,0.5166,-0.0188,-1.9181,0.1067,-3.1468,1.2417,1.9649,1.4892,-1.6843,-3.6942
2.3235,0.4877,1.9296,1.5347,-0.5502,0.1935,-0.0705,-1.5552,-1.1417,-3.2508,1.9146,2.0303,1.4459,-2.945,-3.766
2.0095,0.8644,2.1965,1.145,-0.2832,0.0768,0.1335,-0.767,-1.6566,-2.7833,2.2851,2.5243,0.9797,-2.8533,-3.01
2.1404,0.9754,2.3525,1.1206,-0.0567,-0.0109,0.6822,-0.1422,-1.4279,-2.6135,2.7877,2.4417,0.7412,-2.4321,-2.9555
2.5653,1.3415,3.1761,1.256,0.1035,0.1906,0.6874,-0.5452,-2.1125,-2.2909,3.1861,3.5256,1.0643,-3.1637,-2.1901
2.3449,2.1048,2.9173,0.7876,0.2744,0.1208,0.8744,-0.8488,-2.6094,-1.3569,3.1933,3.0549,0.9882,-3.4047,-1.4069
2.0979,1.9628,2.7741,0.5745,0.3334,0.2392,0.7566,-1.2713,-2.5642,-0.9104,2.8633,3.8352,1.1716,-3.0047,-0.8495
1.8695,1.6037,2.304,0.6053,0.2431,0.6462,1.0206,-1.6859,-2.9669,-0.6852,2.61,4.6355,1.516,-2.5882,-0.5202
2.1956,1.4454,1.7837,0.5326,0.1548,0.4502,1.0794,-1.711,-2.5477,-1.3461,2.542,4.2422,1.8192,-2.6528,-0.7948
2.3224,1.5178,1.7677,0.5567,-0.05,0.57,0.9095,-1.9817,-2.167,-0.9934,2.2417,4.0161,1.9074,-2.5721,-0.6508
2.5065,1.1133,1.6972,0.8336,0.2209,0.2341,1.1014,-1.7175,-1.9519,-0.618,2.3266,3.5717,1.7618,-1.8869,-0.3682
2.1626,1.1054,1.6715,1.4521,0.0176,0.441,1.0861,-1.928,-1.8689,-0.1522,2.6315,3.5905,1.8704,-1.9588,-0.1071
2.3394,1.2884,1.7028,1.355,0.0765,0.2803,1.1188,-2.0946,-2.3551,-0.1255,2.678,4.1188,1.7945,-1.5353,0.24
2.7817,1.3726,1.7602,1.3271,-0.3199,0.6672,1.1888,-2.5571,-2.4864,-0.5922,2.5417,4.219,1.8969,-0.9816,0.3591
2.2441,1.5894,1.0098,0.4468,-0.3121,0.5071,0.9754,-2.8703,-2.4676,-0.3159,2.0037,3.82,2.3819,-0.326,0.175
