x0,x1,x2,x3,x4,x5,x6,x7,x8,x9,x10,x11,x12,x13,x14
-0.1102,0.826,3.0233,-0.1299,1.0664,-0.6576,0.186,3.5197,-0.7285,-0.9519,1.262,0.0986,-1.6779,-4.2134,-1.2331
-0.1055,0.7898,3.2372,-0.1143,1.1251,-0.3978,-0.0675,3.8202,-1.206,-0.8689,1.2968,0.7763,-1.7945,-4.1011,-0.4898
0.475,0.851,3.8965,-0.224,1.499,-0.4418,0.3232,3.5381,-1.7526,-0.4825,1.539,1.174,-1.7703,-4.0491,0.0706
0.357,0.9327,3.81,-0.3874,2.0395,-0.8638,0.6166,3.4739,-2.2077,0.8339,1.951,1.1341,-1.5997,-3.9509,1.044
-0.1971,1.0859,3.5185,-0.4478,1.944,-0.5149,0.7575,3.4291,-2.3595,1.5556,2.0858,1.0554,-1.5863,-3.5378,2.2255
-0.052,1.2332,3.4452,-0.4964,1.5205,-0.5357,1.0378,3.0209,-2.2101,1.4977,1.9584,0.9752,-1.1323,-3.5081,2.9074
-0.0363,0.9574,3.0129,-0.3693,1.4893,-0.6488,0.642,2.9577,-2.0559,1.4108,1.9115,1.6532,-1.0244,-3.0163,3.3502
-0.2658,1.0632,2.7563,-0.4972,1.2634,0.1023,0.5366,1.7964,-2.3565,1.6056,1.31,2.3092,-0.9546,-2.8181,3.0443
0.0104,0.8098,2.0692,-0.6436,1.0149,-0.3955,0.5308,1.6557,-2.3264,1.595,0.9208,2.0113,-0.6181,-2.1623,2.5949
-0.1448,0.5984,1.4818,-0.4054,0.7258,-0.002,0.4546,1.0871,-1.9812,1.6463,0.5699,1.3554,-0.347,-1.6632,2.5244
-0.1472,0.4848,1.3211,-0.3215,0.5849,0.0916,0.8408,0.5472,-1.669,1.573,0.6764,1.3777,-0.2197,-0.8771,2.6576
-0.2019,0.378,0.8101,-0.4056,0.467,0.3006,0.7452,0.3422,-1.4135,1.4736,0.1427,1.3492,0.0651,0.1247,2.4866
-0.5132,-0.0482,0.5039,0.0957,0.3001,0.4418,0.5755,-0.5803,-1.3465,1.3186,0.475,1.1898,0.2143,0.6861,2.3066
-0.1313,-0.1252,-0.1844,0.1173,-0.1477,0.8826,0.5101,-1.6739,-1.5103,1.272,0.7607,1.0816,0.8149,0.8621,2.401
-0.2631,-0.0989,-0.9162,0.0134,-0.1364,0.7632,0.3402,-2.9356,-1.1506,1.3374,0.3241,0.7578,1.0606,1.8882,2.058
-0.2188,-0.0952,-1.9218,-0.379,-0.5667,0.3571,0.1159,-3.4704,-0.3836,1.0924,-0.8902,0.7752,1.275,2.4972,1.4398
-0.5367,-0.6484,-2.7201,0.1886,-0.8819,0.4987,0.1098,-4.0284,0.0692,0.5549,-1.5061,0.3189,1.3384,2.8981,0.7289
0.1144,-1.064,-3.3495,0.4549,-0.7865,0.113,0.0198,-3.6582,0.7583,0.3433,-1.6247,-0.6446,1.3211,3.3219,0.0848
-0.0859,-1.2188,-3.3118,0.3754,-1.2321,0.1433,0.1616,-4.301,0.959,0.5116,-1.6277,-0.7023,1.5321,3.1292,-0.0608
0.124,-1.3224,-3.4291,0.4044,-1.6029,0.0179,-0.2257,-4.2409,1.3065,0.0272,-1.8363,-1.2708,1.8226,3.6013,-0.5998
0.3777,-1.1749,-3.5097,0.5825,-1.6949,0.0138,-0.5529,-4.1404,2.0681,-0.516,-1.5947,-1.254,1.5841,3.374,-0.8962
0.1738,-1.286,-3.3788,0.4332,-1.6932,0.4534,-0.4466,-4.53,1.7733,-0.5994,-1.7787,-1.5259,1.7653,3.1325,-1.2009
-0.2372,-1.3116,-3.6591,0.5832,-1.7538,0.5818,-0.4442,-4.0647,1.9092,-0.6137,-2.3827,-1.785,1.549,3.226,-1.7573
-0.1574,-1.6573,-3.7419,0.8895,-1.5662,0.6709,-0.4462,-3.927,2.1157,-1.1727,-2.5941,-2.4838,1.3844,3.0523,-1.9948
0.0293,-1.5931,-3.4889,0.67,-1.412,0.2933,-0.6189,-3.382,2.3536,-0.9754,-2.5837,-2.8575,1.1889,2.1371,-2.3743
0.2258,-1.5985,-2.6965,0.3886,-1.3968,-0.3297,-0.3646,-2.2407,2.8931,-1.1638,-2.3112,-2.8764,0.7134,1.9306,-2.6245
-0.1545,-1.6342,-2.0525,0.1447,-1.3802,0.3191,-0.6776,-2.1256,2.1997,-1.1869,-2.4621,-2.6083,0.6363,0.7961,-2.7216
-0.2343,-1.6847,-1.7522,0.7789,-1.1504,0.2126,-0.6611,-1.4193,2.0138,-1.2958,-1.6001,-2.2815,0.2871,0.5566,-2.5573
0.2885,-1.5441,-1.0584,1.179,-1.1179,0.005,-0.5135,-0.8191,1.666,-1.6154,-0.2463,-2.3304,0.0938,-0.1044,-2.1193
-0.2487,-0.7459,-0.5331,1.0135,-0.5649,0.0175,-0.4006,-0.7914,0.9008,-1.2109,0.1493,-1.869,0.1151,-0.8184,-1.4773
-0.0249,-0.6621,-0.3597,0.3381,-0.6269,0.1962,-0.4513,-0.1764,0.845,-1.3556,-0.0486,-0.8482,-0.2669,-1.1417,-0.8634
-0.358,-0.2296,0.0072,-0.1313,-0.4159,0.0544,-0.6519,-0.0399,0.5124,-1.0341,-0.4271,-0.176,-0.3522,-1.4173,-1.0736
0.2478,-0.2528,0.4993,-0.0751,-0.3209,-0.099,-0.6329,0.5588,0.411,-1.2694,-0.0457,-0.1923,-0.5416,-1.645,-0.7527
-0.0115,-0.1143,0.4401,0.1065,0.0118,0.0955,-0.2074,0.6377,-0.3041,-0.7784,-0.0119,-0.2608,-0.3929,-1.6502,-0.6475
0.479,0.1011,0.687,0.0755,0.1739,0.1716,0.012,0.8353,-0.4234,-0.0127,0.4399,-0.1593,-0.3395,-2.0739,-0.0117
0.1993,0.3505,0.9474,-0.3593,0.122,0.3221,-0.2106,1.3414,-0.3365,0.3157,0.1869,-0.0778,-0.169,-1.7308,0.4241
-0.1844,0.1123,1.1051,-0.4889,0.3338,-0.1702,-0.1843,1.1856,-0.7433,0.0607,0.2377,0.2787,-0.3094,-1.6017,0.3043
0.0413,0.0553,0.9189,0.0917,0.0686,-0.1587,0.1332,1.2486,-0.806,-0.0571,0.6409,0.4366,-0.4865,-1.5751,0.7976
-0.1117,0.3348,1.3342,-0.3258,0.1077,-0.4,0.1606,1.1485,-0.9103,0.4182,0.8105,1.1162,-0.3704,-1.286,1.1047
-0.4023,0.3354,0.6589,-0.3878,0.2439,-0.3214,0.2693,0.7923,-1.0557,0.3962,0.7737,0.9843,-0.2626,-0.9742,1.3187
-0.037,0.1406,0.4948,-0.474,0.1624,-0.0344,0.4464,0.4042,-1.3543,0.3791,0.7449,0.5816,-0.0561,-0.9277,1.3142
-0.3205,0.0858,0.2976,-0.6152,0.0392,0.0219,-0.303,0.5227,-1.1034,0.604,0.1106,0.4942,0.0348,-0.3285,1.347
-0.3133,-0.2338,0.0489,-0.225,-0.1075,-0.1111,-0.1,0.3047,-0.6913,0.2408,-0.1302,0.671,-0.1702,0.1812,0.8983
-0.5322,-0.3205,-0.0862,-0.3419,-0.0106,0.324,0.2221,-0.0615,-0.7886,0.4831,-0.0141,0.7063,-0.0662,-0.5118,0.6572
0.3854,-0.2711,-0.1509,-0.3502,-0.2197,-0.0276,0.2445,0.4455,-0.5274,0.3613,-0.1529,0.2673,0.0678,-0.5161,0.5116
-0.1524,0.0879,0.1653,-0.2375,-0.2618,0.4381,0.4964,0.06,-0.5842,0.595,-0.1036,0.6544,-0.0355,-0.5582,0.5597
0.349,-0.1594,-0.0378,-0.2649,-0.3827,0.2255,0.5473,-0.2157,-0.7545,0.4215,-0.203,0.6115,0.1383,-0.7667,0.7401
0.3829,-0.0202,-0.1946,0.0058,-0.5702,-0.0478,0.2157,-0.0715,-0.7177,0.348,-0.1204,-0.3094,0.0552,-0.4379,0.7975
0.1443,-0.2854,-0.2378,-0.1198,-0.6671,-0.5299,-0.1242,0.1677,-0.0173,0.1175,-0.0399,0.1404,0.349,-0.3077,0.4717
0.0683,-0.1915,0.1701,-0.133,-0.7721,-0.2052,-0.2027,0.1712,0.2174,-0.1666,0.1044,-0.2,-0.012,-0.9165,0.1661
-0.2742,-0.0381,0.1779,0.0412,-0.4689,0.3123,0.0961,-0.2945,-0.3275,-0.1123,-0.0405,0.392,-0.0183,-0.1986,0.0204
0.3004,-0.1693,-0.1062,0.0645,-0.4344,0.4293,-0.1003,-0.4769,-0.7629,-0.2267,0.0514,0.7564,0.1846,-0.4497,0.0518
0.5094,-0.0069,0.1149,-0.4668,-0.1575,-0.0672,-0.2876,-0.127,-0.4852,0.1345,-0.2583,-0.0499,0.1563,0.0193,0.0925
-0.0293,-0.0541,-0.1604,-0.267,-0.3942,-0.1083,-0.0454,-0.1419,-0.5372,0.4037,-0.1549,-0.1815,0.3492,0.2248,-0.095
0.0057,-0.1961,-0.1197,-0.2701,-0.3183,0.3018,0.1452,-0.2872,-0.4014,0.2625,0.0218,-0.3221,0.4776,0.4123,0.1231
0.0972,-0.066,-0.0367,-0.1217,-0.2783,0.4125,0.1727,-0.686,-0.4539,0.3644,0.2323,-0.6984,0.6031,0.3389,0.1207
-0.3556,0.0421,-0.7629,0.1488,-0.2179,0.4725,0.2247,-1.4432,-0.7685,0.5504,-0.1774,-0.4576,0.8344,0.3766,0.312
-0.1928,-0.4016,-1.2714,-0.0072,0.0591,0.0817,0.1791,-1.5971,-0.355,0.5685,-0.8384,-0.8313,0.8091,0.6952,0.1661
0.1642,-0.4476,-1.351,0.2319,-0.1583,-0.2447,0.2084,-0.9793,0.3195,0.8793,-1.0902,-1.5758,0.6991,0.6497,0.3091
-0.1493,-0.6787,-1.0805,0.1336,-0.2988,0.0354,0.4903,-0.7812,0.3129,1.0669,-0.6603,-1.3999,0.7448,0.0907,0.4135
-0.0461,-0.4195,-0.6275,-0.3174,-0.4876,0.0449,0.4893,-0.1625,0.5229,0.8338,-0.4835,-1.2294,0.7579,0.2738,0.2944
0.5799,-0.541,-0.007,-0.1763,-0.5863,0.0225,-0.0237,-0.5591,0.0626,0.4096,-0.1249,-0.8488,0.7497,-0.1206,0.4167
0.537,-0.0415,-0.3592,-0.5318,-0.6584,0.3631,-0.2551,-0.7974,-0.3121,0.6595,0.1168,-0.9626,0.8509,-0.105,0.5533
0.31,0.0556,-0.5066,-0.4641,-0.8112,0.0462,0.0328,-0.6123,-0.1947,0.5116,-0.058,-0.493,0.3925,0.5241,0.2427
0.1543,0.0975,-0.535,-0.3753,-0.6365,-0.3199,-0.0597,-0.8341,-0.5723,0.2467,-0.3107,-0.3321,0.6066,0.3236,0.4068
-0.1484,-0.0543,-0.7678,-0.663,-0.3313,-0.2831,0.2493,-0.8182,-0.3468,0.5203,-0.5702,-0.0288,0.7603,0.6803,-0.0709
0.0235,-0.2625,-0.6164,-0.6309,-0.1035,0.1472,0.7037,-1.1542,-0.4517,0.6298,-0.7837,-0.2792,0.9529,0.4566,-0.2439
0.2561,-0.2999,-0.7119,-0.4277,-0.3782,-0.0745,0.6639,-0.945,-0.1975,1.0232,-0.2982,0.011,1.1744,0.4381,0.3341
-0.2536,-0.2254,-1.1608,-0.4855,-0.2727,0.163,0.563,-1.1438,-0.4594,1.4137,-1.1152,-1.0388,1.0101,0.8081,0.5324
0.2857,-0.5172,-1.2291,-0.4133,-0.4637,0.4576,0.3098,-1.0753,-0.2041,0.9713,-1.2352,-1.675,0.9724,0.5804,0.1146
-0.0877,-0.5911,-1.5644,-0.2597,-0.6129,0.4618,0.0355,-1.3003,-0.1116,1.1706,-1.1567,-1.3632,0.8779,0.3789,0.1014
-0.26,-0.749,-1.6067,-0.1126,-1.2131,0.4181,0.1822,-0.8554,0.3936,0.6101,-0.8097,-1.2243,0.9569,0.3512,-0.4102
0.2284,-0.8391,-1.2728,0.2188,-1.2084,0.0282,-0.0961,-0.6735,0.495,-0.1278,-0.9072,-1.1024,1.1258,0.6684,-0.7258
-0.0016,-0.6736,-0.9464,-0.415,-1.0797,0.2129,-0.1505,-1.0602,0.246,-0.253,-1.0361,-1.0482,0.9032,0.473,-1.0712
0.0013,-0.7115,-0.9725,0.012,-0.7324,0.2424,-0.2506,-1.3374,0.0644,-0.3021,-0.6646,-1.3324,0.8909,0.0226,-0.9552
-0.0504,-0.5237,-1.2183,-0.3487,-0.4723,0.2119,-0.1256,-0.973,0.1245,0.238,-0.412,-0.9911,0.8205,0.6164,-0.8803
0.4329,-0.3474,-1.4761,-0.7823,-0.7988,-0.3469,-0.0517,-1.2851,0.0313,0.2249,-0.9257,-0.371,0.9562,0.6834,-1.0241
0.7309,-0.5446,-1.1509,-0.2361,-0.9524,-0.7477,0.0135,-0.8349,0.5629,0.2,-1.0799,-1.1858,0.9226,1.2816,-0.8944
0.5127,-0.3835,-0.5881,-0.2311,-0.5394,-0.9619,-0.1209,-0.7834,0.2626,0.0925,-1.1943,-1.1872,1.1414,0.3998,-1.3133
0.082,-0.4901,-0.7595,-0.4271,-0.2802,-0.823,-0.074,-0.4449,-0.0067,0.3521,-0.9421,-1.3247,0.9017,-0.1619,-0.8368
-0.7161,-0.7487,-0.7418,-0.1041,-0.1998,-0.4483,0.0937,-0.1993,-0.0061,0.178,-0.6086,-1.3836,0.8192,-0.7082,-0.721
0.211,-0.8541,-0.2093,0.0259,-0.1068,-0.4692,0.0947,0.2855,0.355,-0.0639,-0.4035,-0.7647,0.6814,-0.5913,-0.7078
0.3927,-0.4516,0.123,0.0989,0.1313,-0.4739,0.2804,0.7299,-0.0427,0.407,-0.0284,-0.973,0.3229,-0.6329,-0.3942
-0.0223,-0.0845,-0.1506,-0.3725,0.2332,-0.4551,0.2082,0.6413,-0.3664,0.976,-0.5787,-0.943,0.2523,-1.2141,-0.0407
0.0819,-0.2631,0.3258,-0.0351,0.1056,-0.5477,0.4619,1.4928,0.1791,1.0019,0.127,-1.0369,0.0017,-1.6207,0.3367
-0.1924,-0.0668,0.894,-0.4652,0.1756,0.0487,0.2287,1.0565,-0.46,0.8816,0.0853,-0.99,-0.1508,-1.6199,0.5901
-0.1671,-0.0669,1.0226,-0.3628,0.3871,-0.235,0.6104,0.797,-0.8535,1.0532,0.0337,-0.7944,0.0958,-1.4453,0.7206
-0.0134,0.1012,0.7774,-0.5094,0.1,-0.0326,1.1003,0.9331,-0.6693,1.2723,0.2219,-0.6752,0.3157,-0.8202,0.9843
0.2719,0.1278,1.1796,-0.6776,0.1581,-0.6046,0.9816,0.6297,-0.8869,1.2686,0.0437,-0.4175,0.4167,-0.5023,1.384
-0.0362,0.1441,0.8507,-0.5678,0.092,-0.7052,0.6921,0.4785,-1.269,1.6995,0.1307,-0.2889,0.4626,-0.1652,1.4189
0.1213,0.0478,0.3967,-0.5711,0.006,-0.7732,0.5522,0.1689,-1.1557,1.3401,0.1702,0.0014,0.626,0.017,1.1785
-0.1309,0.0034,-0.5994,-0.4346,-0.2224,-0.6786,0.8164,-0.0146,-1.077,1.6724,-0.2567,-0.4925,0.5148,0.2552,1.1555
-0.471,-0.4104,-0.6397,-0.3458,-0.5096,-0.5513,0.8514,-0.4984,-0.5929,1.2894,-0.2364,-0.6444,0.609,0.2099,1.22
0.4274,-0.3415,-0.5972,-0.2122,-0.6834,-1.1443,0.5883,-0.5987,-0.2199,1.0756,-0.3234,-0.439,0.6575,0.7259,1.1123
0.1103,-0.2353,-0.8426,-0.4948,-0.5585,-0.6111,0.5334,-1.1073,-0.472,1.302,-0.6717,-0.3998,0.7229,0.7636,0.9421
-0.065,-0.3994,-0.8989,-0.3498,-0.6949,-0.4087,0.457,-1.1828,-0.3946,1.2679,-1.0168,-0.5942,0.9462,0.9834,0.6396
-0.1037,-0.5581,-1.3603,-0.4849,-0.6835,-0.4864,0.0562,-1.5693,-0.0714,0.9241,-0.9556,-1.469,0.6799,1.6176,0.3932
0.4793,-0.7114,-1.136,-0.5032,-0.646,-0.8351,0.2858,-1.1587,0.4751,0.7994,-1.1526,-1.6231,0.7389,1.6829,0.1287
0.257,-0.8208,-1.2638,-0.3417,-0.8124,-0.7303,-0.0689,-1.4516,0.0191,0.8436,-1.0528,-1.7543,0.8308,1.1496,0.234
-0.1835,-0.4886,-1.4705,-0.5085,-0.673,-0.4631,0.0381,-0.5567,0.6579,0.9858,-1.0713,-1.6701,0.5088,1.0875,-0.0493
-0.311,-0.7548,-0.8202,-0.2898,-0.8486,-0.3269,0.3425,-0.6428,0.8426,0.3984,-0.8346,-1.9378,0.5142,0.5944,-0.5061
0.0596,-0.7729,-0.4046,-0.2443,-0.5777,-0.1014,0.4555,-0.4274,0.4271,0.1158,-0.5956,-1.6349,0.4057,0.5552,-0.4929
-0.1608,-0.5993,-0.4438,-0.1761,-0.3132,0.098,0.3429,-0.9707,0.1,0.4473,-0.377,-1.7408,0.4404,0.5042,-0.1338
0.041,-0.5652,-0.7749,-0.1593,-0.0148,-0.1406,0.157,-0.9532,-0.0462,0.5947,-0.5032,-1.7657,0.8898,0.6869,0.0274
0.3324,-0.5697,-0.7403,-0.4895,-0.2837,-0.3291,0.434,-1.2988,0.0461,0.942,-0.4981,-1.1984,0.8561,0.4199,0.1286
0.3582,-0.6069,-1.1176,-0.333,-0.4119,-0.4757,0.4424,-1.3671,-0.1248,1.202,-0.9781,-0.6924,0.9005,0.7653,0.3727
0.0641,-0.5124,-1.3555,-0.2075,-0.4058,-0.5276,0.4658,-1.4554,0.1096,1.0852,-1.5429,-1.2356,1.0033,1.4047,0.038
0.4085,-0.7599,-1.7245,-0.4415,-0.7546,-0.4516,0.6795,-1.5402,0.3204,0.6484,-1.6894,-1.9064,0.9093,1.4227,-0.4033
0.2461,-0.8231,-1.5552,-0.2192,-0.5462,-0.8396,0.0941,-0.9361,1.2935,0.3282,-1.2071,-2.795,0.9078,1.2677,-0.3113
0.2955,-0.8746,-0.7318,-0.2195,-0.4696,-0.7542,-0.0842,-1.554,0.6633,0.248,-0.7662,-2.4472,0.8455,0.7015,-0.5275
0.2696,-0.743,-1.1912,0.0342,-0.4964,-0.8729,-0.0725,-1.0041,0.9625,0.3481,-0.6926,-2.1581,0.3519,0.5846,-0.4526
0.4088,-0.6006,-0.7264,-0.1361,-0.3701,-0.8018,0.183,-0.8736,1.0858,0.0837,-0.6248,-1.7477,0.35,0.6413,-0.6885
0.4094,-0.4057,-0.6475,0.1845,-0.367,-0.4103,0.242,-1.0367,0.5944,0.2121,-0.2599,-1.5228,0.3463,1.0784,-0.414
0.5397,-0.5702,-0.5922,0.0702,-0.3823,-0.3866,0.5502,-1.3781,0.5929,0.3073,-0.3883,-1.6504,0.4785,0.8055,0.004
0.3775,-0.5546,-0.8243,-0.2864,-0.3023,-0.2928,0.4256,-1.4516,0.4894,0.7043,-0.4514,-1.2492,0.8186,1.3517,0.0186
-0.0323,-0.4292,-1.0939,-0.2025,-0.0833,-0.0655,0.4383,-2.1673,0.0628,1.0203,-0.6464,-0.927,1.1594,1.4432,0.6735
-0.0917,-0.6351,-1.6748,-0.4075,-0.1981,-0.2039,0.5824,-2.4541,-0.1149,0.9967,-0.9081,-1.4255,1.2203,1.537,0.3655
0.1714,-0.945,-2.0904,-0.3086,-0.8211,-0.2611,0.6194,-2.8965,0.2698,1.1368,-1.4129,-1.3973,1.3672,2.0611,0.3777
0.0503,-0.8956,-2.8261,-0.2135,-0.595,-0.4537,0.1602,-2.4962,1.1074,0.8428,-1.6907,-1.8183,1.1963,2.5595,-0.069
0.4041,-1.1412,-2.4496,-0.1026,-1.0212,-1.1742,-0.1213,-1.8079,1.8369,0.6423,-2.13,-1.9177,0.9889,2.1091,-0.3021
0.1443,-1.1368,-1.9973,-0.3828,-1.1742,-1.3672,-0.1407,-1.3595,1.9145,0.2228,-2.2495,-1.8004,0.7996,1.7583,-0.7724
-0.4214,-1.0141,-1.7061,0.0801,-1.0684,-0.8405,-0.1406,-1.0578,1.7709,-0.0401,-1.5608,-2.5265,0.4964,1.1802,-0.8693
-0.3973,-0.9926,-1.3243,0.0891,-1.0426,-0.4823,0.153,-0.7435,1.4564,-0.5278,-1.6769,-2.0188,0.2101,1.441,-0.9745
-0.015,-1.1085,-1.2115,-0.2359,-0.6852,-0.2995,0.3667,-0.9475,1.0701,-0.3036,-1.7435,-2.5779,0.3042,0.4866,-1.5186
0.024,-0.6754,-1.1158,-0.2079,-0.7447,-0.4657,0.2304,-0.4777,1.2927,-0.1161,-1.5754,-2.2074,0.5031,0.3689,-1.4875
0.2595,-0.7381,-0.5031,-0.5025,-0.5975,-0.7429,0.3509,-0.9474,0.9281,-0.2502,-1.5656,-1.9389,0.3277,0.0149,-1.4347
0.3043,-0.682,-0.2341,-0.3857,-0.5129,-0.6471,0.2425,-0.0059,1.1635,0.1587,-1.0564,-2.0627,0.4107,0.2951,-1.0892
0.4804,-0.3625,0.1164,-0.2018,-0.4101,-0.7215,0.1247,-0.1268,0.7998,0.5143,-0.5616,-1.9986,0.3258,-0.1547,-0.4097
0.4455,0.0582,-0.0098,-0.3758,-0.2837,-0.8976,-0.0251,0.0702,0.571,0.7359,-0.4334,-1.7094,0.2995,-0.2007,-0.1441
0.583,0.0597,0.1456,-0.3338,-0.3869,-0.775,-0.1226,0.3515,0.6755,0.8917,-0.5502,-1.2904,0.2405,-0.2273,-0.1588
0.3649,0.0212,0.4322,-0.0745,-0.4708,-0.6747,-0.146,0.196,0.3904,0.666,-0.3196,-1.2622,0.1413,-0.3841,-0.1252
0.2487,0.2134,0.4622,-0.4543,-0.4652,-0.8615,0.1508,-0.09,0.0075,0.6661,-0.4972,-1.4562,0.0301,-0.0958,-0.2134
0.3836,0.0836,0.3817,-0.2531,-0.6563,-0.7838,0.3398,-0.2061,0.0777,0.5199,-0.6178,-1.2142,-0.0595,0.2935,0.0981
-0.232,0.093,-0.2943,-0.2696,-0.2682,-0.3757,0.3808,-0.3261,0.0448,0.9836,-0.6199,-1.0908,0.0048,-0.3135,0.361
0.2166,0.0037,0.1127,-0.3281,-0.3673,-1.0746,0.1988,0.3844,0.7883,0.6716,-0.5119,-1.2327,0.0291,-0.1097,0.2252
-0.3834,-0.0179,0.1431,-0.2237,-0.0645,-0.9015,0.759,-0.2734,0.2353,0.9847,-0.905,-0.7766,0.0105,-0.7528,0.0803
-0.1962,-0.2953,0.1211,-0.18,-0.072,-0.7787,0.7404,-0.0171,0.3033,0.7455,-0.9521,-1.0461,0.1517,-0.7584,0.0474
0.46,-0.5294,-0.206,-0.1838,-0.252,-1.0084,0.8823,0.1996,0.134,1.3144,-0.7303,-1.591,0.2999,-0.8275,0.2327
-0.1855,-0.2822,-0.439,-0.2016,-0.3633,-0.8985,0.5453,-0.0146,0.3774,1.4688,-0.5851,-1.4366,0.3443,-0.8428,0.6008
-0.0741,0.02,-0.1791,-0.5396,-0.6508,-1.2504,0.313,-0.0146,0.6761,1.2191,-0.6918,-0.6998,0.2486,-0.7678,0.2871
-0.1607,0.0577,0.0771,-0.5394,-0.4995,-0.9603,0.1289,-0.1147,0.4851,0.8407,-0.8634,-0.9208,0.2823,-0.5912,0.1077
-0.296,-0.1385,0.0355,-0.5027,-0.1983,-0.8965,0.1708,0.0326,0.5418,0.6911,-0.9098,-0.5335,0.0306,-0.1825,-0.0875
-0.1484,-0.138,0.0177,-0.8282,-0.2759,-0.6657,0.3151,-0.6773,-0.155,0.8715,-0.8438,-0.9014,0.2065,-0.4889,-0.1325
-0.3431,-0.0982,-0.5754,-0.6334,-0.1996,-0.5531,0.4858,-0.8335,-0.1397,1.0224,-0.9632,-1.0841,0.067,0.1948,-0.056
-0.1974,-0.0797,-0.832,-0.5814,0.1323,-1.0883,0.3306,-1.1883,0.141,1.0895,-1.0193,-1.7395,0.4773,0.3738,0.0849
-0.0299,-0.3507,-1.083,-0.5946,-0.2378,-0.6556,0.1228,-1.0943,0.6669,1.2002,-1.4134,-1.0355,0.6196,0.5421,0.1599
0.0097,-0.3786,-1.1234,-0.3297,-0.2154,-0.8844,0.122,-1.2098,0.8593,1.5375,-1.8227,-1.3468,0.6067,0.0473,-0.341
-0.4731,-0.3749,-1.1381,-0.1122,-0.4298,-0.1229,0.4162,-1.0681,1.0569,1.001,-1.4107,-1.2396,0.4491,-0.5326,-0.2368
-0.7045,-0.7654,-1.5544,-0.3093,-0.2793,-0.0962,0.2815,-0.8063,1.1383,1.0905,-1.5863,-1.2341,0.6887,-0.5829,-0.1993
-0.3519,-0.9058,-1.0164,-0.0875,-0.1166,0.1551,-0.294,-0.8937,1.3178,0.9552,-1.9404,-1.3938,0.8701,-0.4584,-0.3021
-0.7358,-1.1001,-0.961,-0.2313,-0.3363,-0.1491,-0.2998,-0.4844,1.2711,0.7669,-1.653,-1.3564,0.151,-0.6291,-0.6727
-0.139,-0.9481,-0.3261,-0.253,-0.5779,-0.4797,-0.3854,-0.7551,0.881,0.4693,-1.5245,-1.3361,-0.077,-0.3265,-0.9847
-0.6883,-0.5994,-0.6921,-0.0506,-0.1293,-0.6151,0.1502,-0.0781,0.9522,0.6258,-1.3018,-1.5756,-0.3491,-0.241,-0.7501
-0.8303,-0.6629,-0.6156,-0.1516,-0.1013,-0.7575,0.1456,-0.3819,0.723,0.5135,-1.111,-1.613,-0.1659,-0.5283,-0.5549
-0.2125,-0.7382,-0.713,-0.0408,0.0597,-0.4634,0.5494,-0.642,0.8252,0.8621,-1.0371,-1.4251,-0.0543,-0.7997,-0.1994
-0.3235,-0.7793,-0.7875,0.1176,0.145,-0.5475,0.5099,-0.5707,0.6319,1.7555,-1.1466,-1.3034,0.1209,-0.2895,-0.0806
0.2257,-0.5088,-0.49,-0.1591,-0.1526,-0.7053,0.023,-0.6322,0.7037,1.8415,-1.3683,-1.4067,0.3998,-0.2129,0.1602
0.2552,-0.52,-0.2209,-0.4276,-0.0981,-1.2292,0.0618,0.0702,1.021,1.8756,-0.9284,-1.532,0.0652,-0.5192,0.445
-0.2153,-0.3669,-0.0969,-0.5866,-0.354,-0.7467,0.0352,-0.196,0.7304,1.7382,-1.0586,-1.2899,-0.027,-0.1331,0.4849
-0.1744,-0.5065,-0.0033,-0.4971,-0.0778,-0.6342,0.1372,-0.5582,0.4028,1.5489,-0.9656,-0.7746,-0.0657,-0.4081,0.1139
-0.4274,-0.5734,-0.0935,-0.5368,-0.1126,-0.4519,0.0382,-0.3317,0.4876,1.3968,-1.3916,-0.5361,-0.1535,-0.0227,-0.0257
-0.607,-0.6789,-0.2244,-0.6053,-0.1462,-0.1018,0.4428,-0.365,0.5951,1.4335,-1.2453,-0.6832,-0.3112,0.3188,0.1169
-0.4153,-0.4838,-0.3172,-0.6913,-0.1923,-0.5553,0.2962,-0.5348,0.5231,1.2293,-1.7385,-0.8087,-0.0342,0.5896,0.0521
-0.1283,-0.6296,-0.3519,-0.5798,-0.4092,-0.3515,0.2135,-0.8897,0.3827,1.2542,-1.7583,-1.2153,-0.2236,0.3831,-0.3247
-0.1454,-0.6639,-0.8238,-0.4534,-0.2473,-0.7674,0.2694,-0.5959,0.8076,1.426,-2.0798,-1.2336,0.0402,0.5442,-0.2812
-0.8763,-0.6768,-0.9364,-0.6741,-0.2238,-0.5455,0.6613,-0.2941,1.1266,1.5056,-2.0432,-1.5562,-0.0192,0.4843,0.1053
-0.8366,-0.9557,-0.6714,-0.4918,-0.4311,-0.302,0.7505,-0.1562,1.2833,1.1271,-1.9127,-1.703,0.0484,0.0254,-0.3081
0.0125,-1.128,0.0068,-0.4209,-0.1896,-0.9281,0.7898,-0.0774,0.9965,1.0808,-1.6595,-2.0918,0.2802,0.0364,-0.3379
-0.1856,-0.8,0.1334,-0.522,-0.018,-1.2874,0.559,0.0113,0.8174,1.9439,-1.1228,-2.3413,0.0658,0.234,0.1572
0.0038,-0.5055,0.4022,-0.4485,0.0448,-1.0049,0.2997,-0.8878,0.3499,1.9452,-1.1364,-1.7434,0.0589,-0.2723,0.0479
-0.7662,-0.4219,-0.6967,-0.5281,-0.1479,-0.7398,0.4739,-0.2893,0.4098,2.0555,-1.5699,-1.3306,-0.1327,0.0214,-0.0061
-0.8168,-0.7086,-0.9331,-0.5558,-0.5496,-0.444,0.7553,-0.563,0.5936,1.3334,-1.4141,-1.114,0.1116,-0.3133,-0.1703
-0.7196,-0.8282,-0.7196,-0.3368,-0.7565,-0.4463,1.223,-1.0057,0.6305,1.0452,-1.337,-1.5736,0.3179,0.0425,-0.0692
0.0459,-0.7623,-0.2125,-0.2906,-0.5285,-0.5822,0.9034,-0.9552,0.7392,1.2147,-1.5695,-1.9752,0.5511,0.2432,-0.2628
-0.1335,-0.786,-0.4045,-0.447,-0.2334,-0.8235,0.6204,-0.4852,0.8303,1.6602,-1.8096,-1.4977,0.5775,0.5421,-0.1745
-0.1281,-0.7063,-0.2421,-0.4975,-0.0117,-1.3263,0.614,-0.1812,1.1487,1.8704,-1.3531,-1.5927,0.3282,0.1438,0.0402
-0.5834,-0.3418,0.18,-0.6454,-0.184,-1.233,0.5407,-0.7291,0.6081,2.0064,-1.2158,-1.4649,0.356,0.1861,0.5458
-0.3572,-0.4182,-0.0966,-0.6131,-0.1913,-1.345,0.3295,-0.9547,0.388,1.4843,-1.2996,-1.7757,0.3556,0.4091,0.2907
-0.5053,-0.7101,-0.4365,-0.4137,-0.24,-1.1133,0.2527,-1.356,0.2335,1.5649,-1.0875,-2.228,0.1213,-0.2655,0.1304
-0.4296,-0.6929,-0.4366,-0.5952,-0.4235,-1.48,0.16,-0.7696,0.6358,1.5192,-1.2318,-2.0549,0.0498,-0.2655,-0.2977
-0.1351,-0.898,-0.2309,-0.4574,-0.2293,-1.2143,0.3307,0.0686,1.0266,1.2327,-1.5925,-1.2119,-0.4925,-1.0208,-0.7096
-0.3203,-0.8727,0.4694,-0.3579,-0.2036,-1.2205,0.416,0.6019,1.1369,1.0662,-0.9707,-1.5325,-0.4087,-1.3113,-0.7293
-0.244,-0.5031,1.0144,-0.1752,-0.1618,-1.4677,-0.0597,0.9259,0.7496,1.0791,-0.6148,-1.6625,-0.6279,-1.3172,-0.3165
0.3373,-0.4155,1.6202,-0.5438,-0.0543,-1.9162,0.0201,1.1094,0.0362,1.0877,-0.4493,-1.4036,-0.8402,-1.2849,-0.0711
0.0105,0.0021,1.8896,-0.8546,0.2349,-1.7689,0.0391,1.2394,-0.3052,1.5815,0.278,-0.8379,-0.9351,-1.3323,0.2979
-0.7834,0.1604,1.7282,-0.9232,0.3059,-1.2445,0.0087,0.6343,-0.7741,1.7017,-0.0315,-0.264,-0.8384,-1.5894,0.7445
-0.0916,-0.0909,1.4195,-0.9538,0.355,-1.5134,0.2017,0.707,-0.7655,1.9661,0.407,-0.4232,-0.9711,-1.2014,1.1116
-0.4706,0.1837,1.0502,-0.988,0.6768,-1.1924,0.304,0.3327,-0.8955,2.4589,-0.4056,-0.0246,-1.0492,-0.6735,1.3675
-0.6199,-0.0468,0.8473,-0.9545,0.4048,-0.9647,0.213,0.1434,-0.6996,2.264,-0.9464,0.0137,-0.7001,-0.4074,1.2095
-0.6003,-0.2818,0.2547,-0.7096,0.0513,-0.8677,0.4287,-0.0339,-0.6817,2.0712,-0.687,-0.3747,-0.5523,-0.6775,1.2037
-0.345,-0.3372,-0.0051,-0.8751,-0.0676,-1.0658,0.1913,0.0838,-0.1692,1.9952,-1.1394,-0.448,-0.5895,-0.3481,1.0221
-0.5698,-0.4353,0.1078,-0.9127,-0.1723,-0.8929,0.36,0.2188,0.0383,1.7755,-1.1866,-0.9553,-0.6943,-0.3066,0.7192
-0.3792,-0.3808,0.6076,-0.6993,-0.0754,-0.8696,0.1505,0.0844,-0.0641,1.3433,-1.0215,-1.2397,-0.6495,-0.2475,0.2694
-0.4668,-0.3437,0.2737,-0.7169,0.0634,-1.0906,0.0253,0.2152,0.0156,1.1956,-0.8096,-1.7781,-0.9283,-0.322,0.1383
-0.5257,-0.3877,0.308,-0.8152,0.1887,-1.3309,-0.0542,0.2369,0.178,1.3403,-0.8834,-1.349,-1.0266,-0.6992,-0.0103
-0.1942,-0.1432,0.3325,-0.6805,0.4385,-1.4114,-0.0564,0.5213,0.1256,1.2801,-0.5819,-1.9263,-1.0972,-1.0062,0.1879
-0.3151,-0.0079,0.9265,-0.8657,0.3503,-1.6137,-0.044,0.6014,0.2659,1.4196,-0.123,-1.7225,-0.8997,-1.261,0.2764
-0.5216,-0.023,0.8527,-0.6876,0.43,-1.2377,0.3151,0.7433,0.4024,1.3599,0.0457,-1.242,-1.0037,-1.4014,0.1725
-0.5645,-0.0014,0.7663,-0.794,0.7454,-1.5326,0.6331,0.7487,0.0455,1.4892,-0.2826,-0.8675,-0.8578,-1.8742,0.4079
-0.3056,0.0214,0.8611,-0.682,0.641,-1.6083,0.5915,0.9107,0.1752,1.4794,0.1231,-0.9225,-0.8598,-1.6254,0.5792
0.1668,0.1665,1.471,-0.7905,0.4768,-1.5601,0.6478,1.2557,0.2537,1.7046,0.1754,-1.3367,-0.779,-1.5813,0.7826
-0.3517,0.3389,1.666,-1.0778,0.4167,-1.5034,0.4645,0.9594,-0.1173,1.7728,0.3591,-1.0172,-0.5701,-1.6294,0.9213
-0.4828,0.401,1.5671,-1.3687,0.3742,-1.5947,0.4841,0.3956,-0.7345,1.4013,0.3558,-0.7235,-0.447,-1.0519,1.0586
-0.652,0.4306,0.8587,-1.304,0.7376,-1.2737,0.5207,-0.051,-0.5929,1.804,-0.1988,-0.3441,-0.5932,-0.5111,1.2333
-0.6159,-0.0537,0.3922,-1.3078,0.4031,-1.5005,0.6842,-0.2147,-0.5601,1.7943,-0.5025,-0.6679,-0.3452,-0.5501,0.9047
-0.1661,-0.0344,0.6023,-1.0893,0.0741,-1.1784,0.7267,-0.0539,-0.2202,1.9084,-0.8848,-0.5918,-0.2597,0.0529,0.7485
-0.3112,-0.2295,0.8029,-0.7551,0.1142,-1.6955,0.5931,-0.3339,-0.207,1.6871,-0.5809,-1.2774,-0.5061,0.1577,0.8166
-0.7878,-0.1768,0.0402,-0.6742,-0.174,-1.5453,0.674,-0.2884,-0.3089,1.8184,-0.786,-1.4626,-0.5108,0.1338,0.6676
-1.0289,-0.3631,-0.3018,-0.52,-0.1638,-0.943,0.5224,-0.3384,0.2321,1.1148,-0.8102,-1.225,-0.3755,-0.1382,0.6403
-1.1382,-0.4495,-0.4809,-0.4283,0.1399,-0.5412,0.5086,-0.4288,0.6644,0.9594,-1.1237,-1.918,-0.4302,0.118,0.5366
-1.4403,-0.845,-0.8501,-0.483,0.0273,-0.3667,0.6345,-0.5645,0.6652,0.8271,-1.6345,-1.8534,-0.663,-0.3936,0.0162
-0.6419,-1.1506,-0.1266,-0.2394,-0.0353,-0.7288,0.3282,-0.2576,0.9732,0.753,-1.2041,-2.1596,-0.4191,-0.3328,-0.1986
-0.6254,-0.9064,-0.0434,-0.0084,0.211,-0.9412,0.0496,0.0714,0.5392,0.9203,-0.8295,-2.6194,-0.2834,-0.5924,-0.1755
-0.3887,-0.8412,0.2717,-0.4467,0.1487,-0.7159,0.0843,-0.2913,0.1508,1.0599,-0.7426,-2.2478,-0.3858,-0.5511,-0.2732
-0.8572,-0.5903,0.2903,-0.3092,-0.0512,-0.8158,-0.0371,-0.4579,0.1373,1.1648,-0.8489,-1.8839,-0.5931,-0.2738,-0.5151
-0.9495,-0.886,0.0435,-0.3249,0.0421,-0.5058,-0.0275,-0.67,-0.0695,0.6855,-1.0948,-2.2354,-0.6601,-0.5184,-0.5151
-0.4954,-1.0184,0.2097,-0.2516,0.1931,-0.07,0.2129,-0.4931,0.2149,0.7817,-1.0083,-2.1802,-0.8085,-0.5828,-0.7513
-0.6642,-0.9338,-0.0885,-0.6793,0.0936,-0.1002,0.5088,-0.125,0.1941,1.0653,-0.5476,-2.6865,-0.9799,-0.4651,-0.4169
-0.545,-0.7736,0.2325,-0.5329,-0.0905,-0.4911,0.8152,-0.4845,0.3058,0.949,-0.7181,-2.32,-0.9567,-0.2806,-0.0833
-1.1218,-0.6817,0.1307,-0.9505,0.1914,-0.465,0.8028,-0.1438,0.1627,1.2395,-0.7715,-1.6848,-0.388,-0.0084,0.22
-0.7532,-0.6846,0.1128,-0.3615,0.2741,-0.5347,0.3242,-1.1693,-0.2246,0.9101,-0.7453,-1.4916,-0.2045,0.3052,0.0675
-0.7844,-0.6507,-0.5963,-0.7182,0.346,-1.1103,0.5121,-1.1847,-0.1885,1.1841,-1.195,-1.509,-0.1541,0.5364,0.0579
-0.2674,-1.0264,-0.3506,-0.6905,-0.0665,-0.963,0.0498,-1.5348,-0.0856,1.0198,-1.1729,-1.0048,-0.0962,0.4554,-0.088
-0.7283,-0.8113,-0.9731,-0.75,-0.0641,-0.8612,0.1805,-1.369,0.0892,1.0516,-1.6739,-1.2927,-0.2465,0.503,-0.0489
-0.8107,-1.1252,-1.0286,-0.4834,-0.0189,-0.6647,0.4527,-0.4981,1.0289,0.7064,-1.9636,-1.2691,-0.3268,0.7762,-0.1345
-1.0359,-1.3636,-0.7597,-0.0618,-0.013,-0.7582,0.6442,-0.8673,0.5933,0.4693,-1.899,-1.9515,0.0319,0.1945,-0.4444
-0.4587,-1.3684,-0.5827,-0.0028,-0.0102,-0.5984,0.4063,-0.5394,0.4669,0.3235,-1.0421,-1.7554,0.0588,-0.1422,-0.3748
-0.857,-0.8927,-0.497,-0.0817,0.2264,-0.6554,0.2419,-0.6827,0.235,0.7408,-0.971,-1.949,-0.0402,-0.3853,-0.3133
-1.1368,-0.957,-0.4923,0.1184,0.2202,-0.7731,0.0412,-0.3896,0.441,0.4052,-0.8943,-2.0182,-0.3097,0.005,-0.2651
-1.2545,-1.0933,-0.5121,-0.2159,0.288,-1.1295,0.4863,-0.5784,0.2081,0.3062,-0.9512,-1.8289,-0.648,-0.5996,-0.6122
-0.4173,-1.288,0.1179,-0.0666,0.3557,-1.5194,0.3021,-0.0607,0.4763,0.3692,-1.2165,-1.615,-0.5785,-0.9533,-0.5834
-0.3921,-0.9785,0.3648,0.1768,0.302,-1.4057,0.4014,0.6861,0.3214,0.8667,-0.5902,-1.4969,-0.8043,-0.9084,-0.488
-0.1655,-0.795,0.7019,-0.2367,0.6856,-1.4556,0.3126,0.3566,-0.2977,0.7019,-0.5378,-1.0647,-0.9813,-1.5526,-0.0841
-0.2188,-0.5426,1.098,-0.199,0.7307,-1.5191,0.4543,0.8216,-0.299,1.3183,-0.1641,-1.2477,-1.0339,-1.5134,0.3392
-0.3593,-0.4221,1.5907,-0.4124,0.8299,-0.7039,0.3821,0.6558,-0.5009,1.1651,-0.1252,-0.5744,-1.4166,-1.5191,0.7023
-0.4002,-0.421,1.5279,-0.6794,0.7287,-1.0711,0.2862,1.0127,-1.0008,1.321,-0.4774,-0.8075,-1.497,-1.3831,0.8116
-0.9827,-0.479,1.2399,-0.6262,0.8361,-0.7776,0.4199,0.8503,-0.844,1.3664,0.0342,-0.9962,-1.3565,-1.3861,1.1568
-0.6568,-0.7679,1.3472,-0.3307,0.5526,-0.8928,0.683,0.4364,-0.8542,1.0425,0.3054,-1.3101,-1.2465,-1.2094,1.2565
-0.6989,-0.5487,0.9412,-0.3419,0.727,-0.6883,0.8167,0.5516,-0.7762,1.5512,0.1435,-0.8565,-1.023,-0.5142,1.3446
-0.476,-0.5867,0.981,-0.2015,0.8981,-0.945,0.831,-0.346,-0.9401,1.6492,0.3681,-0.738,-0.5038,-0.5277,1.7462
-0.7899,-0.5925,0.2396,-0.4114,0.7255,-0.9415,0.545,-0.9121,-0.9417,2.1584,-0.1906,-0.5001,-0.2827,-0.5575,1.8828
-0.9051,-0.8715,-0.3523,-0.1671,0.4391,-0.9958,0.675,-0.6256,-0.3568,1.8543,-0.5084,-1.0093,-0.5704,0.6994,1.9874
-0.8122,-1.0712,-0.2604,-0.3859,0.0655,-0.86,0.3319,-0.9629,-0.1288,1.315,-1.0433,-1.4604,-0.3423,0.7756,1.5536
-0.9032,-1.1339,-0.2971,-0.461,0.3484,-0.5265,0.039,-1.075,0.2461,1.2252,-1.3705,-1.6596,-0.2319,0.4468,0.9746
-0.6989,-1.4389,-0.6057,-0.3809,0.32,-0.3732,0.2658,-0.8271,0.3862,1.3196,-1.6151,-1.477,-0.4775,-0.0368,0.3694
-0.7026,-1.5724,-0.303,-0.1069,-0.0135,-0.4831,0.7472,-0.5275,0.8671,1.0426,-1.7373,-2.2282,-0.7104,0.054,-0.1103
-0.4982,-1.5706,0.1615,0.261,-0.0444,-0.8304,0.8482,-0.2271,0.7945,0.8436,-0.9284,-2.4556,-0.5208,-0.2656,-0.1281
-0.0521,-1.3303,0.3991,-0.1902,0.3516,-0.675,0.5281,-0.1267,0.4552,1.0765,-1.0918,-2.1615,-0.4068,-0.5179,0.0234
-0.4044,-1.267,0.4245,-0.2771,0.4139,-0.5837,0.4459,-0.0826,0.2644,1.3932,-0.9212,-1.778,-0.7426,-0.8138,0.2642
-0.496,-0.998,0.3684,-0.3648,0.3519,-0.8847,0.5858,0.1382,0.1742,1.2609,-1.2162,-1.7232,-0.9024,-0.4973,0.3616
-0.7627,-1.3358,0.8103,0.052,0.3475,-1.0621,0.4842,0.4911,0.6192,1.0186,-0.7381,-1.9629,-0.7651,-0.8451,0.4013
-0.8464,-1.4048,0.891,0.1467,0.3519,-0.723,0.6831,0.9259,0.2363,0.8369,0.0245,-2.0554,-0.951,-1.1901,0.7543
-0.9332,-1.0297,0.8338,-0.2494,0.3447,-0.4309,1.1785,0.3599,-0.3138,0.8366,-0.4959,-1.4482,-1.0426,-1.5791,0.8131
-0.4521,-1.0965,0.9206,-0.0941,0.3994,-0.4153,1.2481,0.4902,-0.0568,0.8763,-0.1684,-0.6757,-0.9348,-0.7205,0.8971
-0.8066,-0.9269,0.5492,-0.3341,0.4728,-0.1472,1.2337,-0.1572,-0.478,1.1776,-0.5571,-0.6778,-0.7417,-0.3949,1.1804
-1.5562,-1.3132,0.0699,-0.2718,0.5089,0.5945,1.1747,-1.2222,-0.8788,1.3824,-0.731,-0.9702,-0.1868,-0.4572,1.1687
-0.4443,-1.8275,-0.5561,-0.2041,0.3326,0.1229,0.6133,-0.7291,-0.0303,1.4773,-1.0859,-0.9879,-0.308,-0.0922,1.0635
0.0787,-1.3258,-0.0604,-0.2312,0.174,-0.0674,0.6536,-1.3551,-0.0168,2.0608,-1.5945,-0.9766,-0.6017,0.0053,0.9663
-0.3342,-1.3821,-0.3684,-0.1573,0.2331,0.1118,0.88,-1.1155,0.0266,2.2574,-1.5239,-1.4688,-0.366,0.6952,0.923
-0.3212,-1.2809,-0.6129,-0.3601,0.0192,0.1224,0.5955,-1.0605,-0.0174,1.8871,-2.0196,-1.0351,-0.2318,1.2141,1.057
0.0136,-1.377,-0.5841,0.1194,-0.1498,-0.4822,0.7184,-1.4064,-0.0029,1.5343,-1.7623,-1.1721,-0.2666,0.8437,0.8682
0.0821,-1.2884,-0.1075,0.3694,-0.0558,-0.9445,0.9671,-1.2057,0.1432,1.7025,-1.8277,-1.4102,-0.3683,0.9015,0.5793
0.0165,-1.3022,-0.436,0.3623,-0.1425,-0.9576,0.8248,-0.9223,0.1836,1.4541,-1.7437,-1.7214,-0.1837,0.6952,0.3209
-0.557,-1.2982,-0.2846,0.4191,-0.0449,-0.7112,0.6133,-0.255,0.4646,1.1897,-1.4566,-2.1384,-0.3249,0.8382,0.2092
-0.3962,-1.35,-0.1819,-0.0256,0.0176,-0.2133,0.421,-1.2479,0.1129,0.77,-1.7486,-2.0599,-0.3805,0.6985,0.1044
-0.9394,-1.3091,-1.0263,0.1823,0.1901,-0.1776,0.3523,-1.2628,0.2944,0.9697,-1.648,-1.6353,-0.2808,1.3195,-0.1387
-0.4316,-1.7762,-0.9288,0.2391,0.4076,-0.2127,0.5882,-1.4847,0.3324,1.0976,-2.1019,-1.9522,-0.2945,0.5834,-0.2592
-0.0634,-1.8669,-1.1241,0.2471,0.3199,0.0533,0.0942,-1.3623,0.4438,1.3763,-1.763,-2.3188,-0.0961,0.9847,0.1914
-0.3096,-1.6917,-1.0972,-0.2537,0.1659,0.0894,0.3443,-1.6538,0.5928,1.5789,-1.8522,-2.3114,-0.1297,1.139,0.3075
-0.3968,-1.7037,-0.8795,-0.1914,-0.0527,-0.333,0.7968,-1.8015,0.5224,1.5793,-2.5921,-2.2157,-0.1316,0.8716,0.1522
-0.7876,-1.8334,-1.2982,0.0965,-0.2122,-0.0232,1.0079,-0.9967,0.8688,1.3501,-2.2273,-2.302,0.0371,1.7058,0.0941
-0.4298,-1.7936,-0.9585,-0.1747,-0.4246,0.0886,1.0548,-1.2664,0.804,1.0619,-2.4652,-2.2392,0.0063,1.2105,-0.4351
-1.2417,-1.6206,-1.264,-0.0051,-0.3174,0.5411,0.7542,-1.3694,0.5965,0.9772,-2.6354,-2.7509,0.2332,1.5206,-0.5499
-0.5872,-2.1172,-1.6034,0.0024,-0.4602,0.454,0.5541,-1.6996,0.6907,0.4689,-2.747,-2.9276,0.3047,0.8905,-1.1188
-0.5354,-1.897,-1.5718,0.0236,-0.3278,0.2009,0.5003,-1.7506,1.1849,0.4383,-2.7116,-2.7983,0.1693,0.7952,-1.5105
-0.5594,-1.9696,-1.4926,0.0145,0.0595,-0.0614,0.4552,-1.4174,1.2264,0.5937,-2.2614,-2.4482,-0.1118,0.6689,-1.167
-0.6578,-2.0845,-1.5422,0.2075,-0.1934,-0.2268,0.0805,-1.2515,1.2702,0.5904,-1.828,-2.414,0.0647,0.0641,-1.3004
-0.2202,-2.2909,-1.1412,0.6239,-0.2966,-0.0355,0.0729,-0.9478,1.2965,0.2448,-1.5612,-2.3129,-0.273,0.0644,-1.0585
-0.2796,-1.8776,-0.5923,0.2224,-0.1859,-0.6935,0.0311,-0.7398,0.809,0.7301,-1.7722,-2.3637,-0.4392,-0.271,-1.0363
-0.0667,-1.862,-0.4629,0.1762,-0.1899,-0.1791,0.2004,-0.4774,0.5606,0.5263,-1.4647,-2.5006,-0.5737,-0.4249,-1.0419
0.1294,-1.5681,-0.2597,0.2322,0.1466,-0.8504,0.3413,0.0482,0.8432,0.6826,-1.0874,-2.1983,-0.575,-0.5804,-0.4876
0.1607,-1.4145,0.4004,0.4255,0.1178,-1.0363,0.0688,0.3998,0.6895,0.5955,-0.8289,-2.2059,-0.6979,-0.8607,-0.7209
-0.4416,-1.1817,0.8335,0.2273,0.468,-0.8443,0.6445,0.9179,0.3672,0.9401,-0.6441,-2.2907,-0.9771,-0.493,-0.3532
0.0103,-1.1633,1.1365,-0.1724,0.3881,-0.9209,1.2848,0.5361,-0.1897,0.8306,-0.6456,-1.6852,-0.771,-1.1495,-0.2066
-0.3678,-1.0541,1.012,-0.0271,0.423,-0.8498,1.2591,0.5439,-0.4731,1.0508,-0.4925,-1.4928,-0.5942,-1.3496,0.2529
-0.3737,-1.1871,0.5745,-0.0924,0.9259,-0.8233,0.7977,0.7716,-0.5511,1.1301,-0.6622,-1.2682,-0.489,-1.5692,0.3729
-0.1724,-1.2982,0.9125,0.0637,0.8748,-1.0883,1.1647,0.8516,-0.4047,1.7228,-0.5371,-1.3186,-0.7634,-1.4592,0.7246
-0.4045,-1.519,0.7698,0.1411,0.7126,-0.7073,0.9715,1.1083,-0.3701,2.0222,-0.5088,-0.989,-0.7234,-1.6409,1.1486
-1.419,-1.2914,0.4602,-0.3417,0.4489,-0.0756,1.4115,0.4999,-0.5437,2.1215,-1.1269,-1.1546,-0.7327,-1.4305,0.9229
-1.0082,-1.8553,-0.1013,0.0823,0.3822,-0.2749,1.2491,0.8137,-0.3611,1.2219,-1.363,-1.1345,-0.8457,-0.8762,0.563
-0.6643,-1.9696,0.4194,0.2195,0.3057,-0.3913,1.035,0.1609,-0.4067,1.3297,-1.1133,-1.9776,-0.6685,-1.5252,0.6015
-0.3646,-1.8801,0.6112,-0.0146,0.4055,-0.626,0.8809,0.6535,-0.0322,1.563,-0.9267,-2.1562,-0.5986,-1.5408,0.5353
-0.5044,-1.7899,0.5914,0.0949,0.1301,-0.6256,0.857,0.3775,-0.2249,1.6242,-0.5248,-1.9515,-0.7634,-1.6537,0.7709
-0.9949,-1.6244,0.5181,0.1437,0.1937,-0.26,0.9528,0.2753,-0.1557,1.8605,-0.3298,-1.7993,-0.6531,-1.2884,1.3839
-1.1689,-1.6383,-0.0488,0.0027,0.0266,-0.2052,1.1907,0.5117,-0.1908,1.703,-0.4361,-1.4449,-0.7307,-1.1159,1.293
-1.3148,-1.7816,0.0215,0.4005,0.0096,0.3415,1.0747,-0.1966,-0.3141,1.5559,-0.5801,-1.2821,-0.2953,-0.8832,1.379
-0.8251,-2.123,0.0066,0.1925,-0.0524,0.0193,0.8035,-0.9023,-0.603,1.9,-0.4332,-1.1578,-0.2381,-0.4431,1.1533
-0.7204,-1.8587,-0.5252,0.0098,-0.1099,0.0814,0.8973,-1.4252,-0.8234,2.5006,-0.5793,-1.0832,0.0714,-0.2002,1.2563
-0.6559,-1.8926,-0.788,-0.1014,-0.677,-0.4092,0.826,-1.1385,-0.0738,2.1757,-1.4775,-1.2834,0.2896,0.4314,0.9156
-0.7528,-2.1294,-0.9468,0.0379,-0.7061,-0.3639,0.6857,-1.4105,-0.0192,1.6978,-1.9722,-1.4082,-0.0187,1.2722,0.3821
-0.2352,-2.4808,-1.1542,0.3115,-0.7157,-0.6259,0.591,-1.392,0.5141,1.1747,-1.6355,-2.0477,-0.0861,0.9389,-0.0776
-0.3452,-2.3149,-1.1349,0.2679,-0.5832,-0.4577,0.8631,-1.7201,0.5785,1.5717,-1.2494,-1.6787,-0.1288,0.8672,-0.0933
-0.6242,-2.1937,-1.479,-0.0164,-0.4863,-0.9461,0.8046,-1.8738,0.3929,1.9761,-1.601,-1.7916,0.1303,1.5005,-0.1235
0.001,-2.594,-1.601,-0.1959,-0.6225,-1.2569,0.5561,-2.1603,0.5895,1.8281,-2.0915,-1.9364,0.3466,1.4351,-0.3477
-0.216,-2.5209,-1.6641,-0.0413,-0.9099,-0.9523,0.8526,-1.9076,0.9646,1.9083,-2.2283,-1.8953,0.1391,1.9604,-0.3239
0.0511,-2.5908,-1.1684,-0.1465,-0.8514,-0.8073,0.9016,-1.7458,0.9506,1.7917,-2.082,-2.5815,-0.055,1.495,-0.261
-0.0546,-2.4285,-1.1065,-0.0049,-0.788,-0.6737,0.7087,-1.7674,0.5801,1.7278,-2.2397,-2.5979,-0.2178,1.4955,-0.4839
-0.701,-2.4639,-1.8092,0.3977,-0.9157,-0.4685,0.614,-1.5888,0.8519,1.5362,-1.8901,-3.0979,0.0513,1.2671,-0.5764
-0.6069,-2.5814,-1.5443,0.0999,-0.6223,-0.5612,0.5917,-1.5116,1.0758,1.0978,-1.8173,-2.815,0.1148,0.9861,-0.9033
-0.589,-2.6674,-1.7124,0.091,-0.5294,-0.3229,0.4685,-1.275,0.9551,0.9328,-1.831,-3.0363,-0.1596,0.7439,-1.1491
-0.5986,-2.4555,-1.3578,0.3327,-0.6256,-0.2615,0.533,-1.4026,0.6903,0.6855,-1.9754,-2.6734,0.0859,0.1354,-1.3887
-0.9147,-2.5519,-1.5805,0.4404,-0.4639,-0.0062,0.1452,-1.2795,0.6528,1.0508,-1.9013,-2.5826,-0.135,0.0687,-1.3682
-0.8466,-2.5247,-1.647,0.1912,-0.5418,0.147,0.4916,-1.4241,0.4721,0.9666,-1.9737,-2.4327,-0.2213,0.3301,-1.4965
-1.1901,-2.7303,-2.3185,0.5427,-0.5794,0.1935,0.433,-1.1699,1.0401,0.8071,-2.3695,-2.665,-0.3517,0.1051,-1.7098
-0.4635,-2.6075,-1.7953,0.4775,-0.6368,-0.2251,0.3228,-0.2093,1.8537,0.5191,-1.9297,-3.0348,-0.6281,0.0427,-1.9387
-0.436,-2.4252,-0.7513,0.1774,-0.4205,-0.6953,0.5984,0.1966,1.5417,0.4012,-1.463,-3.1732,-0.9065,-0.6745,-1.9545
-0.5452,-2.1815,-0.2934,0.1853,-0.0006,-0.931,0.6301,0.5064,0.8392,0.6686,-1.3234,-3.0389,-0.9168,-1.4483,-1.5224
-1.0208,-2.2294,-0.1638,0.325,0.102,-0.2785,1.0335,0.6366,0.3544,0.743,-1.3686,-2.5677,-0.809,-1.5398,-1.325
-0.7661,-2.1953,0.4702,0.578,0.1957,-0.1201,1.1453,0.8862,0.3304,0.6447,-0.1482,-2.1791,-0.9245,-1.5015,-0.842
-1.4002,-1.8704,0.2294,-0.0329,0.375,0.1088,1.1847,0.2151,-0.7113,1.0478,-0.6314,-1.5902,-0.7269,-1.6926,-0.3534
-1.0668,-2.0624,-0.003,-0.118,0.3134,0.0734,0.708,0.0041,-0.492,1.1321,-1.2052,-1.2318,-0.564,-1.3054,-0.2722
-1.0567,-1.9636,-0.1944,0.0589,0.2261,0.51,0.6049,-0.3531,-0.5187,1.3813,-1.4846,-1.2328,-0.3373,-1.229,-0.4778
-0.8388,-2.0746,-0.7036,0.0504,0.1922,0.4308,0.8321,-0.5077,-0.274,1.3158,-1.1043,-1.1778,-0.2468,-1.3849,-0.5853
-0.8145,-2.1155,-1.0239,0.1165,-0.0654,-0.2317,0.8774,-0.3549,-0.0465,1.4063,-0.9318,-1.4453,-0.346,-0.9896,-0.325
-0.7157,-2.0619,-0.6531,0.3021,-0.1213,-0.4576,0.6273,-0.626,-0.0634,1.441,-1.0182,-1.4828,-0.1866,-0.3757,-0.0091
0.0424,-2.1138,-0.6841,0.3522,0.1462,-0.8281,0.4526,-0.554,0.16,1.5641,-1.4097,-1.7858,-0.0982,-0.4193,0.0013
-0.395,-2.0287,-0.8265,0.2028,0.1041,-1.2949,0.7151,-0.8866,-0.2136,1.8592,-1.3301,-2.1489,-0.112,-0.5633,-0.0769
-0.6881,-1.9475,-1.13,-0.3563,-0.0741,-0.8948,0.9181,-0.1505,0.4022,1.7257,-1.8025,-2.2514,-0.4238,-0.385,-0.1354
-0.4727,-2.3645,-0.9179,0.0338,-0.2845,-0.792,0.7845,0.1117,0.5029,0.8318,-2.0118,-1.9218,-0.6572,-0.7288,-0.3718
0.2124,-2.4104,-0.1412,-0.179,-0.0131,-0.9599,0.9277,0.5296,0.5823,0.6798,-1.6612,-2.1434,-1.087,-0.8183,-0.5063
-0.4225,-2.0181,0.2255,-0.3673,0.2972,-1.049,0.5452,0.466,0.2359,1.0565,-1.6871,-1.6098,-0.8994,-0.6321,-0.5702
-1.029,-2.0213,-0.3099,-0.2604,0.1268,-0.9251,0.7412,0.2499,-0.2331,1.085,-0.9333,-1.6148,-0.9374,-1.4828,-0.6983
-0.2972,-1.869,0.0159,0.0954,0.1586,-0.9276,0.9606,0.0683,-0.0894,0.7614,-1.1988,-1.4429,-1.0729,-1.4859,-0.6738
-0.2188,-1.8527,0.0074,0.166,0.3794,-1.1458,1.4957,1.1146,0.1474,1.1884,-1.0746,-1.4514,-0.9142,-1.7478,-0.258
-0.8908,-1.4958,0.2363,-0.2205,0.7562,-1.1944,1.4104,1.2607,-0.1359,1.4341,-0.8112,-1.5159,-0.7842,-1.6114,0.3518
-0.5419,-1.743,0.901,-0.1345,0.3557,-1.2886,1.4085,0.9663,-0.2068,1.3203,-0.9252,-1.4285,-0.4668,-2.0951,0.6308
-0.6506,-1.8591,0.4095,-0.2415,0.7144,-1.3773,1.245,0.9442,-0.6377,1.702,-1.0266,-1.5436,-0.5381,-1.9674,0.8485
-0.8233,-1.8386,0.1285,-0.1794,0.7033,-1.1497,1.4707,1.1332,-0.3128,1.5888,-1.2838,-1.5776,-0.4709,-1.5736,0.9462
-0.6387,-2.1108,0.2939,0.118,1.0318,-1.0503,1.4401,0.9831,-0.1547,1.8614,-0.9526,-1.4402,-0.6401,-1.6158,1.1175
-0.5464,-1.9934,0.8236,0.1822,0.7196,-1.1827,1.3198,0.6099,-0.4047,2.313,-0.8733,-1.5424,-0.6277,-1.174,1.7262
-0.5489,-1.3022,0.6678,-0.5474,0.6171,-1.5085,1.4352,0.793,-0.5792,2.3947,-0.9409,-1.5464,-0.5746,-1.568,1.7655
-0.6856,-1.4766,0.4926,-0.2722,0.4033,-1.7158,0.9785,0.7301,-0.6783,1.9386,-1.0705,-1.7307,-0.5615,-1.8152,1.4609
-0.157,-1.8528,0.3858,0.0353,0.5822,-1.8557,0.9934,1.3835,-0.0306,1.556,-0.5837,-1.8305,-0.8159,-1.4228,1.5253
0.0949,-1.6508,1.0996,-0.0181,0.5897,-1.8212,0.7529,1.3565,-0.3558,1.8354,-0.4298,-1.888,-0.7959,-1.8828,1.2666
-0.9115,-1.5723,0.7699,-0.4424,0.6174,-1.1419,0.928,1.2701,-0.8397,2.0196,-0.8164,-0.8983,-1.1708,-1.8209,1.0002
-0.9752,-1.5612,0.7403,-0.2223,0.4568,-0.4495,1.1284,0.846,-0.7805,1.7636,-0.7785,-1.364,-1.152,-1.5896,0.8365
-0.9268,-1.982,0.388,-0.1217,0.4147,-0.5967,0.9071,0.7326,-0.8198,1.2686,-0.583,-1.4784,-0.8287,-1.5138,0.5729
-1.0176,-1.8433,0.0916,-0.1415,0.3029,-0.4645,0.8674,0.2756,-0.7646,1.3487,-0.663,-1.4104,-0.7795,-1.9548,0.6159
-0.3508,-2.1052,-0.0272,-0.1332,0.3219,-0.8297,0.5292,0.1696,-0.6508,0.9619,-1.0723,-1.7587,-0.7973,-1.855,0.1183
-1.0275,-1.9585,-0.2438,-0.1987,0.3015,-0.5399,0.5629,0.9175,-0.0663,1.0885,-1.276,-1.8014,-1.1521,-1.2758,-0.0574
-0.3345,-2.0921,0.2881,-0.3764,0.3803,-0.8707,0.8186,0.8377,-0.1214,0.8472,-0.9837,-1.961,-1.2584,-1.5975,-0.4768
-0.6616,-1.9724,0.4507,-0.1912,0.3332,-0.7649,0.7617,1.3226,-0.0222,0.9127,-0.9128,-1.6842,-1.5667,-1.2851,-0.2552
-0.1893,-1.7544,0.8459,0.0005,0.1879,-1.219,1.0278,1.3863,-0.247,0.7094,-0.4846,-1.3064,-1.524,-1.8605,-0.1799
-0.4665,-1.6918,0.8465,-0.0803,0.192,-1.056,1.2177,1.5579,-0.5628,0.7471,-0.2278,-1.322,-1.4094,-2.3133,0.2463
-0.5508,-1.4744,0.5395,-0.5536,0.3857,-1.0152,1.367,1.433,-0.7736,1.0403,-0.2964,-1.3275,-1.1629,-2.181,0.5249
-1.058,-1.5744,0.6412,-0.6545,0.4086,-1.0519,1.5382,0.8827,-0.965,1.1433,-0.0726,-1.4437,-1.0294,-2.3241,0.8405
-0.5853,-1.6489,0.2162,-0.3706,0.5345,-1.3865,0.9878,0.7557,-0.8323,1.1097,-0.5395,-1.0514,-0.7061,-1.9057,0.5968
-0.7475,-1.8172,0.1141,-0.4874,0.5896,-1.1932,1.3537,0.5764,-0.6907,1.3309,-0.5684,-1.367,-0.662,-1.2327,0.6803
-0.5048,-1.7625,0.1804,-0.4622,0.4076,-0.8203,1.4821,0.2428,-0.709,1.439,0.1088,-0.8037,-0.3948,-1.7091,1.1098
-0.3146,-1.5709,-0.1364,-0.4405,0.6135,-1.1838,1.4609,-0.1746,-0.865,1.6123,-0.1456,-0.9448,-0.3085,-1.1592,1.3924
-0.4943,-1.7332,-0.4001,-0.5318,0.4669,-1.1721,1.2589,-0.4411,-0.8599,1.973,-0.6226,-1.3659,-0.0366,-0.5369,1.4166
-0.5837,-1.6201,-0.8359,-0.3916,0.2196,-0.7828,1.1495,-1.0182,-0.8778,1.9795,-0.4736,-1.2959,0.0581,-0.2569,1.4059
-0.3636,-1.8044,-0.8428,-0.4524,-0.13,-1.3138,1.8758,-1.0969,-0.0874,1.4899,-1.3688,-1.3781,-0.0898,0.1446,0.9893
-0.8858,-1.9701,-0.9997,0.1209,-0.0187,-0.8689,1.8492,-1.0966,-0.0124,1.7785,-0.6745,-1.5522,0.0941,0.8245,1.4729
-1.2804,-1.9904,-1.624,0.2781,-0.2807,-0.5061,1.7122,-2.1057,-0.7292,1.6424,-1.0096,-1.2969,0.5517,0.7341,1.4989
-1.0094,-2.2377,-2.588,-0.163,-0.2866,-0.4015,1.1827,-2.4001,-0.0102,1.6408,-1.3442,-1.3582,0.6638,1.0443,1.1236
-0.6629,-2.4133,-2.5868,0.0455,-0.5116,-0.53,1.0528,-2.4704,0.5831,1.5778,-1.8284,-1.4209,0.4175,1.3733,0.8209
-1.0901,-2.4413,-2.6642,0.1639,-0.7951,-0.454,1.1625,-2.8111,0.5748,1.4136,-1.9207,-2.376,0.491,1.1263,0.3725
-0.8948,-2.7851,-2.9343,-0.2766,-0.9438,-0.7527,0.9299,-2.5779,1.1437,0.8329,-2.5228,-2.7197,0.626,1.1817,0.1364
-0.6149,-2.9137,-2.7812,-0.342,-0.4799,-1.1165,0.8511,-2.3445,1.403,0.7293,-2.7658,-2.4378,0.3606,1.2067,-0.524
-0.6597,-2.799,-2.6206,-0.1152,-0.7512,-0.9906,0.501,-1.9735,1.4793,0.6424,-2.2066,-3.0678,0.4167,0.4948,-0.8265
-0.3079,-2.8469,-1.8822,0.0726,-0.7533,-0.7717,0.4257,-1.8397,1.3708,0.4994,-2.1462,-3.0268,0.1658,0.1892,-1.0588
-0.5835,-2.4396,-1.7989,-0.2479,-0.3198,-0.822,0.331,-1.9243,1.0726,0.6199,-2.1376,-2.7827,-0.3295,0.2398,-0.8248
-0.1558,-2.7173,-1.643,-0.2155,-0.2513,-1.5658,0.2266,-1.0649,1.3238,0.5245,-1.7798,-2.5375,-0.4397,0.4372,-1.1119
-0.5208,-2.3577,-1.2812,-0.3716,-0.3591,-1.4693,0.623,-0.5158,1.1485,0.8097,-1.8798,-2.3781,-0.5419,-0.2119,-0.8349
-0.3092,-2.2883,-0.7671,-0.1399,-0.4573,-1.5695,0.7439,-0.2525,0.9254,0.3375,-1.3706,-2.7985,-0.7509,-0.9857,-0.7422
-0.6028,-2.1804,-0.3864,-0.4323,-0.0623,-1.3476,0.7418,-0.2578,0.7042,0.386,-1.1841,-2.0918,-0.5022,-1.1368,-0.5224
-0.7016,-2.0398,-0.3691,-0.2483,-0.1024,-1.0888,0.3683,-0.1537,0.4007,0.8156,-1.0681,-2.0203,-0.9907,-1.6835,-0.2719
0.0725,-1.882,0.0983,-0.2891,0.006,-1.0385,0.5075,0.8141,0.4606,0.8717,-0.7787,-2.2047,-1.0705,-2.0028,0.1268
-0.4189,-1.3451,0.433,-0.6867,0.0551,-0.9516,0.3184,0.6015,0.0399,0.8941,-0.6462,-2.003,-1.1028,-2.8705,0.6363
-0.6314,-1.5305,0.314,-0.9105,0.0542,-0.8089,0.407,1.6536,0.0198,0.6926,-0.3253,-1.6219,-1.2116,-2.5676,0.2659
-0.5454,-1.4719,0.9589,-0.8847,0.299,-0.4163,0.6742,0.9695,-0.575,0.5287,-0.4801,-1.5363,-1.3846,-2.4978,0.0776
-0.445,-1.4434,1.0336,-0.6927,0.6169,-0.6573,0.8472,1.2228,-0.775,1.0807,-0.047,-1.4696,-1.3019,-2.6911,0.1948
-0.5461,-1.1993,0.9133,-0.6815,0.844,-0.5973,0.8883,0.5122,-1.2819,1.5938,0.0522,-1.5402,-1.0895,-2.7399,0.9713
-0.4948,-1.1445,0.3491,-0.3938,0.7458,-1.1047,0.7679,0.522,-1.1259,1.8488,-0.002,-0.9074,-0.9781,-2.5229,1.2983
-0.5979,-1.3914,0.2183,-0.536,0.3482,-0.9885,0.7839,0.0743,-1.3774,1.3163,-0.1957,-1.0642,-0.6857,-2.2284,1.1483
-0.2981,-1.6975,-0.115,-0.657,0.1204,-1.1395,0.7232,0.083,-1.0802,1.1425,-0.5952,-0.667,-0.9079,-1.7391,0.9956
-0.5432,-1.3783,-0.1728,-0.355,-0.0364,-0.8605,0.8048,0.2645,-0.6981,0.9763,-0.4782,-1.019,-0.8186,-1.4761,0.7248
-0.4449,-1.5002,-0.3732,-0.277,0.105,-0.6343,0.8127,-0.5496,-0.8744,0.6646,-0.3697,-1.3692,-0.7415,-1.1106,0.4914
-0.6089,-1.4394,-0.4649,-0.366,0.2449,-0.4795,0.6937,-1.0472,-0.8857,0.9977,-0.6882,-1.6678,-0.5009,-0.2693,0.6642
-0.6962,-1.5631,-1.464,-0.3747,0.2523,-0.8465,0.984,-1.0427,-0.7239,1.1933,-1.1146,-1.6639,-0.4405,-0.2271,0.7018
-1.3883,-1.9006,-1.9515,-0.5306,0.142,-0.2034,0.6547,-1.2638,-0.3386,1.0553,-1.4169,-2.2543,-0.2079,-0.3568,0.5494
-0.5607,-2.4569,-1.5068,-0.3085,-0.0887,-0.8068,0.2663,-0.8759,0.3702,0.5748,-1.5817,-1.9897,-0.4063,-0.2096,-0.0466
-0.4392,-2.1561,-1.3614,-0.4039,0.1646,-1.0196,0.5573,-0.5249,0.291,0.9556,-2.1671,-2.1092,-0.4938,-0.766,-0.3539
-0.2035,-2.179,-0.6758,-0.4871,0.2154,-1.3457,0.4119,-0.1624,0.576,1.043,-1.4232,-2.3834,-0.8187,-0.6014,-0.3913
-0.5718,-1.7742,-0.0165,-0.3364,0.3851,-1.0283,0.8569,-0.1108,0.0109,1.2283,-1.2104,-2.8061,-0.8689,-1.4209,-0.1921
-0.4808,-1.9136,0.0445,-0.1669,0.4759,-0.673,0.9516,-0.0782,-0.375,1.0892,-0.7117,-2.4774,-0.6337,-1.6458,0.0514
-0.8302,-1.7892,-0.3065,-0.3568,0.6035,-0.4826,1.2553,0.1971,-0.7379,1.3833,-0.4665,-1.9559,-0.8635,-1.4612,0.3873
-1.2182,-1.76,-0.2602,-0.1687,0.3716,0.0253,1.3036,-0.5665,-0.89,1.4848,-0.3191,-2.0925,-0.3721,-1.5772,0.5582
-0.7878,-1.7932,-0.5808,0.1494,0.019,-0.0624,0.9888,-0.9351,-0.6092,1.2716,-0.1273,-2.0173,-0.1462,-1.3926,0.6087
-0.5258,-1.6432,-0.8037,-0.5455,-0.1142,-0.3399,0.8108,-1.1465,-0.6326,1.1779,-0.0936,-2.0923,-0.2072,-0.9746,0.6733
-0.3998,-1.6017,-1.0203,-0.4216,0.0967,-0.7229,1.1492,-1.2204,-0.0259,1.0713,-1.0834,-1.5839,-0.1455,-0.9539,0.4882
-0.8079,-1.5973,-1.5014,-0.2978,0.1048,-0.6813,1.3579,-0.6188,0.3511,1.2661,-1.8069,-1.8973,-0.4528,-0.9842,0.2093
-0.5314,-2.1127,-0.9019,-0.1168,-0.0224,-0.8603,1.1815,-0.2306,0.749,0.5492,-1.9313,-2.6033,-0.3682,-1.7911,-0.2113
-1.0418,-1.9103,-0.5909,0.134,0.1496,-0.6842,0.9368,-0.1039,0.4523,0.5374,-1.2972,-2.9532,-0.8511,-2.0669,-0.4008
-0.5129,-2.0137,-0.027,0.1723,0.3422,-0.8723,1.1276,0.2665,0.244,0.3056,-0.4018,-3.096,-0.8415,-2.478,-0.2315
-0.5885,-1.5685,0.5818,-0.0818,0.5754,-1.1332,1.354,0.591,-0.0335,0.7751,-0.0349,-2.8885,-1.1372,-2.1694,0.0889
-0.6558,-1.3747,0.8021,-0.4702,0.5684,-0.8556,1.0257,0.274,-0.5794,0.9988,-0.3679,-2.485,-0.9783,-2.1468,0.3062
-0.6984,-1.2871,0.3224,-0.2736,0.4829,-0.5571,1.1129,-0.0237,-1.1468,1.0344,-0.2458,-2.0412,-0.9707,-1.8924,0.7425
-1.1396,-1.3073,-0.0817,-0.6678,0.4873,-0.3452,0.8819,0.0451,-0.8196,1.042,-0.3799,-1.6349,-1.3195,-1.9287,0.647
-0.5856,-1.5892,0.0117,-0.7823,0.6469,-0.6398,1.3077,0.0771,-0.5646,0.6824,-0.4994,-1.7405,-0.9837,-1.7602,0.362
-0.8152,-1.4827,0.1657,-0.6007,0.722,-0.4621,1.3188,-0.3684,-0.4909,1.2444,-0.3222,-1.4138,-0.9819,-1.8481,0.5028
-0.882,-1.6047,0.3808,-0.0807,0.7453,-0.046,0.9681,-1.1934,-1.1707,1.3507,-0.1525,-1.3702,-0.6738,-1.7174,0.7759
-1.0048,-1.469,-0.4614,-0.2286,0.6343,-0.1089,1.1288,-1.05,-1.2397,1.8373,0.2463,-1.4311,-0.4963,-1.0004,0.9297
-0.4353,-1.3487,-0.2547,-0.2186,0.4351,0.1334,1.0736,-1.9577,-1.0874,1.6966,0.1277,-1.2676,-0.0789,-0.9368,1.1343
-0.8501,-1.3517,-0.8476,-0.3721,0.3826,0.0518,1.1683,-1.9771,-1.0531,1.9212,-0.232,-0.7366,0.1115,-0.5638,1.0815
-1.0196,-1.5086,-1.5188,-0.04,-0.0482,-0.0887,0.8974,-2.1087,-0.7555,1.462,-0.295,-1.2116,0.0894,-0.2876,0.8888
-1.0845,-1.8119,-2.3561,-0.0557,0.1653,-0.23,0.8611,-2.3436,-0.3969,1.1477,-0.9671,-1.3989,0.4262,0.2691,0.6094
-1.4521,-2.0119,-2.5034,0.1418,-0.0995,-0.1919,0.4331,-2.8375,-0.0762,1.033,-1.2258,-1.9764,0.4586,0.3828,0.1235
-1.3313,-2.4409,-2.6956,-0.1436,-0.1633,0.048,0.5406,-2.6296,0.5519,0.7317,-1.4148,-2.0631,0.2147,1.3915,-0.1495
-1.0084,-2.5324,-2.6061,0.1238,-0.2308,-0.3396,0.891,-2.9405,0.662,0.7284,-1.8747,-2.4551,0.1853,1.2281,-0.7457
-1.1864,-2.6655,-2.5157,0.1931,-0.5026,-0.2163,0.893,-2.5741,0.9788,0.4535,-1.8033,-2.8228,0.4772,1.6716,-0.8784
-0.8058,-2.4548,-1.8975,-0.0393,-0.6584,-0.4885,0.9336,-2.8785,0.6936,0.3592,-1.9073,-3.559,0.6485,1.1957,-1.1485
-1.2306,-2.2743,-2.5198,0.2901,-0.6809,0.0847,0.7731,-3.1918,0.8978,0.18,-1.5574,-3.6579,0.7647,0.9516,-1.2544
-0.7003,-2.3199,-2.6353,0.2099,-0.7851,-0.5565,0.3837,-2.9906,1.0099,-0.2168,-2.1292,-3.7799,0.9243,1.003,-1.4733
-1.1606,-2.3674,-2.5562,0.3872,-0.9093,-0.8403,0.5641,-2.9893,1.0634,-0.2819,-1.9594,-3.7382,0.6034,0.9506,-1.4641
-0.8992,-2.3931,-2.4984,0.3365,-0.5825,-0.5548,0.4108,-2.8352,1.2759,-0.6172,-1.866,-4.0672,0.4087,0.8921,-1.843
-0.5669,-2.5609,-2.1614,0.2254,-0.3431,-1.1876,0.2285,-2.1519,1.6849,-0.5338,-2.3101,-3.4765,0.2005,0.3909,-1.7063
-0.7313,-2.5649,-1.6001,0.087,-0.4989,-1.2439,0.2169,-1.571,1.5478,-0.5045,-1.2867,-3.366,-0.1096,-0.4042,-1.5548
-0.4772,-2.34,-1.1641,0.0596,-0.5388,-1.3643,0.2986,-0.8918,1.341,-0.5114,-1.1805,-3.081,-0.4555,-0.3895,-1.7953
-0.5502,-1.9624,-0.7065,0.1382,-0.2576,-1.6375,0.5321,-0.3802,1.0719,-0.5512,-1.1892,-2.6187,-0.6088,-1.169,-1.7247
-0.5221,-1.9102,0.0752,0.1114,0.0566,-1.4844,0.5548,-0.0341,0.5358,-0.7292,-0.4335,-1.9599,-0.7752,-1.8142,-1.4127
-0.7245,-1.7753,0.2684,0.1478,0.5045,-1.2231,1.1609,0.4226,0.1952,-0.2441,-0.0476,-2.0133,-0.9974,-1.6878,-0.993
-0.6269,-1.6464,0.6346,0.2697,0.7615,-1.206,1.1289,0.2248,-0.4948,0.2526,0.1489,-1.5719,-0.6694,-1.9336,-0.4099
-0.559,-1.3053,0.746,0.0495,0.8657,-1.6163,1.4097,0.3235,-0.5996,0.7905,0.1646,-1.4597,-0.5903,-2.2297,0.1272
-0.8029,-1.3821,0.6927,-0.0207,0.9599,-1.6391,1.4196,0.3878,-0.8124,1.0187,0.0173,-1.6362,-0.4483,-1.8952,0.5412
-1.203,-1.4463,0.4178,-0.2595,0.8934,-1.1448,1.3464,0.4359,-0.8493,1.0488,-0.1035,-1.2297,-0.5438,-1.8819,0.5629
-0.6326,-1.4622,1.0675,-0.2363,0.8027,-1.1152,1.5342,0.3829,-0.8458,0.7255,0.0784,-1.4346,-0.6509,-2.2949,0.5537
-0.9841,-1.3087,1.0275,-0.0917,0.5456,-0.9158,1.3312,0.3551,-1.1164,0.6515,0.2348,-1.4368,-0.4614,-2.1375,0.5291
-0.4899,-1.4738,1.0213,-0.2458,0.4882,-1.2412,1.4005,0.2586,-1.0623,0.4152,-0.258,-0.838,-0.5059,-2.122,0.6778
-0.5723,-1.5314,0.9182,0.0416,0.8022,-0.9825,1.1124,0.4093,-1.0372,1.0388,0.3849,-1.1057,-0.2144,-2.408,1.0026
-1.0185,-1.5193,1.0553,-0.1646,0.5808,-1.1957,1.0098,0.3805,-1.1855,1.187,0.332,-0.3525,-0.483,-2.1662,0.9685
-1.1228,-1.5695,0.8354,-0.3491,0.8326,-1.0717,0.8824,0.0251,-1.4412,0.8555,0.5036,-0.3566,-0.58,-2.028,1.1126
-0.8856,-1.5796,0.4267,-0.0351,0.9684,-1.1579,0.7014,0.1806,-0.9865,0.8204,0.2543,-1.0647,-0.8676,-1.2652,1.1952
-1.0165,-1.5823,0.18,0.0737,1.0188,-0.8742,0.6744,-0.1212,-0.9842,1.148,-0.0687,-0.9157,-1.0292,-1.4427,0.918
-1.0298,-1.787,0.3232,0.2585,0.7892,-0.9602,1.2585,0.0567,-0.9293,1.334,0.5605,-1.1388,-1.0509,-1.4914,1.0622
-1.227,-1.5713,0.2282,-0.2047,0.7587,-0.645,1.2168,-0.286,-1.1974,1.3804,-0.1646,-1.3863,-0.5339,-1.0882,1.1981
-0.6383,-1.9151,0.284,0.0069,0.4159,-1.0711,1.4047,-0.492,-1.0259,1.0021,0.0996,-1.6516,-0.4838,-0.7465,0.8695
-0.3702,-1.689,0.2551,-0.2717,0.4737,-1.2883,0.9058,-0.5285,-1.0314,1.0978,-0.2226,-1.3255,-0.5599,-0.4873,0.8763
-0.9263,-1.4355,-0.1237,0.0012,0.697,-1.3304,1.0673,-0.5883,-1.0295,1.2743,-0.2009,-1.3031,-0.817,-0.2411,0.6653
-1.0787,-1.6948,-0.1766,0.0308,0.5764,-0.9302,1.2846,-1.0642,-1.0728,1.0687,-0.2763,-1.7132,-0.2746,-1.0291,0.5675
-1.0135,-1.8396,-0.7078,-0.1979,0.7931,-1.027,0.8759,-0.6782,-0.6116,1.2822,-0.7449,-1.8829,-0.2488,-0.0966,0.4463
-0.8091,-1.9283,-0.5249,-0.2125,0.558,-0.6789,0.7329,-0.9573,-0.3356,1.4266,-0.9715,-2.0981,-0.2375,-0.2628,0.4234
-0.5797,-1.9232,-0.1832,-0.1262,0.4211,-0.9155,1.0856,-0.7401,-0.2524,1.2438,-1.1559,-2.3435,-0.3115,-0.2816,0.3347
-0.2911,-2.0151,-0.0509,0.4696,0.087,-1.0254,0.885,-0.7867,-0.3289,0.9299,-0.7053,-2.3259,-0.307,-0.4059,0.6394
-0.0223,-1.5547,0.3161,0.1086,0.1231,-1.2593,0.797,-0.43,-0.357,0.8885,-0.7679,-2.5093,-0.6644,-0.956,0.1246
-0.2449,-1.4152,0.8177,0.0977,0.263,-1.088,0.9427,-0.0903,-0.1925,0.644,-0.0689,-2.2185,-0.8168,-0.7141,-0.0032
-0.4508,-1.3776,0.9394,0.3686,0.424,-1.2017,0.6975,-0.5159,-0.8332,0.6426,0.3301,-1.8927,-1.0677,-1.1844,0.2277
-0.4478,-1.1386,0.8884,0.0083,0.6874,-1.1695,0.8187,-0.4776,-1.0555,0.7288,0.0853,-1.5762,-0.9486,-0.7912,0.2864
-0.6635,-1.0564,0.415,-0.0619,0.7841,-1.3271,1.08,-0.5693,-1.2375,1.0383,0.1547,-1.1334,-0.7786,-0.8937,0.3901
-1.1839,-1.0971,0.1593,-0.2655,0.8064,-0.6957,1.1622,-0.4396,-0.8839,0.7835,-0.4775,-1.4339,-0.7474,-0.8046,0.358
-1.4112,-1.5639,-0.2961,0.1412,0.7034,-0.5762,1.0395,-0.6306,-1.0101,0.6012,-0.584,-1.8343,-0.7768,-0.9944,0.1561
-1.2739,-1.5744,-0.2313,0.0465,0.5823,-0.2449,1.1431,-0.7109,-0.5695,0.4916,-0.8899,-1.6516,-0.8064,-0.7453,-0.1057
-0.8715,-1.6946,-0.3408,-0.1506,0.6817,-0.4004,1.5203,-0.2397,-0.287,0.2259,-0.5835,-1.7516,-0.7026,-0.8825,-0.4498
-0.3734,-1.6035,0.4728,-0.1984,0.3796,-0.8949,1.2385,-0.3277,-0.2859,0.345,-0.4082,-2.0774,-0.3165,-0.9722,-0.3086
-1.0904,-1.5073,0.3151,0.1807,0.4382,-0.4085,1.0981,-0.7024,-0.7079,0.7249,0.4064,-1.6109,-0.4126,-1.4013,-0.1229
-0.8588,-1.4622,0.2359,0.5056,0.342,-0.4702,1.1573,-0.8412,-0.8071,0.4795,-0.1499,-1.1835,-0.5671,-0.8264,-0.0519
-0.3923,-1.4186,0.2399,0.074,0.8414,-0.3473,1.1373,-1.3514,-1.0996,0.8773,-0.2741,-0.9176,-0.1657,-0.6513,0.2213
-0.4427,-0.9408,-0.0043,0.0795,1.0207,-0.64,1.2862,-1.1985,-0.8999,1.7151,-0.7811,-1.4991,-0.1535,-0.4861,0.2408
-1.1221,-1.3117,-0.0356,0.1133,0.7255,-0.1538,1.4096,-0.9337,-0.6851,1.544,-0.937,-2.2039,-0.4288,-0.1027,0.0161
-1.1505,-1.6348,-0.2763,0.5057,0.6782,0.0182,1.4094,-0.8675,-0.4051,0.9014,-0.6139,-2.2994,-0.359,-0.6899,-0.2103
-1.2312,-1.6562,0.0482,0.8431,0.5334,0.2284,1.0168,-0.9872,-0.2931,0.6223,-0.1888,-1.9088,-0.4995,-1.1911,0.0469
-1.1234,-1.7224,-0.0594,0.4778,0.3163,-0.0476,1.1796,-0.3453,-0.0882,0.4343,0.424,-1.8114,-0.4626,-1.1142,0.1299
-0.8603,-1.2959,0.1748,0.4302,0.2634,-0.6091,1.3582,-0.6078,-0.4716,0.4535,0.321,-1.7916,-0.4198,-1.0678,0.1448
-0.5112,-1.2395,0.4532,0.3138,0.2814,-0.7607,0.7967,-0.8705,-0.6509,0.4951,-0.0915,-1.6042,-0.3443,-0.5991,-0.3538
-0.7148,-0.9522,0.149,0.7571,0.5613,-0.7842,0.8739,-0.3302,-0.64,0.536,0.2295,-1.4363,-0.6316,-1.0557,-0.1168
-0.3981,-0.8721,0.6137,0.3699,0.5769,-0.7318,0.7201,-0.4249,-0.6827,0.6077,-0.055,-1.6416,-0.8669,-1.4129,-0.2162
-0.8579,-1.0354,0.5641,-0.0337,0.87,-0.6702,0.6873,-0.1608,-0.7488,0.8024,0.0694,-1.757,-1.0748,-1.9149,0.0747
-0.6723,-1.1483,0.4573,0.2185,1.0287,-1.1522,0.6809,0.5503,-0.3705,0.6842,0.0639,-1.9231,-1.2559,-1.5147,0.0343
-0.8931,-1.2596,0.7225,0.1977,1.1,-1.1463,1.0294,0.8856,-0.3747,1.0114,0.0876,-1.7115,-1.4839,-1.7575,0.0317
-1.2954,-1.103,1.4055,0.0938,0.9,-0.8548,0.9388,0.85,-0.4679,0.8159,0.3755,-1.5915,-1.547,-1.9731,0.4392
-1.2094,-1.0143,1.5075,0.0514,1.0723,-0.8191,0.8914,0.8157,-0.859,0.478,0.0486,-1.433,-1.5284,-2.1241,0.1547
-1.2561,-1.2239,1.7865,0.2945,1.2408,-0.6356,0.8264,0.7904,-1.2507,0.7213,0.6245,-1.2332,-1.565,-2.3018,0.6287
-0.5574,-1.0729,2.016,0.1187,1.1387,-0.5519,1.0236,0.5198,-1.4391,0.9911,0.9452,-1.3144,-1.5801,-2.689,0.7386
-1.1409,-0.7477,1.6238,0.1396,1.3835,-0.3173,1.0105,0.0796,-2.0366,1.69,0.8907,-1.0004,-1.0065,-2.6217,1.046
-0.8882,-0.9714,1.1868,0.1086,1.0672,-0.5493,1.0359,0.6053,-1.5394,1.7101,1.0417,-0.8304,-0.9645,-1.885,1.6222
-1.5819,-0.9625,1.0137,0.4843,1.1311,-0.3542,1.4223,-0.0546,-1.7055,1.661,1.3357,-0.6084,-0.7479,-1.8101,1.7119
-0.871,-1.0573,0.7333,0.2222,0.8066,-0.5023,0.9734,-0.4481,-1.742,1.4489,1.0398,0.0793,-0.448,-1.7047,1.8728
-0.8066,-0.9846,0.5709,0.3212,0.3312,-0.6407,0.9249,-0.7541,-1.8438,1.5106,0.5766,-0.2448,-0.3843,-0.9232,1.6416
-1.1318,-1.1139,0.2523,0.7741,0.6046,-0.3557,0.7414,-1.5984,-2.1735,1.5205,0.4513,-0.5027,-0.101,-0.332,1.6411
-0.7921,-1.0425,-0.4593,0.4817,0.6134,-0.2861,1.0096,-1.9734,-1.9693,1.669,0.2385,-0.6424,-0.0517,0.2657,1.4777
-0.8396,-1.3667,-0.9969,0.1955,0.2679,-0.4477,1.2979,-2.2682,-1.4736,1.8124,-0.4711,-0.9995,-0.0657,0.8192,1.3528
-1.0728,-1.3804,-1.3858,0.3407,0.0998,-0.2071,1.0111,-3.0481,-0.6974,1.4369,-1.0481,-1.874,0.4383,0.7007,0.6185
-1.0852,-1.7977,-1.6676,0.2695,-0.1163,-0.5371,0.7763,-2.7031,-0.0203,0.9307,-1.6804,-2.1926,0.4309,0.6481,0.2034
-1.0744,-2.0853,-1.7201,0.8259,-0.056,-0.6281,0.8337,-2.2139,0.4019,0.8075,-1.7002,-2.8145,0.2516,0.4908,-0.3194
-0.677,-2.1342,-1.1842,0.8543,-0.3455,-0.7824,0.5768,-1.7173,0.7346,0.4508,-1.3105,-3.0374,0.2028,-0.0653,-0.9474
-0.5963,-1.9552,-0.7461,0.7233,-0.4803,-0.9592,0.8283,-1.5234,0.6249,0.0909,-1.0347,-2.6241,0.0666,-0.591,-1.2583
-1.2326,-1.4868,-0.4275,0.6651,-0.1496,-0.807,0.67,-1.2472,0.5722,0.1475,-0.7345,-2.3342,-0.0695,-0.5019,-1.0904
-1.8704,-1.8242,-0.0815,0.7375,0.0014,-0.1015,0.7115,-1.1993,0.1388,-0.4143,-0.4136,-2.1157,-0.3387,-1.0209,-0.9367
-1.5189,-1.8693,0.0601,0.5911,0.1698,-0.0775,0.4595,-0.9689,-0.3815,-0.4024,-0.6928,-2.1594,-0.3127,-1.3653,-1.1707
-0.7356,-1.7535,0.3187,0.8777,0.3092,-0.439,0.3543,-0.6538,-0.2693,-0.0653,-0.1601,-1.8304,-0.5778,-1.3968,-1.0222
-0.8303,-1.3594,0.5872,0.6786,0.2341,-1.0859,0.2144,0.0805,-0.2394,0.4077,-0.1995,-1.5777,-1.1172,-1.9328,-0.6395
-1.5318,-1.26,0.5965,0.5447,0.3286,-0.7808,0.5011,0.5214,0.0129,-0.1649,-0.2605,-1.417,-1.3118,-2.3136,-0.8698
-1.7313,-1.3805,1.1091,0.4703,0.6321,-0.7999,0.6555,1.2147,-0.002,-0.5059,0.1269,-1.3806,-1.2144,-3.0983,-0.784
-1.1039,-1.4045,1.98,0.4614,0.902,-0.4812,0.7265,1.2292,-0.4977,-0.4807,0.1983,-1.2663,-1.3151,-3.765,-0.5564
-1.3093,-1.0937,1.9979,0.4705,1.2218,-0.288,0.6633,1.7122,-0.8747,0.2522,0.448,-0.8552,-1.488,-3.6103,-0.3705
-1.4246,-1.017,2.3855,0.5716,1.0951,-0.1458,0.3968,1.5933,-1.0927,0.2741,0.4316,-0.3059,-1.4991,-4.2387,-0.209
-1.7,-1.0557,2.1448,0.6362,1.4061,-0.1351,0.7049,1.852,-1.0799,0.5584,0.6146,-0.5939,-1.9243,-4.0459,-0.0111
-1.1947,-1.1088,2.5535,0.6667,1.4939,-0.0711,0.5227,2.0307,-1.2641,0.6971,1.233,-0.3722,-1.9105,-4.8394,0.6928
-1.0335,-0.8064,2.6874,0.6148,1.3885,-0.1194,1.1358,1.882,-1.6153,1.3477,1.4592,0.0631,-2.1389,-4.3521,0.9947
-1.6316,-0.447,2.6213,0.1662,1.0153,0.7706,1.158,1.131,-1.8871,1.2296,1.0021,0.0183,-1.5031,-4.067,1.2362
-1.494,-0.5733,2.4711,0.0899,0.9479,0.4414,1.07,0.7601,-1.9185,1.0927,1.1763,-0.0889,-1.1866,-3.3171,1.0301
-1.1984,-0.4852,1.9693,0.2412,1.1412,0.398,1.2162,0.1402,-2.1841,1.3064,0.9397,-0.6205,-0.8736,-3.0745,1.4171
-1.0701,-0.5472,1.6199,0.239,1.0889,-0.0329,1.0075,0.0436,-1.65,1.64,1.1081,-0.3538,-0.5759,-2.6633,1.642
-0.9191,-0.4316,1.3924,0.4013,1.0937,-0.4014,0.7234,-0.1372,-1.3501,1.9267,0.4689,0.0619,-0.454,-1.7515,1.6138
-1.0844,-0.5747,1.1413,0.7523,0.8574,-0.3027,0.4815,-0.6105,-1.4279,1.8699,0.6447,0.1253,-0.4096,-1.5318,1.4887
-1.443,-0.7782,0.5889,0.6743,0.54,-0.3468,0.5754,-0.8723,-1.5197,1.9845,0.5961,-0.346,-0.5333,-1.2293,1.5926
-0.7069,-0.975,0.6489,1.0191,0.0315,-0.5123,0.506,-1.4412,-1.2116,1.5535,0.9254,-1.0042,-0.3761,-0.7355,1.5708
-1.2161,-0.7333,0.2344,0.7389,0.2446,-0.5101,0.5017,-1.6152,-1.2443,1.4901,0.4929,-0.2695,-0.4252,0.0272,1.4243
-1.3626,-0.8509,-0.2288,0.7136,-0.0603,-0.2721,0.8056,-2.439,-1.2838,1.2539,-0.299,0.0117,-0.2615,-0.0937,1.0691
-2.0999,-1.2078,-1.4902,0.6145,0.1273,-0.0585,0.8994,-2.5031,-0.741,1.0464,-0.523,-0.3888,-0.019,0.287,0.8067
-2.3088,-1.9436,-1.8195,0.8346,-0.0768,-0.2149,0.097,-2.3896,-0.0185,0.5585,-0.9997,-1.2617,0.103,0.5867,0.1738
-1.7764,-2.1159,-1.6408,1.2161,-0.3803,-0.5478,0.0281,-2.3764,0.5735,0.1619,-1.164,-1.4642,-0.0976,0.2396,-0.7567
-1.9424,-1.9051,-1.6326,1.368,-0.6067,0.1653,-0.1869,-2.0924,0.7293,-0.3313,-1.1006,-1.3844,-0.3438,0.3547,-1.3908
-1.3245,-2.113,-1.1397,0.9317,-0.3831,-0.3985,-0.3888,-1.9849,0.6151,-0.9421,-1.2547,-2.0351,-0.7085,-0.4104,-1.9376
-1.6189,-1.6891,-0.9471,1.0737,0.1127,-0.4622,-0.403,-1.4787,0.7136,-0.5538,-0.9107,-1.9941,-0.9849,-0.3975,-1.9822
-0.8569,-1.5929,-0.474,0.6498,0.117,-0.5557,-0.1749,-1.1556,0.7283,-0.6993,-1.0289,-1.2898,-1.1498,-0.9663,-1.8398
-1.0893,-1.4135,-0.2857,0.8868,0.1591,-0.4886,-0.165,-0.4989,0.5986,-0.2389,-0.6068,-1.7127,-1.5574,-0.9732,-1.9422
-0.7339,-1.5942,0.4149,0.6533,0.4745,-0.9793,-0.3054,0.4642,0.9103,-0.5623,-0.5864,-1.8331,-1.5566,-1.3284,-1.8143
-0.7432,-1.1424,1.3277,0.707,0.5873,-1.1062,-0.0038,0.2431,0.057,0.0075,0.0864,-1.4093,-1.7246,-1.4318,-1.2907
-0.8025,-0.9148,1.6971,0.6697,1.0156,-1.0089,0.2982,0.6432,-0.403,0.4259,-0.0854,-1.196,-1.4882,-1.9484,-0.9893
-0.9884,-0.7447,1.7892,0.6054,0.9325,-0.7089,0.6461,1.0961,-0.8214,0.5743,0.4843,-1.3726,-1.5569,-2.04,-0.3284
-1.9527,-0.5954,1.7219,0.5854,0.9425,-0.1309,0.8525,0.5041,-1.3673,0.9253,0.6891,-1.2081,-1.4822,-2.5896,0.075
-1.6342,-0.8414,1.5585,0.2574,1.2766,0.091,0.4502,0.3688,-1.1053,0.6992,0.7578,-0.6836,-1.198,-2.2531,0.5172
-1.95,-0.6849,0.9541,0.148,1.2067,0.1124,0.4905,-0.0848,-1.52,1.36,0.1324,-0.3188,-1.3458,-2.3979,0.5762
-1.6155,-1.2434,0.7339,0.2864,0.7559,0.226,0.3447,-0.2222,-1.0336,1.0152,-0.1092,0.1636,-1.2814,-2.4187,0.292
-1.6093,-1.2867,0.4212,0.2489,0.6549,0.0788,0.4287,0.1031,-0.7649,1.0845,-0.1517,-0.4327,-1.3415,-2.4291,0.0836
-1.8257,-1.4146,0.6489,0.3617,0.422,0.0381,0.6556,0.1374,-0.6896,0.8076,-0.394,-0.7935,-1.2637,-2.5548,-0.6484
-1.3006,-1.6804,0.7938,0.7427,0.3707,0.1792,0.8686,0.2758,-0.544,0.4387,0.291,-1.0786,-1.2541,-2.2524,-0.7884
-0.846,-1.1734,1.295,0.6948,0.3428,-0.0503,0.7034,0.5973,-0.4851,0.7987,0.3623,-1.122,-1.3677,-2.6832,-0.3911
-1.2813,-0.9758,1.5979,0.1424,0.2291,-0.4463,0.3787,0.6837,-0.845,0.6704,0.4037,-0.3729,-1.152,-3.1295,-0.2013
-1.4545,-1.0178,1.3923,0.3101,0.6166,-0.7184,0.5956,0.7306,-0.9368,0.7152,0.3401,-0.457,-1.4141,-2.7038,0.0118
-1.0716,-1.1669,1.8201,0.3974,0.7309,-0.8504,0.5606,1.3395,-0.8607,0.883,0.5067,-0.5754,-1.3527,-2.5548,0.0153
-1.6199,-0.7233,2.0492,0.4201,1.0256,-0.7452,0.4342,1.0781,-1.4213,1.4792,0.5746,-0.3039,-1.7596,-2.8666,0.1078
-1.9603,-0.8064,1.7797,0.4141,0.9997,-0.4452,0.1166,0.7646,-1.5206,1.1672,0.7334,-0.1552,-1.6084,-3.004,0.3716
-1.4865,-1.0788,1.4031,0.3285,1.3943,-0.313,0.2243,0.8554,-1.7129,1.466,0.7842,0.4514,-1.58,-2.5023,0.5377
-0.5941,-0.8912,2.0298,0.2804,0.9546,-0.6431,0.3602,0.7934,-1.5464,1.822,0.3236,0.5218,-1.6394,-2.5543,0.7169
-1.3032,-0.743,1.9712,0.4922,1.0855,-0.0668,0.5471,0.5883,-1.8103,2.5447,1.0356,0.236,-1.5649,-2.2529,1.3075
-1.2405,-0.6495,1.5846,0.2343,0.8133,-0.1326,0.6734,-0.0427,-1.9609,2.4018,0.8543,0.2582,-1.2015,-1.8009,1.347
-1.4809,-0.8384,0.9679,0.1993,0.7214,-0.109,0.5987,-0.8004,-1.8224,2.1724,0.4793,0.3759,-1.0477,-0.8283,1.3847
-1.6577,-1.0762,0.5101,0.4197,0.699,-0.0419,0.4638,-1.5459,-1.8932,2.087,-0.563,-0.1811,-0.6453,-0.4335,1.052
-1.8639,-1.5515,-0.481,0.6405,0.4821,-0.1394,0.324,-1.9322,-1.723,1.9562,-0.5876,0.026,-0.4216,0.2534,0.9738
-1.8891,-1.6921,-1.1159,0.6007,0.0964,-0.0896,0.2479,-1.9203,-1.1743,1.8636,-0.8377,-1.2248,-0.4535,0.0941,0.695
-1.6036,-1.7896,-1.0539,0.8442,-0.1032,-0.0997,0.2707,-1.7002,-0.1874,1.376,-0.9216,-1.3613,-0.5185,0.0082,0.2485
-1.569,-1.9452,-0.9956,1.2516,-0.0844,-0.0439,0.6962,-1.7302,-0.0465,0.9918,-0.7971,-1.597,-0.6807,-0.881,-0.1912
-2.0716,-1.8632,-1.0,1.3672,-0.0743,0.1386,0.5665,-2.1176,-0.0838,1.231,-0.6725,-1.674,-0.4316,-0.4259,-0.1817
-2.242,-2.1738,-1.4965,1.0851,-0.1348,0.4979,0.188,-2.2384,-0.2534,0.8208,-0.8183,-1.6227,-0.1446,-0.7112,-0.5668
-1.6044,-1.9818,-1.4883,0.873,-0.3235,0.351,0.1762,-2.2927,0.0981,0.4136,-0.7866,-1.4161,-0.3221,-0.4952,-0.8337
-1.8083,-1.889,-1.4761,1.0243,-0.3914,-0.0072,0.1269,-1.8153,0.4049,0.3172,-1.1083,-1.7174,-0.4696,-0.7189,-1.5877
-1.7941,-2.0438,-0.8833,0.8333,-0.6734,0.036,0.0163,-1.5227,0.6263,-0.1645,-1.0002,-1.8834,-0.629,-1.0068,-1.7071
-1.8065,-1.9501,-0.6743,0.9884,-0.3795,0.1113,-0.3393,-1.1026,0.6071,-0.438,-0.774,-2.109,-0.9225,-0.9001,-2.0182
-2.0449,-1.966,-0.3914,0.8979,-0.0077,0.1118,-0.9,-0.9014,0.403,-0.0946,-0.5145,-1.8398,-1.1857,-1.5178,-2.0624
-2.0055,-2.0816,0.1823,0.8253,0.2104,-0.5088,-0.518,-0.8364,0.1166,0.0813,-0.3084,-1.9302,-1.3656,-1.0195,-1.8167
-1.5977,-1.8008,0.4287,0.9153,0.2386,-0.7965,-0.2057,-0.5075,0.0303,0.5955,-0.6098,-2.0313,-1.3281,-1.502,-1.6807
-1.4657,-1.4823,0.6601,0.5965,0.369,-1.0768,-0.0653,0.385,0.0708,0.7541,-0.3538,-1.428,-1.4829,-1.8554,-1.2958
-1.3963,-1.3483,1.1309,0.4809,0.1781,-0.7611,-0.7154,0.1507,-0.2411,0.4558,-0.2214,-1.2646,-1.3679,-2.2353,-0.9655
-1.9038,-1.1349,0.9403,0.7848,0.5551,-0.5081,-0.6021,0.3341,-0.5486,0.4375,-0.5945,-0.7198,-1.5982,-2.6595,-1.3722
-1.7297,-1.2104,0.9076,0.8199,0.3718,-0.202,-0.7953,0.9494,-0.588,0.365,0.1886,-1.5311,-1.7937,-2.489,-1.1986
-1.4458,-1.1785,1.4241,0.7983,0.4806,-0.1322,-0.1616,0.7914,-0.5621,0.5224,0.0522,-1.4523,-1.9259,-3.1395,-0.946
-1.5128,-0.9586,1.7534,0.7318,0.5922,-0.053,-0.0704,1.1618,-0.573,0.9648,0.0609,-1.4905,-1.9245,-3.2997,-0.5209
-1.7943,-0.8536,2.1631,0.6785,0.4471,-0.388,0.213,1.4355,-0.7324,0.6534,0.1872,-1.2271,-1.7507,-3.0079,-0.5472
-1.9602,-0.9741,2.1326,0.7868,0.6276,-0.2483,0.069,1.1971,-1.3257,0.7139,0.5913,-0.8402,-1.4195,-3.3619,-0.2453
-1.3072,-1.0116,2.236,0.8176,1.0602,-0.583,-0.0103,1.0215,-1.4122,1.2145,0.6956,-0.7277,-1.514,-2.9011,0.4187
-1.6783,-0.8337,2.1293,0.5852,0.8517,-0.3227,0.198,0.7071,-1.511,1.7579,0.7756,-0.2949,-1.3173,-2.6703,0.9524
-1.9353,-1.0635,1.927,0.3784,0.7719,-0.2882,0.1588,-0.3313,-2.2455,1.9609,0.8067,-0.1985,-0.9268,-2.4069,1.3915
-1.6877,-0.9562,1.1844,0.5121,0.91,-0.5753,0.057,-0.6581,-1.7202,1.9946,0.8942,-0.088,-0.7977,-1.5668,1.7542
-1.6717,-1.0199,0.2594,0.6328,0.4487,-0.2954,-0.4828,-1.4914,-1.7386,2.3591,0.6101,-0.3143,-0.5302,-1.4029,2.029
-2.0706,-1.017,-0.3988,0.852,0.4315,0.1666,-0.5372,-1.8196,-1.1677,2.3653,0.0562,-0.3181,-0.4741,-0.6245,1.6875
-2.1134,-1.3558,-1.0912,1.1686,0.1995,0.2721,-0.5794,-2.3577,-0.8061,1.8811,0.139,-0.388,-0.3868,-0.3667,1.3132
-2.2682,-1.5438,-1.2752,1.0856,-0.132,0.5326,-0.391,-2.9049,-0.489,1.6579,-0.5056,-0.3152,-0.1436,0.1079,0.7656
-2.0036,-1.7804,-1.751,0.8396,-0.2118,0.4074,-0.448,-3.1855,-0.2605,1.2184,-0.8549,-0.9149,0.0153,0.5441,0.2429
-1.7156,-1.9984,-2.0153,1.0318,-0.3437,0.1881,-0.47,-3.1551,0.4336,1.3262,-1.2283,-1.3746,0.0395,0.5751,-0.1763
-1.646,-1.9231,-2.0006,1.15,-0.5808,-0.3765,-0.4886,-2.7508,0.8184,1.1818,-1.7843,-1.5327,0.015,0.5822,-0.5539
-2.0373,-2.1447,-1.6262,1.0931,-0.6538,-0.6894,-0.8162,-2.0592,1.0826,0.4015,-2.0881,-2.1727,-0.2879,0.1399,-1.2292
-1.9591,-2.45,-0.7946,1.2572,-0.53,-0.603,-0.7998,-1.8915,0.9531,-0.0949,-1.9959,-2.6588,-0.4869,-0.2865,-1.9471
-1.8566,-2.4998,-0.7486,1.2447,-0.6057,-0.4569,-0.8086,-0.6616,1.2178,-0.3663,-1.3125,-2.4434,-1.0243,-0.6373,-2.1233
-1.2917,-2.1951,0.268,1.5373,-0.2115,-1.0417,-0.3399,-0.1937,0.8764,-0.5676,-0.9823,-2.5398,-1.2344,-1.5303,-2.1853
-1.5161,-1.6888,0.7271,1.1775,0.0936,-1.0998,-0.0495,0.019,0.3322,-0.3276,-0.4211,-2.2139,-1.4567,-1.5847,-1.773
-2.2475,-1.4271,0.7863,0.9287,0.585,-0.7026,-0.2096,0.1529,0.032,-0.1379,-0.2477,-1.8615,-1.2941,-2.1899,-1.0902
-1.7222,-1.6586,1.0053,1.2046,0.9915,-0.4607,0.3102,0.4717,-0.1566,-0.067,-0.0332,-2.1234,-1.4396,-2.8435,-0.7665
-1.9866,-1.603,1.5671,1.0317,1.0448,-0.6093,-0.0801,0.5445,-0.3692,0.5632,0.391,-2.148,-1.1727,-3.5031,-0.3084
-2.1452,-1.3186,1.6044,0.7531,1.3377,-0.0363,0.0413,0.6992,-0.8454,0.8367,0.4886,-1.0209,-1.4364,-3.815,0.2859
-1.7595,-1.3147,1.9528,1.017,1.2526,-0.4449,-0.0849,0.8613,-1.3658,1.2092,0.4557,-1.14,-1.5777,-3.6788,0.624
-1.7442,-1.0245,1.4921,0.5495,1.437,-0.5603,0.1946,0.7472,-1.3486,1.7234,0.1914,-1.1581,-1.5599,-3.4068,0.5834
-1.7294,-1.2249,1.1553,0.6489,1.2999,-0.6071,0.0953,0.1089,-1.3285,1.5783,0.0761,-0.7054,-1.5074,-3.3678,0.8008
-2.266,-1.2428,0.9461,0.5869,1.2172,-0.5201,-0.0025,0.3371,-1.1245,1.5458,-0.1995,-0.4703,-1.4792,-2.809,0.7718
-2.0549,-1.4165,0.8436,0.5683,0.9106,-0.1997,0.1234,0.2988,-1.0125,1.3034,-0.091,-0.8908,-1.4042,-3.0199,0.4754
-2.0238,-1.5838,1.1226,0.5914,0.7708,-0.5641,0.0895,0.0044,-0.9166,0.9154,0.2539,-1.2223,-1.3878,-2.6971,0.3207
-1.6132,-1.4325,1.0242,0.5278,0.7413,-0.6217,0.1307,-0.1379,-1.0937,1.005,0.5073,-1.0239,-1.2296,-2.5308,0.3696
-1.2601,-1.205,1.1396,0.6304,0.7871,-0.5961,0.034,0.2219,-0.9406,1.1477,0.3297,-0.5725,-1.4181,-1.8781,0.4413
-1.3273,-0.9111,1.1781,0.6577,0.9837,-0.7238,-0.1148,-0.7094,-1.7237,1.3662,0.4245,-0.6002,-1.2339,-1.9554,0.2335
-1.8397,-0.8544,0.915,0.6916,1.1487,-0.4072,0.3118,-1.0892,-1.4453,1.7972,0.3072,-0.5993,-0.9155,-1.8453,0.5652
-2.2237,-1.0403,0.2186,0.7193,0.952,-0.1303,0.3014,-1.5282,-1.3407,1.6426,-0.4729,-0.9188,-0.8366,-2.4088,0.7498
-1.8475,-1.5504,-0.3433,0.8458,0.7208,-0.1334,0.1666,-0.5848,-0.5609,1.5418,-0.4578,-1.2188,-0.805,-1.1579,0.4002
-1.6122,-1.7846,0.3369,0.7698,0.6336,-0.2288,0.5859,-1.0993,-0.6218,1.3096,-0.5719,-1.8345,-0.4819,-1.4088,-0.0687
-2.0154,-1.6047,-0.0499,0.842,0.7346,-0.3128,0.2491,-0.9977,-0.3627,1.6013,-0.5217,-1.2958,-0.3738,-1.3935,0.3941
-2.2295,-1.6874,-0.0682,1.0053,0.3069,-0.1005,0.0417,-1.2098,-0.3037,1.1122,-0.4155,-1.0709,-0.5299,-1.4632,-0.0568
-2.3813,-1.4591,-0.7914,1.0245,0.4476,0.0305,0.4729,-1.0482,-0.3015,0.6416,-0.7364,-1.3353,-0.6375,-1.3022,-0.4384
-2.2126,-1.816,-0.8486,0.9349,0.44,-0.0908,-0.065,-1.077,-0.2845,0.4155,-0.6442,-1.4586,-0.3422,-1.082,-0.46
-1.5647,-1.7933,-0.2616,1.1658,0.5,-0.5928,-0.1832,-1.3434,-0.2572,0.5782,-0.5874,-1.0416,-0.4958,-1.2317,-0.5537
-1.5474,-1.586,-0.2539,1.0584,0.4633,-0.8302,-0.8002,-0.8543,-0.4351,0.9737,-0.2338,-1.15,-0.6046,-1.8653,-0.517
-1.456,-1.3293,-0.0631,0.9776,0.3535,-0.7683,-0.7737,-0.3486,-0.383,0.7875,-0.423,-1.2185,-1.0431,-1.8363,-0.4555
-1.7102,-1.2257,0.0449,1.1724,0.509,-1.3104,-0.5908,-0.0925,-0.1695,0.7528,-0.0898,-1.7011,-1.4197,-2.19,-0.5308
-1.4296,-1.139,0.5702,0.5413,0.695,-1.3873,-0.8859,0.1724,-0.284,0.4758,-0.3908,-0.8088,-1.4742,-2.6029,-0.8197
-1.5238,-1.0853,0.566,0.3751,0.7618,-0.9879,-0.4678,0.3507,-0.5532,0.3089,-0.4664,-1.0028,-1.5561,-3.0035,-1.0511
-1.634,-1.0761,0.8014,0.708,0.8276,-0.8401,-0.4256,0.6566,-0.6399,0.4608,-0.2512,-1.6207,-1.4886,-3.4098,-0.9821
-1.2518,-1.1098,1.2197,0.6213,0.9983,-0.9546,-0.2617,0.8116,-0.562,0.6166,-0.0118,-1.558,-1.5511,-3.0802,-0.8766
-1.1842,-0.5625,1.7107,0.8137,1.0938,-0.924,0.0342,0.4712,-1.0551,0.9724,0.0045,-1.2743,-1.4349,-3.3062,-0.6885
-1.4905,-0.4446,1.6448,0.6344,1.2339,-1.0329,0.467,1.0461,-1.1251,1.2665,0.4724,-1.0779,-1.3711,-2.9393,0.2083
-1.4193,-0.2285,1.5012,0.4502,1.0423,-1.2789,0.6306,0.6744,-1.4353,1.2134,0.716,-0.9759,-1.3956,-3.4351,0.328
-1.5954,-0.1722,1.0531,0.5668,1.3643,-1.3501,0.5215,0.8202,-1.1935,1.1947,0.4043,-0.1791,-1.016,-3.5687,0.6495
-1.8034,-0.533,0.8417,0.1562,1.4334,-0.7748,0.6498,0.5715,-1.3507,1.5828,-0.0805,0.0026,-1.2137,-3.8261,0.7194
-1.8565,-0.72,0.8871,0.3667,1.2635,-0.6496,0.7418,0.6305,-1.0891,1.437,-0.4181,-0.3563,-0.8969,-3.4208,0.6298
-1.5855,-0.8911,1.1124,0.3174,1.1249,-0.5925,0.5847,0.5487,-1.1594,1.4365,-0.2246,-0.7952,-0.9322,-3.8982,0.5972
-1.0516,-0.9351,0.9498,0.2828,0.9767,-0.7561,0.4229,0.6659,-1.3795,1.7405,-0.0326,-0.6085,-0.7705,-3.4399,0.8431
-1.5556,-0.7869,1.0335,0.6233,1.1421,-0.9385,0.1454,0.1587,-1.3364,1.7918,-0.3747,-0.4144,-1.0177,-3.1197,0.8071
-1.4541,-0.6587,0.8151,0.6743,1.1952,-0.9998,0.115,0.0286,-1.3247,1.7387,0.1595,-0.4994,-1.074,-2.5735,0.9066
-2.1009,-0.6754,0.3992,0.4245,1.0753,-0.6385,0.3086,-0.9082,-1.4878,2.0002,-0.13,-1.0853,-0.9282,-2.5354,1.0109
-1.9573,-0.8974,-0.3932,0.2494,0.8372,-0.4531,0.3925,-0.7254,-0.8988,1.7522,-0.5337,-0.7469,-0.7686,-2.4677,0.8067
-1.3349,-1.2694,-0.0149,0.5616,0.9005,-0.2763,0.5149,-0.9198,-0.4173,1.5776,-1.2715,-0.8674,-0.661,-2.2698,0.4473
-1.917,-1.1699,-0.4493,0.652,0.7831,0.01,0.6888,-0.6924,-0.5077,1.9399,-1.0967,-1.2344,-0.606,-1.8104,0.4206
-1.5406,-1.4542,-0.5985,0.741,0.5353,-0.4727,0.6035,-0.9819,-0.5059,1.6181,-0.7734,-1.4176,-0.3644,-2.2382,0.5977
-1.6875,-1.1491,-0.5726,1.234,0.3583,-0.1582,0.2756,-1.1304,-0.6222,1.542,-0.2157,-1.0105,-0.503,-2.2946,0.4243
-1.3875,-1.1459,-0.7655,1.05,0.0582,-0.5893,0.3704,-1.0737,-0.7684,1.3427,-0.2412,-1.1179,-0.2612,-1.7602,0.6107
-1.5213,-0.8724,-0.487,0.7335,0.239,-0.8213,0.4655,-1.098,-0.5188,1.2915,-0.252,-1.1662,-0.3049,-1.3577,0.5018
-1.3073,-1.0843,-0.59,0.5007,0.2487,-0.6737,-0.1961,-1.405,-0.7293,0.8092,-0.4532,-1.4296,-0.393,-1.7003,-0.067
-0.9106,-0.8696,-0.6451,0.603,0.643,-1.0737,-0.1317,-1.2942,-0.3942,1.1757,-0.4462,-1.2691,-0.4979,-1.6773,-0.0133
-0.7993,-0.8654,-0.1786,0.3193,0.444,-1.5286,-0.3603,-0.8606,-0.5024,1.2161,-0.8733,-0.755,-0.7391,-1.6869,-0.1086
-1.4671,-0.6866,0.0504,0.5805,0.4652,-1.3092,-0.3956,-0.9868,-0.7559,1.1781,-0.536,-0.8265,-0.7677,-2.1337,-0.4101
-1.6909,-0.7087,-0.5646,0.4316,0.6441,-0.9511,-0.1898,-0.9539,-0.8091,1.3084,-0.947,-1.422,-0.8518,-2.0397,-0.4314
-1.5447,-1.1101,-0.4679,0.7948,0.4632,-0.5421,-0.2948,-0.5718,-0.3062,0.6991,-0.7992,-0.9935,-0.9706,-1.6464,-0.5511
-1.0972,-1.1113,-0.331,0.6718,0.5733,-0.5593,-0.2133,-0.7644,-0.6489,0.7625,-0.6302,-1.0583,-1.1271,-2.1481,-0.5766
-0.818,-1.0693,-0.1622,0.4161,0.5818,-1.1025,-0.3517,-0.0885,-0.4074,1.2071,-0.6567,-1.5019,-1.0968,-1.9655,-0.5258
-1.0758,-0.6617,-0.0984,0.3493,0.6712,-1.0421,-0.2471,-0.4002,-0.6478,0.9339,-0.8846,-1.4032,-1.0355,-1.7269,-0.5835
-1.1372,-0.9241,-0.0767,0.6385,0.7392,-1.1729,-0.0713,0.0799,-0.2949,1.0912,-0.9164,-1.6791,-1.2272,-1.6294,-0.5677
-0.8768,-0.894,0.479,0.7966,0.7676,-1.3316,0.001,0.046,-0.3386,0.8741,-0.5122,-1.3857,-1.0584,-2.7669,-0.5796
-1.3865,-0.9504,0.5183,0.5793,1.1239,-1.1844,-0.2929,0.4312,-0.5033,1.1436,-0.364,-1.2831,-1.3508,-2.6226,-0.0408
-1.6069,-0.7361,0.7,0.0997,1.1966,-0.9976,-0.5691,0.36,-0.9442,1.2422,-0.2407,-0.4962,-1.518,-2.9171,-0.118
-1.5291,-0.649,0.9054,-0.22,1.159,-1.3272,-0.4764,0.8648,-0.722,1.0025,-0.35,-0.6321,-1.7889,-2.8504,-0.1711
-1.4233,-0.7335,1.1338,0.2529,1.2418,-0.9192,-0.6411,0.564,-0.9547,0.7557,-0.6065,-1.0275,-1.3502,-3.1725,-0.3056
-1.1445,-0.7841,1.3586,0.0308,1.3607,-0.8993,-0.8477,0.8517,-0.9278,1.3436,-0.3518,-1.19,-1.5474,-3.5245,-0.6495
-0.9313,-0.6183,1.5297,0.2836,1.1025,-0.6787,-0.4322,0.8114,-0.9603,1.0787,0.0145,-0.8409,-1.699,-3.628,-0.5622
-1.2185,-0.2403,1.1011,0.3712,1.2045,-0.904,-0.5236,1.1674,-1.1128,1.2673,0.4193,-0.5826,-1.6761,-3.3072,-0.0822
-1.1466,-0.2972,1.4146,0.5766,1.172,-0.6163,-0.0722,0.8684,-1.2428,0.897,0.5596,-0.2288,-1.7574,-3.6992,0.0847
-1.3892,-0.165,1.4054,0.6306,1.1604,-1.2462,0.1629,0.9359,-1.1901,0.9975,0.396,-0.1351,-1.4711,-3.554,0.0658
-1.4441,-0.2647,1.2801,0.5755,1.2606,-1.0832,0.6024,0.958,-1.6565,1.2308,-0.0481,-0.2602,-1.4272,-3.2142,0.3145
-1.3245,-0.3737,1.0317,0.3685,1.317,-1.3204,0.7669,1.0549,-1.578,1.3343,-0.2497,-0.6236,-1.1362,-3.1039,0.3167
-1.6642,-0.4707,0.9753,0.3938,0.8224,-1.087,0.5577,0.8798,-1.4032,1.2658,-0.1732,-0.623,-0.9447,-3.5933,0.2805
-1.1579,-0.6596,1.1747,0.6593,1.0142,-1.2253,1.0573,0.5572,-1.6213,0.9798,0.0722,-0.7714,-0.9116,-3.9538,0.2764
-1.4792,-0.3083,0.8622,0.5602,0.9215,-1.246,0.4785,1.1316,-1.4077,1.1951,-0.5302,-0.1976,-0.8238,-3.4602,0.0805
-1.5533,-0.6701,1.205,0.5031,1.2152,-0.902,0.4425,1.3639,-1.3364,0.9847,0.2064,-0.3731,-0.9642,-3.4545,0.3208
-0.9307,-0.5754,1.6638,0.398,1.2331,-1.1732,0.2704,0.735,-1.4535,1.0577,-0.1586,0.1214,-1.0488,-4.0653,0.0793
-1.348,-0.4699,1.3667,0.1449,1.3851,-1.0762,0.3903,1.2594,-1.529,1.6147,0.3252,-0.111,-1.3774,-3.4078,0.4736
-1.4646,-0.3617,1.2646,0.2137,1.4626,-0.8849,0.3849,0.3696,-2.03,1.7356,0.3195,-0.4166,-1.3138,-3.0687,0.4869
-1.7934,-0.4379,0.8008,0.0002,1.185,-0.805,0.4028,-0.3365,-1.7595,1.5779,-0.4581,0.0551,-1.0097,-3.091,0.4059
-1.3329,-0.682,0.3094,0.1923,0.9061,-1.4902,0.2322,0.0842,-1.4438,1.1752,-0.44,0.2262,-0.7589,-2.5152,0.4792
-1.5999,-0.5606,0.5101,0.3377,0.8616,-1.2229,-0.0554,-0.3792,-1.2107,1.4812,-0.3156,-0.37,-0.9099,-2.6709,0.2189
-1.207,-0.7159,0.1646,0.0576,0.9364,-1.3572,-0.0643,-0.3639,-1.0778,1.3287,-0.3836,-0.0566,-0.8416,-2.1507,0.1867
-1.2505,-0.6599,0.1431,0.3128,0.7832,-1.263,0.1736,-0.679,-1.3102,1.2883,-0.3226,-0.608,-0.8259,-2.497,0.1827
-1.5745,-0.6107,-0.2054,0.6544,0.7884,-1.5328,0.0882,-0.1226,-0.9131,1.1926,-0.8277,-0.8337,-0.7851,-2.0119,-0.0772
-1.6584,-0.9571,-0.1277,0.3836,0.3419,-0.9299,-0.0204,-0.3344,-0.7684,0.8228,-0.8832,-0.8134,-0.7337,-2.2177,-0.2358
-1.4523,-0.8364,0.2056,0.4368,0.5956,-1.0147,-0.1126,-0.2872,-0.6793,0.7195,-0.6741,-0.9964,-0.6402,-1.9378,-0.5849
-1.3669,-1.0359,-0.0702,0.4871,0.6494,-0.8019,-0.0183,-0.5622,-0.9024,0.6589,-0.7683,-0.8963,-0.7321,-1.9683,-0.7046
-1.6629,-1.0591,-0.1805,0.7454,0.7272,-0.9602,-0.0179,-0.8596,-0.8668,1.0464,-0.6637,-0.8865,-0.773,-1.809,-0.5287
-1.5838,-0.9816,-0.2231,0.8898,0.6025,-1.3596,-0.0825,-1.2109,-0.9271,1.1302,-0.6376,-1.0044,-0.668,-1.7452,-0.6114
-1.2378,-0.9539,-0.3766,0.6253,0.3995,-1.7298,-0.0832,-1.2284,-0.9713,1.0804,-0.9162,-0.4594,-0.688,-2.359,-0.7425
-1.018,-0.889,-0.3634,0.8275,0.4284,-2.0037,-0.2711,-0.4821,-0.5067,1.1873,-0.6667,-0.7734,-0.8752,-2.1633,-0.6512
-1.2367,-0.9177,-0.1587,1.0301,0.3429,-1.8057,0.1,-0.7743,-0.7053,0.9022,-0.3088,-0.8263,-0.6448,-2.0194,-0.6559
-1.5578,-0.706,0.0195,0.8525,0.465,-1.3195,0.1965,-0.9236,-0.9047,1.1914,-0.5208,-0.9138,-0.63,-1.6969,-0.3994
-1.3676,-0.8049,-0.118,0.7231,0.4844,-1.3396,0.2378,-1.0365,-0.8205,1.0201,-0.5947,-0.746,-0.5867,-1.438,-0.6752
-1.1566,-0.6663,-0.2533,0.3995,0.5447,-1.325,0.2141,-1.2048,-0.7983,1.252,-1.0096,-1.1887,-0.6906,-1.3511,-0.5428
-0.8196,-0.8528,-0.646,0.7047,0.8217,-1.5729,0.0418,-0.4682,-0.1591,1.4336,-1.0636,-1.2938,-0.8288,-0.9997,-0.4043
-0.6719,-0.7594,-0.1645,0.6126,0.6115,-1.9706,0.1697,-0.5375,-0.1772,1.6639,-0.8226,-0.6787,-1.0003,-1.2814,-0.4789
-0.9735,-0.6895,0.3918,0.5156,0.4431,-1.6804,-0.1674,-0.4473,-0.5485,1.4678,-0.673,-0.7387,-0.9356,-1.5347,-0.2743
-1.5709,-0.4366,0.1347,0.3723,0.7933,-1.4251,-0.2514,-0.4822,-1.0463,1.3734,-0.596,-0.677,-0.8828,-1.3744,-0.1526
-1.0638,-0.3941,0.2792,0.5289,0.8887,-1.6185,-0.2164,-0.2619,-0.6847,1.127,-0.5078,-0.7522,-1.3169,-1.4545,-0.2301
-1.2122,-0.6261,0.3984,0.4968,1.1078,-1.7751,-0.3758,-0.2633,-0.7316,1.3036,-0.4445,-0.5123,-1.1866,-1.6971,-0.4933
-1.4949,-0.4817,0.0036,0.4609,0.9907,-1.5757,-0.2624,-0.8165,-1.2744,1.5245,-0.7739,-0.6917,-1.0604,-1.8001,-0.5598
-1.4507,-0.6761,-0.2475,0.5737,0.6344,-1.5478,0.0424,-0.5919,-0.7754,1.3684,-0.7463,-0.6112,-1.0056,-1.1317,-0.661
-1.5825,-0.7282,-0.1933,0.8467,0.439,-1.8691,0.1592,-0.6154,-0.6928,1.02,-0.6212,-0.9663,-0.9894,-0.9889,-0.5838
-1.4222,-0.9306,-0.1137,0.6364,0.4721,-2.0718,-0.0532,-0.1777,-0.3749,0.9897,-0.4862,-0.8152,-1.184,-1.4413,-0.6005
-1.3559,-0.9178,0.0803,0.7916,0.8165,-1.6507,-0.4579,-0.5692,-0.6568,0.939,-0.6515,-0.4643,-0.976,-2.0512,-0.8427
-1.2949,-0.6657,0.1365,0.7777,0.9371,-1.6534,-0.2743,-0.2548,-0.6924,1.6222,-0.6553,-0.2025,-1.2699,-1.8882,-0.4782
-0.939,-0.5468,0.276,1.0714,0.9364,-1.7805,-0.2955,-0.2082,-1.0269,1.7103,-0.2557,-0.8576,-1.2926,-2.2294,-0.0998
-1.6282,-0.4715,-0.3547,0.7706,0.7602,-2.0132,-0.3943,-0.0157,-0.9418,1.537,-0.3682,-0.6089,-1.4196,-2.0711,-0.012
-1.9963,-0.7689,-0.1691,0.6387,0.8496,-1.6771,-0.4183,-0.003,-0.7061,1.1049,-0.6374,-0.7622,-1.4034,-2.1603,-0.3478
-1.7479,-0.8529,-0.183,0.171,0.7325,-1.5841,0.114,0.2945,-0.4537,1.0009,-1.2899,-0.2091,-1.5674,-2.4325,-0.7862
-1.4561,-0.7988,0.2502,0.3725,0.9681,-1.7627,0.013,0.0951,-0.3743,1.0391,-0.6448,-0.7718,-1.2202,-2.6476,-0.6202
-1.3957,-0.7665,0.4178,0.6149,0.842,-1.5681,0.5603,-0.1979,-0.6988,1.0158,-0.5974,-0.3884,-1.0165,-3.0773,-0.6584
-1.8287,-0.8633,-0.1081,1.0303,1.0887,-1.2523,0.6397,-0.0125,-0.5756,1.2777,-0.5464,-0.4641,-0.7763,-2.7932,-0.2157
-1.9425,-1.0446,-0.1807,0.7362,0.5562,-1.1258,0.4848,0.4162,-0.0714,1.1428,-0.5152,-0.435,-0.9029,-3.1968,-0.149
-1.2577,-0.9039,0.571,0.5329,0.6145,-1.3793,0.0928,0.7987,0.0224,0.6742,-0.7056,-0.5464,-1.1706,-3.705,-0.3059
-1.1705,-0.5297,1.1421,0.571,0.9986,-1.2043,-0.3109,0.7849,-0.4568,0.8712,-0.1571,-0.0497,-1.3195,-3.6964,-0.3406
-1.4895,-0.3273,1.3064,0.5711,0.8213,-0.6664,-0.2802,0.5523,-1.1722,1.0577,-0.1208,-0.6489,-1.3597,-4.0677,-0.1571
-1.5682,-0.6428,1.0733,0.3439,0.9019,-1.0704,-0.1469,0.7114,-1.0378,0.8944,-0.5672,-0.4069,-1.5675,-3.3242,-0.39
-1.6432,-0.6033,1.0907,0.4268,1.0244,-0.958,-0.3454,0.165,-1.2742,1.0525,-0.4983,-1.0304,-1.4741,-3.3697,-0.4349
-1.1912,-0.4325,1.1864,0.1734,1.0971,-1.3907,0.0789,0.4405,-0.8761,1.1259,-0.2184,-1.067,-1.5381,-3.0357,-0.5446
-1.2673,-0.3488,1.3647,0.368,1.1768,-2.2977,0.2967,1.0689,-0.5372,1.2379,-0.0403,-0.7063,-1.4596,-2.9714,-0.2995
-1.3454,-0.3278,1.5411,0.1425,0.9573,-1.7289,0.3784,0.238,-1.5348,1.1931,-0.5959,-0.7589,-1.227,-3.2078,-0.2972
-1.1553,-0.4043,1.2831,0.3762,1.2439,-1.5102,0.3917,0.6876,-1.3405,1.5492,-0.1277,-0.4014,-0.9551,-3.1456,0.0973
-1.0268,-0.2565,1.2111,0.1034,1.0898,-1.5245,0.3968,0.3664,-1.4479,2.0614,-0.0756,-0.8012,-0.9222,-3.1556,0.3644
-0.8855,-0.3525,1.3224,0.3834,0.9084,-1.7773,-0.1366,0.2806,-1.4767,2.0334,-0.171,-0.8317,-0.8963,-2.7619,0.5594
-0.8395,-0.248,1.5814,0.4403,0.683,-2.0756,0.118,0.3707,-1.5485,2.0523,0.3002,-0.6001,-1.1049,-2.4996,0.678
-1.8157,0.1654,1.1988,-0.1525,0.8941,-1.7557,-0.1897,0.1035,-1.8795,2.223,-0.2321,-0.9305,-1.1917,-2.5515,0.2355
-1.6516,-0.1881,0.4836,0.3192,0.9628,-1.5024,-0.1558,0.2627,-1.4857,1.233,-0.0788,-0.9977,-1.5458,-2.1449,-0.1021
-1.3182,-0.3771,0.8519,0.1491,0.9082,-1.7884,-0.3789,-0.6896,-1.4834,1.1019,-0.3322,-0.709,-1.2833,-2.1353,-0.5155
-1.1225,-0.5038,0.3201,0.1628,0.8475,-2.0854,-0.4692,-0.7106,-1.0923,1.4158,-1.0377,-0.6981,-1.1443,-2.1858,-0.7877
-1.4907,-0.8424,0.5517,0.3587,0.6683,-1.5896,0.0116,-0.2603,-1.019,1.4958,-0.7714,-1.1139,-1.1877,-1.6561,-0.7313
-1.5128,-0.6148,0.3993,0.4485,0.6649,-1.3299,-0.1047,-0.7473,-1.1502,1.3728,-0.8109,-1.6499,-0.7104,-1.7598,-0.7642
-1.2632,-0.4938,0.4122,0.0605,0.6717,-1.7771,0.0363,-0.5217,-1.0851,1.2915,-1.1342,-1.5825,-0.9326,-1.7319,-0.7899
-1.9409,-0.5919,-0.0183,0.595,0.6099,-1.0855,-0.0834,-0.5198,-1.0471,1.1966,-1.2601,-1.6256,-0.7895,-1.8785,-1.1223
-1.4979,-0.7486,0.0319,0.646,0.4242,-0.9292,0.0653,-0.7545,-0.9459,0.8586,-1.2319,-1.8139,-0.7813,-1.8725,-1.221
-1.6381,-0.9252,0.0127,0.677,0.416,-1.0657,-0.1775,-0.482,-0.8043,0.9324,-1.2203,-1.5113,-0.6829,-1.5262,-1.1699
-1.6517,-0.8065,0.0773,0.8391,0.3333,-1.0137,-0.0971,-0.7033,-1.0016,0.8644,-0.9656,-1.694,-0.6511,-1.2765,-1.3297
-1.4886,-0.8326,-0.2792,0.5995,0.314,-1.4084,0.012,-0.8667,-1.0446,0.7994,-1.0998,-1.5928,-0.932,-1.4884,-1.2736
-1.8525,-0.8976,-0.5082,0.7793,0.2114,-1.4013,-0.3836,-0.9682,-0.9131,0.734,-0.8893,-1.907,-0.8114,-1.9837,-1.3757
-1.2,-0.9514,-0.3423,0.5993,0.386,-1.4786,-0.0432,-0.674,-0.6206,0.6648,-0.3621,-1.6251,-1.1118,-1.3461,-1.3433
-1.2857,-0.5791,-0.243,0.7722,0.3731,-1.0883,-0.1251,-1.0661,-0.7856,0.8718,-1.2542,-1.3961,-0.9752,-1.3739,-1.7447
-1.097,-0.8429,-0.0904,0.9173,0.3972,-1.3577,0.3527,-0.4173,-0.4295,0.9966,-1.0726,-1.4483,-1.1694,-1.3312,-1.8371
-1.2399,-0.7878,-0.1835,0.5812,0.2365,-1.5296,0.2141,-0.3621,-0.4126,0.7785,-1.1079,-1.8083,-1.1836,-1.878,-1.8514
-1.3821,-0.8861,-0.1096,0.4519,0.3574,-1.84,0.034,0.1122,-0.2068,0.5688,-0.6338,-1.6612,-1.2051,-2.3083,-2.0448
-1.9126,-0.7384,0.1608,0.3138,0.5968,-1.4911,0.0122,0.0951,-0.3714,0.3507,-0.7628,-1.3504,-1.2144,-2.4586,-1.9142
-1.9941,-1.0115,0.2384,0.3043,0.639,-0.8099,-0.1278,-0.0536,-0.4773,0.5211,-0.9623,-1.1247,-1.4897,-1.9101,-2.0527
-1.1805,-1.1424,0.5308,0.5314,0.6212,-0.9313,0.2641,-0.1971,-0.8603,0.462,-0.6099,-1.738,-1.4419,-2.148,-2.3581
-1.7788,-0.7418,0.4923,0.4224,0.5671,-1.0849,-0.1927,-0.1041,-0.8317,0.7911,-1.0115,-1.1643,-1.4053,-2.3275,-2.0133
-1.8544,-0.7911,0.9443,0.7647,0.6221,-0.9677,-0.1336,0.1542,-0.5898,0.3503,-0.6593,-1.3813,-1.2165,-2.7056,-2.0574
-2.01,-0.6273,0.4886,0.7562,0.746,-0.7604,0.0446,0.4386,-1.0395,0.5643,-0.3745,-1.0158,-1.5923,-3.338,-1.9166
-1.8492,-0.6317,0.7303,0.7425,0.8768,-0.7771,-0.1052,0.3425,-0.9599,0.3077,-0.5845,-1.3789,-1.655,-3.4959,-1.8457
-1.4285,-0.7293,0.6725,0.6849,1.0996,-0.5566,0.281,0.0822,-1.0142,0.6413,-0.3679,-1.2798,-1.5952,-3.8219,-1.8299
-1.3072,-0.4128,0.9745,0.5138,1.0425,-1.0586,0.3145,0.3661,-0.9104,1.2276,-0.6693,-1.5494,-1.5635,-4.011,-1.7633
-1.1524,-0.3648,0.9041,0.8321,0.9563,-1.512,0.4859,1.1181,-0.7131,1.2396,-0.0102,-1.1337,-1.7581,-3.8448,-1.281
-1.0805,-0.1522,2.0698,0.6076,0.7556,-1.0384,0.3616,1.243,-1.1753,1.0718,0.5062,-0.4111,-1.7498,-3.3953,-1.1681
-1.4153,0.2258,2.2034,0.4462,1.3632,-1.0194,0.0438,0.579,-2.0653,1.1681,0.3489,-0.4306,-1.7376,-3.319,-0.696
-1.3785,0.2421,1.818,0.6655,1.4184,-1.0578,0.2909,0.019,-2.2518,1.5412,0.6474,-0.0009,-1.5981,-3.1437,-0.2025
-1.9621,0.2445,0.8543,0.7219,1.7403,-1.0653,0.3218,0.0775,-2.026,2.3503,-0.0938,0.2925,-1.635,-2.7654,0.5578
-2.2453,-0.0064,0.2532,0.6142,1.275,-0.5693,0.3952,-0.5717,-2.2596,2.2987,-0.6543,0.2263,-1.2918,-2.8777,-0.0997
-2.24,-0.7171,0.0645,0.9359,0.7184,-0.4766,0.5403,-0.3402,-1.4657,1.8707,-0.5548,-0.142,-1.211,-2.1467,-0.1742
-1.797,-0.5557,0.1254,0.8731,0.4496,-0.3058,0.3513,-0.3494,-1.1266,1.5737,-0.0601,-0.9122,-1.0451,-2.0691,0.1931
-1.2265,-0.3196,0.9175,0.8681,0.2698,-1.1525,0.2168,-0.521,-1.1284,1.5715,-0.0556,-0.6196,-0.9377,-2.247,0.037
-1.494,-0.0929,0.5437,0.4194,0.4615,-0.9915,0.1779,-1.0014,-1.7893,1.7962,-0.6893,-0.3396,-0.9401,-1.8044,-0.1538
-1.3427,-0.5106,0.0916,0.6161,0.3625,-1.0736,0.2007,-1.2324,-1.6298,1.7131,-0.7594,-0.4593,-0.8422,-1.1708,-0.5593
-1.7858,-0.4095,-0.6709,0.7182,0.135,-0.8482,0.1335,-1.5223,-1.451,1.6755,-1.2933,-0.9769,-0.7922,-1.5146,-1.0705
-1.838,-0.623,-0.7629,0.7247,-0.0642,-0.9878,-0.0146,-1.435,-0.8609,1.3277,-1.6269,-1.8998,-0.9995,-1.0032,-1.463
-1.811,-1.1147,-1.0702,0.788,0.0035,-0.9388,0.082,-1.1888,-0.5774,0.7883,-1.2587,-2.0661,-0.7683,-1.3776,-2.1895
-1.9679,-1.0113,-1.0021,0.8845,0.263,-0.8595,-0.2245,-1.3371,-0.2662,0.9194,-1.231,-2.2144,-0.7706,-1.041,-1.9061
-1.6018,-1.0227,-0.8095,1.0328,0.0493,-0.8728,-0.2859,-1.455,-0.2444,0.7784,-1.1259,-2.0596,-0.6903,-1.3802,-1.7856
-1.6196,-0.746,-0.6374,0.6563,-0.2336,-0.8906,0.2497,-2.1022,-0.5082,1.1025,-1.7092,-1.7618,-0.9624,-1.7244,-1.9813
-1.8085,-0.9559,-1.1728,0.7613,-0.2247,-0.9492,0.0381,-1.0756,-0.1269,0.8549,-1.6268,-2.5621,-0.8946,-0.9475,-2.0069
-1.5747,-1.0836,-0.9341,0.8881,-0.3246,-1.0769,-0.0883,-1.0,0.0792,0.1654,-2.0565,-2.8441,-1.1444,-1.6999,-2.7808
-1.4959,-1.0675,-0.8187,1.0581,-0.2958,-1.0374,0.1746,-0.7905,0.1625,-0.1573,-1.94,-2.1298,-1.0293,-2.2794,-3.1152
-1.0351,-1.084,-0.2933,1.4674,-0.0207,-1.2121,0.0894,-0.0774,0.12,-0.0113,-1.0378,-1.9861,-1.3194,-2.8566,-2.8497
-1.2134,-0.8235,0.2708,1.491,0.186,-1.5924,0.3616,0.489,-0.1615,0.5048,-1.011,-1.3869,-1.452,-2.5857,-2.6139
-1.2033,-0.4883,0.822,1.4113,-0.0898,-1.8446,0.3484,0.3207,-0.8403,0.5283,-0.6019,-0.9365,-1.4634,-3.5713,-2.2857
-1.2045,-0.2486,1.0192,1.0244,0.1512,-1.7828,0.1808,0.5782,-1.2196,0.5143,-0.2742,-0.7335,-1.5906,-3.3316,-2.0663
-1.0549,0.1432,1.3231,0.8663,0.424,-2.1955,-0.0639,0.9709,-1.2833,0.7335,-0.5309,-1.1605,-1.5403,-3.4808,-1.442
-1.6674,0.0459,1.6616,0.9451,0.5405,-1.3922,0.0107,0.5392,-1.725,0.848,-0.0783,-0.7598,-1.5521,-3.4344,-1.322
-1.5358,0.0158,1.5018,1.0669,0.8497,-1.133,0.3956,0.6562,-1.7774,0.9051,0.2274,-0.5694,-1.8206,-3.0508,-0.9413
-1.8142,0.1544,1.0095,1.0308,0.8521,-1.0279,0.3112,0.029,-2.3814,1.2214,-0.2306,0.0559,-1.5926,-3.2778,-0.684
-1.4271,-0.0385,0.7977,1.1289,0.954,-1.0635,0.6401,0.179,-1.9118,1.4879,0.0296,0.1241,-1.4715,-2.7613,-0.3885
-1.6228,0.1177,0.7869,0.8165,0.9786,-0.9039,0.9642,-0.4451,-2.0159,2.0019,-0.2303,0.2932,-1.3571,-2.708,-0.137
-2.1934,0.0546,0.2996,0.8314,0.7558,-0.7387,0.6379,-0.9068,-2.3148,2.0951,-1.1396,0.2595,-0.9526,-2.427,-0.0892
-1.5308,-0.3616,-0.3989,1.2122,0.5829,-1.2717,0.927,-0.6607,-1.4934,1.8233,-0.9137,-0.527,-0.8012,-2.1032,-0.2657
-2.1817,-0.2348,-0.7019,0.9062,0.1799,-0.7904,0.9767,-1.4179,-1.5506,1.8661,-0.8628,-0.6422,-0.6289,-2.1794,0.0516
-1.5328,-0.4382,-1.258,0.7733,-0.2139,-1.4671,0.6698,-1.2251,-1.0759,1.2828,-1.6785,-0.7572,-0.6033,-1.871,-0.4531
-2.1075,-0.6564,-1.2841,0.8053,-0.5423,-0.9152,0.5909,-0.7889,-0.3353,0.8715,-1.6754,-1.6199,-0.5139,-1.7352,-1.1801
-1.7869,-0.8425,-1.4074,1.0535,-0.1914,-0.9899,0.1521,-1.2355,-0.5033,0.3255,-1.7395,-1.6444,-0.7142,-1.6986,-2.0005
-1.2546,-0.8446,-0.8942,0.9888,0.0706,-1.2459,-0.2072,-1.1675,-0.5992,0.6491,-1.7368,-1.9533,-1.1571,-2.1639,-2.4329
-1.4967,-0.4508,-0.5173,0.9203,0.2076,-1.1829,-0.034,-0.3543,-0.2382,0.7862,-1.9332,-2.0781,-1.5925,-2.1541,-2.4117
-1.7618,-0.6039,-0.587,0.7703,0.1601,-0.6411,0.2536,-0.304,-0.5528,0.492,-1.4047,-1.8993,-1.5205,-2.4462,-2.5221
-1.6634,-0.3529,-0.3109,1.1603,0.2368,-0.595,0.3532,-0.3481,-0.6289,0.4124,-1.7927,-2.1596,-1.318,-2.717,-2.3549
-1.6449,-0.4115,-0.3984,0.9994,0.3734,-0.4313,0.4273,0.0964,-0.462,0.3919,-1.6148,-1.9354,-1.2585,-3.5651,-2.3638
-1.9691,-0.2456,-0.1559,1.1718,0.6623,-0.3187,0.3597,0.5436,-0.2903,0.5401,-1.286,-1.9268,-1.3854,-3.8873,-1.8058
-2.1745,-0.3932,0.0622,1.4613,0.4377,0.1669,0.2918,0.6309,-0.758,0.6577,-1.1702,-1.7793,-1.5741,-4.0298,-1.4316
-1.5076,-0.489,0.287,1.2001,0.2976,-0.3847,0.5113,0.2899,-1.1883,0.2314,-1.1135,-1.9654,-1.5659,-4.3051,-1.6437
-1.363,-0.2715,0.3056,1.3099,0.6261,-0.883,-0.0911,0.4675,-1.1169,0.8655,-0.9977,-1.3511,-1.7,-3.6898,-1.5027
-1.638,-0.065,0.3804,1.596,0.599,-0.9837,0.2613,0.431,-1.2551,1.1228,-0.8199,-1.3345,-1.8658,-3.5705,-1.1287
-1.6606,-0.0264,0.4992,1.2658,0.5095,-1.1265,0.3544,0.6299,-1.1324,1.067,-0.3761,-1.0893,-1.7374,-3.4449,-0.6831
-1.6792,0.2772,0.6279,1.0989,0.6393,-1.2577,0.4355,0.8544,-1.6408,1.2798,-0.4275,-0.3981,-1.8408,-3.1374,-0.1767
-1.3106,0.3327,0.8961,0.7756,0.6932,-1.5698,0.9156,0.8,-1.9204,1.3795,-0.5056,-0.5286,-1.6305,-2.6846,-0.2479
-1.956,0.4228,0.9424,0.7982,0.9623,-1.4652,0.416,0.2095,-2.1811,1.4046,-0.6171,-0.5431,-1.1747,-2.1129,-0.3154
-1.7106,0.2677,0.061,0.8917,0.9122,-1.0356,0.5657,-0.4359,-2.1894,1.5709,-1.598,-0.5311,-1.2942,-1.8782,-0.903
-1.4575,0.0355,-0.0724,0.8565,0.8832,-1.4487,0.6368,-0.361,-1.8484,1.6366,-1.9409,-1.1113,-1.3969,-1.7342,-0.8283
-1.2142,-0.1669,-0.3867,0.8953,0.7126,-1.487,0.2898,0.1653,-1.5384,1.9699,-1.8053,-1.3305,-1.2803,-1.5798,-0.8541
-1.1261,0.1589,0.1196,1.1137,0.8081,-1.481,0.0631,-0.0083,-1.2014,1.971,-1.7288,-1.8168,-1.1807,-1.3416,-0.6792
-1.7371,0.1268,-0.0119,1.3039,0.6154,-1.5269,0.0768,-0.8085,-1.8153,1.835,-1.8465,-1.8308,-1.0268,-1.6078,-0.9498
-1.9021,-0.0183,-1.0201,1.2194,0.5657,-1.536,0.1683,-0.715,-1.8922,1.7343,-1.8363,-1.6515,-1.1703,-1.3421,-1.1271
-1.9553,-0.0819,-1.4945,1.1508,0.1703,-0.7184,0.4073,-1.0051,-1.5206,1.3311,-2.1297,-1.5658,-1.1002,-1.3579,-1.5794
-1.4891,-0.2992,-1.453,1.3267,0.0856,-1.0008,0.4433,-1.0528,-0.8952,0.431,-1.8151,-1.5718,-1.022,-2.1658,-1.855
-1.6362,-0.2957,-1.8203,1.5244,0.0882,-1.347,0.1919,-0.5107,-0.5501,0.5171,-1.8954,-1.4197,-1.0231,-2.7556,-1.7238
-1.7695,-0.1654,-1.0733,1.3491,-0.1136,-1.2103,-0.0393,0.2731,-0.2296,0.3697,-2.375,-1.2359,-1.144,-2.7794,-2.1167
-1.4216,-0.3043,-0.1181,1.3513,0.0692,-1.0654,-0.0652,0.7662,-0.4988,0.2337,-1.7753,-1.8309,-1.3306,-2.8211,-2.2032
-1.6141,0.0377,-0.0892,1.3128,0.3944,-0.6655,0.0893,0.8464,-0.914,0.4063,-1.3299,-1.7897,-1.5703,-3.5833,-1.8839
-1.6471,0.2573,0.0199,1.2638,0.8181,-0.4146,0.0113,0.2727,-1.755,0.8122,-0.7643,-1.5872,-1.7346,-3.4474,-1.4284
-1.6635,0.3952,-0.1257,1.1291,0.7749,-0.4649,0.2976,0.1713,-1.7585,1.3692,-0.8724,-1.5676,-1.6188,-3.2056,-1.2065
-1.5725,0.4478,-0.0273,1.0846,0.6545,-1.0006,0.5691,0.1592,-1.6972,1.2295,-1.105,-1.0919,-1.4878,-2.9736,-1.1814
-1.6308,0.5313,-0.0125,1.056,0.6225,-1.122,0.4615,-0.0757,-1.9027,1.4352,-0.9684,-1.36,-1.4285,-2.5709,-0.7772
-2.1509,0.524,-0.5087,1.1248,0.398,-1.1256,0.0776,-0.1453,-1.8077,1.3515,-1.3104,-0.6041,-1.3223,-2.1954,-1.103
-1.8109,0.1408,-1.1547,1.2418,0.4487,-1.2707,-0.3159,0.0725,-1.5518,0.8451,-1.4191,-0.7457,-1.4044,-1.9825,-1.2875
-1.6443,0.1573,-0.7888,1.3519,0.3897,-1.406,-0.2365,-0.1609,-1.4856,0.903,-1.8762,-1.1771,-1.2562,-2.1842,-1.7517
-1.8243,0.1343,-1.0329,1.2254,0.4063,-1.1176,0.3551,-0.0445,-1.3161,1.1174,-1.7129,-1.7822,-1.5205,-2.5023,-1.8423
-2.0888,-0.0395,-1.0713,1.3648,0.5217,-0.9075,0.3629,-0.191,-1.3439,1.0224,-1.8583,-1.5,-1.5338,-2.927,-1.7861
-1.9442,-0.2322,-0.9628,1.3585,0.3043,-1.0273,0.5194,0.1901,-0.8077,0.7642,-1.7396,-1.4645,-1.5682,-2.7121,-1.854
-1.5366,-0.2352,-1.0274,1.494,0.1856,-1.3166,0.344,0.1458,-0.8838,1.1271,-1.3734,-1.2182,-1.4467,-2.8373,-1.3155
-1.3729,-0.1513,-1.1335,1.4998,-0.044,-1.2788,0.6,0.5564,-0.9052,1.2487,-1.8628,-0.9259,-1.5284,-2.5435,-1.4314
-0.938,-0.0921,-0.3035,1.0826,-0.2207,-1.7708,0.5127,1.0649,-0.8079,1.1349,-2.1814,-1.3294,-1.7124,-3.1618,-1.4234
-2.1308,0.1497,-0.0841,0.8609,-0.1895,-1.5404,0.3258,1.4786,-0.9928,1.0976,-1.8543,-1.819,-1.9051,-3.1951,-1.3394
-1.6612,0.2208,0.2034,1.0153,0.0837,-1.4894,0.3026,1.7891,-0.9967,0.291,-1.6066,-1.5994,-2.0997,-3.9711,-1.6593
-1.4262,0.1245,0.4647,1.1773,0.4723,-1.6344,0.0537,2.048,-1.2116,0.2695,-0.9061,-1.2648,-2.2687,-4.2088,-2.0043
-1.6552,0.642,0.7418,0.9669,0.4227,-1.4876,0.378,2.0775,-1.6326,0.4896,-1.0169,-0.687,-2.431,-4.6947,-1.8076
-1.3183,0.4705,1.2231,1.1013,0.4603,-1.2192,0.442,2.3308,-1.8427,0.4548,-1.1405,-0.7046,-2.4114,-5.0137,-1.8885
-1.5875,0.5639,1.2748,1.0096,0.7247,-1.4498,0.3741,2.7475,-1.7151,1.0302,-0.7926,-0.5894,-2.3852,-5.1743,-1.4378
-1.5463,0.603,1.8352,1.344,0.9938,-1.3732,0.3086,2.5631,-1.9971,1.3464,-0.3999,-0.6813,-2.5828,-5.617,-0.9521
-1.6615,0.8774,1.485,0.9787,0.6894,-0.7405,0.8434,2.3883,-2.6634,1.891,-0.7019,-0.9135,-2.7055,-5.1514,-0.7838
-1.5066,0.8105,1.1655,0.6747,0.9818,-0.5654,1.0793,1.8848,-2.4579,1.8347,-0.7565,-0.5227,-2.2362,-4.5231,-0.2965
-1.7805,0.6499,0.92,1.0513,0.8851,-0.6615,1.345,1.8032,-2.4507,2.0602,-0.5232,0.0726,-2.1162,-4.603,-0.0765
-1.3638,0.6974,0.7371,1.1824,0.6436,-0.9692,1.2371,1.748,-2.3933,2.269,-0.8439,-0.3671,-1.7625,-4.6154,-0.0772
-1.7294,0.8993,0.6523,1.1087,0.5204,-1.0477,1.0232,1.5496,-2.4324,2.4492,-0.8728,-0.6985,-1.7053,-3.7964,0.1921
-1.3602,0.7527,0.7477,1.1668,0.729,-1.011,0.7073,1.1765,-2.3056,2.2337,-0.6276,-1.2719,-1.3915,-3.0685,0.7764
-1.7066,0.7357,0.2854,1.0741,0.4869,-0.61,0.6747,0.0524,-2.5325,2.5051,-0.3422,-1.2081,-1.1886,-2.9914,0.8352
-2.1661,0.7024,-0.635,0.9677,0.3786,-0.3748,0.4404,-0.5089,-2.3592,2.8455,-0.8514,-0.6768,-0.8044,-1.8153,0.9602
-1.9374,0.49,-1.5792,1.117,0.3643,-0.9455,0.0657,-0.5855,-1.6345,2.2929,-1.2717,-0.3589,-0.8679,-1.3985,0.5352
-1.5791,0.1481,-1.7209,1.091,0.069,-0.924,0.1069,-1.0552,-1.548,1.9807,-1.5865,-0.4014,-0.9799,-1.3579,-0.1681
-1.6935,0.0708,-1.9743,1.0494,-0.2625,-1.0979,-0.0122,-0.6169,-0.7218,1.8545,-1.9451,-0.7401,-0.9601,-0.4476,-0.4193
-2.2258,-0.0828,-2.1137,1.3608,-0.4006,-0.8951,0.0535,-1.119,-0.7462,1.1813,-2.2293,-1.2116,-0.9163,-0.5646,-1.1835
-1.4932,-0.2928,-1.7607,1.2565,-0.5306,-1.1015,0.1934,-1.0093,-0.4244,0.4972,-2.8036,-1.6768,-0.984,-0.8949,-2.0951
-1.8802,-0.2852,-1.9543,1.3642,-0.3164,-0.6038,0.2426,-1.0795,-0.1798,0.5571,-2.5737,-2.2265,-0.9108,-1.2094,-2.5217
-1.5478,-0.2628,-1.8615,1.7909,-0.1694,-0.9262,0.0471,-1.1459,-0.1887,0.6656,-2.1385,-2.2303,-0.8515,-1.2852,-2.4377
-1.1826,-0.2787,-1.9299,1.6654,-0.4596,-1.6408,0.1826,-0.799,0.1069,0.9043,-2.6544,-2.7454,-0.9188,-1.5067,-2.6451
-1.4668,-0.2177,-1.7324,1.6553,-0.2828,-2.0429,0.2453,0.2315,0.4847,0.8554,-2.3234,-2.4039,-1.2642,-2.1406,-2.7364
-1.2632,-0.249,-0.8057,1.6382,-0.2178,-2.2255,-0.25,0.4218,0.2474,0.2331,-2.2039,-1.8628,-1.5752,-3.0694,-2.9048
-1.4194,0.0026,-0.0573,1.4588,0.2759,-2.0135,0.1022,1.2192,-0.0659,0.4211,-1.9853,-1.7784,-2.1121,-3.2156,-2.5572
-1.8951,0.2966,0.4963,1.3129,0.489,-1.3658,0.0348,1.7652,-0.2947,1.0145,-1.5195,-1.6153,-1.8243,-3.9192,-2.4482
-1.6414,0.1096,0.8499,1.4988,0.7389,-0.9409,-0.1334,1.5291,-1.0722,0.8893,-0.8829,-1.3321,-2.0257,-4.5375,-1.9235
-2.303,0.5278,0.7283,1.3819,0.8216,-1.1548,0.5991,1.1898,-1.8928,1.3571,-0.7,-0.7187,-2.2049,-4.6389,-1.2312
-1.6796,0.6672,0.5099,1.6309,0.8714,-0.9826,0.4378,0.9843,-1.9232,1.831,-0.8857,-0.5901,-1.9894,-3.7761,-0.6141
-1.4956,0.8362,0.7441,1.6684,0.7736,-0.791,0.5354,0.6803,-1.9836,2.073,-0.5639,-0.7415,-1.8891,-3.8865,-0.2033
-1.5394,1.0959,0.09,1.6134,0.8331,-1.2851,0.6158,0.4197,-2.0717,2.2348,-0.4496,-0.3827,-1.6664,-3.3252,-0.1353
-1.493,1.0079,-0.2804,1.4765,0.9742,-1.0415,0.9911,0.0035,-2.0506,2.5575,-1.1152,-0.6936,-1.427,-3.4138,0.2728
-1.7065,0.8598,-0.6708,1.4062,0.454,-1.2055,0.5502,0.0688,-1.8811,2.7528,-1.5453,-0.7398,-1.2047,-3.1462,0.5892
-1.5433,0.5377,-0.781,1.4302,0.2047,-0.8733,0.7327,-0.1903,-1.3357,2.1782,-1.6435,-0.4899,-1.1057,-2.7535,0.0564
-1.8316,0.3543,-0.799,0.9593,0.0557,-0.8095,0.6682,-0.023,-1.3087,2.1247,-1.8748,-1.4061,-1.2957,-2.7488,0.0829
-1.8939,0.0219,-1.1281,0.9674,-0.0051,-0.3215,0.0137,-0.859,-1.4562,1.8371,-2.048,-1.2047,-1.1655,-2.3903,-0.3316
-1.9436,-0.1529,-1.7413,1.0529,-0.1009,0.0805,0.0083,-0.5969,-0.896,1.7798,-2.3679,-1.4388,-1.5269,-2.0479,-1.3902
-1.8954,-0.2644,-1.9951,1.057,-0.4267,-0.5212,0.1114,-0.4492,-0.7966,1.5678,-2.5475,-1.3021,-1.6644,-1.8573,-1.9357
-1.8757,-0.0864,-1.7391,1.0461,-0.4621,-0.6359,0.0834,0.034,-0.0559,0.961,-2.8843,-2.1322,-1.8314,-2.2763,-2.3262
-1.3311,-0.0937,-0.9125,1.1119,-0.353,-0.8507,-0.1867,0.5793,0.1744,0.2432,-2.7859,-2.4489,-1.8719,-2.6563,-3.0934
-1.3427,-0.0172,-0.5639,1.343,0.0957,-1.2962,0.019,1.2024,0.0458,0.1295,-2.2631,-2.1734,-2.2959,-2.9679,-3.5863
-1.5222,0.2437,-0.012,1.7988,0.544,-1.4145,-0.4487,1.4227,-0.4821,0.5036,-1.6229,-2.2087,-2.3307,-3.584,-3.0353
-1.3745,0.1323,0.1007,1.5085,0.8271,-1.1186,-0.3186,1.6722,-0.9679,1.2036,-0.8811,-1.807,-2.7389,-3.8245,-2.3565
-1.1355,0.6017,1.0154,1.4944,0.6238,-1.3842,-0.3842,1.9386,-0.964,1.2976,-0.7991,-1.5002,-2.8608,-4.2554,-2.0394
-1.2983,0.8562,1.1823,1.6395,0.8989,-1.0409,-0.003,2.62,-1.4694,1.4395,-0.9326,-1.2261,-3.0105,-4.367,-1.9503
-1.0468,0.7681,1.3851,1.5366,0.8245,-0.7468,0.0886,2.8927,-1.8182,1.4378,-0.3435,-0.5082,-3.2087,-4.9819,-1.4959
-1.5209,1.2231,1.8392,1.678,0.7621,-0.9316,0.6128,2.9553,-1.812,1.8839,0.2988,-0.4076,-3.2608,-4.8014,-0.8543
-1.5763,1.4566,1.7141,1.4201,0.8655,-0.9321,0.671,2.8443,-2.2457,1.5805,0.1814,-0.1184,-3.0129,-4.7725,-0.1891
-1.2253,1.3608,1.6719,1.2029,1.0557,-1.0694,0.652,2.4029,-2.5955,1.7449,-0.1479,-0.1084,-2.7708,-4.6812,0.0737
-0.6544,1.2433,1.5843,1.0099,1.2336,-1.1683,0.7305,2.3828,-2.4872,2.241,-0.1327,-0.0978,-2.6583,-4.5938,0.3407
-1.2931,1.5682,1.4274,0.8606,1.2428,-1.0983,0.9574,2.3724,-2.2492,3.1096,0.3522,-0.1261,-2.5887,-4.2359,0.649
-1.3179,1.3809,1.3329,0.5783,1.0749,-1.0472,0.8134,2.0362,-2.2062,2.8803,-0.1666,0.2045,-2.3805,-4.0452,0.9091
-1.3858,1.2611,1.1157,0.9022,0.9268,-1.1675,1.2541,1.948,-2.1422,2.8888,-0.5555,0.1276,-2.1396,-3.0738,0.9488
-1.3928,1.0827,1.1019,0.9422,0.7242,-1.2304,0.6956,1.4397,-2.2067,2.6727,-0.5818,-0.2397,-1.963,-3.1473,0.6057
-2.0017,1.2274,0.4576,0.8524,0.4786,-0.8789,0.7183,1.0305,-2.0915,2.4214,-0.5248,0.2918,-2.0907,-2.9019,0.4742
-1.7472,0.9106,0.2709,0.8065,0.3604,-1.15,0.3052,0.6982,-2.2211,1.9312,-0.7775,-0.2672,-1.7328,-2.9146,-0.0273
-1.6943,0.7778,-0.2609,0.8657,0.5143,-0.9722,0.4553,0.5225,-1.8635,1.9915,-1.5438,-0.2627,-1.8607,-2.3988,-0.3992
-1.0743,0.5485,-0.3533,0.8029,0.258,-1.137,0.2196,0.1466,-1.3932,1.7269,-1.6431,-0.9741,-1.7842,-2.0747,-0.8765
-1.5753,0.7872,-0.3862,0.5012,0.3887,-1.2779,0.1298,0.7538,-0.7557,1.7545,-1.7274,-1.3717,-1.7837,-1.9116,-1.4361
-1.2127,0.4881,0.1225,0.9113,0.3299,-1.1387,-0.1181,0.3797,-0.6442,1.3119,-1.5788,-1.3603,-1.9686,-2.0127,-1.7587
-1.8654,0.7615,-0.1125,0.7886,0.569,-0.7931,0.1236,0.5038,-0.8791,1.5772,-1.1858,-1.5555,-1.8308,-2.417,-1.6391
-1.3387,0.5158,0.2624,1.4319,0.4907,-0.8326,-0.1775,-0.0369,-1.2519,1.3266,-1.0375,-1.6266,-1.489,-2.8953,-1.5641
-0.8966,0.8404,-0.0853,1.3953,0.5635,-1.1339,-0.0359,-0.1241,-1.3344,1.8356,-1.288,-0.8677,-1.8764,-2.4204,-1.0177
-1.18,0.9946,-0.2325,1.1483,0.4955,-1.5663,0.0351,0.114,-1.235,2.1425,-1.9429,-0.947,-2.1186,-2.0003,-1.6579
-0.8314,0.6206,-0.1609,1.3271,0.5518,-1.9414,-0.2583,0.7972,-0.8373,1.5891,-1.6535,-1.3334,-2.3081,-1.9878,-1.9131
-1.0163,0.5603,0.3675,1.3101,0.3744,-1.9895,0.0868,1.477,-0.4351,1.5036,-1.9182,-1.4137,-2.3496,-2.5748,-1.9993
-1.445,0.6082,0.8241,1.2141,0.0768,-1.6819,-0.1924,1.7756,-0.9029,1.1851,-0.7965,-1.3442,-2.4158,-3.1704,-1.4
-1.6176,0.9531,1.0316,1.2127,0.3505,-1.327,-0.027,1.4255,-1.2931,1.0212,-0.5375,-1.0437,-2.5457,-3.5391,-1.5474
-1.5773,1.1691,0.7884,1.0765,0.5696,-1.3728,0.1361,1.3822,-1.5308,1.0424,-0.8693,-0.1621,-2.5275,-3.3477,-1.4448
-1.0895,0.9165,1.0708,1.0918,0.756,-1.6322,0.0483,1.7839,-1.1859,0.8731,-1.061,-0.6288,-2.5437,-3.5051,-2.0184
-1.1676,0.7874,1.2223,1.2609,0.8691,-1.6715,0.0369,1.6122,-1.6623,1.5139,-0.0182,-0.5353,-2.2326,-3.6487,-1.3304
-1.4392,1.3644,1.3323,1.2804,0.6414,-1.1346,0.2492,1.3093,-1.9832,1.762,-0.3074,-0.2294,-2.1444,-4.2494,-0.5877
-1.8092,1.2766,0.4587,1.2599,0.4852,-0.5061,0.3426,0.9962,-2.1626,1.4217,-0.4203,-0.4576,-2.1104,-3.8567,-0.4995
-1.9298,1.1038,0.2964,1.2656,0.4472,-0.6474,0.4744,0.8602,-1.7403,1.1855,-0.6312,-0.6983,-2.0563,-3.1723,-0.8991
-1.9566,0.9982,0.0491,1.1197,0.3415,-0.6722,0.1786,0.3513,-1.6329,0.9456,-0.967,-0.4665,-1.7575,-3.2515,-1.0323
-1.7966,0.7601,-0.1792,1.2157,0.2475,-0.789,0.418,-0.1006,-1.5658,1.0139,-1.1457,-0.4762,-1.6791,-2.5333,-1.1878
-1.9348,0.7206,-0.4854,1.2322,0.1649,-0.5364,0.5629,-0.449,-1.5983,1.1345,-1.3372,-0.876,-1.4607,-2.0532,-1.6446
-1.9401,0.5077,-0.5303,1.3158,0.3014,-0.3578,0.5129,-0.6558,-1.2103,1.0329,-1.6456,-1.3091,-1.3566,-2.2497,-1.452
-1.2404,0.481,-0.5329,1.3555,0.036,-0.9314,0.4141,-1.0119,-1.3891,1.4572,-1.2497,-1.9085,-1.4201,-2.3603,-1.2149
-1.5652,0.6161,-1.0013,0.9781,0.1803,-0.9374,0.0178,-0.7478,-0.8517,1.7174,-1.7509,-2.1015,-1.4062,-2.4761,-1.359
-1.5344,0.5291,-0.7074,0.879,-0.2049,-0.7447,0.4248,-0.3966,-0.4189,1.3387,-1.8014,-1.9336,-1.448,-2.3576,-1.5494
-2.0181,0.2789,-0.6263,1.1206,-0.1355,-0.5402,0.4527,-0.0781,-0.3772,0.9713,-1.5184,-1.8664,-1.5463,-2.5133,-1.5213
-1.4477,0.2919,0.1952,1.3365,-0.1931,-0.8094,0.4181,-0.0142,-0.7194,0.5963,-1.2597,-1.7821,-1.8102,-2.3436,-1.442
-0.8821,0.828,0.2841,1.3694,0.1182,-1.1447,0.2572,-0.1947,-1.4319,0.8832,-1.5688,-1.3641,-1.8609,-2.5891,-1.5737
-1.3081,0.738,-0.0164,1.6343,0.0649,-1.3122,-0.0703,0.6738,-1.2341,1.3243,-1.4809,-1.3996,-1.8455,-2.8674,-1.3673
-1.348,0.642,0.6351,1.3357,0.2182,-1.6187,-0.3046,0.6181,-1.3253,1.3001,-1.2361,-1.4698,-2.2314,-2.7856,-1.2046
-1.6638,0.949,0.4661,1.2639,0.2709,-1.5481,-0.1418,0.9635,-1.1571,1.4527,-1.2219,-0.6698,-2.4661,-3.2413,-1.1502
-1.653,1.1507,1.1054,1.3876,0.187,-1.0413,-0.0604,0.5488,-1.8658,1.352,-1.0739,-1.2121,-2.519,-3.2663,-1.0524
-1.1269,0.9931,0.816,0.9782,0.3092,-1.5045,0.0173,0.7614,-1.8819,1.2408,-1.0927,-1.5424,-2.4355,-3.0797,-1.1417
-2.1081,1.1743,0.4755,1.0203,0.5,-1.0985,0.1496,0.5851,-1.7056,1.4791,-1.3543,-1.2847,-2.7267,-2.7851,-1.3802
-1.5966,0.7018,0.7409,0.9379,0.3966,-1.0533,0.1356,0.2195,-1.8179,0.9368,-1.6777,-1.272,-2.367,-3.0875,-1.4329
-1.3788,0.7919,0.4493,1.2728,0.4174,-1.3991,-0.0799,0.7985,-1.3204,1.1937,-1.3014,-1.1464,-2.3643,-3.6126,-1.3627
-1.4246,0.8648,0.9709,1.1682,0.3839,-1.6648,0.4697,1.709,-0.9973,1.1942,-1.2687,-0.5958,-2.6667,-3.5175,-1.1312
-2.01,0.8913,1.3903,1.2714,0.3084,-1.253,0.3676,1.6142,-1.6441,1.4536,-0.8923,-0.3442,-2.6253,-3.6327,-0.5786
-1.8664,0.8252,1.0667,1.1695,0.5641,-1.4513,0.2108,1.6957,-1.9049,1.2684,-0.6697,-0.103,-2.6404,-3.6711,-0.4359
-1.4842,1.0501,1.6402,1.2145,0.5049,-1.6691,0.3625,1.4541,-1.8924,1.3904,-0.6301,-0.2261,-2.7413,-3.7642,-0.2152
-1.1945,1.4077,1.3909,0.8526,0.6496,-1.9946,0.1746,1.7149,-1.9109,1.4619,-0.661,0.0507,-2.6229,-3.3433,0.1235
-1.3612,1.3312,1.6834,0.853,0.4139,-1.8009,0.4856,1.2354,-2.3136,1.6381,-0.6806,-0.0651,-2.6563,-3.5036,0.0557
-1.7972,1.5069,0.9636,0.5621,0.4814,-1.3916,0.4858,1.0524,-2.3808,2.0265,-0.7645,-0.1598,-2.3866,-2.7837,0.4349
-1.9183,1.5372,0.4868,0.8434,0.4644,-1.499,0.3828,0.2219,-2.1698,1.4883,-1.1376,0.1478,-2.1898,-2.4693,0.3876
-2.3213,1.2299,-0.2887,0.3163,0.4019,-1.2625,0.5215,-0.0177,-1.9959,1.6336,-1.5104,-0.5543,-2.0592,-2.2391,0.1153
-1.5613,0.707,-0.4574,0.5062,0.3628,-1.1448,0.7548,-0.4565,-1.6019,1.8509,-1.3005,-1.453,-1.9237,-1.5951,0.0535
-1.5152,0.91,-0.9989,0.5596,0.0498,-0.9945,0.7075,-0.6577,-0.7279,2.0831,-1.9942,-0.6335,-1.6809,-1.2237,0.1295
-1.4151,0.7075,-0.6792,1.1534,-0.3077,-1.055,0.352,-0.9004,-0.8419,2.1152,-2.4858,-1.0039,-1.4472,-1.5363,-0.2096
-2.1131,0.6526,-1.0273,1.1551,-0.5114,-1.2613,0.5431,-0.6289,-0.9445,1.7653,-2.4578,-0.8161,-1.749,-1.0293,-0.7138
-2.1115,0.1894,-1.2734,1.052,-0.5145,-0.8794,0.2035,-0.8219,-0.8208,0.9724,-2.3041,-1.6228,-1.8819,-1.1873,-0.9188
-1.689,0.4062,-1.5002,1.2813,-0.1224,-0.715,0.2251,-1.0013,-0.7354,1.2873,-2.2143,-1.4698,-1.6762,-1.6275,-1.1198
-1.9069,0.521,-1.4761,1.3935,-0.1724,-1.436,0.124,-0.6733,-0.1984,1.7421,-2.2627,-1.5118,-1.6451,-1.5294,-1.2479
-1.99,0.5758,-1.222,1.2016,-0.6738,-1.2127,-0.0402,-1.0518,-0.2449,1.2542,-2.2101,-1.6314,-1.8327,-2.12,-1.208
-1.2607,0.2791,-1.3265,1.0676,-0.6036,-1.2895,0.2817,-0.2211,-0.1158,0.8729,-2.3786,-1.8154,-2.0041,-2.0454,-1.5941
-1.1498,0.3789,-0.46,1.1709,-0.6734,-1.4968,-0.0212,0.1147,-0.0878,0.9762,-2.1471,-2.1197,-1.9846,-2.2304,-2.0761
-1.7628,0.4656,-0.1545,1.029,-0.2842,-1.6241,0.0318,0.3779,-0.2339,0.8924,-1.9584,-2.4775,-2.0029,-2.5363,-2.0853
-1.6967,0.512,-0.1362,1.1172,-0.2724,-1.6867,-0.2199,0.7139,-0.5582,0.3851,-1.1757,-1.8491,-2.3122,-2.6237,-2.0723
-2.154,0.8417,-0.0453,1.0955,0.0501,-1.3375,0.3649,0.6377,-0.7389,0.7194,-1.2972,-1.6677,-2.4048,-3.1985,-1.8874
-1.9731,0.6128,-0.2424,1.5283,0.0728,-1.0709,0.3987,0.774,-0.8168,0.7176,-1.0339,-1.4066,-2.1931,-3.4698,-1.6193
-1.6348,0.6457,-0.0843,1.3173,-0.1537,-1.0364,0.2013,1.2538,-0.5034,0.7043,-1.053,-1.0253,-2.3,-3.8863,-1.2332
-1.9979,0.9497,0.6691,1.4035,-0.108,-0.9389,0.3569,1.5058,-0.8847,0.953,-0.4932,-0.9433,-2.5341,-3.7934,-0.5748
-1.5004,1.1469,0.9736,1.0379,0.0612,-0.8641,0.2642,1.0305,-1.6228,0.7902,-0.6128,-0.3591,-2.6157,-3.8999,-0.6257
-1.9742,1.22,0.5676,1.1797,-0.0707,-0.5576,0.3011,0.7945,-1.9653,1.2861,-0.2944,0.1494,-2.6162,-3.923,-0.3666
-2.1928,1.1796,-0.0528,0.7977,0.3027,-0.5886,0.5578,0.5991,-1.8971,1.4112,-0.4027,0.1786,-2.2102,-3.7609,-0.2468
-1.9893,1.1547,-0.0655,1.0489,0.301,-0.5932,0.5692,0.5973,-1.209,1.3804,-0.7725,0.2883,-2.1518,-3.0901,-0.6048
-1.7026,0.8399,0.1301,1.465,0.3924,-0.6175,0.1528,0.4119,-1.2746,1.3769,-0.5573,0.0638,-1.9901,-3.176,-0.1872
-1.3637,1.0087,0.1372,1.2061,-0.1306,-1.0293,-0.1453,0.0593,-1.5285,1.8419,-0.8771,-0.5952,-1.8157,-3.3815,-0.3709
-1.5899,1.1622,-0.0657,0.983,-0.2325,-1.4772,-0.0143,0.3575,-1.2133,1.9098,-0.9891,-0.3609,-2.3527,-3.5089,-0.6053
-1.3717,1.1434,0.2706,0.9835,-0.5865,-1.8133,-0.2176,1.6834,-0.4252,1.2356,-0.3307,-0.6266,-2.5012,-3.2338,-0.6595
-1.6873,1.2128,1.2411,1.0072,-0.4994,-1.5563,-0.2601,1.0448,-0.7964,0.7774,-0.1618,-0.6093,-2.7384,-3.7552,-0.9687
-1.83,1.3505,1.2246,0.6621,-0.1704,-1.3254,-0.2068,0.9664,-1.5202,0.6962,-0.1027,-0.2605,-2.6958,-3.8802,-1.0536
-1.7277,1.4686,0.8689,0.518,0.1608,-1.5035,-0.0962,1.3916,-1.5086,0.4286,-0.399,-0.4432,-2.7687,-3.7085,-0.8363
-1.6609,1.4198,1.6795,0.7719,0.1543,-1.3774,0.3144,0.9353,-1.527,1.0271,-0.2311,-0.5219,-2.6298,-3.5568,-0.5971
-2.0189,1.6062,1.0973,0.5958,0.079,-1.2414,0.6378,1.1631,-1.5001,1.2646,-0.4444,-0.4596,-2.4313,-3.3619,-0.2862
-1.7951,1.4663,1.1539,0.4257,0.0735,-0.9117,0.6886,0.5132,-1.8906,1.2081,-0.6234,-0.6487,-2.1002,-3.5488,-0.2353
-2.2013,1.3369,0.3738,0.378,0.1613,-0.7808,0.5572,0.6989,-1.3373,1.5211,-0.7392,-0.9856,-2.0508,-3.1269,-0.0305
-2.2625,1.3556,0.0232,0.7486,0.1387,-0.2947,0.5412,0.0999,-1.3537,1.4086,-0.7861,-1.1433,-1.8458,-3.3608,0.0291
-1.7495,1.1998,-0.2148,0.8012,-0.3369,-0.5852,0.685,-0.0905,-1.0655,1.3307,-0.9997,-0.8403,-1.6791,-3.0575,-0.4198
-1.5136,1.1421,0.2223,0.7714,-0.0451,-1.0379,0.1733,0.2065,-0.7606,1.1934,-0.5789,-1.0681,-1.6786,-3.2144,-0.5422
-1.8771,1.2629,-0.0772,0.8275,0.1482,-1.1475,-0.2023,0.3198,-0.7492,1.5189,-1.0328,-1.0068,-2.1196,-3.0212,-0.5876
-2.32,1.3845,-0.5375,1.0183,0.0218,-1.0468,0.0715,0.5132,-0.791,1.3449,-0.8929,-1.1308,-2.4079,-3.227,-0.5973
-2.4014,1.1561,-0.619,1.0434,-0.1596,-1.3087,0.3581,0.9676,-0.2614,0.8131,-1.0549,-1.081,-2.6099,-3.9414,-0.764
-2.5232,1.0814,-0.1309,0.8048,-0.148,-0.8643,0.2287,1.0243,-0.3635,0.3751,-0.993,-0.9157,-2.6524,-3.9261,-1.3811
-2.0653,1.1013,0.1956,0.6156,0.1124,-1.3023,0.7515,1.7185,-0.1288,0.2742,-1.2099,-1.1449,-2.9453,-4.1269,-1.7476
-1.7264,1.1517,1.0598,0.5082,0.144,-1.2099,0.6623,1.8321,-0.6412,0.4119,-1.009,-1.5453,-3.0419,-4.56,-1.559
-1.8535,1.1704,1.2006,0.6462,0.0938,-1.32,0.4607,2.1012,-0.7795,0.3583,-0.6221,-1.1164,-2.9885,-4.4839,-1.4233
-1.8065,1.4344,1.6238,0.5506,0.1752,-0.901,0.5669,1.9677,-1.2408,0.2526,-1.1016,-0.8015,-3.1826,-5.0495,-1.7257
-2.2371,1.4907,1.6204,0.505,0.3024,-0.9148,-0.149,2.0287,-1.5311,0.3215,-0.3074,-0.904,-3.1108,-4.9753,-1.4842
-2.0897,1.4012,1.729,0.6656,0.442,-0.9808,-0.5106,2.1304,-1.6295,0.4779,-0.0126,-0.741,-3.1202,-5.1315,-1.3399
-2.4246,1.6014,1.363,0.4006,0.3527,-1.171,-0.4522,2.5573,-1.853,0.5931,0.3595,-0.7854,-3.5654,-5.0326,-1.3673
-1.9007,1.6865,1.5653,0.2945,0.4677,-0.6252,-0.326,2.1999,-1.7666,0.216,-0.0593,-0.4747,-3.5863,-4.8018,-1.2262
-2.1368,1.6326,1.66,0.3257,0.7044,-1.1293,0.2552,1.9859,-1.683,0.4535,-0.1216,-0.2743,-3.5616,-5.1233,-1.4431
-1.4068,1.7134,2.0792,0.4427,0.9144,-1.4564,0.2664,1.8682,-1.765,0.6334,0.0542,-0.6524,-3.3532,-5.0224,-0.8643
-1.713,1.9194,1.8053,0.4121,1.0093,-1.6111,0.5511,1.8291,-1.9769,1.3272,-0.2197,-0.4418,-3.1243,-4.8002,-0.511
-1.903,1.9608,1.5126,0.4834,0.8382,-1.3033,0.3008,1.5407,-2.2094,1.6033,0.3071,-0.1946,-2.8519,-4.4875,-0.0584
-2.1163,1.8962,1.2163,0.7107,0.4637,-1.3756,0.5157,1.1579,-2.1211,1.5345,0.2947,0.0473,-2.8212,-4.1535,0.2735
-1.8116,1.7041,0.7547,1.1209,0.1992,-1.2721,0.4944,0.6707,-2.1903,1.2188,0.1675,-0.3076,-2.7199,-4.0656,0.5067
-1.6443,1.8452,0.9155,0.8563,0.0662,-1.3636,0.5601,0.1706,-1.7579,1.1622,-0.199,-0.266,-2.1598,-3.9126,0.2209
-1.9063,1.61,0.5897,0.7413,0.3093,-1.3676,0.4096,0.0626,-1.985,1.8762,-0.4407,-0.6794,-2.0447,-3.8416,0.2578
-1.5789,1.6616,0.2425,0.2518,-0.2283,-1.7345,0.2319,0.1715,-1.5705,1.7079,-0.4386,-1.0431,-2.2173,-2.8035,-0.2076
-1.9395,1.6649,-0.1974,0.6081,-0.1814,-1.4523,0.0216,-0.4749,-1.309,1.1525,-0.9673,-0.9595,-1.9882,-2.7849,-0.6037
-1.2814,1.2163,-0.2129,0.5498,-0.2172,-1.9611,0.0537,-0.2314,-0.9379,0.7652,-1.2266,-1.5238,-2.0966,-2.6725,-0.8998
-1.7659,1.2587,-0.2692,1.1432,-0.2124,-2.1015,-0.3459,-0.1237,-0.56,1.0059,-1.0372,-1.4002,-2.2453,-3.0098,-0.6719
-2.0814,1.2617,-0.0346,1.289,-0.1693,-2.0205,-0.1492,-0.1011,-0.6795,1.0447,-0.669,-1.275,-2.342,-2.7668,-0.6338
-1.403,1.1848,-0.2165,1.3682,-0.1328,-2.0627,-0.2045,-0.08,-0.9956,0.8795,-0.7005,-1.3609,-2.1844,-2.6013,-0.9143
-2.1752,1.4197,-0.5406,1.5264,-0.1896,-1.5714,-0.1157,-0.4274,-1.0195,1.1516,-1.0756,-1.3721,-2.0346,-2.6901,-1.0004
-2.2926,1.2004,-0.848,1.3472,-0.1176,-0.7617,-0.2309,-0.6668,-1.0593,0.7037,-0.8743,-1.4777,-2.0979,-2.7278,-0.9143
-2.38,1.022,-1.5034,1.3675,-0.0799,-0.6941,-0.5608,-0.8593,-0.6578,0.6326,-1.1533,-1.6554,-1.8524,-2.6891,-1.213
-2.4187,0.6999,-1.4486,1.3709,-0.2974,-0.9574,-0.5672,-0.8159,-0.1891,0.5812,-1.4897,-1.8201,-2.0993,-2.5348,-1.471
-1.7594,0.4762,-1.297,1.4059,-0.2356,-1.4138,-1.0673,-0.7014,0.0475,0.3696,-1.6141,-1.9641,-2.4017,-2.6186,-1.9908
-1.7784,0.7226,-0.8712,1.3107,-0.0584,-0.9007,-0.7535,-0.1923,0.1757,0.3473,-1.367,-1.6566,-2.6096,-3.3832,-2.1219
-2.1144,0.6491,-0.8306,1.3464,0.2067,-1.119,-0.4203,-0.1383,-0.246,0.4557,-1.1415,-1.8404,-2.6664,-3.631,-1.9921
-2.3316,0.6472,-0.8218,1.2649,0.2354,-0.6672,-0.5409,0.0626,-0.2882,0.696,-1.0241,-1.2657,-2.573,-4.0582,-2.1707
-1.565,0.7135,-0.4518,1.0621,0.1727,-0.9013,-0.6066,0.0045,-0.4743,0.7496,-0.558,-1.6186,-2.5779,-3.888,-1.6307
-1.6021,0.9998,-0.1897,1.2325,0.1926,-1.3473,-0.6049,0.1337,-0.5113,1.0184,-0.9497,-1.3091,-2.4753,-3.6873,-1.4706
-2.1659,1.1724,-0.418,1.0864,0.0002,-1.118,-0.9257,0.2749,-0.7376,1.0589,-1.2746,-1.4241,-2.6414,-3.7576,-1.7581
-2.1232,0.9805,-0.5219,1.0667,0.0731,-1.1143,-0.7743,0.2108,-0.5884,0.4213,-1.3245,-1.401,-2.6755,-4.1679,-2.5421
-2.0496,0.8977,-0.6095,1.067,-0.0023,-1.1742,-0.9027,0.495,-0.3867,0.3273,-1.0914,-1.6368,-2.6436,-4.3037,-2.4123
-1.5787,1.1306,-0.3601,1.0123,-0.0655,-1.4584,-0.6291,1.1642,0.0515,0.3768,-0.6756,-1.6818,-2.7797,-4.1351,-2.5429
-1.297,1.2388,0.3354,0.9397,0.1834,-1.8692,-0.4684,1.7959,0.142,0.083,-0.7929,-1.2777,-2.9154,-5.112,-2.4209
-2.3175,1.567,0.4387,0.7823,0.2987,-1.4881,-0.5972,2.1099,-0.4319,0.3271,-0.7436,-1.7217,-2.9401,-5.0797,-2.3849
-1.6281,1.3762,0.9302,1.511,0.3271,-1.6458,-0.4961,1.8362,-0.8648,0.0751,-0.3239,-1.5274,-2.9689,-5.4471,-2.1508
-1.8383,1.6142,0.901,1.4827,0.5899,-1.8427,-0.376,2.3794,-0.827,0.6803,-0.0852,-1.3729,-3.0902,-5.5688,-1.9002
-1.9347,1.732,1.3174,0.9652,0.7301,-1.6441,-0.4218,2.379,-1.0513,0.7971,-0.2477,-1.1694,-3.1659,-5.9041,-1.8993
-2.1153,1.561,1.6122,1.1464,0.9063,-1.6593,-0.3412,2.5385,-1.1172,0.8275,0.0695,-0.8437,-3.103,-5.7538,-1.2976
-2.4368,1.6237,1.7432,1.5981,0.8248,-1.3732,-0.1913,2.3712,-1.4887,0.9735,0.6883,-0.6033,-2.8839,-5.7102,-0.7966
-1.946,1.6439,1.512,1.2203,0.821,-1.5681,-0.2592,1.7661,-2.1696,1.1951,0.5982,-0.8284,-2.9401,-5.8213,-0.1882
-2.1841,1.8055,0.5676,1.2642,1.0788,-1.5899,-0.0015,2.0281,-1.6495,1.7758,0.8347,-0.0394,-3.0246,-5.3309,0.0039
