x0,x1,x2,x3,x4,x5,x6,x7,x8,x9,x10,x11,x12,x13,x14
-0.0598,0.5412,1.8568,-0.2222,0.6269,-0.2692,-0.1785,2.8054,-0.3777,-1.1523,1.5361,0.5834,-1.2393,-2.8184,-1.2413
-0.1388,0.8642,2.1603,0.0728,1.2545,-0.2676,-0.1222,2.7376,-0.8905,-0.6114,1.6511,0.9877,-1.1101,-2.5074,-0.9003
-0.2237,0.9175,2.2973,0.1105,2.1242,-0.1905,0.1218,2.6056,-1.3256,0.5289,2.0243,0.6537,-1.2173,-2.6666,0.3324
-0.3879,1.0032,2.0477,0.0639,1.2284,-0.1254,0.5228,2.5289,-1.4865,1.4085,2.0106,1.0261,-1.1878,-2.9607,1.0856
-0.4176,1.3083,1.5348,-1.4625,1.2246,-0.1042,0.5067,2.553,-1.3293,1.1311,1.1846,1.2116,-0.8392,-2.1861,1.3475
-0.4421,0.4892,1.18,-0.6149,1.5353,0.0689,0.5856,2.3668,-1.3035,0.3841,0.8785,1.1904,-0.5523,-2.0283,0.9644
-0.3411,0.4628,1.3238,-0.4922,1.1409,-0.0002,0.6512,2.3401,-0.8431,0.7359,0.947,1.0782,-0.3381,-1.9452,1.2524
-0.0816,0.5494,2.0035,-0.5158,0.6986,-0.0893,0.5258,2.2285,-0.7575,0.4327,0.9148,0.8739,-0.1621,-1.5393,1.2104
-0.2829,0.681,2.0456,-0.1196,0.8882,-0.134,0.6146,1.9649,-1.2837,0.5993,1.3764,0.7506,-0.2606,-1.658,1.3248
-0.4094,0.5468,1.492,-0.403,1.1282,-0.0055,0.4628,1.4021,-1.4571,0.9981,1.2889,1.1049,-0.0712,-1.4351,1.7867
-0.3244,0.4379,0.8383,-0.4394,0.7115,-0.037,0.3074,1.0529,-1.4459,0.799,1.0609,1.2078,0.0932,-0.9044,1.7815
-0.4478,0.5639,0.8285,-0.0676,0.4428,-0.4601,0.5136,1.0392,-0.8512,0.6189,1.2816,0.6586,0.1302,-0.2761,1.6363
-0.3385,0.3589,0.2876,-0.4218,0.6091,-0.4917,0.1945,0.5943,-0.9823,0.497,1.113,0.7005,0.3407,-0.073,1.0314
-0.3712,0.2838,0.2757,-0.4799,0.0225,-0.3773,0.0198,0.1104,-0.7193,0.0299,0.7902,0.6728,0.3825,-0.0655,0.2137
-0.1479,0.4155,0.1506,-0.1657,0.394,-0.469,-0.2581,0.4393,-0.3981,-0.3787,0.6915,0.5112,0.3855,0.3103,0.3179
-0.369,0.339,-0.1439,-0.2667,0.5311,-0.3691,-0.4503,0.3372,-0.6841,0.1089,0.5391,0.7498,0.3046,0.6684,0.4447
-0.3143,0.2578,0.1233,-0.5715,0.4559,-0.2871,-0.3816,-0.0483,-0.623,0.1171,0.4639,0.6235,0.27,0.6275,-0.0903
-0.2723,0.5435,-0.2406,-0.5329,0.6389,-0.2627,-0.5998,-0.0318,-0.4773,0.1215,0.2544,0.5106,0.6554,0.6534,-0.1632
-0.2261,0.1928,-0.206,-0.4526,0.8687,0.1595,-0.4203,0.0333,-0.2429,0.1713,0.1421,0.2935,0.5881,0.7047,-0.4803
-0.2184,-0.1922,-0.1043,-0.1539,0.3306,0.2097,-0.4054,-0.3404,-0.2131,0.2793,0.4865,-0.5261,0.4855,0.3539,-0.3571
0.011,-0.0063,-0.4036,0.069,0.2656,-0.4333,-0.2874,0.2729,0.078,0.4862,0.4881,-0.4033,0.378,0.5404,-0.6848
-0.1965,0.1042,0.202,-0.063,0.1454,-0.2299,-0.499,0.2739,0.1594,0.0358,0.4853,0.1356,0.1047,0.561,-0.6959
-0.1106,0.2394,0.473,-0.1473,-0.5096,-0.1373,-0.461,0.4206,0.0715,-0.6969,0.6643,0.0696,-0.0236,0.7262,-0.7783
-0.0598,0.4972,0.3589,-0.4454,-0.3821,0.0161,-0.4904,0.0788,-0.5185,-1.3694,0.6227,0.3236,0.0057,0.8961,-1.2636
-0.06,0.3906,0.1017,-0.5537,0.1739,0.1354,-0.8011,-0.1211,-0.5699,-1.3391,0.4587,0.2319,0.2397,0.7816,-1.1969
-0.1707,0.4851,-0.4051,-0.6749,0.8465,-0.0492,-0.5196,-0.275,-0.4769,-1.1008,0.2947,0.0048,0.0868,0.5469,-1.4001
-0.0934,0.1095,-0.4516,-0.3258,1.1331,-0.2161,-0.3113,0.2227,0.0443,-0.363,0.0435,-0.0748,0.4064,0.3949,-1.1005
-0.2492,0.4718,-0.173,0.9528,0.697,-0.1978,-0.1728,0.416,0.1961,0.0544,0.5979,-0.063,0.3264,0.0173,-0.5938
-0.1672,-0.0169,-0.2512,0.5782,0.5678,-0.4065,-0.3485,0.4938,-0.2964,0.0134,0.7928,-0.0109,0.132,-0.0035,0.4684
-0.2732,0.4914,-0.4222,0.5883,0.7855,-0.089,-0.3138,0.4319,-0.3419,0.6164,0.881,-0.1033,-0.0001,0.1619,-0.2902
-0.1007,0.3922,-0.0899,0.0544,1.2833,0.2429,-0.3351,0.4067,-0.2818,0.3714,0.7261,-0.007,-0.276,-0.3194,-0.9329
-0.1149,0.6495,-0.0743,-0.3884,1.1211,0.0974,-0.3193,0.6745,-0.2628,0.4903,0.2589,0.1694,-0.2986,-0.4752,-0.8948
-0.0586,0.4112,0.0414,-0.1545,1.2267,-0.1229,-0.1275,1.1618,0.0261,0.0036,0.4627,0.3331,-0.6341,-0.456,-0.8304
-0.2099,0.7465,0.4259,-0.5272,0.704,-0.0894,-0.0018,1.5559,-0.028,-0.2157,0.6438,0.3585,-0.446,-0.6971,-0.7811
-0.1295,0.7377,0.6654,-0.3971,1.0107,0.4594,0.0375,1.6012,-0.2535,-0.2822,0.7919,0.2294,-0.4695,-0.8788,-0.4622
-0.1578,0.482,1.1167,-0.1307,1.2412,0.7243,-0.1857,1.3895,-0.4003,0.1821,1.1659,0.0638,-0.4301,-0.5343,-0.0074
0.2257,0.6663,1.1182,-0.6319,1.4442,0.2891,-0.2208,1.2992,-0.7738,0.5635,1.0648,0.1109,-0.3473,-1.1157,-0.012
0.0148,0.7552,0.8403,-0.2949,1.7849,0.1628,-0.1934,1.4136,-0.5207,0.8366,1.0224,0.2068,-0.5571,-1.0527,0.152
0.0772,0.581,0.8593,-0.293,1.5632,0.4577,-0.3898,1.3778,-0.7703,0.918,1.5502,0.3233,-0.6952,-1.0211,0.3252
-0.0243,1.0019,0.6217,-0.5862,1.3083,0.2639,-0.2908,1.1739,-0.7279,1.0393,1.192,0.8686,-0.7782,-0.8652,0.8298
-0.0603,1.09,0.3087,-0.3616,0.7693,0.1687,-0.2214,1.2222,-0.7602,0.7538,1.1996,0.702,-0.6076,-0.6104,0.9357
-0.0467,0.8771,0.4373,-0.4509,0.9996,0.2493,-0.9308,1.3142,-0.4696,0.1605,0.7638,1.194,-0.5427,-0.2021,0.2502
-0.1027,0.7192,0.0669,-0.432,1.3751,0.1578,-0.5271,0.922,-0.5987,0.0708,0.7858,0.8121,-0.5519,-0.0104,-0.2746
-0.0567,0.7642,0.0504,-0.5289,1.1277,0.1253,-0.3315,0.8054,-0.4548,0.333,0.5928,0.786,-0.3477,-0.0022,-0.3779
-0.1678,0.8536,0.0648,-0.5025,0.8622,0.3472,-0.4364,0.802,-0.411,-0.1434,0.6061,0.1639,-0.419,-0.0662,-0.2251
-0.1717,0.447,0.0304,0.0276,1.298,0.2719,-0.2916,0.953,-0.208,-0.2844,0.8878,-0.1173,-0.475,0.2285,-0.441
-0.1239,0.5932,-0.0185,-0.1254,1.3823,-0.1847,0.0864,1.0651,-0.237,0.3483,0.9168,-0.5622,-0.6082,0.0533,-0.3845
0.0253,0.7674,-0.1528,0.051,1.1449,-0.2929,0.0824,1.0511,-0.2401,0.4719,0.8426,-0.1564,-0.3024,0.4686,-0.4383
0.1089,0.7622,0.1829,-0.2844,0.9279,-0.1935,0.0218,1.6036,0.1754,-0.2319,0.599,-0.2579,0.0631,0.1924,-0.7893
0.1407,1.036,0.6561,-0.2481,1.0558,0.0637,-0.0822,1.2433,-0.1008,-0.1684,0.8769,0.081,0.3065,-0.0324,-0.2844
-0.0978,1.0465,0.4927,-0.3668,0.6396,0.1466,-0.3791,1.0343,-0.6485,0.0876,1.0011,0.2485,0.0891,-0.0587,-0.2183
-0.0958,0.9394,0.1213,-0.0499,0.7876,-0.1448,-0.532,0.6949,-0.7308,0.2936,1.2108,0.49,-0.0847,0.4855,0.0173
-0.0424,0.7254,-0.0655,-0.4947,0.5598,0.2065,-0.3709,0.5152,-0.5669,-0.0805,1.0154,-0.1042,-0.2405,0.9104,-0.0953
-0.0863,0.4119,-0.5068,-0.1953,0.5773,0.4526,-0.3969,0.143,-0.3032,-0.1783,0.577,-0.3896,-0.1628,1.0405,-0.6727
-0.062,0.6254,-0.5777,-0.2445,1.5324,0.2875,-0.4594,-0.1309,-0.1145,0.1179,0.4769,-0.3188,0.0247,1.1793,-0.4761
-0.143,0.0456,-0.5331,0.1715,1.3232,0.3298,0.0229,-0.0029,0.3006,0.5669,0.5267,-0.0747,0.1926,1.0377,-0.4199
-0.2046,0.7863,-0.2983,-0.1981,0.7559,0.2728,0.1904,0.2088,0.4966,0.5311,0.3266,-0.5684,0.3406,1.0691,-0.2754
-0.1349,0.3752,-0.3613,0.0719,0.6289,0.5484,-0.0361,0.0342,0.3192,-0.1131,0.4115,-0.3519,0.7261,0.9164,-0.6442
-0.1161,0.5494,-0.3618,0.1759,0.7374,0.3416,-0.0946,0.229,0.2582,0.0595,0.3846,-0.5273,0.8044,1.1366,-0.7461
-0.0075,0.4902,-0.1668,0.1866,0.9183,-0.0266,-0.1611,-0.0366,0.0096,0.0625,0.2851,-0.3152,0.6377,1.3351,-0.7826
-0.0926,0.5416,-0.3847,0.0426,1.4975,-0.1811,-0.3503,0.1383,-0.0341,0.3771,0.3812,-0.6659,0.3854,1.3478,-0.7893
0.1188,0.7441,-0.5017,0.12,0.535,-0.0409,-0.2751,0.2828,0.2557,0.4238,0.339,-0.4892,0.3976,1.5321,-0.4244
-0.1395,0.7485,-0.2302,0.1126,0.7254,-0.1022,-0.2238,0.2974,0.5191,-0.2129,0.3762,-0.0787,0.103,1.9385,-0.7167
-0.0742,0.9923,-0.4793,0.138,0.5639,0.1265,-0.3596,0.0996,0.007,-0.3809,0.0648,-0.109,0.1866,1.3427,-1.004
-0.0169,0.8242,-0.5198,0.1517,0.5612,-0.1184,-0.304,0.0864,0.3131,-0.8454,0.0765,-0.0265,0.2578,1.5734,-1.3114
-0.1199,0.2589,-0.6387,0.2907,0.9085,-0.0399,-0.2305,0.1962,0.5036,-0.7748,0.0093,0.058,0.0356,1.5246,-1.136
0.0582,0.3774,-0.381,0.2512,0.5332,0.185,-0.1303,0.178,0.3745,-0.5358,0.3742,-0.1258,0.0934,1.2891,-0.97
0.1692,-0.2125,-0.8936,0.7177,0.8702,0.3923,-0.1668,-0.1941,0.1485,-0.7426,0.2634,-0.0633,0.398,1.4429,-1.5649
0.269,0.0014,-0.582,0.6456,0.9665,0.0342,-0.1376,-0.1118,0.3175,-0.1182,0.4348,-0.13,0.3177,1.7326,-1.1731
0.3769,0.2126,-0.4044,0.4194,0.7314,0.0983,-0.212,-0.0797,0.3816,-0.1426,0.1755,-0.6491,0.3661,1.5325,-1.0465
0.3334,-0.0856,-0.3939,0.9123,0.8824,0.022,-0.3422,-0.0193,0.8859,-0.4737,0.5417,-0.561,0.3714,1.7624,-1.0231
0.2208,0.5493,-0.6173,0.4837,0.8798,0.0583,-0.1366,-0.2588,0.3151,-0.148,0.2647,-0.5381,0.4282,1.5368,-1.1304
0.1659,0.0853,-0.7548,0.701,0.5262,0.2127,-0.0818,-0.0344,0.7484,-0.3109,0.1328,-0.0759,0.3039,1.9286,-0.1013
0.3259,0.357,-0.6594,0.8797,0.1848,0.3011,-0.3697,-0.0499,0.6398,-0.164,-0.0853,-0.6107,0.4795,1.9107,-0.2619
0.294,0.1583,-0.3485,0.6752,0.2043,0.0593,-0.533,0.144,0.6281,-0.7317,0.1114,-0.9018,0.3302,2.1051,-2.0385
0.6317,0.1928,-0.3363,1.538,-0.2274,0.2495,-0.6293,-0.4677,0.1972,-0.7763,0.3788,-0.4221,0.2909,2.4168,-1.5542
0.56,0.3417,-1.2555,1.1268,-0.2011,0.0536,-0.6362,-0.9061,0.022,-1.3706,0.1555,-0.5467,0.0631,2.4486,-1.3955
0.3152,-0.0244,-1.5122,1.102,-0.1712,0.1714,-0.5298,-0.5866,0.9153,-1.5462,0.1161,-0.349,0.1836,2.6154,-1.6314
0.4074,-0.411,-1.2913,1.1638,0.0281,0.0958,-0.6259,-0.4774,0.738,-1.6149,0.0359,-0.5526,0.2807,2.2966,-1.7973
0.3543,-0.3008,-1.0937,1.056,-0.1593,0.2318,-0.7428,-0.4,0.9423,-1.324,-0.0415,-0.5173,0.223,2.1904,-2.2608
0.3081,-0.0282,-0.836,1.0995,0.1794,0.3833,-0.8075,0.0999,1.0061,-1.5085,-0.096,-0.5947,0.2176,2.1163,-2.2072
0.5189,-0.0011,-0.5283,0.2401,0.0054,0.4056,-0.4873,0.0674,1.1313,-1.2751,-0.4854,-0.482,0.0239,1.8494,-2.3291
0.545,0.1222,-0.3671,0.3792,0.6745,-0.0084,-0.4177,0.5389,1.2299,-1.3002,-0.5484,-0.6252,0.0468,1.8777,-2.1517
0.436,0.272,0.0837,0.4197,0.4124,-0.1591,-0.3638,0.8491,1.099,-1.4613,-0.5018,-0.1545,-0.4815,1.0685,-2.1894
0.4873,0.428,-0.1889,0.2942,0.3185,-0.5609,-0.3855,1.5992,1.3356,-1.4086,-0.2996,-0.1627,-1.021,0.7016,-2.5779
0.5119,0.3807,0.4114,0.1944,0.6454,-0.8033,-0.4369,2.1327,1.2356,-1.7233,-0.122,-0.4317,-0.6912,0.4679,-2.512
0.4019,0.7042,1.0489,0.491,0.7461,-0.161,-0.4483,2.1836,0.8014,-1.8094,0.27,0.0653,-0.7396,-0.0168,-2.3252
0.6658,0.7496,1.342,0.1755,1.1611,-0.4831,-0.3847,2.5732,0.4572,-1.6507,0.5618,0.1026,-0.8049,-0.3342,-1.8793
0.5298,0.6904,1.5122,0.4533,1.3615,-0.1179,-0.4212,2.8658,-0.0102,-1.0832,1.004,0.1428,-1.1313,-0.5315,-1.6087
0.5079,0.9904,1.5593,0.294,1.5463,-0.0738,-0.2393,2.6621,-0.3538,-0.4578,1.159,0.2839,-1.2639,-0.6342,-1.0483
0.513,1.2608,1.4047,0.0535,1.4034,0.0451,-0.1458,3.1958,-0.1082,-0.0994,1.3315,0.0675,-1.2017,-0.4994,-0.2901
0.5144,0.7058,2.03,0.2611,1.0581,-0.0988,-0.0835,2.6858,-0.2704,-0.5689,1.5525,0.4085,-1.2681,-0.7346,-0.1188
0.5593,1.1154,1.9714,-0.0786,1.5391,0.0574,-0.2323,2.7203,-0.827,0.127,1.758,0.4764,-1.0389,-0.4966,0.2247
0.5748,1.9614,1.7275,-0.1771,1.4418,-0.2027,-0.3381,2.4349,-1.2284,0.1596,1.518,1.0337,-0.5777,-0.2177,0.5434
0.3286,1.2246,1.1092,-0.3108,1.0405,0.3648,-0.2068,1.9275,-0.9991,-0.3543,1.268,0.9866,-0.5377,0.0537,0.2521
0.2889,1.0511,0.3724,0.103,0.9359,0.1513,-0.4214,1.5805,-0.5534,-0.4238,1.0398,0.9218,-0.4258,0.7833,0.0516
0.3719,0.9668,0.0703,-0.2879,0.9138,0.064,-0.552,1.3431,-0.1109,-0.5508,0.6234,0.2034,-0.4406,1.0715,-0.423
0.4071,0.8478,-0.1143,-0.2643,0.821,0.0264,-0.547,1.3531,0.2152,-0.6306,0.478,-0.2051,-0.1674,1.2835,-0.6563
0.3947,0.6845,0.0118,0.2242,1.3516,0.2399,-0.5308,1.2537,0.4498,-0.4446,0.2997,-0.3243,-0.3264,1.7641,-0.7166
0.4903,1.1161,-0.2622,0.172,0.9897,0.1263,-0.3845,0.858,0.3101,-0.5326,0.274,-0.3848,-0.3836,1.4271,-0.876
0.3693,0.3019,-0.2678,0.8884,0.9592,-0.0794,-0.3354,1.0328,0.7992,-0.6533,0.6395,-0.8269,-0.6537,1.39,-0.995
0.3425,0.6145,-0.0616,0.7562,0.2583,0.1566,-0.1744,1.1287,0.7029,-0.7434,0.7887,-0.514,-0.4093,0.9916,-1.0309
0.2473,0.4223,-0.2396,0.3185,0.7414,0.2536,-0.2573,1.2927,0.2714,-1.1038,0.4498,-0.6392,-0.1522,1.2799,-1.5643
0.3863,0.2123,-0.2993,0.8834,0.8954,0.1911,-0.2181,1.084,0.9021,-0.7637,0.6187,-0.0709,-0.4617,1.3475,-1.4191
0.5445,0.4665,-0.08,0.8544,0.9131,0.2431,-0.4172,1.04,0.6603,-0.7692,0.483,-0.142,-0.9842,1.0252,-0.9324
0.6067,0.6642,-0.0125,0.7002,0.8285,-0.027,-0.326,1.2453,0.6939,-0.4388,0.6221,-0.218,-0.8331,0.9493,0.9098
0.4159,0.484,0.091,0.6942,0.6641,0.1876,-0.352,1.2925,0.4612,-0.1882,0.5814,-0.6384,-0.4972,1.3391,0.1601
0.4941,0.2018,-0.5576,0.6381,1.065,-0.0146,-0.3616,1.2726,0.4423,-0.1634,0.6563,-0.6466,-0.4197,1.635,-0.0394
0.4795,0.3483,0.09,0.5233,0.9232,-0.1786,-0.2339,1.0216,0.7481,0.1063,0.4957,-0.2797,-0.4103,1.4034,-0.0804
0.3343,0.8834,0.0731,0.4699,1.359,-0.1429,-0.287,0.9871,0.4543,0.2517,0.7036,0.3016,-0.6469,1.4106,-0.3997
0.3101,0.7237,-0.1891,0.6506,1.061,-0.1092,-0.2094,1.0854,0.1612,0.2131,0.6067,-0.0378,-0.4857,1.5723,-0.2066
0.4873,1.053,-0.6418,0.8019,1.2143,0.13,-0.1099,0.8566,0.1189,0.2242,0.4866,-0.3857,-0.1744,1.8212,-0.5358
0.5377,0.6538,-0.2878,0.7236,0.9749,-0.0064,-0.2108,0.7751,0.1882,-0.0105,0.2594,-0.6719,-0.4805,1.4431,-0.5306
0.1582,1.0607,-0.6077,1.0537,1.2174,0.0622,-0.1147,0.8677,0.4982,0.0717,0.3256,-0.8871,-0.2607,1.6578,-0.574
0.5369,1.0386,-0.508,1.0234,0.7977,0.1932,-0.2522,0.7038,0.3605,-0.2189,0.6185,-0.5354,-0.0204,1.3325,-0.8165
0.5003,1.0768,-0.3235,0.6533,0.8669,0.2666,-0.2974,0.6232,0.3237,-0.2702,0.5146,-0.4737,-0.0951,1.4212,-1.2417
0.6074,0.9074,-0.5383,0.4514,0.6779,0.0795,-0.4318,0.8412,0.4001,-0.1976,0.2284,-1.0981,0.026,1.3536,-1.0738
0.6469,0.7499,-0.4848,0.5066,1.1163,0.0457,-0.6621,0.9491,0.8386,-0.6927,-0.0029,-0.7084,-0.0768,1.5688,-1.4582
0.6643,0.6847,-0.2866,0.7333,0.9338,0.3462,-0.5642,0.8256,0.6194,-0.4906,0.0905,-0.9137,0.0137,1.2415,-1.7439
0.8547,0.4753,0.1843,0.782,0.8506,0.3805,-0.2551,0.9381,0.7764,-0.558,0.2665,-0.9132,-0.0459,1.1305,-1.5468
0.6242,1.172,0.265,0.4922,0.6384,0.4388,-0.333,1.3223,1.2271,-0.3946,0.1371,-0.8606,-0.3524,0.9746,-1.4188
0.5539,0.7871,0.2422,0.5527,0.9634,0.5247,-0.5761,1.1442,0.5617,-0.8004,0.237,-0.7584,-0.3665,0.6299,-1.4767
0.5093,0.8476,0.1034,0.9323,1.0954,0.6014,-0.471,1.3024,0.3798,-0.4663,0.3004,-0.9583,-0.5595,0.3566,-1.4943
0.6284,1.1805,0.232,0.9267,0.7691,0.5465,-0.3786,1.6449,0.5643,-0.7747,0.3823,-0.9878,-0.9258,0.1767,-1.3519
0.7421,0.7726,0.4307,0.586,0.9849,0.274,-0.426,1.9327,0.565,-1.1057,0.304,-0.0713,-0.737,-0.0656,-1.9256
0.8016,1.178,0.896,0.5344,1.0803,0.4616,-0.4313,1.8948,0.1947,-0.7528,0.4713,-0.6183,-0.7954,-0.6075,-1.9427
0.8996,1.0389,0.632,0.4144,1.1208,0.4152,-0.213,2.4555,0.206,-0.8134,0.5866,-0.731,-0.7179,-0.1823,-1.3611
1.1332,0.724,1.3235,0.6753,1.4091,-0.1511,-0.3768,2.2889,0.4439,-0.3319,0.9097,-0.5773,-0.9238,-0.1005,-0.3497
0.9571,1.0119,1.014,0.4371,1.0449,-0.0641,-0.235,2.1034,0.0047,0.3052,0.794,-0.477,-0.5127,-0.4525,0.0589
0.8227,1.1451,0.8969,0.4043,1.1769,-0.3606,-0.5376,2.2783,0.0413,0.0461,0.7274,-0.5489,-0.5789,0.0643,-0.218
0.6272,1.3678,0.6977,0.2343,1.7112,-0.4629,-0.6998,2.3738,0.2984,0.0138,0.8536,-0.439,-0.7075,0.3421,-0.7609
0.6542,1.1448,1.0351,0.187,1.4216,0.0188,-0.5954,1.7935,0.0309,-0.1893,0.8061,-0.4149,-0.5458,-0.236,-0.5433
0.5503,1.4777,1.3412,0.3341,1.3865,0.3801,-0.6005,1.7668,0.0139,0.053,0.9311,-0.2084,-0.5681,0.1155,-0.6919
0.7181,1.1835,1.0302,0.6278,1.4497,0.1985,-0.5051,1.7003,-0.2401,-0.2688,1.1405,0.0184,-0.5968,0.0049,-0.2995
0.7337,1.1791,0.8607,0.4661,1.6421,0.5507,-0.3589,1.566,-0.2246,0.1901,1.174,0.0376,-0.3295,0.0382,-0.1783
0.6765,1.5747,0.4769,0.7525,1.5669,0.9511,-0.3738,1.2556,-0.4252,0.6451,1.1422,-0.0939,-0.2371,0.0957,-0.1614
0.6939,1.098,0.3962,0.7073,1.2509,0.7999,-0.2761,1.1772,-0.2024,0.1725,0.7549,-0.0405,-0.377,0.1685,-0.4915
0.8186,0.9561,0.1336,0.3962,1.5233,0.5232,-0.4947,1.4279,-0.2693,0.1572,0.5374,-0.0346,-0.2623,0.0803,-0.4281
0.6953,1.0113,0.2747,0.6228,0.9298,0.8662,-0.6862,1.484,0.0776,0.0845,0.5656,-0.4078,-0.4308,0.2567,-0.5949
0.6803,0.7654,0.3191,0.4285,0.5063,0.8987,-0.6691,1.3553,0.1751,-0.3648,0.68,-0.8271,-0.506,0.4247,-1.006
0.6328,0.9506,0.355,0.4375,1.4228,0.936,-0.7591,1.0663,0.1401,-0.8058,0.6753,-0.8398,-0.2957,0.4528,-2.3719
0.6824,1.0095,0.268,0.636,0.968,0.79,-0.5511,1.1065,-0.0927,-0.6107,0.8728,-0.4421,-0.4781,0.4265,-2.0174
0.5833,1.1335,0.2006,0.628,1.2114,0.7877,-0.7325,1.0773,-0.2251,-0.6883,0.5708,-0.1779,-0.2405,0.7363,-1.2578
0.5652,0.5155,0.1251,0.5676,1.2793,0.6829,-0.8903,1.0982,-0.3869,-0.864,0.5219,-0.6722,-0.3176,0.5933,-1.7197
0.5704,0.0944,-0.0619,1.1328,1.2259,0.6317,-0.8731,1.1175,-0.3102,-0.4425,0.8518,-0.7771,-0.6564,0.618,-1.6871
0.6946,0.7672,-0.0007,0.7424,1.0355,0.3756,-0.8904,1.3454,-0.1793,-0.3636,0.7147,-0.733,-0.8941,0.7216,-1.4508
0.5019,0.5762,0.0334,0.7082,1.2615,0.5269,-0.8202,1.3048,-0.2555,-0.2796,0.8063,-0.796,-0.7618,0.6493,-1.7063
0.367,1.0518,-0.0906,0.9254,1.1572,0.6777,-0.4921,1.3335,-0.4791,-0.1453,0.8771,-0.9263,-0.9732,0.4384,-1.5498
0.435,0.9222,0.4481,0.6892,1.1068,0.5798,-0.6546,1.5791,-0.1627,-0.7025,0.8236,-0.9701,-0.6953,0.7114,-1.49
0.5062,0.7854,0.3005,0.9758,1.2508,0.3825,-0.6728,1.4107,-0.4756,-0.7389,1.0151,-0.5721,-0.8404,0.4496,-1.3652
0.5957,1.2176,0.0337,0.8232,0.8827,0.3877,-0.5681,1.7828,-0.3847,-0.8964,0.9188,-1.1198,-0.7862,0.4805,-1.4456
0.4535,1.2919,0.5003,0.815,1.651,0.2497,-0.7398,1.6673,-0.3985,-1.1031,0.8504,-0.9802,-0.6583,0.4672,-1.6382
0.4568,0.7851,0.4989,1.0077,1.7729,0.4575,-0.4675,1.6407,-0.6844,-0.9603,1.1979,-0.6867,-0.7882,0.2075,-1.5363
0.4524,0.6923,0.1501,0.3214,1.8381,0.6146,-0.4851,2.0359,-0.3971,-0.7013,0.6403,-0.5643,-0.8685,-0.2024,-1.9192
0.645,0.6827,0.7944,0.5089,1.7484,0.0373,-0.5386,2.561,0.0398,-0.6777,0.895,-1.2046,-0.9635,-0.5132,-2.1515
0.6728,0.9284,1.2109,0.632,2.2379,0.16,-0.4821,2.7979,-0.262,-0.5425,1.0486,-1.5542,-1.1086,-0.8278,-1.6824
0.6286,0.9193,1.5866,0.6147,2.1654,0.3869,-0.44,2.9581,-0.506,-0.5497,1.4891,-1.1747,-1.2342,-1.381,-1.1045
0.5794,1.1017,1.8094,0.3729,1.9408,0.459,-0.4013,2.9103,-0.9785,0.0208,1.6166,-0.867,-1.7161,-1.4794,-0.8892
0.4006,1.5651,1.5308,0.3078,1.6893,0.4232,-0.5683,3.2772,-0.945,-0.446,1.8383,-0.0204,-1.4259,-1.2438,-0.4208
0.5926,0.7697,1.5376,0.4661,2.2267,0.4539,-0.5747,2.8277,-1.1505,-0.8679,1.7603,-0.119,-0.7795,-0.9193,-0.4443
0.3667,0.9154,1.7361,0.5019,2.1237,0.6834,-0.6755,2.2989,-1.4228,0.215,2.0506,-0.4427,-0.954,-1.0368,-0.0009
0.3874,1.0032,1.0749,0.1499,2.1541,0.4412,-0.8387,2.0945,-1.5731,2.3529,1.8455,-0.1769,-1.0999,-0.3262,0.885
0.6029,0.92,1.1656,0.2438,2.0842,0.4841,-0.634,1.79,-1.4925,1.2741,1.6726,-0.2986,-0.9816,0.0166,0.6993
0.4606,0.93,0.8936,0.2699,1.404,1.0312,-0.7574,1.3268,-1.4857,0.911,1.5335,0.1765,-0.6199,0.3803,0.5599
0.4488,0.4838,0.2328,0.6337,1.2546,0.8408,-0.7671,0.9592,-1.4253,-0.0297,1.4844,0.0148,-0.467,1.0392,0.2292
0.5415,0.5279,-0.0261,0.3338,0.9464,0.6141,-0.8254,0.3874,-0.9971,-0.1384,1.08,-0.1183,-0.4768,1.2909,-0.3996
0.5341,0.6113,-0.6837,0.5541,0.8232,0.7379,-1.0947,-0.161,-0.7484,-0.6335,0.8478,-0.3114,0.0909,1.4616,-0.8977
0.6528,0.2938,-1.1443,0.8737,0.7339,0.9781,-1.0866,-0.4128,-0.3247,-0.708,0.71,-0.3389,-0.1163,1.5996,-1.52
0.6807,0.187,-1.2385,0.824,0.4244,1.0939,-1.131,-0.505,-0.0747,-1.2357,0.3389,-0.7841,0.0246,1.5804,-2.0949
0.7902,0.4456,-1.3492,0.7883,0.9532,0.9262,-1.0522,-0.3466,0.3691,-1.1756,0.1008,-1.0297,0.0232,1.6722,-2.9033
0.9347,0.2643,-1.0552,1.1074,1.3661,0.5497,-1.0253,0.0003,0.5256,-0.8709,0.1873,-1.3993,-0.1447,1.7846,-2.7743
0.7577,0.3414,-1.0003,0.5662,1.3185,0.5803,-0.8116,0.1082,0.434,-0.6942,-0.003,-1.7424,-0.1872,1.2636,-2.3687
0.6486,0.0729,-0.6582,0.7202,1.4388,0.7038,-0.8748,0.6443,0.7581,-1.1849,0.0769,-1.7528,-0.0226,0.8955,-2.4262
0.7381,0.6385,-0.3043,0.8759,1.6975,0.7679,-0.8726,0.9495,0.5786,-0.6066,0.2808,-1.7327,-0.0828,0.5678,-2.2683
0.7191,0.4558,-0.1884,0.3745,2.008,0.7023,-0.7202,1.1257,0.3582,-0.9683,0.474,-1.3343,0.1351,0.1717,-2.3522
0.7334,0.178,0.1273,0.8443,1.4553,0.458,-0.4738,1.1074,0.3732,-0.4879,0.8506,-1.3543,-0.0349,-0.4207,-2.0916
0.5796,0.1363,0.2409,0.4899,1.4736,0.5379,-0.599,1.3626,0.4027,-0.6928,0.857,-1.0278,-0.4123,-0.0997,-1.6307
0.592,0.6108,0.5446,0.453,1.3145,0.6312,-0.5269,1.6912,0.0925,-0.8211,1.0072,-1.263,-0.6691,-0.1535,-1.3946
0.5802,0.6046,0.8121,0.3241,1.6597,0.6676,-0.4589,1.7228,0.1679,-1.027,0.9988,-0.8647,-0.3859,0.0498,-1.5517
0.387,0.4864,0.6048,0.9001,2.0125,0.6298,-0.3629,1.7745,-0.1473,-0.8367,1.3885,-0.7501,-0.3313,0.1263,-0.9627
0.5184,0.4762,0.5968,0.7877,1.7633,0.666,-0.4191,1.5717,-0.5527,-0.5508,1.3678,-0.6802,-0.5774,0.099,-0.713
0.5635,0.4531,0.4874,0.4088,1.6423,0.7525,-0.5565,1.5477,-0.4201,-0.579,1.0939,-0.5024,-0.7623,0.2073,-0.529
0.4511,1.0699,0.3207,0.2711,1.2259,0.9922,-0.5215,1.6877,-0.1119,-0.9558,0.9295,-0.0592,-0.6507,0.3251,-0.8191
0.5754,0.6689,0.2785,0.6185,1.4983,1.1472,-0.7176,1.6088,-0.1356,-1.6595,1.1034,-0.2672,-0.6782,0.4077,-1.2401
0.6073,0.6886,0.2557,0.9559,1.6179,1.046,-0.7414,1.5405,-0.4999,-1.3932,1.215,-0.4261,-0.3403,0.2548,-1.875
0.5783,0.7742,0.0232,0.5922,1.6647,1.0635,-0.3401,1.3278,-0.5409,-1.3108,1.2081,-0.1497,-0.5961,0.1072,-1.195
0.5791,0.7449,-0.2397,0.6155,2.2894,0.8201,-0.5794,1.6344,-0.1339,-1.1077,0.9935,-0.3223,-0.5229,0.3424,-1.3442
0.5545,0.6911,-0.0701,0.8321,2.346,0.8401,-0.6054,1.7196,0.018,-0.834,0.9793,-0.0441,-0.3515,-0.0023,-1.1286
0.4383,0.4429,0.2095,0.8468,1.992,1.0874,-0.4351,1.6793,-0.1509,-0.6066,0.9644,-0.1047,-0.3228,-0.1469,-0.2245
0.5143,-0.1296,0.0706,1.3647,1.832,0.8144,-0.4545,1.6754,-0.0692,-0.4993,1.4801,-0.3079,-0.4595,-0.2364,-0.3818
0.4949,0.3562,0.1503,1.2509,2.2383,0.7439,-0.5231,1.6509,-0.5037,0.1522,1.5611,-0.1896,-0.3166,-0.0435,-0.1054
0.5241,0.8306,-0.0384,1.0221,2.3019,0.9246,-0.5077,1.2273,-0.3202,0.484,1.4494,0.4311,-0.2377,0.1348,-0.0361
0.6006,0.7386,0.2164,0.7554,2.2981,0.8343,-0.6885,1.1532,-0.5433,0.5278,1.2395,0.2636,-0.004,0.4504,0.3083
0.5735,0.6465,0.0557,0.738,2.8999,0.8632,-0.198,0.8419,-0.6614,1.1327,1.1257,0.5605,-0.2966,0.8205,1.2741
0.6346,0.4878,0.0058,0.8351,2.4262,1.0389,-0.1761,0.7781,-0.5943,1.5262,0.8176,0.4637,0.0142,1.8272,1.1792
0.5709,0.7492,-0.4417,0.7716,2.0765,0.8961,-0.204,0.2537,-0.5111,1.3174,0.9668,-0.2915,0.1511,1.5738,1.4886
0.5528,0.5892,-0.7748,0.9623,2.0548,0.9275,-0.2766,-0.0246,-0.2769,0.8133,0.9238,-0.6219,0.5864,1.7192,0.7534
0.6785,0.565,-1.1155,1.0268,1.2064,1.0895,-0.0593,-0.0096,0.0731,0.1484,0.803,-0.2432,0.6723,1.9949,0.7687
0.4527,0.7606,-1.5814,0.8687,1.4033,1.2799,-0.5571,-0.7007,-0.0768,-0.4466,0.16,-0.1877,0.8431,1.7633,0.0498
0.6036,0.4078,-2.0165,0.844,1.4035,0.5687,-0.7501,-0.295,0.4807,-0.8364,0.0123,-0.7153,0.4916,2.0556,-0.5946
0.671,0.2713,-1.9029,1.079,0.4226,0.6638,-0.8469,-0.052,0.8792,-1.1631,0.0702,-0.7703,0.5894,1.7459,-1.0252
0.6359,0.4829,-1.6864,1.5544,0.4029,0.7127,-1.071,0.2096,1.0892,-2.098,0.344,-1.3885,0.5563,1.7781,-1.7837
0.8789,0.4671,-1.1019,1.2807,0.9805,0.9887,-1.1293,0.2159,0.8238,-2.3286,0.7389,-1.1792,0.1524,1.7533,-2.0027
0.9564,1.0993,-0.9681,1.076,1.5809,0.7927,-1.0574,0.1605,0.558,-1.6728,0.932,-0.9378,0.405,1.3952,-1.8562
0.8911,0.9,-1.1813,0.9324,1.5744,0.7301,-1.1177,0.1929,0.6091,-1.427,0.7417,-0.7914,0.3856,1.1103,-1.8462
0.669,0.6928,-1.5667,0.6883,1.7426,0.6243,-0.9481,0.5436,0.8191,-1.5399,0.4039,-0.6669,0.557,0.9631,-1.8797
0.7717,0.6792,-1.2542,1.1778,1.5139,0.8546,-0.6052,0.8599,0.981,-1.499,0.5341,-0.7282,-0.0261,0.473,-2.1051
0.7776,0.6651,-0.6469,1.35,1.7693,1.1853,-0.5355,1.1484,1.1217,-1.7218,1.0115,-0.8577,-0.0696,0.6945,-1.7286
0.7472,0.9343,-0.1766,1.2599,1.8761,0.2655,-0.4596,1.4916,0.6346,-1.2716,0.9855,-0.6929,0.0095,0.2242,-1.3358
0.7466,1.1054,-0.3339,1.1474,2.0998,0.6352,-0.4984,1.7342,0.2695,-0.8047,1.0289,-0.4386,0.0986,0.0425,-1.5017
0.815,1.1368,0.033,1.0179,1.6252,0.5984,-0.7143,1.7827,-0.007,-1.3999,0.9261,-0.403,-0.2474,-0.177,-1.2687
0.6485,0.9894,0.2819,0.7041,1.887,0.7282,-0.7105,2.2991,0.062,-1.253,1.0024,-0.6267,-0.6987,0.0174,-1.6569
0.7299,1.2873,0.4397,0.8705,2.0231,0.9047,-0.6722,2.2112,0.3146,-1.2057,1.1387,-0.7989,-0.845,-0.164,-1.0948
0.6983,1.1306,0.7468,1.0098,1.838,0.8909,-0.6769,2.3537,-0.0423,-1.2499,1.1529,-0.5527,-0.8624,-0.273,-2.1216
0.7067,1.0133,0.5845,0.7198,1.5492,1.1709,-0.5824,2.3539,-0.0458,-1.9256,1.1955,-0.3265,-0.8103,-0.4948,-1.6953
0.5864,1.073,0.6091,0.6196,1.5851,0.9404,-0.7066,2.313,-0.1567,-2.4292,1.2357,0.0675,-0.997,-0.6989,-1.7636
0.6112,1.1603,0.6316,0.5504,1.8802,0.9979,-0.7541,2.3904,-0.2646,-1.8033,1.0779,-0.0797,-1.052,-0.6748,-1.535
0.6178,0.4474,0.8341,0.0969,2.3376,1.2555,-0.2214,2.31,-0.2741,-1.8192,0.7752,0.1594,-1.0035,-0.8836,-1.5952
0.6636,1.3123,0.8374,0.2426,2.0156,1.0593,-0.1095,2.8293,-0.1665,-0.6618,0.8566,0.121,-0.9383,-0.9113,-0.9834
0.7647,1.2735,0.8964,0.3434,2.191,1.2828,-0.1409,2.6697,-0.3599,-0.706,1.0833,0.2853,-0.7556,-1.0978,-0.5249
0.6274,1.3089,1.1211,0.4607,1.9896,1.1462,-0.3359,2.6936,-0.2857,-0.3975,1.2462,0.6006,-0.8415,-0.9565,-0.1594
0.6823,1.233,1.0873,0.0708,2.238,1.1626,-0.3118,2.6197,-0.2577,-0.7037,1.2626,0.7959,-0.9359,-0.8911,0.1311
0.5985,1.5165,0.3038,0.0059,2.4253,1.3712,-0.3337,2.4397,-0.5843,-0.2577,0.8017,0.7301,-0.8233,-0.7962,0.3345
0.467,1.3521,0.4257,-0.0204,2.3,1.1142,-0.3312,2.5784,-0.7313,-0.1106,0.742,0.9531,-0.3863,-0.7844,0.3676
0.3589,1.1237,-0.0618,0.116,2.3653,1.0076,-0.1193,2.704,-0.4194,-0.2097,0.7819,0.6456,-0.4687,-0.6843,0.4694
0.652,1.0705,0.4453,0.0749,1.9301,0.9304,-0.117,2.4499,-0.2295,-0.057,0.8628,0.3086,-0.4912,-0.7528,0.509
0.5265,1.5079,0.6495,-0.1919,1.5956,0.7631,-0.2112,2.3088,-0.1762,-0.3886,0.915,0.5192,-0.4528,-0.777,0.8848
0.5792,1.0795,0.8293,-0.1361,1.4853,1.1417,-0.4086,2.372,-0.1166,-0.5107,0.9639,0.3688,-0.4454,-0.528,0.0468
0.8812,1.6167,0.9847,0.1073,0.697,0.7715,-0.7272,2.3032,-0.332,-1.2685,0.8815,0.09,-0.4485,-0.5889,-0.2712
0.7591,1.7081,1.0336,-0.2491,1.1054,0.9371,-0.806,2.093,-0.4408,-1.7921,0.9814,0.2087,-0.3031,-0.1563,-0.5997
0.7262,1.5242,0.39,0.0589,1.1918,1.2883,-0.9921,1.6961,-0.2347,-1.6981,0.9827,-0.1117,-0.2394,0.0636,-0.5417
0.8538,1.5866,0.4334,0.0142,1.3227,1.2593,-0.7344,1.2133,-0.3307,-1.5287,0.8083,0.3825,-0.3513,0.1064,-0.5228
1.0599,1.4766,0.1444,0.5834,1.4428,1.3149,-0.6247,1.2743,-0.4224,-1.3657,1.0186,0.3947,-0.1266,0.475,-0.7749
0.8835,1.5643,0.2232,0.1761,1.612,1.1966,-0.5086,1.0054,-0.4499,-0.3813,0.9159,0.2224,0.2067,0.8769,0.0737
0.8558,1.3725,-0.2574,0.0931,1.3516,1.1459,-0.6032,0.4376,-0.6487,-0.5485,0.9465,-0.082,0.2595,1.0192,-0.3831
0.9095,1.3755,-0.7073,-0.021,1.1914,0.9114,-0.7703,0.5202,-0.1555,-0.6001,0.67,-0.0929,0.2505,0.952,-0.6516
1.1144,1.3203,-0.7227,0.4864,1.1703,0.93,-0.943,0.5401,0.2555,-0.8567,0.4315,-0.1414,0.4277,1.2479,-0.583
1.1227,1.2416,-0.8061,0.6066,1.0129,0.8542,-0.7588,0.4752,0.3727,-0.9894,0.6586,-0.4284,0.2319,1.1238,-0.7022
1.0101,1.2374,-0.9769,0.3997,0.8629,0.8233,-0.8294,0.6418,0.1288,-0.9655,0.6046,-0.7037,0.1292,0.8077,-0.8342
0.9083,1.1075,-0.9624,0.355,0.4901,0.7787,-0.6344,0.9165,0.6923,-1.3769,0.6146,-0.7157,0.1389,0.7502,-0.4705
0.8549,1.1093,-0.8327,0.7724,0.5969,0.9591,-0.8263,0.7711,0.6793,-2.1869,0.8909,-0.8624,0.121,0.4847,-0.6534
0.8801,1.0469,-0.7102,0.3372,1.1786,0.7219,-0.9816,0.8843,0.6336,-1.7389,0.727,-0.6727,-0.0416,0.5591,-0.5003
1.0419,1.0358,-0.4476,0.369,1.0894,0.9742,-0.8354,0.9469,0.2593,-1.3459,0.6381,-0.263,-0.3413,0.1012,-0.6581
1.1858,1.1971,-0.4452,0.9075,0.8721,0.8305,-0.8257,1.3332,0.217,-1.4611,0.9159,-0.8044,-0.2888,0.2819,-0.8741
1.312,1.0918,0.0559,0.8904,0.944,0.7796,-1.0383,1.1084,0.0048,-1.5684,1.1765,-0.3073,-0.2102,0.1245,-0.7126
1.1609,1.5383,-0.1876,0.5969,1.1281,1.1011,-1.1973,1.14,-0.2045,-1.4726,1.2203,-0.4555,-0.3545,0.2266,-0.57
1.3035,1.359,0.0516,0.1717,0.8233,1.0231,-1.1617,0.9228,-0.3236,-1.517,0.8807,-0.0407,-0.0953,0.3745,-1.0478
1.3794,1.3534,-0.1632,0.2919,0.8947,0.9209,-1.1864,1.0205,-0.3966,-1.747,0.9266,0.0067,-0.1022,0.8579,-1.9556
1.5257,1.659,-0.2649,0.5341,1.3665,0.7573,-1.2005,0.8368,-0.3677,-2.0191,1.022,0.0479,-0.1685,0.9274,-1.6904
1.4322,1.5643,-0.4403,0.4541,1.9098,0.5709,-1.1352,0.9546,-0.1777,-2.3219,1.1407,-0.2476,0.088,0.6224,-1.4863
1.3296,1.8129,-0.567,0.331,1.8393,0.7296,-1.0179,0.826,0.0485,-1.6195,0.7933,-0.3685,-0.0241,0.3949,-1.3689
1.4368,1.4298,-0.4224,0.4029,1.5624,0.625,-1.2083,0.9722,-0.0543,-1.4311,0.8336,-0.2832,-0.0449,0.3249,-1.28
1.2787,1.4029,-0.1902,0.352,1.5769,1.2361,-1.1182,1.1785,0.1525,-1.4663,0.9943,-0.5013,-0.2016,0.1368,-1.1957
1.3474,1.4517,-0.1557,0.4901,1.8753,1.0932,-0.9202,1.4706,0.2764,-1.3635,1.1202,-0.2056,-0.0343,0.2261,-0.9644
1.5027,1.5103,0.1002,0.4816,1.6033,1.6615,-0.8421,1.2015,-0.1037,-1.393,1.1161,-0.2659,0.1688,0.1433,-1.1592
1.3039,1.6998,-0.3918,0.3366,1.9087,1.6136,-0.7229,1.1356,-0.2206,-1.3016,0.983,-0.4275,0.1588,0.2577,-1.0077
1.3312,1.4334,-0.4647,0.3905,2.0005,1.5722,-0.5162,0.9246,-0.1813,-1.0555,0.884,-0.4529,0.0556,0.298,-0.4507
1.4248,1.2816,-0.8541,-0.0691,1.3854,1.2924,-0.3258,0.9935,0.1676,-0.7298,0.3663,-0.529,0.3134,0.5544,-0.9982
1.4745,1.2524,-0.7203,0.2874,2.0847,1.1582,-0.3383,1.0223,0.4124,-0.3847,0.4528,-0.644,0.5614,0.739,-0.7997
1.3247,1.4764,-0.8871,0.0985,1.4536,1.176,-0.238,1.0167,0.4328,-0.5793,0.4356,-0.6187,0.4616,0.5918,-0.5781
1.2541,1.1948,-0.8153,0.3424,1.053,1.293,-0.2695,0.9715,0.9493,-1.2273,0.393,-0.2592,-0.1596,0.145,-0.6075
1.2091,1.3381,-0.6591,0.0421,0.5636,1.2606,-0.4441,1.5502,0.8686,-2.2528,0.4737,-0.2337,-0.1451,0.261,-1.267
1.2713,1.7376,-0.2285,-0.1085,0.8501,1.0031,-0.5251,1.7598,0.9663,-2.6465,0.5103,-0.2674,-0.2227,0.3333,-1.7478
1.1804,1.443,0.0624,0.3416,1.2671,0.6279,-0.5609,1.9137,0.7241,-2.7377,0.8214,-0.7964,-0.1761,0.2038,-1.8843
1.3175,1.5248,0.1248,0.4189,1.2485,0.5311,-0.7896,1.978,0.3691,-2.0618,0.7198,-0.9304,-0.5792,0.0865,-1.846
1.2798,1.844,0.4001,0.2443,1.5976,0.6803,-0.6812,1.6329,0.0715,-1.9565,1.3208,-0.9174,-0.7165,0.0952,-1.6457
1.1947,1.8802,0.4758,0.7891,1.754,0.5778,-0.6054,1.7354,0.0612,-1.3394,1.3967,-0.5907,-0.7173,0.0123,-1.2272
0.9046,1.9969,0.4858,0.6376,1.7365,1.1039,-0.4912,1.7882,-0.3267,-1.278,1.5476,-0.6968,-0.7398,-0.1854,-1.1712
1.0559,1.9823,0.382,0.2211,1.3969,1.0847,-0.5377,1.8569,-0.1518,-1.4439,1.302,-0.3569,-0.4191,-0.0528,-0.348
1.0158,1.9631,0.2766,0.1582,1.6739,0.8324,-0.4779,1.7915,0.0925,-2.1378,1.1033,-0.2688,-0.5245,-0.0824,-0.9428
1.0229,1.7986,0.4004,0.297,1.8446,1.1323,-0.5173,1.8621,0.4195,-1.3413,0.848,-0.4859,-0.3348,0.0591,-0.4066
1.1233,1.7681,0.0914,0.8036,1.8931,1.2234,-0.5431,1.5908,0.1053,-0.9394,1.6641,-0.4167,-0.3178,0.0058,-0.233
1.0282,1.4873,-0.0456,1.3991,2.2063,0.9427,-0.2736,1.3572,-0.1606,-0.5444,1.9903,-0.4208,0.1254,0.0971,0.252
0.9705,1.6571,-0.7934,0.8911,2.0554,1.1501,-0.2899,0.9343,-0.3872,-0.5624,1.6634,0.084,0.1126,0.0704,0.6039
1.1318,1.7631,-1.1221,0.7516,1.9458,1.3468,-0.2049,0.7852,-0.15,-0.0281,1.5738,-0.157,0.1505,0.2598,1.0586
1.0736,1.7271,-1.1659,0.985,1.3021,0.9389,-0.2129,0.7629,0.2753,-0.71,1.5552,0.1334,0.0915,0.3016,1.2067
1.0974,1.6605,-1.169,0.7534,0.7453,0.9899,-0.318,0.935,0.39,-1.2979,1.167,0.2307,0.393,0.3559,1.253
1.0582,1.6723,-1.1056,0.3685,0.7162,1.5103,-0.5205,0.4801,0.2756,-1.8035,0.8267,0.0367,0.4974,0.6787,0.1836
1.1577,1.1992,-1.3001,0.6482,1.5151,1.4498,-0.3907,0.4674,0.5928,-1.834,0.6044,-0.4266,0.5356,1.2764,-0.3902
1.3632,1.1091,-1.2879,0.8164,1.3094,1.362,-0.2945,0.497,0.7033,-1.16,0.8036,-0.8427,0.1999,1.2114,-0.6618
1.3676,1.1435,-1.4059,0.9981,0.9057,0.9745,-0.5757,0.5231,0.4982,-0.9887,0.9035,-1.0512,0.5156,1.2981,-0.9911
1.3929,1.3766,-1.3563,0.9909,0.9266,0.9189,-0.6318,0.4948,0.6623,-1.2605,0.9236,-0.755,0.0702,1.3982,-1.1953
1.347,1.6428,-1.4758,0.214,0.907,0.9502,-0.6201,0.4625,0.6549,-1.556,0.6594,-0.798,0.14,1.3586,-1.7653
1.4656,1.4763,-1.2437,0.4313,1.0185,1.1321,-0.7854,0.7653,0.97,-2.3524,0.6528,-0.7412,0.0497,1.3721,-2.359
1.4405,1.3599,-0.9261,0.7964,1.2535,1.1631,-0.6487,0.6805,0.9855,-2.5095,1.0099,-0.7919,0.1038,1.2044,-2.5035
1.5584,1.7127,-0.7335,0.688,1.9536,0.8856,-0.9129,0.5505,0.8714,-2.2457,1.1812,-0.9765,0.2822,0.6952,-2.1701
1.5281,1.4733,-1.2548,0.9247,1.8646,0.8396,-0.7278,0.431,0.5643,-1.5376,1.0896,-0.647,-0.2484,0.5214,-1.6819
1.4922,1.6248,-1.4476,0.7092,1.92,1.142,-0.6117,0.7066,0.4871,-1.1687,1.0618,-1.0114,-0.3147,0.4007,-1.8978
1.6346,1.2884,-1.3391,0.6694,1.5966,0.8819,-0.6502,0.9683,0.7279,-1.3163,1.099,-1.0205,-0.3905,0.2943,-1.6722
1.6187,1.3796,-0.8698,0.6866,1.6315,0.9054,-0.4848,1.2398,0.8904,-1.5612,1.3285,-1.2466,-0.606,0.1021,-1.0483
1.5911,1.6419,-0.6799,0.8759,1.5917,0.6641,-0.7585,1.3523,0.6647,-1.6395,1.4748,-0.6542,-0.4859,-0.2012,-1.0776
1.591,1.7076,-0.0894,0.3523,1.6125,0.8195,-0.7141,1.7424,0.6373,-1.5336,1.4474,-0.4555,-0.9091,-0.4499,-1.3475
1.2292,1.911,-0.0596,0.6071,2.4364,1.0,-0.5644,1.8561,0.3161,-1.3409,1.712,-0.2741,-1.0636,-0.7195,-0.6766
1.3396,1.6385,-0.1853,0.9926,2.22,0.9584,-0.3143,1.6597,0.0455,-0.7274,1.8905,-0.2346,-0.9065,-0.9763,-0.4638
1.2776,1.8357,0.0612,0.6838,2.2621,0.4533,-0.3082,2.2295,0.0161,-0.5787,1.8102,-0.2784,-1.2884,-1.0677,0.3768
1.1882,2.0936,0.1244,0.4457,2.444,-1.3648,-0.2858,3.239,0.543,-0.2518,1.9482,-0.0811,-1.2012,-1.1423,0.4404
1.2954,2.4769,0.8701,0.4003,1.878,-0.5741,-0.323,3.1374,0.3361,-0.5568,2.0249,0.067,-1.3444,-1.8066,0.2642
1.32,2.0705,1.2481,0.4008,1.7608,0.5173,-0.246,3.0128,-0.4244,-0.837,2.3072,-0.0809,-1.3883,-1.7754,0.4567
1.222,2.1699,1.5457,0.4515,2.1545,1.1017,-0.0829,2.5822,-0.9292,-0.7213,2.6617,0.0438,-1.4003,-1.4785,0.655
1.1065,2.3124,0.447,0.5036,2.4308,0.9475,-0.0529,2.1008,-1.2299,-0.2123,2.628,0.5727,-1.246,-1.1286,0.9062
0.9452,2.2151,0.2806,0.6557,2.1401,1.3524,0.0355,1.205,-1.2562,0.1027,2.1212,0.5151,-0.9332,-0.8673,1.1429
1.1717,1.5926,-0.1388,0.9381,1.2761,1.3529,-0.069,1.2164,-0.6358,-0.5272,2.1218,0.2736,-0.8091,-0.5151,1.0003
1.212,1.3933,-0.2275,0.5457,1.5051,1.5231,0.1455,0.7159,-0.6112,-0.5657,1.9831,0.3641,-0.4902,-0.0271,1.1407
1.2433,1.5114,-0.8023,0.9804,1.7025,1.3779,-0.16,0.0891,-0.5959,-0.3197,1.4861,0.2891,-0.2277,0.4136,0.6307
1.1928,1.6153,-1.1297,0.8074,1.8863,1.4187,-0.0357,-0.5939,-0.4393,0.4115,1.3718,0.6771,-0.8613,1.0048,0.8592
1.2701,1.4709,-1.6673,1.1614,1.1814,1.4006,0.0879,-0.4483,0.0456,0.3702,1.2723,0.2841,-0.4505,1.1608,1.0169
1.1674,1.4896,-1.9372,0.7144,0.7823,0.97,-0.0096,-0.5096,0.347,0.2139,0.9094,0.0326,0.0858,1.4408,0.4632
1.1568,1.3643,-2.0759,1.0858,0.6715,0.8586,-0.1005,-0.4231,0.8314,-0.2759,0.7398,0.1095,0.3297,1.5248,0.3084
1.482,1.0765,-1.6631,1.203,-0.0834,0.7456,-0.6424,-0.4493,1.0185,-1.148,0.7134,-0.3596,0.161,1.2672,-0.349
1.3694,1.237,-1.7822,1.3217,0.2143,0.9156,-0.7506,-0.3912,0.9257,-1.6964,0.85,-0.5543,-0.2167,1.3875,-0.8912
1.235,1.558,-1.7721,0.9415,-0.4899,1.056,-0.9017,-0.5502,0.9427,-2.3402,0.6682,-0.3719,-0.3363,0.9331,-1.5448
1.3772,1.2811,-2.0009,1.024,0.1907,1.6895,-0.8963,-0.5928,0.7899,-2.4804,0.6971,-0.4099,-0.3475,1.2644,-2.0422
1.3172,1.2147,-2.0413,0.987,0.4435,1.4529,-1.453,-0.7027,0.8769,-2.3401,0.5351,-0.9284,0.1001,1.1844,-2.2029
1.357,0.8188,-2.2521,0.7516,0.8943,1.5543,-1.3676,-0.8426,1.0648,-1.8442,0.3712,-1.0206,-0.5349,1.207,-3.0217
1.4059,0.9628,-2.3427,0.666,0.657,1.4593,-1.1973,-0.6935,1.3812,-1.8353,0.3557,-0.8706,-0.4447,1.2095,-3.0339
1.0322,0.7909,-2.1803,0.8815,1.0371,1.1414,-0.8827,-0.3308,1.5963,-2.034,0.1721,-1.0071,-0.4521,0.8863,-2.9027
1.3711,0.876,-1.8408,1.2232,0.9736,1.2911,-0.9972,0.1813,1.9267,-1.9694,0.3265,-0.7454,-0.3563,0.3423,-2.5017
1.3036,0.7273,-1.4732,1.3368,0.8612,1.1863,-0.7134,0.7808,1.6534,-1.5736,0.6898,-1.1438,-0.7448,-0.1433,-3.0573
1.6206,0.4552,-1.3804,1.4324,1.0568,1.1026,-0.8303,1.1197,1.7901,-1.3124,1.0121,-1.0671,-0.8395,-0.876,-2.414
1.3778,0.9636,-0.8287,1.2454,1.0407,1.5725,-0.982,1.4185,1.4969,-1.1312,0.9612,-0.9909,-0.4831,-1.1721,-2.0224
1.4866,1.4397,-0.2841,0.9312,1.1621,1.3326,-0.9687,1.8015,1.0672,-1.3404,1.2375,-1.1117,-0.6401,-1.2532,-1.7305
1.5732,1.4479,-0.338,0.8476,1.127,1.0445,-0.9264,2.1929,0.8537,-1.5385,1.6183,-0.3408,-0.9254,-1.3642,-1.7229
1.3982,1.4398,-0.1998,1.1893,1.3438,0.4054,-0.8402,2.7093,0.8447,-1.5234,1.7742,0.1909,-1.2877,-1.6205,-1.466
1.5056,1.9579,0.0433,1.3968,1.4408,0.8079,-0.665,3.0122,0.6688,-1.5407,2.137,0.563,-1.1507,-2.3128,-1.5059
1.4118,1.7374,0.3739,1.188,1.4398,1.3224,-0.7544,3.0655,0.1528,-1.7933,2.1481,0.1999,-0.9939,-2.3728,-1.2117
1.4666,1.7221,0.5223,1.0395,1.8273,1.1939,-0.906,3.0202,0.2275,-1.5252,2.4879,0.2628,-0.8451,-2.3981,-0.5427
1.4513,1.8017,0.9482,0.6361,2.1783,1.2558,-0.7008,2.6639,-0.0722,-0.7649,2.2048,0.3339,-0.9637,-2.4233,-0.1861
1.3452,1.7291,0.6796,0.8909,2.0773,1.7714,-0.6551,2.7811,-0.173,0.0396,2.5659,0.6594,-1.1613,-2.1065,0.1038
1.3453,2.0839,0.6777,0.7049,1.6366,1.7572,-0.6333,2.6488,-0.2318,-0.2354,2.2354,0.3611,-0.9307,-1.9666,0.3762
1.3828,1.7213,0.6175,0.8886,1.6016,1.4947,-0.5916,2.4271,-0.361,-0.5017,2.277,0.5142,-0.2849,-1.8024,0.2001
0.9388,1.696,0.4449,0.5191,1.7886,1.5805,-0.926,1.8681,-0.2544,0.0488,2.0375,0.2435,-0.3726,-1.4452,0.4506
1.3284,1.4054,0.4479,0.5011,1.6581,1.7263,-1.2132,1.3543,-0.0397,-0.1289,1.8522,0.2684,-0.4384,-1.0074,0.3791
1.4345,1.5954,0.006,0.4637,1.5096,1.8641,-0.9809,1.0923,-0.1376,0.3013,1.7497,0.0695,-0.4908,-0.6866,0.3263
1.3748,1.2187,-0.5906,0.5997,1.4245,1.7243,-1.0564,1.4332,0.5911,0.0831,1.3845,0.3735,-0.4545,-0.1966,-0.2078
1.2523,1.1274,-0.4662,1.1066,1.485,1.6302,-1.3534,1.1733,0.4584,0.0054,1.62,0.1974,-0.7036,-0.1453,0.0686
1.1353,1.4657,-0.4727,1.0033,1.6712,1.4803,-1.1418,1.1436,0.5042,0.0935,1.7837,-0.0635,-0.6813,-0.1792,0.5254
1.021,1.657,-0.5564,0.9787,1.1712,1.7839,-0.9712,0.8348,0.6695,0.6116,1.7318,0.1435,-0.1666,-0.0386,0.1988
1.2284,1.3964,-0.9427,0.7641,0.6945,1.3285,-0.8633,0.7209,0.6699,-0.2869,1.4019,0.6806,-0.198,0.0431,-0.1212
1.0981,1.1447,-1.2048,1.0519,0.563,1.1865,-1.0652,0.9451,0.9808,-0.7384,1.1045,0.218,-0.1982,0.2857,-0.627
1.2046,1.3806,-1.103,0.9903,0.8144,1.418,-1.0427,0.9519,1.1065,-1.316,0.9551,-0.3669,-0.2066,0.3421,-1.5481
1.1657,1.2644,-0.8416,1.2919,0.8624,1.4447,-1.0457,0.9224,1.2077,-1.3893,1.1871,-0.4607,-0.1972,0.1063,-1.5142
1.2159,1.4066,-0.9872,1.211,1.5631,1.4024,-1.0197,1.0361,1.0251,-0.9231,1.3643,0.0764,-0.2474,-0.1108,-1.4838
1.2184,0.7735,-0.9043,0.9083,1.2073,1.3425,-0.8245,1.2506,0.7908,-0.3164,1.1934,0.0364,-0.2844,-0.4065,-1.5576
1.1927,0.8402,-0.7509,0.9073,0.9002,1.5732,-0.8782,1.3216,1.0205,-0.3475,1.2222,-0.075,-0.2198,-0.1484,-1.3016
1.2208,0.9928,-1.095,1.3203,0.8403,1.4014,-0.8621,1.4266,0.9121,-0.9864,1.2727,0.1036,-0.3709,-0.3449,-1.2159
1.2967,1.2135,-0.7344,1.18,1.122,1.1732,-1.0106,1.6141,1.0656,-0.892,1.2282,-0.4326,-0.4414,-0.5528,-1.469
1.3228,1.5868,-0.5614,1.6757,0.7648,1.2221,-0.9517,1.9143,1.1668,-0.9352,1.5092,-0.2519,-0.5413,-0.898,-1.7308
1.3521,1.6587,-0.1948,0.975,0.7774,1.0836,-1.0478,2.5343,0.7202,-1.3068,1.3152,-0.4325,-0.881,-0.9399,-1.7849
1.2989,1.3172,0.1861,1.2342,1.179,1.1646,-0.8591,2.5648,0.7082,-1.6214,1.7787,-0.3799,-1.1132,-1.0677,-1.5113
1.1875,1.3231,0.5789,1.1665,1.5303,1.2083,-0.9182,2.4553,0.3642,-1.0788,1.7074,0.2545,-0.7447,-1.7769,-1.4559
1.1498,1.6177,0.2611,1.3452,1.6417,1.0978,-0.9159,2.7681,0.4283,-0.1507,1.9652,0.5317,-0.9403,-1.4475,-0.8548
1.2593,1.5515,0.4783,1.0442,2.5982,1.178,-0.9955,2.9282,0.3091,0.2627,2.1561,0.2754,-0.9442,-1.3781,-1.2765
1.0494,1.7566,0.6454,1.0018,2.5461,1.1377,-0.6697,2.9165,0.1769,1.2012,2.103,0.4874,-1.0244,-1.893,0.1538
0.8379,1.8037,0.731,0.8626,2.2121,1.0495,-0.5681,2.9101,-0.2091,1.0833,2.0186,0.6032,-0.9895,-1.9797,0.4439
1.0473,1.615,0.4813,0.8911,1.8681,1.2651,-0.4558,3.2678,-0.0348,0.9387,1.6991,0.9178,-1.0658,-1.494,0.354
0.9198,1.652,0.8371,0.7966,1.7378,1.1384,-0.4061,3.4459,-0.2082,0.7425,2.1375,0.4072,-1.211,-1.4283,0.5687
0.9999,1.6191,1.1478,0.8066,1.3391,1.4154,-0.4976,3.1668,-0.1901,0.34,2.2981,0.2272,-1.1395,-1.3406,0.2415
0.959,1.9715,0.8513,0.7441,1.4505,1.3751,-0.6024,2.813,-0.3841,0.1956,2.3233,0.5992,-1.3246,-1.1283,0.247
0.6208,2.0477,0.6128,0.4399,1.8338,1.6057,-0.6755,2.5795,-0.3759,0.3456,2.2104,0.7211,-1.001,-1.0567,0.1733
1.0446,1.6147,0.4203,1.2577,1.3641,1.8189,-0.7082,2.2922,-0.2364,-0.1458,2.5367,0.5934,-0.7486,-1.0765,0.2275
1.1444,1.7803,0.1014,0.8965,1.4682,1.6576,-0.8182,2.092,-0.1477,-0.1551,2.3619,1.0315,-0.5023,-0.7931,-0.0322
1.0946,1.6986,-0.2387,0.6131,1.5698,1.5664,-0.8055,1.7808,-0.0538,0.2717,1.9712,0.8403,-0.6117,-0.7501,-0.2616
1.2105,1.5925,0.2166,0.6471,1.8141,1.6835,-0.9268,1.8837,0.2306,0.5088,1.8606,0.6294,-0.0989,-0.24,0.0367
1.0787,1.4617,0.0335,0.302,1.4088,1.9659,-0.8149,1.6322,-0.0331,0.8973,1.5617,0.6877,-0.2228,-0.3021,-0.4915
1.0915,1.3393,-0.4791,0.2855,1.1849,1.9483,-0.8151,1.6086,0.0258,0.7799,1.3779,0.3264,-0.1791,0.0493,-0.4225
1.182,1.5005,-0.5562,0.6427,0.9345,2.1354,-0.9121,1.3049,0.3058,0.3458,1.2227,-0.2757,-0.1991,0.3153,-1.5399
1.256,1.4558,-0.6074,0.7516,0.6664,1.9261,-1.2015,1.0843,0.3765,-0.1613,1.3112,-0.3454,-0.4686,0.4531,-1.3351
1.2559,1.5228,-1.0674,0.5684,0.8592,2.0107,-1.1872,1.066,0.4646,-0.2854,1.1452,-0.3882,-0.1943,0.399,-1.5516
1.1636,1.1702,-1.0037,0.9041,0.9093,2.3112,-1.1741,0.671,0.5916,-0.0103,1.0642,-0.0751,-0.6672,0.4901,-1.5937
1.2414,1.0867,-1.3867,0.913,1.0467,2.1291,-1.1429,1.0231,0.8223,-0.0326,1.0239,-0.3567,-0.4909,0.6502,-1.5191
1.4457,1.096,-1.1158,1.3459,0.7701,1.6005,-1.192,1.098,1.0349,-0.0349,1.1717,-0.4313,-0.4525,0.4488,-1.5322
1.412,1.0824,-1.1438,1.2678,0.4527,1.4723,-1.2415,1.1288,1.0741,-0.3073,1.1687,-0.7472,-0.9668,-0.0345,-1.9504
1.2051,1.1384,-0.9444,1.1218,0.4886,1.5691,-1.4869,1.2925,1.086,-0.5566,1.3158,-0.6516,-0.7253,0.016,-1.806
1.3918,1.1023,-0.6011,1.0091,0.7208,1.6568,-1.5072,1.3357,0.5769,-0.976,1.2124,-0.1221,-0.7999,-0.125,-1.9202
1.2748,1.1954,-0.8832,1.2098,0.7498,1.6058,-1.3951,1.4922,0.5174,-0.7517,1.4791,-0.5504,-0.7828,-0.0854,-1.6632
1.2345,1.4327,-0.9653,1.0716,0.8172,1.8977,-1.3542,1.2298,0.7549,-0.3903,1.4075,-0.7178,-0.6814,0.0449,-1.8444
1.2724,1.3928,-1.1047,1.1329,1.0704,1.8914,-1.4208,1.0821,0.4715,-0.182,1.2468,-0.4844,-0.6194,0.1023,-1.5844
1.2831,1.4332,-1.0203,1.1992,1.1769,2.0102,-1.3389,0.9978,0.5991,-0.259,1.1306,-0.4384,-0.7043,0.1169,-1.9897
1.2697,1.5412,-1.4529,0.9279,1.1466,1.879,-1.3579,1.1509,0.7305,-0.0849,1.0263,-0.4888,-0.8427,-0.3198,-1.6834
1.4376,1.2703,-0.8898,0.9592,0.971,1.7548,-1.4164,1.5817,1.0216,-0.2397,1.0057,-0.6066,-0.6617,-0.4696,-1.8678
1.6928,1.2269,-0.5659,0.8734,1.0158,1.7329,-1.3554,1.9513,1.0946,-0.5896,1.1682,-0.7216,-1.1116,-0.4758,-1.8978
1.665,1.3283,-0.2009,1.0945,1.4596,0.8445,-1.384,2.8183,1.0834,-0.4144,1.6093,-1.1837,-1.2558,-0.4063,-1.2916
1.5337,1.544,0.1032,0.6493,1.5637,1.0863,-1.2088,2.5353,0.651,-0.1862,1.8062,-0.5852,-1.3373,-0.9366,-1.1924
1.333,1.9785,-0.2369,0.7131,1.5189,1.2986,-0.788,2.6104,0.3628,-1.465,1.9092,0.7571,-1.3934,-1.5691,-1.331
1.4995,1.66,0.1695,0.7411,1.7709,1.3825,-0.8593,2.7227,-0.1718,-0.8499,2.1723,0.219,-1.1516,-1.5873,-0.8525
1.6129,1.7566,0.1973,0.4493,1.6497,1.5387,-0.8411,2.4191,-0.3819,-0.1192,2.033,0.1865,-1.1047,-1.524,-0.82
1.5807,2.0328,-0.0022,0.4961,1.6557,1.0548,-0.9589,2.6192,-0.3397,-0.0142,2.1404,0.4714,-1.2341,-1.2385,-0.4731
1.5526,1.9565,0.1444,1.1135,1.449,1.3399,-0.9859,2.5166,-0.2842,-0.0761,2.4428,0.4695,-1.2025,-1.3894,-0.3881
1.2868,2.3298,-0.0916,0.4799,2.084,1.6131,-0.9059,2.3039,-0.4323,0.1257,2.2059,0.3885,-1.4297,-1.3298,-0.8148
1.056,2.1446,-0.4579,0.2703,1.6514,1.6634,-0.8237,2.2893,-0.4777,0.0476,1.7597,0.4815,-1.3115,-1.4467,-0.4866
1.3482,1.7654,-0.331,0.4873,1.5054,1.816,-1.0089,2.2041,-0.1407,-0.1203,1.0755,1.066,-0.9629,-1.2634,-1.7183
1.5688,1.6177,-0.021,0.1932,0.8841,1.6439,-0.8202,2.2901,-0.2367,-0.3734,1.0681,0.8262,-1.1646,-1.4163,-1.5895
1.7526,1.8234,0.029,0.329,2.0492,1.5934,-0.8076,2.4751,0.0557,-0.1339,1.1814,0.0712,-0.3635,-0.8308,-1.7726
1.5887,1.7511,0.2778,0.3075,2.1418,1.7266,-0.9384,2.0771,-0.363,0.1204,1.3881,0.113,-0.6781,-1.0974,-1.2724
1.8601,1.6352,-0.2256,0.6498,2.1147,1.3812,-0.7274,2.2705,-0.0838,0.7995,1.6992,-0.3182,-0.8582,-0.7989,-0.5176
1.7645,1.9851,0.075,0.8377,1.5952,1.3582,-0.6285,2.1196,0.1028,1.0054,1.8442,0.1583,-0.6886,-0.7037,0.4121
1.7149,1.7728,0.0787,0.6176,1.2837,1.502,-0.6445,1.663,-0.3094,0.4661,1.9111,0.3645,-0.4092,-0.6167,0.195
1.6812,1.9021,-0.0122,0.8291,0.891,1.5173,-0.5823,1.3316,-0.3943,0.6974,2.1882,0.2696,-0.4789,-0.2206,0.2166
1.6761,2.2603,-0.4891,0.6703,1.0899,1.4668,-0.6254,0.7702,-0.4301,0.6568,2.0291,0.5028,-0.3061,0.2474,0.2434
1.5483,2.2345,-0.8827,0.5616,1.1279,1.4206,-0.7071,0.3621,-0.2364,0.4929,1.8031,0.2802,0.0428,0.373,0.3257
1.626,2.1867,-1.4178,0.8532,0.9745,1.4132,-0.4033,0.0484,-0.3023,0.5626,1.6582,0.3724,0.1141,0.8459,0.0558
1.7537,2.1202,-1.7853,0.8369,1.1617,1.1186,-0.7132,0.0456,0.2258,0.2977,1.4609,0.1628,0.1462,1.1836,0.2487
1.7589,1.8557,-2.1113,0.8228,1.0018,1.4215,-0.9761,0.0058,0.2121,0.8694,0.9908,0.083,0.3818,1.2339,-0.1891
1.8372,1.8145,-2.0363,1.2077,0.6312,1.1625,-1.1457,0.1343,0.647,0.5825,0.8174,-0.5143,0.0756,1.717,-0.4047
1.6939,1.6614,-2.0886,1.1286,0.3022,0.8924,-1.1978,-0.0695,0.6829,0.2162,0.8362,-0.7038,0.029,1.6092,-0.9259
1.9142,1.2774,-2.0353,0.8567,0.4666,1.1683,-1.484,-0.1764,0.717,-0.4138,1.2307,-0.6322,0.1268,1.6509,-1.5987
1.9983,1.8871,-1.9053,1.1009,0.434,1.0182,-1.4377,-0.4262,0.66,-0.0848,1.1759,-0.5878,-0.148,1.4817,-1.4217
2.003,1.7646,-2.2133,1.1278,0.3443,1.4653,-1.5536,-0.4657,0.7137,-0.0849,1.0015,-0.6145,0.23,1.5944,-1.4788
2.1203,1.4941,-2.1713,1.0686,0.4295,1.4018,-1.4862,-0.1608,0.9618,-0.6159,0.7603,-0.9369,0.2774,1.4123,-2.1391
2.0872,1.1801,-2.1906,1.0378,0.2963,1.2331,-1.6588,-0.1419,1.0983,-1.0279,0.4773,-1.0936,0.2281,1.2357,-2.371
2.0962,1.4518,-1.9192,1.3313,0.4392,0.9842,-1.6852,0.1742,1.3006,-1.151,0.5321,-0.9666,0.25,1.2926,-2.4615
2.0258,1.3474,-1.9485,0.958,0.7836,1.2595,-1.6936,0.4058,1.2145,-1.5544,0.6381,-1.2728,-0.1373,0.91,-2.8344
2.0674,1.6655,-1.7444,0.8398,0.9227,1.0873,-1.8207,0.9909,1.5044,-1.1183,0.6812,-0.9602,-0.4503,0.5423,-2.4772
1.9791,1.3074,-0.673,0.6671,1.2315,0.8321,-1.6226,1.3022,1.5371,-1.1467,0.8847,-0.9717,-0.7539,0.0547,-2.8325
1.9779,1.1528,-0.4579,1.0708,1.0805,1.1239,-1.7062,1.737,1.2418,-0.6951,1.5165,-0.777,-0.8013,-0.2393,-2.5636
1.9253,1.7883,-0.1166,0.9256,1.3459,1.1736,-1.6136,1.6192,0.4947,-0.6201,1.4749,-0.485,-0.7888,-0.5737,-2.3296
1.9229,2.2794,0.0583,0.6097,1.8669,0.7447,-1.3356,2.0777,0.3512,-0.3984,1.5253,-0.5058,-0.8552,-0.4103,-2.1264
1.902,2.1237,0.095,0.8313,1.6634,0.7627,-1.4472,2.0661,0.0381,-0.2547,1.8064,-1.1623,-0.9518,-0.8814,-1.8666
1.8922,2.2931,0.2059,0.4606,1.3087,0.8458,-1.4973,2.1034,-0.062,-0.2423,1.6441,-0.2749,-1.2736,-0.8992,-1.421
2.0525,2.4272,0.3107,0.5521,1.6612,0.8291,-1.4441,2.2793,0.0912,-0.5029,1.5689,0.1254,-0.904,-0.9028,-1.3871
1.8998,2.2947,0.6432,0.7404,1.9823,0.3937,-1.1872,2.5653,-0.0331,-0.308,1.8021,0.3625,-1.2395,-1.1331,-1.0661
1.9795,2.2233,0.8555,0.8669,2.0489,0.9023,-1.1623,2.305,-0.3175,-0.4823,2.0832,-0.4981,-1.2131,-1.2863,-1.3178
1.914,2.4326,0.5905,0.8077,2.293,0.8542,-1.1072,2.3161,-0.3367,0.2049,2.3645,-0.2372,-1.3636,-1.2915,-1.2038
1.9655,2.874,0.7585,0.5356,2.4463,0.9754,-1.0001,1.5585,-0.5364,0.6652,2.3527,0.2967,-1.1588,-1.0857,-0.6571
1.8076,2.8512,0.1107,0.5364,2.1508,0.9715,-0.9961,1.6351,-0.4405,0.8274,2.2604,0.5747,-1.0501,-0.707,0.1317
1.5301,3.0397,-0.0017,0.6115,2.1066,1.0624,-0.8527,1.3828,-0.353,1.0218,1.775,0.7992,-0.6394,-0.4464,-0.1838
1.6241,2.5327,-0.5555,0.4021,2.5075,1.5167,-0.6563,1.0917,-0.5898,1.0569,1.2809,0.9876,-0.5217,-0.1734,-0.1096
1.6267,2.1452,-0.7972,0.2973,2.1176,1.4815,-0.8045,0.9774,-0.1338,1.2604,0.8119,0.5419,-0.3363,-0.1354,-0.3329
1.5337,2.0931,-0.6199,0.6314,0.3325,1.6789,-0.5665,1.0252,0.0295,0.4784,1.0179,0.0679,-0.3948,-0.0773,-0.7036
1.5679,1.8697,-0.5612,0.7306,0.4983,1.1411,-1.0943,0.7618,0.3211,-0.6514,1.072,0.3524,-0.4559,0.5882,-1.0441
1.6421,1.8816,-0.3196,0.8208,1.2443,1.313,-1.1999,0.4081,0.0042,-0.3261,1.2106,0.0965,-0.6616,0.9742,-2.0222
1.3418,2.06,-0.6065,1.0078,1.6912,1.2565,-1.3944,0.5487,0.0127,0.0754,1.3852,-0.2156,-0.7305,1.1443,-1.7923
1.4873,1.5406,-0.9442,1.2945,1.982,1.2455,-1.3203,0.2276,0.1108,0.109,1.6604,-0.4754,-0.852,0.8966,-1.5767
1.686,1.8597,-1.0642,1.2029,1.4447,0.7418,-1.3935,0.6495,0.7031,0.3971,1.66,-0.4718,-0.7632,0.6925,-1.2842
1.7599,2.0716,-0.656,1.3628,1.1204,0.7215,-1.5884,0.671,0.5904,0.2594,1.6573,-0.1599,-0.2196,0.0866,-0.9745
1.7015,1.9836,-0.6249,1.181,1.3674,0.8445,-1.2652,0.757,0.5088,0.1929,1.5577,-0.2558,-0.2136,0.2462,-1.0155
1.5856,1.9825,-0.7188,0.673,0.8178,1.015,-1.4202,0.5545,0.2538,-0.3476,1.2426,-0.2246,-0.3096,0.2002,-1.453
1.6242,1.8542,-1.0168,0.5762,0.5996,0.3006,-1.9404,1.0571,0.65,-1.1025,1.0034,-0.28,-0.5622,0.2637,-2.1182
1.4694,1.988,-0.8823,0.7432,1.0728,0.1551,-1.7609,1.4669,1.0098,-1.5203,1.0715,-0.5997,-1.9058,0.3236,-2.348
1.425,1.8874,-0.2338,1.0054,1.5368,0.4915,-1.6106,2.0492,1.0206,-1.2349,1.3866,-0.4466,-1.8004,-0.0741,-2.3748
1.0643,1.747,0.0631,1.211,1.9467,0.2414,-1.4328,2.3521,0.5061,-0.9427,1.6056,-0.3396,-1.9574,-0.4669,-2.1222
1.2013,1.9342,0.2846,0.9107,1.7245,0.3334,-1.3347,2.8437,0.3343,-0.7034,1.6107,-0.0736,-1.7385,-0.942,-1.1966
1.3197,2.2162,0.8179,0.9407,1.7339,2.3236,-1.2223,2.2919,-0.0466,-0.3421,1.9284,-0.0603,-1.5798,-1.1785,-1.2452
1.3871,2.319,0.8078,0.4891,2.1041,1.5949,-1.2151,2.1873,-0.2994,-0.171,1.8713,0.0884,-1.2704,-1.088,-1.3571
1.3694,2.4581,0.5926,0.5154,2.1442,1.3903,-1.1701,2.0415,-0.281,0.0754,1.7756,0.2005,-1.2395,-1.0734,-0.398
1.3699,2.3315,0.2922,0.4572,2.0607,1.4726,-0.8473,1.8849,-0.3818,0.1484,1.5567,0.3685,-1.3087,-0.9521,-0.6527
1.4943,1.99,0.2434,0.3115,1.9589,1.2447,-0.977,1.9817,-0.3348,0.3444,1.4793,0.4478,-1.3494,-0.806,-0.351
1.4483,2.1676,-0.2404,0.7203,2.0096,0.8428,-1.2187,1.8185,-0.3283,0.2878,1.3797,0.2135,-1.562,-0.3375,-1.3038
1.4378,2.5781,-0.2934,0.5114,3.9096,0.2544,-1.3474,2.0418,0.0159,1.1419,1.1173,0.0702,-1.4218,-1.1219,-0.7862
1.4236,2.0238,0.0976,1.1341,2.8021,0.5778,-0.9508,2.6731,0.3047,1.4118,1.3154,-0.364,-1.5469,-1.5992,-0.326
1.2598,1.9377,0.276,0.5195,2.3957,0.931,-0.7647,3.4536,0.38,1.1534,1.5056,-0.7015,-1.7686,-1.6329,-0.4285
1.2522,2.1424,0.9691,0.0235,2.2119,1.1867,-0.7088,3.1342,0.0723,0.7904,1.4977,-0.5373,-1.6137,-1.7377,-0.2674
1.1548,2.1253,1.1068,0.1415,2.2925,1.3518,-0.8451,3.4795,-0.0207,0.2106,1.7285,-0.3572,-1.6991,-1.7616,-0.368
1.3313,2.1992,0.7997,0.2752,1.4498,1.5408,-0.8295,3.3699,-0.2652,-0.2038,1.6222,-0.2399,-1.8339,-1.7973,-0.669
1.4656,2.2882,1.063,0.4668,1.3959,1.5768,-0.9524,3.2664,-0.4551,-0.6616,2.0086,0.2237,-1.9086,-1.1929,-0.6037
1.4281,2.015,1.0753,0.4119,2.289,1.5569,-1.0854,2.8527,-0.6582,-0.2082,1.7938,0.2452,-2.1576,-0.7156,-1.0419
1.4942,2.4399,1.1946,0.4533,2.4417,1.0557,-0.93,2.9355,-0.6393,0.5027,1.8367,0.3583,-1.7449,-0.5036,-0.7609
1.3591,2.2344,1.0686,0.7443,2.6503,1.0895,-0.9202,2.5258,-0.7715,0.7239,2.1886,0.4714,-1.9709,-0.6763,-0.6865
1.4056,2.0644,0.4797,0.6207,2.269,1.1677,-0.9024,2.2557,-1.0524,1.0943,1.9733,0.8367,-2.2452,-0.6664,-0.203
1.386,2.2741,0.4385,0.5385,2.1303,1.4718,-0.9776,2.1806,-0.6442,0.9663,1.8972,1.5317,-1.9393,-0.2739,-0.016
1.3361,2.2309,0.2596,0.571,1.9507,1.3361,-0.9969,1.8013,-0.89,0.8294,1.7734,0.985,-1.5333,-0.1599,-0.0698
0.9104,2.2505,0.015,0.8344,2.0512,1.3421,-1.0491,1.4207,-0.869,1.215,1.8217,0.4563,-1.6503,0.3695,0.1481
1.0265,1.9505,-0.5923,1.3802,1.9226,1.1658,-1.2843,1.1783,-0.5915,0.9361,2.0568,0.2259,-1.2862,0.6471,-0.3705
1.225,1.8034,-0.6021,1.1877,1.6603,0.9496,-1.233,0.5864,-0.8893,1.0536,1.7735,0.2358,-1.1364,0.8171,-0.5138
1.1997,2.2929,-0.8002,0.9888,1.7201,1.0381,-0.7142,0.2858,-0.385,1.0062,1.7361,0.5644,-1.0024,1.082,-0.2645
1.2416,2.4577,-1.216,1.0128,1.7914,0.9423,-1.0352,0.1393,-0.2232,1.1918,1.4143,0.2567,0.1431,1.1466,-0.3324
1.2069,1.988,-1.2338,0.9717,1.6628,1.1361,-1.0578,-0.4005,-0.0556,0.9383,1.0485,0.6006,0.1097,1.3624,-0.1709
1.1558,2.152,-1.7347,1.0315,1.8991,1.2269,-1.2682,-0.6327,0.0744,1.5809,0.8606,-0.4385,-0.1328,1.9821,-0.2647
1.2247,2.1894,-1.9797,1.1227,1.5984,1.356,-1.1615,-0.7546,0.6188,1.5009,0.8348,-0.5995,-0.3161,2.1854,-0.141
1.2094,1.9145,-2.2525,0.96,1.4165,1.2946,-1.2952,-0.5437,0.7826,1.6534,0.5446,-1.0671,-0.4399,2.2535,-0.3484
1.2274,1.4379,-2.0138,1.5855,1.1485,0.8378,-1.3242,-0.4555,1.1485,0.6301,0.5148,-1.2048,-0.6816,2.0888,-0.6477
1.2346,1.343,-1.5491,1.6677,1.1439,1.0368,-1.64,-0.2965,1.0499,0.5911,0.7805,-1.3898,-0.8216,1.8851,-0.7787
1.2415,1.4195,-1.7269,1.6553,1.0284,0.8738,-1.7212,-0.1999,0.8049,0.6741,0.8644,-1.4901,-0.7906,1.8827,-1.0352
1.1057,1.7774,-1.7251,0.9631,0.5665,0.9259,-1.6469,-0.0086,0.7971,0.128,0.4414,-1.6747,-1.0816,1.7525,-1.7873
1.1714,1.538,-1.6379,0.9684,0.624,0.8359,-1.9333,0.539,1.4148,-0.6611,0.5282,-1.5486,-1.2754,1.757,-2.256
1.1816,1.6403,-1.5449,1.053,1.0491,0.7757,-1.8584,0.5949,1.3437,-0.9571,0.4721,-1.5767,-1.3235,1.1391,-2.811
1.1427,1.6082,-1.062,0.7013,0.8344,1.0826,-1.8357,0.953,1.2705,-0.8414,0.4688,-1.4037,-1.5639,0.4336,-3.3999
1.4859,1.7611,-0.5624,0.6376,1.2384,0.6145,-2.0906,1.8241,1.3671,-1.1276,0.5175,-0.6726,-1.7179,0.2444,-3.3915
1.4642,1.9834,-0.2266,0.5616,1.4845,0.4644,-2.1536,2.1395,1.0579,-1.0197,0.4342,-0.7241,-1.8531,-0.2025,-3.4507
1.3652,2.0594,0.4106,0.8205,1.426,0.4014,-2.0771,2.4988,0.7967,-1.2339,1.0676,-0.9439,-1.9565,-0.5359,-3.3424
1.3264,2.2828,0.6075,0.8965,1.7076,0.4947,-1.7488,2.7188,0.1772,-1.0669,1.4371,-0.9616,-2.5771,-0.9078,-3.0998
1.3601,2.4334,0.9856,0.9447,2.1951,0.65,-1.5862,3.1258,0.1086,-0.296,1.8881,0.0908,-2.7935,-1.278,-2.3737
1.5015,2.1389,1.0696,0.535,1.6672,0.3907,-1.5959,3.494,-0.1303,-0.2246,1.9209,0.1077,-2.7264,-1.4222,-2.01
1.4396,2.499,1.508,0.7625,1.9887,0.54,-1.4474,3.5074,-0.398,-0.2022,1.9861,0.2941,-2.452,-1.4317,-1.142
1.3772,2.6165,1.6896,0.773,2.2952,0.3888,-1.5714,3.5872,-0.5678,-0.4672,2.2378,0.1157,-2.4648,-1.3367,-0.5094
1.1362,2.9999,2.1613,0.888,2.3453,0.7777,-1.4226,3.3581,-0.9863,0.2167,2.476,0.404,-2.4863,-1.2262,-0.8812
1.4069,3.0111,1.9856,0.6092,2.4861,0.8936,-1.0245,3.1541,-1.3624,0.2913,2.2163,0.4206,-2.4172,-1.4582,-0.3913
1.1898,2.7225,1.5418,0.8963,2.7595,0.9263,-0.9287,3.078,-1.4689,0.7359,2.3124,0.4672,-2.0913,-1.0665,0.2131
1.2195,2.8641,1.3645,0.7019,3.4021,1.2002,-1.3968,2.5499,-1.639,1.7629,2.4396,0.4846,-1.7585,0.1122,0.6355
1.2262,2.5988,0.6545,0.4364,3.1599,2.0363,-1.2692,1.3753,-1.8645,2.266,2.0162,0.6396,-1.4842,0.3746,0.5921
1.2065,2.5678,-0.2544,0.3932,2.3974,1.6135,-0.8284,0.7741,-1.6016,2.543,1.5529,0.3675,-1.1681,0.9811,1.0894
1.4065,2.4578,-0.9448,-0.0992,1.7496,1.4868,-0.923,0.2063,-1.0719,2.2778,0.805,0.2869,-1.2437,1.6684,1.3244
1.404,2.0056,-1.4435,0.5413,1.5629,1.4503,-0.8677,0.0552,-0.1665,1.4208,0.6049,-0.0294,-1.0617,2.1935,0.7211
1.4227,1.7186,-1.7252,0.6321,1.1775,1.5523,-1.0546,-0.2959,0.0295,0.7404,0.5165,-0.512,-0.9002,2.178,-0.1823
1.2914,2.2946,-2.1754,0.631,1.1275,1.5821,-1.0735,-0.3636,0.4134,0.3369,0.2827,-0.8184,-0.6399,2.3256,-0.7174
1.4238,1.7889,-2.3055,0.8581,0.6393,1.5621,-1.3812,-0.3901,0.7173,-0.2655,0.0708,-1.1093,-0.4282,2.2264,-1.158
1.4751,1.5015,-2.2069,1.1351,0.053,1.4229,-1.6946,-0.5707,0.7751,-0.9882,0.0585,-1.3467,-0.679,2.6579,-2.1926
1.8965,1.8533,-2.3936,0.9951,0.8227,0.9752,-1.8093,-0.3613,0.8748,-0.9201,-0.168,-1.2136,-0.8911,2.7442,-2.4974
1.793,1.9682,-2.4822,0.9978,1.4279,0.7034,-1.8563,-0.1761,1.0577,-0.8307,0.014,-1.5373,-1.0883,2.5619,-3.0345
1.6193,2.0778,-1.7858,1.3209,1.3522,0.7176,-1.9074,0.7192,1.6769,-0.6085,0.1653,-1.9195,-1.4945,2.0478,-2.9614
1.6066,1.3411,-1.1457,1.8666,1.3235,1.0424,-2.0209,0.6712,1.2241,-1.0939,0.7021,-1.7711,-1.7324,1.3071,-3.2398
1.5934,1.8223,-0.2713,1.3618,1.6857,1.0149,-1.6284,0.9825,0.8914,-0.4444,0.8464,-1.2332,-1.6675,0.9596,-2.8536
1.6812,2.2866,-0.413,1.0576,1.7822,0.7742,-1.3166,1.479,0.495,-0.4397,0.8365,-1.1295,-1.8399,0.5357,-2.1999
1.7766,1.7247,0.0377,0.9304,1.8698,0.5349,-1.518,2.0806,0.6754,-0.4836,0.9812,-1.3204,-2.0282,0.4039,-2.0435
1.6637,2.0748,0.4783,1.2373,2.0085,0.5514,-1.8047,2.5229,0.4173,0.0195,1.332,-1.3617,-2.1421,0.1268,-1.6667
1.6731,2.3956,0.5629,0.8977,1.8624,0.5025,-1.6971,2.5524,-0.0073,0.0355,1.4384,-1.3411,-2.6933,-0.2154,-1.5854
1.4127,2.368,0.8315,1.2744,2.2355,0.7413,-1.4893,2.7112,-0.3014,0.3119,1.8104,-0.805,-2.7347,0.0897,-1.3395
1.5433,2.8303,0.8527,1.3679,2.3141,0.7175,-1.2414,2.5545,-0.544,0.5176,1.9874,-0.6615,-2.6327,-0.1862,-1.1551
1.3844,2.9284,1.3891,1.2249,1.9086,0.9332,-1.2687,2.437,-0.691,0.3665,2.0218,-0.4821,-2.4601,-0.2529,-0.8616
1.3305,2.6118,1.0369,1.2951,2.3661,0.8415,-1.3196,2.3599,-0.9251,-0.0664,2.0669,-0.1886,-2.4101,-0.1137,-1.0881
1.3412,2.698,0.4122,1.0243,2.7439,1.0218,-1.1835,2.138,-1.0221,0.9939,1.8787,0.3752,-2.4142,-0.1124,-0.4446
1.2597,2.7921,0.2426,1.1497,2.2464,1.1254,-1.038,1.9682,-0.9591,1.4305,1.7052,0.2642,-2.1238,0.2804,-0.1648
1.3504,2.701,0.0606,1.569,2.0927,0.842,-0.9234,2.0094,-0.4936,1.0541,1.5541,0.1005,-1.9601,0.6454,0.0793
1.3213,2.5496,-0.0531,1.3017,2.1655,1.0878,-1.1464,1.6753,-0.4926,0.9834,2.1316,0.1451,-1.6455,0.3588,0.1358
1.3465,2.5176,-0.002,0.9874,1.9147,1.2822,-1.1765,1.4978,-0.5285,1.1889,1.702,0.1162,-1.5946,0.6228,0.2995
1.4169,2.3149,-0.3668,0.9695,1.9581,1.2405,-1.393,1.266,-0.2928,1.0811,1.4366,0.2576,-1.5786,1.4353,0.4675
1.4521,2.3307,-0.5411,1.1816,1.7303,1.0391,-1.5808,0.9685,-0.1181,1.0925,1.0714,0.0374,-1.7696,1.4595,-0.0825
1.3343,1.9553,-0.6592,0.6484,1.4114,0.8912,-1.6413,1.4038,0.2862,0.8612,0.7565,-0.4797,-1.6292,1.7714,-0.2609
1.4022,1.6499,-0.538,1.084,1.4652,0.8005,-1.8542,1.2854,0.5297,0.0151,0.5841,-1.0499,-1.7168,1.7532,-0.8976
1.3502,1.4563,-0.3306,1.2221,1.7491,0.8468,-1.9089,1.2965,0.5785,-0.0442,0.9119,-1.7242,-1.7385,1.7136,-1.3445
1.4259,1.316,-0.0665,1.7052,1.4938,0.6491,-1.6976,1.3504,0.4745,0.1837,1.4454,-1.3079,-1.5609,1.4636,-1.2519
1.6011,1.8917,-0.2051,1.6483,1.8309,0.9363,-1.8029,1.1546,0.2049,0.8727,1.541,-0.3056,-1.6239,1.4595,-0.4971
1.2521,2.0663,-0.4566,1.4814,1.8673,1.2159,-1.6592,0.7245,-0.3098,0.9533,1.096,-0.7426,-1.6046,1.3313,-0.3261
1.3566,1.9235,-0.798,1.2337,1.6133,1.3417,-1.5429,0.8847,-1.0165,1.3684,1.0455,-1.2155,-1.7105,1.9917,-0.2702
1.4354,2.2332,-0.9913,0.81,1.1566,0.8671,-1.8266,0.9822,0.1103,0.1948,0.5346,-1.2731,-1.6294,2.1308,-0.6035
1.421,1.6693,-0.8858,1.0653,1.0866,0.9324,-1.8895,0.8775,0.5597,-0.2717,0.3391,-0.9101,-1.7426,2.3001,-0.6279
1.3434,1.7294,-1.1877,1.4077,0.3642,0.844,-1.8602,0.8891,0.4479,-0.5603,0.427,-1.6986,-1.6999,2.4948,-1.5253
1.4562,1.6549,-1.2815,1.4259,1.0921,1.1022,-1.9633,0.5608,0.81,-0.9567,0.1242,-1.9298,-1.5224,2.4002,-2.3087
1.4671,1.5951,-0.9601,1.5798,1.4723,1.0087,-1.9632,0.7729,1.0975,-0.5794,0.3777,-2.3739,-1.5898,2.1173,-2.5065
1.5894,1.7757,-0.6824,1.9472,1.2378,1.0052,-1.9533,0.9545,1.1711,-0.112,0.7217,-2.4029,-1.9653,1.9669,-2.2963
1.4861,1.4903,-0.5458,1.3544,1.2404,0.7008,-2.0062,1.2497,0.9598,-0.275,0.8566,-2.3145,-2.0498,1.7809,-2.1208
1.4821,1.8043,-0.3364,2.3992,1.2366,0.7176,-2.1452,1.4034,1.0012,-0.474,1.0707,-1.6079,-1.8067,1.7085,-2.668
1.4964,1.9757,-0.3686,2.4382,1.6856,0.6448,-2.0798,1.4399,0.6551,-0.6154,1.465,-1.6054,-1.9816,1.0382,-2.1703
1.4602,2.4029,-0.0989,1.7933,1.8373,0.7646,-1.7301,1.6498,0.6021,-0.1059,1.2423,-1.1673,-1.9124,0.8885,-1.754
1.3886,2.1437,-0.2311,1.8771,1.8875,0.9496,-1.6794,1.7351,0.6192,-0.1312,1.2168,-0.6693,-2.2292,0.5847,-1.2233
1.7057,2.4323,-0.1556,1.7563,1.5393,0.8074,-1.4113,2.1349,0.5146,0.0012,1.081,-0.8496,-2.3715,0.6156,-0.9065
1.6384,2.4155,0.2051,1.7223,1.5509,0.8725,-1.282,2.5966,0.8185,-0.0004,1.0076,-0.8471,-2.2456,0.5157,-1.1783
1.5444,2.5153,0.5436,2.0824,1.5097,0.8671,-1.4165,2.6684,0.5817,-0.1068,1.354,-1.2435,-2.301,0.1974,-1.1448
1.4215,2.1025,0.8273,2.1955,1.3994,1.1446,-1.4724,2.7251,0.1863,-0.3615,1.7036,-0.7805,-2.123,0.5655,-1.0768
1.3774,2.1676,0.7539,1.8228,1.4107,1.5276,-1.599,2.305,-0.2114,-0.3521,1.9008,-0.7334,-1.8406,0.6417,-0.8737
1.4789,2.7896,0.98,1.3451,1.7885,1.5439,-1.8276,1.8639,-0.4291,0.0931,1.5549,-0.8721,-1.8856,1.0024,-0.8682
1.576,2.4144,0.3345,1.5732,1.8977,1.5827,-1.8311,1.6275,-0.383,-0.0698,1.1561,-0.9432,-1.5235,0.9609,-1.0491
1.6079,2.4513,0.0914,1.6421,1.5846,1.2703,-1.6735,1.6314,-0.1517,0.2898,1.1319,-1.2146,-1.5492,1.3673,-1.1078
1.3589,2.5452,-0.2224,1.6127,1.3587,1.0653,-1.7666,1.8588,0.3294,0.1995,1.1051,-1.213,-1.5931,1.6207,-1.1272
1.0791,2.3695,-0.2282,1.7783,1.1544,1.0793,-1.8499,1.7241,0.5733,-0.3633,0.9269,-1.3354,-1.6476,1.3247,-1.578
1.3834,2.0389,-0.3074,1.2303,1.5222,1.3488,-1.9628,1.844,0.8809,-0.9026,0.4253,-1.4316,-1.6198,1.4794,-1.5553
1.6099,2.8599,-0.0779,0.9587,1.2389,1.5224,-1.8865,1.6472,1.049,-0.5598,0.3086,-1.06,-1.5179,1.425,-1.8724
1.6652,2.428,-0.0454,1.1365,1.691,0.9246,-1.9772,2.1301,1.2709,-0.448,0.3554,-1.2943,-1.6797,1.4145,-1.7833
1.5631,2.0938,-0.045,1.3652,1.6691,0.6209,-1.9017,2.4488,1.098,-0.4055,0.3219,-0.8663,-1.7586,1.5499,-1.7079
1.5397,2.2984,0.6208,1.2195,1.4788,0.7921,-1.6254,2.4319,1.0168,-0.0944,0.3625,-1.5366,-1.6699,1.2834,-1.4927
1.4715,2.1469,0.5557,1.677,1.2661,0.8771,-1.8319,2.4655,0.9668,-0.1492,0.6682,-1.3758,-1.5445,1.1641,-1.3196
1.7309,2.1383,0.6319,1.4238,1.4087,0.5387,-1.8163,2.4724,0.8695,-0.1214,0.8468,-1.229,-1.686,1.2548,-1.016
1.7385,2.6094,0.8441,1.9565,1.7034,0.4604,-1.9354,2.5992,1.0266,0.1807,1.3385,-1.2718,-1.7813,1.3309,-0.7045
1.6037,2.811,0.7346,1.4227,1.8128,0.601,-1.9484,2.0522,0.763,0.1936,1.2271,-1.0581,-1.8547,1.3917,-0.7929
1.4567,2.6725,0.0715,2.0472,1.6381,0.7064,-1.8814,2.1488,1.2405,-0.2793,1.2893,-1.3334,-1.1293,1.1321,-0.4125
1.1812,2.7541,-0.4024,1.7986,1.7201,0.6136,-2.1099,1.8142,0.9279,-0.4621,1.1209,-1.2242,-1.4305,0.8337,-0.835
1.4915,2.3455,-0.372,1.871,1.5814,0.7375,-1.8136,2.008,1.2673,-0.5474,0.8365,-1.1308,-1.7912,1.0478,-1.1616
1.6118,2.1764,0.2808,1.6732,1.4145,0.935,-1.8137,2.2781,1.3868,-0.3621,1.1404,-0.7931,-1.8064,0.9331,-2.0898
1.727,2.343,0.419,1.5486,1.2208,0.8865,-1.7754,2.3011,0.8016,-0.6677,1.1684,-0.5667,-1.52,0.7469,-1.6833
1.7688,2.1938,0.0576,1.9006,1.2658,0.3234,-1.8781,2.5611,0.6222,-0.6397,1.2808,-0.6516,-1.6858,0.8143,-1.6271
1.7906,2.892,0.1719,1.8699,1.5835,0.3274,-1.9373,2.746,0.5663,-0.6692,1.7297,-0.7643,-2.0765,0.4436,-1.5586
1.732,3.0294,0.2582,1.4797,2.0144,0.3707,-1.8871,2.8843,0.834,-0.4837,1.2639,-0.5279,-1.5117,0.2454,-1.7594
1.7138,2.8958,0.7959,1.2325,1.7057,0.2347,-1.8057,3.0703,1.0074,-0.6926,1.2935,-0.6139,-1.7607,-0.0888,-1.5435
1.8714,2.8053,1.066,1.6083,1.8299,0.5489,-1.8893,3.1934,0.5874,-0.749,1.3311,-0.5487,-2.0607,-0.1447,-1.4024
1.8021,2.8621,1.0383,1.8578,1.5648,0.569,-1.5431,3.2947,0.4018,-0.4248,1.5642,-0.7607,-1.9502,-0.336,-1.1783
1.752,2.5587,1.0426,1.5738,1.6141,0.6182,-1.7216,3.0337,0.2869,-0.5229,1.7173,-0.9758,-1.9041,-0.2181,-0.9138
1.5358,2.7455,0.9242,1.4583,2.2477,0.8771,-2.173,3.0214,0.5631,0.04,1.6831,-0.666,-2.0549,0.2803,-0.8263
1.5497,3.0149,0.5008,0.8799,2.0673,0.8443,-1.8831,2.4604,-0.0575,0.477,1.1782,-0.555,-2.0622,-0.0049,-0.4838
1.7217,2.6898,0.6537,1.0124,1.902,0.8479,-1.7116,2.7177,0.9548,0.3866,0.9819,-0.759,-2.2302,0.5305,-0.4768
1.6659,2.7242,0.9366,1.1941,1.717,0.695,-1.7445,2.8015,0.853,0.2504,0.9999,-0.9598,-2.1997,0.6278,-0.6256
1.437,2.5968,0.7708,1.3756,1.6781,0.8866,-1.9565,2.7383,0.5219,0.0243,1.1179,-0.8938,-2.1706,0.2339,-0.8314
1.626,2.5967,1.0905,1.1384,1.8962,0.9154,-1.9319,2.9789,0.4004,0.158,0.9809,-0.6501,-2.3629,0.4928,-0.6132
1.5654,2.6762,0.8148,1.3475,2.3407,0.6454,-1.6382,3.2958,0.4758,0.2844,1.2509,-0.8002,-2.5937,0.8672,-0.7241
1.4911,3.2336,0.5068,1.3793,2.2504,0.7005,-1.7713,3.062,0.3557,0.2173,1.2426,-0.714,-2.6018,0.6035,-0.4187
1.595,3.0408,1.0453,1.4649,1.8546,0.5252,-1.8408,2.889,0.5243,0.3,1.4439,-0.7526,-2.5222,0.4257,-0.3678
1.598,3.2649,0.9766,0.9786,1.4725,0.6478,-1.9448,2.7567,0.4555,-0.1468,1.0275,-0.8408,-2.2783,0.546,-0.0907
1.6055,3.1563,0.7831,1.3314,1.4931,0.5461,-2.0445,2.7691,0.5584,-1.6439,0.7771,-0.915,-2.0726,0.1065,-1.1048
1.4288,3.6932,0.6942,1.2503,1.498,0.8795,-2.1755,2.6717,0.4064,-1.1715,0.7764,-0.856,-2.2541,0.3482,-0.896
1.7722,3.166,0.7843,1.3626,1.5356,0.7822,-1.9838,2.6034,0.4676,-1.5368,0.5347,-0.7945,-2.274,0.5074,-1.579
1.7763,2.9729,0.7127,1.9787,1.6636,0.6832,-1.8588,2.7887,0.7496,-1.0498,0.9331,-1.5667,-2.2519,0.8905,-1.2839
2.0055,2.9024,0.8921,1.9644,1.599,0.6185,-1.979,2.6527,0.6649,-0.8,1.1427,-1.7756,-2.0474,0.5272,-1.2664
1.8986,2.9213,0.9699,1.7081,1.5636,0.9016,-1.6719,2.6824,0.6475,-0.5392,1.3178,-0.9102,-2.2486,0.6599,-0.9823
2.0643,3.0276,1.0168,1.7983,1.2906,0.6591,-1.753,3.1339,0.7937,-0.6824,1.3391,-0.7616,-2.2742,0.7584,-0.8333
1.7838,3.2328,1.2123,1.5571,1.3343,0.8454,-1.9101,2.6643,0.3089,-0.8938,1.2935,-0.6994,-2.353,0.6944,-0.8866
1.8533,3.0419,0.5488,1.37,1.4572,0.8931,-2.2025,2.2401,0.0406,-0.8571,0.9647,-0.8219,-2.4479,1.0103,-0.9781
1.9342,2.7707,0.4027,1.7935,1.2319,0.7481,-2.0934,2.2982,0.5847,-1.3331,0.8807,-0.7776,-2.1157,1.3882,-1.7325
1.911,2.5645,0.4717,1.9551,1.7366,0.7998,-2.2204,2.2567,0.4917,-0.9204,1.1462,-0.4494,-2.1885,1.6205,-1.4359
2.0399,3.0165,0.4756,1.8133,1.1971,0.5536,-2.3299,2.3662,0.7009,-0.5806,0.9016,-0.9729,-2.3544,1.3354,-1.446
1.8127,2.7324,0.3844,2.279,1.1705,0.7786,-2.2365,2.2662,0.5899,-1.24,1.2241,-0.9927,-2.6755,1.293,-1.7433
1.9109,2.6998,0.6086,2.5586,1.8352,1.2036,-2.1163,2.3889,0.7316,-1.0941,1.9507,-1.1669,-2.6591,1.2535,-0.8293
1.7844,2.8265,0.4813,2.2882,1.4514,0.9894,-1.9296,1.6211,0.3689,-0.692,1.6451,-1.0561,-2.1927,0.7478,-1.2166
1.9146,2.8166,-0.0271,2.2714,1.5259,0.8419,-1.8097,1.7041,0.3401,-0.5667,1.5097,-1.0545,-2.1596,1.2615,-1.1396
1.8858,2.4289,-0.118,2.2331,1.5695,0.9669,-1.9535,1.7197,0.66,0.1155,1.3763,-1.0812,-2.0439,1.5927,-0.6542
1.7843,2.7555,-0.2889,2.3579,1.235,0.8188,-1.9793,1.6394,1.087,-0.0237,1.4021,-0.673,-2.0062,1.9129,-0.8966
1.8775,2.6396,-0.3894,2.2523,0.7294,0.4757,-1.9622,1.5997,1.054,-0.5409,0.9848,-0.8064,-1.9731,1.9952,-1.3341
1.7805,2.6593,-0.3897,2.1592,0.8883,0.7134,-2.1305,1.6716,1.2693,-0.7982,0.6601,-1.0504,-2.0848,2.4187,-1.6912
1.8346,2.1708,-0.4515,2.3442,1.4484,0.7032,-2.2218,1.5313,1.3767,-0.9051,0.7116,-1.3434,-2.1241,2.4465,-1.6583
1.7923,2.4851,-0.3998,1.9207,1.3769,0.5023,-2.1988,1.4142,1.3227,-0.925,0.2944,-2.0466,-2.0038,2.3067,-1.7645
1.6963,2.9756,-0.4359,1.8801,1.217,0.7482,-2.0565,1.4696,1.6224,-0.9122,0.0721,-2.1647,-1.7987,2.0827,-1.8691
2.1284,2.2398,0.0233,2.8362,0.7941,0.7611,-1.8365,1.9745,1.9079,-1.3314,0.6252,-1.8978,-2.004,1.6207,-2.4508
1.6973,2.6781,0.5024,2.5742,1.1667,0.8308,-2.1275,1.9875,1.2966,-1.1149,0.8372,-1.8496,-1.9981,1.5559,-2.6856
1.5478,2.5489,0.4877,2.4798,1.8583,1.2668,-2.1305,1.8702,0.7839,-1.1626,1.0583,-1.9219,-2.144,1.3552,-2.0411
1.6681,2.8401,0.6721,1.9964,1.7495,0.9254,-2.2069,2.1589,0.8895,-0.3981,0.7953,-1.3783,-2.4181,1.3862,-1.5361
1.7698,2.6677,0.4011,2.3323,2.0581,0.9321,-1.9818,2.3768,0.9431,-0.4744,0.7705,-1.1519,-2.4415,1.3325,-1.9035
1.8905,2.5752,0.3506,2.3745,2.0945,0.5935,-1.668,2.597,1.239,0.2057,0.745,-1.226,-2.5073,1.3268,-1.2638
1.7322,2.8406,0.5952,2.1324,1.6399,0.4855,-2.2928,2.7217,1.2549,0.2511,0.8267,-1.3601,-2.5179,1.0763,-0.9211
1.6351,2.7526,1.1099,2.2561,1.7954,0.6701,-2.3536,2.9407,0.9116,-0.192,0.8534,-0.8616,-2.6726,1.305,-1.1746
1.5714,2.8991,0.9627,2.245,2.0667,0.8184,-2.0897,2.7685,0.626,-0.3343,0.9445,-0.8982,-2.6833,1.1061,-1.1168
1.6343,2.7188,0.5963,2.1229,2.1682,0.7979,-1.9386,2.8529,0.7817,-0.1982,0.8934,-1.0952,-2.662,0.903,-0.9171
1.8629,3.0788,0.642,2.0218,2.1668,0.7098,-1.4888,3.1305,1.1158,0.4091,0.7111,-0.8565,-2.6304,1.4265,-0.7265
1.852,2.9014,0.9742,2.0076,1.7869,0.6803,-1.3136,2.8779,0.855,0.1998,0.9653,-0.5272,-2.3841,1.132,0.1856
1.9475,2.7982,0.5816,2.2444,1.0567,0.7071,-1.3095,2.8041,0.8676,-0.0758,1.0169,-0.1142,-2.1975,1.2922,-0.05
2.0177,2.7106,0.7717,2.0267,1.5644,0.799,-1.5149,2.6441,0.8124,-0.3442,0.7376,-0.4214,-2.1361,1.6582,-0.2303
1.9794,2.161,0.5836,2.1379,1.3227,0.5755,-1.5863,2.6538,0.8125,-0.2981,0.8465,-0.7678,-2.1861,1.6265,-0.3671
1.7247,2.3602,0.3777,2.5271,1.5662,0.7228,-1.471,2.4291,0.8765,0.1433,1.0073,-0.9066,-2.3602,1.8075,0.1548
1.8718,2.5026,0.0592,2.407,1.769,0.9954,-1.7276,1.9921,0.5575,0.1047,0.6604,-0.782,-2.0851,1.899,-0.4037
1.9181,2.2884,-0.4847,2.6119,1.2514,1.0618,-1.7073,1.7457,0.9834,-0.0179,0.2709,-1.1628,-2.0684,2.1683,-0.504
2.0029,2.1768,-0.6244,2.8792,-0.1091,0.6157,-1.738,1.8592,1.4072,-0.9313,0.1421,-1.2633,-2.3553,2.5061,-1.0135
2.0231,2.0775,-0.5461,3.0887,1.0817,0.9336,-1.9077,2.0198,1.6924,-1.4391,0.154,-1.5496,-2.452,2.4211,-1.4187
1.8937,2.4107,-0.3005,2.8604,1.0174,0.7259,-1.7407,1.9518,1.8838,-1.1387,0.2583,-1.4604,-2.4581,2.0734,-1.416
1.9133,2.2485,-0.4188,2.88,1.4445,0.87,-1.8438,2.0828,1.5119,-1.0957,0.0349,-1.8053,-2.2129,1.5426,-1.6481
1.8998,2.3637,-0.271,2.7607,1.7616,0.7806,-1.8876,2.2318,1.62,-0.6045,0.0473,-1.6694,-2.5173,1.7685,-1.5717
1.7212,2.2102,-0.1931,2.671,1.8366,0.7078,-2.0501,2.1858,1.6579,-0.4926,0.0149,-1.6656,-2.2521,1.4569,-1.5382
1.8399,1.8795,-0.0801,2.8631,1.487,0.833,-1.8284,2.3778,1.6364,-0.3074,0.3186,-1.4648,-2.5111,1.5454,-1.3946
1.7828,2.5018,0.1606,2.7029,1.9729,0.9062,-1.8973,2.4692,1.288,-0.0455,0.3348,-1.4666,-2.403,1.6403,-0.9891
1.6584,2.5586,-0.0243,2.4916,1.5632,0.7893,-1.9506,2.3791,1.3365,-0.4385,0.2596,-1.2763,-2.569,1.3546,-1.439
1.5676,2.8496,-0.0413,2.4802,1.8496,1.0706,-2.1277,2.5846,1.4874,-0.5436,0.3217,-1.1779,-2.5387,1.2052,-1.2216
1.4242,2.9558,0.0039,2.5812,1.7658,1.0145,-2.1083,2.7234,1.0955,-0.8433,0.3276,-1.3906,-2.1262,0.8121,-1.8449
1.4266,2.6029,-0.1294,2.6908,1.8842,0.6128,-2.1398,2.9732,1.1286,-0.9671,0.5452,-1.4054,-2.3824,0.7754,-1.7536
1.6535,2.6614,0.2201,2.8821,2.071,0.5223,-2.1067,3.039,1.2554,-0.8318,0.6404,-1.5755,-2.4678,0.8568,-1.5538
1.8352,2.4285,0.5941,3.1272,2.2381,0.4522,-2.0517,3.4902,1.2302,-0.374,1.0202,-1.7091,-2.6327,0.2509,-1.2616
1.6445,2.3884,0.0139,2.8141,1.8806,0.2916,-2.0211,3.5733,0.7578,-0.0193,0.8723,-1.7029,-2.6496,0.0361,-0.6987
1.5306,2.5681,0.3956,3.1305,1.7743,0.6293,-2.0243,3.8156,1.1628,0.1623,1.1036,-1.4989,-2.6107,0.5114,-0.5894
1.6275,2.7167,0.6545,2.9254,1.1229,0.7577,-1.8524,3.6048,1.1652,-0.3859,1.0878,-1.021,-2.663,0.1861,-0.4924
1.7334,2.3966,0.7421,2.4866,1.55,0.6681,-1.6224,3.7299,0.8858,-1.0189,1.1091,-0.7425,-2.9752,0.4044,-1.3103
1.5658,2.5779,0.8527,2.3437,1.8164,0.8244,-1.736,3.5644,0.7451,-0.6004,1.1161,-0.8273,-2.8796,0.4031,-1.0864
1.6168,2.9192,0.8705,2.591,2.1696,0.884,-1.6182,3.3898,0.8144,-0.2295,1.4808,-0.7674,-2.7284,0.5332,-0.7008
1.6378,2.6654,0.8238,2.4238,2.2277,0.8429,-1.7636,3.3095,0.4623,0.1321,1.4397,-1.3239,-2.7034,0.8186,-0.248
1.6047,3.2435,0.7289,1.7236,2.1016,1.3458,-1.7697,2.7322,0.4264,0.3966,0.9675,-0.8712,-2.6078,0.877,-0.1232
1.6924,2.9745,0.3833,2.0171,1.7853,1.5047,-1.71,2.5608,0.3112,0.2498,0.6374,-0.8873,-2.4601,1.071,-0.3796
1.647,2.3698,0.1675,2.3038,1.489,1.2575,-1.5585,2.7149,0.7759,0.0417,0.7776,-0.8871,-2.2754,1.5241,-0.5969
1.5452,2.5616,0.015,2.2843,1.8128,1.0473,-1.6713,2.3619,0.6069,0.1143,0.5539,-1.6937,-1.7843,1.8309,-0.7241
1.5104,2.448,-0.2589,2.3407,1.9131,1.0615,-1.7198,2.0619,0.8189,0.1678,0.1473,-1.3202,-1.7594,2.1046,-0.6664
1.6027,2.1694,-0.6346,2.4732,1.7064,1.1819,-1.6709,1.822,1.169,0.1164,-0.0463,-1.0262,-1.6468,1.9819,-0.9021
1.5542,2.2848,-0.4796,2.5862,2.0183,0.947,-1.5811,1.826,0.9353,0.4167,0.1078,-0.9031,-1.6489,2.0778,-0.7682
1.5385,1.7441,-0.5275,2.5076,1.9732,0.8969,-1.5937,1.762,1.0429,0.5281,0.1749,-1.1477,-1.5802,1.9395,-0.4687
1.436,1.8029,-0.8957,2.2673,2.2458,0.5411,-1.8416,1.9814,1.238,1.1301,-0.0058,-1.4866,-1.7455,2.3961,-0.516
1.3547,1.7768,-0.8121,2.3386,1.9782,0.7963,-1.7699,2.4029,1.5522,0.9706,-0.0982,-1.7376,-1.943,2.2154,-0.8858
1.5036,1.7419,-0.5115,2.6756,1.9054,0.991,-1.8223,2.0906,1.5508,0.7375,0.3228,-1.6963,-2.0448,1.7124,-0.2791
1.4682,1.6145,0.1223,2.5129,1.743,0.9073,-1.7764,2.2427,1.21,0.7549,0.5139,-1.8054,-2.0605,1.7908,0.4028
1.4869,2.0415,-0.0329,2.5485,1.585,0.798,-1.9005,2.0421,0.8598,0.8402,0.9216,-1.662,-2.1478,1.8836,0.2319
1.4984,2.0306,-0.686,2.6004,1.5916,1.1548,-2.1105,1.8674,1.0263,0.6218,0.5709,-1.4147,-2.1662,1.8596,0.1674
1.489,1.8711,-0.9296,2.6928,1.2082,0.8911,-2.0945,1.8025,1.032,0.2525,0.7261,-1.5075,-1.9645,2.1507,0.1533
1.5416,1.6194,-1.1163,2.5903,1.2136,0.3097,-2.3602,1.7603,0.9935,0.115,0.4714,-1.2101,-1.8415,2.1669,-0.1115
1.6381,1.7584,-1.062,3.0154,0.8287,0.5633,-2.4054,1.8683,1.2772,-0.0614,0.5465,-1.4565,-2.0668,2.4401,-0.6663
1.6167,1.8006,-1.0197,2.847,0.5514,1.172,-2.1852,1.3906,1.0241,-0.8325,0.4923,-1.1405,-1.9017,2.3479,-1.3887
1.7957,1.6722,-1.2687,2.9295,0.536,1.0161,-2.2302,1.5473,1.1266,-1.2631,0.3782,-1.2021,-2.1185,2.6687,-2.0181
1.887,1.3516,-1.1901,2.7667,0.6203,0.5891,-2.2806,1.9414,1.4669,-1.3501,0.4054,-1.1523,-2.215,2.7109,-2.4146
1.916,2.1607,-1.014,2.6712,0.789,1.0763,-2.2652,1.3431,1.2067,-1.2243,0.477,-1.1697,-2.3554,2.5378,-2.2517
1.9184,2.2,-1.3493,2.6005,1.3427,0.6866,-2.4544,1.4914,0.9675,-1.1659,0.2733,-1.3434,-2.4965,2.4178,-1.9703
2.0223,1.6141,-1.3967,2.7856,1.0822,0.704,-2.1667,1.9328,1.4276,-1.1608,0.4386,-1.817,-2.4399,2.0637,-1.759
1.7901,1.4162,-1.7129,2.2561,0.8283,0.5469,-2.3009,2.2471,1.8734,-0.9851,-0.0606,-1.8269,-2.5315,1.7548,-2.3827
1.8639,1.287,-1.2677,2.4898,0.9442,0.6271,-2.1955,2.5996,2.0405,-1.0556,0.235,-1.9112,-2.7454,1.5559,-2.5702
1.9183,1.5803,-0.7923,2.8025,0.7502,0.454,-2.1814,3.0538,1.9677,-1.2563,0.4226,-1.5903,-2.9145,0.8558,-1.974
1.7955,1.3162,-0.1145,2.8207,1.2321,0.521,-2.1788,3.3076,1.5982,-1.3099,0.7004,-1.5044,-3.1432,0.8109,-1.9652
1.7271,1.8826,-0.2272,2.8519,1.758,0.8057,-2.1796,3.4483,0.9176,-0.8286,1.0248,-0.9597,-3.0453,0.4635,-1.3899
1.5862,1.8929,0.1426,2.8201,1.986,1.0045,-1.9587,3.4011,0.8636,-0.0916,1.1726,-0.9277,-2.842,0.4094,-1.1648
1.7224,2.0737,0.2639,2.5987,2.0786,0.7064,-1.8539,3.2426,0.5648,0.3974,1.2978,-0.8017,-2.9747,0.2285,-0.7978
1.6598,1.8267,0.1783,2.6157,1.2347,0.8075,-1.522,3.3675,0.4249,0.6364,1.2727,-0.1154,-2.9669,0.1539,-0.4561
1.81,1.9902,0.4776,2.5784,1.2785,0.8121,-1.9298,3.6499,0.7345,0.2519,1.6782,-0.308,-2.8483,0.2264,-0.3681
2.5244,2.2894,0.8478,2.5355,1.0999,0.3716,-1.878,3.6703,0.6072,0.2062,1.9526,-0.3319,-2.9216,0.193,-0.1999
1.9848,2.5536,0.9351,2.0652,0.8839,0.4845,-2.2378,3.659,0.3228,0.0563,1.7526,-0.0195,-2.8899,0.3514,-0.0737
1.6245,2.8601,0.5212,1.883,1.0405,0.7973,-2.2785,3.273,-0.0222,-0.5827,1.6342,0.6377,-2.9842,0.6259,-0.4924
1.5792,2.7023,0.6445,1.9152,0.9213,0.8287,-2.4317,3.1279,-0.1517,-1.0362,1.7909,0.3524,-2.9056,0.8841,-1.2049
1.3269,3.1132,0.0924,1.8329,1.0751,1.1228,-2.2267,2.616,-0.2818,-1.1294,1.3797,-0.0826,-3.0341,0.8772,-1.4188
1.5097,2.641,-0.3999,2.3098,1.667,1.1849,-2.1388,2.3091,-0.075,-1.0628,1.2107,-0.2192,-2.8091,1.0877,-1.6018
1.5795,2.309,-0.6941,2.4724,1.7788,1.1843,-2.0534,2.5764,0.4126,-0.5442,0.8822,-0.8153,-3.1426,1.1517,-1.5207
1.5741,2.1993,-0.3515,3.4779,1.5039,1.1782,-1.8474,2.7554,0.7948,-0.6321,1.4175,-1.1117,-2.8265,1.3475,-1.5193
1.5804,2.2194,-0.1369,2.8472,2.0792,0.8277,-1.8387,2.7852,0.732,-0.5424,1.6468,-1.358,-3.0033,0.8746,-1.2848
1.4928,2.2366,0.1255,2.7405,2.0246,0.9564,-1.6078,2.8144,0.6713,-0.0895,1.6457,-1.2791,-2.7134,0.6777,-0.865
1.5962,2.3126,0.2386,2.4028,1.7521,1.137,-1.4649,3.0252,0.8359,0.2097,1.5474,-0.7688,-2.9017,0.5953,-0.5734
1.5637,1.9885,0.0939,2.5714,1.8257,1.0873,-1.6233,2.9589,0.5922,0.239,1.6433,-0.825,-2.7688,0.7207,-0.3444
1.6601,2.3339,0.3215,2.614,1.6522,1.2233,-1.7538,2.8413,0.4978,0.294,1.541,-0.907,-2.4236,0.6915,-0.2263
1.615,2.3097,0.2585,3.0348,1.7247,1.156,-1.6373,2.7233,0.2881,0.397,1.8067,-0.7704,-3.1379,0.7482,0.0078
1.4928,2.5946,0.1683,2.6346,1.2257,1.3168,-1.496,2.7735,0.2579,0.56,1.5381,-0.8518,-2.7601,1.0482,0.5541
1.4188,2.2491,-0.0163,3.0583,1.7946,1.2473,-1.5246,2.8463,0.4782,0.0998,1.6474,-0.776,-2.7379,1.0915,-0.2228
1.4252,2.5182,0.3035,2.6593,1.2507,1.6619,-1.361,2.4405,0.1825,-0.0494,1.4859,-0.7774,-2.33,0.9332,-0.0881
1.3606,2.16,0.0321,2.9828,1.4288,1.5505,-1.6659,2.2131,0.1061,0.3942,1.6347,-1.259,-2.1966,1.3687,0.2522
1.4887,2.1334,-0.1256,2.8562,1.6151,1.3439,-1.4466,1.89,0.0275,0.7878,1.5356,-1.053,-2.2815,1.8968,0.2138
1.4991,1.9426,-0.5891,3.1451,1.9376,1.358,-1.8023,1.5993,0.2069,0.7418,1.4257,-0.9455,-2.1986,2.0438,0.5068
1.4512,1.969,-0.9052,2.7174,1.3099,1.6998,-1.6531,1.4261,0.2475,1.218,1.1224,-1.0923,-2.1627,2.2308,0.8203
1.3098,1.6394,-1.0579,2.6722,1.2819,1.3378,-1.4437,1.4801,0.7095,0.974,0.8192,-0.8959,-2.4876,2.6401,0.6965
1.4721,0.7168,-1.6151,3.3394,1.0849,1.2581,-1.0907,1.8438,1.0467,0.801,0.7426,-1.1166,-2.2674,2.7608,0.5774
1.4224,0.3187,-1.4194,3.2713,0.7821,1.1476,-1.3141,2.06,1.2591,1.1245,0.8356,-1.3954,-2.1419,2.7512,0.795
1.2869,1.7263,-1.1484,3.0397,0.7709,1.386,-1.3506,1.9726,1.4441,0.9313,0.7981,-1.4036,-1.5293,2.4617,0.5518
1.3242,2.0225,-1.0111,3.0527,0.5971,1.8113,-1.4773,1.6228,0.9182,0.305,0.7148,-1.7315,-2.4283,2.3893,0.1899
1.4635,2.006,-0.9395,3.0099,0.9288,1.6475,-1.8704,2.0475,1.0843,-0.3852,0.7103,-1.7102,-2.279,2.6197,-0.481
1.5763,2.4687,-0.5827,2.7607,1.3961,1.2252,-1.9474,1.9898,0.8032,-0.3937,0.6574,-1.4971,-2.0908,1.8081,-0.3195
1.4496,2.3056,-0.3532,2.6362,1.5816,1.2859,-1.8946,2.1133,0.9896,0.099,0.6257,-1.7443,-2.2089,1.9131,-0.9796
1.2942,2.1098,-0.7151,2.6035,1.7374,1.1454,-1.7394,2.5454,0.8713,-0.0252,0.6563,-1.7924,-2.4009,1.4692,-0.7583
1.2572,2.2508,-0.5936,2.8447,1.3935,1.1876,-1.7161,2.8734,1.119,-0.3489,0.5342,-1.8798,-2.4869,1.332,-0.9867
1.1991,2.5031,-0.2592,2.363,1.734,1.2156,-1.8052,3.0119,0.9412,-0.6278,0.3966,-2.2465,-2.6576,0.9857,-1.4401
1.351,2.0703,0.3361,2.7499,2.2498,1.2965,-1.5543,3.6989,1.1147,-0.3318,1.1011,-1.9732,-2.9354,0.9233,-1.2313
1.4772,2.2515,0.6403,2.6744,2.2831,1.3316,-1.731,3.7327,0.455,-0.0173,1.5025,-1.673,-3.0263,0.5996,-0.5816
1.311,2.4657,0.6251,2.6265,2.3375,1.4737,-1.342,3.9936,0.1523,0.3994,2.1555,-1.5235,-3.1817,0.237,-0.2389
1.3088,2.2524,0.6108,2.6029,2.208,1.3449,-1.2757,4.2512,0.2354,0.0059,1.8492,-1.2387,-2.8248,0.2456,0.1659
1.1625,2.4034,1.2717,2.2275,2.1963,1.4685,-1.2311,4.3369,0.2315,0.9258,2.2718,-1.3676,-2.742,0.2875,0.8142
1.0498,2.7286,1.242,2.2341,1.8817,1.3217,-1.4295,3.8941,-0.3218,0.7411,2.302,-0.9447,-2.5481,0.363,1.2874
0.9199,3.7314,0.7973,1.9642,1.995,1.2738,-1.5065,3.5545,-0.454,0.4935,2.0069,-0.8394,-2.5225,1.1042,1.2219
1.109,2.9303,0.5668,2.1931,2.0274,1.542,-1.5841,3.1605,-0.5354,-0.1267,1.7577,-0.6497,-2.3205,1.6458,0.6645
1.2176,2.6218,-0.0924,2.2711,2.0931,1.628,-1.6367,2.5579,-0.5477,0.3591,1.2476,-0.6042,-2.1444,2.0421,0.676
1.1429,2.4583,-0.0779,2.303,2.0812,1.7857,-1.3602,2.3127,-0.372,0.6522,1.021,-1.1266,-2.138,2.3472,0.4329
1.217,2.2515,-0.5581,2.5438,1.9417,2.2399,-1.6788,2.1482,-0.0454,0.6687,1.1872,-0.8265,-1.8494,2.6628,0.195
0.9737,2.5751,-1.087,2.4516,1.9272,2.1938,-1.7034,1.6866,0.0707,0.6309,0.7491,-1.3049,-1.7683,2.942,-0.2791
0.8657,2.0564,-1.5122,3.063,1.7374,2.1917,-1.7067,1.5429,0.3591,0.2459,0.7017,-1.4386,-1.5346,3.0957,-0.436
0.9281,2.1563,-1.5775,3.0258,1.2089,1.656,-1.673,1.8943,0.675,0.064,0.5419,-1.9715,-1.5188,2.876,-0.2934
1.0387,1.9777,-1.4461,3.022,1.6378,1.5899,-1.9795,2.0002,0.9991,0.0677,0.6423,-1.8956,-1.4191,2.9771,0.0615
1.1221,1.9804,-1.3362,2.8384,1.3778,1.8429,-1.7634,2.0042,1.0252,0.2813,0.601,-2.0965,-1.5928,2.9803,-0.3093
0.991,2.1776,-1.4058,2.8182,1.5768,1.5727,-2.0008,2.3078,1.506,0.3949,0.4514,-1.9512,-1.5156,2.8666,-0.3114
0.9257,2.4061,-1.1293,3.2097,1.0454,1.4973,-1.6162,2.3306,1.3488,-0.0646,0.7658,-2.1074,-1.5747,2.4773,-0.7278
1.0027,2.0596,-1.061,3.3768,1.2443,1.2005,-1.7381,2.7247,1.2357,-0.4293,0.9644,-1.8227,-1.6859,2.2066,-0.9314
1.1464,2.1224,-0.7006,3.1142,1.5673,1.2149,-1.7318,2.8582,1.0745,-0.6117,1.0522,-2.3378,-1.7277,1.9655,-1.0611
1.3329,1.9223,-0.5442,3.1175,1.9602,1.2768,-1.869,3.1257,1.0807,-0.2891,1.0516,-2.5515,-1.4173,1.8582,-0.8639
1.3503,2.5773,-0.4416,3.002,1.7744,1.7701,-1.7313,3.0802,0.7701,-0.2087,1.2576,-2.1953,-1.8366,1.8506,-1.3331
1.262,2.5609,0.1988,2.7821,2.1412,1.4368,-1.7841,3.3369,0.7857,0.0442,1.3263,-1.8971,-2.2745,1.8594,-0.8108
1.1087,2.9749,0.1428,2.7302,2.4066,1.0397,-1.3594,3.8316,0.829,0.161,1.5285,-1.7592,-2.2812,1.6958,-0.6427
1.0941,3.0896,0.2234,2.9426,1.9326,0.9984,-1.1813,3.8792,0.6102,-0.285,1.4428,-1.5111,-1.9585,1.3578,-0.3077
1.0463,2.8421,0.5853,3.0429,1.8451,1.3151,-1.2711,4.3562,0.3235,-0.3531,1.7233,-1.7428,-1.662,1.5338,-0.3729
0.9868,2.7413,0.6983,3.1132,2.6198,1.5973,-1.3169,3.7324,-0.1435,-0.0196,1.8272,-1.0285,-1.622,1.8468,0.1287
1.05,2.9839,0.4632,3.1229,2.2405,1.5097,-1.174,3.0768,-0.4639,0.8535,1.9864,-0.6429,-1.5818,1.8508,0.6218
1.0337,3.03,0.2528,2.8139,2.1879,1.905,-1.3583,2.8806,-0.4926,0.9042,1.6369,-0.4729,-1.6519,2.3129,1.0877
1.1459,3.0441,-0.2816,2.7157,1.7592,1.8841,-1.242,2.5196,-0.6136,1.2467,1.3127,-0.6598,-2.0294,2.7897,1.2671
0.9298,2.848,-0.8693,3.0173,1.461,1.8673,-1.1002,2.4669,-0.1105,0.7935,1.1475,-0.0757,-1.4716,3.5112,1.0782
0.8697,2.8603,-1.1184,3.2282,1.132,1.7968,-1.3999,1.9275,-0.0135,0.3471,1.0317,-0.701,-1.1042,3.7269,0.7038
1.0923,2.3035,-1.4031,3.3081,1.2605,1.8479,-1.5607,2.0735,0.4023,-0.1326,0.7841,-1.0648,-1.0177,4.0055,0.1844
0.9614,2.6544,-1.818,3.2795,0.7563,1.7733,-1.5753,1.7193,0.5016,-0.2925,0.5728,-1.6858,-1.5332,3.8395,-0.3717
1.004,2.6502,-1.4936,2.8873,0.961,2.1358,-1.9099,1.7565,1.0826,-0.8815,0.1004,-1.9124,-1.3475,4.0608,-1.2339
0.9851,2.3545,-1.3513,3.0389,1.0468,2.1735,-1.9946,1.7801,1.0718,-0.7214,0.3189,-2.2458,-1.1752,3.8783,-1.6282
1.1527,2.1603,-1.223,3.2694,1.5832,1.793,-1.8512,1.8792,1.1037,-0.5682,0.4644,-2.6261,-1.2474,3.7519,-1.7102
1.1024,2.6572,-1.2516,3.4407,1.3653,1.5523,-1.6314,2.0005,1.1592,-0.195,0.6407,-2.5105,-1.3812,3.3489,-1.6042
1.3327,2.3366,-1.1846,3.105,1.7246,1.4393,-1.7778,2.4505,1.0633,-0.3117,0.5104,-2.2114,-1.3256,3.1067,-1.5804
1.1694,2.5165,-1.0096,3.1482,1.7113,1.622,-1.658,2.5911,0.9938,-0.3,0.4838,-2.0187,-1.8239,3.004,-1.2482
1.2134,2.6264,-0.7322,3.4623,1.6479,1.7806,-1.6149,2.6925,1.0291,-0.3646,0.6867,-2.1531,-1.3479,2.6234,-1.3317
1.1796,2.6928,-0.3877,3.6331,1.6394,1.8201,-1.5331,2.6936,0.9859,-0.2978,1.0861,-2.1451,-1.59,2.3924,-1.2397
1.0843,2.9975,-0.6219,3.6131,1.9986,1.8158,-1.6433,2.6058,0.5971,-0.1575,1.1192,-1.7689,-1.6692,2.4324,-1.0372
1.2272,3.2218,-0.3599,2.8412,1.9726,1.347,-1.4354,2.911,0.7376,-0.0158,1.126,-1.7665,-1.9144,2.4493,-1.1874
1.0152,2.9382,-0.4931,2.5579,2.1744,1.4682,-1.5466,3.0208,0.4915,0.018,0.7402,-1.8728,-1.7119,2.7544,-1.164
1.122,2.653,-0.7905,3.1328,2.7324,1.3741,-1.4517,3.0599,0.6552,0.1606,0.8662,-2.1166,-1.2448,2.4058,-0.9192
1.0977,2.4256,-0.4883,3.157,2.5458,1.1272,-1.2001,3.2864,0.7318,0.7598,0.7875,-2.3136,-1.6227,2.1451,-0.4364
1.0962,2.5293,-0.0227,3.1763,2.6219,1.1193,-1.3497,3.1055,0.613,0.7473,0.8491,-2.3286,-1.6598,1.733,-0.5708
0.8528,2.9448,-0.1338,3.0824,2.3019,1.5191,-1.3357,3.6764,0.6359,0.5096,1.0968,-2.0551,-1.7469,1.6502,-0.4823
0.6758,3.1818,-0.0283,2.6041,2.3569,1.5027,-1.3942,3.5644,0.2927,0.0009,0.9256,-1.8141,-1.7021,1.5027,-0.8288
0.7414,3.3402,0.2762,2.4751,2.3487,1.5777,-1.4866,3.9991,0.3969,-0.1999,1.1536,-1.8112,-1.7734,1.5033,-0.3395
1.049,3.0023,0.4842,2.6268,2.3018,1.7512,-1.6713,3.9567,0.3029,-0.3221,0.9538,-1.4457,-1.928,1.6755,-0.6001
1.093,3.2923,0.7373,3.128,2.3341,1.5692,-1.504,4.2085,0.2087,-0.2073,1.4136,-1.5682,-2.0918,1.8776,-0.085
1.0697,3.5489,0.8286,3.2374,2.1379,1.8227,-1.5563,3.5459,-0.4587,-0.0676,1.5675,-1.4743,-2.2455,1.281,0.3632
0.8298,3.684,0.4913,2.9472,2.3938,2.1749,-1.5466,3.1153,-0.8551,-0.4254,1.7368,-1.4181,-1.4966,1.6445,0.1708
1.0905,4.067,0.5083,2.5139,2.2887,1.6699,-1.4844,2.7387,-0.5884,0.0902,1.3583,-1.2093,-1.4507,1.9801,0.1761
1.03,4.0071,-0.1064,2.6535,2.502,1.9025,-1.3037,2.6657,-0.5471,-0.0554,1.0379,-1.0621,-1.5243,2.3149,0.2646
0.9699,3.7063,-0.2522,2.6568,2.2162,1.6189,-1.1676,2.7293,-0.1029,-0.0407,0.4838,-1.2257,-1.4596,2.3022,-0.6745
0.6752,3.4574,-0.3096,2.7093,1.7528,1.4738,-1.1897,2.9739,0.0707,-0.2999,0.5859,-1.6119,-1.2885,2.5011,-0.4046
0.8321,3.5791,-0.2341,2.8836,1.5629,1.4214,-1.0342,2.9614,0.603,-0.6075,0.6924,-2.0029,-1.7007,2.4774,-0.4493
0.9276,3.4496,-0.0571,2.592,1.7926,1.2475,-1.4001,3.0896,0.429,-1.0037,0.5912,-2.1244,-1.5859,2.2572,-1.0611
0.9016,3.3215,0.1701,2.8422,1.7409,1.5418,-1.3247,3.2937,0.3502,-1.02,0.8812,-2.2845,-1.4329,2.403,-1.1852
0.8101,3.3637,0.3141,3.1299,1.8974,1.636,-1.5084,3.214,0.0718,-0.7981,1.24,-2.2808,-1.2407,2.3677,-0.7552
0.8925,3.2774,0.0597,3.6931,2.1364,1.4393,-1.36,2.7587,-0.3826,-0.532,1.6162,-2.0279,-1.0177,2.3174,-0.2583
0.9412,3.243,-0.2028,3.5421,2.2287,1.4146,-1.4804,2.7069,-0.6036,-0.1477,1.6992,-2.1115,-1.2027,2.2299,0.0155
0.9506,3.5186,-0.4672,3.0121,2.4079,1.4853,-1.4457,2.7181,-0.2876,0.4294,1.5112,-1.9231,-1.0906,2.4482,0.7915
0.7087,3.5809,-0.4865,3.0173,2.1305,1.4134,-1.5412,2.709,0.1081,0.4341,1.4494,-1.9834,-1.6429,2.7005,0.627
0.7602,3.2216,-0.3751,3.0714,1.4419,1.6286,-1.3426,2.3696,-0.1343,-0.9607,1.2327,-1.6673,-1.6536,2.5538,0.0475
0.8926,2.9435,-0.6554,3.0502,1.5184,1.4721,-1.5282,2.59,0.3152,-0.9345,1.1713,-1.4709,-1.4741,2.9376,-0.2884
0.6344,2.7624,-0.7965,2.9228,1.7746,1.3993,-1.5987,2.6207,0.1221,-0.6192,1.1709,-1.4989,-1.4615,2.8433,-0.4391
0.62,3.107,-0.7552,2.8303,1.6499,1.1114,-1.5032,2.6239,0.0868,-0.8242,1.0476,-1.6008,-1.5792,2.7593,-0.6617
0.5535,2.9409,-0.5912,3.2103,2.4781,1.6295,-1.4947,2.2573,-0.3541,-0.479,1.0896,-1.2515,-1.8669,3.0806,-0.3142
0.7978,2.9698,-0.433,3.0322,2.4203,1.1754,-1.2943,2.658,-0.0625,0.482,1.2143,-1.7835,-1.704,3.2241,0.3302
0.6307,2.7859,-0.3838,2.9465,1.7023,1.1673,-1.2092,2.642,-0.3193,0.5712,0.7857,-2.0913,-1.6035,3.2425,0.4315
0.3293,3.3599,-0.3587,3.3092,1.6445,1.3386,-1.4569,2.8481,0.1905,0.1211,0.8385,-2.2785,-1.7083,3.6831,0.5278
0.3833,2.7919,-0.1523,3.2601,1.5179,1.3814,-1.4533,2.6836,-0.2878,-0.1847,1.2061,-2.1559,-1.1936,3.1412,0.9143
0.3999,2.8376,-0.2286,3.3151,1.6505,1.3401,-1.5724,2.1563,-0.386,-0.2998,1.2469,-2.2783,-1.2512,3.3425,0.116
0.4182,2.7002,-0.5704,3.6087,2.0211,1.7683,-1.6826,2.0322,-0.5591,-0.1285,1.1167,-2.413,-1.2908,3.3516,-0.7382
0.5018,3.1855,-0.8474,3.7729,1.8683,1.6185,-1.419,1.8801,-0.4895,0.1876,1.3257,-2.2879,-0.5803,3.6433,-0.4288
0.6478,3.2759,-1.038,3.2319,2.0787,1.2684,-1.3011,1.9023,-0.3987,0.3981,1.0455,-2.1204,-0.9689,3.8443,-0.407
0.5443,3.241,-1.0895,2.9961,1.5115,1.1224,-1.1372,1.8527,-0.0897,-0.0629,0.9635,-2.1814,-0.9986,3.6281,-0.0279
0.5171,3.029,-1.1119,3.2075,1.5968,1.1238,-1.1317,1.6804,-0.0691,-0.3108,0.8741,-2.2052,-1.1449,3.8173,-0.3201
0.5364,3.027,-1.1417,3.0893,1.2317,1.136,-1.405,1.8441,0.1137,-0.6754,0.7958,-2.166,-0.9871,3.7207,-0.4174
0.5253,2.7435,-1.3642,3.3336,1.512,0.9534,-1.4199,2.1885,0.2346,-0.496,0.472,-2.3679,-1.0109,4.0326,-0.9274
0.5927,2.6885,-0.9329,3.0138,1.6236,1.0838,-1.3565,2.4615,0.4265,-0.7887,0.3455,-2.7131,-1.4259,3.8527,-0.9043
0.5746,2.6602,-0.8943,3.4418,1.4237,1.1081,-1.2632,2.441,0.3883,-0.8231,0.7842,-2.7121,-1.3811,3.5718,-0.8219
0.4867,2.8318,-0.997,3.0537,1.4618,1.0212,-1.2921,2.5004,0.1743,-0.71,0.8033,-2.6338,-1.4083,3.5435,-0.7505
0.5075,2.8895,-0.7226,3.4505,1.1554,0.9449,-1.3397,2.5012,0.1284,-1.2194,0.7692,-2.6493,-1.5343,3.2798,-0.4342
0.4671,3.0537,-0.9057,3.6069,1.945,1.0398,-1.5866,3.1511,0.2916,-0.8997,0.8536,-2.6841,-1.5847,3.5345,-0.2433
0.2382,2.8596,-0.2006,2.545,1.8772,1.3834,-1.6324,2.8821,-0.2301,-1.2075,0.3419,-2.0371,-1.9079,2.8449,-0.7165
0.3635,3.0134,0.0163,2.6674,2.0729,1.7581,-1.1584,3.0544,-0.2699,-0.7823,0.5838,-2.5323,-1.9555,2.9183,-1.1555
0.5341,2.9111,-0.1,3.3022,2.2637,1.6326,-1.1257,3.3698,-0.5198,-0.6444,1.0113,-2.5247,-1.8946,2.6852,-0.629
0.4892,2.9268,-0.1997,3.7536,2.1972,1.2527,-1.32,3.3811,-0.6199,-0.2782,1.3851,-2.5752,-1.7379,2.8208,-0.371
0.5656,2.5721,0.0114,3.3891,1.5753,1.2309,-1.0977,3.4366,-0.6568,-0.4103,1.4004,-1.9201,-1.9799,2.2785,-0.27
0.4768,3.1322,-0.3563,3.5095,1.4423,1.5551,-1.2391,3.6451,-0.7309,-0.5045,1.5055,-1.9272,-1.8572,2.0233,-0.0137
0.0742,3.0744,-0.6637,3.3677,1.7301,1.8281,-1.0613,3.5215,-0.6443,-0.8671,1.3683,-1.907,-1.7498,2.3786,0.4308
0.5198,2.7283,-0.249,3.3849,1.6783,2.236,-1.143,3.1946,-0.5121,-0.6621,1.275,-1.8913,-1.691,2.5564,0.3137
0.6362,3.1025,-0.1547,3.3605,1.9863,2.2448,-1.2987,2.7654,-0.622,-0.3961,1.0569,-2.1449,-1.6799,2.6935,0.5235
0.7516,3.1384,-0.5003,2.9612,1.8587,2.0115,-1.154,3.3081,-0.3026,-0.2052,0.9028,-2.4109,-1.8439,2.8535,0.3767
0.6003,2.1654,-0.1603,3.3786,2.2851,1.8261,-1.052,3.1152,-0.1237,-0.2771,1.047,-2.1726,-1.6652,2.9292,0.3106
0.5588,2.7709,0.0223,3.6033,2.0273,1.6821,-1.2595,2.9898,-0.5244,0.4145,1.2052,-2.2328,-1.3946,2.7377,0.6598
0.6071,3.0349,0.0017,3.6106,2.1786,1.9413,-1.2251,2.6423,-0.6384,0.3325,1.4329,-2.087,-1.3612,3.1554,0.9359
0.8026,3.1606,-0.3424,3.7036,2.1915,1.7378,-0.6203,2.227,-0.7809,0.6905,1.3772,-1.5797,-1.5387,3.4559,1.0465
0.7845,3.207,-0.4431,3.2106,1.8538,1.5712,-0.7087,2.0736,-0.4588,0.4002,0.8895,-1.526,-1.1061,3.7295,0.8119
0.6723,2.968,-0.799,3.2339,2.4551,1.6114,-0.8633,1.6624,-0.5404,0.6262,0.7927,-1.8368,-0.7415,3.9016,0.6585
0.4614,2.7649,-1.3482,3.0321,2.5045,1.7657,-0.7023,1.8151,-0.4051,0.504,0.3614,-2.243,-0.54,3.8625,0.8781
0.7914,2.5547,-1.2975,3.7884,2.5449,1.6881,-0.8172,1.6241,-0.1344,0.7535,0.6534,-2.4009,-0.4066,3.9052,1.1878
0.5938,2.1921,-1.7102,3.5095,1.7792,1.5932,-0.8457,1.4103,0.0243,1.0273,0.2635,-2.3048,-0.5203,3.8902,1.1048
0.6112,2.3887,-1.9733,3.3895,1.2951,1.5557,-0.8656,1.7983,0.5236,0.7104,-0.0354,-2.9353,-0.5842,4.1922,0.7966
0.6347,2.2927,-1.5121,4.1939,1.0613,1.5036,-1.1029,1.9169,0.7946,-0.2283,0.1479,-2.8682,-0.9998,4.1752,0.0291
0.6879,2.3489,-1.7665,4.1853,1.4299,1.4589,-1.1439,2.3528,1.0412,-0.8771,0.2909,-3.5081,-1.077,4.2054,-0.7413
0.8601,2.07,-1.1789,4.3223,1.3019,1.2898,-1.1307,2.5201,0.9861,-0.2648,0.4985,-3.2751,-1.3275,3.7944,-0.8215
0.809,2.2189,-0.7121,3.9652,1.094,1.1782,-1.2269,2.9,0.4594,-1.2069,0.4978,-3.3641,-1.6753,3.6401,-1.5186
0.8805,2.9343,-0.449,4.222,0.786,1.0448,-1.4227,3.4934,0.4504,-1.5871,0.9052,-2.9979,-1.811,3.3971,-1.9082
0.8844,2.8674,0.0289,4.0789,0.9271,1.2059,-1.5773,3.4355,0.0997,-2.472,1.367,-3.155,-1.8692,3.3757,-1.8439
0.8972,3.0911,0.0982,3.9305,1.4119,1.3431,-1.5713,2.8823,-0.5037,-2.3328,1.5336,-2.203,-1.9142,2.9513,-1.9664
0.9828,2.9748,-0.1057,3.9224,2.7336,0.7389,-1.1244,3.2298,-0.1263,-1.9631,1.5918,-2.3769,-2.0491,2.9932,-1.5831
0.9114,3.0208,0.3123,3.9256,2.6166,0.9466,-0.9953,3.1936,-0.2767,-0.8204,1.4473,-2.3796,-1.9537,2.2862,-0.9842
0.8335,2.9905,0.2292,3.795,2.2065,1.095,-0.8723,3.4159,-0.5196,-0.5491,1.5099,-2.0194,-1.9923,0.8425,-0.6276
0.8125,2.9049,0.1637,3.6216,2.0871,1.3719,-0.9166,4.122,-0.1849,-0.7046,1.2863,-2.0616,-2.1289,1.3584,-0.7021
0.8353,2.5487,-0.356,3.9568,2.1448,1.4844,-0.9421,4.5729,-0.0424,-0.6479,1.3883,-2.0493,-2.4903,1.5473,-0.4789
0.7855,2.54,0.5929,3.6164,2.0915,1.4803,-0.8244,4.5173,0.3319,-1.0567,1.6537,-2.414,-2.5069,1.1567,-0.6031
1.1073,3.278,1.0435,3.5092,2.0206,1.1215,-0.8701,4.5991,-0.397,-1.0278,1.7097,-2.0855,-2.5771,1.07,-0.4182
0.977,3.5438,1.4465,3.6044,2.2176,1.0901,-0.9413,4.5791,-0.9382,-1.0477,2.1521,-1.8803,-2.5551,1.405,0.0328
0.9774,3.4714,1.6487,3.4254,2.1013,1.111,-0.9737,4.7695,-0.8143,-1.2804,2.2486,-1.3622,-2.4862,2.0302,0.1815
0.7495,3.6502,1.5546,3.5319,2.6436,0.9332,-1.0344,4.4415,-1.3509,-0.4428,2.0686,-1.6295,-2.5645,2.8121,-0.5831
0.7996,3.4313,1.3062,3.4826,3.2797,1.3824,-0.9643,3.7356,-1.5151,0.1106,2.249,-1.6716,-2.4216,2.8732,-0.452
0.8629,3.5454,0.6753,3.3829,2.4693,1.1998,-0.5357,3.2943,-1.4121,0.2835,2.4167,-1.4811,-2.1266,2.7992,0.168
0.9384,3.5581,0.2288,3.3271,2.472,0.6753,-0.7628,3.1506,-1.1113,-0.1248,1.7752,-1.1532,-1.8397,3.1182,0.4498
0.7794,3.0776,-0.135,3.5411,2.1486,1.1085,-0.6665,2.8894,-1.0704,0.5182,1.5661,-1.272,-1.7154,3.5156,0.8569
0.8277,3.3972,-0.2997,3.5846,2.1425,1.1707,-0.8681,2.6584,-0.9599,0.0756,1.2083,-1.8575,-1.7222,3.803,1.2788
0.8158,2.9022,-0.3675,3.9281,1.6566,1.5353,-0.4688,2.3743,-0.5853,0.1477,1.249,-2.2092,-1.6273,4.1922,1.0607
0.7493,2.7412,-0.2779,3.6266,1.6558,1.4595,-0.9204,2.06,-0.6227,-0.1567,1.2499,-2.2707,-1.4576,4.3245,1.1112
0.5961,3.0478,-0.793,3.8042,1.5929,1.425,-1.17,1.6969,-0.4984,-0.2464,1.3844,-2.2738,-1.5071,4.6791,0.8144
0.5787,1.9907,-1.2264,4.2032,1.5699,1.3774,-1.0738,1.3782,0.0808,-0.6724,1.1379,-1.9665,-1.3469,4.726,0.2714
0.7357,2.6272,-1.4482,3.8769,1.7232,1.3315,-0.9409,1.213,0.0518,0.0755,0.9198,-2.4461,-1.3924,4.8717,0.1261
0.7835,2.5842,-1.4478,4.4867,1.8566,1.2872,-0.9945,1.359,0.1634,-0.0227,0.9461,-2.9255,-1.302,4.9865,0.5769
0.6315,2.6026,-1.7841,4.3844,1.6284,1.7482,-1.2086,1.2889,0.4171,-0.2276,0.9524,-3.2441,-1.3358,4.538,0.3258
0.5537,2.8308,-2.1572,4.2162,1.7341,1.8782,-1.4284,0.8782,0.4978,-0.4677,0.5513,-3.3192,-1.2805,4.5187,-0.2276
0.5305,2.4776,-2.4148,3.8732,1.3959,1.865,-1.4256,1.3986,0.9288,-0.7734,0.4459,-3.2657,-1.6406,4.8204,-0.6871
0.6518,2.6223,-2.3607,4.1827,1.4066,1.6987,-1.2887,1.605,1.3121,-1.0216,0.2742,-4.5641,-1.816,4.6775,-0.9922
0.6103,2.5747,-1.7755,4.0799,1.0783,1.5341,-0.9405,1.9547,1.3908,-1.4509,0.4159,-4.2472,-1.7662,4.2583,-1.2643
0.6935,2.7857,-1.223,3.9282,1.3936,1.4733,-0.9681,2.3329,1.2143,-1.5532,0.6029,-3.8314,-1.6143,3.8255,-1.6113
0.7182,2.6342,-1.192,3.8376,1.3487,1.58,-1.0824,2.4197,0.7867,-2.0162,0.8051,-3.6971,-1.8078,3.0747,-1.9107
0.6872,2.7563,-0.9997,4.0026,3.0405,1.4366,-0.8987,3.0676,0.6891,-0.8687,1.0514,-3.1991,-2.1983,3.0619,-1.341
0.8188,2.7164,-0.6126,4.2432,3.4907,1.1989,-0.6888,3.2683,0.3323,0.26,1.2658,-3.2002,-2.1972,2.4524,-0.667
0.8403,2.5642,-0.2739,4.4763,2.6192,1.308,-0.3885,3.6492,-0.0329,0.667,1.6895,-3.2883,-2.3774,2.1823,0.1089
0.835,2.9425,0.3278,4.2619,2.3859,1.2982,-0.3349,3.6686,-0.2462,0.5851,1.8722,-3.0284,-2.1307,2.3574,1.4675
0.6698,3.216,0.4819,3.7115,2.1937,0.8777,-0.7362,3.6452,-0.5525,0.5279,2.0492,-2.829,-2.3011,2.4067,1.6676
0.4899,3.1817,0.1366,3.7492,1.9214,0.8615,-0.4747,3.4214,-0.9424,-0.3687,1.6635,-2.5644,-2.1627,2.4222,1.085
0.5447,3.1482,-0.2027,4.0517,2.1171,0.9506,-0.6959,3.4839,-0.8906,-0.8046,1.7596,-2.5316,-2.1794,2.7288,0.9697
0.5959,3.0995,-0.0199,3.8678,1.9232,0.8611,-0.6845,3.5355,-0.7252,-0.5348,1.7315,-2.4066,-2.0902,3.0412,0.3599
0.6219,3.3954,-0.0721,3.8976,2.0458,1.2901,-0.6636,3.1755,-1.0704,-0.3732,1.5572,-2.0785,-2.0751,3.1651,0.8337
0.6564,3.2578,0.0429,3.9063,2.1941,1.2539,-0.766,3.0342,-1.0695,-0.5052,1.6,-2.1916,-1.9727,3.2852,0.7613
0.3557,3.0618,-0.3611,3.8351,2.0072,1.6444,-0.8548,2.6779,-1.0424,-0.4491,1.641,-2.5199,-1.8321,3.5026,0.1158
0.4768,3.0513,-0.638,3.7256,2.0703,1.6234,-0.6425,2.3295,-0.8396,-0.3725,1.3336,-2.4167,-1.7074,3.9233,-0.4417
0.7414,3.1332,-0.9259,3.3756,1.6863,2.0474,-0.7653,1.8338,-0.8541,-0.5323,1.0019,-2.2644,-1.3261,3.8541,0.3627
1.0147,2.9371,-1.2186,3.3889,1.7387,1.7786,-0.8792,1.7593,-0.6189,-0.2319,0.6248,-2.4021,-1.3656,4.4013,0.0116
0.9209,2.9968,-1.7252,3.4581,1.4705,1.718,-0.8029,1.6609,-0.405,-0.3795,0.2936,-2.9734,-1.2516,4.5321,-0.5409
0.8956,2.6439,-1.8844,3.7351,0.7129,1.6034,-0.9095,1.6825,-0.0399,-1.0636,0.294,-3.5129,-1.3286,5.0121,-1.4457
0.768,2.9576,-1.8726,4.1662,1.0646,1.5074,-1.3276,1.1688,-0.5536,-1.4534,0.3536,-3.5454,-1.1517,5.0721,-1.5732
0.9227,2.7972,-1.83,4.2004,0.856,2.1701,-1.2967,0.8045,-0.4212,-1.5271,0.4151,-3.6344,-1.2996,5.0461,-1.8746
0.8176,2.7798,-2.0831,4.3921,0.5485,1.5145,-1.4444,1.2817,0.0277,-1.5717,0.4441,-3.8011,-1.3885,5.1582,-2.6137
0.8236,2.297,-2.1861,4.3004,0.8436,1.2523,-1.5491,1.4438,-0.0763,-2.2147,0.418,-3.5119,-1.1964,4.7653,-2.4999
0.8799,2.7599,-2.2661,4.1557,1.1022,1.0208,-1.6013,1.7216,0.199,-1.7511,0.3466,-3.9097,-1.5385,4.8322,-2.6501
0.7177,2.4595,-2.0555,4.3402,0.6677,1.1901,-1.6645,1.8843,0.4893,-2.0803,0.3142,-4.015,-1.3651,4.3605,-2.9683
0.9586,2.5674,-1.7198,4.2337,1.1223,1.0334,-1.5883,2.8053,0.7895,-1.9469,0.3509,-4.4274,-1.9259,4.3865,-3.4469
0.8087,2.7169,-1.1847,4.1292,1.141,1.0353,-1.6569,2.9002,0.5066,-2.3157,0.3264,-4.4435,-2.0756,3.5807,-3.2417
0.8038,2.8343,-0.7009,4.0126,1.3975,1.2476,-1.7923,3.4304,0.4573,-2.2988,0.7069,-4.5814,-2.5414,3.3151,-2.9715
0.7718,2.8758,-0.2711,4.1688,1.9623,1.3494,-1.727,3.7155,0.1344,-2.1037,0.7396,-4.0881,-2.6911,3.0583,-2.5729
0.7897,3.4401,0.3989,4.0742,2.0105,1.2977,-1.6756,4.3807,-0.0673,-1.6119,1.204,-4.0424,-2.8294,2.6881,-2.2268
0.8117,2.4018,0.5366,4.1913,2.3964,1.0985,-1.4434,4.714,-0.4492,-1.744,1.9624,-3.5669,-2.9885,2.5585,-2.3513
0.7302,3.0925,0.7617,4.9338,2.6589,1.1274,-1.3414,4.7052,-0.704,-0.9719,2.3187,-2.843,-2.9414,2.3928,-1.4059
0.7317,3.4137,0.9097,4.5874,2.689,0.9648,-1.3192,4.5402,-1.3962,-0.7167,2.6294,-2.6021,-2.7484,2.1889,-0.8525
0.9376,3.6436,1.1204,4.6774,2.9151,1.4425,-1.2199,4.1446,-1.7857,-0.283,2.8584,-1.7761,-3.3841,2.2568,-0.2343
0.7857,3.6887,0.6074,4.1909,3.2663,1.7521,-1.1792,4.2866,-1.9674,0.4623,2.8457,-2.1974,-2.7964,2.2861,0.4571
0.6628,3.3942,0.343,4.1118,2.767,1.6195,-0.9236,4.034,-1.9835,0.4911,2.4037,-1.7451,-2.6696,2.7595,0.9305
0.8394,3.2082,-0.111,4.5952,2.9456,1.669,-0.957,3.4966,-2.032,1.0075,2.4046,-1.7807,-2.4042,3.4519,1.174
1.088,3.6007,-0.6364,4.2453,2.4198,0.9825,-0.993,3.3558,-1.7708,1.4284,1.6191,-2.092,-2.2936,3.7374,1.3041
1.0684,3.2688,-1.0039,4.2747,2.2318,1.3294,-1.1069,3.193,-1.3456,0.6062,1.4234,-2.335,-2.0234,4.3399,0.4958
0.9586,3.0203,-1.1511,4.2256,2.0662,1.377,-1.1445,2.7609,-1.2044,0.4724,1.0337,-2.826,-2.1842,4.3718,0.3968
1.0372,2.7549,-1.5251,4.4142,1.5158,1.3987,-1.2771,2.5074,-1.1193,0.4194,1.3648,-2.9729,-1.9811,4.7579,0.172
0.8487,2.7978,-1.5405,4.7591,1.3392,1.6899,-1.5377,2.204,-1.1486,0.0341,1.5576,-3.1126,-1.9972,4.9106,0.0315
1.1379,2.6637,-2.0038,4.4737,1.3157,1.0134,-1.6311,2.067,-0.86,-0.6102,1.1105,-3.4875,-1.8605,4.9737,-0.5245
1.1345,2.7289,-2.343,4.2285,0.9817,1.0227,-1.5209,1.533,-0.4211,-1.0224,0.8032,-3.5573,-1.4574,5.1181,-1.0098
1.1094,2.4252,-2.6596,4.4225,1.4135,1.4421,-1.6988,1.6353,0.025,-0.7646,1.2523,-3.5804,-1.525,5.3906,-1.0819
1.1245,2.5717,-2.8012,4.278,1.2132,1.6674,-1.802,1.3595,0.0627,-0.8947,0.9813,-3.7779,-1.421,5.2346,-1.4374
0.8554,2.3811,-2.7739,4.413,1.1564,1.6413,-1.8471,1.1497,0.0393,-0.8897,0.7326,-4.7425,-1.5241,5.2212,-1.5527
0.9011,2.8263,-3.0064,4.3606,0.815,1.4514,-1.7718,1.546,0.1843,-1.2647,0.604,-4.3478,-1.6258,5.1697,-1.7012
0.9933,2.611,-2.8085,4.1832,0.4888,1.5154,-1.8207,2.0087,0.1823,-2.0813,0.3038,-3.9748,-1.9687,5.1369,-2.1026
1.2063,2.9295,-2.3307,3.6636,0.8769,1.326,-1.9715,2.5677,0.4305,-2.3856,-0.0385,-4.2889,-1.6661,5.2365,-2.9947
1.0714,3.4519,-1.7787,3.7871,0.785,1.4913,-1.9791,2.7553,0.4565,-2.6887,0.3439,-3.8276,-1.6504,4.8562,-3.1323
1.0199,2.9336,-1.7891,3.7161,1.3533,1.3159,-2.1909,3.0604,0.2021,-2.9712,0.4429,-3.6143,-2.1233,4.5296,-3.5265
1.0595,2.5085,-1.252,4.2593,1.8011,1.2013,-2.1281,3.2701,0.2766,-2.9484,0.9955,-3.6404,-2.8478,4.0864,-3.6277
1.1292,3.417,-0.943,3.7619,2.0093,1.1729,-1.8047,3.672,-0.379,-1.9657,1.1956,-3.9658,-3.1378,3.586,-3.1614
1.1843,3.221,-0.8043,4.3025,2.3948,0.6322,-1.823,4.3495,-0.4952,-2.0636,1.4185,-3.525,-3.27,3.3078,-2.5436
1.135,3.0949,-0.5761,4.1412,2.7495,0.3243,-1.9955,5.1682,-0.5021,-1.3316,1.6103,-3.3601,-3.3076,2.8101,-1.8556
1.1501,3.2313,-0.1473,4.3932,2.9019,0.6642,-1.6058,5.516,-0.77,-1.2174,1.8794,-3.0722,-3.6707,2.0945,-1.5772
1.164,3.2532,0.2665,4.5571,2.812,1.0476,-1.2724,5.6726,-1.5346,-0.7152,2.0861,-2.8607,-3.3638,1.7263,-0.3365
1.0367,3.3836,0.2872,4.4067,2.8672,1.4849,-1.3352,5.8539,-1.417,-0.3557,2.2828,-2.9322,-3.6832,1.9482,0.0916
1.0876,3.3563,0.7149,4.2662,3.1219,1.5796,-0.9711,5.5343,-1.9151,-0.5281,2.4681,-1.7966,-3.2915,1.7717,0.0515
0.9814,3.3952,0.3259,4.5073,2.9399,1.6563,-0.9996,5.3871,-2.2828,0.1524,2.5838,-1.7642,-3.1282,1.766,0.7164
1.0078,3.7774,0.1446,4.0103,2.7558,1.3922,-0.7942,5.2156,-2.4474,0.4402,2.0739,-1.8027,-2.9372,2.0997,1.019
1.4505,4.0494,0.0883,4.9654,2.7459,0.9846,-0.62,5.1895,-2.017,0.3274,2.4018,-1.9443,-2.88,2.3434,1.1163
1.2623,3.9551,0.2895,4.4448,2.6987,1.5093,-0.713,4.7838,-2.2784,0.3386,2.2861,-2.2755,-2.7823,2.3185,1.428
1.0981,3.9089,-0.2071,4.0801,2.4813,1.9214,-0.642,4.4851,-2.4381,0.2561,2.1263,-2.3944,-2.6454,3.4342,1.1872
1.1333,3.5254,-0.7137,4.3337,2.0475,1.8279,-0.9569,3.6628,-2.3506,-0.3708,2.1648,-1.7946,-2.1313,3.5897,1.2816
1.0776,3.4685,-1.1296,4.7235,2.7479,1.4996,-0.9867,3.2199,-1.789,-0.1907,2.0059,-1.6977,-2.1103,4.0314,0.8628
1.0782,3.2406,-1.5766,4.3455,2.3735,1.647,-0.855,2.6774,-1.8888,-0.0661,1.6047,-1.685,-2.161,4.0096,0.7149
1.1882,2.9266,-1.9283,4.4483,2.1226,1.4119,-0.8933,2.8533,-1.1886,0.5882,1.3326,-2.4522,-2.2535,4.5617,0.6282
1.2512,3.0698,-1.8442,4.939,2.1562,1.5483,-0.9613,2.6496,-1.0677,0.4841,1.4855,-2.5713,-1.9866,4.6818,0.4911
1.1314,3.1165,-1.9869,4.6857,2.7764,1.4062,-0.7274,2.5556,-1.2077,1.0274,1.1736,-2.7498,-1.9038,4.8701,0.6065
0.9624,2.9745,-2.3617,4.6968,2.2608,1.2039,-0.6299,2.5459,-1.1634,1.1057,0.8141,-3.0962,-2.0085,4.7059,0.4568
1.0109,2.7449,-2.3941,4.36,1.6442,1.2943,-0.6347,2.6401,-0.8905,0.5541,0.5331,-3.6609,-2.1122,4.7446,0.1388
0.9259,2.8055,-2.4704,4.4515,1.7155,1.2021,-1.0061,2.925,-0.3434,0.0202,0.3834,-3.3985,-2.1267,5.2743,-0.0924
0.9213,2.4534,-2.044,4.7267,1.6851,1.2644,-1.4645,2.7065,-0.1752,-0.285,0.3549,-3.5289,-2.274,4.9238,-0.5582
0.8181,2.5533,-1.9258,4.8419,1.6343,1.3944,-1.4951,2.8387,-0.4116,-0.4261,0.5492,-4.0755,-2.6317,4.7831,-0.8321
0.9704,2.5786,-2.0476,4.7131,1.7107,1.5248,-1.3388,3.2306,-0.3551,-0.6676,0.8319,-4.0895,-2.2974,4.5735,-1.0943
0.7843,2.7102,-1.4774,5.3349,1.8465,1.3799,-1.2895,3.1745,-0.2493,-0.3446,1.736,-3.6581,-2.3976,4.2215,-0.9857
0.8163,3.0603,-1.3074,5.487,1.8457,1.3894,-1.4309,3.0095,-0.6627,-0.6937,1.8577,-3.388,-2.5106,3.85,-0.6675
0.8641,3.1247,-1.63,5.1024,1.6158,1.2768,-1.3602,3.0696,-1.1244,-0.6333,1.6991,-3.1622,-2.1785,3.878,-0.5171
0.7626,2.9849,-1.8793,4.827,1.7943,1.6787,-1.4837,2.9423,-1.2281,-0.2997,1.6447,-3.2617,-2.1764,4.3339,-1.2007
0.8364,2.9752,-2.1808,4.7048,1.9247,1.0198,-1.4692,2.9477,-0.9594,-0.57,1.3373,-3.5549,-2.2607,4.7122,-1.0183
0.8207,2.9077,-2.2096,5.0379,1.7193,1.223,-1.2181,3.0386,-0.6793,-0.637,1.0663,-3.7212,-2.4753,4.6374,-1.2248
0.6536,3.0877,-2.4113,5.2989,3.0908,1.3867,-1.1666,3.2766,-0.4097,0.0097,1.2408,-3.3722,-2.511,4.7149,-0.9754
0.6865,3.014,-1.9871,5.2145,2.2352,1.3722,-1.0397,3.4025,-0.642,0.4377,1.1344,-3.3165,-2.6508,3.8271,-0.5304
0.7608,2.8909,-1.7038,5.0366,1.7537,1.7593,-1.5173,3.6688,-0.5757,-0.0943,1.2687,-3.4105,-2.6275,3.8428,-0.3815
0.7458,2.9063,-1.737,5.0343,1.9979,1.9895,-1.4543,3.3812,-0.7259,-0.5604,0.8229,-3.4659,-2.7285,3.7037,-0.8051
0.6224,3.0372,-1.542,4.7007,1.7687,2.3228,-1.47,3.4392,-0.7321,-0.4635,0.9814,-3.9809,-2.7727,3.4847,-1.0636
0.6015,3.2769,-1.6848,4.8998,1.921,1.8338,-1.6537,4.1124,-0.3668,-0.5262,1.1248,-3.4408,-2.9654,3.8409,-0.8492
0.6207,3.2169,-1.4866,5.2173,2.1794,1.4221,-1.5476,4.4006,-0.5623,-0.4542,1.4225,-3.6279,-3.1163,3.5103,-0.8605
0.5933,3.3711,-0.814,5.1842,2.0943,1.9136,-1.452,4.4442,-0.7455,-0.0962,2.1031,-3.1383,-2.8128,3.2751,-0.687
0.7146,3.8452,-0.3146,5.0523,1.8447,1.5996,-1.4259,3.9352,-1.2554,-0.2191,2.2831,-2.7497,-2.9117,3.2313,-0.4133
0.6854,3.7704,-0.7918,4.7979,1.9647,1.7997,-1.2345,3.8186,-1.5635,-0.5611,1.8755,-2.4607,-3.0252,3.3476,-0.4371
0.6772,3.4224,-0.9823,4.9264,2.138,1.8828,-1.183,4.1383,-1.3883,0.0141,2.1353,-2.8225,-3.1401,3.7636,-0.0382
0.7848,3.5252,-0.9317,4.5587,2.2443,1.7962,-1.2447,3.9419,-1.4631,-0.0095,1.7651,-2.827,-2.9866,3.8199,-0.2798
0.5385,3.5664,-1.0455,4.7296,2.3378,2.1167,-1.3498,3.5903,-1.3781,-0.1569,1.8162,-2.7932,-2.9446,3.9004,0.0009
0.4897,3.3563,-1.5379,4.8269,2.1248,2.2335,-1.1948,3.5107,-1.6582,-0.0716,1.8172,-3.251,-2.7585,3.9128,0.1033
0.6269,3.2933,-1.4915,5.1397,1.8572,2.2004,-1.0102,3.3025,-1.3167,0.3102,1.7864,-3.1009,-2.7394,4.1372,0.0318
0.5217,3.6527,-1.6686,4.5859,1.7454,1.9063,-1.2674,3.4623,-1.0639,-0.1018,1.3989,-3.1363,-2.4974,4.4706,0.113
0.7976,3.4364,-1.8487,4.8529,1.6582,1.8913,-1.4226,2.9248,-1.1933,-0.2127,0.934,-3.3792,-2.4223,4.4475,-0.3018
0.9162,3.0323,-1.9333,4.8814,1.6898,1.6761,-1.5165,3.2034,-0.7543,-0.3422,1.0108,-3.4644,-2.4212,4.8881,-0.165
0.4785,3.1887,-2.4465,4.6804,1.8835,2.1605,-2.1624,2.9701,-0.8424,0.2262,1.0415,-2.4791,-2.663,4.7835,0.0964
0.8018,2.9231,-2.2017,4.8403,1.5739,1.8369,-1.9914,3.109,-0.6768,0.3134,0.6768,-3.0803,-2.5534,5.1156,-0.2766
0.8375,2.9238,-2.115,4.7034,1.0382,1.826,-2.0393,3.3154,-0.421,-0.0494,0.7273,-3.0982,-2.7819,4.8003,-0.7022
0.8489,2.9919,-2.1728,4.8832,0.936,2.824,-1.8254,2.9808,-0.5495,-0.7397,0.8515,-4.0054,-2.7997,4.8034,-0.9766
0.7358,3.0932,-2.2519,5.2286,0.7422,2.2304,-1.8975,2.8422,-0.5545,-0.4092,1.1311,-3.86,-2.5357,4.8907,-0.8441
0.7538,3.1314,-2.266,4.9004,0.7098,2.0879,-2.0966,2.7487,-0.7105,-0.8257,1.0775,-3.5499,-2.2235,4.971,-0.8784
0.8,2.6938,-2.5732,4.6597,0.9518,1.9335,-2.0971,2.4722,-0.9403,-1.0645,0.913,-2.9304,-2.3057,5.2017,-1.6248
1.1261,2.8517,-2.396,5.0043,1.1235,1.9786,-2.1097,2.3371,-0.9603,-0.9517,0.9604,-3.2567,-2.519,5.2339,-1.5201
0.7598,3.0352,-2.5277,5.0295,0.512,1.828,-1.9507,2.5009,-1.0413,-1.2383,0.9529,-3.3365,-2.6745,4.9989,-1.8206
0.7638,3.0959,-2.2862,4.9072,1.0893,2.0408,-2.018,2.4361,-1.2956,-1.3083,0.9319,-3.5858,-2.8595,5.0942,-1.6992
0.6611,3.283,-2.2325,5.1093,1.6249,2.104,-1.9734,2.7139,-1.15,-1.1689,1.0599,-3.1918,-2.6168,4.8367,-1.6419
0.8652,3.1424,-2.7044,4.7824,1.3496,2.085,-2.066,2.6829,-1.3819,-1.1168,0.7857,-3.5439,-2.6756,4.6628,-1.4416
0.9157,3.1098,-2.8488,4.7352,1.3442,1.9372,-2.1369,2.9568,-0.8667,-0.8798,0.6178,-3.1196,-2.8038,4.7332,-1.9176
0.9026,3.2084,-2.3176,4.8218,1.7415,1.8636,-2.0844,3.2906,-0.715,-1.0959,0.6453,-3.3704,-2.7827,4.6582,-1.765
0.8501,3.1481,-1.9195,4.5516,2.1475,1.4149,-2.0536,3.5683,-0.8672,-0.9126,0.7691,-3.5507,-2.891,4.726,-1.8802
0.8027,3.3718,-1.6406,4.6574,1.8567,1.4138,-1.9344,3.6069,-1.1505,-0.9556,0.9351,-3.6207,-3.0502,4.2065,-1.9298
0.6195,3.4379,-1.4611,5.7272,1.5467,1.4355,-2.0219,3.9175,-1.1045,-1.497,1.4606,-3.631,-3.1697,4.0323,-1.5658
0.777,3.5106,-1.4612,5.4251,1.932,1.645,-1.8937,4.0089,-1.3902,-1.5151,1.1717,-3.4445,-3.1061,3.5047,-1.3568
0.8037,2.7806,-1.3538,4.7757,1.9959,1.3212,-1.7851,4.3009,-1.3455,-1.1388,1.3313,-3.3059,-3.3645,3.3555,-0.7537
0.9244,3.3315,-1.0446,4.7495,2.1776,1.3541,-1.3341,4.6413,-1.31,-0.5266,1.6855,-3.0428,-3.335,3.3122,-0.0021
0.7298,3.4279,-0.8141,4.561,1.9051,1.7655,-1.8799,4.2119,-1.6645,-0.8056,1.6639,-3.1191,-3.0553,2.8865,0.3901
0.901,3.5217,-0.7921,4.2889,1.7892,1.685,-1.9612,4.2665,-1.8285,-0.4989,1.6868,-2.9809,-3.4045,3.3179,0.139
0.9133,3.7254,-0.8217,4.2128,1.9281,1.1445,-1.8665,4.4856,-1.7972,-0.7349,1.6047,-2.7034,-2.8834,3.6708,0.1402
0.5934,3.734,-0.8503,4.237,1.9648,1.6731,-1.8157,4.1437,-1.956,-0.6411,1.7242,-2.8211,-3.0438,3.672,0.3312
0.7121,3.645,-0.5928,4.2903,2.1374,2.0853,-1.734,4.0317,-2.3472,-0.9314,1.7478,-2.4598,-3.1264,4.075,-0.0389
0.8455,3.7388,-0.5111,3.6622,2.4002,2.0434,-1.8062,3.5619,-2.3326,-0.6599,1.4664,-2.6105,-3.5679,4.4148,0.1177
0.9054,3.6085,-1.0316,3.7679,2.5169,2.135,-1.5196,3.4165,-2.0928,-0.4931,1.1644,-2.4631,-3.2173,4.6802,-0.2289
0.8558,3.4809,-1.2382,3.9079,2.6542,1.8877,-1.5276,3.298,-1.7893,0.3551,1.1058,-2.4702,-2.9629,5.0097,0.1498
0.6901,3.3187,-1.7403,4.0706,2.5095,2.1903,-1.2777,2.7602,-1.9044,0.6052,1.0941,-2.7794,-2.6767,5.1595,0.7587
0.8187,3.3282,-2.1082,4.101,2.0369,1.8324,-1.2057,2.7527,-1.3542,0.2485,1.0552,-3.2277,-2.6314,5.3709,0.3836
1.0567,3.2277,-2.314,4.0515,1.075,1.6078,-1.2755,2.6042,-1.2464,-0.2209,0.8287,-3.3679,-2.3782,5.7958,1.0522
0.9516,3.0727,-2.3245,4.3536,1.3979,1.5854,-1.3519,2.7257,-1.1139,-0.3853,0.9898,-3.4821,-2.4313,5.9743,0.3018
0.6385,2.9691,-2.5486,4.6022,1.432,1.9377,-1.576,2.1491,-1.3416,-0.7129,1.1287,-3.5142,-2.8961,5.5927,0.0914
0.4358,2.7016,-2.9535,4.9406,1.3431,2.3182,-1.4109,2.1981,-1.3186,-0.8141,1.1972,-3.4329,-2.7967,5.5811,-0.025
0.8199,3.0637,-3.1497,4.5229,1.4455,2.2974,-1.5203,2.3372,-0.9594,-0.9078,0.8195,-3.4762,-2.5009,5.4691,-0.1351
1.0535,2.8475,-2.8612,4.4501,1.3809,2.1002,-1.4799,2.4597,-0.6131,-0.533,0.5383,-3.6058,-2.3319,5.6986,-1.1744
1.0368,2.6064,-2.7409,4.2696,0.7838,2.0457,-1.4478,2.316,-0.7755,-0.9142,0.7773,-4.3085,-2.1348,5.3698,-1.0338
0.9995,3.1738,-2.3883,4.153,1.0086,2.1935,-1.9379,2.4994,-0.4793,-1.3589,0.8045,-4.0261,-2.3497,5.7657,-1.3642
0.8683,3.188,-2.5695,4.0309,1.6442,2.0771,-2.1283,2.0959,-0.8176,-1.3391,0.5922,-3.8742,-2.2362,5.6503,-1.6209
0.7247,2.9351,-3.2666,3.8741,1.648,2.0748,-2.1255,2.252,-0.8398,-0.8441,0.5369,-3.6716,-2.5129,5.4264,-1.7436
0.7682,2.7395,-2.9805,4.0737,1.3431,2.3268,-2.0041,2.521,-0.282,-0.8288,0.4331,-3.9637,-2.7776,5.5777,-1.645
0.7968,2.5184,-2.5016,4.2636,1.3621,2.4458,-1.7253,2.4998,-0.3182,-1.1723,0.4428,-4.4209,-2.5472,4.5035,-1.7157
0.9315,2.1113,-2.0144,4.1268,1.7624,2.3458,-1.678,3.0769,-0.1984,-0.8652,0.4759,-3.7988,-2.7413,4.284,-0.5126
0.9721,2.1868,-1.8469,4.502,1.5771,2.1078,-1.6341,3.6241,-0.5083,-0.6189,0.8033,-4.1469,-3.071,4.108,-0.2471
0.863,2.5735,-1.644,4.1981,1.5371,2.3781,-1.6872,3.8978,-0.652,-0.1165,0.716,-3.6954,-3.1835,3.9163,-0.3743
0.8792,2.6826,-1.3459,4.3974,1.0545,2.3922,-1.6135,4.3373,-0.8702,-0.4187,1.1209,-3.7047,-3.22,3.8176,-0.7635
0.8798,3.1625,-0.7988,4.326,1.6751,2.5604,-1.7606,4.4651,-1.0511,-0.8132,1.4809,-4.0206,-2.8422,3.6281,-0.434
0.5356,3.0042,-0.605,4.2885,2.0575,2.7232,-1.6446,3.9213,-1.2593,-0.2268,1.6692,-3.5143,-2.9002,3.6583,0.2604
0.7611,2.9911,-1.2918,4.2996,2.1319,2.5465,-1.5914,3.2325,-1.9189,0.3655,1.6494,-3.4782,-2.973,3.7867,1.3185
0.795,2.9323,-1.6903,4.1425,2.2457,2.1437,-1.3523,3.5978,-1.4495,0.8534,1.2088,-3.3085,-2.6587,4.3759,0.9814
0.7981,2.9452,-1.505,4.3916,1.8464,2.1221,-1.2523,3.2699,-1.5032,0.6471,1.2783,-3.7435,-2.5105,4.2151,1.0178
0.7132,2.2891,-1.6489,4.449,1.287,2.1031,-1.376,3.1867,-1.3565,0.3234,1.6715,-4.0775,-2.4335,4.4961,0.7154
0.8881,2.8783,-1.8371,4.0981,1.564,2.2505,-1.6483,2.9212,-1.4078,0.4744,1.5252,-3.5454,-2.3959,5.0049,0.7372
1.0297,2.9173,-2.1097,3.8084,1.918,2.3649,-1.553,2.7725,-1.2635,0.259,1.0266,-4.2965,-2.4629,5.1881,0.6801
0.9926,2.7773,-2.5673,4.0761,1.8722,2.3237,-1.4508,2.5856,-1.1071,0.3493,0.9663,-3.7564,-2.379,5.1775,0.4101
0.8116,2.6234,-2.5482,3.9746,1.6772,1.8117,-1.4933,2.9365,-0.6419,0.1842,0.6425,-3.4272,-2.4228,5.2563,0.6932
