x0,x1,x2,x3,x4,x5,x6,x7,x8,x9,x10,x11,x12,x13,x14
0.1821,0.1509,1.1419,0.2589,-0.434,-0.1444,-0.1067,1.268,0.2681,-1.8047,0.0083,-0.5787,-0.367,-1.3231,-1.6631
0.2232,0.3663,1.1412,0.423,-0.0291,-0.3647,-0.1677,1.6139,-0.1664,-1.4077,0.4847,-0.9423,-0.3633,-1.1788,-1.0661
-0.508,0.0875,0.8971,0.1162,-0.0184,-0.2288,-0.2754,1.2704,-0.5011,-1.3624,0.8284,-0.201,-0.2502,-1.3193,-0.6301
-0.5345,0.1332,0.674,0.0072,0.2408,-0.0106,-0.3471,1.043,-0.5678,-1.2307,0.1099,0.2782,-0.3758,-1.2588,-0.5102
-0.0345,-0.0639,0.9856,0.0651,0.3251,0.0044,-0.3853,1.2166,-0.0666,-1.0529,0.2471,-0.0108,-0.5747,-0.8785,-0.4977
0.0611,0.2402,0.9348,-0.0079,0.242,-0.0329,-0.3336,1.4017,0.0934,-0.9307,0.5026,-0.0954,-0.66,-0.8989,-0.2598
0.2099,0.7244,1.1723,0.102,0.9877,-0.1763,-0.6247,1.6994,-0.0408,-0.7029,0.5949,0.1597,-0.4174,-1.1182,-0.1891
0.1804,0.6297,1.5801,0.0905,0.9834,-0.2168,-0.2688,1.3186,-0.5447,-0.4163,0.8443,0.3138,-0.5822,-1.426,0.3405
0.1842,0.4209,1.4627,0.0043,0.9739,-0.0036,-0.1531,1.3351,-0.4717,-0.1688,1.0647,0.5986,-0.6017,-1.1487,0.7491
0.1634,0.845,1.2526,-0.1618,0.7534,-0.0463,0.1266,1.4185,0.1618,0.1204,0.8158,0.6844,-0.3653,-1.0359,1.1048
-0.0229,0.4799,1.2152,0.0282,0.5737,-0.0147,0.2815,1.2307,-0.2663,0.0331,0.4577,0.8824,-0.0314,-0.964,0.8761
0.4116,0.5724,1.3976,-0.1632,0.3655,-0.1627,0.1314,1.5544,-0.4887,0.1966,0.5619,0.6518,0.1118,-0.97,0.9229
0.2198,1.0042,1.3021,-0.3925,0.559,-0.2028,0.1681,1.9502,-0.607,0.443,0.6573,0.6584,-0.2678,-0.5956,1.4743
0.1723,0.9577,1.482,-0.6557,0.3151,-0.4268,0.2519,1.7649,-0.8122,0.1759,0.7879,0.6586,-0.3064,-0.6189,1.5428
-0.0861,0.8494,0.947,-0.4833,0.3075,-0.0851,0.0393,1.4664,-1.0786,-0.1257,0.0555,0.8406,-0.3883,-0.4955,1.2595
0.3019,0.644,0.6876,-0.2858,0.1589,-0.0785,0.029,1.5256,-0.555,-0.7051,0.0543,0.5434,-0.5382,-0.4812,0.5597
0.5517,0.3397,1.0308,-0.1022,0.5632,-0.0702,0.1678,1.4943,-0.8997,-0.8362,0.1797,0.3651,-0.4581,-0.4402,0.5468
0.396,0.5266,0.6695,-0.0686,0.7775,-0.1623,0.0007,1.3826,-0.6364,0.0675,0.4013,0.2821,-0.4478,-0.418,0.7136
0.3694,0.6829,0.8548,0.19,0.7323,-0.2058,0.1103,1.1968,-0.3195,0.2984,0.3267,0.3447,-0.4182,-0.4622,0.9044
0.2237,0.8441,0.5381,0.0115,0.501,-0.1471,0.3683,0.8423,-0.9653,0.1744,0.311,0.1227,-0.2705,-0.7968,0.9813
0.2061,1.1483,0.1861,0.0583,0.0658,0.0448,0.1185,1.0704,-0.2841,-0.223,0.0053,0.1658,-0.1467,-0.5547,1.0867
0.5335,0.4673,0.058,0.113,0.652,-0.0085,0.2079,0.8444,-0.0572,-0.4055,0.0679,-0.0443,-0.2673,-0.4833,0.7726
0.3941,0.5021,0.079,0.2121,0.5906,0.2403,0.367,0.773,-0.3735,-0.0167,-0.2277,-0.0581,-0.3587,-0.6759,0.738
1.0091,0.3303,0.2185,0.1538,0.2892,-0.2049,0.1023,1.2373,0.048,0.0387,0.2079,-0.2825,0.089,-0.7193,1.0577
0.5132,1.0066,1.1624,-0.0475,-0.0019,-0.0838,0.0765,0.9937,-0.2691,0.3574,0.8422,0.0193,-0.1277,-0.5297,1.5777
0.3311,0.6772,0.6205,-0.0993,0.2868,-0.2073,-0.0998,0.3669,-0.7394,0.0079,0.7533,0.4087,0.0458,-0.4594,1.598
0.1181,0.7175,-0.0633,0.0451,0.5115,-0.2149,-0.0392,-1.1902,-1.3539,0.5398,0.8077,0.4403,0.4378,-0.1234,1.7674
0.0984,0.6723,-1.479,0.0227,0.3998,0.0594,0.197,-0.5019,-0.4338,0.8999,0.1385,0.6677,0.9641,0.6689,1.7747
-0.0683,0.3187,-1.5419,0.2031,-0.2491,0.2619,0.1197,-1.1925,-0.1864,0.4872,-0.7829,0.5852,1.7593,0.7619,1.2968
-0.277,-0.4327,-2.2792,0.3747,-0.7174,0.465,-0.0549,-1.6737,-0.185,0.0331,-0.2326,0.0816,1.613,1.2747,1.5835
-0.2616,-0.3319,-2.8778,0.1077,-0.8484,0.6346,-0.0356,-1.9678,0.1413,-0.0894,-0.8253,-0.1317,1.8152,1.8471,0.9018
-0.1548,-0.4255,-2.6271,0.4474,-0.9845,0.2945,-0.2908,-1.2493,1.0695,-0.5577,-0.8701,-0.779,1.4341,2.0367,0.4277
0.0293,-0.64,-2.7275,0.3438,-0.734,0.487,-0.7994,-1.7314,0.8804,-0.5465,-1.1218,-0.8534,1.354,1.6361,-0.2123
0.1106,-0.3427,-2.8227,0.4001,-1.1959,0.2915,-0.8078,-1.6731,1.1754,-0.7006,-1.0788,-1.0008,0.9734,1.6173,-0.4534
0.1875,-0.6009,-2.2024,0.7491,-1.186,0.5116,-0.9411,-1.566,1.3333,-1.3998,-0.8325,-1.264,0.9484,1.4788,-0.9625
0.3038,-0.542,-2.3016,1.033,-1.1498,0.1784,-1.0516,-1.1166,1.0937,-1.4971,-0.5919,-1.4559,0.8796,1.2553,-1.1889
0.5731,-0.3668,-1.9251,0.6237,-0.4328,0.163,-0.8566,-0.9423,1.1707,-1.5924,-0.0621,-1.5777,0.6849,0.9625,-1.0599
0.8999,-0.0579,-1.1208,0.2652,-0.3429,-0.1401,-1.0361,-0.6772,0.7083,-1.1558,-0.8201,-1.0226,0.3041,0.5783,-1.1364
0.2142,-0.0001,-1.2865,0.0845,-0.4809,-0.0579,-0.8624,0.1807,0.6742,-0.8887,-0.9086,-1.1325,-0.0311,0.5705,-1.1371
0.2554,-0.6347,-1.4192,0.2746,-0.7025,0.186,-0.8101,0.5095,0.8027,-1.6022,-0.6387,-1.1613,0.0268,0.1938,-1.3071
0.2877,-0.4685,-0.4058,0.1931,-1.3547,0.1745,-0.8526,0.8548,1.1652,-2.0636,0.1275,-1.357,-0.0769,-0.2621,-1.246
-0.1861,0.0892,0.0289,-0.0463,-0.357,0.3466,-0.7005,0.8657,0.5518,-2.2228,0.031,-0.786,0.0056,-0.594,-1.3197
-0.1256,-0.1117,-0.2148,-0.1589,0.5882,0.5373,-0.613,0.7562,0.0837,-1.9252,0.3165,-0.5576,-0.1398,-0.8996,-1.1658
0.092,-0.077,-0.3523,0.004,0.5505,0.5971,-0.313,0.7654,0.062,-0.9619,0.2372,-0.255,-0.0465,-1.0363,-0.803
0.2404,-0.0319,-0.318,0.2192,0.1575,0.5435,-0.159,1.1506,0.1851,-1.067,0.0003,-0.2498,-0.2869,-1.3128,-0.6387
0.304,0.1307,0.1648,0.2451,-0.0209,0.3413,-0.3293,1.7432,0.2423,-1.2116,0.5182,-0.412,-0.0844,-1.4018,-0.2645
0.7928,0.4168,0.7243,0.1569,-0.0906,-0.0488,-0.4585,2.0762,0.0074,-1.4162,0.568,-0.3309,-0.1156,-1.2494,-0.1339
0.4372,0.6346,0.7596,-0.2089,0.2495,-0.1731,-0.3982,2.0788,-0.2901,-1.1311,0.7551,-0.2061,-0.3042,-1.3274,0.053
0.0908,0.116,0.9101,0.3827,0.149,0.1116,-0.6799,1.5238,-0.5228,-1.3345,1.0758,0.1501,-0.4378,-1.5135,-0.0294
0.0429,0.4795,0.4573,-0.2975,0.5643,0.109,-0.8635,1.9063,-0.0884,-0.9729,0.6687,0.334,-0.3005,-1.4636,-0.0488
0.1242,0.1864,0.7178,-0.3564,0.5518,0.2271,-0.5238,1.6814,-0.5724,-0.5286,0.2982,0.3387,-0.4531,-1.4652,-0.1102
0.068,0.0771,0.5381,-0.0364,0.3974,0.406,-0.1708,1.615,0.588,-0.2729,0.755,0.1828,-0.504,-1.4631,0.346
0.1052,0.5108,0.5601,-0.1844,0.061,0.4571,0.453,1.3323,-0.503,-0.4142,0.5987,0.235,-0.2303,-1.8155,0.4523
0.3734,0.3606,0.8072,-0.4523,0.0087,0.2909,0.0827,2.0704,-0.47,-0.828,1.1845,-0.0361,-0.2392,-1.3294,0.7421
-0.008,0.3707,0.5401,-0.2517,0.2273,0.2319,-0.2204,1.4379,-0.473,-0.9352,1.0933,0.328,0.2137,-1.4905,0.936
0.4069,0.4921,0.6057,-0.3292,0.0461,0.0946,-0.1616,1.4501,-0.3265,-0.8326,0.4748,0.4921,-0.028,-1.4348,0.4994
0.4445,0.4024,0.5659,-0.4459,0.2149,-0.1787,-0.3181,1.3462,-0.3278,-0.8432,0.5262,-0.0801,-0.1483,-1.3618,0.5242
0.5562,0.4976,0.8147,-0.2427,0.3039,0.0443,0.4229,1.4181,-0.4274,-0.5964,0.796,0.0142,-0.3407,-1.0847,0.6601
0.3557,0.5191,0.1583,0.2582,0.4438,-0.0606,0.1123,1.302,-0.1959,-0.3369,1.4956,0.1487,-0.152,-1.1749,1.226
0.6658,0.9141,0.5449,-0.0242,0.2775,-0.3297,-0.1484,1.0125,-0.3191,-0.2002,1.0015,0.3971,-0.2437,-1.3691,1.3096
0.061,0.8807,0.2237,0.0005,0.1156,-0.0331,-0.0803,1.0483,-0.4344,-0.105,-0.2095,0.1491,-0.2951,-1.2108,0.7565
0.2186,0.4065,0.0878,0.1807,0.1745,0.2095,0.193,1.0201,-0.3908,-0.359,0.1326,-0.4107,-0.1763,-0.8943,0.4542
0.102,0.2611,-0.0288,0.1641,0.3674,0.2371,0.1695,1.554,0.1526,-0.3356,0.1569,-0.4465,-0.3619,-0.8878,0.5483
-0.0155,0.1688,0.4449,0.1366,0.1596,0.379,0.1764,0.666,-0.2179,-0.2793,0.025,-0.4622,-0.2063,-1.3551,0.4437
-0.0849,0.2545,-0.0054,0.2576,0.4986,0.3392,0.6296,1.0839,-0.1617,-0.4995,0.2227,-0.3862,0.6905,-1.1415,0.5034
-0.1866,0.1376,-0.0654,0.4577,0.2402,0.2872,0.7596,1.0511,-0.1447,-0.4134,0.8419,-0.449,0.5251,-1.4204,0.9896
-0.2337,0.2768,-0.09,0.2961,0.2518,-0.2265,0.5132,1.156,-0.5804,-0.3636,0.7707,-0.3269,0.4088,-1.4524,1.1509
-0.13,0.5031,-0.4824,0.1551,-0.0175,-0.0525,0.5952,1.5359,-0.2982,-0.4187,0.7846,-0.0451,-0.1845,-1.269,1.1026
-0.3142,0.7171,-0.4618,0.2034,0.1399,0.2102,0.3947,1.3321,-0.1749,-0.7772,0.6356,0.0909,-0.3897,-1.169,1.0065
-0.1396,0.5349,-0.1042,-0.1607,0.1733,0.4534,0.2944,1.1008,0.1804,-0.9908,0.5633,-0.0864,-0.108,-1.1457,0.8274
0.0565,0.6644,-0.2742,-0.0631,0.1959,0.3662,0.4807,0.3531,-0.5814,-0.8909,0.6651,-0.1549,0.1156,-0.9946,0.8448
0.5799,0.5272,-0.419,-0.1524,0.0716,0.0371,0.2925,0.5613,-0.2162,-0.7278,0.3381,-0.1134,0.0567,-0.7124,0.6619
0.1967,0.545,-0.2664,-0.2772,0.1795,0.0028,0.2735,0.6197,0.283,-0.3368,0.2274,-0.3454,-0.0971,-0.5603,0.7379
0.3374,0.4124,-0.2842,-0.3486,-0.0076,-0.0963,-0.0062,0.6288,0.173,-0.9551,-0.0681,-0.4532,-0.3166,-0.7529,0.412
0.1235,0.347,-0.1657,-0.2466,-0.0594,-0.042,-1.6478,0.9598,0.2915,-0.6606,0.1893,-0.5661,-0.2531,-0.5456,0.3003
-0.0298,0.3833,0.4501,0.2503,0.1264,0.0457,-1.1536,0.8709,0.0401,-1.324,0.4758,-0.6245,-0.6507,-0.7988,-0.5372
-0.2164,0.5965,0.1453,-0.6117,0.4826,0.2286,-0.7438,0.7761,-0.7404,-1.0778,0.2542,-0.6332,-0.9083,-0.955,-0.927
0.2216,0.3465,0.2839,-0.0477,0.1805,0.2894,-0.4104,1.5889,-0.6335,-1.3764,0.6187,-0.5232,-1.3847,-0.6139,-0.9303
0.2269,0.599,0.623,-0.3104,0.2254,0.4041,-0.3238,1.2877,-0.5681,-1.2837,0.6305,-0.461,-0.7537,-1.0764,-0.9368
0.2472,0.9002,0.1464,-0.1813,0.7822,0.0512,-0.268,0.7348,-0.593,-0.8996,0.8395,-0.1365,-0.5971,-1.1734,-0.6635
0.177,0.7694,0.0751,0.1265,0.6461,0.0132,-0.2376,0.3535,-0.1522,-0.6102,0.7035,-0.0202,-0.421,-0.9911,-0.4193
0.2629,0.9381,0.2173,-0.0907,0.7043,-0.0406,-0.4441,0.3648,-0.482,-0.306,0.8049,0.0903,0.0683,-0.9104,-0.0342
0.3565,0.4796,0.0818,-0.0142,0.6658,-0.1301,-0.5623,-0.1487,-0.5407,-0.16,0.7331,0.1794,0.3915,-0.7552,0.159
0.4749,0.643,-0.4428,0.0871,0.9656,-0.1959,-0.8839,-0.1309,0.0501,0.2618,0.8854,0.4656,0.2618,-0.5263,0.297
0.9324,0.4914,-0.3911,0.1214,1.1565,-0.686,-0.8182,0.3407,0.2489,0.6256,0.4829,0.5042,-0.1623,-0.5631,0.1542
0.5059,0.592,0.0979,0.422,0.6263,-0.5628,-0.4802,0.2338,-0.0343,0.7578,0.5291,0.3839,-0.3074,-0.5737,0.3198
0.2201,0.7329,-0.259,0.3171,0.631,-0.4405,-0.5663,0.5991,-0.3245,0.1742,0.6592,0.1919,-0.2167,-0.4786,0.3739
0.3423,0.7633,-0.2461,0.3803,1.2906,-0.4914,-0.6021,0.6052,-0.2348,-0.0248,0.5452,0.3467,-0.0344,-0.3497,0.0081
0.4428,0.5057,-0.2058,0.3604,1.2852,-0.5884,-0.5571,0.906,-0.046,0.132,0.5343,0.1977,-0.0275,-0.5431,-0.0851
0.0548,0.524,-0.2319,0.1966,1.1756,-0.1783,-0.4802,0.8267,-0.0806,-0.127,0.4943,-0.2841,-0.1777,-1.0707,0.2028
0.2985,0.6513,-0.2246,0.2439,1.163,-0.3003,-0.3703,1.3391,0.3665,-0.244,0.3637,-0.0661,-0.4148,-1.4737,0.2968
-0.0169,0.692,0.3101,-0.0067,1.0772,-0.1695,-0.2068,2.0127,0.3501,-0.5788,0.3118,0.0565,-0.4184,-1.6875,0.1208
0.0182,0.5133,0.625,-0.2585,1.241,0.1009,-0.0962,1.7741,0.063,-0.8614,0.6309,0.1275,-0.6427,-2.0725,-0.2261
-0.0929,0.7932,0.8132,-0.0916,1.1458,0.0515,0.2082,1.7476,-0.136,-0.5952,1.0805,0.1029,-0.6559,-2.1489,-0.1003
0.0888,1.1814,0.4701,-0.0429,1.2402,0.1754,-0.0495,1.2322,-0.4594,-0.6116,1.3675,0.3138,-0.2974,-1.9369,0.1571
0.2712,0.9589,0.4352,-0.0133,1.4914,-0.1356,0.0788,0.4433,-0.6894,-0.2608,1.3654,0.5429,0.1754,-1.8122,0.6111
0.325,1.3083,-0.1975,0.0616,1.455,-0.0184,-0.0702,0.4457,-0.5901,0.2421,0.969,0.7624,0.0966,-1.276,0.8124
0.0176,1.3444,-0.807,-0.0839,0.7164,-0.4215,-0.0993,0.3573,-0.2174,-0.0003,0.6907,0.443,0.0195,-0.961,0.5742
0.1042,1.0511,-0.8066,0.4466,0.9059,-0.6876,-0.0987,0.1077,-0.3347,-0.1132,0.6579,0.4489,0.4684,-0.548,0.3127
0.0941,0.7652,-0.7094,0.081,0.7895,-0.9429,-0.061,0.0284,0.0642,-0.1284,0.3405,0.1957,0.431,-0.3732,-0.035
0.2773,0.6992,-0.6345,0.3612,0.5867,-1.0344,0.0441,0.4692,0.2923,-0.144,0.4303,-0.0286,0.156,-0.1891,-0.0497
-0.1185,0.9377,-0.3951,0.2471,0.806,-0.551,0.0686,0.3727,0.1325,-0.0281,0.0473,-0.3127,0.01,-0.194,-0.3353
-0.2217,0.5381,-0.9612,0.3489,0.6031,-0.4892,0.3588,0.2755,-0.086,-0.312,0.4839,-0.5539,0.2386,-0.2566,-0.4073
-0.1057,0.5879,-0.8315,0.4675,0.1311,-0.3403,0.2499,0.1647,0.1442,-0.66,0.3155,-0.5888,-0.0253,-0.3715,-0.62
0.1549,0.8413,-0.3769,0.3853,0.3435,-0.3008,0.2406,1.0982,0.5467,-1.0029,0.5294,-0.5482,-0.3419,-0.4852,-0.6561
0.111,1.0298,-0.2371,0.3751,0.4551,-0.3663,0.3857,0.4997,0.1469,-1.0496,0.6206,-0.5457,-0.034,-0.7349,-0.6402
0.3435,0.9517,-0.1723,0.2246,0.946,-0.3569,0.0996,0.2893,0.162,-0.8867,0.3784,-0.411,0.4383,-0.6078,-0.6954
0.38,0.835,-0.5379,0.0801,0.8715,-0.5991,0.3746,0.0099,-0.1133,-0.405,0.1643,-0.4384,0.569,-0.6843,-0.5335
0.422,0.9796,-0.5905,-0.0741,0.8946,-0.7124,0.288,0.4821,0.2878,-0.2591,0.2965,-0.4271,0.2651,-0.5819,-0.2061
0.4185,0.7883,-0.5783,-0.2051,0.9594,-0.6563,0.3253,-0.266,-0.176,-0.1324,0.2,-0.5457,0.4858,-0.7295,-0.234
0.5456,0.9809,-0.4509,0.136,1.0256,-0.7181,0.3142,0.388,0.2331,0.2534,0.1595,-0.4529,0.6511,-0.3717,0.1341
0.3336,1.0673,-0.4906,0.0149,0.9385,-0.641,0.5087,0.5073,0.4718,0.2189,0.2177,-0.679,0.4933,-0.5967,0.0572
0.687,1.0057,-0.2428,0.0777,1.4003,-1.0174,0.3843,0.6195,0.5094,-0.031,0.2765,-0.6623,0.5606,-0.7759,0.2965
0.2623,0.9385,-0.1197,0.2073,1.4688,-0.676,0.5166,0.0536,-0.174,0.4448,0.8261,-0.5435,0.6791,-1.1573,0.5527
0.194,1.4335,-1.1139,0.0154,1.1876,-0.3907,0.6676,1.8489,0.7949,0.5921,0.5353,-0.2411,0.1035,-0.9671,0.6546
0.0545,1.3609,-0.1974,0.0719,0.8852,-0.277,0.4212,1.417,0.5061,-0.272,0.7997,-0.2667,0.0352,-1.5883,0.274
-0.1171,1.4449,-0.4185,-0.1278,0.9723,-0.1452,0.1934,1.4891,0.6261,-0.8846,0.1867,-0.0797,-0.1033,-1.8568,0.0261
-0.0854,1.2539,0.1342,0.3034,1.1022,-0.1148,0.2055,1.4557,0.2244,-1.1869,0.079,-0.2994,-0.0105,-2.1797,-0.4772
0.2352,1.1902,0.3536,0.0685,1.5239,-0.0612,0.8301,1.8084,-0.0256,-0.9664,-0.0473,-0.4027,0.0166,-2.3342,-0.4171
0.471,1.1392,0.7319,-0.112,1.4811,-0.164,0.8341,2.5472,0.6374,-0.7102,0.2378,-0.6201,-0.5324,-2.5396,-0.2033
0.1673,1.3779,1.0529,-0.2658,2.6234,-0.3817,0.6539,2.8417,0.4052,-0.3398,0.5449,-0.5445,-0.0459,-2.6967,0.2817
0.7463,1.2965,1.638,-0.1453,2.1867,-0.359,0.9126,2.5814,-0.4788,0.3375,0.8528,-0.4678,-0.2549,-3.1429,0.8208
0.1756,0.9783,1.4581,-0.1032,2.3014,-0.1692,0.8829,2.1325,-1.2081,0.7753,0.7723,-0.2633,-0.2157,-2.8727,1.2707
0.0033,1.4017,1.0349,-0.2174,2.6145,0.1318,0.9555,2.5066,-1.1288,1.1847,1.076,0.0329,-0.1544,-2.4552,1.7889
0.0041,1.2558,0.801,-0.1342,2.0353,0.2693,0.7206,2.1999,-1.2447,0.8657,1.3178,0.2928,-0.1484,-2.483,2.043
-0.3068,1.4259,0.2666,-0.0597,2.0655,0.3477,0.6702,2.0938,-0.9811,0.6987,1.0351,0.5381,-0.0997,-2.0626,2.0792
0.0097,1.1697,0.0338,-0.2111,2.0342,0.3239,-0.5499,1.4886,-1.0036,0.59,1.4847,0.5656,0.1559,-2.0597,1.9993
0.1451,1.0239,-0.0899,-0.2676,1.6466,0.2432,0.1538,1.0738,-0.4135,0.5915,0.7161,0.6639,-0.18,-1.6136,1.5697
0.3794,1.0479,-0.3799,-0.1332,1.6333,0.1599,0.3871,1.0236,-0.3734,0.4275,0.5974,0.4943,-0.0533,-1.3898,1.3885
0.0214,1.0685,-0.8575,-0.121,1.557,0.0082,0.5553,1.1631,-0.6839,0.4043,0.6336,0.2297,-0.068,-1.1133,1.274
0.0653,0.9588,-0.8848,-0.0168,1.691,0.0991,0.5841,0.6291,-0.4616,0.2103,0.3008,0.1394,0.0103,-0.7556,0.7011
0.2494,1.2154,-0.7608,-0.0468,0.8849,0.0471,0.497,0.5329,-0.0375,-0.2886,0.2192,-0.011,0.2114,-0.7372,0.4561
0.2332,1.3932,-0.7967,0.2182,1.2364,0.1195,0.2969,0.2888,-0.1036,-0.6695,0.7855,-0.0222,0.3351,-0.5803,0.3391
0.2642,1.0819,-0.9567,0.2378,1.2978,-0.1015,0.3074,0.9462,0.1855,-0.522,0.7479,0.1355,0.0476,-0.6444,0.3834
0.3042,1.2678,-0.8141,0.0656,1.23,-0.0082,0.2147,0.1145,-0.4455,-0.4814,0.7543,-0.0666,0.2932,-1.0061,0.3259
0.3591,1.4027,-1.0098,-0.1891,1.5363,-0.1722,0.4192,0.08,-0.1099,-0.111,0.3877,0.1277,0.0386,-0.6764,0.603
-0.1105,1.2633,-0.6869,0.1362,1.522,0.0358,0.3107,0.3709,0.4316,-0.0742,0.3124,0.0092,0.2043,-0.4693,0.5359
0.201,1.1611,-0.6316,-0.0204,1.3567,0.1734,0.3172,0.0055,0.2892,-0.5273,0.2947,-0.0026,0.1319,-0.7258,0.4945
0.1591,1.2459,-1.0901,-0.2374,1.3633,0.2363,0.1163,0.0263,-0.2418,-0.2143,-0.6279,-0.0803,-0.0233,-0.5342,0.2694
0.2351,1.0121,-1.5691,-0.3435,1.082,0.0997,0.2296,-0.2689,0.0524,-0.3576,-0.7242,-0.4862,-0.0993,-0.4478,-0.0966
-0.0007,0.948,-1.7037,-0.5712,0.3433,0.3232,0.486,0.4533,0.6181,-0.6276,-0.5336,-0.8672,-0.3445,-0.3373,-0.4176
0.2381,0.5724,-0.8426,-0.3029,0.5316,0.0971,0.3851,0.7315,1.1129,-1.2859,-0.0806,-0.9059,-0.1456,-0.6049,-0.7652
-0.1355,0.7925,-0.8412,-0.1655,0.9665,0.2956,0.4583,0.8644,0.5827,-1.0706,0.1695,-0.6505,-0.0363,-0.8941,-0.7302
0.4262,0.6179,-0.5951,0.1558,1.8978,-0.0363,0.6082,0.8782,0.4875,-0.6644,0.3195,-0.4767,-0.0857,-1.2152,-0.3314
0.398,0.9666,-0.3526,0.018,1.5071,-0.1636,0.7749,1.2613,0.0547,0.3222,0.4409,-0.3801,-0.0631,-1.5601,0.3345
0.2432,1.0744,0.0396,-0.0965,1.159,-0.1075,0.7964,1.2204,-0.1965,0.1684,0.4536,-0.0211,-0.3065,-1.5913,0.709
-0.0916,1.1755,-0.0187,-0.2156,1.7124,-0.0622,0.5137,1.5276,-0.4863,0.9193,0.7593,-0.1144,-0.2571,-1.0693,1.2672
-0.1622,0.983,0.0637,-0.2572,1.7938,0.0792,0.9502,1.0699,-0.5623,0.6576,1.0728,-0.0804,-0.6045,-0.9718,1.5384
0.2579,1.0214,-0.0366,-0.0828,1.8538,0.0626,1.0708,0.9103,-0.5646,0.886,1.1751,0.211,-0.4068,-0.9549,1.6653
0.0981,1.1785,-0.1692,0.1961,1.8482,0.1863,0.8478,0.5589,-0.7727,1.1082,0.8545,0.4285,-0.1379,-0.8671,2.15
0.1492,1.1877,-0.9632,0.3191,1.6037,0.2799,0.8269,0.3287,-0.7067,1.1109,0.4377,0.3153,0.0641,-0.8194,1.774
0.2654,1.0793,-0.899,0.1059,1.3393,0.0622,0.8525,0.3725,0.0772,0.9136,0.0662,0.151,0.0066,-0.6166,1.559
0.1208,0.7152,-1.1701,0.0381,1.3003,0.0214,0.6373,0.8096,0.1067,0.6815,-0.0314,-0.0803,-0.0784,-0.4994,1.1232
0.069,0.5492,-1.0607,0.3495,1.2536,-0.1056,0.7591,0.6462,0.3999,0.4753,-1.1024,-0.3857,-0.1439,-0.6828,0.7828
0.1727,0.1232,-0.9099,0.5175,1.1424,-0.3172,0.5912,0.6176,0.3081,0.3419,-0.4147,-0.9305,0.003,-0.4406,1.0383
0.1379,0.5645,-1.2103,0.5896,1.1187,-0.6891,0.6974,1.0894,0.2046,0.4671,-0.0599,-0.9611,-0.8742,-0.7718,1.0244
0.0845,0.6005,-0.7944,0.5525,0.739,-0.7051,0.8003,1.3404,0.3807,-0.0017,0.1485,-0.8223,-0.6858,-0.961,1.0323
0.0765,0.6799,-0.124,0.4113,1.0178,-0.3595,0.6438,1.2383,-0.0741,-0.2488,0.3634,-0.644,-0.5783,-1.2199,0.951
0.3801,1.1366,-0.1981,0.2812,1.0455,-0.4052,0.4071,1.64,-0.0082,-0.2401,0.8873,-0.675,-0.5779,-1.3775,1.2926
-0.2553,1.5876,-0.016,-0.0882,1.1494,-0.2668,0.2083,1.0509,-0.3859,-0.2457,0.6248,-0.2859,-0.9242,-1.6454,1.164
-0.323,1.2877,-0.2798,-0.0047,1.3312,-0.1677,0.5772,1.3097,0.068,-0.6353,1.0498,-0.2596,-0.7322,-1.9981,1.004
-0.0553,1.2078,-0.3051,0.0714,1.5215,0.0403,0.7499,1.1956,-0.033,-0.5947,0.3161,0.2144,-0.6502,-2.2161,0.774
-0.1884,0.9638,0.1884,0.1065,1.4851,0.1823,0.7069,1.5918,-0.3448,-0.4787,0.1574,0.0902,-0.6397,-2.2143,0.8364
-0.248,1.0002,0.2665,0.2518,1.5671,0.431,0.7197,1.6136,-1.1587,-0.2896,0.4833,-0.2263,-0.5949,-2.31,1.1185
0.1792,0.7053,0.5407,-0.0348,1.5416,0.3516,0.9513,1.7039,-0.975,-0.1666,0.6731,0.1167,-0.5118,-2.3265,1.5152
0.014,1.1061,0.394,0.0047,1.6974,0.1102,0.8551,1.8085,-0.6175,0.2635,0.5558,0.2418,-0.5688,-2.0107,1.6554
-0.2274,1.1939,0.39,0.1341,1.3077,0.3099,0.9881,1.4407,-0.8106,0.0548,0.4852,0.3025,-0.402,-2.2154,1.5647
-0.7039,0.88,0.0109,0.8426,1.4299,0.7683,0.8393,1.9129,-0.6775,-0.2224,0.8407,0.3665,-0.3988,-2.0656,1.7508
-0.675,0.8792,0.344,0.5186,1.9058,0.5932,0.9055,1.6352,-1.2027,-0.224,1.0016,0.362,-0.5217,-2.2549,1.9273
-0.2091,1.2711,0.3863,0.4441,1.9643,0.6405,1.2533,1.4512,-0.8554,0.1027,1.0624,0.4973,-0.4045,-2.36,1.8924
-0.0405,1.3135,-0.0209,0.9234,1.9184,0.5479,1.2621,0.8398,-1.4416,0.4852,1.2153,0.6854,-0.0467,-2.3979,2.3542
-0.0358,1.6826,-0.6763,0.5536,2.4105,0.4074,1.1198,0.6762,-1.2496,1.0648,1.1731,0.6064,0.2393,-2.0462,2.8557
0.0031,1.2225,-0.6064,0.3872,1.6265,0.8198,0.969,-0.0115,-1.1197,1.1266,1.1424,0.5909,0.3513,-2.1284,3.0745
-0.1945,0.9915,-0.9388,0.3077,1.2154,0.7693,0.9738,-0.1061,-0.8008,0.8181,0.8459,0.951,0.6311,-1.4093,3.0742
-0.3794,0.8938,-1.587,0.0973,0.9319,0.9493,0.7702,-0.1374,-0.5699,0.5947,0.5901,0.7782,0.7571,-1.0011,2.7056
0.0955,0.9025,-1.364,0.2344,0.878,0.8983,0.579,-0.659,-0.1811,0.3041,0.4268,0.4393,0.7372,-0.5337,2.1708
0.2276,1.0292,-1.8105,0.181,0.9116,0.797,0.4216,-0.5506,-0.2847,0.3308,-0.2064,0.1469,0.3434,0.0203,1.6692
0.3162,0.9266,-1.6478,0.3472,1.0576,0.4314,0.5664,-0.3792,0.4038,0.3603,-0.2297,-0.0214,0.3414,-0.1754,1.4168
0.5361,0.9013,-1.7672,0.1689,1.1845,0.2628,0.4771,-0.2762,0.064,0.4007,-0.1872,-0.0614,0.566,-0.4167,0.8624
0.1288,0.8621,-1.2789,0.3263,1.0014,0.3815,0.3466,0.0483,0.3343,0.166,-0.4847,-0.3233,0.666,-0.4941,0.7813
-0.0223,1.1046,-1.4009,0.2698,1.0794,0.385,0.2441,0.7709,0.5495,-0.2052,-0.7044,-0.7642,-0.1347,-0.6297,0.3157
0.2676,0.6256,-0.6934,0.5323,0.9945,0.4385,0.0993,1.2374,0.4298,-0.6086,0.0151,-1.2246,-0.2664,-1.323,0.2094
-0.0002,0.7451,-0.3133,0.656,0.9621,0.484,1.4075,0.8006,-0.0686,-0.5631,0.4899,-0.9317,-0.0643,-1.8529,0.5813
0.1337,0.8728,-0.2223,0.4545,1.0768,0.4609,0.9576,0.9944,0.0671,-0.4767,1.2211,-0.6464,0.559,-1.9263,1.3398
0.4424,1.0484,0.0564,0.3905,1.2268,0.1611,0.6485,0.5637,-0.194,0.2101,1.2837,-0.3209,0.2331,-1.7529,1.735
0.2496,1.2535,-0.0112,0.2944,1.1885,0.3653,0.3915,0.4246,-0.4033,0.4551,0.8719,0.1167,0.279,-1.5202,1.8516
0.7249,1.3648,0.0241,0.1849,1.5377,0.0768,0.1621,0.6391,-0.3844,0.4267,1.0566,0.0155,0.0199,-1.475,1.94
0.5937,1.6384,0.0947,0.2878,1.4521,0.0757,0.0159,0.4742,-0.6652,0.8072,1.2122,0.188,0.0944,-1.9106,1.9955
0.2461,1.6499,0.2754,0.2157,1.3782,0.3337,0.3726,-0.15,-0.8199,0.7958,1.1223,0.061,0.0706,-1.5465,2.1739
0.1295,1.5503,-0.8228,0.1555,1.6932,0.4052,0.3669,0.2483,-0.7906,0.6775,0.7088,0.3944,0.2751,-1.1687,2.1091
0.169,1.5075,-0.7063,0.0026,1.295,0.5536,0.6151,0.003,0.0793,0.4996,-0.1524,0.3645,0.1858,-1.305,1.5953
-0.0811,1.1091,-0.7005,0.0043,1.2421,0.6717,0.6568,0.2641,-0.0511,-0.1216,0.6023,-0.078,0.2231,-1.3453,1.369
0.1573,1.0343,-0.8958,0.2139,1.205,0.7628,0.8302,0.5941,0.2428,-0.3776,0.7239,-0.129,0.3732,-1.5161,1.3175
0.309,0.9895,-0.6483,0.7893,1.2821,0.7468,0.5739,0.5405,-0.1184,-0.2166,0.652,-0.0413,0.2624,-1.8337,1.3909
0.133,0.8636,-0.3498,0.7018,1.1972,0.5131,0.5592,1.0949,-0.277,-0.2629,0.9331,-0.2702,0.0226,-2.0768,1.3022
0.8816,1.3506,-0.1972,0.3591,1.8299,0.1958,0.5269,1.263,-0.6968,-0.118,1.1645,-0.1505,0.0983,-2.1911,1.1463
0.6161,1.6166,0.1609,0.1546,1.6405,0.2729,0.5838,0.9563,-0.6171,0.0938,1.0888,0.1593,0.261,-2.3026,1.464
0.7422,1.4511,0.7103,0.0422,1.4698,0.3708,0.5219,0.9898,-0.7058,-0.1556,1.5355,0.1094,-0.0815,-2.3731,1.6985
0.4374,1.4753,0.4512,-0.0579,2.0062,0.6882,0.4322,0.4872,-1.2342,-0.0255,0.9639,0.5265,0.0032,-1.9906,1.5946
0.3716,1.1379,-0.4125,0.2304,2.1681,0.1348,0.5065,0.6075,-1.3522,0.3434,1.0505,0.3676,0.3786,-1.6594,1.7513
0.6521,1.1481,-0.5172,0.3604,2.076,0.3589,0.5176,0.4548,-0.5018,0.5395,1.4203,0.4013,0.4911,-1.5993,2.2069
0.3277,1.4415,-0.6544,0.0838,2.0242,0.8471,0.2305,0.0034,-0.7556,0.9439,1.0002,0.6014,0.8981,-1.5485,2.1272
0.5425,1.0583,-0.8158,0.0206,1.9936,0.9553,0.054,0.1999,-0.564,0.7176,0.8828,0.776,0.6749,-1.3609,2.2445
0.2525,0.907,-1.1189,0.5503,1.7338,0.665,0.4307,-0.1267,-1.044,0.7226,0.8312,0.4475,0.441,-1.2836,2.0446
0.7139,0.7282,-1.2034,0.2477,1.4434,0.4951,0.7393,0.4033,-0.5038,0.4437,0.199,0.1701,0.3687,-1.0934,1.6161
0.8018,-0.0461,-1.7769,0.2584,0.9558,0.7264,0.9039,0.81,-0.5009,-0.1833,0.5595,-0.297,0.2414,-1.2087,1.504
0.7529,0.4284,-1.0712,0.3573,1.0736,0.7252,0.7198,0.8591,0.1744,-0.3314,0.9849,-0.2836,0.3487,-1.0459,1.3735
0.8796,0.7398,-0.4226,0.1232,1.362,0.4384,0.9455,0.873,0.0506,-0.3187,1.1504,0.2107,0.271,-1.181,1.5966
0.7579,0.5011,-0.0646,0.408,1.9343,0.5358,0.7022,0.052,-0.9562,-0.0931,1.0322,0.3031,0.474,-1.3512,1.7151
0.6131,1.0136,-0.984,0.2177,2.0371,0.5212,0.6744,0.4279,-0.8213,0.578,1.1192,-0.0541,0.4012,-0.9339,2.1484
1.1918,0.8701,-1.126,0.0534,1.9639,0.8173,0.371,-0.3001,-0.7014,0.2645,1.2199,-0.1676,0.3598,-1.0738,2.1365
0.9468,1.0591,-1.1715,0.1915,1.8903,0.8051,0.314,0.2545,0.0703,0.8258,1.2818,0.1728,0.3778,-0.7046,2.4116
0.4763,0.867,-1.053,0.0183,1.9861,0.9531,0.1675,-0.4153,0.6773,0.1913,0.7295,0.4256,0.9055,-0.8439,2.1402
0.7509,0.3866,-1.4727,-0.1198,1.821,0.9604,0.1221,-0.9115,0.026,0.1243,0.3706,0.2103,1.1442,-0.7997,1.767
0.8084,0.3391,-1.4892,-0.078,1.5662,0.8357,0.0761,-0.6761,0.6256,0.0683,1.1065,-0.1448,1.0672,-0.3983,1.8903
0.9744,0.6052,-1.2512,0.1733,1.507,0.7068,0.1801,-1.402,0.8995,-0.1485,0.9696,0.1115,0.9626,-0.1727,1.7717
0.3022,0.6237,-2.0424,0.0257,1.6667,0.968,0.1768,-1.5844,-0.0021,-0.0306,0.1634,0.2371,1.3241,-0.1597,1.5929
0.5836,0.3506,-2.2337,0.0085,1.3816,0.9949,-0.1722,-1.466,0.1153,-0.3169,-0.235,-0.0298,0.992,0.2517,1.1535
0.615,-0.0273,-2.2915,0.2183,1.1773,1.1747,-0.5906,-1.3492,-0.0495,-0.6167,-0.2242,-0.0652,0.9149,0.4035,0.6392
0.555,-0.0761,-2.3107,0.2935,1.5246,1.0434,-0.5709,-0.8367,0.4228,-0.5418,-0.6282,-0.4424,2.1,0.5964,0.1046
0.7715,-0.2982,-2.1334,0.1331,1.5523,0.8799,-0.7177,-1.3343,0.4181,-0.63,-0.8519,-1.0321,1.3547,0.3842,0.1842
0.6614,-0.3004,-2.258,0.2176,1.5364,1.0246,-0.4825,-1.1074,0.5398,-0.254,0.6382,-1.3447,0.7201,0.409,0.443
0.6353,-0.0032,-2.1534,0.5424,1.5234,0.9836,-0.4865,-1.2727,0.7046,-0.3037,0.3177,-1.0039,1.1797,0.3046,0.7968
0.7591,0.2326,-2.5227,0.668,1.6682,0.8807,-0.5815,-1.3424,0.6819,-0.3263,0.1292,-1.0558,1.1648,0.1894,0.6148
0.4522,0.2147,-2.2012,0.5319,1.1917,1.1406,-0.493,-1.7866,0.3596,-0.4646,0.0926,-0.96,1.2187,0.224,0.5828
0.7866,-0.2358,-2.5535,0.4203,1.4113,1.0157,-0.4564,-1.5478,0.6075,-0.858,-0.7441,-0.7007,0.8719,0.4981,0.246
0.7669,-0.2086,-2.7847,0.4104,1.4549,1.1216,-0.1914,-1.4591,1.056,-0.8204,-0.7722,-1.1333,1.047,0.609,-0.0776
0.8658,-0.2473,-2.6833,0.4306,1.5518,0.97,-0.1954,-0.9296,1.085,-0.8077,-0.6428,-1.4942,0.878,0.0591,-0.1586
1.8694,-0.2317,-2.0988,0.5138,1.446,0.307,0.0264,-0.4201,1.1276,-0.8544,-0.3618,-1.489,0.5963,-0.297,0.0018
1.1465,-0.1024,-1.1559,0.3888,1.7471,0.3382,-0.1826,-0.2193,0.6783,-0.4326,-0.385,-1.3402,0.7103,-0.2892,0.1776
1.2263,0.1341,0.1131,0.2851,1.528,0.3775,0.0694,-0.4557,0.4459,-0.6632,-0.2301,-1.3858,0.5413,-0.5467,0.2619
0.8462,0.331,-1.2052,0.2222,2.3357,0.4553,-0.2402,-0.3886,-0.6743,-0.249,0.1097,-1.2166,0.4879,-0.3742,0.5899
0.7454,0.2747,-1.8121,0.3598,1.9949,0.675,-0.0975,-0.0882,-0.0171,-0.2276,0.3555,-1.0842,0.3823,-0.4952,0.7201
0.8186,0.1769,-1.6956,0.1562,1.7973,0.8625,-0.203,-0.1053,0.121,-0.4499,-0.023,-0.9511,0.0783,-0.7365,0.8053
0.7166,0.1466,-1.6514,0.2786,2.0167,0.9196,-0.0629,0.1232,0.5267,-0.5313,-0.244,-0.855,0.2814,-0.7548,0.6548
0.6938,0.0824,-1.4358,0.3882,1.9619,0.9328,-0.139,0.1669,0.0505,-0.5744,-0.0039,-0.9516,0.1981,-0.908,0.7709
0.9441,0.0825,-0.6694,0.0857,2.0024,0.7775,-0.0657,0.2735,0.0969,-0.5474,-0.2206,-0.7084,0.5397,-1.0378,0.7444
0.7661,0.0199,-1.2212,0.3065,1.8116,0.9733,0.323,0.4944,-0.2999,-0.2166,-0.2012,-0.553,0.5593,-1.059,0.9474
0.3626,1.0359,-1.2866,0.194,1.6234,1.0288,0.4744,0.3709,-0.2136,-0.635,0.3652,-0.6557,0.5857,-0.8782,1.08
0.4701,0.625,-1.9725,0.1619,1.8987,0.9666,0.0735,-0.1294,-0.3075,-1.3303,-0.3809,-0.4484,0.8849,-1.0999,0.6623
0.8452,-0.0748,-2.0757,0.1473,1.7822,0.9598,0.087,0.5966,-0.2169,-1.2094,-0.0149,-0.5609,0.791,-1.3092,0.6298
0.7857,0.2221,-1.5705,0.4356,1.788,0.9015,-0.1766,0.8118,0.3418,-1.0757,0.0225,-0.4592,0.6792,-1.2886,0.6075
0.6309,-0.0954,-0.9525,0.5298,1.7233,0.9221,-1.0248,0.4527,-0.0866,-1.0457,0.3221,-1.0754,0.7531,-1.5182,0.5969
0.4174,0.0971,-1.2951,0.469,1.9616,0.9211,-0.8118,0.3143,-0.4094,-0.9548,0.5596,-0.7974,0.4417,-1.3185,0.6489
0.6241,-0.034,-1.6213,0.7246,2.3592,0.9783,-0.351,0.3552,-0.4306,-0.6138,0.6372,-0.53,0.0896,-1.0898,0.8103
1.4136,-0.1272,-1.3391,0.7208,2.2396,0.7163,-0.0999,0.4651,0.1495,-0.0859,0.8403,-0.4689,0.3243,-0.8899,1.3504
1.3604,0.0324,-1.013,0.6573,2.1058,0.5598,-0.3354,0.7525,0.0631,0.3154,0.4381,-0.3298,0.547,-0.982,1.6712
2.6281,0.0441,-0.2167,0.5428,2.3242,-0.2774,-0.5443,1.0305,-1.2104,0.4959,0.5606,-0.3793,0.4553,-0.8645,1.7838
1.3871,0.598,-0.5349,0.3355,2.3687,-0.3044,-0.1679,0.7388,-1.1658,1.3039,0.3545,-0.3327,0.2503,-0.6706,2.3531
1.2533,0.597,-0.7522,0.391,2.0021,-0.1891,-0.4138,0.9434,-0.4372,0.6066,0.2029,-0.5082,0.4614,-0.3941,2.2365
0.9458,0.3849,-0.9879,0.3411,1.9954,0.0455,-0.2922,0.8862,-0.1612,0.0884,-0.4273,-0.4744,0.2382,-0.3926,1.7967
1.0214,-0.0674,-0.6066,0.4322,1.8313,0.2258,-0.0574,1.0181,-0.4375,-0.1553,-0.5165,-0.8638,0.2412,-0.4435,1.4191
1.0761,-0.2017,-0.9772,0.6902,1.8358,0.2744,-0.1832,1.6633,0.049,-0.3537,0.0544,-1.1155,0.0672,-0.429,1.2699
1.0848,-0.0964,-0.4713,0.6334,1.8197,0.6118,-0.1975,1.36,0.1209,-0.5164,-0.0909,-0.9498,0.2271,-0.85,1.3568
1.0446,0.3273,-0.3182,0.751,2.0193,0.5264,-0.5007,1.6923,0.4238,-0.5781,0.1734,-0.9411,-0.1191,-0.935,1.3597
0.7403,0.1143,-0.0704,0.6077,2.4231,0.5685,-0.3738,1.9222,-0.0139,-0.4593,0.293,-0.7989,-0.0723,-1.4765,1.4147
0.8077,0.1634,0.2454,0.5193,2.4353,0.6127,-0.2385,1.9058,-0.2499,-0.395,0.5855,-0.7771,0.1344,-1.9744,1.5497
0.8366,-0.0483,0.3493,0.4365,2.224,0.7301,0.2335,2.1448,-0.3388,-0.2088,0.5866,-0.3458,0.0426,-2.0823,1.8694
0.757,0.1218,0.2005,0.469,1.9064,0.8185,-0.0317,2.0206,-0.5406,-0.1647,1.0108,-0.5044,0.1104,-1.9208,2.1355
0.7618,0.1721,0.2783,0.5447,1.8956,0.9673,-0.1238,1.5157,-0.9558,-0.5412,1.0649,-0.0566,0.5489,-1.7936,2.2054
0.9927,0.1872,0.009,0.3521,2.0496,1.0917,-0.1527,1.3414,-0.4365,-0.4636,0.6803,0.1701,0.5348,-1.3443,2.1726
0.7781,0.3192,-0.8685,0.4261,1.8546,1.0768,-0.1985,1.1273,-0.4152,-0.4455,0.4398,-0.011,0.4547,-1.2397,1.9881
1.5662,0.0951,-0.5327,0.5145,1.6544,0.8255,-0.3955,1.4786,-0.2336,-0.7121,0.6634,-0.354,0.4136,-0.9708,1.8727
1.2328,0.6625,-0.473,0.5098,1.8591,0.7352,-0.4351,1.2463,-0.1884,-0.2145,0.7216,-0.4425,0.5143,-0.9669,1.8495
1.3728,0.3618,-0.4426,0.7241,1.929,0.6214,-0.5102,1.2031,-0.0165,-0.6026,1.313,-0.3944,0.4944,-1.0314,2.0478
1.209,0.6363,0.2241,0.5575,1.8983,0.7157,-0.539,0.9639,-0.6016,-0.4267,1.4152,-0.217,0.8244,-1.0314,2.2809
1.0442,0.9615,-0.5357,0.2802,2.362,0.7495,-0.5825,0.2753,-1.1744,-0.2027,1.1474,0.0155,0.8223,-0.879,2.2418
1.142,0.9055,-0.802,0.1088,2.4467,0.7541,-0.3543,0.3196,-0.5014,-0.1982,0.9456,-0.0596,0.7808,-0.5632,1.9583
1.1465,0.3644,-1.4318,0.2355,2.2142,0.7013,-0.3924,-0.2349,-0.7491,0.1942,0.7962,-0.1585,0.9377,-0.4228,2.0435
0.943,0.5311,-1.7197,0.3593,1.5175,0.9645,-0.3475,-0.4267,-0.2712,0.2549,0.6528,-0.3412,0.9527,-0.2222,2.0041
0.9461,0.233,-1.7505,0.302,1.4054,0.9038,-0.1867,-0.1836,0.5081,-0.4657,0.4515,-0.2458,0.9908,0.0045,1.4288
0.4147,-0.0642,-1.7811,0.6049,1.4975,1.2179,-0.7258,-0.0809,0.7637,-1.195,0.901,-0.7435,1.4519,-0.2926,1.1756
0.7301,-0.1361,-1.7989,0.5322,1.6193,1.0685,-0.6903,-0.6763,0.3396,-1.1093,0.3656,-0.5458,1.034,-0.5334,0.9678
1.2332,-0.3405,-1.7213,0.5798,2.1293,0.8656,-0.466,-0.3028,0.7194,-0.5442,-0.0623,-0.948,0.8321,-0.4207,1.0707
1.4104,-0.1676,-1.3429,0.5795,1.8474,0.6215,-0.2522,0.035,0.3774,0.0138,0.0437,-1.015,0.8576,-0.6046,1.2754
1.289,-0.0299,-1.2612,0.5954,1.5122,0.3422,-0.1305,0.9175,0.6237,-0.2844,0.1206,-1.0006,0.8253,-0.703,1.42
0.982,-0.1222,-1.0248,0.6387,1.2055,0.5278,-0.3142,1.1916,0.7788,-0.9721,0.8554,-1.1016,0.8296,-1.0665,1.2523
1.1534,-0.0396,-0.3799,0.3708,1.278,0.4469,-0.5493,1.0048,0.7034,-1.3009,0.7209,-0.8656,0.9426,-1.3676,1.1222
1.1971,0.2563,-0.017,0.0728,1.6918,0.2299,-0.4197,1.291,-0.1235,-1.0556,0.9939,-0.614,0.7897,-1.5346,1.1472
1.072,0.3026,0.1241,0.2131,1.7993,0.4467,-0.4522,1.2671,-0.5359,-1.2242,0.6286,-0.3812,0.2782,-1.4591,1.0929
0.8273,0.1699,0.0414,0.1745,1.7745,0.4777,-0.1183,1.1366,-0.4897,-1.1761,0.7306,-0.4143,0.5319,-1.4661,1.1959
0.6755,0.1016,-0.0057,0.6217,1.8186,0.6738,-0.0012,1.2523,-0.0491,-1.1191,0.6216,-0.2001,0.4709,-1.1923,1.2155
0.9287,0.1982,0.1673,0.5079,1.9556,0.6721,0.1606,0.7664,0.2232,-1.2564,0.6395,-0.0324,0.8009,-1.3571,1.2096
0.5412,-0.2424,-0.6687,0.4364,1.8182,0.6967,0.3059,1.2526,-0.1579,-1.1107,0.1126,-0.0421,0.8871,-1.4876,1.1693
0.7298,-0.2848,-0.5238,0.474,1.751,0.7344,0.1352,1.2847,-0.4313,-1.0666,-0.0856,-0.4399,1.0047,-1.504,1.036
0.7614,-0.9752,-0.6114,0.8033,1.8942,1.1849,0.3124,1.1717,-0.1776,-1.0326,0.1858,-0.7807,0.8517,-1.6113,1.005
0.7678,-0.4198,-0.0347,0.796,1.6713,1.0986,0.4072,1.0811,0.2151,-0.7322,0.0177,-0.8655,0.9497,-1.7885,1.1081
1.1827,0.3119,0.5341,0.544,1.7921,0.6296,-0.3956,1.1508,0.0056,-0.7446,0.2831,-0.9078,1.0284,-1.8886,1.2688
0.0948,0.3757,-0.1032,0.3884,1.6592,1.0185,-0.3015,1.03,-0.6141,-0.7421,0.7267,-0.7165,0.8838,-1.8464,1.3375
0.4601,-0.2862,-0.4466,0.3442,1.6735,1.018,-0.064,0.9093,-0.6128,-1.3643,0.2119,-0.4219,0.9403,-1.5138,1.0994
0.6055,-0.1659,-0.4214,0.6678,2.212,1.1114,0.1286,1.2037,-0.1815,-0.8864,-0.4224,-0.4288,0.7117,-1.1355,0.8991
0.9904,-0.3138,0.0804,0.838,1.7431,0.7861,0.2738,1.3637,-0.032,-0.8612,0.0664,-0.9292,0.8737,-1.5228,1.0286
0.5043,0.1811,0.0162,0.627,1.6792,0.8663,0.1726,1.4472,0.1764,-1.0047,0.6268,-0.7232,0.7052,-1.7131,1.3356
0.7221,0.0522,0.2981,0.6802,1.8542,0.9613,0.2164,1.5299,0.04,-1.1605,0.6104,-0.6555,0.5524,-2.0473,1.3122
0.3525,0.2458,0.2883,0.4053,1.9832,1.0564,0.2005,1.7372,-0.1845,-0.8374,0.6723,-0.4776,0.8892,-2.1737,1.3801
0.2702,0.2478,0.4147,0.1829,1.824,1.0897,0.027,1.351,-0.4644,-1.4585,0.7046,-0.0141,0.8211,-2.1538,1.1779
0.3497,0.5826,0.2019,0.2125,1.9283,1.2167,0.2394,1.3393,-0.1196,-1.5989,0.7482,0.0753,0.726,-1.8855,1.0794
0.402,0.304,0.0407,0.1651,1.8331,1.143,-0.1415,1.087,-0.3223,-1.5688,0.8362,0.2498,0.4315,-1.914,1.1124
0.5767,0.4805,0.3412,0.1521,1.8419,0.9759,-0.1766,1.6964,0.0079,-1.3961,1.0231,0.0416,0.4285,-1.9213,1.0978
1.1832,0.4356,0.6562,0.3431,2.0402,0.5441,-0.5903,1.5185,0.0103,-1.5776,0.8439,-0.0739,0.7681,-1.71,0.968
0.7232,0.5868,0.8756,0.3028,2.47,0.6366,-0.3741,1.4758,-0.4342,-0.9311,1.139,-0.2118,0.6293,-1.7792,1.1681
0.5293,0.7473,0.9365,0.0227,2.5422,0.7717,-0.198,0.8449,-0.8104,-0.7938,1.3853,0.045,0.5263,-1.9281,1.432
0.5196,0.6867,0.1503,-0.4249,2.5775,0.6061,0.0611,1.0676,-0.8553,-0.5384,0.97,0.3402,0.4132,-1.6416,1.5141
0.5854,0.9065,-0.01,-0.1622,2.4584,0.4865,0.3087,0.8019,-0.2132,-0.7418,0.821,0.6108,1.192,-1.5436,1.579
0.274,0.5313,0.1775,-0.0614,2.3429,0.7246,0.0333,0.4654,-0.5534,-0.0696,0.7548,0.3937,1.0918,-0.9633,1.8492
0.426,0.4098,-0.2809,0.345,2.1027,0.6843,0.0143,0.3094,-0.473,-0.3977,0.748,0.3538,0.9161,-0.7959,1.8477
0.392,0.8347,-0.9229,0.3725,1.8303,0.7606,0.1984,0.0412,-0.5534,-0.4788,0.3498,0.537,0.987,-0.4323,1.6132
0.5363,0.6122,-1.2471,0.3616,1.6739,0.568,0.1816,-0.024,-0.054,-1.0185,-0.5485,0.1453,1.2999,-0.275,1.1085
0.4381,0.0436,-1.8158,0.3996,1.9406,0.4755,-0.0566,0.8692,0.8596,-1.3748,-0.8782,-0.4848,0.8977,-0.2313,0.7054
0.1425,-0.0309,-1.6107,0.5343,1.7443,0.4602,-0.1622,1.5016,1.5472,-1.53,-0.9666,-1.0217,0.7169,-0.8161,0.4182
0.4425,-0.1844,-0.3271,0.4542,1.8734,0.8505,-0.2391,1.35,1.3414,-2.1134,0.2292,-1.3193,0.9772,-1.6894,0.2926
-0.055,0.2971,-0.0032,0.2306,2.2667,0.9377,-0.1318,1.2085,0.3013,-1.59,0.3504,-0.9651,1.5285,-1.8515,0.485
0.2462,0.3794,-0.1743,0.0133,2.3398,0.8814,-0.0636,1.3903,0.7556,-1.7064,-0.1282,-0.6967,1.0459,-1.8499,0.2267
0.5442,0.541,-0.2402,-0.1018,2.4385,0.6398,0.0379,1.7121,0.4393,-1.764,-0.0629,-0.61,0.7194,-2.2042,0.1545
0.339,0.3726,0.3787,0.1887,2.5349,0.9066,-0.1985,1.9553,0.4787,-1.8076,0.5269,-0.834,0.3256,-2.0808,0.2707
0.5111,0.657,0.0269,0.1986,2.5889,1.0862,-0.1074,1.6882,-0.348,-1.5317,0.2069,-0.4439,1.0916,-2.4072,0.3486
0.2128,0.3425,-0.1093,0.0955,2.4985,1.1188,-0.3457,1.9439,-0.987,-1.2583,-0.008,-0.3231,0.9005,-2.2538,0.5698
0.5549,0.341,-0.1075,0.197,2.4982,0.9283,-0.3895,2.7848,0.4332,-1.5463,0.1518,-0.3829,0.5969,-1.9927,0.3104
0.3366,0.2193,0.802,0.2172,2.6622,0.9788,0.0348,2.3577,-0.082,-1.5085,0.7994,-0.4802,0.481,-2.346,0.39
-0.0026,0.5918,0.903,0.195,2.9718,1.2236,0.0431,2.2301,-0.4409,-1.1862,1.0445,-0.2092,0.6845,-2.5204,0.944
-0.4003,0.7651,0.4683,0.0789,3.1375,1.9,-0.0521,1.9294,-0.6286,-1.1181,1.5726,-0.103,0.4618,-2.2854,1.3252
0.0428,0.7715,0.2654,0.0398,2.9708,1.5591,0.1356,1.5991,-0.5215,-1.1039,1.2932,0.1373,0.6047,-2.1985,1.3889
0.3152,0.4134,-0.0821,-0.3659,2.9189,1.1702,-0.3828,1.3093,-0.5227,-1.0295,0.3645,0.2937,0.9647,-1.8227,1.0812
0.5074,0.5075,-0.385,0.0081,2.0624,0.8864,0.138,1.5035,0.1415,-1.1271,0.3429,0.0149,0.9235,-1.3151,1.0276
0.8039,0.4376,-0.0337,-0.0699,2.5109,0.5378,0.1824,1.8731,0.6218,-1.1303,0.1122,-0.4814,1.0841,-0.8666,0.9653
0.5594,0.5633,0.2529,0.2344,2.7949,0.5018,0.0152,2.2159,0.1158,-1.0276,0.1465,-0.7016,0.8185,-1.2561,0.7144
0.2699,0.7222,0.757,0.3081,2.8367,0.9754,-0.0689,2.0067,-0.1574,-1.0713,0.5076,-0.6307,0.818,-1.2689,0.9877
0.0737,0.7786,0.5646,0.3038,2.8678,1.2148,-0.0098,1.6309,-0.6144,-0.9454,1.5139,-0.3778,0.8947,-1.2272,1.089
0.0179,1.1209,0.6874,0.2615,3.0474,1.3619,0.3008,1.1489,-0.2677,-0.7019,1.5822,0.1502,0.9554,-1.0811,1.6892
0.1454,1.3283,-0.0444,0.2168,3.0698,1.426,0.3165,0.393,-1.2049,-0.5322,1.4711,0.5044,1.3339,-0.8826,2.1381
-0.0303,1.0089,-1.0703,0.1363,2.9218,1.1581,0.6164,0.1917,-0.8187,-0.2568,0.6035,0.6317,1.7403,-0.2582,2.073
0.2213,0.6617,-1.5838,0.1253,2.5203,1.1552,0.6978,0.3053,0.3198,-0.4028,0.3809,0.2647,1.8484,0.4192,1.9307
0.0425,0.2794,-1.3525,0.174,2.1425,1.132,0.3013,-0.1437,0.4419,-0.7291,-0.1674,0.0014,2.2271,0.2703,1.6136
0.155,0.3198,-1.419,0.2326,2.0952,1.2382,0.4295,0.0048,0.6091,-0.7376,-0.496,-0.3835,2.4153,0.6338,1.202
0.2452,0.1734,-1.5225,0.8101,2.0615,1.0107,0.7474,-0.9624,0.3035,-1.0027,-0.3526,-0.7188,2.3576,0.6329,0.7433
0.0022,0.4343,-2.3776,0.1684,1.9804,1.0902,0.3605,-0.407,1.0818,-1.2194,-0.6603,-1.0237,2.331,1.1805,0.3758
-0.1089,0.0191,-2.3547,0.0731,1.8148,1.2014,-0.0283,-0.5997,2.1683,-2.0521,-0.9659,-1.2617,2.3885,0.8135,-0.099
0.039,0.0185,-2.208,0.6442,1.755,1.274,0.0237,0.0883,1.6671,-2.4099,-0.9321,-1.5141,2.4543,0.3069,-0.6654
0.1732,-0.0077,-1.7874,0.4591,2.0123,1.2858,-0.2115,-0.1147,1.931,-2.382,-0.4861,-1.9424,2.2399,-0.0205,-0.7487
-0.0777,0.1088,-1.6233,0.3957,1.7807,1.2328,-0.3526,0.0375,1.8296,-2.3653,-0.7664,-1.9745,1.6303,-0.3531,-1.166
0.3294,0.1097,-1.1459,0.5203,2.4771,1.0107,-0.3429,0.7739,1.7227,-2.587,-0.5713,-2.2006,1.4136,-0.4243,-1.3519
0.3244,0.3953,-0.5247,0.4467,2.4565,1.049,-0.7915,1.098,1.5596,-2.4172,-0.1336,-2.1842,1.0342,-0.7958,-1.403
0.1745,0.9432,-0.6724,0.3604,2.5113,1.1924,-0.0009,1.6703,1.14,-2.3269,-0.655,-1.8514,0.7523,-1.2051,-1.5639
0.5633,0.3756,0.3223,0.3559,2.3727,1.0991,0.284,2.3183,1.5989,-3.2178,-0.1512,-1.8873,0.6382,-1.8455,-1.4568
0.6902,0.4795,1.115,0.4071,2.9834,1.136,0.4734,2.7728,0.8689,-2.7324,0.4618,-1.4844,0.7549,-2.2522,-0.9851
0.5231,0.9062,1.1912,0.2355,3.361,0.7623,0.2316,2.8419,0.7576,-2.2599,0.5706,-1.1482,0.4273,-2.6864,-0.3242
0.4563,0.8391,1.495,0.377,3.6466,0.5941,0.4607,3.4587,0.419,-1.8101,1.2895,-0.7917,0.6287,-2.9513,0.3416
0.3096,1.1643,2.9369,0.4204,3.6945,0.7584,1.1824,3.5351,-0.0402,-1.3197,1.6673,-0.2375,0.5652,-3.1141,1.0002
0.1872,1.4967,2.5518,-0.0325,3.6944,0.7717,1.014,3.339,-1.6712,-1.1421,1.8872,0.0928,1.0312,-3.3639,1.7256
0.3427,1.5161,1.6534,-0.0609,3.6874,0.9743,1.1226,2.8094,-1.5631,-0.9397,1.6432,0.392,1.1335,-2.5812,2.2277
0.5324,1.2028,1.6712,-0.008,4.1793,1.0916,1.3815,2.3726,-1.3027,-0.3818,1.5801,0.801,1.1268,-1.9995,2.4641
0.5809,1.938,1.678,-0.2777,3.7517,1.1123,1.4079,1.8363,-2.0617,0.4924,1.2284,0.6426,1.3178,-1.6314,2.6492
0.875,1.3719,1.0366,-0.367,3.588,0.8813,1.287,1.2333,-1.3087,0.0347,1.2483,0.5027,1.8823,-0.8206,2.8597
0.7669,1.1803,0.0794,-0.0973,2.7401,0.8425,1.2574,0.9553,-0.825,0.0627,1.0976,0.5237,1.9791,-0.3145,2.6637
0.5988,0.9168,-0.3765,0.0956,2.7286,0.7104,1.1826,0.1949,-0.5771,-0.486,0.5335,0.2783,2.2067,0.0476,2.2473
0.6749,0.1404,-0.2438,0.3006,2.7691,0.7445,1.1018,0.2384,-0.1696,-0.9251,0.5358,-0.1318,2.1771,0.5312,1.8814
0.7669,0.2411,-0.3519,0.5752,2.7548,0.6783,0.7659,-0.4791,-0.3144,-0.5718,0.4659,-0.5734,2.1854,0.8019,1.7316
0.4408,0.4641,-1.2311,0.0669,2.835,0.7486,0.3473,-0.6657,-0.2234,-0.3223,0.0377,-0.6256,2.3865,1.0518,1.4193
0.6505,0.2562,-2.2296,0.0695,2.3704,0.8519,0.1672,-0.9713,0.0376,-0.9235,-0.339,-0.7301,2.512,1.0957,0.9872
0.648,-0.3907,-2.4699,0.376,1.9913,0.9975,0.1036,-0.9263,0.8453,-1.5443,-0.5798,-0.9987,2.151,1.4676,0.2919
0.5316,0.0309,-2.651,0.1464,2.1635,0.9594,0.0074,-0.6171,0.3044,-1.6038,-1.0927,-1.475,2.2952,1.4325,-0.4411
0.7088,-0.3681,-2.4377,0.4907,2.9093,0.9966,0.0811,-0.2267,1.7102,-2.0451,-1.0687,-1.8945,2.2023,1.4846,-0.8685
0.9272,-0.3073,-1.3264,0.4395,2.7974,0.9178,0.1468,-0.2171,1.3496,-1.5743,-1.1626,-1.9434,2.1443,0.5764,-1.0944
1.0242,-0.4394,-0.9132,0.6526,2.7528,0.4775,1.6306,0.7148,1.5595,-1.6359,-0.7144,-2.1961,1.7309,0.1223,-0.8637
0.5786,-0.1784,-0.6191,0.6513,2.9183,0.723,1.0092,0.7433,0.4178,-1.5276,-0.4659,-2.0827,2.2767,-0.3776,-0.2946
0.767,-0.1875,-0.5415,0.2688,2.9923,0.4829,0.5647,1.0538,0.26,-1.4266,-0.2038,-2.2532,2.4914,-0.4248,0.0764
1.0374,-0.1274,-0.4599,0.3397,3.1263,0.4621,0.1784,1.3705,0.2683,-1.534,-0.0917,-2.0736,1.8378,-0.6348,0.2638
0.8837,-0.2965,0.0127,0.6355,3.1074,0.4716,0.0184,1.2296,0.0246,-1.3604,0.026,-1.7686,1.7657,-0.8128,0.2969
0.9454,0.2443,-0.0235,-0.0941,3.3604,0.4904,0.6576,1.9861,-0.2485,-0.9842,-0.117,-1.7068,1.7775,-0.7878,0.2907
0.6903,0.5136,0.4833,0.2151,3.1886,0.5418,0.8839,1.8353,0.2663,-1.3864,-0.0499,-1.5184,1.7873,-0.9752,0.277
1.1013,0.3721,0.8182,0.3931,3.2007,0.5214,0.6061,1.8896,-0.0876,-1.1998,0.2336,-1.4317,1.8741,-1.2791,0.7203
0.7642,1.0543,0.6578,0.3334,3.4134,0.5898,0.3215,2.3481,-0.2751,-1.0941,1.3476,-1.2495,1.7354,-1.292,1.2275
0.8362,1.1598,0.7461,0.4913,3.4447,0.5855,0.4448,1.9269,-0.5606,-1.0889,1.4702,-0.5753,1.5143,-1.4299,1.4587
0.9925,1.301,0.6627,0.3043,3.501,0.7564,0.1845,1.7949,-0.6879,-1.2976,1.0359,-0.2105,1.3257,-1.0839,1.2331
0.6148,1.0468,0.5665,0.3287,3.8256,0.7869,0.3544,1.3819,-1.0679,-0.9994,1.0092,-0.3174,1.444,-1.0322,1.2562
0.5189,0.8298,0.0716,0.3199,3.6995,0.9515,0.3261,1.2343,-1.0263,-0.9584,0.3884,-0.4799,1.6639,-0.7554,1.2662
0.2611,0.6884,-0.573,0.3246,3.368,1.0413,-0.0224,1.1063,-0.8688,-1.104,0.1066,-0.527,1.8301,-0.598,1.0657
0.3306,0.3325,-0.5114,0.6261,3.2186,0.9762,0.4124,1.4616,-0.4845,-1.4645,-0.2295,-1.0181,1.4594,-0.3694,0.6172
0.7578,0.6246,-0.3437,0.637,3.0864,1.2773,0.2819,1.593,-0.102,-1.8481,0.9395,-1.3592,1.7658,-0.5082,0.5092
0.9008,0.8216,-0.0146,0.4159,3.3392,1.0704,0.3457,0.6747,-0.6873,-1.8164,0.7488,-0.9482,1.641,-0.7599,0.3672
1.0357,0.7004,-0.4199,0.3696,3.3253,0.7307,0.4725,0.9056,-0.6367,-1.5567,-0.9288,-0.8539,1.5605,-0.5338,0.0335
1.1456,0.4621,-0.328,0.4494,3.443,0.5374,0.2298,1.6269,0.0459,-1.2131,0.1514,-1.5928,1.6157,-0.3773,-0.3419
0.9779,0.741,0.309,0.4096,3.4127,0.3704,0.1766,1.6932,0.098,-1.1773,0.5716,-1.6147,1.2346,-0.8798,0.0385
0.5341,0.7638,0.2509,0.8439,3.2968,0.5085,0.4481,1.3655,-0.2868,-1.3359,1.1397,-1.3832,1.3118,-1.2318,0.2745
0.9638,0.503,0.2989,0.5532,3.7168,0.6268,0.7184,1.7838,-0.5065,-1.4315,1.2513,-0.949,1.4163,-1.3234,0.4795
1.1181,0.6815,0.7903,0.2655,3.486,0.4183,0.553,1.8654,-1.1208,-0.9219,1.0108,-0.7512,1.6929,-1.3616,0.8898
0.9433,0.9261,0.6068,0.1311,3.6015,0.5367,0.431,1.829,-1.2334,-0.6892,1.1153,-0.568,1.5163,-1.0747,1.2181
1.0718,0.7691,0.5912,0.2904,3.2967,0.3878,0.383,1.6248,-1.1991,-0.9158,0.8373,-0.4458,1.4817,-1.0155,1.1327
0.8895,1.0498,0.254,0.2566,3.5982,0.3444,0.4221,1.5508,-1.3751,-0.7409,1.5133,-0.6227,1.3242,-0.6103,1.3222
0.6422,0.6073,-0.2487,-0.2973,3.3073,0.563,0.2611,1.416,-0.8638,-1.0584,1.1772,-0.4386,1.352,-0.573,1.2331
1.1816,0.5821,-0.6711,-0.2189,3.2055,0.4577,0.1195,1.5717,-0.3699,-1.2757,0.6407,-0.5285,1.1603,-0.4595,0.6849
1.1079,0.7324,-0.3387,0.1859,3.1403,0.4574,-0.0396,1.0076,-0.4966,-1.3165,0.6377,-0.8428,1.5003,-0.5538,0.5165
0.9586,0.7127,-0.3902,0.2857,2.9235,0.6293,1.6656,1.1079,-0.4607,-1.1832,0.9592,-0.8742,1.4636,-0.2768,0.5823
1.0293,0.6288,-0.3638,0.2529,3.0014,0.6411,1.1298,1.4585,-0.2635,-1.0494,0.8326,-0.697,1.8433,-0.1779,0.9116
1.1624,0.5764,-0.0649,0.1777,2.6995,0.5933,0.7714,1.046,-0.4699,-1.3624,0.215,-0.7816,2.3411,-0.378,0.7244
0.825,0.5606,-0.4621,-0.1121,2.886,0.7827,0.3362,1.0378,-0.4839,-1.3275,-0.1102,-1.0833,2.372,-0.3567,0.5459
1.7088,-0.0361,-0.1418,0.2165,3.2817,0.4296,0.7879,0.8077,-0.6035,-1.1211,0.048,-1.078,2.123,-0.1524,0.4306
1.2374,0.3902,-0.4685,0.2692,3.0175,0.3904,0.7198,0.5696,-0.809,-0.4406,-0.3325,-1.0444,2.4814,-0.0396,0.5751
1.2707,0.4533,-0.7171,0.1636,2.9155,0.4978,0.8436,0.8495,-0.5868,-0.7986,-0.0108,-1.2727,1.4344,0.1411,0.7334
1.0896,0.4087,-0.6851,0.1997,2.8728,0.6079,0.5799,0.7043,0.0612,-1.1754,-0.1815,-1.1415,2.0274,0.0102,0.5581
1.5319,0.5889,-0.2639,0.139,3.2698,0.4884,0.5175,0.9397,-0.1934,-1.1745,-0.3723,-1.3211,2.4718,-0.2038,0.5555
1.4752,0.494,-0.1821,0.2513,3.389,0.4271,0.0666,0.6459,-0.3401,-1.1177,-0.1876,-1.549,2.2738,-0.3084,0.37
1.4967,0.509,-0.1645,0.3494,3.0663,0.42,0.3933,1.0473,-0.1251,-0.8207,-0.2674,-1.5058,1.7958,-0.4366,0.475
1.6382,0.2981,0.062,0.1196,2.8477,0.5612,0.3875,1.0697,-0.0217,-1.1334,0.215,-1.1601,1.944,-0.5263,0.6037
1.5143,0.6599,-0.0517,0.0374,3.0333,0.1774,0.1607,1.1463,-0.1155,-0.9362,0.4688,-1.1532,1.7324,-0.4148,0.8411
1.5706,0.7982,0.1558,-0.1672,3.1144,0.1566,0.0236,1.1985,-0.3107,-1.0246,1.1536,-0.9394,1.8307,-0.4524,1.0576
1.4663,0.9026,0.1456,-0.2829,2.9969,0.2352,0.0866,0.722,-0.6496,-1.0628,0.9772,-0.8713,1.5216,-0.5372,1.0882
1.8677,1.2097,-0.4188,-0.2118,3.1049,0.0877,0.2832,0.6703,-0.68,-1.045,1.1086,-0.6918,1.5317,-0.1419,1.0735
1.6703,1.1801,-0.3646,-0.3091,2.8033,-0.027,0.033,0.5649,-0.5975,-0.9989,0.468,-0.2714,1.8603,0.0851,0.9623
1.1138,0.8474,-0.976,-0.1011,2.7034,0.2297,-0.2928,0.5809,-0.3147,-1.3588,0.1255,-0.419,1.7537,0.2676,0.6725
1.2611,0.3517,-0.4609,0.2246,3.025,0.2192,-0.3673,0.6503,0.0382,-1.5126,-0.1536,-0.8191,1.668,0.2946,0.378
1.2033,0.2091,-0.3131,0.4371,3.123,0.116,-0.0705,1.3573,-0.1172,-1.2184,0.1647,-1.4367,1.4908,0.1202,0.2703
1.613,0.2192,0.2209,0.2211,2.8688,0.0693,-0.1201,1.6492,-0.1395,-1.2644,0.0746,-1.381,1.464,-0.0294,0.6747
1.4138,0.6836,0.3998,0.0136,2.9458,0.0408,-0.2013,2.3782,0.021,-1.2599,-0.0754,-1.5063,1.4504,-0.1509,0.5618
1.3519,0.7268,0.8751,0.1922,2.8631,-0.0575,-0.6903,2.4171,-0.4986,-1.5041,1.6569,-1.8464,1.1064,-0.2846,0.6904
1.203,0.923,1.0822,0.0636,2.9423,-0.1073,-0.5521,2.0736,-0.8055,-1.535,1.3513,-1.0346,0.6738,-0.637,0.7679
1.3564,1.1265,0.97,0.1897,3.0351,-0.3544,-0.225,1.8732,-0.7258,-1.5988,1.4898,-0.7878,0.7156,-0.6048,0.694
1.0975,1.2209,0.5529,0.3311,3.2541,-0.1635,-0.1275,2.1143,-1.049,-1.5371,1.28,-0.5255,0.6195,-0.5844,0.7681
1.0638,1.2424,0.5175,0.2952,3.1863,0.0357,-0.245,2.1837,-0.5667,-1.4794,1.4939,-0.4829,0.7376,-0.5786,0.9918
0.7152,1.1949,0.605,0.2516,3.2533,0.265,-0.1764,2.5613,-0.5698,-1.6025,0.6936,-0.3773,1.3522,-0.6595,0.5841
0.8899,0.7976,0.942,0.185,2.8795,0.643,-0.0404,2.4638,-1.0431,-2.002,1.0457,-0.4542,0.836,-1.1381,0.4457
0.8401,0.9599,1.1351,0.0838,3.1476,0.4725,0.093,2.5996,-1.1149,-1.9356,0.7791,-0.4532,0.6503,-0.9953,0.3668
1.0663,1.1141,0.7643,0.1313,3.6086,0.1884,0.2871,2.7692,-1.2334,-1.7072,0.9623,-0.5379,1.1354,-1.0077,0.5491
0.8475,1.1913,0.9001,0.3049,3.7043,0.155,0.0835,2.6307,-0.6622,-1.5248,1.4615,-0.5669,1.0275,-1.3865,0.972
0.7716,1.0859,1.8415,-0.2155,3.464,0.2585,-0.0236,2.0246,-1.1132,-1.3667,0.5833,-0.2989,1.222,-1.7,0.8447
0.8203,1.0005,1.546,0.2555,3.5578,-0.0632,-0.0249,2.4025,-1.2754,-1.3481,1.3025,-0.6651,1.0507,-1.3232,1.1938
0.8137,0.869,1.5247,0.308,3.3925,-0.2249,0.3871,2.694,-1.1362,-1.3208,1.6045,-0.5352,0.9736,-1.3128,1.3648
1.2983,0.92,1.6065,0.2889,3.3279,-0.2611,0.4678,2.7439,-1.8932,-1.3639,1.6924,-0.5277,1.0238,-1.1984,1.1386
1.0868,0.9891,1.7197,0.4809,3.4196,-0.3131,0.6388,2.624,-1.6761,-1.1362,2.0135,-0.2155,1.0377,-0.9986,1.4878
0.946,0.9996,1.2557,0.6159,3.5426,0.0585,0.7198,2.016,-1.8919,-0.9029,1.7806,0.2061,1.35,-0.9442,1.8234
0.8558,0.6883,0.8346,0.4647,3.4483,0.1915,0.8076,1.8552,-1.9515,-0.8331,1.6331,-0.1175,1.4416,-0.7847,1.8424
0.7279,1.022,0.7217,0.3762,3.5774,0.3731,0.8927,1.7483,-1.3952,-0.6893,1.9754,0.0095,1.7053,-0.4234,2.1343
0.836,1.0723,0.4453,0.4552,3.334,0.2521,0.5744,0.9773,-1.6281,-0.604,1.6455,0.2743,2.1143,-0.4369,2.3208
1.0443,0.9966,0.1659,0.2902,3.0559,-0.0356,0.2094,1.0707,-1.2651,-0.7738,1.063,0.0545,2.0907,0.0246,2.0902
1.0961,1.0878,0.2048,0.1144,1.9324,0.2334,-0.002,1.3823,-0.7391,-1.471,0.7936,-0.0771,2.0177,0.2327,1.4981
0.884,0.4421,0.5435,0.3794,2.1943,0.3142,0.0542,1.0306,-0.8437,-2.4056,0.7278,-0.5768,1.8448,0.4644,0.7695
0.9336,0.6049,0.0869,0.5161,2.7688,0.2595,-0.2534,1.0067,-1.0347,-2.1446,0.4434,-0.7922,1.7411,0.576,0.4527
0.5256,0.4952,-0.2602,0.4465,2.8011,0.4825,-0.1096,1.3062,-0.5547,-2.0647,0.5244,-1.1244,1.5892,0.8261,0.2988
0.5653,0.2268,-0.1725,0.5945,2.868,0.8942,0.2689,0.2779,-0.7289,-2.1885,0.7806,-1.1792,1.565,0.3315,0.2482
0.7655,0.2899,-0.7566,0.6478,2.9482,0.6201,0.1832,0.5955,-0.4232,-1.9816,0.7125,-1.036,2.0884,0.422,0.3928
0.8784,0.3611,-0.7869,0.6326,2.9035,0.4755,0.5788,0.5468,-0.1871,-1.7636,0.8316,-1.0695,2.1044,-0.1049,0.5058
0.7703,0.4614,-0.7882,0.6819,2.5855,0.4896,0.3381,0.6833,-0.2038,-1.9352,1.2563,-0.8472,1.4587,-0.2469,0.6819
0.9725,0.427,-0.2917,0.5717,2.5538,0.4352,0.1174,0.7348,0.0718,-2.2133,0.5338,-0.4658,1.4833,-0.2835,0.5492
0.8789,0.6316,-0.0907,0.7685,2.7558,0.3047,-0.2615,1.203,0.043,-2.1028,0.4823,-0.762,1.4004,-0.3664,0.2813
0.67,0.8753,0.3216,0.5176,2.8015,0.5769,-0.2067,1.7682,-0.0247,-2.2312,0.7474,-1.0229,1.4838,-0.5914,0.2484
0.7605,0.8471,0.6262,0.4568,3.1476,0.589,0.2287,1.4737,-0.877,-2.3272,1.1173,-1.0247,1.6,-0.982,0.4883
1.0122,0.7411,0.6704,0.6049,3.6893,0.3724,0.1095,1.1298,-0.951,-1.872,0.798,-0.8372,1.6506,-0.8142,0.4747
0.8879,0.8474,0.3559,0.5981,3.5675,0.2276,0.3271,1.1606,-0.6339,-1.3531,1.186,-0.727,1.583,-0.6714,0.7113
0.5895,1.218,0.4016,0.361,3.6496,0.0991,0.3582,1.4915,-0.5568,-1.1821,1.1453,-0.8642,1.6099,-0.5998,0.9696
0.3225,1.2304,0.6998,0.427,3.7366,0.3099,0.0126,1.5902,-0.7349,-1.4743,1.3219,-0.763,1.692,-0.6901,1.1299
0.4728,1.1955,0.6324,0.3749,3.3215,0.5198,0.2163,1.1684,-1.263,-1.6179,1.3662,-0.5265,1.6782,-0.7916,1.0548
0.4394,1.3547,0.7071,0.5003,3.3645,0.3394,0.3773,1.4284,-1.2064,-1.85,1.3585,-0.4427,1.778,-0.4805,0.9237
0.4962,1.1421,0.6906,0.3578,3.4341,0.412,0.4707,0.9025,-1.1349,-1.8379,1.0733,-0.2496,2.0181,-0.4062,0.8026
0.7108,1.0737,0.4998,0.3938,3.3644,0.2896,0.5581,1.2303,-0.9141,-1.4785,1.224,-0.4112,2.1733,-0.1407,0.8762
0.4897,1.0621,0.7515,0.2967,3.6677,0.3185,0.4707,1.2843,-0.866,-1.0636,1.1834,-0.3269,2.1974,-0.0937,1.065
0.2213,1.0149,0.5225,0.6276,3.5591,0.3998,0.887,0.8511,-1.01,-1.1576,1.1803,-0.6288,2.1196,-0.2149,0.9922
0.7336,1.3784,0.4295,0.5403,3.4784,0.2715,0.7768,1.5082,-0.5936,-1.3419,0.7477,-0.6571,2.2943,-0.1285,0.9258
0.3083,0.9707,0.8283,0.5212,3.7107,0.3056,0.7606,1.3117,-1.3243,-1.3755,0.6846,-0.811,2.0479,-0.2563,0.658
0.7038,0.769,0.4893,0.9335,3.7063,0.2221,0.3857,0.7474,-1.3147,-1.2253,1.3274,-0.9781,2.2035,-0.4358,0.863
0.836,0.8644,0.238,0.8317,3.5669,0.3198,0.4304,1.1681,-0.7272,-0.78,0.7528,-0.7837,1.9871,0.0579,0.8004
0.7344,0.6531,0.3254,0.9566,3.2414,0.0551,0.4925,1.1948,-0.7483,-0.9779,0.9816,-1.0971,1.9011,0.043,0.9246
0.1011,0.9801,0.1105,0.667,2.9615,0.2381,0.3363,1.6504,-0.3275,-1.6075,0.9964,-1.2319,1.9043,0.0537,0.8799
0.6177,0.7305,0.6753,0.7269,3.0287,0.2615,0.4502,1.6623,-0.4684,-2.252,1.2738,-1.0263,2.1066,-0.3017,0.5376
0.4501,0.6825,0.4968,0.781,3.3861,0.3108,0.8156,0.9323,-1.1814,-1.7635,1.6452,-1.0912,2.0805,-0.522,0.5488
0.7449,0.8066,0.3897,0.716,3.9756,0.3316,0.4939,0.8468,-0.9884,-0.9514,2.1498,-1.2453,2.4901,-0.0885,1.137
0.9356,1.0992,0.4179,0.8573,3.839,0.4233,0.6285,0.1762,-1.3119,-0.2622,1.7495,-0.6465,2.2688,-0.106,1.5669
0.5665,0.8959,0.1439,0.6464,3.2994,0.4724,0.8842,0.3755,-1.0381,-0.3004,1.6352,-0.432,2.4708,0.3152,1.7741
-0.0258,1.336,-0.2558,0.477,3.444,0.625,0.8036,0.1193,0.0293,-0.6853,1.3556,-0.4965,2.7987,0.614,1.5291
-0.0287,0.7131,-0.3897,0.6874,3.2211,0.7039,1.1351,-0.4994,-0.8525,-0.8386,1.0646,-0.6432,2.6449,0.2643,1.4613
0.2477,0.1801,-0.6797,0.5303,2.9644,0.734,0.9648,0.3202,0.0445,-1.1371,0.9718,-0.7167,2.9301,0.5407,1.2163
0.1698,0.0065,-0.5629,0.5427,3.1232,0.8313,0.6767,-0.0771,-0.1514,-1.0926,0.4154,-0.8766,2.479,0.4216,1.0317
0.3267,0.1473,-0.1066,0.5284,3.1599,0.778,0.699,-0.2845,-0.0354,-1.0653,0.0829,-1.2431,2.5099,0.4918,0.8507
0.063,0.1272,-0.6588,0.6453,3.1798,0.9102,0.8485,-0.0718,0.0884,-0.8745,-0.3089,-1.559,2.5767,0.4643,0.4169
0.3196,-0.4827,-0.6892,1.2812,2.9922,0.9477,0.9516,0.6136,0.4759,-1.0527,0.4935,-1.8839,2.2547,0.3819,0.4462
0.4233,-0.0557,0.0832,1.0296,2.9893,0.7939,1.034,0.4656,0.1631,-0.9242,0.557,-1.7978,1.9767,0.0204,0.6301
0.5051,0.0461,0.1889,0.6961,2.6821,0.8664,0.8762,0.454,-0.01,-1.0809,0.3512,-1.7162,1.9638,0.0823,0.5026
0.3275,0.1671,0.3535,0.5811,2.9922,0.9201,0.8586,0.486,-0.0261,-1.3072,0.348,-1.8441,2.0259,0.0529,0.2326
0.2701,0.4297,0.6916,0.7145,2.9457,0.7058,0.7874,0.646,-0.0117,-1.5588,0.7358,-1.6717,2.1364,-0.0446,0.3947
0.0848,0.4899,0.9066,0.8446,2.8807,0.7735,0.793,0.5736,-0.2997,-1.8326,0.5576,-1.3931,2.1329,-0.3592,0.3342
0.2566,0.4013,0.6448,0.8596,3.1359,0.3382,0.573,-0.4385,-1.0224,-1.7227,1.523,-1.5227,2.5911,-0.4909,0.6221
0.6482,0.5979,-0.1249,0.738,3.3421,0.3114,0.9918,-0.2721,-0.3931,-1.0461,1.0753,-0.989,2.7101,0.2679,0.6856
0.5691,0.5383,-0.1691,0.6756,3.3692,0.235,0.7519,0.0113,-0.1316,-1.0089,0.8529,-0.803,2.6303,0.3508,1.069
0.5389,0.2389,-0.4461,0.5995,3.1223,0.3566,0.9988,0.1153,-0.1097,-1.0711,1.2397,-0.8239,2.4068,0.3904,1.1579
0.5783,0.0838,-0.4176,0.6911,3.2836,0.4113,1.0318,0.2503,0.1338,-0.9506,0.4116,-0.6604,2.5773,0.591,1.2263
0.5024,0.291,-0.3068,0.8705,3.084,0.416,1.2929,0.3809,0.0354,-1.0442,0.3421,-1.1174,2.4979,0.2068,1.104
0.1196,0.2932,0.1328,0.7219,2.975,0.5423,1.1273,0.7824,0.355,-1.2204,-0.0915,-1.4689,2.2634,0.013,0.7439
0.5333,0.1196,0.0878,0.696,2.9952,0.4247,1.1995,1.2325,0.1707,-1.1666,0.5245,-1.6523,2.1256,-0.1514,0.8136
1.198,0.4495,1.0547,0.4548,3.1254,0.1209,1.4489,1.7269,0.4424,-1.378,0.3577,-1.6942,1.9827,-0.3763,0.8864
0.6605,0.4834,1.6246,0.387,3.2214,0.1687,1.1256,1.7926,-0.2512,-1.109,0.3997,-1.6568,2.1114,-0.8356,0.9148
0.5102,0.7103,1.791,0.5413,3.1917,0.3579,1.2371,1.9289,-0.3677,-1.3784,0.9809,-1.587,2.4977,-0.7768,1.0118
0.4552,0.8454,1.8108,0.5272,3.4692,0.2883,1.2706,1.665,-0.6002,-1.5854,1.123,-1.2838,2.2407,-0.962,1.6623
0.2863,0.7918,1.6281,0.3699,3.5286,0.3789,1.4837,1.7275,-1.085,-1.1378,0.95,-1.1708,2.0929,-0.7949,1.4119
0.5847,0.6525,1.6466,0.5987,3.6044,0.2584,1.5326,0.5166,-1.4252,-1.095,1.0746,-0.8974,2.3533,-0.6745,1.4558
-0.1667,0.7611,0.5014,0.7063,3.7449,0.6464,1.7611,1.1374,-0.694,-0.8867,1.2412,-0.8228,2.517,0.0054,1.8534
0.7269,0.3079,0.6006,0.6273,3.7416,0.3584,1.4474,0.8367,-0.8027,-1.0941,0.8751,-0.8056,2.8352,-0.1343,1.9127
0.398,0.2639,0.6305,0.7787,3.7054,0.5814,1.2494,0.88,-0.3675,-0.6365,0.9658,-0.9019,2.6871,0.1532,2.2921
0.5122,-0.0313,0.2124,0.9291,3.3315,0.635,1.269,0.6845,-0.2319,-0.7691,1.0691,-1.0991,2.5826,0.1999,2.2319
0.4531,0.3115,0.4326,0.7254,3.4672,0.5661,0.9127,0.4237,-0.3114,-0.6693,1.2163,-0.9038,2.611,0.4647,2.3655
0.2666,0.5055,0.3232,0.9993,3.3568,0.6962,0.5714,-0.206,-0.8615,-0.7797,1.2805,-0.963,3.027,0.5226,2.4332
0.5722,0.4094,-0.1439,0.8313,3.167,0.4472,0.7406,-0.3388,-0.2627,-1.1071,1.0626,-0.8741,3.2035,0.8935,2.0483
0.8131,0.5603,-0.3176,0.9033,3.0831,0.3048,0.7732,-0.5969,-0.0935,-1.4736,1.1519,-1.1723,3.0353,0.9217,1.8263
0.8562,0.4671,-0.3658,0.8721,3.2764,0.2314,0.5723,-0.8033,-0.0929,-1.5907,0.3106,-0.9891,2.9972,1.4196,1.3678
0.5064,0.3018,-0.7771,0.8269,3.8806,0.3532,0.6073,-1.1626,-0.5705,-0.8417,0.0064,-1.1912,3.0811,1.6221,1.2983
0.7891,0.0068,-1.1371,0.9723,3.2313,0.0476,0.779,-0.5825,0.2432,-0.9917,-0.0045,-1.5589,2.8949,1.5263,1.1245
0.5349,0.0014,-0.6379,0.8073,3.0484,0.2318,0.7517,-0.0739,0.4974,-1.4199,-0.0525,-2.2653,3.1399,1.4758,1.1924
0.5519,-0.2948,-0.1831,0.8413,3.4541,0.2965,0.6901,-0.025,0.7369,-1.6571,-0.0006,-2.2953,3.0051,1.1241,0.7252
0.8398,0.1876,-0.4972,0.689,3.9116,0.232,0.7676,-0.0347,0.7934,-1.3221,0.3216,-2.1809,3.0173,0.9433,0.7357
1.1924,0.2416,-0.019,0.6757,3.4758,-0.3781,0.3785,0.2584,-0.0892,-1.1372,0.3466,-1.9295,2.7617,0.7145,1.1529
0.3305,-0.07,0.1612,0.5857,3.2959,-0.2939,0.0439,0.4826,0.6736,-1.6148,-0.5447,-1.8358,2.4496,0.7723,0.4777
0.2875,-0.5089,0.3206,0.8059,3.5429,-0.0304,0.2001,0.9751,0.9073,-2.1899,0.7956,-2.0629,2.3406,0.7987,0.2459
0.6587,0.2123,0.4082,0.789,3.7683,-0.2108,0.3872,1.1325,0.617,-2.1967,0.9602,-1.8044,1.9502,0.0588,0.4081
0.2676,0.2357,0.4884,0.6446,3.8049,-0.2736,0.4758,1.2254,0.3624,-2.1297,0.9226,-1.4018,2.0838,-0.4465,0.404
0.4088,0.2394,0.3815,0.7716,3.8702,0.1193,0.6911,1.3627,0.0517,-2.1078,1.1468,-1.2707,2.1691,-0.5902,0.6664
0.2732,0.1687,0.6441,0.7213,3.9023,0.2628,0.6231,2.0554,0.4451,-1.9052,1.183,-1.3057,1.8265,-0.7325,0.9077
0.4367,0.2354,1.1765,0.5643,4.1088,0.436,0.644,2.1885,-0.2543,-1.9077,2.5681,-1.2698,2.1139,-0.9252,1.4181
0.4783,0.7537,1.4554,0.6031,4.2095,0.2501,0.6685,1.5041,-0.4912,-1.7754,1.974,-0.5028,2.0757,-0.9248,1.7722
0.4965,0.7425,1.1572,0.658,4.4674,0.1723,0.8835,1.6439,-0.7042,-1.648,1.9859,-0.7308,2.416,-0.5828,1.6966
0.4664,0.4299,1.0667,0.825,4.3147,0.1751,0.7044,1.4102,-0.7693,-1.37,1.8743,-0.7458,2.8226,-0.7743,1.7147
0.3124,0.3966,0.9104,0.6606,4.0815,0.3716,0.7689,1.0478,-0.8803,-1.248,1.5222,-0.8521,2.7604,-0.4614,1.7786
0.6342,0.4668,0.7985,0.6834,4.2752,0.3939,0.6325,1.2857,-0.6679,-1.2422,1.265,-0.8948,2.2039,-0.0055,1.8207
0.5686,0.1217,0.5978,0.4752,3.747,0.2584,0.3604,1.3266,-0.5953,-1.5757,0.6768,-1.0541,2.3802,-0.1154,1.4004
0.8346,0.1104,0.5622,0.6603,4.0542,0.3153,0.6233,1.5136,-0.0709,-1.9752,0.8939,-1.2582,2.2477,0.2668,0.813
0.3847,0.1653,0.5419,0.7648,3.7046,0.2149,0.7048,1.7223,-0.3482,-2.0081,0.9489,-1.4387,2.4983,-0.09,0.7961
0.1194,-0.202,0.2495,0.6329,4.1062,0.4321,0.6992,1.3245,-0.4884,-2.4608,1.0939,-1.1662,2.6629,-0.4635,0.5082
0.5362,-0.1488,0.2791,0.7294,4.0113,0.3822,1.2794,1.5497,-0.1971,-2.3388,1.2608,-1.1773,2.577,-0.253,0.4964
0.6296,-0.0178,0.4164,0.6789,4.2919,0.2107,0.929,1.4521,-0.2276,-1.7957,1.0469,-1.1125,2.5989,-0.204,0.6735
0.6366,-0.0094,0.4048,0.5551,4.0531,0.1321,1.02,1.8347,0.1321,-1.6028,0.9662,-1.019,2.6749,-0.2753,0.7448
0.6781,0.0456,0.723,0.7557,4.0212,0.0843,1.1319,2.0663,-0.0063,-1.5956,0.9456,-1.0733,2.5759,-0.4143,0.7795
0.7118,0.0895,1.062,0.6912,4.0093,0.36,0.8937,2.0197,-0.0775,-1.6421,0.8924,-0.9759,1.9029,-0.6281,0.9284
0.6124,-0.1815,1.2334,1.0044,4.0764,0.4412,0.8933,2.1475,-0.0772,-1.6445,1.2042,-1.101,2.5615,-0.6423,0.8994
0.5734,-0.0194,1.3256,1.1299,4.4132,0.3229,0.8924,2.3035,-0.6431,-1.3876,1.5786,-1.077,2.6733,-0.7346,1.0995
0.9145,0.1822,1.961,0.6161,4.4587,0.1543,0.7745,1.6247,-1.31,-1.3746,1.3938,-0.9463,2.675,-0.8846,0.9944
0.9962,0.2958,1.5314,0.5025,4.5523,-0.0439,0.7312,1.7761,-1.0348,-0.8262,1.1529,-0.7126,2.7537,-0.604,1.1209
0.4703,0.1088,1.3576,0.6028,4.6622,-0.0032,0.7638,2.1782,-0.8631,-0.7299,1.1605,-0.7559,2.8988,-0.4226,1.4138
0.6595,-0.0417,1.7666,1.0027,4.5349,0.2862,0.9551,1.685,-0.6624,-1.0052,1.4376,-0.7,2.7789,-0.4259,1.5049
0.4979,-0.0099,1.1859,0.6407,4.6279,0.353,0.7334,2.445,-0.4013,-0.8821,1.207,-0.6572,2.8243,-0.4285,1.4869
0.8136,0.1024,1.5084,0.3104,4.6637,0.1545,0.3666,2.2311,0.0148,-1.0847,1.0215,-0.7693,2.5668,-0.612,1.0685
0.5492,0.0609,1.7418,0.6725,4.5803,0.4037,0.5355,2.3198,-0.5465,-1.1,1.3523,-0.8594,2.5855,-0.9013,1.0335
0.6118,0.0179,1.3456,0.6509,4.4899,0.3939,0.5492,2.1974,-0.8231,-1.3835,1.2947,-0.8617,2.5321,-0.9144,0.8879
0.7257,-0.2942,1.2479,0.6198,4.6805,0.2902,0.5419,2.2452,-1.2172,-0.9396,0.4777,-0.8171,2.6001,-0.682,0.839
0.4284,-0.2607,1.768,0.8004,5.1167,0.2343,0.2753,2.6931,-0.6481,-0.7076,0.5266,-1.3513,2.2753,-0.7917,0.9223
0.648,-0.3225,1.608,0.8461,4.958,0.1414,0.7978,2.7942,-1.2776,-0.7051,1.5543,-1.4683,2.2081,-0.9204,1.29
0.6264,-0.0363,1.8628,0.743,5.2328,0.0712,0.9057,2.6987,-1.2463,-0.6116,1.2898,-1.0963,2.2328,-0.8773,1.4099
0.4155,0.0311,1.8065,0.6747,4.8408,0.0141,1.0057,3.0293,-0.9934,-0.797,1.3049,-0.9412,2.4286,-0.8303,1.6137
0.4426,-0.0615,2.0067,0.5966,4.4761,0.0166,1.0104,2.8095,-0.8234,-1.0998,1.7637,-0.7667,2.784,-0.9925,1.7201
0.3215,0.0673,1.9551,0.7642,4.5354,-0.347,0.8055,2.6427,-1.4903,-1.2824,1.8783,-0.9743,2.682,-0.919,1.7275
0.2341,0.1869,1.8733,0.6784,4.7933,-0.2138,0.7683,2.1081,-1.5849,-1.3331,2.1673,-0.3598,2.5318,-0.6217,1.8759
-0.0801,0.0951,1.2208,0.5867,4.9864,0.0245,0.7031,1.7981,-1.8139,-1.0617,1.7327,-0.1405,2.6151,-0.3765,1.336
0.1568,0.1056,0.9838,0.5455,4.7919,-0.0867,0.0594,1.6398,-1.5539,-1.2325,1.4263,-0.0937,2.697,-0.2027,0.9429
0.1354,0.0349,0.5936,0.6078,4.5869,0.2137,0.4217,0.3176,-1.8429,-1.3065,1.0473,-0.3611,3.2388,-0.0918,0.7775
0.4396,-0.3805,0.013,0.7236,4.8762,-0.0411,0.5778,1.2842,-1.0709,-1.0403,0.7533,-0.7846,3.3085,0.8628,0.6531
0.7229,-0.2899,0.8112,0.5573,4.8575,-0.1544,0.5527,1.6176,-0.8395,-0.6909,1.033,-1.1423,3.2849,0.7744,0.7982
0.7285,-0.432,0.8383,0.8513,4.9037,-0.1755,0.5395,1.5743,-0.5002,-0.8276,0.8051,-1.0533,3.1812,0.557,0.8317
0.8258,-0.3184,0.701,1.0442,4.8171,-0.1114,0.6857,1.5904,-1.0846,-0.661,0.9274,-1.1273,3.0454,0.2718,0.6831
0.6343,-0.4854,0.7504,0.9123,4.9963,-0.0909,0.6819,1.9487,-0.9968,-0.756,1.1261,-1.2415,2.8115,0.3808,0.9944
0.9507,-0.3625,0.887,0.8373,4.5756,-0.1722,0.8837,1.6605,-0.9455,-0.9008,1.3616,-1.0135,2.8688,0.2034,1.2784
0.7073,-0.11,0.8524,1.426,4.5976,-0.0952,0.753,1.3934,-1.104,-0.8701,1.2951,-0.7692,2.9118,0.3346,1.4838
1.7537,-0.2184,1.278,1.319,4.756,-0.3781,0.7499,1.6887,-0.8791,-1.0277,1.0362,-0.8104,2.7275,0.5187,1.413
1.3468,-0.0288,1.4393,1.0298,5.0747,-0.4912,0.6261,1.743,-0.7147,-0.6033,1.2393,-1.0277,2.5243,0.6059,1.5712
1.0305,0.1303,1.1668,1.1202,5.127,-0.1788,1.0126,1.9324,-0.9384,-0.4104,1.3638,-0.7396,2.419,0.2596,1.6016
0.9018,-0.2832,1.1033,1.1755,4.7714,-0.125,1.3296,1.9307,-0.7646,-0.9016,1.6463,-0.6067,2.6065,-0.003,1.7228
1.191,-0.137,1.0327,1.1408,4.586,-0.3643,1.0943,1.7271,-0.9959,-1.2573,1.815,-0.2643,2.8643,-0.1372,1.9096
1.1853,0.1522,1.0532,0.9679,4.7118,-0.4862,0.6025,1.5115,-0.8992,-1.3284,1.4927,-0.2059,2.8943,0.1144,1.7416
1.1945,-0.2044,0.9323,1.0308,4.9205,-0.6098,0.7683,1.4792,-1.2525,-1.0102,1.6918,-0.3166,3.1666,0.1307,1.5551
0.9917,0.1389,0.6884,0.8625,4.7275,-0.5173,0.6691,1.0365,-1.5662,-0.8394,1.9186,-0.5505,3.0011,0.2272,1.6251
1.5295,-0.0381,0.6018,1.0359,5.0639,-0.4951,0.6954,0.9447,-1.2237,-0.8223,2.0242,-0.3661,2.7115,0.8088,1.6793
1.3209,0.1037,0.1685,0.8325,5.4402,-0.309,0.663,0.8028,-1.1346,-0.3421,1.7858,-0.3142,2.9686,1.0477,1.75
1.0068,0.0352,0.0783,0.595,5.394,-0.5094,0.8394,0.6503,-0.7822,-0.1101,1.9039,-0.4247,3.1283,1.057,2.0837
1.3034,-0.0042,0.1118,1.1112,5.2385,-0.4998,0.9727,0.2732,-0.8295,-0.1737,1.6549,-0.2277,3.5977,1.0367,2.1191
1.0554,-0.1325,-0.1959,0.8744,4.7852,-0.5204,0.8796,0.4365,-0.6971,-0.4505,1.5719,-0.3002,3.432,1.1263,2.066
1.0496,-0.4892,-0.4508,1.0301,4.4165,-0.5581,0.756,0.3915,-0.2565,-0.8705,1.2672,-0.3193,3.3902,1.2168,1.709
1.1794,-0.3553,-0.5048,0.8479,4.6256,-0.5341,0.4678,0.5179,-0.2354,-0.9178,0.9666,-0.6693,3.3464,1.3172,1.4448
0.9042,-0.4492,-0.5763,0.8738,4.0898,-0.5293,0.3368,0.4693,-0.1903,-1.2385,0.3859,-0.8971,3.041,1.2545,0.8385
1.5602,-0.7976,0.0388,0.9052,4.3395,-0.7191,0.1963,1.1829,0.2761,-1.8081,0.6836,-1.3578,2.6962,1.4811,0.5494
1.2519,-0.4108,0.541,1.2163,4.883,-0.8068,0.1665,0.8205,-0.2544,-1.668,1.2821,-1.2717,2.7813,1.0178,0.6137
1.1034,-0.132,0.6881,0.9716,4.8501,-0.7442,0.4538,0.854,-0.7717,-1.2054,0.9789,-1.1168,2.5707,0.7801,0.5578
0.8741,-0.0846,0.7563,1.0956,4.9928,-0.5975,0.1389,1.7318,-0.2196,-1.3898,1.269,-1.102,2.4214,0.7423,0.5816
0.6772,-0.2874,1.0531,1.1409,4.9496,-0.395,0.3513,1.8622,-0.4829,-1.5475,1.2663,-1.0273,1.9141,0.1514,0.1797
1.0279,-0.2363,0.9981,1.1904,5.2019,-0.438,0.7293,2.9093,-0.3849,-1.5643,1.5653,-1.3129,1.7448,-0.1812,0.2547
1.0375,-0.1216,1.8492,0.9941,5.0337,-0.4367,0.7354,3.044,-0.4885,-1.4044,1.5199,-0.8191,2.1477,-0.6829,0.4719
1.249,0.2264,2.4483,0.932,5.2693,-0.6502,0.8553,2.5324,-1.1498,-1.3536,1.7886,-0.5104,2.1694,-0.9173,0.7592
1.0231,0.4073,2.1329,0.773,5.5508,-0.4925,0.3177,2.4154,-1.4965,-1.045,1.7678,-0.3147,2.3967,-0.6648,1.0349
1.6369,0.3969,2.2016,0.7322,5.7509,-0.7194,0.748,2.7803,-1.4971,-0.8134,2.3087,-0.2607,1.9159,-0.392,1.4629
1.3024,0.8079,2.292,0.6258,5.6223,-0.6149,0.8302,2.6478,-1.7543,-0.2128,2.5645,0.0332,2.1744,-0.4339,2.0566
1.1626,0.7564,2.1888,0.5604,5.5076,-0.5786,0.758,2.3132,-1.5971,-0.3114,2.3147,0.546,2.2793,-0.3206,2.2135
1.1121,0.8106,1.9509,0.3182,5.3948,-0.5534,0.7538,1.9451,-2.0747,-0.2,2.2216,0.5693,2.446,-0.0867,2.2157
1.0291,0.6974,1.4509,0.5178,5.9142,-0.3192,1.3154,1.3039,-2.5029,0.1479,1.8143,0.6383,2.3406,0.3505,2.3979
0.946,0.938,0.6603,0.5181,5.3927,-0.1618,1.2485,1.2432,-1.9284,0.2159,1.3759,0.4015,2.6553,0.6543,2.7742
1.0283,0.3688,0.5086,0.8447,5.1919,-0.3868,1.3926,1.2823,-0.9704,0.0707,2.076,0.1295,2.8239,1.0847,2.6795
1.2452,0.1672,0.0104,0.8334,5.1452,-0.5577,0.3145,-0.1074,-2.0014,-0.1203,1.561,0.2331,3.3535,1.124,2.595
1.3179,0.207,-0.3774,1.0193,5.059,-0.4642,0.3196,0.2029,-0.8331,0.1404,0.8924,0.0664,2.893,1.8143,2.1141
1.1968,-0.2625,-0.1732,1.0414,4.6192,-0.4999,0.7127,0.2726,-0.3523,-0.3956,0.9293,-0.3167,2.5986,1.8907,1.7067
1.1233,-0.6159,-0.0988,1.2676,4.4808,-0.3006,0.6768,0.4981,0.1991,-0.8889,0.9953,-0.6001,2.9867,2.0416,1.1501
1.283,-0.4788,0.3606,1.2648,4.4001,-0.4925,0.6863,0.3447,-0.2082,-1.0105,0.6313,-0.7265,2.9288,1.7734,0.8073
1.5882,-0.047,0.7406,1.1799,4.709,-0.711,0.8681,0.54,-0.4461,-0.6126,1.1946,-1.036,2.9807,1.5935,0.8171
1.6341,0.0656,0.8166,0.9629,4.7921,-0.8603,0.8368,0.5874,-0.6565,-0.6537,1.3754,-0.9854,2.8361,1.7499,0.9059
1.4448,0.0538,0.701,1.1926,4.8216,-0.8117,0.8419,0.9142,-0.6727,-0.6156,1.2991,-0.8637,2.4732,1.6868,1.1026
1.3324,-0.1542,0.723,1.2042,4.7586,-0.7761,0.8662,0.7599,-0.9348,-0.7516,1.8049,-0.9123,2.7157,1.4724,1.3102
1.4483,0.4184,0.7514,0.1516,4.9052,-0.8406,0.9343,0.7649,-0.659,-0.6389,1.221,-0.7591,2.5851,1.4787,1.1006
1.463,0.0711,0.7183,0.4719,4.8526,-0.7019,0.7222,0.6405,-0.7472,-0.9358,0.7873,-0.7591,2.8107,1.6998,0.664
1.184,-0.113,0.7764,0.8506,4.907,-0.6833,0.9937,0.7765,-0.2342,-1.1466,1.2128,-0.7821,3.0235,1.4875,0.5669
1.2075,-0.7496,0.7315,0.6118,5.1181,-0.7745,0.8197,0.7941,-1.6338,-1.004,1.4431,-0.7651,3.2319,1.4238,0.7011
1.0755,-0.1821,0.5294,0.7588,5.0018,-0.8021,0.8594,1.0385,-0.5344,-0.7136,0.7394,-0.5476,3.0539,1.6431,0.5803
1.1616,-0.1336,0.5939,1.0101,5.0748,-0.5328,0.8378,1.6144,-0.2142,-1.1159,1.1837,-0.7928,3.0627,1.3375,0.5527
1.2002,-0.3741,1.1957,1.0627,5.0087,-0.4221,0.8837,1.5558,-0.8969,-1.3756,1.1762,-0.6987,2.834,0.8475,0.5079
1.5951,-0.471,1.313,1.0633,5.1307,-0.5489,0.9027,1.962,-1.0985,-1.4984,1.3471,-0.8615,2.8936,0.6553,0.3881
1.5758,-0.0701,1.5503,0.9879,5.2973,-0.9008,0.6195,1.9673,-1.1962,-1.1518,1.312,-0.696,2.9201,0.4264,0.4462
1.7059,0.0516,1.8488,1.1445,5.6329,-0.375,0.9658,2.1946,-1.0208,-1.0357,2.1197,-0.6846,2.7784,0.4482,0.8005
1.6569,0.387,1.8443,1.0252,5.6611,-0.4404,0.7281,1.5307,-1.8009,-0.6466,2.7261,-0.3748,3.0525,0.2384,1.5726
1.4895,0.5102,1.6207,0.9075,5.8537,-0.5009,1.4624,1.202,-1.8217,0.174,2.218,0.3228,3.1301,0.6521,1.8331
1.1011,0.3191,1.2353,0.7301,5.3572,-0.2901,1.7474,1.0096,-1.6759,0.1056,1.9681,0.2149,3.3746,0.7458,1.8918
1.0199,0.0446,0.9927,0.8773,5.437,-0.2525,1.5555,1.3501,-1.1652,-0.3333,1.5504,-0.0001,3.9036,1.1969,1.6527
1.2089,-0.0937,1.1902,1.1459,5.5419,-0.3196,1.406,0.9554,-0.8548,-0.3283,1.4141,-0.2012,3.2138,1.2594,1.5292
1.1272,0.2725,1.5671,1.0226,5.3516,-0.518,1.2311,1.2335,-1.0732,-0.1439,1.8731,-0.5712,3.0922,1.2513,1.6131
1.6083,-0.0056,1.719,1.1192,5.3185,-0.8374,1.1885,1.5394,-0.9544,-0.5839,2.0611,-0.5358,3.004,1.406,1.4048
1.6963,0.0899,1.6282,0.9953,5.2,-0.9885,1.2823,1.4281,-1.3414,-0.5836,1.6979,-0.2579,3.4206,1.3438,1.455
1.5083,-0.1021,1.5993,0.9823,5.213,-0.7778,1.2149,1.2853,-1.0077,-0.6682,1.5272,-0.2505,3.7582,1.4201,1.3582
1.1888,0.0465,1.3804,0.9711,5.2641,-0.7129,0.8769,1.1495,-1.2221,-0.4955,1.3885,-0.4541,3.3393,1.3347,1.1449
1.2395,-0.1766,1.4252,1.288,5.3034,-0.7537,0.968,0.8371,-1.188,-0.7989,1.7638,-0.5281,3.8299,1.5747,1.0502
1.0202,-0.2869,1.016,1.2291,5.2632,-0.4956,0.8955,0.7284,-0.8285,-0.8211,1.5767,-0.4604,3.3682,1.6797,0.9461
1.247,-0.3162,0.9199,1.513,5.2605,-0.4844,1.3823,0.7779,-1.0277,-0.6703,1.9116,-0.4588,3.6253,1.5838,0.9081
1.1639,-0.0688,0.3455,1.3888,5.9121,-0.5004,1.3655,0.5162,-0.8869,-0.3105,1.3427,-0.4897,4.0536,1.6448,0.9849
1.54,-0.2993,0.5255,1.284,5.2474,-0.6338,1.4644,0.5599,-0.1846,-0.4009,0.641,-0.6132,3.9756,1.4376,0.5376
1.5759,-0.3789,0.5452,1.4326,4.948,-0.6153,1.476,1.2151,0.0564,-0.6009,-0.5719,-0.8064,3.7667,1.5105,0.2187
0.7905,-0.9793,0.8352,1.8189,4.5916,-0.357,1.4766,1.67,0.3063,-0.8895,0.3134,-1.505,3.4354,1.2837,0.2215
1.0485,-0.635,1.4198,1.757,4.8723,-0.3433,1.4453,1.7229,0.174,-1.2438,1.1796,-1.4644,2.8258,0.9329,0.1507
1.1111,-0.2055,1.5358,1.4127,4.9158,-0.5288,1.3487,1.843,-0.104,-1.2852,1.3308,-1.1551,3.1846,0.6818,0.176
1.1031,-0.4834,1.5421,1.3948,4.8909,-0.6631,1.4969,2.2658,-0.3455,-1.6349,1.2331,-0.9228,3.0113,0.4421,0.1087
1.4051,-0.2636,2.1879,1.4769,4.8512,-0.6143,1.4919,2.7644,-0.2118,-1.9502,1.4333,-0.7964,2.8702,0.2429,-0.0461
0.8268,-0.2978,2.4675,1.3286,5.2242,-0.2316,1.5275,2.6114,-0.4162,-1.8143,1.818,-0.6448,2.9554,0.1155,0.2961
1.2532,-0.2968,2.3192,1.5385,5.5962,-0.3678,1.7647,2.3463,-0.8165,-1.4944,1.3981,-0.2771,2.8581,-0.0393,0.4072
0.9685,-0.2969,2.2437,1.2882,5.8713,-0.2047,1.9768,2.4494,-0.9351,-0.9107,1.6824,-0.2653,2.9986,0.0144,0.7752
1.2035,-0.1919,2.3695,1.1223,5.4773,-0.5196,2.1388,2.3289,-1.3517,-0.5433,1.4532,-0.3217,3.0493,0.0474,1.0769
1.3569,-0.3535,2.0657,1.0457,5.4064,-0.8111,1.7698,2.9471,-0.9506,-0.5115,1.265,-0.0936,3.1661,0.3864,1.3905
1.2233,-0.3387,2.3879,1.3433,5.3106,-0.6939,1.7185,2.576,-0.8791,-0.5395,1.2758,-0.2194,3.1155,0.462,1.5937
0.9288,-0.1494,2.6296,1.3481,5.3644,-0.5351,1.8735,2.3031,-0.9168,-0.5126,1.3876,-0.389,3.2056,0.6527,1.5437
0.9696,0.2894,2.5286,0.9777,5.2825,-0.471,1.8452,2.3225,-0.8979,-0.6347,0.2977,-0.1103,3.2926,0.6848,1.0628
1.1683,-0.6512,2.3226,1.3236,5.3719,-0.4177,1.6292,2.6691,-0.6351,-1.1406,1.012,-0.8021,3.1458,0.7265,0.9212
1.2014,-0.3727,1.8418,1.285,5.305,-0.7169,1.9837,2.3989,-0.8589,-0.9456,1.3112,-0.6701,3.1099,0.622,1.0659
1.0848,-0.1187,1.6394,1.263,5.2952,-0.468,2.1066,2.5809,-0.6458,-0.7638,0.9105,-0.4061,3.1445,0.707,1.2397
1.0476,-0.2117,1.8322,1.5284,5.2163,-0.4028,2.031,2.3573,-0.4523,-0.9607,0.9217,-0.4537,3.0948,0.781,0.9602
1.3559,-0.4473,1.6652,1.4851,5.261,-0.374,1.7575,2.1971,-0.9146,-1.0777,1.1765,-0.6269,3.4649,0.7954,0.9861
1.454,-0.0614,1.4249,1.3568,5.8491,-0.5539,2.007,2.6962,-0.405,-0.7008,0.8027,-0.5985,3.1431,1.1429,1.0936
1.3041,-0.2061,1.7811,1.4381,5.4241,-0.861,2.1973,3.0881,-0.4415,-0.6049,1.0466,-0.6562,3.054,0.6957,1.306
1.2829,0.1703,2.3982,1.0862,5.4988,-0.8377,1.7725,3.0866,-0.3302,-0.9825,1.3665,-0.5002,3.3645,0.5383,1.5439
1.0474,0.36,2.6759,1.2545,5.6182,-0.5646,1.7481,2.448,-0.955,-0.7902,1.4937,-0.4172,3.3322,0.4053,1.5763
1.1652,0.2969,2.4338,1.1171,5.8031,-0.6179,1.9355,2.4479,-1.0218,-0.6768,1.5194,-0.415,3.628,0.3788,1.4172
1.068,-0.0034,2.616,1.2735,5.7447,-0.6569,1.8767,2.0567,-1.0208,-0.4046,1.8643,-0.5814,3.493,0.5349,1.6984
1.0398,0.2366,1.8657,1.4896,5.6202,-0.577,1.7796,2.0577,-1.264,0.1415,1.9857,-0.1219,3.5317,0.8641,2.0131
1.4082,0.0338,1.7199,1.4452,5.4004,-0.6401,2.1379,1.531,-1.2999,0.0151,1.8054,-0.0316,3.7647,1.0554,2.1982
0.559,0.0665,0.9806,1.7001,5.2013,-0.2663,1.9896,0.7338,-1.3789,-0.1564,1.5721,-0.0298,3.9602,1.6028,2.1373
1.0724,-0.0183,0.3325,1.5324,4.8496,-0.5813,2.0334,0.6583,-0.8067,-0.2785,1.1974,-0.2049,4.1446,2.2968,1.9585
0.7526,-0.3447,-0.0849,0.9644,4.513,-0.3919,1.9087,0.2705,-0.8903,-0.2869,1.1883,-0.295,4.8042,2.6383,1.8415
1.0198,-0.3824,0.1259,1.7612,4.1469,-0.4752,1.7733,-0.1415,-0.2912,-0.8499,0.7764,-0.3749,4.738,3.1263,1.3027
1.273,-0.5518,-0.1747,1.7722,4.0281,-0.3144,1.7111,-0.2446,-0.45,-1.1434,0.5371,-0.7148,4.846,3.3604,0.7535
1.1156,-0.5157,-0.5191,1.7342,4.0074,-0.5123,1.6587,-0.5695,-0.0214,-1.4129,0.0518,-0.916,4.9315,3.4609,0.3745
1.285,-0.62,-0.8083,1.3726,4.3984,-0.7277,1.3842,-0.417,0.0563,-1.2832,-0.628,-1.1824,4.9952,3.6163,-0.2069
1.5582,-0.9259,-0.865,1.7646,3.925,-0.8237,1.4756,0.0237,0.8674,-1.3714,-1.0704,-1.8813,4.4809,3.4573,-0.77
1.6124,-0.8912,-0.2421,1.7836,3.6522,-0.8473,1.5373,0.6143,1.0515,-1.7157,-0.7638,-2.1906,4.3203,3.1874,-0.88
1.7344,-0.6514,0.4264,1.8991,3.6246,-1.0623,1.4087,0.9725,1.1198,-2.2886,-0.148,-2.4816,3.9982,2.6169,-0.9785
1.5203,-0.5664,0.8482,1.9346,3.9683,-0.9513,1.3014,1.2979,1.0036,-2.3393,0.3039,-1.9178,3.8249,2.117,-1.0113
1.7454,-0.3679,0.7963,1.8308,4.3975,-0.9074,1.1992,1.62,0.493,-2.1272,0.3096,-1.7752,3.5951,1.7338,-1.1299
2.1739,-0.2459,1.5946,1.9047,4.4019,-1.2583,1.2141,2.1839,0.3716,-1.884,1.2822,-1.6154,3.3651,1.4306,-0.5601
1.5874,0.1137,1.8212,1.7383,5.0262,-1.1765,1.5861,2.0079,-0.4994,-1.3005,0.8366,-1.0697,3.5594,1.1952,-0.2259
1.757,-0.117,1.7624,1.9021,5.3022,-1.1638,1.6198,2.2895,-0.6328,-0.9518,1.4257,-0.8781,3.2516,0.8639,0.2856
1.5669,0.2489,1.9823,1.9714,5.1082,-0.9487,1.8297,2.4498,-0.8155,-0.8384,1.4019,-0.6581,3.299,0.6966,0.6362
1.6979,0.1721,1.6637,1.382,5.1994,-0.9504,1.8097,2.6678,-0.9055,-0.866,1.3191,-0.6075,3.0583,0.5812,0.9175
1.8787,0.2205,1.9435,1.5464,4.985,-0.8246,2.0687,2.5653,-0.7591,-0.7948,1.4052,-0.6565,2.7837,0.4689,1.088
1.2517,-0.0168,1.9331,1.6131,5.1854,-0.8441,2.185,2.7495,-0.8005,-0.6083,0.6971,-0.735,3.1007,0.3847,1.2198
1.4565,-0.1429,2.0103,1.7599,5.1107,-0.6546,2.3018,2.6675,-0.4081,-0.8482,0.9936,-1.0343,3.1392,0.4666,1.3109
1.6613,-0.2868,2.1842,1.7426,4.9128,-0.6725,1.7462,2.7273,-0.4449,-0.7524,1.5029,-1.0023,2.9822,0.4351,1.6251
1.5629,-0.1667,2.4123,1.9544,4.951,-0.8003,1.2892,2.5795,-0.5497,-0.892,1.6656,-0.6224,3.1381,0.3323,1.5588
1.4409,0.1567,2.6629,1.2312,5.0841,-0.6528,1.2261,2.8583,-0.682,-0.8215,1.9847,-0.3616,2.9009,0.3994,1.4004
1.8817,-0.0598,2.6009,1.4332,5.2048,-0.5426,1.2947,2.4318,-1.3136,-0.865,1.6831,-0.409,2.796,0.5572,1.215
1.9268,0.147,2.4522,1.3027,5.026,-0.8916,1.6707,2.6095,-1.104,-0.578,0.9918,-0.2395,2.9071,0.9229,1.1777
1.4736,0.1489,2.2142,1.5203,5.2851,-0.7955,1.7087,2.038,-1.0522,-0.5968,1.434,-0.6891,2.9552,1.255,1.4297
1.756,-0.0357,1.4315,1.5808,5.1099,-0.7734,1.7849,1.8466,-0.8763,-0.6393,1.3108,-0.3777,3.3659,1.3556,1.3813
1.5694,-0.1086,1.8326,1.4696,4.8615,-0.7016,1.7749,2.25,-0.4844,-0.5299,0.9766,-0.4741,3.4636,1.4626,1.3669
1.4757,0.2028,2.0169,1.3664,4.9545,-0.5316,2.0252,1.9142,-1.3759,-0.5744,0.7678,-0.7959,3.2069,1.3125,1.1579
1.4763,-0.1897,1.5711,1.5007,4.7996,-0.833,2.0999,1.2806,-1.1012,-0.5639,0.9076,-0.9182,3.394,1.6405,1.3506
1.2901,-0.4479,0.957,1.5334,5.016,-0.8795,1.917,1.159,-0.5485,-0.4333,0.8885,-1.0682,3.4554,1.9549,1.3853
1.0827,-0.5512,1.0199,1.4438,6.2649,-0.7929,1.6094,1.0746,-0.1959,0.1928,0.5551,-1.3019,3.5044,2.1462,1.5445
1.2049,-0.5511,1.1594,1.4342,5.7792,-0.9037,2.0315,1.5014,-0.0309,0.7716,0.5299,-1.3585,3.4108,1.641,1.7912
1.0315,-0.1148,1.5364,1.5599,5.4295,-0.5545,2.3323,1.5591,-0.4475,0.4217,1.1687,-1.4893,3.4817,1.3714,2.1406
1.2333,-0.2014,1.0176,1.6183,5.1662,-0.5125,2.2422,1.4074,-0.2951,-0.0785,1.3064,-1.0779,3.3121,1.1439,2.3678
1.311,-0.325,1.1838,1.7656,5.2859,-0.7185,2.2827,1.8926,-0.484,-0.221,1.0936,-0.9769,3.3774,1.3501,2.0698
1.4912,-0.5975,1.2872,1.7404,5.1655,-0.6264,2.2515,2.0269,-0.6545,-0.1879,0.6967,-0.939,3.5091,1.3991,2.1659
2.5026,-0.4627,1.872,1.5495,5.1226,-1.2111,1.9331,2.6163,0.0455,-0.134,1.0021,-1.1453,3.3145,1.513,2.1497
1.8534,-0.0583,2.0549,1.6372,5.0878,-1.3223,2.1413,2.5104,-0.5494,-0.2457,1.4579,-0.9624,2.9574,1.2263,1.9233
1.5253,0.055,2.0641,1.4916,5.3757,-1.2584,1.9653,2.3333,-0.8036,-0.533,1.29,-0.7873,3.3012,1.0322,2.1996
1.6826,0.0834,2.0603,1.5095,5.1785,-1.0923,1.6866,2.5287,-0.7241,-0.7472,1.4533,-0.9478,3.1837,0.8315,1.9632
0.9962,-0.2835,1.7145,1.5607,5.3915,-1.0448,2.2727,2.7366,-0.3951,-0.8171,1.4581,-0.9268,3.1039,0.8806,1.9198
1.3021,-0.259,2.1432,1.6774,5.384,-0.7886,2.26,2.6812,-0.5597,-0.7955,1.7449,-0.8523,3.5725,0.7166,2.0568
1.4223,-0.0532,2.037,1.2436,5.4921,-0.6155,2.3177,2.3678,-1.0407,-0.424,1.1533,-0.6104,3.5441,0.6073,1.8394
1.4505,-0.026,2.2905,1.5156,5.1911,-0.6376,2.176,2.4339,-1.5521,-0.3919,1.1311,-0.8552,3.5417,0.8514,1.8646
1.4754,-0.1633,2.1028,1.5896,5.1274,-0.6624,1.9434,2.0675,-1.0217,-0.6899,1.2401,-0.9578,3.3673,1.1674,1.808
1.3962,-0.3376,1.8488,1.856,5.2197,-0.6294,1.775,2.31,-0.4591,-0.8479,1.2687,-1.1049,3.5022,1.1949,1.6568
1.4084,-0.2099,1.5745,1.7978,5.209,-0.6487,1.635,1.9511,-0.8156,-0.708,1.4288,-1.1091,3.23,1.1706,1.6717
1.4512,-0.1705,1.4475,1.5276,5.3874,-0.8108,1.4885,1.9634,-0.379,-0.8636,0.8972,-0.9146,3.3286,1.3372,1.4035
1.4125,-0.3405,1.221,1.6884,5.6009,-0.9124,1.6177,1.3434,-0.6394,-0.6077,0.6961,-1.1477,3.4331,1.2925,1.2919
1.3894,-0.4624,1.1435,1.595,5.4423,-1.084,2.203,1.6426,-0.3882,-0.3299,0.8713,-1.3754,3.4257,1.5048,1.3751
0.8808,-0.2707,1.0443,1.4818,5.0244,-0.7485,2.0611,2.1464,-0.0952,-0.545,0.4941,-1.3306,3.9548,1.4336,1.2174
1.0211,-0.7668,1.3644,1.4387,4.6497,-0.4619,1.9042,1.7082,-0.0962,-1.4301,0.5257,-1.3269,3.9029,1.0182,0.9449
1.3218,-0.2727,1.3209,1.5325,4.8327,-0.4082,1.4488,2.0218,-0.3765,-1.6659,0.5113,-1.0852,3.5012,1.124,0.7308
0.9595,-0.1853,1.3652,1.4394,4.844,-0.3597,1.2702,2.2779,-0.2408,-1.7087,0.6204,-1.4006,3.6081,1.147,0.4826
1.1845,-0.8989,1.5331,1.7137,5.0126,-0.3138,1.3321,0.9108,-0.9616,-1.7509,0.9482,-1.5039,3.4859,0.9119,0.4123
1.6913,-0.2509,1.1267,1.8119,4.9975,-0.6742,1.5871,1.2694,-0.7093,-1.2233,1.2628,-1.5324,3.4191,1.1736,0.7541
1.5625,-0.1503,0.894,1.7268,5.0645,-0.7061,1.7255,1.3053,-0.5703,-0.8672,1.1561,-1.071,3.4468,1.3772,0.9911
1.492,-0.1472,0.8658,1.6699,5.087,-0.6874,1.8225,1.4857,-0.4175,-0.9204,1.1736,-1.0014,3.4956,1.4887,1.126
1.6549,-0.1096,1.0714,1.5432,5.0909,-1.0662,2.0374,1.7966,-0.6861,-0.8627,0.9525,-0.8279,3.6445,1.3251,1.3075
1.4327,-0.4034,0.8049,1.6055,5.1048,-0.9788,1.9327,1.5443,-0.8802,-0.7705,0.6838,-0.6905,3.4669,1.4544,1.3952
1.4271,-0.6886,0.9459,1.3944,5.3614,-0.8527,1.6896,1.7012,-0.0647,-0.6562,0.6044,-0.8336,3.474,1.5921,1.2789
1.2554,-0.6462,1.1852,1.5827,5.2387,-0.8401,1.4871,1.5353,-0.5001,-0.5554,0.8009,-0.9262,3.6027,1.4181,1.2171
1.4246,-0.6415,1.3654,1.0847,5.1725,-1.035,1.433,1.9428,-0.5357,-0.469,1.2093,-0.8342,3.5736,1.2811,1.3708
0.9049,-0.3661,0.8468,1.0236,5.3948,-0.8418,1.2319,1.3515,-1.5603,-0.1149,0.8961,-0.8014,3.7103,1.3195,1.9946
1.186,-1.1693,0.6784,1.3858,5.1813,-0.6777,1.5995,1.4754,-0.3855,-0.3943,0.3551,-0.6986,3.8774,1.7021,1.355
1.0735,-1.4084,0.5272,1.3249,4.9848,-0.7452,1.5344,1.73,0.2258,-0.6769,0.0034,-0.9461,3.6922,1.7369,0.9857
1.0003,-1.1891,0.8397,1.6607,5.0263,-0.4435,1.4072,2.4259,0.5957,-1.2469,0.2091,-1.3623,3.0842,1.4211,0.578
1.0323,-0.6985,1.3014,1.6608,5.3215,-0.4307,1.5045,2.3316,0.1029,-1.3543,0.4129,-1.5036,3.2396,0.7701,0.4506
1.1569,-0.6407,1.8774,1.5217,5.4343,-0.6578,1.5056,2.62,-0.1459,-1.2763,0.8184,-1.569,3.1504,0.5378,0.5729
0.7049,-0.3373,1.622,1.3841,5.408,-0.5158,1.7774,2.4885,-0.4059,-1.4002,1.117,-1.3766,3.2061,0.6191,0.7402
1.2124,-0.4067,1.7326,1.3801,5.7637,-0.5279,1.8876,2.2947,-2.3602,-1.0696,0.8594,-1.0297,3.2363,0.4783,0.8578
1.4226,-0.4324,1.768,1.4509,5.6017,-0.666,1.7571,2.4589,-1.2055,-0.8261,0.7018,-0.8752,3.2421,0.8015,1.2488
1.165,-0.1759,1.8867,1.5923,5.2847,-0.7238,1.927,2.1091,-0.708,-0.6698,0.9413,-1.0647,3.1501,0.8658,1.3496
1.1449,-0.0616,1.7844,1.3192,5.0746,-0.664,2.158,2.2042,-0.7893,-0.9432,0.5377,-0.6698,3.0991,0.8642,1.3291
1.0814,0.0205,1.4518,1.2933,5.1029,-0.712,1.5767,1.6365,-0.8606,-0.9616,0.3822,-0.8318,3.2492,1.0515,1.3403
1.1937,-0.1851,1.3999,1.5061,5.1858,-0.6311,2.0715,3.6217,0.1738,-1.1978,0.9973,-1.089,2.6289,1.201,1.3375
1.3155,-0.182,2.5084,1.1757,5.0935,-0.8385,1.6353,2.4841,-0.6488,-1.7555,0.6296,-0.6815,2.7563,0.2158,1.203
0.8248,-0.42,2.0438,1.4591,5.298,-0.9103,1.4496,2.6525,-0.464,-1.5601,0.2742,-0.4691,3.2762,0.2379,0.884
0.8759,-0.2943,2.0714,1.653,5.4769,-0.0672,1.5505,2.3985,-0.7588,-1.5779,1.0397,-0.6476,3.2085,0.0747,0.8392
1.0769,-0.5246,2.1259,1.4702,5.8083,-0.2623,2.0125,2.0473,-0.6826,-1.0532,1.5534,-0.4641,3.34,0.0988,1.3133
1.2426,-0.3004,2.2335,1.4959,5.8036,-0.445,2.4889,1.9373,-1.0026,-0.5582,1.2799,-0.4043,3.0761,0.335,1.6967
0.9014,-0.3358,1.9052,1.5867,5.4192,-0.4468,2.3955,1.4512,-0.6,-0.5776,1.1747,-0.3594,3.4102,0.472,2.0171
0.8426,-0.3339,1.5797,1.8801,5.2724,-0.6587,2.5914,1.9537,-0.8064,-0.8153,0.6734,-0.459,3.7735,0.9365,1.8529
1.1562,-0.5777,1.8926,1.8926,5.3336,-0.8737,2.5863,2.3477,-0.4083,-1.0678,1.321,-0.4397,3.7649,0.9019,2.0265
0.8101,-0.1165,2.1368,1.8715,5.7634,-0.7316,2.3978,1.3014,-0.8205,-0.5797,1.2242,-0.472,3.8422,0.7278,2.3914
1.0473,-0.44,1.474,1.9063,5.0879,-0.702,2.3753,1.542,-1.0184,-0.5653,1.4542,-0.3361,3.5731,1.0923,2.5587
0.7251,-0.5258,1.3302,2.0998,5.1699,-0.6118,2.4145,1.9013,-0.6763,-0.6679,1.4959,-0.4752,3.8343,1.4908,2.635
0.8598,-0.4055,0.9229,1.8681,5.1408,-0.7358,2.114,1.0365,-0.9691,-0.9705,1.01,-0.2239,3.9731,1.4633,2.2649
0.9594,-0.6062,0.4392,1.8895,5.1958,-0.8606,1.8419,1.0967,-0.5908,-1.1731,0.8821,-0.3061,3.6256,1.7697,1.8244
0.8942,-0.5171,0.5557,1.7171,5.3283,-0.6898,1.6126,0.9123,0.2167,-1.0747,0.3199,-0.4614,3.679,1.9792,1.505
0.7907,-0.805,0.7824,1.8208,5.2615,-0.7199,1.8683,1.4955,0.6476,-1.118,0.3932,-0.6654,3.6053,1.6148,1.06
0.7952,-0.6413,1.1696,2.0373,3.798,-0.3741,2.0995,1.764,0.5961,-1.8147,0.6942,-0.675,3.2167,1.1892,0.6915
1.1543,-0.6033,1.7585,2.1675,4.5737,-0.6802,1.8212,1.7508,0.1935,-2.5888,0.4109,-0.6448,3.5845,1.2291,0.2168
1.0722,-0.1583,1.9374,1.9357,5.0801,-0.7945,1.8977,1.9151,-0.1092,-2.1368,0.4661,-0.7337,3.6548,0.7736,0.0689
1.0792,-0.0164,1.9631,1.6631,5.4636,-0.958,2.4384,2.0807,-0.3524,-1.7508,0.4456,-0.4707,3.3154,0.7371,0.3461
0.8299,0.002,1.4155,1.6917,5.6067,-0.9502,2.3231,2.517,-0.3286,-1.7712,0.3906,-0.3243,3.4586,0.5386,0.394
0.8337,-0.3538,2.1523,1.6449,5.8672,-0.8515,1.9018,2.9356,0.2416,-1.8276,0.1662,-0.3641,3.5396,0.3754,0.4767
1.025,-0.3123,2.3103,1.8558,5.9471,-0.5723,1.9469,2.9977,0.0506,-1.5788,0.5793,-0.3103,3.2476,-0.0827,0.7082
1.1231,-0.0537,2.1979,1.5318,5.9036,-0.7757,0.9304,3.0441,-0.6396,-1.3784,0.6905,0.1434,3.1715,-0.3064,0.9243
1.0333,-0.0764,2.3532,1.3895,5.6337,-0.6494,0.8439,3.4701,-0.9738,-1.427,0.7235,0.1148,2.6445,-0.1946,0.9652
1.1473,1.6626,2.9956,0.9567,5.9655,-0.3954,1.9479,2.9434,-0.5977,-1.4614,0.6896,0.1322,2.5645,-0.0358,0.7174
1.0992,0.9164,2.6646,0.966,5.8967,-0.2487,2.07,2.9659,-0.9643,-2.1305,0.579,0.2231,4.2523,-0.3106,0.8448
1.3113,0.2492,2.8807,1.4298,5.9667,-0.5113,2.0758,3.1439,-0.9017,-1.8335,0.8348,0.3736,3.7128,-0.1346,0.8107
1.2428,0.036,3.0409,1.3476,6.0107,-0.4985,1.9889,2.7834,-1.1406,-1.1944,0.9409,0.3339,3.5827,0.0831,1.1858
0.8044,-0.1113,2.677,1.4726,6.1045,-0.3425,2.1731,3.1152,-0.6701,-0.8769,0.799,0.3999,3.3211,0.2948,1.5224
0.9878,-0.0499,2.6148,0.9223,6.441,-0.4239,2.3657,2.6262,-0.9768,-0.3805,0.7504,0.4599,3.5855,0.5766,2.0163
0.9838,-0.785,2.3076,1.4455,6.1948,-0.4922,2.3801,2.2786,-1.0901,-0.1764,0.9637,0.4869,3.5893,0.8698,2.5348
1.0062,-0.4897,1.7546,1.658,6.0488,-0.4943,2.2825,2.2268,-0.9093,0.2341,0.7574,0.0784,4.0719,1.3031,2.8838
1.0377,-0.5573,1.6657,1.6353,5.6948,-0.372,2.2335,1.5808,-0.4496,-0.0754,0.6242,0.0882,3.7059,1.6461,2.7833
0.7711,-0.6262,1.3126,1.426,5.4777,-0.3448,1.7826,1.0842,-0.7012,-0.2635,0.7788,0.0957,4.0392,1.7958,2.903
1.0882,-0.5994,1.0901,1.3055,5.4872,-0.331,1.6626,0.7015,-0.3531,-0.6454,0.4812,0.1165,3.8455,2.1068,2.5653
0.9685,-0.5322,0.6154,1.6044,5.4242,-0.3703,1.8976,0.935,-0.1019,-0.7142,0.3283,0.3753,3.9282,2.5153,2.2283
1.0613,-0.6643,0.8074,1.5692,5.2964,-0.4399,1.6928,0.8598,-0.1187,-0.8642,0.7806,0.0934,3.6908,2.6507,2.1163
0.9774,-0.5735,0.5973,1.7117,5.1794,-0.492,1.7905,0.5166,-0.026,-1.2183,0.0578,0.3106,3.8511,2.5248,1.5992
1.1856,-0.6783,0.8961,1.9057,5.263,-0.5523,1.3967,0.8295,0.301,-1.4658,-0.321,-0.1609,3.6565,2.6586,1.1307
1.0001,-0.8732,0.9883,1.7337,5.4347,-0.587,1.878,0.9488,0.3398,-1.3873,0.0613,-0.6627,3.4398,2.5641,0.9063
1.3391,-0.8732,1.1159,1.4665,5.5061,-0.9858,2.0076,1.443,0.4594,-1.1817,0.6439,-0.7323,3.4274,2.4696,1.15
0.8882,-0.5208,1.4992,1.788,4.7649,-1.0074,2.1366,1.2301,0.1476,-1.5705,0.863,-0.4689,3.639,2.0743,1.2684
1.258,-0.6826,0.8002,1.7686,5.1171,-1.2093,1.883,1.8756,-0.1616,-2.0089,0.8029,-0.1509,3.8259,2.2832,1.1305
1.0733,-0.6806,1.3362,1.8664,5.2815,-1.2056,1.908,1.8161,-0.0229,-1.9147,0.7386,-0.0847,3.5886,2.2983,1.223
0.935,-0.4723,1.1628,1.3709,5.6245,-0.9933,1.8239,1.5979,-0.0967,-2.0648,0.4314,0.0141,3.9485,2.3076,0.8912
1.1331,-0.6253,1.1925,1.595,5.8426,-0.7329,1.9137,0.603,-0.5385,-1.9025,0.2873,0.1906,3.8064,2.1771,0.8331
0.8913,-0.5154,0.5592,1.4585,6.0481,-0.6611,1.751,0.9029,-0.3463,-1.11,0.3664,0.2468,3.7139,2.5991,1.1801
0.7578,-0.5879,0.6573,1.5303,5.7258,-0.7121,2.0066,0.6679,0.0625,-0.8465,-0.0968,0.0012,3.2024,2.4734,1.1483
0.4671,-0.8368,0.2963,1.8916,5.5471,-0.395,2.0847,1.2478,0.3822,-1.13,-0.1737,-0.2993,3.5375,2.4591,1.0194
0.8307,-0.8696,0.893,1.8315,5.4476,-0.4564,2.2144,1.5217,0.735,-1.5139,-0.1139,-0.5149,3.1872,2.1406,0.7775
1.0946,-0.8841,1.3792,1.8056,5.6248,-0.8993,2.4602,1.6358,0.5224,-1.5901,0.1741,-0.5486,3.4703,1.7699,0.722
0.9337,-0.5312,1.5148,1.7287,6.1308,-0.7382,2.3861,1.7221,0.2431,-1.2052,1.0698,-0.4781,3.8099,1.5975,1.3859
1.0019,-0.2841,1.5538,1.7755,6.2412,-0.9884,2.8524,1.0163,-0.25,-0.7,0.8657,0.089,3.7518,1.2984,1.5734
0.3587,-0.1756,1.0071,1.6677,6.1836,-0.4744,3.0381,1.1141,-0.4418,-0.5041,0.7569,0.1328,3.9837,1.4668,1.8859
0.5883,-0.2058,0.8829,1.5822,5.8795,-0.5711,3.0127,1.7909,0.492,-0.8404,0.6858,-0.1375,4.2212,1.3593,2.3496
0.7332,-0.3209,1.6903,1.4833,5.4278,-0.5448,2.8109,1.673,0.8172,-1.0438,0.6768,-0.0495,4.1417,1.151,2.298
0.864,-0.1214,1.8478,1.38,5.3506,-0.6894,2.4455,1.5372,0.0949,-1.1642,1.0428,0.1981,4.3615,1.1209,2.0697
0.2568,0.1347,1.5963,1.1994,5.7736,-0.4506,2.1101,0.8919,-0.3905,-0.9882,0.625,0.3004,4.4648,1.7422,1.8869
0.6529,0.0606,0.9467,1.349,5.9956,-0.8762,1.9409,0.9628,0.0626,-1.0725,0.6944,0.2429,4.2723,2.0424,1.7041
0.7256,-0.1109,0.8537,1.2732,5.8882,-0.8151,2.1447,0.6165,0.3721,-0.7802,0.1201,0.2652,4.3883,2.1636,1.4879
0.7375,-0.6289,0.9408,1.6467,5.9364,-1.0677,2.1404,0.4556,0.3663,-0.6483,0.3433,0.1037,4.2574,2.3661,1.5049
0.5798,-0.4689,0.2328,1.9607,5.8032,-0.8855,2.2038,0.521,0.1734,-0.3876,0.7537,0.0253,4.3398,2.3865,1.9462
0.6952,-0.1123,0.2018,1.7622,5.5854,-1.0351,1.7526,0.3527,-0.0334,-0.3253,0.2577,0.1804,4.1609,2.502,1.9623
0.5565,0.1073,0.2108,1.6759,5.5398,-1.1022,1.5872,0.6208,0.0791,-0.5708,-0.2802,-0.1909,4.2995,2.8433,1.5526
0.5062,-0.6541,0.1821,2.0449,5.7006,-0.8777,1.3742,0.1876,0.4069,-1.1329,0.0175,-0.7438,4.1827,2.688,1.1547
0.5067,-0.624,-0.3335,1.9722,5.7363,-0.963,2.961,0.5642,0.3248,-0.6761,-0.1107,-0.6288,4.0417,2.6633,0.9461
0.7707,-0.8396,-0.2392,1.9434,5.3273,-0.3127,2.3564,0.4974,0.7759,-0.8231,-0.0417,-0.606,4.4215,2.5426,1.3101
0.8261,-0.5992,0.0203,1.7108,5.0712,-0.5486,1.4644,0.2784,0.4796,-1.0121,-0.2368,-0.5263,4.6208,2.4182,1.252
0.8705,-0.2957,0.1534,1.7919,4.7991,-0.8338,1.4405,0.5767,0.0036,-1.156,-0.2083,-0.6987,4.2579,2.5404,0.9493
0.7613,-0.3169,0.1281,1.7825,4.9773,-0.9756,1.3069,1.1772,0.7304,-1.4597,0.0264,-0.6399,3.9363,2.8263,0.8
0.3665,-0.2182,0.0251,2.0564,5.2746,-1.0808,1.2733,1.221,0.3105,-1.9509,0.0536,-0.651,3.9892,2.3377,0.4575
0.7549,-0.8054,0.4567,1.8441,5.5217,-1.0254,1.4249,1.7121,1.0739,-2.1774,0.1659,-0.7476,3.8176,2.0364,0.1803
0.4521,-0.4999,0.9377,1.5025,5.5358,-1.0061,1.2856,1.4803,0.6938,-1.7865,0.4268,-0.6082,3.6716,1.3178,0.3195
0.6384,-0.3879,1.026,1.9719,5.6012,-1.033,1.2356,1.7234,0.3383,-1.7859,0.77,-0.2497,3.4974,1.1737,0.4547
0.3601,-0.1818,1.0805,1.8337,5.8625,-1.2039,1.2259,1.8223,0.0663,-1.9477,0.6657,0.0713,3.5331,0.9864,0.3925
0.7646,-0.1518,1.2386,1.8208,5.9977,-1.192,1.2417,2.1043,-0.0382,-1.5072,0.3813,0.0695,3.5935,0.7925,0.2171
0.7138,0.1087,1.5381,1.8414,6.1877,-1.088,1.7299,2.507,0.1188,-1.1546,1.0215,-0.0279,3.4494,0.6368,0.9809
0.7186,0.1384,1.9395,1.881,6.1357,-0.8616,2.1587,2.8241,0.1719,-0.8764,1.3639,0.0306,3.3384,0.3875,1.5788
0.722,0.3363,2.1572,1.0618,5.8935,-0.6911,2.075,2.3514,-0.337,-1.0866,0.9872,0.6184,3.3318,-0.0359,1.8295
0.636,0.1431,2.177,1.1008,5.8197,-0.8463,2.4519,2.5943,-0.6436,-0.6866,0.8392,0.592,3.7173,0.3506,1.9511
0.5314,0.2276,2.2042,1.3745,6.1971,-1.1346,1.8401,2.6201,-0.599,-0.6246,1.3355,0.1464,3.9184,0.747,2.4177
0.3743,0.3241,1.9258,1.4479,6.4797,-1.212,1.7481,1.9277,-1.1352,-0.3616,1.1591,0.4444,4.266,0.8594,2.51
0.5244,0.2902,1.2739,1.5036,6.3828,-1.2661,1.5697,0.9987,-1.0989,0.0208,1.5034,0.5394,4.4931,1.1044,2.8101
0.5434,0.0163,0.5551,1.5958,5.9862,-1.1543,1.7942,0.7596,-0.7154,0.4135,0.9953,0.8737,4.2102,1.7286,2.9149
0.4122,-0.0046,0.1055,1.6985,5.6549,-0.9555,1.7838,0.9549,-0.2804,0.2036,0.8471,0.7583,4.2712,2.2874,3.0846
0.4149,0.1342,0.3237,1.6616,5.464,-1.0293,2.2031,0.8143,0.2934,-0.0839,0.4725,0.6694,4.5088,2.443,2.78
0.4879,0.1449,0.4427,1.8966,5.2217,-0.976,2.2253,0.8562,0.3187,-0.6552,0.1889,0.2589,4.4196,2.2734,2.3231
0.2574,-0.1087,0.2626,1.911,5.2998,-0.663,1.9151,0.7889,0.1531,-0.9013,0.1282,-0.1202,4.3536,2.3346,2.0699
0.2003,-0.4003,-0.2405,1.8611,5.2079,-0.6038,2.0423,1.3129,0.8609,-1.0058,-0.1214,-0.0219,3.7346,2.3858,1.5845
0.626,-0.6695,0.4027,2.0213,5.2506,-0.7476,1.4641,1.5175,0.9049,-1.1825,0.072,-0.2359,3.9476,2.0477,1.4732
0.0975,-0.334,1.0002,2.1739,5.3376,-0.7969,1.5441,1.3564,0.4444,-0.7874,0.3893,-0.3489,3.4938,1.8613,1.6592
0.3237,-0.0664,1.0453,2.3546,5.3505,-0.7955,1.9438,1.205,0.0356,-1.1179,0.8174,-0.0985,3.7606,1.4842,2.0642
0.6561,0.127,1.0506,1.8634,5.417,-1.0319,2.1848,1.6363,0.1533,-0.8308,0.6974,0.0507,3.9949,1.3408,2.1103
0.4989,0.3905,1.2284,1.7921,5.6746,-0.9014,2.3625,1.6463,0.0297,-0.5313,0.6591,0.346,3.9855,1.3926,2.0949
0.2952,0.3038,1.1578,2.0295,5.5891,-0.7006,2.0444,1.7096,0.0811,-0.9025,0.6184,0.3612,3.8072,1.2176,2.0281
0.4285,0.2433,1.3279,2.1039,5.6431,-1.0273,2.4616,1.9055,-0.2426,-0.8611,0.9409,0.4466,3.9868,1.1381,2.172
-0.0628,0.4846,1.2135,1.961,5.7865,-0.6128,2.3688,1.608,-0.6981,-0.5756,0.8426,0.6137,4.0055,1.0882,2.1055
0.3142,0.4652,1.1065,2.0516,5.6683,-0.7548,2.3444,1.6963,-0.0435,-1.1768,0.0148,0.6586,4.0464,1.1476,1.9285
0.7773,-0.5439,1.6491,2.3154,5.8236,-1.1457,2.1325,2.0964,0.502,-1.133,0.4493,0.1546,4.0543,0.8736,2.0782
0.6017,0.3757,1.8649,2.406,5.8679,-1.156,2.2168,2.2759,0.1483,-0.3402,1.0331,0.1389,3.869,0.586,2.3932
0.4606,0.3947,2.1454,2.3536,6.012,-1.0752,2.2278,2.1121,-0.3051,-0.1519,0.6832,0.3655,3.8783,0.5916,2.5202
0.5182,0.2953,1.2419,2.2686,5.9748,-0.7279,2.2607,2.3191,-0.4056,-0.114,0.4321,0.4716,3.9568,0.4951,2.5764
0.3682,0.0986,1.7265,2.4032,5.9565,-0.6907,2.1629,3.246,0.5741,-0.2944,0.863,0.4109,3.7817,0.4947,2.7022
0.1127,0.3321,2.2358,2.661,5.7654,-0.7802,2.385,2.8634,-0.038,-0.5999,1.0237,0.5607,3.9951,0.1503,2.7318
0.3109,0.1072,2.485,2.4119,6.3822,-0.9233,2.5079,2.7613,-0.5114,-0.5049,1.3845,0.6782,4.0167,0.2003,2.929
0.1551,0.4957,2.1334,2.4134,6.3954,-1.0258,2.485,2.4922,-0.903,0.0064,1.2982,0.8086,3.6527,0.4638,3.2642
0.18,0.5434,2.1162,2.297,5.8371,-0.9688,2.3561,2.4272,-0.7343,-0.2835,1.3487,0.9377,4.2731,0.594,3.3264
0.3125,0.4699,1.8134,2.0951,5.9812,-0.9185,2.4123,2.1642,-1.0243,-0.4421,1.0072,1.0076,4.1048,0.8671,3.2369
0.4587,0.3074,2.023,2.195,5.8368,-1.179,2.3059,0.8984,-1.0751,-0.2049,1.5073,0.7395,4.4051,1.4551,3.377
0.5508,0.6163,1.2163,2.0125,5.9865,-1.3222,2.2443,1.0856,-1.0052,0.1444,1.0746,1.0715,4.2274,2.1042,3.4509
0.1372,0.3939,0.6199,2.0414,5.8564,-1.0555,2.1921,0.9963,-0.3839,0.0393,0.9184,0.885,4.2432,2.4123,3.3034
0.424,0.1667,0.2484,2.1672,5.8361,-1.0662,2.1285,0.709,-0.1261,-0.3187,0.3836,0.6419,4.6214,2.342,2.7341
0.3789,-0.0349,-0.1489,1.8023,6.0491,-0.8672,2.1922,0.6958,0.0611,-0.2605,-0.0871,0.4849,4.4315,2.6499,2.5299
0.3476,-0.2681,-0.8802,1.792,5.6896,-0.7698,2.217,0.6977,0.48,-0.4022,-0.3096,0.1815,4.7069,2.4459,2.2807
0.5194,-0.7442,-0.1867,2.2947,5.9897,-0.7272,2.0133,0.3642,0.9668,-0.6124,-0.0651,-0.2916,4.9265,2.3583,2.359
0.5294,-0.4035,-0.2823,2.2527,6.0027,-0.9202,2.172,0.6631,0.3688,0.0422,-0.0622,-0.431,4.6936,2.2806,2.3537
0.6582,-0.335,0.2168,2.1812,5.487,-0.8559,2.3005,1.1719,0.5386,-0.0761,-0.5254,-0.3223,4.625,2.2743,2.0197
0.3958,-0.2367,0.3919,2.2645,5.4573,-0.9566,2.1595,1.1327,0.214,-0.775,-0.6435,-0.1935,4.8059,2.1643,1.6715
0.2624,-0.3435,0.5996,2.6371,5.3903,-0.8853,2.1912,1.3084,0.0752,-1.0198,0.0228,-0.3824,4.766,2.4516,1.6449
0.8612,-0.229,0.5928,2.0521,5.5799,-1.1813,1.9472,1.0979,0.2635,-1.3284,-0.1028,-0.3949,4.5847,2.3274,1.5488
0.3808,-0.0023,1.0812,1.9862,5.7895,-1.0335,1.7815,1.3839,0.4894,-1.483,0.1383,-0.1115,4.528,2.2286,1.6472
0.2006,0.1603,1.0726,2.1917,6.0328,-1.1997,1.6805,1.8828,0.1005,-1.4685,0.396,0.0637,4.4876,1.727,1.3801
0.4076,0.3049,1.2369,1.7793,6.2947,-1.261,2.4459,1.4848,0.0826,-1.0189,0.3147,0.26,4.2383,1.3992,1.7075
0.8099,0.2967,1.3447,1.7925,6.5136,-1.6573,2.3797,1.9235,-0.9333,-0.37,0.819,0.3201,4.3979,1.3689,2.5057
0.2734,0.4728,2.2224,1.9003,6.3384,-1.2879,2.0857,1.4987,-0.5059,0.0008,1.0219,0.6621,4.4633,1.3919,2.9238
0.3394,0.5526,1.6934,1.7257,5.8612,-1.1021,2.1941,1.0772,-0.9116,-0.1859,0.8536,0.7563,4.6541,1.7805,3.026
0.2622,0.4178,1.0271,1.6193,6.397,-0.8508,1.9495,0.8864,-0.6706,-0.2622,0.8923,1.0225,4.8202,2.1478,3.1
0.2908,-0.3104,0.856,1.785,6.4431,-0.7119,2.0452,0.8207,-0.2113,0.0865,0.2832,0.9364,4.6814,2.6487,2.9437
0.1448,-0.308,0.5229,2.0231,5.9585,-0.7657,2.0117,0.6277,-0.3658,0.3126,-0.0042,0.7263,4.317,2.5845,2.8584
0.474,-0.1722,0.5209,1.7482,5.8922,-0.6537,2.1188,0.5338,0.3166,0.1168,-0.0501,0.2827,4.5741,2.9478,2.6907
0.647,-0.1341,0.5599,1.8072,5.695,-0.9077,2.1643,0.7377,0.7657,-0.0933,-0.5119,0.1482,4.5961,2.9043,2.4818
-0.0645,-0.2653,0.5016,1.9838,5.8756,-0.5432,1.9495,0.8149,0.727,-0.4531,-0.1899,-0.0353,4.6111,2.6564,2.2677
0.3998,-0.3193,0.9712,2.0762,5.638,-0.5668,1.9228,0.8691,1.0998,-1.0032,0.226,0.0875,4.765,1.9049,1.9945
0.2891,-0.2509,0.6106,1.6991,5.9028,-0.5207,1.8194,1.0344,0.8136,-0.702,0.1298,0.2907,4.8999,1.8576,1.9042
0.139,-0.2382,0.8482,1.6088,5.8529,-0.4002,2.0302,1.3998,0.8928,-0.6743,-0.2764,0.1685,4.9103,1.7262,1.6244
0.4543,-0.2573,1.2526,1.6441,6.0649,-0.3969,2.0058,1.6394,0.7167,-1.2807,0.0004,0.111,4.75,1.5087,1.4126
0.5403,-0.1703,1.556,1.414,6.2756,-0.6615,2.0764,2.3749,0.6789,-0.812,0.0814,-0.2958,4.3197,1.1548,1.6631
1.0572,-0.3135,2.1114,1.8813,6.0352,-1.2265,2.0848,2.7299,0.7171,-0.7646,0.5663,-0.1118,4.4258,0.7499,2.0263
0.5727,0.0973,2.4575,1.7213,6.2818,-1.1631,2.0689,3.3282,0.2466,-0.4907,1.0947,0.0954,3.9966,0.5519,2.5568
0.3625,0.3008,2.7351,1.7331,6.2332,-1.0603,2.1417,2.9857,-0.6022,-0.6564,1.3895,0.2401,4.1678,0.1949,2.8469
0.2244,-0.0035,2.4435,1.6348,6.2955,-0.8248,2.263,2.9713,-0.7648,-0.8791,1.6105,0.8286,4.3189,0.2833,3.029
0.4422,0.342,2.4882,1.6826,6.2377,-0.7409,2.249,2.5917,-0.4082,-0.4861,0.9774,1.2474,3.6239,0.5664,3.063
0.6816,0.2262,2.1406,1.6853,6.2033,-0.7549,2.1618,2.7694,-0.6001,-0.407,1.3386,1.2217,3.919,0.7253,3.3371
0.3978,0.2146,2.0691,1.6225,6.2807,-0.7478,2.1355,2.1983,-0.8893,-0.3235,1.7013,1.4826,4.6686,1.0121,3.4897
0.579,0.5045,1.6738,1.4262,6.2858,-0.7032,2.4655,1.4839,-1.053,0.1452,0.8273,1.4318,4.423,1.4087,3.7216
1.0886,0.2784,1.7528,1.4157,6.1326,-0.9427,2.4869,1.5755,-0.6979,0.1222,0.5986,1.1779,4.6751,2.0145,3.6909
0.5806,0.3268,1.0688,1.2559,6.1929,-0.6959,2.277,1.207,-0.5018,0.3633,0.4984,1.1531,4.7746,2.2227,3.7406
0.4978,0.1293,0.565,1.5345,5.9339,-0.6571,2.3293,0.9913,0.0535,0.1258,0.0393,0.9177,5.0868,2.4865,3.4484
0.6656,0.1475,0.2727,1.6655,5.7884,-0.8642,2.4531,1.0393,-0.0073,-0.205,-0.224,0.7105,4.9356,2.4079,3.0263
0.5755,-0.1306,0.4294,1.8234,5.6064,-0.7781,2.3392,1.0887,0.3805,-0.5981,0.1659,0.3899,5.096,2.6083,2.6508
0.5858,-0.0766,0.4249,1.8492,5.5386,-0.8338,2.2679,1.5029,-0.4559,-0.5918,-0.2518,0.2942,4.9859,2.5798,2.4059
0.4117,-0.264,0.8805,2.0887,5.5264,-0.7816,2.251,1.2937,0.6217,-1.0915,-0.0813,0.2271,5.0512,2.6478,1.8271
0.4058,-0.1134,1.0834,2.1934,6.0164,-0.8735,2.203,0.8189,-0.0965,-1.147,0.545,-0.066,4.6357,2.2439,2.017
0.5583,-0.0157,0.2909,2.2895,6.2822,-0.8513,2.0677,1.0901,0.1015,-0.7736,0.5456,0.0703,4.9565,2.1905,2.2829
0.846,-0.1946,0.3613,1.6425,6.1644,-1.1279,1.8803,1.1366,0.3138,-0.4636,0.4762,0.1961,4.9235,2.1995,2.4733
0.9951,0.0834,0.8474,1.9057,6.131,-1.3429,2.01,1.236,0.4112,-0.2397,0.5086,0.2444,4.5601,2.1071,2.6321
0.9627,0.2834,0.6177,1.8421,5.6259,-1.3936,2.1264,1.1165,0.4768,-0.5538,0.7648,0.1108,4.7815,2.1144,2.8111
0.3947,0.3318,0.1683,1.9476,5.6855,-1.1582,1.9154,1.1786,0.1979,-0.8539,0.717,0.1786,4.8115,2.3848,2.7587
0.4844,0.2463,0.3045,1.8694,5.8119,-1.1964,1.8224,0.9109,0.7268,-1.2484,0.7115,0.271,5.056,2.6518,2.3035
0.8998,-0.1121,0.7111,1.7581,5.9313,-1.6087,1.8986,0.8554,0.8504,-1.3155,0.6153,0.2755,4.8081,2.5274,2.0733
0.1961,-0.1328,0.0904,1.8425,5.7353,-1.0602,2.114,0.854,0.3207,-0.8681,0.4051,0.3039,4.45,2.5071,2.0408
0.9749,-0.4581,0.3504,1.9104,5.2606,-1.3536,1.7624,0.7639,0.8119,-1.6384,-0.0186,0.4095,4.8716,2.6632,1.7599
0.7184,-0.2068,0.3865,2.0743,5.7972,-1.5736,1.7214,0.9317,1.0222,-1.4389,0.0968,0.1034,4.8003,2.8563,1.7173
0.7501,-0.5185,0.3034,2.3816,5.8889,-1.3912,1.944,0.8162,1.1395,-1.3694,0.7088,-0.0649,5.0117,2.6292,1.88
0.9558,-0.2729,0.0156,2.2346,6.0145,-1.5082,1.966,1.0477,0.9075,-0.687,1.0635,0.0874,4.8719,2.4694,2.5038
0.806,0.3012,0.5973,2.11,5.9325,-2.0002,2.2403,0.9543,0.9396,-0.5543,0.6564,0.161,4.8196,2.4778,2.8886
0.6737,0.0212,0.532,2.2417,5.7689,-2.1059,1.967,1.0835,1.1452,-0.9302,0.6363,0.2691,4.5686,2.3439,2.8937
0.4829,-0.16,0.6547,2.1721,5.54,-1.8369,1.8925,0.995,0.7999,-1.1265,0.3087,0.1064,4.4262,2.1511,2.7543
0.5018,-0.0977,0.557,2.1949,5.6778,-1.8605,1.6326,1.5629,1.2277,-1.4048,-0.3953,0.1909,4.4735,2.3582,2.122
0.3007,-0.5518,0.9957,2.354,5.6975,-1.2077,1.7804,1.3038,0.8946,-1.6614,0.0947,-0.0844,4.1065,2.0015,1.7463
0.5822,-0.2115,0.9935,2.142,6.1547,-1.2145,1.6017,1.4587,0.7844,-1.72,-0.029,-0.1786,3.9942,1.9887,1.4431
0.6243,-0.2898,0.821,2.3256,5.6191,-1.2536,1.7348,1.6957,0.708,-1.6936,0.3934,-0.2003,4.1639,1.8232,1.5266
0.4465,-0.1842,0.6438,2.1089,5.7958,-1.4519,1.9713,2.0811,1.2558,-1.9323,0.3417,0.0144,3.9989,1.7716,1.6165
0.333,-0.078,1.0868,1.821,5.7516,-1.2529,2.1286,1.9835,1.0059,-1.8661,0.2295,0.1043,4.0146,1.396,1.6084
0.4779,-0.3304,1.0837,1.8304,6.2587,-1.4681,2.1685,2.3905,1.0882,-1.8814,0.3347,-0.024,4.0046,1.5211,1.984
0.3133,-0.3527,1.5572,2.1991,6.5428,-1.4471,1.9905,2.5455,0.8474,-1.2106,0.7006,-0.1105,4.1187,1.278,2.358
0.2082,-0.0255,1.6119,2.2321,6.5213,-1.262,1.6866,2.3789,0.5533,-0.9089,1.0502,0.0274,4.1082,0.9443,2.8931
0.2504,0.135,1.3179,2.0428,6.6455,-1.1185,1.1923,1.9855,0.1438,-0.6121,0.8266,0.5394,3.8708,0.901,3.0898
-0.1789,-0.2145,1.0994,2.4101,6.443,-0.9229,1.7101,1.8044,0.0999,-0.3392,0.9452,0.5397,4.197,1.3818,3.1779
0.097,-0.1489,0.6114,2.3058,6.2513,-1.0421,1.937,2.1248,0.3479,-0.6453,0.8027,0.4788,4.3425,1.6387,3.2257
0.221,-0.0988,0.5788,2.2028,6.1478,-0.9745,1.7952,1.592,0.2747,-0.801,0.134,0.3653,4.2059,1.7352,3.033
0.6404,-0.2009,0.6717,2.1126,6.0194,-1.167,1.6703,1.944,1.0705,-0.9161,-0.5045,0.0232,4.5476,1.9838,2.6024
0.3597,-0.2472,0.8211,2.1969,5.7974,-1.0207,1.7873,2.0806,1.1439,-1.3098,-0.0445,-0.3616,4.5483,1.7101,2.493
0.4235,-0.2656,0.9963,2.305,6.0579,-1.0758,1.5941,1.7283,0.6988,-1.3212,0.5374,-0.4555,4.4716,1.7121,2.5153
0.5244,-0.4228,0.7257,2.3026,6.2997,-1.3746,1.4938,1.627,0.7224,-1.1666,0.5981,-0.0383,4.5373,1.763,2.6872
-0.1161,-0.3239,0.4148,2.0638,6.2075,-1.1618,1.529,2.3184,0.6482,-0.7346,0.2497,0.0534,4.425,1.8015,2.5455
0.3835,-0.3053,0.8811,2.4041,5.8771,-1.3086,1.9017,2.8168,0.9122,-1.1219,0.2411,0.0938,4.4624,1.6202,2.5061
0.115,-0.3684,1.4868,2.3065,5.8579,-1.0972,1.6901,2.5164,0.5018,-1.4297,0.6389,-0.0152,4.3914,1.5238,2.5049
0.1482,-0.0922,1.3594,2.4439,5.982,-1.2533,1.4095,2.3809,0.5487,-1.7796,1.0976,0.1307,4.2065,1.4176,2.474
0.0501,0.2417,1.138,2.2648,6.1725,-1.1211,1.7363,2.5036,0.0557,-1.5014,0.6379,0.4611,4.2194,1.1641,2.4967
0.0164,-0.146,1.1703,2.0803,6.5786,-0.9811,1.6031,2.7888,0.0801,-1.4894,0.9381,0.3091,4.2308,1.1291,2.4469
0.2192,-0.0844,1.5166,2.1444,6.4631,-1.1444,1.3745,2.5127,0.242,-1.005,0.1775,0.6289,4.339,0.779,2.4524
0.5716,-1.0412,1.7097,2.6225,6.3937,-1.4373,2.0998,3.3309,0.1109,-0.7667,1.1105,0.3454,4.1923,0.8609,2.8113
0.6049,-0.1047,2.1293,2.5652,6.349,-1.4927,2.1174,3.5656,0.2043,-0.1708,1.489,0.2681,3.8705,0.6984,3.3694
0.4265,0.4541,2.4826,2.5093,6.2786,-1.5331,2.5086,3.3951,-0.2919,-0.2926,1.7851,0.5756,4.1783,0.6648,4.0047
-0.1525,0.7343,1.8944,2.2162,6.3616,-1.4089,2.2919,2.6099,-0.848,-0.3874,1.4649,0.9479,4.557,0.9807,4.2842
-0.0432,0.4599,0.6851,2.1656,6.5016,-1.2997,1.9837,2.3955,-0.8066,-0.8325,1.3268,1.1357,5.1881,1.4175,4.1947
0.0666,0.1565,0.5757,2.3162,6.466,-0.9714,1.7566,1.9802,-0.2237,-0.6611,0.9445,0.9007,5.0057,1.7455,3.977
0.5022,0.4865,0.4074,2.2436,6.313,-1.0508,1.2847,2.0761,0.3862,-0.7893,1.02,0.7388,4.8859,1.6751,3.7311
0.8021,0.1058,0.8999,2.1931,6.0009,-1.4263,1.3669,1.9792,0.6939,-0.916,0.9876,0.5941,4.7786,1.8552,3.5833
0.3317,0.5852,0.4565,2.1079,5.866,-1.3065,1.3624,1.5173,-0.0417,-0.4863,0.1933,0.7755,5.1299,1.9993,3.3202
0.2026,0.0612,-0.6594,2.0021,5.7899,-1.2684,0.3663,1.5776,0.0017,-0.9157,0.0437,0.6434,4.8008,2.3091,2.8815
0.3742,-0.2216,-0.0104,2.4014,5.4329,-1.3193,0.5216,2.3609,0.8517,-1.4646,0.1385,0.3604,4.3176,2.4199,2.1253
0.5463,0.1234,0.8204,2.3648,5.4203,-1.4411,0.7068,2.2195,0.8461,-1.7235,0.2793,0.0143,4.278,2.1273,1.7611
0.6796,0.1819,1.1,2.4588,5.7077,-1.6012,0.9276,2.5279,0.3851,-1.7764,0.703,-0.0942,4.1649,1.9049,1.7935
0.2336,0.251,1.3279,2.7141,5.6658,-1.6015,0.8563,2.4781,0.3921,-1.8094,1.463,-0.1315,4.13,1.7924,2.0068
0.4075,0.774,1.4784,2.6692,5.7748,-1.6872,0.8655,2.4748,0.2296,-2.0635,1.655,0.4832,4.1832,1.63,1.8665
0.048,0.7431,1.2948,2.2436,5.684,-1.5101,1.1041,2.3548,-0.3357,-2.0497,0.7469,0.8996,4.141,1.4491,1.7163
0.3861,0.5525,1.0383,2.337,6.2534,-1.3719,1.0086,2.5431,-0.3403,-2.2352,0.8344,0.7145,4.1715,1.4731,1.7792
0.3962,0.6838,1.3717,2.3758,6.47,-1.3866,1.0826,2.3007,-0.2123,-1.5347,0.9531,0.5148,4.263,1.2281,1.9065
0.526,0.7812,1.3328,2.3765,6.6041,-1.6396,1.5641,2.7395,-0.0669,-1.3008,0.8845,0.4982,4.1307,1.3228,2.1752
0.279,0.6379,1.3202,2.3765,6.4019,-1.5025,1.7191,2.7749,-0.0192,-1.0603,1.1435,0.3532,4.0889,1.1748,2.2762
0.6497,0.4518,1.0495,2.4691,6.1342,-1.5663,1.7311,2.6506,-0.0114,-1.1836,-0.1059,0.3577,4.5613,1.1795,2.2418
0.5582,0.2367,1.1771,2.6406,6.9314,-1.5108,1.6692,3.0207,-0.1013,-0.5748,0.4786,-0.0961,4.3551,1.287,2.5773
0.377,0.2971,1.4697,2.5732,6.707,-1.5103,1.9158,3.0661,-0.3409,-0.2306,0.6547,-0.2854,3.9841,1.1032,2.7875
0.2076,0.2641,1.3892,2.3914,6.5581,-1.6671,1.6728,3.1541,-0.3879,-0.3379,0.8557,-0.0197,4.1412,0.9253,3.043
0.0766,0.7473,1.3545,2.306,6.2158,-1.3181,1.5419,2.8166,-0.7607,-0.3649,1.2,0.3917,4.1646,1.0161,3.2765
0.6523,0.9186,1.2236,2.2085,6.3388,-1.539,1.7697,3.4881,-0.4384,-0.5588,0.9236,0.3801,4.1609,1.3687,2.8458
0.7392,0.9589,1.5592,2.0353,6.0207,-1.6521,1.5895,2.8892,-0.4742,-0.7306,0.6681,0.3054,4.0488,1.2279,2.5933
0.2757,0.9325,1.5701,2.3223,6.0965,-1.5824,1.4088,3.2178,-0.2102,-1.1202,0.8021,0.3214,4.1299,1.3659,2.4203
0.3186,0.926,1.5106,2.0784,6.5839,-1.209,1.3297,3.0677,-0.6975,-1.1172,1.1238,0.2591,4.145,1.1855,2.3751
0.1158,1.112,1.3498,2.3165,6.6699,-1.1916,1.5031,2.892,-0.6757,-0.6997,1.1454,0.4988,3.8882,1.1574,2.4068
0.3031,1.0019,1.2275,2.3593,6.8049,-1.2298,1.6302,2.3942,-0.77,-0.5394,0.864,0.6241,3.5718,0.9986,2.5825
0.2881,0.9256,0.6785,2.5959,6.5212,-1.3377,1.8882,3.0747,-0.1032,-0.4308,0.9055,0.6615,3.6146,1.1786,2.6597
-0.7704,1.2113,0.9401,2.4293,6.2004,-0.7371,1.8504,2.7677,-0.5238,-0.7263,1.0223,0.6567,3.9035,0.9009,2.6329
-0.0969,0.525,0.8059,2.6574,6.0156,-0.8419,2.256,2.62,-0.0957,-1.3391,0.8084,0.5438,3.9848,0.9764,2.3082
0.2208,0.5831,0.8441,2.4754,6.1021,-0.8548,2.037,2.142,-0.5722,-1.0247,0.7949,0.3613,4.6089,0.9365,2.3442
0.5454,1.0761,0.6096,2.2967,6.0717,-0.9346,1.711,1.9896,0.0421,-0.9407,0.8723,0.4295,4.9667,1.0373,2.3905
0.1853,1.1322,0.3203,2.2267,5.877,-0.9963,1.8474,2.0001,-0.4051,-0.968,0.5118,0.5089,4.7711,1.1253,2.3174
0.767,0.6602,0.4585,2.5088,6.0352,-1.3726,1.7837,2.0199,0.2134,-1.4818,-0.0872,0.2066,4.3481,1.282,2.0517
0.3986,0.6218,1.7256,2.6835,6.2349,-1.1291,2.0237,2.6527,0.2896,-0.9439,0.5078,-0.1491,4.4748,1.1196,2.0646
0.5096,0.845,1.4771,2.4908,6.6656,-0.9396,3.1269,2.3732,-0.7906,-0.5206,1.1333,0.0717,4.5374,0.797,2.7225
0.6696,1.1006,1.081,2.4445,6.6874,-1.1908,2.885,2.1436,-0.8332,-0.1536,0.9781,0.1886,4.9031,1.009,3.2201
0.2654,0.9394,1.0142,2.5792,6.8802,-1.0588,2.7915,1.5937,-0.6181,0.1632,0.9478,0.2157,5.2276,1.3143,3.5066
0.4328,0.6842,0.7488,2.3221,6.5454,-1.4577,2.8489,1.8813,-0.4237,0.428,0.403,0.2336,5.1814,1.6511,3.6511
-0.0312,0.836,0.4618,2.1526,6.3831,-1.1488,2.4125,1.7869,0.0635,0.1786,0.5288,0.1924,5.2058,1.9462,3.7585
-0.0322,0.7177,0.3044,2.5078,6.2912,-1.049,2.0388,1.1138,-0.1297,-0.0262,0.9205,0.2507,5.3026,1.9352,3.4373
0.3272,0.6986,0.1977,2.4651,5.9565,-1.0029,2.2567,1.0939,0.0456,-0.2663,0.7518,0.0256,5.4667,2.5094,3.0628
0.2967,0.3885,0.2167,2.4962,5.8394,-0.8077,2.1432,0.4199,-0.0986,-0.5876,0.1646,0.166,5.4573,2.4923,2.5846
0.1309,0.5912,-0.3056,2.7892,5.8738,-0.8721,2.3131,1.1293,0.3949,-0.6514,0.3189,-0.1983,5.2063,2.8033,2.4051
0.1575,0.564,-0.1942,2.4102,6.0818,-1.0472,2.2823,0.9968,0.3917,-1.0298,-0.0414,-0.474,5.465,2.3101,2.0037
0.5019,0.3034,0.08,2.7259,5.9988,-1.1771,2.1569,1.3226,1.1403,-1.0201,-0.0351,-0.629,5.1799,2.2936,2.1801
0.3844,0.3437,0.8547,2.0788,6.416,-1.3782,2.1031,1.5298,0.7069,-0.6418,-0.0405,-0.5823,5.347,2.0558,2.0238
0.7238,0.1723,0.8612,2.6268,6.5585,-1.5797,2.1091,2.0812,0.5887,-0.2779,0.5128,-0.4957,5.4688,1.8255,2.2402
0.4805,0.5942,1.097,2.7162,6.4215,-1.6281,2.1563,2.1338,0.278,0.0827,0.6695,-0.2003,5.0698,1.5187,2.5806
0.6719,0.9514,1.2194,2.4215,6.3868,-1.5191,2.2913,1.6962,-0.4659,0.1997,0.5172,-0.0924,5.4022,1.4242,2.7935
0.453,1.0515,0.8135,2.4668,6.2774,-1.5244,2.132,1.7881,-0.2378,0.1069,0.2632,0.0635,5.4932,1.8294,2.6927
0.5841,0.9846,0.6162,2.5207,6.4257,-1.5888,2.2115,1.8833,-0.0325,-0.1381,0.4846,0.0057,5.2415,1.8492,2.7067
0.7161,1.0392,0.3818,2.5836,6.5219,-1.838,2.3456,2.0883,0.1112,0.0553,0.6576,0.0441,5.014,1.8867,2.8035
0.0038,0.9055,0.2203,2.7242,6.3056,-1.5862,2.3579,1.9755,-0.1204,-0.5266,0.9947,0.1449,5.3388,1.658,3.0092
0.2275,0.8492,0.4236,2.6864,6.2822,-1.417,2.2333,2.137,0.6486,-0.8661,0.6167,0.3079,5.2922,1.3287,2.772
0.3055,0.8305,0.592,2.3685,6.1248,-1.5638,2.2734,1.8016,-0.0744,-0.6954,-0.0934,0.4974,5.209,1.0545,2.2492
0.6655,0.9045,0.8584,2.2569,6.289,-1.5884,2.0728,2.2712,0.5941,-0.6289,0.1305,0.1469,5.1366,1.1868,2.4656
0.538,0.4077,1.348,2.6376,6.3126,-1.7199,2.3005,2.4967,0.5553,-0.6917,0.3455,-0.0626,4.9924,0.9271,2.2585
0.6886,0.8191,1.4973,2.7286,6.4695,-1.7392,2.3087,3.3461,0.4381,-0.7446,0.844,-0.2172,5.1031,0.7065,2.2969
0.6785,1.0596,1.9977,2.5107,6.7158,-1.6693,2.1905,2.859,-0.272,-0.6221,0.9588,0.0276,5.3411,0.2123,2.2997
0.772,1.017,2.1004,2.4745,6.5444,-1.6879,1.8741,2.3643,-0.9349,-0.3318,1.19,0.1733,5.1192,0.2804,2.5524
0.8256,1.4677,1.4691,2.3286,6.6848,-2.0214,1.572,2.747,-0.4524,-0.1632,1.0272,0.0223,4.752,0.5512,2.7373
0.9411,1.515,1.4979,2.4277,6.7857,-1.9413,1.8954,2.7853,-0.1089,-0.0684,1.2029,0.4537,4.4895,0.7399,2.7872
0.9305,1.4436,1.5579,2.1951,6.5759,-1.5333,1.9913,2.8802,-0.0442,-0.4016,1.5345,0.5258,4.7227,0.7248,3.0181
1.1202,1.3277,2.0608,2.268,6.762,-1.7374,1.8944,2.3294,-0.6814,-0.3385,1.4933,0.5974,4.3208,0.698,3.0128
0.9974,1.3701,1.7014,2.5052,7.5468,-1.5363,1.7717,2.7832,-0.6504,0.6895,1.5344,0.8941,4.5565,1.0111,3.7552
1.0989,0.9154,1.9219,2.4366,7.3139,-1.4943,1.5052,2.4403,-0.8795,0.9943,1.01,0.8555,4.6954,0.7759,3.9992
0.9626,1.375,1.6508,2.4039,6.8083,-1.5248,2.0056,2.59,-1.3017,1.2853,1.2258,0.9343,4.9802,1.1574,4.091
0.9886,1.4717,1.4717,2.3315,6.5694,-1.5553,1.9672,2.0829,-0.8066,0.8371,1.4869,0.8379,4.9344,1.6871,4.2257
1.1472,1.7194,0.9069,2.1666,6.2554,-1.5779,1.7869,1.6049,-0.7836,0.5016,1.7808,0.9511,4.9375,1.8909,4.1099
0.6834,1.6947,0.6477,2.0817,6.0108,-1.3792,1.8432,1.1269,-0.9646,0.1615,1.1934,1.2892,5.1589,2.2431,3.771
0.9409,1.2514,-0.0662,2.1061,6.2363,-1.4219,1.5275,0.8092,-0.3887,-0.2077,0.5717,1.0893,5.5035,2.5164,3.3228
0.7998,1.5556,-0.0804,2.2392,5.8668,-1.4123,1.5683,0.9197,0.1944,-0.2717,0.6354,0.7695,5.243,2.4466,2.8808
1.0191,0.9727,0.1285,2.3115,5.7866,-1.5914,1.3283,0.8338,0.117,-0.7022,0.3315,0.6412,5.4246,2.3843,2.6079
0.7944,0.7242,-0.2012,2.3911,6.0122,-1.3967,1.4708,1.1814,0.4601,-0.573,-0.1679,0.3699,5.3894,2.5914,2.1535
0.856,0.8345,-0.7782,2.3581,6.0068,-1.516,1.57,1.0904,0.0283,-0.5745,-0.4301,0.049,5.4594,2.3628,1.8867
0.7665,0.315,-0.2406,2.3705,5.6055,-1.4294,0.9798,1.3854,1.1183,-1.1839,-0.3357,-0.1603,5.4478,2.1953,1.572
