x0,x1,x2,x3,x4,x5,x6,x7,x8,x9,x10,x11,x12,x13,x14
-0.3045,0.1586,0.89,0.1291,0.3974,-0.1251,0.0319,1.3941,-0.199,-0.6086,0.4308,-0.8659,-0.9873,-1.4151,-1.8158
-0.6389,0.2415,1.0328,-0.1771,0.464,-0.0203,0.0747,1.4614,-0.7733,-0.6129,0.745,-0.2662,-0.7352,-1.7329,-1.0611
-0.3138,0.0648,0.9133,-0.1668,0.4914,-0.0736,0.2323,1.3734,-0.688,-0.7732,0.7645,0.0322,-1.037,-1.8588,-0.7957
0.0479,0.1644,1.6357,-0.0876,0.448,-0.5028,0.587,1.974,-0.402,-0.2159,0.9552,0.1651,-0.9385,-1.7104,-0.3198
-0.4938,0.2348,1.1774,0.2573,0.8778,-0.2059,0.2835,2.4775,-0.8292,-0.0966,1.097,0.4389,-1.222,-1.7801,-0.0012
-0.1638,0.5194,1.9648,0.1208,0.6787,-0.1965,0.686,2.204,-0.9436,-0.2296,1.0889,0.7799,-1.5403,-2.0935,0.346
-0.3976,0.8804,2.1019,-0.0289,0.8464,-0.1861,0.601,2.2907,-1.333,0.1782,1.3907,0.9544,-0.9453,-2.0873,0.7036
-0.5269,0.616,2.2576,-0.0046,0.6644,0.1089,0.5958,1.4259,-1.7448,0.3818,1.5041,1.0698,-0.6731,-2.5379,1.0046
-0.8395,0.8804,1.4145,0.0162,0.549,0.5349,0.5944,1.3786,-1.9178,0.5356,1.2703,0.8038,-0.9627,-1.8804,1.6874
-0.467,0.4721,1.5335,-0.1057,0.4837,0.4634,0.5566,1.1717,-1.7582,0.7887,1.091,0.4143,-0.8438,-1.3699,1.5129
-0.6741,0.1219,1.5491,-0.3053,0.3638,0.3359,0.9888,1.0248,-1.263,0.9055,0.9876,0.5547,-0.8521,-1.225,1.1383
-0.366,0.3351,1.9474,-0.1643,0.3519,0.454,0.6382,0.5741,-1.4015,0.8006,1.0526,0.569,-0.6855,-0.7946,1.2617
-0.4872,0.4188,1.2204,-0.1655,0.3071,0.3469,0.8529,0.1727,-1.9614,1.0634,0.7402,0.8323,-0.5676,-0.0754,1.138
-0.8082,0.1372,0.5769,-0.1712,-0.0593,0.4513,0.9329,-0.0852,-1.9543,0.9786,0.405,0.4138,-0.5914,0.5001,1.185
-0.7009,0.1434,-0.771,-0.1464,-0.4249,0.5418,0.662,-0.4809,-1.0604,0.2911,-0.0025,0.5951,-0.197,1.0034,0.5949
-0.1721,-0.0334,-0.3628,0.2555,-0.5999,0.3986,1.0085,-0.8423,-0.0177,-0.0892,-0.1545,0.1139,0.0351,1.2374,-0.2157
-0.4569,-0.1069,-0.2395,0.0771,-0.5501,0.4426,0.909,-1.0619,0.2594,0.0129,-0.1591,-0.2042,0.3769,1.4212,-0.4745
-0.3894,-0.2153,-0.6274,-0.0837,-0.6815,0.6311,0.7583,-1.6794,-0.1034,0.2608,-0.4413,-0.5821,0.6253,1.2284,-0.496
-0.0643,-0.273,-1.3938,0.0453,-0.6798,0.6431,-0.1359,-1.4809,0.4018,0.2707,-0.3539,-0.5306,0.5212,1.7085,-0.0805
-0.4329,-0.5734,-1.1092,0.1717,-1.106,0.7369,-0.1485,-2.061,0.8641,-0.0224,-0.5573,-1.095,-0.0482,1.4859,-0.5264
-0.3577,-0.9248,-1.4962,0.2787,-0.9309,0.6574,0.1406,-1.5245,1.04,-0.2638,-0.6717,-0.889,-0.3896,1.5675,-1.2667
0.0285,-1.0599,-1.5194,0.3427,-0.902,0.3682,0.4063,-1.1177,0.8557,-0.4056,-0.5945,-0.9746,-0.1205,1.1153,-1.3027
-0.0705,-1.2897,-1.2525,0.5652,-0.5867,0.4096,0.6625,-0.932,1.2999,-0.1986,-0.5715,-1.0726,-0.2102,1.0591,-1.0866
0.1379,-0.4491,-0.7972,0.4054,-0.6201,0.1411,0.8559,-0.3987,1.7825,-0.1565,-0.4289,-0.7524,-0.2784,0.3922,-0.4115
-0.1662,-0.7042,-0.0665,0.2066,-0.5704,0.1057,0.9426,-0.0854,1.1668,-0.3218,-0.2086,-0.8933,-0.1259,-0.2661,-0.1157
-0.5849,-0.5006,0.2467,0.3275,-0.2829,0.3163,0.703,-0.03,0.9898,-0.4334,0.1013,-0.916,-0.1132,-0.4257,-0.1762
-0.468,-0.5368,0.4707,0.2422,-0.2096,0.3555,0.0403,0.0203,0.6426,-0.2113,0.2397,-0.2796,-0.4944,-0.7426,0.0102
-0.1425,-0.6256,1.2635,0.1916,-0.1189,0.2475,0.3192,0.2842,0.7743,0.1741,0.3648,0.016,-0.6685,-0.6642,0.3555
0.0888,-0.1099,1.8579,0.0941,0.1752,0.2407,0.7192,0.4884,-0.7097,0.8381,0.6556,0.0292,-1.009,-0.6464,0.3069
-0.1986,0.0321,1.7224,0.1361,0.4623,0.4126,0.794,0.5364,-0.9185,1.058,1.0803,0.5509,-0.8593,-0.6029,0.7058
-0.3556,0.196,1.3008,0.0656,0.4012,0.4593,0.5269,0.1564,-0.9476,1.358,0.6384,0.6552,-0.8522,-0.493,1.0814
-0.1872,0.0526,0.857,-0.0529,0.3271,0.3694,0.7253,0.0469,-0.3942,1.2918,0.6194,0.5553,-0.9174,-0.0017,1.0001
-0.6413,-0.0869,0.3392,0.1251,-0.0853,0.4953,0.8752,-0.3259,0.4384,0.9964,0.7356,0.8482,-0.6199,0.0588,0.7368
-0.5734,-0.2677,0.1731,0.1673,-0.2048,0.6472,0.7474,-0.572,0.1306,0.6474,0.4977,0.7692,-0.567,0.263,0.5028
-0.1698,-0.0123,-0.3242,0.0724,-0.4098,0.5318,0.3858,-0.5633,0.286,0.4409,0.2137,0.7364,-0.9266,0.5328,0.086
-0.3485,-0.3462,-0.5547,0.1713,-0.5654,0.5703,0.5096,-0.0898,0.3039,0.5219,0.227,-0.1113,-0.9228,0.747,-0.3726
-0.3488,-0.3644,-0.0779,0.309,-0.4279,0.5709,0.9393,-0.4726,0.7875,0.1748,0.1723,0.0116,-0.6552,0.6423,-0.4497
-0.5708,-0.5507,-0.3759,0.287,-0.4123,0.5334,1.2415,-0.2796,0.5485,0.1818,0.3497,-0.0784,-0.6554,0.4698,0.5241
-0.3309,-0.8391,-0.1952,0.2808,-0.4897,0.3301,1.127,0.177,0.8331,0.6794,0.3564,0.2824,-0.6951,0.5113,0.2105
-0.3914,-1.1941,0.314,0.2833,-0.4823,0.601,0.9123,-0.2765,0.153,0.6379,0.3114,0.3622,-0.5016,0.4744,0.0832
-0.5555,-1.1473,-0.3979,0.3895,-0.4353,0.5577,1.1226,-0.4656,0.0649,0.6569,0.4188,-0.0253,-0.544,0.5503,0.3017
-0.4945,-0.9941,-0.4679,0.3016,-0.1273,0.572,1.1051,-0.5526,0.7669,0.5983,0.2627,-0.0092,-0.3529,0.6961,0.0578
-0.7325,-0.9289,-0.7622,0.3172,-0.2196,0.6551,1.0628,-0.7339,1.3489,0.9113,0.1966,-0.0724,-0.1503,0.678,0.5847
-0.0327,-1.2644,-0.3669,0.6208,-0.4496,0.4334,1.2396,-0.6535,1.3174,1.0243,0.3744,0.2419,-0.038,0.6171,0.5602
-0.0364,-0.9412,-0.5157,0.5175,-0.5166,0.2211,0.852,-0.7556,0.5648,1.1293,0.4189,-0.2911,-0.0771,0.4674,0.1519
-0.0957,-0.8201,-0.0768,0.2335,-0.6118,0.0567,1.2756,-0.6419,0.7341,0.7236,0.295,-0.0832,-0.2004,0.7273,0.1332
-0.3468,-0.7725,-0.4803,0.1494,-0.2716,0.1653,1.3013,-0.8859,0.5152,0.8432,-0.0385,0.0583,-0.1549,0.9443,0.1327
-0.3232,-0.8639,-0.7115,0.0368,-0.5462,0.3607,0.859,-1.0574,0.8653,0.5656,-0.0955,0.1164,0.333,1.0396,0.0957
-0.3859,-0.9451,-0.9217,0.15,-0.5328,0.3167,0.6732,-1.1745,0.8076,0.3907,-0.1053,0.155,0.2547,0.9647,-0.1712
-0.2262,-1.0272,-1.1199,0.1362,-0.8389,0.2083,1.5024,-1.1216,1.0235,0.993,-0.4012,0.079,0.0024,1.1007,-0.5723
0.0828,-1.12,-0.6511,0.2781,-0.6291,-0.0523,1.1138,-1.0046,1.2924,-0.0049,-0.5419,-0.3511,1.0472,1.4797,-0.1779
-0.0158,-0.9862,-0.7696,0.2732,-0.5503,-0.1671,0.7098,-1.1094,1.0606,0.5662,-0.4666,-0.6605,0.7972,1.1394,-0.3889
-0.7662,-0.829,-0.897,0.3454,-0.369,-0.0727,0.3259,-1.0168,1.1824,0.9839,-0.5415,-0.5675,0.3027,1.1282,-0.1062
-0.4988,-1.1094,-1.0979,0.6113,-0.0628,0.2064,0.8487,-0.9216,0.9854,0.6738,-0.4436,-0.3778,-0.0487,0.7267,-0.1405
0.0044,-1.3167,-0.9985,0.5623,-0.0944,0.1879,0.7551,-0.6654,1.7993,0.6194,-0.5453,0.017,0.1305,0.4506,-0.4752
-0.4032,-1.0583,-0.8972,0.4085,-0.4511,0.2398,1.0574,-0.365,1.3658,1.0568,-0.7401,-0.434,-0.2792,0.085,-0.7476
-0.2031,-1.0373,-0.3751,0.4107,-0.8124,0.19,1.0036,0.2611,1.2177,0.4065,-0.6648,-0.8034,-0.4133,0.1157,-0.6017
-0.4999,-0.9396,-0.0667,0.4132,-0.5388,0.2225,1.0323,0.2997,0.8894,0.1892,-0.1642,-0.7397,-0.4198,0.1141,-0.8302
-0.178,-0.9804,0.6467,0.9098,-0.5719,0.1405,1.034,0.294,0.8273,-0.0154,0.2323,-0.0436,-0.5074,0.1118,-0.6022
-0.6569,-0.8862,0.7912,0.5528,-0.5424,0.2791,0.628,0.0638,0.2472,-0.0787,0.6949,0.0941,-0.5114,-0.1421,-0.1588
-0.9814,-0.6225,0.7811,0.138,-0.3481,0.4597,0.8037,-0.3031,0.151,0.4422,0.5472,0.2836,-0.6305,0.0358,-0.1996
-0.9095,-0.6453,-0.0182,0.0791,-0.3306,0.5791,0.9764,-0.419,0.2597,0.1531,-0.1764,0.7753,-0.4904,0.3313,-0.6065
-1.0595,-0.804,-0.9837,0.1894,-0.392,0.5131,1.03,-0.224,0.4696,-0.1063,-0.2026,0.3055,-0.5722,0.4375,-0.9774
-0.3567,-1.1263,-0.6391,0.4335,-0.5223,0.1306,0.7018,0.1327,1.2244,-0.4269,-0.3476,-0.0209,-0.8232,0.3021,-0.2297
-0.4435,-0.9082,0.4012,0.3994,-0.4433,0.0123,0.7175,0.4139,1.9261,-0.1837,-0.4788,-0.3971,-1.0754,0.1188,-0.7931
-0.6904,-0.7591,0.9249,0.4482,-0.2145,0.0626,0.2224,0.7287,1.1161,0.007,0.1241,-0.3185,-0.9941,-0.6324,-0.7561
-0.524,-0.6369,1.065,0.3591,-0.0762,-0.0116,0.9307,0.7903,0.2344,0.1522,0.4748,0.1553,-1.1119,-0.8173,-0.7949
-0.7237,-0.4754,1.2086,-0.0385,0.1671,0.0854,0.9453,0.9156,0.2342,0.2818,0.8653,0.8422,-1.0423,-0.7896,-0.599
-0.6052,-0.3288,1.1835,0.0774,0.476,0.2622,1.0696,0.6162,-0.142,0.85,0.4441,1.2631,-0.7982,-0.5622,-0.048
-0.7365,-0.4685,1.7249,-0.0046,0.1576,0.3249,1.1642,0.3001,0.0516,1.4526,0.5568,0.9161,-0.5075,-0.6126,0.4326
-0.4938,-0.8299,0.9488,0.0191,0.1009,0.0898,1.399,0.183,0.1405,1.5039,0.6123,1.1098,-0.4258,-0.4616,0.2655
-0.5509,-0.7764,0.7509,0.1559,-0.2515,-0.1961,1.5074,-0.1082,0.4199,1.5535,0.6983,0.8225,-0.3804,-0.0783,0.4844
-0.9318,-0.4779,0.4347,0.2826,-0.1706,-0.0823,1.5321,-0.5374,0.3914,1.2194,0.6057,1.0847,-0.3146,0.1996,0.7366
-0.7355,-0.5407,-0.1826,0.0447,-0.3156,0.0354,1.5417,-0.5747,0.0837,1.1008,0.3024,1.003,0.0071,0.3268,1.256
-0.5349,-0.8265,-0.5885,0.3506,-0.1495,-0.0873,1.4053,-0.7772,0.2984,1.5984,0.3152,0.809,0.1135,0.5109,1.3259
-0.9478,-1.1224,-0.8589,0.4177,-0.3159,-0.0413,1.6701,-0.8889,1.4475,1.7822,-0.1655,0.3939,-0.0123,0.5894,-0.0623
-0.8556,-1.2732,-0.7589,0.2819,-0.6051,0.156,1.5564,-0.7174,1.0042,1.1808,-0.1906,0.3048,-0.0685,0.1765,0.1539
-0.3225,-1.1838,-0.1031,0.1669,-0.8972,-0.2248,1.4687,-0.1286,1.4077,0.5345,-0.326,0.3367,-0.1828,0.2351,0.1925
-0.5051,-1.2088,-0.0966,0.3871,-0.3321,-0.2738,0.9216,-0.0905,1.2637,0.4279,-0.2269,-0.0975,-0.1479,0.176,-0.3541
0.3482,-1.3509,0.4478,0.4449,-0.3571,-0.6941,0.4657,0.1883,1.2477,0.2352,0.1868,-0.0201,-0.3807,0.025,-0.3104
-0.0495,-0.3419,0.2981,0.0803,-0.1077,-0.457,0.9014,0.6348,1.0859,0.8068,0.1605,0.0743,-1.2501,0.0352,-0.8607
-0.4153,-1.0102,1.2399,0.1033,-0.2181,-0.4556,0.9559,1.1819,1.1109,0.2741,0.3912,0.5084,-1.3118,-0.4487,-0.9102
-0.5845,-0.893,0.8811,0.2157,-0.076,-0.15,1.0038,1.1093,0.2211,0.0319,0.4356,0.7485,-1.3649,-0.959,-0.6887
-0.1637,-1.0232,1.607,0.5148,-0.159,-0.1501,0.7363,0.9582,0.3825,-0.0343,1.01,0.6631,-1.3124,-1.1813,-0.2663
-0.5381,-0.7091,1.8096,0.4171,0.1357,-0.0432,0.5563,1.2122,0.4814,0.5213,1.2423,0.776,-1.7147,-0.7795,-0.086
-0.7319,-0.7367,1.6506,0.2454,0.3497,-0.0148,0.6211,1.0697,0.2445,0.7438,1.554,1.4233,-1.4064,-0.997,-0.0039
-0.5495,-0.651,1.3183,-0.0053,0.2892,-0.0217,0.7725,0.9032,-0.0696,1.0608,1.2418,1.5966,-1.1318,-0.985,0.1839
-0.6329,-0.852,1.206,0.1395,0.0043,0.0022,0.7361,0.7503,-0.0978,0.8405,1.0784,1.1337,-0.9224,-0.5495,0.3982
-0.7923,-0.9017,0.7987,0.0987,0.2827,0.1241,1.1215,0.627,-1.2653,1.1913,0.7404,1.0285,-0.5575,-0.4474,0.2912
-0.9419,-1.0173,0.6404,0.0386,0.0323,0.2134,1.1766,0.1728,-0.1659,0.6986,0.6759,0.7006,-0.6611,-0.264,0.5697
-1.039,-1.2763,0.7541,0.2956,0.0738,0.2301,1.0318,0.2796,-0.0644,0.96,0.7643,0.5243,-0.8436,-0.2871,0.6469
0.0699,-1.4279,1.0779,0.4389,-0.0299,-0.0239,0.9757,0.1493,0.6415,1.2006,0.8418,1.152,-0.6848,-0.1446,0.5223
-0.5993,-0.6722,0.6294,0.2343,-0.2886,-0.0482,1.328,-0.0417,0.3994,1.1873,0.7646,0.9009,-0.5655,-0.3083,0.6209
-0.7965,-1.085,-0.1739,0.5473,-0.089,0.0792,1.2615,-0.1806,0.0058,0.6944,0.8408,1.0768,-0.5701,-0.1841,0.8155
-0.5686,-1.3531,0.1433,0.4826,-0.2052,0.0179,1.1612,-0.2893,0.7678,-0.2781,0.7376,0.8731,-0.6502,-0.0819,0.2516
-0.5833,-1.2604,0.5443,0.6173,-0.3806,0.099,0.7052,-0.0585,0.5739,-0.048,0.7451,0.2616,-0.4146,-0.2913,-0.2117
-0.7005,-1.0831,0.6585,0.4612,0.0657,0.2799,0.7846,-0.1101,0.7628,0.2449,0.4489,0.3847,-0.6366,-0.3299,-0.1373
-0.3474,-1.1225,0.746,0.149,-0.0738,0.2351,0.6915,-0.0948,0.653,0.1967,0.8863,0.342,-0.4812,-0.2172,-0.325
-0.7456,-0.9679,0.7131,0.2281,-0.1158,0.4181,0.81,-0.1322,0.5546,0.5592,0.8511,1.1697,-0.6781,-0.3857,-0.2088
-0.3678,-1.1355,0.4359,0.2107,-0.4697,0.3588,1.066,-0.0216,0.7057,0.0829,0.9826,1.2047,-0.8636,-0.5559,-0.636
-0.1914,-0.9683,0.7733,-0.0654,0.401,0.2666,0.984,0.341,0.6139,0.0406,0.7391,1.2258,-0.683,-0.7234,-0.2775
-0.5619,-1.1085,1.1589,-0.2211,0.3561,0.4863,1.4945,0.6566,0.9658,0.9723,0.6872,0.9961,-0.6883,-0.5124,-0.2631
0.1282,-0.8846,1.3555,-0.2844,0.4808,0.1528,1.2941,0.6525,1.5605,0.8269,1.0899,1.1737,-0.4593,-1.038,0.0579
-0.4036,-0.8595,1.3362,-0.1698,0.349,0.1719,1.2915,0.5968,0.4782,1.152,1.0446,1.3905,-0.4123,-1.5293,-0.1701
-0.3093,-0.9417,1.9947,-0.1852,0.2324,0.2136,1.2486,0.6978,0.5287,0.805,1.1805,1.4222,-0.3898,-1.2806,0.3515
-0.8442,-0.932,1.6783,-0.1051,0.4158,0.4466,1.2933,0.6895,-0.1794,0.8643,1.3651,1.6063,-0.2677,-0.9053,0.4753
-0.1623,-0.8922,1.6467,-0.1021,0.3556,0.3315,1.5552,0.6522,-0.2355,1.0376,1.3268,1.4865,-0.3228,-0.9173,0.5654
-0.4828,-0.7452,1.6023,-0.1082,0.7902,0.2053,1.9196,0.5918,0.1794,1.2594,0.9224,1.5353,-0.0651,-0.7722,0.2763
-0.0132,-0.657,1.6148,-0.2636,0.4064,0.3432,1.7568,0.8047,0.7716,1.1199,1.0891,1.4022,0.13,-0.6717,0.6594
-0.1941,-0.3883,1.6455,0.0362,0.6506,0.3329,1.4339,0.5071,0.5393,1.115,1.2197,1.4167,-0.4385,-0.9333,0.7334
-0.1958,-0.6989,1.8489,-0.2423,0.5433,0.4192,1.6525,0.694,0.1668,1.7732,1.4899,1.2854,-0.361,-0.8049,0.8851
-0.6806,-0.7238,1.4705,-0.097,0.4456,0.462,1.5393,0.6244,0.0594,1.6594,1.3651,1.541,-0.3331,-0.6047,1.3023
-1.0334,-0.4178,0.8388,0.0502,0.0855,0.7485,1.5062,0.2573,-0.0384,1.4592,1.3516,1.9744,0.0747,0.0372,1.1841
-0.6097,-1.0293,0.8016,0.1516,-0.1591,0.7144,1.4166,-0.0236,0.2979,0.4434,1.2169,1.5451,0.0793,-0.0976,0.5995
-0.8194,-1.1527,0.1368,0.1702,0.0329,0.7653,1.2401,0.1382,0.5621,0.8274,1.012,1.3716,-0.0612,0.5145,-0.3451
-0.5627,-1.2572,0.1634,0.1809,-0.0509,0.8889,1.8084,-0.4645,0.6272,0.7257,0.7939,1.3718,0.1975,0.305,-0.3345
-0.3136,-1.0791,-0.4075,0.0327,-0.3419,0.8282,1.7307,-0.2839,1.1612,0.7891,0.3983,1.2574,0.1528,0.8203,-0.3335
0.0886,-1.3765,0.389,0.0511,-0.2099,0.5888,1.5891,-0.5506,0.881,0.387,0.4821,1.1859,0.4236,0.7744,-0.792
-0.1809,-1.1082,0.4052,-0.1575,-0.1857,0.6287,1.1938,-0.7176,0.1786,1.0032,0.3345,0.8181,0.5114,0.8741,-0.5344
-0.4454,-1.2721,-0.1745,-0.0131,-0.2834,0.7055,1.2017,-0.8332,0.9926,0.7798,0.267,0.6355,0.0682,1.1924,-0.5452
0.1298,-1.594,0.0045,0.4317,-0.2238,0.541,1.2093,-0.6944,0.9336,0.733,0.4483,0.5443,0.3448,0.8555,-0.7178
-0.232,-1.4857,0.2336,0.4117,-0.0591,0.7775,0.6704,-0.5201,1.9112,0.3188,0.6234,0.0396,0.4585,0.8214,-0.5522
-0.3949,-1.2396,-0.0963,0.3057,0.034,0.7289,0.8726,-0.7281,1.2112,1.0463,0.4767,0.6169,0.2626,0.5536,-0.7666
-0.1423,-1.525,-0.4493,0.3389,0.1247,0.4083,0.913,-0.2659,1.3541,0.7448,0.4849,0.3283,0.2614,0.4596,-0.8191
-0.2738,-0.7801,0.4264,0.0526,-0.059,0.4272,0.9454,-0.0722,1.3645,0.8512,0.3195,0.5915,0.0509,0.1533,-0.2275
-0.1455,-1.2614,0.4946,0.1102,0.0054,0.457,1.1716,0.3999,1.3996,0.4463,0.2352,0.1913,-0.1458,-0.1585,-0.6685
-0.3445,-1.2889,0.9429,0.2239,0.0931,0.6456,0.8373,0.6794,2.0278,0.4712,0.4965,0.2605,0.0229,0.0994,-0.7495
-0.2997,-1.2595,0.9968,0.2726,0.2268,0.6995,1.1306,0.6469,1.3224,0.385,0.5746,0.0398,0.2222,-0.4745,-0.9041
-0.3495,-1.1164,0.8357,0.2929,0.1589,0.6571,1.2707,0.6276,1.2566,0.4399,0.6136,0.338,-0.1484,-0.7829,-0.7964
0.235,-0.9548,1.3089,0.3375,0.1497,0.5454,1.2245,0.9476,1.9781,-0.0293,0.8627,0.5246,-0.2384,-0.7275,-0.7707
-0.3271,-0.8415,1.9279,0.4322,0.2607,0.5745,1.162,1.2069,1.5408,0.0296,1.3727,0.4855,-0.6655,-1.1696,-0.3825
-0.3225,-0.7643,2.0053,0.3587,0.5302,0.7142,1.259,1.3312,0.7482,0.2933,1.3302,0.6174,-0.4938,-1.4187,-0.012
0.0032,-0.6551,2.1138,0.5222,0.6425,0.7749,1.1817,1.3281,0.8121,0.2824,1.4372,0.7187,-0.1537,-1.4107,0.2076
-0.3867,-0.52,1.9795,0.4395,0.9068,0.4109,1.7115,1.1709,0.6836,0.8453,1.5516,-0.0813,-0.3458,-1.6353,0.4442
-0.5205,-0.3911,1.7558,0.0918,0.9055,0.8365,1.8811,1.2387,0.74,0.9045,1.3548,0.7679,-0.0361,-1.433,0.8035
-0.7368,-0.3898,1.6567,-0.0373,0.9124,1.0187,2.0232,0.8778,0.608,0.9792,1.0514,1.1471,-0.0162,-1.209,0.9425
-0.778,-0.6074,1.5238,-0.0383,0.8442,1.1732,2.1517,0.7784,0.765,0.6609,0.9576,0.891,0.1961,-1.0294,1.1705
-0.4933,-0.8562,1.4083,0.1477,0.9612,1.2592,1.8487,0.6502,1.4933,0.8983,1.0816,0.7298,0.3514,-0.965,0.9976
-0.3955,-0.5674,1.5499,0.1274,1.0264,1.2179,2.0882,0.3926,1.0284,1.2284,1.1448,0.972,0.4944,-0.9572,1.0616
0.2072,-0.6547,1.6835,0.1761,0.9512,0.7258,2.2795,0.3502,0.9164,1.9876,1.1807,1.0483,0.7215,-0.5571,1.99
-0.3133,-0.4872,1.3808,0.2386,0.8131,0.6896,2.3984,0.3374,0.4862,2.887,1.2285,1.0507,0.7426,-0.2137,2.3174
-0.4011,-0.4775,1.7809,0.0647,0.6841,0.8126,2.2581,0.0565,0.5307,2.0657,1.0864,1.1517,1.0003,-0.0765,2.5367
-0.6317,-0.7664,1.4265,0.162,0.5018,0.9036,2.2095,-0.1043,0.6628,2.1787,1.0307,1.1032,0.9703,-0.1479,2.7313
-0.4988,-1.177,1.0846,0.149,0.3219,0.5781,2.2948,-0.7262,0.8997,1.8566,1.0795,0.9146,1.3315,-0.0135,2.4241
-1.0341,-0.8907,0.3157,0.4397,0.2872,1.0884,1.9345,-1.2003,1.0817,1.9639,1.1031,1.0451,1.3756,0.6162,2.1359
-0.2987,-1.0144,-0.1135,0.1183,0.0085,1.0338,1.8401,-1.9621,0.6801,1.7648,0.647,0.9853,0.8796,0.9321,2.1606
-0.3384,-0.7446,-1.0575,0.1816,-0.1468,0.9177,1.8613,-1.6985,1.6056,1.5909,-0.0112,0.9964,1.214,1.7555,1.7646
-0.4345,-1.0099,-0.9049,0.114,-0.4309,0.686,1.7141,-1.7166,2.1188,1.3287,-0.1814,0.2779,1.2669,1.9292,1.5558
-0.7244,-1.3029,-0.5767,0.4809,-0.8401,0.6709,1.4186,-2.0388,2.172,0.5811,-0.2457,0.2599,1.1353,2.2305,1.2105
-0.7179,-1.4684,-0.7129,0.4758,-0.5538,0.7521,1.3868,-2.5839,1.6706,0.6636,-0.0821,0.3093,1.0502,2.3781,0.7383
-0.6344,-1.3294,-1.1761,0.2747,-0.5871,1.0163,1.0166,-2.6558,1.8626,0.3033,-0.41,0.1782,1.5137,2.1841,0.0525
-0.4127,-1.4613,-1.6669,0.6846,-0.3531,0.3774,1.0758,-2.0697,2.3532,0.5138,-0.5709,-0.1859,1.2887,2.3447,-0.9267
-0.3401,-1.5258,-1.5279,0.7707,-0.6394,0.5547,0.7109,-1.9813,2.7249,0.2824,-0.6016,-0.2927,1.3494,2.2453,-0.8372
-0.0491,-1.561,-0.8001,0.7564,-0.6556,0.5444,0.639,-1.8542,2.397,-0.1951,-0.5446,-0.6556,1.0954,1.7623,-0.8782
-0.0438,-1.2285,-0.1983,0.7173,-0.4829,0.4427,0.6814,-1.3226,2.4978,0.0324,-0.4341,-0.3265,0.6272,1.8132,-1.1824
-0.4309,-1.4847,-0.0834,0.7583,-0.1848,0.4144,0.7592,-0.7431,2.3268,-0.1058,-0.1583,0.1685,0.4175,0.5498,-1.0362
-0.2742,-1.3878,0.714,0.9105,-0.5709,0.3429,1.0321,-0.1425,1.9473,-0.5371,0.2598,0.0513,-0.2519,0.1472,-1.3959
-0.32,-1.0019,1.1887,0.7684,-0.11,0.4647,0.7164,0.4735,1.8027,-0.5969,0.5086,-0.2614,-0.0584,-0.1669,-1.0628
-0.574,-0.6204,1.1354,0.522,-0.1116,0.6518,0.8108,0.8132,1.5347,-0.528,0.4268,0.1404,-0.3821,-0.2186,-0.8742
-0.3083,-1.1534,1.7059,0.6412,0.2403,0.6661,0.9613,0.9366,1.7862,-0.8804,0.5854,0.0478,-0.3713,-0.3589,-1.1555
-0.3987,-0.9221,2.1829,0.6605,0.313,0.7107,1.0376,1.1023,1.7525,-0.5293,1.0585,0.4176,-0.2137,-0.8425,-0.8377
-0.3465,-0.5226,2.387,0.5322,0.6561,0.5654,1.1891,1.27,0.6959,0.0958,1.1833,0.657,-0.1234,-1.1432,-0.1822
-0.6909,-0.634,2.375,0.3791,0.7653,0.6657,1.1452,1.2826,0.6425,0.9243,1.1274,1.0833,0.0077,-0.8381,0.742
-1.3914,-0.4374,1.9324,0.4424,0.6719,1.0324,1.6648,1.113,0.4313,0.1309,1.2293,1.0343,0.0886,-0.9534,0.631
-0.9187,-0.8714,1.8196,0.6694,0.712,1.126,1.192,0.9015,0.4747,-0.0785,1.3272,0.9325,0.1195,-0.8448,0.5337
-0.1761,-0.7458,1.8344,0.6588,0.7074,0.9157,1.5142,1.081,0.6463,-0.0396,1.3564,1.036,0.1726,-0.7531,0.7238
-0.305,-0.5552,1.8064,0.5524,0.7338,0.8417,1.521,1.2067,0.8686,0.705,1.4936,0.9643,0.2074,-0.796,1.011
-0.3394,-0.2314,2.2489,0.3622,0.7694,0.561,1.4622,1.2169,0.9626,0.8202,1.3499,1.1916,0.0776,-0.5721,1.0525
-0.4033,-0.4943,2.0815,0.2889,0.6747,0.4199,1.3544,1.0121,0.9479,0.6309,1.5559,1.4454,0.3581,-0.7229,1.3162
-0.305,-0.3909,1.882,-0.3946,0.7847,0.4986,1.2389,0.9013,0.576,0.5909,1.048,0.6383,0.1156,-0.7275,1.0914
-0.3376,-0.2574,1.904,-0.1162,0.5766,0.5588,1.6195,1.3599,1.1988,0.5985,1.1754,0.7606,-0.0026,-0.3239,0.5525
0.1689,-0.4887,2.0513,0.1477,0.5126,0.4672,1.4964,1.072,1.0311,0.4862,1.3039,0.9717,0.0813,-0.5678,0.1757
-0.3053,-0.2206,1.6934,0.2208,0.9698,0.3631,1.7397,1.0776,1.131,0.491,1.1474,1.1273,-0.0925,-0.7253,0.4684
-0.5853,-0.5385,1.7599,0.1372,0.7843,0.5414,1.2555,1.2131,0.845,-0.0702,1.4023,0.9476,-0.5483,-0.8213,0.2952
-0.4193,-0.5576,1.7729,-0.0037,0.785,0.4853,1.1243,1.4766,1.2099,-0.3083,1.0749,1.4662,-0.4236,-0.806,0.959
-0.1285,-0.6847,2.0966,0.3179,0.8836,0.4525,1.464,1.2693,0.6441,0.0411,1.2804,1.2782,-0.3847,-1.0504,0.3444
0.0304,-0.5735,2.172,0.2381,1.1838,0.371,1.6216,1.2763,0.5178,0.5884,1.3274,1.2272,-0.0799,-1.0234,0.5135
-0.4038,-0.5091,1.9159,0.3955,1.2984,0.5818,1.7537,1.4389,0.5096,0.8387,1.283,1.0262,-0.1638,-0.8991,1.0346
-0.3353,-0.9342,1.7785,0.4386,0.952,0.8871,1.3546,1.3364,1.0979,0.0848,1.1801,1.0164,0.1364,-0.9238,1.4567
-0.4307,-0.6206,1.9592,0.1968,0.874,0.6208,1.6247,1.5086,0.7402,0.4582,1.2218,1.233,0.1773,-0.7423,1.0003
-0.4245,-0.6064,2.4341,0.3242,0.8074,0.7458,1.5236,1.2846,0.6932,0.424,1.5736,1.7581,0.1,-0.5498,1.3439
-0.4461,-0.4099,1.6684,0.1305,1.0403,0.8553,1.5663,0.916,0.5215,0.72,1.4023,1.9134,0.1399,-0.2505,1.6539
-0.8738,-0.8868,1.0713,0.2158,0.9002,1.0908,1.568,0.4587,0.7425,0.9186,0.9959,1.9355,-0.0462,-0.3368,1.2756
-0.4735,-1.1236,1.1738,0.2313,0.8117,0.9355,1.7978,0.4722,0.9235,0.8251,0.8047,1.7791,0.1319,-0.0445,0.8241
-0.8251,-1.2657,1.6983,0.461,0.5327,1.2538,1.518,0.1527,0.6579,1.0112,1.1572,1.3329,0.5693,-0.3077,1.0128
-0.2937,-1.1646,1.5554,0.6412,0.6052,1.1706,1.6583,0.0472,0.2597,0.8358,1.3376,0.9829,0.5241,-0.1839,0.4337
-0.2471,-1.0114,1.3513,0.5658,0.8091,0.7761,1.5605,-0.1291,0.6602,1.156,1.2204,1.1864,0.6375,0.3903,0.5871
-0.5177,-0.9764,1.2888,0.3773,0.5166,0.8968,1.8857,-0.1398,1.2523,1.1156,1.1513,0.994,0.545,0.0314,1.1917
-0.484,-0.776,1.4526,0.2951,0.5072,0.8523,1.6037,-0.0977,1.2809,0.6569,1.0879,1.2292,0.7392,0.1353,0.0015
-0.4322,-0.6903,1.5333,0.3162,0.443,0.9179,1.6763,-0.3957,0.7174,0.6884,1.0618,1.1886,0.3565,0.3202,-0.1003
-0.6287,-0.8367,1.8892,0.3003,-0.0567,0.9242,1.609,-0.0316,1.1818,0.2625,1.2729,1.1039,0.2308,0.3163,0.116
-0.4053,-1.0754,1.348,0.4661,0.4885,1.0344,1.5934,-0.067,1.2092,0.373,1.3874,1.2661,0.6913,0.0979,0.0661
-0.4441,-0.835,1.5117,0.458,0.5987,0.9982,2.1888,-0.3715,1.0814,1.07,1.0862,1.3024,0.5124,0.1408,0.2927
-0.9008,-1.1001,1.2807,0.5562,0.798,0.7472,2.1593,0.1217,0.8479,1.309,1.1384,1.2377,1.0376,0.4584,0.9379
-0.6234,-1.1175,1.1875,0.8285,0.6532,0.869,2.0727,-0.222,1.1303,1.4289,1.2014,1.6566,1.2169,0.3096,1.2206
-0.6871,-0.9954,1.1501,0.727,0.56,0.9812,1.9449,-0.7094,0.8961,1.3729,1.2255,1.6488,1.0787,0.3761,1.4261
-0.5194,-1.2031,0.5851,0.6206,0.4332,0.788,1.5003,-0.3739,0.9968,1.4114,0.815,1.8782,1.0531,0.9259,1.1448
-0.5734,-1.455,0.3263,0.6076,0.0228,0.8324,1.2123,-0.5735,1.0974,0.9478,0.475,1.0236,0.8512,0.9085,1.1273
-0.5565,-1.5086,0.3165,0.8357,0.1395,0.6596,0.9991,-0.3933,1.7458,0.4695,0.7765,0.7805,0.6533,0.9198,0.6039
-0.3487,-1.5587,0.7257,0.8977,0.0682,0.7918,1.0413,-0.4708,1.7907,0.5242,0.8727,0.6352,0.5821,0.817,-0.0201
-0.3532,-1.2203,0.3177,0.6106,0.1786,0.7721,0.8116,-0.4478,1.8604,0.2904,0.8754,0.6648,0.2942,1.0296,0.1982
0.1644,-1.5506,0.9014,0.6814,0.4377,0.5127,0.3366,-0.6227,1.6778,0.7274,0.7768,0.4046,0.6904,1.1032,0.2599
-0.0566,-1.4812,0.7015,0.6685,0.1615,0.3871,0.5879,-0.5016,1.4001,1.2519,0.7746,0.5816,0.3193,0.8695,0.1374
-0.5166,-1.3324,1.2452,0.7182,0.3267,0.5326,1.2956,-0.1231,1.7769,0.9872,0.8816,0.6497,0.3681,0.7573,-0.0978
-0.2071,-1.5307,1.2855,0.7443,0.4165,0.6042,1.5493,-0.0417,1.0416,0.6664,1.334,0.0067,0.4405,0.2152,0.217
-0.1664,-1.0801,1.2276,0.5328,0.6274,0.4188,1.3991,0.282,1.7385,0.6232,1.2771,0.5487,0.6886,0.3172,-0.0466
-0.7375,-0.9603,0.7563,0.6233,0.4342,0.8252,1.3212,-0.0865,1.3048,0.7518,1.296,1.001,0.93,-0.0562,0.2367
-0.8575,-1.2382,0.946,0.5209,0.6108,0.9042,1.3831,-0.1969,1.3643,0.5563,1.3507,0.9394,1.0317,-0.0624,0.5915
-0.3535,-1.1387,0.5743,0.5131,0.7609,0.8955,1.5806,-0.1625,0.7863,0.7148,1.2388,0.4122,0.6426,-0.0266,0.3159
-0.4089,-0.8057,0.6267,0.3887,0.1318,0.7129,1.505,-0.0476,1.0106,0.7768,1.0558,1.005,0.5663,0.0625,0.9521
-0.3775,-1.6386,1.1207,0.371,0.2672,0.5238,1.4521,0.5224,1.0459,0.7225,1.0888,0.973,0.6531,0.1703,0.3084
-0.7411,-1.6736,1.3512,0.6258,0.3451,0.6541,1.2629,0.6197,1.3688,0.9487,1.7863,0.7504,0.3439,-0.1375,0.8922
-0.4969,-1.3412,1.4286,0.6509,0.4389,0.8219,1.0591,0.4378,1.191,1.0393,1.6208,1.2837,0.3574,-0.0538,0.7007
-0.4542,-1.0173,1.2557,0.4413,0.6764,0.7962,1.1492,0.4144,1.28,1.0333,1.2322,1.4615,0.1833,0.071,0.942
-0.1175,-1.3468,1.1338,0.3268,0.8432,0.635,0.9176,0.5191,0.9026,0.8263,1.2698,1.0547,0.5341,-0.0456,0.1093
-0.871,-1.3894,1.2188,0.5558,0.8177,0.3994,0.8053,0.2522,0.7206,1.3484,1.4261,1.0469,0.223,-0.0314,0.4655
-0.5283,-1.4911,1.1911,0.7459,0.7028,0.5937,0.7354,0.2589,0.1516,0.8527,1.4621,0.8252,0.0555,-0.0375,0.5928
-0.2325,-1.2809,1.556,0.5495,0.5831,0.6473,0.6066,0.3497,1.0739,0.8886,1.3527,0.511,-0.1724,-0.0364,0.3132
-0.1056,-1.112,1.7945,0.347,0.4249,0.7813,0.7729,0.3341,1.473,0.7778,1.2103,0.9842,-0.3308,0.5984,0.0761
-0.7737,-1.2455,1.8072,0.1882,0.4801,1.2405,0.802,-0.0587,1.1487,0.5562,1.3702,1.0319,-0.2289,0.4426,0.1579
-0.4507,-1.1863,1.1584,0.0026,0.4747,1.1841,0.3457,-0.2875,1.357,0.2601,1.229,1.0656,0.1608,0.1551,-0.7732
-0.7372,-1.1013,0.9979,0.0884,0.5907,1.3185,0.5671,-0.4705,1.5394,0.1519,0.8941,0.9784,0.1768,-0.0941,-1.0713
-0.8162,-1.3206,0.287,0.0751,0.7002,1.4715,0.7323,-0.5964,1.8564,0.1921,0.7711,0.8734,0.293,-0.4606,-0.8606
-0.4169,-1.3726,0.522,0.2504,0.64,1.5122,1.1312,0.0603,2.3791,-0.2131,0.3844,0.6644,0.0715,-0.745,-1.7619
-0.3093,-1.8073,1.1815,0.4832,0.6446,1.3668,1.4958,0.5164,2.4096,-0.1743,0.5271,0.4788,-0.3111,-1.1581,-1.5814
-0.12,-1.4016,1.4218,0.3777,0.7291,1.0135,1.0895,1.1301,2.7937,-0.0228,0.7341,0.5199,-0.0384,-1.3431,-1.5409
-0.1113,-1.2282,2.0667,0.4313,0.8926,0.9867,0.5564,1.657,2.4293,-0.211,1.2017,1.1696,-0.3403,-1.93,-1.1768
-0.1293,-0.5366,3.0526,0.0355,1.0765,0.8913,0.9864,2.2283,1.8743,0.3862,1.462,0.9475,-1.2702,-2.2041,-0.6611
-0.1759,-0.5205,3.7384,0.1545,1.328,0.9192,1.2058,2.6417,1.1669,0.4432,1.986,1.2086,-1.195,-2.7287,-0.1808
-0.4414,-0.4732,4.3387,-0.0028,1.7506,0.9139,1.5751,2.6003,0.4556,0.6951,2.3886,1.2038,-0.9747,-3.027,0.4513
-0.4789,-0.4476,4.2246,-0.1067,1.8088,1.4595,1.9634,2.1927,0.114,1.2004,2.7871,1.8284,-0.5646,-2.9838,0.9458
-1.0015,-0.604,3.8507,-0.3657,1.6624,1.515,1.987,1.8062,-0.3244,1.6425,2.5423,1.9705,-0.4282,-2.2478,1.2435
-0.7586,-0.6871,3.4283,-0.1604,1.6514,1.7111,1.6971,1.6959,0.0858,1.9111,2.5438,1.962,-0.6909,-2.3057,1.7495
-0.8978,-0.5458,3.1044,-0.1572,1.4546,1.6643,1.1204,1.4421,0.3773,1.8669,2.5417,2.0237,-0.3825,-1.9391,1.8564
-0.8861,-0.5411,2.8908,0.0584,1.3295,1.7466,0.8906,1.0244,-0.518,1.6432,2.5474,1.6203,-0.578,-1.7623,1.7439
-0.714,-0.503,2.3212,-0.1133,1.6216,1.613,0.9038,0.6695,0.0796,1.6478,2.1653,1.9959,-0.3995,-1.1118,1.2774
-0.7645,-0.8258,2.3723,-0.1785,1.6196,1.5172,1.6464,0.4373,0.6139,1.9194,2.0297,1.5097,-0.3289,-0.7766,2.4219
-1.047,-1.0429,2.1352,-0.1115,1.3864,1.6229,1.3887,-0.0719,0.5087,1.861,2.0091,1.3401,0.0371,-1.1276,2.0856
-0.5458,-0.9765,2.0158,-0.0725,0.7891,1.3392,1.4746,0.3191,1.2012,1.2794,2.0769,1.4223,0.2244,-0.8694,1.6978
-0.8212,-0.9624,1.7949,-0.0909,0.6505,1.4822,1.4994,-0.0621,1.1483,1.1967,1.9555,1.4046,0.1282,-0.8902,1.4199
-0.462,-1.1686,2.2214,0.3164,0.6671,1.4034,1.5132,-0.2096,0.6705,1.3394,2.1669,1.1943,0.1432,-0.9847,1.5563
-0.0663,-0.9188,2.1618,-0.1919,0.7414,1.0236,1.7296,0.0254,0.6188,2.2891,2.1058,0.6872,-0.1198,-0.3391,1.5304
-0.3873,-0.8309,2.494,-0.26,0.7166,0.9667,1.5881,-0.1049,1.0779,2.0301,2.0364,0.4318,0.0588,-0.1624,1.7423
-0.415,-0.9206,2.3501,-0.0877,0.9166,1.1619,1.0229,-0.3509,0.6994,1.9514,2.1956,0.9284,0.1887,-0.2101,1.5814
-0.056,-0.7846,2.079,-0.0278,1.1394,0.8247,1.2618,-0.0927,0.8892,1.9915,1.8897,1.4255,-0.0505,-0.0058,1.7254
-0.6273,-0.8899,1.9447,-0.0706,1.1847,0.9841,1.6825,-0.154,0.412,2.4907,1.9328,0.8699,-0.1044,0.7372,1.7473
-0.6171,-0.9353,1.7436,-0.0815,0.956,1.1665,1.8868,-0.4475,0.856,1.7803,1.7993,0.8002,0.1698,0.3888,0.7251
-0.5662,-1.076,1.8002,-0.3975,0.9117,1.2315,1.8781,-0.633,1.129,1.3988,1.6417,0.9672,0.2925,0.6932,1.4874
-0.2076,-1.2798,2.0827,-0.2364,0.7952,1.4439,1.6018,-0.931,1.1601,1.7722,1.5569,1.0238,0.5999,0.46,1.5126
-0.3236,-1.0405,2.5676,0.2901,0.9321,1.1696,1.6026,-1.0627,0.9871,1.3013,1.7434,1.1934,0.6997,0.6112,1.3099
-0.8768,-0.7951,1.6374,0.0073,1.0408,1.3705,1.849,-1.2809,0.3779,1.6933,1.7002,1.2771,0.3129,0.5569,1.616
-0.4717,-1.2835,1.4317,0.151,0.7422,1.3586,1.8395,-1.2072,0.9884,1.6102,1.6432,1.5404,0.4816,0.6454,1.0919
-0.5828,-1.3414,1.2893,0.1511,0.6901,1.1974,1.8959,-1.1593,1.1398,1.3854,1.3281,1.5563,0.6626,0.5302,0.5701
-0.5347,-1.1805,1.6722,0.0627,0.4789,1.2913,1.914,-0.9791,1.5628,1.3284,1.5291,1.1414,0.3282,0.7336,1.1355
-0.3281,-1.4347,1.9437,0.2522,0.4883,1.3399,1.8452,-0.9001,1.8625,0.8921,1.6693,1.1401,0.4744,0.5013,1.1198
-0.133,-1.2415,0.8346,0.1906,0.6354,1.0286,1.7538,-0.847,1.2835,1.3788,1.5748,1.0442,0.4185,0.0151,1.2384
-0.0615,-1.3207,1.2203,0.397,0.4552,1.0249,1.9767,-0.4478,1.9865,0.9691,1.6983,1.0694,0.2031,0.1634,1.0737
0.0777,-1.1845,1.7619,0.3091,0.4401,1.0088,1.9719,-0.293,1.5088,1.3054,1.7144,0.8592,0.257,0.171,1.3508
-0.4617,-0.785,1.6956,0.1211,0.5734,1.1861,1.3637,-0.6293,1.3505,1.179,1.8305,1.1485,0.4007,-0.0153,1.202
-0.5422,-1.3425,1.7893,0.5222,0.7475,1.5968,1.2971,-0.7685,0.9622,1.0277,2.1428,1.2124,0.2344,-0.1104,0.399
-0.632,-1.2219,1.8523,0.4958,0.8871,1.7394,1.2735,-0.9565,0.5906,1.1384,2.2411,0.8273,0.3221,-0.0095,0.5695
-0.6074,-0.9957,1.6983,0.3963,0.8293,1.742,1.4779,-1.0352,0.4808,1.0378,2.4651,0.8627,0.3716,0.0602,0.5206
-0.7751,-1.1949,1.1069,0.4611,1.0176,1.8961,1.8346,-1.3898,0.5604,1.339,2.4069,0.8035,0.0294,0.3483,0.5395
-0.5213,-1.3896,0.9511,0.1881,1.0532,2.0099,2.4388,-1.6021,0.9406,1.3611,1.9895,1.1669,0.4886,0.9652,0.7251
0.0318,-1.4894,0.867,0.3687,0.7837,1.6849,2.9187,-1.7222,1.2788,1.6542,1.9312,1.2376,0.7316,0.5491,0.7072
-0.15,-1.3323,0.5043,0.1973,0.8858,1.6355,2.5757,-1.7149,0.9476,2.1439,1.7611,1.1419,0.7037,0.4662,1.2786
-0.1049,-1.4049,0.5275,0.0462,0.582,1.6997,2.3427,-1.5605,1.1895,2.0492,1.4487,1.4122,1.1405,0.6443,1.6718
0.0163,-1.4164,0.5636,0.1271,0.4827,1.7436,2.0518,-1.6085,1.1507,1.7238,1.3993,0.7372,1.1125,0.6082,1.298
-0.0559,-1.3251,1.1302,0.2922,0.4772,1.8821,1.4684,-1.6349,1.0109,1.0115,1.6984,0.6744,1.127,0.1689,1.1945
0.0385,-1.4105,1.2078,0.184,0.4259,1.8222,1.1394,-1.3341,1.0847,0.5263,1.5792,0.8442,0.351,0.5263,0.3095
-0.3342,-1.3164,1.0499,-0.034,0.5069,1.9864,0.9877,-1.0074,1.2639,0.4575,1.4317,0.7272,0.4298,0.6223,-0.0917
-0.5093,-1.7198,1.0272,0.1734,0.3605,1.8254,1.1691,-0.9429,0.3584,0.4261,1.6155,0.7049,0.0955,0.5715,-0.4206
-0.1766,-1.8326,1.0988,-0.141,0.6065,1.8858,1.1971,-0.7048,1.2288,0.4013,1.5798,0.4047,-0.5616,0.7067,-0.6842
-0.2075,-1.6594,1.795,0.0775,0.2675,1.7989,0.8801,-0.7629,1.2006,0.1782,1.7904,0.3494,-0.1941,0.1168,-0.7659
-0.6109,-1.4746,1.7892,0.1218,0.4467,2.0091,1.0531,-0.698,0.4842,0.6363,1.8895,0.5197,-0.2651,-0.2478,-0.7235
-0.3034,-1.1055,1.4786,-0.1197,0.8269,2.0024,1.3552,-0.4758,0.615,0.6392,1.7368,0.6362,-0.1969,-0.3596,-0.6023
-0.2479,-1.204,1.4927,-0.1589,0.8392,2.0819,1.4895,-0.2952,0.4962,0.7527,1.7045,0.6624,0.1859,-0.3391,-0.6902
-0.5106,-1.4382,1.654,-0.0491,0.7179,1.9687,1.154,-0.425,-0.0643,1.1193,1.7756,0.3278,0.5342,-0.4717,-0.4173
-0.961,-1.4666,0.9188,0.0483,0.6803,2.179,1.0707,-0.4813,2.1009,0.9673,1.6477,0.6759,0.1188,-0.0604,-0.9068
-0.7953,-1.524,0.9571,-0.0018,0.7888,2.3844,0.7537,-0.8508,0.863,0.6063,1.37,0.5087,0.1764,-0.6431,-0.8386
-0.3549,-1.7942,0.8105,0.0692,0.1921,2.0287,0.6607,-0.4224,1.4048,0.2561,1.3954,0.4276,0.0287,-0.6451,-0.8814
-0.3826,-1.6829,1.4214,0.2751,0.303,1.9527,0.3689,0.0209,1.6684,0.162,1.5421,0.266,0.0622,-0.4499,-1.1313
-0.5265,-1.4618,1.3528,0.4522,0.7037,1.9675,0.6376,0.0995,1.2824,0.6131,2.0942,0.5144,-0.0799,-0.8784,-0.6321
-0.1653,-1.4946,2.3873,0.7421,0.6937,1.7943,0.6048,0.087,0.7091,0.5153,2.7243,0.9414,-0.2976,-1.4214,-0.6719
-0.257,-1.016,2.5459,0.3241,0.8675,1.53,0.7695,0.4811,0.3478,0.7114,3.1599,1.1909,-0.3758,-0.8447,-0.234
-0.5021,-0.7285,2.2863,-0.0045,1.0501,1.741,1.2069,0.275,0.0409,0.5798,2.9289,1.0593,-0.5446,-1.0761,-0.3408
-0.2857,-1.145,2.3393,-0.0921,1.1472,1.7991,1.5665,0.6421,1.1016,0.4774,2.731,1.534,-0.5075,-1.312,0.3847
0.25,-1.1752,2.5111,0.0383,1.0427,1.5371,1.6902,0.6957,0.5895,0.5378,2.5771,1.303,-0.0751,-1.4448,0.881
-0.1114,-1.026,2.9487,-0.0835,1.0899,1.4033,1.5669,0.8375,0.5023,1.743,2.678,1.2135,0.0686,-1.2844,0.8549
-0.4499,-0.8915,2.7427,0.018,1.011,1.848,1.6724,0.1602,-0.002,1.8977,2.8233,1.3022,0.0032,-1.3268,1.0054
-0.124,-0.7309,2.6502,-0.1167,0.9213,1.9827,1.6575,-0.0532,0.6856,1.7516,2.8905,1.5707,0.2069,-0.9765,1.5939
-0.561,-0.8173,2.4474,-0.0996,1.1547,2.0677,1.7961,-0.4088,0.0654,2.2337,2.8548,1.5564,-0.0035,-0.7282,1.6702
-0.3882,-1.0133,1.8665,0.1032,0.9668,2.4918,2.0051,-0.5244,0.2359,1.7538,2.6809,1.7418,0.1194,-0.8211,1.5663
-0.1635,-0.7536,2.021,0.188,0.2982,2.2943,1.7166,-0.7795,0.3231,1.6802,2.3089,1.5109,0.6721,-0.6978,1.2644
-0.5255,-0.8778,1.4465,0.3573,0.4781,2.3367,1.3645,-0.6456,0.6257,1.1784,2.2375,1.2489,0.7707,0.1385,0.3411
-0.4047,-1.0824,1.3527,0.4591,0.7364,2.2715,1.4129,-1.1698,1.7263,0.8556,2.2147,0.2643,0.5461,-0.1591,-0.1339
-0.1728,-1.2448,1.471,0.5513,0.7869,1.9884,0.7366,-1.1002,0.9628,1.7759,2.4354,0.4198,0.4053,-0.0936,0.1896
0.2959,-1.423,1.8588,0.5515,0.9242,1.4835,0.9991,-0.601,0.6185,2.5377,2.5381,0.4798,0.1861,0.0904,0.724
0.0378,-1.4542,1.9225,0.5314,0.559,1.6997,1.2188,-0.714,0.6455,2.1383,2.5506,0.7361,0.0397,-0.0172,0.8696
-0.188,-1.0694,0.8856,0.4366,0.5206,1.7897,1.3425,-1.0036,0.1649,2.4212,2.2565,0.7024,0.3367,-0.3022,0.7475
-0.2319,-1.6775,0.8388,0.4701,0.2953,1.825,0.9258,-0.6833,0.9328,1.8785,2.3342,0.7062,0.0206,0.1069,0.6565
-0.4615,-1.5063,1.4042,0.8673,-0.1591,2.0763,1.0348,-0.6781,1.47,1.1417,2.3809,1.1592,0.063,-0.074,0.45
-0.3624,-1.7489,1.1927,0.8183,0.2592,1.9573,0.5942,-0.756,0.7797,1.0562,2.3399,1.0137,0.3034,-0.1382,0.4007
-0.2602,-1.8814,0.7477,0.9859,0.488,1.9087,0.6523,-0.9808,0.3755,1.6876,2.3221,0.7993,0.0716,-0.0299,0.0044
0.0367,-1.5153,0.8134,1.0319,0.2735,1.7642,1.1077,-0.5802,1.1647,1.0851,2.1926,0.8384,-0.0476,0.1453,-0.1757
-0.0544,-1.4143,0.8883,0.6789,0.2156,1.76,1.008,-0.4714,1.1238,1.0997,2.1361,1.0962,0.3549,-0.1945,-0.1513
0.1356,-1.7123,1.8088,0.9554,0.6128,1.58,1.1526,-0.329,1.0153,1.5593,2.4737,1.0206,0.2597,-0.3333,0.5905
0.024,-1.1437,1.4542,0.548,0.6367,1.7466,1.105,-0.2403,0.4921,2.1313,2.432,1.1244,0.0025,-0.7201,0.7541
-0.0955,-1.3262,2.2155,0.5205,0.4057,1.636,0.7364,-0.4425,0.6146,1.6635,2.651,1.2837,0.0738,-0.9144,0.3845
-0.6348,-1.0543,1.9294,0.568,0.774,1.5931,0.7862,-0.1807,0.4679,1.7126,2.7529,1.3113,-0.1354,-0.8252,0.3454
-0.6556,-1.3794,1.6564,0.5618,0.3709,1.8753,0.66,-0.2684,0.0704,1.3009,2.6819,1.3518,-0.2702,-1.0888,0.4356
-0.0484,-1.4372,1.9113,0.4855,0.364,1.8465,0.4175,-0.0059,-0.0051,1.112,2.559,1.0497,0.4176,-0.8568,0.0262
-0.3033,-1.3691,2.3855,0.522,0.1496,1.97,0.5886,-0.4725,0.019,1.251,2.8251,0.881,-0.2314,-0.8044,-0.2541
-0.1416,-1.1692,2.0276,0.5403,0.6133,1.8714,0.6902,-0.5124,-0.139,1.1231,2.7458,1.0123,-0.3215,-0.6637,0.0423
-0.4078,-1.2174,1.7074,0.3551,1.2726,1.741,0.6813,-0.5109,0.3727,1.6986,2.4954,1.1831,-0.1342,-0.335,0.4971
0.1343,-1.4299,1.5876,0.3653,1.0427,1.5483,0.5373,-0.4814,-0.0673,2.2519,2.2915,1.0139,-0.166,-0.5649,0.6559
-0.1998,-1.4227,2.0798,0.662,1.0378,1.5841,1.1883,-0.4644,0.3917,2.6286,2.4867,0.5239,-0.18,-0.5097,0.6988
0.0321,-1.4271,1.7138,0.7068,0.9594,1.5591,1.4256,-0.4103,0.3829,2.6193,2.6107,0.5576,-0.0534,-0.6438,0.9894
0.1164,-1.48,2.0282,0.7256,0.7761,1.6,1.2216,-0.6664,-0.1206,2.5633,2.9985,0.8901,-0.0759,-0.7137,1.2836
-0.1869,-1.3707,1.2735,0.5877,0.5705,1.7703,1.4841,-0.6144,0.1323,2.5485,2.8289,1.2795,-0.0201,-0.0199,1.9562
-0.0993,-1.4279,1.3605,0.5484,0.292,1.6936,1.3727,-0.6143,0.4824,2.2669,2.5341,1.3235,0.3885,0.0817,1.6911
0.0074,-1.4649,1.7338,0.3105,0.5206,1.6764,1.1217,-0.8101,0.2419,2.1602,2.3649,0.6449,0.6646,0.9853,0.8611
0.0331,-1.6574,1.5925,0.8443,0.6241,1.2552,1.0515,-1.5,0.1496,2.2178,2.1119,0.7558,0.9644,1.1366,1.6114
-0.1115,-1.5578,1.4856,0.8516,0.3355,1.4232,0.8329,-1.8768,0.0789,2.4578,2.5752,0.9607,0.6009,1.2119,1.5659
-0.3067,-1.3145,1.2758,0.7104,-0.0012,1.7121,0.7247,-2.2727,-0.2802,2.1855,2.4042,1.1081,0.7343,1.3987,1.3969
-0.1903,-1.3683,0.4914,0.6525,0.099,1.8485,0.7365,-2.5126,-0.0105,1.606,2.2906,1.0291,1.1234,1.7405,1.0521
-0.5273,-1.7814,-0.0177,0.7069,-0.0568,2.0154,0.9451,-2.8989,0.4942,1.7925,2.257,0.6462,0.7781,1.8379,0.9708
0.1724,-1.7654,-0.8411,0.4384,-0.2462,2.0565,0.6402,-2.8667,0.5914,1.6564,1.6586,0.5692,1.0851,2.0798,0.5575
-0.0197,-1.9571,-0.6686,0.4523,-1.0045,1.8741,0.5346,-2.7946,1.3257,1.1886,1.5056,0.1653,0.9896,1.9455,-0.1045
0.1505,-2.0222,-0.2868,0.386,-0.8584,1.5443,0.5299,-2.2934,1.7583,0.8428,1.3405,-0.3391,0.9211,1.7576,-0.4789
-0.6142,-1.954,0.1491,0.2061,-0.8671,1.6636,0.4372,-2.2518,2.1185,0.6019,1.4157,-0.4112,1.204,1.9588,-0.818
-0.0438,-1.9273,0.5689,0.1452,-0.2644,1.7974,0.0331,-2.4192,1.4317,0.1634,1.3532,-0.2905,0.7292,1.3941,-1.5894
0.2382,-1.5542,0.6902,0.3357,-0.0628,1.7367,0.0613,-1.7412,1.1654,1.0184,1.6673,-0.2311,0.3369,1.1914,-1.3682
-0.0129,-1.7494,0.3342,0.3113,-0.1692,1.971,0.5375,-1.7413,1.4219,1.0122,1.7121,-0.6077,0.0511,0.7523,-0.9992
0.5143,-1.8777,0.916,0.2824,0.0244,1.73,0.2457,-1.3853,1.6346,1.123,1.8312,-0.3903,0.1993,0.268,-0.9334
-0.1189,-1.6261,1.0924,0.3242,-0.1435,1.7797,0.1934,-0.8602,1.5897,1.4817,1.9453,-0.074,0.2203,0.1199,-1.2684
-0.0554,-1.5377,1.3912,0.2491,0.0419,2.0721,0.2655,-0.8121,0.828,1.0714,1.7324,-0.0169,-0.3578,-0.0437,-1.2614
0.229,-1.5895,1.7958,0.3116,0.1149,1.7642,0.1049,-0.3946,1.3175,0.8376,2.0522,-0.2929,-0.2494,-0.28,-1.1218
-0.2954,-1.3131,2.1994,0.3307,0.3635,1.8958,0.3403,-0.2627,0.837,0.9567,2.3901,0.1693,-0.5377,-0.6843,-0.3648
-0.3021,-1.2476,2.5944,0.0928,0.7145,1.8617,0.477,0.1494,0.884,0.9106,2.6897,0.5568,-0.555,-0.97,-0.0948
-0.7369,-1.0801,2.7423,-0.034,0.8841,2.0842,0.8948,-0.2247,0.1725,1.3862,2.8575,0.3753,-0.4204,-1.4774,0.5467
-0.7802,-1.3249,2.1138,0.1311,0.921,2.0638,0.7226,-0.0178,-0.3329,1.7205,2.9415,0.873,-0.5537,-1.3328,0.7212
-0.5103,-1.4833,1.9784,0.1521,0.8136,1.9115,1.1784,0.3103,0.4881,1.7041,2.6978,0.693,-0.4331,-1.0621,1.0575
-0.5671,-1.254,1.5374,0.3278,0.7223,1.9008,1.0849,0.2677,0.6929,1.7469,2.1763,0.8832,-0.2293,-1.0412,0.9997
-0.3896,-1.3086,1.8655,0.1738,0.366,1.72,1.4227,0.3941,0.5997,0.9024,2.2325,0.7991,-0.0273,-1.4449,0.805
-0.5332,-1.3052,2.2166,0.2583,0.705,1.6846,1.1313,0.8274,0.6342,1.193,2.4782,0.8884,-0.1068,-2.3781,-0.0523
0.2271,-1.3677,3.2526,0.3288,0.7591,1.3464,1.3079,1.1012,0.7721,1.3766,2.7797,1.1982,-0.3299,-1.1439,0.5185
0.0505,-0.8649,3.3286,0.1423,1.1032,1.4123,1.5957,0.5849,0.2089,2.0565,3.2601,1.1342,-0.335,-1.321,1.0037
-0.3054,-0.5216,3.5675,-0.2327,0.9688,1.5349,1.6355,0.4223,-0.4974,2.1312,3.1819,1.3669,-0.0635,-1.3958,1.8565
-0.3838,-0.5849,3.1324,0.107,1.1064,1.5306,1.5729,0.2888,-0.1279,2.0792,3.4,1.7893,-0.3267,-0.7181,2.1697
-0.1179,-0.6856,2.5531,-0.0801,0.9803,1.6789,1.8166,0.1301,-0.4177,2.6262,2.7807,2.136,0.064,-0.0401,2.5113
-0.2268,-0.8055,2.677,0.0337,0.8665,1.7871,1.1165,-0.548,-0.1575,2.5515,2.7507,2.0235,-0.1573,-0.0201,2.2435
-0.4166,-0.7205,1.8983,-0.1663,0.7275,1.7721,1.3075,-1.1931,0.1298,2.6266,2.2763,1.8191,0.0331,0.4857,1.7768
-0.201,-1.2426,1.7507,0.0161,0.5123,1.9379,1.6905,-1.3432,0.8319,2.512,1.9358,1.363,0.2303,1.25,1.5779
-0.5923,-1.2782,1.4907,0.1593,0.3042,2.024,1.561,-2.1863,0.2421,2.697,2.0057,0.3159,0.737,0.8414,1.6307
-0.4872,-1.4905,1.1035,0.4241,0.1021,2.1881,0.9735,-2.5793,0.8173,2.4962,1.8675,0.4816,1.2938,1.8818,0.9845
-0.4368,-1.5963,0.03,0.6499,-0.0379,2.0158,1.0741,-3.0831,1.0207,2.2864,1.6195,0.5017,1.0201,2.4344,1.0588
-0.4287,-1.4776,0.3169,0.541,-0.2032,2.1227,0.6632,-3.5433,1.933,2.3584,1.4574,0.5033,1.107,2.6657,0.776
0.0678,-1.2814,0.1666,0.2695,-0.2139,1.7788,0.9538,-3.613,1.6178,1.8394,1.1317,0.3235,0.7093,2.6255,0.3594
-0.2077,-1.2563,-0.4906,0.1523,-0.0207,1.7727,0.7914,-3.3235,2.1859,2.1939,0.5993,0.3971,0.8955,3.12,0.435
-0.3769,-1.6988,-0.6266,0.1339,-0.2958,1.825,0.6036,-3.3083,2.3311,1.4623,0.3345,0.112,0.6626,2.5605,-0.002
-0.017,-1.8179,0.1678,0.1622,-0.3514,1.6325,0.6582,-2.6396,3.0008,1.1293,0.3635,-0.7355,0.6439,2.4335,-0.6374
-0.8638,-1.2742,0.4129,0.0381,-0.0411,1.8903,0.5623,-2.5101,2.7466,1.1034,0.4023,-0.8228,0.4966,1.8218,-0.9424
-0.3097,-1.8,0.678,0.4626,0.1344,1.8832,0.9395,-2.4908,2.6849,0.5972,0.6552,-1.1679,0.4967,1.1807,-0.6411
-0.4922,-1.7012,0.6724,0.4269,0.2545,2.0962,0.8762,-1.9088,2.5538,0.7464,0.8914,-0.5228,0.365,1.1953,-0.7756
-0.4007,-1.7232,0.909,0.3124,0.1645,2.2171,1.0097,-1.8796,2.3599,0.9468,1.043,-0.368,0.4106,0.4916,-0.9908
0.0001,-1.6347,1.3628,0.315,0.383,1.886,0.5243,-1.1739,1.9466,1.2711,1.3876,-0.2425,-0.1601,0.3621,-0.8012
-0.2417,-1.4919,1.9633,0.1644,0.28,1.9541,0.6008,-1.093,2.0261,1.2114,1.5036,-0.4919,-0.6954,0.4324,-0.6958
0.3442,-1.2575,2.0758,0.2552,0.2845,1.501,0.6584,-0.7109,1.9751,0.99,1.9194,0.0365,-0.8273,0.083,-0.3521
-0.0864,-0.7488,2.408,-0.0253,0.563,1.3352,0.5221,-0.7109,1.4917,1.8717,2.0096,0.1977,-0.4961,0.3119,-0.625
-0.3362,-0.5531,2.3422,-0.0024,0.522,1.4786,0.8855,-0.8977,1.0887,1.1268,1.8698,0.5725,-0.7158,0.2541,-0.5399
-0.4363,-0.5306,2.5308,-0.0978,1.0062,1.489,0.774,-0.5091,1.1043,0.8757,1.8675,0.6391,-0.5187,0.158,-0.5523
-0.3548,-0.5359,2.6243,-0.2418,0.8481,1.6965,0.4394,-0.7165,1.0796,1.1249,1.8042,1.1005,-0.5785,-0.3301,-0.2937
0.0634,-0.9636,2.5205,-0.0231,1.1355,1.7029,0.7076,-0.5644,1.1416,1.3538,1.9324,1.0873,-0.7786,-0.3986,-0.2234
-0.2702,-1.028,2.5767,-0.1649,1.1164,1.9724,1.0048,-0.4997,1.0543,1.9191,1.7849,1.0902,-0.5207,-0.0922,0.0199
-0.1907,-0.9442,2.8742,-0.0685,1.1618,2.0598,0.8178,-0.6705,1.1491,1.8952,1.984,0.9698,-0.3565,-0.1743,-0.3756
-0.166,-0.9333,2.9962,0.0894,0.8669,2.0256,1.2057,-0.9525,0.6629,1.6864,2.2229,1.0957,-0.48,-0.5992,-0.8347
-0.2211,-0.6868,1.8377,0.052,1.0226,1.8981,1.105,-0.6452,1.0368,1.459,2.002,1.0719,-0.3983,-0.8561,-0.1289
-0.674,-0.7957,2.0773,0.1774,0.7138,2.032,1.3398,-0.2499,1.8347,1.6817,1.9567,1.1456,-0.3885,-0.7501,0.2144
-1.0404,-0.9856,2.3132,0.2414,0.8403,2.5877,1.4672,-0.0181,1.3881,1.1544,2.166,0.8411,-0.7121,-1.8051,0.2639
-0.5905,-1.0103,2.6833,0.1864,0.8398,2.748,1.3693,0.16,1.2224,1.2353,2.2239,0.6944,-0.7202,-1.3537,0.193
-0.4325,-0.9171,3.161,0.0311,1.142,2.479,1.3201,0.478,1.0707,1.7395,2.4002,0.8069,-0.634,-1.2395,0.3681
-0.3713,-0.8536,3.6625,0.0607,1.032,2.4863,1.5751,0.2894,0.8589,2.077,2.8532,0.9304,-0.3191,-1.3294,0.9118
-0.4413,-0.4989,3.4081,-0.3737,1.5316,2.4372,1.7872,-0.0348,-0.0616,2.8842,2.604,1.2371,-0.4189,-1.108,0.855
-0.6489,-0.3641,3.2612,-0.4298,1.4401,2.5103,1.471,-0.5143,0.2514,2.6773,2.5999,1.8004,-0.299,-1.2783,1.4967
-0.3587,-0.7563,2.8851,0.0171,1.5241,2.3337,1.6185,-0.3567,0.3206,2.9596,2.6532,1.6452,-0.2175,-0.5511,1.6425
-0.0852,-0.687,2.8639,-0.0197,1.2867,2.1998,1.6442,-0.7526,0.3634,3.2384,2.4725,1.9283,-0.0941,-0.6432,1.8923
-0.0895,-0.8193,2.4426,0.0632,1.0898,2.1833,1.6572,-0.9178,0.3743,3.1163,2.3387,1.5728,0.5154,-0.1322,1.9229
0.175,-0.8868,2.081,-0.0039,1.0202,1.8778,1.8156,-0.9126,0.6955,2.8388,2.0215,1.4509,0.29,0.217,1.5115
0.2,-0.9498,2.2682,0.088,1.1198,1.7465,1.5865,-0.955,0.9142,3.0162,2.1753,0.7329,0.4127,0.3051,1.4143
-0.0433,-0.981,2.4097,0.3229,1.0452,2.0629,1.4979,-1.461,0.7646,2.9951,2.244,0.6384,0.5011,0.4425,1.2071
-0.0897,-0.7121,1.642,0.2552,0.7305,1.8332,1.5692,-1.5671,1.275,2.5961,1.9135,0.732,0.8022,0.4798,1.0847
-0.0567,-0.8884,2.3473,0.2278,0.5923,1.9649,1.4608,-1.4537,1.5187,2.0543,1.7546,0.8287,0.6239,0.2142,0.5038
-0.1233,-1.0216,2.2735,0.0681,0.601,1.9994,1.3972,-1.6998,1.2902,2.4182,1.4959,1.0264,0.5623,0.3525,0.8472
-0.3251,-1.1157,2.0711,0.2914,0.7195,2.0994,1.4142,-1.5108,1.5356,2.4627,1.508,0.6286,0.6601,0.6569,0.9864
-0.49,-1.2045,1.8155,0.3349,0.5323,2.2478,1.5863,-1.4266,1.5255,2.4636,1.4751,0.4806,0.6553,0.6867,0.8844
-0.4063,-1.0733,1.7397,0.3023,0.4125,2.4855,1.3402,-1.6942,1.805,2.2752,1.3697,0.5543,0.6873,0.5139,0.822
0.0205,-1.4423,1.5107,0.2293,0.7209,2.2567,1.4287,-1.5421,1.4771,2.092,1.2711,0.3315,0.4108,0.3675,0.3177
0.2712,-1.3307,2.335,0.2589,0.576,2.1665,1.2077,-1.3765,1.9976,2.0403,1.4827,0.2291,0.2771,0.2194,0.0346
0.3799,-1.0208,2.4668,0.2187,0.435,1.8629,1.2757,-1.1102,1.9083,1.8513,1.5854,0.1531,-0.4069,-0.0391,-0.5178
-0.1723,-0.6735,2.7025,0.2216,0.7986,1.7384,1.3178,-0.6096,1.1487,2.2893,1.7885,0.5928,-0.2682,-0.2147,-0.0557
-0.5356,-0.9209,2.7239,0.2089,1.2144,2.17,1.2597,-0.7628,1.0513,2.0557,1.7382,0.6733,-0.0957,-0.3131,0.1722
-0.3142,-1.1753,3.0159,0.1725,1.3177,2.1778,1.5128,-0.8405,1.1761,2.2394,2.121,0.6306,0.3044,-0.6231,0.2641
-0.4483,-1.0087,3.0154,0.2421,1.4812,2.2467,1.4069,-1.0316,0.8625,2.7328,2.0707,1.1243,0.2587,-0.3319,0.53
-0.4717,-0.8016,3.1183,0.0922,1.2332,2.392,1.3577,-1.0705,0.014,2.9659,2.1363,1.4116,0.2117,-0.8203,0.5536
-0.6066,-0.7916,2.4874,0.0149,1.1754,2.3893,1.4172,-0.9328,0.5655,2.874,1.9801,1.4477,0.4248,-0.0008,0.7227
-0.6266,-0.8615,2.3919,-0.1172,1.0508,2.4906,1.3785,-1.3632,0.4738,2.5816,1.8355,1.5753,0.3111,0.135,0.4584
-0.2762,-1.0858,2.7625,0.0385,0.9952,2.4539,1.8295,-1.4421,0.8949,2.3641,1.8374,1.6423,0.7487,0.3409,0.2395
-0.56,-1.268,2.0294,-0.0429,1.2994,2.7072,1.5776,-1.8318,1.4587,2.6864,1.5219,2.3067,0.9697,0.55,0.4775
-0.6866,-1.4578,1.452,0.1253,1.1996,2.7528,1.3405,-2.1086,0.7211,2.8505,1.1765,1.1885,0.9372,0.6469,0.8123
-0.2332,-1.7687,1.5607,0.1261,0.9279,2.5585,1.3836,-2.2865,1.4146,2.6979,1.1483,0.6074,0.9423,0.853,0.6061
-0.5654,-1.6068,1.1277,0.1556,0.9154,2.5505,1.5181,-2.0675,1.7788,2.742,1.0487,0.5198,0.9476,0.8123,0.2859
-0.3123,-1.7923,1.7921,0.194,0.476,2.6255,1.4671,-1.8971,2.1819,2.3513,0.9794,0.7083,0.9406,0.5095,0.3704
-0.1073,-1.8895,2.0413,0.2359,0.4649,2.3973,1.3394,-1.5489,1.8816,2.1923,1.0908,0.4181,0.8402,0.4506,-0.0338
-0.1906,-1.4661,2.2262,0.0571,0.3612,2.6485,1.1881,-1.4269,1.3564,1.9211,1.3898,0.1386,0.4046,0.5396,-0.3672
-0.4263,-1.3012,2.0217,0.065,0.482,2.5964,1.344,-1.2561,1.7158,1.723,1.3457,0.3057,0.2499,0.5271,-0.7656
-0.3038,-1.5632,2.5436,0.1241,0.5681,2.3643,1.9858,-1.214,1.6751,1.0707,1.5006,0.0006,0.4191,0.1047,-0.9176
-0.3553,-1.3464,2.7403,0.0448,1.3933,2.33,1.991,-0.9628,1.486,2.1395,1.8215,0.056,0.7772,0.0713,-0.5833
-0.1527,-1.2304,2.73,-0.0951,1.2413,2.0625,1.832,-0.9586,1.6137,2.3214,1.861,0.0874,0.8216,-0.0111,-0.0995
-0.8903,-1.0441,2.8681,-0.111,1.5353,2.3588,1.6429,-1.2901,1.8515,2.6895,1.8699,0.6846,0.5084,0.1757,0.7814
-1.14,-0.9738,2.6258,-0.1352,1.2415,2.6698,1.76,-1.3336,1.0196,2.6596,1.7115,0.4393,0.7353,-0.0596,0.589
-0.7584,-1.3544,2.4138,-0.34,1.1672,2.4232,1.7904,-1.363,1.0913,2.5268,1.5766,0.75,0.4336,0.0611,0.8468
-0.5752,-1.19,2.3357,-0.3656,1.0275,2.4419,1.6156,-0.8737,1.5589,2.2222,1.4312,0.5949,0.6149,0.4419,0.6176
-0.484,-1.2158,3.352,-0.5226,0.7798,2.5148,1.7839,-0.9312,1.5897,1.8964,1.5097,0.7578,0.4989,0.4938,0.9119
-0.2491,-1.2483,3.0362,-0.3643,0.9787,2.0729,1.7333,-1.0857,1.2712,2.33,1.805,0.5392,0.1034,0.5052,0.969
-0.4711,-1.1143,2.9825,-0.3414,1.2243,1.8463,1.4508,-0.7068,1.3672,2.9894,1.8283,1.1026,0.46,0.8137,1.9696
-0.8085,-1.1135,2.8758,-0.4692,1.0648,1.8549,1.544,-0.823,1.6225,3.2235,1.7055,1.1937,0.301,0.853,1.2945
-1.2117,-1.2635,2.783,-0.0147,0.9977,2.1481,1.0728,-1.1518,1.206,2.9871,1.8014,0.7067,0.6128,0.6805,1.6761
-0.8948,-1.4108,2.4049,-0.1985,1.074,2.1611,1.4398,-1.1868,1.2543,2.8808,1.9312,0.7417,0.2253,0.6984,1.3024
-0.6877,-1.133,2.6938,-0.0852,0.6806,2.0443,1.5415,-1.0261,1.5315,2.6815,1.9079,0.2777,0.3177,0.776,0.8565
-0.9274,-1.3896,2.6181,0.0256,0.6078,2.1064,1.3213,-1.1418,1.4568,2.6727,1.951,0.1686,0.1965,0.3477,1.0714
-0.9634,-1.4264,2.6188,-0.1456,0.572,2.1177,1.4825,-0.8241,1.3078,2.4386,2.1001,0.0521,-0.1034,0.4981,0.9319
-0.5481,-1.3297,2.8079,-0.2351,0.4104,2.2379,1.2061,-0.6583,2.0188,2.0346,1.9407,0.4301,0.0753,0.5792,1.1008
-0.833,-1.1119,3.1396,-0.1145,0.5872,2.3801,1.2802,-1.0959,1.7344,2.136,2.0214,0.9521,-0.0271,0.3969,1.0231
-0.6578,-1.3456,2.8193,-0.1734,0.5062,2.1592,1.371,-0.8356,1.6955,2.123,2.0165,0.3763,0.2561,0.4446,1.0574
-0.6836,-1.3765,2.8821,-0.0391,0.4326,2.2262,1.4234,-0.8479,1.739,1.7336,2.0962,0.7334,0.0372,0.4615,0.9639
-0.906,-1.3125,2.2936,-0.1192,0.6658,2.3582,1.1224,-0.9124,1.6921,1.8133,1.9015,0.6022,0.1311,0.391,0.7381
-1.3154,-1.3284,2.5677,-0.462,0.7309,2.6011,1.1722,-1.0185,1.5404,1.896,1.7603,1.2315,-0.13,-0.024,0.6748
-1.3132,-1.7057,2.4883,-0.1307,0.5822,2.7841,1.3579,-0.6204,1.2917,1.6618,1.7016,1.131,-0.1305,0.1589,0.0138
-0.8771,-1.6618,2.7283,-0.1604,0.5862,2.6609,1.1353,0.0005,2.0388,1.2908,1.844,1.1493,-0.5896,0.1584,-0.204
-0.7624,-1.3209,3.5033,-0.227,0.8176,2.3766,1.15,-0.1215,1.3244,1.5356,1.802,1.0938,-0.4333,-0.4005,0.1473
-0.8117,-1.1362,3.9295,-0.1684,0.8648,2.2269,1.2983,0.1912,1.3532,1.685,2.2376,0.9798,-0.2115,-0.3062,0.2667
-0.899,-0.8878,3.8319,-0.292,0.8266,2.222,1.2494,0.0294,0.6184,2.1384,2.2884,0.667,-0.2042,-0.3742,0.7077
-0.5438,-0.9028,3.7961,-0.4646,1.288,2.1409,1.3825,-0.0789,0.9799,2.3685,2.1876,0.9704,-0.5645,-0.1483,1.5554
-0.7355,-0.7792,3.9073,-0.5522,1.3461,1.9091,1.6891,0.0257,1.068,2.8466,2.0839,1.3419,-0.5242,-0.2636,1.4306
-0.8731,-0.6939,4.0088,-0.5661,1.3247,1.9029,1.7549,0.0633,0.7899,3.154,1.7435,1.181,-0.3969,-0.2638,2.1012
-1.0189,-1.13,3.5801,-0.4956,1.1086,2.0455,1.624,-0.0042,0.9375,3.1371,1.7894,1.4464,-0.2587,0.1165,2.2747
-1.3446,-1.0381,3.0572,-0.8094,0.9863,2.2918,1.4483,-0.5306,0.5819,2.966,1.7952,1.1754,-0.3954,0.1126,2.0315
-1.0482,-1.5585,3.1498,-0.4337,0.839,2.4319,0.9621,-0.7095,0.8778,2.4319,1.9313,1.3763,-0.3539,0.1864,1.9243
-0.9758,-1.4496,3.2215,-0.3993,0.7476,2.4417,1.0766,-1.0504,0.9028,2.5932,1.7178,1.1877,-0.7861,-0.1272,1.1976
-0.6605,-1.5762,3.4945,-0.3088,0.7536,2.3599,1.0071,-0.9926,1.3188,2.2525,2.1295,0.7485,-0.7101,0.1104,1.6101
-0.6635,-1.3712,2.9544,-0.3116,0.1556,2.1869,0.9118,-0.6796,1.7961,2.2509,1.9983,1.114,-0.5653,0.6858,1.3023
-0.9271,-1.4388,3.5674,-0.2391,0.2733,2.3403,0.9686,-1.0715,1.3258,0.8791,2.2318,0.8555,-0.4568,0.3118,0.3251
-0.4526,-1.4664,3.3972,-0.4001,0.7857,2.1915,0.9222,-1.0992,0.8786,1.1287,2.0467,1.1963,-0.5117,0.4477,-0.2467
-0.3836,-1.5628,3.4406,-0.3556,1.0333,2.0567,1.129,-1.1647,0.9545,1.917,2.0515,1.3511,-0.683,0.3186,0.0057
-1.0357,-1.5247,3.848,-0.3382,1.2655,2.1558,1.252,-1.0298,1.4281,2.5404,2.03,1.017,-0.5005,0.408,0.2308
-0.8506,-1.501,3.4533,-0.4459,1.0423,2.135,1.4985,-1.3559,0.7824,2.7305,1.9111,1.0169,0.1933,0.3416,0.5127
-0.819,-1.7609,3.1296,-0.2134,1.1935,1.9849,1.489,-1.493,1.3715,2.8761,2.2678,1.0563,0.9495,0.5087,1.4685
-0.7261,-1.7542,3.0177,-0.2328,1.0566,1.9544,1.281,-2.0055,0.9187,3.1811,2.1895,1.2822,0.564,0.4107,1.6968
-0.4443,-1.945,2.7031,-0.507,0.7036,2.0517,1.3138,-1.9737,1.2299,3.1174,1.6909,1.3956,0.3207,0.7611,1.1108
-0.6808,-2.0111,2.0927,-0.4158,0.2969,2.0723,1.2743,-1.7717,1.8489,2.987,1.4494,0.7808,0.1752,1.1838,0.9227
-0.9077,-1.9425,2.3318,-0.2428,0.1432,2.2019,1.1645,-1.7061,2.2714,2.3225,1.7336,0.4497,0.196,1.2925,0.8726
-1.1541,-2.0058,2.6435,-0.6002,0.116,2.3236,1.121,-1.8302,1.9896,1.9615,1.3659,0.431,0.2943,1.2211,0.9813
-0.4792,-2.5003,2.4895,-0.4777,0.0649,2.2925,0.7994,-1.8136,2.0786,1.7582,1.3352,0.5321,-0.0088,1.3747,0.6312
-0.5771,-2.3502,1.6336,-0.4228,0.1893,2.2926,0.6664,-2.0738,2.0567,1.9089,1.0354,0.1909,-0.1048,1.2908,0.343
-0.447,-2.7411,2.1655,-0.1749,0.1145,2.4115,0.7338,-1.6138,2.469,1.9414,0.8018,0.3196,-0.009,0.9347,0.1303
-0.7354,-2.5508,2.5014,-0.2295,-0.1234,2.6456,0.4549,-1.2156,2.8154,1.7331,1.2835,0.0139,-0.0907,0.8345,0.0075
-0.6158,-2.5861,3.0458,-0.0123,0.2455,2.5303,1.4297,-1.2071,2.1908,1.2075,2.0245,0.0684,-0.6064,0.4719,-0.0989
-0.6198,-2.0556,3.2382,-0.1929,0.3286,2.413,1.43,-0.9155,1.9447,1.7023,2.2172,0.3262,-0.5027,0.4302,0.3777
-0.8474,-1.8731,3.3489,-0.2845,0.6612,2.5779,1.2773,-1.0205,2.0063,1.714,2.2392,0.9411,-0.6185,0.1823,0.8113
-0.7872,-2.174,3.3491,-0.2751,0.9832,2.5916,1.1301,-0.9026,2.2207,1.8493,2.3903,1.0289,-0.5071,0.332,1.0477
-0.6584,-1.8178,3.7211,0.0389,0.7022,2.3454,1.4583,-0.8849,1.7167,2.5822,2.3996,1.19,-0.5639,0.3778,1.0534
-1.0569,-1.9065,3.605,-0.0471,0.6089,2.2669,1.4242,-0.8701,1.6765,2.1255,2.7377,1.0067,-0.398,0.2064,1.3096
-1.0356,-2.1405,3.5584,-0.1185,0.6296,2.2707,0.6239,-1.2192,1.6981,2.1797,2.566,1.502,0.125,-0.4779,1.1127
0.674,-1.933,3.7039,-0.3787,0.6031,1.5865,0.5182,-0.6994,1.084,2.4484,2.4268,1.4543,-0.6355,0.0698,0.5713
-0.075,-1.4338,3.587,-0.4225,0.5744,1.6381,0.9876,-0.4543,1.6982,2.96,2.2991,1.2946,-0.7087,0.2841,1.0956
-0.4435,-1.5235,3.2467,-0.3668,0.6224,1.859,1.0073,-0.7435,2.0389,2.737,1.9986,1.4729,-0.8752,0.506,1.8677
-0.3258,-1.7282,3.6149,-0.1313,0.5272,1.7296,1.1149,-0.8285,1.5946,2.4679,2.1411,1.2428,-0.5761,0.5586,1.7809
-0.4129,-1.4762,3.3875,-0.3697,0.6228,1.3233,0.2237,-0.8632,1.527,3.0592,2.1258,0.9769,-0.3682,0.4499,2.2066
-0.4096,-1.5678,3.8807,-0.5118,0.8472,1.5975,0.3682,-1.0417,1.4742,3.1153,2.1059,0.9434,-0.6006,0.5209,1.3999
-0.3359,-1.6988,3.6657,-0.5477,1.1112,1.6047,0.6127,-0.7642,1.4486,3.2197,2.2383,0.9447,-0.7755,0.4784,1.0687
-1.2423,-1.6382,3.6019,-0.6231,0.9519,1.7354,1.0431,-0.6816,1.3507,3.1286,2.4681,0.8143,-0.5624,0.4963,1.2915
-1.1792,-1.985,2.9919,-0.2829,0.8732,1.8704,1.7275,-0.8897,1.3961,2.8134,2.1159,1.0025,-0.5094,0.585,1.2832
-1.0687,-2.1733,3.3024,-0.3645,0.6494,2.0096,1.5455,-0.8105,1.8274,2.7489,2.0761,1.3496,-0.3385,0.52,1.275
-0.9239,-2.3859,2.9369,-0.373,0.3519,1.8922,1.454,-1.0806,0.9136,2.955,2.0679,1.3501,-0.034,0.575,1.2772
-1.3576,-2.0303,2.6765,-0.7559,0.4114,2.1899,1.2468,-1.1953,1.61,2.9677,1.7616,0.8939,-0.1293,1.1608,0.9614
-1.0621,-1.7325,2.2846,-0.4918,0.643,2.2606,-0.1401,-1.6356,1.5327,2.8084,1.4551,0.7385,-0.1601,1.3787,0.7004
-0.8997,-2.5468,1.8993,-0.3542,0.4117,2.1385,-0.5545,-1.7139,2.0447,2.4029,1.3199,0.548,-0.6144,1.4375,0.1741
-0.2653,-2.4784,2.1448,-0.2333,0.2323,2.0061,0.0595,-1.454,2.7833,2.6533,1.1395,0.3706,-0.9356,1.4657,-0.3494
-0.7611,-2.4681,2.2456,-0.0571,0.1856,1.9104,0.5346,-0.9549,2.9431,2.5871,1.3752,0.4787,-1.3888,1.165,-0.5728
-0.8069,-2.5592,2.8157,-0.0489,0.4046,1.8914,0.6701,-0.2767,3.1192,2.17,1.4807,0.4568,-1.5429,1.0207,-0.6856
-0.7222,-2.4549,3.1829,0.0196,0.4799,1.9019,0.9891,0.0246,2.7942,2.0033,1.8569,0.1585,-1.2774,0.1192,-0.838
-0.7867,-2.2385,2.7498,-0.0297,0.4985,1.7851,1.0607,0.2403,2.7557,1.8691,2.1248,0.386,-0.8742,-0.4913,-0.5218
-0.5416,-1.9241,3.663,-0.2214,0.5784,1.672,0.802,0.1884,2.5334,1.8713,2.1071,0.9236,-1.1831,-1.0379,-0.6894
-0.6613,-1.7626,4.5284,-0.1383,0.9662,1.6903,0.5156,0.6955,2.5679,2.0273,2.4151,0.8717,-1.221,-0.6871,-0.631
-0.793,-1.6273,4.5963,-0.1815,1.0877,1.7091,0.542,0.4746,1.5183,2.1987,2.5766,1.1016,-1.3829,-1.323,-0.0157
-0.9803,-1.4575,4.7779,-0.1377,1.1285,1.9055,1.1412,0.6532,1.4769,2.7817,3.0163,0.9365,-1.6508,-1.1025,0.6176
-0.5459,-1.5119,4.4991,-0.0183,1.2174,1.5627,1.5308,0.5955,1.577,3.1697,3.0142,1.1045,-1.4429,-1.2651,0.6838
-0.5431,-1.0244,4.8476,-0.2798,1.205,1.4865,1.2954,0.4853,1.5704,2.96,3.0123,1.3254,-1.1791,-1.394,0.9763
-0.1455,-0.9904,6.0368,-0.3035,1.3886,1.1862,1.4121,0.5324,1.2656,3.059,3.2306,1.2729,-1.2779,-1.1511,1.2777
-0.4378,-0.9023,5.5367,-0.3535,1.3145,1.1734,1.8801,0.4266,0.5417,3.4384,3.3095,1.6076,-1.2043,-0.8437,1.5241
-0.4445,-0.9948,5.1271,-0.468,1.3025,1.2827,1.5984,0.1512,0.288,3.6268,3.0833,1.6331,-0.7717,-0.4418,2.2586
-0.3667,-0.7613,4.7455,-0.5404,1.2296,1.1163,1.4852,-0.0909,-0.0448,3.7892,2.8749,1.6417,-0.862,-0.2815,2.1859
-0.8871,-1.0168,4.563,-0.5486,1.1986,1.3443,1.4328,-0.0187,0.8805,3.8838,2.7148,1.9307,-0.5425,0.3354,2.2356
-1.0884,-1.19,4.3291,-0.8286,1.0901,2.0302,1.472,-0.8939,0.5624,3.6751,2.5311,1.6641,-0.5732,0.3014,2.0895
-0.6554,-1.742,4.3029,-0.2939,0.5828,1.889,1.5766,-1.0049,0.9962,3.6427,2.0518,0.9299,-0.8416,0.7032,1.8127
-0.655,-1.4524,4.3494,-0.1372,0.4508,1.6224,1.5867,-0.8099,1.2358,3.8176,2.1638,0.9818,-0.277,0.8786,1.9446
-0.7165,-1.5738,3.9503,-0.7113,0.6939,1.5417,1.0472,-1.0218,0.7663,3.6437,1.9576,0.7482,-0.1918,1.465,1.8483
-1.1424,-1.4832,3.2768,-0.5568,0.9961,1.4377,1.1262,-1.2318,1.7163,4.2654,1.9208,0.8474,-0.1945,2.0821,1.7062
-0.9876,-1.7152,3.2282,-0.6224,0.4326,1.6694,1.065,-1.5199,1.9122,3.7151,1.869,0.6425,-0.2576,1.3141,1.4065
-1.0553,-1.935,3.1327,-0.5357,0.4566,1.6366,1.1531,-1.4851,1.9108,3.2975,1.5874,0.4098,-0.265,1.224,1.4767
-0.3452,-1.8803,3.5035,-0.5959,0.3837,1.3353,1.4662,-1.0238,2.5944,3.1916,1.609,0.3784,-0.5013,1.623,1.1503
-0.5036,-1.7013,3.587,-0.4539,0.5562,1.2042,1.1231,-0.4581,2.2884,3.6509,1.6845,-0.0614,-0.4783,1.4302,1.0256
-0.568,-1.812,4.4196,-0.3222,0.2604,1.2601,1.2656,-0.4534,2.031,3.5194,1.9405,-0.1254,-0.6951,1.1138,1.0244
-0.598,-1.5732,3.7732,-0.1282,0.5248,1.4248,1.0599,-0.5599,1.7887,3.3517,2.1389,0.5565,-0.378,0.7274,0.8624
-0.7517,-1.5686,3.9973,0.1114,0.5986,1.5176,1.6053,-0.5213,1.9833,3.5906,2.4188,0.5259,-0.3271,0.7374,1.1419
-0.5728,-1.4054,3.9555,-0.1262,0.8916,1.5702,1.181,-0.8013,1.0167,3.6754,2.6886,0.7501,-0.034,0.7049,1.5475
-0.5374,-1.4838,3.5874,-0.1137,1.0103,1.4322,1.3599,-1.0258,1.4797,3.8862,2.308,0.952,-0.0191,0.5527,1.6334
-0.568,-1.5615,3.4113,0.0907,0.5508,1.4981,1.0141,-1.0673,1.847,3.7417,2.1444,0.7391,-0.071,0.711,1.7357
-0.2232,-1.3301,3.6967,-0.2533,0.6661,1.4347,0.9286,-0.9761,1.9398,3.9022,1.9177,0.6882,-0.0389,0.7011,1.7825
-1.5196,-1.3359,3.5617,-0.2142,0.5968,2.0354,0.6938,-0.8397,2.1017,4.0219,1.7828,0.7602,-0.3637,0.8594,1.382
-0.9594,-1.6203,3.6548,-0.1108,0.7082,1.8805,0.4901,-0.7118,1.7686,3.1954,1.7434,0.5433,-0.0855,0.3974,0.6638
-1.4571,-1.4114,3.0732,-0.2142,0.6325,2.1456,0.2551,-0.8572,1.6431,3.195,1.5292,0.5955,-0.5418,0.6493,0.8574
-1.1272,-1.4764,2.3383,0.0456,0.5216,2.0282,0.4352,-0.7324,2.2987,2.9766,1.4456,0.5372,-1.5715,0.2119,0.1562
-0.6507,-1.6056,2.9711,0.3745,0.2566,1.8025,0.6594,0.0643,2.7178,2.7575,1.3681,0.6951,-1.1102,0.0934,0.5941
-0.5009,-1.5461,4.1332,0.2579,0.0979,1.3584,0.2782,0.6277,2.4717,2.7139,1.7032,0.7967,-1.0616,-0.1842,0.1505
-0.6013,-1.1983,4.7054,0.1617,0.3936,1.2897,0.5856,0.794,2.7365,2.3604,2.3469,0.7314,-0.9874,-0.4289,-0.6
-0.5743,-0.769,5.138,0.0041,1.2203,1.1567,0.3019,0.5783,1.9022,2.6963,2.7225,1.0688,-1.3048,-0.87,-0.4186
-0.5409,-1.3806,5.2406,-0.0549,1.3462,1.2197,0.9835,0.7175,1.2182,3.4652,3.0467,1.4958,-1.3927,-1.1498,0.362
-0.3089,-0.9022,5.3893,-0.2702,1.3145,0.9619,1.0674,0.6884,1.0685,4.2193,2.934,1.6826,-1.1505,-0.5831,1.0973
-0.6495,-0.5051,4.7117,-0.2538,1.2897,0.9759,1.0753,0.6495,1.4662,4.1215,3.4748,1.7406,-0.8986,-0.7397,2.1638
-0.6507,-0.5264,4.7217,-0.2549,1.1306,1.3568,0.0763,0.3408,1.5658,4.5624,3.0751,2.2411,-0.8101,-0.3753,2.5386
-0.9899,-0.8037,4.7967,-0.1461,0.832,1.3611,0.3053,-0.0334,0.6511,4.213,2.7476,1.9627,-1.1324,-0.1995,1.9666
-0.9707,-0.8929,4.1011,-0.1369,0.7194,1.4278,0.4664,0.0846,1.2306,4.0703,2.441,1.8514,-1.1423,0.483,1.4436
-0.851,-0.8896,4.2539,-0.0238,0.7498,1.5526,0.1115,-0.2203,1.3672,3.5129,2.2299,1.5043,-0.9095,0.3322,1.4488
-0.5228,-1.0342,4.4763,-0.2162,0.9105,1.3682,0.2051,-0.4292,1.477,3.404,1.8785,1.5291,-0.8329,0.2666,0.8531
-0.6788,-1.0998,4.042,-0.0937,0.8226,1.1283,0.609,-0.0914,1.4192,3.7976,1.7453,1.2226,-0.8136,0.5643,0.6786
-0.3119,-1.3734,4.2744,0.0742,0.8137,1.0298,0.6868,-0.1374,1.4016,3.9394,1.9094,1.4189,-0.8866,0.4649,1.4211
-0.7027,-1.1908,3.6857,0.6466,0.9582,1.0566,0.8764,0.0192,1.4648,4.4953,2.2615,1.122,-0.9107,0.7763,1.1663
-0.13,-1.336,3.912,0.5667,0.9307,0.8872,1.0762,-0.1871,1.7074,4.0286,2.3314,0.9176,-0.713,0.4321,1.2563
-0.6606,-0.8988,3.8668,0.2298,1.0157,1.2657,0.9973,-0.4485,1.6165,4.8651,2.0342,0.8419,-0.4962,0.7353,1.3287
-0.7652,-0.8174,3.4427,-0.2399,1.0869,1.3525,0.8964,-0.9201,2.227,4.3975,1.7002,0.8287,-0.1647,0.7031,0.8115
-0.6812,-1.3178,3.7579,-0.0798,0.546,1.3811,1.2952,-1.0735,2.5042,4.1382,1.7385,1.0241,-0.0135,0.9035,0.7347
-0.7752,-1.2212,3.3392,-0.1883,0.2603,1.3013,1.1939,-0.9624,2.2177,3.3545,1.4448,1.1154,0.1701,0.9105,0.2066
-0.7117,-1.4913,2.7268,0.2098,0.5741,1.4129,1.1429,-1.0747,2.2006,3.264,1.2318,1.1573,-0.0949,1.2429,0.2421
-0.6073,-1.5023,3.1916,0.2244,0.4148,1.2459,1.3828,-1.0119,2.8334,3.289,1.0846,1.1903,-0.1972,1.0416,-0.2234
-0.3506,-1.2989,3.3857,0.2363,0.5317,0.9877,1.1055,-1.3153,2.5675,3.4116,0.995,0.7688,0.0517,1.107,0.2983
-0.487,-1.217,3.359,0.2067,0.4174,0.9453,1.2281,-0.8566,2.9165,3.664,0.8532,0.761,-0.3037,0.9985,0.345
-0.2496,-1.2507,4.059,0.2846,0.2764,0.7111,1.038,-0.5207,3.0642,3.3799,1.1395,0.3077,-0.0259,0.375,0.3785
-0.4214,-1.1992,4.2057,0.1826,0.3999,0.5962,0.9216,0.1169,3.5151,3.1665,1.4755,0.723,-0.3614,-0.3077,0.5396
-0.8059,-1.2715,4.5772,0.3421,0.4123,1.038,1.0911,0.2001,3.2058,3.4013,1.5886,0.929,-0.8955,-0.5857,0.2814
-0.4071,-1.0716,4.964,0.1127,0.4454,1.1031,1.1002,0.4309,2.5882,3.0414,1.4932,1.0092,-0.9637,-1.1024,0.4354
-0.5882,-0.7332,4.6455,0.3146,0.6456,1.2646,0.8939,0.5033,2.3492,3.4749,2.0577,1.2832,-0.895,-0.997,0.5753
-0.77,-0.754,5.0115,0.0348,0.7771,1.4159,0.7259,0.5577,2.4509,3.3224,2.0306,1.5344,-0.6233,-0.6038,0.975
-0.7179,-0.7,5.0214,-0.0501,1.1344,1.5159,0.5552,-0.0773,2.5729,3.3529,2.0571,1.6856,-0.9037,-0.7744,1.0895
-0.9019,-0.8029,4.9595,0.0882,1.0746,1.6359,0.7042,-0.3323,1.8019,3.5913,2.1797,1.5262,-1.0117,-0.7954,1.4499
-0.2894,-0.6861,4.9175,0.1513,1.2056,1.36,0.7648,-0.1903,1.9345,4.6371,1.955,1.9578,-0.9511,-0.4684,1.5366
-0.5374,-0.5215,4.8838,0.2028,1.2344,1.3092,0.7143,-0.1773,1.7196,4.9955,2.0237,1.9761,-1.0852,-0.3479,2.0621
-0.69,-0.5917,4.7053,0.18,0.8855,1.2952,0.7035,-0.1803,1.5755,4.6861,2.2173,2.1609,-0.5825,-0.1416,2.2146
-0.5387,-0.4231,4.71,0.4236,1.0062,1.3381,0.796,-0.7557,1.4769,4.5074,2.167,2.2548,-0.8105,0.1545,1.8886
-0.6618,-0.7028,4.6616,0.57,1.0263,1.4703,0.7115,-1.2374,2.0341,4.4286,1.9321,2.1551,-0.5739,0.5487,1.4664
-1.1075,-0.7979,4.2164,0.337,1.1155,1.615,0.7681,-2.1578,1.414,4.6581,1.7118,1.9022,-0.3322,0.3292,1.2227
-1.1683,-0.997,2.8765,0.182,0.7726,1.7192,1.3475,-1.8538,1.5045,4.5249,1.234,1.2752,-0.7046,0.8256,0.8953
-0.9348,-1.4278,3.0844,0.5389,0.395,1.6559,1.2891,-1.4361,2.6789,4.1651,1.3525,1.4462,-0.369,1.0327,0.8037
-0.4367,-1.2131,3.2881,0.5459,0.7608,1.3847,1.0858,-1.4999,3.335,3.9097,1.1405,1.7687,-0.3165,1.1336,0.8781
-0.7783,-1.0847,3.6811,0.5833,0.6259,1.2034,1.1883,-1.3859,3.1746,4.1628,1.2918,0.5481,-0.566,0.6659,0.8496
-0.6779,-1.228,3.5773,0.9125,1.0517,1.2035,1.1998,-1.1013,2.6014,3.9335,1.8544,0.4918,-0.6951,0.548,0.9694
-0.7904,-0.9876,3.9489,0.6869,0.3091,0.896,1.1139,-0.7056,2.2805,3.8879,1.6109,0.3043,-1.1201,0.408,0.9771
-0.7302,-1.1858,4.6386,0.5422,0.0364,1.0686,1.5828,-0.4531,1.8002,3.2016,1.734,-0.0822,-1.2058,0.2148,0.8943
-0.5777,-0.8257,4.6301,0.5709,0.4677,0.9825,1.497,-0.5088,2.2058,3.5992,2.1259,0.4223,-0.6621,0.5729,1.1049
-0.5818,-0.5687,4.4476,0.3006,0.7002,1.0765,1.4651,-1.1281,1.4198,3.5769,2.0021,1.1335,-0.5349,0.1368,0.9911
-0.7949,-0.4807,3.889,0.3179,0.9449,0.9947,1.3895,-1.3213,1.6199,3.5687,1.875,0.8411,-0.6863,0.7367,0.956
-0.9433,-0.7961,3.5284,0.5639,1.0259,1.3432,1.5682,-1.6157,2.0949,3.8881,1.5367,0.713,-1.3022,0.755,0.8324
-0.7103,-1.1525,3.7952,0.4847,1.0667,1.3209,1.0555,-1.367,2.2261,3.6919,1.5792,0.5512,-0.7505,0.8455,0.9737
-0.6072,-0.9581,3.6183,0.5707,0.9552,1.4854,1.2718,-1.7111,2.1914,4.2037,2.1493,0.3203,-0.1682,0.2978,1.4285
-0.7825,-0.6399,3.6033,0.4094,0.8966,1.3869,1.767,-1.8362,2.6632,4.3337,1.7046,0.7009,-0.2862,0.3444,1.4676
-0.6695,-1.1565,3.7664,0.7233,0.8914,1.4891,1.7425,-1.8847,2.4883,3.973,1.6501,0.3953,-0.385,0.3538,1.3338
-0.8522,-1.1327,3.2284,0.6875,0.867,1.2893,1.4143,-1.6811,2.1092,4.2572,1.4844,0.0695,-0.4025,0.7284,1.1166
-0.4796,-1.4589,3.5601,0.9665,0.6912,1.2712,1.2573,-1.674,2.6256,3.9154,1.669,0.2954,-0.4673,0.8268,0.5132
-0.4721,-1.1638,3.7723,0.8524,0.9734,1.2644,1.1965,-1.5627,2.2942,3.947,1.7595,0.1242,-0.5868,0.6042,0.2997
-0.8538,-1.1445,3.2191,0.818,0.8918,1.4051,0.9849,-1.5772,2.3805,3.8556,1.6924,0.0948,-0.6833,0.7194,0.6244
-0.3431,-1.2456,3.1254,0.8066,1.0017,1.38,1.0354,-1.6309,2.3129,3.9235,1.7531,0.3073,-0.8955,0.0914,0.6017
-0.0211,-1.18,3.5272,0.9498,0.8577,0.5268,1.4672,-1.2275,2.7189,4.2648,1.6815,0.5915,-0.8112,0.0433,0.7028
-0.3982,-0.8475,3.9422,0.6253,0.9272,0.8045,1.1296,-0.8526,2.7239,4.4853,1.4711,1.0498,-0.6914,-0.1578,0.9139
-0.6456,-0.7629,3.1352,0.6065,0.963,1.1202,0.7209,-0.6198,2.1658,4.0656,1.4119,0.492,-0.848,-0.5988,0.8434
-0.609,-1.1143,3.5263,0.8449,0.9375,1.1735,1.0209,-0.1142,3.0134,3.8204,1.6916,0.3509,-1.0678,-0.6154,0.0249
-0.7752,-0.7865,3.6724,0.7286,0.9814,1.2322,1.0482,-0.2914,2.136,3.7785,1.6223,0.7321,-1.2961,-1.0297,0.4052
-0.9378,-0.7625,3.8821,0.6865,1.2497,1.4358,0.7637,-0.3887,1.482,3.8169,1.6693,0.7446,-1.3734,-0.8362,0.4923
-0.4382,-0.9202,4.1238,0.723,1.1137,1.2734,1.0181,-0.1605,1.5183,4.0259,1.7823,0.4217,-1.3806,-0.6407,0.2278
-0.5647,-0.8035,4.2508,0.7095,1.0391,1.1057,1.195,-0.4354,2.22,3.8062,2.0921,0.3341,-1.3612,-0.6179,0.5576
-0.7097,-0.7407,4.3933,0.7178,1.315,0.9685,1.2722,-0.28,2.2017,3.9719,2.3431,0.6966,-1.0527,-0.5261,0.5829
-0.8397,-0.8882,4.4527,0.7393,1.0379,1.271,1.1923,-0.4875,1.5906,3.9815,2.2404,0.6878,-1.2419,-0.6098,0.7446
-1.1976,-0.7377,4.4144,0.6685,2.0158,1.4939,1.1124,-0.7396,0.8712,4.9083,2.4088,0.9449,-1.234,-0.2616,1.7719
-0.6727,-1.107,3.6256,0.7792,1.3758,1.5579,1.1185,-1.1095,0.8045,5.2026,2.1963,1.1411,-0.8318,-0.1953,1.8535
-0.812,-1.0374,3.6555,0.0977,0.7728,1.5939,0.9831,-1.3226,1.3608,5.3584,1.9086,1.2433,-0.8348,0.1533,1.5408
-1.1223,-1.0844,3.1941,0.2501,0.7464,1.7086,1.0355,-1.3432,1.8881,4.6462,1.6371,1.0256,-1.0824,0.7003,1.4627
-0.4862,-1.186,3.1037,0.5135,0.8548,1.392,0.7518,-1.3773,2.1747,4.0941,1.4354,0.8127,-1.0679,0.6705,1.6022
-0.8001,-1.2066,3.3587,0.7136,0.9593,1.4393,0.8173,-1.3433,1.8714,4.7219,1.3593,0.7127,-1.2809,0.6811,0.8498
-0.8494,-1.1423,3.1085,0.6406,0.3565,1.4324,0.9635,-1.1442,2.012,4.2581,1.5767,0.5556,-1.2958,0.5207,0.6722
-0.6133,-1.0349,3.9967,0.498,0.5103,1.4229,0.9505,-0.9808,1.9131,3.3896,1.7254,0.7187,-1.2696,0.392,-0.028
-0.6837,-0.8719,3.8697,0.5944,1.0547,1.0272,1.328,-1.1459,2.0195,3.4062,1.7591,0.3818,-0.8478,0.1263,-0.614
-0.9791,-0.5647,3.3175,0.5001,1.0915,1.2978,1.0216,-1.0456,1.8498,3.94,1.622,0.202,-0.814,-0.5307,0.0519
-0.5729,-0.7963,3.724,0.5433,1.1234,1.1334,1.145,-0.4591,2.5592,3.6737,1.4721,0.1854,-1.0553,-0.1854,-0.2544
0.1429,-1.3563,4.3079,0.487,1.041,0.5873,1.8177,-0.4671,2.2237,3.7432,1.6812,0.1212,-1.3022,-0.6392,-0.0481
-0.7884,-0.58,3.9455,0.3893,1.3638,0.7457,1.6893,-0.4933,1.3995,4.9431,1.7113,0.1299,-0.9957,-0.4718,0.5846
-1.3105,-0.5363,3.8376,0.3964,0.7017,1.1578,0.4892,-0.6797,1.5285,4.3494,1.8136,0.2485,-0.9896,-0.2691,0.9226
-1.4102,-0.7069,3.4926,0.4381,0.8328,1.4425,0.9809,-1.0131,1.8555,3.3701,1.6678,0.1971,-1.3986,-0.2374,0.0806
-1.5008,-0.9127,3.1771,0.1644,0.9495,1.7339,1.1715,-1.1775,2.1928,3.2373,1.3448,0.2342,-1.0852,-0.0203,-0.3001
-0.7881,-0.5435,3.4107,0.2066,1.0621,1.4163,0.9997,-1.276,2.5799,3.233,1.2113,0.5953,-1.2215,-0.5155,-0.3883
-0.5933,-0.9091,3.6495,0.4462,1.117,1.1831,0.9978,-0.8143,2.5628,3.6137,1.2928,0.244,-1.1993,-0.797,-0.3724
-0.5696,-0.6843,4.2921,0.4408,1.0546,1.0986,0.8433,-0.2341,2.689,4.0963,1.676,-0.6724,-1.7838,-0.788,-0.0134
-0.6031,-0.8339,4.7622,0.2918,1.405,0.8852,1.0286,0.0337,2.0593,4.0065,1.9436,-1.4075,-1.7463,-0.9696,-0.0192
-0.5093,-0.8399,4.8655,0.2593,1.5404,0.8383,0.8635,0.2221,1.9695,4.5068,1.9818,-0.2223,-1.7196,-0.7701,0.5229
-0.5151,-0.7152,5.0841,0.2683,1.3355,0.8026,1.1977,0.376,2.0414,4.6079,2.2408,-0.0277,-2.0701,-1.455,1.1446
-0.4954,-0.362,5.2205,0.2129,1.6824,0.7698,0.8472,0.5149,1.4389,5.0331,2.2288,0.5129,-1.9762,-1.4979,1.3209
-0.8211,-0.2526,5.0391,0.1612,1.6489,1.084,0.9782,0.4067,1.4473,5.2313,2.2821,0.6681,-1.9402,-1.343,1.3408
-0.7731,-0.1035,4.5382,0.0681,1.4592,1.4625,1.1822,0.0757,1.1652,4.9762,2.0971,0.7446,-2.0965,-1.2674,1.0773
-0.7525,-0.3632,4.6514,0.1554,1.4856,1.2976,1.3918,-0.027,1.427,4.6179,2.0174,0.5883,-1.9828,-1.0074,1.1236
-0.4702,-0.3314,4.781,0.1689,1.5799,1.2819,1.1625,-0.0667,1.0022,4.725,1.7715,0.6905,-1.828,-0.9227,2.1595
-0.4602,-0.2997,4.8441,0.0102,1.3882,1.1008,1.3141,0.0359,1.2251,4.9765,2.0262,0.5483,-1.8036,-0.6948,0.8529
-0.3001,-0.2322,5.0257,0.1353,1.7349,0.4627,1.6838,-0.14,1.7061,4.5234,1.8009,0.866,-1.6219,-0.7451,0.8096
-0.5139,0.1297,4.9668,0.1129,1.5553,0.6994,2.0462,0.1624,1.5117,4.6973,2.0387,0.5221,-1.4319,-0.7943,0.7528
-0.2621,-0.4592,4.5314,0.0972,1.6793,0.6969,2.0005,-0.1686,0.8296,4.7799,2.1259,0.7232,-1.4224,-1.0311,1.5481
-0.4229,-0.3157,4.4689,-0.0225,1.4046,0.7768,1.7154,-0.2159,1.0873,5.6431,2.1808,0.6154,-1.2965,-0.6435,2.073
-0.4547,-0.4007,4.343,0.1547,0.8914,0.7541,1.8273,-0.6275,0.7594,5.5269,2.0369,0.5514,-1.1121,-0.0167,2.1435
-0.6371,-0.1408,3.8348,0.2215,1.4035,0.7453,1.4191,-1.3973,0.777,4.3172,1.8325,0.956,-0.8962,0.2591,1.8349
-0.3277,-0.5752,3.0059,0.3714,1.2,0.6124,1.5155,-1.5531,1.0731,4.6455,1.5447,0.7232,-0.7756,0.7583,1.6013
-0.6387,-0.657,2.8605,0.2003,0.6962,0.6089,1.315,-1.631,1.3757,4.3827,1.4234,1.1274,-0.6646,0.8872,1.2223
-0.5154,-0.5426,2.5936,0.0143,0.6182,0.6625,1.2395,-1.8255,1.5741,3.6093,0.9423,0.937,-0.7981,0.8302,0.1756
-0.2413,-0.7936,2.7466,0.1433,0.6459,0.5043,1.5418,-1.5371,2.019,3.7998,0.8775,0.7388,-1.1539,0.9267,0.1058
-0.7351,-0.8389,2.3219,0.4419,1.0667,0.5272,1.2672,-1.3577,2.2273,4.3398,0.9428,0.5239,-0.9403,0.8786,0.1411
-0.5062,-0.8472,2.6287,0.4551,0.8935,0.4673,1.443,-1.3835,2.2603,4.1267,1.166,0.0073,-0.8738,0.5503,-0.1259
-0.6075,-0.5798,2.5989,0.6025,0.9822,0.6319,1.1441,-1.5786,2.1145,4.0628,1.2582,0.0611,-0.8761,0.5168,0.0038
-0.4582,-0.9361,2.9062,0.7403,0.6217,0.702,1.0614,-1.4193,1.727,3.8865,1.2515,0.2141,-0.9046,0.0812,-0.1917
-0.4655,-0.8707,3.0653,0.5689,0.7053,0.6559,1.5468,-1.3176,1.6306,3.8786,1.3738,0.1328,-1.2329,0.3703,0.2132
-0.5929,-0.7702,3.0977,0.4485,0.8425,0.7801,1.378,-1.0857,2.0865,3.7978,1.979,0.2976,-1.1872,0.4638,0.1876
-0.3227,-0.4567,2.9649,0.5438,0.6463,0.5992,1.3415,-1.7535,1.6987,3.6294,1.5135,0.7895,-0.8232,0.3669,0.0311
-0.4607,-0.3742,3.1435,0.9064,0.8192,0.5853,1.7579,-1.7681,1.32,4.1295,1.5177,1.1029,-0.8175,0.8128,0.2854
-0.2218,-0.5384,3.0714,0.8374,0.8058,0.2372,1.1567,-1.7798,1.3449,3.8715,1.497,0.9869,-0.808,0.8895,0.4838
-0.4412,-0.5098,2.8403,0.7111,0.456,0.3001,1.7546,-1.4309,2.0101,3.6999,1.2817,0.8554,-1.0163,0.7422,0.4481
-0.705,-0.5057,3.0034,0.5422,0.9262,0.3594,1.4221,-1.4897,1.8962,3.3763,1.194,0.6218,-0.9358,0.8061,0.2509
-0.6485,-0.7941,3.0646,0.7278,1.1775,0.6043,1.3081,-1.401,1.7704,3.8322,1.3861,0.4568,-1.0185,0.4802,-0.0052
-0.4429,-0.5503,3.0414,0.6057,1.1097,0.5505,1.7972,-1.207,1.2421,4.0992,1.1427,0.2761,-0.9969,0.3756,0.1533
-0.3171,-0.6591,3.069,0.9346,0.9378,0.1994,0.5328,-1.2475,1.9545,4.1894,1.0589,0.37,-1.3197,0.5825,0.2457
-0.7504,-0.6154,2.8757,0.7485,1.1747,0.5197,1.0089,-1.0185,2.1509,4.3001,1.2923,0.5575,-1.7025,0.2868,-0.0306
-0.39,-0.6549,3.1818,0.8959,0.8808,0.7176,1.4511,-0.9538,2.1724,3.7727,0.9944,0.3625,-1.5794,-0.0838,-0.1403
-0.3467,-0.7776,3.7544,0.7315,0.9045,0.4322,1.417,-0.3594,2.3261,3.428,1.0429,1.0775,-1.1275,-0.2782,-0.2602
-0.0944,-0.295,4.7223,0.5575,1.1829,0.1928,1.1684,-0.4107,1.8445,4.0756,1.349,0.805,-1.5258,-0.5318,0.5166
-0.4944,0.0406,3.7048,0.724,1.5275,0.2519,1.5539,-0.2656,1.2906,4.686,1.4186,0.7503,-1.8234,-0.4301,0.9389
-1.2501,-0.1888,3.6412,0.4359,1.2267,0.5174,1.636,-0.2139,1.5023,4.1124,1.2489,1.0157,-2.1967,-0.3846,0.9135
-0.6892,-0.7268,3.6228,0.7584,1.0033,0.4583,1.8834,-0.105,1.97,3.4998,1.4681,1.0896,-1.9176,-0.5629,0.5587
-0.5448,-0.3062,4.0276,0.6112,0.9071,0.572,1.2753,-0.071,1.902,3.5817,1.3905,0.7719,-1.7388,-1.2601,0.5419
-0.6804,-0.329,3.8876,0.4984,0.9904,0.2871,1.809,0.3525,1.8895,3.8864,1.4154,0.8114,-2.027,-1.2107,0.5886
-0.7268,-0.5511,4.3502,0.5179,1.2171,0.4073,1.4913,0.4604,2.7735,3.6377,1.7195,1.0424,-1.8909,-1.1196,0.4701
-0.6964,-0.3956,4.4924,0.5017,1.5,0.7326,1.4089,-0.0179,1.8026,3.5082,1.5861,0.792,-1.8057,-1.7997,0.1785
-0.7305,-0.3473,4.3468,0.4415,1.4869,0.4661,1.794,0.1047,1.85,3.7164,1.8249,1.0948,-1.627,-1.4337,-0.0506
-0.7439,-0.0365,4.7196,0.279,1.6097,0.7554,1.7729,-0.2703,1.4926,4.0118,2.0923,0.9302,-1.6966,-1.5384,0.5708
-0.9506,0.5558,4.9363,0.1266,1.216,0.6328,2.0856,-0.3669,0.9373,4.0641,1.9766,1.0555,-1.8053,-1.3748,0.4421
-0.5959,-0.0787,4.64,0.2456,1.3344,0.4667,2.2493,-0.032,1.2139,3.5273,1.8693,1.1394,-1.9697,-1.0431,0.8568
-0.661,-0.2287,4.5096,0.0645,1.3664,0.3627,1.998,-0.0853,1.5101,3.7456,1.6372,1.3586,-1.9785,-0.8399,0.7506
-0.9894,-0.1874,4.6375,0.1604,1.3108,0.5589,1.6439,-0.2941,1.357,3.7777,1.4819,1.1035,-1.8463,-1.5228,1.0029
-0.3647,-0.4895,4.616,0.6089,1.3957,0.741,1.551,-0.1287,1.558,3.7255,1.6309,0.9984,-1.8505,-1.4193,1.1301
-0.696,-0.5507,4.7845,0.6852,1.3603,0.6798,1.4642,-0.2608,1.4331,4.2528,1.8033,1.0462,-1.933,-1.2971,0.9336
0.0742,-0.5278,4.8178,0.8433,1.3691,0.4797,1.6665,-0.4945,1.0831,4.4527,2.0284,1.3634,-2.0641,-1.1548,0.7233
-0.2124,-0.2155,4.7896,0.5491,1.5649,0.3271,1.8991,-0.5972,0.8731,4.9131,2.0593,1.5978,-2.2407,-1.4277,1.5895
-0.1709,-0.0301,4.5141,0.6473,1.279,0.4223,1.8647,-0.6549,1.2671,5.0367,1.8203,1.6617,-2.0735,-0.862,2.2276
-0.6311,-0.2126,5.1581,0.7231,1.3974,0.4669,2.2169,-1.2741,0.7615,5.2021,1.9393,2.0677,-1.892,-0.4514,2.5045
-0.5728,-0.2137,4.208,0.4363,1.3639,0.445,1.7301,-1.3364,0.418,5.0835,1.589,1.8046,-1.6741,-0.0945,2.5343
-0.3215,-0.2831,3.8525,0.5867,0.9907,0.4733,1.7125,-1.606,0.9538,4.9121,1.3763,2.0489,-1.3652,0.1062,1.9953
-0.2358,-0.4795,4.0347,0.6713,0.7451,0.4983,1.6966,-1.9287,1.0886,4.7641,1.2204,1.8225,-1.5158,0.2375,1.6775
-0.2282,-0.546,3.5804,0.6538,0.7954,0.4263,1.8157,-1.8865,1.2517,4.3851,0.8755,1.2384,-1.5245,0.337,1.3715
-0.3687,-0.6209,3.0691,1.2867,0.6505,0.5293,2.0762,-1.8148,1.6983,4.3393,0.8668,0.7739,-1.4204,0.6428,1.065
-0.4034,-0.8351,3.6959,1.2009,0.5794,0.8597,1.6576,-2.2764,1.5175,4.1054,1.1149,1.8277,-0.9088,0.4334,0.672
-0.1123,-0.6866,3.4013,1.2877,0.9034,0.8961,1.5022,-2.7437,1.6044,4.2321,1.2759,1.1315,-0.8119,0.4891,0.5973
0.062,-0.6592,3.5654,1.0479,0.8713,0.6016,1.8371,-2.737,1.7767,4.5141,1.2087,0.7491,-1.2539,0.4512,0.7391
-0.187,-0.5114,3.704,1.0561,0.6704,0.6768,2.0815,-2.4241,1.6671,4.535,1.2146,1.0406,-1.3502,0.6388,0.5944
0.0983,-0.4481,3.6344,1.362,0.923,0.6166,1.9026,-2.3812,1.4637,3.9475,1.3958,0.4366,-1.2151,0.4892,0.9082
0.207,-0.4689,3.5324,0.896,0.9159,0.5204,1.7506,-2.2346,1.3903,4.2251,0.9706,0.6859,-1.2791,0.5665,0.9252
0.1697,-0.513,3.2312,1.0328,1.0904,0.6242,1.217,-2.0612,1.8728,4.138,0.929,0.9376,-1.5383,0.8392,0.4491
-0.0698,-0.6323,3.4172,1.0103,0.9794,0.6359,1.15,-2.1971,1.5936,4.1608,0.9088,1.1036,-1.8219,0.4714,0.1748
-0.2032,-0.5507,3.111,1.1331,0.8829,0.5922,1.2566,-1.8065,1.2201,3.9563,0.909,0.7236,-1.9744,0.3279,0.2144
-0.4406,-0.5799,3.4634,1.1747,0.9814,0.6509,1.2279,-1.5644,1.7052,3.7883,1.0298,0.9666,-1.7835,0.4061,0.6297
-0.6976,-0.6553,3.3632,1.2095,1.0268,0.803,1.011,-1.9522,1.4461,3.7864,0.9626,0.5287,-1.6703,0.2415,0.1771
-0.422,-0.666,2.9949,1.3771,1.1269,1.0481,1.0627,-2.239,1.7736,3.6582,0.9886,0.8,-1.4582,0.342,0.2761
-0.6334,-0.6105,3.1862,1.3843,0.9198,1.1133,1.2702,-2.378,1.8141,3.7871,1.0411,0.7219,-1.4428,-0.0196,0.1452
-0.2801,-0.8777,3.4859,1.3856,0.927,1.0056,1.5584,-2.4788,1.8123,3.5628,1.1081,0.7614,-1.853,-0.038,-0.6017
0.2185,-0.5049,3.3121,1.3413,1.0557,0.8492,1.3404,-1.9642,1.7998,3.6128,0.9827,0.6595,-1.7401,0.3351,-0.4489
-0.0829,-0.6317,3.6911,1.0457,1.0858,0.6648,1.0787,-1.8729,1.7491,3.4943,0.4974,0.8217,-1.8245,0.1519,-0.5193
-0.295,-0.948,3.8073,1.1126,1.1587,0.814,2.0437,-1.5237,1.958,3.5966,0.9605,0.7977,-2.0985,-0.0999,-0.3181
0.1306,-0.8301,3.9721,1.1584,1.1976,0.589,1.6811,-1.1861,1.656,3.8433,0.9534,0.421,-1.9722,0.0056,0.0869
-0.3889,-0.6368,4.3292,1.1909,1.3543,0.89,1.7153,-1.258,1.6817,4.3267,1.3158,0.2905,-1.5313,-0.866,0.4176
-0.2602,-0.9628,4.6286,1.0728,1.2343,0.6808,1.4773,-1.0345,1.1028,4.1271,1.4512,0.5417,-1.5695,-1.0359,0.4904
0.0138,-0.6566,5.3555,0.8973,1.5312,0.5272,1.671,-0.5976,1.3044,4.3151,1.6973,1.2591,-1.6733,-0.7189,0.8623
-0.0379,-0.4582,4.86,0.7537,1.7177,0.3834,3.5343,-0.9346,0.6762,4.9616,1.6735,1.8784,-1.9695,-0.7193,1.3088
-0.25,-0.4178,4.8452,1.053,1.7386,0.6764,2.9136,-1.2587,0.9679,4.9214,1.5808,1.6651,-1.2065,-0.5949,1.9202
-0.2025,-0.7184,4.6778,1.0638,1.7899,0.5043,2.2521,-1.6299,0.8109,5.0488,1.5607,1.0468,-1.1202,-0.4429,1.846
-0.286,-0.6596,4.3171,1.3436,1.8651,0.5169,0.7602,-1.84,1.3057,4.845,1.4698,1.0733,-1.2381,0.0509,1.8069
-0.1316,-0.8978,4.3098,1.0685,1.5517,0.2787,0.9704,-2.1425,1.0926,4.8906,1.3259,1.4354,-1.8405,0.0161,1.7264
-0.6499,-0.771,4.3476,0.995,0.9079,0.4538,1.1568,-1.6481,1.1135,4.7163,1.0256,1.2047,-2.0376,0.3953,1.177
-0.4358,-0.8143,3.6687,0.7938,0.9439,0.6631,1.24,-2.0385,0.9186,4.2494,0.9822,0.8518,-2.2057,0.6589,0.2195
0.6376,-1.0962,4.5518,0.6986,1.0124,0.1966,1.1912,-1.8317,1.5356,3.6411,0.9548,0.874,-1.9576,0.5538,0.5464
0.2899,-0.7109,4.1839,0.7229,1.6933,-0.0092,1.5678,-1.8602,1.2694,4.1708,0.9284,0.4945,-1.9854,0.6999,0.4362
0.2846,-0.5836,5.0909,0.8561,1.7726,-0.0532,1.0891,-1.788,1.5151,4.6476,1.0221,0.4762,-1.8239,0.9091,0.7044
0.0937,-0.7693,4.8329,0.7568,1.7446,-0.1659,1.0839,-1.9017,1.2192,4.676,1.1782,0.3217,-2.039,0.8228,0.5161
-0.0044,-0.7864,4.6295,0.6111,1.8053,-0.3553,0.8346,-1.8232,1.4638,4.4941,0.9111,0.502,-2.1894,0.4606,0.6006
0.2524,-0.9043,4.3988,0.89,1.8824,-0.3457,1.1392,-1.5478,1.519,4.7149,0.9244,0.3172,-2.4071,0.3404,0.4833
-0.0911,-0.9281,4.8591,1.1688,1.9721,-0.2107,1.0725,-1.3352,2.0072,4.9452,1.3107,0.3831,-2.2513,0.1548,0.7716
-0.2233,-0.8923,4.8636,1.006,2.0465,0.0392,1.1786,-1.2915,1.4805,4.8992,1.4181,0.892,-2.3155,-0.4277,1.0708
-0.0645,-1.1625,4.933,1.0848,1.7998,0.169,1.2549,-1.0548,1.8922,4.5339,1.4776,0.7758,-2.4208,-0.3597,1.2597
-0.0394,-0.8916,4.574,0.8509,1.9267,0.0969,1.1894,-0.7368,1.5505,4.8877,0.9925,0.964,-2.4875,-0.5332,0.7885
0.0197,-1.0426,4.5787,1.0697,1.59,0.0713,1.4319,-0.6202,1.7788,4.4746,1.1674,0.6921,-2.1389,-0.5917,0.2508
0.2364,-0.7647,4.6103,1.14,1.6612,-0.0679,1.4321,-0.6092,1.5574,4.314,1.1366,0.3784,-2.158,-0.6469,0.3166
0.9078,-0.9117,5.2681,1.1197,1.6078,-0.4875,1.4894,-0.7519,1.6257,3.9745,1.5004,0.4528,-2.1814,-0.8419,0.3328
0.5551,-0.6165,5.7928,1.566,1.9129,-0.5536,1.3975,-0.3376,1.4243,4.5931,2.0483,0.6397,-2.5747,-0.9224,0.3093
0.0322,-0.4573,5.571,1.3283,2.226,-0.4113,1.8084,-0.328,1.0376,4.7767,1.882,0.7965,-2.7898,-1.0889,0.4962
-0.0921,-0.3693,5.5915,1.1896,2.2608,-0.0636,1.8609,-0.4376,0.6259,4.1922,1.9143,0.8599,-2.44,-1.2858,0.7742
0.0245,-0.613,5.5929,0.9779,2.3583,0.045,1.8969,-0.3567,0.9667,4.4809,1.675,0.8207,-2.3455,-1.5406,0.681
0.0729,-0.7106,5.4801,1.0872,2.584,-0.1236,1.6042,-0.0934,0.9228,4.5544,1.6614,1.2425,-2.314,-1.1595,1.057
0.3438,-0.5257,6.2496,0.8498,2.3799,-0.398,1.5667,-0.2458,0.5922,4.7177,1.7966,1.0268,-2.4349,-1.6031,1.452
-0.142,-0.6522,6.0109,1.0202,2.9966,-0.0634,1.4074,-0.1102,0.4553,5.2766,1.9303,1.0164,-2.749,-0.9887,1.3343
-0.1729,-0.4197,5.3021,1.0159,2.9558,-0.0918,1.4509,-0.0956,0.6495,5.4013,1.5884,1.2935,-1.9779,-0.9507,1.1749
-0.0639,-0.7299,5.5083,1.0732,2.6164,-0.1036,1.6751,-0.678,0.4892,5.2753,1.5592,0.9358,-2.1192,-0.9584,0.7093
-0.6048,-0.7597,5.1242,1.3907,2.4228,0.2042,1.9504,-0.7613,0.5026,5.1251,1.8763,1.0119,-2.1305,-0.7979,0.2694
-0.2412,-0.9601,4.9917,1.8129,2.2608,0.3082,1.8012,-1.0049,0.7704,4.2573,2.1777,1.0961,-1.8844,-0.8262,0.7536
-0.2817,-0.7244,4.8459,1.7051,1.9326,0.1778,1.5529,-1.2417,0.8907,4.2948,2.3616,1.2664,-2.0837,-0.6996,0.9019
0.0244,-0.5601,4.6412,1.5326,2.2291,0.1224,1.5445,-1.2237,0.9739,4.0769,2.2348,1.2394,-2.3763,-0.257,0.7322
-0.1689,-0.4147,4.7798,1.1724,2.0483,0.2127,1.7928,-1.4015,0.8941,4.1713,1.6159,0.9223,-2.3704,0.491,0.613
-0.2459,-0.7237,4.6583,1.3043,2.1712,0.9622,1.6378,-1.9297,0.828,4.2937,1.5647,1.3127,-2.0039,0.5934,0.6403
-0.3607,-0.7365,3.8504,1.5342,2.4893,0.8856,1.6897,-2.347,0.7065,4.468,1.3612,1.0786,-1.679,0.9036,0.2234
-0.9422,-1.7663,3.0426,2.0206,2.3348,1.0004,1.8105,-2.6857,1.1504,3.9303,1.0737,0.9486,-1.8016,0.7671,0.4709
-0.4124,-1.7495,2.5461,2.1056,1.6436,0.9936,1.9104,-2.2895,1.8645,4.3763,1.0004,0.6665,-1.7724,0.4802,0.1842
-0.1219,-1.5939,3.3758,1.8247,1.4178,0.5526,1.8081,-1.8427,2.4896,4.243,0.8922,0.0925,-1.5151,0.7382,0.2393
-0.2027,-1.1128,3.7858,1.6962,1.6509,0.3529,1.6918,-1.8501,2.5619,4.0409,0.9543,0.2248,-1.4455,0.8475,0.181
-0.7163,-0.9817,4.1557,1.4181,1.2946,0.241,1.7114,-1.5746,2.2679,4.0026,1.1063,0.2038,-1.5262,0.5365,-0.1365
-0.4345,-1.076,4.3718,1.5281,1.3971,0.1279,1.328,-1.5085,2.3549,3.2489,1.2851,0.1351,-1.7724,0.4879,0.1154
-0.4324,-1.093,4.2644,1.6047,1.7011,0.0769,1.2628,-1.6974,1.5416,3.4763,1.5167,-0.0966,-2.1531,0.119,-0.4269
-0.4676,-0.9105,4.0921,1.2226,1.8831,0.2914,1.5163,-1.5434,1.9646,3.7665,1.2262,0.4187,-2.1457,0.0073,-0.209
-0.2377,-0.7329,4.1961,1.439,2.0238,0.409,1.6463,-1.2012,2.2805,3.5096,1.1884,0.8748,-1.7402,-0.1594,-0.0148
-0.0518,-0.3422,5.1605,1.4425,1.908,0.3098,1.5911,-1.1553,1.7084,3.854,1.3262,0.2972,-1.9354,-0.3407,-0.1848
-0.3195,-0.362,4.7199,1.3365,2.0622,0.4623,1.7048,-1.0673,1.7709,3.9819,1.2801,0.5344,-2.2426,-0.5505,0.1623
-0.7893,-0.802,4.8357,1.5294,2.0917,0.7009,2.4563,-0.8933,1.6961,3.3958,1.6607,0.8835,-2.0881,-0.7575,0.2084
-0.6496,-0.8376,4.9917,1.5389,2.8292,0.7075,2.162,-0.9433,1.5995,3.9099,1.9532,1.4126,-1.6264,-0.3809,0.5589
-0.7117,-0.9159,4.921,1.2427,2.689,0.5956,2.1212,-1.3995,1.1288,4.3606,1.9902,1.2319,-1.6611,-0.9334,0.7104
-0.5329,-0.7793,4.9135,1.3971,2.3966,0.4471,2.0744,-1.3724,1.1117,4.7504,2.0188,1.1865,-1.7559,-0.8012,1.0461
-0.5318,-0.6732,4.701,1.2368,2.0106,0.3908,2.0389,-1.2795,1.1673,4.4889,1.98,1.3296,-1.9296,-0.4929,1.1875
-0.3846,-0.7733,4.5929,1.0208,1.8549,0.4357,2.076,-1.5346,1.4707,4.3712,1.5076,1.5422,-1.539,-0.2385,1.1429
-0.373,-0.9597,3.9045,1.3348,1.8678,0.5763,2.5407,-1.7736,1.2847,4.9211,1.274,1.5495,-1.6644,-0.1916,0.8672
-0.6994,-1.2771,3.6948,1.3502,1.7453,0.5018,2.7268,-1.5588,1.7094,4.6196,0.9105,1.1683,-1.3488,0.0893,0.8391
-0.1285,-1.1836,3.9106,1.5315,1.5899,0.2715,1.9372,-1.422,2.4022,4.3825,1.0357,1.1717,-1.92,0.3047,1.2684
-0.3632,-1.0449,5.1143,1.3773,0.6955,0.2858,1.7045,-1.4803,2.3622,3.8034,1.1,0.7048,-2.012,0.0437,0.6031
-0.3705,-0.9807,4.3618,1.7293,1.3542,0.3621,1.0825,-1.4602,1.8553,3.1043,1.4038,0.7463,-1.5992,0.3014,-0.1579
-0.5125,-0.8036,4.3238,1.3867,1.7138,0.5371,0.6395,-1.9376,2.0051,3.2774,1.2709,0.894,-1.7655,0.7256,-0.4069
-0.4197,-0.9886,4.2153,1.4654,1.9111,0.4705,1.0395,-2.0337,1.9708,3.0535,1.1264,1.4095,-1.9003,-0.0367,-0.582
-0.5369,-0.8444,3.7422,1.6735,1.9362,0.2746,1.634,-1.971,1.8588,3.5858,1.1626,1.3317,-2.2138,0.1708,-0.4625
-0.1568,-0.9105,4.1872,1.3082,1.8148,0.262,1.9414,-1.519,2.8682,3.5081,1.0228,1.4226,-1.8846,0.345,-0.6081
-0.1877,-0.9317,4.2896,1.4949,1.9579,0.0573,1.7214,-1.4075,2.4787,3.6429,1.1441,1.4148,-1.2924,-0.4119,-0.5395
-0.5523,-0.5526,4.5602,1.3676,1.7348,0.124,1.55,-1.1952,2.2268,3.8229,0.899,1.103,-1.4389,-0.387,-0.2961
-0.3305,-0.9907,5.0799,1.554,1.874,0.1119,1.1557,-0.8117,2.1121,3.3294,1.0893,0.8345,-1.7968,-0.3344,-0.4837
-0.4964,-0.8258,5.0124,1.4488,2.2576,0.1973,1.2264,-0.7464,2.0229,3.638,1.5478,0.8731,-1.88,-0.4775,-0.3028
-0.3145,-0.6427,5.1948,1.3685,2.0737,0.3051,1.462,-0.7902,2.1207,3.5131,1.4657,1.2255,-1.897,-0.6817,-0.2724
-0.3442,-0.6181,5.7314,1.2477,2.2412,0.2116,1.3987,-0.4774,1.9232,3.8464,1.7762,1.2192,-1.9805,-0.8149,-0.2063
-0.0965,-0.4446,6.0541,1.1052,2.4097,-0.1633,1.3391,-0.6141,1.8179,3.6738,1.9497,1.6466,-2.1632,-0.6964,0.0284
-0.2677,-0.2266,5.8828,0.8282,2.5041,-0.1535,1.7645,-0.5425,1.5679,4.2793,1.982,1.902,-2.1557,-0.6056,0.3998
-0.177,-0.3013,5.9857,0.4942,2.1544,-0.1263,1.4269,-0.7157,1.5688,4.2724,1.6218,2.5193,-1.9173,-0.6969,0.7991
-0.3956,-0.2707,5.95,0.7387,2.1205,-0.019,1.2259,-0.4951,1.3893,4.4426,1.6123,2.1681,-2.1109,-1.1413,0.8845
-1.3816,-0.7336,5.2674,0.804,1.93,0.4286,1.868,-0.4557,1.2179,4.3821,1.6811,2.0939,-2.332,-0.7479,1.1249
-0.7687,-1.0052,5.3269,1.0913,1.9206,0.4384,1.4375,-0.5726,1.6153,3.8927,1.7068,1.9147,-2.1213,-0.6361,1.057
-0.5475,-0.9795,5.5291,1.233,2.1046,0.2429,1.3353,-0.7457,1.9315,4.3826,1.8297,1.925,-2.24,-0.5345,0.9721
-0.4926,-0.5782,5.16,1.1839,2.4021,0.3338,1.2391,-0.9752,2.361,4.4404,1.8785,1.8451,-2.4325,-0.8141,0.8994
-0.4789,-0.8952,5.115,1.0245,2.2665,0.3951,1.3481,-0.8976,2.0125,4.2063,1.7747,1.7556,-2.4798,-1.1008,0.718
-0.9268,-0.8863,4.8972,1.0833,3.5789,0.4161,1.8155,-0.9062,2.5367,5.1737,1.4709,2.1228,-2.3805,-0.9043,0.6438
-0.5262,-0.853,5.2434,1.2541,2.8271,0.5425,2.3193,-0.6279,2.438,5.6582,1.4849,1.8002,-1.9635,-1.4155,1.1312
-0.3592,-1.0054,5.4778,1.5298,2.3289,0.5442,2.3687,-0.5413,2.6852,5.162,1.7331,1.8559,-1.8337,-1.6278,1.4754
-0.4137,-0.5365,5.9493,1.3596,2.1756,0.477,2.0789,-0.3905,2.0036,4.7452,1.955,1.7031,-1.8694,-1.706,1.6948
-0.3992,-0.3384,5.6728,1.3081,2.2111,0.5361,1.473,-0.4854,1.7799,5.0448,1.8147,1.7582,-1.9268,-1.3997,1.9213
-0.481,-0.3204,5.9928,1.2688,2.3131,-0.1428,1.4887,-0.293,2.1067,4.4118,2.2151,1.7713,-2.3043,-1.1315,1.7858
-0.1089,-0.1303,6.399,1.1576,2.5171,-0.134,1.4731,-0.3432,1.9474,4.7164,2.2649,1.6404,-2.26,-1.264,1.383
0.2268,0.1438,6.3042,1.1712,2.8193,-0.1978,1.452,-0.5325,1.732,4.7114,2.3181,1.7376,-2.7809,-0.9502,1.3067
-0.1425,0.0694,5.9162,0.9684,2.6393,0.001,1.4381,-0.7226,1.5973,6.0595,2.2441,1.9417,-2.606,-0.7454,1.6943
-1.1897,0.2017,5.5332,0.8646,2.5777,0.5369,1.4701,-0.9044,1.5342,5.3294,1.7121,2.106,-2.1658,-0.865,1.67
-0.4824,-0.0993,5.5612,1.1019,2.6775,0.5658,1.5092,-0.993,1.7436,4.6721,1.8161,2.2363,-2.01,-0.8971,1.1048
-0.4282,-0.2002,5.9042,0.9463,2.5616,0.2797,1.6945,-1.0869,1.6858,4.9996,1.8321,1.8592,-1.9868,-0.8404,1.4824
-0.4363,-0.5226,5.0611,0.9314,2.5294,0.3943,1.8263,-1.2984,1.6873,4.6413,1.7707,2.0503,-1.8405,-0.7377,1.5808
-0.2345,-0.5447,5.2892,1.2436,2.3223,0.2725,1.773,-1.5613,2.1701,5.0345,1.7684,1.725,-2.0611,0.1907,1.2124
-0.5391,-0.6693,5.5388,1.3307,2.125,0.4203,1.9962,-1.8803,1.6862,5.0517,1.7853,1.6436,-2.0829,0.5323,1.3428
-0.6258,-0.3752,5.2299,1.4219,1.9309,0.5002,1.4914,-2.3827,1.5222,4.6107,1.733,1.8528,-1.6307,0.0686,1.3046
-0.5181,-0.5892,4.4243,1.1053,1.8124,0.423,1.1145,-2.4262,1.6535,4.218,1.5668,1.5356,-1.6122,0.5187,0.9895
-0.1321,-0.8893,5.105,1.0289,1.8594,0.2944,1.4317,-2.7402,2.1492,4.222,1.514,1.5114,-1.8103,0.9095,0.7907
-0.0355,-0.7089,4.8428,1.2611,1.8561,0.3444,1.0272,-2.8745,1.6947,4.4748,1.4415,1.3215,-1.4149,1.0066,0.9167
-0.1096,-0.6429,4.5218,1.231,1.8441,0.3191,1.0341,-3.0406,1.7568,4.5434,1.2705,1.5765,-1.7107,0.9447,0.4699
0.3059,-0.7633,4.2819,1.3215,1.267,0.1182,1.8072,-2.621,2.1816,4.1902,1.3268,1.0005,-1.589,1.2813,0.269
-0.0743,-0.7574,4.3563,1.36,1.2819,0.0521,1.3136,-2.4418,2.1182,3.9021,1.6052,0.5387,-1.4764,1.0503,0.6415
-0.5651,-0.6661,4.4432,1.3894,1.3971,0.2929,1.1737,-2.2358,2.4711,3.5657,1.6662,0.7028,-1.6211,0.6644,0.211
0.0216,-1.0383,4.8046,1.4683,1.6829,0.1144,1.0944,-2.1809,2.6695,2.9962,1.4533,1.3057,-1.5791,-0.1656,-0.0673
-0.2654,-0.7901,4.9626,1.6499,2.059,0.1178,1.0076,-2.2486,2.3159,3.9022,1.5115,0.8105,-2.0272,-0.0568,0.3842
-0.1691,-0.6758,4.7871,1.5077,2.1758,0.16,0.6927,-1.7159,2.7439,4.2419,1.6835,0.7103,-2.0211,-0.0126,0.2549
0.007,-0.609,4.6989,1.4334,2.0081,-0.0759,0.8166,-1.5126,2.8303,4.396,1.9768,1.106,-2.0916,-0.4612,-0.0551
0.1108,-0.4673,5.5662,1.258,2.0528,-0.1517,0.9146,-1.2254,2.6098,4.1483,1.9959,1.3455,-2.1343,-0.6802,0.0128
-0.1705,-0.4907,5.9008,1.308,1.9924,-0.0097,1.2637,-0.9883,1.4838,4.3139,2.1664,1.0933,-2.4935,-0.9503,0.0213
-0.1977,-0.275,5.6781,1.2748,2.3468,-0.1929,1.4807,-0.5267,2.0994,4.0948,2.3486,1.5011,-2.2895,-1.0291,0.787
-0.5413,-0.1236,6.2673,1.0495,2.2321,-0.0281,1.6789,-0.4764,1.6467,4.6275,2.3482,1.4885,-2.4309,-0.8836,1.1655
0.0804,-0.4928,6.2859,1.2686,2.5049,-0.1441,1.831,-0.5289,1.4991,4.1986,2.7039,1.7846,-2.2769,-0.9194,1.1198
-0.1969,-0.0937,6.2247,1.3192,2.6804,-0.0268,1.478,-0.9267,1.62,4.5685,2.7006,1.9922,-2.0207,-0.8336,1.001
-0.8078,-0.1083,5.8484,1.222,2.7011,0.2423,1.8707,-1.1911,1.3189,4.9818,2.4226,1.9024,-1.8069,-0.6938,1.1644
-0.4914,-0.28,5.9728,1.3282,2.6663,0.1763,1.7609,-1.2492,1.6035,4.3095,2.3378,1.8125,-1.8806,-0.7392,0.9216
-0.2698,-0.2515,5.5599,1.3514,2.6343,0.3764,1.8675,-1.3118,1.3754,4.6596,2.3313,1.9954,-1.6089,-0.8652,1.432
-0.2263,-0.2296,4.7458,1.304,2.6638,0.3302,2.2294,-1.4536,1.6873,4.5787,1.927,1.9877,-1.715,-0.4988,1.5851
-0.2692,-0.3397,4.9882,1.5824,2.6073,0.2943,1.8174,-1.3351,2.158,4.8191,1.8913,1.8255,-1.2361,-0.5751,1.5194
-0.319,-0.4526,5.7497,1.4927,2.4566,0.4542,2.3021,-1.3212,2.6265,4.8469,2.0183,1.34,-1.4808,-0.7476,1.477
-0.3248,-0.174,6.1831,1.3187,2.3249,0.2015,2.0598,-0.7982,2.2938,4.6386,1.949,1.491,-1.6483,-0.6812,1.6362
-0.6175,-0.1129,5.9216,1.4113,2.3008,0.4808,1.6024,-0.8586,1.5864,3.9455,1.8627,1.5871,-1.4725,-1.1266,1.3536
-0.4762,-0.0418,5.8044,1.3553,2.4423,0.3217,1.7763,-1.0328,1.4703,3.8405,1.8317,1.5263,-1.71,-0.8755,0.8322
-0.6632,-0.2573,6.1432,1.4367,2.5576,0.4754,1.5523,-1.01,1.1275,4.0286,1.7636,1.6952,-1.9998,-0.749,0.6625
-0.5072,-0.0129,5.9535,1.4942,2.5033,0.2545,1.7586,-1.0189,1.3662,3.968,1.9164,1.7346,-2.1584,-0.1303,0.5467
-0.5228,-0.5152,6.1584,1.5902,2.2632,0.2111,2.0959,-1.324,1.2018,3.8345,2.1035,1.6123,-2.0255,-0.1473,0.7002
-0.1624,-0.2592,6.0499,1.5799,2.1652,-0.0011,1.6973,-1.3026,1.2315,3.9752,2.5356,1.6169,-1.6696,0.229,0.8135
-0.8321,0.0614,5.7326,1.5358,2.2577,0.2384,1.7832,-1.8514,0.0129,4.3713,2.7147,2.0483,-2.0505,0.4458,1.4359
-0.714,-0.0029,4.9451,1.6006,2.4596,0.4155,1.243,-2.1815,0.3818,4.6969,2.3047,1.9698,-1.5881,1.1552,1.6081
-0.8311,-0.4364,4.667,1.5673,2.0904,0.4869,1.1165,-2.9222,0.8526,4.0749,1.7413,1.5437,-1.3697,0.9148,1.2592
-0.9999,-0.6213,4.0696,1.7438,1.9287,1.2764,1.8174,-3.4056,1.5434,4.0537,1.5896,1.698,-1.3608,1.1492,0.8476
-0.305,-0.9963,3.4968,2.0842,1.7152,0.7609,1.8552,-3.22,1.9626,4.0204,1.3922,1.3809,-0.8929,1.2477,0.02
-0.1726,-0.9181,3.7891,2.1805,1.6396,0.4022,1.8489,-3.3094,1.8215,4.0372,1.3858,1.0994,-0.7522,1.6131,-0.0796
-0.5047,-0.9829,3.7844,2.0157,1.5457,0.5031,1.7181,-3.6548,1.7916,3.7348,1.3392,0.9029,-0.8718,1.2268,-0.1631
-0.5724,-1.2797,3.5987,2.0277,1.8347,0.8584,1.6911,-3.8189,2.1512,3.7605,1.512,0.7357,-0.8755,1.342,-0.1498
-0.5184,-1.179,3.5422,2.1644,1.5769,1.0355,1.9534,-4.2259,1.8951,4.0092,1.4178,0.7143,-0.6216,1.239,-0.587
-0.5176,-1.2366,3.1561,2.118,1.559,0.9378,1.5392,-3.3705,2.6363,4.0233,1.1662,0.0985,-0.6832,1.3564,-0.1009
-0.4944,-1.3759,3.5254,2.0325,1.5507,0.8086,1.2748,-3.4028,3.2094,3.7636,0.9996,-0.3958,-1.0363,1.5089,-0.2462
-0.42,-1.104,3.7345,1.6728,1.7336,0.4198,1.567,-3.2367,3.3415,3.7865,0.9774,-0.3138,-1.4482,1.0516,-0.4697
-0.2769,-1.1469,4.4252,2.0115,1.668,0.0257,1.5348,-2.7101,3.28,3.4665,1.1981,-0.2537,-1.4214,0.8272,-0.4306
-0.5665,-0.9434,4.5555,1.7985,1.8609,0.2463,1.3578,-2.415,2.9029,3.6279,1.117,-0.0421,-1.4464,0.6877,-0.6234
-0.4979,-1.1267,5.1171,1.8986,2.0773,0.3193,1.7478,-2.334,2.4183,3.2401,1.6656,0.1876,-1.7833,-0.085,-0.3492
-0.4648,-0.8166,4.9551,1.8467,2.2977,0.2364,1.6341,-1.8376,2.5264,3.7676,1.7105,0.0338,-1.7014,-0.3794,-0.3516
-0.4623,-0.9703,4.887,1.8551,2.3699,0.0486,2.0922,-1.7197,2.3174,3.8823,1.7909,0.2418,-2.0089,-0.3882,-0.0826
-0.296,-0.9088,5.4346,1.8422,1.8168,0.0165,2.0034,-1.4906,2.0887,3.5593,1.8587,0.9202,-1.6852,-0.4989,-0.2121
-0.024,-0.7845,5.8807,1.7977,1.6619,-0.1675,1.7723,-1.2762,1.903,3.3602,1.945,0.9773,-1.9353,-0.6823,-0.0867
-0.4685,-0.3848,5.4843,1.822,1.9497,-0.0426,1.2433,-1.2655,1.5503,3.5227,2.1601,0.9095,-2.0057,-0.6757,0.3509
-0.1451,-0.5668,5.6244,1.7388,2.1791,0.0949,1.3127,-1.0721,2.3278,3.272,2.1348,1.1678,-1.5174,-1.1806,-0.2626
-0.1396,-0.5107,6.4368,1.7677,2.7669,-0.0513,1.5157,-1.2144,1.7347,3.6951,2.3135,0.9067,-1.7109,-1.4099,-0.243
-0.7136,-0.1617,5.8913,1.6664,2.6373,0.2624,1.9949,-1.1785,1.307,4.2887,2.2495,1.5343,-1.9603,-1.3634,-0.0295
-0.0354,-0.6257,5.9574,1.5564,2.6417,-0.0337,2.0299,-0.8012,0.7715,4.3275,2.2707,1.5538,-1.9866,-1.3174,0.3529
-0.6879,-0.3688,5.7932,1.7829,2.6728,0.0468,1.9997,-0.8653,0.6207,4.5245,2.2521,1.3727,-1.9299,-0.9423,0.669
-0.7657,-0.8237,5.536,2.0174,2.7151,0.0767,2.0771,-1.3239,0.7024,4.326,2.6634,1.4642,-1.954,-0.8086,0.6766
-0.4075,-1.13,5.605,2.1066,2.5055,-0.0995,2.0886,-1.4852,0.7776,4.6609,2.5391,1.1998,-1.6963,-0.354,1.1904
-0.3459,-0.5341,5.4511,1.6452,2.0457,-0.2447,2.3377,-1.6406,0.8905,4.9979,2.4165,1.4916,-1.5147,-0.3049,1.7595
-0.7101,-0.7367,4.8666,1.4829,2.0128,0.0353,1.7782,-2.4056,0.7817,4.572,1.7586,1.2213,-1.3251,0.4518,1.6302
-0.7832,-0.7638,3.8646,1.5929,2.2768,0.2148,1.592,-2.9463,1.1959,4.4465,1.4311,1.0283,-1.5575,1.012,1.0718
-0.5322,-1.1933,3.6694,1.7688,1.8507,0.0186,1.357,-2.7425,1.6445,4.4286,1.2962,0.7873,-1.43,1.2044,0.9043
-0.8766,-1.2265,3.9202,1.8549,1.5727,0.1434,1.4695,-2.833,2.0213,4.0217,1.1966,0.5205,-1.9381,1.5315,0.0549
-1.0245,-1.3286,3.5376,2.1969,1.8481,0.2314,1.6399,-3.0037,2.0226,3.8697,1.3664,0.0921,-1.6191,1.3829,-0.0116
-0.7862,-1.3617,3.9001,2.1377,2.0276,0.2527,0.4891,-2.9895,2.641,2.9574,1.1643,0.1995,-1.5164,1.0008,-0.6586
-0.6747,-1.2357,3.6556,2.3242,1.7956,-0.0243,0.9857,-2.6186,2.8851,3.4302,1.2427,0.0328,-1.3569,0.4765,-0.8834
-0.2648,-1.1741,3.9861,1.6252,1.8214,-0.2503,0.5849,-1.8894,3.279,3.265,1.0654,0.1737,-1.8614,0.1672,-0.8738
-0.4265,-1.4338,4.0286,1.997,2.0997,-0.4517,0.9976,-1.4113,3.3333,2.966,1.1533,0.0996,-2.2226,-0.2831,-1.3254
-0.2595,-1.3251,4.9853,2.4,2.12,-0.3211,0.9352,-0.6785,3.3776,2.5731,1.5454,0.4081,-2.4529,-0.918,-1.2373
-0.2704,-1.0836,5.8414,2.3207,2.5931,-0.4491,1.019,-0.1701,2.5985,2.6658,2.2553,0.8967,-2.4264,-2.1171,-0.9019
-1.025,-0.5073,5.959,2.0656,2.5075,-0.2589,1.0265,0.3169,1.9052,3.1366,2.5091,1.9706,-2.4904,-2.4674,-0.4421
-0.3756,-0.6234,6.4576,1.8758,2.575,-0.1541,0.2417,0.4337,1.3693,2.1962,2.7871,2.4932,-2.5678,-2.6465,-0.7249
-0.3311,-0.3049,6.3754,1.8038,3.103,-0.2063,0.5086,0.6128,0.907,2.6481,2.7021,2.1094,-3.1699,-2.2597,-0.6765
-0.6329,-0.2244,6.2865,1.892,3.1516,-0.1684,0.6388,0.6529,1.0811,2.7096,2.7194,2.1087,-3.6283,-2.0594,-0.6473
-0.6309,-0.5177,6.2713,1.8991,3.5967,-0.3382,0.7712,0.7972,0.9241,2.8434,2.6355,2.066,-3.7495,-2.5368,-0.3882
-0.6259,-0.4584,6.391,1.8476,3.4682,-0.262,1.3175,1.2875,1.5777,3.3354,2.5312,1.6308,-3.6827,-2.3501,-0.1382
-0.5894,-0.6071,6.8598,1.6702,3.4491,-0.4606,1.5332,1.411,1.2725,3.6317,2.7137,1.7149,-3.6003,-2.96,0.5156
-0.7823,-0.433,6.8257,1.9013,3.3733,0.0461,1.4412,1.422,0.9468,3.9132,2.9983,1.4054,-3.4477,-3.1816,0.7334
-0.8153,-0.8869,7.2513,1.9778,3.4102,0.2327,1.0639,1.3382,0.8445,3.774,3.5934,0.9488,-3.1124,-3.1795,1.0701
-0.5353,-0.1875,7.4367,1.9961,3.1695,0.1862,1.8957,0.8944,0.6672,4.4203,3.4676,1.6387,-3.0061,-3.0514,1.5776
-0.6316,-0.3865,7.3889,2.9631,3.3512,0.1005,1.785,0.6752,0.2096,4.5909,3.8571,1.9108,-2.7309,-2.3869,1.8211
-0.7371,0.1619,7.1717,2.1061,3.3062,-0.2279,1.3218,0.2638,-0.1886,5.2831,3.6577,2.358,-2.338,-2.058,2.6296
-0.827,-0.0016,6.7518,1.8156,2.9196,0.1633,1.4269,-0.5698,-0.4261,4.926,2.9965,3.0227,-2.2396,-1.7216,1.7411
0.1785,0.143,6.3786,1.9762,2.844,-0.2397,1.7909,-0.5294,0.0394,5.0252,2.605,2.8463,-2.3836,-0.6281,2.0104
-0.3433,0.0662,6.3601,1.8726,2.6998,-0.044,1.6188,-0.9788,0.4559,5.7461,2.3235,2.5198,-2.1173,0.0654,2.1734
-0.4499,-0.1196,5.6663,1.7621,2.3589,0.019,2.1299,-1.3731,0.2874,5.4005,2.1747,2.2849,-1.7628,0.3491,2.4529
-0.4259,-0.4292,5.0945,1.7569,2.3241,0.1866,2.0072,-2.089,0.1938,5.178,2.0247,2.2147,-1.4438,0.4852,2.4131
-0.3873,-0.5187,4.4901,1.8232,2.5487,0.0252,1.7511,-2.3577,0.9125,4.9968,1.7757,1.852,-1.1301,1.1957,2.5299
-0.048,-0.2827,4.5536,1.9097,2.2485,-0.1407,1.2488,-2.8148,1.1229,5.3042,1.4309,1.7911,-1.0503,1.1554,1.9433
-0.3905,-0.6108,4.3195,1.9042,1.9676,-0.0726,1.6155,-2.6704,1.1968,4.5442,1.1779,1.171,-0.8665,1.2833,1.5343
-0.3908,-0.7482,4.1287,2.135,1.7174,-0.1201,1.2603,-2.8777,1.4576,3.954,1.1612,0.7938,-1.1699,1.5195,0.8695
-0.4853,-1.2138,3.9908,1.978,1.3294,0.045,0.7931,-2.8871,1.5929,3.39,0.6141,0.6608,-1.0306,1.3758,0.0421
-0.8118,-1.4002,3.7354,2.5283,1.9341,0.1863,0.5463,-2.9509,1.9615,3.5418,0.751,0.2961,-1.5531,1.3079,-0.2676
-0.4846,-1.4373,3.6746,2.5787,1.9738,0.2923,0.1985,-2.9742,2.8344,3.2195,0.6346,0.5788,-1.5769,1.0993,-0.7468
-0.6616,-1.2879,3.8285,2.6045,2.3693,0.3155,0.331,-2.3141,2.3146,3.6632,0.6662,0.1681,-1.865,0.8856,-0.9763
-0.8598,-1.2911,4.1351,2.4111,1.8552,0.3914,0.5383,-2.4462,2.4805,3.6273,0.8656,-0.0895,-2.0171,0.5127,-1.0097
-0.7208,-1.3436,3.846,2.6179,2.0647,0.273,0.6328,-2.1181,2.5819,3.6887,1.1077,0.1616,-1.7698,1.0083,-0.5159
-0.7415,-1.2065,4.1608,2.5176,2.1688,0.0894,1.0254,-2.3963,2.0059,3.5193,1.2438,0.4567,-1.7972,0.056,-0.5872
-0.4889,-0.9818,3.719,2.5827,2.2299,-0.138,0.8151,-2.019,2.7913,3.3681,1.4235,0.5421,-1.6045,0.1049,-1.2295
-0.6144,-1.0107,4.18,2.4259,2.2546,0.0438,0.8608,-2.0472,2.3195,3.4241,1.3163,0.7485,-1.6257,-0.5986,-0.9944
-0.7846,-0.9696,4.1497,2.3904,2.4537,0.2066,0.6109,-1.6017,2.5054,3.4408,1.3632,0.6971,-1.7635,-0.5844,-0.8338
-0.3178,-1.199,4.6808,2.0524,2.4703,0.1498,1.0331,-1.7811,2.1887,4.3425,1.357,0.9254,-2.1313,-0.7534,-0.2945
-0.6227,-0.6253,4.2894,1.9399,2.4836,0.4079,1.1737,-1.2301,2.0179,4.251,0.9972,1.0744,-2.0645,-0.6512,-0.518
-0.4285,-1.0528,4.4936,2.1082,2.4048,0.3881,0.9988,-1.0084,1.8509,3.8759,1.1517,1.7287,-2.1631,-0.7989,-0.5584
-0.2103,-1.0775,5.0112,2.5586,2.7235,0.3558,0.8994,-1.0538,2.188,3.7811,1.5864,1.1525,-2.0236,-0.9413,-0.1851
-0.2172,-0.6518,5.0288,2.4054,2.5985,0.2732,0.1797,-1.2559,1.6014,3.8098,1.7086,0.6914,-2.0264,-1.2749,0.486
-0.4554,-0.7842,4.5694,2.3062,2.7839,0.2648,0.5269,-1.1761,0.8383,4.1902,1.7576,0.8898,-2.1709,-0.8919,0.3841
-0.7271,-0.6961,4.1472,2.1901,2.6739,0.313,0.525,-1.217,1.3011,4.4846,1.5738,1.4671,-2.2332,-0.8781,0.2283
-0.5541,-0.7856,4.3101,1.8433,2.4682,0.1622,0.5752,-1.0981,1.7075,4.0892,1.444,1.3709,-2.3599,-0.8406,0.0646
-0.5086,-0.5558,4.7107,2.0383,2.3978,0.1705,0.8797,-0.9809,2.2875,3.9231,1.6465,1.3442,-2.3266,-0.9285,-0.3044
-0.4797,-1.1069,5.019,2.0257,2.8245,0.1201,0.9828,-1.0552,1.4312,3.3697,1.4185,1.4152,-2.1984,-1.3823,-0.9144
-0.3878,-1.1009,5.0961,2.3383,2.8268,-0.1993,1.1476,-0.6465,1.7439,3.5014,1.4386,1.5257,-2.439,-1.6947,-1.0031
-0.6677,-1.0011,5.4613,2.2867,2.6593,-0.055,0.912,-0.0002,1.686,3.4659,1.706,1.3789,-2.6554,-1.7871,-0.5454
-0.7484,-0.6498,5.846,2.151,3.1239,0.1898,1.2035,-0.0118,1.4832,3.3789,1.842,1.7026,-2.945,-1.7543,-0.7757
-0.6247,-0.8812,5.7826,2.0975,3.0567,0.1243,1.5586,-0.0773,1.5522,3.3955,1.9029,1.7484,-3.0247,-2.1038,-0.7734
-0.6051,-0.8647,5.5704,1.9495,3.3377,0.475,1.5084,-0.0104,0.4012,3.643,2.0397,1.7492,-2.4853,-2.2526,-0.2304
-0.5419,-0.6076,5.7365,1.8108,3.3554,0.3562,1.4641,-0.4709,0.5592,4.1872,1.9715,1.955,-2.3221,-1.8683,-0.0305
-0.8951,-0.5361,5.4491,1.9729,3.2877,0.6531,1.3221,-0.459,0.1585,4.4272,1.9153,1.8742,-2.4838,-1.642,0.5933
-0.5332,-0.5648,5.2756,1.9172,2.9622,0.2344,1.3462,-0.4158,0.6119,3.6769,2.0632,2.1669,-2.4609,-1.8614,0.3092
-0.1787,-0.4621,5.5066,1.9164,2.986,0.1091,1.5853,-0.9301,0.8467,3.5892,1.81,2.3868,-2.4951,-1.7481,0.023
-1.0099,-0.4921,5.2798,1.9189,2.9712,0.7078,1.6409,-0.8913,0.6985,4.1601,1.9999,2.1944,-2.5953,-1.4768,0.1083
-1.0587,-0.5598,5.1373,1.9557,2.6577,0.8015,1.6868,-1.2083,0.972,3.8207,1.7813,2.2462,-2.3763,-1.0154,0.3357
-0.5861,-0.6712,4.444,2.0827,2.8358,0.6397,1.7064,-1.4643,0.9312,3.4237,1.6457,2.5766,-2.2564,-0.9812,-0.0248
-0.1127,-0.6523,4.448,2.0967,2.746,0.302,1.8665,-1.3783,1.4019,3.9828,1.3203,2.1844,-2.1675,-0.8467,-0.0203
-0.4036,-0.605,4.1124,1.9622,2.4869,0.3224,1.6004,-1.4551,1.869,4.5159,0.9618,1.9911,-2.3742,-0.5643,0.1088
-0.4083,-1.1255,4.3068,1.8959,2.32,0.2775,1.7495,-1.2385,1.9611,4.1785,0.6683,1.5338,-2.6471,-0.39,0.2546
-0.3957,-1.0451,4.9475,2.3773,2.2404,0.439,1.6822,-1.2587,2.1271,3.8428,1.139,1.1333,-2.8591,-0.4388,0.0629
-0.1558,-1.1311,5.3539,2.5761,2.1309,0.3145,1.1279,-0.9421,1.5844,3.7396,1.4536,1.0474,-2.3895,-0.651,-0.1888
-0.6538,-0.9741,5.6861,2.7506,2.5569,0.5598,1.2415,-1.1747,1.363,3.8878,2.0323,1.4069,-2.6981,-0.9496,0.3596
-0.4081,-0.7134,5.7371,2.3738,2.6096,0.4125,0.9412,-1.6263,1.0551,3.9272,2.0332,2.0196,-2.5554,-1.1686,0.5379
-0.5271,-0.6353,5.9677,2.0916,2.797,0.4734,1.0803,-1.5553,0.5672,4.643,2.1169,2.0212,-2.3978,-0.813,0.6864
-0.3388,-0.6185,5.4404,2.0985,2.4159,0.3495,0.8855,-1.6293,-0.5998,4.7365,1.9727,1.9863,-2.62,-0.5403,0.6397
-0.3641,-0.4627,4.8646,1.8363,2.4915,0.2033,1.002,-1.665,1.0749,4.633,1.6347,1.8928,-2.4616,0.0708,0.321
-0.3837,-0.5718,4.3947,1.8128,2.8048,0.2971,1.1678,-1.6687,1.0513,4.166,1.2934,1.6289,-2.6724,0.0667,-0.4867
-0.3184,-1.1662,5.1967,2.0122,2.4731,0.1388,1.42,-1.5016,1.744,4.3599,1.3195,1.3086,-2.5808,-0.3443,-0.3402
-1.4328,-0.9643,4.3527,2.1863,2.558,0.3515,1.1598,-1.0442,1.1615,4.677,1.3485,1.1991,-2.3313,-0.3517,-0.3987
-0.6371,-1.1251,4.7891,2.3204,2.6619,0.4918,1.1927,-1.3093,1.4156,3.5926,1.2641,1.3796,-1.9019,-0.7053,-0.75
-0.0038,-0.928,4.7949,2.1351,2.5744,0.1225,1.2723,-1.6461,0.9991,4.1854,1.2907,1.104,-1.8378,-1.4719,-0.9932
-0.4047,-0.7986,4.65,1.9535,2.4503,0.1691,1.1026,-1.007,1.6792,4.3315,1.2569,0.9618,-1.7988,-1.1861,-0.7273
-0.3388,-0.8632,5.1614,2.0798,2.349,0.0437,1.1599,-0.7742,1.936,3.9308,1.2755,1.2123,-2.2568,-1.6633,-0.8018
-0.4037,-0.9539,5.5161,2.1499,2.4935,0.1227,1.5537,-0.5468,1.6274,3.9856,1.408,0.994,-2.3762,-1.9718,-0.4676
-0.8423,-0.9396,5.7008,1.7732,2.812,0.2756,1.2821,-0.2279,1.3027,4.8787,1.1494,0.8226,-2.4989,-2.2203,0.1333
-0.6185,-1.0406,6.1312,2.0531,2.9787,0.2797,1.5859,0.091,1.6301,4.5113,1.4551,1.8111,-2.9089,-2.1512,-0.1234
-1.5856,-0.8426,6.1192,2.0479,2.7722,0.8195,1.2936,0.0914,0.8745,4.4528,1.7837,1.5747,-2.9615,-2.471,0.2842
-0.9992,-1.1325,6.0573,2.0358,2.6413,0.6606,1.2639,0.2145,1.2856,3.7748,1.9316,1.5535,-3.0661,-2.7164,0.0186
-0.9607,-0.9234,6.2876,2.0577,2.674,0.8495,0.6545,-0.0567,0.9997,3.9447,2.0356,1.8106,-2.7848,-2.8636,-0.0291
-0.7375,-0.4176,5.9854,1.8298,2.8322,0.7237,0.8963,0.0798,0.3021,4.022,1.938,2.4083,-3.3505,-2.4391,-1.0955
-0.5961,-0.5195,6.0264,1.7591,3.0727,0.5243,0.9754,0.0076,0.2579,4.1352,2.0449,2.1205,-3.6377,-2.4102,-0.7479
-0.1624,-0.4436,6.2111,1.5814,3.4322,0.3712,1.1413,-0.1307,0.2014,4.0503,2.1113,2.4476,-3.5566,-2.2049,-0.4211
-0.4656,-0.3182,6.2195,1.7009,3.7738,0.2638,0.998,-0.1492,0.2565,4.8458,2.0919,2.0418,-4.1893,-1.8351,-0.1303
-1.2011,-0.201,5.6632,1.755,3.5969,0.5629,1.0785,-0.2862,0.2219,5.2341,1.7694,2.4196,-3.637,-1.8263,0.1792
-0.7261,-0.8063,5.4347,1.8282,3.3713,0.5235,1.528,-0.0068,-0.1234,5.1106,1.725,2.8453,-3.4723,-1.7777,0.2103
-0.6121,-0.8726,6.0636,1.8719,3.3973,0.2031,1.9131,-0.123,0.2563,4.9607,1.73,2.5189,-3.3329,-1.5826,0.6903
-0.883,-0.7457,5.6274,1.6711,3.6491,0.4885,1.9314,-0.4589,0.4215,5.4818,1.5512,2.5722,-2.847,-1.5549,0.5522
-0.7014,-0.6917,5.6665,1.7126,3.2019,0.3698,1.9786,-0.5511,0.3327,5.6948,1.749,2.3328,-2.6323,-1.4177,0.9667
-0.1129,-0.5454,5.7999,1.5631,3.0995,0.0696,1.8535,-0.8415,0.5714,5.3212,1.5767,2.1222,-2.1472,-1.2899,0.9391
-0.8353,-0.4192,5.5043,1.7218,3.2595,0.1954,1.6986,-0.8891,0.5774,5.5474,1.57,1.9081,-2.6241,-1.0386,1.0148
-1.4135,-0.595,5.1303,1.7655,3.246,0.8254,1.7264,-1.0928,0.6427,5.3321,1.4452,1.8785,-2.3376,-1.0229,1.281
-1.293,-0.9278,4.6875,1.9424,3.1619,0.9374,1.679,-1.2546,0.8723,4.8997,1.0877,2.003,-2.1466,-1.1019,1.0255
-0.7381,-0.8691,4.6263,1.8882,2.8604,0.5307,2.2334,-1.1444,0.933,4.9424,0.942,2.2069,-2.3692,-0.6969,0.7951
-0.3317,-0.8961,4.5813,1.9807,2.5832,0.2382,1.8098,-1.1073,0.9725,4.7053,0.9332,2.031,-2.0648,-0.7951,0.7819
-0.9123,-0.9766,4.7661,2.2487,2.5182,0.2529,1.6935,-1.4404,1.2998,4.8665,1.0868,1.6465,-2.4842,-0.7147,0.9671
-0.6809,-1.0369,4.5029,2.2859,2.423,0.0663,1.6666,-1.1926,1.0967,4.7269,1.0108,1.8786,-2.5113,-0.6821,0.9625
-0.664,-0.8978,4.5148,2.2041,2.7501,-0.0561,1.3772,-1.1406,1.4354,4.3157,0.7923,1.903,-1.9845,-0.7637,0.2776
-0.7112,-0.9674,4.6161,2.1161,2.7308,-0.3838,1.2131,-1.0707,0.9731,4.8668,0.5787,1.8498,-1.8633,-0.9645,-0.409
-0.5157,-0.9432,4.7636,2.0102,2.6492,-0.2822,1.239,-0.8035,1.1226,4.5267,0.3939,2.0267,-2.0105,-0.7974,-0.116
-0.5028,-1.1329,5.3331,2.2175,2.6078,-0.3174,0.9515,-0.8675,1.1027,4.7869,0.7397,1.7474,-2.1791,-0.7252,-0.235
-0.5572,-0.7327,5.2848,2.072,2.5321,-0.2902,1.1282,-0.7796,0.9492,4.3902,1.043,1.7057,-2.3146,-0.9938,-0.2467
-0.6307,-0.8869,5.4621,2.0226,2.9323,-0.3159,1.0733,-0.7132,1.2828,4.0619,1.1796,1.8373,-2.6056,-0.9108,0.1533
-0.4483,-1.0551,5.4628,2.1203,2.8077,-0.1901,1.7765,-0.6285,0.8707,4.2771,1.0148,1.8216,-2.3249,-1.1905,0.2736
-0.3687,-0.7491,5.3668,1.9392,3.025,-0.0212,2.4367,-0.4088,1.0434,4.4295,1.1374,2.4909,-2.3732,-0.9831,0.3964
-0.4752,-1.1726,5.6575,1.942,2.9045,0.0075,2.1674,-0.4138,1.1347,4.5992,0.7968,2.329,-1.8969,-0.7587,0.497
-0.3762,-1.1271,5.3911,1.8738,2.9521,0.044,2.1719,-0.5698,0.7832,4.6292,0.9477,2.2063,-1.7488,-0.6299,0.5922
-0.483,-1.0385,5.5878,1.914,2.9001,0.2254,1.4013,-0.8761,0.6317,4.6787,1.1446,2.0642,-1.5576,-0.8733,0.7352
-0.5774,-0.8366,5.1072,1.925,2.8784,0.1071,1.43,-1.0198,0.3588,5.081,1.1447,1.9462,-1.801,-0.4249,0.6916
-0.7504,-1.0663,4.5885,2.014,3.3862,0.2491,1.6079,-1.1977,0.6936,4.9501,1.0021,1.7334,-1.9355,-0.0408,0.5554
-0.5933,-1.1837,4.5714,2.2829,3.4905,0.1163,1.3347,-1.4523,1.6837,5.3227,0.815,1.9863,-2.1338,-0.0417,0.666
-0.5348,-1.4502,4.0408,2.0294,3.0544,0.0507,1.5865,-1.5889,1.0534,5.5074,0.694,1.7415,-1.9065,-0.2604,0.511
-0.8283,-1.5418,3.8421,2.2271,2.8068,0.2012,1.8286,-1.6783,1.3078,5.2589,0.5864,1.6941,-1.9541,-0.1059,0.3176
-0.7507,-1.6814,4.6053,2.1462,2.3081,0.1514,1.6974,-1.3934,1.9472,4.845,0.5342,1.7012,-1.6296,-0.1837,0.3532
-0.6666,-1.5838,4.6844,2.1623,2.5377,0.104,1.3914,-1.4664,1.4133,4.5422,0.7062,1.645,-1.7425,-0.1356,0.6034
-0.6737,-1.4488,4.8158,1.8233,2.7036,0.1663,1.2816,-1.5034,1.353,4.8332,0.5274,1.3793,-2.0362,0.0375,0.2248
-0.4766,-1.6178,5.0232,1.9934,2.6979,0.2192,1.15,-1.6103,0.6959,4.6964,0.6852,1.2845,-1.9101,0.0374,-0.4439
-0.1798,-1.2235,4.7757,2.0431,2.7592,-0.0103,1.179,-1.3952,1.2645,4.6232,0.7295,1.1048,-2.2039,-0.026,-0.5077
-0.9864,-1.1183,4.673,2.0347,2.733,0.0801,1.4925,-1.1611,1.1815,4.6684,0.832,1.109,-2.5225,-0.066,-0.3537
-1.098,-1.235,4.4548,2.0343,2.7588,0.0771,1.9933,-1.1603,1.2972,4.5393,0.7908,1.19,-2.2655,-0.1235,0.1854
-1.1676,-1.0087,4.5774,2.1232,2.6266,0.2164,2.1026,-1.2775,1.1824,4.1016,0.4708,1.3593,-1.993,-0.0256,-0.0399
-0.648,-1.3132,4.4853,2.1996,2.824,-0.2437,2.2563,-0.9685,1.3993,3.6659,0.5876,1.2806,-2.3219,-0.3294,-0.1328
-0.816,-1.2502,4.4993,2.1768,2.7821,-0.0346,2.556,-0.6017,1.7444,4.0663,0.6652,1.4818,-2.4511,-0.2084,-0.3616
-0.5024,-1.2829,5.0334,2.237,2.9061,-0.0721,1.8518,-0.6669,1.6803,3.8959,0.6042,1.2847,-2.2846,-0.3362,-1.2118
-1.1072,-1.1836,4.8629,2.2899,2.9642,0.2094,1.721,-0.9169,1.132,3.9457,0.6867,1.374,-2.1693,-0.3452,-0.9481
-0.7387,-1.1573,4.8789,1.996,2.8735,0.1338,1.508,-0.8338,1.4416,3.4933,0.8321,1.3902,-2.1439,-0.7164,-1.0688
-0.3522,-1.2635,4.8656,2.0728,3.0436,0.0235,2.3953,-0.6846,1.617,3.7529,0.661,1.4821,-2.3967,-0.8931,-1.0647
-0.2228,-1.1345,5.5165,2.0054,2.8428,-0.1375,2.7015,-0.3623,0.8856,4.1345,0.8171,1.2763,-2.4662,-1.0779,-0.734
-0.6917,-0.9828,5.6436,1.892,2.2966,0.0696,2.3872,-0.4158,0.8535,4.0017,1.0328,1.7526,-2.3193,-1.4425,-0.2411
-0.0664,-0.9056,5.6406,1.7864,2.7902,-0.0463,2.0263,-0.1217,1.0463,3.3508,1.2384,1.7117,-2.4799,-1.0294,-0.0618
-0.3506,-0.5175,5.7836,1.8212,3.1295,-0.0438,1.938,-0.0741,0.8328,3.8727,1.0882,1.2817,-2.3573,-0.3511,-0.2725
-0.6677,-0.6873,5.9439,2.0925,3.3385,0.2329,2.2655,-0.6693,0.0363,4.116,1.3141,1.5368,-2.3796,-0.7427,-0.0993
-0.6508,-0.6948,5.2703,1.8538,3.4566,0.1597,2.0447,-0.6261,0.2559,4.3333,1.3252,1.8504,-2.3653,-0.777,-0.4319
-0.258,-0.5745,5.516,1.8981,3.2248,-0.0172,2.0645,-0.8678,0.7963,4.2312,1.7121,2.0525,-2.1188,-0.6426,0.2508
-0.7753,-0.5623,5.3561,1.8671,2.9965,0.0646,1.8608,-1.0565,1.3713,4.0993,1.2938,2.3565,-2.0635,-0.72,-0.0052
-0.4719,-0.799,5.2246,1.738,2.431,0.2095,1.9349,-1.047,0.8135,3.9409,1.1325,2.1895,-1.7508,-0.1441,0.1975
-0.4443,-0.6307,5.2864,1.9618,2.6224,0.1941,2.0119,-1.2742,1.0018,3.7965,1.1617,1.8246,-1.8816,-0.1812,0.2084
-0.6335,-0.7942,4.8467,2.1266,2.7083,0.3329,1.6319,-1.4939,1.4637,3.9127,1.0647,2.0982,-2.3597,0.0523,0.0121
-0.6646,-1.0967,4.5766,1.9515,2.7825,0.3771,1.7971,-1.5071,0.9009,4.0673,0.9209,1.7429,-2.2919,0.1448,-0.1181
-0.9022,-1.155,4.8029,2.0808,2.9311,0.556,1.8251,-1.4525,1.0857,3.7978,0.7246,1.9285,-2.445,0.2515,-0.3548
-0.6425,-1.1605,4.7294,2.1922,3.1965,0.5218,1.887,-1.161,1.0136,3.6433,0.7232,2.0161,-2.3037,0.0904,-0.4894
-0.2033,-1.1965,4.6007,2.2606,3.2733,0.3194,2.6178,-1.2579,1.5515,4.3179,0.8474,1.4642,-2.2621,0.0935,-0.1616
-0.4718,-0.8965,4.7405,2.2879,2.9345,0.3044,2.4891,-1.1289,1.5701,4.8947,0.8876,1.265,-1.8857,-0.1102,0.0865
-0.4044,-1.1007,4.9597,2.2114,3.0369,0.1945,2.2039,-0.8244,1.7186,4.4263,1.0054,1.3994,-1.5539,-0.0194,-0.0529
-0.7315,-1.1423,5.2634,2.2208,3.5134,0.4224,2.0914,-1.0541,1.1978,4.705,1.2598,1.1532,-1.8748,-0.2125,0.0148
-0.5585,-1.1302,5.0163,2.12,3.4511,0.3756,2.3459,-1.3717,0.7438,4.7669,0.3232,1.8941,-2.0306,-0.3258,-0.0514
-0.5799,-1.3886,4.4827,2.3932,3.1865,0.297,2.3265,-0.8353,0.904,4.8182,0.5762,1.6596,-1.984,0.1591,0.0751
-0.4801,-1.4976,4.7428,2.5285,2.9451,0.5393,2.3386,-0.979,1.4471,4.3883,0.5972,1.6691,-2.1329,-0.5291,0.2019
-0.6607,-1.156,4.5704,2.35,2.7582,0.457,2.3278,-0.8061,1.2117,4.2724,0.9705,1.3619,-2.302,-0.295,0.6251
