x0,x1,x2,x3,x4,x5,x6,x7,x8,x9,x10,x11,x12,x13,x14
0.3523,0.7652,1.5711,0.1101,0.7,-0.3972,0.2576,1.1768,-1.134,-0.161,0.8323,0.0977,-0.7921,-1.3931,0.1692
0.1828,0.8978,1.3486,-0.0315,0.4228,-0.2274,0.3531,0.7533,-1.1822,0.068,0.8287,0.5064,-0.5134,-1.4129,1.0304
0.2827,1.0904,0.7261,-0.516,0.4595,-0.4728,0.4072,0.708,-1.231,0.0569,1.3142,0.9225,-0.4393,-0.7544,1.7095
0.3983,1.0136,0.6872,-0.3736,0.3418,-0.2502,0.2578,0.0824,-1.0292,0.0153,0.7962,1.5304,-0.2192,-1.071,1.5657
0.5213,0.5931,0.7489,-0.4291,0.3383,-0.1999,0.1733,0.2313,-0.7831,0.1372,0.1467,1.405,0.0555,-0.8391,1.4842
0.4648,0.3557,0.2579,-0.1244,0.2724,-0.1544,-0.0022,0.0851,-0.6502,0.0441,-0.0257,0.8824,0.1589,-0.8438,1.5239
0.1591,-0.0215,0.0394,0.0216,0.1676,-0.196,0.068,0.2502,-0.6142,0.2781,-0.2315,0.562,0.0432,-0.7107,1.2995
0.0975,0.323,0.1847,0.1313,0.2307,0.0166,0.0467,0.1005,-0.5202,0.3908,-0.2513,0.1492,-0.0432,-0.7889,1.3108
0.2073,0.1384,-0.1527,-0.0008,0.0718,0.0334,0.2239,0.167,-0.1451,0.2234,-0.4817,-0.1228,0.019,-0.8479,1.1996
0.3771,0.3312,0.608,0.0556,-0.0793,-0.1622,0.1214,0.4312,0.3744,-0.1787,-0.1286,-0.1677,-0.0819,-0.8058,0.6446
0.1896,0.5508,1.2842,0.0328,-0.1571,-0.0483,-0.2038,0.2654,-0.1007,-0.5292,0.037,-0.2375,-0.0678,-1.0994,0.3311
0.1399,0.5801,1.1551,0.1648,0.1402,0.206,-0.2581,0.235,-0.346,-0.5865,0.1605,-0.259,-0.2727,-1.6926,-0.2619
0.2853,0.6317,0.8403,1.15,0.3554,0.246,-0.1047,0.4876,-0.5212,-0.4813,0.6746,-0.1044,-0.4632,-1.4929,0.362
0.3526,0.6783,0.768,0.7781,0.2799,0.1939,-0.2272,0.6292,-0.5406,-0.5453,0.8553,0.1786,-0.313,-1.768,0.3614
0.3102,0.8941,0.4982,0.2258,0.1601,-0.1609,-0.0114,0.6648,-0.234,-0.4252,0.8117,0.8598,-0.2413,-1.5822,1.1853
0.392,0.9728,0.5467,0.2378,0.3531,-0.1122,-0.0653,0.4443,-0.5316,-0.316,0.3937,0.9926,-0.0614,-1.2198,0.6101
0.1478,1.1386,0.4003,-0.1611,0.3047,0.3137,-0.0031,0.2368,-0.013,-0.4933,0.3724,0.556,-0.1123,-1.1075,0.6782
0.3297,0.9358,0.0589,-0.1406,0.4292,-0.1237,0.2941,0.3413,-0.123,-0.4583,-0.028,0.7284,-0.1685,-1.1607,0.5417
0.2501,1.0781,0.4535,-0.4559,0.2077,-0.1726,0.2773,0.3967,0.0915,-0.7691,-0.522,0.484,0.1517,-1.1546,-0.0692
0.2864,0.473,0.0806,-0.1581,0.3874,-0.0418,0.3594,0.6954,0.0264,-0.8245,-0.566,0.1378,0.0792,-1.3627,-0.1691
0.2924,-0.1403,0.8883,0.2054,0.5325,-0.3286,0.4045,1.083,0.3713,-0.5624,-0.4889,-0.3277,0.0343,-0.8595,0.2405
0.3326,0.0725,1.111,0.2865,0.5652,-0.3396,0.2238,1.3106,1.2508,-0.3089,0.1213,-0.9448,-0.0454,-1.486,0.2982
0.3207,0.3972,1.6271,1.379,0.6447,-0.3565,0.3373,1.2088,0.1773,-0.2665,0.7651,-0.445,-0.1454,-1.8917,0.562
0.3259,0.6984,2.1916,0.5831,0.7961,-0.0827,0.3613,1.2931,-0.367,0.0781,1.3036,0.439,-0.095,-2.126,0.8791
0.2362,1.0228,2.307,0.1418,0.8755,0.0353,0.1624,0.9814,-1.2838,0.3856,1.5083,0.5555,-0.044,-1.845,1.6906
0.3906,0.7729,1.5509,0.1874,1.0624,-0.1013,0.3347,0.7154,-1.5629,0.8482,1.5222,1.1033,0.0798,-1.0628,2.2737
0.3792,0.8478,1.1499,-0.289,0.8,0.2874,0.3057,0.006,-1.6258,1.16,0.9011,1.3955,0.1722,-0.7017,2.225
0.5043,0.7694,0.9175,-0.1903,0.5678,0.4358,0.2898,-0.3785,-1.2206,0.9715,0.823,1.2307,0.4652,0.0466,1.9956
0.5597,0.8507,0.8573,0.0401,0.4943,0.6328,0.3093,-0.9519,-1.3737,0.6981,0.9835,1.322,0.6821,0.6307,1.7142
0.5085,0.3925,0.3083,-0.0412,0.45,0.7759,0.3451,-1.8065,-1.5407,0.9062,0.8176,1.0772,0.9883,1.5555,2.1872
0.5216,1.0777,-0.6269,-0.6684,0.1817,0.3819,0.2269,-2.396,-0.9831,1.5407,0.2131,0.8645,1.2572,1.6192,2.0806
0.6124,0.3857,-1.1031,-0.326,-0.0827,0.354,0.2694,-2.7515,-0.6219,1.2486,-0.2726,0.7206,1.3207,3.176,1.4292
0.5634,0.3188,-1.5699,0.0961,-0.541,0.3972,0.237,-3.7,-0.4938,0.8292,-0.3609,0.1583,1.596,3.3095,1.0
0.5698,0.4146,-2.3083,0.0127,-0.5679,0.4431,-0.0065,-3.9857,0.1698,0.2875,-0.9513,-0.3576,1.7441,3.7426,0.8242
0.7865,0.2892,-2.8329,0.2909,-0.5871,0.1318,-0.1634,-3.9254,0.8118,0.193,-1.1728,-0.8295,1.8229,3.9527,-0.2131
0.693,-0.4802,-2.7376,0.6759,-0.8269,0.1856,-0.1287,-3.7148,1.6179,-0.3923,-1.2339,-1.2375,1.6908,3.1687,-0.7337
0.6484,-0.3224,-2.67,0.5667,-0.8598,0.1509,-0.3025,-2.9482,1.9839,-0.7024,-1.3159,-1.4457,1.6409,2.7236,-1.3255
0.6329,-0.2609,-2.5899,0.4134,-0.8543,0.28,0.244,-2.3251,2.1152,-0.6724,-1.3874,-1.1791,1.3565,2.2688,-1.8632
0.4375,-0.0747,-2.3437,0.3228,-0.7753,0.0583,-0.0567,-1.9045,2.2887,-0.9365,-1.4373,-1.459,1.2003,1.3311,-1.3298
0.4905,-0.1841,-1.3429,0.4971,-0.8672,0.3117,-0.062,-1.2028,2.226,-1.1147,-1.2112,-1.2245,0.984,0.8912,-1.6561
0.6014,-0.3626,-0.565,0.8633,-0.6338,0.3115,-0.1192,-0.7744,1.8406,-1.5316,-0.4132,-1.7222,0.8126,0.2886,-1.589
0.4792,0.2232,0.0617,0.8437,-0.1338,0.418,-0.2862,-0.2566,1.4506,-1.3149,0.0793,-1.5387,0.5532,-0.1739,-1.3824
0.6556,0.2992,0.5226,0.8531,0.1871,0.2602,-0.2422,0.2711,1.2131,-1.0936,0.6248,-0.7892,0.2397,-0.8761,-0.6317
0.4884,0.3939,1.2348,0.6644,0.042,-0.6556,-0.1655,1.1981,0.8635,-0.7221,0.9885,-0.5246,-0.4705,-1.3832,-0.4839
0.1618,0.8541,1.656,0.34,0.1202,0.0115,-0.0109,1.2602,0.3104,-0.8332,1.1282,-0.2445,-0.4028,-1.8547,-0.5145
0.2645,1.0592,1.7457,0.4232,0.494,0.3934,-0.0643,1.3419,0.0914,-0.8481,1.7037,0.467,-0.2678,-1.756,0.0797
0.3289,1.1642,1.7388,0.0948,0.8244,0.4086,-0.1167,0.8807,-0.6483,-0.3155,1.6802,0.2141,-0.1535,-1.8044,0.3063
0.4145,1.1945,1.4904,-0.12,0.8382,0.5698,0.0502,0.801,-0.7979,-0.0186,1.5179,0.9702,-0.0131,-1.5924,0.6219
0.3841,1.5416,1.5864,-0.3065,0.7185,0.7707,0.0298,0.5113,-0.6797,0.2053,1.2056,0.7506,0.2279,-1.1824,0.3916
0.4316,1.4067,1.5053,-0.3921,0.7592,0.6735,0.1751,0.0959,-0.5904,0.0573,0.9473,0.6493,0.5407,-0.6354,0.2281
0.5683,2.0104,1.5694,-0.52,0.7002,0.5599,0.2228,-0.2607,-0.36,0.0808,0.8236,0.8313,0.5092,-0.6004,-0.0227
0.541,1.4151,1.7682,-0.5692,0.7594,0.527,-0.1689,-0.1915,-0.4619,-0.249,0.8465,0.4323,0.6941,-0.7753,-0.1627
0.5482,1.4237,0.5322,-0.5409,0.8095,0.3612,0.1097,-0.2351,-0.7146,0.1764,0.6974,0.6245,0.683,-0.2706,0.6896
0.4727,-0.0157,0.543,0.099,0.5614,0.1854,0.1446,-0.3927,-0.3851,0.1501,0.4701,0.4742,0.6175,0.0907,0.4851
0.431,0.4021,0.6303,0.3711,0.4236,0.4007,0.257,-0.6543,-0.2563,0.9142,0.8143,0.0168,0.6565,0.1917,0.7035
0.444,0.3911,0.2269,0.274,0.4001,0.3367,0.2293,-0.909,-0.3255,1.1686,0.8714,0.3509,0.8202,0.1418,1.0462
0.4871,0.3902,0.3638,-0.0836,0.3046,0.2969,0.2925,-1.2629,-0.0187,0.905,0.5465,0.3184,0.8677,0.3607,0.8608
0.3759,0.328,-0.2398,0.1767,0.1511,0.2544,0.1107,-1.1777,0.1453,0.6984,0.5953,0.4067,0.8559,0.4756,0.8097
0.512,0.9599,-0.2496,-0.1887,0.1884,-0.0516,0.049,-1.5839,0.2255,0.5846,0.286,0.3243,1.0534,0.7568,0.7224
0.4738,0.0892,0.1141,0.3278,0.1657,-0.2112,-0.0212,-1.4781,0.5784,0.3797,0.1265,0.1309,0.843,0.7406,0.479
0.5582,0.3812,0.0927,0.5641,0.02,-0.2242,0.0412,-0.9023,0.4718,1.2485,0.1949,0.343,0.8097,1.022,1.1451
0.3289,0.4595,0.1359,0.6697,-0.0155,-0.269,0.029,-0.8157,0.0455,0.8218,0.5314,0.1738,0.7586,1.0137,0.9874
0.4141,0.4125,0.0191,0.7401,-0.0381,0.1375,-0.0309,-1.0268,0.2779,0.1679,0.5452,0.0923,0.9487,1.296,1.269
0.5115,0.309,-0.1013,0.5737,-0.1323,-0.1451,-0.1958,-1.327,0.2717,0.1843,0.5258,0.1392,0.8636,0.8043,0.8048
0.5283,0.1101,-0.3597,0.3855,-0.0024,-0.0454,-0.1172,-1.4541,0.3731,0.5416,0.1429,0.1354,0.7313,0.9655,0.6526
0.528,0.0181,-0.3336,0.2434,-0.0318,-0.2282,-0.2361,-1.3134,0.7386,0.5672,0.1296,-0.1113,0.712,1.3227,0.6376
0.4422,0.2991,-0.1965,-0.0346,-0.1741,0.0612,-0.1174,-1.2702,0.8915,0.6248,0.0194,-0.0412,0.8446,1.0389,-0.0086
0.2697,0.1845,0.0472,0.4607,-0.0964,0.0893,-0.0731,-1.2682,0.6631,0.249,0.1572,-0.2303,0.8081,0.4832,0.2355
0.3225,0.3969,-0.0769,0.2956,-0.0463,-0.251,-0.1717,-1.1284,0.8791,0.3283,0.2697,0.1427,0.8465,0.3671,0.5666
0.4868,-0.0229,0.0904,0.2592,-0.016,-0.0603,-0.1719,-1.0027,0.7912,0.1342,0.2578,0.0684,0.7169,0.3766,-0.4838
0.4797,0.5067,0.3029,-0.0942,-0.2999,-0.098,-0.2568,-0.6893,0.7727,0.0223,0.0443,-0.0745,0.6954,0.0663,-0.3303
0.518,0.2317,0.2168,0.3291,-0.0153,-0.2406,-0.2625,-0.3629,0.4912,-0.2183,0.1874,-0.4848,0.7222,0.5245,-0.173
0.4642,0.2569,0.4663,0.3045,0.0494,0.1325,-0.2985,-0.8734,0.4517,0.078,0.3408,-0.3293,0.813,-0.059,-0.0282
0.3749,0.2602,0.1726,0.132,0.1833,0.2638,-0.197,-0.6857,0.6189,0.6326,0.3122,-0.2037,0.6868,-0.0496,0.0317
0.4204,0.4633,0.4528,-0.1331,0.0203,0.4431,-0.1501,-0.2768,0.6461,0.1511,0.2138,-0.439,0.5661,-0.153,0.1348
0.3621,0.592,0.741,0.1847,0.1126,0.3685,-0.1651,-0.482,0.6189,0.1561,0.5382,-0.492,0.6071,0.217,-0.0688
0.4535,0.5471,0.9621,0.0427,0.3771,0.2907,-0.1377,-0.4586,0.6752,0.2093,0.8507,-0.4222,0.6484,0.2159,0.1934
0.4992,0.2375,0.5905,0.0564,0.2222,0.071,-0.0223,-0.8041,-0.1787,0.61,0.7354,0.156,0.6064,0.3417,-0.1112
0.4132,0.318,0.4897,-0.0149,0.2255,0.0123,-0.1485,-0.9851,-0.1456,0.7987,0.5759,0.2568,0.8525,0.2102,0.2318
0.4149,0.4698,0.2818,0.1282,0.0853,0.5659,-0.3158,-1.1898,-0.3378,0.8211,0.4909,0.391,1.0478,0.5173,0.3546
0.3721,0.5319,-0.2824,0.0626,0.1398,0.513,-0.3306,-1.3609,0.0405,0.7253,0.0718,0.3033,1.0709,0.8892,0.0063
0.3817,0.8219,-0.1415,-0.2022,0.0879,0.6831,-0.0682,-1.5852,0.5396,0.462,-0.081,0.1934,1.0979,1.0214,-0.0506
0.4456,0.3989,-0.2188,-0.3344,0.2479,0.5368,-0.2459,-1.5846,0.6246,0.244,-0.2411,0.0469,1.3983,1.0305,0.1514
0.2243,0.3701,-0.2152,-0.033,0.0357,0.7345,-0.0248,-1.7172,0.8778,0.34,-0.2081,-0.1919,1.2647,0.8962,0.4998
0.4098,0.2468,-0.6088,0.0656,0.0354,0.3925,-0.1472,-1.6353,0.6817,0.2158,-0.4842,-0.4355,1.1586,0.8971,0.3035
0.4706,0.289,-0.4683,0.3092,0.0001,0.1718,-0.2722,-1.0624,1.1818,0.4059,-0.5943,-0.7684,0.9911,0.7569,-0.0612
0.3885,0.407,-0.1914,0.4559,0.1098,0.3517,-0.0669,-0.9843,1.2609,0.3555,-0.1932,-0.7672,0.8922,0.5954,-0.2069
0.3801,0.5759,-0.2367,0.385,0.0949,0.1371,-0.296,-0.9554,0.9313,0.1629,-0.1994,-0.6863,0.6833,0.2657,0.0705
0.4891,0.2849,-0.1197,0.4826,0.1409,0.1523,-0.3357,-0.7698,0.7527,0.015,0.1173,-0.8116,0.4591,0.0731,0.3011
0.5972,0.2467,-0.3694,0.1546,0.0568,0.0775,-0.3376,-0.5241,0.7973,-0.2752,0.0188,-0.8207,0.5009,-0.4968,0.2024
0.5317,0.4832,0.5841,-0.0422,0.1591,0.3293,-0.5,-0.2934,0.9479,0.5128,0.0806,-1.0236,0.1953,-0.1539,-0.0301
0.3075,0.2692,0.6328,0.2029,0.2888,0.3675,-0.4669,-0.1009,0.6556,0.1776,0.5029,-0.9415,-0.0214,-0.5281,0.2678
0.3791,1.0281,0.3444,-0.0129,0.5285,0.2438,-0.0908,-0.1633,0.7536,0.304,0.4371,-0.7599,-0.0752,-0.4977,0.0957
0.4368,0.8487,0.8155,-0.2469,0.4448,0.0511,0.1143,-0.0601,0.8167,-0.2742,0.561,-0.5649,0.1362,-0.8488,0.3495
0.4669,1.648,1.0562,-0.0894,0.751,-0.2959,0.0748,0.3171,0.3996,0.1454,0.6997,-0.5129,0.0658,-0.9532,0.2019
0.3406,1.2006,0.9837,0.05,0.939,0.167,-0.0056,0.3575,0.3387,0.0108,1.1275,-0.09,0.1403,-1.262,0.4949
0.3934,1.0792,1.0212,-0.2763,0.8722,0.121,0.1079,0.4122,0.3163,0.1901,1.0277,0.1148,0.0577,-1.245,0.6856
0.4033,0.0439,1.0,-0.5166,0.9508,0.1397,0.2209,0.5556,0.37,0.2138,0.9962,-0.1352,0.039,-1.1431,0.4639
0.4205,1.0665,1.2943,-0.4948,0.8402,0.246,0.2232,0.4249,0.1336,0.7264,1.0107,0.1897,-0.0984,-1.21,0.6885
0.3458,1.2919,1.484,-0.3695,0.754,0.5439,0.152,0.4046,-0.1532,0.5911,0.9018,0.4001,-0.0087,-1.1978,0.5928
0.397,1.2366,1.1958,-0.5757,0.8379,0.3384,0.2659,0.3945,-0.1755,0.4805,1.0588,0.4226,-0.2089,-1.1203,0.7691
0.3903,0.9744,0.9747,-0.3021,0.9376,0.011,0.0821,0.4783,-0.1772,0.4833,0.828,0.8162,0.1383,-0.5965,1.303
0.4077,0.7511,1.9675,-0.1933,0.8378,0.1936,0.058,0.3302,-0.1903,0.6843,0.8744,0.7485,0.1256,-0.4177,1.2205
0.6248,0.9477,1.4096,-0.0967,0.9563,0.3058,0.1472,-0.0288,-0.9503,1.168,0.875,0.2732,0.3282,-0.3763,1.596
0.4221,1.0194,1.0011,0.2366,0.7712,0.2759,0.0903,-0.071,-0.7485,1.4599,1.002,0.1494,0.4295,0.0074,2.0933
0.2531,1.0285,1.0753,-0.0803,0.847,0.0378,0.0876,-0.3605,-0.2831,0.9758,0.8799,0.4257,0.5667,0.1323,2.1284
0.1618,0.9829,0.6125,-0.3265,0.5813,0.5943,0.0799,-0.6953,-0.3858,0.7429,0.7179,0.4929,0.7444,0.0753,1.8939
0.2703,0.2464,0.501,-0.6704,0.4719,0.4829,0.0093,-1.1287,-0.4291,0.5331,0.2469,0.234,1.0979,-0.2116,1.8273
0.2619,0.6704,0.15,-0.3078,0.3264,0.4993,0.1056,-0.9806,0.116,0.7355,-0.0298,0.2259,0.9335,0.6721,1.4926
0.3364,-0.8819,-0.3348,0.049,0.1375,0.3241,-0.0015,-1.3569,-0.1433,0.5344,-0.2496,-0.0746,0.9748,0.5262,1.1024
0.2514,0.1331,-0.3671,0.1951,-0.0358,0.461,-0.0534,-1.1822,0.4869,0.9483,-0.0968,-0.7683,0.8811,0.6473,1.6331
0.3175,-0.1869,0.0969,0.3917,-0.1175,0.5338,-0.2052,-1.5041,0.5341,0.774,-0.119,-0.4463,0.829,0.6008,1.3826
0.3069,0.2018,-0.4116,0.3359,0.0572,0.4388,-0.2077,-1.152,0.538,0.6835,-0.046,-0.5734,0.6606,0.5309,1.061
0.2698,-0.3438,-0.1433,0.3443,0.1258,0.4793,-0.1283,-1.1689,0.7806,0.398,0.0089,-0.7863,0.5789,0.2968,0.6897
0.2417,0.3412,-0.3114,0.0189,0.3263,0.1257,-0.3889,-1.1699,0.5461,0.4569,-0.1819,-0.6392,0.4902,1.4128,0.4624
0.1646,0.2938,0.1245,0.0439,0.26,0.0027,-0.274,-1.2933,0.5231,0.2397,0.0062,-0.6919,0.8092,1.021,0.343
0.2348,0.1735,-0.1835,-0.01,0.4111,0.0317,-0.3779,-1.2858,0.4643,0.0989,0.018,-0.8929,0.8253,1.9027,0.1504
0.1384,-0.0681,-0.5223,-0.1037,0.4727,-0.0267,-0.2053,-1.3761,0.6113,0.1713,-0.3475,-0.7582,0.7693,1.5186,-0.2493
0.0565,0.0548,-0.0273,0.2117,0.5381,0.1835,-0.1122,-1.3242,0.6855,0.2535,-0.1548,-0.8371,0.7398,1.301,-0.3093
0.1195,0.2636,-0.2611,0.1615,0.6115,-0.0433,-0.2237,-1.2739,0.2826,0.223,-0.0817,-0.8294,0.8327,0.5514,-0.5133
0.1512,0.2539,0.0206,0.0009,0.4418,-0.1275,0.0013,-0.8181,0.8422,0.0933,-0.3645,-0.4743,0.5884,0.8436,-0.1322
0.1357,0.0479,0.1877,0.0447,0.6064,-0.1616,-0.0057,-0.6534,0.421,-0.1044,-0.0861,-0.5579,0.7136,0.5221,-0.5737
0.2298,0.4402,-0.1161,0.0793,0.7318,-0.2872,-0.0237,-0.5243,0.5222,-0.0784,0.0394,-0.2223,0.8738,0.3392,-0.3073
0.2263,0.2684,0.2025,0.1287,0.9052,-0.3179,-0.0322,-0.5954,0.6172,-0.0384,0.4175,-0.0359,0.7961,-1.1418,-0.4831
-0.0224,0.1565,0.1538,-0.3103,0.6982,-0.2546,-0.1484,0.0606,0.5091,-0.3719,0.2424,-0.0165,0.4421,-1.0315,0.0678
-0.2168,0.1593,0.6326,-0.228,0.6879,0.1785,-0.2582,0.2721,0.4941,-0.2793,0.2277,0.0232,0.3115,-1.025,-0.0106
-0.0811,0.2158,0.363,-0.1756,1.2076,0.3184,-0.1806,0.4962,0.6505,-0.044,0.103,-0.173,0.1981,-1.0283,0.3249
0.1201,0.1198,0.9346,-0.1704,1.0422,0.2742,-0.0975,0.8224,0.5927,0.2609,0.272,-0.2514,0.2657,-0.7206,0.084
0.1825,0.2125,1.3039,-0.1671,0.9949,0.2682,-0.1214,0.6151,0.017,0.3931,0.4036,0.0718,0.4337,-1.0674,0.4987
1.0696,0.1277,1.8273,0.0341,0.9497,0.2124,-0.0178,0.445,-0.1129,0.6259,0.6168,0.3804,0.3915,-0.7302,0.2496
0.3479,2.0716,1.6594,-0.9172,1.1321,0.0089,0.1355,0.6878,-0.1183,0.9328,0.7084,0.7147,0.3457,-0.3064,0.6858
0.2507,1.3767,1.6751,-0.7132,1.3758,-0.2647,0.305,0.2934,-0.3345,0.067,0.951,0.9837,0.1841,-0.2021,0.8211
0.3311,1.0848,1.8161,-0.6169,1.4248,-0.2388,0.3332,0.1626,-0.7241,0.7783,1.0888,1.3071,0.4722,-0.3113,0.9488
0.1214,1.1663,1.1943,-0.4391,1.3845,0.777,0.3486,-0.3825,-0.7101,1.2219,1.0545,1.1097,0.6315,-0.1166,1.2866
0.2065,0.6927,0.746,-0.5259,1.2102,-0.4354,0.5566,-0.5084,-0.4499,0.733,0.8516,1.2482,0.8445,0.1193,0.9433
0.2536,0.7701,0.626,-0.8747,1.1844,-0.4545,0.4734,-0.6801,-0.2063,1.872,0.1622,1.2445,1.0219,0.824,1.346
0.0727,-0.1617,0.3794,-0.4305,0.9816,-0.686,0.3991,-0.778,-0.3283,1.5436,0.1372,0.9667,1.1467,0.7738,1.0117
0.0538,0.3301,0.4073,-0.2054,0.7802,-0.5394,0.3922,-0.9463,0.2973,1.0966,0.1865,0.2172,1.1916,1.0647,0.6193
0.0524,0.5986,0.8624,-0.2443,0.6368,-0.2682,0.5116,-1.2321,0.441,0.99,0.2533,0.6465,1.1395,1.0545,0.6728
0.0788,0.4357,0.5224,-0.088,0.7882,-0.0116,0.3366,-1.5454,0.4137,0.9626,0.3885,0.2633,1.1468,0.899,1.1183
0.0332,0.4352,0.1768,-0.3132,0.7667,0.071,0.2204,-1.8006,0.1798,0.7085,0.0682,0.4829,1.4116,1.5939,0.8842
-0.1667,-0.0821,-0.2614,-0.3864,0.6492,0.1093,0.2299,-2.6652,0.1228,1.1677,-0.2228,0.3709,1.6351,1.4334,0.5161
0.0461,0.2028,-0.6763,-0.5837,0.4767,0.1199,0.1293,-2.5839,0.5913,1.1589,-0.5451,0.1912,1.7759,2.063,-0.0846
0.1177,-0.0447,-1.2927,-0.2462,0.3116,0.2653,0.0117,-2.8958,0.7067,0.8633,-0.7168,-0.3438,1.8885,1.9599,-0.4323
0.1357,-0.1756,-1.3713,-0.0198,-0.076,0.1646,-0.0708,-2.6508,1.4449,0.2357,-0.9045,-0.627,1.7241,2.1742,-0.5513
0.1062,0.3573,-1.5858,-0.1031,-0.0673,-0.021,-0.2334,-2.5175,1.7009,0.38,-1.003,-0.7239,1.7575,2.2687,0.6837
0.1864,-0.0597,-1.0261,-0.3429,-0.0078,0.0349,-0.3643,-2.3247,1.7555,0.2829,-1.4708,-0.8065,1.8009,2.0852,-0.117
0.102,-0.3808,-0.7682,-0.354,0.153,-0.2809,-0.4029,-1.8503,1.9237,0.134,-1.3669,-1.4639,1.4862,1.7458,-0.928
0.2081,-0.3475,0.1575,-0.2139,0.174,-0.2789,-0.44,-1.6866,2.0468,0.2587,-1.2081,-1.4886,1.3464,1.635,-1.2403
0.1966,-0.2891,0.2923,-0.196,0.5457,-0.1899,-0.2703,-0.9812,1.5525,-0.0418,-0.6304,-1.523,1.2098,1.2355,-1.3901
0.1005,-0.0012,0.4439,0.3995,0.6995,-0.4416,-0.3146,-0.6441,1.4009,0.2067,0.2654,-1.0417,1.0753,0.5816,-0.992
0.1133,0.0112,0.7876,-0.0729,0.7997,-0.3774,-0.1431,-0.9086,0.8464,0.1533,0.3313,-0.7108,1.1933,0.2596,-0.5747
0.2362,0.3069,0.4582,-0.2822,0.946,-0.3525,-0.1153,-0.7552,0.5983,0.309,0.2688,-0.3862,1.0406,-0.2735,0.118
0.3397,0.2153,0.3465,-0.3802,0.9708,-0.3792,-0.1025,-0.5012,0.7291,0.5457,0.1005,0.255,1.0327,-0.5082,0.2769
0.7355,-0.0649,0.7918,-0.3074,0.7857,-0.2582,-0.1605,-0.0173,0.4616,0.445,0.0358,0.1597,0.9944,-0.5043,-0.1129
0.555,0.5451,1.255,-0.3134,1.0467,-0.3978,-0.0253,0.1672,0.375,0.3949,0.3821,0.4537,0.7998,-0.5486,0.1513
0.4388,1.0072,1.0928,-0.663,1.0918,-0.6734,0.0933,0.2792,0.2459,0.3509,0.4185,0.4606,0.8151,-0.5666,1.4824
0.6417,0.3091,1.4694,-0.5055,1.3046,-0.8528,0.2975,0.5886,0.1603,0.4164,0.5124,0.4496,0.5976,-0.7809,1.019
0.6354,0.5965,1.4847,-0.2939,1.3496,-0.6414,0.3507,0.7757,0.3337,0.6948,0.7333,0.4485,0.6247,-0.7344,0.7174
0.2503,0.7851,1.3266,-0.6831,1.3407,-0.5121,0.3598,0.6595,0.0006,0.7412,0.8335,0.5961,0.6911,-1.0237,0.6274
0.2848,0.5888,1.3545,-0.8542,1.1439,-0.777,0.3201,0.7701,-0.0152,0.4963,0.569,0.5853,0.5761,-1.3753,0.6101
0.6413,0.458,1.3631,-0.4584,1.1998,-1.6658,0.3579,1.4834,0.4376,0.0491,0.8089,0.9073,0.459,-1.3415,0.3954
0.6159,0.6432,1.8517,-0.2992,1.2215,-1.0399,0.5759,1.4499,0.6218,-0.0296,0.9475,1.0599,-0.155,-1.854,0.8275
0.6375,0.7693,2.2481,-0.4009,1.38,-0.7655,0.6034,1.7265,0.0949,0.31,1.1702,0.9662,0.0718,-1.7617,0.8712
0.5647,1.1492,2.6517,-0.6073,1.368,-0.3892,0.654,1.5146,-0.8697,0.6866,1.304,0.9898,0.2685,-1.9721,1.2076
0.6025,1.2372,1.7121,-1.0082,1.4544,-0.4124,0.724,1.2519,-1.0474,0.842,0.9764,1.0836,0.5848,-1.5619,0.9238
0.6365,0.6483,2.0146,-0.5308,1.2802,-0.3393,0.7927,0.8925,-0.4482,0.7649,0.933,1.0955,0.8399,-0.7905,1.3619
0.7889,0.9275,1.6688,-0.5321,1.5878,-0.4214,0.6815,0.5842,-0.6482,1.2195,1.173,0.9361,0.9779,-0.5555,1.4325
0.69,0.9811,1.3477,-0.5054,1.454,-0.0956,0.8016,0.1435,-0.6565,1.3433,1.2088,1.666,1.1701,-0.524,1.6583
0.6586,0.5587,0.9334,-0.4282,1.2437,0.012,0.542,-0.4342,-0.3187,0.8957,0.8131,1.0966,1.6492,-0.3618,1.5894
0.6408,0.1838,0.4696,-0.2605,1.0382,-0.2297,0.5372,-0.4766,0.2433,1.294,0.5849,0.9856,1.5316,0.2951,1.6674
0.5357,0.2862,0.4964,-0.4804,0.7232,-0.0081,0.4665,-0.932,0.0178,1.5429,0.3449,1.1133,1.5847,0.5143,1.2987
0.6303,0.5304,-0.1276,-0.453,0.6267,0.0882,0.3547,-0.8342,0.2207,1.2131,-0.3355,0.7127,1.5511,0.8072,0.7128
0.663,0.1653,0.1293,-1.1717,0.392,0.3315,0.145,-0.5855,0.5681,0.6058,-0.7983,0.3224,1.4859,0.8776,-0.0606
0.7104,0.1804,0.1965,-0.2744,0.3636,0.0045,0.0398,-0.257,0.7229,0.3172,-0.9268,-0.1687,1.5314,1.1292,-0.2755
0.7037,0.1772,0.9414,-0.0384,0.683,-0.1361,-0.0055,-0.2611,0.7368,0.172,-0.1624,-0.6228,1.4515,0.7568,-0.2326
0.6407,0.1473,0.6874,-0.2131,0.8829,0.1697,0.0736,-0.1705,0.2146,0.6425,0.1941,-0.5203,1.3838,0.3142,0.0092
0.567,0.1667,0.6037,-0.2925,0.8523,0.0286,0.0125,-0.2414,0.1685,0.9052,0.3627,0.0275,1.217,0.2897,0.3937
0.5378,0.2751,0.6818,-0.4278,0.8602,-0.0735,0.0015,-0.5438,0.3723,0.8727,0.3855,-0.0433,1.2438,0.3,0.316
0.6113,0.5499,0.7546,-0.4945,0.8169,-0.2798,-0.0075,-0.4261,0.4213,1.4428,0.1885,0.4035,1.7169,0.4926,0.6061
0.6403,0.6197,0.8168,-0.4706,0.7716,-0.1785,-0.0429,-0.5705,0.0632,1.0783,0.0501,0.3807,1.4825,0.7372,0.6544
0.6445,0.1105,1.0116,-0.4309,0.9428,-0.3171,-0.0411,-0.9344,1.0662,0.6771,-0.0622,-0.0938,1.7113,0.5619,1.3099
0.7917,0.4351,-0.0456,-0.1784,1.0601,-0.3915,0.003,-0.4711,0.7261,1.2756,-0.0124,-0.5316,1.5876,0.6052,0.9978
0.7018,0.106,0.2721,0.6811,0.9119,-0.4226,0.1018,-0.3485,0.8106,1.1491,0.4271,-0.2166,1.4518,0.5318,0.9633
0.8583,0.413,0.1643,0.1897,0.7745,-0.3383,0.0576,-0.2925,0.6964,0.9585,0.4697,0.0717,1.4622,0.108,0.8921
0.6427,0.2728,0.3106,-0.3532,0.5798,0.0842,0.0212,-0.2943,0.7435,0.8266,0.0988,0.2154,1.5014,0.0827,0.8702
0.526,0.415,0.3841,-0.5275,0.6032,-0.3059,0.001,-0.1252,0.7276,0.8835,-0.1009,0.1075,1.1884,0.0243,0.5133
0.5473,0.2123,0.3149,-0.5713,0.4827,-0.2862,-0.048,0.1598,0.7308,0.5815,0.0926,0.3659,1.12,-0.6757,0.1704
0.5598,0.27,0.7099,-0.4035,0.4986,0.1112,-0.0063,0.2361,0.5923,1.2411,0.4923,0.3837,1.2092,-0.3823,0.5429
0.5223,0.5794,1.1579,-0.3916,0.8165,-0.0221,-0.1417,0.3243,0.4014,0.7744,0.5213,0.4401,1.245,-0.7293,-0.1754
0.9731,0.3728,1.4109,-0.2801,0.8022,-0.3299,-0.1577,0.4103,0.3866,0.2981,0.801,0.4912,1.0122,-0.809,0.4071
0.7542,0.6199,1.8512,0.3245,0.9832,-0.3899,0.0228,0.6421,0.1365,1.073,1.2565,0.4799,0.634,-0.7658,0.6233
0.7491,1.188,2.1732,-0.1861,0.9968,-0.485,0.0361,0.6384,-0.2071,1.1342,1.4486,1.2156,0.8467,-0.9776,1.173
0.6264,0.8199,1.7933,-0.4943,0.8983,-0.5364,0.0461,0.606,-0.6378,1.0567,1.2306,1.7006,0.9007,-0.559,1.0162
0.6878,0.8294,1.4227,-0.5781,0.816,-0.4848,0.1363,0.3751,-0.655,1.17,1.1282,1.5016,0.9248,-0.1893,1.3703
0.6768,0.7011,1.2158,-0.1812,1.1536,-0.5376,0.0519,0.1251,-0.4167,1.6208,1.0592,1.3616,1.2158,0.1656,1.9093
0.4634,0.5041,0.8929,-0.0588,0.9479,-0.2735,0.36,-0.2251,-0.3393,2.0325,0.9298,1.0741,1.24,0.5218,2.0157
0.4607,1.0226,0.8645,-0.4823,0.8292,-0.1968,0.4184,-0.6489,-0.31,1.9787,0.8338,1.3578,1.5551,0.8599,2.3932
0.4564,1.1942,0.4015,-0.5363,0.7026,-0.4194,0.387,-0.9648,-0.0751,1.4232,0.4733,1.3663,1.8249,1.0332,2.6548
0.4964,0.708,0.1711,-0.6551,0.4455,-0.364,0.3331,-1.0769,-0.1905,1.3685,0.1658,0.6054,1.7428,1.0608,2.0677
0.7663,0.7938,-0.037,-0.5092,0.3841,-0.3423,0.1786,-1.1819,0.3648,1.2227,0.016,0.8106,1.8486,1.1133,1.4735
0.7661,1.1897,-0.5799,-0.5583,0.4534,-0.343,0.0054,-1.2151,0.5246,1.1945,-0.2807,0.6677,1.8729,1.1688,0.9244
0.5311,0.4718,-0.6883,-0.2526,0.6062,-0.3693,-0.1142,-1.1173,0.6561,0.9638,-0.5659,0.2038,1.7047,0.8963,0.7766
0.6645,0.2052,-0.517,-0.1215,0.5363,-0.5106,0.1165,-0.6944,1.1175,1.1898,-0.5087,0.0126,1.6794,0.6771,0.5519
0.5687,0.391,-0.3999,-0.0457,0.3967,-0.2756,-0.0219,-0.559,0.9184,1.107,-0.3699,-0.1561,1.5331,0.3235,0.8908
0.4911,0.2788,0.1368,-0.0698,0.3716,-0.1833,0.1079,0.0985,1.2353,0.9896,-0.1565,-0.614,0.9829,0.023,0.8422
0.2027,0.1084,0.4169,-0.0729,0.4473,0.0324,-0.1275,0.2682,0.904,0.8992,0.0084,-0.5504,1.11,-0.9281,0.6269
0.4282,0.1306,0.7229,-0.0668,0.3375,0.1525,0.0353,0.5204,0.9662,0.7573,0.1319,-0.3445,0.9648,-1.12,-0.2046
0.626,0.2937,1.1868,-0.2648,0.3974,0.202,-0.2327,0.8068,0.7855,0.5595,0.3687,-0.1547,0.8994,-1.5921,0.3451
0.5923,0.2618,1.9074,-0.6262,0.975,0.0002,-0.152,1.1207,0.6285,0.4337,0.6816,0.444,0.756,-1.4391,0.3599
0.535,0.5469,1.9666,-0.3359,1.167,0.199,-0.322,0.9534,-0.2528,0.9952,0.798,0.7041,1.0979,-1.4437,0.5486
0.4637,0.8801,1.8823,-0.4849,1.1338,-0.0622,-0.2701,0.8886,-0.5765,1.4257,1.0085,0.8361,1.1107,-1.3418,0.9228
0.5385,1.0375,1.7991,-0.2731,0.981,-0.339,0.0794,0.8869,-0.5513,1.4032,1.1361,1.1641,0.952,-1.0313,0.9251
0.6316,0.7161,1.5323,-0.3572,1.0939,-0.4305,0.081,0.8993,-0.3942,1.3658,1.2282,1.3174,1.0799,-0.9324,1.2844
0.4446,0.8474,1.6909,-0.4196,1.0406,0.0078,0.2198,0.6136,-0.3426,1.591,1.026,1.1438,1.299,-1.0753,1.6022
0.413,1.4073,1.4439,-0.6966,0.933,0.1547,0.1204,0.5091,-0.1649,1.6103,0.989,0.8916,1.2581,-1.0613,1.6144
0.4118,1.1984,0.8394,-1.0926,0.9521,-0.0271,0.0455,0.5251,0.0604,1.1793,0.6572,0.9697,1.3875,-1.2478,1.5768
0.4787,0.7033,0.7174,-0.8357,0.6986,-0.1188,0.1426,0.8809,0.8559,1.1361,-0.0031,0.7902,1.2714,-0.813,1.3102
0.5056,0.2674,1.5234,-1.1496,0.7297,-0.1439,0.0049,1.1891,0.9368,1.0748,0.1645,0.3589,1.1753,-1.3012,1.156
0.2455,0.783,1.7936,-0.929,0.6527,-0.1652,-0.116,1.6021,0.8549,1.3173,0.0358,0.0318,0.9128,-1.2909,0.9433
0.2762,0.325,2.2303,-0.995,0.7989,0.1753,-0.0617,1.6243,0.4613,0.6622,0.4174,0.0256,0.8896,-1.4635,0.9658
0.4167,0.5919,2.8062,-0.6979,1.3291,0.1544,-0.1674,1.504,0.2777,1.1882,1.0005,0.0332,0.9813,-1.3749,1.3639
0.3119,1.0087,2.2034,-0.5428,1.615,0.0762,-0.0859,0.9614,-0.0646,2.2734,1.2285,0.6402,1.0639,-1.4159,1.963
0.2903,0.7757,2.307,-0.555,1.3518,0.0058,0.0884,0.4994,-0.1655,2.2195,1.1565,0.6482,1.1382,-1.2892,2.3406
0.3082,0.7847,1.6205,-0.8194,1.6613,-0.1362,0.2042,0.5418,-0.4681,2.4719,1.0861,0.8214,1.3773,-0.9219,2.7151
0.2056,0.5463,1.5863,-0.932,1.2598,-0.0638,0.3002,0.4646,-0.1703,2.8697,0.5808,1.0252,1.4372,-0.5958,2.6706
0.2589,0.5686,2.056,-0.6641,0.9075,0.0592,0.3199,0.1211,0.1744,2.4516,0.9471,0.8903,1.5073,-0.0411,2.7717
0.2437,0.0095,0.7427,-0.449,0.6996,-0.1549,0.3658,-0.4139,-0.3329,2.6048,1.0327,0.8357,1.8096,0.0352,3.006
0.3436,0.1799,0.2342,-0.6836,0.582,-0.0859,0.1685,-0.6812,0.0303,2.3622,0.6689,0.9538,2.0255,0.7259,3.0536
-0.2094,0.2905,0.3885,0.5608,0.455,0.2523,0.1381,-1.1746,0.5863,2.3686,1.0218,0.995,2.1046,0.6624,3.5758
0.1603,0.3744,0.3156,0.1381,0.2031,0.2064,0.0385,-1.5664,0.503,1.528,0.9618,0.7401,2.1942,0.4663,2.8891
0.3938,0.6459,-0.1288,-0.0529,0.3215,0.3424,-0.0709,-1.3701,0.885,1.8111,0.5888,0.4407,2.213,0.6778,2.308
0.2591,0.1324,-0.3959,-0.1347,-0.0037,0.1865,-0.0705,-1.4574,0.9383,1.4638,0.4451,0.4284,2.2444,0.7,1.8046
0.4414,-0.6394,-0.0902,0.0336,0.0534,0.0852,-0.1434,-1.4949,1.3536,1.2578,0.1424,0.3267,2.083,1.0559,1.1032
0.4546,-0.5253,0.4134,0.0881,-0.1439,-0.0443,-0.0757,-1.1899,1.0159,1.3768,0.3225,-0.1315,1.8908,0.6444,1.1828
0.4753,0.0948,0.5614,-0.1667,-0.0026,-0.2357,-0.1816,-1.1488,1.032,1.4125,0.2754,-0.237,1.9189,0.6317,0.9513
0.4581,0.031,0.8149,0.0247,0.2537,-0.1195,-0.1352,-0.7931,0.6746,1.4121,0.5185,-0.2472,1.6951,0.4456,0.9098
0.4356,0.1594,0.4357,-0.2153,0.1961,-0.2053,-0.1677,-0.6123,0.7895,1.4379,0.6027,0.0849,1.6485,0.1705,0.8948
0.4964,0.3166,0.4944,-0.1932,0.2113,-0.0624,-0.4184,-0.5315,1.0706,0.9753,0.3537,-0.0125,1.5837,0.0828,0.4548
0.4224,0.3988,0.785,-0.1801,0.2276,0.1625,-0.2152,-0.0104,1.5252,0.5987,0.3863,0.0558,1.3363,-0.1292,0.1795
0.4547,0.366,1.02,-0.1749,0.5082,-0.2417,-0.1668,0.6178,1.7327,0.2846,0.4383,-0.099,1.2019,-0.4151,0.2066
0.5345,0.6807,1.5969,-0.1915,0.4128,-0.3374,-0.0727,1.1882,0.9156,0.6662,0.7856,-0.0015,0.9734,-0.5909,0.081
0.4958,1.4071,2.1265,-0.3544,0.6603,-0.2206,-0.1262,1.6315,0.6696,0.6101,1.0814,0.4909,1.0171,-0.7646,0.5415
1.1256,0.5929,2.5696,-0.3275,0.8071,-0.4346,-0.0928,1.3341,0.2214,0.2227,1.3221,0.8718,0.7321,-1.6388,0.754
0.7263,0.9803,3.2833,-0.4046,1.1218,-0.3241,-0.0999,1.4477,-0.2719,0.974,1.6227,0.8687,0.9546,-1.4628,1.4699
0.925,1.4182,3.1051,-0.6321,1.2698,-0.5385,-0.0061,1.8061,-0.5819,1.2064,1.815,1.367,0.8277,-1.6058,1.951
0.5112,1.6663,3.0911,-0.8915,1.2609,-0.2821,0.1081,1.6978,-0.8746,1.669,1.7194,1.5774,0.9654,-1.1544,2.01
0.6387,1.4392,2.4906,-0.6934,1.4339,0.0567,0.121,1.1821,-1.1122,1.7919,1.6507,1.1693,1.1557,-1.2095,1.953
0.6877,1.2625,2.0343,-0.7232,1.3204,-0.171,0.1857,1.0191,-0.5415,1.6634,1.2483,1.2127,1.3141,-0.7166,1.3004
0.593,0.9338,2.0102,-0.4369,1.1253,-0.0149,-0.1202,0.5419,-0.4792,1.317,1.1188,0.9195,1.4599,-1.0611,1.4247
0.729,1.0909,1.6401,-0.3038,0.8099,-0.3851,0.0464,0.6104,0.0028,1.2615,1.1455,0.7845,1.3952,-0.7721,1.7359
0.8818,1.3128,1.8728,-0.1954,0.7303,-0.3356,0.1585,0.7724,0.2058,1.2043,1.416,0.9562,1.4771,-0.7967,1.9325
0.8124,1.1309,1.7445,-0.0614,0.6684,-0.1492,0.2525,0.7076,0.2644,1.3451,1.2857,1.1547,1.5075,-0.6204,1.5699
0.779,0.8077,2.0694,-0.2109,0.6746,-0.1781,0.281,0.7494,0.0057,1.2871,1.3432,0.9272,1.5271,-0.3042,1.1822
0.8145,1.4961,2.0883,-0.6124,0.7532,-0.0179,0.1342,0.4206,-0.1555,1.5906,1.2128,0.874,1.6299,-0.3947,1.6535
0.6969,1.3353,1.4331,-0.4346,0.6591,0.1165,0.1955,0.4117,-0.3812,1.326,1.0598,0.8913,1.7563,-0.3248,1.8061
0.6509,1.5408,1.5298,-0.2928,0.6174,0.0204,0.1266,0.452,-0.3142,1.4808,1.4601,0.7766,1.7576,0.2098,1.765
0.7131,1.2801,1.58,-0.1307,0.4049,-0.1745,0.2533,-0.1691,-0.2669,1.2114,1.507,1.0012,1.7159,-0.1291,2.0249
0.7582,1.2695,1.1209,-0.3942,0.4931,-0.2835,0.2997,-0.088,0.211,1.3657,1.2497,1.1214,1.6594,0.2731,2.1187
0.6689,0.9143,0.9901,0.1474,0.6062,-0.4929,0.3185,-0.3187,0.3354,1.4143,1.1999,0.8181,2.0003,0.5738,1.8695
0.6742,1.1495,0.9697,0.3335,0.5467,-0.5112,0.3232,-0.9146,-0.3819,1.6375,1.1856,1.0272,2.1738,0.6619,1.8328
0.5823,1.1542,0.5669,0.1039,0.4409,-0.5194,0.3046,-0.9911,-0.2,1.8911,0.6206,0.7267,2.4178,0.8586,1.8827
0.6296,0.5455,0.6004,0.3532,0.2514,-0.6351,0.0882,-0.6284,0.43,1.6302,0.7904,-0.0127,2.2593,0.9841,1.0732
0.5765,0.5946,0.5417,0.4993,0.1254,-0.391,0.0598,-0.8781,0.2227,1.2591,0.9279,-0.1065,2.2303,1.0504,1.2557
0.5799,0.7182,0.6999,0.1107,-0.2684,-0.0583,0.0875,-1.0778,0.1115,1.256,0.7939,-0.3269,2.2386,1.3065,1.3146
0.6924,0.625,0.7833,0.0317,-0.0151,-0.2358,-0.1362,-1.1574,0.3653,0.8731,0.7072,-0.1777,2.3,1.5448,1.3037
0.7337,-0.1811,0.4375,0.372,0.2382,-0.3194,-0.1453,-1.4693,-0.0675,1.0991,0.6343,0.0105,2.3433,1.6708,1.5805
0.7464,0.3515,-0.0575,0.4408,0.3324,-0.2919,-0.2541,-1.5275,-0.0878,1.6763,0.6174,0.2892,2.4221,2.0121,1.3346
0.7235,1.5486,-0.4443,0.2821,0.09,-0.3051,-0.2169,-1.7423,0.449,1.4104,0.2835,0.1871,2.5211,1.9638,1.8118
0.5963,0.8377,0.7289,0.1205,-0.2242,-0.1413,-0.206,-1.6958,0.9877,0.4684,0.2935,0.155,2.6685,1.6661,0.9133
0.7004,0.4269,0.6489,0.2484,-0.0139,-0.2355,-0.177,-1.6313,0.8975,0.5423,0.5817,-0.0042,2.4521,1.7586,0.8146
0.7176,0.4703,0.2876,0.4174,0.2081,-0.1438,-0.0136,-1.7456,0.3074,1.3398,0.6781,-0.0804,2.3915,1.9628,0.9797
0.7371,0.6083,0.2055,0.133,-0.0638,-0.1116,-0.1583,-2.0668,0.3436,1.3264,0.3649,0.0666,2.5071,2.3412,1.5021
0.7837,0.2099,-0.3849,0.3443,-0.1107,-0.1074,-0.2128,-2.2647,0.3941,1.4346,0.2141,-0.24,2.6331,2.3381,1.1642
0.797,0.6072,-0.4566,0.1234,-0.303,-0.2142,-0.2813,-2.2247,1.0304,1.3016,-0.0007,-0.4148,2.6136,1.6956,1.05
0.709,0.6669,-0.8429,0.2642,-0.3713,-0.15,-0.4001,-1.6417,0.963,0.5181,-0.2388,-0.559,2.5437,1.7402,0.7389
0.9209,0.2302,-0.4026,0.301,-0.4403,-0.2582,-0.4447,-1.017,1.2306,0.2336,-0.3828,-1.3581,2.2011,1.9218,0.4688
0.4975,-0.0356,-0.4094,0.1821,-0.3216,-0.1196,-0.5889,-0.5791,1.4829,0.1728,-0.6769,-1.1699,2.0374,1.7506,-0.3147
0.6545,0.1162,0.5918,0.468,-0.2965,-0.3791,-0.5688,-0.3134,1.5345,-0.2931,-0.1357,-1.2537,1.9302,1.5347,-0.5753
0.5159,-0.0089,0.7246,0.4351,0.0987,-0.1259,-0.4751,-0.0624,1.1401,-0.2594,0.2033,-1.1387,2.1982,0.8955,-0.5237
0.5224,0.1583,1.1064,0.647,0.303,0.0381,-0.3063,-0.1882,0.7995,0.0789,0.5922,-0.4072,2.0645,0.8269,-0.3117
0.7838,0.4781,0.909,0.7524,0.6748,0.0358,-0.1788,-1.1691,-0.1281,0.7252,0.789,-0.216,2.2648,0.8481,0.3778
0.6064,0.7724,0.2631,0.1708,0.5945,-0.0898,0.1028,-0.9021,0.8177,1.2873,0.5288,0.2876,2.1914,0.9667,0.5646
0.342,0.7435,0.4508,0.4503,0.0402,-0.118,-0.2501,-0.5539,0.9803,0.9299,0.37,0.5975,2.3351,1.1592,0.3176
0.4624,0.3712,0.8261,0.4611,-0.0889,-0.1576,-0.1406,-0.4554,0.4986,0.2087,0.2393,0.2989,2.2875,0.9929,0.225
0.4274,0.8027,0.8992,0.6646,-0.1063,-0.3692,-0.1637,-0.3421,0.5238,0.1498,0.4002,0.4364,2.283,0.5445,0.1204
0.575,0.8725,1.1827,0.4367,0.0308,-0.2196,-0.3255,-0.1945,0.4427,-0.3637,0.5192,0.7429,2.1152,0.6102,0.1109
0.5702,0.9481,0.9783,0.9188,0.2311,-0.3302,-0.3332,0.2015,0.5028,-0.0779,0.914,0.6256,1.8796,0.5598,0.3309
0.6583,0.9337,1.5771,0.7774,0.1672,-0.6163,-0.2348,0.3191,0.374,-0.6908,0.8503,0.7322,1.7101,-0.1364,0.3387
0.7262,1.1685,1.9198,0.4951,0.092,-0.6349,-0.1413,0.9691,0.4296,-0.2536,0.7565,0.6813,1.533,-0.2829,0.5794
0.523,1.7382,2.4875,0.6612,0.3098,-0.6869,-0.1945,1.5372,0.5313,-0.2302,1.041,0.3303,1.3618,-0.587,0.2673
0.6892,1.6347,2.6038,0.419,0.7214,-0.4682,-0.1032,1.3681,0.1738,-0.4355,1.1463,0.5629,1.5225,-1.2751,0.5953
0.7074,1.4112,2.7382,0.607,0.9173,-0.3158,0.0195,1.299,-0.0998,0.0738,1.1589,0.5965,1.1051,-1.1685,0.9784
0.7023,1.8093,3.2075,0.6779,0.885,-0.479,0.0796,1.9113,0.4997,0.5725,1.4586,0.8826,1.0917,-1.3309,1.4828
0.6362,2.2925,3.8345,0.4509,0.8998,-0.7189,0.1627,1.9399,-0.1655,0.7137,1.8609,1.0942,1.0514,-1.4334,1.8871
0.6664,1.934,3.8411,0.7328,0.8545,-0.3464,0.1177,2.0109,-0.6829,1.0898,2.1298,1.1464,0.9972,-1.2663,2.2113
0.7943,2.0283,3.7614,0.456,0.8895,-0.5603,0.1697,1.6519,-1.2086,1.1603,2.2974,1.4121,1.2673,-0.9451,2.4936
0.7216,1.7514,3.8447,0.8226,0.9223,-0.4295,0.1787,1.2846,-1.7998,1.6551,2.8732,1.9065,1.2915,-0.4286,3.0485
0.762,2.1535,3.0785,0.7846,0.8674,-0.2262,0.1128,0.3604,-2.0293,2.1998,2.7266,2.7706,1.6829,0.1248,3.4756
0.8575,1.9709,2.6011,0.5166,0.7361,-0.0155,0.3391,-0.208,-1.7555,2.483,2.2005,3.2956,1.9938,0.8249,3.6283
0.7988,1.586,1.8204,0.5224,0.5118,-0.0325,0.311,-0.7479,-1.3219,2.6873,1.6152,2.7708,2.4046,1.7249,3.7239
0.4768,1.3943,1.283,0.6626,-0.0303,-0.0335,0.4605,-1.4158,-1.0434,2.5514,0.9863,2.2918,2.4903,2.3081,3.428
0.5328,1.9341,1.1847,0.3313,-0.4453,0.0441,0.2367,-1.8942,-0.3323,2.1924,0.5265,1.4607,2.856,2.915,1.5612
0.5268,1.2563,0.6299,0.6193,-0.4764,-0.0415,0.1791,-2.2452,-0.0565,1.2998,0.0482,1.1945,3.0969,3.6486,1.6639
0.7607,1.087,-0.1457,0.5807,-0.6233,-0.2656,0.0141,-2.4233,0.158,1.0641,-0.2603,0.5627,3.013,3.6225,0.4958
0.7267,0.3982,-0.2888,0.5851,-0.602,-0.1213,-0.0538,-2.6428,0.6188,1.1684,-0.3533,0.2112,2.746,4.201,0.6661
0.8202,0.3923,-0.1258,0.9683,-0.6539,-0.1711,-0.1387,-2.8505,0.9378,1.2048,-0.29,0.2377,2.8377,4.1164,0.7927
0.7687,0.6532,-0.2966,0.9387,-0.7132,0.2961,-0.3276,-3.1492,0.8017,1.4028,-0.2184,0.5411,2.883,4.6672,1.6213
0.6659,1.1103,-0.9747,0.4141,-0.9184,0.2717,-0.3765,-3.7815,0.6065,1.6244,-0.7606,0.4933,3.1541,4.496,0.7457
0.9759,0.5706,-1.13,0.581,-1.1619,0.0419,-0.5878,-3.519,1.3493,0.8327,-1.3675,0.3363,3.3124,4.6254,0.1202
0.9727,0.2327,-1.3616,0.8168,-1.2482,-0.4129,-0.616,-3.2262,1.6781,-0.0631,-1.2933,-0.9088,3.2101,4.2543,-0.8794
0.9595,0.0073,-1.0895,0.8676,-1.4754,-0.3635,-0.6982,-2.6469,2.2665,-0.2531,-1.0384,-1.0795,2.9977,3.5973,-1.1397
0.9781,-0.2131,-0.5096,1.2768,-1.2908,-0.2411,-0.787,-2.2449,2.4101,-0.2309,-0.7853,-0.9789,2.819,3.1512,-1.2329
0.8875,-0.0956,-0.3123,1.349,-1.2077,-0.2425,-0.6683,-1.6405,2.137,-0.228,-0.3786,-0.7985,2.2852,2.9166,-0.7305
0.9254,-0.0498,0.2219,1.3025,-0.9752,-0.2071,-0.6669,-1.4601,2.1142,-0.1474,0.0732,-0.4495,2.3487,2.3719,-0.6429
0.8526,0.6018,0.7911,0.7295,-0.7294,-0.355,-0.6685,-1.3938,1.4541,0.0583,0.1921,0.0989,2.1716,1.8127,-0.6492
0.9199,0.3778,0.785,0.5673,-0.6867,-0.4968,-0.56,-0.7545,1.2802,-0.0319,0.1797,0.1748,1.7937,1.4594,-0.5294
0.8644,0.3417,1.1037,0.797,-0.6263,-0.0885,-0.6049,-0.4812,1.1429,0.4061,0.2461,0.5443,1.9298,0.9551,-0.1402
0.8207,0.8433,1.4521,0.8163,-0.4746,-0.3511,-0.6442,0.0006,0.9925,0.7866,0.5786,0.4787,1.6432,1.2057,-0.3189
0.9211,0.6721,2.0111,0.861,-0.3752,-0.3148,-0.8301,-0.0009,0.5057,0.3899,0.8938,0.4901,1.71,0.7792,-0.5755
0.7263,1.1427,1.9008,0.9237,-0.2235,-0.3908,-0.8428,0.0831,0.3863,0.6742,1.2602,0.7819,1.3294,0.7003,-0.2151
0.8921,1.251,1.7785,0.5368,-0.1912,-0.4977,-0.8568,0.1985,0.426,0.4362,0.9538,0.9419,1.1539,0.796,0.0953
0.9847,1.3721,2.5211,0.6757,-0.1958,-0.5878,-0.5608,0.4306,0.3805,0.7461,0.9732,0.866,1.0882,0.3919,0.4456
0.8424,1.4013,3.1083,0.86,0.0828,-0.3746,-0.5632,0.5434,0.2342,0.9918,1.1268,0.789,1.2656,0.1419,0.8181
1.1175,1.8077,3.0059,0.9339,0.1397,-0.3214,-0.2546,0.4172,-0.5526,1.5272,1.6203,0.7084,1.4395,0.1959,1.5379
1.0017,2.0093,2.6874,0.2614,0.0421,-0.2581,-0.2354,0.4906,-0.698,1.949,1.1906,1.1728,1.457,0.5238,1.9694
1.0055,1.9791,2.4338,0.2843,-0.4765,-0.2422,-0.1623,0.3729,-0.3751,1.416,1.1726,1.2247,1.6471,0.6462,1.0141
1.2167,1.7346,2.3729,0.5056,-0.358,-0.3954,-0.2095,0.1142,-0.5802,0.869,1.158,1.4421,1.6002,1.0434,1.0024
1.0677,1.5831,2.1265,0.5141,-0.3055,-0.6163,-0.2131,0.3159,-0.2105,0.7144,0.7681,1.3429,1.9509,1.1401,0.7364
1.0474,1.772,2.2527,0.6313,-0.2327,-0.8896,0.012,0.3018,-0.0566,1.2882,1.0008,1.499,1.8903,1.2216,1.0631
0.9692,2.3985,2.4805,0.6247,-0.1469,-1.052,-0.0976,0.1486,-0.4568,1.1828,1.1229,1.2162,2.0662,1.3443,1.2273
1.0579,1.9009,1.9412,0.7122,-0.1225,-0.8624,-0.0438,0.0096,-0.4702,0.8718,0.9725,1.5964,2.1416,1.0895,0.9884
0.9599,1.7153,1.9253,1.0245,-0.3269,-0.932,-0.1118,0.3377,-0.0558,0.9789,1.0325,1.0356,2.0181,1.3047,1.1487
0.8599,2.4007,2.0815,0.8298,-0.3105,-0.9272,-0.2375,0.2945,-0.0617,0.8684,1.0984,0.9584,1.9265,0.7655,1.1667
0.8551,1.9634,2.1714,0.5123,-0.2637,-0.4446,-0.1006,0.1796,-0.1903,0.6582,1.0919,1.1995,1.8195,0.3055,0.9778
0.7747,2.3798,2.0519,0.5922,-0.145,-0.4307,-0.0578,0.5226,0.0085,0.9127,1.0431,1.1284,1.7666,0.5763,1.2861
0.8406,2.1093,2.4582,0.8499,-0.3183,-0.4329,-0.1017,0.6893,0.0296,0.7748,1.4438,1.3587,1.7844,0.7664,1.4662
0.9134,2.1305,2.3993,0.8116,-0.2516,-0.841,0.0489,0.6735,-0.162,0.9375,1.3932,1.4621,1.7407,0.6182,1.6654
0.9257,2.0238,2.9271,0.3144,-0.148,-0.8514,-0.0225,0.7775,-0.2653,1.1092,1.2271,1.3421,1.7055,0.6514,1.1016
0.9893,2.1013,2.8984,0.4692,0.1002,-1.0611,-0.0148,0.6588,-0.5104,1.3574,0.9622,1.3844,1.6513,0.842,1.4045
1.0864,1.968,2.7263,0.5592,-0.0614,-1.3132,0.1681,0.9547,-0.2895,1.6128,1.2371,1.3569,1.5143,1.4717,1.0337
1.0456,1.9766,3.1896,1.035,-0.1768,-0.7994,-0.1796,0.4397,-0.2678,1.7914,1.5917,1.3826,1.6216,1.2214,1.4826
0.9492,1.6539,2.7945,1.2571,-0.0451,-0.8368,-0.2047,0.2663,-0.936,1.5558,1.5719,1.4673,1.7594,0.9519,1.8978
1.0283,2.8556,2.5484,0.7344,-0.0691,-0.8159,-0.1638,0.3446,-1.0309,2.0023,1.3357,1.5695,1.8227,1.1144,2.0418
0.9519,1.8822,2.749,1.0502,-0.2598,-0.7247,-0.17,-0.2619,-0.6463,1.6151,1.8518,1.2727,1.9132,1.4682,2.194
0.9578,2.1264,2.2226,0.8589,-0.2896,-0.5791,-0.0862,-1.0464,-1.0592,1.9125,1.8519,1.312,2.3504,1.4423,2.8033
0.8487,1.6714,1.5032,0.8407,-0.5232,-0.7398,0.0334,-1.2233,-0.747,2.2454,1.3963,1.6545,2.4066,2.1754,2.7644
0.9042,1.7151,1.335,0.8326,-0.7701,-0.8279,-0.1524,-1.1607,-0.3699,2.048,0.7894,1.5658,2.7064,2.4935,2.1846
0.9263,1.7143,1.3096,1.038,-0.9277,-0.8488,-0.247,-1.3905,0.0503,1.773,0.9069,1.477,2.4421,2.7952,1.8197
0.8958,1.4573,1.0354,0.8419,-0.9028,-1.2501,-0.2152,-1.2399,0.0597,1.638,0.4224,1.2548,2.4695,2.949,1.3379
0.7757,1.2317,0.8476,1.1034,-0.8772,-1.1193,-0.2843,-1.0961,0.5396,1.4104,0.4211,0.5258,2.5725,2.9372,1.1045
0.8113,1.5437,0.9614,1.1002,-0.9411,-1.022,-0.2452,-0.9706,0.5923,1.0546,0.5797,0.4985,2.3389,2.5376,0.9392
0.7732,1.4082,1.1301,1.2054,-1.0396,-1.0706,-0.3287,-0.6181,0.7564,0.9206,0.4646,0.3891,2.1032,2.3065,0.8711
0.7218,1.3402,1.7095,0.9465,-1.0057,-0.8149,-0.2911,-0.458,1.0038,0.6808,0.5031,0.5825,2.2187,2.1423,0.6616
0.867,0.9252,1.8531,1.2507,-0.879,-0.9151,-0.3315,-0.2492,0.7351,0.6582,0.965,0.1723,2.1081,1.2912,0.668
0.9009,1.2525,2.1082,0.8227,-0.8844,-0.8641,-0.523,0.1462,0.6998,1.046,1.037,0.2795,1.8341,1.3717,0.6268
0.8164,1.8796,2.5891,1.5426,-0.5104,-0.9309,-0.1046,0.4523,0.6269,1.1268,1.4877,0.4116,1.701,1.0058,1.1751
0.8882,1.6385,2.4452,1.0918,-0.4637,-1.0227,0.0303,0.5925,0.3693,1.0449,1.4188,0.6936,1.7529,0.4161,0.9471
0.9496,1.3325,2.9743,1.1538,-0.6646,-0.9444,0.0388,0.9311,0.1485,1.113,1.3298,1.0661,1.7042,-0.3519,1.2185
0.9033,1.5829,3.1852,1.099,-0.5774,-0.9844,-0.0335,1.3819,0.206,1.2694,1.5631,1.3408,1.6443,-0.5002,1.2257
0.9854,2.375,3.7525,1.1997,-0.5642,-1.0756,0.0503,1.857,-0.0216,1.1414,1.8092,0.9857,1.3677,-0.7235,1.9561
0.8068,1.9736,3.8789,1.0684,-0.4446,-0.6958,-0.0569,1.9731,-0.4533,1.1004,2.3522,1.4876,1.2184,-0.8265,1.7281
0.7694,1.9109,4.1238,1.276,-0.3847,-0.7722,-0.0369,1.8796,-0.7277,1.2413,2.6001,1.9849,1.2714,-0.5592,1.6934
0.6681,2.0229,3.9354,1.4947,-0.2224,-0.7923,0.202,1.8098,-0.9059,1.6676,2.7945,2.312,1.414,-0.5022,2.0109
0.6607,2.6005,3.9169,1.4444,-0.5181,-0.9987,0.1218,1.5696,-1.211,1.4794,2.9044,2.7943,1.4603,-0.5017,2.4972
0.5816,2.3621,4.0078,1.069,-0.449,-0.5183,0.0571,1.0514,-1.2367,1.4993,2.7015,2.9331,1.6377,-0.5352,2.6776
0.5741,2.3631,3.4805,1.3648,-0.3968,-0.6657,0.0571,1.0095,-1.3154,1.5366,2.7094,3.1259,1.8052,0.171,2.5618
0.527,2.3868,3.3362,1.4053,-0.2268,-0.6469,0.0448,0.7976,-1.4323,1.7964,2.4246,3.3105,1.8688,-0.1351,2.2923
0.6577,2.3815,3.368,1.1831,-0.2519,-0.8713,0.1491,0.9638,-1.2125,1.8605,1.7005,3.0717,1.8561,-0.1754,1.9471
0.5248,2.3395,3.0657,1.2616,-0.3305,-0.9166,0.1483,1.2126,-0.9414,1.5165,2.0068,2.7026,1.901,-0.1028,1.9682
0.5964,1.9017,3.2597,1.2393,-0.377,-0.8461,0.1569,1.2429,-0.6989,1.6675,1.7535,2.3928,1.8482,0.1224,1.8375
0.7773,2.0425,3.2747,0.5767,-0.204,-0.7448,0.2232,1.1461,-0.6242,1.9801,1.4565,1.9885,1.8709,0.4615,1.5254
0.5926,2.318,3.4669,1.1603,-0.2999,-1.0881,0.1023,1.5292,-0.2586,1.7457,1.6174,1.8388,1.7809,0.7544,1.3723
0.5006,2.1965,3.8539,1.197,-0.3787,-0.8016,0.0491,1.2985,-0.7266,1.3773,2.0494,1.8792,1.703,0.2259,1.7153
0.4627,1.7461,3.7146,1.2006,-0.3744,-0.9722,0.0442,1.3306,-0.8047,1.5825,2.1147,2.3948,1.6928,0.2542,1.8204
0.3913,2.1194,3.3858,1.0577,-0.3257,-0.8527,-0.0414,1.3108,-0.8951,1.665,1.9717,2.2288,1.77,0.226,1.6525
0.4257,2.0664,3.9488,0.9192,-0.3815,-1.5396,0.0498,0.9155,-0.5278,1.9284,1.8141,2.5021,1.9285,1.1014,1.9126
0.3456,2.0558,3.5759,1.192,-0.133,-1.3817,-0.1049,0.8391,-0.8369,1.9915,2.029,2.2482,1.8867,1.0038,1.8535
0.3206,2.3338,3.3586,0.8891,-0.2261,-1.0464,-0.154,0.3933,-0.8703,2.4746,1.7339,2.6017,2.0647,1.1421,2.2879
0.4276,2.3221,3.0993,1.2207,-0.5169,-0.98,0.1008,0.3286,-0.7583,2.2628,1.6428,2.461,2.1817,1.2978,2.212
0.3294,2.0922,3.1403,1.1971,-0.7973,-1.0374,-0.1308,0.0275,-0.8117,2.2528,1.4003,2.4319,2.2436,1.8587,2.2216
0.2198,2.0969,2.758,0.9956,-0.692,-0.7336,-0.1765,-0.6224,-0.866,2.0211,1.3302,2.4312,2.3963,2.2664,2.1011
0.3331,1.9571,2.0203,1.3528,-0.7259,-0.8822,-0.1491,-0.769,-0.607,1.9201,1.5311,1.9871,2.5007,2.3484,2.63
0.5752,2.4252,1.9099,1.0033,-0.907,-0.6882,-0.065,-1.1392,-0.0931,1.77,0.9254,2.189,2.7779,2.2806,2.1312
0.585,1.9212,1.8148,1.2523,-1.1488,-0.7154,0.0062,-1.1337,0.0217,1.2694,1.0013,0.8947,2.8392,2.5978,1.8932
0.6778,1.6132,1.1589,1.598,-1.426,-0.6403,-0.06,-1.364,0.1153,1.4421,0.54,1.2972,2.8601,2.6569,1.5207
0.5088,1.3052,0.8746,1.4915,-1.1135,-0.563,-0.1007,-1.119,0.282,1.56,0.5932,1.0512,2.7556,3.0209,1.5987
0.5161,1.0597,0.7369,1.113,-0.905,-0.7866,-0.2503,-0.86,0.8174,1.5246,0.363,1.2513,2.7753,2.8164,1.4146
0.4176,1.5605,1.237,0.8551,-1.1723,-0.8916,-0.3316,-0.6528,0.7916,1.4795,-0.0471,1.721,2.7993,2.4645,0.9197
0.2324,1.5592,1.1129,1.344,-1.2129,-0.6737,-0.4186,-0.2161,0.7647,0.8863,-0.206,1.0188,2.4816,2.6197,0.6125
0.5237,1.1792,1.9176,1.4953,-1.0381,-0.6032,-0.524,-0.0128,0.9305,0.7085,0.3872,0.6699,2.4334,2.1506,1.7796
0.5305,1.455,2.1523,1.5483,-0.9009,-0.7259,-0.5913,0.3174,1.0134,0.5958,0.6936,0.5761,2.3752,1.3444,1.2509
0.5688,1.1987,2.5,1.6401,-0.8054,-0.6501,-0.4388,0.5828,0.5955,0.6299,1.1115,1.2559,2.0269,0.8757,0.6876
0.6141,1.5267,2.7916,1.3386,-0.658,-0.553,-0.2141,0.9447,0.4779,1.1068,1.2408,1.6626,2.0485,0.1691,0.5636
0.5221,1.5043,3.0204,1.3536,-0.7395,-0.5822,-0.0659,1.2293,0.4094,0.8048,1.3573,2.0151,2.0347,0.2558,0.4691
0.6474,1.3539,3.5536,0.9403,-0.4189,-0.9205,-0.1429,1.4414,0.024,1.0045,1.2572,2.0504,1.8102,-0.0823,1.0114
0.5879,1.473,3.6928,1.192,-0.178,-0.936,-0.0689,1.6565,-0.4234,1.5047,1.2703,2.4262,1.8302,-0.1107,1.013
0.5843,1.8636,4.3388,1.0704,-0.1792,-0.9666,0.1005,1.9588,-0.5559,1.9947,1.7738,2.2878,1.9363,-0.4816,1.6469
0.5554,1.9849,4.2985,1.1251,0.1083,-0.9751,0.2084,1.5219,-1.1556,2.1884,2.2722,2.4968,1.8846,-0.3825,2.0093
0.5781,2.6342,3.8177,0.8388,-0.0152,-0.6169,0.2172,1.3381,-1.547,2.4943,1.7573,3.0269,1.9803,-0.29,2.5245
0.588,2.2876,3.5486,1.1371,-0.1446,-0.4647,0.3528,1.3977,-1.1296,2.6762,1.7008,2.762,2.0156,0.3602,2.7948
0.7025,1.8797,4.1789,1.2142,-0.3138,-0.5863,0.1095,0.9153,-1.0325,2.4084,1.7663,2.5506,2.2406,0.3751,2.8
0.52,2.1418,3.6726,0.8237,-0.3361,-0.7034,-0.0126,0.775,-1.4147,2.5459,1.5306,2.6802,2.4116,0.6884,3.1613
0.6298,1.8172,3.2154,1.1056,-0.4232,-0.5198,0.0565,0.615,-1.2189,2.6491,1.5287,2.5116,2.4743,1.033,2.8358
0.6352,1.7165,3.4115,1.0059,-0.5263,-0.8307,-0.0753,0.2955,-1.1426,2.5925,1.4926,2.3761,2.4893,1.5759,3.0074
0.6285,2.1802,2.8934,0.7888,-0.5445,-0.7383,-0.0624,-0.0766,-1.0065,2.8647,1.5376,2.1774,2.7564,1.8267,3.4723
0.5137,1.8867,2.3071,0.8866,-0.7231,-0.5911,-0.1644,-0.2231,-0.9552,2.7967,1.1538,2.371,2.6806,2.0453,3.0977
0.5017,1.3173,1.9556,1.1251,-1.2485,-0.3318,0.0153,-0.4504,-0.605,2.215,0.9667,2.3634,2.6737,2.276,2.4942
0.5025,1.2344,1.9782,1.0863,-1.2298,-0.3969,-0.1657,-0.5668,-0.4061,2.0984,0.9085,2.4149,3.017,2.4775,2.3472
0.6037,1.2908,1.5612,1.0466,-1.3675,-0.4781,-0.5043,-0.8147,-0.5363,2.389,0.6806,2.3754,3.0649,2.4152,1.8432
0.6784,1.2776,1.4981,1.6725,-1.2225,-0.5127,-0.6369,-0.6863,0.0845,2.0157,0.6883,1.9694,2.9906,2.7064,0.9745
0.5961,1.108,1.6119,1.4737,-1.2056,-0.4158,-0.5759,-0.7222,-0.0647,1.8954,0.5459,1.4496,2.773,2.576,1.0274
0.4677,1.0922,1.5301,1.39,-1.0735,-0.5319,-0.5017,-0.5792,-0.0312,2.1193,0.637,1.2306,2.6923,2.6082,1.2086
0.5843,1.3584,1.7619,1.347,-1.2118,-0.4352,-0.5157,-0.6138,0.0415,1.9976,0.8984,1.3276,2.8125,2.7664,1.4248
0.7261,1.5945,1.9673,1.189,-1.0698,-0.4768,-0.904,-0.9023,-0.1139,1.729,1.0978,1.441,2.7189,2.7758,1.6224
0.6407,2.5203,1.6046,1.0228,-0.903,-0.4244,-0.8806,-1.0269,-0.3665,2.1114,0.8813,1.5697,2.6636,2.28,1.321
0.6106,1.693,1.5612,1.1978,-1.0891,-0.5861,-0.8486,-0.8346,0.0947,2.1025,0.7709,1.5426,2.6956,1.7753,1.1233
0.4661,1.9899,1.3507,1.7169,-1.0509,-0.6619,-0.8064,-0.588,-0.0575,1.829,0.994,1.4502,2.7027,1.8687,1.0379
0.6369,1.5679,1.1313,1.3708,-1.1741,-0.6998,-0.7877,-0.2385,0.2881,1.3011,0.7776,1.4763,2.7641,1.4415,0.6901
0.6407,1.096,1.8422,1.6213,-1.0765,-0.7188,-0.7443,-0.0466,0.4034,1.4161,0.9613,1.4377,2.7773,1.0063,0.6008
0.7886,1.1648,1.4015,1.4973,-0.7034,-0.9732,-0.87,0.3393,0.3863,1.7824,0.8822,1.3048,2.6152,1.0209,0.33
0.562,1.1071,1.8688,1.4951,-0.7869,-0.9307,-0.6895,0.6399,0.4744,1.9031,1.0782,1.4393,2.2123,0.8695,0.6112
0.286,1.2756,2.1452,1.6447,-0.8758,-0.4123,-0.4113,0.7212,0.6577,2.0001,1.2738,1.3495,2.3255,0.8141,0.6418
0.5044,1.5656,2.6321,1.425,-0.9888,-0.471,-0.4846,0.922,0.2667,1.9899,1.2193,1.4461,2.3567,0.3204,0.6624
0.4527,1.8715,2.9134,1.2663,-0.6669,-0.4457,-0.4354,1.0093,0.225,2.1493,1.2705,1.4257,2.3483,0.4794,0.9069
0.3505,1.9612,3.329,1.6907,-0.702,-0.6834,-0.2471,0.8261,-0.3041,2.0471,1.6005,1.5773,2.1858,0.2377,1.4463
0.2474,2.1467,3.404,2.115,-0.8434,-0.7794,-0.5096,1.2034,-0.4949,2.0899,2.2258,1.7515,2.2623,0.3182,1.7197
0.4122,2.7417,3.0909,1.701,-0.6197,-1.1105,-0.5032,1.1221,-0.7765,1.7572,2.1671,1.9889,2.2238,0.3985,2.4976
0.1895,2.2483,2.4341,1.3611,-0.6464,-0.946,-0.4302,1.0395,-0.4142,2.158,1.9705,2.3053,2.2054,0.338,2.2536
0.3363,1.2499,2.3178,1.2911,-0.7048,-0.5362,-0.4955,0.8129,-0.4881,1.6742,1.5506,2.3729,2.291,-0.5343,1.4508
0.5922,1.362,2.7611,1.1155,-0.7826,-0.5939,-0.4912,1.3711,-0.086,2.3771,1.1663,2.1053,2.2411,-0.1802,1.5833
0.4699,1.138,3.1733,1.5124,-1.1108,-0.6569,-0.399,1.6529,-0.0618,2.1453,1.6315,1.7152,2.1227,-0.0587,1.7267
0.5351,1.6872,3.2014,1.5256,-0.9328,-0.7098,-0.4627,1.6855,-0.1882,1.8053,1.612,1.9346,2.2279,-0.1415,1.8433
0.5415,2.159,3.5336,1.3161,-0.9416,-0.9747,-0.513,1.6862,-0.3406,1.8616,1.7476,1.8144,2.1078,-0.1991,1.8279
0.71,1.4618,3.7726,1.6224,-0.8051,-1.0766,-0.378,1.7304,-0.5976,1.4097,1.9449,1.8077,2.1477,0.0718,1.9046
0.7367,1.6724,3.7226,1.4082,-0.5595,-0.8384,-0.4405,1.3132,-0.7395,2.1149,2.2594,2.6,2.3253,-0.2804,2.2221
0.5029,2.1236,3.6825,1.2787,-0.5612,-0.4453,-0.3436,1.2365,-0.8774,2.4467,1.9723,2.6781,2.461,-0.0384,2.4178
0.4754,1.9838,3.5263,1.158,-0.7145,-0.5245,-0.4226,1.1098,-1.6374,2.3524,1.7248,2.6791,2.5932,0.4889,2.5055
0.4132,2.1836,3.383,1.1374,-0.4917,-0.6817,-0.5098,0.8004,-1.2698,2.5376,1.6152,2.5084,2.6339,1.1875,2.9902
0.5791,1.6918,3.2494,1.531,-0.6504,-0.9351,-0.4031,1.0237,-0.5307,2.5954,1.6755,3.3783,2.6876,0.9522,2.8887
0.4719,1.4151,2.913,1.5427,-0.7477,-0.9805,-0.5963,1.1023,-0.5772,2.665,2.0111,2.7989,2.7057,1.1022,2.8758
0.2203,1.7421,2.8524,1.4716,-0.7429,-0.7737,-0.3576,0.6181,-0.8007,2.9791,1.4263,2.6357,2.847,1.1584,2.9623
0.3442,1.6147,3.1749,1.5351,-1.0749,-0.7818,-0.2754,0.5874,-0.3438,2.8857,1.239,2.6131,2.9698,1.2177,3.0343
0.404,1.4787,3.0637,2.1203,-1.0245,-0.5884,-0.3932,0.5392,-0.5013,2.8948,1.563,2.6719,2.9872,1.108,3.0998
0.3668,1.776,2.6017,1.7353,-0.9782,-0.8763,-0.4949,0.6066,-0.3999,2.8503,1.2259,2.2064,2.7468,1.1642,3.0772
0.5016,1.2763,2.9579,2.01,-1.0444,-0.7524,-0.5055,0.8059,0.0799,2.6075,1.1939,1.926,2.6817,1.4614,2.8055
0.4425,1.3729,2.8678,2.4622,-1.045,-0.7473,-1.0305,0.8002,-0.1519,2.7364,1.3974,1.7146,2.8123,1.6016,2.827
0.4568,1.8128,2.8234,1.8526,-0.9129,-0.5968,-0.5423,0.7729,-0.1047,2.8255,1.3853,1.7422,2.7181,1.6471,2.41
0.4037,1.3209,3.3421,1.9962,-0.9777,-0.426,-0.3487,0.4575,-0.262,2.7595,1.525,2.2791,2.8442,1.4776,2.4048
0.3646,1.9057,2.9838,1.6992,-1.0244,-0.7148,-0.5107,0.4935,-0.5004,2.8498,1.5303,2.3744,2.9601,1.6937,2.664
0.3518,1.5302,2.7062,1.6171,-1.0175,-0.7692,-0.5622,0.1494,-0.5304,2.5761,1.1535,2.1356,3.031,1.909,2.488
0.2208,1.3674,2.409,1.6862,-1.0375,-0.4999,-0.9614,0.1124,-0.0869,2.3828,0.9604,1.9384,3.1513,2.2249,2.5603
0.1867,0.8873,2.0471,1.5791,-1.0488,-0.5682,-0.8604,0.1962,0.217,2.5218,0.8961,1.8038,2.9082,2.4483,2.5014
0.2265,1.0341,2.0851,1.5366,-1.0842,-0.5709,-0.716,0.151,0.3128,2.4672,0.4302,1.8625,3.0332,2.3793,2.5065
0.1317,0.8711,2.2307,1.7124,-1.1075,-0.5364,-0.5985,0.1995,0.4286,2.2514,0.5418,1.6451,3.2919,2.2381,1.9574
0.2169,0.9777,2.2375,1.5536,-1.0781,-0.4686,-0.6216,0.1693,0.193,2.3123,0.4923,1.7651,3.3706,2.1557,2.3869
0.1722,0.5074,2.3115,1.4961,-1.1575,-0.7167,-0.4973,0.4357,0.5001,2.0934,0.4325,1.3288,3.3347,2.0507,1.8673
0.3465,1.5726,2.0506,1.3581,-1.2749,-1.0698,-0.7472,0.9692,1.0203,1.7686,0.2722,1.3573,3.3412,2.1744,1.2669
0.2054,1.185,2.6524,1.627,-1.2526,-1.0983,-0.7229,0.9965,0.8878,1.1379,0.2281,1.1054,3.2462,1.667,0.9633
0.3868,0.9154,3.1601,1.8644,-1.0666,-0.6405,-0.7952,1.1371,0.9939,1.1564,0.6963,0.6352,3.228,0.9793,1.0599
0.2856,1.1667,3.3509,1.2131,-0.7734,-0.7582,-0.6619,1.4842,0.7479,1.51,0.9907,0.8185,3.0943,0.6035,0.6662
0.317,1.0691,3.6665,1.2814,-0.5685,-0.6623,-0.7899,1.6018,0.5402,1.6645,0.9299,1.5549,2.9262,0.383,1.4311
0.3341,1.2995,3.4585,1.4079,-0.4911,-0.768,-0.6587,1.4983,0.1685,2.0846,1.1284,1.6833,2.768,0.311,1.6928
0.4673,1.3773,3.5929,1.4132,-0.2897,-0.8889,-0.5967,1.9788,0.3229,2.6305,1.0494,1.8151,2.7423,0.2773,2.3622
0.3759,1.4814,3.7369,1.5371,-0.3664,-0.9719,-0.3801,2.4716,0.902,2.6991,1.1656,2.0082,2.54,0.7372,2.7255
0.4148,1.7733,4.3086,1.5068,-0.2753,-0.5161,-0.1919,2.1205,0.2507,2.8509,1.6829,2.1006,2.6207,0.4882,3.094
0.368,1.7462,4.1768,1.4156,-0.2812,-0.6843,-0.3361,2.1328,-0.2695,2.8207,1.7369,2.2845,2.8164,0.6138,3.1359
0.103,1.6578,3.7491,1.1351,-0.4834,-0.378,-0.3256,1.4351,-0.6409,3.1069,1.6098,1.8809,2.8233,0.436,3.2881
0.2376,1.6757,3.2071,0.9318,-0.4039,-0.4442,-0.2533,1.5252,0.1887,2.8205,1.3185,2.381,2.9677,0.9989,3.3546
0.2489,1.3556,3.1848,0.9985,-0.4633,-0.3333,-0.3891,1.462,0.2552,2.8169,1.1938,2.2456,2.9016,1.2367,3.0912
0.3624,0.6506,3.3485,1.6738,-0.4573,-0.6576,-0.6673,1.223,0.2739,2.7039,1.0444,2.4863,2.9245,2.2087,3.4242
0.4229,0.9239,2.9459,2.5748,-0.5541,-0.7222,-0.5724,1.1611,0.3237,3.4871,1.4383,2.2849,3.0261,2.3273,3.5148
0.0598,1.0603,2.8908,2.1849,-0.6529,-0.4027,-0.4866,0.5493,0.3912,2.7471,1.4857,2.2395,3.211,2.0711,3.4254
0.3365,1.2819,2.8155,2.0387,-0.8061,-0.6707,-0.5425,0.3043,0.3505,2.6922,1.3665,1.9744,3.2366,2.1883,3.5639
0.3021,1.6243,2.496,1.9852,-0.7856,-0.7141,-0.6868,0.1388,0.6418,2.5213,1.3252,2.2996,3.6073,2.4992,3.2765
0.3294,1.5501,2.4016,1.7649,-0.6684,-0.6268,-0.8179,-0.2353,0.3691,2.7028,0.8747,2.6847,3.5977,2.3748,3.3761
0.546,1.2816,2.2781,1.9353,-0.7082,-0.7372,-0.8393,-0.0402,0.4848,2.6235,0.9363,2.4833,3.762,2.5966,3.01
0.2878,1.0382,1.9184,2.168,-0.8571,-0.7012,-0.8957,-0.1389,0.4359,2.8072,1.2138,2.2717,3.6687,2.9073,3.5105
0.6507,0.9036,0.799,2.1016,-0.9183,-0.8241,-0.8619,-0.3469,0.7251,2.4392,0.7062,1.9598,3.5319,2.9749,3.2693
0.5855,1.1645,1.0013,2.2449,-1.0002,-0.8226,-0.899,0.0424,1.7039,2.4001,-0.1646,1.4755,3.6986,3.1431,2.9049
0.5305,0.5721,1.5916,1.71,-1.1896,-0.7051,-1.0188,0.331,2.098,2.1442,-0.2331,1.0777,3.476,2.8497,2.2952
0.5461,0.7292,2.4685,1.9935,-1.0398,-0.7139,-1.0915,0.4913,1.7342,1.9946,0.1624,-0.1879,3.3349,2.6008,1.8115
0.5218,0.6609,2.5208,2.1322,-0.8552,-0.6957,-1.0308,0.7059,1.4043,1.8444,0.4872,0.3061,3.3686,2.1947,1.5861
0.4692,1.1003,2.667,2.0576,-0.7797,-0.3995,-0.9318,0.5222,1.5564,1.5927,0.9351,0.4535,3.2676,1.7975,1.6264
0.4503,1.1801,2.7956,2.334,-0.5618,-0.8193,-0.83,0.6781,1.4942,1.7897,0.9338,1.05,3.3213,1.7908,1.7103
0.4181,1.1436,2.6382,2.0529,-0.7052,-0.9308,-0.8688,0.8297,1.205,1.8913,0.9095,1.2262,3.4466,1.6962,1.7485
0.4686,1.1519,2.8946,2.3194,-0.7452,-0.9595,-0.8609,0.9072,1.1218,1.8374,1.1596,1.4705,3.0841,1.5175,1.8797
0.4863,1.4816,2.635,2.4497,-0.4542,-1.0278,-0.8732,1.3376,1.3012,1.6725,1.2895,2.0031,2.8632,1.3477,1.9647
0.5209,1.8543,2.73,2.2388,-0.3032,-0.8854,-0.8261,1.4669,1.1757,1.2103,1.1132,1.66,2.7466,0.648,1.586
0.3118,1.1982,3.0398,2.1575,-0.2923,-1.0777,-0.8844,2.2471,1.2148,1.2421,0.932,1.8281,2.582,0.4864,1.3749
0.4082,0.8566,3.673,2.2084,-0.0902,-1.0207,-1.3068,2.6016,1.235,0.9968,1.2536,2.0393,2.4971,0.2557,1.6711
0.3863,1.1967,4.9332,2.3315,0.0924,-0.8844,-1.0229,2.4299,0.8395,1.5748,1.8123,2.0054,2.5284,-0.2535,1.1359
0.3303,1.6301,4.9282,2.2254,0.3716,-0.6148,-0.8257,2.426,-0.2733,1.9051,2.4629,2.4593,2.5694,-0.3726,1.9631
0.2519,2.1493,4.5894,1.7436,0.6875,-0.657,-0.7858,2.073,-0.7931,2.9006,2.362,2.7066,2.6608,-0.1052,3.6037
0.2811,1.6074,4.1092,1.8799,0.7105,-0.5841,-0.5941,1.9087,-0.5989,3.4439,2.0941,3.4367,2.7167,0.7886,3.5203
0.2514,1.6844,3.6312,1.7367,0.3917,-0.4996,-0.3596,1.2795,-0.6234,3.6038,2.0051,3.2986,3.1137,0.9087,4.081
0.349,2.6876,3.0433,1.8667,0.238,-0.5568,-0.4142,1.0122,-0.6581,3.5852,0.8426,3.3542,3.2305,0.6461,3.9426
0.2827,3.0476,3.3352,1.5004,0.0183,-0.1865,-0.3251,1.1426,-0.0657,3.1698,0.7855,2.7588,3.2847,1.3302,3.6699
0.3486,2.4226,3.25,1.4527,-0.0325,-0.3908,-0.4464,1.1032,0.1261,2.5223,0.698,2.2942,3.2412,1.7257,2.9496
0.2578,1.5709,3.2967,1.9297,-0.0705,-0.2164,-0.3815,1.055,0.3631,2.0659,0.8594,1.6661,3.3164,1.8875,2.7012
0.2738,1.2012,3.0074,1.8935,-0.2971,-0.1874,-0.5449,0.8066,0.4769,2.0735,0.9512,1.8757,3.3532,1.4207,2.2054
0.0766,1.1811,2.8011,1.9592,-0.1638,-0.0414,-0.5654,0.864,0.785,2.0547,0.7718,1.9876,3.1597,1.4401,1.6341
0.1662,0.7968,2.9837,2.2491,-0.2186,-0.298,-0.5732,1.4746,1.0401,1.9912,0.7838,2.0218,2.9871,1.6672,1.4919
0.1472,0.7347,3.2708,2.2562,0.0302,-0.667,-0.5702,1.5966,0.9918,2.4827,1.0727,2.0822,2.9017,1.1445,2.2827
0.4665,0.3471,3.6451,2.6395,-0.2537,-0.7228,-0.5988,2.0117,0.7037,2.853,1.3328,1.9137,2.6715,1.3909,2.5802
0.2421,1.1756,3.9471,2.9321,-0.1195,-0.4974,-0.5002,1.7571,0.4728,2.9407,2.1259,2.1789,2.9039,1.1523,3.3557
0.3251,1.5491,3.8686,2.4719,-0.1738,-0.4938,-0.709,1.3204,-0.0634,2.9578,1.9212,2.5925,3.0489,0.669,3.3877
0.1481,1.836,3.615,2.2479,0.0407,-0.6622,-0.6522,1.4403,0.2201,2.7118,1.5965,2.7501,2.9616,0.7974,3.1886
0.1324,1.1304,3.3855,2.1011,0.0398,-0.2977,-0.5917,1.4064,0.2364,2.6542,1.3515,2.4883,2.8969,1.0474,2.9704
0.2096,1.3323,3.2748,2.058,-0.05,-0.3201,-0.6885,1.5335,0.2796,2.8027,1.2221,2.4462,2.9337,1.3412,2.9841
0.1288,1.1284,3.2294,2.2086,-0.1953,-0.2642,-0.7176,1.3501,0.5942,2.6437,1.0164,2.2961,3.093,2.0161,2.5645
0.1991,1.1913,2.9965,1.9149,-0.3439,-0.3122,-0.5391,1.2819,0.811,2.6196,0.971,1.9932,3.2338,1.8641,2.1303
0.1839,1.3033,2.7642,2.033,-0.4801,-0.252,-0.5231,1.1477,0.8083,2.6046,0.8099,1.839,3.2486,1.9783,2.1206
-0.1014,1.1928,2.0811,2.0938,-0.563,0.0108,-0.5407,1.3164,0.7918,2.5122,0.7831,1.4896,2.9728,1.9165,2.053
-0.043,1.1488,2.5516,2.3677,-0.841,-0.3598,-0.5995,1.6081,1.6248,1.9533,0.74,1.2174,3.0022,1.9513,1.4478
-0.1011,1.7759,2.4384,2.04,-0.6631,-0.2968,-0.7118,1.7311,1.287,1.6257,0.6521,1.2513,3.0174,1.459,1.2566
0.2429,1.0795,2.8945,2.2119,-0.4986,-0.1898,-0.7396,1.9015,1.6786,1.2535,0.8986,1.6976,2.9041,1.2932,1.1903
0.192,1.3508,2.9236,1.8306,-0.1292,-0.4378,-1.0263,2.2279,1.4342,2.2571,1.2728,1.2164,2.7895,0.9409,1.6701
0.2362,1.279,3.516,1.9579,-0.1553,-0.1596,-0.9128,2.3004,1.4793,2.1991,1.4156,1.7117,2.8226,0.6965,1.6433
0.2824,1.4425,3.9539,1.5987,-0.3079,-0.4181,-0.7833,2.5194,1.3405,2.4039,1.3751,1.7601,2.7571,0.6962,1.2817
0.1869,1.4243,3.8724,1.8649,-0.2652,-0.5521,-0.5126,2.6911,1.4247,2.2481,1.3454,1.9054,2.8104,0.4913,0.9576
0.2002,1.406,4.6497,2.1168,-0.3961,-0.6525,-0.6048,2.8393,0.4055,2.2713,1.5309,2.2767,2.8795,0.383,1.045
0.2223,1.8428,4.7234,2.0523,-0.0813,-0.4948,-0.4485,3.1874,-0.2002,2.4628,1.8939,2.2795,2.617,-0.257,1.6253
0.3106,1.7956,4.8554,1.9263,0.1446,-0.6137,-0.4505,3.657,0.2205,2.2757,2.1161,2.4625,2.5061,0.046,1.8211
0.4245,1.3557,5.1873,2.0804,0.3093,-0.6629,-0.4566,3.5528,0.0655,2.3013,2.4674,3.0313,2.3722,-0.1137,1.6682
0.3493,1.9328,6.0821,1.7223,0.3565,-0.6312,-0.4238,3.6934,-0.0752,2.8846,2.7224,3.0596,3.0741,-0.3388,2.5855
0.3362,2.1767,5.7728,1.546,0.5879,-0.7766,-0.2401,3.1785,-0.7446,3.6291,2.6913,3.6367,2.7991,-0.0517,3.0907
0.2845,2.0651,4.8759,1.578,0.4599,-0.7289,-0.2476,3.1445,-0.9387,3.4359,2.4547,4.5993,3.0743,0.2233,3.7251
0.5531,2.0806,4.6815,1.5163,0.5352,-0.5666,-0.0107,2.8875,-0.8853,4.007,2.3813,4.8107,2.9175,0.835,4.0737
0.3438,1.8683,4.4933,1.6515,0.2321,-0.5981,0.063,2.3204,-0.956,3.9555,2.0874,4.3406,3.1491,1.5547,4.5013
0.2533,1.859,4.2363,1.8488,-0.1484,-0.5905,-0.1107,1.8377,-0.9269,3.8487,2.0306,4.1494,3.5053,1.9291,4.5552
0.2248,2.2707,3.1884,1.7606,-0.1391,-0.5959,-0.3507,1.233,-0.7192,3.6251,1.8121,3.4966,3.5958,2.5028,3.9927
0.4036,1.8824,3.481,1.463,-0.2919,-0.532,-0.3571,0.835,-0.0585,3.5867,1.6073,3.2373,3.6029,2.7647,3.4542
0.4283,2.2559,3.1051,1.623,-0.761,-0.6149,-0.4982,0.3464,0.1465,3.5035,1.2673,2.7705,3.7793,3.0973,3.2858
0.401,1.4291,2.5907,2.1044,-0.786,-0.689,-0.6237,0.219,0.5236,2.5417,1.1446,3.3964,3.8244,3.0966,3.5154
0.2118,1.4423,1.8676,1.9496,-0.7559,-0.3832,-0.821,0.0154,0.7957,2.9676,0.9223,2.8795,3.892,3.0913,3.1268
0.2845,0.8441,1.6682,2.6851,-0.9114,-0.5549,-0.6556,-0.0125,1.0817,2.6946,0.9535,2.7122,3.8015,3.3423,2.9277
0.4938,0.712,1.9195,2.3331,-0.9594,-0.4899,-0.7576,-0.2236,1.3284,2.8008,0.8336,2.3899,3.9536,3.3102,2.6502
0.3793,0.89,1.8724,2.1115,-1.1524,-0.2169,-0.8252,-0.1939,1.6766,2.7479,0.6832,1.9648,3.9352,3.194,2.6947
0.486,1.2489,1.721,2.0336,-1.1695,-0.5027,-0.9872,-0.049,1.872,2.9525,0.4,1.8842,3.6955,3.3691,2.5006
0.5869,1.8714,1.7676,1.9954,-1.1066,-0.6439,-0.7229,0.2187,1.7647,2.3866,0.3417,1.3193,3.6715,3.3418,1.6838
0.3838,1.5073,1.7078,1.7579,-1.0428,-0.7872,-0.8016,0.301,1.7995,1.8314,0.1417,1.2259,3.7976,3.2252,1.3423
0.9445,1.3069,2.4684,1.9167,-0.9429,-0.6497,-0.7729,0.4848,2.3852,2.0167,0.4703,1.3905,3.6803,3.0394,1.1544
0.8373,1.448,2.4654,1.7312,-0.9573,-0.6298,-0.9794,0.5821,1.8684,2.3146,0.5192,2.0273,3.5057,2.4819,1.1317
0.5666,1.819,2.3231,1.5616,-0.644,-0.4748,-1.2352,0.8776,1.6658,2.1498,0.1136,1.6195,3.5401,1.9524,1.0036
0.495,1.5983,2.5547,1.5868,-0.6321,-0.3736,-1.1233,1.3496,1.8173,1.701,0.3056,1.1091,3.3007,1.7767,0.5279
0.8342,1.7494,3.1407,1.5642,-0.2941,-0.4116,-1.1587,1.5397,1.833,1.1628,0.2703,1.0538,3.2698,1.2477,0.3148
0.7439,2.2721,3.7054,1.6986,-0.2941,-0.4523,-0.7316,2.1434,1.7809,1.5743,0.848,0.9303,2.922,0.5397,0.8125
0.3548,2.0606,4.182,1.5989,-0.5421,-0.5308,-0.6882,2.7081,1.8012,1.4544,0.9324,1.1559,2.7532,0.0421,0.6399
0.5331,1.7974,4.4929,1.8143,-0.2097,-0.0563,-0.7399,2.9121,1.1874,1.0766,1.3806,1.5473,2.9044,-0.536,0.9331
0.7685,2.4678,4.7561,1.3212,0.0651,-0.0091,-0.7749,2.9042,0.689,1.8754,1.4344,1.8882,2.7399,-0.9024,1.3501
0.7717,2.5436,4.8872,1.4555,0.2055,-0.1206,-0.71,3.2129,0.5294,2.2108,1.6671,2.2755,2.5927,-0.8138,1.6846
0.9351,2.5154,5.1504,1.203,0.1765,-0.5604,-0.7438,3.2921,0.1646,2.177,1.6208,2.4362,2.5729,-0.8038,2.0687
0.7344,2.4811,5.3846,1.5683,0.4135,-0.4289,-0.7447,3.1388,-0.0436,2.7017,2.2116,2.4356,2.5601,-0.722,2.5371
0.7066,2.1103,5.3046,1.289,0.4943,-0.4227,-0.4419,3.017,-0.5715,3.0795,2.2022,2.8274,2.5487,-0.6157,3.0524
0.5545,2.2931,5.1716,1.1868,0.676,-0.2486,-0.3836,2.7762,-0.5759,3.3027,2.1967,3.0837,2.8314,-0.8363,3.4753
0.5492,2.1006,4.6626,1.0983,0.5729,-0.0072,-0.1592,2.6633,-0.5556,3.6739,2.0138,3.681,2.9693,-0.1787,3.7938
0.5073,2.3314,4.7629,1.2051,0.3855,-0.0256,-0.2174,2.5564,-0.6623,4.1134,1.9055,3.2736,3.2179,-0.0864,4.1935
0.5728,2.3496,4.6853,1.4683,0.2065,-0.1924,-0.4089,2.0637,-0.6991,3.8321,1.8562,2.7706,3.3394,0.2145,4.4566
0.7853,3.0462,4.1899,1.9775,0.1423,-0.3701,-0.4877,1.9142,-0.3724,3.7541,2.0968,2.6577,3.1283,0.5219,4.0645
0.7797,2.2571,4.2651,1.705,-0.0133,-0.3398,-0.4893,1.5132,-0.5903,3.6804,1.9202,2.6204,3.2724,0.7369,4.0543
0.718,2.4494,3.68,1.2903,-0.2225,-0.3684,-0.6701,1.5644,-0.2892,3.5246,1.6395,2.819,3.3063,1.4626,3.8332
0.764,2.0995,3.4666,1.4974,-0.1723,-0.3661,-0.6706,1.0103,-0.3666,3.4165,1.691,3.0898,3.5565,1.7067,3.703
0.7649,1.9726,3.4236,1.7068,-0.4551,-0.4649,-0.7538,0.8462,-0.2507,3.8951,1.7027,3.1227,3.8211,1.1409,3.4337
0.7696,2.197,3.1247,0.9667,-0.5206,-0.4413,-0.8591,0.7618,-0.0884,3.2907,1.451,2.7266,3.9537,1.7935,3.5847
0.6933,2.1144,2.8742,1.1518,-1.0094,-0.4585,-0.924,0.2725,0.1074,3.7788,0.9552,2.7917,3.9739,1.7509,3.5088
0.7928,1.615,2.6963,1.5331,-0.8228,-0.2913,-1.1169,0.4643,0.4003,2.866,0.9807,2.6213,3.8934,2.3809,2.8842
0.8779,1.3718,2.8347,2.0409,-0.7548,-0.5268,-1.1528,0.2782,0.128,2.7078,1.3983,2.1604,3.745,2.2811,2.7107
0.9025,1.3936,2.7784,1.3911,-0.5725,-0.4696,-1.1108,0.1022,0.2281,3.009,1.0296,1.9921,3.7079,2.3881,2.621
1.0189,1.4108,2.6144,1.7366,-0.6122,-0.5682,-1.228,0.2014,0.5584,2.97,1.0096,1.7659,3.801,2.6894,2.2183
1.0733,1.5812,2.2319,1.4351,-0.6312,-0.2301,-1.0077,0.023,0.9048,2.8079,0.7498,1.8286,3.6309,2.4762,1.9655
1.0664,1.328,2.4035,1.7144,-0.7679,-0.3679,-0.7894,0.1908,0.9854,2.7102,0.8097,1.8567,3.6263,2.4105,1.9626
0.9596,0.9788,2.2634,1.6297,-0.7647,-0.4496,-0.7246,0.2065,0.9942,2.5283,0.782,1.9372,3.4318,2.5002,1.6694
0.9463,1.5978,2.6039,1.4192,-0.7323,0.178,-0.8604,0.2499,1.1113,2.2791,0.666,1.6733,3.7154,2.2227,0.6047
1.0422,1.6525,2.8145,1.3422,-0.6576,-0.4534,-0.8783,0.6537,1.3208,1.899,1.5015,1.165,3.5485,2.055,1.2176
1.0989,2.0406,3.1359,1.4097,-0.5476,-0.6601,-0.9709,0.7983,1.3536,1.9177,1.2726,1.4005,3.5802,1.8716,1.5552
1.0112,1.5359,3.4028,1.2736,-0.3365,-0.6326,-1.2027,0.8983,1.0653,1.843,1.0894,1.8117,3.6709,1.3872,1.6616
0.8305,1.4801,3.2362,1.312,-0.327,-0.6654,-0.9677,1.3623,1.01,2.2137,1.1266,1.7544,3.6233,0.8775,2.0294
0.2863,1.3968,3.2142,1.434,-0.3858,-0.2639,-0.8372,1.4527,1.3422,2.0493,1.1509,2.0766,3.4151,0.9706,1.8423
0.6753,1.15,3.3663,1.1698,-0.401,-0.1694,-0.7698,1.4285,0.984,1.7588,1.0765,2.2413,3.4733,0.8005,1.6381
0.7542,1.5101,3.5684,1.3363,-0.2457,0.0222,-0.8522,1.4125,0.9872,2.0885,1.147,2.4014,3.4724,0.6425,1.4099
0.839,1.3132,3.6946,1.3841,-0.2886,0.1711,-0.628,1.543,0.7335,2.1168,1.3831,2.5235,3.5409,0.5679,1.8365
0.8746,1.1702,3.6396,1.0305,-0.6257,0.0432,-0.5376,1.6219,0.5925,2.3513,1.1999,3.1905,3.399,0.4227,2.3913
0.9518,1.5571,3.9303,1.3693,-0.4117,0.2719,-0.8306,1.6678,0.4932,2.4496,1.2751,3.0,3.3854,0.8054,2.3718
0.8613,1.887,4.1,1.3567,-0.19,0.1617,-0.8543,1.5848,0.4447,2.3463,1.3774,2.4287,3.396,1.1913,2.4359
0.9539,1.8731,4.115,-0.4671,-0.0907,0.1218,-0.7062,1.7233,0.1772,2.411,0.6258,2.3019,3.8132,0.9992,2.0765
1.0255,1.5976,4.0421,0.634,-0.1439,0.0101,-0.6066,1.7347,0.6034,2.4424,0.6429,1.8796,3.5671,1.2386,2.0015
1.0323,1.7589,4.1714,1.1676,-0.3045,-0.3595,-0.6822,2.1854,0.8867,2.5096,1.1681,1.6123,3.6491,1.4638,2.3542
1.1425,1.734,4.2566,1.1709,-0.0921,-0.3686,-0.8474,2.0058,0.7108,2.6048,1.3216,1.5676,3.5525,1.1927,2.834
1.0455,1.73,4.5196,1.3202,-0.1155,-0.5365,-0.6486,2.125,0.634,2.1933,1.6395,2.1164,3.4913,0.6617,3.3339
1.0887,2.2339,4.7149,1.4223,-0.101,-0.619,-0.6697,2.4602,0.5397,2.628,1.8689,2.3749,3.4041,0.9523,3.999
0.9484,2.1613,4.8966,1.6254,-0.1061,-0.4677,-0.7473,2.1343,0.0379,3.1725,1.9747,2.1323,3.3317,1.2243,3.984
0.873,1.7907,4.3472,1.303,-0.2402,-0.3687,-0.6415,1.9518,-0.0428,2.9415,1.7818,2.4227,3.8169,1.4178,3.9655
0.8703,1.7165,4.5129,1.3796,-0.2866,-0.1639,-0.7669,1.6845,-0.3305,3.1464,1.8185,2.6153,3.8866,1.1941,4.0448
0.8109,1.772,3.7445,1.552,-0.2971,-0.3637,-0.9344,1.6385,-0.0544,3.1926,1.5226,2.1412,3.7231,2.5951,4.0264
0.7337,1.6806,3.6403,2.2606,-0.1432,-0.1438,-0.7977,1.0103,0.0191,2.5135,1.7878,2.3894,3.7304,2.5988,3.8164
0.8974,1.3425,3.2805,1.799,-0.0881,-0.1141,-0.7175,0.6692,-0.3492,3.2089,1.8376,2.5406,3.5836,2.5739,3.5922
1.1728,1.9015,3.2924,1.5764,-0.3983,-0.245,-0.5927,0.6411,0.2651,3.1324,1.6864,2.3001,3.9215,2.9306,3.6413
1.0337,1.5194,2.8563,1.4919,-0.3767,-0.2725,-0.775,0.4441,-0.0327,2.9935,1.3964,2.7141,4.0669,3.0231,3.6011
0.7969,1.8321,2.4812,1.3911,-0.4887,-0.2626,-0.6644,0.3066,0.4886,3.0936,1.0241,3.2477,3.4145,3.0709,3.288
0.8245,1.7224,1.2967,1.003,-0.5806,-0.2884,-0.6061,0.7624,1.144,2.5971,0.4408,2.7866,3.9455,3.3047,3.4283
0.7038,1.667,1.821,1.2392,-0.8095,-0.2461,-0.6515,1.007,1.7381,2.8194,0.1752,1.8634,4.115,2.9692,2.818
0.9753,1.2978,2.4086,1.2327,-1.1698,-0.8082,-0.8319,1.3568,1.8651,1.85,0.1565,1.3659,3.9279,2.4773,1.9209
1.1107,1.3194,3.1228,1.473,-1.0431,-0.7358,-1.0817,2.1223,1.6632,1.3877,0.8869,1.2032,3.949,2.4047,1.5278
1.1398,1.2526,3.9882,1.6366,-0.8107,-0.8017,-1.1091,2.0148,1.6716,1.4083,1.2095,1.3937,3.9208,1.7478,1.5103
1.1683,1.6986,3.7837,1.7156,-0.5025,-0.933,-1.2176,2.3741,1.2861,1.9165,1.3832,1.7627,3.6054,1.1975,2.2383
1.0254,1.297,3.7812,1.727,-0.363,-0.831,-1.2748,2.676,0.8914,2.1387,1.7936,2.044,3.369,1.5065,2.2797
0.8667,1.7239,3.5846,1.6787,-0.3951,-0.7224,-1.3982,2.9677,0.9638,2.3796,1.7042,2.1854,3.0502,1.3512,2.39
1.0822,1.8578,4.5276,1.6917,-0.4191,-0.6099,-1.0675,3.166,1.2474,2.1908,1.8531,2.0085,3.0171,1.0538,2.2449
0.996,2.6724,4.6333,1.5907,-0.5443,-0.6039,-1.1823,3.0423,0.6102,2.3615,2.0282,2.2201,2.9206,0.6982,2.1383
1.0812,2.4614,4.9709,1.3497,-0.2545,-0.8305,-1.1726,3.265,0.5424,1.7568,1.4893,2.1978,2.7829,0.4775,2.0487
0.8014,2.0079,4.8334,1.6956,0.1004,-0.7116,-0.9633,3.5491,0.3828,2.0398,2.1643,2.3375,2.5477,0.2924,1.8317
0.8298,1.9393,4.9573,1.6287,0.3086,-0.6628,-0.6929,3.75,0.2807,2.4723,2.4603,2.2338,2.5924,-0.157,2.476
0.9365,2.3658,5.4908,1.3951,0.4493,-0.5709,-0.6348,3.5223,-0.0932,2.6081,2.4055,2.6964,2.6819,-0.0755,2.3539
0.9252,2.9049,5.1685,0.8207,0.4266,-0.5716,-0.5478,3.5182,-0.0589,3.2095,2.4753,2.5618,2.8559,0.2143,3.0287
1.0703,2.461,5.7781,1.0161,0.2533,-0.6652,-0.525,3.3598,0.0468,3.1599,2.3568,3.0894,2.939,0.171,3.1162
0.8497,2.5222,5.4281,1.1638,0.2289,-0.7551,-0.4106,3.6893,0.0077,3.2048,2.499,2.8961,3.0017,0.5123,3.3065
0.9702,2.294,5.7811,0.9685,0.2264,-0.6257,-0.5241,3.2821,-0.3372,3.0836,2.6115,2.9683,3.281,0.1207,3.3708
0.6726,2.282,4.9287,0.9373,0.21,-0.6775,-0.5453,3.0151,-0.5388,3.1526,2.3328,3.2835,3.2026,0.6656,3.5829
0.8296,2.5559,4.8781,0.9689,0.0816,-0.9249,-0.526,2.8639,-0.272,2.9585,1.9659,3.4353,3.1422,1.0958,3.4777
0.8186,2.393,4.8653,0.5799,0.1093,-0.9333,-0.6292,2.9372,0.0872,2.9975,1.7263,3.3342,3.0983,0.8439,3.5208
0.9568,3.538,4.6703,0.9972,-0.0673,-0.717,-0.5396,2.7904,0.5664,3.0003,1.8373,3.0916,3.252,1.1484,3.5019
0.8251,2.8888,4.5279,1.3825,-0.0433,-0.9779,-0.608,2.8389,0.237,2.6714,1.8876,2.9922,3.2508,1.3627,3.4235
0.8046,2.5248,4.5567,1.2362,-0.0578,-0.6634,-0.7054,2.4831,0.1034,2.8454,1.8568,3.4902,3.2373,1.447,3.1121
0.7112,1.7834,4.2048,0.9605,-0.0202,-0.7795,-0.6405,2.493,-0.1008,3.1114,1.836,3.2099,3.3802,1.6171,3.4594
0.846,2.1129,4.7704,1.2478,-0.3061,-1.2471,-0.7056,2.171,-0.0534,3.313,1.4999,3.2141,3.5957,2.6021,3.4454
0.6903,2.3633,4.4113,0.7197,-0.467,-1.1261,-0.6385,1.8027,-0.3306,3.2208,1.536,3.0868,3.5828,2.6081,3.1115
0.5708,2.3885,3.8677,0.9343,-0.3569,-1.0022,-0.8172,1.6302,0.1521,2.6601,1.7158,3.0566,3.6085,2.9394,3.1507
0.6133,2.2776,3.4873,1.3573,-0.4735,-1.2839,-0.9637,1.073,0.0862,2.6672,1.6234,2.8775,3.8207,2.8558,2.5416
0.6332,1.8262,2.9088,0.9621,-0.5444,-1.1274,-1.0584,0.406,0.1519,2.9593,1.154,2.7293,3.7824,3.0915,2.3552
0.6383,1.801,2.2444,1.1321,-0.7506,-0.3558,-1.0567,0.1008,0.5069,3.1368,0.5317,2.3978,3.7932,3.6182,2.4827
0.9082,1.8715,2.4219,1.138,-1.064,-0.6575,-1.1043,0.3489,1.501,2.6579,0.3071,1.6286,3.9581,4.2605,2.3959
0.8177,1.5496,2.3667,1.5435,-0.9403,-1.1104,-1.1786,0.0353,1.435,2.5732,0.4342,1.2986,4.0378,3.709,2.1983
0.8832,1.1638,2.3595,1.1796,-0.9028,-1.1931,-1.3116,0.1805,1.7843,2.7291,0.1718,1.1997,4.2299,3.577,2.0292
0.746,1.8141,1.6702,0.9879,-0.925,-1.2617,-1.2163,0.7153,2.0049,3.003,-0.0886,1.2189,4.1938,3.5944,1.7861
0.5811,1.0568,2.2897,1.255,-1.1924,-1.156,-1.3294,0.8458,2.2439,2.19,0.0687,1.2077,3.799,3.1438,1.3768
0.5375,1.2826,2.21,1.2985,-1.012,-1.1308,-1.3441,1.3282,2.2454,1.9967,0.2901,1.2367,3.6282,2.2994,1.583
0.5488,0.6518,3.0051,1.8119,-0.917,-1.077,-0.9772,2.0323,2.4796,1.8738,0.8499,1.0336,3.474,2.3977,1.6385
0.6645,1.1375,3.8762,1.6108,-0.9878,-1.1963,-1.1199,2.1042,1.8872,1.9864,1.1102,1.4272,3.4474,1.6072,1.7292
0.6196,1.6347,4.1271,1.4764,-0.7557,-1.2932,-1.0882,2.2645,1.476,2.4976,1.5194,1.8249,3.3224,1.7617,1.8835
0.4858,1.4835,4.2649,1.4023,-0.4343,-1.363,-1.1759,2.3554,1.0438,2.3035,1.828,2.0277,3.135,2.0245,2.2234
0.5961,2.0881,4.1576,1.5048,-0.5567,-1.2988,-1.405,2.0052,0.7242,2.717,1.8176,2.1796,3.1985,1.3721,2.317
0.2629,2.0917,3.4908,1.1868,-0.3182,-0.8942,-1.4973,1.8148,0.699,2.5816,1.8093,2.3197,3.2223,1.3932,2.5716
0.208,2.0152,3.5184,0.3758,-0.3894,-0.7863,-1.2692,1.68,0.7658,2.6166,1.2372,3.0162,3.1763,1.4224,2.458
0.3855,1.9354,3.6325,0.79,-0.496,-0.7805,-0.9907,2.1779,1.0884,2.8523,1.0622,2.9584,3.2603,1.7633,2.4358
0.5136,1.8401,3.7468,1.2852,-0.418,-0.4807,-1.0993,2.0641,0.9958,2.7886,1.031,2.462,3.4639,1.7889,2.4042
0.4122,1.9013,3.9301,1.7261,-0.3511,-0.5999,-0.8894,2.3021,1.0103,3.2283,1.697,2.2582,3.3847,1.7987,3.1394
0.5357,2.623,4.2801,1.1502,-0.6453,-0.7965,-0.9534,2.1902,0.8117,3.0899,1.6183,2.2698,3.5764,1.5456,3.0693
0.5456,2.1977,4.2241,1.2719,-0.5621,-1.0026,-0.9835,1.9938,0.2552,3.021,1.6596,2.4817,3.5591,1.6331,3.3047
0.2611,2.5556,3.8737,1.1859,-0.5386,-0.8301,-1.055,1.5388,0.3979,2.9713,1.1325,2.591,3.7761,1.9557,3.3396
0.2678,2.1578,3.3216,1.2475,-0.6202,-0.8005,-1.1133,1.6825,0.9751,2.5813,0.8845,2.337,3.6533,2.4802,2.9603
0.3917,2.0071,3.6964,1.0152,-0.6614,-0.8758,-1.0367,1.584,0.8911,2.3724,0.8479,2.2203,3.5392,2.1769,2.7806
0.2764,2.4975,3.7364,1.5728,-0.4848,-0.7583,-0.9992,1.4895,0.8499,2.4347,0.9486,1.9252,3.6557,2.589,2.6176
0.34,2.2346,3.8892,2.0084,-0.7942,-0.737,-0.9681,1.4316,0.8651,2.0986,1.223,1.7812,3.1657,2.4713,2.2221
0.256,2.1451,3.4234,1.8563,-0.4974,-1.0114,-1.2051,1.5496,0.9985,1.6565,1.2757,1.9299,3.3211,2.8522,2.3326
0.3687,2.7302,3.6766,1.512,-0.5017,-1.0199,-1.1595,1.2894,0.9586,2.2856,1.374,1.7613,3.5294,2.463,3.2214
0.2691,2.2958,3.9272,1.3922,-0.4606,-0.9793,-1.0986,0.7823,0.815,2.2107,1.2274,2.0396,3.7527,2.8982,3.0085
0.0826,2.2407,3.4451,1.8369,-0.3738,-0.7091,-1.043,0.5179,0.481,2.4397,1.3521,2.1359,3.9704,2.8574,3.1568
0.2234,1.7794,3.2144,2.193,-0.303,-0.808,-1.1315,0.3426,0.7383,2.6655,1.2612,2.4196,4.0218,2.8597,3.8392
0.3309,1.9888,2.7229,1.9026,-0.4273,-0.8592,-1.2588,0.3574,1.0501,3.1935,0.7868,2.173,4.0237,3.1855,3.2576
0.3776,1.8149,3.127,1.9401,-0.7564,-0.8398,-1.2246,0.1463,1.2157,2.9967,0.6691,2.3566,3.8397,2.9302,3.1758
0.3824,2.2871,4.1895,1.713,-0.6739,-1.2109,-1.4354,0.5363,1.1927,2.8426,0.6414,1.805,3.9661,3.1169,3.2046
0.3367,2.1025,3.798,1.6395,-0.4162,-1.016,-1.4865,0.2947,0.6497,2.776,0.6847,2.144,3.7988,3.0637,3.3628
0.2806,1.5727,2.7831,2.0644,-0.2525,-1.1102,-1.4588,0.3547,0.8735,3.2603,0.9313,2.1295,3.7375,3.5271,3.2634
0.3652,2.8137,2.6467,1.3819,-0.2931,-1.7181,-1.2591,0.3487,1.2418,3.1281,0.413,1.846,3.5046,3.6314,3.3506
0.1938,2.0943,2.5822,1.4959,-0.4276,-1.3639,-1.3205,0.6518,1.5332,2.5962,0.3334,1.8235,3.5513,3.4124,3.2676
0.2292,1.2306,2.6865,1.878,-0.4746,-1.3085,-1.4098,0.8479,1.9202,2.4819,0.5775,2.0012,3.6516,3.2101,2.4681
0.3347,1.6796,2.6801,1.4261,-0.5007,-1.4316,-1.3438,0.584,1.7204,2.7814,0.4206,1.9832,3.7841,2.7277,2.6767
0.235,1.4779,2.708,1.6019,-0.5382,-1.6647,-1.4292,0.9473,2.3084,2.749,0.397,1.8187,3.4418,2.5327,2.8229
0.2767,1.6671,3.5659,1.9524,-0.4396,-1.4462,-1.4596,1.4077,1.9833,2.8425,0.8168,1.3957,3.4357,2.4857,2.4834
0.3696,1.5314,3.5409,2.2675,-0.3426,-1.299,-1.5904,1.3734,1.5036,2.7575,1.0281,1.4693,3.3132,2.128,2.4609
0.3187,2.223,3.8669,1.7599,-0.4134,-1.3703,-1.7027,1.5207,1.6577,2.5773,0.9729,1.5842,3.1579,1.9198,2.6803
0.3084,1.6329,4.1802,1.5749,-0.1881,-1.1848,-1.7618,1.9261,1.7679,2.5172,1.0754,1.5583,2.9299,1.9167,2.7948
0.3137,1.7399,4.1922,1.5929,-0.0954,-1.213,-1.7578,2.1174,1.4229,2.5489,0.2531,1.7663,2.8288,1.5282,2.4618
0.4251,1.8372,4.3776,1.7138,0.1399,-1.3593,-1.4887,2.8615,1.4518,2.547,0.4971,1.7316,2.6374,1.0772,2.2019
0.1238,2.0156,4.4161,1.6803,-0.2106,-1.228,-1.5473,2.8008,1.2984,2.5264,0.7747,1.6116,2.554,1.1944,2.3655
0.0684,2.3923,4.7202,1.0481,-0.0307,-1.2204,-1.3605,3.2072,1.1625,2.2045,0.4574,1.7445,2.5964,0.9059,2.2677
0.0797,1.8657,5.32,1.6195,0.3177,-1.209,-1.3648,3.4336,1.0301,2.3728,1.2234,1.7227,2.595,1.108,2.329
0.0432,1.9359,5.5167,1.9329,0.4109,-1.3401,-1.2233,3.3582,0.8825,2.5015,1.2915,2.1268,2.6883,0.8685,2.6499
0.0151,1.8721,5.618,1.614,0.3356,-1.2937,-1.106,2.8771,0.1213,2.5834,1.5357,2.4414,2.7934,0.2654,2.7349
-0.0674,2.1057,5.3303,1.7062,0.4454,-1.1927,-1.1353,3.251,0.2015,2.8014,1.6656,2.265,3.0101,0.5122,2.8628
-0.109,2.1799,5.3826,1.5344,0.4469,-1.2096,-1.1084,3.0832,0.055,3.0399,1.4795,2.5247,3.1305,0.7038,3.4549
-0.0023,2.041,5.1365,1.5959,0.3123,-1.0799,-1.1263,2.7461,0.2175,3.0744,1.4863,2.6764,3.1978,1.0938,3.4692
-0.137,2.0393,5.076,1.9042,0.3471,-1.3274,-1.313,2.5016,0.0148,3.3636,1.3894,2.485,3.3209,1.6193,3.7517
-0.2602,1.8694,4.9384,1.6964,0.2774,-1.4725,-1.2845,2.1382,0.3185,3.2414,1.2533,2.7507,3.2396,1.6657,3.6233
-0.2506,2.0613,4.5895,1.8228,0.1871,-1.4331,-1.4157,2.0251,0.5448,3.2789,1.3778,2.6857,3.3922,1.9284,4.3734
-0.0736,2.1104,4.681,1.2235,0.1301,-1.3926,-1.3694,1.6452,0.6725,3.2054,0.2841,2.5463,3.5146,2.0734,3.8552
-0.1579,1.4998,3.9975,1.6755,0.3305,-1.5034,-1.2664,1.9074,0.7521,3.7024,-0.4043,2.4128,3.5217,2.3527,3.2918
-0.0709,1.5049,4.0874,1.8116,0.2397,-1.3678,-1.1605,2.4739,1.0278,3.7038,-0.1536,1.8957,3.5027,1.88,3.3503
-0.1217,1.6915,4.54,1.83,-0.0289,-0.9716,-1.2594,2.4037,1.353,3.5825,0.4612,1.7166,3.5272,1.5991,3.7337
-0.084,1.7262,4.7071,2.0232,0.024,-1.0242,-1.489,2.3023,1.2427,3.3549,0.7415,1.8603,3.3997,1.5981,3.8372
-0.0691,1.7021,4.5953,2.2367,0.0245,-1.0714,-1.4789,2.3241,0.9321,3.5558,0.9382,2.3072,3.1285,1.3478,3.8003
-0.0429,1.9187,4.5274,1.9869,0.1199,-1.2893,-1.4962,2.221,0.7489,3.2575,1.1506,2.4127,3.1406,1.2252,3.6727
-0.1039,2.0068,4.4515,2.0387,0.1728,-1.6623,-1.5225,2.5624,0.7669,3.1349,1.0028,2.7811,3.0438,0.8961,4.0163
-0.0705,2.3158,4.4864,2.0687,-0.0301,-1.3709,-1.505,2.9011,0.7987,2.8442,0.3932,2.6186,2.8276,0.9787,3.4278
-0.1153,2.1931,4.8472,1.8802,0.0977,-1.1879,-1.4142,3.1097,0.8404,2.41,0.707,2.1237,2.7111,0.6256,3.1076
-0.0321,2.0293,5.3745,1.7906,0.1859,-1.0576,-1.3487,3.1444,0.7429,2.1891,1.0892,2.4533,2.7359,0.4147,3.2461
0.0861,2.3624,5.6265,1.7433,0.5882,-1.1765,-1.1263,3.2304,0.4193,2.4993,1.4279,2.9186,2.903,1.7819,3.2765
0.1455,2.757,5.65,1.5642,0.7872,-1.5408,-0.9319,2.6357,-0.0998,3.3128,1.4502,2.8373,2.9438,0.7475,3.7616
0.1627,2.9008,5.1825,1.3225,0.6729,-1.2743,-0.7298,2.2131,-0.2332,3.7557,1.3061,3.1011,3.501,1.2304,4.3077
0.2081,2.4101,4.7876,1.9409,0.6776,-1.6963,-0.767,2.2308,0.2703,3.914,1.1838,3.39,3.6556,1.856,4.1181
-0.0168,2.9117,4.2228,1.5773,0.4875,-1.485,-0.8584,1.6818,-0.694,4.1053,1.0787,3.3128,3.8407,1.9728,4.9777
0.0899,2.5273,3.9835,1.6448,0.0362,-1.381,-0.8532,1.5794,0.2599,3.8003,0.7687,3.2374,3.8295,2.394,4.3867
0.0364,2.1186,3.7262,1.7015,-0.0413,-1.1663,-0.6981,0.938,0.3512,3.5129,0.5087,2.9792,3.9439,2.6593,3.9687
0.1445,2.0484,3.5081,1.8697,0.091,-1.1287,-1.175,0.665,0.7559,3.4382,0.3821,2.8443,4.2777,2.8911,3.5834
0.1802,2.1051,3.2651,1.9788,0.047,-1.0281,-1.0697,0.566,0.7664,3.9083,0.3072,1.8303,4.5136,3.3627,3.3216
0.166,1.9169,2.6395,2.0572,-0.0624,-1.109,-1.1023,0.4055,0.5809,3.9072,0.4297,2.6002,4.362,3.5118,3.3697
0.3217,1.9274,2.8073,1.5871,-0.4508,-1.0539,-0.9404,0.3148,1.32,3.6295,-0.3437,2.4249,4.4561,3.7399,2.9687
0.0498,1.6676,3.0442,2.3939,-0.5897,-0.7443,-1.1323,-0.0989,1.4216,3.4764,0.144,2.0079,4.7747,3.6843,2.9122
-0.1414,1.8468,2.5167,2.203,-0.5912,-0.757,-1.3073,-0.1516,1.283,3.4439,-0.0576,1.8866,4.7438,3.5144,3.0842
-0.0116,1.2803,2.2142,2.1906,-0.627,-0.7649,-1.294,-0.1844,1.3675,3.5605,0.0044,2.0333,4.6664,3.686,2.9257
0.0287,1.4887,2.1428,2.0377,-0.805,-0.9258,-1.4111,0.3941,2.0059,3.3947,-0.3385,2.0658,4.6121,4.1365,2.5711
0.2753,1.2568,2.5706,1.9042,-0.9127,-1.8235,-1.4932,0.617,2.387,3.0166,-0.5727,1.6382,4.3469,3.9706,2.1585
0.3562,1.6413,3.1447,1.7519,-1.043,-1.7602,-1.5549,1.0186,2.2893,2.7702,-0.3886,1.71,4.1144,3.2436,1.6274
0.2655,1.4728,3.3503,1.8012,-0.8085,-1.554,-1.5027,1.4363,2.2095,2.2855,-0.1885,1.4783,4.0334,2.8739,1.4131
0.4149,1.7648,3.5051,1.8484,-0.2734,-1.677,-1.5477,1.8252,2.3801,2.2808,0.0666,1.2484,3.7207,2.3912,1.7258
0.3387,1.6524,3.9869,1.3304,-0.2275,-1.3576,-1.3882,2.1766,2.0951,2.5648,0.1471,1.6368,3.4729,1.9366,1.6115
0.101,0.9957,3.9994,2.3953,-0.1846,-0.9484,-1.4057,2.4719,1.6006,2.764,0.8433,2.182,3.4211,1.8027,2.1217
0.0689,1.7038,3.9562,2.1698,-0.205,-0.9246,-1.5925,2.4161,1.4896,3.2469,0.8498,2.5679,3.6386,2.0577,2.6856
0.0204,1.5644,4.2859,2.1172,-0.3442,-0.867,-1.3857,2.1858,1.0079,3.1688,0.88,2.5372,3.4341,1.5503,2.8584
-0.0358,2.4306,3.9301,2.1318,-0.0317,-1.1924,-1.3843,2.3683,1.1802,3.1843,0.7195,2.8772,3.4706,2.0579,3.0412
0.0747,1.9042,4.2237,2.054,-0.0957,-1.183,-1.471,2.2214,1.0545,2.8467,0.4789,2.7895,3.5128,1.5716,2.9369
-0.073,2.1022,4.2828,1.753,-0.0909,-1.1702,-1.5755,2.4576,0.8348,2.7604,0.4257,2.6567,3.4896,1.387,2.8324
0.1312,1.6054,4.4306,1.9699,0.1016,-1.1732,-1.3072,2.8148,1.1932,3.0553,0.5419,2.6785,3.5218,1.7162,3.0477
0.1744,1.7734,4.3512,2.0663,-0.191,-1.3705,-1.2789,2.7446,0.7154,3.2737,0.4976,2.5825,3.3626,2.0695,3.3769
0.018,1.729,4.2321,2.0232,-0.0695,-1.0796,-1.3307,2.7966,0.8724,3.0518,0.347,2.6247,3.324,1.7672,3.2856
0.073,1.4098,4.4736,2.0312,-0.0894,-1.148,-1.2808,2.7557,1.088,3.2397,0.6225,2.8002,3.3051,1.4981,3.3477
0.0401,1.6252,4.5506,2.1399,0.0762,-1.1998,-1.3322,2.7248,1.1113,3.6429,0.5087,3.1735,3.456,1.5465,3.2262
0.0634,1.5215,4.4545,2.3082,0.1279,-1.4276,-1.3636,2.8114,1.1516,3.8802,0.7312,2.962,3.4891,1.048,3.3644
0.0541,1.8148,4.502,2.1134,0.0341,-1.2269,-1.2072,2.9978,0.981,3.8199,0.7259,2.6146,3.358,0.643,2.8308
0.0452,1.8324,4.495,2.2812,0.0818,-1.4155,-1.1411,3.1608,1.2789,3.1777,1.0164,2.9377,3.2984,0.5912,3.0217
-0.0482,1.87,4.7821,1.9656,0.176,-1.3132,-1.0231,3.4879,1.1815,2.99,0.5915,2.5948,2.9736,0.3308,2.9781
0.1541,2.2105,4.8486,2.0034,0.2386,-1.0455,-0.9859,3.7863,1.0122,3.0585,0.496,2.5415,2.9968,1.1426,3.4273
0.0811,2.1107,5.0831,2.1938,0.2443,-1.1098,-0.9182,3.7001,1.0206,3.1407,0.9218,2.5999,2.8862,0.3959,3.6532
0.0273,2.4057,5.0347,2.1537,0.2758,-1.1216,-0.9347,3.9781,0.4754,3.3308,1.2444,3.0275,2.9186,0.2564,4.0023
0.0919,2.1033,4.9957,2.2686,0.2742,-1.1405,-0.5439,4.0938,0.572,3.3226,1.2982,3.0584,3.0806,0.2879,4.1345
0.2446,1.656,4.7792,2.1134,0.4201,-1.3196,-0.4567,3.8182,0.7815,3.572,1.0914,2.8596,3.2178,0.4316,3.9403
0.107,2.1555,4.8765,1.7863,0.4591,-1.1197,-0.573,3.6286,0.8793,3.9766,1.1428,2.8535,3.2625,0.4722,4.4002
0.05,1.8696,5.378,1.6308,0.4571,-1.0051,-0.6143,3.7419,0.8669,3.9459,0.7844,2.8265,3.3689,0.572,4.2309
0.2341,1.9143,5.5286,2.4916,0.3252,-0.459,-0.8337,3.4745,0.6936,3.9701,1.3599,2.7016,3.2422,0.6346,4.5778
0.1506,2.0775,5.3454,1.8872,0.244,-0.6028,-0.8117,3.3526,0.4156,3.8839,1.3079,4.2099,3.1453,0.7705,4.2974
0.1872,2.1764,4.7898,1.6377,0.2111,-0.1527,-0.6655,2.9913,0.166,3.8387,1.2058,3.8244,3.3375,1.3826,3.7956
0.0043,2.0258,4.6204,1.9544,-0.1103,-0.4572,-0.7353,2.5368,0.3286,3.5591,1.1303,3.5272,3.6287,1.3739,3.8859
0.192,1.9781,4.2939,2.2378,-0.1524,-0.3854,-0.8841,2.1847,0.5151,3.5515,1.1773,2.8607,3.791,1.7731,4.0466
0.1,1.8207,3.9409,2.2481,-0.1147,-0.5342,-0.7895,1.7236,0.6427,3.9901,1.0733,3.2208,3.7428,2.2811,2.9002
0.0601,1.7175,3.6921,2.4469,-0.2541,-0.5236,-0.5931,1.5027,0.733,3.9338,0.9226,2.9061,3.7927,2.2898,3.479
0.3081,1.7276,3.6167,3.0715,-0.3833,-0.5106,-0.6457,1.5302,1.0675,3.5966,0.9412,2.4128,3.9493,2.7317,3.3878
0.1185,1.7683,3.5059,2.4711,-0.1902,-1.0567,-0.7147,1.3487,0.911,3.5815,0.7006,2.3526,4.0788,2.3541,3.0496
0.0954,1.3136,3.6744,2.6066,-0.4175,-0.9702,-0.6881,1.6154,1.3002,3.4237,0.3828,2.6945,3.7612,2.8223,2.8075
0.3399,1.1023,3.181,2.4712,-0.6055,-1.1479,-0.7756,1.7419,1.7096,3.5808,0.2485,2.3098,3.9739,3.0292,2.7031
0.2883,1.6149,3.6954,2.5716,-0.7189,-1.023,-0.8164,1.5692,1.4206,3.7172,0.4239,2.2425,3.9098,2.8247,2.9094
0.2881,1.4444,3.689,2.5957,-1.0095,-1.0682,-0.9603,1.4967,1.4254,3.078,0.6798,2.1378,3.7492,2.5207,2.6594
0.1744,1.48,3.7872,2.6862,-0.4327,-0.7848,-0.9895,1.7997,2.0247,3.4039,0.8335,2.316,3.5624,2.8828,2.2233
0.0678,1.4977,3.5276,2.541,-0.4488,-0.8569,-0.9747,1.2869,1.3798,3.2905,0.6653,2.3094,3.5731,2.2891,2.3328
0.1483,1.2238,3.2011,2.4592,-0.4909,-0.5781,-1.1139,1.3225,1.7694,3.2498,0.3751,2.3052,3.668,2.193,2.1185
0.0908,1.1192,2.9497,2.4646,-0.4124,-0.9136,-1.1491,1.7123,2.3079,3.2269,0.3264,2.7285,3.5243,2.0257,2.2082
0.0796,1.0911,3.9049,2.6047,-0.5993,-1.0727,-1.2608,1.9493,2.1228,3.4476,0.4308,2.474,3.4963,1.7088,1.8748
0.0298,1.4062,3.7628,2.5372,-0.5329,-1.2158,-1.1074,2.3411,1.5594,3.126,0.4735,2.1504,3.228,1.4348,1.4723
0.1895,1.5557,4.0575,2.2939,-0.5527,-1.1208,-1.1271,2.8834,1.9968,2.7029,0.6409,2.2467,3.1342,1.3641,1.3312
0.1249,1.1921,4.6552,2.6452,-0.4339,-1.1006,-1.18,3.1662,2.0875,2.5917,0.9544,2.5539,3.0641,0.9938,1.2681
0.1889,1.58,4.9174,2.845,-0.0466,-1.0976,-1.2393,3.3275,1.4508,2.559,1.4991,2.6227,3.1215,0.7837,1.5963
0.0888,1.6627,5.086,2.4597,0.0248,-1.0478,-1.0557,3.2533,1.2037,3.0084,1.1576,3.0378,2.9796,0.5141,1.836
0.1497,1.699,5.3829,2.7656,0.0036,-1.0617,-0.9606,3.3711,1.1491,3.1881,1.4537,2.9399,3.0355,0.2743,2.1665
0.1696,2.0372,5.0234,2.3667,0.2607,-0.9674,-1.0937,3.38,0.7262,3.5631,1.2264,3.1538,3.3487,0.1814,2.4637
0.0569,2.2714,5.129,2.1965,0.1195,-0.7675,-1.1665,3.0469,0.6329,3.6125,0.8708,3.3116,3.1578,0.1004,2.8706
0.2515,1.9337,5.3156,2.1147,0.2169,-0.7605,-1.169,3.5008,0.8459,3.2818,1.1284,3.2348,3.2787,0.6361,2.4049
-0.013,1.8156,5.3178,2.2605,0.111,-0.9101,-1.0463,3.5078,0.9673,3.5807,1.93,2.9539,3.0952,1.0376,2.6139
-0.1668,1.6703,5.5706,2.3723,-0.0608,-0.9488,-0.9632,3.2936,0.5963,3.5076,2.0709,3.3162,3.3145,0.8694,3.0572
0.1056,2.0774,5.5967,2.1461,-0.0821,-0.9517,-1.0234,3.0946,0.4479,3.4822,1.4885,3.7032,3.5112,1.1301,2.7499
-0.0558,1.6091,5.4523,2.3926,0.1089,-0.469,-1.0245,2.6794,0.4258,3.8189,1.7163,3.7045,3.5881,1.2138,2.7289
0.0567,1.9383,4.8885,2.5401,-0.0793,-0.5627,-1.2311,2.4516,0.0874,3.8069,1.6683,3.5354,3.6087,1.32,3.1511
-0.0539,2.1064,4.9645,1.9443,-0.2231,-0.5846,-1.161,2.2467,0.4095,3.9114,1.5977,3.4509,3.675,1.6204,3.1441
0.0313,2.7445,4.3447,1.7454,-0.2277,-0.6444,-1.1415,1.799,0.5041,4.0017,1.0799,3.8352,3.5482,2.2537,2.8502
0.1672,1.492,3.7535,2.1513,-0.398,-0.9281,-1.2187,1.893,1.037,3.6309,0.9454,3.3329,3.912,2.52,2.5971
0.09,1.4469,3.8116,2.5009,-0.6751,-0.8468,-1.3444,1.6426,2.2022,3.5826,1.2675,3.0103,3.9014,2.4391,2.7134
-0.101,1.4437,3.5606,2.2364,-0.6348,-0.9905,-1.2075,1.5115,1.5821,3.8731,0.9523,2.8456,4.2002,2.329,2.8135
-0.0195,1.3941,3.5543,1.5675,-0.8531,-1.0506,-1.158,1.6161,1.8706,3.7378,0.5004,2.8024,4.2579,2.2666,2.2448
0.0071,1.9067,3.8212,1.9131,-0.9498,-1.0904,-1.142,1.9862,1.9714,3.5926,0.2572,2.4376,4.5231,2.3343,2.1499
-0.1992,1.2175,3.7252,2.7961,-1.0421,-0.9102,-1.0915,2.0224,1.4838,3.2819,0.7769,2.1695,4.2899,2.119,1.8416
-0.1025,1.2028,3.9692,2.8875,-1.1851,-0.9977,-1.1626,2.1147,1.8202,3.0808,0.9806,2.123,4.1645,1.7732,1.9041
0.0479,1.4437,4.1865,2.7913,-1.0944,-1.1304,-1.5665,2.4815,1.715,3.116,0.9773,2.438,4.0135,1.6327,1.5245
0.1142,1.8024,4.1253,2.719,-1.0601,-1.3787,-1.5643,2.753,1.5613,2.8078,1.1751,2.3345,3.6036,1.1187,1.6649
0.1051,1.0899,4.3719,2.569,-1.0911,-1.2171,-1.6462,3.2073,1.7744,2.4798,1.2461,2.4579,3.6125,0.9493,1.4512
0.1467,1.5268,4.9163,2.6538,-0.8279,-1.222,-1.4754,3.3152,1.7082,2.8419,1.5094,2.8022,3.5268,0.4404,1.6423
0.177,1.8059,5.2973,2.5112,-0.4945,-1.4383,-1.5421,3.7088,1.1763,2.8607,1.5403,2.7454,3.4143,0.1736,2.1633
0.1554,1.6402,5.5669,2.2489,-0.4911,-1.2962,-1.4059,4.0292,1.1189,3.422,1.4912,2.6379,3.2489,0.0232,2.0974
0.1799,1.6237,6.3092,2.449,-0.511,-1.2019,-1.2934,4.0949,0.8676,3.6906,1.1126,3.0624,3.0284,0.0061,2.5431
0.0637,1.6789,6.3068,2.6295,-0.2333,-1.2171,-1.3471,4.3104,0.548,3.7445,2.0326,2.7735,3.351,0.1005,2.7778
0.0017,2.1536,6.0294,2.3395,-0.0708,-1.0379,-1.3785,3.9421,0.2536,3.941,2.1739,3.0808,3.3313,0.0765,2.878
0.4003,2.1504,6.3089,2.4157,-0.3169,-1.2543,-1.1468,3.9078,0.5481,3.7827,2.1305,3.1078,3.3369,-0.0967,3.0227
0.0123,2.3319,6.5806,2.3412,-0.2034,-1.0496,-1.139,3.9078,0.239,4.1016,2.2561,3.1757,3.3644,-0.1178,3.5193
0.105,2.1034,6.4351,1.879,-0.1913,-0.9576,-1.2433,3.8612,0.1654,4.1268,2.0794,3.4362,3.6876,0.2304,3.6789
-0.0269,2.0024,6.1897,1.9927,-0.2411,-0.8009,-1.4074,3.4032,-0.0955,4.2833,1.8682,3.6361,3.5647,0.7762,3.2269
0.0265,2.4016,5.7513,1.9954,-0.464,-0.8587,-1.2403,3.0939,-0.1396,4.1472,1.6402,3.239,3.6542,1.0607,3.7535
-0.0175,1.9747,5.4609,2.113,-0.5513,-0.9769,-1.3029,2.5424,-0.0783,3.9638,1.427,3.2915,3.9341,1.7654,3.2792
-0.082,1.7688,5.137,2.4772,-0.5787,-1.1623,-1.2429,2.265,0.3668,4.3069,1.1048,3.1559,4.0448,2.0668,3.1401
-0.1101,1.1755,5.0539,2.7962,-0.7605,-0.7991,-1.4761,1.7143,0.4358,4.1954,1.4472,3.0544,4.1558,1.6731,3.4259
-0.255,1.0162,4.2959,2.8196,-0.7661,-0.7517,-1.5113,1.6646,0.7755,4.5795,1.3888,2.7024,4.2804,1.9536,3.6316
-0.2999,0.974,4.1638,2.9836,-1.008,-0.7661,-1.659,1.1443,0.9794,4.2288,0.6455,2.949,4.5725,2.25,3.2113
-0.3164,0.8725,3.6036,2.8065,-1.1681,-1.0101,-1.7254,1.4182,1.2095,3.7207,0.3514,2.5428,4.5935,2.7655,2.9313
-0.2361,1.1385,3.593,2.9455,-1.1818,-0.754,-1.624,1.5433,1.4295,3.8082,0.4917,2.1831,4.4595,3.2981,2.6669
-0.2667,1.127,3.3,2.8256,-1.2044,-0.8109,-1.5627,1.1799,1.2671,3.5229,0.3752,2.3438,4.3833,3.3295,1.7846
-0.2749,1.0244,3.3002,2.7183,-1.2455,-0.8886,-1.6976,1.273,1.6217,3.3075,0.3507,1.9017,4.6924,3.6415,1.7169
-0.0469,1.2498,3.1024,3.2305,-1.099,-1.0328,-1.7648,1.4898,2.2884,3.1828,0.4721,2.2653,4.6014,2.8585,1.151
0.1558,1.1365,3.465,3.0623,-1.2187,-0.9227,-1.9231,1.6461,1.9055,3.1344,0.5424,2.3166,4.6884,2.1572,1.2767
0.1721,0.9197,3.9044,2.996,-0.9454,-0.9085,-2.1035,1.8374,1.8194,3.4831,0.6306,2.3694,4.6255,2.2501,1.6207
0.1873,1.2273,3.9048,2.8435,-0.9719,-1.198,-2.021,2.0788,1.6457,3.4739,0.4254,2.5606,4.1717,2.1126,1.6973
0.0968,0.3248,4.1496,3.0138,-0.839,-1.6657,-2.0601,2.4955,1.7962,3.151,0.6114,2.458,3.8777,2.1212,1.8829
0.0522,0.9374,4.3778,3.1965,-1.0245,-1.2947,-2.1198,2.7216,1.4261,3.6445,0.9529,2.5413,3.8517,1.93,1.9956
0.0518,0.5865,4.7516,3.1553,-0.9863,-1.2782,-2.1335,3.0935,1.6927,3.2125,1.1409,2.7061,3.6184,1.7436,2.1862
0.0969,0.8889,4.8682,2.8712,-1.0663,-1.5238,-2.1791,3.1913,1.436,3.1489,1.1594,2.847,3.6812,1.8203,1.9197
0.2598,1.5325,5.0821,2.893,-0.7453,-1.4343,-2.163,3.0567,1.2671,3.467,1.0126,2.6407,3.9115,1.4696,2.4258
0.0601,1.6966,5.2341,2.7477,-0.6256,-1.1858,-2.0333,3.1517,1.1263,3.4169,1.1257,2.8497,3.8843,1.2943,2.164
0.1631,1.3773,5.1971,2.8416,-0.556,-1.3355,-2.0056,3.2692,1.1055,3.2612,1.0773,3.2401,3.8167,1.1242,2.2205
0.2026,1.3105,5.111,2.8912,-0.4224,-1.2081,-1.8962,3.2402,1.0879,3.1714,1.1825,2.8856,3.9895,0.8488,1.8664
0.3204,1.5662,4.974,3.0193,-0.3432,-1.2912,-2.0226,3.247,0.8185,3.3956,0.9568,3.2143,3.8654,1.1702,2.4044
0.2392,1.4042,5.491,2.9842,-0.2785,-1.0768,-2.0063,3.264,1.5016,3.3378,1.0616,3.3207,3.7437,1.3289,2.2508
0.3108,1.8469,5.7277,3.1783,-0.0976,-0.9929,-1.8804,3.2394,0.9148,3.8756,1.1391,3.2931,3.7667,0.8705,2.3314
0.3183,1.7152,5.5269,2.8261,-0.1467,-1.4246,-1.6574,3.6489,0.6749,3.6569,1.3731,3.5758,3.6233,0.8852,2.4843
0.4031,1.4057,5.5234,3.2145,-0.3034,-1.4152,-1.7321,3.6601,0.7318,3.4819,1.5408,3.1373,3.6329,0.6732,2.5137
0.3804,1.2084,5.6375,2.9544,-0.2958,-1.1539,-1.7556,3.757,0.8608,3.4574,1.4589,2.9452,3.6257,0.6801,2.5743
0.4769,1.3791,5.9835,2.8463,-0.3008,-1.1561,-1.7862,3.933,0.934,3.9861,1.4917,3.0966,3.6065,0.6867,2.8459
0.4996,1.0688,5.9573,2.9937,-0.3776,-1.3298,-1.8155,3.9514,0.6751,3.7711,1.7798,2.965,3.7022,0.6958,3.0815
0.462,1.003,5.8456,3.3037,-0.432,-1.412,-1.651,3.9254,0.4162,3.4832,2.0379,2.8187,3.6607,0.8515,3.1536
0.3229,0.6495,5.9136,3.5364,-0.2964,-1.3269,-1.5143,3.5576,0.0012,3.9295,2.8495,2.9068,3.725,0.6128,3.5285
0.4482,1.6074,5.3785,3.4209,-0.2111,-1.2231,-1.4187,2.8723,-0.1309,4.3528,2.4128,3.6757,3.9725,0.8184,3.8351
0.5332,1.715,5.1957,3.1309,-0.3314,-1.2297,-1.6558,2.7554,0.1867,4.1989,2.2025,3.6949,4.273,1.1643,4.2911
0.5962,1.5986,4.8551,3.1699,-0.4677,-1.1443,-1.6329,2.5944,0.3632,4.0961,1.9244,3.6576,4.4576,1.4308,3.9398
0.4808,1.5514,4.671,3.5031,-0.637,-1.1407,-1.9252,2.5577,0.4752,3.6231,1.5379,3.2787,4.6747,1.8032,3.4558
0.7647,0.5974,4.3798,3.5927,-0.8645,-1.2561,-1.9709,2.839,0.7556,3.3198,1.3488,3.1898,4.6285,1.1918,3.2298
0.771,0.6872,4.5238,3.5395,-1.0506,-1.2728,-2.2758,3.0888,1.0601,3.6259,1.4208,3.2323,4.7172,1.7998,3.0766
0.786,1.343,4.7333,3.5546,-0.906,-1.4817,-2.2611,3.0647,1.1233,3.2615,1.6195,3.0006,4.4193,1.7395,2.4187
0.7325,1.2738,5.0144,3.299,-0.8158,-1.6515,-2.263,3.2233,1.0385,2.6819,1.5,3.2796,3.9531,1.5886,2.0196
1.1496,1.2755,4.98,3.4561,-0.4214,-1.5556,-2.1249,3.2993,1.0278,2.595,1.7962,2.9903,4.2262,2.1017,1.4759
1.0626,1.5516,4.9405,3.2126,-0.5291,-1.4036,-1.9021,2.7874,0.7522,3.0668,1.8245,2.8677,4.2816,1.701,1.6606
1.1018,1.3639,4.8822,3.3071,-0.435,-1.4141,-1.6932,3.0257,0.6662,3.1956,1.7601,3.126,4.2321,1.6927,2.1028
1.0815,1.3301,4.6349,3.0741,-0.6149,-1.3888,-1.7162,2.9789,0.7428,3.209,1.6284,3.0695,4.486,1.3837,2.2218
1.0485,1.1447,4.8931,2.6867,-0.4919,-1.2212,-1.7834,3.0913,1.083,3.7519,1.2494,3.0337,4.3525,1.5151,2.3476
1.0887,0.8951,4.8312,3.1147,-0.7104,-1.3702,-1.7812,3.2369,0.9663,3.5657,1.4322,2.8365,4.4069,2.4518,2.1217
1.2445,1.0729,5.2738,3.7793,-0.8112,-1.2441,-1.6715,2.8952,1.0454,3.4117,1.793,3.2875,4.3594,1.68,2.0457
1.2246,0.9506,4.833,3.6191,-0.6842,-1.5208,-1.6503,3.0517,0.6396,3.5775,1.9128,3.0514,4.32,1.0266,2.3212
1.0794,1.5703,4.9923,3.6367,-0.3807,-1.7937,-1.6945,3.9262,1.3355,3.6386,1.9533,3.0485,4.0753,1.0809,2.5909
1.1158,1.9111,5.3388,3.3547,-0.528,-1.4667,-1.7918,3.9522,1.3439,3.2421,2.009,3.1082,3.9,0.5745,1.94
0.881,1.4389,5.6758,3.4454,-0.5949,-1.4455,-1.7281,4.3186,0.9724,3.3484,2.1555,3.1428,4.0549,0.0087,2.2856
1.0915,1.3758,6.4221,2.4972,-0.3791,-1.6141,-1.5365,4.7434,0.9227,3.2468,1.9869,2.9496,3.8339,0.1763,2.4676
0.9014,1.3092,6.4692,2.5471,-0.0506,-1.3554,-1.6595,5.0408,0.8083,3.3024,2.3896,3.0991,3.7748,-0.0064,2.7886
0.9464,1.797,6.959,2.8439,-0.0014,-0.8215,-1.6807,5.0569,0.4253,3.8902,2.8732,3.269,3.902,-0.1744,2.588
0.8985,2.0074,6.8256,2.8029,0.1566,-0.9021,-1.6343,4.6638,-0.2473,3.784,3.0166,3.8121,3.9262,0.1233,2.7502
0.8442,1.6999,6.7359,2.5002,0.0633,-0.9707,-1.5913,4.561,-0.3235,3.9313,2.6998,3.7316,3.9348,0.1476,3.0093
1.2177,2.1797,7.0192,3.2851,0.0423,-1.0228,-1.4703,4.5383,-0.117,4.0168,2.8504,3.7317,4.0661,0.292,2.9993
1.2105,2.398,6.4272,2.8942,0.0952,-0.5982,-1.5594,4.2436,-0.4566,4.2962,3.1511,3.8451,4.3359,0.6679,3.3245
1.1506,2.581,5.8473,2.6883,0.0297,-0.7545,-1.4244,3.8195,-0.2833,4.2908,2.4583,3.8627,4.3598,0.8628,3.9394
1.1134,1.7865,5.6828,2.8034,-0.173,-0.9971,-1.3959,3.8314,0.1043,4.072,2.6338,4.6909,4.4408,1.5021,4.5325
1.0938,2.0487,5.2755,3.3845,-0.2159,-0.9796,-1.5144,4.0545,0.168,4.5684,2.73,3.8153,4.5619,1.9722,4.3509
1.2076,2.0927,5.2658,3.3053,-0.4213,-1.0728,-1.6403,3.1377,0.1168,4.326,2.7299,3.1567,4.7298,1.8159,3.9156
1.1406,1.8317,4.8317,3.2221,-0.2824,-0.9711,-1.7401,2.7129,0.3353,4.2448,2.731,3.3069,4.9283,2.0482,3.8942
1.118,1.5804,4.594,3.2617,-0.5764,-1.0027,-1.4374,2.2986,0.4917,4.1981,2.5726,3.3977,5.0047,2.6102,3.7717
1.052,1.2755,4.6067,3.0931,-0.6505,-1.1681,-1.5842,2.2362,0.6353,3.9377,2.3269,3.2113,5.2964,2.9297,3.9664
0.9895,1.1389,3.9378,2.8976,-0.5729,-0.9891,-1.6679,1.8341,0.7553,4.1935,2.0968,2.8759,5.524,3.1611,3.5124
0.9261,1.168,2.8817,2.7653,-0.6923,-0.8166,-1.9293,1.7718,1.119,3.8697,1.5679,2.5176,5.5799,3.4393,2.8324
0.8712,1.8916,2.8338,2.9199,-0.9113,-0.9544,-1.923,1.755,1.7601,3.5545,0.9485,2.3444,5.5131,3.6439,2.6818
1.0011,1.0772,3.6068,2.9917,-1.248,-1.0827,-1.9948,1.8143,2.0587,2.5938,0.8804,2.3821,5.9377,2.7553,1.6938
1.0681,0.9082,3.61,3.014,-0.9813,-0.7987,-1.9804,2.3851,2.0429,2.5784,0.5264,2.2438,5.5589,2.7874,0.56
1.1173,0.8388,3.8835,3.5114,-0.9608,-0.8215,-1.9338,2.7921,2.4097,2.2033,1.0886,1.7278,5.3168,2.2619,0.0287
1.1152,0.2957,4.4594,3.5193,-0.8621,-0.9184,-1.7799,3.3992,2.2527,1.9513,1.7968,1.5757,5.1356,1.5411,0.1963
1.1079,0.8347,4.727,3.3263,-0.6671,-0.7776,-1.8884,3.2264,2.3146,2.4228,1.9494,2.0776,5.1228,0.9995,0.9489
1.0663,0.6856,4.8086,3.4261,-0.6785,-0.9358,-1.8441,3.6802,1.6205,2.6622,2.1618,2.2208,5.0138,0.818,1.5034
1.1523,0.5846,5.1688,3.3756,-0.3158,-0.9119,-1.8959,3.847,1.3206,3.1941,2.333,2.825,4.9993,0.5616,2.2566
0.9091,1.0536,5.2373,3.3915,-0.2824,-0.6026,-1.7983,3.9064,1.0984,3.6595,2.4916,2.9692,4.8124,0.8105,2.3416
0.8016,1.0131,5.1858,3.3831,-0.3582,-0.6271,-1.8516,3.6716,0.1301,3.8277,2.6219,3.2623,5.0675,0.8676,2.5595
0.8745,1.9089,5.2411,3.291,-0.2053,-0.6526,-1.6744,3.5452,0.3827,3.9805,2.6672,3.2826,4.9358,1.3253,3.1866
0.9549,2.3188,5.2326,3.0228,-0.2129,-0.7012,-1.6,2.5072,-0.1147,4.1983,2.6623,3.4669,5.3151,1.6424,2.5029
1.3423,1.6832,4.1724,3.0407,-0.2536,-0.9824,-1.6416,2.7486,0.6426,3.7857,2.3049,3.3472,5.4198,1.9661,3.3772
1.1621,1.7232,4.1992,3.0348,-0.3191,-1.0222,-1.6222,2.9132,0.9812,4.0102,1.8966,3.3197,5.4439,2.2485,3.0069
1.096,1.2399,5.4726,3.3372,-0.3275,-0.7763,-1.4564,2.9843,1.0564,4.0598,2.4163,3.0298,5.5137,2.3601,2.6227
1.1499,1.4152,5.1463,3.3765,-0.2508,-0.6972,-1.4293,2.6884,0.4336,3.9496,2.5148,3.2956,5.2719,2.0775,2.878
1.1636,1.4145,4.2026,3.3846,-0.1769,-0.9979,-1.4976,2.7683,0.4744,4.3727,2.3774,3.6628,5.3439,2.0241,3.1215
1.1383,1.2229,4.383,3.1044,-0.3692,-1.1048,-1.4328,2.7298,1.0764,4.7007,1.476,3.7519,5.5041,1.9158,2.7331
1.0667,1.1539,4.3213,3.4747,-0.4919,-1.1818,-1.4205,3.0738,1.2829,4.3805,1.8426,3.1596,5.4917,2.1223,2.5457
1.0406,1.0656,4.4589,3.9353,-0.7235,-0.8823,-1.4737,2.7779,0.947,4.0589,2.3577,3.1421,5.2578,1.7879,2.5823
1.0963,1.1586,4.2491,3.5548,-0.6579,-1.0437,-1.6265,2.6017,0.9582,3.9509,2.3588,3.6748,5.4724,1.5761,3.0665
1.059,1.0766,4.501,3.1112,-0.6303,-1.0378,-1.6961,2.3809,1.1446,3.9937,2.1542,3.2749,5.3501,1.7998,2.6578
1.1866,1.4537,4.3277,3.0901,-0.6849,-1.3328,-1.7683,2.4955,0.9186,4.2433,2.316,3.0445,5.4302,1.8693,2.76
1.2073,1.1696,4.441,3.2556,-0.2686,-1.2977,-2.2967,2.2418,0.9583,4.128,2.3587,3.4032,5.3454,2.4098,2.602
1.3263,1.659,4.2445,3.0618,-0.5166,-1.1893,-2.0826,1.9781,0.7812,4.2742,2.1555,3.7894,5.4126,2.6563,2.4423
1.1656,1.0516,3.8479,3.7714,-0.6323,-0.9088,-2.1398,1.7818,0.8992,3.9907,2.2868,3.6884,5.6375,2.4526,2.3207
1.1685,1.3669,3.7,2.9979,-0.6057,-0.9336,-2.1426,1.5778,0.8278,4.0352,1.6433,3.4834,5.6927,2.4412,2.156
1.1662,1.3123,4.3356,3.1527,-0.5328,-1.0101,-2.1484,2.3418,1.5882,3.81,1.6483,3.0837,5.576,2.6268,1.7291
1.3834,1.4019,4.3025,3.4247,-0.362,-1.0601,-1.9433,2.1951,1.0928,3.6335,1.9393,3.1332,5.3425,2.2026,1.7338
1.2879,1.6206,4.071,2.9482,-0.4714,-0.9778,-1.8981,2.3946,1.0805,3.6343,1.8823,3.3224,5.3866,2.0835,1.6607
1.2797,1.0615,4.2032,3.1458,-0.4059,-1.0188,-1.9484,2.2919,1.0588,3.2061,1.8672,3.5309,5.456,1.9271,1.5568
1.2074,0.6235,3.9205,3.8485,-0.4334,-0.9318,-2.1751,2.3626,0.9805,3.8148,2.1897,3.2336,5.4292,2.0043,1.578
1.4781,0.9339,4.2097,3.4573,-0.5884,-1.3886,-1.9742,2.4598,1.3332,4.0104,2.4012,3.4715,5.354,1.7557,1.9254
1.8617,1.0527,4.5972,3.5752,-0.7145,-1.8019,-1.9899,2.5713,1.257,3.88,2.3054,3.9717,5.2619,1.7855,2.1022
1.6133,1.8773,4.6587,3.4836,-0.4622,-1.5031,-2.0343,2.7777,0.8124,3.5702,2.001,3.814,5.2949,1.8598,2.019
1.6203,1.4926,5.2338,3.834,-0.3787,-1.6311,-2.2162,2.8722,0.7875,3.4454,2.5829,3.6564,5.3308,1.3554,1.9106
1.5141,1.5265,4.4728,3.4334,-0.1352,-1.6525,-2.2133,2.9336,0.1139,3.578,2.4757,3.3827,5.199,1.4321,2.2026
1.4146,1.6682,4.5701,3.2815,0.0018,-1.407,-2.137,2.656,0.4006,3.8922,2.2455,3.5684,4.981,1.4017,2.883
1.4418,1.1296,4.7189,4.1158,-0.0651,-1.2043,-2.1786,2.7494,0.7681,3.959,2.5571,3.4989,5.0104,1.4544,2.9115
1.3697,1.6544,4.9686,3.3204,0.1379,-1.3152,-1.8313,2.6889,0.4258,4.3647,2.509,3.6928,5.0593,1.0171,3.3573
1.3761,1.5674,5.2765,2.9062,0.0839,-1.3913,-1.8833,2.7181,0.674,4.2122,2.2339,3.8494,5.0646,1.1185,3.152
1.487,1.7195,4.9131,2.7669,0.2996,-1.492,-1.9063,2.784,0.423,4.156,2.1886,3.9237,5.1791,1.3898,3.2509
1.4858,1.5026,4.9462,2.9032,0.3038,-1.5101,-2.045,2.6796,0.3321,4.4702,2.6719,3.9035,5.2043,1.3897,3.9572
1.3746,1.7311,4.7199,2.6612,0.2486,-1.3631,-2.0223,2.0752,0.3232,4.5385,2.383,4.1301,5.2964,1.4303,3.9341
1.4005,1.6945,4.2146,3.5333,0.2039,-1.0038,-2.0144,2.1913,0.5471,4.4999,2.4263,4.5678,5.3639,1.8178,3.9036
1.3857,1.7821,4.1435,3.1602,-0.2375,-1.0252,-2.0301,1.9753,0.4427,4.389,2.1873,4.4631,5.3931,2.1557,3.7206
1.3968,1.4625,3.8091,3.082,-0.264,-1.0908,-2.1854,1.7866,0.2132,4.0531,2.1236,4.1181,5.3199,2.5547,3.3951
1.3745,1.2396,3.582,3.2121,-0.052,-1.2018,-2.1828,1.6656,0.3376,4.1246,1.9641,3.9753,5.4285,1.7542,3.2415
1.4625,1.4191,3.4016,2.9703,-0.2258,-1.1463,-1.9729,2.0418,0.9232,3.7473,1.5616,3.5336,5.5286,2.2968,2.9372
1.451,1.1637,3.503,2.9871,-0.2264,-1.245,-1.8764,2.1466,1.4501,3.4501,2.223,3.6914,5.3867,1.9583,2.5975
1.3858,0.829,4.1314,3.4553,-0.2089,-1.3888,-1.8779,1.9823,1.1398,3.5385,2.3611,3.7263,5.5014,1.698,3.0434
1.3556,1.1285,4.0014,3.1729,-0.2823,-1.1992,-1.9431,1.8158,0.9242,3.6915,2.2046,3.7627,5.4672,1.7849,2.6672
1.3889,1.3824,4.1735,2.9737,-0.1037,-1.3747,-2.0082,1.9089,1.0073,3.8609,2.2282,3.7668,5.6151,2.1345,2.9983
1.6185,1.7125,3.9866,3.015,-0.0602,-1.8436,-2.0996,1.841,0.8592,3.9629,2.1416,3.6672,5.6649,1.8122,3.0495
1.4585,1.6223,3.9781,3.0064,-0.0584,-2.0018,-2.1245,2.2813,1.1203,3.9291,2.1413,3.9634,5.0834,1.9091,3.0457
1.347,1.3497,4.2905,2.9127,-0.0824,-1.8784,-2.1323,2.4526,1.2714,3.6343,2.0862,3.7677,5.0682,1.3351,2.8438
1.1338,1.8578,4.3832,2.5688,-0.0516,-1.518,-2.3246,2.3727,1.0733,3.8088,2.0271,3.3583,4.8576,1.0706,3.0551
1.3464,1.9758,3.9991,2.6782,-0.0206,-1.5908,-2.3077,2.7711,1.1579,3.4059,1.9516,3.092,4.7111,1.0731,2.7593
1.3276,1.7313,4.407,2.871,0.1946,-1.5731,-2.2475,2.8947,1.6189,3.0322,2.2913,3.4603,4.5276,1.1856,2.536
1.4403,1.4973,4.9007,2.7325,0.0337,-1.1383,-2.0879,2.7361,1.0879,3.2408,2.1375,3.2954,4.6723,0.8341,2.1738
1.1267,1.5744,4.9167,2.9588,0.1017,-1.0901,-1.9829,2.5342,0.7764,3.7946,2.5324,2.5061,4.5898,0.6351,2.4668
1.1989,1.4938,5.1365,3.2638,0.0801,-1.1264,-1.7893,2.7037,0.9051,3.921,2.9006,3.1082,4.6386,0.686,2.8205
1.1179,1.7369,5.2951,2.9903,0.1477,-1.19,-1.8167,2.8909,0.6126,3.8663,3.0262,3.7873,4.7853,0.7634,2.7865
1.2102,2.0242,4.8178,2.6096,0.1962,-1.3098,-1.6835,2.4831,0.1398,4.1249,2.7253,3.7138,4.7761,0.5496,2.8039
1.2047,1.6407,4.9108,2.7025,0.1427,-1.1377,-1.637,2.3901,0.4125,3.9476,2.6487,3.8591,4.9122,0.674,3.1442
1.0285,1.1968,4.6402,3.1347,0.2216,-1.0746,-1.8266,2.1813,0.7107,3.9636,2.8928,3.5223,4.771,0.6993,2.8973
1.0234,1.4343,4.5843,2.729,0.189,-1.1843,-1.9234,1.929,0.4698,4.3213,2.5362,3.3789,4.7935,0.7696,3.1942
1.0168,1.2732,4.6188,3.1441,-0.138,-1.5654,-1.7209,2.2147,0.5184,4.3516,2.6321,3.568,4.7366,2.4254,3.3904
0.9359,1.4262,4.4838,3.0419,-0.2756,-1.5309,-1.9981,1.6914,0.409,4.2491,2.5136,3.9225,4.8607,2.2824,3.3896
1.0808,1.7096,5.4126,3.382,-0.3257,-1.6967,-1.9171,2.3634,1.0043,4.1266,2.7594,4.156,4.6025,2.2725,3.1717
0.9061,1.5702,5.3052,3.0591,-0.107,-1.508,-2.0399,1.9879,0.2739,4.1506,2.6358,4.016,4.9941,1.8561,3.3319
0.8645,1.7898,5.2064,3.1712,-0.0776,-1.4388,-2.1574,1.4829,0.2284,4.2971,2.8749,4.0704,4.7859,1.7534,3.4029
1.3543,1.6708,5.117,3.3899,0.0586,-1.8278,-2.1612,1.7174,1.0472,4.3395,2.9446,4.0008,4.7197,2.3578,3.5233
1.2092,1.6831,5.118,2.9463,0.0001,-2.0025,-1.963,1.809,0.7611,4.5416,2.6526,3.9674,4.8263,2.2716,3.4161
0.9549,1.9019,4.8873,3.0432,-0.0428,-1.7509,-1.726,1.2448,0.4566,5.0511,2.713,3.9321,4.7455,2.1,3.4171
0.9248,1.149,4.7788,2.9499,-0.006,-1.7898,-1.7971,1.4184,1.0529,4.8326,2.7154,3.9986,4.9309,2.5284,3.6891
0.7772,0.9355,4.2913,3.3288,-0.1351,-1.4447,-1.8894,1.181,0.7402,5.0833,2.8411,3.8174,5.0636,2.2416,3.6663
0.895,1.4847,4.0765,3.1134,-0.1582,-1.3184,-1.9296,0.9256,0.7336,5.3599,2.2637,3.6288,5.1627,2.2322,3.3838
0.9562,1.8413,3.6911,3.168,-0.5851,-1.4799,-1.894,1.274,1.0935,5.2278,2.0847,3.6521,5.1877,2.4969,3.4137
0.9623,0.7864,4.4094,3.0397,-0.6872,-1.5096,-2.0877,1.2253,1.6468,4.1112,2.0629,3.4795,5.1329,2.3958,3.037
1.1731,1.335,4.5511,2.8719,-0.596,-1.8624,-2.3605,1.2684,1.3338,4.3876,2.0867,3.3113,5.0206,2.2846,3.1092
0.9363,1.7359,4.4186,2.4244,-0.5842,-1.7732,-2.2664,1.2918,0.9878,4.4553,2.0955,2.8674,4.9173,2.4852,2.7959
0.6293,1.2716,4.0852,2.685,-0.5802,-1.4013,-2.1818,1.5175,1.3399,3.7562,2.0547,3.2711,4.8725,2.3779,2.6146
0.7135,1.146,4.3071,3.0798,-0.4897,-1.5768,-2.1505,1.6937,1.3885,3.9114,2.0983,3.5882,4.8064,2.3766,2.3935
0.907,1.004,4.7934,2.898,-0.1699,-1.6557,-2.1343,1.7365,1.7288,4.3572,2.1152,3.6901,4.6611,2.1973,2.3317
0.6793,1.2803,5.3427,3.0682,-0.1289,-1.3699,-2.0601,1.8147,1.011,4.6268,2.393,3.5376,4.7091,1.5334,2.6141
0.7177,1.7282,5.3394,3.1691,-0.1605,-1.8891,-1.9543,2.4307,0.9306,5.0893,2.8064,3.5674,4.62,1.767,3.1157
0.6569,1.8616,5.576,3.1031,-0.0579,-2.4162,-1.896,2.4677,1.0048,4.5262,2.9845,3.5417,4.6091,1.2088,2.8069
0.4191,1.6686,5.5495,2.9899,-0.0014,-2.0655,-1.7586,2.2105,0.58,4.4997,3.0802,4.0897,4.7402,0.9602,3.3398
0.4642,1.55,5.6569,2.8348,-0.1093,-1.6084,-1.7182,2.0536,0.4299,4.797,3.1771,4.1642,4.9357,1.2637,3.4526
0.4616,2.1327,5.7155,2.8364,-0.1179,-1.7661,-1.8189,1.7003,0.4175,4.9145,3.0804,4.3616,4.9611,1.9192,3.4454
0.3896,1.9372,5.3428,3.0756,-0.1374,-1.812,-1.8487,1.4717,-0.1703,4.7453,3.1192,4.3357,4.8913,1.8024,3.4296
0.2721,1.935,5.1334,3.2688,-0.0273,-1.7606,-1.8021,1.4716,0.1019,4.808,3.1963,3.9459,4.7853,1.9728,3.6407
0.1876,1.7779,5.0224,2.8486,-0.11,-1.6388,-1.8162,0.8926,0.3905,5.1716,3.076,4.5734,5.099,2.3299,3.8581
0.2923,2.1795,4.2988,2.7143,-0.3016,-1.6448,-1.8147,0.5554,0.2282,5.2868,2.5767,4.6611,5.0499,2.5352,3.6553
0.1544,1.4819,4.2219,2.9582,-0.4914,-1.3795,-1.7222,0.3448,0.4983,4.9409,2.3176,4.4163,5.4963,2.809,3.4825
0.2406,1.6177,3.8741,2.7774,-0.5661,-1.6403,-1.7696,0.0333,0.4713,5.093,2.0746,3.9748,5.5256,3.0178,3.7389
0.3648,0.9243,3.6449,2.9525,-0.4562,-1.6647,-1.779,0.1001,0.8995,5.1585,2.4007,3.68,5.709,3.3376,3.7927
0.3097,0.4908,3.6745,3.4848,-0.7887,-1.6293,-1.8429,-0.4835,1.2738,5.5117,2.4899,4.085,5.3305,3.4161,3.6832
0.6933,1.3605,2.8918,3.476,-0.9672,-1.8458,-1.8659,-0.2019,1.4849,5.5461,2.1417,4.0756,5.511,3.3994,3.3828
0.4306,1.2019,2.7975,3.2881,-1.2164,-1.6747,-2.0042,-0.223,1.7061,4.8133,1.6726,3.6735,5.4603,3.3524,3.0154
0.5125,0.556,3.1556,4.4423,-1.2962,-1.4566,-2.0138,-0.2866,2.0615,4.5017,2.0559,3.4167,5.3686,3.2338,2.8415
0.5856,0.9456,3.4419,3.873,-1.1297,-1.3515,-1.8905,-0.2835,1.7458,4.2543,1.8635,3.0694,5.4786,2.971,2.2902
0.5038,1.3307,3.6616,3.5331,-1.0764,-1.3001,-1.8587,-0.2154,2.3946,4.1217,1.742,2.9548,5.364,3.2799,1.9105
0.4462,1.4758,3.8126,3.4236,-1.0043,-1.6436,-1.9761,-0.0918,1.9199,4.1932,1.7552,3.2462,5.1881,2.5724,2.0056
0.6178,1.1824,3.751,3.4918,-0.8357,-1.9784,-1.9856,0.4792,2.3267,3.9534,1.7634,3.0229,5.0066,2.6771,1.0198
0.5587,0.9225,4.1787,3.6487,-0.8389,-2.11,-2.0064,0.923,2.1149,3.693,2.1873,3.0999,4.9079,2.6038,1.3687
0.5137,0.7793,4.3546,3.9234,-0.946,-2.2728,-1.9649,1.3445,1.9614,3.5695,2.1881,3.3452,4.8207,1.8318,1.3192
0.545,0.946,4.6337,3.8994,-0.8358,-2.1527,-1.9386,1.6393,1.7426,3.397,2.2172,3.346,4.7061,1.2269,1.5591
0.6844,1.6544,5.4837,3.6623,-0.5866,-2.2652,-1.9778,2.5482,1.9257,3.6398,2.5771,3.2247,4.4895,1.0125,1.8059
0.7713,1.8729,6.2876,3.6664,-0.3934,-1.9777,-1.8863,2.2646,1.2087,3.782,3.1276,3.249,4.3068,0.3958,1.4046
0.8619,2.1497,6.2888,3.3522,-0.323,-1.8419,-1.6574,2.3939,0.6427,3.7188,3.2215,3.7526,4.364,0.3524,1.7497
0.6133,2.1305,6.5006,3.2393,-0.0802,-2.8285,-1.6566,2.5447,0.7152,3.9672,2.8741,3.9052,4.5065,0.5239,1.9442
0.7161,2.2687,6.3754,2.7453,0.1839,-2.2943,-1.6617,2.7054,0.6626,3.9853,2.9905,4.0007,4.6135,0.3483,2.1484
0.6775,2.3375,5.8566,2.6985,0.4647,-2.487,-1.6175,2.914,0.8842,4.6838,2.9155,4.1211,4.5658,-0.2216,2.8229
0.7749,1.6236,6.6203,2.7081,0.0853,-2.3682,-1.62,3.1148,1.0003,4.584,2.979,4.3506,4.4512,-0.0967,3.0537
0.5547,2.3425,5.9485,2.777,0.0293,-2.0149,-1.7071,2.8302,0.553,4.7792,2.703,4.3858,4.4357,0.0128,3.2462
0.4435,2.2324,6.0277,2.8583,0.0654,-1.8372,-1.6081,2.8454,0.8771,4.3774,2.7493,4.2671,4.2761,0.2064,3.2149
0.6886,2.1158,6.3923,2.6805,0.2428,-2.0691,-1.5851,2.7383,0.3984,5.1629,2.5382,4.3432,4.5854,0.4131,3.9446
0.7,2.2703,6.6711,2.8899,0.4562,-2.051,-1.5221,2.7974,0.572,5.221,3.0377,4.1758,4.3886,0.626,3.7979
0.5469,2.3836,6.3991,2.9217,0.1981,-1.8294,-1.4141,2.8246,0.4199,5.1448,3.0601,4.2918,4.3401,0.6373,3.7398
0.5019,2.4712,6.1734,2.8932,0.0587,-1.7017,-1.6367,2.1467,0.1201,5.1979,3.1364,4.6312,4.5682,0.4695,3.6802
0.4935,2.2468,6.0588,2.8012,-0.0933,-2.0916,-1.753,2.1769,0.3689,5.04,3.0825,4.3843,4.6693,0.8312,3.3478
0.464,2.0298,6.0053,2.8871,-0.3488,-1.9878,-1.5799,1.8949,0.0766,4.8513,3.036,4.4284,4.7936,0.8118,2.7248
0.5032,1.21,5.7407,4.1554,-0.3577,-1.992,-1.6993,1.501,0.0009,4.8218,3.6688,4.5077,5.1846,0.9825,3.3795
0.5254,1.9849,5.3036,3.5687,-0.403,-2.0713,-1.7702,0.6132,-0.1546,5.3469,3.2606,4.6783,5.2509,1.4623,3.6642
0.5351,2.1708,4.6731,3.1429,-0.4991,-1.8429,-1.7498,0.4672,0.2482,5.3781,2.5317,4.435,5.3376,2.1044,3.4738
0.5657,1.6845,4.3833,3.5718,-0.7195,-1.8934,-1.877,0.3883,0.724,4.9228,2.3786,4.2748,5.3702,2.6118,3.2031
0.7262,1.5428,4.4822,3.336,-1.0088,-2.3171,-2.0574,0.1443,1.027,4.6019,2.2688,4.386,5.5332,2.7422,3.0485
0.5452,1.3469,4.2238,3.3523,-1.0613,-2.1988,-1.9286,-0.3379,0.45,5.0419,2.1466,4.2967,5.6583,2.8808,2.7778
0.5169,1.5182,3.9519,3.3345,-1.3874,-2.2533,-1.9359,-0.283,1.1608,4.9269,1.8397,3.8789,5.7482,3.4293,2.631
0.2886,1.1433,4.2013,3.3065,-1.4832,-2.2115,-2.1489,-0.4502,1.4877,4.6862,1.576,3.764,5.6537,3.588,2.5466
0.3636,1.0522,3.6124,3.5866,-1.3228,-2.1411,-2.0569,-0.5723,1.3502,4.762,1.6009,3.7122,5.669,3.7787,2.514
0.285,1.0647,3.1974,4.3037,-1.3454,-2.1994,-2.2155,-0.8669,1.5086,4.6489,1.6648,3.1303,5.7508,2.6086,2.166
0.3007,1.1562,3.3636,3.7189,-1.4828,-2.1008,-2.1923,-0.232,2.0221,4.0419,1.7106,3.4103,5.6773,2.9509,2.0591
0.3426,1.2844,3.5604,3.5393,-1.3775,-2.5736,-2.1538,0.3288,2.4685,4.1421,1.702,3.4263,5.3907,2.8519,1.3679
0.2597,0.8513,3.6141,4.255,-1.5438,-2.4717,-2.1695,0.4321,2.6328,3.6684,1.8432,3.4652,5.2365,2.168,1.1022
0.2613,0.9061,4.3705,3.6731,-1.5604,-2.4893,-2.3511,0.9217,2.5426,3.5322,1.8924,3.4463,5.1603,1.6534,1.0775
0.3985,1.2081,4.6168,3.3651,-1.3793,-2.5008,-2.3799,1.1001,2.0555,3.5519,1.431,3.5415,5.1547,1.5604,0.8902
0.3545,0.7412,5.4694,3.3648,-1.1656,-2.705,-2.2214,1.8694,2.2508,3.1731,1.9685,3.8385,4.9732,0.9892,1.0649
