x0,x1,x2,x3,x4,x5,x6,x7,x8,x9,x10,x11,x12,x13,x14
0.2042,0.6964,1.1491,0.3412,0.3586,-0.3682,-0.5617,1.588,-0.1361,-0.2515,0.8315,0.1835,-0.5651,-1.6735,-0.699
0.6211,0.9446,1.2011,0.1954,0.2636,-0.2698,-0.3838,2.0423,0.0724,-0.4738,1.0072,0.2937,-0.717,-1.5936,-0.508
0.5283,1.0158,1.818,-0.4771,0.5681,-0.2021,-0.7544,1.9537,-0.0809,-0.392,0.7752,0.8786,-0.6796,-1.8269,-0.622
0.6053,1.1436,1.6648,-0.781,0.7603,-0.2888,-0.2361,2.1426,-0.1483,-0.183,0.5376,1.2239,-0.7614,-2.3236,-0.5354
0.5559,0.9721,1.3932,-0.4221,0.8191,-0.1853,0.3358,2.4937,-0.1104,-0.2491,0.6463,1.0308,-0.6227,-2.1126,-0.7019
0.5801,1.1949,2.0673,-0.256,0.7975,-0.2102,0.4438,2.5669,0.0562,0.2981,0.6733,0.7187,-0.6724,-2.2677,-0.2488
0.5832,1.2068,2.1796,-0.0898,0.9075,-0.0952,0.2424,2.5606,-0.3486,0.3529,0.943,0.7501,-0.5716,-2.0626,0.1373
0.7903,1.3897,2.3493,-0.1255,1.063,-0.1877,0.0668,2.4755,-0.5149,0.2369,0.9952,0.7639,-0.4317,-2.1784,0.4324
0.6061,1.1523,2.6242,-0.1768,0.9477,0.0507,0.1318,2.3169,-0.6041,0.2689,1.3877,0.633,-0.3775,-2.1241,0.3707
0.6764,1.038,2.4788,-0.4001,0.9713,-0.1754,0.2288,2.3463,-0.5967,0.044,1.5278,1.0199,-0.3444,-2.0336,0.7003
0.5288,1.3748,2.415,-0.578,1.0444,0.0941,-0.0303,1.9747,-0.811,0.5871,1.4434,1.4443,-0.2768,-1.5954,0.8907
0.4534,1.1322,2.25,-0.2545,1.2069,0.2056,0.067,1.7149,-1.009,1.076,1.4549,1.3768,-0.2312,-1.3587,1.1302
0.5923,0.9849,1.842,-0.2344,1.1734,0.2557,-0.0044,1.362,-0.9885,0.8552,1.3743,1.3153,-0.1355,-0.1818,1.2623
0.5969,1.0265,1.5422,0.0617,0.9287,0.4237,-0.1288,0.381,-1.1365,1.5841,1.308,0.9532,0.1305,-0.048,1.3816
0.5657,0.5899,1.0834,-0.0671,0.8019,0.3544,0.3186,-0.0714,-0.8476,1.6467,0.8953,1.0983,0.2611,0.5757,1.2516
0.7095,0.8285,0.5115,0.2166,0.6719,0.3495,0.3901,-0.5376,-0.3666,1.7693,0.4999,0.9933,0.6105,1.1432,1.4588
0.7507,0.7005,0.0742,0.3541,0.2744,0.2479,0.3997,-0.6556,-0.1983,1.3953,0.2996,0.6716,0.7448,1.5558,0.99
0.8066,0.8702,-0.3484,0.0575,-0.1272,0.0757,0.3473,-0.8645,0.0498,1.3258,0.0863,0.4645,0.945,1.7383,0.7781
0.8623,1.1821,-0.5453,-0.127,0.3026,-0.0615,-0.21,-1.0114,0.4641,1.1158,-0.4254,0.075,0.9643,2.1147,0.3688
0.4348,0.4015,-0.4333,0.1045,0.1314,0.138,-0.4056,-1.0738,0.9116,0.7622,-0.426,-0.0542,0.7629,2.1714,-0.1544
0.7159,0.1312,-0.7728,0.2815,0.0499,-0.165,-0.1139,-0.6878,0.9287,0.1545,-0.5077,0.0028,0.5484,1.84,-0.8305
0.8602,0.0524,-1.0646,0.0466,0.0107,-0.2627,-0.3514,-0.3644,1.2479,0.6334,-0.6633,-0.1866,0.6188,1.6522,-1.065
0.9521,-0.2749,-0.9511,0.2893,-0.3428,-0.1365,-0.8623,-0.0243,1.6,-0.1311,-0.5324,-0.3444,0.2965,1.4583,-1.5765
0.8483,0.3916,-0.2953,0.2186,-0.4853,-0.0645,-0.7839,0.2019,1.6356,-0.7452,-0.4821,-0.3928,0.0398,1.052,-1.9777
0.9171,-0.0161,0.0387,0.456,-0.2955,-0.0913,-1.1878,1.0903,1.6045,-0.8833,-0.2614,-0.5874,-0.2444,0.7509,-2.1196
1.0431,0.0228,0.8415,1.0651,-0.1033,-0.219,-0.8284,1.2371,1.2763,-0.8732,0.5853,-0.5051,-0.5735,0.0312,-2.4059
0.9686,0.2765,1.3069,0.7527,0.4088,-0.1013,-0.6538,1.1871,0.7225,-1.013,1.0391,-0.2067,-0.5117,-0.396,-2.2455
0.7684,1.2506,1.0159,0.1895,0.7159,-0.0793,-0.2185,0.8248,0.0401,0.0279,0.8491,0.1762,-0.4621,-0.4466,-1.7325
0.8243,1.2072,1.0111,-0.1683,0.6591,-0.2636,-0.332,1.4867,0.3848,-0.0603,0.5879,-0.1215,-0.332,-0.2853,-1.3671
0.7527,1.1676,1.0519,-0.1648,0.4827,-0.1244,-0.1228,1.3709,0.4099,-0.4677,0.3545,0.2194,-0.2515,-0.5052,-1.574
0.9008,0.6442,1.4416,0.1484,0.3277,-0.0682,0.1225,1.6487,0.5792,-0.5534,0.4699,0.1571,-0.5424,-0.3641,-1.4937
0.8933,1.0735,1.2843,0.1433,0.5901,-0.118,0.0707,1.7245,0.3226,-0.1241,0.7331,0.0347,-0.2248,-0.6515,-1.0656
0.8829,1.103,1.5971,0.3959,0.5159,0.1433,0.0591,1.8676,0.4636,-0.3346,0.9966,0.1955,-0.3476,-0.7436,-0.9189
0.9081,1.3273,1.5876,0.3255,0.7091,0.3994,0.4516,1.8123,-0.1081,-0.3377,1.1172,-0.262,-0.374,-1.0977,-0.9134
0.8915,1.0641,1.5594,0.0805,0.7767,0.5083,1.0226,1.6361,0.0575,-0.1779,1.1334,-0.0295,-0.1165,-1.1695,-0.7868
1.1106,0.9952,1.6796,0.5083,0.6885,0.335,0.4751,1.662,0.1987,0.2011,1.2286,0.6361,0.0637,-1.1261,-0.4857
1.0413,0.7643,1.475,0.414,0.9034,0.177,0.6106,1.6368,-0.1815,0.6989,1.3713,0.9457,0.0507,-0.5995,0.0925
0.9654,1.4556,1.5336,-0.0626,0.6805,-0.1054,1.1212,1.6048,-0.2701,1.0765,1.1712,0.7429,0.0693,-0.5298,0.3194
0.9332,1.1359,1.124,0.1137,0.4937,-0.0015,0.896,1.36,-0.3329,0.6422,0.9025,0.762,0.4131,-0.3178,0.4537
0.9398,0.9896,0.9213,0.0943,0.4262,0.0689,0.9197,0.945,-0.3388,0.659,0.7916,0.7214,0.3853,-0.0786,0.4371
0.959,1.0724,0.7392,0.4001,0.3729,0.2222,1.2266,0.3071,-0.4899,0.782,0.7109,0.8035,0.5749,0.2156,0.338
1.0254,1.0449,0.4365,0.1826,-0.2675,0.1885,1.2394,0.1958,-0.1966,1.1496,0.5805,0.7146,0.6553,0.9454,0.7487
0.9662,1.1233,0.3525,0.4056,-0.0529,0.1531,0.4716,0.223,0.1158,0.4853,0.6051,0.8104,0.9386,1.207,0.6575
0.8353,1.2976,0.1787,0.6891,-0.0378,-0.2116,0.3515,-0.3332,0.0552,0.8439,0.7721,0.8042,0.9358,1.2511,0.8348
0.8983,1.1652,-0.013,0.5176,-0.1883,0.0029,0.1326,-0.7463,-0.0506,-0.1824,0.7308,0.5573,0.7904,1.3849,0.3826
0.98,0.9081,-0.267,0.505,0.0738,0.1099,-0.0879,-0.8857,0.2181,0.0894,0.4197,0.5976,0.7754,1.6364,-0.083
0.8009,0.743,-0.5813,0.1802,0.2177,0.4416,0.1527,-1.2862,0.3155,0.5827,0.2831,0.4037,0.9208,1.7768,0.2215
0.9683,0.4361,-0.5923,0.285,0.3533,0.2423,-0.0231,-1.1464,0.6495,0.9333,0.0841,0.7632,0.8441,2.1351,0.3883
0.8007,0.0902,-0.8254,0.5433,0.1788,0.5365,0.1849,-1.3161,0.8786,0.6637,0.0184,0.1745,0.7741,2.1695,0.0508
0.9835,0.2669,-0.9566,0.5672,-0.0234,0.582,0.2417,-1.294,1.1258,0.5385,-0.0181,0.3088,0.638,2.125,0.0365
1.2137,0.058,-0.7801,0.2878,0.0137,0.4285,0.1409,-0.7804,1.3456,0.5919,-0.187,0.2343,0.5962,2.3294,-0.2169
1.4145,0.4055,-0.5919,0.2881,-0.1905,0.2723,0.0628,-0.708,1.3276,0.2253,-0.1529,0.3518,0.4439,2.054,-0.3224
1.0981,0.6025,-0.4303,0.5053,-0.3081,0.2998,-0.3735,-0.4516,1.1973,0.0539,0.1759,0.086,0.5286,1.8981,-0.477
0.9948,0.6295,-0.5102,0.2572,-0.0012,0.2883,-0.2381,-0.6727,0.9048,-0.599,0.1925,0.1235,0.148,1.5401,-1.0118
0.9605,0.7109,-0.7972,0.0671,0.0187,0.4191,-0.2724,0.266,1.4112,-0.4695,0.1816,0.0368,0.0859,1.679,-0.9255
1.0622,0.8257,-0.081,0.263,0.1885,0.3593,0.0025,0.2382,1.1888,-0.7399,0.3247,0.0386,-0.1927,1.3036,-0.7956
0.9925,0.6344,0.0089,0.6115,0.4394,0.3193,-0.149,0.1524,0.8631,-0.4638,0.5937,0.2083,-0.0874,1.2425,-0.8241
0.7766,0.6989,0.011,0.5842,0.6061,0.3175,-0.2385,0.1113,0.6417,0.1018,0.6437,0.0412,-0.1713,0.9591,-0.4068
0.9272,0.8425,-0.0084,0.4362,0.5812,0.2864,-0.121,0.2943,0.6133,0.1902,0.703,-0.0582,-0.0587,0.9102,-0.4741
1.0444,1.1113,-0.1294,-0.1433,0.5404,0.0516,0.3361,0.4734,0.5988,0.2068,0.5033,0.007,-0.3864,0.8982,-0.2081
0.6664,1.2451,-0.431,0.0256,0.5453,0.0634,0.3247,0.8775,0.8638,-0.0147,0.2729,0.0218,-0.4037,0.6127,-0.2322
0.6235,1.0702,-0.0782,0.2017,0.4377,-0.1247,0.896,1.0532,1.2381,-0.3826,0.3442,-0.097,-0.4131,0.2197,-0.6119
0.6663,0.2066,0.3436,0.0687,0.4873,0.0516,0.4453,1.1548,0.9775,-0.6316,0.4248,0.0678,0.0279,0.0333,-0.8358
0.8075,0.674,0.3337,0.5821,0.7158,-0.0811,0.2773,1.5802,0.9374,0.1103,0.8114,-0.0493,-0.2389,0.1351,-0.7045
0.9145,1.08,0.6287,0.5899,0.8065,-0.0573,0.397,1.7692,0.926,0.19,1.1202,0.1087,-0.4583,-0.339,-0.6202
0.7286,0.5905,0.967,0.6529,1.0717,-0.1469,0.3786,1.7735,0.7161,0.0289,1.3756,0.499,-0.2911,-0.7999,-0.633
0.8017,0.9845,0.9945,0.2561,1.0202,0.1015,1.6284,1.7737,0.2434,0.3332,1.3936,0.497,-0.448,-1.0852,-0.1112
0.9285,1.5749,0.8986,0.6918,0.9443,0.0205,1.938,1.8371,0.2027,0.8198,1.5244,0.3733,-0.3502,-0.6472,0.4577
0.8144,1.0788,0.9006,0.4357,0.9529,0.1093,1.5438,1.6486,0.1009,0.9234,1.612,0.4378,-0.0624,-0.5472,1.0627
0.7933,0.9665,0.9205,0.5513,0.8578,0.1075,1.7039,1.2098,-0.0284,1.3041,1.6452,0.7358,0.0052,-0.403,1.1966
0.8,1.0712,0.461,-0.0612,0.9693,0.1251,1.1675,0.7296,0.2206,1.3699,1.3415,1.1264,1.096,0.1115,0.9377
0.7393,1.2087,-0.4237,-0.2869,0.9009,-0.1376,1.1335,0.1225,0.2931,1.2308,0.9023,1.1571,0.593,0.5791,0.6103
0.8062,1.1209,-0.5163,-0.2568,0.6867,0.301,0.7437,-0.0615,0.7312,1.0963,0.4965,0.9897,0.5815,0.9202,0.4411
1.0948,0.8242,-0.4242,0.0557,0.7314,0.0925,1.0639,-0.0863,0.9569,0.8677,0.5012,0.6869,0.4533,1.1473,0.0583
0.8719,0.5025,-0.2702,0.1768,0.8909,0.113,1.8146,0.2116,1.1916,0.9626,0.616,0.6637,0.2933,1.259,0.1612
0.8523,0.4018,-0.2822,0.178,0.7194,-0.013,1.4249,0.0765,0.9029,0.8591,0.7248,0.7744,0.5281,1.1416,0.4532
0.8727,0.8154,-0.2525,0.0837,0.766,0.0867,1.5925,-0.1473,0.8621,1.3679,0.6755,0.4968,0.7934,0.9031,0.5134
1.0514,0.902,-0.5226,-0.0294,0.6369,0.0028,0.8752,-0.0776,1.0035,1.2229,0.5071,0.242,0.7588,1.2981,0.5455
1.0589,0.808,-0.5292,-0.0939,0.6003,-0.1517,0.7332,0.0021,1.2042,0.8344,0.4438,0.1192,0.562,1.3833,0.2347
1.0721,0.5626,-0.5494,0.0993,0.7245,-0.2908,1.0745,0.0928,1.3179,0.0659,0.2149,0.1832,0.4711,1.0795,-0.4665
1.0481,0.5068,-0.732,0.0881,1.0356,-0.2654,0.5412,0.38,1.3661,0.6589,0.2165,0.1434,0.4135,0.8126,-0.4917
0.9366,0.57,-0.4948,0.2597,0.8026,-0.0723,0.6122,1.1099,1.7382,1.0287,0.2942,0.0108,0.3005,1.0367,-0.4867
0.8039,0.4499,0.0828,0.1425,0.8972,-0.0361,0.6456,1.0541,1.4655,0.6226,0.4927,-0.1556,0.128,0.5199,-0.5755
0.8909,0.1044,0.3869,0.602,0.8863,0.0256,0.3853,1.2504,1.2361,0.6184,0.8206,0.0621,-0.5581,0.4131,-0.4728
0.9236,0.678,0.0814,0.486,0.9677,0.1029,0.5208,1.1538,0.6597,1.191,1.0038,0.1398,-0.2449,0.0267,-0.5389
0.9625,0.754,-0.3963,0.6382,1.2487,0.304,0.6346,1.2286,0.7792,0.9514,1.0902,0.6658,-0.349,0.1671,-0.1437
0.9733,0.6621,-0.1217,0.4313,1.2823,0.2092,0.3132,1.3973,0.8597,0.9656,1.1166,0.7492,-0.0748,-0.0035,-0.2249
0.9772,1.5906,0.0337,-0.1539,1.0673,0.1549,0.3109,1.2492,1.0312,1.0666,0.9037,1.3358,-0.1372,-0.1148,-0.3675
0.8092,0.9771,-0.4264,-0.0073,0.9832,0.3737,0.4042,1.4443,0.952,0.4549,0.8666,0.9793,-0.23,-0.0942,-0.7988
0.9406,0.4817,0.0147,-0.0142,1.1754,0.2074,0.329,1.6676,1.3559,0.4169,0.9692,0.8416,-0.229,-0.0509,-0.8485
0.7094,1.0568,0.2758,0.0523,1.2415,0.2186,0.1852,1.7076,1.1428,0.949,1.1678,1.1876,-0.2933,-0.2735,-0.8625
0.7289,1.1547,0.1914,0.0972,1.2015,0.2408,-0.1105,1.6741,0.844,0.4979,1.3079,1.1153,-0.3095,-0.5171,-0.7746
0.6681,1.4873,0.1585,-0.3789,1.4203,0.1407,0.8245,1.6928,0.7124,0.5066,1.1786,1.3061,-0.4505,-0.4993,-1.241
0.5762,1.5705,0.1424,-0.4503,1.64,0.4696,0.7242,1.9632,0.9117,0.2979,1.0469,1.2837,-0.252,-0.6094,-0.9665
0.7552,0.8603,0.3889,0.2569,1.6034,0.3568,0.5331,2.1876,0.9131,0.107,1.4225,1.2765,-0.0158,-0.9221,-1.1209
0.461,1.286,0.385,0.1606,1.6305,0.1961,0.5552,2.2971,0.7215,0.4803,1.5306,2.2457,-0.1427,-1.1894,-0.5722
0.6757,1.2546,0.7887,0.0579,1.4587,0.2342,0.2803,2.362,0.5333,0.5088,1.7705,1.7031,-0.1164,-1.421,-0.5953
0.5616,1.1118,0.9732,-0.1679,1.6132,0.4602,0.8074,2.3722,0.2448,0.5884,1.828,1.5975,-0.1664,-1.3961,-0.4764
0.7001,0.9844,0.8658,-0.0649,1.6551,0.6253,0.483,2.2903,0.2466,0.6598,1.9661,1.3144,0.0323,-1.0697,-0.3279
0.6853,1.147,1.1617,0.1362,1.6988,0.4986,0.2879,1.7,0.3322,0.5185,2.0384,1.4715,0.0639,-0.9767,-0.3401
0.6834,1.4172,0.6144,0.1103,1.7622,0.6122,0.3683,1.4333,0.102,0.8567,1.8626,1.5585,0.1312,-0.8192,-0.363
0.5418,0.8043,0.3739,0.266,1.7087,0.7131,0.327,1.298,0.0139,1.1143,1.9215,2.1254,0.1443,-0.4362,-0.3415
0.6143,0.7176,-0.0192,0.4766,1.6126,0.5987,0.3829,1.108,0.1636,1.5165,1.9519,2.0738,0.2404,0.0203,-0.0037
0.6909,1.1405,-0.3788,0.3393,1.4766,0.7564,0.1978,0.8727,0.2435,1.724,1.9256,2.3957,0.7665,0.356,0.4119
0.6803,1.1467,-0.7051,0.2916,1.6367,0.6079,-0.291,0.114,0.1821,1.7574,1.6069,2.1435,0.8964,0.6865,0.2717
0.4736,0.7684,-1.46,0.0856,1.4477,0.5381,-0.1261,-0.1307,0.5447,1.7713,1.2062,1.6454,0.8031,1.0847,0.0821
0.722,0.3747,-1.2003,0.2898,1.1882,0.2693,-0.0337,0.0687,1.0739,1.672,0.9889,1.7226,0.5507,1.3976,0.0294
0.6363,0.4981,-1.1251,-0.0101,0.9189,0.2244,-0.1861,0.1762,1.3027,1.4772,0.8069,0.8613,0.4893,1.3337,-0.2832
0.5233,0.3464,-1.0779,0.063,0.8675,0.224,-0.1342,0.1637,1.6081,1.2742,0.7703,0.7134,0.2827,1.5831,-0.4075
0.563,0.471,-0.9601,0.5414,0.8546,0.2452,0.0561,0.2599,1.3324,1.0071,0.9914,0.8541,0.3978,1.6321,-0.6056
0.6688,0.8893,-0.9524,0.5515,0.9429,0.3472,0.2919,-0.0209,1.2103,1.0198,0.9989,1.9055,0.6176,1.4233,-0.491
0.6151,0.6014,-0.7622,0.0294,1.0327,0.3014,0.567,-0.0993,1.0653,1.3979,0.9406,1.3253,0.6251,1.3925,-0.6389
0.6722,0.3013,-1.0267,0.0712,0.8248,0.2033,0.5065,-0.0321,1.1437,0.888,0.7427,0.8633,0.6016,1.5111,-0.9233
0.7604,0.5324,-1.1299,0.1134,0.7964,-0.054,0.876,-0.0627,1.5136,0.3236,0.5899,1.2361,0.9084,1.4255,-0.9044
0.7221,0.6655,-0.875,0.279,0.8759,0.0269,0.6327,-0.1366,1.2518,0.3246,0.6619,0.8747,0.9241,1.0648,-0.9519
0.6348,0.7062,-0.8919,0.2598,1.0092,0.234,0.4105,0.0015,1.3808,0.4411,0.7227,0.9918,0.8306,1.0665,-1.0396
0.5827,0.6711,-1.1549,0.3142,1.0222,0.0854,0.1886,-0.2732,1.0677,0.8839,0.7499,0.9076,0.7992,1.0954,-1.2028
0.9028,0.7626,-1.2493,0.1739,1.1492,0.0282,0.6417,-0.0238,1.2078,1.2854,0.6381,1.1564,0.7549,1.4175,-0.9098
0.7811,0.4764,-1.0581,0.2106,1.1857,0.165,0.7272,-0.0696,1.182,0.7495,0.6219,0.895,0.7861,1.2796,-0.9118
0.6522,0.8335,-1.1142,0.3686,1.1495,0.4226,0.3687,-0.1181,1.2737,0.7665,0.9357,1.0963,0.8781,1.4581,-0.6119
0.8218,0.7125,-0.9218,0.4221,0.9812,0.2949,0.2048,-0.1312,1.4122,0.4462,1.0132,1.0052,1.0227,1.1983,-0.775
0.6864,1.0039,-1.2868,0.2282,0.8782,0.1032,0.0698,0.0552,1.2859,0.1017,0.9799,1.4707,1.0396,1.2083,-1.1265
0.6617,0.9798,-1.2422,0.1448,1.0257,-0.0471,0.2587,0.1125,1.2386,-0.1664,0.8449,1.4538,0.9826,1.0373,-1.2932
0.4954,0.8028,-1.1509,0.0733,1.178,-0.124,0.3804,0.2875,1.4905,0.1654,0.9021,1.2053,0.8945,0.8825,-1.485
0.507,1.0796,-1.1557,-0.4231,0.9879,0.1771,0.2055,0.2301,1.4042,0.2563,0.769,1.1367,0.7897,0.4888,-1.4531
0.3853,0.7277,-1.32,-0.2639,1.0239,0.0617,0.2218,0.5869,2.1202,0.0918,0.636,0.9387,0.5775,0.4651,-1.9334
0.5957,0.9985,-0.9265,-0.134,1.1428,0.0761,0.3825,0.9973,2.0544,-0.1405,0.633,0.8752,0.4865,0.491,-2.0691
0.5009,0.8166,-0.8687,-0.0949,1.23,0.098,0.1389,0.6511,1.5214,-0.3432,0.7676,0.8542,0.5156,0.0935,-2.6351
0.5412,0.3498,-0.752,0.1758,1.0779,0.232,0.0525,0.932,1.7372,-0.2437,1.1814,1.1449,0.5949,0.0335,-2.6686
0.5863,0.3903,-0.2019,0.1242,1.2703,0.1175,0.1641,1.229,1.6003,-0.3632,1.4666,1.1003,0.3178,-0.4437,-2.4772
0.6554,0.3909,-0.0945,0.3101,1.6272,-0.1261,0.3783,1.8478,1.3625,0.2127,1.7658,0.3074,0.1853,-0.4884,-1.9736
0.4978,1.0233,0.1728,-0.0499,1.7472,0.1119,0.2135,1.7174,1.2352,0.6769,1.6873,1.1388,0.3975,-0.8266,-1.3811
0.4476,1.1294,0.4034,-0.1353,1.7988,0.0954,0.4348,1.8761,1.143,0.8637,1.8466,1.2604,0.5156,-1.068,-1.2593
0.319,1.4325,0.4883,-0.408,1.8483,0.2702,0.0511,2.1006,0.6316,0.9437,1.8925,1.6033,0.3796,-1.1084,-0.9069
0.5088,1.2977,0.4713,0.0011,1.8964,0.1367,0.2125,1.9445,0.2303,1.1018,1.9079,1.821,0.314,-1.0282,-0.9181
0.4121,1.3056,0.3114,0.0644,2.0896,-0.1149,0.3404,1.8885,0.1924,1.4423,1.9631,2.1559,0.2063,-0.7341,-0.8416
0.4058,1.1079,0.4475,-0.2407,1.9955,-0.0797,0.2392,1.9624,0.2507,1.1505,1.9519,2.1304,0.1506,-0.5415,-0.6185
0.4416,0.9337,0.5186,-0.1751,1.9362,-0.0047,0.3606,1.7283,0.1063,1.151,1.993,2.3054,0.1954,-0.3651,-0.6424
0.4885,1.4271,0.4714,-0.1429,1.8741,-0.1,0.0255,1.7065,0.2104,1.2184,2.1301,2.092,0.3143,-0.2288,-0.5325
0.4288,1.5048,0.4256,-0.1784,1.9045,0.109,0.3526,1.6417,0.276,0.9789,1.9819,2.4245,0.2771,-0.2471,-1.0886
0.5007,1.3373,0.2849,-0.1299,1.9834,0.2877,0.2922,1.6234,0.2832,0.5711,2.0018,2.4214,0.4281,-0.5258,-1.2565
0.3431,1.1027,0.2271,-0.0921,2.1464,0.1351,0.1551,1.599,0.3317,1.0102,1.7115,2.6501,0.5341,-0.35,-1.7709
0.6043,0.8043,0.2938,0.1001,2.0702,0.2219,-0.19,1.7014,0.712,0.8765,1.6749,2.4529,0.6257,-0.2345,-1.5068
0.6535,0.8145,0.8946,-0.0108,2.1454,0.16,-0.0687,1.922,0.5159,1.153,1.8759,2.171,0.4381,0.002,-1.3246
0.5879,0.4545,0.2872,-0.1761,2.0184,0.1006,-0.2207,1.6066,0.0982,1.0906,1.7906,2.2506,0.2915,0.108,-1.0668
0.4701,1.1358,-0.013,-0.5045,1.8205,0.1546,-0.4094,1.5739,0.2471,1.3903,1.589,2.3671,0.1654,0.2379,-1.1639
0.653,0.9325,0.0381,-0.4935,1.7141,-0.105,-0.227,1.5673,0.4778,0.8533,1.6089,2.1853,-0.0053,0.2773,-1.1943
0.4984,0.8657,0.1785,-0.4722,1.6502,-0.1296,-0.6001,1.5232,0.6619,0.9792,1.6088,2.0353,0.0837,0.5759,-1.2365
0.4328,0.6653,0.3034,-0.2932,1.3825,0.1053,-0.608,1.3997,0.5913,0.6297,1.7001,1.9052,0.0943,0.5442,-1.439
0.4923,0.5776,0.2562,-0.283,1.5983,0.2365,-0.4293,1.4223,0.3701,0.532,1.5661,1.7532,0.1865,0.5436,-1.4489
0.5667,0.3998,0.1915,-0.2465,1.6941,0.1904,0.2236,1.4261,0.3957,0.9804,1.5482,2.0974,0.2386,0.5828,-1.5476
0.4701,0.1281,-0.2092,-0.0307,1.8136,0.4127,-0.8776,1.1681,0.4495,0.7046,1.6921,2.2113,0.5813,0.2357,-1.5769
0.4845,1.034,-0.3401,-0.3855,2.0001,0.5215,-0.114,1.0609,0.6319,1.592,1.4745,2.1184,0.4422,0.5574,-1.3876
0.5997,0.8318,-0.3331,-0.3391,1.6549,0.429,0.1552,1.2498,0.9667,0.7187,1.4848,1.9822,0.6401,0.3925,-1.6998
0.6325,0.6295,0.0097,-0.3981,1.6866,0.5289,-0.3929,1.0862,0.8427,0.4789,1.4291,1.8834,1.0038,0.3712,-1.6601
0.5663,0.631,-0.0282,-0.5228,1.6177,0.5874,0.3319,0.8368,0.7761,0.878,1.4225,2.0903,0.8765,0.5069,-1.6314
0.5601,0.1866,-0.2602,-0.6137,1.5899,0.6402,0.3606,0.979,0.8586,1.0307,1.3925,2.0511,0.979,0.5567,-1.5624
0.4925,0.4355,-0.2045,-0.2063,1.3614,0.4726,0.0931,0.9976,1.1401,1.0743,1.5445,2.3093,0.8519,0.8115,-1.4583
0.5122,0.8263,-0.606,-0.3447,1.4011,0.6035,-0.2036,0.7874,0.9273,0.8465,1.5743,2.3452,1.0189,0.8017,-1.3268
0.5976,0.4913,0.5531,-0.0092,1.25,0.2708,-0.1955,0.524,1.1158,0.7645,1.838,2.51,0.903,0.9841,-1.304
0.5623,0.9317,-0.014,-0.3146,1.3357,0.4198,-0.1211,0.46,0.6014,1.2244,1.6483,2.4867,0.9273,1.1199,-1.2917
0.5128,0.4707,-0.4611,-0.3109,1.5208,0.5815,-0.4138,0.2818,0.4762,1.0424,1.552,2.5589,0.9743,1.4024,-1.8759
0.5979,0.7315,-1.0067,-0.5804,1.4293,0.6643,-0.5076,0.2099,0.6815,1.1633,1.1874,2.282,0.9277,1.5071,-1.6047
0.5046,0.4201,-1.2533,-0.5064,1.3328,0.64,-0.5419,-0.0615,1.0792,1.1943,0.7852,1.8985,0.9743,1.6589,-2.0106
0.4637,0.173,-1.3889,-0.4051,1.3481,0.6951,-0.806,-0.3884,1.3248,0.8488,0.5789,1.5312,0.9947,1.6258,-2.1659
0.6856,0.6655,-1.5222,-0.5485,1.1925,0.5096,-0.5589,0.1023,1.8862,0.7873,0.3223,1.4132,1.0919,1.587,-2.1879
0.4512,0.5341,-1.3548,-0.8059,1.1399,0.4703,-0.4591,0.2036,1.8719,0.9435,0.1883,1.3908,0.9616,1.6242,-2.4531
0.4171,0.5289,-1.0767,-0.3567,1.0119,0.5971,-0.4962,0.5577,2.162,0.3817,0.1869,1.0045,1.0534,1.4842,-2.5934
0.5634,0.3425,-0.9125,-0.2544,0.9517,0.3694,-0.3493,0.6398,2.0141,-0.0472,0.4493,1.1426,0.8373,1.1323,-2.7931
0.663,0.3374,-0.8595,-0.1581,1.0297,0.2363,-0.1557,0.7698,2.0292,0.1789,0.6199,1.3524,0.6176,0.8458,-2.5806
0.4724,0.4971,-0.5797,-0.0877,0.7926,0.2418,0.0529,1.4359,2.1127,0.0036,0.9363,1.4526,0.8323,0.5868,-2.6525
0.4494,0.5261,-0.0795,-0.1973,1.264,0.1162,-0.0541,1.503,1.682,-0.0247,1.103,1.173,0.8614,0.12,-2.3441
0.4657,0.3994,0.8691,-0.3548,1.6555,0.3355,-0.166,1.3352,1.3524,0.3361,1.5971,1.1978,0.9224,-0.0043,-2.0046
0.5246,0.4758,0.5503,-0.2275,1.7784,0.3282,-1.0451,1.2546,0.8372,0.5582,1.9789,1.2298,0.7933,-0.5308,-1.4784
0.5128,0.6666,0.0482,-0.1285,1.6342,0.284,-0.4553,1.5734,0.9399,1.1241,1.7842,1.7715,0.3272,-0.2899,-1.3403
0.3554,0.7752,0.2369,-0.3454,1.4406,0.4153,0.2923,1.3711,0.8201,0.8605,1.5688,2.175,0.2692,-0.0485,-1.1615
0.4931,0.3879,-0.066,-0.4555,1.4392,0.3802,0.3877,1.4386,0.9178,1.1087,1.4797,2.166,0.611,0.3638,-0.7835
0.4772,0.9249,0.0628,-0.6178,1.526,0.2222,0.1771,1.2568,0.7891,1.5477,1.3788,2.4409,0.5406,0.6799,-0.6176
0.3817,0.7757,-0.2694,-0.5842,1.4685,0.1694,0.143,1.416,0.7561,0.8007,1.2036,2.3756,0.7365,0.6829,-0.9339
0.3789,0.1358,-0.2223,-0.3512,1.2238,0.1409,0.084,1.344,0.9194,0.5232,1.0395,2.6059,0.6914,0.5526,-1.3519
0.6155,0.3448,0.1141,-0.3978,1.3527,0.32,0.7316,1.7287,0.9712,1.1891,0.9658,2.1846,0.8426,0.9211,-1.3364
0.4297,0.5616,-0.0589,-0.2573,1.391,0.7117,0.6028,1.5757,0.6841,1.8176,1.1643,2.0828,0.9664,1.0119,-0.8909
0.4803,0.9469,-0.25,-0.2384,1.2002,0.5952,0.4202,1.133,0.6159,1.5542,1.2331,1.9743,1.131,1.0754,-0.8032
0.5239,0.8192,-0.2893,-0.0979,0.884,0.4511,0.6568,0.9539,0.8023,1.195,1.1305,2.026,1.1263,1.3026,-0.7735
0.6295,0.3976,-0.3333,-0.4263,1.0052,0.1204,-0.0182,0.8112,0.6554,1.2723,1.0015,1.9788,1.2613,1.5195,-0.9938
0.5783,0.2688,-0.6092,-0.381,1.1241,0.4052,0.0043,0.5642,0.8341,0.9994,0.7518,1.6524,1.1967,1.8997,-1.6561
0.6651,0.5225,-0.9012,-0.3422,1.1515,0.3093,0.3655,0.6068,1.2097,1.2044,0.7813,1.6803,0.9333,1.9236,-1.7694
0.5034,0.4521,-0.9766,-0.1763,1.1299,0.3759,0.0837,0.853,1.4847,0.0034,0.8244,1.6953,1.142,1.6588,-1.9461
0.6546,0.2614,-0.8972,-0.3415,1.2335,0.3863,0.0306,0.9689,1.5881,0.3812,1.061,1.4338,1.056,1.3863,-2.2353
0.6884,0.1303,-0.7181,-0.389,1.1492,0.5472,-0.22,0.7524,1.3331,0.4403,0.8845,1.9591,1.0648,1.1762,-2.4329
0.862,0.7233,-0.633,-0.2812,1.2583,0.6839,-0.0706,0.5213,1.2401,0.734,0.6955,1.8722,0.7506,1.3694,-2.3644
0.8647,0.84,-0.7543,-0.4094,1.1596,0.3798,-0.1708,0.9749,1.773,0.3902,0.6705,2.0327,0.7507,1.4624,-2.4533
0.7648,0.9433,-0.3269,-0.786,1.2414,0.4806,-0.1371,1.034,1.6597,0.3656,0.5336,1.5525,0.6758,1.0177,-2.4888
0.8202,0.422,-0.2804,-0.1727,1.3359,0.3166,0.0142,1.2614,1.5178,0.5058,0.9335,1.805,0.5081,1.0642,-1.7472
0.8972,0.5598,-0.145,-0.2496,1.3061,0.266,0.0877,1.4914,1.4982,0.6278,1.1888,1.9385,0.5673,0.6229,-2.03
0.5055,0.9428,-0.2369,-0.5715,1.294,0.343,0.1721,1.4387,1.3144,0.3757,1.0598,2.2726,0.3433,0.3311,-1.8429
0.5309,0.4545,-0.0931,-0.4163,1.2435,0.3629,0.459,1.674,1.1915,0.5768,1.0233,2.5038,0.3857,0.4328,-1.9645
0.5212,0.7311,0.1956,-0.1502,1.2685,-0.1412,0.3765,1.6464,1.2117,-0.5724,1.0826,2.2787,0.5065,-0.0727,-2.4114
0.4986,1.1891,0.1444,-0.2768,1.4803,-0.0306,0.4296,2.1096,1.2154,0.2477,1.2872,2.4648,0.4192,-0.1766,-2.2837
0.4816,0.7835,0.5152,-0.1018,1.3435,0.1426,0.6022,2.3876,1.1107,0.1099,1.5497,2.5363,0.1788,-0.379,-2.1764
0.6725,0.9668,0.4946,-0.471,1.5033,0.1505,0.5936,2.4481,0.7849,0.6529,1.4389,3.1578,0.1028,-0.5219,-2.1884
0.4285,1.1215,0.6176,-0.6921,1.4584,0.2303,0.7106,3.221,1.1173,0.669,1.5193,3.1296,-0.0128,-0.394,-1.7522
0.3869,0.8679,1.3005,-0.6012,1.4292,0.3466,0.9882,2.9266,0.649,0.8882,1.6511,3.0315,0.0639,-0.6227,-1.8819
0.2545,1.1153,1.0662,-0.7783,1.7402,0.5834,0.8509,2.7488,0.485,0.8661,1.9228,2.6942,0.3369,-0.6438,-1.3708
0.3739,0.9322,0.989,-0.7256,1.7273,0.6264,0.7918,2.4959,0.2913,1.0404,1.8363,3.1394,0.2264,-0.7843,-1.3568
0.1823,1.2254,0.7561,-0.7921,1.7152,0.7682,0.7477,2.3696,0.4735,1.9241,1.8332,3.4363,0.5647,-0.5588,-0.7032
0.2837,0.0539,0.3138,0.8637,1.5314,0.6433,0.6914,2.481,0.5553,1.566,2.3818,3.6344,0.6739,-0.4364,-0.2541
0.2157,0.6088,0.4545,0.4255,1.2261,0.9819,0.4631,1.769,0.5498,2.1168,2.3985,3.8459,0.7669,-0.4517,0.1236
0.3347,1.3306,0.1111,-0.3865,1.4945,0.9086,0.5582,1.569,0.4046,2.2105,1.6675,3.7202,0.5867,0.0374,-0.2374
0.1044,1.1916,-0.175,-0.2331,1.608,1.1278,0.3809,1.325,0.5489,1.9537,1.4741,3.708,0.8648,0.4601,-0.3113
0.3896,0.7197,-0.2506,-0.4049,1.4665,0.8337,0.5314,1.0707,0.7632,1.4239,1.2439,3.2578,0.8893,0.4214,-0.3266
0.3398,0.6584,-0.5409,-0.1698,1.5153,1.0869,0.1428,1.0586,0.8131,1.3994,1.0282,3.3064,0.7884,0.5628,-0.678
0.2583,0.9732,-0.8679,-0.4923,1.613,0.9739,0.5606,1.3282,0.945,1.3283,0.6728,2.8675,0.3887,0.5967,-0.9694
0.4308,0.2657,-0.514,-0.9625,1.4894,0.7533,0.5316,1.3268,0.9617,0.7943,0.5446,2.3728,0.7448,0.1576,-1.287
0.389,0.1543,-0.3587,-0.8107,1.3701,0.6463,0.5239,1.6008,1.3026,1.226,0.522,1.9762,0.5954,0.5952,-1.7104
0.2029,-0.6704,-0.0006,-0.3603,1.3556,0.4951,0.4661,1.7108,1.4406,0.7865,0.7301,2.1594,0.6443,0.5315,-1.9291
0.3099,0.285,0.1002,-0.9432,1.3808,0.2824,0.3177,1.9407,1.3577,1.192,0.418,2.2454,0.604,0.6317,-1.9579
0.6366,0.4848,0.5203,-0.6469,1.5776,0.2376,0.7809,2.2116,1.4541,0.8062,0.7304,2.2705,0.4084,0.5581,-2.065
0.5312,1.0192,0.7038,-0.5444,1.6693,0.419,1.1054,1.8316,0.8645,1.1247,0.9818,2.3528,0.5002,0.2388,-1.707
0.5869,0.7631,0.5689,-0.4024,1.6078,0.241,1.2717,1.8741,0.7399,1.3479,1.2302,2.4595,0.787,0.2195,-1.4867
0.6103,0.9746,0.699,-0.2348,1.6506,-0.0903,1.3718,2.03,0.9522,1.1487,1.3658,1.9664,0.8487,0.2524,-1.0932
0.5482,0.7076,0.6243,-0.7324,1.6278,0.183,1.6409,1.5053,0.3407,1.432,1.2128,2.9143,0.9808,0.1158,-0.8083
0.3592,0.6181,0.3572,-0.5851,1.389,0.1693,1.6664,1.408,0.6519,1.6873,1.0548,3.2619,1.2603,0.6149,-0.5117
0.3617,0.5718,-0.2243,-0.7225,1.3716,0.0436,1.1045,1.3369,0.8331,1.7051,0.669,3.0185,1.3753,1.0864,-0.3615
0.39,0.0858,-0.315,-0.2628,1.3073,0.1073,1.1552,1.1164,0.9368,1.6831,0.5599,2.7978,1.0817,1.2878,-0.6581
0.5287,-0.0616,-0.6264,-0.2523,0.919,0.0098,0.021,1.1104,1.2028,1.8012,0.6276,2.1663,1.2176,1.6144,-0.9351
0.5279,0.21,-0.7367,-0.2784,0.9522,0.0664,0.0278,1.1462,1.357,1.346,0.5921,2.4625,0.6901,1.554,-1.1079
0.4362,0.3284,-0.5104,-0.2773,0.6732,0.2921,-0.0434,1.0551,1.4621,0.61,0.4872,2.0093,0.6969,1.5481,-1.7351
0.4563,0.3237,-0.4626,-0.204,0.9134,0.148,0.26,1.0425,1.4451,0.5428,0.5409,1.9095,0.6917,1.3595,-1.9444
0.5055,0.6577,-0.4091,-0.5829,1.0329,0.1997,0.3815,1.4297,1.6928,0.4382,0.3816,2.0396,0.6468,1.2794,-2.2346
0.5381,0.3793,-0.1175,-0.7508,0.9515,0.1354,0.6694,1.0558,1.7219,0.308,0.3173,2.3437,0.7178,0.7859,-2.5925
0.5505,-0.6567,-0.2102,-0.3195,1.1099,0.1938,0.6647,1.5695,2.0244,0.5889,0.4621,2.2029,0.6008,1.0381,-2.3982
0.6227,-0.0162,0.2315,-0.3784,1.4017,0.138,0.4069,1.8171,1.7462,1.157,0.677,2.2004,0.5133,0.7102,-2.1123
0.6937,-0.0497,0.4388,-0.3233,1.2666,0.164,1.5545,1.7158,1.4463,1.1889,0.8396,2.2738,0.0782,0.5554,-2.0396
0.5767,0.1062,0.3482,-0.6704,1.2352,0.0057,1.458,2.1459,1.371,1.5139,0.7694,2.3653,0.3503,0.6062,-1.5797
0.6423,0.1515,0.7064,-0.571,1.1688,0.3558,0.9532,2.0782,1.2568,1.383,0.8342,2.7031,0.581,0.7281,-1.3774
0.7065,0.5049,1.1881,-0.393,1.1626,0.1182,1.3353,1.6545,0.9604,1.2082,1.0006,2.9186,0.5574,0.7276,-1.1356
0.5943,0.1178,0.638,-0.2623,1.2195,0.1114,1.0075,1.4924,0.6065,1.2127,1.1728,2.9368,0.6959,1.1578,-0.9351
0.5203,0.3386,0.3369,-0.3572,1.1199,0.1199,0.8997,1.097,0.4935,1.4661,1.0488,3.0068,1.2841,1.3489,-1.102
0.5977,0.3333,0.0352,-0.1403,1.2081,0.0725,0.0691,0.6477,0.5012,0.3775,0.9591,3.0459,1.2523,1.3503,-1.4605
0.642,0.6619,-0.4686,-0.7239,1.1366,0.0576,0.6264,0.6193,0.8406,1.3162,0.4405,2.8862,0.831,1.7614,-1.8139
0.7996,-0.1807,-0.3252,-0.6453,0.9991,0.068,0.6934,0.8765,1.3447,0.7615,0.402,2.5695,0.8714,2.0627,-1.9068
0.7402,0.3013,-0.5175,-0.4949,0.8842,0.0177,0.787,0.9485,1.4524,0.9047,0.2103,2.4419,0.9873,2.0457,-1.9217
0.7822,1.2622,-0.1467,-0.905,0.7138,0.0746,0.5982,0.6093,1.3104,0.9711,-0.0851,2.4742,0.742,1.9362,-2.1298
0.6851,0.436,-0.5244,-0.954,0.8252,0.1282,0.8695,0.7798,1.1626,1.7394,-0.1349,2.3479,0.7433,2.3515,-1.9626
0.1071,0.1486,-0.8377,-0.6119,0.5866,0.2917,0.9574,1.028,1.5984,1.0014,0.1025,1.8904,1.0505,2.3825,-2.2329
0.41,-0.0409,-0.3721,-0.6445,0.617,0.3503,0.4061,0.6551,1.619,0.0758,0.15,1.7752,0.9659,1.6939,-2.513
0.5698,-1.1013,-0.3367,-0.2306,0.5905,0.7049,0.2384,0.4189,1.3874,0.2417,0.36,1.5641,0.9251,1.7891,-2.7384
0.6637,-0.587,-0.6917,0.0388,0.9798,0.4671,0.2899,0.564,1.3762,0.4916,0.4773,1.6809,0.7149,2.0552,-2.8521
0.7498,-0.1574,-0.8366,-0.2676,0.6322,0.4355,0.3766,0.4154,1.558,0.6111,0.3561,1.789,0.6994,2.149,-2.8331
1.15,0.0778,-0.6968,-0.4067,0.343,-0.1366,0.6601,0.8731,1.7371,0.4784,0.1642,1.7796,0.7043,2.2081,-2.8452
1.0834,-0.0459,-0.3528,-0.2246,0.5661,-0.4482,0.677,0.9488,1.7594,0.1632,0.2726,1.8142,0.7737,1.9035,-2.7342
0.8411,-0.0431,-0.2623,0.0237,0.6084,-0.218,0.6008,1.2693,1.5606,0.4716,0.5977,1.4907,0.7623,1.7319,-2.4906
0.5801,0.9832,-0.132,-0.1316,0.7558,-0.124,0.4643,1.1695,1.2983,0.5776,0.7075,1.9678,0.7599,1.5608,-2.4171
0.7659,1.3748,-0.2109,-0.4345,0.9093,-0.1728,0.2712,1.1205,1.2848,-0.0966,0.7449,2.2322,0.7816,1.3004,-2.629
0.7196,0.5435,-0.3262,-0.5975,0.858,-0.0731,0.3921,1.1524,1.2627,0.0397,0.6514,2.0983,0.6267,1.0721,-2.6478
0.9601,0.5179,-0.2951,-0.6341,0.7927,-0.1872,0.5241,1.4351,1.4939,0.2463,0.4774,2.2505,0.2516,1.3572,-3.3279
0.7089,0.1069,-0.2156,-0.5427,0.9413,-0.2612,0.6396,1.7752,1.6097,0.3061,0.4923,2.3248,0.606,1.2235,-3.1373
0.8694,0.1714,0.3805,-0.6852,0.6248,-0.3323,0.6099,2.0417,1.6211,0.2056,0.6296,2.3813,0.6752,0.8241,-2.8151
0.9428,0.0334,0.7201,-0.3537,1.0684,-0.5328,0.7442,1.9953,1.2394,0.6301,1.0847,2.0998,0.6569,0.5975,-2.7436
0.9254,0.1244,0.8787,-0.3004,1.1694,-0.7582,0.901,2.2563,0.9724,1.285,1.4096,2.5282,0.5691,0.7214,-2.1731
0.7621,0.6445,0.9491,-0.6454,1.245,-0.4248,1.1625,2.9888,0.8634,1.0933,1.5231,2.945,0.5659,0.6004,-1.5619
0.5834,0.8509,1.2558,-0.6185,1.3146,-0.4014,1.2019,2.3564,0.3483,1.0341,1.2771,3.0569,0.8037,0.3621,-1.7653
0.4777,1.002,1.0617,-0.9786,1.2716,-0.194,1.1676,1.9748,0.1436,0.8187,1.094,3.203,0.773,0.6057,-1.3507
0.412,0.9333,0.4693,-0.9845,1.4133,0.0387,1.0429,1.6056,0.3337,0.8541,0.9381,3.773,0.844,0.7789,-1.3494
0.4645,0.7064,0.0336,-0.7105,1.0494,0.029,1.2651,1.381,0.314,1.0045,1.007,3.5372,0.875,0.7378,-1.1627
0.4426,0.3632,-0.1748,-1.3281,1.1259,-0.2573,0.7961,1.5686,0.5346,1.2746,0.5809,3.4469,1.0844,1.053,-1.8085
0.5038,0.4158,-0.0536,-1.2901,1.0576,-0.4255,1.0213,1.536,1.1301,1.4557,0.2654,3.2186,0.8943,1.3904,-1.6513
0.4321,0.2115,0.1844,-0.7786,0.85,-0.4623,1.475,1.7312,0.9609,1.822,0.614,2.862,0.9125,1.39,-1.4937
0.398,0.1673,0.3395,-1.3695,0.9894,-0.241,1.7112,1.4196,0.6717,0.6647,0.6477,2.7084,1.1329,1.2213,-1.4258
0.5034,0.4676,0.1659,-0.9595,1.1194,-0.3006,1.6815,1.2311,0.8061,1.3128,0.7672,2.8582,0.9013,1.3372,-1.0156
0.2911,-0.0197,0.1518,-1.1695,0.9352,-0.0688,1.5387,0.9878,0.6045,1.0546,0.7076,2.6772,1.134,1.4118,-1.1733
0.0861,0.0157,-0.0941,-1.1181,1.0632,-0.096,1.009,0.8369,0.7203,1.436,0.7557,2.7518,1.4091,1.7017,-0.6793
0.2715,0.7265,-0.3917,-0.9224,0.9285,-0.1637,0.9979,0.1776,0.539,1.1073,1.0208,2.2865,1.1151,1.7391,-1.0269
0.22,0.4956,-0.6392,-0.9752,0.7376,-0.2652,1.46,0.2548,1.0842,0.9138,0.7639,2.8175,1.2036,1.9789,-0.9422
0.4748,0.2938,-0.903,-1.2389,0.6158,-0.4335,1.4051,0.3947,1.2295,0.6508,0.3857,3.023,1.4523,1.8912,-0.9191
0.4047,0.0997,-0.8293,-1.0074,0.3707,-0.633,1.1128,0.5805,1.4568,1.2225,0.4529,2.8182,1.1872,2.1085,-1.2848
0.3955,0.8935,-0.8323,-1.7111,0.3308,-0.3824,1.0558,0.5537,1.5597,0.6431,0.0644,2.6646,1.4302,2.0923,-1.7197
0.5005,0.103,-0.6701,-1.2304,0.4157,-0.4673,0.74,0.8482,1.6815,0.1673,0.3079,2.7566,1.2925,1.9901,-2.1645
0.3122,0.4273,-0.4115,-1.2821,0.637,-0.218,1.2033,0.9198,1.4958,0.122,0.2939,2.4637,0.9931,1.789,-2.2778
0.1133,0.3525,-0.427,-1.1244,0.8251,0.0301,0.827,0.9412,1.1509,0.4124,0.3561,2.3693,1.2362,1.8458,-1.8096
0.4187,-0.374,-0.2237,-0.9168,0.8632,-0.1145,1.449,0.6908,1.2756,0.4882,0.5073,2.2588,1.3357,1.9514,-1.7451
0.2967,0.2513,-0.2805,-0.7233,0.8971,0.1113,1.2904,0.4689,1.1067,0.8259,0.6521,2.1437,1.5819,1.7031,-1.6099
0.3514,0.3301,-0.3427,-1.0658,0.7809,0.0413,1.3203,0.3337,1.0415,1.3231,0.6976,2.2876,1.5926,1.8527,-1.1704
0.2975,0.2977,-0.6217,-0.6406,0.6194,-0.2436,1.2838,0.1967,1.4019,1.2422,0.6294,2.7755,1.6666,2.005,-0.0825
0.4586,0.2796,-0.5919,-0.7206,0.4271,-0.3179,0.9628,0.2964,1.305,1.2049,0.5816,2.7664,1.7783,2.0896,-0.5231
0.281,0.0548,-0.5233,-0.7944,0.448,-0.1625,0.8253,0.2217,1.2273,0.3566,0.4205,2.4933,1.7223,1.9579,-1.1386
0.3948,0.2088,-0.3647,-1.2916,0.4558,-0.1378,0.8473,0.3675,1.4581,0.7032,0.3832,2.7658,1.4361,1.8629,-1.2209
0.2308,0.2385,-0.6117,-1.1137,0.4138,-0.1745,1.0264,0.3449,1.4751,0.8304,0.2092,2.5938,1.4962,1.7785,-1.5426
0.1615,0.4388,-0.6129,-0.851,0.4396,-0.0362,0.8114,0.6277,1.502,0.4103,0.261,2.2639,1.4583,1.8026,-1.4258
0.3479,0.0133,-0.0731,-0.684,0.7949,0.0618,0.4995,0.7047,1.4888,0.6414,0.4782,2.0268,1.2337,1.5345,-1.6151
0.2463,0.298,-0.1329,-0.7674,0.8279,0.3072,0.6967,0.8273,1.1413,1.315,0.6419,2.7112,1.1378,1.437,-1.4201
0.1777,0.016,-0.1227,-0.838,0.7398,0.2931,0.7387,0.2509,0.8133,1.5976,0.7551,2.3096,1.4901,1.5571,-1.1825
0.2202,-0.2166,-0.5728,-0.8436,0.6033,0.4139,1.5478,0.5093,1.337,1.1785,0.5908,2.5712,1.3648,1.7538,-1.0535
0.2699,0.2861,-0.4706,-0.8522,0.6049,0.3022,1.1008,0.7665,1.1962,1.7293,0.4846,2.5298,1.7173,1.8777,-0.6555
-0.1931,0.3817,-0.6461,-0.5926,0.4571,0.4996,1.0368,0.28,0.8952,1.3147,0.5463,2.5597,1.6648,1.9031,-0.8807
-0.0345,0.1355,-0.8422,-0.166,0.4133,0.2853,1.017,0.3449,1.0883,0.3521,0.7423,2.5429,1.773,1.7093,-1.2058
0.2106,0.1901,-0.7113,-0.4702,0.7163,0.4764,1.2268,0.3842,1.18,0.3903,0.8174,2.3765,1.6584,1.7553,-1.2279
0.2859,0.4409,-1.0198,-0.7629,0.7499,0.4686,0.6676,0.2301,1.1856,0.9712,0.6094,2.4228,1.7384,1.8055,-1.1023
0.3189,1.1594,-0.8359,-0.6412,0.6538,0.4395,1.0313,0.3241,1.3333,0.9733,0.485,2.326,1.4483,1.9112,-1.7929
0.7816,-0.1592,-0.5677,-0.9132,0.6453,0.1721,0.7402,0.4796,1.37,0.6282,0.1234,1.6305,1.4094,1.7329,-2.0038
0.6771,0.0338,-0.3221,-0.9719,0.7929,0.1757,1.414,0.8408,1.4945,0.9527,-0.0194,1.7247,1.2959,1.734,-1.5843
0.5078,0.3579,-0.4169,-0.8374,0.6742,0.2031,1.2304,0.8603,1.4809,1.5254,0.2654,2.0776,1.4036,1.8095,-1.3469
0.4918,0.6047,-0.1651,-0.9592,0.7199,0.2927,1.0646,0.8029,1.0758,-0.2681,0.3469,2.3265,1.526,1.3753,-1.5878
0.6577,0.3993,-0.1854,-0.7249,0.8611,-0.3099,1.4272,1.1739,1.2632,0.6297,0.3985,2.5646,1.2317,1.6347,-1.6236
0.5472,0.4672,0.086,-0.8236,0.9975,-0.0945,2.0351,1.3437,1.15,1.2573,0.5991,2.5364,1.22,1.4801,-1.082
0.5472,-0.0012,0.3802,-1.0009,0.9377,0.2358,1.7808,1.4436,1.1632,1.0475,0.584,2.4775,1.1785,1.1891,-0.8989
0.37,0.0846,0.2973,-0.9536,1.0377,0.1605,1.8112,1.471,1.0447,1.2946,0.3527,2.8586,1.2703,1.3327,-1.0483
0.1818,0.1685,0.0725,-0.8967,0.9522,0.3959,2.4198,1.5738,1.052,1.3323,0.6489,2.6286,1.1852,1.1715,-1.1865
0.1759,0.059,0.1588,-1.2009,0.7447,0.5991,2.1868,1.5931,1.1772,1.0492,0.7382,3.0913,1.4438,1.0195,-1.0183
0.2711,-0.0286,0.3401,-0.9574,1.0086,0.5282,2.0422,1.3793,1.0352,0.9952,1.0525,3.172,1.4906,1.0874,-1.0506
0.432,-0.1187,0.5943,-0.4344,0.7758,0.5074,2.3674,1.0821,0.8868,1.6669,1.2129,3.1557,1.5068,1.2016,-0.7492
0.4182,0.0862,0.1838,-0.76,0.7971,0.1281,2.4438,1.2705,0.8485,1.5415,1.1024,3.1434,1.6194,1.6056,-0.6085
0.185,-0.0164,0.0351,-0.5106,0.7158,0.2425,1.8732,0.8362,0.8834,1.3152,1.0753,3.4011,1.6523,1.5821,-0.4477
0.2043,0.2847,-0.14,-0.6868,0.6219,0.2184,1.6484,0.1377,0.7365,1.6167,1.0431,3.443,1.6969,1.9114,-0.6318
0.3219,0.0188,-0.5935,-0.9435,0.5179,0.2775,1.7275,0.435,1.1677,1.4774,1.1039,3.3588,1.6329,2.3374,-0.8228
0.3276,-0.5333,-0.582,-0.6911,0.4887,0.1334,1.2126,-0.0129,1.0486,1.1219,0.8924,3.2837,1.8341,2.3661,-1.1864
0.1247,-0.1562,-0.6862,-0.7509,0.4228,0.3665,0.8176,-0.0228,1.1912,1.4271,0.65,3.2485,1.5221,2.6048,-1.4194
0.1592,-0.0709,-0.8412,-0.6339,0.2582,0.3563,0.1396,-0.1312,1.3329,1.0701,0.4117,3.179,1.4519,2.8496,-1.9914
0.2398,-0.2357,-1.0928,-0.6805,0.3747,0.3671,0.73,0.153,1.6304,0.7032,0.2194,3.0827,1.0176,2.9384,-2.9956
0.2282,-0.4963,-0.904,-0.7073,0.5154,0.3553,0.9767,0.3568,2.22,0.7003,0.2303,2.8486,1.1272,2.7884,-2.8256
0.3804,0.013,-0.6327,-0.8885,0.3522,0.2473,1.3057,0.1612,1.9322,0.755,0.305,2.6087,1.3573,2.9127,-2.2952
0.2581,0.097,-0.672,-1.0626,0.241,0.1276,1.1636,0.4208,2.1455,0.8551,0.258,2.4048,1.6442,2.8872,-2.4069
0.0503,-0.8809,-0.6234,-0.5643,0.3114,0.2831,1.3753,0.5169,2.0728,0.401,0.4669,2.3684,1.3283,2.6043,-2.3863
0.188,-0.5357,-0.2437,-0.6873,0.5046,0.5447,1.579,0.521,2.2266,0.9084,0.6369,2.0587,1.4616,2.3612,-2.5659
0.2324,-0.4965,-0.1492,-0.7727,0.7227,0.4867,1.526,0.661,2.1616,0.8232,0.4683,2.7879,1.2525,2.2602,-2.4458
0.2266,-0.2444,-0.113,-0.7716,0.7989,0.3363,1.9294,0.7295,2.0184,1.2279,0.58,2.4614,1.2546,2.1155,-2.4939
0.2352,-0.0949,0.0701,-0.608,0.9362,0.307,1.6783,0.8189,2.13,1.0955,0.9034,2.4862,1.3392,1.8219,-2.338
0.4212,-0.1848,0.1349,-0.8324,0.8692,0.0504,1.5751,1.1516,2.139,1.3272,0.9211,2.7127,1.259,1.6735,-1.9653
0.2449,0.4159,0.4072,-1.0107,0.863,-0.0654,1.9649,1.4074,2.2368,1.8156,0.7497,2.8918,1.512,1.7055,-1.7836
0.3343,0.3541,0.6298,-1.1966,1.142,-0.2231,1.7515,1.4038,2.0581,1.2184,0.788,2.8479,1.4015,1.3349,-1.4828
0.3049,0.2712,0.5421,-1.1866,0.9597,-0.0186,1.6184,1.569,1.937,1.3036,0.7595,2.584,1.1416,1.2134,-1.8794
0.4683,-0.0205,0.5781,-1.1303,1.0019,-0.0099,1.9526,1.6481,1.9824,0.8624,0.9925,2.7697,1.0464,1.4437,-1.6181
0.4587,-0.1503,0.7938,-1.1468,1.0648,-0.2884,2.2693,1.749,2.0477,1.2762,0.9595,2.8847,1.3353,1.2997,-1.3269
0.5218,-0.067,0.8062,-0.9124,0.9484,-0.1226,1.8946,1.9163,1.9187,1.1563,1.0251,3.0819,1.4362,1.4231,-1.2447
0.5964,0.3022,0.9097,-1.5342,1.1219,0.0004,1.5304,1.5885,1.5678,1.187,1.0485,3.33,1.3826,1.2436,-1.3245
0.7204,-0.1796,0.3007,-1.2245,1.093,-0.2937,1.606,1.7954,1.5685,0.9606,0.8564,3.53,1.3928,1.2469,-1.5997
0.7178,-0.3353,0.4506,-1.0729,1.3941,-0.2238,1.5055,2.1925,1.9052,1.203,0.9084,3.606,1.1858,1.31,-1.7631
0.8021,-0.6922,0.9346,-1.203,1.1278,-0.4985,2.0308,2.4244,2.1482,1.4559,0.9408,3.9074,1.1673,1.0432,-1.6151
0.7462,-0.36,1.0776,-1.0881,1.2011,-0.3279,1.7404,2.6454,1.8613,1.8455,0.8971,3.5449,1.169,1.167,-1.3855
0.7491,0.2718,1.6499,-0.5492,1.239,-0.3517,1.9332,2.6464,1.5929,2.1127,1.6481,4.0883,0.9732,1.1171,-0.8634
0.6461,0.3404,1.3194,-1.0465,1.2564,-0.2449,1.9189,2.4242,1.1328,1.267,1.7442,3.9884,1.0977,0.8029,-1.0277
0.8407,-0.0437,1.2864,-0.7633,1.3527,-0.2356,2.2899,2.4502,1.2506,1.0641,1.9915,4.2957,1.0559,1.1437,-1.2064
0.6764,0.0211,1.1004,-0.939,1.2374,0.0421,2.0906,2.2415,1.0592,1.6806,1.8029,4.2737,1.5142,1.2752,-0.9412
0.5271,0.0016,0.8119,-0.0127,1.4122,0.0457,2.0338,1.7454,1.2363,1.7717,2.188,4.145,1.4315,1.4189,-0.6798
0.197,-0.0085,0.1105,-0.4667,0.9908,0.0227,2.1874,1.6289,1.0746,1.8058,2.1364,4.3893,1.4153,1.7167,-0.6035
0.4451,-0.5416,0.1878,-0.5077,0.9186,0.1541,2.0585,1.3989,1.4033,1.2273,1.8849,4.2623,1.6784,1.8548,-1.0169
0.4617,0.0677,-0.1157,-0.6622,1.2617,0.0833,1.7647,0.9715,1.2692,1.5806,1.6525,4.0811,1.9314,2.4629,-0.8418
0.414,-0.4597,-0.7182,-0.5947,1.1718,0.1117,1.2945,0.6303,1.6337,1.5322,1.3129,3.9836,1.8196,2.61,-0.9485
0.593,-0.3567,-0.8808,-0.4556,0.9516,0.0681,1.6178,0.6872,2.0106,2.0011,1.1863,3.0128,1.8891,2.8193,-1.3067
0.5435,-0.5943,-0.8742,-0.8556,0.8495,0.1982,1.7149,0.555,2.2876,1.5992,0.8139,2.9232,1.8791,2.7818,-1.446
0.6521,-0.3586,-0.7095,-0.8988,0.7395,0.1633,1.6167,0.938,2.692,1.5199,0.7142,3.38,1.976,2.8761,-1.5874
0.7507,-0.6489,-0.5202,-0.8524,0.7391,0.2889,1.7901,0.6324,2.4169,1.2207,0.5938,3.6291,1.8456,2.7382,-1.6933
0.747,-0.9006,-0.4305,-0.467,0.6815,0.2852,1.8557,0.2116,1.9939,1.5298,0.9221,3.7818,2.0498,2.6744,-1.4451
0.6587,-0.4659,-0.7635,-0.9313,0.9061,0.1704,1.8259,0.2731,2.0317,1.8568,1.0205,3.6122,2.4641,2.7886,-1.5652
0.5009,-0.5721,-0.8724,-0.8022,0.6063,0.0618,1.5153,0.2083,2.0157,1.8164,0.666,3.3983,2.5601,2.8067,-1.6538
0.5736,-0.2557,-0.9207,-0.668,0.2935,0.0348,1.4226,0.2807,2.226,1.5029,0.6169,3.0786,2.7649,2.9394,-2.1299
0.5904,-0.5133,-1.0718,-0.8663,0.0617,-0.1022,1.4475,0.2163,2.4212,0.8983,0.3856,2.902,2.3107,2.9466,-2.303
0.5914,-0.5952,-1.2164,-0.8315,0.2705,-0.1788,1.3303,0.5367,2.8548,0.472,0.3115,3.013,1.752,3.0212,-3.1322
0.6461,0.0143,-1.0814,-0.9657,0.4172,-0.2575,1.3043,0.8572,2.7697,0.426,0.2797,3.065,1.9362,2.7621,-3.1004
0.7315,-0.3972,-0.9089,-0.9011,0.4162,0.0436,0.5037,1.1723,2.804,0.2129,0.3625,2.7811,1.7751,2.5533,-3.153
0.6681,-0.9548,-0.8993,-0.4733,0.3663,0.0537,0.9855,1.3589,2.9227,-0.0097,0.6704,2.6766,1.2391,2.264,-3.3847
0.5866,-0.1576,-0.6971,-0.7829,0.7926,0.3281,1.5203,1.6189,2.8895,-0.0317,0.7584,2.7606,1.3229,1.7338,-3.3387
0.7042,-0.315,-0.0931,-0.8981,0.7452,0.2594,1.7143,1.6782,2.8627,-0.0168,0.9561,3.1949,1.5006,1.5287,-3.2334
0.793,-0.2555,0.123,-0.9286,0.8738,0.2205,1.7482,2.0326,2.5931,0.2316,0.8876,3.156,1.4327,1.2812,-3.0133
0.9704,-0.2444,0.7564,-0.4832,0.9982,-0.0179,1.385,2.4433,2.4493,0.0808,1.4216,3.4576,1.41,1.1848,-2.535
0.7261,-0.1029,0.8098,-0.6074,1.3526,0.0018,1.338,2.3456,1.9014,0.7503,1.6811,3.5438,1.1538,0.8602,-2.2484
0.617,-0.2086,1.0805,-0.6589,1.1677,-0.054,1.5795,2.3699,1.589,0.9171,1.8209,3.7712,1.0154,0.7985,-2.1163
0.412,0.0382,0.6562,-0.8611,1.2165,-0.0185,1.8191,2.3888,1.7861,1.2389,1.7814,3.8759,1.1652,1.0627,-1.6314
0.5455,-0.027,0.5777,-0.7721,1.0755,0.1008,1.8252,2.2984,1.8104,1.1397,1.6749,4.0786,1.3656,1.126,-1.5437
0.446,0.1674,0.6657,-1.078,1.0237,-0.0641,1.9353,1.8727,1.6763,1.6735,1.6777,3.9929,1.4411,1.7096,-1.1754
0.5837,0.6286,0.3533,-0.7389,0.9524,-0.2776,1.7955,1.4098,1.6819,1.2273,1.8313,4.0744,1.7753,1.8483,-1.1153
0.4505,0.1409,-0.4136,-0.8376,1.1288,-0.1016,1.6707,1.4163,1.9323,0.9909,1.8585,3.8866,1.6387,2.1995,-1.2846
0.4955,-0.351,-0.6291,-0.6866,0.8208,0.0259,2.1429,1.0403,2.2296,1.3139,1.6262,4.2918,1.6574,2.1119,-1.4442
0.5946,-0.0001,-0.5375,-0.5731,0.6221,0.0321,1.697,1.1986,2.6149,0.51,1.5361,3.7792,1.8864,2.1564,-1.4178
0.5931,-0.5958,-0.7703,-0.5155,0.4783,-0.0703,1.9193,1.0138,2.5838,0.0381,0.9791,3.2745,1.7768,2.1853,-2.3662
0.6727,-0.3594,-0.6309,-0.5385,0.5956,-0.0848,1.8625,1.1271,2.7119,0.3273,0.9477,3.3675,1.5512,2.4064,-2.4501
0.5984,-0.4646,-0.4873,-0.6929,0.8056,-0.0156,1.8703,1.0134,2.6624,0.1006,0.8633,3.3455,1.6222,2.2413,-2.8276
0.6136,0.0979,-0.1072,-0.8452,1.017,-0.0865,1.5667,1.1207,2.7771,0.3057,0.974,3.3004,1.6541,2.1531,-3.0102
0.3669,0.0357,-0.2034,-0.7828,1.1022,-0.1009,1.7252,1.0684,2.6636,0.4136,1.0905,3.4057,1.7721,2.2409,-2.7001
0.5448,-0.0904,-0.1238,-0.8811,1.1498,-0.165,1.6161,1.2613,2.877,0.4277,1.1704,3.6842,1.6934,2.1806,-2.6832
0.6651,-0.992,0.0716,-0.5105,1.0735,-0.0592,1.7414,1.2204,2.6664,0.7922,1.4086,3.5792,1.6179,2.0312,-2.2124
0.6417,-0.5586,-0.0906,-0.4222,1.2206,0.0464,2.2506,1.3435,2.6746,1.3028,1.5203,3.6025,1.7637,1.9839,-1.9294
0.6626,-0.1528,0.0238,-0.4649,1.184,0.0069,2.172,1.4098,2.5165,1.5749,1.677,3.9549,1.7013,1.942,-1.5184
0.7478,-0.2554,0.0174,-0.3323,1.3963,0.2866,2.1433,1.7683,2.3557,1.4328,2.0814,4.0661,1.7402,1.7773,-1.4078
0.5658,-0.6653,0.1253,-0.2652,1.1492,-0.0442,1.6885,1.4047,2.1957,1.1392,2.0673,4.1393,1.8004,1.6738,-1.5656
0.6366,-0.933,0.195,-0.4156,1.1698,-0.1326,1.649,1.4751,2.1597,1.3194,1.908,4.41,1.6601,1.9348,-1.1639
0.8087,-0.7991,0.1681,-0.7119,1.22,-0.007,1.3116,1.7118,2.321,1.7155,1.738,4.1305,1.6761,2.1965,-1.0039
0.5707,-0.1557,-0.2055,-1.1851,1.022,0.1187,1.3975,1.504,2.205,1.7098,1.4398,4.1382,1.7118,2.3713,-1.4307
0.7444,-0.4349,-0.2692,-0.9537,0.7587,0.1017,1.3427,1.7725,2.5804,0.7711,1.3501,4.2275,1.5116,2.3586,-2.0836
0.6075,-0.2854,0.2822,-0.952,0.6294,0.2969,1.0369,1.5471,2.6538,1.5656,1.3242,3.3432,1.6246,2.4917,-1.9367
0.8644,-0.3538,0.4317,-1.3091,0.8446,0.1238,1.4284,1.4473,2.5633,0.8372,1.3138,3.8205,1.5341,2.4432,-1.9869
0.6874,-0.295,-0.2034,-1.0354,0.9342,0.1051,1.3646,1.5064,2.8086,0.8647,1.3782,3.5662,1.5742,2.1093,-2.0319
0.6578,-0.292,0.0267,-1.3493,0.8816,0.192,1.3373,1.6336,2.9595,0.4161,1.1952,3.4817,1.659,2.0731,-2.7697
0.6656,-0.5115,0.194,-0.956,0.8262,0.026,1.7816,1.6558,2.8249,0.2069,1.3457,3.4959,1.4551,2.0247,-2.1958
0.4419,-0.3452,0.1503,-0.9319,0.7943,0.1819,2.2567,1.8298,2.7871,0.3192,1.6231,3.5424,1.7708,2.0237,-2.181
0.5346,-0.972,0.583,-0.9272,0.912,-0.6168,2.2803,2.1448,2.7119,0.7458,1.7116,3.6654,1.8506,2.0091,-1.8113
0.3954,-0.4508,0.5196,-0.99,0.7853,-0.1489,2.1455,1.6265,2.4083,1.3557,1.902,3.3931,2.1013,1.8222,-1.5512
0.4252,0.2655,-0.0787,-1.2941,0.9369,-0.06,2.0582,1.8204,2.4055,1.3785,1.5738,2.9708,2.0462,2.2016,-1.4573
0.3253,-0.1776,-0.016,-0.8905,0.7223,0.0544,1.5977,1.7672,2.676,1.1714,1.6481,3.5369,2.1497,2.2251,-1.4352
0.4263,-0.5694,0.0629,-1.0165,0.6851,0.2669,1.6121,1.3122,2.1428,0.7704,1.5592,3.5564,2.2013,2.0755,-1.3703
0.498,0.4924,-0.259,-0.6018,0.8034,0.2863,1.473,1.2731,2.2686,1.1538,1.6777,3.652,2.4367,2.2619,-1.4141
0.6269,-0.1797,-0.3598,-0.6507,0.5584,0.5254,1.9956,0.9615,2.0044,0.3721,1.667,3.8158,2.3903,2.1926,-1.8729
0.566,-0.3351,-0.963,-0.5088,0.8373,0.228,1.9598,0.9598,2.2916,0.9839,1.4447,3.8557,2.6559,2.4188,-1.7419
0.6246,-0.2955,-0.937,-1.1521,0.6021,0.021,1.8077,0.9594,2.6958,1.5588,0.9048,3.7105,2.6558,2.6094,-1.3134
0.64,-0.5026,-0.7628,-1.1306,0.2456,0.5247,2.0251,1.0955,2.9334,0.6407,0.7305,3.4424,2.5047,2.4715,-1.7545
0.772,-0.9126,-0.7785,-0.3674,0.4165,0.1555,1.5905,1.3774,3.2094,0.4446,1.0647,3.718,2.3421,2.2491,-1.9799
1.1931,-0.6239,-0.2873,-0.6746,0.5477,0.0891,2.0721,1.5167,2.9637,1.2539,1.1295,3.2963,2.2277,2.2024,-1.9282
0.9414,-0.3609,-0.0523,-0.7669,0.5642,-0.0232,2.1419,1.4782,2.8176,1.2044,1.2671,3.1218,2.2916,2.2262,-1.4537
0.7535,-0.3797,-0.1623,-0.5555,0.6446,0.414,2.2373,1.6027,2.7943,1.6656,1.4365,3.5325,1.8446,2.101,-1.0202
0.6869,-0.4406,-0.2615,-0.4842,0.6709,0.5599,2.4233,1.3042,2.47,2.4174,1.4413,3.5658,2.092,2.274,-0.46
0.7816,-0.6407,-0.3165,-0.5564,0.4885,0.5863,2.4097,1.1742,2.8068,1.7113,1.4373,3.6124,2.3238,2.179,-0.4021
0.7818,-0.592,-0.1553,-0.6555,0.3009,0.4269,2.3665,1.0812,2.5945,1.6613,1.3618,3.6875,2.4564,2.5487,-0.7291
1.025,-0.6703,-0.2419,-0.3761,0.3167,0.396,2.551,0.8892,2.3792,1.297,1.619,3.6563,2.397,2.5696,-0.7777
0.918,-0.0961,-0.4817,-0.4574,0.4841,0.2711,2.3389,0.6599,2.4392,1.4695,1.5311,3.6181,2.6256,2.7143,-0.5717
0.7773,-0.2271,-0.8003,-0.7661,0.4208,0.4339,2.2229,0.675,2.3574,1.5833,1.2213,4.1145,2.9109,3.014,-0.3596
0.7165,-0.6482,-0.8144,-0.5442,0.4322,0.3137,1.8967,0.096,2.3923,1.4493,1.1017,4.1784,3.0765,3.1341,-0.8495
0.5807,-0.6023,-1.3581,-0.7009,0.2764,0.3839,2.2524,0.1473,2.4943,1.2986,0.682,4.0741,2.9358,3.2314,-1.4175
0.7108,-1.2385,-1.3998,-0.642,0.303,0.4232,1.6275,0.2035,2.7078,1.3352,0.5116,3.4839,3.1151,3.152,-1.71
0.9776,-0.46,-1.3906,-1.0038,0.1634,0.2391,1.8162,0.7013,3.1345,1.1439,-0.0104,3.3729,3.1574,3.3074,-2.1267
0.9733,-1.2685,-0.9979,-0.9978,0.1574,0.4829,2.0548,1.0858,3.2461,-0.0462,-0.0474,2.8672,2.7514,2.6913,-2.8196
0.7821,-1.1137,-0.4142,-0.8174,0.1885,0.7104,2.0405,1.2716,3.2947,0.6209,0.3275,2.3946,2.7613,2.459,-3.1019
0.9639,-1.1374,-0.2752,-0.5218,0.2031,0.5555,1.8047,2.3307,3.3734,0.2086,0.7939,2.507,2.4656,2.1691,-2.7376
1.0904,-0.9096,0.5403,-0.6608,0.4457,0.4055,1.7536,2.1638,2.8595,0.0995,1.2841,2.7062,2.0897,1.5695,-2.8113
1.1196,-0.684,1.0538,-0.7935,0.6558,0.4291,1.5665,2.2632,2.4533,0.2125,1.7337,2.945,2.0162,1.2135,-2.9014
1.0547,-0.0012,0.94,-0.5282,1.1442,0.4775,1.7744,2.2722,2.0916,0.8011,1.7194,3.1591,1.7858,1.2727,-2.3457
1.2091,-0.3792,0.8322,-0.4233,1.1809,0.4465,1.8357,2.2821,1.771,0.491,2.1105,3.408,1.9892,1.0324,-2.1756
1.1699,-0.3,0.5883,-0.3447,1.0839,0.47,1.691,2.5691,1.754,0.812,2.0289,3.8955,1.7185,1.0441,-1.8777
1.2361,-0.216,0.5775,-0.5059,0.858,0.6797,2.3197,2.3917,1.7648,0.9684,1.9825,4.0429,1.6685,1.1013,-1.7816
1.1013,-0.2208,0.8589,-0.593,0.9784,0.6115,2.4564,2.1697,1.7156,0.8877,1.8115,3.9902,2.2121,1.0018,-1.4914
1.1866,-0.7239,1.1339,-0.7206,0.9813,0.4441,2.5155,2.2156,1.7995,1.166,1.979,4.0965,1.9179,1.1426,-1.2253
1.0136,-0.7733,0.6722,-0.7075,0.9417,0.3155,2.4063,2.5638,1.8241,1.9439,1.7914,4.2945,2.1554,1.4734,-0.7747
0.8581,-0.4194,0.8679,-0.7094,0.6702,0.4206,2.4584,2.4788,1.7699,1.5124,1.4051,4.1712,2.3134,1.4968,-0.7117
0.6639,-0.3744,0.6237,-1.8232,0.3742,0.5606,2.4687,2.3884,1.733,1.3873,0.9612,3.8202,2.4147,1.299,-1.5122
1.0211,-1.1553,0.7381,-1.0161,0.4434,0.6043,2.1003,2.1603,1.9448,0.3319,1.1762,3.7446,2.4566,1.503,-2.1385
1.141,-0.4285,0.3252,-1.0788,0.4429,0.5801,2.2264,2.1316,1.8744,0.7555,1.1431,3.4607,2.2606,1.4237,-1.9415
1.0637,-0.166,0.5581,-1.0069,0.3187,0.4734,2.1958,2.732,2.428,0.9329,1.099,3.7142,2.2192,1.59,-2.1229
1.1805,-0.2426,1.0721,-0.4831,0.4078,0.2876,2.2375,2.6285,2.1277,0.4132,1.3653,3.5891,2.2213,1.2255,-2.088
1.368,0.2188,1.3742,-1.0181,0.6341,0.1673,2.9807,2.5669,1.6092,0.6182,1.4701,3.6427,2.2552,1.2374,-2.0712
1.0607,0.0463,1.1155,-0.8642,1.002,0.1564,2.9085,2.4783,1.5457,1.2312,1.7112,4.0674,2.2672,1.4659,-1.5342
0.9933,0.1058,0.9139,-0.9075,0.8291,0.2927,3.0694,2.0824,1.4972,1.4782,1.7679,4.2486,2.4782,1.3461,-0.5056
0.955,0.2204,0.8845,-1.0005,0.6927,0.4229,2.8509,1.7042,1.3696,1.6164,1.6681,4.4535,2.9624,1.7854,-0.2912
0.9495,0.1275,0.4738,-1.1892,0.5525,0.4207,2.6322,1.0368,1.2499,2.1435,1.2349,4.5177,3.1367,2.2467,-0.3593
0.9533,-0.1163,-0.6386,-1.4959,0.4859,0.132,2.6765,1.0626,0.9825,2.1847,0.5383,3.9495,2.9345,2.9841,-0.5977
0.9028,0.0145,-0.8973,-1.4437,-0.0459,0.2388,2.1274,0.8542,1.9035,1.4209,-0.0356,3.5742,3.186,3.485,-1.0565
0.9919,-0.4158,-0.444,-1.157,-0.4679,0.3157,2.0512,0.7198,2.3857,0.8684,0.0727,3.2719,3.0576,3.3793,-1.7404
0.9624,-0.6403,-0.586,-0.6889,-0.3345,0.4643,1.5738,0.8742,2.4749,0.5865,0.4275,3.1024,3.0631,3.4373,-2.0765
1.0399,-0.8459,-0.5327,-0.3991,-0.3212,0.2204,1.7155,0.7893,2.4561,0.4887,0.8584,3.0284,2.8146,3.1368,-2.4963
1.024,-0.7179,-0.1259,-0.4065,-0.211,0.2263,1.8297,1.1521,2.7635,0.4721,1.0588,3.1704,2.8631,2.996,-2.6318
0.8587,-0.369,-0.3609,-0.7552,-0.0661,0.2767,2.0116,1.4626,2.7283,0.8897,0.954,3.8981,2.5238,2.8562,-2.8571
0.483,-0.5496,-0.7091,-0.5737,-0.388,0.8099,1.4977,1.4568,2.4063,0.316,0.989,3.3715,2.4296,2.4548,-2.7298
0.7618,-0.3297,-0.5649,-1.0027,-0.2515,0.4648,1.2808,1.6211,2.5938,0.0983,0.7285,2.8319,2.3845,2.4489,-3.1202
0.7006,0.1661,-0.0941,-1.0069,-0.0694,0.1434,1.6124,1.5824,2.7352,-0.1937,0.9545,3.2358,2.3505,2.1882,-3.2893
0.8627,-0.1406,0.0081,-1.2717,0.2025,0.233,1.5224,2.1855,2.7074,0.1875,0.8183,3.0548,1.9521,2.1326,-3.0869
0.8418,-0.2271,0.3155,-1.0515,0.3257,0.2341,1.3675,2.4966,1.987,0.584,1.0414,3.49,2.1317,1.7212,-2.8354
0.8921,-0.4626,0.3552,-0.6709,0.13,0.2408,1.26,2.6282,2.1731,0.9193,1.1921,3.4954,2.0313,1.5039,-2.7287
0.9131,-0.1515,0.6569,-0.7005,0.2673,0.2816,1.8335,3.1577,2.4074,0.9546,1.3749,3.6145,1.5854,1.4796,-2.6907
0.9216,-1.2395,1.2734,-0.3556,0.1724,0.2842,2.0637,3.0799,2.31,0.4961,1.7502,3.3093,1.7058,1.1761,-2.3416
0.9846,-0.1824,1.4518,-0.8343,0.3051,0.4238,2.0098,3.2488,1.6439,0.8608,1.8666,3.22,1.7497,1.0745,-1.9551
0.8746,0.2043,1.2422,-1.1358,0.5678,0.9392,1.8545,3.0741,1.5345,1.0937,1.8565,3.8139,1.9856,1.2634,-1.9733
0.8194,-0.0497,1.0806,-1.0561,0.3398,0.895,2.0442,2.8462,1.4557,1.1774,1.7576,3.9014,2.1675,1.3545,-1.5705
0.6785,0.1717,0.8692,-1.3202,0.1847,1.0676,1.6782,2.6646,1.4664,0.7291,1.4984,3.4478,2.3615,1.4247,-1.667
0.6826,0.1804,0.6203,-0.8147,0.0567,1.036,1.8563,2.7461,1.6978,0.3044,1.4898,3.3661,2.2973,1.8541,-2.1929
0.7811,0.0034,0.7997,-0.851,0.1769,1.0424,1.2276,2.4938,1.6354,0.1065,1.5229,3.357,2.3947,1.8658,-2.1909
0.7953,0.1578,0.7185,-0.876,0.5596,0.8112,1.3114,2.4492,1.6505,0.2619,1.5317,3.6497,2.1404,1.7525,-2.4107
0.7244,-0.2129,0.461,-0.8061,0.5989,0.8488,1.4954,2.7228,1.8703,0.9747,1.5111,4.1602,1.7116,1.6755,-2.0172
0.8219,-0.1727,0.7876,-0.6727,0.233,0.5916,1.5397,2.8544,1.8924,1.3586,1.4187,3.8393,2.0614,1.5419,-1.9632
0.7617,-0.0417,1.0355,-0.8463,0.2158,0.544,1.9213,3.0943,2.0258,1.1282,1.3709,3.9228,1.9947,1.5959,-1.9152
0.766,0.1441,1.1211,-1.0288,0.4426,0.4633,1.9059,3.3376,2.0079,1.03,1.4702,3.426,1.9354,1.3278,-1.9257
0.977,-0.1035,0.7403,-0.9561,0.5191,0.4882,1.8031,3.6739,2.1488,0.1307,1.5945,3.4883,2.0051,1.0661,-2.0795
0.8774,-0.188,1.3381,-0.7138,0.9009,0.6184,1.886,3.772,2.2548,0.8007,1.5692,3.2228,1.9025,1.0259,-1.8975
0.8872,0.0597,1.6307,-0.561,0.935,0.6206,2.1658,4.0494,2.1968,1.1668,1.8219,3.4425,1.6767,0.5011,-1.5903
0.9023,0.3602,2.0226,-0.739,0.9827,0.6423,2.0471,3.4928,1.4415,1.2426,2.1714,4.0639,2.1717,0.1965,-1.11
0.9001,0.2647,1.6507,-0.7532,1.0303,0.7088,1.8614,3.8976,1.1839,1.5375,2.2216,4.1697,2.151,0.5778,-0.8159
0.7561,0.235,1.5434,-0.6538,1.0074,0.9103,1.8588,3.5093,1.0813,1.7603,2.0277,4.2209,2.0651,0.5774,-0.5684
0.6687,0.4774,1.2661,-0.9552,0.9281,1.0767,2.3531,3.6508,1.1681,1.8497,1.9864,4.2071,2.1966,0.8796,-0.1437
0.595,0.2983,1.0354,-1.2135,0.7874,1.0015,2.1309,3.0792,1.0122,2.0814,1.4108,4.3424,2.6104,1.0013,-0.1038
0.6624,-0.3097,0.3952,-0.914,0.5915,0.8708,2.2251,3.2166,1.3099,2.1609,1.8113,4.0515,2.4097,1.2873,-0.1099
0.8774,-0.2992,0.6576,-0.8436,0.1084,0.7871,2.3229,2.8448,1.6319,1.8628,1.6537,3.97,2.3957,1.526,-0.5152
0.8414,-0.1381,0.4339,-0.705,0.1877,0.641,1.9344,2.9468,1.9984,1.4103,1.5556,4.157,2.5879,1.7993,-0.4823
0.7619,-0.1072,0.5778,-0.7898,0.2639,0.6815,2.3033,2.5609,1.9754,1.4973,1.3657,4.3922,2.4275,1.6173,-0.3624
0.7952,-0.6997,0.8634,-0.366,0.1222,0.4442,2.4626,2.9366,2.1016,1.3214,1.4958,3.8087,2.6909,1.9027,-0.9183
0.865,-0.1566,0.9026,-0.3568,0.139,1.0167,2.3936,2.2091,1.6302,1.5119,1.7602,4.2003,2.8728,1.9391,-0.8355
0.723,-0.0401,0.6145,-0.4432,0.1432,0.937,2.402,1.9852,1.5907,2.1973,1.7141,4.5122,2.577,2.2323,-0.6638
0.6733,-0.3771,0.2964,-0.1765,0.0145,0.9796,2.1431,2.0729,1.8266,2.2033,1.7121,4.3442,2.828,2.6396,0.3096
0.5214,-0.4804,-0.2262,-0.3501,-0.25,1.3745,2.1169,1.5588,1.7244,2.0327,1.3635,4.1689,2.7184,2.7315,-0.0337
0.6394,-0.7256,-0.6306,-0.0686,-0.3251,1.2288,1.9246,1.6662,2.1804,1.8695,1.1249,4.1244,2.8641,3.3533,-0.402
0.5928,-0.3176,-0.3992,-0.3467,-0.5065,0.9434,1.4688,1.1563,2.2037,1.9198,0.9229,3.8375,2.9074,3.6774,-0.4243
0.5443,-0.6593,-0.7246,-0.4161,-0.5723,0.937,1.6107,1.2304,2.6417,1.0689,0.6697,4.1388,2.6253,3.6552,-1.0365
0.6201,-0.6139,-0.6677,-0.047,-0.586,0.986,1.1709,1.3175,2.7056,0.6486,0.5587,4.3888,3.0074,3.4412,-1.5301
0.5286,-0.9081,-0.5848,-0.1821,-0.708,1.0538,1.8026,0.9623,2.1624,0.5925,0.3663,4.0503,2.7405,3.3258,-2.2468
0.6327,-0.9928,-0.8357,-0.0127,-0.534,1.1508,1.6498,1.2326,2.5769,0.9128,0.5235,3.4979,2.6557,3.5955,-1.9723
0.7155,-1.0102,-0.8763,-0.0827,-0.6804,1.0441,1.6061,1.1558,2.685,0.9421,0.3957,3.5094,2.8396,3.4537,-2.0956
0.6752,-1.0037,-0.9001,-0.2479,-0.8718,1.0787,1.6934,1.3919,3.0642,0.8195,0.2385,3.2104,2.7262,3.3713,-2.4205
0.7044,-0.976,-0.5316,-0.2702,-0.8015,1.0581,1.4527,1.7663,3.3621,0.1324,0.0627,3.2535,2.7432,3.3497,-2.6021
0.737,-1.2477,-0.1013,0.0825,-0.6394,0.9586,1.2844,1.8516,3.1915,0.3156,0.2682,3.2653,2.6437,2.8935,-2.8762
0.7253,-1.012,0.1306,-0.3244,-0.2697,0.8646,1.7316,2.1672,2.929,0.599,0.5278,3.222,2.5379,2.5615,-2.8376
0.7674,-0.8459,0.4907,-0.2944,-0.3094,0.8374,1.338,2.4355,3.0153,0.5633,0.4766,3.1544,2.5298,2.3446,-2.7525
0.5812,-0.8253,0.3947,-0.1551,-0.3159,0.7985,1.3289,2.6749,2.794,0.6034,0.714,3.7882,2.2487,2.1359,-2.5854
0.6413,-0.943,0.6789,-0.1591,-0.1707,0.7456,1.9908,2.6766,2.6765,0.6911,0.881,3.676,1.9602,2.1224,-2.0524
0.745,-1.312,0.7009,-0.2546,-0.3354,1.091,1.9827,2.5979,2.4918,0.8971,0.9957,3.8513,2.0874,2.0759,-1.7291
0.6054,-0.926,0.6488,0.0435,0.0408,1.5096,1.8662,2.6557,2.417,1.4227,1.6099,3.6718,2.3607,2.2025,-1.0086
0.6836,-0.6843,0.6627,0.283,0.0521,1.1526,1.7758,2.4131,2.232,2.2224,1.7429,3.9909,2.378,2.3255,-0.6027
0.6485,-0.1929,0.2729,-0.3452,-0.0594,0.9821,2.1384,2.1651,2.0315,2.0799,1.1638,3.8911,2.2864,2.6929,-0.7303
0.5512,-0.2859,-0.029,-0.4984,-0.1898,0.9891,2.4395,2.3712,2.3333,2.0741,0.6766,4.0069,2.3207,2.8473,-1.0265
0.5016,-0.3778,-0.0424,-0.5133,-0.0848,1.2178,2.5783,2.6826,2.7185,1.7934,0.6648,3.8131,2.6784,2.983,-1.0789
0.5442,-0.5162,0.0909,0.0091,-0.3114,1.1371,2.345,2.4848,2.619,0.8981,0.7632,3.8634,2.8484,2.8486,-1.4104
0.4749,-0.7377,0.2415,-0.0719,-0.3626,1.0207,2.2577,2.4783,2.6026,0.7541,0.758,4.201,2.833,2.702,-1.6389
0.4,-0.6745,0.2268,-0.1878,-0.2762,1.1939,2.1709,2.4857,2.4483,1.1989,0.6972,3.9933,2.8419,2.7856,-1.8515
0.7406,-0.6276,0.2111,0.3363,-0.1737,1.0483,1.455,2.5219,2.699,1.1816,0.8924,3.956,2.589,3.0966,-1.7966
0.6235,-0.7901,0.3868,0.1027,-0.1953,0.9952,1.7769,2.6005,2.7888,0.9782,0.859,3.837,2.7352,2.6172,-2.1773
0.6086,-0.5287,0.5992,-0.0667,0.0208,0.5953,1.524,2.7615,2.5148,1.2595,0.7553,3.775,2.7812,2.5429,-2.177
0.3063,-0.769,0.3814,-0.4292,0.1861,0.6776,1.5738,2.8557,2.3746,0.8478,0.8564,3.7571,2.4078,2.5606,-1.9227
0.4932,-0.6325,0.495,-0.3892,0.0743,0.6934,1.8834,2.9381,2.5638,0.8747,1.1418,3.6762,2.2682,2.3405,-2.1263
0.4919,0.115,0.4077,-0.6021,0.2,0.5352,1.9333,2.9286,2.3971,0.2752,0.9096,3.8457,2.2847,2.2927,-2.2836
0.5498,-0.4018,0.4659,-0.6285,0.0377,0.5095,2.3294,3.3477,2.8321,0.1959,0.8661,3.9509,2.4012,2.1491,-2.3273
0.5912,-0.4552,1.2268,-0.4818,-0.0263,0.6366,2.3722,3.1356,2.5973,0.2001,0.8319,3.7509,2.3918,2.141,-2.4374
0.5579,-0.2663,1.4802,-0.4444,0.4845,0.6163,2.164,3.3093,2.3279,0.2015,1.1297,4.2131,2.353,2.1918,-2.154
0.6671,-0.473,1.2744,0.1223,0.6652,0.6997,2.3368,3.2019,2.0481,0.6853,1.6032,3.9733,1.9929,2.3082,-1.4233
0.5773,-0.3321,0.9965,-0.0535,0.6926,0.8458,2.652,3.2707,1.9827,1.3204,1.5814,4.0792,2.3573,2.2747,-0.9421
0.5526,-0.467,1.1178,0.1507,0.4215,0.7053,2.6059,3.1197,2.0142,1.6972,1.7452,4.8317,2.4489,2.2009,-0.5001
0.3884,-0.1596,1.0365,-0.1929,0.4346,0.8087,2.8187,3.2404,1.8968,1.7258,1.7018,4.3233,2.5474,2.1839,-0.6654
0.6235,-0.2848,0.9346,-0.2157,0.2544,0.8508,2.6613,3.2857,2.0683,1.4895,1.6768,4.6781,2.4279,2.4353,-0.3634
0.4893,-0.2178,0.9194,-0.1205,0.2178,0.8239,2.5855,3.3349,2.0893,1.6801,1.4246,5.0161,3.0186,2.7505,-0.6008
0.6032,-0.3663,0.8818,-0.117,0.2685,0.9008,3.3157,2.8634,2.0593,1.5024,1.4434,4.8085,3.0696,2.9434,-0.6145
0.3909,-0.3378,0.693,-0.261,0.0818,1.1175,2.9522,2.6599,1.9421,1.8115,1.2998,4.957,3.4828,3.0613,-0.3601
0.5406,-0.3351,0.249,-0.1939,-0.0779,0.9935,2.9277,2.2578,2.0556,1.4967,1.1935,5.0418,3.3079,2.9538,-0.3439
0.5147,-0.8838,-0.0218,-0.0917,0.1687,0.9032,2.7563,2.0955,2.372,1.6256,1.0343,5.0079,3.3323,3.3687,-0.6803
0.4155,-0.8422,-0.3948,-0.0753,0.0916,0.9374,2.8554,2.0914,2.34,1.6691,0.7648,4.6752,3.2651,3.4235,-0.6845
0.4075,-0.4304,-0.474,-0.1089,-0.2073,0.9431,2.8661,2.0179,2.5315,1.522,0.6948,4.6935,2.9926,3.6137,-0.6904
0.463,-0.7689,-0.559,-0.0776,-0.3076,1.1322,2.6505,1.8523,2.5488,1.1097,0.6166,4.1644,3.2259,3.762,-1.4077
0.6401,-0.9545,-0.0688,-0.0607,-0.3661,1.1959,2.9488,2.1064,2.9267,1.0466,0.6468,4.0897,3.1566,3.6792,-1.8044
0.7153,-1.2912,0.0741,0.0124,-0.3625,0.9657,3.1553,2.5911,3.0057,1.4197,0.7628,3.7592,3.2015,3.5615,-1.5501
0.4426,-0.9556,0.0992,-0.0009,-0.25,1.1364,2.976,2.298,2.6022,1.8758,0.7616,3.9299,3.2337,3.4616,-1.389
0.3821,-1.0465,-0.1354,-0.45,-0.1609,1.1873,3.3711,2.2424,2.5743,2.3623,0.6723,3.9196,3.3409,3.5308,-1.1367
0.3893,-0.9918,-0.1282,-0.1474,-0.3219,1.051,2.7899,2.3753,2.841,1.666,0.7278,3.7956,3.4656,3.5385,-1.3683
0.3923,-1.0919,-0.0668,-0.3695,-0.3339,1.2843,2.631,2.3605,2.9425,1.6392,0.575,3.9099,3.3949,3.4676,-1.2897
0.4575,-1.2925,-0.1733,0.0016,-0.3682,0.853,2.8142,2.3349,2.8293,1.5433,0.8324,4.0181,3.5513,3.2746,-1.2406
0.392,-1.088,-0.2346,0.1357,-0.5731,0.9992,2.7249,2.5045,3.0317,1.2562,1.0338,3.9547,3.306,2.9731,-1.3572
0.3386,-0.8764,-0.0665,-0.1799,-0.5109,1.0721,3.0791,2.4065,2.9475,0.0943,1.218,4.1662,3.2279,2.5658,-1.913
0.3185,-0.9535,-0.13,-0.0727,-0.4347,1.1727,2.7232,2.5964,2.8667,0.9058,1.2941,4.1737,2.7721,2.5416,-1.7309
0.3311,-0.9325,-0.0229,-0.3933,-0.5622,1.0808,2.3929,2.9822,2.9565,0.9468,1.2493,3.82,2.8985,2.6988,-1.5799
0.2059,-1.1179,0.1574,-0.6091,-0.4889,0.9754,2.2567,3.1461,3.0377,1.1308,1.1027,4.0662,2.5839,2.7228,-1.7549
0.4146,-1.1899,0.2957,-0.4067,-0.3816,0.9697,2.1324,3.0253,2.8764,0.8391,1.0607,4.0372,2.489,2.4554,-1.8877
0.3982,-0.7587,0.2484,-0.2744,-0.3118,0.8809,2.2404,2.7945,2.5124,1.0015,1.1459,4.0512,2.6448,2.4124,-1.6676
0.4122,-0.9785,0.1865,-0.4355,-0.0279,0.8545,2.245,2.9225,2.7543,1.1955,1.2505,4.0327,2.7825,2.5286,-1.7013
0.327,-0.5147,0.3832,-0.4832,-0.09,0.9826,2.2637,3.0577,2.5208,1.3716,1.226,4.0172,2.8072,2.5233,-1.7734
0.2728,-0.8156,0.3758,-0.4668,-0.2535,1.179,2.4063,3.3969,2.7124,1.0485,1.2821,3.8569,2.6074,2.1153,-1.5063
0.4448,-0.4698,0.3672,-0.4924,-0.2285,1.0502,2.539,3.6622,2.8573,1.3563,1.159,4.0339,2.8223,2.152,-1.6182
0.3499,-0.7995,0.7847,-0.3714,-0.4503,1.0969,2.4561,3.8055,2.7192,0.9403,1.3357,4.2302,2.7546,1.6933,-1.9733
0.3404,-0.746,0.8389,-0.6761,-0.5552,1.0689,2.2537,3.9552,2.6051,0.6114,1.1517,4.5161,2.6965,1.7545,-2.2479
0.3876,-0.9164,0.9474,-0.3192,-0.2936,1.057,1.7413,3.824,2.4439,0.2842,1.4442,4.4851,2.4898,1.7239,-2.3069
0.4187,-1.0579,1.4141,-0.3849,-0.2303,1.1497,2.2023,4.1586,2.4303,0.3958,1.5305,4.651,2.2288,1.6841,-2.3437
0.3564,-0.6976,1.3838,-0.2384,0.0819,0.9507,2.2568,4.2613,2.2522,1.2021,1.7249,4.7039,2.3559,1.9781,-2.0036
0.1233,-0.368,1.5014,-0.3555,0.1159,1.0935,2.4214,3.6752,1.866,1.1751,1.7708,4.8261,2.5347,1.7904,-1.5382
0.3178,-0.4646,1.1597,-0.5132,0.2712,0.8913,2.469,3.8809,2.0247,1.1784,1.8734,4.9642,2.705,1.8906,-0.5107
0.2546,-0.7839,0.8783,-0.3865,0.2112,0.9316,2.199,4.0997,2.0493,1.6796,1.7411,4.7582,2.7458,2.0948,-0.4994
0.3387,-0.6201,1.0126,-0.2943,0.009,1.0461,2.4531,3.7609,2.1337,2.0997,1.6966,4.7122,2.8259,2.2918,-0.5879
0.1396,-0.0497,1.0865,-0.6559,-0.0266,1.1348,2.4436,3.2431,1.8529,1.5459,1.3031,4.7916,3.0075,2.1724,-0.8769
0.0911,-0.4409,0.5497,-0.5857,-0.0654,1.4153,2.8772,2.9617,1.979,2.016,1.3058,4.9114,3.2449,2.4142,-1.2149
0.0445,-0.4076,0.3315,-0.6878,-0.198,1.3752,2.6259,2.8793,2.1276,1.8069,1.2132,4.6134,3.345,2.6375,-0.589
-0.0823,-0.6035,0.384,-0.2293,-0.2835,1.3078,2.6563,1.816,1.9323,2.4406,1.451,4.0809,3.897,2.997,-0.372
-0.1777,-0.9883,0.1138,-0.1907,-0.4604,1.3079,2.5189,1.7198,2.3479,2.3439,1.2417,4.4321,4.0513,3.5497,-0.4281
0.1194,-0.9086,-0.4211,-0.1849,-0.5321,1.1048,1.9844,1.5822,2.566,1.7515,0.9756,4.0511,4.0713,3.6869,-0.6085
0.2151,-1.2701,-0.6595,-0.1138,-0.1634,0.8002,1.2778,1.9945,3.0943,1.7446,0.7582,4.5376,3.7881,3.9919,-1.0669
0.1268,-1.1276,-0.298,-0.1303,-0.3368,1.2368,1.3319,1.8412,3.0528,1.7783,0.7243,4.2243,3.4214,3.5365,-1.3623
0.2368,-0.9481,-0.2381,-0.1642,-0.3852,1.4357,1.385,2.0496,3.0105,1.4723,0.7297,4.3401,3.2401,3.6072,-1.767
0.4018,-0.9898,-0.0368,-0.0951,-0.5448,1.3013,1.5948,2.2728,3.3146,1.1298,0.7398,4.5682,3.2811,3.3858,-2.0627
0.2441,-1.6196,0.0946,0.0416,-0.4285,1.183,1.7679,2.6943,3.3046,0.0929,0.8789,4.4498,3.2269,2.8664,-2.6466
0.0752,-1.4656,0.3171,0.0589,-0.4057,1.0952,2.0649,2.9085,3.0828,0.4162,1.1218,4.6322,3.2352,2.4391,-3.0299
0.1846,-1.088,0.4079,0.2371,-0.4794,1.3352,1.9077,3.1529,2.9509,0.6453,1.1125,4.5274,3.0637,2.305,-2.6539
0.2307,-1.3615,0.8274,0.1914,-0.2392,1.3959,2.0011,3.383,3.1301,0.3696,1.1906,4.576,3.1232,2.0316,-2.6747
0.2604,-0.8574,0.7669,0.3363,-0.1805,1.1428,2.1348,3.6528,2.7055,0.7726,1.423,4.3074,3.1766,1.9067,-2.0958
0.1202,-1.3334,1.132,0.458,-0.1601,1.0621,2.2222,3.8704,2.7053,0.5596,1.8127,4.5114,3.1196,1.5925,-1.9618
0.6717,-0.7976,1.5226,0.0485,-0.1069,0.7406,2.6126,4.3424,2.5758,1.1441,1.5481,4.6909,2.9057,1.7009,-1.6397
0.3503,-0.3036,1.6944,-0.0305,-0.3265,0.9084,2.6421,4.5431,2.0941,0.9212,1.8732,5.0345,2.909,1.3675,-1.4765
0.3446,-0.6063,1.5208,-0.4118,0.053,0.9793,2.2986,4.4642,2.1552,0.8327,1.7889,5.4164,2.9482,1.4351,-1.0245
0.2016,-1.1319,1.8272,-0.0527,0.0964,1.0082,2.2209,4.2827,2.1188,1.2267,1.792,5.2944,2.802,1.54,-0.6631
0.1871,-0.5936,1.7329,-0.2025,0.4431,0.8593,2.2668,4.1281,1.6756,2.0591,2.0305,5.5191,2.9994,1.5492,0.0019
0.2118,-0.4386,1.4408,-0.1387,0.5303,0.801,2.436,4.0525,1.7478,1.9327,1.9099,5.4417,3.2164,1.6703,0.2971
-0.0373,0.0697,1.3581,-0.2266,-0.0342,0.7916,2.5932,3.6252,1.8537,3.0978,1.861,5.8376,3.1055,1.9334,0.4844
0.1486,-0.3176,1.1616,-0.1123,-0.0642,0.8991,2.2336,3.3717,1.8244,2.0833,1.7787,5.7992,3.2605,2.4085,0.3562
0.1676,-0.4942,0.8884,-0.3502,0.016,0.822,2.4164,3.0339,1.6771,1.9221,1.5326,5.834,3.5215,2.7723,-0.0399
0.1246,-0.0873,0.5985,0.0279,-0.0048,0.8375,2.2662,2.7063,1.9604,1.696,1.3527,5.6204,3.7333,2.9115,-0.3535
0.092,-0.6907,0.1824,-0.3462,-0.1029,0.8019,1.9106,2.3268,2.0061,1.4855,1.0344,5.3046,3.8004,3.1119,-0.8975
-0.049,-1.3228,-0.058,0.2139,-0.0811,1.122,2.031,2.2347,2.1552,1.5909,0.9165,5.164,3.7302,3.2007,-1.3978
0.1494,-1.313,0.0985,0.3647,-0.1942,1.1536,1.288,2.4857,2.6361,1.7783,0.9735,5.1751,3.589,3.3497,-1.5523
0.1235,-1.3671,-0.0463,0.1566,-0.28,0.9596,1.5061,2.4389,2.5466,1.5836,0.6741,5.0512,3.5577,3.238,-1.8346
0.0588,-1.234,0.0129,0.3308,-0.4889,0.6136,1.6233,2.2473,2.6721,1.2762,0.7526,4.8473,3.5681,3.0219,-2.2558
0.2519,-1.0061,0.2421,0.1451,-0.4531,0.61,1.9932,3.0498,3.3215,0.5038,0.839,5.0275,3.4444,2.9436,-2.1923
0.1936,-1.0573,0.7553,0.3475,-0.2069,0.6331,1.8991,2.9634,3.0308,0.5713,0.6974,4.7414,3.4984,2.6091,-2.4194
0.1971,-1.098,0.7082,0.3985,-0.0906,0.9057,1.8652,3.1253,2.7972,0.725,1.1017,4.8129,3.4961,2.4024,-2.0514
0.2119,-0.6343,0.8333,0.3392,-0.3055,0.8521,1.7273,3.1665,2.6816,0.7627,1.4234,4.6592,3.5923,2.2603,-1.6257
0.2389,-0.471,0.8119,0.3257,-0.3678,0.9939,1.8252,2.9757,2.6539,0.8298,1.5386,4.4911,3.8499,1.9041,-1.8494
0.3842,-0.5581,0.8474,0.3399,-0.2253,0.945,1.8688,3.1325,2.8177,0.5727,1.5142,4.7888,3.3703,2.2964,-2.012
0.3632,-0.7127,0.8579,0.1089,-0.0678,1.0137,1.6937,3.017,2.8185,0.362,1.5795,4.9072,3.4525,2.3031,-1.9568
0.3919,-0.8708,0.6956,0.4755,-0.0677,0.9453,1.9264,3.0023,2.7197,0.6088,1.2983,5.0056,3.5391,1.9428,-1.7875
0.5919,-0.8534,0.6565,0.2695,-0.0115,0.8414,2.3327,3.219,2.6951,1.0763,1.1201,4.5726,3.5658,2.2166,-1.707
0.4288,-0.9103,0.7356,-0.8629,0.1521,0.8754,2.1586,3.0674,2.6788,1.7993,0.5332,4.5728,3.7213,2.5558,-1.7212
0.4171,-0.8367,0.7954,-0.2177,-0.0084,0.8371,1.9713,3.1277,2.9402,1.657,0.6157,4.5297,4.3139,2.9839,-1.4362
0.471,-1.7849,0.6249,0.5916,0.0872,0.712,1.7808,2.9051,2.8227,1.3453,0.7239,4.3366,3.8335,3.038,-1.6416
0.3111,-1.4384,0.376,1.0358,-0.1137,0.5529,2.0114,2.8213,2.8853,1.9066,0.9735,4.3471,3.7058,3.2192,-1.9362
0.5416,-1.0822,0.5221,0.7519,-0.2882,0.3842,2.0134,2.8105,3.0052,1.618,0.9284,4.6026,3.711,2.8932,-1.4594
0.7826,-0.8523,0.7941,0.7361,-0.393,0.3299,1.321,2.8304,2.8287,1.3872,1.076,4.8744,3.7851,2.9434,-1.3804
0.6808,-2.2174,0.6557,1.113,-0.4121,0.3173,1.9496,2.8533,2.7221,1.136,1.2087,5.1096,3.5951,2.9459,-1.3398
0.6539,-1.4247,0.6847,1.5345,-0.4515,0.3517,1.904,2.9791,2.6258,1.7931,1.4821,5.1125,3.6762,3.1862,-0.997
0.7612,-0.8712,0.9103,1.0589,-0.3064,0.462,1.5235,2.4421,2.1165,1.8095,1.4755,5.2128,3.9375,3.1283,-0.8757
0.6097,-1.003,0.3831,0.6262,-0.3454,0.5981,2.0051,2.4314,2.1699,1.7186,1.2609,5.179,3.6892,3.172,-1.1867
0.7847,-0.582,0.511,0.7283,-0.3101,0.355,1.9138,2.4774,2.7442,1.8216,1.0911,5.3375,3.4757,3.468,-0.895
0.7265,-0.8179,0.4018,0.4051,-0.3546,0.5152,1.4676,2.609,2.7545,1.5963,0.8731,5.0522,3.8423,3.4637,-1.1316
0.7364,-0.972,0.4387,0.811,-0.3857,0.5911,0.7952,2.5816,2.9019,1.611,1.0155,4.688,3.7498,3.6227,-1.0245
0.6369,-0.7831,0.3592,0.7243,-0.3379,0.7946,1.0614,2.4101,2.8078,1.3634,1.108,4.6108,3.2978,3.6606,-1.2645
0.7141,-0.8211,0.2839,0.5762,-0.4792,0.723,1.0648,2.194,2.7913,1.1428,1.0565,4.4502,3.2503,3.656,-1.5718
0.686,-0.6726,-0.03,0.4879,-0.4846,0.6171,0.9174,2.3079,2.8821,1.1841,0.8909,4.9273,3.282,3.6452,-1.5406
0.5125,-0.481,0.1159,0.3061,-0.45,0.9272,1.1858,2.3056,3.0848,0.5456,0.6752,4.7415,3.1878,3.7827,-2.2189
0.5958,-0.7222,0.3966,0.2362,-0.4439,0.8175,0.9015,2.6442,3.25,0.3032,0.4382,4.3423,3.1522,3.4294,-2.3738
0.5613,-0.9302,0.6786,0.4465,-0.5051,0.7239,1.0294,3.1156,3.3958,0.1517,0.6656,4.3835,3.1699,3.1066,-2.6314
0.6267,-0.4553,1.103,0.5317,-0.4588,0.7428,1.2981,3.2618,3.344,0.4742,0.8094,4.3477,3.0684,2.8657,-2.6696
0.5773,-0.4231,1.2777,0.6933,0.0233,0.9668,1.4911,3.4885,3.1458,0.3366,1.0216,4.4552,3.1741,2.517,-2.5678
0.6453,-0.4941,1.7701,0.6747,-0.1038,0.9251,1.496,3.3059,2.8185,0.4679,1.2623,4.5561,3.2067,1.9587,-2.0559
0.6781,-0.4979,1.5557,0.4335,0.0994,0.8989,1.5599,3.6087,2.6686,1.0586,1.1442,4.8746,3.2875,2.0063,-2.0163
0.6628,-0.2719,1.8903,0.3213,0.0856,0.9325,1.3066,3.632,2.8745,1.7273,1.0174,4.8155,3.3401,2.0988,-1.8302
0.8443,-0.3228,1.8269,0.4287,-0.137,0.8277,1.3885,3.4698,2.8225,0.8681,1.1454,4.6251,3.1811,1.8797,-1.4487
0.8273,-0.4473,1.9134,0.4829,0.021,0.6239,1.3128,3.7113,3.1193,0.7474,1.2175,4.9289,3.092,2.0148,-1.3963
0.8327,-0.8813,2.0905,0.4166,0.0376,0.8603,1.2501,3.6553,2.4594,0.8956,1.6044,5.0786,2.865,1.5241,-1.1885
0.8354,-0.6859,2.157,0.369,0.0347,0.6482,1.4979,3.8373,2.5599,1.6946,1.6581,5.0636,2.8566,1.8904,-0.8364
0.8617,-0.6053,2.2755,0.3368,-0.1005,0.5634,1.7076,4.1262,2.5287,1.6978,1.5562,5.2575,2.7641,1.899,-0.781
0.784,-0.0653,2.5563,0.1805,-0.0382,0.6866,1.4352,3.9268,2.3178,1.4184,1.622,5.1604,2.8135,1.8505,-0.7102
0.6755,-0.1834,2.6505,0.277,-0.0772,0.76,0.4378,3.8691,2.0725,1.2303,1.6049,5.3497,2.579,1.9997,-0.7205
0.7796,0.1629,2.4169,0.6182,0.193,0.7805,0.8301,3.9979,2.2315,0.7686,1.6835,5.3809,2.4131,1.9664,-1.3577
0.6969,-0.1359,2.5223,0.5562,0.2969,0.8245,1.1898,4.3426,2.2281,1.1226,1.6439,5.0523,2.4668,1.8653,-1.3558
0.5761,-0.1443,2.5116,0.7612,0.0946,1.1353,1.4234,3.9092,2.0705,1.1402,1.7381,5.251,2.7638,1.5705,-1.005
0.6799,-0.2378,2.296,0.7181,-0.0429,0.8345,1.4122,3.9016,2.0325,1.4865,1.7003,5.5047,2.7988,1.466,-0.9566
0.6342,-0.1445,2.3529,0.6778,0.0735,0.8389,1.2278,3.9522,2.2162,1.1192,1.5942,5.3347,2.7987,1.5993,-1.0469
0.6152,0.2994,2.3131,0.3578,0.2733,0.8825,1.5913,3.9733,2.3767,1.5806,1.5463,5.9228,2.7907,1.6405,-1.2166
0.733,0.0082,2.4407,0.9119,0.1219,0.9206,1.7551,3.9081,2.3098,1.1969,1.628,5.3501,2.8439,1.916,-0.8946
0.6247,0.2073,2.4009,0.4425,-0.0586,0.8974,1.777,3.5265,1.9987,1.395,1.436,5.1521,3.1437,1.7302,-0.6719
0.6134,-0.2955,2.2348,0.8652,-0.2085,0.7762,1.6884,3.4054,2.1167,1.2088,1.6617,5.1394,3.5613,2.0908,-0.8975
0.5582,-0.0972,1.9885,0.6329,-0.1848,1.1156,1.9,3.1976,2.1637,1.2785,1.3794,5.1493,3.5716,1.9621,-0.8851
0.4386,-0.2736,1.8452,0.5746,-0.2677,0.8768,1.6247,3.0938,2.3085,1.1195,1.2147,5.1771,4.0204,2.0108,-0.6687
0.6842,-0.764,1.842,0.7531,-0.4792,0.721,1.5519,3.1349,2.6066,1.3803,1.1965,5.2553,3.828,2.2556,-0.6339
0.4941,-1.3141,2.0557,0.884,-0.5287,1.0018,1.4451,3.0751,2.5798,1.9164,1.2873,5.0064,4.3099,2.595,-0.7879
0.5086,-0.4389,2.3164,0.8075,-0.6843,1.0214,1.692,2.6735,2.2271,1.5026,1.1382,5.0796,3.9574,2.5639,-0.9546
0.6447,-1.4035,2.1092,1.213,-0.3827,0.9019,1.4133,2.745,2.2797,1.3445,1.4554,5.0858,3.9731,3.0353,-1.049
0.6723,-0.8017,1.685,1.1158,-0.8242,0.9913,1.545,2.4979,2.4741,1.618,1.541,5.0034,4.1504,2.8382,-0.9208
0.7386,-0.545,1.7326,0.9753,-0.7497,0.9953,1.3414,2.2537,2.6824,1.6124,1.4002,4.6855,4.097,3.0963,-0.9033
1.0119,-0.7234,1.5372,0.9416,-0.7791,0.8618,1.1887,1.939,2.8514,1.3814,1.3065,5.0384,4.187,3.3424,-1.0494
0.9381,-0.3064,1.4058,0.6694,-0.8188,0.9301,1.1427,1.5067,2.6077,1.64,0.9959,4.8447,4.1825,3.5779,-1.4158
0.7098,-1.0296,0.6835,0.9158,-0.768,0.7753,0.3461,1.6897,2.8363,1.3084,0.7178,4.9676,3.9952,3.8114,-1.5916
0.9381,-1.0299,0.7899,0.783,-0.6529,0.8343,0.6594,2.3357,3.3862,1.1987,0.5134,4.4544,3.6865,3.8604,-2.477
0.9017,-0.7934,0.7886,0.7392,-0.8425,0.8231,1.0092,2.4925,3.6937,0.7181,0.423,5.1003,3.5988,3.3572,-2.8146
0.9676,-1.0804,1.0681,0.5248,-0.7864,0.8527,0.9566,3.0093,3.8081,0.153,0.4743,4.6684,3.3691,2.9117,-3.0526
0.9923,-0.9283,1.7688,1.0991,-0.4053,0.7608,1.2515,3.3053,3.5928,0.0805,1.0199,4.4046,3.0822,2.2406,-3.1961
1.0452,-0.3445,2.0617,0.5085,-0.2269,0.7495,1.1696,3.8204,3.1569,0.2714,1.1015,4.6874,3.07,1.889,-3.0932
1.1497,-0.6339,2.414,0.8612,-0.1107,0.9972,1.4748,4.2711,3.2509,0.1973,1.6666,5.0461,2.9718,1.3573,-2.7388
1.2277,-0.112,2.8339,0.3276,-0.216,1.1659,2.4624,4.4533,2.7888,0.9743,1.619,5.1094,3.2566,1.0479,-1.9536
1.2369,-0.5997,2.9987,0.6155,-0.0465,1.1462,2.0829,4.5635,2.873,0.6829,2.0254,5.3086,3.2991,0.9468,-1.4525
1.1089,0.724,3.1024,0.167,0.006,1.0128,1.9362,4.5124,2.3121,1.1405,1.8169,5.1035,3.446,0.8998,-1.0467
1.156,0.1708,3.1055,0.5291,0.128,0.9536,1.6626,4.6441,2.3759,0.9639,2.0053,5.5308,3.2884,1.0283,-1.3076
1.1846,0.1879,3.02,0.4687,0.278,0.7684,1.3669,4.7285,2.2514,1.136,2.1444,5.5343,3.3894,0.9768,-1.2469
1.2269,-0.047,3.1527,0.7607,0.1983,0.582,1.3578,4.5011,2.0825,0.5434,2.4292,5.6734,3.4641,0.9813,-1.4925
1.3034,-0.0721,3.2337,-0.2351,0.5541,0.5312,1.2451,4.1293,1.9284,1.3013,2.0826,5.7261,3.3222,1.1957,-1.342
1.3147,-0.0821,3.0427,0.2608,0.4239,0.6721,1.46,4.4038,2.0686,1.4406,1.9981,6.1071,3.3107,1.5919,-1.4185
1.3424,-0.049,2.7267,0.1978,0.333,0.9263,1.3341,4.1516,1.9215,1.1543,2.3122,5.9637,3.601,1.4708,-1.1701
1.4015,-0.4411,2.8664,0.5448,0.0547,0.7866,1.4511,4.1546,1.8673,0.546,2.3723,6.4761,3.712,1.313,-1.0581
1.2868,-0.14,2.6637,0.6155,0.172,0.6918,1.4866,4.3844,1.9172,0.3913,2.5552,6.1605,3.7175,1.5579,-1.1658
1.1945,-0.06,2.582,0.2655,0.0104,0.7727,1.561,4.0058,1.7592,0.757,2.5164,5.7464,3.4939,1.6963,-1.2794
1.2759,-0.3179,2.5382,0.3635,0.007,0.7017,1.4024,4.251,2.2633,0.898,2.3692,5.3844,3.3556,2.2238,-1.2851
1.3588,-0.3774,2.9187,-0.076,0.1146,0.6119,1.0086,4.1774,2.2494,1.0988,2.3128,5.3031,3.3752,2.5504,-0.9484
1.1832,-0.4392,2.7248,-0.064,0.0406,0.5298,1.278,3.7421,1.9285,1.0893,1.9186,5.3008,3.3756,2.5769,-1.4855
1.3774,-0.6531,3.0311,0.0856,0.1871,0.8313,1.4791,3.7561,1.9878,0.932,2.0724,5.4214,3.5974,2.5554,-1.8032
1.4589,-0.6289,2.5541,0.0418,0.4142,0.7465,1.8986,3.6839,1.8931,1.278,2.2419,5.2777,3.8038,2.6473,-1.6816
1.2505,-0.1962,2.3658,-0.1112,0.3456,0.8771,1.9138,3.4305,2.0225,1.2625,2.0471,5.6785,4.0881,2.7507,-1.4701
1.3265,-0.3305,1.7972,-0.1863,0.1612,0.8337,1.942,3.5129,2.1342,1.7021,1.8335,5.4871,4.2994,3.0584,-1.3103
1.3013,-0.5151,1.6383,-0.2239,0.0103,0.814,1.8331,3.2925,1.7899,1.7495,1.4687,5.1227,4.5763,3.4076,-0.8167
1.2663,-0.6188,1.5322,0.0386,0.0217,0.7099,1.8239,2.8325,2.1795,1.509,1.4497,5.0156,4.4189,3.6171,-0.9707
1.3021,-0.6891,1.2179,0.3476,0.0037,0.7615,1.8523,2.4812,2.4872,1.3464,1.4959,4.5249,4.4207,3.7878,-0.9525
1.2117,-0.5157,0.7718,0.5297,-0.2768,0.9559,1.8338,2.5392,2.7826,1.822,1.6152,4.1772,4.6383,4.1468,-0.769
1.2615,-0.6509,0.5741,0.2909,-0.5163,0.8027,1.6544,2.3224,2.8317,0.8926,1.519,4.727,4.683,3.9457,-1.3363
1.3152,-0.5403,0.5804,0.3898,-0.6354,0.9247,1.8477,2.2111,3.0354,0.7746,1.4185,4.8407,4.5932,3.9838,-1.4278
1.4256,-0.7182,0.4582,0.6746,-0.6271,0.6444,1.5055,2.3919,3.4011,0.6305,1.2326,5.0252,4.5986,4.1718,-1.8003
1.3789,-0.9552,0.4165,0.5225,-0.5956,0.7947,1.436,2.5011,3.3798,0.6646,1.3073,5.1075,4.3334,4.0367,-2.0811
1.3836,-1.4476,0.2681,0.4511,-0.4148,0.9354,1.5876,1.6935,2.9827,0.9753,1.1722,5.1169,4.6804,3.8847,-2.123
1.2331,-1.7608,0.0349,0.4294,-0.5896,1.1417,2.1264,2.1357,3.3596,0.4817,0.8613,4.8489,4.5959,4.009,-2.5166
1.3871,-1.5555,-0.153,0.4194,-0.5572,0.9054,1.7722,2.4943,3.7086,1.0908,0.4948,4.6698,4.7071,4.0596,-2.2718
1.4272,-2.1784,0.5031,0.6986,-0.7946,0.5763,1.3242,2.8045,4.0436,0.6634,0.854,4.1572,4.6751,3.7919,-2.0713
1.1974,-1.1891,0.9269,0.3888,-0.5804,0.7531,1.2967,3.2589,3.9837,0.9626,0.9389,4.3009,4.204,3.7188,-2.0851
1.4565,-1.0472,1.1487,0.2863,-0.8078,0.8298,1.4958,3.4096,3.7232,0.7303,1.0961,4.4725,4.0433,3.3893,-2.148
1.4505,-1.2429,1.557,0.6507,-0.6869,0.9849,1.4407,3.8194,3.7898,-0.0028,1.3173,4.3385,3.9615,3.022,-2.2836
1.258,-1.1623,1.9422,0.1633,-0.3773,0.9861,1.3295,3.8826,3.4761,0.1963,1.533,4.2014,3.8696,2.8377,-2.3074
1.3635,-1.2811,1.929,0.428,-0.073,1.0331,1.2724,3.9965,3.1507,0.7128,1.9618,4.2226,4.1228,2.5112,-2.1157
1.5511,-0.8251,2.1155,0.2732,-0.1599,0.9156,1.2222,3.9521,3.009,0.9106,1.74,3.9441,4.1693,2.4921,-2.047
1.322,-0.5816,1.805,-0.0449,0.0482,0.8572,1.2277,3.6675,2.8371,0.6018,1.7654,4.2749,4.1662,2.5517,-1.6361
1.2335,-1.0346,1.5054,0.0297,0.0304,0.8131,0.9767,3.7822,3.0367,0.8214,1.6999,4.7774,4.0748,2.6878,-1.9766
1.2325,-1.1436,1.7803,0.2464,0.0526,0.7251,1.1449,4.0432,3.2388,0.5064,1.997,4.7123,4.1023,2.5684,-2.1012
1.2991,-0.8676,1.5754,0.0456,0.2956,0.9127,1.2747,4.0111,3.1019,0.6922,2.0821,4.9892,3.9899,2.2882,-2.0177
1.3122,-0.7857,1.7128,-0.0439,0.1506,0.8231,1.2981,4.3557,3.2813,1.1881,1.8527,5.1968,4.0175,2.292,-2.0331
1.3836,-1.0412,2.4971,0.3363,0.0386,0.9462,1.2283,4.6442,3.5273,1.0912,2.3068,5.0948,3.8935,2.4413,-1.7354
1.2062,-0.0289,2.2116,0.276,0.4203,1.0007,0.8782,4.3196,2.7226,1.0805,2.5675,4.912,3.7441,2.1496,-1.7437
1.2379,-0.2516,2.2759,0.1953,0.4821,0.8607,1.2765,4.3513,2.7919,0.7581,2.6348,5.0153,3.6382,2.2695,-2.2083
1.3538,-0.408,2.0752,0.2964,0.3481,0.8568,1.5043,4.47,2.5477,0.9497,2.641,5.0962,3.739,2.4461,-2.1422
1.158,-0.0366,2.1451,-0.0469,0.304,1.1542,1.274,4.3545,2.7022,0.9262,2.2123,5.3987,3.9161,2.4289,-1.8418
1.1705,-0.5234,1.8848,0.0294,0.2655,1.1004,0.858,4.658,2.7974,0.5499,2.3815,5.4136,3.7774,2.611,-1.9989
1.2099,-0.4064,1.8236,0.0503,0.3735,1.5797,0.933,4.3039,2.5246,1.3095,2.1617,5.3341,3.5028,2.7572,-1.949
1.0631,-0.5437,1.6194,0.0424,0.4966,1.1588,0.9462,4.4232,2.7904,1.3911,2.1071,5.4848,3.5062,2.8723,-1.9897
0.9798,-0.5809,1.5006,-0.0385,0.3497,1.153,1.004,4.2912,2.9169,0.8611,2.0159,5.4371,3.4591,2.6215,-1.9731
1.0999,-0.9415,1.7286,0.3595,0.3649,1.3992,1.2811,4.6926,3.3511,1.5529,2.0613,5.2425,3.4298,3.1003,-1.7202
1.2342,-0.9891,2.1315,0.2042,0.2648,0.9128,1.1441,4.7393,3.1237,1.1252,2.3518,4.8524,3.6423,2.8503,-1.8885
1.1225,-0.3775,2.3173,0.1536,0.3327,0.9469,1.2148,4.7805,3.0259,1.288,2.4002,4.7695,3.4873,2.8272,-1.4029
1.1117,-0.8604,2.138,0.327,0.4733,1.0241,1.6192,4.6508,2.7782,1.102,2.6219,4.9446,3.482,2.808,-1.0823
1.0117,-0.4635,1.8786,0.1351,0.1687,1.1038,1.7582,4.8086,2.8229,1.3041,2.5965,5.3773,3.4821,2.848,-1.2213
1.0356,0.2001,1.8075,0.0493,0.2996,1.3752,1.4627,4.6663,2.9606,1.3238,2.5693,5.0395,3.4184,3.1745,-1.3818
1.0428,-0.287,1.6493,0.0833,0.1286,1.4089,1.4654,4.5034,3.163,0.4602,2.5465,4.8066,3.6145,2.6256,-1.6735
1.1279,-0.3167,1.6837,-0.2393,0.1173,1.7774,1.689,4.708,3.2321,0.8914,2.5169,4.525,3.431,2.4763,-1.7402
1.233,-0.989,1.9014,0.0734,0.19,1.6304,1.9117,4.6851,3.3519,1.1146,2.4335,5.2103,3.6955,2.8315,-1.5681
0.9618,-0.4832,2.0204,0.457,0.2721,1.7335,1.9319,4.6271,3.0561,1.4758,2.6226,5.272,3.8448,2.6978,-1.3682
1.1582,-0.6499,2.0046,0.1991,0.0667,1.7792,1.9121,4.3638,2.7827,1.458,2.6513,5.1496,3.723,2.7657,-1.6932
1.0435,-0.3272,1.5827,-0.0592,0.088,1.6107,1.9115,4.1911,2.7353,1.9984,2.606,4.8952,3.8126,3.3511,-1.5859
1.1868,-0.5049,1.6344,-0.0217,0.5007,1.5108,1.9083,4.0125,2.9311,1.6766,2.4309,5.0907,3.7421,3.6465,-1.4089
1.1446,-0.9167,1.6823,0.0899,0.1954,1.4433,1.7282,3.7378,3.0022,1.8261,2.5571,5.1674,3.8445,3.4464,-1.0713
1.3894,-0.8192,1.3837,0.2669,0.2079,1.3549,1.8191,3.678,3.0569,1.5333,2.5088,5.2689,3.8439,3.4764,-1.3436
1.1663,-1.2229,0.9215,0.4261,-0.2323,1.1617,2.1181,3.6601,3.1485,1.8563,2.2981,5.5797,3.751,3.5655,-1.2354
1.0551,-1.1262,0.8295,0.1533,-0.1579,1.4404,2.2932,4.362,3.4787,1.9202,1.9339,5.4215,3.7841,3.6296,-1.1187
1.1632,-0.9993,1.3703,0.4468,-0.4674,1.2,2.0418,4.5479,3.5033,1.6858,1.9155,5.1027,4.171,3.5955,-1.4477
1.1764,-0.7286,1.5514,0.2821,-0.348,0.8444,1.9467,4.4952,3.3023,1.3641,2.0685,4.7011,4.2413,3.3532,-1.6579
1.1071,-1.0648,1.5429,0.1465,-0.3628,1.1726,2.2004,4.3838,3.1322,1.3229,2.0818,4.5317,4.1975,3.3793,-1.8192
0.9948,-0.8731,1.2607,0.1074,-0.2128,1.3046,2.1767,4.2466,2.7211,1.3747,2.0203,4.7852,4.1147,3.3944,-2.0298
1.0424,-0.7128,1.2979,-0.1711,-0.348,1.6342,2.1441,4.1191,2.8007,1.6912,1.7196,4.6449,4.219,3.7537,-1.7623
0.9706,-1.4662,1.5053,0.0711,-0.5838,1.5666,2.3453,3.9653,2.871,1.2791,1.7148,4.3925,4.3162,3.9106,-1.7127
1.3211,-1.1785,1.6311,0.5462,-0.2982,1.3341,2.0425,3.9275,2.9758,1.6215,2.0004,4.4437,4.2953,4.1032,-1.7991
0.8921,-0.9228,1.1585,0.3815,-0.2988,1.3441,1.9639,3.4318,2.6195,1.7525,2.1723,4.4171,4.4392,4.3513,-1.9271
0.8982,-1.0762,0.8614,0.5381,-0.442,1.0732,1.7899,3.1733,2.6477,1.3214,2.3522,4.8036,4.4436,4.3354,-1.7657
0.9221,-0.7509,0.5147,0.0316,-0.6469,0.9742,1.753,3.2367,2.7153,1.2862,1.8455,4.7545,4.3794,4.3697,-1.9389
0.9094,-1.2664,0.5954,0.1786,-0.6331,1.0305,1.9232,3.322,3.2062,0.8248,1.9808,4.8916,4.0952,4.3052,-2.3218
0.9013,-1.3818,0.6195,0.1045,-0.5985,1.0085,2.5043,3.0549,2.9948,0.953,1.6505,4.8789,4.1685,4.167,-2.2841
0.5207,-1.431,0.2587,-0.0308,-0.5622,0.7664,2.4683,3.5991,3.3203,1.2792,1.4504,4.6409,4.2922,4.2481,-2.281
0.8112,-1.3384,0.479,0.1452,-0.6148,1.1207,2.1206,3.6207,3.1392,1.2563,1.5075,4.325,4.5358,3.86,-2.3772
0.7321,-0.8908,0.5175,-0.2631,-0.5656,1.6069,2.9227,3.5238,3.1403,1.2979,1.3776,4.7727,4.4821,4.0559,-2.4472
0.6951,-1.0277,0.5545,-0.2443,-0.6048,1.6011,2.8189,3.3438,2.746,0.8069,1.3478,4.2936,4.7174,3.6549,-2.8127
0.7818,-1.3284,0.6833,0.0277,-0.7716,1.4646,2.0762,3.5541,3.021,0.9693,1.4037,4.1552,4.8645,3.6798,-3.0311
0.7721,-1.7108,0.8657,0.2413,-0.7733,1.4471,1.9414,3.5543,3.0507,1.0036,1.4944,4.1626,4.6755,3.5854,-3.0406
0.8442,-1.1116,1.0829,0.2813,-0.6346,1.2939,2.0423,3.6205,2.9542,1.4804,1.5916,4.5472,4.511,3.6122,-2.9393
0.785,-1.0216,1.1053,0.299,-0.661,1.1807,1.777,3.6656,2.8328,1.3057,1.5953,4.3232,4.3886,3.3614,-2.7464
0.8825,-1.313,1.1752,0.3567,-0.4649,1.0545,1.7634,3.6504,2.9102,1.7702,1.7381,4.2156,4.0837,3.0945,-2.6068
0.7637,-0.8736,1.0874,0.1007,-0.3584,1.2267,1.5852,4.1766,3.2136,1.8692,1.6943,3.9405,3.8144,2.8664,-2.8814
0.8289,-1.1245,1.5632,0.1507,-0.4735,1.0014,1.826,4.4898,3.0747,1.3096,1.6712,4.3922,3.7687,2.5653,-2.5681
0.7231,-1.3056,1.9002,0.2287,-0.2334,0.9586,1.5241,4.2809,2.5346,1.5412,1.8275,4.5557,3.8737,2.6116,-2.3442
0.7675,-1.3676,2.1872,0.3098,-0.5321,1.2139,1.9531,4.4449,2.3909,1.5088,2.2918,4.7088,3.758,2.5509,-2.3358
0.884,-0.8213,2.2835,0.1578,-0.3641,1.1528,1.6534,4.5932,2.4523,1.348,2.5068,4.8765,3.9408,2.6075,-2.2589
0.8096,-1.0924,2.2755,-0.0577,-0.1476,1.1663,1.7586,4.6058,1.9187,1.5599,2.5251,4.9681,3.8073,2.6411,-1.9674
0.7045,-1.3286,2.5289,0.0336,-0.3359,0.8698,2.1834,4.5294,1.9932,1.6969,2.3747,5.3157,3.6405,3.0704,-2.1081
0.6917,-0.9666,2.1434,0.0123,-0.3711,1.1559,2.1517,4.3194,1.9299,1.9315,2.4703,4.2859,3.9185,3.0853,-2.0164
0.6367,-1.265,2.1522,0.1494,-0.4524,1.1225,2.2992,4.0494,2.2681,1.8005,2.4058,4.4147,4.0469,3.2437,-2.0435
0.7702,-0.5566,1.8682,0.1017,-0.7414,1.4735,2.2107,3.6174,2.073,1.8277,2.2957,4.6962,4.3391,3.4194,-1.8913
0.6858,-0.7314,1.3935,0.1172,-0.7229,1.5569,2.8962,3.4928,2.1474,1.6336,1.8755,4.9217,4.3116,3.7834,-2.2735
0.9414,-0.9283,1.404,0.2519,-0.7802,1.5829,2.5926,3.3057,2.4021,0.9378,1.8476,4.8089,4.5812,3.8667,-2.3067
0.96,-0.9694,1.1878,0.1838,-0.9792,1.5075,2.5424,3.5039,2.5076,0.9852,1.623,4.3968,4.7525,3.8782,-2.6678
0.7374,-0.6906,0.9039,0.1345,-0.8356,1.5057,2.3601,3.4204,2.6888,1.2959,1.4785,3.9255,5.039,3.961,-2.6514
0.9748,-1.3037,0.9316,0.7059,-1.0216,1.454,1.9826,3.1452,2.745,1.0309,1.8194,3.8311,4.745,3.9386,-2.4967
1.0395,-1.2722,1.0729,0.431,-0.9612,1.4739,2.0371,2.9262,2.8722,1.2653,1.7675,3.5356,4.5791,4.2258,-2.7257
1.0396,-0.9182,1.2264,0.3545,-0.916,1.3157,1.7769,3.0708,3.1414,1.1127,1.7548,3.2454,4.297,4.0221,-2.9001
1.0498,-1.2301,1.354,0.3144,-0.9293,1.2889,2.138,3.2747,2.721,0.8709,1.799,3.4348,4.3143,3.5626,-3.249
1.25,-0.891,1.4604,0.0269,-1.1579,1.2902,1.9558,3.6447,3.0643,0.7765,2.0451,3.5067,4.0785,3.5344,-3.1244
1.1686,-1.3126,1.3518,-0.068,-0.9313,1.1317,1.8237,4.0499,3.0354,0.3719,1.5904,3.7343,3.9035,3.611,-3.3782
1.2304,-1.1175,2.1444,0.0792,-1.0613,1.1901,1.7673,4.0889,3.1654,0.5553,1.8388,3.5582,3.7534,2.9983,-3.1499
1.0428,-1.0454,2.1953,-0.1489,-0.8853,1.5887,1.7074,4.0718,2.7719,0.4731,2.0587,3.6659,3.6723,2.856,-3.0634
0.9357,-1.0218,2.1967,-0.15,-1.018,1.4203,1.1828,4.1171,2.7178,-0.1813,2.2671,4.031,3.8453,2.7651,-3.1554
1.125,-0.6207,2.6892,-0.2272,-0.8121,1.2882,1.4793,4.1924,2.5221,0.3097,2.48,4.4509,3.4838,2.9569,-3.3251
1.126,-0.3888,2.722,-0.3321,-0.5483,1.1527,1.5384,4.1852,2.219,0.2211,2.5484,4.7356,3.5191,2.6191,-3.3192
1.2023,-0.477,2.7419,-0.4209,-0.4626,1.1779,1.397,4.1669,2.0134,1.1562,2.4464,4.2591,3.7394,2.6679,-3.2626
1.3679,-0.295,2.5277,-0.5945,-0.3533,1.0693,1.8106,4.3372,2.0149,1.1817,2.3293,4.6235,3.4793,2.784,-2.8792
1.2261,-0.3593,2.4361,-0.4749,-0.6283,1.1974,1.8477,4.4444,2.235,0.9942,2.2659,4.7571,3.6151,2.7497,-2.9669
1.0698,-0.4461,2.4679,-0.671,-0.7397,1.3441,1.6839,3.8795,1.8983,0.3218,2.1046,4.8534,3.7276,2.3909,-3.103
1.1664,-0.8818,2.3107,-0.6351,-0.4864,1.2319,1.6689,4.2123,2.106,0.8812,2.264,4.6675,3.7289,2.6077,-2.8311
1.0965,-1.7174,2.4075,-0.5202,-0.4887,1.3583,1.6013,4.3512,2.0434,1.1712,2.2599,4.6824,3.7983,2.5358,-2.6924
1.0791,-0.94,2.2773,-0.5442,-0.5938,1.3089,1.98,4.363,2.1639,1.3559,2.2549,4.6394,3.6686,2.5267,-2.8597
1.1849,-1.3326,2.4619,-0.4991,-0.7778,1.1661,1.8446,4.4081,2.1257,1.1573,2.4407,4.7183,3.6811,2.6844,-2.6111
1.1484,-0.9576,2.4907,-0.7955,-0.4676,1.0549,0.4653,4.2204,2.0136,1.9806,2.3396,4.797,3.7552,3.3932,-2.3524
1.2108,-0.856,2.2948,-0.7845,-0.8434,1.0864,1.3352,4.2017,1.9651,1.4459,2.4085,4.6362,3.2299,3.4518,-3.0177
1.1036,-1.0578,2.2251,-0.6979,-0.8183,1.2782,1.0504,4.1379,1.943,1.0433,2.1791,4.572,3.2296,3.3694,-2.9498
1.1293,-0.8815,1.7923,-0.7029,-0.8548,1.2763,1.5319,4.4415,2.246,1.4281,1.8988,4.6397,3.0814,3.2787,-3.0148
1.2116,-1.0266,2.4222,-0.5193,-0.9081,1.3218,1.654,4.6031,2.3942,0.3944,2.2592,4.3263,3.2708,3.0364,-3.2518
1.3996,-0.9482,2.773,-0.4301,-0.7475,1.274,1.7308,4.4001,2.1915,0.5732,2.5552,4.294,3.2469,2.6285,-3.3036
1.2984,-0.58,2.8658,-0.9252,-0.3983,1.3955,1.7992,4.4855,1.9843,1.0645,2.5224,4.5304,3.4297,2.3444,-2.8483
1.3204,-0.8847,2.4002,-0.6409,-0.2682,1.5479,2.3887,4.645,2.1984,0.9692,2.4404,4.7762,3.4413,2.5791,-2.8425
1.3313,-0.7843,2.4817,-0.1858,-0.2551,1.5519,2.5679,3.1381,1.4075,2.1224,2.7381,4.6691,4.0422,2.5521,-2.3328
1.2768,-0.9284,1.3624,-0.4003,-0.3661,1.5861,2.7521,3.4044,1.8252,2.2012,2.558,4.7904,4.3729,3.072,-1.8762
1.182,-0.6823,1.3212,-0.5936,-0.8062,1.6613,2.8273,3.4231,2.2489,2.0097,2.2679,4.9563,4.4872,3.6098,-1.3052
1.3464,-0.8643,1.4991,-0.7623,-0.966,1.4657,2.6196,3.0284,2.1358,1.6967,2.0688,4.5783,4.6841,3.7382,-1.4584
1.4514,-0.992,1.2714,-0.7779,-1.0289,1.6189,2.2329,2.8559,2.0763,1.702,2.1148,4.3053,4.8294,3.8983,-1.5909
1.223,-0.7392,1.0164,-1.102,-1.2888,1.5471,2.4795,2.4552,2.1256,1.7935,1.6062,4.0447,4.8331,4.1489,-2.0127
1.21,-1.1861,0.5443,-0.7449,-1.3267,1.7777,2.6134,2.3388,2.2339,1.3872,1.7354,3.8121,4.8079,4.4217,-2.7215
1.2037,-1.2638,0.6544,-0.5532,-1.5193,1.7533,2.5519,2.5995,2.6547,1.3321,1.709,3.4561,4.9203,4.6195,-2.6317
1.1244,-1.1552,0.5186,-0.687,-1.2452,1.5912,2.3044,2.6421,2.5604,0.7276,1.7238,3.4068,4.9432,4.6651,-2.9045
0.9593,-1.6015,0.1802,-0.466,-1.2632,1.4852,2.4062,2.5337,2.6018,1.133,1.7307,3.7873,4.7853,4.5209,-2.9451
0.9946,-1.5238,0.2601,-0.5033,-1.3131,1.4406,2.8931,2.5279,2.7455,1.4079,1.7122,3.6641,4.5995,4.361,-2.6252
1.1267,-1.0317,0.3438,-0.2405,-1.4033,1.4762,2.6487,2.8651,2.8521,0.9914,1.9316,4.2554,4.6844,3.9283,-2.6525
1.2415,-0.944,0.7461,-0.686,-1.4775,1.4618,2.5366,2.9417,2.6606,0.39,1.8994,4.5641,4.8875,3.937,-2.7445
1.2551,-0.5502,0.5849,-1.0083,-1.4723,1.6302,2.6107,2.7979,2.3259,0.816,1.694,4.2476,4.7544,3.7864,-2.6927
1.1473,-0.9835,0.3101,-0.5395,-1.4742,1.5773,2.7493,3.1406,2.5976,0.6708,1.7708,4.1556,4.6696,3.9321,-3.0373
1.18,-1.2237,0.7119,-0.8539,-1.2381,1.4445,2.5191,3.0617,2.5607,0.4698,1.6985,4.4981,4.516,3.747,-3.4371
1.206,-1.0399,0.5893,-0.7428,-1.0797,1.3111,2.3314,3.1608,2.6397,0.1856,1.7639,4.0382,4.2218,3.3671,-3.3741
1.45,-0.9857,0.7024,-0.6622,-0.8928,1.3233,2.7223,3.7699,2.8471,0.8995,1.8717,4.1711,4.1785,3.2854,-3.2077
1.2314,-1.321,1.1279,-0.9211,-0.8992,1.126,2.5672,4.0032,2.697,1.1127,2.2175,4.294,4.2494,3.0202,-2.6573
1.3351,-0.687,1.6264,-0.795,-0.7241,1.3643,2.462,4.371,2.3682,1.5178,2.6657,4.5395,3.9056,2.953,-2.8656
1.1929,-0.7626,2.4067,-0.7022,-0.8633,1.5795,2.542,4.1597,1.8952,1.096,3.0618,4.6722,4.0145,2.8893,-2.6967
1.1643,-0.5475,1.8908,-0.8926,-0.6959,1.7695,2.2593,3.6583,1.1479,1.0049,2.7826,4.7387,4.0788,3.2228,-2.6571
1.3456,-0.3763,1.2092,-1.0375,-0.6525,1.6237,2.7381,3.5816,1.354,1.6376,2.4566,4.6891,4.0721,3.7028,-2.6737
1.4208,-0.4086,1.2892,-0.7893,-0.6047,1.3687,2.6524,3.4963,1.623,1.9107,2.4422,4.9774,4.4066,4.1623,-2.39
1.4712,-0.7052,0.6734,-0.8111,-0.4862,1.152,2.7893,3.1058,1.5321,1.9628,2.2635,5.0265,4.5466,4.2692,-2.0538
1.3458,-0.5497,0.2485,-0.8444,-0.7319,1.263,3.0526,3.0468,1.7034,1.744,2.1036,4.9274,4.5859,4.0788,-2.1799
1.5165,-0.9657,0.215,-0.9043,-1.0593,1.3833,2.726,2.9596,2.1059,1.2508,1.6827,4.3835,4.7832,4.3669,-1.9248
1.4039,-0.7647,0.3344,-0.9182,-0.8058,1.0455,2.4822,3.0565,2.2828,1.2869,1.6536,4.493,4.5741,4.8368,-2.503
1.3162,-1.0212,0.2187,-0.988,-1.0447,1.3517,2.3914,2.9274,2.2237,1.203,1.3736,4.1983,4.5447,4.695,-2.7337
1.3064,-1.2832,-0.2384,-0.8539,-1.0659,1.2839,2.1328,3.0695,2.4199,0.8244,1.3426,4.1378,4.4525,4.7917,-3.1124
1.4638,-1.4206,0.2936,-0.7569,-1.3421,1.2503,2.2169,3.0219,2.5828,0.9945,1.2445,3.5804,4.3845,4.881,-3.173
1.274,-1.826,0.5917,-0.3459,-1.3216,1.2931,2.2207,3.0906,2.4662,0.7726,1.5102,3.5881,4.1746,4.8734,-3.2603
1.3132,-1.0616,0.5783,-0.6991,-1.3678,1.5265,2.2266,3.1339,2.3046,0.8701,1.5297,3.8862,4.1465,4.288,-3.4231
1.4282,-0.9316,0.6598,-0.7985,-1.2648,1.6473,2.2164,3.4723,2.3999,0.7148,1.3667,3.8608,3.9882,4.3926,-3.3544
1.3735,-0.9587,0.687,-0.5073,-1.3178,1.4914,2.1293,3.3656,2.1111,0.6204,1.4359,3.778,3.9939,4.2472,-3.1782
1.4529,-1.1122,0.7117,-0.5949,-1.3987,1.3468,2.2882,3.7414,2.0868,0.4636,1.555,3.2793,3.8777,4.1568,-3.4915
1.5487,-1.0642,0.901,-1.2197,-1.3095,1.5474,2.5802,3.5988,2.032,0.1211,1.2622,3.6741,3.9251,4.1915,-3.6526
1.5679,-1.2565,1.0533,-1.0085,-1.252,1.4393,2.416,3.8264,2.0315,-0.0637,1.9365,3.713,4.2597,4.0496,-3.6941
1.6734,-0.8019,0.7773,-1.095,-0.9553,1.3816,2.2899,3.6104,1.8144,0.3445,1.6931,4.2095,4.3805,4.185,-3.3527
1.8519,-0.6543,1.0789,-1.1702,-0.8691,1.246,1.9749,3.435,1.8497,0.5501,1.6437,3.9401,4.4287,4.197,-3.5482
1.615,-1.0143,0.7618,-0.6686,-0.8121,0.9718,2.121,3.6557,1.8021,0.5605,1.9039,4.1506,4.2177,4.3115,-3.6139
1.5494,-1.2145,0.8308,-0.7087,-0.836,1.1338,2.2753,3.77,1.7594,0.1929,2.0248,4.1283,4.1141,4.112,-3.5647
1.4745,-0.866,0.7921,-1.2499,-0.7581,1.225,2.6172,3.831,1.7206,0.6568,1.9015,3.8433,4.0528,4.0104,-3.3597
1.5396,1.4395,1.187,-2.1091,-1.0479,1.2875,2.4948,3.9616,1.9006,0.3819,1.487,4.3685,4.1871,3.9355,-3.2335
1.5233,-0.4689,1.1713,-1.8305,-0.7899,1.1785,2.517,4.2756,2.0008,-1.0244,1.3045,4.1261,3.9181,3.5994,-3.8618
1.5069,-0.6382,1.3683,-1.3609,-0.4826,1.3728,2.7274,4.5608,1.9533,-0.2017,1.4837,3.9884,3.9419,3.3482,-4.0131
1.528,-1.1104,1.7091,-0.9643,-0.1988,1.3279,2.8091,4.6793,1.8335,0.2536,1.7905,3.9533,3.9712,3.1063,-3.6414
1.5165,-0.9289,1.3859,-0.8301,-0.0862,1.0165,2.6985,4.9607,1.5972,0.7441,2.1713,4.3618,3.8528,2.7493,-3.1462
1.477,-0.6929,1.7289,-0.6125,-0.1938,1.18,2.8311,4.9821,1.3811,0.9009,2.343,4.6129,3.7021,2.501,-2.8913
1.4541,-0.3909,1.8992,-0.982,-0.3018,1.3745,3.3623,5.1144,1.3774,1.2886,2.3343,4.2169,3.8471,2.6237,-2.6802
1.5317,-1.0534,1.9283,-0.8476,-0.0716,1.412,3.3948,5.0613,1.3782,1.5198,2.6005,4.6862,3.7008,2.5634,-1.8488
1.4749,-0.7145,2.015,-0.8385,-0.1446,1.0362,3.4483,5.1498,1.3816,1.5636,2.7052,4.8948,3.6383,2.6736,-1.4373
1.5115,-0.6898,2.1784,-1.019,-0.2557,0.9548,3.2571,5.2941,0.9546,1.4083,2.8776,5.069,3.8309,2.7698,-1.1612
1.3651,-0.4014,1.9849,-0.9093,-0.323,1.0499,2.939,4.971,0.8122,1.269,2.7301,5.2328,4.1358,2.8847,-1.2459
1.2324,-0.5003,1.7754,-1.1074,-0.1534,1.4878,2.8379,4.5113,0.6925,1.0884,2.7557,5.7974,4.1278,3.175,-1.4816
1.33,-0.6835,1.3631,-1.0515,-0.2707,1.5284,2.188,4.2777,0.7114,1.2366,2.7563,5.6038,4.1817,3.3315,-1.4112
1.1571,-0.2989,0.8807,-1.0176,-0.3683,1.7157,2.1309,3.8605,0.8218,1.2541,2.6745,5.4618,4.1963,3.4477,-1.7814
1.2811,-1.2075,0.7524,-0.9669,-0.3192,1.6275,2.5222,3.7458,1.1478,0.9185,2.3531,5.4077,4.2518,3.5487,-2.1576
1.0586,-1.1049,0.6442,-1.1,-0.4525,1.5854,2.6075,3.8327,1.4287,0.9352,2.2777,4.9279,4.2627,3.753,-2.6383
0.8214,-1.0194,0.5552,-1.0743,-0.871,2.0263,2.5271,3.5107,1.5263,0.4772,2.0908,4.1677,4.4214,3.513,-2.6594
1.0752,-1.33,0.4399,-1.2998,-0.8671,2.1641,2.242,3.535,2.0584,0.0947,1.8482,4.0135,4.558,3.5084,-2.9248
1.0312,-1.2185,0.5136,-1.2153,-0.708,2.1263,2.2207,3.7361,2.3085,0.308,1.7697,3.872,4.4286,3.5456,-3.0339
1.0811,-1.2606,0.521,-0.9807,-0.5795,2.2573,2.176,3.8167,1.853,0.5023,2.0461,3.6497,4.1732,3.5301,-3.216
1.1473,-1.3376,0.8838,-1.109,-0.7156,1.9681,2.3845,3.7345,2.3007,-0.2198,1.8757,3.9839,4.2036,3.6441,-3.5384
1.1763,-1.2426,0.7898,-0.9209,-0.7401,1.9748,2.1797,3.6384,2.0216,0.4494,1.9008,4.1743,4.7787,3.5457,-3.479
1.2579,-1.1788,0.6708,-1.0484,-0.5979,1.9659,2.1073,3.6652,1.8569,0.3769,2.0028,4.4809,4.4295,3.5432,-3.5853
1.4856,-1.3519,0.5972,-1.2376,-0.5872,1.9049,2.6475,4.3477,2.0552,0.8053,2.1368,4.4404,4.0312,3.3562,-3.2601
1.4406,-1.4822,0.9965,-1.5157,-0.1002,1.626,2.8826,4.5136,2.4334,0.8193,1.989,4.381,3.8109,3.1307,-3.3402
1.5075,-1.2384,1.2952,-1.1924,-0.2466,1.5119,3.1215,5.2281,2.4544,1.1566,1.9963,4.2528,3.7932,2.7516,-2.76
0.9659,-1.2286,1.4821,-0.9644,-0.3364,1.9697,3.1251,5.0982,1.9674,1.1669,2.2187,4.5358,3.9863,2.4868,-2.323
1.0863,-0.912,1.7892,-1.1288,-0.392,2.1421,2.8842,5.1047,1.7855,0.8382,2.6737,4.4381,4.1336,2.4729,-1.842
1.3743,-1.0753,1.7174,-1.2894,-0.355,2.3986,3.0481,4.5616,1.2531,0.9173,2.7936,4.8454,4.2422,2.2833,-1.8982
1.4456,-0.8639,1.7076,-1.2994,-0.4705,2.1715,3.008,4.5967,1.3236,0.6217,2.8129,4.8,4.2582,2.6336,-1.715
1.5849,-0.7301,1.3686,-1.3219,-0.2227,1.9216,2.7492,4.4874,1.4582,0.9729,2.8041,5.1115,4.6084,2.9,-1.7956
1.5323,-0.7847,1.4373,-1.9919,-0.1819,2.015,2.6409,4.227,1.3603,1.5512,2.3586,5.2317,4.3528,2.9979,-2.1567
1.5287,-1.3841,1.1971,-1.474,-0.2927,1.8667,2.3381,4.1041,1.6253,1.26,2.2226,5.3505,4.4707,3.3887,-2.2532
1.5314,-1.5217,1.0909,-1.2271,-0.3616,1.9603,2.5087,4.0512,1.4667,0.9666,2.3673,5.1716,4.3672,3.4826,-2.583
1.5262,-1.0391,0.9486,-1.5199,-0.2997,2.0339,2.2803,4.0496,1.5112,1.2771,1.9569,4.9655,4.5371,3.687,-2.6196
1.5207,-1.0037,0.8862,-0.7626,-0.2658,2.0475,2.1235,3.812,1.7519,1.1757,2.1549,5.1144,4.6239,3.7957,-2.6378
1.477,-0.9252,0.5719,-1.0874,-0.5142,2.4853,2.6317,3.5479,1.5852,0.1842,1.9412,4.8483,4.7591,3.3802,-3.1454
1.5743,-1.2533,0.7412,-0.9527,-0.3152,2.3585,2.3345,3.6168,1.8588,-0.0714,1.9968,4.8036,4.8941,3.5067,-3.5483
1.291,-2.0306,0.754,-1.0189,-0.2399,2.291,2.2687,3.3311,1.8291,0.2967,1.9759,4.6799,4.7927,3.4522,-3.5174
1.4246,-1.6149,0.635,-0.8641,-0.3014,2.2157,2.4018,3.5496,1.9362,1.1457,1.9966,4.9005,4.8074,3.2483,-3.2402
1.5572,-1.5208,0.4538,-0.9672,-0.3751,2.0586,2.6101,4.0378,2.2057,1.1383,1.9854,4.751,4.9444,3.2626,-2.8564
1.3843,-1.3913,0.9075,-1.0604,-0.4787,2.4179,2.7205,3.5112,1.8705,1.05,1.913,4.9269,4.5994,3.2686,-2.4954
1.3091,-1.2507,0.3178,-1.4286,-0.6278,2.48,2.2877,3.3545,1.7382,1.1188,1.6196,4.0659,4.718,3.6985,-2.7162
1.3835,-1.6699,0.5701,-1.1153,-0.6721,2.1891,1.8323,3.2763,2.1016,0.8819,1.6527,4.2875,4.6272,3.8348,-2.5158
1.1131,-1.3781,0.4479,-1.219,-0.4457,2.499,2.1328,2.924,1.9809,1.0909,1.6566,4.6331,4.4609,3.8897,-2.8923
1.2913,-1.7485,0.1877,-1.3149,-0.5145,2.1901,2.1823,3.0858,2.0387,0.7683,1.6039,4.4951,4.6941,4.2289,-3.0748
1.1439,-1.3745,-0.0014,-1.2811,-0.5189,1.9908,2.9003,3.0185,2.1754,1.2494,1.4532,4.1977,4.6596,4.2344,-3.3
1.3551,-1.4752,0.0324,-1.6299,-0.7085,1.8059,2.8961,2.977,2.3477,0.8784,1.2266,4.0102,4.738,4.0269,-3.1681
1.2618,-1.7067,0.0243,-2.0258,-0.669,1.9824,3.0321,3.1809,2.3845,0.9593,1.0841,3.714,4.845,4.2493,-3.3943
1.5148,-1.3648,0.245,-1.3376,-0.5892,1.7442,2.9857,4.0167,2.8785,0.8083,1.3548,3.637,4.7015,4.0044,-3.405
1.5033,-1.2743,0.9082,-1.1736,-0.6173,1.8708,2.9178,3.5859,2.3428,0.6973,2.1599,3.8973,4.6952,3.307,-3.0595
1.5902,-1.0354,0.9935,-1.0852,-0.3887,1.688,2.6957,3.536,1.8789,1.294,2.2993,4.3696,4.6684,3.411,-2.6196
1.4399,-0.6471,0.9749,-1.0621,-0.61,1.581,1.9671,3.5282,1.7627,1.0574,2.2637,4.5816,4.5536,3.2501,-2.3861
1.3422,-0.7915,0.9112,-1.3713,-0.5505,1.6819,2.0977,3.5693,1.6259,1.1564,2.2115,4.5546,4.1141,3.3432,-2.5918
1.3144,0.1277,0.7152,-1.4557,-0.6545,1.947,2.2619,3.7836,1.5741,0.6206,1.9971,4.8118,3.8281,3.4641,-3.0576
1.3005,-0.6992,0.7937,-1.6012,-0.5464,2.0023,2.7628,3.6795,1.5771,0.1446,1.8334,4.5809,4.0277,3.5223,-3.4981
1.3246,-1.09,0.7038,-1.2692,-0.566,1.5653,2.8407,3.8194,1.6364,0.5206,1.9279,4.4651,4.2611,3.51,-3.4479
1.3814,-0.8498,0.6147,-1.5519,-0.7292,1.7569,3.0952,3.9263,1.7513,1.0026,1.7619,4.4298,4.4041,3.396,-3.0401
1.3597,-0.2397,0.9002,-1.6965,-0.5332,1.7034,2.7004,4.1786,2.07,0.4126,1.7122,4.3081,4.4941,3.3209,-2.7024
1.2764,-0.8746,1.0087,-1.7253,-0.5945,1.6482,2.5393,4.0886,1.9633,0.3583,1.7943,4.0888,4.5674,2.9936,-2.8013
1.0078,-0.916,0.8617,-1.1224,-0.3596,1.9764,2.3298,3.9878,1.7537,0.4614,2.0267,4.2543,4.5141,3.1867,-3.0243
1.2435,-1.0669,0.7857,-1.1236,-0.508,1.8331,2.5323,4.1162,1.8065,0.8949,2.0873,4.3694,4.2023,3.145,-2.9473
1.2673,-0.7041,0.8084,-1.1423,-0.4064,1.676,2.6396,4.1545,1.6258,0.7343,2.2087,4.3313,3.9988,3.1489,-2.7431
1.3811,-1.2013,0.6185,-1.0455,-0.3874,1.6947,2.5595,4.3237,1.5231,1.115,2.3138,4.6195,4.022,3.1295,-2.8002
1.5932,-0.8443,0.6978,-1.0822,-0.581,1.518,2.8977,4.3861,1.5932,0.9496,2.2916,4.744,4.0826,3.0475,-2.786
1.4943,-0.6431,0.8684,-1.0079,-0.633,1.7483,2.9549,4.3818,1.4615,0.8436,2.4441,4.989,4.0273,3.1157,-2.3289
1.4289,-0.5601,0.6899,-0.8622,-0.5234,1.9203,3.0135,4.2124,1.4128,0.852,2.3021,5.2911,4.375,3.172,-2.5259
1.4857,-0.9157,0.5518,-1.2146,-0.6277,2.0645,2.9737,4.0323,1.2271,1.1724,2.361,4.8173,4.399,3.2218,-2.4153
1.5015,-0.6729,0.9474,-1.5685,-1.0108,1.9687,2.711,3.8758,1.324,1.0255,2.2338,4.9318,4.7753,3.3944,-2.0864
1.4995,0.1053,0.5514,-1.3802,-0.7223,2.064,2.8991,3.5381,1.1803,1.0406,2.0339,5.0672,4.6526,3.762,-2.3582
1.9581,0.0158,0.9732,-1.5234,-0.8771,1.5288,2.7007,3.7363,1.557,0.3725,2.0075,4.6053,4.6008,3.8949,-2.3042
1.6097,-0.2562,0.6681,-1.8796,-1.1076,1.8066,2.9103,3.7241,1.3977,0.4812,1.7657,4.6852,4.3236,3.925,-2.5307
1.4295,-0.7907,0.4841,-1.6136,-1.1671,1.9925,3.1453,3.228,1.2106,0.597,1.7037,4.4599,4.4915,4.0829,-2.7439
1.3301,-0.9897,0.7544,-1.443,-0.9398,1.7629,3.3035,3.6205,1.5263,0.5939,1.8379,4.6632,4.5774,4.4658,-2.8066
1.4387,-1.2978,-0.3315,-1.2577,-0.81,1.8118,3.5757,3.3604,1.4178,0.7442,1.637,4.8086,4.6963,4.2638,-3.0118
1.6053,-1.2539,-0.1018,-1.3341,-0.7792,1.719,3.7408,3.3509,1.8708,0.928,1.4414,4.5407,5.0224,4.166,-2.7495
1.6738,-0.8889,0.237,-1.4431,-0.9071,1.5755,3.7391,3.4541,1.9375,1.1945,1.4759,3.9973,4.921,4.103,-2.5976
1.4353,-0.9333,0.4437,-1.2726,-1.1415,1.5644,3.6391,3.8593,2.3087,0.6429,1.4052,3.9456,5.0084,4.1759,-2.7719
1.3949,-1.011,0.5053,-1.1784,-0.9465,1.627,3.3019,3.9303,2.1537,0.3539,1.6031,3.7664,4.8659,4.2188,-2.7337
1.2831,-0.8397,0.5072,-1.0368,-0.8058,1.7948,3.2436,3.795,1.7696,0.2672,1.8884,3.8113,4.8013,3.8351,-2.3585
1.4166,-0.9103,0.5624,-1.1661,-0.7241,1.8629,3.4965,3.9577,2.0072,1.1071,2.0375,4.4657,4.8691,3.6493,-1.8695
0.9776,-0.9022,0.4788,-1.6118,-0.9292,1.9148,3.465,4.0448,1.9476,0.3509,1.9625,4.4356,4.8602,3.1738,-2.2359
1.6429,-0.7301,0.8113,-1.4959,-1.0934,1.7741,3.121,4.1441,1.9034,0.531,1.943,4.2021,4.8724,3.2729,-2.8804
1.5043,-0.2677,1.1392,-1.8629,-1.3725,2.3563,3.0384,3.908,1.5646,0.4612,1.94,4.4537,4.7901,3.503,-3.1736
1.3388,-0.6055,0.9967,-1.7032,-1.0555,2.2549,2.8954,3.4857,1.2708,-0.1623,1.8661,4.596,4.7936,3.5383,-3.6721
1.2185,-1.0244,0.5638,-1.6788,-0.6835,2.2255,2.6076,3.5985,1.2055,0.3745,1.6447,4.1945,4.8453,3.7779,-3.4524
1.237,-1.0812,0.4437,-1.5413,-0.4453,2.1385,2.9614,3.9581,1.6971,0.8688,1.5269,4.3973,4.6408,3.9591,-3.3038
1.3739,-0.8633,0.579,-1.5494,-0.7385,1.8414,2.7978,4.0823,1.8769,0.7471,1.5804,4.2373,4.5832,3.548,-3.2061
1.4984,-1.8516,0.7116,-1.1162,-0.8359,2.0579,2.8141,4.256,1.7152,0.2412,1.9295,4.5456,4.5497,3.2555,-3.4879
1.4479,-1.0238,0.8856,-1.7282,-0.4499,1.996,3.2155,4.2774,1.6575,1.0428,1.7855,4.3564,4.5944,3.2938,-3.12
1.4311,-1.0343,0.9451,-1.4488,-0.5275,1.9992,3.0513,4.5437,1.9445,0.8727,1.8869,4.3544,4.9258,3.3664,-2.824
1.7539,-0.7562,1.2887,-1.2945,-0.5599,1.8201,3.2305,4.6228,1.78,0.7846,2.056,4.2193,4.8297,3.1444,-3.0382
1.3283,-0.952,1.5235,-1.382,-0.5,1.7896,2.7447,4.7079,1.5682,1.0355,2.1902,4.5251,4.8626,3.0834,-2.5943
1.3076,-1.1707,1.4519,-1.425,-0.5622,1.9435,3.1788,4.5406,1.3801,1.1984,2.4749,4.9309,4.9342,3.105,-2.2643
1.3546,-0.7506,1.4836,-1.6902,-0.5848,2.0101,2.9826,4.5564,1.2833,0.8587,2.4168,5.0198,4.8666,3.0647,-2.0482
1.2481,-0.4624,1.4428,-1.3786,-0.9264,2.402,2.8063,4.5638,1.245,1.2297,2.3773,5.2665,4.8312,3.1486,-1.835
1.1981,-0.8119,1.3025,-1.504,-0.9728,2.1806,2.6684,4.1189,1.0042,0.5347,2.4009,4.9776,4.7508,3.2368,-2.326
1.1702,-0.9323,1.0575,-1.2872,-0.8359,2.2017,2.8396,4.1242,1.3643,0.5347,2.4117,5.1504,4.6733,3.4536,-2.5734
1.315,-0.7996,0.8495,-1.2985,-0.8479,2.3414,2.9455,3.8393,1.2548,0.3985,2.0431,5.2228,4.6585,3.4463,-2.6537
1.5371,-0.2105,0.3341,-1.4747,-0.797,2.2017,2.9441,3.9437,1.5091,0.5352,1.9656,5.0562,4.8458,3.9347,-2.5752
1.4373,-0.4105,0.8158,-1.2004,-0.8341,2.1711,3.458,3.9957,1.9384,-0.0169,1.9771,4.9446,4.8627,3.9382,-2.7576
1.4656,-0.4989,0.9483,-1.5252,-0.721,2.2334,3.6088,3.7801,1.7528,-0.0067,2.0487,5.1978,4.9712,3.5668,-2.878
1.4704,-0.7505,0.7608,-1.2419,-0.6071,2.3721,3.7977,4.0938,1.6573,0.3877,2.0072,4.275,5.1519,3.7587,-2.8699
1.529,-0.5505,1.1096,-1.4935,-0.4937,2.3242,3.8921,3.7732,1.4604,0.8538,2.0337,4.2335,5.2945,3.5993,-2.6479
1.2936,-1.5255,0.8834,-1.4731,-0.506,2.4419,3.3978,3.5727,1.3257,0.9365,2.1839,4.5807,5.5914,3.876,-2.2073
1.448,-1.3668,0.918,-1.6951,-0.537,2.5387,3.4692,3.3599,1.3559,1.2665,2.0836,4.9591,5.7227,3.9409,-2.2103
1.5237,-1.2353,0.6588,-1.2897,-0.8063,2.4858,3.3687,3.5314,1.5368,1.8391,2.0862,4.8294,5.5925,4.2826,-1.8599
1.6443,-1.1788,0.6,-1.0302,-1.4463,2.362,3.2024,3.5458,1.7103,1.3662,2.1045,5.2454,5.4364,4.4513,-2.0336
1.6227,-1.0574,0.1794,-1.4153,-1.3832,2.4255,3.2074,3.4872,1.841,0.3934,1.7246,5.3049,5.3602,4.5398,-2.2724
1.5095,-1.0445,0.5856,-1.3912,-1.2059,2.3363,3.4892,3.635,1.876,0.1353,1.5766,5.1383,5.595,4.6316,-2.7165
1.368,-1.4366,0.3337,-1.7081,-0.8424,2.5403,3.6908,3.5033,1.654,0.2168,1.4022,4.7937,5.5615,4.1874,-2.7535
1.3928,-1.5032,0.3773,-1.4917,-0.9435,2.5933,3.9542,3.814,2.0436,0.8325,1.5995,4.4686,5.7668,4.0999,-2.8187
1.3956,-1.5687,0.5228,-1.3746,-0.837,2.5056,3.4905,3.5971,1.8627,0.3773,1.4737,4.3676,6.0507,3.9031,-2.6758
1.5004,-0.5866,0.8714,-1.5739,-0.9812,2.5099,3.1978,3.8372,2.0782,1.0959,1.535,4.7092,5.8606,4.0636,-2.509
1.5682,-1.133,0.9468,-2.2232,-0.882,2.608,3.1456,4.1055,2.0142,0.5835,1.2335,4.2117,5.4445,4.0039,-2.7413
1.6415,-1.209,1.0168,-1.8334,-1.1767,2.3622,2.8678,4.3031,2.0996,0.5052,1.195,4.175,5.4079,3.827,-2.8491
1.776,-1.0301,1.2119,-1.1656,-0.9354,2.2886,3.1251,4.4155,1.9217,0.3452,1.5993,3.9982,5.1653,3.7329,-3.0301
1.3231,-0.854,1.2857,-1.2859,-0.4249,2.4862,2.7664,4.4981,1.7741,0.488,1.6337,4.5704,5.089,3.5502,-3.2163
1.3796,-1.0144,0.9483,-1.1614,-0.6141,2.3524,3.2217,4.6839,1.5149,0.4684,1.9361,4.4591,4.5521,3.2246,-3.1579
1.3644,-1.0169,1.0299,-0.8825,-0.5635,2.4884,3.705,4.974,1.845,0.6708,2.2412,4.8481,4.7913,3.3452,-2.496
1.3838,-0.9993,1.2392,-1.1394,-0.5902,2.4553,3.616,5.2268,1.6599,0.489,2.2676,4.7369,4.7626,2.8888,-2.3355
1.4751,-0.7186,1.5639,-1.2954,-0.5015,2.5425,3.5552,5.3499,1.688,0.6919,2.0728,4.6938,4.9027,2.9087,-2.4056
1.4636,-1.2467,1.669,-0.9253,-0.6055,2.5547,4.2884,5.6151,1.3786,0.8235,2.3083,4.8471,5.0044,2.7434,-2.2651
1.5101,-0.5635,1.9993,-0.8282,-0.7284,2.536,4.2519,5.6179,1.2183,1.0679,2.6654,4.9648,5.1226,2.5451,-1.7515
1.5725,-0.7893,2.1358,-0.9556,-0.6197,2.5751,4.1373,5.6673,1.0465,0.7475,2.8744,5.1034,5.2371,2.5618,-1.6567
1.4743,-0.4287,2.1491,-0.56,-0.6518,2.8059,4.5153,5.1936,0.4945,1.8727,3.0895,5.1627,5.3126,2.9993,-1.0614
1.4981,-0.5513,1.9979,-0.9717,-0.8264,2.9109,4.5932,4.9099,0.4653,1.7846,2.7773,5.4281,5.6479,3.492,-0.8123
1.268,-0.5163,1.3453,-0.8683,-0.8067,2.9056,4.9041,4.3874,0.4427,1.7815,2.4794,5.4353,5.7691,4.0288,-0.9144
1.1269,-0.815,0.878,-0.7944,-1.0151,3.1205,4.4116,3.7793,0.6548,1.8837,2.2571,5.4097,6.4128,4.3221,-0.9974
1.3111,-1.2928,0.482,-0.572,-1.2453,3.1619,4.0844,3.3711,0.8411,1.6477,2.3531,4.9631,6.4995,4.8285,-0.6724
1.3096,-1.0523,-0.0581,-0.7362,-1.4147,2.8923,3.8856,3.004,1.2218,1.5663,1.8508,5.1578,6.3141,5.0884,-0.7138
1.3353,-1.2149,-0.4031,-0.7362,-1.6308,2.9,3.5141,2.6026,1.5718,0.5605,1.4858,5.0778,6.4007,5.1329,-1.2778
1.2952,-0.9027,-0.6311,-1.1329,-1.8572,2.6159,3.5612,2.5626,2.0093,1.3829,1.1157,4.6089,6.3336,5.653,-1.569
1.3038,-1.315,-0.5228,-1.0653,-2.1233,2.5587,3.6371,2.5268,2.2619,0.8092,0.8413,4.3028,6.2853,6.0323,-1.9041
1.244,-2.3474,-0.4389,-0.8359,-1.8575,2.5487,3.2692,2.3194,2.5419,0.4456,0.7918,3.9282,6.3541,6.1755,-2.5955
1.2758,-2.027,-0.646,-0.8164,-1.5241,2.8061,3.2343,2.2345,2.4682,0.6321,0.9006,3.4049,6.3666,6.0374,-2.9048
1.3806,-1.8216,-0.6028,-0.8821,-1.8182,2.8409,3.3592,2.3116,2.6091,0.3525,0.7845,3.5147,6.3547,5.7674,-3.0055
1.2994,-1.9267,-0.7492,-0.8153,-1.2257,2.6927,3.1341,2.0356,2.6002,0.2679,0.6913,3.9813,6.3083,5.86,-3.263
1.1771,-1.6439,-0.6846,-1.098,-1.3463,2.8434,2.983,1.9339,2.6341,0.767,0.5354,4.0218,6.282,5.6193,-3.4072
1.1977,-1.8381,-0.8383,-0.8004,-1.5416,2.7676,3.3537,2.7343,3.0057,0.365,0.4917,4.1803,5.8348,5.5551,-3.6702
1.2321,-1.6307,-0.5293,-1.241,-1.6661,2.7399,4.143,3.1351,2.9579,0.1494,0.361,3.8106,5.4842,5.2359,-3.6178
1.0523,-1.5185,-0.116,-0.8395,-1.5304,2.7347,3.7096,3.7411,3.0457,0.0634,0.6099,3.9244,5.5457,5.1501,-3.0043
1.016,-1.2091,0.3808,-0.8309,-1.4839,2.6736,3.8139,3.6052,2.4152,-0.0767,0.8895,4.0306,5.7436,4.6613,-3.0861
0.5824,-1.4515,0.301,-0.606,-1.4906,3.0109,3.422,3.789,2.4216,-0.1816,1.1933,3.9528,5.9433,4.624,-3.207
1.0049,-1.295,0.4537,-1.0239,-1.3533,3.0235,3.4481,3.5234,2.1487,-0.2209,1.1276,3.9729,5.5716,4.452,-3.3347
0.8998,-1.4645,0.5047,-0.9826,-1.1378,2.9076,3.6692,3.5346,2.1462,-0.2974,1.1083,3.9062,5.5452,4.8138,-3.3468
0.9301,-1.4908,0.2383,-0.8505,-1.2573,2.9558,3.8666,3.6487,2.1806,-0.0715,1.3653,4.0757,5.596,4.675,-3.4019
0.7746,-1.4355,0.0415,-0.5109,-0.9999,2.9245,3.8132,3.7166,2.3338,0.5268,1.1412,4.1047,5.7889,4.4871,-3.0214
1.0514,-1.9516,0.3598,-0.6907,-1.4127,2.7714,4.0967,3.7188,2.1725,0.688,1.3717,4.1781,5.8773,4.071,-2.8576
0.6869,-1.7545,0.5335,-0.4885,-1.2579,2.7858,4.0064,3.9933,2.3094,0.9805,1.4433,4.565,5.8804,4.2804,-2.779
0.7533,-1.9898,0.356,-0.4588,-1.1467,2.9232,3.8945,4.0123,2.2887,1.0509,1.6808,4.7629,5.7016,3.9786,-2.8868
0.7911,-1.5296,0.6174,-1.3981,-1.2895,2.7827,3.3942,3.7702,2.1043,0.2605,1.1535,4.7813,5.897,3.8596,-2.8475
1.0734,-2.0233,0.5899,-1.1929,-1.0812,3.2887,3.361,3.8078,2.3891,-0.0377,1.046,4.7645,5.3988,4.0185,-3.2636
0.8893,-1.2913,0.6146,-0.6341,-1.0353,3.0405,3.5035,4.144,2.4248,0.1095,1.326,4.7274,5.2989,3.8177,-3.5436
0.9361,-1.1628,0.7193,-1.0587,-0.9631,2.6018,3.5884,4.6223,2.5861,-0.5256,1.2366,4.1803,5.434,3.7154,-3.9268
0.9802,-1.365,1.1997,-0.8073,-0.857,2.5106,3.696,4.9282,2.6825,-0.5881,1.5069,4.4012,5.2934,3.5011,-3.8068
0.8894,-1.5098,1.3838,-0.9156,-0.7815,2.4742,3.886,5.2556,2.4434,-0.0409,1.6975,4.6294,5.2653,2.9389,-3.8775
0.9603,-1.696,1.6842,-0.9741,-1.035,2.4446,4.3061,5.5461,2.4272,0.1508,1.7751,4.8119,5.3685,2.7243,-3.7242
0.9914,-1.3696,2.1531,-0.728,-0.9873,2.4577,4.476,5.4283,1.7726,0.4765,2.0884,4.5794,5.3502,2.8379,-3.0936
0.9309,-1.2041,2.047,-0.8132,-0.7785,2.5721,4.1717,5.349,1.7084,0.475,2.2093,4.6545,5.4983,2.8725,-2.4152
0.929,-1.0806,1.9333,-0.7083,-1.0234,3.0624,4.35,4.9978,1.5719,0.2991,2.4198,5.0652,5.5203,2.9155,-2.2084
0.8789,-0.7964,1.5164,-0.7189,-0.6412,3.0501,3.8363,4.4896,1.3686,0.6087,2.3113,5.5726,5.7424,2.9374,-2.0385
0.9535,-0.7919,1.2677,-1.146,-0.7116,2.8157,4.0681,4.1466,1.5682,0.6519,2.1235,4.8089,5.8451,3.265,-2.0737
1.009,-0.908,0.9539,-1.0893,-1.1167,2.7199,4.0637,4.2275,2.0963,0.6172,1.792,4.9883,5.8818,3.8661,-2.1113
0.9789,-0.3397,0.6705,-1.2626,-1.092,2.8364,4.1946,4.2853,2.1671,0.5363,1.4061,4.9671,5.9974,3.9095,-2.1839
1.0105,-0.6745,0.8984,-1.0612,-1.1689,2.8504,4.1567,4.2086,2.3309,0.42,1.3998,4.6201,6.3314,4.1011,-2.0254
0.9727,-1.1857,0.7314,-1.067,-1.3618,2.9948,4.2628,3.8913,2.1427,0.9971,1.5129,4.9148,6.3967,3.8788,-2.0508
0.8478,-0.9555,0.5018,-0.9835,-1.4631,3.1269,4.3028,3.9504,2.3568,0.5967,1.3971,4.7388,6.2497,4.2394,-2.167
1.1579,-1.1538,0.3724,-0.9546,-1.3752,2.7342,4.2139,4.1723,2.6649,0.6228,1.2658,4.7374,6.1886,4.4063,-2.4647
0.6656,-1.304,0.5034,-1.0143,-1.6159,2.9036,4.3505,4.3597,2.7432,0.6937,1.247,4.4461,6.4048,4.2231,-2.2484
0.9783,-1.3273,0.5445,-1.1183,-1.89,2.843,4.3391,4.5264,3.1112,0.5964,1.0771,4.5902,6.4115,4.2278,-2.3148
1.0422,-1.5473,0.7032,-1.1215,-1.683,2.8196,3.8833,4.6141,2.935,0.1867,1.2549,4.5172,6.1074,4.2301,-2.9371
