x0,x1,x2,x3,x4,x5,x6,x7,x8,x9,x10,x11,x12,x13,x14
0.3897,0.651,2.5542,0.4933,0.3333,-0.1477,-0.3566,3.234,-0.0607,-1.3777,1.4985,-0.4238,-1.2688,-3.4725,-1.695
0.2429,1.5538,3.3569,0.3921,0.4718,-0.0559,0.1161,3.5461,-0.9674,-0.7483,2.0997,0.4915,-1.9635,-4.0034,-0.9349
0.4068,1.5735,3.593,-0.1997,0.9768,-0.094,-0.0893,3.9921,-1.3616,-0.5585,1.9598,0.9922,-2.0429,-3.8042,-0.197
0.2767,1.4391,3.5191,-0.2173,1.2279,0.1424,0.1748,4.0632,-1.8726,0.2555,2.218,1.491,-2.241,-4.1555,0.4805
-0.0457,1.6302,3.497,-0.1547,1.4609,0.3487,0.6609,4.819,-1.6735,0.125,2.4319,1.5881,-2.226,-4.0568,1.0284
-0.1826,1.651,3.7641,-0.5929,1.2146,0.4874,0.6074,3.9323,-2.2787,0.4771,2.3395,2.2562,-1.5894,-4.387,1.5292
-0.2242,1.368,3.9147,-0.3196,0.894,0.7861,0.9062,3.0642,-2.6072,0.336,2.4924,1.993,-1.3487,-4.0823,1.8073
-0.1972,1.8502,3.1665,-0.353,0.8754,0.8415,0.8519,2.7613,-2.8993,0.6809,2.3561,1.9693,-1.002,-3.7167,2.0908
-0.2463,1.7446,2.8115,-0.1924,0.6777,0.7063,-0.0571,2.4683,-2.5174,0.4143,2.1957,2.1784,-1.1263,-2.9557,1.9688
0.1073,1.5672,3.0489,-0.9871,0.5429,0.651,0.2136,2.2643,-2.3623,0.2752,1.6106,2.3369,-1.4904,-2.6228,1.6213
-0.0508,1.6063,2.7783,-1.1862,0.8618,0.4641,0.1602,1.6541,-2.4073,0.6215,1.4167,2.0404,-1.0328,-2.0743,1.2626
-0.2479,1.3268,1.8473,-0.5657,1.0454,0.6417,0.547,1.267,-2.2462,0.6031,1.2748,1.8249,-0.7378,-1.3215,1.0799
-0.2669,0.5147,1.2779,0.1265,0.6942,0.7779,0.6393,0.5628,-2.4527,1.0834,1.3256,1.2814,-0.4683,-0.7338,1.286
-0.6111,0.8879,0.5587,-0.0939,0.2442,0.7424,0.4721,0.0004,-1.5414,1.2826,1.1503,1.4881,-0.0293,-0.1596,1.4346
0.3428,0.8419,0.6417,0.2469,0.1363,0.37,0.5706,-0.7631,-1.0685,0.8776,1.029,1.3168,0.1398,0.3419,1.1809
0.3534,1.1619,0.5649,0.5023,-0.1798,0.1726,0.0736,-1.2626,-1.1594,1.0785,1.0049,1.2269,0.076,0.7889,1.2864
-0.0367,1.1324,-0.728,0.2359,0.2563,0.107,-0.1273,-1.1788,-1.2588,1.038,0.7199,1.1054,0.1911,1.2454,1.0419
-0.1535,0.3785,-0.8618,0.293,0.3886,0.2363,-0.0117,-1.3859,-0.5825,0.9178,0.5582,0.8305,-0.1222,1.2288,0.8655
0.2324,0.4994,-0.7151,0.5696,-0.3362,0.5042,-0.0918,-1.8637,-0.1366,0.6737,0.7512,0.7977,-0.1076,1.1073,0.5991
0.2648,0.4887,-0.7384,0.1,-0.367,0.3761,-0.16,-1.7992,-0.1283,0.4663,0.6457,1.1189,-0.0151,0.9151,0.3808
0.0858,0.4875,-1.0418,0.2953,-0.4715,0.5381,0.449,-1.7519,-0.0304,0.2446,0.139,0.9094,-0.0708,1.0705,0.1368
-0.8327,0.4501,-1.4531,0.4829,-0.5717,0.9026,-0.0655,-1.5953,0.0233,-0.0178,0.1752,1.0296,0.1668,1.265,0.0569
-0.064,0.215,-1.1048,0.1342,-0.3918,0.7476,-0.0564,-1.6915,0.0082,-0.5318,0.0412,0.4305,-0.0528,1.11,-0.4608
0.1486,-0.1212,-1.5206,0.4322,-0.4182,0.6291,0.2091,-1.4116,0.2157,-0.3742,-0.0306,0.0954,-0.3475,1.1064,-0.4771
-0.1683,0.0874,-1.2827,0.1549,-0.5693,0.8252,-0.0688,-1.0971,0.8755,-0.7407,-0.1774,0.1704,-0.6841,1.0369,-0.8645
0.0436,0.8701,-1.1591,0.5294,-0.3493,0.8562,-0.1741,-1.2436,0.4952,-0.8895,0.0219,-0.462,-0.6061,0.7095,-1.0616
-0.1655,0.4541,-1.039,0.5917,-0.1569,0.8082,-0.4665,-0.9597,0.4261,-1.0182,-0.141,-0.5395,-0.645,0.461,-1.0472
0.0115,0.0468,-0.852,0.4303,0.2786,1.4962,-0.2925,-0.6507,0.4096,-0.7041,-0.1183,-0.8452,-0.9371,0.2585,-1.2029
-0.1541,0.1534,-0.7741,0.3781,0.3589,1.1354,-0.1002,-0.6804,0.408,-0.3382,0.0136,-0.3603,-0.7068,-0.1255,-0.9671
0.3063,-0.1302,-0.2217,0.2148,0.2929,0.9008,-0.3256,-0.0969,0.7922,-0.2003,0.2435,-0.9286,-0.5252,-0.4836,-0.6604
-0.0277,0.6017,-0.0751,0.2377,0.4261,0.958,0.0681,0.2637,0.6677,0.291,0.3941,-0.9095,-0.6634,-0.5547,-0.5619
0.2318,0.203,0.7032,0.577,0.4545,0.5584,0.0467,0.4634,0.3474,-0.2301,0.8646,-0.5487,-0.926,-0.9699,-0.3728
0.2659,0.6826,0.5033,0.4062,0.6412,0.4967,0.1872,1.0545,0.2028,0.3037,0.9218,0.1116,-1.1394,-0.8337,-0.27
-0.1239,0.7709,-0.0091,0.4138,0.5143,0.729,0.259,1.1612,0.0704,0.1359,0.9365,-0.0555,-1.1627,-1.0363,-0.0632
-0.1318,0.6625,0.6045,0.3326,0.6134,1.0302,0.1558,1.0401,-0.0864,-0.1668,0.943,0.3441,-1.0983,-1.1645,0.2412
-0.2335,0.5631,0.5571,0.24,0.454,1.1673,0.286,0.8191,-0.2518,-0.1715,1.0327,-0.0616,-0.901,-1.4691,0.06
0.3662,1.0083,1.0696,0.0229,0.907,0.8059,-0.1538,0.7547,-0.678,-0.0223,0.9004,0.5041,-0.8688,-1.4468,0.0741
0.3818,0.9877,1.2992,0.0206,1.1629,0.6637,-0.265,1.3609,-1.0295,0.4443,1.1749,0.7969,-1.4988,-1.2399,0.5207
0.4721,0.9067,1.7848,-0.5848,1.2535,0.5115,0.0151,1.4067,-1.1017,0.8666,1.0564,1.2861,-1.6503,-1.3281,0.7058
0.3735,1.0734,1.8028,-0.2053,1.2974,0.451,0.2472,1.5952,-0.9409,0.8577,0.9355,1.2434,-1.5882,-1.3926,0.82
0.2999,1.0542,1.7237,-0.4255,0.9436,0.478,0.6515,1.4106,-1.2139,0.7789,1.162,1.3717,-1.4094,-1.5204,1.1311
0.1284,1.1074,1.8344,-0.3382,1.1841,0.7082,0.585,1.2963,-1.4591,0.5019,1.267,1.1848,-1.0134,-1.164,1.2251
-0.1356,1.0202,1.2247,0.238,1.0921,1.1741,0.7784,0.3112,-1.8032,0.6993,1.453,1.7077,-0.9632,-1.0399,1.2144
0.0442,1.081,1.0662,0.1684,1.2943,0.9469,0.8218,0.1658,-1.117,0.8529,1.4972,1.7393,-0.669,-0.4515,1.4351
-0.1767,1.0243,0.5866,0.0465,1.1075,1.2635,1.2715,0.3707,-0.8018,1.1326,1.4183,1.6474,-0.6715,-0.3246,1.6442
0.026,0.7563,0.4962,-0.1381,0.9781,1.1438,1.124,-0.4816,-1.4837,0.8678,1.0802,1.7527,-0.2085,-0.1794,1.5803
-0.0542,0.7429,-0.0608,0.1078,1.0529,0.8507,0.7421,-0.471,-0.9586,1.3193,0.7502,1.3731,-0.0381,0.5351,1.7621
0.3831,0.7822,0.12,-0.1216,0.7165,0.8101,0.9775,-1.1573,-0.8566,1.181,-0.2442,1.1098,-0.0982,0.481,1.4449
0.0138,0.6953,-0.1777,-0.0188,0.5178,0.8701,0.9541,-0.7385,-0.1302,1.282,0.1408,0.4382,0.0457,0.8442,1.402
-0.1246,0.5314,-0.4491,-0.3902,0.392,1.0257,0.9954,-0.6361,-0.0256,0.8906,0.0619,0.4828,0.1484,0.6426,0.8829
0.2872,0.2359,-0.093,-0.271,0.2939,1.094,0.8701,-1.1399,-0.4884,0.7583,-0.2854,0.195,0.2496,0.4584,0.6402
0.329,0.5331,-0.4709,-0.0517,-0.0002,0.4229,0.6323,-0.989,0.3944,0.8042,-0.1037,0.1498,0.0873,0.7796,0.441
-0.275,0.3767,-0.5695,0.5259,0.0705,0.9356,0.3371,-1.4946,0.0392,0.5493,-0.0122,-0.0071,0.0943,0.4212,0.3957
-0.149,0.3355,-0.57,0.485,-0.2947,1.1012,0.3764,-1.2872,0.3005,0.3293,0.4795,-0.3337,-0.1687,0.6473,0.1637
-0.1976,1.0197,-0.6968,-0.0768,0.2569,1.0906,0.4752,-1.4065,0.4172,0.02,0.6975,-0.1812,-0.131,0.7625,-0.0499
-0.2906,0.4144,-0.9297,0.2966,0.2047,0.9755,0.5825,-1.8992,0.5837,-0.1118,0.4352,0.152,-0.1078,0.407,-0.0576
-0.3701,0.1672,-1.692,0.2335,-0.0895,0.9153,0.6325,-1.7881,0.6128,-0.029,0.1089,0.4928,-0.1946,0.629,-0.2023
-0.3335,0.4446,-1.5147,0.0086,-0.0271,0.9499,0.7212,-1.6829,1.1658,-0.1446,-0.3904,-0.2501,-0.1998,0.6028,-0.544
0.3054,0.0869,-0.9208,0.0912,0.0359,0.6948,0.8875,-1.1655,1.6394,-0.2263,-0.4008,-0.2807,-0.3533,0.4482,-0.6284
0.1162,0.0917,-0.5327,-0.0179,-0.2547,0.5154,0.8377,-0.3207,1.349,-0.0195,-0.359,-0.001,-0.5834,0.2055,-0.6653
0.0498,-0.2799,-0.1613,0.27,0.0109,0.3966,0.4339,0.1366,1.1347,-0.2098,0.1954,-0.348,-0.8683,0.0105,-0.6017
-0.2003,0.1457,0.2912,0.0648,0.0264,0.4497,0.2935,0.2035,1.0135,-0.1706,0.7104,-0.1265,-0.9298,-0.4156,-0.5479
-0.4183,0.916,0.6554,0.1021,0.3654,0.9272,0.3905,0.6054,0.6393,-0.4352,0.8713,-0.3027,-1.351,-0.5626,-0.3771
-0.7163,0.9053,0.4193,-0.004,0.4486,1.1415,0.4457,0.1443,-0.0608,-0.4267,0.8268,-0.1121,-1.3767,-0.7462,-0.4438
-0.6798,0.5825,0.4875,0.2045,0.8149,1.0711,0.7383,0.0366,0.18,-0.2693,1.3601,0.5993,-1.0178,-0.6296,-0.0547
-0.7861,0.6283,0.1091,-0.1076,1.0904,1.1348,0.5693,-0.3164,-0.2703,0.5055,1.1639,0.6792,-0.3306,-0.8012,0.5926
-0.237,0.7282,0.1172,0.0285,1.0691,0.975,0.5836,-0.4278,0.1312,1.0221,1.0019,1.3394,-0.6325,-0.7063,0.7572
-0.6199,0.7682,-0.26,-0.2648,0.6118,1.2706,0.6895,-0.2094,0.2699,0.9025,0.8321,1.393,-1.0904,-0.5981,0.8365
-0.698,0.8162,-0.5507,-0.2898,0.4147,1.5231,0.6345,-0.3424,0.1617,0.5505,0.974,1.438,-1.0453,-0.5334,0.8016
-0.5391,0.6402,-0.6416,-0.161,0.0528,1.1417,0.6237,-0.8063,-0.0126,0.2334,0.6382,1.3112,-0.8345,-0.2118,0.6716
-0.4584,0.6915,-1.1071,-0.0288,0.0504,1.052,0.6509,-0.6363,0.355,0.258,0.2018,1.0105,-0.8262,0.33,0.4637
-0.6147,0.2675,-1.0265,-0.3641,0.1986,0.9024,0.6011,-0.4616,0.6485,-0.0096,-0.0925,0.2833,-0.9017,0.3433,0.0451
-0.3928,0.6053,-0.7216,-0.1435,0.3617,0.7103,0.4999,-0.8975,1.2426,0.1263,0.0458,0.3443,-0.8295,0.0871,-0.0917
-0.7372,0.8888,-0.3073,-0.2175,0.2893,0.7026,0.6132,-0.6522,1.0944,0.1144,-0.1722,0.3233,-0.5317,-0.084,-0.5072
-0.8227,0.2817,-0.3407,0.1591,0.4267,1.1934,0.7845,-0.6539,0.7964,-0.415,0.2823,-0.0618,-0.8704,-0.3243,-0.3981
-0.1595,0.0166,0.3217,0.1584,0.5786,1.0436,0.7222,-0.4662,1.3119,-0.3922,0.9686,0.237,-0.8506,-0.5844,-0.188
0.1286,0.3887,1.0019,-0.2251,1.078,0.6566,0.7649,-0.255,0.2589,0.6739,1.1682,0.5285,-0.7857,-0.8129,0.451
-0.1846,0.5647,0.6877,0.1307,1.1877,0.7444,0.893,-0.3361,-0.1192,1.3474,1.2755,1.0825,-0.3447,-0.2818,1.1007
-0.757,1.3254,0.3431,-0.1972,1.2901,0.8242,0.9136,-0.7939,-0.5561,1.9397,1.089,1.3985,-0.8779,-0.2026,1.5218
-0.6505,0.7274,-0.4942,0.4,1.1265,0.9364,1.2515,-0.5851,-0.4005,1.5511,1.0262,1.428,-1.0055,-0.0129,1.6737
-0.6552,0.4464,-0.7412,0.083,0.6742,0.5625,1.2677,-0.3939,-0.1376,1.5321,0.771,1.4888,-0.6621,0.2742,1.8007
-0.7192,0.4328,-0.4599,0.0532,0.5118,0.7147,1.3696,-0.4449,0.3813,1.1481,0.4318,1.7138,-0.4127,0.3532,1.3773
-0.5857,0.6407,-0.3059,0.0023,0.3335,0.5673,1.1135,-0.5543,0.3073,0.8281,0.7447,1.3156,-0.4875,0.4942,1.1921
-0.1628,0.8426,-0.5051,0.1647,0.3042,0.5245,0.7842,-0.7431,-0.7199,0.7224,0.6575,1.3,-0.7413,0.3761,1.0123
-0.7194,0.7544,-1.7006,0.2731,0.6681,0.6587,0.607,-0.6581,-0.2308,0.6719,-0.046,1.0338,-0.8242,0.7605,0.6177
-0.5717,0.2595,-1.2574,0.3227,0.2653,0.7228,0.6369,-0.5611,0.6469,0.4366,0.1238,0.7511,-0.855,1.0309,0.3227
-0.701,0.2952,-1.1532,0.8246,0.1369,0.8596,0.9112,-0.7813,0.5526,0.3256,0.3075,0.7357,-0.8981,0.6139,0.0801
-0.5506,0.264,-0.7807,0.507,0.269,1.4258,0.4808,-0.9409,0.3892,0.0736,0.2934,0.2851,-0.9307,0.3363,0.0871
-0.6567,0.3832,-1.1521,0.8631,0.3677,1.174,0.6905,-1.0003,0.4393,0.1966,0.3876,1.0123,-1.1363,0.2145,-0.0569
-0.2122,0.4279,-0.8543,0.6717,0.1912,1.124,0.6631,-0.6025,0.4114,0.1984,0.145,0.764,-0.9488,0.2994,-0.1656
-0.8218,0.7302,-0.7761,0.5814,0.4573,1.2501,0.818,0.2462,1.2307,0.2068,0.402,1.2351,-1.2189,0.1924,-0.1685
-0.2716,0.3803,-0.2465,-0.0337,0.6024,1.0346,0.9095,-0.4122,0.5114,-0.1933,-0.0674,0.8337,-1.2312,-0.4624,-0.5192
-0.2949,0.6486,0.4983,-0.1694,0.4337,0.974,1.1751,0.2134,0.356,0.0712,0.0794,0.877,-1.525,-0.4098,-0.6421
-0.0971,0.9784,0.5143,0.3138,0.8434,0.6586,1.1192,0.6162,-0.097,0.3101,0.4477,1.4937,-1.4588,-0.3668,-0.2597
-0.1584,0.6955,-0.1235,0.4266,0.9584,0.828,1.1197,0.5564,-0.5135,0.7127,0.5137,1.1576,-1.4591,-0.6926,0.1259
-0.7247,0.5012,0.5564,-0.0748,0.9045,1.2311,1.283,0.6416,-0.0395,0.5696,0.3702,1.6099,-1.2668,-0.6563,0.1372
-0.2886,0.5756,0.6679,-0.058,1.0246,1.1796,1.2525,0.187,-0.4739,0.3762,0.5581,1.4611,-0.961,-0.6859,0.1855
-0.2571,0.6313,-0.0597,0.4386,1.0949,1.3439,1.3519,-0.0848,-0.8512,0.7921,0.958,1.6531,-1.1093,-0.6295,0.5538
-0.2918,0.0752,0.0298,0.3797,0.7811,1.3037,1.4568,-0.5475,-0.4671,0.9835,1.1936,2.0093,-0.8809,-0.1336,0.9732
-0.2722,0.8767,-0.2286,0.2139,0.6619,1.256,1.1508,-0.6441,-0.6538,1.3735,0.6148,2.1705,-0.8545,0.1992,1.3655
-0.229,0.5888,-0.2516,0.2066,0.7156,1.2463,0.8187,-1.1686,-0.3517,0.7835,0.3902,1.2623,-1.0141,0.7507,1.3514
-0.073,1.2777,-0.6113,0.0137,0.9505,1.1484,0.7513,-1.3929,-0.0498,1.2203,0.0875,1.0278,-0.5778,1.2963,0.8744
-0.1671,0.7238,-0.7618,0.1934,0.5494,1.1655,1.0315,-2.0324,-0.3354,1.02,0.2764,0.7134,-0.808,1.2127,0.6609
-0.2875,0.6757,-1.1984,0.4488,0.4181,1.2122,1.2057,-1.4974,0.5138,0.8242,0.2685,0.5849,-0.7165,1.4783,0.4457
-0.2611,0.7688,-1.4703,0.3116,0.4541,1.0782,1.3506,-2.1895,0.176,0.5582,-0.0495,1.0693,-0.827,1.3459,0.3216
-0.3254,0.4552,-1.8806,0.3511,0.6394,0.7141,1.1243,-1.982,0.6049,0.6615,-0.7289,1.4891,-1.062,1.2772,0.0955
-0.5364,0.4185,-2.0147,0.4813,0.7212,0.7141,1.1148,-1.1831,1.3208,0.7866,-0.7008,1.0238,-1.0877,1.4518,-0.0474
-0.7226,1.0578,-1.4385,0.3419,0.214,0.9103,1.2998,-1.2709,1.5102,0.3997,-0.8019,0.2599,-1.1927,0.9052,-0.3887
-0.4205,0.483,-1.0733,0.1511,0.4251,0.7705,1.0915,-0.5797,1.4981,-0.646,-0.6149,0.1675,-1.0419,0.8305,-1.0918
-0.1813,-0.018,-0.073,0.5389,0.7483,0.8412,1.1823,-0.5665,1.1079,-0.3612,0.0201,0.4706,-0.6496,0.2639,-0.8437
-0.2478,0.5428,0.0622,0.703,1.0227,0.9962,1.1369,-0.6086,0.6437,0.3639,0.2207,0.8934,-0.8546,0.0263,-0.4997
-0.2889,0.7904,-0.8328,0.3526,1.2913,0.8162,1.4218,0.2125,0.5271,0.9526,-0.0273,0.8264,-1.0727,-0.1332,0.018
-0.4146,0.629,-0.0335,0.1792,1.1598,0.8049,1.2589,0.2684,0.6903,1.1312,0.1324,0.6294,-1.2181,-0.3333,0.0464
-0.6086,0.5969,0.0696,0.3573,1.2528,0.711,1.3628,0.3198,0.5306,1.0425,0.1911,0.8581,-1.2312,-0.5028,0.0736
-0.6749,1.3005,0.4178,0.731,1.115,0.8749,1.526,0.2439,0.0761,0.9953,0.531,1.3189,-1.2687,-0.4392,0.2036
-0.3756,1.1131,0.2278,0.522,1.2651,0.8815,1.7127,0.3569,0.4746,0.2387,0.7091,1.0538,-1.1654,-0.2492,0.1889
-0.5677,1.0363,0.3415,0.4216,1.4022,1.0902,2.1029,-1.4903,-0.5535,0.5374,0.6915,1.4356,-0.7942,-0.4548,0.2178
-0.6415,1.3524,-0.7255,0.1931,0.9861,1.2316,1.8405,-0.9357,-0.1127,0.8922,0.4255,1.3982,-0.6722,0.3556,0.2079
0.7661,1.0611,-0.4201,0.0989,1.0379,0.6547,1.6344,-0.8167,0.2594,0.41,0.3207,1.4148,-1.0783,0.3187,0.0932
-0.2142,1.2316,-0.4962,0.3554,1.0546,0.7134,1.4642,-0.5132,0.2629,0.8569,0.2189,1.452,-1.208,0.6511,0.0308
-0.0068,0.973,-0.4387,0.4448,1.0463,0.6705,1.2815,-0.6153,0.1539,0.3988,0.4492,1.9946,-0.9906,0.4861,-0.0987
-0.5254,1.092,-0.6366,0.442,1.3299,0.8449,1.4439,-0.7396,0.2506,0.5116,0.3277,1.332,-1.1083,0.2719,-0.2253
-0.5741,1.0829,-0.2584,0.7479,1.7013,0.9094,1.6679,-0.61,0.1963,0.4853,0.4323,1.4006,-1.5616,0.1476,-0.2334
0.2869,0.5588,0.1639,0.5474,1.8251,0.7465,1.6486,-0.5479,-0.0676,0.8898,0.7023,1.0806,-1.0238,0.0573,-0.1083
0.0225,1.064,-0.123,0.4794,1.7485,0.6693,1.6126,-0.053,0.1558,1.9952,0.9271,1.4908,-1.3278,0.2536,0.6362
-0.3136,1.1971,0.8248,0.3063,1.6696,0.8374,1.4596,0.0496,0.3749,1.875,0.4953,1.5974,-1.4413,0.1072,0.911
-0.4777,1.1156,0.704,0.4889,1.7516,0.9254,1.0896,-0.0397,-0.5355,1.6505,0.6777,2.2215,-1.6445,0.1908,0.8044
-0.7605,1.2262,0.4376,-0.1055,1.7446,1.1708,1.5978,-0.2185,-0.691,1.7443,0.2238,1.6546,-1.4851,0.2095,0.6443
-0.7981,0.9437,-0.1671,-0.0347,1.5747,1.3584,1.3692,-0.5743,-0.3685,1.3053,0.133,1.6614,-1.1406,0.6257,0.4955
-0.3653,0.6485,-0.1135,0.4726,1.5837,1.2829,1.3374,-0.6059,0.0276,1.1412,0.3883,1.5913,-1.2903,0.6292,0.2701
-0.0845,1.0165,-0.4209,0.6248,1.7118,0.9071,1.4483,-0.4528,-0.061,1.714,-0.2741,2.1727,-1.2695,0.8784,0.3021
-0.3886,0.9977,-0.2424,0.275,1.2225,1.0707,1.3964,-0.4109,0.0141,1.8045,-0.0631,1.4787,-0.8886,0.5565,0.5209
-0.2691,1.0305,-0.2893,0.8418,1.2266,1.036,1.429,-0.4392,0.2563,1.3468,0.5095,1.0556,-1.2594,0.6528,0.5657
-0.203,1.1644,0.168,0.7441,1.1901,0.807,1.3392,-0.3226,0.4272,1.283,0.5711,1.5436,-1.3971,0.5496,0.5474
-0.4712,1.1265,0.0977,0.5771,1.7392,1.0203,0.9998,-0.6585,-0.0497,1.3761,0.6591,1.2608,-1.1703,0.4821,0.6303
-0.2614,0.8807,-0.336,0.8226,1.6733,0.7237,0.9905,-0.3252,0.3143,1.6174,0.6168,1.4213,-1.3827,0.4607,0.5101
-0.6939,0.7649,-0.3932,0.6843,1.3416,1.2542,1.0362,-0.4276,0.1618,1.5825,0.6735,1.3402,-1.717,0.0629,0.5396
-0.4056,0.7631,0.3827,0.7799,1.0906,1.2549,1.0548,0.373,0.8741,0.9275,0.3897,1.3446,-1.8816,0.117,0.1259
-0.4882,0.8079,0.5967,1.1305,1.3138,1.1154,1.1481,0.1582,0.0602,0.6974,0.9565,1.1429,-1.5353,0.0187,0.0377
-0.34,0.9072,0.4942,0.7875,1.44,1.145,0.9587,-0.3215,-0.0784,0.9783,0.6532,1.6428,-1.4628,1.0818,-0.2636
-0.4853,0.7745,0.2764,0.7217,1.431,0.9921,1.4496,-0.961,-0.4855,1.1783,0.6747,1.6823,-1.2266,0.8181,-0.201
-0.4689,0.6933,-0.1485,0.6458,1.6379,0.9437,1.3263,-1.0306,-0.5037,1.4623,0.7452,1.1364,-0.8981,0.8202,0.2842
-0.6876,0.6219,-0.492,1.1797,1.6328,0.887,1.0164,-1.9293,-0.071,2.2712,0.519,1.653,-0.8459,1.294,0.4986
-0.528,0.7906,-0.3102,0.9682,1.5208,0.7694,0.874,-1.7364,-0.1296,2.0746,-0.1619,0.5737,-0.8542,1.7084,0.2737
-0.5659,0.7218,-0.7047,0.9418,1.2696,0.8646,0.8621,-1.855,0.2592,1.6459,0.1522,0.7607,-1.0957,1.6052,0.0948
-0.3592,0.8331,-0.8569,1.3267,1.5622,1.0528,0.9729,-1.8671,0.7086,1.5112,0.1592,0.6538,-1.2072,1.7005,-0.0381
-0.3857,0.4137,-1.2293,0.9739,1.2972,0.9326,0.8204,-2.0109,0.4563,1.5573,0.029,0.6243,-1.0785,0.966,-0.2441
-0.4205,-0.2623,-1.5597,0.7368,1.1832,0.9471,0.7856,-1.8302,1.1525,1.5463,-0.4908,0.6345,-1.1397,1.167,-0.4317
-0.4834,-0.1915,-1.3181,0.7326,1.1479,0.9602,1.0011,-1.5275,1.2845,1.4054,-0.6605,0.6537,-1.2502,1.1436,-0.6497
-0.3693,0.3963,-1.0107,0.8912,1.3191,0.8208,0.6118,-0.8102,1.7896,0.9415,-0.2539,0.3054,-1.5157,0.9364,-0.8051
-0.683,-0.0625,-1.055,0.767,1.3051,0.9238,0.7876,-0.701,1.3301,0.7912,-0.1759,0.3657,-1.4007,0.3342,-0.9485
-0.1098,0.2224,-0.5496,0.7149,1.2701,0.7534,1.4398,-0.553,1.2247,0.5367,-0.4826,0.7397,-1.3157,0.1032,-1.1196
-0.5609,0.0277,-0.0986,1.34,1.7195,0.5866,1.3243,0.464,1.4061,0.9009,0.1501,0.4808,-1.5595,-0.0452,-0.6709
-0.4236,0.3827,0.5803,1.1959,1.8642,0.5052,1.2667,0.2557,0.6688,1.1172,0.1125,0.6679,-1.5711,-0.6825,-0.4427
-0.7309,0.2878,0.5436,0.8248,2.3683,0.6969,1.0157,0.7094,0.4859,1.5861,0.6667,1.1698,-1.5821,-1.0006,-0.0475
-0.7506,0.6064,1.001,0.8478,1.798,0.9741,1.3362,0.4586,-0.1939,1.8616,0.9579,1.134,-1.8122,-1.4042,0.2539
-0.7958,0.9232,0.6851,0.7763,2.0038,0.7846,1.3165,1.0821,0.0714,1.4291,0.8881,1.2932,-2.0482,-1.5309,0.433
-1.1135,0.5092,0.6604,0.7772,1.9,0.9769,1.1548,1.1831,-0.1941,1.1524,0.8508,1.2721,-1.8931,-1.4419,0.2253
-0.9404,-0.112,0.984,0.7567,2.2319,0.937,1.3384,1.4044,-0.2315,1.0325,0.7672,1.4882,-1.6284,-1.2833,0.1421
-0.7055,0.3541,1.316,-0.0499,2.1996,0.9436,1.4766,1.3423,-0.2533,1.5093,0.6316,1.8691,-1.8254,-1.621,0.1646
-0.5727,0.4824,1.5518,0.6075,2.4765,0.9858,0.9894,1.6076,-0.2206,1.702,0.9553,2.3401,-1.6547,-1.5377,0.423
-0.5767,1.4052,1.5856,-0.0432,2.4268,0.7132,1.3209,2.1283,-0.4281,1.9188,0.9837,1.9724,-1.7581,-1.471,0.4961
-0.4945,1.136,1.733,0.23,2.6728,0.6799,0.8809,1.9319,-0.8857,1.5667,1.3075,2.1083,-1.6732,-1.4702,0.6724
-0.7793,0.9441,1.7184,0.6945,3.0101,0.8699,1.0343,1.3624,-0.9499,1.7902,1.5639,2.4474,-1.8909,-1.5166,0.8408
-0.7333,0.8816,1.499,0.6334,3.1663,0.8214,1.0981,1.1185,-0.9857,3.016,1.2236,2.2668,-2.2512,-1.692,1.2391
-0.694,0.996,1.5791,0.9866,2.7599,0.9998,1.6666,1.3138,-0.9621,2.9873,1.753,2.2099,-2.4011,-1.5104,1.7843
-0.9461,1.1848,1.9412,0.6295,2.524,0.9639,1.5676,1.0746,-1.3402,2.8229,1.3627,2.0149,-2.0145,-1.3895,2.1546
-1.1034,1.1234,1.0147,0.7914,2.4557,0.9416,1.5486,1.0326,-1.5852,2.5714,1.5345,1.6821,-1.8043,-1.0641,2.0574
-1.1992,0.7963,0.8388,1.0429,2.3463,1.1027,1.5687,0.9191,-0.8655,2.1823,1.4024,1.7944,-1.6817,-0.7064,1.8077
-0.571,0.788,0.9216,0.6801,1.8779,1.0256,1.2319,0.4909,-0.9296,2.0326,1.3231,1.5009,-1.6814,-0.4141,1.5176
-0.6428,0.9106,1.0048,0.6707,2.1294,0.7512,1.4277,0.2808,-0.5616,2.2046,1.479,1.2235,-1.5414,-0.0511,1.3626
-1.0382,0.9009,0.7626,1.1335,2.4489,1.004,1.5365,-0.9584,-1.5455,2.906,1.8682,1.1606,-1.05,0.1199,1.6483
-1.5387,1.07,-0.8397,1.0682,2.348,1.1384,1.4408,-1.5311,-1.4006,3.3387,1.2912,1.6242,-1.1138,0.7108,1.9974
-0.5564,0.8071,-1.4686,1.381,1.8434,0.8624,1.8694,-1.3801,-0.3518,2.6991,1.1422,2.6334,-0.8692,1.0659,1.8835
-0.7336,0.9352,-1.3404,0.6889,1.6128,1.107,1.7354,-1.7911,-0.2326,2.9176,0.2446,2.2034,-0.6107,1.1361,1.3685
-0.9086,0.397,-1.6876,0.8236,1.5746,0.954,1.461,-1.1336,0.2751,2.4359,-0.042,1.9912,-0.5579,1.428,1.1053
-0.961,-0.1895,-1.8433,1.1218,1.4023,0.9263,1.2976,-1.5659,0.5826,2.0115,0.0327,1.2209,-0.6896,1.1714,0.4708
-1.0723,-0.0109,-1.5639,1.5512,1.5296,1.1157,1.062,-1.5443,0.5812,2.238,0.0808,0.7782,-0.9346,1.2928,0.6005
-1.0283,-0.3417,-1.569,1.5178,1.5037,1.65,0.9272,-1.5589,1.04,1.8657,0.0352,0.7689,-0.8068,1.0,0.156
-1.3515,-0.5662,-1.649,1.5665,1.7335,1.5507,0.7822,-1.8215,0.4159,1.7671,0.1593,0.403,-1.2695,0.5926,-0.2
-0.6259,-0.6,-1.1195,1.5144,1.8365,1.5663,1.3492,-1.2809,1.1879,1.8647,0.3058,0.6128,-1.1354,0.7933,-0.2942
-0.714,-0.2677,-0.8523,1.4562,1.6383,1.4263,1.1205,-1.3704,0.5531,2.2956,0.3386,0.7772,-0.8219,0.8124,0.0853
-0.7811,-0.3117,-0.6542,1.4157,1.4903,1.4755,1.5432,-1.7168,0.2157,2.3592,0.7838,0.4721,-0.7045,0.8599,0.4827
-0.7599,-0.0252,-0.8738,1.5467,1.5325,1.7613,1.2314,-2.0627,-0.2909,2.4968,0.9267,1.1766,-0.6495,0.7954,0.7683
-0.5912,0.0662,-1.2319,2.1373,1.8007,1.5791,1.0132,-2.1713,-0.2954,2.4602,1.0246,0.8958,-1.118,1.3697,0.7101
-0.5054,0.4303,-1.7572,1.7189,1.5922,1.1674,1.1869,-2.2026,0.2271,2.6238,0.5761,1.3354,-1.276,1.4731,0.6874
-0.4084,0.3707,-1.6054,1.4478,1.6202,1.005,1.3918,-1.764,1.0194,2.2325,0.0789,1.2529,-1.0226,1.6582,0.212
-0.4785,0.0724,-1.3362,1.4676,1.3004,0.9929,1.2897,-1.9124,0.8953,1.843,0.2259,1.0082,-1.0969,1.1142,0.1273
-0.5395,0.2563,-0.9335,1.059,1.3945,1.0668,1.0869,-1.5925,0.7548,1.9236,0.4722,1.0877,-1.0556,1.1547,-0.0508
-0.5753,0.0589,-0.8163,1.1642,1.4288,0.9938,0.9385,-1.4138,0.405,1.5526,0.1043,1.6807,-1.233,1.1493,-0.3983
-0.7368,0.5241,-0.6653,1.1343,1.6602,1.2897,0.8851,-1.4864,0.305,1.6125,-0.2212,0.9603,-1.4238,1.3278,-0.797
-1.0572,-0.0715,-1.3895,1.289,2.0303,1.5257,0.8288,-1.4107,0.2714,1.3993,-0.251,0.3038,-1.6998,1.2943,-1.148
-0.5747,-0.2845,-1.094,1.5024,1.5398,1.3447,0.8288,-0.8582,1.3335,0.9673,-0.053,-0.8378,-2.145,0.7937,-1.3692
-0.4567,-0.1016,-0.4204,1.7485,2.2949,1.0303,0.7819,-0.7349,1.1146,1.4394,0.1619,-0.7067,-2.2221,0.1662,-1.283
-0.9577,-0.2501,-0.1787,1.535,2.2029,1.2859,1.1507,-0.1187,0.9402,1.7218,0.3135,-0.2214,-2.3147,-0.4248,-1.0734
-1.568,0.2539,-0.0152,1.2948,2.0321,1.5969,1.1343,0.1893,1.0385,1.6513,0.2669,-0.0284,-2.4489,-0.8107,-0.9992
-0.8879,-0.1252,0.5929,1.4141,2.2274,1.5652,1.0697,0.1866,0.5237,1.0154,0.7321,0.475,-2.6271,-1.2137,-0.9985
-1.3402,0.0732,0.483,1.4671,2.3375,1.7819,1.068,0.652,0.1792,1.6388,1.0129,1.4283,-3.0314,-1.4473,-0.5298
-0.5224,0.4075,1.4026,1.3948,2.3545,1.5332,1.2524,1.266,0.4758,1.5571,1.2601,1.4921,-2.8762,-1.5438,-0.274
-0.7678,0.8091,1.9847,1.3707,2.2994,1.3688,1.378,1.3935,-0.2402,1.6167,1.447,1.4565,-2.6741,-1.8778,0.0031
-0.6894,0.9598,2.2836,0.9576,2.4301,1.3619,1.3907,1.5675,-0.9966,1.3418,1.8215,1.7735,-2.7251,-1.9401,0.3139
-0.7916,0.9935,2.2097,1.5977,2.7591,1.1081,1.4844,1.5141,-1.2224,1.7635,1.9726,2.0612,-2.6317,-1.6946,0.5633
-0.809,1.3453,2.136,1.4755,3.0915,1.3496,1.8097,0.9722,-1.713,2.1046,2.4659,1.6986,-1.9373,-1.9829,0.9696
-1.2208,1.1764,1.2832,1.1312,3.4864,1.6206,1.8036,0.8114,-1.4703,2.5056,2.161,2.5548,-2.0625,-1.5622,1.4779
-1.1413,1.2623,1.466,1.1657,3.2393,2.0363,1.6848,0.3468,-1.2276,3.0236,2.0692,2.5012,-2.1432,-1.52,1.6872
-0.8364,0.9581,1.2219,0.805,2.7278,1.893,1.8758,0.092,-1.5244,3.2261,1.766,2.1903,-2.0877,-1.3454,1.7664
-0.7642,0.9742,0.7721,0.9666,2.5268,1.765,1.7381,0.4953,-0.582,2.9503,1.6089,2.1647,-1.7554,-0.3659,1.6776
-0.7642,1.1532,0.6334,0.6485,2.3117,1.7183,1.8166,-0.2073,-0.2248,2.6068,1.1147,2.0724,-1.8943,-0.3612,1.38
-0.4179,0.3546,0.4054,1.0237,2.2749,1.6631,1.8204,-0.3086,-0.1064,2.2874,1.3328,1.8314,-1.9058,-0.092,1.056
-0.1286,0.3261,1.6936,1.3357,2.2299,1.426,1.9232,-0.438,-0.3112,2.7309,1.7011,1.8667,-1.6782,-0.0074,1.0942
-0.6436,0.8429,1.1716,1.167,2.4981,1.5193,1.77,-0.6465,-0.7951,3.3166,1.5658,1.9606,-1.8997,0.2128,1.2866
-1.0336,1.2317,0.6542,1.0115,2.1689,1.8033,1.7304,-1.179,-1.1096,3.1248,1.4773,2.1025,-1.2639,0.3677,1.2644
-0.9587,0.9633,-0.2929,1.5381,2.2699,1.7407,1.5377,-1.3237,-0.7039,2.3411,1.1569,1.8299,-1.4233,0.8801,0.8598
-1.0177,0.8964,-1.0943,1.3222,2.2708,1.8397,1.5791,-2.0532,-0.4709,2.364,0.8214,1.4423,-1.1285,0.6903,0.5744
-0.8351,0.7289,-1.5001,1.0282,2.2282,1.7006,1.7955,-1.7627,0.3659,2.3127,0.8158,0.8171,-1.0844,0.9308,0.3104
-0.5761,0.0989,-0.9342,1.2181,1.7028,1.4384,1.4132,-2.1588,0.0356,2.2548,0.35,0.8937,-0.8153,1.0289,-0.1124
-0.5733,0.4904,-1.1593,0.987,1.8894,1.4046,2.296,-1.4695,0.6316,2.4046,0.2214,1.0389,-1.2,1.7061,-0.2205
-0.4862,0.5207,-0.3123,0.8785,1.7118,1.1226,1.9488,-1.2528,0.7547,1.7514,0.4368,0.5295,-1.0194,1.3418,-0.2274
-0.6085,0.4643,-0.416,1.2009,1.6822,0.976,1.2481,-1.3015,0.1868,1.753,0.9682,0.6357,-1.0177,1.1338,-0.2406
-0.6773,0.4825,-0.561,1.3562,2.0902,1.0302,1.1189,-0.9486,0.5138,2.0844,0.9836,0.2038,-1.4307,0.8486,-0.2094
-0.767,0.6269,-0.5716,1.2073,1.931,1.0335,1.2193,-0.8407,0.5112,2.0805,0.9329,0.1572,-1.3853,0.4942,-0.1583
-0.8053,0.3432,-0.2568,1.1585,2.0852,0.7771,1.1502,0.1839,1.4241,1.7278,0.8148,0.684,-1.5822,0.246,-0.32
-0.4089,0.28,0.2101,1.3102,1.929,0.7467,1.0142,0.2679,0.9091,1.5791,0.6319,1.1054,-1.7227,-0.485,-0.8337
-0.9453,0.4811,0.3139,1.2838,2.7037,0.8822,0.9379,0.6396,1.0662,1.9632,1.1154,0.8876,-1.8644,-0.4356,-0.7347
-0.5762,0.6443,0.8825,1.3884,2.8387,0.7573,1.1333,0.9125,0.6657,2.2552,1.3709,0.8754,-2.1882,-1.0216,-0.3657
-0.983,0.8348,1.2285,1.379,2.9235,0.9973,1.1762,1.0208,-0.2004,2.5477,1.5576,1.4878,-2.4218,-1.2702,-0.04
-1.5539,0.9172,0.8106,0.2014,3.0638,1.3752,0.9812,0.7964,-0.8303,2.9677,1.108,1.6221,-2.1922,-1.6071,0.3285
-1.1492,0.9183,0.6466,1.4203,2.7382,1.4117,1.38,1.7491,-0.1215,2.3066,1.1706,1.7902,-2.3787,-1.1328,0.1972
-1.0435,0.5789,0.7701,1.5872,2.695,1.3018,1.5062,1.44,-0.2496,2.1661,2.088,1.6748,-2.2496,-2.0127,0.6429
-1.0763,1.0478,1.4965,1.7351,2.5439,1.4402,1.599,1.416,-0.7887,2.1657,2.2474,2.1287,-2.2334,-1.9599,0.8859
-1.2316,1.4941,1.6494,1.385,2.6532,1.609,2.0814,1.1953,-1.1626,2.1816,2.3685,1.9938,-2.07,-1.8356,1.0766
-1.1343,1.0581,1.0694,1.8392,2.5746,1.6557,2.0807,0.9583,-1.28,2.1557,2.6392,2.164,-1.8318,-1.6458,1.4856
-0.8403,1.3698,1.4361,1.2357,2.8331,1.5237,1.8343,0.4598,-0.8941,2.583,2.3037,2.1577,-1.9875,-1.4811,1.7773
-0.9849,1.1181,1.363,2.2101,2.9229,1.3589,1.5942,0.5562,-1.1396,3.247,2.4458,2.8274,-1.8057,-0.8124,2.1346
-1.2387,1.2731,1.0088,1.5441,2.7682,1.3251,1.6003,0.3152,-1.3522,3.2832,2.2018,2.5848,-1.4766,-0.5572,2.4405
-1.3917,1.5492,0.8814,0.7993,2.7014,1.5168,1.8222,-0.3286,-1.5406,3.1893,1.8827,2.252,-1.3033,-0.2926,2.2788
-1.0728,1.0254,0.0811,1.0987,2.9223,1.653,1.5975,-1.0015,-1.2001,3.0077,1.438,2.2931,-1.1768,0.2421,2.1372
-1.1325,1.2936,-0.3603,1.6858,2.4903,1.4513,1.8983,-1.0632,-0.6556,3.4223,1.0281,1.7939,-1.1482,0.6134,1.9329
-1.1517,0.6981,-0.6251,1.8308,1.9602,1.1246,1.7769,-0.8661,-0.3568,2.6612,1.0569,0.4899,-0.8303,0.684,1.7019
-0.9459,0.0413,-0.3772,1.7279,1.7404,0.9095,1.8117,-1.0128,0.1771,2.2142,0.8995,0.742,-0.9212,0.4552,1.2181
-1.0643,-0.136,-0.3396,1.4897,1.8709,0.9309,1.2537,-0.7599,0.4002,2.3927,1.1169,1.19,-1.1091,0.6719,0.8424
-0.8824,0.2797,-0.1149,1.3416,2.1309,1.2639,1.0001,-0.717,0.2316,2.3941,0.8152,1.3177,-1.2588,0.6413,0.5729
-0.8446,0.6523,0.0818,1.3869,1.9051,1.1939,0.8978,-0.726,-0.5133,2.3184,1.3651,1.083,-1.1321,0.5027,0.3623
-0.752,0.3485,0.1855,1.3992,2.0582,1.3907,0.926,-1.1788,-0.605,2.1951,1.0789,1.1514,-0.9409,0.5215,-0.1691
-0.817,-0.0046,-0.0379,1.2627,2.2497,1.1073,1.0519,-1.0995,-0.3167,2.3905,0.7275,1.1078,-1.277,0.7513,-0.3908
-0.9065,-0.0874,-0.0699,1.4394,2.0982,1.1179,1.9149,-0.8094,-0.0928,2.7558,0.9728,1.167,-1.2826,1.0115,-0.1987
-0.6915,0.0297,0.0543,1.0595,1.9275,0.9501,1.7522,-0.9682,-0.2945,2.6394,0.9976,1.1212,-1.0446,0.6061,-0.0679
-0.631,0.2374,-0.1975,1.3892,1.9176,0.8121,1.496,-0.3742,0.1304,2.6049,1.0806,1.5355,-1.1788,0.9002,0.151
-0.4652,0.1498,0.1304,1.8716,1.8277,0.82,1.1299,-0.5276,-0.076,2.3704,1.3354,0.8263,-1.1041,0.567,0.1586
-0.631,0.6277,0.049,1.5258,2.0803,0.7551,1.0269,-0.4081,-0.4196,2.6469,0.997,0.3301,-1.4944,0.4412,0.1882
-0.1953,0.1346,0.6903,1.2582,2.0711,0.67,1.1206,0.2976,-0.0232,2.5601,1.2507,0.689,-1.6238,0.1638,0.0404
-0.2836,0.1154,1.0974,1.3509,2.072,0.6179,0.8653,0.533,-0.1792,2.4857,1.688,0.6232,-1.7502,-0.0881,0.2425
-0.6893,0.4813,1.0933,1.5897,2.1877,0.6693,0.9454,1.1839,-0.3378,2.5566,1.7732,1.0048,-1.7659,-0.1982,0.3647
-0.6538,0.4509,1.2167,1.4053,2.2355,0.804,1.3941,0.9256,-0.8726,2.2072,1.9562,1.3385,-2.0586,-0.6484,0.4225
-0.5189,0.7047,1.3972,2.4082,2.4575,0.6862,1.2936,1.0667,-1.176,2.2963,2.6473,1.6085,-1.78,-0.4056,0.9171
-0.6496,0.577,1.454,1.6941,2.6582,0.7157,1.5771,0.6375,-1.5099,2.8993,2.7638,1.7385,-1.8302,-0.7316,1.5254
-0.9058,0.8738,0.9689,1.3713,2.7049,0.8846,1.6832,0.5254,-1.6458,3.4309,2.4686,1.9867,-1.6155,-0.3786,1.7493
-0.7782,0.9908,0.7767,1.5074,2.4085,0.7809,1.7609,0.4166,-1.7208,3.4841,2.2432,2.0985,-1.1807,-0.2612,1.928
-0.8554,0.9856,0.2888,1.5116,2.0007,0.6059,1.9411,0.6455,-1.2134,3.4766,1.9008,2.2117,-1.0822,0.0282,1.778
-0.8632,0.5839,0.8169,1.5688,2.1792,0.2867,1.9237,0.8067,-0.7672,2.9432,2.1296,2.1869,-1.0721,0.0938,1.7121
-1.1135,0.7812,0.6809,1.5964,2.1123,0.5511,2.0981,0.4583,-1.4144,3.0836,2.0765,2.1257,-1.1514,0.1346,1.6619
-1.3789,1.0176,0.6157,1.5562,2.1187,0.929,2.1788,0.0977,-1.4648,2.9997,2.0982,2.0299,-0.6405,0.1244,1.6022
-1.1858,0.7466,0.2182,1.5451,1.97,1.1062,2.1417,-0.5889,-1.2565,2.5167,1.6425,2.1879,-0.2938,0.2385,1.5213
-0.9669,0.403,-0.4373,1.8086,1.8292,1.1541,1.8222,-0.9512,-1.1492,2.8365,1.7868,1.9105,-0.4787,0.5181,1.6984
-1.0308,0.3874,-0.7402,1.8411,1.422,1.0251,1.8213,-1.0948,-0.4052,2.9402,1.4831,1.8823,-0.7156,1.003,1.2308
-1.0774,0.2179,-0.9852,1.7206,1.6205,0.7289,2.2662,-0.9893,-0.1983,2.5907,1.1377,1.7489,-0.5701,1.0967,0.9411
-1.0611,0.2138,-1.084,1.9215,1.637,0.9942,2.1471,-1.2538,0.0816,2.2442,1.1607,1.9883,-0.7049,0.9166,0.9525
-1.1242,0.0264,-1.3837,1.9367,1.604,0.9444,2.4934,-0.9394,0.2285,2.3871,1.0686,1.496,-0.6772,0.907,0.853
-0.6371,0.0725,-2.1289,1.9953,1.4612,0.9493,2.4549,-0.9918,0.309,2.4515,0.7371,1.1252,-0.1767,0.8282,0.8951
-1.1898,-0.3301,-1.7181,2.3952,1.4604,0.8637,2.2267,-0.5446,1.8225,2.0887,0.9393,0.8528,0.2743,0.6509,0.8313
-0.8977,-0.1715,-0.6986,2.2063,1.525,0.8602,1.7212,-0.7445,0.9667,2.0155,1.0302,0.9652,-0.0318,0.069,0.8569
-0.7342,0.3411,-1.0085,2.1333,1.978,0.6881,1.7242,-0.5893,0.9751,2.3334,1.0813,1.55,-0.5281,0.2301,0.7435
-1.12,0.2831,-0.6752,1.711,2.0728,1.0614,1.6485,-0.7255,0.1763,2.4192,1.0616,1.3148,-0.6478,0.3168,0.8248
-1.3082,1.2447,-0.5645,1.2958,1.9758,1.0833,1.4653,-0.3254,0.2378,2.5355,0.9114,1.1499,-0.7423,0.1505,0.6958
-1.2928,0.7055,-0.6053,1.4018,1.775,0.9192,1.8111,0.1763,0.5127,1.5648,0.3094,0.8628,-1.3695,-0.0934,-0.0196
-1.0558,0.0995,-0.2328,1.8087,1.5291,0.5645,1.5937,0.7666,0.9828,0.8495,0.5892,1.2616,-1.245,-0.2391,-0.4896
-1.1328,-0.0413,1.2319,1.8798,1.8142,0.6049,1.9523,0.7377,0.5245,0.8814,1.0497,1.3236,-1.3307,-0.5559,-0.4905
-1.1184,0.4034,1.2288,1.7894,2.1061,0.7336,1.8237,0.7759,-0.3609,1.4873,1.3022,1.601,-0.9377,-0.6895,-0.2607
-0.4856,0.3273,1.3295,1.8493,1.7813,0.3594,1.8902,0.7947,-0.7708,1.5542,1.6186,1.7055,-1.0526,-0.8916,0.1707
-1.0778,0.5979,1.4683,1.6647,2.0487,0.3184,1.8071,0.8322,-0.4948,1.7998,1.8543,1.7269,-0.9642,-0.5198,0.3539
-1.2736,0.5629,1.0939,1.5428,2.2893,0.7916,1.8389,0.2583,-0.8158,1.6855,1.8436,2.1422,-0.7535,-0.7536,0.5704
-1.2086,0.3534,0.549,1.5495,2.3169,0.7914,1.9452,0.0415,-1.55,2.1075,1.8342,2.4748,-0.8106,-0.8531,0.9028
-1.2656,0.4273,0.2653,1.2978,2.1692,1.0711,1.6248,0.0079,-0.9918,2.2585,1.306,2.1154,-0.7859,-0.193,1.1802
-1.1754,0.3176,0.2034,1.5676,2.2221,1.2003,1.683,-0.1972,-0.5021,2.3733,1.1285,1.9015,-0.9588,0.0181,1.2578
-1.2472,-0.1343,0.0492,1.7988,2.1606,1.15,1.7542,-0.1983,-0.2579,2.3409,1.1596,1.7275,-0.9894,0.1252,1.0507
-1.0267,0.1604,0.2879,1.4903,2.0984,1.2543,1.4789,-0.8319,-0.2163,2.3755,0.9687,1.7632,-0.7196,0.1734,0.878
-1.1125,-0.0078,-0.1524,1.543,2.1716,0.9586,1.7379,-0.9179,-0.2058,2.4716,0.4531,2.0095,-0.9314,0.3647,0.6516
-1.2326,-0.0983,-0.4002,1.948,1.7884,0.8259,1.6559,-1.1468,-0.4583,2.1999,0.7974,1.3047,-0.6991,0.3563,0.6884
-1.3226,0.1724,-1.131,1.5779,1.792,0.9787,1.7128,-1.3782,-0.4116,2.2751,0.3718,0.9622,-0.6895,0.9733,0.4672
-1.1472,0.0672,-1.2069,1.6163,1.5665,0.8859,1.4788,-1.1259,0.3501,1.6367,0.5052,0.5151,-0.6469,1.0325,0.1716
-1.4581,0.0635,-1.0565,2.2362,1.6779,0.9304,1.7984,-0.9692,0.7355,1.3876,0.7321,0.7493,-0.8749,0.8815,0.0298
-1.2452,-0.1894,-0.4387,1.9401,1.8746,0.5787,1.4681,-1.2712,0.7607,1.4472,1.1277,0.7331,-0.5927,0.5331,0.0029
-0.9331,-0.079,-0.4437,2.3707,1.9896,0.5445,1.3471,-0.9116,0.4207,1.6391,1.3981,0.717,-0.2307,0.4538,0.0081
-0.5484,0.2621,-0.1125,2.2842,1.8776,0.2504,1.765,-0.2729,0.3424,1.881,1.1575,1.3743,-0.7173,0.5665,0.2526
-0.931,0.6292,-0.0553,2.3149,1.863,0.3136,1.9941,-0.3702,-0.0758,2.3393,1.3029,0.9115,-0.8399,0.5065,0.6697
-1.1052,-0.2162,-0.0386,1.9203,1.7535,0.3328,1.8029,0.1398,0.4094,1.6791,1.5792,1.2928,-0.9788,0.3453,0.7844
-1.3893,0.2363,-0.0254,1.6062,2.0238,0.4701,1.7659,-0.1866,0.1977,1.8001,1.2196,1.7138,-0.8174,-0.1925,0.8715
-1.1772,0.0438,0.1691,1.9444,2.2227,0.4975,1.7454,0.4077,0.1254,1.7642,1.2378,1.8781,-1.4367,-0.4051,0.7342
-1.0641,0.2829,0.4892,1.433,2.2987,0.566,1.4312,0.4469,-0.0427,2.0381,1.0802,2.0781,-1.2458,-0.6252,0.7589
-1.4802,0.4359,0.8935,1.2525,2.2292,0.913,1.5976,0.5077,-0.4682,2.1695,0.7808,1.6335,-1.0552,-0.4614,0.7355
-1.4827,0.2407,0.4861,2.6756,1.7699,0.9857,1.9844,0.9372,-0.7207,1.4737,1.4369,1.4016,-1.4062,-0.4556,0.7289
-1.2364,0.338,0.6204,2.4623,1.8133,0.9167,1.7395,0.6309,-0.9676,1.2898,1.5918,1.5611,-1.2601,-0.7398,0.7506
-0.9822,0.248,0.9025,2.1664,2.0691,0.5035,1.8797,0.7804,-0.4491,1.4357,1.4863,2.1732,-1.4551,-0.7115,0.698
-1.0647,0.6488,1.1679,1.8147,2.0715,0.59,2.2225,0.9847,-0.2133,1.631,1.4415,2.2897,-1.4217,-1.0633,1.1229
-0.9248,0.1854,1.6193,1.2843,2.2611,0.3357,2.6619,1.2876,-0.5238,1.6918,1.645,2.0461,-1.6268,-0.9752,1.2194
-1.0966,0.3579,2.1173,1.5648,2.1794,0.5425,2.7774,1.2044,-0.5171,1.8477,2.1163,1.7857,-1.2132,-0.8698,1.6632
-0.8816,0.4304,1.7897,1.5856,2.3987,0.6562,2.3361,0.6167,-1.1496,2.2205,2.0946,2.2592,-1.0871,-0.7592,2.0787
-0.9783,0.883,1.4806,1.4729,2.0909,0.5786,2.1266,0.2803,-1.2099,2.458,2.0889,1.7764,-1.0704,-0.4213,2.2674
-0.4282,0.1442,1.0769,1.5205,2.0452,0.298,2.1818,0.3141,-0.4668,1.7574,1.872,2.2138,-0.9428,0.108,2.0825
-0.8783,0.7435,1.1767,1.8345,2.1658,0.3207,2.2333,-0.0629,-0.4059,2.1362,1.7548,2.6049,-0.6591,0.3341,2.1999
-1.2351,0.2265,-0.3153,2.0458,2.6285,0.7061,2.1042,-0.1911,-1.0444,2.3841,1.6657,2.6077,-0.7284,0.4198,1.9991
-1.7178,0.4326,-0.5965,1.5815,2.3342,0.7863,2.1153,-0.3617,-0.4457,2.4146,1.0128,2.6532,-0.548,0.6377,1.7847
-1.3847,-0.0773,-0.9842,1.9503,1.9417,0.7937,2.2001,-1.0714,-0.3876,1.8248,0.7832,1.5843,-0.4506,0.6551,1.4916
-0.7866,-0.1129,-0.5489,1.9159,1.9669,0.6754,2.5158,-0.7544,0.4194,1.704,0.7437,1.1124,-0.3454,0.9099,1.1047
-1.0397,-0.532,-0.4641,1.8042,2.2755,0.7963,2.274,-0.5778,0.6267,2.0946,0.6963,1.0551,0.0114,0.9737,1.0877
-0.9065,-0.1919,-0.3694,2.093,2.1703,0.4863,2.8543,-0.7119,0.5165,2.4534,0.8629,1.1123,0.0978,0.8374,1.4764
-1.1498,-0.0746,-1.0914,1.7201,2.0171,0.378,2.7557,-0.8603,-0.1102,2.6958,0.8848,1.0771,0.3444,1.2832,1.6927
-0.7333,0.0268,-1.0974,1.722,1.8539,0.1655,2.6185,-0.7704,0.4009,2.2736,0.5048,1.2452,0.2042,1.5056,1.7419
-0.9345,-0.4505,-1.2748,2.1553,1.7443,0.1688,2.1503,-0.6105,0.7409,2.2466,0.2361,1.0908,0.33,1.4532,1.4894
-1.8075,0.1067,-1.0641,1.9036,1.5538,0.6301,2.112,-0.6362,0.6984,2.1497,-0.075,1.0196,0.1159,1.2621,1.1186
-1.1347,-0.4981,-0.8234,1.9743,1.6961,1.1177,1.7371,-0.7659,0.7855,1.2278,0.2909,0.6365,0.2703,0.9552,0.6744
-1.1876,-0.4861,-0.8512,1.8095,1.5113,0.834,1.8651,-0.6796,0.4288,1.6277,-0.0345,0.3796,-0.0994,0.8159,0.4236
-0.7623,-0.2911,-0.8698,1.9745,1.6595,0.4133,1.9379,-0.1409,1.2203,1.4224,0.5449,0.2441,-0.3883,0.8447,0.3539
-1.1614,-0.3728,-0.2186,2.1572,1.5706,0.3277,2.571,-0.0931,0.7586,1.1904,0.5394,1.3513,-0.2895,0.4129,0.3569
-0.8398,-0.5133,0.2061,2.2415,1.7935,0.2566,1.9015,0.2279,0.3921,1.5411,1.0231,1.1483,-0.3674,0.4311,0.7284
-0.8738,-0.1744,0.7705,2.2715,2.3355,-0.105,1.1938,-0.4046,-0.0368,2.1067,1.6105,1.0995,-0.4385,0.3395,1.2777
-0.7576,-0.1006,0.546,1.3406,2.0039,-0.005,1.4829,-0.3175,-0.2784,2.4007,1.1801,1.7359,-0.8187,0.4618,1.3313
-0.7796,0.1083,0.3282,0.8092,2.0323,-0.0576,1.7004,0.156,-0.0261,2.3624,1.0015,1.9518,-0.7725,0.8678,1.3624
-1.1716,-0.1214,0.0022,1.4946,2.0829,0.2636,1.5906,-0.1388,-0.1443,2.196,1.1105,1.6146,-0.3215,1.1013,1.3543
-1.4532,-0.0777,-0.423,1.586,2.3225,0.3059,1.3479,-0.5854,-0.1541,1.9618,0.7457,1.7409,-0.3798,0.9778,1.1523
-1.6541,-0.4569,-0.9934,1.3155,2.1552,0.6785,1.4423,0.2189,0.4027,1.8008,0.1606,1.7544,-0.7124,0.9982,0.6751
-1.4187,-1.0312,-0.2686,1.4904,2.0472,0.636,1.329,0.1759,0.2025,1.4593,0.2923,1.1807,-0.7978,0.6757,0.2553
-0.8435,-0.8582,0.0675,1.7696,2.3483,0.4872,1.3505,0.3406,0.279,1.5988,0.4209,1.094,-0.8804,0.5488,0.0672
-0.9241,-0.3675,0.798,1.8556,2.4844,-0.1499,1.3534,0.7203,0.2738,1.8868,1.0815,1.3059,-1.2029,0.4376,0.4208
-1.1002,-0.0431,0.4436,1.8166,2.252,-0.0748,1.5494,1.3355,0.5347,1.8443,1.0091,1.2446,-1.3158,0.2191,0.1973
-1.2047,-0.343,0.1923,2.1058,2.2989,0.1557,1.8225,1.2532,0.0372,1.6866,1.1953,1.079,-1.2661,-0.2227,0.4435
-1.7086,-0.2618,0.8682,2.2667,2.5001,0.6682,1.8696,1.0253,-0.0607,1.6926,1.3504,1.3414,-1.042,-0.3624,0.7199
-1.5408,-0.0534,1.1299,2.1731,2.3788,0.8319,1.9436,0.6933,-0.7223,2.0098,1.4774,1.3755,-0.9881,-0.3434,0.8896
-1.4731,0.053,0.4658,2.0083,2.6736,0.7301,1.9427,0.7946,-0.7854,2.1206,1.1417,1.7893,-1.365,-0.1608,0.8786
-1.1111,-0.2139,0.6158,1.922,2.3951,0.532,1.9084,1.2124,-0.6121,2.1765,0.4151,1.8975,-1.3292,-0.2666,0.758
-0.8691,-0.271,1.233,1.6624,2.6209,0.4364,1.7753,1.6406,-0.107,1.9709,1.0536,1.5176,-1.7108,-0.3989,0.7889
-1.0962,-0.0556,1.1687,1.9008,2.6959,0.2209,1.9099,1.5433,-0.6303,2.2455,1.3778,2.3247,-1.5358,-0.4917,1.0089
-1.8018,0.0551,0.8969,2.0395,2.505,1.0369,1.4308,1.235,-1.011,2.1107,1.3381,2.5273,-1.656,-0.46,1.2409
-1.4037,-0.2726,0.7238,2.5568,2.5414,0.7965,1.3995,1.1443,-0.8476,1.3492,1.7003,2.1689,-1.4693,-0.3255,1.0271
-1.1957,-0.1262,1.3279,2.0398,2.6408,0.8297,1.2294,0.9986,-0.7901,1.7249,1.4744,2.4752,-1.5022,-0.1445,0.9881
-1.2889,0.141,0.9754,1.5315,2.6201,0.7464,1.4583,0.5065,-1.0027,2.1011,1.08,2.4312,-1.1885,-0.0363,0.8896
-1.1656,0.204,0.5935,1.6433,2.5788,0.6074,1.6276,0.5989,-1.1608,1.8688,0.9052,2.3783,-1.2795,0.2544,0.976
-0.5119,-0.01,0.4093,1.6337,1.8688,0.0825,1.6793,0.5017,-0.5931,1.6508,0.8045,2.2022,-0.8665,0.4424,0.7975
-0.9715,0.0904,0.5318,2.3819,2.0629,0.0307,1.981,0.2722,-0.0291,1.4563,0.9625,1.9818,-0.6838,0.6545,0.7192
-1.1947,0.1669,0.0927,2.0078,2.1395,-0.0415,2.2568,0.638,-0.3806,1.4763,0.8799,1.9098,-0.8854,0.5274,0.8637
-1.1962,-0.1732,0.6579,1.7236,2.083,-0.2619,2.2649,0.8402,-0.5959,1.5534,0.813,2.135,-0.8354,0.3727,0.8089
-0.9739,-0.1993,1.0564,1.7993,2.0163,-0.1533,1.97,0.4761,-0.4215,1.9021,0.9804,2.0389,-0.7551,0.3816,1.083
-1.2108,0.2046,0.6824,1.8898,2.2473,-0.2589,2.1634,0.5571,-0.3262,1.8905,1.0666,1.8022,-0.9701,0.3642,1.2196
-1.7215,-0.1515,0.2257,2.1627,2.3161,0.1337,2.1098,0.5428,-0.4214,1.7976,0.8915,1.8315,-0.8358,0.3229,1.2047
-1.7069,-0.5255,0.226,2.0587,2.4754,0.391,2.0914,0.3853,-0.3204,1.7622,0.9413,1.9704,-0.8066,0.4468,1.0353
-1.4073,-0.49,0.7922,1.9498,2.4567,0.6466,1.6419,-0.0579,-0.364,1.9573,0.6176,2.2247,-0.9305,0.4763,1.0514
-1.3697,-0.1359,0.1173,1.9892,2.4019,0.4332,1.7967,-0.1972,-0.9666,2.5239,0.6927,1.927,-1.2073,0.5525,1.021
-1.3256,-0.2008,-0.5184,1.6356,2.1271,0.3078,1.6361,0.0586,-0.6056,2.6372,0.4158,1.3479,-0.9008,1.0098,1.1858
-1.3403,-0.1845,-0.2173,1.7167,2.27,0.2718,1.9634,0.1189,0.1262,2.4176,0.1982,1.652,-0.7659,1.218,0.764
-1.4876,-0.5786,0.2256,2.0246,1.8315,0.4693,2.2016,-0.1243,-0.6101,2.3722,0.4323,1.675,-1.1764,1.0197,1.1658
-1.0096,-0.2538,-0.0247,1.702,1.9359,0.2469,2.2179,0.2988,-0.3842,2.446,0.4988,1.6128,-0.5653,1.4408,1.1658
-0.8084,-0.3801,0.1395,1.5462,1.9564,-0.1721,2.2328,0.2297,-0.0483,2.5643,0.4391,2.0111,-0.3573,1.4986,1.2395
-1.6264,-0.2261,-0.598,1.8219,2.0106,0.2086,1.8773,0.0138,0.0934,2.5851,-0.7054,1.7265,-0.3532,1.5391,0.6631
-1.6463,-0.5979,-0.4451,1.6042,1.4286,0.328,1.6905,0.6336,0.1381,1.6983,-0.2258,1.1145,-0.4082,1.5986,0.2013
-1.3196,-0.9617,-0.0276,1.8151,1.4253,0.3601,1.739,0.2004,-0.0058,1.2836,0.1124,0.8531,-0.4019,1.2966,-0.1796
-1.4933,-0.1924,-0.4693,1.5363,2.1987,0.3609,1.8731,0.3963,-0.0008,1.4773,0.0678,1.1138,-0.6236,1.4907,-0.2777
-1.2281,-0.47,-0.1952,1.3305,2.3144,0.1866,1.998,0.4265,0.1776,1.5857,0.1713,0.7952,-0.3221,1.333,-0.032
-0.9706,-0.4921,0.1503,1.5649,2.1471,0.5712,2.1733,0.3969,0.0273,1.8078,0.6036,1.2355,-0.4884,1.355,0.1583
-1.1849,-0.3618,0.3517,1.6563,2.0816,0.1033,2.2013,0.1879,-0.6571,2.3275,0.7485,1.362,-0.2568,1.2874,0.3714
-1.3528,0.0279,0.4321,1.5129,2.3084,0.0117,2.3196,-0.0359,-0.6146,2.3699,0.5049,1.9202,-0.022,1.455,0.4793
-0.6713,-0.4411,-0.3795,0.8069,2.5109,-0.3703,2.2228,0.1473,-0.5,2.3593,-0.0221,2.0802,-0.2489,1.3005,0.5199
-1.1683,-0.5464,-0.1661,1.5738,2.2445,-0.5,2.6787,0.6304,0.4324,2.5702,-0.0497,1.7358,-0.5303,1.2203,0.5922
-1.1436,-0.4987,0.5551,1.7383,1.8508,-0.5186,2.3517,1.2013,0.1661,2.0851,0.4492,0.9302,-0.7099,1.0523,0.566
-1.0617,-0.7156,0.8527,1.9748,3.1592,-0.0571,2.269,1.1911,-0.4233,2.3042,0.5006,1.6457,-0.7859,0.696,0.5445
-1.895,-0.6297,0.3429,2.0291,2.8157,0.3599,2.585,0.6749,-0.8964,3.0982,0.9104,1.5735,-0.696,0.607,0.9724
-1.8705,-0.8961,0.1294,2.4036,2.56,0.5386,2.6152,0.5134,-0.8889,2.9705,1.4948,2.1798,-0.5262,0.6596,1.4329
-1.6407,-0.4044,-0.3783,2.5501,2.4364,0.3077,2.3199,0.3402,-0.8464,2.8412,1.7514,1.0708,-0.2876,0.7238,1.7154
-1.3081,-0.439,-0.4356,2.4109,2.2809,0.3506,2.3679,0.4756,-0.3262,3.5684,1.7963,1.9382,-0.5486,1.0658,2.1515
-0.8516,-0.2978,-0.3807,2.2283,1.8859,0.0301,2.1729,0.0047,-0.4585,2.8104,1.7895,2.4097,0.0206,1.1371,2.2747
-1.4073,-0.4756,-0.5193,2.3469,1.6466,0.2288,1.918,-0.5083,-0.26,2.7518,1.3342,2.6639,-0.042,1.469,1.9047
-1.3636,-0.5393,-0.9648,1.6162,1.9974,0.2159,2.1044,-0.5568,-0.8501,2.6354,1.5073,1.9934,0.4223,1.849,1.772
-1.483,-0.2801,-1.5132,1.6194,1.713,0.1239,2.2062,-1.1573,-0.5322,2.709,0.3484,2.759,-0.101,2.0164,1.2326
-1.2629,-0.4041,-1.5955,1.7955,1.6497,0.0398,2.2941,-0.6256,0.1978,2.1571,-0.0743,2.5086,0.0833,2.479,0.5417
-1.3101,-0.7333,-1.8572,2.4328,1.4615,-0.5604,2.1318,-0.1598,0.3401,1.9809,-0.2058,1.9623,0.1232,2.1161,0.3868
-1.393,-1.023,-1.716,2.476,2.0418,-0.0175,1.6595,0.0645,0.652,1.9665,-0.1898,1.5481,0.2353,1.9449,0.068
-1.5475,-0.6645,-1.5584,1.9425,1.7965,0.1571,2.154,0.0896,0.5355,2.0779,-0.5328,1.7453,-0.3017,1.2415,-0.3134
-1.4217,-1.0904,-1.5991,2.3088,1.7414,0.2432,2.3995,0.9448,0.7425,1.622,-0.0768,2.0311,-0.4783,1.0595,-0.5968
-1.3445,-1.2444,-0.775,2.3091,1.6889,0.1019,2.4238,1.2761,0.6263,1.4355,-0.1756,1.8095,-0.5281,0.7928,-0.7992
-0.7627,-0.9712,0.1431,2.7458,1.6936,-0.2545,2.598,1.915,0.4316,1.5852,0.4191,1.5294,-0.9554,0.3846,-0.4741
-1.4692,-0.2161,1.2022,2.1574,1.8961,-0.1395,2.1561,2.2328,-0.1813,1.6486,0.7598,1.8306,-0.9737,0.008,-0.263
-1.1465,-0.1217,1.131,1.6213,1.8242,-0.1829,1.951,1.8524,-0.8495,1.3813,0.7271,1.7412,-1.162,-0.1282,-0.3367
-1.276,-0.5118,1.1638,2.4398,1.9354,-0.0035,1.9716,2.1781,-0.8095,1.3506,1.4695,2.6056,-1.1051,-0.1791,0.1664
-1.2521,-0.0055,1.4128,1.8252,2.4695,0.0341,2.1152,2.0018,-1.0066,1.9147,1.6141,3.5236,-1.0621,-0.3927,0.4714
-0.9899,-0.0212,0.5348,1.9705,2.1947,0.0389,2.1312,1.69,-1.7081,2.251,2.2254,3.5246,-1.3635,-0.4765,0.9407
-0.911,0.206,0.8105,2.0166,1.9623,-0.0243,2.469,1.4244,-1.2437,2.3455,1.5409,3.1838,-1.0937,0.2177,0.9488
-1.087,1.5163,0.6479,1.7851,2.155,0.005,2.9151,1.387,-1.411,2.4123,1.2826,2.9549,-1.0483,0.665,1.0612
-1.0905,0.2953,0.2797,2.0247,0.5566,-0.0576,2.9068,1.3387,-1.8224,0.8395,1.2158,3.8402,-0.7577,0.4562,0.4916
-0.937,-0.007,-0.3578,1.8524,1.3372,0.092,2.3101,1.0915,-1.1812,0.6349,0.6036,3.2985,-0.5733,1.0911,-0.086
-1.0731,-0.3375,-0.0967,2.4861,1.8248,0.3683,2.2397,0.3423,-0.9432,0.9777,0.8684,2.8127,-0.3665,1.0271,-0.317
-1.1537,-0.2779,-0.1312,2.6902,1.9251,0.4989,2.824,-0.2872,-0.8638,1.9064,1.0195,1.773,-0.325,1.1683,-0.0096
0.5159,-0.5126,0.0929,2.0627,1.8076,0.0718,2.6824,-0.0635,-0.5663,2.2948,0.919,1.9962,-0.3132,1.8708,0.3302
-0.6294,-0.2119,-0.5214,2.1181,1.9565,0.2572,2.521,-0.5585,-0.3542,3.2071,0.8038,2.0034,-0.0935,2.5101,0.7509
-0.7725,-0.6804,-1.0018,2.2823,1.3716,0.4629,2.4271,-0.634,-0.1381,2.7811,0.6157,2.064,-0.6093,2.7164,0.8519
-0.8231,-0.5237,-0.7623,2.0415,1.6903,0.6002,2.1767,-0.4332,0.6144,2.648,0.2533,1.7986,-0.326,2.8511,0.627
-1.2084,-0.8149,-1.918,2.1855,1.747,0.7401,2.0536,-0.6931,0.6431,2.0972,0.167,2.2377,-0.2553,2.4467,0.136
-1.0985,-1.1706,-2.2123,2.4944,1.4932,0.6574,1.9542,-0.5011,0.8627,2.1795,-0.2948,2.1033,-0.3959,2.1484,0.1477
-0.7061,-1.1792,-1.6684,2.8387,1.2007,0.5068,1.6693,-0.0331,1.3718,1.9947,-0.0945,1.7742,-0.608,2.0754,-0.1272
-0.8927,-1.0869,-1.461,2.7058,1.3233,0.5143,1.5825,0.2177,1.0872,1.8955,-0.1292,1.455,-0.7599,1.3242,-0.6266
-0.5909,-1.108,-0.6766,2.7588,1.5306,0.2443,2.6613,0.6916,1.2906,1.6025,0.0718,1.3489,-1.0892,1.1868,-0.9124
-0.8251,-1.1841,-0.1509,2.6206,1.9647,0.1565,2.3135,1.4572,0.8031,1.6989,0.3844,1.1485,-0.8503,0.8006,-0.6495
-0.6507,-0.8481,-0.009,2.8458,1.8919,0.2512,2.3829,1.6265,0.4283,1.8794,0.7347,2.2282,-1.3937,0.4582,-0.4279
-1.1679,0.0888,0.224,2.3652,2.0801,0.3741,2.4271,1.6612,-0.0334,1.9605,0.8884,1.742,-0.9519,0.0945,-0.2264
-1.0939,-0.0802,0.298,2.2993,2.4318,0.1442,2.1277,1.9236,-0.0332,1.5926,0.9459,1.8189,-1.1766,-0.1537,-0.1783
-0.8451,-0.7182,0.0453,2.6585,2.553,0.2264,2.1437,2.19,0.0405,2.0994,1.0733,1.7621,-0.848,-0.3174,0.0706
-1.1594,-0.3073,-0.4773,2.6386,2.8136,0.4505,1.9956,2.2155,0.0345,2.5634,0.8783,2.1283,-1.0858,-0.6002,0.3492
-1.1388,-0.6925,0.075,2.5407,2.5556,0.4308,2.3456,2.4464,0.1328,2.1902,0.7818,2.2403,-1.3166,-0.8929,0.2668
-0.2735,-0.8418,1.3548,2.553,2.4831,0.305,2.4139,3.017,0.0482,1.8921,1.0904,2.7058,-1.6646,-1.0987,0.3582
-0.5654,-0.0943,1.6527,2.7026,2.9014,0.1831,2.3076,2.8701,-0.7339,2.8311,1.4537,2.8345,-1.5571,-1.2441,0.919
-0.6479,0.0568,1.1047,2.3513,3.1731,0.1533,2.1389,2.9471,-0.8805,2.9987,1.3243,2.7823,-1.6942,-1.1212,1.0671
-1.6537,-0.9806,0.9091,2.5187,3.322,0.5082,2.317,2.9662,-0.7763,3.0591,1.1286,2.4651,-1.5694,-0.9048,1.2326
-1.3465,-1.08,0.283,2.6427,2.9472,0.802,2.5375,2.8627,-0.6592,2.9375,1.3003,2.6275,-1.4033,-0.9614,1.3068
-1.0014,-0.965,0.7782,2.5857,2.8766,0.7732,2.6897,2.6667,-0.5174,3.2626,1.2198,2.595,-1.3688,-0.818,1.4294
-1.5086,-0.372,0.9449,2.3605,2.9568,0.7381,2.1229,2.3599,-0.2373,3.1587,0.9643,3.0329,-1.1624,-0.6618,1.6995
-1.5621,-0.685,1.2117,2.7936,2.8075,1.2803,2.219,2.1883,-1.0459,2.9066,1.0759,2.5558,-1.4289,-0.5578,1.5211
-1.6834,0.1064,0.4517,2.5217,3.0179,1.4243,2.3341,1.9728,-1.0812,3.0771,1.164,2.6661,-1.5801,-0.1406,1.4134
-1.5852,-0.4514,0.2566,2.3668,2.7006,1.282,2.5193,2.0627,-0.5922,2.658,0.7571,2.5685,-1.3717,0.0683,1.058
-1.2693,-0.6036,0.3684,3.2278,2.596,1.085,2.2408,1.6642,-0.8917,2.3253,0.959,2.4103,-1.0514,-0.2944,0.9347
-0.8906,-0.4955,0.3569,2.8065,3.1935,0.8305,2.1837,1.583,-0.5774,2.8038,1.1784,2.394,-1.3433,-0.0718,0.8709
-1.0517,-0.3302,0.4249,2.7334,3.1402,0.4088,2.6995,1.6447,-1.1012,3.2105,0.8222,2.5998,-1.355,-0.0625,1.2159
-1.3398,-0.0497,0.6832,3.3161,3.0671,0.8992,2.8419,2.0278,-0.8527,3.119,1.369,3.1151,-1.0868,0.3195,1.6406
-0.9445,0.0072,0.6917,3.1856,3.0854,0.8057,2.959,1.2047,-1.8443,3.4495,1.6509,2.6547,-0.704,0.3581,1.8428
-0.9838,-0.2239,0.4436,3.1361,2.9657,0.6342,2.9442,1.2299,-1.4221,3.7963,1.7384,2.7921,-0.4678,0.7488,2.3681
-1.0903,-0.1788,0.0099,2.5977,2.8982,0.5542,2.6941,0.3704,-1.8488,3.8865,1.661,2.6704,-0.3997,1.1107,2.7651
-0.9966,-0.4758,-0.3841,2.8992,2.5719,0.5389,2.6796,-0.1059,-1.5729,4.0,1.8521,2.749,-0.3324,1.66,3.0299
-1.2949,-0.5665,-1.1069,2.8376,2.2971,0.3946,2.5866,-0.406,-1.324,4.1084,0.9869,3.3873,0.0263,2.2016,3.0034
-1.3123,-0.7117,-1.3929,2.7197,2.1165,0.3621,2.3442,-0.5227,-0.6653,4.3078,0.2343,3.0296,-0.1683,3.2323,2.8582
-1.3258,-1.0507,-2.3752,2.7716,1.7679,0.5472,2.109,-0.8392,-0.7502,3.6233,-0.4842,2.598,-0.1054,3.5408,2.1222
-1.3038,-1.3452,-2.4272,2.7057,2.0933,0.4103,1.9644,-0.2405,0.3766,3.2864,-0.4256,1.9172,-0.3311,3.7778,1.4996
-1.3448,-1.6554,-2.0631,4.0056,2.3142,0.6484,1.6216,-0.621,0.4362,2.9399,-0.1127,1.4566,-0.2249,2.9663,1.1308
-1.0808,-1.5521,-2.0236,3.5546,2.5319,0.4986,1.699,-0.5544,0.1609,3.2005,-0.0077,0.9929,-0.4237,2.1354,0.847
-0.9541,-1.3875,-1.8424,2.9633,2.1801,0.4226,1.8975,0.053,0.5805,3.3411,-0.705,1.2014,-0.3423,1.9589,0.6891
-0.5391,-1.5206,-1.4488,2.8533,2.1367,0.194,1.9951,0.6194,0.2226,2.9009,-0.5933,0.9026,-0.7151,2.235,0.6059
-1.1061,-1.0503,-1.4862,2.4068,1.8173,0.5999,1.8843,0.5837,0.1554,2.5477,-1.0049,0.9888,-0.5193,2.0888,0.1847
-1.156,-1.3038,-1.7267,1.4238,1.9881,0.2821,1.5435,0.5085,0.3141,1.8462,-1.6987,1.0655,-0.711,1.8565,-0.4666
-0.6559,-1.1309,-1.3217,2.5108,2.164,0.2879,1.5593,1.0284,0.8446,1.6066,-1.0205,1.0003,-0.8994,2.0134,-0.991
-1.0108,-1.0613,-0.734,2.8002,2.4416,0.3837,1.8399,1.6712,0.5607,1.7259,-0.9163,0.8606,-1.2229,1.2691,-1.0444
-0.8526,-1.2784,-0.1727,3.4909,2.3421,0.5137,1.7423,1.6787,-0.1998,1.4453,0.0565,0.7598,-1.2238,0.4829,-0.6422
-0.5644,-1.2793,0.2309,3.7096,2.7282,0.3961,1.9375,1.9433,-0.3079,1.9701,0.6529,1.5197,-1.4641,0.1758,-0.1667
-0.9131,-0.5156,0.2775,3.1814,2.7573,0.627,1.8281,2.1512,-0.8993,2.4928,0.934,1.9685,-1.7998,0.1119,0.4737
-1.3633,-0.5034,0.3123,2.5124,2.639,1.0658,1.9904,1.4318,-1.3031,2.1942,0.816,1.9453,-1.5382,0.2421,0.5175
-1.2342,-0.7101,0.0083,2.7891,2.5918,0.9843,2.2365,1.9597,-0.8134,1.8394,1.1084,1.9288,-1.6518,0.4461,0.609
-0.8937,-0.9754,0.0981,2.9065,2.9034,0.7614,2.2301,1.3528,-1.2922,2.5169,0.845,1.7608,-1.06,0.3526,1.092
-0.7906,-0.669,0.1017,2.962,3.0982,0.5241,2.1641,1.3378,-1.2323,3.1356,0.9289,2.4087,-1.0541,0.6045,1.3881
-1.1864,-0.3454,-0.3871,3.2544,2.6344,0.5343,2.0252,1.6119,-1.4771,3.1605,0.6486,2.8964,-0.6769,0.8372,1.3562
-1.0598,-0.5917,-0.3745,3.7621,2.5345,0.5902,1.9966,0.8493,-1.3438,2.204,1.1694,3.204,-0.8289,0.8241,1.3443
-1.1831,-0.1507,-0.705,3.2313,2.666,0.4618,2.5497,0.9209,-1.1309,2.3621,1.1423,3.0623,-0.9614,0.9814,1.3678
-0.7502,-0.2934,-0.6819,3.0948,2.802,0.195,2.4093,0.785,-1.1328,2.2723,0.8225,2.9757,-0.6576,1.0863,1.2144
-0.997,-0.573,-0.9746,2.4204,2.6196,0.1505,2.4664,0.685,-0.7345,2.5605,0.1449,3.0871,-0.6106,1.1233,1.1595
-0.997,-0.9189,-0.9021,2.7082,2.5132,0.1189,2.7356,0.9994,-0.9551,2.6185,-0.3522,2.7457,-0.6935,1.4009,0.988
-1.3767,-0.4483,-0.8886,3.0054,2.496,0.4748,2.477,1.0073,-1.0123,2.7156,-0.0665,2.1438,-0.9393,1.5101,1.0122
-1.3694,-0.9285,-1.0244,3.1904,2.6604,0.6124,2.8322,1.3634,-0.4161,2.2916,0.2472,2.3323,-1.0158,1.2841,1.001
-1.2322,-0.7687,-0.4557,2.9783,2.5517,0.5382,2.5711,1.0215,-0.5299,2.2977,0.2078,2.4391,-0.9925,1.0491,1.1452
-1.3168,-0.4931,-0.7325,3.2336,2.7403,0.6691,2.4893,0.9384,-0.6703,2.4198,0.1883,2.3644,-0.6723,1.4979,1.0423
-1.2072,-0.6476,-2.1347,3.3202,2.7676,0.6359,2.649,0.5682,-0.8948,2.2935,-0.2293,2.1228,-0.7842,1.3307,0.8353
-1.3438,-0.8994,-1.8228,3.3743,2.3757,0.9348,2.6604,0.7697,0.0223,2.0552,-0.3793,2.091,-0.7325,1.3248,0.5689
-1.5405,-0.7123,-1.6497,3.4457,2.3237,1.0031,2.1929,0.8623,0.4762,1.7035,-0.1046,1.6679,-0.7537,0.9514,0.267
-1.4636,-1.2156,-0.8042,3.5634,2.1663,0.9025,2.3131,0.5272,0.4059,1.0834,0.2056,1.7632,-1.0312,-0.0046,-0.0152
-1.0311,-0.2822,-1.0669,2.9856,2.3266,0.6862,2.4087,1.0674,0.003,1.3971,-0.239,1.9898,-0.8426,0.0132,-0.0589
-0.7164,-0.5691,-0.666,3.4048,2.3258,0.6974,2.3834,1.665,0.1308,1.0172,-0.0115,2.2745,-1.1725,-0.0986,-0.2227
-0.4596,-0.5088,-0.04,3.2025,2.6076,0.4687,2.2415,2.1524,0.0051,1.1613,0.3221,2.0188,-1.4911,-0.2871,-0.0259
-0.5241,-0.5244,0.9431,3.6541,2.4611,0.6748,2.7538,2.0913,-0.5368,1.3248,0.9213,2.2274,-1.7933,-0.3556,0.0592
-0.548,-0.1405,0.7151,3.2981,3.0863,0.2539,2.6867,2.4735,-1.0184,1.819,0.987,3.0181,-1.7509,-0.2506,0.6044
-0.8955,0.3239,1.0591,2.5041,3.3038,0.0686,2.7207,2.7726,-0.9164,2.2083,0.6225,3.1871,-1.7597,-0.2732,1.0062
-1.507,0.1739,0.6309,3.2867,3.2313,0.3658,2.6009,2.7117,-1.3079,2.1563,0.9667,3.059,-1.6415,-0.4734,1.0517
-1.2893,0.2217,0.5384,3.0322,3.1859,0.6035,2.4038,2.5082,-1.2212,1.7786,1.2235,2.8513,-1.7451,-0.7013,0.938
-0.8876,0.242,0.2545,3.3535,3.2266,0.8037,2.8339,2.4628,-0.984,1.9961,1.1284,3.0105,-1.8256,-0.2829,1.0692
-0.6884,0.2608,0.8585,3.3147,3.3998,0.6786,3.0029,2.3902,-1.0528,2.2567,1.118,2.9728,-1.5662,-0.3561,1.2602
-0.9144,0.4748,0.8086,2.9488,3.117,0.7002,3.0529,1.6736,-1.7182,2.7114,1.2769,2.9858,-1.293,-0.174,1.6858
-0.6235,0.7414,0.5319,2.9177,3.3476,0.8432,2.8714,1.6041,-1.7662,2.9797,0.745,3.3937,-1.5563,0.365,1.7353
-0.9166,0.5446,1.0814,2.7537,3.505,0.8083,3.0753,1.3493,-1.8269,3.2767,0.719,3.1563,-1.32,0.7915,1.6362
-0.9677,0.569,0.5008,2.7086,3.5454,0.8185,3.2535,1.255,-2.017,3.7188,0.3555,3.1009,-1.0663,1.1771,1.9438
-0.9576,0.401,-0.8765,3.2712,3.2619,0.5645,3.9788,1.5978,-1.7352,3.7108,0.9015,2.7236,-0.8423,1.64,2.3428
-0.878,0.3896,-0.4936,3.6806,2.9515,0.6035,3.6457,0.5246,-1.4292,3.725,0.6907,2.8119,-0.6859,1.5288,2.5986
-1.3026,-0.1727,-0.4603,3.4296,2.8213,1.0337,3.1335,0.2473,-1.3133,3.5295,0.7481,2.3793,-0.4504,1.9241,2.601
-0.9,-0.3569,-0.9506,3.3144,2.3838,0.6519,2.9123,-0.7443,-1.5949,3.1378,0.6751,2.0679,-0.1853,2.0486,2.2216
-0.5481,-0.541,-1.4663,3.4053,2.4778,0.07,2.6023,-0.5346,-0.7985,3.2308,0.3013,2.2733,-0.423,2.6401,1.9377
-1.0826,-0.3623,-1.8502,3.7533,2.3446,0.4275,2.7152,-0.3193,-0.4578,3.57,-0.234,2.3478,-0.4159,2.9381,1.6829
-0.8616,-1.0041,-1.6177,3.5888,1.9011,0.6823,2.6584,-0.6436,-0.5086,2.7936,0.1263,1.8566,-0.1562,2.5222,1.2467
-1.263,-0.7439,-1.9906,3.4995,1.6677,0.9527,2.4854,-0.7971,-0.6773,2.4208,-0.144,1.7238,-0.0058,2.2144,0.8421
-0.9999,-0.7085,-2.0546,3.6654,1.7188,1.0034,2.2218,-1.0625,-0.0329,2.1083,-0.3883,1.5078,-0.2266,2.5634,0.3227
-0.4089,-0.8885,-1.8497,3.6778,1.7891,0.6905,2.4423,-0.5438,0.1824,1.7474,-0.4106,1.5865,-1.0739,2.8719,0.0685
-0.6186,-0.3666,-1.4514,3.6773,1.8476,0.6002,2.8328,-0.2997,-0.1908,1.8758,-0.307,1.6169,-1.2381,2.5653,-0.1423
-0.4202,-0.313,-1.6018,3.7988,2.0299,0.4215,2.747,-0.5277,-0.3346,1.6759,-0.0112,1.9651,-1.0975,2.2086,-0.2278
-0.4216,-0.5801,-1.5074,4.0249,2.1785,0.4378,2.5687,-0.5475,-0.1123,1.8177,0.1127,1.7786,-0.7569,2.2911,-0.2045
-0.5668,-0.4907,-1.3748,3.672,2.3791,0.5515,2.6985,-0.6356,0.1548,2.0909,-0.0658,2.2731,-1.093,2.0667,-0.2221
-0.6139,-0.4774,-2.0705,3.8085,2.4473,0.1802,3.1424,-0.0833,0.014,2.4459,-0.279,2.3141,-1.3907,1.8737,-0.1429
-0.55,-0.6908,-1.5398,3.6755,2.153,0.3125,3.4307,0.4676,0.3352,2.0909,-0.3739,1.7642,-1.1804,1.7074,0.0038
-0.2316,-0.5265,-1.5472,3.2599,2.0934,0.1457,3.1477,0.6065,0.3445,2.02,-0.5665,1.3825,-1.2371,1.5549,-0.0362
-0.4135,-0.7581,-0.5493,4.2622,2.0932,0.148,3.0294,1.2168,0.5335,1.7715,-0.1748,1.2078,-1.5049,1.2791,0.0215
-0.4805,-0.3201,-0.2855,4.2097,2.5548,0.5435,3.0392,1.4343,-0.2876,1.8731,0.3357,1.4121,-2.0266,0.8815,0.1631
-0.521,-0.0489,0.1295,3.7766,2.642,0.5669,2.6162,2.1313,0.0446,1.9165,0.6441,1.6055,-2.0951,0.2545,0.0542
-0.6345,0.2201,0.6564,3.5776,2.7071,0.6408,2.757,2.1912,-0.4638,1.924,0.6043,2.0544,-2.3515,-0.2152,0.23
-0.7344,0.0729,0.2026,3.1554,2.7784,0.5993,2.8607,1.8464,-0.8467,2.172,0.3377,2.2408,-2.4288,-0.4199,0.4415
-0.3497,0.427,0.0048,3.4135,2.8029,0.3349,2.9745,2.4546,-0.4211,2.2426,0.3026,2.5535,-2.8121,-0.3332,0.2643
-0.5299,0.5213,0.2101,3.5377,2.8598,0.373,2.8396,2.9201,0.0738,2.0171,0.3178,2.1232,-2.5168,-0.4366,0.4381
-0.4214,0.2177,0.6913,3.0756,3.0395,0.8912,3.1184,2.6058,-0.3541,2.2001,0.2183,2.2212,-3.0538,-0.5437,0.4373
0.0637,-0.0776,1.323,3.3248,3.0574,0.5823,3.2795,3.1683,-0.2518,2.3779,0.3328,2.24,-2.9929,-0.656,0.7576
-0.4447,0.1716,1.542,3.3165,3.2056,0.6785,3.2365,3.3248,-0.91,2.782,0.6975,2.3689,-2.8923,-0.9053,1.2042
-0.5101,0.055,1.5787,3.5479,3.1821,0.7324,3.5923,3.1658,-1.1222,2.6012,0.8338,2.4369,-2.7177,-0.8573,1.5149
-0.4946,0.2362,2.2165,3.5911,3.5496,0.7012,3.6212,3.2446,-1.1571,3.1559,1.148,2.6864,-2.7159,-0.8425,1.9677
-0.7286,0.4282,2.0992,3.1877,3.5848,0.9738,3.9608,3.1401,-1.377,3.5195,1.0433,3.314,-2.5101,-0.911,2.3967
-0.7774,0.6932,2.3827,3.5119,3.3454,1.087,4.2278,2.4845,-2.0326,3.3989,1.3286,3.6882,-2.2133,0.355,2.9377
-0.7049,0.8605,1.9973,3.606,3.3025,0.8748,4.0117,1.4628,-2.271,3.4091,1.4968,3.5627,-1.5643,0.7108,3.2193
-0.6208,0.7183,1.0413,3.434,4.2178,1.1543,4.0609,0.216,-2.5253,4.0967,1.0697,3.6253,-1.1305,1.5184,3.3907
-0.7872,0.4285,-0.9887,3.3348,4.0518,1.1108,4.1682,-0.3772,-2.3306,4.7262,0.3397,3.5696,-0.8006,2.4038,3.4002
-0.6065,-0.5103,-1.6784,3.4833,2.9582,0.9925,4.1229,-0.7136,-0.9262,4.5751,-0.1568,3.2621,-0.6939,2.9888,3.2127
-0.507,-0.4186,-2.7311,3.7518,2.6225,1.2871,3.9508,-0.9863,-0.1643,4.3649,-0.8364,2.9011,-0.4059,3.3047,2.8043
-1.0257,-0.6801,-3.0246,3.4347,2.0845,1.3354,3.8232,-1.1078,0.6424,3.5275,-1.4277,2.0518,-0.4737,3.3733,1.9647
-1.1364,-0.8582,-2.9523,3.7833,1.579,1.5581,3.4235,-1.4199,0.7631,2.7881,-1.2331,1.1669,-0.3766,3.1775,1.0701
0.5307,-0.9884,-1.8433,3.6169,1.8008,0.6558,3.0246,-0.8307,1.2435,2.1119,-1.1374,0.6038,-1.022,3.4873,0.3084
0.1025,-1.1442,-1.3762,3.9261,2.2604,0.4336,2.4047,-0.5219,1.0874,2.8005,-1.1618,0.2321,-1.18,3.0484,0.2745
-0.0715,-0.9585,-1.166,3.6117,2.6059,0.4463,2.7027,-0.1774,0.5665,2.9401,-1.3437,0.8368,-1.6012,2.8837,-0.15
0.194,-0.8346,-0.9148,3.9609,2.474,0.5147,2.6875,0.3508,0.5299,2.6351,-0.5409,0.3565,-1.3853,2.551,-0.1259
-0.412,-0.3225,-0.7257,3.4365,2.4738,0.9064,3.0403,0.1857,0.4764,2.6415,-0.3327,0.9307,-1.5993,2.1724,0.067
-0.549,-0.6192,-0.6794,3.4115,2.6536,0.8543,3.1173,0.7713,0.4189,2.0694,-0.7673,1.0099,-1.6632,1.9411,-0.0179
-0.6536,-0.7614,-0.35,3.9362,3.0182,1.1507,3.145,1.0249,0.5077,2.0606,-0.1032,0.8305,-1.7569,1.4507,-0.0135
-0.581,-0.8162,-0.4131,4.0717,2.951,0.9947,3.3907,0.9924,0.0889,2.3342,-0.0782,1.1783,-1.7602,1.0107,0.2489
-1.1105,-0.7585,-0.5841,3.9908,2.8104,1.3128,3.439,1.2558,-0.6734,2.7271,0.1765,1.5196,-1.7375,0.5305,0.5211
-0.5281,-0.9126,-0.3075,4.06,2.8899,1.2328,3.4233,1.1972,-0.3773,2.2448,0.0424,1.3811,-1.7162,0.6891,0.3938
-0.1716,-0.5244,0.3382,3.5917,2.7311,1.1255,3.6013,1.5696,-0.0098,2.3717,0.012,1.4062,-1.8339,0.6419,0.5015
-0.4829,-0.5056,0.2733,3.941,2.9805,1.06,3.6163,2.0176,-0.3702,2.2836,0.4228,1.3975,-1.6286,0.6814,0.2537
-0.136,-0.3991,0.8331,4.0204,3.0864,0.8684,4.5774,1.8292,-0.3765,2.3433,0.8143,1.9342,-1.7306,0.4524,1.136
-0.2663,-0.0946,0.9091,3.8208,3.4699,0.7883,4.2687,2.0301,-0.5387,2.6029,0.7692,2.0374,-1.2782,0.2923,1.5304
-0.6466,0.1685,1.0396,3.6554,3.3449,0.8736,4.4847,2.2424,-0.8873,2.7554,0.2872,2.2162,-1.4054,0.1214,1.5291
-0.2786,-0.6293,0.9251,3.7483,3.3174,0.5701,4.2003,1.1895,-1.3527,2.8535,0.5402,2.1796,-1.2348,0.3401,1.8336
-0.2908,-0.4917,0.6285,3.9858,3.147,0.8718,4.2466,1.3148,-1.2958,3.2753,1.1075,2.1092,-1.0372,0.8481,2.333
-1.2216,0.2131,-0.3939,3.625,3.0711,1.3486,3.7974,0.317,-1.6436,3.4993,0.7655,2.5338,-0.7564,1.1575,2.6457
-0.7116,-0.1617,-0.3807,3.7925,2.1986,1.3619,3.7391,0.033,-0.6526,2.0492,0.1666,2.6574,-0.6144,1.759,1.6403
-0.6097,-0.3646,-0.7177,3.8371,2.3563,1.026,3.4239,0.0196,-0.592,1.7285,0.207,2.1562,-0.9843,2.1004,1.0704
-0.6523,-0.7279,-0.6722,3.7601,2.3342,1.4441,3.188,-0.2516,-0.87,1.5983,0.055,2.047,-0.979,2.1909,0.7403
-0.733,-1.0101,-1.1089,4.0012,2.2527,1.3126,2.9874,-0.3551,-0.5571,1.5907,0.0207,2.1063,-0.8599,2.2867,0.5954
-0.2062,-0.6599,-1.3178,3.8599,1.9466,1.109,3.0225,0.4005,-0.0586,1.4519,-0.4222,1.7235,-0.751,2.3567,0.0972
0.0586,-0.7491,-1.1436,3.7767,2.6026,0.7293,3.038,0.2608,-0.0931,1.5077,-0.7175,1.1615,-1.1219,2.3953,-0.1786
0.0428,-0.2981,-0.8747,3.3067,2.6442,0.6531,2.7977,0.3806,-0.0754,1.8195,-0.7962,0.8074,-1.0031,1.822,-0.1906
-0.1566,-0.6608,-0.4376,2.5448,2.6365,0.481,3.0619,0.8328,0.2643,1.5879,-0.7809,0.9132,-1.3529,1.2722,-0.4688
-0.3334,-0.3285,-0.1668,3.158,3.071,0.8091,3.0517,1.6205,0.3738,1.6646,-0.7866,1.3539,-1.5402,1.4606,-0.332
-0.4349,-0.8404,0.3999,3.9209,3.0809,0.9346,2.8176,1.487,-0.392,1.4782,-0.1937,1.2275,-1.6482,0.6086,-0.1386
-0.5332,-0.589,0.1486,3.7593,2.8263,1.0486,2.8414,1.5452,-0.5669,1.5074,0.4123,1.3942,-1.7137,0.1582,0.2038
-0.019,-0.2558,0.5831,3.6963,2.9314,0.9445,2.8062,1.7944,-0.4263,1.2071,0.4034,1.5075,-1.8405,0.0858,0.4087
0.3636,-0.0313,0.9153,3.7275,3.0095,0.8381,3.0257,1.5045,-0.7887,1.4075,0.695,1.7993,-1.801,-0.3062,0.4659
0.0142,0.149,1.0275,3.6326,3.3332,1.1137,3.135,1.9085,-1.1632,1.698,1.3759,2.167,-1.7558,-0.0693,0.6941
-0.5488,0.0095,0.1009,3.6225,3.6289,1.3919,3.0985,1.5745,-1.5077,1.9994,1.0347,2.432,-1.7258,-0.133,1.2838
-0.5209,0.1574,0.1809,3.2098,3.6402,1.411,3.0313,1.4808,-0.9226,2.1542,0.7815,2.5109,-2.3529,-0.0871,1.4128
-0.0724,-0.0524,0.4562,3.7486,3.2536,0.7222,3.0554,1.6185,-0.788,1.9594,0.4764,2.3122,-1.9376,-0.2489,1.3432
-0.344,-0.3192,1.1748,3.3886,3.1501,0.9149,3.0395,2.4261,-0.2506,2.2916,0.5206,2.2964,-2.0254,0.0517,1.421
-1.3696,-0.2788,1.2517,4.0259,2.8476,1.3741,3.1475,2.1472,-1.1761,1.5498,1.005,2.1406,-1.8906,-0.353,1.4155
-0.2312,-0.4771,1.4191,3.7825,3.0561,0.9776,3.0525,2.783,-1.1215,1.1532,1.1184,2.1846,-1.8778,-0.3956,1.1416
-0.1365,0.0774,2.2672,3.6406,3.2322,0.9556,2.6656,2.9238,-1.252,1.6232,1.4483,2.616,-2.4854,-0.5318,1.3782
-0.3027,0.2931,1.8383,3.4697,3.7048,1.0188,3.0446,2.1983,-2.255,1.9544,1.8625,2.2205,-2.5214,-0.7485,1.8316
-0.0332,0.8625,1.2699,3.1591,3.9745,1.0048,3.3672,2.0247,-2.002,2.5276,1.231,3.3736,-2.4634,-0.3234,1.8202
-0.6007,0.4572,0.6867,3.1711,4.0158,1.0228,3.6288,2.098,-1.4086,2.4516,0.5869,3.2654,-2.1402,-0.0783,1.894
-0.2556,-0.3521,1.3056,3.5446,3.4829,0.9253,3.6254,3.4007,-0.3968,1.8342,0.6089,2.7856,-1.8507,-0.3069,1.9103
-0.3689,0.3959,1.3386,3.5654,3.3762,0.8257,3.5002,3.1869,-1.1544,1.7901,0.9221,2.4546,-1.9034,-0.9705,1.9017
-0.5769,0.168,1.2548,3.5507,3.643,0.877,3.4204,2.853,-1.4931,1.4658,1.1469,2.4597,-1.5016,-1.037,1.8959
-0.6282,0.4229,1.1375,3.3606,3.6485,1.3618,3.7238,2.7905,-1.6151,1.8074,1.0483,2.5207,-1.7072,-1.3079,2.0
-0.2234,0.0349,1.0781,3.6283,3.8947,1.1696,4.0087,3.013,-1.6509,1.9093,1.1518,2.8932,-1.6886,-1.2037,2.1917
0.2914,0.5481,1.762,3.4751,4.15,0.7149,3.8456,3.1812,-1.5151,2.7101,0.9935,3.0925,-1.8176,-0.8992,2.6884
0.4137,0.5809,1.7601,3.3829,4.0854,0.3892,3.8762,2.8932,-1.7072,2.9921,1.2077,3.3088,-1.8186,-1.0072,2.9479
-0.2418,0.6483,1.0139,3.3157,4.1048,0.426,3.8031,2.7556,-2.0881,3.3705,1.2456,3.149,-1.5627,-0.7024,3.2458
-0.5607,0.7994,0.832,3.1385,3.5917,0.8162,3.27,2.0332,-1.5217,2.4972,0.7579,3.5502,-1.4221,-0.7494,2.9625
-1.0916,0.3056,-0.143,2.7882,3.4484,1.1198,2.6976,1.9706,-1.6293,2.1883,0.2796,3.2451,-1.2443,-0.4258,2.4489
-0.7806,-0.3156,0.1358,3.2074,3.3291,1.2083,3.1626,1.8062,-1.1839,1.6139,0.404,2.7216,-1.2561,0.0331,1.8809
-0.7569,-0.1369,0.1565,3.2482,3.2351,1.4773,3.3838,1.8373,0.0345,1.9105,0.2338,2.8774,-1.5987,0.2803,1.5267
-0.4885,-0.2729,0.6568,4.073,2.9708,1.1822,3.6043,1.7866,-1.0829,1.738,0.8665,2.5219,-1.4336,0.0489,1.5293
-0.3116,0.5473,0.527,3.9967,3.5135,1.135,3.0366,1.7833,-1.4289,2.0469,0.9574,2.3601,-1.3495,0.3437,1.824
-0.5727,0.5753,0.2059,4.1464,3.5771,1.3936,3.173,1.3977,-1.7246,2.2007,1.0624,2.2265,-1.5194,0.2167,2.0291
-0.4981,0.0279,-0.5654,3.7193,3.2537,1.1754,3.3773,1.1834,-1.6451,2.4053,0.7515,2.4978,-1.4641,0.2569,2.0799
-0.3772,-0.046,-0.1799,3.6562,2.7363,1.2029,3.3987,1.2387,-0.6855,2.101,0.5625,2.367,-1.2234,0.4692,2.1313
-0.2221,0.1156,-0.2633,4.0182,2.9007,0.9891,3.3162,0.7832,-1.3239,2.0121,0.6704,2.1749,-1.0979,0.687,1.985
-0.3062,-0.1542,-0.2507,4.1378,2.9127,0.6728,3.0952,0.9781,-0.6689,1.9563,0.9292,2.2267,-1.159,0.8203,2.219
-0.57,0.0646,-0.1001,4.0664,2.9124,0.7235,2.8762,0.8086,-0.8641,2.0555,0.799,2.2894,-1.2393,0.8837,1.8943
-0.4313,0.102,-0.2293,3.9739,2.8294,0.6265,2.4513,1.0151,-1.0402,1.6856,0.558,3.1233,-0.9358,0.8044,1.661
-0.0033,0.0869,0.2825,3.2469,2.9688,0.8656,2.6726,1.1537,-1.0786,1.6586,0.3845,2.4067,-1.4009,1.1646,1.4056
-0.1729,0.3075,0.6997,3.0934,3.2379,0.9136,2.8171,1.1147,-1.0204,1.9678,0.3646,2.3117,-1.5836,1.2205,1.3404
-0.4899,0.5815,0.4036,3.8492,3.3481,0.9994,3.0011,0.9861,-1.4783,2.2174,0.7482,1.831,-1.5611,1.2924,1.5726
-0.6484,0.2431,-0.138,3.7614,3.3026,1.2546,2.9725,0.8498,-1.5459,2.0401,1.1927,1.0352,-1.3657,1.1073,1.7091
-0.3418,0.2335,-0.5101,4.4897,3.0302,1.1614,2.3086,0.6489,-0.893,1.9287,0.7373,1.7893,-1.0714,1.2181,1.5685
-0.5309,0.26,-0.7759,4.2257,2.7759,1.173,2.6005,0.4534,-1.8077,1.9324,0.8754,1.356,-1.2699,1.1109,1.6014
-0.3286,0.1541,-0.9238,4.7287,2.6459,0.9969,2.8568,0.5381,-1.5149,1.5888,0.8184,1.5591,-1.1777,1.3732,1.4478
-0.6961,0.2401,-1.2001,4.2098,2.7671,1.0648,2.32,0.404,-1.2409,1.6616,0.5184,1.4464,-1.338,1.3241,1.4033
-0.403,0.2743,-0.902,3.9035,2.8402,1.0696,2.6962,0.2062,-1.1542,1.4219,-0.0809,1.0156,-1.488,1.38,1.0483
-0.5041,-0.1476,-0.7702,3.965,2.7312,0.8533,2.8001,0.8473,-1.0308,1.5252,0.065,1.3385,-1.5904,1.6586,1.0648
-0.573,-0.7537,-0.3203,4.2614,2.6483,1.0182,2.9668,0.663,-1.2999,1.494,0.4781,1.192,-1.482,1.4273,0.9212
-0.8662,-0.3383,-0.5632,4.3208,2.5999,1.0838,3.0049,0.8079,-1.0338,1.2731,0.6308,1.3994,-1.4525,1.2307,1.1639
-0.5532,-0.4109,0.1011,4.4797,2.7571,1.2463,2.8107,0.3482,-1.2496,1.1001,0.9407,1.4991,-1.3377,1.1354,1.2058
-0.9876,-0.3122,-0.3554,3.8073,2.8083,1.3383,2.723,0.5035,-1.4997,1.5328,0.4633,1.5514,-1.4158,1.2124,1.1243
-0.2305,-0.678,-0.3301,3.1002,3.4761,1.2563,3.009,0.2467,-1.2734,1.6326,-0.1378,1.7971,-1.5684,1.0068,0.8395
-0.4821,-0.3482,-0.1697,3.6652,3.388,1.081,3.4216,0.7448,-1.0013,2.5835,-0.0237,1.59,-1.7876,1.0372,0.9484
-0.6159,-0.1722,-0.1182,4.0693,3.4462,1.3339,3.1669,0.2889,-1.1467,2.4761,0.1957,1.6611,-1.4772,0.7096,1.2114
-0.1831,-0.2008,-0.7405,4.0067,3.0915,1.2635,3.2539,0.4785,-1.4292,2.0708,-0.1056,1.7069,-1.4432,0.552,1.3236
-0.3331,-0.4548,-0.4575,4.0228,2.64,1.1321,2.8743,0.9925,-0.8114,1.7864,0.2485,1.2494,-1.561,0.7163,1.2714
-0.5898,-0.3649,0.5481,5.1464,2.636,1.2348,2.7664,0.8276,-0.768,1.4734,0.8449,1.2559,-1.6039,0.557,1.1406
-0.781,0.9198,0.4812,4.4567,2.9087,1.2464,2.8438,0.3795,-1.593,1.2953,1.0968,1.7706,-0.9619,0.4535,1.2087
-0.6462,0.3636,-0.0215,5.5051,2.9348,0.9152,2.6134,0.1863,-1.8753,1.0447,1.5873,2.2796,-1.2758,0.3852,1.5493
-0.7458,0.2234,-0.2895,4.8856,2.8094,1.1545,3.1368,0.5014,-1.4187,1.1348,1.0257,2.5085,-1.1194,0.6396,1.2167
-0.6346,0.2287,-0.1751,4.539,2.9974,1.1381,2.9508,0.1826,-1.4646,1.1583,0.6005,3.0444,-1.2607,0.5494,1.2892
-1.1306,0.4576,-0.2765,4.0997,2.8643,1.6451,2.8707,0.3634,-0.6895,1.2069,0.2333,3.0316,-1.3731,0.8031,0.9946
-0.6523,-0.2205,0.0161,4.4446,2.8788,1.596,2.6914,-0.1927,-1.5922,1.0588,-0.0132,2.5734,-1.3573,0.7305,0.8044
-0.7063,-0.5099,-0.2671,4.4251,2.9945,1.3717,2.8178,0.6061,-1.2107,1.5688,-0.3188,1.9229,-1.7947,0.9189,0.6024
-0.5397,-0.3931,-0.3807,4.5337,2.7626,1.1858,3.0139,1.0703,-0.6269,1.4188,0.1864,1.7406,-1.8406,0.7839,0.6741
-0.4347,-0.2853,0.4425,4.4705,2.7951,1.1427,2.5478,1.2818,-1.0208,1.3151,0.0724,1.6126,-1.9357,0.7961,0.4866
-0.7352,-0.1071,0.5956,4.7411,3.0528,1.4003,2.599,1.2395,-1.5901,1.4354,0.5945,1.7414,-2.0573,0.836,0.7119
-0.7733,0.1788,0.656,4.2955,2.9744,1.7494,2.7381,1.0755,-1.6471,1.4813,0.7302,2.4435,-2.1722,0.8268,0.837
-0.832,0.1632,0.4113,4.2657,3.2254,1.9739,2.6602,0.7501,-1.6576,1.521,0.7816,2.3308,-2.132,0.6325,1.0498
-0.4639,-0.1947,-0.065,3.9054,3.1769,1.748,2.6466,0.114,-1.6913,1.6623,0.3175,2.0959,-1.8907,0.685,0.9349
-0.5275,-0.3507,-0.3717,3.5329,3.1308,1.5756,2.5912,0.6817,-0.9574,1.9082,0.0588,1.961,-1.8291,1.0518,1.0903
-0.301,-0.5343,0.239,3.7666,3.2966,1.2429,2.6834,1.1017,-0.3731,1.9719,-0.098,1.8361,-2.0372,1.1851,0.8883
-0.6794,-0.544,0.2616,4.0266,3.2846,1.2063,2.9569,1.0546,-0.9142,2.1283,0.1371,1.4156,-1.8433,0.64,1.1182
-0.6638,-0.1146,0.0565,4.095,3.3238,1.4354,2.9237,1.1717,-0.853,1.7763,0.1119,1.7372,-1.7198,0.2899,1.0341
-0.9819,0.2267,0.2189,4.2701,2.9385,1.4719,2.7384,1.2978,-0.8203,1.573,0.2496,1.781,-1.738,-0.0852,0.9545
-0.683,0.0915,0.5262,4.0342,2.9661,1.6883,3.0606,1.3724,-0.5639,1.2629,0.5962,1.8064,-2.0885,-0.2311,0.8033
-0.3406,0.0463,0.7731,3.9547,3.2486,1.4667,2.8412,1.7727,-0.8362,1.0782,0.7154,1.8072,-2.0555,-0.48,0.6722
-0.3571,-0.0129,1.1185,3.5019,3.6079,1.4914,2.942,1.9985,-0.6519,1.4827,1.143,1.8924,-2.1832,-0.8071,0.822
-0.7733,-0.0762,1.238,3.7226,3.8383,1.8685,2.8625,2.0231,-1.2151,1.904,1.0889,2.2772,-2.152,-0.9815,1.1522
-0.239,-0.0107,0.9437,4.3886,3.5925,1.3181,3.2045,1.9626,-1.5127,2.1847,1.3199,2.1918,-2.0998,-1.0098,1.5011
-0.4181,0.312,1.0735,4.113,3.2447,1.2245,3.0672,2.3751,-1.8232,2.4551,1.4664,2.4685,-1.9486,-1.1669,1.3489
-0.644,0.752,1.1355,4.0714,3.1109,1.5451,3.1921,2.438,-2.1547,2.1058,1.6149,2.8341,-1.9074,-0.9027,1.3825
-0.2654,0.4576,1.2294,3.8258,3.2675,1.2289,3.2158,2.5526,-1.851,1.4902,2.3905,2.7341,-1.8509,-0.7713,1.6501
-0.0968,0.7166,1.738,3.7541,3.7202,1.4078,3.2773,1.6467,-2.5327,1.9193,1.9618,2.9473,-1.7282,-0.6734,1.8432
-0.1563,0.5439,1.2156,3.7605,3.8797,1.162,3.2776,1.669,-2.7718,2.5941,1.7194,3.0165,-2.0464,-0.4565,1.8815
-0.1181,0.6698,0.5269,3.7265,4.0833,1.008,3.4895,1.8617,-2.6501,3.3236,1.7193,3.1422,-1.8455,0.0927,2.4498
-0.5554,0.6769,0.6446,3.845,3.9116,1.2002,3.1777,1.4302,-2.4521,2.994,1.4431,2.7859,-1.5882,0.0612,2.5172
-0.2757,0.478,0.3334,3.8153,3.5839,1.4028,3.2796,1.3293,-2.0496,2.6462,1.2342,2.7386,-1.5209,0.8592,2.2719
-0.3687,0.402,0.6717,3.7229,3.4537,1.4148,3.1213,0.9787,-1.789,2.4799,0.7528,2.6178,-1.2865,1.0186,2.5485
0.1192,0.0519,0.663,3.5933,3.3439,1.2122,3.1162,0.9815,-1.845,2.3694,0.8009,1.8849,-1.1448,1.1888,2.161
0.0759,0.4643,0.1602,3.9847,3.4163,1.0065,3.2524,0.9338,-1.8836,2.6142,0.8287,1.655,-1.125,1.104,1.6722
-0.3004,0.1298,0.1071,4.185,3.4827,1.1789,3.0607,0.4548,-2.1443,2.713,0.7347,1.2783,-0.9459,0.9512,1.6266
0.0241,0.0776,-0.0698,3.7654,3.3288,1.0599,3.353,0.3627,-1.7251,2.4647,0.3631,1.7018,-1.0712,0.9468,1.2977
-0.262,0.2941,-0.1499,3.4393,3.2022,1.2076,3.2135,0.4254,-1.657,2.5045,0.1524,1.4713,-1.0174,0.8247,1.4806
-0.2776,-0.1577,-0.1185,3.9021,3.4324,1.1435,2.8961,0.8107,-1.4762,2.3743,0.2612,1.5573,-1.1148,0.7942,1.2985
0.0459,-0.1309,0.2718,4.1517,3.174,1.206,2.7815,0.6165,-1.5028,2.3985,0.3307,1.4746,-1.0261,0.4052,1.0994
0.7952,-0.1276,-0.0658,4.2033,3.1962,0.7943,2.7902,1.044,-1.541,2.2799,0.2845,1.4292,-1.6435,0.3484,0.7918
-0.2097,0.1033,-0.0198,4.1969,2.7848,0.9014,2.8634,1.2721,-1.178,2.172,0.1621,1.4302,-1.8746,0.2877,0.6657
-1.5383,0.2994,-0.6873,3.4166,2.9814,1.6686,2.7788,1.6527,-1.2657,1.4945,-0.335,1.3073,-2.4128,0.2808,0.3373
0.137,-0.2064,0.1259,4.1043,2.9878,1.5116,2.493,1.5235,-0.9781,0.53,-0.3245,1.1398,-2.1621,-0.3774,-0.331
0.2616,-0.9419,0.6582,4.3032,3.0738,1.2972,2.3397,2.0655,-1.4265,1.0619,0.4942,1.236,-1.991,-0.6842,-0.0668
-0.1358,0.4303,1.837,4.2162,3.5363,1.2531,2.6911,1.6367,-1.9501,1.9957,1.2495,1.4534,-2.3057,-0.4313,0.1398
0.0688,0.8459,1.6064,3.8516,3.8854,1.4812,2.7333,1.7145,-2.3749,2.131,1.6143,1.5325,-2.0923,-0.6568,0.8792
0.2246,1.0184,1.6216,4.1246,3.914,1.2107,3.5918,1.8394,-2.2061,2.4262,1.5142,2.0555,-2.2386,-0.6925,1.1121
-0.0075,1.181,1.2652,3.6238,3.768,1.3039,3.6247,1.6164,-2.3314,2.8269,1.3532,2.0548,-1.7032,-0.9656,1.7867
-0.0984,1.2601,0.8659,3.6876,3.5908,1.2833,3.3373,1.4615,-2.7812,2.6766,1.3446,2.0202,-1.5552,-0.3959,2.0404
-0.0893,0.8988,0.6822,4.0343,3.7049,1.3669,3.9195,0.0966,-2.34,2.6031,1.0089,2.4217,-1.1415,0.0049,1.9294
-0.0267,1.3035,-0.044,4.0041,3.7702,1.2681,3.6914,0.6633,-2.0913,3.1446,0.8352,2.2075,-1.0329,1.1373,2.329
-0.293,0.7851,-0.2558,4.1322,3.4377,1.3269,3.6781,0.1939,-1.7197,2.8823,0.3023,2.2823,-1.1776,1.183,2.0572
0.2819,0.3972,-0.4155,4.349,3.0927,0.8489,3.5183,0.8099,-1.2676,2.7935,0.5344,2.0367,-1.27,0.9895,1.896
-0.056,0.5696,-0.2244,3.877,3.0343,1.1699,3.5419,0.7896,-1.0478,2.5828,0.283,1.8782,-1.37,0.8912,1.476
0.1042,0.5603,0.1342,3.6978,2.8837,1.1697,3.2615,0.8623,-0.9127,2.0987,0.1165,1.8638,-1.3692,0.6717,1.009
-0.0527,0.5285,0.0595,3.7262,3.0339,1.3193,3.1527,1.1319,-1.5002,2.2384,0.2098,1.6378,-1.4383,0.6606,1.0003
0.0495,0.5302,0.2646,3.8087,3.0451,1.3818,3.2021,1.3595,-0.9443,2.0043,0.2667,1.9529,-1.4404,0.7468,0.6452
0.2391,0.4106,1.0071,3.5693,2.9725,1.3838,3.1816,1.6543,-1.3817,1.9296,-0.4127,1.4226,-1.6213,0.9323,0.2434
0.1256,0.5272,0.9433,3.7956,3.1692,1.4019,3.2537,1.7416,-1.3212,1.628,0.5663,1.4461,-1.6838,0.671,0.0377
0.2435,0.6572,0.9829,3.3384,3.3346,1.3072,3.4027,1.2542,-2.1618,1.8391,0.339,1.501,-2.1645,0.1132,0.1792
-0.2795,1.3263,0.8114,3.3195,3.7265,1.3988,3.4229,1.2416,-1.8767,2.547,0.3917,1.7683,-1.9166,0.3095,0.4278
-0.196,0.621,0.7274,3.4611,3.8094,1.3008,3.2261,1.5983,-1.369,1.9717,0.6655,1.9575,-1.3984,0.6825,0.4328
-0.0357,0.7649,0.9654,3.9858,3.8486,1.1304,3.2513,1.515,-1.6805,2.123,1.2067,2.2754,-1.4663,0.4072,0.5449
-0.2082,0.8562,0.7837,4.328,3.9266,1.1794,3.6383,1.4267,-2.2254,2.6791,1.1904,2.2673,-1.2714,0.2173,0.8228
0.0805,0.7554,0.7466,4.0975,3.4411,1.2676,3.3681,0.9787,-2.0944,2.7655,1.2624,2.2176,-1.1664,0.3079,1.3306
0.309,0.7327,0.9501,3.9117,3.2373,1.08,3.2078,0.857,-2.14,2.8167,1.2137,2.2507,-0.9014,0.6061,1.443
0.2297,0.8361,0.7021,3.9918,2.5628,1.0415,3.1876,0.6783,-1.9773,2.6452,0.8996,2.1847,-1.0367,1.0722,1.3014
-0.1864,0.3786,0.5454,4.2309,3.0552,1.2376,3.1276,0.4486,-2.2541,2.5061,1.0434,2.0792,-1.1729,1.5243,1.0482
0.0556,0.2671,-0.3441,4.2004,3.5974,1.2086,3.3274,0.0422,-2.145,3.0163,0.6224,2.3605,-0.9716,1.9075,1.0177
0.3168,0.4891,-1.0241,4.379,3.4872,1.4022,3.4755,0.0321,-1.9422,3.4705,0.2698,2.332,-0.9049,1.8851,1.1504
0.0507,0.4081,-0.9507,4.3423,3.1119,1.1915,3.3937,0.2345,-0.9921,3.3619,0.0302,1.7325,-1.0118,1.8039,1.029
-0.1864,0.0495,-0.7157,4.6674,2.7865,1.32,3.2222,0.3212,-0.9221,2.8503,0.0908,1.6186,-1.0338,1.4668,0.6795
-0.2697,-0.0318,-0.7885,4.6707,2.8318,1.3226,3.2765,0.9895,-0.8345,2.271,0.1777,1.7026,-0.4114,1.0512,0.3125
-0.1049,-0.1006,-0.1428,4.5229,3.0091,0.9905,3.381,1.1492,-1.0306,2.2458,0.3758,2.4315,-1.0272,0.8614,0.345
0.9321,0.1341,0.6976,4.6399,3.1504,0.4505,3.2205,1.3413,-1.1149,2.3771,0.2616,2.1136,-1.3851,0.4981,0.2969
-0.4037,0.8909,0.6387,4.2533,3.3934,0.816,3.2282,1.9182,-1.1421,3.0914,0.3244,1.8333,-1.514,0.5512,0.6179
-0.1901,1.0027,0.8189,4.4129,3.3232,0.8648,3.288,2.1785,-1.001,2.133,0.6816,1.6011,-1.6028,-0.0948,0.6298
-0.1738,0.9169,1.1892,4.4248,3.3464,0.9612,3.4361,2.3517,-1.4573,2.1121,0.6698,1.6567,-1.0644,-0.7631,0.2204
-0.3807,0.4383,1.4524,4.9576,3.2094,1.2162,3.5587,2.8913,-1.433,2.1282,1.1064,2.1526,-1.4284,-0.9888,0.687
0.1471,0.978,1.9841,4.4489,3.1972,0.9996,3.794,2.9616,-1.9364,2.23,1.4936,3.0625,-1.2563,-1.5315,0.9472
0.1641,1.1078,1.8672,4.3389,3.4433,0.8341,3.7094,3.0117,-2.166,2.621,1.3557,2.9725,-1.2303,-1.3095,1.453
-0.2281,1.3978,1.8357,3.8375,3.8544,1.1081,3.4006,2.9119,-2.5759,3.1164,1.2444,3.0414,-1.4508,-1.2263,1.6797
-0.6851,0.3846,1.2843,3.9666,3.9494,1.6001,3.6309,2.5281,-2.6676,3.1587,0.8221,3.4974,-1.0876,-0.9818,1.7214
-0.5259,0.5562,1.7044,3.8552,3.5532,1.5603,4.3051,2.3582,-2.5882,3.3972,0.8515,3.896,-0.9977,-0.6892,1.8563
0.0283,0.4625,1.7812,3.7142,3.7774,1.2595,3.9434,2.55,-2.3964,3.7074,1.1542,2.9454,-0.9444,-0.3909,2.2343
-0.2266,0.5638,1.0328,4.4666,3.5204,0.9104,3.6047,1.6713,-2.5157,4.0536,1.1977,3.2073,-0.8301,-0.131,2.5259
-0.3499,0.7655,0.5243,4.6925,3.259,1.0385,4.146,1.5265,-2.0022,4.0664,1.0159,3.1296,-0.7146,0.1441,2.5139
-0.155,0.5104,0.557,4.2638,3.5281,0.8878,4.0909,1.634,-2.0308,4.0948,0.9515,3.0413,-0.5547,0.4939,2.7526
-0.0548,0.2628,0.8921,3.8427,3.3753,0.8154,3.8387,1.4612,-1.8439,4.3899,1.053,3.0131,-0.5276,0.5986,2.7745
-0.6609,0.5999,0.3956,3.7941,3.2969,1.2375,3.7495,1.5781,-1.8819,4.3544,0.6271,3.0346,-0.6733,0.8246,2.7341
-0.464,0.4323,0.2679,3.8835,3.009,1.3885,3.8509,1.3758,-1.5404,3.825,0.048,2.4836,-0.5187,0.8313,2.1854
0.0685,0.2146,1.0358,4.5626,3.1517,0.9523,3.8158,1.7819,-1.2263,3.6463,0.6905,3.1147,-0.6518,1.2504,1.9777
-0.265,0.5338,0.8677,4.6754,3.1018,0.807,3.9086,1.1432,-1.9677,4.0536,1.0701,2.6104,-0.4864,1.2119,2.193
-0.4213,0.5828,0.0605,4.3086,2.748,0.923,3.4644,0.6138,-2.1715,3.8815,0.5704,2.3917,-0.1591,2.5191,2.1094
-0.1095,0.8072,-0.554,4.3614,2.8027,0.8264,3.431,-0.0933,-1.8691,3.5628,0.3577,2.1307,0.1085,2.8461,1.7296
-0.3472,0.4672,-0.7843,3.8855,2.8328,0.8535,3.3665,-0.5699,-1.5902,3.2133,-0.3852,2.1169,0.0175,2.8326,1.0527
-0.5694,0.0015,-1.2293,4.3859,2.5468,1.2039,3.2863,-0.4229,-1.1956,2.8758,-0.3261,1.9597,-0.0486,2.5636,0.5791
-0.3313,-0.2534,-0.4894,4.1533,2.7606,1.3116,2.949,-0.3334,-0.6828,2.7047,-0.0524,1.6175,-0.3108,2.6935,0.3325
-0.5254,-0.1601,-0.787,4.1006,2.7391,1.6726,3.128,-0.8086,-1.4355,2.9514,0.1008,1.657,-0.4522,2.5272,0.5262
-0.3656,-0.1732,-1.4683,4.2432,2.7607,1.6865,3.4027,-1.0364,-1.5333,3.1548,0.0365,1.7474,-0.2515,2.7193,0.4248
-0.5579,-0.1207,-1.853,3.9047,2.5653,1.7822,3.5859,-0.8157,-0.8982,3.2274,-0.7879,1.7542,-0.4317,3.0826,0.4018
-0.1942,-0.6639,-1.6908,3.8042,2.4079,1.7793,4.0625,-0.7121,-0.2949,2.7937,-1.2135,1.8935,-0.2097,2.7995,0.1227
-0.2912,-0.8341,-1.5749,4.4978,2.2807,1.5782,3.7608,-0.647,-0.339,2.528,-0.996,1.3039,-0.2263,2.6326,0.2376
-0.3806,-0.9697,-1.3945,3.9374,2.4888,1.2675,3.5422,-0.2136,0.2034,2.634,-1.1364,1.1141,-0.4053,2.6925,0.0195
-0.3111,-0.9512,-1.0674,3.8619,2.5766,1.2347,3.4128,-0.418,-0.1231,2.9107,-1.0137,0.9974,-0.7762,1.9928,-0.0079
-0.2482,-0.697,-0.6712,4.0837,2.6597,0.991,3.543,0.8354,0.1392,3.1591,-0.9294,0.8797,-0.9747,1.8773,0.0228
-0.7685,-0.2515,-0.7736,3.8522,2.6701,1.2429,3.703,1.1222,-0.3779,2.8473,-0.7212,0.9385,-0.9128,1.088,-0.0851
-0.803,-0.5079,-0.1371,3.9661,2.6578,1.4394,3.414,1.1532,-1.3114,2.5067,-0.4113,1.226,-1.1398,0.9043,-0.0324
-0.0849,-0.5559,-0.004,4.091,2.7464,1.0627,3.1827,1.5844,-0.6266,2.3585,-0.2455,1.7392,-1.4809,0.7932,-0.1296
-0.4165,-0.281,0.4651,4.0915,2.6499,1.1641,3.4612,1.2452,-0.9542,2.3373,0.1311,1.6814,-1.5881,0.3409,0.1124
-0.2745,0.0348,0.5164,3.7863,2.8836,0.97,3.4099,1.5023,-1.0027,2.4291,0.4632,1.6259,-1.5779,0.3044,0.2733
-0.4569,0.1535,0.7332,3.7504,2.9975,0.7992,3.4325,1.7026,-0.9995,2.5315,0.3216,2.0713,-1.4334,0.1877,0.4533
-0.5469,-0.13,-0.0123,3.7966,3.0148,0.802,3.6107,1.9267,-1.3047,2.4059,0.1124,2.5852,-1.4161,-0.04,0.625
-0.4896,0.1327,0.4454,3.8839,3.1144,0.6211,3.6573,2.2523,-0.8487,2.428,0.2371,2.499,-1.4396,-0.0917,0.7789
-0.1602,-0.02,0.9465,3.6084,3.3242,0.5539,3.6006,2.9924,-1.1169,2.424,0.1903,2.5482,-1.8046,-0.2547,1.0219
-0.1607,0.3086,1.4625,3.9262,3.7052,0.9012,3.5992,2.7294,-0.8773,2.5616,0.3283,1.8496,-2.0637,-0.5242,1.0313
-0.4153,0.1848,0.9818,3.6167,3.6857,0.78,3.9203,2.9009,-1.8017,2.8758,0.2816,2.11,-2.1642,-0.6478,1.1107
-0.162,0.9934,1.6168,3.6823,3.7766,0.7242,3.6159,2.9956,-1.5507,3.167,-0.0682,2.2213,-1.5789,-0.625,1.1895
-0.2973,0.3245,1.989,3.7597,3.7824,0.6486,3.3607,3.1922,-1.6795,2.8969,0.1283,2.3926,-1.8921,-1.0255,0.9127
-0.0937,-0.1853,2.4148,3.9016,3.8048,0.6702,3.4461,3.4291,-1.7049,3.0646,0.5582,2.2997,-2.0564,-0.798,0.9305
-0.3035,-0.093,2.5355,4.0308,4.1268,0.7526,3.5966,3.4627,-2.3088,3.725,0.7407,2.5339,-2.2496,-0.9795,1.5772
-0.289,0.2021,2.3166,3.883,4.1501,0.8379,3.9685,3.5261,-2.4352,4.1351,1.0345,2.8086,-2.1082,-0.9373,2.0339
-0.4196,0.2501,2.2345,3.9911,3.9382,0.8764,3.7019,3.0107,-2.8259,4.2892,1.477,2.9358,-1.9847,-1.0951,2.4807
-0.4689,0.8156,1.8535,3.7268,3.6602,0.8883,3.6525,2.5929,-3.2245,4.156,1.1911,3.3924,-2.1062,-0.6993,2.483
-0.2885,0.6915,1.9313,3.9748,3.7039,0.7134,4.0301,2.5941,-3.2403,3.9252,1.1481,3.6122,-2.0291,-0.1909,2.3867
-0.6068,0.6982,1.0566,3.3498,3.7786,0.8147,3.8746,2.694,-2.3092,3.9122,0.4797,4.0623,-1.6302,0.1161,2.2306
-0.8874,0.211,0.8135,3.9757,3.6335,1.1096,4.0635,2.7393,-2.2224,3.6735,0.5083,3.2151,-1.43,0.1489,2.0046
-0.2788,0.2108,1.0482,3.5721,3.8532,0.8426,3.922,2.5979,-1.9452,3.5714,0.1604,2.9478,-1.8502,0.0879,1.6664
0.0946,1.1717,1.3209,3.1426,3.5271,0.6715,4.1625,2.9311,-1.0084,3.5053,-0.2906,2.8811,-1.3113,-0.1957,1.3945
-0.0719,0.6242,1.9238,3.1805,3.378,0.6964,4.2266,2.8347,-1.4921,2.9567,-0.2302,2.3589,-1.367,-0.3802,1.178
-0.1681,0.5861,1.4709,3.2541,3.6058,0.6301,4.2472,3.1697,-1.9414,2.9824,-0.0708,2.5858,-1.6013,-0.3793,0.9834
-0.3643,0.1254,1.2575,3.4025,3.7562,0.7293,3.7491,3.2457,-1.9078,3.1696,0.0016,2.4858,-1.522,-0.4355,1.102
-0.246,0.2121,0.9768,2.9759,3.9485,0.9412,3.7876,2.9333,-2.105,3.4193,-0.2229,2.3887,-1.6968,-0.4503,1.0861
-0.1759,0.0631,1.1779,3.8729,3.7318,0.7605,3.7905,3.2103,-1.7882,3.4396,-0.7639,2.4816,-2.2584,-0.3354,0.9581
0.2065,0.0642,1.729,3.5055,3.7283,0.5207,3.7739,3.8705,-1.6955,3.652,-0.1782,2.3284,-2.2424,-0.5766,1.1187
0.0035,0.5435,1.8122,3.9176,3.607,0.5137,3.8664,4.7762,-1.325,3.509,0.3425,2.5899,-2.6698,-0.3995,1.3974
-0.1306,0.3988,2.3407,4.6552,3.974,0.8769,3.8298,3.8893,-2.1933,3.0306,1.2107,2.3965,-2.4328,-0.8907,1.5681
-0.3367,0.7661,1.9825,3.5192,3.9078,0.9033,3.7078,3.6199,-2.5931,3.7169,0.8699,2.9787,-2.5377,-0.8852,1.9868
-0.6071,0.6652,1.4635,3.702,3.9504,1.1125,3.722,3.5347,-2.2939,3.3967,0.7412,2.9827,-2.1852,-0.2435,1.9447
-0.4189,0.5902,1.6335,3.4639,3.8007,0.9994,3.6949,3.0724,-2.4565,3.2463,0.218,2.7766,-2.1221,-0.4165,1.4492
-0.4213,0.3958,0.9396,4.4221,3.7133,1.0038,3.9926,3.2757,-2.0186,3.3481,0.5937,2.4185,-2.0544,-0.2194,1.3821
-0.379,0.0274,1.6796,4.1446,3.5716,0.922,3.7859,2.9018,-2.2505,3.4117,0.502,2.1075,-1.642,-0.5504,1.5909
-0.8613,0.4745,0.9387,3.9846,3.5508,1.3078,3.8732,3.0026,-1.2258,3.6145,0.1718,3.071,-1.8342,-0.3049,1.2507
-0.4321,0.027,0.8687,3.9949,3.2962,1.0492,4.0022,2.2742,-1.7463,3.2304,0.2401,3.0897,-1.7169,-0.4259,1.1006
-0.4154,0.2249,1.3509,4.2603,3.7834,1.0696,3.8901,2.6013,-1.8763,3.3095,0.3971,2.9357,-1.7653,-0.1533,1.0666
-0.1321,0.6241,0.9154,4.2543,3.7844,1.0618,3.7997,2.8301,-1.9799,3.7195,0.2907,3.1292,-1.7816,-0.323,1.4335
-0.2447,0.7309,1.3878,4.2045,3.6768,1.0053,3.9908,2.9157,-1.7011,3.8684,0.5884,2.463,-1.6637,-0.2649,1.7305
-0.3342,0.4586,1.5544,4.1087,3.4493,0.9008,4.3099,2.7917,-1.7474,3.6908,0.337,3.1396,-1.6712,-0.1799,1.5844
-0.3314,0.5174,1.9958,3.7431,3.93,1.0003,3.8589,2.3576,-2.2439,4.0228,0.3407,3.0339,-1.4499,0.0218,1.7566
0.202,0.5871,1.7758,3.9881,3.9646,0.4487,3.8701,2.439,-2.4018,3.9849,0.5618,2.806,-1.275,0.2474,1.7966
0.1303,1.0605,1.3274,4.0767,3.8937,0.2827,3.2207,1.9212,-2.6543,4.7667,0.8702,2.8489,-1.4255,0.6638,2.0176
0.0926,1.1999,1.4008,4.0147,3.7781,0.2456,3.4731,1.9337,-2.3525,4.6314,0.6861,3.1163,-1.2151,0.7608,1.8934
-0.2146,1.2151,1.5144,3.7595,4.0226,0.5594,3.853,1.5392,-2.2696,4.56,0.0187,3.2655,-1.4165,1.0369,1.914
-0.042,0.4567,1.2427,3.8605,4.1967,0.3742,3.9647,1.8179,-2.1322,4.7871,0.3025,2.7501,-1.5782,1.1223,2.0601
-0.2602,0.5724,1.0381,4.0157,3.8762,0.4487,3.4766,1.2213,-2.2922,5.1286,0.3423,2.9139,-1.3571,1.0648,2.3753
-0.6184,0.8158,0.5248,4.0633,3.7037,0.6837,3.8936,1.4312,-1.9459,4.9599,0.2669,2.9535,-1.5472,1.4273,2.3601
-0.4681,0.4574,0.4318,4.1756,3.8247,0.7937,3.9689,1.2592,-1.5394,4.4345,0.1413,2.4664,-1.5807,1.4119,2.3771
-0.279,0.425,0.4587,4.399,3.7142,0.6729,4.1225,1.58,-1.5329,4.4344,-0.0627,2.4623,-1.4466,1.5351,1.8101
-0.4855,0.2881,0.549,3.9322,3.819,0.7898,4.3879,1.222,-2.0784,4.6507,0.1229,2.3863,-1.3654,1.485,1.7966
-0.3298,0.5044,0.2818,4.668,3.7208,1.0263,4.8556,0.9066,-2.0014,4.7399,-0.1573,2.3289,-1.1201,1.7023,1.6073
-0.1604,0.4324,0.0079,4.3651,3.5339,0.7579,4.7825,0.7099,-2.0201,4.8008,0.0703,2.252,-0.5312,1.7579,1.8989
-0.1706,-0.0939,0.0998,4.1199,3.0035,1.1305,4.5707,0.7214,-1.5633,4.4615,0.166,2.0909,-0.5145,2.2236,1.8755
-0.4682,0.2073,-0.3577,4.5867,3.1224,1.0303,4.2407,0.2988,-1.615,4.6064,0.2879,1.8582,-0.5225,2.5337,1.8711
-0.3451,0.3777,-0.4269,4.0354,2.8005,0.9238,3.9547,-0.0037,-1.4204,4.1818,-0.0854,2.1615,-0.4023,2.5598,1.5449
-0.3272,-0.0491,-0.4661,3.6652,2.7741,0.781,3.4853,-0.6735,-1.4024,3.7906,-0.4759,1.9621,-0.5575,2.3713,0.9992
0.0921,-0.0168,-0.9969,4.1298,3.1903,0.7044,3.4226,-0.2317,-1.393,4.1208,-0.7206,1.4503,-0.4076,2.9792,0.7077
-0.3695,-0.049,-1.0665,4.0967,2.8554,0.6208,3.4582,-0.3158,-1.1915,4.3657,-0.5653,1.0565,-0.9265,2.7566,0.6105
-1.0653,-0.2009,-1.5602,4.426,2.8598,1.1114,3.3192,-0.4407,-0.8905,3.9373,-0.4186,1.4831,-1.0149,2.6343,0.2934
-0.8093,-0.3967,-1.3908,4.4386,2.735,1.0873,3.5564,-0.4377,-0.6062,3.4055,-0.6791,1.5529,-1.2799,2.5384,-0.0512
-0.1912,-0.0062,-1.0045,4.0204,2.5756,0.8066,3.5455,0.3036,-0.3702,3.2285,-1.2377,1.4633,-1.6047,2.2326,-0.4369
-0.4223,-0.0895,-0.5738,4.1427,2.9605,1.02,3.2174,0.961,-0.3935,2.992,-1.2072,1.126,-1.9354,1.8023,-1.1048
-0.4968,-0.282,-0.3255,4.5816,2.9052,1.1679,3.3966,1.5665,-0.5074,2.7135,-0.7511,1.101,-2.2674,1.3929,-1.0835
-0.2235,-0.2435,0.424,4.6885,3.0927,1.0312,3.5374,1.6151,-1.0077,2.8709,-0.0897,1.3118,-2.5195,0.7821,-0.8975
-0.354,0.2933,0.6579,4.3433,3.3429,0.9539,3.4593,1.8435,-1.3621,3.2405,-0.1224,2.0486,-2.5722,0.145,-0.7203
-0.55,0.3408,0.5975,4.2498,3.2765,0.9926,3.7783,2.4285,-1.3097,3.1886,0.33,2.3604,-2.664,-0.1737,-0.3121
-0.4815,0.3925,0.6877,4.2063,3.1713,1.2567,4.1076,2.6727,-1.5204,2.9127,0.2569,2.1214,-2.7648,-0.4874,-0.05
-0.4494,0.1089,0.8609,4.2397,3.2451,1.3484,3.9504,2.8384,-1.5648,2.8366,0.3296,2.2669,-2.7788,-0.3675,0.1475
-0.539,0.0548,1.1664,3.9887,3.3571,1.3921,3.7862,2.8416,-1.5777,2.988,0.2671,2.4636,-2.7918,-0.5912,0.0146
-1.0622,0.1481,1.5472,4.4902,3.2436,1.5952,4.1296,2.8593,-1.8537,3.3136,0.2194,2.6216,-2.8424,-0.8343,0.0852
-0.6733,0.1685,1.3405,4.6826,3.3942,1.5833,4.0,3.46,-1.8935,3.3789,0.7112,2.5359,-2.749,-0.8613,0.3607
-1.2278,0.2999,1.6012,4.6672,3.5368,1.8173,3.7277,3.226,-2.0161,3.6941,1.053,2.8515,-2.7641,-0.7009,0.6578
-0.4051,0.9575,2.4345,4.4132,3.4485,1.7811,3.9549,3.2459,-1.7253,3.7291,1.3984,3.1474,-2.8728,-1.003,1.1181
-0.199,1.1487,2.5015,4.2065,3.3549,1.5004,4.3988,3.0617,-2.3881,3.9155,1.4398,3.6337,-2.8328,-0.6345,1.3439
-0.192,0.9521,2.017,3.9291,3.6278,1.3465,4.3273,2.6681,-2.1317,3.9773,1.353,3.9625,-2.2539,-0.3852,1.7129
0.1052,1.0369,2.1476,3.6005,3.7693,1.0666,4.0805,2.5181,-2.0467,4.5368,1.0321,3.9006,-2.2019,0.2382,1.9007
-0.2189,0.6586,1.3704,4.3512,3.5177,0.8163,4.2151,2.1391,-2.3927,4.6445,1.2483,3.659,-2.1775,0.2949,2.2101
-0.5214,0.8742,1.2073,4.068,3.1832,0.9642,4.237,1.53,-2.7693,4.8243,0.8622,3.3902,-1.8792,0.4581,2.2705
-0.5915,0.7707,0.7804,4.5622,3.0384,1.2263,4.4827,1.2334,-2.3109,4.436,0.6958,3.1444,-1.3676,1.5277,2.0358
-0.159,0.5892,0.4218,4.4058,3.0315,0.9722,4.3668,0.8318,-1.9038,4.3759,0.1605,2.2823,-1.3582,1.8658,1.6629
0.0375,0.6509,0.2967,4.7193,2.9138,0.6669,4.3442,0.872,-1.5277,4.4134,0.2812,2.4322,-1.1839,2.2127,1.6478
-0.1917,0.664,0.1734,4.7803,2.5876,0.9623,4.0695,0.177,-1.7654,4.259,-0.2902,2.626,-1.2755,2.3466,1.103
0.0144,0.1847,-0.6896,4.4197,2.6769,0.879,4.2006,0.2916,-1.179,3.8395,-0.4513,2.2783,-1.3665,2.3167,0.5883
-0.3236,0.2492,-0.4943,4.4923,2.419,1.0288,3.944,0.5408,-0.4032,3.7643,-0.608,2.1533,-1.3136,2.3419,0.1791
-0.7131,-0.3778,-0.7347,4.9731,2.424,1.1078,4.0712,0.3027,-0.6008,3.4252,-0.6632,1.6752,-1.186,2.0748,-0.2403
-0.451,-0.5362,-0.9468,5.1734,2.7444,1.2238,4.1023,0.9532,-0.0252,3.2396,-0.5463,1.1904,-1.2477,1.9566,-0.4534
-0.3485,-0.4496,-0.0021,5.1236,2.6413,1.1326,3.7095,0.919,-0.0042,3.4674,-0.283,1.121,-1.4967,1.463,-0.5025
-0.4557,-0.2304,0.0788,4.9087,3.0035,0.9523,3.7598,1.7868,-0.2992,3.7244,-0.2187,1.663,-1.7727,1.2216,-0.4922
-0.9503,-0.1879,0.1853,5.142,3.0987,1.1607,3.7331,2.0412,-0.4355,3.4178,0.2037,1.2689,-1.7911,0.9885,-0.3831
-0.6693,-0.1013,0.5138,5.2503,3.1059,1.4192,3.9529,1.6699,-1.1507,3.1532,-0.1452,2.0089,-1.9465,0.5491,-0.45
-0.5723,-0.2114,0.4335,5.2441,3.2738,1.5057,3.9761,1.9836,-1.5249,3.1109,0.0651,1.9489,-1.8469,0.6464,-0.3759
-0.6001,0.1331,0.6982,4.7083,3.5721,1.5313,3.8016,2.2011,-0.9884,3.3387,0.0593,1.9741,-1.712,0.6347,-0.5353
-0.5556,0.1503,0.7549,4.7481,3.3097,1.3634,3.6238,2.0293,-1.3467,3.3573,0.1993,2.0763,-2.0268,0.2886,-0.4624
-0.3585,0.2181,0.9281,5.2067,3.5233,1.1503,3.9965,2.5425,-1.0164,3.537,0.3221,2.0251,-2.2755,0.3556,-0.246
-0.0929,-0.0559,1.4311,4.0894,3.7664,0.9237,4.2252,2.428,-1.5218,3.9237,0.0928,2.2446,-2.2196,0.1974,-0.0979
-0.1005,0.457,1.6452,4.4223,3.5953,0.7864,4.2696,2.8113,-1.4142,4.2232,0.1984,2.2295,-2.1994,0.5509,0.3465
-0.7352,0.6657,1.6421,4.4682,3.7602,0.9929,4.2764,3.0048,-2.2107,3.8763,0.5899,2.0549,-1.797,0.2096,0.4708
-0.526,0.3842,1.8429,4.5474,3.6774,0.9424,3.7921,2.777,-1.99,3.8354,0.6178,2.0357,-2.0205,0.0155,0.5294
-0.6895,0.9321,1.3039,4.8006,3.6779,1.0249,3.9114,2.4964,-2.2002,4.1698,0.6157,2.3517,-2.1916,0.1577,0.6359
-0.5666,0.6818,1.0977,4.629,4.1724,0.913,3.889,2.4074,-1.9571,4.2676,0.5682,2.6728,-2.098,0.3215,0.7986
-0.5762,0.4924,0.9285,4.424,4.229,1.0171,3.3636,2.3133,-1.0892,4.3446,0.4953,2.6075,-1.8249,0.5567,0.9931
-0.4573,0.2751,1.1565,4.6808,3.6131,0.8684,3.8763,1.8627,-1.4266,4.542,0.404,2.7331,-1.905,0.1853,0.9157
-0.4605,0.57,1.158,4.8147,3.4365,0.8619,3.5249,2.1006,-1.9545,4.5208,1.3007,2.7038,-2.1071,0.4772,1.233
-0.4565,0.6584,0.9766,4.7045,3.3052,0.866,3.5624,1.3031,-2.4491,4.4498,0.823,3.2131,-2.0256,0.7261,1.2115
-0.4534,0.4429,0.2023,5.0013,2.9874,0.9573,3.8076,1.3649,-1.1153,4.0624,0.638,3.0219,-1.8528,1.1046,0.8256
-0.1823,0.4119,-0.5449,4.8534,3.2029,0.7119,3.6466,0.8058,-1.323,4.0228,0.3214,3.0001,-1.7671,1.0457,0.7446
-0.4883,0.2122,-0.9965,5.7311,3.1255,0.7613,3.5051,1.2993,-0.4081,3.8225,0.3607,2.6398,-1.7981,1.3788,0.6149
-0.0242,-0.1106,-0.0288,5.005,3.2072,0.697,3.1516,1.3051,-0.5558,3.8148,0.3908,2.2555,-1.8455,0.8897,0.342
-0.2085,0.4823,0.5068,4.7139,3.4225,0.7889,3.8791,1.4068,-0.9401,4.5188,-0.0331,2.607,-2.0449,0.7728,0.1022
-0.2443,0.3092,0.4219,5.2331,3.139,0.6721,3.812,1.8282,-1.2127,4.2445,0.1488,2.2425,-1.8676,0.6414,-0.0605
-0.1655,0.4223,0.5416,4.691,2.7254,0.6834,3.6897,2.1201,-0.8771,3.6673,0.1804,2.1052,-1.6888,0.5196,-0.2393
-0.139,0.3025,1.1697,4.637,2.9538,0.5746,3.9076,2.5512,-0.8967,3.4318,0.3472,2.0787,-1.9365,0.2115,-0.2669
0.0247,0.5682,1.8664,4.3789,2.8145,0.3344,4.0872,2.5329,-0.8516,3.4911,0.6024,2.4986,-1.9207,0.0355,-0.4051
0.0753,0.4639,1.8132,4.6065,3.1551,0.2734,4.1182,2.6581,-1.9444,3.8188,0.9765,2.7144,-2.2239,-0.0233,0.0915
-0.2984,0.561,1.2313,4.5801,3.2747,0.2083,3.9861,2.5913,-1.6815,4.2746,1.0053,2.8817,-2.0761,0.4053,0.4841
-0.0101,0.7838,1.1086,4.5347,3.2146,0.1525,4.095,2.5567,-1.8343,4.3476,0.9084,2.6061,-1.9165,0.3955,0.5797
-0.3905,0.9378,0.7877,4.3554,3.1823,0.9374,3.94,2.3809,-1.481,4.1561,0.9551,2.7734,-1.7223,0.6497,0.6473
-0.1696,0.8212,1.2271,4.3472,2.9427,0.8307,4.1656,2.1044,-1.1785,3.7524,0.3341,3.0949,-1.9332,0.8745,0.3967
-0.1764,0.7863,1.0168,4.6191,2.8533,0.9999,4.2667,1.6025,-1.3274,3.7073,0.4065,2.7376,-1.774,1.1229,0.3336
-0.3626,0.2162,0.5606,5.2717,3.2438,0.9245,3.9514,1.5624,-1.5147,4.0767,0.8411,1.4865,-1.675,1.2765,0.4248
0.0674,0.0097,0.5014,5.0487,3.216,0.4522,3.903,1.954,-0.907,4.2737,0.6822,1.6526,-1.947,1.0288,0.5624
0.1799,0.9474,0.477,4.6852,2.9547,0.4422,4.0134,1.7999,-0.6924,4.314,0.7961,1.7931,-2.0369,0.9039,0.5563
0.1524,0.9584,0.629,4.4862,2.438,0.2945,4.3437,2.012,-0.6572,3.9251,0.4129,2.0812,-2.0649,0.8216,0.441
-0.1606,0.7009,0.7267,4.7522,2.9107,0.3031,4.1096,2.2507,-0.5237,3.2228,0.4134,2.3248,-1.999,0.8397,0.1192
-0.0886,0.5819,1.1832,4.9905,2.8031,0.3585,3.8613,2.4887,-0.6536,3.1586,0.6652,2.2455,-2.0799,0.5686,0.0759
-0.2965,0.7213,1.299,4.7014,3.0672,0.6114,3.7105,2.1144,-0.8998,3.3357,0.897,2.3649,-2.1022,0.4995,-0.1039
-0.0506,0.8253,1.0118,4.2068,3.4676,0.6031,3.8989,1.9476,-1.3002,3.3657,0.72,3.0669,-1.9924,0.4482,0.0226
0.0015,0.6985,1.0128,4.5081,3.3119,0.409,4.2157,1.9635,-1.2613,3.6354,0.7732,3.3088,-1.8322,0.3077,-0.0934
0.2114,1.4171,1.2506,4.714,3.6153,0.521,4.1359,2.0805,-1.6661,3.9692,0.6702,3.7061,-1.8455,0.5453,-0.2385
0.3552,1.0261,0.8994,3.9322,3.4903,0.4353,4.2402,2.6968,-1.6409,3.824,0.6695,3.174,-1.8198,0.6082,0.0701
-0.4933,1.1424,1.5254,4.5124,3.4647,0.8562,3.7629,2.0875,-1.5682,3.9828,0.5497,2.8202,-1.7146,0.7109,0.3939
-0.2307,1.1019,0.8145,4.5245,3.7654,0.8161,3.852,1.9465,-1.9198,3.8977,1.0494,2.5746,-1.8544,0.7238,0.3921
-0.1402,1.2415,-0.1292,4.9179,3.6626,0.7693,3.9836,1.0765,-1.9986,4.6624,0.8001,2.4705,-1.4219,1.2164,0.6746
0.0593,0.491,-0.8461,4.7511,3.0404,0.8449,3.948,1.2794,-0.912,4.4417,0.1553,3.1891,-1.4169,1.2543,0.6699
-0.1028,0.786,-0.3681,4.9797,2.447,0.8733,3.7623,3.0206,0.2808,3.819,0.0559,2.9385,-1.8228,1.5225,0.3943
0.0661,0.2547,0.4235,4.5432,2.4166,0.855,3.5228,2.4102,-0.2724,2.7307,0.0287,2.9544,-1.9978,0.6117,-0.3083
0.2629,0.6615,0.6997,4.6514,2.7358,0.8362,3.3425,2.3938,-0.7427,2.8437,0.179,2.7328,-1.6999,0.5799,-0.4734
-0.2217,0.9849,0.7305,4.6097,2.8025,0.8758,3.584,2.3099,-0.7035,2.8165,0.6415,2.5363,-1.8569,0.4717,-0.2784
0.2895,0.7254,0.3097,4.8787,3.3511,0.5651,3.4826,2.5064,-0.6917,2.9994,0.5325,2.4213,-1.0808,0.62,-0.3664
0.232,1.1521,1.1051,4.6168,3.4151,0.4744,3.6324,2.2157,-0.8614,3.7505,0.5165,2.6435,-1.1675,0.0696,-0.1695
0.1269,1.2356,1.7344,4.5197,3.2017,0.4521,3.9318,2.3332,-0.988,3.6253,0.7189,2.9041,-1.5162,0.2135,0.1027
0.1279,1.0897,1.2645,4.2647,3.44,0.4387,3.765,2.623,-1.6585,3.8841,0.9458,3.0887,-1.6552,0.2417,0.4345
0.4698,1.1675,1.1146,4.4381,3.5763,0.2765,3.94,2.2753,-1.7365,3.9569,0.7808,3.2236,-1.6649,0.409,0.8033
0.2956,1.4102,0.8927,3.87,3.4565,0.3887,3.8063,2.3702,-1.5613,4.1099,0.5337,3.5165,-1.5351,0.3441,0.8931
0.6071,1.5185,0.7642,5.7412,3.2802,0.4801,4.0145,2.0488,-1.7008,4.1689,0.9438,3.3093,-1.2991,0.3804,0.9207
0.3133,1.2545,0.4521,5.3924,3.3882,0.7742,3.9634,1.8218,-1.8924,4.3635,0.8555,2.9251,-0.9591,0.5575,1.2334
0.3697,0.8959,0.2482,5.097,3.2001,0.6834,3.55,1.7304,-1.7362,4.592,0.572,3.2593,-1.3786,0.7865,1.3373
0.1655,0.9587,0.6061,4.7573,2.9449,0.4246,3.6129,1.9456,-1.4808,4.6406,0.0438,2.9208,-1.2339,1.0986,1.3909
0.0207,0.3929,1.0584,4.9394,2.4774,0.632,3.6391,1.7971,-1.7964,4.4358,0.5699,2.2108,-0.9025,1.3003,1.1649
0.5369,0.7594,0.6392,4.3977,2.6609,0.4524,3.6972,1.6776,-1.6819,4.1409,0.3157,2.0502,-0.9111,1.8353,0.9712
0.2661,0.8744,0.4765,4.2138,2.938,0.8336,3.7562,1.269,-1.4726,4.1225,-0.0941,2.02,-0.4274,2.0933,0.6922
0.1099,0.6065,-0.2326,4.473,2.985,0.7627,3.8559,0.4383,-1.7044,4.1153,-0.2936,2.4763,-0.5117,1.9553,0.2976
0.1738,0.4419,-1.0331,4.0504,3.1873,0.9086,3.7166,0.5204,-1.0013,4.1257,-1.0596,2.8513,-0.6364,1.9158,0.2298
0.6917,0.0752,-0.682,4.2671,2.8563,0.8258,4.1022,1.1128,-0.3954,4.2028,-1.2861,2.0424,-0.4598,2.0474,-0.0115
0.257,0.2385,-0.2382,4.551,2.357,0.7826,3.5615,1.3255,-0.5365,4.2537,-0.8564,1.6819,-0.588,1.6972,0.1756
0.2547,0.4007,0.22,4.2254,2.4361,0.9044,3.3014,1.1014,-0.9449,3.8181,-0.7045,1.4364,-0.9926,1.8174,-0.255
-0.1477,0.2488,0.06,4.5061,2.4982,1.2226,3.222,0.8912,-1.2162,3.6758,-0.7793,1.3484,-0.9589,2.1353,-0.6771
0.4511,0.2315,-0.2849,4.7656,2.7854,1.1141,3.5338,1.1585,-1.082,3.7055,-0.5874,1.2493,-1.2677,2.0988,-0.8613
0.1613,0.4544,-0.5597,4.402,2.658,0.9353,3.7323,0.7988,-0.522,3.634,-0.1113,1.5108,-1.2267,1.5423,-0.7771
0.2586,0.2953,-0.1765,4.5245,2.532,0.9356,4.1424,1.3077,-0.1016,3.5283,-0.507,1.701,-1.4694,1.306,-0.6298
0.6855,0.5079,0.422,4.7701,2.3481,0.7419,3.8523,1.5565,-0.7907,3.571,-0.2081,1.5957,-1.0996,0.7896,-0.5561
0.194,0.8927,1.1378,4.7802,2.5323,0.8273,3.6706,1.47,-1.3677,3.7599,0.2617,2.0671,-0.9214,1.0349,-0.2698
0.4936,0.7909,1.1061,4.9482,2.9683,0.6723,3.4905,1.5886,-1.9549,3.8596,0.6698,2.4143,-0.949,1.0934,0.2414
0.7081,0.576,0.3626,4.2039,3.0854,0.4275,3.6192,0.9356,-2.5678,4.5471,0.2738,2.6232,-1.0739,1.4609,0.56
0.4238,0.7899,-0.117,4.1306,2.8096,0.4145,3.6378,0.9557,-2.2286,5.027,-0.1545,2.2367,-0.8719,1.9355,0.6855
0.4508,0.4046,-0.1933,4.0527,2.4082,0.6664,3.3945,0.8481,-0.9052,4.6503,-0.6604,2.1057,-1.0984,2.0714,0.5668
0.2396,0.9065,-0.4034,4.2606,2.8506,1.1755,3.1883,0.8503,-1.0981,4.5475,-0.6893,1.9147,-1.301,2.3088,0.3867
0.139,0.5783,-0.392,4.2819,2.6139,1.0778,3.329,0.6393,-1.0821,4.3001,-0.499,1.6499,-1.3125,1.8986,-0.0551
-0.1388,0.6844,-0.5167,4.6505,2.694,1.1079,3.5044,0.7463,-0.9865,4.3357,-0.5297,1.5644,-0.9884,1.7644,-0.161
0.3185,0.1705,-0.7983,4.0825,2.4112,0.963,3.2934,0.7794,-0.8782,4.2893,-0.8168,1.4742,-1.1719,1.5991,-0.3765
-0.054,0.3086,-0.6001,4.3887,2.4795,1.1955,3.3023,1.4547,-0.0927,4.0419,-0.9979,1.524,-1.363,1.8149,-0.7185
-0.0195,0.4985,-0.3624,4.545,2.7472,1.2499,3.4166,1.4303,-0.5592,3.8831,-0.801,2.0148,-1.2808,1.0385,-0.99
-0.0385,0.6953,-0.154,4.6581,2.7459,1.2983,3.7014,1.694,-0.6811,4.0098,-0.476,2.0331,-1.4891,0.9116,-0.8919
-0.0492,0.8582,0.2892,4.6459,2.6637,1.3499,4.0186,1.6785,-0.8354,4.0951,-0.3598,2.1634,-1.5991,0.4286,-0.581
0.1446,0.9301,0.2266,4.2255,2.4684,1.2783,3.4916,2.042,-1.4352,3.7835,-0.2114,2.1875,-1.4382,0.4367,-0.3883
0.1378,1.15,0.5862,4.3041,2.6675,1.1605,3.4526,1.707,-1.1773,3.3626,-0.452,2.3356,-1.2201,0.435,-0.4246
0.2827,0.6332,0.731,4.4428,2.8358,0.9214,3.467,1.7704,-1.1293,3.4967,-0.3029,2.1405,-1.2864,0.8268,-0.5716
-0.0622,1.0696,0.5149,4.3048,3.1287,1.2354,3.2955,1.6119,-1.4383,3.9407,0.5709,2.0405,-1.2127,0.8004,-0.2692
-0.2147,1.1147,0.4175,4.7108,2.7705,1.4317,3.4396,1.3729,-1.3909,4.2389,0.4246,1.8103,-1.3425,0.9038,-0.018
-0.1999,1.1704,0.0265,4.6442,2.6466,1.4582,3.6053,1.3212,-1.2955,4.0229,0.2701,2.3307,-1.7361,0.6867,0.1162
0.0273,1.0689,-0.2331,4.6213,3.3499,1.3929,3.7113,1.2934,-1.2206,4.311,-0.0477,2.2241,-1.4762,0.792,0.1412
0.0707,1.112,-0.3458,4.6313,2.8925,1.3622,3.6944,1.3635,-1.0164,4.5247,-0.2552,2.138,-1.6261,0.5388,0.0569
0.4235,0.944,0.0268,4.442,2.603,1.056,3.9617,1.5631,-0.824,4.0691,-0.4934,1.3465,-1.4178,0.5018,-0.1137
0.7105,0.7812,0.2439,4.7054,2.6646,0.7386,3.9916,1.7929,-0.3431,3.8479,-0.1591,1.4947,-1.4188,0.6035,-0.115
0.3881,0.5372,0.629,4.9564,2.9084,0.6306,3.6817,1.6195,-0.7041,4.1553,0.2434,1.5557,-1.7678,0.4512,0.106
0.251,1.3138,1.1679,4.6586,2.9806,0.659,2.9057,2.7612,-0.261,4.3743,0.1866,1.8394,-2.0662,0.301,0.3681
0.3722,1.261,1.537,4.849,2.8527,0.9528,3.3057,2.5534,-1.0052,3.8117,0.5981,1.8204,-2.3525,-0.3541,0.0649
0.3827,1.3659,0.7315,5.2026,3.4482,1.0271,3.761,2.8352,-1.3377,3.9565,0.8026,2.2307,-2.4065,-0.2583,0.3312
0.7248,1.4033,1.2504,5.3717,3.0105,0.7612,3.9967,2.7747,-1.1912,4.1625,0.9744,2.4908,-2.0476,-0.5616,0.8446
0.9457,1.3885,1.7094,5.1305,2.8511,0.7719,4.6093,2.7107,-1.2212,4.3852,1.0915,2.6308,-2.0644,-0.71,1.0326
0.6819,1.627,1.7818,4.7025,2.8838,0.8061,4.2543,2.8465,-1.7205,4.5958,1.2085,3.0987,-1.7565,-0.4819,1.5475
0.7808,1.2621,-0.0747,4.3788,3.0013,0.9199,3.9025,2.1048,-1.6564,4.6947,0.5693,3.1028,-1.6571,-0.3084,1.47
0.5658,1.0433,0.5095,4.0579,2.8303,1.067,4.0921,2.0822,-1.3762,4.6871,0.1626,3.5496,-1.788,0.1372,0.9741
1.2125,1.2115,1.1678,4.3099,2.4987,0.6491,4.1832,2.3913,-0.9833,4.3729,-0.2158,2.5566,-1.613,0.3453,0.747
0.754,1.196,1.1194,4.6343,2.8327,0.6861,4.2172,2.3713,-1.3431,4.1252,0.2748,2.813,-1.5536,0.6595,0.8022
0.4801,1.1764,1.1299,4.3687,2.5149,1.0153,4.0487,2.0897,-1.5344,3.9525,0.3825,2.8653,-1.7256,0.7124,0.8064
0.5253,0.9689,1.0697,4.7403,2.0679,1.25,4.0662,1.6827,-1.8078,3.3866,0.2557,2.4425,-1.8198,0.6539,0.5284
0.9118,0.9551,0.6223,4.992,2.3739,1.2884,3.8147,1.4325,-1.5791,3.1558,0.4403,2.0109,-1.499,0.9385,0.2962
0.8817,1.0967,0.906,5.066,2.8394,1.2511,3.6724,1.3469,-1.3609,3.5402,0.6388,2.3773,-1.4156,0.7978,0.5115
0.8739,1.1026,0.9295,5.0281,3.5682,1.239,4.1945,1.3237,-1.613,4.2674,0.4637,3.0359,-1.7555,0.8768,0.5408
0.949,0.9035,0.485,5.3294,3.1947,1.1104,4.2991,1.7665,-1.5318,4.9134,0.3398,3.1187,-1.9373,0.8768,0.9204
-0.0075,1.077,-0.0304,4.9087,2.6037,1.3528,4.5581,1.8083,-1.1905,4.872,-0.025,3.0871,-1.9473,0.6702,1.1433
0.2361,1.143,0.069,5.1596,2.1292,1.6617,4.0882,1.7493,-0.9674,3.6534,-0.0749,3.8,-1.462,0.5217,0.8277
0.4836,1.0897,0.3863,5.0746,2.3665,1.6075,3.8924,1.7005,-1.0076,3.3613,-0.0582,3.4823,-1.8642,0.6334,0.5704
0.2968,0.9001,0.467,5.0441,2.7238,1.6385,4.6005,1.8035,-1.3126,3.6121,-0.0472,3.0682,-1.6949,0.6084,0.2525
0.5361,0.917,-0.2737,5.138,2.8189,1.5231,4.0775,1.8188,-1.262,3.6602,-0.5054,2.9861,-1.4314,0.6547,0.369
0.4591,0.9339,0.2846,5.0383,2.8855,1.9902,4.2385,1.8552,-1.069,3.9484,-0.2819,2.5316,-0.7116,0.5356,0.3305
0.8213,1.2376,0.5637,5.2878,2.6341,1.7407,3.9843,1.778,-0.8661,3.8292,0.2442,2.3201,-0.8712,0.2796,0.6224
0.5197,1.3812,0.6995,4.9133,2.6855,1.8065,4.0279,1.5944,-1.0006,3.7308,0.063,2.797,-1.1359,0.3862,0.8846
0.5879,1.2163,0.4154,4.5913,2.6389,1.6467,3.8328,1.7347,-1.0732,3.6512,0.0133,2.6863,-1.6838,0.4352,0.8689
0.6897,1.0041,0.6533,5.0412,2.7729,1.6329,3.6662,2.0263,-1.1764,3.5167,0.0322,2.7512,-1.4935,0.581,0.796
0.9336,1.3407,0.6374,4.7659,3.0683,1.5561,3.634,1.7911,-1.4691,3.7588,0.1489,2.708,-1.8601,0.4525,0.9343
0.6994,1.4663,0.3883,4.625,2.8282,1.5333,3.5534,2.0467,-0.9796,3.7531,-0.1425,2.9723,-1.6583,0.4534,0.9367
0.4774,1.3242,0.4764,4.9157,2.519,1.6003,3.5221,2.0708,-1.1013,3.2784,-0.0352,2.8962,-1.6328,0.5184,0.8196
0.5698,1.184,-0.0959,4.9117,2.5671,1.9375,3.3856,1.4934,-1.3368,2.8058,-0.223,2.7008,-1.5986,0.3474,0.4637
0.9335,1.0502,0.2041,4.6535,2.3416,1.7639,3.3244,2.1432,-0.6444,3.0492,-0.7057,2.1688,-1.7957,0.6613,0.1209
0.0599,1.1114,0.379,3.9941,3.0209,1.9328,3.6503,2.1537,-0.4859,2.9984,-0.6159,2.5022,-1.7042,0.6852,-0.0757
0.1129,0.818,0.3389,4.945,3.3788,2.0588,3.9938,2.0245,-0.6031,2.9205,-0.2496,2.4906,-1.4382,0.3191,-0.208
0.5638,0.7141,1.0218,5.288,3.2206,2.0417,4.2716,2.3482,-0.5387,3.0856,-0.0957,2.4881,-1.4578,-0.1179,0.2632
0.3726,1.2235,1.474,5.4139,3.4952,2.2077,4.1477,2.4438,-0.7075,3.5092,0.4418,2.9014,-1.3987,-0.3812,0.6786
0.2569,1.6526,1.2236,5.5331,3.3422,2.2307,4.1994,2.0121,-1.8872,3.7757,0.7306,2.7362,-1.3352,-0.6806,1.4068
0.4941,1.7164,0.9949,5.6811,3.4177,2.2556,4.0303,1.7562,-1.5113,3.9132,0.9264,3.2832,-1.3958,-0.3874,1.9321
0.2514,1.136,0.6671,5.0087,3.3704,2.3308,3.9777,1.2156,-2.2494,4.3732,0.7651,3.809,-0.8363,0.0668,2.3214
0.4955,1.1789,-0.2392,4.6334,3.313,2.3084,4.3579,1.0017,-2.1169,4.797,0.5952,3.8193,-0.7433,0.7349,2.6773
-0.0934,1.3055,-0.7924,5.0531,2.7993,2.3924,4.1253,0.7872,-1.5302,4.6579,0.2936,4.1041,-0.627,1.5563,2.6759
0.5794,1.1403,-1.1456,5.4397,2.7744,2.4725,3.9598,0.1638,-1.6622,4.2458,-0.232,3.9508,-0.5088,2.089,2.3297
0.1938,0.9191,-1.6,5.0362,2.7054,2.4657,3.8017,-0.7002,-1.4695,4.3419,-0.9225,3.73,-0.6346,2.4312,2.0762
0.7061,0.9641,-2.0501,5.3057,2.6471,2.3958,3.8987,-0.4949,-0.6195,4.183,-1.1134,3.2796,-0.6227,2.8189,1.3813
0.5802,0.7276,-1.4709,5.1906,2.598,2.4368,3.7247,-0.5476,-0.5907,4.1013,-1.2647,3.0014,-0.55,2.8948,1.1978
0.6646,0.7443,-1.9464,5.2624,2.5355,2.2097,3.435,-0.2669,-0.3829,4.0235,-1.3689,2.443,-0.6038,2.7713,0.7861
0.14,0.9489,-2.0823,4.5382,2.5592,2.2655,3.3257,-0.2318,-0.1131,3.9563,-1.8207,2.6614,-0.7256,2.4671,0.4431
0.583,0.4883,-1.8067,4.8676,2.3179,2.2402,3.4979,0.2088,0.1829,2.8364,-1.8368,2.3366,-0.6554,2.2001,-0.2533
0.4887,0.4543,-1.5962,5.5129,2.7522,2.3178,3.1441,0.4475,0.0194,3.125,-1.3627,2.1972,-0.8985,2.0635,-0.4146
0.8283,0.3731,-1.1623,5.5777,3.0196,2.3047,3.2397,0.4343,-0.2867,3.4482,-0.6727,2.4605,-0.9724,1.6613,-0.3667
0.5471,1.1706,-0.8736,5.4165,3.1658,2.2403,3.515,0.8828,-0.4112,3.8476,-0.2806,2.4783,-1.0608,1.546,0.0962
0.3776,0.4901,-0.6948,5.3973,3.1794,2.3141,3.7272,0.8417,-0.6254,3.7388,-0.5836,2.6803,-1.2077,1.3128,0.4311
0.2129,0.5661,-0.8078,5.4282,2.9416,2.3066,4.1809,1.2488,-0.654,4.3835,-0.3578,3.1344,-1.454,1.1667,1.0161
0.485,0.8431,-0.357,5.2177,2.8691,2.2547,4.3676,1.1566,-0.856,4.1094,-0.5675,2.7996,-1.0199,1.0971,1.091
0.6573,1.0135,-0.1733,5.3197,2.6139,2.0685,3.7492,0.9913,-0.6124,3.7725,-0.858,2.6754,-0.9182,0.7241,0.9814
0.9078,0.8411,-0.5484,4.7489,3.0227,1.9955,3.8878,2.0267,-0.653,3.7761,-0.4867,2.6315,-1.394,0.8838,0.7154
0.492,1.1913,0.2068,5.2533,3.0992,2.1797,3.9418,1.6729,-0.5924,3.8463,-0.0627,2.8767,-1.0598,0.8076,0.9322
0.4927,1.2297,0.3654,4.9099,3.3138,2.1937,3.9905,1.3996,-1.342,3.9371,-0.2604,2.8749,-1.2814,0.5565,0.9786
0.5553,1.141,0.3001,4.9417,3.4521,2.2671,4.1751,0.9653,-1.7044,4.4882,-0.1673,3.0991,-1.2797,0.7704,1.2182
0.3586,0.8504,-0.0337,4.8517,3.0798,2.4851,4.1777,1.1796,-1.7109,4.4406,-0.3124,3.3404,-1.4429,1.1668,1.3402
0.1579,0.9032,-0.2964,4.9062,3.1238,2.3118,4.3076,0.4485,-1.8655,4.2238,-0.4448,3.2025,-1.1852,1.0846,1.2699
0.0954,1.1429,-0.9612,4.9226,3.2241,2.6221,3.4037,0.6436,-1.6397,4.0552,-0.6218,3.0688,-0.9083,1.3006,1.2214
0.2057,0.8064,-1.1731,5.0258,3.0074,2.6918,3.6564,0.7934,-1.8726,4.3075,-0.4556,2.8005,-0.5756,1.6574,1.2813
0.2553,0.8115,-1.1022,4.629,3.0753,2.6088,3.937,0.7024,-0.683,4.0682,-0.9016,2.6748,-0.991,1.7705,0.8961
0.1445,1.0235,-0.497,5.0942,3.1344,2.7898,4.03,0.6369,-0.9855,3.946,-1.0473,2.8265,-1.0499,1.7071,0.921
0.231,0.6459,-0.7498,5.0498,2.9541,2.7737,3.6958,0.8494,-0.7153,3.7241,-1.1754,2.5706,-0.9372,1.6966,0.6114
0.2717,0.7067,-0.5785,5.1928,3.188,2.7092,3.8335,1.0339,-0.7004,3.6529,-1.2632,2.3191,-1.0109,1.6102,0.2438
0.1089,0.7765,-0.612,5.1174,2.9757,2.7723,3.6489,1.572,-0.5924,3.5387,-1.3959,1.9112,-0.8999,1.2083,-0.1493
0.2766,0.8581,-0.4338,5.3575,3.1972,2.6151,3.8915,1.7769,-0.9665,3.3731,-0.9375,2.2127,-1.243,0.7421,-0.1004
0.0295,1.1255,-0.174,5.9341,3.1761,2.5956,4.1435,1.9886,-1.0515,3.7314,-0.1633,2.9222,-1.3765,0.4813,0.1561
-0.4797,1.5106,-0.3209,5.2447,3.3139,3.0261,4.504,2.1495,-1.1099,3.5148,0.1448,3.3018,-1.3578,0.0369,0.6763
-0.2116,1.1822,0.0637,4.859,3.5678,3.1568,4.3747,1.7324,-1.6848,3.166,-0.497,3.6977,-1.3785,-0.3222,0.5714
0.0963,1.2879,0.7456,4.9592,3.628,2.9615,4.6643,2.2479,-1.2061,3.8197,-0.1113,3.7417,-1.3612,-0.0081,0.9859
0.0045,0.9637,0.6865,5.0752,3.5283,3.0123,4.4703,2.1654,-1.7637,4.1378,0.2075,3.7993,-0.9414,0.009,1.6442
0.1622,0.9512,0.374,4.5707,3.4518,3.0536,4.5724,1.7312,-2.47,4.7421,-0.1678,4.1617,-0.8882,0.1025,1.9482
0.2784,1.173,0.2907,4.9869,3.3914,2.7884,5.1969,1.9323,-2.1181,5.1136,-0.2795,3.9529,-0.8803,0.6413,2.1862
0.093,1.0235,0.2917,4.8904,3.4393,2.9288,4.8284,2.052,-2.0629,5.0748,0.0178,4.3423,-0.6595,1.2157,2.6654
0.0519,1.2537,-0.2063,4.6624,3.3815,2.867,4.9409,1.0251,-2.4236,5.0004,-0.3778,4.4855,-0.3635,1.0748,2.6818
0.977,0.9113,0.2218,5.068,3.2313,2.3836,5.1906,0.9121,-2.2712,5.3351,-0.4117,3.9615,-0.3001,1.6347,2.947
0.2882,1.2541,-0.2026,4.8133,3.0001,2.4169,4.8311,0.8011,-2.48,5.9199,-0.7452,3.7037,0.1042,1.9877,3.0372
0.7034,1.7398,-0.3376,4.7426,2.9727,2.3433,4.3573,0.3707,-2.1028,5.3758,-0.7814,3.4525,0.2187,2.6042,2.7975
0.4197,1.0905,-0.5271,4.402,2.9929,2.6704,4.2007,0.4239,-1.8302,5.036,-1.0177,3.0527,0.1961,2.7071,2.411
0.4226,1.3669,-1.4222,4.5464,2.8105,2.6998,4.1324,-0.2929,-1.367,4.8643,-1.4007,3.257,0.1162,2.2789,2.1404
0.0943,0.8227,-1.74,4.8085,2.8157,2.9797,3.9629,-0.1776,-1.3832,4.4543,-1.4092,2.7499,-0.099,2.9663,1.5507
0.0664,0.8144,-2.1462,5.1104,2.1389,2.9751,4.3632,-0.5925,-1.2463,4.0219,-1.7941,2.4232,-0.1822,2.8536,0.858
0.3806,0.8689,-1.9692,5.0679,2.1323,2.7884,4.2078,-0.084,-0.3507,3.348,-1.5231,1.9319,-0.5507,2.7573,0.4957
0.515,0.2329,-1.7508,4.9568,2.4858,2.8504,4.0924,0.2872,-0.0083,2.9936,-1.4194,2.0526,-0.6979,2.6403,0.0193
0.8041,0.3553,-1.2042,4.6651,2.4225,2.5349,4.3976,0.5253,-0.1443,3.4031,-1.5144,1.9622,-0.8534,1.927,-0.1176
0.5251,0.3949,-0.619,5.2102,1.8973,2.5836,4.0756,0.8896,-0.2129,3.2569,-1.1792,1.7329,-0.8605,1.5937,-0.0373
0.3529,0.5687,-0.5395,5.1141,2.4242,2.6802,4.2985,1.6527,-0.5121,2.9671,-0.815,1.9543,-1.1099,1.2943,-0.1334
0.0843,1.2025,-0.4524,5.5817,2.6133,2.7778,4.2483,1.8959,-0.6561,2.9944,-0.4021,2.5489,-1.0655,0.8989,0.304
0.2327,1.4673,0.1529,5.3747,2.8441,2.8649,4.3508,1.3398,-1.1785,2.8932,-0.448,2.3587,-1.2049,0.2982,0.3452
-0.0727,1.1734,-0.3501,5.1888,3.1363,3.216,4.6966,1.9532,-0.7794,3.2962,-0.3221,2.4688,-1.3564,0.593,0.3449
0.1582,0.8798,0.3681,4.7567,2.9465,3.0512,4.8437,1.9253,-0.9961,3.2124,-0.1117,2.5983,-1.4332,0.0805,0.7219
0.6576,0.99,0.3905,4.7599,3.286,2.74,5.2415,2.1922,-1.9688,3.6583,-0.3467,3.2747,-0.8883,-0.1243,0.8964
0.5658,1.0161,0.9073,4.9547,3.3156,2.5681,5.1356,2.2509,-1.6449,4.4753,0.0507,3.3036,-1.1691,-0.0378,1.5382
0.3201,1.1607,1.01,4.6945,3.3848,2.5948,4.9945,2.412,-1.5622,4.8758,-0.2125,3.1682,-0.7639,0.0248,2.1205
0.3376,1.5144,0.6889,4.712,2.9484,2.535,5.1966,2.3803,0.5215,4.1449,-0.3007,3.5212,-0.7258,-0.0616,1.9376
0.2446,1.2682,1.1747,5.1747,3.1582,2.6264,4.8444,2.6843,-0.7036,3.9233,0.0005,3.593,-1.057,-0.4952,2.0081
0.4453,1.2461,1.5452,5.3141,3.3575,3.1115,4.9591,2.9111,-1.6846,4.3599,0.3016,3.1209,-0.9885,-0.5946,2.1729
-0.0551,1.239,1.4752,5.1377,3.5654,2.7793,5.1008,2.7729,-2.2152,4.8357,0.2221,3.1642,-0.5969,-0.3735,2.5636
0.2247,1.402,1.4789,5.1757,3.2778,2.7115,5.0348,2.43,-1.7495,4.6986,0.2705,2.8048,-0.7967,-0.0979,2.8466
0.0123,1.3394,1.3344,4.93,3.5921,2.7498,4.9071,2.2989,-1.7012,4.7885,0.2178,3.1856,-0.4129,0.5616,2.8096
-0.1796,1.4657,1.6563,4.8543,3.4998,2.9936,4.8596,1.4603,-2.3239,4.9154,0.3278,3.3076,-0.4273,0.7055,2.8665
-0.0597,1.1763,0.8727,4.9188,3.5964,2.9811,4.7231,0.9613,-2.0171,4.8635,0.2277,3.6444,-0.2503,1.2198,2.7763
