x0,x1,x2,x3,x4,x5,x6,x7,x8,x9,x10,x11,x12,x13,x14
0.6941,-0.3081,1.6305,0.2898,0.123,0.2383,-0.5993,2.3775,0.4387,-1.1156,0.6556,-0.7228,-1.3413,-1.7909,-2.3908
0.7564,0.1845,2.223,0.0643,0.5203,0.0872,-0.3186,2.6422,-0.2954,-0.7796,1.1387,-0.4508,-2.0456,-1.4943,-1.3521
0.5949,0.2066,2.4619,0.125,0.6039,0.2983,-0.0588,2.1231,-1.085,-0.0827,1.5573,0.0717,-1.4831,-2.7582,-0.3413
0.4292,0.8165,2.1134,-0.1002,0.866,0.3018,-0.0399,2.4022,-1.4664,0.6334,1.3999,0.6403,-1.3606,-2.3308,0.8523
0.4697,0.6037,2.1377,0.0222,0.7161,0.2626,-0.1193,1.9924,-1.6794,0.9012,1.456,0.8058,-1.2241,-2.2828,0.7502
0.3509,0.553,1.8527,0.0298,0.6522,0.3029,-0.0001,1.9434,-1.5523,0.8605,1.3144,0.6546,-1.3849,-1.9256,0.9302
0.0739,0.5129,1.5773,0.0013,0.5216,0.636,0.1274,1.4338,-1.7525,0.8085,1.4526,0.7119,-0.5151,-2.1573,1.0373
0.2891,0.6318,1.3338,-0.1475,0.6735,1.0529,0.0684,0.7528,-1.8367,0.4393,1.4209,0.9901,-0.4186,-1.6772,1.2305
0.0307,0.4907,0.6819,-0.2811,0.475,1.1347,-0.1245,0.467,-1.656,0.8552,1.1854,1.0774,-0.2937,-0.9803,1.7055
0.4121,0.0946,0.5557,-0.0742,-0.0822,1.1212,0.03,-0.6866,-1.5704,1.0035,0.8467,1.3195,-0.0754,-0.6331,2.282
0.5096,0.2409,-0.0559,0.096,-0.1782,0.9909,-0.0955,-0.7309,-1.5082,1.298,0.4002,1.179,-0.0398,0.1242,2.3888
0.5046,0.3398,-0.4932,0.0051,-0.3412,0.7535,-0.2976,-0.8084,-0.9949,1.2392,0.2529,0.7397,0.137,0.6466,2.0191
0.2669,-0.0544,-0.9021,0.0583,-0.5691,0.5212,-0.3647,-0.9024,-0.6489,0.7734,0.0727,0.2043,0.1083,1.0757,1.447
0.1828,-0.2518,-1.0261,0.123,-0.8264,0.6501,-0.4586,-0.9952,-0.2937,0.4008,-0.2389,0.2086,-0.162,1.3273,0.55
0.5411,-0.3701,-0.8478,0.2304,-0.3469,0.2995,-0.6615,-0.3449,0.1649,0.0366,-0.267,-0.1591,-0.2176,1.3898,0.324
0.4073,-0.4783,-0.4775,0.3878,-0.5613,0.1254,-0.9897,-0.0076,0.3064,0.0062,-0.0821,-0.1833,0.0138,1.7911,-0.0885
0.141,-0.3996,-0.2774,0.3323,-0.5274,0.4177,-1.0975,-0.7283,-0.046,-0.5589,0.0131,-0.1826,0.24,1.3553,-0.6404
0.1808,-0.3346,-0.4746,0.1221,-0.3006,0.8072,-0.9502,-1.1507,-0.2576,-0.2488,-0.182,-0.3697,-0.0767,1.2535,-0.7163
0.3537,-0.4821,-0.6956,0.2724,-0.5709,0.6451,-0.9673,-0.744,-0.2362,0.0083,-0.239,-0.5246,-0.3247,1.3288,-0.5661
0.5915,-0.6086,-0.5523,0.3926,-0.9167,0.8061,-1.0871,-0.8683,0.0092,0.101,-0.1124,-0.5635,-0.3475,1.9237,-0.4966
0.4916,-0.3432,-0.5229,0.5674,-1.2224,0.6656,-0.9761,-1.0615,-0.1545,-0.1156,0.0198,-0.3951,-0.1286,2.1107,-1.2859
0.2988,-0.277,-0.7509,0.3314,-0.9895,0.7443,-0.9598,-2.083,-0.519,-0.7398,-0.3236,-0.4551,0.2688,1.6548,-1.299
0.3031,0.0027,-1.3025,0.3226,-1.2826,0.6382,-0.8463,-1.4402,0.2254,-1.1854,-0.6167,-0.3619,0.1815,1.8343,-1.1505
0.1649,-0.3512,-1.3217,0.2045,-0.7728,0.5728,-0.9382,-0.6535,0.7166,-1.1288,-0.7239,-0.5425,0.1956,1.8281,-1.5061
0.0953,-0.6462,-0.9123,0.3938,-0.6859,1.1255,-0.8981,-0.8871,0.5882,-0.8686,-0.6103,-0.9295,0.2912,0.9797,-1.6878
0.2026,-0.5542,-0.4366,0.7612,-0.4268,0.587,-0.7584,-0.7314,0.5164,-0.5182,-0.4299,-0.9402,0.1213,1.2731,-1.1904
0.3566,-0.5345,-0.5065,0.7525,-0.6441,0.5954,-0.7895,-0.7061,0.3595,-0.0562,-0.4395,-0.9797,0.2793,1.1639,-1.0401
0.2223,-0.4834,-0.6071,0.5094,-0.6527,0.6977,-1.1031,-0.6559,0.3193,-0.3615,-0.5099,-0.9404,-0.1441,1.1696,-0.91
0.4817,-0.5477,-0.5775,0.728,-0.5479,0.6489,-1.1568,-0.2008,0.6991,-0.3407,-0.4303,-0.7385,-0.3082,1.1943,-1.0126
0.2302,-0.3679,0.0369,0.7292,-0.7186,0.5685,-1.1546,0.1092,0.7329,0.0007,-0.1885,-0.9363,0.0065,0.8903,-1.6738
0.3777,-0.1194,0.4137,0.6167,-0.5034,0.6565,-1.1073,0.244,0.4048,-0.4568,0.0745,-0.743,-0.0702,0.3234,-0.9603
0.1995,-0.015,0.5216,0.6301,0.1528,0.7384,-0.9469,0.0807,0.1435,-0.1457,0.0815,-0.458,-0.0223,0.3048,-0.6812
0.4481,0.2005,0.4672,0.7756,0.0882,0.7685,-0.7799,-0.3677,-0.4892,0.3872,0.0752,-0.3866,0.0605,0.2597,-0.4563
0.582,0.1325,0.1803,1.0555,-0.3374,0.631,-0.5841,-0.0763,-0.2315,0.7979,0.2929,-0.132,-0.2614,0.9268,0.2379
0.2605,0.5135,0.0255,0.7265,-0.2118,0.5129,-0.6125,-0.5329,-0.38,0.252,0.064,-0.0881,-0.404,1.2697,0.0611
-0.3223,0.0508,-0.6494,0.5867,-0.161,0.815,-0.8464,-0.8181,-0.3479,-0.1069,-0.1783,0.1569,-0.2217,0.9737,-0.2003
0.1489,-0.1126,-0.9455,0.8426,0.057,0.5193,-0.8669,-0.5543,0.3351,0.2432,-0.5087,-0.1103,-0.1863,1.1627,-0.158
0.1051,-0.1411,-0.7147,0.9314,-0.3029,0.5506,-0.9367,-0.7592,0.308,0.4521,-0.5682,-0.2553,-0.2319,1.4813,-0.4322
0.3616,-0.2744,-0.8457,1.087,-0.2626,0.6486,-0.9634,-1.1687,-0.051,0.3069,-0.7352,-0.3116,-0.0746,1.9456,-0.2526
0.2765,0.0399,-1.3301,0.9432,-0.519,0.6309,-0.9931,-1.2606,0.2088,0.3444,-0.7263,-0.4752,0.1246,1.5865,-0.3964
0.4351,-0.0731,-1.4689,1.0259,-0.5311,0.7032,-1.4227,-1.5322,0.3556,0.1276,-1.0053,-0.6501,0.0756,1.5502,-0.4982
0.1903,-0.168,-1.5767,0.998,-0.7516,0.6743,-1.502,-0.7039,0.8192,0.4272,-1.0676,-1.0973,-0.2052,1.9052,-0.6628
0.736,-0.1276,-0.7676,0.8331,-0.7927,0.246,-1.499,-0.6777,0.9282,-0.0982,-1.1084,-1.0159,-0.1642,1.3658,-1.1313
0.0763,-0.0806,-0.7967,0.9862,-0.386,0.4781,-1.3784,-0.5419,0.8884,-0.0528,-0.9376,-0.9666,-0.4084,1.3764,-1.4235
0.558,-0.1945,-0.643,1.1736,-0.4522,0.2482,-0.9456,-0.7883,0.4804,-0.5641,-0.6703,-0.844,-0.4038,0.9972,-0.2867
0.6799,0.0362,-0.5534,1.1388,0.194,0.0738,-0.9731,-0.242,0.5404,0.3929,-0.5507,-1.0499,-0.3253,1.5065,-0.0907
0.1903,0.3711,-0.5188,0.9424,0.0635,0.199,-0.8042,-0.3376,0.4964,1.0118,-0.4986,-0.6597,-0.2953,1.2582,-0.1138
0.1482,-0.0064,-0.2751,1.0857,0.1456,0.2318,-0.8362,-0.365,0.4736,0.8032,-0.3195,-0.6259,0.0229,0.7321,-0.2734
0.1194,0.287,-0.5234,1.1491,-0.3713,0.5257,-0.6259,-0.0908,0.3969,0.7407,-0.4668,-0.4229,-0.0197,0.5483,-0.252
0.1509,0.2979,-0.5066,1.1509,-0.9567,0.5115,-0.8539,-0.1551,0.549,-0.2326,-0.4656,-0.3077,-0.2595,0.35,-0.6292
0.206,0.0418,-0.1971,1.2878,0.5164,0.5229,-1.0943,0.0924,0.708,-0.1698,-0.4448,-0.4829,-0.2466,0.3768,-0.7684
0.3906,0.2426,-0.1932,1.2768,0.5306,0.5161,-0.811,0.0773,0.3661,0.5258,-0.4364,-0.3377,-0.5211,-0.2916,-0.6568
0.5037,0.4856,-0.1068,1.0407,0.0365,0.2539,-0.5722,0.1948,0.4335,0.3628,-0.2415,-0.1852,-0.4064,-0.0996,-0.3307
0.4025,0.4374,0.1157,1.1964,-0.7246,0.1383,-0.7068,0.3433,0.5425,0.3313,0.1296,0.3831,-0.3151,0.091,-0.3091
-0.1385,0.491,0.1214,1.1794,-0.5379,0.2893,-0.8268,0.7505,0.3836,0.1209,-0.0106,0.482,-0.5766,0.235,-0.1606
0.4836,0.5476,0.6113,0.977,-0.2492,-0.1636,-0.9556,0.4724,0.1263,-0.4235,0.0869,0.6806,-0.5446,0.3967,-0.3131
-0.0224,0.8116,0.6155,0.9991,0.5245,0.1194,-0.9444,0.2323,-0.2369,0.5875,-0.072,0.3724,-0.3145,0.4397,0.3608
0.3543,0.4845,0.4547,0.9757,0.2727,0.0468,-0.6892,0.5406,0.005,0.4915,-0.3447,0.1991,-0.2078,0.4758,-0.1974
0.5196,0.3851,0.5162,0.7661,-0.0859,0.1559,-0.8657,0.5012,-0.0453,0.4262,-0.0564,0.055,-0.2689,0.196,-0.1609
0.3295,0.4805,0.5319,0.8637,-0.5429,0.2672,-1.1467,0.3669,0.0653,0.0738,0.0968,0.1775,-0.1692,0.4961,-0.0441
0.2936,0.3538,0.2787,1.088,-0.6146,0.2986,-1.0824,0.2909,0.2011,-0.5907,0.2703,0.1466,-0.2741,0.2579,-0.3699
0.1824,0.4934,0.3684,1.034,-0.1587,0.5183,-0.7999,0.3731,0.3088,-0.5989,0.0749,0.4283,-0.3847,0.1112,-0.4237
0.5491,0.1878,0.5961,1.1372,-0.0765,0.4683,-0.7219,0.3701,0.1374,-0.5448,0.2396,0.3555,-0.5558,0.3117,-0.75
0.5865,0.4188,0.5538,0.8935,-0.1883,0.2952,-0.6393,0.1454,0.0599,-0.2165,0.307,0.5444,-0.2812,0.7978,-0.7569
0.3375,0.1244,0.3224,1.2181,0.1348,0.1179,-0.7122,-0.3685,-0.1178,-0.1099,0.1983,0.6659,-0.1894,0.9581,-0.3033
0.3324,0.5344,0.214,1.2197,0.4363,0.3038,-1.0031,-0.4342,0.0266,0.2479,-0.0927,0.632,-0.0551,1.1238,-0.21
0.1287,0.2443,0.0501,1.1548,0.1893,0.5166,-0.9072,-0.301,-0.0923,0.3753,-0.1605,0.3621,0.2743,0.931,-0.0325
0.1489,0.1631,-0.0109,0.9896,0.6261,0.5951,-1.1431,-0.0937,0.14,0.3143,-0.1761,0.0781,-0.2194,0.7208,0.2264
0.4775,0.1295,0.2244,0.9893,0.3924,-0.0003,-0.9716,0.0443,0.4693,0.4893,-0.4398,0.0461,-0.3584,1.2978,0.1366
0.3166,0.0867,0.3252,1.1087,0.1723,0.0629,-0.9224,-0.4327,0.3609,0.2983,-0.3079,-0.0201,-0.3251,0.8139,-0.1509
-0.3416,0.4319,-0.1677,1.1154,0.5518,0.7095,-0.8866,-0.5895,0.2225,0.3303,-0.3793,0.3391,-0.2147,0.8243,-0.2154
0.0833,-0.0543,0.1222,1.3682,0.5066,0.481,-0.7286,-0.4757,0.4854,-0.2674,-0.2552,0.3561,-0.3108,0.7018,-0.5105
0.0526,-0.1494,-0.0477,1.4581,0.3783,0.4729,-0.6888,-0.1236,0.4715,0.0795,-0.0652,0.6907,-0.7883,0.549,-0.3181
0.0631,-0.0333,0.5302,1.3647,0.2568,0.2339,-0.7598,0.0617,0.2936,0.1118,0.0024,0.6055,-0.7406,0.4266,-0.1407
0.15,0.0552,0.6161,1.3193,0.0548,0.2528,-0.7643,0.174,0.069,0.2582,0.1797,0.461,-0.5813,-0.4145,-0.0809
0.112,0.41,0.7521,1.0724,0.2988,-0.0368,-0.8412,0.6789,0.2778,0.0771,0.32,0.1293,-0.7458,0.0204,-0.0177
0.1884,0.3615,1.171,0.8668,0.1042,-0.2554,-0.816,0.6913,0.3097,-0.2267,0.318,0.3555,-0.7546,0.2108,0.0547
0.139,0.1069,1.1576,0.9531,0.6165,-0.0118,-0.7369,0.5875,-0.0065,-0.1916,0.5875,0.6872,-0.7542,0.2559,-0.3442
-0.0779,0.1526,1.0512,1.238,0.5018,0.2655,-0.6352,-0.0345,-0.3814,0.1757,0.7012,0.9244,-1.1805,-0.3027,0.2734
0.2496,0.0701,1.0023,1.1123,0.3729,0.1481,-0.2567,0.4789,-0.0813,0.3352,0.5854,1.1729,-1.0228,0.2507,-0.1101
-0.6534,0.3905,0.5021,1.3967,0.7152,0.6055,-0.3289,0.1596,-0.3205,0.5952,0.565,1.2792,-0.4646,0.2553,-0.1668
0.0148,-0.1573,0.4859,1.2551,0.1085,0.605,-0.4204,-0.4762,-0.4511,0.0632,0.4763,1.1929,-0.1327,-0.0709,0.1358
0.1247,-0.103,0.6209,1.4432,0.2466,0.6324,-0.5938,-0.4631,-0.2107,0.2627,0.5433,1.1292,0.1301,0.8454,-0.2017
0.5471,-0.1807,0.4051,1.4686,-0.0954,0.4817,-1.0519,-1.0867,-0.2315,0.3231,0.6009,1.0563,0.1723,0.8046,-0.0234
0.4317,-0.0295,-0.0338,1.5993,-0.2368,0.4266,-0.9866,-1.228,-0.3081,0.5279,0.5929,1.2344,0.2442,1.3007,0.0916
0.3813,-0.0131,-0.2697,1.4652,-0.9302,0.7226,-0.803,-1.4183,-0.0232,0.3039,0.1818,1.2916,0.41,1.5718,-0.2685
0.3401,-0.2949,-0.6196,1.546,-0.7036,0.6956,-0.9513,-1.9981,0.0593,-0.5136,-0.2305,1.2252,0.6685,2.0535,-0.7776
1.3585,-0.5479,-0.4422,1.2242,-0.0654,0.0962,-1.2446,-2.0848,0.355,-0.5141,-0.4442,0.8234,0.5911,2.3833,-1.6224
0.1986,-0.1952,-1.047,1.1425,-0.0136,0.3217,-1.1975,-2.1478,0.2438,0.5188,-0.8795,0.6613,0.3612,2.2481,-0.9541
0.4596,-0.8073,-1.1911,1.5148,-0.0636,0.3696,-1.1369,-1.7398,0.8309,-0.17,-0.8578,0.3116,0.2432,2.0166,-1.426
1.0513,-1.1582,-0.6802,1.5433,-0.0918,0.4088,-0.9511,-1.7782,0.9323,0.0266,-0.8159,-0.06,0.4435,1.5711,-1.3759
0.8915,-0.5061,-0.484,1.4842,-0.2658,0.0661,-1.061,-1.2429,0.8786,0.688,-0.704,-0.051,0.3715,1.6324,-1.1011
0.3042,-0.3105,-0.298,1.3832,-0.4051,0.0054,-1.0373,-0.6861,0.6516,0.6187,-0.5857,-0.2024,0.2304,1.7027,-0.9506
0.6767,-0.3527,0.1174,1.1882,-0.4531,0.1238,-0.8998,-0.8791,0.3254,-0.2974,-0.604,0.1003,-0.0802,1.4382,-1.6272
0.4927,-0.3041,0.0465,1.1856,-0.1088,0.3466,-0.9986,-0.7755,0.2206,-0.3416,-0.3462,0.1342,0.2815,1.3456,-1.9828
0.7354,-0.3772,0.3152,1.1487,-0.0361,-0.0045,-1.1117,-0.3006,0.3705,-0.5863,-0.5381,0.1591,-0.1936,1.2122,-2.3768
0.7471,0.025,0.466,1.2632,-0.2075,0.2092,-1.1084,-0.0457,0.3706,-0.5478,-0.3005,0.369,-0.3692,0.7494,-2.0561
0.4569,0.0655,0.6614,1.1093,-0.1739,0.2935,-1.0407,0.3883,0.0749,-0.7873,-0.2482,0.1271,-0.5792,0.5003,-2.0783
0.5046,0.0623,0.7621,1.2634,-0.2128,0.3472,-1.1285,0.2659,-0.1913,-1.2134,0.0737,0.7641,-0.5847,0.2288,-1.9498
0.5904,-0.1159,0.7298,1.0249,0.377,0.341,-1.1475,0.7127,-0.1165,-0.7557,0.1352,0.695,-0.7654,0.2578,-1.4823
0.5492,-0.0706,1.2615,1.1638,0.4696,0.3242,-1.3904,0.5652,-0.0506,-0.0422,0.2723,0.584,-0.8283,0.1701,-1.4493
-0.6952,0.1661,0.6555,1.0887,1.0007,0.7792,-1.2592,0.6763,-0.3582,0.4535,0.2404,0.5707,-0.9347,-0.286,-1.3656
0.2998,-0.1258,0.84,1.0089,0.5892,0.7857,-0.9077,1.0616,-0.0503,0.0313,0.1861,0.8199,-0.9495,-0.5035,-1.2705
0.6299,-0.0684,1.4669,1.4345,0.0607,0.6334,-0.7718,0.6184,-0.312,0.1644,0.4693,0.6696,-0.7508,-0.6051,-1.9369
0.6426,0.3592,1.4157,1.2029,0.3263,0.9108,-0.602,0.6578,-0.612,0.0277,0.7414,0.7132,-0.4282,-0.6624,-1.3397
0.2601,0.2937,1.1729,1.213,0.1562,0.9794,-0.5813,0.6339,-0.6104,0.0126,0.7479,0.6823,0.0482,-0.352,-0.7103
0.7086,0.4883,1.1325,1.2974,-0.4343,0.5143,-0.7248,0.2054,-0.6185,-0.4178,0.5281,0.9859,-0.1397,-0.6194,-0.8576
0.8463,0.3163,1.0922,1.2515,0.5598,0.3384,-0.8143,0.7282,-0.2434,0.0085,0.5016,1.2336,-0.2939,-0.2628,-0.3485
0.8292,0.5985,1.5959,1.239,0.6193,0.4105,-0.6022,0.9572,-0.2179,0.6743,0.5989,0.6852,-0.3903,-0.4528,-0.7019
0.915,0.1926,1.623,1.2302,0.6292,0.5896,-0.8977,1.0215,-0.1231,0.6138,0.7976,0.6978,-0.3131,-0.628,-0.6322
0.9299,0.447,1.8582,1.1888,0.7333,0.5099,-0.6811,0.7851,-0.5154,1.0844,0.8311,0.5211,-0.2365,-0.1609,-0.6382
0.6814,0.5253,1.6876,1.2325,0.8109,0.8127,-0.8883,0.6491,-0.7416,1.1931,0.818,0.8287,-0.0421,0.1702,-0.219
0.9313,0.7238,1.5423,1.0914,0.4138,0.5853,-0.4023,0.0832,-1.1781,1.2052,0.6301,0.789,-0.5721,-0.2875,-0.0865
1.325,0.3801,0.5392,1.143,0.7813,0.2813,-0.3402,0.8258,-0.4224,1.1581,0.194,1.284,-0.353,0.1828,-0.0152
1.2098,0.3999,1.1571,1.336,0.8197,0.1345,-0.3435,0.6694,-0.137,1.3033,0.1662,0.7932,-0.5116,0.2284,0.4712
0.6854,0.4622,1.2148,1.1172,0.7356,0.4164,-0.3566,0.8383,-0.2897,1.2694,-0.1107,0.8746,-0.1722,-0.0097,0.4801
0.9135,0.5355,1.2552,1.0489,0.4358,0.4269,-0.3035,0.7336,-0.1189,0.9297,-0.1799,1.2513,-0.3575,-0.1731,0.2285
1.0751,0.503,1.5684,1.1982,1.0541,0.3289,-0.7261,1.5096,0.2231,1.0518,0.1844,1.0188,-0.2589,-0.1134,-0.0081
1.2254,0.6693,2.1088,1.2511,0.62,0.1381,-0.4182,0.9169,-0.3789,1.313,0.5157,0.8016,-0.2989,-0.7636,-0.1582
1.0251,0.7391,1.6798,1.1985,0.5809,0.3852,-0.6287,0.9263,-0.6673,1.1703,0.7162,0.7612,-0.7482,-1.2233,-0.4261
1.1955,0.7379,1.6293,0.9442,0.814,0.4886,-0.4518,1.3025,-0.2858,0.9885,0.3194,0.7432,-0.6624,-1.0735,-0.5141
0.5463,0.6263,1.6566,1.1949,0.6934,0.6565,-0.4679,2.0528,-0.0649,0.9477,0.5955,0.6343,-0.6943,-1.1138,-0.6654
0.769,0.5993,2.1551,1.1178,0.4348,0.6434,-0.4942,1.8973,-0.1574,0.4285,0.7438,0.6354,-0.556,-1.4793,-0.68
0.8162,0.6352,2.2173,1.2173,0.7283,0.5742,-0.5655,2.107,-0.4536,0.576,0.9274,1.1296,-0.7732,-1.3415,-0.6265
0.6888,0.6653,2.1848,1.2202,0.92,0.7329,-0.5773,1.5152,-0.8742,1.052,0.8831,1.1818,-0.6905,-1.3303,-0.5265
0.9555,0.8096,1.9521,1.2942,0.9723,0.5543,-0.4444,1.5565,-0.5956,0.6305,1.0282,1.3236,-0.4858,-1.1454,-0.4165
1.183,1.356,2.0081,1.0815,0.9141,0.3627,-0.1187,1.5718,-0.4563,1.0841,0.9168,1.316,-0.4211,-0.7714,-0.1874
1.153,1.0612,2.0306,1.1758,0.9573,0.3698,-0.2782,1.2683,-0.8546,1.0627,0.9526,0.9414,-0.1736,-1.1687,0.9391
1.1829,1.0143,1.7688,1.3588,0.1437,0.365,-0.2216,1.2237,-0.7416,1.3822,0.7121,1.1166,0.0527,-0.6312,0.5889
1.0286,0.8429,1.5219,1.7405,0.3266,0.1743,-0.3815,1.1959,-0.5389,1.0492,0.8012,1.0162,-0.0572,-0.0822,1.4779
0.6384,0.8023,1.3652,1.5059,0.7888,0.6742,-0.5743,0.8629,-0.5385,1.4709,0.8038,1.5835,0.1442,0.2392,1.0623
1.0162,0.7496,1.2994,1.6313,-0.4445,0.7161,-0.5089,0.5843,-0.5701,0.9653,0.8938,1.316,0.2936,0.3514,0.4986
0.9899,0.6658,0.9558,1.4281,0.1205,0.749,-0.728,0.8066,-0.3093,0.3574,0.7645,1.0327,0.3081,0.726,-0.0697
0.8242,0.4668,0.8537,1.4956,0.3699,0.5032,-0.7501,0.1087,-0.5,0.995,0.665,0.7722,0.0104,1.7613,0.1661
0.7619,1.3032,0.5038,1.6117,0.5919,0.6838,-0.9049,-0.7028,-0.4911,1.6466,0.4055,0.6962,-0.0401,1.9387,0.54
1.1293,0.9734,0.0506,1.5446,0.2543,0.5869,-0.9164,-0.9484,-0.5302,1.3346,0.1025,0.3122,-0.2469,2.1428,-0.2386
0.8397,0.6208,-0.3824,1.6996,0.3864,0.9652,-0.8729,-0.894,0.1325,0.8377,-0.1633,0.2279,0.1352,1.7844,-1.2405
0.8164,0.1103,-0.5983,1.8162,0.4771,0.7196,-1.0305,-0.3491,0.6343,0.8495,-0.264,-0.0014,0.212,1.9815,-1.268
1.0916,0.1049,-0.157,2.0463,0.0005,0.6566,-0.8689,-0.0847,0.7124,0.8757,-0.0961,-0.1517,0.0046,1.5617,-0.928
0.6838,0.4476,0.2425,1.9682,-0.0073,0.6473,-0.8952,-0.1277,0.5579,0.6651,-0.2037,-0.0416,-0.1482,1.3111,-1.4825
0.3498,0.4746,-0.0048,2.0267,-0.1239,0.8988,-0.9301,-0.0487,0.2324,0.3174,0.1356,-0.2823,-0.2847,0.9857,-1.4918
0.6559,0.3873,0.3422,2.1378,0.6509,0.6917,-1.0117,-0.4129,0.2255,-0.0179,0.1224,0.12,-0.0563,1.3403,-1.3829
0.8726,0.3877,0.2162,2.0844,0.7926,0.7035,-0.9,-0.7768,0.0929,0.489,0.2806,0.2109,0.0177,0.8565,-1.4019
1.1634,0.3384,0.1914,1.9659,0.6863,0.4745,-0.5983,-0.2478,0.1377,1.1107,0.1453,0.2979,0.4774,1.4466,-0.6956
0.7714,0.4871,0.3487,2.0175,-0.3749,0.7797,-0.3599,-0.6111,0.077,1.246,-0.1204,0.2724,0.3097,0.9275,-0.5433
0.5949,0.5596,-0.0643,1.7738,-0.2484,0.6849,-0.7664,-0.0417,0.4153,0.583,-0.2821,0.4234,0.1546,1.5602,-0.7834
0.7718,0.2239,0.3903,1.8382,-0.1124,0.4398,-0.835,0.0847,0.587,-0.0569,-0.2179,0.0393,0.2874,1.3394,-1.1045
0.6564,0.4234,0.4251,1.8474,0.0895,0.5411,-0.9165,-0.3294,0.3117,0.4358,-0.098,-0.1344,0.3755,1.1003,-1.1894
0.6427,0.2901,0.2242,1.5081,0.0955,0.6207,-0.8534,-0.0177,0.4335,0.2295,0.2105,-0.0893,0.3112,1.052,-1.2455
0.6114,0.349,0.4414,1.9175,0.4488,0.4365,-0.8879,-0.5567,0.2656,0.6713,0.2685,0.1551,0.5328,0.8633,-0.8976
0.5937,0.605,0.3262,1.8953,0.3392,0.5827,-0.7112,-0.2963,0.2335,1.1728,0.2084,0.531,0.1344,0.7587,-1.2887
0.5337,0.3105,0.2038,1.8412,0.0979,0.6127,-0.3119,0.1032,0.3312,0.8327,0.011,0.5477,-0.0946,0.5901,-1.1998
0.1284,0.0914,0.3316,1.6973,-0.1426,0.9069,-0.1869,0.4269,0.3198,0.494,0.0923,0.3132,-0.2141,0.6514,-0.9095
-0.0562,0.5065,0.6106,1.7192,-0.0164,1.2264,-0.338,-0.3975,0.0507,0.2453,0.3691,0.347,0.1888,1.0431,-0.888
0.1593,0.5021,0.3104,1.7174,-0.0826,1.4058,-0.4886,-0.9648,-0.1871,0.0035,0.2629,0.3731,0.0608,1.1471,-1.5471
0.0754,0.1717,-0.158,1.5951,0.215,1.2815,-0.6302,-0.7703,-0.023,0.2452,-0.0513,0.2507,0.3595,1.3163,-1.4507
0.6327,0.2224,-0.0561,1.668,-0.2285,1.1355,-0.7994,-0.6304,0.503,0.7992,-0.17,0.2559,0.2037,1.2651,-2.0573
0.6769,0.436,0.0372,1.6242,-0.0443,1.2119,-0.9243,-0.7577,0.5415,0.4025,0.1579,0.0505,0.3813,1.3437,-1.743
0.5908,0.4363,0.1082,1.6948,-0.4025,1.0445,-0.3976,-0.6346,0.625,0.4831,0.001,0.0829,0.3789,1.2762,-2.3739
0.3199,0.5179,-0.0515,1.551,-0.0974,1.0756,-0.623,-0.0948,0.8321,0.1574,-0.2278,0.1953,0.0489,0.8162,-2.3553
0.3092,0.554,0.1389,1.4168,0.4351,1.2491,-0.4946,0.0641,0.7782,0.1255,-0.1553,0.1933,-0.0544,0.6466,-2.0665
0.4138,-0.004,0.3153,1.6657,0.521,0.9601,-0.3263,0.7979,0.8969,0.1532,0.0126,0.1841,-0.4595,-0.4011,-1.7552
0.5213,0.4301,0.9112,1.6029,-0.059,1.2173,-0.0557,1.3464,0.9805,0.1963,0.0047,0.0754,-0.2706,-0.4439,-1.7864
0.7868,0.5737,1.5048,1.6261,0.4123,0.9695,-0.5018,2.6776,0.8062,0.2015,0.3246,0.1499,-0.4617,-0.1537,-1.2332
0.6209,0.6904,2.2982,1.7787,0.4257,0.8341,-0.4274,2.0373,-0.0235,1.0323,0.8468,0.4131,-0.9666,-1.1755,-0.2431
0.5217,1.1796,2.4357,1.8611,0.9983,1.7247,-0.4053,2.3878,-0.3902,1.1463,1.3328,0.5448,-0.9959,-0.8704,0.2373
0.7519,1.0493,2.8427,1.4788,0.7138,1.2054,-0.2756,2.0043,-0.8423,1.2804,1.4836,1.2307,-1.6023,-1.3276,1.0154
0.6832,1.339,2.4735,1.3184,0.7572,1.0614,-0.286,2.8784,-0.4975,1.5904,1.5796,1.5675,-0.8854,-0.733,1.1964
0.7555,1.0986,2.9208,1.3978,0.723,0.944,-0.1721,2.1431,-0.8512,1.4049,1.4787,1.5973,-0.5549,-1.0906,1.1412
0.4512,1.3806,2.3552,1.3238,0.8927,1.1687,-0.1313,2.3606,-0.9633,1.4205,1.3078,1.7504,-0.3839,-0.3079,1.6539
0.5943,1.1359,2.6626,1.2748,0.7427,1.1561,-0.4429,1.7442,-1.1805,0.838,1.0087,1.9371,-0.4033,-0.4967,1.0779
0.9292,1.2034,2.2463,1.4044,0.6018,0.7404,-0.109,1.8775,-1.1065,1.221,0.7274,1.6758,-0.16,0.1015,1.1911
0.8662,0.904,2.1237,1.5938,0.9672,1.049,-0.3398,2.2877,-0.5161,1.2729,0.8875,1.1745,-0.4668,0.0463,1.146
0.9543,0.9109,2.7171,1.7117,0.8264,1.2732,-0.0285,1.9322,-0.9024,1.6714,1.0873,0.9066,-0.5533,-0.0819,1.1932
0.7846,1.1122,2.381,1.3643,0.4578,1.4344,-0.0679,1.6947,-0.9903,1.6846,0.9484,0.9587,-0.2133,0.2978,0.9745
0.624,0.9037,2.1587,1.4508,0.3909,1.1866,-0.2525,1.3698,-0.923,1.2738,1.066,1.0693,-0.0341,0.5852,0.7325
0.8998,1.2167,1.7116,1.3205,0.5778,1.2411,-0.1765,0.7664,-0.9998,1.2247,0.626,1.1902,0.3598,0.6914,0.3111
0.932,0.8059,1.3036,1.1875,0.3169,1.3623,-0.0204,0.0058,-1.0216,1.3783,0.3119,0.864,0.525,1.0922,0.0555
1.0484,0.972,0.8768,1.9681,-0.1215,1.1357,-0.1999,0.0358,-0.5231,1.5913,0.3869,0.9681,0.792,1.4498,0.5746
0.8838,0.725,0.8165,1.9861,-0.0348,1.4296,-0.3228,-0.7088,-0.7852,1.5663,0.5845,0.8708,0.987,1.8494,0.544
0.6206,0.327,0.2103,2.0269,-0.128,1.2879,-0.2497,-0.7107,-0.4503,1.8069,0.3671,0.7415,1.0029,2.4947,1.0453
0.7342,0.4604,-0.3053,1.9691,-0.2498,1.3118,-0.4338,-1.3987,-0.4617,1.7661,-0.0009,0.4802,1.2148,2.716,0.788
0.895,0.0769,-0.8561,2.051,-1.0989,1.5221,-0.3398,-2.2742,-0.031,1.367,-0.1619,0.3544,1.8177,3.1233,0.6688
1.0513,-0.0909,-1.3655,2.4789,-1.0624,1.049,-0.2839,-2.0175,0.9573,1.0846,-0.6621,-0.0972,1.6622,4.1362,-0.4377
1.2186,-0.1263,-1.2062,2.3055,-0.8314,0.9216,-0.2805,-1.79,1.3865,1.3118,-0.7929,-0.332,1.1798,3.8258,-1.041
1.0626,-0.2619,-1.042,2.4208,-0.8196,1.1799,-0.2408,-1.8963,1.3211,1.029,-0.6711,-0.7377,0.7604,3.7345,-1.4437
0.3541,-0.1498,-1.1654,2.4918,-1.0077,1.491,-0.4593,-1.312,1.554,0.5413,-0.7572,-0.7551,0.9969,3.5763,-1.6714
0.5012,-0.6217,-0.8087,2.3873,-1.5552,1.6488,-0.7202,-0.8591,2.0057,-0.4259,-0.6607,-0.8934,0.8331,3.441,-2.3508
0.7253,-0.4359,-0.0057,2.109,-1.4685,1.6153,-0.8749,-0.4107,1.8116,-1.3173,-0.5651,-0.9871,0.6339,3.0428,-2.8997
0.8536,-0.2035,0.6668,2.0892,-0.506,2.0592,-0.8671,-0.7107,1.0712,-0.952,-0.346,-0.9044,0.4132,2.4013,-3.1417
0.3725,0.2058,0.5029,2.1078,-0.127,1.9988,-0.5641,-0.656,0.7934,0.0553,-0.216,-0.6955,0.3543,1.9869,-3.036
0.9303,0.1095,0.4696,2.1717,-0.5529,1.8648,-0.3832,-1.3007,0.529,-0.4702,-0.0432,-0.8017,0.5209,1.4801,-2.7567
1.2378,0.3162,0.0967,1.9891,-0.2869,1.6352,-0.5124,-0.2414,1.2428,-0.5417,-0.0966,-0.4209,0.4681,0.1114,-2.5739
1.1879,0.2168,0.4343,1.7799,-0.0479,1.5045,-0.5241,0.8368,1.6862,-0.641,-0.1116,-0.4259,0.3518,0.171,-3.2174
1.4616,0.433,1.4409,2.0552,-0.1309,1.2426,-0.3655,1.3609,1.361,-0.1052,0.2974,-0.2196,0.0088,-0.5511,-3.0838
1.2167,0.4603,1.9975,2.0233,0.2386,0.9989,-0.3326,2.1032,1.0163,-0.1784,1.0706,-0.0745,-0.1533,-0.7849,-2.0073
1.3653,0.8131,2.8871,1.7236,-0.2669,1.3572,-0.0737,2.3817,0.5265,-0.3459,1.3989,0.4049,-0.4396,-1.5342,-1.6823
1.0441,1.094,3.2498,1.5749,0.3865,1.2494,-0.1104,2.5281,-0.0548,-0.1909,1.5792,0.7418,-0.7149,-0.7101,-1.1924
1.1256,1.0637,3.2081,1.5906,0.8819,1.6725,-0.0144,2.0658,-0.8113,-0.0375,1.7971,0.9618,-0.8982,-0.6528,-0.7739
1.4336,1.2899,3.1573,1.5968,1.0318,1.7839,0.1755,1.8633,-0.9343,0.7814,2.1504,0.7957,-0.47,0.4509,0.133
1.1509,1.5683,2.9476,1.367,0.7937,1.3948,0.2511,1.2671,-1.6075,1.4819,1.9178,1.3408,-0.1446,0.1723,0.6176
1.2738,1.3757,2.7877,1.454,0.6847,1.7326,0.3599,1.2922,-1.0737,1.1016,1.6964,1.5129,0.094,0.7787,0.4486
1.9609,1.266,2.6693,1.4798,0.8602,1.4164,0.6582,1.0044,-1.2252,1.5744,1.5589,1.4861,0.2925,0.8976,1.0841
1.3862,1.3291,2.5491,1.4726,0.8654,1.4977,0.6596,0.4908,-1.1542,1.8883,1.5591,1.5914,0.6637,1.6575,1.2607
1.2487,1.1921,1.9626,1.528,0.7371,1.5841,0.5536,0.0204,-0.8452,1.9645,1.4285,1.419,0.9054,1.8409,1.5556
1.2381,1.0781,1.3211,1.6105,0.4789,1.5153,0.4433,-0.5019,-0.8659,2.3179,1.1298,1.0962,1.0955,1.927,1.4654
0.8606,1.1731,0.5822,1.3178,0.2643,1.9141,0.4297,-0.4559,-0.2461,2.4143,0.4321,1.0665,0.8049,2.6645,0.7491
1.196,0.4547,0.3481,1.8221,-0.0382,2.0408,0.1605,-0.8298,0.0985,1.7739,0.3123,0.3046,1.0965,3.0071,0.0241
1.5075,0.4126,0.4666,1.7742,-0.1988,1.8901,0.1356,-1.3435,0.105,1.5803,0.129,0.1935,1.0545,3.1364,-0.0574
1.4702,0.483,0.3837,1.9081,-0.423,1.8105,0.013,-0.9624,0.6144,1.6068,-0.0291,0.1099,0.9385,3.4818,-0.372
1.3725,0.4857,0.4483,1.9197,-0.7605,1.5197,-0.0287,-1.1645,0.4031,1.1925,-0.062,-0.2602,0.6096,2.9911,-0.4724
1.25,-0.0705,0.2657,1.9408,-0.6081,1.6631,-0.1711,-0.9664,0.7633,0.7041,0.0211,-0.5878,0.5504,3.0297,-1.0166
1.1999,0.0119,0.2109,2.1189,0.0224,1.9693,-0.47,-1.2678,0.8087,1.1404,0.0086,-0.6603,0.725,3.0393,-1.2445
1.6057,0.3268,0.1639,1.9571,-0.0462,1.5406,-0.6357,-0.9916,0.9068,0.6854,0.0563,-0.6291,0.568,2.7999,-1.2422
1.269,0.4614,0.254,1.9448,0.0901,1.4585,-0.6944,-0.2592,1.2905,0.7518,-0.0952,-0.5297,0.1378,2.056,-1.8762
1.3429,0.1801,0.8762,2.054,0.0671,1.5339,-0.5062,0.368,1.6624,0.5492,-0.0592,-0.6094,0.2375,1.6673,-1.8459
1.2429,0.1177,1.5348,2.2138,-0.4484,1.6359,-0.4604,0.8107,1.0094,-0.2732,0.3205,-0.8695,0.2712,0.8173,-1.8934
1.0306,0.1061,1.9513,1.9933,-0.1136,1.815,-0.4237,1.4923,0.9929,-0.228,0.5688,-0.7869,0.1236,0.4846,-1.5437
1.0557,0.3353,2.2945,1.8177,0.7376,1.6469,-0.3383,1.2712,0.2724,-0.5405,0.708,-0.5348,-0.0019,0.1517,-1.7665
1.1739,0.3374,2.5546,1.9182,0.8882,1.7177,-0.1253,1.404,0.0085,0.2484,1.1078,-0.4733,-0.1774,-0.3399,-1.6794
1.1199,0.614,2.4852,2.0373,1.6562,1.3036,-0.3017,1.7561,-0.0463,1.6382,1.2753,-0.5578,-0.0835,0.0138,-0.8096
0.8542,0.9273,2.6388,1.8494,0.9345,1.5041,-0.1194,1.594,-0.3775,2.0076,1.253,-0.2381,-0.2599,-0.0995,0.104
1.1359,0.6122,3.137,2.4898,0.5001,1.5279,0.1808,2.973,0.0902,1.3867,1.5958,0.0882,-0.4222,-0.0149,0.32
0.6546,0.8815,3.9352,2.2039,0.5375,1.8533,0.0989,1.9986,-0.7989,1.2545,2.0065,0.3926,-0.5726,-0.1211,0.5985
1.1908,0.7545,3.6741,1.806,1.4532,1.8355,-0.0558,2.1847,-1.0755,1.7578,2.0199,0.7421,-0.6584,-0.0512,0.5815
1.2381,0.9364,3.575,1.7315,1.4407,1.7622,-0.0738,1.9247,-1.3051,1.7901,2.0516,1.0753,-0.3136,-0.293,0.8725
1.5013,0.4289,3.5241,1.8535,0.8257,1.4678,-0.1505,1.6136,-1.6323,1.7025,2.1635,1.0801,-0.128,-0.0465,1.1646
1.7658,1.0139,3.2983,1.8807,0.9132,1.1693,-0.0178,1.8431,-1.5548,2.3278,2.3516,1.1313,-0.0229,0.3572,1.2911
1.1564,1.0656,2.9604,1.6975,0.6004,1.5073,0.1545,1.0815,-1.6487,2.2742,2.1249,1.078,-0.1954,0.8165,1.7456
1.2188,0.8753,2.4363,1.7223,0.4233,1.4522,-0.1442,0.9387,-1.3748,1.7449,1.9317,0.693,-0.1831,1.2635,2.3914
1.3858,0.7535,2.3507,1.4091,0.7801,1.6539,-0.3929,0.6116,-1.3228,1.929,1.6679,1.2639,0.1534,1.2785,1.5406
1.2849,0.5802,2.285,1.5723,1.0303,1.4014,-0.2028,0.2844,-1.2347,2.189,1.5106,0.9038,0.2225,1.7312,1.3747
1.2598,0.3302,1.8598,1.7057,0.9027,2.0354,-0.1008,-0.0722,-1.1361,2.4088,1.0194,1.1131,0.3019,1.955,1.124
1.3032,0.2387,1.5681,1.7002,0.4746,2.3108,-0.0095,-0.2975,-0.9543,3.1638,0.9981,0.5663,-0.189,2.0149,1.406
1.1441,0.3162,1.2884,1.691,0.0937,1.8971,-0.1741,-0.2341,-0.3768,2.3852,0.9479,0.0487,0.2994,2.5399,1.11
1.2847,-0.047,1.2344,1.7267,0.0661,1.5703,-0.3192,-0.5624,-0.3266,1.5972,0.8096,0.0269,0.4894,2.1781,0.7772
1.6361,0.1601,1.0013,1.8974,0.1191,1.757,-0.3246,-0.1049,0.1928,1.7424,0.798,0.1059,0.4159,2.3881,-0.3028
1.2194,0.1278,1.0639,1.8689,0.5345,1.8151,0.2384,-0.6668,-0.0474,1.5168,1.0423,-0.3002,0.3918,2.0284,-0.3461
1.7463,0.3092,1.2836,2.1016,0.0216,1.7134,-0.1375,-0.6955,-0.108,1.6957,1.2261,-0.1762,0.6243,1.9197,0.2293
1.7465,0.5264,1.2698,1.8906,-0.3222,1.7344,-0.5011,-0.8248,-0.1394,1.4077,1.0478,-0.2756,0.898,1.9209,0.2061
1.2573,0.2714,1.2568,2.0144,-0.2055,1.7697,-0.795,-1.111,-0.2428,0.8573,1.0507,-0.3507,0.6786,2.174,-0.0925
0.7943,0.3162,0.6015,2.2769,-0.311,2.1165,-0.9209,-1.3207,-0.1433,1.0148,0.927,-0.123,0.5046,2.1873,-0.8065
1.3538,-0.0714,0.3687,2.4178,-0.2967,2.2038,-0.8374,-1.4292,0.0114,0.5211,0.8799,-0.5763,0.6523,1.9726,-0.831
1.4369,0.2774,0.2176,2.2721,0.1176,2.1667,-0.9969,-0.7221,0.3256,1.1245,0.7443,-0.4167,0.4398,2.3341,-0.6301
1.331,0.3213,0.7311,2.1929,-0.2897,2.0216,-0.9093,-0.5873,0.1732,0.9647,0.6963,-0.754,0.0034,1.9983,-1.2302
1.6884,0.1525,0.7118,1.9891,-0.0827,1.7261,-0.8808,0.0843,0.6949,-0.0633,0.7637,-0.5495,-0.3179,1.4645,-1.2726
1.2779,-0.0364,1.0446,2.1179,0.0107,1.6757,-1.1798,0.4291,0.7165,-0.2601,0.8203,-0.9169,-0.1449,0.8525,-1.572
1.5128,-0.1405,1.4949,2.2693,-0.0976,1.7759,-0.9982,1.1757,0.4862,-0.1358,1.2381,-1.0397,-0.4322,0.1953,-2.1363
1.5766,0.1592,2.2476,2.3625,0.4447,1.8247,-0.8166,2.2443,0.7361,-0.0451,1.9392,-0.9813,-0.852,0.3013,-1.3468
1.1247,0.4075,2.6996,2.0626,0.4269,2.1518,-0.0336,1.7099,-0.2787,-0.1148,2.2255,-0.5039,-0.858,-0.4615,-0.9315
1.6444,0.6779,2.8788,1.7868,0.6892,1.8816,-0.0023,2.1193,-0.6814,0.1214,2.374,-0.1267,-0.5334,-0.8684,-0.7761
1.8628,0.5444,3.2537,1.6306,0.589,1.9002,-0.0462,2.1569,-0.9394,0.4505,2.421,0.1926,-0.9069,-0.8643,-0.0463
1.6183,1.0362,3.2304,1.4916,0.8287,1.7315,0.0787,1.9756,-1.2615,0.6494,2.6105,0.135,-0.4881,-1.1824,-0.0212
1.5488,0.7412,3.3544,1.5135,0.9008,1.9158,0.1452,1.8454,-1.2511,0.4231,2.7094,0.0272,0.2804,-0.9746,0.2225
1.4787,0.6565,3.0615,1.4221,1.1644,2.4073,0.4541,1.0988,-1.648,1.3595,2.5841,0.4851,0.1478,-0.629,-0.0818
1.6198,0.5769,2.7097,1.6003,0.6863,2.2191,0.2632,1.1464,-1.3333,1.1569,2.6347,0.7451,-0.0479,-0.2833,0.7354
1.6625,0.6791,2.6368,1.632,0.7427,1.7567,0.7019,1.2082,-1.1134,1.2102,2.5472,0.6279,-0.0085,-0.0118,0.4414
1.6364,0.6095,2.6183,1.4953,0.4266,1.8745,0.5128,1.1047,-0.3659,1.2527,1.9612,0.0835,0.1534,0.5017,0.9049
1.739,0.4077,2.6863,1.5233,0.4014,1.8821,0.2472,0.8434,-0.3145,1.6658,1.8945,0.1485,0.1669,0.3565,0.6308
2.0372,0.5872,2.8278,1.541,0.2935,1.7148,0.2103,0.953,-0.4655,1.4758,2.1541,0.0121,-0.0572,0.4045,0.6108
1.6062,0.5454,2.6444,1.5983,-0.0882,1.9908,0.0912,0.8055,-0.8326,1.2152,2.0812,0.195,-0.3297,0.3762,0.77
1.944,0.4682,2.7101,1.6389,-0.584,1.9053,-0.0798,0.9934,-0.6174,0.864,2.1485,0.0151,-0.4825,0.6601,0.5285
1.5427,0.7867,2.6321,1.666,-0.366,1.9189,-0.4272,0.6314,-0.8593,0.4801,2.3052,-0.074,-0.2618,0.4973,0.1562
1.4185,0.3832,2.4452,1.6185,-0.2023,2.0394,-0.4673,0.5566,-0.7174,0.127,2.2048,0.1313,-0.506,0.7927,-0.1482
1.7884,0.4501,2.3697,1.8847,0.0272,2.197,-0.9116,0.6958,-0.5809,0.2695,2.2184,0.154,-0.29,1.1215,-0.519
1.458,0.3883,2.0724,2.1199,-0.1003,2.2867,-0.8092,-0.1845,-1.1849,0.2984,2.2795,0.1123,-0.7904,0.8674,-0.7553
1.6004,0.3829,1.8281,2.0557,0.3385,2.2287,-0.605,0.1922,-0.8187,0.4152,2.139,-0.1541,-0.8708,1.16,-0.825
1.63,0.3633,1.9264,1.5531,0.009,2.0894,-0.5754,0.0943,-0.6826,0.8139,1.8351,0.1027,-0.3734,0.9181,-0.7768
2.0234,0.3087,2.0871,1.9502,0.0842,1.911,-0.5421,0.6457,-0.284,0.7678,1.849,-0.2466,-0.6487,0.8505,-0.8331
1.8132,0.3994,2.4621,2.0024,-0.2554,1.6503,-0.4153,0.8789,-0.28,0.7283,2.1687,-0.4382,-0.4218,0.6164,-0.7152
1.5842,0.5082,2.5599,1.7439,0.5024,1.6934,-0.5893,0.7,-0.9738,0.8937,2.2046,-0.1121,-0.4606,0.7738,-0.4364
1.5022,0.6424,2.3127,1.7136,0.0871,2.2743,-0.447,0.3615,-0.7195,1.22,2.2712,-0.1331,-0.6601,0.7641,0.0705
1.8364,0.5389,2.2575,1.6766,0.0847,2.3412,-0.3664,0.3026,-0.9438,0.8876,2.1733,-0.6447,-0.3686,1.1331,0.0876
1.5685,0.5248,1.5982,1.7589,-0.1639,2.4559,-0.287,-0.0023,-1.1284,0.867,2.1051,-0.3855,-0.384,0.7712,0.2957
1.8306,0.2293,1.6305,1.8818,-0.062,2.2759,-0.5048,0.1228,-0.6558,0.8101,2.0045,-0.269,-0.0721,1.0284,0.0284
1.5775,0.1246,1.5685,1.9146,0.2056,2.2842,-0.5304,0.5102,-0.1306,1.0308,1.7673,-0.6862,-0.0659,0.9961,-0.2145
1.7007,0.2541,2.1716,2.0409,-0.0485,2.2874,-0.3656,0.4649,-0.0116,1.1343,1.8429,-0.6711,-0.2808,0.6573,-0.0003
1.7768,0.1535,2.3417,2.0575,-0.3531,2.1318,-0.5237,0.0036,-0.5062,1.1864,1.9881,-0.8902,-0.1418,0.3299,-0.1357
1.8403,0.3285,2.1423,2.2611,-0.2039,2.1936,-0.4786,0.6399,-0.2474,0.8439,2.1657,-0.744,-0.1882,0.7478,-0.2459
1.5978,0.5293,2.2265,2.237,-0.0085,2.2652,-0.6457,0.725,-0.3651,0.6448,2.0754,-0.5256,-0.4258,0.6089,-0.7481
1.1431,1.0574,2.0969,2.0858,0.1861,2.6934,-0.5121,0.4191,-0.6328,0.9993,1.9788,-0.6733,-0.3027,0.1851,-0.714
1.6758,0.2986,1.9803,2.0614,0.0341,2.597,-0.6696,1.1312,-0.3429,0.409,2.0392,-0.498,-0.3367,0.2796,-0.8596
1.8008,0.1599,2.3407,2.2692,-0.4171,2.5988,-0.716,0.3332,-0.9538,1.04,2.191,-0.3395,0.04,0.0557,-0.8096
1.6912,0.2131,2.1037,2.5839,-0.438,2.5734,-0.8179,1.1489,-0.437,0.8689,2.4074,-0.3135,-0.1485,0.6292,-0.9439
1.705,0.605,2.3962,2.5733,-0.1145,2.581,-0.7606,0.6762,-0.8186,0.6148,2.7292,-0.292,-0.3863,0.4536,-1.4029
1.4488,0.7879,2.1641,2.3605,-0.0569,2.5626,-0.607,0.614,-0.7678,0.6975,2.514,-0.1187,-0.288,0.2714,-0.8689
1.8954,0.7145,2.1546,2.7253,0.3036,2.3908,-0.4151,0.6712,-0.5691,0.7799,2.8315,-0.2385,-0.1974,0.4659,-0.5462
1.4451,0.8376,2.1019,2.3124,0.2164,2.5189,-0.6195,0.4323,-0.7382,1.0831,2.582,-0.1284,-0.1594,1.0279,-0.1989
1.4441,0.2208,1.9785,2.6627,-0.0643,2.4263,-0.6249,0.0268,-0.8624,1.085,2.3828,-0.0876,-0.0009,1.1184,-0.2078
1.5455,0.4543,1.738,2.5969,-0.3305,2.2682,-0.6858,0.2478,-0.7437,1.5151,2.367,-0.288,0.0174,1.5682,-0.1044
1.9583,0.4089,2.0197,2.7143,-0.097,2.1434,-1.028,0.5422,-0.2408,1.3546,2.3853,-0.7702,-0.0264,1.5472,-0.1522
2.1373,1.0292,2.3513,2.5025,-0.0089,1.978,-0.7964,0.3856,-0.186,1.3868,2.3175,-0.7399,0.0888,1.3025,-0.4165
1.9918,1.0389,2.286,2.4546,-0.3362,2.033,-0.6885,-0.4619,-0.9046,1.2936,2.262,-0.6149,0.2282,0.7887,-1.0569
1.9272,0.8194,1.7639,2.4716,-0.5331,2.2658,-0.3897,-0.1509,-0.6553,0.9093,2.2876,-1.1893,0.4762,1.3874,-0.706
2.0492,0.6726,1.6902,2.6482,-0.5112,2.0516,-0.4878,0.0005,-0.2837,0.7449,1.9979,-1.183,0.5313,1.6267,-0.8051
1.8092,0.5015,1.8838,2.6668,-0.4339,2.2387,-0.6263,-0.2811,-0.3287,0.8852,1.8612,-1.116,0.4732,1.3596,-0.7791
2.1551,0.7725,1.8713,2.7215,0.0214,2.085,-0.7702,-0.0866,0.2305,1.0149,1.75,-0.9228,0.3966,1.1219,-0.8029
1.9048,0.585,1.952,2.8146,-0.4413,2.378,-0.7971,0.1653,0.1001,1.383,1.8192,-1.2153,0.2795,0.8638,-0.3297
1.5327,0.6754,1.9317,2.8302,-0.5219,2.59,-0.791,0.4473,0.1366,1.2672,1.9012,-1.0199,0.0544,0.6834,0.0685
1.8316,0.6938,2.2839,3.0687,-0.5131,2.5024,-0.7653,0.6436,0.1987,0.9963,2.0549,-0.7766,-0.1857,0.86,-0.6797
1.8096,0.5633,2.7991,3.1148,-0.4174,2.608,-0.6694,0.754,-0.0087,0.4532,2.2636,-0.8593,-0.0334,0.4183,-1.036
1.9565,0.6793,2.9259,2.8495,-0.2221,2.5485,-0.6393,0.2811,-0.7556,0.7893,2.4369,-0.6618,0.0355,0.1683,-1.0515
1.8988,0.6715,2.7033,2.8295,-0.4722,2.6232,-0.849,0.1272,-0.7109,1.0293,2.3454,-0.6149,0.1456,0.4388,-0.869
2.184,0.513,2.7575,3.1638,-1.0462,2.0876,-0.8265,0.1104,-0.3816,0.5878,2.4253,-0.7481,0.2294,0.3621,-1.2304
2.1939,0.5231,2.6989,3.0562,-0.8668,1.9602,-0.9692,0.0968,-0.6874,1.084,1.9063,-0.5529,-0.2116,1.1474,-0.7941
2.1541,0.3676,2.5755,3.1499,-0.3961,2.3052,-1.0352,0.1914,-0.6507,1.343,2.3418,-0.4551,-0.2176,1.0919,-1.0847
2.1051,0.3986,2.5982,3.1812,0.0037,1.9304,-0.9132,0.0326,-0.6443,1.7072,2.3895,-0.6974,-0.139,1.1379,-0.4451
2.8573,0.4858,2.8206,2.8966,-0.395,1.8072,-0.8041,0.5641,-0.3735,1.6061,2.3704,-0.488,0.3428,1.6765,-0.0049
2.1962,0.901,2.7548,2.9742,0.0176,1.9992,-0.86,-1.0844,-1.3211,1.9268,2.4283,-0.0258,0.3236,1.4572,0.0909
1.9548,0.5125,1.9878,2.9802,-0.0428,1.9936,-0.785,-1.0281,-0.9692,2.1854,2.4097,-0.1538,0.3128,1.984,0.5886
1.7787,0.4437,1.4283,3.1378,-0.4277,2.2712,-0.7332,-1.4707,-0.8117,2.2272,2.183,0.3851,0.6132,1.8556,0.4553
1.6919,0.3068,0.778,3.3252,-0.4712,2.3443,-0.6923,-1.0676,-0.1979,1.5899,1.8934,0.1113,0.4461,2.0007,0.5237
2.1659,1.6368,1.1615,2.759,-0.8239,2.181,-0.8228,-1.3087,-0.0876,1.2567,1.6958,-0.3677,0.7568,2.1778,0.0453
1.8569,0.8308,1.0026,2.7391,-0.9087,2.6941,-0.8753,-1.2499,-0.0616,0.4491,1.4416,-0.5226,0.6249,2.2615,-0.1615
1.9688,0.6605,1.0306,2.7971,-0.9019,2.3515,-1.1011,-1.6275,-0.3326,0.2562,1.3125,-1.0137,0.6436,2.7349,-1.021
2.4975,-0.0568,1.312,3.1612,-1.1757,2.1407,-1.3652,-1.68,0.1384,0.0083,1.2445,-1.3126,0.6135,2.6115,-1.8243
1.8327,0.5171,0.966,3.1119,-0.8179,2.0366,-1.4699,-1.6875,0.2011,0.2193,1.2712,-1.437,0.8008,2.682,-1.3627
1.9446,-0.0446,0.9737,2.8772,-0.9623,2.1308,-1.3008,-1.7968,0.2018,-0.2055,1.2157,-1.6969,0.3251,2.1715,-2.0487
2.076,-0.0599,1.0341,3.0113,-0.7311,2.0039,-1.4282,-1.2848,0.6987,-0.0113,1.3706,-1.6109,0.3111,2.2264,-2.3774
1.8168,0.4491,1.4478,2.9468,-0.8489,2.0023,-0.7193,-0.8646,0.6877,0.1365,1.4819,-1.9974,0.3181,1.4676,-2.795
1.9887,0.1378,1.8451,2.8705,-0.214,1.8632,-0.9365,-0.1793,0.7258,-0.1686,1.5113,-1.7654,0.4941,1.2904,-2.1059
1.5309,0.4126,2.2346,2.937,-0.2801,2.1846,-0.7405,-0.1393,0.2686,0.4347,1.7232,-1.8348,0.16,0.5468,-2.2369
1.6417,0.2895,2.2433,2.7969,-0.6092,2.3367,-0.8792,0.2703,0.294,0.0068,2.0618,-1.6322,-0.1638,0.4729,-1.8598
1.7698,0.2529,2.6773,3.0369,-0.2505,2.2319,-0.7782,0.2998,-0.0297,-0.076,2.256,-1.3961,-0.1123,0.4956,-1.8391
1.8499,0.4812,2.8673,3.0187,-0.3835,2.2904,-0.7372,0.4026,-0.2727,0.6156,2.4347,-1.3136,-0.3093,0.3989,-1.456
1.9527,0.5677,3.409,3.1043,0.4006,1.9918,-0.6517,0.4132,-0.5645,0.9102,2.7727,-0.6332,-0.0085,0.1239,-0.8457
1.8548,0.8186,3.3233,2.9016,0.1142,1.8811,-0.7127,0.4578,-0.9479,1.8744,3.1528,-0.371,-0.0214,0.1256,-0.7184
1.8536,0.9584,3.3406,2.5608,0.2433,1.8808,-0.7728,0.2176,-1.027,1.8735,3.0432,-0.1394,-0.1617,0.0673,-0.5153
2.0209,0.7348,3.0582,2.7378,-0.0124,1.9726,-0.5787,0.3353,-0.9381,1.5038,3.0402,-0.0846,-0.3196,0.6118,0.1364
1.8621,1.0284,2.9893,2.8321,-0.5648,2.0373,-0.6018,0.4201,-0.8167,1.563,2.9669,-0.2161,-0.1964,0.6644,0.1737
1.8185,1.0567,3.0101,2.7254,-0.4325,2.2486,-0.649,0.2793,-0.9496,0.9556,2.8773,-0.0964,-0.2493,0.8557,-0.1072
1.8388,0.9087,2.8904,2.6912,-0.7543,2.3405,-0.6217,-0.0147,-1.0866,0.7426,3.0077,0.0053,-0.4693,0.7024,-0.1534
2.1133,0.5448,2.8418,2.8607,-0.6326,2.0997,-1.0241,-0.4252,-1.1489,0.6955,2.9908,0.282,0.0571,1.0459,-0.366
2.3581,0.3994,2.6323,2.7937,0.5315,1.8758,-0.9972,-0.5735,-1.1608,1.3323,2.9803,0.132,-0.0491,0.9654,-0.3486
2.0925,0.5545,2.3837,2.9818,-0.047,1.7708,-0.6615,-0.4562,-0.9616,2.1528,2.9391,0.0262,-0.0493,0.652,-0.1599
1.6301,0.6239,2.2672,2.9052,-0.3505,2.1183,-0.5541,-0.1954,-0.7616,1.7626,2.7943,-0.1598,-0.3928,0.6733,0.1323
1.9242,0.5842,2.6446,2.7353,-0.3493,2.3185,-0.5529,0.7537,0.0493,0.9074,2.6408,-0.139,-0.1519,0.4316,0.1162
1.5087,0.416,3.1711,2.7394,-0.357,2.56,-0.5059,0.8333,-0.3303,0.9683,2.9007,-0.1466,-0.5866,0.0945,0.6479
2.0018,0.2806,3.4335,2.904,-0.0348,2.5332,-0.5358,0.6039,-0.8184,1.1901,3.2769,0.1611,-0.2169,0.1737,0.4201
1.9534,0.5488,3.4218,2.8621,-0.2797,2.2182,-0.514,0.5503,-1.0072,0.8823,3.2555,0.2288,-0.2879,-0.0029,0.5224
2.538,0.6493,3.3716,2.725,0.0515,2.1475,-0.5971,0.866,-0.9218,1.1716,3.3164,0.3645,-0.3106,0.1107,0.5455
2.1797,1.0976,3.6397,2.6713,-0.1497,2.2074,-0.3941,0.5509,-1.011,1.6497,3.5278,0.5533,-0.4795,-0.7594,2.0474
1.868,1.1466,3.1834,2.4502,0.0755,2.3396,-0.3311,0.7223,-1.1194,1.7528,3.3946,0.6638,-0.1813,-0.0543,1.1737
2.0474,0.6089,3.1609,2.5872,-0.528,2.6338,-0.2888,0.4199,-1.2111,1.3115,3.3721,0.5939,-0.3068,0.144,0.6554
1.9587,0.5675,3.0259,2.5869,-0.5689,2.6981,-0.5825,0.1579,-1.2174,1.0259,3.3393,0.4343,0.0491,0.8495,0.1469
1.8772,0.4952,3.0116,2.7316,-0.7185,2.7542,-0.7803,-0.4349,-1.2013,0.9285,3.2555,0.797,-0.0327,0.9408,-0.0393
2.0969,0.4778,2.5205,2.7693,-0.6755,2.321,-0.7978,-0.4677,-1.3625,0.7558,3.2,0.8809,-0.1653,0.9705,-0.1135
2.1568,0.6988,2.4401,2.6932,-0.5538,2.3946,-0.9383,-1.1787,-1.2052,0.9325,2.9211,0.9005,0.0657,1.1811,-0.8827
2.0929,0.4293,1.9698,2.8272,-0.4557,2.6061,-1.0971,-1.1538,-0.9011,0.954,2.8766,0.5305,0.068,1.6839,-0.9201
2.1924,0.3308,1.7633,3.029,-0.933,2.7549,-1.0131,-1.5115,-0.6063,0.9087,2.9844,0.1829,-0.4987,1.4563,-1.2285
2.2386,0.3251,1.8048,2.9717,-1.2031,2.3495,-0.9752,-1.3924,-0.4065,0.4875,2.9018,-0.2137,-0.2712,1.4481,-1.1648
2.0475,0.2679,1.9093,3.1689,-1.103,2.3363,-1.0022,-0.9833,-0.0646,0.4382,2.9563,-0.2679,-0.1126,1.5151,-1.1989
2.2942,0.1671,2.2294,3.1089,-0.8655,2.3528,-0.9236,-1.0908,-0.0912,-0.0125,3.0122,-0.2586,-0.0009,1.2325,-1.5352
2.4087,0.1645,2.3161,3.0804,-0.9944,2.1613,-1.1406,-0.8341,0.0759,0.0966,3.0521,-0.5962,0.1646,1.1044,-1.5532
2.3205,0.5257,2.472,3.1535,-1.1525,2.5981,-1.2181,-0.8754,-0.0567,-0.1836,3.3198,-0.6631,0.0753,0.8725,-1.7314
2.2967,0.8252,2.4288,3.129,-0.874,2.2423,-1.0002,-0.8754,-0.2063,-0.2397,3.2868,-0.581,-0.3084,0.8313,-2.0096
1.9697,0.4385,2.206,3.0245,-0.9949,2.3436,-1.1074,-0.5366,-0.3341,-0.3874,3.032,-0.4221,-0.3104,1.145,-1.9106
2.2149,0.1,2.4184,2.8307,-0.6802,2.49,-0.822,-0.8086,-0.336,0.1078,2.9783,-0.6231,0.015,0.9156,-2.0468
2.139,0.0586,2.5204,3.0671,-0.6043,2.3598,-0.8735,-0.4029,-0.2668,0.0041,3.1877,-0.112,0.1917,1.3622,-1.6324
2.315,-0.1061,2.7994,2.798,-0.4968,2.3317,-0.9897,-0.513,-0.7438,0.2984,3.1188,-0.0178,0.1143,1.1151,-1.6394
2.3622,-0.0512,2.7374,2.7736,-0.6962,2.5981,-1.1257,-1.4798,-1.2747,0.3062,3.3821,0.1409,0.1285,1.0788,-1.579
2.3788,0.3109,2.0776,2.7991,-0.1279,2.4479,-0.8024,-2.0077,-1.5057,1.0237,3.2665,0.0132,0.4063,1.7058,-1.3079
2.2284,0.4211,1.3751,2.7152,-0.0542,2.2361,-0.9172,-2.4155,-1.1841,1.349,2.8183,0.0755,0.5089,1.6982,-1.2387
2.2785,-0.0105,0.8998,2.8932,-0.1049,2.279,-0.7243,-2.0006,-0.3296,1.2437,2.5002,-0.1322,0.459,1.9826,-1.3954
2.0584,0.0022,1.0522,2.8764,-0.4509,2.3868,-0.2673,-1.7283,0.0193,1.4284,2.4866,-0.3405,0.5111,1.7343,-1.1988
1.9724,-0.1444,1.3344,2.9043,-0.7663,2.4968,-0.4614,-1.5242,0.2474,1.3421,2.419,-1.0466,0.3411,2.043,-1.0602
1.8441,-0.3197,1.4575,3.2449,-0.906,2.677,-0.7703,-1.6796,0.102,1.0674,2.4364,-0.7996,0.1722,1.6418,-1.6014
1.7358,0.0706,1.6062,3.2067,-1.1321,2.5548,-0.5936,-1.1102,0.2967,0.3273,2.5902,-0.6486,-0.3133,1.377,-1.3598
1.2872,-0.0255,1.5392,3.0997,-0.8593,3.3273,-0.6287,-1.2089,0.0282,-0.0854,2.8432,-0.9485,0.1149,1.3912,-2.5617
1.951,0.0041,1.9534,3.424,-0.6064,3.0161,-0.6267,-1.2174,0.1266,-0.0642,3.2862,-0.312,0.1184,1.0142,-2.0309
1.6368,0.3427,1.9059,3.2366,-0.7291,3.0698,-0.5179,-1.4386,-0.4216,0.5662,3.2062,0.0111,0.0922,0.9922,-1.9203
1.2658,-0.0889,1.4816,3.2451,-0.7779,3.2221,-0.7047,-1.5552,-0.4462,-0.2639,3.2137,-0.3325,-0.1575,0.813,-2.1603
1.8223,-0.185,1.3978,3.1006,-0.8011,3.0963,-0.6673,-1.6123,-0.4603,-0.3606,3.0051,-0.4841,0.4492,0.8185,-2.3756
1.8888,0.038,1.2654,3.1129,-0.6858,2.6494,-0.0985,-0.879,0.1316,-0.0367,2.9704,-0.6183,0.1983,1.0963,-2.1003
1.8713,-0.2317,2.1242,3.4313,-0.8946,2.6379,-0.29,-1.1662,-0.1423,-0.0058,3.0881,-0.3601,0.545,1.2182,-1.9412
2.1663,0.5192,2.1757,3.2795,-0.8439,2.471,-0.5118,-1.5602,-0.7571,0.5794,3.2437,-0.0128,0.4893,0.9922,-1.7792
2.1024,0.4464,1.9069,3.2217,-0.5473,2.3644,-0.5488,-1.6041,-0.7944,0.6799,3.3103,-0.1096,0.3996,1.1425,-1.7168
2.3366,0.5004,1.8126,2.9847,-0.4339,2.2295,-0.6244,-1.0918,-0.4599,0.8013,3.2109,-0.151,0.2555,1.491,-1.0291
2.2354,0.2515,2.1472,2.9757,-0.6039,2.093,-0.5138,-1.6029,-0.717,1.0528,3.0765,-0.3815,0.5077,1.1267,-1.5867
1.9488,0.6206,1.8052,2.6229,-0.4338,2.5671,-0.4598,-1.6676,-0.9013,1.1188,2.9328,-0.4376,0.5134,1.014,-1.3863
2.0798,0.4025,1.7369,2.5499,-0.8311,2.4762,-0.5204,-2.0155,-0.7235,0.8506,2.8082,-0.6187,0.4861,1.0825,-1.2766
2.1104,0.3889,1.5645,2.6202,-0.4888,2.4599,-0.5905,-1.5814,-0.7841,1.2016,2.6736,-0.384,0.3822,1.6366,-1.4242
1.7378,0.1942,1.4894,2.6076,-0.4984,2.3247,-0.5451,-1.3688,-0.5057,0.8116,2.5136,-0.5388,0.966,1.5629,-1.6287
1.6684,0.0979,1.7434,2.7179,-0.5182,2.3193,-0.6136,-1.3704,-0.4496,0.8582,2.5626,-1.1102,0.2511,1.1034,-1.8442
1.8782,0.1301,1.9217,2.7511,-1.8117,2.2831,-0.5332,-1.1643,-0.4276,0.0327,2.6967,-1.187,0.1749,0.7481,-1.9811
1.7206,0.1808,1.9123,2.8989,-1.0476,2.5705,-1.0004,-0.6447,-0.1539,-0.3068,2.8999,-0.493,0.0997,0.9405,-1.9218
1.8598,0.357,2.3303,2.8039,-1.0861,2.4769,-0.7059,-1.9413,-1.1828,-0.125,3.131,-0.6091,0.1866,0.9218,-2.1134
1.6167,0.4014,1.6787,2.8821,-0.9802,2.3561,-0.8108,-1.3339,-0.7002,0.1058,3.07,-0.6379,-0.0137,0.8745,-1.8701
1.5129,0.3138,1.7464,2.9038,-0.7796,2.7847,-0.3125,-1.3255,-0.4889,0.2272,3.0046,-0.716,-0.0222,0.9219,-1.9329
1.9632,0.3009,1.815,2.8839,-0.5236,2.1881,-0.4957,-0.8897,-0.2744,0.5615,2.9975,-0.3478,0.1613,0.6308,-2.3897
2.241,0.2837,2.391,2.9422,-0.7245,1.9796,-0.6375,-0.8475,-0.3572,0.3802,3.1576,-0.3101,-0.2484,0.5109,-1.6195
1.647,0.6219,2.5811,3.1665,-0.4526,1.7487,-0.8358,-0.23,-0.5321,0.8913,3.5721,-0.4479,-0.4329,0.4123,-0.8638
1.5251,0.5376,2.687,3.0439,-0.4731,1.9501,-0.8666,-0.8136,-1.059,1.0973,3.7147,-0.0068,-0.4754,0.6037,-0.5596
1.3705,0.7526,2.5005,2.8042,-0.5374,2.0273,-0.7586,-0.9534,-1.0768,1.0745,3.5713,0.1507,-0.006,0.5385,-0.5807
1.6134,0.5321,2.3016,2.6438,-0.7318,2.2593,-0.5725,-0.8789,-1.1471,1.0906,3.5326,0.4116,0.0781,0.7892,-0.8684
1.3924,0.445,2.071,2.6423,-0.6271,2.1669,-0.9592,-1.2867,-1.2647,1.3431,3.4213,0.2481,-0.0323,1.135,-0.4686
1.4579,0.6852,1.8758,2.5298,-0.5033,2.4094,-0.6059,-1.8274,-1.2521,0.9881,3.2511,-0.0073,-0.1409,1.0228,-0.3355
1.2672,0.6099,1.4737,2.5437,-0.6569,2.637,-1.1623,-1.7273,-0.8084,1.0399,3.0901,-0.4519,0.1953,1.356,-0.3753
1.1423,0.561,1.416,2.5854,-1.3171,2.7401,-1.0034,-2.0046,-0.6698,0.6669,2.8271,-0.1705,0.0795,1.1724,-0.7787
1.6334,-0.0718,1.4615,2.869,-1.2701,2.3244,-1.0804,0.3736,0.5335,-0.2578,2.9914,-0.7526,-0.4915,1.0401,-1.5157
1.3978,0.025,2.8093,2.6715,-0.834,2.3421,-0.9798,-0.405,-0.2733,-0.0846,3.2769,-0.5962,-1.0954,0.048,-1.8822
1.306,0.596,2.8819,2.6784,-0.3592,2.494,-0.8901,0.2967,-0.5556,-0.1726,3.8025,-0.4426,-0.8449,-0.2454,-1.5523
1.6556,0.7032,3.6433,2.5206,-0.3118,2.3981,-0.5904,0.2338,-1.1627,0.1377,3.8942,0.0745,-0.842,-0.7654,-1.1071
1.6367,0.93,3.6426,2.6654,-0.1879,2.5023,-0.897,0.0116,-1.5094,0.2549,4.0587,-0.0476,-0.7039,-0.7412,-0.521
1.6441,1.0824,3.2386,2.4921,-0.193,2.464,-0.8356,0.2083,-1.5181,0.4947,4.1113,0.2543,-0.6745,-0.5552,-0.2045
1.7075,0.7551,3.4701,2.4017,-0.0436,2.2789,-0.6788,0.8017,-1.2797,0.5951,4.0992,0.455,-0.9049,-0.513,-0.33
1.7411,0.9195,3.8178,2.1505,-0.0408,2.3924,-0.4137,0.5115,-1.8606,1.0443,4.1364,0.5861,-1.0968,-0.8219,0.2394
1.6122,1.1018,3.7139,2.0617,0.5448,2.3528,-0.7058,-0.1468,-2.1749,1.3912,4.1241,0.828,-0.9175,-0.0227,0.2145
1.2091,0.9558,3.3091,1.9382,0.1593,2.6655,-0.5643,-0.1298,-1.9366,1.2275,4.0066,0.9901,-0.9405,-0.6,0.1245
1.2986,0.5299,3.0708,2.1729,0.2564,3.0576,-0.4678,0.1444,-1.5259,1.6039,3.9164,0.9627,-0.7508,0.0655,0.4437
1.4325,0.7198,3.19,2.5091,0.0886,3.0215,-0.4066,-0.4369,-1.5017,1.742,3.9029,1.1927,-0.4808,-0.1857,-0.094
1.4738,-0.0851,3.0296,2.6566,-0.0458,2.8755,-0.3814,-0.5473,-1.4585,1.8167,3.9716,0.8256,-0.4042,-0.2074,0.6784
1.9783,0.3667,3.0969,2.4744,-0.4388,2.5223,-0.5544,-0.8717,-1.5582,2.3481,4.1246,1.1863,-0.4119,0.348,0.9313
1.4445,0.9894,2.6149,2.4244,-0.4398,2.778,-0.7123,-1.7077,-2.0864,2.1563,4.0834,0.9376,-0.1446,0.7712,0.6299
1.4605,0.8084,2.0168,2.334,-1.0905,2.5317,-0.4844,-1.839,-1.7984,1.5739,3.6861,0.804,0.3052,1.6226,0.5882
1.636,0.343,1.8048,2.1013,-1.0498,2.591,-0.6862,-2.3675,-1.5289,1.1847,3.1912,0.4684,0.6459,2.1798,0.2473
1.7644,-0.0071,1.2839,2.069,-0.0404,2.7925,-0.7418,-2.7791,-1.3479,1.357,2.8289,0.1578,0.6925,2.6808,-0.2909
1.9853,-0.0654,0.9585,2.618,-0.4972,2.7277,-0.9003,-2.5441,-1.0229,2.0643,2.8001,0.103,0.6092,2.2724,-0.1767
2.0421,0.1911,0.923,2.8031,-1.3147,2.6982,-0.9057,-2.0469,-0.3593,1.717,2.8982,-0.2655,0.4581,2.4229,-0.0806
1.7087,0.1837,1.3705,2.5918,-1.333,2.6772,-1.114,-2.1488,-0.4221,1.1092,2.6247,-0.2533,0.4452,2.767,-0.8738
1.5804,0.0709,1.6188,2.5882,-1.4231,2.7982,-1.0768,-2.5873,-0.463,0.4866,2.6416,-0.6027,0.4608,2.377,-1.785
1.6808,0.0419,1.2207,2.6132,-1.1676,2.8048,-1.0265,-2.6461,-0.172,-0.0558,2.5869,-0.3692,0.2724,2.1544,-2.3859
1.745,0.2838,1.1216,2.4669,-1.1621,2.8016,-1.1181,-2.3719,-0.0875,0.1709,2.3651,-0.6856,0.4925,2.199,-2.3823
2.132,-0.2465,1.5195,2.5189,-0.786,2.1623,-1.1631,-1.8113,0.291,0.1381,1.9268,-0.3034,0.158,2.1538,-2.4293
1.522,-0.2476,1.6785,2.3185,-0.8693,2.6033,-1.0752,-1.8565,0.2745,0.7234,1.7945,-0.8703,-0.0436,1.8348,-2.3602
1.5851,-0.1614,1.6089,2.5004,-1.117,2.6491,-1.2781,-2.0963,-0.3363,-0.0115,2.1528,-0.8457,-0.0978,1.5778,-2.5373
2.0405,-0.2102,1.4818,2.5495,-0.9789,2.5447,-1.2326,-1.6008,0.1095,0.2579,2.168,-0.369,-0.0174,1.6563,-2.6795
1.8374,-0.0075,2.0335,2.5303,-1.1762,2.5279,-1.2566,-1.2175,0.1336,0.3108,2.3718,-0.386,-0.0971,1.504,-2.3512
1.924,0.1353,2.6812,2.5432,-1.1615,2.5158,-1.4278,-1.4942,-0.3391,0.1374,2.9028,-0.1765,-0.3423,1.2937,-2.3518
2.0097,0.6104,2.8537,2.3585,-1.0638,2.6353,-1.2398,-1.5205,-0.7114,0.1424,2.8704,-0.0931,-0.6907,0.8909,-2.0156
1.954,0.4226,2.9577,2.3561,-0.729,1.9341,-1.2087,-0.5286,-0.4364,0.2421,3.0934,-0.0084,-0.8662,0.9898,-1.6752
1.4446,0.0965,3.1779,2.1893,-0.493,2.2,-1.1318,-0.3903,-0.7636,0.3982,3.3225,-0.0298,-0.6872,0.6302,-0.3983
1.4879,0.4372,3.1696,1.8825,0.7855,2.5292,-1.3213,-0.3846,-1.2019,1.6868,3.1729,-0.1371,-0.6955,0.3874,-0.1744
1.6164,0.4496,3.4943,1.7988,0.1972,2.5606,-0.9153,0.1434,-0.6617,2.0998,3.0443,0.1342,-0.3896,0.256,0.9219
1.2574,0.2223,3.7617,1.9084,-0.2648,2.7986,-0.7747,-0.2384,-0.9605,1.8002,3.3581,0.2885,-0.7007,-0.0433,0.8327
1.61,0.2001,3.8024,2.1146,-0.334,2.7754,-0.6451,-0.4688,-1.3344,1.5715,3.4235,0.4366,-0.79,-0.069,0.7849
1.7303,0.6557,3.5755,2.0769,-0.4029,2.5261,-0.5332,-0.5293,-1.2884,1.6643,3.4371,0.6441,-0.76,0.105,0.9901
1.1863,0.3956,3.3721,2.2433,-0.3608,2.6575,-0.6131,-0.3613,-1.3123,1.6004,3.4958,0.7013,-0.5017,1.238,0.5474
1.3898,0.4363,3.2342,2.4206,-0.4488,2.3133,-0.838,-0.7238,-1.2178,1.447,3.5151,0.8692,-0.4307,0.8411,-0.0652
1.5037,0.5842,3.0707,2.0716,-0.6413,2.651,-0.7171,-1.8419,-1.5089,1.488,3.1291,0.8045,-0.2096,0.5709,-0.0469
1.319,-0.0304,2.4585,2.2199,-0.8559,2.7221,-0.6769,-1.2266,-0.9909,1.3727,2.8802,0.6414,-0.0003,1.397,-0.3864
1.1852,-0.4035,2.3576,2.219,-1.0752,2.8824,-0.6974,-1.4577,-0.8439,0.8567,2.7943,0.5044,-0.1336,1.2496,-0.8239
1.6945,-0.4697,2.5611,2.715,-1.1401,2.7614,-1.0231,-1.6755,-0.993,1.0396,3.189,0.455,-0.0122,1.4046,-0.6092
1.6589,-0.505,2.2873,3.1691,-1.0306,2.543,-1.0804,-1.9563,-0.9085,1.1163,3.4476,0.3451,-0.0816,1.8654,-0.5261
1.7305,-0.1851,2.3075,2.8295,-1.3775,2.6673,-1.1658,-2.2916,-0.9629,1.2249,3.4432,-0.0198,-0.301,1.3884,-0.7005
1.7405,0.0513,2.0667,2.8493,-1.1092,2.5897,-0.9889,-2.1821,-0.6354,1.218,3.1153,0.2332,0.1413,1.7874,-0.3921
1.6069,-0.1379,1.9887,2.9981,-1.3439,2.5569,-1.1856,-1.6826,-0.1868,0.9085,3.0164,0.2762,0.2047,1.4797,-1.0308
1.6289,-0.1029,2.3228,2.6918,-1.3052,2.3821,-1.113,-1.4894,-0.1692,0.6062,2.8917,0.1975,-0.0421,1.2522,-1.1088
1.4188,0.0009,2.2262,2.7065,-1.2939,2.3466,-1.2794,-0.8693,0.0219,0.4892,3.0234,0.2134,-0.3932,1.2197,-1.3962
1.6594,-0.4118,2.9449,2.8712,-1.01,2.4526,-1.2912,-1.2164,-0.4928,0.4428,2.9283,0.2282,-0.3564,0.8298,-1.7324
2.0243,-0.9271,2.6073,2.7558,-0.6261,2.4513,-1.1739,-0.9512,-0.3985,0.7918,3.1273,0.1752,-0.5737,0.9097,-2.0238
1.9414,-0.1232,2.9957,2.7467,-0.8731,2.3577,-1.0862,-1.4821,-0.7735,1.1322,3.2368,0.158,-0.4193,0.637,-1.357
1.6438,0.6722,2.6973,2.7823,-0.8434,2.4429,-1.1114,-0.9822,-0.5927,1.0878,3.4404,0.3759,-0.3027,0.9847,-0.9477
1.8887,0.2614,2.9166,2.953,-0.4979,2.7257,-0.8314,-1.4391,-1.1118,0.602,3.3453,0.6191,-0.1423,0.4473,-0.9762
1.8313,0.311,2.8263,2.7333,-0.5498,2.5189,-0.971,-1.3468,-0.9493,0.9124,3.2599,0.8472,-0.1007,0.5667,-0.4287
1.8803,0.0066,2.8252,2.9677,-0.7336,2.6028,-1.0301,-1.1007,-0.8705,0.9228,3.3078,0.921,-0.233,0.8263,-0.2987
2.0071,0.0711,2.9291,2.7495,-0.8212,2.5848,-1.2321,-0.7972,-0.7884,0.5139,3.3678,1.0157,-0.2547,0.713,-1.1091
1.7791,0.358,3.0495,2.7395,-0.5652,2.4508,-1.2152,-0.6504,-0.9497,0.8649,3.2869,1.0603,-0.4022,0.1178,-1.5286
1.9697,0.0766,3.3204,2.6272,-0.3592,2.4175,-0.9886,-0.7008,-0.9997,0.7287,3.333,1.2062,-0.7105,-0.2887,-1.5113
1.8417,0.1526,3.2443,2.2984,-0.1677,2.7867,-1.0005,0.0507,-0.7874,0.9374,3.1708,1.004,-0.5235,-0.1773,-0.9387
1.5358,0.1757,3.4535,2.7035,0.1421,2.7004,-1.0337,-0.0719,-1.0647,0.9166,3.2494,1.0471,-0.5081,0.5909,-1.0716
1.7447,-0.1079,3.5359,2.6884,-0.2302,2.9216,-0.9853,-0.7073,-1.5209,0.946,3.3543,1.2561,0.2826,0.4959,-0.8382
1.8525,0.1051,3.5343,2.6634,-0.3227,2.5892,-0.9391,-0.8017,-1.6151,1.2489,3.3772,1.065,0.3113,0.8365,-0.6443
1.8371,0.1853,3.0655,2.6971,-0.4215,2.7279,-0.9292,-1.7615,-2.0816,1.4026,3.4591,1.0264,0.1523,0.9614,-0.778
1.8223,-0.1562,2.485,2.6901,-0.5215,2.9226,-0.9828,-1.8868,-1.7805,1.5834,3.2632,0.7801,0.5128,1.113,-0.4612
1.9401,-0.236,2.0514,3.0796,-0.7571,2.9275,-1.021,-2.4721,-1.5793,1.6161,3.361,0.5357,0.6019,1.9007,-0.4712
1.8741,-0.0849,1.6106,3.0644,-1.1516,2.791,-1.1161,-2.0401,-0.9632,1.6035,3.1562,0.3242,0.7696,2.1036,-0.6273
2.0065,-0.267,1.634,2.9143,-1.5611,2.598,-1.3185,-2.2408,-0.8091,1.6856,3.0954,0.6887,0.6466,3.1137,-0.4578
1.8393,-0.335,1.6182,2.7585,-1.2285,2.6675,-1.3362,-3.0149,-0.9367,1.0229,2.8731,0.6999,0.8688,2.8274,-0.6625
1.9652,-0.2841,1.4398,2.597,-1.525,2.8056,-1.4658,-2.6281,-0.4537,0.7652,2.5717,0.0303,0.7974,3.0074,-0.9806
2.0009,-0.3306,1.6549,2.7966,-1.3174,2.4801,-1.4554,-2.314,0.0114,0.1881,2.4606,0.1398,0.9019,2.7284,-2.2497
2.0319,-0.0384,2.2051,2.9084,-1.0645,2.6999,-1.5434,-2.8073,-0.2394,-0.3544,2.6276,-0.0067,0.8166,2.1699,-2.3103
2.0028,-0.1513,1.9383,2.8884,-0.7876,2.1466,-1.6695,-2.0418,-0.0721,0.0144,2.5665,0.1985,0.7891,2.2065,-2.2179
1.7986,-0.0787,1.9719,2.708,-0.8391,2.3157,-1.4154,-2.038,-0.1468,0.3041,2.6158,0.8855,0.5833,1.6398,-1.8842
2.229,-0.1739,2.4437,2.92,-0.8169,2.0884,-1.3028,-1.7775,-0.0388,-0.4097,2.8814,0.614,0.5662,0.9614,-1.9638
2.2144,-0.3275,2.5789,2.7397,-0.4379,1.9894,-1.3841,-1.1864,-0.1813,0.3395,2.9918,0.7307,0.5101,0.7025,-1.3883
2.0787,-0.0517,2.927,2.7717,-0.4369,2.0769,-1.0468,-0.5979,-0.2064,1.2483,3.2346,0.7845,0.2921,0.4809,-0.6668
2.1714,0.41,3.3657,2.6457,-1.1239,2.1967,-0.9692,-0.8064,-0.7177,0.7032,3.4739,0.724,0.4687,0.4131,-1.0015
2.1443,0.4781,3.3045,2.389,-0.8117,2.5225,-1.0982,-1.0032,-1.1856,0.269,3.5383,0.9173,0.4569,0.4991,-0.8842
2.3645,0.1552,3.2624,2.3151,-0.6015,2.4024,-0.8637,-1.2441,-1.2173,0.5376,3.4387,1.0187,0.2727,0.6977,-0.6871
2.4305,0.2192,3.2722,2.3105,-0.7082,2.2492,-0.7825,-1.1496,-1.2428,0.9769,3.3524,1.2217,0.3923,0.7377,-0.4091
2.3232,0.1774,3.3045,2.4036,-1.1701,2.2187,-0.7602,-1.041,-1.1181,0.3785,3.4137,1.4753,0.3348,0.6584,-0.7575
2.2266,0.2273,3.1848,2.4947,-0.8683,2.5307,-0.9309,-0.9912,-1.199,0.1662,3.2925,1.3343,0.4409,0.8651,-0.7919
2.2093,-0.1603,3.1117,2.9019,-1.2558,2.5742,-0.7533,-1.524,-1.3557,-0.0243,3.5144,1.3952,0.7056,0.9478,-1.3902
2.3311,-0.0532,2.8455,2.5695,-0.7857,2.4841,-1.1815,-1.4035,-1.3423,0.2418,3.3668,0.597,0.479,1.1668,-0.9838
2.3083,-0.1179,2.8026,2.4208,-0.731,2.3493,-1.355,-1.3107,-1.2664,0.6918,3.0045,0.8855,0.8106,0.9751,-0.9075
1.8837,-0.0363,2.5563,2.3837,-1.4408,2.8529,-1.6022,-1.4412,-1.1604,0.5091,2.7343,0.8022,0.5163,0.8966,-1.1041
2.162,-0.3761,2.2188,2.4721,-1.4349,2.6806,-1.7099,-1.1197,-0.3429,-0.2353,2.6475,0.4274,0.2726,0.9438,-1.6129
2.2417,-0.3918,2.8268,2.7086,-1.882,2.6339,-1.7804,-0.9151,-0.1737,-0.3632,2.7428,-0.0499,0.0552,0.5476,-1.8665
2.3424,-0.3554,3.4531,2.4991,-1.5845,2.3466,-1.813,-0.5837,-0.4128,-0.573,2.9227,0.043,0.0505,0.3891,-1.5024
2.2502,-0.4125,3.548,2.3974,-0.954,2.4761,-1.5785,0.135,-0.5374,-0.5114,3.2211,0.3034,-0.0988,1.6228,-1.8717
2.4289,-0.2308,3.7591,2.3997,-0.7515,2.3028,-1.2636,-0.7539,-1.1459,-0.1688,3.4886,0.6233,0.0234,0.7323,-1.6385
2.3575,0.0872,3.6348,2.7514,-0.3805,2.5222,-1.2217,-0.9539,-1.5116,0.8254,3.7658,1.051,0.0368,0.5622,-0.8748
2.3629,-0.0121,3.3415,2.6253,-0.7256,2.3637,-1.0652,-0.933,-1.7728,1.1292,4.0925,1.2733,0.15,0.6876,-0.2408
2.3857,0.2237,3.1498,2.4124,-1.0064,2.7001,-0.7202,-1.4261,-1.9414,1.3515,3.9679,1.3213,0.393,0.5637,0.501
2.5153,-0.0304,2.8323,2.1619,-2.6657,2.8282,-0.4886,-1.617,-1.8102,0.5991,3.4531,1.5545,0.4568,0.9596,0.3462
2.407,0.581,2.5222,1.9484,-1.8077,2.6924,-0.8517,-1.6454,-1.4951,0.3271,3.2222,1.1813,0.6967,1.6664,-0.0806
2.42,-0.337,2.4851,2.3842,-1.0837,2.8465,-1.0168,-1.9806,-1.4225,0.251,3.1881,0.5324,0.8776,1.7497,-0.4499
2.0609,-0.5831,2.4604,2.3366,-1.156,3.0738,-0.9656,-2.6492,-1.6825,0.8559,3.1872,0.4079,1.06,1.504,-1.7433
2.0909,-0.7811,1.775,2.3253,-1.6937,2.9214,-0.8642,-2.399,-1.3018,0.5484,3.0857,1.1013,0.9911,1.7118,-1.4423
2.9208,-0.6719,2.0269,2.4156,-1.6802,2.7191,-1.1146,-2.6594,-0.9977,0.5874,2.9994,0.8674,1.0467,2.0257,-0.6169
2.4337,-0.3625,1.9647,2.2927,-1.3568,2.722,-1.2245,-3.5101,-1.2493,1.1632,2.6518,0.5381,1.175,2.208,-1.0511
2.4387,-0.6144,1.3838,2.2525,-1.3311,2.7005,-1.1894,-3.2907,-0.9252,1.2318,2.4189,0.4028,1.0956,2.6402,-1.1425
2.1395,-0.9405,1.0835,2.6195,-1.488,2.6831,-1.2468,-2.9397,-0.5405,0.6777,2.467,0.5281,1.2348,2.3433,-1.0483
2.0814,-1.0116,1.2153,2.9427,-1.6682,2.121,-1.2368,-2.3779,-0.0898,0.5503,2.4818,0.5424,1.0845,2.3865,-1.323
2.3222,-1.4894,1.546,2.9223,-0.9952,2.2797,-1.2296,-2.9017,-0.3948,0.6248,2.8117,0.2635,1.1008,1.6679,-1.5918
2.5925,-0.8999,1.3425,2.7137,-1.3202,2.2344,-1.0711,-2.4647,-0.2865,0.9993,2.742,0.4043,0.9201,1.7265,-1.4655
2.5694,-0.7397,1.7589,2.6671,-1.6716,2.2003,-1.0354,-2.0193,-0.033,0.7759,2.8175,0.2771,0.8507,1.5321,-0.6726
2.5801,-0.646,2.1915,2.7399,-1.6293,2.3522,-0.9117,-2.0358,-0.396,1.4305,3.0536,0.3774,1.0355,1.4117,-1.7859
2.1249,-0.6804,2.0875,2.5036,-2.0172,2.7768,-1.0865,-2.0725,-0.6,0.4029,3.1104,0.5007,0.9349,1.4117,-1.2045
2.4648,-0.9512,2.1293,2.6935,-2.0585,2.8034,-0.8814,-2.127,-0.5522,-0.6143,3.2299,0.6589,1.0104,0.8951,-1.9053
2.2961,-0.7957,2.1491,2.3875,-1.9181,2.8714,-1.0131,-1.6864,-0.6,-0.5457,3.0091,0.8173,0.9349,1.308,-2.1597
2.8349,-0.7173,2.5133,2.22,-1.712,2.7898,-1.201,-2.5576,-1.1032,-0.0983,3.0315,0.6892,1.187,1.1943,-1.8654
2.6598,-0.6695,2.2069,2.3737,-1.5035,2.7146,-0.9212,-2.155,-0.7922,0.4274,2.9999,1.0119,0.6586,1.9177,-1.7871
2.3546,-0.7073,2.0241,2.5994,-1.6102,2.6232,-0.9198,-2.1032,-0.7526,0.4021,2.5895,0.8936,0.8749,1.256,-1.9865
2.621,-0.5971,2.2203,2.4666,-1.6284,2.388,-1.0015,-1.4412,-0.2508,0.0845,2.9634,0.492,0.7021,1.3551,-1.8758
2.7788,-0.4368,2.6742,2.3496,-1.5292,2.4621,-1.0437,-1.1259,-0.3399,-0.3305,2.9782,0.7563,0.6898,0.8197,-2.1736
2.4989,-0.4991,3.0217,2.42,-1.6319,2.5165,-1.2925,-1.3866,-0.7907,-0.126,3.6801,0.8542,0.1326,0.7442,-1.1503
2.7963,-0.0658,2.9896,2.4973,-1.4725,2.346,-1.198,-1.2263,-0.7501,0.1658,3.5865,1.4668,0.1885,0.8785,-1.1944
2.7889,-0.072,2.766,2.2202,-1.6608,2.3543,-1.1721,-0.6075,-0.6133,-0.2147,3.7302,1.3756,0.483,0.853,-1.0584
2.1972,-0.2533,3.0817,2.1056,-1.37,2.3581,-1.1991,-0.7092,-0.874,0.2096,3.5085,1.7065,0.6169,0.9621,-1.1946
2.2571,-0.401,3.3653,2.1336,-1.453,3.1248,-0.9323,-1.3888,-1.1841,-0.0818,3.2602,1.6609,0.8312,0.7621,-1.4983
2.097,-0.5256,3.0021,2.0546,-1.2047,3.0115,-0.9748,-1.393,-1.1923,0.1329,3.4234,1.5969,1.0243,1.0574,-1.2653
2.2835,-0.2041,2.8074,2.0478,-1.2593,3.0354,-0.817,-2.1189,-1.6095,0.3189,3.4559,2.4993,1.3931,0.8487,-0.8971
2.6349,-0.4056,2.5036,2.0936,-1.1272,2.7037,-0.973,-2.4329,-1.6449,0.6278,3.375,2.047,1.4641,1.1605,-1.0326
2.6427,-0.9467,2.2175,2.0752,-1.2358,2.6243,-1.0424,-2.4133,-1.198,1.1586,3.145,1.5709,1.5434,1.7401,-0.7362
2.7332,-0.4019,2.152,1.9706,-1.3567,2.2817,-1.0004,-2.1344,-0.981,1.6938,2.7977,1.3058,1.25,2.2146,-0.3397
2.3833,-0.414,1.897,1.9948,-1.4181,2.6094,-1.153,-1.8124,-0.7133,0.9292,2.7744,1.0183,1.5821,2.6088,-0.0674
2.1223,-0.628,1.9292,2.0518,-1.9196,2.6404,-1.1994,-2.2557,-0.7383,0.3359,2.7258,0.9184,1.3979,2.434,-0.2264
1.7555,-0.6102,1.6768,2.1335,-1.551,2.5699,-1.2213,-2.2598,-0.7813,0.2357,2.8138,0.7236,0.9681,2.4461,-0.6888
1.7222,-0.659,1.5637,2.4845,-1.4952,2.9418,-1.1457,-2.199,-0.5778,0.1015,2.7866,0.5374,1.1594,2.3629,-1.3854
2.048,-0.8051,1.7104,2.2889,-1.8065,2.925,-1.064,-2.0267,-0.4555,-0.1028,2.7771,0.4194,1.2585,2.0716,-1.1377
1.8431,-0.7433,1.6773,2.1965,-1.7992,3.0276,-1.0956,-2.2167,-0.4555,-0.2636,2.3226,0.4944,1.2149,2.1334,-1.3037
2.2925,-0.7899,1.5145,2.3092,-1.4792,2.7963,-1.1662,-1.9155,-0.208,-0.6766,2.5614,-0.1612,1.2022,2.0443,-1.6621
2.1808,-0.6043,1.7947,2.3637,-1.6802,2.7131,-1.2306,-1.6451,0.097,-0.1242,2.5908,-0.024,1.4329,1.7941,-1.6065
1.9341,-0.874,2.0879,2.3541,-1.592,2.8358,-1.3448,-1.7995,0.0252,-0.5594,2.7618,-0.016,1.8259,1.4883,-1.6087
2.1235,-0.8225,2.4506,2.5471,-1.348,2.8837,-1.4099,-1.6388,-0.0407,-0.8633,3.1028,0.2494,1.634,0.757,-1.6517
2.2348,-0.7082,2.3504,2.2,-0.9953,3.1308,-1.3301,-1.4368,-0.4218,0.1922,3.0311,0.173,1.2244,0.8246,-1.3761
2.1202,-0.7649,2.371,2.324,-0.8905,3.1515,-1.4261,-1.3807,-0.3769,0.6857,3.1914,0.3894,1.2254,1.1091,-1.2078
2.0311,-0.7594,2.2535,2.2292,-1.0506,3.1781,-0.9676,-1.6255,-0.7146,0.3786,2.7976,1.2618,1.1333,0.9804,-1.0072
2.1352,-0.718,2.2794,2.195,-1.0852,2.9046,-1.0134,-0.7249,0.088,0.2971,2.9331,0.9482,1.0608,0.6762,-1.2088
2.2047,-0.6478,2.7481,2.1589,-1.0374,2.9957,-1.2584,-0.6641,-0.0456,-0.0593,3.1732,0.7531,0.8882,0.7877,-1.0014
2.0911,-0.7969,2.9296,1.9824,-0.9703,3.0046,-1.1498,-0.5453,-0.4403,-0.169,3.1102,0.9787,0.6758,0.6264,-1.2298
2.209,-0.5419,3.1748,2.6581,-0.8788,3.1121,-1.1809,-0.7588,-0.8047,-0.3133,3.5993,1.0104,0.6594,0.2783,-1.3504
3.051,-0.6519,3.7301,2.1755,-0.7461,2.6157,-1.0164,-0.5975,-0.9651,0.0816,3.8118,1.2552,0.5034,0.2687,-1.15
2.5511,-0.23,3.6253,2.0642,-0.7998,2.6435,-1.0646,-0.1843,-1.1733,0.7601,4.0177,1.7658,0.1821,0.3276,-0.3269
2.2682,0.0426,3.3882,1.7871,-1.0009,2.9515,-1.0159,-0.2982,-1.3131,0.1585,3.9427,1.6379,0.2105,0.4364,-0.3832
2.2138,-0.3701,3.1226,1.6001,-1.0915,3.1668,-1.2016,-0.5832,-1.3402,-0.1286,3.7182,1.9241,0.2076,0.6003,-0.4673
2.1676,-0.084,2.8298,1.6746,-0.9508,3.0329,-0.8893,-0.986,-1.3281,0.2649,3.5029,1.8292,0.4712,1.2536,-0.4386
2.1948,-0.6327,2.442,1.7819,-0.8242,3.2189,-0.9651,-1.5486,-1.168,0.0518,3.3889,1.6657,0.9863,1.5056,-0.8957
3.0212,-0.6072,2.2262,1.9981,-1.2993,2.9481,-0.9256,-2.122,-1.1543,0.0784,3.3727,1.5797,0.8552,1.2473,-0.9522
2.9673,-0.4448,1.8411,1.787,-1.6671,2.6517,-0.8801,-1.7363,-0.7644,0.4774,3.1142,1.2211,0.5665,1.8072,-1.2187
2.5608,-0.5268,1.7118,1.8498,-1.4873,2.9937,-0.8592,-1.96,-0.5412,-0.0093,3.0892,1.2509,1.0305,2.0635,-1.2165
2.3593,-0.9967,1.3755,2.0533,-1.4868,3.2257,-1.0027,-2.0303,-0.5206,-0.3835,2.9799,1.0299,1.7659,2.5554,-1.2369
2.186,-0.9239,1.2897,2.0749,-1.4397,3.3737,-1.17,-2.3775,-0.3153,0.0004,3.3206,1.0437,1.3996,2.9496,-1.0963
2.3721,-0.9623,1.3177,2.0727,-1.806,3.2595,-1.1933,-2.7718,-0.1749,-0.0985,2.9628,1.0864,1.2871,2.5849,-0.942
2.534,-1.1277,1.0382,1.8533,-1.6888,3.18,-1.2659,-2.6461,-0.0153,-0.044,2.552,0.6203,1.3197,2.6416,-1.0627
2.4555,-1.2553,1.284,1.9633,-1.7826,3.3075,-1.525,-2.6273,0.2073,0.1861,2.7809,0.3733,1.3832,2.1269,-1.1711
2.4599,-1.142,1.1384,2.1544,-1.0054,2.6818,-1.4302,-1.985,0.2919,0.5033,2.6958,0.4186,1.3468,2.4058,-1.6521
2.4931,-1.4036,1.4776,1.9573,-1.3086,3.3175,-1.2487,-2.1045,0.1128,0.8499,2.6939,0.0873,1.3429,1.7442,-1.3208
2.9429,-1.0866,1.6834,2.1116,-1.5437,3.0117,-1.0359,-1.7952,0.338,1.2972,2.6168,0.3105,1.0065,1.8999,-1.1608
2.8189,-1.1207,1.723,2.1915,-1.6861,2.9724,-1.0187,-1.745,-0.1179,1.1167,2.7372,0.137,1.0554,1.4932,-1.192
2.5794,-1.0743,1.8271,2.0114,-2.0907,2.7774,-1.1401,-0.9791,0.0076,0.2804,2.9895,0.0395,1.0534,1.2125,-1.6648
2.7018,-1.1892,2.2883,2.0447,-2.7174,2.7113,-1.2212,-0.8075,0.0957,-0.4274,3.1229,0.1323,0.7661,0.8358,-2.0231
2.8296,-1.2708,2.8066,2.2024,-2.2735,2.4617,-1.365,-0.6635,0.0282,-1.0139,3.2063,0.1191,0.6302,1.3739,-2.3162
2.6044,-1.0492,3.0851,2.1997,-1.9163,2.515,-1.4602,-0.8723,-0.5521,-0.5463,3.6011,0.2216,0.3164,1.1339,-2.5507
3.0065,-0.8427,2.9596,2.098,-1.5533,2.3542,-1.5392,-0.8583,-0.7948,-0.6532,3.5554,0.5295,0.3017,0.4171,-2.5007
3.1715,-0.6583,3.0532,1.9734,-1.6573,2.4002,-1.42,-0.2638,-0.6,-0.1605,3.6675,0.4809,-0.5317,0.7118,-2.2094
2.9182,-0.5812,3.3715,1.8198,-1.7953,2.5207,-1.325,-0.4327,-0.9035,-0.1157,3.4488,0.6473,0.2413,0.4893,-2.0864
2.794,-0.6917,3.3383,1.8489,-1.5668,2.7801,-1.1526,-0.36,-1.0898,0.0204,3.6648,0.5725,0.3613,0.5941,-1.7501
2.7545,-0.5432,3.5647,1.751,-1.4501,2.7724,-1.1672,-0.1985,-1.1592,0.4182,3.3824,0.85,0.5443,0.1246,-1.8324
2.6456,-0.3163,3.5476,1.8284,-1.4688,2.6857,-1.3116,0.1698,-1.0921,0.3353,3.6481,0.9519,0.4551,0.4932,-1.5249
2.6507,-0.5145,3.5453,1.4618,-1.2859,2.6998,-1.1653,-0.4003,-1.6527,0.4707,3.4304,0.862,0.5741,0.2887,-1.114
2.7569,-0.5437,3.5449,1.7258,-1.2014,3.0379,-0.9161,-0.1902,-1.5713,0.7973,4.0864,0.9052,0.6285,0.7423,-0.4748
2.9366,-0.3442,3.5464,1.913,-1.3761,2.8319,-0.8227,-0.2694,-1.5199,0.6896,3.9606,1.2925,0.8809,0.528,-0.5995
2.8302,-0.253,3.5487,1.88,-1.2015,2.8673,-0.8459,-0.4883,-1.5542,0.9499,3.9835,1.2702,0.8392,0.4232,-0.358
2.9918,-0.5019,3.371,1.9426,-1.3868,2.6639,-1.2569,-0.681,-1.5267,0.7649,3.9564,1.2541,0.7444,0.4346,-0.3311
2.5331,-0.5185,3.2654,2.0002,-1.0734,2.7755,-1.2981,-0.6702,-1.0322,1.1853,4.0056,1.4058,0.5384,1.0669,-0.5679
2.6659,-0.731,3.1538,1.9983,-1.2709,2.6279,-0.9115,-1.3895,-1.4697,1.1099,3.8673,1.4203,0.7252,0.8925,-0.5654
2.9515,-0.538,2.6688,1.5793,-1.4937,2.6949,-0.9526,-1.4978,-1.2629,1.1097,3.5228,1.1201,0.475,1.0691,-0.7707
2.8085,-0.5631,2.5861,1.73,-2.0738,2.7559,-1.0387,-0.7603,-0.7509,0.7232,3.5295,1.3237,0.8339,0.9845,-0.8033
2.6591,-0.9914,2.8085,1.9426,-2.1509,2.8764,-0.9136,-0.8958,-0.9066,-0.0803,3.6584,1.3764,0.8719,0.6524,-0.6429
2.8661,-1.007,2.8345,2.0767,-2.0299,2.745,-1.0661,-1.3736,-1.225,-0.0491,3.7936,1.3463,0.7777,1.1187,-0.7568
3.4287,-0.8602,2.6835,1.9421,-2.1919,2.5415,-1.2684,-1.6267,-1.0041,0.044,3.822,1.4923,1.0072,1.3478,-0.8303
3.3573,-0.9054,2.5432,1.6602,-1.5943,2.4956,-1.4392,-1.6937,-0.9282,0.2587,3.5836,1.192,1.0328,1.504,-0.4537
3.4832,-0.5801,2.5755,1.6679,-1.3131,2.2109,-1.2938,-1.7106,-0.9027,1.0049,3.6276,1.0817,0.7539,1.7601,-0.728
3.1766,-0.6457,2.507,1.8001,-1.0856,2.3213,-1.3106,-1.4793,-0.3936,1.8181,3.4114,0.9067,1.1864,1.9562,-0.1276
2.9803,-0.9268,2.4533,2.2649,-1.3986,2.5871,-1.3296,-1.5287,-0.6309,1.7311,3.1679,0.9494,1.124,1.9765,-0.0898
3.3309,-1.0694,2.5885,2.0751,-1.6961,2.4629,-1.1995,-1.4127,-0.9767,1.1524,3.447,0.8088,0.7625,1.8645,-0.3694
3.0301,-1.0189,2.3934,1.7455,-1.5415,2.5777,-1.2889,-1.2842,-1.0583,1.1134,3.3456,0.7793,0.7573,1.9677,-1.0794
2.8836,-0.8231,2.4161,1.7383,-2.1141,2.4771,-0.9576,-1.3735,-0.9352,0.6462,3.1304,0.7679,0.8067,1.8942,-1.0757
2.7631,-1.0298,2.572,1.7294,-2.4251,2.5535,-1.2011,-1.333,-0.9108,0.023,3.2327,0.4793,0.8116,1.7233,-1.5742
2.8097,-1.2323,2.2779,1.7934,-2.1852,2.8801,-1.1851,-1.9636,-1.1576,-0.3681,3.1861,0.7482,1.082,1.7347,-1.215
2.9124,-1.5603,1.9252,1.7919,-1.3724,2.9458,-1.0581,-1.3309,-0.4681,0.3018,2.8891,0.3708,0.7262,1.9833,-1.8252
2.7102,-1.7229,2.2588,1.9314,-2.3854,3.4563,-0.959,-2.2277,-0.9326,0.6561,2.8998,0.4939,1.2594,1.5621,-1.3879
2.9411,-1.4982,1.9975,2.1695,-2.5461,3.0201,-0.7624,-1.7247,-0.5514,0.3358,2.9788,0.7263,1.4333,2.125,-1.4177
2.8899,-1.3323,2.1719,2.1002,-1.6871,3.0998,-0.9411,-2.276,-0.6506,0.5705,2.9879,0.962,1.5956,1.9681,-1.1775
3.134,-1.3947,2.0511,1.9613,-1.3989,2.6349,-0.9513,-2.2152,-0.7152,1.2779,2.9947,0.8704,1.3382,1.5348,-1.2872
2.9921,-1.7477,1.8139,2.1956,-1.4116,2.7525,-0.8481,-1.9245,-1.0428,1.5003,3.1118,0.856,1.2531,1.7006,-0.4186
3.1499,-1.8247,1.9326,2.1629,-1.1387,2.8657,-0.8283,-1.7155,-0.7255,1.6969,3.2153,0.9462,1.1739,1.6642,-0.2963
3.0974,-1.4163,2.1586,1.9975,-0.9973,2.6506,-0.8612,-1.8559,-0.6447,2.3323,3.2075,0.7486,1.1237,1.739,0.1042
2.9434,-1.5302,2.015,2.1673,-1.1705,2.6031,-0.9098,-1.5974,-0.884,2.3153,3.3481,0.507,1.1363,1.6058,0.7001
2.9803,-1.2746,2.1266,2.1008,-1.5473,2.7132,-0.7619,-1.3543,-0.5504,2.1497,3.1179,0.4972,1.1425,2.2499,0.9942
3.0704,-1.4774,2.39,2.1104,-1.9784,2.4642,-1.0209,-1.6845,-0.7763,1.3643,3.2315,0.4612,1.5135,1.853,0.8702
2.9062,-1.6385,2.4012,2.0237,-2.1215,2.5754,-1.2733,-1.6067,-0.0035,1.136,3.2007,0.4161,1.3651,1.6692,0.0341
2.9636,-1.5065,2.3873,1.845,-2.008,2.7555,-1.2211,-1.7855,-0.4486,0.7787,3.1137,0.3931,1.1497,1.5889,-0.2433
2.5864,-1.6076,2.1544,1.9421,-1.8478,2.9414,-0.8172,-1.7151,-0.0985,0.7544,3.1904,0.3254,0.8193,1.3858,-0.9496
2.8837,-1.5913,2.0414,2.1984,-1.671,2.8401,-0.8436,-1.3342,-0.1927,0.9691,3.1555,0.5236,1.2906,1.4364,-1.038
3.1477,-1.6876,2.3533,2.0379,-1.4545,2.9096,-1.0157,-1.4742,-0.4262,1.3831,3.119,0.6314,1.2133,1.5311,-1.0259
3.1523,-1.3192,2.2595,1.8552,-1.3548,2.7861,-1.0181,-1.3096,-0.6842,1.678,3.1113,0.2976,1.4318,1.478,-0.3124
3.2931,-1.5111,2.1879,2.2054,-1.5492,2.7901,-0.998,-0.7756,-0.3285,1.5612,3.1642,0.4551,0.9826,1.6496,-0.4187
3.124,-1.309,2.6841,2.0185,-2.0015,2.6277,-0.9065,-0.9371,-0.6006,1.3666,3.2255,-0.1225,0.842,1.0112,-0.5063
2.8956,-1.3459,2.6417,1.9882,-1.8622,2.7069,-0.8075,-0.6878,-0.5774,1.0729,3.5929,0.1671,1.0301,0.9572,-0.3579
3.4339,-1.5575,3.0345,2.1567,-2.0212,2.6125,-1.0011,-1.5086,-1.1727,0.5821,3.6727,0.2102,1.1063,1.0974,-0.9488
3.6822,-1.1881,2.7379,2.0317,-1.8661,2.2346,-0.9373,-1.0176,-0.8566,1.0395,3.661,0.1724,1.4982,1.5533,-0.5269
3.3964,-1.0201,2.9527,2.0497,-1.7779,2.3005,-1.092,-1.0112,-0.802,1.3555,3.9107,0.2119,1.3108,1.4526,-0.1854
3.2027,-0.8827,2.8359,2.0576,-2.0994,2.7242,-0.9983,-1.0977,-0.8349,1.0765,4.0544,0.4384,0.9793,1.2312,-0.6839
3.0267,-1.1929,2.612,1.8085,-1.7804,2.9709,-0.9028,-1.4545,-0.8661,0.9003,3.7512,0.7253,1.3044,1.2264,-0.6133
3.4522,-1.2069,2.6145,1.958,-1.8557,3.1158,-0.6937,-1.4449,-0.8098,0.7213,3.8297,0.8176,1.2644,1.0578,-0.6056
3.3667,-1.4335,2.7486,2.1256,-2.0488,3.1805,-0.7874,-1.7829,-0.9781,1.023,3.7094,0.9378,1.1503,0.9515,-0.7176
3.5199,-1.2426,2.7593,1.9976,-1.7283,2.8263,-0.8103,-1.3681,-0.9426,0.7073,3.6319,0.7215,1.3962,1.1217,-0.8122
3.293,-1.5837,2.5232,2.2976,-1.601,2.8347,-0.7242,-1.2331,-0.8624,1.5032,3.605,0.4622,1.1815,2.2228,-0.8512
3.2637,-1.5824,2.4851,2.1469,-2.0081,2.8464,-0.6546,-1.3755,-0.9593,1.5638,3.6329,0.3813,1.1533,1.8577,-0.6399
3.2265,-1.4942,2.4569,2.2282,-1.7774,2.2675,-0.5978,-1.0537,-0.8785,1.6335,3.4209,0.0178,1.157,1.7809,-0.6424
3.15,-1.3798,2.3193,2.3365,-1.9947,2.4992,-0.6678,-0.9562,-0.3716,1.3033,3.5523,0.3797,1.1033,1.5601,-1.0848
3.0058,-1.2232,2.7002,2.3132,-1.6923,2.6394,-0.5854,-1.0087,-0.4497,0.8077,3.3799,0.6382,1.233,1.4178,-0.4969
2.8715,-1.6548,2.5805,2.2639,-1.4687,3.0188,-0.7732,-1.1628,-0.7522,1.3199,3.5341,0.4623,1.4867,1.0925,-0.3714
2.9887,-1.4772,2.8041,2.2954,-1.499,3.1312,-0.6349,-0.6858,-0.591,1.642,3.8863,0.4754,1.1478,1.1253,-0.3206
3.2767,-1.124,3.188,2.1937,-1.7665,3.0941,-0.2958,-1.2517,-1.1133,1.5584,4.1435,0.5172,0.4062,0.6905,-0.2192
3.2749,-0.8412,3.072,2.3156,-1.7798,3.0225,-0.2501,-0.9317,-1.0304,1.7315,4.3087,0.3603,1.1407,0.4875,0.2007
3.2574,-0.9365,3.0426,2.1985,-2.0336,2.8814,-0.1766,-0.7726,-0.9906,1.3896,4.2958,0.7658,1.0291,0.8142,0.0365
3.2746,-0.9304,3.1663,1.893,-2.0258,3.1256,-0.3312,-1.087,-1.3559,1.2518,4.0974,0.8914,1.1925,0.5838,0.1446
3.1608,-1.1055,3.1714,2.0505,-2.0832,3.1435,-0.6457,-0.8728,-1.1624,0.8894,4.0747,0.9373,0.9265,0.9573,-0.2786
2.887,-0.9019,3.1026,1.6423,-1.8898,3.3857,-0.5155,-1.0529,-1.1745,1.0269,3.8982,0.997,0.9387,0.8278,-0.6904
2.9302,-1.0644,2.9424,1.9011,-1.9669,3.4504,-0.4951,-1.3912,-1.2028,0.9166,3.8995,1.0732,1.1903,1.0813,-0.9582
2.9833,-1.1812,2.6442,1.7214,-1.4294,3.4104,-0.4566,-1.6872,-1.3596,1.1201,3.8859,1.1355,1.0182,1.6406,-0.8076
2.9801,-0.9355,2.4111,1.7845,-1.4403,3.5046,-0.3998,-2.6008,-1.3757,1.6123,3.7646,0.8472,1.1884,1.8146,-0.6766
3.016,-1.1791,1.9728,1.7066,-1.4802,3.2178,-0.4153,-2.0711,-1.0423,1.406,3.4724,0.6522,1.3217,2.4299,-0.7
2.8357,-1.6112,1.8189,1.9156,-2.1171,3.2628,-0.4378,-2.2055,-0.9649,1.1113,3.3393,0.1836,1.164,2.3638,-0.7134
2.9591,-1.6386,1.6702,1.8987,-2.0493,3.395,-0.51,-2.5836,-0.7046,1.2219,3.1073,0.0899,1.3705,2.4131,-1.7716
2.878,-1.7481,1.6121,1.9575,-2.2861,3.475,-0.6052,-2.7812,-0.7597,0.8087,2.9451,0.0709,1.5437,2.3184,-1.1777
2.8538,-1.789,1.3528,2.0584,-2.4331,3.3655,-0.9169,-2.6001,-0.2496,0.7496,2.9393,-0.631,1.4083,2.4156,-1.9456
3.0272,-1.6447,1.4342,1.9867,-2.5998,3.2412,-0.7702,-2.2027,0.0659,0.1883,3.0214,-0.6292,1.0691,2.0735,-1.9863
3.0046,-1.7127,1.6747,2.126,-2.285,3.2576,-1.0372,-1.6794,0.2278,0.4435,3.4642,-0.556,0.8272,1.5705,-2.1491
2.732,-1.522,1.9907,2.3388,-2.0727,3.3592,-0.9717,-1.7338,-0.1999,0.4574,3.5666,-0.1941,0.9703,0.8102,-2.1161
3.0279,-1.7636,2.0784,2.2511,-1.9467,3.2916,-0.9658,-0.8644,0.027,0.516,3.6762,-0.1269,0.8238,0.7714,-1.6712
2.4583,-1.6686,2.174,2.0698,-1.8165,3.7873,-0.6832,-0.8645,-0.3861,0.706,3.8181,0.1161,0.9411,0.3266,-1.1932
2.7163,-1.8504,2.2689,2.1434,-1.6352,3.57,-0.7349,1.7263,0.3817,0.3848,3.9245,0.2622,0.1973,-0.2005,-1.4988
2.8998,-1.4838,3.8878,1.8904,-1.6524,3.6492,-0.7709,0.9757,-0.4701,1.0135,4.2529,0.3924,0.2658,-0.9095,-1.4748
3.081,-1.304,4.166,1.7361,-1.2374,3.4196,-0.5332,1.2047,-1.0436,0.6895,4.5676,0.624,0.0808,-1.2515,-1.1874
3.0305,-1.0655,4.4691,1.6273,-1.0955,3.4383,-0.369,0.9747,-1.7159,0.6684,4.7932,0.8462,0.2308,-0.9652,-0.8167
3.1225,-0.7744,4.4653,1.5517,-1.0974,3.2828,-0.2899,0.3651,-2.1166,1.3665,5.1618,1.1658,0.4793,-0.7898,-0.4364
3.2961,-0.4406,4.1739,1.389,-1.3264,3.0696,-0.4293,-0.1187,-2.2923,1.5164,5.0107,1.6511,0.7221,-0.5267,-0.2521
3.2553,-0.743,3.6879,1.1248,-1.3679,2.9054,-0.501,-0.3654,-2.4642,1.7446,4.5113,1.2834,0.8989,0.3153,0.1235
2.7726,-0.7998,3.2949,1.5313,-1.0564,3.2365,-0.6603,-0.9937,-2.2884,1.7763,4.4891,0.9622,0.9285,0.9866,0.3162
2.7133,-0.8957,2.6977,1.6341,-1.4117,3.4198,-0.6404,-1.6897,-2.2243,2.2806,4.2776,1.0701,1.0756,1.0581,0.661
3.0013,-0.9323,2.0592,1.5741,-1.8084,3.2656,-0.4826,-1.9786,-1.6391,2.228,3.9776,1.1086,1.0676,1.3477,0.6465
2.8834,-1.0915,1.8534,1.5878,-1.9444,3.51,-0.465,-2.1937,-1.3742,1.992,3.6024,0.7404,1.3316,1.9196,0.2423
2.7097,-1.364,1.5394,1.9015,-1.8112,3.4227,-0.7937,-2.2512,-1.1552,2.0023,3.5847,0.5465,1.8917,2.344,0.1046
2.857,-1.3766,1.3483,1.8421,-2.0815,3.2564,-0.8911,-2.8155,-1.1727,1.977,3.3144,0.2431,1.8105,2.1763,-0.1866
2.5942,-1.2615,0.9523,1.7874,-2.2189,3.3389,-0.8926,-3.4378,-1.1141,2.2969,3.0499,0.1347,1.7295,3.2552,-0.3397
2.9388,-1.5386,0.5911,1.4419,-2.2778,3.2278,-0.9504,-3.6139,-0.6194,1.3996,2.7324,-0.3842,2.0084,3.0747,-0.8899
2.823,-1.501,0.2705,1.6945,-2.2433,3.0867,-1.1239,-3.2345,0.2028,1.4724,2.701,-0.337,1.6923,3.2055,-1.307
2.5592,-1.6496,0.3335,1.7413,-2.7638,3.1663,-1.0222,-3.1603,0.0649,1.4835,2.4363,-0.264,1.4347,2.8231,-0.8299
2.5367,-1.6242,0.2322,1.6754,-3.0145,3.3667,-1.1681,-3.1063,0.3746,0.815,2.1549,-0.5017,1.5536,2.4011,-1.0411
3.0373,-1.6867,0.5103,1.6836,-3.0104,3.1996,-1.2707,-2.2415,0.7869,0.3069,2.6622,-0.8508,1.4752,2.194,-1.4343
3.0498,-1.7833,1.3006,1.9308,-2.6326,3.1657,-1.3613,-2.6058,0.0568,0.4091,3.0185,-0.7045,1.3144,1.4387,-1.6673
2.7985,-1.8879,1.2331,1.889,-2.4135,3.1852,-1.1233,-2.3407,-0.2628,0.717,3.322,-0.3072,1.2494,1.3078,-2.2968
3.1013,-1.5283,1.5864,1.9105,-1.9527,3.3954,-1.2389,-2.0565,-0.4147,0.7983,3.2357,-0.0957,1.1422,1.4575,-1.9419
3.0378,-1.46,1.69,2.0028,-2.3096,3.2075,-1.0032,-2.022,-0.4668,1.3034,3.3342,-0.1821,1.1698,1.1199,-1.6564
2.5807,-1.277,1.4891,2.0019,-2.2199,3.4707,-1.012,-1.9866,-0.7273,1.1937,3.3405,-0.1174,1.2301,1.197,-1.1695
2.9588,-1.3297,1.7113,1.8403,-2.0356,3.2962,-0.9279,-1.9727,-0.6235,0.8204,3.3779,0.2747,1.29,0.7409,-1.5138
3.2444,-1.1368,1.9166,1.5989,-2.429,3.2508,-1.0329,-1.644,-0.5967,0.9155,3.3549,0.1046,1.3809,0.9532,-1.5528
3.2026,-1.1701,2.0761,2.024,-1.9808,2.9253,-1.108,-1.6862,-0.961,0.9055,3.6259,0.2016,1.4928,0.9958,-1.3137
3.1625,-1.3545,2.068,2.0388,-1.8217,2.9206,-1.0937,-1.3172,-0.8573,1.531,3.7658,-0.39,1.3524,1.2938,-1.2549
2.9526,-1.2355,2.1216,1.6279,-1.7377,2.9066,-0.8344,-0.6223,-0.742,1.6845,3.501,0.2382,0.9376,0.9817,-0.6358
2.8081,-1.2583,2.5291,1.6933,-2.2015,2.8301,-0.97,-0.8008,-1.0854,1.2332,3.5604,0.4182,1.1953,0.4256,-0.6519
2.6447,-1.0133,2.3518,1.5415,-2.001,3.3117,-1.0959,-1.3364,-1.4318,1.1778,3.4704,0.7251,0.9492,0.3958,-1.1318
2.5887,-1.0078,2.0199,1.5634,-1.8336,3.2046,-0.9914,-1.1416,-1.1961,0.606,3.5149,0.4025,0.8496,0.7696,-1.6437
3.0539,-0.8168,2.1551,1.6185,-1.8822,3.3104,-1.3055,-1.0863,-1.16,0.6593,3.6442,0.4172,1.0327,1.0655,-1.4357
3.0065,-1.2035,2.2762,1.6245,-1.6856,3.1686,-1.1403,-1.2216,-1.3032,0.9734,3.6965,0.355,0.9471,0.8945,-1.3654
2.8206,-0.8476,2.1053,1.4303,-1.6331,2.9737,-1.0408,-1.2446,-1.116,1.87,3.4236,0.0677,0.8559,0.8425,-1.2299
2.812,-1.1648,2.1845,1.5091,-2.2718,3.3539,-1.037,-0.9272,-0.7945,1.0809,3.6505,0.3417,0.834,0.5017,-1.4883
2.7963,-1.1487,2.2443,1.557,-2.2075,3.3353,-1.0235,-0.9265,-0.8942,0.8116,3.7883,0.2955,0.7424,0.889,-1.1507
3.0891,-1.3202,2.3447,1.5834,-1.8499,3.1388,-1.3097,-0.9895,-0.9121,0.995,4.1593,0.3643,0.7852,0.8388,-1.3538
3.1865,-1.1554,2.3851,1.6409,-1.6642,2.9241,-1.0107,-1.1575,-1.0435,0.8246,4.2726,0.5634,1.1686,0.7054,-1.7579
3.1269,-1.1047,2.0743,1.5334,-1.5962,2.9892,-1.0232,-1.3759,-1.4073,1.4657,4.3366,0.7237,0.9291,0.8915,-1.2141
2.9157,-1.2214,2.0057,2.0238,-1.9771,2.7785,-1.0752,-1.2075,-1.118,1.8243,4.4729,0.8615,1.0798,1.3738,-0.8682
3.0197,-0.9633,1.9634,1.6173,-2.3389,2.9972,-0.8998,-1.9072,-1.2359,1.5599,3.997,1.1595,0.9969,0.9655,-1.609
2.9668,-1.0674,1.5374,1.5644,-2.1878,3.1544,-0.9313,-1.4506,-1.0483,1.0734,3.7969,1.32,1.1414,1.3616,-1.5878
3.2831,-1.0998,1.9025,1.6389,-2.634,2.7923,-0.8475,-1.2303,-1.0042,0.8126,3.6765,0.8409,0.8689,1.6545,-1.6594
3.2438,-1.2206,2.1324,1.5801,-2.1587,2.9162,-1.0856,-1.1814,-0.9122,0.6555,3.6837,0.2425,0.9677,1.1774,-1.5533
3.1669,-1.2252,2.222,1.6984,-2.0923,3.012,-1.0699,-1.0645,-0.8046,1.0343,3.9587,0.5185,0.9182,1.1889,-1.2525
3.3235,-1.1349,2.4458,1.5533,-1.6485,3.1999,-1.056,-1.6034,-1.1963,1.4584,3.5797,0.8269,1.3181,0.9862,-0.9411
3.013,-1.2158,1.9788,1.3766,-2.0197,3.2918,-1.0557,-1.3864,-1.3752,1.7479,3.5345,0.5553,1.0983,1.0761,-1.4044
2.8857,-1.3959,1.8146,1.5071,-1.7714,3.5122,-1.0163,-1.5092,-1.0953,1.6101,3.409,0.471,1.2476,1.1528,-1.1259
2.7292,-1.2916,1.7619,1.462,-2.1073,3.8001,-0.7693,-1.363,-0.831,1.5222,3.4315,0.4159,1.1096,1.1358,-1.2021
2.9071,-1.376,1.9294,1.6131,-2.2997,3.636,-0.4277,-1.3577,-0.9655,0.921,3.3929,0.3868,1.3273,0.8188,-1.6633
3.1757,-1.5015,1.8919,1.6374,-2.1709,3.5213,-0.3102,-0.9481,-0.6651,1.3062,3.4144,0.3394,1.1758,1.11,-1.9208
3.4698,-1.5167,2.1521,1.7587,-2.4516,3.1585,-0.4825,0.3531,-0.1027,0.8543,3.3672,0.3254,1.4663,0.859,-1.6709
3.2104,-1.0724,2.9551,1.6294,-2.03,2.9058,-0.5672,0.1581,-0.3968,0.6549,3.5052,0.5447,1.1295,0.0835,-1.5887
3.4639,-1.3268,3.4122,1.5645,-1.4897,3.1018,-0.5608,0.1963,-0.9048,0.8342,4.0518,0.4444,1.1115,-0.4754,-1.8354
3.624,-0.9166,3.5179,1.2461,-1.3999,3.0358,-0.5796,0.3107,-0.9713,1.5627,4.2293,0.5332,1.095,-0.3975,-1.4245
3.498,-1.1946,3.7851,1.595,-1.3641,3.1844,-0.7056,0.1066,-1.1312,1.4404,4.5447,0.8796,0.9225,-0.2129,-0.843
3.1512,-0.6376,3.5784,1.1294,-1.2378,3.3497,-0.728,-0.2781,-1.6722,2.2082,4.3561,0.9808,0.9017,-0.0845,-0.2872
3.1309,-0.7807,3.2561,0.7086,-1.8248,3.0684,-0.9525,-0.2531,-1.5366,2.3147,4.0199,1.0775,0.774,-0.1048,-0.1803
3.4587,-0.8804,3.1583,1.1211,-1.8517,2.7629,-1.0207,0.0528,-1.0183,1.7004,3.9824,1.3577,0.8724,0.0271,-0.5471
2.9408,-0.8107,3.2568,1.4629,-1.5892,2.8274,-0.9384,-0.2741,-1.3648,2.0527,4.1092,1.2024,1.3111,0.1649,-0.2437
2.6915,-0.4478,2.8575,1.2533,-1.5476,3.2914,-0.9685,-1.0009,-1.749,2.1884,4.2582,0.9456,1.1228,-0.2058,-1.0746
3.1956,-0.9552,2.2936,1.4209,-1.5712,3.2085,-0.8664,-1.0546,-1.3678,1.6343,4.161,0.6815,1.3053,0.4431,-1.119
3.5575,-1.1102,2.1931,1.361,-1.9544,3.242,-0.5023,-1.1651,-1.0926,1.8671,4.1144,0.4061,1.5935,0.3835,-0.9933
3.4329,-1.0756,2.1401,1.5927,-2.2483,3.2692,-0.5131,-1.194,-0.755,1.7485,4.0888,0.3208,1.3859,0.4618,-0.1644
3.681,-1.5813,2.2469,1.5182,-2.0971,2.6144,-0.7813,-0.796,-0.4719,1.2532,3.9208,0.7978,1.4115,0.8382,-0.3493
3.7217,-1.2708,2.6023,1.3792,-2.2944,2.6772,-0.7948,-1.0101,-0.8034,1.087,3.8448,0.062,1.3697,0.2987,-0.4542
3.146,-1.1913,2.4247,0.7955,-2.1433,2.9439,-0.8549,-0.9298,-0.9144,1.4425,3.6289,0.4296,1.2971,0.4591,-0.9319
3.2201,-1.5562,2.0341,0.8992,-2.5224,3.0682,-0.8941,-0.5112,-0.7437,1.0377,3.7269,0.534,1.0908,0.3084,-0.592
3.3301,-1.2815,2.1942,1.1833,-2.4098,3.3839,-1.2372,-0.8468,-0.5655,0.4742,3.9146,0.4602,0.894,0.5588,-1.1282
3.5017,-1.1537,2.1815,1.1522,-1.2674,3.4329,-1.2149,-0.8007,-0.7213,1.2206,3.8689,0.7629,0.682,0.3017,-1.1173
3.3766,-1.0434,1.6214,1.1233,-1.676,3.2733,-1.1064,-1.2587,-1.064,1.89,3.7218,0.2659,1.0328,0.2087,-0.7542
3.5545,-1.4315,1.6593,1.3156,-2.2462,3.1918,-1.0795,-1.0021,-0.5221,1.5216,3.6975,0.5716,1.0385,0.4474,-0.8141
3.3294,-1.3147,1.8378,1.4887,-2.6777,3.4807,-1.0931,-0.7566,-0.5573,1.3898,3.7644,0.3725,0.8166,0.4932,-1.3314
3.6389,-1.6095,2.16,1.6679,-2.5265,3.2575,-1.4648,-0.7189,-0.3199,1.2711,4.0188,0.3389,0.7258,0.6696,-1.0239
3.9464,-1.5931,2.4554,1.4512,-2.2776,3.1637,-1.3696,-0.5159,-0.5079,1.1517,4.3609,0.49,1.2581,0.3787,-0.8901
4.096,-1.1239,2.7181,1.1857,-2.3195,2.9977,-1.5749,-0.3648,-0.6536,1.8979,4.321,0.6654,0.7882,0.4452,-0.6475
3.5704,-0.8097,2.7578,1.3521,-2.6101,3.0237,-1.3173,-0.4931,-0.7923,1.3708,4.4841,0.6879,1.1376,0.6001,-0.8552
3.4604,-1.1801,2.4587,1.4352,-2.6815,3.3722,-1.2334,-0.6716,-1.0636,0.8406,4.3476,0.7629,0.4422,0.4011,-0.8649
3.4733,-1.3067,2.0473,1.405,-2.8,3.569,-1.3084,-0.9648,-0.9003,0.7461,4.1764,0.9028,0.9682,0.5652,-0.9689
3.6962,-1.2037,2.2728,1.4111,-2.5401,3.548,-1.3032,-1.0944,-0.7161,0.6745,3.9939,0.6332,1.1135,1.1712,-1.3488
3.6239,-1.01,2.0572,1.4549,-2.3409,3.3075,-1.371,-1.4507,-0.8879,1.0173,3.9018,0.5527,1.0433,1.8498,-1.6399
3.7256,-1.9967,1.9149,1.6892,-2.5187,3.2734,-1.3813,-1.7333,-0.7778,1.0498,4.0082,0.6338,1.1904,1.5903,-2.1842
3.7628,-1.5988,1.8842,1.9223,-2.3995,3.0603,-1.3247,-1.528,-0.3687,1.5092,4.0186,0.5642,1.1509,1.7046,-1.9237
3.7425,-1.4375,1.8608,2.0972,-2.2077,2.9803,-1.4493,-1.947,-0.7494,1.1625,4.153,0.6547,1.3616,1.4982,-1.6293
3.701,-1.1272,1.6638,1.702,-2.3608,3.0617,-1.1778,-1.8966,-0.5374,1.8226,4.2561,0.8003,1.3631,1.2733,-1.4184
3.5254,-1.0952,1.7113,1.5641,-3.0538,3.2239,-1.2177,-1.8138,-0.5219,1.0886,3.9643,0.5922,0.8121,0.8495,-1.0184
3.5863,-1.1946,1.6867,1.6331,-2.9181,3.3853,-1.4355,-1.3314,-0.2101,0.0508,3.8522,0.2662,0.9916,0.2197,-1.6696
3.9323,-1.2522,2.1381,1.515,-2.9949,3.5821,-1.476,-1.1584,0.1088,-0.0535,3.8449,0.6514,0.9202,-0.1945,-1.8406
3.7605,-1.0433,2.2024,1.3215,-3.1279,3.4672,-1.4457,-0.8619,-0.2098,0.0405,3.8815,0.1563,0.7904,0.7612,-2.0002
3.6945,-1.1165,2.3988,1.7961,-2.5712,3.8747,-1.4818,-1.3397,-0.4275,0.1634,4.0828,0.1411,0.6936,0.917,-1.72
3.5625,-1.197,2.1663,1.6946,-2.244,3.9379,-1.4322,-1.5611,-0.7627,1.1209,4.356,-0.0532,0.7576,0.8579,-1.4271
3.7706,-0.9319,1.9366,1.623,-2.1466,3.8592,-1.4874,-1.1922,-0.4653,1.7205,4.1407,-0.1939,0.9233,1.0702,-1.0625
3.4642,-1.2888,2.0586,1.6984,-2.2959,3.6656,-1.4719,-1.5228,-0.3632,1.6562,4.2831,-0.1056,0.8207,0.5747,-1.0224
3.5913,-1.3231,2.0759,1.7954,-2.6366,3.7998,-1.4945,-1.1223,-0.2538,1.546,4.3691,-0.478,1.1366,0.548,-1.3083
3.8132,-1.1528,2.2642,1.7468,-2.9647,3.4213,-1.4155,-1.1194,-0.1922,1.3134,4.4419,0.0137,1.141,0.382,-1.2027
3.7815,-0.7041,2.2488,1.6371,-3.4211,3.4086,-1.3326,-1.0058,-0.3543,0.7645,4.2833,0.5668,1.0438,0.6279,-1.2876
3.8979,-0.9749,2.7316,1.6583,-3.1219,3.4184,-1.5129,-1.2106,-0.7108,0.0396,4.2869,0.4625,1.3245,1.2566,-1.5477
3.6758,-1.0118,2.6044,1.938,-3.3098,3.6624,-1.3205,-1.6212,-1.0403,0.5596,4.7801,0.4603,1.0096,1.0975,-1.4722
3.639,-0.9151,2.2775,1.8625,-2.6421,3.4025,-1.4378,-1.6119,-0.9504,0.8036,4.7154,0.5207,1.1381,0.7871,-1.5163
3.4487,-0.8527,2.1192,1.6635,-2.8117,3.2003,-1.4065,-1.4821,-0.8084,0.8977,4.4986,0.9729,1.0802,0.7384,-1.1736
3.8406,-1.1765,2.261,1.7701,-2.8946,2.7969,-1.6365,-1.1793,-0.5775,0.8154,4.3259,0.6018,0.8711,0.4802,-1.1159
3.2839,-0.9582,2.0167,1.4821,-2.742,3.4259,-1.7482,-0.659,-0.4363,1.1252,4.014,0.4412,0.5785,0.9714,-1.1972
3.4989,-1.3067,2.3654,2.0348,-3.048,3.537,-1.7662,-0.451,-0.3784,0.5622,4.2642,0.6286,0.7649,0.3386,-1.8436
3.487,-1.3468,2.8154,1.9054,-3.1501,3.9109,-1.7017,-0.5632,-0.6959,0.8729,4.4395,0.4284,1.1674,0.329,-1.4169
3.6866,-0.8317,2.648,1.8738,-3.0143,3.7163,-1.8267,-0.938,-0.9984,0.7168,4.2469,0.4039,1.1707,0.1393,-1.2893
3.8254,-1.3644,2.8119,1.9102,-3.0007,3.6273,-1.8278,0.1526,-0.5218,0.5831,4.4481,0.5136,0.5156,0.7497,-1.1898
3.612,-0.8512,3.05,2.2034,-2.8278,3.8181,-1.793,-0.0358,-0.9442,0.9794,4.9884,0.6742,0.6067,0.6282,-0.3401
3.6714,-0.6117,3.119,1.8783,-2.6892,3.9062,-1.7179,-0.5818,-1.4414,0.9802,4.9085,0.6635,0.893,0.5673,-0.0695
3.4773,-0.7018,2.7474,2.0012,-2.6633,3.7273,-1.641,-0.5289,-1.5616,1.4573,5.0652,0.7603,0.9671,0.7716,-0.1796
3.3578,-0.4533,2.5619,1.7938,-2.3308,3.7544,-1.4561,-1.0441,-1.5894,1.7027,5.0086,0.8738,0.9583,0.8066,-0.1278
3.4047,-0.5518,2.1241,1.6616,-2.8249,3.5991,-1.2899,-0.911,-1.4055,0.8576,4.6145,0.8056,1.0205,0.61,-0.2006
3.4314,-0.4916,2.1104,1.5342,-2.7457,3.6437,-1.244,-1.1034,-1.2433,1.4488,4.3961,0.907,1.0426,0.9918,0.0143
3.564,-0.7746,2.1072,1.9437,-3.0285,3.5885,-1.0341,-1.4754,-1.2899,1.4577,4.3076,0.7286,1.158,1.0159,0.0975
3.6439,-0.8594,2.151,1.9514,-3.1941,3.5601,-1.0711,-1.5136,-1.3071,1.6563,4.2019,0.4483,1.0372,1.5107,0.0273
3.7123,-0.8939,1.8628,2.1932,-3.1453,3.5385,-0.994,-1.2871,-1.0849,1.9322,4.1393,0.445,1.6311,1.7984,0.0521
3.2305,-0.7922,1.793,2.0585,-2.7234,3.7031,-1.1118,-1.6376,-1.1723,2.0366,4.1701,0.2485,1.4952,1.7366,0.0409
3.7784,-0.9762,1.7784,2.1004,-2.8034,3.605,-1.1893,-2.4282,-1.3549,1.718,4.4421,-0.1182,1.8955,2.0272,0.1551
3.8612,-1.1235,1.5046,1.8954,-3.4649,3.5166,-0.9791,-2.5415,-1.3995,1.9912,4.056,-0.0841,1.7215,1.9392,-0.225
4.3705,-0.9905,1.4483,1.897,-3.0516,3.2876,-0.9704,-1.6988,-0.7032,2.088,3.831,-0.2713,1.7273,2.1578,-0.0942
3.9259,-0.9625,1.5984,1.7576,-3.7446,3.1253,-1.0856,-2.0258,-0.672,1.9195,3.9735,-0.2076,1.8795,1.8633,-0.0611
3.7226,-0.8464,1.5431,1.7084,-3.4435,3.4911,-1.3479,-2.5777,-0.7257,1.7198,3.8785,-0.4087,2.0438,1.8543,-0.605
3.6679,-0.9292,1.4107,1.8629,-4.1187,3.6839,-1.1446,-3.379,-0.9461,1.4313,3.5778,-0.3261,2.0266,1.5324,-0.6757
3.6339,-1.3048,0.8936,1.9277,-4.1397,3.3422,-1.4108,-2.6115,-0.2598,0.8897,3.5649,-0.4942,2.1855,2.2716,-0.8714
3.6421,-1.4785,0.9896,2.2597,-4.2784,3.8597,-1.2733,-2.5596,0.1057,0.3924,3.7153,-0.4969,2.0147,2.1288,-1.567
3.5681,-1.3245,0.9731,2.2799,-4.1738,3.9714,-1.4381,-2.8504,-0.1219,0.0042,3.7951,-0.6163,2.019,1.9761,-1.7655
3.6697,-1.4864,1.0933,2.2292,-3.9303,4.0724,-1.6981,-2.8902,-0.3759,0.2022,3.7851,-0.6715,1.854,1.8889,-1.9924
3.5226,-1.4941,0.5508,2.2593,-3.9491,3.9602,-1.7097,-2.8055,-0.1513,0.3578,3.8772,-0.6277,1.5573,1.9819,-2.0538
4.0278,-1.5222,0.8779,1.9082,-4.337,3.7558,-1.5612,-2.3642,0.3476,-0.037,3.5649,-0.6333,1.6037,2.0404,-2.3975
3.8081,-1.5273,1.5018,2.209,-3.965,3.7655,-1.7027,-2.3124,0.2723,-0.3814,3.8705,-0.8103,1.4788,1.7383,-2.7627
3.7834,-1.5623,1.5007,2.9469,-3.582,3.7589,-1.7286,-2.449,-0.2409,-0.0224,4.6061,-1.1244,1.2877,1.322,-2.8366
3.2032,-1.1634,1.1957,2.2584,-3.6255,3.9114,-1.4705,-2.1805,-0.241,0.2911,4.5883,-0.9457,1.1282,1.3161,-2.5287
3.3531,-1.3187,1.3529,1.9558,-3.8126,3.7707,-1.3675,-2.6988,-0.46,0.0675,4.2977,-0.4174,1.4457,0.9604,-2.5498
3.4574,-1.2647,1.0503,2.0414,-3.8848,3.8003,-1.412,-2.1479,-0.0549,0.1434,4.2942,-0.3374,1.0811,1.3297,-2.7813
3.3732,-1.3669,1.1679,1.998,-3.9692,3.8864,-1.3961,-1.5518,0.2769,0.1054,4.3462,-0.2076,1.2265,1.3986,-2.6076
3.4977,-1.4853,2.0883,2.2457,-3.967,3.5607,-1.5355,-1.8703,0.0629,-0.5201,4.5296,-0.016,1.1751,0.9542,-3.0293
3.4514,-1.4064,2.1256,1.8473,-4.0038,3.5763,-1.5677,-1.6471,-0.1876,0.0602,4.6879,0.4164,1.0905,1.1282,-3.2168
3.8504,-1.1597,2.3614,1.9197,-3.5777,3.2794,-1.4849,-1.9735,-0.5455,0.0917,4.9388,0.1586,1.3612,1.1027,-2.5664
4.1314,-1.0576,2.229,1.8079,-3.4147,2.841,-1.5119,-1.3496,-0.1836,0.6616,4.9792,0.0199,1.465,1.5277,-2.2028
3.4977,-1.2388,2.3518,1.5265,-3.3131,3.1605,-1.5473,-1.3852,-0.2901,0.4951,4.9096,0.2622,1.1296,1.0081,-1.7211
3.485,-1.261,2.3836,1.6931,-3.3195,3.4208,-1.3908,-1.3184,-0.3377,0.5678,5.2452,0.3445,1.2026,0.828,-1.7126
3.4918,-0.5323,2.6023,1.3944,-3.2733,3.7433,-1.1809,-1.4782,-0.5684,0.9705,4.9912,0.3578,1.553,0.8447,-1.2385
4.0765,-0.9845,2.5791,1.6277,-2.5486,3.5846,-1.2077,-1.763,-0.7289,0.7624,5.0739,0.7467,1.697,0.8015,-1.4147
3.8117,-0.9017,2.4369,1.6704,-2.7539,3.7779,-0.7586,-1.2848,-0.4707,1.8355,4.8723,0.4956,1.5231,1.8754,-0.7972
3.6613,-1.1593,2.3159,1.536,-3.0304,3.491,-0.7556,-1.6087,-0.6755,2.0122,4.9815,0.378,1.6914,1.3398,-1.0186
3.7139,-1.5369,2.405,1.5112,-3.7548,3.5318,-0.9278,-1.9264,-0.5083,1.4737,4.7943,0.3105,1.8658,1.4523,-0.6139
3.5422,-1.2904,1.9919,1.5301,-3.0295,3.6093,-1.4796,-2.7806,-0.6655,1.6357,4.8881,0.1554,2.5249,1.9219,-0.7396
3.8621,-1.2398,1.5749,1.6872,-3.142,3.4876,-1.5452,-2.5296,-0.2648,1.7424,4.9327,-0.0654,1.9883,2.1079,-0.3035
3.4812,-1.3271,1.382,1.7555,-3.2869,3.5483,-1.4564,-2.9369,-0.2072,2.119,4.7513,-0.1934,2.2567,1.9179,-0.2461
3.681,-1.4418,1.1417,1.7239,-3.7145,3.4984,-1.4304,-2.7334,0.2147,1.254,4.6591,-0.3242,2.47,2.4747,-0.2532
3.9015,-1.5129,1.2782,1.7193,-4.0314,3.3989,-1.7446,-2.4809,0.6575,0.9317,4.7263,-0.2022,2.4714,2.4237,-1.1681
3.9341,-0.9912,1.2129,1.8075,-3.8202,3.4413,-1.7246,-2.5155,0.4697,0.9905,4.6359,-0.3282,2.0034,2.3651,-2.3957
4.184,-1.3374,1.491,1.9994,-3.9872,3.2159,-1.7247,-2.2522,0.6242,0.3318,4.7126,-0.462,1.8593,1.8927,-2.0017
3.7655,-1.271,1.7235,2.1718,-4.0572,3.2272,-1.8722,-1.3508,0.6739,0.2767,4.8051,-0.6856,1.565,1.7607,-2.1625
3.5587,-1.2203,1.9658,2.281,-3.7425,3.4404,-2.0234,-1.4341,0.1972,0.2033,5.0978,-0.7599,1.4175,1.3309,-2.2439
3.9167,-1.2012,2.1422,1.8691,-3.568,3.6621,-1.9914,-1.0333,0.2829,0.2691,5.1836,-0.3622,1.7709,1.0206,-2.3349
3.999,-1.2342,2.5864,1.8795,-3.4223,3.4619,-1.813,-1.5082,0.0374,0.4319,5.3234,-0.1476,1.5073,0.3889,-1.6257
3.8726,-1.0765,2.6232,1.9772,-3.4573,3.5349,-1.8602,-1.4392,-0.1793,1.2164,5.5292,-0.4302,1.3973,0.5754,-1.3009
3.8137,-0.7308,2.4468,1.6603,-2.8921,3.5364,-1.7598,-1.2198,0.0015,1.5422,5.5641,-0.0092,1.1422,0.7555,-0.7142
3.9473,-0.8656,2.6286,1.7269,-2.5162,3.6311,-1.518,-1.5771,-0.3537,1.7259,5.5445,-0.0063,0.9685,0.5898,-1.1766
3.944,-0.9659,2.5207,1.57,-3.2156,3.7911,-1.5297,-1.6068,-0.4249,1.8649,5.4046,0.006,1.0786,0.3618,-0.9922
3.6083,-1.1566,2.1455,1.6785,-3.6241,3.7475,-1.2858,-1.2268,-0.1024,1.2111,5.5104,0.2993,1.0769,0.7169,-1.2805
3.9237,-1.4973,2.3757,1.7087,-3.4814,3.8463,-1.2779,-1.6172,-0.227,1.0833,5.124,0.303,1.1449,0.8269,-1.2388
4.0397,-1.6022,2.4528,1.9234,-3.319,3.6303,-1.1784,-1.4725,-0.3199,1.2527,5.3892,0.0559,1.2366,0.9172,-1.2778
4.2794,-1.1745,2.6801,1.738,-2.8891,3.6315,-1.1223,-1.7007,-0.3332,1.8557,5.5472,0.2763,1.2977,0.9205,-1.0605
3.8873,-1.2153,2.5372,1.7433,-3.0068,3.738,-1.1741,-1.5565,-0.5817,2.0812,5.4383,-0.1592,0.9117,1.0164,-0.7312
3.6258,-1.4562,2.553,1.6813,-2.9991,3.8774,-0.9045,-2.1697,-0.7489,2.0004,5.3775,-0.0667,1.3572,1.1042,-0.3753
3.5403,-1.4775,1.8925,1.6971,-2.9662,3.7259,-0.7426,-2.3246,-0.5124,2.0319,5.2184,-0.2449,1.5635,1.4308,-0.5855
3.5496,-1.5779,1.6275,1.7466,-3.0462,3.8955,-0.7132,-2.3623,-0.1674,2.1277,5.2116,-0.3102,1.8636,1.6168,-0.4531
3.7785,-1.3463,1.8148,1.8289,-3.5158,3.8585,-0.8168,-2.5905,0.1101,2.6189,4.9712,-0.111,1.9196,1.8448,-0.1917
3.5399,-1.5635,1.7073,1.8177,-3.5238,3.7682,-1.0199,-2.7184,0.0716,2.2966,5.0433,-0.0104,1.9531,2.1365,-0.1999
3.7918,-1.6143,1.6513,1.3915,-3.9922,3.9545,-1.1176,-3.0612,-0.1884,1.6959,4.7181,-0.0696,2.0891,2.3627,-0.8262
3.8157,-1.7316,1.304,1.6653,-3.5964,3.2997,-1.3989,-3.0679,0.0049,1.4506,4.7212,0.0428,2.2087,2.7301,-1.2925
3.6092,-1.8048,1.2491,1.6999,-3.7732,3.6788,-1.4769,-3.4331,0.1199,1.387,4.6196,-0.6542,2.1791,2.8574,-1.3901
3.2215,-2.2825,0.8901,2.2303,-3.8183,4.1568,-1.4233,-3.7423,0.1505,1.346,4.6663,-0.7975,2.0215,2.7821,-1.8036
3.0908,-2.0347,0.5342,2.1172,-4.2281,4.3504,-1.4915,-2.9112,0.6515,1.2732,4.5255,-0.6506,2.0776,2.9346,-1.4915
3.3942,-2.3384,0.956,1.4886,-3.8497,4.2809,-1.708,-2.9153,0.7971,0.596,4.1636,-0.7878,1.9657,2.9156,-1.7741
3.5562,-2.377,1.0412,1.573,-3.4214,4.2912,-1.4723,-3.1031,0.5823,1.2914,4.1745,-0.9439,1.4344,2.5906,-1.3441
3.5663,-1.5346,0.8461,1.8812,-3.4138,4.2638,-1.3839,-2.4494,0.7771,2.4586,4.1325,-1.175,1.7177,2.5568,-1.5714
3.4296,-1.9921,1.1726,1.9673,-3.7388,4.3959,-1.2555,-2.3147,0.8501,1.4776,4.228,-1.2612,1.9966,1.9528,-1.8864
3.663,-2.21,1.6105,2.0934,-3.3924,4.3895,-1.385,-2.3542,0.771,1.4486,4.7476,-1.5616,1.8028,1.918,-1.0344
4.1229,-1.9025,1.906,1.6332,-3.4931,4.0975,-1.6518,-2.5162,0.4277,2.0118,4.7612,-1.3127,1.8118,2.0888,-0.9734
3.7701,-1.7136,1.7212,1.7382,-3.6105,4.1249,-1.8769,-2.3588,0.4752,1.9868,4.7483,-0.8835,1.7932,1.5318,-0.9447
3.9645,-1.3428,1.7051,1.8023,-3.6225,3.9892,-1.8188,-2.3472,0.1589,1.9492,4.8492,-0.7828,1.6264,1.7231,-1.4209
3.5484,-1.5862,1.7804,1.8051,-4.1633,3.8425,-1.9887,-1.3091,0.5281,1.3805,4.8656,-0.7613,1.4653,1.8171,-2.046
3.3152,-2.1045,2.2813,1.9656,-4.0441,4.0994,-1.9612,-2.1686,-0.0695,0.428,5.155,-0.4895,1.5703,1.6739,-1.9894
3.697,-1.8605,2.0612,1.7787,-3.7912,3.8251,-1.7874,-1.9078,0.0749,0.1901,5.1015,-0.3655,1.4046,1.624,-1.6972
3.5414,-1.6126,2.1458,1.493,-4.2161,3.8391,-2.1215,-1.7962,0.2377,0.4592,5.1021,-0.1849,1.2547,1.5832,-1.9909
3.7282,-1.7294,2.3121,1.7098,-3.9647,3.87,-1.9674,-1.4792,0.2938,0.0401,5.1498,-0.3135,1.3104,1.4228,-2.5083
3.505,-1.7848,2.6622,1.6063,-3.8485,3.9845,-1.9104,-1.2787,0.0918,0.0413,5.2029,-0.0486,1.3065,1.1478,-2.5014
3.6268,-1.2527,2.7772,1.664,-3.6673,3.8499,-1.8283,-1.0901,-0.2516,0.3265,5.4759,-0.2557,1.1978,1.0876,-2.6511
3.5916,-1.2548,2.8168,1.4708,-3.89,3.8601,-1.9004,-1.3904,-0.4233,0.7193,5.5027,-0.0754,1.1062,0.589,-2.1712
3.696,-1.0106,2.8494,1.5858,-3.5314,3.7921,-1.8597,-1.1521,-0.3904,0.4711,5.2809,0.3708,1.098,0.8268,-2.2465
3.0424,-1.3722,2.8987,1.4802,-3.4695,4.1835,-1.7408,-1.0298,-0.4927,0.6645,5.2778,-0.0255,0.7884,0.7329,-2.1196
3.4509,-1.7005,2.929,1.472,-3.3293,3.8957,-1.5753,-1.8039,-0.8419,1.0589,5.361,0.0497,0.6688,0.4843,-2.2307
3.3536,-1.4649,2.5162,1.5584,-3.5643,4.0615,-1.5479,-1.1937,-0.4221,1.4425,5.268,0.2531,0.6761,0.0836,-1.3898
3.6623,-1.3412,2.796,1.5228,-4.1221,3.9554,-1.3829,-0.7088,-0.0856,1.0793,5.2625,0.5585,0.8057,0.29,-1.1008
3.4273,-0.8631,3.1191,1.0901,-4.3213,4.153,-1.5572,-0.7406,-0.4312,0.7188,5.1204,0.4356,0.832,0.3313,-1.3412
3.393,-1.401,3.1562,1.0496,-4.155,4.1143,-1.7122,-0.9425,-0.3753,0.1018,5.088,0.6026,1.0347,0.7057,-2.0945
3.4444,-0.9507,3.2149,2.2724,-3.6032,4.0508,-1.6482,-0.7624,-0.5354,0.3014,5.8666,0.4314,0.7582,0.3668,-2.327
3.2429,-1.0329,3.3469,1.7998,-3.5343,3.597,-1.7104,-0.3714,-1.3114,0.8103,5.6162,0.5788,0.7188,0.0744,-1.6151
3.4061,-1.4436,3.4878,1.829,-3.6797,3.7258,-1.5097,-0.1863,-0.7631,0.8318,5.6472,0.5215,0.3067,-0.3313,-1.1196
3.6162,-1.1518,3.9149,1.7047,-3.8477,3.4708,-1.6965,0.1378,-0.6287,1.0605,5.5206,0.9158,0.3853,0.1255,-1.2603
3.4241,-1.0367,4.0715,1.8279,-3.498,3.6036,-1.4826,0.0156,-1.0078,1.1947,5.7523,0.7696,0.3475,0.0411,-0.6889
3.3893,-1.1186,4.0889,1.4075,-3.4485,3.4616,-1.3013,-0.2142,-1.2332,1.3889,5.8581,0.4863,0.3315,-0.3671,-0.7562
3.3096,-0.9105,4.0108,1.4341,-3.462,3.8491,-1.1897,-0.1906,-1.1418,1.5198,5.9257,0.7649,0.2885,0.3841,-0.2849
3.4114,-0.9178,4.1613,1.6245,-3.839,4.0358,-1.4646,-0.7124,-1.0523,1.1268,5.7718,1.0156,0.5191,0.3238,-0.6187
3.459,-0.8395,3.9391,1.1497,-3.8248,4.0329,-1.4851,-1.3355,-1.4562,1.0214,5.4657,1.1658,0.9275,0.4635,-0.5966
3.8384,-1.1441,3.614,1.3947,-3.6528,3.8011,-1.5326,-1.5651,-1.4672,1.1624,5.4555,1.4381,0.8589,1.368,-0.539
3.6401,-1.1854,3.077,1.4413,-3.4562,3.813,-1.9762,-1.6745,-1.2877,2.1847,5.4517,1.4998,0.713,1.6592,-1.393
3.569,-1.3421,2.8717,1.6691,-4.0884,3.9307,-1.7798,-1.8704,-1.154,2.0323,5.4774,1.1891,1.1279,1.886,-1.14
3.307,-0.5418,2.5573,1.4145,-3.9838,4.1347,-1.7922,-2.2216,-0.9561,1.7857,5.2334,1.0246,1.2479,2.4848,-0.8798
3.7426,-1.1368,2.4599,1.3608,-4.5248,3.9209,-1.6304,-2.559,-0.8586,0.9773,4.7851,0.6019,1.5592,2.4717,-1.4907
3.8791,-1.4243,2.3403,1.6374,-4.4186,3.655,-1.6911,-2.4574,-0.4756,0.8537,4.7729,0.7052,1.8218,2.3758,-2.2915
3.787,-1.2304,2.2873,1.5722,-4.1386,3.5699,-1.6385,-2.6615,-0.5335,1.0951,4.9378,0.4607,1.7769,2.3685,-2.2486
4.1132,-1.4042,2.1845,1.3583,-4.05,3.509,-1.6865,-3.2706,-0.7988,1.1767,4.6676,0.5167,1.9894,2.2667,-1.5647
3.839,-1.5299,1.7201,1.3773,-4.339,3.641,-1.6383,-2.5383,-0.3688,1.6963,4.4608,0.4143,1.6163,2.182,-1.7437
3.7077,-1.7129,2.0604,1.5862,-4.7446,3.9703,-1.4968,-2.488,-0.1593,1.4501,4.4694,0.2857,1.6845,2.2618,-1.5946
3.5792,-1.7325,1.9504,1.9283,-4.8827,3.8641,-1.5541,-2.2971,0.1149,1.0375,4.3888,-0.0511,1.5471,2.7491,-1.6033
3.6386,-1.7232,1.9966,1.7443,-4.8752,3.5877,-1.6853,-2.5351,0.1452,0.7033,4.7856,-0.112,1.8218,2.5154,-1.6176
3.3377,-1.2268,1.9839,1.4176,-4.5286,3.5103,-1.7539,-2.6336,-0.1438,0.4115,4.5068,-0.1795,1.3588,2.2999,-1.9521
3.6251,-1.5221,1.7442,1.238,-4.6116,3.5621,-1.698,-2.1149,-0.0541,0.4187,4.1857,-0.3848,1.3586,2.2734,-2.3154
3.2739,-1.786,1.954,1.2746,-4.1137,3.933,-1.642,-1.8937,-0.0228,0.6559,4.2001,-0.4587,1.2798,2.3255,-2.674
3.2733,-1.9481,1.9963,1.1792,-3.9273,3.9815,-1.6499,-1.547,0.2546,0.693,4.1999,-0.9411,1.327,1.9619,-3.1165
3.2492,-1.8377,2.4815,1.5119,-3.9527,3.9377,-1.5316,-1.3571,0.3288,1.0275,4.627,0.376,1.3185,1.4175,-2.787
3.5405,-1.9438,2.9424,1.7038,-4.1871,3.8528,-1.4022,-0.8932,-0.1784,1.0637,5.0774,0.0856,0.9066,0.9045,-2.1212
3.5756,-1.6544,3.2803,1.4385,-4.1859,3.5024,-1.5225,-0.719,-0.6706,1.1359,5.2926,0.2422,0.7658,0.6688,-2.0215
3.6815,-1.4448,3.3148,1.2973,-4.4065,3.6451,-1.5215,-0.19,-0.8494,0.9301,5.5031,0.1296,0.5948,0.9906,-1.9632
3.8215,-1.2723,3.8029,1.343,-4.3029,3.6158,-1.623,-0.0526,-0.7466,0.6697,5.6841,0.5606,0.5883,1.1665,-1.7612
3.6062,-1.339,3.9139,1.2418,-4.3457,3.6137,-1.6289,-0.1161,-1.1899,0.6027,5.8491,0.4766,0.4249,0.9569,-1.6532
3.4767,-1.3739,3.9932,1.3894,-4.0119,3.9689,-1.7102,0.2446,-0.8098,0.3518,6.1624,0.5141,0.5061,1.104,-1.6559
3.4575,-1.0555,4.3144,1.2116,-4.0548,4.0006,-1.6657,-0.1614,-1.3663,0.4722,6.2897,0.9733,0.3559,0.5399,-1.5657
3.6765,-0.8213,4.2582,1.3649,-4.3055,4.1133,-2.127,-0.4912,-1.7342,0.4917,6.3273,1.1098,0.6739,0.5468,-2.296
3.6903,-0.6458,3.9021,1.384,-3.5658,3.908,-2.0237,-0.694,-1.9632,0.8419,6.3492,1.2888,0.5222,0.9465,-1.4852
3.4942,-0.8012,3.5178,1.2052,-3.5933,4.1531,-1.72,-0.9584,-1.9322,0.7008,6.2439,1.7622,0.6324,1.3953,-1.8796
3.6461,-1.1658,3.0204,1.3022,-3.5646,4.1515,-1.5162,-1.3004,-1.9115,1.527,6.1519,1.8104,0.7126,1.5271,-1.3125
3.3616,-1.0259,2.8258,1.2589,-4.0624,3.7868,-1.3553,-0.926,-1.3138,1.8918,5.9414,1.4819,1.0287,2.1171,-0.7396
3.3608,-1.4458,2.7386,1.43,-4.0267,4.0817,-1.3462,-1.3506,-1.304,1.571,5.7718,1.0485,1.1317,2.1703,-1.1112
3.1944,-1.5782,2.2899,1.5662,-3.9793,4.4476,-1.4336,-1.5274,-1.058,1.5847,5.405,1.1518,1.2077,1.8057,-1.1826
3.6127,-1.5875,2.6264,1.8374,-4.2993,4.0246,-1.205,-1.2928,-0.7029,1.0339,5.6438,0.7429,1.0237,1.6662,-1.6497
3.4824,-1.4306,2.6702,1.9939,-4.351,3.9318,-1.2032,-0.4837,-0.2945,0.7339,5.8862,0.7188,1.0109,1.4911,-1.6909
3.5318,-1.3242,2.8302,2.0324,-4.3285,3.9077,-1.2979,-1.3807,-0.9087,0.687,5.9568,0.8244,1.2253,1.0604,-1.685
3.4452,-1.4047,2.584,1.9819,-4.4759,4.0345,-1.2451,-1.3285,-0.8419,0.7925,6.0965,1.1224,0.9333,1.7662,-1.9043
3.3795,-1.2123,2.6445,2.0289,-4.4426,4.1333,-1.3153,-1.7619,-0.9995,0.6826,6.0582,1.2897,1.044,2.0507,-1.8766
3.6335,-1.6161,2.5107,2.3217,-4.2626,3.8872,-1.1089,-1.2214,-0.8215,0.5239,6.0629,1.4035,1.0728,2.1865,-1.6058
3.536,-1.0039,2.6651,2.1737,-4.4293,4.0283,-1.176,-1.5407,-0.9754,1.0523,5.9907,1.3272,1.0344,2.0566,-1.4354
3.5146,-1.1557,2.6802,1.9967,-4.3273,3.8813,-1.0593,-1.7557,-1.3744,-0.0863,5.9001,1.6298,1.3125,2.2548,-1.7003
3.2862,-1.4819,2.4005,2.178,-4.2732,4.008,-0.9911,-1.5715,-1.1661,0.8242,5.8701,1.7311,1.4772,2.3351,-0.6387
3.619,-1.4249,2.4048,2.3452,-4.5824,3.7564,-0.8832,-1.6615,-1.278,1.1453,6.0087,1.7311,1.5276,2.623,-1.16
3.615,-0.8047,2.3197,2.4571,-4.6982,3.9278,-0.9497,-1.8697,-1.4499,1.3746,5.8789,1.358,1.6517,3.0441,-0.8936
3.4662,-0.8841,2.1097,2.8381,-4.367,3.9344,-1.2085,-2.6705,-1.545,1.1755,5.8321,1.1363,1.3099,3.0281,-1.1054
3.341,-1.3462,1.4525,2.4008,-4.9212,4.0043,-1.1456,-2.471,-1.2684,1.631,5.7959,1.1165,1.291,2.9192,-1.0496
3.402,-1.5104,1.5482,2.0852,-5.4985,3.8596,-1.219,-2.32,-0.7301,0.6565,5.3857,1.1409,1.7367,3.0985,-1.3979
3.8159,-2.0209,1.7669,2.4772,-5.3978,3.957,-1.3902,-2.1232,-0.3099,0.0209,5.4851,0.6802,1.6674,3.5114,-1.9085
3.755,-1.8121,2.0094,2.6193,-4.6552,3.9615,-1.443,-2.7229,-0.8011,0.3321,5.5838,0.6696,1.6021,2.7293,-1.8234
3.8201,-1.7467,1.69,2.7085,-4.4064,4.0747,-0.81,-3.0551,-1.0592,0.9395,5.687,0.63,1.3881,3.5512,-1.9823
3.7373,-1.5903,1.2528,2.7753,-4.4863,4.0187,-0.8486,-3.2719,-1.3517,1.3016,5.5745,0.5721,2.0325,3.5266,-1.8286
3.4545,-0.9377,0.7821,2.4971,-4.5992,4.0291,-0.8575,-3.3981,-1.0984,1.3435,5.1203,0.4292,2.35,3.8051,-2.1454
3.5489,-1.9155,0.4683,2.7229,-5.1091,4.1035,-0.9448,-3.1206,-0.6011,0.2292,4.8875,0.507,2.2782,3.6997,-2.6923
3.6764,-2.3344,0.504,2.8131,-5.2117,4.0642,-1.0235,-3.231,-0.407,0.1558,4.9149,0.6223,2.3167,3.4,-3.0294
3.4969,-2.4005,0.5542,2.7697,-4.7241,4.0891,-1.1738,-2.9363,-0.1695,0.1643,5.1582,0.1848,2.3043,3.5496,-3.0869
3.7346,-1.665,0.8924,2.6897,-4.5498,4.0101,-1.3316,-2.857,-0.0925,0.392,5.3073,0.4439,2.3333,3.0223,-2.9903
3.8278,-1.4398,1.4145,2.5683,-4.802,3.9144,-1.2049,-2.9772,-0.7479,0.3505,5.2692,0.3726,1.3557,2.6815,-3.0794
3.8781,-1.5682,1.3688,2.4853,-4.4181,3.9758,-1.2612,-2.3688,-0.6426,0.659,5.249,0.4121,1.3222,2.6724,-3.0157
3.1674,-1.7572,1.3066,2.2074,-4.4979,4.235,-0.8798,-1.95,-0.4394,0.85,5.2841,0.3095,1.3966,2.6256,-3.5912
3.3766,-2.1628,1.7276,2.6579,-4.4413,4.2669,-0.906,-2.1577,-0.7779,0.2589,5.7412,0.5719,1.5526,1.8539,-4.0609
3.7584,-1.9589,2.0603,2.5981,-4.1927,4.2931,-0.889,-2.3572,-1.3338,0.2732,5.8142,0.3841,1.6518,1.3607,-3.1427
3.7674,-1.7283,1.9253,2.4084,-3.9615,4.3201,-0.9624,-1.9986,-1.2099,0.9871,6.0573,0.1697,1.6272,1.5809,-2.5452
3.7564,-1.3511,1.9634,2.0432,-4.127,4.1931,-0.822,-2.2061,-1.162,1.1235,6.0411,0.5949,1.4586,1.9701,-2.0175
3.884,-1.59,2.091,2.4164,-4.0305,4.231,-0.8942,-2.0759,-1.0,1.2845,5.928,1.0437,1.166,2.1128,-1.1012
3.7685,-1.3286,2.0406,2.4254,-4.1047,4.176,-0.7229,-2.1102,-1.0294,1.7609,6.0678,1.2456,1.4872,2.1967,-1.4206
3.6346,-1.38,2.0097,2.3317,-4.0943,3.9408,-0.8349,-3.15,-1.7985,2.5069,6.0435,1.1897,1.8248,2.0611,-0.6217
3.8511,-1.3932,1.4183,2.2908,-4.3688,4.111,-0.6493,-2.9603,-1.7132,2.434,5.9521,0.8059,2.2173,2.9928,-0.4224
3.4295,-1.2707,1.017,2.2768,-4.4108,4.239,-0.738,-3.3528,-1.4038,2.3024,5.639,0.8565,2.3979,3.6931,-0.5197
3.6346,-1.6383,0.7236,2.3464,-4.6862,3.9314,-0.976,-3.5737,-1.1484,1.6834,5.4639,1.1675,2.3807,3.642,-0.9765
4.2339,-1.9837,0.8192,2.2314,-4.592,3.3167,-1.2048,-3.35,-0.7652,1.8198,5.1097,0.6966,2.3356,3.6259,-1.4876
3.906,-1.9286,0.7637,2.4965,-4.4496,3.4106,-1.1342,-3.4203,-0.6406,2.9256,5.0354,0.5621,2.4386,3.9691,-1.9288
3.7099,-1.8924,0.6508,2.5872,-4.7999,3.3236,-0.9252,-3.4812,-0.6812,2.0572,5.2936,0.422,2.3611,3.5656,-1.8232
4.1283,-1.9517,0.683,2.6283,-4.8759,3.1876,-1.205,-3.3603,-0.6891,1.7613,5.4268,0.0755,2.2361,3.4394,-2.0005
4.2575,-1.7185,1.0181,2.1105,-4.8798,2.8018,-1.2741,-3.0199,-0.69,1.8945,5.5194,-0.2937,2.3289,3.4356,-1.9914
3.8758,-1.6936,1.0441,2.1561,-5.0254,2.8845,-1.276,-2.966,-0.5404,1.5106,5.6694,0.4368,2.2717,2.4262,-2.1896
4.0211,-2.035,1.2579,2.2692,-5.1623,2.979,-1.3067,-2.1032,-0.2126,0.8735,5.7022,0.0815,1.9538,2.1647,-2.4408
3.4242,-1.9113,1.3268,2.3017,-5.0509,3.5073,-1.4642,-2.0513,-0.4688,0.448,5.8563,0.2081,1.6636,2.0198,-2.712
3.5765,-1.6902,1.5317,2.4855,-4.9886,3.7058,-1.1943,-2.1293,-0.7937,0.3538,5.828,0.4898,1.5422,1.6155,-2.7252
3.6175,-1.8724,1.2974,2.4369,-4.6066,3.5673,-1.3602,-1.8325,-0.7448,0.5832,5.9833,0.2645,1.7008,1.1716,-2.5004
3.8932,-1.7683,1.7914,2.5105,-4.2547,3.7029,-1.4711,-1.7427,-0.8714,0.9198,6.3314,0.2504,1.4751,1.1747,-2.7292
3.5553,-1.3271,1.9024,2.4559,-4.4476,4.1483,-1.2471,-1.5964,-0.8888,1.2245,6.4767,0.7666,1.5528,0.7819,-2.632
3.7257,-1.4864,2.1138,2.5932,-4.1565,3.8942,-0.8612,-1.7532,-1.201,1.5072,6.7881,0.971,1.9259,1.2367,-1.7612
3.8421,-1.2824,1.8299,2.575,-4.4154,3.9446,-0.9182,-2.2057,-1.5484,1.8083,7.0298,1.0369,1.9987,1.148,-1.4463
3.5984,-1.197,1.4008,2.5375,-4.9121,3.882,-0.7645,-2.4324,-1.5558,1.4454,6.8742,0.7726,1.9156,0.8717,-1.6671
3.7608,-1.3627,1.2562,2.5389,-4.7684,3.9451,-0.9451,-2.6521,-1.3302,1.0226,6.7455,1.1523,1.8626,1.6901,-2.0336
3.3388,-1.2531,0.8115,2.481,-4.5165,4.0757,-0.8427,-2.8016,-1.241,0.942,6.5278,1.0089,2.0048,1.8894,-2.2436
3.92,-1.8436,0.809,2.4454,-4.6258,3.7815,-1.1848,-2.7289,-0.9679,0.861,6.307,1.3014,2.0769,2.037,-2.3667
3.9276,-1.7239,0.7875,2.3499,-4.5818,3.772,-1.2023,-3.1776,-1.0865,1.5689,6.16,1.0292,1.8023,2.3502,-2.7841
3.9051,-1.9169,0.5397,2.545,-5.0408,4.2162,-1.0614,-3.1812,-0.8508,1.1618,6.2645,-0.0569,1.7976,2.7626,-2.8847
3.6363,-1.691,0.278,2.5247,-4.8557,3.7212,-0.8896,-3.5185,-0.5219,1.0609,6.1547,0.1462,1.9543,2.9476,-2.9778
2.9892,-1.7458,-0.1112,2.2856,-5.1092,4.2929,-0.7567,-3.5604,-0.3239,0.8523,6.5998,0.5037,2.2089,2.9562,-3.0216
3.7074,-1.957,0.075,2.3786,-4.6177,3.9817,-0.8318,-3.8211,-0.2232,0.4175,6.2227,0.5765,2.2952,2.7877,-3.207
4.075,-2.2645,0.1909,2.3733,-4.5251,4.0963,-0.7389,-3.5747,-0.2288,1.1325,5.8685,0.6946,1.8602,3.4324,-3.2322
3.9564,-2.2636,0.4033,2.3212,-4.6547,3.5723,-0.4553,-3.532,-0.1616,1.9072,5.9916,0.5423,2.1591,3.2303,-2.4135
3.8816,-1.8131,0.3466,2.3647,-4.904,3.5837,-0.4055,-3.2993,-0.2607,1.7798,6.0013,0.3643,2.2901,3.2154,-2.042
3.7988,-1.8089,0.5253,2.6296,-5.5597,3.3914,-0.5007,-3.3237,-0.2473,1.3308,6.1171,0.6198,2.2604,2.9412,-2.272
3.5004,-1.6653,0.5253,2.3202,-5.3232,3.2883,-0.5461,-3.1631,-0.5842,0.9477,6.0308,0.554,1.9776,2.8681,-2.691
3.7329,-1.7676,0.6762,2.1231,-5.2693,3.2686,-0.6088,-3.1191,-0.4823,0.4695,6.0064,0.36,1.9988,2.9608,-2.9547
3.616,-1.9074,0.7127,2.3586,-4.9179,3.5514,-0.5688,-3.1302,-0.6185,0.8797,6.4164,0.3129,1.9458,2.9894,-3.0513
3.8941,-1.3999,0.92,2.3005,-4.6291,3.3002,-0.622,-2.9664,-0.5735,1.2412,6.2549,0.774,1.9938,2.5124,-2.6616
3.836,-1.5624,0.9872,2.2882,-4.6924,3.4162,-0.6359,-2.7191,-0.9435,1.5293,6.5861,0.586,1.8443,2.3982,-2.4753
3.8195,-1.5949,0.9522,2.1679,-4.6976,3.3324,-0.7194,-2.8498,-1.1106,2.019,6.2352,0.6088,1.5915,2.4056,-2.1654
3.6315,-1.3404,0.718,2.1991,-4.8814,3.6454,-0.4617,-2.9127,-0.9941,1.9234,6.1565,0.3107,1.4867,2.501,-2.0671
3.702,-1.5777,0.5494,2.5283,-5.0801,3.6713,-0.4326,-2.487,-0.6636,1.8633,6.1663,0.9051,1.6846,2.3864,-1.9102
3.5726,-1.6141,0.635,2.5068,-4.9943,3.843,-0.6295,-2.8089,-0.882,1.69,6.4322,0.6463,1.7931,2.4244,-1.9043
3.5844,-1.5603,0.5177,2.5259,-4.9566,3.9875,-0.6883,-2.5147,-0.7549,1.7216,6.3863,0.5637,1.6504,2.9336,-1.9992
3.4655,-1.6794,0.7309,2.5681,-5.5842,4.0098,-0.5924,-2.8881,-0.8034,1.5276,6.4073,0.5744,2.0126,2.3459,-2.8469
3.5428,-1.1934,0.4605,2.4458,-5.4095,3.7902,-0.6213,-1.984,-0.3127,0.8954,6.4784,0.6471,1.738,2.717,-2.7961
3.7007,-1.3465,1.0779,2.4929,-5.1771,3.8176,-0.7094,-2.3404,-0.2867,0.6133,6.4611,0.6608,1.9519,1.9908,-2.7603
3.5481,-1.3986,1.1165,2.3704,-4.6699,3.935,-0.6313,-2.4541,-0.5126,0.9231,6.4365,0.4208,1.5081,1.9175,-2.6942
3.4024,-1.4023,1.0152,2.6957,-4.8866,4.1647,-0.3813,-2.2672,-0.6481,0.8952,6.7888,0.6358,1.071,1.687,-3.359
3.8377,-1.5142,1.3455,2.3889,-4.5602,3.7966,-0.3484,-1.8451,-0.2925,1.2271,7.1585,0.8209,1.0939,1.7491,-3.0901
3.7799,-1.0962,1.6349,2.3464,-4.5958,3.7532,-0.07,-1.9673,-0.9498,1.4795,7.1639,0.7428,1.2601,1.6405,-2.519
3.6878,-0.8894,1.3938,2.385,-4.6718,3.7315,-0.0897,-2.149,-1.2976,1.7133,7.3232,0.9818,1.4518,1.7699,-2.3244
3.875,-1.0753,1.4413,2.331,-4.662,3.5161,-0.067,-2.1191,-1.2723,1.4176,7.3319,1.6429,1.5192,1.8024,-2.0704
3.7345,-0.8256,1.313,2.2737,-4.6767,3.2302,-0.2479,-2.2013,-1.4752,1.4642,7.325,1.8147,1.5817,1.8942,-1.8439
3.4747,0.1213,1.285,2.0561,-4.9981,3.1559,-0.2159,-2.1257,-1.6074,0.6166,6.9612,1.258,1.8541,2.1981,-2.7015
3.468,-0.7583,1.3442,2.0843,-4.6774,3.3689,-0.2625,-2.4246,-1.6029,0.0779,6.7855,1.1149,1.9243,2.0642,-2.8924
3.1695,-0.9851,0.9267,2.3671,-4.3875,3.964,-0.4659,-2.8441,-1.7442,0.6453,6.8803,1.6951,1.8965,1.9293,-3.9998
3.9108,-0.9832,0.6574,2.1357,-4.2555,3.7192,-0.2332,-2.3807,-1.4777,1.0673,6.8672,1.268,1.8925,2.2663,-3.4225
4.0571,-0.9011,0.9345,2.1855,-4.204,3.5175,-0.1936,-2.191,-0.9883,1.6872,6.7815,1.24,2.1658,2.3118,-3.0016
3.6643,-0.8228,0.9638,2.0812,-4.3846,3.6432,-0.1214,-2.7502,-1.5473,2.0314,6.6382,1.1526,2.3564,2.4191,-2.2319
3.7882,-1.1498,0.8215,2.271,-4.6562,3.5937,-0.1602,-2.7844,-1.3862,2.0818,6.3381,0.5002,2.2512,2.5564,-1.3979
3.6463,-1.0661,0.7918,2.2755,-4.4553,3.6086,-0.3014,-2.7772,-1.2227,2.5268,6.4296,0.5458,2.2282,2.87,-1.3771
3.671,-0.9761,0.7344,2.506,-4.8275,3.5914,-0.3925,-2.7515,-1.0791,2.4066,6.5699,0.7379,2.0848,3.4208,-0.7854
3.4049,-1.1124,0.5003,2.4188,-4.7005,3.7615,-0.3482,-3.3246,-1.2775,2.399,6.2857,0.7156,2.1843,3.1418,-1.4006
3.6594,-1.2423,0.2568,2.6908,-4.8826,3.5073,-0.3881,-3.1999,-1.0368,2.1266,6.334,0.4904,1.9496,3.2535,-1.7169
3.4539,-1.7157,0.1222,2.8334,-5.2797,3.6294,-0.0477,-2.9104,-0.8903,1.8191,6.3617,0.5177,2.1701,2.9937,-2.1884
3.7731,-1.3775,0.2524,2.6668,-5.4022,3.5694,-0.3082,-3.0403,-0.8962,1.3788,5.8844,0.3031,2.4385,2.9978,-2.4723
3.9772,-1.322,0.3687,2.7269,-5.3258,3.6704,-0.4397,-3.027,-0.8215,1.4121,6.2525,0.3078,2.4073,3.2189,-2.4616
4.1321,-1.3254,0.4549,2.9934,-5.0706,3.398,-0.6184,-2.7948,-0.5553,0.9619,6.5404,0.2993,2.3215,3.2509,-2.49
3.9075,-1.253,0.6296,2.9324,-4.9846,3.0484,-0.6172,-2.6536,-0.8131,1.105,6.8784,0.449,2.3626,3.3391,-2.3716
3.8287,-0.6176,0.9488,2.8166,-4.8411,3.2085,-0.6832,-2.8687,-0.9912,1.1866,7.0117,0.8719,2.2331,3.0948,-2.264
4.2786,-0.9951,0.9354,2.7772,-4.7197,3.0812,-0.7412,-2.9332,-1.0295,1.212,6.9187,1.0424,2.3002,2.8774,-2.3153
4.2742,-0.8599,0.6244,2.5759,-4.4471,3.0765,-0.7509,-3.0433,-1.3556,1.3594,6.8236,1.2544,2.0206,2.9053,-1.9694
3.9344,-0.8191,0.69,2.574,-4.5824,3.2523,-0.7083,-2.9938,-1.1039,1.7757,6.4106,0.9099,1.9327,3.1444,-1.9203
3.9269,-1.1901,0.5526,2.7522,-4.7268,3.5719,-0.6869,-2.7703,-1.0546,1.4981,6.6119,0.8982,2.1149,3.2024,-1.8939
3.9354,-0.7404,0.3736,2.7822,-4.9475,3.75,-0.8145,-3.1001,-1.281,1.5356,6.6307,0.4589,2.1954,3.2912,-2.095
4.0337,-0.7008,0.3584,2.8833,-4.7521,3.5329,-0.8762,-3.1791,-0.778,1.0512,6.7066,0.655,2.3451,2.9459,-2.1341
4.0756,-0.6525,0.4627,2.8699,-4.9064,3.5333,-0.8177,-2.9385,-0.7853,1.0297,6.6275,0.8118,2.3701,2.4987,-2.5906
4.1402,-0.7377,0.5341,2.9031,-4.8359,3.5368,-0.7382,-1.986,-0.5017,0.9088,6.7073,1.0062,2.1149,3.1176,-2.5445
4.2746,-0.7249,1.089,2.6331,-4.5898,3.3141,-0.9157,-1.9792,-0.8348,1.1009,6.8,0.8451,1.7573,2.3879,-2.6578
3.8346,-0.4542,1.3033,2.703,-4.4829,3.7501,-0.7887,-1.4536,-0.9987,1.4181,6.9152,0.4734,1.797,2.3588,-2.7906
4.0316,-0.593,1.3198,2.3237,-4.3696,3.9329,-0.7942,-1.6486,-1.2657,1.264,6.8453,0.7854,1.8468,2.2855,-2.9291
4.3187,-0.1913,1.5488,2.5889,-4.647,3.5639,-0.5699,-1.3344,-1.3218,0.6159,7.2571,1.0975,1.4041,0.9361,-2.7562
3.8658,-0.4147,1.5194,2.6488,-4.678,3.5305,-0.566,-1.0189,-1.3883,0.9277,7.0704,1.2661,1.179,1.4282,-2.7995
3.5865,-0.4258,1.6348,2.6183,-4.8364,3.7294,-0.8414,-1.3437,-1.5942,0.5233,7.1053,1.3491,1.6587,1.4781,-2.253
