x0,x1,x2,x3,x4,x5,x6,x7,x8,x9,x10,x11,x12,x13,x14
0.2657,0.3016,2.5586,0.1537,0.9122,-0.552,-0.1556,4.2175,-0.3015,-0.9691,1.472,0.3366,-2.4742,-4.0526,-1.6756
0.4092,1.0928,2.8747,-0.2542,1.514,-0.4686,-0.1843,4.488,-0.9601,-0.4442,1.4389,0.9043,-2.6661,-4.0191,-0.6832
0.3864,1.0031,2.9283,-0.2223,1.6547,-0.1386,0.1902,4.3408,-1.6266,0.1734,1.6819,1.0263,-2.5151,-4.2785,0.1342
0.6228,1.1734,3.4421,-0.2527,1.2425,-0.5781,0.3616,4.4869,-1.7756,0.4992,1.7432,1.1915,-1.6333,-4.0894,0.6877
0.5075,0.7668,4.0774,-0.1258,1.5097,-0.9925,0.3761,4.3689,-2.0692,0.6604,1.9904,1.7639,-1.5711,-3.791,1.6575
0.4084,1.3925,3.9914,-0.4692,1.5258,-0.9111,0.4441,3.8722,-2.8045,1.4455,2.2416,2.1425,-1.6487,-3.6309,2.211
0.1421,1.311,3.4409,-0.5071,1.4083,-0.515,0.5762,3.5963,-2.9325,1.6211,2.1824,2.2208,-1.5949,-3.0859,2.7238
-0.0099,1.5858,3.0913,-0.3641,1.4573,-0.1429,0.4364,2.6382,-2.9973,1.5672,1.8203,2.6645,-1.2385,-2.5343,2.9957
-0.2958,1.0937,2.1837,-0.4483,1.0827,0.2039,0.3494,2.0308,-2.847,1.4189,1.4574,2.5984,-0.7465,-1.5846,2.927
-0.1081,0.9152,1.6005,-0.5846,0.9877,-0.0097,0.5944,1.1197,-2.4682,1.5589,1.177,2.1477,-0.7043,-0.835,3.1606
-0.6319,0.6697,0.1179,-0.0992,0.5764,0.0424,0.5001,0.5181,-2.1091,1.5855,0.5385,1.9421,-0.6577,0.0179,2.798
-0.1151,0.3727,-0.3599,-0.0793,0.3381,0.1184,0.2246,0.0837,-1.4613,1.0481,0.3115,1.2119,0.1154,0.7373,2.4156
-0.1508,0.3464,-0.1449,-0.0037,0.3534,0.1063,0.2964,-0.7195,-0.9043,0.9608,-0.0383,1.025,0.5689,1.0514,1.7275
-0.1469,-0.135,-0.6155,0.0499,0.1142,0.027,0.2409,-1.0649,-0.6492,1.0858,-0.238,0.4535,0.087,1.2178,1.5655
-0.0986,0.2241,-0.713,-0.083,-0.0443,-0.1627,0.1854,-1.0343,-0.3023,1.033,-0.5649,0.0348,0.2076,1.4828,1.1193
-0.072,-0.7882,-0.6793,0.193,-0.3477,-0.3702,0.1438,-1.0869,0.0013,0.6982,-0.5583,-0.186,0.5487,2.1164,0.5669
-0.2499,-0.6166,-0.8084,0.3423,-0.5098,-0.2704,-0.1684,-1.5435,0.0555,0.7464,-0.1469,-0.3015,0.1863,2.3265,0.4343
-0.2083,-0.3345,-1.3534,0.2005,-0.691,-0.2127,-0.3623,-2.1143,-0.0217,0.4104,-0.5162,-0.5555,0.5787,2.3227,-0.1512
-0.0911,-0.4001,-2.0872,0.3247,-0.7487,-0.1486,-0.3828,-2.4874,0.352,0.0424,-0.6821,-0.329,0.5994,2.2576,-0.5783
-0.0424,-0.4815,-2.7558,0.2995,-0.8181,0.1593,-0.4835,-2.5223,0.8894,-0.1957,-1.2108,-0.2683,1.0547,2.6034,-1.0294
-0.1434,-0.496,-2.4224,0.2941,-0.8857,-0.5876,-0.391,-2.268,1.5043,-0.6254,-1.2866,-0.3909,0.8545,2.4709,-1.467
0.7113,-1.0687,-1.6389,0.4315,-0.865,-0.4728,-0.3681,-2.1363,1.5234,-0.8177,-1.1897,-0.9473,0.4651,2.4079,-1.7678
0.089,-0.5788,-1.5205,0.2734,-0.5911,-0.7195,-0.4683,-1.4992,1.4275,-0.2793,-1.0096,-0.8736,0.0399,2.3557,-1.9496
0.1566,-0.3392,0.2261,0.4154,-0.5307,-0.8509,-0.3875,-1.307,1.2733,-0.751,-0.5257,-1.0343,0.0412,1.4079,-1.9409
0.2641,0.0496,0.0558,0.2619,-0.0997,-0.807,-0.354,-0.8313,0.589,-0.7083,-0.1172,-0.6364,-0.0918,1.5191,-1.5832
0.0226,0.0484,0.1224,0.0886,0.2431,-0.7719,-0.1824,-0.9133,0.1506,-0.4238,-0.2003,-0.6902,-0.2082,1.269,-1.2862
-0.0174,0.2953,-0.4307,0.2166,0.3652,-0.717,-0.1903,-0.539,0.1849,-0.0992,-0.274,-0.7872,-0.1193,0.8396,-0.859
0.4971,-0.0998,-0.501,0.2289,0.056,-0.9508,0.0114,-0.3667,0.5683,-0.3063,-0.7492,-1.0114,0.1945,0.6012,-1.0696
0.1792,-0.1045,0.0074,0.2703,0.1037,-0.5581,0.2361,0.0338,0.6569,-0.2644,-0.825,-0.8964,-0.1959,0.3553,-1.059
-0.0989,-0.0908,0.1393,0.293,0.0832,-0.7572,0.3935,0.524,0.7659,-0.3996,-0.4832,-1.0325,-0.1662,-0.9893,-0.8509
-0.2152,0.2264,0.4776,0.2288,0.2412,-0.6348,0.2272,1.5986,0.9426,-0.253,-0.1173,-0.8723,-1.0525,-0.8204,-0.5561
-0.1521,0.3908,1.0272,0.1693,0.4303,-0.5044,0.444,1.849,0.3714,-0.5107,-0.2432,-0.6,-0.8827,-1.6638,-0.7486
-0.147,0.2029,1.4467,0.3275,0.6879,-0.5257,0.3103,2.3074,0.2446,-0.6218,0.1228,-0.2098,-1.2938,-1.8181,-0.6912
-0.8006,0.4974,1.6642,0.2805,0.824,-0.1198,0.2455,2.4898,-0.1357,-0.2788,0.533,-0.0125,-1.2737,-2.1962,-0.2262
-0.3094,0.1926,1.9129,0.1899,0.9649,-0.442,0.7043,2.6671,-0.3567,-0.4973,0.7652,0.5542,-0.8459,-2.4955,0.0559
-0.3991,0.4649,2.0699,0.2592,1.1888,-0.5803,0.6565,2.7407,-0.4651,0.2021,0.8749,0.4604,-0.506,-2.1043,0.4416
-0.5282,0.5441,2.07,0.0501,1.3168,-0.5607,0.4818,2.4651,-0.9856,0.5003,0.9515,0.7687,-0.8624,-2.1662,0.8636
-0.3437,0.6969,1.6859,0.1872,1.2002,-0.5274,0.4976,2.4964,-1.0689,0.584,1.0882,1.0924,-1.062,-1.853,1.264
-0.3966,0.6764,1.7568,0.07,1.0114,-0.5064,0.4185,2.392,-0.9947,0.6183,0.7318,1.1791,-0.9893,-1.7309,1.0618
-0.3259,0.3383,1.8263,0.1886,0.8925,-0.1431,0.8426,1.7576,-1.218,0.4232,0.8719,0.9107,-0.5745,-1.3137,1.1341
-0.3974,0.2816,1.5125,-0.0568,0.8408,-0.3043,0.4721,1.6401,-1.0634,0.7216,0.9287,1.1496,-0.6175,-1.023,1.3761
-0.6449,0.1474,1.1964,0.0999,1.0146,-0.2754,0.4295,1.0563,-1.3649,1.0299,0.6743,1.1545,-0.4345,-1.0218,1.5988
-0.526,0.0332,0.7497,0.3962,1.0439,-0.2384,0.5167,0.9199,-0.9713,0.7634,0.7797,0.8557,-0.3096,-0.4434,1.3538
-0.5629,0.0686,0.3247,0.2399,0.9232,0.0751,0.4218,0.3688,-0.9091,0.9182,0.6975,0.6853,0.0928,-0.3546,1.2797
0.2082,0.0084,0.2522,0.1526,0.4242,-0.4049,0.3767,0.4725,-0.586,0.8019,0.7363,1.0312,-0.1307,-0.0918,1.2982
-0.1457,0.3204,-0.044,0.2632,0.3887,-0.4963,0.5618,0.7785,-0.5509,0.9453,0.3317,0.971,-0.223,0.2166,1.1689
-0.2989,0.2431,0.4268,0.1897,0.041,-0.4546,0.3723,0.5782,-0.4254,0.3818,0.2585,0.7755,-0.3077,0.2272,1.0271
-0.384,0.3526,0.4057,0.0465,0.0914,-0.3623,0.1976,0.6386,-0.4441,0.0172,-0.0467,0.661,-0.3216,1.3888,0.564
-0.4366,0.0141,0.7172,0.2028,0.1975,-0.188,0.2277,-0.104,-0.7524,0.0205,0.3117,0.5953,-0.198,0.9578,0.5268
-0.7636,0.1446,-0.192,0.2299,0.1955,0.1515,0.2489,-0.3855,-0.8508,0.4889,0.3581,0.4208,0.2309,0.9268,0.7351
-0.6971,0.0819,-0.0554,0.1499,-0.1511,0.0526,0.1316,-0.7673,-0.6676,0.4211,0.2825,0.4333,0.3394,1.3591,0.5741
-0.8389,-0.068,-0.7139,0.2613,-0.0898,0.209,0.0196,-1.3495,-0.7832,0.2545,-0.15,0.6682,-0.2084,1.2576,0.3232
-1.0251,-0.0989,-1.7485,0.3965,-0.1521,0.3364,0.1416,-1.2425,-0.3465,0.1916,-0.5935,0.3688,-0.6289,1.6692,-0.0281
-1.2206,-0.3799,-1.8484,0.7684,-0.636,0.7498,-0.0624,-1.1035,0.3254,-0.2964,-0.967,-0.1088,-0.1544,1.4856,-0.2415
-0.4539,-0.4545,-1.6628,0.7728,-0.4914,0.2749,-0.1838,-0.6355,0.9794,-0.897,-1.0513,-0.1139,0.1137,1.6228,-0.8871
-0.319,-0.8042,-1.4408,0.8754,-0.6434,-0.0003,-0.0662,-0.4054,1.1162,-0.8517,-0.8357,-0.5311,0.1547,1.3246,-1.2189
0.0164,-0.7674,-0.5027,0.9157,-0.2075,-0.5372,-0.2746,-0.0614,1.1257,-0.767,-0.2528,-0.6196,-0.2997,1.0125,-0.9833
-0.1135,-0.2068,-0.4668,0.7727,-0.2755,-0.491,-0.17,0.2088,0.4722,-0.1182,0.1369,-0.7659,-0.2509,0.6128,-0.5868
-0.3139,0.2249,-0.1676,0.4623,-0.2109,-0.6126,-0.2142,0.2858,0.2458,-0.3852,-0.0477,-0.3708,0.0398,0.3146,-0.4392
-0.6303,0.0813,-0.2154,0.4235,0.0725,-0.5305,-0.3422,0.4213,0.2778,-0.617,-0.0535,-0.5933,-0.3957,0.249,-0.5682
-0.6,0.0097,-0.2678,0.4386,0.174,-0.2035,0.0253,0.5438,0.2863,-0.5906,-0.1753,-1.8308,-0.4395,-0.3095,-0.6181
-0.4052,-0.6275,-0.1642,0.6539,0.2376,-0.2077,0.0198,0.8848,0.5112,-0.6854,-0.4261,-0.5092,-0.6471,-0.87,-0.6475
-0.1972,-0.3532,0.3549,0.8827,0.3775,-0.3054,0.1164,1.6428,0.5572,-0.176,-0.5172,-0.4707,-1.0407,-0.669,-0.6111
-0.3137,-0.2038,0.8549,0.7668,0.3503,-0.3978,1.0852,1.9707,0.1288,-0.0518,0.0782,-0.4087,-1.0591,-1.552,-0.2923
-0.4765,-0.1195,1.0698,0.5949,0.4088,-0.1036,0.9862,2.2102,-0.2131,-0.301,0.3345,0.1619,-0.5022,-1.0114,0.146
-0.4587,-0.2078,1.4931,0.5901,0.5666,-0.1127,0.5021,1.9826,-0.5651,-0.2213,0.5653,0.2952,-0.3953,-0.4684,0.638
-0.3446,0.2396,1.3952,0.5856,0.8863,0.1707,0.5279,1.13,-1.1343,0.1969,0.7337,0.0941,-0.201,-0.4029,0.7564
-0.5083,0.5012,0.921,0.3836,0.7928,0.3523,0.9107,0.5065,-1.423,0.7454,0.7612,0.1986,-0.2535,-0.4342,1.1268
-0.5853,0.72,0.1719,0.5628,0.545,-0.175,0.9744,0.506,-1.1542,0.7801,0.8004,0.5656,0.4027,0.0262,1.5727
-0.3476,-0.0645,-0.5205,0.2448,0.1677,-0.3562,0.3405,0.0175,-0.9946,0.376,0.4408,0.753,0.4178,0.1706,1.1801
-0.1302,0.5086,-0.3941,0.5529,0.036,-0.1886,0.1969,-0.3786,-0.5357,0.495,-0.028,0.5068,0.4704,0.8514,1.0096
-0.78,0.1615,-1.2264,0.448,-0.0695,0.3506,0.3018,-0.7398,-0.5291,0.1909,-0.4983,0.4524,0.2716,1.3116,0.5164
-0.4455,-0.2803,-0.5168,0.5395,-0.4747,0.065,0.3485,-0.589,-0.0133,-0.4999,-0.7201,0.2221,-0.2645,1.5471,-0.0234
-0.1067,-0.4297,-0.7753,0.907,-0.1158,-0.0576,0.1543,-0.3118,0.0847,-0.5281,-0.7935,0.076,-0.1859,1.7023,-0.4096
-0.2739,-0.5075,-0.7077,1.0239,-0.049,-0.1388,0.0041,-0.0187,-0.0151,-0.1216,-0.44,-0.2035,-0.0903,1.3007,-0.428
0.069,-0.6732,-0.2877,1.303,-0.0192,-0.0379,0.0255,-0.0303,-0.2262,0.1039,0.0735,-0.1648,0.0027,0.7676,-0.2226
-0.3912,-0.118,-0.8813,1.0563,-0.0249,0.1662,0.2007,-0.3828,-0.7392,0.537,0.2255,-0.0739,-0.1865,0.666,0.0673
-0.5472,0.4559,-1.2332,0.8124,-0.0915,0.1296,-0.4551,-0.3926,-0.253,0.192,0.1667,0.0022,0.2582,0.549,0.1405
-0.4711,0.0236,-1.0857,0.9535,-0.3316,-0.0534,-0.3269,-0.3056,0.0039,-0.5383,-0.1467,-0.182,0.2736,0.1892,-0.2273
-0.5429,-0.3209,-1.0517,0.8309,-0.4248,0.0678,-0.181,-0.202,0.0377,-0.6348,-0.215,0.0383,0.0233,-0.2046,-0.6912
-0.2612,-0.1994,-0.7435,0.7581,-0.3533,0.4254,-0.0913,0.105,0.0018,-0.7786,-0.1797,0.0798,0.1129,0.2591,-0.8948
-0.2918,-0.1914,-0.5457,0.9375,-0.3345,0.2444,-0.2499,0.253,-0.211,-0.7918,-0.0209,0.1528,0.3704,-0.0088,-0.8252
-0.2884,-0.257,-0.4466,0.9546,-0.225,0.3435,0.0121,0.2422,-0.4351,-0.5516,0.2622,0.2532,0.3335,0.0659,-0.6118
-0.3892,-0.0281,-0.1868,0.6563,-0.135,1.0226,-0.041,-0.4599,-0.8402,-0.2154,0.0524,0.2818,-0.0059,0.1148,-0.4208
-0.2516,0.3007,-0.6575,0.6349,-0.0526,0.2392,0.1246,0.0571,-0.5822,-0.0908,0.2131,0.3893,0.0395,0.3216,-0.2051
-0.3807,0.4633,-0.5698,0.6313,-0.3761,0.0855,0.025,0.186,-0.7475,-0.4298,-0.1301,0.4648,0.0816,0.4372,-0.7458
-1.3448,-0.3095,-0.6786,0.8204,-0.2705,0.7376,-0.0467,0.0336,-0.8081,-0.7901,-0.067,-0.1014,-0.756,0.394,-0.8104
-0.7781,-0.6406,-0.9636,0.7944,-0.2152,0.5069,-0.2265,0.3673,-0.4773,-1.0614,-0.4362,-0.0082,-0.4602,0.5457,-1.3781
-0.6112,-0.1626,-0.0746,0.8812,-0.3976,-0.0351,-0.3991,0.9882,-0.0091,-0.8827,0.1516,-0.29,-0.2905,0.548,-1.2317
-0.397,-0.5792,0.1201,0.8603,-0.37,-0.2262,-0.3569,0.63,-0.6243,-0.9412,0.2952,-0.53,0.753,0.3074,-1.1888
-0.4854,0.251,-0.2267,0.7721,0.3582,-0.8044,-0.2673,0.3667,-0.6361,-0.329,0.405,-0.3731,0.3738,0.2662,-0.9078
-0.5702,0.2569,-0.1021,0.8157,0.2713,-0.5325,0.0758,0.2265,-0.7013,-0.1384,0.8503,-0.4171,0.13,-0.0797,-0.4849
-0.6157,0.4753,-0.0662,0.4207,0.1331,-0.3621,0.146,0.074,-0.7502,0.0055,0.7201,0.2851,0.2074,0.3071,-0.289
-0.5926,0.4652,0.4768,0.5992,-0.1332,-0.512,0.1246,-0.0649,-0.8726,-0.0401,0.8635,0.662,0.3539,0.2754,-0.1674
-0.6069,-0.3263,0.1775,0.7377,0.1301,-0.4301,0.1449,-0.0686,-1.1755,-0.0775,0.8028,0.3549,0.3981,0.4923,0.1399
-0.5267,0.0384,0.1024,0.7174,0.2945,-0.167,0.3257,-0.403,-1.1678,0.5432,0.6741,1.1522,-0.2229,0.5105,0.2398
-0.6539,0.2546,-0.1141,0.519,0.2557,-0.214,0.2648,-0.2947,-1.2414,0.9226,0.5722,0.1848,0.1126,0.6947,0.3284
-0.6194,0.3286,-0.0701,0.4331,-0.048,-0.0607,0.4886,-0.4515,-1.0862,0.5731,0.3978,0.3406,-0.5548,1.4264,0.858
-1.248,0.3733,-0.5857,0.4719,-0.2169,0.2383,0.5157,-0.4467,-0.9734,0.7376,0.3237,0.5306,-0.3812,1.8374,0.7583
-0.7718,0.6271,-0.7194,0.5183,-0.1913,0.2637,0.3733,-0.8855,-0.9693,0.1459,0.114,0.6165,0.1566,1.6049,0.293
-0.3674,0.636,-0.6207,0.6392,-0.4944,-0.0208,0.3438,-0.9902,-0.6617,0.1058,-0.1093,0.4146,0.4944,1.8412,0.0648
-0.8421,0.558,-1.1225,0.5539,-0.2815,0.1507,0.1283,-1.4861,-0.9981,-0.0256,-0.334,0.4051,0.4142,1.727,0.1089
-0.904,0.1616,-1.6673,0.5835,-0.1879,-0.0007,0.1901,-1.3184,-0.5921,-0.1066,-0.5137,0.1642,0.6357,1.7073,-0.6602
-1.0694,-0.0481,-1.7503,0.5477,-0.2197,0.0305,0.2175,-1.1502,-0.0937,-0.0663,-0.9214,-0.444,0.4429,2.0923,-0.9971
-0.7884,-0.493,-1.5459,0.8272,-0.3898,0.1936,0.0959,-1.1901,0.1656,-0.2946,-0.7278,0.0775,0.0675,1.2208,-1.2799
-0.7848,-0.0335,-0.9701,0.7728,-0.2219,0.0927,0.0778,-0.5539,0.4,-0.1063,-0.0991,-0.3624,-0.0608,0.9463,-1.2995
-0.8247,0.2118,-1.0252,0.8616,0.2403,0.1709,0.1994,-0.1675,0.1273,-0.0473,0.006,-0.4701,-0.1159,0.9609,-1.2184
-0.7567,0.5619,-0.6156,0.6237,-0.0414,0.2624,0.3429,-0.2852,-0.0657,-0.1026,0.0391,-0.0816,-0.0045,0.5877,-1.283
-0.6548,0.2728,-0.2995,0.6942,0.0345,0.8153,0.4145,-0.6038,-0.5147,-0.4191,0.1237,-0.0129,0.3443,0.3415,-1.4256
-0.6302,0.3696,-0.6412,0.5282,0.0156,0.1489,0.5929,-0.4199,-0.7591,0.0541,0.2287,0.4117,0.0965,0.251,-1.1725
-0.5174,0.9573,-0.5248,0.678,-0.2219,0.2001,0.3756,-0.34,-0.5088,0.0365,0.4316,0.6318,0.3435,0.219,-0.9344
-0.6955,1.2266,-0.229,0.5428,-0.1061,0.3827,0.4721,-0.5178,-0.7353,-0.3158,0.154,0.5889,0.1323,0.3117,-0.943
-0.4324,0.6432,-0.0816,0.487,-0.2488,0.4502,0.3361,-0.3969,-0.7406,-0.7186,0.093,0.1455,0.2697,0.3749,-1.09
-0.4336,0.7012,-0.0339,0.5424,-0.1001,0.17,0.6151,-0.4861,-0.724,-0.455,0.3835,-0.1782,0.4915,0.6,-1.0754
-0.5433,0.6953,-0.4211,0.5572,0.149,0.2367,0.419,-0.7362,-0.8311,-0.1769,0.4909,0.1886,0.981,0.6561,-0.8239
-1.2264,0.7087,-0.8504,0.7677,0.3175,-0.4177,0.1719,-0.8513,-0.4928,0.3609,0.4924,0.3693,0.4946,0.6078,-0.2555
-0.9857,0.4545,-0.7472,0.6765,0.2164,0.2071,0.6088,-1.0643,-0.3691,0.4517,0.1487,0.132,0.1792,0.6402,-0.1164
-1.0222,0.4243,-0.9379,0.5404,0.1726,0.4426,0.5679,-0.964,-0.1926,0.4276,0.4203,0.1029,0.3039,0.2844,-0.0203
-0.8366,0.3303,-0.7001,0.5018,-0.1589,0.5942,0.4797,-0.8829,-0.0744,0.1835,0.3611,0.0781,0.4368,0.5624,-0.1446
-0.7793,0.3953,-0.938,0.4083,-0.1868,0.7224,0.586,-1.1183,-0.3236,0.1022,-0.0117,0.3711,-0.2808,0.5465,-0.4307
-0.668,0.2759,-0.7748,0.053,-0.1911,-0.0166,0.3916,-0.4446,0.1147,-0.196,-0.3781,0.5888,0.0027,0.5833,-1.0452
-0.7327,0.4205,-0.4257,0.344,-0.3488,-0.1674,0.4635,-0.1422,0.1374,-0.415,-0.4272,0.0269,0.2272,0.2209,-1.2799
-0.8754,0.2308,-0.1978,0.4089,-0.0926,0.6911,0.1456,-0.0355,0.0078,-0.537,0.0298,-0.1028,0.2474,0.1781,-1.1379
-0.8398,0.5849,-0.0229,0.331,-0.2137,0.441,0.1407,-0.2652,-0.1695,-0.5127,0.1926,-0.1523,0.294,0.1661,-1.3135
-0.9189,0.5397,0.0428,0.5462,0.3464,0.3104,0.0458,-0.5259,-0.4292,-0.4172,0.3631,0.0632,0.1548,0.4823,-1.2282
-0.7606,0.758,0.0804,0.3739,0.2412,0.3747,0.2736,-0.6953,-0.7713,-0.0784,0.5988,0.1201,-0.4518,0.2066,-1.0271
-0.7456,1.295,0.0252,0.0968,0.0707,0.1054,0.5557,-0.3876,-0.4763,0.1919,0.2873,0.4979,-0.1504,-0.0178,-0.7919
-1.171,0.9794,-0.363,0.233,0.0466,0.3265,0.4549,-0.0718,-0.4634,-0.2778,0.2996,0.0617,-0.0903,0.4167,-1.041
-0.6224,0.6403,0.6418,0.2805,-0.2039,0.1928,0.4482,0.0991,-0.3714,-0.5867,0.4595,-0.0429,-0.1112,0.2463,-1.1973
-1.0458,0.982,0.3235,0.4799,0.2196,0.2658,0.1451,0.1302,-0.715,-0.306,0.8345,0.0319,-0.3715,-0.2754,-0.8649
-0.8549,1.1049,0.8032,0.4603,0.2446,0.8265,0.1109,0.0286,-0.6631,-0.3902,0.6779,0.4946,-0.5252,-0.9512,-0.9956
-0.9428,0.7855,0.6203,0.3426,0.2799,0.8086,0.07,0.2589,-0.8887,-0.0322,0.9272,0.4173,-0.8539,-0.5415,-0.8054
-1.0986,1.0638,0.1772,0.455,0.3244,0.3949,0.1523,0.4172,-0.8512,0.0503,1.2772,0.4713,-0.2067,-0.4358,-0.4979
-0.9967,1.1877,-0.046,0.0302,0.1217,0.257,0.205,0.1301,-0.9203,-0.136,0.5882,0.637,-0.0174,-0.5521,-0.9812
-0.9705,1.0393,-0.1456,0.0632,0.1331,-0.0712,0.2355,0.2376,-0.6328,-0.3315,0.3802,0.5696,-0.3096,-0.4065,-1.0579
-0.8015,0.0335,-0.1353,0.224,0.0309,-0.1848,0.471,0.6998,-0.2555,-0.3372,0.3771,0.6149,0.8086,-0.3544,-0.971
-0.9958,0.9888,0.3775,-0.0393,-0.0355,0.3025,0.5621,0.3636,-0.6239,0.0458,0.724,0.7286,0.1962,-0.3309,-0.83
-1.2078,1.1581,0.5188,0.1528,0.2649,0.4545,0.6439,0.0175,-0.8026,-0.1273,0.2222,0.5978,0.242,-0.3698,-0.6817
-0.8294,1.0536,0.8476,0.096,0.1389,0.4738,0.6149,0.1244,-0.7743,-0.2064,0.0053,0.4982,0.6246,-0.3562,-0.7529
-1.0213,0.7977,0.5404,0.1471,-0.0135,0.1074,0.4203,0.1715,-0.957,0.0229,0.4434,1.0147,0.1834,-0.0135,-0.8092
-1.0747,0.9245,0.4115,0.3002,0.1115,0.159,0.35,-0.0082,0.1418,-0.2321,0.5496,0.9495,0.6306,-0.0333,-0.7961
-1.1462,0.8493,0.1867,0.3599,0.2869,0.2212,0.2906,-0.2563,-0.8559,0.1403,0.7811,0.8929,0.4336,-0.4081,-0.4975
-0.8674,0.5667,-0.0281,0.3441,0.1523,-0.0769,0.343,-0.2329,-0.7444,0.3006,0.7841,0.8088,-0.2253,0.1857,-0.2252
-0.8995,0.4178,0.012,0.4592,0.1184,0.4664,0.339,-0.3758,-0.8468,0.5425,0.6723,0.6184,-0.2936,0.3926,-0.0243
-0.9361,0.7502,-0.454,0.4884,0.0436,0.2789,0.3729,-0.5126,-0.8748,0.7063,0.5302,0.6583,0.319,0.0962,-0.077
-1.3506,0.9134,-0.4403,0.0619,0.0116,0.3613,0.2466,-0.6285,-0.4851,0.4249,0.1706,0.5733,0.1028,0.3694,-0.1222
-1.2086,0.5366,0.0377,0.2767,-0.125,0.7894,0.4995,-0.7338,-0.6095,0.0142,0.4381,0.2809,0.1875,0.6717,-0.2139
-0.9608,0.7828,-0.1637,0.181,0.1004,0.8788,0.1017,-0.8609,-0.8519,0.2587,0.4416,-0.3724,0.7794,0.8031,-0.3506
-1.4053,1.1645,-0.786,0.2424,0.1231,0.6324,0.3955,-1.1537,-0.7165,0.3947,0.5994,-0.399,0.4247,1.1247,-0.0583
-1.135,0.884,-0.9059,0.2392,-0.1041,0.4581,0.4758,-1.516,-0.376,-0.0188,0.3646,0.0027,0.6186,0.907,-0.314
-0.8911,0.4099,-1.402,0.2831,-0.2243,0.316,0.312,-1.1362,-0.2738,0.0052,0.0689,0.1447,0.4354,0.7975,-0.6077
-1.0112,0.5702,-1.0003,0.2872,0.3749,0.4527,0.2213,-0.8171,0.3917,0.2852,0.0167,-0.2219,0.6446,0.9211,-0.8288
-1.2296,0.747,-0.807,0.4026,-0.1385,0.0729,0.4166,-0.4948,0.5598,0.0267,0.038,0.0027,0.6272,0.2652,-0.8802
-1.0427,0.3704,-0.3967,0.6452,-0.3742,-0.0476,0.3943,0.0212,0.312,-0.3332,0.2483,0.0226,0.9485,-0.4584,-1.2014
-1.3423,0.1925,-0.0354,0.6042,-0.0997,0.4107,0.2854,0.2604,0.0671,-0.3029,0.4643,0.4603,0.2583,-0.3007,-1.1207
-1.2714,0.3054,-0.5168,0.8005,0.0463,0.0787,-0.0888,0.4066,-0.42,-0.3876,0.7704,0.4692,0.1211,0.1339,-0.9198
-1.0537,0.5786,0.0221,0.8192,-0.2169,0.0958,0.0993,0.1933,-0.3991,-0.4182,1.017,0.5955,-0.2287,-0.7596,-0.9465
-1.1835,0.6889,0.4289,0.5405,-0.1073,0.55,0.0694,0.4287,-0.3765,-0.4154,1.0902,0.8919,-0.0159,-0.4041,-0.8285
-1.4093,1.2368,-0.0131,0.5534,0.1979,0.8125,0.0796,0.2654,-0.809,-0.352,0.7739,0.987,-0.4733,-0.2427,-0.8688
-1.1745,0.8104,-0.1009,0.3462,0.1131,0.7724,0.4351,0.482,-0.7688,-0.4627,0.5036,1.2751,-0.1182,-0.3409,-1.1842
-1.2841,1.4742,0.0731,0.2463,0.1408,0.635,0.528,0.4941,-0.5459,-0.4734,0.5393,0.907,0.2197,-0.1381,-1.1936
-1.2612,1.0626,0.7872,0.3144,0.0768,0.5548,0.5593,0.1485,-0.6528,-0.6394,0.7712,0.5591,0.3768,-0.1376,-1.0088
-0.7709,1.2067,0.7032,0.1131,0.1717,0.3632,0.6147,-0.0732,-1.1463,-0.2672,0.4471,0.6664,0.665,0.1037,-0.9635
-1.438,0.942,0.6683,0.2463,0.1822,0.4904,0.5489,-0.1138,-1.1809,-0.1469,0.635,1.1276,0.8903,0.3669,-1.1138
-1.4652,0.8864,-0.0034,0.2169,0.0937,0.5215,0.4361,-0.2935,-1.6124,-0.3152,0.7074,1.0359,0.575,0.4825,-0.9453
-1.1562,0.6179,-0.1631,0.4692,0.1337,0.4145,0.4079,-0.5588,-1.2946,-0.1974,0.6033,1.1016,0.6159,0.5314,-0.9217
-1.0981,0.591,-0.2542,0.5163,0.2448,0.5678,0.3379,-0.4794,-1.1487,0.068,0.6939,0.5928,0.3254,0.7122,-0.6668
-1.3071,0.5806,-0.4703,0.2995,-0.0123,0.6679,0.4043,-0.6809,-0.996,0.18,0.6644,0.6543,1.2565,0.5703,-0.5962
-1.1107,0.7943,-0.5426,0.3274,-0.4996,0.6385,0.4959,-1.1784,-0.9204,-0.1847,1.0906,0.4999,1.1993,0.8531,-0.4473
-1.034,1.0012,-0.5389,0.26,-0.435,0.4972,0.4803,-1.3885,-0.6544,-0.6407,0.2312,0.6769,1.0252,1.3821,-0.664
-1.3581,1.0326,-0.414,0.3119,-0.2118,0.1268,0.5054,-1.2983,-0.6801,-0.6179,0.113,0.5047,1.228,1.5415,-0.983
-1.3591,0.79,-0.4551,0.25,-0.2068,0.1051,0.4482,-1.3413,-0.7111,-0.8051,0.1988,0.2288,0.7165,1.1712,-1.4873
-1.4687,0.6014,-0.6613,0.1922,-0.0874,-0.0522,0.4815,-1.0004,-0.4224,-0.647,0.1325,-0.6112,0.6482,0.9424,-1.342
-1.159,0.5,-0.4093,0.3541,-0.3037,0.2913,0.3707,-0.8001,-0.1771,-0.7172,0.5442,-1.0528,0.7006,0.7121,-1.1585
-1.7919,0.7661,-0.6456,0.4109,-0.2427,0.5368,0.1864,-0.7698,-0.088,-0.5867,0.3596,-0.8159,0.7336,0.7946,-1.2872
-1.7328,0.5627,-0.4765,0.4951,-0.3781,0.7481,0.1418,-0.9448,-0.1953,-0.8088,0.6036,-0.2921,1.0839,0.4852,-1.4139
-1.4887,0.6527,-0.2227,0.5125,-0.3024,0.7613,0.2287,-1.0395,-0.2105,-0.8597,0.5049,-0.1509,1.1397,0.8152,-1.4306
-1.5522,0.7006,-0.2365,0.7052,-0.1278,0.4061,0.3884,-1.0971,-0.4139,-0.7332,0.4686,0.0393,0.8545,0.7738,-1.6306
-1.328,0.78,-0.0128,0.5789,-0.1046,0.2748,0.4791,-0.913,-0.3145,-0.8164,0.6589,0.1033,0.4362,0.1103,-1.5347
-1.2011,0.8138,-0.0833,0.5334,0.0855,0.1453,0.5317,-0.4231,-0.2616,-0.6415,0.5355,0.041,0.9144,0.3325,-1.5683
-1.6783,0.9368,-0.2439,0.7001,0.0484,0.3776,0.4746,-0.5345,-0.083,-0.4802,0.7244,0.013,1.2165,0.6083,-1.5344
-1.3007,0.8344,0.0425,0.4882,0.0862,0.2637,0.8242,-1.1006,-0.7645,-0.5859,0.6646,0.2539,1.343,0.4736,-1.5395
-1.4463,0.4707,-0.4407,0.617,0.1623,0.5394,0.4754,-1.2432,-0.6842,-0.2183,0.369,0.0144,1.5243,0.391,-1.3944
-1.4399,0.4357,-0.984,0.6581,-0.041,0.3352,0.2773,-1.1036,-0.4232,-0.1193,0.2882,-0.1404,0.8587,0.7986,-1.3251
-1.2335,0.3955,-1.1345,0.6562,-0.0542,0.0774,0.4892,-0.9562,0.0546,-0.0133,0.1787,-0.081,0.9531,0.9298,-1.2795
-1.1298,0.0733,-0.9211,0.7112,-0.032,-0.1734,0.5889,-0.5806,0.3405,-0.046,0.2365,-0.5469,1.0349,1.1585,-1.3073
-0.9108,0.4796,-0.0638,0.7114,-0.2659,-0.2914,0.9627,-0.6726,0.1956,-0.1655,0.3188,-1.0388,0.9311,0.741,-1.021
-0.9721,0.4605,0.0149,0.776,0.034,0.0106,1.1414,-0.7601,-0.0169,0.1078,0.8626,-0.7265,0.9906,0.9763,-0.6988
-1.0559,0.7196,0.136,0.6983,0.0065,0.1444,0.9108,-0.9131,-0.3113,0.0142,0.7177,-0.1857,0.9828,0.5093,-0.7251
-1.1613,0.0585,-0.075,0.8207,-0.1002,0.2779,0.7829,-0.7113,-0.2985,-0.0774,0.3107,-0.0503,1.5361,0.7854,-0.8905
-1.1718,0.3762,-0.1124,0.8083,-0.1694,0.0821,0.7126,-0.8608,-0.1136,0.0651,0.555,-0.1002,1.9365,0.6649,-0.6514
-1.3388,0.3754,0.0732,0.6918,-0.0537,0.1445,0.5195,-0.9245,-0.0919,-0.1073,0.6096,0.0639,1.5848,1.044,-0.7354
-1.581,0.5679,0.0115,0.5751,0.0927,0.145,0.4901,-1.2393,-0.4317,-0.099,0.7481,0.0039,1.4717,0.984,-0.6875
-1.3986,0.0011,-0.1427,0.7591,-0.1756,0.1956,0.3916,-1.4765,-0.4084,-0.1224,0.6751,-0.0072,1.4556,1.5475,-1.0332
-1.3917,0.4204,-0.3793,0.6718,-0.2062,0.0711,0.3939,-1.6523,-0.2478,0.1493,0.6056,-0.1056,1.0635,1.7406,-0.9291
-1.4891,0.7417,-0.7746,0.3695,0.1141,0.0667,0.2669,-1.3897,0.1577,-0.1359,0.4536,-0.4206,0.8711,1.7845,-1.088
-1.4593,0.5649,-0.4084,0.3621,-0.03,0.021,0.3583,-1.5032,0.0718,-0.5734,0.4001,-0.2134,0.6419,1.505,-1.3608
-1.1239,0.3568,-0.4737,0.429,0.0865,-0.2601,0.3143,-1.1719,0.0371,-0.5225,0.1803,-0.0282,0.6987,1.6546,-1.2938
-1.336,0.2691,-0.181,0.4607,-0.1594,0.1838,0.3486,-1.1943,0.5121,-0.365,0.451,-0.127,0.7959,1.5361,-1.3948
-1.4753,0.1498,0.1575,0.5388,-0.2306,0.1556,0.2209,-1.1007,-0.0128,-0.4853,0.5217,-0.3773,0.578,1.2788,-1.4876
-1.6167,0.2809,-0.1918,0.4119,-0.0679,0.3123,0.0227,-1.005,-0.1285,-0.7305,0.624,-0.3931,0.6805,1.117,-1.6824
-1.3998,0.1276,-0.0794,0.4232,0.1683,0.3616,0.2469,-0.5322,0.0885,-0.7752,0.6562,-0.3333,0.7647,0.5187,-1.6735
-1.4033,-0.0212,0.2991,0.3651,0.1628,0.1154,0.2237,-0.3579,0.1381,-0.5957,0.7414,-0.4652,0.8963,0.3958,-1.6979
-1.7406,0.4331,0.6395,0.3327,0.0137,0.4701,0.4225,-0.524,-0.0793,-0.6442,1.007,-0.5129,1.1926,0.5915,-1.4327
-1.5034,0.5394,0.2876,0.299,0.225,-0.3746,0.2089,-0.5805,-0.4305,-0.7315,1.0369,0.1229,1.1343,0.4323,-1.2888
-1.2508,0.184,0.2773,0.3118,0.3283,-0.0295,0.095,-0.5944,-0.3601,-0.6693,0.834,-0.4669,1.0,0.4492,-1.2115
-1.1305,0.2378,0.2949,0.3972,0.3154,-0.0851,0.2745,-0.3433,-0.1521,-0.1857,1.0134,-0.2871,0.7998,0.6135,-1.2524
-1.2545,0.4813,0.5544,0.4576,0.2333,-0.2558,0.3948,-0.116,-0.196,-0.1813,0.7972,-0.1024,0.7316,0.3506,-1.2013
-1.196,0.8134,0.9091,0.3157,0.196,0.2227,0.2059,-0.1172,-0.1949,-0.4597,1.1171,-0.3767,1.5072,0.1128,-0.9968
-1.4674,0.8488,0.9063,0.3252,0.1763,-0.0796,0.235,-0.2107,-0.4928,-0.6438,1.2677,-0.0709,1.1283,-0.1555,-1.0611
-1.4283,0.9033,0.3139,0.4874,0.2385,0.0148,0.2039,-0.2321,-0.6138,-0.7957,1.489,-0.0236,1.178,0.1475,-1.0146
-1.4632,2.3401,0.4486,0.3497,0.308,-0.1352,0.1253,-0.3077,-0.324,-0.7716,1.1496,0.3559,1.0183,0.4624,-1.0954
-1.4629,1.3641,0.2129,0.3123,0.6825,-0.004,0.4223,-0.5125,-0.402,-1.0496,0.9929,0.4583,0.7519,0.644,-1.0641
-1.2591,0.9184,0.0137,0.4202,0.5599,-0.0651,0.4906,-0.5438,-0.4713,-0.4859,0.9362,0.3334,0.8354,0.318,-1.0919
-1.3492,0.7438,0.2969,0.4087,0.6498,0.35,0.6961,-0.374,-0.1896,-0.1914,0.8776,0.0769,1.0287,0.2252,-0.7509
-1.2382,0.6373,0.586,0.5392,0.7205,-0.0944,0.7376,-0.2915,-0.3015,0.146,0.999,0.0691,1.1979,0.4016,-0.476
-1.2801,0.4981,0.4527,0.5166,0.4642,-0.3284,0.4514,-0.3193,-0.5129,0.3551,1.5688,0.3989,0.7913,0.3065,0.0022
-1.4249,0.7489,0.4759,0.4053,0.3214,-0.0098,0.4305,-0.4794,-0.7307,0.1767,0.9988,0.6134,1.262,0.2628,0.0438
-1.3932,0.3359,0.3802,0.2792,-0.0613,0.3649,0.3554,-0.5954,-0.9859,-0.1468,0.9499,0.2737,0.9717,0.6238,-0.1578
-1.438,0.298,0.1255,0.3505,0.1955,0.4793,0.3947,-0.752,-0.7439,-0.1702,0.701,0.0816,0.8682,1.0334,-0.3518
-1.3655,0.4625,0.2409,0.1607,0.2351,0.0216,0.0894,-0.7494,-0.5367,-0.2042,0.7358,0.0332,1.1584,1.0446,-0.6559
-1.6272,0.4042,0.4576,0.3595,-0.0146,0.3465,-0.0256,-0.7703,-0.4268,-0.2883,0.7749,0.2715,1.6552,1.2434,-0.7522
-1.6311,0.3183,0.2744,0.4719,0.0901,0.4066,-0.0344,-1.248,-0.8255,-0.5242,1.1363,-0.0247,1.3778,1.497,-0.6005
-1.7229,0.6723,-0.1802,0.0702,0.2045,0.49,-0.1279,-1.6338,-0.8377,-0.3999,0.7284,-0.0751,1.4208,1.798,-0.6773
-1.6867,0.3438,-0.6716,0.0232,0.0496,0.0544,-0.1031,-1.619,-0.5622,-0.5799,0.4569,0.0931,1.6519,2.0987,-0.8005
-1.7145,0.6427,-1.1852,0.1859,-0.1195,0.0215,0.0269,-1.8042,-0.3352,-0.58,-0.2842,-0.2157,1.6996,2.2032,-1.1588
-1.5852,0.6866,-1.113,0.3519,0.0137,0.4289,-0.2323,-1.8425,0.0266,-0.8954,-0.4023,-0.6975,1.7066,2.2113,-1.7898
-1.1672,-0.2559,-0.7332,0.5806,-0.1178,0.2306,0.1493,-1.6249,0.2044,-1.2353,-0.1989,-1.1452,1.5511,1.8268,-2.129
-1.0849,-0.2175,-0.3297,0.6984,-0.3981,-0.33,0.118,-1.1466,0.5232,-0.9483,-0.0956,-1.1445,1.6918,1.9155,-2.0934
-1.2169,-0.0458,0.6741,0.6874,-0.0355,-0.3899,-0.1462,-1.0801,0.2321,-0.9503,0.4391,-1.3344,1.6772,1.2278,-1.8797
-1.2671,0.3775,0.5104,0.8103,0.2026,-0.1641,-0.036,-0.9785,-0.2211,-0.6338,0.7427,-0.9666,1.5546,1.409,-1.495
-1.2305,0.4426,-0.0145,0.6798,0.308,0.0436,-0.1344,-1.169,-0.6029,-0.7028,0.4816,0.04,1.2001,1.1822,-1.6914
-1.2425,-0.0062,-0.1535,0.8229,0.3353,0.0566,-0.1973,-1.0548,-0.3603,-0.8375,0.971,0.0393,1.3998,0.4605,-1.3919
-0.9895,-0.0731,0.1535,0.6384,0.3052,-0.3388,-0.1654,-0.6488,-0.081,-0.6669,1.1184,0.024,1.0624,0.603,-1.0117
-0.5663,0.5394,0.5775,0.6489,0.3077,-0.8054,-0.0484,-0.3181,-0.2507,-0.4394,1.1614,0.1082,0.9521,0.0728,-0.8051
-0.9668,0.6693,0.7298,1.0724,0.1942,0.0324,-0.2524,-0.2917,-0.4315,-0.5499,1.5511,0.0506,0.6796,0.4443,-0.5435
-1.1665,0.9291,0.8237,0.896,0.2454,0.3466,-0.1152,-0.5814,-0.8674,-0.7569,1.3865,-0.0873,0.5976,0.2948,-0.5006
-1.5034,0.6053,0.3932,0.7144,0.4956,0.5726,-0.417,-0.5606,-0.8329,-0.6908,1.3127,0.2189,0.5138,0.7788,-0.8535
-0.7762,0.4921,0.3928,0.5756,0.5664,0.3335,-0.3368,-0.6796,-0.9791,-0.5461,0.7123,-0.1936,0.69,0.6764,-0.8764
-1.318,0.5626,0.1103,0.558,0.6817,-0.0085,-0.4053,-0.3726,-0.5913,-0.1386,0.3906,0.1052,0.8115,1.2625,-1.0341
-0.8232,0.0861,0.9474,0.8266,0.3839,-0.0641,-0.2112,-0.1001,-0.2271,-0.1886,0.7132,0.1346,0.7759,0.7695,-1.0615
-1.021,0.472,1.0357,0.7953,0.2972,0.0115,-0.0243,-0.1303,-0.7567,-0.0096,1.0064,-0.1752,0.9089,0.5704,-0.7181
-0.8932,0.8492,0.9608,0.7427,1.0302,-0.1361,-0.008,-0.0977,-0.9499,0.2658,1.1328,0.2341,0.9003,0.6427,-0.5904
-1.0998,0.6996,0.8032,0.4355,0.7838,-0.208,0.1011,0.0906,-0.9556,0.4431,1.1818,0.2727,0.8244,0.2995,-0.2524
-1.1382,0.6677,0.9486,0.5771,0.8621,-0.1533,0.2941,-0.4046,-1.067,0.6313,0.893,0.2584,0.552,0.5067,-0.2147
-1.1103,0.4757,0.5214,0.3275,0.2198,-0.0896,0.2413,-0.0715,-0.7258,0.4371,1.2268,0.3556,1.2496,1.0509,-0.0496
-1.281,0.9042,0.299,0.5809,0.197,-0.0922,0.0605,-0.5828,-0.7624,0.1259,1.2448,0.6049,1.4113,1.3649,0.0208
-1.7214,0.8462,-0.2128,0.3217,0.2966,0.2967,0.1189,-1.0591,-0.9129,0.0503,1.1618,0.5422,1.1286,1.3162,-0.1449
-1.4601,0.7138,-0.5431,0.3379,0.2783,0.49,0.0663,-1.3167,-0.5791,-0.2634,0.8846,0.3253,1.1686,1.6119,-0.5205
-1.3572,0.4372,-0.8807,0.441,0.3755,0.7539,0.1616,-1.8269,-0.4797,-0.2161,0.339,-0.0546,1.684,2.1159,-0.8976
-1.4327,0.1244,-1.0683,0.6831,0.2738,0.6414,-0.0403,-1.893,-0.2552,-0.2813,0.0957,-0.4402,1.9574,1.9831,-1.0698
-1.4537,0.0352,-1.0696,0.8107,0.184,0.2621,0.1998,-1.771,0.0147,-0.1698,0.1968,-0.2084,2.0782,2.0859,-1.0195
-1.0811,0.4257,-0.8557,0.8076,0.3975,-0.0569,0.5038,-1.6902,0.1922,-0.0231,0.3736,-0.217,1.6535,1.6243,-0.8496
-1.2129,0.4322,-0.9529,0.7121,0.4187,0.0782,0.0765,-1.4988,0.2738,-0.0847,0.3176,0.0657,2.01,1.6573,-0.6996
-1.1899,0.0154,-0.8796,0.7631,0.2873,0.6652,-0.1277,-1.8263,0.2537,-0.1676,0.5552,-0.1916,1.8839,1.6073,-0.6446
-1.3892,0.1454,-0.8605,0.7124,0.3815,0.4113,-0.1538,-1.5435,0.1393,0.0529,0.6761,-0.0623,1.7968,1.708,-0.4901
-1.5835,0.2635,-0.5246,0.6875,0.1485,0.283,-0.0842,-1.7924,0.0164,-0.2373,0.6351,0.0352,0.8424,2.1949,-0.7834
-1.5702,0.4509,-0.8395,0.6457,0.1286,0.2059,-0.3046,-1.9075,-0.1142,-0.5871,0.7193,0.0075,0.9942,1.8264,-0.9861
-1.1453,0.3095,-1.0513,0.7097,0.3651,-0.1643,-0.5249,-1.3185,0.2678,-0.7314,0.9959,-0.3802,0.9101,1.556,-0.8457
-1.4016,0.2721,-1.0681,0.743,0.236,-0.1342,-0.5013,-1.2859,0.3349,-0.5563,0.6868,-0.2182,1.3307,0.8742,-1.0598
-1.165,0.4681,-0.4472,0.6711,0.2727,-0.4164,-0.3297,-0.8893,0.622,-0.6047,0.4077,-0.2302,1.4681,0.9625,-1.574
-1.0972,0.46,-0.1963,0.7125,0.4446,-1.3945,-0.5616,-0.3985,0.462,-0.8607,0.9739,-0.4074,1.3908,0.2859,-1.3399
-1.294,0.615,-0.0512,0.5684,0.5832,-0.8263,-0.4692,-0.5199,0.0785,-0.7781,1.0278,-0.0106,1.0481,-0.2679,-1.238
-1.4963,0.2846,0.3758,0.5322,0.4968,-0.348,-0.2864,-0.2596,-0.064,-0.7611,1.0214,0.0641,0.4708,-0.1437,-0.9561
-1.1853,0.7846,0.3558,0.4309,0.5882,-0.4153,-0.4914,-0.4089,-0.5606,-0.4752,1.094,-0.0587,0.8761,0.2044,-0.964
-1.3469,1.0854,-0.0247,0.3269,0.6939,-0.1327,-0.3812,-0.8081,-0.7619,-0.4068,0.9572,0.0173,1.066,0.3812,-0.9099
-1.1326,0.8886,0.0415,0.2066,0.6984,-0.3792,-0.2824,-0.7986,-0.638,-0.5917,0.7805,-0.1847,0.8752,0.1954,-0.9258
-1.1223,0.7729,-0.0234,0.114,0.7726,-0.2334,-0.4279,-0.6876,-0.3296,-0.3202,0.9429,-0.1999,0.964,0.3278,-0.8682
-1.2983,0.669,-0.0452,0.2648,0.6483,-0.2871,-0.7323,-0.5221,-0.2137,0.0817,0.6314,-0.3043,1.1875,-0.1066,-0.7821
-1.8574,0.6737,-0.0169,0.2279,0.6943,-0.0162,-0.8047,-0.4454,-0.2297,-0.4659,0.1056,-0.1855,1.3268,0.0406,-1.0302
-1.4312,0.1312,0.1208,-0.0839,0.6555,-0.01,-0.5148,-0.2346,-0.1201,-0.8976,0.1389,-0.5855,1.3087,0.1349,-1.5644
-1.6218,0.2183,-0.0932,0.0869,0.7618,0.1902,-0.3687,-0.2348,-0.1182,-0.7585,0.4,-0.5072,0.6123,0.2029,-1.7248
-1.6167,-0.0547,0.3341,0.3718,0.6575,0.1418,-0.2707,0.1522,-0.0453,-0.5792,0.7505,-0.5381,1.1196,-0.2471,-1.6167
-1.324,2.0194,0.6776,-0.0745,0.8411,0.0054,-0.5059,0.0315,-0.345,-0.5232,1.0163,-0.4316,0.7419,-0.5648,-1.4191
-1.3229,1.2338,1.1107,0.1198,0.8797,-0.4669,-0.4208,0.2685,-0.3293,-1.2105,1.303,-0.1668,0.896,-1.1904,-1.6367
-1.632,1.1191,0.8957,0.1252,1.1694,0.0311,-0.38,0.2761,-0.4313,-0.7218,1.5841,-0.2489,0.7709,-1.2654,-1.2997
-1.2175,0.8535,1.1245,-0.1088,1.2246,-0.0182,0.016,0.2696,-0.6662,-0.4649,1.7545,-0.2588,0.365,-1.329,-1.0072
-1.5139,0.9373,0.4775,-0.0784,1.346,-0.137,-0.121,0.491,-0.3365,0.0007,1.2619,0.1954,1.1738,-1.0052,-0.8233
-1.5009,0.7242,0.7332,0.2665,1.3466,-0.2975,-0.0909,0.3616,-0.4409,-0.1667,1.3217,0.4505,0.7938,-1.1131,-0.541
-1.4461,0.8529,0.9634,0.0639,1.3956,-0.1441,-0.1444,0.687,-0.2662,-0.0578,1.7157,0.0799,0.6781,-1.1781,-0.0338
-1.4095,0.5991,1.0117,-0.0079,1.6886,-0.3355,0.068,0.5653,-0.5059,0.2353,1.4105,0.2836,0.488,-1.0165,-0.0161
-1.6265,0.2885,0.953,0.1969,1.395,0.0913,0.2504,0.6062,-0.5852,0.5509,1.5934,0.7241,0.4053,-0.9918,0.4044
-1.6258,0.1127,1.3311,0.4622,1.5506,-0.1988,0.3258,0.6941,-0.8478,0.8326,1.696,0.4205,0.2996,-0.675,0.5005
-1.5423,0.686,1.4276,0.712,1.5178,-0.026,0.2771,0.4563,-1.0511,0.9829,1.4626,0.1765,-0.0824,-0.0899,0.54
-1.2867,1.3206,1.6552,0.2542,1.3963,-0.3296,0.1688,0.5382,-1.236,0.7159,1.5557,0.1188,0.7729,-0.1511,0.5199
-1.3156,1.029,1.3647,0.236,1.5806,0.277,0.2335,-0.0258,-1.4796,0.5495,2.3294,0.6598,0.8376,-0.4304,0.776
-1.569,1.2099,0.7442,-0.325,1.6359,0.5298,0.3184,-0.603,-1.3778,0.9733,1.957,0.986,1.0388,-0.4392,0.8039
-1.4566,1.3062,0.5553,-0.1495,1.3333,0.2124,0.0901,-0.7415,-0.9364,0.5586,1.6119,0.9753,0.88,-0.0333,0.5834
-1.3688,1.0224,0.0995,-0.2352,0.9627,-0.0196,-0.0771,-0.4761,-0.665,0.3009,1.1972,0.3657,1.0011,0.447,0.2436
-1.1026,1.032,0.1609,-0.3747,0.9203,-0.0781,-0.1264,-0.5445,-0.3606,0.2759,0.7829,0.2654,0.6823,0.7105,-0.0536
-1.3251,0.9094,0.6955,0.2224,0.8606,-0.0819,-0.0991,-0.5569,-0.3859,0.1856,1.091,0.4557,0.8663,0.782,-0.4085
-1.1341,0.8055,0.6759,0.2589,0.9336,-0.1775,-0.0983,-0.6488,-0.7535,0.1265,1.1733,0.1312,0.7894,0.8172,-0.5121
-1.8377,0.5347,0.303,0.2224,0.7359,0.2118,-0.1036,-0.8393,-0.8134,0.0327,1.2384,-0.5376,0.9952,0.7176,-0.6401
-1.2495,0.243,0.6761,0.1657,0.7893,0.0614,-0.0266,-0.9489,-0.5346,-0.2291,1.3319,-0.809,1.0797,0.2188,-0.8084
-1.818,0.7178,-0.0531,0.1406,0.9232,0.3461,-0.2345,-0.8998,-0.4779,0.0644,1.1285,-0.4532,0.9025,0.4403,-0.7455
-1.7821,0.2721,-0.053,0.4347,0.9383,0.7446,-0.2052,-1.0706,-0.3046,-0.1571,0.8346,-0.3924,1.528,0.5675,-0.8775
-2.0915,-0.0073,-0.3926,0.3815,0.9716,0.3994,0.1161,-1.0165,-0.3668,0.2384,0.9205,-0.6586,1.6344,0.5499,-0.9662
-1.8629,0.2683,-0.6806,0.4116,0.8435,0.2988,0.3231,-1.2206,-0.2418,0.364,0.7554,-0.0359,1.5623,0.7972,-0.932
-1.8364,-0.03,-0.4375,0.5061,0.7974,0.5066,0.274,-1.6361,-0.2467,0.2148,0.7079,-0.2005,1.2587,0.6843,-0.7826
-1.8653,0.161,-0.6012,0.5843,0.8026,0.1756,0.1283,-1.5267,-0.0999,0.0169,0.9973,-0.3379,1.2352,0.9825,-0.4542
-1.326,0.5529,-0.5621,0.6459,0.783,-0.0786,0.2659,-1.2854,0.1367,0.236,1.1928,-0.2903,1.3025,0.9212,-0.2888
-1.5472,0.7869,-0.0696,0.2767,0.6339,-0.0806,0.0761,-1.3918,-0.0685,0.2573,0.6943,0.2583,1.0419,0.6523,-0.3121
-1.5576,0.9386,-0.1645,0.1791,0.8338,0.098,-0.0569,-1.0818,-0.2224,-0.002,0.6443,0.0292,1.5347,0.3942,-0.602
-1.8127,0.7976,-0.4311,0.1328,0.8512,0.2804,-0.4551,-0.9463,-0.2361,-0.1105,0.9262,-0.452,1.2587,0.5672,-0.7445
-1.9417,0.6593,-0.4104,0.0518,1.0356,0.1622,-0.4197,-0.8944,-0.0307,-0.5027,0.8644,-0.1489,1.344,0.5795,-1.0707
-1.5297,0.3318,-0.2531,0.1342,1.0095,0.3397,-0.2425,-1.2834,-0.3086,-0.2171,1.168,0.2398,1.3596,0.1524,-1.2331
-1.5053,0.8048,-0.5158,0.0506,0.7744,0.0088,0.0418,-1.0409,-0.1764,0.1913,0.7832,0.2083,1.0981,0.3584,-0.9724
-1.6121,0.3846,-0.9013,0.1202,0.6423,0.1896,-0.0485,-0.8191,-0.1942,-0.0062,0.7432,0.0677,0.986,0.7928,-0.8301
-1.7911,0.5815,-0.5318,0.1652,0.8203,0.34,-0.0265,-0.854,-0.0022,0.0035,0.8041,0.381,1.1531,0.8801,-0.8123
-1.8926,0.5527,-0.2864,0.0849,0.9101,0.232,0.0406,-1.1855,-0.2117,0.0654,0.6222,-0.2097,1.1494,0.7905,-0.6666
-1.8747,0.6161,-0.4301,-0.1257,0.8159,0.2878,0.0207,-1.0685,-0.0343,0.0098,0.487,-0.0664,1.1804,0.6561,-0.7226
-2.1267,0.6242,-0.341,0.012,0.5137,0.4237,-0.333,-0.8879,0.1051,-0.3159,0.6055,-1.0114,1.1859,0.6344,-0.9239
-2.3251,0.3639,-0.8939,0.0708,0.6772,0.4847,-0.1969,-1.0824,0.193,-0.7584,0.4492,-0.5813,1.04,0.6478,-1.3448
-2.0572,0.4439,-1.0752,0.2388,0.9263,0.0876,0.0434,-0.9654,0.3933,-0.6496,0.1786,-0.7118,0.923,0.67,-1.6624
-2.0655,0.0248,-0.7466,0.3839,0.8117,0.3141,0.2041,-0.6085,0.5234,-0.5296,0.1872,-0.8495,0.901,-0.2012,-1.8415
-1.854,0.3542,-0.4902,0.5435,1.3348,0.3224,0.1577,-0.0769,0.6602,-0.191,-0.0713,-0.6901,0.5537,-0.0889,-1.7557
-1.7503,0.4389,0.0805,0.5915,1.128,0.1779,-0.2671,0.2936,0.457,-0.1821,0.6721,-0.7812,0.5996,-0.6326,-1.3321
-1.7352,1.2136,0.7131,0.2474,1.022,0.2444,-0.2689,0.5382,0.0905,-0.309,1.0279,-0.6262,0.4396,-0.8963,-1.3143
-1.9868,1.0705,1.0428,0.1796,1.244,0.2704,-0.1614,0.4692,-0.4905,-0.3977,1.454,-0.9824,1.058,-0.8003,-1.1874
-1.6042,0.9395,1.1295,0.2988,1.5426,0.6563,-0.1337,-0.0565,-0.9805,-0.4086,1.6681,-0.2266,0.9004,-0.8326,-0.913
-1.7598,0.85,0.6068,0.4336,1.8806,0.3347,0.1456,-0.0919,-1.0608,0.7594,1.9352,0.42,0.7602,-0.3704,-0.3496
-1.175,0.9497,0.8274,0.1336,1.6972,-0.3869,0.1956,0.0194,-0.9515,0.7087,1.7036,0.4796,0.8329,-0.0633,0.0804
-1.8471,1.4173,0.4582,0.2022,1.5106,-0.4495,0.3328,-0.436,-1.1164,1.2708,1.7534,0.918,1.0648,-0.1389,0.8884
-1.8948,1.1326,-0.2508,0.1763,1.1846,-0.3594,0.3094,-0.5658,-1.053,0.8107,1.5093,1.3065,1.1424,0.1255,0.631
-1.8726,1.0079,-0.627,0.4515,1.0141,-0.0035,0.26,-0.9053,-0.8228,0.5081,1.4562,1.4474,0.6311,0.4366,0.3725
-1.9406,1.4111,-1.0025,0.2507,0.7,-0.039,0.4801,-0.9557,-0.651,0.1629,1.1516,1.1793,1.002,0.6465,0.0897
-2.1275,0.4371,-1.0914,0.3416,0.7844,0.5161,0.4882,-1.2373,-0.2034,-0.4729,0.745,1.0439,1.0713,0.9236,-0.4323
-1.9461,-0.1876,0.3612,0.4806,0.5491,0.5465,0.1878,-1.2475,-0.1451,-0.2958,1.1121,0.8049,1.8788,0.9107,-0.5436
-1.8906,0.631,-0.8098,0.5511,0.919,0.5797,0.1173,-1.5045,-0.683,0.5531,1.1621,0.9452,2.0685,1.0609,-0.4109
-1.6313,0.7704,-1.2633,0.3554,0.4241,0.4927,0.0721,-2.1013,-0.6177,0.4317,0.7809,0.8769,1.6118,1.4038,-0.5303
-1.7112,0.5388,-2.5045,0.2738,0.4023,0.4371,-0.0153,-2.3005,-0.1063,0.0975,0.2509,0.7075,1.5563,1.9034,-0.9345
-1.7802,-0.1546,-2.5785,0.4341,0.1133,0.3191,-0.547,-2.1512,0.8001,-0.0372,0.1549,0.2262,0.5967,2.3951,-1.4094
-1.5797,-0.2161,-2.1319,0.4109,0.0438,0.4006,-0.6078,-1.8426,1.3268,-0.4181,0.152,-0.643,1.0631,2.0627,-1.8136
-1.6187,-0.3335,-1.5488,0.4296,0.0342,0.2753,-0.3729,-1.7665,1.3665,-0.8338,0.5054,-0.297,1.6016,1.548,-2.2026
-1.4745,-0.3832,-1.4125,0.6508,0.104,0.0413,-0.4111,-1.5924,1.1112,-0.9617,0.8237,-0.5646,1.8891,1.1038,-2.4171
-1.4766,-0.0728,-1.1747,0.5367,0.3643,-0.1485,-0.5676,-1.3483,1.179,-0.6593,0.7714,-0.4022,1.7486,0.8407,-2.3413
-1.5962,-0.0107,-1.1066,0.7205,0.4921,-0.0657,-0.2971,-1.2811,1.0485,-0.6055,0.9919,-0.3719,1.3063,0.8686,-2.1143
-1.4432,-0.0896,-0.7983,0.8043,0.6082,-0.0198,-0.2326,-0.8256,1.0136,-0.3374,1.1427,-0.1323,1.3595,0.6904,-1.634
-2.3041,0.2325,-0.7455,0.6693,0.5494,0.8456,0.1187,-1.2126,0.3743,-0.2529,1.4875,0.1035,1.4466,-0.6291,-1.0594
-1.5807,-0.0229,-0.9725,0.6792,0.7126,0.6666,-0.1429,-1.1988,0.4745,-0.8332,1.5464,0.6689,1.2428,-0.2078,-1.0458
-1.4745,0.5989,-1.082,0.5517,0.9525,0.5109,-0.1777,-1.0575,0.7082,-0.156,1.4585,0.2988,1.1964,0.1624,-0.6619
-1.5274,0.5773,-1.3911,0.7317,0.8627,0.7251,-0.0062,-1.243,0.5339,0.0284,1.2455,1.0349,1.0037,0.0722,-0.8628
-1.5553,0.6777,-1.1516,0.4898,0.8034,0.3361,-0.4253,-1.0895,0.6586,-0.3851,1.1514,0.6011,1.2824,0.0508,-0.9425
-1.5533,0.4686,-0.7612,0.3578,0.9356,0.2674,-0.1894,-0.6281,0.8939,-0.4236,0.9733,0.371,0.6358,0.9116,-1.3423
-1.7489,0.3474,-0.5529,0.2481,0.8424,0.4164,-0.2316,-0.7889,0.6341,-0.5535,1.2835,0.4932,1.0561,0.3065,-1.4076
-2.1707,0.4724,-0.969,-0.1292,1.1398,0.6997,-0.1154,-0.9865,0.5149,-0.3425,1.1428,-0.0934,1.2512,0.5776,-1.2809
-2.4078,0.2178,-1.4346,0.2555,0.9767,0.8867,-0.2151,-1.4168,0.7224,-0.6763,0.6599,0.2768,1.3242,0.1151,-1.5992
-1.8996,0.2523,-1.6203,0.1845,1.3309,1.0115,-0.3473,-1.0224,0.9605,-0.6891,0.2895,0.3576,1.2098,0.1066,-1.9291
-1.4238,0.3384,-1.1152,0.373,1.2133,1.046,-0.0407,-0.9379,1.0392,-0.495,0.7693,1.0165,0.8234,0.1966,-1.7113
-1.3956,0.3254,-0.7725,0.2457,0.9855,0.8529,0.045,-0.6979,0.7233,-0.3541,0.7485,0.3825,0.9411,0.1536,-1.5175
-1.6286,0.3784,-0.9168,0.3438,0.9472,0.6443,0.1972,-0.7104,0.6006,-0.4221,0.96,0.0992,0.8057,0.0377,-1.235
-1.5435,0.3025,-0.793,0.4916,1.1737,0.6934,0.1681,-0.4039,0.7788,-0.4114,1.2106,0.1476,1.1797,-0.1953,-1.4191
-1.5315,0.5059,-0.6243,0.4982,1.0772,0.5702,-0.1902,-0.5561,0.4566,-0.3819,1.8643,0.4964,1.2195,-0.7576,-0.9557
-1.5186,0.4341,-0.8644,0.3429,1.0621,0.8373,-0.1782,-0.6246,0.2494,-0.127,1.5024,0.5464,0.8922,-0.583,-0.8695
-1.611,0.6567,-0.7012,0.2133,1.0249,0.7058,-0.1215,-0.6954,0.2781,-0.093,1.374,0.0992,0.8179,-0.4578,-0.919
-1.7318,0.4385,-0.8151,0.5398,1.1227,0.3305,0.2052,-0.2473,0.5557,-0.1184,1.4302,-0.2917,1.0771,-0.3613,-0.8615
-1.65,0.5817,-0.3495,0.4767,1.0982,0.3885,0.1985,-0.4883,0.3221,-0.2485,1.3508,0.0178,0.6052,-0.5281,-0.8781
-1.4807,-0.1706,-0.3486,0.8493,1.2613,0.311,0.2726,0.1189,0.6118,-0.1679,1.6544,0.6332,0.4789,-0.5261,-0.8962
-1.83,0.4343,0.0765,0.7765,1.4226,0.4049,0.5697,0.3371,0.2489,0.6165,1.9041,0.7805,0.8862,-0.9831,-0.5305
-1.7232,0.671,0.0954,0.6035,1.2962,-0.1028,-0.0221,0.3736,-0.0313,0.4633,1.8713,1.0069,0.9612,-1.2124,-0.2996
-1.5015,0.652,-0.0243,0.3501,1.5363,0.0247,0.2177,0.4997,-0.1381,0.3276,1.5472,0.7873,0.909,-1.149,-0.6682
-1.3802,0.6921,0.2649,0.3808,1.548,0.2073,0.3628,0.5603,-0.2541,0.6211,1.8954,0.5718,1.282,-1.4004,-0.4594
-1.6062,0.4683,0.2985,0.3641,1.4173,0.1419,0.3674,0.3636,-0.4219,0.703,2.0676,0.8481,1.3113,-1.3955,-0.1563
-1.7918,0.5855,0.234,0.0646,0.8693,-0.1016,0.7475,0.3196,-0.3803,0.7349,1.8882,1.5026,1.2468,-1.3373,0.1614
-1.5927,0.7308,0.2963,0.2115,1.1853,-0.115,0.5522,0.4678,-0.3936,0.1768,1.9266,1.4489,1.1666,-0.8135,0.1596
-1.5694,0.442,0.3675,0.3695,1.212,-0.3262,0.3243,0.3121,-0.5786,0.2125,1.8973,1.4819,1.2877,-0.7045,0.1058
-2.143,0.6852,0.1229,0.2551,1.4517,-0.5091,0.4218,0.0565,-0.809,0.7358,1.2578,1.6259,1.0414,-0.5716,-0.0307
-2.2583,0.423,-0.2174,0.2163,1.2916,0.1861,0.4664,-0.0055,-0.5657,0.4488,1.1923,1.2145,1.0783,-0.6075,-0.0749
-2.4121,0.1096,-0.3817,0.4325,1.4009,0.3558,0.3353,0.0006,-0.373,0.2903,1.0981,0.7965,0.8534,-0.0854,-0.2732
-2.1256,0.2547,-0.4393,0.2518,1.4834,0.1367,0.1699,-0.2989,-0.3444,0.3383,1.1161,0.7839,1.3223,-0.1823,-0.4466
-1.8708,0.065,-0.2135,0.611,1.4746,-0.297,0.1399,-0.1889,-0.2295,0.658,1.3874,0.7429,0.8912,0.2406,-0.366
-1.5517,0.2501,-0.6729,0.5974,1.2588,-0.106,0.3092,-0.5964,-0.4889,0.7767,1.3082,1.04,1.0325,-0.0697,-0.019
-1.7229,0.631,-0.4818,0.4314,1.0601,-0.1058,0.2506,-0.4475,-0.2701,0.7298,1.5306,0.7292,0.8237,-0.0641,0.2284
-1.9304,0.289,-0.401,0.3964,1.083,0.3071,0.3214,-0.6163,0.167,0.3036,1.6152,0.453,1.3203,-0.0136,0.079
-1.8852,0.5497,-0.6433,0.1772,1.1908,0.0028,-0.1008,-0.8698,-0.23,0.1394,1.8403,0.8968,1.2555,-0.3684,0.0367
-1.7921,-0.2376,-0.9402,0.5632,1.3195,0.1778,-0.0131,-1.0753,-0.3383,0.3303,1.8401,1.0127,1.4651,-0.2338,0.1086
-1.7014,0.3993,-0.4358,0.5291,1.3066,0.3474,0.2787,-1.3839,-0.3473,1.1828,1.7059,1.2998,1.4071,-0.0631,0.2621
-2.0021,0.5821,-0.8402,0.4859,1.1849,0.2746,0.2425,-1.2902,-0.5286,1.1209,1.562,1.3879,1.4561,0.3727,0.1625
-1.937,1.3227,-1.14,0.262,1.0382,0.1237,0.2409,-1.5361,-0.6293,0.8478,1.4131,1.1703,1.9323,0.3066,0.0579
-1.7723,0.6531,-1.5774,0.2992,0.68,0.1314,0.1485,-1.9547,-0.585,0.2451,1.2968,1.303,1.9665,0.564,-0.0929
-1.858,-0.0079,-1.6469,0.387,0.6343,0.474,-0.0182,-2.1364,-0.2224,0.0759,0.8776,1.2003,1.8582,0.7816,-0.5902
-1.7663,-0.1641,-1.5688,0.4246,0.6213,0.0092,-0.1703,-2.0011,0.0807,-0.0969,0.9783,0.6417,1.785,0.6032,-0.5194
-1.7797,-0.0752,-1.1077,0.2458,1.094,0.1002,-0.074,-1.6742,0.1188,0.0699,0.8322,0.3869,1.718,0.914,-0.8162
-1.6029,-0.2993,-1.2575,0.4907,1.0458,0.0775,0.225,-1.8296,-0.2601,0.1344,1.0388,0.394,1.9194,0.5466,-1.1221
-1.8355,-0.293,-1.5077,0.4524,0.9782,-0.0727,-0.2641,-1.7116,-0.3592,0.4146,1.5361,0.2837,1.4651,0.4842,-0.7114
-1.9487,-0.0956,-1.2893,0.2947,0.8336,0.0974,-0.2993,-2.0355,-0.5762,0.2704,1.1404,-0.0433,1.3238,0.7055,-1.1037
-1.9645,-0.8682,-1.834,0.3265,0.7768,0.7459,-0.5008,-2.0389,-0.3673,-0.1081,1.1917,0.0746,1.512,0.558,-1.1206
-1.9866,-1.0713,-1.8633,0.2157,0.8374,0.6608,-0.3386,-1.9295,-0.0867,0.1219,0.979,-0.0106,1.6797,0.8025,-1.5052
-2.1211,-0.7189,-1.8846,0.3416,0.9274,0.4598,-0.1414,-1.825,0.1239,0.2089,1.2248,0.1543,1.3596,0.4937,-1.379
-1.8032,-0.6917,-1.7013,0.2024,0.6736,0.1722,0.0827,-1.2712,0.1388,-0.1359,0.7365,0.0489,1.0969,0.2875,-1.48
-1.9252,-0.6117,-1.257,0.1576,0.7907,0.2151,0.0118,-0.7187,0.4102,-0.1875,0.9651,0.1829,1.1839,-0.1486,-1.3613
-1.8755,-1.342,-0.9804,0.3098,1.2429,0.216,0.0288,-0.5354,0.0325,-0.1539,1.3305,0.0001,1.0455,-0.6749,-1.2949
-1.6394,-0.9253,-0.6546,0.4225,1.5099,0.0196,-0.0198,-0.2478,-0.0036,0.6448,1.668,0.3427,0.8713,-1.0582,-0.716
-1.6015,-0.628,-0.1315,0.3387,1.5636,0.7551,0.2244,-0.5628,-0.5137,1.2186,2.0374,0.4357,0.9208,-1.695,0.033
-1.6421,0.1796,-0.2787,0.2,1.599,1.1584,0.0255,-0.6179,-0.7733,1.5327,1.9443,0.5121,0.9271,-1.5297,0.5411
-1.7772,0.3903,-0.616,0.1597,1.2032,1.0785,0.1933,-0.6333,-0.7698,1.4257,1.7778,1.0224,1.4011,-1.4164,0.6623
-1.8525,0.4778,-0.9803,-0.1197,0.9806,0.8286,-0.1036,-0.5285,-0.7218,0.7958,1.5444,1.0838,0.9916,-1.2214,0.4525
-1.8065,0.214,-0.9045,-0.042,0.9701,0.292,-0.2395,-0.4379,-0.3815,0.48,1.45,1.3003,0.7328,-0.8564,0.0448
-1.9511,-0.0171,-0.4063,0.1109,1.1553,0.7363,-0.3721,-0.4954,-0.4749,0.1617,1.3188,1.0566,0.8229,-0.8707,-0.2603
-1.6789,-0.034,-0.1162,0.1668,1.0531,0.6721,-0.3046,-0.4427,-0.7046,0.1823,1.607,0.612,0.6289,-0.8566,-0.4388
-1.3346,0.1289,-0.0634,0.2265,1.5066,0.5441,0.1247,-0.7421,-0.8547,0.5335,1.8037,1.0631,0.6223,-1.0014,-0.4881
-1.615,0.3456,0.2508,0.1647,1.4169,0.8046,0.4312,-0.7375,-0.8236,0.9444,2.4892,1.1197,0.9877,-0.7344,-0.079
-1.6631,1.0586,0.0167,0.1699,1.5069,0.716,0.3537,-1.1849,-1.4247,0.8373,2.4639,1.4656,1.1157,-0.8687,0.51
-1.4597,0.6307,-0.5572,0.2062,1.4306,0.6422,0.3921,-1.3674,-1.4278,0.9842,1.9168,2.2232,1.3692,-0.3457,0.6341
-2.1615,0.166,-1.1701,0.2601,1.2478,0.8632,0.2611,-1.577,-1.1162,1.3058,1.5219,1.8984,1.4488,0.5182,0.7546
-2.0267,-0.0063,-1.3627,0.4952,0.9091,1.1895,0.4598,-1.9607,-0.8123,1.0995,1.2428,1.6304,1.6167,0.7207,0.5016
-1.7913,-0.5537,-1.5567,0.5162,0.5746,1.1048,0.2018,-2.2508,-0.7762,0.8821,1.1651,1.062,1.9566,0.7156,-0.0301
-1.427,0.0413,-1.4755,0.6218,0.4289,0.7547,0.0383,-2.6042,-0.3883,0.8876,1.1152,0.5915,1.5689,1.0932,-0.1255
-2.2293,0.0171,-1.7598,0.4402,0.3663,0.6722,-0.0698,-2.7579,0.2671,0.4392,0.7243,0.9054,1.5688,1.0564,-0.667
-1.6851,-0.7088,-1.5485,0.6924,0.2785,0.6765,-0.1238,-2.5422,0.1968,-0.2039,1.0229,0.6003,1.7109,0.7563,-1.1381
-2.01,-0.127,-1.9315,0.5195,0.4656,0.4409,-0.0558,-1.9304,0.307,0.0385,0.7837,0.4375,1.6196,0.7939,-1.4541
-1.6755,-0.6581,-1.336,0.5032,0.4311,0.2919,-0.1099,-1.7253,0.6106,-0.4215,0.8741,0.3837,1.5536,0.2856,-1.7468
-1.3746,-0.5211,-0.8496,0.5757,0.241,0.4754,-0.1518,-1.5543,0.1848,-0.4341,1.1317,-0.1658,1.0897,-0.0682,-1.8442
-1.3944,-0.4867,-0.8088,0.7835,0.4834,0.4235,-0.2732,-0.9725,0.3505,-0.3219,1.3073,-0.0345,1.2791,-0.5302,-1.7349
-1.9583,-0.258,-0.564,0.9581,0.6107,0.2766,-0.2825,-0.9596,0.0527,-0.0995,2.0768,0.162,1.1428,-1.0428,-1.462
-1.8296,0.2583,-0.3809,0.4485,0.55,0.614,-0.2159,-1.8377,-0.6371,-0.0283,2.0134,0.9899,1.1642,-0.9794,-1.2979
-1.8381,0.0834,-0.6353,0.3866,0.7467,0.8113,-0.3913,-1.7355,-0.5406,-0.0632,2.0788,1.4388,1.4087,-0.8813,-1.0837
-1.866,0.8311,-1.0375,0.3368,0.9584,0.829,-0.0122,-1.8113,-0.5895,0.4678,1.5514,1.6198,1.28,-0.3992,-0.989
-1.8896,0.535,-0.7765,0.2487,0.6601,0.7368,-0.1938,-1.6386,-0.4076,-0.0242,1.5617,1.4635,1.4356,-0.3774,-1.0293
-1.9569,-0.3712,-0.7064,0.4932,0.7087,1.012,0.0584,-1.3353,-0.4141,-0.2609,1.6648,1.1461,1.2654,-0.1656,-1.1272
-1.7457,0.1784,-0.532,0.665,0.7792,0.4436,-0.0617,-1.0826,-0.2625,0.1437,1.6298,0.8923,0.8995,-0.4283,-1.2816
-1.6361,0.2467,-0.3005,0.3619,0.7624,0.618,-0.1128,-1.232,-0.4917,0.0302,1.8254,0.2328,0.9421,-0.9893,-1.099
-1.631,0.1021,-0.2974,0.2362,0.817,0.6133,0.1083,-0.8946,-0.4406,0.0431,1.8429,0.6998,0.8587,-1.2122,-0.9004
-1.9018,0.2363,-0.3841,0.1309,0.5804,0.9848,0.0299,-0.7603,-0.5429,0.088,1.799,0.7289,1.0567,-1.2022,-0.6751
-1.9029,0.013,-0.1673,0.211,0.628,0.899,0.1144,-0.6502,-0.4284,-0.1297,1.8132,1.3695,1.1636,-1.0155,-0.7941
-1.8232,0.2614,-0.1008,0.3441,0.9898,0.6897,-0.0382,-0.8484,-0.6653,0.1592,1.999,1.5322,1.1447,-0.854,-0.7925
-1.9567,0.4643,-0.1422,0.4049,1.0621,0.7112,-0.0301,-1.2637,-1.1677,0.4678,2.014,0.9916,1.2958,-0.5772,-0.3127
-2.3484,0.2248,-0.6448,-0.3091,0.9692,0.9508,-0.1003,-1.55,-1.2745,0.4771,0.6869,1.1273,1.5427,-0.3845,-0.81
-1.87,-0.3782,-0.7184,0.0095,0.876,0.7026,-0.1033,-1.0938,-0.518,0.4437,1.3912,0.7585,1.3596,-0.1329,-0.8142
-1.9712,0.0468,-1.2616,0.4625,0.9996,1.2194,-0.2847,-1.8552,-0.8652,0.7343,1.1136,0.5619,1.4711,-0.4297,-0.8539
-1.5944,0.0401,-1.2648,0.444,0.7098,1.4642,-0.2197,-1.7199,-0.4169,0.7066,1.093,0.5169,1.1333,-0.2006,-0.8489
-1.8199,0.4658,-1.3523,0.2465,0.5801,0.9819,-0.0646,-1.5398,-0.1538,0.5101,0.9317,0.4875,1.0758,-0.1817,-1.1041
-2.5547,0.411,-1.3216,0.2533,0.5266,1.2699,-0.0193,-1.5897,-0.1339,0.0071,0.7051,0.2561,1.48,-0.5401,-1.6628
-2.2912,0.31,-1.2342,0.4056,0.6237,1.0954,0.1212,-1.3316,0.2352,-0.6542,0.8982,-0.0067,1.214,-0.6287,-1.7195
-2.2802,0.5396,-1.2173,0.4404,0.6998,1.4153,0.3005,-1.2155,0.0945,-0.5568,0.9954,-0.207,1.5415,-0.6756,-1.8022
-1.9886,2.3972,-1.2173,-0.2225,0.6207,1.3225,0.4857,-1.2343,0.2532,-0.4118,0.8226,-0.2597,1.7002,-1.0435,-1.7975
-2.0651,0.5328,-0.765,0.2226,0.4939,1.3398,0.5815,-1.3393,0.5109,-1.4301,0.9088,-0.1122,1.4076,-1.1053,-2.0968
-1.9809,0.2352,-0.5796,-0.0328,0.7472,1.9684,0.5082,-1.3865,0.1569,-0.7232,0.8059,-0.0351,1.7376,-0.9426,-1.9803
-2.0222,0.2448,-0.6371,0.1576,0.4707,1.1607,0.5195,-1.0305,0.1673,-0.355,1.3562,-0.1096,1.7171,-1.5051,-1.7342
-1.7653,0.3129,-0.4044,0.2509,0.3646,1.1125,0.3345,-0.7942,0.1764,-0.1397,1.7026,0.6827,1.9189,-1.4303,-1.3177
-1.8985,0.2673,-0.3535,0.3247,0.4404,1.1664,0.302,-1.099,-0.275,-0.0252,1.6998,0.5569,1.5707,-1.5335,-1.0817
-1.853,0.4653,-0.3781,0.5398,0.4145,1.2758,-0.0272,-1.1553,-0.3969,0.095,1.7603,1.0128,1.516,-1.4418,-0.8922
-1.7088,0.3412,-0.0579,0.5077,0.3506,0.8919,0.0339,-1.0516,-0.4247,0.3253,1.8118,1.0212,1.359,-1.06,-1.189
-2.0917,0.3413,-0.4997,0.6522,0.6716,0.5865,0.1861,-1.1317,-0.6004,0.5043,1.788,1.0769,1.1935,-1.0712,-0.6366
-1.8802,0.236,-0.6388,0.592,0.7386,0.7799,0.1611,-1.1268,-0.535,0.9286,1.7295,0.9096,1.0329,-0.3618,-0.2036
-1.8283,0.18,-0.4307,0.6651,0.6003,0.3634,0.3004,-1.3833,-0.51,1.0981,1.9147,0.8762,1.3303,-0.1918,-0.0615
-1.6123,0.8393,-0.7832,0.5419,0.5137,0.3428,0.3302,-1.6757,-0.5042,1.2212,1.6603,1.2864,1.2583,-0.1407,0.0539
-1.8599,0.376,-0.7509,0.3952,0.2888,0.3935,0.1178,-1.5346,-0.4733,0.9262,1.5918,0.5869,1.3116,0.1467,0.0426
-1.6912,0.0562,-0.3263,0.6358,0.0713,0.1591,0.2441,-1.9561,-0.5322,0.7556,1.3736,0.6249,1.2875,0.4271,-0.2934
-1.843,0.4197,-0.6709,0.5171,-0.0243,0.3331,0.2664,-1.9824,-0.6188,0.9891,1.4682,0.7302,1.7026,0.4916,0.2237
-1.7132,0.009,-0.0892,0.5683,0.0395,0.3375,0.296,-2.1996,-0.3419,0.8022,1.8711,0.6408,1.7858,0.7335,0.1604
-1.8645,0.3689,-0.8862,0.6378,0.2969,0.4413,0.0213,-2.4902,-0.5459,1.2306,1.5973,0.5716,1.8571,1.1697,0.2706
-1.8728,0.3524,-1.2415,0.5215,0.1406,0.1834,-0.0458,-2.7141,-0.4759,1.3046,1.2717,0.4456,1.7904,0.8191,0.0906
-1.958,-0.0714,-1.5403,0.6254,0.0527,0.4133,-0.0036,-2.6028,-0.0721,1.255,1.3227,0.6357,1.773,1.1826,-0.2091
-1.929,0.0952,-1.8434,0.6446,-0.3093,0.7535,-0.4612,-3.1225,-0.2127,1.2372,1.3509,0.2131,1.6426,0.9982,-0.3709
-1.721,0.0397,-2.2299,0.4982,-0.4679,0.9631,-0.1336,-3.2228,0.0457,1.1051,1.2507,0.1278,1.6058,1.2012,-0.6995
-1.9534,-0.024,-2.3577,0.2475,-0.4752,1.3439,-0.0795,-3.1908,0.3204,0.7902,0.5532,-0.0753,2.044,1.2431,-0.9569
-1.9113,-0.4747,-2.3292,0.4881,-0.6563,1.0062,-0.2116,-3.0723,0.6247,0.2643,0.5728,0.0969,2.3667,0.9775,-1.314
-1.9253,-0.2241,-2.0403,0.4345,-0.6893,0.99,-0.1015,-2.9165,0.6517,0.276,0.6036,-0.2613,1.8698,1.0582,-1.3181
-1.9988,-0.3241,-2.1146,0.5782,-0.5328,0.9957,-0.3055,-2.8535,0.4376,-0.2283,0.544,-0.7169,1.1127,1.1046,-1.8619
-1.7174,-0.506,-2.1026,0.6816,-0.3762,0.4786,-0.383,-2.1946,0.7372,-0.016,0.5251,-0.5538,1.4418,1.1855,-2.0877
-2.0467,-0.3305,-1.7821,0.4659,-0.34,0.79,-0.7348,-2.221,0.7918,0.2584,0.8474,-0.2897,1.6234,0.6768,-2.1448
-1.8788,0.4981,-1.6076,0.3857,-0.1712,0.9111,-0.637,-2.3128,0.4684,0.1296,1.0953,0.0778,1.4191,0.0047,-2.0389
-1.7794,-0.0162,-1.69,0.3294,0.3971,0.9104,-0.5021,-1.9599,0.6142,-0.0431,1.6563,0.2506,1.2525,0.0512,-1.6965
-1.8565,0.4073,-1.3779,0.4267,0.1215,1.4357,-0.4071,-2.2258,0.3256,0.4722,1.7311,0.4104,1.0963,-0.1725,-1.3229
-1.1542,0.4257,-0.7642,0.2586,0.1486,1.3542,-0.4708,-2.1049,0.1644,0.585,1.3975,0.742,1.1441,-0.2723,-1.1906
-1.5673,0.2714,-0.9621,0.4672,0.0414,1.4287,-0.1503,-1.9531,-0.3294,1.0608,1.306,0.8193,1.1538,-0.3635,-0.993
-1.7579,0.0116,-1.02,0.444,-0.0697,1.2405,0.0905,-1.7329,-0.361,0.9458,1.5678,0.6175,1.0092,-0.1094,-0.7459
-2.0265,0.5261,-0.8171,0.1713,-0.3585,0.6678,-0.01,-1.6372,-0.2831,0.8476,1.5134,0.6936,1.147,-0.0165,-0.4705
-1.8019,0.539,-0.612,0.1024,-0.3745,0.7404,-0.2347,-1.6468,-0.1449,0.0646,1.3845,1.1391,1.1103,0.4674,-0.7786
-1.9103,0.3611,-0.7398,0.2235,-0.1568,0.8696,-0.2436,-1.8454,-0.4124,0.1707,1.4338,1.1398,1.1619,0.0254,-0.8982
-1.6832,0.1152,-0.6008,0.3043,-0.1547,1.0166,-0.0015,-1.6209,-0.1875,-0.0025,1.5293,0.7911,1.5524,-0.0099,-0.9699
-1.1204,0.3619,-0.2146,0.0613,-0.1552,0.446,0.0064,-1.149,0.0759,0.2754,1.5049,0.7658,1.2338,0.1156,-0.7662
-1.5852,0.8133,-0.089,-0.0742,0.2245,0.2288,0.0938,-1.1427,-0.4114,0.6607,1.5985,0.8077,1.3869,-0.1965,-0.4683
-1.7401,0.8512,0.2673,0.0022,0.2157,0.2281,0.1645,-1.1057,-0.455,0.4793,1.6551,0.7866,1.2187,-0.4743,-0.3829
-2.0225,0.9622,-0.1103,-0.2342,0.3179,0.8907,0.1235,-1.5553,-0.816,0.4543,1.6434,0.6758,1.3469,-0.2256,-0.1394
-1.6919,0.6036,-0.439,-0.0274,0.1443,0.7342,0.1885,-1.5284,-0.6265,0.4818,1.6366,1.1138,1.3707,-0.1344,-0.1313
-1.9885,0.5439,-0.777,0.1595,0.1885,1.0524,0.1425,-1.7289,-0.5777,0.6313,1.6143,0.7969,1.23,-0.0733,0.1225
-2.0266,0.6516,-1.1356,-0.0001,0.1685,0.6541,0.1727,-1.7742,-0.4863,0.7316,1.1825,0.9601,0.9877,0.1262,-0.1463
-1.6002,-0.1768,-0.776,0.1985,-0.2821,0.4782,0.3866,-1.4417,-0.1679,0.2664,1.1271,0.5717,1.1365,0.6068,-0.3427
-1.8728,0.4518,-0.6789,0.2134,-0.0191,0.6937,0.265,-1.622,-0.2658,0.6882,1.3339,0.2785,1.3341,0.1637,-0.2955
-1.8732,0.6001,-0.7054,0.4582,-0.2785,1.0372,0.2123,-1.7805,-0.2542,0.6094,1.3836,0.5561,1.7814,0.4962,-0.1652
-1.8297,0.3945,-0.8379,0.2457,-0.3683,0.928,0.1362,-2.228,-0.6075,0.3799,1.4833,0.5243,1.9712,0.2101,-0.2843
-1.8878,0.0741,-1.0737,0.2744,-0.4521,0.7816,-0.002,-2.2122,-0.3548,0.0917,1.6509,0.7169,1.8206,0.9011,-0.1387
-1.9678,0.5719,-1.7986,0.296,-0.8546,0.6491,-0.1571,-2.3937,-0.3733,0.0365,1.2452,0.4258,1.6476,1.2362,-0.2126
-1.8653,0.0282,-1.9825,0.5825,-0.9425,0.682,-0.136,-2.6214,0.0773,-0.5421,1.1105,0.2012,1.3661,1.4657,-0.7022
-1.918,0.3551,-2.1479,0.5508,-0.5583,0.453,-0.2208,-2.49,0.352,-0.3375,0.7436,0.2718,1.7075,1.6026,-1.0303
-1.8746,0.3001,-1.9062,0.2279,-0.2868,0.5378,-0.5282,-2.8569,0.129,-0.3521,0.6626,0.161,1.5875,1.2674,-1.5216
-1.9394,0.2548,-2.3417,0.0939,-0.399,0.9004,-0.4757,-2.4078,0.3352,-0.3037,0.5799,0.1359,0.9315,1.3474,-1.7813
-1.624,0.1886,-2.1905,0.2827,-0.3769,0.9129,-0.5542,-2.1078,0.5854,-0.5241,0.4296,-0.1564,0.4528,0.9377,-2.0437
-2.0904,-0.1677,-1.7292,0.3933,-0.2953,1.1418,-0.3363,-1.6123,0.7636,-0.6408,0.5499,-0.805,0.7394,0.6104,-2.0432
-1.6058,0.0401,-1.3254,0.408,-0.0894,0.8058,-0.5053,-1.3839,0.6529,-0.633,0.9121,-0.1064,0.9407,0.522,-1.9472
-1.7476,0.5327,-1.0548,0.4735,-0.0176,0.6703,-0.4245,-1.3232,0.3147,-0.175,1.2447,0.1035,0.7791,0.3747,-1.5479
-2.0981,0.8835,-0.8946,0.4421,-0.0116,0.5604,-0.3343,-1.529,0.3665,-0.5441,1.2128,-0.0924,0.8062,0.0641,-1.4588
-1.6941,0.6683,-0.5439,0.717,0.3123,0.2879,-0.3779,-1.1898,0.1113,-0.5829,1.0167,0.1229,0.5858,-0.1169,-1.6099
-1.6316,0.332,-0.6697,0.8883,0.4734,0.4749,-0.4772,-0.9256,-0.2324,-0.1344,1.5314,-0.173,0.6721,-0.6665,-1.4894
-1.6584,0.5567,-0.8264,0.624,0.46,0.1669,-0.4719,-0.5905,-0.2036,0.0167,1.4784,-0.3561,0.702,-0.7794,-1.1108
-1.6597,0.5351,-0.5555,0.4912,0.5187,0.5028,-0.4058,-0.5092,-0.2065,0.0098,2.0289,-0.208,0.5117,-0.9962,-0.9416
-2.1186,0.7533,-0.4208,0.3642,0.7755,0.6196,-0.4456,-0.5595,-0.4442,0.3727,1.8957,0.7407,0.8363,-0.813,-0.5791
-1.791,0.9202,-0.2748,0.1629,0.8587,0.51,-0.1003,-0.8638,-0.7478,0.5714,1.5928,0.9598,0.9977,-1.0574,-0.3378
-1.774,0.5662,-0.4243,0.2118,0.7876,0.2325,0.0334,-0.5123,-0.7841,0.8891,2.3359,0.632,1.0386,-1.1003,0.2741
-1.5912,0.9197,-0.2652,0.1472,0.6133,0.2556,-0.2897,-0.6275,-0.7606,0.8407,1.9401,1.127,1.5067,-1.183,0.1394
-1.8404,0.8774,-0.2044,0.334,0.5052,0.343,-0.033,-0.6914,-0.9022,0.7959,1.738,1.2323,0.9639,-1.214,0.2325
-1.9369,0.3723,-0.7125,0.4922,0.3825,0.4899,-0.0395,-0.5961,-0.8201,0.3701,2.0545,0.9223,0.3835,-0.8949,0.0894
-1.7542,0.7049,-0.9018,0.4945,0.3431,0.6463,0.2875,-0.667,-0.682,0.328,2.1267,0.6282,1.0961,-0.4517,0.2206
-1.6828,1.1028,-0.9977,0.2486,0.4012,0.3353,0.206,-0.8342,-0.4849,0.3203,1.4655,0.8988,0.9455,-0.5184,0.2948
-1.7774,0.8346,-0.5979,0.1828,0.1487,1.0014,0.1719,-1.0492,-0.2242,0.2732,1.2729,0.8718,1.336,-0.5259,0.0333
-1.8226,0.3313,-0.5931,0.3459,0.4296,0.5144,0.004,-1.1253,-0.4902,0.2825,1.6515,0.2503,1.6508,-0.3505,0.0147
-2.0007,0.4889,-0.7515,0.3644,0.6431,0.8479,-0.4866,-1.5118,-0.6948,0.8714,1.5873,0.0563,1.5577,-0.2575,0.3157
-2.059,0.7138,-1.3008,0.2509,0.7307,1.206,-0.5614,-1.7984,-1.2019,1.0299,1.6499,-0.2546,1.497,0.4155,0.0697
-1.8446,0.2583,-1.5494,0.478,0.4017,0.9648,-0.3755,-2.1753,-0.6157,1.0032,1.5638,0.6199,1.5034,0.572,0.0635
-1.6977,0.34,-1.648,0.4262,0.1962,0.612,-0.2861,-2.2446,-0.3217,1.1154,1.3216,0.564,2.2077,0.8051,0.2931
-1.8521,0.5499,-1.5232,0.3383,-0.0361,0.967,-0.4521,-2.4145,-0.3148,1.1003,1.1348,0.9692,2.0672,1.202,0.2118
-1.9906,0.405,-2.135,0.489,-0.1801,1.1203,-0.3481,-2.5449,0.0979,0.6243,0.9903,0.6173,1.6711,1.6347,-0.067
-1.7488,-0.0745,-2.2947,0.6029,-0.2117,0.9685,-0.4236,-3.154,0.0966,0.4087,0.8497,-0.056,2.0295,1.9303,-0.3797
-1.7897,-0.7341,-2.5429,0.8634,0.0343,0.5798,-0.4729,-3.1994,0.1183,0.7786,0.8373,-2.0151,1.8919,1.6646,-0.4548
-1.4335,-0.239,-2.7181,0.9337,-0.0343,0.4275,-0.1043,-2.8227,1.044,1.0061,0.7667,-1.5408,1.7424,1.8836,-0.356
-1.6405,-0.2411,-2.3579,0.908,-0.2921,0.5429,0.1994,-2.6583,1.0458,0.8891,0.649,-0.9673,1.9551,1.64,-0.3677
-1.7651,-0.1096,-2.238,0.9616,-0.8343,0.4859,-0.1219,-2.3927,1.1782,0.2068,0.8091,-0.6789,2.2712,1.8479,-0.5443
-1.809,0.0925,-1.9111,0.6681,-0.7702,1.1355,-0.2605,-3.1217,0.5989,-0.2708,0.8349,-0.6945,2.3895,1.2133,-0.8233
-1.8119,0.156,-2.1994,0.6204,-0.3932,0.963,-0.377,-2.9175,1.0735,-0.5081,0.7887,-0.5135,2.1999,0.9934,-0.9724
-1.8239,0.0406,-2.2508,0.5304,0.0512,1.1209,-0.3447,-2.967,0.7548,-0.1706,0.9746,-0.4451,1.904,0.6534,-1.1258
-1.8297,0.2969,-2.2,0.6847,-0.0995,1.1878,-0.3069,-2.5431,1.0505,-0.1201,1.241,-0.3577,1.8484,0.5059,-1.1068
-1.9321,0.1351,-2.1173,0.3831,-0.3112,1.3895,-0.248,-2.4206,1.0586,-0.5481,0.9879,0.1883,1.681,0.28,-1.1953
-1.7161,0.3568,-2.0095,0.2744,-0.1644,0.8116,-0.3765,-2.2662,0.9665,-0.7025,1.3541,-0.1652,1.8595,0.4131,-1.0634
-1.5913,0.6776,-1.7855,0.2777,0.0053,1.247,-0.4354,-2.3825,0.6676,-0.5848,1.4775,-0.0224,1.7847,-0.0486,-1.0376
-1.6483,0.3768,-1.838,0.2733,0.5245,0.8334,-0.4951,-2.2326,0.7275,-0.3562,1.2254,0.1833,1.7463,-0.1246,-0.9727
-1.5052,0.6441,-1.8315,0.1406,0.4463,0.7866,-0.4344,-1.913,0.7162,0.3703,1.0946,0.0554,1.5795,0.1873,-0.7445
-1.4172,1.0711,-1.6853,0.1538,0.1252,0.6104,-0.4475,-1.9572,0.5055,0.1463,1.1838,0.5841,1.826,0.0135,-0.4923
-1.8541,1.2573,-1.1077,0.107,0.3626,0.5971,-0.4651,-2.0343,0.4118,0.0463,1.2881,0.1027,1.8167,0.2856,-0.5007
-1.1837,1.5577,-0.8787,0.0525,0.5593,0.2838,-0.3429,-1.9626,0.2559,0.1452,1.2431,0.2938,1.5992,0.1259,-0.5706
-1.6984,1.0532,-1.0192,0.0739,0.2333,0.6697,-0.2941,-1.6988,-0.0377,0.3813,0.8331,0.1501,1.6232,0.2553,-0.685
-1.7606,0.9501,-1.3808,0.1964,0.4699,0.7679,-0.349,-1.5231,0.0066,0.3785,0.8578,0.1305,1.764,-0.0451,-0.8496
-1.8508,0.9458,-1.0736,0.194,0.3723,0.7315,-0.0116,-1.3446,0.2035,0.3972,1.0309,-0.1144,2.0445,-0.256,-0.7385
-1.9778,0.5976,-1.0702,0.231,0.3895,0.7325,-0.1469,-1.2871,0.2027,0.1662,1.204,-0.2799,2.2847,-0.9178,-0.6527
-1.7761,0.8267,-0.519,0.127,0.6909,0.9528,-0.136,-1.1926,0.0441,0.7963,1.2068,-0.229,1.6341,-0.5024,-0.5411
-1.8742,0.9883,-0.9765,0.1795,0.9458,0.6845,-0.1347,-1.0146,-0.2167,1.1905,1.6573,-0.0734,1.6778,-0.4552,0.0471
-2.0374,1.159,-0.8808,0.104,0.7573,1.2172,-0.3269,-1.3406,-0.1376,1.2772,1.5483,-0.0471,1.4814,-0.4984,0.448
-1.8888,1.2964,-1.2065,0.0784,1.146,1.2179,-0.2278,-1.5756,-0.1483,1.3903,1.3539,-0.1493,1.8341,-1.0385,0.6422
-1.6154,0.9571,-1.208,0.2561,0.8705,0.7953,-0.0941,-1.0253,0.2558,1.2854,1.3807,-0.4949,1.9039,-0.8954,0.3584
-1.8656,0.9815,-0.7335,0.2376,0.4934,0.6793,-0.2454,-0.8988,0.2216,1.467,1.0992,-0.4366,1.9488,-0.8838,0.348
-1.8461,0.9482,-0.7112,0.208,0.5822,0.5287,-0.456,-0.8643,-0.0974,1.2522,1.3048,-0.0264,1.7897,-0.8336,0.2122
-1.7638,1.0736,-0.5608,0.0959,0.5735,0.558,-0.3518,-0.8797,-0.3651,1.2833,1.4131,-0.0275,2.3215,-0.4212,0.267
-1.6796,0.947,0.0181,0.3116,0.719,0.3308,-0.4225,-1.1199,-0.4866,1.4602,1.9991,0.3316,2.1424,-0.2328,0.6273
-1.6958,1.2811,-0.1641,0.186,0.711,0.1508,-0.462,-1.4076,-0.9668,1.9482,1.9153,0.8459,2.0612,-0.5542,0.5287
-1.7683,1.4396,-0.6141,-0.3062,0.6436,-0.1525,-0.2827,-1.334,-1.0584,1.9453,1.4136,0.7391,1.8525,-0.2194,0.9798
-2.0486,0.9161,-0.8522,-0.0515,0.8146,0.0766,-0.2138,-1.3533,-0.7711,1.9316,1.1165,0.724,1.9177,0.5328,0.9051
-1.8391,1.043,-0.9243,-0.2302,0.6639,0.0792,-0.1015,-1.5623,-0.6526,2.2178,0.8823,0.5702,2.5949,0.3503,0.9386
-2.1749,1.1418,-1.2863,0.1056,0.5688,0.2069,-0.1836,-1.8243,-0.5391,2.0692,0.8929,0.3466,2.6164,0.7621,0.9361
-1.9685,0.5642,-1.5432,0.1113,0.4405,0.2041,-0.2674,-2.0984,-0.5037,1.8145,0.4961,0.6755,2.4867,0.9082,0.9303
-2.0703,1.0536,-1.7681,0.1712,0.5412,0.3366,-0.5975,-2.1114,-0.4294,1.9079,0.7119,0.2471,2.4208,1.2926,0.8001
-2.4722,0.8365,-1.8989,0.3126,0.5116,0.5164,-0.7293,-2.2402,-0.0972,1.6299,0.6819,0.3602,2.7096,1.1876,0.5516
-2.0738,0.419,-2.0478,0.3808,0.4448,0.6227,-0.769,-2.3429,-0.0834,1.4162,-0.0061,0.2297,1.9138,1.1306,0.0221
-2.0239,0.5135,-2.0116,0.3611,0.5364,0.3433,-0.905,-1.5284,0.2738,1.2821,-0.0534,0.1188,1.3922,0.9069,-0.3105
-1.81,0.4155,-1.3927,0.2833,0.2424,0.2739,-0.5732,-1.1391,0.4328,0.9071,1.1473,-0.9073,1.2064,0.1958,-0.1665
-2.0652,0.6525,-0.9776,0.3656,0.2103,0.2245,-0.6985,-1.106,0.2098,0.8664,1.5143,-0.2379,0.9418,0.4379,-0.5872
-2.0417,0.8829,-0.5949,0.1033,0.4842,0.1658,-0.7408,-0.8313,-0.0194,0.5682,1.54,-0.0786,1.5452,0.687,-0.3056
-1.9838,0.8439,-0.1128,0.2148,0.8108,0.2028,-0.6693,-1.084,-0.3899,0.6305,1.5573,-0.0896,1.5235,0.1315,-0.4521
-2.1739,0.8803,-0.4749,0.3458,0.6265,0.3174,-0.5429,-1.1795,-0.6726,0.8559,1.9054,0.331,1.5583,-0.1914,-0.0356
-2.1903,0.6836,-0.7152,0.1924,0.7321,0.3167,-0.2819,-1.0092,-0.3981,0.8613,1.6903,0.5753,1.4184,-0.37,0.3156
-2.2046,0.8833,-0.679,0.1934,1.237,0.3023,-0.7993,-1.2167,-0.3964,1.4662,1.5112,0.6347,2.3269,-0.3323,0.5456
-2.1929,1.3071,-0.9212,0.1475,0.8784,0.5297,-0.5519,-1.5754,-0.6436,1.7759,1.2079,0.8881,1.7466,-0.3771,0.2756
-2.3968,0.7898,-1.5926,0.5127,0.4487,0.5299,-0.5268,-1.1747,-0.0945,1.2209,1.3444,0.8477,1.6973,-0.1103,0.2319
-2.0629,0.8953,-1.1283,0.4519,0.5378,0.2818,-0.4401,-1.0159,0.1367,1.1165,1.1933,0.5948,1.2748,-0.0224,0.1985
-2.1693,0.787,-0.6118,0.3482,0.6548,0.4609,-0.4547,-1.0057,0.1015,1.0689,1.4239,0.3449,1.0603,-0.3176,0.1745
-2.4662,0.8215,-0.6448,0.3455,0.829,0.9188,-0.5752,-0.9059,-0.1326,1.1686,1.3478,0.5548,1.2739,-0.2166,0.0234
-2.4446,0.7415,-0.5919,0.389,0.7867,0.82,-0.7758,-0.6417,-0.1473,0.8244,2.0989,0.5143,1.2813,-0.9499,0.2383
-2.5419,0.6209,-0.3433,0.3092,0.9689,0.8012,-0.8006,-0.9408,-0.4448,1.1327,2.2111,1.3214,0.6229,-0.8575,0.5365
-2.1389,0.9714,-0.5934,0.3949,0.6969,0.7198,-0.081,-0.5805,-0.3535,1.2412,2.3771,1.4959,1.0384,-0.6685,0.7527
-2.2437,0.8602,-0.1931,0.194,0.7467,0.4853,-0.2797,-0.831,-0.5363,1.3027,2.0557,1.2393,1.1588,-0.2607,0.8027
-2.1605,1.023,-0.0655,0.143,0.8844,0.3654,-0.3711,-0.9672,-0.6615,1.4913,2.1347,1.447,1.5532,-0.2077,0.8806
-1.91,1.2915,-0.6578,0.1379,0.9358,0.1917,-0.5559,-0.9601,-0.996,1.6665,1.6889,1.164,1.5503,0.0693,0.6835
-2.1265,1.7728,-0.5324,0.0982,0.6934,0.3705,-0.5907,-1.1398,-0.7272,1.6233,1.569,1.8212,1.8032,0.1711,0.8375
-1.7812,1.1893,-0.4764,0.207,0.4908,0.2242,-0.3389,-1.5245,-0.6448,1.3701,1.972,1.4724,1.9106,0.2417,1.2428
-1.9887,1.0966,-0.4331,0.2866,0.6737,0.0775,-0.3995,-1.7303,-0.6491,1.6812,1.6633,1.8747,2.0385,0.2969,0.954
-2.0441,1.0103,-0.9344,-0.0019,0.7627,0.6421,-0.3818,-2.1245,-0.6359,1.9234,1.6531,1.6392,1.8869,0.2864,0.9425
-1.9683,1.0046,-1.2866,0.0703,0.7354,0.7611,-0.3523,-2.3387,-0.5317,1.5835,1.3207,1.3097,2.3777,0.613,0.9093
-1.9011,0.9347,-1.6383,0.1795,0.3219,0.7319,-0.4304,-2.3849,-0.2699,1.4152,0.991,0.7221,2.5574,1.209,0.4855
-1.9582,0.5483,-1.6785,0.3078,0.4637,0.56,-0.4264,-2.4756,-0.016,1.2591,0.6702,0.3832,2.474,0.964,0.2292
-2.0591,0.5184,-1.1741,0.5695,0.017,0.2495,-0.1525,-2.3641,0.3498,1.5048,0.7433,-0.0811,2.5481,0.6065,0.1395
-2.0483,0.5943,-1.4732,0.5383,0.1952,0.299,-0.2531,-2.2897,0.5016,1.0765,1.4264,0.39,2.6026,0.6951,0.2208
-2.5034,1.1854,-1.9171,0.5001,0.4512,0.9428,-0.4901,-3.0867,-0.1054,1.354,1.2245,0.6768,3.0907,0.867,0.2515
-2.5423,0.7533,-2.5256,0.3656,0.437,1.043,-0.4867,-3.4706,-0.198,1.2395,0.6813,0.3822,2.7848,1.1982,0.1876
-2.3306,0.4241,-3.2642,0.468,0.3109,0.8758,-0.1355,-3.4675,0.4486,1.7522,0.3292,0.2594,2.4231,1.521,-0.1622
-2.1013,0.0584,-2.9744,0.4577,-0.0429,0.8641,-0.4498,-3.143,1.1103,1.2017,-0.1254,0.1548,2.9119,1.8401,-0.4156
-2.2008,-0.2876,-2.6339,0.6566,-0.1136,0.5904,-0.5827,-2.9164,1.1808,1.0372,-0.0736,-0.4152,2.4655,1.6459,-0.7588
-2.1276,-0.5474,-2.3564,0.6584,-0.1295,0.6246,-0.6814,-3.1354,0.7629,1.2597,0.3224,-0.4623,2.4233,1.0677,-0.8886
-2.1251,-0.2504,-2.1398,0.7324,-0.3188,0.4242,-0.9086,-2.6182,0.9257,0.9728,0.4278,-0.9916,2.0623,1.3641,-0.8875
-2.0568,-0.1731,-1.6959,0.5702,-0.1412,0.4932,-1.0203,-2.26,1.0781,0.8068,0.5339,-1.0332,1.8981,1.5103,-1.1399
-2.1682,-0.0478,-1.4396,0.4266,0.0025,0.523,-0.9014,-2.1086,0.8212,0.7012,0.6752,-0.7805,1.8802,0.9445,-1.1607
-2.349,0.0656,-1.2243,0.3914,0.2073,0.4914,-1.0066,-1.8866,0.6181,0.3884,0.7083,-0.22,2.0895,0.6559,-1.1956
-2.4101,0.4455,-1.021,0.4145,0.5785,0.7156,-0.9756,-2.0752,0.3773,0.5756,0.8149,-0.2656,1.6015,0.0242,-1.3998
-2.0795,0.3059,-0.9372,0.4414,0.6071,0.7215,-0.6899,-1.5772,0.4465,0.4646,1.0081,-0.4463,1.7266,0.3567,-1.3468
-2.0464,0.1329,-0.4264,0.4613,0.8593,1.2279,-0.4256,-1.8664,0.3543,0.8202,0.9623,0.037,2.3932,0.5846,-1.34
-2.0178,0.2418,-1.2374,0.5592,1.1872,1.2662,-0.3274,-2.4035,-0.211,1.3201,1.0966,0.0191,2.6413,0.1431,-0.8005
-2.1064,0.4279,-1.6089,0.3661,0.8726,1.2066,-0.2134,-2.6812,-0.052,1.6851,0.8657,0.1949,2.5463,0.1802,-0.437
-1.9944,0.2846,-1.5206,0.2417,0.7579,0.9273,-0.302,-2.3114,0.4836,1.5189,0.3057,0.1662,2.6204,0.6073,-0.541
-2.1292,0.1559,-1.3194,0.304,0.6746,1.0669,-0.3083,-2.4823,0.3293,1.4579,0.0174,-0.1363,2.1676,-0.1476,-0.6079
-1.7293,0.1249,-1.2138,0.2739,0.6707,1.2366,-0.4686,-1.9968,0.5506,1.3793,0.5185,-0.4121,2.1779,0.0625,-0.3268
-2.0521,0.4402,-0.7115,0.4839,0.65,1.0229,-0.5383,-1.9025,0.5547,1.3137,0.5856,-0.1845,2.0563,-0.0233,-0.2147
-1.786,0.2972,-0.6103,0.3806,0.5864,0.8045,-1.1358,-2.0342,0.221,0.8681,0.6618,-0.0319,2.119,-0.006,-0.4352
-1.9672,0.3972,-0.7366,0.4191,0.8731,0.734,-1.0827,-1.6943,0.1798,0.7518,0.4064,-0.0255,1.2965,-0.1598,-0.6846
-2.3546,0.3389,-0.8348,0.4717,1.0697,0.7351,-0.8354,-1.1087,0.3038,0.7283,0.4929,-0.4094,1.0718,-0.0752,-0.881
-2.2668,-0.0661,-0.367,0.642,1.1063,1.0614,-0.922,-0.997,0.4174,0.733,0.9805,-0.0929,1.0858,-1.1125,-0.8458
-2.3995,0.2105,-0.1428,0.6445,1.125,1.0533,-0.7165,-0.8391,0.2027,0.8787,1.1021,0.2208,1.7692,-1.1614,-1.1994
-1.8528,0.6299,-0.1734,0.5302,1.1612,0.7441,-0.4751,-0.5848,0.0529,0.966,1.3424,0.6791,1.3632,-1.5992,-0.9119
-1.9382,0.5948,0.2361,0.1835,0.8945,0.7055,-0.5326,-0.3372,-0.0816,0.6819,1.4192,0.8379,0.908,-1.1558,-0.7122
-2.1173,0.4629,0.6306,0.2881,0.5607,0.2838,-0.1299,-0.2802,-0.2882,0.2347,1.8711,0.7099,0.9285,-1.5193,-0.4735
-1.8249,0.6644,0.603,0.3033,0.8327,0.3704,-0.0112,-0.2424,-0.3716,0.3544,1.7767,1.0532,1.1958,-1.4464,-0.225
-2.2067,0.7081,0.5613,0.087,1.2205,0.7714,-0.1288,-0.6301,-0.7611,0.8457,1.6418,1.0212,1.3035,-1.4571,0.1149
-2.1747,0.8338,0.532,0.2474,1.3317,0.447,-0.151,-0.7966,-0.7672,0.9945,1.6649,1.0001,1.2575,-1.4615,0.9215
-2.3094,0.9279,0.5564,0.2569,1.3793,0.6511,0.0855,-0.7086,-0.7951,1.4496,1.5358,1.1889,1.5236,-1.2768,0.9144
-2.2282,0.4188,0.8504,0.1559,1.4404,0.8932,-0.2749,-0.9264,-0.8432,1.521,1.515,1.1388,1.7837,-1.7039,0.9082
-2.1555,0.8171,0.5008,0.0696,1.5964,0.8303,-0.3173,-0.8319,-0.988,1.9727,1.3847,0.9964,1.5329,-2.4104,0.8004
-2.0675,0.6625,0.5035,0.1343,1.4152,0.7886,-0.1236,-0.5311,-0.5808,1.7972,1.5999,0.9044,1.6818,-1.7467,0.943
-2.3633,0.646,0.2473,0.2807,1.0722,1.2591,-0.1589,-0.8366,-0.8904,1.7019,1.4958,0.7248,2.0016,-1.1828,0.9725
-1.9408,0.7009,0.3295,0.2127,1.1959,0.8165,-0.2618,-1.1228,-0.8007,1.4949,1.4916,0.6506,2.0058,-1.0196,0.7459
-1.8529,1.5567,0.0646,0.2175,1.2596,0.5087,-0.2081,-1.1763,-0.8318,1.63,1.7444,0.4642,1.4567,-0.6411,0.7427
-1.98,1.5564,-0.1077,0.0,1.5879,0.1977,-0.1371,-1.238,-0.5662,1.5782,1.3895,0.5154,1.8169,-1.0332,0.7409
-2.1163,1.2728,-0.0893,0.0598,1.3133,0.4109,-0.1067,-0.9786,-0.1958,1.4341,1.2615,0.5649,1.6347,-0.7519,0.5889
-2.1812,1.8341,-0.0649,-0.1212,1.2391,0.4747,0.0916,-0.899,-0.154,2.3014,1.2376,0.2299,1.5276,-0.0498,0.8478
-2.0634,1.0447,0.6575,0.1309,0.9228,0.7293,-0.0326,-1.5676,-0.1918,1.1721,1.5281,0.5397,1.9193,-0.3298,0.7621
-2.5457,0.2574,0.0327,0.323,1.2461,0.8404,0.1779,-1.796,-0.6825,1.2964,1.5784,1.1058,2.1157,-0.0109,0.7385
-2.5737,-0.1094,-0.1704,0.5715,1.3087,0.8382,0.2164,-2.115,-0.6511,1.9662,1.5752,1.0692,2.4346,0.2449,1.2177
-2.4033,0.3609,-0.7949,0.8992,1.2335,0.6962,0.2435,-2.5596,-0.8253,2.5438,1.3109,1.0667,2.3335,0.9157,1.5641
-2.196,0.9897,-1.3626,0.2739,1.0482,0.6065,0.2523,-2.8402,-0.5241,2.5691,1.3005,1.1655,2.6123,0.7931,1.704
-2.2834,0.5694,-1.6697,0.2473,0.7223,0.3805,0.0898,-2.9019,-0.067,2.2421,0.4489,1.0155,2.5542,1.2105,1.3391
-2.2927,0.5041,-1.6056,0.4218,0.7821,0.6802,-0.2156,-2.7528,0.4652,1.7918,0.4969,0.4338,2.0377,1.195,0.8812
-2.1775,0.2735,-1.6295,0.3675,0.8397,0.5556,-0.3189,-2.5361,0.7472,1.5905,0.5225,0.3095,1.9829,0.9297,0.5036
-2.4984,0.0832,-1.7704,0.5479,0.8816,0.4596,-0.4483,-2.4424,0.9596,1.4319,0.6026,-0.0071,1.6272,1.0015,0.4517
-2.3822,-0.0074,-1.1896,0.5525,0.944,0.283,-0.3748,-1.9154,1.1295,1.2444,0.6538,0.061,1.5721,0.6633,-0.1098
-2.4898,0.2434,-0.8128,0.535,1.1694,0.518,-0.2144,-1.9261,0.5809,1.3635,0.77,-0.1683,1.5537,0.1721,-0.0921
-2.5571,0.2219,-0.7139,0.4267,1.0365,0.4525,-0.2289,-1.8048,0.373,1.5093,0.9046,0.0885,1.1605,-0.1136,0.1247
-2.3434,0.4037,-0.6961,0.3548,0.8548,0.7129,-0.0454,-1.8025,0.1421,1.2511,0.7549,-0.2161,1.5955,-0.2972,-0.1687
-2.4462,1.1517,-0.8114,0.384,1.3453,0.0832,-0.1918,-1.3748,0.396,1.0923,0.9372,0.0532,1.7555,-0.5441,-0.2569
-2.2817,0.5401,-0.251,0.4241,1.4203,0.1178,-0.1349,-1.1611,0.5751,0.9228,1.0144,0.2411,1.3381,-0.7596,-0.0125
-2.3422,0.7604,-0.0559,0.2071,1.3781,0.159,-0.3217,-1.0444,0.4604,1.0959,1.2607,0.3483,0.8529,-1.3115,0.423
-2.3975,0.6492,-0.0111,0.2815,1.6368,0.2736,-0.2104,-0.8066,0.1345,1.1587,1.6988,0.3539,0.7874,-1.6418,0.6
-2.0814,0.3691,0.0423,0.5498,1.7182,0.2713,-0.2282,-0.6592,0.1088,1.5083,1.6957,0.7399,0.8062,-1.3732,0.8756
-2.4355,0.9333,0.6044,0.5396,1.5673,0.511,-0.6561,-0.8206,-0.3864,1.7333,1.8827,0.6342,1.1178,-1.3467,1.2307
-2.3399,1.0544,0.7861,0.3621,1.6674,0.3882,-0.589,-1.0204,-0.684,1.3058,1.9666,1.2374,0.9228,-1.1542,1.0817
-1.982,0.7791,0.4767,0.3753,1.9168,0.2318,-0.5255,-1.1631,-0.8884,1.582,2.0683,1.0826,1.1396,-1.2305,1.9634
-2.0987,0.9545,0.436,0.4424,1.8183,0.8736,-0.3463,-1.5929,-1.1074,2.6086,2.0585,0.9996,1.8459,-0.5163,2.1181
-2.2096,1.3321,-0.3106,0.3875,1.7808,0.4566,-0.0921,-1.9281,-0.8285,2.4755,1.7697,2.2663,2.0393,-0.7862,1.7679
-1.9619,1.2419,-0.3249,0.2122,1.4473,0.4994,0.1832,-1.9347,-0.5992,1.8849,1.5126,2.097,1.9172,-0.1213,1.578
-1.9302,1.0375,-0.47,0.1109,1.4394,0.5459,0.1667,-2.3007,-0.6753,2.1871,1.2521,1.814,1.901,0.587,1.5626
-1.9287,1.1973,-0.7445,0.1571,1.3653,0.7127,0.2218,-2.8557,-0.8601,2.3079,1.1808,1.1714,2.428,1.0723,1.4562
-1.8446,0.6406,-1.3858,0.3667,1.1931,0.558,-0.0291,-3.1505,-0.6653,2.263,1.3904,1.0445,2.6658,1.1818,1.6339
-2.0031,1.252,-1.9548,0.2208,1.2191,0.372,-0.1139,-3.5736,-0.3139,2.5277,0.7332,0.9966,2.8702,1.671,1.4644
-2.0486,1.1254,-2.344,0.0723,0.888,0.1742,-0.1312,-3.9112,0.036,2.1902,0.3814,0.6737,3.3474,1.786,1.1798
-1.5924,0.2255,-2.2402,0.3469,0.7098,0.1596,-0.168,-4.2109,0.3615,1.7601,0.3667,0.1646,2.5204,1.7436,0.8948
-1.9235,0.2857,-2.1608,0.0244,0.7187,0.09,-0.3412,-3.798,0.8549,2.1343,0.1444,0.0074,2.7187,2.059,0.8639
-2.0039,0.2507,-2.1403,0.3528,1.4171,0.3501,-0.4491,-3.8828,1.1901,2.172,0.0053,-0.3476,2.6431,1.7038,0.6333
-1.99,0.2885,-2.2975,0.4465,0.9396,-0.1286,-0.3175,-3.6365,1.0311,2.1577,0.0447,-0.8406,2.8801,1.2823,0.4672
-1.8556,0.1892,-2.2677,0.7737,0.8502,-0.4616,-0.3788,-3.2808,1.5279,1.6991,0.4152,-0.596,2.5372,1.6688,0.3642
-2.0015,0.4726,-1.8505,0.6332,0.7713,-0.327,-0.4761,-3.2715,1.2033,1.5902,0.5546,-0.5716,2.6848,0.9488,0.35
-1.9421,0.508,-1.5689,0.1254,0.8115,-0.1226,-0.433,-3.067,1.0863,1.2535,0.8588,-0.6769,2.4821,0.4259,0.2988
-1.9993,0.9536,-1.0343,0.0394,0.9736,0.7855,-0.3902,-3.3378,0.7429,1.3532,0.7543,-0.7912,2.5843,0.5424,0.3237
-2.0229,1.2593,-1.6899,0.1082,1.1494,0.6372,-0.5017,-3.4785,0.4743,1.6335,0.4075,-0.2765,2.3521,0.5632,0.3876
-2.0288,0.4853,-2.1402,0.3706,1.2314,0.5095,-0.3301,-3.0662,0.6502,1.5169,0.0638,-0.0421,2.4954,0.7013,0.0488
-1.9371,0.4961,-1.8369,0.5268,1.3962,1.0717,-0.314,-3.0285,0.9703,1.6938,0.3278,-0.3504,1.8044,0.529,0.1294
-1.6632,0.6251,-1.9529,0.4916,1.217,0.2531,0.0944,-2.2951,1.1957,1.934,0.511,-0.8675,2.4289,0.2924,0.414
-1.915,0.8908,-1.2171,0.3726,0.7253,0.0018,-0.0811,-2.1145,1.087,1.8666,0.7575,-0.7066,1.7763,0.1871,0.7475
-1.9122,0.9981,-0.9313,0.2444,0.6571,0.1636,-0.191,-2.1521,0.8129,1.4548,1.0698,-0.4548,1.9611,0.6223,0.5607
-1.6239,1.1414,-0.6787,0.1927,0.7479,0.036,-0.2369,-2.4432,0.462,1.2398,1.0879,-0.6699,2.0831,0.9649,0.3678
-1.9403,1.6458,-1.0116,-0.1198,0.762,0.0801,-0.3537,-2.7304,0.1576,1.2416,1.0365,-0.2195,1.9119,1.0337,0.3707
-1.9298,0.9997,-1.3237,-0.0968,0.8998,0.0062,-0.2577,-2.8952,0.1772,1.0958,0.825,-0.0735,1.9015,1.154,0.2307
-1.8827,0.7417,-1.5865,0.1188,0.8084,-0.0269,-0.439,-2.8723,0.5788,1.2479,0.721,-0.9213,1.9865,1.2896,0.208
-2.125,1.1043,-1.5413,-0.0075,0.8816,0.0551,-0.538,-3.03,0.5869,1.4308,0.6672,-0.5253,1.9197,1.4423,0.185
-1.8585,1.262,-1.6343,0.1637,0.9595,0.4497,-0.0538,-3.2568,0.4993,1.3446,0.5588,-0.7692,2.1849,1.2112,-0.0735
-1.2143,1.2519,-1.9268,0.1128,0.9134,0.0106,0.0563,-2.9497,0.7582,1.3821,0.6681,-0.4854,1.7502,0.7577,0.0153
-1.5529,0.7948,-1.706,0.2842,1.123,-0.0757,0.207,-2.3324,1.1147,1.7059,0.4752,-0.7002,2.2604,0.8254,0.346
-1.4698,1.2228,-0.9766,0.1162,0.8865,-0.1165,0.0662,-2.1495,0.982,1.7722,0.7941,-0.7006,1.3959,0.505,0.5084
-0.6988,1.3788,-0.6297,-0.245,1.0844,-0.6075,0.0658,-1.8269,0.5715,1.5557,0.92,-0.2732,1.8255,1.0196,0.7415
-1.4054,1.5198,-0.223,-0.1408,1.2114,-0.46,-0.3032,-2.1236,0.2493,1.6518,0.9488,-0.1856,2.7545,1.028,0.8449
-1.7936,1.6355,-0.6211,-0.1097,1.3179,-0.4411,-0.4523,-2.8002,-0.5656,1.9684,1.784,-0.6469,2.4471,0.6388,1.4192
-1.6464,1.7624,-1.0852,-0.1336,1.3845,-0.3972,-0.5376,-3.0778,-0.1508,2.1341,1.7765,-0.4127,2.1317,1.1215,1.7319
-1.6898,1.5677,-1.3309,0.2997,1.3318,-0.6357,-0.1602,-3.2271,0.1673,2.2847,1.6412,0.3951,2.0953,1.4807,1.8071
-1.8155,1.0726,-1.6933,0.2306,1.0816,-0.6497,-0.2886,-3.2673,0.284,2.1679,1.2893,0.3734,2.2537,1.4638,1.718
-1.9072,1.886,-1.768,0.0603,0.7167,-0.2377,-0.3721,-3.607,0.2754,2.0938,0.888,0.4889,1.8828,1.7462,1.5895
-1.6717,1.0654,-1.8785,0.135,0.5529,-0.1478,-0.3896,-3.5984,0.5914,1.4426,0.9316,0.3477,1.7685,2.3544,1.0793
-1.6537,0.7918,-2.1246,-0.1461,0.811,-0.0311,-0.3797,-3.4996,0.5665,1.4568,0.7032,0.0685,1.8748,2.3364,0.7625
-1.9168,0.8637,-2.5503,-0.4534,0.5852,0.2225,-0.1802,-3.6737,0.7519,1.791,0.486,-0.0223,2.0899,2.2429,0.7009
-1.9203,1.0119,-2.4795,-0.0122,0.2707,0.6821,-0.3892,-4.094,0.9802,1.3343,-0.4151,-0.0253,2.3911,2.254,0.2372
-1.8219,0.4687,-2.5858,0.2264,0.26,0.6626,-0.5157,-3.9615,1.2083,0.7811,-0.7194,-0.6115,2.2025,2.2121,-0.4334
-1.5571,0.1934,-2.1812,0.3264,0.5655,-0.2044,-0.4865,-3.3024,1.6531,0.9445,-0.1451,-0.897,2.2183,2.1755,-0.6723
-1.1459,0.3531,-1.442,0.4076,0.6089,-0.0531,-0.631,-3.0386,1.6198,1.1971,-0.1155,-1.7678,1.3705,1.6451,-0.7205
-1.6449,0.6907,-1.1746,0.2497,1.0163,-0.3112,-0.6143,-2.3806,1.5134,1.4619,0.5283,-1.8586,1.7936,1.4836,-0.5634
-1.6804,0.7807,-0.8221,0.4233,0.9256,-0.3363,-0.5053,-2.7253,1.0331,1.4714,1.0045,-1.3049,1.3178,0.6112,0.2977
-1.706,1.3986,-1.3754,0.3465,1.0007,-0.4627,-0.435,-2.1736,0.9848,1.4202,0.9431,-0.6757,1.2944,0.5772,0.2554
-1.6428,1.2229,-0.9989,0.3195,0.745,-0.6431,-0.2313,-1.6587,1.1139,1.0635,1.0064,-0.3322,1.3933,0.0005,0.2359
-1.7763,1.0054,-0.3638,0.1116,0.8578,-0.5671,-0.2813,-1.5561,0.7102,0.825,0.7938,-0.0648,1.0023,-0.4847,0.0393
-1.7529,0.8238,-0.3827,0.1494,1.0158,-0.4264,-0.4258,-1.2347,0.6185,0.9309,1.1212,-0.194,1.8275,-0.552,0.0782
-1.6892,1.3671,0.1026,0.0588,1.2403,0.0498,-0.4283,-1.3324,0.114,1.5085,1.469,0.0624,0.9987,-1.1765,0.2219
-1.6257,1.6894,-0.1366,0.0022,1.4,-0.4786,-0.5825,-0.6992,0.0752,1.3005,1.6831,0.441,0.9394,-0.6048,0.4018
-1.5343,1.6288,0.2486,0.1078,1.2622,-0.5001,-0.3082,-0.6914,-0.1794,1.0415,1.4853,0.2763,0.4541,-0.6725,0.6007
-1.6325,1.3562,0.2518,0.1739,1.4524,-0.249,-0.0994,-0.5591,-0.4213,1.1521,1.193,0.259,0.7781,-1.2674,0.6633
-1.6074,1.5094,0.1394,0.198,1.6615,-0.2373,-0.2044,-0.3371,-0.2893,1.5448,1.5157,0.2556,0.263,-0.9734,1.0036
-1.3171,1.687,0.9999,0.1708,1.8328,-0.3624,-0.3172,-0.7925,-0.4972,1.7782,1.9372,0.3374,1.9228,-1.2826,1.4244
-1.3842,1.4998,0.7843,0.2186,1.8136,-0.8181,-0.2097,-1.0151,-0.8747,2.1374,2.0472,1.0226,0.7659,-1.2706,1.866
-1.9598,1.7739,0.4216,0.2848,2.2478,-0.4055,0.0071,-1.0978,-1.1275,2.8997,1.9454,1.012,0.1059,-0.5687,2.4501
-1.9014,1.8012,0.4301,0.0205,2.0653,-0.3361,0.3479,-1.1344,-0.9456,2.9392,1.4264,1.1291,0.2633,-0.6552,2.4727
-1.8751,1.6641,-0.0476,-0.2421,1.711,-0.3846,0.1721,-1.306,-0.8162,2.724,1.1538,1.4236,0.5131,0.0154,2.4924
-2.1514,1.3589,0.0597,0.0797,1.4622,-0.1097,0.1273,-1.672,-0.2447,2.4052,0.8994,1.3249,0.8041,0.303,2.212
-1.6866,1.3558,0.1056,0.3492,1.5608,-0.7035,0.1297,-1.6618,-0.436,2.2121,1.5168,0.6481,1.1381,-0.0758,2.3056
-2.1174,1.5702,-0.2861,0.2961,1.5605,-0.194,0.1427,-1.9871,-0.6839,2.5989,1.4593,0.4447,1.2485,-0.0138,2.3793
-1.9884,1.4512,-0.5241,0.4037,1.4606,-0.3069,0.1604,-2.0997,-0.3651,2.4707,1.2236,0.4847,1.2833,-0.2776,2.2831
-2.1551,1.3009,-1.0439,0.0981,1.1776,-0.4015,0.0602,-1.8798,0.0323,2.3492,1.0668,1.0238,0.9245,-1.4522,2.0784
-2.2055,1.3844,-0.9958,0.2132,1.1568,0.0459,-0.2817,-1.2545,0.393,1.8777,0.929,0.848,0.6039,-0.7587,1.6754
-2.2762,1.1234,-0.32,0.2428,1.2904,0.2745,-0.3345,-1.0013,0.4623,1.3938,1.1247,0.1991,0.6292,-0.9349,1.1731
-2.219,1.0951,-0.1106,0.3606,1.3973,0.4068,-0.2645,-1.1363,0.0442,1.3247,1.3028,0.2324,0.5458,-1.334,1.0868
-2.0949,1.3799,-0.1597,-0.0032,1.5968,0.1422,-0.2717,-0.8096,0.1198,1.5009,1.4498,0.0198,0.4516,-1.3238,1.0545
-1.737,1.0795,0.4713,0.0714,1.6433,-0.1688,0.0169,-0.6804,0.2056,1.4146,1.6593,0.0188,0.4066,-1.1934,1.0849
-2.0479,1.4387,0.5893,0.1609,1.5299,-0.099,0.1379,-0.8405,-0.3904,1.9399,2.102,0.6344,0.9314,-1.2988,1.7027
-2.3777,1.7924,0.8598,0.2156,1.5377,-0.1879,0.0565,-1.1648,-0.6443,1.9392,2.272,0.663,0.9429,-1.234,2.131
-1.7323,1.9053,0.7967,-0.0157,1.2537,-0.4176,-0.1031,-1.5824,-1.0296,1.8279,1.817,1.1608,0.9644,-0.9503,2.1107
-2.0301,1.6766,0.039,-0.1426,1.5672,0.0637,-0.305,-1.8567,-0.9791,2.0048,1.3564,1.6507,0.9266,-0.1103,1.9972
-2.2979,1.6109,-0.2584,-0.0548,1.8362,0.2249,-0.2597,-2.3566,-1.056,2.3675,1.2798,1.4459,0.7088,0.2615,2.0194
-2.2978,1.2869,-0.86,0.0635,2.0095,0.3596,-0.4564,-3.0728,-1.0231,2.6856,1.0415,1.2507,-0.0621,0.3875,2.0655
-2.2153,1.1265,-1.5033,0.1027,1.6753,0.3519,-0.9208,-2.7718,-0.3403,2.7529,0.9832,1.0749,0.3361,0.793,2.1094
-2.1531,1.1339,-1.3109,0.1827,1.0319,0.4553,-0.6341,-2.8493,-0.1682,2.6119,0.6403,0.8695,1.0628,0.6787,2.0238
-1.9175,1.4141,-1.1549,0.0712,1.0002,0.1648,-0.645,-2.7818,0.0433,1.9498,0.7696,0.4747,1.145,1.2907,1.469
-1.832,0.872,-1.0016,0.3121,0.8735,-0.1727,-0.6062,-3.0202,-0.0279,1.6392,0.988,-0.0098,1.0546,1.2373,1.3513
-1.7831,1.4868,-1.2097,0.1686,0.8772,0.0746,-0.633,-3.3045,-0.0789,2.0146,0.967,0.4059,1.0778,1.3972,1.4239
-1.809,1.1801,-1.5341,0.1038,1.0057,-0.3461,-0.5161,-3.2222,0.1273,1.716,0.7669,0.5039,1.1822,1.2487,1.1844
-2.1219,0.9681,-2.0075,0.122,1.0259,0.0584,-0.5545,-3.3937,0.3062,1.7554,0.6519,-0.0636,1.2383,1.2974,1.1265
-1.981,0.8551,-2.0685,0.4959,0.8278,-0.0148,-0.5802,-3.2419,0.7944,1.5625,0.633,-0.1898,0.8871,1.4163,0.8493
-2.1151,0.7909,-1.9956,0.4312,0.9573,0.129,-0.5638,-3.2937,0.6727,1.5714,0.6789,-0.4155,0.9726,1.1541,0.8462
-2.0031,0.5807,-1.8886,0.4967,0.8255,0.0387,-0.811,-3.1641,0.7822,1.3382,0.6441,0.3656,1.1018,1.0472,0.7495
-2.111,0.5748,-1.6545,0.596,0.8939,0.1672,-0.7838,-3.1785,0.7589,1.5171,0.4772,0.2401,1.164,1.0696,0.5591
-2.2157,0.7825,-1.8094,0.7473,0.8255,-0.1635,-0.6885,-3.2623,0.3959,1.5415,0.5984,-0.2788,1.1492,0.9703,0.5164
-2.0935,0.9221,-1.8783,0.6041,0.6075,0.071,-0.6434,-3.0333,0.6414,1.2291,0.3668,-0.3707,1.2261,1.0984,0.4295
-2.1678,0.9977,-2.0355,0.4008,0.6116,-0.1956,-0.6037,-2.9058,0.7559,1.1329,0.4351,-0.7946,1.2269,1.1069,0.1897
-1.9923,0.8765,-1.6586,0.5685,0.6893,-0.309,-0.7869,-2.8184,0.9746,0.7323,0.5744,-0.8362,0.7183,0.5824,0.0159
-2.167,0.6562,-1.3374,0.7959,0.9782,0.3845,-0.8936,-3.0098,0.7889,1.3463,0.8233,-0.6317,0.5429,1.0888,0.119
-2.1108,0.4481,-1.2263,0.9632,1.05,0.5975,-0.7348,-3.1602,0.2166,1.4421,0.9618,-0.7433,0.5537,0.9245,0.3474
-1.9673,1.493,-1.1606,0.6102,1.1022,0.1943,-0.7815,-2.8492,0.4452,1.5858,0.9562,-0.32,0.4902,0.4847,0.4242
-2.1856,1.3399,-1.5409,0.7923,1.226,-0.1847,-0.6911,-2.3374,0.5757,1.3982,0.8885,0.1054,0.9982,0.6859,0.2222
-2.2933,1.0441,-1.4961,0.5516,1.0204,0.0507,-0.6956,-2.6879,0.1575,1.1349,0.6532,0.0202,0.2639,0.2597,0.0476
-2.2088,1.0627,-1.2904,0.8315,1.011,0.4649,-0.4946,-2.3991,0.3232,1.2472,1.0156,0.2213,0.7574,0.1561,0.3975
-1.9873,1.0456,-1.0251,0.6303,1.1791,0.1069,-0.7513,-2.4044,0.2463,1.313,1.1519,0.4295,1.0697,0.3936,0.4733
-2.301,0.9739,-1.1976,0.4561,1.1831,0.3762,-0.8903,-2.8834,-0.0909,1.6431,1.2549,-0.0328,0.6072,0.3907,0.4668
-2.16,1.0212,-1.421,0.1774,0.9395,0.2224,-0.711,-2.8912,0.0962,1.4655,1.0227,0.1421,1.0683,0.4954,0.0722
-2.5804,0.6113,-1.5717,0.3361,1.283,0.2738,-0.6678,-3.0906,0.2123,1.0846,0.8144,0.1315,1.0861,0.2,0.0087
-2.1394,0.4833,-1.8047,0.4014,1.3853,0.2361,-0.7725,-2.7794,0.4424,1.5052,0.7595,0.2031,1.0698,0.6053,0.1815
-2.1156,-0.275,-1.8132,0.7055,1.4473,0.1173,-0.4491,-2.9913,0.4461,2.0164,0.6442,0.4565,0.7238,0.1779,0.2047
-2.3641,0.371,-2.0944,0.5592,1.3969,-0.2355,-0.4009,-2.4448,0.7081,2.576,0.8493,0.2019,0.7978,0.8622,0.3346
-2.3102,0.6412,-1.6952,0.2949,1.0557,-0.1457,-0.3557,-2.4597,0.6601,1.9632,0.4847,0.1102,0.2422,0.4825,0.2919
-2.191,0.3626,-1.3265,0.4518,1.0039,0.3183,-0.5092,-2.3446,0.6695,1.2529,0.8643,0.3452,0.5028,0.1075,0.3579
-1.8013,0.5767,-0.5871,0.5269,1.2118,0.2618,-0.307,-2.1829,0.6368,1.3706,1.0665,0.1012,0.1916,0.1655,0.2709
-1.7162,0.8622,-0.5536,0.4389,1.3387,-0.2689,-0.2779,-1.8968,0.052,1.6918,1.3687,0.2783,0.1346,0.0887,0.5107
-1.9174,0.8972,-0.3752,0.3341,1.3638,-0.347,-0.3705,-1.7339,-0.0949,1.819,1.9157,-0.0507,-0.407,0.1754,0.8998
-1.9437,0.9985,0.1204,0.3451,1.4988,-0.1221,-0.4087,-1.7841,0.0528,1.774,2.0256,-0.0924,0.142,0.099,1.0278
-2.0771,1.4323,-0.4669,0.0624,1.5909,0.055,-0.5578,-2.1453,-0.3141,1.9787,1.8346,0.3243,0.1685,-0.6078,0.829
-1.9365,1.7423,-0.492,0.0687,1.7629,0.0006,-0.7179,-1.7156,0.0137,1.8625,1.6974,0.6417,-0.1917,0.1894,0.8736
-2.3107,1.867,-0.4576,-0.112,2.6759,0.2118,-0.5449,-2.3114,-0.2958,2.1598,1.0018,0.7626,-0.132,-0.1459,0.7605
-2.1327,1.1334,0.17,0.0039,2.5404,0.1721,-0.1672,-1.9231,-0.0766,2.7218,1.5487,0.6191,0.2533,-0.5169,0.9466
-2.341,1.0096,-0.3234,0.2679,2.0063,0.1554,0.0464,-1.8655,-0.4223,2.9915,1.6229,0.5077,-0.0092,-0.5684,1.2425
-2.1305,1.1209,0.0012,0.236,1.8408,0.0002,-0.165,-1.6923,-0.2684,2.7403,1.7085,0.2993,0.6978,-0.37,1.438
-2.0504,1.2712,0.4329,-0.0564,1.6353,0.1028,-0.1797,-2.3098,-0.5332,2.8184,1.7564,0.2593,0.614,-0.1714,1.7521
-2.3646,1.1246,-0.1617,0.0733,1.7521,0.1549,-0.3911,-2.4801,-0.6132,2.7978,1.3258,-0.0105,0.4515,0.152,1.4084
-2.2751,1.1004,-0.4536,0.3563,1.6705,-0.2889,-0.3448,-2.4685,-0.279,2.8329,1.1467,0.4932,0.3485,0.256,1.5079
-2.09,0.8253,-0.3673,0.5425,1.5249,-0.3294,-0.293,-2.3773,-0.2134,2.762,1.5422,0.1529,-0.3297,0.6462,1.5271
-1.9427,1.8988,-0.191,0.4682,1.4129,-0.5247,-0.2656,-2.2059,-0.2182,2.8216,1.6613,-0.0209,0.221,0.4399,1.6245
-1.9646,1.7182,-0.2559,0.3803,1.6331,-0.0492,-0.3521,-2.4619,-0.3241,2.4467,1.2587,0.1758,0.3588,-0.2621,1.5201
-1.816,1.1117,-0.4929,0.5226,1.6613,-0.0843,-0.2888,-2.3174,-0.1223,2.6127,1.7918,-0.024,0.5079,0.4429,1.9523
-2.0644,1.7411,-0.5453,0.5802,2.029,0.0467,-0.2575,-2.9072,-0.3209,3.1184,1.7335,-0.0012,1.4146,0.8198,1.9481
-2.2229,0.7155,-1.2041,0.3495,1.5339,0.5666,-0.2966,-3.8819,-0.7938,3.1178,1.1425,0.2182,1.4853,1.0456,1.619
-2.0332,0.8205,-1.8279,0.5932,1.486,0.8623,-0.3709,-4.2099,-0.2566,3.2081,0.8441,0.0971,1.9059,1.8219,1.3956
-2.7244,0.8284,-2.1425,0.6583,1.6356,-0.2007,-0.3637,-4.3607,0.0929,3.2208,0.94,-0.1529,2.0558,1.805,1.3612
-2.5741,0.8961,-2.4862,0.8551,1.2401,0.3498,-0.354,-4.7962,0.1908,2.7905,0.5578,-0.3184,1.582,1.7445,1.183
-2.2098,0.8112,-2.6685,0.8219,0.8723,0.2188,-0.4119,-4.4475,0.5835,2.5068,0.1643,-0.4801,1.6376,1.7097,0.7239
-1.9831,0.2319,-2.6574,1.0443,0.5687,0.1662,-0.4006,-4.1402,0.8232,2.1212,0.153,-1.1788,1.243,1.4144,0.3855
-1.9971,0.6376,-2.3533,1.045,0.7194,0.5144,-0.5882,-3.6861,1.214,2.0302,0.554,-1.2374,1.1394,1.6918,0.0906
-2.0333,0.5289,-1.6328,0.9558,0.8376,0.2971,-0.7998,-3.6917,1.0014,1.687,0.6376,-1.2026,0.8232,1.1767,-0.2352
-2.0937,0.8272,-1.8314,0.9048,1.0321,0.3611,-0.7833,-3.308,0.564,1.597,0.711,-0.919,0.9896,0.518,-0.2929
-2.2631,1.01,-1.6853,1.0159,1.2066,0.6258,-0.8452,-3.2443,0.658,1.5427,0.508,-0.8934,0.6903,0.4336,-0.6934
-1.69,0.8628,-1.4491,0.7628,1.2459,0.3459,-0.9115,-2.8597,0.7908,1.4791,1.0153,-1.2238,0.7815,-0.019,-0.5105
-1.8197,1.1467,-0.8789,0.7755,1.3828,0.1223,-0.9737,-2.4196,0.7247,1.7026,0.8913,-1.044,0.5485,-0.8939,-0.405
-1.8627,1.3134,-0.2354,0.7485,1.2699,-0.0203,-1.0287,-1.6741,0.6971,1.5959,1.4356,-0.916,-0.1036,-0.977,-0.2867
-2.1972,1.0906,-0.1821,0.7416,1.7065,0.3815,-1.2189,-1.292,0.3892,1.65,1.2401,-0.6076,-0.4386,-1.2917,-0.1154
-1.796,1.2184,0.4065,0.561,1.7174,0.0506,-0.9705,-0.6386,0.2824,1.6349,1.7693,-0.4139,-0.3971,-1.7241,-0.0425
-2.1803,1.4881,0.6467,0.4469,1.7345,0.1405,-0.8263,-0.3853,-0.14,1.7092,1.9108,-0.0434,-0.5138,-2.0232,0.3189
-1.9589,1.738,1.0693,0.4363,2.0954,0.0373,-0.689,-0.1432,-0.1944,1.7458,1.9688,0.4647,-0.9145,-2.3725,0.4665
-2.0534,1.7562,1.29,0.527,2.0864,0.0076,-0.5239,0.0068,-0.4228,1.7898,2.2828,1.0411,-0.9419,-2.4136,0.7796
-2.1483,1.979,1.8324,0.421,2.3975,-0.1556,-0.3965,0.3144,-0.7202,1.9673,2.4346,1.1035,-0.5481,-2.4169,0.89
-2.1997,2.5407,2.5281,0.3018,1.7143,-0.0851,-0.5018,0.3828,-1.1728,1.8386,3.0637,1.4714,-0.5231,-2.5106,1.2241
-2.3376,2.5009,1.9922,0.3318,2.4468,-0.1734,-0.7858,0.0125,-1.9466,1.5864,3.393,1.5263,-1.184,-2.2832,1.5861
-2.1985,2.5471,1.7399,-0.0747,2.5904,0.169,-0.3597,-0.3303,-2.0234,2.0383,3.2348,1.9859,-1.3147,-1.9644,1.7335
-2.0694,2.4899,1.7319,-0.3135,2.73,-0.019,-0.0839,-0.4788,-1.7878,2.7234,2.9248,2.0689,-0.4746,-1.7207,2.0889
-2.2012,1.7976,1.422,-0.0689,2.9115,-0.4397,-0.16,-1.0061,-2.0765,3.1822,2.6301,1.8002,-0.0747,-1.6361,2.2913
-2.0686,2.0052,0.7817,-0.0466,2.7246,-0.4931,-0.1844,-1.1498,-1.6565,3.7075,2.505,1.248,0.0404,-1.3256,2.7434
-2.0658,1.791,0.3016,-0.2747,2.4526,-0.3564,-0.1742,-1.5682,-1.3837,3.8485,2.1866,1.6658,0.371,-1.1227,2.9389
-2.2278,1.5968,-0.2587,0.0532,2.0337,-0.1724,-0.1657,-1.6038,-1.0904,3.5676,1.5133,1.3162,0.5577,-0.6621,2.6843
-1.7347,1.1554,-0.3382,0.4772,1.7314,-0.1138,-0.2884,-1.8125,-0.6286,3.0051,1.7614,0.9256,0.5178,-0.5898,2.6184
-2.1345,1.3741,-0.1172,0.4765,1.6582,-0.0678,-0.2898,-1.9565,-0.3041,3.004,1.6815,0.4863,0.3981,-0.3085,2.2514
-2.1888,1.4271,0.1347,0.4314,1.8255,-0.0493,-0.2684,-2.1536,-0.4411,2.7348,1.6958,0.5767,0.2641,-0.4609,1.8805
-1.7668,1.3507,0.143,0.4151,1.6414,-0.122,-0.4316,-1.8902,-0.5665,2.5362,1.482,0.8202,0.5262,-0.171,1.5855
-1.9041,1.0296,0.2587,0.6666,1.884,-0.4323,-0.5124,-2.0711,-0.6127,2.9452,1.9951,0.5822,0.1018,0.0638,1.5868
-2.192,1.3423,0.4705,0.5493,1.8142,-0.4197,-0.2495,-2.1331,-0.572,3.0887,2.1059,0.6968,0.0617,-0.2552,1.7777
-2.1922,1.7126,-0.3178,0.4311,1.9103,-0.3462,-0.3087,-2.2621,-0.8653,2.8892,1.817,0.558,0.3482,-0.4583,1.8202
-1.855,1.5417,-0.4806,0.1792,1.6855,-0.0076,-0.4531,-2.5077,-0.6532,2.3972,1.8924,1.209,0.5807,-0.2034,1.8169
-2.1005,1.4228,-0.3916,0.2741,1.6905,-0.008,-0.5058,-2.7467,-0.304,2.4597,1.5228,1.0556,0.2154,0.0437,1.7133
-2.3297,1.4108,-0.3048,0.5026,1.5647,0.1528,-0.3672,-2.3969,-0.0532,2.4572,1.4654,1.1758,0.4735,-0.1489,1.2524
-2.175,1.0233,0.0918,0.5574,1.5294,0.3347,-0.6006,-2.6329,-0.2222,2.0965,1.4783,0.8335,0.4611,-0.2187,1.0395
-2.3324,1.1495,0.1594,0.7341,1.677,-0.152,-0.5302,-2.4599,-0.3735,2.382,1.8604,0.6529,0.7357,0.2978,0.9159
-2.4299,0.231,-0.0936,1.2514,1.8422,-0.0331,-0.9752,-2.9646,-0.8102,2.4033,2.3329,0.8497,1.1151,0.4714,1.098
-2.5585,0.6101,-0.7882,1.2208,1.5133,-0.035,-0.8982,-3.6262,-0.9287,3.0141,2.3094,0.6864,0.7366,0.5617,1.4263
-2.2629,1.2871,-0.8913,1.0268,1.3877,-0.1401,-0.8798,-3.6735,-0.3924,2.931,1.8593,0.7757,0.9576,1.1297,1.4271
-2.5747,1.4687,-1.1618,0.8263,1.4297,0.3151,-0.9801,-4.1934,-0.3967,2.7104,1.3979,0.5014,1.7094,1.2846,1.109
-2.7582,1.4153,-1.7939,0.9256,1.3246,0.7218,-1.0542,-5.0054,-0.6226,2.426,1.0975,0.1007,1.4519,1.5209,0.6627
-2.3728,0.9552,-2.2592,1.0317,1.3748,0.8485,-0.9128,-4.8603,0.337,2.0369,0.5977,0.1323,1.0568,2.0689,0.0022
-2.2338,0.5456,-2.6851,1.1198,1.1422,0.4638,-0.8885,-4.302,0.8964,1.93,0.3955,-1.1532,0.8368,1.8324,-0.3414
-2.3669,0.7034,-2.5399,1.0982,0.954,0.5196,-0.7593,-4.2133,1.1044,1.6737,0.3317,-1.1895,0.8534,0.7361,-0.7749
-1.9485,1.3624,-2.0351,1.0468,0.8759,0.5549,-0.6397,-3.451,1.5842,1.3722,0.3738,-0.9715,0.6875,0.3311,-0.9246
-2.1299,1.3249,-1.2393,1.0978,1.1338,0.1046,-0.5718,-2.7628,1.4202,0.9457,0.4197,-0.8681,0.4217,0.0754,-1.46
-1.5922,1.1645,-0.3011,1.1848,1.3013,-0.1865,-0.6487,-2.324,1.0353,0.9967,0.761,-0.7321,0.4141,-0.8072,-1.4337
-1.9408,1.7993,0.0902,0.9053,1.3412,-0.3458,-0.8122,-1.4763,0.7939,1.2917,1.7107,-0.7683,0.016,-0.9099,-0.9372
-2.1665,1.2997,0.5641,0.9088,2.1982,-0.6072,-0.6766,-1.2323,0.2856,1.2715,1.8883,0.2021,-0.034,-1.1929,-0.818
-2.3016,1.022,0.6761,0.9724,2.6229,-0.2521,-0.2561,-0.669,0.1252,2.0582,2.1759,0.4764,-0.0635,-1.2601,-0.319
-2.2302,1.6568,1.9222,0.825,2.4927,0.0047,-0.1048,-1.0745,-0.4953,2.6623,2.1464,0.8026,-0.1795,-1.9775,0.3583
-2.3306,1.9106,1.2472,0.6776,2.5562,0.3216,-0.1122,-0.9239,-0.9818,3.1052,2.5669,1.0047,0.002,-2.271,0.9787
-2.6486,1.7008,1.0415,0.7126,2.4649,0.5888,-0.0359,-1.207,-1.1351,3.1239,2.7028,1.2763,-0.1427,-2.1731,1.4229
-2.2824,1.7454,0.9343,0.3973,2.1666,0.4013,0.1572,-1.2994,-1.088,3.1248,2.5271,1.6221,-0.0368,-1.827,1.7003
-1.9974,2.1268,1.0288,0.61,2.1313,0.5388,-0.1203,-1.7294,-0.9783,2.9783,2.6168,1.2036,0.0616,-1.198,1.7025
-2.1735,2.0282,0.8189,0.4677,1.8951,0.5511,-0.1571,-1.9825,-0.9189,2.9853,2.2928,1.6311,-0.3487,-0.7699,1.6506
-2.188,1.5765,0.4578,0.4263,1.6425,0.7444,-0.2174,-2.2362,-0.8818,2.8629,1.9511,1.4575,-0.274,-0.873,1.4801
-2.3218,1.1695,0.3457,0.6442,1.6442,0.8712,-0.3537,-2.5011,-0.5072,2.6549,1.8021,1.4115,-0.0485,0.0002,1.1058
-2.3451,1.1717,0.1484,0.73,1.6664,0.6638,-0.6563,-2.9489,-0.6884,2.5347,2.2524,1.0333,0.4987,-0.1293,1.07
-2.1842,1.0852,0.1286,0.7732,1.2995,0.2583,-0.49,-3.3093,-0.7114,2.5665,1.8093,1.3221,0.0739,0.1059,1.1159
-2.3961,1.438,-0.409,0.5818,1.8863,0.5462,-0.7337,-3.4852,-0.6528,2.7721,1.7744,0.9498,0.342,0.1673,0.9601
-2.3406,1.6512,-0.7525,0.7223,1.6424,0.6435,-0.7712,-3.4796,-0.2768,2.5761,1.4463,1.1934,0.9172,0.2314,0.7887
-2.1755,1.4088,-0.7844,0.8662,1.4573,0.4121,-0.936,-3.4821,-0.1727,2.1276,1.5417,1.4744,0.841,0.2016,0.3944
-2.5272,1.195,-0.7677,1.1156,1.643,0.4611,-1.1738,-3.6498,-0.1535,2.0091,1.8224,0.8857,0.5338,0.1399,0.154
-2.4686,1.4768,-0.8644,1.183,1.5637,0.6236,-0.802,-3.742,-0.1306,1.961,1.8938,0.8359,0.8038,0.192,0.0767
-2.5266,1.2709,-1.016,1.0799,1.6334,0.9296,-0.6757,-3.7758,0.0433,1.7079,1.8907,0.8919,0.7961,-0.0303,0.1325
-2.3033,0.9567,-1.34,1.1981,1.5893,0.7771,-0.9052,-3.9243,-0.1022,1.6324,1.5976,0.5979,0.8837,0.4607,-0.0314
-2.2987,0.9327,-1.5886,1.1631,1.8169,0.6672,-0.3937,-3.6219,0.3042,2.0139,1.2414,0.3753,0.8749,0.8115,-0.1497
-1.9205,0.8646,-1.485,1.4859,1.7437,0.5119,-0.3583,-3.8575,0.3377,2.1619,0.8983,0.21,0.9007,0.7415,0.0221
-1.6506,1.1446,-1.246,1.3657,1.4581,0.0925,-0.3008,-3.3427,0.7233,2.2922,1.4203,0.205,0.7425,0.5707,0.0299
-1.8482,1.4527,-1.2455,1.2389,1.6525,0.4235,-0.3561,-3.5738,0.3866,2.2068,1.28,0.3759,0.6681,0.2719,0.0926
-1.739,1.0358,-1.1658,1.5111,1.6705,0.2877,-0.2511,-3.3141,0.5172,2.0208,1.0217,0.4203,0.5224,0.2193,-0.0108
-1.7163,1.0597,-1.0148,1.3638,1.4608,-0.0498,-0.4303,-2.6732,0.5932,1.9611,1.1436,0.4279,0.6394,-0.3252,-0.043
-2.0237,1.4964,-0.3745,1.2585,1.5123,-0.0618,-0.4458,-2.2344,0.6867,2.2061,1.3088,0.4921,0.2337,-0.3534,0.0038
-2.0085,0.9949,0.1678,1.3192,1.8001,-0.2051,-0.3982,-1.7779,0.6436,1.8314,1.5212,0.4867,0.0907,-0.4381,-0.111
-2.2059,1.264,0.2009,1.2495,1.6886,0.2451,-0.5228,-1.8839,-0.1033,1.9717,0.9538,0.5356,0.0799,-0.8633,-0.0792
-2.0518,1.805,0.1804,1.1845,1.776,-0.4967,-0.6503,-1.0233,0.2833,1.8271,1.4891,0.1214,-0.1494,-1.2971,-0.1905
-2.2536,1.738,0.0946,0.985,1.9516,-0.2221,-0.6121,-0.7531,0.2588,1.5677,1.8028,0.402,0.1911,-2.0574,-0.1723
-2.0453,1.9325,0.5449,0.9269,2.1222,0.3412,-0.4219,-0.7323,0.2249,1.7689,1.8186,0.6731,-0.2657,-1.9058,-0.1144
-2.0119,1.8283,1.8227,0.8839,2.4135,0.3527,-0.211,-0.6279,-0.0232,1.9963,2.4546,0.7756,-0.2449,-3.2344,0.358
-2.3033,2.0226,1.6759,0.9547,2.5518,0.3279,-0.3682,-0.1596,-0.6238,2.5702,2.8976,0.8749,-0.3739,-2.8702,0.8472
-2.2136,1.704,1.4033,1.1364,2.7341,0.2,-0.1843,-0.4177,-0.8717,2.6519,2.8039,1.3616,-0.0384,-2.3231,1.1557
-1.9647,2.5213,1.4423,0.8426,2.8709,0.1379,-0.0019,-0.9025,-1.2805,3.2856,2.8712,1.4214,-0.0475,-1.8739,1.784
-2.0656,2.4745,1.0438,0.6594,2.7868,-0.8078,0.1557,-0.9251,-0.9602,3.3976,2.6688,1.5662,-0.254,-1.6881,2.0616
-2.2499,2.2623,0.7508,0.6798,2.7122,-0.8107,-0.0735,-0.888,-0.8323,3.2327,2.6538,1.6402,-0.6365,-1.2324,2.0513
-1.9266,2.1508,0.6843,0.7694,2.3797,-0.324,0.0869,-0.9797,-0.7482,3.1327,2.3781,1.6044,-1.0774,-1.0542,2.0097
-1.7958,2.502,1.1609,0.8346,2.3149,-0.2109,0.0041,-1.0646,-0.7321,3.0196,2.3447,1.3969,-0.2394,-0.9989,1.8714
-1.8183,2.3902,1.1391,0.652,2.8093,-0.2911,-0.0185,-1.187,-0.9078,3.0432,2.3316,1.2901,-0.1582,-1.0805,1.8974
-1.5299,2.2528,1.4903,0.3214,2.6735,-0.485,0.0247,-1.2172,-0.9603,3.4193,2.1863,1.4108,0.0159,-0.9793,1.9213
-2.2093,2.3994,1.1176,0.5255,2.7094,-0.2753,0.1124,-1.1078,-1.2077,3.6717,2.1564,1.4763,-0.2199,-0.7883,2.1881
-2.3402,2.2481,0.8661,0.5918,2.5503,-0.054,0.1679,-1.2561,-0.9721,3.2899,2.1981,1.6607,0.2217,-0.5843,2.2642
-2.3654,2.0169,0.6358,0.8334,2.4625,0.0561,0.1265,-1.737,-0.9504,3.1495,2.3216,1.4974,0.3475,-0.291,2.0576
-2.5374,2.2452,-0.7546,0.7594,2.2247,0.5201,-0.0023,-2.5133,-0.8792,3.2004,1.8403,1.54,0.342,-0.131,1.9786
-1.8421,1.8539,-0.6113,0.8221,1.9844,0.3656,-0.0371,-2.6021,-0.0103,2.7859,1.3722,1.372,0.7493,0.1775,1.5053
-1.9599,1.7767,-0.4599,1.0669,1.7321,0.5109,-0.2627,-2.8557,0.0757,2.9441,1.2188,1.2195,1.2148,0.2379,1.0781
-1.8758,1.6969,-0.5922,1.1827,1.6699,0.7103,-0.5399,-3.2282,-0.2485,2.947,1.361,0.8023,1.2443,0.3948,1.1304
-2.3208,1.7419,-0.7695,1.2408,1.7125,0.7318,-1.1352,-3.6076,-0.0815,2.9986,1.3972,0.4557,1.2883,0.4297,1.0789
-1.9231,1.8529,-0.6332,1.1172,1.5374,0.3992,-0.9494,-3.6694,0.4143,2.4472,1.3281,0.5713,1.2659,0.5441,0.6676
-2.0796,1.5122,-0.4216,1.038,1.0899,0.3291,-0.9001,-3.7582,0.1851,2.4137,1.2752,0.5382,1.3434,0.5613,0.4095
-2.3974,1.5913,-0.8714,1.5507,1.346,0.5881,-0.78,-3.7744,0.0317,2.2373,1.5911,0.1148,0.4422,0.6251,0.1225
-2.1972,1.6856,-0.9809,1.3313,1.5008,0.568,-0.7337,-3.7355,0.2336,2.1511,1.5771,0.3617,0.6601,0.6547,0.2377
-2.3133,1.6275,-1.1855,1.1076,1.5651,0.3435,-0.5736,-3.5913,0.4897,2.0385,1.3907,0.4569,0.8839,0.6956,0.1345
-2.3184,1.528,-1.1816,1.2048,1.3481,0.2675,-0.6515,-3.4372,0.4643,1.8591,1.3624,0.2377,0.7217,0.7336,0.2336
-2.3617,1.9612,-1.0417,1.0137,1.3484,0.5684,-0.7041,-3.3414,0.5473,1.82,1.2227,0.0841,0.8452,0.3522,0.1133
-1.8269,1.3894,-0.9399,1.0046,1.6608,0.529,-0.5624,-3.0519,0.8894,1.6902,1.303,0.4303,0.9595,0.1619,0.0969
-2.2001,1.2412,-0.542,1.1899,1.6952,0.4127,-0.7133,-3.0023,0.6684,2.105,1.4704,-0.2733,0.7073,0.2528,0.1043
-2.3736,1.8098,-0.1517,1.1718,1.7189,0.5367,-0.7256,-3.3139,0.1789,2.3954,1.6982,0.1511,0.7563,0.3155,0.3202
-3.0258,2.0759,-0.969,0.9981,1.8971,0.6646,-0.7402,-3.4016,-0.0872,2.221,1.3028,0.4205,0.5797,0.4658,0.2048
-2.5905,1.4048,-1.0485,1.1698,1.9249,1.2578,-0.7499,-3.5737,0.116,1.7776,1.1681,0.6255,0.7075,0.101,-0.029
-2.1598,1.9565,-1.2632,1.3234,1.9501,1.1796,-0.6715,-3.1508,0.4468,1.974,1.1378,0.6299,0.5765,0.3034,0.2974
-2.3306,1.8012,-0.7943,1.1756,2.182,1.0012,-0.2673,-2.8769,0.6941,2.1507,1.1102,0.4071,0.5695,-0.1751,-0.2004
-2.46,1.7946,-0.5662,1.0173,2.1314,0.5727,-0.1861,-2.3917,0.6467,2.1124,1.4757,0.2406,0.7486,-0.2524,-0.0904
-2.2184,1.7785,-0.4836,1.018,2.0267,0.608,-0.1238,-2.1881,0.374,1.9536,1.828,0.5987,0.6975,-0.316,0.1062
-2.5074,1.7834,-0.2366,1.2701,1.9147,0.617,-0.2013,-2.1038,0.192,2.3571,2.2015,0.4661,0.6218,-0.3273,0.8225
-2.2771,1.7782,-0.2504,1.1113,1.4829,0.3193,-0.2194,-2.1049,-0.0646,2.0213,2.0265,0.2133,0.5945,-0.1914,0.7229
-2.6518,2.2094,-0.2184,1.1119,1.8924,0.4522,-0.4284,-2.157,0.0372,2.2636,2.1501,0.4671,0.8496,-0.5218,0.8356
-2.415,1.1688,-0.4274,1.2712,1.9041,0.2797,-0.2898,-1.9073,0.1277,2.3013,1.9831,0.421,0.8239,-0.4341,0.8509
-2.3328,1.5831,-0.3009,1.1967,1.7787,0.1822,-0.1334,-1.9398,0.3043,2.8356,1.8916,0.8518,0.7872,-0.2603,0.902
-2.5169,1.6525,0.19,1.0489,1.5045,0.4835,-0.5522,-1.9787,0.1506,2.4572,2.2012,0.879,0.7222,-0.4435,0.7639
-2.2246,1.8988,0.0087,1.0606,1.8142,0.4343,-0.5948,-2.0603,-0.409,2.3746,2.145,0.6361,0.6072,-0.4239,0.6968
-2.5589,2.3758,-0.218,0.819,1.926,0.1557,-0.5882,-2.0437,-0.2991,2.6328,2.0287,0.8856,1.1303,-0.2052,0.8592
-2.3015,2.257,-0.1399,0.7535,1.8728,-0.0029,-0.3553,-2.2083,-0.2457,2.3863,1.7755,0.8997,0.549,-0.9786,0.5718
-2.3592,1.4753,-0.4144,0.5566,1.9089,0.4727,-0.534,-1.785,-0.0215,2.29,1.4977,0.396,0.8879,-0.8921,0.3531
-2.481,1.4879,-0.0457,0.942,1.9476,0.3007,-0.5559,-1.4497,0.2193,2.532,1.3963,0.7138,0.0916,-0.361,0.3254
-2.7528,1.7361,0.3047,1.0009,1.897,0.4939,-0.4349,-1.5143,-0.0268,2.4195,1.9428,0.4993,-0.1618,-0.5208,0.4013
-2.6523,1.7926,0.3547,0.9998,2.2655,0.7413,-0.1803,-1.6344,-0.5142,2.3023,2.0925,0.603,0.361,-1.1624,0.6491
-2.1967,1.3858,0.3752,0.9417,2.3439,0.3096,-0.2237,-1.4395,-0.3842,2.4208,2.0698,0.7415,0.8712,-0.6895,0.7477
-2.6035,1.9894,0.5968,0.8916,2.342,0.4485,-0.123,-1.634,-0.646,3.1926,2.451,0.9762,0.5439,-0.7032,1.1959
-2.5665,2.7307,0.1686,0.7548,2.116,0.4274,-0.0966,-1.825,-0.8605,2.9343,2.3657,1.6815,1.1386,-0.1,1.2674
-2.3287,2.1654,0.2334,0.7798,2.0026,0.5418,0.0064,-2.3194,-0.8744,2.6324,2.4618,1.5333,0.9535,-0.6186,1.0997
-2.2651,1.8332,-0.297,0.9727,2.1544,0.7996,0.1135,-2.5016,-0.9477,2.9924,2.5507,0.7107,1.407,-0.0135,1.386
-2.4668,2.3454,-0.8265,0.8054,1.8508,0.7255,-0.1185,-3.0539,-0.7917,3.5444,1.8696,0.4528,1.1002,0.2738,1.4516
-2.6723,1.6797,-1.5814,1.0121,1.7484,0.6952,-0.2807,-2.9082,-0.387,3.1736,1.2166,0.338,1.4229,0.2469,0.9863
-2.3797,1.2066,-1.5593,1.0788,1.5186,0.637,-0.2873,-2.6052,0.4076,2.7221,1.2246,-0.4107,0.5493,1.0285,0.3286
-2.7521,0.741,-1.169,1.0448,1.5585,0.7728,-0.3952,-2.4633,0.6959,2.4845,0.8533,-0.3419,0.8125,0.8022,-0.0108
-2.4194,0.7058,-1.1013,1.2253,1.5068,0.6071,-0.6324,-2.3629,0.6949,2.3104,1.1241,-0.6234,0.9085,0.6983,-0.3893
-1.6518,1.1392,-0.4009,1.485,1.698,0.4237,-0.5626,-2.6379,0.5116,2.4415,1.94,-0.4054,0.7927,0.447,-0.2259
-2.2897,1.7566,-0.6923,1.3796,1.4524,0.5009,-0.2959,-2.6477,0.0677,2.7026,2.0058,-0.7158,1.3283,0.4542,0.0997
-2.2531,1.6334,-0.6758,1.4462,1.5937,0.4094,-0.4009,-2.8977,0.0874,2.2078,2.3264,-0.2482,1.5252,0.2633,0.1927
-2.6349,1.5441,-1.4102,1.3776,1.9265,0.7542,-0.3549,-3.5057,-0.1888,2.5854,2.2355,0.0581,0.6782,0.0247,0.3111
-2.5565,1.6595,-1.8234,1.2767,1.9221,0.7545,-0.2708,-3.0237,0.5716,2.6624,1.9625,1.1285,0.521,-0.0023,0.2423
-2.1385,1.5359,-1.5089,1.247,1.6127,0.6205,-0.375,-2.8252,0.8382,2.2267,2.0257,0.5091,1.2872,0.0072,0.179
-2.3189,1.523,-1.4808,1.1826,1.675,1.1175,-0.3176,-3.2604,0.5475,2.325,1.8333,0.5147,1.6357,0.0461,-0.0361
-2.292,1.4881,-1.0145,1.3373,1.6001,0.956,-0.2448,-3.3818,0.5105,2.5034,2.1055,0.0433,1.4477,-0.0515,-0.2085
-2.4561,1.887,-1.3342,0.9133,1.6771,0.72,-0.4407,-3.4701,0.4868,2.3058,2.1985,-0.1414,1.412,0.0286,-0.013
-2.2825,1.7327,-1.4243,1.0492,1.8242,0.7207,-0.7142,-3.5793,0.3498,2.2173,1.4805,0.1166,0.7831,-0.092,-0.3117
-2.3897,1.663,-1.3574,1.2532,2.2202,0.4225,-0.9373,-2.7861,0.975,2.4074,1.3491,-0.2321,-0.134,-0.0944,-0.2234
-2.0341,1.3851,-0.5546,1.3859,1.9853,0.579,-0.5939,-2.1337,1.1158,2.0977,2.0826,0.1278,-0.1701,-0.9872,-0.3398
-1.6467,1.8079,-0.1724,1.2599,1.9567,0.0636,-0.1298,-1.3995,0.8633,2.158,2.5204,0.0454,-0.2713,-1.9219,-0.0274
-2.0511,1.9987,0.6046,1.3031,2.2155,0.2638,-0.0651,-0.8441,0.59,2.3081,2.7269,0.507,0.1352,-1.6775,0.2425
-1.8621,1.82,1.5121,1.3045,2.3582,-0.0389,-0.117,-0.6446,0.0344,2.0763,2.9058,0.5574,-0.06,-1.7693,0.2764
-2.1795,2.4822,1.4068,0.932,2.4853,-0.1203,0.0484,-0.4508,-0.6853,2.6708,3.3116,0.5756,0.0974,-1.7809,0.9153
-2.1917,2.2028,1.6393,1.3441,2.3246,0.183,-0.0322,-0.7851,-0.9695,2.4841,3.7195,0.6518,0.3672,-1.4136,1.3932
-2.2184,2.6601,1.6455,1.1234,2.5808,0.6046,0.1324,-1.8378,-1.4179,3.0321,3.7939,1.0213,0.7881,-1.4821,1.7217
-2.2659,2.9671,0.291,0.7507,2.6373,1.2173,0.4651,-2.5779,-1.8197,3.3041,3.4041,1.3446,0.6998,-0.8534,1.8956
-2.0111,2.5288,-0.619,1.0009,2.37,0.7881,0.2921,-2.8387,-0.9534,3.2584,2.8906,1.5671,1.2457,-0.3425,2.1904
-1.9746,2.3961,-1.0452,1.0174,2.053,0.7389,0.1895,-3.1933,-0.6153,3.4102,2.7873,0.7967,1.5271,0.4855,2.1683
-2.0095,1.9752,-0.7297,1.1023,1.6454,0.7755,0.0712,-3.9008,-0.4409,3.255,2.3922,0.8628,2.0601,0.7881,2.045
-2.2072,2.0375,-1.2554,1.1949,1.4812,0.673,0.2348,-4.3043,-0.5891,3.365,2.186,1.2253,1.618,1.4461,1.7715
-2.4204,2.0375,-2.1224,0.946,1.4717,0.9067,0.216,-4.557,-0.3214,3.2216,1.8539,0.6365,1.9674,1.7677,1.5473
-2.0714,1.5436,-2.647,1.233,1.1285,1.1817,-0.0884,-4.7615,0.3002,2.7512,1.4095,0.5487,2.2785,2.5719,1.0666
-2.0765,1.3657,-2.5609,1.5637,1.2952,0.8965,-0.2801,-5.1925,0.7859,2.7101,0.9287,-0.3197,1.9795,2.7674,0.5322
-2.153,0.9645,-3.0031,1.5078,1.331,0.9791,-0.2344,-5.2242,0.842,2.6754,0.7642,-0.579,1.9624,2.7875,0.0521
-2.1696,1.0634,-3.0871,1.5317,1.3295,1.3777,-0.3105,-5.6299,0.6911,2.8216,0.7643,-0.7259,1.735,2.6853,0.347
-2.4188,0.7099,-3.4416,1.8456,1.071,1.3199,-0.5396,-5.4831,1.3087,2.8663,0.6877,-1.2444,2.0586,3.0654,-0.0362
-2.318,0.7898,-3.2426,1.8972,0.7804,1.2097,-0.5559,-5.6762,1.4511,2.3758,0.8129,-1.4405,2.0398,2.5363,-0.5237
-2.1499,0.8448,-3.2059,1.8219,0.7218,0.6334,-0.6532,-4.8039,1.6344,2.0142,0.602,-1.411,1.8359,1.7858,-0.8445
-2.0102,0.9615,-2.539,1.7494,0.8006,0.4081,-0.6495,-4.2702,1.9686,1.8142,0.9721,-1.5766,1.3445,1.4841,-1.0474
-2.1189,1.306,-2.0977,1.5907,1.0062,0.3158,-1.0672,-3.8135,1.973,1.4634,1.152,-1.245,1.3801,0.5129,-1.1282
-2.1721,1.1294,-1.3965,1.574,1.3983,0.4349,-1.0426,-3.1917,1.5307,1.6652,1.4413,-1.158,1.3506,0.5274,-1.1882
-2.2815,1.2247,-1.1081,1.6564,1.9978,0.4261,-0.9457,-2.9931,1.1165,2.074,2.0802,-1.7214,0.9227,0.0133,-0.8595
-1.3556,1.7134,-0.7338,1.4282,1.7724,-0.3033,-0.399,-2.5726,1.1178,2.2255,2.4176,-1.0002,0.6171,-0.5681,-0.5947
-2.2098,1.6885,-0.1035,1.3831,1.529,-0.364,-0.34,-1.8352,1.1117,2.3279,2.2916,-0.142,0.4855,-0.096,-0.297
-2.1408,1.7372,0.3276,1.303,1.6925,0.0415,-0.3667,-1.6868,0.4071,2.0778,2.601,-0.1169,0.1021,-0.5903,0.2212
-2.0967,1.9768,0.5979,1.5053,2.0108,-0.0395,-0.6136,-1.4422,0.1986,2.198,2.984,-0.0893,0.3796,-0.5878,0.6085
-2.3642,2.484,0.9159,1.3791,2.1569,0.1674,-0.0668,-1.8228,-0.4534,2.4936,3.1865,0.576,-0.2075,-0.6196,0.7626
-2.4372,2.569,0.9511,1.3213,2.1165,0.4945,-0.0646,-1.9772,-0.7067,2.4404,3.0831,0.6481,0.252,-0.6613,0.9801
-2.5296,2.3648,0.1181,1.3466,2.1702,0.24,-0.1139,-2.0342,-0.7947,2.6029,3.3202,0.7668,0.4413,-0.0965,1.2392
-2.4983,2.2833,-0.169,1.4071,1.9896,0.7805,-0.1407,-2.6691,-0.6755,2.4045,2.8533,1.0133,0.8638,0.3092,1.3541
-2.1816,2.241,-0.2351,1.4401,1.8586,0.656,-0.321,-3.0243,-0.5841,2.6147,2.4903,0.9848,0.819,0.7794,1.492
-2.5625,2.3134,-0.8368,1.4345,1.7657,0.64,-0.9591,-3.2828,-0.3924,2.7299,2.2718,0.9312,1.0077,0.7747,1.1423
-2.4822,4.2927,-1.1867,0.8927,1.5328,0.4654,-0.6524,-3.4317,-0.0333,2.4115,1.6728,0.3624,0.7554,1.069,0.4664
-2.3956,2.1659,-1.1119,1.1253,1.2622,0.409,-0.5787,-3.3746,0.5182,0.8064,1.9514,0.0357,0.5292,0.8415,-0.5515
-2.2598,2.073,-0.8669,1.3446,1.444,0.6111,-0.6361,-3.2388,0.8018,0.9917,0.9807,-0.0061,0.5423,1.0752,-0.9928
-2.8384,1.9659,-1.7993,1.4665,1.822,0.8759,-0.6419,-2.7202,0.8312,1.4612,1.4941,-0.5859,0.7497,0.2044,-0.9051
-2.4632,1.2073,-0.8958,1.6796,1.691,0.9195,-0.7731,-2.5154,1.1272,1.1055,1.7286,-0.5087,0.0275,-0.3416,-1.1426
-2.2279,1.4064,-0.1525,1.7044,1.8473,0.8147,-0.6443,-1.8724,1.2031,1.5181,2.0823,-1.0943,-0.2932,-0.8272,-1.1697
-2.4351,1.7892,0.4072,1.6089,2.2137,0.7576,-0.528,-1.4427,0.9354,1.7103,2.5618,-0.4674,0.0084,-1.151,-0.5831
-2.3199,1.9336,0.8142,1.6037,2.2481,1.1514,-0.7825,-1.3888,0.1671,1.8287,2.9587,-0.0229,0.1544,-1.6288,-0.2524
-2.1852,2.3879,0.941,1.5709,2.4685,0.681,-0.7436,-1.2591,-0.2265,2.1442,3.1776,0.2199,-0.2385,-1.8502,0.1484
-2.4214,2.3764,1.23,1.6027,2.7798,0.6963,-0.3576,-1.1235,-0.1707,2.3872,2.9834,0.5136,-0.6665,-1.6425,0.4264
-2.2777,2.6857,1.2215,1.377,2.6366,0.6417,-0.2051,-0.6953,-0.4475,2.6621,3.0978,0.8807,-0.4998,-2.0069,0.6925
-2.1541,2.648,1.1396,1.5423,2.7247,0.4447,-0.246,-0.6502,-0.4471,2.4372,2.9351,1.319,-0.1376,-1.7428,1.0116
-2.2209,2.3333,1.7917,1.2408,2.5307,0.6005,-0.366,-0.9095,-0.6186,2.6547,2.568,1.0934,0.223,-1.7711,1.1086
-2.4191,2.3046,1.3494,1.1137,2.4076,0.6663,-0.171,-1.1213,-0.8404,2.6131,3.1071,0.9149,0.461,-1.4217,1.2407
-2.3593,2.8389,0.7643,1.2503,2.6759,0.6218,-0.0611,-1.7465,-1.2237,3.3819,2.9562,1.3296,0.3218,-1.5284,1.8664
-2.3291,2.7659,0.8856,1.307,2.4701,1.0447,-0.1889,-1.8999,-0.6445,3.0887,2.9021,1.1379,0.5795,-0.8309,1.7465
-2.333,2.689,1.4049,1.3349,2.0999,0.9859,-0.2406,-2.3555,-0.8531,2.9183,3.3744,1.4151,0.4023,-0.3425,1.9856
-2.3339,2.8387,0.6508,1.4452,1.972,0.9367,-0.0452,-2.7812,-1.1144,2.9895,3.0623,1.1283,0.8788,-0.4228,2.0328
-2.4097,2.6103,-0.4876,1.232,2.1363,1.5675,-0.0367,-3.3421,-0.8115,2.9349,2.7745,0.9935,1.1805,-0.2398,1.9999
-2.2696,2.4907,-0.9004,1.0962,1.412,1.1632,-0.1988,-3.6632,-0.401,2.6686,2.0503,0.8755,1.4166,0.2446,1.5492
-2.3556,2.3224,-1.1265,1.3542,1.4063,1.0823,-0.5281,-3.8475,0.1381,2.038,1.9297,0.9129,1.4052,0.798,1.029
-2.1645,2.0033,-1.2026,1.7027,1.3129,0.9917,-0.9656,-3.9664,0.2607,1.9294,1.7278,0.6836,1.3793,0.4937,0.6825
-2.0088,1.8098,-0.9317,1.89,1.3617,0.7625,-0.7353,-3.6815,0.5511,2.2348,2.2634,0.3496,0.9917,0.5638,0.6209
-2.1863,2.003,-0.845,1.8059,1.6265,0.8776,-0.7115,-3.8156,0.3862,2.2538,2.108,0.2321,0.4067,0.9386,0.4988
-2.032,1.7496,-0.75,1.8679,1.5652,1.1079,-0.4463,-3.7594,0.3071,2.2274,2.0171,0.1068,0.203,0.9062,0.2328
-2.0716,1.9913,-0.6082,1.7371,1.3323,1.1556,-0.4515,-3.5533,0.4928,2.0463,2.0156,0.0339,0.5985,-0.3415,0.3359
-2.37,2.1605,-0.4308,1.7575,1.266,1.1471,-0.6266,-3.0699,0.5365,1.7772,1.774,-0.617,0.2677,0.0965,0.144
-2.1827,1.966,-0.1218,1.6968,1.4978,1.1012,-0.626,-2.8527,0.6274,1.5916,2.0653,-0.3557,0.2639,-0.0252,-0.193
-2.2402,1.6292,0.1835,1.869,1.4701,1.2009,-0.4189,-2.7803,0.3843,1.8475,2.0293,-0.0621,0.08,-0.079,-0.086
-2.1207,1.9912,0.4263,1.9497,1.6201,0.9823,-0.1415,-2.7879,0.2602,1.8216,2.4866,-0.3836,0.6688,-0.0011,0.086
-2.0949,2.325,0.5331,1.6719,1.7915,0.6597,-0.4145,-3.0379,-0.1777,1.8384,2.4653,-0.1045,0.8279,0.0084,0.3554
-2.0407,2.4072,0.218,1.6686,2.0435,0.798,-0.3364,-3.1971,-0.2886,2.0538,1.9427,0.3012,0.6452,-0.1696,0.329
-1.7107,1.9,0.1251,1.1087,2.1016,0.4909,-0.4708,-2.9903,-0.2145,2.2987,2.1354,0.2106,0.4278,-0.1669,0.5152
-2.1007,2.2992,-0.0364,1.3703,2.1676,0.4921,-0.7026,-2.6461,0.1297,2.814,1.7487,-0.0115,0.3765,0.3339,0.4164
-2.1303,1.9052,0.4989,1.4548,2.0396,0.8913,-0.6451,-2.8678,0.1207,2.3862,2.2452,-0.2872,0.2333,-0.0476,0.3616
-2.3815,2.3152,0.3262,1.45,1.8687,0.6465,-0.5415,-2.6515,0.0123,2.3627,2.2174,-0.0208,0.6131,0.3662,0.3227
-2.3709,2.1113,0.4279,0.7693,2.0521,1.023,-0.6519,-3.0617,-0.3071,2.1387,1.8145,-0.1921,0.4281,0.1442,0.1175
-2.0727,1.7817,0.0208,1.562,2.2383,0.9281,-0.3922,-3.1831,-0.2275,2.3904,1.8263,-0.2917,0.3,0.0375,0.2641
-1.989,1.5683,-0.0248,1.7566,2.1912,0.6536,-0.1574,-2.9567,-0.3725,2.7204,1.8789,-0.6792,0.2752,0.0268,0.4448
-2.352,1.8407,-0.028,1.3468,1.976,0.1613,0.0208,-2.4888,0.0757,2.661,2.0744,-0.2307,0.3391,0.1162,0.5692
-2.3558,2.176,-0.2573,1.4282,1.9696,0.3578,0.0324,-2.5454,0.0994,2.3048,1.9974,-0.0927,0.7242,0.4395,0.697
-2.3588,1.997,-0.3105,1.5553,1.8621,0.1641,-0.2256,-2.5638,-0.0568,2.2145,1.9025,-0.0973,0.8737,-0.0648,0.4535
-2.0259,1.7853,-0.1721,1.4587,1.8662,-0.0591,-0.1185,-2.153,0.2258,2.2524,1.8731,0.1121,0.8544,0.0718,0.391
-2.0867,1.4505,0.0158,1.3839,1.7532,-0.4019,-0.095,-2.2035,0.2215,1.9108,2.1033,-0.2764,0.861,-0.1617,0.2403
-2.0812,1.8199,0.1544,1.2201,1.8964,-0.3544,-0.0282,-2.1948,0.0993,2.0161,1.7556,-0.1973,1.049,-0.1411,0.1298
-2.1321,2.0068,0.4095,1.46,2.0079,-0.55,-0.1407,-2.0025,0.1044,1.9042,1.7055,-0.5329,0.8511,0.3462,-0.1142
-2.1262,1.5649,0.4249,1.7816,1.8808,-0.3028,-0.2031,-2.0496,-0.012,1.7338,2.2545,-0.494,0.5019,-0.1399,-0.0411
-2.3523,2.0931,0.1833,1.7192,2.2541,-0.0563,-0.268,-2.2057,-0.2016,1.9947,2.4781,0.0388,0.4251,-0.2934,0.158
-2.5247,2.1103,0.0888,1.5214,2.1815,0.0823,-0.1839,-2.3796,-0.3085,2.1994,2.5035,-0.5875,0.5199,-0.6183,0.1958
