x0,x1,x2,x3,x4,x5,x6,x7,x8,x9,x10,x11,x12,x13,x14
0.239,-0.2677,2.0932,0.0978,0.9569,0.1549,1.0346,3.314,0.805,-1.3864,0.8512,-0.7846,-1.7253,-2.9842,-2.2239
0.1908,0.0058,2.4546,-0.2479,1.2629,0.0159,0.8211,3.7239,0.0236,-0.7298,1.1406,-0.2296,-1.5386,-3.6037,-1.1269
0.2373,0.3908,2.9299,-0.4195,1.5453,0.0983,0.9682,3.9616,-0.4938,-0.3419,1.48,0.2216,-1.1857,-3.6611,-0.159
0.1216,0.6758,3.1747,-0.4388,1.6451,0.2435,0.7415,3.7219,-1.4563,0.3533,1.5944,0.8945,-1.1843,-3.7035,0.6911
0.1193,0.6718,3.2742,-0.226,1.7418,0.1845,0.4689,3.175,-1.5918,0.586,2.0625,1.0511,-1.0872,-3.3434,1.1336
-0.2041,0.9122,2.807,-0.6074,1.4912,0.3595,0.546,2.7975,-1.7848,0.7789,2.0424,1.5514,-1.191,-2.7332,1.5503
-0.2263,0.5128,2.0623,-0.5639,1.4399,-0.1824,0.664,2.525,-1.5549,0.8866,1.7829,1.7471,-0.938,-2.2763,2.04
-0.255,0.1851,1.2497,-0.6757,1.3843,0.3307,0.6949,2.0068,-1.7917,0.9119,1.272,2.6529,-0.4626,-1.3696,2.1474
-0.2929,0.2521,1.1149,-0.7792,1.0587,0.2711,0.9331,0.6963,-1.4756,1.1026,0.6082,1.9918,-0.1274,-1.3991,1.9758
-0.2164,0.0416,0.1302,-0.502,1.0035,0.2629,1.5865,0.6002,-1.0363,1.6836,0.4474,1.5723,0.3837,0.0604,2.1696
-0.3996,-0.022,-0.291,-0.4015,0.7381,0.5607,1.2556,-0.693,-1.1221,1.8593,0.2074,1.1125,0.9555,1.0563,2.3954
-0.4731,-0.2988,-1.502,-0.3185,0.4814,0.5989,1.1594,-1.1637,-1.0449,1.5797,-0.2989,0.9171,1.1412,1.7701,1.986
-0.3375,-0.3883,-1.7382,-0.1657,0.2495,0.4797,1.6103,-1.5613,-0.176,1.443,-0.7037,0.4756,1.278,2.1426,1.6252
-0.286,-0.4902,-2.262,-0.021,0.159,0.5718,0.9823,-1.8874,0.4236,1.2229,-1.0234,-0.1992,1.8191,2.1055,0.6507
-0.2478,-0.6948,-2.716,0.1126,-0.2492,0.6009,0.732,-2.3301,0.5908,0.5988,-1.593,-0.7665,1.8512,1.8975,0.2543
-0.21,-0.9057,-2.804,0.0662,-0.7524,0.155,0.4858,-1.8403,1.6329,0.1002,-1.6718,-1.0031,1.5827,2.3789,0.0066
0.0611,-1.0321,-2.7057,-0.1472,-0.6511,-0.2659,0.3812,-1.6548,1.6946,-0.3273,-1.8865,-1.2393,1.4577,2.1249,-0.6375
0.0645,-1.2913,-2.1894,0.1107,-0.5998,-0.234,-0.1502,-1.3485,1.4548,-0.3243,-1.7947,-1.9527,1.1586,1.7545,-1.1323
0.2559,-1.0231,-1.6618,0.6022,-0.4005,-0.1347,-0.1448,-0.9335,1.7376,-0.5177,-1.419,-1.836,0.6747,1.7166,-1.4188
0.2822,-0.6586,-1.0711,0.2355,-0.1144,0.0716,-0.2426,-0.8067,1.309,-0.7891,-1.2225,-1.3526,0.4193,0.7973,-1.5506
0.1259,-0.3812,-1.487,-0.002,0.1661,-0.2462,-0.3903,-0.3491,1.2201,-0.3525,-1.1073,-1.3618,0.2033,1.1611,-1.5208
0.0388,-0.4568,-1.0981,-0.071,-0.0266,0.1019,-0.4582,-0.3171,1.144,-1.0275,-1.0056,-1.3147,0.1333,0.6384,-1.5002
0.0573,-0.5646,-0.9512,-0.0294,0.2112,0.3104,-0.4376,-0.0311,1.3156,-0.8219,-0.8727,-1.4219,0.0628,0.6532,-1.5615
-0.1412,-0.6848,-0.7747,-0.1778,0.2598,0.4626,-0.0904,0.0266,1.0161,-0.8166,-1.1476,-0.7137,-0.1221,-0.1572,-1.3331
0.1289,-0.8175,-0.7206,-0.1369,0.2674,0.2499,-0.0225,1.0502,1.0876,-0.9084,-0.9141,-0.6418,-0.3652,-0.2677,-1.1618
0.1631,-0.2711,0.0154,-0.2227,0.3547,0.1945,-0.2359,1.2235,0.9537,-0.5196,-0.7421,-0.2754,-0.4495,-0.8437,-1.0813
0.0164,-0.0388,-0.0839,-0.379,0.587,-0.0864,-0.083,1.3066,0.5927,-0.429,-0.4055,-0.309,-0.5808,-0.9229,-1.0273
0.1853,0.1622,0.6419,-0.5088,0.6739,0.1799,-0.1524,1.5491,0.5246,-0.394,-0.1615,-0.1371,-0.759,-1.1408,-0.9762
0.0888,-0.8287,0.7505,-0.518,0.6891,0.2978,0.1993,1.1642,-0.0155,-0.6959,-0.0917,0.6095,-0.6423,-1.6092,-0.852
0.0923,-0.0246,0.745,-0.7176,0.5968,-0.0685,0.6396,1.8837,0.3766,0.1154,-0.144,0.0115,-0.5127,-1.4938,-0.3217
0.1131,-0.1076,1.1231,-0.4427,0.5888,0.2041,0.3653,1.5923,0.0411,0.0426,-0.2048,0.2254,-0.4396,-1.4367,-0.107
-0.3477,0.3938,1.058,-0.341,0.5414,0.634,0.3333,0.6335,-0.2845,-0.4923,0.0521,0.4682,-0.1708,-1.5485,0.1399
0.446,0.1911,0.8614,-0.1416,0.8411,0.1566,-0.0379,0.7878,-0.3925,0.1772,0.2246,0.4806,-0.0466,-1.2033,0.294
0.4002,0.2225,0.7097,-0.134,0.7597,0.2304,0.3036,0.4703,-0.4873,0.632,0.1536,1.0128,-0.2384,-1.1775,0.768
-0.0196,-0.0609,-0.04,0.0468,0.9068,0.5026,0.3097,0.698,-0.026,1.1586,0.2397,0.9247,0.0149,-0.9113,0.9523
0.4919,0.0038,0.0022,-0.2807,0.58,0.2259,0.3196,0.5169,0.8023,0.9543,0.1361,1.1926,0.1513,-0.6808,1.1533
0.0518,-0.0197,0.0014,-0.4439,0.3692,0.3833,0.3904,0.3714,0.4215,1.1271,-0.0807,0.9145,0.1759,-0.9117,0.9097
0.4859,-0.1787,0.124,-0.4614,0.2898,-0.0206,0.0489,0.8532,0.9739,0.572,-0.0354,1.0523,0.2983,-0.5423,0.7073
0.08,-0.1554,0.1939,-0.3222,0.0642,-0.1922,0.1944,0.4914,0.2966,0.5143,0.0956,0.8052,0.1062,-0.7353,0.6338
-0.0867,0.1588,0.1957,-0.3111,0.1602,0.0863,0.2277,0.3136,0.0842,0.5207,-0.0106,-0.1186,0.2811,-0.5041,0.6075
0.0029,-0.2568,0.0075,-0.1021,0.3634,0.3086,0.1149,0.7503,0.3061,0.0595,0.0339,0.5949,0.0671,0.0287,0.8632
-0.2605,-0.0486,-0.1192,-0.1272,0.3218,0.4941,0.0884,0.1116,-0.154,0.5151,-0.0461,0.578,0.1889,-0.1009,0.6456
-0.043,-0.2989,-0.4298,-0.1272,0.2463,0.4982,0.6655,0.2538,0.5592,0.1706,-0.3177,0.5999,0.4671,0.0672,0.3808
0.1005,-0.4772,-0.3636,-0.032,0.1738,0.2704,0.301,0.0416,0.7804,0.0242,-0.4443,0.5414,0.8641,0.2951,0.2602
-0.0924,-0.4187,-0.4383,0.0968,0.1532,0.5644,0.1038,-0.0921,0.3464,-0.1313,-0.3434,0.2427,0.6842,0.429,-0.0157
0.2897,-0.5778,-0.5872,-0.0112,0.1792,0.1813,0.0274,-0.1628,0.5583,-0.1409,-0.4276,0.0529,0.3335,0.6652,-0.3883
0.1251,-0.6173,-0.5036,0.0236,-0.0627,0.3568,-0.2103,-0.2586,0.7431,-0.0198,-0.5268,0.1509,0.3933,0.3305,-0.4993
-0.0971,-0.7983,-0.5763,0.1329,0.5649,0.3508,-0.2642,-0.3018,0.5347,0.2069,-0.3345,0.1679,0.1977,0.728,-0.4036
0.3015,-0.5226,-0.6291,-0.07,0.3631,-0.1778,-0.0213,-0.159,0.9339,0.3218,-0.4837,0.2797,-0.1213,0.5427,-0.2418
0.2988,-0.6074,-1.0587,0.0844,0.1608,-0.1083,0.5045,0.3117,0.7069,0.4084,-0.5075,0.2523,-0.019,0.2176,-0.2189
0.1847,-0.7743,-0.3217,0.3179,0.0034,-0.4781,0.2052,0.6561,1.0808,0.2204,-0.3282,0.0078,-0.1022,-0.1595,-0.4771
0.2508,-0.6033,-0.0163,0.09,0.0344,-0.3534,0.0003,0.7945,0.897,0.1212,-0.1545,1.3949,-0.1359,-0.6421,-0.5063
0.1772,-0.3955,-0.119,-0.0461,0.0336,-0.3315,-0.0649,1.3893,0.3611,-0.4792,-0.0972,0.3527,-0.3369,-0.7367,-0.5658
0.1287,-0.4157,0.4137,-0.1865,0.3669,-0.6633,0.0358,1.7555,0.8011,-1.0724,0.0127,0.1544,-0.6721,-1.2482,-1.0176
-0.3086,-0.4109,0.6286,-0.0389,0.9177,-0.0365,-0.6367,2.12,0.4786,-0.6746,0.1471,0.6919,-0.7582,-1.6089,-0.9869
0.0438,-0.6849,1.1219,-0.074,1.0321,-0.0227,-0.6857,2.2806,0.1415,-0.3391,0.3897,0.5345,-0.7654,-2.2931,-0.6011
0.2868,-0.5508,1.4627,0.0417,0.9625,-0.3236,-0.1004,2.3422,0.1654,0.3859,0.6893,1.0656,-1.0317,-2.389,0.1673
0.1142,-0.5197,1.7135,0.0267,1.5938,-0.2329,0.5423,2.9929,0.0323,0.8275,0.7672,1.338,-0.983,-2.033,0.4258
-0.0656,-0.1201,1.7624,-0.1312,1.3295,-0.0637,0.7243,2.5803,-0.4658,1.027,1.0992,0.5032,-0.7132,-2.5628,1.1365
-0.142,-0.1733,1.2871,-0.2794,1.0505,0.4843,0.4621,2.1871,-0.5522,0.7761,0.7519,0.8017,-0.6117,-2.3429,1.3569
-0.3042,-0.3004,1.0028,-0.2339,1.0083,0.7594,0.4398,1.723,-0.4361,0.4426,0.6654,1.4848,-0.8593,-2.1863,1.2064
-0.2796,-0.527,0.6903,-0.1389,0.7993,0.6779,0.165,1.4964,-0.464,0.6441,0.6041,1.2975,-0.4501,-1.5794,1.4927
-0.2017,-0.4689,0.4596,0.0062,0.7825,0.6323,0.0504,1.2739,-0.2608,0.5082,0.1843,1.4678,-0.5387,-1.0879,1.0996
0.1843,-0.457,0.7132,-0.3824,0.6575,0.665,0.4546,1.0447,-0.4144,0.1615,-0.014,1.0399,-0.3949,-1.0811,0.5813
0.2009,-0.4999,0.5689,-0.3447,0.6756,0.3955,0.3856,1.0277,-0.0282,0.408,0.1956,0.7392,-0.1117,-0.1734,0.3986
0.5034,-0.4584,0.4886,-0.0196,0.5895,0.4874,0.585,0.2361,-0.3163,0.5904,0.2962,0.2871,-0.1689,-0.3626,0.6618
0.6353,-0.5871,0.2873,-0.1242,0.2034,0.399,0.3195,-0.1222,-0.03,0.9553,0.1495,0.5834,-0.0462,-0.5503,0.8881
0.4358,-0.8089,-0.3215,0.0482,0.1967,0.2079,0.3077,0.1685,0.3053,0.6314,0.2636,0.3255,-0.0083,-0.4048,0.8593
-0.2145,-0.5464,-0.3884,0.1085,0.2974,-0.387,0.3772,0.402,0.7653,0.5323,0.1738,0.1151,0.062,-0.2158,0.9954
0.0392,-0.3005,-0.2629,-0.2586,0.1108,-0.1612,0.2323,0.2441,0.9092,0.3379,-0.0944,0.0582,0.0167,-0.7944,0.8204
0.2593,-0.6844,-0.0785,-0.0263,0.0742,-0.0223,0.2184,0.4477,1.0894,-0.0814,-0.1281,-0.2208,-0.093,-0.714,0.3251
0.0553,-0.8592,-0.2346,0.0223,0.0221,0.2258,0.5571,0.3869,0.9935,-0.1582,-0.2742,-0.2059,0.0148,-0.8131,0.1342
0.2872,-0.9419,0.0508,0.1598,-0.2439,0.1775,0.5128,0.6767,1.1726,-0.0154,-0.1903,-0.3888,0.0581,-0.7832,0.0389
0.51,-0.7609,0.6822,0.1194,-0.2397,-0.0443,0.4972,0.9352,1.0457,-0.1429,0.0712,-0.3933,-0.0875,-0.508,-0.2525
0.3878,-0.5277,0.7218,0.0141,0.1602,-0.7376,0.5523,0.6964,0.2957,-0.006,0.2297,-0.0762,0.1121,-0.9315,0.0422
-0.0545,-0.5764,0.3822,0.0798,0.4206,-0.1789,0.47,0.7236,0.3777,0.4345,0.4301,0.1763,0.092,-0.5253,0.3957
0.3068,-0.479,0.2853,-0.074,0.3701,-0.4316,0.6094,0.4831,0.6227,0.9334,0.5214,0.3161,0.0333,-0.6845,0.6464
0.3186,-0.3156,0.4876,-0.2252,0.4661,-0.7782,0.301,1.0082,0.8002,0.7949,0.4394,0.6554,-0.0754,-0.6898,0.7796
0.3294,-0.2196,0.7626,-0.0935,0.2809,-0.4543,0.2605,0.6315,0.5464,0.7502,0.4241,0.8956,-0.1188,-0.8509,0.8908
-0.0275,-0.0787,0.2229,-0.2707,0.2047,-0.1741,0.169,0.6748,0.3842,0.8444,0.2266,0.696,-0.2057,-0.7115,0.7621
0.0083,-0.5703,0.1222,-0.1847,0.1054,0.0581,0.1351,0.6509,0.6262,0.9109,0.23,0.3072,-0.197,-0.7673,0.3384
0.0307,-0.6701,-0.2652,-0.2362,0.1712,0.2283,0.1389,0.9568,1.068,0.216,-0.0706,0.0747,-0.279,-0.4001,-0.0189
0.5445,-0.5596,0.6277,-0.1916,0.2208,-0.1763,0.0696,0.777,1.1197,0.295,0.129,-0.1716,-0.2404,-0.7641,-0.1702
0.4136,-0.39,0.8409,-0.1067,0.0028,-0.9401,-0.0103,0.9561,0.7827,0.4748,0.2793,0.0672,-0.3883,-1.0593,-0.1387
0.2604,-0.1552,0.4008,-0.362,0.1689,-0.5283,0.0982,1.4186,0.6746,0.3129,0.3257,0.0236,-0.6392,-0.8806,-0.2202
0.8791,-0.1652,1.108,-0.4849,0.3177,-1.2068,0.2611,1.6231,0.6791,-0.1318,0.5206,0.2865,-0.7414,-0.6963,0.0761
0.0008,0.5443,1.3139,-0.7195,0.472,-1.0532,0.3368,1.6491,0.2291,0.6802,0.695,-0.0041,-0.6465,-0.8776,0.2809
-0.2092,-0.351,1.1919,-0.6852,0.4718,0.0255,0.0558,1.2479,0.1436,0.4075,0.5083,0.0445,-0.6146,-0.9071,0.1572
-0.4746,-0.0313,0.6117,-0.5708,0.5926,0.1507,0.1755,0.871,-0.0013,0.8705,0.7397,0.0788,-0.5476,-1.0242,0.1773
-0.0614,-0.2039,0.5962,-0.4988,0.4957,-0.1633,0.1515,1.0848,0.3275,0.3928,0.4411,-0.2008,-0.3359,-1.0115,0.1719
-0.0206,-0.1527,0.4995,-0.5051,0.3023,-0.1273,0.0842,0.9163,0.1337,0.5887,0.4118,0.0753,-0.2788,-0.9199,0.1336
0.5453,-0.3077,0.332,-0.5503,0.0479,-0.2278,0.0337,0.9939,1.2872,0.3174,0.3109,0.3786,-0.3734,-0.9987,0.0655
0.2228,-0.2365,0.4136,-0.5779,-0.0152,-0.4012,0.0529,1.2076,0.988,0.1833,0.0138,0.282,-0.4354,-1.3886,-0.1989
0.4301,0.0527,0.8687,-0.571,-0.0267,-0.1416,0.1825,1.914,1.5394,-0.3431,0.2885,0.619,-0.5913,-1.6296,-0.5401
0.2956,-0.1355,0.9092,-0.5139,0.1298,0.2444,0.393,1.9817,1.2163,-0.1281,0.2624,0.3924,-0.5625,-1.858,-0.4189
0.0961,0.3082,1.349,-0.4944,0.354,-0.5764,0.3992,2.7795,0.9152,-0.2946,0.543,0.1936,-0.8065,-2.1301,-0.3978
-0.0758,0.0961,1.8388,-0.5056,0.548,0.0014,1.0349,2.583,0.2898,-0.4376,0.9783,1.0374,-0.8147,-2.7283,-0.2119
0.2834,-0.0053,1.8763,-0.3476,0.7386,0.1002,0.6926,2.5943,-0.1622,-0.0686,1.2233,1.0263,-0.5808,-2.9049,0.3273
0.3977,0.1105,2.2833,-0.3729,1.079,-0.0534,0.5909,2.6362,-0.2082,0.7749,1.427,0.7731,-0.7194,-2.5239,1.0018
0.1941,0.5893,2.0915,-0.4841,0.7852,0.0024,0.7331,1.9518,-1.0103,1.1656,1.5792,1.4782,-0.6163,-2.6254,1.4286
-0.255,0.8839,1.974,-0.6276,0.7467,0.5962,0.956,1.3661,-0.6573,0.7702,1.3948,1.7327,-0.539,-1.8062,1.6137
-0.1657,0.569,1.2945,-0.543,0.916,0.3369,0.8219,1.0448,-0.9648,0.9877,1.1711,1.9779,-0.436,-1.5592,1.8106
0.2536,0.1469,0.7403,-0.7093,0.9012,0.281,0.8798,0.402,-0.4805,1.3618,0.6472,1.5652,-0.1788,-1.1277,1.7717
0.4619,0.4031,0.2674,-0.6391,0.6305,0.1584,1.7018,0.1756,-0.5253,1.8561,0.2385,1.2927,0.237,-0.5373,1.6421
0.2517,0.0836,0.083,-0.5381,0.0785,0.0501,1.3822,-1.1254,-0.2875,1.9649,0.2281,0.9363,1.2481,0.1183,1.8846
0.402,0.0738,-0.5662,-0.3817,-0.1258,-0.2441,1.2344,-0.8221,0.5442,1.5728,0.09,0.843,1.1369,0.8315,1.9157
0.4858,-0.5358,-1.0551,-0.267,-0.327,-0.2102,0.9132,-1.4663,1.2759,1.2642,-0.1718,0.3877,1.437,1.1272,1.7293
0.4735,-0.7091,-0.6524,-0.1903,-0.558,-0.1264,1.2595,-1.4605,1.2941,1.8729,-0.5257,-0.0709,1.1303,1.2615,1.353
0.3813,-0.5126,-0.8033,-0.2966,-0.7906,-0.0589,1.447,-1.4143,1.25,1.664,-0.3485,0.018,1.1504,1.3321,1.3721
0.3154,-0.3092,-0.7551,-0.3256,-0.7391,-0.2734,0.9792,-1.5302,1.5586,0.944,-0.5048,-0.339,1.3963,1.3213,0.9379
0.1051,-0.0324,-0.7892,-0.2671,-0.7421,0.3562,0.3633,-2.0856,0.7923,1.0703,-0.3404,-0.3205,1.3916,1.4306,0.7004
0.0526,-0.4064,-1.271,-0.4266,-0.593,0.2121,0.1139,-2.2064,1.0026,0.4118,-0.6613,-0.2338,1.2565,1.8904,-0.1316
0.2767,-0.265,-1.937,-0.4591,-0.5477,-0.1887,0.402,-2.2215,1.3036,0.3861,-1.1163,-0.6641,1.0116,2.295,-0.6494
0.3095,-0.6422,-2.301,-0.2771,-0.4522,-0.021,0.0222,-2.1082,1.9705,0.218,-1.2226,-1.4592,0.7552,2.2125,-0.8582
0.5028,-0.7175,-1.9885,-0.1836,-0.5585,-0.2864,0.0902,-1.6235,2.4039,0.3336,-1.2058,-1.0099,0.7832,1.7656,-1.3013
0.6574,-0.6643,-1.5706,-0.0453,-0.7387,-0.6299,0.6436,-1.1677,2.4704,0.0543,-1.218,-1.5507,1.0979,0.9748,-1.5289
0.2636,-0.371,-1.1375,-0.1275,-0.8928,-0.721,0.8953,-0.5364,2.8587,-0.5149,-0.9912,-1.2677,0.9977,0.4822,-1.6461
0.4823,-0.8815,-0.9302,0.0905,-0.6482,-0.4865,0.9284,-0.1985,2.0583,-1.1143,-0.5201,-1.5545,1.0471,0.1878,-1.9457
0.538,-1.2788,-0.5078,0.1973,-0.4464,-0.3967,0.9398,0.3263,3.0274,-1.0246,-0.0574,-1.3902,0.8384,-0.159,-2.1792
0.5568,-0.4368,0.0312,-0.2199,0.0336,-0.4268,0.5462,0.277,2.3016,-0.4308,0.2134,-0.9627,0.6773,-0.6321,-1.5829
0.2784,-0.2213,0.4097,-0.36,0.1026,-0.8316,0.204,0.4784,1.8113,-0.3685,0.2494,0.0326,0.5954,-1.1911,-0.995
0.4064,-0.7697,0.173,-0.273,0.5169,-0.7212,-0.5837,0.8597,1.5319,-0.1736,0.4126,0.2543,0.262,-1.5031,-0.4655
0.4977,-0.4532,0.4616,-0.265,0.6334,-0.7031,0.0456,1.4809,1.5901,0.43,0.5663,-0.7957,-0.1993,-1.8335,-0.2576
0.3051,-0.1535,0.9485,-0.1581,0.3648,-0.8579,-0.0603,1.9803,1.1746,0.7924,0.952,-0.0852,-0.5028,-2.1239,0.2746
0.4889,-0.0386,1.3592,-0.5299,0.3897,-0.6789,-0.1796,2.1777,0.8538,0.093,0.9212,-0.0404,-0.7503,-2.3052,0.1138
0.7977,-0.0168,1.7176,-0.616,0.6647,-1.0647,0.0648,2.4995,0.8537,0.2158,0.8681,-0.0872,-0.9529,-2.5035,0.0416
0.4765,-0.0086,2.0646,-0.715,0.8083,-0.3214,0.4142,2.6992,1.1568,0.5686,1.0888,0.7995,-0.8934,-3.3238,0.2004
0.2529,0.1525,2.2641,-0.6502,1.0983,0.0681,0.4113,2.9245,0.5998,0.6097,1.4753,0.6063,-0.7555,-3.6341,0.6209
0.1732,0.1481,2.2721,-1.0236,1.3102,-0.4137,0.8432,3.2066,0.3584,0.8304,1.5541,0.5847,-1.1664,-3.5411,0.9747
0.3625,0.1577,2.4225,-0.9133,1.2049,-0.0402,0.6528,3.2282,0.1806,0.761,1.612,1.1365,-0.9591,-3.212,1.3239
0.4357,0.3581,2.634,-1.0609,1.0697,0.1981,0.6706,2.9257,-0.2365,1.2007,1.6102,1.2178,-0.6568,-2.9196,1.6788
0.4161,0.1456,2.2978,-0.9844,0.9633,0.0496,0.7348,2.5485,-0.1057,1.3285,1.8446,2.0423,-0.6512,-2.5044,1.9162
0.3546,0.3798,1.7817,-0.8878,1.1815,-0.0258,0.7993,2.0352,-0.4988,1.3503,1.7128,1.6672,-0.4215,-2.2508,2.1437
0.3984,0.3307,1.3532,-1.0743,0.9362,0.8045,0.6497,1.061,-0.3331,1.1437,1.2367,2.3788,0.0015,-2.1536,2.0274
0.4205,0.3856,0.5815,-1.0651,0.9353,0.4814,0.4755,1.0001,-0.1125,1.4677,0.8482,1.8108,-0.014,-1.4782,1.6655
0.436,0.1165,0.345,-0.8414,0.5085,0.1979,0.1612,0.7804,0.3493,1.2868,0.6174,1.6432,0.0267,-1.0231,1.4053
0.5111,-0.0397,0.5592,-0.7191,0.4418,0.4511,0.2181,0.6052,0.3561,1.028,0.6473,1.3177,0.2604,-0.6147,1.2877
0.1828,0.0929,0.1931,-0.863,0.3242,1.0959,0.4562,0.0689,0.1627,0.7882,0.3244,0.7626,0.6634,-0.41,0.8631
0.2874,-0.2635,0.1236,-0.8954,0.3687,0.827,-0.0184,-0.5297,-0.3637,0.8263,0.0766,0.7712,0.643,0.0423,0.5711
0.6381,-0.6422,-0.4213,-0.8318,0.3769,0.5413,-0.1087,-0.7132,0.6389,1.0455,0.0174,1.2809,0.3512,0.5012,0.5323
0.4345,-0.4893,-0.7847,-0.6571,0.2903,0.0434,0.1511,-0.6864,0.9732,0.9674,-0.1282,0.6639,0.2214,1.0623,0.2269
0.5189,-0.5877,-1.0066,-0.6259,-0.0067,0.105,0.2262,-0.7554,1.6664,0.6498,-0.1157,0.4166,0.7132,1.0757,-0.3615
0.4019,-0.5308,-1.3852,-0.4803,-0.0895,-0.322,0.1154,-0.6351,1.3096,0.3167,-0.3027,0.1536,0.8837,0.9446,-0.4201
0.7015,0.2368,-1.2784,-0.9315,-0.0529,-0.4795,0.3635,-0.5356,1.7493,-0.0084,-0.6054,-0.0004,0.7738,0.9686,-1.0735
0.4325,-0.7665,-0.7243,-0.8274,-0.0234,-0.5131,0.0277,-0.3013,1.75,-0.3019,-0.7741,-0.6294,0.7147,0.7599,-1.3538
0.4793,-0.6424,-0.3368,-0.7739,0.0458,-0.4799,-0.0848,-0.0566,1.6944,-0.3625,-0.6643,-0.5484,0.123,0.2662,-1.129
0.6384,-0.8023,-0.524,-0.7945,0.1257,-0.5585,-0.2479,1.0562,1.963,-0.3968,-0.654,-0.3933,0.0672,-0.0097,-1.1593
0.6482,-0.342,0.0583,-0.3952,0.0751,-0.4275,-0.2126,1.2999,1.9955,-0.4073,-0.2428,-0.2851,-0.2547,-0.5157,-1.1187
0.7124,-0.6605,0.5095,-0.4821,0.3137,-0.4836,-0.1807,1.6441,1.5633,-0.4686,0.2869,-0.0547,-0.6731,-1.0186,-0.9131
0.6277,-0.6152,1.0186,-0.705,0.6304,-0.2663,0.0359,1.7215,1.068,-0.2728,0.4107,0.3083,-0.6061,-1.2879,-0.7943
0.218,-0.3944,1.209,-0.4296,0.5511,0.3619,0.4442,1.608,0.4565,0.461,0.8146,0.5422,-0.6119,-1.5341,-0.2864
0.807,-0.1894,0.9308,-0.6131,0.4623,0.4799,0.597,1.5761,-0.2605,0.5116,0.8867,0.8903,-0.2553,-1.3615,0.1449
0.7737,0.0841,1.0421,-0.7126,0.6767,0.0402,0.9383,1.4675,0.1271,0.9393,1.0061,0.8593,-0.0776,-0.6636,0.6431
0.4657,0.2906,0.918,-0.9229,0.7682,0.4864,0.8355,0.4576,-0.1186,1.4191,0.6482,2.2949,0.1541,-0.4052,0.9939
0.4391,0.0955,0.2169,-0.9374,0.7305,0.2624,0.6759,0.1292,-0.6028,1.5741,0.5219,1.4646,0.3655,-0.0511,1.4547
-0.2236,0.1545,-0.547,-1.2576,0.3682,0.4608,0.8561,-0.4221,0.0164,1.6477,-0.1319,1.0622,0.5542,0.565,1.0795
0.1944,-0.3997,-1.2992,-1.4966,0.2738,0.2935,0.7759,-0.6918,0.5083,0.7661,-0.8123,0.6481,0.8486,0.9079,0.2095
0.6143,-0.6563,-1.24,-1.0212,0.0693,0.4516,0.3873,-0.7567,1.4553,0.8426,-1.0473,0.2349,0.9841,0.8984,-0.2317
0.4965,-1.0541,-0.8682,-0.7312,-0.0744,0.0867,0.4747,-0.5415,1.9527,0.9049,-0.9766,-0.2085,1.0186,0.9437,-0.375
0.3936,-0.9869,-0.926,-0.684,-0.3049,0.0426,0.2495,-0.4803,1.8613,0.6013,-0.7697,-0.4688,0.9071,0.4722,-0.3327
0.1155,-1.1393,-1.1447,-0.5345,-0.267,0.1159,0.1567,-0.3734,1.5876,0.2877,-0.9377,-0.4861,0.5128,0.5878,-0.9398
0.4782,-1.2704,-1.2364,-0.8052,-0.3359,0.1896,0.3328,0.218,2.0557,-0.1518,-1.0008,-0.7296,0.2996,0.5314,-1.3005
0.4165,-0.9993,-0.6459,-0.7793,-0.2493,-0.07,0.1015,0.8347,2.3924,-0.4009,-0.9373,-0.9425,0.0093,0.0023,-1.404
0.103,-0.7791,-0.4256,-0.6318,0.0073,0.1193,0.108,1.4872,2.2769,-0.6545,-0.6615,-0.817,-0.2317,-0.7044,-1.7083
0.1385,-0.7209,0.0432,-0.6975,0.143,0.1122,0.4362,1.7202,1.9549,-0.5916,-0.3862,-0.8519,-0.2299,-1.1587,-1.601
0.486,-0.884,0.5639,-0.5669,0.4743,-0.0584,0.3594,2.3751,1.8513,-0.4751,0.1396,-0.6773,-0.4136,-1.6545,-1.2093
0.55,-0.7504,1.1298,-0.4664,0.588,-0.1412,0.4,2.85,1.5113,-0.1372,0.5575,-0.2725,-0.7015,-2.1746,-1.4869
0.4982,-0.6047,1.6966,-0.5373,0.7224,-0.2239,0.7433,3.0252,0.9821,-0.0803,0.9199,-0.074,-0.5235,-2.7653,-0.819
0.6198,-0.3814,2.6316,-0.8448,0.9705,-0.4548,0.6191,3.2729,0.5488,0.57,1.1614,0.3936,-0.53,-2.8291,0.0985
0.8438,0.3929,2.5468,-1.2134,0.9256,-0.8303,0.4219,3.4134,0.1415,0.6691,1.2774,0.4727,-0.7155,-2.697,0.4967
0.4637,-0.9249,2.5132,-1.0437,1.1133,-0.6134,0.557,3.3755,1.2626,0.7414,1.4398,0.5925,-0.7243,-2.2964,0.7657
1.0053,-0.1793,2.798,-0.9692,1.2803,-0.595,0.3511,3.1136,0.2785,1.3942,1.7353,0.8438,-0.5563,-2.5481,1.1456
0.2603,0.1761,2.4019,-0.9225,1.3257,0.0166,0.5836,3.0507,-0.2701,1.9027,1.7918,1.5544,-0.9206,-2.4193,1.565
0.2308,0.2238,2.081,-0.9883,1.3079,-0.4325,0.6983,2.8624,-0.4055,1.8375,2.0329,1.9829,-0.9233,-1.7077,1.9258
-0.0431,0.6743,1.6246,-1.1396,1.1174,-0.1741,0.5105,2.0753,-0.7801,1.9548,1.6926,2.0849,-0.4843,-1.3125,2.1982
0.0237,0.0177,1.056,-1.1275,1.0679,0.0828,0.5082,1.4344,-0.6723,1.5115,1.2213,1.7058,-0.1718,-0.8871,2.1404
-0.1673,-0.245,0.5338,-1.1494,0.9107,0.2688,0.5519,0.9559,0.3218,1.8249,0.8263,0.1381,0.0296,-0.7147,1.7915
-0.1023,-0.5046,-0.0974,-0.8923,0.7538,0.004,0.5479,0.7791,0.3895,1.7824,0.2938,0.48,-0.101,-0.88,1.6005
-0.1535,-0.541,-0.3417,-1.0868,0.3681,-0.065,0.6098,1.2643,0.9529,1.4248,-0.0694,-0.0832,-0.0132,-0.6735,1.0281
0.2514,-0.9666,0.1106,-1.0435,0.12,-0.2779,0.6192,1.4943,1.7887,0.8978,-0.1637,-0.2004,-0.0205,-0.5547,0.7981
-0.1285,-0.9093,0.556,-0.7911,0.2586,-0.0307,0.9999,1.4059,0.991,0.7834,0.1436,0.1052,-0.2205,-0.7334,0.458
-0.1242,-0.9157,0.4008,-0.7262,0.1188,0.2935,1.0772,1.478,1.0597,0.7851,0.434,1.0794,-0.0622,-0.946,0.403
-0.3829,-0.6135,-0.0119,-0.6511,0.2893,0.0871,0.4186,1.3538,0.6086,0.7997,0.5132,0.8518,-0.0139,-0.7879,0.5996
-0.3562,-0.2209,0.1808,-0.8933,0.1705,0.4242,0.453,1.1255,0.6042,0.6128,0.2718,0.333,-0.077,-0.7792,0.3356
-0.1741,-0.1518,0.2162,-0.8865,0.2905,0.2062,0.4406,1.1541,0.9404,0.4189,0.3056,0.2354,-0.1605,-0.1905,0.1396
-0.5074,-0.2335,0.0694,-0.8342,0.2944,0.1619,0.571,1.0917,1.0895,0.082,0.2756,0.0854,-0.2517,-0.5454,-0.4237
-0.3587,-0.4673,-0.0808,-1.3188,0.135,-0.1801,0.2746,1.2056,1.1102,0.2328,-0.2382,0.0798,-0.2434,-0.6463,-0.5907
0.1905,-0.6298,-0.0606,-1.0642,0.3573,-0.2343,0.4276,1.576,1.3198,-0.1258,-0.1675,1.926,-0.3958,-0.8559,-0.8669
0.184,-0.4695,0.2597,-1.0067,0.3767,0.226,0.352,1.6791,1.1503,0.5469,-0.0238,1.2254,-0.6624,-1.1253,-0.6683
0.221,-0.7107,0.8465,-0.9007,0.2264,-0.2672,0.0121,2.1571,1.2445,0.8751,0.3571,0.582,-0.8862,-0.6948,-0.2575
0.0871,-0.5991,0.9508,-0.7683,0.0366,-0.1884,0.3532,2.0246,0.9582,0.7367,0.4739,0.8921,-0.9297,-0.7521,-0.3457
-0.0422,-0.0132,1.0185,-0.8329,0.4793,0.1499,0.1305,1.896,1.1497,0.7689,0.8516,0.4516,-0.6246,-0.803,0.044
-0.0419,0.1185,0.1756,-1.0162,0.4575,0.6983,0.3036,1.3793,0.6882,0.9762,0.6397,0.348,-0.21,-1.1322,0.085
0.3341,-0.0389,0.1665,-0.9053,0.3801,0.517,0.2005,1.2229,1.0889,1.0223,0.2816,0.7543,-0.4456,-1.1847,0.1409
-0.016,-0.3089,0.1691,-0.6658,0.1683,0.1132,0.3464,1.659,1.174,1.0308,0.4193,0.3678,-0.7424,-1.075,0.1967
0.2366,-0.7914,0.3324,-0.4595,0.1429,-0.1194,1.013,1.8296,1.2642,0.8075,0.6339,0.7948,-0.7493,-1.1652,0.236
0.525,-0.4823,0.47,-0.2179,0.3045,-0.1255,0.83,1.9982,1.2251,1.1665,0.5393,0.4766,-0.4948,-1.1653,0.8693
-0.0252,-0.1782,0.5871,-0.5711,0.0064,0.117,0.8779,2.2871,0.7987,1.666,0.7373,0.0659,-0.4979,-1.3959,1.0503
-0.0406,-0.2767,0.7465,-0.8019,-0.131,0.3866,0.374,2.2134,1.6137,0.7793,0.9109,0.6346,-0.3138,-1.3902,1.1483
0.3099,-0.1971,0.8942,-1.0921,0.1382,-0.0948,0.441,2.1287,1.0467,1.1894,0.7955,0.6778,-0.5806,-1.6729,0.8504
0.3694,-0.3512,0.8385,-0.992,0.2898,-0.0863,0.1095,1.7023,0.6001,1.1774,0.8501,0.3508,-0.5593,-1.7673,0.9185
0.0546,0.2107,0.7836,-1.0335,0.2046,0.9431,0.1295,1.5671,0.3787,1.5545,0.1234,0.2254,-0.5348,-1.4471,0.6759
0.3195,-0.4001,0.4329,-0.9766,0.1083,0.6066,0.0878,1.9002,0.1935,1.4321,0.2596,0.197,-0.4867,-1.2516,0.5756
0.2206,-0.3522,0.4204,-0.9325,-0.1584,0.3991,-0.1139,2.1316,0.857,1.5134,0.4315,0.6394,-0.8969,-1.0954,0.6368
0.0945,-1.129,0.7953,-0.8096,-0.1036,0.6218,0.3608,2.0125,0.783,1.0034,0.8238,0.3643,-0.9347,-1.1024,0.2674
0.3809,-0.7651,0.8375,-0.8917,-0.0577,0.5938,0.079,1.705,0.9078,1.1365,0.8628,0.4207,-0.5275,-1.1605,0.7195
0.2786,-0.335,0.7547,-0.9344,0.4223,-0.0405,-0.0929,1.9399,1.3015,1.1976,0.92,0.2197,-0.6437,-0.9507,0.7611
0.3012,0.0056,1.0022,-0.9079,0.2785,-0.2581,-0.0107,1.5245,0.8446,1.1739,0.9865,0.4484,-0.6149,-1.3776,0.6018
0.407,-0.2703,0.8603,-0.7004,0.2771,0.0014,0.3233,1.3574,0.8435,1.345,1.2572,0.5625,-0.3782,-0.9231,0.7709
0.6448,0.0349,0.551,-0.8448,0.2093,0.0233,0.4489,1.0981,1.0815,2.1386,1.5292,0.4577,-0.2734,-1.0583,1.4167
0.294,0.4186,0.3269,-1.0166,0.199,-0.0688,0.2049,1.3717,0.7281,1.6911,1.1565,0.1691,-0.1109,-0.5921,1.6166
0.1237,0.0384,0.2341,-0.9534,-0.0951,-0.0622,0.1392,1.2792,0.7598,1.1529,0.7636,0.4115,-0.3334,-0.9558,1.2563
0.4154,-0.7089,0.2494,-0.7876,-0.0612,-0.3277,0.359,1.3649,0.8884,1.0965,0.7046,0.3989,-0.3688,-1.0119,0.7594
0.1831,-0.1542,0.2936,-0.8226,0.2019,-0.3199,0.1573,0.9802,0.7679,1.4956,0.8843,0.4018,-0.2498,-0.9725,0.8064
0.3499,-0.3525,0.1231,-0.8343,0.3158,0.1678,0.4565,1.5266,1.0398,1.4419,0.5535,0.4229,-0.1943,-0.7706,0.7958
0.1511,-0.4215,0.5359,-0.7051,-0.0892,0.061,0.4068,1.3934,1.1707,1.1968,0.5946,-0.2551,-0.0286,-0.8167,0.7629
-0.0688,-0.3232,-0.2628,-1.0618,-0.1328,0.2646,0.202,1.4132,1.0431,0.6582,0.6756,-0.197,-0.2099,-0.9486,0.5243
0.2003,-0.5147,-0.2429,-0.802,0.3595,0.2167,0.1761,1.23,1.5881,0.8111,0.7215,-0.5401,-0.01,-0.8838,0.1444
0.1588,-0.4376,0.3689,-0.6622,0.2595,0.6355,-0.1431,0.9955,1.5286,1.0925,0.8894,-0.4421,0.1202,-1.2036,0.5779
-0.031,-0.3655,-0.1934,-0.817,0.1329,0.614,-0.1887,1.0167,1.4767,1.1114,0.8543,0.1391,-0.1746,-1.0697,0.3086
0.1629,-0.1639,-0.1364,-0.9196,-0.0188,0.4993,-0.5094,1.1892,1.7131,0.7878,0.6453,0.4411,-0.3428,-1.1416,0.2028
-0.1691,0.1137,0.327,-1.1766,-0.2044,0.639,-0.4587,1.4178,1.7354,0.7182,0.5868,0.5897,-0.3001,-1.2977,-0.0126
-0.0134,-0.3451,0.2693,-1.0325,-0.0992,0.8925,-0.8796,0.9248,0.6875,0.896,0.8867,0.9611,-0.6247,-1.171,-0.1307
0.2554,-0.2605,-0.0356,-1.0875,0.0676,0.7195,-0.4841,1.0289,1.0314,0.8871,0.7984,0.733,-0.8828,-0.875,-0.2465
0.081,-0.0106,0.0867,-0.929,0.0162,0.4131,-0.3574,1.0889,1.3427,0.8102,0.9215,0.8395,-0.4331,-1.2274,-0.1574
-0.0439,-0.4562,0.1926,-0.8051,-0.0783,0.3393,-0.3291,1.5998,1.1558,1.1266,0.9368,0.1494,-0.7829,-0.8173,-0.0679
0.0633,-0.3395,0.5845,-0.7276,-0.1323,0.1677,-0.0576,1.3994,1.1068,1.0696,1.1804,0.0719,-0.699,-1.2938,0.0581
0.0681,-0.3852,0.2029,-0.8642,0.115,0.2966,-0.3369,1.5827,0.9878,1.4723,1.1041,0.7612,-0.7496,-1.1561,0.6724
0.3979,-0.0133,0.6688,-1.1019,-0.0692,0.0416,-0.4332,1.8071,1.5288,1.5203,1.2058,0.9924,-0.8401,-1.7091,0.6655
0.1599,0.0263,0.4331,-1.0612,0.0059,-0.1009,-0.3527,2.1754,1.0627,1.3745,1.1209,0.6139,-0.9073,-1.687,0.454
0.3406,0.1935,0.8592,-1.1122,-0.0819,-0.7321,-0.2455,2.5923,1.441,1.1069,1.1693,0.8445,-1.0771,-1.8991,0.4983
-0.2357,-0.0129,1.2913,-0.9849,-0.0924,-0.2196,-0.1871,2.4826,0.7733,1.0489,1.4343,0.6042,-0.9674,-2.1794,0.6719
-0.6212,-0.072,1.397,-1.1081,0.2345,0.2463,-0.103,2.3869,0.0783,0.9562,1.5523,0.5566,-0.995,-2.4282,0.7914
-0.0561,0.1341,1.0981,-1.0515,0.1539,0.0147,0.2068,2.449,0.2712,1.2256,1.6155,0.4911,-1.028,-2.4031,0.828
-0.0049,-0.3357,0.8813,-1.0512,0.1757,-0.0335,0.2317,2.4358,0.2804,1.5277,1.9785,1.1077,-0.8252,-1.7538,1.3324
0.0504,0.0336,1.1326,-1.1683,0.1372,-0.0052,0.083,2.0939,0.0963,1.8408,1.7829,1.3794,-0.4301,-1.7136,1.478
-0.011,0.345,0.8804,-1.064,-0.0716,0.0131,-0.2652,1.7192,-0.2326,1.8959,1.6571,1.4948,-0.5561,-1.538,1.5885
-0.7422,0.1398,0.2401,-1.1861,0.0558,0.052,-0.6703,1.3257,0.4504,1.5093,1.4606,0.8063,-0.5482,-1.3197,1.2027
-0.3526,-0.1577,0.3201,-0.9766,-0.1284,-0.1942,-0.3452,1.3732,1.1638,1.0941,1.1598,0.4521,-0.6467,-1.744,0.9426
0.1316,-0.4241,0.4967,-0.9371,0.0733,-0.5433,-0.3418,1.942,1.0595,1.3726,1.2023,0.7388,-0.6905,-1.7601,0.832
0.0939,0.0748,0.3169,-1.0362,-0.0873,-0.2651,0.0631,2.0207,0.9322,1.8821,1.219,1.1897,-0.8323,-1.6607,0.9521
0.0207,0.0739,0.4659,-1.2299,-0.3079,-0.3656,0.6313,2.1301,0.8772,1.6944,1.0118,0.8506,-0.5868,-1.719,0.9531
0.0029,-0.219,0.7687,-1.1306,-0.2921,-0.3262,-0.7185,2.303,0.573,0.9532,1.1039,0.9282,-0.3579,-2.2522,0.9097
-0.3133,-0.2593,0.77,-0.9656,-0.0859,0.4069,-0.5737,1.8347,0.0844,1.2645,1.3094,0.6785,-0.7958,-1.7619,1.004
-0.4085,-0.2072,0.4765,-0.9943,0.021,0.6179,-0.5614,1.5423,0.5229,1.3667,1.4678,0.8712,-0.8254,-1.4769,0.7094
0.2788,0.3183,0.4631,-1.1942,0.1723,0.7861,0.3203,1.2193,0.5407,1.3717,1.0927,0.9003,-0.7235,-1.5557,0.6479
-0.254,0.0499,0.3516,-1.1571,0.1064,0.5172,0.1353,0.9531,0.1,1.8602,1.0424,0.4802,-0.221,-1.4951,0.9217
0.3905,-0.3184,0.0052,-1.0106,0.842,-0.0697,0.2444,1.2531,1.0838,1.8429,1.0695,0.3949,-0.2811,-1.1448,0.9943
-0.0745,-0.4134,-0.1326,-0.9447,0.5496,-0.1639,0.2591,1.2102,1.1009,2.0887,1.0343,0.1914,0.0647,-1.9396,0.8082
0.0797,-0.3292,0.2254,-0.8608,0.1606,-0.0422,0.8604,1.4872,1.4114,1.7073,1.1109,0.1194,0.1433,-1.9229,1.0688
-0.1498,-0.1723,0.2622,-1.0182,0.1663,0.031,0.7416,1.5868,0.9435,2.2532,1.1251,0.5043,0.1079,-2.0719,1.4093
0.0292,-0.5603,0.4023,-1.1786,0.0397,-0.4794,0.6921,1.5646,0.9073,1.85,0.8846,0.4665,0.0746,-1.8539,1.2857
0.3301,-0.1101,0.9013,-1.3307,-0.0142,-0.6084,0.5496,1.6859,1.0081,1.776,1.0987,0.6877,0.1719,-1.5345,1.3458
-0.1638,-0.208,0.7477,-1.225,-0.0015,-0.5075,0.2836,1.7824,0.863,1.6625,0.7904,0.6763,0.1135,-1.3207,1.4521
-0.3623,-0.5237,0.4235,-1.2767,0.0568,0.1483,0.1861,1.7258,0.9723,1.8049,0.9041,0.3908,-0.214,-1.2533,1.4371
-0.2218,-0.4746,0.7033,-1.086,0.2049,0.2465,-0.055,1.5521,0.8493,1.8839,1.0559,0.3476,-0.1329,-1.3198,1.3528
0.0182,-0.2156,0.6523,-1.1189,0.3182,-0.1513,-0.0854,1.3961,0.8913,1.7343,1.2727,0.2365,-0.4216,-1.4813,1.0997
-0.0001,-0.2878,0.5216,-1.221,0.1097,-0.0516,0.0425,1.283,0.4461,1.7846,1.2968,0.9657,-0.3317,-1.3922,1.1761
-0.0241,-0.2204,0.4227,-1.3178,0.2926,0.1641,0.0448,1.5223,0.7305,1.515,1.2292,0.566,-0.1933,-1.2602,1.1762
-0.1962,0.3589,0.3482,-1.4871,0.5294,0.2373,-0.25,1.3598,1.207,1.9203,0.9221,0.5662,-0.2457,-0.6465,1.1177
-0.0824,-0.0319,0.5925,-1.4892,0.2797,0.143,0.0058,0.9444,1.0457,1.1997,0.7235,0.718,-0.2991,-1.3709,0.5307
0.0622,-0.5657,0.5647,-1.483,0.283,0.0753,0.212,1.3028,1.093,1.5382,0.645,0.571,-0.3753,-0.9405,0.5012
0.2159,-0.3115,0.6429,-1.5027,0.2566,0.0837,0.3661,1.2769,0.8807,1.7369,0.701,0.1514,-0.181,-1.3271,0.6386
0.0264,-0.3605,0.3971,-1.2137,0.1245,0.2192,0.4841,1.1257,0.9417,1.9393,0.778,0.3308,-0.0058,-1.5269,0.891
-0.1628,-0.451,0.0538,-1.049,0.0419,0.5448,0.4304,1.2348,0.972,1.9247,0.9521,0.2982,0.2548,-1.3828,0.9446
-0.1918,-0.8589,-0.1214,-0.7939,0.1941,0.3831,0.14,1.1251,1.1189,1.5046,0.995,0.4443,0.0553,-1.2769,1.1327
0.1303,-0.4299,0.3911,-1.0763,0.283,0.1091,1.1761,1.1303,1.0778,2.064,0.7678,0.4811,-0.3037,-1.3672,1.0227
-0.2288,0.045,0.0533,-1.3548,0.1844,-0.1858,0.8362,1.2791,1.0437,2.1181,0.9486,0.4278,0.1337,-1.4609,1.3682
-0.2675,-0.0569,0.288,-1.3155,-0.1,-0.1856,0.5265,1.0291,1.0209,1.5962,0.8633,0.3456,0.2083,-1.4468,1.0848
-0.3789,-0.0106,-0.3725,-1.0452,-0.0359,-0.0526,0.2628,1.0707,1.1064,1.2204,0.745,0.7111,0.1267,-1.9377,0.615
-0.1342,-0.3071,-0.3348,-0.9746,-0.1722,0.185,0.292,1.5215,1.5595,0.9067,0.6387,0.7911,-0.0515,-1.9288,0.2872
-0.1226,-0.4029,0.0866,-1.0112,-0.1861,0.1644,0.3446,1.8274,1.2297,0.628,0.6069,0.5837,-0.0822,-1.8998,0.2819
-0.0842,-0.2333,0.4841,-1.056,-0.1594,-0.0452,0.2692,1.8033,0.9234,0.9571,0.8173,0.3254,-0.2663,-2.0325,0.3966
-0.025,-0.285,-0.0662,-1.3384,0.1654,0.6369,0.1459,1.6177,0.9585,1.1602,0.7306,0.2785,-0.5662,-1.8216,0.1716
-0.2779,-0.2792,-0.1118,-1.251,0.0394,0.8159,-0.1111,1.4603,1.5545,1.231,0.8377,-0.199,-0.5105,-1.6351,0.222
-0.2478,-0.3225,0.0902,-1.3212,-0.0401,0.7156,-0.1786,1.8665,1.5912,1.2578,0.8596,-0.364,-0.6534,-1.4583,0.1545
-0.1038,-0.1089,0.4674,-1.5368,-0.2465,0.0207,-0.3084,1.9919,1.6668,0.9332,0.893,-0.3392,-0.8643,-1.5287,0.0124
-0.3282,0.2083,0.9822,-1.5443,-0.0643,0.1517,-0.0849,2.0486,1.5962,0.373,0.9584,-0.3721,-1.0224,-1.9232,-0.3178
-0.407,-0.1455,0.9675,-1.4375,-0.1792,0.4828,-0.3165,1.9817,1.0732,0.3305,1.3802,0.7059,-1.1516,-2.1033,-0.3952
-0.2998,-0.0585,1.365,-1.4719,0.1644,0.6438,-0.3293,1.6845,0.3457,0.5356,1.393,0.8532,-1.2195,-1.8225,-0.0103
-0.2021,0.128,0.8698,-1.3161,0.3493,0.6953,-0.0047,1.6747,0.2801,1.0544,1.3431,0.9179,-1.0368,-1.6004,-0.0138
-0.3899,-0.4426,0.5185,-1.2007,0.1898,0.8639,-0.3098,1.4551,0.522,1.0203,1.531,0.2849,-0.6139,-1.4944,0.2831
-0.3617,-0.0471,0.1773,-1.2364,0.1986,0.6571,-0.0143,1.3143,0.4875,1.1284,1.4647,0.6077,-1.042,-1.8024,0.3322
-0.0528,0.5628,0.2792,-1.4381,-0.0185,0.6361,-0.0317,1.1765,0.5491,1.0306,1.2279,0.7872,-0.5371,-1.6512,0.1145
-0.1669,0.3687,0.1483,-1.4682,0.0673,0.2957,0.0728,1.437,0.8755,0.9456,1.1492,0.8208,-0.6952,-1.5792,0.4491
-0.6586,-0.0625,0.0111,-1.5445,-0.0237,0.2085,-0.1642,1.3771,0.3527,0.6885,0.8893,0.4505,-0.5197,-1.771,0.2636
-0.3013,-0.3608,-0.1827,-1.432,0.1079,0.2027,-0.0663,1.3587,1.4941,0.5762,1.0582,0.3066,-0.334,-2.0753,0.2566
-0.3008,-0.0364,-0.1404,-1.2258,0.1396,0.3883,-0.2291,1.2672,1.2834,1.6714,0.9941,0.1401,-0.4086,-1.8334,0.5442
0.0157,-0.183,0.0589,-1.3084,-0.182,0.7821,-0.2921,1.2264,1.157,1.6496,1.0905,0.0174,-0.4429,-1.8439,0.6888
-0.0233,-0.1149,-0.0373,-1.2865,-0.1951,0.4634,-0.238,1.1078,0.7233,1.3807,1.0773,0.1712,-0.4155,-1.8019,0.5927
0.2595,-0.123,-0.1713,-1.3803,-0.1475,0.0288,-0.2139,1.5346,1.0069,1.365,0.894,0.4486,-0.4037,-1.8877,0.3992
-0.1307,0.2663,-0.0686,-1.5706,-0.1066,-0.2869,0.1883,2.1398,1.5614,1.2493,0.7823,0.2236,-0.7366,-1.9766,0.5365
-0.1112,-0.414,0.4398,-1.1407,-0.491,0.1945,0.0174,2.0444,1.2543,0.4919,1.3087,0.0762,-0.5577,-2.0484,0.4354
-0.0778,-0.2399,0.3982,-1.1959,-0.2268,-0.0589,0.0226,2.0552,1.1205,0.4998,1.4159,0.5222,-0.6723,-2.1619,0.4023
-0.2668,-0.2212,0.5195,-1.1085,0.1071,-0.2823,0.0174,2.0007,0.9473,0.8556,1.3322,0.6456,-0.457,-1.8647,0.4965
0.0083,-0.2953,0.814,-1.4259,-0.0346,-0.1787,0.0888,1.8016,0.5666,1.1172,1.5207,0.5078,-0.6627,-2.1075,0.5389
0.0237,0.189,0.6098,-1.3846,0.1174,0.1224,0.2489,1.7252,0.2976,1.2125,1.5418,0.7421,-0.6745,-2.0006,0.9034
-0.1788,0.0159,0.5009,-1.4515,0.0717,0.1741,0.4785,1.1587,0.0276,1.8062,1.2882,0.9679,-0.6484,-1.8778,1.0796
0.2723,-0.1902,0.1823,-1.384,-0.0652,0.5271,0.4214,0.9611,0.4028,1.8215,1.1472,1.0044,-0.2466,-1.0756,1.313
0.1763,-0.0364,-0.1784,-1.2929,-0.0866,-0.3317,0.2693,1.4142,1.2575,2.0723,0.4757,0.4628,-0.3239,-0.7904,1.3816
0.2491,-0.2483,0.4493,-1.3155,-0.2308,-0.4555,0.4431,1.5717,1.112,1.7412,0.8477,0.0416,-0.4988,-1.3671,1.3045
-0.0921,-0.265,-0.0551,-1.2733,-0.2048,-0.3931,0.3264,1.739,1.1049,1.6452,1.0465,0.2488,-0.4519,-1.6573,0.9009
-0.0025,-0.312,0.2303,-1.0451,-0.2362,-0.5015,-0.0116,2.0472,1.2753,0.7759,1.2363,0.5276,-0.5759,-1.6113,0.9137
0.0525,-0.4009,1.2349,-1.1294,-0.2871,-0.4223,0.0705,2.2359,1.125,0.7654,1.6182,0.2082,-0.7377,-2.2672,0.8619
0.0041,-0.1791,1.1471,-1.2699,-0.1002,-0.2871,-0.0218,2.3087,0.5318,1.0555,2.0307,0.6289,-1.0209,-2.2188,0.9779
0.0176,0.1785,0.9754,-1.3546,-0.0294,-0.7224,0.0506,2.543,0.2753,1.4654,1.7665,0.4639,-1.0287,-1.9049,0.951
-0.0462,-0.0295,0.996,-1.2656,0.1902,-0.5242,-0.0867,2.5749,0.5009,1.3015,1.9192,0.2539,-0.9526,-1.5822,0.9345
-0.0668,-0.1466,1.0283,-1.5192,0.228,-0.3828,0.0449,2.3254,0.346,1.3325,1.6469,0.7867,-0.9499,-1.7178,0.7809
0.2374,0.0064,1.3787,-1.3863,0.1306,-0.3198,0.3799,1.8936,0.5505,1.5414,1.6618,0.9548,-0.8436,-1.9718,0.799
-0.0527,0.0439,0.8883,-1.3407,-0.2067,-0.2029,0.08,2.0441,1.148,1.1703,1.5976,1.4387,-0.5636,-1.6686,1.0504
0.0328,-0.1569,0.8803,-1.5288,-0.2036,-0.189,0.0358,1.2937,-0.1319,1.5358,1.375,1.2035,-0.7009,-1.2066,0.9986
0.4905,0.0522,0.3089,-1.4185,-0.1479,-0.4659,-0.0755,1.4092,-0.0574,1.3224,1.2386,0.831,-0.736,-1.1047,1.0794
0.3313,-0.2567,0.4004,-1.4482,-0.1972,-0.5821,-0.0639,1.3781,0.1059,1.6764,1.2793,1.174,-0.6998,-0.6645,1.1502
0.2881,-0.0663,0.4836,-1.3506,-0.1228,-0.4298,0.4262,1.2855,0.311,1.9812,0.9656,1.4456,-0.8224,-0.3058,1.0414
-0.0489,0.0507,0.1733,-1.3197,-0.012,-0.3703,-0.027,1.4504,0.1155,2.7596,1.0971,1.0591,-0.8564,0.003,1.5474
-0.3211,-0.3713,-0.1389,-1.332,0.0433,-0.097,-0.1763,1.4164,0.3932,2.0422,0.9547,0.7104,-0.8906,-0.1517,1.5939
-0.6169,-0.6471,-0.3344,-1.2767,-0.2553,0.0667,-0.193,0.8883,0.5974,1.5979,0.7924,0.4277,-0.6268,-0.4395,1.0565
-0.3647,-0.9113,-1.0023,-1.1324,-0.7138,0.6561,-0.1746,0.7174,0.7375,1.407,0.5289,0.6906,-0.6831,-1.4164,0.4911
0.046,-1.0417,-0.6774,-1.3566,-0.597,0.1053,-0.5056,1.0776,1.2632,0.9538,0.5715,1.184,-0.7561,-1.0741,0.0916
0.0037,-1.196,-0.2172,-1.7623,-0.6768,0.265,-0.5941,1.7566,1.7488,0.6145,0.603,0.8291,-0.9798,-0.9842,-0.509
-0.1631,-0.7045,0.5087,-1.4526,-0.3786,0.2547,-0.5475,1.6724,1.3675,0.7313,0.8787,0.5957,-1.1431,-1.3131,-0.8145
-0.0571,-0.0162,0.5791,-1.3271,-0.1899,0.6671,-0.1625,1.5911,1.0552,0.6138,1.4847,0.1132,-1.3551,-1.4062,-0.4187
-0.2963,-0.4498,0.1978,-1.2623,0.5435,0.3877,-0.2168,1.386,0.5242,0.9482,1.5921,0.3547,-1.2877,-1.5037,-0.2859
0.064,-0.5774,0.169,-1.5596,0.509,-0.114,-0.432,1.6914,1.0192,1.3517,1.1138,0.2106,-1.1141,-1.3476,-0.1307
0.2133,-0.2081,0.7576,-1.4698,0.3537,-0.3569,-0.2644,2.2178,1.5696,1.4976,1.3702,-0.0236,-1.2501,-1.498,0.2126
0.1839,-0.2834,0.8051,-1.6247,0.1092,-0.5159,-0.0498,2.464,1.0606,1.5654,1.3584,-0.2662,-1.5046,-1.6351,0.2503
0.2227,-0.2269,0.543,-1.4449,0.0516,-0.34,-0.1754,2.3892,0.8529,1.7307,1.7846,0.4612,-1.4324,-1.6416,0.8492
-0.0752,0.7346,0.5283,-1.7006,0.0697,-0.2846,-0.0845,2.1782,1.004,1.5105,1.4527,-0.2702,-1.2715,-1.4985,0.9379
-0.1847,0.3962,0.391,-1.722,0.0981,-0.0485,0.0232,2.2363,1.1009,0.8282,1.246,0.9119,-1.361,-2.1117,0.4986
-0.1582,-0.3969,0.3559,-1.7079,0.5425,-0.1014,-0.063,2.4273,1.0066,0.7892,1.1349,0.4654,-1.3821,-2.1146,0.2831
-0.0551,-0.353,0.7082,-1.6668,0.3539,0.1024,-0.096,2.4287,0.9623,1.283,0.8575,0.3462,-1.2419,-2.1261,0.1573
-0.257,-0.3606,0.5821,-1.3144,0.0315,-0.0697,-0.0936,2.4687,0.9062,1.3817,1.1645,0.7474,-1.2733,-2.2931,0.2589
-0.2137,-0.4921,0.9299,-1.3185,0.2744,-0.1732,0.0415,2.7462,0.924,1.1352,1.7089,0.4155,-1.4006,-2.3119,0.5348
0.0063,-0.2538,1.37,-1.4278,0.1639,-0.0886,0.2986,2.8074,0.3251,1.6221,1.9622,0.5297,-1.5229,-2.683,0.9365
-0.3521,-0.1206,0.9926,-1.4511,-0.0192,0.1185,0.1215,2.5842,0.2398,1.2164,2.1284,1.0976,-1.2496,-2.5807,0.6115
-0.6492,-0.2562,0.6968,-1.695,0.1626,0.1466,-0.0121,2.3905,0.2078,1.2013,1.7771,1.2381,-1.4851,-2.4344,0.9469
-0.5657,0.064,0.6129,-1.7454,0.3144,0.3181,-0.5135,2.3846,0.8033,1.3443,1.6638,1.0911,-1.4202,-2.2601,0.9929
-0.4135,-0.5622,0.914,-1.5901,0.2614,0.6676,-0.1061,1.8906,0.1791,1.6146,1.9153,1.0296,-1.444,-2.3087,1.1304
-0.6805,-0.378,1.0178,-1.6514,0.0879,0.6282,-0.1231,1.8402,0.3678,1.9627,1.6979,1.4557,-0.7992,-1.8456,1.2341
-0.1613,-0.2207,0.5452,-1.5134,-0.1427,0.4614,-0.1637,1.3126,-0.1781,1.5414,1.4599,0.6996,-1.0069,-1.5492,1.1303
-0.0137,0.0529,-0.1703,-1.7033,-0.1477,-0.1086,-0.4045,1.3715,0.1149,2.0564,1.1754,0.6159,-0.7985,-0.9358,1.1093
-0.1281,-0.3577,-0.5243,-1.6076,0.0281,0.0069,-0.5497,0.9444,0.7981,1.8614,1.0478,0.4519,-0.8999,-0.5156,0.8151
-0.4311,-0.5568,-1.1408,-1.4044,-0.3028,0.1918,-0.0541,0.7524,0.9685,1.9812,0.7628,0.4098,-1.0284,-0.4682,0.4246
-0.0533,-0.576,-1.1161,-1.4511,-0.8933,0.1807,0.1313,0.7596,1.0849,1.6841,0.5852,0.3681,-0.8347,-0.6577,0.2125
-0.0263,-0.7733,-1.1158,-1.4741,-0.8993,0.3026,-0.1406,0.4486,1.7673,0.9521,0.4534,0.1853,-0.6221,-0.5183,-0.2219
-0.1903,-0.7026,-0.8698,-1.5333,-0.8148,0.2603,-0.3053,0.1632,1.3575,0.9733,0.4396,0.2138,-0.7579,-0.5523,-0.5657
-0.1845,-0.7528,-1.0838,-1.4804,-0.6601,0.4403,-0.2916,0.65,1.6211,0.9106,0.4676,-0.4822,-1.0599,-0.0329,-0.5104
-0.2998,-0.9401,-0.8522,-1.27,-0.6547,0.5591,-0.437,0.7619,1.9381,0.2789,0.42,-0.6628,-0.7913,-0.4601,-0.8094
-0.3541,0.9533,-0.8049,-1.4551,-0.607,0.5698,-0.4717,0.6004,2.0174,0.3761,0.3006,-0.9679,-0.8112,-1.0625,-1.0048
0.1058,-0.6615,-0.1781,-1.2411,-0.3315,0.5899,-0.5654,0.9864,2.1909,-0.5449,0.5267,-0.7191,-1.0095,-1.4877,-1.5419
0.2461,-0.5655,0.0991,-1.4283,-0.1716,0.4672,-0.6038,1.5706,2.476,0.1017,0.7753,-0.6416,-0.9983,-1.8483,-1.3796
-0.3305,-0.2751,0.5881,-1.5834,0.0502,0.4599,-0.5792,1.5918,1.4654,0.3725,0.9393,-0.1218,-1.2488,-2.2287,-1.2145
-0.0977,-0.5885,0.5102,-1.3782,0.2372,0.4778,-0.4837,2.0676,1.4045,0.2271,1.0514,0.0819,-1.3184,-2.3077,-1.1521
-0.2019,-1.1321,0.7664,-1.5114,0.2072,0.0736,-0.1417,2.261,0.8856,0.5118,1.3081,0.4991,-1.4992,-2.3934,-0.8718
-0.3175,-0.5448,0.9373,-1.4786,0.2876,-0.3509,-0.6792,2.5151,0.8498,1.2394,1.6752,0.52,-1.6532,-2.0712,-0.3933
-0.2597,-0.4325,1.1117,-1.5077,-0.0069,0.0668,-0.7031,2.0585,0.562,0.7134,1.8365,0.6083,-1.8145,-2.2451,-0.3493
-0.0094,-0.1164,0.8242,-1.6963,0.171,0.1542,-0.4528,2.1299,0.7825,0.7525,1.8,0.8319,-1.6145,-2.0134,-0.4199
-0.3185,-0.6534,0.9757,-1.4668,0.2904,0.0309,-0.0766,1.8571,1.1046,0.7066,1.6817,1.2763,-1.3266,-2.0905,0.1545
0.1479,-0.2329,1.2223,-1.7051,0.2564,0.1991,0.2527,2.0471,0.5063,1.1892,1.8439,1.3525,-1.2986,-2.4566,0.3348
-0.1518,0.1643,1.4603,-1.5887,0.0999,0.0083,0.0919,2.0257,0.667,1.4287,1.8761,1.286,-1.3043,-2.0235,0.8617
0.0733,0.3215,1.0854,-1.5554,0.26,-0.0164,0.5047,1.7934,-0.1297,1.4635,2.0947,1.1257,-1.3825,-1.8464,1.0847
0.327,0.1287,0.7871,-1.6071,0.273,0.1269,0.7532,1.6217,0.9022,2.0729,1.804,1.5655,-1.0954,-1.5954,1.1963
0.2484,-0.2343,1.0274,-1.6185,0.1013,0.0105,0.4859,1.1307,-0.077,2.665,1.9071,0.2938,-0.9085,-1.531,1.8165
-0.0969,0.0598,0.5534,-1.498,0.2904,-0.3529,0.2886,0.9139,0.2844,2.4979,1.8134,0.6788,-0.7212,-1.0245,2.2478
0.1514,-0.4672,0.2046,-1.3949,-0.1649,-0.2141,-0.1373,0.5089,0.1058,2.2887,1.5214,0.3947,-0.4125,-0.6513,2.1131
-0.1415,-0.0875,-0.1137,-1.3332,-0.168,0.2053,-0.2557,-0.2569,0.648,2.1757,1.1096,0.4979,-0.5557,-0.3427,1.6955
-0.0773,-0.764,-0.4349,-1.2892,-0.3072,0.1171,-0.1826,-0.2315,0.5975,1.9276,1.0452,0.5251,-0.7074,0.1333,1.1638
0.1342,-0.2508,-0.809,-1.3954,-0.3385,0.1356,-0.1593,-0.0204,0.9137,2.0272,0.8859,0.4069,-0.7462,0.1385,1.1774
-0.1982,-0.6337,-1.0012,-1.2391,-0.3111,0.2812,-0.5666,-0.4535,1.3233,1.6298,0.8356,0.4367,-0.6562,0.1928,0.9052
0.2783,-0.6801,-1.2999,-1.2624,-0.4947,0.2648,-0.5004,-0.3071,1.5414,1.5026,0.5127,0.2379,-0.9437,0.269,0.2976
0.2815,0.2988,-1.3337,-1.4506,-0.5555,0.4285,-0.3884,-0.2162,2.2486,1.1269,-0.0277,-0.4469,-0.858,0.1299,-0.2067
0.043,-0.4137,-0.8704,-1.3606,-0.6711,0.184,-0.5917,0.2899,2.3025,-0.0358,0.1005,-0.9842,-1.0335,-0.5046,-1.1398
0.2945,-1.0756,-0.9931,-0.9029,-0.5286,0.0072,-0.7071,0.7341,2.3232,0.1274,0.3559,-0.8849,-1.4076,-0.5533,-1.2489
0.6848,-0.8877,-0.422,-1.2363,-0.3948,-0.3452,-0.3562,1.095,2.3072,0.6922,0.7319,-0.5096,-1.3569,-1.0169,-1.0475
0.2432,-0.6876,0.0455,-1.2616,-0.3581,-0.4738,-0.3262,1.6454,2.3792,0.412,0.7262,-0.4985,-1.4087,-1.4509,-0.9122
0.4272,-0.6451,0.5885,-1.2477,-0.3368,-0.4313,-0.16,2.0387,1.9015,0.2023,1.1625,-0.0187,-1.659,-1.9329,-0.9422
0.3421,-0.2335,0.8143,-1.201,-0.0349,-0.3454,0.109,2.2241,1.3433,1.1207,1.5049,0.2853,-1.4445,-1.9762,-0.609
-0.0597,-0.2608,0.644,-1.3894,0.3023,0.1725,0.19,1.901,0.6633,1.3448,1.5544,0.3651,-1.4481,-2.2391,-0.106
-0.0722,-0.208,0.3331,-1.592,-0.0046,0.0559,-0.189,1.8762,0.9842,1.2345,1.2088,0.8032,-1.3455,-1.999,0.1811
0.6403,-0.3489,0.8653,-1.7313,-0.1096,0.0325,-0.0446,1.616,0.9217,0.8372,1.1676,0.6449,-1.3798,-2.6399,-0.1316
0.7309,-0.3787,1.4958,-1.9026,0.0374,-0.1274,0.045,1.8752,0.7869,1.2248,1.1658,0.6448,-0.9772,-2.2272,-0.1406
0.6673,-0.9453,1.4799,-1.5475,0.1346,-0.2608,-0.1165,1.9239,0.4776,1.5399,1.4463,0.6277,-1.3081,-1.8437,0.1908
0.4889,0.0101,1.0249,-1.6258,0.0346,0.4577,0.1661,1.6921,0.6564,1.846,1.5468,0.9694,-1.3163,-1.8933,0.7134
0.1786,0.1006,0.5832,-1.658,0.0799,0.3635,0.1077,1.2335,0.3717,1.5796,1.319,1.2546,-0.9801,-1.7313,0.7179
0.0949,-0.1125,0.165,-1.4506,0.0936,0.1278,-0.1997,0.9188,0.9067,1.353,1.1156,1.367,-1.0368,-1.2509,0.7394
0.1194,-0.5927,0.0921,-1.5258,0.2427,-0.0104,-0.1199,0.898,0.8526,1.8199,1.0518,0.6972,-1.0329,-1.2125,0.7349
0.1609,-0.383,-0.1803,-1.3299,0.0106,-0.0708,-0.3351,1.0875,1.3493,2.2259,1.0234,0.7642,-1.159,-0.7661,0.9065
0.3112,-0.8264,0.1619,-1.238,-0.1186,-0.0006,-0.2988,0.614,1.3132,1.8642,1.1898,0.4402,-1.2007,-0.7994,1.0002
0.1249,-0.5422,0.0139,-1.274,-0.389,-0.1186,-0.1916,0.6029,1.4093,1.0774,1.1178,0.548,-0.9997,-0.9353,0.631
0.633,-0.3372,-0.4412,-1.4679,-0.2208,-0.2514,-0.4308,0.2255,1.2314,1.4879,0.8485,0.5407,-0.3588,-1.0831,0.5894
0.3134,-0.5949,-0.3543,-1.496,-0.2603,-0.2535,-0.2588,-0.0498,1.3669,2.1809,0.6171,0.4155,-0.3447,-0.7233,0.5169
-0.066,-0.5555,-0.6486,-1.6695,-0.5094,0.1465,-0.0424,-0.1003,1.5718,1.9118,0.474,0.189,-0.5807,-0.5593,0.4728
0.0505,-0.8677,-0.9153,-1.3183,-0.4778,-0.0071,0.0243,0.4342,2.0888,1.7401,0.5172,-0.0751,-0.4794,-0.5144,0.3737
0.0753,-0.4105,-0.5048,-1.5093,-0.8088,0.0739,0.3552,0.1642,1.7599,1.6173,1.0254,0.3142,-0.8572,-0.6329,0.6563
-0.1568,-0.6549,-0.5772,-1.4027,-0.6313,0.0418,0.2465,0.0619,1.649,1.1588,0.7761,0.4457,-0.5844,-0.7368,0.8068
-0.0207,-0.7594,-0.4741,-1.4319,-0.7913,-0.1526,1.5899,0.1281,1.6239,1.1968,0.7537,0.705,-0.6217,-0.6474,0.4708
0.4221,-0.5455,-0.5813,-1.5313,-0.7389,-0.297,0.744,0.3055,1.381,1.3087,0.613,0.9494,-0.308,-0.3912,0.7866
0.1616,-0.8851,-0.502,-1.4587,-0.5824,-0.3145,0.6876,-0.0631,1.1757,1.4236,0.6082,1.1768,-0.1684,-0.2358,0.9184
-0.0111,-1.2644,-0.8149,-1.149,-0.5484,-0.2476,-0.0232,-0.1312,1.1144,1.4453,0.4476,0.592,-0.1243,-0.0137,0.5514
-0.1263,-0.8511,-1.018,-1.3749,-0.5884,0.1927,-0.4625,-0.6802,1.2304,1.6929,0.293,0.499,-0.2913,0.0577,0.672
0.1595,-1.0689,-1.2933,-1.2294,-0.7879,0.0294,-0.6335,-0.389,1.8229,1.1517,0.2571,-0.0342,-0.5767,-0.0481,0.1117
0.6393,-1.0912,-0.7649,-1.2449,-0.7448,-0.4551,-0.403,-0.1428,2.3796,1.0278,0.2732,-0.3657,-0.8585,-0.3829,-0.1405
0.4995,-1.0046,-0.4261,-1.2516,-0.6725,-0.5137,-0.3101,0.6549,2.3618,0.7717,0.5098,-0.1671,-0.5928,-0.4904,-0.1934
0.2748,-0.5162,-0.1,-1.4569,-0.5163,-0.4686,-0.6255,0.4484,1.4213,1.0635,0.5801,-0.0423,-0.8126,-0.7637,-0.0203
0.1213,-0.6409,-0.0883,-1.3813,-0.1359,-0.3611,-0.5595,0.5194,1.1141,1.1082,0.532,0.2025,-1.3915,-0.9507,-0.0583
0.1191,-0.8577,0.0218,-1.554,0.0348,-0.1941,-0.6582,0.8636,0.9915,1.4282,0.498,0.3837,-1.5993,-0.8498,-0.1741
-0.1914,-0.3816,0.18,-1.6496,-0.0852,-0.1623,-0.4434,1.0292,1.2251,1.7289,0.5752,0.6955,-1.2753,-0.8908,0.024
-0.0135,-0.4622,0.3701,-1.7541,-0.1442,-0.2625,-0.245,0.6905,0.9909,1.1169,0.7214,0.4639,-1.2782,-1.2958,-0.0008
0.1631,-0.4438,0.0349,-1.5996,-0.2277,-0.2556,-0.2331,0.9096,0.9628,0.8382,0.9055,0.7445,-1.1459,-1.217,0.0048
-0.1844,-0.6406,-0.1405,-1.6693,-0.0884,0.3308,-0.185,0.6715,0.6995,0.8605,0.9252,0.3741,-1.2335,-1.2813,0.4839
-0.0385,-0.4479,-0.1021,-1.5524,0.0059,0.4992,-0.3293,0.4653,1.1207,0.8408,0.739,0.2449,-1.102,-1.15,0.3686
-0.5219,-0.4886,-1.022,-1.6139,0.0776,0.7276,-0.7102,0.5279,1.0304,0.8759,0.4949,0.4011,-1.1103,-1.5131,0.0857
-0.4359,-1.0823,-0.999,-1.4284,-0.0333,0.5876,-0.5067,0.7356,0.8561,0.9679,0.4075,-0.0379,-1.0353,-1.3222,-0.1506
-0.0038,-1.0046,-0.4644,-1.2551,-0.1305,0.4427,-0.1264,1.1892,1.3494,0.8197,0.3946,0.0849,-1.2592,-1.03,-0.2832
-0.2511,-1.2867,-0.1363,-1.4184,-0.2945,0.0321,-0.6289,0.8483,1.4163,0.9537,0.5007,0.2992,-1.0353,-1.2721,0.0025
-0.2325,-1.1253,-0.1524,-1.4914,-0.1901,0.2391,-0.6622,1.0464,1.5136,0.8166,0.7792,0.0759,-1.2362,-1.1974,0.2185
-0.206,-0.52,0.1628,-1.6629,-0.0657,0.2734,-0.1551,0.8405,1.2804,0.5858,0.7057,0.4231,-1.0886,-0.7546,-0.083
-0.3753,-0.5114,0.1222,-1.6654,0.5322,0.1932,-0.0809,0.8035,1.1491,0.9195,1.0669,0.431,-0.9587,-0.7754,0.2024
-0.2406,-0.8146,-0.3468,-1.687,0.5793,0.0742,0.2994,0.5254,0.9989,1.1571,1.0497,0.0255,-0.891,-0.8209,0.6841
-0.3456,-0.4456,-0.321,-1.7359,0.5384,-0.0384,0.0698,0.675,1.8844,1.5399,0.6993,0.7754,-0.8189,-0.5154,0.7502
-0.2526,-0.8586,-0.3155,-1.7689,0.1745,0.033,-0.0934,0.3619,0.9018,1.3923,0.8244,0.8394,-0.7614,-0.8342,1.0449
-0.1444,-0.7951,-0.4211,-1.737,0.1842,-0.0325,-0.1755,0.4667,0.8804,1.3336,0.7203,0.5706,-0.6537,-0.5858,1.0441
-0.1299,-1.0329,-0.7558,-1.6221,0.2038,-0.0697,0.0799,0.3922,0.7625,1.5558,0.5013,0.2201,-0.9599,-0.4777,0.8567
0.0282,-1.0768,-0.2376,-1.4985,-0.0723,-0.2472,0.1383,0.2646,1.4662,1.3662,0.6171,0.1106,-0.6554,0.0345,1.0268
-0.0029,-0.9883,-0.2941,-1.6219,0.0026,-0.2459,-0.1942,0.249,0.73,1.7732,0.5955,0.1883,-0.1713,-0.2046,1.3218
-0.3378,-0.6941,-0.713,-1.6315,-0.044,0.1522,-0.5753,-0.2707,0.9779,1.9271,0.7081,0.4004,-0.284,0.2025,1.3856
-0.3205,-1.008,-0.9362,-1.6646,-0.2947,0.2464,-0.7158,-0.4779,1.3784,1.5314,0.3919,0.2832,-0.5644,0.7264,0.9201
-0.7932,-0.9913,-1.443,-1.6367,-0.2774,0.4826,-1.1985,-0.5669,1.4966,0.8203,0.2307,-0.0448,-0.6777,0.5391,0.3795
-0.2471,-1.131,-1.3595,-1.4685,-0.2362,0.3062,-0.7744,-0.269,1.7595,0.2372,0.0641,-0.2772,-0.8086,0.156,-0.1599
-0.3072,-1.0749,-1.3839,-1.6065,0.0068,0.2753,-0.797,0.007,2.4649,0.5161,0.1724,-0.4671,-0.9482,-0.0327,-0.3404
-0.0767,-1.1275,-1.296,-1.6205,-0.1462,0.195,-0.9683,0.393,2.2118,0.4661,0.302,-1.2665,-1.1918,-0.1447,-0.5347
-0.053,-1.0878,-1.1047,-1.7139,-0.3314,-0.2847,-1.2022,0.6253,2.4666,0.6627,0.1354,-1.2426,-1.0112,-0.239,-0.6952
-0.2353,-1.0322,-0.3832,-1.752,-0.4273,-0.2625,-1.0801,0.7906,2.3568,0.3911,0.181,-0.8629,-1.3218,-0.611,-0.7329
-0.0446,-1.0551,-0.4263,-1.6446,-0.2993,-0.0453,-0.8505,0.837,1.727,0.5961,0.4806,-0.6226,-1.5181,-0.7299,-0.6346
-0.022,-0.8816,0.2293,-1.7724,0.1269,-0.0651,-1.1731,0.5763,1.6214,0.5392,0.7738,-1.2913,-1.4726,-0.4848,-0.4777
-0.374,-0.74,-0.0644,-1.6576,0.3268,-0.0307,-1.7269,0.6465,1.6937,-0.1096,1.1278,-0.7151,-1.3391,-0.7637,-0.6941
-0.1584,-0.64,-0.2228,-1.6909,0.5587,0.2134,-1.7745,0.624,1.6198,0.5035,0.9812,-0.5586,-1.7231,-1.0148,-0.8105
-0.1156,-0.6254,0.197,-1.7876,0.4844,0.5293,-1.5724,0.7847,1.3179,0.4178,1.1178,-0.2892,-1.7208,-1.3631,-1.0454
-0.3455,-0.7575,-0.3435,-1.8029,0.4693,0.2632,-1.2602,1.2137,1.4951,0.6012,1.02,0.0715,-1.8871,-1.3523,-0.674
0.273,-0.7639,0.0257,-1.8348,0.4966,-0.4108,-1.0569,1.7267,1.6586,0.4182,1.2246,-0.2136,-2.0045,-1.4732,-0.4926
0.1203,-0.5151,0.9256,-1.9899,0.5413,-0.9327,-0.8855,1.9392,1.5805,0.275,1.3228,0.2938,-2.0427,-1.3009,-0.1177
-0.0536,-0.258,0.898,-2.2024,0.6468,-0.8115,-0.7855,1.9593,1.1986,0.2416,2.0018,0.4318,-2.0541,-1.5996,0.2213
-0.2523,-0.4428,0.8436,-2.1123,0.66,-0.6407,-0.6788,1.9201,0.8741,0.5265,1.7446,0.5037,-1.8704,-1.8223,0.531
-0.616,0.0564,0.6015,-2.3425,0.7518,0.1963,-0.7833,1.9468,0.8702,0.6381,1.401,0.5333,-1.6908,-1.4003,0.5375
-0.1468,0.0695,0.7155,-2.3768,0.6237,-0.0621,-0.5553,2.0322,1.0099,0.6109,1.382,0.4669,-1.7742,-1.1256,0.5798
-0.0044,-0.6247,0.9471,-2.1367,0.8167,-0.296,-0.5441,1.9915,0.9055,0.4646,1.636,0.4967,-1.696,-1.2208,0.753
-0.1718,-0.3884,0.8208,-2.2494,1.0469,-0.4849,-0.4234,2.0621,0.8985,1.172,1.3319,0.1199,-1.7136,-1.1649,1.064
-0.1357,-0.5452,0.7204,-2.209,0.8873,-0.2026,-0.2092,1.6141,0.6647,1.4971,1.5462,-0.1658,-1.4497,-1.2945,1.2291
-0.5418,-0.5159,0.4917,-2.2014,0.7502,0.8617,-0.1083,1.2336,0.6194,1.4324,1.3798,0.1189,-1.1818,-1.1104,1.0845
-0.5767,-0.643,-0.1908,-1.931,0.9281,0.7177,-0.4613,0.8033,0.7939,1.2858,1.4433,0.021,-1.0941,-1.055,0.9717
-0.4343,-0.969,-0.3143,-1.885,0.7986,0.7196,-0.4491,0.5003,0.5543,1.4888,1.3693,-0.1015,-0.9262,-1.0499,1.0721
-0.1874,-1.013,-0.6911,-1.6652,0.727,0.4624,-0.6096,0.7247,1.4751,1.6699,1.4531,-0.8622,-1.0761,-0.855,1.3974
-0.5542,-0.9119,-0.8725,-1.6897,0.2441,0.308,-0.3175,0.6925,1.7029,1.7715,1.4307,-0.6601,-1.1028,-0.7335,1.2604
-0.3218,-1.5315,-1.2689,-1.7384,0.0422,0.1926,1.5961,0.8719,1.9986,1.4425,1.3798,-0.199,-1.102,-0.3992,1.2359
-0.3665,-1.6167,-0.833,-1.8521,0.1465,0.1315,0.1961,0.8255,1.7448,1.4624,1.2674,-0.1857,-0.5085,-0.7249,1.5402
-0.2917,-1.4391,-0.3259,-1.6375,-0.0027,-0.2777,0.0354,0.7974,2.1048,1.4208,1.1158,0.0994,-0.7244,-0.7446,1.3378
-0.3905,-0.9992,-0.5388,-2.0227,0.0576,0.8621,-0.3217,0.3603,1.1243,1.6151,0.952,0.1838,-0.5205,-0.4956,1.2257
-0.3153,-1.3714,-0.4278,-1.8954,-0.0376,0.3738,-0.4985,0.357,1.3993,1.921,1.2089,-0.4073,-0.4669,0.3259,1.2661
-0.6375,-1.039,-1.1333,-2.0319,0.0036,0.5298,-0.79,-0.1466,1.0834,1.6433,1.0283,-0.3053,-0.9084,0.5911,0.9992
-0.4999,-0.5889,-1.6019,-2.2001,-0.1394,0.3155,-0.629,-0.6277,1.5643,1.2076,0.6057,-0.2043,-0.5292,0.7737,0.4651
-0.608,-0.8681,-1.708,-2.1513,-0.3477,-0.7261,-0.8453,0.1115,2.2955,0.7251,0.4127,-0.2783,-0.6849,0.7399,-0.332
-0.4249,-1.2067,-1.4429,-2.0161,-0.1735,-0.3696,-0.291,0.1637,2.7154,0.3869,0.4299,-0.0152,-0.9396,0.8689,-0.749
-0.439,-0.3926,-1.2836,-1.9297,-0.1478,-0.4331,-0.493,0.3737,2.4124,0.3639,0.4132,-0.1779,-0.7884,0.1989,-0.8169
-0.4849,-0.5536,-1.0018,-2.1191,-0.0718,-0.2008,-0.6175,0.1223,2.5822,-0.205,0.6747,-0.5827,-0.9383,-0.2924,-0.9707
-1.1856,-0.9488,-1.1374,-2.1576,-0.083,0.2359,-1.0031,0.3497,2.5147,-0.1816,0.6207,-0.705,-0.7678,-0.3352,-1.2121
-0.5495,-0.9873,-0.3201,-2.1321,-0.0128,-0.0446,-0.7313,0.6507,2.5517,-0.4879,0.6961,-0.7567,-1.0752,-0.5479,-1.5686
-0.2253,-0.9577,0.0469,-2.2063,0.5543,-0.189,0.3819,1.0688,2.3299,0.1072,0.7625,-0.5228,-0.9812,-0.6525,-1.2337
-0.3454,-0.6423,0.0514,-2.1392,0.4298,-0.1151,0.5576,1.0921,1.7648,0.5998,1.135,-0.7161,-1.0297,-0.9891,-0.7392
-0.8257,-0.6392,-0.3678,-2.207,0.6215,0.0502,0.3689,1.1168,1.462,0.3981,1.1517,-0.1067,-0.6846,-1.2096,-0.5265
-0.9439,0.1595,-0.0046,-2.5363,0.7164,-0.0512,0.05,1.3969,1.5522,0.8942,1.0018,0.097,-0.5448,-1.1907,-0.0999
-0.6723,-0.5406,0.102,-2.6221,0.8122,-0.4766,-0.3796,1.3589,1.5473,1.0168,1.0148,-0.452,-0.4794,-1.0814,0.2005
-0.3957,-0.8162,0.0796,-2.226,0.9285,-0.418,-0.4668,1.1615,1.6629,1.074,1.2703,-0.548,-0.8703,-1.2453,0.0312
-0.7074,-0.6797,-0.0168,-2.2664,0.9215,-0.2037,-0.5684,1.2225,1.3928,1.4929,1.4684,-0.4468,-0.9983,-1.4106,0.2889
-0.5195,-0.8206,-0.1902,-2.5177,0.7299,-0.2628,-0.6853,1.0045,1.0979,1.4469,1.3714,-0.3117,-1.1407,-1.2858,0.356
-0.6455,-0.8591,-0.5667,-2.4299,0.6217,-0.3741,-0.6569,1.1591,1.3953,1.5013,1.2378,-0.4116,-1.3582,-1.184,0.5058
-0.0825,-1.1925,-0.0522,-2.3556,0.8129,-0.5342,-0.369,1.5922,1.866,1.3551,1.2484,-0.4948,-1.4991,-1.0804,0.4777
-0.3831,-0.9768,0.3242,-2.2529,0.5329,-0.5644,-0.3976,2.1752,1.5368,1.7158,1.2968,-0.6362,-1.6303,-1.5337,0.7094
-0.5228,-0.1758,0.7453,-2.5378,0.6647,-0.4217,-0.3818,2.0289,1.4207,1.5506,1.352,-0.3438,-1.4723,-1.7361,0.3989
-0.5872,-0.4839,0.6677,-2.5108,0.6024,-0.2261,-0.4864,2.2088,1.3994,0.8433,1.6522,-0.3229,-1.4597,-1.8656,0.2308
-0.4179,-0.7309,1.1371,-2.3622,0.6763,-0.2942,-0.4946,2.5132,1.1773,1.0213,1.8444,0.0861,-1.7174,-2.3139,0.2697
-0.7659,-0.4586,1.0883,-2.4855,1.1951,-0.3705,-0.1644,2.1625,0.6738,1.5853,1.9624,0.0102,-1.9912,-2.4866,1.0184
-0.1101,-0.4561,1.224,-2.4433,1.2169,-0.637,-0.2778,2.4623,1.1252,1.6428,2.0794,0.272,-2.0153,-2.5284,1.2448
-0.0641,-0.1717,1.3405,-2.3796,1.2816,-1.1181,-0.3227,2.3266,0.8731,1.6782,2.2226,0.3349,-1.9117,-2.1837,1.096
-0.5825,0.0938,1.5426,-2.4814,1.2149,-1.2662,-0.1751,1.6058,0.3505,2.2394,2.4234,0.48,-1.7197,-2.1066,1.5118
-1.0184,0.1175,0.3894,-2.6212,1.0424,-1.0708,-0.0137,1.9939,0.6584,2.0815,2.1927,1.157,-1.5178,-1.6878,2.0416
-0.7816,-0.4219,0.2802,-2.7932,0.9354,-0.8876,0.086,1.8987,0.8307,1.8212,1.8748,0.9386,-1.4227,-1.42,1.8959
-0.8284,-0.5611,0.0261,-2.6878,0.9615,-0.6942,-0.4993,1.8232,1.2456,1.9414,1.6604,0.5571,-1.2004,-1.4382,1.8652
-0.9018,-0.6354,0.1027,-2.6758,0.7083,-0.1493,-0.9001,1.3593,1.299,1.6626,1.5107,0.6505,-1.3634,-1.2298,1.1776
-0.6715,-0.8382,-0.132,-2.1889,0.5174,-0.3445,-0.6307,1.3788,1.1237,1.5803,1.4018,0.6276,-1.7731,-1.2709,0.7785
-0.7168,-0.9375,-0.3459,-2.3591,0.5876,0.0449,-0.2282,1.3764,1.3727,1.7121,1.2585,0.2178,-1.4695,-0.6503,0.5688
-0.4149,-0.4387,-0.3854,-2.4503,0.4449,0.1339,-1.0148,1.2796,1.5465,1.3992,1.1083,0.5809,-1.3598,-0.8968,0.4104
-0.6955,-0.419,-0.3296,-2.5583,0.631,-0.3694,-0.5428,1.616,1.9714,0.8747,1.0454,0.2985,-1.4687,-0.7152,-0.0945
-0.8426,-0.6375,-0.1701,-2.5105,0.7409,0.0992,-0.4621,1.2959,1.9829,0.7963,1.0081,0.6162,-1.422,-1.1468,0.0711
-0.8852,-0.5688,-0.2125,-2.588,0.834,0.0934,-0.3645,1.285,1.5467,0.9735,0.9448,0.3731,-1.4324,-1.0278,0.3571
-0.7754,-0.598,0.0031,-2.5379,1.2285,0.082,-0.4623,1.9619,1.2089,1.2718,1.2144,0.6644,-1.4595,-1.2238,0.4172
-0.2919,-0.7524,0.5688,-2.5278,1.4052,-0.3761,-0.2345,1.749,1.3198,1.6973,1.2764,0.2552,-1.5662,-1.2563,0.5312
-0.6458,-0.8149,0.3395,-2.3516,1.0988,-0.1572,-0.047,1.6062,0.839,1.5631,1.6216,0.1528,-1.5292,-1.8081,0.6139
-0.8383,-0.4415,-0.2099,-2.3953,0.9048,0.0523,-0.8749,1.7156,1.2487,1.8858,1.5797,-0.108,-1.2829,-1.6074,0.7228
-0.8453,-0.3875,-0.3288,-2.4957,0.5519,-0.0996,-0.5546,1.5176,1.1491,1.4994,1.1877,0.2762,-1.509,-1.5,0.3592
-0.6202,-0.8066,-0.2486,-2.4474,0.6002,-0.1287,-0.3458,1.5284,1.4424,1.0788,1.3054,0.2331,-1.4766,-1.2633,0.1689
-0.6916,-0.8429,-0.009,-2.4707,0.6081,0.3133,-0.261,1.443,1.2049,1.1707,1.2063,0.4332,-1.2355,-1.1497,0.3201
-0.6627,-0.7478,-0.0269,-2.4572,0.6706,0.0089,-0.4232,1.2716,1.1462,1.3609,1.2912,0.4752,-1.0845,-1.4001,0.1391
-0.9093,-0.6208,-0.1955,-2.6158,0.5505,-0.0985,-0.4669,1.5756,1.4688,1.3086,1.3269,0.0128,-1.2653,-1.7964,-0.1198
-0.5017,-0.7228,0.3526,-2.6657,0.9617,-0.2421,-0.7138,2.1015,1.7064,0.9501,1.2013,0.3498,-1.7264,-1.5985,-0.1725
-1.0175,-0.8068,0.414,-2.656,0.9229,-0.0814,-0.4216,2.3732,1.5714,1.0672,1.2984,-0.1164,-1.7182,-2.1567,-0.3835
-0.8732,-0.8593,0.8822,-2.593,1.071,0.0391,-0.3755,1.9836,0.8404,0.8903,1.6691,-0.0862,-1.8359,-2.2249,-0.3349
-0.6829,-0.6137,0.7463,-2.6135,1.3039,-0.0014,-0.2305,2.0443,0.6381,1.4809,1.9233,-0.039,-1.8399,-2.3312,0.0613
-0.6436,-0.4061,0.4037,-2.708,1.1658,0.0369,0.1175,2.1356,0.8993,1.6785,2.0809,-0.472,-1.6243,-2.0689,0.1663
-0.5668,-0.3012,0.4763,-2.8885,1.2138,-0.582,-0.1207,1.9538,0.5214,1.5151,1.8461,0.0437,-1.477,-2.2221,0.5572
-0.6717,0.0035,0.3195,-3.0129,1.1741,-0.595,-0.2261,1.9835,0.6887,1.4434,1.7403,0.3886,-1.463,-1.8067,0.675
-0.3954,-0.2862,0.2455,-2.9911,0.9803,-0.3463,-0.1748,1.8873,1.0848,1.0967,1.594,0.0536,-1.4067,-2.1397,0.6831
-0.451,-0.4711,0.635,-2.6202,0.9184,-0.6239,-0.1398,2.0304,0.9085,0.8219,1.6383,-0.215,-1.5759,-2.2827,0.5067
-0.4372,-0.6358,0.3257,-2.4992,1.1643,-0.371,-0.3046,2.135,0.6988,1.6339,1.6374,-0.1802,-1.3943,-2.4998,0.7422
-0.5438,-0.5369,0.6487,-2.6296,1.2353,-0.2759,-0.1491,1.9891,0.2148,2.2256,1.7483,0.0632,-1.5581,-2.3818,0.7625
-0.6655,-0.0998,0.705,-2.6956,1.1249,-0.0717,-0.2243,2.0419,0.7188,1.5168,1.5886,0.1524,-1.9083,-2.3914,1.0634
-0.2826,-0.3789,0.9573,-2.712,1.0884,-0.114,-0.2048,1.9458,0.4585,1.2659,1.6779,0.2249,-1.6332,-2.5563,0.8363
-0.5615,0.0977,0.9987,-2.6415,1.07,-0.1022,-0.1073,2.3384,0.5027,1.7707,1.7807,-0.0365,-1.3901,-2.3126,0.7135
-0.5073,-0.4128,1.0611,-2.7076,0.9924,0.1321,-0.358,1.8906,0.7199,0.8297,1.9901,0.5825,-1.3812,-2.4467,0.6986
-0.6412,-0.3949,0.9887,-2.7966,1.0018,0.0849,-0.3235,1.6056,0.1,1.3017,2.2208,0.2945,-1.3111,-2.2689,0.8067
-0.8186,-0.1109,0.5194,-2.9266,1.1296,0.4489,-0.1905,0.9599,-0.0103,1.1684,1.7938,0.9017,-1.2576,-2.0876,0.654
-0.6435,-0.2833,0.0093,-2.7786,1.1979,0.4762,0.3737,0.6259,-0.1436,1.4081,1.7175,0.4404,-0.8108,-1.8137,0.9431
-0.5794,-0.5373,-0.5372,-2.6049,1.0614,0.2731,0.1126,0.4253,0.5981,1.472,1.6267,0.5266,-0.6836,-1.6032,0.8464
-0.4461,-0.5914,-0.9227,-2.6176,0.4745,0.072,-0.2082,0.5871,0.6755,1.5977,1.2256,0.1537,-0.2994,-1.0511,0.6154
-0.753,-0.57,-0.8135,-2.619,0.485,-0.208,-0.3669,0.4603,1.4319,0.9693,1.0116,-0.5806,-0.6772,-0.8427,0.0423
-0.7495,-1.0272,-0.7326,-2.5882,0.3056,-0.0783,-0.7504,0.9555,1.7838,0.5865,1.2017,-0.9064,-0.9649,-1.0369,-0.3627
-0.5132,-0.6992,-0.3356,-2.5881,0.5083,0.2639,-0.7172,0.7379,1.5817,0.3315,1.1699,-1.5617,-1.2599,-0.9157,-0.5356
-0.5542,-0.9835,-0.8118,-2.5102,0.3862,0.092,-0.6691,0.6861,1.7304,-0.0081,1.2541,-0.9252,-1.1053,-1.2627,-0.9529
-0.2242,-1.0526,-0.5501,-2.4514,0.4636,-0.1402,-0.8861,0.8794,2.047,0.3877,1.3692,-0.53,-1.0169,-1.617,-0.9618
-0.3561,-1.2317,-0.4377,-2.4554,0.6481,-0.2276,-0.3169,1.4641,1.867,1.1072,1.5219,-0.3486,-1.5731,-1.6875,-0.7844
-0.2512,-1.2028,0.1976,-2.4451,0.5914,-0.3349,-0.2847,1.8034,1.7647,0.9704,1.6257,-0.5805,-1.5451,-1.9752,-0.586
-0.4874,-1.1229,0.3519,-2.4566,0.8418,0.3176,-0.2972,1.7342,1.2007,0.8369,2.0265,-0.1581,-1.7899,-2.2152,-0.3664
-0.677,-0.5815,0.213,-2.5912,0.9232,0.2221,-0.0572,1.8995,0.7453,0.8643,2.1061,0.0651,-1.5475,-2.2167,-0.077
-0.4304,-0.5184,0.5023,-2.5422,0.7618,0.7667,-0.214,1.6093,0.5028,0.9372,2.0793,0.0959,-1.3148,-2.0465,0.1052
-0.5513,-0.2808,0.3146,-2.6483,0.7492,0.7187,-0.6308,1.1591,0.3563,0.9964,1.994,-0.0265,-1.217,-1.56,0.1657
-0.5718,-0.5533,-0.0464,-2.7968,1.0096,0.5884,-0.601,1.0855,0.7267,1.5239,1.5952,-0.149,-1.2708,-1.1524,0.1171
-0.4092,-1.0287,-0.2976,-2.7895,0.977,0.496,-0.2514,0.8146,0.7705,1.54,1.2667,-0.7386,-1.2942,-1.1585,0.1171
-0.4347,-0.8659,-0.3511,-2.6181,0.7206,0.1288,-0.3882,0.9322,1.2803,1.4089,1.1922,-0.2733,-1.2555,-1.1082,-0.0408
-0.4632,-1.1371,-0.6118,-2.5211,0.7371,-0.0751,-0.0054,1.0154,1.5024,1.1256,1.4235,-0.3067,-1.1824,-1.2679,-0.1792
-0.4323,-0.9888,-0.4314,-2.5429,0.8427,0.295,-0.2335,0.9851,1.5218,0.9556,1.7496,-0.3163,-0.9185,-1.6982,-0.0731
0.0317,-0.8759,-0.1513,-2.653,0.6227,-0.1013,0.1415,1.1407,1.5748,1.0567,1.7236,-0.0272,-1.0312,-1.8679,-0.0032
-0.1755,-1.1247,0.0349,-2.5353,0.6769,-0.2107,0.1379,1.2783,1.4062,1.1604,1.8052,0.0961,-1.2748,-1.8136,0.3124
-0.0132,-1.0567,0.26,-2.4295,0.6282,-0.1399,-0.4241,1.3767,1.0366,1.5134,2.0056,0.2954,-1.2406,-1.904,0.6651
-0.2167,-0.8871,0.3013,-2.536,0.4167,0.2393,-0.0591,0.8413,0.5302,1.3684,2.0005,-0.0042,-1.362,-1.7304,0.6431
0.0848,-0.5559,0.2622,-2.8435,0.6523,-0.0102,0.0018,0.9473,0.8216,1.4542,1.8476,-0.7984,-1.2665,-0.9772,0.8089
-0.3061,-0.5899,0.0876,-2.7105,0.7134,0.1908,0.0837,0.4177,1.1478,1.5042,1.7491,-0.4763,-0.9197,-0.4538,0.5078
-0.34,-0.6304,-0.1075,-3.0049,1.011,0.8672,-0.1468,-0.1241,0.8142,1.3986,1.4535,0.1711,-0.5417,-0.4623,0.6583
-0.788,-0.7514,-1.0394,-2.894,1.031,0.8965,-0.0753,-0.5565,0.8099,1.7358,1.3265,-0.1742,-0.5791,-0.4333,0.6128
-0.406,-1.481,-1.5756,-2.6989,0.3836,0.5178,-0.0964,-0.6643,1.5402,1.5559,1.1332,-0.1101,-0.3807,-0.2802,0.3548
-0.4206,-1.5551,-1.9371,-2.3169,0.3197,0.1518,-0.4405,-0.4793,2.0287,1.4477,0.8346,-0.7727,-0.2382,-0.1461,0.0272
-0.8061,-1.3713,-2.1444,-2.6432,0.3177,-0.1866,-0.7208,-0.147,2.3277,1.0678,0.5103,-1.0182,-0.52,-0.1482,-0.3971
-0.2873,-2.0236,-1.6928,-2.5746,0.3026,0.0218,-0.6607,0.0902,2.1594,0.4466,0.5753,-1.6356,-0.8537,-0.2525,-0.8608
-0.2096,-1.4779,-1.4286,-2.4959,0.2411,0.5026,-0.5316,0.3593,2.7514,0.5387,0.6902,-1.3979,-1.1132,-0.4224,-0.8673
-0.5238,-1.5589,-1.1476,-2.6651,0.2404,0.4223,-0.738,0.75,2.5907,0.5136,0.9671,-2.0759,-1.2552,-0.8284,-0.8
-0.0798,-1.2936,-0.9019,-2.7741,0.612,0.1617,-0.6741,0.9217,2.7386,0.404,0.7155,-2.3613,-1.2626,-1.5112,-0.9577
-0.1082,-1.4654,-0.9143,-2.6974,0.4059,0.1201,-0.8242,1.6477,2.6145,0.1991,1.0793,-1.9051,-1.5899,-1.9919,-1.0688
-0.2061,-1.033,0.9814,-2.868,1.0719,0.225,-0.7939,1.8306,1.8888,0.2049,1.3866,-1.3173,-2.5789,-2.2316,-1.0424
-0.289,-0.7581,0.759,-2.946,1.0352,0.8906,-0.9798,2.2051,1.6104,0.3538,1.8414,-0.9076,-2.6198,-2.71,-0.7256
-0.3449,-0.9857,0.7795,-2.8044,1.4169,0.451,-1.0421,2.8142,1.2911,0.409,2.0401,-0.4681,-2.3937,-3.2959,-0.7555
-0.2405,-0.8698,1.2384,-2.8757,1.3146,0.3339,-0.7269,2.9962,1.248,0.5819,2.3309,-0.2446,-2.5682,-3.3808,-0.4856
-0.6641,-0.4686,1.5902,-3.1383,1.3736,0.683,-0.2899,2.8806,0.6986,0.8573,2.424,-0.2387,-2.4628,-3.5725,-0.1352
-0.5621,-0.7349,1.4929,-3.1779,1.6207,0.0276,-0.3959,2.9683,0.7047,0.7586,2.4334,0.1707,-2.5495,-3.5487,0.2191
-0.3689,-0.7011,1.8658,-3.1001,1.7508,-0.3811,-0.4723,3.6306,0.5198,0.7204,2.4213,0.4213,-2.6091,-3.4843,0.2555
-0.2883,-0.2317,2.2747,-3.3865,1.7929,-0.1634,-0.5148,3.4733,0.5933,1.1165,2.4908,-0.3575,-2.567,-3.9051,0.226
-0.2232,-0.2164,2.6345,-3.3415,1.7895,-0.2342,-0.8748,3.9642,0.2598,0.8372,2.6857,0.0507,-2.7453,-4.2938,0.3223
-0.4496,-0.0952,2.551,-3.5007,1.7415,-0.102,-0.5546,3.7147,0.0006,1.0032,2.7294,0.2491,-2.9393,-3.8731,0.2772
-0.1842,-0.2607,2.4543,-3.6384,1.9906,0.0232,-0.2246,3.4055,-0.5329,0.9693,2.7323,0.5977,-2.8926,-4.0106,0.3926
-0.1918,-0.3632,2.166,-3.3263,2.0749,0.1072,0.5362,3.128,0.2806,1.5049,2.8828,1.2845,-2.9067,-3.6295,0.9057
-0.5304,-0.1753,2.3824,-3.4903,1.8994,0.484,0.7661,3.1098,0.0698,1.6689,2.9813,1.2943,-2.3391,-3.2143,1.4336
-0.4966,-0.1864,2.0682,-3.3278,1.9774,0.1941,0.361,2.6992,-0.5605,1.1526,2.9096,1.1258,-1.9727,-2.8221,1.5677
-0.3891,-0.5005,1.6608,-3.381,1.9938,0.1949,0.7141,2.0735,-0.6365,1.8651,2.8984,0.876,-1.6897,-2.5874,1.8269
-0.493,-0.6483,1.108,-3.2457,2.4329,0.3487,0.5201,1.7069,-0.2947,2.7799,2.618,0.1831,-1.7209,-2.0094,2.4443
-0.492,-0.7002,0.6436,-2.9799,1.8714,-0.0219,0.4316,1.4587,-0.0381,2.5942,2.6852,0.356,-1.3709,-1.9792,2.5997
-0.407,-0.693,0.2442,-3.1987,1.5411,-0.0366,-0.1326,1.3604,0.5418,2.4866,2.411,0.301,-1.3592,-0.7972,2.4708
-0.7267,-0.4998,0.1244,-3.1832,1.172,0.0582,0.3094,0.4168,-0.0287,2.417,2.0988,0.6061,-1.4034,-1.2724,2.1819
-0.6451,-0.0613,-0.5428,-3.568,1.2369,-0.0331,-0.0071,0.5733,1.1116,1.6423,1.4538,0.0638,-1.1606,-0.4517,1.5418
-0.5415,-0.8718,-0.4259,-3.3313,0.9456,-0.0751,-0.0332,0.5833,1.5299,1.0836,1.3671,-0.0699,-1.1138,-0.5872,0.9874
-0.2632,-1.1572,-0.2689,-3.36,0.885,0.0753,-0.0117,0.4604,1.6672,0.8467,1.2754,-0.0032,-1.047,-0.9326,0.6368
-0.5004,-1.0718,-0.5183,-3.0399,0.8848,0.3237,-0.1327,0.2373,1.4449,1.6019,1.3659,-0.068,-0.9897,-0.6158,0.6302
-0.5745,-0.955,-1.1669,-3.0793,1.0012,-0.263,-0.1751,0.4088,1.6906,0.9945,1.1303,-0.3026,-0.9223,-0.1064,0.3582
-0.4182,-1.4273,-0.8002,-3.0262,0.7821,-0.2072,-0.5187,0.48,1.9751,0.5288,0.8238,-0.4484,-0.9954,-0.5185,-0.1716
-0.5745,-1.1203,-0.8746,-3.1591,0.7247,-0.0486,-0.1856,0.697,1.9127,0.6268,0.9501,-0.8341,-1.2652,-0.8087,-0.5498
-0.8759,-1.3548,-1.0459,-3.0848,0.893,0.3927,-0.4677,0.8661,1.5625,0.4571,0.8381,-0.8645,-1.1621,-0.9891,-0.8017
-0.5946,-1.5135,-0.588,-3.0868,0.815,0.5069,-0.6626,0.8877,2.2936,0.4748,1.0091,-0.8619,-1.406,-1.2508,-0.7126
-0.2526,-1.5713,-0.002,-2.9363,0.7396,0.2982,-0.3954,1.028,2.1058,0.4615,1.2748,-0.8261,-1.7249,-1.7593,-0.6194
-0.6018,-1.0234,-0.3474,-3.1339,0.9987,0.3463,-0.3436,1.7111,1.9233,0.6637,1.2691,-0.8478,-2.0569,-1.846,-0.4979
-0.3464,-1.1844,-0.1742,-2.7396,0.9263,0.1221,-0.3865,2.0135,1.8953,0.261,1.2891,-0.449,-2.0043,-1.7653,-0.8313
-0.2652,-0.7537,0.4203,-2.7456,1.1162,-0.0614,-0.4878,2.1963,1.1433,-0.128,1.6557,-0.1049,-2.1303,-2.1175,-0.8755
-0.2578,-0.9767,1.0999,-2.8758,1.4709,-0.364,-0.6955,2.6513,1.0579,0.2318,2.0035,-0.1667,-2.3231,-2.2791,-0.559
-0.7503,-1.0233,1.2531,-2.9344,1.7102,-0.2304,-0.3551,2.6216,0.6585,0.2731,2.2908,-0.0123,-2.3855,-2.3189,-0.2768
-0.2975,-0.5914,1.2521,-3.0939,1.8356,-0.0333,0.142,2.3378,0.4923,0.8155,2.7668,-0.1237,-2.3888,-2.4808,0.2824
-0.5777,-0.2203,1.1169,-3.2361,1.7828,0.0946,-0.0003,2.0016,-0.0107,1.1842,2.4222,0.2997,-2.1225,-2.1204,0.7811
-0.3249,-0.2502,0.9769,-3.415,1.8644,0.0758,-0.0319,1.6026,0.154,1.437,2.2489,0.4526,-1.9056,-2.4192,1.0723
-0.1763,-0.6912,0.8357,-3.2609,1.744,0.0793,0.1632,1.5517,0.7273,1.4997,2.1755,0.5948,-1.8,-1.9821,1.0371
-0.237,-0.7962,0.7305,-3.0447,1.759,-0.1802,-0.2497,1.4706,0.556,1.6677,1.9665,0.7467,-1.4901,-1.4379,1.0703
-0.1613,-0.1944,0.2047,-3.1727,1.4295,-0.0382,0.1158,1.1566,0.0539,2.0083,1.8358,0.1795,-1.4107,-1.4353,1.274
-0.7846,-0.5465,-0.0888,-3.3417,1.167,0.0232,0.027,0.7897,0.3354,1.4921,1.4837,0.2892,-1.0076,-0.9644,1.3283
-0.8773,-0.774,-0.4167,-3.2303,1.0633,0.2329,0.1152,0.2375,0.5183,1.4371,1.3416,-0.072,-0.9918,-0.1523,0.7907
-0.7714,-0.9517,-0.7362,-2.9979,0.9718,0.5659,-0.2955,-0.105,0.9485,0.2085,1.3465,-0.3653,-1.0332,-0.3408,0.1822
-0.4733,-0.883,-0.8167,-2.9875,0.9739,0.0951,-0.3041,-0.0911,1.3717,0.1926,1.0286,-0.8208,-0.9638,-0.5112,-0.4267
-0.4847,-1.2681,-0.879,-2.9834,0.9655,0.0023,-0.2368,0.3294,1.4566,0.4913,0.9373,-0.99,-1.1642,-0.6344,-0.7223
-0.8537,-1.6698,-0.9631,-2.9086,1.1582,0.1236,-0.1712,0.3509,2.229,0.4271,0.9537,-0.8522,-1.1316,-0.8119,-1.0633
-0.5928,-1.4098,-0.8122,-3.0247,1.0772,0.1523,-0.2649,0.4873,2.5325,0.2178,0.825,-1.0209,-1.0036,-1.5686,-1.0041
-0.2105,-1.4266,-0.1568,-2.9452,1.1503,0.272,0.0028,1.137,2.3839,0.5871,0.9983,-0.5358,-1.1427,-1.7219,-1.0282
-0.4666,-1.6484,0.242,-3.0318,1.2825,0.0853,-0.1529,1.414,1.452,0.5669,1.0969,-0.4145,-1.3108,-2.0062,-0.6365
-0.0703,-1.1307,0.6648,-2.9705,1.6208,-0.1802,-0.0206,1.7871,1.2822,1.0625,1.4899,-0.6131,-1.4082,-2.1148,-0.7035
-0.3464,-0.8526,0.8655,-3.2744,1.538,-0.4977,-0.1766,2.1655,1.154,1.1211,1.8395,-0.527,-1.6036,-2.7516,-0.1306
-0.2397,-0.7431,1.0196,-3.2342,1.4903,-0.3621,-0.0833,2.5824,1.0091,1.3108,2.2252,-0.0226,-1.8266,-2.5773,0.3225
-0.4181,-0.797,1.4732,-3.3489,1.6374,-0.2149,-0.0588,2.4797,1.2384,1.1992,2.1974,-0.1026,-1.7542,-2.5089,0.4818
-0.7611,-0.8145,1.4748,-3.2987,1.8119,0.631,-0.3354,1.8684,-0.0226,1.0849,2.4454,-0.2679,-1.677,-2.8464,0.5272
-0.6721,-0.8116,0.7423,-3.3647,2.0049,0.4334,-0.2294,1.8909,0.0122,1.6397,2.3324,0.0037,-1.7426,-2.2272,0.5684
-0.9249,-0.2826,0.1162,-3.4945,1.7679,0.4783,-0.3669,1.8262,0.2587,1.4899,2.0139,0.4012,-1.8004,-2.297,0.5735
-0.5851,-0.8919,-0.0019,-3.3182,1.4777,0.3128,-0.6796,1.7469,0.5379,0.8651,1.7323,0.0569,-1.7422,-2.1089,0.2231
-0.276,-1.1263,-0.0058,-3.1963,1.3678,0.2729,-0.2057,1.6046,0.589,1.2868,1.663,0.704,-1.6331,-2.2465,-0.0742
-0.5514,-0.75,0.3461,-3.1294,0.5926,0.462,-0.5811,1.7232,0.8586,0.7502,1.7175,0.4876,-1.7035,-1.9054,-0.2976
-0.379,-0.9651,0.5257,-3.3586,0.9229,0.3974,-0.8786,1.4692,0.5077,0.676,1.9461,0.052,-1.65,-1.9677,-0.3824
-0.2261,-1.1424,0.6137,-3.4888,1.0713,0.226,-0.689,1.5502,0.695,0.5427,1.7293,0.0398,-1.7515,-1.6504,-0.6002
-0.4494,-1.2017,0.3692,-3.5142,1.4735,0.724,-0.5994,1.4072,0.5186,0.8831,1.5175,-0.353,-1.8291,-1.3242,-0.7909
-0.1459,-1.2348,0.4701,-3.3237,1.4214,0.6461,-0.2644,0.8787,0.6053,1.0775,1.851,-0.097,-1.6069,-1.6396,-0.5453
0.5441,-0.9872,0.3965,-3.3115,1.4583,0.0717,-0.4594,1.2443,0.9631,1.4826,1.748,-0.0541,-1.605,-1.3446,-0.3434
0.1099,-0.4601,0.0449,-3.5125,1.4084,-0.5735,-0.7929,1.2544,1.2006,1.7171,1.6639,-0.1285,-1.4109,-1.3602,0.0885
0.0963,-0.7138,0.0585,-3.5183,1.5405,-0.2891,-0.7918,1.2872,1.1063,1.4043,1.5966,-0.1501,-1.6937,-1.4905,-0.1566
-0.259,-0.822,-0.3706,-3.2958,1.4819,-0.4125,-0.5446,1.6558,1.0057,1.2112,1.6262,-0.3937,-1.7059,-1.4988,-0.2465
-0.4547,-0.9508,-0.2458,-3.604,1.2632,0.0124,-0.3301,1.4871,1.2452,0.8533,1.3681,-0.0876,-1.8829,-1.6356,-0.2971
-0.3711,-0.9833,-0.019,-3.6038,1.3947,0.0852,-0.2951,1.4068,1.1183,0.5175,1.4487,-0.4374,-1.5559,-1.9661,-0.5612
-0.4586,-1.0049,0.3522,-3.577,1.3376,0.3731,-0.7001,1.4455,0.8651,0.6229,1.7642,-0.4707,-1.4805,-1.9261,-0.4779
-0.448,-1.0101,-0.0108,-3.6475,1.5142,0.5253,-0.8251,0.8433,0.8407,0.9056,1.6921,-0.1366,-1.5044,-1.646,-0.4774
0.1704,-1.0111,0.1421,-3.754,1.5996,-0.0661,-0.5825,1.0431,0.8776,0.8827,1.4485,-0.4243,-1.4204,-1.4633,-0.5884
-0.1688,-1.1346,-0.1229,-3.5321,1.4986,0.1865,-0.1034,1.0785,0.6508,1.2345,1.3644,-0.5996,-1.4288,-1.7375,-1.1219
-0.1845,-1.1124,-0.4633,-3.315,1.4427,0.3145,-0.2628,0.1257,0.3394,1.5048,1.1567,-0.2447,-1.1312,-1.3978,-0.7477
-0.1425,-1.1269,-1.1335,-3.26,1.1766,0.1516,-0.6086,0.6786,0.8961,1.1981,1.1257,-0.3619,-1.0714,-0.7912,-0.3487
-0.2214,-1.453,-1.1189,-3.1609,1.0508,0.0939,-0.553,0.8226,1.5076,0.7385,0.9946,-0.5367,-1.2861,-0.7174,-0.4618
-0.1899,-1.4646,-0.9883,-3.2788,1.3923,-0.2981,-0.2641,0.7655,1.3834,0.9119,0.9208,-1.12,-1.3149,-0.9764,-0.5796
0.0683,-1.9955,-0.7229,-2.8623,1.417,-0.3528,-0.1463,1.6581,2.1994,1.0268,1.279,-1.0145,-1.1206,-1.4296,-0.2392
-0.2972,-1.8066,-0.496,-2.9219,1.3699,-0.4344,-0.2331,1.4855,1.7828,1.7095,1.4281,-0.8289,-1.2407,-1.8476,0.2452
-0.1339,-0.6352,0.0321,-3.3167,1.2753,-0.2705,-0.6858,1.5905,1.557,1.402,1.3553,-0.2997,-1.3654,-2.2164,0.2744
-0.3643,-0.8793,-0.2065,-3.399,1.3457,0.0263,-0.6035,1.912,1.3446,0.8149,1.5447,-0.0807,-1.6863,-2.393,-0.0397
-0.3131,-0.962,0.2304,-3.2715,1.1872,-0.2683,-0.5828,2.1336,1.2733,0.4375,1.4667,-0.3166,-1.8047,-2.2795,-0.32
-0.4762,-0.7608,0.3837,-3.307,1.3321,-0.0951,-0.7764,2.2874,1.1888,0.1405,1.6256,-0.3682,-1.861,-2.2891,-0.6107
-0.0202,-0.7081,0.7494,-3.4328,1.5435,-0.1062,-0.7787,2.1437,0.8522,-0.0329,1.5605,-0.3609,-1.8323,-2.7897,-0.5979
-0.068,-0.0134,0.6473,-3.6438,1.7438,-0.2168,-0.4087,2.5974,1.0798,0.6313,1.6202,-0.566,-2.1514,-2.6733,-0.4203
-0.2734,-0.6014,0.7658,-3.7324,1.7253,-0.4362,-0.4422,2.947,1.2224,0.2683,1.4548,-0.2388,-2.175,-2.8906,-0.3241
-0.4661,-0.6339,1.1157,-3.6508,1.7015,-0.4166,-0.2151,3.2443,1.3419,0.3499,1.5071,-0.12,-2.0134,-2.746,-0.4383
-0.2119,-0.8986,1.7098,-3.4677,1.8484,-0.4493,0.2686,3.3492,0.9211,0.1695,2.0324,0.117,-1.9907,-3.1569,-0.3367
0.2872,-0.3173,2.0356,-3.4525,2.2614,-0.4716,0.08,3.1874,0.498,1.1488,2.3569,0.7481,-2.0077,-3.3572,0.4467
0.0069,-0.0842,2.0831,-3.6073,2.1468,-0.5203,0.1866,2.9276,-0.1513,1.7792,2.3638,0.6368,-1.983,-3.3221,1.0673
-0.4989,0.1336,1.5562,-3.6888,2.1278,-0.074,0.2231,2.3651,-0.3211,1.8382,2.2498,0.804,-1.7965,-2.9736,1.2211
-0.6489,-0.3258,1.4529,-3.5702,2.0275,0.1237,-0.0056,2.2379,-0.5993,1.5662,2.1976,0.8199,-1.5474,-2.8278,1.5344
-0.0959,-0.4577,1.3468,-3.5766,2.22,-0.2071,-0.1075,1.7867,0.1695,1.661,1.9448,0.8293,-1.6049,-1.7975,1.328
-0.4747,-0.5678,0.9298,-3.2365,2.3251,-0.1023,-0.1517,1.5552,-0.0804,1.9385,2.1081,1.2508,-1.487,-1.8224,1.3323
-0.3819,-0.3215,0.2395,-3.3691,2.0402,0.6253,-0.1927,1.026,-0.0474,2.5182,1.7787,1.0855,-1.429,-1.3906,1.4447
-0.2705,-0.45,-0.1035,-3.2148,1.8526,0.5944,-0.145,0.4747,0.0113,1.9121,1.388,0.7228,-1.338,-1.4355,1.1979
-0.3131,-0.3178,-0.7585,-3.3058,1.7749,0.4743,-0.329,0.6144,0.8996,1.6525,1.087,0.5355,-1.1809,-1.0025,0.806
-0.3883,-0.6327,-0.7366,-3.1789,1.5505,0.3679,0.0102,0.4722,1.1335,1.4496,0.9166,0.4722,-1.3107,-1.2887,0.2662
-0.3254,-0.5733,-1.1124,-3.2759,0.6639,-0.6098,-0.0777,0.9702,1.7335,0.7442,0.6555,0.4941,-1.2516,-1.6028,-0.3512
-0.3025,-1.103,-0.8045,-2.896,0.7518,-0.425,-0.0718,1.423,1.8453,-0.2034,0.7423,0.1931,-1.496,-1.5044,-0.5945
-0.2644,0.1177,-0.478,-3.3136,0.9521,-0.6057,-0.34,1.8387,1.8361,-0.5765,0.9123,-0.0171,-1.8676,-1.8377,-0.895
-0.0074,-0.4883,0.3707,-3.4601,1.1938,-0.4845,-0.7288,1.9409,1.8659,-0.7354,1.1032,0.2735,-1.936,-2.2518,-1.1623
-0.0551,-0.7777,0.9022,-3.2217,1.598,1.8986,-0.5969,1.291,1.4504,-0.459,1.2328,0.8434,-2.1903,-2.4499,-1.3613
-0.345,-0.725,1.4859,-3.0362,1.9063,1.1227,0.0151,1.4017,0.6026,0.3014,1.8456,0.9828,-2.0094,-2.7319,-0.8734
-0.0254,-0.2475,0.8359,-3.2084,2.0962,0.7546,-0.01,1.4982,0.3643,1.0929,2.0701,1.1018,-1.3408,-2.9775,-0.1792
-0.1892,-0.4008,0.5396,-3.1372,2.0145,0.2297,-0.17,1.3318,0.7694,1.4629,1.8751,0.8132,-1.3284,-3.2903,0.3891
-0.4661,-0.5497,0.8289,-3.1101,1.994,0.0572,-0.1621,1.6896,0.6971,1.5714,1.818,0.5461,-1.6759,-2.958,0.6413
-0.4529,-0.9881,0.534,-2.9369,1.9639,-0.1929,-0.2622,1.8742,0.5436,1.5687,1.9232,0.7651,-1.6033,-2.693,0.7729
-0.2654,-0.0188,0.521,-3.1812,1.873,0.0364,-0.2222,1.7406,0.8802,1.9143,1.8007,0.4707,-1.8499,-1.7837,0.8717
-0.4285,-0.1251,0.5079,-3.2298,1.5883,-0.2296,0.0688,1.3854,0.3836,1.4697,1.9257,0.2415,-1.7274,-1.8742,1.1854
-0.2482,0.0138,0.3245,-3.271,1.5943,-0.046,-0.1229,1.2551,0.5549,1.3242,1.7392,0.8061,-1.3583,-1.569,0.7819
-0.36,0.227,0.1516,-3.2262,1.4178,0.2147,-0.3674,0.6892,0.453,1.1339,1.6212,0.3218,-1.3509,-1.5224,0.6687
-0.2838,-0.1697,-0.0902,-3.3201,1.5017,0.1782,-0.7577,0.5578,0.7293,0.9841,1.5312,0.2437,-1.3767,-1.125,0.3522
-0.1495,-0.4772,-0.2044,-3.18,1.5382,0.2753,-0.5947,0.9498,1.1579,0.6914,1.464,0.3466,-1.8426,-0.7046,-0.128
0.1737,-0.4954,-0.2682,-3.0153,1.439,-0.1897,-0.5718,0.788,1.3655,0.7385,1.4344,0.2526,-1.6431,-0.6605,-0.2534
-0.3413,-0.3811,-0.4509,-2.9402,1.5414,-0.3689,-0.1578,0.7751,1.5446,0.8684,1.3738,0.2311,-1.546,-0.9117,-0.1918
-0.6593,-0.5717,-0.5761,-3.2213,1.4137,-0.0724,-0.3896,0.9074,1.6462,0.4374,1.236,0.0053,-1.6242,-1.2617,-0.474
-0.3963,-0.6711,-0.4117,-3.0736,1.3966,-0.4207,-0.3368,1.1838,1.7738,0.2164,1.1417,0.0401,-1.6682,-2.0155,-0.7372
-0.3435,-0.7436,0.1359,-3.0352,1.6581,-0.2115,-0.2715,1.4763,1.4398,1.0086,1.2151,0.1084,-1.7625,-1.8713,-0.5192
-0.0618,-0.4181,0.2403,-2.9626,1.5417,0.5004,-0.4385,1.4473,1.2724,0.7291,1.3366,-0.0081,-1.7944,-2.1256,-0.2601
-0.3187,-0.0683,0.0114,-3.1102,1.5035,0.4364,-0.4706,1.3689,0.8496,0.7672,1.4253,0.0176,-1.7135,-2.6155,-0.6373
0.4329,-0.4564,0.4504,-3.0988,1.5117,-0.1067,-0.6412,1.419,0.6344,0.4075,1.3957,0.0653,-1.9187,-2.6922,-0.6012
-0.2442,-0.1245,0.3924,-3.0637,1.8592,-0.0696,-0.426,1.8286,0.8563,0.9506,1.3323,0.4607,-2.1895,-2.3246,-0.4126
-0.2992,-0.2323,0.4937,-3.2338,1.9162,0.0368,-0.6058,2.2873,0.7141,0.8053,1.3471,0.8646,-2.2421,-2.6678,-0.3292
0.0012,-0.5409,0.9995,-3.087,1.7801,0.0483,-0.305,2.5909,0.7022,0.5496,1.5438,0.5842,-2.3482,-2.6536,-0.2289
-0.445,-0.1376,1.2833,-3.1496,1.8147,0.1724,-0.2439,2.3825,-0.16,1.0791,1.9422,0.3932,-2.3399,-3.0284,0.2847
-0.1204,-0.1026,1.2434,-3.4418,1.8878,0.0681,-0.0752,2.6785,0.3263,0.9818,1.8756,0.7602,-2.5281,-2.7278,0.478
-0.4819,0.5908,0.9466,-3.5514,1.7094,0.4158,0.364,2.2422,-0.2129,1.358,1.9835,0.79,-2.5139,-2.7542,0.8111
-0.3148,0.2421,0.8472,-3.3622,1.7234,0.381,-0.0637,2.125,0.2542,0.5018,1.8445,0.8393,-1.9197,-2.4372,0.6872
-0.152,0.1084,0.9771,-3.294,1.7089,0.1168,-0.0927,2.3405,0.2677,1.3794,1.7403,0.7442,-1.9502,-2.3704,0.776
-0.201,-0.2114,1.2557,-3.1243,1.733,0.0434,0.097,1.5975,-0.7329,1.5069,1.6904,0.9088,-1.8331,-2.2749,0.8806
0.2785,-0.0479,0.9414,-3.1493,1.6652,-0.2523,-0.0351,1.1185,-0.2869,1.3899,1.6668,0.5679,-1.5866,-1.913,0.8308
0.5902,0.012,0.6104,-3.3477,1.8024,-0.3464,0.0471,0.899,-0.0441,1.6876,1.5748,0.6559,-1.6186,-1.3274,1.0155
0.3065,-0.0097,0.2996,-3.068,1.6874,-0.5331,0.3041,1.0941,-0.0552,2.1739,1.6805,0.4453,-1.4823,-0.959,1.1864
-0.1594,-0.1654,-0.0124,-3.1723,1.6727,0.0895,0.3231,0.7999,0.1367,2.2579,1.3315,0.4797,-1.2318,-0.8872,1.4039
-0.1423,-0.7658,-0.5349,-3.0632,1.5548,0.2696,0.2177,0.3002,0.2094,1.8653,1.1224,0.7678,-1.1515,-0.8834,1.2551
-0.0231,-0.4261,-0.9976,-2.9904,1.5618,0.2148,0.0416,0.5636,1.0704,2.1716,1.1885,0.4733,-1.3699,-0.5733,1.503
0.411,-0.2494,-0.5545,-2.9741,1.2627,0.2118,0.1316,0.4824,0.9409,2.1303,0.9953,0.2893,-1.3918,-0.9989,1.1155
0.1664,-0.2189,-0.1138,-2.9465,1.1545,0.4069,0.4874,0.2939,0.9571,1.3882,1.0895,0.9265,-1.1467,-0.9289,0.843
0.1409,-0.2254,-0.4403,-2.7996,1.0732,0.1461,-0.4693,0.2131,0.7777,1.4426,1.0117,0.5442,-0.9998,-0.8747,0.6435
0.198,-0.453,-0.742,-3.0002,0.9497,0.2322,-0.5273,0.1177,1.1542,1.1789,0.9431,0.2014,-1.676,-0.7336,0.0595
0.0718,-0.5761,-0.7112,-2.7653,0.981,0.6021,-0.3227,-0.2075,1.0857,0.7593,0.8331,0.4577,-1.6718,-0.6674,-0.507
-0.4648,-0.7911,-1.5784,-2.7923,1.2157,0.9781,-0.2514,-0.3478,0.6519,1.0303,0.6643,-0.0086,-1.3114,-0.7039,-0.4845
-0.6894,-1.0738,-1.5264,-2.9241,1.2234,1.1082,0.0028,-0.0108,1.5177,0.7417,0.4459,0.299,-1.2838,-0.7444,-0.7792
-0.5464,-1.121,-1.666,-2.6597,1.0655,1.0695,-0.2993,-0.4757,1.6399,0.6979,0.3723,-0.0369,-1.0354,-0.9456,-0.6653
-0.5678,-1.1944,-1.7024,-2.7509,0.9514,1.1678,-0.5443,-0.3267,1.2581,0.9604,0.3253,-0.302,-1.199,-1.1737,-0.8329
-0.2912,-1.1022,-1.9672,-2.4934,0.7376,0.8355,-0.4693,0.157,1.5793,0.6767,0.3218,0.1797,-1.52,-0.8158,-1.0181
-0.3549,-1.1722,-1.6003,-2.5896,0.6768,0.5772,-1.0675,0.4738,1.6213,0.1374,0.281,-0.1218,-1.4336,-0.9141,-1.3934
0.0077,-0.9088,-1.148,-2.6011,0.738,0.4533,-0.8299,0.2553,1.7763,-0.0702,0.3888,-0.2936,-1.6965,-1.1534,-1.6987
0.3339,-0.684,-0.9561,-2.7904,0.9815,-0.1704,-0.5016,0.6474,1.6914,0.2072,0.4026,-0.3604,-1.7145,-1.1354,-1.7727
0.2524,-0.9831,-0.757,-2.6672,0.8739,0.2654,-0.4307,0.8397,1.3182,0.3585,0.6731,-0.2457,-1.9056,-1.6567,-1.7372
0.1658,-0.7008,-0.342,-2.7417,1.0876,0.2776,-0.4517,1.0576,1.1464,0.5623,0.7896,-0.1242,-1.8192,-1.6698,-1.2094
0.0593,-0.1367,-0.3424,-2.9799,1.3318,0.4527,-0.2685,1.1221,0.7548,0.635,1.1385,-0.1331,-1.871,-1.9083,-1.0922
-0.0304,-0.2561,-0.363,-3.0647,1.3758,0.066,-0.3628,1.1825,1.0361,0.2049,1.0788,-0.0813,-1.7728,-2.2514,-1.072
0.0538,-0.3429,-0.1533,-3.2543,1.6314,0.199,-0.41,1.3581,0.846,0.7282,0.8783,-0.0764,-2.0593,-2.3245,-0.8956
-0.0193,-0.153,-0.2892,-3.4948,1.6224,0.558,-0.2136,1.3338,0.6574,1.0493,0.8446,0.0812,-2.0933,-1.9856,-0.8307
-0.0634,-0.2827,-0.1887,-3.1949,1.4748,0.4809,-0.3937,1.4139,0.8819,0.8564,0.8022,0.3647,-2.3311,-2.145,-0.6007
0.1967,-0.1991,-0.2611,-3.1374,1.485,0.5518,-0.1325,1.2994,0.6237,0.8361,1.2903,0.3444,-2.0593,-1.8622,-1.2159
-0.0121,-0.2374,-0.2964,-3.0125,1.3851,0.6617,-0.2078,1.1587,0.8173,0.6651,1.3044,0.623,-1.9482,-2.0344,-0.8629
-0.3724,-0.2304,-0.7878,-3.056,1.4098,0.7627,-0.1405,0.8792,0.5331,0.3786,1.1562,0.6084,-1.8251,-2.0994,-0.7693
-0.5024,-0.1982,-0.8129,-3.1328,1.2734,0.7005,-0.0902,0.6932,0.7152,0.6301,0.9007,0.6367,-1.7616,-2.3209,-0.6848
-0.036,-1.1715,-0.9868,-2.9435,1.1911,0.9008,-0.6345,0.999,1.0933,0.1357,0.9386,0.2319,-1.8322,-2.3462,-0.7522
0.3127,-0.6165,-0.6376,-2.9449,1.0234,0.3748,-0.5283,1.2728,1.3464,0.2598,1.0632,0.1415,-2.1766,-2.0128,-1.0834
0.1252,-0.4578,-0.411,-3.2605,1.3803,0.5782,-0.5782,1.0713,1.1747,0.8804,0.9726,0.1417,-2.0291,-1.8837,-0.9836
-0.0349,-0.0262,-0.593,-3.1462,1.4067,1.1058,-0.5118,0.9598,0.7071,0.8714,0.9302,0.2551,-1.8955,-2.1737,-0.7365
0.1459,-0.1747,-0.4697,-3.0445,1.458,0.7569,-0.6505,0.8196,1.0133,0.8432,0.9544,0.0013,-2.1811,-2.0149,-0.9286
-0.0159,-0.4057,-0.2025,-3.2301,1.5286,0.8593,-0.4983,0.7063,1.2376,0.818,0.9075,0.1542,-2.0547,-2.4482,-0.6868
-0.1204,-0.3235,-0.2371,-3.1433,1.4681,0.7552,-0.6316,1.2104,0.8177,0.9925,1.1013,0.3023,-2.0232,-2.5049,-0.2495
0.2549,-0.3833,-0.5542,-3.1204,1.4855,0.4925,-0.5454,0.9619,0.5164,0.5842,1.0999,0.2095,-2.4281,-2.9189,-0.4771
-0.0379,-0.2703,-0.7923,-2.9554,1.539,0.5125,-0.6494,1.3378,1.1667,0.8434,1.1522,0.1141,-2.32,-2.3886,-0.5308
-0.0686,-0.6244,-0.1427,-2.8835,1.5643,0.3141,-0.5449,1.4434,1.379,0.3348,1.2279,0.8648,-2.2469,-2.7757,-0.6984
0.3555,-0.3244,0.1081,-2.934,1.8561,-0.0879,-0.705,1.7688,0.789,0.7572,1.5507,0.4332,-2.2852,-3.1351,-0.2703
0.0655,0.0852,0.4985,-2.8714,1.9655,0.23,-1.1793,1.8682,0.9255,1.2429,1.7641,0.8335,-2.4582,-3.0847,-0.0894
0.2331,0.0512,0.5387,-2.9749,1.8375,0.0769,-0.4459,1.9842,0.7282,1.0582,1.7439,1.2093,-2.441,-2.9868,-0.2203
0.109,0.0539,0.7557,-3.0116,1.977,0.031,-0.06,2.0905,0.4638,1.3531,1.9596,0.5755,-2.5857,-3.0039,0.1354
-0.2234,0.0061,0.8408,-3.1059,2.1545,-0.5023,0.3107,2.3153,0.3624,1.3427,1.9738,0.99,-2.421,-2.7483,0.5621
0.2019,0.2528,0.942,-3.1724,2.1789,-0.6059,-0.0249,2.3515,0.0276,1.4435,1.975,1.2208,-2.2154,-2.8516,1.2686
-0.0054,0.0532,0.7893,-3.1915,2.0146,-0.0322,0.0289,2.2609,-0.0357,1.3739,1.6931,1.5696,-2.2123,-2.9758,0.8406
-0.0405,0.0335,0.6181,-3.0013,1.971,0.1778,-0.045,2.0401,0.1133,1.6749,1.8058,1.2382,-2.0878,-2.8867,0.9777
0.1009,-0.185,0.5031,-3.0315,1.96,0.0972,-0.1411,1.6227,-0.0438,1.7993,1.7532,1.1175,-1.8992,-2.6158,1.2203
0.0253,-0.1111,0.251,-3.1236,1.8976,0.0787,-0.1554,1.5261,0.0402,2.2501,1.4559,1.1175,-1.9483,-2.2018,1.1095
-0.037,-0.0074,-0.0499,-3.2393,1.7166,0.5591,-0.2161,1.2423,0.0515,1.43,1.4715,1.1173,-1.9622,-1.9136,0.8651
0.0353,-0.304,-0.0903,-2.9998,1.6059,0.4717,-0.317,0.8368,0.1479,1.3221,2.0078,0.9811,-2.1442,-1.9465,0.961
-0.1624,-0.1048,-0.4861,-3.0034,1.6233,0.3668,-0.1895,0.4075,0.697,1.5226,1.7225,1.1716,-1.8224,-1.7954,0.8366
-0.1001,-0.2422,-0.788,-3.3273,1.5931,0.4178,0.2388,0.1293,0.4561,1.3098,1.4698,1.5197,-1.5554,-2.2799,0.4815
0.0787,-0.6333,-0.9317,-3.2451,1.6782,0.4727,0.2037,0.341,1.3046,0.7394,0.9011,0.5341,-1.2132,-1.9834,0.2166
0.1137,-0.7295,-0.8413,-3.3041,1.6688,0.6184,0.3053,0.3083,1.1364,1.1159,0.8246,0.5698,-1.2155,-1.8918,-0.0083
0.1243,-0.806,-1.0474,-3.1845,1.5441,0.804,0.1868,-0.0014,0.3077,1.2854,0.637,0.4896,-1.0934,-1.7458,-0.0473
-0.1245,-0.8087,-1.3156,-3.1302,1.157,0.5444,0.0475,0.3468,0.7862,1.4458,0.5884,0.573,-1.1602,-1.139,-0.0364
-0.1838,-1.2086,-1.4458,-2.9671,1.1763,0.4364,-0.1175,-0.1692,0.7495,1.2793,0.4781,0.3546,-0.9524,-1.3307,-0.4457
-0.4459,-1.1904,-1.7859,-2.991,1.0196,0.843,-0.5742,0.0531,1.5073,1.073,0.5275,0.0646,-1.1446,-1.1491,-0.3441
-0.1507,-0.9404,-1.4495,-3.1651,0.9368,0.6431,-0.606,-1.1861,0.9271,0.7286,0.3613,0.0754,-0.8988,-1.3906,-0.7194
-0.0491,-0.7638,-1.6269,-3.1381,0.9958,0.9661,-0.0603,-0.6106,1.3904,0.6213,0.4531,0.0102,-1.0082,-0.6263,-0.7221
0.0081,-0.9353,-1.2953,-2.9109,0.888,0.607,-0.2995,-0.6376,1.2241,0.6751,0.7391,0.2221,-0.9668,-0.6892,-0.7874
0.0296,-0.6479,-1.6459,-3.1017,0.9395,0.4135,-0.5443,-0.4987,1.1365,0.7432,0.4321,0.0164,-1.0029,-0.7392,-0.7279
-0.2809,-0.816,-1.8245,-3.0397,0.3592,0.5665,-0.1141,-0.1407,1.5696,0.4176,0.3624,-0.162,-1.1218,-0.8072,-0.9847
-0.1494,-0.7571,-1.5643,-3.137,0.5246,0.4946,-0.6045,-0.0155,2.122,-0.369,0.3536,-0.5337,-1.0999,-0.9454,-1.5162
-0.0862,-0.4477,-0.9813,-2.9679,0.9335,0.7262,-0.7573,-0.3804,1.8322,-0.2668,0.5167,-0.7648,-1.1905,-1.4056,-1.7392
-0.2989,-0.536,-1.5367,-3.0294,1.1237,0.013,-1.0212,0.3352,1.534,-0.1865,0.5699,-0.7455,-1.3614,-1.4475,-1.5984
-0.0786,-0.2801,-1.2614,-3.1523,1.1045,0.4127,-1.0393,0.6377,1.8848,-0.21,0.6268,-0.8581,-1.8114,-1.6506,-1.7926
-0.1684,-0.2744,-0.9754,-3.3822,1.4039,0.1168,-0.6273,1.0991,1.4458,0.0109,0.6807,-1.012,-1.7609,-2.2395,-1.8432
-0.0678,-0.529,-0.6047,-3.2071,1.4147,0.785,-0.504,1.2519,1.4501,-0.2835,0.9443,-0.2937,-1.7336,-2.5982,-1.9109
-0.24,-0.3903,-0.5155,-3.0203,1.42,0.856,-0.2422,1.0081,0.9019,-0.0429,0.9747,-0.0093,-1.8279,-2.7848,-1.7366
0.1804,-0.6838,-0.1942,-2.8025,1.5658,0.5716,-0.4625,1.7049,0.9741,0.0386,1.2705,-0.3446,-1.5232,-3.1034,-1.3078
0.0493,-0.3267,0.0698,-3.2593,1.8349,0.3157,-0.239,2.0778,1.3693,0.5661,1.1671,0.2371,-2.0217,-3.0046,-1.0674
-0.1559,-0.2711,0.268,-3.2481,1.9325,0.7169,-0.1115,2.0015,1.1772,0.3715,1.4327,0.1693,-1.9297,-3.5547,-0.7674
-0.0358,0.2655,0.7447,-3.52,1.8133,0.834,-0.2555,2.0272,0.6955,0.5685,1.5827,0.7334,-2.0541,-3.8391,-0.5828
-0.1368,0.3588,0.7643,-3.3699,1.8143,0.5143,-0.0372,2.4181,0.8518,0.0334,1.638,0.5092,-2.0637,-4.2233,-0.5562
-0.3299,0.1443,0.7808,-3.3255,2.0604,0.691,0.0213,2.6678,0.2971,0.5683,1.6625,1.0053,-2.1002,-3.5374,-0.2687
-0.1099,-0.229,0.8345,-3.1622,2.0536,0.7898,-0.0072,2.794,0.2142,0.3859,2.0496,0.9705,-1.9312,-3.4366,0.086
-0.0911,0.0474,1.16,-3.1392,2.0515,1.2642,-0.2033,2.1647,-0.0496,0.6705,2.0806,1.1545,-1.8286,-3.7428,0.3104
-0.0643,0.3136,0.8233,-3.2806,2.2235,1.0332,-0.0748,2.1315,-0.4707,1.1476,2.0777,2.1104,-1.8683,-3.4979,0.2565
-0.0333,0.1835,0.273,-3.3089,2.1202,0.6409,0.0552,2.1852,-0.5581,1.0852,1.7787,1.3953,-1.6207,-3.2278,0.2645
-0.0631,0.0818,0.4163,-3.4738,2.0006,0.4606,-0.3219,2.1894,-0.391,0.9521,1.7213,1.6861,-1.6145,-3.1294,0.1942
-0.1712,-0.1428,0.4932,-3.2655,1.9114,0.1598,-0.1091,1.9301,0.2356,0.5675,1.7657,1.541,-1.4843,-2.7433,0.3049
-0.581,-0.4376,0.3736,-3.0744,2.1369,0.5389,-0.3535,1.3503,-0.3882,1.1644,1.7979,0.861,-1.4026,-2.614,0.5155
-0.7514,-0.5123,-0.4155,-2.9796,1.8556,0.7529,-0.389,0.9412,0.3582,1.4437,1.4781,0.8365,-1.5016,-2.1333,0.4296
-0.7974,-0.1139,-0.6034,-3.2414,1.6259,0.856,-0.1022,0.7587,0.4139,1.1536,1.2976,0.7342,-1.0138,-2.2655,0.1321
-0.5475,-0.2315,-0.9604,-3.2596,1.5976,0.7112,-0.2897,0.4013,0.517,0.852,0.9697,0.9871,-0.9777,-2.0106,-0.3189
-0.545,-0.3708,-1.2328,-3.1394,1.377,1.0054,-0.4039,0.2739,0.6912,0.8564,0.8554,0.8481,-0.8199,-1.2876,-0.436
-0.1951,-0.7102,-1.2181,-3.1357,1.4002,0.0288,-0.6765,0.4069,1.1812,0.6942,0.7466,0.8951,-0.9355,-1.567,-0.582
-0.524,-0.5875,-0.9948,-3.1829,1.4422,0.3374,-0.5962,0.3812,0.9514,0.6989,0.8399,0.8442,-1.1208,-1.6196,-0.9587
-0.5614,-0.6287,-1.0625,-3.1084,1.532,1.4501,-0.2227,0.0239,0.8293,0.7026,0.7877,0.3401,-0.9875,-1.5433,-0.8874
-0.5499,-0.6961,-1.2508,-3.128,1.1889,1.4522,-0.7133,-0.1176,1.3613,0.9596,0.8111,0.2319,-0.8694,-1.1385,-0.5733
0.0694,-1.3312,-1.139,-2.9193,1.245,0.7931,-0.3629,0.0814,1.305,0.4431,0.8827,0.1932,-1.1207,-1.1207,-0.6814
-0.3796,-0.423,-1.0559,-3.1684,1.4002,0.9641,-0.109,0.0189,1.2549,1.0972,0.852,-0.0315,-1.0159,-1.2708,-0.4182
-0.3508,-0.5819,-1.0453,-3.2898,1.4042,0.7182,0.1497,0.0097,1.3294,0.9346,0.914,0.381,-0.8037,-1.0907,-0.1911
-0.3344,-0.7501,-1.5153,-3.0924,1.5601,1.1553,-0.0095,-0.1801,1.3277,1.1678,0.7944,0.5314,-0.5392,-0.7832,-0.2173
0.0118,-0.607,-1.3186,-2.9815,1.4734,0.7478,0.0684,-0.2121,1.7099,1.1555,0.7968,0.4478,-0.5089,-1.298,-0.2339
0.3858,-0.7902,-0.9538,-3.2748,1.5774,0.2854,0.2416,0.3804,1.6397,1.2452,0.7663,0.2045,-0.6089,-1.1267,-0.1356
-0.1566,-0.6147,-0.8774,-3.4822,1.433,0.5099,0.0649,0.3522,1.3002,1.3435,0.6968,0.2827,-0.6071,-1.5466,-0.3075
-0.4033,-0.7177,-2.168,-3.072,1.5137,0.7462,0.0039,0.5485,1.0919,1.1535,0.645,0.1302,-0.6454,-1.2658,-0.1658
-0.5081,-0.7702,-1.698,-3.3461,1.1957,0.3453,-0.1435,0.6149,1.5371,0.8634,0.3554,0.1469,-0.6441,-1.1167,-0.4951
-0.1654,-1.2406,-1.4474,-3.0798,0.6976,0.6147,0.7029,0.686,1.3002,0.2856,0.5636,0.4294,-0.7811,-1.4662,-1.0604
-0.3194,-1.4852,-1.2116,-2.9506,0.805,0.4853,0.7115,0.8615,1.2543,0.1327,0.867,0.1937,-0.6292,-1.2638,-0.6793
-0.6622,-0.9513,-1.6106,-2.9868,1.1779,0.8462,0.1318,0.4658,1.3371,0.5318,0.8714,0.4917,-0.2089,-1.4554,-0.7604
-0.3783,-0.905,-1.3736,-3.1326,1.0389,0.3245,0.0319,0.4027,1.7303,0.2672,0.7445,0.5664,-0.1815,-1.4164,-0.7766
-0.3793,-0.8688,-1.3992,-3.169,1.1237,0.4276,-0.167,0.413,1.1898,0.5179,0.9025,0.4811,-0.2255,-1.0399,-0.8377
-0.598,-0.9126,-1.6756,-2.9945,1.3536,0.5702,-0.1593,0.2494,1.3699,0.6022,0.8145,0.189,-0.1244,-1.0639,-0.7625
-0.09,-0.4328,-2.0965,-3.0829,1.4564,0.4243,-0.3863,0.7325,1.5564,0.8158,0.6892,0.2832,-0.4257,-0.7215,-0.6678
0.0998,-0.6053,-1.4852,-3.274,1.2537,0.3349,-0.4903,0.6728,1.566,0.2609,0.7517,0.2242,-0.5949,-1.6506,-0.793
-0.3329,-1.0771,-1.6826,-3.1313,1.3321,0.4846,-0.5612,0.9716,1.4403,0.5035,0.8997,0.0602,-0.6997,-1.5707,-0.8076
-0.0996,-0.8333,-1.4215,-3.1913,1.418,0.5502,-0.4758,1.0537,1.7419,-0.1194,1.0197,0.1706,-0.91,-2.0579,-0.9988
-0.0767,-1.0813,-1.4994,-3.0979,1.6055,0.684,-0.46,1.5594,1.9016,0.2412,1.0626,0.7604,-0.8297,-2.4026,-1.179
0.7108,-0.5408,-0.9011,-3.1623,1.5391,0.9016,-0.425,1.4581,0.9352,0.8171,1.0193,0.1631,-0.6324,-2.4494,-1.193
0.6079,-0.8014,-0.4164,-3.3478,1.5527,0.3983,-0.966,1.7047,1.2611,0.9352,1.173,0.0279,-0.8522,-2.9304,-0.7795
0.0222,-0.4473,-0.5198,-2.9912,1.558,0.2094,-0.4792,1.9901,0.4198,1.228,1.4769,0.0189,-1.3253,-2.534,-0.6326
0.0966,-0.2483,-0.3333,-3.085,1.6624,0.4144,-0.1768,1.7827,0.4607,1.3728,1.7395,0.2973,-1.2469,-2.5263,0.0394
0.2543,-0.1163,-0.7074,-3.305,1.6837,0.2695,-0.2099,1.4305,0.1249,1.2761,1.5431,0.6876,-1.1375,-2.0754,0.4246
0.1056,-0.0272,-0.9224,-3.3013,1.2768,-0.0646,-0.1131,1.5141,0.1058,1.8289,1.3926,0.8291,-1.1391,-1.5252,0.7492
-0.4326,-0.2177,-1.0771,-3.0901,1.2274,0.329,-0.3066,1.2709,0.457,1.0251,1.2939,0.7596,-1.2149,-1.3877,0.3635
-0.0183,-0.3582,-1.2989,-3.0756,1.3672,0.4704,-0.0247,1.0538,0.4593,1.1042,1.2177,0.6035,-0.9124,-1.1884,-0.0412
0.03,-0.3601,-1.437,-3.1597,1.4168,0.4005,0.0524,0.5578,0.564,0.8552,0.9382,1.1045,-0.6705,-1.1289,-0.1974
-0.4387,-0.3818,-1.7498,-3.2407,1.26,0.1906,0.127,0.7166,0.9015,0.973,0.8978,0.7206,-0.6313,-0.7288,-0.2606
-0.2565,-0.7461,-1.6355,-3.1214,0.8996,0.0536,-0.3065,0.5203,1.911,0.4767,0.7774,0.3579,-0.4245,-0.5695,-0.7081
-0.4167,-0.9684,-1.7285,-2.94,0.8112,0.1843,-0.4857,0.4717,1.5247,0.3203,0.7215,-0.0425,-0.1765,-1.4344,-0.818
0.0124,-0.8684,-1.4873,-2.8971,1.0051,0.6744,-0.1775,0.4893,1.6686,0.1407,0.8788,-0.1559,-0.3399,-1.405,-1.1207
0.0216,-0.8161,-1.6289,-2.8888,1.0797,0.5304,-0.3717,0.6865,1.9226,0.4063,0.8512,-0.3813,-0.4136,-1.3601,-0.9815
-0.0893,-0.6589,-1.582,-2.8952,1.3641,0.5385,-0.5115,0.7507,1.4178,0.4189,0.7455,-0.5279,-0.4693,-1.5521,-0.6809
-0.7132,-1.1308,-1.4517,-2.9079,0.8306,0.6914,0.0502,0.7069,1.6359,0.5323,0.6712,-0.7369,-0.6912,-1.445,-0.9009
-0.4544,-1.3696,-1.4784,-2.8659,0.9329,0.7351,0.0761,0.6344,2.1646,0.2188,0.9228,-1.0319,-0.3003,-1.9533,-0.674
-0.2291,-1.1504,-1.0414,-2.8152,0.9087,0.4607,-0.1131,1.1014,1.2563,0.54,0.844,-1.4412,-0.1272,-1.6699,-0.4945
-0.1589,-0.7122,-0.8293,-2.9661,0.9469,0.8188,-0.1585,0.6494,1.286,0.0575,0.8864,-0.9866,-0.179,-1.7239,-0.5768
0.0082,-0.9513,-1.0392,-2.8934,1.1789,0.6797,-0.0764,0.8062,1.6268,-0.2225,1.0104,-0.2822,-0.7578,-1.5326,-0.8261
-0.1946,-0.6204,-0.9579,-2.8903,1.3219,0.3929,0.1623,1.0892,1.6806,0.2467,1.2083,-0.1459,-0.6511,-1.5751,-0.3468
-0.1424,-0.5401,-0.7311,-2.9248,1.0277,0.3943,0.1642,1.0916,1.6311,0.418,1.2619,-0.4377,-0.24,-2.1556,-0.2086
-0.0201,-0.2344,-0.7279,-2.9492,0.9783,0.1923,-0.2553,1.5774,1.5135,0.3289,1.3013,-0.4455,-0.3815,-2.057,-0.2729
-0.0656,-0.1346,-0.6413,-3.0462,0.9917,0.2557,-0.1857,1.335,1.3326,0.3647,1.0226,0.1056,-0.6351,-2.1951,-0.4213
-0.2796,-0.3309,-0.5256,-3.1194,1.0658,0.6275,-0.0555,1.2992,1.2043,0.0154,1.2544,0.2372,-0.7735,-1.7529,-0.4009
-0.0652,-0.3649,-0.3205,-3.2244,1.1898,0.0659,-0.2542,1.4771,0.9167,0.2594,1.3569,0.6526,-0.765,-1.4525,-0.2312
-0.2175,-0.4523,-0.1299,-3.147,1.3469,-0.1929,-0.3887,1.4447,0.8556,0.457,1.5436,1.054,-0.8349,-1.7682,-0.0683
-0.2423,-0.3885,-0.7422,-3.1978,1.601,0.1563,-0.4319,1.4981,0.7728,1.0092,1.4317,0.9661,-0.97,-1.3645,0.2154
-0.1085,-0.4021,-0.6515,-3.1874,1.377,0.1197,-0.6119,1.3763,1.5139,1.1337,1.2191,0.9828,-0.9753,-1.2985,0.0655
-0.2963,-1.0546,-0.8404,-3.0763,1.4544,-0.1308,-0.3223,1.5848,1.3255,0.9074,1.4022,0.7022,-0.9704,-2.1889,0.1796
-0.4618,-0.9649,-0.6129,-2.9735,1.3435,0.0978,-0.3419,1.8493,2.4549,0.9034,1.5919,-0.1769,-0.9096,-1.9952,0.2905
-0.18,-0.4565,-0.3691,-3.087,1.2873,-0.0224,-0.458,2.0752,1.8229,0.7109,1.638,0.4406,-0.9801,-2.9913,0.1049
-0.1029,-0.518,0.0738,-3.0962,1.2939,0.1257,-0.4406,2.3918,1.078,0.8844,1.8616,0.4157,-1.1632,-2.7572,0.2507
-0.1098,-0.1487,-0.107,-3.4682,1.3256,0.1547,-0.4997,2.1683,0.8165,0.3277,1.688,0.7055,-1.0141,-2.5616,-0.0438
0.2343,0.0017,-0.1565,-3.4989,1.3416,-0.0018,-0.7333,2.7786,1.1982,0.4671,1.5746,0.742,-1.1915,-1.9345,-0.1439
0.2318,-0.1204,0.0379,-3.3928,1.4461,0.3873,-0.8614,2.1597,0.8932,0.4293,1.6564,0.7646,-1.1237,-2.3427,-0.3104
0.3974,-0.0772,0.3492,-3.5404,1.3579,-0.2771,-0.8564,2.3363,0.1519,0.4749,1.7656,0.423,-1.0893,-2.2458,-0.3591
-0.0487,-0.0582,-0.0025,-3.5233,1.4916,-0.1756,0.1904,2.3702,0.1313,0.9519,1.611,0.4555,-1.2098,-2.0967,-0.1971
0.0904,-0.2327,-0.164,-3.2763,1.3924,0.1585,0.3078,2.0504,0.4512,0.8371,1.7189,0.4238,-0.8834,-1.8979,0.0971
0.1019,-0.5539,-0.7238,-3.2702,1.6781,0.5762,-0.0168,1.6195,0.3901,0.9662,1.7513,0.8942,-0.4441,-1.7039,0.1303
-0.0881,-0.5006,-0.8264,-3.4458,1.4514,0.3352,-0.3224,1.3983,0.2362,1.7889,1.5125,0.3102,-0.5876,-1.5671,0.4129
-0.014,-0.728,-0.9318,-3.1086,1.2294,0.4274,0.0905,0.999,0.6225,1.4979,1.4716,0.4373,-0.4134,-1.4814,0.4657
-0.2321,-0.2336,-1.3682,-3.4872,1.0055,0.5446,-0.3334,1.0571,0.6017,1.4322,1.0383,0.7998,-0.1796,-0.9549,0.6691
0.1054,-0.414,-1.4625,-3.2639,0.236,0.2893,-0.4532,1.3155,1.9378,0.5104,0.7752,0.5934,-0.24,-0.9145,0.2392
0.1801,-0.9953,-0.9873,-2.993,0.3284,0.3675,-0.8465,1.2427,1.6672,-0.3121,1.0829,-0.0634,-0.3809,-0.9171,-0.488
0.1135,-0.7851,-1.2453,-3.05,0.6206,0.1329,-0.9203,1.1643,1.5246,0.1351,1.1222,0.0376,0.0231,-1.0941,-0.544
-0.102,-0.6746,-1.4584,-3.0547,0.9256,-0.0113,-1.0583,1.2619,1.4616,0.3062,0.9938,0.3799,-0.283,-0.817,-0.8984
0.055,-0.9996,-1.3021,-3.1772,0.9482,0.2002,-0.8817,1.4413,1.5616,0.5946,0.8606,0.1803,-0.6576,-0.9342,-0.9753
0.0226,-0.8816,-1.184,-3.132,0.8743,0.5184,-1.0108,1.5048,1.7039,0.189,0.9155,0.1132,-0.8688,-0.9719,-1.1315
0.0324,-1.0465,-1.2166,-2.8874,0.9442,0.3169,-1.1707,1.6364,1.0842,0.3397,1.1257,0.2777,-0.9611,-1.1224,-0.9388
-0.0083,-0.6172,-1.0091,-3.0789,1.008,0.5803,-1.2563,1.766,1.2893,0.6884,1.3198,0.6394,-1.0011,-1.2391,-0.7458
-0.6387,-0.6494,-1.236,-3.189,0.6791,0.9948,-0.8257,1.0467,0.8783,0.3213,1.0987,0.3512,-0.8117,-1.3087,-0.8706
-0.0306,-0.8971,-1.4203,-3.2131,0.7831,0.6521,-1.1073,1.6095,1.6302,-0.5079,1.1293,0.6389,-0.6197,-0.5055,-1.3926
0.1879,-0.7847,-1.0574,-3.0844,1.0594,0.5149,-1.1809,1.0447,1.2006,-0.0289,1.2407,0.3466,-0.6445,-1.2784,-1.23
-0.4741,-0.8653,-1.551,-3.0678,0.9958,0.7566,-1.18,0.9717,1.1585,0.279,1.2408,0.3562,-0.7124,-1.3116,-1.1873
-0.7978,-0.6279,-1.9873,-3.0586,0.9727,0.9822,-0.8927,0.9483,0.4847,-0.4845,0.9075,0.3982,-0.6631,-1.2262,-1.6443
-0.5984,-1.0673,-2.246,-2.995,0.9265,0.98,-0.912,1.0939,1.214,-0.5129,0.7631,0.0883,-0.535,-1.0194,-1.8058
0.1377,-1.1324,-2.8975,-3.0122,1.0478,0.1774,-0.9373,0.9995,1.2423,0.2335,0.4538,-0.1561,-0.1498,-1.0729,-1.7244
0.1723,-0.8955,-2.0829,-2.8048,0.8465,-0.3558,-1.3223,1.4136,2.2529,0.1192,0.3659,-0.2635,-0.2805,-1.0891,-1.8073
0.2023,-1.0473,-1.7483,-2.9525,1.0814,0.2602,-1.0816,1.3655,1.7725,-0.1122,0.576,-0.5869,-0.7469,-1.6616,-1.7464
-0.0633,-0.5827,-1.7864,-3.0187,1.1566,0.6214,-0.8558,1.6501,1.6019,0.5187,0.7786,-0.5753,-0.79,-1.9056,-1.5986
-0.1891,-0.8576,-1.2414,-2.8938,1.3349,0.7249,-1.1231,1.8897,1.5045,0.323,0.8591,-0.3905,-0.7484,-2.019,-1.4793
-0.0178,-1.2196,-0.8683,-2.7764,1.2749,0.5011,-0.9939,2.5001,1.5965,0.3082,1.3024,-0.7082,-0.8443,-2.3145,-1.3122
-0.2759,-1.1621,-0.6481,-2.7187,1.4494,0.3882,-0.8707,2.4093,1.2577,0.589,1.3164,-0.0085,-0.9291,-2.6852,-0.9086
-0.1113,-0.8304,-0.8866,-2.9052,1.615,0.3448,-0.9712,2.4947,0.6852,0.6021,1.3606,0.2158,-1.0433,-2.7268,-0.7652
0.0612,-0.9992,-0.6617,-3.0023,1.4383,0.2908,-0.8246,2.7897,0.8748,0.6581,1.4036,0.5067,-1.2968,-2.5205,-0.7696
-0.0782,-0.9352,-0.5075,-2.8607,1.5916,0.5315,-0.7313,2.6142,0.6614,0.6584,1.5437,0.6847,-1.114,-2.5258,-0.7603
-0.0526,-0.988,-0.7103,-3.0264,1.52,0.7213,-0.5872,2.4793,0.7576,0.6366,1.5142,0.7404,-0.8731,-2.4203,-0.6328
-0.0452,-0.3974,-0.8071,-3.0071,1.3101,0.5347,-0.6185,2.1713,0.6699,0.8013,1.4707,0.7185,-0.8947,-2.532,-0.4143
0.3154,-0.534,-0.5558,-2.9571,1.5434,0.2118,-0.794,2.3144,0.6831,0.5801,1.5453,0.4999,-0.748,-2.3164,-0.2202
0.2601,-0.6157,-0.483,-3.0369,1.8824,-0.0077,-0.8003,2.1484,0.436,0.8762,1.5448,0.3626,-0.7241,-2.6567,-0.1479
-0.1171,-0.7069,-0.6767,-3.1405,1.6253,0.1778,-0.7719,2.2931,0.7603,1.4998,1.4524,0.5043,-0.5418,-2.231,0.0715
0.203,-1.1023,-0.4495,-2.8991,1.4966,-0.1952,-0.4911,1.9564,0.2873,0.8049,1.4825,0.5231,-0.704,-2.2872,0.0661
0.5446,-0.4475,-0.6127,-3.1258,1.7058,-0.4328,-0.3463,2.3206,0.1929,1.1179,1.5939,0.8013,-0.743,-1.8835,0.0826
0.4425,-0.5266,-0.5388,-3.1374,1.6293,-0.4957,-0.1922,2.447,0.053,1.2574,1.5838,0.5332,-0.6311,-2.0185,0.4751
0.3071,-0.2375,-0.8007,-3.4431,2.236,0.095,-0.4321,2.4108,0.344,2.0038,1.4043,0.641,-0.6027,-1.6712,0.6791
0.1661,-0.8761,-0.5812,-3.3383,1.8934,0.3419,-0.6754,2.1232,0.1735,1.9791,1.3259,0.5716,-0.4888,-1.7802,0.4249
0.2575,-0.5668,-0.7392,-2.9824,2.1909,0.0431,-0.566,2.027,0.4328,1.7645,1.4662,0.6973,-0.7544,-1.6173,0.3043
0.2356,-0.4961,-0.8184,-3.0552,1.7991,0.0118,-0.4484,2.2136,1.1628,1.8184,1.6466,0.8585,-0.8711,-1.8949,0.7963
0.4846,-0.163,-0.3737,-3.4515,1.7818,0.0609,-0.6593,2.226,0.9174,1.4676,1.4928,0.3667,-0.9005,-1.8539,0.3918
0.0233,-0.0618,-0.4482,-3.5237,1.8205,0.4147,-0.5007,2.0751,0.5424,1.1309,1.3341,0.2886,-0.8239,-2.0158,-0.0411
0.1029,-0.7381,-0.5116,-3.4063,1.7341,0.3025,-0.2587,2.1514,0.5023,0.8675,1.4466,0.6346,-0.727,-2.0213,-0.226
-0.0632,-0.6302,-0.8674,-3.4201,1.7917,0.4627,0.0076,2.2205,0.4507,1.3345,1.5923,0.9366,-0.6366,-1.8138,0.0023
-0.0068,-0.4126,-0.8308,-3.2131,1.7596,0.4543,0.002,1.8235,0.4174,0.9834,1.4672,0.8353,-0.4673,-1.5093,-0.1348
0.0343,-0.6497,-1.2494,-3.1444,1.6696,0.564,-0.0475,1.4089,0.6725,0.8576,1.7075,0.6511,-0.1681,-1.5649,0.1689
0.3489,-1.091,-1.1727,-2.9636,1.4852,0.2385,-0.2234,1.2596,0.7186,1.2547,1.5165,0.8552,-0.0717,-1.3675,0.2967
0.3219,-0.7592,-1.2034,-3.1385,1.217,-0.0053,-0.196,1.3547,0.7022,1.763,1.279,0.3774,-0.195,-1.2799,0.2795
0.2221,-0.7447,-1.0774,-3.2417,1.2628,0.116,-0.0154,0.7978,0.4821,1.4797,1.3354,1.038,-0.0114,-0.982,0.2278
0.0412,-0.2345,-1.8319,-3.3307,1.8245,0.4258,-0.3309,0.5604,0.3998,1.6301,0.9489,0.8176,0.1775,-0.5596,0.3893
0.0328,-0.53,-1.8664,-3.3151,1.3844,0.3466,-0.2888,0.4483,0.5547,1.4996,0.6661,0.5867,0.3131,-0.43,0.3163
-0.0075,-0.6345,-2.259,-3.3032,1.0694,0.2902,-0.4816,0.0414,0.7449,0.9816,0.6107,0.0813,0.2529,-0.4509,-0.1276
0.432,-0.8805,-2.3292,-3.2977,1.075,-0.1988,-0.3075,0.3957,1.5465,0.6719,0.4816,-0.6698,0.3048,-0.4388,-0.5625
0.2242,-0.9838,-2.1968,-3.2562,1.1414,-0.4665,-0.3616,0.763,2.0542,0.9051,0.496,-0.6031,0.1731,-0.6345,-0.5094
-0.0281,-1.209,-1.9716,-2.838,0.7324,-0.3245,-0.3281,0.9193,1.7805,0.6564,0.4309,-1.2724,0.0162,-0.9704,-0.588
0.3499,-1.1185,-1.3316,-2.9105,0.804,-0.0841,-0.6016,0.969,1.4941,0.1363,0.6213,-0.9676,-0.0384,-0.8811,-1.1884
0.2008,-0.9759,-1.2134,-3.0688,0.7288,0.1929,0.0548,0.9096,1.1963,0.2697,0.8175,-0.8351,-0.3216,-0.9707,-1.246
0.4232,-0.7743,-1.4701,-3.5009,0.8451,0.0233,0.0946,1.0366,1.081,0.1094,0.5355,-0.5598,-0.1582,-1.2423,-1.2815
0.3389,-0.868,-1.3019,-3.2807,1.1294,0.0774,0.0411,1.291,1.4983,0.0007,0.4903,0.2167,-0.1168,-1.2908,-1.3178
0.4525,-0.921,-1.0912,-3.2367,1.0161,0.3773,0.2489,1.3241,1.2734,0.5477,0.5151,0.0356,-0.315,-1.3237,-1.3848
0.0717,-0.5896,-1.184,-3.2675,1.2272,-0.036,-0.2145,1.3721,1.2877,0.7819,0.4855,0.82,0.084,-1.5677,-1.3472
0.1102,-0.3974,-1.0968,-3.2083,1.46,0.078,-0.4468,1.4007,1.3661,0.5205,0.6975,0.4061,-0.0824,-1.5517,-1.3943
-0.0485,-0.6508,-1.3434,-3.3433,1.5574,0.1688,-0.6098,1.5048,1.0432,0.5318,0.6351,0.5585,-0.4185,-2.0029,-1.2191
0.2235,-0.767,-1.0854,-3.1098,1.469,-0.1056,-0.7566,1.815,1.4869,0.5859,0.7507,0.4619,-0.7493,-1.9939,-1.2054
0.4145,-0.5064,-0.7721,-3.1007,1.4592,0.0437,-0.6654,1.427,1.08,0.7857,0.9896,0.6996,-0.8656,-2.4193,-0.9202
0.3736,-0.5347,-0.8458,-3.1348,1.451,-0.0361,-0.5198,2.1709,1.1253,1.2265,1.1677,0.2256,-0.8428,-1.9587,-0.2212
0.2878,-0.9642,-0.6783,-2.9838,1.7383,-0.0359,-0.5903,2.1365,1.0232,0.9129,1.3265,0.4624,-1.0255,-1.822,-0.1996
0.0123,-0.3116,-0.2979,-3.0169,1.573,-0.0263,-0.6221,2.0759,0.6622,1.3086,1.2812,0.7117,-0.8576,-2.1601,0.0203
-0.1782,-0.1931,-1.3973,-3.001,1.2809,0.1161,-0.4415,2.1025,0.5698,0.6792,1.2176,0.6385,-1.0264,-1.5583,-0.3709
-0.0433,-0.3759,-0.8523,-3.0765,1.002,0.4603,-0.2334,1.9018,0.854,0.1348,1.0175,0.5914,-0.6806,-1.9261,-0.8114
0.3063,-0.4293,-1.117,-2.9904,0.9988,0.3424,-0.2152,1.8464,1.5919,-0.173,1.1502,0.2325,-0.7601,-2.3155,-1.1712
0.1856,-0.5734,-0.8721,-2.9846,1.2334,0.4931,-0.0834,1.8787,1.425,-0.0984,1.0047,0.2573,-0.6486,-2.5835,-1.2311
0.0878,-0.2336,-0.5108,-3.1295,1.203,0.7634,-1.1114,1.6179,1.1016,-0.6353,0.954,0.4005,-0.5128,-2.8021,-1.2508
-0.0878,-0.2488,-0.7749,-3.1222,1.6776,0.5788,-1.0753,2.2194,1.1391,-0.376,0.8876,-0.5835,-0.9538,-3.0665,-1.6678
0.0106,-0.9855,-0.5657,-2.9521,1.5716,0.9539,-0.9079,2.412,1.1628,0.065,0.8965,-0.2218,-0.7922,-3.2715,-1.7109
0.3767,-0.6957,-0.1623,-2.8855,1.5074,0.5006,-0.725,2.7568,1.2713,0.4276,1.1976,-0.1127,-0.9569,-3.2004,-1.608
0.3798,-0.7314,0.4092,-2.99,1.4215,0.1891,-0.5771,3.278,0.9853,0.5044,1.3998,-0.045,-0.9803,-2.8995,-1.1103
0.25,-0.8025,0.5902,-2.9346,1.7692,0.3007,-0.4294,2.9872,0.5943,0.4167,1.7764,0.2678,-1.0112,-3.1557,-0.8733
0.471,-0.4931,0.6539,-3.4341,1.6984,0.1295,-0.4476,2.9024,0.3341,0.9612,1.9626,0.7103,-0.8301,-2.8108,-0.2505
0.4218,-0.3785,0.5644,-3.5242,1.7547,0.1286,-0.4933,2.4107,0.1433,1.0617,1.9336,0.3983,-0.7926,-2.6562,0.1289
0.4348,-0.2867,0.2229,-3.4933,1.7295,0.0996,-0.1659,2.224,0.2414,1.3189,1.6888,0.3085,-0.517,-2.6132,0.2615
-0.0818,-0.6745,-0.0244,-3.2694,1.6522,0.3604,-0.3028,1.8364,-0.0105,1.3081,1.4019,0.1992,-0.2529,-2.4404,0.3222
0.5247,-0.8928,-0.1126,-3.1922,1.5409,-0.2151,-0.3144,1.5098,0.017,1.4603,1.2542,0.4243,-0.2434,-2.1689,0.3189
0.2088,-0.912,-0.6134,-3.1383,0.9423,-0.3378,-0.4075,1.6409,0.5524,1.4783,1.0897,0.0862,-0.2237,-1.7065,0.2349
0.1653,-1.0989,-0.7097,-3.178,0.9279,0.3139,-0.7247,1.2333,0.7072,0.9844,1.0202,0.3459,-0.0839,-1.5429,-0.1253
-0.2278,-0.8541,-1.0586,-3.1771,0.9026,0.3572,-0.9119,1.191,1.0928,0.8884,0.8386,0.2975,-0.2197,-0.9863,-0.354
0.0514,-0.9862,-0.8289,-3.1075,0.9723,0.4462,-0.6751,1.225,0.8446,0.2449,1.0303,-0.0461,-0.5041,-1.4775,-0.7718
0.0568,-0.6353,-0.8567,-3.0357,1.1023,0.2691,-0.1531,1.2886,1.0303,0.6195,0.974,-0.3175,-0.1976,-1.4794,-0.93
-0.2572,-0.556,-1.1982,-3.0595,1.1253,0.3974,-0.1752,1.2577,1.4461,0.0041,0.8623,-0.1428,-0.2501,-1.5213,-1.0536
-0.0799,-0.7547,-0.9479,-2.8468,1.2875,0.5835,-0.5189,1.0371,1.4956,0.2954,0.9111,0.2327,-0.2668,-1.694,-1.1761
0.1599,-1.2747,-1.0682,-2.8503,1.1672,0.2608,-0.4461,1.0491,0.6379,0.2499,0.7167,0.1971,-0.3998,-2.0412,-1.1833
0.4782,-0.867,-0.8039,-2.9355,1.2049,0.052,-0.156,1.4975,1.0113,0.7629,0.9254,0.0414,-0.3296,-1.8108,-1.656
0.1948,-1.5151,-0.53,-2.752,1.2058,0.1291,-0.6667,1.2184,0.6843,0.5819,1.154,0.2448,-0.1139,-1.8363,-1.0447
0.1975,-1.3079,-0.3686,-2.8164,1.3277,0.4065,-0.733,1.0443,0.6461,1.3847,1.3566,0.2311,0.0682,-1.7306,-0.5894
-0.0539,-0.7592,-0.6809,-2.8425,1.3235,0.6367,-0.6692,0.4579,0.3719,1.8426,1.1516,0.9993,-0.1379,-1.6893,-0.276
0.1813,-0.7641,-0.9423,-2.9564,1.024,0.5054,-0.0969,0.8497,0.3298,1.4982,0.9663,0.6521,0.0553,-1.1157,-0.2692
-0.0347,-1.0082,-1.375,-2.8663,0.8732,0.5334,-0.2491,0.7003,0.5172,1.178,0.7021,0.537,0.3249,-0.9105,-0.5815
-0.0919,-0.9444,-2.0339,-3.2689,0.8977,0.2872,-0.6748,0.434,0.4191,1.1825,0.3587,0.0123,0.4613,-0.5551,-0.7731
0.0957,-1.2636,-2.3107,-3.0522,0.9474,0.38,-1.2146,0.3906,1.1374,0.8739,0.1556,-0.3041,0.4111,-0.3629,-0.8249
-0.0549,-1.1184,-2.1081,-2.986,0.8033,0.0163,-1.1417,0.5472,2.4738,0.4903,0.2189,-0.2299,0.1256,-0.5923,-1.4725
-0.1717,-1.2003,-1.7791,-2.8513,0.6224,0.4371,-0.7005,0.4823,1.0686,0.1649,0.2861,-0.1901,-0.2658,-0.9322,-1.8164
0.0754,-1.1237,-1.6802,-2.9544,0.6427,0.5252,-0.842,0.7514,1.4654,-0.2463,0.2391,-0.2855,-0.0306,-1.0,-2.0754
0.1777,-1.1508,-1.1911,-2.8796,0.8542,0.7308,-0.8953,1.1049,1.5149,-0.4378,0.3325,-0.337,-0.0358,-0.8866,-2.7423
0.3018,-1.3214,-1.1616,-2.8624,1.1873,0.4657,-0.7893,0.8134,1.6281,0.0811,0.5296,-0.4954,0.0291,-1.5465,-2.2479
0.184,-1.0544,-1.2033,-3.1018,1.2151,0.0303,-1.3266,1.313,1.3235,0.3063,0.5721,-0.3494,-0.3862,-2.0694,-2.1318
0.554,-1.1524,-1.0134,-3.0759,0.9962,-0.1147,-1.3307,1.6071,1.3313,0.6675,0.6348,0.2867,-0.7385,-1.9218,-1.9347
0.5712,-0.689,-0.6821,-3.1384,1.1864,0.0442,-1.1147,1.7987,1.4101,0.8108,0.6629,-0.3838,-1.0068,-1.631,-1.5085
0.653,-0.3184,-0.7714,-3.1502,1.2012,0.093,-1.1868,1.9011,1.3619,0.3833,0.4474,-0.1073,-0.9039,-1.9336,-1.7333
0.064,-0.6008,-0.5967,-3.3554,1.3408,0.0186,-0.8966,2.3721,1.502,-0.0723,0.4608,-0.0902,-0.983,-2.1928,-1.944
0.1684,-1.0214,-0.2997,-3.2265,1.418,0.0848,-0.6339,2.6207,1.4154,0.0,0.8139,0.1963,-0.8724,-2.6936,-2.0379
0.46,-1.1117,0.2209,-3.0593,1.2472,0.342,-1.0547,2.614,0.8174,-0.0077,1.079,0.2348,-0.8995,-2.9573,-1.6396
0.5788,-0.6571,0.3313,-3.0263,1.4098,-0.0245,-1.2384,2.7258,0.5656,0.1876,1.3491,0.1826,-1.1911,-2.9582,-1.5871
0.4522,-0.5208,0.4814,-2.9516,1.8106,-0.5229,-0.7315,3.0504,0.8092,0.6553,1.5384,-0.205,-1.3819,-2.8477,-1.2111
0.7103,-0.3355,0.5585,-3.0651,1.8782,-0.4038,-0.6242,2.8701,0.5966,0.7718,1.7992,0.3445,-1.3453,-3.0387,-0.7154
0.379,-0.1898,0.4151,-3.4073,2.009,-0.2704,-0.4358,3.09,0.2676,1.2039,1.7406,0.5529,-1.0124,-2.7671,-0.5737
0.264,-0.2893,0.7717,-3.4937,1.8764,0.1687,-0.5837,2.8892,-0.11,0.9134,1.6287,0.9147,-1.0158,-3.1239,-0.1111
0.4617,-0.1455,0.7618,-3.2133,1.8227,0.4114,-0.4178,2.7965,-0.1808,1.3047,1.7077,1.0943,-0.9666,-3.2018,0.3322
0.4581,0.3179,0.7521,-3.4783,1.7528,0.2939,-0.3955,2.5774,-0.7185,1.4588,1.8148,0.8729,-0.9361,-3.0101,0.4048
0.114,-0.2616,0.3926,-3.5988,1.5831,1.1572,-0.3641,2.2496,0.3048,0.7476,1.7255,0.9264,-0.6899,-2.5001,0.2606
0.1834,-0.6025,0.2927,-3.4232,1.5159,0.4125,-0.5184,2.1388,-0.2245,1.0248,1.5569,0.6148,-0.7087,-2.2977,0.0796
0.2309,-0.4949,0.2252,-3.2479,1.4643,0.1301,-0.6593,1.8363,0.0063,1.1778,1.6025,0.6839,-0.5076,-1.6805,0.2389
0.7833,-1.1748,-0.0782,-2.9781,1.4747,0.5056,-1.0249,1.6123,-0.0978,0.9947,1.4827,0.0451,-0.6221,-1.3609,0.0702
0.6732,-0.8538,0.0536,-3.2714,1.4814,0.0247,-0.8768,1.2787,0.7387,1.1655,1.1221,0.2419,-0.42,-0.5341,0.0455
0.5709,-0.467,-0.2424,-3.1121,1.3326,0.4998,0.4848,0.5557,0.086,1.2957,0.9966,0.7917,-0.4308,-0.5735,0.1491
0.8048,-1.2087,-0.7241,-3.0258,1.4103,0.4459,0.1461,0.4115,0.3783,1.3425,0.8272,0.7261,0.129,-1.0884,0.5229
0.5718,-1.1681,-1.2269,-3.0653,0.825,0.5406,-0.05,0.4133,0.3687,1.6684,0.7082,0.0331,0.7115,-0.7407,0.4136
0.6062,-1.0849,-1.6505,-2.9373,0.7066,0.1019,-0.2222,0.3005,0.9806,0.9922,0.5168,-0.0534,0.3241,-0.3067,0.2033
0.5954,-1.2653,-1.5849,-2.9325,0.7987,0.781,-0.4026,0.0176,1.1724,1.0054,0.6419,-0.3586,0.3016,-0.3724,-0.3674
0.7691,-1.0442,-1.7963,-3.0459,0.8195,0.7378,-0.7171,-0.1521,0.8778,0.7165,0.6695,0.0606,0.2687,-0.0536,-0.1857
1.1083,-0.9206,-1.7176,-3.1587,0.9788,0.59,-0.817,-0.4165,1.5239,1.078,0.4114,0.0487,0.5613,-0.2708,-0.3189
0.7737,-1.0577,-2.0612,-3.0542,0.9122,0.7964,-1.1735,-0.7584,1.3762,1.0696,0.354,-0.3581,0.6769,-0.0701,-0.2491
0.7058,-1.394,-2.197,-3.3891,0.6502,1.052,-1.0219,-0.846,1.2321,0.9155,-0.0643,-0.3439,0.3788,0.2301,-0.5204
0.5549,-1.6064,-2.7143,-2.9478,0.4599,1.0733,-0.9168,-0.781,1.801,0.8797,-0.3415,-0.8607,0.4954,0.4599,-0.9347
0.7726,-1.5714,-2.6851,-2.7847,0.2553,0.4669,-0.8857,-0.5283,2.095,0.4659,-0.2303,-1.2461,0.2756,0.3839,-1.6843
0.8206,-1.5285,-2.3696,-2.7389,0.1662,0.4809,-1.1086,-0.1394,2.1091,0.1911,-0.2149,-1.0461,0.1564,0.2741,-1.8111
0.7041,-1.3337,-1.8145,-2.8159,0.1184,0.3761,-1.3971,0.2809,2.128,-0.2842,0.0812,-1.5818,-0.2334,0.0471,-2.3266
0.8167,-1.3234,-1.7346,-2.8799,0.3554,0.5048,-1.6046,0.3125,1.7668,-0.7349,0.2434,-1.0321,-0.2411,-0.5614,-2.4935
1.0314,-0.7859,-1.8251,-3.0127,0.7684,0.2931,-1.4718,0.6672,1.8425,-0.889,0.2306,-0.8267,-0.331,-0.6357,-2.5901
0.4454,-0.8984,-1.4671,-2.8788,0.7957,0.8157,-1.2504,1.2301,2.3924,-0.6227,0.1681,-0.6241,-0.5275,-1.8013,-2.5513
0.7086,-0.6962,-1.004,-2.7519,0.9016,1.0457,-1.094,1.4027,2.087,-1.127,0.2266,-0.7645,-0.6109,-2.3896,-2.6305
0.8852,-0.9689,-1.045,-2.748,1.0594,0.4699,-1.0982,2.3376,2.3115,-0.7793,0.5637,-0.5337,-0.8099,-2.662,-2.2901
0.9097,-1.298,-0.07,-2.7076,1.1277,0.6611,-1.3132,2.813,1.5021,-0.6437,1.2019,-0.5625,-0.9392,-3.3093,-2.4927
0.8063,-0.4712,0.0551,-2.5516,1.2966,0.6994,-1.0883,2.7285,1.2975,-0.0648,1.4479,-0.1071,-1.2796,-3.5182,-1.9417
0.8577,-0.6318,0.3781,-3.02,1.2381,0.5541,-0.8387,3.1359,1.4253,-0.4085,1.4188,0.0531,-1.3516,-3.4006,-1.8174
0.7502,-0.798,1.034,-2.9567,1.2132,0.8016,-0.8832,3.0357,0.7381,-0.2823,1.7823,0.4545,-1.5084,-3.7921,-1.4299
0.9204,-0.462,1.1784,-3.0698,1.7333,1.1202,-1.1422,3.0547,0.5042,0.2027,2.123,0.2434,-1.4136,-3.1964,-0.2034
0.7718,0.209,0.9336,-3.2396,1.9424,0.6802,-0.9402,2.5899,0.1857,0.8839,2.0667,0.7239,-1.3697,-3.0031,-0.1592
0.6963,0.026,0.5583,-3.2212,2.004,0.5106,-0.6401,2.5594,0.1197,0.8229,2.0143,0.7871,-1.2613,-2.9349,-0.0925
0.6017,0.2974,0.3188,-3.2715,1.6624,0.9776,-0.6901,2.4394,0.3576,1.0191,1.7868,0.6131,-1.1795,-2.9682,0.4201
0.7401,0.1708,0.2777,-3.3191,1.4457,0.8056,-0.6898,1.9884,0.3078,0.6668,1.6098,0.9712,-0.9537,-3.0273,0.2406
0.6922,-0.0933,-0.0078,-3.1448,1.5236,0.4662,-0.3237,2.5626,0.7441,0.8264,1.5692,0.5118,-0.9818,-2.4413,0.1746
0.6502,0.0195,0.4555,-2.9092,1.3024,0.6116,-0.0579,2.135,0.5682,0.9123,1.5543,0.4024,-0.7399,-2.7467,0.2073
0.6503,-0.482,-0.1223,-2.5652,1.4365,0.5434,-0.3166,2.0738,0.3385,0.8185,1.6167,0.6927,-0.6505,-1.8813,0.5197
0.5228,0.0603,-0.4449,-2.7692,1.2274,0.7098,-0.4203,1.4104,0.2587,1.1713,1.3311,0.5009,-0.5245,-2.0524,0.5162
0.786,0.1296,-0.7323,-2.9697,1.2658,0.4633,-0.5221,1.2319,0.1392,0.9613,0.8905,0.5513,-0.4447,-1.695,0.2006
1.0689,-0.461,-1.0895,-3.0275,1.1754,0.8494,-0.6188,1.0916,0.8801,0.9237,0.5775,0.1556,-0.5073,-1.5611,0.417
0.9855,-0.4182,-0.8792,-2.8533,1.048,0.5856,-1.2606,1.0461,1.3425,1.1748,0.5444,-0.2442,-0.3677,-1.2565,0.3359
1.0105,-0.1448,-1.0125,-2.8323,0.6059,0.3324,-0.8759,0.9722,1.3639,0.977,0.3035,-0.3175,-0.6513,-1.5095,-0.3087
0.9013,-0.3296,-0.8112,-2.9024,0.4891,0.2089,-0.8945,1.4557,1.7134,0.1745,0.2846,-0.4849,-0.9913,-1.0864,-0.4978
0.9687,-1.0334,-0.6691,-2.6764,0.9398,0.3084,-0.6337,1.3018,1.6141,-0.1149,0.5034,-0.3773,-1.2277,-0.8243,-0.8017
0.749,-0.6247,-0.7914,-2.679,0.9534,0.2686,-0.5766,1.1772,1.4811,0.5296,0.5805,-0.3633,-0.7383,-1.512,-0.7193
0.9171,-0.6213,-0.7963,-2.8504,0.8426,0.2463,-0.6839,1.5471,1.3695,0.2586,0.5268,-0.119,-0.8142,-1.4849,-0.7349
