x0,x1,x2,x3,x4,x5,x6,x7,x8,x9,x10,x11,x12,x13,x14
0.1278,0.7894,1.6777,0.1956,0.3684,0.1975,-0.3653,1.5581,-0.6698,0.1075,0.7569,0.6711,-0.6713,-2.4341,-0.2167
-0.1188,0.6556,1.5648,-0.1186,0.4914,0.2984,-0.1395,1.954,-0.6098,0.3773,1.1969,0.7628,-0.1533,-2.1088,0.0271
-0.1044,0.7378,2.0481,-0.1859,0.4857,0.8253,0.1019,1.4084,-1.3829,0.7529,1.1066,1.1302,-0.1979,-2.0074,0.2102
-0.0432,0.6817,1.6396,-0.0806,0.458,0.623,0.3167,1.1775,-1.7445,1.0089,0.8991,1.2165,-0.0733,-1.4299,0.6264
-0.0858,0.7092,1.0057,-0.2994,0.3243,-0.0841,0.291,1.0129,-1.2554,1.0764,0.5601,0.7292,0.0501,-0.7466,1.411
-0.2141,0.5647,1.2024,0.1274,0.2745,-0.1883,0.2743,0.6947,-1.0487,1.0708,0.7208,0.5542,0.1163,-0.4474,1.3651
-0.1571,0.5418,1.0595,0.0395,0.024,0.1691,0.0553,0.064,-1.0888,0.8573,0.7422,1.0185,0.077,-0.285,1.5669
-0.417,0.7415,0.9421,0.0886,0.125,0.6613,0.0509,-0.637,-1.3791,1.3798,0.6804,0.9378,0.3153,-0.0025,1.6042
-0.3851,0.673,-0.3918,0.2502,-0.3915,0.8937,-0.0311,-0.9785,-1.3445,1.0442,0.2266,0.8308,0.4935,0.6557,1.6635
-0.1195,0.4276,-1.1377,0.4752,-0.6463,0.6725,-0.0884,-1.0238,-0.7203,0.5495,-0.2971,0.6318,0.354,1.1519,1.0711
-0.3179,0.3669,-0.9602,0.9094,-0.7321,0.6542,-0.0297,-1.0569,-0.023,0.4866,-0.496,-0.3782,0.5569,1.5031,0.7013
-0.3235,0.1895,-1.1777,0.8504,-0.6815,0.862,-0.0804,-1.1904,0.1111,0.2016,-0.3517,-0.2696,0.8368,1.2428,0.4673
-0.3782,0.0739,-1.203,0.669,-0.7748,0.7321,-0.147,-1.6809,0.4337,0.2359,-0.3605,-0.5071,0.8081,1.4954,-0.1525
-0.2183,0.0028,-1.3738,0.6398,-0.556,0.2977,-0.3794,-1.4072,0.9583,-0.2286,-0.7893,-0.3955,0.8025,1.1328,-0.5591
-0.2105,-0.3981,-1.1767,0.4332,-0.5697,0.2502,-0.3232,-1.1669,0.7651,-0.1148,-1.0735,-0.6366,0.5066,0.9747,-0.5136
-0.0173,-0.3444,-0.543,0.6061,-0.6224,0.2619,-0.1694,-0.9883,0.9322,0.1349,-0.9894,-0.6661,0.4884,1.0036,-0.3906
0.0368,-0.4301,-0.497,0.6703,-0.7233,-0.0835,-0.1376,-0.1801,0.8693,0.1763,-0.2516,-0.8695,0.6529,0.5571,-0.2758
-0.1276,-0.1697,-0.3898,0.7966,-0.7456,-0.1803,-0.3804,0.2381,0.8031,0.0439,-0.1482,-1.2397,0.5802,0.1034,-0.3682
-0.3216,-0.0136,0.0816,0.5107,-0.8615,-0.3335,-0.2052,0.2935,0.7463,-0.3393,-0.116,-0.9947,0.121,-0.2713,-0.2759
-0.1175,-0.0065,0.4544,0.3176,-0.757,0.1136,-0.1343,0.4176,0.4083,-0.4853,0.2318,-1.1386,0.0036,-0.1973,-0.4084
-0.1455,0.3112,0.4457,0.3968,-0.4552,0.4916,-0.3552,0.1328,0.1759,-0.4768,0.2098,-0.3982,0.2001,-0.1872,-0.1888
-0.0011,0.2015,0.8217,0.606,-0.4026,0.3221,-0.3059,0.1118,-0.1766,-0.2358,0.595,-0.2089,0.0459,-0.3045,-0.3961
-0.2002,0.4127,0.4609,0.5638,-0.1263,0.2859,-0.1443,-0.1547,-0.3452,0.2156,0.5623,-0.0975,-0.0197,-0.1636,-0.1905
-0.0863,0.5271,0.2688,0.5536,-0.1675,0.3002,-0.2401,-0.2133,-0.3347,0.5232,0.5806,0.0277,-0.2267,-0.0862,0.2963
-0.1995,0.6354,0.2738,0.2501,-0.5535,1.6119,-0.295,-0.751,-0.4686,0.5534,0.517,0.059,0.2011,-0.0387,0.4136
-0.1314,0.6793,-0.2923,0.1505,-0.638,0.7194,-0.2898,-1.2119,-0.5618,0.1071,0.1795,0.1453,0.4325,0.4229,0.2738
-0.424,0.3144,-0.5261,0.4285,-0.4505,0.3326,-0.2401,-1.1421,0.2144,0.0949,-0.049,0.0614,0.4552,1.0215,-0.096
-0.3695,0.2387,-0.8093,0.5883,-0.4786,0.5559,-0.4118,-1.5098,0.0957,0.2089,0.0083,-0.3617,0.6862,0.9829,-0.1694
-0.3954,-0.0257,-0.9634,0.6547,-0.6212,0.5418,-0.4599,-1.576,0.2677,0.2858,-0.1406,-0.2224,1.0731,0.9653,-0.0027
-0.5832,0.253,-1.0666,0.9496,-0.8083,0.6154,-0.3425,-1.5207,0.7638,0.1807,-0.4727,-0.3369,0.4597,1.0231,-0.2136
-0.6487,-0.0181,-0.9477,0.7541,-0.8082,0.8826,-0.3181,-1.533,0.5551,0.1046,-0.5731,-0.6781,0.4765,0.6972,-0.0509
-0.7603,0.3538,-0.7594,0.3813,-0.7009,0.6457,-0.4445,-1.7027,0.6423,-0.066,-0.8799,-0.7244,0.456,0.8999,-0.3142
-0.8118,0.0561,-0.8118,0.4458,-0.7989,0.4482,-0.3033,-1.0504,0.6116,-0.1336,-0.6526,-0.8799,0.3805,1.0858,-0.8294
-0.7334,0.0696,-0.7026,0.7087,-0.8811,0.721,-0.0265,-0.9212,0.5449,-0.5297,-0.8267,-0.8371,0.5021,0.5418,-1.0435
-0.6861,-0.0064,-0.8543,0.7253,-0.9766,0.5961,-0.1168,-1.0517,0.3354,-0.431,-0.4736,-1.0763,0.4237,0.3535,-0.9926
-0.2495,-0.3916,-0.4313,0.2789,-0.9923,-0.0021,-0.219,-0.507,0.8003,-1.0278,-0.3259,-0.7105,0.4846,0.3213,-0.8739
-0.3551,0.1677,-0.0714,0.3125,-0.5506,0.018,-0.426,-0.1665,0.723,-0.4384,-0.8041,-0.2983,0.3453,0.28,-1.0315
-0.3687,0.3453,0.126,-0.0465,-0.5474,0.2973,-0.3401,-0.0368,0.3301,-0.4344,-0.4262,-0.8224,-0.0966,-0.0527,-0.4122
-0.1771,0.6247,0.0676,-0.1295,-0.6594,0.1528,-0.0659,0.0463,0.172,-0.58,-0.3611,-0.755,-0.3002,0.1869,-0.4564
0.0663,0.8416,0.6627,0.1742,-0.2574,0.1053,-0.1307,0.3344,0.4104,-0.3507,-0.1474,-0.5606,-0.5179,0.3307,-0.6951
-0.3129,0.6393,0.5029,0.566,-0.0655,0.3393,-0.0331,0.2567,-0.289,0.0674,-0.3464,-0.5285,-0.4128,-0.1595,-0.3726
-0.3726,0.3393,0.5918,0.1635,-0.1838,0.1278,0.0863,0.6084,0.1014,-0.1983,0.2707,-0.7125,-0.1495,-0.2731,-0.1965
-0.5999,0.5915,0.8577,0.2763,0.0402,0.6206,0.1939,0.327,-0.2975,0.0284,0.6045,-0.1256,-0.1085,-0.5034,0.2992
-0.5075,0.5037,0.5429,0.4599,-0.1595,0.725,0.2243,0.3135,-0.5667,-0.2727,0.6533,0.2842,0.0181,-0.5756,1.1035
-0.6935,0.9069,0.7654,-0.216,0.0323,0.561,0.5472,0.1752,-0.6805,0.0058,0.3127,0.2526,-0.0614,-0.6638,0.622
-0.5211,0.463,0.4131,-0.3579,-0.0408,0.5432,0.2403,0.3459,-0.7959,0.1054,-0.2997,0.3432,0.1062,-0.5493,0.8704
-0.2252,0.2863,0.4421,-0.0685,-0.1978,0.0948,0.091,0.7194,-0.4732,0.1865,-0.2605,0.1747,-0.1072,-0.046,0.2929
-0.2618,0.4577,0.6711,0.1146,-0.1135,0.2618,0.217,0.7169,-0.1381,0.0292,0.4542,0.3025,-0.2284,-0.2498,0.5683
-0.3403,0.7832,0.9508,0.4114,-0.2613,0.5229,0.1672,0.1119,-0.7024,-0.2549,0.5166,0.5241,-0.2057,-0.258,0.7703
-0.4492,0.8785,0.3405,-0.119,0.0046,0.4824,0.1826,-0.0986,-0.8783,-0.061,0.1647,0.8754,0.1299,0.0304,0.852
-0.1298,0.8691,0.2326,0.1425,-0.1858,0.1738,0.2168,-0.3604,-0.7381,0.1195,-0.101,0.7131,-0.029,0.313,0.6686
-0.2076,0.7528,-0.0186,0.1745,-0.0256,0.2448,-0.1121,-0.0586,-0.1035,-0.0694,-0.0064,-0.0169,-0.0688,0.4792,0.1464
-0.2623,0.6063,-0.0562,-0.1557,-0.152,0.5184,-0.0568,-0.4175,-0.4187,-0.0526,-0.2277,0.1883,0.0333,0.1191,0.1975
-0.3143,0.3458,-0.0286,-0.1174,-0.1313,0.7286,-0.0109,-0.3792,-0.4135,0.1123,-0.5026,-0.2507,0.2004,0.1918,0.07
-1.037,0.4161,-0.5212,-0.0901,-0.1811,1.0471,0.1328,-0.2126,0.2045,-0.0265,-0.4604,-0.9614,0.0517,0.0749,-0.0091
-0.6401,0.5574,0.0793,0.0775,-0.4183,0.6908,0.2445,-0.2476,0.3711,-0.6432,-0.3841,-0.5235,0.4252,-0.1265,-0.1894
-0.2531,0.0413,0.1688,0.2922,-0.306,0.4907,0.1678,-0.3494,-0.213,-0.6912,-0.0912,-0.54,-0.0106,-0.1349,-0.8933
-0.4274,0.4733,-0.2315,-0.1405,-0.1329,0.4625,0.2033,-0.1999,-0.3562,-0.2503,-0.178,-0.3343,-0.1723,0.3606,-0.3829
-0.6125,0.4871,-0.6443,-0.0407,-0.2668,0.4251,0.3149,-0.0756,-0.2352,-0.1669,-0.0723,-0.1425,-0.1765,0.503,-0.1547
-0.2223,0.8085,-0.7405,-0.2924,-0.3478,0.3777,0.3463,-0.0698,0.2244,-0.1835,-0.9041,-0.0349,-0.2375,0.0599,-0.5874
-0.3521,0.3779,-0.0072,0.0131,-0.3054,0.6975,0.3705,0.2235,0.6003,-0.501,-0.6412,-0.5374,-0.159,-0.0671,-0.8146
-0.1898,0.0194,-0.0599,-0.0722,-0.3587,0.9572,0.3984,0.4897,0.2447,-0.7644,-0.2285,-0.6007,-0.412,-0.3965,-0.1717
-0.5109,0.1232,-0.0538,0.3265,-0.3882,0.7555,0.2738,0.5149,0.2303,-0.5075,0.3177,-0.139,-0.1395,-0.4866,-0.2259
-0.5913,0.3765,0.251,0.2077,-0.2765,0.4809,0.2357,0.346,0.0818,-0.4323,0.3488,0.1594,-0.4593,-0.7109,0.0977
-0.3895,0.6937,0.5113,-0.0013,-0.2925,0.5068,0.3109,-0.0343,-0.5013,-0.2592,0.2187,0.099,-0.4351,-0.9004,0.4886
-0.4945,0.8425,0.4219,-0.283,-0.3105,0.5692,0.2593,0.2872,-0.6514,0.0191,-0.0721,0.584,-0.3783,-0.5368,0.182
-0.765,0.7145,0.1801,-0.5188,-0.1709,1.0951,0.3123,0.3701,-0.4313,0.0242,0.2805,0.5591,-0.468,-0.3372,0.5464
-0.6978,0.9698,-0.0468,-0.4079,0.0329,1.0358,0.3525,0.2028,-0.5874,0.0987,-0.011,0.2193,-0.1713,-0.3186,0.8032
-0.628,0.7985,0.1455,0.108,-0.1392,1.3789,0.2374,-0.3733,-0.5848,0.2268,0.1339,0.0763,-0.189,-0.2943,0.8793
-0.514,0.4636,0.0994,-0.2682,-0.3011,0.9691,0.3598,0.1079,-0.2989,0.3558,0.1251,0.0264,0.1036,0.0343,1.0322
-0.6633,0.8521,-0.0057,-0.3037,-0.0853,0.7637,0.4209,-0.1881,-0.5992,0.5436,-0.1234,0.0529,-0.5224,0.343,1.5195
-1.071,0.4358,-0.3307,-0.0841,-0.0181,1.1495,0.3332,-0.2169,-0.4391,0.5633,-0.5212,0.184,-0.136,0.5613,1.7126
-1.0244,0.6429,0.3963,-0.1968,-0.3338,1.4255,-0.1073,-0.3464,-0.3676,0.5962,-0.387,0.1367,0.1751,0.5074,1.1607
-0.9099,0.5142,-0.0708,-0.0429,-0.2296,1.5267,-0.14,-0.7662,-0.7809,0.4251,-0.4731,-0.1055,-0.0462,0.5258,0.8428
-0.8823,0.5666,-0.205,-0.3855,-0.427,0.8294,-0.1253,0.0469,0.6565,0.153,-0.5676,0.0774,-0.1454,0.7409,0.2361
-0.9477,0.3277,0.0121,0.1532,-0.3228,0.997,-0.0017,-0.2774,0.2624,-0.1672,-0.2268,0.0349,-0.4267,0.063,0.1762
-0.4074,0.3213,-0.0205,0.254,-0.3923,1.0707,0.0808,-0.2532,-0.0222,-0.0949,-0.1793,-0.0777,-0.4657,-0.1089,0.5753
-0.6326,0.2452,-0.0242,-0.7309,-0.3705,0.8052,0.1744,-0.0624,-0.0189,0.1936,-0.7133,0.0264,-0.3633,-0.8757,0.3072
-0.3572,0.0802,0.4359,-0.4993,-0.4725,0.6615,-0.0065,0.5222,0.4541,0.0387,-0.7637,-0.192,-0.1229,-0.5218,0.4747
-0.3901,0.4822,0.8085,-0.2737,-0.2488,1.1574,-0.0634,0.6409,-0.075,0.2132,-0.2064,-0.1962,-0.3349,-0.5067,0.5766
-0.5614,0.5615,0.4724,-0.2409,-0.1687,1.1586,-0.0017,0.3516,-0.7217,0.3134,-0.521,-0.0719,-0.2762,-0.7652,0.4874
-0.9659,0.4363,0.0704,-0.0776,-0.1459,1.6294,-0.0449,0.3263,-0.524,0.5209,-0.3515,-0.0586,-0.4162,-0.6136,0.2011
-1.0585,0.3469,0.0603,-0.1856,-0.2601,1.8703,0.0134,-0.0962,-0.5849,0.1296,-0.7151,0.0487,-0.4706,-0.4415,0.1699
-0.8829,0.3456,-0.2312,0.9695,-0.451,1.8649,-0.0031,0.1265,-0.3053,0.0364,-0.1479,-0.2971,-0.582,-0.4216,0.2625
-0.4925,0.5075,-0.0496,0.6409,-0.6443,1.1262,-0.0967,0.4313,-0.2938,-0.1526,-0.5525,-0.2405,-0.4371,-0.4286,0.16
-1.0366,0.2921,-0.1007,0.5238,-0.5209,2.6363,-0.0505,0.2503,-0.528,-0.006,-0.4477,-0.1069,-0.4244,-0.5437,-0.0537
-0.9611,0.5321,0.3661,0.9692,-0.4459,2.2353,0.0664,-0.0842,-0.396,0.0959,0.2715,-0.0456,-0.1938,-0.6029,0.5005
-0.8916,1.072,-0.2326,0.0635,-0.426,1.6035,0.0508,-0.4494,-0.7925,0.6149,-0.7017,0.2614,-0.0878,-0.603,0.5885
-0.7593,0.5559,-0.7612,0.0977,-0.7864,1.4545,0.2498,-0.2252,0.5827,0.0868,-0.5413,0.3391,0.2131,-0.3669,0.2438
-0.6663,0.4697,-0.3767,0.1102,-0.8743,1.4379,0.2411,-0.3397,0.225,0.2922,-0.4058,-0.0501,0.1079,-0.4913,0.4441
-0.4825,0.4058,-0.1852,0.0301,-0.8308,1.679,0.1201,-0.5932,-0.1514,0.4893,-0.7552,-0.2321,0.3112,-0.296,0.4968
-0.2407,0.7496,-0.0411,0.3248,-1.0089,1.3916,-0.0282,-0.6571,-0.2971,0.8159,-1.2338,0.0585,0.3652,-0.2536,0.4558
-0.4104,0.7706,-0.2004,-0.1243,-1.164,1.2514,-0.0331,-0.5315,-0.2108,0.5881,-1.2375,-0.2164,0.4063,-0.134,0.4462
-0.6673,0.5545,-0.5981,-0.1562,-0.9692,1.2136,0.0112,-0.515,0.1384,0.379,-1.4238,-0.4725,0.2095,0.1601,-0.1892
-0.3436,0.4632,-0.1527,0.0493,-1.0068,0.8134,-0.0685,-0.1406,0.0135,0.3483,-0.7542,-0.7438,0.0213,0.4008,-0.1143
-0.3599,0.3341,0.1515,-0.033,-1.1606,1.1223,-0.1593,-0.3445,-0.0851,0.134,-0.7822,-0.2975,0.4648,0.2964,-0.0605
-0.5416,0.943,0.6911,0.021,-1.0729,0.9384,-0.5555,-0.479,-0.3507,0.0983,-0.3932,-0.4511,0.1665,0.2285,-0.1268
-0.6495,1.0795,-0.0531,-0.147,-0.8808,1.4829,-0.3859,-0.4365,-1.1575,0.1526,-0.4426,-0.0799,-0.423,0.0497,-0.6846
-0.8478,0.876,-0.3484,-0.0859,-0.9516,1.1962,0.1164,-0.6874,-0.683,-0.1722,-0.6546,0.3295,-0.36,0.2236,-0.5859
-0.688,0.5627,-0.103,-0.0182,-0.7885,0.9522,0.0184,-0.7695,-0.3613,-0.0111,-1.0509,0.3857,0.0912,0.1865,-0.5646
-0.3706,0.7261,-0.2646,-0.1005,-0.7927,0.7546,0.1758,-0.5015,-0.4459,0.0585,-1.0604,0.2921,0.0167,0.0547,-0.2402
-0.4328,0.6345,-0.3642,0.0502,-0.9984,0.7204,0.0673,-0.129,-0.2981,0.0159,-1.0287,-0.0436,-0.0394,0.0202,0.4496
-0.5553,0.6134,0.0369,-0.1532,-0.8882,0.7415,-0.2489,0.0654,-0.2001,-0.1095,-0.8793,-0.0751,0.3198,-0.3254,-0.1353
-0.63,0.6613,-0.0461,0.2902,-0.7395,0.5283,-0.1956,0.0358,-0.1213,-0.1016,-0.7932,-0.1928,-0.2306,-0.4016,0.044
-0.3505,0.5483,0.3658,0.2476,-0.82,0.588,-0.0297,0.362,-0.1636,-0.068,-0.938,0.0865,-0.3542,-0.5565,-0.1258
-0.6301,0.5171,0.09,0.3115,-0.5593,0.7551,0.041,0.4283,-0.5179,0.1009,-0.3547,0.3128,-0.3702,-0.6707,-0.1172
-0.6128,1.0048,0.0517,-0.1296,-0.6168,0.6215,-0.0583,0.07,-0.6146,0.1096,-1.1778,0.2599,-0.1328,-1.0337,0.1509
-0.5196,0.9355,0.1878,-0.0776,-0.5004,0.7332,0.0799,0.5701,-0.341,0.1512,-1.698,0.1122,-0.2744,-0.7883,0.2599
-0.5549,0.5921,0.1234,0.0276,-0.6722,0.4801,-0.0209,0.8088,-0.2396,-0.0808,-1.0525,0.079,-0.6043,-1.2771,0.0972
-0.1802,0.6123,0.7108,-0.0192,-0.6621,0.7281,-0.0078,1.3675,-0.1469,-0.2521,-0.8262,0.0908,-0.7427,-1.2935,0.1772
-0.4847,0.9449,1.2409,-0.0595,-0.5378,0.8885,0.1602,1.3704,-0.5888,0.0145,-0.4191,0.1537,-0.6368,-1.782,0.3704
-0.503,1.2785,1.2239,-0.3389,-0.5613,0.8917,0.0153,1.179,-1.0637,-0.0391,-0.3175,0.1375,-0.5198,-1.6898,1.2079
-0.5422,1.1734,1.2083,-0.0181,-0.3307,1.229,-0.1004,1.0564,-0.8342,0.2825,0.1373,0.6813,-0.5047,-1.5063,1.2514
-0.6598,1.3576,1.2287,-0.0959,-0.2406,0.9998,0.0372,0.6834,-0.9279,0.5982,-0.0167,0.8007,-0.6895,-1.3005,1.3106
-0.7371,1.2459,0.7241,-0.1321,-0.4405,1.3194,-0.0254,0.3347,-1.286,0.4744,0.1081,1.0538,-0.1659,-1.2668,1.4077
-0.5053,1.198,0.0573,-0.3176,-0.5567,0.9235,0.0368,0.3832,-1.0458,0.3428,-0.2075,1.0286,-0.1603,-0.9474,1.7249
-0.5379,0.881,0.113,-0.5732,-0.2244,0.8264,0.2676,-0.0683,-0.8355,1.168,-0.8255,1.2216,-0.2569,-0.442,1.6616
-0.6822,1.0083,-0.0137,-0.2021,-0.4818,0.8601,0.3458,0.0616,-0.678,1.1233,-0.6286,1.079,-0.177,-0.1922,1.7451
-0.5351,0.5801,0.12,-0.7624,-0.5398,0.3405,0.4938,0.0225,-0.996,0.8607,-0.8617,0.8449,-0.2593,-0.3771,1.603
-0.8159,0.6357,-0.1615,-0.3398,-0.554,0.6296,0.2468,-0.0678,-0.7512,0.8282,-0.9071,0.1722,0.0665,0.0798,1.6076
-0.6829,0.8211,-0.1562,-0.1697,-0.7617,0.9929,0.2179,-0.3467,-0.887,0.5872,-1.197,0.2322,-0.0957,-0.1551,1.2723
-0.6623,0.7334,-0.2345,-0.4063,-0.557,1.2463,0.1479,-0.3765,-0.5535,0.736,-1.2372,0.0122,-0.3196,0.0963,1.1956
-0.8933,0.689,-0.1711,-0.1224,-0.4978,0.9327,0.1111,-0.7362,-0.3973,0.5208,-0.7022,0.0943,-0.1313,-0.0125,1.0789
-0.8309,0.7474,-0.1969,-0.4947,-0.5233,1.0813,0.1112,-1.1806,-0.6533,0.5792,-1.4887,0.1171,0.1276,-0.1958,0.9751
-0.7621,0.7441,-0.6099,-0.0723,-0.6489,1.118,-0.2212,-1.1729,-0.2111,0.2238,-1.1017,-0.2398,0.1485,-0.2978,0.7023
-1.0212,0.4747,-0.5991,0.2088,-0.5541,1.8713,-0.2064,-1.324,0.0093,0.4736,-1.047,-0.3509,0.2128,-0.1541,0.7019
-1.0503,0.4184,-0.7249,-0.0976,-0.6566,1.6151,-0.1581,-1.2654,-0.0322,0.2679,-1.3105,-0.1408,0.1054,-0.2875,0.6851
-0.8265,0.2575,-0.6747,0.1163,-0.5862,1.3809,-0.1352,-1.0106,-0.4483,0.3976,-1.0978,-0.2729,0.2795,-0.0456,0.884
-0.5747,0.4382,-0.642,0.1898,-0.6104,1.0301,-0.256,-1.0009,-0.1796,0.6543,-1.0818,-0.461,0.2503,0.068,0.9749
-0.6268,0.5598,-0.255,-0.2778,-0.8809,0.8079,-0.0402,-0.9962,0.127,0.3896,-1.1461,-0.5806,0.2874,0.0266,0.8783
-0.8523,0.5057,-0.1185,-0.0448,-0.7235,1.0677,-0.0648,-0.9785,0.1546,-0.3486,-1.0868,-0.109,0.1629,0.1248,0.4454
-0.7132,0.4584,-0.083,-0.1276,-0.5635,1.482,-0.0147,-1.4495,-0.4597,0.1009,-1.2211,0.1179,0.2274,0.3145,0.0881
-0.6374,0.5021,-0.2851,-0.2692,-0.4325,1.0439,0.0553,-1.1335,-0.3697,0.5526,-1.3433,-0.0141,0.2816,0.3289,0.3562
-0.638,1.0095,-0.4629,-0.4542,-0.7184,0.9906,0.1274,-1.1456,-0.4568,0.4654,-1.501,-0.0728,0.1363,0.3044,0.1816
-0.7631,0.4604,-0.5477,-0.3037,-0.8489,1.0104,0.0712,-0.5979,0.0496,-0.2571,-1.6419,-0.3706,0.3139,0.0798,-0.1945
-0.5904,0.6335,-0.1294,-0.1272,-0.7045,0.982,-0.1161,-0.6403,0.404,-0.0028,-1.5685,-0.5637,0.1474,-0.1399,0.0527
-0.3597,0.553,0.3619,-0.139,-0.7398,1.1358,-0.0549,-0.2375,0.4247,0.0941,-1.2503,-0.6668,0.128,-0.3494,0.2346
-0.3365,0.5961,0.5404,0.1261,-0.6,0.6602,-0.0432,-0.0438,0.1954,0.2211,-1.1434,-0.5103,-0.0817,-0.5901,0.1366
-0.5564,0.7883,0.9301,0.0894,-0.4946,0.6986,-0.1734,-0.1567,-0.0528,0.6223,-0.8557,-0.3148,-0.0141,-0.6297,0.6749
-0.6473,0.6515,1.2177,0.0413,0.2434,1.0738,-0.3114,-0.231,-0.4608,1.0508,-0.2159,-0.1046,0.3203,-1.1851,1.2963
-0.3427,1.1324,1.0666,-0.2966,0.0125,0.8673,-0.0456,-0.1696,-0.7859,1.5917,-0.3228,0.1568,0.2326,-1.2979,1.8307
-0.7114,0.9676,0.8486,-0.3338,-0.2736,1.3264,0.0221,-0.4851,-0.9006,1.7652,-0.8756,0.6744,0.3654,-1.0074,1.939
-0.559,1.0371,0.8871,-0.548,-0.4444,1.3325,0.0861,-0.7792,-1.0383,1.8101,-1.3213,0.7442,-0.0032,-0.0996,1.9788
-1.0681,0.897,-0.2015,-0.6024,-0.5998,1.391,0.0225,-0.8444,-0.6557,1.4065,-1.7884,0.4097,0.1895,0.0681,1.6066
-0.7737,1.0977,-0.2167,1.0708,-0.9041,1.5958,0.4107,-0.8407,0.036,0.6632,-1.2641,0.5581,0.0826,0.2473,1.1538
-0.689,0.8018,0.2104,0.6419,-1.084,1.2698,0.2995,-0.9653,-0.3004,0.3158,-1.589,0.2233,0.3795,-0.4448,0.8179
-0.6496,0.493,-0.3004,0.3056,-1.0467,0.9073,-0.1099,-0.9189,-0.1225,0.0271,-1.5346,-0.0696,0.7699,-0.787,0.5582
0.1118,0.3374,0.4126,0.3642,-0.9862,0.801,-0.1367,-0.6091,0.0114,-0.0586,-1.4127,0.1108,0.6314,-0.4004,0.3462
-0.4927,0.5173,0.3235,0.3628,-0.9405,0.9723,-0.2702,-0.6219,0.2831,0.5261,-1.1223,-0.0808,0.4846,-0.5183,0.5865
-0.3898,0.7713,0.5264,0.247,-0.8713,0.6331,-0.3237,-0.4227,-0.0911,0.4597,-1.1284,0.3861,0.3187,-0.6166,0.5681
-0.5589,0.6845,0.7025,0.1158,-0.7782,0.6557,-0.359,-0.5641,-0.1927,0.349,-1.6668,0.4331,0.03,-0.6803,0.6385
-0.58,0.2428,0.6147,0.488,-0.3585,0.1953,-0.3128,-0.1005,-0.1441,0.4032,-1.1796,0.1249,-0.1753,-0.4481,0.7856
-0.5751,0.6138,0.8592,0.4044,-0.3677,0.5923,-0.2949,-0.1084,-0.0647,0.7672,-1.2148,0.218,-0.3594,-0.9096,0.6839
-0.5392,0.6938,0.6586,0.3215,-0.3941,0.7572,-0.1997,-0.1917,-0.5856,0.481,-1.4968,0.3119,-0.1688,-0.9375,0.829
-0.4538,0.7103,0.7429,0.2306,-0.1718,1.5942,-0.2951,-0.3898,-0.3673,0.1857,-1.2264,0.3572,-0.2699,-0.8642,0.6563
-0.5655,0.4169,0.4649,0.3171,-0.3701,1.3222,-0.086,-0.386,-0.0779,0.8404,-1.1616,0.6346,-0.2165,-0.6859,0.7907
-0.6735,0.6209,0.5257,0.0359,-0.4433,1.0968,0.03,-0.5213,-0.1161,1.0552,-1.683,0.9,0.3359,-0.8889,1.5577
-0.5421,0.2471,0.7036,0.3018,-0.7762,1.1233,0.2054,0.0091,-0.1903,1.021,-1.6778,0.6798,0.3454,-0.8169,1.5775
-0.7457,0.5811,0.9871,0.151,-0.7021,1.0682,0.183,-0.2097,-0.607,1.2022,-1.0961,0.6351,0.173,-0.4707,1.7165
-1.0823,0.584,0.4416,0.1056,-0.8689,0.7538,-0.0141,-0.8056,-0.8834,0.8018,-1.4752,0.5579,0.0242,-0.1888,1.3312
-0.9201,0.4871,-0.092,0.0613,-0.8316,1.1577,0.0816,-1.0722,-0.1789,0.4091,-1.3717,0.5598,0.1784,0.0669,1.1556
-0.4324,0.2773,-0.0515,0.0168,-0.8643,0.6195,0.1609,-1.3399,0.0005,0.1489,-1.8041,0.4447,0.3187,0.1536,0.9178
-0.124,0.389,-0.1954,0.2596,-0.783,0.3642,0.3075,-1.1984,0.1361,0.6664,-1.742,0.4773,-0.1896,0.1681,0.6272
-0.4483,0.2895,-0.3727,0.3404,-0.939,0.305,0.0591,-0.7278,0.476,0.83,-1.8725,0.3118,0.3895,0.1321,0.6294
-0.5577,0.6535,0.0789,0.5816,-0.9122,0.2863,0.0857,-0.6777,0.3167,0.6261,-1.9083,0.4041,0.3355,0.0475,0.583
-1.1706,0.5342,0.0876,0.775,-0.8615,0.7699,0.0281,0.1635,0.4262,0.5039,-1.4277,0.2532,-0.0355,-0.2007,0.6793
-0.8832,0.2886,0.8146,0.5013,-1.1416,0.121,-0.3289,0.2991,0.2025,-0.0253,-1.1208,0.3146,-0.0981,-0.976,0.612
-0.6583,0.1572,1.1316,0.4083,-0.996,0.4181,-0.2679,0.0792,-0.4196,-0.0721,-0.7113,0.3695,-0.2431,-1.3655,0.2525
-0.9371,0.6448,0.986,0.2025,-0.7373,0.7565,-0.6336,0.1654,-0.9048,0.5241,-0.9525,0.6521,-0.328,-1.2166,0.3199
-0.9981,0.8079,0.9391,0.4107,-0.8525,0.9041,-0.8429,0.2202,-0.5624,0.1115,-0.8549,0.6868,-0.5162,-1.9178,0.5222
-0.9587,0.8139,0.9171,0.5659,-0.6882,0.8899,-0.4921,0.4597,-0.3933,0.1266,-0.6,0.8475,-0.7645,-1.6385,-0.0339
-1.0456,0.5575,1.5503,0.6282,-0.4322,1.1876,-0.2928,0.2986,-0.8085,0.1907,-0.7663,1.3311,-0.6945,-1.6102,0.0223
-1.2047,0.661,0.8801,0.5276,-0.3839,1.0175,-0.154,-0.0075,-0.7441,0.4222,-0.8895,1.2394,-0.2889,-1.4114,0.3283
-0.711,0.4787,0.6466,0.4954,-0.5085,0.8436,-0.0912,-0.0081,-0.9983,0.5972,-0.898,1.1827,-0.2997,-1.3653,0.5964
-0.5135,0.6143,0.8411,-0.1693,-0.6265,0.6764,-0.1544,0.1386,-0.5952,0.6729,-1.3412,1.3155,-0.6178,-1.1623,0.4016
-0.7843,0.5489,0.4798,0.0541,-0.6436,0.7032,-0.1387,0.1181,-0.3787,0.7504,-1.7461,1.029,-0.1599,-1.0632,0.1296
-0.9515,-0.0759,0.3846,0.0908,-0.6059,0.716,0.0078,-0.0628,-0.5682,0.728,-1.5821,0.6511,-0.281,-1.2088,0.4956
-1.1589,0.0936,0.4566,0.6961,-0.6134,0.9798,-0.2047,-0.048,-0.9709,1.0552,-1.7344,0.3142,0.2111,-0.6954,0.3875
-0.8463,0.2182,0.6306,0.7726,-0.4363,0.865,-0.2235,-0.5056,-0.6554,1.0965,-0.8446,0.3736,0.1008,-0.8203,0.3586
-0.7059,0.8435,0.1246,0.6768,-0.5685,0.751,-0.2416,-0.9596,-0.9853,1.1348,-1.1113,0.8568,0.2242,-0.6556,-0.1374
-0.6738,0.5462,-0.5032,0.7092,-0.6117,0.7106,-0.2682,-0.3003,-0.369,0.8044,-1.368,0.8867,0.0449,-0.2998,0.251
-0.8177,0.5352,-0.1551,0.4547,-0.7004,0.6986,-0.1044,-0.4758,-0.4196,0.5931,-1.5274,0.5429,0.0354,-0.8638,0.2801
-0.4527,0.1569,0.5794,0.4684,-0.5641,0.3748,-0.1019,-0.4064,-0.0698,0.3017,-1.1813,0.4936,0.0492,-0.7327,0.4929
-0.7146,0.2227,0.4655,0.6344,-0.385,0.8604,-0.0469,-0.2706,-0.5788,0.8981,-1.218,0.1922,0.0125,-0.2131,-0.0796
-0.562,0.5725,0.5554,0.5889,-0.3704,1.0847,0.0503,-0.7706,-0.9221,0.9728,-1.3904,0.8506,-0.2354,-0.4938,0.0819
-0.6474,0.435,-0.0058,0.7697,-0.4761,0.8685,-0.0225,-0.63,-0.4017,2.1225,-1.2845,0.9377,-0.097,-0.1657,0.8333
-0.746,0.3683,-0.0239,0.4506,-0.7387,0.7424,-0.4221,-1.0779,-0.2108,1.0585,-1.6469,0.7378,0.2938,-0.1848,-0.6151
-0.8734,0.2783,-0.1258,0.546,-0.907,0.5811,-0.2607,-1.1546,-0.3939,0.3466,-1.7453,0.661,0.043,-0.228,-0.6504
-0.5963,-0.0741,-0.6089,0.7006,-1.2769,0.4882,-0.3805,-0.9788,-0.01,-0.1317,-1.8352,0.4766,-0.0742,-0.2189,-0.9752
-0.7857,-0.1309,0.0692,1.1337,-1.1335,0.5096,-0.2528,-0.8378,-0.1123,-0.3278,-1.67,0.4083,0.0692,-0.5316,-0.7004
-0.6655,0.1064,-0.0916,0.9443,-0.788,0.429,-0.0991,-0.7274,-0.579,0.0525,-1.6943,0.3323,-0.3592,-0.6434,-1.1574
-0.2848,0.2154,0.1536,0.9689,-0.729,0.3255,-0.223,-0.4257,-0.2945,0.0234,-1.5221,0.2367,0.1942,-0.4868,-0.6738
-0.7385,0.3911,0.5589,0.5313,-0.7236,0.1943,-0.2524,-0.484,-0.5417,0.3311,-1.249,0.0997,-0.2085,-1.0859,-0.2888
-0.7037,0.1325,0.4854,0.2609,-0.7184,0.3114,-0.1828,-0.4849,-0.961,0.0444,-1.5346,0.2657,-0.3581,-1.2093,-0.2421
-0.744,0.1719,0.4386,0.8651,-0.8171,-0.1524,-0.2363,-0.1091,-0.3419,-0.155,-1.1459,0.3569,-0.6355,-1.034,-0.0323
-0.7051,0.1934,0.5051,1.7887,-0.4462,-0.4203,-0.1292,0.4062,-0.2328,-0.0015,-0.9307,0.3867,-0.5996,-1.3541,0.0029
-0.862,0.3022,1.2235,1.0627,-0.4115,-0.4251,-0.031,0.9271,-0.3359,0.1148,-0.2832,0.5715,-0.1734,-2.3428,0.1592
-0.5331,0.2321,1.5035,0.9511,-0.1977,-0.0902,0.0161,0.6303,-1.2417,0.2867,-0.0834,0.8942,-0.5275,-2.5961,0.9171
-1.0575,0.2521,1.2476,0.8763,-0.0,-0.0473,0.1382,0.4325,-1.548,0.8973,-0.1454,1.5774,-0.421,-2.4457,0.6169
-0.7031,0.3984,0.5919,0.8039,-0.0218,0.3219,0.1463,0.1279,-1.5027,0.8415,-0.5837,1.5421,-0.6585,-2.4339,1.1395
-0.6663,0.5279,0.46,0.7159,-0.1248,0.1807,0.1767,0.2529,-1.1758,0.9302,-0.9601,1.5263,-0.5481,-1.8213,0.976
-0.5813,0.4945,0.6724,0.5506,-0.2789,0.1332,0.1967,0.5525,-0.9766,0.7773,-1.2587,1.4204,-0.7813,-1.7824,1.043
-0.7453,0.5229,0.5113,0.3374,-0.3021,0.0686,0.2097,0.7842,-1.1047,0.7747,-1.1707,1.0462,-0.3886,-1.5261,0.97
-0.3581,0.3045,1.1634,0.2214,-0.3651,-0.0154,0.0003,0.5259,-1.2093,0.6448,-1.1713,1.043,-0.872,-1.4043,0.9309
-0.708,0.9505,0.7835,0.3011,-0.4422,0.1762,0.0579,0.5153,-1.0062,0.6471,-1.2665,0.9107,-0.7776,-1.4374,0.9336
-0.9461,0.566,0.7538,0.4569,-0.3061,0.5398,0.1439,0.1628,-1.2732,0.149,-1.353,1.0227,-0.938,-1.7787,0.306
-0.6258,0.2419,0.8408,0.8194,-0.2213,0.9429,0.1337,0.636,-1.2586,0.0304,-0.9949,0.8236,-0.5924,-2.045,0.228
-0.7104,0.418,0.6798,0.7689,-0.1752,1.1102,0.2067,0.3605,-1.5034,0.396,-0.7077,1.1068,-0.6145,-1.9715,0.2452
-0.4816,0.4126,0.4077,0.4262,-0.299,1.3482,0.3874,-0.0788,-1.7778,0.5053,-0.8282,1.0176,-0.6906,-1.69,0.1614
-0.2585,0.3069,0.5072,0.5777,-0.5379,0.7656,0.4618,-0.0784,-1.4353,0.5298,-0.7996,0.7383,-0.3334,-1.1346,0.5655
-0.7286,0.0588,-0.1426,0.7467,-0.206,0.5651,0.299,-0.5684,-1.4529,0.6031,-0.9766,1.2591,0.1791,-0.9128,0.6284
-0.5164,-0.4143,-0.0515,0.8023,-0.5065,0.397,0.3474,-0.769,-1.282,0.7984,-0.7437,0.8839,0.3381,-0.9259,0.9301
-0.5082,0.0409,-0.0901,0.8364,-0.4516,0.8519,0.3614,-1.1585,-1.2814,1.1374,-0.8972,1.0405,0.3717,-0.5348,0.7966
-0.4981,0.6387,-0.5542,1.0126,-0.5491,0.4837,0.3863,-1.2373,-1.3726,1.2198,-0.7637,0.8612,0.1299,-0.0993,1.0745
-0.7406,0.1912,-0.6728,1.1555,-0.5015,0.4218,-0.3364,-1.1042,-0.8817,1.244,-0.8233,0.7698,0.1505,0.1841,0.8788
-0.4076,-0.091,-0.4361,1.0172,-0.5888,0.3461,-0.1947,-1.5249,-1.3328,0.7613,-0.8478,0.6378,0.5927,0.0688,0.7138
-0.5491,-0.0083,-1.2694,0.9663,-0.5436,1.0067,-0.042,-2.132,-1.1317,0.9209,-1.109,0.566,0.5935,0.3595,0.4092
-0.0651,0.0297,-1.2373,1.2906,-0.6298,0.7827,-0.0738,-1.971,-0.6201,0.8537,-1.2599,0.5416,0.5467,0.6404,0.2198
-0.3785,-0.0026,-1.3071,1.1605,-0.7886,0.8186,0.1074,-2.2676,-0.5007,0.8562,-1.0951,0.3548,0.9365,0.8896,0.2507
-0.3854,-0.2844,-1.3455,1.0996,-0.9251,0.8868,0.1284,-2.797,-0.8426,0.6289,-1.3024,-0.0595,1.2547,0.792,0.3761
-0.3365,-0.1851,-1.9862,0.81,-0.8383,0.974,0.0795,-3.1586,-0.4416,0.9417,-1.668,0.1128,1.5126,1.2546,0.6694
-0.2977,-0.3911,-2.4349,1.3006,-1.0238,0.6846,0.3083,-3.3703,-0.3988,0.9509,-1.6564,0.2028,1.5572,1.3721,0.3623
-0.4317,0.0133,-2.6237,1.0527,-1.1205,0.4677,0.2721,-2.9588,-0.1397,0.8495,-1.9372,0.0704,1.1362,1.4427,-0.1424
-0.5387,-0.362,-2.0308,1.1317,-1.188,0.407,0.1438,-2.5443,0.3118,0.198,-2.1244,-0.0527,1.2722,1.4009,-0.5258
-0.3954,-0.0791,-1.6701,1.1351,-0.9326,0.9885,0.1197,-2.452,0.2828,0.2423,-2.1247,-0.2026,0.8201,1.1316,-0.5876
-0.6335,-0.2761,-1.6905,0.7864,-0.9662,0.9539,0.1525,-2.2394,0.1984,-0.1982,-1.9856,-0.2048,0.839,0.6897,-0.0877
-0.3229,-0.8572,-1.7119,1.4291,-0.7711,0.2406,0.1171,-2.1424,-0.0923,-0.3195,-1.666,-0.1225,0.7698,0.3441,-0.8461
-0.3876,-0.6197,-1.3393,1.4654,-0.5861,0.695,0.0257,-1.9851,-0.2333,0.1376,-1.4318,-0.0791,0.3261,0.1894,-0.4179
0.2617,-0.6807,-1.0784,1.3837,-0.5313,0.6319,0.1853,-1.7278,-0.8088,0.4662,-1.5719,-0.0794,-0.1859,0.1564,-0.6323
-0.1499,0.0521,-0.8987,1.3577,-0.7099,0.5011,-0.0145,-1.1778,-0.9684,0.5727,-1.6497,-0.1674,0.0705,-0.0033,-0.3664
-0.1071,0.2641,-0.5904,0.7541,-0.612,0.4058,-0.0731,-1.6061,-0.3591,0.1597,-1.662,0.3607,0.0506,-0.0492,-0.6616
-0.2356,0.2915,-0.3163,1.0279,-0.406,0.3731,-0.3512,-1.1499,-0.2627,0.0023,-1.8099,0.3018,-0.0376,0.0076,-0.8007
-0.4153,0.1048,-0.1614,1.3261,-0.3238,0.2095,-0.2852,-0.5047,-0.2924,-0.2187,-0.9877,0.3468,-0.076,-0.4561,-0.524
-0.1635,-0.0247,-0.0402,0.9081,-0.1366,0.6702,-0.3409,-0.8606,-0.8967,-0.0714,-1.2517,0.7458,-0.2416,-1.0359,-0.3556
-0.3089,-0.1269,0.0316,0.5216,-0.074,0.2921,-0.1297,-0.3726,-1.0142,0.303,-1.5261,0.6527,-0.379,-1.1111,-0.3431
-0.1793,-0.1755,-0.4046,0.9873,-0.0464,-0.1442,0.024,0.4903,-0.3959,0.009,-1.3397,0.0571,-0.1534,-1.2222,-0.17
-0.3822,-0.0841,0.574,1.0157,-0.0633,-0.0027,0.0867,0.2174,-0.507,-0.0078,-1.1995,0.2929,-0.4675,-1.8744,-0.3681
-0.2341,0.18,0.4351,0.6647,0.0072,0.1036,-0.0308,0.9075,-0.6326,-0.0211,-1.1376,0.2581,-0.4936,-2.1056,-0.5399
0.0227,0.2131,1.0402,1.0547,-0.1823,-0.1281,-0.0959,1.3113,-0.8161,-0.3942,-0.5793,0.3599,-0.816,-2.4106,-0.2726
-0.437,-0.3584,1.4461,0.9662,0.2464,-0.087,-0.0472,1.5071,-0.9546,-0.1852,-0.216,0.4475,-1.2588,-2.7903,0.3935
-0.4575,0.0745,1.8495,1.1176,0.2598,0.0669,0.0992,1.6364,-1.284,-0.0755,-0.0802,0.9505,-1.0543,-2.9592,0.6214
-0.0918,0.3744,2.3009,0.8954,0.5025,0.0493,0.2495,2.0081,-1.7576,0.3506,0.3137,1.3427,-1.0411,-2.9764,1.0134
-0.3189,0.8112,2.6477,0.6117,0.6427,-0.1543,0.2789,1.5962,-2.4637,0.8328,0.6249,1.8606,-0.6974,-3.2926,1.3313
-0.4623,0.9679,2.23,0.5446,1.0027,-0.1802,0.2793,1.5312,-2.4723,0.7494,0.457,2.5352,-0.7026,-2.8543,1.5866
-0.2933,0.7511,1.7888,0.4372,0.884,-0.1454,0.3692,1.4071,-2.4003,0.8711,0.0534,2.1901,-0.4428,-2.5378,1.8756
-0.2234,0.6668,1.5897,0.3547,0.873,0.0841,0.6234,1.0989,-2.0934,1.0463,0.2631,2.1939,-0.3021,-1.9991,1.6276
-0.1841,0.8533,1.678,0.481,0.5382,0.1555,0.72,0.8344,-2.1306,1.2223,-0.227,2.2308,-0.1553,-2.0806,1.5447
-0.5535,0.7196,1.3805,0.6264,0.6357,0.3489,0.7235,0.8551,-2.1263,1.223,-0.0344,2.0109,-0.1589,-1.4791,1.6851
-0.0666,0.7616,1.4368,0.9472,0.5097,-0.4597,1.0239,0.5505,-2.3629,1.0791,-0.1875,1.4173,-0.1028,-1.5035,1.8562
-0.3986,0.5138,0.9951,0.9491,0.4648,-0.2501,0.8399,0.5075,-2.3052,0.7941,-0.2666,1.0883,0.1897,-1.5376,1.6893
-0.4991,-0.0253,0.8647,1.1423,0.4671,-0.321,0.7732,0.7035,-1.6382,1.0359,-0.322,1.4689,0.1086,-1.5603,1.8915
0.146,0.4366,1.1682,1.1571,0.3458,-0.132,0.7494,0.4148,-1.9784,1.1009,-0.1397,1.6467,0.0583,-1.5884,1.8112
-0.384,0.6433,0.9542,0.9042,0.323,-0.1505,0.7258,0.3465,-1.7405,1.2182,-0.1531,1.6107,0.112,-1.1528,1.6103
-0.1598,0.3925,0.9893,0.7732,0.361,-0.1046,0.503,0.2542,-1.8105,0.778,-0.0407,1.6302,0.2958,-0.8854,1.7268
-0.2838,0.489,1.012,0.6549,0.3101,0.0879,0.415,-0.3486,-2.1551,1.0841,-0.2827,1.5306,-0.0989,-1.2347,1.1176
-0.4315,0.5196,0.1413,1.0187,0.2097,0.081,0.5383,-0.2271,-1.9261,0.8529,0.0059,1.3306,0.1812,-0.9796,1.8492
-0.4452,0.5651,-0.2082,0.287,0.1949,0.3737,0.3572,-0.7983,-1.8189,0.9758,-1.5648,1.6206,0.3244,-0.701,1.0222
-0.1972,0.0828,-0.2484,0.4159,0.2787,0.8212,0.4134,-0.745,-1.2661,0.589,-1.52,0.9737,0.2539,-0.3463,0.931
0.0911,-0.0033,0.0675,0.6547,0.271,0.3611,0.5654,-0.7209,-0.853,0.5446,-1.4659,0.8634,0.5072,-0.3786,1.009
-0.031,-0.0066,-0.1916,0.6342,0.293,0.2879,0.4549,-0.6688,-0.884,0.6627,-1.2137,0.6848,0.0366,-0.3336,0.9473
-0.0858,-0.1141,-0.2434,0.9536,0.2352,-0.4743,0.8936,-0.2169,-0.7906,0.6742,-1.6469,0.4467,-0.0312,-0.3971,0.3114
-0.4112,-0.4146,-0.3721,1.1321,0.1596,0.3597,0.8013,-0.2175,-0.9345,0.2074,-1.4953,0.2986,-0.1866,-0.5628,-0.0847
-0.0099,-1.2828,0.4576,1.4504,0.0526,0.7018,0.7446,-0.2019,-0.6892,0.0132,-0.9651,0.2444,-0.2466,-0.6081,0.0358
-0.2396,-0.4593,0.5153,1.3378,0.3857,0.6948,0.668,-0.6224,-1.5178,0.6382,-0.6284,0.4564,-0.2417,-0.4353,0.0223
-0.319,-0.3199,0.1032,1.2308,0.3332,0.653,0.9992,-0.6684,-1.4392,0.4682,-0.8594,1.0158,0.1595,-0.2945,0.4163
-0.1745,-0.2669,-0.2739,0.9648,0.3322,0.8322,0.9146,-0.786,-1.3764,0.5924,-1.2396,0.9258,0.2207,-0.2733,0.6038
0.3394,0.259,-0.7344,0.7585,0.2359,0.7042,0.6509,-0.621,-1.0306,0.6471,-1.2609,1.0445,0.2239,-0.3256,0.6536
0.2018,0.2387,-0.4734,0.6283,0.0336,0.7594,0.8331,-0.9704,-0.6239,0.2174,-1.1392,0.9226,0.3312,-0.4942,0.1458
0.2027,0.0924,-0.3161,0.7245,0.1472,0.9969,0.7592,-0.9715,-0.6438,0.171,-1.055,0.8939,0.2084,-0.5797,0.3903
0.1352,-0.0817,-0.5169,1.0925,-0.0213,0.9259,0.1642,-1.0674,-1.1473,0.0579,-0.8769,1.0016,0.2185,-0.5764,0.0886
0.0081,0.2174,-0.9033,1.1745,0.0506,0.752,0.2951,-0.8543,-1.3424,0.1663,-1.1153,0.9966,-0.0223,-0.5422,0.1028
0.1256,-0.1676,-0.8971,0.9815,-0.1582,1.1718,0.2827,-0.9033,-0.8129,-0.0907,-1.2231,1.1046,-0.0627,-0.1396,0.0795
-0.1424,0.1138,-0.8729,1.3234,-0.1515,1.0802,0.2245,-1.4021,-0.9533,-0.0097,-1.0636,0.9855,0.1125,0.1259,0.0428
0.1015,0.0135,-1.5028,1.0537,-0.0142,1.0293,0.1803,-1.8657,-0.8421,-0.5795,-1.655,0.6258,-0.0363,0.1624,-0.2642
0.3954,0.0483,-1.1289,1.1804,-0.0739,0.7148,0.2667,-1.6661,-0.421,-0.3167,-1.3063,0.332,-0.4804,0.0156,0.1395
0.0885,0.1506,-1.4455,0.4734,-0.0453,0.4905,0.263,-0.9914,-0.5643,-0.0963,-1.7242,0.3275,-0.2088,-0.2324,-0.0225
0.42,-0.3657,-1.0251,0.988,0.0838,0.5324,0.1575,-0.5331,0.0053,-0.3311,-1.8951,0.3142,-0.6432,-0.4263,-0.1301
0.9501,0.1485,-0.1947,0.6082,0.1214,-0.0678,0.2156,0.0041,-0.0394,-0.3465,-1.8554,0.005,-0.5783,-0.7072,-0.3176
0.5123,0.0989,0.1441,0.5727,0.2065,0.285,0.329,-0.1388,-0.647,-0.313,-1.8111,-0.1444,-0.8347,-1.245,0.3198
0.2562,0.1274,-0.054,0.0514,0.4213,0.3207,0.0937,0.628,-0.6375,0.1417,-1.2158,0.0667,-0.5195,-1.339,1.0681
0.3057,0.3492,0.458,0.2656,0.4144,0.4448,0.1925,1.4608,-0.2534,-0.0853,-1.4867,0.4822,-1.2343,-1.3983,0.6019
0.1696,0.199,0.8553,1.0814,0.6033,1.089,0.3407,0.8202,-1.0886,-0.221,-0.8513,0.8531,-1.1691,-2.0129,0.4704
0.3901,-0.005,0.6691,0.9234,0.7589,1.0144,0.3469,0.4649,-1.5107,-0.1524,-0.8835,1.0976,-1.0117,-2.0035,0.66
0.6347,0.1595,0.8024,0.5295,0.8434,0.8657,0.3211,-0.0447,-2.0009,0.4149,-0.9646,0.5016,-0.4586,-1.8827,0.7912
0.4561,0.2949,0.3488,0.7893,0.8574,0.4711,0.4593,-0.2028,-1.9069,1.1287,-0.9808,0.8825,-0.5814,-1.0753,1.5814
0.3904,0.404,-0.0171,0.4823,0.7301,0.0491,0.7007,0.0121,-1.6365,1.0834,-1.2459,0.9637,-0.7335,-0.7927,1.3607
0.4877,0.1226,-0.0797,0.8412,0.631,0.2314,0.5393,0.0093,-1.8544,0.4981,-1.0726,0.9174,-0.5012,-0.5291,1.4897
0.6264,0.3312,0.1543,0.1247,0.8112,-0.2925,0.6048,0.1,-1.3493,0.3498,-1.1567,0.8226,-0.4015,-0.5625,1.1508
0.659,0.4024,0.1397,0.4506,0.8778,-0.0416,0.5663,-0.2693,-2.6557,0.8874,-1.2669,0.8448,-0.2007,-0.278,1.5146
0.2295,0.0051,-0.4991,0.853,0.706,0.964,0.3881,-0.7439,-1.937,1.0223,-1.1032,1.1702,0.0442,0.0316,1.6445
0.2793,-0.0107,-0.3336,0.3746,0.5271,0.5502,0.5569,-1.2924,-1.451,0.765,-1.463,1.3154,0.0914,0.1633,1.6463
0.3436,0.1401,-1.2763,1.0948,0.6359,0.1622,0.457,-1.7393,-1.4774,0.6784,-1.3424,1.1524,-0.0335,0.5538,1.197
0.1614,0.0505,-1.3903,0.8282,0.5906,-0.026,0.3825,-1.4931,-0.42,0.5451,-1.6387,0.8024,0.0954,1.0717,1.0005
-0.0098,-0.1177,-1.6371,0.6199,0.3153,-0.0083,0.4547,-1.6497,-0.3654,0.3364,-1.954,0.8002,-0.2773,0.8879,0.6382
-0.0589,-0.4881,-1.6282,0.8428,0.2786,0.6689,0.4034,-1.8276,-0.6073,0.1813,-2.0514,0.5539,0.0026,0.8971,0.6447
0.1686,-0.3494,-1.8952,0.9898,0.3222,0.6127,0.2803,-1.7988,-0.7272,0.0979,-2.0769,0.442,0.1821,0.7404,0.3566
0.0145,-0.8265,-1.8991,0.5332,0.3148,0.6407,0.3636,-1.7382,-0.6171,0.2114,-2.1274,0.2056,-0.2001,0.9405,0.5485
0.0637,-0.7155,-1.6656,0.8412,0.3054,0.5855,0.29,-1.7427,-0.4177,0.3104,-2.0359,-0.0167,0.4306,1.0023,0.2746
0.2873,-0.5178,-1.4286,0.654,0.2882,0.6143,0.1698,-2.1564,-0.5836,0.2775,-1.8718,-0.0674,0.0378,0.9039,0.2179
0.1001,-0.4167,-2.039,0.6951,0.0216,0.5324,0.2347,-1.9237,-0.4574,0.2059,-1.8813,-0.0401,0.0271,0.9368,0.2042
0.2099,-0.1414,-2.1619,0.6208,0.2651,0.089,0.2136,-1.9115,-0.2896,0.302,-2.1883,-0.027,0.2354,0.8813,0.052
0.0766,-0.3651,-1.8192,0.472,0.2193,0.0517,0.0137,-1.7189,-0.1927,0.3095,-2.399,0.18,0.3414,0.27,-0.1358
0.2127,-0.646,-1.7049,0.7705,0.05,-0.0162,-0.038,-1.1631,-0.0608,-0.1678,-2.2425,-0.4091,0.21,-0.2129,-0.4783
-0.0745,-0.3778,-1.4384,0.3418,0.1863,0.1576,0.162,-0.7791,0.0703,-0.191,-2.1459,-0.3021,0.0837,-0.4112,-0.6118
0.1246,-0.2847,-1.3456,0.3374,0.3309,-0.2193,0.1904,-0.3769,0.0105,-0.2535,-1.6975,-0.2049,-1.3725,-0.7938,-0.3741
0.0042,-0.0412,-0.4061,0.4835,0.4086,0.5503,0.2994,-0.1117,-0.5479,-0.2364,-1.5285,0.2395,-0.5758,-1.328,0.0192
-0.1109,0.2303,-0.1512,1.1525,0.6011,0.3497,0.3288,-0.1109,-1.2032,-0.0651,-1.2476,0.3687,-0.6935,-1.3778,0.7891
0.3454,0.2429,0.3485,0.5776,0.7203,-0.5145,0.314,0.3788,-1.5813,0.3267,-1.3753,0.3088,-1.0537,-1.4383,0.6899
-0.1588,0.348,0.4817,0.4391,1.0524,-0.2749,0.2105,0.4327,-1.3975,0.6194,-1.0628,0.4556,-1.1206,-1.3038,0.9818
0.0042,0.5171,0.1015,-0.0804,0.9709,-0.1164,0.2665,0.5704,-1.6977,0.6888,-1.5808,0.7603,-1.2422,-1.5061,0.7854
-0.1566,0.3592,-0.0792,0.3409,0.9059,-0.0125,0.4638,0.5684,-1.4216,0.4779,-1.2815,0.509,-1.0187,-1.5516,1.2616
-0.3599,0.6747,-0.1165,0.2486,0.8236,0.2948,0.9123,0.6233,-1.2177,0.5384,-1.1142,0.5677,-1.0127,-1.5329,1.1136
-0.0801,0.4396,-0.0998,0.3692,0.8055,-0.1271,0.7879,0.4992,-1.2418,0.1081,-0.8616,0.7319,-0.9272,-1.8199,1.1356
-0.1556,0.6237,0.2812,0.3412,0.9566,0.4386,0.7837,-0.1589,-1.5492,0.6235,-1.0586,0.9852,-0.4496,-1.5474,1.2433
-0.03,0.6248,-0.2694,0.1112,1.0316,0.1179,0.7895,-0.5277,-1.9139,0.8879,-0.9381,0.8171,-0.2712,-1.1395,2.1019
-0.1601,0.8649,-0.5476,0.1616,0.8871,-0.0712,0.7562,-0.6753,-1.5418,1.0305,-0.9906,1.1987,-0.3655,-0.6485,2.1937
-0.207,0.6167,-1.0507,0.4131,0.6827,-0.0725,0.4915,-0.981,-1.7043,1.0175,-1.1121,1.0737,-0.1393,-0.7991,1.9943
-0.302,1.0932,-1.4041,0.5559,0.4115,-0.1615,0.5848,-0.4731,-1.0531,0.8824,-1.0254,0.7261,-0.4283,-0.6975,1.3952
-0.3474,0.4502,-1.1377,0.1503,0.3517,-0.2594,0.5796,-0.4084,-0.8687,0.004,-1.2907,0.6693,-0.4276,-1.0806,1.1647
-0.176,0.5587,-0.8243,0.7366,0.1203,-0.2874,0.9633,-0.1271,-1.0668,-0.147,-1.1411,0.7133,-0.6529,-1.1604,0.3146
-0.5608,0.2895,-0.5656,0.5251,0.4258,-0.5599,0.8303,0.0487,-0.9405,-0.6038,-1.5517,0.6,-0.6588,-1.1475,0.2789
0.0711,0.1245,-0.0577,0.1487,0.6171,0.0127,0.7611,-0.1184,-0.9647,-0.96,-1.3246,0.3759,-0.6981,-1.508,0.5796
-0.067,0.2497,-0.0188,0.5233,0.7775,-0.2058,0.7386,0.144,-1.3233,0.0153,-0.9559,0.5188,-0.7566,-1.6631,0.8061
-0.4486,0.549,-0.9174,0.1226,0.6234,-0.038,0.7874,0.3838,-1.3562,0.0403,-1.1635,0.5705,-1.2055,-1.5833,1.2012
-0.2637,0.4214,-0.5524,0.1373,0.6474,-0.1901,0.8466,0.588,-1.0993,-0.1424,-1.4938,0.4118,-1.2624,-1.498,1.2348
-0.2683,0.3942,0.1607,0.2612,0.983,-0.2429,0.6826,1.0482,-0.8767,0.0967,-1.4079,0.2345,-1.2787,-1.5005,1.2669
-0.5657,0.4244,0.4177,0.054,1.1233,0.1658,0.7104,0.7312,-1.3145,0.6135,-1.2285,0.4662,-0.949,-1.8077,1.1592
-0.3699,0.5179,0.772,0.1698,1.1157,0.0729,0.6963,0.8571,-0.9913,0.4462,-0.885,0.747,-0.6439,-1.781,1.5265
-0.63,0.8467,0.6653,0.2221,1.0683,0.3041,0.5761,0.539,-2.1352,0.5097,-0.4637,0.9725,-0.7338,-1.7913,1.6433
-0.3865,0.7947,0.6633,0.41,1.1533,0.3359,0.6168,0.031,-2.3475,0.4839,-0.4419,1.678,-0.529,-1.4778,1.6198
0.0889,0.7707,0.2705,0.0234,1.2189,0.0197,0.8091,-0.7223,-2.2813,0.7462,-0.8833,1.3998,-0.3695,-1.0302,1.5696
0.0741,0.795,-0.4422,0.3856,1.1196,-0.2903,0.8288,-0.7312,-2.0813,1.4843,-0.7093,1.4582,-0.092,-0.3626,2.462
-0.5726,1.4739,-0.8472,0.4745,0.8543,0.086,0.7157,-1.428,-2.1434,1.5562,-0.9337,1.6184,0.1184,-0.0724,2.5772
-0.3503,0.3434,-1.3845,0.6111,0.4845,-0.0395,0.5487,-1.8898,-1.8719,0.8785,-2.03,1.464,0.1616,0.2843,2.0412
-0.3254,-0.0149,-2.0857,0.619,0.3518,0.0529,0.6093,-2.1453,-1.4942,0.9549,-1.582,0.9682,0.2337,0.6336,1.7622
-0.1816,-0.0023,-2.321,0.7286,-0.0178,-0.0351,0.5971,-2.3101,-1.3197,0.8626,-1.7064,1.4138,0.2411,0.8142,1.3875
-0.1816,0.0077,-2.3166,0.5117,-0.1365,-0.415,0.528,-2.1999,-0.5646,0.6445,-2.3865,1.2078,0.0506,1.1651,0.7826
-0.4981,0.6591,-2.411,0.0796,-0.2671,-0.5463,0.4212,-1.7378,-0.1823,0.0769,-2.9999,0.5656,-0.3126,1.1135,0.1896
-0.639,-0.1826,-1.8841,0.1106,-0.2027,-0.0894,0.1005,-1.6169,-0.243,-0.7937,-3.1675,-0.1624,-0.0781,0.8436,-0.3136
-0.3879,-0.5567,-1.3998,0.299,0.0341,-0.1208,0.3973,-0.868,0.0439,-0.6882,-3.4621,-0.4182,-0.3039,0.4859,-0.9425
0.0856,-0.7344,-0.8685,0.4983,0.2356,-0.4955,0.6572,-0.3311,-0.2287,-0.5376,-2.4716,-0.9483,-0.545,0.6864,-0.8521
0.1359,-0.4028,-0.2952,1.1026,0.2963,-0.964,0.7191,0.021,-0.0106,-0.1255,-1.4957,-0.5903,-0.3656,0.2198,-0.6842
-0.1916,0.0785,0.217,0.5844,0.7012,-0.7733,0.8221,-0.4854,-1.0923,0.1147,-1.2913,-0.1501,-0.4181,-0.821,0.0007
-0.3487,0.3633,-0.5744,0.5062,0.7835,-0.7256,0.856,-0.1005,-1.7572,0.3672,-1.2117,0.4125,-0.5503,-1.0843,0.4014
-0.1915,0.196,-0.4445,0.5568,0.6628,-0.4877,0.9315,-0.2315,-1.4313,0.1832,-1.2674,0.7569,-0.5585,-1.2311,0.3495
-0.253,0.2954,0.2856,0.5058,0.7603,-0.2142,1.3671,-0.6102,-1.5403,0.5928,-1.4832,1.265,-0.5297,-1.2575,1.072
-0.1824,0.0781,0.0154,0.4254,0.7835,-0.2114,1.2713,-0.0824,-1.5085,0.9283,-1.2381,1.0025,-0.2457,-1.3522,1.205
-0.3038,0.2673,0.0676,0.2383,0.9984,-0.5188,1.1065,-0.1333,-1.8923,1.0244,-0.7317,0.9152,-0.1573,-1.1425,1.6449
-0.3572,0.4964,-0.2075,0.2231,0.6907,-0.187,1.0316,-0.5121,-1.8526,1.0117,-0.7563,1.2909,0.2578,-1.1372,2.3108
-0.4303,0.6287,-0.4737,0.2481,0.7627,-0.6373,0.9844,-0.8849,-1.4794,1.2157,-1.3667,1.1878,0.1433,-0.6219,2.3154
-0.1595,0.4052,-0.6878,-0.0499,0.4995,-1.2299,0.865,-0.262,-0.9586,0.987,-1.3494,1.0377,-0.1436,-0.7362,1.6691
-0.2475,0.2416,-0.5463,-0.1785,0.4078,-1.4619,0.9198,-0.1279,-1.0207,0.6745,-1.7991,1.0152,-0.1614,-0.8992,1.1523
-0.1314,0.1117,-0.4432,0.0245,0.3704,-1.3894,0.9038,-0.049,-0.7936,0.1041,-1.9674,0.6251,-0.2121,-1.1291,0.9812
0.0348,0.1192,-0.3022,-0.4464,0.4623,-1.418,1.0118,0.2104,-0.6172,0.2993,-2.2679,0.2343,-0.0309,-1.043,0.357
-0.1149,0.3363,-0.0868,-0.0597,0.593,-1.299,0.7182,0.4386,-0.5408,0.0967,-0.8173,0.4203,-0.1087,-1.1793,0.4708
-0.0399,0.7941,0.2232,0.2222,0.7549,-0.6109,0.6886,-0.382,-1.0974,0.0428,-1.0737,0.8505,-0.3679,-1.3081,0.6616
-0.1314,0.7554,0.1291,0.3032,0.9956,-0.7714,0.8749,0.3594,-0.8591,0.0706,-1.2875,1.2227,-0.5799,-1.1602,0.8576
-0.2469,0.288,0.604,0.2891,0.8607,-0.3007,0.9381,0.2674,-0.6258,-0.0259,-1.3125,1.3843,-0.5573,-1.3681,1.0634
-0.5518,0.6716,0.37,0.2196,0.9871,-0.084,1.0313,0.091,-1.2956,0.2434,-1.2045,1.4594,-0.244,-1.5822,1.1015
-0.4575,0.4874,-0.2884,-0.0044,0.9361,-0.2046,1.1023,0.2337,-1.4879,0.1353,-1.0979,1.8789,0.0124,-1.5292,1.3553
-0.1241,0.4576,-0.2224,0.3132,0.8908,-0.6025,1.1857,0.0001,-1.1564,0.6689,-1.2775,1.9814,0.0641,-1.2223,1.5019
-0.0335,0.3257,-0.2806,0.2053,0.9254,-0.9492,1.1363,-0.2392,-1.2872,0.8091,-1.2794,1.6833,0.2723,-0.9786,1.3187
-0.052,0.4563,-0.5185,-0.1232,0.6877,-0.8315,1.2411,-0.1988,-1.0526,0.9417,-1.9092,1.6318,-0.075,-0.6955,1.2858
-0.3363,0.1966,-0.6312,-0.0442,0.599,-0.5173,1.1493,-0.1612,-0.6869,0.7726,-2.2375,1.2182,0.2447,-0.7097,1.0838
-0.4963,-0.4518,-0.6694,0.2482,0.6331,-0.5457,1.1488,0.0147,-0.6972,0.4431,-1.9729,0.8417,-0.0891,-0.8201,0.9021
-0.3329,-0.3723,-0.7557,0.5329,0.7527,-0.5452,1.106,-0.0462,-0.6806,0.458,-1.8057,0.8787,-0.3672,-0.7699,0.3842
-0.1591,-0.019,-0.6909,0.6668,0.6751,-0.3339,1.17,0.1434,-0.7865,0.3893,-1.8296,0.8609,0.2961,-0.8174,0.6949
0.0808,0.0645,-0.4177,0.7136,0.6798,-0.4513,1.3197,-0.2979,-1.001,0.4333,-1.3259,1.0791,0.1211,-0.9599,1.2762
-0.0321,0.2608,0.097,0.4407,0.8166,-0.5154,1.3134,-0.2988,-0.8519,0.7131,-1.0455,1.3222,0.4607,-0.7281,1.4448
0.0399,0.5076,-0.2491,0.6533,0.835,-0.301,1.3221,-0.7543,-1.1977,0.9131,-1.0177,1.5582,0.1399,-0.5577,1.2783
-0.0284,0.3624,-0.7924,0.738,0.7437,-0.4361,0.8536,-1.0827,-1.4869,0.9067,-1.324,1.7581,-0.1766,-0.3677,1.4037
-0.2334,0.133,-0.7525,0.5566,0.6603,-0.2293,0.9117,-1.1922,-0.9158,0.8478,-1.1474,1.6006,-0.3119,0.0878,1.011
-0.0516,0.226,-0.8983,0.4287,0.4521,-0.4204,0.7638,-1.5454,-0.9258,0.776,-1.6272,1.1225,-0.0205,0.128,1.2539
-0.2828,-0.0385,-1.3241,0.3934,0.4612,-0.3467,0.8069,-1.6261,-0.6058,0.7383,-1.8722,0.8575,-0.1229,0.6359,0.7964
-0.5548,-0.1782,-1.5426,0.2205,0.3956,-0.3779,0.5719,-1.7896,-0.5617,0.5083,-1.8575,1.0289,0.1402,0.7538,0.6571
-0.2653,0.0111,-1.9955,-0.0305,0.2787,-0.3468,0.5437,-2.1174,-0.6842,0.3136,-2.3813,0.9415,0.225,0.8301,0.1814
-0.1336,-0.3361,-1.9489,-0.0372,0.1069,0.2577,0.6503,-1.9329,-0.0126,0.05,-2.8137,0.9447,0.2661,0.5215,-0.4049
-0.4789,-0.4461,-2.5496,-0.0861,0.1487,0.0761,0.6325,-1.7583,0.3013,0.175,-2.895,0.9487,-0.2236,0.5258,-0.5726
0.0561,-0.5358,-1.9399,0.3026,0.0505,-0.3833,0.9478,-1.3796,0.765,-0.2925,-2.7762,0.6607,-0.1826,0.1954,-0.6074
-0.2412,-0.3629,-1.3915,0.2019,0.259,-0.7135,0.8315,-0.3851,0.6997,-0.242,-2.5364,0.2978,-0.4997,-0.1492,-0.5822
-0.0429,-0.1803,-0.7654,0.3321,0.3405,-0.7594,0.7819,-0.3499,0.0061,-0.3443,-2.2566,0.3373,-0.8337,-0.939,-0.7566
1.1573,0.4573,-0.0347,0.1871,0.3988,-1.3361,0.7011,1.2611,0.4856,-0.0239,-1.7254,0.325,-0.8641,-1.23,-0.624
0.4619,0.3299,0.9099,0.5921,0.6271,-1.6054,0.707,1.3019,-0.2426,-0.0797,-1.0105,0.8044,-0.9331,-2.088,-0.1481
-0.142,0.6332,1.2255,0.1397,1.1273,-1.6249,0.7636,1.8547,-0.6156,0.0803,-0.6037,1.053,-1.2766,-2.547,0.1714
-0.1966,0.7312,1.5137,0.2056,1.1695,-1.4159,0.7454,1.6585,-1.1591,0.0383,-0.3577,1.7257,-1.3966,-2.9754,0.5221
-0.554,0.8076,1.3412,-0.0198,1.4848,-1.2014,0.76,1.418,-1.8562,0.212,-0.249,2.1582,-1.4891,-2.8961,0.6637
-0.0929,0.5585,1.4437,0.0503,1.8604,-1.1375,0.9814,1.4704,-1.8282,0.1635,-0.1995,2.5722,-1.6685,-2.6681,0.4897
-0.1731,0.625,1.1065,0.0967,1.7764,-0.802,1.2869,1.3697,-2.014,0.9866,-0.3967,2.8524,-1.4095,-2.5963,1.4197
-0.3248,0.8194,1.3032,0.3222,1.5229,-0.6543,1.2019,1.2964,-2.0548,1.2683,-0.2162,2.8755,-1.0292,-2.1864,2.0428
-0.1223,0.8438,1.0988,0.3868,1.4755,-0.9427,1.2294,1.0714,-2.0044,1.1551,-0.4667,2.4584,-1.1731,-1.8709,2.3435
-0.0494,0.927,0.8811,0.0193,1.4322,-0.724,1.3338,0.7194,-2.0628,1.4942,-0.7828,2.3204,-0.537,-1.6714,2.8681
-0.7295,0.7425,0.2798,0.1067,1.2977,-0.6144,1.4296,0.113,-2.1943,1.5191,-0.9302,2.5113,0.0007,-1.647,2.6725
-0.5085,0.5199,-0.1319,0.0895,0.974,-0.7339,1.6155,-0.191,-1.8912,1.2136,-1.2911,2.4411,-0.191,-1.2373,2.5576
-0.4969,0.3781,-0.5327,-0.1539,0.8385,-0.669,1.6806,-0.4394,-1.3827,1.1967,-1.7552,2.0421,-0.0288,-0.5147,1.7462
-0.512,0.2179,-0.6277,0.1976,0.7852,-0.5927,1.1673,-1.9632,-1.5684,0.7922,-1.243,1.8613,0.1696,-0.2458,1.79
-0.2385,0.344,-1.5892,0.3315,0.9647,-0.6734,1.1678,-1.8482,-1.2107,1.1307,-1.7422,2.0442,-0.0377,0.2667,2.3443
-0.2422,0.1022,-1.6468,0.4808,0.6319,-0.2141,1.0497,-2.2033,-0.8416,1.2174,-2.1705,1.8686,0.4316,0.6574,1.7772
-0.4424,0.1223,-1.7954,0.4135,0.5535,-0.5229,1.0148,-1.8223,-0.6607,1.1146,-2.477,1.574,0.5837,1.1816,0.9302
-0.3088,0.057,-2.2524,0.4883,0.3225,-0.7208,0.6768,-1.9778,-0.8655,0.549,-2.6404,1.3114,0.4518,1.1216,0.6204
-0.2934,-0.2131,-2.2891,0.6354,0.4144,-0.1996,0.8335,-2.3714,-0.3406,0.2604,-2.5898,0.9403,0.4194,1.1009,0.062
-0.3831,-0.4193,-2.6099,0.5072,0.3514,0.093,0.8749,-2.3381,-0.2998,-0.0998,-2.5514,0.6209,0.3741,1.0641,0.1652
-0.3005,-0.3266,-2.5019,0.6252,0.4166,-0.1757,1.0876,-1.939,0.4716,0.0724,-2.6524,0.1175,0.2445,0.9861,0.3142
-0.0779,-0.437,-2.9846,0.6066,0.1164,-0.5814,1.1297,-1.8596,0.3297,-0.1126,-2.7352,-0.0339,0.0071,0.4336,-0.327
-0.0998,-0.0513,-2.6229,0.7092,-0.0553,-0.8055,1.005,-1.176,1.0277,-0.3685,-2.7109,0.2553,0.1014,0.2808,-0.3344
-0.0883,-0.1758,-2.2759,1.4217,-0.0899,-0.9727,0.6713,-0.6212,0.414,-0.557,-2.2987,0.1935,-0.1903,-0.0854,-1.242
-0.1939,-0.3142,-1.812,1.0991,0.0757,-0.901,0.6846,0.1686,0.2734,-1.156,-1.9618,0.3521,-0.5832,-0.7593,-1.0984
-0.4908,-0.1048,-2.0631,0.9346,0.3287,-0.8621,0.8596,0.246,-0.0969,-0.9628,-1.2277,0.6568,-0.9995,-1.4302,-0.8454
-0.242,-0.303,-0.9378,1.3456,0.3651,-0.6798,0.7474,0.4514,0.1164,-0.9258,-1.3611,0.7978,-1.1335,-1.7156,-0.6116
-0.0877,0.2614,-0.5754,0.8511,0.5778,-0.5903,0.9363,0.682,-0.4739,-0.8911,-1.7822,0.8051,-1.1928,-2.1741,-0.9165
0.0181,0.3299,0.0395,1.1479,0.5746,-0.8711,0.7926,1.6621,-0.4889,-1.0698,-1.1548,0.6978,-1.0513,-2.3038,-0.6072
0.0701,0.5538,0.5548,1.1071,1.0108,-0.7838,0.7377,1.394,-1.3035,-0.907,-0.4473,0.974,-0.6344,-2.8963,-0.2748
-0.3895,0.7761,0.5092,0.5441,1.3085,0.7634,0.9878,0.3733,-2.1958,-0.1831,-0.3948,1.2132,-0.9058,-2.5408,-0.3389
-0.5225,0.7828,-0.2949,0.325,1.3533,0.2259,0.9978,-0.1785,-2.8108,0.1442,-0.5243,1.1539,-0.8389,-1.9614,0.312
-0.2891,0.6937,-0.9796,0.2633,1.2694,-0.0374,1.0249,-0.0273,-2.2562,0.5716,-1.1616,1.6197,-0.8863,-1.3975,1.1177
0.0391,0.0836,-0.7385,0.5647,0.9905,-0.4601,1.1438,0.0821,-1.7297,0.6038,-1.3402,1.7206,-0.7117,-1.082,0.7694
0.025,0.274,-0.4262,0.4546,0.8834,-0.2078,1.0773,-0.1947,-1.5884,0.8281,-0.9473,1.5351,-0.8453,-1.092,1.3306
-0.1341,0.3808,-0.4421,0.3576,0.8608,-0.6378,1.0159,-0.2999,-1.6583,1.0187,-1.2077,1.771,-0.8451,-0.9488,1.1023
-0.0476,0.2704,-0.2093,0.3448,0.7956,-0.7201,1.0133,-0.4778,-1.7185,0.9982,-1.3369,1.6605,-0.7579,-0.5713,0.7454
-0.461,0.2942,-0.3734,0.4818,1.1202,-0.6934,1.0091,-0.8319,-1.9086,1.2018,-1.0803,1.7242,-0.6288,-0.3392,0.7741
-0.317,0.3224,-0.7339,0.3902,0.9178,-0.7228,1.0618,-0.66,-1.7125,1.335,-0.9135,1.8388,-1.2546,-0.3648,0.7224
-0.3877,0.2688,-1.0123,0.6045,0.7172,-0.7686,1.0756,-0.7694,-1.5045,0.9889,-0.9202,1.8125,-0.5184,-0.0755,0.923
-0.4624,0.1021,-1.269,0.5165,1.0901,-0.4936,0.9457,-1.0862,-1.3195,1.142,-1.3669,2.0428,-0.6743,-0.0385,0.7456
-0.542,0.0684,-1.5144,0.5343,0.6842,-0.6957,1.0039,-0.4239,-0.8916,0.8118,-1.6452,1.3809,-0.2133,-0.1805,0.7461
-0.2091,-0.0948,-1.3073,0.427,0.6937,-0.5001,1.225,-0.9096,-1.0339,0.5461,-1.8066,1.1886,-0.2587,-0.489,0.2795
-0.0496,-0.0057,-0.6537,0.1904,0.5934,-0.7553,1.2119,-0.4923,-0.7819,0.7711,-1.8089,1.0974,-0.5151,-0.4418,0.09
0.041,0.1174,-0.6072,0.5029,0.7454,-0.2467,1.2742,-0.469,-1.1237,0.8911,-1.6577,1.0839,-0.3979,-0.4837,0.2516
-0.0859,0.1252,-0.6687,0.6635,0.7913,-0.8032,1.2829,-0.8491,-1.1921,0.8667,-1.7726,1.0001,-0.6018,-0.6375,0.0097
-0.1609,0.0575,-0.58,0.5704,0.8159,-0.7171,1.1908,-0.1748,-0.8521,0.5249,-1.1764,1.6133,-0.5793,-0.6068,0.251
-0.2809,0.3462,-0.5594,0.5144,0.4761,-0.1674,0.7802,-0.9923,-1.565,0.3513,-1.2715,1.4774,-0.6529,-0.8825,0.5931
-0.4021,0.1312,-0.9896,0.3813,0.5529,-0.5204,0.8061,-0.9789,-1.2995,0.2397,-1.5948,1.7499,-0.6455,-0.5223,0.1049
-0.3032,-0.0241,-1.3553,0.5947,0.777,-0.5145,0.9805,-0.6811,-0.8278,0.1991,-1.7612,1.5229,-0.6431,-0.14,0.1234
-0.5087,0.1341,-1.1479,1.1538,0.6014,-0.3018,1.0427,-0.68,-0.8768,0.1803,-1.5211,1.253,-0.5629,-0.5316,-0.3063
-0.3075,0.0466,-0.7587,1.1105,0.6224,-0.5121,1.1529,-0.6444,-0.8555,0.1322,-1.2982,1.5151,-1.0392,-0.4568,-0.2849
-0.3754,0.2453,-0.6781,0.6107,0.6753,-0.3166,1.0081,-0.7523,-1.4321,0.3413,-1.5928,1.4311,-0.435,-0.9726,0.2252
-0.6262,0.0124,-0.9084,0.724,0.8307,-0.4591,0.8641,-0.5292,-1.2196,0.5838,-1.4017,1.5602,0.0236,-0.4845,0.5976
-0.4003,0.3943,-1.0378,1.0819,1.0092,0.1591,0.9553,-1.0188,-1.4019,0.8373,-1.2042,1.5633,-0.1167,-0.8051,1.5159
-0.4254,0.1019,-1.2881,1.1636,0.646,0.1402,1.1385,-1.3853,-1.6401,1.0428,-1.0042,1.63,0.0787,-0.8794,1.6144
-0.7014,0.4198,-1.6934,1.7488,0.4958,-0.3018,1.0842,-2.1699,-1.7877,1.1372,-1.1639,1.8963,-0.4517,-0.4601,1.5163
-0.4381,0.3332,-2.7246,1.5208,0.406,-0.5892,0.8854,-1.8854,-1.4305,0.8604,-1.3036,1.8987,-0.1399,-0.0125,1.3338
-0.4298,0.2494,-2.7622,0.8412,0.3859,-0.5356,0.7279,-1.849,-0.6522,0.5629,-1.8778,1.5687,0.0268,0.041,1.1472
-0.4546,-0.0601,-2.5719,1.1364,-0.1541,-0.4817,0.8275,-1.6783,-0.6456,0.203,-2.3595,1.509,0.0102,-0.0968,0.55
-0.4756,-0.2143,-2.0419,1.2921,-0.0091,-1.2041,0.8534,-0.9196,-0.425,-0.0244,-1.3513,1.361,-0.3617,-0.0058,0.4534
0.0315,0.1337,-1.4558,1.0075,-0.2018,-1.0262,0.9994,-1.1512,-0.8013,-0.1574,-1.5366,1.3713,0.2634,-0.426,0.0923
-0.3639,0.1518,-1.4997,0.8804,0.2026,-1.1464,0.9297,-0.5953,-0.817,-0.5282,-1.3171,1.3337,0.112,-0.4541,-0.1128
-0.3321,-0.1489,-1.3785,0.779,0.4237,-0.8709,1.0019,-0.6345,-0.794,-0.799,-1.4324,1.4959,-0.1028,-0.8237,-0.5128
-0.5454,0.076,-1.4556,1.1759,0.3496,-0.6886,0.826,-0.4954,-0.6778,-0.2764,-1.401,1.7185,-0.2764,-1.0988,-0.5436
-0.4433,0.2838,-1.2679,0.7583,0.695,-0.6669,0.7851,-0.1043,-0.9928,-0.3882,-0.9175,1.793,-0.5112,-1.1539,-0.1821
-0.7251,0.5513,-1.0651,1.0016,0.5142,-0.6609,0.8938,-0.3916,-1.2903,-0.2694,-1.7611,1.9753,-0.5675,-1.2464,0.0545
-0.5172,0.1329,-1.2811,0.9249,0.8081,-0.5781,0.6922,-0.5111,-1.2535,-0.4841,-1.7004,1.496,0.7324,-1.0817,0.0367
-0.389,-0.1922,-0.9749,0.9808,0.8445,-0.731,1.5076,-0.5334,-1.325,0.1493,-1.4607,1.4439,0.2136,-1.0951,0.1418
-0.4739,0.2273,-1.3019,0.8651,0.8302,-0.7603,1.4122,0.0798,-1.0652,0.7664,-1.5864,1.5937,-0.0125,-0.6483,0.0378
-0.1381,-0.0621,-0.5139,0.8739,0.7591,-0.6211,1.5081,-0.7378,-1.36,0.5056,-1.3369,1.4155,0.04,-1.1273,0.1481
-0.4248,-0.0105,-0.9341,0.7717,0.9515,-0.6474,1.1939,-0.6314,-1.5321,1.0533,-1.143,1.321,-0.172,-0.9236,0.2252
-0.4227,0.2126,-0.7388,0.6917,0.8602,-0.6575,1.2361,-0.8007,-1.471,0.8772,-1.4464,1.1634,-0.2641,-0.5944,0.2756
-0.4205,0.2616,-1.1462,0.7279,0.8115,-0.4966,1.2737,-1.2876,-1.5352,0.456,-1.8201,1.1014,0.1991,-0.5246,0.0638
-0.3323,0.2397,-1.4061,0.6201,1.0118,-0.8347,1.2282,-1.0545,-1.1934,0.7378,-2.0982,0.9709,-0.1924,-0.0972,-0.3035
-0.19,-0.027,-1.1651,0.8202,0.9887,-1.1762,1.3113,-0.5914,-0.7383,0.4698,-2.1128,1.1427,-0.1821,-0.4282,-0.1761
-0.2724,0.0619,-1.0747,1.2515,0.9415,-1.0116,1.3942,-0.544,-0.7623,0.6943,-1.5548,0.9793,-0.3385,-0.4833,0.2586
-0.4895,0.5498,-0.9489,0.431,0.9301,-0.6104,1.2788,-0.6436,-1.1009,0.851,-1.8473,1.0021,-0.095,-0.5686,0.5464
-0.6819,0.3958,-1.2656,0.7667,0.85,0.2848,1.1473,-1.0937,-1.744,0.7522,-1.7162,1.3906,-0.1988,-0.4984,0.5825
-0.3239,-0.1632,-1.4418,0.7768,0.9951,-0.0028,1.1757,-1.5319,-1.4618,1.23,-1.8709,1.508,-0.2744,-0.0417,1.0693
-0.5147,-0.0236,-1.5146,0.9232,0.8866,0.0402,1.2697,-1.7577,-1.2708,1.619,-1.6068,1.623,-0.233,0.3037,1.2934
-0.2962,0.076,-1.6386,0.7041,0.7358,-0.195,0.9794,-1.8393,-1.2107,1.613,-1.4219,1.4554,-0.1984,0.4071,1.076
-0.6776,0.2345,-1.9942,0.8812,0.6693,0.0094,0.9601,-2.252,-1.0481,1.4731,-1.7952,1.3974,-0.1317,0.6275,0.8817
-0.7859,0.3014,-2.5255,1.0766,0.6447,-0.4389,1.106,-2.1545,-0.7797,1.1384,-2.0768,1.2747,0.0542,1.0076,0.097
-0.47,-0.0828,-2.6894,1.146,0.4169,-1.0818,1.1134,-1.9092,-0.3039,0.535,-2.4443,0.8873,0.1851,0.958,0.0443
-0.5333,-0.0035,-2.6907,0.7377,0.322,-0.8917,1.0087,-2.1157,-0.2004,0.175,-3.7114,0.8128,0.0563,0.6561,-0.9528
-0.5391,-0.4701,-2.1453,0.9848,0.0943,-1.0241,0.9811,-1.0097,0.3299,0.0375,-2.9656,0.0315,-0.2905,0.5516,-1.6147
-0.5921,-0.3966,-1.4796,1.155,0.2352,-0.6027,1.1502,-0.7051,0.2661,-0.4417,-2.1131,-0.066,-0.2937,0.1196,-1.1903
-0.459,-0.3108,-1.4222,1.331,0.4659,-0.7049,0.9927,-0.448,-0.2476,-0.4282,-1.9244,0.2535,-0.6092,-0.4261,-0.6136
-0.3966,-0.0539,-0.7146,1.2283,0.8257,-0.6191,0.9091,-0.3431,-0.4687,0.4311,-2.414,0.3085,-0.9391,-0.4897,-1.0718
-0.3638,0.068,-0.7,1.0994,1.1094,-0.3021,1.0807,-0.3334,-0.826,0.4696,-2.2435,0.5016,-0.8122,-0.7633,-1.3421
-0.5392,0.2139,-0.7081,1.0456,1.1712,-0.4566,1.2009,0.1468,-0.9164,0.2879,-2.1388,0.7017,-0.9741,-0.937,-1.2186
-0.4992,0.5576,-0.7577,1.3004,1.2513,-0.5763,1.1958,2.1011,-0.1252,0.1988,-1.9279,0.5989,-1.5757,-1.7597,0.2429
-0.6206,0.4728,0.4412,1.0778,1.0467,-0.5278,1.2861,1.6635,-0.7357,0.068,-1.1156,1.0166,-1.5585,-2.6809,0.6683
-0.4101,0.5251,0.7686,1.3061,1.2081,-0.7117,1.3952,1.5394,-1.4637,0.4674,-0.5341,1.33,-1.6006,-3.2569,0.3534
-0.4195,0.7774,1.0096,0.9544,1.4418,-0.8833,1.0912,1.6426,-1.6619,0.4942,-0.267,1.5909,-1.5635,-3.3125,0.576
-0.5251,1.1356,0.9546,1.0532,1.504,-0.8456,1.2379,1.9305,-1.9047,0.4682,-0.1854,2.1671,-1.8282,-3.366,0.8108
-0.4135,0.9153,1.3376,0.9741,1.5116,-0.9401,1.1424,2.0053,-2.0689,0.6285,-0.2383,2.4123,-1.8381,-3.4229,1.1413
-0.6002,1.024,1.7849,1.1186,1.7651,-0.7188,1.2943,2.1292,-2.0723,1.0621,0.1394,2.583,-1.8854,-3.5617,1.3185
-0.6684,1.5889,1.598,0.3507,1.9582,-0.565,1.5794,1.7007,-2.7301,1.3516,-0.2458,3.0348,-1.7553,-3.5855,1.3754
-0.3629,1.4454,1.4088,0.2388,1.7486,-0.6155,1.5649,1.6877,-2.5945,1.2748,-0.6305,2.5141,-1.5772,-2.8381,1.8498
-0.3984,1.2884,1.2597,0.2795,1.7587,-0.5158,1.4982,1.1889,-2.7585,1.6895,-0.7053,2.4511,-1.53,-2.8701,2.3164
-0.7059,1.2618,0.9485,0.9196,1.7707,-0.7017,1.493,1.0753,-2.5952,2.1399,-0.5536,2.5178,-1.6002,-2.4253,2.5691
-0.6159,0.8775,0.6447,0.7905,1.6241,-0.943,1.6952,0.9442,-2.5521,2.1922,-0.6188,2.4564,-1.3548,-2.091,2.4591
-0.5623,1.2687,0.3347,0.6343,1.5761,-0.8612,1.5889,0.5035,-2.5232,2.1253,-1.0505,2.3002,-1.1868,-1.813,2.8842
-0.3607,0.6336,0.6013,0.4867,1.4239,-1.2928,1.6781,0.8076,-2.0473,2.0035,-0.8975,1.6938,-1.0144,-1.5494,2.5571
-0.7093,0.7996,0.4457,0.4394,1.4894,-1.1394,1.2947,0.6275,-2.2498,2.4195,-0.8936,1.8108,-1.2551,-1.5655,2.6655
-0.605,0.8358,0.1512,0.4549,1.2666,-0.8862,1.2898,0.2515,-1.6613,2.0571,-0.7113,1.7537,-1.2487,-1.3733,2.4831
-0.4236,0.9324,0.0906,0.5368,1.185,-0.4746,1.2264,-0.225,-1.9098,1.8623,-0.6485,2.0356,-1.0699,-1.2011,2.4264
-0.8682,1.1183,-0.4181,0.593,1.0567,-0.1476,1.4041,-0.7516,-2.6943,1.8816,-0.7998,2.0199,-0.243,-0.8892,2.0744
-0.5966,0.7032,-0.638,0.4625,0.8854,-0.1568,1.4644,-1.0005,-2.0996,1.331,-1.0854,2.1725,-0.3414,-0.339,2.4231
-0.5603,0.7525,-0.6249,0.5502,0.8898,-0.1246,1.3492,-1.8666,-1.724,1.6036,-1.584,2.1314,-0.1089,0.1144,2.1108
-0.5226,0.5864,-1.4234,0.7806,0.8158,-0.4909,1.2788,-1.9334,-1.5078,1.653,-1.7754,1.6578,0.2439,0.4388,1.608
-0.6914,0.6096,-1.8231,0.9251,0.819,-0.6512,1.2478,-2.0706,-1.0778,1.789,-1.8804,1.6039,0.1418,0.8088,1.8675
-0.6227,0.4764,-2.2304,0.9835,0.7871,-0.1393,1.1578,-2.6311,-0.9168,1.5512,-2.0712,1.2301,0.2913,0.5641,1.0221
-0.7495,0.3462,-2.6162,1.4392,0.5317,-0.668,1.2042,-2.2995,-0.3097,1.321,-2.4203,1.0748,0.3317,0.6075,0.9374
-0.6033,0.1309,-2.1702,1.1785,0.4936,-0.5532,1.0792,-1.9474,-0.1768,0.9046,-2.6193,0.7019,0.3965,0.4296,0.3618
-0.4049,0.1852,-1.7032,1.2683,0.5907,-0.7408,0.8812,-1.734,-0.2594,0.9028,-2.1096,0.4372,0.45,-0.087,0.0937
-0.3537,0.5376,-1.3483,1.2545,0.6242,-1.0228,0.9335,-1.6789,-0.5169,0.7253,-1.7292,0.4222,0.0665,-0.0923,-0.0942
-0.3311,0.5647,-1.9397,1.2995,0.8616,-1.1683,0.9569,-1.5717,-0.5483,0.8717,-1.9273,0.6737,-0.3732,-0.2766,0.0087
-0.6597,0.6347,-1.756,1.1872,0.8734,-0.5159,0.8775,-1.2249,-0.1981,0.6938,-1.9107,0.5534,-0.4156,-0.284,-0.1505
-0.7558,0.5537,-1.4089,0.8408,0.5945,-0.5603,0.9585,-1.4668,-0.6658,0.123,-1.4453,0.6083,-0.7223,-0.811,-0.2295
-0.6741,0.8688,-1.5146,1.0752,0.7952,-0.2711,0.8541,-1.4577,-0.7474,0.1075,-1.7473,0.9091,-1.0573,-0.7264,-0.2265
-0.6739,0.7603,-1.4666,0.6441,0.8449,-0.2055,0.9048,-1.4674,-0.8654,0.2703,-1.7235,0.9993,-0.8502,-0.9697,0.0811
-0.811,0.744,-1.5544,1.3295,0.9007,-0.2956,0.6304,-1.3321,-0.7173,0.3961,-2.4463,1.1778,-0.5848,-0.631,-0.1156
-0.6275,0.399,-1.2474,1.1709,0.8662,-0.6282,0.7454,-0.7427,-0.9359,0.6095,-2.1939,0.9744,-1.2727,-0.971,-0.1083
-0.828,0.7052,-1.3554,1.1276,0.9299,-0.3886,0.6141,-0.218,-0.6166,0.6574,-2.052,0.7896,-1.1896,-1.1396,-0.3379
-0.8313,0.5486,-0.9033,0.9954,1.0184,-0.6315,0.7224,0.0884,-0.6799,0.2954,-1.694,0.7481,-1.2535,-1.7231,0.1046
-0.98,0.4597,-0.5189,0.7824,1.0903,-0.4684,0.7052,0.1213,-0.2517,0.3479,-1.5633,0.8791,-1.2764,-2.0439,0.1632
-0.9476,1.0265,-0.2288,0.4262,1.163,0.4301,0.7587,0.0714,-1.0675,-0.0117,-1.5343,1.4707,-1.2162,-2.5135,-0.2773
-0.7326,0.6813,0.2799,0.4926,1.2683,-0.0982,0.9013,0.4592,-1.2141,-0.0729,-1.2668,1.8511,-1.0049,-2.5886,-0.1289
-1.2004,0.6176,0.6197,0.6352,1.4268,-0.4396,1.0621,0.187,-1.7871,0.6287,-0.7806,1.8598,-0.961,-2.5781,0.9253
-0.8841,1.004,0.7787,0.5647,1.6616,-0.23,1.0401,0.1991,-2.069,1.3042,-0.4038,2.1143,-1.2463,-2.2461,1.2691
-1.0111,1.2351,0.1901,0.5983,1.7575,-0.4048,1.0519,-0.2268,-2.549,1.7498,-0.8382,2.1527,-1.2884,-1.7972,1.6897
-0.653,1.1984,-0.3358,1.0242,1.5151,-0.8118,1.4224,-0.3621,-2.5102,1.7585,-1.1898,2.2408,-1.1656,-1.4898,1.5073
-0.8963,1.2427,-0.677,0.9298,1.231,-0.6416,1.4475,-0.501,-2.0833,1.6451,-1.265,2.0057,-0.3311,-1.1312,1.8101
-0.7873,0.7879,-0.7855,1.2316,1.1168,-0.7951,1.4088,-1.0053,-1.9138,1.521,-0.7461,2.0065,-0.1054,-0.847,1.9505
-0.7391,0.7868,-1.1039,1.2415,1.139,-0.8938,1.8219,-1.2078,-1.7812,1.5228,-1.1385,2.1476,-0.1118,-0.7235,2.71
-1.0588,1.0008,-1.259,1.0803,0.9471,-0.5618,1.5141,-1.3404,-1.5556,1.5265,-1.181,2.1014,-0.329,-0.352,2.5689
-0.9931,0.8019,-1.3252,0.947,0.9937,-0.646,1.2927,-1.5441,-1.6255,1.4435,-1.5124,2.0351,0.0109,-0.3228,2.1984
-0.8249,0.7632,-1.6181,0.5953,0.7329,-0.6989,1.1304,-1.6494,-1.2203,1.4181,-1.8544,1.9232,0.0799,-0.3108,2.6147
-0.6,0.2603,-1.3631,0.9675,0.7069,-0.8094,0.9724,-1.4898,-0.8526,1.4861,-2.0815,1.7791,-0.233,-0.049,0.4839
-0.2952,0.6433,-1.3025,0.6846,0.6132,-1.0426,0.8079,-1.35,-1.2784,1.3583,-2.2854,1.6469,-0.2808,-0.5273,1.0374
-0.5452,0.761,-1.4983,0.8443,0.7567,-0.668,0.8068,-0.8735,-0.8951,1.0235,-2.0994,1.3121,-0.5709,-0.5178,0.7837
-0.6714,0.4701,-0.9771,0.4954,0.6769,-0.6611,0.903,-0.7224,-0.9442,0.7134,-2.1765,1.2965,-0.9119,-0.8403,0.671
-0.6929,0.6007,-0.9008,0.8839,0.9476,-0.4983,0.6232,-0.2271,-0.6649,0.4026,-1.7361,1.2223,-0.8613,-0.8163,0.9166
-0.843,0.7461,-0.7152,0.904,1.0179,-0.1192,0.7003,-0.3491,-1.1088,0.5498,-1.7172,1.361,-1.3189,-1.1568,1.0111
-0.8222,1.1594,-0.6183,0.618,1.1989,-0.4961,0.9474,-0.1757,-1.2735,0.5725,-1.6701,1.6263,-1.0528,-1.1301,0.9935
-0.5599,1.2372,-0.5788,0.7767,1.1614,-0.4976,0.9767,-0.3764,-1.3367,0.5296,-1.4787,1.5832,-0.9781,-1.3526,0.8253
-0.3964,1.1836,-0.1621,0.6791,1.2644,-0.7281,1.4057,-0.0272,-1.2365,0.9455,-1.5481,1.9401,-1.0486,-1.3597,1.3264
-0.42,1.3288,0.0402,0.7235,1.3179,-0.7567,1.4721,0.1266,-1.5995,1.166,-1.1084,1.8512,-0.9933,-1.4867,1.512
-0.7929,1.5023,0.5614,0.2843,1.2614,-0.891,1.3252,0.2832,-1.1806,1.1315,-1.4619,2.2459,-0.8311,-1.4535,1.6329
-0.7046,1.083,-0.0825,0.7452,1.3932,-0.8771,1.2186,0.14,-1.5941,1.1057,-1.1224,2.3758,-1.6929,-2.7347,1.7252
-0.6971,1.3372,-0.2382,0.9038,1.3601,-0.7137,1.0082,0.729,-1.0429,1.0302,-0.9381,2.4261,-1.6954,-2.3344,1.8371
-0.6577,1.5154,0.348,1.0616,1.1896,-0.8014,1.2776,0.9723,-1.1357,0.9468,-1.2176,2.454,-1.7297,-2.4839,1.4152
-0.3947,1.135,0.7333,1.0691,1.3635,-0.7024,1.1185,0.9201,-1.4267,0.8082,-1.1597,2.2293,-1.5498,-2.6491,1.8127
-0.3013,1.3793,0.9711,0.8229,1.4209,-0.8674,1.6782,1.0887,-2.1878,1.2114,-0.7464,2.4553,-1.6453,-2.5343,2.0252
-0.8265,0.9761,0.4842,0.9352,1.7,-0.1584,1.5625,0.526,-2.1339,1.3634,-0.5232,2.0837,-1.1964,-2.4338,2.9264
-0.5474,1.0081,0.1398,0.8637,1.6699,-0.2461,1.7092,0.0652,-2.4587,1.8867,-0.6637,2.418,-1.0041,-2.1943,3.1039
-0.6617,1.3352,-0.306,1.0329,1.4915,-0.1932,1.7178,-0.3092,-2.24,1.8646,-0.7599,2.5838,-0.8653,-1.7105,3.2185
-0.4365,1.4308,-0.7109,1.2715,1.3413,-0.07,1.4854,-0.6513,-2.1681,1.9133,-0.9728,2.9281,-0.3586,-1.251,3.396
-0.6658,1.1176,-0.9832,1.117,1.2577,-0.1437,1.3544,-1.1179,-2.1811,1.9375,-1.3019,2.6561,-0.8965,-0.9575,3.0272
-0.6455,1.0226,-1.4736,1.3096,1.1349,0.1776,1.1025,-1.0616,-1.8309,1.7614,-1.3131,2.1452,-0.7452,-1.0668,2.9387
-0.618,1.1803,-1.0172,1.2301,0.7786,0.1643,1.0045,-1.1394,-1.5398,1.6968,-1.3533,2.0346,-0.6713,-0.7808,2.5767
-0.6251,1.2139,-1.3344,1.2361,0.7563,0.1483,0.9257,-1.4765,-1.7705,1.4318,-1.7793,1.9858,-0.3484,-0.4647,2.1706
-0.6864,0.9112,-1.5228,0.938,0.6938,0.1208,1.0722,-2.1156,-1.661,1.087,-2.1178,1.8214,-0.2864,-0.3615,1.84
-0.2345,0.9785,-1.5247,1.1635,0.535,-0.9226,1.2102,-1.4885,-1.0116,0.9242,-1.6255,1.4328,-0.3158,0.1086,1.9116
-0.4584,0.9988,-1.6004,1.3017,0.3547,-0.8968,1.1592,-2.3663,-1.2406,0.9649,-1.7122,1.4455,0.127,-0.0715,1.4669
-0.3632,0.8222,-2.3343,1.4343,0.3043,-0.7295,0.9948,-1.9667,-0.8022,0.782,-2.0438,1.1328,-0.2983,0.1689,2.031
-0.3328,0.783,-1.1136,1.4134,0.28,-0.4884,0.9024,-1.8011,-0.3031,0.3111,-2.3209,1.1805,-0.3059,-0.0547,1.2315
-0.3195,0.5057,-1.0999,1.1946,0.4974,-0.0619,0.8418,-1.7934,-1.1804,0.3759,-2.023,1.3147,-0.339,-0.3029,0.694
-0.7351,0.7773,-1.319,1.123,0.665,0.0198,0.7235,-1.8911,-0.8365,0.7309,-1.9974,1.4299,0.041,-0.2393,0.8129
-0.2545,0.9249,-1.2183,1.0555,0.5849,0.0029,0.8193,-2.1629,-1.2019,0.7334,-2.3415,1.5073,-0.0799,-0.3296,0.6651
-0.1484,0.8939,-1.7952,1.0156,0.5538,-0.0124,0.5949,-2.0185,-0.9353,1.0387,-2.7751,0.8524,-0.2201,0.1385,0.7649
-0.0934,0.7091,-1.5455,1.2208,0.6087,-0.058,0.761,-2.5412,-0.8565,0.6128,-2.8191,0.5522,-0.9379,0.1146,0.3492
-0.0949,0.5775,-1.4494,1.0548,0.4828,-0.2497,0.8887,-1.6423,-0.4988,0.6723,-3.0294,0.6864,-0.83,0.1027,0.6882
-0.2441,0.6887,-1.0917,1.0988,0.4255,-0.0856,0.8396,-2.1289,-0.7305,0.6287,-2.515,0.5401,-0.6988,-0.1447,0.8243
-0.4249,0.8051,-1.4029,1.0836,0.4456,0.1549,0.813,-2.2682,-0.8248,0.7924,-1.9744,0.5887,-0.2317,-0.2755,0.9604
-0.2877,0.7196,-1.6394,0.8923,0.4001,-0.1609,0.9259,-2.8671,-1.1533,0.7079,-2.3759,1.0692,-0.3194,-0.3356,1.1086
-0.2674,0.6288,-1.8217,0.2724,0.3892,-0.2612,1.0156,-2.5425,-0.6422,1.1028,-2.999,1.1098,0.274,-0.0605,0.6975
-0.2476,0.5614,-2.0123,0.8609,0.492,-0.3223,0.7839,-2.1792,-0.1935,0.8328,-3.159,0.8644,-0.2604,0.2283,0.2253
0.0563,0.8064,-1.8491,0.8122,0.3621,-0.6562,0.6876,-1.6937,-0.1938,0.4959,-3.0053,0.733,-0.6029,-0.4121,-0.0878
-0.0925,0.5127,-1.1816,0.6648,0.6461,-0.4654,0.413,-1.0601,0.0438,0.3027,-2.9155,1.0903,-0.4805,-0.677,-0.3607
-0.0589,0.3279,-0.4567,0.9948,0.8543,-0.4029,0.506,-1.0327,-0.5135,0.052,-2.2946,0.8854,-1.0225,-1.2115,-0.1231
-0.038,0.4822,-0.5347,1.1748,1.2622,-0.0734,0.553,-0.8764,-0.9801,0.6226,-1.8493,1.0279,-1.1989,-1.3004,0.6143
-0.1053,1.2802,-0.6044,0.8601,1.2191,-0.0887,0.477,-0.9708,-1.1535,1.2539,-2.254,1.2658,-1.0929,-1.397,0.6297
-0.0274,1.0076,-0.3777,1.0049,1.1241,-0.7502,0.5808,-0.0851,-0.6981,0.9687,-1.9591,1.1876,-1.0078,-1.5421,1.0111
-0.2471,0.8829,-0.1216,1.0564,1.1877,-0.3345,0.7349,-0.1462,-1.1563,0.898,-1.9351,1.2806,-1.1637,-1.647,1.5612
-0.2379,0.7252,0.1594,1.0661,1.1878,0.3872,1.0899,-0.3751,-1.1673,1.1115,-1.5363,1.444,-1.1543,-1.8745,1.9351
-0.6155,1.5133,-0.2241,0.7159,1.2987,-0.1253,1.051,-0.3206,-1.406,1.2729,-1.5127,1.9208,-1.1837,-1.9121,1.8723
-0.2082,0.6908,-0.1483,0.7661,1.1988,-0.6269,1.4675,-0.1521,-1.1389,0.9679,-1.2673,2.0862,-1.0928,-1.7575,2.0133
-0.2035,1.4062,0.1379,0.7389,1.3882,-0.4201,1.3466,-0.5919,-1.3327,1.3625,-1.4759,2.0233,-0.6965,-1.8908,2.5456
-0.4153,1.1476,-0.467,0.8766,1.4332,-0.1467,1.1106,-1.0066,-1.9086,1.7559,-1.9335,2.3596,-0.7515,-1.7092,2.5314
-0.3729,0.982,-0.6257,0.7225,1.2763,-0.1046,1.2232,-0.5799,-1.6201,1.9694,-2.0002,2.4457,-0.8946,-1.263,2.5454
-0.3993,1.0711,-1.0822,0.6507,1.1293,-0.387,1.2413,-0.6306,-1.5739,1.9424,-2.105,2.1518,-1.272,-1.3046,2.377
-0.4872,0.7466,-0.935,0.8472,1.1314,-0.3249,1.1845,-0.3155,-0.6185,1.4234,-2.2924,2.1441,-1.1332,-1.2009,2.1863
-0.6575,0.9857,-0.4048,0.7193,0.8794,-0.1764,1.0196,-0.6104,-1.1845,1.4263,-2.3549,1.8737,-1.086,-1.6225,1.9367
-0.3827,0.7192,-0.5484,0.7437,0.941,-0.357,0.8897,-0.5819,-1.1459,1.1938,-2.3505,1.5958,-1.6505,-1.6251,2.1638
-0.4109,0.674,-0.2114,1.2922,0.49,0.1043,0.7025,-0.4878,-1.1454,1.022,-1.9124,1.0809,-1.453,-1.3895,2.2135
-0.5141,0.7948,-0.137,1.4121,0.5356,0.0043,0.2376,-0.6553,-1.2804,0.702,-1.4478,1.2359,-1.6274,-1.4086,1.3445
-0.3916,0.9611,-0.3932,0.9314,0.9893,-0.4294,0.4255,-0.6667,-1.3129,0.7531,-1.6254,1.6172,-1.7333,-1.6329,1.2955
-0.3261,1.0899,-0.7255,0.8127,1.1764,-0.0573,0.9096,-0.4807,-1.0641,0.8525,-2.1897,2.4205,-1.7856,-1.363,0.883
-0.6647,0.9222,-0.5209,1.1431,0.8606,0.2209,0.9865,-0.4919,-1.1493,0.8442,-1.8713,1.9037,-1.49,-1.5506,1.6627
-0.5144,0.5401,-0.5444,1.2236,1.021,-0.3017,0.8968,-0.2968,-1.523,0.8568,-2.2607,1.9417,-1.3116,-1.2573,1.3056
-1.374,0.763,-0.8732,1.2089,1.08,0.6229,0.8051,-0.4585,-1.3991,1.0619,-2.1422,1.7224,-1.3326,-1.2687,1.7014
-1.2895,0.5923,-0.9938,1.5414,0.9661,-0.3403,0.8265,-0.3061,-1.2179,0.5582,-1.8274,1.623,-1.3341,-1.3362,1.1604
-0.5744,1.0053,0.1066,1.2102,0.9696,-0.436,0.9321,-0.2448,-0.7061,0.2704,-1.895,1.661,-0.8738,-1.5753,1.3236
0.1024,0.9296,0.3989,0.9899,1.3365,-0.5171,0.9086,-0.0948,-1.3552,0.8584,-1.575,1.8435,-1.0094,-1.6678,1.3543
-0.3893,1.1903,0.1733,1.1335,1.3103,-0.535,0.7941,-0.0983,-1.672,1.7512,-1.1341,1.8957,-1.3194,-1.521,0.7086
-0.2236,1.4341,0.1156,0.6761,1.3819,-0.8617,0.6473,-0.0423,-1.5919,1.3573,-1.0052,2.3048,-1.6776,-1.402,1.0695
-0.1463,1.4021,0.2336,0.6745,1.3738,-0.805,0.7143,0.1014,-1.4568,1.2475,-1.2108,2.375,-1.7505,-1.3588,1.4652
-0.215,1.9533,0.1091,0.8638,1.3861,-0.7307,0.5865,-0.1017,-1.6586,1.1777,-1.101,2.3794,-1.7821,-1.2051,1.761
-0.3073,1.3997,0.0644,0.7418,1.3023,-0.4013,0.7378,-0.3042,-1.8867,1.0968,-1.724,2.1227,-1.7587,-1.3473,1.518
-0.6043,1.2021,-0.0473,0.5599,1.1175,0.4932,0.8462,-0.6882,-2.0131,1.26,-1.6743,2.1684,-1.698,-1.0029,1.5757
-0.5924,1.3387,-0.5805,0.8077,1.1122,0.518,0.9774,-0.6829,-1.6551,1.2218,-1.688,1.899,-1.7399,-0.5092,1.5845
-0.3064,0.8869,-0.5569,0.8004,1.1085,0.229,0.8269,-1.066,-1.6009,1.1086,-1.4984,2.0213,-1.6029,-0.262,1.5249
-0.6763,1.3079,-1.1429,0.7726,1.4476,0.8701,0.6788,-1.6577,-1.4622,1.6752,-1.8747,2.1701,-1.2636,-0.1809,1.6566
-0.477,0.8858,-1.5708,0.9243,1.0884,0.2997,0.7526,-1.851,-1.3426,1.7012,-2.0295,1.944,-1.2931,-0.1178,1.7465
-0.537,0.5879,-1.7988,0.8661,0.6401,-0.1917,0.7175,-1.3935,-0.7998,1.4823,-2.1106,1.6029,-1.0877,0.0776,1.9525
-0.8413,0.7143,-1.9055,0.6606,0.546,-0.5198,0.555,-1.4652,-0.623,1.1545,-2.6504,1.507,-1.0781,0.2497,1.5307
-0.8926,0.565,-2.1369,0.741,0.4225,-0.3742,0.6694,-1.1954,-0.3479,0.7612,-2.7777,1.2552,-0.9558,0.2507,0.9014
-0.431,0.2683,-1.3072,0.838,0.412,-0.2676,0.6294,-1.1857,-0.2388,0.2616,-2.5034,1.2418,-0.9921,-0.0802,0.4616
-0.5524,0.5497,-1.3318,0.9855,0.5039,-0.7774,0.7122,-0.6251,-0.1104,0.339,-2.1561,1.5518,-1.5578,-0.4323,1.2795
-0.4919,0.4502,-1.3401,0.3504,0.6274,-0.2306,0.6721,-0.5844,-0.8087,0.4898,-2.3292,1.6392,-1.6334,-0.6736,0.8139
-0.592,0.5165,-1.2138,0.6606,0.7034,-0.2857,0.621,-0.5941,-0.805,0.5287,-2.1456,1.645,-1.6591,-0.8224,0.934
-0.7223,0.6854,-1.3024,0.8261,0.6196,-0.0565,0.479,-0.417,-0.8325,0.5721,-2.2864,1.4845,-1.7873,-0.7478,1.0241
-0.895,0.8246,-1.0498,0.5867,0.7268,0.3633,1.1797,-0.5774,-0.8774,0.7458,-2.2524,1.4905,-1.5854,-0.8749,0.6299
-0.4851,0.5544,-0.7365,1.2047,0.5179,0.9105,1.1217,-1.1868,-1.0173,0.1389,-1.9429,1.623,-1.1369,-1.0332,0.5284
-0.4847,0.5054,-1.3306,1.3077,0.7442,0.5109,0.9571,-1.3063,-1.0995,0.5663,-1.8551,1.8238,-0.8234,-0.8665,0.7673
-0.4902,0.7953,-1.4114,0.905,0.6211,0.2467,0.8347,-1.6466,-0.7611,0.914,-1.9023,1.691,-0.7826,-0.6247,0.9195
-0.3495,0.6955,-1.8197,0.7535,0.3933,0.3422,0.6888,-1.669,-1.3002,0.8547,-2.2711,1.7326,-0.3851,-0.4704,0.7788
-0.3282,0.5047,-1.616,0.991,0.4751,-0.0294,0.5759,-1.8786,-0.5528,0.6155,-1.9425,1.6187,-0.572,-0.1004,0.2697
-0.4564,0.456,-1.4927,1.0565,0.4395,0.4945,0.6811,-2.2865,-0.5285,0.6458,-2.109,1.5961,-0.7891,-0.115,0.1244
-0.4463,0.7138,-1.8918,0.9264,0.3973,0.1955,0.4752,-2.1832,-0.879,0.8201,-2.2898,1.7509,-0.6093,0.3079,0.476
-0.5298,0.4179,-1.7906,1.3043,0.3949,-0.0736,0.2466,-2.2015,-0.5783,0.6496,-3.0093,1.5689,-0.8656,0.2681,0.1644
-0.2526,0.1689,-1.7959,1.2893,0.4289,-0.0993,0.2283,-2.1677,-0.4091,0.6049,-2.4642,1.0666,-0.5851,-0.1461,-0.1041
-0.3794,0.6707,-1.848,1.2922,0.3543,-0.2127,0.379,-1.5659,-0.142,0.8548,-2.5932,1.1275,-0.8555,-0.1403,-0.6064
-0.2658,0.4816,-1.7794,1.3277,0.3267,0.1479,0.5351,-1.364,-0.1425,0.3834,-2.3256,1.2895,-0.8305,-0.4433,-0.1143
-0.1551,0.7341,-1.5228,0.8124,0.2957,-0.1218,0.6671,-1.1719,-0.2626,0.4032,-2.5884,1.422,-1.3077,-1.1386,-0.1028
-0.4165,0.5669,-1.6003,1.0162,0.4227,-0.2126,0.8531,-0.6219,-0.038,0.0338,-2.4409,1.3173,-1.34,-1.2185,-0.4345
-0.6978,0.6863,-1.361,1.153,0.2455,-0.1353,0.5619,-0.8333,-0.2991,-0.1463,-2.1022,1.284,-1.3648,-1.7865,-0.4272
-0.4068,0.2267,-0.8912,1.3947,0.5304,-0.3133,0.5843,-0.4375,-0.2014,-0.2055,-1.8905,1.1861,-1.4672,-1.8176,-0.0197
-0.4285,0.9018,-0.4972,1.1712,0.8671,-0.0362,0.7481,-0.2036,-0.2556,0.2741,-1.509,1.3081,-1.4176,-1.8758,0.6668
-0.3105,1.1149,-0.2812,0.7985,0.8899,0.0464,0.8237,-0.0431,-0.9319,0.4741,-1.5755,1.9063,-1.7259,-2.2409,0.3234
-0.1504,1.0262,0.1766,0.861,1.0051,-0.014,0.716,-0.0608,-1.102,0.797,-1.3261,1.8897,-1.7282,-2.1162,1.1622
-0.2874,1.1772,0.2061,0.9865,1.1421,-0.0926,0.5341,-0.1432,-1.2467,1.3496,-1.1711,2.1811,-1.6988,-2.0469,1.3344
-0.3946,1.2594,-0.0163,0.8704,1.0372,-0.0303,0.5558,-0.0799,-1.5985,1.5207,-1.2046,2.1269,-1.8786,-2.1094,1.7471
-0.1479,1.6631,-0.0453,0.6565,0.988,-0.6938,0.5213,0.4117,-0.9332,1.6234,-1.2559,2.2351,-1.7539,-1.4994,1.5556
-0.1927,1.536,-0.0274,0.5123,1.0737,-0.9616,0.46,0.2575,-0.8795,1.3477,-1.3041,2.4102,-1.7922,-1.6103,1.0725
-0.2978,1.4104,0.0229,0.6401,1.1555,-0.7963,0.3916,-0.2145,-1.4983,1.2181,-1.6302,2.6444,-1.7123,-1.5022,1.3871
-0.1806,1.1715,-0.168,1.0228,1.2347,-0.3701,0.5403,-0.1526,-1.1376,1.1808,-1.4827,2.1466,-2.0226,-1.2292,0.9693
-0.3442,1.3544,-0.6644,0.767,1.1646,0.0664,0.5647,-0.2091,-0.9336,1.5582,-1.9365,2.2309,-1.3688,-1.0692,1.0023
-0.1202,0.7465,-0.2622,0.6521,1.2734,0.2655,0.7077,-0.7526,-0.9835,1.6588,-1.5276,2.1109,-1.4595,-1.225,1.3658
-0.3708,0.8582,-0.9623,0.5786,1.1017,0.146,0.8339,-0.7328,-0.907,2.2906,-1.503,2.4352,-1.54,-0.9779,1.7152
-0.5662,0.2283,-1.0254,0.94,0.9652,0.1359,0.7678,-0.8274,-0.6408,1.9531,-1.4083,2.1942,-1.3821,-0.9628,0.7219
-0.2121,0.3739,-1.0692,1.2463,0.7302,-0.1118,0.7763,-1.1004,-0.8271,1.5417,-1.6862,2.2081,-1.2804,-0.984,1.653
0.0516,0.7882,-1.0735,1.3246,0.9725,-0.4152,0.5242,-0.7996,-0.5239,1.9667,-1.6208,2.0512,-1.622,-0.8691,1.8393
-0.1035,0.7956,-1.4283,0.8877,0.6288,-0.608,0.5525,-0.3506,-0.3827,1.9816,-2.1325,1.9905,-1.8294,-0.807,1.3508
-0.0571,0.7502,-0.7061,0.9354,0.2267,-0.1843,0.6332,0.0037,-0.0488,1.3042,-1.9443,1.7295,-1.7909,-1.066,1.7783
0.0119,0.5466,-0.3063,0.8587,0.6087,-0.2894,0.5947,-0.5396,-0.4826,1.3776,-1.3425,1.533,-1.7049,-1.258,1.3027
-0.3207,1.043,-0.3948,1.2223,0.8052,-0.4089,0.6494,-0.3524,-0.5059,1.6352,-1.1042,1.7591,-1.7721,-1.4152,0.7733
-0.4437,0.9846,0.1062,1.3705,0.7448,-0.0772,0.5874,-0.2536,-0.903,1.3902,-0.7472,1.8373,-1.7633,-1.8081,1.1317
-0.2657,0.9313,-0.1602,0.7817,1.0742,0.2749,0.5612,-0.5308,-1.1596,1.5679,-0.8631,2.3116,-1.671,-1.686,1.4788
-0.2652,1.0476,-0.3014,0.2405,1.0113,0.0054,0.618,-0.6727,-0.8409,1.6815,-1.2909,2.2909,-1.4607,-1.5085,0.9703
0.1018,1.0422,-0.2741,0.2406,0.9608,-0.2717,0.8287,-0.6845,-0.7261,1.9305,-1.3116,2.4518,-1.7837,-1.2758,1.06
-0.3122,1.041,-0.4466,0.6402,0.8146,-1.0485,0.929,-0.3008,-0.8195,1.8239,-1.151,2.2051,-1.6629,-1.111,1.1525
-0.195,0.8714,0.3007,0.6761,0.9927,-0.2076,0.6865,-0.4966,-1.0823,1.9031,-1.0487,2.3299,-2.0853,-1.1189,1.5334
-0.3374,0.9409,-0.5237,-0.0435,1.0196,-0.0068,0.6116,-0.9635,-1.3506,2.111,-1.2449,2.0193,-1.9285,-1.151,1.5985
-0.6546,0.8796,-0.5696,0.2825,0.7477,0.3485,0.9076,-1.8333,-1.0603,2.2214,-1.6489,2.2878,-1.565,-1.4309,1.4226
-1.0008,0.6664,-1.3021,0.6228,1.5712,0.7902,0.8041,-1.6486,-0.8173,2.4324,-1.5702,1.8889,-1.2667,-0.6484,1.3379
-0.5859,0.3821,-1.5481,1.0786,1.0577,0.7467,0.8089,-2.0097,-0.7753,2.0769,-1.3331,1.9091,-1.1075,-0.9204,1.4948
-0.6178,1.0761,-1.6235,0.9081,0.859,0.4195,1.1686,-2.1356,-0.5046,2.339,-1.8029,2.1613,-0.9698,-0.6359,1.256
-0.4909,0.6411,-1.7879,0.9219,0.5134,0.0909,0.8348,-1.8219,-0.1328,2.0607,-1.7604,2.0422,-1.3772,-0.5701,1.212
-0.3167,0.7592,-1.8943,1.0013,0.1305,-0.1089,0.6668,-1.8376,-0.0372,2.0589,-1.9378,1.7679,-1.1727,-0.6823,0.4803
-0.3143,0.5437,-1.5859,1.0957,0.1639,-0.5925,0.5499,-1.1138,0.3158,1.7068,-1.5612,1.6968,-1.1443,-0.5136,0.5499
-0.3798,0.8154,-1.2999,1.0499,0.3269,-0.1848,0.6536,-1.2664,0.0589,1.5146,-1.2348,1.6591,-1.634,-0.7624,0.4293
-0.2672,1.0244,-0.9159,0.9521,0.5044,-0.3858,0.7641,-0.8279,-0.2226,1.282,-1.1745,1.8504,-1.8236,-1.1997,0.3607
-0.4169,1.0473,-0.9432,1.1054,0.6455,-0.092,0.7498,-0.8442,-0.4275,0.8568,-0.9621,2.0703,-2.059,-1.3279,0.5299
-0.1479,1.1929,-0.675,0.928,0.7585,-0.1628,0.8042,-0.7408,-0.4683,1.1094,-1.2098,2.0993,-1.881,-1.8809,0.7667
-0.3653,0.9445,-0.6827,0.7925,0.5706,0.188,0.9148,-0.7636,-0.0159,1.0315,-1.3359,2.2847,-1.6501,-1.8353,0.7454
-0.3473,0.9068,-0.6341,0.8467,0.7695,1.0193,1.0001,-0.5508,-0.2818,0.9702,-1.453,2.4075,-1.5772,-2.1887,0.2122
-0.4077,0.9188,-0.1827,0.8291,0.851,0.3611,0.7768,-0.7661,-0.8224,1.4115,-1.1696,2.0013,-1.4939,-2.2922,0.816
-0.3519,0.9798,-0.4933,0.7587,0.8455,0.3359,0.7979,-0.8836,-0.5025,1.51,-1.4051,2.267,-2.1677,-1.9076,0.741
-0.4362,0.845,-0.5331,0.5365,1.008,0.2269,0.6085,-0.4853,-0.6623,1.4735,-1.0337,2.0915,-2.24,-2.2272,0.9878
-0.3338,1.4961,-0.5426,-0.122,1.0297,0.8075,0.7511,-0.7128,-0.9352,1.8044,-1.9294,2.24,-1.8656,-2.1634,0.5887
-0.2703,0.6852,-0.5813,0.3739,1.016,0.4876,0.7997,-0.0563,-0.7837,1.7464,-1.6106,1.9879,-1.786,-1.7142,0.7095
-0.5418,0.8655,-0.1837,0.8567,1.1472,0.4597,0.882,-0.2899,-0.7154,1.8616,-1.0917,1.6384,-1.9036,-1.9956,0.9131
-0.2574,0.9811,-0.1353,1.2447,1.2302,0.375,1.142,-0.7802,-1.0399,1.838,-0.3555,1.9913,-1.3761,-1.8923,2.0259
-0.2319,1.3893,-0.4119,0.7044,1.3988,0.3281,1.2217,-1.1317,-1.1321,2.7479,-0.3812,2.4105,-0.7873,-1.7453,2.384
-0.4113,1.1928,-0.7296,0.5603,1.1537,0.3217,1.3587,-1.6529,-1.2252,3.1577,-0.9434,2.6858,-0.8088,-1.4551,2.4841
-0.4714,1.0339,-1.2696,0.6176,0.8862,-0.6509,1.2927,-1.5788,-0.9043,3.0524,-1.9328,2.3969,-0.8256,-1.1282,2.2715
-0.4216,0.8656,-2.0495,0.6737,0.6481,-0.297,0.8247,-1.3284,-0.3361,2.5481,-1.9058,2.1804,-0.504,-0.5674,2.0272
-0.5357,0.8573,-1.871,0.6303,0.3373,-0.3402,0.7545,-1.2046,-0.2474,2.2011,-2.0143,1.9357,-0.8054,-0.5855,1.4612
-0.6904,0.4908,-1.8103,0.9589,0.4341,0.0708,0.7532,-1.3439,-0.454,1.8919,-1.9985,1.9601,-1.0492,-0.4605,1.0101
-0.4362,0.8635,-1.6242,0.8553,0.2276,-0.0563,1.1988,-1.3257,-0.3045,1.6301,-2.137,1.6044,-1.0374,-0.5831,0.5907
-0.1997,0.678,-1.3763,0.6196,0.4096,-0.1283,1.0313,-1.2836,0.015,0.9832,-2.8429,1.509,-1.1652,-0.767,-0.2262
-0.1577,0.2975,-1.3894,0.9331,0.5419,-0.1406,0.9503,-0.5914,0.1361,1.2855,-2.3138,1.0086,-1.5703,-1.2078,-0.3811
-0.0829,0.6935,-0.5912,1.1725,0.5297,-0.3705,1.1571,-0.177,0.3445,1.3125,-1.6875,0.9584,-1.3442,-1.3078,0.4532
-0.0896,1.1633,-0.0984,0.9221,0.6815,-0.4726,1.0973,-0.2848,-0.5481,1.5927,-0.8068,1.1787,-1.4309,-1.5988,1.2386
-0.162,0.9424,-0.3158,0.9786,0.8843,-0.3791,0.903,-0.586,-0.87,1.7046,-0.9313,1.8733,-1.3891,-1.6325,1.0752
-0.1789,1.0849,-0.3838,0.4025,0.9267,-0.8711,0.9684,-0.428,-0.9481,2.4391,-0.9231,2.5342,-1.555,-1.6146,1.3911
0.0036,1.1627,-0.1197,-0.1341,1.0753,-0.3785,1.0503,-0.802,-0.9869,2.293,-1.1969,2.3352,-1.3168,-1.5027,1.622
-0.1032,1.1069,-0.5951,0.3956,0.8586,-0.6451,1.2219,-0.3146,-0.8355,2.714,-1.2964,2.4408,-1.6206,-1.1027,1.5781
-0.249,1.2181,-0.6421,0.6132,0.8804,0.1932,1.1921,-0.8933,-1.2124,2.2854,-1.3994,2.5368,-1.4473,-1.6228,1.1224
-0.3787,1.1269,-0.8748,0.6189,0.8024,0.1166,0.9125,-0.5788,-0.436,1.8725,-2.0261,2.1166,-1.5769,-1.4288,0.8683
-0.3331,1.0169,-0.8059,0.3541,0.6991,0.0663,1.2853,0.1269,-0.0061,1.3458,-1.9932,1.3219,-1.7265,-1.6277,1.559
-0.1447,0.5646,-0.3101,0.7148,0.5612,0.8052,1.2474,-0.0566,-0.3371,1.4054,-1.7995,1.509,-1.2664,-2.0008,1.5337
-0.1749,1.0613,-0.0841,0.7539,0.715,0.5957,1.4925,0.0831,-0.8759,1.9224,-1.7679,1.2934,-1.2886,-2.0058,1.1484
-0.069,1.2746,-0.0948,0.7457,0.877,0.1563,1.3915,0.3195,-0.8388,2.0488,-1.4408,1.4181,-1.0744,-1.8362,1.2476
0.0912,1.0194,0.3222,0.9758,0.9169,0.3504,1.8068,0.6313,-0.7279,2.031,-0.9492,1.4512,-1.6075,-1.5251,0.9508
-0.0546,1.6606,0.4529,0.8272,1.0044,-0.518,1.8433,0.2431,-1.0649,2.044,-0.5914,1.7902,-1.313,-2.0865,1.0761
-0.1799,1.5684,0.2759,0.1068,1.3661,-0.3105,1.676,0.0011,-1.303,2.2738,-0.9622,1.7526,-1.003,-2.1085,0.7596
-0.1306,1.7914,-0.2543,0.2964,0.9991,-0.1127,1.6487,-0.4155,-1.5167,2.3502,-1.1699,1.5763,-1.3015,-1.9152,0.9434
-0.5687,1.509,-0.9736,0.4726,1.0313,-0.1725,1.5944,-0.2018,-0.8149,2.1256,-1.3487,1.6952,-1.1795,-1.322,1.5833
-0.3616,1.2408,-1.3488,0.6278,1.0019,-0.3986,1.5107,-0.2837,-0.657,1.8168,-1.6162,1.9808,-1.163,-1.5403,1.3678
-0.4605,1.1463,-0.915,0.8983,0.7987,-0.0395,1.3947,-0.1658,-0.1569,2.1124,-1.5344,1.6968,-1.255,-1.6666,1.4549
-0.5085,1.049,-0.785,0.8372,0.65,-0.1922,1.2931,0.2173,-0.2825,1.8315,-1.3332,1.6083,-1.4974,-1.9722,1.0765
0.0563,0.8837,-0.4029,0.8912,0.5716,-0.297,1.3907,0.3635,-0.2643,1.3514,-1.1375,1.8635,-1.54,-2.2061,0.6782
-0.1921,0.5739,0.0438,0.6733,0.6422,-0.2386,1.2415,0.4532,-0.4572,1.6132,-0.8115,2.4013,-1.4203,-2.5125,1.1977
-0.0869,1.1655,-0.3982,0.4442,0.8335,-0.1652,1.1663,0.1014,-1.1514,2.0355,-0.9303,2.1148,-1.4671,-2.3722,1.2858
-0.3808,1.2096,-0.9864,0.4909,0.746,-0.176,1.0307,-0.1804,-1.2102,2.2316,-1.191,2.1005,-1.3447,-2.0995,0.7996
-0.0851,0.8937,-0.7882,0.9927,0.8027,-0.3088,1.2495,0.0033,-0.533,2.0323,-0.8784,2.0062,-0.9124,-1.5964,1.0116
-0.0607,0.9781,-1.0212,1.0812,0.84,-0.2086,1.0527,-0.249,-0.6582,2.235,-0.6838,2.0452,-1.1789,-1.7046,0.9281
0.1291,1.689,-0.4917,0.2149,0.8875,-0.3491,1.1169,-0.7598,-0.6787,2.0534,-1.1198,1.9986,-1.17,-1.9309,1.6046
0.2024,1.2953,-0.9052,0.2821,1.0219,-0.1992,1.1516,-0.9846,-0.3166,2.3897,-1.4304,2.0605,-1.1843,-1.5939,1.4327
0.1723,1.0054,-1.1653,0.6003,0.8321,-0.2496,1.3569,-0.9639,-0.4214,2.6126,-2.0922,1.9661,-1.2074,-1.2829,1.0749
0.2049,1.1094,-0.4878,0.8425,0.7411,-0.5724,1.3308,-0.3843,-0.1708,2.4201,-0.9347,1.7333,-1.2281,-1.5804,1.6894
-0.0855,1.3163,-0.8223,0.6402,0.7429,-0.5056,1.4005,-0.5184,-0.5544,2.5743,-1.3144,2.1105,-1.1865,-1.4113,1.2655
0.0901,0.9568,-0.8041,0.5848,0.6612,-0.2579,1.4144,-0.7591,-0.5598,2.3012,-1.4036,2.0223,-1.0118,-1.5452,1.7131
0.0629,1.1904,-0.9449,0.9829,0.7284,-0.9432,1.4364,0.0977,-0.2392,2.4937,-1.4033,2.2206,-1.5235,-1.2795,1.2849
0.0489,1.0042,-0.7652,0.9966,0.6853,-0.7098,1.3326,1.4629,0.0618,2.0881,-1.815,2.0761,-1.8414,-1.9401,0.6989
-0.0993,0.8732,0.052,0.4758,0.7117,-0.2866,1.3078,0.9684,-0.347,1.5587,-1.8598,1.89,-1.9465,-2.6805,0.5171
-0.0969,0.9161,-0.0676,0.475,0.9932,-1.3501,1.1794,1.5859,-0.3088,1.3202,-1.4833,1.661,-1.9488,-3.1232,0.3386
0.1557,1.0154,0.6191,0.5911,0.9861,-1.053,1.0878,1.8209,-0.1105,1.4851,-1.4368,1.7587,-1.9162,-3.6349,0.4321
0.2768,1.204,1.3136,0.3108,1.3051,-0.7002,1.2309,1.7616,-0.4305,1.4483,-1.5921,1.7336,-2.1536,-3.8111,0.5204
0.1704,1.3588,1.5357,0.4368,1.5082,-0.7264,1.2581,2.1836,-0.9644,1.6431,-0.923,1.6405,-2.5189,-3.9474,0.4236
0.0822,1.1721,1.4505,0.5403,1.6646,-0.7042,1.4892,2.1754,-1.1331,1.8898,-0.6611,1.6109,-2.5274,-4.3027,0.7465
0.1822,1.1511,1.3386,0.7103,1.5083,-0.0109,1.4001,2.0402,-1.3209,1.8262,-0.2899,2.334,-2.5219,-4.562,1.3708
0.1284,1.7779,1.4128,0.5509,1.576,-0.5465,1.1906,1.9958,-1.4246,2.187,-0.5042,2.5821,-2.3328,-4.3452,1.7679
0.1719,1.7962,1.475,0.4895,1.5515,-0.4957,1.5079,2.1591,-1.3903,2.371,-0.2179,2.791,-2.4461,-4.3781,2.0022
0.176,1.601,1.3375,0.5095,1.4939,-0.4757,1.5467,2.4317,-1.5004,2.3512,-0.262,2.9621,-2.7243,-3.7045,1.8846
-0.1703,1.5969,1.5592,0.4112,1.4971,-0.0627,1.4516,2.0269,-1.661,2.2923,-0.2295,2.6008,-1.6856,-3.9304,2.0786
-0.0511,1.6864,1.8773,0.652,1.6349,-1.314,1.5749,1.81,-1.8101,2.3941,-0.2417,2.3913,-2.0566,-3.7597,2.4493
-0.0527,1.7871,1.2871,0.2323,1.617,-0.6276,1.6285,1.4936,-1.9364,2.6948,-0.5637,2.4311,-2.0904,-3.6966,2.8899
0.0877,1.3535,1.1019,0.171,1.6974,-0.5462,1.5425,1.3738,-1.4215,2.6051,-0.218,2.3507,-2.1677,-3.4194,2.589
-0.0096,1.5632,1.075,0.1846,1.6026,-0.427,1.6248,0.9447,-1.391,2.9976,-0.8657,2.0702,-1.7276,-3.0647,2.3824
0.0123,1.3863,1.2435,0.2932,1.1735,-0.8371,1.5068,0.5695,-1.6913,2.6884,-0.6999,2.3133,-1.8758,-2.3904,3.0247
0.1481,1.4656,1.0615,0.445,1.1677,-0.9959,1.2314,0.322,-1.5897,2.8088,-0.5539,2.4735,-1.9037,-2.0266,2.7377
-0.1661,1.4239,0.5363,0.3498,1.0527,-0.0845,1.2816,-0.2286,-1.877,2.9404,-0.2548,2.4425,-2.022,-1.8466,2.5976
-0.0982,1.5336,-0.426,0.0856,1.2009,-0.2828,1.3163,-0.5981,-1.5242,2.7927,-0.9722,2.2741,-1.7042,-1.3291,2.1551
-0.0476,1.3908,-0.7951,0.464,0.9533,-0.3045,1.4388,-1.3279,-1.0511,2.7946,-1.3671,2.4248,-0.8242,-1.4216,1.8907
-0.0285,0.9947,-1.1871,0.4096,0.6745,-0.4896,1.2594,-1.5427,-0.6563,2.7082,-1.6352,1.9226,-0.9464,-0.963,1.5665
0.0101,0.8932,-1.2627,0.6902,0.5104,-0.3063,1.0871,-1.6544,-0.3532,2.6082,-2.1242,1.758,-1.2767,-0.6088,1.3182
0.0676,0.4161,-1.4697,0.3738,0.424,-0.3317,0.9471,-1.7159,0.1804,2.3611,-2.3439,1.4065,-1.2755,-0.8148,0.8765
-0.0795,0.661,-1.8833,0.7581,0.4867,0.0601,0.8869,-1.4131,0.4068,2.056,-2.1092,0.973,-1.1283,-0.8285,0.5585
0.0134,0.9291,-1.3582,0.4126,0.3723,0.0951,0.7644,-1.4925,0.5631,1.6354,-2.1438,1.0846,-1.1108,-0.7424,0.5742
0.1112,1.0116,-1.0899,0.4271,0.3209,-0.087,0.8268,-1.7148,0.1061,1.5451,-1.9948,1.0343,-1.4221,-1.0387,0.4261
0.4991,0.955,-1.1803,0.342,0.325,0.0367,0.7655,-1.4818,0.2089,1.4321,-1.8345,1.2559,-1.6535,-0.8887,0.5396
0.135,1.1223,-1.7436,0.4408,0.5543,-0.1481,0.9038,-0.8236,0.4362,1.6291,-1.9314,1.2461,-1.5471,-0.9435,0.4555
0.0438,1.0007,-1.3007,0.2426,0.4667,-0.4268,0.7248,-1.0744,0.4269,0.9752,-1.8466,1.3491,-1.303,-1.3727,0.4181
0.4084,0.9181,-1.0371,0.2921,0.5822,-0.7493,0.7243,-0.8019,0.7529,1.0468,-1.9401,1.2513,-1.6807,-1.4116,0.7184
-0.1226,0.8014,-1.0016,0.3884,0.7906,-0.5252,0.6891,-0.5002,0.61,1.4955,-2.3637,0.8573,-1.9306,-1.7322,0.2438
-0.0668,0.4285,-0.3488,0.4785,0.8685,-0.4751,0.7824,0.2585,0.9602,1.2996,-2.0765,0.841,-1.9744,-2.0228,-0.6102
0.0366,0.5751,0.2555,0.5147,0.9232,-0.1516,0.6938,0.4582,0.5278,1.647,-1.4841,0.7992,-2.4043,-2.4121,0.2752
0.4438,0.9563,0.7187,0.5946,1.0051,0.2076,0.5905,0.5639,0.1582,1.6158,-1.0455,1.1369,-2.7738,-2.5395,0.3406
0.1599,1.3266,0.6836,0.3502,1.2383,0.0257,0.9335,0.5155,-0.1901,2.1477,-0.3547,1.4034,-2.8168,-2.4215,0.7631
0.1934,1.4451,0.7961,0.4986,1.1312,1.0906,0.927,-0.1636,-0.8018,2.2573,-0.1569,2.3931,-2.4163,-2.3139,1.0825
0.2395,1.5813,0.5078,0.5597,1.0539,-0.0447,0.8154,-0.4613,-0.8114,2.2199,-0.4155,2.7652,-1.9472,-1.954,1.4408
0.2466,1.6733,-0.0358,0.3039,1.5603,-0.2453,0.9196,-0.813,-1.0487,2.6534,-0.932,2.6978,-1.4223,-1.7362,1.6237
0.5575,1.492,-0.033,0.2246,1.2009,-0.5914,1.0963,-0.7818,-0.4463,3.0763,-1.3426,2.802,-1.9622,-1.7371,1.8191
-0.4136,1.4289,-0.6006,0.1717,0.9555,-0.0569,0.8725,-1.7077,-0.6838,3.1096,-1.4038,2.5154,-1.6558,-1.6257,2.1757
-0.0458,1.1679,-1.331,0.4008,1.0414,-0.1779,0.8127,-1.1144,-0.0782,2.7427,-1.3731,2.9172,-1.3108,-1.0355,1.9246
0.1615,1.0941,-1.6722,0.2312,0.7122,0.005,0.8807,-1.5244,0.1919,2.8784,-2.0428,2.2283,-1.403,-0.8306,1.2299
0.1488,0.9627,-1.2287,0.4027,0.5079,0.0178,0.8396,-1.2716,0.5808,2.2789,-1.8688,1.874,-1.2365,-0.7871,0.8669
0.0002,0.5985,-1.3633,0.5246,0.2841,-0.3248,0.9056,-1.2491,0.4319,2.0831,-1.9971,1.5953,-1.8794,-0.7372,-0.3456
0.2519,0.5849,-1.3756,1.174,0.1883,-0.1324,0.7729,-1.1003,0.9141,1.545,-1.835,1.3188,-1.7106,-0.714,0.117
0.0944,1.1295,-0.8758,0.656,0.2906,-0.115,0.6783,-0.8199,1.055,1.4919,-1.6966,1.1114,-1.5475,-0.6945,0.0267
0.0555,1.1577,-0.5205,0.1496,0.3622,-0.3482,0.5788,-1.1499,0.8059,1.2624,-1.8974,1.4739,-1.1875,-1.492,-0.037
0.2414,1.59,-0.4127,0.1301,0.4903,-0.5159,0.5341,-0.6917,0.5925,1.5246,-1.8523,1.5514,-1.2877,-1.4799,-0.0529
-0.001,1.5011,-0.1418,0.8598,0.6129,-0.4038,0.7515,-0.3708,0.4901,1.6439,-1.3828,1.726,-1.2682,-1.3177,0.3969
-0.1613,1.2672,-0.0855,0.4963,0.8781,-0.2687,0.5527,-0.5503,-0.0888,1.7725,-1.5087,1.4676,-1.7973,-1.4925,0.4475
-0.1061,1.4575,-0.0738,0.4012,0.9723,0.12,0.7669,-0.6344,-0.0736,2.0598,-1.6265,2.0263,-2.1177,-1.2497,0.156
-0.1537,1.7232,-0.0668,-0.4817,1.1901,0.0757,0.6698,-0.5323,-0.0131,2.2612,-2.0653,2.226,-1.9271,-1.2938,0.2648
-0.14,1.5131,0.0142,-0.1923,1.3186,0.033,0.8263,-0.3712,0.2108,2.1109,-2.3243,2.1474,-1.8922,-1.2839,0.246
0.1011,1.3718,0.0647,-0.0933,1.2233,-0.33,0.904,-0.3287,0.1564,2.3083,-1.924,1.6094,-1.9478,-1.473,0.6617
0.0073,1.2715,0.2403,-0.1041,1.0878,-0.4054,1.0147,-0.0276,0.1989,2.365,-1.7346,1.7902,-1.6966,-1.4885,0.4344
-0.0024,1.5969,0.9172,0.0277,1.144,-0.4875,1.0476,0.2085,-0.1434,2.4357,-1.4224,1.9633,-1.7755,-1.6162,0.8069
-0.0665,1.2357,0.6966,-0.0903,1.0829,-0.6121,1.0281,-0.2405,-0.5837,2.3504,-1.272,2.0648,-1.7745,-1.454,0.458
-0.4219,1.7071,0.2267,0.1883,1.1887,0.377,0.726,-0.4825,-0.5491,2.386,-1.4129,2.3797,-1.5861,-1.3325,1.2978
-0.3105,1.5318,-0.0796,0.1669,1.1492,-0.0672,0.8096,-0.2287,-0.3519,2.02,-1.2276,2.2281,-1.7591,-1.3286,1.0329
-0.0779,1.6759,-0.1439,0.2981,0.9364,-0.5264,0.8415,-0.3688,-0.2745,2.0272,-1.4718,2.176,-1.2431,-1.2298,0.6002
-0.1532,1.7227,-0.0941,0.1358,1.1774,-1.328,0.6078,-0.7739,-0.2866,2.2364,-1.6444,2.2543,-1.4525,-1.2852,0.6092
-0.3574,1.6734,-0.6317,0.4703,1.205,-1.0454,0.544,-0.5745,0.4483,2.347,-1.6526,2.0645,-1.7799,-1.0765,0.7
-0.1334,1.1243,-0.3654,0.5735,0.965,0.5659,0.9382,-0.9425,0.1199,1.9731,-1.5422,1.8006,-1.5844,-1.3219,0.3843
-0.0975,1.6854,-1.0228,0.9416,0.6764,0.2457,0.7528,-0.9186,0.0282,2.5539,-1.5773,1.8665,-1.4348,-1.3879,0.6026
-0.0879,1.5643,-0.9323,0.1731,0.599,0.3298,0.7472,-0.842,0.0838,1.9297,-1.826,1.8084,-1.4909,-1.2546,0.6849
-0.0672,0.9765,-0.6632,0.4492,0.6184,0.3811,0.566,-1.2968,0.3065,1.9603,-1.9197,1.7946,-1.4924,-0.9522,0.4707
-0.2797,1.4881,-0.7044,0.3124,0.6558,0.0424,0.5603,-1.2312,0.336,2.4639,-2.2324,1.5181,-1.3239,-1.291,0.5325
-0.04,1.1776,-0.4944,0.4236,0.6814,-0.3043,0.6155,-0.3768,0.7583,2.2505,-2.137,1.7176,-1.6558,-1.222,0.5343
-0.0839,1.2909,0.0418,0.43,0.6301,-0.6643,0.599,-0.1767,0.4021,2.2132,-2.0192,1.7709,-2.0857,-1.657,-0.3983
-0.175,1.4242,0.0852,0.3579,0.7487,-0.3678,0.6834,-0.4558,0.0731,2.141,-1.6298,1.7395,-2.3896,-2.0569,0.0247
0.0448,2.0213,0.1041,0.4185,0.7326,-0.1687,0.7309,-0.0837,0.1058,2.2505,-1.4336,1.8901,-2.2508,-1.9812,0.7713
0.1826,2.2099,0.4922,0.151,0.8312,-0.506,0.68,0.5241,0.4246,2.024,-1.4448,1.8866,-2.1083,-2.1203,0.5698
-0.0381,1.9261,0.2306,0.0715,0.8572,-1.0542,1.1778,0.4153,0.5236,1.7301,-1.6353,2.0554,-1.9461,-2.326,0.6021
-0.1858,1.762,0.66,0.0731,1.0211,-0.4789,1.0375,0.4669,0.1827,1.5626,-1.8097,2.075,-2.0741,-2.7248,0.3781
-0.8591,1.6428,0.3382,0.5196,1.2299,0.1257,1.0875,0.5063,0.0264,1.6862,-1.1799,2.1014,-2.2467,-2.8902,0.2417
-0.3384,1.3942,0.43,0.4808,1.2949,0.4178,1.1737,0.3423,-0.2758,1.5954,-1.1763,2.1936,-2.4548,-2.8883,0.4357
-0.376,1.5935,0.5479,0.6461,1.2701,0.1931,1.0684,0.3385,-0.3419,2.0406,-0.8849,2.2229,-2.2324,-2.7194,0.7525
-0.6434,1.4049,0.0405,-0.0864,1.2667,0.2041,0.9748,0.1507,-0.176,2.4635,-1.4326,2.4288,-2.234,-2.4645,1.0352
-0.4556,1.2862,0.3136,0.2638,1.1379,-0.0567,0.8733,0.0248,-0.0524,2.1614,-1.4779,2.3224,-2.5381,-2.5904,0.9627
-0.3683,1.3318,0.1953,0.7088,1.2638,0.0558,1.4707,-0.2302,-0.6068,2.2917,-1.4196,1.5143,-2.1687,-2.512,1.0602
-0.1711,1.3095,-0.2827,0.1911,1.099,-0.5676,1.3459,0.1316,-0.2181,2.2661,-1.6787,1.5395,-2.165,-2.4383,0.9574
0.0248,1.463,0.1303,0.4167,1.0676,-0.6085,1.2777,0.6541,0.5062,2.0333,-2.7347,1.6224,-1.9682,-2.319,0.3814
-0.0484,1.413,0.7014,0.5077,1.0963,-0.579,0.9547,1.0435,0.1216,2.0214,-2.3158,1.1766,-2.0994,-2.7687,0.6088
-0.2095,1.6442,1.0571,0.6931,1.2642,-0.5624,1.0854,1.4596,0.504,1.931,-1.3667,1.2336,-2.329,-2.628,0.487
-0.0445,1.969,1.7006,0.7221,1.2931,-0.7409,1.3447,1.079,0.3311,1.7069,-0.8445,1.145,-2.194,-3.1586,1.0684
0.1191,1.9587,1.8358,0.5029,1.3541,-0.4985,1.3574,0.8915,-0.7042,2.0087,-0.5784,1.5379,-2.0744,-3.4282,1.5097
0.1027,2.3598,1.514,0.1262,1.3586,-0.6134,1.2285,0.845,-0.8892,2.5411,-0.6507,2.2514,-1.8521,-3.052,1.572
0.1165,2.1364,1.1615,0.509,1.4714,-0.676,1.1847,0.3774,-0.7398,2.4294,-0.7293,2.6176,-1.6177,-2.1216,1.7302
0.038,2.32,0.9134,0.5624,1.5247,-0.413,1.454,0.1351,-0.7591,2.5331,-1.0934,2.581,-1.8406,-2.224,1.6812
0.0186,2.1493,0.8504,0.4559,1.45,0.0122,1.1317,-0.3602,-1.0462,2.5255,-1.2535,1.9265,-1.5351,-2.3103,1.6482
-0.0657,1.435,0.1522,-0.0748,1.3295,0.0649,1.4113,-0.6743,-0.8415,2.5918,-1.2474,2.0301,-1.4017,-2.0149,1.2923
-0.09,1.6407,-0.1406,0.3216,1.3358,-0.2128,1.2484,-1.0088,-0.3797,2.9545,-1.4611,2.2302,-1.2011,-1.5983,1.3168
-0.0677,1.2404,-0.7767,0.3268,1.0284,-0.5497,1.2842,-0.7524,-0.1667,2.6937,-1.754,2.1408,-1.4212,-1.2345,1.4923
-0.365,1.2064,-0.5258,0.3521,0.8284,0.0681,1.3281,-1.1231,0.113,2.6043,-2.2233,2.1102,-0.926,-1.3698,1.1264
-0.026,1.1267,-0.7928,0.3732,0.6157,-0.6354,1.3628,-1.2989,0.1436,2.4197,-1.9653,1.9622,-0.5321,-1.2064,1.2537
-0.0768,1.176,-0.748,0.2184,0.5665,-0.9163,1.2213,-1.1187,0.2405,2.2909,-2.0252,1.3343,-0.5876,-1.2727,1.3035
0.2284,1.0942,-0.5721,0.2315,0.561,-0.2664,1.2398,-0.8987,0.4123,1.8184,-2.2476,1.448,-0.966,-1.2051,1.2413
0.2282,1.3068,-0.5825,0.2778,0.7511,-0.3276,1.1159,-0.9247,1.0222,2.2484,-2.1817,1.9659,-1.0699,-1.1865,0.8834
-0.3505,1.0442,-0.5325,0.3681,0.8129,-0.1904,1.226,-0.7985,0.7981,2.1752,-2.0629,1.7186,-0.9628,-1.212,0.8931
-0.1613,1.2159,0.0071,0.4371,0.7494,-0.3928,1.062,-0.5428,0.4151,2.082,-2.0837,1.5668,-0.9658,-1.3721,0.8094
-0.1957,1.4081,0.126,0.3781,1.0252,-0.4945,1.057,-0.677,0.1026,2.1481,-2.2159,1.7081,-1.0171,-1.1162,0.6869
-0.2466,1.3554,0.3359,0.4423,1.0938,-0.8788,1.0139,-0.7118,-0.041,1.7963,-1.9144,1.7981,-1.2632,-1.3508,1.1378
-0.3604,1.1219,-0.3718,0.6583,1.012,-0.4639,1.059,-0.6486,-0.1992,2.3017,-1.9503,2.0226,-1.1321,-1.4365,1.2089
-0.1205,1.1781,-0.5721,0.6452,0.8862,-0.6084,0.927,-0.4991,-0.2117,2.4552,-1.9459,1.8591,-1.2581,-1.48,0.9001
-0.2532,1.1452,0.0267,0.5051,0.8592,-0.6131,0.9395,-0.3962,0.4219,1.972,-1.6136,1.5473,-1.7251,-1.4731,0.7405
-0.077,1.161,-0.0101,0.7801,0.8956,0.1209,0.9015,-0.6292,-0.2434,2.005,-1.4437,2.0034,-1.376,-0.9756,0.3173
0.416,1.8211,-0.0055,0.6019,1.109,0.0556,0.8179,-0.7981,-0.3167,2.3198,-1.1547,2.4469,-1.6675,-1.1415,0.8848
0.1117,2.0432,-0.3751,0.3285,0.9957,-0.1383,0.9822,-1.265,-0.5918,2.3463,-1.3515,2.3433,-1.2972,-1.1099,1.0001
-0.2075,1.6838,-1.0834,0.5171,1.0588,0.0376,1.1097,-2.0654,-0.6366,2.3013,-1.4126,2.1322,-1.0524,-1.1178,0.9705
-0.3719,1.3404,-1.6761,-0.2615,0.9819,0.3436,1.2026,-1.9458,-0.0635,2.3695,-2.2121,2.3261,-1.3422,-0.9962,0.8421
-0.2043,0.9074,-1.7791,-0.1952,0.6106,-0.0525,1.1336,-1.3587,1.3481,2.2785,-2.2553,2.2469,-1.72,-0.717,0.8923
-0.0251,0.9158,-1.6173,0.3967,0.3398,0.009,1.1148,-1.0561,0.9573,2.0403,-2.0492,1.7975,-1.302,-1.0109,1.015
0.0427,1.115,-1.2695,0.4557,0.3444,-0.0844,1.0186,-0.7048,1.026,1.9864,-2.1165,1.807,-1.1324,-1.2708,0.9623
0.0666,1.2317,-0.9158,0.6144,0.3251,-0.0913,0.8583,-0.7585,0.8072,1.5799,-1.9168,1.6694,-0.8593,-1.4983,0.6683
-0.226,1.2163,-0.7277,0.7853,0.1753,0.1816,1.0063,-1.0898,0.3492,1.6992,-1.8254,1.6376,-1.2277,-1.816,0.2455
-0.2077,1.3279,-0.7117,0.3342,0.3367,0.2915,0.6668,-1.0992,0.1276,0.467,-1.8874,1.8611,-1.7579,-1.8676,-0.3206
-0.2042,1.3614,-0.8603,0.3696,0.7822,0.2128,0.5226,-0.7284,0.4871,1.0973,-1.5855,1.5339,-1.7572,-1.8747,-0.3502
-0.2072,1.4228,-0.735,0.018,0.858,0.0836,0.8074,-0.7657,0.472,1.3388,-1.2732,1.4846,-1.9363,-1.9695,-0.081
-0.1013,1.6277,-0.4423,0.2227,0.8571,-0.0256,1.124,-0.6923,0.641,1.3568,-1.6749,1.9545,-2.0775,-2.1943,-0.0201
0.0406,1.4309,0.0505,0.1363,0.9367,-0.0953,1.025,-0.243,0.3447,1.4561,-1.6328,1.7136,-2.1657,-2.2274,-0.0301
0.1042,1.625,0.2304,0.1008,1.1683,0.1754,1.096,0.2275,0.3003,2.0496,-1.8296,1.4722,-1.9648,-2.5155,-0.0332
-0.1071,1.5958,0.2309,-0.1537,1.1718,0.3181,1.445,0.606,0.5647,1.9796,-1.6893,1.484,-2.0122,-2.8176,0.0189
-0.0347,1.6251,0.7431,0.0843,1.1699,0.5687,1.568,1.0098,0.7591,1.3756,-1.4291,1.5223,-1.6961,-3.2246,-0.4248
0.1037,1.6447,1.2817,-0.1354,1.471,-0.4203,1.4196,1.1241,-0.0619,1.5678,-1.3018,1.5012,-1.6375,-3.3814,0.1152
0.088,1.9468,1.5004,-0.5352,1.4481,-0.5205,1.5438,1.3735,-0.1213,1.8391,-1.3009,1.5721,-2.2844,-3.5704,0.1058
-0.2717,1.8725,1.349,0.1681,1.4925,-0.3311,1.4163,1.4158,0.0633,1.7758,-1.3024,2.0347,-2.0726,-3.5148,0.3317
0.0264,-0.1421,1.7811,0.7991,1.5524,-0.2514,1.5932,1.5337,-0.3429,1.8409,-0.764,1.8668,-2.2682,-3.4018,0.8853
-0.0702,1.2858,2.7404,0.6218,1.8914,0.1595,1.187,1.1856,-0.7631,3.5854,-0.3177,1.957,-2.2264,-3.6397,1.7723
0.0033,1.9169,1.8673,0.4189,1.6708,0.5166,1.5414,0.8285,-1.7184,3.4878,0.0722,2.7386,-2.3507,-3.4237,2.0534
-0.2288,2.1821,1.3674,0.2018,1.5656,0.0725,1.4753,0.6378,-1.4563,3.1826,-0.1808,3.0718,-1.9046,-3.1068,2.2602
-0.1851,1.921,1.0767,0.171,1.4348,0.0427,1.7622,0.0235,-1.2334,3.145,-0.3042,3.142,-1.6205,-2.6278,2.5144
-0.0526,1.9838,0.6856,0.4292,1.2664,0.1204,1.6357,-0.5814,-1.4435,3.0359,-0.7515,3.0608,-1.5773,-2.3417,2.6236
-0.4287,2.0128,-0.1423,-0.1335,1.1508,0.2986,1.8789,-0.9858,-1.4603,3.0503,-1.074,2.7129,-1.0646,-1.961,2.3846
-0.3175,1.4749,-0.6563,0.1006,0.9315,0.405,1.7921,-1.612,-0.6142,2.5709,-1.4561,2.7372,-1.1378,-1.3307,2.4762
-0.2316,1.4116,-0.9127,0.534,0.7758,0.2315,1.9492,-1.3836,-0.1566,3.0131,-1.916,2.5448,-0.9844,-0.9645,2.3174
-0.0665,1.0559,-0.9771,0.805,0.6325,0.8531,1.8648,-1.9788,-0.06,2.7148,-1.9156,2.0913,-1.0137,-1.1506,2.204
-0.1524,1.1086,-1.2507,0.7316,0.6323,0.2109,1.0498,-1.5508,0.5801,2.6841,-1.7726,2.483,-1.076,-0.8209,1.7591
-0.3207,0.9578,-1.2089,0.6846,0.2788,0.25,1.2101,-1.9699,0.261,2.5514,-1.7476,2.1851,-0.7577,-0.8989,1.2469
-0.1255,0.8383,-1.6361,0.9502,0.273,0.2207,1.1448,-1.8722,0.5922,1.8749,-1.6903,1.8374,-0.8569,-0.6205,0.8732
-0.1824,1.041,-1.5478,0.5629,0.3858,-0.3839,0.7716,-1.6597,0.4231,1.7184,-2.2295,1.7828,-0.7458,-0.7229,0.5726
-0.1617,0.9531,-1.1272,0.766,0.2908,-0.2699,0.8822,-1.2654,0.853,1.58,-2.1413,1.1119,-1.0695,-0.9109,0.2743
-0.303,0.9598,-0.6393,0.5957,0.233,0.052,1.0904,-1.0563,1.0592,1.2362,-1.9245,0.9789,-1.194,-1.2237,0.153
-0.1481,0.8377,-0.2964,0.6782,0.3121,0.3248,0.7828,-0.9551,0.5819,1.0363,-1.6747,0.9292,-1.3369,-1.8979,0.0272
-0.3077,1.0447,-0.2564,0.6818,0.6269,0.3416,0.9097,-0.5965,0.3691,1.1863,-1.8358,1.4096,-1.7977,-2.0538,-0.5074
-0.1103,0.8765,0.0515,0.4313,0.576,0.4317,1.1227,-0.3433,0.5229,0.9914,-1.5265,1.6053,-1.5571,-2.5989,-0.4822
-0.0738,0.8994,0.3896,0.7619,0.8232,0.5834,1.2815,-0.3137,0.4894,1.2992,-1.0311,1.3187,-1.4782,-2.6887,0.1415
0.0962,0.972,0.1912,1.2332,0.9437,0.2605,1.3245,-0.2513,0.1034,1.7065,-0.711,1.8015,-1.5899,-2.8617,0.4762
-0.065,1.3995,-0.1384,1.0062,1.0797,0.3513,1.446,-0.3552,-0.1505,2.1942,-1.1415,2.3478,-1.4648,-2.7792,0.9578
-0.5001,1.0759,-0.0146,0.9998,1.0351,0.5818,1.4819,-0.5355,-0.2844,1.9752,-1.0666,2.6751,-1.3299,-2.832,1.2127
-0.2098,0.8677,-0.3057,0.6164,1.0525,0.8453,1.4904,-0.7191,-0.3783,2.2676,-1.1698,2.6837,-1.579,-2.6601,0.8717
-0.2573,0.8872,-0.1024,0.6197,0.8663,0.4618,1.4025,-0.337,-0.337,2.4485,-1.0217,2.2383,-1.7009,-2.0342,1.1837
-0.1833,0.9629,-0.0787,1.0061,0.596,0.3682,1.3308,-0.7437,-0.7409,2.4637,-0.9654,2.2419,-1.7207,-1.6492,1.2859
-0.1826,1.0879,-0.6437,1.1429,0.7336,0.4069,1.1412,-0.9573,-0.7742,2.6276,-1.3839,1.9396,-1.8189,-1.1667,1.2603
-0.0485,0.9626,-0.4141,0.7336,0.7769,0.5992,1.2853,-0.8812,0.2431,2.3281,-1.4034,1.4779,-1.8721,-0.8592,0.9646
-0.1797,0.612,-0.3126,0.4825,0.7033,0.4812,1.2767,-1.4145,-0.1607,2.3591,-1.3803,1.6323,-1.2861,-1.1663,1.0634
-0.3658,0.7488,-0.5933,0.3561,0.8382,0.2467,1.226,-1.6157,0.1942,2.7301,-1.3326,1.6239,-1.2325,-1.1869,1.3341
-0.1314,0.8796,-0.8198,0.3235,0.734,-0.0373,0.9729,-1.412,0.3845,2.5099,-1.8581,1.7395,-1.3684,-1.2979,1.3636
0.0278,0.6587,-0.5601,0.6396,0.4418,0.1092,1.0617,-0.7551,0.6222,2.2662,-1.6872,1.7485,-1.3175,-1.737,1.0516
-0.0667,0.885,-0.2606,1.4335,0.6056,0.2261,1.0549,-0.5023,0.8125,1.9843,-1.3594,1.8474,-1.7632,-1.8788,0.7817
-0.2984,0.8748,0.4321,0.9135,0.596,0.4703,1.01,-0.5847,0.206,2.1014,-1.0941,1.4538,-1.9382,-2.4327,0.6501
-0.0766,1.1059,0.6414,0.9257,0.5923,-0.2878,1.2034,0.0164,0.1592,1.984,-1.1677,1.6531,-2.0564,-2.4034,0.4736
0.1723,1.1907,1.1249,0.8272,0.6636,-0.0412,0.99,0.2006,-0.1522,1.5806,-0.9257,1.752,-2.0905,-2.8554,0.2328
-0.0627,1.3446,0.9254,0.6616,0.9408,0.0399,0.9675,0.7279,-0.4932,2.1795,-0.6917,1.9849,-2.2816,-2.7844,0.7953
-0.1413,1.4207,1.0139,-0.0873,0.8942,0.0976,0.9831,0.1827,-0.7911,2.275,-0.7847,2.1831,-2.0031,-2.7042,0.9207
-0.1303,1.8345,0.9484,-0.0938,1.0152,0.3139,1.118,-0.329,-0.9724,2.2523,-0.8661,2.0753,-1.9912,-2.4743,1.0457
0.0389,1.5333,0.5198,-0.2171,1.1211,0.332,1.0684,-0.2671,-0.8787,2.0743,-1.2021,2.2876,-1.7523,-2.3018,0.938
-0.0131,1.7111,0.246,-0.2009,0.9709,0.8694,1.4661,-0.4835,-0.373,2.5224,-0.774,2.2267,-1.5999,-2.3934,1.1995
0.1256,1.2676,0.0536,0.0631,0.5317,1.217,1.4579,-1.1798,-0.4585,2.2324,-0.7302,2.3046,-1.2278,-2.4025,1.3386
0.0612,1.4026,-0.3403,-0.2267,0.5675,1.0562,1.3895,-0.9891,0.0057,2.4351,-1.3777,2.5508,-1.0697,-1.7858,1.6374
0.1818,1.3035,-0.269,0.0489,0.3771,0.8681,1.1142,-1.6686,-0.0525,2.2259,-1.2265,2.2138,-0.8616,-1.7343,1.7682
0.2541,1.049,-0.9118,0.0688,0.3973,0.6723,1.2104,-1.8873,-0.3249,2.2651,-1.4103,2.2339,-1.0112,-1.4634,1.4741
0.2161,0.7941,-1.1057,0.3731,0.4099,0.3383,1.3137,-1.7117,0.2478,2.3877,-1.8003,1.9741,-1.0197,-0.9621,0.994
0.2433,0.5232,-1.2736,0.9833,0.2984,0.317,1.3016,-1.5601,0.8162,2.4196,-1.7158,1.6337,-0.7238,-0.9823,0.9597
0.3104,0.9347,-0.9786,0.5109,0.1993,0.3006,1.0981,-2.1362,0.387,2.3602,-1.8754,1.5456,-0.4933,-1.4177,1.2451
-0.118,0.9157,-1.3892,0.4071,0.1625,0.0684,1.2316,-1.9231,0.4576,2.3516,-2.0208,1.5888,-0.7748,-1.0291,0.9337
-0.284,0.7029,-1.4369,0.509,0.0778,0.5117,1.1778,-2.1824,0.7309,1.8201,-2.0757,1.3906,-0.9424,-1.0432,0.1645
-0.0039,0.6935,-1.426,0.606,-0.1764,0.4627,1.3796,-2.5535,1.6844,1.064,-1.7334,1.1614,-0.6933,-1.2873,-0.2121
-0.001,0.7083,-1.2667,0.319,-0.0565,0.4093,1.1472,-2.0383,1.4711,0.8818,-1.9735,1.2033,-0.7788,-1.575,-0.644
-0.0681,1.5737,-0.9805,0.5352,0.0202,0.1885,1.1007,-1.5108,1.3662,0.8638,-1.8108,1.1192,-0.9601,-1.9655,-0.5348
-0.0926,0.8615,-0.8518,0.8592,0.1406,0.179,1.0166,-0.9212,1.5707,0.5958,-1.3807,0.9869,-0.7317,-2.2109,-0.4318
0.0683,1.0743,0.0069,0.3514,0.2822,0.045,1.1665,-0.9425,1.0031,1.066,-0.8398,1.1781,-0.521,-2.6373,-0.2656
-0.1978,1.1761,0.9443,0.3026,0.5418,0.1669,1.1629,-0.6404,0.4855,1.306,-0.7272,1.6191,-0.7614,-2.831,0.3662
-0.0382,1.4149,0.7524,-0.5241,0.859,0.1774,1.2932,-0.2784,-0.0111,2.1313,-0.8354,1.9363,-0.7811,-2.6814,0.357
0.0409,1.5783,0.894,0.0079,0.7075,0.3057,1.5814,-0.5359,-0.1324,2.3596,-0.9765,2.1008,-1.0062,-2.4569,0.9759
-0.1575,1.5562,0.4494,0.5733,0.8151,0.1789,1.6285,-0.3107,-0.2252,2.3577,-0.7584,1.9283,-1.3621,-2.2854,1.2088
-0.2818,1.2901,0.0708,0.4575,-0.0739,-0.0071,1.4343,-0.5557,-0.3407,1.8861,-0.5991,2.1779,-0.868,-2.5052,1.396
-0.5565,1.3372,0.183,0.3443,0.1233,0.7188,1.1312,-0.8078,-0.1417,1.5325,-0.2412,2.1669,-0.8954,-2.2072,0.4133
-0.2933,1.5298,0.1342,-0.2105,0.0326,0.6691,0.9827,-1.1369,-0.1757,1.3779,-0.7193,2.2097,-0.6231,-1.806,0.947
-0.3556,1.2094,-0.2113,-0.0789,0.3176,0.1254,0.7073,-1.4087,-0.107,1.4476,-1.1787,2.1922,-0.888,-1.346,0.5239
-0.5391,1.281,0.2978,0.1638,0.2698,0.2672,0.8433,-1.3599,0.1751,1.6025,-1.3194,2.34,-0.3341,-1.2298,0.4667
-0.2309,1.1882,-0.241,0.2768,0.4669,0.6125,1.0605,-1.5372,-0.2652,1.5176,-1.0986,1.7866,-0.2826,-1.4096,0.4409
-0.2777,1.2639,-0.8029,0.3441,0.5016,0.7605,1.1279,-1.9915,-0.2994,2.0565,-1.2218,1.8075,-0.601,-1.5521,0.7778
-0.4539,0.9123,-0.9458,0.5911,0.225,0.7632,1.1709,-1.8018,0.2268,2.2821,-2.0577,1.4916,-0.7404,-1.2142,0.4976
-0.7728,0.7958,-1.4658,0.7219,0.1031,0.595,1.4055,-1.3889,0.7403,1.8988,-1.8561,1.0206,-0.7824,-1.2972,0.3648
-0.5439,1.2431,-1.0854,0.4176,-0.161,1.0056,0.9344,-1.486,1.199,1.5885,-1.9902,1.0285,-0.3739,-1.6614,0.4657
-0.6484,0.8157,-1.01,-0.0934,-0.0445,1.042,0.9868,-1.4428,1.1811,1.2702,-2.2816,1.0339,-0.519,-2.0623,-0.1206
-0.5338,0.812,-0.9133,0.4642,0.1123,0.1477,0.7993,-0.5833,1.0775,1.3167,-2.5242,0.8989,-0.79,-2.1269,-0.3671
-0.5907,0.3874,-0.0434,1.2149,-0.0002,0.4305,0.9163,0.0955,1.5695,1.2689,-1.3735,0.4652,-1.1045,-2.5609,-0.4064
-0.1475,0.8057,0.6512,1.2125,0.1377,0.7387,1.0705,-0.1891,0.8578,1.3786,-0.9085,1.1106,-1.2228,-3.4017,-0.1045
-0.6502,1.1414,0.6127,0.9167,0.501,0.8256,0.6972,-0.5306,0.138,1.8806,-0.4312,1.3841,-1.0599,-3.414,0.4186
-0.0849,0.7827,0.4032,0.5426,0.5715,-0.0204,0.7493,-0.2762,-0.1068,2.0714,-0.5332,1.5979,-1.1079,-3.2123,0.9382
0.0951,1.659,0.6443,0.4623,0.4797,0.387,0.8931,0.8314,0.3735,2.4275,-1.4018,2.0579,-1.7598,-3.1937,1.1204
-0.136,1.3757,1.2725,0.3416,0.3361,0.0683,1.0193,0.9113,0.0011,2.2366,-1.2338,1.8482,-1.7474,-3.5485,1.1897
-0.4013,1.2005,1.3682,0.3524,0.6024,0.9442,0.948,0.9374,-0.1401,2.044,-0.8984,1.5562,-1.4393,-3.6873,1.135
-0.3579,1.1102,1.4543,0.4498,0.6917,0.8244,1.1009,1.0696,-0.3315,2.1951,-0.8237,1.5853,-1.4282,-4.4348,1.1064
-0.2521,1.8204,1.907,0.3568,0.6702,0.6572,1.3792,1.3996,-0.213,1.9352,-0.3686,1.8131,-1.7394,-4.37,1.119
-0.3262,1.735,2.3032,0.0988,0.9142,0.8159,1.333,0.9251,-0.7518,2.0592,-0.3439,2.1019,-1.3218,-4.4581,1.5368
-0.1413,1.5383,1.9229,-0.5701,1.0383,0.8422,1.2804,0.8076,-1.0371,2.3525,-0.9031,2.1915,-1.6623,-4.1428,1.7047
-0.1293,1.3985,1.5122,-0.5392,1.1831,0.6747,1.2721,0.8245,-0.8719,2.6942,-0.9013,1.9907,-1.3066,-3.8023,2.5853
-0.4454,1.2459,1.5685,-0.1852,0.9232,0.4453,1.2043,0.462,-1.1192,3.2115,-0.6259,2.0198,-0.7754,-3.7359,2.6543
-0.3151,1.3156,1.116,0.1318,0.6616,0.5256,1.2493,0.1231,-1.2573,2.8961,-0.4612,2.2183,-0.6836,-2.9673,2.4538
-0.4858,1.165,0.5383,0.3255,0.73,0.715,1.0282,-0.5552,-0.6715,2.9406,-0.4682,2.1789,-0.6459,-2.478,2.5033
-0.2051,1.2821,-0.07,0.3991,0.6697,0.765,1.1495,-1.1067,-0.9697,3.1549,-0.8373,2.3075,-0.0864,-2.3044,3.2365
-0.4959,1.3709,-0.6297,0.2237,0.4908,0.8035,1.2714,-1.4545,-0.5293,3.3517,-1.1258,2.0898,-0.3381,-1.8613,3.0922
-0.3892,0.6257,-0.4013,0.3826,0.2871,0.5944,1.1513,-1.6537,-0.3133,3.0674,-1.0059,1.879,-0.1299,-1.5864,2.5624
0.1339,0.5042,-0.2198,0.7048,0.1423,0.3015,1.0523,-1.845,-0.1523,3.1391,-0.4947,1.8131,-0.1256,-0.7612,2.4088
-0.2138,0.8677,-0.9564,0.4026,-0.1084,0.2415,1.1457,-2.4393,-0.4093,3.1123,-1.125,1.6978,-0.1158,-0.5523,2.307
-0.3095,0.7659,-1.7388,0.2362,-0.1813,0.3545,1.2563,-2.2876,0.202,2.8193,-1.4697,1.7574,0.1378,-0.0847,1.7174
0.0259,0.4572,-1.666,1.0723,-0.356,0.5948,1.1728,-2.7443,0.5754,2.3696,-1.2274,1.496,0.4578,-0.0322,1.5969
-0.1649,0.6168,-1.9823,0.8743,-0.4319,0.4164,0.9628,-2.8709,0.3836,2.6418,-1.5503,1.3022,0.4275,-0.1728,1.1211
-0.1969,0.5486,-1.9871,0.8256,-0.4347,0.1086,1.1108,-2.9057,0.5688,2.4072,-1.7658,1.2531,0.3241,-0.0842,0.5212
-0.1053,0.019,-2.0342,0.8066,-0.2973,-0.281,0.7742,-2.6173,1.0171,2.021,-1.9233,1.2278,0.307,-0.1456,0.5842
-0.4199,0.0548,-2.0055,1.4403,-0.4181,-0.0301,0.7897,-2.7539,1.1803,2.3305,-1.773,1.0096,-0.0391,-0.3038,0.6343
-0.4724,0.1158,-2.1235,1.0118,-0.4334,0.0323,0.6538,-2.497,0.7698,2.0789,-1.6784,1.3212,0.2312,-0.6814,0.8481
-0.3873,0.3021,-2.0035,0.8327,-0.4677,0.3327,0.5841,-2.5988,1.2561,1.9348,-2.0449,1.2529,0.0035,-0.837,0.4895
-0.0997,0.1941,-2.0456,0.5079,-0.5743,0.0147,0.563,-2.0935,1.2052,1.5647,-2.1562,1.1356,-0.1778,-0.8069,0.3084
0.0409,0.2161,-1.3614,0.2242,-0.3704,-0.1856,0.3131,-2.0011,1.2238,1.4207,-2.2539,0.9295,-0.2967,-1.158,-0.1152
-0.3513,0.5927,-1.1797,0.4353,-0.1001,-0.1948,0.2022,-1.4432,1.0842,1.5736,-2.8515,0.9614,-0.505,-1.4859,-0.9153
-0.251,0.2856,-0.759,0.4042,0.0605,0.0405,0.3625,-1.4077,1.0088,1.2797,-2.6131,0.5609,-0.7285,-1.7074,-1.1007
0.0651,0.3941,-0.4269,0.2504,0.1642,-0.258,0.4552,-0.6929,0.8632,1.2212,-2.1932,0.3034,-1.835,-1.798,-0.175
0.485,0.233,0.0063,0.3653,0.7217,-0.5122,0.5277,0.3905,1.0729,1.5546,-1.8185,0.5297,-2.1217,-2.1897,-0.1679
0.0561,0.6097,0.7375,0.6229,0.7245,-0.2551,0.9228,0.9961,0.766,2.0054,-0.8336,0.4639,-1.8228,-2.8555,0.0147
-0.0283,0.804,1.6899,0.3482,0.77,-0.1325,1.2649,0.8663,0.1911,1.9578,-0.4306,1.1246,-1.3815,-3.6348,0.609
-0.4298,1.2439,1.606,-0.0193,1.0369,0.0758,1.2799,0.7039,-0.5077,2.0079,-0.2592,1.6693,-1.4259,-3.4485,1.0777
0.0644,1.2701,1.2569,0.2172,0.997,-0.3172,1.4043,0.5409,-0.9784,2.1309,-0.4182,2.0555,-1.9069,-3.568,1.4257
-0.1807,1.3664,0.9027,0.2725,1.0632,0.1535,1.6917,0.4149,-0.7549,2.6166,-0.5474,1.9867,-1.3587,-3.4234,1.8054
-0.3673,1.1265,0.8238,0.3641,0.8897,-0.1394,1.5175,0.7644,-0.5302,2.4339,-0.5099,1.665,-1.0481,-3.1197,2.154
-0.1986,1.1888,1.094,0.3091,0.9376,-0.088,1.3245,0.2308,-0.6766,2.4715,-1.2029,2.087,-0.9801,-3.2771,2.034
-0.2725,1.2046,0.7125,-0.0549,0.9473,0.4937,1.5556,0.3774,-0.794,2.6418,-1.4465,2.1331,-0.7276,-2.9446,1.75
-0.4072,1.0029,0.8299,0.083,0.7316,0.3333,1.3395,0.3595,-0.8016,2.5032,-1.014,1.9694,-0.2567,-2.7807,2.086
-0.476,1.1097,0.7121,0.0016,0.5548,0.2113,1.3593,-0.2009,-0.8487,2.6043,-0.6955,1.7761,-0.2433,-2.4645,2.1416
-0.6321,1.8339,0.4015,-0.6656,0.8234,-0.2516,1.3962,-0.4104,-0.8771,2.7084,-1.2065,1.8073,-0.4301,-2.0101,2.2128
-0.5843,1.0658,0.6431,-0.1597,0.7295,0.3802,1.5955,-0.4009,-0.5794,2.2095,-1.1173,1.8817,-0.3307,-1.9114,2.0806
-0.7438,1.0416,0.3406,-0.0284,0.8713,0.1928,1.2238,-0.931,-0.9491,2.5789,-0.9451,2.1391,-0.3876,-1.6832,2.1751
-0.7432,1.0255,-0.3076,-0.0726,0.9146,0.1294,1.1204,-1.4384,-1.1501,2.8803,-1.324,2.1618,-0.5625,-1.5342,2.0047
-0.6228,0.7851,-1.0586,-0.0578,0.8412,0.5463,1.1387,-1.8656,-0.8716,2.6734,-1.0352,2.0783,-0.1452,-1.1617,1.6734
-0.5828,0.4702,-1.2974,0.2011,0.5364,0.5478,1.1327,-2.5599,-0.4508,2.6626,-1.6423,1.9807,0.1943,-0.825,1.7871
-0.4754,0.5718,-1.7954,0.2251,0.4561,0.49,1.2647,-2.4655,0.4978,2.1289,-2.2117,1.5625,0.3769,-0.4541,1.0473
0.0638,0.1802,-1.7266,0.6129,0.2909,-0.255,0.81,-1.9688,0.514,2.1261,-1.7681,1.0347,0.1804,-0.3983,1.3513
-0.1829,0.7476,-1.6218,0.0928,0.1007,0.0042,0.7143,-1.6892,0.9487,2.4257,-2.1676,0.8266,0.2692,-0.6734,1.1114
-0.6489,0.3977,-1.3677,0.2052,0.0419,0.1593,0.8521,-1.6965,0.8161,2.1315,-2.3039,0.735,-0.1274,-0.7907,0.4159
-0.3856,0.661,-1.2746,0.4771,0.1502,0.1428,0.9171,-1.4225,0.8712,1.8556,-2.1209,0.3564,0.0562,-1.1082,0.5696
-0.5149,1.0229,-1.2617,0.2512,0.2769,0.2164,0.7835,-1.6436,0.7175,1.65,-1.8155,0.4743,0.2785,-1.8445,0.0728
-0.5636,0.8895,-0.9675,0.2018,0.292,0.6399,0.7312,-1.1461,0.9821,1.157,-1.904,0.6896,-0.1258,-1.81,-0.7849
-0.5433,0.7121,-0.6886,0.5695,0.352,0.5509,0.61,-1.1147,0.7091,0.9957,-1.7517,0.6448,-1.0232,-2.1699,-0.5124
-0.3916,0.575,-0.2632,0.6949,0.5954,0.026,0.5518,-0.335,0.8913,1.1439,-1.4878,0.772,-1.0911,-2.4694,-0.0206
-0.4958,0.6734,0.1185,0.5122,0.5687,0.1034,0.6132,0.0187,0.6697,1.4512,-0.8409,0.8563,-1.4131,-2.7954,0.3536
-0.6551,0.8637,0.9314,0.6531,0.7025,0.4974,0.7541,0.1708,0.1303,1.3321,-0.841,0.9913,-1.1089,-3.3156,1.4416
-0.6924,1.1672,0.4029,0.5808,0.8986,0.5096,0.8558,-0.0482,-0.4333,1.8801,-0.3912,1.404,-1.1682,-3.4094,1.3614
-0.7188,1.1382,0.0005,0.3769,0.9415,0.3248,1.0598,-0.0168,-0.2767,1.8613,-0.4918,2.0909,-1.3087,-3.2636,1.0779
-0.8197,1.1658,0.1853,0.8093,0.8563,0.4339,0.9382,0.1754,-0.1832,1.7571,-0.2672,2.001,-1.4116,-3.4753,1.3969
-0.5549,1.1779,0.1475,0.6267,0.9622,0.5979,0.8747,0.1204,-0.4921,1.8258,-0.6708,2.0527,-0.9955,-3.775,1.0257
-0.2868,0.9441,0.2704,0.5984,1.139,0.5817,0.9994,0.3855,-0.3167,1.8265,-0.7462,2.2544,-1.0124,-3.6758,1.0653
-0.398,1.0227,0.6076,-0.4901,1.0113,0.6116,1.1786,0.536,-0.3851,2.1329,-1.6048,2.3795,-0.5368,-3.9085,1.1226
-0.5552,0.7467,1.4318,0.3233,0.8746,0.6959,1.2017,0.6523,-0.3637,2.3029,-1.0234,2.1161,-0.7317,-3.6725,1.1788
-0.499,0.9792,1.2895,0.5731,1.1453,0.5877,1.0988,0.8071,-0.7537,2.5862,-0.2936,2.0468,-0.8081,-3.3154,1.7755
-0.5192,1.1767,1.2222,0.6321,1.2118,0.6461,1.0515,0.2104,-1.1659,2.8301,-0.729,2.2588,-1.1451,-3.2333,2.2174
-0.3731,1.0232,1.1179,0.621,0.9723,0.7573,1.2483,0.3907,-0.8713,2.7808,-0.1156,2.1265,-0.961,-2.8742,2.4478
-0.5078,1.1432,1.0385,0.6568,0.9044,0.7959,1.144,-0.1611,-1.0354,3.0055,-0.1604,2.207,-0.7122,-3.1217,2.5159
-0.3634,1.2585,0.9465,0.6609,0.8425,0.5343,1.0986,-0.4199,-0.9015,3.1318,-0.2135,2.3449,-0.6382,-2.9619,2.9005
-0.3536,1.6408,0.6659,0.146,0.6481,0.6138,1.4659,-0.3852,-1.1054,3.0408,-0.581,2.4305,-0.6386,-2.713,2.865
-0.2887,1.4321,0.3319,-0.1559,0.4594,1.3402,1.5811,-0.971,-1.1596,2.757,-1.0817,2.1481,-0.4499,-2.1713,2.8046
-0.52,1.1729,-0.1283,0.3436,0.5074,1.0649,1.3727,-0.9343,-0.3278,2.7275,-1.4514,1.9469,0.0772,-1.51,2.1723
-0.2482,1.1989,-0.2237,0.3778,0.2817,0.8726,1.1968,-1.3173,-0.3713,2.5373,-1.5058,1.6094,0.2186,-1.4377,2.3172
-0.8857,0.7169,-0.5244,0.5391,0.2105,1.3446,0.88,-1.7363,-0.446,2.3901,-1.4214,1.27,-0.1519,-1.211,1.9149
-0.6646,0.6744,-1.0453,0.7417,0.8983,1.457,0.7108,-2.1099,-0.2204,2.5964,-1.6391,1.2649,-0.1938,-0.6821,1.6509
-0.6925,0.6858,-1.0689,0.7332,0.5405,0.9949,0.7445,-2.2927,0.0371,3.0005,-1.5845,0.9782,0.2478,-0.5992,1.7591
-0.7382,0.7037,-1.3365,1.2119,0.1354,1.1228,0.5919,-2.8381,0.4247,2.644,-1.6842,0.9523,0.6847,-0.597,1.7178
-0.5132,0.4873,-1.5363,1.0877,-0.1829,1.6809,0.637,-3.0985,0.4485,2.3319,-2.7256,1.0821,0.9723,-0.6352,1.0578
-0.3699,0.2822,-1.452,1.2649,-0.2436,0.7128,0.6293,-2.6273,0.6048,2.3005,-2.3897,0.5897,0.8582,-0.4409,0.7616
-0.4174,0.2212,-1.7739,0.8926,-0.2235,0.5573,0.6133,-2.3311,0.9287,2.1854,-2.3044,0.4746,0.3097,-0.6393,0.3813
-0.573,0.3515,-1.6219,1.179,-0.3794,0.3833,0.429,-1.9591,1.3828,1.8878,-1.782,0.5559,0.4422,-0.7575,0.462
-0.5458,0.8212,-1.0562,1.064,-0.246,0.1251,0.3309,-1.9626,1.0879,1.4186,-1.8277,0.9401,0.0641,-1.2074,0.3
-0.236,0.669,-0.7932,0.9663,0.0704,0.2457,0.1338,-1.8007,1.0539,1.2007,-1.7419,0.9213,0.2905,-1.5758,0.2833
-0.4726,0.8126,-0.4423,1.1476,0.1164,0.486,0.219,-2.063,0.4263,1.3735,-1.5235,0.9798,-0.0182,-2.0461,-0.0031
-0.589,0.9597,-0.7876,0.9195,0.1964,1.4153,0.6757,-1.7427,0.3776,1.5989,-1.2186,1.0441,-0.2131,-1.9488,0.13
-0.4857,0.7587,-0.5512,0.8774,0.2503,0.9392,0.5489,-1.7129,0.4916,1.4493,-1.8483,1.2926,-0.1164,-1.9367,0.432
-0.2662,0.7366,-0.4906,0.8403,0.3358,0.0586,0.4845,-0.7,0.9629,1.5423,-1.3554,1.1852,-0.2,-1.9868,0.2152
