x0,x1,x2,x3,x4,x5,x6,x7,x8,x9,x10,x11,x12,x13,x14
-0.1893,0.5398,2.2912,-0.2599,0.9136,-0.2519,0.2408,4.0141,0.2268,-1.1033,0.9853,-0.4504,-2.2212,-3.3096,-1.2635
-0.3112,1.0762,2.8564,-0.4342,0.9232,-0.0408,-0.1455,4.9652,0.3407,-0.6344,1.1463,0.2873,-1.7956,-3.7367,-0.379
-0.2904,1.257,3.5505,-0.6148,1.0937,0.1442,-0.0774,4.9725,-0.3152,-0.7536,1.3543,0.6398,-2.0656,-4.3365,-0.1564
-0.3132,1.3201,4.4478,-0.7699,1.2339,0.3092,-0.1314,4.7712,-0.9135,-0.7689,1.725,0.8439,-1.661,-4.6576,0.1777
-0.3059,1.4914,4.5824,-0.6249,1.6864,0.1504,0.0368,4.472,-2.2493,-0.594,2.2935,1.2586,-1.9781,-4.836,0.5915
-0.083,1.7236,3.9331,-0.73,1.6766,0.013,0.2808,4.3618,-2.2963,0.6004,2.5993,2.1142,-1.7301,-4.3779,1.4172
-0.086,2.0763,3.8193,-1.0041,1.4855,0.2286,0.4505,3.7757,-2.216,1.0487,2.4876,2.5018,-1.3485,-4.0982,2.7103
-0.1742,2.1863,3.8151,-0.7696,1.2536,-0.0153,0.3443,2.7649,-2.5884,2.275,2.5885,2.5674,-1.0157,-3.5471,3.4792
0.0406,2.035,3.0349,-0.7088,1.1165,-0.3817,0.5024,2.718,-2.5403,1.9872,2.1373,2.6413,-1.0301,-2.625,3.472
-0.0567,1.7659,2.319,-0.316,1.1613,0.0284,0.1571,2.15,-2.3117,1.5407,1.8284,2.3136,-0.6814,-2.2814,3.3261
-0.3352,1.4429,1.857,-0.6402,0.8689,-0.1908,0.3442,1.5017,-2.2202,1.8031,1.8965,2.0774,0.1577,-1.3517,3.364
-0.3453,1.2738,1.2886,-0.9529,0.7688,0.0471,0.3905,0.8159,-1.9615,2.0639,1.1602,1.8178,0.2718,-1.0467,3.2603
-0.2813,1.1341,0.6828,-0.7044,0.3197,0.6749,0.354,0.8982,-0.694,2.3879,0.7128,1.659,0.0742,0.1196,3.3034
-0.3718,0.8659,0.4916,-0.5723,0.0013,0.2946,0.1687,0.2485,-1.3865,1.9399,0.6465,1.2243,0.245,0.3841,2.9462
-0.3414,0.8462,0.2797,-0.5837,-0.0964,-0.05,-0.236,-0.4312,-1.122,1.3955,0.2707,0.8655,0.4975,0.2489,2.4805
-0.1684,0.5676,-0.3901,-0.7785,-0.2581,-0.1789,-0.0827,-0.2906,-0.228,1.836,-0.1482,0.4314,0.3419,1.1555,2.2516
-0.4218,0.5032,-1.1001,-0.2102,-0.482,0.0118,-0.262,-0.7599,0.2258,1.1924,-0.3381,0.1937,0.6694,1.4462,1.2856
-0.3807,0.0657,-1.3399,0.0553,-0.4664,0.2816,-0.3641,-0.805,0.8001,0.4847,-0.3425,-0.1218,0.4902,1.8867,1.023
-0.3971,0.2028,-0.7298,0.1211,-0.321,0.3815,-0.2338,-1.4939,0.2229,0.9253,-0.3206,-0.4914,-0.3208,1.5424,0.7964
-0.3547,0.154,-1.6517,0.1081,-0.4373,0.6395,-0.5964,-1.5623,0.1423,0.531,-0.3302,-0.6433,-0.0454,1.4849,0.672
-0.0854,0.0945,-2.094,0.0059,-0.7605,0.557,-0.508,-1.5707,0.6969,0.1208,-0.5722,-0.486,0.2105,1.3877,-0.1398
-0.0066,-0.0818,-1.9712,0.5899,-0.8325,0.0595,-0.5021,-0.7759,1.5475,-0.2321,-0.3912,-0.5372,0.1627,1.3799,-0.2371
0.0105,-0.0808,-1.2797,0.1318,-0.8981,-0.0423,-0.3564,-0.7531,1.1175,-0.2881,-0.3626,-0.6523,0.431,0.7864,-0.2603
-0.1178,0.293,-1.3177,-1.1986,-0.7694,-0.2196,0.0933,-0.2391,1.3163,-0.4421,-0.8401,-0.7916,-0.0693,0.6023,-1.0134
-0.045,0.11,-0.658,-0.5055,-0.6326,-0.0445,-0.0621,-0.1752,1.266,-0.7709,-0.6291,-0.8007,0.0624,1.0205,-0.834
-0.0239,0.3321,-0.3244,-0.3824,-0.3386,0.1283,0.0708,-0.1701,0.4358,-0.4845,-0.3862,-0.8978,-0.075,0.1922,-0.6875
0.3092,0.2312,-0.4992,-0.4151,-0.2951,-0.123,-0.1481,0.0796,0.285,-0.119,-0.2243,-0.5906,0.2235,0.1017,-0.4897
0.1287,0.4173,-0.17,-0.7805,-0.3207,-0.399,-0.6315,0.3708,0.6536,0.6062,-0.4003,-0.4047,-0.1647,0.0586,0.0724
-0.0286,0.4083,0.0288,-0.5517,-0.4265,-0.2191,-0.6228,0.5525,0.0078,0.3659,-0.2013,-0.2961,-0.9469,-0.3978,-0.0015
0.0693,0.3932,0.2544,-0.3407,-0.3466,0.0148,-0.8117,0.5343,0.013,0.0545,0.1178,-0.4414,-0.705,-0.1644,-0.0777
0.0812,0.4731,0.1137,-0.2734,-0.1583,0.0748,-0.6292,0.1264,-0.2201,-0.0584,0.3476,-0.2931,-0.5315,-0.3624,-0.0867
0.0438,0.3232,-0.2557,-0.355,-0.1754,-0.1083,-0.7001,0.145,0.0791,0.0006,0.4094,-0.0531,-0.6952,-0.3351,-0.0071
-0.1641,0.4847,-0.2456,-0.9735,-0.1524,0.0336,-0.4663,0.1155,0.2243,-0.003,0.0624,-0.188,-0.6495,-0.5796,-0.1274
0.0107,0.3587,-0.5956,-0.5152,0.0419,0.001,-0.0978,0.397,0.3203,-0.286,-0.1404,-0.1256,-0.2429,-0.3819,-0.3352
0.087,0.1888,-0.0127,-0.4656,-0.1853,-0.5154,0.2275,0.6846,0.4576,0.0225,0.01,-0.3797,-0.151,-0.5977,0.0746
-0.258,0.4199,0.0369,-0.2769,-0.1954,-0.0256,-0.2975,0.116,-0.7655,0.2135,0.2293,-0.446,0.3546,-0.7537,0.4118
0.033,0.7318,0.1067,-0.7244,-0.0321,-0.2191,-0.5528,-0.0501,-0.4457,0.7463,0.1098,-0.41,-0.0235,-0.4268,0.3094
0.0937,0.3154,-0.2623,-0.2291,-0.1078,-0.1369,-0.1427,0.1798,-0.6528,0.7209,0.3327,-0.0749,-0.0763,0.1737,0.7392
0.1756,0.5125,-0.5675,-0.2173,-0.3006,-0.1428,-0.2864,0.1099,-0.1352,-0.0288,0.3159,-0.1849,-0.1243,0.2854,0.7487
0.0636,0.6005,-0.0867,-1.3334,-0.4532,-0.509,-0.5163,-0.614,-0.1586,0.0526,-0.1074,-0.0527,-0.2472,-0.3682,0.4414
0.0048,0.5924,-0.5862,-0.7886,-0.2301,-0.4311,-0.321,-0.2287,-0.104,0.4005,-0.8116,-0.0666,-0.2823,0.4005,0.1236
-0.0191,0.1993,-0.4675,-0.8162,-0.3274,-0.3823,-0.2655,0.0952,0.1024,0.5051,-0.6356,-0.9062,-0.3011,0.1691,0.1816
0.024,0.2132,-0.5646,-0.5401,-0.4252,-0.2634,-0.1018,0.3186,0.055,0.7694,-0.3119,-0.8215,0.0573,0.2867,0.2615
0.1016,0.379,-0.4112,-0.9585,-0.4461,-0.4325,-0.8619,0.4239,0.309,0.7392,-0.4374,-0.6095,0.1266,0.0875,0.4199
0.1251,0.5086,0.3128,-1.0155,-0.4846,-0.1007,-0.9228,0.0611,0.6244,0.3597,-0.1836,-0.4368,-0.2432,-0.2598,0.5783
0.1703,0.4221,0.1724,-0.812,-0.3671,-0.1497,-0.8317,0.6122,0.2791,0.1706,-0.2112,-0.4217,-0.6023,0.043,0.4461
0.1167,0.6789,0.5638,-0.6408,-0.2577,-0.4998,-0.6165,0.2216,-0.1923,0.5467,0.1407,-0.7803,-1.0229,0.4254,0.4327
0.074,0.9463,0.3065,-0.6469,-0.1011,0.1606,-0.8902,-0.027,-0.3097,0.214,0.3453,-0.6103,-0.2537,0.0836,0.2267
0.1551,1.1255,-0.0929,-0.2263,0.2147,0.32,-0.5946,-0.2853,-0.0554,0.011,0.6751,-0.248,-0.3363,0.6058,0.1765
0.1322,1.0003,0.0312,0.0691,-0.0207,0.0748,-0.6603,-0.7079,-0.7792,0.069,0.8921,0.1179,-0.3642,0.0157,0.3459
0.0757,0.9258,-0.5621,-0.0918,-0.3408,0.2782,-0.4237,-1.0635,-0.6769,0.6896,0.5815,0.2212,-0.4736,0.2025,0.7677
0.2542,0.9938,-0.8241,-0.2515,-0.5112,-0.0643,0.5738,-0.455,-0.147,0.2364,0.3154,0.0873,-0.2371,0.7312,0.6395
0.3165,1.0199,-0.7335,-0.0165,-0.4018,-0.1283,-0.0175,-0.9134,0.1306,0.358,0.2954,-0.1159,-0.1159,0.716,0.8533
0.3218,1.0091,-0.8632,-0.3873,-0.5868,-0.3459,-0.0309,-0.674,-0.1009,0.1692,0.2469,-0.398,-0.0705,0.7348,0.5599
0.0273,0.9009,-1.1134,-0.2244,-0.8309,0.1117,-0.0001,-0.5691,0.4199,0.3226,0.4355,-0.2619,-0.0867,1.0902,0.5004
0.2238,0.789,-0.8522,-0.2153,-0.8223,0.0443,-0.598,-0.8976,0.33,-0.0718,0.2201,-0.2411,0.4789,0.7371,0.3204
0.2663,0.7413,-1.1842,-0.1141,-0.6589,0.0547,-0.4809,-0.9652,0.2626,-0.0851,0.0747,-0.4777,0.1898,0.3242,0.1214
0.3207,0.7513,-0.8446,-0.1397,-0.6089,-0.1877,-0.3737,-0.6307,0.979,-0.1435,-0.0164,-0.4929,-0.0088,1.2894,-0.2048
0.2059,0.7268,-0.8018,-0.7174,-0.5303,-0.3112,-0.2574,-0.4445,0.5436,-0.0889,-0.3497,-0.5108,-0.1932,0.5749,-0.0985
0.3374,0.5706,-0.8405,-0.4431,-0.6024,-0.3707,-1.1825,0.176,0.7874,0.2353,-0.3658,-0.7881,-0.406,0.7856,0.0924
0.3428,0.6906,-0.2459,-0.5958,-0.4947,-0.8396,-1.0356,0.1312,0.5905,0.0581,-0.1774,-0.9448,-0.6752,0.4151,-0.2522
0.5413,0.669,0.5554,-0.8193,-0.401,-0.5868,-0.9626,0.9907,0.7364,-0.043,0.0533,-0.9768,-0.9569,0.2779,-0.4375
0.4857,0.9827,1.046,-0.7503,-0.3935,-0.5303,-0.7307,1.0977,0.1321,-0.4327,0.2845,-1.0355,-1.2141,-0.3463,-0.4506
0.4578,1.0693,1.7064,-0.5203,-0.2082,-0.3365,-0.3666,1.2511,0.0828,-0.3772,0.4693,-0.8006,-1.1125,-0.078,-0.4687
0.2789,1.2177,2.1537,-0.7857,0.1473,-0.3247,-0.5435,1.1487,-0.8251,-0.0429,0.824,-0.7445,-1.1542,-0.4811,-0.1304
0.1537,1.363,1.5146,-0.9792,0.4084,-0.2701,-0.8585,1.1547,-1.383,0.8654,1.0525,-0.6638,-1.0064,-0.4666,0.6099
0.0367,1.5093,1.0058,-0.2626,0.6383,-0.5446,-0.6342,0.8709,-1.3538,1.008,1.0983,-0.061,-1.0263,-0.4003,0.9921
-0.1068,1.4158,0.9289,-0.3419,0.3172,-0.6106,-0.3677,0.7824,-1.6908,0.6,1.2725,-0.4448,-1.1914,-0.5001,0.9091
0.0181,1.8041,1.148,-0.8053,0.0311,-0.1513,-0.3927,0.2966,-1.0988,0.4714,1.1343,0.0646,-0.8723,-0.0585,0.9792
-0.1004,1.6389,0.7946,-0.5402,0.141,-0.5007,-0.474,0.0867,-1.0918,0.8229,1.1,0.2409,-0.695,0.2371,1.0609
0.1273,1.4622,0.5109,-0.4379,0.1043,-0.6765,-0.501,0.0103,-0.8267,0.4784,0.9645,-0.0939,-0.624,1.134,1.0507
0.5538,1.3887,-0.4025,-0.6915,-0.2295,-1.1564,-0.4544,0.0709,-1.3065,1.1833,0.5427,0.119,-0.3655,1.11,1.04
0.1619,1.3193,0.3621,-0.5033,-0.4974,-0.6789,-0.1502,-0.2612,-1.1528,1.1871,0.277,0.4292,-0.0066,0.7522,1.0215
0.2459,1.0708,0.6568,-0.4026,-0.4146,-0.3935,-0.0846,-0.4368,-0.362,0.8343,0.5845,0.0182,-0.3238,0.9767,0.968
0.3345,1.3486,0.3688,-0.7716,-0.017,-0.5397,-0.1523,-0.2468,-0.2475,0.6387,0.6819,-0.1344,-0.2075,1.2889,1.0303
0.246,1.3072,-0.2813,-0.6353,-0.0017,-0.5085,-0.1112,-0.5246,-1.0126,1.0426,0.3036,-0.2096,-0.1371,0.9275,1.0122
0.2568,1.0752,-0.6876,-0.2899,-0.0812,-0.1658,-0.0852,-0.6517,-0.4473,1.1583,0.2746,-0.4376,-1.0473,1.2067,0.9362
0.0894,1.1673,-0.6718,-0.2563,-0.2267,-0.3517,-0.4672,0.0286,-0.3211,0.8444,0.3101,-0.6989,-0.817,1.6681,0.9112
0.0965,1.0526,-0.4689,-0.1061,-0.3659,-0.1575,-0.7422,-0.5612,-0.1365,0.5162,0.5215,-0.833,-0.7509,1.0642,0.8665
0.0993,1.2147,-0.4461,0.265,-0.4686,-0.2716,-0.3797,-0.7367,-0.2844,0.0015,0.6425,-0.3312,-0.3064,0.9486,0.3979
0.1437,1.1901,-0.1695,0.1856,-0.2827,-0.2478,-0.663,-0.9908,-0.8669,0.9262,0.9062,-0.182,-0.1964,1.3472,0.6828
0.0758,1.2623,-0.6758,0.0719,-0.5165,-0.1716,-0.5941,-0.8457,-0.4966,0.6086,0.6294,0.1519,-0.1411,1.5856,0.6744
-0.0546,1.2998,-0.8424,-0.4848,-0.6001,-0.2161,-1.1108,-0.9311,-0.3785,0.2162,0.1054,0.0717,-0.159,1.359,0.2469
0.0599,0.8281,-0.7788,-0.1269,-0.7657,-0.1833,-0.9378,-1.1028,-0.3471,-0.1309,0.1001,0.1756,-0.2169,1.4361,0.1056
0.0856,0.798,-0.4068,-0.1731,-0.7944,0.0225,-1.0213,-1.27,-0.0115,0.5228,0.1484,-0.2522,0.0942,1.5087,-0.0322
0.0312,0.789,-0.6534,-0.0156,-0.8077,-0.0483,-0.9135,-1.0285,-0.3122,0.096,0.28,-0.1571,0.1531,2.3051,-0.0932
0.0262,0.7967,-0.9552,0.0419,-0.7147,-0.4124,-1.011,-1.2254,-0.7582,-0.0929,0.4076,-0.3721,-0.1716,2.1586,-0.1652
0.1612,0.7026,-0.997,-0.2053,-0.9723,-0.1874,-0.9949,-1.4259,-0.3442,-0.3207,0.1541,-0.5269,-0.1954,1.9284,-0.4384
0.3052,0.7148,-1.1292,-0.376,-0.956,-0.1484,-1.0019,-1.4589,0.3012,-0.4229,-0.12,-0.6805,-0.5917,2.0684,-0.5891
0.1779,0.7638,-0.5022,-0.2937,-0.846,-0.4106,-0.8103,-1.4289,0.2835,-0.5851,-0.0422,-1.1227,-0.26,1.7205,-0.8892
0.2049,0.7617,-0.4426,-0.1742,-0.6027,-0.4146,-0.9346,-1.4434,0.4181,-0.3132,0.1095,-0.9505,-0.2486,1.5762,-0.8148
0.179,0.8683,-0.9336,-0.2381,-0.6498,-0.224,-0.8112,-1.6288,-0.025,0.011,-0.0663,-0.8966,-0.7568,1.5824,-0.5992
0.147,0.7088,-1.2737,-0.1213,-0.7764,-0.2041,-0.848,-1.1522,-0.1244,0.1773,-0.22,-0.9828,-0.6562,1.5938,-0.7479
0.14,0.6019,-0.8881,0.0581,-0.9897,-0.3184,-0.7005,-0.5999,0.9633,0.1625,-0.1201,-1.0488,-0.9098,1.8482,-0.8843
0.1581,0.6037,-0.8169,-0.4898,-1.0423,-0.492,-1.0896,-0.5044,0.6935,-0.1432,-0.2953,-1.0103,-0.3084,1.1005,-0.8623
0.4036,0.5862,-0.082,-0.1123,-0.8834,-0.8959,-1.1253,0.1581,0.7232,-0.5999,0.0936,-1.0302,-0.8093,1.3897,-1.1271
0.1266,0.7734,0.1995,0.7761,-0.5843,-0.6363,-1.0629,-0.2835,-0.2887,-0.2519,0.8947,-1.0647,-1.2215,0.8064,-0.7397
0.107,1.2756,0.3285,0.6038,-0.5418,-0.2878,-1.1254,-0.4302,-0.2363,-0.0643,1.4799,-0.7936,-1.4206,0.6894,-0.1955
0.1948,1.3466,-0.2793,-0.2179,-0.3845,-0.6508,-1.6615,-0.2846,-0.3085,-0.0043,1.0808,-0.2053,-1.1446,0.9596,-0.1203
0.0883,0.9184,0.0123,0.1813,-0.2301,-0.7941,-1.3029,-0.7006,-0.2119,0.4182,0.9288,-0.1701,-0.9364,1.51,-0.0586
0.2416,1.3004,-0.1336,-0.3118,0.0153,-0.7487,-1.1831,-1.6179,-0.8916,1.1353,0.6015,-0.0889,-0.9413,1.7846,0.3935
0.0985,1.1401,-0.9616,0.2411,-0.3593,-0.8439,-0.8023,-1.0637,-0.1379,1.1794,0.6357,-0.1806,-0.0903,2.2851,0.5053
0.4193,0.9441,-1.1379,-0.1204,-0.4759,-0.9372,-1.1315,-0.9725,0.1193,1.1236,0.4703,-0.4243,-0.452,1.9828,0.1928
0.015,0.6956,-0.9517,-0.6027,-0.632,-0.8044,-0.7176,-0.6674,0.4876,0.7928,-0.0019,-0.515,-0.7988,2.1914,-0.047
0.1389,0.4798,-0.3557,-0.4103,-0.706,-0.9967,-0.6424,-0.4373,0.1767,0.3963,-0.0024,-0.4967,-0.904,2.1469,-0.2888
0.2358,0.6762,-0.3713,0.0415,-0.7523,-1.2878,-0.4785,-0.0601,-0.1377,0.2651,0.3489,-0.9837,-0.3123,1.488,-0.1612
0.1979,0.6361,-0.1238,0.227,-0.4647,-1.356,-0.1837,-0.1345,-0.0604,-0.2506,0.5789,-1.0497,-0.3569,1.428,-0.1576
0.2229,0.8212,0.4339,0.0625,-0.3545,-1.0548,-0.6908,-0.4685,-0.2629,-0.1015,0.8243,-0.9197,-0.6641,1.563,-0.436
0.1268,1.0919,0.1471,-0.0688,-0.23,-1.1229,-0.5279,-0.3823,-0.6117,-0.071,0.9325,-0.6549,-1.8656,1.183,-0.3496
0.0912,1.2634,-0.0186,-0.1403,-0.1877,-1.1263,-0.7527,0.0742,0.2195,-0.1987,0.8102,-0.2598,-1.4587,1.0386,-0.2037
0.0011,1.0597,0.0088,-0.3872,-0.1133,-1.3489,-0.6286,0.01,-0.0138,0.4323,0.758,0.2284,-1.4806,0.836,-0.0263
0.1557,1.095,0.3708,-0.3496,-0.0237,-1.3074,0.0629,0.1873,-0.248,0.2994,0.6764,0.1076,-1.0986,1.9331,-0.0409
-0.0442,1.2683,0.4693,-0.6913,0.0064,-1.1886,0.0472,-0.0594,-0.4282,1.039,0.5349,0.1215,-0.4114,1.8086,0.292
-0.0988,1.0456,0.6112,-0.4471,-0.1856,-1.1754,-0.0046,-0.5933,-0.9733,1.0721,0.4476,-0.051,-0.3333,1.685,0.443
-0.4565,1.1342,-0.374,-0.51,-0.185,-1.0593,-0.1824,-0.8154,-0.6751,1.1389,0.4905,-0.4827,-0.2489,1.9158,0.6243
-0.1482,0.7563,-0.5873,-0.2894,-0.5558,-0.9127,-0.4436,-1.0869,-0.1264,0.3259,0.2772,-0.2543,0.1295,1.998,0.1764
-0.0827,0.7523,-0.8447,0.3005,-0.5001,-1.2495,-0.4574,-1.0142,-0.298,0.6429,0.3064,-0.5924,0.1977,2.3661,-0.0352
-0.0798,0.8177,-1.3798,0.3497,-0.4174,-1.2755,-0.5311,-0.928,-0.0884,0.705,0.1909,-0.6388,-0.0494,2.2413,0.0378
-0.0663,0.6851,-0.8352,-0.172,-0.6803,-1.5507,-0.6675,-0.8203,1.1648,-0.1908,-0.1684,-0.8796,-0.5749,2.0652,-0.3919
-0.0791,0.7534,-0.1455,-0.0186,-0.5125,-1.1823,-0.6396,-0.9036,0.5747,-0.3209,-0.0206,-1.0087,-0.4532,1.6495,-0.6178
0.0017,0.7311,-0.7806,-0.3486,0.1643,-1.5167,-0.7317,-0.4482,-0.0096,-0.0401,-0.0083,-0.9499,-0.4882,1.1109,-0.4449
-0.1233,0.9003,-0.1121,-0.0287,0.0209,-1.5473,-0.4508,-0.2703,0.2548,0.7906,0.1004,-0.9094,-0.5233,1.2279,-0.2566
-0.1926,0.6541,-0.0051,0.5043,-0.2723,-1.2361,-0.5213,-0.3724,-0.0836,1.231,0.4379,-0.9542,-0.8745,1.1128,0.0256
-0.0381,0.9195,0.0307,0.3919,-0.1242,-1.4442,-0.3467,-0.293,0.2419,0.5989,0.4395,-1.1611,-0.8351,1.0389,0.0801
-0.2545,1.0025,0.128,0.1928,-0.2404,-0.9994,-0.4482,-0.8461,-0.2016,0.1798,0.6429,-0.9097,-0.7235,1.1659,-0.0737
-0.4162,1.3842,0.4491,0.1121,0.0383,-0.9896,-0.8999,-1.0084,-0.7303,0.6584,0.8421,-0.6967,-0.7275,1.4958,0.178
-0.2982,1.3965,0.2063,-0.1149,-0.1027,-1.0006,-0.7758,-1.1809,-0.4609,-0.0728,0.7584,-0.6278,-1.1063,1.5453,0.2728
-0.1995,1.1157,-0.5378,-0.0472,-0.1086,-0.7462,-0.2758,-1.1082,-0.661,-0.2521,0.6643,-0.7344,-1.1768,1.7594,0.2104
-0.3053,0.9791,-1.1966,-0.0585,-0.1332,-0.9047,-0.3481,-1.0515,-0.5656,0.4217,0.5541,-0.5132,-0.8888,1.827,0.2247
-0.2211,0.7097,-0.9626,0.3265,-0.3253,-1.2843,-0.1712,-1.4263,-0.3711,1.0284,0.4634,-0.4314,-0.7597,2.0229,0.674
-0.1655,0.6045,-1.6149,0.1066,-0.5025,-1.5187,0.2895,-1.0179,0.1311,0.8014,0.2229,-0.5263,-0.7938,1.9032,0.3788
-0.1807,0.6752,-0.9668,-0.0251,-0.7988,-1.7184,0.1196,-1.5021,0.0115,0.7472,-0.0251,-0.7778,-0.5855,1.5595,0.4611
-0.2215,0.8096,-0.767,-0.2575,-0.8558,-1.7571,-0.0333,-0.4135,0.7404,-0.2614,0.1814,-0.8026,-0.3935,1.5732,0.0875
-0.1906,0.6899,-0.6188,-0.3742,-0.8843,-1.9802,-0.5246,-0.4561,0.5636,-0.7175,-0.1658,-0.7693,-0.1792,1.238,-0.4005
-0.1325,0.7427,-0.1725,-0.7267,-0.9139,-2.147,-0.5986,-0.4881,0.6461,-0.5629,-0.3078,-0.7114,-0.4933,1.0179,-0.7097
-0.1041,0.9667,-0.0975,-0.2774,-0.7003,-1.746,-0.5821,0.0141,0.8156,-0.5984,-0.1163,-0.9581,-0.9372,1.0186,-1.0873
0.0242,0.9112,0.1903,0.4693,-0.8831,-1.3172,-0.3534,-0.3862,0.0209,-0.9935,0.3844,-0.8635,-1.0588,0.5942,-0.7395
-0.0534,1.1482,-0.8148,-0.1377,-0.5856,-1.4877,-0.5583,0.1524,-0.2519,-1.0498,0.2013,-0.7916,-1.0838,0.3541,-0.9153
-0.0752,1.1692,-0.4877,-0.0715,-0.6728,-1.4136,-0.2523,1.5396,0.5218,-1.0101,0.0813,-0.7647,-2.0804,0.2149,-0.6337
0.0893,0.8818,0.9881,0.1364,-0.4787,-1.8096,-0.1716,2.3851,0.5135,-0.992,0.4604,-0.6675,-2.3277,-0.5697,-0.5029
-0.1721,1.1164,2.0567,0.0274,-0.099,-1.833,0.1711,3.1428,0.3238,-0.8844,1.0364,-0.4903,-2.4005,-0.9282,-0.258
-0.0701,1.3667,3.0704,0.093,0.348,-1.6416,-0.0008,2.7425,-1.0427,-0.2941,1.7673,0.0146,-2.2303,-1.5178,0.3941
-0.334,1.9,2.8243,-0.1585,0.7401,-1.5854,0.1564,2.6562,-1.3565,-0.583,2.1257,0.3436,-2.4036,-1.512,0.7329
-0.2485,1.9056,2.4791,-0.5521,0.8943,-1.5496,0.2684,2.2538,-1.5816,0.7418,1.9537,0.4787,-2.1922,-0.6921,1.4318
-0.0767,1.9415,2.7224,-0.533,0.7679,-2.0534,0.0785,1.8172,-1.8071,1.2828,1.949,0.4766,-1.9232,-0.9689,2.2641
0.082,2.0177,2.2305,-0.4967,0.5981,-2.182,0.0335,1.611,-1.8721,0.8,1.8239,0.8761,-1.8101,-0.755,2.2069
-0.126,2.0045,1.8945,-0.0885,0.6046,-2.129,0.2777,1.245,-1.9185,1.2587,1.7727,0.9081,-1.5851,-0.3028,2.1236
-0.209,1.8506,1.8114,-0.656,0.5332,-1.7587,0.2621,0.6817,-2.1847,0.9684,1.3236,0.9448,-1.3246,0.3955,2.2879
-0.2545,1.5735,0.9238,-0.5555,0.1235,-1.6079,0.0631,-0.0515,-2.0531,1.2737,1.0113,0.7034,-1.4047,0.9072,2.3873
-0.1728,1.609,0.394,-0.6232,0.0478,-1.6608,0.0606,-0.5047,-1.2665,1.4383,0.7369,0.5023,-1.0775,1.1992,2.1243
0.1097,1.4781,0.1442,-0.5868,-0.1459,-1.8049,-0.2387,-0.8708,-0.5313,0.2928,0.1364,0.024,-0.6251,1.4827,1.4454
0.044,1.1301,-0.1214,-0.2574,-0.1434,-1.8225,-0.3209,-0.6762,-0.5365,0.2456,0.1305,-0.1458,-0.3648,1.6933,0.8595
-0.0019,0.9718,-0.2151,-0.2875,-0.2858,-1.8312,-0.4706,-1.1652,-1.0006,0.4135,-0.0294,-0.5029,-0.2384,2.0379,0.5607
-0.1178,0.9087,-0.5673,-0.1402,-0.1377,-1.4061,-0.3219,-1.5816,-0.727,0.9332,-0.1217,-0.8721,-0.5634,1.9208,0.544
-0.1286,0.8566,-0.9034,-0.4369,-0.2428,-1.2658,-0.6778,-0.9194,0.3613,0.7478,-0.3887,-1.1134,-0.5013,2.1169,0.6403
-0.1934,0.6711,-0.149,-0.2332,-0.5143,-1.3339,-0.6417,-1.2915,0.4109,0.5353,-0.3426,-1.1118,-0.6338,2.177,0.2569
-0.0266,0.7535,-0.2448,-0.4901,-0.2006,-1.5264,-0.9572,-1.0692,0.4563,0.4054,-0.2356,-1.2749,-0.5087,1.6726,0.0195
-0.0701,0.88,-0.0959,-0.4806,-0.418,-1.5606,-1.1884,-1.1506,-0.1587,0.3787,-0.2304,-0.9733,-0.4593,1.8793,-0.1665
-0.3958,0.8884,-0.5373,-0.0488,-0.1519,-1.305,-0.9563,-1.2458,-0.7602,0.882,-0.1195,-0.5099,-0.8112,1.8281,-0.0504
-0.0125,0.5951,-0.2385,0.0771,-0.2189,-1.3615,-0.9089,-1.0407,-0.2164,0.5584,-0.0496,-0.8452,-0.5672,2.5927,0.5275
-0.2492,0.8497,-0.173,0.5081,-0.2501,-1.1063,-0.8216,-1.7871,-0.4315,0.748,0.3859,-0.8204,-0.5821,2.4455,0.9367
-0.3291,0.9915,-0.9596,-0.3613,-0.2096,-1.2692,-0.7742,-1.8079,-0.2015,1.0216,-0.0043,-0.4626,-0.6348,2.7704,0.8629
-0.2979,0.6921,-1.2262,-0.452,-0.4521,-1.2871,-0.8418,-2.3012,0.034,0.4629,-0.4077,-0.6941,-0.5797,2.955,0.7433
-0.0877,0.5706,-1.8209,-0.1725,-0.5187,-1.5063,-1.1563,-2.7434,-0.0944,0.483,-0.5491,-0.6726,-0.4769,2.6703,0.3124
-0.0429,0.3998,-1.9184,0.6288,-0.5672,-1.8236,-1.3876,-2.3608,0.8181,0.454,-0.4702,-0.8401,-0.5587,3.062,0.1119
-0.1595,0.4517,-1.4372,0.8824,-0.8003,-1.8937,-0.8567,-2.6109,0.4738,1.6837,-0.4659,-1.1059,-0.905,3.5276,0.3671
-0.22,0.3558,-1.796,0.7056,-0.7847,-1.844,-0.9961,-2.259,1.1693,0.0671,-0.2966,-1.3615,-1.0958,3.4417,0.0749
-0.1186,0.5432,-1.8058,0.3552,-0.814,-1.8773,-1.3254,-2.3752,1.1408,0.0756,-0.5427,-0.7277,-0.5685,2.9559,-0.1601
-0.0369,0.6034,-1.603,0.2085,-0.7991,-2.0137,-1.4456,-2.4335,0.7754,-0.1112,-0.7794,-0.8183,-0.4678,3.4141,-0.4109
-0.0327,0.4767,-1.6532,-0.8327,-0.7695,-2.2358,-1.6326,-1.984,0.1876,-0.2195,-0.8935,-1.1022,-0.5351,3.3306,-0.4614
0.3025,0.6316,-1.1789,-0.4457,-0.5115,-2.5369,-1.7109,-1.2549,2.1523,-0.5172,-0.8745,-1.0566,-0.2912,3.1445,-1.0151
-0.1016,0.736,-0.5729,-0.116,-0.4398,-2.5548,-1.1748,-1.4722,0.8149,0.013,-0.5212,-0.9707,-1.2031,2.3847,-0.7255
-0.29,0.9491,-1.114,0.1634,-0.5357,-2.2399,-0.9248,-0.4346,0.9916,-0.2765,-0.1076,-0.6056,-0.9094,2.0377,-0.614
-0.2542,1.0345,-0.309,-0.4643,-0.4314,-2.2242,-1.4105,-0.8156,0.549,-0.7118,-0.2166,-0.7329,-1.3698,1.1695,-0.4482
-0.2065,1.0414,-0.6023,-0.2616,-0.283,-2.0875,-1.2416,-0.4343,0.5448,-0.5592,0.2263,-0.6756,-1.0756,0.3909,-0.4252
-0.5026,1.1414,-0.3988,-0.5221,-0.2233,-2.058,-1.2589,-0.1545,0.3224,0.04,0.0382,-0.6718,-1.4296,0.4857,-0.1497
-0.0437,0.924,-0.2158,-0.6241,-0.164,-2.0541,-0.9262,0.4131,0.081,-0.7281,0.0636,-0.4831,-1.6855,0.5673,-0.104
-0.3374,1.1045,-0.1151,-0.2553,-0.2613,-1.9324,-0.7986,0.7881,0.0897,-0.6939,0.1795,-0.3243,-1.8747,0.3145,-0.2312
-0.215,1.1853,0.4817,-0.1858,-0.0569,-1.7415,-0.7285,1.2316,0.1283,-0.7641,0.6132,-0.4222,-1.7526,-0.2891,-0.0768
-0.1592,1.225,1.1888,-0.1915,0.1703,-1.8846,-0.4659,0.9045,-0.1599,-0.6172,1.027,0.1213,-2.2525,-0.4725,-0.0621
-0.0825,1.4524,1.5802,-0.3357,0.2499,-1.6743,-0.4507,1.0985,-0.7699,-0.112,1.2587,0.0322,-1.6738,-0.3351,0.6839
-0.3765,1.5977,1.373,-0.7154,0.5282,-1.6714,-0.4324,0.6099,-1.3571,0.3034,1.2528,0.2063,-2.0356,0.1265,0.8582
-0.2558,1.8752,1.2132,-1.1923,0.6379,-2.1046,-0.5581,0.795,-1.0554,0.557,0.9447,0.5676,-1.8501,-0.2069,1.3183
-0.3835,1.742,1.2608,-1.4179,0.5048,-1.7296,-0.9117,1.0054,-1.2608,0.5607,0.5227,0.7242,-1.793,0.0745,1.2131
-0.3697,1.6672,1.3635,-1.1157,0.4529,-1.5063,-0.4832,0.9395,-0.8154,-0.1179,0.4575,0.3841,-2.0016,0.2679,0.758
-0.3958,1.6682,1.2854,-0.7641,0.271,-1.6087,-0.6565,0.8396,-0.8677,-0.0178,0.8411,-0.5766,-1.6931,0.4501,0.9847
-0.3591,1.6894,0.8386,-1.05,0.1016,-1.5259,-0.9096,0.5217,-0.8002,0.1262,0.66,-0.1542,-2.0107,0.7901,1.0351
-0.2935,1.6198,0.4599,-0.87,0.5174,-1.5811,-0.8358,0.6117,-0.5889,0.1925,0.4271,0.1727,-1.8752,1.0528,0.8916
-0.1203,1.7473,0.6524,-0.7279,0.5556,-1.7058,-0.4942,0.5424,-0.5079,0.6883,0.6212,0.053,-2.0041,0.4944,0.9744
-0.3108,1.7718,1.0319,-1.0864,0.455,-1.7648,-0.553,0.7211,-0.6183,1.0494,0.4037,0.0517,-1.1217,1.4799,1.294
-0.2086,1.8853,1.2749,-1.0884,0.2964,-1.6688,-0.2884,-0.1667,-0.732,1.1585,0.4524,-0.2816,-1.5319,1.4478,1.2553
-0.4085,1.7754,0.5507,-0.979,0.0623,-1.7313,-0.7031,-0.1952,-0.958,0.9646,0.3508,-0.249,-1.3886,1.7243,1.2416
-0.5732,1.614,0.2034,-1.1168,0.0634,-1.5602,-0.5428,-0.6023,-0.6941,0.6244,0.142,-0.3107,-1.3832,1.8637,0.869
-0.4941,1.4349,-0.2012,-0.9544,-0.0693,-1.8662,-0.1815,-0.5777,-0.1057,0.2539,0.0341,-0.094,-1.5062,2.038,0.6769
-0.5292,1.2256,-0.1405,-0.877,-0.0922,-1.7626,-0.2417,-0.7543,-0.4798,0.5742,-0.0067,-0.3945,-1.547,1.9229,0.5328
-0.4295,1.0216,-0.3072,-0.4319,-0.3584,-1.8398,-0.1535,-1.0944,-0.2036,0.6336,0.0763,-0.4121,-0.6446,2.0902,0.955
-0.4848,1.0721,-0.5764,-0.7821,-0.4494,-2.1118,-0.282,-0.6533,0.1503,0.3473,0.1588,-0.287,-0.0837,2.4806,0.8976
-0.4667,1.0386,0.0804,-0.4985,-0.5259,-2.102,-0.4685,-1.0085,-0.4907,0.6913,0.1531,-0.4748,-0.4958,2.9129,0.9983
-0.2907,0.9141,-0.9165,-1.3042,-0.4692,-1.762,-0.6749,-1.7002,-0.8145,0.9388,-0.4473,-0.5802,-0.4706,2.7229,0.8473
-0.3253,0.9031,-0.6361,-1.2043,-0.6179,-1.8785,-0.7333,-2.4325,-0.2864,0.9174,-0.6867,-0.9224,-0.6701,3.2692,0.5861
-0.3002,0.7727,-1.4265,-1.3151,-0.4499,-1.774,-0.8152,-2.0465,0.0076,0.6892,-1.1928,-1.1821,-0.7533,3.8712,0.2977
-0.309,0.7123,-1.1055,-0.7421,-1.0046,-1.6766,-0.8815,-2.2001,0.325,0.4971,-1.0858,-1.2932,-0.583,3.6768,-0.2143
-0.6039,0.7972,-1.3935,0.0489,-1.0788,-1.6397,-0.8712,-2.2044,0.8477,0.2566,-0.7367,-1.5486,-0.506,2.9736,-0.5382
-0.3494,0.7092,-2.3357,-0.2002,-1.0127,-1.4796,-0.9863,-1.8626,0.9061,-0.11,-1.0573,-1.5263,-0.9822,3.2725,-0.4837
-0.3423,0.5597,-2.1473,-0.2544,-1.2228,-1.4654,-0.9976,-1.9573,0.9479,-0.6411,-1.1666,-1.5794,-0.4285,2.8529,-0.3783
-0.338,0.6574,-1.9488,-0.4188,-1.0823,-1.7353,-0.8911,-1.4383,0.8676,-0.2209,-1.3751,-1.573,-0.6338,2.9553,-0.753
-0.415,0.4849,-1.7714,-0.63,-1.0539,-1.9492,-1.0925,-0.6468,1.0057,-1.3696,-1.2509,-1.5741,-1.1138,2.6283,-1.4942
-0.3284,0.5507,-0.7519,-0.3751,-0.9646,-2.0921,-1.1677,-0.4259,1.0714,-1.5131,-0.9093,-1.5868,-1.4649,1.664,-1.7439
-0.2927,0.5111,0.1192,-0.6094,-0.5719,-2.2806,-0.9952,0.5256,1.1663,-1.2657,-0.0434,-1.423,-1.3593,0.7733,-1.72
-0.4082,1.0406,0.7769,-0.5856,-0.2942,-2.0246,-1.1976,0.8693,0.4835,-0.6759,0.172,-0.8365,-1.5559,0.6925,-1.362
-0.4938,1.0171,1.3949,-0.3404,0.0144,-2.1517,-1.0827,1.1327,-0.3247,0.0183,0.7047,-0.2924,-2.2011,0.4985,-0.7535
-0.5147,1.4808,1.3779,-0.5357,0.1947,-1.8134,-0.7026,1.0181,-0.6283,0.0464,0.9497,-0.186,-2.1456,0.2637,-0.1854
-0.4041,1.4007,0.959,-0.8525,0.3354,-2.1063,-0.6434,1.0681,-0.8281,0.3622,0.7686,-0.1859,-2.1555,-0.3769,0.3658
-0.4338,1.4155,1.2705,-1.1523,0.3209,-1.9752,-0.7527,1.8598,-0.0035,0.0448,0.8374,0.2681,-2.2962,0.1372,0.4529
-0.6442,1.6219,1.3069,-0.9046,0.3693,-1.8356,-0.4552,1.5991,-0.8666,0.2369,1.0166,0.2599,-1.9917,-0.5227,0.5108
-0.6602,1.3936,1.2533,-1.1926,0.6266,-1.5885,-0.8647,1.4136,-0.7223,0.4387,0.6998,0.286,-2.0282,-0.1103,0.5874
-0.3786,1.3613,1.2911,-0.969,0.5351,-1.5675,-0.63,0.8369,-1.134,0.5442,1.1615,0.2963,-2.1718,-0.0141,0.545
-0.4256,1.7192,1.1519,-0.3415,0.2751,-1.9508,-0.7944,0.9496,-1.0757,0.8999,1.4012,0.6392,-2.3237,0.2329,0.875
-0.7701,1.8388,0.3969,-0.6888,0.0596,-1.3155,-0.6752,0.4268,-1.1183,0.6502,0.8075,0.406,-1.9373,1.1073,0.7661
-0.4559,1.6232,0.7756,-0.253,0.1352,-1.3606,-0.3033,-0.4167,-1.1801,0.5129,0.9873,0.2296,-2.0183,1.0611,1.0376
-0.7229,1.8726,-0.0827,-1.0606,-0.0475,-1.5399,-0.6658,-0.3685,-1.3452,1.2429,0.5265,0.2328,-1.6949,1.4398,1.1813
-0.6135,1.5517,0.048,-1.3677,-0.55,-1.5933,-0.4671,-0.836,-1.1388,0.8708,0.098,-0.0298,-1.6047,1.9429,0.7276
-0.5229,1.1613,-0.7131,-1.0603,-0.4332,-2.0892,-0.7459,-0.8708,-0.5692,0.4609,-0.2197,-0.0386,-1.8096,2.5648,0.4367
-0.5382,0.9752,-0.7183,-1.1023,-0.5285,-1.8276,-0.8373,-0.9534,-0.1287,0.456,-0.6555,-0.403,-1.5172,2.0017,-0.0896
-0.3288,1.0646,-1.0262,-1.0084,-0.522,-2.0265,-0.8711,-0.4763,0.0755,0.5536,-0.8477,-0.8625,-1.8345,2.319,-0.5435
-0.0959,0.8566,-0.7514,-1.2273,-0.6278,-2.3374,-1.2454,-0.5832,0.595,-0.1324,-0.7487,-0.6512,-1.7107,2.4168,-0.7235
-0.3193,0.9621,-1.0341,-0.8201,-0.5066,-2.2881,-0.8954,0.0891,0.9004,-0.0067,-0.6645,-1.4499,-2.3682,2.0569,-1.0739
-0.407,1.0634,-0.4773,-0.6593,-0.4893,-2.1328,-0.917,0.2166,0.8365,-0.3337,-0.371,-1.3299,-2.1424,1.4793,-1.026
-0.3774,1.0031,-0.3096,-0.6362,-0.2921,-2.2232,-1.1703,0.3712,0.4767,-0.4219,-0.1537,-1.4026,-2.3322,0.7677,-1.0336
-0.3898,1.2263,-0.0075,-1.1453,-0.1098,-2.1584,-0.7989,1.1414,0.5004,-0.7022,-0.2403,-1.1915,-2.3027,0.5412,-0.5968
-0.424,1.1139,1.1071,-0.7121,0.0176,-2.3082,-0.9342,1.22,0.2906,-0.5139,0.0296,-1.2272,-2.0926,0.03,-0.5445
-0.4571,1.1498,0.9073,-0.8916,0.4172,-2.1623,-0.5692,1.442,0.4208,0.3724,0.4739,-1.1397,-1.8902,-0.0433,-0.208
0.0484,1.2227,1.5681,-1.0402,0.2781,-2.4599,-0.8669,1.2348,-0.3247,0.1973,0.7566,-0.3376,-2.2953,-0.5442,-0.0433
-0.242,1.5741,0.4406,-1.5607,0.4457,-2.1808,-0.9564,1.1712,-0.6249,0.7857,0.4296,-0.0632,-2.4851,-1.1769,0.0365
-0.2918,1.5735,0.7913,-1.2981,-0.009,-2.0345,-0.9476,1.736,-1.3815,0.603,0.237,-0.1602,-2.1885,-0.8524,0.1095
-0.4086,1.4141,1.0065,-1.5226,0.2146,-2.2591,-1.3332,1.7859,-0.1322,-0.0905,0.337,-0.3621,-2.5875,0.3517,-0.1431
-0.3317,1.3024,1.3617,-1.0247,0.4325,-2.2745,-0.7958,2.2784,-0.0655,0.3912,0.499,-0.2218,-3.0189,0.1975,-0.3875
-0.5237,1.606,1.7227,-0.8498,0.3406,-2.2437,-0.6419,2.0239,-0.6085,-0.3841,0.9771,-0.6478,-2.5474,-0.3305,-0.3858
-0.3665,1.5774,2.1167,-1.0214,0.5498,-2.1453,-0.5614,2.1704,-1.2337,0.0957,1.1979,-0.3334,-2.4682,-0.525,-0.0282
-0.5942,1.7306,2.6774,-1.6198,0.7646,-1.7891,-0.598,1.4742,-1.5294,0.2648,1.1457,0.2372,-2.8709,0.3464,0.1197
-0.6084,1.8287,1.9261,-1.4376,1.0452,-1.8922,-0.6206,1.035,-1.7801,0.6774,1.0832,0.5743,-2.4192,0.0086,0.3471
-0.4838,1.7535,1.3618,-0.8377,0.9353,-2.3835,-0.4331,1.6522,-1.3167,1.138,1.4179,0.9276,-2.4386,0.356,0.9094
-0.7807,1.7767,1.2617,-1.0751,0.676,-2.0656,-0.2567,0.9977,-1.6294,1.4549,1.1054,1.2198,-2.0393,0.7047,1.3235
-0.4331,1.5982,0.8349,-0.9061,0.5087,-1.878,-0.3096,-0.0476,-1.4534,0.7429,1.324,0.9347,-0.9029,0.8661,1.205
-0.4818,1.7983,0.4765,-0.9523,0.3165,-1.8231,-0.5154,-0.5975,-1.7436,1.1008,1.0701,1.0152,-0.7147,1.218,1.6094
-0.5074,1.5948,-0.2483,-1.0226,0.297,-1.8336,-0.5596,-0.9239,-1.4383,1.3644,0.547,0.6123,-0.9862,1.5952,1.3806
-0.6729,1.3415,-1.0899,-1.2941,-0.0098,-1.6453,-0.8889,-1.2314,-0.9371,1.6433,-0.0622,0.6211,-1.2095,2.5252,1.32
-0.6573,0.7001,-1.3873,-1.4807,-0.3426,-1.4981,-0.8592,-1.0729,0.0895,1.2819,-0.7766,0.0401,-1.1411,3.5207,0.761
-0.5426,0.6397,-1.4235,-1.171,-0.6274,-1.7942,-1.17,-1.6257,0.0909,0.3277,-0.6487,-0.5434,-0.2631,3.3648,0.1996
-0.361,0.6471,-1.3663,-0.9374,-0.3954,-1.9993,-0.9483,-1.7927,0.0112,0.4279,-1.1194,-0.6498,-0.9142,3.3599,-0.3672
-0.4166,0.5471,-1.2206,-0.8825,-0.4065,-1.947,-0.9698,-1.597,-0.04,0.1452,-0.976,-1.068,-1.0803,3.1407,-0.713
-0.3265,0.5561,-1.6639,-0.6285,-0.2677,-1.837,-0.9597,-1.0221,0.6855,-0.269,-1.065,-1.2854,-1.3923,2.9874,-1.5268
-0.6894,0.6384,-1.5087,-0.87,-0.2277,-1.3683,-1.3577,-0.9248,0.7969,-0.64,-1.044,-1.6362,-1.4956,2.1751,-1.5675
-0.3162,0.3375,-1.1024,-0.6663,-0.256,-1.4061,-1.4459,-0.8472,0.4975,-0.9657,-0.8008,-1.8778,-1.3073,1.2852,-1.8827
-0.3247,0.6604,-0.5316,-0.6999,-0.1736,-1.3797,-1.0321,-0.2773,0.7217,-0.754,-0.4096,-1.6042,-1.5355,1.5173,-1.8218
-0.2914,0.8173,-0.7312,-0.8816,-0.1119,-1.5348,-1.2269,-0.1306,0.2217,-0.9823,-0.3869,-1.5033,-1.6854,1.0642,-1.7917
-0.1534,0.9286,-0.4009,-1.0566,-0.0622,-1.6546,-1.1544,0.3183,0.9727,-1.5253,-0.5321,-1.3087,-1.9107,0.7575,-2.0311
-0.1934,1.1927,0.2077,-1.2322,-0.1309,-1.8928,-1.0114,0.7646,0.7572,-1.3131,-0.3195,-1.1464,-2.1165,0.0021,-1.8633
-0.5137,1.0751,1.0999,-1.228,0.1896,-1.657,-1.114,0.7771,0.1043,-0.9996,0.0502,-1.1079,-2.2592,-0.7754,-1.466
-0.4191,1.2321,1.2074,-1.0936,0.7042,-1.8045,-0.7369,1.4194,-0.0084,-0.7304,0.4261,-0.9632,-2.1712,-0.7143,-1.0523
-0.5819,1.4032,0.9752,-0.6357,0.8935,-1.6181,-0.5806,1.4833,-0.0458,-0.3804,0.7624,-0.6016,-2.3885,-0.9425,-0.745
-0.443,1.5688,1.3715,-1.0615,0.936,-1.6914,-0.455,2.0941,-0.291,-0.1304,0.8008,-0.4532,-2.5027,-1.344,-0.2706
-0.3588,1.7579,1.7664,-1.0768,0.9972,-1.533,-0.3457,1.854,0.2226,0.2332,1.0219,-0.4354,-2.5236,-1.6284,0.4099
-0.3061,1.6895,2.4775,-1.3322,0.7672,-1.1908,-0.2872,1.8517,-0.3627,0.6533,1.2805,0.1853,-2.52,-1.3322,0.9469
-0.5455,1.9662,2.0195,-1.62,0.8277,-1.406,-0.107,1.0581,-1.2978,0.6804,0.8507,0.2901,-2.0302,-0.8207,1.0135
-0.5256,1.8729,1.1256,-2.1344,0.9457,-1.3899,-0.2622,0.9199,-0.6755,0.7536,0.3119,0.6857,-1.937,-0.3991,1.5126
-0.4714,1.7462,0.9287,-1.3765,0.8476,-1.6233,-0.3554,1.3696,-0.4201,0.7771,0.2392,0.5273,-1.668,-0.1664,1.5002
-0.4259,1.4164,0.4936,-1.3292,0.701,-1.3089,-0.7433,0.4718,-0.8515,0.7102,0.257,-0.3226,-1.6298,-0.4652,1.0357
-0.3724,1.2927,0.6178,-0.9814,0.8187,-1.4527,-0.7519,0.596,-0.4579,0.9999,0.2301,-0.2034,-2.1206,0.1704,0.8337
-0.5494,1.1621,0.5704,-0.9867,0.6589,-1.412,-0.4133,0.6345,-0.6903,0.6402,0.5088,-0.6337,-1.9275,0.2295,0.7006
-0.5388,1.1325,0.7867,-1.0264,0.6941,-1.4319,-0.4719,0.3338,-0.9509,0.2301,0.3459,-0.3996,-1.6451,0.3975,0.3663
-0.3656,1.1003,0.2707,-0.7769,0.7196,-1.6563,-0.3259,0.266,-0.9219,0.6364,0.4361,-0.1502,-1.1898,1.5092,0.4013
-0.2918,1.1292,-0.3463,-0.9669,0.6262,-1.6867,-0.5313,-0.5259,-0.3317,0.2735,0.2268,-0.0354,-1.3704,1.0968,0.3294
-0.5701,1.3007,-0.6661,-1.0165,0.49,-1.1838,-0.4262,-0.7259,-0.0181,0.4261,0.0558,-0.5779,-0.7944,1.0232,0.216
-0.603,1.1274,-1.0,-0.8885,0.4967,-1.1335,-0.1017,-0.8442,0.1248,0.3968,-0.0909,-0.9279,-0.8694,1.1093,-0.0677
-0.6064,0.7828,-0.9046,-0.5066,0.5559,-1.0212,-0.6063,-0.9486,0.5309,0.3183,0.0625,-0.9793,-1.0685,1.4007,-0.1349
-0.4931,0.7053,-0.2801,-0.9367,0.3965,-1.1874,-0.6199,-1.5323,0.4453,0.4409,0.1727,-0.974,-0.7746,1.4327,0.0603
-0.8488,1.0003,-0.8512,-1.1643,0.2731,-1.5767,-0.6289,-1.281,0.1826,0.6266,-0.0542,-1.0947,-0.8855,1.4549,0.0038
-0.8975,0.7358,-1.6866,-1.048,0.2824,-1.3118,-0.6651,-1.2477,-0.3276,0.2707,-0.449,-0.8728,-0.7221,1.5001,-0.1761
-0.6756,0.6034,-1.6145,-0.836,0.0843,-1.5234,-0.9445,-1.2578,0.9842,-0.0961,-0.7032,-1.0533,-1.2175,1.6336,-0.7288
-0.6067,0.52,-1.2106,-0.7317,0.2019,-1.7117,-1.3398,-0.6835,1.1249,-0.7298,-0.5606,-1.2298,-1.3882,1.1072,-1.2883
-0.5486,0.5726,-0.8379,-2.1497,0.0931,-1.6193,-1.174,-0.334,0.5063,-0.3934,-0.9915,-1.5869,-2.1161,0.5534,-1.5367
-0.2402,0.4596,-0.3681,-1.4642,0.1186,-1.9262,-0.8136,0.7012,1.8094,-0.6656,-0.821,-1.5772,-2.6372,1.5105,-1.4169
-0.5655,0.5096,0.3249,-0.9801,0.2705,-1.7064,-0.7999,0.7582,1.6836,-0.9183,0.1668,-1.7194,-2.1886,0.4496,-1.4472
-0.6097,0.9432,0.8966,-1.1584,0.6667,-1.7852,-1.419,0.847,1.0768,-0.8421,0.3546,-1.414,-2.2266,0.002,-1.5382
-0.5975,1.1583,0.9492,-1.355,0.7116,-1.6908,-1.2449,0.6583,0.2384,-0.5609,0.4396,-0.8892,-2.3412,-0.7,-1.437
-0.3709,1.1483,1.2698,-1.5708,0.9029,-1.8444,-0.8725,1.111,-0.2466,-0.2414,0.5246,-0.8251,-2.2213,-0.138,-1.1225
-0.4999,1.4081,1.9211,-1.1529,0.9832,-1.8528,-0.6553,0.9868,-0.5023,0.0989,0.8726,-0.4838,-2.484,0.1753,-0.6282
-0.5659,1.3714,1.2799,-0.5098,1.1307,-1.8786,-0.6032,1.1706,-0.4889,0.0874,1.6558,-0.2921,-2.321,0.4335,-0.2462
-0.6193,1.685,1.3542,-1.7695,1.0876,-1.8866,-0.8737,0.5086,-0.8315,0.2836,1.0162,-0.0123,-2.1472,0.2926,0.1468
-0.6266,1.5139,1.3715,-1.522,1.713,-1.8337,-0.6532,0.0617,-0.6759,0.8587,0.9319,0.109,-2.5876,1.1045,0.2277
-0.6019,1.279,0.6221,-1.0372,1.5336,-1.5969,-0.2874,-0.2309,-0.9923,1.2678,1.1148,0.0949,-2.243,1.043,0.5272
-0.5152,1.1874,0.3225,-0.6472,1.1694,-1.5313,-0.3356,-0.8256,-1.145,1.1028,1.2351,0.2976,-1.9253,1.1366,1.0979
-0.5607,1.1563,0.0101,-1.2635,0.9139,-1.31,-0.2376,-1.1249,-0.4553,1.5184,0.6979,0.1125,-1.5937,1.5954,1.1801
-0.4302,0.6759,-0.246,-0.7889,0.7251,-1.3065,-0.9693,-1.293,0.0761,1.2631,0.479,0.0514,-1.0136,2.006,1.3785
-0.5793,0.9706,-0.5193,-0.6807,0.6305,-1.3757,-1.2132,-1.0659,-0.2977,1.7497,0.3572,-0.2727,-1.2565,2.4555,1.3218
-0.4373,0.9422,-1.1454,-0.8359,0.5095,-1.5631,-1.4678,-1.4351,0.0301,0.778,0.0987,-0.5226,-1.2342,2.3307,0.9436
-0.7012,0.8062,-0.7343,-0.9157,0.5288,-1.656,-1.3974,-0.96,0.9978,0.797,-0.1737,-0.7479,-1.8579,2.1066,0.3743
-0.665,0.5072,-0.6291,-0.7738,0.3617,-1.4429,-1.2726,-1.1486,0.6491,-0.0013,-0.3807,-0.9463,-2.3496,2.2383,-0.3375
-0.7218,0.5664,-0.5927,-0.2966,0.1315,-1.074,-1.2904,-0.8861,0.6292,-0.638,-0.0986,-1.6759,-2.0674,1.8746,-0.7615
-0.506,0.412,-0.7973,-0.2376,0.3944,-1.2234,-0.6199,-1.172,0.1395,-0.8573,0.3785,-1.7035,-1.6371,2.5034,-1.0367
-0.4345,0.7371,-0.2902,-0.6324,0.54,-1.4575,-0.6809,-1.481,0.5954,-0.5892,0.4465,-1.4031,-1.2407,2.3796,-0.6137
-0.4839,0.9228,-0.6219,-0.9682,0.5309,-1.5262,-1.0556,-1.5543,0.6504,0.4229,0.0652,-1.0778,-0.5527,1.9562,-0.4089
-0.5148,0.7479,-0.8275,-0.5457,0.3555,-1.3735,-1.1201,-1.4442,0.763,0.7641,0.0178,-1.2684,-0.8783,2.1163,-0.2637
-0.4382,0.4261,-0.6997,-0.8134,0.1567,-1.7796,-1.3341,-1.3849,1.2191,-0.397,0.0471,-1.0953,-1.1717,3.1356,-0.4307
-0.4991,0.9145,-0.702,-0.8604,0.3036,-1.6502,-1.2805,-1.863,0.7279,-0.0554,-0.0054,-1.1811,-1.0767,2.816,-0.6891
-0.6324,0.5512,-1.3122,-0.6952,0.4904,-2.0144,-1.2685,-1.7308,0.2656,-0.0661,0.0318,-1.4195,-0.7069,2.8991,-0.5595
-0.7202,0.5787,-1.2161,-0.7959,0.2516,-1.8433,-1.1017,-1.807,0.3609,0.3366,0.0947,-1.5663,-1.2438,2.5887,-0.7117
-0.6154,0.7215,-1.7777,-0.7807,0.1354,-1.9115,-1.3135,-1.6526,1.0862,0.0779,-0.2433,-1.5149,-1.1539,2.5173,-0.7146
-0.6181,0.4661,-1.5898,-0.7847,-0.0529,-1.8472,-1.385,-1.439,1.4035,-0.8646,-0.4221,-1.7995,-1.3518,2.1766,-1.4655
-0.6653,0.5296,-1.0178,-0.9253,0.2433,-1.8344,-1.4527,-0.9618,1.6571,-1.0871,-0.2371,-1.7524,-1.3878,1.8248,-1.5324
-0.6978,0.648,-0.4827,-0.6155,0.4026,-1.7709,-1.4037,-1.2057,1.1601,-0.8042,-0.4178,-1.9396,-1.7578,1.5981,-1.4969
-0.6719,0.8127,-0.6306,-0.5634,0.4831,-1.9818,-1.2536,-0.2829,0.8294,-0.6968,-0.2378,-1.9126,-1.8198,1.6102,-1.6221
-0.6576,0.4967,-0.1588,-0.7477,0.5089,-1.8918,-1.1125,0.0853,0.8661,-1.0721,-0.1052,-1.9154,-2.0968,1.3162,-1.8927
-0.7168,0.7385,0.3954,-0.7276,0.5961,-1.9173,-1.2199,0.2745,0.6947,-0.4825,0.0308,-1.7504,-1.6562,0.9048,-1.785
-0.6447,0.7942,0.1094,-0.793,0.726,-1.9224,-1.122,0.5142,0.4419,-0.9866,0.4314,-1.5686,-1.5583,0.91,-1.6731
-0.5388,1.0298,0.7761,-0.5798,0.3982,-1.6838,-1.1108,0.5114,0.4819,-1.0248,0.5044,-1.5799,-1.1597,0.6351,-1.6081
-0.7436,1.0849,1.2741,-0.3228,0.8988,-1.4676,-0.8824,0.0749,0.2631,-0.5805,1.0393,-1.4649,-0.8891,0.4132,-0.9095
-0.574,1.3185,0.8941,-1.3153,0.9411,-1.6034,-0.8197,0.2554,-0.6051,-0.1295,0.7493,-0.711,-1.0777,0.3267,-0.4345
-0.5702,1.1141,1.3033,-1.469,0.9438,-1.6639,-0.7846,0.2112,-0.3222,-0.3542,0.6715,-0.5455,-1.049,0.0767,-0.4008
-0.6506,1.2331,0.8802,-1.417,1.1301,-1.414,-0.7009,0.2545,-0.4851,0.2354,0.6884,-0.6744,-1.0383,0.3342,-0.0613
-0.5546,1.0576,1.3421,-0.8345,1.2722,-1.4748,-0.5345,0.053,-0.368,0.5068,0.9781,-0.5171,-1.0367,0.8013,0.243
-0.424,1.4441,0.6819,-0.998,1.1943,-1.6345,-0.8414,-0.043,-0.4065,0.3006,0.8993,-0.3881,-1.1319,0.8049,0.5927
-0.4799,1.3691,0.3559,-1.2453,0.9166,-1.5795,-0.9734,-0.2869,-0.459,0.6897,0.7445,-0.5475,-1.2528,1.1216,0.5484
-0.5935,1.0128,0.1262,-0.838,0.9354,-1.3492,-0.4739,0.2275,0.3583,0.6888,0.6192,-0.5768,-1.3479,1.9576,0.2604
-0.4645,0.8659,0.5055,-0.7775,0.8234,-1.1125,-0.8159,-0.7071,0.1634,0.5266,0.3406,-0.5556,-0.7181,1.1945,0.2428
-0.5714,0.8103,0.094,-1.0796,0.42,-1.1209,-0.8499,-0.4666,-0.2644,0.417,0.3171,-0.7225,-0.9336,2.1682,0.0494
-0.5808,0.6301,-0.1423,-1.3186,0.5454,-1.2529,-0.364,-0.4174,-0.4186,0.2208,0.046,-0.7432,-0.7375,2.1134,-0.2333
-0.5783,0.6459,-0.526,-0.9777,0.4229,-1.1948,-0.5488,-1.1279,-0.6085,-0.0309,0.1594,-0.8596,1.3477,2.7572,-0.1515
-0.4454,0.4772,-0.6319,-0.4206,0.4033,-1.2191,-0.7138,-2.3668,-0.4935,0.3572,0.091,-1.1292,0.6215,2.6382,-0.0896
-0.6298,0.7031,-1.5136,-0.9149,0.3102,-1.3357,-0.7698,-2.3669,-0.3285,0.4175,-0.7564,-1.1322,-0.1619,2.7895,-0.3102
-0.5139,0.5562,-1.7821,-1.2072,-0.0172,-1.7006,-0.8783,-1.7399,0.6037,0.0976,-0.9504,-1.6357,-0.3337,3.207,-0.5174
-0.5068,0.2235,-1.4385,-0.8069,-0.1459,-1.4051,-0.9113,-1.8449,0.9818,-1.0052,-0.7916,-1.939,-0.2508,2.6505,-1.3154
-0.6306,0.2746,-1.4035,-1.2178,0.1497,-1.1245,-1.0537,-1.5784,1.1288,-1.9983,-1.0299,-2.0902,-0.5642,1.9985,-2.1775
-0.4624,0.277,-1.2602,-0.8887,0.3369,-1.7824,-0.9248,-1.4945,1.1223,-1.8587,-1.1014,-2.0395,-0.5334,1.2387,-2.622
-0.444,0.2966,-0.9763,-0.6284,0.2448,-1.6508,-1.0256,-0.7422,1.5307,-2.0217,-0.8309,-2.3855,-0.588,0.9428,-2.5037
-0.4791,0.5187,-0.2669,-0.7672,0.5473,-1.5178,-1.0705,-0.1923,1.9853,-1.2925,-0.4832,-2.3456,-0.7359,0.1296,-2.1154
-0.4001,0.732,0.3524,-1.4512,0.5583,-1.159,-1.3079,0.0986,0.7387,-1.4678,-0.6779,-1.7082,-1.2189,0.0793,-1.8812
-0.0624,0.6536,0.698,-1.4099,0.8113,-1.3361,-1.3172,0.8189,0.8654,-1.1324,-0.4203,-1.9334,-1.8362,0.0069,-1.638
-0.2533,1.065,1.031,-1.1925,1.1438,-1.5605,-1.2246,1.2562,0.2648,-1.185,-0.2107,-1.3319,-1.9776,-0.5201,-1.5683
-0.4392,0.9774,1.7142,-0.7751,1.3952,-1.5342,-1.2545,1.7998,0.618,-0.3823,0.2642,-0.8021,-2.2149,-0.538,-1.0815
-0.4011,1.0247,2.0024,-1.167,1.5139,-1.7783,-1.2834,2.1785,0.2313,-0.663,0.7853,-0.9909,-2.2572,-1.0435,-0.8342
-0.4414,1.2165,2.6822,-1.4775,1.8649,-1.5644,-0.9085,1.8034,-0.4778,-0.5671,1.1073,-0.393,-2.4352,-1.5815,-0.0681
-0.2799,1.4262,2.9993,-1.4315,1.9409,-1.5637,-0.8687,2.1243,-1.2709,-0.2762,1.3315,-0.2736,-2.7765,-1.9836,0.572
-0.3859,1.6324,2.8043,-1.8475,1.9526,-1.4596,-0.7224,2.3272,-1.4107,1.0586,1.4061,-0.0538,-2.4941,-0.823,1.1871
-0.2862,1.7147,2.8548,-1.6405,1.9141,-1.5774,-0.7478,1.4056,-1.8484,0.7088,1.367,0.1861,-2.3415,-0.0681,1.3287
-0.378,1.8388,1.6439,-1.54,2.0377,-1.9368,-0.8294,0.904,-1.9282,0.4194,1.3501,-0.0151,-1.6643,0.3221,1.4365
-0.4937,2.0109,1.3949,-1.2036,1.7385,-1.4999,-0.764,0.6925,-1.73,0.4948,1.1933,0.369,-1.9435,0.5221,1.2969
-0.4575,1.5281,1.1035,-1.4055,1.7262,-1.6062,-0.4297,-0.2765,-1.6623,0.9044,1.13,0.206,-1.8502,0.964,1.131
-0.8717,1.5244,0.5692,-1.383,1.751,-1.7956,-0.8303,-0.7845,-1.5951,1.4802,0.8418,0.2891,-0.8838,1.131,1.5764
-0.711,1.141,-0.0009,-1.3371,1.484,-1.855,-1.109,-1.2723,-1.4681,0.4685,0.6102,-0.1509,-1.0874,1.2973,1.1558
-0.6758,0.9561,-0.8523,-1.6087,1.2932,-1.574,-1.2486,-1.3914,-0.753,0.4682,0.0043,-0.3913,-1.247,1.4163,0.7855
-0.7017,0.8773,-0.8981,-1.7615,1.0577,-1.5579,-1.3459,-1.3981,-0.3186,0.0424,-0.5362,-0.7447,-1.0491,1.9033,0.1177
-0.7139,0.8249,-0.7867,-1.6293,1.0075,-1.3807,-1.5853,-1.5066,0.035,-0.1387,-0.8501,-0.8685,-1.3953,2.6329,-0.3885
-0.4614,0.8748,-0.9466,-1.6833,0.9099,-1.4813,-1.4428,-1.4035,0.7281,-0.2589,-1.1494,-1.3547,-1.1717,2.5446,-0.7227
-0.6852,0.5137,-0.7137,-1.2116,0.7695,-1.3371,-1.7776,-1.2368,0.9665,-0.7077,-0.9911,-1.5869,-0.9225,2.1333,-1.3675
-0.575,0.4349,-0.5372,-0.2726,0.7893,-1.4392,-1.6632,-1.1593,0.8791,-1.1735,-0.193,-1.7092,-1.0755,1.6515,-1.3995
-0.7476,0.9692,-0.8123,-0.796,0.8611,-1.4798,-1.4961,-1.0025,0.39,-0.9368,-0.188,-1.6054,-1.3291,0.8784,-1.1977
-0.6796,0.732,-0.6591,-0.8206,1.065,-1.2697,-1.3995,-1.0074,0.2275,-1.4449,-0.1603,-1.0855,-1.0421,0.4484,-1.0615
-0.5587,0.6387,-0.8831,-0.7967,1.1428,-1.3361,-1.366,-0.4438,0.5308,-1.3769,-0.1389,-1.3956,-1.3834,0.2954,-0.9691
-0.5334,0.6258,-0.4398,-0.9487,1.0643,-1.4385,-1.6005,-0.0547,0.9425,-1.5647,-0.2125,-1.2054,-1.6884,0.1091,-1.2792
-0.3992,0.7171,0.2673,-1.3818,1.2096,-1.5606,-1.7721,0.0836,0.6444,-1.23,-0.2469,-1.5398,-1.7428,-0.4109,-1.3796
-0.5645,0.8144,1.0226,-1.4511,1.3201,-1.3158,-1.4345,0.3861,0.6136,-0.9355,-0.0913,-1.4138,-1.5148,-0.7326,-1.2357
-0.5174,0.9755,1.319,-1.6657,1.4978,-1.1067,-1.7046,0.2266,-0.0918,-0.783,0.2621,-1.4509,-1.6875,-0.8646,-0.9121
-0.7211,1.2906,0.9135,-1.4982,1.6348,-1.3574,-1.7997,1.0544,0.1133,0.3827,0.371,-1.0333,-2.3023,-0.2783,-0.2357
-0.7249,1.0068,1.0862,-1.3242,1.5486,-1.3199,-1.699,0.755,-0.3603,-0.3642,0.6993,-1.4604,-2.3792,-0.3302,-0.1608
-0.3847,1.2286,1.489,-1.2294,1.5005,-1.3346,-1.1639,0.572,-0.224,-0.3176,0.8208,-0.9836,-2.0702,-0.4401,-0.0059
-0.6834,1.3806,1.7269,-1.2537,1.7115,-1.4262,-1.1547,0.2928,-0.5401,-0.3445,0.8996,-0.3796,-1.8711,-0.4117,0.2749
-0.6157,1.3319,1.2815,-1.3416,1.9726,-1.3554,-0.7698,-0.497,-1.1126,0.3447,1.0992,-0.4665,-1.8083,-0.4125,0.5522
-0.6349,1.5047,1.1165,-1.4206,1.768,-1.3882,-1.0492,-0.28,-1.0844,0.6318,0.6279,-0.0899,-2.2982,0.0733,0.9389
-0.8092,1.4126,0.7204,-1.4234,1.6687,-1.1884,-1.5046,0.0895,-0.6814,0.5616,0.2613,-0.1101,-2.0591,1.2419,0.7587
-0.8534,1.1376,0.4455,-1.5129,1.5682,-1.0012,-1.2422,-0.0585,-0.6964,0.3956,0.1674,0.1627,-2.1285,1.1431,0.7418
-0.9228,1.1641,0.2699,-1.6858,1.0254,-1.1944,-0.5521,-0.8536,-0.8233,0.1252,-0.1564,-0.0114,-1.9087,0.7415,0.4681
-0.8864,1.0313,0.1046,-1.8615,1.0278,-1.1137,-0.6936,-0.5554,-0.2422,-0.3896,-0.4894,0.0705,-1.0534,1.4764,0.3555
-0.8385,1.017,0.5499,-1.5461,1.1757,-1.2557,-1.2391,-0.5088,-0.1557,-0.786,-0.6248,-0.7893,-0.8454,1.3047,-0.1059
-0.8347,0.8667,0.3331,-1.2828,1.3621,-1.6511,-1.1637,-1.601,-0.4539,-0.6371,-0.1887,-0.709,-1.035,1.4178,-0.0216
-0.877,1.1088,-0.1798,-0.9334,1.2327,-1.5563,-1.1108,-1.2165,-0.1453,0.0779,-0.2536,-0.4805,-1.8575,1.6602,-0.0686
-0.9616,0.9345,-0.2937,-1.178,1.1887,-1.4853,-0.9667,-0.8295,0.1344,0.0483,-0.3328,-0.3625,-1.5357,1.9579,0.1651
-1.0037,0.8706,-0.4058,-0.8822,1.0364,-1.4264,-1.1612,-1.4602,-0.0925,-0.4069,-0.1616,-0.4757,-0.7465,1.239,0.1581
-0.6773,0.6816,-0.2366,-1.1162,0.95,-1.2593,-0.7991,-1.9011,-0.1076,-0.0456,-0.2209,-0.5293,-0.6386,1.2394,-0.2926
-0.8375,1.2161,-0.1126,-1.2927,0.8303,-1.416,-0.9665,-1.6062,0.1746,0.1868,-0.3385,-0.505,-0.6742,1.5266,0.0321
-0.8968,0.9779,-0.5437,-1.4075,0.795,-1.2017,-1.133,-1.6501,0.3045,-0.0271,-0.4963,-0.6287,-1.0729,1.6485,-0.129
-0.7852,0.7186,-0.7216,-1.4793,0.9978,-1.1,-1.4064,-1.5129,0.6988,-0.5391,-0.9092,-0.6167,-1.1913,1.8562,-0.358
-0.777,0.7954,-0.6656,-1.526,0.9049,-1.1717,-1.213,-1.6118,1.2193,-0.716,-1.0872,-0.6153,-1.4683,1.5192,-0.973
-0.9281,0.5739,-0.4025,-1.203,0.6801,-1.3463,-1.7382,-1.377,0.612,-0.6675,-1.0009,-1.0718,-1.3893,1.4211,-1.1576
-0.844,0.7724,-0.5487,-1.1148,0.7464,-1.37,-1.5211,-0.9219,0.1892,-0.8746,-0.9392,-1.0643,-1.4847,1.4501,-1.2251
-0.9085,0.6697,-0.3563,-1.5357,0.7924,-1.178,-1.2884,-0.5981,0.4412,-1.4768,-1.0528,-1.1569,-1.8131,1.0181,-1.7872
-0.7783,0.6906,-0.0515,-1.3345,0.9172,-1.0346,-1.3778,-0.4736,0.5165,-1.4323,-0.8941,-1.4451,-1.377,0.3612,-1.8839
-0.6121,0.855,0.3565,-1.3782,1.4375,-0.6629,-1.1465,-0.0587,0.8987,-1.3026,-0.6711,-1.4301,-1.7017,0.369,-1.6689
-0.7516,0.9809,1.7008,-2.7859,1.3424,-0.8783,-0.9838,0.2314,0.3261,-0.6722,-0.862,-1.2826,-1.8199,0.0631,-1.1078
-0.611,1.3406,1.5112,-2.1662,1.5858,-1.3144,-1.0363,0.4185,0.0575,-0.4671,-0.6954,-0.92,-1.5039,0.0323,-0.7472
-0.6855,1.3565,1.2963,-2.1871,1.6563,-1.4813,-0.9986,0.7131,-0.1652,0.0536,-0.526,-0.8195,-1.4724,0.3722,-0.3495
-0.7947,1.0999,1.1548,-1.8809,1.5264,-1.2448,-0.6676,-0.2852,-0.4555,-0.239,-0.3758,-0.6693,-1.6546,-0.5034,-0.0686
-0.9627,1.0102,0.4554,-1.8493,1.3424,-1.0362,-0.8901,0.2402,-0.4304,-0.8135,-0.33,-0.2876,-1.7359,0.1773,-0.0162
-1.015,1.0042,0.5544,-1.9071,1.7584,-0.7893,-0.9991,0.1255,-0.315,-0.6179,-0.3469,-0.2542,-1.6208,-0.1912,-0.0102
-0.9678,1.1485,0.3708,-2.1716,1.6212,-0.8571,-0.9018,-0.4695,-0.0313,-0.4625,-0.5826,-0.5138,-1.7032,-0.4789,-0.2968
-0.9738,1.082,0.328,-1.6357,1.3516,-0.8,-1.3176,0.3599,0.3995,-0.7241,-0.3819,-0.3078,-2.1317,-0.1137,-0.5352
-0.7803,0.9786,1.0974,-1.7044,1.3605,-0.9267,-1.4254,0.325,0.3591,-0.8194,-0.3026,-0.417,-1.8252,-0.3189,-0.8721
-0.706,0.8781,0.8088,-1.4616,1.3616,-0.9571,-1.2741,0.1999,0.2703,-0.2695,-0.0565,-0.4942,-2.2966,-0.351,-0.3909
-0.7175,1.1379,1.1466,-1.8115,1.2321,-0.7487,-0.876,0.4945,-0.0731,-0.1238,-0.2983,0.3983,-1.4598,-0.5578,-0.2694
-0.6122,1.3593,1.3514,-1.8834,1.161,-0.7097,-0.8821,0.3154,-0.2461,-0.2618,-0.2522,0.1244,-1.8518,-0.135,-0.0303
-0.3454,1.2355,1.2381,-1.5399,1.3556,-0.7269,-1.3566,0.1287,-0.7898,-0.585,0.1894,-0.3537,-1.5249,-0.5097,0.092
-0.5321,1.4984,0.6095,-2.0328,1.5121,-0.8175,-1.1448,-0.0713,-0.9311,-0.4041,-0.3638,-0.4836,-1.0483,-0.1512,-0.2248
-0.3108,1.4079,1.2847,-1.9696,1.3026,-0.8959,-1.1045,-0.1418,-0.6626,-0.5828,-0.3924,-0.4038,-1.3986,-0.312,-0.2744
-0.6217,1.6749,1.1934,-2.1462,1.4887,-0.7548,-1.2912,0.0513,-0.9204,0.0207,-0.4725,-0.6141,-1.5836,-0.5201,0.1747
-0.5555,1.3931,1.0156,-1.7587,1.4355,-1.0193,-1.4234,0.3451,-0.9995,-0.5117,-0.2557,-0.7094,-1.5284,-0.2454,-0.0968
-0.4724,1.2264,1.2842,-1.805,1.4163,-0.9572,-1.2172,0.2687,-0.2987,-0.4532,-0.2476,-0.6281,-1.8341,-0.124,-0.2497
-0.3996,1.4493,1.2276,-1.9301,1.389,-0.9561,-1.3494,-0.2172,-0.9246,-0.0934,-0.0988,-0.7007,-1.6263,0.1438,0.1922
-0.4867,1.2527,0.5057,-2.0139,1.3139,-1.175,-1.4394,-0.4239,-0.1508,-0.4142,-0.5867,-0.5405,-1.704,-0.0001,-0.1158
-0.4463,1.1112,1.0212,-1.7217,1.078,-1.2071,-1.3127,0.0813,0.1327,-0.3977,-0.3727,-0.6878,-1.8581,0.0946,-0.2789
-0.6448,1.2151,1.052,-1.4335,1.462,-0.9926,-1.348,-0.1284,0.1404,-1.0203,-0.2518,-0.5071,-1.8076,-0.1492,-0.6714
-0.4359,1.0042,1.2567,-1.7591,1.3626,-1.1555,-0.8049,-0.0708,-0.4292,-0.9024,-0.2114,-0.4591,-1.8144,0.0503,-0.6177
-0.4199,1.3223,1.2999,-1.8902,1.4264,-0.9399,-0.8121,0.3892,-0.2357,-0.5607,-0.2186,0.1167,-2.0134,0.1877,-0.511
-0.5998,1.4206,1.1773,-2.0014,1.6387,-1.0193,-0.9739,-0.0754,-0.3149,-1.0537,-0.2185,0.1477,-1.6686,-0.3724,-0.3911
-0.6548,1.1845,0.7165,-1.8497,1.6666,-1.0218,-0.6305,-0.2212,-0.411,-0.4046,-0.3302,-0.2179,-1.5003,-0.2761,-0.0848
-0.418,1.1137,0.8632,-1.8587,1.6177,-1.0982,-0.7919,0.0723,-0.192,-0.1331,-0.3467,-0.3639,-1.3357,-0.3253,0.174
-0.5271,1.2568,1.2191,-2.4828,1.3599,-1.4547,-0.6043,0.0857,0.0094,-0.2701,-0.4517,-0.4346,-1.56,-0.1994,-0.2045
-0.5263,1.3131,0.8417,-2.392,1.3559,-1.2172,-0.6343,0.2372,0.1844,-0.4253,-0.5467,-0.4026,-1.4759,-0.1485,-0.3029
-0.3616,1.3207,1.9915,-2.4057,1.3323,-1.1101,-1.132,-0.2337,0.0754,-0.8819,-0.6851,-0.3989,-1.7011,-0.299,-0.3989
-0.3885,1.2771,1.3057,-2.1021,1.5272,-1.2855,-1.137,0.0189,-0.2354,-0.0881,-0.2402,-0.5689,-1.4494,-0.2041,-0.2815
-0.4173,1.4429,1.4364,-2.2757,1.4505,-1.2238,-1.2612,0.4399,-0.4429,0.097,-0.3522,-0.1744,-1.7737,0.008,-0.1284
-0.5125,1.5132,1.2095,-1.5675,1.3422,-1.1376,-1.0987,-0.085,-0.9068,0.033,-0.0416,-0.0383,-1.9712,-0.2602,0.1304
-0.5748,1.4301,0.9241,-1.7492,1.4027,-1.1625,-0.6956,-0.733,-0.8922,-0.5312,-0.0319,-0.008,-1.8706,-0.098,-0.0555
-0.4388,1.372,0.5949,-2.6482,1.3762,-0.7838,-0.6073,-0.5091,-0.3751,-0.3535,-0.4597,-0.1329,-1.4943,0.323,-0.179
-0.5782,1.2172,0.1969,-2.5054,1.3699,-0.8026,-1.1368,-0.6026,0.0323,-0.3809,-0.8423,-0.354,-1.3944,0.495,0.0655
-0.5739,1.1124,0.312,-1.9133,1.1574,-0.9916,-1.2557,-1.277,-0.1312,0.2075,-0.5927,-0.8864,-1.7883,1.0495,-0.1429
-0.555,1.1668,-0.1221,-1.6875,1.1278,-1.3609,-1.3205,-0.4929,0.4298,-0.3605,-0.7106,-1.0102,-1.5293,1.4602,-0.4121
-0.532,1.138,0.608,-1.1243,1.2172,-1.4617,-1.1454,-1.4265,0.3307,-0.2205,-0.2946,-1.0034,-1.3833,1.0085,-0.5066
-0.5078,1.2907,-0.2103,-1.7229,1.3228,-1.3466,-1.3892,-1.2681,-0.2154,-0.3601,-1.0446,-0.8209,-1.172,0.8224,-0.747
-0.4827,1.0614,-0.504,-1.7973,1.0655,-1.4684,-0.9131,-0.5111,0.6747,-0.5076,-1.0642,-1.2952,-1.0747,1.0296,-0.8732
-0.62,0.8327,-0.1065,-1.6921,1.0007,-1.4728,-1.1698,-0.9322,0.6663,-1.1907,-0.9717,-1.3343,-1.5196,-0.1241,-0.7636
-0.4905,0.9745,0.0452,-1.7589,1.1516,-1.2101,-1.364,0.2209,0.7206,-1.0516,-0.8213,-1.7777,-1.7355,-0.3225,-0.8337
-0.4444,0.9157,0.2633,-1.8006,1.7057,-1.2298,-1.0362,0.7309,0.671,-0.7949,-0.5763,-2.2128,-2.4301,-0.5749,-0.6983
-0.5681,1.0535,0.9302,-1.414,1.6747,-1.1973,-0.9432,1.0609,0.8692,-0.5753,-0.1354,-1.8568,-2.258,-0.9296,-0.5684
-0.4892,1.1565,1.5611,-1.7,1.969,-1.123,-1.0598,1.5667,0.4013,-0.8077,0.0703,-1.169,-2.9917,-1.7644,-0.468
-0.5197,1.3764,2.1757,-1.3129,2.0432,-1.3241,-0.7808,2.2801,-0.1041,-0.8851,0.6857,-0.7665,-2.7904,-1.7812,-0.0975
-0.5759,1.7852,2.4452,-1.8398,2.2611,-1.3524,-0.5099,2.0178,-1.1046,-0.4794,0.6445,-0.4754,-2.8139,-2.3909,0.2652
-0.4365,1.7581,2.7762,-2.089,2.3835,-1.1038,-0.8625,1.7617,-1.392,0.2475,0.7166,-0.2501,-2.4507,-2.4946,0.8953
-0.4932,1.7102,2.5289,-2.386,2.3257,-1.3736,-1.0175,1.9848,-1.2525,0.8043,0.3851,0.1052,-2.2806,-2.0863,1.0686
-0.5775,1.7628,2.4815,-2.031,2.2208,-1.3557,-0.9798,2.0163,-0.4001,0.4398,0.5499,0.2225,-2.3854,-2.0464,1.2853
-0.6345,2.2047,2.8024,-2.3712,2.272,-1.4453,-0.9459,1.8686,-0.9222,0.2703,0.5235,0.3665,-2.2265,-1.9969,1.1994
-0.5655,2.0169,2.9389,-1.997,2.3808,-1.3399,-0.9031,1.7454,-1.2336,0.6018,0.6889,0.5643,-2.0438,-1.6207,0.989
-0.4629,1.7713,2.6743,-1.8205,2.3861,-0.9679,-0.7795,0.9006,-2.034,0.5156,0.831,0.3797,-2.3665,-1.7334,1.183
-0.7735,1.9341,1.9919,-1.5172,2.3408,-0.9128,-1.3315,0.9105,-1.7532,1.3965,0.974,0.2912,-1.97,-1.0841,1.7514
-0.8175,1.8406,1.8852,-1.5551,2.1524,-1.1309,-1.0347,0.0683,-2.3369,1.0573,0.7913,0.4767,-1.9764,-0.6051,1.7897
-0.8181,1.774,0.9302,-1.6094,1.8357,-1.4907,-1.2122,-0.639,-1.932,0.6998,0.5162,0.7522,-1.5794,0.0332,1.5879
-0.6427,1.5075,0.016,-1.8434,1.6368,-1.4605,-1.2964,-0.4975,-1.2768,0.7215,-0.06,0.5989,-0.933,0.5669,1.1982
-0.6335,1.3269,-0.2181,-1.8512,1.6492,-1.5362,-1.2449,-1.3038,-0.9646,0.726,-0.4623,0.4374,-1.0177,0.3315,0.9397
-0.6533,1.1346,-0.6379,-1.9805,1.1567,-1.4695,-1.26,-1.4924,-0.9498,0.5541,-0.668,0.0332,-1.0888,0.1622,0.5647
-0.7967,0.6374,-0.4124,-2.4167,0.8817,-1.8999,-1.7444,-0.702,0.2101,-0.2708,-1.3392,-0.4422,-1.1008,0.0618,0.1353
-0.8975,0.5593,0.0121,-1.1571,1.0541,-1.7576,-1.8075,0.1119,0.538,-1.2385,-0.903,-0.9308,-1.5742,0.2856,-0.6169
-0.631,0.5717,0.684,-1.3145,1.4546,-1.2721,-1.4829,-0.0343,0.3702,-1.1882,-0.5539,-0.593,-1.4587,-0.3521,-1.0212
-0.5867,1.0148,1.0877,-1.5356,1.6992,-1.2349,-1.367,-0.3431,-0.1227,-0.6143,-0.5371,-0.6274,-1.5339,-0.7458,-0.7489
-0.9351,1.1427,1.0337,-1.8936,1.8238,-1.2658,-1.365,-0.1275,-0.0665,-0.315,-0.1846,-0.3945,-1.2004,-0.6559,-0.2955
-0.6664,1.0257,0.8521,-1.3756,1.7937,-1.4092,-1.1442,-0.2867,-0.3685,0.3654,-0.079,-0.2056,-1.6492,-0.5584,-0.0374
-0.775,1.0948,0.8837,-1.0293,1.8047,-1.3192,-0.6469,-0.1895,-0.2473,0.2361,0.2138,-0.2832,-1.9742,0.1246,0.1877
-0.7221,1.3461,1.0964,-1.2556,1.6022,-1.5946,-0.815,-0.1386,-0.5887,0.6975,0.2237,-0.0433,-1.6158,-0.4328,0.8362
-0.5927,1.1922,0.1393,-1.5115,1.7014,-1.9598,-1.1475,-0.3113,-0.4815,0.2785,-0.0463,-0.024,-1.3483,-0.0027,0.7977
-0.521,1.0799,0.2368,-1.6364,1.5579,-1.7622,-1.2895,-0.7802,-0.7563,0.2136,-0.2284,0.0866,-1.3059,-0.2166,0.6752
-0.5449,1.2926,-0.0545,-2.1587,1.5599,-1.6104,-1.3429,-1.0243,-0.5249,-0.2815,-0.7384,0.0629,-1.3247,0.0559,-0.0118
-0.5708,0.9509,-0.1681,-1.6235,1.4743,-1.828,-1.5172,-0.3977,-0.3701,-0.3763,-0.9122,0.0398,-1.5111,0.5327,-0.2907
-0.6994,0.8506,-0.0144,-1.9874,1.6824,-1.8334,-1.695,-0.5854,-0.757,-0.3441,-1.0519,-0.1505,-1.9719,0.2061,-0.6114
-0.5011,0.6939,-0.0219,-2.1596,1.5722,-1.7883,-1.7237,-0.3541,-0.1767,-0.3758,-1.0681,-0.5117,-2.063,0.2211,-0.8912
-0.3656,0.8536,0.3949,-2.0843,1.6037,-2.0245,-1.3118,0.1115,0.518,-0.392,-1.0463,-0.5815,-2.17,0.5637,-0.9074
-0.6143,0.8997,0.605,-1.1217,1.5705,-1.8943,-1.4454,0.1606,0.0666,-0.4239,-0.4645,-0.9396,-2.1209,0.1518,-0.5571
-0.3829,1.0204,0.9179,-1.5745,1.5942,-2.0878,-1.5028,0.3821,0.2665,-0.358,-0.2394,-0.6542,-2.2365,-0.7696,-0.5461
-0.4594,1.0902,0.9865,-1.7481,1.653,-2.1746,-1.4456,0.0056,-0.6574,-0.1857,-0.2612,-0.1942,-2.1327,-0.9385,-0.4231
-0.6177,1.1455,0.8654,-1.7074,1.7753,-1.8293,-1.449,0.2757,-0.6027,-0.627,-0.1049,0.0038,-2.0482,-0.9641,-0.5387
-0.836,1.1651,0.7474,-1.66,1.7976,-1.6294,-0.8272,0.4075,-0.7834,-0.1607,-0.5252,0.2132,-1.8802,-1.1573,-0.4106
-0.6681,1.215,0.9751,-2.0118,1.8404,-1.5919,-0.7999,0.6368,-0.4621,-0.0647,-0.6693,0.2902,-1.8977,-0.9419,-0.2511
-0.8527,1.102,0.7555,-0.7008,1.8272,-1.5936,-1.0688,0.2935,-0.5467,-0.3824,-0.0846,0.0391,-1.7011,-0.9028,0.1319
-0.8287,1.1261,0.7233,-0.888,1.906,-1.6068,-0.9184,0.2698,-0.6936,0.1566,0.317,-0.0977,-1.4318,-0.7635,0.2481
-0.8598,1.3653,0.8047,-1.156,1.802,-1.7291,-1.133,-0.037,-1.1637,0.5491,0.3119,0.0673,-1.1874,-0.6456,0.9069
-0.7952,1.333,0.512,-1.5107,1.7231,-1.4686,-1.3516,-0.9355,-0.9996,0.8837,-0.2575,-0.0525,-1.2858,-0.1642,0.749
-0.7475,1.1307,-0.6447,-1.4521,1.5268,-1.5067,-1.0953,-0.5632,-0.7041,0.978,-0.5985,0.0214,-1.3666,-0.0676,0.7825
-0.5297,0.9061,-0.2698,-1.3578,1.2114,-1.6201,-1.8948,-0.4622,0.7011,-0.2385,-0.6636,-0.2401,-1.3429,0.0267,0.3532
-0.6688,1.0724,0.0578,-1.4241,1.1129,-1.5603,-1.8398,-0.0632,0.6347,-0.6909,-0.4113,-0.2624,-2.056,-0.1541,-0.3601
-0.8335,0.8887,0.1871,-1.518,1.1826,-1.6189,-1.5345,0.3845,0.3966,-0.8297,-0.5133,-0.3357,-2.2791,-0.3067,-0.688
-0.8581,0.8899,0.547,-1.4898,1.5096,-1.6082,-1.0642,0.5021,-0.0168,-0.7541,-0.4543,-0.4783,-2.2415,-0.2432,-0.778
-0.7264,0.826,0.5645,-1.6089,1.3656,-1.9623,-0.9946,0.9764,0.2321,-0.808,-0.4713,-0.3696,-1.7098,-0.729,-0.7568
-1.0033,0.9407,1.1301,-1.727,1.7192,-1.7055,-1.3091,1.0174,0.1052,-0.3922,-0.2112,-0.3927,-2.0891,-1.3453,-0.4082
-0.8054,0.9956,1.2052,-1.408,1.7149,-1.7816,-1.2391,0.5444,-0.7539,-0.3123,0.0644,-0.1134,-2.2368,-1.2205,-0.1127
-0.7797,1.212,1.0304,-1.9886,1.5877,-1.8908,-1.2972,0.3944,-1.411,0.1016,0.0431,-0.3018,-2.0331,-0.9089,0.0404
-0.7454,1.2745,0.5709,-1.9097,1.6181,-1.7881,-0.9231,0.1933,-0.7682,0.2351,-0.4181,-0.1984,-2.2143,-0.2932,0.1596
-0.7675,1.3225,0.3567,-1.4721,1.3864,-1.6124,-1.0532,0.8647,-0.1095,0.2433,-0.1334,-0.2155,-2.2186,-0.2002,0.4084
-0.6811,1.1146,0.8623,-1.3444,1.3173,-1.4858,-1.2042,0.3124,-0.415,-0.3115,-0.3998,-0.2387,-1.8552,-0.5506,0.0832
-0.6264,1.1933,0.9393,-0.9637,1.382,-1.4012,-1.3357,0.2745,-0.8756,-0.3305,0.1218,-0.2895,-2.1223,-0.5313,0.0567
-0.6771,1.2498,0.6949,-1.3394,1.3303,-1.5526,-1.1729,0.3687,-0.5511,-0.437,0.1098,0.0589,-2.2886,-0.3552,0.3648
-1.1987,1.2441,0.1228,-1.9034,1.3032,-1.5489,-1.4661,0.4532,0.1182,-0.3901,-0.3194,0.2731,-2.1115,-0.6375,0.358
-0.845,0.9948,0.0625,-1.8607,0.8406,-1.5121,-1.3478,0.8077,0.6678,-1.6206,-0.7372,0.4665,-2.1013,-1.2031,-0.7334
-0.5122,0.9064,1.0075,-1.8126,1.0236,-1.4907,-1.356,1.1698,0.4846,-1.3197,-0.577,-0.0341,-2.6701,-1.7409,-0.7673
-0.537,1.2712,0.9545,-1.8016,1.2956,-1.7039,-1.3228,1.3701,0.317,-1.5558,-0.7619,0.1096,-2.5635,-2.1104,-1.0753
-0.478,1.2022,1.4302,-2.0716,1.5923,-1.753,-1.1287,1.6344,0.0407,-1.3607,-0.4048,-0.1023,-2.4497,-2.1477,-0.409
-0.4509,1.2061,1.4985,0.3036,1.8665,-2.0595,-1.2085,2.0685,-0.7309,-1.2714,0.8666,-0.1428,-2.3268,-2.3204,-0.2506
-0.4812,1.57,2.0032,-1.0931,2.1405,-1.7606,-1.1117,1.8491,-1.3347,0.1371,0.8274,0.0687,-2.6734,-2.5391,0.5691
-0.4691,1.8843,1.6481,-1.6912,2.1191,-1.7164,-0.7959,1.8134,-0.5287,0.0379,0.6859,0.5406,-2.723,-2.2756,0.6521
-0.5655,1.773,1.399,-2.4457,2.1681,-1.6909,-0.9071,1.6463,-1.2988,-0.3699,0.0001,0.9626,-2.4215,-2.3078,0.2523
-0.4572,1.6265,1.7547,-2.3849,2.2223,-1.7419,-0.8045,1.6372,-0.5481,-0.1179,-0.4271,1.0021,-2.2696,-1.242,0.1138
-0.323,1.5101,2.122,-2.211,2.1245,-1.6398,-0.5945,1.2572,-0.7793,0.2129,0.032,0.455,-1.8723,-1.4915,0.4902
-0.1799,1.747,1.8514,-2.2323,1.9948,-1.7687,-0.7553,1.0193,-0.7281,0.5353,-0.1531,0.2055,-1.6234,-1.2476,0.7729
-0.4622,1.6677,1.5827,-2.106,2.1592,-1.3649,-1.1367,0.1793,-1.51,0.4853,-0.177,0.1931,-1.6626,-1.2344,1.3044
-0.3658,1.4819,1.1881,-1.9613,1.9325,-1.4589,-0.6692,-0.0619,-0.6338,1.2764,-0.1706,0.2796,-1.8943,-0.6091,1.5556
-0.5243,1.5866,0.5983,-1.7189,1.6443,-1.2643,-1.1445,-0.238,-0.3287,0.7827,-0.2818,0.1202,-2.0611,-0.3101,1.1827
-0.5698,1.4703,0.5088,-1.8594,1.39,-1.3999,-1.0027,-0.3414,-0.0883,0.9172,-0.4739,0.0862,-1.9307,0.25,0.9415
-0.4646,1.2593,-0.2927,-2.1579,0.9639,-1.9405,-1.2545,-0.659,0.0569,-0.3064,-0.8995,-0.1944,-1.8829,0.2316,0.4736
-0.5009,1.0454,-0.3946,-2.1521,1.158,-1.7012,-1.4953,-0.2962,0.652,-0.3248,-1.1729,-0.444,-1.8349,0.4081,-0.3239
-0.5037,0.8061,-0.2733,-1.7394,1.1063,-1.6201,-1.1782,-0.0924,1.0202,-0.4391,-1.1103,-0.6191,-1.8212,0.3073,-0.7647
-0.4309,1.0124,0.1162,-1.5904,0.9808,-1.5615,-1.3686,0.1238,1.3938,-0.3943,-0.7734,-0.9901,-1.9609,-0.2606,-1.0337
-0.4215,1.0323,1.0868,-2.2237,1.0147,-1.5258,-1.0485,0.4761,0.8069,-0.7721,-0.83,-1.0154,-2.5656,-0.3622,-1.2344
-0.4459,1.1764,2.0554,-2.0821,1.2267,-1.5099,-1.0819,0.1628,0.1705,-0.7786,-0.5148,-0.3139,-2.4064,-0.5269,-1.1694
-0.3535,1.4001,1.7593,-2.1213,1.6587,-1.455,-0.995,0.156,-0.171,-0.3185,-0.0606,-0.2166,-2.549,-0.136,-0.8321
-0.4512,1.3989,1.2342,-1.9682,1.9067,-1.567,-1.4149,-0.6805,-0.5819,-0.0073,-0.0905,0.0492,-2.3382,-0.0464,-0.1274
-0.5609,1.4791,0.3765,-1.6209,1.8463,-1.7717,-1.1597,-0.8965,-0.5795,0.7367,-0.1324,0.4962,-1.9314,0.3905,0.1598
-0.266,1.2808,-0.3095,-1.3895,1.6755,-1.8457,-1.1722,-0.8976,0.1047,0.1539,-0.4273,0.3659,-1.7805,0.3261,-0.1345
-0.3761,1.2723,-0.5381,-0.8605,1.5949,-1.5016,-1.075,-1.1837,0.2512,0.3266,-0.2857,0.1155,-1.8738,0.1078,-0.1211
-0.407,1.1386,-0.5887,-1.4323,1.4322,-1.3747,-0.5667,-1.1478,0.6846,0.1705,-0.4855,0.0839,-1.8212,0.3364,-0.0293
-0.4334,1.1568,-0.5906,-1.486,1.3059,-1.5849,-0.7912,-0.4306,0.6615,0.2469,-0.8006,0.071,-1.962,0.2466,-0.1212
-0.4137,0.9059,-0.1864,-1.0441,1.048,-2.032,-0.9703,-0.3775,0.6042,0.1807,-0.7738,-0.0948,-2.2518,0.3886,-0.0242
-0.499,1.1821,0.3951,-1.2784,0.9872,-1.9313,-1.295,-0.1989,0.6021,0.1084,-0.5808,0.0155,-2.1272,-0.4513,-0.2132
-0.7738,1.2564,0.3762,-1.6787,0.9969,-1.8554,-1.7197,-0.2989,0.7345,-0.4877,-0.7561,0.1402,-2.496,0.0546,-0.6356
-0.5695,0.8902,0.3338,-1.9676,1.4451,-1.7521,-1.5664,-0.6907,0.0827,-0.3403,-0.9263,0.1194,-2.1214,0.2939,-0.972
-0.3569,0.9928,0.3927,-1.1977,1.6101,-1.7081,-1.4016,-0.212,0.2913,0.0236,-0.6609,0.3131,-2.1711,1.0377,-0.7935
-0.3862,1.1778,0.2967,-1.2047,1.4909,-1.8032,-1.2981,-0.4212,0.3491,-0.134,-0.7322,0.0219,-2.4122,0.0272,-1.0065
-0.3715,1.4835,0.5349,-1.4523,1.4395,-1.891,-1.6654,-0.0244,0.4367,-0.4424,-0.8263,-0.3068,-2.2518,-0.3667,-0.8548
-0.2733,1.4313,0.8697,-1.8275,1.335,-1.889,-1.4996,-0.3039,-0.1426,-0.4125,-0.8758,-0.3705,-1.9631,-0.8394,-1.0088
-0.2924,1.1063,1.7311,-1.5711,1.6163,-2.0401,-1.4502,0.0371,0.0962,0.1917,-0.8081,-0.5402,-1.636,-0.5595,-0.9198
-0.5212,1.3774,0.4934,-1.298,1.6346,-1.473,-1.3164,-0.4899,-0.681,-0.0194,-0.5308,-0.4328,-2.1117,0.0432,-0.5819
-0.3616,1.2805,0.5346,-1.5238,1.5283,-1.6829,-2.0188,-0.7179,-0.1776,-0.5475,-0.5442,-0.4384,-2.1882,-0.0097,-0.787
-0.3048,1.3371,0.5582,-1.5257,1.4905,-1.4424,-1.713,-1.1249,-0.0995,-0.2637,-0.7303,-0.4036,-2.374,0.0768,-0.9004
-0.1538,1.0944,0.1907,-1.6423,1.2834,-1.7209,-1.795,-0.8447,-0.0435,-0.1335,-0.8966,0.2447,-2.8031,0.0273,-1.0189
0.0098,1.0218,0.3798,-1.9451,1.0408,-1.8043,-0.7928,-0.0697,0.7287,-0.4493,-1.0377,-0.349,-2.7909,0.3854,-1.0949
-0.1855,1.0084,0.438,-1.6783,1.0792,-1.691,-1.0701,-0.1158,0.4399,-0.6707,-1.0048,-0.281,-2.6578,-0.2215,-1.165
-0.1325,1.0698,0.8476,-1.429,1.1534,-1.7154,-1.3117,0.1486,0.4119,-0.8723,-1.0867,-0.2653,-2.5049,-0.504,-1.157
-0.2204,1.209,0.2974,-1.3769,1.4703,-1.6943,-1.587,0.4236,0.212,-0.7345,-0.8384,-0.3765,-2.5639,-0.4924,-1.2374
-0.3404,1.3252,0.425,-1.437,1.6566,-1.5627,-1.514,0.1737,0.009,-0.9,-0.991,-0.3528,-2.6192,-0.9175,-1.3254
-0.1782,1.1439,0.7637,-1.4317,1.4702,-1.489,-1.4593,0.3099,-0.056,-0.9388,-0.8222,-0.2144,-3.0003,-1.0869,-1.4919
-0.0724,1.0783,0.8542,-1.4743,1.6301,-1.736,-1.4129,0.9455,0.0732,-0.3743,-0.7338,-0.2015,-3.2544,-0.9196,-1.4613
-0.2526,1.1006,0.9927,-0.9608,1.6921,-1.5784,-1.0992,0.9174,-0.0447,-0.6409,-0.3247,-0.2065,-3.2478,-1.0876,-1.0758
-0.2142,1.3666,1.6259,-1.417,1.6757,-1.8947,-0.4907,1.0717,-0.1625,-0.4109,-0.2638,-0.0303,-3.0315,-1.4504,-0.5995
-0.0765,1.422,2.4902,-1.0609,1.7315,-1.939,-0.6893,1.2302,-0.4852,-0.804,0.184,0.5091,-2.2953,-1.359,-0.454
-0.1152,1.7914,2.0267,-1.2135,2.0294,-1.8768,-0.8053,0.1933,-1.1747,0.1026,0.34,0.6973,-2.1581,-1.3948,0.0038
-0.2256,1.768,1.3905,-1.1893,1.9715,-1.7597,-0.9277,0.0187,-1.1274,0.2547,0.387,0.7146,-1.903,-0.8953,0.3592
-0.2631,1.5559,0.5725,-1.0224,1.7039,-1.9739,-0.8101,-1.0514,-1.4259,0.3201,0.3019,0.7268,-1.825,-0.4956,0.4765
-0.3476,1.4845,-0.1387,-1.7254,1.52,-1.5392,-1.1849,-1.2694,-0.9474,0.6467,-0.358,0.6342,-1.7184,0.3466,0.6246
-0.2418,1.2814,-0.5584,-0.9027,1.2467,-1.6069,-1.2255,-1.7284,-0.3614,0.6507,-0.5047,0.2168,-2.0161,1.1005,0.4354
-0.1913,1.1737,-0.4175,-1.3904,1.2824,-1.5203,-1.3402,-1.8684,-0.0155,0.5882,-0.9076,0.117,-2.1925,1.734,-0.1676
-0.3143,0.9394,-0.8625,-0.9739,0.7223,-1.5738,-1.2835,-2.4015,-0.0802,-0.2606,-1.0262,-0.2324,-1.1548,1.4155,-0.4958
-0.2895,0.8594,-1.2425,-1.1318,0.862,-1.6748,-1.5184,-2.1879,0.8604,-0.7016,-1.3105,-0.8398,-1.2766,1.7923,-1.0942
-0.1933,0.4336,-0.9584,-0.9705,0.7812,-1.797,-2.2223,-2.4236,1.0548,-0.6279,-1.5762,-1.1463,-1.0106,1.9143,-1.5578
-0.0294,0.6505,-1.4079,-0.2831,0.8136,-1.6832,-2.2328,-2.6084,0.4047,-1.1063,-1.5808,-1.3377,-1.7476,1.9507,-1.8816
-0.0379,0.725,-1.3201,-0.6319,0.9918,-1.4386,-1.9521,-2.4856,0.8451,-0.586,-1.4685,-1.1381,-2.0315,2.1569,-2.0565
-0.0821,0.9282,-0.8587,-0.407,0.8152,-1.6196,-1.7166,-2.0173,1.2376,-0.8486,-1.2172,-1.2597,-1.7357,1.5338,-2.1197
0.0795,0.8559,-0.817,0.0788,0.9353,-1.7988,-2.0755,-2.252,0.9587,-1.2611,-0.6555,-1.2972,-2.7709,0.8631,-2.0083
0.0058,1.0268,-0.6198,-1.0763,0.8859,-1.8027,-2.0681,-1.3208,0.9405,-1.0488,-1.0112,-1.0325,-2.4715,0.9155,-2.2271
0.1309,0.8911,0.0056,-0.7931,0.8533,-1.9301,-1.7344,-1.0538,0.8642,-1.8219,-0.6444,-0.9773,-2.4893,0.5178,-2.238
0.0888,0.9122,0.1773,-1.0293,1.2009,-1.9228,-1.8516,-0.8017,0.3564,-1.6466,-0.6673,-0.8046,-2.7475,0.0092,-2.3562
0.0304,1.0847,0.0765,-0.8108,1.3416,-1.9862,-1.3223,-0.5233,0.1572,-1.0858,-0.5005,-0.4714,-2.3746,0.1516,-2.0856
0.0929,1.2226,0.1051,-1.3328,1.3183,-2.1234,-1.542,-0.2991,0.5231,-1.1913,-0.5833,0.0158,-2.7157,0.0718,-1.8697
0.0422,1.1576,0.2915,-1.7396,1.3668,-2.0323,-1.4113,0.0649,0.3757,-1.3054,-0.7462,-0.275,-2.9535,-0.2158,-1.9749
0.0292,1.3393,0.7632,-1.5547,1.4593,-2.2773,-1.3352,0.5643,0.9552,-1.8292,-0.7285,-0.2531,-3.1871,0.056,-2.0704
0.0599,1.3802,1.2843,-1.6673,1.5151,-2.2241,-1.5173,0.4212,0.1897,-1.4559,-0.4417,-0.1699,-2.9561,-1.0287,-1.9396
0.0099,1.4247,1.597,-1.7525,1.7649,-2.4353,-1.2384,0.603,-0.1036,-1.0224,-0.3653,-0.1808,-2.8586,-1.0155,-2.1363
-0.017,1.5328,1.5994,-1.1245,1.7772,-2.1259,-1.148,0.8832,-0.25,-0.6038,0.0248,0.5817,-2.8957,-0.6408,-1.6164
-0.1171,1.7247,1.692,-1.0887,1.9322,-1.969,-1.0525,0.3173,-1.2429,-0.5615,0.3616,0.5228,-3.2821,-0.5094,-0.8339
-0.1073,1.4453,1.0881,-1.3795,2.0266,-2.4778,-1.0963,0.5694,-0.4883,-0.4306,0.1276,0.2261,-3.269,-0.2978,-0.6964
-0.1376,1.5809,1.9939,-1.3861,1.9969,-2.2232,-0.7463,1.0396,-0.8652,0.1802,-0.1538,0.8207,-3.2969,-0.1042,-0.4419
-0.0331,1.3875,2.0932,-1.2008,1.9876,-2.151,-0.9646,0.5278,-1.242,-0.3728,0.3623,0.515,-3.2345,-0.1753,0.0181
-0.0194,1.6263,2.05,-1.3775,2.0411,-2.1445,-0.7697,0.1105,-1.4969,-0.1068,0.3664,0.7811,-2.6565,0.0177,-0.1184
-0.0984,1.6621,0.9924,-1.6327,2.1139,-2.1322,-0.8905,-0.3731,-1.3864,0.0493,-0.2742,1.1253,-2.7541,0.0597,-0.3386
-0.139,1.5107,0.6196,-1.112,2.0,-2.0341,-0.9604,-0.3193,-1.2476,0.4678,-0.3442,0.9234,-2.5966,0.3678,-0.0544
-0.047,1.609,0.6822,-1.0979,1.7202,-1.837,-0.4434,-0.4242,-0.4711,0.5905,-0.4883,0.4727,-2.287,1.0643,-0.001
-0.0415,1.503,0.5986,-1.5286,1.6662,-1.907,-0.2294,-1.1687,-1.0924,0.3996,-0.6814,0.3168,-1.7416,1.2334,0.0376
-0.0532,1.366,0.0094,-1.6732,1.5314,-1.5914,-0.5697,-2.0435,-1.0429,1.5724,-1.0253,0.0873,-1.6672,1.7937,0.4335
-0.1,1.3439,-1.4637,-0.8969,1.0118,-1.5439,-0.4705,-2.2123,-0.0874,1.2781,-1.2675,0.046,-1.7222,2.4626,0.6586
-0.1326,0.8932,-1.2833,-0.857,0.5296,-1.4451,-0.9185,-2.516,0.7384,0.0433,-1.4387,-0.5631,-1.5032,2.0773,-0.0807
-0.0131,0.95,-1.5409,-0.948,0.5522,-1.7321,-1.3029,-2.5228,0.7782,-0.3413,-1.6764,-0.6424,-1.8132,2.0918,-0.8234
-0.166,0.9141,-1.4487,-0.8397,0.54,-1.7555,-1.484,-2.1105,1.0827,-1.1747,-1.8508,-0.9725,-1.9886,1.8735,-1.8897
0.1516,0.797,-0.7876,-1.0123,0.4708,-1.9597,-1.4852,-1.2957,1.5512,-1.5988,-1.5795,-1.2013,-2.0809,1.7697,-2.8037
-0.0131,0.6859,-0.6535,-0.9097,0.9216,-1.9226,-1.4662,-1.139,0.9158,-1.4283,-1.5922,-1.2284,-2.4849,1.0719,-2.9676
0.0494,0.7041,-0.4659,-0.9197,0.954,-1.7152,-1.4755,-1.3544,1.2919,-1.6268,-1.4889,-1.3072,-2.2302,0.7466,-3.0942
0.3585,0.8071,0.6119,-0.6502,1.061,-1.6744,-1.282,-1.0316,1.2771,-1.7059,-0.8557,-1.0721,-2.3504,0.1876,-3.3502
0.0716,1.1788,0.5769,-1.0783,1.3869,-1.8088,-1.0985,-0.3626,0.7632,-1.2762,-0.7946,-1.1436,-2.2618,-0.2198,-2.6816
0.0442,1.3067,1.1065,-1.5972,1.3044,-1.7216,-1.2577,-0.4526,0.2753,-0.9143,-0.7521,-0.8066,-2.3377,-0.788,-2.2992
0.1568,1.2992,1.0441,-1.4567,1.5193,-1.948,-1.155,0.1732,0.2159,-1.1038,-0.5469,-0.2878,-2.5769,-1.0214,-2.1733
0.0806,1.3898,1.9786,-1.1975,1.5237,-2.1396,-0.9683,0.8333,0.5367,-0.7914,-0.3432,-0.3813,-2.7272,-0.8747,-1.9182
0.1121,1.5897,1.9973,-1.3746,1.6872,-2.1192,-1.1088,-0.0557,-0.6549,-1.2367,-0.2511,-0.1838,-2.5924,-1.7263,-1.6753
0.0163,1.8881,1.6414,-1.067,1.9439,-1.9356,-0.8698,0.854,-0.37,0.047,0.1462,-0.3364,-2.743,-0.8168,-1.1501
0.1846,1.6625,2.0398,-1.5215,1.7708,-2.0202,-0.957,0.2459,-0.903,0.3287,0.0471,0.0892,-2.81,-0.9008,-0.5079
0.0485,1.8525,1.8441,-1.6432,1.5399,-1.8659,-0.6494,0.1194,-1.2323,0.5037,0.0802,0.3402,-2.4704,-0.4982,-0.1126
0.0957,1.9328,1.0335,-1.522,1.4182,-1.8881,-0.5216,-0.2163,-1.001,0.7693,-0.0451,0.1976,-2.0676,-0.756,0.6508
0.0227,1.7143,1.2651,-2.1022,1.2592,-1.726,-0.7415,-0.467,-0.6605,-0.2347,-0.6091,0.1905,-1.691,-0.2088,0.223
-0.1221,1.6321,1.375,-1.68,1.1342,-1.5907,-1.1301,-0.2852,-0.5809,-0.3828,-0.6404,0.212,-1.9297,-0.0436,-0.1229
-0.0434,1.6068,1.4396,-1.6275,1.2621,-1.7138,-1.3669,-2.0075,-1.6543,-0.5732,-0.674,-0.3349,-1.6861,-0.3246,-0.5992
0.068,1.3893,0.5911,-1.0787,1.3159,-1.8975,-1.132,-1.2558,-0.5564,-0.0529,-0.4954,-0.4179,-1.8523,1.2787,-0.6818
0.0128,1.2257,0.2476,-0.7914,1.2186,-1.3606,-1.2001,-2.0646,-0.2053,0.1035,-0.4102,-0.2317,-1.6148,0.787,-0.677
-0.147,1.2349,-0.4732,-0.8163,0.8288,-1.243,-1.1618,-1.8586,0.124,-0.1556,-0.5652,-0.4037,-1.7524,1.2659,-0.861
-0.2113,1.0679,-0.9604,-0.39,0.4983,-1.1989,-1.2332,-1.8156,0.5038,-0.7933,-0.559,-0.5367,-1.7181,1.4653,-1.1222
-0.2602,0.8524,-1.5853,-0.5455,0.3534,-1.3411,-1.5975,-1.162,1.3953,-1.3824,-1.0315,-0.507,-1.7717,1.3874,-1.555
-0.0859,0.6201,-0.9313,-0.9772,0.3048,-1.2052,-1.4372,-1.2091,1.4232,-1.79,-1.2466,-0.1723,-2.2945,0.1122,-2.4182
0.0039,0.498,-0.7539,-1.1523,0.5237,-1.2474,-1.1963,-0.464,1.941,-2.2449,-1.5751,-0.4223,-2.6462,0.2075,-2.8624
-0.0364,0.6441,0.7298,-1.2501,0.6552,-0.9919,-1.557,-0.7272,1.5551,-3.046,-1.2217,-0.9308,-2.2951,-1.1876,-3.397
0.1029,0.865,0.9757,-2.3208,1.052,-0.9202,-1.645,-0.1982,0.604,-2.4123,-1.3966,-1.0723,-2.5418,-1.1895,-3.3956
0.0107,0.9641,0.6167,-1.7268,1.3969,-0.7348,-1.122,0.1128,0.3965,-2.0288,-1.2344,-1.1203,-3.5534,-1.1726,-3.4018
0.1953,0.9708,1.0409,-1.3963,1.4574,-0.9305,-0.9892,1.0487,0.3369,-1.4377,-0.8013,-1.1791,-3.8316,-0.8115,-2.8743
0.0927,1.0025,1.7332,-1.2552,1.6099,-1.2226,-1.339,1.2028,0.5604,-0.9987,-0.314,-0.1906,-3.7025,-1.4704,-2.1329
0.0268,1.2267,1.7817,-2.0291,1.5541,-1.2644,-1.1006,0.7193,-0.7443,-1.0736,-0.196,-0.3731,-3.6126,-1.69,-1.6861
0.2263,1.1322,1.628,-1.3988,1.721,-1.5978,-0.8728,1.2173,0.083,-1.1681,-0.0081,-0.0419,-3.6716,-1.1439,-1.4648
0.0613,1.4931,2.0828,-1.5769,1.8331,-1.5754,-1.1224,1.1827,0.0513,-1.1289,-0.0548,-0.0487,-3.6179,-1.6854,-1.3548
0.091,1.4561,2.2828,-1.5369,2.054,-1.4579,-0.9752,0.8846,-0.7348,-0.7045,-0.1698,0.5524,-3.4833,-1.6891,-1.3176
-0.0218,1.5619,2.2309,-1.0072,1.947,-1.3911,-0.6028,0.9185,-1.0902,-0.5198,0.1708,0.6346,-2.952,-1.4141,-0.897
-0.0307,1.6635,2.2842,-1.2566,1.8978,-1.2525,-0.4913,0.5722,-1.1901,-0.2492,0.4602,0.7521,-2.7932,-0.9838,-0.2798
-0.1281,1.7565,2.04,-1.0561,1.8302,-1.9814,-0.3471,0.1335,-1.0668,-0.1874,0.8021,0.9257,-2.4392,-0.9091,0.2059
0.0762,1.847,1.6571,-1.9427,1.7917,-2.4203,-0.3393,-0.1306,-0.9149,-0.4859,0.1727,0.9161,-1.9984,-0.7136,0.2584
-0.0641,1.7568,1.0186,-1.7603,1.7536,-2.0473,-0.7671,-0.2883,-0.7596,-0.245,-0.1862,0.468,-2.185,-0.219,0.1275
-0.1554,1.5736,0.6656,-1.8268,1.5962,-1.8987,-0.8101,0.3092,-0.0913,-1.0019,-0.5488,0.3929,-2.2043,0.0317,-0.5856
-0.0675,1.5738,0.7912,-1.263,1.5374,-1.6492,-0.906,-0.2209,-0.1529,-0.3321,-0.4665,0.0357,-2.2885,-0.7045,-0.6276
0.1235,1.5236,0.4011,-1.0657,1.3478,-1.7147,-0.8656,0.244,0.0017,-0.5612,-0.2549,-0.2045,-2.7194,-0.8132,-0.7773
0.1254,1.3601,0.9013,-0.8408,1.2105,-1.7254,-1.0143,0.5501,0.6776,-1.2093,-0.084,-0.3273,-2.2706,-1.0025,-0.8108
0.1985,1.492,1.2644,-1.4346,1.2613,-1.8036,-1.1088,0.9032,0.4387,-1.2173,-0.1958,-0.2056,-3.0185,-1.3912,-1.0379
0.0662,1.7078,2.1425,-1.1772,1.4303,-1.7681,-1.1439,0.7546,0.4581,-1.4205,0.1458,0.0006,-2.8278,-0.8938,-1.0611
-0.1178,1.6955,1.8984,-1.5775,1.71,-1.3904,-0.8782,0.2527,-0.2711,-1.1642,0.0194,0.4849,-2.8767,-1.2672,-0.971
-0.3307,1.9167,1.1878,-1.5248,1.9509,-1.4248,-0.9313,0.1839,-0.52,-0.6313,0.1595,0.3363,-2.7568,-1.049,-0.712
-0.1072,1.7721,0.7806,-1.0386,1.6778,-1.5695,-0.5939,0.2106,-0.5631,-0.6892,0.2257,0.3329,-2.502,-0.4505,-0.5769
0.0583,1.8226,1.0518,-1.1348,1.604,-1.7301,-1.0143,-0.1631,-0.3717,-1.1316,0.2339,0.2166,-2.478,-0.2021,-0.5235
0.0499,1.9033,0.6354,-1.0553,1.7888,-1.5494,-0.8871,-0.5864,-0.5429,-0.4328,0.0536,0.6499,-2.8507,-0.4637,-0.5536
0.0554,1.9402,-0.0422,-1.1305,1.6256,-1.7573,-0.8583,-0.5687,-0.0352,-0.1902,-0.3408,0.1977,-2.9959,-0.1742,-0.572
0.0508,1.6122,-0.1308,-1.2617,1.2419,-1.554,-1.0271,-0.3257,0.3754,-0.4545,-0.6576,0.116,-2.7166,-0.1531,-0.8314
0.0728,1.3044,-0.1066,-1.1368,1.0891,-1.6753,-0.997,0.1321,0.6836,-1.0716,-0.7775,-0.0211,-2.7705,0.0532,-1.2797
0.1199,1.1798,0.2425,-0.8734,1.0755,-1.741,-0.8314,0.4267,0.9309,-1.4068,-0.5727,-0.2367,-3.1025,-0.9771,-1.5278
0.0939,1.5026,0.845,-0.685,1.0402,-1.8199,-0.9095,1.2751,0.6126,-1.2823,0.1667,-0.3335,-2.9336,-1.1893,-1.07
0.2083,1.6366,1.3725,-0.6508,1.148,-2.0795,-1.0064,1.2812,-0.1949,-1.4257,0.3328,-0.0567,-3.0187,-1.2218,-0.7955
0.3267,1.7375,1.3776,-0.8686,1.4612,-2.161,-1.1557,1.2616,-0.1862,-1.461,0.6076,0.0113,-2.9331,-1.7817,-0.5243
0.4349,1.6652,1.3821,-0.8983,1.9492,-2.351,-1.2007,1.1172,-0.7169,-0.7989,0.2535,0.4451,-3.1964,-1.6508,-0.6338
0.3897,1.8379,1.4707,-0.9936,1.8203,-2.1486,-0.9414,1.6192,-0.5185,-0.653,0.3696,0.7623,-4.1645,-1.7884,-0.4722
0.2978,1.8388,1.8867,-1.0786,1.7166,-2.2205,-0.6401,2.2308,-0.2675,-0.4856,0.5954,0.9195,-3.5152,-2.2343,-0.3168
0.2452,1.9938,1.8968,-1.0694,1.7152,-1.9751,-0.5948,2.6559,-0.2124,-0.4733,0.6804,1.0034,-3.369,-2.4951,-0.0852
0.2027,1.8068,2.4609,-1.4558,1.5846,-1.8812,-0.6134,2.4082,-0.4307,-0.7501,0.7015,1.4965,-2.6145,-2.3518,-0.3133
0.1993,1.9638,2.703,-0.9983,1.7927,-1.6359,-0.5161,2.1076,-1.4502,-0.4499,1.1531,1.6845,-2.8791,-2.1599,0.2729
0.2989,2.1415,1.9785,-0.8724,1.9254,-1.7377,-0.3609,1.8659,-1.9107,-0.2616,1.3511,1.5864,-2.9545,-2.0162,0.5599
0.2727,2.2723,1.5876,-1.6207,1.8501,-1.6257,-0.3861,1.3739,-1.5394,-0.2148,1.1421,1.8917,-2.545,-1.8569,0.8937
0.2421,1.6025,1.542,-1.2,1.716,-0.9413,-0.3996,0.3122,-1.9181,0.0615,0.758,1.7844,-2.1558,-2.2623,0.7162
0.4613,1.8088,0.7298,-1.2783,1.6894,-1.2935,-0.5702,0.5768,-1.5849,0.6911,0.6019,1.3389,-2.2112,-0.8781,1.4342
0.7107,1.7636,0.7637,-1.3581,1.5881,-1.5514,-0.9288,-0.1735,-1.1774,0.7171,0.0675,1.1397,-2.2313,-0.5031,1.217
0.5149,1.8092,0.8514,-1.5202,1.235,-1.9091,-1.024,-0.268,-1.712,0.5233,-0.0178,0.9437,-2.9018,-0.0556,0.9086
0.3927,1.5127,0.1128,-1.5937,1.1195,-1.6409,-0.8111,-0.5935,-0.7941,0.1041,-0.2583,0.8089,-2.6909,0.4906,0.1258
0.2719,1.3989,-0.7961,-1.3724,1.1157,-1.5971,-0.8864,-0.9403,-0.6011,0.1039,-0.4691,0.4363,-2.6249,0.8441,-0.1431
0.2469,1.1243,0.0128,-0.1987,0.8096,-1.6742,-0.8963,-0.6966,0.2228,-0.1366,0.1007,0.4463,-2.404,1.4115,-0.0739
0.3191,1.1953,-0.5618,-0.6991,0.7459,-1.6827,-1.0791,-1.2439,-0.6209,-0.2837,0.1171,0.5639,-2.1691,0.9249,0.0175
0.2244,1.4059,-1.2349,-0.9113,0.8687,-1.6196,-0.6047,-1.4802,-0.3619,-0.2962,-0.3337,0.7635,-1.9391,1.6644,-0.5036
0.3644,1.1809,-1.434,-0.8534,0.6832,-1.6658,-0.632,-2.4065,-0.747,0.0369,-0.5357,0.9054,-1.553,1.6341,-0.6409
0.3233,1.017,-2.2891,-0.7015,0.5015,-1.8213,-0.9929,-2.46,0.1111,0.3292,-1.1694,0.3572,-1.4971,2.2523,-0.8118
0.5941,0.8798,-2.3193,-0.7062,0.2033,-1.8502,-1.0695,-1.9566,1.0479,-0.3858,-1.4622,-0.1679,-1.7349,2.3394,-1.2675
0.4137,0.8542,-2.0834,-0.758,0.0753,-1.9136,-1.2047,-1.1983,2.0799,-1.2141,-1.5395,-0.7243,-1.9321,2.1449,-1.7444
0.4592,0.7569,-0.9232,-0.7585,0.0887,-1.8568,-1.0883,-1.0941,1.3346,-1.3625,-1.4792,-1.2886,-1.9918,2.1309,-2.3354
0.5409,0.916,-1.0381,-1.0231,0.5377,-1.7704,-1.103,-0.6579,1.3257,-1.8133,-1.413,-1.1397,-2.1027,1.7992,-2.6644
0.5997,0.9497,-0.3798,-1.2125,0.5754,-1.8233,-1.3952,-1.0878,1.4282,-1.4337,-1.1538,-1.1005,-1.8015,1.3364,-2.6548
0.4619,1.0237,-0.2755,-0.972,0.5011,-1.5481,-1.5724,-1.0495,1.3314,-1.0406,-0.7682,-0.8168,-2.2651,1.1374,-2.2629
0.5502,1.4275,-0.2855,-1.0336,0.566,-1.8069,-1.6406,-0.5216,0.8695,-1.2474,-0.8634,-0.5162,-2.6025,0.4226,-2.3333
0.6066,1.3013,0.0757,-1.4043,0.7108,-1.8335,-1.3746,0.0368,0.9539,-1.7933,-0.9877,-0.186,-3.1639,0.2153,-2.6213
0.5885,1.1586,0.7059,-0.9121,0.8547,-1.893,-1.1216,0.6256,0.91,-2.355,-0.7598,-0.2779,-3.3316,0.5669,-3.0115
0.5549,1.3001,1.2838,-0.9282,1.1702,-2.0253,-1.0823,0.6616,0.2908,-1.2326,-0.1294,-0.299,-3.1605,-0.6965,-2.3883
0.4715,1.6788,1.5626,-1.1018,1.5619,-2.0715,-1.075,0.7908,0.0154,-0.5812,0.2442,-0.4016,-2.9861,-0.343,-1.343
0.3296,1.8128,1.0941,-1.3865,1.6119,-1.9246,-1.2296,0.6831,-0.9215,-0.2358,0.0409,0.1378,-2.9593,-0.5791,-0.9759
0.5009,1.719,0.9553,-1.2373,1.5527,-1.6875,-0.7391,0.2905,-0.524,-0.2141,-0.2011,0.2487,-2.7198,-0.5918,-0.7599
0.2506,1.6054,0.7634,-1.5449,1.1035,-1.4613,-0.3345,0.4622,-0.3939,0.0836,-0.4217,0.199,-2.7004,-0.3668,-0.5978
0.3648,1.5533,0.4471,-1.5451,1.141,-1.5372,-0.4827,0.8166,-0.0882,-0.3869,-0.6708,0.5848,-2.2581,-0.1871,-0.6394
0.3956,1.511,0.5532,-1.1243,1.0464,-1.8141,-0.287,0.2596,-0.1928,-0.138,-0.5674,0.2297,-2.1614,-0.3193,-0.5648
0.4452,1.5602,0.1265,-0.7292,1.1471,-1.8208,-0.7738,0.5554,-0.0366,0.154,-0.6364,0.0918,-2.2691,-0.0595,-0.3668
0.378,1.4766,0.6202,-0.838,0.9632,-1.9096,-0.9222,0.4583,0.2177,-0.3547,-0.0984,-0.0395,-2.3,-0.3029,-0.4264
0.3182,1.5795,0.6248,-1.2314,0.81,-1.7162,-1.0438,0.3544,-0.095,-0.6354,-0.4251,0.2582,-2.4792,-0.4071,-0.6185
0.2475,1.7689,0.7453,-1.3033,0.8844,-1.5553,-0.5124,0.6022,0.6908,-1.0226,-0.3776,0.1445,-2.6899,-0.7111,-0.97
0.3334,1.5186,0.8646,-0.9809,1.0506,-1.2496,-0.5736,0.3527,0.4499,-0.6949,-0.3038,0.1081,-2.5777,-0.5531,-0.9534
0.4178,1.5386,1.5093,-1.1922,1.0596,-1.5036,-0.7385,0.2845,-0.2498,-0.6674,-0.2117,0.7191,-2.4551,-0.3085,-0.9013
0.396,1.8252,1.0067,-1.1923,1.2528,-1.85,-0.5133,0.3476,-0.4265,0.0631,-0.2495,0.563,-2.5646,0.3174,-0.8104
0.1758,1.8347,0.5494,-1.1527,1.0402,-1.7415,-0.5015,-0.3562,-0.3828,-0.1011,-0.3295,0.2205,-2.4013,0.7553,-0.5084
0.1224,1.778,-0.6339,-0.8953,0.989,-1.5604,-0.7892,-0.9745,-0.4314,-0.021,-0.7827,0.3043,-2.1142,1.3331,-0.5864
0.2962,1.5562,-0.6337,-1.4433,0.7573,-1.7028,-0.9298,-0.7536,0.2627,-0.3723,-1.3806,0.05,-2.2205,2.3075,-1.0478
0.4059,1.1589,-1.3156,-0.7057,0.7491,-1.3556,-0.5543,-1.2662,-0.4174,-0.1796,-1.4232,-0.5991,-1.9793,1.8788,-1.2976
0.6935,1.3261,-0.8641,-0.4289,0.4009,-1.6778,-0.809,-1.213,0.1429,-0.0089,-1.2877,-0.6917,-1.6498,2.023,-1.4605
0.5567,1.3271,-0.9324,-0.4576,0.3688,-1.8962,-1.3385,-1.1788,0.6751,-0.5431,-1.1593,-0.8426,-1.5607,2.0211,-1.5522
0.5691,1.1956,-0.8036,-0.3677,0.2648,-1.9479,-1.3373,-1.1569,1.2205,-0.9053,-1.0097,-0.8832,-1.8743,1.96,-1.9877
0.3957,1.3496,-0.374,-0.9599,0.4253,-1.9465,-1.6357,-1.3188,0.8752,-1.0096,-1.215,-0.218,-2.7309,1.7859,-2.1639
0.2907,1.3847,-0.2578,-0.6421,0.6809,-2.0466,-1.5372,-1.1493,0.3382,-0.727,-1.4929,-0.461,-2.6541,2.0981,-2.5749
0.5935,1.2099,-0.6189,-0.2246,0.8569,-1.9023,-1.3786,-0.8598,0.2433,-0.8806,-1.4134,-0.893,-2.7856,1.791,-2.5351
0.3956,1.4389,0.043,-0.707,0.3469,-1.8481,-1.0772,-0.3446,0.3512,-1.225,-1.2399,-0.9508,-3.3197,1.2515,-2.6068
0.393,1.3154,0.1094,-0.7397,0.4224,-1.7723,-0.5612,0.4445,0.7336,-1.8173,-1.1586,-0.7628,-2.6758,1.1349,-2.5003
0.4944,1.4655,0.5113,-0.96,0.7658,-1.7078,-0.8256,0.7109,1.8312,-2.4102,-1.1179,-0.6725,-2.407,0.5042,-2.6843
0.5035,1.4909,1.1842,-1.1691,1.1717,-1.4444,-0.8742,0.8368,0.1502,-1.7838,-0.8596,-0.5668,-2.2345,-0.381,-2.4712
0.5939,1.6081,1.5823,-1.3356,1.5552,-1.7264,-0.852,0.5363,0.347,-1.2423,-0.6606,-0.6506,-2.6562,-0.1651,-2.2664
0.6642,1.7367,1.5458,-1.3559,1.6671,-1.6731,-0.9819,0.5527,0.2222,-0.2896,-0.6105,-0.4572,-2.8629,-0.4876,-1.6825
0.5503,1.647,1.0842,-1.1991,1.6889,-1.7716,-1.079,1.0769,-0.0113,-0.115,-0.5928,-0.0526,-2.7354,-0.3463,-1.2977
0.3943,1.6444,0.8864,-1.2293,1.5057,-1.5703,-1.002,0.9417,0.0651,-0.3134,-0.5418,0.076,-3.0382,-0.4397,-1.072
0.4087,1.7894,0.9099,-1.1176,1.6091,-1.7064,-0.8048,1.1786,-0.1452,-0.1258,-0.4712,0.3996,-2.9157,-0.4002,-1.0433
0.35,1.6782,0.9269,-0.8918,1.5766,-1.2477,-0.7106,0.9421,-0.2135,-0.2983,-0.5182,0.3804,-2.4779,-0.3953,-0.9488
0.4304,1.7113,1.2451,-0.8704,1.6287,-1.3712,-0.7567,0.6683,-0.6649,-0.0973,-0.3649,0.468,-2.6348,-0.2343,-0.9446
0.5256,1.8035,0.5984,-1.2626,1.6088,-1.8605,-0.4922,1.0988,-0.7351,-0.2505,-0.6989,0.4864,-2.3566,-0.1173,-0.7901
0.7259,1.65,1.0373,-1.2652,1.6126,-2.104,-0.315,0.7367,-0.4854,-0.0659,-0.7239,0.4091,-2.5108,-0.1883,-0.8098
0.5589,1.8327,1.3761,-1.1032,1.6913,-2.043,-0.5104,1.1895,-0.3176,-0.1109,-0.7032,-0.0735,-2.5777,0.3098,-0.7901
0.5805,1.7275,1.4158,-0.7856,1.7249,-1.8889,-0.7945,1.194,-0.4436,-0.5327,-0.248,0.0549,-2.2361,0.2615,-0.8138
0.2836,1.8237,1.2995,-0.8519,1.7118,-1.7751,-0.6787,0.6725,0.0359,-0.0426,-0.3203,0.269,-2.6759,0.6055,-0.9739
0.4137,1.8067,0.7056,-1.1036,1.7658,-1.9071,-0.5838,0.1497,-0.6172,-0.5719,-0.2097,0.3394,-2.102,-0.0356,-0.8247
0.49,1.7026,0.0292,-1.1508,1.1432,-1.5945,-1.1257,-0.096,-0.7973,-0.7968,-0.7273,-0.0885,-2.2434,0.4548,-1.2905
0.5111,1.544,-0.1955,-0.9755,1.2773,-1.6802,-1.0598,0.0749,0.5784,-0.8561,-1.1155,-0.1985,-2.7434,0.2357,-1.5127
0.6017,1.3138,0.2388,-0.7003,1.1458,-1.9082,-1.1366,0.315,0.1864,-0.657,-0.8361,-0.7589,-2.5848,-0.0193,-1.6198
0.6905,1.619,0.5789,-0.7263,1.2263,-1.8275,-1.3589,0.5766,-0.0023,-0.4909,-0.7601,-0.1588,-2.9033,0.0093,-1.4586
0.606,1.7805,0.8947,-0.7203,1.3159,-1.9209,-1.0889,0.8167,-0.2942,-0.4231,-0.4674,-0.1773,-3.1706,-0.2206,-1.9466
0.5099,1.8743,0.4426,-1.1152,1.1958,-1.9866,-0.7077,1.0838,-0.1493,-0.783,-0.6725,-0.0834,-2.9655,-0.158,-1.6338
0.6966,1.5611,0.8271,-0.5245,1.2693,-1.9082,-0.7825,0.8415,-0.4222,-0.161,-0.4505,-0.3277,-2.8486,-0.4951,-1.1277
0.5586,1.6734,1.1089,-0.2045,1.2988,-2.0742,-0.1924,0.0944,-0.8195,-0.2165,-0.1519,-0.313,-2.9131,-0.6057,-0.7611
0.4596,1.8565,0.6687,-0.4016,1.5907,-1.8772,-0.1106,0.7102,-0.6421,-0.2809,0.0697,-0.1158,-2.9127,-0.8261,-0.6006
0.5418,1.8086,0.7665,-0.4578,1.4148,-1.7847,-0.2599,0.6507,-0.8161,-0.3129,0.1832,0.0663,-2.3051,-0.6992,-0.4567
0.5855,1.7102,0.0158,-0.7634,1.5703,-2.1043,-0.5664,0.4366,-0.5169,0.0963,-0.1241,0.0727,-2.3896,-0.4237,-0.1509
0.7387,1.7546,0.2425,-0.9943,1.2853,-2.0153,-0.9469,0.7111,0.0242,-0.204,-0.4455,0.4387,-2.2858,-0.3262,-0.5418
0.6992,1.743,0.1537,-1.2087,1.345,-2.5096,-0.9747,0.9359,0.0174,-0.1728,-0.6038,0.3985,-2.6758,-0.1822,-0.5845
0.7377,1.529,1.2462,-0.8948,1.2608,-2.0991,-1.0469,1.0503,0.1146,-0.2478,-0.4751,0.2551,-2.8531,0.001,-0.5927
0.6256,1.8049,0.4651,-1.1008,1.4616,-1.8322,-1.1037,1.2302,-0.5164,-0.1222,-0.7927,0.0284,-2.4303,-0.1148,-0.4704
0.8211,1.412,1.1203,-1.1397,1.116,-1.733,-1.1697,0.6938,-0.6636,-0.3164,-0.6128,-0.0475,-2.1112,0.0074,-0.7542
0.8281,1.6374,0.9321,-1.6374,1.3813,-1.8056,-0.953,0.6691,-0.4235,-0.0737,-0.6082,-0.0435,-2.7305,0.7604,-0.6909
0.8314,1.5584,0.8368,-0.7457,1.3025,-1.6145,-0.9984,0.3974,-0.4198,0.3016,-0.4832,-0.0335,-2.9453,0.7759,-0.5586
0.588,1.6139,0.4693,-0.7328,1.2315,-1.7103,-1.0499,0.5336,-1.2102,0.1522,-0.4801,0.232,-2.6163,0.8019,-0.5668
0.4333,1.4508,0.2148,-0.3638,1.2603,-1.5993,-1.2384,0.5442,-0.6528,-0.3077,-0.7947,0.0807,-2.7894,0.9609,-0.7758
0.545,1.4001,0.4797,-0.6077,1.5314,-1.7348,-1.0204,0.4785,-0.1913,-0.4577,-0.5929,0.0543,-2.7893,0.7507,-1.373
0.6823,1.3714,0.4818,-0.908,1.5776,-1.2897,-1.1218,0.2499,-0.6173,0.2149,-0.6857,-0.2251,-2.7791,0.0789,-1.0455
0.8881,1.6101,0.27,-1.1916,1.8195,-0.8508,-1.0802,0.3398,-0.2881,-0.1068,-1.2595,-0.3832,-2.3729,-0.039,-0.9898
0.7502,1.4642,0.2864,-1.008,1.4868,-0.9887,-0.9965,0.5841,0.3569,0.0643,-1.3503,-0.8757,-2.5981,0.1214,-1.0178
0.8174,1.4737,0.6946,-0.6779,1.3992,-1.1656,-0.9984,0.2694,-0.1726,-0.35,-0.9206,-0.8238,-2.5944,-0.5045,-0.9309
0.8221,1.5347,0.2266,-0.8006,1.483,-1.3254,-0.8973,0.8918,-0.4516,-0.0301,-1.0185,-0.8619,-2.9533,-0.8236,-0.6611
1.0249,1.6949,0.4983,-0.0964,1.3761,-1.3034,-1.0523,1.2706,0.6556,-0.4965,-0.5719,-0.6094,-3.185,-1.2193,-0.6129
0.8058,1.712,1.2954,-0.5983,1.6073,-1.5097,-0.9378,1.7066,0.4094,-0.4398,-0.616,-0.4859,-3.3223,-1.4254,-0.6477
0.9084,1.9272,2.1487,-0.5288,1.7749,-1.1705,-0.5778,1.7422,0.0812,-0.2882,0.0174,-0.5189,-3.3205,-1.3673,-0.5106
1.0582,2.1607,2.1421,-0.5721,2.108,-1.1634,-0.9083,1.6822,-0.4704,0.0539,0.415,-0.0659,-2.9818,-1.531,0.0787
1.0692,2.4152,1.4991,-1.3589,1.9664,-1.4641,-0.6027,0.9874,-1.3842,0.3326,0.0064,0.2474,-3.0586,-1.6343,0.2079
1.1398,2.3783,0.7163,-1.0139,1.8765,-1.746,-0.7267,1.2065,-1.012,0.6992,-0.1147,0.1815,-3.3307,-1.1514,0.5121
1.0645,2.1627,0.1977,-1.1742,1.6873,-1.3856,-0.9137,0.9588,-0.9331,0.6239,-0.6507,0.2888,-3.1913,-0.6917,0.2044
1.1879,1.8695,0.1952,-1.2708,1.5705,-1.5978,-0.8629,1.0949,-0.0464,1.2642,-1.137,0.0238,-3.1312,-0.0011,0.1889
0.9992,1.7056,0.5183,-0.8195,1.388,-1.5611,-0.5532,0.7737,-0.1575,0.9584,-1.0388,-0.2275,-2.9599,-0.2604,0.1337
1.3198,1.6793,0.5477,-1.0192,1.2548,-1.7409,-0.9333,0.5758,0.1752,0.6366,-0.8081,-0.2222,-2.7285,-0.0154,0.1487
1.0559,2.1753,0.7481,-1.1908,1.1769,-1.8594,-0.7249,0.8706,0.4089,0.0859,-0.9905,-0.3312,-2.9568,0.0542,0.0131
1.0889,1.8034,0.8802,-0.9898,1.0802,-2.1593,-0.9032,0.875,-0.1011,0.0565,-0.8877,-0.4375,-3.1287,-0.4233,-0.335
1.1108,1.8217,0.6094,-0.8275,1.1877,-1.7348,-1.006,1.1339,-0.3844,0.1317,-0.5884,-0.6311,-2.8568,-0.3506,-0.1167
1.0651,1.7929,0.5595,-1.4364,1.2462,-1.3568,-1.2927,0.9938,-0.0611,-0.2196,-1.2286,-0.8536,-2.8992,-0.4172,-0.7219
1.1599,1.7196,0.8276,-1.2835,1.2687,-1.5139,-0.8633,1.0098,0.2935,-0.3755,-1.2317,-0.6353,-3.2262,-0.3637,-0.8877
1.2128,1.6786,1.1466,-0.9133,1.4388,-1.6748,-1.0651,1.3019,0.2986,0.1662,-1.0751,-0.8682,-3.3503,-0.4612,-0.8513
1.3042,1.822,1.3174,-0.6433,1.4182,-1.7042,-0.9321,1.5823,-0.2943,0.0819,-0.6765,-0.7674,-3.6872,-0.4241,-0.6914
1.1987,1.9695,1.9442,-0.6803,1.5205,-1.6231,-0.5689,1.8143,-0.2249,-0.1066,-0.2628,-0.35,-4.136,-0.434,-0.4797
1.3734,2.2983,2.2485,-0.5656,1.6408,-1.8554,-0.0965,1.8222,-0.3728,-0.0919,0.1129,0.2376,-3.5376,-1.1056,-0.2483
1.2424,2.4552,2.1183,-0.8749,1.9045,-1.9526,-0.1727,1.6137,-1.3505,-0.0888,0.1053,0.0409,-2.9039,-0.8734,-0.0752
1.7036,2.4361,1.9088,-1.3896,1.9087,-2.2321,0.4396,1.4118,-1.314,0.3095,-0.271,0.2739,-4.0494,-0.5131,0.2915
1.1821,2.5745,1.6496,-1.3558,1.8502,-1.9854,0.2259,1.7677,-0.892,0.4478,-0.4646,0.1765,-3.5766,-0.3454,0.3316
1.0971,2.2554,1.6253,-1.466,1.6811,-2.0492,0.2349,1.7837,-0.3637,0.3928,-0.6099,0.2982,-3.2741,-0.2119,0.3075
0.9837,2.2436,1.5717,-0.8723,1.5077,-1.9211,0.7345,1.5979,-0.9124,0.1271,-0.7016,0.1685,-3.0554,-0.4867,0.1171
0.8838,2.2349,1.8461,-0.9591,1.696,-1.8391,0.24,1.47,-1.0551,-0.0673,-0.4111,-0.3706,-2.5334,-0.4796,0.2474
0.9529,2.132,1.3988,-1.1241,1.8403,-1.5857,-0.959,1.0343,-1.5692,0.4585,-0.2876,-0.3863,-2.5561,-0.5695,0.5059
0.9991,2.0258,0.9607,-1.2977,1.7258,-1.525,-0.5764,0.7683,-1.2797,0.4504,-0.6925,-0.2768,-2.8911,-0.389,-0.1134
0.9957,1.8696,1.372,-1.0871,1.6989,-1.5723,-0.3297,1.1753,-0.1931,0.3195,-0.6907,-0.3789,-3.4258,0.1204,-0.015
1.088,1.9016,0.9396,-1.2148,1.5229,-1.4341,-0.3724,0.7855,-0.6028,0.1869,-0.7162,-0.3533,-3.3221,-0.4031,-0.4466
1.1877,1.7609,1.0367,-1.0589,1.5451,-1.0695,-0.5221,1.1013,-0.5314,0.4248,-1.0438,-0.5057,-3.2156,-0.2937,-0.3295
1.2213,1.9056,1.3781,-1.0458,1.511,-1.3923,-0.3771,1.1324,-0.4446,0.2437,-0.8652,-0.6331,-2.8256,0.0661,-0.7338
1.2012,2.0704,1.1977,-0.8606,1.4158,-1.5004,-0.7051,1.1363,-0.263,0.1755,-0.7027,-0.8328,-2.6904,0.5038,-0.4764
1.2594,1.914,1.309,-1.1743,1.1515,-1.2696,-0.6268,1.3826,-0.4526,0.2154,-0.6666,-0.6124,-3.0643,0.3184,-0.326
1.3941,1.9972,1.0893,-0.9164,1.2768,-1.617,-0.6664,1.0801,-0.8698,0.175,-0.8701,-0.6505,-3.0715,0.3155,-0.4638
1.3218,2.1042,0.6774,-0.4849,1.1803,-1.557,-0.7058,0.45,-0.9114,0.3257,-0.6332,-0.5914,-3.0756,0.3178,-0.425
1.2831,2.0588,0.0642,-0.7197,1.1131,-1.6734,-0.842,0.8711,-0.522,0.2286,-0.8939,-0.6688,-3.2516,0.8466,-0.3291
1.2188,1.7216,0.1146,-0.646,0.969,-1.8018,-1.0336,0.8722,-0.1983,0.1056,-0.9447,-1.0598,-3.1113,0.8094,-0.5332
1.3261,1.7063,0.395,-0.6608,0.9512,-1.7259,-0.7753,0.5993,0.073,-0.3076,-1.132,-1.3601,-3.0157,0.9066,-0.8298
1.1865,1.8023,0.5518,-0.4923,1.017,-1.5555,-0.6305,0.5352,-0.168,0.2171,-1.0618,-1.0634,-2.5087,0.7103,-1.0266
1.4923,1.7403,1.0855,-0.2636,1.1162,-1.8291,-1.1546,0.5241,-0.0568,0.0731,-0.7928,-0.9892,-2.7813,0.916,-0.9404
1.3351,2.1866,0.6861,-0.5221,1.1748,-1.7834,-0.8347,0.5366,-0.9621,0.0351,-0.411,-0.9148,-2.8397,0.7536,-0.7339
1.3597,2.2463,0.754,-0.5534,1.2598,-1.6144,-0.4638,0.2794,-0.7408,0.1758,-0.607,-0.6044,-3.0023,1.0834,-0.6874
1.2026,2.1772,0.6965,-0.8698,1.3149,-1.6047,-0.5257,-0.1322,-0.8679,0.1959,-0.7925,-0.3145,-2.7253,1.1892,-0.6864
1.2787,2.0457,0.335,-0.3301,1.2862,-1.9385,-1.105,0.3876,-0.1584,0.2808,-0.8176,-0.3733,-2.7163,1.5013,-0.6002
1.2082,2.2221,-0.2509,-0.4623,1.1444,-1.5573,-1.2854,-0.0055,-0.6625,0.4121,-0.8897,-0.6725,-3.1291,1.3776,-0.7486
1.2624,2.1561,-0.274,-0.2356,1.2056,-1.796,-1.0624,0.2614,-0.1074,-0.2665,-1.2519,-0.879,-2.6864,1.7888,-1.2049
0.8764,2.2071,-0.4552,-0.2476,0.9384,-1.5432,-0.8982,-0.3868,-0.2903,-0.193,-1.0588,-1.2791,-2.8254,1.3867,-1.2923
1.0387,2.1154,-1.6369,0.2045,0.7902,-1.4541,-0.7586,-0.4745,0.1106,-0.2205,-1.2334,-1.2916,-2.4974,1.2635,-1.3326
1.1137,2.1347,-0.9975,-0.362,0.4986,-1.5817,-0.7445,-0.2273,0.9471,-0.8083,-1.5683,-1.2661,-2.4604,1.3859,-1.4093
1.1269,1.9654,-0.381,-0.5622,0.538,-1.5491,-1.0093,-0.2224,0.8453,-1.016,-1.6921,-1.3243,-2.7587,2.281,-1.8291
1.0675,1.9357,-1.0882,-0.5292,0.6502,-1.7278,-1.0729,-0.2557,0.255,-0.9021,-1.9981,-1.8859,-2.7803,1.6763,-2.2217
1.0651,1.7291,-0.6627,-0.2477,0.8281,-1.6714,-1.1749,-0.2204,0.6753,-0.8323,-1.8803,-1.4526,-2.7098,1.3878,-2.2254
0.9089,1.7524,-0.3305,-0.209,0.9092,-1.5279,-1.0116,-0.4549,1.0281,-0.7623,-1.7207,-1.6646,-2.6304,1.3848,-2.4014
1.0011,1.7125,-0.942,0.0384,0.95,-1.6225,-1.2906,-0.2721,1.0776,-1.0193,-1.6177,-1.6469,-1.9001,0.9228,-2.4685
1.0466,1.7218,-0.1585,0.0854,1.1903,-1.7938,-1.2182,0.1996,0.7221,-1.1624,-1.2774,-1.559,-2.5904,0.155,-2.4893
1.0654,2.0039,-0.4499,0.0371,1.314,-1.698,-0.8149,0.9373,0.353,-0.4885,-1.2351,-1.3865,-3.346,-0.4458,-2.2037
1.1393,2.12,0.5495,-0.3067,1.3304,-1.7442,-1.2217,1.6181,0.4102,-0.7546,-1.1628,-1.5012,-3.5903,-0.3986,-1.979
1.2658,2.3126,1.19,-0.2871,1.4741,-1.8299,-1.1706,1.6962,-0.5358,-1.1759,-0.6412,-1.5754,-3.913,-0.4179,-1.8732
1.2856,2.5281,1.4009,-0.0304,1.7161,-1.8852,-0.6781,0.7603,-1.1892,-0.6974,-0.0146,-1.605,-3.7434,-0.4761,-1.6982
1.2284,2.6845,1.032,-0.0328,1.9494,-1.8193,-0.4324,1.6013,-0.983,-0.3587,0.3322,-1.221,-3.4667,0.067,-1.191
1.1603,2.7997,1.362,0.4602,1.9571,-1.7999,-0.2925,1.1038,-1.0765,-0.2154,0.3515,-0.7075,-3.1852,-0.81,-0.7323
0.98,2.7612,0.9657,-0.0132,1.9599,-1.6809,-0.3703,1.1991,-0.7354,-0.6072,0.3581,-0.2323,-3.4432,-0.7514,-0.9933
1.1245,2.5417,0.5135,-0.0548,1.8328,-1.5052,-0.3356,1.3581,-0.6368,-0.3406,0.0197,-0.0348,-3.0057,-0.621,-0.5458
1.1088,2.4733,0.6849,-0.8308,1.8433,-2.3306,-0.4445,1.5624,-0.7317,-0.572,-0.3557,-0.0031,-3.1123,-0.3807,-0.3102
1.0946,2.3051,1.0203,-0.2648,1.9023,-2.2339,-0.5608,1.5918,-0.8269,-1.0026,-0.2609,-0.2954,-3.3662,-0.3717,-0.6444
1.0941,2.4217,0.9696,-0.2674,1.9329,-1.9961,-0.2392,1.598,-0.7233,0.0821,-0.2963,-0.0912,-3.1153,-0.2893,-0.3618
1.1014,2.4364,1.0197,-0.3387,2.1321,-1.9453,-0.381,1.6627,-0.629,0.1978,-0.4043,-0.2794,-3.2274,-0.2502,-0.1566
1.07,2.5328,0.4946,-0.665,1.7585,-2.0745,-0.4276,1.7169,-0.8054,0.3967,-0.7144,-0.1615,-3.2441,-0.0972,-0.1811
1.2632,2.3266,0.8414,-1.2878,1.6585,-1.9058,-0.4596,1.9567,-0.6856,-0.2254,-1.0341,-0.4903,-3.4711,-0.0934,-0.491
1.2113,2.1113,1.4919,-0.7501,1.5364,-1.6601,-0.2627,1.9639,-0.6806,-0.3338,-0.5597,-0.2393,-3.4018,0.1151,-0.5864
0.9764,2.3892,0.7302,-0.5232,1.8344,-1.5469,-0.2042,1.7479,-1.2544,0.3669,-0.3102,0.0973,-3.4151,0.1399,-0.1947
0.9876,2.2792,0.7203,-0.8269,1.3649,-1.5618,-0.0569,0.7745,-1.5391,0.189,-0.7034,-0.0093,-3.0906,0.1006,-0.4438
0.9425,2.2719,0.3267,-1.2098,1.4577,-1.6891,-0.2428,1.1538,-1.3071,0.2919,-0.9955,-0.2631,-3.1862,0.6332,-0.2528
0.9845,2.1637,0.8216,-0.9611,1.4021,-1.5897,-0.3743,0.6847,-0.9213,-0.1441,-1.192,-0.3297,-2.9832,0.7461,-0.4919
1.1847,1.896,0.6441,-0.7588,1.5485,-1.7856,0.0353,0.8536,-1.028,-0.189,-1.0712,-0.3918,-3.5408,0.9027,-0.6732
1.1733,2.0443,0.4389,-0.8531,1.487,-2.0222,-0.2772,0.83,-1.078,0.1478,-1.1895,-0.5211,-3.0815,1.0464,-0.6141
1.0401,2.1212,0.5154,-0.7443,1.333,-1.799,-0.6292,0.6135,-1.1845,-0.2565,-1.302,-0.6049,-2.8281,0.2033,-0.7329
1.1983,2.1331,0.6988,-1.083,1.5124,-2.0472,-0.7085,1.2706,-0.474,-0.3192,-1.2944,-0.5107,-3.1657,0.4332,-0.9468
1.0764,2.3036,0.4316,-0.8252,1.5054,-1.9586,-0.4009,1.2809,-0.8657,0.0411,-1.2517,-0.4947,-3.0915,0.4811,-0.6265
0.9663,2.3802,0.5549,-0.6721,1.3667,-1.8579,-0.5875,1.7171,0.4801,-0.7306,-1.2302,-0.8707,-3.3914,0.4951,-0.9295
0.9653,2.5298,1.1178,-0.8955,1.5433,-1.8157,-1.2389,1.9042,0.1864,-0.7471,-0.8379,-0.7107,-3.2073,-0.0523,-1.1712
1.149,2.5238,1.7669,-0.6268,1.6185,-2.0551,-1.0762,1.3757,-0.184,-0.7524,-0.598,-0.3966,-3.6467,-0.44,-1.2869
0.85,2.6475,1.9102,-0.5564,1.8123,-1.9614,-0.7852,1.4528,-0.9697,-0.5418,-0.1786,-0.084,-3.8556,-0.3826,-0.9441
0.7893,2.8664,0.895,-0.742,1.9196,-1.7888,-1.0589,2.4618,-1.3028,-0.1917,-0.4223,-0.1043,-3.9183,-0.0066,-0.4969
0.776,2.92,1.6027,-0.8713,1.7861,-1.5844,-0.5765,1.9457,-1.3128,-0.3453,-0.5604,0.0851,-3.7836,-0.3958,-0.6423
0.7969,2.9352,1.6233,-0.9394,1.8098,-2.2764,-0.5388,1.968,-1.8562,-0.3594,-0.5164,-0.0434,-3.6155,0.0931,-0.5409
0.8572,2.9013,1.5462,-1.3172,2.1034,-2.0751,-0.7025,1.9022,-1.4116,-0.2467,-0.7503,0.1703,-3.8796,0.2983,-0.5911
0.9382,2.7648,2.0374,-0.8791,2.0554,-2.0281,-0.4052,1.4497,-2.027,0.3318,-0.5043,0.4149,-3.8615,0.2192,-0.3851
0.9171,2.8885,1.7645,-1.1482,2.0277,-1.6723,0.0666,1.401,-1.6269,0.5809,-0.5181,0.3249,-3.9195,0.1881,-0.3334
1.0965,2.5334,1.2689,-0.9357,1.8864,-1.4222,-0.1683,1.451,-1.1863,0.5193,-0.5696,0.1803,-3.7437,0.3095,0.0221
0.8287,2.8217,0.5488,-0.6906,1.72,-1.2059,0.0627,1.3396,-1.0647,0.7263,-0.7444,0.0335,-3.6541,0.2502,0.1073
0.8178,2.8166,0.6117,-0.7179,1.5006,-1.3785,-0.6446,1.057,-0.8666,0.1695,-0.8187,-0.2936,-3.7643,0.1911,0.2368
0.8258,2.697,0.174,-0.4889,1.5451,-1.5444,-0.5299,1.3015,-0.4011,-0.2361,-1.3445,-0.3984,-3.7602,0.0481,-0.7143
0.5856,2.8521,0.4772,-0.7708,1.5612,-1.0975,-0.5207,1.0147,-0.0916,-0.6211,-1.3375,-0.3955,-4.1514,-0.3511,-1.1657
0.7652,2.7093,0.9676,-0.8993,1.6871,-1.1811,-0.649,0.9586,-0.0679,-0.2623,-1.2031,-0.3875,-3.8661,0.0462,-1.1813
0.7859,3.323,1.1639,-1.0459,1.915,-1.2487,-0.3607,0.8726,-0.8602,0.6362,-1.1407,-0.4764,-3.4728,0.3476,-0.723
0.7974,3.0341,0.4079,-0.9876,1.9657,-1.3668,-1.0835,0.7135,-1.2203,0.1295,-1.2133,-0.2727,-4.0301,0.7248,-0.4861
0.8063,2.6494,0.4222,-0.625,1.6727,-1.6157,-0.7734,0.7564,-0.6643,-0.1899,-1.0306,-0.4403,-3.9267,1.5238,-1.0296
0.7394,2.8482,0.4778,-1.2514,1.8251,-1.5083,-0.5421,0.9101,-0.0146,-0.335,-1.0406,-0.1414,-3.9791,1.0129,-1.172
0.9736,2.7918,1.0229,-1.1316,1.8364,-1.4762,-0.8001,0.9304,-0.1391,-0.4822,-1.1621,-0.232,-4.0248,0.5974,-1.1539
0.8965,2.8238,0.781,-1.3364,1.8647,-1.4789,-0.5969,0.6622,-0.8229,-0.1645,-1.2861,-0.1827,-2.765,0.3651,-1.023
0.6232,2.7407,0.4873,-0.8391,1.8028,-1.7922,-0.4253,0.5203,-0.5846,0.3121,-1.0303,-0.3935,-2.9548,0.6801,-1.0091
0.7936,2.6808,0.1789,-0.4004,1.6886,-1.5099,-0.0922,0.1842,-0.3768,0.1585,-0.9711,-0.2626,-3.2707,0.6289,-0.9242
0.6877,2.447,0.5613,-0.7179,1.5237,-1.3165,-0.1491,0.4025,-0.5701,0.2988,-0.9498,-0.0959,-4.072,0.2502,-0.5368
0.7633,2.3613,0.1953,-0.5761,1.419,-1.0991,-0.0045,0.7827,0.1579,0.1472,-0.7896,-0.0979,-3.5455,-0.4134,-0.6023
0.9483,2.4888,0.2894,-0.7038,1.6685,-1.0541,0.0516,0.7051,0.2346,-0.1487,-0.9587,0.0219,-3.2915,-0.0896,-0.4194
0.52,2.5114,0.1531,-0.7105,1.7997,-0.2618,-0.0012,0.7103,-0.267,-0.078,-1.0419,0.4468,-3.489,-0.4185,-0.3452
0.9494,2.3882,0.3477,-0.9322,1.7067,-0.6242,-0.1912,1.0913,0.0337,-0.3568,-1.2053,-0.409,-3.7059,-0.3192,-0.7273
1.0226,2.5107,0.0059,-0.646,1.6625,-0.865,-0.0058,1.1257,-0.6652,-0.0721,-0.9707,-0.2805,-3.6508,-0.3021,-0.6769
0.8254,2.5421,0.3287,-1.0502,1.6817,-1.1289,-0.1681,1.4755,0.1878,0.1253,-1.3348,-0.2075,-3.7116,-0.0153,-0.5976
0.9125,2.4781,1.3431,-0.612,1.5825,-1.394,-0.0559,1.8296,-0.136,-0.3031,-1.1233,-0.3506,-4.2746,0.0155,-0.4515
1.0176,2.544,2.2635,-0.9508,1.6993,-1.385,-0.0152,1.6977,-0.2552,-0.0983,-0.7855,-0.4345,-3.8907,-0.3304,-0.2716
1.0384,2.8167,1.9707,-1.0596,1.9795,-1.3192,0.1141,1.8482,-1.1306,-0.1103,-0.5853,-0.2156,-4.0976,-0.4379,-0.0799
1.0418,3.0357,1.9177,-0.7266,2.2512,-1.4483,0.1798,1.4552,-1.4069,0.2053,-0.4162,0.2424,-4.0502,0.6041,-0.1124
0.9892,3.0402,1.3904,-0.6947,2.3479,-1.067,0.245,1.2515,-0.6128,0.6718,-0.36,0.3936,-3.2125,0.1973,0.3374
1.0143,3.1887,1.6609,-0.8841,2.3014,-1.1406,0.5813,0.6619,-1.0707,0.9364,-0.5546,0.7449,-3.3712,0.0012,0.4638
1.0503,3.0449,0.792,-1.1829,2.1791,-1.1836,0.5267,0.3949,-1.1608,0.9823,-0.771,0.565,-2.7903,0.4886,0.4056
1.1498,2.7734,0.1032,-1.2023,1.9161,-1.2946,0.0977,0.3657,-1.1704,1.0497,-1.1528,0.4396,-3.0472,1.2598,0.3937
1.0628,2.646,-0.1406,-1.0593,1.608,-1.0457,-0.0638,0.0153,-0.805,0.8339,-1.4676,0.1109,-2.7376,1.5453,0.1435
1.0458,2.6441,-0.6532,-0.8095,1.4132,-0.7178,0.0322,-0.3938,-0.5739,0.5209,-1.7376,0.0926,-4.017,1.6899,-0.008
0.9296,2.5754,-0.5585,-0.7092,1.3147,-0.8707,0.0371,0.1675,-0.3273,0.2473,-1.8161,-0.2939,-3.6477,1.838,-0.248
1.1036,2.3468,-0.5061,-0.3912,1.2927,-1.0357,-0.175,-0.8589,-0.8921,0.6043,-1.4664,-0.3041,-3.6379,2.3638,-0.4091
1.0856,2.4894,-1.0795,-0.5332,1.268,-1.0115,-0.3146,-1.0306,-0.2367,0.6281,-1.6041,-0.5489,-2.7916,3.383,-0.4374
0.9553,2.2178,-1.3915,-0.5627,1.1039,-0.8063,-0.2333,-1.5722,0.0069,-0.2676,-1.6714,-0.4768,-2.7422,3.035,-0.9292
0.9093,2.1156,-1.7721,-1.7556,1.0246,-1.0136,-0.3165,-1.8864,0.388,-0.0507,-2.4847,-0.5998,-2.2411,3.0068,-0.7534
1.0065,1.9677,-2.1001,-0.8798,0.9624,-1.0298,-0.6455,-1.5089,0.8555,0.0822,-2.5638,-0.7718,-2.0595,3.1211,-1.2688
0.9046,1.9291,-1.8518,-0.3933,0.783,-1.0426,-0.4864,-1.3208,1.0299,-0.3021,-2.0785,-1.3622,-2.4016,3.2273,-1.4603
0.9768,1.9062,-2.067,-0.2724,0.8091,-1.0236,-0.3373,-2.1451,0.1811,-0.8502,-2.0622,-1.2032,-2.5518,2.6092,-1.7308
1.0932,1.8901,-2.3723,-0.1188,0.8261,-1.4287,-0.2549,-1.0991,0.9093,-0.9132,-2.0192,-1.397,-2.6038,2.9914,-1.8071
0.9284,1.6859,-1.9798,0.2031,0.8564,-1.6693,-0.5451,-1.0128,0.8917,-0.9715,-1.5792,-1.2568,-2.604,2.3064,-1.7686
0.9475,2.0016,-2.0576,-0.6015,0.7803,-1.7355,-0.9714,-0.887,0.8198,-0.843,-1.8058,-0.9549,-2.6525,1.298,-2.0432
1.0295,1.8742,-2.1439,-0.5823,0.523,-1.6405,-1.0369,-0.2167,1.1792,-1.3195,-1.8665,-1.1991,-2.9775,1.6493,-2.2128
0.9589,1.7712,-1.8062,-0.874,0.64,-2.0162,-0.966,0.2014,1.2329,-0.8235,-2.0512,-1.2411,-2.5082,1.0707,-2.2256
1.004,1.8686,-1.7135,-0.8027,0.8788,-1.8296,-0.8374,0.5104,0.7044,-1.218,-1.9635,-1.3802,-3.1202,0.5924,-2.6628
1.1606,1.895,-0.7256,-0.7955,1.1195,-1.7031,-0.5062,1.3174,1.3489,-0.5786,-1.6797,-1.4264,-3.3023,0.4607,-2.4374
1.1189,2.0865,0.2329,-1.1293,1.3652,-1.4132,-0.5176,1.8144,1.0089,-0.7808,-1.389,-1.5506,-3.7403,-0.4267,-2.2064
1.1389,2.2634,0.7729,-0.5992,1.662,-1.2924,-0.618,2.1401,0.4355,-1.0091,-0.6827,-1.2912,-3.7008,-0.6138,-1.8093
1.2411,2.5752,1.6793,-0.8665,2.0352,-1.5212,-0.7086,1.8588,-0.0372,-0.9806,-0.1099,-1.1339,-4.0664,-1.0178,-1.3414
1.1534,2.8609,1.195,-1.127,2.4001,-1.3163,-0.18,2.063,-0.4104,-0.1926,-0.1709,-0.4256,-4.2006,-1.3297,-0.9701
1.133,2.9305,0.3592,-0.8364,2.443,-1.0984,-0.3109,1.8719,-0.5527,-0.1091,0.1029,-0.4853,-3.9839,-1.3147,-0.4952
0.9716,2.7747,0.8022,-0.8396,2.3515,-0.91,-0.1666,1.7093,0.1522,0.0366,-0.0198,-0.2062,-3.7553,-1.5129,-0.2181
1.0608,2.9916,0.3669,-0.735,2.3029,-1.0275,0.0003,1.9505,-0.3563,0.1226,0.0668,-0.3976,-3.7718,-1.4607,0.0113
1.1499,2.9696,0.5454,-0.6577,2.0692,-1.3536,-0.057,2.1344,-0.2632,0.1383,0.0029,0.0415,-3.6844,-1.194,-0.1016
0.9732,2.933,0.7277,-0.7824,2.0028,-1.3795,-0.0571,2.25,-0.4683,0.0968,0.1066,0.5113,-3.7151,-1.1934,0.076
1.0901,2.9881,0.9077,-0.4498,2.2191,-1.1063,-0.2567,2.347,-0.5932,0.3519,0.3163,0.4675,-3.1423,-0.9749,0.3128
0.984,3.0473,0.4384,-0.841,2.0057,-0.9397,-0.4287,1.8539,-1.118,0.6735,0.1792,0.4234,-3.2843,-1.0904,0.7112
0.9533,3.0612,-0.3478,-0.9025,1.8445,-1.1632,-0.348,1.839,-0.4048,0.5409,-0.2882,0.3133,-3.7802,-0.6706,0.5116
0.8961,2.6258,0.0044,-0.6084,1.6679,-2.1123,-0.1463,2.501,0.1493,-0.0042,-0.2024,0.1727,-3.7599,-0.1897,0.3643
1.0016,2.623,0.7728,-0.7247,1.7954,-1.8031,-0.2201,2.3358,0.3732,-0.2172,-0.3054,0.1594,-3.1837,-0.6525,-0.1301
1.1695,2.6756,0.8198,-0.9193,1.6344,-1.5963,-0.0428,1.9923,-0.2904,-0.1132,-0.0928,-0.0774,-3.1715,-1.2537,-0.0854
1.2008,2.8569,0.7175,-0.6424,1.8844,-1.2583,-0.2424,1.7852,-0.7493,0.1843,-0.0016,-0.0679,-3.1246,-0.5864,0.1303
1.1385,3.0042,0.5469,-0.4964,1.9145,-1.2606,-0.2498,1.937,-0.4402,0.0975,-0.0198,-0.0839,-3.3997,-0.5832,0.0328
0.927,2.9141,0.6318,-0.8969,1.9007,-1.0468,-0.3641,1.9286,-0.5722,0.3149,0.0982,-0.0092,-3.257,-0.1251,0.297
0.9671,2.868,0.4266,-0.7419,2.1061,-0.8618,-0.3055,1.5674,-0.467,0.363,0.1034,0.142,-3.1704,-0.064,0.4685
1.0806,2.8181,-0.2711,-0.7175,1.9539,-0.8331,-0.2324,1.2386,-0.9879,0.8865,-0.0684,0.2353,-2.6005,0.222,0.4064
0.9158,2.6987,-0.3997,-0.3886,1.3758,-0.7005,-0.021,0.2573,-0.6637,0.4934,-0.2434,0.0905,-2.5774,0.5066,0.1565
1.0783,2.3759,-1.0359,-0.4249,1.6194,-0.9278,-0.0075,0.4774,0.1425,0.2899,-0.4925,-0.1244,-2.5726,0.7771,0.0071
1.2408,2.2887,-1.2264,-0.9111,1.144,-0.9866,-0.3636,0.2303,0.3105,-0.0306,-0.8131,-0.1477,-2.7631,0.7997,-0.2042
1.1131,2.2009,-2.1624,-0.3797,1.0705,-1.2999,-0.0306,0.6326,1.4229,-0.005,-1.1079,-0.309,-2.9121,1.3079,-0.5537
1.0212,1.9035,-1.1389,-0.404,1.0611,-1.1755,0.1284,0.9546,1.1493,-0.2979,-1.1325,-0.3846,-2.5468,0.8373,-0.7611
1.0805,2.1755,0.1006,-1.2224,0.6724,-1.0705,0.1504,0.5668,0.6254,-0.5698,-1.0882,-0.644,-2.3165,0.8197,-1.0176
1.0917,2.2896,-0.3798,-0.9813,1.3974,-1.4362,-0.1401,0.5748,0.4625,-1.135,-0.9001,-0.6215,-2.3471,0.9823,-1.3947
1.0005,2.3299,-0.1017,-1.0937,1.82,-1.2986,-0.1603,1.015,0.0769,0.0417,-0.4651,-0.574,-2.6457,1.1448,-0.8184
1.1382,2.2228,-0.4381,-0.0157,1.6763,-1.1302,0.1321,0.3126,-0.5767,1.5063,0.0195,-0.629,-2.835,1.442,0.3409
1.1063,2.3592,-0.5351,-0.106,1.5803,-1.0907,0.0782,0.2647,0.3998,2.1315,-0.0551,-0.5551,-2.6672,1.8385,0.9127
1.084,2.5661,-0.3483,-0.2295,1.6626,-1.0281,-0.1571,0.0707,0.0804,0.5497,0.0632,0.1681,-2.2938,1.5051,0.6828
0.7649,2.4826,-1.4401,-0.2916,1.7747,-1.0058,-0.2489,-0.3713,-0.3722,0.5669,-0.1336,0.2844,-2.2261,1.2603,0.5389
0.9393,2.1632,-1.4957,-0.6177,1.549,-1.1293,-0.4644,-0.6454,-0.3222,0.4002,-0.5429,0.1626,-2.1341,1.5536,0.0651
1.1502,1.9631,-1.4643,-0.3569,1.449,-1.3064,-0.9727,-0.2607,0.3417,0.4057,-0.7392,-0.2252,-2.7014,2.0891,-0.2689
1.1817,2.167,-1.528,-0.472,1.2775,-1.2381,-0.7189,-0.2527,0.0906,0.7946,-0.7819,-0.5873,-2.4501,2.3486,-0.7569
1.0862,2.2745,-1.7693,-0.6243,1.2806,-1.4537,-0.6052,-0.1774,0.4222,0.2983,-1.0518,-0.51,-2.3189,2.5437,-0.9895
1.0265,2.2534,-1.7525,-0.3005,1.34,-1.3439,-0.5185,0.1883,0.5502,-0.2772,-1.0857,-0.5607,-2.3155,2.1199,-1.3284
1.0602,1.9613,-1.4907,-0.1928,1.2518,-2.1273,-0.6578,0.5096,0.7618,-0.5175,-0.8279,-0.8686,-2.2672,1.7799,-1.8124
1.1022,2.1169,-1.2147,-0.2448,1.1582,-1.8868,-0.4514,1.0448,0.6416,-0.6931,-0.8164,-0.9265,-2.8827,1.5965,-2.0102
1.1434,2.4319,-0.7339,-0.4999,1.2868,-1.407,-0.9267,1.1511,0.5517,-0.6278,-0.5472,-1.2852,-2.5836,1.4689,-1.7938
1.1803,2.4132,-0.4051,-0.6296,1.4917,-1.3276,-0.8727,0.9279,0.3499,-0.4663,-0.8392,-1.2842,-2.8007,1.6002,-1.908
0.9641,2.5586,-0.4499,-0.4808,1.7544,-1.2912,-0.4982,0.8714,-0.0412,-0.1691,-0.4037,-1.0132,-2.9488,1.0228,-1.8426
1.0362,2.5314,-0.3695,-0.3217,1.7237,-1.5433,-0.441,1.2764,0.4387,-0.3061,-0.1034,-1.3741,-2.7883,0.7355,-1.5827
1.0729,2.5789,0.1252,-0.2156,1.7902,-1.53,-0.4156,1.4546,-0.0207,-0.362,0.0958,-0.9888,-3.2042,0.3204,-1.3481
1.1809,2.9497,-0.3409,-0.1751,2.1685,-1.4711,-0.4797,1.9744,-0.4639,-0.0716,0.1039,-0.6371,-2.5433,-0.1967,-0.9931
1.1693,2.9441,0.1786,-0.4219,2.0789,-1.4103,-0.8241,1.7343,-0.5467,-0.1288,0.3012,-0.2026,-2.6895,0.4272,-0.7488
1.0513,2.8525,0.1304,-0.4633,2.1467,-1.605,-0.7134,1.8548,-0.9046,0.2782,0.5094,-0.2605,-3.0613,0.5002,-0.059
1.0146,2.8389,-0.2509,-1.2046,2.0491,-1.5064,-0.591,1.5406,-1.4729,0.2396,0.2863,-0.2259,-3.2742,-0.0326,-0.491
1.1187,2.701,-0.193,-1.2796,2.1478,-1.4938,-0.4612,1.9175,-0.6373,-0.0456,-0.1964,-0.2414,-3.2613,0.7246,-1.1611
1.1355,2.5437,0.1978,-1.4586,2.6256,-1.0624,-0.1349,1.706,-0.7655,0.5656,-0.1412,-0.4925,-3.2209,0.1611,-0.7553
1.0821,2.5578,0.239,-0.9781,2.4943,-1.1284,0.1086,2.1929,-0.5975,1.4806,0.0671,-0.6747,-3.3917,0.3761,0.2325
0.8947,2.5492,-0.0636,-1.2493,2.4408,-1.1286,0.0368,2.2396,-0.486,1.9771,-0.0382,-0.4978,-3.9761,0.5892,0.7286
1.1208,2.3428,0.0581,-1.1081,2.0298,-1.4471,0.4629,2.5334,-0.5333,2.0045,0.0598,-0.4333,-3.8649,0.6978,0.7967
1.1198,2.5624,0.1723,-0.7567,1.7665,-1.5409,0.4992,2.7741,-0.5087,0.99,0.2021,-0.3724,-3.7772,0.6967,0.796
1.146,2.5285,0.8951,-0.7919,1.7313,-1.4707,0.2914,2.2713,-0.9511,0.8114,0.343,-0.4162,-3.3298,0.1167,0.58
1.0516,2.8878,0.1153,-1.1179,1.9222,-0.9525,-0.2942,2.3916,-1.1665,0.9235,0.4396,-0.1582,-3.5805,0.7732,0.6992
1.1872,2.7825,0.0769,-1.3078,1.7743,-1.0679,-0.1294,1.9045,-0.8675,0.5318,0.1617,-0.2288,-3.4191,1.004,0.1461
1.1291,2.7915,0.5903,-1.0249,1.7932,-0.4648,-0.0387,1.5387,-0.7889,0.6633,0.3312,-0.2969,-3.4451,1.0062,0.035
0.9434,2.6909,-0.1049,-1.3056,1.8721,-0.5534,0.0634,0.8737,-1.7599,1.2107,0.154,-0.2713,-3.2619,1.4697,0.2942
1.041,2.4955,-0.8595,-1.3066,1.6173,-0.9494,0.0301,1.1613,-1.3429,1.0206,-0.7441,-0.2783,-3.1894,2.2418,0.0843
1.2623,2.253,-1.6196,-0.544,1.5022,-0.8134,-0.0963,1.1054,-0.5395,0.7806,-0.7521,-0.5723,-3.0664,1.5516,-0.2201
0.9965,2.1035,-1.6839,-0.1514,1.1593,-0.5955,0.0088,1.4921,-0.2476,0.6116,-0.6673,-0.9628,-2.8918,1.6057,-0.4313
0.9347,2.0767,-1.2076,-0.0722,0.8648,-0.8101,-0.0759,1.5315,0.0499,0.1722,-0.2638,-1.3043,-2.9692,1.0625,-0.703
1.0797,2.0869,-0.9837,-0.2394,1.178,-0.6078,-0.3291,0.8064,-0.3,-0.0697,-0.0594,-1.0291,-3.0757,1.0117,-0.879
1.2232,2.1551,-0.8757,-0.5602,1.3741,-0.6402,-0.1101,1.5215,0.6242,-0.2355,-0.1937,-0.7936,-3.4101,1.8436,-1.1493
1.1868,2.4129,-0.5493,-0.5509,1.5003,-0.7718,-0.4726,1.8342,0.2073,0.2676,-0.0058,-0.9521,-3.3319,1.2827,-1.0926
1.2648,2.5731,-0.6638,-0.903,1.2814,-0.7901,-0.2133,1.9897,0.1586,-0.4082,-0.0607,-1.0337,-3.3213,1.0452,-1.4042
1.1961,2.4093,0.1633,-0.6248,1.5246,-0.7575,0.2746,1.5201,0.2604,-0.5069,0.2546,-1.0661,-3.2367,0.8772,-1.389
1.5147,2.6549,-0.0965,-0.2825,1.6154,-0.8937,-0.3912,1.4853,-0.4236,0.0814,0.5933,-1.0172,-3.0208,0.713,-1.4983
1.3707,2.7268,0.1478,-0.1304,1.663,-1.1355,-0.2123,1.3451,-0.6328,0.2647,0.7258,-0.7669,-2.9291,0.8026,-1.3206
1.3528,2.7121,0.114,-0.6754,1.7529,-0.8997,-0.5626,1.1785,-0.8618,0.3245,0.571,-0.8387,-3.088,0.7571,-0.8704
1.3652,2.9183,-0.4378,-1.0279,1.6602,-0.7747,-1.2668,0.9074,-1.1488,0.6149,0.3649,-0.7846,-3.2243,1.003,-0.9091
1.3135,2.9448,-1.2767,-1.3077,1.5674,-0.9942,-1.0934,0.8741,-0.893,0.3529,-0.3151,-0.6497,-3.4002,1.4668,-1.4593
1.4476,2.4668,-1.2665,-1.0845,1.5351,-1.0426,-0.7303,1.4621,-0.11,0.0499,-0.4497,-1.1506,-3.4389,1.7726,-1.5211
1.4189,2.4199,-0.7581,-0.9519,1.2517,-0.903,-0.6212,1.3199,0.0968,0.1341,-0.2224,-1.3803,-3.4278,1.1547,-1.5898
1.3484,2.5272,-0.4626,-1.042,1.4048,-0.9427,-0.5662,1.2763,0.1655,-0.0499,-0.2494,-1.509,-3.5466,0.9925,-1.6865
1.403,2.5886,-0.3099,-0.4078,1.4988,-0.9962,-0.1085,1.9016,0.4977,0.0732,0.5616,-1.576,-3.3792,1.2323,-1.3511
1.3579,2.7566,0.0757,-0.597,1.3485,-1.1221,-0.2148,1.387,-0.5733,-0.0658,0.7259,-1.3428,-2.9785,0.5362,-0.9424
1.1585,2.8079,-0.4584,-0.6902,1.5478,-0.9624,-0.2244,1.2697,-0.4883,0.1193,0.68,-0.996,-2.9721,0.8032,-0.8425
1.1671,2.6954,-0.9348,-0.1864,1.473,-1.005,-0.2108,1.1215,-0.3226,-0.2925,0.5781,-0.5458,-2.6597,1.0341,-0.6164
1.2882,2.3708,-0.8537,-0.5297,1.5566,-1.0775,-0.0347,0.6721,-0.6424,0.2153,0.5801,-0.7784,-2.281,1.0478,-0.895
1.3148,2.4038,-1.3946,-0.7778,1.57,-0.8353,-0.1027,0.9172,-0.5502,0.6121,0.2865,-0.7117,-2.4154,1.3375,-0.5617
1.2048,2.2826,-1.246,-0.9953,1.424,-0.9399,-0.1749,0.8262,-0.3613,1.45,-0.2251,-0.8325,-2.613,1.9454,-0.3246
1.0653,2.0694,-1.7717,-0.6047,1.1814,-0.7659,-0.2077,0.8057,0.0409,1.0956,-0.3037,-1.3642,-2.7338,2.0374,-0.4291
1.1639,1.988,-1.3737,-0.4641,0.9714,-0.5861,-0.138,0.8743,0.0753,0.571,-0.317,-1.1883,-2.6352,1.8187,-0.6735
1.3708,2.1831,-1.3166,-0.6993,0.9135,-0.8387,-0.6193,1.0113,-0.1221,0.4575,-0.2668,-1.5625,-2.6997,1.9989,-1.0809
1.2987,1.9081,-1.8564,-0.6282,1.0328,-0.7397,-0.8952,1.8585,0.2421,-0.0215,-0.2358,-1.4821,-3.4952,1.5237,-1.5833
1.2942,1.987,-0.9825,-0.7965,1.0688,-0.8055,-0.5332,2.3025,0.6776,-0.5063,-0.2575,-1.4107,-3.7785,0.8216,-2.05
1.4015,2.1608,-0.3695,-0.7639,1.348,-0.7013,-0.631,2.7887,0.3711,-0.6894,0.0868,-1.3869,-3.6471,0.4463,-2.159
1.5086,2.5093,0.7299,-0.9801,1.5074,-1.0076,-0.0794,3.0234,-0.0738,-0.4894,0.5292,-1.4388,-3.6956,-0.3557,-2.0702
1.3752,2.6481,1.0013,-0.9615,1.7296,-0.6432,0.1166,3.3281,-0.5687,0.026,0.7631,-0.6704,-3.4861,-0.7957,-1.5311
1.2394,2.9676,0.6307,-1.3448,1.6569,-0.6843,-0.0512,3.8643,-0.6434,0.3396,0.7508,-0.5362,-3.4716,-0.8608,-1.0214
1.1863,2.9428,0.9571,-0.9235,1.74,-0.5291,-0.0813,3.1723,-1.0786,0.4956,1.0082,-0.249,-3.4934,-0.2705,-0.2934
1.2867,2.8252,0.7641,-1.3382,1.6372,-0.6163,0.1616,2.7585,-0.9569,0.2101,1.0144,0.0955,-3.3668,-1.0123,-0.4077
1.3282,3.007,0.65,-1.5419,1.785,-0.7957,0.0878,2.5072,-1.2957,0.3484,0.8067,0.1684,-3.2256,-0.3323,-0.2657
1.2151,2.7332,0.1105,-0.9979,1.6802,-0.9064,0.179,2.7318,-1.7421,0.7595,0.7964,0.2794,-3.2016,-0.1119,0.0049
1.1549,2.8022,-0.0391,-0.753,1.5405,-0.9202,0.1181,2.5346,-0.9102,0.2345,0.7187,0.1314,-3.1732,0.2499,-0.1772
1.3156,2.6184,-0.2353,-0.8517,1.7294,-0.8662,-0.195,2.7509,-1.0025,-0.4586,0.6941,0.0318,-3.1807,0.5845,-0.683
1.3215,2.4868,0.1284,-0.546,1.3096,-0.8223,-0.1765,2.6472,-0.7056,-0.1571,0.8597,-0.0298,-3.6455,0.5203,-0.627
1.333,2.7052,0.135,-0.8905,1.5023,-0.7229,-0.5022,3.1114,-0.4532,-0.1937,0.9602,0.0345,-3.3327,0.295,-0.4545
1.2796,2.8539,0.4221,-0.7764,1.8477,-0.818,-0.9144,2.9548,-1.0136,0.4072,1.1806,-0.0186,-3.4397,0.5866,-0.4725
1.1805,2.9665,0.1659,-0.9857,1.7883,-0.7643,-0.4928,2.5589,-1.4866,0.4907,1.1068,-0.3012,-3.3695,0.6123,-0.4484
1.4763,2.8903,0.1997,-1.4009,1.6419,-0.6485,-0.2528,2.0194,-1.3228,0.7076,0.788,-0.3762,-3.1381,1.435,-0.3553
1.1094,2.6995,-0.6893,-1.3993,1.7604,-0.4948,-0.3223,1.714,-0.6923,0.5346,0.2367,-0.3111,-3.1744,1.2416,-0.4563
1.4976,2.278,-1.1366,-1.1208,1.6251,-0.6017,-0.3649,1.756,-0.3394,0.5406,0.0637,-0.5072,-3.2059,1.6871,-0.444
1.3776,2.2452,-1.2323,-0.88,1.4439,-0.658,-0.0753,1.6706,-0.1721,0.7629,0.2529,-0.8819,-2.9633,1.8671,-0.5636
1.1207,2.2063,-0.8861,-1.4158,1.4106,-0.6786,-0.4361,1.2606,0.2198,0.8477,-0.0751,-0.9591,-2.9976,1.9577,-0.2856
1.1324,2.1123,-0.756,-1.1936,1.0108,-0.8761,-0.0991,1.6581,0.4167,0.2978,0.151,-1.1297,-3.1256,2.3665,-0.6948
1.1061,2.178,-0.7195,-1.1106,1.2722,-1.0164,-0.018,0.2359,-0.4407,0.3643,0.1971,-1.2732,-2.5501,2.2126,-0.8451
1.125,2.4034,-1.4507,-1.1926,1.4942,-1.007,-0.1325,0.3442,-0.6633,0.6535,0.0178,-1.0873,-2.4427,3.4306,-0.6463
1.2147,2.1007,-1.1516,-1.1229,1.1652,-0.9266,-0.134,-0.4078,-0.5263,1.3266,0.0256,-1.0846,-2.6662,3.5019,-0.4452
1.2276,1.9821,-1.9804,-0.9521,1.1618,-0.954,-0.0606,-0.0722,0.0862,1.2044,-0.3256,-1.4188,-2.5931,3.5884,-0.4379
1.3689,1.9551,-2.49,-1.0506,0.8594,-0.9039,-0.0909,-0.1823,0.5383,0.546,-0.449,-1.4013,-2.3196,3.1258,-0.5852
1.1255,1.8059,-2.6682,-0.9211,0.6566,-1.3061,-0.385,0.5883,0.9267,-0.1194,-0.5438,-1.6417,-3.2453,2.8769,-1.3282
1.3159,1.6704,-2.108,-0.4896,0.6597,-1.2464,-0.199,1.3445,1.2766,-0.5914,-0.3067,-1.8113,-3.0828,2.5627,-1.6945
1.3463,1.6699,-1.7614,-0.5478,0.9227,-1.1437,-0.298,1.8166,1.0808,-1.0475,0.0053,-1.6148,-3.2543,2.258,-1.7003
1.4056,1.8187,-1.2181,-0.7213,1.024,-1.0309,-0.561,2.2741,0.6731,-0.6153,0.2716,-1.267,-3.4859,1.7661,-1.7644
1.3787,2.2392,-0.4744,-0.9754,0.9796,-0.9997,-0.3563,2.3316,0.2541,-0.8346,0.1924,-0.8982,-3.6709,1.4896,-1.8889
1.3693,2.2311,-0.0878,-1.6619,1.2212,-0.8262,-0.2949,2.3135,-0.042,-0.9825,0.27,-1.0899,-3.2443,1.5895,-1.8441
1.4036,2.4797,0.3615,-1.1844,1.5039,-1.0335,-0.3148,2.0255,-0.0576,-0.8528,0.5011,-1.0782,-3.1225,1.2239,-1.7507
1.3767,2.707,0.1065,-1.021,1.8176,-1.1261,-0.2941,2.3535,-0.5247,-0.6133,0.6068,-0.9032,-3.2403,0.813,-1.7566
1.3184,2.7364,0.2687,-0.9844,1.9335,-1.2472,-0.2705,2.506,-0.7965,-0.4727,0.8142,-1.2213,-3.3355,0.854,-1.4466
1.2812,2.7456,0.428,-0.7534,2.1765,-1.0006,-0.0125,2.3374,-0.3492,0.404,0.9893,-1.1351,-3.4805,0.7983,-1.0582
1.4685,2.534,0.0776,-0.73,2.1717,-1.0297,0.2083,1.6147,-0.4819,0.4495,0.912,-0.6925,-3.3643,0.3946,-0.5104
1.4996,2.8243,-0.1133,-0.8087,1.8934,-1.0426,0.2412,2.1536,-0.6341,0.6283,0.9938,-0.6109,-3.2315,-0.209,-0.2133
1.438,2.6362,0.1298,-1.08,1.8442,-0.7906,0.3117,2.5795,-0.3826,0.5262,0.674,-0.2404,-3.347,1.5793,-0.1943
1.4528,2.4478,0.2232,-0.5737,1.8104,-0.7408,0.1589,2.0165,-0.4451,0.5908,1.1107,-0.52,-3.2511,1.1553,0.0133
1.4726,2.6598,0.2096,-0.8322,1.769,-0.8576,0.3461,2.2316,-0.4776,0.3852,1.0079,-0.1094,-3.5586,1.1879,-0.3974
1.0287,2.6301,-0.307,-0.9163,1.807,-0.8707,0.3139,2.1484,-1.7502,1.0722,1.0501,-0.0754,-3.2923,1.8779,-0.0138
1.3332,2.2948,0.2787,-0.698,1.7084,-1.0216,0.2111,2.3112,-0.6332,0.2035,1.16,0.0948,-2.7431,2.034,-0.0936
1.4577,2.3415,0.1433,-1.2181,1.8728,-0.877,0.0081,1.3499,-1.3433,0.2223,0.9303,-0.1967,-2.6527,1.5728,-0.1169
1.3692,2.3544,-0.5762,-0.5063,1.6742,-0.9104,0.4527,0.8153,-1.0143,1.0528,1.1318,-0.2772,-2.3703,1.7928,0.3317
1.2986,2.2463,-1.2508,-0.5736,1.5624,-0.87,0.352,0.4473,-0.8901,1.0212,0.9159,-0.4381,-2.5752,2.2488,0.6554
1.4367,2.1764,-1.8155,-0.4881,1.3041,-0.9776,0.0933,0.9645,-0.1376,1.4487,0.4837,-0.4435,-2.4281,2.9937,0.8375
1.3617,1.9737,-1.8349,-0.4567,1.056,-1.1304,0.1923,0.8263,0.256,0.4269,0.5488,-0.565,-2.4872,3.7723,0.312
1.3978,1.7796,-1.9422,-0.4511,1.1402,-0.9931,0.1578,0.3255,-0.3554,0.1294,-0.0095,-0.7041,-2.1821,3.1442,-0.1917
1.2155,1.8623,-1.9422,-0.5505,0.8472,-1.1691,0.1162,0.9153,0.3498,-0.3924,-0.2288,-1.0574,-2.4665,3.3615,-0.9587
1.0708,1.6583,-1.6439,-0.3325,1.3261,-1.2388,-0.1145,0.7453,0.8491,-1.1111,-0.2779,-1.3643,-2.3945,3.354,-1.4497
