x0,x1,x2,x3,x4,x5,x6,x7,x8,x9,x10,x11,x12,x13,x14
0.1556,0.4475,2.2046,-0.6144,1.0357,-0.1498,0.0127,2.8371,-1.1113,-0.8054,1.0321,0.637,-1.1176,-3.2787,-0.5154
0.3897,0.469,2.766,-0.1986,1.1028,-0.085,0.1566,2.6283,-1.1597,-0.2586,1.6957,0.7714,-1.1699,-3.3204,0.51
0.3191,0.901,2.3315,-0.4287,1.178,-0.0125,0.2033,2.1912,-1.7379,0.6713,1.5794,1.2372,-1.0686,-2.98,1.1004
0.3595,0.72,1.9901,-0.3641,0.7815,-0.2032,0.3124,2.203,-1.5648,0.6341,1.3831,1.5756,-0.7407,-2.3737,1.428
0.3341,0.7057,1.879,-0.4797,0.6963,0.0744,0.1368,1.6232,-1.6758,0.3424,1.187,1.4024,-0.3361,-1.9921,1.6425
0.195,0.7114,1.5314,-0.6519,0.6154,0.107,0.0912,1.1043,-1.689,0.5907,1.0598,1.1682,-0.2942,-1.2529,1.8595
0.1494,0.7503,1.2017,-0.6748,0.3956,-0.0482,-0.1022,0.5866,-1.3273,1.1908,1.0236,0.9871,-0.1277,-0.4246,1.8884
0.0774,0.4808,0.378,-0.5838,0.4427,-0.1693,-0.0397,0.1699,-1.0458,0.8566,0.6059,1.026,0.0103,-0.1932,1.7303
0.3418,0.3828,-0.5674,-0.1122,0.2494,-0.2714,-0.0163,-0.0819,-0.587,0.4988,0.534,0.8408,0.0057,-0.1312,1.2002
0.4421,-0.2719,-0.357,-0.8984,0.0645,-0.1751,0.0191,-0.0828,-0.024,0.2766,0.4491,0.5043,0.2739,-0.129,1.1358
0.1955,-0.0915,-0.3681,-0.6713,-0.2006,-0.3263,-0.0445,-0.1819,0.1117,0.0175,0.0043,0.6597,0.5118,-0.2125,0.5562
0.4333,-0.4014,-0.5952,-0.4629,-0.2244,-0.3751,-0.3808,0.1855,0.2744,-0.2529,-0.111,0.0599,0.0501,-0.0773,0.257
0.4446,-0.6628,-0.3159,-0.332,-0.1616,-0.2043,-0.6946,0.2351,0.3988,-0.0586,-0.1785,-0.1735,0.2591,-0.3289,-0.1745
0.5492,-0.4412,-0.1088,-0.357,-0.0591,-0.2911,-0.6436,0.4833,0.3391,-0.424,-0.1732,-0.4227,0.0972,-0.313,-0.4226
0.5743,-0.3341,0.3959,-0.3503,0.0224,-0.1431,-0.5319,0.8128,0.5158,-0.452,-0.359,-0.4577,0.1686,-0.6982,-0.3162
0.1751,-0.2039,0.7457,0.0225,0.2733,-0.0778,-0.7328,1.3721,0.2596,-0.471,0.2902,-0.7293,-0.0505,-0.8947,0.017
0.224,-0.0526,1.047,-0.0894,0.2102,0.0005,-0.7891,1.287,-0.128,-0.5443,0.5888,-0.454,-0.1464,-1.5164,0.0066
0.1884,0.0406,1.2851,-0.2896,0.4646,-0.0786,-0.4583,1.3676,-0.3991,-0.7132,0.6816,-0.4936,-0.3759,-1.2884,-0.1015
0.4145,0.1653,1.0904,-0.4887,0.6002,0.8636,-0.3845,0.8573,-0.8748,-0.6009,0.5413,-0.2689,-0.2211,-1.5454,-0.3124
0.359,0.4001,0.4118,-0.4489,0.8382,0.7402,-0.2874,0.9492,-0.9035,-0.2941,0.5751,-0.1564,0.027,-1.2062,-0.0966
0.2863,0.0536,0.5817,-0.6815,0.7229,0.3003,-0.1467,0.9492,-0.3097,-0.2805,0.6767,-0.1337,-0.1036,-1.407,0.1421
1.1669,0.2402,1.3805,-0.5509,0.6841,-0.2792,-0.1297,1.3938,-0.0451,-0.0707,0.7524,0.0948,-0.045,-1.4538,0.3965
0.9352,0.412,1.8719,-0.5265,0.7655,-0.2275,-0.1297,1.571,-0.4252,0.417,0.7925,0.3015,-0.4493,-1.5145,0.81
0.7013,0.7386,1.5353,-0.592,0.9471,-0.286,0.0582,1.7011,-0.7896,0.6262,0.9876,0.389,-0.2461,-1.574,1.1194
0.3137,0.2895,1.213,-0.7204,0.7735,-0.0065,0.1587,1.6692,-1.1108,1.163,0.8032,0.558,-0.0416,-1.4338,1.4571
0.4405,0.203,1.3708,-0.4666,0.6181,0.073,0.2706,1.2455,-0.9391,0.5814,0.7587,0.6265,0.2124,-1.2786,1.6751
0.5403,0.4546,0.842,-0.6122,0.5423,-0.151,0.1176,1.0607,-0.8628,0.4449,0.5382,0.6017,0.3888,-0.9869,1.6335
0.8648,0.3763,1.0589,-0.6711,0.5722,-0.6473,0.1672,1.0281,-0.5756,0.5457,0.4586,0.514,0.6703,-0.4268,1.3099
0.2689,0.3026,0.6699,-0.3567,0.7857,-0.6802,0.1413,0.7834,-0.9186,0.3151,0.6887,0.4012,0.6194,-0.5295,1.4856
0.3518,0.0655,0.7492,-0.0574,0.6156,-0.3305,0.1098,0.5996,-0.3491,0.3845,0.9417,0.2608,0.4585,-0.0597,1.6282
0.0747,0.4805,0.6375,-0.3103,0.4244,0.0631,0.1572,0.0162,-0.6494,0.9375,0.9745,0.3151,0.7808,0.3537,1.9953
0.15,0.0633,-0.0271,-0.2855,0.3604,-0.0623,0.2126,-0.4231,-1.0818,0.8333,0.7978,0.1384,0.8744,0.6334,1.9371
0.4159,0.1292,-0.2144,-0.4505,0.2252,0.1036,0.046,-1.1091,-0.5348,0.7816,0.2864,-0.1296,0.9596,0.8273,1.6349
-0.2709,0.0517,-1.5892,-0.6134,0.1379,1.2284,-0.0037,-1.5543,-0.7019,0.7323,-0.7418,-0.3306,1.2584,1.3666,1.0724
0.0447,-0.7897,-2.3477,-0.3589,-0.162,0.8273,-0.1284,-1.3723,0.1363,-0.1822,-0.7733,-0.6577,1.1455,1.7146,-0.04
0.1368,-0.8209,-2.0295,-0.2113,-0.321,0.2145,-0.206,-1.2805,0.968,-0.2842,-0.6745,-1.021,1.0971,1.6236,-0.573
0.292,-0.7181,-1.7671,-0.0676,-0.3396,0.7371,-0.1369,-1.2267,1.4395,-0.5259,-0.6356,-1.1469,1.202,0.8163,-0.8442
0.5034,-0.9438,-1.6222,-0.1738,-0.4725,1.0109,-0.2855,-0.9941,1.2322,-0.8523,-0.481,-1.237,1.0125,1.3378,-0.9696
0.3684,-0.8542,-1.4388,-0.1434,-0.3291,0.7191,-0.4334,-0.9672,1.1402,-0.7885,-0.5405,-1.2208,0.5835,0.9653,-1.2238
0.21,-1.1748,-1.5226,-0.1072,-0.0026,0.5566,-0.3508,-0.7176,0.8029,-0.3466,-0.5375,-1.2591,0.8328,0.7701,-1.0525
0.6709,-0.8621,-1.2895,-0.2453,-0.1185,0.4928,-0.2532,-0.4587,1.3518,-0.1689,-0.335,-1.3258,0.1253,0.5898,-1.1449
0.4831,-0.3892,-0.6141,-0.2962,-0.0975,0.4793,-0.2879,-0.0848,1.0292,0.1841,-0.2056,-1.1909,0.4016,0.1081,-0.8137
0.5308,-0.2346,-0.5901,-0.1425,0.0045,0.7954,-0.1563,0.1256,0.9083,-0.2551,0.0437,-1.1593,0.2156,0.0776,-0.7153
0.19,-0.4829,-0.3315,0.0683,-0.1633,0.6833,-0.0747,0.3472,0.666,-0.0905,0.2981,-1.1612,0.2606,-0.1522,-0.4336
0.5154,-0.5379,-0.2113,-0.5437,-0.077,0.07,-0.1627,0.7482,0.1795,-0.0902,0.1181,-1.0375,0.3617,-0.4512,-0.119
0.3502,-0.1502,0.021,-0.3192,0.0391,0.3413,-0.3619,0.9653,0.1551,0.0442,0.2606,-1.0433,0.0357,-0.5242,-0.2092
0.1956,-0.165,0.1125,-0.4003,0.0935,0.414,-0.169,0.9421,0.1644,-0.3995,0.4184,-1.0153,0.1648,-0.9409,-0.0678
0.4131,-0.4004,0.1787,-0.3765,0.0677,0.1118,-0.3053,1.5009,0.2354,-0.2548,0.6093,-1.015,0.3962,-1.0036,0.1216
0.0773,-0.0985,0.2244,-0.6046,0.085,0.6782,-0.3984,1.2507,-0.1517,-0.0706,0.2415,-0.8016,0.4011,-1.229,-0.3517
0.0279,-0.3409,0.2239,-0.3048,0.3008,1.2648,-0.2768,1.073,-0.1608,-0.0836,0.6682,-0.7814,0.5759,-1.0923,0.0624
0.2164,-0.3492,0.2337,-0.5083,0.1743,0.8386,-0.1835,0.7785,-0.2143,-0.0838,0.6233,-0.8482,-0.3316,-1.0286,0.3679
0.0634,-0.1494,0.0434,-2.04,0.2122,0.8629,-0.0796,1.4777,0.0672,0.1687,-0.147,-0.9275,0.0882,-0.2955,0.0167
0.323,-0.434,0.5739,-1.3923,0.1907,0.8419,-0.0284,1.1718,-0.0321,0.2884,-0.183,-0.9564,0.2686,-0.4512,0.0167
-0.2531,-0.2525,0.4557,-1.1902,0.3341,1.4792,0.0204,0.9915,0.0498,0.5941,0.0171,-1.139,0.3509,-0.3926,-0.3338
0.549,-0.3399,0.5711,-0.915,0.5275,0.9787,0.2146,1.1533,0.0484,0.2889,0.2464,-1.0766,0.5492,-0.0427,-0.116
0.4479,-0.0523,0.7808,-0.5181,0.6705,0.4601,-0.0277,0.5179,-0.2321,0.8967,0.5801,-0.9359,0.7562,-0.2216,0.6322
0.396,-0.1819,-0.3956,-0.5086,0.5436,0.4124,-0.0244,0.5196,-0.3431,1.0896,0.5046,-1.0891,0.9383,0.1537,0.6914
0.2646,-0.516,-0.6881,-0.9099,0.2617,1.393,0.1869,-0.2466,-0.3616,1.1609,-0.077,-0.9179,1.3517,0.0527,0.8861
-0.4682,-0.5415,-1.3328,-1.0444,0.1156,1.124,0.2076,-0.0808,-0.2011,1.3794,-0.704,-1.0106,1.3184,0.4374,0.6555
0.1158,-1.1379,-0.9919,-0.619,-0.0692,0.9741,0.2964,-0.156,0.4332,0.4107,-0.8118,-1.3596,1.1823,1.507,0.2377
-0.0528,-1.2677,-1.1903,-0.4973,-0.0661,1.1206,0.177,-0.7106,0.1888,0.6155,-0.4886,-1.5608,1.3076,1.0955,0.034
0.822,-1.424,-1.4557,-0.4269,-0.2074,0.2318,-0.0901,-0.7046,0.3819,0.6275,-0.3938,-1.5247,1.9031,1.1119,0.0029
0.5822,-0.9104,-1.1568,-0.6385,-0.3278,-0.0126,-0.1312,-0.6936,0.3166,1.0792,-0.2655,-1.5437,1.1287,1.4796,0.1876
0.3494,-0.8995,-1.2491,-0.6992,-0.3714,0.1659,-0.244,-0.5596,0.5876,0.6305,-0.3508,-1.4601,0.9557,1.2463,-0.0155
0.4489,-0.6494,-1.2802,-0.5223,-0.4379,-0.2488,-0.3543,-0.4152,0.3021,0.3739,-0.1251,-1.3053,1.4103,0.9762,-0.309
0.334,-0.5714,-1.7923,-0.6379,-0.3779,-0.1787,-0.445,-0.1824,0.881,-0.0708,-0.2861,-1.1416,1.3985,0.7493,-0.5163
0.4707,-1.0402,-1.0907,-0.4401,-0.1754,-0.4166,-0.5023,0.1472,1.1893,-0.3214,-0.0117,-1.2984,1.202,0.5737,-0.7414
0.4842,-0.6183,-0.8924,-0.5413,0.0389,-0.1794,-0.5882,0.4974,0.9622,-0.6321,0.3809,-1.2106,0.9751,0.4774,-0.8672
0.5185,-0.1553,-0.9151,-0.6922,0.1787,-0.061,-0.5476,0.2867,0.3137,-0.5031,0.0962,-1.0765,0.6456,-0.3223,-1.0006
0.2673,-0.4561,-0.7294,-0.5266,0.2339,-0.122,-0.4208,0.9451,0.8007,-0.3392,0.1266,-1.1128,0.7262,-0.3379,-0.7414
0.3451,-0.6496,0.0376,-0.6614,0.3104,0.3418,-0.3718,1.2297,0.6246,-0.2784,0.2032,-0.9144,0.8341,-0.9724,-1.0139
0.6987,-0.3577,0.761,-0.5286,0.3876,0.1452,-0.172,1.4164,0.2892,-0.0163,0.6391,-0.9274,0.7737,-0.6947,-0.9149
0.5687,-0.0159,0.6599,-0.8148,0.7199,0.4525,-0.144,1.2098,-0.5894,0.0131,0.9583,-0.8593,0.4098,-0.9137,-0.5307
0.1637,0.1416,0.4803,-0.9648,0.6177,0.8396,0.04,0.9595,-0.4356,0.143,0.8578,-0.6603,0.6527,-1.21,-0.19
0.2674,0.1665,0.0633,-0.8687,0.8225,1.1981,0.024,0.9522,-0.5809,0.2766,0.8011,-0.5779,0.6618,-0.6638,-0.2267
0.1365,-0.135,-0.1268,-0.5553,0.7042,0.8774,-0.0133,0.6954,-0.3948,0.3628,0.3529,-0.4883,0.6697,-0.5003,-0.2515
0.0181,-0.5306,-0.6351,-0.3957,0.4934,0.9157,0.0561,0.81,-0.4767,0.359,-0.0283,-0.5755,0.6318,-0.4596,-0.5289
0.0822,-0.5854,-0.3403,-0.1959,0.3831,0.8367,0.0634,1.0265,-0.2786,0.2206,0.4337,-1.0042,0.1584,-0.1016,-0.6802
0.2883,-0.7032,-0.0781,-0.0102,0.347,0.5877,-0.2591,1.031,-0.1109,-0.0444,1.5018,-1.0008,0.2089,-0.5956,-0.2309
0.7012,-0.2376,0.4283,-0.2521,0.3332,0.3711,-0.291,1.0843,-0.2921,0.0691,1.4665,-0.5367,0.3858,-0.7538,0.0332
0.581,-0.4258,0.3747,-0.2378,0.4882,0.3607,-0.297,1.0171,-0.3118,0.0446,0.7114,-0.1943,0.4854,-0.4841,-0.1487
0.3402,-0.3091,0.184,-0.5341,0.5845,0.252,-0.3047,0.6087,-0.8061,0.6107,-0.0802,-0.3198,0.6745,-0.5483,-0.0844
0.2251,-0.3865,-0.2232,-0.6321,0.3957,0.6556,0.23,0.6506,-0.5737,0.5788,0.1006,-0.7338,0.6067,-0.2962,0.1277
0.3442,-0.9443,-0.2058,-0.4223,0.2552,0.5888,0.2066,0.6813,-0.199,0.4817,0.613,-0.7965,1.171,-0.0581,0.6105
0.766,-0.5268,0.0628,-0.4845,0.1347,0.4171,0.1865,0.5275,-0.0673,0.3845,0.4223,-0.7809,0.767,0.0824,0.6463
0.4548,-0.2555,-0.2486,-0.1066,0.224,0.4564,0.1369,0.1033,-0.5496,0.6778,0.6603,-0.7933,0.7759,0.1825,0.8531
0.345,-0.1863,-0.1847,-0.6206,0.0975,0.7874,0.0772,0.0837,-0.4656,0.6087,0.5095,-0.8009,0.8099,0.3732,0.7682
0.2418,0.3916,-0.309,-0.4895,0.189,0.5422,0.1477,-0.1767,-0.2677,0.4388,0.428,-0.8054,0.9463,0.5717,0.5608
0.4375,-0.025,-0.5141,-0.5832,0.2864,0.2887,0.0683,-0.2565,-0.4566,0.3903,0.0432,-0.8215,0.6418,0.1705,0.0917
0.263,-0.1722,-0.5614,-0.4505,0.0794,0.3155,0.3833,0.1558,0.2369,0.1067,0.0181,-1.0612,0.8921,0.0878,-0.1479
0.3578,-0.5341,-0.468,-0.4953,0.0922,0.0748,0.1553,0.3666,-0.0023,-0.052,-0.1088,-1.2035,1.0658,0.0638,-0.1831
0.0953,-0.5918,-0.8981,-0.7281,0.0373,0.3065,0.1905,0.2647,-0.2049,-0.1696,-0.3085,-1.3514,1.1657,0.0863,-0.3833
0.0125,-0.6831,-1.121,-0.5841,0.0399,0.4028,0.0389,0.1453,0.0515,-0.3311,-0.0118,-1.3376,1.2582,0.4962,-0.4947
-0.1671,-0.6054,-0.7024,-0.5842,0.0599,0.3885,-0.0317,-0.1487,0.4791,-0.2477,0.018,-1.288,0.9672,0.2227,-0.2547
-0.027,-0.5965,-0.7505,-0.065,-0.0007,0.4879,-0.1857,-0.4413,0.1218,-0.2111,-0.0164,-1.2648,1.0216,0.4444,-0.5351
0.249,-0.4516,-0.9593,-0.225,0.0765,-0.0378,-0.139,-0.4437,0.104,-0.2181,0.0234,-1.4589,0.5561,0.035,-0.8108
0.3258,-0.3824,-1.114,-0.7384,0.1147,-0.202,0.0777,0.3711,0.594,-0.1161,-0.3906,-1.4901,0.6762,-0.1301,-0.4112
-0.0298,-0.6092,-0.2409,-0.3876,-0.0845,-0.3242,0.0139,0.8825,0.9831,-0.1485,0.0335,-1.5861,0.5459,-0.001,-1.1246
0.4412,-0.64,0.3243,-0.598,0.2662,-0.4056,-0.2667,0.9442,0.6466,-0.5279,0.0727,-1.5317,0.3093,-0.3928,-1.4635
0.1298,-0.4533,0.3049,-0.8637,0.2876,-0.2682,-0.2322,1.206,0.0521,-0.2599,0.5712,-1.4524,1.0284,-1.1844,-1.1116
0.09,-0.1102,0.4934,-1.0396,0.2987,0.0987,-0.091,0.9943,-0.2433,-0.4006,0.6715,-1.1881,0.4483,-1.4703,-0.9023
0.5044,-0.0123,0.2307,-0.9284,0.4187,-0.0552,-0.118,1.3511,-0.0691,-0.406,0.3296,-1.1058,0.2338,-1.3822,-0.5433
0.4593,-0.2169,0.3801,-0.8312,0.535,0.1535,0.0177,1.7016,0.0464,0.2597,0.8236,-1.0616,0.5531,-1.351,-0.5267
0.0801,-0.2392,0.6719,-0.8562,0.5912,0.2103,-0.1508,1.2218,-0.416,0.2598,0.7717,-0.9136,0.7564,-1.5992,0.0515
-0.0579,-0.7585,0.2872,-0.8936,0.5822,0.5217,-0.0819,1.0023,-0.6815,0.3761,0.4213,-0.7457,0.5485,-1.1668,-0.3283
0.1714,-0.6656,0.5636,-0.7111,0.4165,0.7027,-0.0648,0.8902,-0.3642,0.4928,0.7318,-0.8514,0.529,-1.0957,-0.1488
-0.0429,-0.3285,-0.1552,-0.8938,0.4596,0.7583,-0.062,0.5683,-0.7131,0.6688,0.8405,-0.8213,0.53,-0.8645,0.1358
0.7747,-0.2584,-0.281,-0.7261,0.3264,0.1379,-0.0829,0.6633,-0.5958,0.5589,0.6291,-0.6153,0.1254,-0.6218,0.0789
0.3358,0.0791,-0.4911,-1.2814,0.0797,0.1529,-0.0644,0.8681,-0.0574,0.412,0.1314,-0.8261,0.0511,-0.7148,-0.0538
0.2518,-0.4892,-0.6277,-0.8904,0.1775,0.6402,-0.1055,0.8481,0.2416,-0.0969,0.3563,-0.9752,-0.2825,-0.5834,-0.2402
0.6722,-0.4037,0.8508,-1.036,-0.0582,0.5499,0.0661,1.0524,0.6897,-0.4758,0.3692,-0.9539,-0.3762,-1.0029,-0.4875
0.5719,0.4022,0.7184,-1.1045,0.37,0.4492,0.0468,1.2847,-0.4385,-0.057,0.4384,-1.0586,0.1363,-1.0529,-0.4216
0.5546,0.3652,0.6269,-1.4516,0.6368,-0.1986,-0.0598,1.3371,-0.1633,-0.3285,0.8537,-0.9653,-0.1064,-1.1822,-0.022
0.0734,-0.4481,0.5852,-1.5148,0.6999,-0.0371,0.0362,1.3746,-0.3299,-0.1417,0.671,-0.7955,0.2114,-0.9277,-0.0174
-0.0198,-0.4891,0.443,-0.9515,0.7365,0.2671,0.1814,1.1851,-0.4594,0.6955,1.1611,-0.8654,0.2451,-0.8371,0.4321
0.3581,-0.1071,0.49,-0.663,0.6996,0.301,0.1173,0.8764,-0.5177,0.8242,1.2409,-0.7415,0.6873,-0.3956,0.6738
0.2089,0.1869,0.3467,-0.8047,0.5175,0.3688,0.1261,0.4231,-0.7818,0.4695,1.0581,-0.6361,1.0015,-0.3191,0.7136
0.4513,0.1752,-0.5846,-1.1893,0.4276,0.2566,0.1817,-0.0741,-0.734,0.6852,0.9868,-0.6262,1.0366,0.0165,0.5596
0.2779,0.1651,-0.7482,-1.7084,0.1982,0.0594,0.2456,-0.5008,-0.0029,0.6122,0.0833,-0.661,1.0516,0.504,0.4813
0.2108,-0.228,-0.7457,-1.1857,-0.0805,0.0358,0.1575,-0.4732,0.1572,0.494,-0.1581,-0.9505,1.1356,0.9339,0.1439
0.3464,-0.5441,-1.1721,-0.8434,-0.0925,-0.2524,0.1308,-0.3796,0.3171,0.3774,0.2271,-1.3187,1.2665,0.7838,0.0417
0.2923,-0.257,-1.1973,-1.1266,-0.2698,-0.1816,0.0869,-0.5757,-0.1759,0.4225,-0.0304,-1.4666,1.2295,0.5335,0.1045
0.1711,-0.3461,-1.2204,-0.8579,-0.1877,0.2791,0.042,-0.6784,0.4358,0.0488,0.2211,-1.5684,1.3111,0.8319,0.2625
0.5688,-0.5042,-0.8781,-0.1893,-0.2552,-0.3448,-0.0901,-0.7293,-0.038,0.1519,0.6364,-1.5379,1.3108,0.5397,-0.0052
0.2511,-0.2017,-1.1502,-0.5141,-0.295,0.3108,-0.2059,-0.8694,-0.0047,0.0549,0.4993,-1.4575,0.9729,0.9067,-0.313
-0.1264,-0.0835,-1.7891,-0.7254,-0.3462,1.6765,-0.2678,-1.8709,-0.1365,-0.4238,0.0545,-1.4185,1.0829,1.0634,-0.647
-0.0333,-0.5394,-2.392,-0.6876,-0.6761,1.3319,-0.3723,-1.8652,0.0993,-0.7284,-0.0084,-1.9303,1.4071,1.4736,-0.9653
0.514,-0.7737,-2.2051,-0.6144,-0.7331,0.8151,-0.273,-1.9681,0.6382,-0.8577,-0.744,-1.7038,0.2278,1.1433,-1.4053
-0.02,-1.0361,-3.1064,-0.3095,-0.6381,1.3086,-0.759,-1.3549,1.0837,-0.6492,-0.4657,-2.0521,0.5121,0.9135,-1.3718
0.3313,-1.4452,-2.8325,-0.2928,-0.7353,0.6027,-0.5749,-0.8423,0.971,-1.3174,-0.4636,-2.1021,0.7329,0.8802,-1.8224
0.2174,-1.3298,-1.8497,-0.5522,-0.5929,0.5116,-0.5644,-0.7221,1.2251,-1.2002,-0.1527,-2.0434,0.2046,0.7958,-1.8593
0.269,-0.6382,-1.3892,-0.8025,-0.2991,0.4624,-0.6954,-0.4507,1.3546,-0.0234,0.1076,-2.0857,0.2501,0.6901,-1.1718
0.1679,-0.5502,-1.1442,-0.1145,-0.2023,0.3028,-0.4806,-0.306,1.0171,-0.2684,0.2927,-1.8005,0.2439,0.1639,-1.0385
0.3153,-0.822,-1.1641,-0.4702,-0.1595,0.414,-0.5257,0.1035,0.6207,-0.3641,0.4702,-1.8678,0.2109,-0.0613,-0.5802
0.5059,-0.3592,-0.7012,-0.6365,0.2522,0.4449,-0.2725,0.205,0.646,-0.104,0.5002,-1.7138,0.1438,0.0349,-0.2512
0.7675,-0.3912,-0.7018,-0.8234,0.2373,0.0251,-0.2009,0.4301,0.3382,-0.1031,0.5595,-1.7023,0.2222,-0.3386,-0.1877
0.9074,-0.2305,-0.314,-0.7559,-0.0095,0.1973,-0.2866,0.6809,0.4733,-0.1324,0.9893,-1.6378,0.487,-0.5701,0.218
0.9392,-0.1475,-0.1114,-1.0585,0.0311,0.0502,-0.4946,0.5404,0.0666,-0.0124,0.6475,-1.4256,0.5482,-0.4678,-0.0315
0.5337,-0.1878,-0.0776,-0.869,0.312,-0.2307,-0.3862,0.6902,0.1282,-0.1258,1.1141,-1.3259,0.4479,-0.168,-0.0979
0.1269,-0.4332,-0.0301,-1.0851,0.4343,-0.0165,-0.3194,0.5656,-0.389,-0.2156,0.9533,-1.1259,0.5312,-0.412,0.352
0.2267,-0.9274,-0.2627,-0.9128,0.6541,0.074,-0.1915,0.4694,-0.1804,0.3058,1.0869,-1.0192,-0.0521,-0.1121,0.473
0.2814,-0.404,0.0395,-0.5388,0.6234,0.2991,0.0054,0.4963,0.2797,0.689,1.1493,-0.7362,0.3126,-0.2303,0.4548
0.4298,0.0849,-0.1035,-0.5503,0.5545,-0.3007,0.0532,0.8685,0.0974,0.6202,1.9075,-0.6944,0.0978,-0.6977,1.2025
0.4704,0.2759,-0.0444,-1.2698,0.3676,-0.1403,0.1182,0.9621,-0.3494,0.4775,1.206,-0.5141,0.4955,-0.8536,0.873
0.6676,-0.2286,0.5119,-1.1933,0.0839,-0.0066,0.2321,1.1817,-0.1581,-0.03,0.9539,-0.6026,0.4514,-0.7436,0.6027
0.7759,-0.027,1.1571,-1.6075,0.4319,0.0517,0.0826,1.4431,-0.2717,0.0761,0.8322,-0.7675,0.6595,-0.1213,0.6537
0.3531,-0.1776,1.1508,-1.7554,0.5827,-0.0637,-0.1277,0.9847,-0.4169,0.2482,0.8869,-0.6166,0.5115,-0.2949,0.8568
0.6222,0.0039,1.1996,-1.0799,0.597,-0.0601,0.2006,0.7771,-0.7736,0.9364,1.4995,-0.5204,0.2373,0.0444,1.3135
0.3095,0.1358,0.3721,-0.9183,0.6041,-0.3281,0.2253,0.2744,-0.5961,1.2832,1.2909,-0.2912,0.6924,0.25,1.776
0.1824,0.3471,-0.0352,-1.121,0.3294,-0.0792,0.018,0.0548,-0.6729,1.3353,0.6879,-0.2503,0.9942,0.4551,2.014
0.4705,0.3747,-0.2991,-1.4746,0.1389,0.0738,-0.0214,-0.3784,-0.2937,0.9413,0.024,-0.4418,-0.3524,1.0239,1.7446
0.408,-0.9038,-0.9315,-0.932,0.0822,0.287,-0.1417,0.1003,0.4986,0.87,-0.0758,-0.9604,0.9037,1.3891,1.113
0.5026,-0.7033,-0.4063,-0.8756,-0.1462,0.3293,-0.1816,0.3599,0.7623,0.5437,-0.1338,-1.2766,0.5354,1.1765,0.4961
0.302,-0.7001,-0.3077,-0.9174,0.0417,0.1231,-0.0507,0.2413,0.522,0.1856,0.1575,-1.4736,0.6583,1.0533,0.2757
0.4699,-1.0186,-2.7191,-0.6331,0.1159,0.4945,0.0251,0.0237,0.4248,0.4689,-0.2993,-1.6522,0.7757,0.6618,0.5866
-0.1465,-1.3216,-1.9387,-0.6015,-0.1918,0.896,-0.0659,0.2597,1.9669,0.1383,-0.2722,-1.8684,0.6644,0.9385,-0.2379
0.2505,-1.1199,-0.4797,-0.4123,-0.1848,0.7306,-0.4364,-0.0316,1.2982,-0.3027,-0.3314,-2.1064,0.9927,0.5167,0.1381
0.4323,-0.9315,-0.6673,-0.5311,0.0043,0.4782,-0.3192,0.0617,0.8418,-0.2014,0.3488,-2.1673,0.5624,0.2763,-0.2612
0.3857,-0.7948,-0.6578,-0.4049,0.136,0.7689,-0.1865,0.1928,1.1511,-0.8724,-0.0645,-1.6735,0.3298,0.0809,-0.3146
0.7962,-0.6966,-0.5952,-0.5739,0.3683,-0.1214,-0.0108,0.8073,1.0072,-0.4866,0.2707,-1.6463,0.0252,-0.0551,-0.3226
0.1965,-0.586,-0.0388,-0.7364,0.4966,0.4736,0.0768,0.8271,0.9989,0.0335,-0.0377,-1.6483,0.4321,-0.3203,0.3608
0.3039,-0.8835,-0.1933,-0.7727,0.3503,0.3465,-0.0841,1.1174,0.5114,-0.1161,0.3115,-1.7392,0.4702,-0.73,0.4581
0.4528,-0.7469,0.4586,-0.8006,0.4835,0.0967,-0.1235,1.539,0.4769,-0.1159,0.5183,-1.7274,0.4884,-0.7175,0.1522
0.5054,-0.5681,0.7385,-1.0748,0.6316,-0.354,-0.1828,1.9346,0.51,-0.0976,0.3574,-1.1259,-0.4967,-0.5172,0.0753
0.5185,-0.6041,0.8457,-1.0863,0.6926,-0.1,-0.291,2.3692,0.6238,-0.2348,0.9865,-1.1682,-0.2494,-0.5993,0.2743
0.2905,-0.0922,1.2953,-1.2238,0.6398,0.0952,-0.1384,2.2226,0.1056,0.0151,0.9605,-0.9694,-0.2407,-0.9441,0.7288
0.3287,-0.3401,1.7371,-1.1964,0.6113,0.0951,-0.2666,2.1807,-0.2205,-0.2911,0.9802,-0.7286,0.0487,-1.1363,0.8996
0.4957,-0.9667,1.6848,-1.0063,0.7758,-0.1478,-0.0262,2.1048,-0.8854,0.1959,1.471,-0.7085,0.0401,-0.874,1.0647
0.11,-0.4805,1.3975,-1.0266,0.6424,-0.1616,-0.0797,1.7956,-0.7518,0.724,1.6864,-0.7446,-0.5711,-0.7791,1.8808
0.083,-0.0345,1.1129,-1.1637,0.7608,-0.0005,0.0364,1.8422,-1.0858,0.8306,1.6054,-0.4911,-0.4182,-0.3468,1.84
-0.0729,-0.0848,0.7154,-1.707,0.7273,0.1211,0.1166,1.1686,-0.7517,0.3789,1.2856,-0.3114,-0.1647,-0.2867,1.7394
0.1086,-0.3319,0.1516,-1.7435,0.6027,0.177,0.1675,0.9764,-0.2482,0.1359,1.1835,-0.3839,-0.2454,0.5032,1.592
0.3101,-0.575,0.2042,-1.5771,0.5399,-0.1047,0.2012,1.195,0.0737,0.1173,1.106,-0.4391,-0.1036,0.761,1.3
0.3457,-0.7003,0.1614,-1.1983,0.5475,0.0102,0.1491,0.7924,0.0191,0.4299,0.5845,-0.6167,0.4886,0.3436,1.282
0.6158,-0.7674,0.5418,-0.8727,0.2246,-0.4411,-0.0522,0.9747,0.4057,0.6411,0.9456,-0.8292,1.1413,0.8858,1.0693
0.3484,-0.6202,0.5148,-0.9962,0.374,-0.3272,-0.0485,0.3919,-0.1812,0.712,1.1815,-1.0541,1.3103,0.9538,0.9616
0.2928,-0.7214,-0.4025,-0.8984,0.4194,0.0888,-0.1594,0.0838,-0.4018,0.6928,1.1231,-1.1261,1.3581,1.2198,1.0656
-0.0002,-0.7271,-1.0363,-0.9254,0.2854,0.1506,-0.3935,-0.3528,0.1735,0.8568,1.0408,-1.0798,0.6692,1.6826,1.3403
0.2757,-0.8627,-1.136,-1.1407,0.2154,0.037,-0.4453,-0.5288,0.6728,0.506,0.6381,-1.1357,0.1451,2.0643,1.0655
0.1478,-0.9967,-1.3613,-1.1603,0.2616,0.0444,-0.5397,-0.4821,0.7618,0.4352,0.6764,-1.2739,0.2923,1.9315,0.7445
-0.2842,-1.3186,-1.3833,-1.0334,0.062,-0.1211,-0.4998,-0.3782,1.1726,-0.1018,0.3118,-1.526,0.5369,1.614,0.1939
-0.0649,-1.4267,-1.5353,-1.0192,-0.3865,0.2378,-0.7872,-0.1417,1.2841,-0.4372,0.2779,-1.9294,0.6852,1.1647,-0.4013
0.0305,-1.3452,-1.1645,-1.6438,-0.3169,0.2157,-0.6909,0.1816,1.7045,-1.0,0.0818,-2.0501,0.5693,1.169,-0.7457
0.3449,-0.991,-1.3249,-1.4896,-0.2028,0.0433,-1.0108,0.4956,1.7304,-1.1181,0.0833,-2.2433,-0.0467,1.1463,-1.2421
0.3257,-0.9981,-0.4907,-1.1377,-0.0298,0.2081,-1.0901,0.7369,1.7804,-1.2479,0.2424,-2.3395,0.0856,0.448,-1.5414
0.232,-1.2357,-0.1177,-1.0911,0.1738,-0.2777,-0.9084,1.3095,1.4866,-1.5704,0.8052,-2.2045,-0.1626,0.077,-1.4033
0.7623,-1.0687,0.0983,-0.925,0.3811,-0.3155,-0.6712,1.7377,1.2238,-1.3357,1.0766,-1.7835,-0.2072,-0.6917,-1.239
0.3362,-0.7153,0.6708,-1.2521,0.4471,-0.2694,-0.4937,2.2102,1.0602,-0.8713,1.294,-1.4756,-0.5551,-0.8643,-0.6692
0.1335,-0.5651,0.9773,-1.5049,0.6456,-0.1462,-0.8619,2.5755,0.6358,-0.9209,1.3439,-1.246,-0.664,-1.0918,-0.2149
0.1914,-0.7239,1.3435,-1.6083,0.6311,-0.0972,-0.7479,2.6636,0.5747,-1.193,1.5045,-1.0822,-0.9967,-1.5446,-0.2292
2.5017,-0.6662,2.7337,-0.9765,0.5711,-0.9784,-0.6325,3.3457,0.554,-1.1425,2.0012,-0.9572,-1.4511,-1.6754,-0.2485
0.3822,0.0573,2.7889,-1.1459,1.1428,-0.6029,-0.5612,3.6031,-0.413,0.6655,2.1894,-0.9142,-1.3286,-1.4714,0.5733
0.5853,-0.1859,2.2109,-1.2966,1.1202,-1.0416,-0.2465,3.6347,-0.8699,0.1735,2.2644,-0.6232,-0.9073,-1.7267,0.8085
0.4462,-1.0194,2.3979,-1.227,0.7759,-0.3189,-0.1155,3.3702,-0.5701,0.0379,2.5841,-0.2627,-0.7895,-1.8359,1.2536
0.5107,-0.0552,2.2652,-0.9421,1.0355,-0.0206,-0.2905,2.8986,-0.8682,0.4167,3.1586,0.1062,-0.3649,-1.4482,1.9416
0.6395,-0.326,2.1847,-1.1048,1.1838,-0.5153,-0.0721,2.3153,-1.2507,0.2369,3.076,0.4743,-0.3811,-1.0669,2.0555
0.1987,-0.2349,1.5719,-1.1385,1.4001,-0.6595,0.0915,1.7287,-1.2723,1.3282,2.7669,0.6421,-0.3935,-0.7025,2.444
0.0396,-0.6417,1.116,-1.1351,0.986,-0.1035,0.0102,1.4514,-0.6067,1.3389,2.2524,0.6299,-0.1892,-0.0534,2.855
0.0146,-0.3801,0.8051,-0.8105,0.8836,-0.1416,-0.2921,1.1412,-0.5137,1.2395,2.2277,0.3004,0.1054,0.2761,2.6781
0.0186,-0.8229,0.2092,-1.236,0.5689,-0.2336,-0.2066,0.8175,-0.3603,0.8333,2.4085,0.2758,-0.1126,0.7565,2.5285
0.0313,-0.6963,-0.0947,-0.8427,0.489,-0.0608,-0.0997,0.0361,0.1718,0.8683,1.8585,0.2717,0.0821,1.1055,2.5454
0.0826,-0.8963,-0.6402,-1.1732,0.4534,-0.4875,-0.2382,-0.0052,0.1424,0.6902,1.0569,-0.0458,0.9263,1.0213,2.1425
0.4337,-1.1068,-0.3456,-0.9353,0.0584,-0.6521,-0.5149,0.2508,0.6992,0.7333,1.4665,-0.532,0.8068,1.247,1.708
0.2257,-0.9575,-0.0257,-0.9842,0.0049,-0.1536,-0.6033,-0.2208,0.4041,0.5629,1.0807,-0.5789,0.1678,1.2075,1.2444
-0.5123,-1.0258,-0.9155,-0.8921,-0.1199,0.4864,-0.6686,-0.3659,0.3474,0.2806,1.0472,-1.04,0.2514,1.4814,0.8927
-0.1602,-1.2632,-1.1669,-1.044,-0.147,0.1592,-0.5841,-0.2178,0.4472,-0.174,0.7467,-1.0208,0.0935,1.4847,0.0694
-0.236,-1.3121,-1.4397,-1.005,-0.1484,0.4155,-0.6343,-0.1945,1.0322,-0.2682,0.5844,-1.1523,0.3971,1.7197,0.0851
-0.2334,-1.5165,-1.2686,-0.8202,0.0134,0.6236,-0.7101,-0.0993,1.3048,-0.2874,0.4441,-1.2893,0.2836,1.7622,-0.0727
-0.0671,-1.3877,-1.3347,-0.9727,0.0605,1.3587,-0.7801,-0.1564,1.4828,-0.5885,0.3501,-1.3938,0.0452,1.4445,-0.8968
0.1681,-1.3329,-1.3706,-1.3626,-0.3334,0.5526,-0.8735,0.1199,1.5324,-0.8739,0.0491,-1.522,0.2194,0.7524,-1.0025
0.2602,-1.2424,-0.577,-1.0321,-0.3179,0.7404,-0.7759,0.423,1.1867,-0.8988,0.38,-1.7786,0.1466,1.0354,-1.1627
0.2269,-1.2034,-0.6517,-1.3757,0.0292,1.3162,-0.7227,-0.093,1.003,-0.2716,0.2144,-1.6724,-0.0359,0.79,-0.8153
0.3263,-0.9001,-0.5573,-1.2417,-0.1115,0.8715,-0.3908,0.4756,1.797,-0.4003,0.2588,-1.9426,0.1875,0.6467,-0.6287
0.1019,-0.8124,-0.1546,-0.8317,-0.0225,0.7147,-0.6366,0.6994,1.5629,-1.1206,0.776,-1.8523,0.5864,0.5105,-0.5996
0.2795,-0.884,0.3071,-1.1424,0.1479,0.8459,-0.4509,0.473,0.8346,-1.0358,1.0243,-1.7471,0.3033,0.233,-0.9887
0.0473,-1.1545,-0.1081,-0.2438,0.2499,0.7241,-0.2574,0.6587,0.3664,-0.4718,1.548,-1.5532,0.2965,0.8191,-0.527
-0.067,-0.7725,-0.4,-0.6682,0.2222,0.7532,-0.0818,0.3647,0.1599,-0.4941,1.6569,-1.1509,1.0822,0.1552,-0.2534
-0.5249,-0.9597,-0.8368,-0.9909,0.0921,1.0387,-0.2318,-0.127,-0.018,-0.4644,1.1037,-1.0518,1.1082,0.1197,-0.2736
-0.0621,-0.963,-0.7019,-1.0235,-0.0753,0.6661,-0.249,0.1102,0.3257,-0.2028,0.9331,-0.9129,0.6954,0.481,-0.0462
-0.145,-1.2567,-0.8031,-0.3581,-0.0111,0.7028,-0.4925,0.16,0.701,-0.4085,1.4889,-0.9619,0.4465,0.8769,0.2902
-0.7441,-1.2113,-0.898,-0.5699,0.018,0.757,-0.643,-0.1672,0.4456,-0.44,1.1631,-1.1892,1.0902,0.5181,0.5287
0.1051,-1.3577,-0.9309,-0.6973,-0.0442,0.4366,-0.3543,-0.2159,0.5188,-0.5138,1.2808,-1.2751,0.9427,0.9217,0.2979
0.014,-1.2004,-1.4546,-0.9532,-0.1518,0.0894,-0.2946,-0.3186,0.9648,-0.4604,1.0347,-1.1791,0.5753,1.1294,0.0565
-0.1749,-0.9988,-1.6118,-1.0002,0.0308,0.0946,-0.2669,-0.0176,1.2352,-0.5489,0.8179,-1.1112,0.7244,1.0337,-0.1602
-0.2637,-1.318,-1.3648,-0.7106,-0.0796,0.0637,-0.3083,0.0851,1.3387,-0.7899,0.5344,-1.2466,0.7574,0.8713,-0.6727
0.3887,-1.4745,-0.7535,-0.4157,0.1455,0.1868,-0.6523,0.3023,1.527,-1.3117,0.9103,-1.4314,1.2035,0.4507,-0.6979
-0.0943,-1.2819,-0.7533,-0.4502,0.2469,0.4215,-0.4849,0.0123,0.8664,-0.6496,1.0397,-1.4583,0.531,0.0486,-0.426
0.5295,-1.3703,-0.7294,-0.4543,0.3089,0.2609,-0.4275,0.6214,1.2067,-0.6403,1.0112,-1.3699,0.2455,0.217,-0.275
0.2149,-1.0897,-0.7311,-0.3788,0.522,-0.2295,-0.3959,1.1558,1.5359,-0.196,1.3614,-1.2082,0.0962,0.3133,-0.0132
-0.4811,-0.924,-0.4363,-0.7406,0.461,0.0164,-0.2999,1.2698,1.2551,-0.4714,1.7622,-1.0126,0.5644,-0.3556,-0.3783
-0.151,-1.0824,0.192,-0.8048,0.4924,-0.0102,-0.2921,1.125,1.0801,-0.7556,1.7974,-0.6222,0.3749,-0.3282,-0.3478
0.0753,-1.0099,0.324,-0.5343,0.7602,0.1911,-0.3695,1.0881,0.8728,-0.5105,1.6173,-0.4922,0.3291,-0.3919,-0.0974
-0.0781,-0.7241,0.1104,-0.2418,0.6329,-0.6051,-0.3421,1.2424,0.5169,-0.0275,2.007,-0.4368,0.0194,-0.2801,0.5398
-0.0038,-0.923,0.034,-0.2539,0.7731,-0.2118,-0.1816,1.4134,0.7886,-0.0792,1.8957,-0.2587,0.1112,-0.3074,0.5373
0.0224,-0.9719,0.1344,-0.5435,0.7576,-0.2603,-0.1807,1.5169,0.4618,-0.0095,1.5419,-0.3313,0.0807,-0.3465,0.7144
-0.3229,-0.8172,0.3482,-0.9627,0.7338,0.0303,-0.1647,1.5748,0.6166,0.136,1.0449,-0.4167,0.6032,-0.0504,0.5908
-0.1142,-0.8877,0.838,-0.6663,0.7575,0.0709,0.0715,1.3109,0.2342,0.2262,1.3612,-0.6217,0.4431,-0.0848,0.3025
-0.1125,-1.5558,0.6563,-0.4843,0.5415,0.168,0.0907,1.3256,0.1135,0.0833,2.1025,-0.7137,0.6434,0.0969,0.7603
-0.1779,-0.9284,0.1152,-0.4832,0.5191,-0.1772,-0.0578,0.5896,-0.12,0.574,1.4145,-0.2039,0.8098,0.386,0.6445
0.1543,-0.7353,-0.009,-1.0562,0.4453,-0.3814,0.0321,0.6271,0.4813,0.6417,1.8929,-0.3701,0.5484,1.4827,0.9535
-0.1114,-0.5466,-0.2083,-1.01,0.2854,0.1579,-0.2237,-0.4012,-0.0568,0.5214,1.309,-0.1576,0.8732,1.2226,0.9552
0.0151,-0.6696,-0.8555,-1.038,0.2227,-0.5685,-0.1844,-0.4322,0.4751,0.1027,0.9324,-0.337,0.9624,1.9132,1.3372
-0.0795,-0.9479,-1.2081,-0.8263,0.1426,-0.5364,-0.3039,-0.4497,0.714,0.3186,0.7543,-0.7512,1.3694,1.6404,0.6677
0.29,-0.988,-1.4806,-0.8434,0.0467,-0.471,-0.4438,-0.6754,1.0714,0.2537,0.4067,-0.9619,1.2059,1.4705,0.3119
-0.292,-1.612,-1.9857,-0.4264,-0.489,-0.2676,-0.2454,-0.5775,1.695,-0.1056,0.1977,-1.2819,0.8137,1.6608,-0.1296
0.1263,-1.8387,-1.4205,-0.3413,-0.336,-0.6287,-0.2837,0.0098,2.174,-0.5949,0.2982,-1.7742,1.057,1.6866,-0.281
0.1108,-1.5567,-0.8562,-0.1444,-0.2694,-0.7119,-0.2852,0.0233,1.8501,-0.487,0.5564,-1.8488,1.1487,1.364,-0.5189
0.169,-1.7287,-0.598,-0.1422,-0.2629,-0.6621,-0.293,0.184,1.4711,-0.875,0.7648,-1.8866,1.4962,0.6854,-0.6065
-0.4667,-1.2056,-0.6879,-0.2379,-0.0573,-0.3993,-0.3429,0.0762,1.247,-0.454,0.9962,-1.7035,0.8165,0.6587,-0.2479
0.1141,-1.0489,-0.3675,-0.248,-0.1853,-0.0403,-0.4111,0.2695,1.3046,-0.8251,0.788,-1.6874,0.4377,0.6475,-0.2184
0.0595,-1.2888,-0.3918,-0.4721,0.1506,0.1842,-0.2837,0.3006,0.9526,-0.5915,0.9509,-1.6294,0.2135,0.1528,-0.3253
0.2597,-1.0397,-0.4514,-0.7599,0.3373,-0.7156,-0.185,0.6964,1.0519,-0.3076,1.0381,-1.4954,0.4513,0.4272,-0.2519
0.2033,-1.2156,0.1834,-0.773,0.3308,-0.7583,0.0917,0.6729,1.3895,-0.3487,0.89,-1.2743,0.5797,0.0065,-0.7946
0.3197,-0.9575,0.1596,-0.604,0.3172,-0.638,0.0638,1.1836,1.3018,-0.1425,1.0549,-1.3112,0.7555,-0.1986,-0.3262
0.3904,-0.8533,0.5567,-0.7278,0.2185,-0.2375,-0.1021,1.1632,0.9029,-0.212,1.3502,-1.2176,0.7024,-0.4628,-0.4848
-0.0523,-0.4594,0.444,-0.344,0.5037,-0.3226,-0.0818,1.7545,0.8206,0.2228,1.1529,-1.0931,-0.0422,-0.1117,-0.0119
0.3705,-0.6406,0.9023,-0.6633,0.5258,0.0358,-0.1336,1.5518,0.5769,-0.4089,1.2338,-1.3003,0.0131,-0.4838,0.0207
0.3149,-1.1326,1.0752,-0.6764,0.7118,-0.4474,-0.0894,2.0346,0.675,-0.1711,1.3742,-1.2573,-0.5215,-0.4416,0.1915
0.115,-0.9067,1.5738,-1.0577,0.7576,-0.4191,0.1474,2.18,0.3964,0.006,1.1736,-1.2768,-0.5769,-0.5192,0.0948
0.5439,-0.8303,1.6177,-0.9283,1.1505,-0.57,-0.001,2.3281,0.4682,0.1095,1.8235,-1.391,0.1224,-0.3244,0.0873
0.4145,-0.6331,1.614,-0.8552,1.2609,-0.6249,0.0912,1.7744,-0.0769,0.8311,2.1609,-1.1425,-0.0308,-0.6277,0.9414
0.1141,-0.5888,1.1808,-0.9397,0.9523,-0.2512,0.1438,1.4285,-0.2716,1.1061,1.5968,-0.8017,0.0616,-0.4899,1.3607
0.4857,-0.8264,1.11,-0.6932,0.6702,-0.3144,0.3049,1.2929,0.0803,0.9351,1.6442,-0.7844,0.2025,-0.1091,1.4498
0.4881,-0.823,1.0982,-0.6446,0.5752,-0.5505,0.4509,1.2634,-0.1453,1.4647,1.7598,-0.8194,0.3713,0.2443,2.1579
-0.1345,-0.6684,0.7483,-1.1961,0.528,-0.3743,0.3604,1.0315,-0.1337,1.4788,1.4511,-0.8025,0.0185,0.5434,1.8688
-0.308,-0.6724,0.3942,-0.9209,0.4,-0.2205,0.1976,0.911,-0.2379,0.9862,1.3463,-1.041,0.4201,0.7316,1.6293
-0.2081,-1.0805,0.1254,-0.6035,0.5179,-0.3366,0.0042,0.8238,0.133,0.9385,1.4099,-1.1371,0.3906,0.8618,1.4818
-0.3632,-1.1401,-0.0507,-0.2065,0.7442,-0.1978,0.039,0.2687,0.0501,1.0963,1.2976,-1.2628,1.3227,0.9146,1.1175
-0.132,-1.1681,-0.4118,-0.2928,0.4609,0.0167,0.1711,0.113,0.1842,1.1493,1.4615,-1.3692,0.5365,0.8311,1.1716
-0.2175,-0.755,-0.6385,0.0819,0.205,-0.0935,0.1516,0.4688,0.6024,1.1623,1.7772,-2.0895,0.7668,1.2591,1.2462
-0.1279,-1.0971,-0.821,0.4333,-0.0498,-0.1315,0.337,0.3012,0.803,0.0604,1.8706,-1.623,0.6729,0.8466,1.2141
0.159,-0.9929,-0.0893,-0.0317,-0.0293,-0.0336,0.1733,0.016,0.6194,0.06,1.7119,-1.4599,0.751,0.43,0.9733
0.4818,-1.1092,-0.4292,0.3566,0.1267,-0.2753,0.0563,0.3219,0.6832,0.0854,1.5007,-1.3502,1.0161,0.824,0.8128
-0.8792,-0.9702,-0.8281,0.1735,0.075,0.3953,-0.1845,-0.3111,0.2009,0.3286,1.2391,-1.3767,0.6661,0.9225,0.6506
-0.2781,-1.4285,-0.9941,-0.083,-0.0162,0.536,-0.1617,-0.2169,0.8264,-0.1475,1.2299,-1.529,0.3881,0.9647,-0.0089
0.0499,-1.2831,-0.8055,-0.2321,-0.2313,0.454,-0.1405,-0.2876,0.8973,0.0573,0.9646,-1.4701,0.5966,1.1281,-0.0911
0.355,-1.3407,-0.5472,0.0046,-0.1434,0.1322,-0.1815,-0.2743,1.0047,-0.3413,1.1925,-1.5815,0.7988,1.1951,-0.246
0.0898,-1.3428,-0.5789,-0.311,-0.0195,0.1642,-0.1258,-0.1546,0.8234,-0.0666,1.2421,-1.6159,0.9619,1.2756,0.1558
-0.2802,-1.1199,-0.8698,-0.5044,-0.0644,0.1056,-0.1383,-0.2324,0.691,0.1403,0.9903,-1.6342,0.6117,0.9785,0.022
0.0916,-1.647,-0.596,0.2319,0.0062,0.1899,-0.1713,0.0048,-0.0466,0.1935,1.0021,-1.7234,0.766,1.5626,-0.1952
-0.084,-1.2813,-0.9017,0.1321,-0.1179,-0.1815,-0.2315,-0.1048,0.241,0.3019,1.0547,-1.883,0.7516,1.765,-0.2149
-0.1151,-1.3545,-1.2412,0.0979,-0.2363,0.1693,-0.3042,-0.6136,0.5621,0.2349,1.0848,-1.8409,0.9126,1.8812,0.0513
0.095,-1.523,-1.5528,-0.5013,-0.2819,-0.1671,-0.5516,-0.7902,0.9013,0.2593,0.5751,-1.69,1.0739,2.2808,-0.2967
-0.2931,-1.5193,-1.4294,-0.3764,-0.6491,-0.4904,-0.6115,-0.9407,1.3075,0.5076,0.3831,-2.0404,1.3252,2.3835,-0.8351
-0.1696,-1.43,-1.6801,-0.2518,-0.6424,-0.8588,-0.5869,-0.7427,1.454,-0.3016,0.4646,-2.1701,1.1194,2.3835,-1.1527
-0.0296,-1.2325,-1.4054,-0.2255,-0.2954,-0.909,-0.7883,-0.6674,1.6065,-0.7334,-0.0941,-2.1413,1.0189,2.0393,-1.7371
0.1275,-1.5072,-1.3328,-0.1112,-0.1986,-1.2013,-0.7367,0.0172,2.1126,-0.6593,0.8931,-2.4608,0.8206,1.9984,-1.7189
-0.3343,-1.6239,-0.378,-0.5912,-0.1534,-1.2383,-0.7222,0.0643,1.738,-0.8856,0.8939,-2.1246,0.3731,1.3055,-1.6107
-0.1145,-1.5913,-0.0502,-0.003,0.0783,-1.2882,-0.4054,0.5153,1.512,-0.6374,1.3341,-1.6927,0.3119,0.9495,-1.3551
-0.3019,-1.3666,-0.1109,0.178,0.1675,-0.7307,-0.2523,0.5985,0.4122,-0.2375,1.5382,-1.6709,0.5423,0.7273,-0.7893
0.4902,-1.1483,-0.3937,-0.0035,0.3531,-1.0741,-0.3681,0.8679,0.6751,0.3476,1.406,-1.5809,0.7373,0.7497,-0.4921
0.0442,-0.8384,-0.1162,0.7806,0.2554,-1.1933,-0.395,0.9084,1.0623,0.6822,1.5296,-1.585,0.6172,1.0892,-0.6696
0.6559,-1.1936,-0.0339,0.5311,0.2488,-1.5064,-0.3365,0.8197,0.8157,0.4565,1.7685,-1.5319,1.0677,0.9364,-0.4381
0.1267,-0.8261,0.2169,0.2306,0.2311,-0.8814,-0.2373,0.3158,0.5385,0.8062,2.144,-1.4163,0.7249,1.0158,0.0499
0.0808,-0.4894,0.3523,0.0189,0.5204,-1.0739,-0.1283,-0.0128,0.2942,0.8784,2.047,-1.1668,0.7622,1.0971,0.2841
0.0588,-0.9179,-0.0109,-0.4023,0.3246,-0.8451,0.1264,-0.26,0.1425,0.7761,1.762,-1.0073,0.7329,1.3843,0.644
-0.2156,-0.8623,-0.6962,-0.3404,0.1717,-0.9564,0.0221,-0.2883,0.2124,0.7229,1.266,-1.2412,0.7253,1.5414,0.6648
-0.3067,-1.6626,-0.6965,-0.5032,-0.1181,-0.7797,-0.0455,-0.1182,0.7269,0.3412,0.9415,-1.1893,0.8925,1.5402,0.1351
-0.1623,-1.6091,-0.5553,-0.1987,-0.1298,-0.3456,-0.2283,-0.1557,0.8903,0.0252,0.3519,-1.7007,1.3853,1.7885,-0.1383
-0.047,-1.4934,-0.6247,0.3097,0.2261,-0.5682,-0.139,-0.2338,1.1995,0.4025,1.2413,-2.0557,1.539,1.7071,-0.2399
-0.4713,-1.426,-1.2469,0.2148,0.1504,-0.1969,-0.032,-0.4589,1.1707,-0.0424,1.3404,-1.9562,0.9569,1.2238,-0.2891
0.0698,-1.1569,-1.2787,0.0984,0.0345,-0.3011,-0.0576,-0.1192,1.4573,-0.354,1.4457,-1.7093,1.1156,1.2356,-0.5576
0.1926,-1.8541,-0.8399,0.2702,-0.0095,-0.4585,-0.3169,-0.0097,1.4077,-0.2843,1.2063,-1.7441,0.9819,1.2503,-0.6723
-0.1196,-1.6667,-1.1283,-0.3354,0.0368,-0.551,-0.3761,0.0061,1.1726,0.2096,0.4938,-1.832,1.195,1.3929,-0.6882
-0.0517,-1.7436,-0.8691,0.1326,-0.1547,-0.6633,-0.628,0.3657,0.9373,-0.1184,0.9833,-1.9227,0.9218,1.4803,-1.1375
-0.0945,-1.3561,-0.3568,1.1528,-0.0993,-0.1687,-0.5642,0.2054,1.6062,-0.3145,1.0707,-2.0163,0.7852,1.7234,-1.4762
0.1077,-1.2791,-0.1291,0.6633,-0.0678,-0.4299,-0.7718,0.189,0.7397,-0.8648,1.5674,-2.056,0.7194,1.121,-1.5283
0.1474,-1.5236,0.1304,0.2069,0.2095,-0.633,-0.4603,0.2377,0.0064,-0.8454,1.9976,-1.743,1.0689,0.2997,-1.2584
-0.1814,-1.2755,-0.4087,-0.3585,0.5848,-0.6773,-0.3183,0.3087,0.011,-0.0421,1.3332,-1.439,1.0978,0.7701,-1.0411
-0.001,-1.6123,-0.1227,0.1566,0.6525,-1.2041,-0.4319,0.4839,0.5047,0.3196,1.0529,-1.4628,1.0255,0.6835,-0.9682
-0.1426,-1.5956,0.068,0.1216,0.4958,-1.2304,-0.4226,0.8416,0.6024,0.7538,1.5007,-1.5432,0.5661,0.9095,-0.9033
0.085,-1.4691,-0.6826,0.0738,0.4099,-1.5632,-0.5007,1.0994,0.4845,0.0723,1.5357,-1.6643,0.2964,0.4406,-1.225
0.0827,-1.6955,-0.0748,0.222,0.34,-1.8256,-0.2594,1.4908,1.3606,-0.2619,1.9159,-1.5296,0.2678,1.6382,-0.6614
0.0546,-2.0026,0.5158,0.4662,0.3479,-1.5342,-0.109,0.4312,0.1494,0.3423,2.3325,-1.2364,0.7221,0.7463,-0.2464
0.2253,-1.6226,0.1851,0.3088,0.4966,-1.4743,-0.2532,0.539,0.2396,0.7708,2.2659,-0.9234,0.922,1.088,0.4242
-0.1201,-1.3549,0.3452,0.4829,0.4976,-1.2387,-0.1707,0.2848,0.2501,0.7639,1.7108,-1.0308,1.1007,1.177,-0.1349
-0.0696,-1.1039,-0.0945,-0.0138,0.4467,-1.0772,0.0643,0.3849,0.2235,0.7807,1.651,-1.2359,1.0709,1.2371,0.2978
-0.1036,-1.1214,-0.4821,-0.0661,0.3748,-0.8979,-0.013,0.4018,0.5752,0.1155,1.6407,-1.3118,1.0121,1.2989,0.0653
-0.1808,-1.1935,-0.3644,-0.3249,0.3756,-0.1789,-0.1004,-0.2295,0.6463,0.306,1.2541,-1.2944,1.2549,1.5178,0.6641
0.0837,-1.4959,-0.4772,-0.103,0.3757,-0.3243,-0.2267,-0.57,0.6696,0.1637,1.2085,-1.5055,1.0676,1.5246,0.1848
-0.4702,-1.7941,-0.9627,0.0562,0.2491,-0.4893,-0.3147,-0.4075,0.5409,0.1282,0.9978,-1.4938,1.4878,1.4776,0.378
-0.2242,-1.9283,-1.0749,0.3103,-0.0066,-0.0321,-0.2338,-0.6623,0.3348,0.1507,1.0215,-1.6788,0.9301,1.3753,-0.1723
-0.0556,-1.3389,-1.0513,0.2703,-0.0192,-0.493,-0.1936,-0.3191,1.0868,0.0407,1.0238,-1.7557,0.8243,1.4547,-0.5094
-0.1062,-1.6534,-0.8383,0.2457,-0.0542,-0.6342,-0.1535,-0.3761,1.0744,-0.3228,1.0966,-1.9971,1.2633,1.4716,-0.7113
0.0385,-1.6967,-0.8154,0.5503,-0.182,-1.0369,-0.2726,-0.23,0.9788,-0.6234,1.2974,-2.0291,1.1244,1.4029,-0.9753
0.153,-1.6676,-0.4553,0.3872,-0.0309,-1.3168,-0.4065,-0.1646,0.7627,-0.962,0.9786,-1.9812,0.801,1.1704,-1.13
0.1948,-1.6521,-0.5522,0.4053,0.4157,-1.3647,-0.4491,0.3901,0.9385,-0.4818,1.1901,-1.9971,0.9413,1.003,-1.1384
-0.1086,-1.4561,-0.4337,0.3134,0.3608,-1.1244,-0.3948,0.3445,0.9242,-0.3032,1.4431,-2.0473,0.9854,0.8665,-0.9481
-0.4067,-1.4476,0.0029,0.5797,0.4766,-1.494,-0.2535,0.569,0.8487,-0.1744,1.6021,-1.8723,0.513,1.1345,-0.5902
-0.3014,-1.3018,-0.1872,0.4539,0.4854,-0.9258,-0.4082,0.5133,0.4193,-1.1882,1.0851,-2.1546,0.9691,0.4374,-0.9522
-0.7375,-1.2246,-0.1506,0.7259,0.6501,-0.3795,-0.2828,0.668,0.6091,-0.8308,1.4267,-2.1654,0.9454,0.4601,-1.1387
-0.626,-1.7516,-0.1111,0.678,0.5181,-0.6901,-0.2104,0.9781,0.7198,-0.7072,1.5191,-1.9291,0.5157,0.3037,-0.5842
-0.2946,-1.382,0.2803,0.6314,0.8186,-0.3428,-0.1349,0.8615,0.3048,-0.1648,1.5682,-1.7476,0.6181,0.2329,-0.5216
-0.5035,-1.3002,0.3034,0.1425,0.5902,-0.5336,-0.1584,0.7969,0.411,0.0888,1.6695,-1.6962,0.9376,0.0783,-0.2248
-0.6749,-1.0677,0.475,-0.0416,0.5246,-0.8285,-0.384,0.5989,0.2619,-0.0399,1.4688,-1.6012,1.4269,0.3289,-0.3506
-0.6445,-1.1289,0.5416,0.225,0.5393,-1.3815,-0.2953,0.6656,0.2585,-0.1325,1.7573,-1.5634,1.3038,0.3938,-0.357
-0.4137,-1.2297,0.4956,-0.0788,0.3572,-1.3638,-0.2097,0.2786,0.1109,-0.2524,1.5816,-1.4285,0.6642,0.3923,-0.3322
-0.5372,-1.0333,0.5516,0.052,0.5309,-1.3788,-0.2318,0.4775,0.3303,-0.3087,1.5933,-1.4584,0.769,0.6988,-0.4298
-0.6606,-1.0491,0.1427,0.0198,0.6721,-1.4058,-0.3245,0.6761,0.5099,-0.2223,1.5913,-1.2424,0.7265,0.6458,-0.5528
-0.3638,-1.1091,0.2737,0.3234,0.6793,-1.3089,-0.198,0.395,0.5942,0.0368,2.1524,-1.2862,0.8773,-0.0239,-0.3204
-0.5575,-0.8934,0.2926,0.1514,0.8743,-1.5752,-0.1798,0.5389,0.2712,0.4073,2.1171,-1.2674,1.1597,0.1085,0.0929
0.0749,-0.9383,0.5033,0.1648,0.8076,-1.3847,0.0672,0.3118,0.1452,0.3773,2.2166,-1.1494,0.7667,-0.0951,0.1052
-0.1747,-1.1523,0.4866,0.1417,0.8764,-0.5298,0.0554,-0.2224,0.116,0.6937,2.7244,-1.0743,1.257,0.9346,1.1974
-0.3481,-0.5569,0.122,-0.0027,0.8097,-1.0457,0.2327,-0.7675,-0.5646,1.2567,2.4931,-0.8161,0.7863,1.2249,1.218
-0.7019,-0.7441,-0.7015,0.1227,0.5991,-0.6258,0.0036,-1.0931,-0.2681,1.1405,2.0691,-0.7751,1.3045,2.171,1.1667
-0.7152,-1.2463,-0.8704,0.3329,0.4163,-0.8071,-0.1478,-1.5044,0.0055,0.5446,1.6836,-0.8296,1.1098,2.2899,0.9471
-0.6676,-1.7961,-1.4008,0.7131,0.1284,-1.1985,-0.1616,-1.7945,0.0458,0.4144,1.6744,-1.0721,1.4945,2.3731,0.7635
-0.8779,-1.4892,-1.6087,0.6863,0.1514,-0.8972,-0.2367,-2.0528,0.4177,1.0527,1.9594,-1.2506,1.3381,2.56,0.9177
-0.873,-1.6805,-1.7472,0.5022,-0.0677,-1.0269,-0.2089,-2.6024,0.2913,0.7196,1.4911,-1.3546,1.5247,3.564,0.5996
-0.579,-1.6657,-1.8418,0.7052,-0.0918,-1.0622,-0.4237,-2.5952,0.9708,0.2307,1.1182,-1.5824,1.4745,3.6959,-0.0452
-0.7866,-1.7563,-2.2258,0.7976,-0.3282,-0.8253,-0.3982,-2.6772,1.1402,0.1389,0.5705,-1.9109,2.019,3.3263,-0.3714
-0.686,-1.8412,-2.478,0.5861,-0.4907,-1.6036,-0.6182,-1.977,1.6872,-0.7034,0.5292,-2.3145,1.4761,3.3771,-1.1198
-0.7458,-1.6554,-2.2452,0.543,-0.4517,-1.7093,-0.536,-1.8367,1.7727,-1.2305,0.38,-2.439,1.504,2.9201,-1.4299
-1.1028,-2.037,-2.3226,0.7172,-0.1395,-1.1102,-0.6779,-1.524,2.0126,-1.175,0.7635,-2.5932,1.5624,2.0455,-1.882
-0.7742,-2.0341,-1.343,0.8474,0.0458,-1.1868,-0.0565,-1.0816,2.3211,-0.9465,1.2768,-2.5479,1.6504,1.4613,-1.911
-0.5558,-1.6133,-1.0907,0.737,0.2093,-1.088,-0.0416,-0.5597,1.68,-0.6195,1.2194,-2.3597,1.528,1.016,-1.4839
-0.7126,-1.1625,-0.6685,0.4779,0.192,-1.3779,-0.281,-0.2675,1.8483,-0.1665,1.4235,-2.0477,1.7797,1.0689,-1.505
-1.2663,-1.1143,-0.5358,0.3806,-0.0956,-1.0404,-0.2459,-0.7826,1.2243,-0.7547,1.6721,-2.178,1.0855,0.6361,-1.313
-0.9668,-1.5387,-0.8408,0.2931,0.1697,-0.8536,-0.2889,-0.3455,1.5166,-1.318,1.7785,-2.1171,1.1376,0.5999,-1.3389
-0.9035,-1.1214,-0.906,0.202,0.2947,-0.9431,-0.4403,-0.2199,1.6228,-1.1963,1.5243,-1.8877,1.0315,0.2984,-1.1648
-0.6045,-1.6153,-0.493,0.0849,0.2869,-1.1691,-0.5743,0.423,1.5521,-1.2169,1.4841,-1.7665,0.7551,0.0442,-1.0561
-0.323,-1.0649,0.2079,0.1327,0.5574,-1.0781,-0.6339,0.8907,1.7026,-1.0595,1.5855,-1.6634,0.5851,-0.3707,-0.8197
-0.6662,-1.2283,0.406,0.2661,0.9116,-0.8937,-0.5241,1.2634,1.164,-0.7511,2.3944,-1.3859,0.2327,-0.6339,-1.1058
-0.1777,-0.9615,0.8457,0.2999,1.2561,-1.08,-0.3481,1.4515,0.6688,-0.8027,2.5686,-1.1461,1.1321,-1.0358,-0.8944
-0.6066,-0.2232,1.3734,0.0296,1.2894,-0.3759,-0.318,0.9541,0.1615,0.0594,2.7973,-0.9853,0.8684,-0.9728,-0.1413
-0.4311,-0.3564,1.2602,0.1484,1.3751,-0.9205,-0.3389,0.7561,-0.0741,0.1986,2.9138,-0.7252,0.7862,-0.4994,0.272
-1.078,-0.1266,0.6296,-0.301,1.1525,-1.0306,-0.2268,0.3302,-0.3863,0.406,2.7102,-0.497,0.5061,-0.1183,0.5293
-0.6656,-0.5978,0.1634,-0.2626,1.3328,-1.0585,-0.2827,0.2693,0.1026,0.1405,2.5502,-0.4866,0.4947,0.4698,0.3817
-0.5099,-0.3564,0.5024,-0.3004,1.1845,-1.158,-0.0851,0.1531,0.2195,0.0246,1.7515,-0.4659,0.4022,0.7096,0.048
-0.6182,-0.895,0.4094,0.0145,0.7988,-1.3112,-0.0103,0.2557,0.4728,-0.1621,2.1792,-0.9387,0.5388,0.6246,-0.1209
0.2106,-0.6817,0.2651,-0.3066,0.8894,-1.7154,-0.0674,0.2889,0.5009,-0.042,1.8338,-0.8698,0.5561,1.0118,-0.0004
-0.2593,-0.7564,0.3787,-0.0086,0.657,-1.4259,-0.1078,0.4469,0.7718,-0.0892,2.0754,-1.1313,0.9951,1.0486,-0.1465
-0.7071,-0.7207,0.0377,-0.1097,0.5965,-1.034,-0.0942,-0.0134,0.3387,-0.5721,2.0422,-1.0375,0.7692,0.5556,-0.4735
-0.8424,-0.3223,-0.2991,0.1532,0.7372,-0.9263,-0.2833,0.1299,0.9127,-1.1153,1.9777,-0.9514,0.3381,0.6382,-0.9824
-0.6891,-0.3703,-0.2737,-0.0328,0.9523,-0.7253,-0.4655,0.3313,0.7597,-0.8648,2.1178,-1.1636,0.1037,0.4676,-0.5345
-0.7074,-0.5841,-0.4988,-0.0236,1.0838,-0.9691,-0.4685,0.4353,0.9877,-0.4602,2.1071,-1.0437,0.732,0.4256,-0.4999
-0.3522,-0.585,-0.2365,-0.4846,0.937,-1.6918,-0.383,0.7012,1.3201,-0.6562,1.7757,-0.8985,0.5738,0.0338,-0.7599
-0.2764,-0.9897,0.3488,0.2196,1.0428,-1.6373,-0.0326,1.2154,1.864,-0.8679,2.2515,-1.0635,0.3506,0.1458,-0.7333
-0.1968,-0.6453,0.9404,0.0465,1.2516,-1.4535,-0.1052,0.878,1.0068,-0.9407,2.4391,-0.944,0.5366,-0.3714,-0.6227
-0.059,-0.212,2.1203,-0.3989,1.7172,-1.8342,-0.0149,1.1728,0.8704,-0.1833,2.7005,-0.8344,0.9412,-0.43,0.2173
-0.441,-0.2166,1.3406,-0.4261,1.9904,-1.9737,0.1013,0.9197,0.062,0.5932,2.7881,-0.712,0.6841,-0.5587,0.4395
-0.5797,-0.1463,0.918,-0.3371,1.8214,-1.9279,0.071,1.0642,0.3378,0.7806,3.055,-0.6578,1.167,-0.319,0.8996
-0.7233,-0.3223,0.6767,-0.1741,1.6448,-1.4575,0.0276,0.5487,0.2972,0.6453,2.8265,-0.6127,1.1545,-0.0245,1.2617
-0.9814,-0.418,0.4727,-0.1414,1.6575,-0.7624,0.143,0.107,0.1022,0.5169,2.7288,-0.4838,1.6756,0.1636,1.1607
-0.7017,-0.6165,0.2221,-0.0637,1.504,-0.4381,0.0344,-0.7272,-0.1479,0.4073,2.4089,-0.4385,1.6739,0.7887,0.9585
-0.6952,-0.7487,-0.992,-0.0979,1.0817,-0.5484,-0.0174,-1.1753,-0.5389,0.8436,1.905,-0.5238,1.5359,1.3629,0.8938
-0.7247,-0.7641,-2.0084,0.0066,0.9398,-0.3302,-0.1332,-1.3958,0.7009,0.3811,1.6349,-0.809,1.8149,2.4559,0.5935
-0.5702,-1.4006,-2.1844,-0.1764,0.7208,-0.3599,-0.3366,-2.0616,1.428,0.3708,1.0226,-1.0858,1.8511,2.654,0.2772
0.4546,-1.3647,-2.3141,0.5181,0.6483,-1.3285,-0.2223,-1.8843,2.0052,0.1027,1.1854,-1.5044,1.8643,2.803,0.0208
-0.1287,-1.2174,-2.331,0.4022,0.678,-1.2307,-0.3578,-2.0574,1.9651,0.1223,0.9145,-1.6138,1.7055,2.5289,-0.4783
-0.163,-0.2272,-2.3064,-0.1285,0.5864,-1.2955,-0.515,-1.5265,2.5537,-0.2999,0.8994,-1.7516,1.8944,2.4674,-0.7896
-1.1573,-1.0286,-2.2514,-0.1569,0.7102,-0.4425,-0.5767,-1.5461,2.3593,-1.4295,0.8686,-1.8602,1.9368,2.4065,-1.0972
-0.252,-1.4919,-1.5708,0.0036,0.8672,-0.6018,-0.8649,-1.6771,2.2248,-1.6332,0.934,-2.0237,1.7064,1.9354,-1.8284
-0.334,-0.9091,-1.6421,-0.1789,1.2659,-0.8754,-0.8276,-1.2696,2.1478,-0.879,1.032,-2.1184,1.3586,1.941,-1.8855
-0.4184,-0.7357,-1.5468,-0.2039,1.1547,-0.9766,-0.8149,-0.9407,2.1083,-0.5726,0.8632,-2.2123,1.4253,1.7933,-1.8285
-0.4724,-1.0532,-1.1597,0.6695,1.0153,-0.8099,-0.7434,-0.6159,2.1593,-0.6441,1.1763,-2.2643,0.919,1.5597,-1.6546
-0.468,-0.9123,-0.7701,0.2271,0.7074,-0.3824,-0.7152,-0.5605,1.7811,-0.8983,1.5489,-2.2307,0.9559,0.8725,-1.5131
-0.329,-0.5114,-0.977,0.5495,0.8866,-0.8205,-0.7132,-0.3658,1.9557,-0.991,1.9622,-2.0569,0.522,1.2359,-1.3443
-0.3331,-0.5835,-0.4461,-0.0063,1.1874,-1.2347,-0.6466,-0.1056,2.0213,-1.281,1.9199,-1.7195,0.6026,0.9155,-1.2495
-0.315,-1.0231,-0.3999,0.0246,1.2535,-1.1343,-0.6515,0.1642,1.6128,-1.0578,2.0989,-1.5765,0.6045,0.5904,-1.0579
-0.2784,-0.6751,-0.2504,-0.1014,1.3936,-0.916,-0.5636,-0.0051,1.1561,-0.2845,2.0451,-1.2904,0.2234,0.5664,-0.9039
-0.2124,-0.2741,-0.4408,-0.2434,1.4488,-0.7206,-0.4273,0.3159,1.1519,-0.2359,1.6676,-1.191,0.5271,0.7254,-0.6589
-0.2163,-0.368,-0.3961,-0.2604,1.5407,-0.9415,-0.4538,0.4757,0.8723,-0.3266,1.93,-1.3326,0.518,0.6588,-0.3881
-0.2987,-0.1052,-0.3905,-0.2671,1.4457,-0.6856,-0.3432,0.1996,0.8814,-0.427,1.9155,-1.3558,0.7209,0.6105,-0.5118
-0.1743,-0.4329,-0.2884,-0.5686,1.5392,-0.5279,-0.4485,0.1169,0.8687,-0.1044,1.6832,-1.4687,0.9505,1.0228,-0.2797
0.21,-0.4578,-0.4678,-0.5622,1.5277,-1.1163,-0.4408,0.1278,0.8776,-0.0931,1.8425,-1.2594,0.9229,1.0185,-0.2054
-0.3482,-0.2017,-1.5604,-0.072,1.5652,-0.7811,-0.4812,-0.0135,1.175,0.324,1.5874,-1.2475,0.5135,1.129,-0.1296
-0.5381,-0.6841,-0.6263,-0.1448,1.3369,-1.0235,-0.365,0.2585,1.658,-0.1566,1.5465,-1.432,0.7979,0.8878,-0.4407
-0.0983,-0.6238,-0.3557,0.1864,1.3217,-1.0686,-0.378,0.3216,1.333,-0.3927,1.7974,-1.5592,0.8849,0.7458,-0.3964
0.3437,-0.6043,0.0182,-0.069,1.3839,-1.1259,-0.4813,0.33,1.1532,-0.0995,2.0238,-1.3763,1.0414,0.6765,-0.3269
-0.3433,-0.4031,-0.6234,0.1953,1.4278,-1.2722,-0.4509,0.2871,0.6465,0.1808,1.6792,-1.3688,1.0837,0.5637,-0.2913
-0.336,-0.7931,-0.4126,0.1904,1.453,-1.3466,-0.4526,0.489,1.1691,-0.0694,1.7069,-1.3837,1.1462,0.7704,-0.4819
-0.3342,-0.9107,-0.4041,0.1983,1.6971,-1.0464,-0.581,0.2046,0.8355,0.0217,1.7774,-1.4329,1.1416,0.818,-0.1202
-0.521,-0.7804,-0.556,-0.0028,1.5423,-0.7308,-0.3695,-0.0614,0.4879,0.5402,2.0009,-1.3974,0.615,1.1567,-0.1609
-0.1904,-0.5002,-0.9186,0.0321,1.4347,-0.9866,-0.374,-0.1339,0.5801,0.565,1.8907,-1.1339,0.7516,1.5057,0.2148
-0.191,-0.7881,-1.0449,0.3601,1.367,-0.9224,-0.4776,-0.3809,0.816,0.5479,1.7478,-1.3512,1.1381,0.6691,0.1364
0.196,-0.5573,-0.863,-0.2573,1.1941,-1.0022,-0.3739,-0.1756,1.4081,0.3032,1.2625,-1.3689,1.2356,1.1462,-0.2832
-0.3935,-0.6766,-0.807,-0.0648,1.2298,-1.0462,-0.3457,-0.1031,1.2674,0.4107,1.2008,-1.46,1.2,1.0878,-0.3846
-0.4095,-0.6762,-1.1015,0.0912,1.3064,-1.0081,-0.5305,-0.5884,1.1935,-0.302,1.1378,-1.6111,1.3214,1.3912,-0.6726
-0.2264,-0.8614,-1.2893,0.0023,1.2539,-0.9076,-0.5552,-0.5918,1.207,-0.4042,1.1455,-1.7166,2.5644,1.7832,-0.9475
-0.5625,-0.8859,-1.3715,0.5502,1.367,-0.4012,-0.445,-1.4534,0.9972,-0.0711,1.4565,-1.6318,2.2225,1.9761,-0.7143
-0.2798,-0.8717,-1.6403,0.1038,1.2908,-0.03,-0.5667,-2.1115,0.8896,0.0623,1.2317,-1.4819,2.0174,1.8188,-0.6536
-0.3478,-1.0335,-2.3441,0.5521,1.2117,-0.2424,-0.6392,-2.2764,0.9976,-0.1281,0.8049,-1.6359,1.6569,2.2625,-0.8058
-0.5512,-1.0146,-3.0552,0.2723,1.2329,0.1322,-0.6591,-2.424,1.1579,0.2963,0.8125,-1.6272,1.2936,2.6734,-0.6758
0.0343,-1.2045,-3.2495,0.3298,0.8986,-0.5611,-0.6059,-2.0727,2.06,-0.6012,0.5495,-1.8272,0.7476,2.8026,-0.9187
0.0269,-1.2601,-2.9472,0.3161,0.6505,-0.5025,-0.7099,-1.5603,2.6243,-0.7551,0.2315,-2.1313,0.8133,2.7621,-1.3043
0.1953,-1.5251,-2.3108,0.3456,0.6842,-0.8967,-0.5413,-1.0297,2.6674,-1.0127,0.6579,-2.298,1.196,2.6175,-1.3295
-0.0623,-1.7415,-2.6294,0.8631,0.7273,-0.6028,-0.465,-1.3735,2.4304,-0.7678,0.2531,-2.4147,1.2718,2.4255,-1.7282
-0.3258,-1.5296,-1.9418,0.7806,0.6104,-0.2904,-0.4672,-1.2602,2.6842,-0.8965,0.3496,-2.395,1.2785,1.9611,-1.5372
-0.3189,-1.5365,-1.9943,0.7641,0.7987,-0.6352,-0.5538,-1.1589,2.1567,-1.0767,0.9652,-2.6221,1.1869,1.4966,-1.7838
-0.1351,-0.8835,-1.7058,0.2369,0.9561,-0.7571,-0.3959,-0.8709,2.1295,-0.873,0.752,-2.4597,1.6779,0.9646,-2.2225
-0.2121,-1.1482,-1.7964,0.3245,1.3439,-0.9502,-0.6774,-0.3117,2.3572,-0.6995,0.7796,-2.394,0.9241,0.9564,-2.0513
-0.0789,-1.1911,-1.1758,0.6312,1.3536,-1.1482,-0.4131,0.3139,2.2328,-0.8807,1.2883,-2.2598,0.6221,0.4584,-1.8891
-0.007,-0.6441,-0.7401,0.4587,1.4906,-1.2207,-0.356,0.4882,1.8006,-0.7886,1.3998,-2.044,0.5981,-0.2606,-2.2133
0.9588,-0.72,-1.0346,-0.601,1.6403,-1.6517,-0.2636,1.2567,1.4538,-0.9068,0.6894,-1.8795,0.6521,-0.5601,-2.1833
-0.0249,-0.4704,-0.1959,-0.454,1.5873,-1.1877,-0.305,1.6977,1.8452,-0.5193,1.0984,-2.0747,0.3352,-0.3471,-1.903
0.2537,-0.3002,0.4323,0.0158,1.7059,-1.3047,-0.2777,1.7767,1.2528,-0.8466,1.848,-2.0046,-0.2653,-0.5654,-1.554
-0.0816,-0.3322,0.4945,0.1755,1.9858,-1.5969,-0.1683,1.9222,0.9524,-0.6485,2.2622,-1.4816,0.015,-0.5345,-1.0193
-0.1557,-0.4956,0.3738,0.067,2.0807,-1.2428,0.0463,1.5906,0.8151,-0.6873,2.4,-1.2343,-0.2796,-0.6405,-0.7935
0.208,-0.4387,0.5092,0.1818,2.3253,-1.1744,-0.0402,1.871,0.542,-0.1101,2.4012,-0.9405,-0.2108,-0.4396,0.0047
0.0244,0.016,0.6161,0.212,2.2451,-1.1601,-0.0936,1.5355,0.03,0.2473,2.3373,-0.8037,-0.1347,-0.7593,0.266
0.0464,-0.2305,0.4155,-0.4051,2.0384,-1.1051,-0.0499,1.316,-0.4856,0.404,2.3555,-0.6959,0.1146,-0.7086,0.6936
0.1794,-0.2817,0.4322,-0.1953,2.0428,-1.0923,0.282,1.2517,0.1485,0.1891,1.6855,-0.5695,0.3734,0.3773,0.1803
0.4601,0.09,0.196,0.1047,2.0302,-1.1935,0.3881,1.25,0.0148,0.4262,1.5953,-0.8128,0.5174,0.5071,0.4952
0.2851,-0.2588,-0.0244,-0.0177,1.7594,-1.3419,0.3769,0.9457,0.1283,0.3937,1.8686,-1.1816,0.5738,0.3981,0.4725
0.403,-0.0151,0.3716,0.7548,1.8508,-1.2693,0.2245,0.6262,0.3517,0.3192,2.2389,-0.9418,0.729,-0.0532,0.7138
0.1888,-0.055,-0.467,0.3965,1.8557,-0.9502,-0.0727,0.4844,0.2863,0.5092,2.0586,-1.058,0.8863,0.3248,0.6604
0.2662,-0.2531,-0.2726,-0.0139,1.6471,-1.2692,-0.0734,0.3444,0.5619,0.2781,1.639,-0.9613,1.1514,0.6696,0.5864
0.2408,-0.0323,-0.3487,0.0647,1.4921,-1.4053,-0.0222,0.0516,0.6861,0.3537,1.7108,-0.8732,0.8067,0.3818,0.4344
0.2017,-0.2928,-0.6023,0.2642,1.4467,-1.6048,0.0698,0.3858,0.8264,-0.0494,1.3412,-0.7933,0.7004,0.7645,0.1339
-0.0484,-0.7944,-0.5952,0.3905,1.2948,-1.3967,-0.0478,0.3567,0.8006,-0.3819,1.5393,-0.896,0.9165,0.8688,0.2003
0.2367,-0.8533,-0.267,0.3774,1.314,-1.5965,-0.3702,0.3129,0.686,-0.1468,1.6053,-1.0777,0.9848,1.5597,-0.0462
0.0216,-0.5237,-0.583,0.5745,1.4836,-1.4761,-0.594,-0.2103,0.2522,-0.102,1.7517,-1.0858,0.4965,1.6304,-0.0984
0.2264,-0.1645,-0.6428,0.1581,1.5842,-1.6771,-0.7326,-0.4008,0.3173,0.1917,1.636,-0.9727,0.8738,1.9814,-0.165
0.3114,-0.6187,-1.1296,0.2988,1.6258,-1.1244,-1.0145,-0.9037,0.2982,-0.1522,1.25,-1.0599,1.0798,1.8381,-0.6185
-0.2365,-0.8468,-1.7253,0.3784,1.3325,-1.0253,-0.954,-1.0709,0.747,-0.1626,0.9276,-1.3441,0.7671,1.8941,-0.8619
0.4503,-1.0269,-1.7863,0.765,1.2871,-0.9864,-0.9415,-0.9579,1.1679,-0.3313,1.144,-1.4172,0.8399,1.8475,-1.0095
0.376,-0.2761,-1.474,0.3085,1.2129,-1.0886,-0.9006,-0.9006,1.3919,-0.4487,1.2422,-1.5337,0.9515,2.0212,-1.2309
0.1086,-0.4826,-1.3254,0.2234,1.2154,-1.0862,-0.8343,-1.2526,1.4312,-0.6811,1.0662,-1.3108,1.1941,1.6819,-1.2024
0.256,-0.7757,-1.6324,0.1404,1.3352,-0.7941,-0.8503,-1.4679,1.1539,-0.7028,0.8927,-1.445,1.5441,1.6848,-1.2319
0.2674,-0.7119,-1.9877,0.5325,1.3103,-1.2185,-0.82,-1.3002,1.0727,-0.4333,0.8849,-1.6334,1.2527,1.64,-1.0027
-0.1968,-0.8866,-2.3197,0.5304,1.097,-1.3749,-0.7301,-0.9817,1.2746,-0.5045,0.8697,-1.7639,0.9491,1.5044,-1.2436
-0.1885,-1.178,-2.4207,0.5125,0.9353,-0.9184,-0.742,-0.7991,1.4704,-1.427,0.7022,-1.9202,0.6584,1.0382,-1.8338
0.0202,-1.7306,-2.3981,0.9177,0.6776,-0.702,-0.6791,0.374,2.3222,-1.6769,1.0511,-2.0479,0.3253,0.9887,-1.8666
0.0953,-1.3347,-1.4369,0.8378,0.8653,-0.1756,-0.7461,0.4031,2.1725,-1.7691,1.5074,-2.1172,0.1571,0.3101,-1.8568
0.3004,-0.7752,-0.7292,0.466,1.2294,-0.4673,-0.6332,0.1651,1.7829,-1.4573,1.3593,-1.8598,-0.3129,-0.1294,-1.8076
0.1354,-0.4421,-0.8669,-0.1189,1.4508,-0.5862,-0.4719,0.6349,1.5184,-1.0351,1.4676,-1.5123,-0.1098,-0.0582,-1.3913
0.2225,-0.4076,-0.2967,0.1009,1.2641,-1.2348,-0.3646,0.8634,1.3711,-1.2037,1.621,-1.4229,0.274,0.0341,-1.2756
0.1851,-0.8758,0.2927,0.1921,1.5162,-0.8989,-0.3888,0.6152,0.8999,-0.2489,1.8694,-1.196,0.1615,-0.2259,-0.7146
0.589,-0.5271,0.4156,0.2936,1.7583,-1.3949,-0.1926,0.7542,0.6162,0.0332,2.0527,-0.852,0.1806,-0.1753,-0.37
0.1836,-0.1376,0.1257,0.4367,1.92,-0.8609,-0.2558,0.4909,0.3916,0.4672,2.9259,-0.8655,-0.0676,0.1589,0.1664
0.4858,0.1875,0.181,0.2794,1.9798,-1.3088,-0.2373,0.344,0.3235,0.6482,2.2881,-0.498,0.0801,0.3659,0.5346
-0.0054,0.1464,0.1454,0.3914,1.9941,-1.2462,-0.1707,0.0726,-0.1979,0.9495,2.2472,-0.2873,0.2706,0.6943,0.7436
-0.0748,-0.1218,-0.1027,0.5276,1.9464,-1.6808,-0.0405,-0.0209,-0.3224,0.6455,2.1435,-0.354,0.4499,1.0009,1.2806
-0.053,-0.1109,-0.9258,0.4065,1.82,-0.8549,0.0245,-0.5469,-0.1461,1.3024,1.8362,-0.6605,0.8217,1.3878,0.948
0.2357,-0.3645,-1.3778,0.1078,1.6876,-0.8641,-0.0157,-0.9489,0.1744,1.0078,1.2802,-0.5214,1.2299,1.7574,1.1747
0.0633,-0.5616,-1.8778,0.459,1.5492,-0.7721,-0.0649,-0.9011,1.1017,0.9836,1.1573,-0.8825,0.4792,2.0171,0.8478
0.4548,-0.6811,-1.583,-0.0832,1.261,-0.9376,-0.1996,-0.681,0.3779,1.2145,0.7137,-1.0928,0.6209,2.3876,0.5259
0.3341,-0.5015,-1.3833,0.1741,1.1113,-1.0743,-0.2437,-1.0064,0.7179,0.6244,0.92,-1.6942,1.4294,2.4098,-0.6168
0.1228,-0.4918,-1.6082,0.1888,1.1524,-1.1992,-0.4153,-1.2519,0.9478,-0.0224,1.209,-1.7352,1.1554,2.3656,-0.5518
0.3369,-1.2293,-1.7863,0.8844,1.191,-1.2358,-0.4719,-1.1218,1.2434,0.1374,1.4958,-1.7371,0.9806,2.3821,-0.4691
0.2422,-0.6542,-1.8711,0.3524,1.4039,-1.3174,-0.4092,-1.3141,1.1095,0.1354,1.1134,-1.8489,1.4162,2.37,-0.7489
0.142,-0.5751,-1.8889,0.419,1.2927,-1.3555,-0.4342,-1.1032,1.3106,0.2974,0.61,-1.9092,0.8322,2.1995,-0.7929
-0.0018,-0.8455,-1.597,0.6404,1.223,-1.3217,-0.2191,-0.6305,1.4741,-0.051,0.5099,-2.1281,0.7044,2.157,-0.7713
0.2782,-0.7628,-0.4017,-1.0472,1.1215,-1.3591,-0.1399,-0.4427,1.4585,-0.1299,0.3671,-2.3806,1.2654,1.5406,-0.9162
0.4427,-0.6493,0.0828,-0.3433,1.3097,-1.5355,-0.2328,-0.0279,1.3613,0.0028,0.7689,-2.2642,0.9626,1.5589,-0.8242
-0.0053,0.0737,-0.1293,-0.2748,1.6989,-1.4101,-0.2722,-0.0785,0.5959,0.0536,1.0365,-2.3723,1.1733,1.3924,-0.7997
0.8932,0.0599,0.0572,0.0262,1.8211,-1.7607,-0.3587,-0.0354,0.5615,-0.0308,1.1778,-2.0135,0.8561,1.2275,-1.3596
0.3241,0.0916,-0.3543,0.4548,1.8021,-1.788,-0.1346,0.0302,0.3698,0.7364,1.6471,-1.9328,0.6793,0.7816,-0.6605
0.2741,0.1888,-0.6522,0.342,1.4966,-1.7861,-0.0676,0.2263,0.3765,0.0691,1.736,-1.4675,0.729,0.8326,-0.5055
0.1728,0.0534,-0.4179,0.2676,1.6581,-1.3413,-0.0859,0.0671,0.6065,-0.0559,1.6317,-1.4254,0.5774,0.6774,-0.4054
-0.0708,-0.17,-0.6377,0.2663,1.6361,-0.9367,-0.0921,-0.0621,0.2047,0.2647,1.7461,-1.3027,0.5875,0.5539,0.1966
0.29,0.1121,-0.3152,0.6077,1.6581,-1.1359,0.062,0.1648,0.3375,0.5995,1.8003,-1.3528,0.8851,1.4368,0.454
-0.2833,-0.1748,-0.1672,0.5026,1.2242,-0.9407,-0.0471,-0.6553,0.071,0.2275,1.8553,-1.2691,0.9,1.4003,0.0133
-0.3182,-0.3868,-0.7317,0.4962,1.4232,-0.9214,-0.0743,-0.7858,-0.0828,0.0049,1.746,-1.2259,0.9172,1.8533,-0.0196
-0.0385,-0.4963,-1.2056,0.3801,1.4354,-1.2361,0.0233,-0.9747,-0.1099,0.3772,1.5074,-1.422,0.8716,1.9369,0.0797
0.2033,-0.7239,-1.6103,0.6094,1.2023,-0.8373,-0.0402,-1.021,0.3753,0.6086,1.1495,-1.6177,0.8588,1.8971,-0.0438
-0.0853,-0.575,-1.6317,0.4304,1.0728,-1.1775,-0.228,-1.1528,0.3563,0.9274,1.1073,-1.8899,1.0558,2.0422,0.0005
-0.3752,-0.6833,-1.6645,0.8083,0.9628,-1.0247,-0.4171,-1.154,0.8382,0.2873,0.8823,-2.0002,0.2901,1.6215,-0.2206
-0.2367,-1.0187,-1.8242,0.3928,0.9212,-1.0495,-0.9783,-0.4391,1.1283,-0.45,1.3275,-2.2581,0.9592,1.8922,-0.4219
-0.1193,-1.1898,-1.6615,0.4727,0.938,1.4475,-1.2778,-1.6518,0.8335,-0.7367,1.1431,-2.2986,0.824,1.6443,-1.1174
-0.3077,-1.0666,-2.3626,0.7447,1.2172,0.4301,-0.9639,-1.8923,0.8831,-0.2311,1.3246,-2.5141,0.861,1.983,-1.1847
-0.0481,-1.4785,-2.3536,0.916,1.1534,-0.7161,-0.7693,-1.6498,1.5111,-0.1896,0.9647,-2.4953,0.6389,1.9736,-1.3785
-0.0439,-1.3918,-1.8494,0.607,1.0324,-1.3469,-0.7038,-1.0408,1.7407,-0.2098,0.7914,-2.381,0.2735,1.5171,-1.6291
-0.2395,-1.3166,-1.7817,0.4215,0.9969,-0.9075,-0.5351,-0.6454,1.5549,-0.4028,1.1666,-2.5616,0.19,1.6769,-1.5303
-0.1431,-0.692,-1.3058,0.4305,1.1621,-1.1272,-0.4898,-0.3347,1.7126,-0.4517,0.585,-2.418,0.2788,1.4107,-1.5232
-0.0599,-0.9261,-0.6994,0.6196,1.2568,-0.2868,-0.6057,-0.1041,1.4844,-0.5031,1.0413,-2.7124,0.2346,0.9158,-1.1374
-0.3963,-0.6742,-0.5166,0.3821,1.3642,-0.6644,-0.5617,0.0807,1.2624,-0.4353,1.4327,-2.5612,0.1609,0.9734,-0.9055
-0.5381,-0.3147,-0.1504,-0.1481,1.3576,-0.4257,-0.4099,0.026,0.8853,-0.543,1.3043,-2.2472,0.0214,0.8866,-1.1928
-0.1371,-0.5014,-0.4212,0.0723,1.4613,-1.0605,-0.4806,0.3335,1.0249,-0.7089,1.4345,-2.0909,0.5623,1.0586,-0.894
0.1927,-0.3591,0.1528,0.0174,1.5244,-1.6006,-0.4375,0.2499,1.0819,-0.5996,1.4825,-1.9954,0.584,0.7129,-0.72
-0.0442,-0.1214,0.2768,0.2999,1.6589,-1.7692,-0.634,0.4627,1.0915,-0.3524,2.1125,-1.9145,0.6859,0.3172,-0.3397
0.1267,-0.2914,-0.0018,0.1328,1.6718,-2.1661,-0.4758,0.6812,0.4565,-0.1503,1.9013,-1.4986,0.2504,-0.131,-0.3121
-0.0504,-0.7262,0.087,0.3703,1.8721,-2.7253,-0.6815,1.5161,0.7634,-0.1583,1.7443,-1.2723,0.1431,0.14,-0.259
0.0526,-0.4208,0.8689,0.2867,1.8437,-2.1884,-0.5427,1.2868,0.3359,0.163,2.3139,-1.3284,0.0534,-0.3272,0.0788
0.2187,-0.2634,1.4468,0.1291,2.1269,-2.1763,-0.4703,1.3313,0.3214,0.3425,2.3462,-1.014,0.281,-0.3611,0.4761
-0.2361,0.3832,1.0653,-0.1532,1.9595,-1.8493,-0.4764,0.9783,-0.4448,0.7206,2.1751,-1.0352,-0.0781,-0.2558,0.8507
-0.1424,0.1982,0.5406,-0.184,1.9229,-1.7566,-0.6417,0.8271,-0.2029,0.1874,2.091,-0.8785,-0.5816,-0.0299,0.9392
-0.3099,0.3851,0.9661,-0.0574,1.7263,-1.4063,-0.6954,0.7851,0.0908,-0.4618,2.1508,-0.8889,-0.1907,0.5254,0.5906
-0.4253,-0.1804,0.4297,-0.1746,1.8415,-1.5548,-0.6752,0.3686,-0.351,-0.3766,2.0527,-0.7157,-0.5586,0.3466,0.5496
-0.3155,0.0207,0.1305,-0.4622,1.6472,-1.5589,-0.7895,0.5814,0.2666,-1.0383,1.4879,-0.8856,-0.1613,0.2171,-0.2073
-0.2351,0.1214,0.1095,-0.7507,1.7465,-1.6273,-0.9726,0.7419,0.5695,-0.7136,1.2335,-0.8732,0.3335,0.294,-0.3161
-0.5834,0.1084,-0.0829,-0.3339,1.7119,-1.5824,-0.8148,1.2601,0.9301,-0.6563,1.2254,-1.2519,-0.1219,0.4185,-0.2813
-0.708,-0.3354,0.4167,-0.4644,1.619,-0.9758,-0.8944,0.9091,0.8051,-0.895,1.6833,-1.7023,-0.1505,-0.2131,-0.6648
-0.2879,-0.3473,0.7461,-0.2803,1.7298,-1.2065,-0.8999,0.8051,0.1597,-0.3788,1.7276,-1.4747,0.0965,-0.4879,-0.663
-0.4421,-0.172,0.6543,-0.2691,1.8095,-1.0796,-0.8919,0.7602,0.4475,-0.2542,1.2052,-1.4362,0.0586,-0.6373,-0.5946
-0.4117,-0.5666,0.6187,-0.2585,1.7107,-1.0517,-1.0099,1.1462,0.8224,-0.2453,1.3057,-1.7009,-0.1234,-0.0748,-0.1729
-0.2074,-0.2681,1.1665,-0.0193,1.7721,-0.1952,-0.9454,0.6443,0.3154,-0.0949,1.5025,-1.8339,0.0977,-0.2613,-0.1995
-0.5605,-0.5472,0.9874,-0.0852,1.8354,-0.9032,-0.8975,0.5883,0.053,0.0392,1.6991,-1.7395,-0.472,-0.0485,0.2685
-0.3369,0.2667,0.0012,0.0349,1.8652,-0.7345,-0.8414,0.7093,0.4265,-0.0346,1.5009,-1.5601,-0.4723,-0.1913,0.1166
-0.4381,-0.2772,0.3917,0.0474,1.9023,-0.9087,-0.4672,0.6841,0.6927,-0.4116,1.87,-1.5252,-0.8435,0.0896,-0.041
-0.2154,-0.2706,0.5993,0.0428,1.8223,-0.8913,-0.3707,0.6904,0.6031,-0.1185,1.8777,-1.2871,-0.6084,-0.0781,0.6203
-0.3049,0.0945,0.6431,-0.1332,1.8379,-0.9326,-0.4205,0.8295,0.5271,-0.0041,1.5476,-1.3313,-0.2531,-0.194,0.6772
-0.3682,-0.244,0.6188,-0.0341,1.9455,-1.2895,-0.3831,1.0488,0.2016,0.0116,2.0281,-1.2864,-0.1055,-0.0364,0.8074
-0.1764,0.0531,0.5785,-0.2226,1.8671,-1.1646,-0.327,0.6076,0.1526,0.1333,2.1314,-1.0032,0.317,0.436,0.8833
-0.3201,-0.0192,0.3898,-0.3299,1.7957,-0.6654,-0.4025,-0.0161,-0.2369,0.3753,1.6094,-0.9171,0.3213,0.2309,0.5061
-0.3616,-0.222,0.0799,-0.2538,1.7932,-0.4695,-0.4814,-0.1486,0.086,0.2935,1.412,-1.0252,1.2031,0.969,0.4288
-0.2312,-0.4561,-0.3156,-0.2727,1.5083,-0.965,-0.5004,-0.7201,0.1188,0.5616,0.7741,-1.2531,0.5272,1.1597,0.4551
-0.1467,-0.6384,-0.6391,0.2927,1.2692,-1.1585,-0.4208,-0.4923,0.9396,0.2386,0.7945,-1.5184,0.4401,1.5908,0.6307
-0.1781,-1.1131,-0.6688,0.6093,1.0989,-1.4543,-0.287,-0.2152,0.8609,-0.0787,1.0596,-1.6812,0.6786,1.4003,0.3437
-0.574,-0.9755,-1.0149,0.3637,1.0679,-1.4975,-0.6377,-0.2515,0.9151,-0.036,1.123,-1.7625,0.4237,1.4297,0.4568
0.1784,-1.1992,-0.4282,0.294,0.969,-1.367,-0.6718,-0.1708,0.8735,-0.7837,1.4156,-1.7299,0.127,1.2233,0.3766
-0.3709,-0.6039,-0.3919,-0.0891,1.1907,-1.3689,-0.7141,-0.1693,1.057,-0.4043,0.6459,-1.6294,-0.2223,1.0756,-0.038
0.0237,-0.7369,-0.0627,-0.1425,1.292,-1.5829,-0.6036,0.6374,1.151,-1.0076,1.0075,-1.8617,-0.5577,0.5498,-0.4177
-0.1597,-0.6803,0.2894,-0.3122,1.3709,-1.2128,-0.6673,0.7678,1.2256,-0.9516,1.0016,-1.6814,-0.2947,-0.0225,-0.2912
-0.0746,-0.938,0.64,-0.2418,1.6419,-1.3559,-0.626,0.643,1.0352,-0.6531,1.6076,-1.5722,-0.5016,-0.0717,0.0666
-0.0459,-0.5002,0.8276,-0.1419,1.8194,-1.3795,-0.6564,0.7871,0.7896,-0.4878,1.7027,-1.278,0.1644,0.0954,0.2582
-0.1101,-0.8159,1.1014,-0.4512,2.2088,-1.2416,-0.6534,0.281,-0.0382,0.5453,1.4437,-1.1073,0.115,0.3333,0.5752
-0.1813,-0.5342,1.0266,0.0606,2.0926,-1.6212,-0.6376,0.2794,0.112,1.03,1.695,-1.2344,0.1378,0.9526,1.673
-0.7873,-0.1471,0.5022,-0.3347,1.902,-1.1105,-0.3676,-0.3662,-0.5331,0.9154,1.3583,-1.1103,0.0202,0.7882,1.389
-0.449,-0.6596,0.035,-0.4891,1.4413,-1.1179,-0.3954,-0.3507,0.1714,0.5254,1.0314,-1.0691,0.4934,1.3634,0.7276
-0.568,-1.2541,-0.1022,-0.2457,1.6402,-0.8478,-0.4817,-0.8535,0.0533,0.9876,0.8729,-1.2087,0.6889,1.6005,0.7796
-0.4826,-0.9893,-0.2467,-1.1415,1.6394,-0.912,-0.559,-1.1594,0.4295,1.3064,0.5394,-1.6089,0.6389,2.2238,0.6198
-0.2777,-1.2903,0.2492,-0.6887,1.3493,-1.4165,-0.4923,-1.1025,0.8169,0.7076,0.8972,-1.6839,1.0534,2.0274,0.7699
-0.1913,-0.9101,0.2569,-0.5699,1.3209,-1.6715,-0.5088,-1.1907,0.3887,1.0683,1.0099,-1.4188,0.6809,1.9081,0.7414
-0.192,-0.6851,-0.3657,-0.8875,1.3095,-2.0411,-0.5561,-0.8657,0.6539,0.8579,0.8757,-1.5055,0.8787,2.188,0.8432
-0.5233,-0.7746,-0.5388,-0.9261,1.0196,-2.4392,-0.6443,-0.1317,1.5555,0.5002,0.6933,-1.5989,0.4889,2.2924,0.8797
-0.7886,-0.8554,0.2025,-0.6063,1.1272,-1.2908,-0.703,-0.4995,1.3595,0.0704,0.8572,-1.7275,0.5591,1.4558,0.5505
-0.5077,-0.7173,-0.0493,0.1234,1.3417,-1.1601,-0.6898,-0.5848,0.8335,-0.0392,1.6127,-1.8203,0.7318,1.6013,0.5413
-0.1451,-0.4702,-0.1813,0.0967,1.3001,-1.1912,-0.7855,-0.9299,0.5286,-0.0544,1.7836,-1.3771,0.7202,1.7725,0.469
-0.5499,-0.2754,-0.4727,-0.184,1.3872,-1.7534,-0.8036,-1.4089,0.4859,0.2463,1.2056,-1.2392,0.448,2.2298,0.4185
-0.3846,-0.6969,-0.354,0.2023,1.1767,-1.4825,-0.6915,-1.6085,0.5478,-0.0335,1.2593,-1.2972,0.779,2.3506,0.2918
-0.1557,-0.5327,-0.4892,0.102,1.24,-1.6207,-0.5692,-1.5267,0.5127,0.3375,1.5507,-1.4153,0.5227,2.0689,0.2388
-0.2992,-0.5739,-0.9769,-0.0019,0.9856,-1.6376,-0.4771,-1.4511,0.8088,0.4154,1.1637,-1.4594,0.8112,2.4032,0.0934
-0.4422,-0.6509,-0.7688,-0.3687,0.8538,-1.3032,-0.6495,-2.2373,0.6404,0.1483,0.8133,-1.6556,1.24,2.648,0.3276
-0.7607,-0.6966,-1.6121,-0.5053,0.7808,-1.1358,-0.7627,-2.0853,0.7999,-0.1789,0.5316,-1.7563,1.1143,2.949,0.2455
-0.3341,-0.9906,-1.4823,-0.7126,0.7759,-1.2492,-0.8253,-2.0158,1.4207,-0.4064,0.3679,-1.9712,1.2597,3.0438,-0.4028
-0.4427,-1.0851,-1.6318,-0.373,0.763,-0.9879,-0.9975,-2.4083,1.5808,-0.3281,0.3282,-2.1131,1.3385,3.3626,-0.653
-0.521,-1.2579,-1.5717,-0.134,0.8686,-1.2423,-0.8149,-2.4161,1.4651,-0.029,0.0966,-2.2042,0.921,3.0498,-0.9311
-0.1027,-1.1171,-1.0322,-0.1393,0.7621,-1.3564,-1.0314,-2.008,1.7088,-0.1052,0.3019,-2.4869,0.8858,3.2384,-1.0871
-0.542,-0.9652,-1.1945,-0.1908,0.9731,-1.1503,-0.7154,-2.0779,1.4542,0.2334,0.2681,-2.6693,0.8568,3.0069,-0.9063
-0.4723,-1.0587,-1.3614,-0.4823,0.9483,-1.0421,-0.8291,-1.9734,1.6211,0.0433,-0.0953,-2.668,0.8,2.7682,-0.8977
-0.6954,-1.5063,-1.7507,-0.4032,0.9309,-1.3223,-0.738,-1.4167,1.943,0.017,-0.1349,-2.9297,0.6045,2.6448,-1.1536
-0.431,-1.4162,-0.8412,0.0071,0.7162,-1.4979,-0.7619,-1.1257,2.1653,-0.491,0.2029,-2.9806,0.0711,2.0219,-1.1036
-0.5888,-1.2847,-0.6382,-0.0239,1.0001,-1.6578,-0.8768,-0.3986,2.137,-0.6683,0.155,-2.803,-0.2565,1.9139,-1.335
-0.6962,-1.2422,-0.2718,-0.1304,1.1955,-1.6137,-0.9489,-0.0504,1.4404,-0.7614,0.7204,-2.8644,-0.319,1.2829,-1.6046
-0.3767,-1.0987,-0.4065,-0.023,1.311,-1.5998,-0.8482,0.3275,1.3428,-0.926,1.1574,-2.6426,-0.4655,1.0121,-1.6083
-0.1562,-1.1331,0.0588,-0.113,1.5251,-1.298,-0.661,0.264,1.365,-0.9929,0.9421,-2.4381,-0.4974,0.8299,-1.4151
-0.372,-0.3176,0.4662,-0.1219,1.4933,-0.8374,-0.6194,0.394,1.2375,-0.5629,1.3121,-2.1206,-0.2553,0.4475,-0.9539
-0.33,-0.4874,0.847,-0.3941,1.5744,-0.8968,-0.5516,0.4719,0.6378,-0.7969,1.7323,-1.8508,-0.21,-0.2631,-0.6553
-0.4985,-0.2356,0.9474,-0.2943,1.7952,-0.6556,-0.4238,0.4641,0.469,-0.2092,1.8259,-1.4331,-0.1348,0.1712,-0.2373
-0.5837,-0.2389,0.8284,-0.53,1.8214,-0.8044,-0.3579,0.1934,0.0835,-0.2435,1.7715,-1.2059,-0.1884,0.3919,-0.2623
-0.4163,-0.1496,0.7467,-0.3987,1.9515,-1.5804,-0.3376,0.4198,0.4383,-0.0227,1.7745,-1.1992,-0.1966,0.8349,0.13
-0.2835,-0.1258,0.8647,-0.5651,1.7798,-2.3148,-0.208,0.4908,0.2307,-0.129,1.7123,-1.1646,-0.2541,0.8171,0.4732
-0.5353,-0.1434,0.9414,-0.5071,1.8961,-2.0804,0.0622,0.7248,0.2832,0.2503,1.3675,-1.2235,0.202,0.5451,0.3166
-0.5997,-0.5777,0.9608,-0.5722,1.6064,-1.5593,0.0971,0.8151,0.3149,0.4028,1.1205,-1.3111,0.2314,0.9381,0.2598
-0.9455,-0.735,0.7449,-0.3784,1.6041,-0.756,-0.3283,0.5803,-0.0701,0.3082,1.1155,-1.6157,0.4626,1.0308,0.4687
-0.2915,-0.8167,0.7374,-1.0044,1.5472,-0.7732,-0.244,0.2403,0.3861,0.2786,1.0621,-1.8098,0.5675,1.6302,0.5165
-0.8456,-0.9165,0.2171,-0.4983,1.4921,-0.886,-0.068,-0.1062,0.3461,0.4434,0.9983,-1.8436,0.6816,2.0351,0.117
-0.2785,-0.9221,0.0652,-0.6797,1.343,-1.0708,-0.2196,-0.2339,0.4951,0.0583,0.4663,-1.797,0.2019,1.8649,-0.0813
-0.294,-1.0507,-0.0699,-0.3039,1.169,-1.2531,-0.3484,0.3947,0.9377,0.2408,1.0762,-1.9002,0.2802,2.0405,0.2322
-0.7639,-1.0232,0.2631,-0.3081,1.1148,-1.345,-0.172,0.1653,0.7516,0.2498,0.9258,-1.9499,0.2464,1.885,0.2052
-0.5087,-0.9283,0.3005,-0.3726,1.0986,-1.4654,-0.271,0.0653,0.7845,-0.3336,1.0178,-2.0751,-0.0468,1.8554,0.1915
-0.2326,-1.0721,-0.1371,-0.2991,1.3574,-1.5709,-0.2971,0.1503,0.7135,-0.3921,1.1145,-2.2084,0.0879,1.9187,0.1687
-0.4625,-0.6427,0.0486,-0.8094,1.1531,-1.2415,-0.209,-0.0812,0.7712,-0.08,0.9186,-2.2058,0.0231,1.9247,0.1261
-0.6902,-0.7391,0.4251,-0.612,0.9551,-1.0849,-0.272,-0.1408,0.7327,-0.6702,0.8132,-1.9822,0.1372,1.9119,-0.4972
-0.4993,-0.9686,-0.3299,-0.3594,1.0195,-0.6831,-0.4121,-0.427,-0.3187,-0.7748,0.7217,-2.1944,0.1136,1.8932,-0.237
-0.6901,-1.3223,-0.3425,-0.3712,0.9503,-0.9401,-0.3864,-0.3501,0.7178,-0.5654,0.9115,-2.3549,0.1884,2.2779,-0.4715
-0.9833,-1.1176,-0.7981,-0.5462,1.0305,-0.5109,-0.3516,-0.6271,0.72,-0.7354,0.5198,-2.4011,0.302,2.0758,-1.1498
-0.4878,-1.252,-0.7504,-0.1686,0.9657,-0.3819,-0.4458,-0.5877,0.965,-1.0465,0.1078,-2.5151,0.5477,1.3235,-1.6904
-0.5171,-1.2974,-0.5078,-0.4331,0.7055,-0.6965,-0.4914,0.0616,1.3507,-0.9421,0.349,-3.1267,0.39,1.3629,-1.662
-1.1674,-1.341,-0.132,-0.1444,1.2793,-0.4596,-0.7865,-0.0029,1.0641,-0.8714,0.6074,-3.0491,0.1455,0.8405,-1.3978
-0.6194,-1.6955,-0.2004,0.2361,1.3549,-0.4766,-0.5368,0.453,1.3392,-0.991,1.3044,-2.87,-0.2813,0.2583,-1.2156
-0.6772,-1.3413,-0.0535,0.2291,1.315,-0.1181,-0.4626,0.5225,1.0868,-0.3589,1.2343,-2.67,-0.3762,0.1582,-1.0637
-0.3774,-1.1736,0.1429,0.0862,1.1143,-0.74,-0.3473,1.0263,1.226,-0.6817,1.1148,-2.7146,-0.561,-0.4208,-0.8014
-0.2632,-1.3266,0.5452,0.1892,1.1511,-0.7045,-0.2149,1.6401,1.1588,-0.4751,1.5432,-2.5445,-0.5711,-0.1411,-0.49
-0.3462,-1.0665,0.8355,-0.1086,1.0481,-0.7386,-0.1918,1.4775,0.6625,-0.6579,1.6363,-2.4535,-0.6113,-0.2779,-0.2444
-0.143,-0.8299,1.1052,-0.3872,1.0044,-1.0559,-0.2465,1.8746,0.7332,-0.8648,1.9633,-2.2347,-0.6806,-0.2928,-0.1987
-0.1706,-0.425,1.5341,-0.574,1.1773,-1.0578,-0.0998,1.8299,0.483,-1.0554,1.8223,-1.8172,-0.7707,-0.2669,0.2619
-0.5572,-0.5258,1.3081,-0.4844,1.503,-0.8358,-0.0554,1.5315,0.1035,-1.0102,1.9467,-1.732,-0.6856,-0.4078,0.5725
-0.2537,-0.5594,1.2938,-0.5354,1.6505,-1.4113,0.0448,1.6423,0.0637,-0.8488,1.4213,-1.7544,-0.5673,-0.2445,0.1641
1.2832,-0.5397,1.9359,-0.2552,1.6117,-2.1121,0.0476,1.8678,0.1695,-0.3294,1.956,-1.7049,-1.0614,-0.2586,0.3631
0.4207,0.2491,2.5665,-0.7288,1.6294,-2.1109,-0.108,2.361,0.1299,0.2095,2.0724,-1.6022,-0.9459,-0.1532,0.925
0.1184,-0.0515,2.783,-0.7845,1.8945,-1.5535,-0.253,2.0467,-0.5123,0.1593,2.383,-1.4827,-1.0042,-0.2823,1.1826
-0.5778,-0.1038,2.1807,-1.2417,2.0693,-1.2241,0.0166,1.5449,-1.0061,0.3258,2.295,-1.2424,-0.8695,-0.156,1.3497
0.4031,-0.2659,1.7812,-1.3515,1.8954,-1.6296,0.1999,1.4894,-0.751,0.271,2.0878,-1.0497,-1.254,0.1376,1.5983
0.6104,-0.2645,1.9413,-1.2369,1.8128,-1.4501,-0.0807,1.3964,-0.532,0.4949,1.842,-1.326,-0.8406,0.8181,1.3656
-0.4969,-0.0052,1.414,-1.0135,1.7403,-0.6589,0.0004,0.5749,-0.7699,0.6097,2.1462,-1.6002,-0.514,0.7754,1.777
-0.0355,-0.6469,-0.1079,-0.4962,1.7003,-0.7189,0.0075,-0.3791,-0.8678,0.3915,1.8553,-1.5816,-0.3867,0.9821,1.5476
-0.2535,-0.967,-0.3467,-0.6074,1.2848,-0.9378,0.2511,0.0183,0.3761,0.6474,1.7059,-1.5994,-0.1108,1.6091,1.7993
-0.4567,-0.9771,-0.2728,-0.6592,0.8727,-1.0615,0.1205,-0.5577,0.4452,0.5101,1.3854,-1.7448,0.3008,1.7033,1.8689
-0.3731,-1.0301,-0.4298,-0.4465,0.9979,-0.8576,-0.2051,-1.021,0.5948,0.0286,1.4953,-2.044,0.7608,2.2564,1.3034
-0.3025,-1.0,-0.9879,-0.464,0.9641,-0.9029,-0.2749,-1.4215,0.4042,0.2717,1.3178,-1.9999,0.7051,2.415,1.139
-0.3818,-0.9333,-1.6377,-0.7748,0.6511,-0.8678,-0.3364,-1.9229,0.316,-0.056,1.0112,-2.0626,0.4419,2.7502,0.8912
-0.3669,-0.8907,-2.2044,-0.6782,0.5705,-0.9214,-0.5364,-2.0676,1.3066,-0.6615,0.7963,-2.3498,0.2077,3.5868,0.1755
-0.2602,-1.7489,-1.9521,-0.3588,0.4031,-0.9028,-0.532,-1.9618,1.7233,-1.1841,0.5121,-2.6002,0.2879,3.3286,-0.3175
-0.1882,-1.5453,-1.6292,-0.9521,0.3673,-1.0542,-0.4274,-1.8504,1.978,-0.991,0.0666,-2.8628,0.0974,3.1032,-0.5923
0.071,-1.7586,-1.5094,0.1005,0.44,-0.9357,-0.4256,-1.6429,1.8907,-0.9223,0.3025,-3.2531,0.0413,3.1957,-0.6685
-0.8464,-1.478,-1.5762,-0.0187,0.307,-0.4389,-0.4545,-1.8734,1.4018,-0.8122,0.2609,-3.44,-0.3031,2.8523,-0.6772
-0.5984,-1.721,-1.6835,-0.198,0.3926,-0.0136,-0.4421,-1.7219,1.6542,-1.4794,0.2949,-3.6261,-0.035,2.5598,-1.1025
-0.0087,-1.721,-1.2454,-0.0872,0.5166,-0.5511,-0.2898,-1.6078,1.6903,-1.3762,0.4514,-3.5523,-0.8417,2.5091,-1.0628
0.0149,-1.4213,-1.2051,-0.195,0.5476,-0.7822,-0.1949,-1.1656,1.4877,-1.5004,0.8563,-3.5364,-0.6563,1.8322,-0.8392
-0.1799,-1.4381,-0.7696,0.1174,0.5636,-1.1227,-0.1486,-0.3953,1.9918,-1.571,0.8899,-3.1479,-0.4988,1.7116,-1.1634
-0.1524,-1.3421,-0.4905,-0.2398,0.8653,-0.8856,-0.1398,-0.5026,1.4264,-1.5841,0.9554,-3.0749,-0.5886,1.2946,-0.8301
-0.0982,-0.7111,0.1248,-0.5436,1.0219,-0.7664,-0.0515,-0.3586,0.9432,-0.9494,0.7995,-2.9649,-0.844,0.7749,-0.1819
-0.1246,-0.5599,0.0983,-1.0811,1.2228,-1.1888,-0.2114,0.4691,0.8667,-1.2207,0.6905,-3.0452,-0.2872,0.6449,-0.5759
-0.0997,-0.8248,0.4732,-0.6744,1.2719,-1.2005,-0.2426,0.2884,0.7859,-1.5698,0.9143,-2.8945,-0.2768,0.2138,-0.5603
0.0424,-0.7742,0.6032,-0.9396,1.6012,-1.4019,-0.0835,0.4143,0.7914,-1.0387,1.081,-2.6017,-0.7009,0.2497,-0.067
0.0025,-0.9702,1.0045,-0.6314,1.6422,-1.7619,-0.0904,0.857,1.0137,-0.9556,1.3915,-2.5503,-0.9319,0.2681,0.1432
-0.6416,-0.7897,0.9583,-0.5178,1.6053,-1.2442,0.0993,1.1824,0.8092,-0.6162,1.447,-2.3036,-1.1306,-0.0194,0.2116
-0.1332,-1.0544,0.618,-0.3942,1.5862,-1.5931,-0.0495,1.1438,0.5313,-0.9981,1.7201,-1.8988,-0.6184,-0.5856,0.2611
-0.4785,-0.5886,0.9556,-0.4644,1.3323,-0.948,0.0471,1.0378,0.6197,-0.7823,2.0108,-2.0323,-0.4434,-0.7118,0.7543
-0.2136,-0.8271,1.4682,-0.4221,1.6848,-1.0695,-0.0336,0.6684,0.2117,-1.509,2.2738,-1.6995,-0.6055,-0.4929,0.4042
-0.19,-0.6056,1.0818,-0.5362,1.9878,-0.8048,0.0872,0.5245,-0.2236,-0.5432,2.222,-1.6008,-0.8276,-0.2321,0.7004
-0.1492,-0.744,0.5112,-0.6639,1.862,-0.4531,0.2208,-0.1108,-0.2942,-0.2343,1.9769,-1.3868,-0.8805,0.2043,0.8357
-1.2023,-0.7122,-0.0821,-0.6002,1.7242,-0.0583,0.0988,-0.6307,0.0431,0.0684,1.5461,-1.2986,-0.999,0.759,0.925
-0.5772,-1.0945,-0.3257,-0.2765,1.4355,0.2179,0.0727,-0.6407,0.4321,-0.4845,1.2019,-1.5759,0.3101,1.0936,0.5439
0.0127,-1.395,-0.5143,-0.8211,1.4827,-0.4244,0.0123,-1.2446,0.4551,-0.4753,1.1151,-1.6387,0.6212,1.3378,0.7423
0.1482,-1.2449,-0.4721,-0.5213,1.148,-1.356,-0.0615,-1.3929,0.895,0.068,1.0063,-1.915,0.364,1.7268,0.2989
-0.5399,-1.2758,-1.034,-0.0862,1.0298,-1.6585,0.0201,-1.3494,0.993,-0.0658,1.3081,-2.1958,0.3463,2.936,0.6677
-0.3893,-1.2351,-0.8647,-0.3949,0.8197,-1.6552,-0.0742,-1.9723,1.0922,-0.6889,1.1109,-2.0577,0.6025,3.0632,0.3022
-0.1295,-1.5424,-0.7754,-0.2243,0.9331,-1.8916,-0.13,-2.2969,1.2063,-0.5329,0.933,-2.0879,0.4182,3.0136,-0.0418
-0.153,-1.0928,-1.1716,-0.1609,0.7968,-1.5552,0.0218,-2.185,1.7082,-0.5889,0.8154,-2.3149,0.1465,2.5955,-0.097
-0.0121,-1.2722,-1.1662,-0.1273,0.6365,-1.4158,-0.0353,-1.7984,1.8421,-0.9256,0.7497,-2.2978,-0.1887,2.5825,-0.039
-0.4297,-1.1839,-1.2141,-0.4344,0.6385,-1.0319,-0.1195,-1.8954,1.7172,-0.9514,0.4436,-2.2948,-0.3166,2.7988,-0.2579
0.2437,-1.6817,-0.8514,-0.6451,0.7241,-1.4532,-0.1051,-1.808,1.6399,-1.0296,0.2146,-2.6172,-0.3727,2.4877,-0.5489
-0.2563,-1.1107,-1.1085,-0.4706,0.6555,-1.1752,-0.0014,-1.4667,2.1067,-0.7934,0.1627,-2.664,-0.3171,2.6142,-0.7503
-0.3247,-1.3925,-0.4144,-0.2494,0.916,-0.7518,-0.0234,-1.4688,1.9078,-1.2022,0.5798,-2.2858,-0.6908,2.195,-0.8307
-0.1929,-1.4438,-0.4912,-0.2657,0.7064,-0.9904,0.0259,-1.3037,1.7251,-1.3596,0.7498,-2.577,-0.8176,1.5928,-0.5875
0.1485,-1.2516,-0.3657,0.0369,0.6382,-1.0689,0.0011,-1.0237,1.6008,-1.4118,0.9625,-2.6362,-0.6134,1.6672,-0.5623
-0.15,-1.1934,0.0496,-0.0681,0.8729,-1.0455,0.0448,-1.2225,1.1752,-1.1166,1.2798,-2.7002,-0.6059,1.4495,-0.3668
-0.448,-1.177,-0.0913,0.077,1.0635,-0.2005,-0.0203,-1.8051,0.6508,-0.8732,1.613,-2.4468,-0.5975,1.3905,-0.0974
-0.0549,-1.4871,-0.4699,-0.3265,1.1521,-0.6786,-0.048,-2.1989,0.4225,-0.7907,1.2716,-2.2951,-0.9479,1.5574,0.1301
0.1979,-1.5741,-0.6671,-0.293,0.9782,-1.1466,-0.1244,-1.6486,0.8565,-0.7818,1.4502,-2.3719,-0.5762,1.6376,0.6246
0.027,-1.3615,-0.7207,-0.1864,1.0056,-1.1632,0.0327,-1.5836,1.0665,-0.4229,0.9056,-2.2656,-0.6946,2.2443,0.2955
-0.0196,-1.2373,-0.8473,-0.3881,0.8801,-1.1073,0.0451,-1.771,1.0316,-0.8765,0.6285,-2.4878,-0.9136,2.0412,0.147
-0.0765,-1.3182,-0.9695,-0.4443,0.7232,-0.9209,0.1465,-1.5729,1.3856,-1.2213,0.3106,-2.5257,-0.6949,1.8294,-0.2795
0.1037,-1.7842,-0.808,-0.2158,0.7209,-0.7392,0.207,-1.4312,1.5357,-1.0292,1.5975,-2.7349,-0.5129,1.9955,0.1301
-0.4658,-1.4131,-0.8467,-0.1597,0.8691,-0.4031,0.1609,-1.8411,1.244,-1.0146,1.15,-2.4846,-0.836,1.3009,0.2289
-0.2166,-1.6279,-0.6936,-0.3813,0.8502,-0.2239,0.1921,-1.7373,1.3464,-1.2013,0.8799,-2.4601,-1.1034,1.4287,-0.1966
-0.1037,-1.0669,-1.0108,-0.7454,0.9546,-0.1119,0.0737,-1.3274,1.4442,-1.2765,0.3808,-2.6478,-0.8686,1.6068,-0.6074
0.1449,-1.4516,-0.8959,-0.4369,0.9458,-0.522,-0.062,-1.3043,1.7195,-1.5662,-0.1476,-2.6375,-0.3737,1.32,-0.8242
0.197,-1.7859,-0.75,-0.3389,1.1292,-0.4508,-0.086,-1.0986,1.1115,-1.1242,0.1473,-2.9924,-0.5827,0.9633,-0.9451
-0.041,-1.5393,-0.8401,-0.4318,1.2892,-0.6476,-0.0428,-0.8951,1.5562,-0.9749,0.3204,-3.1183,-0.9774,1.0081,-0.8168
0.39,-1.5261,-0.1048,-0.5957,1.0386,-0.6004,0.0649,-0.7894,1.5192,-1.1054,0.5685,-3.1005,-1.2033,0.8243,-0.1688
0.3012,-1.1296,0.4225,-0.7206,1.1909,-0.9015,0.1022,-0.4682,1.5432,-1.0739,0.7913,-2.9481,-1.4518,0.2554,-0.2066
0.1903,-1.1523,0.4228,-0.533,1.3155,-1.0751,0.23,0.2174,1.2904,-1.2243,1.4193,-2.7607,-1.1319,0.2001,0.0394
0.1673,-0.6553,0.5442,-0.7903,1.3998,-0.7773,0.3481,0.0387,0.7767,-1.7377,1.396,-2.5539,-1.1058,-0.1709,-0.0048
0.0651,-0.8329,0.5009,-0.7492,1.4648,-0.6664,0.3986,0.1039,0.5428,-1.1496,1.1556,-2.2681,-1.3515,-0.1234,0.349
-0.0137,-1.0719,0.4654,-0.4603,1.4135,-0.7701,0.5856,0.3264,0.7172,-0.9455,1.3721,-1.8504,-1.3306,0.1163,0.1619
-0.0701,-1.0911,0.8288,-0.3818,1.3878,-0.9246,0.4697,0.2441,0.5354,-0.8051,1.5996,-2.0207,-1.4065,0.0582,2.068
0.2099,-1.0245,0.8215,-0.6276,1.6842,-0.7105,0.5419,-0.0755,0.4003,-0.1856,1.5536,-1.6227,-0.9202,-0.0075,1.6722
-0.2637,-0.9641,0.6249,-0.7169,1.6191,-0.0962,0.369,-0.4156,0.2191,0.3537,1.5585,-1.5383,-1.088,0.4526,1.9341
-0.0607,-1.0317,0.1781,-0.9481,1.5599,-0.7352,0.3125,-0.4938,0.0318,0.3157,1.1046,-1.6165,-0.5861,0.9255,1.9292
0.1076,-0.8238,0.3365,-0.5905,1.3212,-0.7258,0.336,-0.7579,0.1101,-0.0724,1.0488,-1.87,-0.6866,1.375,1.6387
0.228,-1.0457,-0.0793,-0.4769,1.1049,-0.3106,0.2084,-1.281,0.4384,-0.1247,1.0347,-2.1934,-0.3232,2.1184,1.2173
0.3279,-0.898,-0.3719,-0.4436,1.0108,-0.767,0.2193,-1.746,0.7781,-0.3461,1.1583,-2.1909,-0.2195,2.3954,1.22
0.0745,-0.7736,-0.8713,-0.3935,0.9511,-1.1989,0.094,-2.0498,0.382,-0.5315,1.3924,-1.9901,-0.0662,2.4665,0.8106
0.1604,-1.0287,-1.1737,-0.5763,0.9519,-1.5108,-0.038,-2.3906,0.6788,-0.9659,0.9162,-1.8967,-0.6071,2.7685,0.3894
0.3346,-1.562,-1.5754,-0.3718,0.8206,-1.6821,0.0737,-2.0832,1.21,-0.7466,0.7101,-2.0384,-0.1934,2.8518,0.5549
0.4425,-1.0503,-1.3807,-0.686,0.5869,-1.7822,-0.0107,-1.9325,1.4011,-0.6032,0.3237,-2.3074,-0.4067,2.8911,0.4774
0.7185,-1.3323,-1.2855,-0.0217,0.5545,-1.8466,-0.1551,-2.401,1.0457,-1.0532,0.496,-2.5672,-0.1568,2.381,0.29
0.312,-1.4336,-1.9931,-0.4699,0.8081,-1.6037,-0.1463,-1.9862,1.3154,-0.9525,0.4164,-2.7137,-0.1952,2.5326,0.6519
0.3463,-1.3436,-1.9152,-0.4013,0.9058,-1.3391,0.0682,-2.0481,1.5592,-0.9338,0.06,-2.9454,-0.1964,2.3374,0.2704
0.5735,-1.8335,-0.7568,0.1457,0.7232,-1.1158,0.2068,-1.6266,1.8948,-1.137,0.3632,-3.0386,-0.5174,1.8832,-0.1744
0.47,-1.7751,-0.8728,-0.1331,0.6782,-1.2521,0.3177,-1.5305,0.9636,-0.9034,0.5951,-3.2086,-0.5044,1.5861,0.1003
0.4251,-1.4349,-0.9212,-0.1946,0.8872,-1.5228,-0.0819,-1.1723,1.0297,-0.4948,0.6843,-3.0978,-0.5733,1.8883,0.2557
0.379,-1.4391,-0.8448,-0.3806,0.7458,-0.8315,-0.0877,-1.2675,0.9703,-1.0496,0.5796,-3.0267,-0.6115,1.7848,-0.0634
0.2321,-1.4217,-0.6739,-0.2813,0.7673,-0.5065,0.0886,-1.6836,0.9787,-1.2993,0.8522,-3.0417,-0.6511,1.575,-0.2627
0.3111,-1.2322,-1.0686,-0.4371,0.8122,0.2603,-0.0419,-2.0417,0.7244,-1.2543,0.8946,-3.0161,-0.575,1.7026,-0.3002
0.2587,-1.3082,-1.5143,-0.6901,1.122,-0.1002,-0.0038,-2.1969,0.9162,-0.7366,0.4677,-2.8962,-0.3503,1.8999,-0.2231
0.212,-1.4224,-1.6878,-0.6534,0.9035,-0.3378,-0.0312,-1.9924,1.8331,-0.9321,0.3413,-3.2098,-0.5254,2.2442,-0.5789
0.3445,-1.4709,-1.512,-0.6083,0.6806,-0.5683,0.0639,-1.8837,1.6737,-1.4666,-0.0751,-3.1013,-0.6588,2.26,-0.4686
0.7255,-1.8192,-1.0169,-0.4538,0.5947,-0.7128,0.0375,-1.5907,1.4639,-1.5337,0.174,-3.3254,-0.4285,1.7483,-0.7324
0.1471,-1.4167,-0.7906,-0.442,0.7814,-0.8579,0.1742,-2.3202,0.7123,-1.0912,0.5923,-3.362,-0.8573,1.9933,-0.5093
0.2216,-1.5075,-1.3491,-0.7853,0.8487,-0.8081,0.337,-1.8277,1.1863,-1.73,0.8063,-2.9696,-0.6758,2.1704,-0.6602
0.14,-1.2853,-2.1723,-0.6839,0.9991,-0.3529,0.3482,-2.2279,1.2851,-1.2684,0.5976,-2.8734,-0.4679,2.1137,-0.6524
0.512,-1.5496,-1.3772,-0.662,0.7987,-0.4855,0.4119,-2.2467,1.716,-1.4614,0.4751,-2.8834,-0.4264,2.0831,-0.5644
0.6576,-1.3583,-1.2668,-0.5643,0.8072,-0.6144,0.4206,-1.7619,1.4758,-1.0497,0.4178,-2.9059,-0.5078,1.9408,-0.668
0.1354,-1.0073,-1.2163,-0.7756,0.5269,-0.5446,0.4553,-1.748,1.0892,-1.3548,0.3057,-2.9418,-0.9116,1.8675,-0.2342
0.2379,-1.2468,-1.1796,-0.6452,0.6247,-0.3172,0.7508,-1.5393,1.3422,-1.7757,0.4623,-2.9313,-0.5313,2.1154,-0.1428
0.5738,-1.1927,-1.064,-0.6552,0.7599,-0.7554,0.5407,-1.7797,1.3546,-1.7828,0.4206,-3.0195,-0.324,2.0672,-0.3869
0.3492,-1.1938,-0.7498,-0.5553,1.0218,-0.8029,0.4334,-1.8923,1.4137,-1.8114,0.3782,-2.8906,-0.2791,1.7193,-0.5912
0.5601,-1.7051,-1.0212,-0.7742,1.0295,-1.1072,0.4803,-1.5191,1.2889,-1.5126,0.9157,-2.6436,-0.6899,1.6527,-0.5257
0.735,-1.2905,-0.7588,-0.7911,1.1142,-0.915,0.61,-1.47,1.1867,-1.0966,0.9445,-2.6246,-0.399,1.6515,-0.1343
0.7718,-0.9045,-0.5069,-1.0122,1.2047,-1.4553,0.5507,-1.4152,1.3838,-1.0236,0.7522,-2.5215,-0.6376,1.873,-0.0865
0.483,-1.0827,-0.5359,-0.7717,1.5302,-1.4711,0.6987,-1.2322,1.2464,-1.0574,0.8316,-2.6862,-0.5673,2.0247,-0.2924
0.6252,-1.331,-0.727,-0.8253,1.4134,-1.4368,0.8656,-1.2438,0.8917,-1.1112,0.7251,-2.7671,-0.8482,1.7854,-0.1518
0.1761,-1.2081,-0.5958,-1.0176,1.4318,-1.3782,0.8516,-0.9437,1.2156,-1.0868,0.7157,-2.7194,-0.7003,1.1101,-0.6459
0.5122,-1.3688,-0.5579,-0.3908,1.3603,-1.4564,0.7918,-0.5255,1.7356,-1.5744,1.216,-2.6158,-0.8243,1.0908,-0.5812
0.975,-1.1275,0.1429,-0.8839,1.3242,-2.0901,0.6734,-0.3317,1.1736,-1.3013,0.9244,-2.4412,-1.0039,0.7158,-0.2199
0.9373,-0.76,0.3347,-1.2072,1.395,-1.7193,0.8772,-0.0831,0.7135,-1.3434,1.1709,-2.5247,-1.1127,0.6745,-0.2129
0.6481,-0.8944,0.5847,-0.946,1.4321,-1.6494,0.9352,0.0119,0.74,-1.3043,1.2669,-2.4077,-0.9877,0.6211,-0.1046
0.3274,-0.6537,0.2857,-1.3882,1.5503,-1.6617,1.1424,-0.0913,0.3214,-1.1263,1.1803,-2.2835,-0.9555,0.4885,-0.1477
-0.8335,-1.1784,-0.1124,-1.3832,1.6751,-0.6561,1.2115,-0.5012,0.2209,-1.216,0.7008,-2.1746,-1.0597,0.457,-0.1053
-0.3133,-1.4285,-0.58,-1.0382,1.3514,-0.5952,1.3456,-0.7842,0.4584,-1.2719,0.9633,-2.4973,-1.2374,0.2889,-0.1699
-0.0131,-1.2037,-0.3372,-0.7324,1.1632,-0.5982,1.1368,-0.5477,0.7719,-1.2522,1.1282,-2.2154,-1.4219,0.744,0.0928
0.5862,-1.2985,-0.037,-0.855,1.2736,-1.1739,1.2334,-0.172,0.8967,-1.2119,1.4709,-2.2456,-1.2364,0.7473,0.3591
0.3416,-0.8958,0.0029,-0.6531,1.2974,-1.426,1.3866,-0.2216,1.0216,-1.0005,1.4633,-2.1316,-0.9154,0.8022,0.3581
0.4487,-0.932,-0.17,-0.6092,1.4823,-1.3469,1.369,-0.3508,0.5807,-0.7443,1.8656,-1.9779,-0.7754,0.8844,0.6704
0.4362,-0.5131,0.2642,-0.9496,1.2143,-1.4136,1.2688,-0.9797,0.8433,-0.5972,2.1295,-1.8005,-0.5658,0.9608,0.7677
-0.0132,-0.8483,-0.365,-1.0496,1.2699,-0.9978,1.2096,-1.5087,0.1524,-0.9999,1.6807,-1.4246,-0.5323,1.0169,0.8267
0.1275,-0.9439,-0.8906,-0.8291,1.117,-1.4609,1.3055,-1.5981,0.6148,-0.8798,1.0165,-1.2072,-0.781,1.2577,0.7458
0.3381,-1.3487,-0.8021,-0.9297,0.9832,-1.5022,1.2134,-1.3302,1.0418,-1.0686,0.9452,-1.5546,-0.6543,1.617,0.8279
0.4407,-1.5031,-0.6956,-0.3471,1.2134,-1.827,1.0059,-1.2202,0.951,-0.87,1.0529,-1.6942,-0.5627,1.8357,1.0804
0.3757,-1.0858,-0.3542,-0.5792,1.1656,-1.8509,1.0928,-1.2851,1.3088,-0.1216,1.0387,-1.812,-0.6413,1.7508,0.9968
0.2573,-1.1149,-0.4411,-0.6653,0.8568,-1.6005,1.195,-1.4274,0.8585,-0.5656,1.0746,-1.9343,-0.4062,1.7588,0.8597
0.1322,-1.1933,-0.626,-0.9376,0.9889,-1.6187,0.906,-1.394,0.7369,-0.8287,0.7192,-1.9283,-0.767,2.0754,0.4884
-0.1761,-1.3653,-1.0404,-0.681,1.149,-1.641,0.9911,-1.4074,0.0696,-0.9631,1.0385,-2.1407,-0.8137,2.0082,0.5083
0.0543,-1.2884,-1.1201,-0.7253,1.1058,-1.6021,1.0594,-1.719,0.8721,-1.3506,0.9981,-2.1142,-0.6014,2.1431,0.1934
0.4153,-1.4725,-1.1222,-1.1464,1.137,-2.0464,1.1481,-1.7852,0.9887,-1.0158,0.5695,-2.0896,-0.9749,2.2455,0.2035
0.6292,-1.4215,-0.8727,-1.3143,1.0131,-2.2436,0.9666,-1.5321,1.2957,-1.0155,0.2457,-2.1686,-0.7128,2.6689,0.0405
0.869,-1.0616,-0.5709,-1.3259,1.3567,-2.2937,0.9454,-1.542,1.5117,-1.0227,0.1618,-2.277,-0.8371,2.6176,-0.1693
0.6039,-1.1125,-0.4242,-1.3443,1.2801,-2.4466,0.9289,-1.3404,0.9865,-0.9562,-0.0331,-2.3996,-0.8561,2.2224,0.2262
0.3357,-1.4816,-0.7487,-0.9138,1.4287,-2.3081,0.8065,-1.1955,1.1024,-0.8585,0.3549,-2.6721,-1.138,1.6593,0.2253
0.5421,-1.5076,-0.6849,-0.5889,1.3331,-2.422,0.8964,-0.8399,1.59,-1.1685,0.8627,-2.5596,-1.3258,1.2412,-0.3903
0.4283,-1.4093,-0.6385,-0.7465,1.4193,-1.7733,0.8805,-0.725,0.938,-0.9691,0.6907,-2.394,-1.1656,1.1655,-0.2144
0.6573,-1.3028,-0.0094,-0.8403,1.7621,-2.1993,1.0148,-0.389,1.1224,-1.2602,1.1805,-2.2894,-1.5169,0.7856,-0.2722
0.0698,-1.0716,0.0415,-0.7597,1.8146,-1.7681,0.9981,-0.5692,0.7728,-1.0214,1.3008,-2.1723,-1.1502,0.7492,0.038
-0.4479,-0.9627,-0.6421,-1.0407,1.9017,-0.8403,1.0516,-0.8772,0.2883,-0.669,1.1664,-2.0576,-0.9942,0.7379,0.6663
-0.1469,-1.5233,-0.4753,-0.7033,1.8428,-1.2076,1.1524,-1.1104,0.7701,-0.8361,1.2577,-1.9647,-1.0905,0.9971,0.5509
0.417,-1.1531,-0.9762,-0.8037,1.5738,-1.709,1.077,-0.9331,0.9085,-0.8286,1.1271,-1.787,-0.7804,0.9672,0.5963
0.3566,-1.0757,-0.8588,-0.7517,1.2872,-2.0907,1.1493,-1.0907,0.9386,-1.1171,1.0873,-1.7896,-0.7582,0.8216,0.2894
1.1821,-0.9571,-0.1499,-0.8343,1.3269,-1.949,0.9629,-1.0279,1.1664,-1.254,1.2716,-1.8793,-0.7625,0.8565,-0.1508
1.0019,-0.5541,-0.0996,-0.805,1.4987,-2.216,0.891,-0.857,0.3997,-0.7201,1.0452,-1.7736,-0.8424,1.3159,0.1134
0.0923,-0.7624,-0.3376,-0.7631,1.3656,-1.8301,0.8454,-1.0027,0.0597,-0.8456,0.7274,-1.8918,-0.6232,1.5441,0.0207
-0.233,-0.9403,-0.786,-0.7291,1.5393,-1.6866,0.9,-1.1627,0.2793,-1.0449,0.8395,-1.8246,-0.5826,1.6603,0.3292
-0.0923,-1.1156,-1.0159,-0.7072,1.6599,-1.3273,0.8457,-1.606,0.5934,-1.372,0.4636,-1.8656,-0.3333,1.6348,0.2012
0.1071,-1.3448,-1.3026,-0.5476,1.6327,-1.4236,0.8994,-1.6953,0.8975,-1.2074,0.8431,-2.0317,-0.5701,1.1994,0.9863
0.2723,-1.7395,-0.9945,-0.9271,1.5957,-1.4604,0.9468,-1.6864,0.8469,-0.9922,0.5658,-2.0688,-0.6083,2.1225,0.4118
0.2809,-1.3837,-1.1708,-0.8015,1.5782,-1.5814,1.0018,-1.6976,0.9387,-0.7699,0.7242,-2.0526,-0.6845,1.8887,0.1325
0.3741,-1.2854,-1.0713,-0.8968,1.4644,-1.7697,0.9894,-1.74,0.5387,-0.6158,0.2633,-1.9709,-1.2813,1.873,0.1892
0.1494,-1.3667,-1.0352,-0.7457,1.5612,-1.4528,0.8341,-1.4165,0.6633,-0.9233,0.7163,-2.1706,-1.2743,1.8045,0.3055
-0.007,-1.3879,-0.8917,-0.3812,1.5816,-1.097,1.0571,-1.4097,0.9168,-1.0191,1.0651,-2.0928,-1.161,1.5728,0.3528
0.2121,-1.432,-0.9536,-0.128,1.4373,-1.4639,1.0376,-1.3853,0.808,-1.5122,0.9683,-1.9701,-0.7867,2.113,0.1763
0.3975,-1.322,-0.9931,-0.8416,1.4928,-1.1169,0.9621,-1.9978,0.427,-1.3015,0.8671,-2.129,-0.0265,1.7893,0.265
0.7431,-1.5869,-1.3657,-0.6835,1.4656,-1.4943,0.7793,-2.0527,0.4148,-0.7067,0.9226,-1.9676,0.0119,1.5869,0.3387
0.6211,-1.3773,-1.5914,-0.9578,1.1864,-1.8103,0.8214,-2.1328,0.5644,-0.5536,0.5292,-1.9164,-0.176,1.9677,0.2837
0.4069,-1.348,-2.0074,-0.9106,1.0079,-2.0284,0.7609,-1.8912,0.7947,-0.9103,0.6139,-1.9931,-0.6047,2.1172,-0.0762
0.7298,-1.3859,-1.6556,-0.9606,1.0766,-1.4597,0.6489,-1.944,1.0551,-1.4011,0.824,-2.0659,-0.8995,2.3553,-0.2595
0.7335,-1.2739,-1.5921,-0.8277,1.3792,-1.795,0.4416,-2.2395,0.7137,-1.27,0.4084,-2.0502,-0.7614,2.1017,-0.4044
0.7893,-1.1478,-1.3144,-0.7055,1.1407,-1.7753,0.5773,-2.0005,0.982,-1.2619,0.4045,-2.0564,-0.5472,2.0159,-0.6575
0.312,-1.4991,-1.3555,-0.9464,1.1353,-2.1997,0.701,-1.5582,0.8996,-1.666,0.556,-2.1772,-0.3559,1.534,-0.8629
0.3916,-1.5281,-1.0617,-0.4581,1.3959,-1.7843,0.7377,-1.4555,0.9681,-1.8798,0.9675,-2.2579,-0.1947,1.443,-0.7288
0.6042,-1.6524,-0.6423,-0.5092,1.371,-2.2625,0.624,-1.1766,0.99,-1.7673,1.532,-2.2324,-0.5043,1.1519,-0.6793
0.4018,-1.4203,-0.0788,-0.8346,1.3898,-1.8244,0.4641,-1.7337,0.4275,-1.367,1.8277,-1.8378,-0.6951,0.9438,-0.096
0.497,-0.3037,-0.4785,-2.1479,1.5703,-1.8585,0.4415,-1.6809,0.0503,-0.939,0.8848,-1.4392,0.0629,1.2527,-0.4259
0.434,-0.8361,-0.8036,-1.5945,1.6124,-1.4932,0.5218,-1.8544,0.0418,-1.4691,1.0623,-1.4575,0.1628,1.89,-0.2445
0.6777,-0.9971,-0.9026,-1.2349,1.677,-2.1949,0.7145,-2.0121,0.0841,-1.2096,1.0213,-1.5854,0.1577,1.9818,-0.1867
0.4822,-1.0023,-1.3197,-1.2614,1.6573,-2.04,0.9,-2.0937,0.2159,-1.0143,1.107,-1.7224,-2.3329,1.769,0.0029
0.3647,-1.1433,-1.502,-1.0408,1.6854,-1.9807,0.7214,-1.1342,0.6362,-1.443,1.0382,-1.8218,-1.583,1.6702,-0.5117
0.1393,-1.3346,-0.6625,-0.9118,1.4836,-2.1706,0.7608,-0.8159,0.9691,-1.6499,1.0434,-1.8831,-1.1829,0.9117,-0.3055
0.4095,-1.3423,-0.3622,-1.2434,1.7532,-2.1015,0.6267,-0.6205,0.7691,-1.9772,1.0377,-1.9603,-0.9764,0.949,-0.4013
-0.0254,-1.3057,0.2381,-1.0673,1.8872,-2.2707,0.6514,-0.2736,0.4633,-1.5556,1.5361,-1.8931,-1.2182,0.7986,0.0459
0.2673,-1.311,0.4095,-1.5045,1.8225,-2.1491,0.7899,0.2307,0.3387,-1.684,1.7136,-1.7517,-0.5168,0.7016,0.2585
0.5117,-1.2855,0.6111,-1.0114,2.0326,-1.6875,0.8968,-0.5439,-0.1591,-1.2427,2.4804,-1.4658,-0.5323,0.4045,1.2058
0.2334,-0.7091,0.3865,-1.0061,2.1262,-1.4219,0.8258,-1.2559,-0.6022,-0.6293,2.4433,-1.0394,-0.6187,0.5837,1.2515
-0.0276,-0.6799,0.0087,-1.0639,2.1985,-1.4127,1.0317,-1.5631,-1.028,1.0535,1.8434,-0.8547,-0.3773,1.2166,1.3156
0.2514,-0.9045,-0.4806,-0.9572,1.8204,-1.5359,0.9436,-1.8785,-0.8643,0.1246,1.8798,-0.878,-0.2429,1.6013,1.4643
0.4692,-1.4764,-1.3102,-1.0004,1.6965,-1.4302,1.0341,-2.2207,-0.3652,-0.0395,1.3379,-0.9606,-0.8379,2.0213,1.2043
0.1836,-1.5321,-1.3947,-0.914,1.4301,-1.5679,0.9752,-2.1738,-0.0746,0.1894,0.7587,-1.2867,-0.3156,2.6477,1.0399
-0.1895,-1.864,-1.7692,-0.8042,1.3212,-1.4529,0.8467,-2.3785,0.3833,-0.6992,0.659,-1.5755,0.0572,2.3969,0.9978
0.0825,-1.9014,-2.132,-0.2907,1.2729,-1.9063,0.7264,-2.5767,0.6823,-0.8198,0.398,-1.7108,0.2187,2.6044,0.4327
0.1109,-1.5286,-2.0266,-0.8356,1.156,-1.7832,0.7497,-2.2628,0.9978,-0.9622,0.222,-2.0787,0.3107,2.4872,0.076
0.3978,-2.058,-1.7176,-0.6898,1.0245,-2.0376,0.5515,-1.9978,1.0686,-1.6319,0.9428,-2.3324,0.2012,2.2281,-0.2921
0.111,-1.7463,-1.1043,-1.2016,1.1543,-1.6816,0.4325,-2.1545,0.7602,-1.3337,0.8435,-2.2715,0.0595,2.3163,-0.3614
0.1508,-1.7841,-1.692,-0.9488,1.3034,-2.0786,0.4766,-1.9704,1.2721,-1.2452,0.3399,-2.1247,-0.1293,2.3311,-0.6625
0.3913,-1.7286,-1.7288,-0.8862,1.2417,-2.2064,0.4736,-1.5236,1.4352,-1.7421,0.545,-2.2727,-0.8529,2.6624,-0.9887
0.3958,-1.7902,-1.3963,-0.6734,1.2181,-1.5124,0.4685,-1.8454,1.6163,-2.1104,0.9399,-2.1226,-0.6187,1.8138,-1.0998
0.3516,-1.639,-1.2403,-1.1369,1.3122,-1.4187,0.3802,-1.6978,1.3616,-1.8558,0.7572,-1.9135,-0.4455,1.5542,-1.3064
0.6302,-1.7292,-1.1807,-1.1015,1.4674,-1.4837,0.1451,-1.5264,1.3322,-1.8996,0.4229,-1.8681,-0.345,1.8214,-1.3627
0.1049,-1.6767,-1.2509,-1.1344,1.3543,-1.4516,0.3007,-1.2817,1.2956,-1.6279,0.2248,-1.8792,-0.3295,1.0401,-1.6055
0.3627,-1.8651,-0.9348,-0.8596,1.6364,-1.2837,0.3751,-0.8605,1.5775,-2.1513,0.5295,-1.9693,-0.6913,0.7413,-1.5345
0.342,-1.8826,-0.4062,-0.6236,1.6945,-1.284,0.5182,-0.4951,1.6427,-1.7815,1.1517,-2.0379,-0.9865,0.4718,-0.9151
0.7148,-2.0405,-0.1138,-0.591,1.4129,-0.9746,0.5476,-0.117,0.8649,-1.8282,1.6488,-1.9459,-1.0228,0.297,-0.5211
0.4686,-1.0782,0.2789,-0.7539,1.8105,-1.1007,0.5988,-0.4242,0.694,-1.4594,1.5706,-1.498,-1.0384,0.0039,-0.3293
0.3926,-1.1147,0.0275,-0.8749,1.9088,-0.6508,0.703,-0.2954,0.7295,-1.6055,1.6657,-1.3305,-1.0262,-0.1139,-0.2734
0.8589,-1.0616,0.6355,-0.8163,2.1089,-1.0144,1.0172,-0.3896,0.4784,-1.4301,1.8659,-1.1537,-0.7811,-0.251,0.0421
0.6704,-1.0126,0.6353,-1.1302,2.2505,-1.4013,1.0765,-0.2821,0.157,-0.4262,1.8053,-0.9521,-1.1372,0.161,0.7072
0.4582,-0.8002,0.285,-1.127,2.4061,-1.541,1.139,-0.1647,0.2648,-0.4845,1.4974,-0.7344,-0.8722,0.2223,0.7142
0.4145,-1.0092,0.712,-1.2486,2.3591,-1.6399,1.1676,-0.5348,0.1464,-0.5521,1.2571,-0.7601,-1.025,0.065,0.9481
0.3362,-1.0338,0.2784,-1.2402,2.3087,-1.7074,1.0413,-0.2174,0.2409,-0.53,1.3646,-0.934,-0.796,0.4589,1.086
0.108,-1.2899,0.1405,-1.4632,2.1273,-1.6223,1.1689,-0.1031,0.2,-0.7395,1.0328,-0.8244,-0.842,0.4382,0.5034
0.4289,-1.5681,0.0262,-1.2054,2.0548,-1.8902,0.9075,-0.1639,0.4448,-0.7301,1.3157,-0.9391,-0.9115,0.805,0.7193
0.1296,-1.5715,0.1506,-1.1456,2.1278,-1.7271,1.0975,-0.4296,0.6469,-0.6244,1.2979,-0.8225,-1.1297,0.4712,0.7145
0.1312,-1.2796,0.4282,-1.2862,2.1565,-1.6998,0.9291,-0.326,0.3804,-0.6248,1.2606,-1.051,-0.9733,0.2442,0.684
0.1019,-1.2007,0.1837,-1.3153,2.1008,-1.3503,0.859,-0.4534,0.078,-0.9842,1.5034,-0.8052,-0.9139,0.0993,0.2959
-0.192,-1.2024,0.1929,-1.2672,2.1611,-1.6457,0.8555,-0.4412,0.225,-0.9731,1.5402,-0.8827,-0.9006,0.2925,0.9194
-0.0007,-1.0571,0.2692,-1.5525,2.0794,-1.5094,0.8504,-0.7156,0.2791,-0.8157,1.3426,-0.7195,-0.7118,0.2728,0.9725
0.223,-1.1886,0.0872,-1.343,1.7097,-1.6524,0.9412,-0.6263,0.154,-0.7986,1.3443,-0.8093,-0.7251,0.6152,0.7651
0.1804,-1.0136,0.4829,-1.2808,1.8525,-1.2909,0.8623,-0.9145,0.2144,-0.8627,1.6783,-1.0237,-0.8885,0.9461,0.8094
0.2976,-1.2248,0.1068,-1.2794,1.5543,-1.4935,1.0099,-1.1798,0.1681,-0.9848,1.4285,-0.8069,-0.6824,0.7139,0.6519
0.1758,-0.9868,-0.1838,-1.1314,1.8001,-1.2375,0.7963,-1.484,0.3304,-1.0467,1.1962,-0.9397,-0.7015,1.0982,0.4082
0.4521,-1.1006,-0.1334,-0.8894,1.9158,-1.586,0.9492,-1.5824,0.5508,-1.13,1.1166,-1.112,-0.7123,1.1575,0.2343
0.3706,-1.1568,-0.3476,-1.1836,1.7177,-1.9532,0.8922,-1.0019,0.6061,-1.3311,0.7916,-1.1278,-1.2263,1.2242,0.2692
0.3887,-1.0986,0.0618,-1.0211,1.6465,-2.1053,1.0434,-0.5466,1.1255,-1.2141,1.5311,-1.3542,-1.0461,1.0576,0.127
0.3265,-1.15,0.7923,-0.9514,1.7458,-2.072,1.1138,-0.6032,0.8489,0.0314,1.6581,-1.0601,-0.5707,0.93,0.8271
0.1941,-1.0761,0.637,-1.0084,1.778,-2.0025,1.0219,-0.498,0.1685,-0.2584,1.9015,-0.9395,-0.8027,1.2191,1.0504
0.1115,-0.852,0.3145,-0.9086,1.8906,-2.1812,0.9207,-0.7754,-0.0369,-0.3767,1.7388,-0.8572,-0.714,1.3166,0.9981
-0.4071,-0.9012,-0.4164,-0.9808,1.9263,-1.8224,1.2027,-1.2436,-0.171,-0.6343,1.059,-0.7428,-0.9656,1.4252,0.6688
0.2483,-1.2019,-0.532,-0.8417,1.8816,-2.0214,1.0661,-0.9092,0.6905,-1.0174,1.2711,-1.2691,-0.7528,1.8119,0.6004
0.1396,-1.0418,-0.0561,-0.7581,1.6283,-2.2401,1.0897,-0.7791,0.7637,-0.8197,1.3741,-1.2632,-0.7442,1.5677,0.7562
-0.141,-1.1909,0.0466,-0.7758,1.7487,-1.933,0.9847,-0.9906,0.5553,-0.8472,1.211,-1.0593,-0.6048,1.4219,0.5166
-0.5382,-1.5996,0.1777,-0.5045,1.7646,-1.5044,1.0844,-1.194,0.2134,-0.8278,2.004,-1.3221,-0.5604,1.3807,0.6452
-0.2088,-1.3921,-0.4972,-0.7291,1.8858,-1.9999,0.962,-1.3973,0.4249,-0.8429,1.4537,-1.0406,-0.5355,1.0285,0.5878
-0.0134,-1.3463,-0.5448,-0.6747,1.8068,-1.7044,1.0162,-1.2297,0.7904,-0.7732,1.2055,-0.9736,-0.4124,1.052,0.4186
0.1558,-1.2462,0.2329,-0.9126,1.6856,-1.5829,0.8647,-1.1169,0.8037,-0.9442,1.6652,-1.0615,0.1293,1.037,0.6299
0.0438,-0.8804,0.4047,-0.6365,1.4946,-2.0495,0.6144,-1.3804,0.2971,-0.5636,1.741,-1.031,-0.1243,0.8812,1.0638
-0.1201,-0.9514,-0.1033,-0.5885,1.5602,-1.8089,0.7666,-1.3635,0.0131,-0.942,1.8303,-0.8925,-0.171,1.1602,1.0105
-0.2239,-0.9124,-0.1796,-0.6886,1.6327,-1.6927,0.7655,-1.465,0.333,-1.0732,1.4866,-1.0112,-0.542,1.7182,0.647
0.0401,-1.1724,-0.271,-0.7971,1.669,-1.6838,0.7439,-1.5946,0.5189,-1.0905,1.4821,-0.8806,-0.2828,2.0384,0.2846
0.1172,-0.8543,-0.4997,-0.8135,1.4813,-1.7572,0.6215,-2.0179,0.1697,-1.0525,1.396,-0.8995,0.1802,1.9027,0.8501
-0.3988,-0.9723,-0.9799,-1.025,1.4465,-1.5138,0.7179,-2.3431,0.1361,-1.0248,1.2507,-0.9853,0.1471,2.4883,0.5994
-0.5075,-1.4597,-1.7067,-0.684,1.3757,-2.1134,0.6276,-2.5643,0.685,-0.8276,1.3884,-1.011,0.336,3.006,0.8235
-0.0068,-1.7857,-1.5834,-0.7743,1.1967,-2.2494,0.6461,-2.7246,0.9237,-0.6752,0.5576,-0.7963,0.25,2.9378,0.7521
-0.1724,-1.6119,-1.6213,-0.5897,0.9947,-1.9377,0.6553,-2.6289,1.2728,-0.6308,1.0527,-1.3681,0.2064,3.4241,0.5384
-0.1976,-1.7623,-1.6537,-0.8563,0.8885,-2.2956,0.5978,-2.9281,0.9415,-1.0326,0.7301,-1.334,0.3331,3.297,0.0492
-0.2238,-1.5893,-2.0625,-0.5001,0.965,-2.1076,0.7689,-2.7646,1.2131,-1.1495,0.3463,-1.4145,0.1781,3.7134,-0.1974
-0.0543,-1.7967,-1.8365,-0.7426,1.0493,-1.9236,0.5559,-2.809,1.1475,-1.1779,0.3443,-1.7578,0.2765,3.5983,-0.5941
-0.1506,-1.7197,-1.6201,-0.865,1.0016,-1.8751,0.4328,-2.8498,1.3055,-1.1413,-0.8016,-1.7462,0.2195,3.4179,-0.8301
-0.3674,-1.9778,-1.9389,-0.6373,0.9734,-2.436,0.4265,-2.1488,1.5596,-1.4063,-0.4785,-2.3833,-0.0126,3.2865,-1.1259
-0.2347,-2.0428,-1.9823,-0.3224,0.9426,-2.4657,0.3104,-1.8886,1.8025,-1.7663,0.2283,-2.5913,-0.23,2.8904,-1.12
-0.5516,-1.7549,-1.7356,-0.395,1.0058,-2.1373,0.4542,-1.6713,1.729,-1.7425,0.5427,-2.4088,-0.31,2.6628,-1.0656
0.2579,-1.6147,-0.9552,-0.362,1.0568,-2.1692,0.6662,-1.497,1.5511,-1.9449,0.5369,-2.2016,-0.6461,2.1622,-1.0845
-0.0307,-1.5396,-0.8505,-1.0571,1.0758,-1.7483,0.5174,-0.905,1.1237,-1.994,0.2613,-2.1016,-0.5475,1.2702,-1.1932
-0.9169,-1.5492,-0.519,-0.7647,1.0151,-1.8075,0.6151,-0.7118,1.308,-2.3027,0.7639,-1.9603,-0.3047,1.0918,-1.4081
-0.5119,-1.5414,-0.505,-0.5865,1.4242,-1.5518,0.5513,-0.7499,1.2648,-2.5786,1.0091,-1.5015,-0.5618,0.7852,-1.2374
-0.1875,-1.6126,-0.2067,-0.4999,1.5241,-1.3853,0.5626,-0.6384,0.9484,-1.7525,1.3544,-1.4735,-1.1201,0.3717,-1.0255
-0.046,-1.198,0.072,-0.6275,1.7194,-1.4448,0.4857,-0.0513,0.7752,-1.2866,1.4703,-1.3551,-0.8673,0.3005,-0.7291
0.3443,-0.8745,0.2642,-1.0382,1.7849,-1.5665,0.5841,-0.2897,0.2972,-0.719,1.3165,-1.0962,-0.6931,0.2328,-0.573
0.0929,-0.9218,-0.3505,-0.8684,1.4431,-1.5818,0.6941,-0.2799,0.2682,-0.7543,1.3557,-0.8773,-0.9145,0.4771,-0.4985
0.1186,-0.9482,-0.2431,-0.526,1.3857,-1.6561,0.5931,-0.1917,0.6303,-1.1962,1.9186,-1.0298,-1.5233,0.9632,-0.3708
-0.1668,-0.576,0.0226,-0.7206,1.4759,-1.5452,0.2525,-0.333,0.3057,-1.1988,1.9568,-0.6815,-1.2171,0.8701,-0.1844
-0.3035,-0.438,-0.2195,-1.3085,1.5533,-1.0378,0.186,-0.6959,-0.0798,-1.2901,1.3857,-0.5399,-1.586,1.1189,-0.3898
-0.5136,-0.8909,-0.5877,-0.8511,1.6359,-1.1334,0.3394,-1.1105,0.1855,-1.2559,1.5663,-0.6922,-1.1769,1.1389,-0.4675
-0.3905,-0.9312,-0.839,-0.6009,1.7748,-1.2677,0.4696,-1.0486,0.4353,-1.329,1.3523,-0.7964,-1.1834,1.1751,-0.4478
-0.5036,-1.2393,-0.8293,-0.4893,1.6964,-1.8666,0.5669,-0.7749,0.589,-1.2814,1.2894,-0.8057,-0.6428,0.913,-0.5084
-0.4284,-1.1297,-0.0731,-0.8091,1.5712,-1.7439,0.6208,-0.6815,0.3858,-1.0947,1.4131,-0.9468,-0.781,0.6863,-0.1642
0.0512,-0.8975,0.0733,-0.7759,1.9014,-1.2861,0.6681,-0.9193,0.3466,-1.1083,0.8767,-0.831,-0.9896,1.2,-0.2518
-0.0799,-0.7918,-0.1119,-0.7986,1.7919,-1.561,0.7458,-0.7787,0.0103,-0.5958,1.3669,-1.1343,-0.8104,1.2974,-0.1564
0.1032,-0.6554,-0.2669,-0.5743,1.6645,-1.5879,0.8388,-0.9562,0.226,-0.5454,1.475,-1.07,-0.9075,1.3559,0.1613
-0.1146,-0.8141,-0.6188,-0.5961,1.3972,-1.4922,0.7567,-1.2623,0.3107,-0.7042,1.4541,-0.86,-1.2574,1.5256,0.5345
-0.1349,-1.0034,-1.0008,-0.4734,1.0271,-1.4613,0.7276,-1.2889,0.6348,-1.0047,1.1848,-0.9687,-1.1737,1.3565,0.3544
-0.2516,-1.2807,-0.7757,-0.6417,1.0882,-1.2004,0.4941,-1.3465,0.2018,-1.1917,1.2212,-1.2598,-0.5383,1.3227,0.1931
-0.0714,-1.1777,-0.8044,-0.9295,0.8529,-1.2424,0.6458,-1.7515,0.1729,-1.17,1.2197,-1.0614,-0.6283,1.5579,-0.0147
-0.1635,-1.2877,-1.0163,-0.7556,0.9779,-1.1752,0.3563,-2.1054,0.4402,-1.3848,0.815,-0.7649,-0.2501,1.8401,-0.2946
-0.1466,-1.4348,-1.6394,-0.2887,1.0314,-1.5597,0.3767,-2.3954,0.565,-1.16,1.335,-0.9741,-0.0565,2.3116,-0.0884
0.2241,-1.0151,-1.1923,-0.5797,0.965,-1.8086,0.4757,-2.6203,0.776,-0.9225,1.2975,-0.9875,-0.0297,1.7263,-0.1147
0.5552,-1.0837,-1.347,-0.1305,1.108,-1.9211,0.561,-2.6889,0.4152,-0.6394,1.3268,-0.8176,-0.2297,1.7723,-0.106
-0.1768,-1.2801,-1.5607,-0.2692,1.033,-1.7818,0.6756,-2.261,0.6406,-0.3962,1.2984,-0.8902,-0.7879,2.3529,0.3008
-0.0473,-1.3003,-1.6194,-0.1894,0.8841,-1.5901,0.8151,-2.3607,0.5527,-0.9676,1.4008,-0.8469,-0.1765,2.5611,-0.1012
0.2217,-1.1799,-1.501,-0.4437,0.8308,-0.7055,0.4642,-3.0662,0.31,-0.8982,1.75,-0.9044,-0.2547,2.7401,0.2311
-0.0272,-1.1449,-2.0629,-0.896,1.0107,-1.2732,0.3797,-3.4163,0.1149,-0.7542,1.2307,-0.9168,-0.1737,2.9629,0.186
0.6853,-1.3991,-2.3492,-0.8135,0.9635,-2.1089,0.4674,-2.9425,0.8927,-0.9731,0.969,-0.8547,-0.1774,3.402,0.1212
0.0128,-1.2171,-2.4049,-0.9903,0.6907,-1.8959,0.6077,-2.9293,1.0781,-1.0612,0.5265,-0.9718,-0.2612,3.4925,-0.1944
0.2393,-1.2162,-2.3925,-0.7943,0.5194,-2.1063,0.3072,-2.6963,1.161,-1.6291,0.6825,-1.3834,-0.0382,2.863,-0.4536
0.0966,-1.6363,-3.0029,-0.7901,0.4584,-2.0698,0.1853,-2.3726,1.3398,-1.9645,-0.0964,-1.4314,-0.005,2.7635,-1.2121
0.0918,-1.6325,-2.4567,-0.2165,0.185,-1.9431,0.0484,-2.205,1.9288,-2.4194,0.0751,-1.8186,-0.4996,2.7006,-1.7195
-0.1093,-1.5789,-2.3729,-0.3059,0.3773,-1.425,0.0036,-2.0185,1.8449,-2.6269,0.2734,-2.006,-0.3511,2.0962,-1.7759
0.4536,-1.9227,-1.9219,-0.0509,0.5932,-1.9061,-0.1191,-1.5576,1.6217,-2.6452,0.4279,-1.8441,-1.1518,1.4757,-1.9453
0.1787,-1.7092,-1.2012,0.5015,0.7335,-1.7707,-0.1729,-0.9029,1.6245,-2.4767,1.2393,-1.7414,-1.1461,1.0059,-1.958
0.124,-1.4039,-0.8987,0.6045,0.941,-1.8233,-0.0344,-0.6489,1.1125,-2.5358,1.7448,-1.4789,-0.8535,0.3385,-1.4921
-0.0164,-1.4054,-0.7715,-0.0279,1.3247,-1.6341,0.1819,-0.9318,0.3971,-1.5897,1.7992,-1.0069,-0.962,0.3979,-1.0008
0.2181,-1.361,-1.2453,-0.3268,1.3163,-1.8596,0.3593,-0.625,0.6562,-1.6175,1.7977,-0.6148,-0.7238,0.6848,-0.5847
0.2933,-1.0923,-0.9919,-0.9066,1.3278,-1.9218,0.3943,-0.6259,0.4502,-1.2175,1.2523,-0.4555,-0.6075,0.7264,0.0371
-0.0936,-1.0813,-0.8227,-0.8858,1.0416,-1.6295,0.2253,-0.458,0.5308,-1.5183,0.8636,-0.4876,-0.9303,0.8491,-0.1898
0.0943,-1.4528,-0.8326,-0.7959,1.654,-1.5089,0.0512,-0.2672,0.6445,-1.6867,0.979,-0.7519,-0.856,1.1929,-0.2889
0.2247,-1.2055,-0.2814,-0.6266,1.6989,-1.3981,0.2706,-0.644,0.4692,-1.6863,1.2237,-0.9482,-1.2439,0.6362,-0.3607
0.4863,-1.594,-0.4361,-0.1339,1.7607,-1.9763,0.4612,-0.0873,0.5438,-1.6004,1.6019,-0.4553,-1.2434,0.6035,-0.2449
0.6101,-1.5005,-0.2866,-0.3496,1.6918,-2.2177,0.5854,-0.0831,-0.0494,-1.0053,1.7993,-0.5534,-1.0153,0.5011,0.3102
0.5292,-0.6775,-0.6031,-0.7394,1.5617,-2.7156,0.6498,0.2952,-0.0753,-0.6661,1.733,-0.2662,-1.2777,0.6126,0.2993
0.4737,-1.1542,-0.173,-1.1526,1.2722,-1.9369,0.6521,-0.0604,-0.073,-1.2941,1.7586,-0.2917,-0.7629,0.8863,0.5496
0.3017,-0.9639,-0.3069,-0.762,1.5539,-1.6726,0.436,-0.8217,-0.2873,-0.9792,1.0351,-0.2965,-0.4833,1.075,0.3863
0.2189,-1.22,-0.394,-0.7363,1.674,-0.8482,0.3952,-1.3172,-0.4435,-0.6546,1.2724,-0.8165,-0.2902,1.4032,0.5935
0.5629,-1.4036,-1.1134,-0.5706,1.4388,-0.8645,0.601,-1.7359,-0.3136,-0.5818,1.1067,-0.7068,-0.4629,1.7906,0.4793
0.4547,-1.4296,-1.2741,-0.6077,1.3135,-1.1103,0.6157,-2.0034,-0.1194,-0.4405,0.9368,-0.6835,0.2323,2.3131,0.6352
0.404,-1.4281,-1.8916,-0.3962,1.1308,-1.3835,0.4701,-2.3663,-0.0689,-0.6952,1.1367,-0.93,0.2376,2.7105,0.6038
0.3917,-1.1605,-2.3045,-0.0567,1.0942,-1.5175,0.6646,-2.7992,0.1256,-0.6063,0.9978,-0.8195,-0.0315,2.9621,0.5349
-0.8716,-1.3451,-4.0212,-0.3999,1.0382,-0.9764,0.478,-2.9356,0.4253,-0.8657,-0.2516,-0.4227,0.3265,2.8902,0.0398
0.0719,-2.1042,-3.2858,-0.4186,0.5543,-0.9772,0.391,-2.8981,1.6282,-1.9213,-0.1753,-1.491,0.4364,2.809,-0.9379
0.16,-2.1196,-3.1653,-0.3461,0.5715,-0.9798,0.3509,-2.7283,1.437,-1.7407,-0.2116,-1.7899,0.5643,2.9115,-1.2837
0.0547,-1.6954,-3.2515,-0.2388,0.6781,-1.2659,0.1242,-2.7574,1.5581,-1.8735,-0.1405,-2.0377,0.305,2.1299,-1.9318
0.5181,-2.0713,-2.9272,-0.3285,-0.2088,-1.337,0.1813,-2.0808,2.0166,-2.8225,-0.2996,-2.0384,-0.1585,1.8077,-2.6221
0.5135,-2.0186,-2.8026,-0.212,0.2155,-1.2638,-0.1341,-1.435,2.2791,-3.4189,-0.1373,-2.4935,-0.0268,1.7818,-2.8656
0.6189,-2.2421,-1.9817,0.0851,0.4329,-1.5338,-0.153,-1.0646,2.0142,-3.3033,0.345,-2.4201,-0.3269,1.0835,-3.2236
0.8236,-1.7414,-1.7852,0.2767,0.8801,-1.6628,-0.3858,-0.221,1.7432,-3.0978,1.5401,-1.787,-0.6163,1.0813,-2.7297
0.9189,-1.4469,-1.0746,-0.1459,1.1581,-2.2356,-0.2489,-0.7179,1.0748,-2.9956,1.8588,-1.0747,-0.6129,0.2165,-2.2678
0.3795,-1.1579,-0.8763,-0.2363,1.5383,-2.0408,0.1504,-0.3569,0.7824,-2.1938,1.5794,-0.7072,-0.9448,0.0477,-1.73
0.3168,-1.0948,-0.87,-0.6582,1.7377,-1.708,0.3192,-0.4451,0.2935,-2.1125,1.4025,-0.814,-1.2159,-0.0541,-1.2117
0.6593,-1.0789,-0.9112,-0.7561,1.9437,-1.1643,0.349,0.0983,0.5842,-1.9617,0.8766,-0.5975,-0.7239,0.6134,-0.9249
0.6148,-1.273,-0.9338,-0.7812,2.0311,-1.3108,0.5655,-0.1939,0.5723,-1.4304,0.9536,-0.7766,-0.7793,0.2753,-0.4393
0.6079,-1.3609,-1.1638,-0.256,1.9785,-1.2423,0.5491,0.0471,0.4871,-1.063,1.1346,-0.5109,-0.7084,0.2921,-0.2436
0.6911,-1.1328,-0.6969,-0.5083,1.8007,-0.1969,0.4131,-0.3917,0.1401,-0.9783,1.1519,-0.5558,-0.5751,0.2836,-0.0771
0.6316,-1.3164,-0.807,-0.3085,1.6434,-0.8307,0.6081,-0.5978,0.0369,-0.5922,1.2662,-0.5117,-0.5459,0.9357,0.1658
0.5549,-0.8437,-0.9154,-0.4837,1.833,-1.4497,0.7473,-0.7111,-0.1433,-0.6234,1.2186,-0.5434,-0.3941,1.3239,0.282
0.65,-1.0189,-1.3939,-0.3527,1.7311,-1.6878,0.7554,-0.9657,-0.0006,-0.7831,1.089,-0.6163,-0.5706,1.4579,0.2525
0.2966,-0.8939,-1.319,-0.3704,1.4758,-1.5824,0.6756,-1.2153,0.1313,-0.8784,0.6841,-0.6395,-0.1608,1.4395,0.2842
0.4429,-1.1028,-1.6476,-0.1862,1.4447,-1.8112,0.5928,-1.2842,0.3644,-1.0085,0.7625,-0.7058,0.6216,1.3826,0.2809
0.3594,-1.1356,-1.7715,-0.2031,1.3952,-1.7804,0.4434,-1.2291,0.4559,-0.9853,0.8587,-0.7748,0.5506,1.705,0.0878
0.3254,-1.1197,-1.8512,-0.2657,1.304,-1.6143,0.3072,-1.4088,0.5985,-1.4871,0.8743,-0.6989,0.1227,2.1485,-0.4006
0.3419,-1.2092,-2.3852,0.0019,1.2078,-1.7229,0.3528,-1.704,0.8463,-1.609,1.0076,-0.72,-0.2997,2.0636,-0.482
0.3543,-1.1219,-1.9738,-0.301,1.221,-1.8645,0.2163,-1.661,0.8275,-2.1379,0.7486,-0.722,-0.1124,2.2299,-0.9759
0.2582,-1.4082,-2.2095,-0.2489,1.2673,-1.8069,0.3067,-1.724,0.6703,-2.1147,0.8532,-0.6756,-0.6453,2.4799,-1.0116
0.0794,-0.8311,-2.9474,-0.336,1.324,-1.574,0.2725,-1.8266,1.0297,-1.8396,0.5023,-0.7398,-0.5073,2.5117,-1.0212
0.2687,-1.2585,-2.5476,-0.2911,1.3073,-1.4729,0.3626,-1.7588,1.2434,-2.2122,-0.486,-0.8973,-0.2777,2.3124,-0.9975
0.6285,-1.4438,-2.4891,-0.0661,1.3688,-1.3952,0.1281,-1.1361,1.7482,-1.9114,-0.3444,-1.4385,-0.7773,1.8348,-1.4363
0.4287,-1.1234,-1.9389,0.054,1.4044,-1.4966,0.1212,-0.7694,1.6059,-1.3046,-0.341,-1.5917,-0.7544,1.3016,-1.4353
0.1669,-1.076,-1.2257,0.2917,1.5546,-1.3923,0.2602,-0.4733,1.4185,-1.8244,0.3736,-1.5924,-0.8204,1.2699,-1.305
0.7082,-1.3236,-1.0622,-0.0894,1.6926,-3.4027,0.2509,0.3332,1.2063,-1.9107,0.7989,-1.4241,-1.1626,0.8893,-1.4024
0.6695,-0.9546,-0.4795,-0.1285,1.9184,-1.9447,0.5392,0.196,0.7526,-1.8054,1.4578,-0.9518,-1.3109,0.3476,-1.1317
0.3722,-0.3012,-0.2659,-0.1493,2.0464,-1.52,0.73,0.4299,0.2689,-1.4882,2.1854,-0.4917,-1.0306,0.0441,-0.9235
0.9124,-0.3885,-0.0317,-0.5625,2.1752,-2.2693,0.6741,-0.1037,-0.3739,-1.4504,1.8481,0.1627,-1.283,-0.0138,-0.511
0.7944,-0.108,-0.0603,-0.579,2.3638,-1.989,0.4687,0.3868,-0.1251,-0.8674,1.8539,0.3825,-1.3628,-0.3347,-0.2396
0.9989,0.0218,-0.0325,-0.6114,2.2257,-1.8965,0.4891,0.2975,-0.5337,-0.8522,1.6318,0.6891,-1.2493,0.0012,0.1434
0.8721,-0.0831,-0.1767,-0.6737,2.4117,-1.6079,0.3863,0.1247,-0.7714,-0.2911,1.6357,0.6668,-1.2119,0.1422,0.4705
1.064,0.0652,-0.2189,-0.7231,2.1364,-1.6576,0.4674,0.0083,-0.7634,-0.4517,1.3812,0.5919,-1.0027,0.7657,0.4794
0.8276,-0.1064,-0.5646,-0.3354,2.2982,-2.1553,0.5121,-0.02,-0.7665,-0.3719,1.6361,0.0353,-1.1685,1.1809,0.9344
1.1159,-0.3664,-0.2467,-0.5348,2.1416,-2.3303,0.4025,-0.2853,-0.8574,-0.223,1.8318,0.248,-1.1206,1.1258,1.2018
0.3118,-0.2232,-1.1866,-0.2765,2.3937,-1.7188,0.3896,-0.6486,-0.8306,0.2236,1.6119,0.3044,-0.9213,1.5658,1.3652
0.5385,-0.5283,-1.4942,-0.4639,1.9942,-1.7573,0.4414,-0.9273,-0.4397,-0.3317,1.3069,0.2023,-0.9666,1.5721,1.2505
0.4817,-0.3302,-1.8264,-0.3991,1.678,-1.377,0.3591,-1.1,-0.0067,-0.4672,1.0497,-0.1612,-0.7952,2.042,1.2482
0.8399,-0.9773,-2.0252,-0.4874,1.4366,-1.5601,0.3623,-1.2826,0.3159,-0.5734,0.7314,-0.2885,-0.5554,2.165,0.689
0.3811,-1.5571,-1.8954,-0.2909,1.4501,-1.6387,0.3527,-1.3514,0.6389,-0.7935,1.101,-0.3122,-0.7519,2.3416,0.6106
0.4814,-1.3751,-1.855,-0.3367,1.3917,-1.3744,0.2813,-1.5666,0.1607,-0.6193,0.8952,-0.5523,-0.5334,2.0758,0.7308
0.7455,-0.8836,-2.3613,-0.5919,1.1302,-1.1802,0.2044,-1.5661,0.2247,-0.9426,0.6483,-0.796,-0.2744,2.4314,0.3734
0.5807,-1.2916,-2.3535,-1.2417,1.0697,-1.0527,0.1938,-1.6705,0.5957,-1.0402,0.1246,-0.866,-0.1886,2.7893,-0.1775
0.4803,-1.4713,-2.4744,-0.8132,1.1644,-0.403,0.3432,-2.1516,0.6644,-1.0082,0.1283,-1.2143,-0.054,2.6864,-0.3164
1.4324,-1.547,-2.5131,-0.8271,0.9529,-1.2576,0.0906,-2.1019,0.6956,-1.1305,-0.0727,-1.3273,-0.0663,2.9548,-0.2994
0.9437,-1.1863,-2.5165,-0.5706,1.0506,-1.539,-0.0304,-1.7881,1.2301,-0.5827,0.1876,-1.4158,-0.2365,3.2517,-0.1415
0.521,-1.0364,-2.7539,-0.5372,0.9151,-1.5722,-0.0362,-1.7281,1.1431,-1.0637,-0.0059,-1.6425,-0.2558,3.1777,-0.672
0.452,-1.1564,-2.689,-0.7898,0.749,-1.1839,0.0063,-1.8509,1.207,-1.6211,0.7995,-1.644,-0.1079,2.715,-0.6076
0.7411,-1.1554,-2.3102,-0.5408,0.7971,-1.1874,-0.0898,-1.7515,1.1067,-1.7631,0.5676,-1.3914,1.1895,2.4587,-0.6684
0.783,-1.4963,-2.3157,-1.0838,1.037,-1.6438,-0.0613,-1.9997,0.8389,-1.6049,0.2002,-1.1944,0.3203,2.3337,-1.052
0.7458,-1.575,-2.5888,-0.7613,1.0229,-1.5884,-0.1084,-1.8213,1.0064,-1.3656,-0.0866,-1.1895,0.0531,2.408,-1.3349
0.8149,-1.1449,-2.3112,-0.56,0.7835,-1.5827,-0.0982,-1.1022,1.1967,-1.2878,0.2939,-1.3875,-0.424,2.6114,-1.2438
0.8035,-1.2331,-1.7036,-0.3868,0.8161,-1.5662,-0.0626,-1.0761,0.7786,-1.4381,0.1954,-1.3655,-0.7495,2.2907,-1.0046
1.1743,-1.1515,-1.5784,-0.3905,1.3706,-1.6351,0.1088,-0.5457,0.7343,-1.6418,0.777,-1.7258,-0.6929,2.3298,-1.0793
0.883,-1.2022,-1.0945,-0.4836,1.4225,-0.6578,-0.0834,-1.0022,0.4058,-1.3552,1.5717,-1.4388,-0.6251,2.0075,-0.4901
0.7515,-1.287,-1.4505,-0.2939,1.5478,-1.1804,0.0015,-1.3523,-0.1079,-0.661,1.618,-0.8014,-0.4185,2.0958,-0.0535
0.5252,-1.0799,-1.8128,-0.6789,1.4065,-1.2034,0.0168,-1.6459,-0.0495,-0.0365,1.3479,-0.784,-0.3183,2.2969,0.304
0.371,-0.9137,-2.8474,-0.7914,1.2486,-1.4815,0.1883,-1.4867,0.2287,-0.1252,0.6551,-0.9272,-0.0539,2.058,0.2572
0.6334,-1.1639,-2.3678,-0.8852,0.9999,-1.1106,0.0517,-1.3015,0.9232,-0.8293,0.3798,-1.057,0.604,2.6141,0.0227
0.6283,-1.3384,-2.145,-0.4181,1.066,-1.2889,-0.0419,-1.3923,0.8574,-0.8573,0.6197,-1.1917,0.1946,2.2681,-0.3088
0.2643,-1.0703,-2.0216,-0.2313,1.0418,-0.7309,-0.1893,-1.7281,1.1612,-0.8433,0.7328,-1.2312,-0.146,2.3409,-0.1816
0.245,-0.8071,-2.688,-0.1693,1.2392,-0.9097,-0.119,-1.6618,0.3549,-0.6479,0.9009,-1.2329,-0.1585,2.2395,-1.0309
0.5768,-0.8214,-2.7073,-0.3836,1.0437,-0.9056,-0.0289,-1.5266,0.8217,-1.3546,0.7728,-1.1643,-0.4249,2.5629,-1.217
0.1749,-0.3437,-2.9702,-0.9348,0.5548,-0.9054,0.0452,-1.3433,0.9267,-2.4318,0.5075,-0.9535,-0.3609,2.2218,-1.2706
0.4849,-1.3841,-2.7765,-0.9014,0.7188,-1.715,-0.0145,-0.8539,1.3349,-2.6634,0.3174,-1.0076,-0.443,2.3821,-1.7572
0.7811,-0.8134,-1.9818,-1.1754,1.4425,-1.3323,-0.0647,-0.7291,1.7446,-2.2284,0.4507,-1.3271,-0.6092,2.2978,-2.322
0.0741,-0.6946,-1.7523,-0.9815,1.5248,-1.3092,0.064,-0.6061,0.747,-1.8332,0.401,-1.4534,-0.3658,1.5011,-2.1972
0.5253,-0.9117,-1.9156,-0.5924,1.5157,-1.2361,0.1005,-0.8026,0.4358,-1.9779,0.5495,-1.5735,-0.4573,1.6329,-1.9094
0.342,-0.5727,-1.7507,-0.9287,1.6499,-1.2638,-0.1543,-0.8515,0.5542,-1.7439,0.5177,-1.5142,-0.6561,1.8363,-1.9493
0.2797,-0.9082,-1.9336,-0.9049,1.7111,-0.7443,0.1662,-0.8006,0.063,-1.4989,0.7559,-1.5552,-0.6632,1.3884,-1.4728
0.2914,-1.022,-1.923,-0.689,1.4633,-0.6649,0.0628,-0.6582,0.4715,-1.3095,0.758,-1.3211,-0.4708,1.8035,-1.2848
0.2019,-1.1135,-1.7328,-0.4173,1.4822,-0.7999,0.1336,-0.4968,0.3826,-1.3592,0.9312,-1.0923,-0.0921,1.7092,-0.9943
0.1027,-1.1195,-1.523,-1.1232,1.4276,-0.6082,0.066,-0.9443,0.2611,-1.1558,0.7175,-1.0074,-0.3763,1.6467,-0.8734
0.426,-1.1726,-2.2963,-1.2607,1.5541,-0.8783,-0.0023,-0.936,0.3132,-0.9627,0.4858,-1.001,0.103,1.4778,-0.7111
0.4002,-1.1915,-2.0114,-1.0818,1.2264,-0.8185,0.02,-0.977,0.9042,-1.0338,0.5334,-1.2264,-0.1229,1.558,-1.1395
0.0329,-1.1649,-1.8281,-1.5319,1.3211,-0.7715,-0.0187,-0.7382,0.7042,-1.0387,0.2806,-1.1947,-0.3427,1.9112,-1.1994
-0.1058,-1.156,-2.0056,-0.9789,1.2384,-0.9559,0.2964,-0.7954,0.4136,-1.2244,0.1953,-1.2681,-0.4062,2.1474,-1.223
0.3876,-1.2954,-1.7335,-1.2171,1.2594,-1.0355,0.3009,-0.7804,0.4945,-1.4723,0.5214,-1.3924,-0.4537,2.1385,-1.2296
0.576,-1.3138,-1.2172,-1.1273,1.3433,-1.2584,0.2358,-0.7519,0.4091,-1.0859,0.6644,-1.2899,-0.2129,1.9569,-0.9861
0.1239,-1.3703,-1.6473,-1.0497,1.5901,-1.2961,0.246,-0.8672,-0.0815,-0.5165,0.6204,-1.1636,-0.3765,2.0567,-0.5779
0.2802,-1.2523,-1.5842,-0.4901,1.4823,-1.2063,0.1428,-0.8433,0.1676,-0.562,1.6238,-1.012,0.0338,1.9457,-0.2013
0.5512,-0.9761,-1.2623,-0.811,1.35,-0.9744,0.2213,-1.3028,-0.1726,-0.7928,1.2411,-0.6759,-0.0088,1.9474,-0.1909
0.1232,-0.5208,-1.7755,-1.3278,1.4261,-0.6156,0.2812,-2.0442,0.0316,0.1348,1.0278,-0.4397,-1.2276,2.9131,0.164
0.4036,-0.7337,-2.158,-1.1492,1.1716,-0.8118,0.1694,-2.0018,0.0766,-0.5559,0.568,-0.453,-0.8653,3.2721,0.0044
0.9488,-1.0534,-2.2177,-1.0173,1.0163,-1.0839,-0.0096,-1.958,0.4021,-1.113,0.5356,-0.6963,-0.3554,3.3887,-0.5782
0.6414,-0.8969,-1.7647,-0.7572,1.2048,-0.0546,-0.2994,-2.5876,0.4276,-0.929,0.1109,-0.8605,-0.3438,3.2658,-0.8836
0.4862,-0.7445,-2.4324,-0.7781,1.0453,-0.4521,-0.0458,-2.8516,0.3377,-0.7337,0.5053,-1.2259,0.1979,3.1072,-0.9988
