x0,x1,x2,x3,x4,x5,x6,x7,x8,x9,x10,x11,x12,x13,x14
0.4542,-0.0419,2.3172,-0.1424,0.6863,-0.1929,-0.6857,2.876,0.2271,-1.7403,0.5298,-0.6246,-1.2486,-2.918,-2.7498
0.1828,0.2889,2.9962,-0.3071,0.9432,-0.1051,-0.3304,2.8932,-0.5048,-1.3851,1.0266,0.112,-1.8715,-3.4274,-1.8463
0.3146,0.487,3.185,-0.4887,1.4326,-0.2092,0.1611,2.9026,-1.5259,-0.8344,1.4737,0.6678,-1.4523,-3.5466,-0.7535
0.4393,0.5968,3.1648,-0.526,1.4111,-0.2089,0.2626,3.1257,-1.3133,-0.1678,1.3449,1.0965,-1.1182,-3.2403,-0.1764
0.4451,0.6122,3.21,-0.2106,1.4619,-0.193,0.2792,2.9573,-1.5306,0.3943,1.3577,1.2375,-1.0055,-2.8321,0.7142
0.345,0.94,2.8824,-0.3201,1.759,-0.0163,0.534,2.5858,-1.9322,0.8702,0.7141,1.6408,-0.947,-2.7702,1.1098
0.438,0.6097,2.8298,-0.3569,1.4757,0.3785,0.6003,2.1866,-2.2264,1.1432,1.342,1.3894,-0.7519,-2.6926,1.9288
-0.0319,0.5073,2.1828,-0.3779,1.2774,0.5059,0.8076,1.6783,-2.2969,1.4343,1.0329,1.4788,-0.8701,-2.0567,2.1225
-0.2171,0.2911,1.5473,-0.376,0.9159,0.1092,0.6947,1.4062,-1.8142,1.2156,0.4534,1.6372,-0.3696,-0.7203,1.8776
0.0004,0.2724,0.9762,-0.0481,0.6315,0.2342,0.6633,0.747,-1.624,1.0602,0.7805,1.6167,-0.1199,-0.3577,1.9792
0.5226,0.1488,0.3385,-0.1873,0.5343,0.2077,0.4812,-0.1393,-1.1672,1.0565,0.1155,1.3552,0.402,0.293,1.6598
0.2765,0.0642,-0.299,-0.1682,0.3941,0.4813,0.4856,-0.8657,-0.7583,1.1373,-0.9233,1.2345,0.5273,0.0499,1.224
-0.3861,-0.4115,-1.24,0.0251,0.1368,0.3104,0.5996,-0.2536,-0.1213,1.0334,-1.393,0.3872,0.6426,0.3077,1.0845
0.0086,-0.8692,-0.8435,0.3024,-0.0871,0.2897,0.4778,-0.5256,0.5683,0.4527,-1.6349,-0.3575,0.6846,0.2138,0.8208
-0.0113,-1.0461,-0.6353,0.4415,-0.1799,0.3784,0.1773,-0.0175,1.1209,0.4294,-1.309,-0.8078,0.5523,0.0207,0.2301
-0.2661,-1.0447,-0.2956,0.1233,-0.3819,1.2498,-0.0525,-0.208,0.9389,0.1423,-0.6998,-1.1578,0.4999,-0.6252,-0.5051
-0.1858,-0.8397,-0.0311,0.1382,-0.1622,0.8723,-0.1373,-0.1454,0.3985,-0.4598,-0.5907,-0.8104,0.386,-0.4216,-0.5344
-0.2511,-1.0526,-0.3756,0.3692,0.042,1.1514,-0.3798,-0.3795,0.1516,-0.2917,-0.8576,-0.6404,0.3431,-0.679,-0.8337
-0.0161,-1.6696,-0.5296,0.3918,0.0437,0.7257,-0.2455,-0.1655,0.9456,-0.2274,-0.4897,-0.6039,0.1586,-0.1673,-1.119
-0.0419,-1.0408,0.1839,0.3718,0.3203,0.4164,-0.2106,-0.1763,0.8031,0.1713,-0.4572,-0.2814,0.4381,-0.7408,-0.688
-0.1901,-0.8994,0.3695,0.0531,0.5455,0.5896,0.0044,-0.195,0.173,0.6062,-0.2935,-0.1971,0.0373,-0.7872,-0.6044
0.2476,-0.8708,0.2034,0.0905,0.2495,0.3438,0.1292,0.1119,-0.0325,0.7002,-0.1392,-0.209,0.1555,-0.705,-0.1094
-0.3151,-0.5925,0.0071,0.0017,0.3296,0.2439,0.0766,0.3207,-0.2069,0.6386,-0.2804,0.1978,-0.0312,-0.1683,-0.411
0.0644,-0.6789,0.2942,-0.1248,-0.0222,-0.0909,0.0968,0.3812,-0.3316,0.0587,-0.7773,0.0196,0.0462,0.2751,-2.0041
0.318,-0.9101,0.5757,-0.0382,0.11,0.1012,-0.0716,-0.0321,-0.3469,-0.3452,-0.6736,-0.2576,0.0586,0.5113,-1.5606
0.0814,-0.6127,0.2244,-0.119,0.2478,0.2272,-0.0194,-0.3541,-0.4872,0.2157,0.052,-0.5317,0.1581,0.1228,-0.6935
0.3305,-0.5183,0.0902,-0.0269,0.2429,-0.0902,0.0134,-0.4401,-0.3456,0.4003,-0.5076,0.189,0.3932,0.2732,-0.2057
0.1869,-0.5001,0.1844,-0.1927,-0.001,-0.1292,-0.0253,-1.0335,-0.8522,0.4263,-0.8849,0.2579,0.5015,0.3796,-0.0849
-0.0114,-0.6863,-0.4965,0.242,0.0606,-0.1727,-0.1981,-0.6989,-0.195,0.1345,-0.6985,0.2876,0.3314,1.0579,0.1509
0.0305,-0.8757,-0.7011,0.1116,-0.3162,0.0298,-0.0843,-0.9282,-0.1418,0.0033,-0.7227,0.2441,0.7498,0.7557,0.0583
0.1065,-1.0604,-0.5162,-0.176,-0.2643,0.1881,-0.3485,-1.2554,-0.1954,0.2308,-1.1237,0.036,0.6306,1.1263,0.0316
0.0203,-0.8942,-0.7676,0.4342,-0.2922,-0.2736,-0.3417,-1.1137,0.4349,0.1689,-0.7145,-0.3173,0.46,1.1931,0.6535
-0.0982,-0.5554,-0.9381,0.344,-0.2721,0.1276,-0.1874,-1.1604,0.2893,0.3091,-1.021,-0.3333,0.4186,0.7402,0.4186
0.5253,-0.6514,-0.6101,0.4535,-0.4513,-0.0259,-0.2117,-0.6729,1.1282,-0.0169,-0.9796,-0.3783,0.5001,0.698,-0.0996
0.55,-0.683,-0.1112,0.107,-0.3814,0.0869,-0.3121,-0.5115,0.4595,0.1229,-0.9541,-0.6106,0.3588,0.2574,-0.7372
-0.3863,-0.4424,-0.1491,0.0443,-0.4761,0.1235,-0.4077,-0.203,0.4478,-0.0557,-1.0004,-0.6575,0.5493,0.04,-1.0587
-0.0712,-0.7276,0.1808,-0.0508,-0.4757,-0.1438,-0.3663,0.04,-0.1965,-0.6197,-0.8882,-0.7433,0.2081,0.0143,-1.0809
0.02,-0.7656,0.1863,-0.0469,-0.4285,-0.2034,-0.4542,0.1595,-0.084,-0.5279,-0.9334,-0.6891,0.307,-0.0039,-1.1879
-0.0643,-0.6556,0.3705,0.0625,-0.0936,0.2182,-0.387,0.0519,0.14,-0.4916,-0.7914,-0.5031,0.2262,0.0017,-0.9833
-0.147,-0.6471,0.4917,0.0954,0.0847,0.4647,-0.2905,-0.1125,0.3589,-0.2277,-0.6866,-0.273,-0.1167,-0.3567,-1.1682
-0.9437,-0.5909,0.2329,-0.0494,0.1017,0.6093,-0.1852,-0.0802,-0.6067,0.0723,-0.8139,-0.0117,0.15,-0.9942,-0.9264
-0.5065,-0.7078,0.3156,-0.0763,0.2052,1.1562,-0.2188,0.1588,-0.705,-0.0288,-0.6563,-0.1056,0.3158,0.0078,-0.2581
-0.2646,-0.7994,0.3694,0.0969,0.0122,0.895,-0.208,-0.3843,-0.6119,0.351,-0.3216,-0.2268,0.3683,-0.2583,-0.5039
0.259,-0.4596,0.5455,0.0314,-0.1526,0.2638,-0.2477,-0.3316,-0.5563,0.4083,-0.8262,-0.005,0.262,0.2666,-0.504
0.0244,0.0958,0.3273,-0.0314,0.0828,0.4691,-0.2629,-0.789,-1.0204,0.6613,-1.5598,0.1372,0.3096,0.6502,-0.5961
-0.0442,-0.8565,-0.2813,0.1385,0.1279,0.25,-0.2877,-0.0656,-0.6506,0.5152,-1.0352,-0.1117,0.1683,1.2206,-0.4479
-0.3123,-0.6383,-0.1613,-0.0629,-0.1901,0.3291,-0.317,-0.4058,-0.5659,0.7766,-1.0059,-0.4835,0.3992,0.5449,-0.5739
-0.2287,-0.8016,-0.3178,-0.01,-0.2477,0.2646,-0.3552,-0.5983,-0.1174,0.2313,-1.3449,-0.5998,0.4735,0.6327,-0.967
-0.0001,-0.9163,-0.6278,0.2361,-0.1572,0.4971,-0.4071,-0.502,0.4951,0.2323,-1.1316,-0.8439,0.3683,0.6605,-1.0334
0.5676,-0.9549,-0.0755,0.1028,-0.3783,0.1832,-0.1988,-0.2446,0.303,0.2179,-0.708,-0.7974,0.3498,0.389,-0.558
0.2337,-0.9346,-0.1317,0.1609,0.155,0.2649,-0.2098,-0.2405,-0.0523,0.8999,-0.9201,-0.4545,0.3133,0.4175,-0.5815
-0.2551,-0.5096,-1.0929,0.0179,-0.0362,0.4386,-0.22,-0.4949,-0.0651,0.9679,-0.8695,-0.3765,0.5282,0.2464,-0.3224
-0.2468,-1.1741,-0.936,0.2373,-0.2952,0.5834,-0.32,-0.2523,0.5478,0.3029,-1.3,-0.4017,0.6137,0.1556,-0.5142
0.0162,-1.0059,-0.1433,0.704,-0.3817,0.2874,-0.2444,-0.1089,0.4629,0.2529,-1.2107,-0.5676,0.3644,0.0288,-0.2326
-0.5885,-0.9094,-0.4251,0.5195,-0.1991,0.5763,-0.2777,-0.1352,0.0106,0.3588,-0.8235,-0.6597,0.5505,-0.4386,-0.4094
-0.2134,-0.8153,-0.5159,0.4448,-0.4799,0.5882,-0.494,0.0488,0.6089,-0.089,-0.7748,-0.4483,0.6422,-0.704,-0.8574
-0.0473,-0.5543,-0.1911,0.3702,-0.0661,-0.0209,-0.4755,0.2807,0.3872,-0.1027,-1.0002,-0.2521,0.4726,-0.9003,-1.1612
0.0313,-0.6375,0.1746,0.0885,-0.2668,0.2568,-0.4898,0.5323,-0.2094,-0.0577,-1.816,-0.2269,0.2347,-0.9446,-1.8172
0.1805,-0.4829,0.3386,0.0372,-0.1784,0.1627,-0.4754,1.1938,1.0936,-0.5833,-1.5808,-0.6868,0.2671,-1.048,-1.1153
-0.0027,-0.3797,1.1383,-0.185,-0.1051,0.0313,-0.2955,1.2444,0.1899,-0.2897,-1.1692,-1.1052,-0.0942,-1.5687,-1.2575
0.2259,-0.4406,1.1165,-0.1671,-0.0686,-0.2204,-0.3786,1.4674,-0.0636,-0.4745,-1.4335,-0.937,0.104,-1.7572,-1.4043
-0.5561,-0.4376,1.2711,-0.403,0.136,0.0884,-0.3469,2.2438,-0.2036,-0.4257,-1.1678,-0.9613,-0.1366,-2.1149,-1.5023
-0.321,-0.7672,1.6417,-0.2468,0.311,0.2714,-0.3844,2.4054,-0.1716,-0.5991,-0.5826,-0.6754,-0.4556,-2.4868,-1.2647
0.2777,-0.6453,2.0537,0.0322,0.4647,0.1078,-0.5983,2.4688,-0.4205,-0.2174,0.0046,-0.3411,-0.3986,-2.5044,-1.0437
-0.1084,-0.1964,1.6436,-0.1654,0.6361,0.656,-0.6315,2.137,-1.3888,0.4524,0.3223,-0.1253,-0.4623,-2.8276,-0.5233
-0.1869,-0.0753,1.4837,-0.6021,0.6306,0.3933,-0.0904,2.0622,-1.143,0.4915,0.2538,0.5642,-0.6707,-2.7043,-0.7823
-0.084,0.0847,1.3862,-0.8421,0.176,0.53,-0.0198,1.8649,-1.1092,0.2715,-0.6008,0.9877,-0.2884,-2.7285,-0.6434
-0.0384,-0.2405,1.7803,-0.5558,0.3937,0.1948,-0.1416,2.2722,-0.6668,-0.0371,-0.3066,0.5907,-0.1809,-1.7981,-0.7462
-0.0098,0.0137,2.0021,-0.2182,0.5919,0.3412,0.0059,1.5898,-1.4011,0.4477,-0.3904,0.4479,-0.081,-1.9735,-0.71
-0.153,-0.0543,1.5984,-0.1552,0.1032,0.4609,-0.0573,1.571,-1.52,0.4237,-0.1867,0.0731,0.2345,-1.7804,-0.1644
-0.0393,-0.1726,1.3708,-0.3069,0.1748,0.4467,-0.3485,1.1879,-1.6316,0.802,-0.3724,0.0584,0.2905,-0.5632,0.3018
0.0446,-0.2849,0.9885,0.0216,0.2023,0.3821,-0.2399,0.3922,-1.3642,0.7609,-0.5654,0.4052,0.3361,-0.7724,-0.1817
0.1619,-0.4569,0.551,0.1638,0.1383,0.6199,-0.5629,0.0466,-1.033,0.752,-1.1021,0.0878,0.3401,-1.0186,-0.1257
0.0046,-0.6208,0.2493,-0.1305,0.4217,0.7695,-0.5381,0.1739,-0.6416,1.0037,-1.0787,-0.1394,0.4147,-0.8133,-0.2584
-0.0517,-0.8011,-0.0093,-0.2514,0.059,0.8665,-0.4466,-0.3439,-0.4617,1.1387,-1.046,-0.1096,-0.2881,-0.2615,-0.3895
-0.2546,-0.7641,0.0944,-0.0497,0.1012,0.6884,-0.544,-0.347,0.2219,1.0565,-0.9392,-0.1446,-0.0588,0.0417,-0.6146
-0.0501,-0.7277,0.1036,0.2207,0.0819,0.1546,-0.4168,-0.2789,-0.071,0.6619,-1.0859,-0.2196,0.2368,-0.2812,-0.8054
0.0992,-0.8521,-0.1162,0.3003,-0.339,0.6214,-0.5013,-0.2937,-0.5477,0.3706,-0.8833,-0.6497,0.2733,-0.8953,-0.6172
-0.001,-0.6554,-0.2216,0.309,-0.3349,0.5392,-0.3649,-0.1844,0.1409,0.2249,-1.055,-0.5548,0.2904,-0.5691,-1.1834
-0.1005,-0.7015,-0.5064,0.1499,-0.3955,0.8464,-0.5105,-0.1625,0.672,-0.117,-1.0086,-0.6278,0.3735,-0.6497,-1.2392
-0.0647,-0.7866,-0.0975,-0.2294,-0.6089,0.6154,-0.4879,-0.1731,-0.0563,-0.3192,-1.1817,-0.753,0.6024,-0.7872,-1.4275
0.393,-0.7379,0.0407,-0.1685,-0.528,0.2643,-0.4906,0.21,0.6255,-0.3263,-0.7064,-0.6926,0.31,-0.5524,-1.4499
0.0777,-0.7144,0.7845,-0.1082,-0.253,0.0055,-0.59,0.3251,0.2917,-0.1023,-1.1779,-0.3568,0.3047,-0.6677,-2.0128
0.1745,-0.5773,0.274,0.5127,-0.0522,-0.0527,-0.4549,0.4608,0.0797,-0.1626,-0.3958,-0.2893,-0.0231,-1.0252,-1.6749
0.5097,-0.3716,0.5877,0.0294,-0.2199,0.0032,-0.3589,0.8285,-0.0324,-0.0202,-0.5797,-0.0599,-0.1229,-1.467,-1.0437
0.2021,-0.1817,1.0727,-0.4541,-0.2576,-0.0807,-0.4,1.208,-0.0954,-0.1349,-0.8397,-0.2073,-0.1566,-1.649,-0.4333
0.135,-0.5094,1.4452,-0.2225,-0.0206,1.5641,-0.6447,0.8006,-0.2982,-0.3801,-0.3916,-0.4065,0.0442,-1.4068,-0.6064
-0.1692,-0.399,1.0527,-0.3353,0.2418,1.3851,-0.4882,0.2982,-0.8682,0.0393,-0.2362,0.2266,0.1257,-1.4784,-0.644
-0.0454,-0.3265,0.4765,-0.2311,0.3039,1.1261,-0.2204,0.2499,-0.7901,0.2068,-0.1469,0.2784,0.0994,-1.2694,-0.8176
-0.2796,-0.4179,0.0883,-0.2294,-0.1364,1.1274,-0.2744,0.1318,-0.6092,0.0943,-0.5823,0.3357,0.1998,-1.2604,-0.4336
0.2204,-0.8279,0.2129,-0.059,-0.0346,0.9208,-0.2833,0.0418,-0.7436,-0.0067,-0.7371,0.1783,0.3886,-1.04,-0.6474
0.4509,-0.8335,0.4595,-0.0899,-0.146,0.3938,-0.2496,0.3149,-0.3374,0.4411,-0.8207,-0.6058,0.2919,-0.6091,-0.3507
0.3843,-0.5831,0.0395,-0.3362,-0.1843,0.0174,-0.394,0.3933,-0.5044,0.4814,-0.7862,-0.5985,0.0649,-0.5105,-0.0188
0.5599,-0.6829,0.0374,-0.1436,-0.1675,0.2831,-0.3879,0.2008,-0.0261,0.2219,-0.7363,-0.7491,0.1822,-0.0028,-0.2589
0.1331,-0.9273,0.0827,0.4611,-0.3739,0.0343,-0.7212,0.0636,-0.28,0.3249,-1.1962,-0.2998,0.1078,-0.3931,-0.1762
0.1083,-0.9374,0.1424,0.3039,-0.2621,0.2483,-0.4053,0.2867,-0.5561,0.3135,-1.4757,-0.8278,-0.0761,-0.5433,-0.7008
0.0154,-1.022,-0.5357,0.2774,-0.0669,0.6642,-0.2451,0.3046,-0.6343,0.319,-0.6378,-1.0408,-0.1603,-0.4267,-0.4981
0.3783,-1.1413,0.3899,0.0736,-0.4198,0.4861,-0.3464,-0.0723,-0.6011,0.2357,-0.508,-0.9628,0.0114,-0.5467,-0.1851
0.1922,-0.6752,0.1855,0.0295,-0.4387,0.3332,-0.2694,-0.0604,-0.5042,0.495,-0.5537,-0.7666,-0.0247,-0.435,0.0196
0.0091,-0.7894,0.1323,0.0058,-0.5103,0.6461,-0.6173,0.0984,-0.3537,0.2905,-0.5991,-0.523,-0.1303,-0.5036,-0.7901
-0.041,-0.9436,-0.3296,-0.2037,-0.4772,0.488,-0.3467,-0.0913,-0.4857,0.0059,-1.1262,-0.6241,0.06,-0.8673,-0.8889
0.1956,-1.1383,-0.4253,-0.2062,-0.6377,0.6366,-0.1862,0.1642,-0.1312,0.1588,-1.6871,-1.0377,-0.1006,-0.6623,-0.4651
0.3676,-1.0321,-0.3361,0.0794,-0.8292,0.4527,-0.2859,0.5891,0.3479,0.0637,-1.5573,-1.3481,-0.1514,0.9328,-0.6752
0.1096,-1.1369,0.0633,-0.303,-1.0789,0.3225,-0.343,-0.0572,-0.7184,-0.0001,-1.3175,-1.3066,-0.0066,-0.1241,-0.4647
-0.6847,-1.2734,-0.4889,-0.0455,-0.9107,1.0663,0.0866,-0.1774,-0.8539,0.074,-1.5179,-1.2551,0.1835,0.2009,-0.4193
-0.0105,-1.5109,-0.5836,0.465,-0.8012,0.819,-0.2022,-0.2938,0.2817,-0.0963,-1.327,-1.5406,0.3796,-0.192,-0.6931
0.2716,-1.3281,-0.5328,0.4724,-0.9801,0.6414,-0.2878,-0.0864,0.33,-0.154,-1.6387,-1.3726,0.6618,-0.5332,-1.2329
0.1586,-1.3077,-0.0381,0.3354,-1.0129,0.7609,-0.0622,-0.021,0.4766,-0.4495,-1.0938,-1.3137,0.489,-0.6618,-1.0536
0.7985,-1.0255,1.0769,0.2348,-0.7971,0.8661,-0.4493,-0.1506,-1.266,0.0256,-1.2435,-1.4065,0.8236,-0.6092,-0.9779
0.4177,-0.7866,0.4585,0.2151,-0.4541,0.7379,-0.3223,-0.2158,-1.0691,0.6439,-0.9307,-1.6289,0.4487,0.1982,-0.6898
0.2263,-0.979,0.1118,-0.3263,-0.2095,1.0001,-0.2534,-0.8498,-1.0755,0.8268,-1.4779,-1.1244,0.4807,0.4449,-1.2648
0.6674,-1.1655,0.314,-0.2531,-0.5703,0.6667,-0.1163,-0.864,-0.7971,0.5863,-1.2195,-1.1604,0.4445,0.7609,-0.8263
0.4534,-0.8786,-0.8036,-0.057,-0.4734,0.396,-0.2067,-0.9858,-1.0221,1.0495,-1.0628,-0.6882,0.6362,0.6627,-0.5597
0.0714,-1.0426,-1.1338,-0.2149,-0.8798,0.3267,-0.2996,-1.0722,-0.5548,0.8718,-1.4019,-0.6196,0.4698,0.3633,-0.1526
0.4645,-1.2879,-2.2421,-0.0422,-1.1216,0.284,-0.3334,-0.6021,0.1203,0.3366,-2.3329,-0.9006,0.3385,0.611,-0.8367
0.3793,-1.6551,-1.3054,0.1972,-1.3412,0.4448,-0.3914,-0.1431,0.6287,-0.3735,-2.2838,-1.3863,0.1683,0.5767,-1.2656
0.2859,-1.6338,-0.8337,-0.2847,-1.1894,0.2542,-0.7248,0.1169,0.5442,-0.6598,-2.0468,-1.693,-0.0301,0.0818,-1.3351
-0.1489,-1.3686,-0.8837,0.0446,-0.949,0.3933,-0.8705,0.3087,0.3789,-0.6517,-1.9766,-1.6682,-0.1633,-0.3416,-1.8313
-0.0485,-1.5289,-0.4131,0.241,-0.9867,0.576,-0.7499,0.2092,0.1865,-0.9951,-1.7107,-1.7463,-0.1147,-0.4133,-1.9958
0.3256,-1.3826,0.0034,0.5442,-0.6942,0.6657,-0.3708,0.6345,0.2161,-0.7419,-1.1308,-1.7368,-0.4009,-0.8447,-1.8629
0.5044,-1.098,0.5334,0.2503,-0.9118,0.0486,-0.196,0.8927,-0.0251,-0.4944,-0.5083,-1.4319,-0.346,-1.835,-1.3284
0.1994,-0.6223,0.6354,-0.0423,-0.5929,-0.5641,-0.0055,1.4267,-0.3777,-0.1355,-0.7366,-1.1549,-0.3393,-1.6755,-1.4174
0.177,-0.6982,0.8391,0.2814,-0.6817,0.14,0.0842,1.3442,-0.7111,-0.5306,-0.1546,-0.845,-0.112,-2.1404,-0.6444
-0.2414,-0.5646,0.8113,-0.0121,-0.5876,0.813,0.1268,1.1605,-0.8748,-0.1201,-0.4618,-0.5288,-0.0542,-2.0283,-0.406
-0.1093,-0.7166,0.7948,0.1535,-0.3301,0.9308,0.3263,1.1088,-1.0234,0.0228,-0.4276,-0.3646,-0.0663,-1.4679,-0.0688
-0.3488,-0.942,0.3335,0.4395,-0.5982,1.0509,0.2684,0.5257,-1.2161,0.2962,-0.3773,-0.268,0.3168,-1.7317,-0.3141
-0.2418,-0.8571,0.8089,0.2225,-0.3986,0.8333,0.1274,0.3134,-1.5775,0.7577,-0.3988,0.0816,0.2555,-1.3732,-0.1139
-0.0925,-0.7999,0.2875,0.165,-0.4513,0.6038,0.0087,0.0764,-1.3447,0.6671,-0.8453,-0.0549,0.1294,-0.9239,-0.1646
-0.0351,-0.8182,-0.092,0.1218,-0.4551,-0.2468,-0.0752,0.5513,-0.9596,0.4548,-1.2742,-0.2955,-0.0782,-0.6588,-0.082
-0.1803,-0.7548,0.5214,0.1403,-0.8002,0.6443,0.1001,0.3269,-0.7303,0.2351,-0.7753,-0.2681,0.1409,-0.7293,-0.2852
0.5899,-0.7988,0.8515,0.2062,-0.6659,0.0512,-0.3285,0.1336,-1.1688,-0.0833,-0.3942,-0.2173,0.0166,-0.9468,-0.2037
0.1479,-0.3558,0.1113,0.1249,-0.3727,0.6515,-0.077,-0.5789,-1.585,0.5138,-0.2346,-0.1326,0.1673,-0.5756,0.0484
-0.3054,-0.5772,-0.4785,-0.1706,-0.5867,0.7937,-0.1011,-0.47,-1.1048,0.5032,-1.4914,0.2032,0.1435,-0.1658,-0.5977
-0.1601,-1.0191,-0.2902,0.1197,-0.8296,0.7885,0.0539,-0.1953,-0.7081,-0.0118,-1.4346,-0.2667,0.355,0.1137,-0.9827
-0.1407,-1.1521,-0.4934,0.0578,-0.8405,1.0189,-0.1025,-1.9376,-1.2741,-0.3663,-1.1828,-0.3392,0.948,-0.5963,-1.0558
0.3277,-1.1787,-1.5094,0.1761,-0.679,0.8864,0.0173,-1.4942,-0.4881,0.0804,-1.4354,-0.3138,0.5459,-0.072,-1.2316
0.3383,-0.8821,-1.4862,0.3356,-0.8715,0.9208,-0.1913,-1.591,-0.1504,0.1566,-1.7359,-0.5201,0.9222,-0.0007,-0.7703
0.2504,-1.0957,-1.6831,0.1488,-0.8674,1.5328,-0.1747,-1.5824,1.0386,-0.2075,-1.9066,-0.7632,0.9791,0.3137,-1.267
0.5306,-1.2817,-1.3275,0.4525,-1.1586,0.4662,-0.559,-0.9604,0.7084,-0.4764,-2.0787,-0.7475,1.2831,-0.0151,-1.5629
0.0712,-1.2679,-1.4954,0.2516,-1.1508,0.115,-0.4134,-0.3769,0.6986,-0.5941,-1.9867,-1.0077,0.4048,-0.5487,-1.9186
0.5039,-1.4197,-0.6657,0.2804,-0.9025,-0.1165,-0.4133,0.4054,0.494,-0.7519,-1.8494,-1.1692,0.1048,-0.9772,-2.0967
0.1899,-1.0675,0.1165,0.0524,-0.5874,-0.1114,-0.322,1.1385,0.2702,-0.7193,-1.6117,-1.1848,-0.1585,-1.1748,-1.8818
0.1878,-0.8693,0.3795,0.1747,-0.5251,0.2145,-0.2572,1.5946,-0.0953,-0.9848,-1.1672,-1.1746,-0.4665,-1.4015,-1.6923
-0.1214,-0.7649,0.886,-0.4707,-0.2759,0.8058,0.102,1.0559,-0.5229,-1.0883,-1.5405,-0.8217,-0.856,-1.6672,-1.9569
0.2166,-0.8488,1.0355,-0.2505,-0.3321,0.9524,0.1362,1.5272,-0.613,-0.8974,-1.0098,-0.8133,-0.7899,-1.6313,-1.7701
0.1171,-0.5463,1.2348,-0.0252,-0.2914,1.2308,0.2408,1.2031,-1.1361,-0.5465,-0.6584,-0.6053,-0.9405,-1.5617,-1.5413
0.1201,-0.3756,0.8282,-0.0023,-0.1377,1.4165,0.3359,0.7184,-1.6624,-0.2285,-0.2685,-0.2807,-0.7628,-1.5787,-1.1315
0.2167,-0.3193,0.5613,0.2714,-0.121,1.0202,0.5718,0.404,-1.554,-0.1094,-0.3575,-0.2044,-0.1447,-1.0965,-1.0759
0.3534,-0.4459,-0.1329,-0.0672,-0.1556,0.7257,0.4923,-0.0191,-1.4388,0.176,-0.3557,0.1428,-0.1071,-0.7217,-0.7912
-0.03,-0.1892,-1.2325,0.2074,-0.3653,0.635,0.4922,-0.1134,-1.3765,0.4289,-0.5706,0.2211,0.0271,-0.4409,-0.2193
0.0971,-0.549,-0.8301,0.2364,-0.5878,0.6651,0.5573,-0.1996,-0.0865,0.1145,-1.37,0.1764,0.0027,0.1157,-0.4959
0.2924,-1.0023,-1.1015,0.0132,-0.7303,0.8878,0.5314,-0.397,-0.279,-0.2482,-1.0216,-0.478,0.141,-0.5213,-0.6097
-0.1842,-0.7298,-1.2008,0.1869,-0.6576,1.2506,0.3546,-0.6316,-0.1788,0.0018,-1.4494,-0.4555,0.2585,-0.6143,-0.7501
0.0408,-0.9549,-0.8528,0.3418,-0.5006,1.1974,0.0841,-0.2629,0.2853,-0.3769,-1.4563,-0.6024,0.2609,-0.4048,-1.6778
0.4315,-0.7621,-0.8517,0.3749,-0.8007,1.0065,0.0423,-0.2202,-0.0369,-0.459,-1.1235,-0.6428,-0.1517,-0.6778,-1.6562
0.0221,-0.8803,-1.0084,0.2552,-0.7626,0.8095,-0.123,-0.26,-0.3994,-0.4596,-0.9352,-0.4413,-0.2414,-0.479,-1.0302
-0.1143,-0.8255,-1.3066,0.2318,-0.6522,0.1843,0.0016,0.1874,0.1157,-0.4765,-0.6591,0.4504,-0.4701,-0.6795,-1.7771
-0.009,-0.8435,-1.0204,-0.0281,-0.747,0.3793,0.145,0.0704,-0.1162,-0.6606,-1.3926,0.0582,-0.4263,-1.1821,-2.8461
0.007,-0.9255,-0.7809,0.2002,-0.6443,0.7546,0.2899,0.6807,0.486,-0.9451,-1.429,-0.4663,-0.802,-0.9746,-2.5414
0.1288,-0.6647,-0.1558,0.2702,-0.7806,0.7383,0.6722,1.0325,0.6676,-1.24,-0.9276,-0.4177,-0.8196,-1.5077,-2.4634
0.1632,-0.693,-0.0443,0.3777,-0.7009,0.7156,0.5846,1.4247,0.3981,-1.1597,-1.3153,-0.3487,-0.8556,-1.5179,-2.5807
0.5433,-0.664,0.4677,0.3853,-0.5939,0.545,0.3031,1.626,-0.4496,-1.1441,-0.7142,-0.5611,-0.8742,-2.7587,-2.5858
0.3322,-0.2516,1.5277,-0.1526,-0.2888,0.7046,0.1371,1.7021,-0.654,-0.8271,-0.5876,-0.4941,-0.9678,-2.4816,-2.2449
0.2504,-0.0431,1.4672,-0.209,-0.1387,0.4151,0.4229,1.9749,-0.6508,-0.7712,-0.3207,-0.1822,-1.1056,-2.4261,-1.6573
0.8886,0.1318,2.0606,0.1291,0.0872,0.2692,0.3761,2.3759,-0.8001,-0.4536,-0.1,0.1086,-0.5904,-2.7427,-0.8882
0.0368,0.4515,2.0779,-0.0553,0.6744,0.0112,0.6834,2.1768,-1.3605,0.4855,0.2361,0.3114,-0.4205,-2.2895,0.1504
0.2711,0.3531,1.7345,-0.1326,0.3816,0.3058,1.0145,1.8801,-1.7012,0.8222,0.242,0.6171,-0.5623,-2.5083,0.7553
-0.0488,0.1508,1.2988,-0.2078,0.1162,0.506,0.9637,1.3575,-1.5412,1.0005,-0.019,0.6196,-0.246,-2.1402,0.8658
-0.17,0.0689,0.6742,-0.0885,-0.1266,0.6488,0.7527,0.8622,-2.1637,0.9976,-0.2343,0.7542,-0.1164,-1.7187,1.3143
-0.0928,-0.0937,0.1369,0.0247,-0.4056,1.0328,0.5399,0.327,-1.5912,0.8028,-0.0675,0.586,-0.0875,-0.5168,1.1598
-0.2805,-0.0711,-0.1541,0.1328,-0.6711,1.3468,0.4782,-0.7706,-1.5979,0.8517,-0.3002,0.5858,0.01,-0.2146,1.1906
-0.473,-0.0494,-0.9675,0.0679,-0.6235,1.557,0.5924,-1.2731,-1.3253,0.6712,-0.8481,0.4366,0.3139,0.1389,1.0247
0.0214,-0.5599,-0.9139,-0.0894,-0.9257,1.3822,0.4718,-1.2814,-0.3824,0.1672,-1.6293,-0.0836,0.402,0.2926,0.1538
-0.0485,-0.8694,-1.1315,0.3258,-1.1658,1.2043,0.368,-1.5162,0.0516,0.3514,-1.5648,-0.3114,0.676,0.8052,-0.0448
-0.2373,-0.8059,-0.9848,0.1782,-1.1362,1.2158,0.2173,-1.5486,-0.4279,0.4625,-1.5597,-0.8056,0.4088,0.7924,-0.2951
-0.2109,-0.9204,-1.9596,0.1761,-1.576,1.1716,0.0096,-1.4743,-0.1458,-0.1535,-1.7492,-1.1356,0.7058,0.1813,-0.7659
-0.0011,-1.0984,-1.4052,0.1745,-1.5832,1.0974,-0.0601,-0.8912,0.8644,-0.6604,-1.762,-1.102,0.4391,0.5062,-1.1805
-0.1471,-1.0242,-1.8383,0.3609,-1.3473,1.3127,-0.2929,-1.2625,1.305,-1.046,-2.4112,-1.2205,0.3969,0.206,-1.8365
0.1688,-1.317,-0.9926,0.1973,-1.3746,0.5942,0.0624,-0.6237,1.4652,-1.307,-1.9738,-1.4643,-0.0412,-0.2637,-1.9102
0.1363,-0.9862,-0.4373,0.2331,-1.2394,0.498,0.0436,-0.033,1.1882,-1.2105,-1.6124,-1.4174,0.1517,-0.4035,-1.6518
0.2102,-0.8408,-0.277,0.2207,-1.0124,0.3909,-0.0502,0.1812,0.6976,-1.2047,-1.5734,-1.2078,0.0878,-1.2132,-1.6221
-0.2402,-0.7011,0.0367,0.1756,-0.7688,0.4075,-0.2095,0.852,0.791,-0.8721,-1.1064,-1.4157,-0.0397,-1.2715,-1.9439
0.3816,-0.6555,0.7246,0.4715,-0.5768,0.3618,-0.0816,1.0033,0.647,-1.2846,-0.8949,-0.7232,-0.3966,-1.8071,-2.3848
-0.0109,-0.3867,0.8936,0.392,-0.353,0.702,0.1389,0.9511,-0.1132,-0.9946,-0.6357,-0.9799,-0.6204,-2.0742,-1.8959
0.1351,-0.1675,1.2112,0.0195,-0.2605,0.7434,0.2567,1.3731,-0.3062,-0.8719,-0.305,-0.4441,-0.3557,-2.2244,-1.1985
-0.237,-0.1103,1.6902,-0.0142,-0.1481,1.2908,0.1785,1.1679,-0.7421,-0.643,0.0813,-0.0599,-0.3066,-2.1426,-0.6778
-0.3803,0.0044,0.8226,-0.2027,0.0935,1.0773,0.3197,0.9197,-1.2806,-0.1828,0.004,0.3483,-0.355,-2.0263,-0.3847
-0.2378,-0.339,0.9005,-0.0939,0.0083,0.7197,0.3505,0.9113,-1.2141,0.1338,0.0545,0.3395,-0.2407,-1.5455,0.3191
-0.5737,-0.2285,0.433,0.1186,-0.0021,1.6214,0.3977,0.2311,-1.1933,0.4965,-0.1409,0.982,-0.1593,-1.1459,0.6707
-0.1104,-0.4674,0.1883,0.1439,-0.1523,1.461,0.4935,-0.0502,-1.2562,0.7153,-0.4549,0.9669,0.263,-0.8713,0.5613
-0.1177,-0.6013,-0.2175,0.0554,-0.3562,0.9776,0.4162,-0.3617,-0.9545,1.0389,-1.2137,0.3681,0.3886,-0.6776,0.5238
-0.0391,-0.6305,-0.4415,0.3558,-0.6518,1.0506,0.1014,-0.1684,-0.5284,0.9628,-1.6777,-0.2152,0.5384,-1.1003,-0.5154
-0.2654,-0.9085,-1.03,0.3227,-0.9028,0.8802,0.0622,-0.0652,-0.601,0.404,-1.6282,-0.8801,-0.0411,-0.5297,-0.4912
-0.1423,-1.2042,-0.8233,0.2755,-0.8822,1.5747,0.1202,-0.5863,-0.2098,-0.0854,-1.3617,-0.8609,0.015,-0.5238,-0.7416
-0.0561,-1.0686,-0.0834,0.2313,-0.9267,1.5034,0.0138,-0.5678,0.2778,-0.018,-0.8991,-0.8423,0.1549,-0.1823,-0.6691
-0.3534,-0.8568,-0.7469,0.074,-0.5386,1.2939,-0.0372,-0.858,-0.2374,0.2131,-0.9784,-0.5965,0.2345,-0.4048,-0.1435
0.1828,-0.6486,-0.6365,-0.0769,-0.6971,0.6722,-0.0684,-1.1426,-0.0543,0.1655,-0.7502,-0.5599,0.3677,-0.3314,0.3489
-0.3979,-0.7789,-1.4783,0.1193,-0.7143,1.056,-0.1849,-1.1008,-0.1189,0.6681,-1.3659,-0.3397,0.148,0.1464,0.3457
-0.3883,-0.9835,-1.7726,0.1341,-0.9138,1.2883,-0.1571,-0.9281,0.0508,0.3283,-1.5399,-0.4841,0.3158,0.2999,0.0729
-0.3514,-1.0952,-1.6652,-0.1006,-1.1954,0.5225,-0.0688,-0.7613,0.6633,-0.3755,-2.3012,-0.4537,0.0802,0.2612,-0.7103
-0.7669,-1.4471,-1.5528,0.1272,-1.2501,0.9164,-0.1015,-0.5608,0.8946,-0.7639,-2.619,-1.0177,0.34,0.0261,-1.2573
-0.861,-1.5526,-1.4984,0.4094,-1.3156,1.2149,-0.1574,-0.1866,0.9511,-0.8523,-2.0683,-1.2775,0.1598,-0.0496,-1.5496
-0.4614,-1.4331,-0.6728,0.4339,-1.1618,1.1374,0.0036,0.0555,0.8718,-1.0113,-2.0847,-1.4834,0.1528,-0.5256,-1.9737
-0.4856,-1.508,-0.4992,0.2814,-1.0762,1.8494,-0.032,-0.0645,0.8735,-1.1205,-1.3149,-1.2388,0.2036,-1.0319,-1.9096
-0.2882,-1.2331,-0.3827,0.3016,-0.7466,1.7401,-0.0463,-0.2226,0.3822,-0.7533,-1.1716,-0.9519,0.0026,-1.4868,-1.9632
-0.516,-1.0538,-0.5965,-0.0518,-0.5497,1.8564,-0.4574,0.1283,-0.0373,-0.3761,-1.5031,-0.6042,-0.0759,-2.0658,-1.5684
-0.4288,-1.2682,-0.5271,0.0064,-0.4316,1.9558,-0.2033,0.4025,0.279,-0.5829,-1.4999,-0.6838,-0.4678,-1.6191,-1.3392
-0.4135,-1.0775,-0.1545,0.0616,-1.0408,1.3426,-0.0246,0.801,0.1313,-0.2454,-0.8006,-0.7385,-0.5819,-1.5279,-0.8286
-0.8566,-0.7896,-0.3082,0.1819,-0.8181,1.6344,0.0001,0.4763,-0.0918,-0.458,-0.7816,-0.3091,-0.3831,-1.5616,-1.2398
-0.2541,-1.1466,-0.6241,0.2532,-0.6088,1.6442,-0.0639,0.5194,-0.0566,-0.8065,-0.6307,-0.0419,-0.1306,-1.2531,-1.2381
-0.0587,-1.0398,-0.3545,0.1912,-0.6552,0.9092,0.0967,0.4784,-0.3268,-0.3247,-0.7491,-0.0495,-0.2508,-1.402,-0.9296
-0.5286,-0.6593,-0.3458,0.1044,-0.4689,0.6664,0.1477,0.4841,-0.327,0.0526,-0.7649,0.0061,-0.2931,-1.1584,-0.3401
-0.567,-0.9407,-0.2816,0.2709,-0.3488,1.0036,0.1594,0.1428,-0.3206,0.0356,-0.9577,0.2038,-0.4324,-1.3285,-0.4498
-0.5447,-0.7879,-0.7373,0.2288,-0.6159,0.9171,0.252,0.2254,-1.1665,0.492,-1.3251,0.0963,-0.4288,-1.4853,-0.3346
-0.6622,-0.814,-0.5047,0.4671,-0.5643,0.7781,0.2035,0.8992,-0.0728,0.237,-1.4202,-0.5087,-0.4439,-1.1169,-0.5268
-0.7659,-1.1457,-0.1807,0.1676,-0.6662,1.4002,0.1109,0.8543,0.0401,-0.1599,-1.5278,-0.6714,-0.6682,-1.4989,-1.0333
-0.243,-1.0472,0.335,0.2537,-0.6271,0.9336,0.0737,1.336,0.0102,-0.4581,-1.2614,-0.9579,-1.0281,-2.1248,-0.96
-0.0883,-0.8472,0.4624,0.3511,-0.653,1.1496,0.1172,1.5111,0.0703,-0.2922,-1.1822,-0.9718,-1.1003,-2.1153,-1.5635
0.3114,-1.0859,1.6124,0.075,-0.2875,0.6776,0.0703,2.043,-0.0601,-0.0682,-0.5254,-0.9442,-1.0412,-2.3372,-1.2436
-0.8164,-0.6077,1.7201,0.109,-0.2349,0.9152,0.4207,1.9492,-0.9478,0.4609,-0.4196,-0.3949,-1.1115,-2.1996,-0.7717
-0.4665,-0.7188,1.6526,0.028,-0.2236,1.207,0.3456,1.5839,-1.2721,0.275,-0.1574,-0.0422,-1.0892,-2.6184,-0.167
-0.4592,-0.5119,0.7223,-0.1073,0.0435,1.2675,0.4659,0.9884,-1.4447,0.7515,-0.0584,0.4181,-0.884,-2.2975,0.2559
-0.4873,-0.6176,0.639,0.1748,-0.1095,0.9739,0.6447,1.212,-1.0895,1.1351,0.0747,0.5424,-0.8199,-1.9429,0.931
-0.6033,-0.2419,0.3367,-0.0383,-0.2429,1.1117,0.8348,0.5781,-1.4011,1.182,-0.1169,0.6144,-0.3117,-1.7944,0.8959
-0.5244,-0.4688,0.0411,0.1653,-0.2677,1.5107,0.7622,0.0684,-1.0557,0.9888,-0.6159,0.6795,0.1369,-1.7801,1.6347
-0.3871,-0.8152,-0.0214,0.1893,-0.9903,1.7154,0.7607,-0.0702,-0.8707,0.8115,-0.702,0.1811,0.047,-1.2168,0.9315
-0.3264,-0.6884,-0.4578,-0.009,-1.037,1.475,0.4771,-0.0725,-0.479,0.5993,-1.014,-0.1316,0.1603,-0.2917,0.8757
-0.2712,-0.6028,-0.856,0.0031,-0.9998,1.717,0.4124,-0.8282,-0.3132,0.4931,-1.3348,-0.2738,0.0957,0.2478,0.1951
-0.6179,-0.9362,-1.3507,0.2033,-1.0349,1.8078,0.3733,-1.4324,-0.1179,0.431,-1.7616,-1.1814,0.3777,0.3126,0.0733
-0.2323,-1.2835,-1.0297,0.3606,-1.1138,1.535,0.4699,-1.5797,0.1641,0.2472,-1.5041,-1.26,0.5202,0.3663,-0.2073
-0.8987,-1.0609,-1.2021,0.3811,-1.1754,1.4108,0.2726,-1.7116,-0.1406,0.3964,-1.7295,-1.3135,0.6552,0.5586,0.5897
-0.6949,-1.3224,-1.8417,0.2647,-1.3308,1.2161,0.3644,-1.8618,0.0885,0.3671,-2.0584,-1.2406,0.7834,0.9634,-0.4912
-0.5054,-1.6389,-1.7746,0.4286,-1.1827,1.2341,0.4679,-2.0145,0.575,0.164,-2.1071,-1.4005,0.7038,0.5048,-0.5426
-0.6357,-1.6474,-2.0159,0.6744,-1.1861,1.4424,0.4059,-1.8807,0.7157,0.3079,-1.5691,-1.5393,0.8228,0.4941,-0.2835
-0.4271,-1.5686,-1.8181,0.7067,-1.097,1.6221,0.4215,-2.1921,0.6793,0.3154,-1.7724,-1.444,0.8012,-0.1023,-0.8131
-0.5752,-1.5615,-2.5943,0.4773,-1.2668,1.3659,0.293,-1.6742,0.5722,0.3518,-1.991,-1.37,1.0222,-0.0947,-0.613
-0.3368,-1.7675,-1.9677,0.5961,-1.1088,0.7617,0.4556,-0.9887,1.1479,0.0758,-1.897,-1.3837,0.673,-0.0561,-0.6652
-0.711,-1.5276,-0.4101,0.426,-1.1867,1.4834,0.5475,-0.7789,1.2506,-0.1468,-1.9938,-1.1406,0.4651,-0.5363,-0.8385
-0.6149,-1.4924,-0.6246,0.6121,-0.9934,1.7667,0.5558,-0.6986,0.4356,-0.2263,-1.8056,-1.0897,1.0045,-1.1785,-0.8339
-0.7356,-1.479,-0.8449,0.4316,-0.7954,1.711,0.6115,-0.4243,0.0492,-0.089,-2.2243,-1.252,0.5566,-1.0408,-0.7194
-0.5338,-1.3947,-0.1792,0.4593,-1.0611,1.2254,0.4262,0.2502,0.7049,-0.2192,-1.9654,-1.5963,0.2192,-0.9567,-1.0471
-0.2477,-1.1622,0.2825,0.3011,-0.7006,1.0539,0.3193,0.4309,0.6785,-0.5585,-1.3092,-1.441,-0.1334,-1.126,-0.4305
-0.2251,-0.9976,0.4419,0.1966,-0.5474,0.5102,0.209,0.5843,0.1699,-0.0915,-1.1973,-1.0851,-0.2769,-1.6105,-0.4789
-0.7059,-0.8969,0.9204,0.061,-0.6017,0.5453,0.4335,0.6572,0.0807,-0.1128,-0.7195,-0.7005,-0.5109,-1.4561,-0.1608
-0.371,-0.8246,0.9943,0.1434,-0.1679,0.7371,0.4049,0.6196,-0.3294,0.1251,-0.1354,-0.2349,-0.3245,-1.2788,0.2805
-0.5543,-0.4303,0.6024,-0.0673,0.1556,1.1588,0.5624,0.0231,-0.9648,0.705,-0.4262,-0.1093,-0.2266,-1.3627,-0.0845
-0.9241,-0.6288,0.036,-0.1199,-0.0926,1.0943,0.8084,-0.1568,-0.6725,0.5871,-0.9077,0.0363,-0.0045,-1.0667,0.259
-0.787,-0.7586,-0.0308,-0.215,-0.2512,1.1299,0.9671,-0.1921,-0.5683,0.5459,-1.2376,-0.0782,0.1892,-0.8812,-0.0675
-0.5143,-1.0724,0.5998,-0.0593,-0.5399,1.0505,0.8848,-0.562,-0.6397,0.2811,-1.7851,-0.1823,0.1237,-0.5794,-0.3508
-0.6089,-1.3297,0.0555,0.0036,-0.2313,0.9324,0.7,-0.6288,-0.5487,0.4767,-1.5534,-0.0387,0.4499,-0.2889,-0.4367
-0.957,-1.2508,-0.9609,-0.0157,-0.3941,1.1849,0.6798,-0.6702,-0.8849,0.9754,-1.6028,-0.475,0.5239,0.0784,-0.1694
-0.9154,-1.2459,-1.4414,-0.0583,-0.9459,1.1188,0.7368,-0.8218,-0.3728,0.3499,-1.6597,-0.6947,0.269,0.1435,-0.4142
-0.8047,-1.6851,-1.671,-0.2259,-1.0122,1.5854,0.3937,-1.1434,-0.0923,-0.1719,-2.4926,-0.7426,0.4056,0.0134,-0.737
-0.4511,-1.8861,-1.3474,0.0848,-1.1168,1.1969,0.3386,-0.8221,1.0757,-0.474,-2.2791,-1.456,0.0844,0.4113,-0.907
-0.1308,-1.7067,-0.8458,0.191,-1.0616,1.2307,0.4177,-0.7086,1.3004,-0.4712,-2.0175,-1.4034,-0.014,0.347,-1.3162
-0.5021,-1.5048,-0.8349,0.3168,-0.8846,1.2304,0.3387,-1.1192,0.6509,-0.2084,-1.6902,-1.2009,-0.0395,0.2455,-0.9679
-0.6422,-1.4402,-0.3473,0.6794,-1.0835,1.3241,0.4229,-1.304,0.1678,-0.3671,-1.4894,-1.0646,0.5932,0.3664,-1.6342
-0.8224,-1.3989,-1.0909,0.2117,-0.8171,1.2755,0.1997,-1.3704,-0.0943,-0.5613,-1.1966,-1.0368,0.4318,0.5014,-1.0036
-0.84,-1.3905,-1.1657,0.2537,-0.7766,1.7191,0.2512,-1.5244,0.6189,-0.6714,-1.7018,-0.9267,0.6582,1.3465,-1.1218
-0.8345,-1.6131,-1.8612,0.4647,-0.7511,0.8014,0.2125,-1.6691,0.5425,-0.4321,-1.9825,-1.2992,0.9155,0.8101,-0.8803
-0.9006,-1.665,-1.6861,0.5461,-0.8261,0.7378,0.1096,-1.5032,1.1693,-0.3704,-2.3295,-0.9023,0.666,0.6586,-1.2236
-0.6396,-1.7023,-1.1228,0.3146,-0.851,0.6834,0.2181,-0.8394,1.4716,-0.6665,-2.1417,-1.2699,0.254,0.3764,-1.804
-0.7384,-1.5863,-0.8948,0.2678,-0.5628,0.9104,0.2527,-0.5354,1.0784,-0.7172,-1.9535,-1.8169,0.269,-0.1335,-1.3466
-0.6211,-1.4441,-0.4749,0.3039,-0.4865,1.0329,0.3776,-0.2618,0.5502,-0.4898,-1.4585,-1.4101,0.0641,-0.7229,-0.8838
-0.719,-1.0245,-0.8885,0.3276,-0.4512,1.4073,0.4496,0.0155,0.2398,-0.2783,-1.4821,-1.1247,-0.0009,-0.3007,-0.8223
-0.6648,-1.0464,-0.5987,0.5327,-0.6309,1.3701,0.5213,0.0082,0.2046,-0.4098,-1.2774,-0.9876,-0.1756,-0.7372,-0.6869
-0.7452,-1.2154,-0.6392,0.4965,-0.665,0.9437,0.1864,0.2803,0.4176,-0.562,-1.6264,-0.9588,0.0525,-0.4743,-0.8499
-0.636,-1.2235,-0.3469,0.5987,-0.2115,0.8122,0.1622,0.2946,0.4425,-0.5914,-1.9055,-0.9934,-0.0951,-0.7964,-0.8968
-1.0368,-1.1082,-0.535,0.3248,-0.1943,0.7985,0.2832,0.7328,0.3405,-0.3079,-1.8271,-1.1681,-0.0014,-0.9975,-1.6038
-0.8753,-1.3392,-0.372,0.3624,-0.246,0.9621,0.4954,1.0646,0.7387,-0.6594,-1.5519,-1.0899,-0.2135,-1.4557,-1.1088
-0.8965,-1.4747,0.3918,0.2155,-0.2574,1.439,0.4506,1.0616,0.4568,-0.7612,-1.8462,-0.9076,-0.335,-2.1035,-0.9034
-0.518,-0.8994,0.889,0.1527,-0.0152,0.8619,0.3022,1.6729,0.2003,-0.4213,-1.0427,-0.7112,-0.5625,-2.1806,-0.8496
-0.626,-0.6558,1.6235,0.3983,0.124,0.9835,0.7784,1.6883,-0.2115,-0.5906,-0.4699,-0.5004,-0.4443,-2.4975,-0.5582
-1.112,-0.5669,1.6834,0.245,0.3189,1.3286,0.915,1.3002,-0.9541,-0.1891,-0.2639,-0.4555,-0.3381,-2.5881,0.4082
-0.9628,-0.4441,1.1488,-0.0135,0.3958,1.5349,0.8334,1.0489,-1.3064,0.2546,-0.4506,-0.042,-0.2307,-2.6454,0.4821
-1.2447,-0.6934,0.653,-0.0419,0.4625,1.4553,0.8883,0.8468,-1.8761,0.3741,-0.7055,0.1219,-0.3429,-2.275,0.4712
-1.107,-0.6407,0.8315,0.4685,0.228,1.7011,0.9561,0.2237,-1.387,0.3767,-0.5839,0.0053,0.1639,-1.5433,0.6175
-0.8893,-0.8252,0.6971,0.5395,0.0883,1.8197,1.1048,-0.2859,-1.1454,0.3801,-0.7377,-0.3006,0.3922,-1.0555,1.3845
-1.0917,-0.8475,-0.5406,0.0974,0.0593,1.7576,0.9711,-0.8153,-0.9049,0.9081,-1.0213,-0.3385,0.5965,-0.3856,1.4162
-1.1465,-1.1184,-0.8703,0.5287,-0.2282,1.8376,1.3937,-1.2554,-0.4938,1.1831,-1.1544,-0.3475,0.8773,-0.2435,1.4754
-1.2255,-1.2361,-1.6076,0.336,-0.3999,1.5319,1.1337,-1.4019,-0.0072,1.0212,-1.9533,-0.5198,1.0802,0.1936,0.9377
-1.0435,-1.5939,-1.8284,0.463,-1.0439,1.3946,0.8944,-1.4608,0.5336,0.497,-2.4032,-0.8837,1.1156,0.0611,-0.2434
-1.0454,-1.7246,-1.4591,0.1119,-1.3169,1.2925,0.6505,-1.0077,1.5192,-0.3237,-2.0386,-0.7076,1.1337,0.2654,-0.3096
-0.7721,-1.7616,-1.1865,0.2554,-1.1352,1.5744,0.191,-1.1011,1.1642,-0.7203,-2.4138,-0.9829,1.3659,-0.1203,-0.95
-0.8777,-1.5853,-0.9201,0.4379,-0.757,1.764,0.2122,-1.408,1.0066,-0.4829,-2.0359,-1.6635,0.6901,-0.381,-1.7407
-0.7116,-1.6971,-1.2981,0.2727,-0.6982,1.7731,0.408,-0.8857,1.3386,-0.6872,-2.1262,-1.7385,0.7565,-0.2969,-2.0921
-0.5228,-1.4473,-0.8751,0.2628,-0.6962,1.3699,0.5309,-0.6349,1.1388,-0.6868,-1.4732,-1.8195,0.4935,-0.9012,-1.7903
-0.5641,-1.5129,-0.5835,0.3474,-1.0618,1.132,0.3878,-0.253,0.9797,-0.9345,-1.0525,-1.3577,0.2744,-1.2178,-1.5375
-0.8301,-1.2626,-0.9764,0.1226,-0.6443,1.2658,0.4618,-0.3651,0.8017,-0.9153,-2.3432,-1.3769,0.1408,-1.5991,-2.3187
-0.8926,-1.4514,-0.8195,0.3158,-0.1792,1.5237,0.5265,0.8347,0.0861,-1.0022,-2.2842,-1.5737,-0.2623,-1.5473,-2.0724
-0.9589,-1.6879,-0.3017,0.1285,-0.4182,1.6024,0.4941,1.8241,0.8847,-1.0878,-2.0514,-1.651,-0.5069,-2.155,-1.9872
-1.4125,-1.4217,0.4479,-0.1385,-0.353,2.0876,0.4374,1.6069,0.4193,-1.3223,-1.5953,-1.763,0.1277,-2.2284,-2.1496
-0.8422,-1.3805,0.7745,-0.0134,-0.0438,1.8511,0.5545,1.1565,-0.1453,-1.5782,-0.7474,-1.7584,-0.0228,-2.8748,-2.6972
-0.8871,-1.0099,0.9513,-0.1636,0.2352,1.5278,0.4632,1.4245,-0.3263,-0.8364,-0.4738,-0.8567,-0.0332,-2.1338,-1.5661
-0.8099,-1.0395,0.9219,-0.1677,0.4508,1.5297,0.7297,0.877,-0.5307,-0.5528,-0.5697,-0.5014,-0.0342,-2.0093,-0.9241
-0.4144,-0.8942,0.732,-0.1728,0.5715,1.2816,0.5182,0.5452,-0.7067,0.1751,-0.7134,-0.1559,0.2506,-1.4663,0.1963
-0.7366,-0.7884,0.36,-0.1373,0.2775,1.6637,0.6616,-0.0172,-0.9631,1.0478,-0.8269,-0.3306,0.3955,-1.4721,0.9272
-0.9891,-0.961,-0.4277,0.2411,0.0159,1.5375,0.6346,-0.2495,-0.8673,0.9717,-0.7824,-0.4731,0.2697,-1.1373,0.8943
-0.578,-1.2361,-0.7156,0.2797,-0.2979,1.4676,0.3124,-0.5846,-0.4727,0.6074,-0.9117,-0.1634,0.5403,-0.6822,0.5236
-1.1097,-1.0847,-0.8353,0.1462,-0.3875,1.3185,0.4232,-0.7608,-0.3519,0.4547,-1.878,-0.1488,0.547,-0.2446,0.3518
-1.2132,-1.4513,-1.5873,0.1536,-0.5357,1.4869,-0.0599,-0.7238,-0.07,-0.0633,-2.5231,-0.6448,0.6412,0.4701,-0.4411
-0.5809,-1.6518,-1.0045,0.1881,-0.8426,1.2191,0.0623,-0.9581,0.5982,-0.5316,-1.9914,-1.3596,0.2628,-0.0985,-0.7113
-0.686,-1.3558,-0.3729,0.149,-0.7382,0.807,-0.047,-0.5166,1.254,-0.4603,-1.7764,-1.5983,0.6402,-0.1504,-1.0354
-0.6039,-1.2794,-0.018,0.2499,-0.3519,0.8419,-0.0197,-0.3456,0.7141,-0.8375,-1.3205,-1.5957,0.427,-0.2978,-1.2147
-0.2435,-1.1424,0.2805,0.0444,-0.5456,0.2676,0.1174,-0.1408,0.3247,-0.8341,-1.0127,-1.394,0.3515,-0.5232,-1.0376
-0.8261,-0.9355,-0.062,-0.0181,-0.1729,0.6991,0.0984,-0.4071,-0.0176,-0.5476,-0.7451,-1.3305,0.5746,-0.3476,-0.7335
-0.7794,-1.0131,-0.004,0.4358,-0.0274,0.899,-0.0071,-0.5141,-0.0665,-0.6245,-0.6359,-0.9617,0.4635,-0.2549,-0.8626
-0.8516,-1.1321,-0.0632,0.1759,0.7413,0.9468,0.2162,-0.3739,-0.0304,-0.0481,-0.6561,-0.8476,0.1278,0.2288,-0.3536
-0.8863,-0.904,-0.5765,0.0773,0.4181,0.8104,0.4805,-0.6253,-0.1795,0.5359,-0.6969,-0.7379,0.4888,-0.4002,-0.1453
-0.9647,-0.953,-0.7188,0.2554,0.0208,0.8789,0.4324,-0.6239,0.079,0.2194,-0.9183,-0.9115,0.5579,-0.1512,0.0305
-0.9745,-1.1726,-0.9522,-0.0787,-0.4371,0.5952,0.5078,-0.715,0.3683,-0.2422,-1.4128,-0.8024,0.5163,-0.1831,0.1727
-0.9136,-1.3837,-1.1501,0.3603,-0.4929,0.6989,0.3989,-0.5082,0.2486,-0.4804,-1.2315,-0.9048,0.4859,-0.1524,-0.2456
-1.0861,-1.5087,-1.0538,0.2556,-0.8695,0.5094,0.5051,-0.2671,1.0994,-0.9757,-1.6526,-1.0797,0.5928,-0.4823,-0.8394
-1.0306,-1.6384,-0.9214,0.101,-0.6347,0.9598,0.0841,-0.0495,0.7629,-1.2809,-1.4503,-1.2761,0.9235,-0.6179,-1.204
-0.6902,-1.5399,-0.7023,0.3281,-0.4541,0.9999,0.0064,-0.0591,0.7704,-1.1153,-0.9938,-1.1582,0.6339,-0.5464,-0.904
-0.5644,-1.1935,-0.3885,0.2141,-0.3462,0.7688,0.1298,-0.3637,0.4334,-0.7526,-1.2077,-0.9432,0.5618,-0.8657,-0.8916
-0.9693,-1.2795,-0.6339,0.481,-0.7235,0.8995,0.1461,-0.0377,0.2852,-0.7869,-0.7802,-1.4327,0.5098,-0.8109,-0.4165
-0.5012,-1.1906,-0.5045,0.2372,-0.4463,0.9668,0.1875,-0.1178,0.3423,-1.0522,-1.0422,-1.119,0.246,-0.7939,-0.5911
-1.0555,-1.0795,0.2104,0.2871,-0.414,0.9542,-0.0213,0.2551,0.3232,-0.7502,-0.9821,-1.1197,-0.18,-1.0273,-0.5631
-0.8588,-1.4366,0.0936,0.386,-0.2309,1.0345,-0.1325,0.3516,0.0588,-0.899,-1.0231,-1.0272,-0.0537,-1.1975,-0.8909
-1.0408,-1.4236,-0.1218,0.2878,-0.5328,1.1715,0.0026,0.3007,-0.2916,-0.8078,-1.1366,-0.6656,-0.1265,-1.2087,-0.8313
-0.7402,-1.3325,-0.6728,0.246,-0.3719,1.3383,0.3544,0.4514,-0.0849,-1.1157,-1.4561,-0.5598,0.161,-1.2424,-1.244
-1.1452,-1.5205,-0.2628,0.36,-0.2033,1.4075,0.2952,0.3405,-0.1061,-1.0819,-0.7644,-0.8665,0.2281,-1.3508,-0.3911
-0.8071,-1.3603,-0.0305,0.2715,-0.2776,1.0092,0.0524,0.178,0.3167,-1.0295,-0.9702,-0.8155,0.0769,-1.4611,-0.6381
-1.5813,-1.2679,-0.6559,0.4304,-0.2027,1.5632,0.1409,0.6155,0.341,-1.1451,-1.0661,-0.5848,0.0383,-1.0163,-0.7315
-0.9606,-1.1365,0.0199,0.3182,-0.4085,1.6335,0.1407,-0.0783,-0.149,-1.5517,-1.3395,-0.6839,0.2525,-1.659,-0.674
-1.1494,-1.4435,-0.1078,0.2424,-0.3758,1.5875,0.1907,0.3593,0.097,-1.3196,-0.8622,-0.7208,0.7139,-1.6424,-0.325
-0.7618,-1.3146,-0.1986,-0.0648,-0.3081,1.0951,0.1714,0.1511,-0.272,-1.1222,-0.7473,-0.5261,0.1904,-1.6112,-0.278
-0.7369,-1.2736,-0.5688,-0.2725,-0.1149,0.9842,-0.0591,0.2225,0.031,-1.0248,-1.0801,-0.3227,0.0338,-0.8332,-0.2943
-0.7296,-1.2704,-0.5151,-0.3844,0.215,1.0449,-0.0298,0.3188,0.4778,-0.8924,-1.9564,-0.2336,0.3736,-0.6606,-0.5395
-0.5573,-1.6761,-0.2321,-0.148,0.2425,0.8754,-0.3511,0.0289,0.419,-0.8458,-1.581,-0.7256,0.4848,-1.1608,-0.8993
-0.6856,-1.459,-0.1416,-0.1284,-0.0714,1.093,-0.0716,0.0596,0.8157,-0.7384,-1.9725,-1.0727,0.0476,-1.3229,-0.5882
-0.6497,-1.599,-0.3074,-0.0779,0.1247,0.8845,-0.0423,0.8541,0.997,-0.9119,-1.6668,-1.5963,0.059,-1.5232,-0.3197
-0.4673,-1.577,-0.0366,0.1221,0.0802,1.2626,-0.0162,0.7915,0.8847,-0.8908,-1.5903,-1.3632,-0.2154,-2.255,0.0246
-0.5487,-1.5437,0.4163,0.2647,0.1646,1.2477,0.1142,1.1061,0.3757,-0.5789,-1.293,-1.2247,-0.2867,-2.1021,-0.0423
-0.5778,-1.4533,0.4942,1.0625,-0.0139,0.7536,0.2589,1.4894,0.1475,-0.5898,0.5143,-1.0205,-0.1892,-2.0819,0.4269
-0.8568,-1.0343,1.3155,0.5281,-0.1758,1.1808,0.2351,0.7936,-0.7124,-0.6662,0.1469,-0.5431,0.3422,-2.0591,0.7963
-0.6061,-0.8565,0.9186,0.0275,0.1137,1.0252,0.1612,0.1358,-1.0085,-0.6561,-0.2467,-0.0695,0.4824,-1.7893,0.8933
-0.7527,-1.091,-0.0192,-0.1115,0.4351,0.7842,0.0969,0.1956,-0.7854,-0.3011,-0.4959,0.3861,0.4054,-0.6178,0.8556
-0.9558,-1.3179,-0.5473,-0.4553,0.1556,1.0017,0.0877,-0.3854,-0.7945,-0.258,-1.2063,0.2839,0.3547,-0.695,1.0172
-1.0718,-1.4262,-0.8083,-0.2558,-0.2791,1.502,0.3833,-0.6672,-0.0291,-0.1746,-1.3434,-0.128,0.6285,-0.5309,0.4784
-0.7145,-1.5782,-0.6108,0.0564,-0.7153,1.3882,0.3718,-0.689,0.1535,-0.7501,-1.438,-0.2114,0.7045,-0.1381,-0.5988
-0.6108,-1.5426,-0.5672,0.1361,-0.2803,0.9617,0.2449,-0.7608,-0.2507,-0.6213,-1.2855,-0.3431,0.2666,0.6104,-0.4721
-0.6593,-1.6493,-0.9782,0.0704,-0.0934,0.7296,0.4733,-0.8229,-0.172,-0.232,-1.3853,-0.7796,0.4542,0.1551,-0.1524
-1.0085,-1.7299,-1.6866,0.1061,-0.6684,0.7433,0.2069,-0.7104,0.4328,-0.5303,-1.6008,-1.2661,0.752,0.1791,-0.245
-1.139,-1.8052,-1.3095,0.0733,-0.8944,0.9446,0.1382,-0.86,1.0367,-1.0543,-1.865,-1.249,1.0266,0.0616,0.097
-0.8994,-1.9523,-1.7196,0.2304,-0.6916,1.1401,0.0565,-0.847,0.4737,-0.9933,-2.0531,-1.2915,1.3083,0.1652,-0.4418
-0.6886,-2.0326,-1.276,-0.1208,-0.9457,1.0666,-0.0707,-0.5848,1.153,-1.37,-2.761,-1.7052,1.0103,0.094,-1.0851
-0.5133,-2.2279,0.6008,0.0395,-1.0596,0.8295,-0.1637,0.0772,1.2008,-1.5737,-1.9082,-1.8142,0.818,-0.5926,-0.8506
-0.1249,-1.7277,0.7803,0.1005,-0.8006,0.7502,-0.3598,0.1369,0.2925,-1.4062,-1.936,-1.6313,0.4498,-0.889,-1.2264
-0.3815,-1.559,0.455,0.147,-0.3749,0.7807,-0.1317,0.5127,0.2843,-1.2278,-1.3652,-1.5607,0.0674,-1.3435,-1.2709
-0.6717,-1.6867,0.2335,0.0793,0.1246,1.03,0.0664,0.4271,-0.2042,-0.9297,-1.3579,-1.2442,-0.0029,-1.1317,-1.1309
-0.7217,-1.3971,-0.0382,-0.0045,0.0327,1.1312,0.0729,0.5099,-0.1545,-0.7591,-0.9859,-1.12,0.0852,-1.3939,-0.5343
-0.7873,-1.4251,-0.2342,-0.2295,0.0315,0.885,0.1997,0.5696,-0.6942,-0.7008,-0.8417,-0.753,0.1894,-1.4841,-0.7893
-0.7797,-1.4064,-0.5868,-0.1751,-0.1058,0.7996,0.3568,0.698,-0.1424,-1.0173,-1.2899,-0.4726,0.4342,-1.2916,-0.202
-0.7489,-1.345,0.1166,-0.0455,-0.1395,0.4958,0.5167,0.9241,0.413,-0.9696,-1.4171,-0.7295,0.3539,-1.1685,-0.1611
-1.087,-1.5679,0.3408,0.5835,-0.303,0.0819,0.3695,1.077,-0.0594,-1.1111,-1.0845,-0.5533,0.1732,-0.9373,-0.47
-0.8854,-1.6117,0.712,0.3569,-0.3942,0.0991,0.5205,1.4144,-0.1575,-1.0973,-1.1845,-0.5305,-0.0049,-1.2976,-1.7905
-0.6678,-1.6636,0.7491,0.5521,-0.3552,0.4242,0.3928,1.7707,-0.1039,-1.5848,-0.9977,-0.4486,-0.1559,-1.7191,-1.2307
-1.0971,-1.2778,0.6599,0.4822,-0.359,0.8537,0.5456,1.6445,-0.1675,-1.3714,-0.9838,-0.4109,0.1272,-2.4148,-0.8389
-0.5315,-1.2474,1.4156,0.1383,-0.0435,0.4292,0.4939,1.9939,-0.3484,-1.5018,-0.8588,-0.4902,0.2301,-2.0525,-0.2448
-0.5969,-0.9792,1.7191,0.2595,-0.0746,0.3342,0.546,1.9385,-1.0794,-1.0143,-0.25,-0.4106,-0.1884,-2.156,0.1653
-1.085,-0.6557,1.2533,0.3778,0.1244,1.3739,0.4421,1.1519,-1.4513,-0.7284,-0.5708,0.2579,0.116,-2.2268,0.7906
-0.8173,-0.6973,0.8195,0.4314,-0.0456,1.3782,0.5382,0.8649,-1.2038,-0.6431,-0.9728,0.534,-0.0697,-1.7398,0.3325
-0.7097,-0.9704,1.0558,0.5732,-0.0342,1.5315,0.3189,0.6247,-1.2338,-0.6133,-1.0881,0.4639,0.2453,-1.4588,0.3645
-1.0748,-1.0135,0.4501,0.2927,-0.0429,1.347,0.4278,1.0256,-0.6885,-0.4109,-1.1297,0.3209,-0.1579,-1.5533,0.1855
-1.0982,-1.2945,0.3387,0.4745,-0.2032,1.5414,0.5058,0.6513,-0.3012,-0.799,-1.4792,-0.0001,0.1796,-1.2257,0.0944
-1.0784,-1.2803,0.0936,0.4049,0.0819,1.1001,0.4811,0.438,-0.2588,-0.5738,-1.8295,-0.1243,-0.0395,-0.8525,0.2158
-0.9673,-1.952,0.1513,0.4926,-0.1798,1.6357,0.45,-0.0425,-0.4321,-0.4101,-1.1551,-0.5547,0.3229,-1.0836,0.4579
-0.8296,-1.5914,0.0086,0.4804,-0.4496,1.5131,0.4523,-0.4789,-0.2498,-0.0263,-2.0471,-0.5036,0.7336,-0.4688,-0.0394
-0.9962,-1.5654,-0.3215,0.7387,-0.6548,1.143,0.2344,-0.4631,0.1309,-0.4761,-1.93,-0.7942,0.9555,-0.2839,-0.3867
-0.8255,-1.6623,-0.2481,0.5482,-0.7174,0.6954,0.2095,-0.2096,0.4098,-0.9822,-1.4878,-1.1461,0.83,-0.6223,-0.3794
-0.704,-1.603,-0.1777,0.5053,-0.7066,1.123,0.3195,-0.4505,0.1548,-0.9831,-1.8677,-0.8751,0.9147,-0.648,-0.7909
-0.6797,-1.8711,0.2084,0.3982,-0.7887,1.1595,0.4097,-0.1759,-0.207,-0.9514,-2.1842,-0.7568,1.0361,-0.2057,-0.5901
-0.73,-1.6076,0.0243,0.4042,-0.6048,1.2775,0.5552,-0.3053,-0.4597,-0.5718,-1.7169,-0.9702,1.1953,-0.3013,-0.3854
-0.6753,-1.451,-0.1483,0.3065,-0.6322,0.855,0.5879,-0.3846,-0.1859,-0.379,-1.6653,-1.6905,0.9084,-0.0815,-0.1699
-0.7962,-1.5708,-0.6087,0.2599,-0.9098,0.8224,0.6041,-0.2325,0.5479,-0.7239,-1.7458,-1.0055,0.8932,-0.0198,-0.318
-0.6375,-1.6851,-0.435,0.59,-0.9006,0.9129,0.3983,-0.2727,0.4374,-1.0004,-1.7095,-0.9772,0.8574,0.3727,-0.184
-0.6627,-1.628,-0.4549,0.1743,-0.7827,0.7299,0.2698,-0.3374,0.7301,-0.8047,-2.0226,-0.7459,0.8598,-0.0975,-0.4586
-0.5072,-1.5689,-0.753,0.416,-0.8854,1.1585,0.0268,-0.3503,0.369,-0.5053,-2.1848,-0.9492,0.7863,-0.1369,-0.5471
-0.9997,-1.4677,-0.9129,0.6747,-0.6109,1.1768,0.106,-0.3074,0.5554,-0.5412,-2.3267,-0.909,0.9653,1.3199,-0.8587
-0.2566,-1.8109,-0.4237,0.6798,-0.419,1.4979,0.183,-0.7886,0.4063,-0.8502,-1.8266,-1.0073,0.7924,0.5163,-1.1868
-0.3564,-1.6328,-0.7612,1.2582,-0.4211,1.0965,0.0863,-0.1383,0.4842,-0.2723,-1.7542,-0.3874,0.5465,0.6714,-0.8742
-0.2649,-1.3745,-0.4092,0.8147,-0.6484,1.0132,0.0823,-0.2908,0.3739,-0.3211,-2.0057,-0.5707,0.6864,0.3347,-1.1526
-0.2725,-1.5608,-0.3602,0.7458,-1.1116,0.9728,0.3142,-0.2057,0.3869,-0.6405,-1.7992,-0.8315,0.6088,0.172,-0.4524
-0.3041,-1.368,-0.1383,0.8443,-0.9482,1.0679,0.0467,-0.2715,0.1732,-0.6181,-1.8477,-0.7509,0.3953,0.2013,-0.5377
-0.6945,-0.8863,-0.3559,0.7869,-0.9521,1.1807,0.0179,0.0627,0.2237,-0.7802,-1.8239,-1.1479,0.4474,0.2731,-0.5698
-0.7346,-1.3724,-0.2825,0.7134,-0.8885,1.622,0.1571,-0.227,0.0787,-1.2284,-1.7041,-0.9622,0.6846,0.1258,-0.8664
-0.7756,-1.2908,-0.4003,0.561,-0.9345,1.5132,0.2344,-0.3652,0.1965,-1.3424,-1.5236,-0.9147,0.6517,0.085,-1.3516
-0.9729,-1.2464,-0.7155,0.6353,-0.942,1.2921,-0.3191,-0.5833,0.1616,-1.7183,-1.7827,-0.5058,0.9053,0.301,-1.4491
-0.0955,-1.5215,-0.403,0.5723,-0.6186,0.9841,-0.0856,-0.6472,0.4039,-1.5905,-2.4093,-0.4259,0.6947,0.1093,-1.5338
-0.4219,-1.1522,-0.5204,0.646,-0.6517,1.1406,-0.3761,-0.2549,0.3352,-0.7986,-2.3907,-0.7513,0.8965,0.2986,-2.1174
-0.7276,-1.1125,-0.6487,0.8111,-0.4509,1.4441,-0.2291,-0.5472,0.5693,-0.8856,-2.3519,-0.9756,0.7951,-0.3674,-1.8829
-1.0125,-1.2768,-1.0058,0.9224,-0.3849,1.5602,-0.0763,-0.3779,0.4487,-0.6601,-2.32,-1.2103,0.8051,-0.8452,-2.1072
-0.8435,-1.5339,-0.8235,0.9329,-0.5483,1.2454,-0.2294,0.3537,1.3307,-1.1519,-2.3458,-1.11,0.6309,-0.8914,-2.2682
-0.7838,-1.402,-0.345,0.796,-0.3918,1.0847,-0.1288,0.5693,1.0613,-1.2835,-1.6194,-1.0242,0.4801,-1.7421,-3.2437
-0.8285,-1.336,0.5397,1.1282,-0.5528,1.1376,-0.0486,0.6409,0.9889,-1.5014,-1.936,-0.7153,0.237,-1.4161,-2.3509
-0.5425,-1.1302,0.3658,1.2711,-0.3787,0.908,-0.012,0.991,0.4205,-1.5077,-1.3386,-0.7854,0.2544,-1.6884,-1.9145
-0.3434,-0.7864,0.5495,0.8616,-0.1165,0.5072,-0.3044,1.3608,0.1545,-1.174,-1.3993,-0.4914,0.0074,-1.8066,-1.9983
-0.6834,-0.9931,0.8764,1.2542,0.0606,0.8982,-0.2316,1.2645,0.1035,-1.0924,-1.3985,-0.4821,-0.0641,-2.1739,-1.8255
-0.6507,-0.9552,0.8485,1.1588,0.0914,0.7057,-0.2111,1.842,0.2215,-0.8255,-1.2963,-0.1182,-0.1533,-1.8418,-1.4159
-0.5673,-0.8374,0.8926,1.7318,0.3458,0.9395,-0.0315,1.9239,0.1644,0.0207,-0.5095,0.1764,-0.2631,-1.865,-0.5259
-0.638,-0.5843,1.737,0.9494,0.2174,0.7388,0.1695,1.944,-0.3592,0.0298,-0.5869,0.4136,-0.2591,-2.4682,0.3211
-0.8901,-0.451,1.4545,0.7214,0.1981,0.907,0.1507,1.5521,-1.2286,0.0034,-0.2475,0.6245,-0.2002,-2.1905,0.3787
-1.2143,-0.496,1.2729,0.7794,0.0486,0.9667,0.1834,1.2213,-1.0298,-0.1511,-0.7457,0.9152,-0.4321,-1.264,0.489
-1.0394,-0.5032,1.0077,0.7353,0.0667,0.5012,0.0602,1.1584,-0.7978,-0.4067,-0.9931,1.0405,-0.0454,-1.296,0.6907
-0.804,-0.9441,0.5985,0.9086,-0.034,0.6559,0.0006,1.3175,-0.523,-0.2901,-0.84,0.5306,0.2912,-0.9125,0.3594
-0.9045,-0.9123,0.6344,1.2241,-0.2724,0.7236,0.0263,0.641,-0.5861,-0.2042,-0.628,0.7383,0.3423,-0.9235,0.5974
-1.0766,-0.8558,0.102,1.5032,-0.3619,1.0856,0.0507,-0.1045,-0.8546,-0.102,-1.1101,0.6795,0.5998,-0.5584,0.8338
-1.5001,-0.6508,-0.6714,1.2175,-0.1846,1.9595,0.1112,-0.686,-0.8186,0.3405,-1.0815,0.2728,1.0092,-0.5089,0.6389
-1.2921,-1.2805,-1.2571,0.5745,-0.3169,1.9565,0.2087,-1.3133,0.1033,0.214,-1.9321,0.4195,1.1803,0.4336,0.3046
-0.9028,-1.414,-1.3392,0.8399,-0.4875,1.7717,0.2207,-1.3639,0.595,0.323,-2.2161,0.391,1.3554,0.7077,-0.0061
-0.8729,-1.4754,-1.5318,1.3195,-0.8352,0.9844,0.2861,-1.3981,0.5478,0.4008,-1.8839,0.1448,1.4748,1.582,-0.4367
-1.9013,-1.4403,-1.9547,1.3935,-1.0864,1.7153,0.1625,-2.3424,0.1832,0.1895,-1.797,-0.2129,2.0025,1.7739,-0.2843
-1.2343,-1.4568,-2.2516,1.5181,-1.2506,1.3454,0.0416,-2.8602,0.7396,-0.2905,-2.0352,-0.2956,1.8904,1.6393,-1.1901
-1.2204,-1.6815,-2.3856,1.5719,-1.6807,1.2084,0.0031,-2.5867,0.8572,-0.7461,-2.237,-0.4886,1.8296,1.8029,-1.172
-1.1468,-1.6252,-2.565,1.5119,-1.5551,0.3892,0.0436,-2.4734,0.9368,-0.6517,-3.163,-0.5593,1.9689,1.6045,-1.4064
-1.0981,-1.8189,-2.6036,1.7285,-1.6628,0.7192,-0.0699,-2.164,0.7186,-0.8796,-3.217,-1.2395,1.8309,1.5671,-2.1177
-1.2532,-1.8871,-2.571,1.7559,-1.5591,0.7906,-0.3146,-2.4176,1.303,-1.0159,-3.2255,-1.4867,1.7019,1.7107,-2.4733
-0.982,-1.9677,-2.2422,1.6387,-1.6646,1.3047,-0.5473,-2.1232,1.7736,-1.2864,-2.9775,-1.7272,1.495,1.5942,-2.5931
-1.089,-1.8884,-1.5698,1.6717,-1.7532,1.2356,-0.5819,-1.7306,1.5168,-1.1757,-2.883,-1.8315,1.189,1.3161,-2.3209
-1.0183,-1.7136,-1.7467,1.7067,-1.4693,1.0721,-0.3662,-1.3483,1.5616,-1.2084,-2.7703,-1.9012,1.104,0.8726,-2.551
-1.042,-0.9872,-1.5578,1.5366,-1.2834,1.2176,-0.5261,-0.5027,1.8704,-1.3552,-2.6657,-1.7368,0.7301,0.578,-2.2727
-1.0072,-1.1659,-1.5438,1.2532,-1.2963,1.0985,-0.2998,-0.2747,1.8058,-1.702,-2.5413,-1.6451,0.6211,-0.0347,-2.5741
-1.3555,-1.1594,-1.0995,1.4532,-0.9977,1.131,0.1653,-0.3525,1.4804,-1.609,-2.5709,-1.4612,1.0585,-0.6929,-2.7222
-1.4515,-1.332,-0.5262,1.4245,-1.0404,1.4753,0.2317,-0.3048,1.2935,-1.544,-2.2808,-1.3295,0.8917,-1.1934,-2.5769
-1.0735,-0.893,-0.4438,1.2994,-0.7547,1.5156,0.1339,0.3103,1.0957,-1.3399,-2.2897,-1.158,1.0231,-0.9942,-2.5577
-0.7403,-1.1358,-0.1543,1.0347,-0.6077,0.9485,-0.0411,0.6373,1.0664,-1.2448,-2.6063,-1.1313,0.3942,-0.9204,-2.9599
-0.822,-1.0192,0.1704,1.3763,-0.2754,0.8145,0.0394,1.1187,0.6559,-0.9523,-1.4617,-1.1837,0.575,-1.4856,-2.1469
-1.3649,-0.8577,0.2169,1.4827,0.0937,1.324,0.1826,0.7544,0.0079,-0.3461,-1.3789,-0.7941,0.4802,-1.7724,-1.6485
-0.9942,-0.8774,0.3188,1.3466,-0.1469,1.4173,0.3595,0.7364,0.0749,-0.1168,-1.3448,-0.5906,0.2196,-2.1235,-0.3514
-0.6438,-0.8782,0.0393,1.4287,-0.4236,0.9464,0.7534,1.0818,0.3519,0.0007,-1.007,-0.3533,0.4686,-1.9244,0.0233
-0.9273,-0.5835,0.0551,1.1747,-0.3896,1.0438,0.4461,1.0121,0.1797,0.1553,-1.252,0.0581,0.5703,-1.704,0.3581
-1.1986,-0.9449,0.1495,1.2914,-0.538,1.2286,-0.2093,0.9475,-0.0083,-0.2092,-1.2896,-0.0702,0.6005,-1.5674,0.4427
-1.1596,-0.7026,-0.0547,1.108,-0.6617,1.3108,-0.1415,0.5603,-0.4079,-0.1082,-1.3373,-0.0845,0.2537,-1.3454,0.0802
-1.1482,-0.7464,-1.0834,1.1452,-0.6095,1.2917,-0.3428,0.452,0.0432,-0.3533,-1.483,-0.116,0.4455,-0.9709,-0.1862
-1.2316,-1.0,-0.9111,1.2661,-0.7184,1.5463,-0.3313,0.5828,0.9519,-0.6636,-2.2041,-0.1848,0.1969,-0.9323,-0.8149
-0.9708,-1.422,0.1482,1.1445,-0.7327,1.1382,-0.3225,0.7366,0.7332,-0.7377,-2.7039,-0.617,0.2212,-1.1956,-1.1394
-0.8308,-1.2746,0.0495,1.101,-0.4832,1.1081,-0.2453,1.0946,0.5176,-0.5591,-1.9149,-1.004,0.4742,-1.4853,-1.6295
-1.1788,-1.1682,0.354,1.2049,-0.2281,1.2975,-0.3179,1.1712,0.1873,-0.116,-1.8759,-0.7228,0.2159,-1.0183,-1.2892
-1.1826,-1.1111,0.3808,1.1346,-0.6832,1.1536,-0.2201,0.6726,0.0916,-0.5476,-1.2881,-0.6656,0.3733,-1.3379,-1.0216
-0.6141,-1.1672,0.6255,1.1073,-0.8209,1.5214,-0.2227,0.512,-0.0913,-0.6448,-1.2654,-0.3161,0.451,-1.3175,-1.0539
-0.8836,-0.7241,0.7531,0.9688,-0.4402,1.2775,-0.433,0.2057,0.124,-0.4518,-1.5523,-0.2149,0.4717,-0.535,-0.8787
-0.956,-0.8686,0.4187,0.9705,-0.3531,1.3241,-0.4292,-0.0709,-0.2047,-0.124,-1.5952,-0.1115,0.2558,-0.4174,-1.4049
-0.7737,-1.0397,-0.2355,0.9733,-0.171,1.1856,-0.1552,-0.2415,-0.3946,0.1235,-1.7412,-0.1699,0.2971,0.536,-1.3705
-0.7624,-1.0071,0.3071,1.0322,-0.4993,1.2297,-0.1301,-0.6949,-0.1643,0.2208,-1.698,-0.058,0.5572,0.0444,-0.4674
-0.8679,-0.9398,0.0163,1.1552,-0.5055,1.0984,-0.2284,-0.6829,0.1329,0.3623,-1.5564,0.0646,0.6139,0.0644,-0.9363
-0.7618,-0.8613,-0.358,1.1277,-0.6205,1.0974,-0.2715,-1.0995,0.2582,0.1214,-1.9998,0.0085,0.676,0.3857,-0.5347
-0.589,-1.1373,-0.4658,1.0055,-0.7408,1.2499,-0.0498,-0.7755,0.4388,0.3097,-2.2103,-0.0898,0.9834,0.5344,-0.6488
-0.6508,-0.8771,-0.014,1.3807,-0.9463,1.787,-0.2766,-1.0707,0.2618,0.2678,-1.9348,-0.221,1.2669,0.4867,0.0579
-0.9013,-0.8833,-0.4141,1.3213,-0.5321,1.6452,-0.498,-1.4058,0.0068,0.6404,-2.8015,-0.2355,1.2348,0.4809,-1.0377
-0.8778,-1.1711,-0.8932,1.2071,-0.7969,1.7189,-0.3475,-1.07,0.5731,0.2411,-2.5862,-0.7375,0.968,0.751,-1.2357
-0.8306,-1.4847,-1.2764,1.3131,-0.9714,1.5021,-0.3887,-1.0152,0.8736,-0.0485,-2.9672,-0.7503,0.8282,0.3438,-1.3073
-1.0373,-1.5913,-1.0425,1.4991,-1.062,1.6538,-0.3768,-0.7264,1.5018,-0.3051,-3.8047,-1.1248,0.9534,0.5256,-1.6979
-0.8841,-1.8972,-0.854,1.5309,-0.8603,1.5874,-0.3498,-0.2901,1.4954,-0.4124,-3.07,-1.6971,0.9353,0.2918,-2.197
-0.7491,-1.8643,-0.6385,1.9471,-1.1867,1.9746,-0.5013,-0.4428,1.3256,-0.396,-2.1239,-2.0562,1.4233,-0.4687,-1.8639
-0.7198,-1.6873,-0.3154,1.7441,-1.2575,2.1373,-0.396,-0.7818,1.0338,-0.4119,-1.6965,-1.6424,1.1858,-0.8225,-2.3231
-0.6314,-1.3782,-0.7358,1.5412,-1.0105,2.1092,-0.6528,-0.8477,0.7302,-0.3935,-2.2628,-0.9088,0.9214,-0.5263,-2.037
-0.7252,-1.3506,-0.7813,1.6318,-0.7468,2.0204,-0.9605,-0.9189,0.9359,-0.3628,-2.2707,-0.846,0.852,-0.8587,-2.1535
-0.8908,-1.3069,-1.0148,1.6643,-0.5825,2.3339,-1.0563,-1.0982,0.7016,-0.0386,-2.5191,-0.7927,0.807,-0.6594,-2.0385
-0.5494,-1.5188,-0.4474,1.721,-0.7488,1.5216,-0.9862,-0.5839,1.0786,-0.0224,-2.1847,-0.8335,0.6167,-0.4766,-1.9648
-0.4434,-1.2589,-0.3173,1.5919,-0.7189,1.0719,-0.763,-0.0133,0.9635,-0.0339,-2.3578,-0.6236,0.4182,-0.8497,-2.7545
-0.083,-1.3596,0.5035,1.4215,-0.4425,1.0987,-0.5801,0.4809,0.9258,-0.3152,-2.5012,-0.7851,0.7562,-1.1317,-2.1422
-0.542,-1.2467,0.9325,1.432,-0.346,0.8677,-0.7075,1.027,1.1949,-0.0046,-1.999,-0.8282,0.34,-1.1709,-1.8277
-0.8725,-1.3565,0.8484,1.4003,-0.1857,1.102,-0.6174,1.0452,0.1951,-0.1505,-1.5684,-1.0519,0.5189,-1.7056,-1.5106
-0.5775,-1.336,1.3828,1.2182,-0.2038,1.0527,-0.3905,0.8737,0.0607,-0.1722,-0.9496,-0.6169,-0.0668,-1.6771,-1.5582
-0.5965,-0.8905,1.0997,1.2008,-0.0085,1.2352,-0.3137,0.812,-0.0502,0.2145,-1.0236,0.032,-0.048,-1.7116,-1.0217
-0.4534,-1.0114,1.0854,1.2031,-0.143,1.4724,-0.2506,0.5387,0.0471,0.1408,-1.2592,0.3772,0.1863,-1.6569,-0.9882
-0.4795,-0.9911,1.0398,1.2854,0.1028,1.4152,-0.211,0.6768,-0.0361,0.6671,-1.6746,0.3601,0.3758,-0.8661,-0.4207
-0.4695,-1.0817,0.7875,1.2461,-0.2307,1.4833,-0.1867,0.3981,-0.3881,0.575,-1.4687,0.1074,0.5283,-0.7788,-0.4447
-0.1956,-1.0988,1.1483,1.2094,-0.5854,1.2247,-0.1187,0.1394,-0.1136,0.5911,-1.4821,0.0063,0.4978,-0.6315,-0.1428
-0.3994,-0.9637,0.7738,0.8967,-0.47,1.2339,-0.3152,0.1563,-0.8955,0.6442,-1.7288,-0.1668,0.6059,-0.3465,-0.1928
-0.7496,-1.0216,0.4417,0.9192,-0.447,1.1938,-0.3126,-0.1731,-0.5006,0.5769,-1.8308,-0.5019,0.804,-0.0948,-0.363
-0.4058,-1.2413,-0.3081,1.5013,-0.4016,1.1743,-0.2736,-0.1856,-0.3945,0.4696,-2.1813,-0.4652,0.7934,-0.171,-0.0706
-0.522,-1.2746,-0.6895,1.2644,-0.4716,1.3353,-0.4127,-0.4326,0.0833,0.6846,-2.9138,-0.4697,1.0477,-0.0188,-0.487
-0.4986,-1.6198,-0.5476,1.3995,-0.7646,1.4897,-0.5027,-0.3676,0.4717,0.3965,-3.1753,-0.6407,0.5638,0.0565,-0.8322
-0.5633,-1.831,-0.2526,1.4356,-0.9844,1.3386,-0.6705,-0.0335,1.0996,0.0761,-2.629,-0.8248,0.7641,-0.0772,-0.546
-0.0996,-1.8275,0.2947,1.6565,-1.066,1.219,-0.8419,0.4897,0.9359,-0.3326,-2.2498,-0.8909,0.4063,-0.4147,-0.9573
0.2662,-1.5888,0.918,1.5228,-0.637,1.1438,-0.5794,0.6493,0.5227,-0.0547,-1.7771,-0.5683,0.3492,-0.7687,-0.7426
-0.4981,-1.2059,0.9295,1.2951,-0.6301,1.1413,-0.6899,0.6111,0.0352,0.5234,-1.9507,-0.0713,0.3729,-0.7,-0.4102
-0.3285,-1.129,0.3072,1.0974,-1.0152,0.9401,-0.6722,0.9283,-0.3193,0.05,-1.9518,-0.0255,0.2396,-0.5208,-0.541
-0.4138,-1.4444,0.3469,1.2888,-0.8994,0.8426,-0.8247,1.036,0.2441,-0.2266,-2.0287,0.1992,0.4882,-0.5914,-0.5642
-0.4572,-1.4872,0.4785,1.1568,-1.0281,0.8467,-0.8003,0.9347,0.2144,-0.1543,-2.4994,0.1775,0.3651,-0.8221,-0.7137
-0.6186,-1.6309,0.1414,1.4812,-0.7918,1.36,-0.7877,1.1349,0.012,-0.1257,-2.0733,-0.5221,0.2369,-0.8888,-0.8954
-0.3824,-1.6246,0.2474,1.6683,-0.9384,1.1509,-0.9691,0.537,0.0695,0.118,-1.6906,-0.6079,0.2788,-0.9993,-0.5757
-0.3641,-1.1695,0.8613,1.5446,-0.866,1.4065,-0.8762,0.7621,0.2502,0.0935,-1.545,-0.3216,0.0942,-1.3378,-0.6274
-0.3262,-1.3486,0.9401,1.2757,-0.9084,1.039,-0.6448,0.8993,0.2129,-0.1126,-1.5322,0.3656,0.4393,-1.7414,-0.7839
-0.3427,-1.4245,0.9551,1.3286,-0.9936,0.8724,-0.6347,1.1267,-0.0399,-0.1014,-2.0283,0.4549,0.1981,-1.5858,-0.8696
-0.1417,-1.0955,0.7467,1.404,-0.7487,1.095,-0.6981,1.2742,-0.2168,-0.1376,-2.0821,0.344,0.3992,-1.4994,-0.9966
0.1897,-1.2761,0.627,1.3665,-0.7236,1.0148,-0.7086,1.2704,-0.1859,-0.1633,-2.0016,0.2263,-0.0577,-1.7346,-1.7256
-0.0636,-1.2711,0.8699,1.4103,-1.2714,1.0269,-0.5072,1.0844,-0.047,-0.2436,-1.6002,0.2069,0.0483,-1.0069,-1.0849
-0.145,-1.2112,1.4702,1.7488,-0.8644,1.3313,-0.6335,0.4802,-0.3804,-0.4274,-1.4415,0.4421,0.2693,-0.7177,-1.0692
-0.1666,-1.1097,1.075,1.4609,-0.5533,1.4612,-0.7734,0.1323,-1.1858,0.1847,-1.2724,0.3161,0.2572,-0.9462,-0.9555
-0.4469,-1.3741,0.2083,1.7106,-0.4428,0.9668,-0.5391,0.0169,-0.8373,0.4163,-1.4333,0.585,0.4366,-0.9289,-1.0024
-0.5203,-1.1814,-0.33,1.668,-0.5916,0.8664,-0.4999,-0.3055,-0.7515,0.4743,-1.5101,0.6371,0.7857,-0.9596,-0.7658
-0.6319,-1.2727,-0.4336,1.2269,-0.8633,1.2196,-0.5974,-0.2931,-0.2866,0.4055,-2.323,0.6153,0.7945,-0.8944,-1.1622
-0.3305,-1.6074,-0.1969,1.5233,-0.7365,1.129,-0.7962,0.1988,0.0764,-0.0113,-2.1982,-0.1482,0.7261,-1.0689,-1.152
-0.4306,-1.4708,0.2714,1.9095,-0.9313,1.5755,-0.96,0.1644,0.1819,0.0661,-2.0517,0.09,0.4911,-1.4767,-1.5049
-0.2604,-1.5561,0.524,1.4155,-0.6553,1.4415,-0.9048,0.5203,-0.0189,-0.0675,-2.137,0.3907,0.0925,-1.8113,-1.3181
-0.7105,-2.0077,0.5105,1.4964,-0.5233,1.5208,-1.2306,0.8554,0.5017,-0.047,-2.0738,0.1683,0.1504,-1.4155,-1.0037
-0.627,-1.7149,0.4339,1.4192,-0.5787,1.8276,-1.3736,0.8533,-0.0209,0.114,-1.5488,0.295,0.3055,-1.7097,-0.5619
-0.1273,-1.3065,0.8473,1.2785,-0.6886,1.5876,-1.129,0.6637,0.1562,0.082,-1.2149,0.6309,0.1777,-1.8666,-0.3599
-0.5201,-1.2456,0.8845,1.2372,-0.5698,1.0882,-0.7294,0.7639,-0.144,0.2564,-1.5508,0.7908,0.1462,-1.7822,-0.31
-0.8736,-1.3646,0.279,1.117,-0.473,1.3165,-0.6468,0.9834,0.0284,0.2813,-1.6844,0.791,0.4267,-1.5205,-0.2573
-0.8693,-1.6513,0.5127,0.9952,-0.6424,1.6001,-0.6403,0.4007,-0.0782,-0.4174,-2.0487,0.7247,0.5954,-1.4999,-0.6258
-0.8154,-1.7244,-0.0734,1.3329,-0.87,1.5176,-0.5488,0.3134,0.0486,-0.1226,-1.8313,0.4758,0.1458,-1.3732,-0.3621
-0.3127,-1.6548,-0.0332,1.5974,-0.9616,1.2723,-0.7093,0.6926,0.373,-0.2679,-1.7103,0.5483,0.5193,-1.4759,-0.5315
-0.1908,-1.5146,1.1615,1.5939,-0.9802,1.214,-0.9921,0.695,0.2354,-0.3116,-2.0016,0.4874,0.4022,-1.2796,-0.7901
-0.2814,-1.3996,1.2631,1.4383,-0.5033,1.478,-0.8812,0.4486,0.2436,0.0992,-1.9465,0.5518,0.7308,-1.1496,-0.9684
-0.2375,-1.3836,0.99,1.3581,-0.3668,1.4688,-0.874,-0.0676,-0.4912,0.2902,-1.9103,0.302,0.5594,-1.5221,-0.9687
-0.2956,-1.4604,0.5987,1.2943,-0.4105,1.4218,-0.6967,0.398,-0.1045,0.5179,-1.5566,0.2506,0.9719,-1.2144,-0.9743
-0.5013,-1.2357,0.8804,1.1145,-0.2952,1.3869,-0.7647,0.0475,-0.1724,0.6154,-1.4235,0.4849,0.9204,-1.1668,-0.1787
0.2081,-1.3181,1.0134,1.2584,-0.4432,0.9694,-0.8284,-0.3035,-0.4332,0.8731,-1.6805,0.4739,1.0032,-0.8669,-0.2627
0.0269,-0.9907,1.0149,1.4798,-0.5616,0.797,-0.8289,-0.5872,-0.3336,1.1448,-1.5074,0.3281,0.8478,-0.7085,-0.7165
0.0642,-1.1841,0.6934,1.3387,-0.8344,1.0252,-0.8351,-0.6183,-0.1578,0.6708,-1.6638,0.4972,0.9961,-0.3394,-0.4744
-0.2839,-1.2323,0.0767,1.3339,-1.1246,1.3196,-0.9599,-0.9736,-0.0234,0.6358,-1.7463,0.2745,0.9406,-0.1138,-0.4747
-0.2465,-1.4663,-0.0494,1.3012,-1.4055,1.2751,-1.0137,-1.1115,0.2244,0.1035,-2.5792,0.4515,0.9959,-0.0827,-1.2314
-0.1586,-1.7167,-0.7216,1.5001,-1.2269,1.2604,-1.1556,-0.9378,0.15,-0.1602,-2.5541,0.294,0.9562,0.848,-1.7754
-0.3137,-1.6808,-0.7795,1.5659,-1.6086,1.2321,-1.0085,-1.1653,0.3604,-0.3835,-2.6511,0.322,1.0469,0.3325,-1.9291
-0.3406,-1.9109,-0.6596,1.5942,-1.4225,0.4957,-0.9744,-0.8521,0.7117,-0.5243,-2.4874,-0.1159,1.0725,0.7343,-1.6022
-0.2626,-1.8431,-0.533,1.2154,-1.5005,0.8184,-0.8314,-1.1964,0.53,-0.2605,-3.1165,-0.166,1.3655,-0.2136,-2.0523
-0.1863,-2.0715,-0.8927,1.5144,-1.2991,0.9447,-0.9259,-0.7592,0.8969,-0.1223,-3.0146,0.0295,1.4858,-0.1385,-2.0809
-0.3391,-2.1683,-0.5516,1.7547,-0.8069,0.8638,-0.8422,-0.4695,0.8731,0.1901,-2.5633,-0.0219,1.2668,-0.3452,-2.3205
-0.4077,-1.8295,-0.4692,1.5909,-0.6623,0.6985,-1.0052,-0.2031,0.5972,0.3957,-2.5097,-0.3455,0.7059,-0.701,-1.6983
-0.1687,-1.8487,0.1446,1.3818,-0.7205,0.8194,-1.1332,0.0458,0.7555,0.3527,-2.7276,-0.2869,1.1464,-0.7432,-1.6808
0.1859,-1.8573,0.1648,1.7783,-0.7138,0.8465,-0.9287,-0.0366,0.3755,0.6222,-2.1258,-0.4467,0.5942,-1.2842,-1.5982
-0.0674,-1.4118,-0.1765,1.4729,-0.7632,0.7701,-0.7301,0.382,0.33,0.8219,-2.3563,-0.7034,0.5427,-1.487,-1.2164
-0.7734,-1.6952,-0.5287,1.6409,-0.94,0.9936,-0.8188,0.7862,0.6947,0.3051,-2.5774,-0.6849,0.6195,-1.3562,-1.4443
-0.3412,-1.7621,0.4188,1.8865,-0.8306,1.3159,-1.1254,0.6938,1.0853,-0.1742,-2.011,-0.5916,0.5842,-1.3874,-1.5093
-0.4557,-1.4858,0.7651,1.5416,-0.4628,1.1506,-1.2006,0.6348,0.5239,0.1777,-2.049,-0.2898,0.4722,-1.7403,-1.4412
-0.337,-1.5212,0.7647,1.5383,-0.1569,1.2264,-1.1946,0.5808,-0.089,0.5932,-1.8566,-0.1139,0.6868,-1.7537,-1.2959
-0.3366,-1.3125,0.6991,1.0886,-0.3578,1.119,-1.0804,0.7547,-0.0061,0.862,-1.9969,0.2389,0.51,-1.8094,-0.8112
-0.4324,-1.1864,0.7559,1.2846,-0.2707,1.078,-1.229,0.3609,-0.2544,1.1189,-2.1235,0.1686,0.4353,-1.7258,-0.8069
-0.4617,-1.1988,0.5953,1.3238,-0.4956,1.5373,-1.1059,0.6919,0.338,0.8881,-2.1003,0.5185,0.7692,-2.3021,-0.266
-0.3402,-1.1629,0.2742,1.1932,-0.5231,1.4381,-1.2055,0.7532,0.3927,0.7755,-2.5809,0.2762,0.5828,-2.0913,-0.8711
-0.4828,-1.4657,0.0607,1.2464,-0.4363,1.5723,-1.4511,0.907,0.3991,0.5974,-2.1651,-0.0527,0.24,-2.3674,-0.3468
-0.5595,-1.3729,0.0956,1.2629,-0.446,1.5767,-1.3587,1.3446,0.75,0.4886,-2.1179,-0.2209,0.1632,-2.7267,-1.151
-0.5304,-1.3743,0.7093,1.5366,-0.5557,1.6888,-1.4601,1.4631,0.5345,0.2357,-2.3106,-0.3466,-0.0546,-2.8059,-1.4369
-0.3168,-1.3705,1.5549,1.431,-0.5773,1.5324,-1.5272,2.3426,0.4773,-0.1307,-1.166,-0.2754,-0.4244,-2.8422,-1.61
-0.1447,-0.85,1.895,1.4441,-0.34,1.2303,-1.2997,2.0272,-0.1486,-0.1912,-1.089,0.231,-0.4367,-3.0544,-1.7806
-0.2402,-0.6247,2.0509,1.2118,-0.1223,1.2186,-1.2575,2.6263,-0.3033,0.0477,-0.7362,0.4183,-0.2132,-3.2909,-1.1202
0.0365,-0.5584,2.647,0.3552,0.2082,0.8578,-0.5112,2.4014,-0.5712,0.4004,-1.1097,0.98,-0.214,-3.2646,-0.8638
-0.3838,-0.4855,2.4101,0.6231,0.1748,0.9732,-0.662,2.299,-0.7944,0.9689,-0.7994,0.9717,0.0692,-3.181,-0.4731
-0.0794,-0.4337,3.3283,0.8166,0.1945,1.1551,-0.6945,1.8847,-0.6793,1.0758,-0.7847,1.0679,0.1902,-2.7758,0.111
-0.505,-0.3711,2.5835,0.672,0.3874,1.3741,-0.6196,1.126,-1.7806,1.8659,-0.573,1.1264,0.2751,-2.1939,0.569
-0.6028,-0.3678,1.5736,1.1707,0.4591,1.5782,-0.3336,0.8855,-1.5217,2.2516,-0.4834,0.8811,0.6343,-1.4553,0.9119
-0.7609,-0.3541,0.6419,0.929,-0.0086,1.594,-0.4372,-0.1113,-1.5958,2.2115,-0.8494,1.1507,1.0026,-1.6078,1.0496
-0.6336,-0.8442,0.0451,0.8022,-0.7548,1.7518,-0.3583,-0.7987,-1.1656,1.7893,-1.9319,1.0648,1.3642,-1.0195,0.7023
-0.3566,-1.0518,-0.5077,0.6678,-0.6749,1.5512,-0.5432,-0.9615,-0.2078,1.1091,-2.1047,0.7002,1.6026,-0.0685,0.3599
-0.4522,-1.43,-0.6833,0.5532,-0.821,1.39,-1.0378,-0.8343,0.1076,1.4713,-2.8062,0.3207,1.5355,0.4412,-0.0883
-0.5281,-1.769,-0.653,0.6091,-1.0165,1.4792,-0.7955,-1.2848,0.5372,1.4897,-2.7984,-0.4638,1.5539,-0.6754,-0.7468
-0.6889,-1.8145,-0.92,1.0792,-1.0315,1.8295,-0.9537,-1.0688,0.9326,1.3426,-2.8709,-0.7178,1.4896,-0.3373,-1.2224
-0.5689,-2.226,-0.9631,1.196,-1.0699,1.6609,-1.0805,-1.0511,0.7515,1.049,-3.1367,-0.4202,1.2876,-0.4245,-0.7041
-0.5012,-1.8048,-1.0177,1.359,-1.1106,1.7694,-1.1801,-0.5858,1.2313,1.1859,-2.8109,-0.6426,0.8795,-0.328,-1.2178
-0.6892,-1.9259,-0.4388,1.257,-1.1394,2.2836,-1.3774,-0.8245,0.8767,0.6492,-2.7821,-0.792,0.7375,0.0267,-1.4242
-0.5138,-1.8124,-0.9856,0.8575,-1.2425,1.6191,-1.4963,-0.7334,0.861,0.5015,-2.7389,-0.9423,0.567,-0.2008,-1.8444
-0.1358,-1.888,-0.7254,1.5025,-1.0879,1.2881,-1.1399,-0.2064,1.1455,0.3484,-2.0561,-1.1674,0.4014,0.1091,-2.1485
-0.3785,-1.3461,-0.527,1.477,-0.9124,1.2328,-0.8624,-0.3769,0.8005,0.39,-1.8023,-0.9657,0.6969,-0.2824,-1.943
-0.3378,-1.3563,-0.313,1.1334,-1.0054,1.2933,-1.0265,-0.7549,0.6105,0.2919,-2.2839,-0.5057,0.8536,-0.5953,-1.8615
-0.5723,-1.6254,-0.3675,1.1116,-0.8949,1.2572,-1.2318,-0.474,0.6575,0.3857,-2.5986,-0.53,0.5041,-0.4501,-1.7841
-0.4723,-1.7775,-0.7237,1.2103,-0.5387,1.2417,-1.3663,-0.2164,1.1515,0.4857,-2.3141,-0.703,0.6787,-0.5478,-1.7374
-0.4236,-1.7525,-0.487,1.268,-0.083,1.034,-1.4302,-0.0464,1.2042,0.832,-2.477,-0.7131,0.4953,-0.886,-1.7258
-0.6214,-1.682,-0.2872,1.4536,-0.1296,0.9186,-1.4787,0.5852,1.323,1.0771,-1.4253,-0.7906,0.2906,-1.5523,-1.4828
-0.6275,-1.5424,-0.1072,0.9988,-0.2568,1.015,-1.337,0.6814,1.0578,0.8072,-2.069,-0.3299,0.2758,-2.3529,-1.5358
-0.5813,-1.7397,0.3589,1.2394,-0.3151,1.3746,-1.2481,1.4085,0.8272,0.6656,-1.7529,-0.3605,0.1947,-2.2159,-1.6336
0.3109,-1.571,0.7748,1.045,-0.1228,1.2311,-1.7595,1.2604,0.2602,0.6339,-1.6071,-0.3708,0.4389,-2.2626,-1.4535
-0.1547,-1.0527,0.4936,0.8321,0.4756,1.4042,-1.4995,1.1927,0.0878,1.3775,-1.4205,-0.2041,0.2314,-2.1086,-1.1222
-0.1845,-1.032,0.8447,0.7119,0.195,1.5584,-1.4457,0.7369,0.3041,1.683,-1.9695,0.2247,0.2013,-2.285,-1.8248
-0.4384,-1.0849,0.8384,0.7502,-0.0094,2.0087,-1.3497,0.7821,-0.0927,1.5146,-1.6503,-0.0852,-0.0513,-2.3259,-1.2572
-0.0595,-1.1808,0.5846,0.7146,-0.0994,1.7175,-1.3609,0.9489,-0.0803,1.2725,-1.9253,0.036,0.3323,-2.197,-1.0582
-0.1466,-1.0229,0.5338,0.6774,-0.1418,1.9117,-1.7633,0.7768,-0.2502,1.3621,-1.8881,-0.1799,0.3585,-1.8347,-1.3131
-0.4942,-1.1832,0.055,0.7805,-0.0606,1.7232,-1.6944,0.6905,-0.0521,1.2929,-1.8054,-0.2564,0.2611,-1.4372,-1.0511
-0.3274,-1.3645,0.2791,0.6087,-0.3861,1.6165,-1.5785,0.2282,-0.0425,1.1504,-1.7991,-0.1867,0.1863,-1.4684,-1.5466
-0.4423,-1.3086,0.4307,0.7984,-0.3354,1.6812,-1.5613,0.464,0.6569,1.1099,-2.4948,-0.1894,0.2322,-0.9183,-1.7466
-0.7331,-1.6058,0.1681,0.9787,-0.2448,1.9526,-1.5267,0.2757,0.3101,1.1767,-1.9995,-0.5055,0.3691,-1.5772,-1.8974
-0.0716,-1.9613,0.3527,1.0816,-0.3116,1.6339,-1.4238,0.2985,0.4414,1.0783,-1.5257,-0.3365,0.4128,-1.3989,-1.8996
-0.2468,-1.3535,0.5597,1.0336,-0.3114,1.4183,-1.3258,0.0387,0.3155,1.3535,-1.9122,-0.097,0.5211,-1.4796,-1.8794
-0.2367,-1.4449,0.5674,0.9512,-0.3275,1.4437,-1.2611,0.2745,0.0252,1.2954,-1.4797,-0.0168,0.3281,-1.2225,-1.7408
-0.2849,-1.3018,0.4715,0.589,-0.2683,0.9646,-1.2002,0.1206,-0.114,1.564,-1.5715,-0.0224,0.4762,-2.0614,-1.4551
-0.4978,-1.3014,0.2417,0.7452,-0.3767,1.1558,-0.9624,0.4298,0.2063,1.5156,-1.6182,-0.0213,0.3925,-1.6203,-1.2014
-1.1852,-1.4945,0.0379,0.7241,-0.3195,1.2466,-1.1305,0.2054,0.1896,1.503,-2.0906,0.0602,0.8558,-0.5995,-1.4514
-0.6465,-1.9408,0.1616,1.1767,-0.5601,1.5873,-1.1546,-0.3395,0.1972,1.2084,-2.1116,-0.0951,0.7222,-1.1244,-1.3933
-0.4027,-1.7929,0.1755,0.8712,-0.4903,1.9179,-1.3273,-0.3453,0.5206,1.3464,-2.3433,-0.4248,0.9414,-1.2604,-1.7675
-0.1474,-1.6808,0.2174,0.9516,-0.654,1.919,-1.0939,-0.347,0.4031,1.2686,-2.1933,-0.5022,0.785,-1.2132,-2.0175
-0.0263,-1.6296,0.0649,0.7858,-0.6693,1.4856,-1.2154,-0.505,0.5336,1.2217,-2.666,-0.5676,0.8076,-1.0257,-1.9635
-0.1967,-1.6102,-0.3947,0.7323,-0.5997,1.7055,-1.3892,-0.4357,0.5419,1.242,-2.4376,-1.0777,0.718,-0.3473,-2.0227
-0.0778,-1.801,-0.3452,0.9431,-0.8033,1.3378,-1.2788,-0.4365,0.7044,0.9879,-2.4803,-1.1831,0.6396,-0.1341,-1.1769
0.08,-1.5857,-0.1897,1.1994,-0.9232,1.2138,-1.2181,-0.3281,0.9111,1.1711,-3.4323,-1.0853,1.049,-0.505,-1.906
-0.2124,-1.87,-0.1588,1.0303,-0.7403,1.1295,-1.1419,0.0145,0.7818,0.988,-2.2263,-1.7811,1.5053,-1.5461,-1.8606
-0.2917,-1.6044,-0.3084,0.8403,-0.7731,1.9046,-1.2743,-0.3302,0.5282,0.9601,-2.359,-1.0651,1.4116,-1.616,-1.6859
-0.4963,-1.7509,-0.2205,1.0091,-0.9942,2.1762,-1.1575,-0.3621,0.4204,0.8112,-2.5033,-0.8883,1.0985,-1.728,-1.8555
-0.5123,-1.7674,-0.0848,1.3873,-0.945,1.8339,-1.0401,0.5429,0.6929,0.6068,-2.2034,-0.9344,0.8078,-1.8842,-2.0002
-1.027,-1.7057,0.0714,1.3308,-0.7204,2.0937,-1.1781,0.4089,0.4697,0.6195,-1.7161,-0.755,0.8202,-2.4616,-1.8395
-0.6946,-1.7396,0.1029,1.3643,-0.6783,1.8966,-1.0364,0.3789,0.5684,0.3716,-2.3743,-0.8679,0.6583,-2.4,-2.1142
-0.4148,-1.7571,0.3636,1.3382,-0.8595,2.017,-1.1707,0.9351,0.9406,0.3891,-2.6353,-1.0056,0.5038,-2.2455,-1.5296
-0.7719,-1.6275,0.5722,1.1173,-0.4422,1.982,-1.182,1.0407,0.5922,0.5468,-2.4507,-1.2763,0.3928,-2.5338,-2.1113
-0.5448,-1.3757,0.9063,1.1859,-0.6682,2.1254,-1.0434,1.2171,0.4927,0.4333,-1.898,-1.0408,0.2314,-2.7957,-1.5919
-0.5669,-1.238,1.7207,0.9721,-0.3997,1.8512,-1.3293,1.5183,0.1308,0.5794,-2.0917,-0.7238,0.2763,-3.0507,-1.5751
-0.4762,-1.3458,1.6817,1.0889,-0.3417,1.5711,-1.6135,1.9989,0.0051,0.5684,-1.5557,-0.6376,-0.0933,-2.8467,-1.6999
-0.3814,-1.0903,1.9362,0.9592,-0.2254,1.4866,-1.393,1.9258,-0.3845,0.889,-0.9905,-0.6745,-0.2202,-3.1991,-0.9409
-0.4073,-0.9752,1.6357,0.7434,-0.0997,1.4766,-1.2641,1.8267,-0.1343,1.0051,-1.0285,-0.1741,-0.0919,-3.7142,-1.0867
-0.3413,-0.9903,1.928,1.0728,-0.0583,1.9068,-1.3483,1.6902,-0.593,1.324,-1.1056,-0.1567,0.0152,-3.656,-1.103
-0.2043,-0.9544,1.7433,0.8919,-0.4289,2.0287,-1.3663,1.8067,-0.6841,1.2701,-0.9675,-0.0204,0.1239,-3.493,-1.1586
-0.2223,-0.827,2.0272,0.7858,0.1142,1.7996,-1.2602,1.6976,-0.6535,1.2908,-0.9076,0.0486,-0.1151,-3.0031,-1.0195
-0.1704,-0.6088,2.4977,0.5982,0.228,1.4904,-1.1257,1.6118,-0.9095,1.4531,-0.7617,0.2271,0.1428,-2.8691,-0.9535
-0.5067,-0.8001,2.0432,0.8829,0.3011,1.7398,-0.9037,1.085,-1.0714,1.6936,-0.2926,0.4329,0.3005,-2.7858,0.1308
-0.2479,-0.8076,1.6657,0.8561,0.0596,1.4516,-0.939,0.5798,-1.2621,2.0311,-0.2593,0.5807,0.55,-2.3847,0.017
-0.4715,-1.1926,1.0172,0.8327,-0.0875,1.7759,-0.8505,0.1979,-1.1922,2.1355,-0.4747,0.7981,0.6846,-1.5508,0.3795
-0.4433,-1.2759,1.168,0.9846,-0.0088,1.6325,-0.689,-0.5109,-1.1068,2.2523,-0.7828,0.7563,1.0443,-1.5621,0.4087
-0.3468,-1.2461,0.6115,0.6581,-0.2356,1.5943,-0.7019,-0.6587,-0.8786,2.5327,-1.4172,0.9075,1.19,-0.979,0.3356
-0.5373,-1.6207,-0.865,1.0049,-0.4305,1.483,-0.881,-0.8072,-0.5741,2.3323,-2.0534,0.4772,1.093,-0.56,0.5062
-0.4005,-2.0051,-0.6493,1.3544,-0.8092,1.7796,-0.9045,-0.5269,0.443,1.8559,-0.5437,-0.2945,0.9313,0.0166,0.4361
0.2312,-1.6562,0.2018,1.0316,-1.1256,1.8478,-1.0573,-1.5232,0.0221,1.8923,-1.7514,0.0858,0.7137,-0.4262,0.4907
0.1262,-1.7059,-0.3483,0.9831,-0.8042,1.0653,-1.3077,-0.8206,0.5197,1.9359,-1.6301,-0.2716,0.9669,-0.3063,0.1065
-0.1827,-1.8467,-0.0269,0.6797,-1.0303,1.5002,-1.3369,-1.1393,0.4096,1.8286,-1.8858,-0.1833,0.8691,-0.7972,-0.4354
-0.8283,-2.0619,-0.5883,0.2299,-0.694,1.9606,-1.2855,-0.9523,0.8534,1.3731,-2.0687,-0.3801,0.5509,-0.5748,-0.7806
-0.4287,-2.2242,-0.7392,0.6294,-0.9248,1.5581,-1.2169,-0.8375,1.2578,0.8707,-2.1327,-0.4342,0.6287,-0.5034,-1.6255
-0.1507,-2.1291,-1.0214,0.7105,-0.7997,1.7651,-1.0601,-0.6101,1.1545,0.8522,-2.3,-0.6407,0.6606,-0.7686,-1.8286
0.1056,-2.1713,0.0774,0.8672,-1.0993,1.5994,-1.0219,-0.4809,1.5151,0.6765,-2.4158,-0.9258,0.661,-1.6375,-2.1413
-0.0292,-1.9579,0.2748,1.145,-0.825,1.8707,-1.2798,-0.0633,1.4344,0.9205,-1.8294,-1.1624,0.6277,-2.0306,-1.8572
0.2338,-1.833,0.6583,1.0468,-0.8696,1.763,-1.1477,0.0793,0.9166,0.9082,-1.5126,-0.7216,0.5584,-2.435,-1.367
0.0055,-1.6091,1.059,0.9159,-0.6697,1.3238,-0.9361,0.5189,1.1972,0.8463,-1.5164,-0.5447,-0.0419,-1.957,-1.3232
-0.4148,-1.3757,0.9695,0.7289,-0.6614,1.3457,-0.9823,1.3777,0.6473,0.8503,-0.7456,-0.3205,-0.1767,-1.4139,-1.1093
0.2617,-1.2978,1.7337,0.8688,-0.5721,1.1732,-1.0024,0.6748,0.1831,0.4253,-0.88,0.0554,-0.097,-2.0848,-1.2038
-0.0897,-1.0795,1.7511,0.7215,-0.1167,1.1092,-0.9024,0.6134,-0.4863,1.0028,0.0009,0.2529,-0.3141,-2.5375,-0.8513
-0.394,-0.7068,1.1839,0.5856,-0.1148,1.4176,-0.8252,0.4993,-0.0031,1.4138,-0.6323,0.8185,-0.2146,-2.217,-0.8033
-0.6291,-1.1634,1.0667,0.5395,-0.7133,1.9656,-0.6506,0.2613,-0.231,0.9309,-1.1609,0.9811,0.0423,-2.2035,-0.9512
-0.517,-1.4817,0.8301,0.6771,-0.3247,1.7977,-0.917,0.5692,0.0197,0.6972,-1.2143,0.2936,0.3038,-1.6197,-1.0835
-0.2473,-1.7065,1.0011,0.6127,-0.0983,1.7418,-1.0388,0.9534,0.6441,0.8894,-1.1229,0.2018,0.3418,-2.0009,-1.3334
-0.4422,-1.879,1.0008,0.4066,-0.071,2.13,-1.1428,0.4944,0.2857,1.267,-1.7486,0.1222,0.3211,-1.9481,-1.6455
-0.2049,-1.8963,1.3008,0.7322,-0.024,1.9356,-1.1851,0.644,0.0393,1.1992,-1.8459,-0.1642,0.2815,-1.8091,-1.3799
-0.1922,-1.7868,1.0306,0.8018,-0.0537,1.7255,-1.1357,0.6508,0.4588,1.1718,-1.4785,-0.3628,0.0271,-1.8841,-1.3899
0.145,-1.8146,1.5954,0.6295,0.122,1.1715,-1.0845,1.038,0.2707,1.2737,-1.1724,-0.6,-0.1779,-2.2711,-0.8856
-0.3027,-1.5193,1.5606,0.773,-0.1033,1.4061,-0.826,1.1129,0.4331,1.5199,-0.3898,-0.5301,-0.0785,-2.2894,-0.5723
-0.3693,-1.4592,2.1028,0.7924,-0.2179,1.3658,-1.021,0.5513,0.0283,1.045,-0.0803,-0.0411,0.1296,-2.3105,-0.6781
-0.1117,-1.3774,1.6984,0.778,0.1353,1.6277,-1.0379,0.0605,-0.4391,1.2851,-0.13,0.4731,0.3307,-1.8897,-0.6785
0.3381,-1.3149,1.0788,0.6624,-0.0534,1.0077,-0.8834,-0.2204,-0.3376,1.476,-0.3716,0.679,0.2568,-1.6689,-0.7549
0.1077,-1.3473,0.9972,0.5972,-0.1378,1.2155,-0.5496,-0.2006,-0.2414,1.8007,-0.9022,0.4761,0.2813,-1.2733,-0.1297
-0.1862,-1.3226,0.336,0.5462,-0.0376,1.8487,-0.6612,-0.4842,-0.1155,1.8418,-1.4085,0.3507,0.5403,-1.3772,-0.8658
-0.198,-1.5615,0.5451,0.9476,-0.3567,1.8267,-1.0564,-0.6683,0.0332,1.6412,-1.7904,0.0816,0.731,-0.7308,-0.575
0.0069,-1.6588,-0.0045,0.8975,-0.1061,1.8102,-0.7977,-0.8325,-0.035,1.8161,-1.6643,-0.3666,0.7288,-0.4884,-0.9074
-0.2471,-1.6485,-0.4167,0.7298,-0.2948,1.8946,-0.8572,-0.8494,0.7691,1.7303,-1.6829,-0.3956,0.3559,-0.7545,-0.768
-0.189,-1.9846,-0.349,0.754,-0.5455,1.4227,-0.7413,-0.6684,0.8242,1.375,-1.8422,-0.476,0.1389,-0.7065,-1.8203
0.2848,-1.8146,0.3974,0.5993,-0.7719,1.1874,-0.6863,-0.1974,1.394,1.0437,-1.2982,-0.5192,0.2544,-0.6552,-2.0328
-0.4087,-1.4411,0.4118,0.6353,-0.6248,1.0247,-0.6226,-0.4121,1.1914,0.9019,-1.412,-0.318,0.4689,-1.6685,-1.4627
-0.7227,-1.5983,-0.1018,0.7348,-0.4719,1.4635,-0.7605,-0.289,0.8956,0.8162,-1.7,-0.2747,0.2741,-1.656,-1.6771
-0.0328,-2.1013,-0.0615,0.998,-0.587,1.0523,-0.9326,-0.032,0.7732,0.3783,-1.5324,-0.4009,-0.208,-1.7074,-1.7297
-0.1198,-1.9041,0.2334,0.7413,-0.6972,1.2445,-0.6201,0.1066,1.0448,0.1462,-1.8467,-0.4503,-0.2625,-1.9693,-1.9468
-0.0587,-1.7825,0.4926,0.9103,-0.6452,1.8313,-0.7933,0.286,1.0045,0.2825,-1.5401,-0.341,0.0529,-1.9897,-2.1427
-0.3804,-1.754,0.5342,0.5688,-0.5563,1.9364,-0.8847,-0.0489,0.8139,0.1669,-1.619,-0.138,-0.2259,-2.3505,-1.723
-0.427,-1.5796,-0.0222,0.4403,-0.2291,1.8335,-0.9173,-0.1826,0.8395,0.5808,-2.0065,-0.153,0.0534,-2.5082,-1.3558
-0.4237,-1.6685,0.3115,0.6589,-0.3399,1.7778,-1.1378,0.0852,0.8636,0.7642,-1.5583,-0.3153,-0.0194,-2.3808,-1.4753
-0.2814,-1.737,0.7164,0.6787,-0.1676,1.5729,-1.1272,0.3331,1.0998,0.7907,-1.7824,-0.3702,-0.2302,-2.658,-1.1818
0.3182,-1.8388,0.87,0.792,-0.7169,1.2188,-0.7587,0.824,1.4161,0.8538,-1.2089,-0.6639,-0.568,-2.9884,-1.3325
0.0222,-1.3035,1.3424,0.6769,-0.6245,1.6133,-1.0932,0.9346,0.855,0.8764,-1.3658,-0.8599,-0.7353,-3.1164,-1.3609
0.0785,-1.3933,1.8559,0.5497,-0.4645,1.9799,-0.955,1.1682,0.9307,0.5351,-0.752,-0.3256,-0.8301,-3.2286,-2.1454
-0.3727,-1.1503,1.5376,0.8659,-0.0986,1.7764,-0.8023,1.0021,-0.1687,0.6719,-0.9781,0.0463,-0.5722,-3.2577,-1.6375
0.1423,-1.3389,1.5565,0.4974,-0.2397,1.8308,-0.5871,0.9733,-0.3548,0.8257,-1.1462,0.2302,-0.8591,-3.0926,-1.4577
0.0234,-1.1618,1.6493,0.4841,-0.1956,1.3233,-0.5614,1.7096,0.3252,1.0103,-0.4286,0.0368,-0.6244,-2.9265,-1.0495
-0.5012,-1.0103,1.6475,0.6847,0.4169,0.8649,-0.5079,1.5608,-0.0952,1.1802,-0.4387,0.3147,-0.7684,-3.4024,-0.5405
-0.3708,-1.17,1.8654,0.4703,0.1037,1.0537,-0.4264,1.4247,-0.5473,1.4681,-0.2594,0.7075,-0.6047,-3.3007,-0.4615
0.0622,-1.4666,1.9443,0.5353,0.0078,1.0126,-0.408,1.2881,-0.839,1.5314,-0.78,0.787,-0.5062,-3.4111,-0.9181
-0.0447,-1.1397,1.2489,0.5576,0.1272,1.2039,-0.4504,1.2363,-0.3922,1.8921,-1.1001,1.0996,-0.3952,-3.2153,-0.2237
-0.0429,-1.5111,1.2884,0.9496,-0.4701,1.4809,-0.5101,1.3527,-0.1368,1.7822,-0.8531,0.7009,-0.2137,-3.2607,-0.6527
-0.0476,-1.2275,1.5938,0.9825,-0.3798,1.8198,-0.1885,1.1175,-0.7373,1.6066,-0.4083,0.6219,-0.3066,-2.9128,-0.4642
0.0706,-0.9978,1.7096,0.5338,-0.3829,1.9254,-0.2336,0.6003,-0.6418,1.4024,-0.2963,0.5712,-0.0914,-2.7718,-0.1655
0.1243,-1.0492,1.8749,0.2396,-0.1392,1.8948,-0.3114,0.2527,-0.8207,1.7657,-0.437,0.6844,0.2725,-2.1682,0.6056
-0.1407,-0.9767,0.9045,0.3914,-0.2007,1.9074,-0.2688,-0.4441,-1.1941,2.3625,-0.7333,0.6636,0.2833,-2.0844,0.7655
-0.2809,-1.3009,0.5187,0.5376,-0.018,2.4524,-0.3417,-0.2693,-0.5077,2.3932,-0.5521,0.6677,0.4547,-1.0656,0.4124
-0.2866,-1.364,0.2842,0.7249,-0.3111,2.7496,-0.3601,-1.7332,-0.8654,2.445,-0.9883,0.7722,0.9133,-0.5004,0.7458
-0.3303,-1.5042,-0.2359,0.7389,-0.3621,2.5015,-0.2048,-2.2251,-0.3802,2.7054,-1.0349,0.3424,0.9804,-0.045,0.4714
0.0516,-1.5429,-1.117,0.7032,-0.4548,2.2222,-0.1403,-2.6042,0.1196,2.6809,-1.0756,0.2786,1.2411,0.3951,0.4453
-0.0692,-1.5909,-1.5035,0.7,-0.5917,1.9616,-0.2554,-3.2251,0.4201,2.9162,-1.4588,0.266,1.6236,0.3458,0.3338
-0.3531,-1.8381,-2.36,0.2309,-1.0638,1.7418,-0.1481,-3.0057,1.1561,2.8491,-2.353,-0.0936,1.6328,0.784,0.396
-0.4608,-2.4243,-2.4593,0.7573,-1.5504,1.6516,-0.3768,-3.0071,1.7077,2.1366,-2.8275,-0.4744,1.4298,0.664,-0.5916
-0.3747,-2.6149,-2.3565,1.1392,-1.669,2.0337,-0.6927,-2.693,2.6448,1.3406,-2.9524,-0.8511,1.4845,0.7219,-1.3677
-0.4216,-2.7284,-1.975,1.3845,-1.9696,2.0209,-1.1462,-2.6111,2.0624,0.7465,-2.7934,-1.2423,1.5977,0.4279,-2.0662
-0.2407,-2.5602,-1.8538,1.5618,-1.5685,2.032,-1.4182,-2.2932,2.0333,0.4944,-3.2856,-1.4679,1.3159,0.0193,-2.5372
-0.2514,-2.5443,-1.7717,1.7048,-1.3063,1.9714,-1.5729,-1.6733,1.687,0.5892,-2.6613,-1.9673,0.9465,-0.583,-3.6528
-0.3264,-2.7262,-1.585,1.5297,-1.1318,1.4195,-1.543,-0.7425,2.566,0.0903,-2.1119,-1.7066,0.43,-1.066,-4.2501
-0.2591,-2.4894,-0.7868,1.4371,-1.0032,1.4189,-1.4199,-0.4504,2.0387,-0.0627,-1.8556,-1.2559,-0.1208,-2.1449,-3.5589
-0.4539,-2.1233,-0.1499,1.1395,-0.8421,1.603,-1.1142,0.1837,1.5508,0.1482,-1.5438,-1.1352,-0.1589,-2.3492,-3.6385
-0.2057,-1.9307,0.3176,0.878,-0.7424,1.4634,-1.5345,0.7048,1.233,-0.1974,-1.5782,-0.3722,-0.0977,-2.8096,-4.0071
0.1082,-1.8742,0.9374,1.1391,-0.4278,1.275,-1.3089,0.9485,0.9166,-0.0389,-1.0774,-0.188,-0.5946,-2.9205,-3.5366
-0.0484,-1.3603,1.6492,0.8371,-0.0512,0.6373,-1.1927,1.5291,0.5907,0.423,-0.6722,-0.0013,-0.6364,-3.1684,-2.8284
-0.5368,-1.1618,1.9662,0.7777,0.264,1.0322,-1.0439,1.7779,0.264,0.7007,-0.2639,0.5257,-0.6859,-3.5388,-2.0933
-0.2705,-1.091,2.3508,0.551,-0.1075,1.4221,-0.7118,1.4107,-0.331,0.7537,-0.2783,0.7538,-0.5589,-3.7809,-1.7093
-0.3001,-0.8543,2.3616,0.4996,0.1717,1.5607,-0.5848,1.16,-0.6651,1.0957,0.0894,0.9907,-0.2484,-3.1563,-1.1822
-0.474,-1.0728,2.014,0.4792,0.2981,1.7664,-0.7071,0.7055,-0.7638,1.3463,0.3805,1.203,0.0538,-3.015,-0.6803
-0.1869,-0.5778,1.1823,0.4233,0.3769,1.7333,-0.6531,0.0859,-1.0773,1.7291,-0.442,1.5318,0.2281,-2.8297,-0.6686
-0.1579,-1.3219,0.7389,0.4653,0.2139,1.8475,-0.6336,0.1388,-0.5143,1.7312,-0.5962,1.2493,0.2456,-2.5439,-1.2442
-0.4594,-1.2801,0.4352,0.5489,0.1019,1.9185,-0.5856,-0.011,-0.6043,2.1052,-0.7344,1.1075,0.2047,-2.4781,-0.6322
-0.4747,-1.4541,0.1955,0.4583,-0.0117,2.0848,-0.5292,-0.0471,-0.5325,1.8326,-0.9207,1.0445,-0.0918,-2.1062,-0.2471
0.0829,-1.7008,0.3324,0.6621,-0.282,2.9599,-0.2795,-0.3227,-0.5077,1.8776,-1.114,0.8792,0.5914,-1.894,-0.4231
-0.042,-1.9325,0.1422,0.2376,-0.2438,2.582,-0.3335,-0.5716,-0.2581,2.0969,-1.0081,0.7689,0.7066,-1.2585,-0.3226
-0.2382,-1.3661,-0.629,0.1806,-0.3724,2.4926,-0.6385,-1.127,-0.1719,2.1357,-1.2164,0.9798,0.8342,-0.9842,-0.09
-0.4192,-1.7831,-1.0618,0.5835,-0.5337,2.4777,-0.6528,-2.0742,-0.0935,1.8119,-0.8853,0.9395,1.2097,-0.3985,-0.3712
-0.3553,-1.9047,-1.7684,1.0387,-0.9606,1.9748,-0.7159,-2.4039,0.1927,1.7494,-1.3396,1.2914,1.2878,0.1358,-0.8981
0.2674,-2.0839,-2.0546,0.7377,-1.0052,1.5411,-0.9448,-2.4996,0.5569,1.4197,-1.9501,0.8329,1.4063,0.3841,-1.1048
0.2546,-2.3194,-2.1695,0.7831,-1.276,1.2911,-1.0738,-2.4469,0.6626,1.5382,-1.9804,0.3291,1.3965,0.5504,-0.997
-0.1457,-2.2153,-2.354,1.0343,-1.3853,1.4731,-1.2113,-2.3446,1.6222,1.3013,-1.9008,-0.0175,1.5549,0.7159,-1.2614
-0.3111,-2.3488,-2.2686,1.0279,-1.3134,1.073,-0.9975,-2.2301,1.826,0.8982,-2.2649,-0.2456,1.3896,0.3424,-1.6323
-0.5574,-2.523,-1.9033,1.075,-1.2261,1.7665,-1.1154,-1.9689,1.6626,0.8478,-2.3237,-0.3024,1.4158,0.1897,-2.0406
-0.3768,-2.3727,-1.981,1.1393,-1.3451,1.7856,-1.4363,-1.8325,1.517,0.703,-1.9704,-0.7795,1.1474,-0.1779,-2.1779
-0.0003,-2.6137,-1.943,0.9609,-1.1974,1.5015,-1.5173,-1.9404,1.4898,0.5595,-2.2736,-0.5857,1.2587,-0.2071,-2.9451
-0.0522,-2.339,-1.9185,1.1433,-1.3488,1.366,-1.4847,-1.3982,1.7147,0.6292,-2.418,-0.6283,0.9138,-0.4211,-2.9235
-0.2013,-2.8136,-1.5723,1.248,-1.1905,1.1548,-1.2553,-0.7647,1.8875,0.2969,-1.821,-0.9797,0.8155,-0.9117,-2.702
-0.518,-2.5278,-1.7422,1.2425,-1.0958,1.1779,-1.4101,-0.3173,2.1736,0.4455,-1.4921,-0.5402,0.4078,-1.6217,-2.5987
-0.5519,-2.5731,-1.1185,1.2824,-0.88,1.4087,-1.4327,-0.1861,2.106,0.2781,-1.3866,-0.2445,0.341,-2.171,-2.3373
-0.4393,-2.1884,-0.221,1.0883,-0.783,1.4284,-1.3573,0.0742,1.6057,0.5707,-1.3862,0.117,0.235,-2.3259,-2.3952
-0.0172,-2.0796,0.3485,0.938,-0.6254,1.043,-1.2663,0.5517,1.4157,0.5535,-1.6059,0.207,0.1208,-3.139,-2.5075
-0.3314,-1.9572,0.446,1.0241,-0.4452,1.2321,-1.1949,1.0951,0.9057,1.0624,-1.3095,0.0005,-0.0414,-3.1299,-2.7254
-0.2488,-1.9628,0.6385,0.95,-0.1882,1.3566,-1.1237,1.2711,0.6926,0.8471,-0.8846,0.4269,-0.0296,-3.3787,-2.5143
-0.169,-1.7877,1.3444,0.7131,-0.0376,1.5578,-1.0897,1.3886,0.4351,0.7464,-0.6313,0.751,0.1737,-3.6412,-1.8356
-0.1298,-1.4177,1.2261,0.4343,0.1226,1.4555,-1.0192,1.1251,-0.2965,1.4378,-0.4737,0.8813,0.1674,-3.556,-1.1505
-0.2621,-1.4554,0.9215,0.4295,-0.1608,1.6864,-0.8858,0.7893,-0.3135,1.4937,-0.7539,1.0935,0.1823,-3.18,-1.006
-0.271,-1.6257,0.4997,0.5825,-0.0426,1.4054,-0.701,0.5998,-0.1675,1.5606,-0.7691,1.2238,-0.5477,-2.7905,-0.9471
-0.1543,-1.5809,0.3876,0.4778,-0.0999,1.2912,-0.6294,0.8121,0.1907,1.9371,-0.8808,1.3314,0.0149,-2.6907,-1.3401
0.0267,-1.5867,0.4708,0.5092,-0.3208,0.9951,-0.5745,0.6489,0.7087,1.4886,-1.2229,1.2361,0.1641,-2.4134,-1.549
-0.0472,-1.6991,0.8627,0.7386,-0.2612,1.1416,-0.6881,0.5451,0.7443,1.1955,-0.9121,1.0265,0.3022,-2.5789,-1.531
0.0827,-1.6604,1.243,0.3877,-0.3004,1.1464,-0.8622,0.2558,0.1452,1.2714,-1.0321,0.9686,0.0908,-3.0648,-0.9756
0.0441,-1.4449,0.8639,0.6388,-0.4345,0.6955,-0.8325,0.8097,0.0024,1.6034,-0.8999,0.8541,0.1874,-2.7287,-0.3177
-0.3086,-1.4834,1.0941,0.761,-0.6754,0.661,-1.1268,0.698,0.0149,1.2351,-0.8141,1.0189,0.1174,-2.3494,0.7705
0.0437,-1.386,1.0604,0.4166,-0.3181,0.7431,-0.96,0.7034,-0.1937,1.2134,-1.0707,1.1071,0.3143,-2.1177,0.2628
-0.6255,-1.3388,0.833,0.5124,-0.2284,0.9835,-0.9172,0.7273,-0.5151,1.4764,-0.9959,1.0348,0.4332,-1.9892,-0.0948
-0.5278,-1.5576,0.4325,0.5315,-0.2268,1.2081,-0.7957,0.3003,-0.1716,1.1424,-1.3481,1.2909,0.6547,-2.0419,-1.0538
-0.4536,-1.9442,0.1815,0.8125,-0.2441,1.548,-0.5278,0.2332,0.2064,1.1373,-1.5572,1.1388,0.8041,-2.4659,-1.0842
-0.4495,-1.5386,0.2483,0.6601,0.0263,1.1016,-0.7253,0.4013,0.2938,1.377,-1.4725,0.6607,0.8364,-2.2115,-0.9508
-0.4525,-1.7554,0.2456,0.8499,-0.4832,1.5494,-1.0307,0.0235,-0.0569,1.1251,-1.0857,0.6011,0.9677,-2.1634,-0.6093
-0.3682,-1.8049,-0.0656,0.3553,-0.3364,1.152,-0.9991,-0.4964,0.0103,1.136,-1.1951,0.6189,0.6617,-1.8702,-0.898
-0.241,-1.7541,-0.0168,0.6703,-0.5568,1.2926,-0.9848,-0.5329,0.5722,1.0655,-1.347,0.7926,0.8146,-1.2923,-1.0393
-0.3705,-1.8154,-0.1882,0.7682,-0.8036,1.123,-1.118,-0.4923,0.3258,1.3114,-1.534,0.7083,0.7407,-1.4049,-0.7994
0.0626,-2.1126,0.0886,0.9793,-0.8559,0.6559,-1.1087,-0.4094,-0.3816,0.9601,-0.9872,0.9322,0.595,-1.5209,-0.6309
-0.4358,-1.404,-0.3282,0.889,-0.7601,0.607,-1.2569,-0.235,-0.2692,1.2278,-1.2015,0.6053,0.6225,-1.4155,-0.945
-0.6039,-1.7293,-0.7462,0.5214,-0.7859,1.1916,-1.0806,-0.8332,0.0981,0.6556,-1.266,0.9294,0.7461,-1.4654,-1.3263
-0.6698,-1.8333,-1.0467,0.6447,-0.8223,1.3197,-0.957,-0.9652,0.1629,0.9496,-1.7993,0.9012,0.8695,-1.3089,-2.1926
0.0124,-2.1521,-0.8145,0.671,-0.8782,0.8915,-1.33,-0.829,0.6722,0.4617,-2.1589,0.8754,0.8854,-1.0955,-2.7309
-0.4599,-2.2173,-0.1865,0.6858,-0.7816,1.134,-1.2843,-0.7553,0.6273,0.5524,-2.3037,0.2158,0.7914,-1.2993,-2.745
0.2294,-2.0957,0.4043,0.6052,-0.8144,0.7819,-1.3357,-0.3525,0.4682,0.5678,-0.8959,-0.023,0.5775,-1.0921,-2.892
-0.7113,-1.7574,0.1942,0.7612,-0.7357,1.2777,-1.2955,-0.951,-0.4852,0.9116,-1.2566,0.2727,0.5624,-1.2941,-2.2037
-0.4749,-1.9967,-0.5686,0.896,-0.8481,1.6309,-1.1723,-1.0674,-0.4356,0.5716,-1.399,0.3142,0.6769,-0.9923,-2.094
-0.5908,-2.1451,-1.079,0.85,-0.801,1.6043,-1.0936,-0.3488,0.5283,0.4499,-1.5542,0.331,0.3758,-0.8683,-1.7942
-0.5005,-2.2833,-0.6791,1.0273,-0.7769,1.4449,-1.0117,-0.6475,0.7493,0.234,-1.7128,0.3289,0.6585,-1.1826,-3.0626
-0.7957,-2.374,-0.6778,1.0305,-0.7439,1.3591,-1.0158,-0.3137,0.8931,0.2534,-1.3881,0.1833,1.5058,-1.7423,-2.6349
-0.8259,-2.473,-0.609,0.9735,-0.6859,1.2493,-1.0079,-0.6727,0.3494,0.3364,-1.2211,0.5399,1.2053,-2.3085,-1.7789
-1.0092,-2.2955,-1.163,1.2084,-0.5292,1.4949,-0.8758,0.0098,0.4647,0.6628,-1.3314,0.7527,0.9337,-2.0532,-1.5459
-0.8386,-2.3849,-0.5495,0.719,-0.7453,2.1336,-0.9769,-0.1802,0.4613,0.4908,-1.5193,0.4785,1.4142,-2.2486,-1.8174
-0.4085,-2.12,-0.0534,0.6587,-0.7581,1.4974,-0.9725,-0.4925,0.2386,0.7328,-1.7243,0.2827,1.3091,-1.9609,-1.83
-0.8832,-2.214,-0.5324,0.8409,-0.6995,1.8169,-1.1879,-0.4531,0.3792,1.0524,-2.2035,-0.0227,1.2441,-1.6662,-1.485
-0.6355,-2.3299,0.0377,0.9531,-0.6198,1.7291,-0.8241,-0.3126,1.2345,0.7802,-1.4647,-0.3231,0.9355,-1.5185,-1.6585
-2.7022,-2.0046,-0.9231,1.0265,-0.5724,2.5917,-1.0603,-0.9069,0.266,1.0259,-1.3188,-0.2096,0.9777,-1.9897,-1.0837
-1.0268,-2.6141,-0.9291,0.7527,-0.7137,2.566,-0.8788,-1.0773,0.663,0.3352,-1.1196,0.1577,1.389,-1.884,-1.4513
-0.4372,-2.2721,-0.9204,0.696,-0.7308,2.4246,-0.8596,-1.4375,0.7446,1.121,-1.5813,0.2887,1.4658,-1.4724,-1.2438
-0.1639,-2.1334,-0.6295,0.5686,-1.023,2.129,-1.1512,-1.4134,0.6123,1.499,-1.9107,0.0537,1.3244,-1.4785,-1.2637
-0.9969,-2.1725,-1.1131,0.5362,-1.0714,5.6142,-1.0433,-2.9651,-0.2376,1.3385,-2.0801,-0.0675,1.6373,-1.1915,-0.9606
-0.4724,-2.5036,-1.9112,0.591,-1.2827,4.3868,-1.0331,-3.378,0.4859,1.2128,-2.4224,-0.219,2.0061,-0.4206,-1.3314
-0.591,-2.6198,-1.9649,0.9347,-1.3053,3.5287,-1.0161,-3.6118,0.5895,1.2855,-2.9991,-0.6163,2.2225,0.0251,-2.0554
-0.6579,-2.7717,-2.6102,0.9102,-1.2419,3.0038,-1.0086,-3.3857,0.9061,1.4427,-3.096,-1.2077,2.0748,0.4487,-1.9638
-0.603,-2.7859,-3.2172,1.3907,-1.7453,2.4362,-1.2576,-3.083,1.7569,1.085,-2.8222,-1.2776,2.3539,0.5596,-1.8829
-0.6908,-2.745,-2.9363,1.2669,-1.5907,2.2378,-1.4446,-3.2752,1.9065,0.7224,-3.1746,-1.3235,2.3808,0.4512,-2.3276
-0.9013,-2.8805,-2.7948,1.6067,-1.859,2.611,-1.4161,-3.0849,1.8498,0.4104,-2.6993,-1.5145,2.3126,0.0463,-2.7853
-0.5436,-2.7822,-2.3758,1.3273,-1.9684,2.5845,-1.607,-3.1158,1.8175,-0.0908,-2.7119,-1.2083,1.9566,0.025,-3.0454
-1.1404,-2.6431,-2.4394,1.2035,-1.7919,2.5838,-1.3651,-3.0837,1.7087,-0.1744,-2.5087,-0.9915,1.7734,0.0584,-3.1672
-0.7546,-2.7686,-2.4421,0.5502,-1.5754,1.8498,-1.779,-2.5805,1.7288,-0.4396,-2.7982,-1.1248,1.728,-0.0449,-3.5052
-0.5894,-2.7172,-2.0547,0.7762,-1.5125,1.5256,-1.7822,-2.0531,1.9671,-0.492,-2.8374,-1.2652,1.5707,-0.5346,-3.8985
-0.3839,-2.8439,-1.8035,0.7346,-1.1063,1.2989,-1.7299,-1.3927,2.162,-0.3373,-2.7265,-1.4669,1.1492,-0.779,-3.9701
-0.2567,-2.8415,-1.4618,0.7367,-0.8221,1.0138,-1.4211,-0.6575,2.1719,-0.0132,-2.6086,-1.0107,1.0359,-1.4262,-3.4357
-0.0378,-2.6616,-0.4782,1.2944,-0.9305,1.0815,-1.4022,0.015,2.3765,0.262,-2.0532,-0.8676,0.8206,-1.9674,-2.8739
-0.471,-2.2286,0.3871,0.9679,-1.0419,1.3677,-1.3716,0.2724,1.2851,0.1559,-1.7333,-0.7601,0.5735,-2.6743,-2.8433
-0.8186,-2.1373,0.5887,0.8277,-0.9319,1.9051,-1.2805,0.34,0.4202,0.174,-1.1462,-0.2715,0.4372,-2.935,-2.4447
-0.5357,-1.9513,0.8784,0.5237,-0.6402,1.3943,-1.0587,0.4973,0.1391,0.243,-1.5544,0.4914,0.4332,-2.9943,-2.2662
-0.4996,-1.8103,0.7896,0.5215,-0.4882,0.9804,-1.1651,0.8358,-0.0044,0.4152,-1.3877,0.267,0.4102,-2.7507,-1.8423
-0.9129,-1.8554,1.2936,0.7098,-0.207,1.9481,-0.7744,0.0591,-0.6469,0.6274,-1.1406,0.64,0.1414,-2.786,-1.6433
-0.8062,-1.8271,0.8887,0.7808,-0.023,1.7489,-0.8022,-0.0694,-0.9458,1.1101,-0.2266,0.7868,0.62,-2.6486,-1.4353
-0.7407,-1.6429,0.03,0.6161,-0.324,1.5314,-0.7242,-0.7758,-1.3509,1.3967,-0.8902,0.9578,0.6799,-2.2993,0.3215
-0.5589,-1.6128,-0.3227,0.5209,-0.7014,1.1321,-0.7348,-0.846,-0.5042,1.6011,-1.6778,0.9201,0.932,-1.2189,-0.1414
-0.2096,-1.9158,-0.2951,0.5381,-0.5846,1.198,-0.9927,-1.0179,-0.3705,1.7088,-2.1958,0.9857,0.885,-0.6577,-0.0313
-0.2134,-2.4173,-1.1226,0.7764,-0.7043,1.225,-1.0906,-1.2968,-0.2286,1.7538,-2.3958,-0.1212,1.2429,-0.4492,-0.3155
-0.5349,-2.3036,-1.2824,0.7353,-0.8089,0.9933,-1.1685,-1.1652,0.4762,1.5859,-2.0542,-0.4685,1.2313,-0.2921,-0.3039
-0.1643,-2.3931,-0.8665,1.0312,-1.0674,0.6156,-1.0864,-1.2209,0.9022,1.4789,-2.1673,-0.3388,0.9746,-0.6227,-0.7376
-0.7487,-2.1704,-0.9775,0.7606,-0.8774,0.9838,-1.36,-1.2705,0.8379,1.4188,-2.9351,-0.5308,1.0217,-0.6997,-1.0097
-0.6356,-2.3349,-0.9789,0.7787,-1.16,1.265,-1.3811,-0.9445,0.8155,0.7834,-3.1597,-0.5468,1.0185,-1.0106,-2.1919
-0.5668,-2.7551,-1.2818,1.1095,-0.8844,1.2676,-1.3774,-0.5422,0.8779,0.016,-3.0059,-0.8544,0.795,-1.2342,-2.2269
-0.437,-2.721,-0.6396,0.9979,-0.8422,1.1579,-1.4336,-0.0917,1.4407,0.3462,-3.0313,-0.5532,0.4086,-1.7768,-2.8197
-0.3657,-2.4605,-0.7112,0.9948,-0.6562,0.9629,-1.384,0.803,1.3812,0.3381,-2.6929,-0.8427,0.3735,-1.1441,-3.048
-0.5137,-2.4721,0.6375,0.9552,-0.6164,1.3346,-1.3631,0.4109,0.5439,0.1309,-2.0986,-1.0349,0.0334,-1.7659,-3.1518
-0.4474,-2.3152,0.9471,0.7035,-0.2048,1.1775,-1.1766,-0.1947,-0.3297,0.4588,-1.615,-0.4741,0.1663,-2.8242,-3.144
-0.4845,-2.0353,0.347,0.9988,-0.1032,1.2959,-1.0104,0.1157,-0.187,0.8029,-1.324,-0.2139,0.3829,-2.8524,-2.5028
-0.2923,-1.6586,-0.0137,0.938,-0.3964,0.982,-1.1144,0.4161,0.0614,0.8339,-1.2742,0.2288,0.3545,-3.446,-1.9832
-0.2372,-1.7573,0.8478,0.807,-0.2702,1.1776,-0.9709,0.8564,-0.1791,0.9252,-1.3841,0.4943,0.3871,-3.1289,-1.7861
-0.2959,-1.8134,0.8733,0.8768,0.293,1.0844,-0.5373,1.1175,-0.5281,1.3196,-0.9977,0.3482,0.1667,-2.6933,-1.8891
-0.3917,-1.7808,1.0888,0.7671,0.1064,1.0976,-0.5368,0.6829,-0.6344,1.7197,-1.0053,0.3739,0.3283,-3.0401,-1.1006
-0.5647,-1.7866,0.874,0.9637,0.0653,0.8406,-0.7136,0.6035,-0.938,1.857,-1.1091,0.5252,0.4598,-2.7507,-1.1691
-0.6767,-1.9559,0.8766,1.0796,0.2246,1.2197,-0.7532,0.5613,-0.7751,1.8132,-0.7081,0.6473,0.7213,-2.2021,-0.3864
-0.7237,-1.7547,1.2662,0.7607,0.215,0.9617,-0.7122,-0.078,-0.8971,2.1731,-0.5185,0.7281,0.6799,-2.0644,-0.1045
-0.5392,-1.3559,0.8132,0.6491,0.1173,0.6416,-0.6522,-0.3503,-0.8778,2.2369,-0.6509,0.9033,0.7885,-1.842,0.7562
-0.3834,-1.6325,0.4233,0.7515,-0.1787,0.8122,-0.6019,-0.7331,-0.9189,2.3559,-0.9676,1.2317,1.3518,-1.674,0.6434
-0.5799,-1.6841,-0.3618,0.4824,-0.0322,1.0582,-0.4238,-1.1692,-0.893,2.7489,-1.2777,1.185,1.3843,-1.1654,0.038
-0.2246,-1.92,-0.2457,0.6712,-0.333,0.7583,-0.1958,-1.3313,-0.4465,2.4897,-1.6541,1.1818,1.5647,-1.0346,0.0184
-0.6905,-1.9368,-0.8755,0.7655,-0.5289,1.3113,-0.2276,-1.6566,-0.8804,2.5269,-2.1416,0.7978,1.6385,-0.7899,-0.318
-0.4138,-2.073,-1.1302,0.5272,-0.8555,1.6809,-0.5692,-1.9323,-0.5974,2.0853,-1.7889,0.2556,1.9179,-0.2926,-0.3986
-0.3899,-2.3349,-1.5967,0.6102,-1.155,1.5641,-0.6698,-2.6014,0.1032,1.7554,-2.3404,0.458,2.3569,-0.0433,-0.9095
-0.5224,-2.403,-1.5228,0.8874,-1.3185,1.931,-0.9032,-2.9099,0.8416,1.4186,-2.3321,0.1068,2.053,-0.0882,-1.6707
-0.4754,-2.5493,-2.4459,1.4384,-1.3438,1.847,-0.918,-2.7467,0.8371,0.999,-1.9049,-0.3295,1.8128,0.1697,-1.6261
-0.2256,-2.3414,-2.3638,1.172,-1.2879,1.1093,-1.1447,-2.5833,1.4193,0.9706,-2.6669,-0.3595,1.8537,0.4305,-1.7569
-0.4149,-2.4518,-2.1556,1.0973,-1.2652,1.1505,-0.9008,-2.4408,1.3627,0.9148,-3.0055,-0.5384,1.708,-0.0653,-2.4038
-0.3975,-2.596,-1.6882,1.1552,-1.384,0.8022,-0.8701,-1.5711,1.6756,0.6321,-2.9402,-0.8569,1.5479,-0.1793,-2.6329
-0.2407,-2.5838,-1.1238,1.0831,-1.5305,0.7749,-0.976,-1.1737,1.37,0.5803,-3.0419,-0.8369,1.3656,-0.6925,-2.9279
-0.091,-2.3838,-0.166,0.9722,-1.2801,0.7706,-1.2047,-0.7103,1.3344,0.093,-2.6909,-1.1573,0.9585,-0.9339,-3.159
-0.3435,-2.2202,0.3462,0.8587,-0.7542,1.2047,-0.9227,-0.7444,0.971,0.2795,-2.3176,-0.9174,0.5287,-1.1361,-3.2861
-0.4704,-1.8918,0.0531,0.7046,-0.5152,1.4397,-0.9214,-0.7594,0.7836,0.6264,-1.7379,-0.7406,0.3873,-2.1314,-2.8803
-0.551,-2.1331,0.0171,0.7712,-0.3746,1.4382,-0.6853,-0.327,0.5157,0.9145,-1.1737,-0.4376,0.2917,-2.2798,-2.4181
-0.4254,-1.7941,0.2899,0.7816,-0.4427,1.2871,-0.6799,-0.2066,0.2939,1.6705,-1.1993,-0.2348,0.1089,-2.3604,-1.4409
-0.4189,-1.6681,0.8148,0.6708,-0.5196,0.9534,-0.7662,-0.3769,0.233,1.031,-1.0693,-0.0063,0.0584,-2.3584,-1.2003
-0.099,-1.625,0.6262,0.6364,-0.2445,1.0732,-0.7667,-0.0663,0.165,1.2675,-1.1181,0.1221,0.0106,-2.9007,-1.316
-0.33,-1.7641,0.4358,0.6294,-0.2917,1.4811,-0.7855,0.1658,-0.0684,1.5003,-0.0178,0.4183,0.2997,-2.7366,-0.3142
-0.3713,-1.5337,0.7471,0.5484,-0.3223,1.78,-0.7276,-0.531,-0.5721,1.8638,-0.635,1.2694,0.3651,-2.5143,0.3068
-0.2497,-1.6127,0.5029,0.4539,-0.3148,1.0248,-0.4199,-0.4395,-0.9066,2.1755,-1.1325,1.4319,0.5311,-2.0547,-0.0608
-0.1336,-1.8609,0.0575,-0.2885,-0.5867,0.8379,-0.6182,-0.3148,-0.5946,2.0057,-1.7531,1.1592,1.0099,-1.7429,-0.5705
-0.2834,-1.8494,0.0091,0.1082,-0.6346,1.0862,-0.5518,-0.6148,-0.1311,1.8326,-1.8907,0.7224,0.8959,-1.3605,-1.0963
-0.2764,-2.2213,-0.2372,0.3687,-0.6642,1.0995,-0.6271,-0.6847,-0.3917,1.4789,-2.1711,0.3875,0.4268,-1.6145,-1.0985
0.2669,-2.2953,-0.2924,0.2325,-0.7703,1.1123,-0.8,-0.3825,0.28,1.3524,-2.4299,0.0618,0.6682,-1.4196,-1.4284
0.4487,-2.2761,0.5094,0.3224,-1.0089,0.9626,-0.6998,-0.3823,0.5195,1.3017,-2.0262,-0.5642,0.5893,-1.145,-1.6636
0.2402,-2.0517,0.4203,0.4322,-0.796,1.2242,-0.7449,-0.5195,0.5202,1.1928,-1.5511,-0.1958,0.6887,-1.5183,-1.6033
0.0659,-2.065,0.4216,0.445,-0.7994,1.5217,-0.9021,-0.6748,0.0987,1.3087,-1.5303,-0.1568,0.7003,-1.4225,-1.618
0.2292,-2.1173,0.5135,0.9223,-0.5482,1.1736,-0.8985,-0.7843,-0.2404,1.3961,-1.0696,0.0657,0.9277,-2.0828,-1.7217
0.0244,-1.9679,0.0598,0.6501,-0.5908,1.067,-0.9869,-0.647,-0.3982,1.525,-1.3613,0.2477,0.676,-1.7371,-1.5742
-0.2402,-2.2259,-0.0227,0.4669,-0.3535,1.4173,-0.993,-0.8763,-0.1397,1.6237,-1.0832,-0.2334,0.6687,-1.503,-1.8268
-0.516,-2.0294,-0.4457,0.3929,-0.5542,1.4968,-0.9548,-0.9783,0.3103,1.8247,-1.4285,0.0783,1.0366,-1.3026,-1.4644
-0.0102,-2.4701,-0.0951,0.6724,-0.5781,1.5729,-0.8634,-1.2032,0.2184,1.4177,-1.9182,0.1166,1.0642,-1.5047,-2.1408
0.0869,-2.2626,-0.0518,0.543,-0.6326,1.3437,-0.9159,-0.6748,0.6993,1.3927,-1.6829,-0.1835,1.0136,-0.8842,-2.1229
-0.0211,-2.3959,0.4451,0.7368,-0.6297,1.5351,-0.8943,-1.1137,0.1959,1.3986,-1.6241,-0.1528,1.3875,-0.9359,-2.0468
-0.6708,-2.5563,-0.085,0.7978,-0.4286,1.5635,-0.6676,-1.3125,-0.0145,1.4949,-1.7609,0.0081,1.6518,-0.4807,-1.8546
-0.3817,-2.6534,-0.4897,0.1547,-0.6424,1.6113,-0.7643,-1.842,-0.4286,1.6416,-2.4992,-0.0958,1.8827,-0.3412,-2.0537
-0.1602,-2.9227,-1.2099,0.5991,-0.804,1.5788,-0.5751,-1.6164,0.4855,1.7445,-2.4226,-0.3244,1.8755,0.0358,-2.0325
-0.046,-2.7845,-1.0972,0.5592,-1.0195,1.725,-0.7622,-1.6872,0.8946,1.6189,-2.8419,-0.2416,1.9261,0.3142,-2.1083
0.163,-3.0035,-0.7332,0.6272,-0.756,1.4241,-0.8151,-1.6125,0.7813,1.6693,-2.7677,-0.6619,1.62,0.0347,-1.7035
0.4653,-2.7856,-0.3366,0.929,-0.5335,0.9567,-0.5814,-1.2031,0.413,2.1531,-1.6684,-0.9396,1.6118,-0.2348,-1.8296
-0.041,-2.4512,-0.8782,0.7515,-0.5636,0.9428,-0.6032,-1.4727,0.458,2.2184,-1.8605,-0.5804,1.5435,-0.4042,-1.6705
-0.1387,-2.5429,-0.7113,0.9031,-0.8957,0.5666,-0.7478,-1.3453,0.1682,1.9418,-1.8461,-0.4801,1.6966,-0.8383,-1.643
-0.278,-2.6208,-0.76,1.1801,-0.8897,0.8513,-1.0238,-1.1354,0.1062,1.8617,-1.5595,-0.5563,1.6185,-0.4085,-2.1375
-0.0601,-2.5824,-0.8814,0.9472,-0.9178,0.7708,-1.0354,-1.3911,0.3159,1.6294,-1.766,-0.6628,1.4693,-0.3874,-2.4273
0.2553,-2.6384,-0.5039,1.0149,-0.9894,0.5597,-1.0508,-1.4823,0.4041,1.5213,-1.8152,-0.6648,1.6713,-1.2048,-2.5571
-0.2239,-2.4983,-0.7928,0.8873,-1.0848,0.65,-1.1937,-0.8304,0.7736,1.578,-1.9309,-0.5802,0.9919,-1.1759,-2.5059
-0.274,-2.8028,-0.028,1.1658,-1.3022,0.9779,-1.1947,-0.5656,0.5041,1.0394,-1.642,-0.6509,1.1002,-1.6098,-2.5709
-0.2146,-2.6521,0.0785,0.9393,-0.8464,1.3487,-1.2489,-0.4409,0.2646,0.9559,-1.1568,-0.5157,1.0132,-0.9891,-2.6412
0.2362,-2.6473,0.271,0.4846,-0.9132,0.7612,-1.186,-0.6433,0.1626,1.1829,-1.2045,-0.3409,1.2601,-1.7344,-2.1178
0.3036,-2.4079,-0.4018,0.8318,-0.5934,0.4961,-0.8545,-0.2468,0.4432,1.6595,-1.2668,-0.0571,1.3562,-1.8252,-2.5689
0.1718,-2.423,-0.1842,0.6764,-0.6871,0.6084,-0.7662,-0.0719,0.633,1.806,-1.3584,-0.1073,1.0708,-2.1637,-2.594
0.0174,-2.5658,0.3246,0.7401,-0.8844,0.6519,-0.8274,0.198,0.2673,1.6588,-0.7731,-0.0828,0.8975,-2.3135,-2.0514
0.155,-2.3301,0.5083,0.7329,-0.7349,0.2247,-0.8661,0.6215,-0.1305,1.6603,-0.3561,0.0341,0.6481,-2.1184,-1.4625
0.0572,-2.1486,0.569,0.8791,-0.9281,0.3313,-1.0631,1.5318,0.1369,1.5761,0.0364,0.5084,0.3105,-1.9677,-1.4094
-0.1933,-2.1215,1.259,0.5584,-0.7704,0.7783,-1.0843,0.7198,-0.5066,1.3974,-0.0318,0.8746,1.3361,-2.3629,-1.263
-0.3708,-1.9319,0.9557,0.4811,-0.1628,0.7999,-1.1556,-0.2771,-1.3747,1.77,-0.1594,0.9899,1.238,-1.8492,-1.1826
-0.3484,-2.0146,-0.0481,0.6073,0.0394,0.8013,-1.0751,-0.8311,-1.4131,2.3075,-1.0744,1.0624,1.1323,-1.6997,-1.7133
-0.1993,-2.3406,-0.52,0.4036,-0.4159,0.9613,-0.9895,-0.6764,-1.0613,2.4534,-1.2464,0.3963,0.91,-1.369,-1.5504
0.2849,-2.5935,-0.1664,0.8397,-0.7225,0.9384,-0.8377,-0.655,-0.1339,2.3429,-1.2561,0.0567,0.8052,-1.0213,-1.0606
0.4589,-2.3903,-0.0468,0.4779,-0.7287,0.676,-0.6211,-0.6367,0.189,2.4887,-1.6136,0.0328,1.0257,-0.5137,-1.3089
0.0655,-2.4189,-0.0845,0.7725,-0.6249,0.8953,-1.0851,-0.8384,0.0478,2.5337,-1.2382,-0.2435,1.132,-0.6729,-1.3243
-0.0372,-2.7751,0.1028,0.9501,-0.9464,0.8083,-0.8787,-0.8517,0.0172,2.2326,-1.8972,-0.0967,1.1943,-1.0017,-2.0551
-0.1428,-2.638,0.1751,0.6581,-0.8513,1.0154,-1.4077,-0.8735,0.2844,1.7394,-1.6892,-0.6824,0.9971,-1.6287,-2.592
0.5882,-2.5166,0.514,0.6136,-0.6451,0.4324,-1.1493,-0.3272,0.3362,1.5236,-1.5985,-0.7979,0.9242,-1.8457,-1.9924
0.2599,-2.3057,0.4094,0.7444,-0.595,0.7824,-0.9354,-0.0478,0.2834,1.9967,-1.2969,-0.738,0.6173,-2.18,-1.734
0.3851,-2.028,0.3886,0.4949,-0.5351,0.6577,-0.9233,0.5393,0.1854,2.0314,-1.4444,-0.3083,0.5188,-2.1,-1.5472
0.3556,-2.3503,0.7934,0.5466,-0.7223,0.7411,-0.6468,0.6437,0.1298,2.0616,-1.2091,-0.5723,0.5584,-2.5879,-1.6783
-0.1544,-1.9753,0.8692,0.6939,-0.574,0.9674,-0.8549,0.5752,-0.4153,2.1697,-0.6508,-0.4857,0.6651,-2.4552,-1.0133
-0.0634,-2.1698,0.9817,0.2996,-0.648,1.1744,-0.7956,0.3049,-0.5271,2.0478,-1.1942,0.0272,0.7476,-2.5115,-1.249
0.2144,-2.3495,0.7314,0.4379,-0.093,1.1626,-0.2194,0.3588,-0.4487,2.3286,-1.1424,0.2244,0.8221,-2.2516,-1.368
0.0793,-2.1718,0.5339,0.4943,-0.172,0.8598,-0.1552,0.5589,-0.5047,2.7179,-1.6629,0.2515,0.8676,-2.5122,-1.0851
-0.1441,-2.4792,-0.1023,0.677,-0.7181,0.7746,-0.3302,0.8297,-0.3102,2.51,-1.2981,0.4139,0.9787,-2.6226,-0.823
0.0309,-2.5915,0.2429,0.8194,-0.9425,0.8337,-0.6554,0.9247,0.03,2.0951,-1.4526,0.5932,1.0005,-2.37,-1.2659
0.2392,-2.4895,0.8328,0.7356,-0.8873,1.1066,-0.9158,0.8034,-0.1304,2.062,-1.174,0.52,0.8708,-2.5606,-1.7022
-0.3608,-2.2559,1.0272,0.9041,-0.5741,0.7599,-0.7863,1.0122,-0.0612,2.0303,-0.7583,0.0499,0.5657,-2.7366,-1.6309
0.0217,-2.3736,1.3202,0.7937,-0.4291,0.7997,-0.8062,0.801,-0.5875,1.9729,-0.1998,0.1888,0.6159,-3.3079,-1.6716
0.2312,-2.0954,0.4595,0.8004,-0.2308,1.278,-0.501,0.6987,-0.7814,2.289,-0.3487,0.7075,0.6538,-3.2919,-0.9199
0.0055,-2.0551,0.7785,0.9914,-0.7255,1.2487,-0.4926,0.784,-0.2867,2.5262,-0.4379,1.0254,0.6838,-2.957,-1.2478
0.4688,-2.1373,0.9967,0.8138,-1.0642,0.9028,-0.7904,0.7433,-0.4576,2.1905,-0.3584,1.0439,1.0996,-2.6963,-0.6139
0.3331,-2.1385,1.0348,0.7616,-0.7788,0.8988,-0.8701,0.1249,-1.2109,2.4033,-0.0094,0.9809,0.9152,-2.3361,-0.6188
0.0153,-1.8245,0.4701,0.4905,-0.3613,1.196,-0.8632,-0.4082,-1.0873,2.9787,0.0327,1.1825,1.2096,-1.5106,-1.9232
0.0966,-1.8228,-0.2437,0.3882,-0.5529,1.1493,-0.7496,-1.1517,-1.2244,2.7772,-0.7564,1.2782,1.6277,-1.5959,-1.0189
-0.1239,-2.344,-1.0683,0.6286,-0.6735,1.1667,-0.7253,-1.1204,-0.6551,3.1541,-1.6233,1.2245,1.6295,-0.6306,-0.8505
-0.0111,-2.9055,-1.2258,0.6807,-1.1382,0.579,-0.5243,-0.9416,0.0985,2.8698,-1.4669,0.4659,1.6467,-0.5639,-1.0495
0.1196,-2.7642,-1.6421,0.7084,-1.1817,0.7438,-0.7235,-0.3894,0.6166,2.7718,-1.7408,-0.165,1.6397,-0.6485,-1.7961
0.1611,-2.9754,-1.004,1.0233,-1.3366,0.7667,-0.8099,-0.3125,0.7065,2.0936,-1.7316,-0.4569,1.8579,-0.8652,-1.9121
0.1789,-2.7186,-0.4073,1.033,-1.2104,0.6987,-1.1419,-0.3275,0.0874,2.1062,-0.7791,-0.6011,1.2271,-1.055,-1.9426
-0.1211,-2.3728,-0.0498,0.7821,-1.1882,1.2,-1.1333,-0.7215,-0.2731,2.2007,1.2384,-0.4353,1.2156,-1.1161,-1.3237
-0.7457,-1.7752,-0.7786,0.7514,-1.2027,1.2634,-1.032,-1.8039,-1.0456,2.3013,0.3991,0.5446,1.3335,-1.0407,-0.6374
0.0351,-2.2214,-1.4602,0.6717,-1.0464,1.4754,-0.9788,-2.3824,-0.6079,2.069,-0.7151,0.6538,1.6857,-0.5683,-0.6562
-0.1862,-2.1803,-2.2984,0.8195,-1.1293,1.3408,-0.9921,-2.0494,-0.1781,2.5771,-0.5367,0.3436,1.8907,0.0311,-0.9258
0.072,-2.3244,-2.1655,0.5304,-1.2756,1.0219,-1.0458,-2.2547,0.5399,2.5717,-1.3535,0.4618,1.6472,0.0085,-1.3306
-0.1307,-2.581,-2.2275,0.5266,-1.447,0.6375,-1.2596,-1.8665,0.3365,2.3863,-1.8801,0.1129,1.816,0.3784,-1.6002
-0.605,-2.6718,-2.2705,0.6104,-1.392,0.9496,-1.3273,-1.9073,0.3778,2.3496,-1.5864,-0.379,1.6763,0.3727,-2.0132
-0.397,-3.1047,-2.7787,0.8762,-1.2697,0.619,-1.4555,-1.7915,1.3168,1.5353,-1.7341,-0.4473,1.7611,0.0925,-2.4936
0.2145,-3.0215,-2.1659,0.9887,-1.2767,0.4478,-1.6393,-1.4357,1.4018,1.5794,-2.0732,-0.5881,2.0607,-0.1437,-2.9538
-0.1716,-2.9101,-1.7471,0.742,-1.3437,0.8127,-1.7298,-0.9982,1.0245,1.5602,-2.0436,-0.9055,0.8924,-0.2537,-2.9769
0.3,-3.0415,-1.1179,0.8825,-1.3106,0.6171,-1.5316,-0.255,1.1661,1.2311,-1.5547,-1.2377,0.8892,-0.5066,-3.3552
0.235,-2.6721,-0.5598,0.6095,-0.9786,1.1465,-1.5636,-0.3663,0.7166,1.3808,-1.7373,-1.4662,1.0624,-1.3365,-3.3068
0.5033,-2.4655,0.2257,0.6359,-0.7747,1.1713,-1.4904,0.1065,0.3723,1.6246,-1.3578,-1.2282,1.1505,-1.5443,-3.0835
0.2305,-2.3063,0.0196,0.3831,-0.7973,1.1773,-1.0378,0.3533,-0.0929,1.7981,-1.1871,-1.1336,1.2945,-1.7064,-3.0356
0.1287,-2.165,-0.0667,0.9319,-1.1199,1.1415,-1.1197,0.3905,-0.0023,1.2463,-0.6003,-0.7841,1.284,-1.8521,-2.9586
0.1399,-2.064,0.0526,0.6751,-0.8139,0.9489,-1.1625,0.4766,-0.1695,1.0728,0.1299,-0.5165,1.4411,-2.0333,-2.7826
0.1409,-1.8377,0.0496,0.3456,-0.3823,1.3523,-1.1193,0.197,-0.5254,1.3138,-0.2281,-0.0939,1.3252,-2.2072,-2.8046
0.082,-1.8084,-0.4376,0.2837,-0.3568,1.3054,-1.01,0.1009,-0.3422,1.9345,-0.1762,0.0376,1.4348,-2.1485,-2.2446
0.8158,-1.8493,0.5492,0.1078,-0.3086,1.0831,-1.0738,0.2015,-0.0126,2.0915,-0.2832,0.2061,1.6655,-2.0405,-2.1737
0.7198,-1.6025,0.8091,0.3066,0.0987,0.8014,-1.1016,-0.1603,-0.4926,2.903,-0.3077,0.088,0.7639,-1.9393,-1.7688
0.3305,-1.8049,0.1166,0.3329,-0.2282,1.0774,-0.9329,0.3501,-0.6276,3.2375,0.5438,0.1602,0.9468,-2.0602,-1.0705
0.5551,-1.5721,0.7162,0.184,-0.6012,0.8681,-0.7946,0.1864,-0.72,3.1099,0.6287,0.3967,1.1022,-1.9149,-0.9136
0.0276,-1.3912,0.1883,-0.0473,-0.5676,1.2511,-0.6223,-0.3159,-1.0256,2.9077,0.0634,0.7664,1.4215,-1.4774,-0.8784
-0.5944,-1.7025,-0.1208,-0.1842,-0.1849,1.09,-0.6727,-0.6583,-0.404,2.7011,-0.2304,0.6496,1.664,-0.9138,-1.0897
-0.3524,-2.3138,-1.0016,-0.1953,-0.4472,1.1308,-0.7718,-1.1286,-0.3363,2.3956,-0.5169,1.152,1.8582,-0.7927,-1.396
-0.8781,-2.4344,-1.6734,0.1896,-0.8726,1.3973,-0.6528,-1.5211,-0.322,2.4892,-1.0095,0.6598,2.0911,-0.5391,-1.721
-0.2387,-2.6906,-2.1351,0.3335,-1.1811,1.3092,-1.0331,-1.5455,0.3097,2.0533,-1.6656,0.0886,2.3777,0.4357,-2.3224
-0.1356,-2.8936,-1.4447,0.7915,-0.9926,1.2748,-1.2299,-1.8345,0.751,1.7085,-1.3053,-0.8908,2.2327,0.2126,-3.0624
-0.0406,-2.8774,-1.7694,0.7625,-1.1368,0.6817,-1.136,-1.8607,0.7102,1.8387,-1.504,-1.007,2.3162,0.8746,-3.391
0.0976,-2.9003,-1.8833,0.683,-1.009,0.9361,-1.0731,-1.9407,0.8444,1.9032,-1.325,-1.0534,2.4395,0.3312,-3.3179
0.15,-2.696,-1.645,0.9246,-0.9185,0.5391,-1.1345,-1.851,1.1958,2.001,-0.8201,-0.8368,2.6047,0.082,-2.9504
-1.196,-2.5444,-1.914,0.7776,-0.7796,1.196,-1.0139,-2.265,0.8435,2.0551,-1.0555,-0.7841,2.558,0.2401,-2.7717
-0.492,-3.1139,-2.2835,0.7795,-0.8123,1.4589,-0.9051,-2.4729,0.6871,1.4559,-1.3846,-0.8289,2.7814,-0.0799,-2.6754
-0.0374,-3.2263,-1.5789,0.7428,-0.8948,1.1837,-1.0538,-2.0804,1.2004,1.8988,-2.0277,-1.1547,2.3443,0.1196,-3.0554
0.1224,-3.1598,-1.4829,1.029,-0.791,1.3794,-1.0001,-1.6905,1.1255,2.1289,-1.9312,-1.5696,2.3765,0.2789,-2.7905
0.3223,-2.9988,-1.4416,0.6386,-0.8231,1.0855,-1.0148,-1.6178,1.2632,2.2657,-1.2209,-1.3594,2.0906,0.3408,-2.4479
0.1562,-2.6548,-1.2247,0.9942,-1.1207,0.5128,-0.931,-1.4423,1.0959,2.3339,-0.8102,-1.079,2.1464,-0.2163,-2.0635
-0.5142,-2.4726,-1.4172,0.7069,-0.8915,0.9329,-1.0407,-1.5991,0.6297,2.0825,-1.1819,-0.9836,2.1149,-0.3206,-2.3892
0.1921,-2.7556,-1.5913,0.8662,-1.0504,1.2059,-1.0843,-1.1465,0.8625,1.6522,-0.8098,-0.9427,2.017,-0.1282,-2.4483
0.3863,-2.637,-1.1812,0.8815,-0.8717,0.8829,-1.0571,-1.1914,0.6511,1.8243,-1.1633,-1.2296,1.8541,-0.4186,-3.3099
0.6027,-2.5241,-0.8838,0.8392,-0.6726,0.3974,-0.8692,-0.7938,1.0759,1.7464,-0.8269,-0.9906,1.769,-0.2327,-3.5273
0.5304,-2.3282,0.0854,0.6241,-0.6459,0.6204,-1.0454,-0.8985,0.4321,2.1069,-0.2451,-0.9408,1.8426,-0.4022,-3.0815
0.3066,-1.9485,-0.4148,0.5545,-0.4931,0.0642,-1.1732,-1.117,-0.3339,2.2108,-0.2014,-0.5347,1.8399,-0.7325,-2.1964
0.1397,-1.606,-1.2586,0.6477,-0.3908,0.4431,-1.0784,-0.7347,0.2948,2.4308,-0.77,-0.3738,1.5889,-0.4831,-1.8444
0.0658,-2.146,-0.5639,0.5582,-0.6704,0.2455,-1.068,-1.2581,0.4414,2.2462,-0.9525,-0.4165,1.985,-0.8411,-1.8688
-0.0389,-2.2815,-0.9773,0.1619,-0.1668,0.3413,-1.2922,-0.7901,0.4953,2.4657,-0.8249,-0.6876,1.7036,-0.6063,-2.0406
0.2586,-2.1831,-0.6914,0.4193,-0.2522,0.5102,-1.3901,-0.632,0.4276,2.6219,-0.6025,-0.8434,1.4328,-0.7331,-1.7278
0.3138,-2.1272,-0.5392,0.4203,-0.2851,0.7245,-1.2093,-0.5676,0.6105,2.5585,-0.651,-0.5868,1.4691,-1.1032,-1.4044
-0.2211,-1.9577,-0.6355,0.6089,-0.4588,1.1439,-1.0716,-0.5936,0.3899,2.6196,-0.6982,-0.2944,1.4274,-1.1889,-1.6127
-0.1023,-2.4713,-0.8125,0.5393,-0.6072,1.1719,-1.0001,-0.6781,0.1788,2.2437,-0.8066,-0.4424,1.6164,-0.9959,-1.8354
-0.0506,-2.2859,-1.1248,0.666,-1.0179,0.9593,-1.1211,-0.5649,0.0306,2.1711,-0.8911,-0.6579,1.4963,-0.7299,-2.0943
0.0607,-2.2419,-0.8889,0.5544,-0.8822,0.872,-1.2811,-0.3281,0.3394,1.8348,-0.6352,-0.7046,1.3773,-0.5907,-2.0835
0.0332,-2.2565,-0.4684,0.6509,-0.7052,0.6926,-1.4781,-0.4728,0.3507,1.8561,-0.4041,-1.1445,1.4123,-0.7233,-2.3246
-0.0399,-1.9799,-0.3342,0.6201,-0.4321,1.0537,-1.4472,-0.6731,0.3315,1.9463,-0.5798,-0.8413,0.99,-0.9219,-2.1525
0.0709,-2.2017,-0.2196,0.6567,-0.1895,1.2882,-1.5172,-0.8261,-0.0971,1.9714,-0.3099,-1.2015,1.2485,-1.0969,-2.0455
-0.1447,-2.426,-0.5534,0.6981,-0.0599,1.697,-1.5022,-1.5454,-0.0713,2.2665,-0.03,-1.1599,1.5705,-0.9229,-1.5694
0.008,-2.3964,-0.5768,0.7952,-0.3377,1.3543,-1.3989,-1.4985,-0.1105,2.5726,-0.3622,-0.8087,1.4917,-0.9447,-2.3355
-0.044,-2.1751,-0.8697,0.867,-0.3404,1.5113,-1.3616,-1.0648,0.4143,2.8865,-0.5377,-0.646,1.6057,-0.3541,-1.3846
-0.0088,-2.2016,-1.289,0.7047,-0.5633,1.5761,-1.2847,-0.7831,0.4158,2.6154,-0.9012,-0.5764,2.0973,-0.7747,-1.5987
0.0052,-2.2851,-0.8513,0.8124,-0.9825,1.4355,-1.5101,-1.0166,0.4738,2.1265,-0.9268,-0.709,2.0993,-0.9012,-1.8405
-0.1077,-2.2625,-0.4782,0.7299,-0.954,1.3206,-1.482,-1.0183,0.4363,1.861,-0.3099,-0.9227,1.581,-0.5961,-1.8961
-0.0115,-2.3887,-0.5912,1.0072,-0.7725,1.248,-1.9214,-1.1123,0.4009,1.838,-0.214,-0.5623,1.5111,-0.392,-1.7028
-0.0996,-2.2482,-0.8976,0.864,-0.88,1.3508,-2.0564,-1.353,0.1721,1.8825,-0.0266,-0.4092,1.4728,-0.7219,-1.5145
-0.0493,-2.169,-0.9251,0.7022,-0.7265,1.1715,-1.9165,-1.6067,0.3172,1.7323,-0.2478,-0.2583,1.3791,-0.7645,-1.5716
0.0616,-2.2622,-0.9635,0.7583,-0.5199,0.8164,-1.7407,-1.3274,0.7154,1.9626,-0.5035,-0.3963,1.5914,-0.3236,-1.8871
-0.1097,-2.3036,-0.7501,0.6046,-0.4898,1.155,-1.6747,-1.6257,0.4417,2.0722,-0.8089,-0.3954,1.3435,-0.5197,-2.1907
0.3523,-2.3412,-0.8259,0.6671,-1.4652,1.3062,-1.4704,-1.2586,0.6675,1.5553,-0.9657,-0.6092,1.3599,-0.4027,-2.9173
-0.094,-2.2377,-0.4052,0.6754,-0.8719,0.944,-1.6371,-0.9713,0.8149,1.2523,-0.7084,-0.8583,1.4344,-0.451,-3.1609
0.04,-2.1277,-0.1846,0.7482,-0.6909,0.7825,-1.8444,-1.0271,0.5131,1.095,-0.7057,-0.474,1.3183,-0.8088,-3.4837
-0.2679,-2.0377,-0.705,0.7308,-0.5752,1.1188,-1.7767,-1.179,0.45,1.1074,-0.8623,-0.6993,1.0718,-0.87,-3.0326
-0.248,-2.3491,-1.2415,0.8181,-0.4638,0.8151,-1.6633,-1.0241,0.6026,1.0927,-0.7903,-0.8796,1.0547,-0.9302,-3.1609
0.3188,-2.3566,-0.8054,0.8138,-0.5941,0.5388,-1.7127,-0.5949,0.71,1.2686,-0.7941,-0.9442,1.1468,-1.1275,-3.2179
0.5124,-2.1257,-0.3109,0.4662,-0.4858,0.5687,-1.6891,-0.1522,0.7372,1.3911,-0.5986,-1.021,1.034,-2.4339,-2.9279
0.5284,-2.0144,-0.2761,0.3708,-0.4463,0.352,-1.66,0.5898,0.5147,1.4245,-0.906,-0.536,0.6684,-2.2112,-3.0705
0.2269,-1.9638,0.7077,0.5662,-0.1734,0.983,-1.3552,0.6865,-0.2987,1.5188,0.2505,-0.6279,0.3946,-2.5122,-2.2549
-0.3516,-1.6167,0.4573,0.3575,0.0986,1.2444,-1.2014,0.5589,-0.5032,1.9173,0.3492,-0.3488,0.2557,-1.8502,-1.8617
-0.1531,-1.9601,0.5826,0.4391,0.0764,1.2612,-1.1974,0.7681,-0.6286,2.0631,0.404,0.0084,0.6232,-1.7595,-2.4522
-0.679,-1.6772,0.2218,0.4195,0.0522,1.1087,-1.0612,0.0769,-0.9421,2.0512,0.1248,-0.3919,0.9391,-1.7955,-1.7536
0.283,-1.9128,0.4082,0.3875,0.241,0.7077,-0.9645,0.1201,-0.8066,2.1866,-0.1736,-0.5184,0.9759,-1.9756,-1.7591
0.0043,-1.9185,0.1018,0.3235,0.3269,0.93,-0.8228,0.0881,-0.7836,2.8941,-0.7947,-0.3498,1.3049,-1.8301,-1.4957
0.1295,-2.1942,0.2416,0.1967,-0.1066,0.839,-0.8353,0.4564,-0.512,2.8903,-0.7382,-0.3447,0.9888,-0.9309,-1.2433
-0.0612,-2.1671,0.4532,0.8204,-0.6604,0.9988,-0.8311,0.0855,-0.5496,2.5094,0.3651,-0.8458,1.0221,-0.9928,-0.9184
-0.4192,-1.8629,0.2936,0.4216,-0.6138,0.609,-1.064,-0.2466,-0.7938,2.2848,0.4593,-0.5535,1.2305,-0.9454,-0.6033
0.0168,-1.6889,0.0683,0.3253,-0.3502,0.8916,-1.0486,-0.7738,-0.8594,2.1566,-0.2736,-0.1059,1.1353,-0.7103,-1.24
-0.5011,-1.4189,-0.4212,0.1496,-0.1148,1.4267,-1.0741,-1.1395,-0.5235,2.4809,-0.595,-0.2813,1.4173,-0.8934,-1.5137
-0.3822,-1.9124,-0.7381,-0.0316,-0.256,1.5697,-1.1894,-0.8871,-0.2663,2.1545,-0.3942,-0.6986,1.1842,-0.3209,-1.9802
-0.1824,-1.7095,-0.2972,0.0886,-0.2369,1.2513,-1.0788,-1.1791,0.0894,2.1639,-0.7699,-0.8389,1.0241,-0.5521,-1.9261
-0.07,-1.9845,-0.3421,0.1711,-0.6084,1.3196,-0.8067,-1.2011,-0.4237,2.1272,-0.693,-0.8822,1.3348,-1.0405,-1.8699
-0.2267,-2.1058,-0.2869,0.2354,-0.5683,1.4154,-0.8792,-0.9174,-0.4857,2.2083,-0.4707,-0.6866,1.5644,-0.4334,-1.6589
0.1331,-2.2538,-0.9325,0.3601,-0.5736,1.1974,-0.8328,-1.3274,0.1019,2.1975,-0.9597,-0.681,2.0117,-0.1269,-1.9932
0.0608,-2.0978,-1.2266,0.563,-0.8252,0.1551,-1.1181,-0.9851,0.1794,2.0874,-0.7854,-0.8322,1.8736,0.3707,-1.8177
-0.0107,-2.3787,-0.7531,0.3743,-0.9281,0.4662,-1.0593,-1.1762,0.3825,1.8213,-0.813,-1.0851,1.6826,0.004,-1.8832
-0.1263,-2.3847,-0.5887,0.7955,-0.7702,0.9249,-1.1907,-0.9962,0.1082,1.8716,-0.6813,-1.3186,1.5682,0.1817,-1.666
-0.014,-2.3643,-0.641,0.8054,-0.5069,1.3017,-1.194,-1.3081,-0.2,1.8842,-0.2547,-1.39,1.6079,0.4018,-1.7546
0.0667,-2.3216,-0.7827,0.5926,-0.8468,0.6218,-1.3927,-1.3321,-0.1356,2.064,-0.5521,-1.0718,1.5905,0.7049,-1.9601
-0.1681,-2.2185,-0.7015,0.834,-0.7842,0.9031,-1.1423,-1.5187,-0.0218,1.9611,-1.1452,-1.1283,1.5189,0.7202,-1.8708
-0.3317,-2.4522,-1.0943,0.7668,-0.4759,1.2152,-1.2575,-1.3646,0.1931,1.9047,-0.8018,-0.9046,1.2873,0.6129,-2.0189
-0.2982,-2.236,-1.1591,0.789,-0.4281,1.2618,-1.1895,-1.9339,-0.2715,2.1163,-0.8378,-0.7679,1.6573,0.3073,-2.1011
-0.4844,-2.4695,-1.2007,1.1366,-0.6674,1.6819,-1.13,-1.7941,-0.0647,2.251,-0.8295,-0.9059,2.0302,0.2538,-1.9174
-0.1935,-2.3276,-1.0466,0.9061,-0.6141,1.4504,-1.0789,-2.0783,-0.1237,2.1786,-0.5751,-1.4267,1.7577,0.0559,-1.5923
-0.0642,-2.4152,-1.1541,0.7626,-0.7593,1.2976,-1.3197,-1.9709,0.0019,2.3265,-0.9397,-1.2851,1.5575,0.3539,-1.6511
0.0678,-2.5378,-0.6002,1.0079,-0.8007,1.0114,-1.2214,-1.6138,0.043,2.1422,-0.34,-1.3057,1.63,0.3863,-1.8153
-0.0925,-2.4745,-0.836,0.9237,-0.7765,1.2104,-1.2082,-2.012,-0.3149,2.0894,-0.5164,-1.1075,1.0652,0.428,-1.9726
-0.1956,-2.5206,-0.8506,0.7066,-0.8316,1.3439,-1.2726,-1.41,-0.2202,2.1589,-0.3328,-1.1502,1.2223,0.339,-1.9094
-0.1335,-2.3474,-0.9311,0.2207,-0.6554,1.3666,-1.2188,-1.1823,0.0813,2.0103,-1.1006,-0.9995,1.0823,0.7679,-1.9878
-0.1498,-2.4361,-0.8596,0.5016,-0.8534,1.1044,-1.0942,-1.3183,0.1516,2.1379,-0.5393,-1.2229,1.1309,0.5128,-1.7476
0.2563,-2.3091,-0.3462,0.4338,-0.7938,0.835,-1.0237,-1.2892,0.0802,1.9996,-0.5772,-1.2545,1.0812,-0.0249,-1.4232
-0.1825,-2.2359,-0.2451,0.3197,-0.6911,0.9879,-1.0704,-0.839,-0.0335,2.5601,-0.5794,-1.1945,1.1923,0.1494,-1.2731
-0.5901,-2.238,-0.9233,0.4873,-1.0499,1.373,-1.1711,-1.0488,-0.2353,2.036,-1.2027,-0.9554,1.3414,0.427,-1.5941
-0.0673,-2.2719,-1.0382,0.4945,-1.0685,0.7217,-1.2125,-0.7579,-0.071,1.4245,-1.0269,-1.372,1.3495,0.4469,-2.0604
-0.1406,-2.4357,-1.1063,0.6341,-1.1709,0.8287,-1.1993,-0.9953,-0.4095,1.3253,-0.8234,-1.5568,1.4935,0.4193,-2.6986
-0.0928,-2.5988,-0.9686,0.6952,-0.9692,0.8984,-1.0597,-0.9905,-0.2404,1.4668,-0.8108,-1.6804,1.8423,0.3607,-2.7814
-0.1633,-2.6449,-0.8752,0.3971,-1.0971,0.8368,-1.3588,-0.9957,-1.0356,1.6147,-1.277,-1.4569,1.5517,0.1025,-2.9964
0.2069,-2.658,-0.9005,0.5677,-0.4806,0.6494,-1.2198,-0.6496,-0.1662,1.5884,-0.7696,-1.4575,1.4311,0.4055,-3.4124
-0.3081,-2.6723,-0.4452,0.6433,-0.6285,0.9248,-0.9089,-0.9171,-0.0357,1.8747,-1.4827,-1.291,1.4564,-0.3129,-2.9368
